run,arm,event_local,direction,left_index,right_index,target_index,left_time_s,right_time_s,target_time_s,pred_time_s,duration_s,target_phase,signed_phase_offset,error_plain,flow_fraction,event_id
double1,1,0,increasing,521,1174,994,0.520999999999999,1.1739999999999995,0.9939999999999998,0.8474999999999993,0.6530000000000005,0.7243491577335375,0.22434915773353747,0.22434915773353753,0.10280634429168015,0
double1,1,1,decreasing,1174,1737,1345,1.1739999999999995,1.737,1.3449999999999989,1.4554999999999998,0.5630000000000006,0.3037300177619893,-0.19626998223801068,0.19626998223801065,0.46641266074625265,1
double1,1,2,increasing,1737,2378,2199,1.737,2.378,2.199,2.0575,0.641,0.7207488299531981,0.2207488299531981,0.22074882995319814,0.030548093991394146,2
double1,1,3,decreasing,2378,2944,2547,2.378,2.943999999999999,2.546999999999999,2.6609999999999996,0.565999999999999,0.29858657243816256,-0.20141342756183744,0.20141342756183744,0.42997465145754116,3
double1,1,4,increasing,2944,3592,3399,2.943999999999999,3.5920000000000005,3.398999999999999,3.267999999999999,0.6480000000000015,0.7021604938271605,0.2021604938271605,0.2021604938271605,0.041648656207887304,4
double1,1,5,decreasing,3592,4138,3766,3.5920000000000005,4.138,3.766,3.865,0.5459999999999994,0.31868131868131866,-0.18131868131868134,0.1813186813186813,0.49924242424242427,5
double1,1,6,increasing,4138,4820,4609,4.138,4.82,4.609,4.478999999999999,0.6820000000000004,0.6906158357771262,0.19061583577712615,0.1906158357771261,0.2059975383238223,6
double1,1,7,decreasing,4820,5319,4989,4.82,5.318999999999999,4.988999999999999,5.0695,0.4989999999999988,0.33867735470941884,-0.16132264529058116,0.16132264529058116,0.6725270816866188,7
double1,1,8,increasing,5319,6046,5820,5.318999999999999,6.046000000000001,5.82,5.6825,0.7270000000000021,0.6891334250343879,0.1891334250343879,0.1891334250343879,0.4239411397744793,8
double1,1,9,decreasing,6046,6486,6223,6.046000000000001,6.485999999999999,6.223000000000001,6.266,0.4399999999999977,0.4022727272727273,-0.09772727272727272,0.09772727272727273,0.899747793190416,9
double1,1,10,increasing,6486,7250,7019,6.485999999999999,7.249999999999998,7.019,6.868,0.7639999999999993,0.6976439790575916,0.19764397905759157,0.19764397905759162,0.7064783543137857,10
double1,1,11,decreasing,7250,7663,7438,7.249999999999998,7.6629999999999985,7.438000000000001,7.4565,0.41300000000000026,0.4552058111380145,-0.044794188861985496,0.044794188861985475,0.9679522515403245,11
double1,1,12,increasing,7663,8440,8219,7.6629999999999985,8.44,8.219,8.0515,0.777000000000001,0.7155727155727156,0.21557271557271562,0.21557271557271557,0.7521725864611163,12
double1,1,13,decreasing,8440,8848,8635,8.44,8.848,8.635,8.644,0.40800000000000125,0.47794117647058826,-0.022058823529411742,0.022058823529411766,0.9779507133592739,13
double1,1,14,increasing,8848,9619,9405,8.848,9.619000000000002,9.405,9.2335,0.7710000000000008,0.7224383916990921,0.22243839169909208,0.22243839169909208,0.6853678634443628,14
double1,1,15,decreasing,9619,10026,9792,9.619000000000002,10.026000000000002,9.792,9.8225,0.40700000000000003,0.4250614250614251,-0.07493857493857492,0.07493857493857493,0.9644930275199846,15
double1,1,16,increasing,10026,10790,10574,10.026000000000002,10.790000000000001,10.574,10.408,0.7639999999999993,0.7172774869109948,0.2172774869109948,0.21727748691099477,0.6057866184448463,16
double1,1,17,decreasing,10790,11188,10960,10.790000000000001,11.188,10.959999999999999,10.988999999999999,0.3979999999999997,0.4271356783919598,-0.07286432160804018,0.0728643216080402,0.9415094339622643,17
double1,1,18,increasing,11188,11959,11751,11.188,11.959000000000001,11.751,11.5735,0.7710000000000008,0.7302204928664072,0.23022049286640722,0.23022049286640725,0.556821147778943,18
double1,1,19,decreasing,11959,12319,12121,11.959000000000001,12.319,12.121,12.139000000000001,0.35999999999999943,0.45,-0.04999999999999999,0.05,0.9772423025435074,19
double1,1,20,increasing,12319,13132,12949,12.319,13.132,12.949,12.7255,0.8129999999999988,0.7749077490774908,0.2749077490774908,0.27490774907749077,0.4109124802953126,20
double1,1,21,decreasing,13132,13475,13301,13.132,13.475,13.301,13.3035,0.34299999999999997,0.49271137026239065,-0.007288629737609353,0.007288629737609329,0.9792050277687881,21
double1,1,22,increasing,13475,14310,14109,13.475,14.31,14.109,13.8925,0.8350000000000009,0.7592814371257485,0.25928143712574847,0.2592814371257485,0.46558874881715534,22
double1,1,23,decreasing,14310,14648,14476,14.31,14.648000000000001,14.476,14.479000000000001,0.33800000000000097,0.4911242603550296,-0.008875739644970404,0.008875739644970414,0.9944521497919558,23
double1,1,24,increasing,14648,15489,15291,14.648000000000001,15.488999999999999,15.290999999999999,15.0685,0.8409999999999975,0.7645659928656362,0.2645659928656362,0.26456599286563615,0.6824306213683313,24
double1,1,25,decreasing,15489,15825,15650,15.488999999999999,15.825000000000001,15.65,15.656999999999998,0.3360000000000021,0.4791666666666667,-0.020833333333333315,0.020833333333333332,0.9868875086266388,25
double1,1,26,increasing,15825,16664,16449,15.825000000000001,16.664,16.448999999999998,16.2445,0.8390000000000004,0.7437425506555423,0.2437425506555423,0.24374255065554232,0.9140610936093609,26
double1,1,27,decreasing,16664,17000,16831,16.664,17.0,16.831000000000003,16.832,0.3359999999999985,0.49702380952380953,-0.0029761904761904656,0.002976190476190476,0.9911141490088857,27
double1,1,28,increasing,17000,17829,17415,17.0,17.829,17.415,17.4145,0.8290000000000006,0.5006031363088058,0.0006031363088058184,0.0006031363088057901,0.9952541334966322,28
double1,1,29,decreasing,17829,18165,18001,17.829,18.165,18.000999999999998,17.997,0.3359999999999985,0.5119047619047619,0.011904761904761862,0.011904761904761904,0.979591836734694,29
double1,1,30,increasing,18165,18980,18376,18.165,18.979999999999997,18.375999999999998,18.5725,0.8149999999999977,0.2588957055214724,-0.2411042944785276,0.2411042944785276,0.927668623754411,30
double1,1,31,decreasing,18980,19317,19145,18.979999999999997,19.317,19.145000000000003,19.148500000000002,0.3370000000000033,0.4896142433234421,-0.010385756676557889,0.010385756676557863,0.9906265784042522,31
double1,1,32,increasing,19317,20120,19917,19.317,20.119999999999997,19.917,19.718500000000002,0.8029999999999973,0.7471980074719801,0.24719800747198006,0.24719800747198006,0.8403967906466783,32
double1,1,33,decreasing,20120,20458,20285,20.119999999999997,20.458,20.284999999999997,20.289,0.33800000000000097,0.4881656804733728,-0.011834319526627224,0.011834319526627219,0.9955555555555556,33
double1,1,34,increasing,20458,21254,21081,20.458,21.253999999999998,21.081000000000003,20.856,0.7959999999999994,0.7826633165829145,0.28266331658291455,0.28266331658291455,0.731157548720357,34
double1,1,35,decreasing,21254,21591,21420,21.253999999999998,21.591,21.42,21.4225,0.3370000000000033,0.49258160237388726,-0.007418397626112738,0.00741839762611276,0.9953352368023268,35
double1,1,36,increasing,21591,22386,22222,21.591,22.385999999999996,22.222,21.9885,0.7949999999999946,0.7937106918238994,0.2937106918238994,0.29371069182389936,0.6242918684580203,36
double1,1,37,decreasing,22386,22720,22550,22.385999999999996,22.72,22.549999999999997,22.552999999999997,0.3340000000000032,0.49101796407185627,-0.008982035928143728,0.008982035928143712,0.9901900674432863,37
double1,1,38,increasing,22720,23520,23363,22.72,23.519999999999996,23.363,23.119999999999997,0.7999999999999972,0.80375,0.30374999999999996,0.30375,0.5527720739219713,38
double1,1,39,decreasing,23520,23852,23682,23.519999999999996,23.851999999999997,23.681999999999995,23.686,0.33200000000000074,0.4879518072289157,-0.01204819277108432,0.012048192771084338,0.9812462189957655,39
double1,1,40,increasing,23852,24656,24511,23.851999999999997,24.656,24.510999999999996,24.253999999999998,0.804000000000002,0.8196517412935324,0.31965174129353235,0.31965174129353235,0.5284900284900285,40
double1,1,41,decreasing,24656,24986,24809,24.656,24.985999999999997,24.808999999999997,24.820999999999998,0.3299999999999983,0.4636363636363636,-0.036363636363636376,0.03636363636363636,0.9866828087167068,41
double1,1,42,increasing,24986,25794,25656,24.985999999999997,25.793999999999997,25.656,25.39,0.8079999999999998,0.8292079207920792,0.32920792079207917,0.3292079207920792,0.5452618189527241,42
double1,1,43,decreasing,25794,26124,25952,25.793999999999997,26.123999999999995,25.951999999999998,25.958999999999996,0.3299999999999983,0.47878787878787876,-0.021212121212121238,0.021212121212121213,0.9890444309190505,43
double1,1,44,increasing,26124,26932,26813,26.123999999999995,26.931999999999995,26.812999999999995,26.528,0.8079999999999998,0.8527227722772277,0.3527227722772277,0.3527227722772277,0.5922484134179511,44
double1,1,45,decreasing,26932,27262,27090,26.931999999999995,27.262,27.089999999999996,27.097,0.3300000000000054,0.47878787878787876,-0.021212121212121238,0.021212121212121213,0.9921259842519684,45
double1,1,46,increasing,27262,28071,27940,27.262,28.070999999999998,27.939999999999998,27.6665,0.8089999999999975,0.8380716934487021,0.33807169344870214,0.3380716934487021,0.6431381239392087,46
double1,1,47,decreasing,28071,28399,28236,28.070999999999998,28.399,28.235999999999997,28.235,0.32800000000000296,0.5030487804878049,0.0030487804878048808,0.003048780487804878,0.9885954381752698,47
double1,1,48,increasing,28399,29206,29089,28.399,29.205999999999996,29.089,28.8025,0.806999999999995,0.8550185873605948,0.3550185873605948,0.3550185873605948,0.6833235918278728,48
double1,1,49,decreasing,29206,29534,29371,29.205999999999996,29.534,29.370999999999995,29.369999999999997,0.32800000000000296,0.5030487804878049,0.0030487804878048808,0.003048780487804878,0.980058651026393,49
double1,1,50,increasing,29534,30338,30216,29.534,30.338,30.216,29.936,0.804000000000002,0.8482587064676617,0.34825870646766166,0.3482587064676617,0.712815486400392,50
double1,1,51,decreasing,30338,30666,30494,30.338,30.665999999999997,30.494,30.501999999999995,0.32799999999999585,0.47560975609756095,-0.024390243902439046,0.024390243902439025,0.9896013864818025,51
double1,1,52,increasing,30666,31465,31352,30.665999999999997,31.464999999999996,31.351999999999997,31.065499999999997,0.7989999999999995,0.8585732165206508,0.3585732165206508,0.35857321652065083,0.7063214516946926,52
double1,1,53,decreasing,31465,31793,31623,31.464999999999996,31.793,31.622999999999998,31.628999999999998,0.32800000000000296,0.4817073170731707,-0.018292682926829285,0.018292682926829267,1.0,53
double1,1,54,increasing,31793,32588,32469,31.793,32.588,32.469,32.1905,0.7950000000000017,0.8503144654088051,0.35031446540880506,0.350314465408805,0.680046175907491,54
double1,1,55,decreasing,32588,32914,32745,32.588,32.914,32.745,32.751,0.3260000000000005,0.4815950920245399,-0.018404907975460127,0.018404907975460124,0.9922005571030641,55
double1,1,56,increasing,32914,33706,33591,32.914,33.705999999999996,33.591,33.309999999999995,0.7919999999999945,0.8547979797979798,0.3547979797979798,0.3547979797979798,0.6445901639344263,56
double1,1,57,decreasing,33706,34032,33870,33.705999999999996,34.032,33.87,33.869,0.3260000000000005,0.5030674846625767,0.0030674846625766694,0.003067484662576687,0.9967320261437908,57
double1,1,58,increasing,34032,34820,34703,34.032,34.82,34.702999999999996,34.426,0.7880000000000038,0.8515228426395939,0.3515228426395939,0.35152284263959394,0.6003764115432874,58
double1,1,59,decreasing,34820,35145,34982,34.82,35.144999999999996,34.982,34.9825,0.32499999999999574,0.49846153846153846,-0.001538461538461544,0.0015384615384615385,0.9942044257112751,59
double1,1,60,increasing,35145,35931,35808,35.144999999999996,35.931,35.808,35.538,0.7860000000000014,0.8435114503816794,0.3435114503816794,0.3435114503816794,0.5585439838220424,60
double1,1,61,decreasing,35931,36255,36082,35.931,36.254999999999995,36.082,36.092999999999996,0.32399999999999807,0.4660493827160494,-0.0339506172839506,0.033950617283950615,0.9851889683350358,61
double1,1,62,increasing,36255,37039,36911,36.254999999999995,37.039,36.911,36.647,0.784000000000006,0.8367346938775511,0.33673469387755106,0.336734693877551,0.5108674745143299,62
double1,1,63,decreasing,37039,37363,37198,37.039,37.363,37.198,37.201,0.32399999999999807,0.49074074074074076,-0.009259259259259245,0.009259259259259259,0.9930104842735896,63
double1,1,64,increasing,37363,38145,38008,37.363,38.144999999999996,38.007999999999996,37.754,0.7819999999999965,0.8248081841432225,0.32480818414322254,0.3248081841432225,0.4704246245132579,64
double1,1,65,decreasing,38145,38466,38297,38.144999999999996,38.466,38.297,38.305499999999995,0.32100000000000506,0.4735202492211838,-0.026479750778816202,0.0264797507788162,0.9863029633954965,65
double1,1,66,increasing,38466,39247,39104,38.466,39.247,39.104,38.8565,0.7809999999999988,0.8169014084507042,0.31690140845070425,0.31690140845070425,0.4327811823225142,66
double1,1,67,decreasing,39247,39567,39396,39.247,39.567,39.396,39.407,0.3200000000000003,0.465625,-0.03437499999999999,0.034375,0.975303098338572,67
double1,1,68,increasing,39567,40346,40204,39.567,40.346,40.204,39.9565,0.7789999999999964,0.8177150192554558,0.31771501925545576,0.3177150192554557,0.39537135249061184,68
double1,1,69,decreasing,40346,41120,40486,40.346,41.12,40.486,40.733,0.7740000000000009,0.18087855297157623,-0.31912144702842377,0.31912144702842377,0.376577728071577,69
double1,1,70,increasing,41120,41438,41290,41.12,41.437999999999995,41.29,41.278999999999996,0.31799999999999784,0.5345911949685535,0.03459119496855345,0.03459119496855346,0.980720871751886,70
double1,1,71,decreasing,41438,42201,41579,41.437999999999995,42.201,41.579,41.8195,0.7630000000000052,0.18479685452162517,-0.3152031454783748,0.31520314547837486,0.375366323627152,71
double1,1,72,increasing,42201,42523,42368,42.201,42.522999999999996,42.368,42.362,0.3219999999999956,0.5186335403726708,0.018633540372670843,0.018633540372670808,0.9935705100728677,72
double1,1,73,decreasing,42523,43273,42649,42.522999999999996,43.272999999999996,42.649,42.897999999999996,0.75,0.168,-0.33199999999999996,0.332,0.39810246679316885,73
double1,1,74,increasing,43273,43599,43425,43.272999999999996,43.599,43.425,43.436,0.3260000000000005,0.4662576687116564,-0.033742331288343586,0.03374233128834356,0.9928390901432184,74
double1,1,75,decreasing,43599,44340,44209,43.599,44.339999999999996,44.208999999999996,43.9695,0.7409999999999997,0.8232118758434548,0.3232118758434548,0.3232118758434548,0.4485102357855201,75
double1,1,76,increasing,44340,44668,44506,44.339999999999996,44.668,44.506,44.504,0.32800000000000296,0.5060975609756098,0.0060975609756097615,0.006097560975609756,0.9926769731489017,76
double1,1,77,decreasing,44668,45407,45263,44.668,45.407,45.263,45.037499999999994,0.7389999999999972,0.8051420838971584,0.30514208389715836,0.3051420838971583,0.31921616373342515,77
double1,1,78,increasing,45407,45731,45554,45.407,45.731,45.554,45.568999999999996,0.3240000000000052,0.4537037037037037,-0.04629629629629628,0.046296296296296294,0.9802533532041731,78
double1,1,79,decreasing,45731,46473,46324,45.731,46.473,46.324,46.102,0.7419999999999973,0.7991913746630728,0.2991913746630728,0.2991913746630728,0.25419621218921107,79
double1,1,80,increasing,46473,47206,46613,46.473,47.205999999999996,46.613,46.8395,0.732999999999997,0.19099590723055934,-0.30900409276944063,0.30900409276944063,0.23813536887296438,80
double1,1,81,decreasing,47206,47536,47376,47.205999999999996,47.536,47.376,47.371,0.3300000000000054,0.5151515151515151,0.015151515151515138,0.015151515151515152,0.9948998178506375,81
double1,1,82,increasing,47536,48257,47668,47.536,48.257,47.668,47.8965,0.7209999999999965,0.18307905686546463,-0.31692094313453534,0.3169209431345354,0.26085318692481374,82
double1,1,83,decreasing,48257,48593,48421,48.257,48.592999999999996,48.421,48.425,0.3359999999999985,0.4880952380952381,-0.011904761904761918,0.011904761904761904,0.9975026757046023,83
double1,1,84,increasing,48593,49310,49167,48.592999999999996,49.31,49.167,48.951499999999996,0.7170000000000059,0.800557880055788,0.300557880055788,0.300557880055788,0.1940564993056663,84
double1,1,85,decreasing,49310,49644,49460,49.31,49.644,49.46,49.477,0.3339999999999961,0.4491017964071856,-0.050898203592814384,0.05089820359281437,0.9829197550757333,85
double1,1,86,increasing,49644,50364,50213,49.644,50.364,50.213,50.004,0.7199999999999989,0.7902777777777777,0.29027777777777775,0.2902777777777778,0.12820614943444322,86
double1,1,87,decreasing,50364,51072,50508,50.364,51.071999999999996,50.507999999999996,50.717999999999996,0.7079999999999984,0.2033898305084746,-0.2966101694915254,0.2966101694915254,0.10923295867096511,87
double1,1,88,increasing,51072,51417,51246,51.071999999999996,51.417,51.246,51.2445,0.34500000000000597,0.5043478260869565,0.004347826086956497,0.004347826086956522,0.9892699851268013,88
double1,1,89,decreasing,51417,52117,51980,51.417,52.117,51.98,51.766999999999996,0.6999999999999957,0.8042857142857143,0.30428571428571427,0.30428571428571427,0.09544651769945484,89
double1,1,90,increasing,52117,52466,52283,52.117,52.466,52.283,52.2915,0.34900000000000375,0.47564469914040114,-0.02435530085959886,0.024355300859598854,0.983345423023707,90
double1,1,91,decreasing,52466,53166,53009,52.466,53.166,53.009,52.816,0.6999999999999957,0.7757142857142857,0.2757142857142857,0.2757142857142857,0.029775663879769,91
double1,1,92,increasing,53166,53859,53311,53.166,53.859,53.311,53.5125,0.693000000000005,0.20923520923520925,-0.2907647907647908,0.2907647907647908,0.02447061432143781,92
double1,1,93,decreasing,53859,54216,54047,53.859,54.216,54.047000000000004,54.0375,0.3569999999999993,0.5266106442577031,0.026610644257703098,0.02661064425770308,0.9928401150337087,93
double1,1,94,increasing,54216,54902,54762,54.216,54.901999999999994,54.76199999999999,54.559000000000005,0.6859999999999928,0.7959183673469388,0.29591836734693877,0.29591836734693877,0.053798263240993245,94
double1,1,95,decreasing,54902,55270,55072,54.901999999999994,55.27,55.071999999999996,55.086000000000006,0.3680000000000092,0.46195652173913043,-0.03804347826086957,0.03804347826086957,0.9763531266421439,95
double1,1,96,increasing,55270,55949,55794,55.27,55.949000000000005,55.794000000000004,55.6095,0.679000000000002,0.7717231222385862,0.2717231222385862,0.27172312223858613,0.10774752864576069,96
double1,1,97,decreasing,55949,56624,56095,55.949000000000005,56.624,56.095000000000006,56.2865,0.6749999999999972,0.2162962962962963,-0.2837037037037037,0.2837037037037037,0.14658057862285195,97
double1,1,98,increasing,56624,57001,56829,56.624,57.001,56.829,56.8125,0.37699999999999534,0.5437665782493368,0.04376657824933683,0.04376657824933687,0.9854510676040024,98
double1,1,99,decreasing,57001,57672,57517,57.001,57.672000000000004,57.517,57.3365,0.6710000000000065,0.7690014903129657,0.2690014903129657,0.2690014903129657,0.2173955762702438,99
double1,1,100,increasing,57672,58067,57847,57.672000000000004,58.067,57.847,57.869499999999995,0.394999999999996,0.4430379746835443,-0.05696202531645572,0.056962025316455694,0.9762401155243969,100
double1,1,101,decreasing,58067,58722,58552,58.067,58.722,58.552,58.3945,0.6550000000000011,0.7404580152671756,0.24045801526717558,0.24045801526717558,0.2759889570358372,101
double1,1,102,increasing,58722,59377,58876,58.722,59.377,58.876,59.0495,0.6550000000000011,0.23511450381679388,-0.2648854961832061,0.2648854961832061,0.2956374007972349,102
double1,1,103,decreasing,59377,59779,59586,59.377,59.779,59.586000000000006,59.577999999999996,0.402000000000001,0.5199004975124378,0.01990049751243783,0.01990049751243781,0.9859864243485877,103
double1,1,104,increasing,59779,60433,60278,59.779,60.433,60.278,60.106,0.6539999999999964,0.7629969418960245,0.2629969418960245,0.26299694189602446,0.384180790960452,104
double1,1,105,decreasing,60433,60908,60609,60.433,60.907999999999994,60.609,60.6705,0.4749999999999943,0.3705263157894737,-0.1294736842105263,0.12947368421052632,0.8589991368158443,105
double1,1,106,increasing,60908,61488,61309,60.907999999999994,61.48799999999999,61.309000000000005,61.198,0.5799999999999983,0.6913793103448276,0.19137931034482758,0.19137931034482758,0.6075037751190615,106
double1,1,107,decreasing,61488,62126,61650,61.48799999999999,62.126,61.65,61.806999999999995,0.6380000000000052,0.25391849529780564,-0.24608150470219436,0.24608150470219436,0.4898019509311263,107
double1,1,108,increasing,62126,62562,62349,62.126,62.562000000000005,62.349,62.344,0.43600000000000705,0.5114678899082569,0.011467889908256867,0.011467889908256881,0.9825393812867719,108
double1,1,109,decreasing,62562,63190,63021,62.562000000000005,63.190000000000005,63.020999999999994,62.876,0.6280000000000001,0.7308917197452229,0.23089171974522293,0.23089171974522293,0.5644338380513496,109
double1,1,110,increasing,63190,63755,63375,63.190000000000005,63.755,63.37499999999999,63.472500000000004,0.5649999999999977,0.3274336283185841,-0.17256637168141592,0.17256637168141592,0.7325831621796183,110
double1,1,111,decreasing,63755,64257,64056,63.755,64.257,64.05600000000001,64.006,0.5020000000000024,0.599601593625498,0.09960159362549803,0.099601593625498,0.9025903521017526,111
double1,1,112,increasing,64257,64877,64420,64.257,64.87700000000001,64.42,64.56700000000001,0.6200000000000045,0.2629032258064516,-0.2370967741935484,0.23709677419354838,0.7464976059585031,112
double1,1,113,decreasing,64877,65355,65096,64.87700000000001,65.355,65.096,65.116,0.47799999999999443,0.4581589958158996,-0.04184100418410042,0.04184100418410042,0.9687702265372166,113
double1,1,114,increasing,65355,65949,65780,65.355,65.94900000000001,65.78,65.652,0.5940000000000083,0.7154882154882155,0.2154882154882155,0.21548821548821548,0.7389069547886291,114
double1,1,115,decreasing,65949,66534,66146,65.94900000000001,66.534,66.146,66.2415,0.5849999999999937,0.3367521367521368,-0.16324786324786322,0.16324786324786325,0.7929766817157644,115
double1,1,116,increasing,66534,67030,66811,66.534,67.03,66.811,66.78200000000001,0.4959999999999951,0.5584677419354839,0.058467741935483875,0.05846774193548387,0.9849131362389517,116
double1,1,117,decreasing,67030,67634,67440,67.03,67.634,67.44000000000001,67.33200000000001,0.6039999999999992,0.6788079470198676,0.17880794701986757,0.17880794701986755,0.9050196850393701,117
double1,1,118,increasing,67634,68157,67853,67.634,68.15700000000001,67.85300000000001,67.8955,0.5230000000000103,0.4187380497131931,-0.08126195028680688,0.08126195028680688,0.9413589004851342,118
double1,1,119,decreasing,68157,68713,68516,68.15700000000001,68.71300000000001,68.516,68.435,0.5559999999999974,0.64568345323741,0.14568345323741005,0.14568345323741008,0.888888888888889,119
double1,1,120,increasing,68713,69299,68920,68.71300000000001,69.299,68.92,69.006,0.5859999999999985,0.3532423208191126,-0.1467576791808874,0.14675767918088736,0.8898268860867709,120
double1,1,121,decreasing,69299,69809,69551,69.299,69.80900000000001,69.551,69.554,0.5100000000000051,0.49411764705882355,-0.00588235294117645,0.0058823529411764705,0.9938366718027734,121
double1,1,122,increasing,69809,70393,70184,69.80900000000001,70.393,70.18400000000001,70.10100000000001,0.583999999999989,0.6421232876712328,0.14212328767123283,0.1421232876712329,0.926450385712776,122
double1,1,123,decreasing,70393,70946,70616,70.393,70.94600000000001,70.616,70.6695,0.5530000000000115,0.40325497287522605,-0.09674502712477395,0.09674502712477397,0.9352720757489847,123
double1,1,124,increasing,70946,71481,71248,70.94600000000001,71.48100000000001,71.248,71.21350000000001,0.5349999999999966,0.5644859813084112,0.06448598130841121,0.06448598130841121,0.9681255362785393,124
double1,1,125,decreasing,71481,72061,71707,71.48100000000001,72.061,71.70700000000001,71.771,0.5799999999999983,0.3896551724137931,-0.1103448275862069,0.1103448275862069,0.9791732741304577,125
double1,1,126,increasing,72061,72592,72323,72.061,72.59200000000001,72.32300000000001,72.32650000000001,0.5310000000000059,0.4934086629001883,-0.006591337099811689,0.006591337099811676,0.9869036630742112,126
double1,1,127,decreasing,72592,73156,72921,72.59200000000001,73.156,72.921,72.87400000000001,0.563999999999993,0.5833333333333334,0.08333333333333337,0.08333333333333333,0.9701475849731663,127
double1,1,128,increasing,73156,73718,73384,73.156,73.718,73.384,73.43700000000001,0.5619999999999976,0.40569395017793597,-0.09430604982206403,0.09430604982206406,0.9564878700200311,128
double1,1,129,decreasing,73718,74253,73990,73.718,74.253,73.99000000000001,73.9855,0.5349999999999966,0.508411214953271,0.008411214953271018,0.008411214953271028,0.9931724798312332,129
double1,1,130,increasing,74253,74825,74552,74.253,74.825,74.552,74.539,0.5720000000000027,0.5227272727272727,0.022727272727272707,0.022727272727272728,0.9862985043405502,130
double1,1,131,decreasing,74825,75368,75067,74.825,75.36800000000001,75.06700000000001,75.0965,0.5430000000000064,0.44567219152854515,-0.05432780847145485,0.05432780847145488,0.9835718149374425,131
double1,1,132,increasing,75368,75922,75666,75.36800000000001,75.92200000000001,75.66600000000001,75.64500000000001,0.554000000000002,0.5379061371841155,0.03790613718411551,0.03790613718411552,0.985787824529991,132
double1,1,133,decreasing,75922,76485,76166,75.92200000000001,76.48500000000001,76.16600000000001,76.2035,0.5630000000000024,0.433392539964476,-0.06660746003552398,0.06660746003552398,0.9822539306226209,133
double1,1,134,increasing,76485,77025,76764,76.48500000000001,77.025,76.76400000000001,76.75500000000001,0.539999999999992,0.5166666666666667,0.01666666666666672,0.016666666666666666,0.9947181077046734,134
double1,1,135,decreasing,77025,77588,77320,77.025,77.58800000000001,77.32000000000001,77.3065,0.5630000000000024,0.5239786856127886,0.023978685612788597,0.023978685612788632,0.9932757291226415,135
double1,1,136,increasing,77588,78140,77852,77.58800000000001,78.14,77.852,77.864,0.5519999999999925,0.4782608695652174,-0.021739130434782594,0.021739130434782608,0.9860329146816804,136
double1,1,137,decreasing,78140,78688,78413,78.14,78.688,78.41300000000001,78.414,0.5480000000000018,0.4981751824817518,-0.0018248175182482007,0.0018248175182481751,0.9851100561070348,137
double1,1,138,increasing,78688,79249,78964,78.688,79.24900000000001,78.96400000000001,78.9685,0.561000000000007,0.4919786096256685,-0.008021390374331527,0.008021390374331552,0.9892930323393093,138
double1,1,139,decreasing,79249,79796,79507,79.24900000000001,79.796,79.507,79.52250000000001,0.546999999999997,0.4716636197440585,-0.028336380255941485,0.0283363802559415,0.9922935820326708,139
double1,1,140,increasing,79796,80352,80075,79.796,80.352,80.075,80.07400000000001,0.5559999999999974,0.5017985611510791,0.0017985611510791255,0.0017985611510791368,0.9805141807794328,140
double1,1,141,decreasing,80352,80907,80608,80.352,80.90700000000001,80.608,80.62950000000001,0.5550000000000068,0.46126126126126127,-0.03873873873873873,0.03873873873873874,0.9861661747437241,141
double1,1,142,increasing,80907,81455,81181,80.90700000000001,81.45500000000001,81.18100000000001,81.18100000000001,0.5480000000000018,0.5,0.0,0.0,1.0,142
double1,1,143,decreasing,81455,82013,81728,81.45500000000001,82.013,81.72800000000001,81.73400000000001,0.5579999999999927,0.489247311827957,-0.010752688172043001,0.010752688172043012,0.9927935141627465,143
double1,1,144,increasing,82013,82564,82277,82.013,82.56400000000001,82.277,82.2885,0.5510000000000019,0.4791288566243194,-0.02087114337568058,0.020871143375680582,0.9909230989104627,144
double1,1,145,decreasing,82564,83116,82848,82.56400000000001,83.116,82.84800000000001,82.84,0.5519999999999925,0.5144927536231884,0.01449275362318836,0.014492753623188406,0.9900279218189071,145
double1,1,146,increasing,83116,83671,83376,83.116,83.671,83.376,83.3935,0.5550000000000068,0.46846846846846846,-0.03153153153153154,0.03153153153153153,0.9866784160139,146
double1,1,147,decreasing,83671,84221,83942,83.671,84.221,83.94200000000001,83.94600000000001,0.5499999999999972,0.49272727272727274,-0.007272727272727264,0.007272727272727273,0.992455077931103,147
double1,1,148,increasing,84221,84777,84489,84.221,84.777,84.489,84.49900000000001,0.5559999999999974,0.48201438848920863,-0.017985611510791366,0.017985611510791366,0.981699722142378,148
double1,1,149,decreasing,84777,85329,85036,84.777,85.32900000000001,85.036,85.05300000000001,0.5520000000000067,0.4692028985507246,-0.030797101449275388,0.030797101449275364,0.9846495462444489,149
double1,1,150,increasing,85329,85881,85606,85.32900000000001,85.881,85.60600000000001,85.605,0.5519999999999925,0.5018115942028986,0.0018115942028985588,0.0018115942028985507,0.9888899530696295,150
double1,1,151,decreasing,85881,86435,86148,85.881,86.435,86.14800000000001,86.158,0.554000000000002,0.48194945848375453,-0.018050541516245466,0.018050541516245487,0.9863939194895374,151
double1,1,152,increasing,86435,86988,86702,86.435,86.98800000000001,86.70200000000001,86.7115,0.5530000000000115,0.48282097649186256,-0.017179023508137437,0.017179023508137433,0.9915498723735029,152
double1,1,153,decreasing,86988,87540,87263,86.98800000000001,87.54,87.263,87.26400000000001,0.5519999999999925,0.49818840579710144,-0.0018115942028985588,0.0018115942028985507,0.9933984193398417,153
double1,1,154,increasing,87540,88092,87821,87.54,88.09200000000001,87.82100000000001,87.816,0.5520000000000067,0.5090579710144928,0.009057971014492794,0.009057971014492754,0.9964837605255853,154
double1,1,155,decreasing,88092,88643,88361,88.09200000000001,88.643,88.361,88.3675,0.5509999999999877,0.4882032667876588,-0.011796733212341204,0.011796733212341199,0.9911137042029721,155
double1,1,156,increasing,88643,89198,88914,88.643,89.19800000000001,88.914,88.9205,0.5550000000000068,0.4882882882882883,-0.011711711711711703,0.011711711711711712,0.9946540071593633,156
double1,1,157,decreasing,89198,89749,89468,89.19800000000001,89.74900000000001,89.468,89.4735,0.5510000000000019,0.4900181488203267,-0.009981851179673318,0.009981851179673321,0.9909689649858582,157
double1,1,158,increasing,89749,90302,90036,89.74900000000001,90.302,90.036,90.02550000000001,0.5529999999999973,0.5189873417721519,0.01898734177215189,0.0189873417721519,0.9933427366349326,158
double1,1,159,decreasing,90302,90855,90563,90.302,90.855,90.563,90.5785,0.5529999999999973,0.4719710669077758,-0.028028933092224206,0.02802893309222423,0.988965519388409,159
double1,1,160,increasing,90855,91406,91126,90.855,91.406,91.126,91.13050000000001,0.5510000000000019,0.49183303085299457,-0.008166969147005432,0.008166969147005444,0.9892341453718735,160
double1,1,161,decreasing,91406,91958,91675,91.406,91.95800000000001,91.67500000000001,91.682,0.5520000000000067,0.48731884057971014,-0.012681159420289856,0.012681159420289856,0.9940052128583842,161
double1,1,162,increasing,91958,92511,92223,91.95800000000001,92.51100000000001,92.22300000000001,92.23450000000001,0.5529999999999973,0.47920433996383366,-0.02079566003616634,0.020795660036166366,0.9961846248056448,162
double1,1,163,decreasing,92511,93063,92787,92.51100000000001,93.063,92.787,92.787,0.5519999999999925,0.5,0.0,0.0,1.0,163
double1,1,164,increasing,93063,93616,93337,93.063,93.61600000000001,93.337,93.33950000000002,0.5530000000000115,0.49547920433996384,-0.004520795660036159,0.0045207956600361665,0.9884221593749909,164
double1,1,165,decreasing,93616,94167,93878,93.61600000000001,94.167,93.878,93.89150000000001,0.5509999999999877,0.47549909255898365,-0.02450090744101635,0.024500907441016333,0.9912395732196795,165
double1,1,166,increasing,94167,94720,94431,94.167,94.72000000000001,94.43100000000001,94.4435,0.5530000000000115,0.47739602169981915,-0.02260397830018085,0.022603978300180832,0.992170158709499,166
double1,1,167,decreasing,94720,95272,94987,94.72000000000001,95.272,94.98700000000001,94.99600000000001,0.5519999999999925,0.483695652173913,-0.016304347826086973,0.016304347826086956,0.9918146844560858,167
double1,1,168,increasing,95272,95824,95532,95.272,95.82400000000001,95.53200000000001,95.548,0.5520000000000067,0.47101449275362317,-0.02898550724637683,0.028985507246376812,0.9987754102375705,168
double1,1,169,decreasing,95824,96376,96089,95.82400000000001,96.376,96.08900000000001,96.10000000000001,0.5519999999999925,0.48007246376811596,-0.019927536231884035,0.019927536231884056,0.9975044276284013,169
double1,1,170,increasing,96376,96927,96633,96.376,96.927,96.63300000000001,96.6515,0.5510000000000019,0.4664246823956443,-0.033575317604355726,0.03357531760435572,0.9859395027820944,170
double1,1,171,decreasing,96927,97480,97201,96.927,97.48,97.20100000000001,97.2035,0.5529999999999973,0.49547920433996384,-0.004520795660036159,0.0045207956600361665,0.9976311797560845,171
double1,1,172,increasing,97480,98031,97739,97.48,98.031,97.739,97.75550000000001,0.5510000000000019,0.47005444646098005,-0.029945553539019953,0.029945553539019964,0.9896713495284777,172
double1,1,173,decreasing,98031,98583,98305,98.031,98.58300000000001,98.305,98.307,0.5520000000000067,0.4963768115942029,-0.0036231884057971175,0.0036231884057971015,0.9993008079552517,173
double1,1,174,increasing,98583,99135,98845,98.58300000000001,99.135,98.84500000000001,98.85900000000001,0.5519999999999925,0.4746376811594203,-0.025362318840579712,0.025362318840579712,0.9961606388696921,174
double1,1,175,decreasing,99135,99687,99420,99.135,99.68700000000001,99.42,99.411,0.5520000000000067,0.5163043478260869,0.016304347826086918,0.016304347826086956,0.9990096747162337,175
double1,1,176,increasing,99687,100239,99954,99.68700000000001,100.239,99.95400000000001,99.96300000000001,0.5519999999999925,0.483695652173913,-0.016304347826086973,0.016304347826086956,0.9927519988044534,176
double1,1,177,decreasing,100239,100790,100512,100.239,100.79,100.512,100.5145,0.5510000000000019,0.4954627949183303,-0.004537205081669715,0.004537205081669692,0.99361761833833,177
double1,1,178,increasing,100790,101343,101072,100.79,101.343,101.072,101.0665,0.5529999999999973,0.5099457504520796,0.009945750452079571,0.009945750452079566,0.9922967911709188,178
double1,1,179,decreasing,101343,101893,101627,101.343,101.893,101.62700000000001,101.61800000000001,0.5499999999999972,0.5163636363636364,0.016363636363636358,0.016363636363636365,0.9998540572095737,179
double1,1,180,increasing,101893,102446,102164,101.893,102.44600000000001,102.164,102.1695,0.5530000000000115,0.49005424954792043,-0.009945750452079571,0.009945750452079566,0.9941231397800547,180
double1,1,181,decreasing,102446,102997,102715,102.44600000000001,102.99700000000001,102.715,102.7215,0.5510000000000019,0.4882032667876588,-0.011796733212341204,0.011796733212341199,0.9950877224790825,181
double1,1,182,increasing,102997,103551,103267,102.99700000000001,103.551,103.26700000000001,103.274,0.5539999999999878,0.48736462093862815,-0.012635379061371854,0.01263537906137184,0.9888307155322861,182
double1,1,183,decreasing,103551,104099,103822,103.551,104.099,103.822,103.825,0.5480000000000018,0.49452554744525545,-0.005474452554744547,0.005474452554744526,0.9980394902674696,183
double1,1,184,increasing,104099,104653,104357,104.099,104.653,104.35700000000001,104.376,0.554000000000002,0.4657039711191336,-0.034296028880866414,0.03429602888086643,0.9925157923647351,184
double1,1,185,decreasing,104653,105202,104934,104.653,105.20200000000001,104.93400000000001,104.92750000000001,0.5490000000000066,0.51183970856102,0.011839708561020013,0.011839708561020037,0.9925922489179032,185
double1,1,186,increasing,105202,105755,105470,105.20200000000001,105.75500000000001,105.47000000000001,105.47850000000001,0.5529999999999973,0.484629294755877,-0.015370705244122984,0.015370705244122965,0.9871123876492016,186
double1,1,187,decreasing,105755,106305,106024,105.75500000000001,106.305,106.024,106.03,0.5499999999999972,0.4890909090909091,-0.010909090909090924,0.01090909090909091,0.995448155833724,187
double1,1,188,increasing,106305,106857,106572,106.305,106.85700000000001,106.572,106.581,0.5520000000000067,0.483695652173913,-0.016304347826086973,0.016304347826086956,0.9850240916786037,188
double1,1,189,decreasing,106857,107409,107130,106.85700000000001,107.409,107.13000000000001,107.13300000000001,0.5519999999999925,0.4945652173913043,-0.005434782608695676,0.005434782608695652,0.9944592920930841,189
double1,1,190,increasing,107409,107960,107669,107.409,107.96000000000001,107.66900000000001,107.68450000000001,0.5510000000000019,0.47186932849364793,-0.028130671506352067,0.028130671506352088,0.9925298509102802,190
double1,1,191,decreasing,107960,108512,108229,107.96000000000001,108.512,108.22900000000001,108.236,0.5519999999999925,0.48731884057971014,-0.012681159420289856,0.012681159420289856,0.9924174843889384,191
double1,1,192,increasing,108512,109062,108784,108.512,109.06200000000001,108.784,108.787,0.5500000000000114,0.49454545454545457,-0.005454545454545434,0.005454545454545455,0.9938341512520448,192
double1,1,193,decreasing,109062,109614,109342,109.06200000000001,109.614,109.34200000000001,109.33800000000001,0.5519999999999925,0.5072463768115942,0.007246376811594235,0.007246376811594203,0.9954607635866185,193
double1,1,194,increasing,109614,110165,109862,109.614,110.165,109.86200000000001,109.8895,0.5510000000000019,0.4500907441016334,-0.04990925589836659,0.0499092558983666,0.9875801367089245,194
double1,1,195,decreasing,110165,110717,110427,110.165,110.71700000000001,110.427,110.441,0.5520000000000067,0.4746376811594203,-0.025362318840579712,0.025362318840579712,0.999451854558743,195
double1,1,196,increasing,110717,111268,110978,110.71700000000001,111.268,110.97800000000001,110.9925,0.5509999999999877,0.47368421052631576,-0.026315789473684237,0.02631578947368421,0.9947782819345748,196
double1,1,197,decreasing,111268,111819,111540,111.268,111.819,111.54,111.54350000000001,0.5510000000000019,0.49364791288566245,-0.006352087114337546,0.006352087114337568,0.9962781304269275,197
double1,1,198,increasing,111819,112369,112087,111.819,112.36900000000001,112.087,112.09400000000001,0.5500000000000114,0.48727272727272725,-0.012727272727272754,0.012727272727272728,0.9928082792492544,198
double1,1,199,decreasing,112369,112921,112645,112.36900000000001,112.921,112.64500000000001,112.64500000000001,0.5519999999999925,0.5,0.0,0.0,1.0,199
double1,1,200,increasing,112921,113473,113185,112.921,113.47300000000001,113.185,113.197,0.5520000000000067,0.4782608695652174,-0.021739130434782594,0.021739130434782608,0.9948738394942187,200
double1,1,201,decreasing,113473,114023,113748,113.47300000000001,114.02300000000001,113.748,113.748,0.5499999999999972,0.5,0.0,0.0,1.0,201
double1,1,202,increasing,114023,114575,114291,114.02300000000001,114.575,114.29100000000001,114.299,0.5519999999999925,0.4855072463768116,-0.014492753623188415,0.014492753623188406,0.9928412874583795,202
double1,1,203,decreasing,114575,115125,114850,114.575,115.12500000000001,114.85000000000001,114.85000000000001,0.5500000000000114,0.5,0.0,0.0,1.0,203
double1,1,204,increasing,115125,115676,115377,115.12500000000001,115.676,115.37700000000001,115.40050000000001,0.5509999999999877,0.4573502722323049,-0.0426497277676951,0.0426497277676951,0.991488548339982,204
double1,1,205,decreasing,115676,116227,115948,115.676,116.227,115.94800000000001,115.95150000000001,0.5510000000000019,0.49364791288566245,-0.006352087114337546,0.006352087114337568,0.9961138379700322,205
double1,1,206,increasing,116227,116778,116482,116.227,116.778,116.48200000000001,116.50250000000001,0.5510000000000019,0.4627949183303085,-0.0372050816696915,0.03720508166969147,0.9895517547250873,206
double1,1,207,decreasing,116778,117328,117054,116.778,117.328,117.054,117.05300000000001,0.5499999999999972,0.5018181818181818,0.0018181818181818299,0.0018181818181818182,0.9953468918283055,207
double1,1,208,increasing,117328,117880,117596,117.328,117.88000000000001,117.596,117.60400000000001,0.5520000000000067,0.4855072463768116,-0.014492753623188415,0.014492753623188406,0.993468054705042,208
double1,1,209,decreasing,117880,118429,118147,117.88000000000001,118.429,118.14700000000002,118.1545,0.5489999999999924,0.48633879781420764,-0.013661202185792365,0.01366120218579235,0.992041949067355,209
double1,1,210,increasing,118429,118982,118685,118.429,118.982,118.685,118.70550000000001,0.5529999999999973,0.4629294755877034,-0.03707052441229658,0.037070524412296565,0.9905369501246633,210
double1,1,211,decreasing,118982,119534,119244,118.982,119.53400000000002,119.244,119.25800000000001,0.5520000000000209,0.4746376811594203,-0.025362318840579712,0.025362318840579712,0.9900965828308085,211
double1,1,212,increasing,119534,120084,119795,119.53400000000002,120.084,119.79500000000002,119.809,0.549999999999983,0.47454545454545455,-0.025454545454545452,0.025454545454545455,0.9889423076923078,212
double1,1,213,decreasing,120084,120634,120350,120.084,120.63400000000001,120.35,120.35900000000001,0.5500000000000114,0.48363636363636364,-0.016363636363636358,0.016363636363636365,0.9969779824435171,213
double1,1,214,increasing,120634,121184,120896,120.63400000000001,121.184,120.89600000000002,120.90900000000002,0.549999999999983,0.4763636363636364,-0.023636363636363622,0.023636363636363636,0.9917941066766129,214
double1,1,215,decreasing,121184,121735,121456,121.184,121.73500000000001,121.45600000000002,121.4595,0.5510000000000161,0.49364791288566245,-0.006352087114337546,0.006352087114337568,0.9933502485474772,215
double1,1,216,increasing,121735,122286,122002,121.73500000000001,122.286,122.00200000000001,122.01050000000001,0.5509999999999877,0.484573502722323,-0.015426497277676976,0.015426497277676952,0.9864889355517659,216
double1,1,217,decreasing,122286,122836,122562,122.286,122.83600000000001,122.56200000000001,122.561,0.5500000000000114,0.5018181818181818,0.0018181818181818299,0.0018181818181818182,0.9969855124628815,217
double1,1,218,increasing,122836,123388,123108,122.83600000000001,123.388,123.108,123.112,0.5519999999999925,0.4927536231884058,-0.00724637681159418,0.007246376811594203,0.98829152780214,218
double1,1,219,decreasing,123388,123937,123659,123.388,123.93700000000001,123.65900000000002,123.66250000000001,0.5490000000000066,0.4936247723132969,-0.006375227686703122,0.006375227686703097,0.9943216403826524,219
double1,1,220,increasing,123937,124490,124204,123.93700000000001,124.49000000000001,124.20400000000001,124.2135,0.5529999999999973,0.48282097649186256,-0.017179023508137437,0.017179023508137433,0.9893302798615603,220
double1,1,221,decreasing,124490,125040,124760,124.49000000000001,125.04000000000002,124.76000000000002,124.76500000000001,0.5500000000000114,0.4909090909090909,-0.009090909090909094,0.00909090909090909,0.9960802495152995,221
double1,1,222,increasing,125040,125591,125300,125.04000000000002,125.59100000000001,125.30000000000001,125.3155,0.5509999999999877,0.47186932849364793,-0.028130671506352067,0.028130671506352088,0.990301266607055,222
double1,1,223,decreasing,125591,126140,125855,125.59100000000001,126.14000000000001,125.85500000000002,125.86550000000001,0.5490000000000066,0.4808743169398907,-0.01912568306010931,0.01912568306010929,0.9942648847600472,223
double1,1,224,increasing,126140,126691,126406,126.14000000000001,126.691,126.406,126.41550000000001,0.5509999999999877,0.4827586206896552,-0.017241379310344807,0.017241379310344827,0.9808170057635635,224
double1,1,225,decreasing,126691,127242,126961,126.691,127.24200000000002,126.96100000000001,126.96650000000001,0.5510000000000161,0.4900181488203267,-0.009981851179673318,0.009981851179673321,0.9959017673351055,225
double1,1,226,increasing,127242,127792,127507,127.24200000000002,127.792,127.507,127.517,0.549999999999983,0.4818181818181818,-0.018181818181818188,0.01818181818181818,0.9814758578803523,226
double1,1,227,decreasing,127792,128344,128062,127.792,128.344,128.062,128.068,0.5519999999999925,0.4891304347826087,-0.010869565217391297,0.010869565217391304,0.9905008635578587,227
double1,1,228,increasing,128344,128892,128608,128.344,128.892,128.608,128.618,0.5480000000000018,0.48175182481751827,-0.01824817518248173,0.01824817518248175,0.9799229216369973,228
double1,1,229,decreasing,128892,129445,129161,128.892,129.44500000000002,129.161,129.1685,0.5530000000000257,0.4864376130198915,-0.013562386980108476,0.013562386980108499,0.9922436080935189,229
double1,1,230,increasing,129445,129994,129708,129.44500000000002,129.994,129.708,129.71949999999998,0.5489999999999782,0.4790528233151184,-0.020947176684881608,0.020947176684881604,0.9948317245693276,230
double1,1,231,decreasing,129994,130545,130245,129.994,130.54500000000002,130.245,130.2695,0.5510000000000161,0.455535390199637,-0.044464609800362986,0.04446460980036298,0.9952606588196016,231
double1,1,232,increasing,130545,131095,130814,130.54500000000002,131.095,130.81400000000002,130.82000000000002,0.549999999999983,0.4890909090909091,-0.010909090909090924,0.01090909090909091,0.9913980688154495,232
double1,1,233,decreasing,131095,131646,131370,131.095,131.64600000000002,131.37,131.3705,0.5510000000000161,0.49909255898366606,-0.000907441016333943,0.0009074410163339383,0.9959858165518165,233
double1,1,234,increasing,131646,132195,131902,131.64600000000002,132.19500000000002,131.90200000000002,131.9205,0.5490000000000066,0.4663023679417122,-0.033697632058287796,0.033697632058287796,0.9845041509127797,234
double1,1,235,decreasing,132195,132747,132463,132.19500000000002,132.747,132.463,132.471,0.5519999999999925,0.4855072463768116,-0.014492753623188415,0.014492753623188406,0.989030318536523,235
double1,1,236,increasing,132747,133295,133004,132.747,133.29500000000002,133.00400000000002,133.02100000000002,0.5480000000000018,0.46897810218978103,-0.031021897810218968,0.03102189781021898,0.985764903338099,236
double1,1,237,decreasing,133295,133849,133554,133.29500000000002,133.84900000000002,133.554,133.572,0.554000000000002,0.4675090252707581,-0.032490974729241895,0.032490974729241874,0.9844605012546483,237
double1,1,238,increasing,133849,134394,134124,133.84900000000002,134.394,134.124,134.12150000000003,0.5449999999999875,0.5045871559633027,0.004587155963302725,0.0045871559633027525,0.9883798981115325,238
double1,1,239,decreasing,134394,134949,134655,134.394,134.949,134.655,134.6715,0.5550000000000068,0.4702702702702703,-0.029729729729729704,0.02972972972972973,0.981886643056143,239
double1,1,240,increasing,134949,135495,135217,134.949,135.495,135.217,135.222,0.5459999999999923,0.4908424908424908,-0.00915750915750918,0.009157509157509158,0.9830373406193076,240
double1,1,241,decreasing,135495,136048,135747,135.495,136.048,135.747,135.7715,0.5529999999999973,0.45569620253164556,-0.044303797468354444,0.04430379746835443,0.983286090322714,241
double1,1,242,increasing,136048,136596,136317,136.048,136.596,136.317,136.322,0.5480000000000018,0.4908759124087591,-0.009124087591240893,0.009124087591240875,0.986340507741286,242
double1,1,243,decreasing,136596,137149,136838,136.596,137.149,136.838,136.8725,0.5529999999999973,0.4376130198915009,-0.06238698010849908,0.06238698010849909,0.9794463597747541,243
double1,1,244,increasing,137149,137697,137401,137.149,137.697,137.401,137.423,0.5480000000000018,0.45985401459854014,-0.04014598540145986,0.040145985401459854,0.9838301389678153,244
double1,1,245,decreasing,137697,138250,137962,137.697,138.25,137.96200000000002,137.9735,0.5529999999999973,0.47920433996383366,-0.02079566003616634,0.020795660036166366,0.9774158759995679,245
double1,1,246,increasing,138250,138796,138519,138.25,138.79600000000002,138.519,138.523,0.5460000000000207,0.4926739926739927,-0.0073260073260073,0.007326007326007326,0.9871361364304615,246
double1,1,247,decreasing,138796,139347,139044,138.79600000000002,139.347,139.044,139.07150000000001,0.5509999999999877,0.4500907441016334,-0.04990925589836659,0.0499092558983666,0.9858067848488805,247
double1,1,248,increasing,139347,139896,139607,139.347,139.89600000000002,139.607,139.62150000000003,0.5490000000000066,0.47358834244080145,-0.026411657559198554,0.026411657559198543,0.9851326568895474,248
double1,1,249,decreasing,139896,140447,140142,139.89600000000002,140.447,140.142,140.1715,0.5509999999999877,0.44646098003629764,-0.05353901996370236,0.05353901996370236,0.981619609973611,249
double1,1,250,increasing,140447,140997,140715,140.447,140.997,140.715,140.722,0.5500000000000114,0.48727272727272725,-0.012727272727272754,0.012727272727272728,0.9815015849580964,250
double1,1,251,decreasing,140997,141543,141249,140.997,141.543,141.249,141.27,0.5459999999999923,0.46153846153846156,-0.038461538461538436,0.038461538461538464,0.9834212671041905,251
double1,1,252,increasing,141543,142094,141804,141.543,142.094,141.804,141.81850000000003,0.5509999999999877,0.47368421052631576,-0.026315789473684237,0.02631578947368421,0.9843909442952667,252
double1,1,253,decreasing,142094,142643,142346,142.094,142.643,142.346,142.36849999999998,0.5490000000000066,0.45901639344262296,-0.04098360655737704,0.040983606557377046,0.9774563134684401,253
double1,1,254,increasing,142643,143192,142902,142.643,143.192,142.90200000000002,142.91750000000002,0.5490000000000066,0.47176684881602915,-0.02823315118397085,0.028233151183970857,0.9806284305542934,254
double1,1,255,decreasing,143192,143746,143440,143.192,143.746,143.44,143.469,0.554000000000002,0.44765342960288806,-0.052346570397111936,0.052346570397111915,0.96738060297587,255
double1,1,256,increasing,143746,144290,144011,143.746,144.29000000000002,144.011,144.018,0.5440000000000111,0.48713235294117646,-0.01286764705882354,0.012867647058823529,0.9869439860735852,256
double1,1,257,decreasing,144290,144844,144527,144.29000000000002,144.844,144.52700000000002,144.567,0.5539999999999736,0.427797833935018,-0.07220216606498198,0.07220216606498195,0.9618488754280599,257
double1,1,258,increasing,144844,145385,145108,144.844,145.38500000000002,145.108,145.11450000000002,0.5410000000000252,0.4879852125693161,-0.012014787430683904,0.012014787430683918,0.9840776524628186,258
double1,2,0,increasing,593,1027,836,0.593,1.0269999999999992,0.8360000000000003,0.8100000000000005,0.4339999999999993,0.5599078341013825,0.05990783410138245,0.059907834101382486,0.883823036223584,259
double1,2,1,decreasing,1027,1785,1483,1.0269999999999992,1.7850000000000001,1.4830000000000005,1.4059999999999988,0.7580000000000009,0.6015831134564644,0.10158311345646442,0.10158311345646438,0.5915317835350562,260
double1,2,2,increasing,1785,2225,2041,1.7850000000000001,2.2249999999999996,2.0410000000000004,2.004999999999999,0.4399999999999995,0.5818181818181818,0.08181818181818179,0.08181818181818182,0.8741160009279559,261
double1,2,3,decreasing,2225,2985,2709,2.2249999999999996,2.9849999999999994,2.7089999999999996,2.6050000000000004,0.7599999999999998,0.6368421052631579,0.13684210526315788,0.1368421052631579,0.4791422414642813,262
double1,2,4,increasing,2985,3431,3246,2.9849999999999994,3.430999999999999,3.2460000000000004,3.208,0.44599999999999973,0.5852017937219731,0.08520179372197312,0.08520179372197309,0.8468472058050932,263
double1,2,5,decreasing,3431,4195,3931,3.430999999999999,4.195,3.930999999999999,3.8130000000000006,0.7640000000000011,0.6544502617801047,0.15445026178010468,0.1544502617801047,0.41917009612374095,264
double1,2,6,increasing,4195,4655,4454,4.195,4.654999999999999,4.454000000000001,4.424999999999999,0.4599999999999991,0.5630434782608695,0.06304347826086953,0.06304347826086956,0.8570993819493966,265
double1,2,7,decreasing,4655,5409,5149,4.654999999999999,5.408999999999999,5.148999999999999,5.032,0.7539999999999996,0.6551724137931034,0.15517241379310343,0.15517241379310345,0.4151524839720252,266
double1,2,8,increasing,5409,5874,5652,5.408999999999999,5.8740000000000006,5.651999999999999,5.6415,0.46500000000000163,0.5225806451612903,0.022580645161290325,0.02258064516129032,0.9127181428044617,267
double1,2,9,decreasing,5874,6619,6381,5.8740000000000006,6.6190000000000015,6.3809999999999985,6.246499999999999,0.745000000000001,0.6805369127516778,0.18053691275167782,0.18053691275167785,0.4475445723485746,268
double1,2,10,increasing,6619,7080,6855,6.6190000000000015,7.08,6.854999999999999,6.849499999999999,0.4609999999999985,0.5119305856832972,0.01193058568329719,0.01193058568329718,0.9403909470491917,269
double1,2,11,decreasing,7080,7818,7611,7.08,7.818,7.610999999999999,7.449,0.7379999999999995,0.7195121951219512,0.2195121951219512,0.21951219512195122,0.494103610639403,270
double1,2,12,increasing,7818,8272,8054,7.818,8.272,8.054,8.045,0.4540000000000006,0.5198237885462555,0.01982378854625555,0.019823788546255508,0.977109497515463,271
double1,2,13,decreasing,8272,9004,8780,8.272,9.004,8.78,8.638,0.7319999999999993,0.6939890710382514,0.19398907103825136,0.19398907103825136,0.4612486970470698,272
double1,2,14,increasing,9004,9451,9239,9.004,9.450999999999999,9.238999999999999,9.2275,0.4469999999999992,0.5257270693512305,0.02572706935123048,0.025727069351230425,0.951441890322207,273
double1,2,15,decreasing,9451,10179,9964,9.450999999999999,10.179,9.964,9.815,0.7280000000000015,0.7046703296703297,0.20467032967032972,0.20467032967032966,0.42559928252451573,274
double1,2,16,increasing,10179,10622,10412,10.179,10.621999999999998,10.412,10.400500000000001,0.44299999999999784,0.5259593679458239,0.025959367945823875,0.025959367945823927,0.9713050164483095,275
double1,2,17,decreasing,10622,11350,11127,10.621999999999998,11.35,11.127,10.985999999999999,0.7280000000000015,0.6936813186813187,0.19368131868131866,0.1936813186813187,0.3660506008202425,276
double1,2,18,increasing,11350,11789,11579,11.35,11.789,11.578999999999999,11.5695,0.43900000000000006,0.5216400911161732,0.021640091116173155,0.02164009111617312,0.922349980253879,277
double1,2,19,decreasing,11789,12519,12296,11.789,12.519,12.296000000000001,12.153999999999998,0.7300000000000004,0.6945205479452055,0.19452054794520546,0.19452054794520549,0.2814959038308188,278
double1,2,20,increasing,12519,12959,12747,12.519,12.959000000000001,12.747000000000002,12.738999999999999,0.4400000000000013,0.5181818181818182,0.018181818181818188,0.01818181818181818,0.9322755551856311,279
double1,2,21,decreasing,12959,13690,13477,12.959000000000001,13.69,13.476999999999999,13.3245,0.7309999999999981,0.7086183310533516,0.2086183310533516,0.20861833105335156,0.20877313428999555,280
double1,2,22,increasing,13690,14129,13914,13.69,14.129,13.914,13.9095,0.43900000000000006,0.510250569476082,0.01025056947608205,0.010250569476082005,0.9095664675548765,281
double1,2,23,decreasing,14129,14861,14649,14.129,14.860999999999999,14.649,14.495,0.7319999999999993,0.7103825136612022,0.2103825136612022,0.2103825136612022,0.1399566142814108,282
double1,2,24,increasing,14861,15302,15088,14.860999999999999,15.302000000000001,15.088,15.0815,0.4410000000000025,0.5147392290249433,0.01473922902494329,0.01473922902494331,0.971048426384785,283
double1,2,25,decreasing,15302,16031,15834,15.302000000000001,16.031,15.834000000000001,15.6665,0.7289999999999974,0.7297668038408779,0.2297668038408779,0.22976680384087791,0.07698975786691926,284
double1,2,26,increasing,16031,16471,16264,16.031,16.470999999999997,16.264000000000003,16.250999999999998,0.4399999999999977,0.5295454545454545,0.02954545454545454,0.029545454545454545,0.9907853955870817,285
double1,2,27,decreasing,16471,17197,17029,16.470999999999997,17.197000000000003,17.029000000000003,16.834000000000003,0.7260000000000062,0.768595041322314,0.26859504132231404,0.26859504132231404,0.0607596797824823,286
double1,2,28,increasing,17197,17632,17410,17.197000000000003,17.631999999999998,17.409999999999997,17.4145,0.43499999999999517,0.4896551724137931,-0.010344827586206917,0.010344827586206896,0.9674733105287855,287
double1,2,29,decreasing,17632,18357,17806,17.631999999999998,18.357,17.805999999999997,17.9945,0.7250000000000014,0.24,-0.26,0.26,0.05549540791829826,288
double1,2,30,increasing,18357,18786,18568,18.357,18.786,18.567999999999998,18.5715,0.42900000000000205,0.49184149184149184,-0.00815850815850816,0.008158508158508158,0.9696324009869777,289
double1,2,31,decreasing,18786,19508,18939,18.786,19.508000000000003,18.939,19.147,0.7220000000000013,0.21191135734072022,-0.2880886426592798,0.2880886426592798,0.07863452074379845,290
double1,2,32,increasing,19508,19931,19723,19.508000000000003,19.930999999999997,19.723,19.7195,0.4229999999999947,0.508274231678487,0.008274231678486954,0.008274231678486997,0.9580203764431697,291
double1,2,33,decreasing,19931,20651,20486,19.930999999999997,20.651000000000003,20.485999999999997,20.290999999999997,0.720000000000006,0.7708333333333334,0.27083333333333337,0.2708333333333333,0.11174361115164544,292
double1,2,34,increasing,20651,21071,20875,20.651000000000003,21.070999999999998,20.875,20.860999999999997,0.4199999999999946,0.5333333333333333,0.033333333333333326,0.03333333333333333,0.9516633699675178,293
double1,2,35,decreasing,21071,21788,21614,21.070999999999998,21.787999999999997,21.613999999999997,21.4295,0.7169999999999987,0.7573221757322176,0.2573221757322176,0.25732217573221755,0.08765485636573954,294
double1,2,36,increasing,21788,22203,21997,21.787999999999997,22.202999999999996,21.997,21.9955,0.41499999999999915,0.5036144578313253,0.0036144578313253017,0.0036144578313253013,0.9808951517425049,295
double1,2,37,decreasing,22203,22924,22751,22.202999999999996,22.924,22.750999999999998,22.563499999999998,0.7210000000000036,0.7600554785020804,0.26005547850208044,0.26005547850208044,0.06461100219323218,296
double1,2,38,increasing,22924,23335,23132,22.924,23.335,23.131999999999998,23.129499999999997,0.41100000000000136,0.5060827250608273,0.006082725060827299,0.006082725060827251,0.9516579781704768,297
double1,2,39,decreasing,23335,24061,23888,23.335,24.061,23.887999999999998,23.698,0.7259999999999991,0.7617079889807162,0.26170798898071623,0.26170798898071623,0.014082849316341616,298
double1,2,40,increasing,24061,24471,24270,24.061,24.470999999999997,24.269999999999996,24.266,0.4099999999999966,0.5097560975609756,0.009756097560975618,0.00975609756097561,0.9309786263987674,299
double1,2,41,decreasing,24471,25200,25025,24.470999999999997,25.199999999999996,25.025,24.8355,0.7289999999999992,0.7599451303155007,0.2599451303155007,0.2599451303155007,0.022951035861728572,300
double1,2,42,increasing,25200,25608,25408,25.199999999999996,25.607999999999997,25.408,25.403999999999996,0.40800000000000125,0.5098039215686274,0.009803921568627416,0.00980392156862745,0.9351793160262347,301
double1,2,43,decreasing,25608,26337,26162,25.607999999999997,26.336999999999996,26.162,25.9725,0.7289999999999992,0.7599451303155007,0.2599451303155007,0.2599451303155007,0.08681338788979648,302
double1,2,44,increasing,26337,26741,26541,26.336999999999996,26.741,26.540999999999997,26.539,0.40400000000000347,0.504950495049505,0.004950495049504955,0.0049504950495049506,0.985400117515204,303
double1,2,45,decreasing,26741,27472,27314,26.741,27.472,27.314,27.1065,0.7310000000000016,0.7838577291381669,0.28385772913816687,0.28385772913816687,0.07493435914726848,304
double1,2,46,increasing,27472,27878,27678,27.472,27.878,27.677999999999997,27.674999999999997,0.4059999999999988,0.5073891625615764,0.007389162561576401,0.007389162561576354,0.9626769657433489,305
double1,2,47,decreasing,27878,28609,28450,27.878,28.609,28.449999999999996,28.243499999999997,0.7310000000000016,0.7824897400820794,0.2824897400820794,0.28248974008207933,0.1442292995864622,306
double1,2,48,increasing,28609,29011,28815,28.609,29.010999999999996,28.814999999999998,28.809999999999995,0.4019999999999939,0.5124378109452736,0.01243781094527363,0.012437810945273632,0.9459596705944885,307
double1,2,49,decreasing,29011,29743,29594,29.010999999999996,29.742999999999995,29.594,29.376999999999995,0.7319999999999993,0.796448087431694,0.29644808743169404,0.296448087431694,0.1334793308714107,308
double1,2,50,increasing,29743,30142,29944,29.742999999999995,30.141999999999996,29.943999999999996,29.9425,0.3990000000000009,0.5037593984962406,0.003759398496240629,0.0037593984962406013,0.9513546603538512,309
double1,2,51,decreasing,30142,30873,30719,30.141999999999996,30.872999999999998,30.719,30.507499999999997,0.7310000000000016,0.7893296853625171,0.28932968536251713,0.2893296853625171,0.18729458076751687,310
double1,2,52,increasing,30873,31269,31066,30.872999999999998,31.269,31.065999999999995,31.070999999999998,0.3960000000000008,0.48737373737373735,-0.012626262626262652,0.012626262626262626,0.9845062310796319,311
double1,2,53,decreasing,31269,31999,31846,31.269,31.998999999999995,31.845999999999997,31.634,0.7299999999999969,0.7904109589041096,0.2904109589041096,0.29041095890410956,0.17612735266490168,312
double1,2,54,increasing,31999,32391,32197,31.998999999999995,32.391,32.196999999999996,32.195,0.392000000000003,0.5051020408163265,0.005102040816326481,0.00510204081632653,0.9957780717026489,313
double1,2,55,decreasing,32391,33123,32968,32.391,33.123,32.967999999999996,32.757,0.7319999999999993,0.7882513661202186,0.2882513661202186,0.28825136612021857,0.18017067938360662,314
double1,2,56,increasing,33123,33510,33319,33.123,33.51,33.318999999999996,33.3165,0.38700000000000045,0.5064599483204134,0.006459948320413411,0.006459948320413436,0.9697035137176703,315
double1,2,57,decreasing,33510,34239,34085,33.51,34.239,34.085,33.8745,0.7289999999999992,0.7887517146776406,0.2887517146776406,0.2887517146776406,0.18958295254419597,316
double1,2,58,increasing,34239,34626,34427,34.239,34.626,34.427,34.4325,0.38700000000000045,0.48578811369509045,-0.014211886304909549,0.014211886304909561,0.9611548504127119,317
double1,2,59,decreasing,34626,35355,35198,34.626,35.355,35.198,34.9905,0.7289999999999992,0.7846364883401921,0.28463648834019206,0.28463648834019206,0.17658411157359266,318
double1,2,60,increasing,35355,35738,35549,35.355,35.738,35.549,35.546499999999995,0.38300000000000267,0.5065274151436031,0.00652741514360311,0.006527415143603133,0.9616087761972719,319
double1,2,61,decreasing,35738,36468,36309,35.738,36.467999999999996,36.309,36.103,0.7299999999999969,0.7821917808219178,0.28219178082191776,0.2821917808219178,0.15223753821961872,320
double1,2,62,increasing,36468,36847,36651,36.467999999999996,36.847,36.650999999999996,36.6575,0.3790000000000049,0.48284960422163586,-0.017150395778364136,0.017150395778364115,0.9561092329351385,321
double1,2,63,decreasing,36847,37580,37409,36.847,37.58,37.409,37.213499999999996,0.732999999999997,0.7667121418826739,0.2667121418826739,0.26671214188267395,0.134244878920342,322
double1,2,64,increasing,37580,37954,37767,37.58,37.954,37.766999999999996,37.766999999999996,0.37400000000000233,0.5,0.0,0.0,1.0,323
double1,2,65,decreasing,37954,38689,38528,37.954,38.689,38.528,38.3215,0.7349999999999994,0.780952380952381,0.28095238095238095,0.28095238095238095,0.11005144702370787,324
double1,2,66,increasing,38689,39056,38866,38.689,39.056,38.866,38.8725,0.36699999999999733,0.4822888283378747,-0.017711171662125325,0.017711171662125342,0.9479516119526166,325
double1,2,67,decreasing,39056,39793,39618,39.056,39.793,39.618,39.424499999999995,0.7370000000000019,0.762550881953867,0.262550881953867,0.26255088195386705,0.09784860545451872,326
double1,2,68,increasing,39793,40158,39969,39.793,40.158,39.969,39.9755,0.365000000000002,0.4821917808219178,-0.017808219178082174,0.01780821917808219,0.935184433599542,327
double1,2,69,decreasing,40158,40349,40251,40.158,40.349,40.251,40.2535,0.1909999999999954,0.4869109947643979,-0.01308900523560208,0.013089005235602094,0.9239089992341519,328
double1,2,70,increasing,40893,41624,41065,40.893,41.623999999999995,41.065,41.2585,0.7309999999999945,0.23529411764705882,-0.2647058823529412,0.2647058823529412,0.05526959033093864,329
double1,2,71,decreasing,41624,41989,41810,41.623999999999995,41.989,41.81,41.8065,0.365000000000002,0.5095890410958904,0.009589041095890427,0.009589041095890411,0.9315084506784859,330
double1,2,72,increasing,41989,42707,42148,41.989,42.707,42.147999999999996,42.348,0.7180000000000035,0.2214484679665738,-0.2785515320334262,0.2785515320334262,0.03674750098645252,331
double1,2,73,decreasing,42707,43075,42896,42.707,43.074999999999996,42.896,42.891,0.367999999999995,0.5135869565217391,0.013586956521739135,0.01358695652173913,0.9977401585859668,332
double1,2,74,increasing,43075,43785,43222,43.074999999999996,43.785,43.222,43.43,0.7100000000000009,0.20704225352112676,-0.29295774647887324,0.29295774647887324,0.08297553457726313,333
double1,2,75,decreasing,43785,44155,43963,43.785,44.155,43.963,43.97,0.37000000000000455,0.4810810810810811,-0.018918918918918892,0.01891891891891892,0.9390420788943137,334
double1,2,76,increasing,44155,44862,44707,44.155,44.862,44.707,44.5085,0.7070000000000007,0.7807637906647807,0.28076379066478074,0.28076379066478074,0.04231442815305185,335
double1,2,77,decreasing,44862,45228,45042,44.862,45.228,45.042,45.045,0.36599999999999966,0.4918032786885246,-0.008196721311475419,0.00819672131147541,0.9668864069816738,336
double1,2,78,increasing,45228,45938,45776,45.228,45.937999999999995,45.775999999999996,45.583,0.7099999999999937,0.7718309859154929,0.27183098591549293,0.271830985915493,0.009897984004736094,337
double1,2,79,decreasing,45938,46648,46118,45.937999999999995,46.647999999999996,46.118,46.293,0.7100000000000009,0.2535211267605634,-0.24647887323943662,0.24647887323943662,0.04343425626861674,338
double1,2,80,increasing,46648,47010,46836,46.647999999999996,47.01,46.836,46.829,0.3620000000000019,0.5193370165745856,0.01933701657458564,0.019337016574585635,0.9914017572849334,339
double1,2,81,decreasing,47010,47709,47174,47.01,47.708999999999996,47.174,47.3595,0.6989999999999981,0.23462088698140202,-0.26537911301859796,0.265379113018598,0.03924969577044546,340
double1,2,82,increasing,47709,48079,47896,47.708999999999996,48.079,47.896,47.894,0.37000000000000455,0.5054054054054054,0.00540540540540535,0.005405405405405406,0.9789902596778406,341
double1,2,83,decreasing,48079,48773,48628,48.079,48.772999999999996,48.628,48.426,0.6939999999999955,0.7910662824207493,0.2910662824207493,0.2910662824207493,0.07565905112088964,342
double1,2,84,increasing,48773,49143,48948,48.772999999999996,49.143,48.948,48.958,0.37000000000000455,0.47297297297297297,-0.02702702702702703,0.02702702702702703,0.9515280165838044,343
double1,2,85,decreasing,49143,49835,49664,49.143,49.835,49.664,49.489,0.6920000000000002,0.7528901734104047,0.25289017341040465,0.25289017341040465,0.10986867620232854,344
double1,2,86,increasing,49835,50524,50009,49.835,50.524,50.009,50.179500000000004,0.6890000000000001,0.2525399129172714,-0.2474600870827286,0.2474600870827286,0.15663233613542676,345
double1,2,87,decreasing,50524,50898,50701,50.524,50.897999999999996,50.701,50.711,0.3739999999999952,0.4732620320855615,-0.0267379679144385,0.026737967914438502,0.9324903950176155,346
double1,2,88,increasing,50898,51580,51045,50.897999999999996,51.58,51.045,51.239,0.6820000000000022,0.2155425219941349,-0.28445747800586507,0.2844574780058651,0.20063478136485266,347
double1,2,89,decreasing,51580,51958,51774,51.58,51.958,51.774,51.769,0.3780000000000001,0.5132275132275133,0.013227513227513255,0.013227513227513227,0.9364567588868334,348
double1,2,90,increasing,51958,52637,52469,51.958,52.637,52.469,52.2975,0.679000000000002,0.7525773195876289,0.25257731958762886,0.25257731958762886,0.20588735458192453,349
double1,2,91,decreasing,52637,53306,52836,52.637,53.306,52.836,52.9715,0.6689999999999969,0.2974588938714499,-0.20254110612855009,0.20254110612855009,0.2601126686148775,350
double1,2,92,increasing,53306,53694,53521,53.306,53.693999999999996,53.521,53.5,0.3879999999999981,0.5541237113402062,0.054123711340206215,0.05412371134020619,0.9601125113563586,351
double1,2,93,decreasing,53694,54368,53872,53.693999999999996,54.368,53.872,54.031,0.6740000000000066,0.26409495548961426,-0.23590504451038574,0.23590504451038577,0.2941884407853092,352
double1,2,94,increasing,54368,54752,54560,54.368,54.752,54.559999999999995,54.559999999999995,0.38400000000000034,0.5,0.0,0.0,1.0,353
double1,2,95,decreasing,54752,55421,55272,54.752,55.421,55.272,55.0865,0.6689999999999969,0.7772795216741405,0.2772795216741405,0.2772795216741405,0.32187153633965887,354
double1,2,96,increasing,55421,56068,55610,55.421,56.068000000000005,55.60999999999999,55.744499999999995,0.6470000000000056,0.2921174652241113,-0.2078825347758887,0.20788253477588872,0.3892195726777773,355
double1,2,97,decreasing,56068,56477,56304,56.068000000000005,56.477,56.303999999999995,56.2725,0.4089999999999918,0.5770171149144254,0.07701711491442542,0.07701711491442542,0.9589259998389247,356
double1,2,98,increasing,56477,57139,56645,56.477,57.139,56.645,56.808,0.6620000000000061,0.2537764350453172,-0.24622356495468278,0.24622356495468278,0.41791115470317214,357
double1,2,99,decreasing,57139,57534,57342,57.139,57.534,57.342000000000006,57.3365,0.394999999999996,0.5139240506329114,0.013924050632911356,0.013924050632911392,0.9737647996341499,358
double1,2,100,increasing,57534,58193,58029,57.534,58.193000000000005,58.029,57.863499999999995,0.659000000000006,0.7511380880121397,0.25113808801213966,0.2511380880121396,0.46435127627786793,359
double1,2,101,decreasing,58193,58820,58375,58.193000000000005,58.82,58.37499999999999,58.506499999999996,0.6269999999999953,0.2902711323763955,-0.2097288676236045,0.20972886762360446,0.560061412677883,360
double1,2,102,increasing,58820,59252,59065,58.82,59.252,59.065000000000005,59.035999999999994,0.43200000000000216,0.5671296296296297,0.06712962962962965,0.06712962962962964,0.9705058774058138,361
double1,2,103,decreasing,59252,59900,59418,59.252,59.9,59.418,59.576,0.6479999999999961,0.25617283950617287,-0.24382716049382713,0.24382716049382716,0.6202093697756288,362
double1,2,104,increasing,59900,60322,60089,59.9,60.321999999999996,60.089000000000006,60.111,0.42199999999999704,0.44786729857819907,-0.05213270142180093,0.052132701421800945,0.9590369658160198,363
double1,2,105,decreasing,60322,60960,60771,60.321999999999996,60.96,60.770999999999994,60.641,0.6380000000000052,0.7037617554858934,0.20376175548589337,0.20376175548589343,0.6038285218847168,364
double1,2,106,increasing,60960,61574,61144,60.96,61.574000000000005,61.144,61.267,0.6140000000000043,0.2996742671009772,-0.20032573289902278,0.2003257328990228,0.6568418328600742,365
double1,2,107,decreasing,61574,62023,61818,61.574000000000005,62.023,61.818000000000005,61.7985,0.44899999999999807,0.5434298440979956,0.04342984409799555,0.043429844097995544,0.9767669572269244,366
double1,2,108,increasing,62023,62656,62282,62.023,62.656,62.282000000000004,62.3395,0.6329999999999956,0.40916271721958924,-0.09083728278041076,0.09083728278041074,0.9207614335903036,367
double1,2,109,decreasing,62656,63127,62863,62.656,63.127,62.86299999999999,62.8915,0.47100000000000364,0.4394904458598726,-0.060509554140127375,0.06050955414012739,0.9624625910563609,368
double1,2,110,increasing,63127,63718,63520,63.127,63.717999999999996,63.52,63.4225,0.590999999999994,0.6649746192893401,0.1649746192893401,0.1649746192893401,0.7671766498203059,369
double1,2,111,decreasing,63718,64330,63936,63.717999999999996,64.33000000000001,63.936,64.024,0.6120000000000161,0.3562091503267974,-0.1437908496732026,0.1437908496732026,0.809217527068962,370
double1,2,112,increasing,64330,64801,64572,64.33000000000001,64.801,64.572,64.56550000000001,0.4709999999999894,0.5138004246284501,0.013800424628450103,0.013800424628450107,0.960457882745274,371
double1,2,113,decreasing,64801,65414,65210,64.801,65.414,65.21000000000001,65.1075,0.6129999999999995,0.66721044045677,0.16721044045677003,0.16721044045676997,0.9002486498102448,372
double1,2,114,increasing,65414,65951,65636,65.414,65.95100000000001,65.63600000000001,65.6825,0.5370000000000061,0.4134078212290503,-0.08659217877094971,0.08659217877094973,0.9040078656210364,373
double1,2,115,decreasing,65951,66488,66250,65.95100000000001,66.488,66.25,66.21950000000001,0.5369999999999919,0.5567970204841713,0.056797020484171346,0.056797020484171325,0.9261036609856752,374
double1,2,116,increasing,66488,67087,66728,66.488,67.087,66.72800000000001,66.78750000000001,0.5990000000000038,0.4006677796327212,-0.09933222036727879,0.0993322203672788,0.9406616838135121,375
double1,2,117,decreasing,67087,67586,67321,67.087,67.58600000000001,67.32100000000001,67.3365,0.49900000000000944,0.46893787575150303,-0.03106212424849697,0.031062124248496994,0.9830448311184087,376
double1,2,118,increasing,67586,68173,67934,67.58600000000001,68.173,67.93400000000001,67.87950000000001,0.5869999999999891,0.5928449744463373,0.09284497444633732,0.09284497444633731,0.9205500388041316,377
double1,2,119,decreasing,68173,68733,68397,68.173,68.733,68.397,68.453,0.5600000000000023,0.4,-0.09999999999999998,0.1,0.9338414212115869,378
double1,2,120,increasing,68733,69259,69023,68.733,69.259,69.02300000000001,68.99600000000001,0.5259999999999962,0.5513307984790875,0.0513307984790875,0.051330798479087454,0.9537012944324254,379
double1,2,121,decreasing,69259,69847,69543,69.259,69.84700000000001,69.543,69.55300000000001,0.5880000000000081,0.48299319727891155,-0.017006802721088454,0.017006802721088437,0.9794805286684601,380
double1,2,122,increasing,69847,70375,70085,69.84700000000001,70.375,70.08500000000001,70.111,0.5279999999999916,0.45075757575757575,-0.049242424242424254,0.04924242424242424,0.9885423413231407,381
double1,2,123,decreasing,70375,70933,70684,70.375,70.933,70.68400000000001,70.65400000000001,0.5580000000000069,0.553763440860215,0.053763440860215006,0.053763440860215055,0.9376550988255555,382
double1,2,124,increasing,70933,71507,71178,70.933,71.507,71.17800000000001,71.22000000000001,0.5739999999999981,0.4268292682926829,-0.07317073170731708,0.07317073170731707,0.9798729119433979,383
double1,2,125,decreasing,71507,72033,71767,71.507,72.033,71.76700000000001,71.77000000000001,0.5259999999999962,0.49429657794676807,-0.005703422053231932,0.005703422053231939,0.982096473793739,384
double1,2,126,increasing,72033,72606,72335,72.033,72.60600000000001,72.33500000000001,72.3195,0.5730000000000075,0.5270506108202443,0.027050610820244292,0.027050610820244327,0.9911612717049761,385
double1,2,127,decreasing,72606,73155,72872,72.60600000000001,73.155,72.872,72.88050000000001,0.5489999999999924,0.48451730418943534,-0.015482695810564662,0.015482695810564663,0.974032188128403,386
double1,2,128,increasing,73155,73698,73464,73.155,73.69800000000001,73.46400000000001,73.4265,0.5430000000000064,0.569060773480663,0.06906077348066297,0.06906077348066299,0.9673631850694653,387
double1,2,129,decreasing,73698,74272,73981,73.69800000000001,74.272,73.98100000000001,73.985,0.5739999999999981,0.4930313588850174,-0.006968641114982577,0.006968641114982578,0.9748998905214963,388
double1,2,130,increasing,74272,74806,74530,74.272,74.80600000000001,74.53,74.539,0.534000000000006,0.48314606741573035,-0.01685393258426965,0.016853932584269662,0.981913143243881,389
double1,2,131,decreasing,74806,75372,75107,74.80600000000001,75.372,75.10700000000001,75.08900000000001,0.5659999999999883,0.5318021201413428,0.03180212014134276,0.03180212014134275,0.9823524593240981,390
double1,2,132,increasing,75372,75924,75634,75.372,75.924,75.634,75.64800000000001,0.5520000000000067,0.4746376811594203,-0.025362318840579712,0.025362318840579712,0.9797594991419335,391
double1,2,133,decreasing,75924,76470,76218,75.924,76.47000000000001,76.218,76.197,0.5460000000000065,0.5384615384615384,0.038461538461538436,0.038461538461538464,0.9888771715557114,392
double1,2,134,increasing,76470,77035,76760,76.47000000000001,77.03500000000001,76.76,76.7525,0.5649999999999977,0.5132743362831859,0.013274336283185861,0.01327433628318584,0.9855828175848991,393
double1,2,135,decreasing,77035,77579,77308,77.03500000000001,77.57900000000001,77.308,77.307,0.5439999999999969,0.5018382352941176,0.0018382352941176405,0.001838235294117647,0.9765983039160038,394
double1,2,136,increasing,77579,78138,77872,77.57900000000001,78.138,77.872,77.8585,0.5589999999999975,0.5241502683363148,0.02415026833631484,0.024150268336314847,0.9861678433556407,395
double1,2,137,decreasing,78138,78692,78421,78.138,78.69200000000001,78.421,78.415,0.554000000000002,0.5108303249097473,0.010830324909747335,0.010830324909747292,0.9995039934562625,396
double1,2,138,increasing,78692,79241,78966,78.69200000000001,79.241,78.96600000000001,78.96650000000001,0.5489999999999924,0.4990892531876138,-0.0009107468123861762,0.0009107468123861566,0.9917101625039986,397
double1,2,139,decreasing,79241,79800,79507,79.241,79.80000000000001,79.507,79.5205,0.5590000000000117,0.47584973166368516,-0.02415026833631484,0.024150268336314847,0.9807165080045397,398
double1,2,140,increasing,79800,80350,80063,79.80000000000001,80.35000000000001,80.063,80.075,0.5499999999999972,0.4781818181818182,-0.021818181818181792,0.02181818181818182,0.9818335241481239,399
double1,2,141,decreasing,80350,80902,80640,80.35000000000001,80.902,80.64,80.626,0.5519999999999925,0.5253623188405797,0.025362318840579712,0.025362318840579712,0.9892020069418423,400
double1,2,142,increasing,80902,81460,81181,80.902,81.46000000000001,81.18100000000001,81.18100000000001,0.5580000000000069,0.5,0.0,0.0,1.0,401
double1,2,143,decreasing,81460,82006,81728,81.46000000000001,82.006,81.72800000000001,81.733,0.5459999999999923,0.4908424908424908,-0.00915750915750918,0.009157509157509158,0.9812981420673755,402
double1,2,144,increasing,82006,82567,82302,82.006,82.56700000000001,82.302,82.2865,0.561000000000007,0.5276292335115864,0.027629233511586415,0.027629233511586453,0.9911631471491283,403
double1,2,145,decreasing,82567,83117,82848,82.56700000000001,83.117,82.84800000000001,82.84200000000001,0.5499999999999972,0.5109090909090909,0.010909090909090868,0.01090909090909091,0.9949768711783431,404
double1,2,146,increasing,83117,83668,83402,83.117,83.668,83.402,83.39250000000001,0.5510000000000019,0.5172413793103449,0.017241379310344862,0.017241379310344827,0.9799136249363047,405
double1,2,147,decreasing,83668,84224,83944,83.668,84.224,83.944,83.94600000000001,0.5559999999999974,0.49640287769784175,-0.003597122302158251,0.0035971223021582736,0.9878151130165406,406
double1,2,148,increasing,84224,84775,84493,84.224,84.775,84.49300000000001,84.49950000000001,0.5510000000000019,0.4882032667876588,-0.011796733212341204,0.011796733212341199,0.9879004687898234,407
double1,2,149,decreasing,84775,85329,85056,84.775,85.32900000000001,85.05600000000001,85.052,0.554000000000002,0.5072202166064982,0.0072202166064981865,0.007220216606498195,0.9878688724874981,408
double1,2,150,increasing,85329,85883,85597,85.32900000000001,85.88300000000001,85.59700000000001,85.60600000000001,0.554000000000002,0.48375451263537905,-0.016245487364620947,0.016245487364620937,0.994678912946517,409
double1,2,151,decreasing,85883,86433,86173,85.88300000000001,86.433,86.173,86.158,0.5499999999999972,0.5272727272727272,0.027272727272727226,0.02727272727272727,0.9844912216592226,410
double1,2,152,increasing,86433,86988,86716,86.433,86.98800000000001,86.71600000000001,86.71050000000001,0.5550000000000068,0.5099099099099099,0.00990990990990992,0.00990990990990991,0.9919259425859653,411
double1,2,153,decreasing,86988,87540,87258,86.98800000000001,87.54,87.25800000000001,87.26400000000001,0.5519999999999925,0.4891304347826087,-0.010869565217391297,0.010869565217391304,0.9950359514723618,412
double1,2,154,increasing,87540,88092,87816,87.54,88.09200000000001,87.816,87.816,0.5520000000000067,0.5,0.0,0.0,1.0,413
double1,2,155,decreasing,88092,88643,88363,88.09200000000001,88.643,88.36300000000001,88.3675,0.5509999999999877,0.49183303085299457,-0.008166969147005432,0.008166969147005444,0.9779778619336396,414
double1,2,156,increasing,88643,89197,88914,88.643,89.197,88.914,88.92,0.554000000000002,0.4891696750902527,-0.01083032490974728,0.010830324909747292,0.9831804647498918,415
double1,2,157,decreasing,89197,89749,89472,89.197,89.74900000000001,89.47200000000001,89.47300000000001,0.5520000000000067,0.49818840579710144,-0.0018115942028985588,0.0018115942028985507,0.9744113457289024,416
double1,2,158,increasing,89749,90302,90029,89.74900000000001,90.302,90.02900000000001,90.02550000000001,0.5529999999999973,0.5063291139240507,0.006329113924050667,0.006329113924050633,0.9972452093448565,417
double1,2,159,decreasing,90302,90855,90577,90.302,90.855,90.57700000000001,90.5785,0.5529999999999973,0.4972875226039783,-0.0027124773960217063,0.0027124773960217,0.9800380275820271,418
double1,2,160,increasing,90855,91406,91116,90.855,91.406,91.11600000000001,91.13050000000001,0.5510000000000019,0.47368421052631576,-0.026315789473684237,0.02631578947368421,0.9907926445658919,419
double1,2,161,decreasing,91406,91958,91680,91.406,91.95800000000001,91.68,91.682,0.5520000000000067,0.4963768115942029,-0.0036231884057971175,0.0036231884057971015,0.9857968954724622,420
double1,2,162,increasing,91958,92511,92235,91.95800000000001,92.51100000000001,92.23500000000001,92.23450000000001,0.5529999999999973,0.5009041591320073,0.000904159132007254,0.0009041591320072332,0.9869092316933048,421
double1,2,163,decreasing,92511,93063,92792,92.51100000000001,93.063,92.792,92.787,0.5519999999999925,0.5090579710144928,0.009057971014492794,0.009057971014492754,0.9933696643667856,422
double1,2,164,increasing,93063,93616,93340,93.063,93.61600000000001,93.34,93.33950000000002,0.5530000000000115,0.5009041591320073,0.000904159132007254,0.0009041591320072332,0.9906197165185826,423
double1,2,165,decreasing,93616,94167,93889,93.61600000000001,94.167,93.88900000000001,93.89150000000001,0.5509999999999877,0.4954627949183303,-0.004537205081669715,0.004537205081669692,0.9821691448133025,424
double1,2,166,increasing,94167,94719,94444,94.167,94.71900000000001,94.444,94.44300000000001,0.5520000000000067,0.5018115942028986,0.0018115942028985588,0.0018115942028985507,0.9786321379278793,425
double1,2,167,decreasing,94719,95272,95009,94.71900000000001,95.272,95.009,94.9955,0.5529999999999973,0.5244122965641953,0.0244122965641953,0.024412296564195298,0.9802478211308704,426
double1,2,168,increasing,95272,95824,95548,95.272,95.82400000000001,95.548,95.548,0.5520000000000067,0.5,0.0,0.0,1.0,427
double1,2,169,decreasing,95824,96376,96094,95.82400000000001,96.376,96.09400000000001,96.10000000000001,0.5519999999999925,0.4891304347826087,-0.010869565217391297,0.010869565217391304,0.9831820255873422,428
double1,2,170,increasing,96376,96927,96649,96.376,96.927,96.649,96.6515,0.5510000000000019,0.4954627949183303,-0.004537205081669715,0.004537205081669692,0.9743048959152923,429
double1,2,171,decreasing,96927,97479,97209,96.927,97.47900000000001,97.209,97.203,0.5520000000000067,0.5108695652173914,0.010869565217391353,0.010869565217391304,0.9762965175855781,430
double1,2,172,increasing,97479,98032,97758,97.47900000000001,98.03200000000001,97.75800000000001,97.75550000000001,0.5529999999999973,0.5045207956600362,0.004520795660036159,0.0045207956600361665,0.9838416442193822,431
double1,2,173,decreasing,98032,98583,98296,98.03200000000001,98.58300000000001,98.296,98.3075,0.5510000000000019,0.4791288566243194,-0.02087114337568058,0.020871143375680582,0.9928168868303326,432
double1,2,174,increasing,98583,99134,98854,98.58300000000001,99.134,98.85400000000001,98.8585,0.5509999999999877,0.49183303085299457,-0.008166969147005432,0.008166969147005444,0.9943878838611456,433
double1,2,175,decreasing,99134,99687,99403,99.134,99.68700000000001,99.403,99.41050000000001,0.5530000000000115,0.4864376130198915,-0.013562386980108476,0.013562386980108499,0.9884444458836713,434
double1,2,176,increasing,99687,100237,99970,99.68700000000001,100.23700000000001,99.97000000000001,99.962,0.5499999999999972,0.5145454545454545,0.014545454545454528,0.014545454545454545,0.997377716516866,435
double1,2,177,decreasing,100237,100790,100520,100.23700000000001,100.79,100.52000000000001,100.51350000000001,0.5529999999999973,0.5117540687160941,0.01175406871609408,0.011754068716094032,0.9778851982442507,436
double1,2,178,increasing,100790,101343,101069,100.79,101.343,101.069,101.0665,0.5529999999999973,0.5045207956600362,0.004520795660036159,0.0045207956600361665,0.9801475459883191,437
double1,2,179,decreasing,101343,101893,101615,101.343,101.893,101.61500000000001,101.61800000000001,0.5499999999999972,0.49454545454545457,-0.005454545454545434,0.005454545454545455,0.9924327004671106,438
double1,2,180,increasing,101893,102445,102181,101.893,102.44500000000001,102.18100000000001,102.16900000000001,0.5520000000000067,0.5217391304347826,0.021739130434782594,0.021739130434782608,0.9897505437298785,439
double1,2,181,decreasing,102445,102997,102718,102.44500000000001,102.99700000000001,102.718,102.721,0.5520000000000067,0.4945652173913043,-0.005434782608695676,0.005434782608695652,0.9883537788264702,440
double1,2,182,increasing,102997,103551,103276,102.99700000000001,103.551,103.27600000000001,103.274,0.5539999999999878,0.5036101083032491,0.0036101083032491488,0.0036101083032490976,0.9750494293816173,441
double1,2,183,decreasing,103551,104099,103825,103.551,104.099,103.825,103.825,0.5480000000000018,0.5,0.0,0.0,1.0,442
double1,2,184,increasing,104099,104652,104370,104.099,104.652,104.37,104.37550000000002,0.5529999999999973,0.49005424954792043,-0.009945750452079571,0.009945750452079566,0.9926392312105433,443
double1,2,185,decreasing,104652,105202,104924,104.652,105.20200000000001,104.924,104.927,0.5500000000000114,0.49454545454545457,-0.005454545454545434,0.005454545454545455,0.9876941633266914,444
double1,2,186,increasing,105202,105753,105492,105.20200000000001,105.753,105.492,105.4775,0.5509999999999877,0.5263157894736842,0.02631578947368418,0.02631578947368421,0.9947826767370763,445
double1,2,187,decreasing,105753,106306,106027,105.753,106.30600000000001,106.027,106.02950000000001,0.5530000000000115,0.49547920433996384,-0.004520795660036159,0.0045207956600361665,0.980575836375609,446
double1,2,188,increasing,106306,106857,106579,106.30600000000001,106.85700000000001,106.57900000000001,106.5815,0.5510000000000019,0.4954627949183303,-0.004537205081669715,0.004537205081669692,0.9792796704496657,447
double1,2,189,decreasing,106857,107409,107126,106.85700000000001,107.409,107.126,107.13300000000001,0.5519999999999925,0.48731884057971014,-0.012681159420289856,0.012681159420289856,0.9708887405821904,448
double1,2,190,increasing,107409,107960,107691,107.409,107.96000000000001,107.691,107.68450000000001,0.5510000000000019,0.5117967332123412,0.011796733212341204,0.011796733212341199,0.9786076437539684,449
double1,2,191,decreasing,107960,108512,108239,107.96000000000001,108.512,108.239,108.236,0.5519999999999925,0.5054347826086957,0.005434782608695676,0.005434782608695652,0.9761978889603459,450
double1,2,192,increasing,108512,109062,108784,108.512,109.06200000000001,108.784,108.787,0.5500000000000114,0.49454545454545457,-0.005454545454545434,0.005454545454545455,0.9719618166497609,451
double1,2,193,decreasing,109062,109615,109341,109.06200000000001,109.61500000000001,109.34100000000001,109.33850000000001,0.5529999999999973,0.5045207956600362,0.004520795660036159,0.0045207956600361665,0.9823950043839011,452
double1,2,194,increasing,109615,110166,109887,109.61500000000001,110.16600000000001,109.887,109.8905,0.5510000000000019,0.49364791288566245,-0.006352087114337546,0.006352087114337568,0.9750063697164643,453
double1,2,195,decreasing,110166,110717,110433,110.16600000000001,110.71700000000001,110.433,110.4415,0.5510000000000019,0.484573502722323,-0.015426497277676976,0.015426497277676952,0.9801007620963277,454
double1,2,196,increasing,110717,111268,111000,110.71700000000001,111.268,111.00000000000001,110.9925,0.5509999999999877,0.5136116152450091,0.01361161524500909,0.013611615245009074,0.9802386922421608,455
double1,2,197,decreasing,111268,111819,111540,111.268,111.819,111.54,111.54350000000001,0.5510000000000019,0.49364791288566245,-0.006352087114337546,0.006352087114337568,0.9815244344320961,456
double1,2,198,increasing,111819,112370,112098,111.819,112.37,112.09800000000001,112.09450000000001,0.5510000000000019,0.5063520871143375,0.006352087114337546,0.006352087114337568,0.9821937307859604,457
double1,2,199,decreasing,112370,112921,112647,112.37,112.921,112.647,112.6455,0.5510000000000019,0.5027223230490018,0.0027223230490017736,0.0027223230490018148,0.9923132769883819,458
double1,2,200,increasing,112921,113473,113201,112.921,113.47300000000001,113.20100000000001,113.197,0.5520000000000067,0.5072463768115942,0.007246376811594235,0.007246376811594203,0.9889793364423716,459
double1,2,201,decreasing,113473,114025,113744,113.47300000000001,114.025,113.74400000000001,113.74900000000001,0.5519999999999925,0.49094202898550726,-0.009057971014492738,0.009057971014492754,0.9941964277561981,460
double1,2,202,increasing,114025,114575,114291,114.025,114.575,114.29100000000001,114.30000000000001,0.5499999999999972,0.48363636363636364,-0.016363636363636358,0.016363636363636365,0.9735713478793256,461
double1,2,203,decreasing,114575,115125,114858,114.575,115.12500000000001,114.858,114.85000000000001,0.5500000000000114,0.5145454545454545,0.014545454545454528,0.014545454545454545,0.9909860608568024,462
double1,2,204,increasing,115125,115676,115405,115.12500000000001,115.676,115.405,115.40050000000001,0.5509999999999877,0.5081669691470054,0.008166969147005432,0.008166969147005444,0.9951715218177031,463
double1,2,205,decreasing,115676,116227,115960,115.676,116.227,115.96000000000001,115.95150000000001,0.5510000000000019,0.515426497277677,0.015426497277676976,0.015426497277676952,0.9913148482160008,464
double1,2,206,increasing,116227,116778,116495,116.227,116.778,116.495,116.50250000000001,0.5510000000000019,0.4863883847549909,-0.01361161524500909,0.013611615245009074,0.9924335291895021,465
double1,2,207,decreasing,116778,117328,117049,116.778,117.328,117.049,117.05300000000001,0.5499999999999972,0.49272727272727274,-0.007272727272727264,0.007272727272727273,0.9904180291349826,466
double1,2,208,increasing,117328,117879,117609,117.328,117.879,117.60900000000001,117.60350000000001,0.5510000000000019,0.5099818511796733,0.009981851179673318,0.009981851179673321,0.9904545013218911,467
double1,2,209,decreasing,117879,118429,118159,117.879,118.429,118.15900000000002,118.154,0.5499999999999972,0.509090909090909,0.009090909090909038,0.00909090909090909,0.9816714526638062,468
double1,2,210,increasing,118429,118983,118710,118.429,118.983,118.71000000000001,118.70600000000002,0.554000000000002,0.5072202166064982,0.0072202166064981865,0.007220216606498195,0.9890360015631678,469
double1,2,211,decreasing,118983,119534,119262,118.983,119.53400000000002,119.262,119.25850000000001,0.5510000000000161,0.5063520871143375,0.006352087114337546,0.006352087114337568,0.9834931987999417,470
double1,2,212,increasing,119534,120084,119799,119.53400000000002,120.084,119.799,119.809,0.549999999999983,0.4818181818181818,-0.018181818181818188,0.01818181818181818,0.9754599268972248,471
double1,2,213,decreasing,120084,120634,120349,120.084,120.63400000000001,120.34900000000002,120.35900000000001,0.5500000000000114,0.4818181818181818,-0.018181818181818188,0.01818181818181818,0.9798192224970786,472
double1,2,214,increasing,120634,121184,120914,120.63400000000001,121.184,120.91400000000002,120.90900000000002,0.549999999999983,0.509090909090909,0.009090909090909038,0.00909090909090909,0.9884971981083578,473
double1,2,215,decreasing,121184,121737,121456,121.184,121.737,121.45600000000002,121.46050000000001,0.5529999999999973,0.4918625678119349,-0.008137432188065119,0.0081374321880651,0.9809008857626338,474
double1,2,216,increasing,121737,122288,122016,121.737,122.28800000000001,122.01600000000002,122.0125,0.5510000000000161,0.5063520871143375,0.006352087114337546,0.006352087114337568,0.9713616710828489,475
double1,2,217,decreasing,122288,122837,122552,122.28800000000001,122.83700000000002,122.55200000000002,122.56250000000001,0.5490000000000066,0.4808743169398907,-0.01912568306010931,0.01912568306010929,0.9783397667246365,476
double1,2,218,increasing,122837,123388,123118,122.83700000000002,123.388,123.118,123.1125,0.5509999999999877,0.5099818511796733,0.009981851179673318,0.009981851179673321,0.9893328876997296,477
double1,2,219,decreasing,123388,123942,123654,123.388,123.94200000000001,123.654,123.66500000000002,0.554000000000002,0.48014440433212996,-0.01985559566787004,0.019855595667870037,0.9692084558040812,478
double1,2,220,increasing,123942,124490,124220,123.94200000000001,124.49000000000001,124.22,124.21600000000001,0.5480000000000018,0.5072992700729927,0.007299270072992692,0.0072992700729927005,0.977272570014073,479
double1,2,221,decreasing,124490,125041,124779,124.49000000000001,125.041,124.779,124.76550000000002,0.5509999999999877,0.5245009074410163,0.024500907441016295,0.024500907441016333,0.9818521274131833,480
double1,2,222,increasing,125041,125591,125322,125.041,125.59100000000001,125.322,125.316,0.5500000000000114,0.5109090909090909,0.010909090909090868,0.01090909090909091,0.9862220910722429,481
double1,2,223,decreasing,125591,126140,125849,125.59100000000001,126.14000000000001,125.84900000000002,125.86550000000001,0.5490000000000066,0.46994535519125685,-0.030054644808743147,0.030054644808743168,0.996323926402123,482
double1,2,224,increasing,126140,126691,126406,126.14000000000001,126.691,126.406,126.41550000000001,0.5509999999999877,0.4827586206896552,-0.017241379310344807,0.017241379310344827,0.9865145086524345,483
double1,2,225,decreasing,126691,127241,126976,126.691,127.24100000000001,126.976,126.96600000000001,0.5500000000000114,0.5181818181818182,0.018181818181818188,0.01818181818181818,0.9959076913095793,484
double1,2,226,increasing,127241,127792,127531,127.24100000000001,127.792,127.531,127.51650000000001,0.5509999999999877,0.5263157894736842,0.02631578947368418,0.02631578947368421,0.9855764519788868,485
double1,2,227,decreasing,127792,128344,128078,127.792,128.344,128.078,128.068,0.5519999999999925,0.5181159420289855,0.018115942028985477,0.018115942028985508,0.9884835393291437,486
double1,2,228,increasing,128344,128895,128632,128.344,128.895,128.632,128.61950000000002,0.5510000000000161,0.5226860254083484,0.02268602540834841,0.022686025408348458,0.9792213377668458,487
double1,2,229,decreasing,128895,129442,129161,128.895,129.442,129.161,129.1685,0.546999999999997,0.48628884826325414,-0.013711151736745864,0.013711151736745886,0.9933757975380133,488
double1,2,230,increasing,129442,129994,129734,129.442,129.994,129.734,129.71800000000002,0.5519999999999925,0.5289855072463768,0.02898550724637683,0.028985507246376812,0.9915633652137632,489
double1,2,231,decreasing,129994,130542,130270,129.994,130.542,130.27,130.268,0.5480000000000018,0.5036496350364964,0.0036496350364964014,0.0036496350364963502,0.9991463901379504,490
double1,2,232,increasing,130542,131094,130827,130.542,131.094,130.827,130.818,0.5519999999999925,0.5163043478260869,0.016304347826086918,0.016304347826086956,0.9938780810985793,491
double1,2,233,decreasing,131094,131646,131382,131.094,131.64600000000002,131.382,131.37,0.5520000000000209,0.5217391304347826,0.021739130434782594,0.021739130434782608,0.9989305322160144,492
double1,2,234,increasing,131646,132195,131917,131.64600000000002,132.19500000000002,131.917,131.9205,0.5490000000000066,0.4936247723132969,-0.006375227686703122,0.006375227686703097,0.9862855211175446,493
double1,2,235,decreasing,132195,132747,132476,132.19500000000002,132.747,132.476,132.471,0.5519999999999925,0.5090579710144928,0.009057971014492794,0.009057971014492754,0.976561774509064,494
double1,2,236,increasing,132747,133295,133025,132.747,133.29500000000002,133.025,133.02100000000002,0.5480000000000018,0.5072992700729927,0.007299270072992692,0.0072992700729927005,0.9739228939580844,495
double1,2,237,decreasing,133295,133849,133589,133.29500000000002,133.84900000000002,133.589,133.572,0.554000000000002,0.5306859205776173,0.03068592057761732,0.030685920577617327,0.9743458148735122,496
double1,2,238,increasing,133849,134397,134125,133.84900000000002,134.39700000000002,134.125,134.12300000000002,0.5480000000000018,0.5036496350364964,0.0036496350364964014,0.0036496350364963502,0.9849844900681068,497
double1,2,239,decreasing,134397,134944,134670,134.39700000000002,134.94400000000002,134.67000000000002,134.6705,0.546999999999997,0.4990859232175503,-0.000914076782449702,0.0009140767824497258,0.9913809690845148,498
double1,2,240,increasing,134944,135495,135216,134.94400000000002,135.495,135.216,135.21949999999998,0.5509999999999877,0.49364791288566245,-0.006352087114337546,0.006352087114337568,0.9873516932000579,499
double1,2,241,decreasing,135495,136044,135778,135.495,136.044,135.77800000000002,135.7695,0.5490000000000066,0.5154826958105647,0.015482695810564717,0.015482695810564663,0.9937227020000471,500
double1,2,242,increasing,136044,136596,136327,136.044,136.596,136.327,136.32000000000002,0.5519999999999925,0.5126811594202898,0.0126811594202898,0.012681159420289856,0.9845005679786847,501
double1,2,243,decreasing,136596,137146,136904,136.596,137.14600000000002,136.904,136.871,0.5500000000000114,0.56,0.06000000000000005,0.06,0.9855202274966446,502
double1,2,244,increasing,137146,137700,137427,137.14600000000002,137.70000000000002,137.42700000000002,137.423,0.554000000000002,0.5072202166064982,0.0072202166064981865,0.007220216606498195,0.977317165441244,503
double1,2,245,decreasing,137700,138250,137981,137.70000000000002,138.25,137.981,137.975,0.549999999999983,0.5109090909090909,0.010909090909090868,0.01090909090909091,0.9681176056797758,504
double1,2,246,increasing,138250,138796,138527,138.25,138.79600000000002,138.52700000000002,138.523,0.5460000000000207,0.5073260073260073,0.0073260073260073,0.007326007326007326,0.978901011821682,505
double1,2,247,decreasing,138796,139347,139081,138.79600000000002,139.347,139.08100000000002,139.07150000000001,0.5509999999999877,0.5172413793103449,0.017241379310344862,0.017241379310344827,0.9783911127972366,506
double1,2,248,increasing,139347,139896,139628,139.347,139.89600000000002,139.62800000000001,139.62150000000003,0.5490000000000066,0.51183970856102,0.011839708561020013,0.011839708561020037,0.9726878331162964,507
double1,2,249,decreasing,139896,140447,140197,139.89600000000002,140.447,140.197,140.1715,0.5509999999999877,0.5462794918330308,0.04627949183303082,0.04627949183303085,0.9814023962206635,508
double1,2,250,increasing,140447,140997,140717,140.447,140.997,140.717,140.722,0.5500000000000114,0.4909090909090909,-0.009090909090909094,0.00909090909090909,0.9717150683258071,509
double1,2,251,decreasing,140997,141543,141299,140.997,141.543,141.299,141.27,0.5459999999999923,0.5531135531135531,0.05311355311355315,0.05311355311355311,0.9827902096593102,510
double1,2,252,increasing,141543,142094,141828,141.543,142.094,141.828,141.81850000000003,0.5509999999999877,0.5172413793103449,0.017241379310344862,0.017241379310344827,0.9820340381158972,511
double1,2,253,decreasing,142094,142644,142386,142.094,142.644,142.386,142.369,0.5500000000000114,0.5309090909090909,0.030909090909090886,0.03090909090909091,0.9837172582520755,512
double1,2,254,increasing,142644,143192,142926,142.644,143.192,142.92600000000002,142.918,0.5480000000000018,0.5145985401459854,0.014598540145985384,0.014598540145985401,0.9707028882988202,513
double1,2,255,decreasing,143192,143746,143487,143.192,143.746,143.487,143.469,0.554000000000002,0.5324909747292419,0.032490974729241895,0.032490974729241874,0.9852212251192884,514
double1,2,256,increasing,143746,144294,144012,143.746,144.294,144.012,144.02,0.5480000000000018,0.4854014598540146,-0.014598540145985384,0.014598540145985401,0.9781660600962412,515
double1,2,257,decreasing,144294,144844,144587,144.294,144.844,144.58700000000002,144.56900000000002,0.549999999999983,0.5327272727272727,0.032727272727272716,0.03272727272727273,0.9918072760566206,516
double1,2,258,increasing,144844,145393,145110,144.844,145.393,145.11,145.11849999999998,0.5490000000000066,0.48451730418943534,-0.015482695810564662,0.015482695810564663,0.9830517678246251,517
double1,2,259,decreasing,145393,145940,145686,145.393,145.94,145.686,145.66649999999998,0.546999999999997,0.5356489945155393,0.03564899451553927,0.0356489945155393,0.9819003217726391,518
double1,2,260,increasing,145940,146489,146232,145.94,146.489,146.232,146.2145,0.5490000000000066,0.5318761384335154,0.031876138433515444,0.031876138433515486,0.986022026881226,519
double1,2,261,decreasing,146489,147036,146786,146.489,147.036,146.786,146.7625,0.546999999999997,0.5429616087751371,0.042961608775137106,0.04296160877513711,0.9806473474536119,520
double1,2,262,increasing,147036,147585,147335,147.036,147.585,147.335,147.3105,0.5490000000000066,0.5446265938069217,0.04462659380692169,0.044626593806921674,0.99772473563327,521
double1,2,263,decreasing,147585,148134,147885,147.585,148.13400000000001,147.88500000000002,147.85950000000003,0.5490000000000066,0.546448087431694,0.04644808743169404,0.04644808743169399,0.9807998704393138,522
double1,2,264,increasing,148134,148685,148411,148.13400000000001,148.685,148.411,148.4095,0.5509999999999877,0.5027223230490018,0.0027223230490017736,0.0027223230490018148,0.9913989405467701,523
double1,2,265,decreasing,148685,149230,148986,148.685,149.23000000000002,148.98600000000002,148.9575,0.5450000000000159,0.5522935779816514,0.05229357798165135,0.05229357798165138,0.9848130787124587,524
double1,2,266,increasing,149230,149778,149524,149.23000000000002,149.77800000000002,149.524,149.50400000000002,0.5480000000000018,0.5364963503649635,0.03649635036496346,0.0364963503649635,0.9742930878152438,525
double1,2,267,decreasing,149778,150322,150085,149.77800000000002,150.322,150.085,150.05,0.5439999999999827,0.5643382352941176,0.06433823529411764,0.06433823529411764,0.9790656691928877,526
double2,1,0,decreasing,333,996,808,0.3330000000000002,0.9960000000000004,0.8079999999999998,0.6644999999999994,0.6630000000000003,0.7164404223227753,0.21644042232277527,0.21644042232277527,0.18370666987902298,527
double2,1,1,increasing,996,1561,1166,0.9960000000000004,1.561,1.1660000000000004,1.2785000000000002,0.5649999999999995,0.3008849557522124,-0.1991150442477876,0.19911504424778761,0.539925482174167,528
double2,1,2,decreasing,1561,2203,2022,1.561,2.2029999999999994,2.0220000000000002,1.8819999999999997,0.6419999999999995,0.7180685358255452,0.2180685358255452,0.21806853582554517,0.027621730938758568,529
double2,1,3,increasing,2203,2781,2381,2.2029999999999994,2.7810000000000006,2.3810000000000002,2.491999999999999,0.5780000000000012,0.3079584775086505,-0.19204152249134948,0.19204152249134948,0.3985487022048562,530
double2,1,4,decreasing,2781,3406,3236,2.7810000000000006,3.4060000000000006,3.235999999999999,3.0934999999999997,0.625,0.728,0.22799999999999998,0.228,0.10272777845871056,531
double2,1,5,increasing,3406,3994,3570,3.4060000000000006,3.9939999999999998,3.5700000000000003,3.6999999999999993,0.5879999999999992,0.2789115646258503,-0.22108843537414968,0.22108843537414966,0.335783732511264,532
double2,1,6,decreasing,3994,4609,4436,3.9939999999999998,4.609,4.436,4.3015,0.6150000000000002,0.71869918699187,0.21869918699186996,0.2186991869918699,0.16585335618076755,533
double2,1,7,increasing,4609,5201,4776,4.609,5.2010000000000005,4.776,4.904999999999999,0.5920000000000005,0.28209459459459457,-0.21790540540540543,0.2179054054054054,0.3083029392834156,534
double2,1,8,decreasing,5201,5808,5642,5.2010000000000005,5.808,5.6419999999999995,5.504499999999999,0.6069999999999993,0.7265238879736409,0.22652388797364087,0.22652388797364087,0.21105414900154204,535
double2,1,9,increasing,5808,6402,5970,5.808,6.401999999999999,5.970000000000001,6.104999999999999,0.5939999999999994,0.2727272727272727,-0.2272727272727273,0.22727272727272727,0.2854664610639938,536
double2,1,10,decreasing,6402,6998,6834,6.401999999999999,6.997999999999999,6.834000000000001,6.700000000000001,0.5960000000000001,0.7248322147651006,0.22483221476510062,0.22483221476510068,0.26205128205128203,537
double2,1,11,increasing,6998,7604,7172,6.997999999999999,7.604000000000001,7.171999999999999,7.301,0.6060000000000016,0.2871287128712871,-0.2128712871287129,0.21287128712871287,0.22440211943290844,538
double2,1,12,decreasing,7604,8176,8015,7.604000000000001,8.176,8.014999999999999,7.889999999999999,0.5719999999999992,0.7185314685314685,0.21853146853146854,0.21853146853146854,0.3911189162067235,539
double2,1,13,increasing,8176,8808,8338,8.176,8.808000000000002,8.338,8.491999999999999,0.6320000000000014,0.2563291139240506,-0.2436708860759494,0.24367088607594936,0.07177091795288383,540
double2,1,14,decreasing,8808,9338,9169,8.808000000000002,9.338,9.168999999999999,9.072999999999999,0.5299999999999976,0.6811320754716981,0.18113207547169807,0.1811320754716981,0.6913094769956745,541
double2,1,15,increasing,9338,10010,9514,9.338,10.01,9.514000000000001,9.674000000000001,0.6720000000000006,0.2619047619047619,-0.23809523809523808,0.23809523809523808,0.13023532916294311,542
double2,1,16,decreasing,10010,10521,10216,10.01,10.520999999999999,10.216,10.2655,0.5109999999999992,0.40313111545988256,-0.09686888454011744,0.09686888454011741,0.9329999315504868,543
double2,1,17,increasing,10521,11170,11008,10.520999999999999,11.17,11.008000000000001,10.8455,0.6490000000000009,0.7503852080123267,0.25038520801232667,0.25038520801232667,0.019148976211984338,544
double2,1,18,decreasing,11170,11725,11330,11.17,11.725,11.33,11.4475,0.5549999999999997,0.2882882882882883,-0.21171171171171171,0.21171171171171171,0.5032215738046704,545
double2,1,19,increasing,11725,12313,12147,11.725,12.313,12.147,12.019,0.588000000000001,0.717687074829932,0.217687074829932,0.21768707482993196,0.3203952011291461,546
double2,1,20,decreasing,12313,12929,12473,12.313,12.929,12.473,12.621,0.6159999999999997,0.2597402597402597,-0.24025974025974028,0.24025974025974026,0.19345388423073043,547
double2,1,21,increasing,12929,13453,13277,12.929,13.453000000000001,13.277,13.191,0.5240000000000009,0.6641221374045801,0.16412213740458015,0.16412213740458015,0.7310422114307062,548
double2,1,22,decreasing,13453,14117,13638,13.453000000000001,14.116999999999999,13.638,13.784999999999998,0.6639999999999979,0.2786144578313253,-0.22138554216867468,0.2213855421686747,0.011310929954164564,549
double2,1,23,increasing,14117,14628,14305,14.116999999999999,14.627999999999998,14.305000000000001,14.3725,0.5109999999999992,0.3679060665362035,-0.1320939334637965,0.13209393346379647,0.8619641343940244,550
double2,1,24,decreasing,14628,15253,15082,14.627999999999998,15.252999999999998,15.081999999999999,14.9405,0.625,0.7264,0.22640000000000005,0.2264,0.1694697535858527,551
double2,1,25,increasing,15253,15831,15409,15.252999999999998,15.831000000000001,15.409,15.542,0.578000000000003,0.2698961937716263,-0.23010380622837368,0.2301038062283737,0.4045473166734945,552
double2,1,26,decreasing,15831,16378,16205,15.831000000000001,16.378,16.205,16.104499999999998,0.5469999999999988,0.6837294332723949,0.18372943327239488,0.18372943327239488,0.5871080634357504,553
double2,1,27,increasing,16378,17026,16546,16.378,17.026000000000003,16.546,16.701999999999998,0.6480000000000032,0.25925925925925924,-0.24074074074074076,0.24074074074074073,0.10805396019767595,554
double2,1,28,decreasing,17026,17526,17260,17.026000000000003,17.526000000000003,17.259999999999998,17.276000000000003,0.5,0.468,-0.03199999999999997,0.032,0.9814126394052046,555
double2,1,29,increasing,17526,18161,17996,17.526000000000003,18.161,17.996000000000002,17.843500000000002,0.634999999999998,0.7401574803149606,0.24015748031496065,0.24015748031496062,0.17493149718492934,556
double2,1,30,decreasing,18161,18726,18319,18.161,18.726,18.319000000000003,18.4435,0.5649999999999977,0.27964601769911507,-0.22035398230088493,0.22035398230088496,0.5049089737705099,557
double2,1,31,increasing,18726,19277,19110,18.726,19.277,19.11,19.0015,0.5510000000000019,0.6969147005444646,0.19691470054446458,0.1969147005444646,0.5909034484845562,558
double2,1,32,decreasing,19277,19916,19441,19.277,19.915999999999997,19.441000000000003,19.5965,0.6389999999999958,0.2566510172143975,-0.24334898278560252,0.2433489827856025,0.19238206499303823,559
double2,1,33,increasing,19916,20416,20147,19.915999999999997,20.415999999999997,20.147,20.165999999999997,0.5,0.462,-0.03799999999999998,0.038,0.9775541795665634,560
double2,1,34,decreasing,20416,21043,20885,20.415999999999997,21.043,20.884999999999998,20.729499999999998,0.6270000000000024,0.748006379585327,0.248006379585327,0.24800637958532695,0.25577194576380113,561
double2,1,35,increasing,21043,21615,21208,21.043,21.615000000000002,21.208,21.329,0.5720000000000027,0.28846153846153844,-0.21153846153846156,0.21153846153846154,0.5075561312607945,562
double2,1,36,decreasing,21615,22154,21986,21.615000000000002,22.153999999999996,21.985999999999997,21.8845,0.5389999999999944,0.6883116883116883,0.18831168831168832,0.18831168831168832,0.7039139976358726,563
double2,1,37,increasing,22154,22791,22324,22.153999999999996,22.790999999999997,22.323999999999998,22.4725,0.6370000000000005,0.2668759811616955,-0.23312401883830453,0.23312401883830455,0.256794510501482,564
double2,1,38,decreasing,22791,23299,22992,22.790999999999997,23.299,22.991999999999997,23.045,0.5080000000000027,0.3956692913385827,-0.1043307086614173,0.10433070866141732,0.925263157894737,565
double2,1,39,increasing,23299,23905,23736,23.299,23.905,23.735999999999997,23.601999999999997,0.6060000000000016,0.7211221122112211,0.22112211221122113,0.22112211221122113,0.3818653596655615,566
double2,1,40,decreasing,23905,24497,24073,23.905,24.497,24.073,24.201,0.5919999999999987,0.28378378378378377,-0.21621621621621623,0.21621621621621623,0.4638756403462286,567
double2,1,41,increasing,24497,25016,24821,24.497,25.016,24.820999999999998,24.7565,0.5189999999999984,0.6242774566473989,0.12427745664739887,0.12427745664739884,0.8596729856215325,568
double2,1,42,decreasing,25016,25647,25475,25.016,25.647,25.475,25.3315,0.6310000000000002,0.7274167987321711,0.22741679873217113,0.22741679873217116,0.35637172287460595,569
double2,1,43,increasing,25647,26178,25831,25.647,26.177999999999997,25.830999999999996,25.912499999999998,0.5309999999999988,0.3465160075329567,-0.1534839924670433,0.1534839924670433,0.8034632496677904,570
double2,1,44,decreasing,26178,26753,26580,26.177999999999997,26.753,26.58,26.4655,0.5750000000000028,0.6991304347826087,0.19913043478260872,0.1991304347826087,0.5713061166413138,571
double2,1,45,increasing,26753,27365,26914,26.753,27.365000000000002,26.914,27.058999999999997,0.6120000000000019,0.2630718954248366,-0.2369281045751634,0.2369281045751634,0.42545149097018053,572
double2,1,46,decreasing,27365,27872,27636,27.365000000000002,27.872,27.635999999999996,27.618499999999997,0.5069999999999979,0.534516765285996,0.03451676528599601,0.03451676528599606,0.9894522075943474,573
double2,1,47,increasing,27872,28487,28323,27.872,28.487000000000002,28.323,28.179499999999997,0.615000000000002,0.7333333333333333,0.23333333333333328,0.23333333333333334,0.44263692168169544,574
double2,1,48,decreasing,28487,29051,28654,28.487000000000002,29.051000000000002,28.653999999999996,28.769,0.5640000000000001,0.29609929078014185,-0.20390070921985815,0.20390070921985815,0.6629538872800178,575
double2,1,49,increasing,29051,29592,29400,29.051000000000002,29.592,29.4,29.321499999999997,0.5409999999999968,0.6451016635859519,0.1451016635859519,0.14510166358595195,0.7982636067083638,576
double2,1,50,decreasing,29592,30209,29757,29.592,30.208999999999996,29.756999999999998,29.900499999999997,0.6169999999999973,0.26742301458670986,-0.23257698541329014,0.2325769854132901,0.5085380339150326,577
double2,1,51,increasing,30209,30733,30405,30.208999999999996,30.732999999999997,30.405,30.470999999999997,0.5240000000000009,0.37404580152671757,-0.12595419847328243,0.12595419847328243,0.9193224231983923,578
double2,1,52,decreasing,30733,31315,31143,30.732999999999997,31.314999999999998,31.143,31.024,0.5820000000000007,0.7044673539518901,0.20446735395189009,0.20446735395189003,0.6155589123867069,579
double2,1,53,increasing,31315,31910,31481,31.314999999999998,31.909999999999997,31.481,31.6125,0.5949999999999989,0.27899159663865547,-0.22100840336134453,0.22100840336134453,0.5888755237334159,580
double2,1,54,decreasing,31910,32430,32198,31.909999999999997,32.43,32.198,32.17,0.5200000000000031,0.5538461538461539,0.05384615384615388,0.05384615384615385,0.9656047363969551,581
double2,1,55,increasing,32430,33035,32864,32.43,33.035,32.864,32.7325,0.6049999999999969,0.7173553719008264,0.21735537190082643,0.21735537190082643,0.5879843395066242,582
double2,1,56,decreasing,33035,33592,33219,33.035,33.592,33.219,33.3135,0.5570000000000022,0.3303411131059246,-0.16965888689407538,0.1696588868940754,0.7724845132385526,583
double2,1,57,increasing,33592,34141,33946,33.592,34.141,33.946,33.8665,0.5489999999999995,0.644808743169399,0.14480874316939896,0.1448087431693989,0.8305539612646946,584
double2,1,58,decreasing,34141,34742,34306,34.141,34.742,34.306,34.4415,0.6009999999999991,0.27454242928452577,-0.22545757071547423,0.2254575707154742,0.6576867029109196,585
double2,1,59,increasing,34742,35275,34949,34.742,35.275,34.949,35.0085,0.5330000000000013,0.3883677298311445,-0.11163227016885552,0.11163227016885553,0.9426157373247326,586
double2,1,60,decreasing,35275,35852,35679,35.275,35.852,35.679,35.5635,0.5769999999999982,0.7001733102253033,0.20017331022530327,0.2001733102253033,0.7238075646950506,587
double2,1,61,increasing,35852,36436,36017,35.852,36.436,36.016999999999996,36.144,0.5840000000000032,0.2825342465753425,-0.21746575342465752,0.21746575342465754,0.7195389681668497,588
double2,1,62,decreasing,36436,36968,36745,36.436,36.967999999999996,36.745,36.702,0.5319999999999965,0.5808270676691729,0.08082706766917291,0.08082706766917293,0.9739000745712154,589
double2,1,63,increasing,36968,37559,37388,36.967999999999996,37.559,37.388,37.26349999999999,0.5910000000000011,0.7106598984771574,0.21065989847715738,0.21065989847715735,0.747166136860288,590
double2,1,64,decreasing,37559,38118,37763,37.559,38.118,37.763,37.838499999999996,0.5590000000000046,0.36493738819320215,-0.13506261180679785,0.13506261180679785,0.8590003753203066,591
double2,1,65,increasing,38118,38669,38476,38.118,38.669,38.476,38.3935,0.5509999999999948,0.6497277676950998,0.14972776769509977,0.14972776769509982,0.8859344510764431,592
double2,1,66,decreasing,38669,39257,38843,38.669,39.257,38.842999999999996,38.963,0.588000000000001,0.29591836734693877,-0.20408163265306123,0.20408163265306123,0.8136624369893969,593
double2,1,67,increasing,39257,39801,39477,39.257,39.801,39.477,39.528999999999996,0.544000000000004,0.40441176470588236,-0.09558823529411764,0.09558823529411764,0.9508344609833109,594
double2,1,68,decreasing,39801,40370,40179,39.801,40.37,40.179,40.085499999999996,0.5689999999999955,0.664323374340949,0.164323374340949,0.16432337434094904,0.8517772976766758,595
double2,1,69,increasing,40370,40945,40547,40.37,40.945,40.547,40.6575,0.5750000000000028,0.30782608695652175,-0.19217391304347825,0.19217391304347825,0.8530542920962155,596
double2,1,70,decreasing,40945,41490,41245,40.945,41.49,41.245,41.2175,0.5450000000000017,0.5504587155963303,0.050458715596330306,0.05045871559633028,0.9873795964007159,597
double2,1,71,increasing,41490,42067,41875,41.49,42.067,41.875,41.778499999999994,0.5769999999999982,0.6672443674176777,0.16724436741767768,0.16724436741767765,0.8858130012590301,598
double2,1,72,decreasing,42067,42627,42282,42.067,42.626999999999995,42.282,42.347,0.5599999999999952,0.38392857142857145,-0.11607142857142855,0.11607142857142858,0.9269809428284854,599
double2,1,73,increasing,42627,43183,42966,42.626999999999995,43.183,42.966,42.905,0.5560000000000045,0.6097122302158273,0.10971223021582732,0.10971223021582734,0.9447715736040609,600
double2,1,74,decreasing,43183,43756,43381,43.183,43.756,43.381,43.4695,0.5730000000000004,0.34554973821989526,-0.15445026178010474,0.1544502617801047,0.9334325158057026,601
double2,1,75,increasing,43756,44310,43973,43.756,44.31,43.973,44.033,0.554000000000002,0.3916967509025271,-0.10830324909747291,0.10830324909747292,0.9709677419354839,602
double2,1,76,decreasing,44310,44875,44662,44.31,44.875,44.662,44.5925,0.5649999999999977,0.6230088495575221,0.12300884955752212,0.12300884955752213,0.9451179547465405,603
double2,1,77,increasing,44875,45440,45075,44.875,45.44,45.074999999999996,45.1575,0.5649999999999977,0.35398230088495575,-0.14601769911504425,0.14601769911504425,0.9456706281833616,604
double2,1,78,decreasing,45440,45997,45758,45.44,45.997,45.757999999999996,45.7185,0.5570000000000022,0.5709156193895871,0.07091561938958713,0.07091561938958707,0.9874484032736686,605
double2,1,79,increasing,45997,46562,46218,45.997,46.562,46.217999999999996,46.2795,0.5649999999999977,0.3911504424778761,-0.10884955752212389,0.1088495575221239,0.9829508985224009,606
double2,1,80,decreasing,46562,47123,46789,46.562,47.123,46.789,46.8425,0.5609999999999999,0.40463458110516937,-0.09536541889483063,0.09536541889483066,0.976976654016863,607
double2,1,81,increasing,47123,47684,47361,47.123,47.684,47.361,47.403499999999994,0.5609999999999999,0.42424242424242425,-0.07575757575757575,0.07575757575757576,0.9875577263103034,608
double2,1,82,decreasing,47684,48246,47903,47.684,48.246,47.903,47.964999999999996,0.5620000000000047,0.3896797153024911,-0.11032028469750887,0.1103202846975089,0.9784506780605609,609
double2,1,83,increasing,48246,48806,48478,48.246,48.806,48.478,48.525999999999996,0.5599999999999952,0.4142857142857143,-0.08571428571428569,0.08571428571428572,0.9893517653652156,610
double2,1,84,decreasing,48806,49367,49045,48.806,49.367,49.045,49.0865,0.5609999999999999,0.42602495543672014,-0.07397504456327986,0.07397504456327986,0.9749110738033845,611
double2,1,85,increasing,49367,49929,49596,49.367,49.929,49.596,49.647999999999996,0.5620000000000047,0.40747330960854095,-0.09252669039145905,0.09252669039145907,0.9842288648450394,612
double2,1,86,decreasing,49929,50488,50230,49.929,50.488,50.23,50.2085,0.5589999999999975,0.5384615384615384,0.038461538461538436,0.038461538461538464,0.9942340843421568,613
double2,1,87,increasing,50488,51048,50729,50.488,51.048,50.729,50.768,0.5600000000000023,0.4303571428571429,-0.06964285714285712,0.06964285714285715,0.9836719883889696,614
double2,1,88,decreasing,51048,51608,51307,51.048,51.608,51.307,51.327999999999996,0.5599999999999952,0.4625,-0.03749999999999998,0.0375,0.9978185784402835,615
double2,1,89,increasing,51608,52168,51857,51.608,52.168,51.857,51.888,0.5600000000000023,0.4446428571428571,-0.05535714285714288,0.055357142857142855,0.9920649233543734,616
double2,1,90,decreasing,52168,52728,52467,52.168,52.728,52.467,52.448,0.5600000000000023,0.5339285714285714,0.03392857142857142,0.033928571428571426,0.9978533094812163,617
double2,1,91,increasing,52728,53288,52981,52.728,53.288,52.981,53.007999999999996,0.5599999999999952,0.4517857142857143,-0.04821428571428571,0.048214285714285716,0.989399293286219,618
double2,1,92,decreasing,53288,53847,53577,53.288,53.847,53.577,53.567499999999995,0.5590000000000046,0.516994633273703,0.016994633273702986,0.01699463327370304,0.993341072057859,619
double2,1,93,increasing,53847,54406,54085,53.847,54.406,54.085,54.1265,0.5589999999999975,0.4257602862254025,-0.07423971377459748,0.0742397137745975,0.9880705472574313,620
double2,1,94,decreasing,54406,54966,54681,54.406,54.966,54.681000000000004,54.686,0.5600000000000023,0.49107142857142855,-0.008928571428571452,0.008928571428571428,0.9923664122137403,621
double2,1,95,increasing,54966,55524,55244,54.966,55.523999999999994,55.24399999999999,55.245,0.5579999999999927,0.4982078853046595,-0.0017921146953405187,0.0017921146953405018,0.9989583333333333,622
double2,1,96,decreasing,55524,56084,55789,55.523999999999994,56.083999999999996,55.788999999999994,55.803999999999995,0.5600000000000023,0.4732142857142857,-0.0267857142857143,0.026785714285714284,0.9968981561261417,623
double2,1,97,increasing,56084,56642,56349,56.083999999999996,56.642,56.349,56.36299999999999,0.5580000000000069,0.47491039426523296,-0.02508960573476704,0.025089605734767026,0.9889229720518062,624
double2,1,98,decreasing,56642,57201,56933,56.642,57.201,56.933,56.9215,0.5589999999999975,0.5205724508050089,0.020572450805008913,0.020572450805008944,0.9827083829478558,625
double2,1,99,increasing,57201,57759,57466,57.201,57.75899999999999,57.466,57.48,0.5579999999999927,0.47491039426523296,-0.02508960573476704,0.025089605734767026,0.9979719452425214,626
double2,1,100,decreasing,57759,58317,58045,57.75899999999999,58.317,58.044999999999995,58.038000000000004,0.5580000000000069,0.5125448028673835,0.012544802867383464,0.012544802867383513,0.9805537244561635,627
double2,1,101,increasing,58317,58876,58567,58.317,58.876,58.567,58.5965,0.5589999999999975,0.4472271914132379,-0.05277280858676209,0.052772808586762074,0.9881290326315018,628
double2,1,102,decreasing,58876,59434,59146,58.876,59.434000000000005,59.145999999999994,59.154999999999994,0.5580000000000069,0.4838709677419355,-0.016129032258064502,0.016129032258064516,0.9914515863882951,629
double2,1,103,increasing,59434,59992,59705,59.434000000000005,59.992,59.705000000000005,59.713,0.5579999999999927,0.48566308243727596,-0.014336917562724039,0.014336917562724014,0.9916870415647921,630
double2,1,104,decreasing,59992,60550,60272,59.992,60.550000000000004,60.272,60.270999999999994,0.5580000000000069,0.5017921146953405,0.0017921146953404632,0.0017921146953405018,0.9967384213959558,631
double2,1,105,increasing,60550,61108,60806,60.550000000000004,61.108,60.806000000000004,60.829,0.5579999999999927,0.45878136200716846,-0.04121863799283154,0.04121863799283154,0.989060489060489,632
double2,1,106,decreasing,61108,61665,61361,61.108,61.665,61.361,61.3865,0.5570000000000022,0.4542190305206463,-0.04578096947935367,0.04578096947935368,0.9912366828342126,633
double2,1,107,increasing,61665,62222,61917,61.665,62.222,61.916999999999994,61.9435,0.5570000000000022,0.4524236983842011,-0.0475763016157989,0.04757630161579892,0.9935723266744353,634
double2,1,108,decreasing,62222,62780,62481,62.222,62.779999999999994,62.481,62.501,0.5579999999999927,0.46415770609318996,-0.03584229390681004,0.035842293906810034,0.9965178854067742,635
double2,1,109,increasing,62780,63337,63056,62.779999999999994,63.336999999999996,63.056000000000004,63.0585,0.5570000000000022,0.4955116696588869,-0.004488330341113123,0.004488330341113106,0.9891557219715277,636
double2,1,110,decreasing,63337,63895,63598,63.336999999999996,63.895,63.598000000000006,63.61599999999999,0.5580000000000069,0.46774193548387094,-0.03225806451612906,0.03225806451612903,0.9909867909867911,637
double2,1,111,increasing,63895,64451,64162,63.895,64.45100000000001,64.162,64.173,0.5560000000000045,0.4802158273381295,-0.01978417266187049,0.019784172661870502,0.9981349082996578,638
double2,1,112,decreasing,64451,65008,64730,64.45100000000001,65.00800000000001,64.73,64.7295,0.5570000000000022,0.5008976660682226,0.0008976660682226134,0.0008976660682226212,0.9896907216494845,639
double2,1,113,increasing,65008,65565,65276,65.00800000000001,65.56500000000001,65.27600000000001,65.2865,0.5570000000000022,0.48114901256732495,-0.018850987432675048,0.018850987432675045,0.9958137540578467,640
double2,1,114,decreasing,65565,66122,65845,65.56500000000001,66.122,65.84500000000001,65.8435,0.556999999999988,0.5026929982046678,0.0026929982046678402,0.0026929982046678637,0.9875565764231202,641
double2,1,115,increasing,66122,66679,66399,66.122,66.679,66.399,66.40050000000001,0.5570000000000022,0.49730700179533216,-0.0026929982046678402,0.0026929982046678637,0.9853631904597355,642
double2,1,116,decreasing,66679,67235,66964,66.679,67.235,66.96400000000001,66.95700000000001,0.5559999999999974,0.512589928057554,0.01258992805755399,0.012589928057553957,0.9872573714624392,643
double2,1,117,increasing,67235,67791,67502,67.235,67.79100000000001,67.50200000000001,67.513,0.5560000000000116,0.4802158273381295,-0.01978417266187049,0.019784172661870502,0.9824974260920722,644
double2,1,118,decreasing,67791,68348,68055,67.79100000000001,68.34800000000001,68.055,68.0695,0.5570000000000022,0.473967684021544,-0.02603231597845601,0.026032315978456014,0.9892799646954084,645
double2,1,119,increasing,68348,68903,68635,68.34800000000001,68.903,68.635,68.6255,0.5549999999999926,0.5171171171171172,0.017117117117117164,0.017117117117117116,0.9919671486954961,646
double2,1,120,decreasing,68903,69461,69176,68.903,69.46100000000001,69.176,69.182,0.5580000000000069,0.489247311827957,-0.010752688172043001,0.010752688172043012,0.9991287933788296,647
double2,1,121,increasing,69461,70016,69727,69.46100000000001,70.016,69.727,69.7385,0.5549999999999926,0.47927927927927927,-0.02072072072072073,0.02072072072072072,0.9861975709615193,648
double2,1,122,decreasing,70016,70572,70286,70.016,70.572,70.286,70.29400000000001,0.5559999999999974,0.4856115107913669,-0.014388489208633115,0.014388489208633094,0.9944483985765126,649
double2,1,123,increasing,70572,71127,70837,70.572,71.12700000000001,70.837,70.8495,0.5550000000000068,0.4774774774774775,-0.022522522522522515,0.02252252252252252,0.9953074863367819,650
double2,1,124,decreasing,71127,71683,71398,71.12700000000001,71.683,71.39800000000001,71.405,0.5559999999999974,0.48741007194244607,-0.012589928057553934,0.012589928057553957,0.9841314031180401,651
double2,1,125,increasing,71683,72239,71954,71.683,72.239,71.95400000000001,71.96100000000001,0.5559999999999974,0.48741007194244607,-0.012589928057553934,0.012589928057553957,0.9911875786823333,652
double2,1,126,decreasing,72239,72795,72514,72.239,72.795,72.51400000000001,72.51700000000001,0.5559999999999974,0.49460431654676257,-0.005395683453237432,0.00539568345323741,0.9981969486823853,653
double2,1,127,increasing,72795,73350,73062,72.795,73.35000000000001,73.06200000000001,73.0725,0.5550000000000068,0.4810810810810811,-0.018918918918918892,0.01891891891891892,0.9895588266813912,654
double2,1,128,decreasing,73350,73907,73629,73.35000000000001,73.90700000000001,73.629,73.6285,0.5570000000000022,0.5008976660682226,0.0008976660682226134,0.0008976660682226212,0.9960016264570344,655
double2,1,129,increasing,73907,74460,74184,73.90700000000001,74.46000000000001,74.18400000000001,74.18350000000001,0.5529999999999973,0.5009041591320073,0.000904159132007254,0.0009041591320072332,0.9935732647814911,656
double2,1,130,decreasing,74460,75018,74727,74.46000000000001,75.018,74.727,74.739,0.5579999999999927,0.478494623655914,-0.021505376344086002,0.021505376344086023,0.9863684489147696,657
double2,1,131,increasing,75018,75571,75281,75.018,75.57100000000001,75.281,75.2945,0.5530000000000115,0.4755877034358047,-0.0244122965641953,0.024412296564195298,0.9888888550423134,658
double2,1,132,decreasing,75571,76126,75847,75.57100000000001,76.126,75.84700000000001,75.8485,0.5549999999999926,0.4972972972972973,-0.002702702702702675,0.002702702702702703,0.9938358333663242,659
double2,1,133,increasing,76126,76681,76386,76.126,76.68100000000001,76.38600000000001,76.40350000000001,0.5550000000000068,0.46846846846846846,-0.03153153153153154,0.03153153153153153,0.9896685435214296,660
double2,1,134,decreasing,76681,77236,76959,76.68100000000001,77.236,76.959,76.95850000000002,0.5549999999999926,0.5009009009009009,0.0009009009009008917,0.0009009009009009009,0.9952177846710611,661
double2,1,135,increasing,77236,77791,77519,77.236,77.79100000000001,77.519,77.51350000000001,0.5550000000000068,0.5099099099099099,0.00990990990990992,0.00990990990990991,0.9952172565388081,662
double2,1,136,decreasing,77791,78347,78063,77.79100000000001,78.34700000000001,78.063,78.069,0.5559999999999974,0.4892086330935252,-0.010791366906474809,0.01079136690647482,0.9850405679513183,663
double2,1,137,increasing,78347,78900,78622,78.34700000000001,78.9,78.622,78.6235,0.5529999999999973,0.4972875226039783,-0.0027124773960217063,0.0027124773960217,0.9912355081760714,664
double2,1,138,decreasing,78900,79456,79183,78.9,79.456,79.183,79.17800000000001,0.5559999999999974,0.5089928057553957,0.008992805755395739,0.008992805755395683,0.9909536373916319,665
double2,1,139,increasing,79456,80009,79721,79.456,80.009,79.721,79.73250000000002,0.5529999999999973,0.47920433996383366,-0.02079566003616634,0.020795660036166366,0.9872111077713032,666
double2,1,140,decreasing,80009,80564,80280,80.009,80.56400000000001,80.28,80.2865,0.5550000000000068,0.4882882882882883,-0.011711711711711703,0.011711711711711712,0.9922265066548152,667
double2,1,141,increasing,80564,81118,80847,80.56400000000001,81.11800000000001,80.84700000000001,80.84100000000001,0.554000000000002,0.5108303249097473,0.010830324909747335,0.010830324909747292,0.986105987950326,668
double2,1,142,decreasing,81118,81674,81394,81.11800000000001,81.674,81.394,81.396,0.5559999999999974,0.49640287769784175,-0.003597122302158251,0.0035971223021582736,0.9893307468477205,669
double2,1,143,increasing,81674,82226,81940,81.674,82.22600000000001,81.94000000000001,81.95,0.5520000000000067,0.48188405797101447,-0.018115942028985532,0.018115942028985508,0.9821686746987951,670
double2,1,144,decreasing,82226,82782,82499,82.22600000000001,82.78200000000001,82.49900000000001,82.504,0.5559999999999974,0.4910071942446043,-0.008992805755395683,0.008992805755395683,0.9915142822995097,671
double2,1,145,increasing,82782,83335,83050,82.78200000000001,83.33500000000001,83.05000000000001,83.05850000000001,0.5529999999999973,0.484629294755877,-0.015370705244122984,0.015370705244122965,0.9844821993350094,672
double2,1,146,decreasing,83335,83891,83609,83.33500000000001,83.891,83.60900000000001,83.61300000000001,0.5559999999999974,0.49280575539568344,-0.0071942446043165575,0.007194244604316547,0.9897490279250619,673
double2,1,147,increasing,83891,84444,84178,83.891,84.444,84.17800000000001,84.1675,0.5529999999999973,0.5189873417721519,0.01898734177215189,0.0189873417721519,0.9899806750554495,674
double2,1,148,decreasing,84444,84999,84715,84.444,84.99900000000001,84.715,84.7215,0.5550000000000068,0.4882882882882883,-0.011711711711711703,0.011711711711711712,0.992949885781949,675
double2,1,149,increasing,84999,85551,85262,84.99900000000001,85.551,85.262,85.275,0.5519999999999925,0.47644927536231885,-0.023550724637681153,0.02355072463768116,0.9977906976744186,676
double2,1,150,decreasing,85551,86107,85817,85.551,86.10700000000001,85.81700000000001,85.82900000000001,0.5560000000000116,0.4784172661870504,-0.021582733812949617,0.02158273381294964,0.9870557511070741,677
double2,1,151,increasing,86107,86658,86362,86.10700000000001,86.658,86.36200000000001,86.38250000000001,0.5509999999999877,0.4627949183303085,-0.0372050816696915,0.03720508166969147,0.9923934167915348,678
double2,1,152,decreasing,86658,87213,86934,86.658,87.21300000000001,86.93400000000001,86.9355,0.5550000000000068,0.4972972972972973,-0.002702702702702675,0.002702702702702703,0.9923267332325441,679
double2,1,153,increasing,87213,87766,87479,87.21300000000001,87.766,87.47900000000001,87.4895,0.5529999999999973,0.4810126582278481,-0.01898734177215189,0.0189873417721519,0.9924634452418007,680
double2,1,154,decreasing,87766,88321,88045,87.766,88.32100000000001,88.045,88.04350000000001,0.5550000000000068,0.5027027027027027,0.002702702702702675,0.002702702702702703,0.9895857315049181,681
double2,1,155,increasing,88321,88874,88601,88.32100000000001,88.87400000000001,88.60100000000001,88.59750000000001,0.5529999999999973,0.5063291139240507,0.006329113924050667,0.006329113924050633,0.9906661308586631,682
double2,1,156,decreasing,88874,89428,89144,88.87400000000001,89.42800000000001,89.144,89.15100000000001,0.554000000000002,0.48736462093862815,-0.012635379061371854,0.01263537906137184,0.9878232758620689,683
double2,1,157,increasing,89428,89980,89698,89.42800000000001,89.98,89.69800000000001,89.70400000000001,0.5519999999999925,0.4891304347826087,-0.010869565217391297,0.010869565217391304,0.9895112456747402,684
double2,1,158,decreasing,89980,90534,90253,89.98,90.534,90.253,90.257,0.554000000000002,0.4927797833935018,-0.0072202166064981865,0.007220216606498195,0.9952738990332974,685
double2,1,159,increasing,90534,91087,90811,90.534,91.087,90.811,90.8105,0.5529999999999973,0.5009041591320073,0.000904159132007254,0.0009041591320072332,0.9978203083466243,686
double2,1,160,decreasing,91087,91641,91345,91.087,91.641,91.34500000000001,91.364,0.554000000000002,0.4657039711191336,-0.034296028880866414,0.03429602888086643,0.9868585732165205,687
double2,1,161,increasing,91641,92193,91899,91.641,92.19300000000001,91.899,91.917,0.5520000000000067,0.4673913043478261,-0.03260869565217389,0.03260869565217391,0.988606668757186,688
double2,1,162,decreasing,92193,92747,92476,92.19300000000001,92.747,92.47600000000001,92.47000000000001,0.5539999999999878,0.5108303249097473,0.010830324909747335,0.010830324909747292,0.991265029287843,689
double2,1,163,increasing,92747,93300,93032,92.747,93.30000000000001,93.03200000000001,93.02350000000001,0.5530000000000115,0.515370705244123,0.015370705244122984,0.015370705244122965,0.9900089681231232,690
double2,1,164,decreasing,93300,93853,93578,93.30000000000001,93.85300000000001,93.578,93.57650000000001,0.5529999999999973,0.5027124773960217,0.002712477396021651,0.0027124773960217,0.9895918352602698,691
double2,1,165,increasing,93853,94405,94134,93.85300000000001,94.405,94.134,94.129,0.5519999999999925,0.5090579710144928,0.009057971014492794,0.009057971014492754,0.989564519365844,692
double2,1,166,decreasing,94405,94958,94669,94.405,94.95800000000001,94.66900000000001,94.6815,0.5530000000000115,0.47739602169981915,-0.02260397830018085,0.022603978300180832,0.9933747414646525,693
double2,1,167,increasing,94958,95511,95240,94.95800000000001,95.51100000000001,95.24000000000001,95.23450000000001,0.5529999999999973,0.5099457504520796,0.009945750452079571,0.009945750452079566,0.9919630283688442,694
double2,1,168,decreasing,95511,96064,95770,95.51100000000001,96.06400000000001,95.77000000000001,95.78750000000001,0.5529999999999973,0.46835443037974683,-0.03164556962025317,0.03164556962025317,0.9953401845832678,695
double2,1,169,increasing,96064,96616,96326,96.06400000000001,96.61600000000001,96.32600000000001,96.34,0.5520000000000067,0.4746376811594203,-0.025362318840579712,0.025362318840579712,0.9919409651422468,696
double2,1,170,decreasing,96616,97170,96891,96.61600000000001,97.17,96.891,96.893,0.5539999999999878,0.4963898916967509,-0.0036101083032490933,0.0036101083032490976,0.9987462628990258,697
double2,1,171,increasing,97170,97723,97447,97.17,97.72300000000001,97.447,97.44650000000001,0.5530000000000115,0.5009041591320073,0.000904159132007254,0.0009041591320072332,0.9943236023659606,698
double2,1,172,decreasing,97723,98276,97989,97.72300000000001,98.27600000000001,97.989,97.99950000000001,0.5529999999999973,0.4810126582278481,-0.01898734177215189,0.0189873417721519,0.9931394135569677,699
double2,1,173,increasing,98276,98827,98534,98.27600000000001,98.82700000000001,98.534,98.5515,0.5510000000000019,0.46823956442831216,-0.03176043557168784,0.03176043557168784,0.9902557072412153,700
double2,1,174,decreasing,98827,99382,99101,98.82700000000001,99.382,99.10100000000001,99.1045,0.5549999999999926,0.4936936936936937,-0.006306306306306297,0.006306306306306306,0.987766749308896,701
double2,1,175,increasing,99382,99932,99650,99.382,99.932,99.65,99.65700000000001,0.5499999999999972,0.48727272727272725,-0.012727272727272754,0.012727272727272728,0.9978652311119361,702
double2,1,176,decreasing,99932,100487,100213,99.932,100.48700000000001,100.21300000000001,100.2095,0.5550000000000068,0.5063063063063064,0.006306306306306353,0.006306306306306306,0.9937503929617136,703
double2,1,177,increasing,100487,101038,100762,100.48700000000001,101.03800000000001,100.762,100.7625,0.5510000000000019,0.49909255898366606,-0.000907441016333943,0.0009074410163339383,0.9926662467380546,704
double2,1,178,decreasing,101038,101590,101321,101.03800000000001,101.59,101.32100000000001,101.31400000000001,0.5519999999999925,0.5126811594202898,0.0126811594202898,0.012681159420289856,0.9997302158273382,705
double2,1,179,increasing,101590,102142,101862,101.59,102.14200000000001,101.86200000000001,101.86600000000001,0.5520000000000067,0.4927536231884058,-0.00724637681159418,0.007246376811594203,0.9855646509990318,706
double2,1,180,decreasing,102142,102695,102411,102.14200000000001,102.69500000000001,102.411,102.41850000000001,0.5529999999999973,0.4864376130198915,-0.013562386980108476,0.013562386980108499,0.990890812531184,707
double2,1,181,increasing,102695,103246,102979,102.69500000000001,103.24600000000001,102.97900000000001,102.97050000000002,0.5510000000000019,0.515426497277677,0.015426497277676976,0.015426497277676952,0.9886621830682638,708
double2,1,182,decreasing,103246,103800,103512,103.24600000000001,103.80000000000001,103.512,103.52300000000001,0.554000000000002,0.48014440433212996,-0.01985559566787004,0.019855595667870037,0.9929878570206944,709
double2,1,183,increasing,103800,104350,104076,103.80000000000001,104.35000000000001,104.07600000000001,104.075,0.5499999999999972,0.5018181818181818,0.0018181818181818299,0.0018181818181818182,0.9869380831212892,710
double2,1,184,decreasing,104350,104904,104622,104.35000000000001,104.90400000000001,104.62200000000001,104.62700000000001,0.554000000000002,0.49097472924187724,-0.009025270758122761,0.009025270758122744,0.9932975871313673,711
double2,1,185,increasing,104904,105455,105175,104.90400000000001,105.45500000000001,105.17500000000001,105.1795,0.5510000000000019,0.49183303085299457,-0.008166969147005432,0.008166969147005444,0.9948453267775166,712
double2,1,186,decreasing,105455,106008,105729,105.45500000000001,106.00800000000001,105.72900000000001,105.73150000000001,0.5529999999999973,0.49547920433996384,-0.004520795660036159,0.0045207956600361665,0.9948127742780232,713
double2,1,187,increasing,106008,106560,106279,106.00800000000001,106.56,106.27900000000001,106.284,0.5519999999999925,0.49094202898550726,-0.009057971014492738,0.009057971014492754,0.9939219712525668,714
double2,1,188,decreasing,106560,107111,106825,106.56,107.111,106.825,106.83550000000001,0.5510000000000019,0.4809437386569873,-0.019056261343012693,0.019056261343012703,0.9949052407653028,715
double2,1,189,increasing,107111,107664,107391,107.111,107.664,107.391,107.3875,0.5529999999999973,0.5063291139240507,0.006329113924050667,0.006329113924050633,0.9870996067442163,716
double2,1,190,decreasing,107664,108216,107934,107.664,108.21600000000001,107.93400000000001,107.94000000000001,0.5520000000000067,0.4891304347826087,-0.010869565217391297,0.010869565217391304,0.9909881422924899,717
double2,1,191,increasing,108216,108767,108484,108.21600000000001,108.76700000000001,108.48400000000001,108.4915,0.5510000000000019,0.4863883847549909,-0.01361161524500909,0.013611615245009074,0.9882871534001473,718
double2,1,192,decreasing,108767,109320,109046,108.76700000000001,109.32000000000001,109.046,109.04350000000001,0.5529999999999973,0.5045207956600362,0.004520795660036159,0.0045207956600361665,0.9903427312445473,719
double2,1,193,increasing,109320,109871,109596,109.32000000000001,109.87100000000001,109.596,109.59550000000002,0.5510000000000019,0.5009074410163339,0.0009074410163338875,0.0009074410163339383,0.9936393593378802,720
double2,1,194,decreasing,109871,110423,110147,109.87100000000001,110.423,110.147,110.147,0.5519999999999925,0.5,0.0,0.0,1.0,721
double2,1,195,increasing,110423,110975,110691,110.423,110.97500000000001,110.691,110.69900000000001,0.5520000000000067,0.4855072463768116,-0.014492753623188415,0.014492753623188406,0.986066372012885,722
double2,1,196,decreasing,110975,111526,111247,110.97500000000001,111.52600000000001,111.24700000000001,111.25050000000002,0.5510000000000019,0.49364791288566245,-0.006352087114337546,0.006352087114337568,0.9939741330391114,723
double2,1,197,increasing,111526,112079,111792,111.52600000000001,112.07900000000001,111.792,111.80250000000001,0.5529999999999973,0.4810126582278481,-0.01898734177215189,0.0189873417721519,0.9928123005634006,724
double2,1,198,decreasing,112079,112631,112357,112.07900000000001,112.631,112.35700000000001,112.355,0.5519999999999925,0.5036231884057971,0.0036231884057971175,0.0036231884057971015,0.9879125651418643,725
double2,1,199,increasing,112631,113184,112892,112.631,113.18400000000001,112.89200000000001,112.9075,0.5530000000000115,0.4719710669077758,-0.028028933092224206,0.02802893309222423,0.9892575850595724,726
double2,1,200,decreasing,113184,113733,113445,113.18400000000001,113.733,113.44500000000001,113.45850000000002,0.5489999999999924,0.47540983606557374,-0.024590163934426257,0.02459016393442623,0.9895250993665846,727
double2,1,201,increasing,113733,114284,114007,113.733,114.284,114.007,114.0085,0.5510000000000019,0.49727767695099817,-0.002722323049001829,0.0027223230490018148,0.9874600600144078,728
double2,1,202,decreasing,114284,114836,114539,114.284,114.83600000000001,114.539,114.56,0.5520000000000067,0.46195652173913043,-0.03804347826086957,0.03804347826086957,0.9965875060937391,729
double2,1,203,increasing,114836,115388,115094,114.83600000000001,115.388,115.09400000000001,115.11200000000001,0.5519999999999925,0.4673913043478261,-0.03260869565217389,0.03260869565217391,0.9900826446280994,730
double2,1,204,decreasing,115388,115940,115667,115.388,115.94000000000001,115.667,115.664,0.5520000000000067,0.5054347826086957,0.005434782608695676,0.005434782608695652,0.9963952934775218,731
double2,1,205,increasing,115940,116490,116213,115.94000000000001,116.49000000000001,116.21300000000001,116.215,0.5499999999999972,0.49636363636363634,-0.0036363636363636598,0.0036363636363636364,0.9931959040689843,732
double2,1,206,decreasing,116490,117042,116767,116.49000000000001,117.042,116.76700000000001,116.766,0.5519999999999925,0.5018115942028986,0.0018115942028985588,0.0018115942028985507,0.9903871652081676,733
double2,1,207,increasing,117042,117594,117309,117.042,117.59400000000001,117.30900000000001,117.31800000000001,0.5520000000000067,0.483695652173913,-0.016304347826086973,0.016304347826086956,0.9981447124304267,734
double2,1,208,decreasing,117594,118144,117863,117.59400000000001,118.144,117.86300000000001,117.86900000000001,0.5499999999999972,0.4890909090909091,-0.010909090909090924,0.01090909090909091,0.9961463096015677,735
double2,1,209,increasing,118144,118696,118415,118.144,118.696,118.41500000000002,118.42000000000002,0.5519999999999925,0.49094202898550726,-0.009057971014492738,0.009057971014492754,0.9869185119009636,736
double2,1,210,decreasing,118696,119247,118952,118.696,119.24700000000001,118.952,118.9715,0.5510000000000161,0.4646098003629764,-0.03539019963702361,0.03539019963702359,0.9948208401018341,737
double2,1,211,increasing,119247,119799,119510,119.24700000000001,119.799,119.51000000000002,119.523,0.5519999999999925,0.47644927536231885,-0.023550724637681153,0.02355072463768116,0.9901832051522542,738
double2,1,212,decreasing,119799,120350,120071,119.799,120.35,120.071,120.07450000000001,0.5509999999999877,0.49364791288566245,-0.006352087114337546,0.006352087114337568,0.9941331377244162,739
double2,1,213,increasing,120350,120901,120619,120.35,120.90100000000001,120.619,120.6255,0.5510000000000161,0.4882032667876588,-0.011796733212341204,0.011796733212341199,0.9908688945115807,740
double2,1,214,decreasing,120901,121452,121163,120.90100000000001,121.452,121.16300000000001,121.17650000000002,0.5509999999999877,0.47549909255898365,-0.02450090744101635,0.024500907441016333,0.9916673626266556,741
double2,1,215,increasing,121452,122004,121732,121.452,122.00400000000002,121.732,121.72800000000001,0.5520000000000209,0.5072463768115942,0.007246376811594235,0.007246376811594203,0.9893699611824424,742
double2,1,216,decreasing,122004,122554,122265,122.00400000000002,122.554,122.26500000000001,122.279,0.549999999999983,0.47454545454545455,-0.025454545454545452,0.025454545454545455,0.9932053175775483,743
double2,1,217,increasing,122554,123106,122816,122.554,123.106,122.816,122.83000000000001,0.5519999999999925,0.4746376811594203,-0.025362318840579712,0.025362318840579712,0.9880406386066763,744
double2,1,218,decreasing,123106,123656,123378,123.106,123.656,123.37800000000001,123.381,0.5500000000000114,0.49454545454545457,-0.005454545454545434,0.005454545454545455,0.9955463011163166,745
double2,1,219,increasing,123656,124209,123918,123.656,124.209,123.918,123.93250000000002,0.5529999999999973,0.47377938517179025,-0.026220614828209754,0.026220614828209764,0.9886458101596772,746
double2,1,220,decreasing,124209,124759,124480,124.209,124.75900000000001,124.48000000000002,124.48400000000001,0.5500000000000114,0.49272727272727274,-0.007272727272727264,0.007272727272727273,0.9969488077748898,747
double2,1,221,increasing,124759,125311,125016,124.75900000000001,125.311,125.01600000000002,125.035,0.5519999999999925,0.46557971014492755,-0.03442028985507245,0.034420289855072464,0.9921125206839492,748
double2,1,222,decreasing,125311,125861,125582,125.311,125.86100000000002,125.582,125.58600000000001,0.5500000000000114,0.49272727272727274,-0.007272727272727264,0.007272727272727273,0.9996139209089404,749
double2,1,223,increasing,125861,126414,126121,125.86100000000002,126.41400000000002,126.12100000000001,126.1375,0.5529999999999973,0.4701627486437613,-0.029837251356238714,0.029837251356238697,0.996806916036782,750
double2,1,224,decreasing,126414,126965,126684,126.41400000000002,126.965,126.684,126.68950000000001,0.5509999999999877,0.4900181488203267,-0.009981851179673318,0.009981851179673321,0.9853012919249529,751
double2,1,225,increasing,126965,127514,127248,126.965,127.51400000000001,127.24800000000002,127.2395,0.5490000000000066,0.5154826958105647,0.015482695810564717,0.015482695810564663,0.9958927224403622,752
double2,1,226,decreasing,127514,128065,127773,127.51400000000001,128.065,127.773,127.78950000000002,0.5509999999999877,0.47005444646098005,-0.029945553539019953,0.029945553539019964,0.9941561938028864,753
double2,1,227,increasing,128065,128617,128342,128.065,128.61700000000002,128.342,128.341,0.5520000000000209,0.5018115942028986,0.0018115942028985588,0.0018115942028985507,0.9840685656667507,754
double2,1,228,decreasing,128617,129168,128887,128.61700000000002,129.168,128.887,128.89249999999998,0.5509999999999877,0.4900181488203267,-0.009981851179673318,0.009981851179673321,0.9889728629270277,755
double2,1,229,increasing,129168,129718,129440,129.168,129.71800000000002,129.44,129.443,0.5500000000000114,0.49454545454545457,-0.005454545454545434,0.005454545454545455,0.9855392156862743,756
double2,1,230,decreasing,129718,130269,129984,129.71800000000002,130.269,129.984,129.99349999999998,0.5509999999999877,0.4827586206896552,-0.017241379310344807,0.017241379310344827,0.9859979842526397,757
double2,1,231,increasing,130269,130819,130538,130.269,130.81900000000002,130.538,130.544,0.5500000000000114,0.4890909090909091,-0.010909090909090924,0.01090909090909091,0.989724718027146,758
double2,1,232,decreasing,130819,131371,131072,130.81900000000002,131.371,131.072,131.095,0.5519999999999925,0.4583333333333333,-0.041666666666666685,0.041666666666666664,0.9909034917326005,759
double2,1,233,increasing,131371,131921,131657,131.371,131.92100000000002,131.657,131.64600000000002,0.5500000000000114,0.52,0.020000000000000018,0.02,0.9877755139840709,760
double2,1,234,decreasing,131921,132472,132182,131.92100000000002,132.472,132.18200000000002,132.19650000000001,0.5509999999999877,0.47368421052631576,-0.026315789473684237,0.02631578947368421,0.9926402049560231,761
double2,1,235,increasing,132472,133022,132754,132.472,133.02200000000002,132.75400000000002,132.747,0.5500000000000114,0.5127272727272727,0.012727272727272698,0.012727272727272728,0.990675255642146,762
double2,1,236,decreasing,133022,133574,133288,133.02200000000002,133.574,133.288,133.298,0.5519999999999925,0.48188405797101447,-0.018115942028985532,0.018115942028985508,0.9945328254537307,763
double2,1,237,increasing,133574,134124,133836,133.574,134.124,133.836,133.84900000000002,0.549999999999983,0.4763636363636364,-0.023636363636363622,0.023636363636363636,0.9864267129228103,764
double2,1,238,decreasing,134124,134675,134389,134.124,134.675,134.389,134.3995,0.5510000000000161,0.4809437386569873,-0.019056261343012693,0.019056261343012703,0.9884226538024671,765
double2,1,239,increasing,134675,135225,134957,134.675,135.225,134.957,134.95000000000002,0.549999999999983,0.5127272727272727,0.012727272727272698,0.012727272727272728,0.9861613527382856,766
double2,1,240,decreasing,135225,135776,135500,135.225,135.776,135.5,135.5005,0.5510000000000161,0.49909255898366606,-0.000907441016333943,0.0009074410163339383,0.9959964969348178,767
double2,1,241,increasing,135776,136325,136043,135.776,136.32500000000002,136.043,136.0505,0.5490000000000066,0.48633879781420764,-0.013661202185792365,0.01366120218579235,0.9902674475333462,768
double2,1,242,decreasing,136325,136878,136585,136.32500000000002,136.87800000000001,136.585,136.6015,0.5529999999999973,0.4701627486437613,-0.029837251356238714,0.029837251356238697,0.9911028193437719,769
double2,1,243,increasing,136878,137426,137154,136.87800000000001,137.42600000000002,137.154,137.15200000000002,0.5480000000000018,0.5036496350364964,0.0036496350364964014,0.0036496350364963502,0.9853382864369268,770
double2,1,244,decreasing,137426,137981,137692,137.42600000000002,137.981,137.692,137.70350000000002,0.5549999999999784,0.47927927927927927,-0.02072072072072073,0.02072072072072072,0.993021054687955,771
double2,1,245,increasing,137981,138529,138249,137.981,138.529,138.249,138.255,0.5480000000000018,0.48905109489051096,-0.010948905109489038,0.010948905109489052,0.9907867573973547,772
double2,1,246,decreasing,138529,139079,138793,138.529,139.079,138.793,138.804,0.5500000000000114,0.48,-0.020000000000000018,0.02,0.9919390953873714,773
double2,1,247,increasing,139079,139630,139333,139.079,139.63,139.333,139.35450000000003,0.5509999999999877,0.46098003629764067,-0.03901996370235933,0.03901996370235935,0.9929492114545019,774
double2,1,248,decreasing,139630,140180,139894,139.63,140.18,139.894,139.905,0.5500000000000114,0.48,-0.020000000000000018,0.02,0.994542431690039,775
double2,1,249,increasing,140180,140730,140438,140.18,140.73000000000002,140.43800000000002,140.455,0.5500000000000114,0.4690909090909091,-0.030909090909090886,0.03090909090909091,0.9812170512865274,776
double2,1,250,decreasing,140730,141281,141006,140.73000000000002,141.281,141.006,141.00549999999998,0.5509999999999877,0.5009074410163339,0.0009074410163338875,0.0009074410163339383,0.9975340372325646,777
double2,1,251,increasing,141281,141833,141551,141.281,141.833,141.55100000000002,141.55700000000002,0.5519999999999925,0.4891304347826087,-0.010869565217391297,0.010869565217391304,0.9944357739024225,778
double2,1,252,decreasing,141833,142382,142081,141.833,142.382,142.08100000000002,142.10750000000002,0.5490000000000066,0.4517304189435337,-0.04826958105646628,0.0482695810564663,0.9928078184575934,779
double2,1,253,increasing,142382,142932,142645,142.382,142.93200000000002,142.645,142.657,0.5500000000000114,0.4781818181818182,-0.021818181818181792,0.02181818181818182,0.988011534847552,780
double2,1,254,decreasing,142932,143484,143187,142.93200000000002,143.484,143.187,143.208,0.5519999999999925,0.46195652173913043,-0.03804347826086957,0.03804347826086957,0.9860470989330137,781
double2,1,255,increasing,143484,144033,143752,143.484,144.03300000000002,143.752,143.75850000000003,0.5490000000000066,0.48816029143898,-0.011839708561020013,0.011839708561020037,0.9905219280235144,782
double2,1,256,decreasing,144033,144583,144294,144.03300000000002,144.583,144.294,144.30800000000002,0.549999999999983,0.47454545454545455,-0.025454545454545452,0.025454545454545455,0.991813007882643,783
double2,1,257,increasing,144583,145133,144831,144.583,145.133,144.83100000000002,144.858,0.5500000000000114,0.4509090909090909,-0.049090909090909074,0.04909090909090909,0.9816272198004738,784
double2,1,258,decreasing,145133,145683,145401,145.133,145.68300000000002,145.401,145.40800000000002,0.5500000000000114,0.48727272727272725,-0.012727272727272754,0.012727272727272728,0.9984557559511669,785
double2,1,259,increasing,145683,146233,145953,145.68300000000002,146.233,145.953,145.958,0.549999999999983,0.4909090909090909,-0.009090909090909094,0.00909090909090909,0.983865104443388,786
double2,1,260,decreasing,146233,146784,146485,146.233,146.78400000000002,146.485,146.50850000000003,0.5510000000000161,0.4573502722323049,-0.0426497277676951,0.0426497277676951,0.9916243771212911,787
double2,1,261,increasing,146784,147334,147061,146.78400000000002,147.334,147.061,147.059,0.549999999999983,0.5036363636363637,0.0036363636363636598,0.0036363636363636364,0.9847714384601051,788
double2,1,262,decreasing,147334,147885,147600,147.334,147.88500000000002,147.6,147.60950000000003,0.5510000000000161,0.4827586206896552,-0.017241379310344807,0.017241379310344827,0.9837647680261302,789
double2,1,263,increasing,147885,148433,148154,147.88500000000002,148.43300000000002,148.154,148.15900000000002,0.5480000000000018,0.4908759124087591,-0.009124087591240893,0.009124087591240875,0.9843845526798451,790
double2,1,264,decreasing,148433,148985,148688,148.43300000000002,148.985,148.68800000000002,148.709,0.5519999999999925,0.46195652173913043,-0.03804347826086957,0.03804347826086957,0.9834047372827105,791
double2,1,265,increasing,148985,149531,149254,148.985,149.531,149.25400000000002,149.258,0.5459999999999923,0.4926739926739927,-0.0073260073260073,0.007326007326007326,0.9939113137977877,792
double2,1,266,decreasing,149531,150085,149789,149.531,150.085,149.78900000000002,149.80800000000002,0.554000000000002,0.4657039711191336,-0.034296028880866414,0.03429602888086643,0.9805716681808654,793
double2,1,267,increasing,150085,150629,150354,150.085,150.62900000000002,150.354,150.357,0.5440000000000111,0.4944852941176471,-0.005514705882352922,0.0055147058823529415,0.9873164679120424,794
double2,1,268,decreasing,150629,151186,150868,150.62900000000002,151.186,150.868,150.90750000000003,0.556999999999988,0.42908438061041293,-0.07091561938958707,0.07091561938958707,0.9797792849387849,795
double2,1,269,increasing,151186,151731,151453,151.186,151.731,151.453,151.45850000000002,0.5449999999999875,0.48990825688073397,-0.010091743119266028,0.010091743119266056,0.9888249889998821,796
double2,1,270,decreasing,151731,152286,151976,151.731,152.286,151.976,152.00850000000003,0.5550000000000068,0.44144144144144143,-0.05855855855855857,0.05855855855855856,0.9726824929436839,797
double2,1,271,increasing,152286,152828,152542,152.286,152.828,152.542,152.55700000000002,0.5420000000000016,0.47232472324723246,-0.02767527675276754,0.027675276752767528,0.9783316378433367,798
double2,1,272,decreasing,152828,153384,153084,152.828,153.38400000000001,153.084,153.106,0.5560000000000116,0.460431654676259,-0.03956834532374098,0.039568345323741004,0.9838612338661007,799
double2,1,273,increasing,153384,153925,153639,153.38400000000001,153.925,153.639,153.65449999999998,0.5409999999999968,0.4713493530499076,-0.028650646950092395,0.02865064695009242,0.9882500507016754,800
double2,1,274,decreasing,153925,154483,154182,153.925,154.483,154.18200000000002,154.204,0.5579999999999927,0.460573476702509,-0.03942652329749102,0.03942652329749104,0.9822294607310894,801
double2,1,275,increasing,154483,155024,154736,154.483,155.024,154.73600000000002,154.75350000000003,0.5409999999999968,0.4676524953789279,-0.03234750462107211,0.03234750462107209,0.9802763086276342,802
double2,1,276,decreasing,155024,155580,155279,155.024,155.58,155.279,155.30200000000002,0.5560000000000116,0.45863309352517984,-0.041366906474820164,0.04136690647482014,0.9834069677245285,803
double2,1,277,increasing,155580,156124,155832,155.58,156.124,155.83200000000002,155.852,0.5439999999999827,0.4632352941176471,-0.03676470588235292,0.03676470588235294,0.9813958825072122,804
double2,2,0,decreasing,434,860,662,0.4339999999999993,0.8599999999999994,0.661999999999999,0.6470000000000002,0.42600000000000016,0.5352112676056338,0.035211267605633756,0.035211267605633804,0.9301917872866863,805
double2,2,1,increasing,860,1630,1296,0.8599999999999994,1.629999999999999,1.2959999999999994,1.2449999999999992,0.7699999999999996,0.5662337662337662,0.0662337662337662,0.06623376623376623,0.7956895666629412,806
double2,2,2,decreasing,1630,2059,1875,1.629999999999999,2.0589999999999993,1.875,1.8444999999999991,0.42900000000000027,0.5710955710955711,0.07109557109557108,0.07109557109557109,0.8827317321123046,807
double2,2,3,increasing,2059,2814,2515,2.0589999999999993,2.814,2.5150000000000006,2.4364999999999997,0.7550000000000008,0.6039735099337749,0.10397350993377485,0.10397350993377484,0.5888199124170869,808
double2,2,4,decreasing,2814,3259,3072,2.814,3.2590000000000003,3.071999999999999,3.0364999999999993,0.4450000000000003,0.5797752808988764,0.07977528089887642,0.07977528089887641,0.8621644821887626,809
double2,2,5,increasing,3259,4014,3739,3.2590000000000003,4.013999999999999,3.738999999999999,3.6365,0.754999999999999,0.6357615894039735,0.13576158940397354,0.1357615894039735,0.47809820621292776,810
double2,2,6,decreasing,4014,4459,4269,4.013999999999999,4.459,4.269,4.2364999999999995,0.4450000000000003,0.5730337078651685,0.0730337078651685,0.07303370786516854,0.8333552430075859,811
double2,2,7,increasing,4459,5210,4944,4.459,5.209999999999999,4.943999999999999,4.834499999999999,0.7509999999999994,0.6458055925432756,0.14580559254327563,0.14580559254327563,0.4452408106341813,812
double2,2,8,decreasing,5210,5657,5467,5.209999999999999,5.657,5.4670000000000005,5.4334999999999996,0.44700000000000095,0.5749440715883669,0.07494407158836691,0.07494407158836688,0.8229597835691201,813
double2,2,9,increasing,5657,6405,6142,5.657,6.404999999999999,6.142000000000001,6.031000000000001,0.7479999999999993,0.6483957219251337,0.14839572192513373,0.1483957219251337,0.4237653051637543,814
double2,2,10,decreasing,6978,7145,7090,6.978,7.145000000000001,7.089999999999998,7.061499999999999,0.1670000000000016,0.6706586826347305,0.1706586826347305,0.17065868263473055,0.721430683179015,815
double2,2,11,increasing,7145,7586,7336,7.145000000000001,7.586,7.336,7.365500000000001,0.44099999999999895,0.4331065759637188,-0.06689342403628118,0.06689342403628118,0.8599336154816483,816
double2,2,12,decreasing,7586,8317,7848,7.586,8.316999999999998,7.848000000000001,7.951499999999999,0.7309999999999981,0.35841313269493846,-0.14158686730506154,0.14158686730506156,0.5148206457198636,817
double2,2,13,increasing,8317,8748,8505,8.316999999999998,8.748,8.505,8.532499999999999,0.43100000000000094,0.4361948955916473,-0.06380510440835269,0.06380510440835267,0.8886443898475943,818
double2,2,14,decreasing,8748,9469,9016,8.748,9.469,9.016,9.1085,0.7210000000000001,0.37170596393897365,-0.12829403606102635,0.12829403606102635,0.7181425553695012,819
double2,2,15,increasing,9469,9892,9676,9.469,9.892000000000001,9.676,9.6805,0.4230000000000018,0.48936170212765956,-0.010638297872340441,0.010638297872340425,0.9708502706646547,820
double2,2,16,decreasing,9892,10608,10304,9.892000000000001,10.607999999999999,10.304,10.249999999999998,0.7159999999999975,0.5754189944134078,0.07541899441340782,0.07541899441340782,0.9279565186906781,821
double2,2,17,increasing,10608,11035,10830,10.607999999999999,11.034999999999998,10.83,10.8215,0.4269999999999996,0.5199063231850117,0.01990632318501173,0.01990632318501171,0.9489358428999677,822
double2,2,18,decreasing,11035,11744,11486,11.034999999999998,11.744000000000002,11.485999999999999,11.3895,0.7090000000000032,0.6361071932299013,0.13610719322990128,0.13610719322990128,0.534472660385268,823
double2,2,19,increasing,11744,12439,11999,11.744000000000002,12.438999999999998,11.999,12.0915,0.6949999999999967,0.3669064748201439,-0.13309352517985612,0.13309352517985612,0.52245243180743,824
double2,2,20,decreasing,12439,12876,12637,12.438999999999998,12.876,12.636999999999999,12.657499999999999,0.43700000000000117,0.45308924485125857,-0.046910755148741434,0.04691075514874142,0.9356826533484243,825
double2,2,21,increasing,12876,13579,13131,12.876,13.578999999999999,13.130999999999998,13.2275,0.7029999999999994,0.3627311522048364,-0.13726884779516357,0.13726884779516357,0.7235612678044248,826
double2,2,22,decreasing,13579,14000,13787,13.578999999999999,13.999999999999998,13.787,13.7895,0.4209999999999994,0.49406175771971494,-0.005938242280285055,0.0059382422802850355,0.9493372637567914,827
double2,2,23,increasing,14000,14697,14433,13.999999999999998,14.697000000000001,14.433000000000002,14.3485,0.6970000000000027,0.6212338593974175,0.12123385939741749,0.1212338593974175,0.8343265747937779,828
double2,2,24,decreasing,14697,15132,14926,14.697000000000001,15.132,14.926,14.9145,0.4349999999999987,0.5264367816091954,0.02643678160919538,0.026436781609195402,0.9506623584099989,829
double2,2,25,increasing,15132,15813,15570,15.132,15.813,15.569999999999999,15.4725,0.6810000000000009,0.6431718061674009,0.14317180616740088,0.14317180616740088,0.5486571355320957,830
double2,2,26,decreasing,15813,16499,16051,15.813,16.499000000000002,16.051000000000002,16.156,0.6860000000000017,0.3469387755102041,-0.15306122448979592,0.15306122448979592,0.6394789830576854,831
double2,2,27,increasing,16499,16925,16706,16.499000000000002,16.924999999999997,16.706000000000003,16.712000000000003,0.4259999999999948,0.4859154929577465,-0.014084507042253502,0.014084507042253521,0.9965608871867173,832
double2,2,28,decreasing,16925,17611,17298,16.924999999999997,17.610999999999997,17.298000000000002,17.268,0.6859999999999999,0.543731778425656,0.04373177842565601,0.043731778425655975,0.9679522896626289,833
double2,2,29,increasing,17611,18043,17845,17.610999999999997,18.043,17.845,17.826999999999998,0.43200000000000216,0.5416666666666666,0.04166666666666663,0.041666666666666664,0.9528056273725256,834
double2,2,30,decreasing,18043,18718,18472,18.043,18.718000000000004,18.472,18.3805,0.6750000000000043,0.6355555555555555,0.13555555555555554,0.13555555555555557,0.6009260472035761,835
double2,2,31,increasing,18718,19389,18962,18.718000000000004,19.389000000000003,18.962000000000003,19.0535,0.6709999999999994,0.36363636363636365,-0.13636363636363635,0.13636363636363635,0.660422539517308,836
double2,2,32,decreasing,19389,19821,19609,19.389000000000003,19.820999999999998,19.609,19.604999999999997,0.43199999999999505,0.5092592592592593,0.0092592592592593,0.009259259259259259,0.9409198431214154,837
double2,2,33,increasing,19821,20496,20196,19.820999999999998,20.496000000000002,20.195999999999998,20.1585,0.6750000000000043,0.5555555555555556,0.05555555555555558,0.05555555555555555,0.9689041156985694,838
double2,2,34,decreasing,20496,20940,20726,20.496000000000002,20.939999999999998,20.726,20.718000000000004,0.4439999999999955,0.5180180180180181,0.018018018018018056,0.018018018018018018,0.9526077181024397,839
double2,2,35,increasing,20940,21594,21355,20.939999999999998,21.594,21.354999999999997,21.267000000000003,0.6540000000000035,0.6345565749235474,0.13455657492354745,0.1345565749235474,0.6437325635069601,840
double2,2,36,decreasing,21594,22257,21846,21.594,22.256999999999998,21.846000000000004,21.9255,0.6629999999999967,0.38009049773755654,-0.11990950226244346,0.11990950226244344,0.7304001076891516,841
double2,2,37,increasing,22257,22694,22466,22.256999999999998,22.693999999999996,22.466,22.4755,0.4369999999999976,0.4782608695652174,-0.021739130434782594,0.021739130434782608,0.9496605109415667,842
double2,2,38,decreasing,22694,23358,23105,22.693999999999996,23.357999999999997,23.104999999999997,23.025999999999996,0.6640000000000015,0.6189759036144579,0.11897590361445787,0.11897590361445783,0.8866739166437071,843
double2,2,39,increasing,23358,23848,23584,23.357999999999997,23.848,23.583999999999996,23.603,0.490000000000002,0.46122448979591835,-0.038775510204081653,0.03877551020408163,0.9573842332486716,844
double2,2,40,decreasing,23848,24453,24224,23.848,24.452999999999996,24.223999999999997,24.150499999999997,0.6049999999999969,0.6214876033057851,0.12148760330578512,0.12148760330578512,0.75274943635137,845
double2,2,41,increasing,24453,25108,24718,24.452999999999996,25.107999999999997,24.717999999999996,24.7805,0.6550000000000011,0.40458015267175573,-0.09541984732824427,0.09541984732824428,0.8538845331745335,846
double2,2,42,decreasing,25108,25554,25330,25.107999999999997,25.553999999999995,25.33,25.330999999999996,0.44599999999999795,0.4977578475336323,-0.0022421524663677195,0.002242152466367713,0.9807706368337459,847
double2,2,43,increasing,25554,26203,25953,25.553999999999995,26.202999999999996,25.952999999999996,25.8785,0.6490000000000009,0.6147919876733436,0.11479198767334364,0.1147919876733436,0.8171709998062185,848
double2,2,44,decreasing,26203,26821,26435,26.202999999999996,26.820999999999998,26.434999999999995,26.512,0.6180000000000021,0.37540453074433655,-0.12459546925566345,0.12459546925566344,0.7734875086438033,849
double2,2,45,increasing,26821,27297,27067,26.820999999999998,27.296999999999997,27.067,27.058999999999997,0.4759999999999991,0.5168067226890757,0.01680672268907568,0.01680672268907563,0.9693362298823538,850
double2,2,46,decreasing,27297,27944,27603,27.296999999999997,27.943999999999996,27.603,27.620499999999996,0.6469999999999985,0.47295208655332305,-0.027047913446676952,0.02704791344667697,0.9853630684884338,851
double2,2,47,increasing,27944,28416,28182,27.943999999999996,28.415999999999997,28.181999999999995,28.18,0.4720000000000013,0.5042372881355932,0.004237288135593209,0.00423728813559322,0.9778013863429459,852
double2,2,48,decreasing,28416,29036,28794,28.415999999999997,29.036,28.793999999999997,28.726,0.6200000000000045,0.6096774193548387,0.10967741935483866,0.10967741935483871,0.8066661640045594,853
double2,2,49,increasing,29036,29666,29275,29.036,29.665999999999997,29.275,29.351,0.6299999999999955,0.37936507936507935,-0.12063492063492065,0.12063492063492064,0.8613515416442842,854
double2,2,50,decreasing,29666,30136,29901,29.665999999999997,30.135999999999996,29.900999999999996,29.900999999999996,0.46999999999999886,0.5,0.0,0.0,1.0,855
double2,2,51,increasing,30136,30768,30505,30.135999999999996,30.768,30.504999999999995,30.451999999999998,0.632000000000005,0.5838607594936709,0.08386075949367089,0.08386075949367089,0.9286554179132125,856
double2,2,52,decreasing,30768,31337,31005,30.768,31.336999999999996,31.004999999999995,31.0525,0.5689999999999955,0.4165202108963093,-0.0834797891036907,0.08347978910369068,0.8854255099297804,857
double2,2,53,increasing,31337,31862,31630,31.336999999999996,31.862000000000002,31.629999999999995,31.5995,0.5250000000000057,0.5580952380952381,0.05809523809523809,0.058095238095238096,0.9453509474143413,858
double2,2,54,decreasing,31862,32490,32152,31.862000000000002,32.49,32.152,32.176,0.6280000000000001,0.46178343949044587,-0.03821656050955413,0.03821656050955414,0.973094011299065,859
double2,2,55,increasing,32490,32984,32713,32.49,32.984,32.713,32.737,0.4939999999999998,0.451417004048583,-0.04858299595141702,0.048582995951417005,0.9880127835903799,860
double2,2,56,decreasing,32984,33587,33332,32.984,33.586999999999996,33.332,33.2855,0.6029999999999944,0.5771144278606966,0.07711442786069655,0.07711442786069651,0.8935107148873698,861
double2,2,57,increasing,33587,34191,33832,33.586999999999996,34.190999999999995,33.832,33.888999999999996,0.6039999999999992,0.4056291390728477,-0.0943708609271523,0.09437086092715231,0.9006394640294568,862
double2,2,58,decreasing,34191,34689,34454,34.190999999999995,34.689,34.454,34.44,0.49800000000000466,0.5281124497991968,0.028112449799196804,0.028112449799196786,0.9547594600858412,863
double2,2,59,increasing,34689,35303,35024,34.689,35.303,35.024,34.995999999999995,0.6139999999999972,0.5456026058631922,0.0456026058631922,0.04560260586319218,0.9615378571201236,864
double2,2,60,decreasing,35303,35863,35550,35.303,35.863,35.55,35.583,0.5600000000000023,0.44107142857142856,-0.05892857142857144,0.05892857142857143,0.9417844509878994,865
double2,2,61,increasing,35863,36401,36152,35.863,36.400999999999996,36.152,36.132,0.5379999999999967,0.5371747211895911,0.03717472118959109,0.03717472118959108,0.946733267577443,866
double2,2,62,decreasing,36401,37009,36692,36.400999999999996,37.009,36.692,36.705,0.6080000000000041,0.4786184210526316,-0.021381578947368418,0.02138157894736842,0.995524223655223,867
double2,2,63,increasing,37009,37530,37257,37.009,37.53,37.257,37.269499999999994,0.5210000000000008,0.4760076775431862,-0.02399232245681382,0.02399232245681382,0.9757124847036927,868
double2,2,64,decreasing,37530,38112,37858,37.53,38.112,37.858,37.821,0.5820000000000007,0.563573883161512,0.06357388316151202,0.06357388316151202,0.9410534957710696,869
double2,2,65,increasing,38112,38701,38374,38.112,38.701,38.373999999999995,38.406499999999994,0.5889999999999986,0.44482173174872663,-0.055178268251273366,0.055178268251273345,0.9614273101024134,870
double2,2,66,decreasing,38701,39225,38965,38.701,39.225,38.964999999999996,38.963,0.5240000000000009,0.5038167938931297,0.003816793893129722,0.003816793893129771,0.9800170839296459,871
double2,2,67,increasing,39225,39817,39541,39.225,39.817,39.541,39.521,0.5919999999999987,0.5337837837837838,0.03378378378378377,0.033783783783783786,0.9783766272379008,872
double2,2,68,decreasing,39817,40372,40063,39.817,40.372,40.062999999999995,40.0945,0.5549999999999997,0.44324324324324327,-0.05675675675675673,0.05675675675675676,0.9584040677984148,873
double2,2,69,increasing,40372,40925,40655,40.372,40.925,40.655,40.6485,0.5529999999999973,0.5117540687160941,0.01175406871609408,0.011754068716094032,0.9816284531528453,874
double2,2,70,decreasing,40925,41510,41210,40.925,41.51,41.21,41.2175,0.5850000000000009,0.48717948717948717,-0.01282051282051283,0.01282051282051282,0.9913994223051924,875
double2,2,71,increasing,41510,42055,41765,41.51,42.055,41.765,41.7825,0.5450000000000017,0.46788990825688076,-0.03211009174311924,0.03211009174311927,0.9659720322948494,876
double2,2,72,decreasing,42055,42624,42353,42.055,42.623999999999995,42.353,42.3395,0.5689999999999955,0.523725834797891,0.023725834797891032,0.023725834797891036,0.9836454618601146,877
double2,2,73,increasing,42624,43196,42902,42.623999999999995,43.196,42.902,42.91,0.5720000000000027,0.486013986013986,-0.013986013986014012,0.013986013986013986,0.9809583680301076,878
double2,2,74,decreasing,43196,43744,43470,43.196,43.744,43.47,43.47,0.5480000000000018,0.5,0.0,0.0,1.0,879
double2,2,75,increasing,43744,44314,44041,43.744,44.314,44.041,44.028999999999996,0.5700000000000003,0.5210526315789473,0.021052631578947323,0.021052631578947368,0.9895319221343308,880
double2,2,76,decreasing,44314,44877,44599,44.314,44.876999999999995,44.599,44.5955,0.5629999999999953,0.5062166962699822,0.006216696269982225,0.006216696269982238,0.9862366851299281,881
double2,2,77,increasing,44877,45435,45180,44.876999999999995,45.435,45.18,45.156,0.5580000000000069,0.543010752688172,0.043010752688172005,0.043010752688172046,0.9722476750674184,882
double2,2,78,decreasing,45435,46000,45720,45.435,46.0,45.72,45.7175,0.5649999999999977,0.504424778761062,0.004424778761061954,0.004424778761061947,0.9718435774286114,883
double2,2,79,increasing,46000,46561,46263,46.0,46.561,46.263,46.2805,0.5609999999999999,0.46880570409982175,-0.03119429590017825,0.031194295900178252,0.9916546089939141,884
double2,2,80,decreasing,46561,47123,46853,46.561,47.123,46.853,46.842,0.5619999999999976,0.5195729537366548,0.019572953736654797,0.019572953736654804,0.9974756770539972,885
double2,2,81,increasing,47123,47684,47396,47.123,47.684,47.396,47.403499999999994,0.5609999999999999,0.48663101604278075,-0.01336898395721925,0.013368983957219251,0.9907470393658262,886
double2,2,82,decreasing,47684,48246,47968,47.684,48.246,47.967999999999996,47.964999999999996,0.5620000000000047,0.505338078291815,0.005338078291814985,0.005338078291814947,0.9827573069998407,887
double2,2,83,increasing,48246,48800,48521,48.246,48.8,48.521,48.522999999999996,0.5539999999999949,0.4963898916967509,-0.0036101083032490933,0.0036101083032490976,0.9826158082502946,888
double2,2,84,decreasing,48800,49365,49092,48.8,49.365,49.092,49.082499999999996,0.5650000000000048,0.5168141592920354,0.016814159292035447,0.016814159292035398,0.9818585961482948,889
double2,2,85,increasing,49365,49923,49645,49.365,49.923,49.644999999999996,49.644,0.5579999999999998,0.5017921146953405,0.0017921146953404632,0.0017921146953405018,0.991198151004481,890
double2,2,86,decreasing,49923,50487,50206,49.923,50.487,50.205999999999996,50.205,0.5640000000000001,0.50177304964539,0.0017730496453900457,0.0017730496453900709,0.9871741299361015,891
double2,2,87,increasing,50487,51046,50761,50.487,51.046,50.760999999999996,50.76649999999999,0.5589999999999975,0.49016100178890876,-0.009838998211091243,0.009838998211091235,0.9927121633614872,892
double2,2,88,decreasing,51046,51607,51324,51.046,51.607,51.324,51.326499999999996,0.5609999999999999,0.49554367201426025,-0.00445632798573975,0.004456327985739751,0.9792902873252106,893
double2,2,89,increasing,51607,52167,51887,51.607,52.167,51.887,51.887,0.5600000000000023,0.5,0.0,0.0,1.0,894
double2,2,90,decreasing,52167,52728,52441,52.167,52.728,52.441,52.4475,0.5609999999999999,0.48841354723707664,-0.01158645276292336,0.011586452762923352,0.98430691803012,895
double2,2,91,increasing,52728,53288,53005,52.728,53.288,53.004999999999995,53.007999999999996,0.5599999999999952,0.49464285714285716,-0.005357142857142838,0.005357142857142857,0.9821241279185379,896
double2,2,92,decreasing,53288,53847,53559,53.288,53.847,53.559,53.567499999999995,0.5590000000000046,0.4847942754919499,-0.015205724508050078,0.01520572450805009,0.9882358970682121,897
double2,2,93,increasing,53847,54406,54129,53.847,54.406,54.129,54.1265,0.5589999999999975,0.5044722719141324,0.004472271914132353,0.004472271914132379,0.9698483447510984,898
double2,2,94,decreasing,54406,54964,54692,54.406,54.964000000000006,54.692,54.684999999999995,0.5580000000000069,0.5125448028673835,0.012544802867383464,0.012544802867383513,0.9848745861636248,899
double2,2,95,increasing,54964,55524,55245,54.964000000000006,55.523999999999994,55.245,55.24399999999999,0.5599999999999881,0.5017857142857143,0.0017857142857142794,0.0017857142857142857,0.9787198212091581,900
double2,2,96,decreasing,55524,56082,55798,55.523999999999994,56.082,55.797999999999995,55.803000000000004,0.5580000000000069,0.4910394265232975,-0.008960573476702482,0.008960573476702509,0.9891018373361299,901
double2,2,97,increasing,56082,56642,56368,56.082,56.642,56.368,56.362,0.5600000000000023,0.5107142857142857,0.010714285714285676,0.010714285714285714,0.9769469902164454,902
double2,2,98,decreasing,56642,57201,56914,56.642,57.201,56.913999999999994,56.9215,0.5589999999999975,0.4865831842576029,-0.013416815742397115,0.013416815742397137,0.9750219751055129,903
double2,2,99,increasing,57201,57759,57484,57.201,57.75899999999999,57.484,57.48,0.5579999999999927,0.507168458781362,0.007168458781361964,0.007168458781362007,0.9936982957745062,904
double2,2,100,decreasing,57759,58317,58035,57.75899999999999,58.317,58.035000000000004,58.038000000000004,0.5580000000000069,0.4946236559139785,-0.005376344086021501,0.005376344086021506,0.9809797669082146,905
double2,2,101,increasing,58317,58876,58598,58.317,58.876,58.598000000000006,58.5965,0.5589999999999975,0.5026833631484794,0.0026833631484793896,0.0026833631484794273,0.9769125707979878,906
double2,2,102,decreasing,58876,59434,59160,58.876,59.434000000000005,59.160000000000004,59.154999999999994,0.5580000000000069,0.5089605734767025,0.008960573476702538,0.008960573476702509,0.984591107983501,907
double2,2,103,increasing,59434,59992,59726,59.434000000000005,59.992,59.726000000000006,59.713,0.5579999999999927,0.5232974910394266,0.023297491039426577,0.023297491039426525,0.9946046350684805,908
double2,2,104,decreasing,59992,60550,60279,59.992,60.550000000000004,60.279,60.270999999999994,0.5580000000000069,0.514336917562724,0.014336917562724039,0.014336917562724014,0.975467959148611,909
double2,2,105,increasing,60550,61108,60818,60.550000000000004,61.108,60.818000000000005,60.829,0.5579999999999927,0.48028673835125446,-0.01971326164874554,0.01971326164874552,0.9834760778452426,910
double2,2,106,decreasing,61108,61665,61389,61.108,61.665,61.389,61.3865,0.5570000000000022,0.5044883303411131,0.004488330341113067,0.004488330341113106,0.9880411407942018,911
double2,2,107,increasing,61665,62222,61942,61.665,62.222,61.942,61.9435,0.5570000000000022,0.49730700179533216,-0.0026929982046678402,0.0026929982046678637,0.983409468666007,912
double2,2,108,decreasing,62222,62780,62501,62.222,62.779999999999994,62.501,62.501,0.5579999999999927,0.5,0.0,0.0,1.0,913
double2,2,109,increasing,62780,63337,63063,62.779999999999994,63.336999999999996,63.062999999999995,63.0585,0.5570000000000022,0.5080789946140036,0.008078994614003632,0.00807899461400359,0.9800614624768814,914
double2,2,110,decreasing,63337,63895,63598,63.336999999999996,63.895,63.598000000000006,63.61599999999999,0.5580000000000069,0.46774193548387094,-0.03225806451612906,0.03225806451612903,0.9820140697826422,915
double2,2,111,increasing,63895,64451,64179,63.895,64.45100000000001,64.179,64.173,0.5560000000000045,0.5107913669064749,0.010791366906474864,0.01079136690647482,0.9914762529005043,916
double2,2,112,decreasing,64451,65008,64720,64.45100000000001,65.00800000000001,64.72000000000001,64.7295,0.5570000000000022,0.4829443447037702,-0.01705565529622982,0.017055655296229804,0.9757537429243502,917
double2,2,113,increasing,65008,65565,65283,65.00800000000001,65.56500000000001,65.283,65.2865,0.5570000000000022,0.49371633752244165,-0.006283662477558349,0.0062836624775583485,0.9815684267422875,918
double2,2,114,decreasing,65565,66122,65840,65.56500000000001,66.122,65.84,65.8435,0.556999999999988,0.49371633752244165,-0.006283662477558349,0.0062836624775583485,0.9805177456981233,919
double2,2,115,increasing,66122,66679,66398,66.122,66.679,66.39800000000001,66.40050000000001,0.5570000000000022,0.4955116696588869,-0.004488330341113123,0.004488330341113106,0.9788505163737983,920
double2,2,116,decreasing,66679,67235,66967,66.679,67.235,66.96700000000001,66.95700000000001,0.5559999999999974,0.5179856115107914,0.017985611510791366,0.017985611510791366,0.9814755528284347,921
double2,2,117,increasing,67235,67791,67511,67.235,67.79100000000001,67.51100000000001,67.513,0.5560000000000116,0.49640287769784175,-0.003597122302158251,0.0035971223021582736,0.9904969373300031,922
double2,2,118,decreasing,67791,68348,68075,67.79100000000001,68.34800000000001,68.075,68.0695,0.5570000000000022,0.5098743267504489,0.009874326750448859,0.009874326750448833,0.9843915215137061,923
double2,2,119,increasing,68348,68903,68625,68.34800000000001,68.903,68.625,68.6255,0.5549999999999926,0.4990990990990991,-0.0009009009009008917,0.0009009009009009009,0.9837008514611263,924
double2,2,120,decreasing,68903,69460,69186,68.903,69.46000000000001,69.186,69.1815,0.5570000000000022,0.5080789946140036,0.008078994614003632,0.00807899461400359,0.9892394578815744,925
double2,2,121,increasing,69460,70016,69728,69.46000000000001,70.016,69.72800000000001,69.738,0.5559999999999974,0.48201438848920863,-0.017985611510791366,0.017985611510791366,0.9699574523340541,926
double2,2,122,decreasing,70016,70571,70280,70.016,70.57100000000001,70.28,70.29350000000001,0.5550000000000068,0.4756756756756757,-0.024324324324324298,0.024324324324324326,0.9877116361087074,927
double2,2,123,increasing,70571,71127,70853,70.57100000000001,71.12700000000001,70.85300000000001,70.849,0.5559999999999974,0.5071942446043165,0.007194244604316502,0.007194244604316547,0.9858231089907725,928
double2,2,124,decreasing,71127,71681,71398,71.12700000000001,71.68100000000001,71.39800000000001,71.40400000000001,0.554000000000002,0.4891696750902527,-0.01083032490974728,0.010830324909747292,0.9990822540715412,929
double2,2,125,increasing,71681,72239,71959,71.68100000000001,72.239,71.959,71.96000000000001,0.5579999999999927,0.4982078853046595,-0.0017921146953405187,0.0017921146953405018,0.9775578977523193,930
double2,2,126,decreasing,72239,72794,72517,72.239,72.79400000000001,72.51700000000001,72.51650000000001,0.5550000000000068,0.5009009009009009,0.0009009009009008917,0.0009009009009009009,0.9873436624241345,931
double2,2,127,increasing,72794,73352,73062,72.79400000000001,73.352,73.06200000000001,73.07300000000001,0.5579999999999927,0.48028673835125446,-0.01971326164874554,0.01971326164874552,0.9766725284834773,932
double2,2,128,decreasing,73352,73905,73640,73.352,73.905,73.64,73.6285,0.5529999999999973,0.5207956600361664,0.020795660036166397,0.020795660036166366,0.9876089998453674,933
double2,2,129,increasing,73905,74462,74193,73.905,74.462,74.19300000000001,74.18350000000001,0.5570000000000022,0.5170556552962298,0.017055655296229766,0.017055655296229804,0.987024135903473,934
double2,2,130,decreasing,74462,75014,74748,74.462,75.01400000000001,74.748,74.738,0.5520000000000067,0.5181159420289855,0.018115942028985477,0.018115942028985508,0.9959766862973574,935
double2,2,131,increasing,75014,75572,75300,75.01400000000001,75.572,75.30000000000001,75.293,0.5579999999999927,0.5125448028673835,0.012544802867383464,0.012544802867383513,0.974120768851621,936
double2,2,132,decreasing,75572,76126,75854,75.572,76.126,75.85400000000001,75.849,0.554000000000002,0.5090252707581228,0.009025270758122761,0.009025270758122744,0.9788183859143951,937
double2,2,133,increasing,76126,76681,76406,76.126,76.68100000000001,76.406,76.40350000000001,0.5550000000000068,0.5045045045045045,0.0045045045045044585,0.0045045045045045045,0.9808144631061005,938
double2,2,134,decreasing,76681,77236,76965,76.68100000000001,77.236,76.965,76.95850000000002,0.5549999999999926,0.5117117117117117,0.011711711711711703,0.011711711711711712,0.9907090856802206,939
double2,2,135,increasing,77236,77791,77509,77.236,77.79100000000001,77.509,77.51350000000001,0.5550000000000068,0.4918918918918919,-0.00810810810810808,0.008108108108108109,0.9834864589643398,940
double2,2,136,decreasing,77791,78347,78086,77.79100000000001,78.34700000000001,78.08600000000001,78.069,0.5559999999999974,0.5305755395683454,0.030575539568345356,0.030575539568345324,0.9977665366986547,941
double2,2,137,increasing,78347,78900,78629,78.34700000000001,78.9,78.629,78.6235,0.5529999999999973,0.5099457504520796,0.009945750452079571,0.009945750452079566,0.983504601569512,942
double2,2,138,decreasing,78900,79453,79174,78.9,79.453,79.174,79.1765,0.5529999999999973,0.49547920433996384,-0.004520795660036159,0.0045207956600361665,0.9815226447236658,943
double2,2,139,increasing,79453,80009,79721,79.453,80.009,79.721,79.73100000000001,0.5559999999999974,0.48201438848920863,-0.017985611510791366,0.017985611510791366,0.9815216592583698,944
double2,2,140,decreasing,80009,80563,80287,80.009,80.563,80.287,80.286,0.554000000000002,0.5018050541516246,0.0018050541516245744,0.0018050541516245488,0.980131217064824,945
double2,2,141,increasing,80563,81118,80843,80.563,81.11800000000001,80.843,80.8405,0.5550000000000068,0.5045045045045045,0.0045045045045044585,0.0045045045045045045,0.9865924514929822,946
double2,2,142,decreasing,81118,81673,81394,81.11800000000001,81.673,81.394,81.3955,0.5549999999999926,0.4972972972972973,-0.002702702702702675,0.002702702702702703,0.973802521880076,947
double2,2,143,increasing,81673,82227,81940,81.673,82.227,81.94000000000001,81.95,0.554000000000002,0.48194945848375453,-0.018050541516245466,0.018050541516245487,0.9885499938592187,948
double2,2,144,decreasing,82227,82782,82498,82.227,82.78200000000001,82.498,82.50450000000001,0.5550000000000068,0.4882882882882883,-0.011711711711711703,0.011711711711711712,0.9806528176114049,949
double2,2,145,increasing,82782,83335,83070,82.78200000000001,83.33500000000001,83.07000000000001,83.05850000000001,0.5529999999999973,0.5207956600361664,0.020795660036166397,0.020795660036166366,0.9909904849942567,950
double2,2,146,decreasing,83335,83891,83620,83.33500000000001,83.891,83.62,83.61300000000001,0.5559999999999974,0.512589928057554,0.01258992805755399,0.012589928057553957,0.9992389669094532,951
double2,2,147,increasing,83891,84444,84171,83.891,84.444,84.171,84.1675,0.5529999999999973,0.5063291139240507,0.006329113924050667,0.006329113924050633,0.9838229399629944,952
double2,2,148,decreasing,84444,84999,84709,84.444,84.99900000000001,84.709,84.7215,0.5550000000000068,0.4774774774774775,-0.022522522522522515,0.02252252252252252,0.989448092526502,953
double2,2,149,increasing,84999,85551,85262,84.99900000000001,85.551,85.262,85.275,0.5519999999999925,0.47644927536231885,-0.023550724637681153,0.02355072463768116,0.9801694810959455,954
double2,2,150,decreasing,85551,86106,85832,85.551,86.10600000000001,85.83200000000001,85.8285,0.5550000000000068,0.5063063063063064,0.006306306306306353,0.006306306306306306,0.9765014742895238,955
double2,2,151,increasing,86106,86658,86379,86.10600000000001,86.658,86.379,86.382,0.5519999999999925,0.4945652173913043,-0.005434782608695676,0.005434782608695652,0.9915027919294128,956
double2,2,152,decreasing,86658,87212,86932,86.658,87.212,86.932,86.935,0.554000000000002,0.49458483754512633,-0.005415162454873668,0.005415162454873646,0.9795846393822688,957
double2,2,153,increasing,87212,87766,87494,87.212,87.766,87.494,87.489,0.554000000000002,0.5090252707581228,0.009025270758122761,0.009025270758122744,0.9890613662821232,958
double2,2,154,decreasing,87766,88319,88039,87.766,88.319,88.039,88.0425,0.5529999999999973,0.4936708860759494,-0.006329113924050611,0.006329113924050633,0.9825789821225088,959
double2,2,155,increasing,88319,88874,88599,88.319,88.87400000000001,88.599,88.5965,0.5550000000000068,0.5045045045045045,0.0045045045045044585,0.0045045045045045045,0.9861416099305119,960
double2,2,156,decreasing,88874,89428,89140,88.87400000000001,89.42800000000001,89.14,89.15100000000001,0.554000000000002,0.48014440433212996,-0.01985559566787004,0.019855595667870037,0.9708335392249234,961
double2,2,157,increasing,89428,89980,89690,89.42800000000001,89.98,89.69000000000001,89.70400000000001,0.5519999999999925,0.4746376811594203,-0.025362318840579712,0.025362318840579712,0.9942461522786358,962
double2,2,158,decreasing,89980,90534,90255,89.98,90.534,90.25500000000001,90.257,0.554000000000002,0.4963898916967509,-0.0036101083032490933,0.0036101083032490976,0.9903763203730305,963
double2,2,159,increasing,90534,91087,90807,90.534,91.087,90.807,90.8105,0.5529999999999973,0.4936708860759494,-0.006329113924050611,0.006329113924050633,0.9846076347384172,964
double2,2,160,decreasing,91087,91641,91365,91.087,91.641,91.36500000000001,91.364,0.554000000000002,0.5018050541516246,0.0018050541516245744,0.0018050541516245488,0.9820098695831107,965
double2,2,161,increasing,91641,92193,91913,91.641,92.19300000000001,91.91300000000001,91.917,0.5520000000000067,0.4927536231884058,-0.00724637681159418,0.007246376811594203,0.9874835346503701,966
double2,2,162,decreasing,92193,92745,92463,92.19300000000001,92.745,92.46300000000001,92.46900000000001,0.5519999999999925,0.4891304347826087,-0.010869565217391297,0.010869565217391304,0.9848393134384833,967
double2,2,163,increasing,92745,93301,93034,92.745,93.301,93.034,93.02300000000001,0.5559999999999974,0.5197841726618705,0.01978417266187049,0.019784172661870502,0.9896697529693274,968
double2,2,164,decreasing,93301,93852,93569,93.301,93.852,93.569,93.57650000000001,0.5510000000000019,0.4863883847549909,-0.01361161524500909,0.013611615245009074,0.9836033424985555,969
double2,2,165,increasing,93852,94405,94134,93.852,94.405,94.134,94.1285,0.5529999999999973,0.5099457504520796,0.009945750452079571,0.009945750452079566,0.9909842829435337,970
double2,2,166,decreasing,94405,94958,94669,94.405,94.95800000000001,94.66900000000001,94.6815,0.5530000000000115,0.47739602169981915,-0.02260397830018085,0.022603978300180832,0.9784017488359882,971
double2,2,167,increasing,94958,95511,95240,94.95800000000001,95.51100000000001,95.24000000000001,95.23450000000001,0.5529999999999973,0.5099457504520796,0.009945750452079571,0.009945750452079566,0.9895870926227529,972
double2,2,168,decreasing,95511,96064,95792,95.51100000000001,96.06400000000001,95.792,95.78750000000001,0.5529999999999973,0.5081374321880651,0.008137432188065064,0.0081374321880651,0.9879202656562432,973
double2,2,169,increasing,96064,96617,96333,96.06400000000001,96.617,96.33300000000001,96.3405,0.5529999999999973,0.4864376130198915,-0.013562386980108476,0.013562386980108499,0.9810562515121423,974
double2,2,170,decreasing,96617,97169,96911,96.617,97.16900000000001,96.911,96.893,0.5520000000000067,0.532608695652174,0.03260869565217395,0.03260869565217391,0.9915762778447716,975
double2,2,171,increasing,97169,97724,97445,97.16900000000001,97.724,97.44500000000001,97.44650000000001,0.5549999999999926,0.4972972972972973,-0.002702702702702675,0.002702702702702703,0.9835521899857029,976
double2,2,172,decreasing,97724,98276,98007,97.724,98.27600000000001,98.007,98.0,0.5520000000000067,0.5126811594202898,0.0126811594202898,0.012681159420289856,0.9956896327307752,977
double2,2,173,increasing,98276,98827,98534,98.27600000000001,98.82700000000001,98.534,98.5515,0.5510000000000019,0.46823956442831216,-0.03176043557168784,0.03176043557168784,0.9837143962314338,978
double2,2,174,decreasing,98827,99381,99106,98.82700000000001,99.381,99.10600000000001,99.10400000000001,0.5539999999999878,0.5036101083032491,0.0036101083032491488,0.0036101083032490976,0.9757058881445507,979
double2,2,175,increasing,99381,99932,99646,99.381,99.932,99.646,99.65650000000001,0.5510000000000019,0.4809437386569873,-0.019056261343012693,0.019056261343012703,0.9936644120612506,980
double2,2,176,decreasing,99932,100487,100217,99.932,100.48700000000001,100.21700000000001,100.2095,0.5550000000000068,0.5135135135135135,0.013513513513513487,0.013513513513513514,0.9812138851438439,981
double2,2,177,increasing,100487,101038,100762,100.48700000000001,101.03800000000001,100.762,100.7625,0.5510000000000019,0.49909255898366606,-0.000907441016333943,0.0009074410163339383,0.9855591449047036,982
double2,2,178,decreasing,101038,101590,101302,101.03800000000001,101.59,101.302,101.31400000000001,0.5519999999999925,0.4782608695652174,-0.021739130434782594,0.021739130434782608,0.973865512982693,983
double2,2,179,increasing,101590,102142,101852,101.59,102.14200000000001,101.852,101.86600000000001,0.5520000000000067,0.4746376811594203,-0.025362318840579712,0.025362318840579712,0.9965372508156398,984
double2,2,180,decreasing,102142,102695,102421,102.14200000000001,102.69500000000001,102.421,102.41850000000001,0.5529999999999973,0.5045207956600362,0.004520795660036159,0.0045207956600361665,0.9819855955328142,985
double2,2,181,increasing,102695,103248,102977,102.69500000000001,103.248,102.977,102.9715,0.5529999999999973,0.5099457504520796,0.009945750452079571,0.009945750452079566,0.981017829750146,986
double2,2,182,decreasing,103248,103800,103512,103.248,103.80000000000001,103.512,103.524,0.5520000000000067,0.4782608695652174,-0.021739130434782594,0.021739130434782608,0.9672163814481787,987
double2,2,183,increasing,103800,104351,104074,103.80000000000001,104.35100000000001,104.07400000000001,104.0755,0.5510000000000019,0.49727767695099817,-0.002722323049001829,0.0027223230490018148,0.9820333518584028,988
double2,2,184,decreasing,104351,104903,104619,104.35100000000001,104.903,104.61900000000001,104.62700000000001,0.5519999999999925,0.4855072463768116,-0.014492753623188415,0.014492753623188406,0.9824692510129763,989
double2,2,185,increasing,104903,105456,105168,104.903,105.456,105.168,105.1795,0.5529999999999973,0.47920433996383366,-0.02079566003616634,0.020795660036166366,0.9878743884066159,990
double2,2,186,decreasing,105456,106008,105726,105.456,106.00800000000001,105.72600000000001,105.73200000000001,0.5520000000000067,0.4891304347826087,-0.010869565217391297,0.010869565217391304,0.9856728074755152,991
double2,2,187,increasing,106008,106560,106284,106.00800000000001,106.56,106.284,106.284,0.5519999999999925,0.5,0.0,0.0,1.0,992
double2,2,188,decreasing,106560,107112,106830,106.56,107.11200000000001,106.83000000000001,106.83600000000001,0.5520000000000067,0.4891304347826087,-0.010869565217391297,0.010869565217391304,0.9739693750280602,993
double2,2,189,increasing,107112,107664,107407,107.11200000000001,107.664,107.40700000000001,107.388,0.5519999999999925,0.5344202898550725,0.034420289855072506,0.034420289855072464,0.9952423688491319,994
double2,2,190,decreasing,107664,108215,107950,107.664,108.215,107.95,107.93950000000001,0.5510000000000019,0.5190562613430127,0.019056261343012748,0.019056261343012703,0.9828465020783469,995
double2,2,191,increasing,108215,108768,108493,108.215,108.768,108.49300000000001,108.4915,0.5529999999999973,0.5027124773960217,0.002712477396021651,0.0027124773960217,0.9908684967159394,996
double2,2,192,decreasing,108768,109318,109046,108.768,109.31800000000001,109.046,109.043,0.5500000000000114,0.5054545454545455,0.00545454545454549,0.005454545454545455,0.98644466724318,997
double2,2,193,increasing,109318,109872,109588,109.31800000000001,109.87200000000001,109.58800000000001,109.59500000000001,0.554000000000002,0.48736462093862815,-0.012635379061371854,0.01263537906137184,0.9900602959214169,998
double2,2,194,decreasing,109872,110423,110150,109.87200000000001,110.423,110.15,110.14750000000001,0.5509999999999877,0.5045372050816697,0.00453720508166966,0.004537205081669692,0.9714401036140696,999
double2,2,195,increasing,110423,110975,110691,110.423,110.97500000000001,110.691,110.69900000000001,0.5520000000000067,0.4855072463768116,-0.014492753623188415,0.014492753623188406,0.982636183579848,1000
double2,2,196,decreasing,110975,111526,111245,110.97500000000001,111.52600000000001,111.245,111.25050000000002,0.5510000000000019,0.4900181488203267,-0.009981851179673318,0.009981851179673321,0.9775259563968185,1001
double2,2,197,increasing,111526,112079,111800,111.52600000000001,112.07900000000001,111.80000000000001,111.80250000000001,0.5529999999999973,0.49547920433996384,-0.004520795660036159,0.0045207956600361665,0.9884413731300978,1002
double2,2,198,decreasing,112079,112631,112348,112.07900000000001,112.631,112.34800000000001,112.355,0.5519999999999925,0.48731884057971014,-0.012681159420289856,0.012681159420289856,0.9803418865673745,1003
double2,2,199,increasing,112631,113184,112903,112.631,113.18400000000001,112.903,112.9075,0.5530000000000115,0.4918625678119349,-0.008137432188065119,0.0081374321880651,0.9843831254456354,1004
double2,2,200,decreasing,113184,113734,113454,113.18400000000001,113.73400000000001,113.45400000000001,113.459,0.5499999999999972,0.4909090909090909,-0.009090909090909094,0.00909090909090909,0.9845366085813888,1005
double2,2,201,increasing,113734,114284,114010,113.73400000000001,114.284,114.01,114.009,0.5499999999999972,0.5018181818181818,0.0018181818181818299,0.0018181818181818182,0.9755954938839726,1006
double2,2,202,decreasing,114284,114836,114554,114.284,114.83600000000001,114.554,114.56,0.5520000000000067,0.4891304347826087,-0.010869565217391297,0.010869565217391304,0.9814843838562222,1007
double2,2,203,increasing,114836,115388,115113,114.83600000000001,115.388,115.11300000000001,115.11200000000001,0.5519999999999925,0.5018115942028986,0.0018115942028985588,0.0018115942028985507,0.9806572852487776,1008
double2,2,204,decreasing,115388,115940,115679,115.388,115.94000000000001,115.679,115.664,0.5520000000000067,0.5271739130434783,0.02717391304347827,0.02717391304347826,0.9984798896590319,1009
double2,2,205,increasing,115940,116490,116212,115.94000000000001,116.49000000000001,116.212,116.215,0.5499999999999972,0.49454545454545457,-0.005454545454545434,0.005454545454545455,0.9772346147789792,1010
double2,2,206,decreasing,116490,117042,116763,116.49000000000001,117.042,116.763,116.766,0.5519999999999925,0.4945652173913043,-0.005434782608695676,0.005434782608695652,0.9797395951803428,1011
double2,2,207,increasing,117042,117594,117334,117.042,117.59400000000001,117.334,117.31800000000001,0.5520000000000067,0.5289855072463768,0.02898550724637683,0.028985507246376812,0.985236981733305,1012
double2,2,208,decreasing,117594,118145,117871,117.59400000000001,118.14500000000001,117.87100000000001,117.86950000000002,0.5510000000000019,0.5027223230490018,0.0027223230490017736,0.0027223230490018148,0.9871385941831966,1013
double2,2,209,increasing,118145,118696,118432,118.14500000000001,118.696,118.43200000000002,118.42050000000002,0.5509999999999877,0.5208711433756806,0.020871143375680634,0.020871143375680582,0.9819777120268494,1014
double2,2,210,decreasing,118696,119248,118989,118.696,119.24800000000002,118.989,118.97200000000001,0.5520000000000209,0.5307971014492754,0.030797101449275388,0.030797101449275364,0.9849782911616436,1015
double2,2,211,increasing,119248,119798,119520,119.24800000000002,119.798,119.52000000000001,119.523,0.549999999999983,0.49454545454545457,-0.005454545454545434,0.005454545454545455,0.9827231829435229,1016
double2,2,212,decreasing,119798,120350,120061,119.798,120.35,120.061,120.07400000000001,0.5519999999999925,0.47644927536231885,-0.023550724637681153,0.02355072463768116,0.979498047463385,1017
double2,2,213,increasing,120350,120901,120627,120.35,120.90100000000001,120.62700000000001,120.6255,0.5510000000000161,0.5027223230490018,0.0027223230490017736,0.0027223230490018148,0.9827618094789838,1018
double2,2,214,decreasing,120901,121452,121174,120.90100000000001,121.452,121.174,121.17650000000002,0.5509999999999877,0.4954627949183303,-0.004537205081669715,0.004537205081669692,0.9829538678042384,1019
double2,2,215,increasing,121452,122004,121715,121.452,122.00400000000002,121.715,121.72800000000001,0.5520000000000209,0.47644927536231885,-0.023550724637681153,0.02355072463768116,0.9816964837824272,1020
double2,2,216,decreasing,122004,122555,122276,122.00400000000002,122.555,122.27600000000001,122.2795,0.5509999999999877,0.49364791288566245,-0.006352087114337546,0.006352087114337568,0.980490924521973,1021
double2,2,217,increasing,122555,123106,122816,122.555,123.106,122.816,122.83050000000001,0.5509999999999877,0.47368421052631576,-0.026315789473684237,0.02631578947368421,0.9782004198322833,1022
double2,2,218,decreasing,123106,123656,123367,123.106,123.656,123.36700000000002,123.381,0.5500000000000114,0.47454545454545455,-0.025454545454545452,0.025454545454545455,0.9813895629138465,1023
double2,2,219,increasing,123656,124209,123929,123.656,124.209,123.929,123.93250000000002,0.5529999999999973,0.4936708860759494,-0.006329113924050611,0.006329113924050633,0.9801851625977634,1024
double2,2,220,decreasing,124209,124759,124487,124.209,124.75900000000001,124.487,124.48400000000001,0.5500000000000114,0.5054545454545455,0.00545454545454549,0.005454545454545455,0.9797733887925123,1025
double2,2,221,increasing,124759,125311,125036,124.75900000000001,125.311,125.036,125.035,0.5519999999999925,0.5018115942028986,0.0018115942028985588,0.0018115942028985507,0.9804109866095697,1026
double2,2,222,decreasing,125311,125861,125589,125.311,125.86100000000002,125.589,125.58600000000001,0.5500000000000114,0.5054545454545455,0.00545454545454549,0.005454545454545455,0.9813067489846323,1027
double2,2,223,increasing,125861,126414,126132,125.86100000000002,126.41400000000002,126.132,126.1375,0.5529999999999973,0.49005424954792043,-0.009945750452079571,0.009945750452079566,0.9900604038542538,1028
double2,2,224,decreasing,126414,126965,126692,126.41400000000002,126.965,126.69200000000001,126.68950000000001,0.5509999999999877,0.5045372050816697,0.00453720508166966,0.004537205081669692,0.9757396148369795,1029
double2,2,225,increasing,126965,127515,127240,126.965,127.51500000000001,127.24000000000001,127.24000000000001,0.5500000000000114,0.5,0.0,0.0,1.0,1030
double2,2,226,decreasing,127515,128065,127789,127.51500000000001,128.065,127.78900000000002,127.79000000000002,0.549999999999983,0.49818181818181817,-0.0018181818181818299,0.0018181818181818182,0.9797391283732931,1031
double2,2,227,increasing,128065,128617,128335,128.065,128.61700000000002,128.335,128.341,0.5520000000000209,0.4891304347826087,-0.010869565217391297,0.010869565217391304,0.9817826253637058,1032
double2,2,228,decreasing,128617,129168,128904,128.61700000000002,129.168,128.904,128.89249999999998,0.5509999999999877,0.5208711433756806,0.020871143375680634,0.020871143375680582,0.9856473262466712,1033
double2,2,229,increasing,129168,129718,129436,129.168,129.71800000000002,129.436,129.443,0.5500000000000114,0.48727272727272725,-0.012727272727272754,0.012727272727272728,0.9916709345362736,1034
double2,2,230,decreasing,129718,130268,130007,129.71800000000002,130.268,130.007,129.993,0.549999999999983,0.5254545454545455,0.025454545454545507,0.025454545454545455,0.9900995028380912,1035
double2,2,231,increasing,130268,130819,130537,130.268,130.81900000000002,130.537,130.5435,0.5510000000000161,0.4882032667876588,-0.011796733212341204,0.011796733212341199,0.991426850113821,1036
double2,2,232,decreasing,130819,131370,131103,130.81900000000002,131.37,131.103,131.09449999999998,0.5509999999999877,0.515426497277677,0.015426497277676976,0.015426497277676952,0.9875127462130755,1037
double2,2,233,increasing,131370,131921,131666,131.37,131.92100000000002,131.666,131.64550000000003,0.5510000000000161,0.5372050816696915,0.0372050816696915,0.03720508166969147,0.9924786874798684,1038
double2,2,234,decreasing,131921,132471,132205,131.92100000000002,132.471,132.205,132.196,0.549999999999983,0.5163636363636364,0.016363636363636358,0.016363636363636365,0.9984802132316587,1039
double2,2,235,increasing,132471,133023,132755,132.471,133.023,132.755,132.747,0.5519999999999925,0.5144927536231884,0.01449275362318836,0.014492753623188406,0.9891460888644716,1040
double2,2,236,decreasing,133023,133574,133306,133.023,133.574,133.306,133.2985,0.5510000000000161,0.5136116152450091,0.01361161524500909,0.013611615245009074,0.9935951186301318,1041
double2,2,237,increasing,133574,134127,133842,133.574,134.127,133.842,133.8505,0.5529999999999973,0.484629294755877,-0.015370705244122984,0.015370705244122965,0.993353388813269,1042
double2,2,238,decreasing,134127,134675,134399,134.127,134.675,134.399,134.401,0.5480000000000018,0.49635036496350365,-0.003649635036496346,0.0036496350364963502,0.9964614204501929,1043
double2,2,239,increasing,134675,135225,134951,134.675,135.225,134.95100000000002,134.95000000000002,0.549999999999983,0.5018181818181818,0.0018181818181818299,0.0018181818181818182,0.9850171685199187,1044
double2,2,240,decreasing,135225,135776,135495,135.225,135.776,135.495,135.5005,0.5510000000000161,0.4900181488203267,-0.009981851179673318,0.009981851179673321,0.9897268456404288,1045
double2,2,241,increasing,135776,136327,136044,135.776,136.327,136.044,136.05150000000003,0.5509999999999877,0.4863883847549909,-0.01361161524500909,0.013611615245009074,0.9890796282732165,1046
double2,2,242,decreasing,136327,136876,136605,136.327,136.876,136.60500000000002,136.6015,0.5490000000000066,0.5063752276867031,0.006375227686703067,0.006375227686703097,0.9793330225841615,1047
double2,2,243,increasing,136876,137429,137155,136.876,137.429,137.155,137.15250000000003,0.5529999999999973,0.5045207956600362,0.004520795660036159,0.0045207956600361665,0.974875244765855,1048
double2,2,244,decreasing,137429,137980,137703,137.429,137.98000000000002,137.703,137.7045,0.5510000000000161,0.49727767695099817,-0.002722323049001829,0.0027223230490018148,0.9833301478361313,1049
double2,2,245,increasing,137980,138529,138260,137.98000000000002,138.529,138.26000000000002,138.2545,0.5489999999999782,0.5100182149362478,0.010018214936247771,0.010018214936247723,0.9877051708665042,1050
double2,2,246,decreasing,138529,139078,138803,138.529,139.078,138.803,138.80349999999999,0.5490000000000066,0.4990892531876138,-0.0009107468123861762,0.0009107468123861566,0.99368890637203,1051
double2,2,247,increasing,139078,139630,139362,139.078,139.63,139.362,139.354,0.5519999999999925,0.5144927536231884,0.01449275362318836,0.014492753623188406,0.9912402040358056,1052
double2,2,248,decreasing,139630,140180,139912,139.63,140.18,139.912,139.905,0.5500000000000114,0.5127272727272727,0.012727272727272698,0.012727272727272728,0.9822083883985027,1053
double2,2,249,increasing,140180,140730,140463,140.18,140.73000000000002,140.463,140.455,0.5500000000000114,0.5145454545454545,0.014545454545454528,0.014545454545454545,0.9866536014533724,1054
double2,2,250,decreasing,140730,141279,141006,140.73000000000002,141.279,141.006,141.0045,0.5489999999999782,0.5027322404371585,0.002732240437158473,0.00273224043715847,0.9892014385418395,1055
double2,2,251,increasing,141279,141833,141563,141.279,141.833,141.56300000000002,141.556,0.554000000000002,0.5126353790613718,0.012635379061371799,0.01263537906137184,0.986276532869109,1056
double2,2,252,decreasing,141833,142379,142118,141.833,142.37900000000002,142.118,142.106,0.5460000000000207,0.521978021978022,0.02197802197802201,0.02197802197802198,0.9879950811301197,1057
double2,2,253,increasing,142379,142932,142665,142.37900000000002,142.93200000000002,142.66500000000002,142.65550000000002,0.5529999999999973,0.5171790235081374,0.01717902350813738,0.017179023508137433,0.9867135930611719,1058
double2,2,254,decreasing,142932,143483,143199,142.93200000000002,143.483,143.199,143.2075,0.5509999999999877,0.484573502722323,-0.015426497277676976,0.015426497277676952,0.9936187534196657,1059
double2,2,255,increasing,143483,144032,143766,143.483,144.032,143.76600000000002,143.7575,0.5490000000000066,0.5154826958105647,0.015482695810564717,0.015482695810564663,0.9924556122212781,1060
double2,2,256,decreasing,144032,144583,144309,144.032,144.583,144.309,144.3075,0.5509999999999877,0.5027223230490018,0.0027223230490017736,0.0027223230490018148,0.994909851972608,1061
double2,2,257,increasing,144583,145133,144866,144.583,145.133,144.866,144.858,0.5500000000000114,0.5145454545454545,0.014545454545454528,0.014545454545454545,0.9845495788318909,1062
double2,2,258,decreasing,145133,145682,145422,145.133,145.68200000000002,145.422,145.40750000000003,0.5490000000000066,0.5264116575591985,0.026411657559198498,0.026411657559198543,0.9921791464066533,1063
double2,2,259,increasing,145682,146233,145976,145.68200000000002,146.233,145.976,145.9575,0.5509999999999877,0.5335753176043557,0.033575317604355726,0.03357531760435572,0.985209217778981,1064
double2,2,260,decreasing,146233,146782,146524,146.233,146.782,146.524,146.5075,0.5490000000000066,0.5300546448087432,0.030054644808743203,0.030054644808743168,0.9786575278751592,1065
double2,2,261,increasing,146782,147334,147053,146.782,147.334,147.053,147.05800000000002,0.5519999999999925,0.49094202898550726,-0.009057971014492738,0.009057971014492754,0.9740554185319249,1066
double2,2,262,decreasing,147334,147884,147614,147.334,147.88400000000001,147.614,147.609,0.5500000000000114,0.509090909090909,0.009090909090909038,0.00909090909090909,0.9855315997840031,1067
double2,2,263,increasing,147884,148434,148149,147.88400000000001,148.434,148.149,148.15900000000002,0.549999999999983,0.4818181818181818,-0.018181818181818188,0.01818181818181818,0.9779405314346148,1068
double2,2,264,decreasing,148434,148981,148716,148.434,148.981,148.716,148.7075,0.546999999999997,0.5155393053016454,0.015539305301645379,0.015539305301645339,0.9797782180971166,1069
double2,2,265,increasing,148981,149539,149247,148.981,149.53900000000002,149.247,149.26000000000002,0.5580000000000211,0.4767025089605735,-0.02329749103942652,0.023297491039426525,0.9852935361703339,1070
double2,2,266,decreasing,149539,150081,149817,149.53900000000002,150.08100000000002,149.817,149.81,0.5420000000000016,0.5129151291512916,0.01291512915129156,0.012915129151291513,0.9684252407843561,1071
double2,2,267,increasing,150081,150637,150347,150.08100000000002,150.637,150.347,150.359,0.5559999999999832,0.4784172661870504,-0.021582733812949617,0.02158273381294964,0.9834025598557056,1072
double2,2,268,decreasing,150637,151179,150934,150.637,151.179,150.934,150.90800000000002,0.5420000000000016,0.5479704797047971,0.047970479704797064,0.04797047970479705,0.9733618742337726,1073
double2,2,269,increasing,151179,151731,151445,151.179,151.731,151.44500000000002,151.455,0.5519999999999925,0.48188405797101447,-0.018115942028985532,0.018115942028985508,0.9811957313975314,1074
double2,2,270,decreasing,151731,152282,152020,151.731,152.282,152.02,152.00650000000002,0.5510000000000161,0.5245009074410163,0.024500907441016295,0.024500907441016333,0.9829423814324465,1075
double2,2,271,increasing,152282,152831,152563,152.282,152.83100000000002,152.56300000000002,152.55650000000003,0.5490000000000066,0.51183970856102,0.011839708561020013,0.011839708561020037,0.9736534969899105,1076
double2,2,272,decreasing,152831,153376,153118,152.83100000000002,153.376,153.118,153.1035,0.5449999999999875,0.5266055045871559,0.026605504587155937,0.026605504587155965,0.9813499738659748,1077
double2,2,273,increasing,153376,153936,153651,153.376,153.936,153.651,153.656,0.5600000000000023,0.49107142857142855,-0.008928571428571452,0.008928571428571428,0.9749510008455382,1078
double2,2,274,decreasing,153936,154478,154216,153.936,154.478,154.216,154.20700000000002,0.5420000000000016,0.5166051660516605,0.016605166051660514,0.016605166051660517,0.9736856419003433,1079
double2,2,275,increasing,154478,155031,154771,154.478,155.031,154.77100000000002,154.7545,0.5529999999999973,0.5298372513562387,0.029837251356238714,0.029837251356238697,0.9909819696473376,1080
double2,2,276,decreasing,155031,155577,155314,155.031,155.577,155.31400000000002,155.304,0.5459999999999923,0.5183150183150184,0.01831501831501836,0.018315018315018316,0.9710174201809121,1081
double2,2,277,increasing,155577,156126,155871,155.577,156.126,155.871,155.8515,0.5490000000000066,0.5355191256830601,0.03551912568306015,0.03551912568306011,0.9890771218659683,1082
double2,2,278,decreasing,156126,156678,156415,156.126,156.678,156.41500000000002,156.40200000000002,0.5519999999999925,0.5235507246376812,0.023550724637681153,0.02355072463768116,0.974475813533447,1083
double2,2,279,increasing,156678,157229,156973,156.678,157.229,156.973,156.95350000000002,0.5510000000000161,0.5353901996370236,0.03539019963702361,0.03539019963702359,0.9899433272849671,1084
double2,2,280,decreasing,157229,157775,157515,157.229,157.775,157.51500000000001,157.502,0.5459999999999923,0.5238095238095238,0.023809523809523836,0.023809523809523808,0.9648465435545216,1085
double2,2,281,increasing,157775,158326,158073,157.775,158.32600000000002,158.073,158.0505,0.5510000000000161,0.5408348457350273,0.04083484573502727,0.04083484573502722,0.9932988045746391,1086
double2,2,282,decreasing,158326,158872,158614,158.32600000000002,158.872,158.614,158.59900000000002,0.5459999999999923,0.5274725274725275,0.027472527472527486,0.027472527472527472,0.9677275821397345,1087
double2,2,283,increasing,158872,159414,159152,158.872,159.41400000000002,159.15200000000002,159.143,0.5420000000000016,0.5166051660516605,0.016605166051660514,0.016605166051660517,0.9721411726770297,1088
double2,2,284,decreasing,159414,159968,159710,159.41400000000002,159.96800000000002,159.71,159.691,0.554000000000002,0.5342960288808665,0.03429602888086647,0.03429602888086643,0.972799985518088,1089
double2,2,285,increasing,159968,160513,160288,159.96800000000002,160.513,160.288,160.2405,0.5449999999999875,0.5871559633027523,0.08715596330275233,0.0871559633027523,0.9646224790099005,1090
double2,2,286,decreasing,160513,161064,160807,160.513,161.06400000000002,160.80700000000002,160.7885,0.5510000000000161,0.5335753176043557,0.033575317604355726,0.03357531760435572,0.9684548623602457,1091
double3,1,0,increasing,218,582,400,0.21799999999999997,0.581999999999999,0.40000000000000036,0.40000000000000036,0.363999999999999,0.5,0.0,0.0,1.0,1092
double3,1,1,decreasing,582,932,739,0.581999999999999,0.9320000000000004,0.738999999999999,0.7569999999999997,0.3500000000000014,0.44857142857142857,-0.051428571428571435,0.05142857142857143,0.9645569620253165,1093
double3,1,2,increasing,932,1462,982,0.9320000000000004,1.4619999999999997,0.9819999999999993,1.1969999999999992,0.5299999999999994,0.09433962264150944,-0.4056603773584906,0.4056603773584906,0.27352742044685174,1094
double3,1,3,decreasing,1462,1681,1571,1.4619999999999997,1.6809999999999992,1.5709999999999997,1.5714999999999995,0.21899999999999942,0.4977168949771689,-0.002283105022831078,0.00228310502283105,0.9973684210526316,1095
double3,1,4,increasing,1681,2188,2134,1.6809999999999992,2.187999999999999,2.1340000000000003,1.9344999999999999,0.5069999999999997,0.893491124260355,0.39349112426035504,0.39349112426035504,0.3768127424434617,1096
double3,1,5,decreasing,2188,2537,2376,2.187999999999999,2.536999999999999,2.3759999999999994,2.3625,0.3490000000000002,0.5386819484240688,0.0386819484240688,0.03868194842406877,0.9852369277592258,1097
double3,1,6,increasing,2537,2891,2704,2.536999999999999,2.891,2.703999999999999,2.7140000000000004,0.354000000000001,0.4717514124293785,-0.028248587570621486,0.02824858757062147,0.9776186213070726,1098
double3,1,7,decreasing,2891,3365,2950,2.891,3.365,2.9499999999999993,3.128,0.4740000000000002,0.12447257383966245,-0.3755274261603375,0.3755274261603376,0.48998866641480926,1099
double3,1,8,increasing,3365,3583,3469,3.365,3.583,3.4689999999999994,3.474,0.21799999999999997,0.47706422018348627,-0.022935779816513735,0.022935779816513763,0.9793729372937293,1100
double3,1,9,decreasing,3583,4066,4006,3.583,4.065999999999999,4.006,3.8244999999999996,0.48299999999999876,0.8757763975155279,0.37577639751552794,0.37577639751552794,0.3520203724321712,1101
double3,1,10,increasing,4066,4418,4258,4.065999999999999,4.417999999999999,4.257999999999999,4.241999999999999,0.3520000000000003,0.5454545454545454,0.045454545454545414,0.045454545454545456,0.970881863560732,1102
double3,1,11,decreasing,4418,4775,4589,4.417999999999999,4.775,4.589,4.5965,0.3570000000000011,0.4789915966386555,-0.02100840336134452,0.02100840336134454,0.9909533284150441,1103
double3,1,12,increasing,4775,5218,4839,4.775,5.218,4.839,4.9965,0.4429999999999996,0.14446952595936793,-0.3555304740406321,0.35553047404063204,0.5507700509324759,1104
double3,1,13,decreasing,5218,5445,5325,5.218,5.445,5.324999999999999,5.331499999999999,0.2270000000000003,0.4713656387665198,-0.028634361233480177,0.028634361233480177,0.9826174986914231,1105
double3,1,14,increasing,5445,5903,5837,5.445,5.9030000000000005,5.837,5.6739999999999995,0.4580000000000002,0.8558951965065502,0.3558951965065502,0.3558951965065502,0.36274681111305257,1106
double3,1,15,decreasing,5903,6258,6107,5.9030000000000005,6.258000000000001,6.107000000000001,6.080500000000001,0.3550000000000004,0.5746478873239437,0.07464788732394367,0.07464788732394366,0.955619999920357,1107
double3,1,16,increasing,6258,6622,6436,6.258000000000001,6.621999999999998,6.435999999999998,6.4399999999999995,0.3639999999999972,0.489010989010989,-0.010989010989011005,0.01098901098901099,0.9834862385321101,1108
double3,1,17,decreasing,6622,7035,6703,6.621999999999998,7.034999999999998,6.703000000000001,6.8285,0.41300000000000026,0.19612590799031476,-0.30387409200968524,0.30387409200968524,0.6164506482160519,1109
double3,1,18,increasing,7035,7278,7142,7.034999999999998,7.2780000000000005,7.142000000000001,7.156499999999999,0.2430000000000021,0.4403292181069959,-0.05967078189300412,0.059670781893004114,0.9085379404355951,1110
double3,1,19,decreasing,7278,7715,7640,7.2780000000000005,7.714999999999998,7.639999999999999,7.496499999999999,0.4369999999999976,0.8283752860411899,0.32837528604118993,0.32837528604118993,0.32500529684149243,1111
double3,1,20,increasing,7715,8072,7921,7.714999999999998,8.072000000000001,7.921000000000001,7.8934999999999995,0.35700000000000287,0.5770308123249299,0.07703081232492992,0.07703081232492998,0.9035835940734797,1112
double3,1,21,decreasing,8072,8450,8258,8.072000000000001,8.450000000000001,8.258000000000001,8.261000000000001,0.3780000000000001,0.49206349206349204,-0.007936507936507964,0.007936507936507936,0.9913875598086126,1113
double3,1,22,increasing,8450,8826,8544,8.450000000000001,8.825999999999999,8.543999999999999,8.638,0.37599999999999767,0.25,-0.25,0.25,0.73921028466483,1114
double3,1,23,decreasing,8826,9132,8926,8.825999999999999,9.132,8.926,8.979000000000001,0.30600000000000094,0.32679738562091504,-0.17320261437908496,0.17320261437908496,0.5185752585216392,1115
double3,1,24,increasing,9132,9504,9409,9.132,9.504,9.409,9.318,0.3719999999999999,0.7446236559139785,0.2446236559139785,0.2446236559139785,0.3300230946882218,1116
double3,1,25,decreasing,9504,9870,9756,9.504,9.87,9.755999999999998,9.687,0.36599999999999966,0.6885245901639344,0.1885245901639344,0.1885245901639344,0.7805263157894736,1117
double3,1,26,increasing,9870,10249,10066,9.87,10.249,10.066,10.0595,0.37900000000000134,0.5171503957783641,0.01715039577836408,0.017150395778364115,0.9835400843657596,1118
double3,1,27,decreasing,10249,10607,10390,10.249,10.607000000000001,10.389999999999999,10.427999999999999,0.35800000000000054,0.39385474860335196,-0.10614525139664804,0.10614525139664804,0.868489583333333,1119
double3,1,28,increasing,10607,11013,10687,10.607000000000001,11.013,10.687,10.81,0.4059999999999988,0.19704433497536947,-0.30295566502463056,0.30295566502463056,0.3035138042309071,1120
double3,1,29,decreasing,11013,11261,11155,11.013,11.261000000000001,11.155,11.136999999999999,0.2480000000000011,0.5725806451612904,0.07258064516129037,0.07258064516129033,0.8351063829787234,1121
double3,1,30,increasing,11261,11641,11549,11.261000000000001,11.641,11.549000000000001,11.450999999999999,0.379999999999999,0.7578947368421053,0.2578947368421053,0.2578947368421053,0.6885617214043036,1122
double3,1,31,decreasing,11641,12005,11825,11.641,12.005,11.825000000000001,11.822999999999999,0.36400000000000077,0.5054945054945055,0.005494505494505475,0.005494505494505495,0.9783549783549784,1123
double3,1,32,increasing,12005,12356,12141,12.005,12.356,12.141,12.1805,0.3509999999999991,0.38746438746438744,-0.11253561253561256,0.11253561253561253,0.9121270336238179,1124
double3,1,33,decreasing,12356,12761,12430,12.356,12.761000000000001,12.430000000000001,12.5585,0.40500000000000114,0.18271604938271604,-0.317283950617284,0.3172839506172839,0.30644083888257423,1125
double3,1,34,increasing,12761,12981,12888,12.761000000000001,12.981,12.888,12.871,0.21999999999999886,0.5772727272727273,0.07727272727272727,0.07727272727272727,0.910490307867731,1126
double3,1,35,decreasing,12981,13352,13257,12.981,13.351999999999999,13.257,13.1665,0.37099999999999866,0.7439353099730458,0.2439353099730458,0.24393530997304583,0.7461737639263188,1127
double3,1,36,increasing,13352,13707,13541,13.351999999999999,13.706999999999999,13.540999999999999,13.5295,0.3550000000000004,0.532394366197183,0.032394366197183055,0.0323943661971831,0.9832808123249303,1128
double3,1,37,decreasing,13707,14052,13835,13.706999999999999,14.052000000000001,13.834999999999999,13.8795,0.3450000000000024,0.3710144927536232,-0.1289855072463768,0.1289855072463768,0.8957910769307511,1129
double3,1,38,increasing,14052,14437,14122,14.052000000000001,14.437,14.122000000000002,14.2445,0.384999999999998,0.18181818181818182,-0.3181818181818182,0.3181818181818182,0.15543146079182807,1130
double3,1,39,decreasing,14437,14656,14582,14.437,14.656,14.581999999999999,14.5465,0.2190000000000012,0.6621004566210046,0.16210045662100458,0.16210045662100456,0.7382968100345139,1131
double3,1,40,increasing,14656,15002,14886,14.656,15.002,14.886000000000001,14.828999999999999,0.3460000000000001,0.6647398843930635,0.16473988439306353,0.16473988439306358,0.8751857355126298,1132
double3,1,41,decreasing,15002,15353,15173,15.002,15.353,15.173,15.1775,0.3509999999999991,0.48717948717948717,-0.01282051282051283,0.01282051282051282,0.9909484117922117,1133
double3,1,42,increasing,15353,15710,15447,15.353,15.709999999999999,15.447000000000001,15.5315,0.3569999999999993,0.26330532212885155,-0.23669467787114845,0.23669467787114845,0.8078729937192496,1134
double3,1,43,decreasing,15710,15916,15794,15.709999999999999,15.915999999999999,15.793999999999999,15.813,0.20599999999999952,0.4077669902912621,-0.09223300970873788,0.09223300970873786,0.8707099200752233,1135
double3,1,44,increasing,15916,16301,16222,15.915999999999999,16.301000000000002,16.222,16.1085,0.38500000000000334,0.7948051948051948,0.29480519480519485,0.2948051948051948,0.3344033523318016,1136
double3,1,45,decreasing,16301,16644,16496,16.301000000000002,16.644,16.496000000000002,16.4725,0.3429999999999964,0.5685131195335277,0.06851311953352768,0.06851311953352769,0.9272906104807661,1137
double3,1,46,increasing,16644,16993,16805,16.644,16.993000000000002,16.805,16.8185,0.34900000000000375,0.46131805157593125,-0.038681948424068746,0.03868194842406877,0.9653728343064996,1138
double3,1,47,decreasing,16993,17365,17071,16.993000000000002,17.365000000000002,17.070999999999998,17.179000000000002,0.3719999999999999,0.20967741935483872,-0.29032258064516125,0.2903225806451613,0.5638145315487573,1139
double3,1,48,increasing,17365,17569,17468,17.365000000000002,17.569000000000003,17.468000000000004,17.467,0.20400000000000063,0.5049019607843137,0.004901960784313708,0.004901960784313725,0.9913137893593919,1140
double3,1,49,decreasing,17569,17934,17846,17.569000000000003,17.933999999999997,17.845999999999997,17.7515,0.3649999999999949,0.7589041095890411,0.2589041095890411,0.2589041095890411,0.6832472056173474,1141
double3,1,50,increasing,17934,18280,18113,17.933999999999997,18.28,18.113,18.107,0.34600000000000364,0.5173410404624278,0.017341040462427793,0.017341040462427744,0.9841149773071106,1142
double3,1,51,decreasing,18280,18620,18413,18.28,18.619999999999997,18.412999999999997,18.450000000000003,0.3399999999999963,0.3911764705882353,-0.10882352941176471,0.10882352941176471,0.9055338177752935,1143
double3,1,52,increasing,18620,18950,18691,18.619999999999997,18.950000000000003,18.691000000000003,18.784999999999997,0.3300000000000054,0.21515151515151515,-0.28484848484848485,0.28484848484848485,0.2927508168945903,1144
double3,1,53,decreasing,18950,19190,19113,18.950000000000003,19.189999999999998,19.113,19.07,0.23999999999999488,0.6791666666666667,0.1791666666666667,0.17916666666666667,0.6315086782376502,1145
double3,1,54,increasing,19190,19528,19400,19.189999999999998,19.528,19.4,19.359,0.33800000000000097,0.621301775147929,0.12130177514792895,0.12130177514792899,0.9087591240875915,1146
double3,1,55,decreasing,19528,19873,19701,19.528,19.872999999999998,19.701,19.7005,0.34499999999999886,0.5014492753623189,0.0014492753623188692,0.0014492753623188406,0.9944649446494466,1147
double3,1,56,increasing,19873,20227,19965,19.872999999999998,20.226999999999997,19.965000000000003,20.049999999999997,0.3539999999999992,0.2598870056497175,-0.2401129943502825,0.2401129943502825,0.7225647348951912,1148
double3,1,57,decreasing,20227,20424,20318,20.226999999999997,20.424,20.317999999999998,20.3255,0.19700000000000273,0.4619289340101523,-0.03807106598984772,0.03807106598984772,0.9869426665220219,1149
double3,1,58,increasing,20424,20782,20701,20.424,20.782000000000004,20.701,20.603,0.3580000000000041,0.7737430167597765,0.2737430167597765,0.2737430167597765,0.6208670095518002,1150
double3,1,59,decreasing,20782,21122,20964,20.782000000000004,21.122,20.964,20.951999999999998,0.3399999999999963,0.5352941176470588,0.03529411764705881,0.03529411764705882,0.9770833333333334,1151
double3,1,60,increasing,21122,21457,21262,21.122,21.457,21.262,21.2895,0.33500000000000085,0.417910447761194,-0.08208955223880599,0.08208955223880597,0.923205518030136,1152
double3,1,61,decreasing,21457,21770,21535,21.457,21.770000000000003,21.534999999999997,21.6135,0.3130000000000024,0.24920127795527156,-0.2507987220447284,0.2507987220447284,0.373928620334402,1153
double3,1,62,increasing,21770,22010,21933,21.770000000000003,22.009999999999998,21.933,21.89,0.23999999999999488,0.6791666666666667,0.1791666666666667,0.17916666666666667,0.6450563204005005,1154
double3,1,63,decreasing,22010,22344,22220,22.009999999999998,22.344,22.22,22.177,0.3340000000000032,0.6287425149700598,0.12874251497005984,0.12874251497005987,0.9031440162271804,1155
double3,1,64,increasing,22344,22683,22502,22.344,22.683,22.501999999999995,22.513499999999997,0.33899999999999864,0.46607669616519176,-0.03392330383480824,0.03392330383480826,0.9820855213660924,1156
double3,1,65,decreasing,22683,23031,22768,22.683,23.031,22.768,22.857,0.347999999999999,0.2442528735632184,-0.2557471264367816,0.2557471264367816,0.6795376937220908,1157
double3,1,66,increasing,23031,23223,23131,23.031,23.223,23.131,23.126999999999995,0.19200000000000017,0.5208333333333334,0.02083333333333337,0.020833333333333332,0.990090478242137,1158
double3,1,67,decreasing,23223,23567,23477,23.223,23.567,23.476999999999997,23.394999999999996,0.3440000000000012,0.7383720930232558,0.2383720930232558,0.23837209302325582,0.7482748274827483,1159
double3,1,68,increasing,23567,23904,23738,23.567,23.903999999999996,23.738,23.7355,0.3369999999999962,0.5074183976261127,0.007418397626112738,0.00741839762611276,0.9860903852070472,1160
double3,1,69,decreasing,23904,24237,24029,23.903999999999996,24.237000000000002,24.028999999999996,24.0705,0.3330000000000055,0.37537537537537535,-0.12462462462462465,0.12462462462462462,0.898237876315204,1161
double3,1,70,increasing,24237,24440,24312,24.237000000000002,24.439999999999998,24.311999999999998,24.3385,0.20299999999999585,0.3694581280788177,-0.13054187192118227,0.13054187192118227,0.8457081049572442,1162
double3,1,71,decreasing,24440,24772,24691,24.439999999999998,24.772,24.690999999999995,24.606,0.33200000000000074,0.7560240963855421,0.25602409638554213,0.2560240963855422,0.45701833483618864,1163
double3,1,72,increasing,24772,25103,24961,24.772,25.103,24.961,24.937499999999996,0.33100000000000307,0.5709969788519638,0.07099697885196377,0.07099697885196375,0.9706108934690683,1164
double3,1,73,decreasing,25103,25434,25250,25.103,25.433999999999997,25.25,25.2685,0.33099999999999596,0.44410876132930516,-0.05589123867069484,0.055891238670694864,0.9473687311058113,1165
double3,1,74,increasing,25434,25756,25509,25.433999999999997,25.756,25.509,25.595,0.32200000000000273,0.2329192546583851,-0.2670807453416149,0.2670807453416149,0.45429200293470284,1166
double3,1,75,decreasing,26290,26624,26445,26.29,26.623999999999995,26.445,26.457,0.3339999999999961,0.46407185628742514,-0.035928143712574856,0.03592814371257485,0.9767441860465116,1167
double3,1,76,increasing,26624,27475,27368,26.623999999999995,27.475,27.367999999999995,27.0495,0.8510000000000062,0.8742655699177438,0.37426556991774385,0.37426556991774385,0.8973683786055834,1168
double3,1,77,decreasing,27475,27807,27646,27.475,27.806999999999995,27.646,27.641,0.33199999999999363,0.5150602409638554,0.015060240963855387,0.015060240963855422,0.9923761118170268,1169
double3,1,78,increasing,27807,28649,27914,27.806999999999995,28.649,27.914,28.228,0.8420000000000059,0.12707838479809977,-0.37292161520190026,0.37292161520190026,0.7882736156351791,1170
double3,1,79,decreasing,28649,28977,28824,28.649,28.976999999999997,28.823999999999998,28.812999999999995,0.32799999999999585,0.5335365853658537,0.03353658536585369,0.03353658536585366,0.9816568047337277,1171
double3,1,80,increasing,28977,29808,29106,28.976999999999997,29.808,29.106,29.3925,0.8310000000000031,0.1552346570397112,-0.3447653429602888,0.3447653429602888,0.5762650746720293,1172
double3,1,81,decreasing,29808,30133,29986,29.808,30.132999999999996,29.985999999999997,29.970499999999998,0.32499999999999574,0.5476923076923077,0.0476923076923077,0.047692307692307694,0.9730850104091361,1173
double3,1,82,increasing,30688,30956,30884,30.687999999999995,30.955999999999996,30.884,30.821999999999996,0.2680000000000007,0.7313432835820896,0.23134328358208955,0.23134328358208955,0.5946480158126806,1174
double3,1,83,decreasing,30956,31278,31133,30.955999999999996,31.278,31.132999999999996,31.116999999999997,0.32200000000000273,0.5496894409937888,0.0496894409937888,0.049689440993788817,0.9716840536512668,1175
double3,1,84,increasing,31278,31601,31417,31.278,31.601,31.417,31.4395,0.3230000000000004,0.43034055727554177,-0.06965944272445823,0.0696594427244582,0.960853446296794,1176
double3,1,85,decreasing,31601,31872,31676,31.601,31.872,31.676000000000002,31.7365,0.2710000000000008,0.2767527675276753,-0.2232472324723247,0.22324723247232472,0.591123423889268,1177
double3,1,86,increasing,32415,32737,32559,32.415,32.737,32.559,32.576,0.32200000000000273,0.4472049689440994,-0.05279503105590061,0.052795031055900624,0.9684052156469407,1178
double3,1,87,decreasing,32737,33545,33414,32.737,33.545,33.414,33.141,0.8079999999999998,0.8378712871287128,0.33787128712871284,0.3378712871287129,0.504845408398708,1179
double3,1,88,increasing,33545,33868,33697,33.545,33.868,33.696999999999996,33.7065,0.3230000000000004,0.47058823529411764,-0.02941176470588236,0.029411764705882353,0.9730712045669548,1180
double3,1,89,decreasing,33868,34671,34539,33.868,34.671,34.539,34.269499999999994,0.8029999999999973,0.8356164383561644,0.3356164383561644,0.3356164383561644,0.5151618996673409,1181
double3,1,90,increasing,34671,34993,34815,34.671,34.993,34.815,34.832,0.32200000000000273,0.4472049689440994,-0.05279503105590061,0.052795031055900624,0.9748023715415017,1182
double3,1,91,decreasing,34993,35792,35665,34.993,35.792,35.665,35.3925,0.7989999999999995,0.8410513141426783,0.3410513141426783,0.34105131414267836,0.521496429270465,1183
double3,1,92,increasing,35792,36113,35948,35.792,36.113,35.948,35.9525,0.32099999999999795,0.48598130841121495,-0.014018691588785048,0.014018691588785047,0.9817366474819392,1184
double3,1,93,decreasing,36113,36908,36776,36.113,36.908,36.775999999999996,36.51049999999999,0.7950000000000017,0.8339622641509434,0.33396226415094343,0.3339622641509434,0.5212939902212476,1185
double3,1,94,increasing,36908,37228,37057,36.908,37.228,37.057,37.068,0.3200000000000003,0.465625,-0.03437499999999999,0.034375,0.9768211920529802,1186
double3,1,95,decreasing,37228,38019,37883,37.228,38.019,37.882999999999996,37.62349999999999,0.7909999999999968,0.8280657395701644,0.3280657395701644,0.3280657395701643,0.5093621838058745,1187
double3,1,96,increasing,38019,38338,38167,38.019,38.338,38.167,38.1785,0.3190000000000026,0.46394984326018807,-0.036050156739811934,0.03605015673981191,0.9754760513895954,1188
double3,1,97,decreasing,38338,39125,38995,38.338,39.125,38.995,38.7315,0.786999999999999,0.8348157560355781,0.3348157560355781,0.33481575603557817,0.4895220541969737,1189
double3,1,98,increasing,39125,39442,39274,39.125,39.442,39.274,39.283500000000004,0.31700000000000017,0.47003154574132494,-0.02996845425867506,0.02996845425867508,0.9676309483893965,1190
double3,1,99,decreasing,39442,40227,40090,39.442,40.227,40.089999999999996,39.8345,0.7849999999999966,0.8254777070063695,0.32547770700636947,0.3254777070063694,0.462000589709568,1191
double3,1,100,increasing,40767,41007,40929,40.766999999999996,41.007,40.929,40.887,0.240000000000002,0.675,0.17500000000000004,0.175,0.7838790192335927,1192
double3,1,101,decreasing,41007,41322,41179,41.007,41.321999999999996,41.179,41.164500000000004,0.3149999999999977,0.546031746031746,0.04603174603174598,0.046031746031746035,0.9672747107149118,1193
double3,1,102,increasing,41322,42093,41459,41.321999999999996,42.092999999999996,41.458999999999996,41.707499999999996,0.7710000000000008,0.17769130998702984,-0.32230869001297013,0.3223086900129702,0.43976212945789944,1194
double3,1,103,decreasing,42093,42410,42249,42.092999999999996,42.41,42.248999999999995,42.25149999999999,0.31700000000000017,0.4921135646687697,-0.00788643533123029,0.007886435331230283,0.9899895136201003,1195
double3,1,104,increasing,42410,43171,42545,42.41,43.171,42.545,42.790499999999994,0.7610000000000028,0.1773981603153745,-0.3226018396846255,0.32260183968462547,0.44823880209787814,1196
double3,1,105,decreasing,43171,43491,43328,43.171,43.491,43.327999999999996,43.330999999999996,0.3200000000000003,0.490625,-0.009375000000000022,0.009375,0.9895876718034154,1197
double3,1,106,increasing,43491,44243,43626,43.491,44.243,43.626,43.867,0.7520000000000024,0.17952127659574468,-0.3204787234042553,0.3204787234042553,0.48267705579518577,1198
double3,1,107,decreasing,44243,44565,44400,44.243,44.565,44.4,44.403999999999996,0.3219999999999956,0.48757763975155277,-0.012422360248447228,0.012422360248447204,0.9869865799105325,1199
double3,1,108,increasing,44565,45311,45185,44.565,45.311,45.185,44.937999999999995,0.7460000000000022,0.8310991957104558,0.33109919571045576,0.33109919571045576,0.47613621977465503,1200
double3,1,109,decreasing,45311,45632,45467,45.311,45.632,45.467,45.4715,0.32099999999999795,0.48598130841121495,-0.014018691588785048,0.014018691588785047,0.9956943898708039,1201
double3,1,110,increasing,45632,46378,46247,45.632,46.378,46.247,46.004999999999995,0.7460000000000022,0.824396782841823,0.32439678284182305,0.32439678284182305,0.3710013908205842,1202
double3,1,111,decreasing,46378,46696,46530,46.378,46.696,46.53,46.537,0.31799999999999784,0.4779874213836478,-0.022012578616352196,0.0220125786163522,0.9716814159292035,1203
double3,1,112,increasing,46696,47443,47290,46.696,47.443,47.29,47.0695,0.7469999999999999,0.7951807228915663,0.29518072289156627,0.29518072289156627,0.31942005056404016,1204
double3,1,113,decreasing,47443,48181,47580,47.443,48.181,47.58,47.812,0.7379999999999995,0.1856368563685637,-0.3143631436314363,0.3143631436314363,0.30758859784283515,1205
double3,1,114,increasing,48181,48504,48351,48.181,48.504,48.351,48.3425,0.3230000000000004,0.5263157894736842,0.02631578947368418,0.02631578947368421,0.9797870344553469,1206
double3,1,115,decreasing,48504,49232,48633,48.504,49.232,48.632999999999996,48.868,0.7280000000000015,0.1771978021978022,-0.32280219780219777,0.3228021978021978,0.3369208018402891,1207
double3,1,116,increasing,49232,49560,49393,49.232,49.56,49.393,49.396,0.32800000000000296,0.49085365853658536,-0.009146341463414642,0.009146341463414634,0.9838321293429652,1208
double3,1,117,decreasing,49560,50283,50142,49.56,50.283,50.141999999999996,49.921499999999995,0.722999999999999,0.8049792531120332,0.3049792531120332,0.3049792531120332,0.2814905085301381,1209
double3,1,118,increasing,50283,50609,50439,50.283,50.609,50.439,50.446,0.3260000000000005,0.4785276073619632,-0.021472392638036797,0.02147239263803681,0.9873657612128872,1210
double3,1,119,decreasing,50609,51335,51191,50.609,51.335,51.190999999999995,50.972,0.7259999999999991,0.8016528925619835,0.30165289256198347,0.30165289256198347,0.21020025031289108,1211
double3,1,120,increasing,51335,52053,51469,51.335,52.053,51.469,51.693999999999996,0.7179999999999964,0.18662952646239556,-0.31337047353760444,0.31337047353760444,0.19174930988651462,1212
double3,1,121,decreasing,52053,52385,52217,52.053,52.385,52.217,52.219,0.33200000000000074,0.4939759036144578,-0.006024096385542188,0.006024096385542169,0.9908396946564885,1213
double3,1,122,increasing,52385,53094,52516,52.385,53.094,52.516,52.7395,0.7090000000000032,0.1847672778561354,-0.3152327221438646,0.3152327221438646,0.20840982928347515,1214
double3,1,123,decreasing,53094,53431,53263,53.094,53.431,53.263,53.2625,0.3369999999999962,0.5014836795252225,0.0014836795252225476,0.001483679525222552,0.9915574963609898,1215
double3,1,124,increasing,53431,54138,54000,53.431,54.138,54.0,53.784499999999994,0.7070000000000007,0.8048090523338048,0.30480905233380484,0.3048090523338048,0.1194149622447653,1216
double3,1,125,decreasing,54138,54842,54286,54.138,54.842000000000006,54.285999999999994,54.49,0.7040000000000077,0.21022727272727273,-0.2897727272727273,0.2897727272727273,0.06874967216267726,1217
double3,1,126,increasing,54842,55184,55017,54.842000000000006,55.184000000000005,55.017,55.013,0.34199999999999875,0.5116959064327485,0.011695906432748537,0.011695906432748537,0.9898558462359852,1218
double3,1,127,decreasing,55184,55879,55316,55.184000000000005,55.879,55.315999999999995,55.5315,0.6949999999999932,0.18992805755395684,-0.3100719424460432,0.3100719424460432,0.042316103194735534,1219
double3,1,128,increasing,55879,56230,56057,55.879,56.23,56.056999999999995,56.0545,0.3509999999999991,0.5071225071225072,0.007122507122507171,0.007122507122507123,0.985141004973079,1220
double3,1,129,decreasing,56230,56920,56778,56.23,56.919999999999995,56.778,56.574999999999996,0.6899999999999977,0.7942028985507247,0.2942028985507247,0.2942028985507246,0.01936893223269875,1221
double3,1,130,increasing,56920,57605,57067,56.919999999999995,57.605,57.067,57.262499999999996,0.6850000000000023,0.2145985401459854,-0.2854014598540146,0.2854014598540146,0.06899008111527298,1222
double3,1,131,decreasing,57605,57965,57797,57.605,57.964999999999996,57.797000000000004,57.785000000000004,0.35999999999999943,0.5333333333333333,0.033333333333333326,0.03333333333333333,0.9902393678828725,1223
double3,1,132,increasing,57965,58645,58102,57.964999999999996,58.645,58.102,58.305,0.6800000000000068,0.20147058823529412,-0.2985294117647059,0.2985294117647059,0.11441057616705373,1224
double3,1,133,decreasing,58645,59015,58828,58.645,59.01499999999999,58.827999999999996,58.830000000000005,0.36999999999999034,0.4945945945945946,-0.005405405405405406,0.005405405405405406,0.9879873073436084,1225
double3,1,134,increasing,59015,59688,59537,59.01499999999999,59.687999999999995,59.537,59.3515,0.6730000000000018,0.7756315007429421,0.27563150074294207,0.27563150074294207,0.15789097897129753,1226
double3,1,135,decreasing,59688,60349,59852,59.687999999999995,60.349,59.852,60.018499999999996,0.6610000000000014,0.2481089258698941,-0.2518910741301059,0.2518910741301059,0.2279588090002661,1227
double3,1,136,increasing,60349,60736,60569,60.349,60.736,60.568999999999996,60.5425,0.38700000000000045,0.5684754521963824,0.0684754521963824,0.06847545219638243,0.973039338083053,1228
double3,1,137,decreasing,60736,61401,60881,60.736,61.401,60.88099999999999,61.0685,0.6650000000000063,0.21804511278195488,-0.2819548872180451,0.2819548872180451,0.308094616042921,1229
double3,1,138,increasing,61401,61800,61583,61.401,61.800000000000004,61.583000000000006,61.600500000000004,0.3990000000000009,0.45614035087719296,-0.04385964912280704,0.043859649122807015,0.9760684211467424,1230
double3,1,139,decreasing,61800,62448,62277,61.800000000000004,62.448,62.276999999999994,62.124,0.6479999999999961,0.7361111111111112,0.23611111111111116,0.2361111111111111,0.34550143266475647,1231
double3,1,140,increasing,62448,63089,62596,62.448,63.089000000000006,62.596,62.768499999999996,0.6410000000000053,0.23088923556942278,-0.26911076443057724,0.26911076443057724,0.402909070109189,1232
double3,1,141,decreasing,63089,63504,63315,63.089000000000006,63.504,63.315000000000005,63.2965,0.41499999999999204,0.5445783132530121,0.04457831325301209,0.04457831325301205,0.9865029077829818,1233
double3,1,142,increasing,63504,64151,63991,63.504,64.15100000000001,63.99099999999999,63.8275,0.6470000000000127,0.7527047913446677,0.2527047913446677,0.2527047913446677,0.5307926416760207,1234
double3,1,143,decreasing,64151,64609,64347,64.15100000000001,64.60900000000001,64.34700000000001,64.38000000000001,0.4579999999999984,0.4279475982532751,-0.07205240174672489,0.07205240174672489,0.9366650950809368,1235
double3,1,144,increasing,64609,65207,65023,64.60900000000001,65.20700000000001,65.02300000000001,64.908,0.597999999999999,0.6923076923076923,0.1923076923076923,0.19230769230769232,0.6206571885886452,1236
double3,1,145,decreasing,65207,65830,65373,65.20700000000001,65.83000000000001,65.373,65.5185,0.6230000000000047,0.2664526484751204,-0.2335473515248796,0.23354735152487963,0.6105787154413197,1237
double3,1,146,increasing,65830,66278,66056,65.83000000000001,66.278,66.05600000000001,66.054,0.4479999999999933,0.5044642857142857,0.004464285714285698,0.004464285714285714,0.9865792759051186,1238
double3,1,147,decreasing,66278,66900,66727,66.278,66.9,66.727,66.58900000000001,0.6219999999999999,0.7218649517684887,0.22186495176848875,0.22186495176848875,0.6881427235899035,1239
double3,1,148,increasing,66900,67440,67102,66.9,67.44000000000001,67.102,67.17,0.5400000000000063,0.37407407407407406,-0.12592592592592594,0.1259259259259259,0.8516824950170008,1240
double3,1,149,decreasing,67440,67968,67774,67.44000000000001,67.968,67.774,67.70400000000001,0.5279999999999916,0.6325757575757576,0.13257575757575757,0.13257575757575757,0.8721604639922667,1241
double3,1,150,increasing,67968,68577,68155,67.968,68.57700000000001,68.155,68.27250000000001,0.6090000000000089,0.3070607553366174,-0.19293924466338258,0.19293924466338258,0.8192310448634624,1242
double3,1,151,decreasing,68577,69062,68800,68.57700000000001,69.06200000000001,68.80000000000001,68.8195,0.48499999999999943,0.45979381443298967,-0.04020618556701033,0.04020618556701031,0.9841695052443425,1243
double3,1,152,increasing,69062,69654,69450,69.06200000000001,69.65400000000001,69.45,69.358,0.5919999999999987,0.6554054054054054,0.15540540540540537,0.1554054054054054,0.8190389016018309,1244
double3,1,153,decreasing,69654,70220,69858,69.65400000000001,70.22000000000001,69.858,69.93700000000001,0.5660000000000025,0.36042402826855124,-0.13957597173144876,0.13957597173144876,0.8762228400782618,1245
double3,1,154,increasing,70220,70736,70527,70.22000000000001,70.736,70.527,70.47800000000001,0.5159999999999911,0.5949612403100775,0.09496124031007747,0.09496124031007752,0.9615384615384615,1246
double3,1,155,decreasing,70736,71328,70957,70.736,71.328,70.95700000000001,71.03200000000001,0.5919999999999987,0.3733108108108108,-0.1266891891891892,0.1266891891891892,0.979936737460461,1247
double3,1,156,increasing,71328,71851,71567,71.328,71.85100000000001,71.56700000000001,71.58950000000002,0.5230000000000103,0.4569789674952199,-0.04302103250478012,0.043021032504780114,0.9759659008379455,1248
double3,1,157,decreasing,71851,72412,72196,71.85100000000001,72.412,72.19600000000001,72.1315,0.5609999999999928,0.6149732620320856,0.11497326203208558,0.11497326203208556,0.9251910326031089,1249
double3,1,158,increasing,72412,72985,72622,72.412,72.985,72.622,72.69850000000001,0.5729999999999933,0.36649214659685864,-0.13350785340314136,0.13350785340314136,0.917656837090714,1250
double3,1,159,decreasing,72985,73504,73261,72.985,73.504,73.26100000000001,73.2445,0.5190000000000055,0.5317919075144508,0.03179190751445082,0.031791907514450865,0.9841267245021891,1251
double3,1,160,increasing,73504,74086,73814,73.504,74.08600000000001,73.81400000000001,73.795,0.5820000000000078,0.5326460481099656,0.03264604810996563,0.03264604810996564,0.9856358645928639,1252
double3,1,161,decreasing,74086,74627,74307,74.08600000000001,74.62700000000001,74.307,74.35650000000001,0.5409999999999968,0.40850277264325324,-0.09149722735674676,0.09149722735674677,0.9726335967238403,1253
double3,1,162,increasing,74627,75177,74952,74.62700000000001,75.177,74.95200000000001,74.902,0.5499999999999972,0.5909090909090909,0.09090909090909094,0.09090909090909091,0.9737295871792271,1254
double3,1,163,decreasing,75177,75745,75411,75.177,75.745,75.411,75.46100000000001,0.5679999999999978,0.4119718309859155,-0.0880281690140845,0.0880281690140845,0.9664410603496897,1255
double3,1,164,increasing,75745,76277,76027,75.745,76.277,76.027,76.01100000000001,0.5319999999999965,0.5300751879699248,0.03007518796992481,0.03007518796992481,0.9924591537494762,1256
double3,1,165,decreasing,76277,76844,76578,76.277,76.84400000000001,76.578,76.5605,0.5670000000000073,0.5308641975308642,0.030864197530864224,0.030864197530864196,0.9822320684851008,1257
double3,1,166,increasing,76844,77397,77087,76.84400000000001,77.397,77.087,77.1205,0.5529999999999973,0.4394213381555154,-0.06057866184448463,0.06057866184448463,0.9692927716934996,1258
double3,1,167,decreasing,77397,77940,77688,77.397,77.94000000000001,77.688,77.66850000000001,0.5430000000000064,0.5359116022099447,0.035911602209944715,0.03591160220994475,0.9777703668207646,1259
double3,1,168,increasing,77940,78506,78198,77.94000000000001,78.506,78.19800000000001,78.22300000000001,0.5659999999999883,0.4558303886925795,-0.044169611307420475,0.044169611307420496,0.9807761408551922,1260
double3,1,169,decreasing,78506,79046,78761,78.506,79.046,78.76100000000001,78.77600000000001,0.5400000000000063,0.4722222222222222,-0.02777777777777779,0.027777777777777776,0.9920330480967836,1261
double3,1,170,increasing,79046,79606,79345,79.046,79.60600000000001,79.34500000000001,79.32600000000001,0.5600000000000023,0.5339285714285714,0.03392857142857142,0.033928571428571426,0.9912312751187432,1262
double3,1,171,decreasing,79606,80160,79868,79.60600000000001,80.16000000000001,79.86800000000001,79.88300000000001,0.554000000000002,0.4729241877256318,-0.027075812274368227,0.02707581227436823,0.9785250845289225,1263
double3,1,172,increasing,80160,80706,80426,80.16000000000001,80.706,80.426,80.433,0.5459999999999923,0.48717948717948717,-0.01282051282051283,0.01282051282051282,0.9977447848148844,1264
double3,1,173,decreasing,80706,81266,80980,80.706,81.266,80.98,80.986,0.5600000000000023,0.48928571428571427,-0.010714285714285732,0.010714285714285714,0.9851812648848902,1265
double3,1,174,increasing,81266,81815,81528,81.266,81.81500000000001,81.528,81.54050000000001,0.5490000000000066,0.4772313296903461,-0.022768670309653904,0.022768670309653915,0.9847697391326519,1266
double3,1,175,decreasing,81815,82365,82094,81.81500000000001,82.36500000000001,82.09400000000001,82.09,0.5499999999999972,0.5072727272727273,0.0072727272727273196,0.007272727272727273,0.9864096642387635,1267
double3,1,176,increasing,82365,82923,82612,82.36500000000001,82.923,82.61200000000001,82.644,0.5579999999999927,0.44265232974910396,-0.05734767025089604,0.05734767025089606,0.9900372520142078,1268
double3,1,177,decreasing,82923,83468,83205,82.923,83.468,83.20500000000001,83.19550000000001,0.5450000000000017,0.5174311926605505,0.017431192660550487,0.01743119266055046,0.9900459779579772,1269
double3,1,178,increasing,83468,84026,83738,83.468,84.02600000000001,83.73800000000001,83.747,0.5580000000000069,0.4838709677419355,-0.016129032258064502,0.016129032258064516,0.9845482028888143,1270
double3,1,179,decreasing,84026,84576,84281,84.02600000000001,84.57600000000001,84.281,84.301,0.5499999999999972,0.4636363636363636,-0.036363636363636376,0.03636363636363636,0.9883459944751382,1271
double3,1,180,increasing,84576,85128,84838,84.57600000000001,85.128,84.83800000000001,84.852,0.5519999999999925,0.4746376811594203,-0.025362318840579712,0.025362318840579712,0.9829202947086404,1272
double3,1,181,decreasing,85128,85682,85395,85.128,85.682,85.39500000000001,85.405,0.554000000000002,0.48194945848375453,-0.018050541516245466,0.018050541516245487,0.9915791228947807,1273
double3,1,182,increasing,85682,86231,85949,85.682,86.23100000000001,85.94900000000001,85.9565,0.5490000000000066,0.48633879781420764,-0.013661202185792365,0.01366120218579235,0.9877018465781118,1274
double3,1,183,decreasing,86231,86785,86513,86.23100000000001,86.78500000000001,86.513,86.50800000000001,0.554000000000002,0.5090252707581228,0.009025270758122761,0.009025270758122744,0.9905968928863449,1275
double3,1,184,increasing,86785,87337,87052,86.78500000000001,87.337,87.052,87.061,0.5519999999999925,0.483695652173913,-0.016304347826086973,0.016304347826086956,0.9826366559485532,1276
double3,1,185,decreasing,87337,87888,87604,87.337,87.888,87.60400000000001,87.61250000000001,0.5510000000000019,0.484573502722323,-0.015426497277676976,0.015426497277676952,0.9937621354665588,1277
double3,1,186,increasing,87888,88443,88145,87.888,88.44300000000001,88.14500000000001,88.16550000000001,0.5550000000000068,0.46306306306306305,-0.03693693693693695,0.036936936936936934,0.9818492884857832,1278
double3,1,187,decreasing,88443,88993,88699,88.44300000000001,88.99300000000001,88.69900000000001,88.718,0.5499999999999972,0.46545454545454545,-0.034545454545454546,0.034545454545454546,0.9983248245054245,1279
double3,1,188,increasing,88993,89545,89277,88.99300000000001,89.545,89.277,89.269,0.5519999999999925,0.5144927536231884,0.01449275362318836,0.014492753623188406,0.9925736829890924,1280
double3,1,189,decreasing,89545,90098,89810,89.545,90.09800000000001,89.81,89.82150000000001,0.5530000000000115,0.47920433996383366,-0.02079566003616634,0.020795660036166366,0.992901633657037,1281
double3,1,190,increasing,90098,90648,90367,90.09800000000001,90.64800000000001,90.367,90.373,0.5499999999999972,0.4890909090909091,-0.010909090909090924,0.01090909090909091,0.9878797060828726,1282
double3,1,191,decreasing,90648,91201,90922,90.64800000000001,91.20100000000001,90.92200000000001,90.92450000000001,0.5529999999999973,0.49547920433996384,-0.004520795660036159,0.0045207956600361665,0.9927309928385325,1283
double3,1,192,increasing,91201,91751,91470,91.20100000000001,91.751,91.47000000000001,91.47600000000001,0.5499999999999972,0.4890909090909091,-0.010909090909090924,0.01090909090909091,0.9888922021768298,1284
double3,1,193,decreasing,91751,92304,92023,91.751,92.304,92.02300000000001,92.0275,0.5529999999999973,0.4918625678119349,-0.008137432188065119,0.0081374321880651,0.9796983702910281,1285
double3,1,194,increasing,92304,92855,92570,92.304,92.855,92.57000000000001,92.57950000000001,0.5510000000000019,0.4827586206896552,-0.017241379310344807,0.017241379310344827,0.9882874055387872,1286
double3,1,195,decreasing,92855,93406,93129,92.855,93.406,93.129,93.13050000000001,0.5510000000000019,0.49727767695099817,-0.002722323049001829,0.0027223230490018148,0.9977627117994126,1287
double3,1,196,increasing,93406,93959,93673,93.406,93.959,93.673,93.6825,0.5529999999999973,0.48282097649186256,-0.017179023508137437,0.017179023508137433,0.9957638480529475,1288
double3,1,197,decreasing,93959,94509,94214,93.959,94.509,94.21400000000001,94.23400000000001,0.5499999999999972,0.4636363636363636,-0.036363636363636376,0.03636363636363636,0.9907290349768225,1289
double3,1,198,increasing,94509,95062,94792,94.509,95.06200000000001,94.792,94.78550000000001,0.5530000000000115,0.5117540687160941,0.01175406871609408,0.011754068716094032,0.9900996108630792,1290
double3,1,199,decreasing,95062,95613,95332,95.06200000000001,95.61300000000001,95.33200000000001,95.3375,0.5510000000000019,0.4900181488203267,-0.009981851179673318,0.009981851179673321,0.9908372851113387,1291
double3,1,200,increasing,95613,96164,95892,95.61300000000001,96.164,95.89200000000001,95.88850000000001,0.5509999999999877,0.5063520871143375,0.006352087114337546,0.006352087114337568,0.9938519627603182,1292
double3,1,201,decreasing,96164,96716,96432,96.164,96.71600000000001,96.432,96.44000000000001,0.5520000000000067,0.4855072463768116,-0.014492753623188415,0.014492753623188406,0.9863542568062303,1293
double3,1,202,increasing,96716,97267,96985,96.71600000000001,97.26700000000001,96.98500000000001,96.9915,0.5510000000000019,0.4882032667876588,-0.011796733212341204,0.011796733212341199,0.9895668639787647,1294
double3,1,203,decreasing,97267,97818,97548,97.26700000000001,97.81800000000001,97.548,97.5425,0.5510000000000019,0.5099818511796733,0.009981851179673318,0.009981851179673321,0.9834636870446346,1295
double3,1,204,increasing,97818,98370,98081,97.81800000000001,98.37,98.081,98.09400000000001,0.5519999999999925,0.47644927536231885,-0.023550724637681153,0.02355072463768116,0.9910628174628688,1296
double3,1,205,decreasing,98370,98920,98634,98.37,98.92,98.634,98.64500000000001,0.5499999999999972,0.48,-0.020000000000000018,0.02,0.9880414731887286,1297
double3,1,206,increasing,98920,99475,99187,98.92,99.47500000000001,99.18700000000001,99.1975,0.5550000000000068,0.4810810810810811,-0.018918918918918892,0.01891891891891892,0.9893003657397728,1298
double3,1,207,decreasing,99475,100022,99736,99.47500000000001,100.022,99.736,99.7485,0.546999999999997,0.47714808043875684,-0.02285191956124316,0.022851919561243144,0.9881222974477211,1299
double3,1,208,increasing,100022,100576,100293,100.022,100.57600000000001,100.293,100.299,0.554000000000002,0.4891696750902527,-0.01083032490974728,0.010830324909747292,0.9873317498020585,1300
double3,1,209,decreasing,100576,101126,100848,100.57600000000001,101.126,100.84800000000001,100.85100000000001,0.5499999999999972,0.49454545454545457,-0.005454545454545434,0.005454545454545455,0.9767845389816311,1301
double3,1,210,increasing,101126,101678,101395,101.126,101.67800000000001,101.39500000000001,101.402,0.5520000000000067,0.48731884057971014,-0.012681159420289856,0.012681159420289856,0.9890837508947747,1302
double3,1,211,decreasing,101678,102228,101936,101.67800000000001,102.22800000000001,101.936,101.953,0.5499999999999972,0.4690909090909091,-0.030909090909090886,0.03090909090909091,0.9790067457548267,1303
double3,1,212,increasing,102228,102780,102497,102.22800000000001,102.78,102.49700000000001,102.504,0.5519999999999925,0.48731884057971014,-0.012681159420289856,0.012681159420289856,0.9923930085360898,1304
double3,1,213,decreasing,102780,103332,103049,102.78,103.33200000000001,103.049,103.05600000000001,0.5520000000000067,0.48731884057971014,-0.012681159420289856,0.012681159420289856,0.9914952304332835,1305
double3,1,214,increasing,103332,103882,103603,103.33200000000001,103.882,103.60300000000001,103.60700000000001,0.5499999999999972,0.49272727272727274,-0.007272727272727264,0.007272727272727273,0.9914419233151288,1306
double3,1,215,decreasing,103882,104434,104147,103.882,104.43400000000001,104.147,104.158,0.5520000000000067,0.48007246376811596,-0.019927536231884035,0.019927536231884056,0.9865495775900399,1307
double3,1,216,increasing,104434,104983,104693,104.43400000000001,104.983,104.69300000000001,104.70850000000002,0.5489999999999924,0.47176684881602915,-0.02823315118397085,0.028233151183970857,0.991691332906366,1308
double3,1,217,decreasing,104983,105537,105241,104.983,105.537,105.24100000000001,105.26,0.554000000000002,0.4657039711191336,-0.034296028880866414,0.03429602888086643,0.9829837328767124,1309
double3,1,218,increasing,105537,106086,105794,105.537,106.08600000000001,105.79400000000001,105.81150000000001,0.5490000000000066,0.4681238615664845,-0.0318761384335155,0.031876138433515486,0.9791569935673053,1310
double3,1,219,decreasing,106086,106635,106363,106.08600000000001,106.635,106.36300000000001,106.3605,0.5489999999999924,0.5045537340619308,0.004553734061930825,0.004553734061930784,0.9863846151665097,1311
double3,1,220,increasing,106635,107188,106895,106.635,107.188,106.89500000000001,106.9115,0.5529999999999973,0.4701627486437613,-0.029837251356238714,0.029837251356238697,0.9938378298470686,1312
double3,1,221,decreasing,107188,107738,107448,107.188,107.73800000000001,107.44800000000001,107.46300000000001,0.5500000000000114,0.4727272727272727,-0.027272727272727282,0.02727272727272727,0.9874790044281571,1313
double3,1,222,increasing,107738,108290,108009,107.73800000000001,108.29,108.009,108.01400000000001,0.5519999999999925,0.49094202898550726,-0.009057971014492738,0.009057971014492754,0.9880786807073316,1314
double3,1,223,decreasing,108290,108839,108549,108.29,108.83900000000001,108.549,108.56450000000001,0.5490000000000066,0.47176684881602915,-0.02823315118397085,0.028233151183970857,0.9846344980363904,1315
double3,1,224,increasing,108839,109392,109102,108.83900000000001,109.39200000000001,109.102,109.11550000000001,0.5529999999999973,0.4755877034358047,-0.0244122965641953,0.024412296564195298,0.9838405760616878,1316
double3,1,225,decreasing,109392,109940,109650,109.39200000000001,109.94000000000001,109.65,109.66600000000001,0.5480000000000018,0.4708029197080292,-0.029197080291970823,0.029197080291970802,0.9904007679385648,1317
double3,1,226,increasing,109940,110493,110221,109.94000000000001,110.49300000000001,110.221,110.21650000000001,0.5529999999999973,0.5081374321880651,0.008137432188065064,0.0081374321880651,0.9918934709303205,1318
double3,1,227,decreasing,110493,111041,110765,110.49300000000001,111.04100000000001,110.765,110.76700000000001,0.5480000000000018,0.49635036496350365,-0.003649635036496346,0.0036496350364963502,0.9821139714378146,1319
double3,1,228,increasing,111041,111595,111303,111.04100000000001,111.59500000000001,111.30300000000001,111.31800000000001,0.554000000000002,0.4729241877256318,-0.027075812274368227,0.02707581227436823,0.9910149900668233,1320
double3,1,229,decreasing,111595,112142,111876,111.59500000000001,112.14200000000001,111.876,111.86850000000001,0.546999999999997,0.5137111517367459,0.013711151736745864,0.013711151736745886,0.9835177005655877,1321
double3,1,230,increasing,112142,112698,112404,112.14200000000001,112.69800000000001,112.40400000000001,112.42,0.5559999999999974,0.4712230215827338,-0.028776978417266175,0.02877697841726619,0.982844088107246,1322
double3,1,231,decreasing,112698,113242,112948,112.69800000000001,113.242,112.94800000000001,112.97000000000001,0.5439999999999969,0.45955882352941174,-0.04044117647058826,0.04044117647058824,0.9816585197041141,1323
double3,1,232,increasing,113242,113797,113520,113.242,113.79700000000001,113.52000000000001,113.51950000000001,0.5550000000000068,0.5009009009009009,0.0009009009009008917,0.0009009009009009009,0.9948637316561845,1324
double3,1,233,decreasing,113797,114344,114063,113.79700000000001,114.34400000000001,114.063,114.07050000000001,0.546999999999997,0.48628884826325414,-0.013711151736745864,0.013711151736745886,0.9836942255073955,1325
double3,1,234,increasing,114344,114897,114611,114.34400000000001,114.897,114.611,114.6205,0.5529999999999973,0.48282097649186256,-0.017179023508137437,0.017179023508137433,0.9934467069957595,1326
double3,1,235,decreasing,114897,115446,115158,114.897,115.44600000000001,115.158,115.17150000000001,0.5490000000000066,0.47540983606557374,-0.024590163934426257,0.02459016393442623,0.9802497141664805,1327
double3,1,236,increasing,115446,116000,115712,115.44600000000001,116.00000000000001,115.712,115.72300000000001,0.554000000000002,0.48014440433212996,-0.01985559566787004,0.019855595667870037,0.9930939768491269,1328
double3,1,237,decreasing,116000,116548,116264,116.00000000000001,116.548,116.26400000000001,116.274,0.5479999999999876,0.48175182481751827,-0.01824817518248173,0.01824817518248175,0.9829380585754632,1329
double3,1,238,increasing,116548,117099,116818,116.548,117.099,116.81800000000001,116.82350000000001,0.5510000000000019,0.4900181488203267,-0.009981851179673318,0.009981851179673321,0.9893208723031864,1330
double3,1,239,decreasing,117099,117649,117359,117.099,117.649,117.35900000000001,117.37400000000001,0.5499999999999972,0.4727272727272727,-0.027272727272727282,0.02727272727272727,0.9833320959239736,1331
double3,1,240,increasing,117649,118202,117912,117.649,118.202,117.912,117.9255,0.5529999999999973,0.4755877034358047,-0.0244122965641953,0.024412296564195298,0.9809506180626315,1332
double3,1,241,decreasing,118202,118748,118455,118.202,118.74800000000002,118.45500000000001,118.475,0.5460000000000207,0.4633699633699634,-0.03663003663003661,0.03663003663003663,0.9947125861884175,1333
double3,1,242,increasing,118748,119304,119012,118.74800000000002,119.304,119.012,119.02600000000001,0.5559999999999832,0.4748201438848921,-0.025179856115107924,0.025179856115107913,0.9761555016568169,1334
double3,1,243,decreasing,119304,119849,119566,119.304,119.84900000000002,119.566,119.5765,0.5450000000000159,0.48073394495412847,-0.019266055045871533,0.01926605504587156,0.9817105502066937,1335
double3,1,244,increasing,119849,120402,120112,119.84900000000002,120.40200000000002,120.112,120.1255,0.5529999999999973,0.4755877034358047,-0.0244122965641953,0.024412296564195298,0.9826517572286512,1336
double3,1,245,decreasing,120402,120949,120666,120.40200000000002,120.94900000000001,120.666,120.67550000000001,0.546999999999997,0.4826325411334552,-0.017367458866544783,0.01736745886654479,0.9781819109954168,1337
double3,1,246,increasing,120949,121502,121219,120.94900000000001,121.50200000000001,121.219,121.2255,0.5529999999999973,0.488245931283906,-0.011754068716094024,0.011754068716094032,0.9914369861333531,1338
double3,1,247,decreasing,121502,122050,121766,121.50200000000001,122.05000000000001,121.76600000000002,121.77600000000001,0.5480000000000018,0.48175182481751827,-0.01824817518248173,0.01824817518248175,0.9810758826084258,1339
double3,1,248,increasing,122050,122602,122312,122.05000000000001,122.602,122.31200000000001,122.326,0.5519999999999925,0.4746376811594203,-0.025362318840579712,0.025362318840579712,0.9840233688038391,1340
double3,1,249,decreasing,122602,123151,122865,122.602,123.15100000000001,122.86500000000001,122.87650000000001,0.5490000000000066,0.4790528233151184,-0.020947176684881608,0.020947176684881604,0.97669290767367,1341
double3,1,250,increasing,123151,123703,123420,123.15100000000001,123.703,123.42000000000002,123.42700000000002,0.5519999999999925,0.48731884057971014,-0.012681159420289856,0.012681159420289856,0.9908436886854153,1342
double3,1,251,decreasing,123703,124255,123948,123.703,124.255,123.94800000000001,123.97900000000001,0.5519999999999925,0.4438405797101449,-0.0561594202898551,0.05615942028985507,0.9839542346867588,1343
double3,1,252,increasing,124255,124801,124528,124.255,124.80100000000002,124.52800000000002,124.52800000000002,0.5460000000000207,0.5,0.0,0.0,1.0,1344
double3,1,253,decreasing,124801,125356,125063,124.80100000000002,125.356,125.06300000000002,125.0785,0.5549999999999784,0.4720720720720721,-0.02792792792792792,0.027927927927927927,0.9853900457851328,1345
double3,1,254,increasing,125356,125903,125612,125.356,125.90300000000002,125.612,125.62950000000001,0.5470000000000255,0.4680073126142596,-0.031992687385740404,0.031992687385740404,0.987498420267636,1346
double3,1,255,decreasing,125903,126454,126144,125.90300000000002,126.45400000000001,126.144,126.1785,0.5509999999999877,0.43738656987295826,-0.06261343012704174,0.06261343012704174,0.9785034830089973,1347
double3,1,256,increasing,126454,127002,126712,126.45400000000001,127.00200000000001,126.71200000000002,126.72800000000001,0.5480000000000018,0.4708029197080292,-0.029197080291970823,0.029197080291970802,0.9934955432425921,1348
double3,1,257,decreasing,127002,127556,127241,127.00200000000001,127.55600000000001,127.24100000000001,127.279,0.554000000000002,0.4314079422382672,-0.06859205776173283,0.06859205776173286,0.9588680712831422,1349
double3,1,258,increasing,127556,128100,127830,127.55600000000001,128.1,127.83000000000001,127.828,0.5439999999999827,0.5036764705882353,0.003676470588235281,0.003676470588235294,0.9918418858314743,1350
double3,1,259,decreasing,128100,128655,128347,128.1,128.655,128.347,128.3775,0.5550000000000068,0.44504504504504505,-0.05495495495495495,0.054954954954954956,0.9604775574474467,1351
double3,1,260,increasing,128655,129200,128920,128.655,129.20000000000002,128.92000000000002,128.9275,0.5450000000000159,0.48623853211009177,-0.01376146788990823,0.013761467889908258,0.9862195372588867,1352
double3,1,261,decreasing,129200,129754,129433,129.20000000000002,129.75400000000002,129.43300000000002,129.477,0.554000000000002,0.42057761732851984,-0.07942238267148016,0.07942238267148015,0.9518944062338489,1353
double3,1,262,increasing,129754,130297,130030,129.75400000000002,130.297,130.03,130.02550000000002,0.542999999999978,0.5082872928176796,0.008287292817679592,0.008287292817679558,0.9796588172161835,1354
double3,1,263,decreasing,130297,130853,130540,130.297,130.853,130.54000000000002,130.57500000000002,0.5560000000000116,0.4370503597122302,-0.06294964028776978,0.06294964028776978,0.9560056123767676,1355
double3,1,264,increasing,130853,131394,131129,130.853,131.394,131.12900000000002,131.1235,0.5409999999999968,0.5101663585951941,0.010166358595194103,0.010166358595194085,0.9844272049802846,1356
double3,1,265,decreasing,131394,131952,131649,131.394,131.952,131.649,131.673,0.5579999999999927,0.45698924731182794,-0.04301075268817206,0.043010752688172046,0.9623756324493193,1357
double3,2,0,increasing,496,795,732,0.49600000000000044,0.7949999999999999,0.7319999999999993,0.6454999999999993,0.2989999999999995,0.7892976588628763,0.2892976588628763,0.28929765886287623,0.3647016360266868,1358
double3,2,1,decreasing,795,1252,978,0.7949999999999999,1.251999999999999,0.9779999999999998,1.0234999999999994,0.45699999999999896,0.40043763676148797,-0.09956236323851203,0.09956236323851203,0.7795217032829925,1359
double3,2,2,increasing,1252,1881,1574,1.251999999999999,1.8810000000000002,1.5739999999999998,1.5664999999999996,0.6290000000000013,0.5119236883942766,0.0119236883942766,0.01192368839427663,0.8897119618455187,1360
double3,2,3,decreasing,1881,2322,2143,1.8810000000000002,2.321999999999999,2.142999999999999,2.1014999999999997,0.44099999999999895,0.5941043083900227,0.0941043083900227,0.09410430839002268,0.7568000098385507,1361
double3,2,4,increasing,2322,2575,2394,2.321999999999999,2.5749999999999993,2.394,2.4485,0.2530000000000001,0.2845849802371542,-0.21541501976284583,0.21541501976284586,0.4339736463632399,1362
double3,2,5,decreasing,3175,3767,3467,3.174999999999999,3.7669999999999995,3.4670000000000005,3.471,0.5920000000000005,0.49324324324324326,-0.006756756756756743,0.006756756756756757,0.9818489950553563,1363
double3,2,6,increasing,3767,4200,4022,3.7669999999999995,4.199999999999999,4.022,3.9835000000000003,0.43299999999999983,0.5889145496535797,0.0889145496535797,0.08891454965357967,0.8511596376101711,1364
double3,2,7,decreasing,4200,4466,4276,4.199999999999999,4.465999999999999,4.276,4.333,0.266,0.2857142857142857,-0.2142857142857143,0.21428571428571427,0.4325800948248836,1365
double3,2,8,increasing,5044,5612,5324,5.0440000000000005,5.612,5.324,5.327999999999999,0.5679999999999996,0.49295774647887325,-0.007042253521126751,0.007042253521126761,0.9513268348444543,1366
double3,2,9,decreasing,5612,6037,5844,5.612,6.037000000000001,5.843999999999999,5.8245,0.4250000000000007,0.5458823529411765,0.045882352941176485,0.04588235294117647,0.9019590243878983,1367
double3,2,10,increasing,6037,6316,6113,6.037000000000001,6.316000000000001,6.113000000000001,6.176500000000001,0.2789999999999999,0.2724014336917563,-0.2275985663082437,0.22759856630824374,0.4512556560887948,1368
double3,2,11,decreasing,6874,7418,7140,6.8740000000000006,7.418000000000001,7.139999999999999,7.145999999999999,0.5440000000000005,0.4889705882352941,-0.011029411764705899,0.011029411764705883,0.92564181409825,1369
double3,2,12,increasing,7418,7850,7637,7.418000000000001,7.85,7.636999999999999,7.633999999999999,0.4319999999999986,0.5069444444444444,0.00694444444444442,0.006944444444444444,0.9649626182515001,1370
double3,2,13,decreasing,7850,8677,8529,7.85,8.677000000000001,8.528999999999998,8.2635,0.8270000000000017,0.8210399032648126,0.3210399032648126,0.3210399032648126,0.620860413801299,1371
double3,2,14,increasing,8677,9172,8923,8.677000000000001,9.171999999999999,8.923,8.9245,0.49499999999999744,0.49696969696969695,-0.00303030303030305,0.0030303030303030303,0.9042785898186818,1372
double3,2,15,decreasing,9172,9647,9418,9.171999999999999,9.647,9.418000000000001,9.4095,0.4750000000000014,0.5178947368421053,0.017894736842105297,0.017894736842105262,0.8750082806399124,1373
double3,2,16,increasing,9647,10471,9775,9.647,10.470999999999998,9.775,10.059,0.8239999999999981,0.1553398058252427,-0.3446601941747573,0.3446601941747573,0.6236170222870588,1374
double3,2,17,decreasing,10471,10905,10691,10.470999999999998,10.905,10.691,10.688,0.43400000000000105,0.5069124423963134,0.00691244239631339,0.0069124423963133645,0.8869055495036317,1375
double3,2,18,increasing,10905,11404,11150,10.905,11.403999999999998,11.15,11.154499999999999,0.4989999999999988,0.4909819639278557,-0.009018036072144298,0.009018036072144289,0.9229171441646135,1376
double3,2,19,decreasing,11404,12225,11560,11.403999999999998,12.225,11.56,11.814499999999999,0.8210000000000015,0.1900121802679659,-0.3099878197320341,0.3099878197320341,0.46108695357283397,1377
double3,2,20,increasing,12225,12640,12419,12.225,12.639999999999999,12.418999999999999,12.432500000000001,0.41499999999999915,0.4674698795180723,-0.032530120481927716,0.03253012048192771,0.9482390310260084,1378
double3,2,21,decreasing,12640,13124,12893,12.639999999999999,13.124,12.892999999999999,12.882,0.48400000000000176,0.5227272727272727,0.022727272727272707,0.022727272727272728,0.9530147850779036,1379
double3,2,22,increasing,13124,13917,13278,13.124,13.917,13.278,13.5205,0.7929999999999993,0.19419924337957126,-0.3058007566204287,0.30580075662042877,0.43770779054883496,1380
double3,2,23,decreasing,13917,14347,14124,13.917,14.347,14.124,14.132,0.4299999999999997,0.4813953488372093,-0.018604651162790697,0.018604651162790697,0.8824704512378571,1381
double3,2,24,increasing,14347,14793,14587,14.347,14.793000000000001,14.587000000000002,14.569999999999999,0.4460000000000015,0.5381165919282511,0.03811659192825112,0.03811659192825112,0.9731998306255558,1382
double3,2,25,decreasing,14793,15571,15441,14.793000000000001,15.571,15.441,15.182,0.7779999999999987,0.8329048843187661,0.3329048843187661,0.3329048843187661,0.5414693576764292,1383
double3,2,26,increasing,15571,16026,15791,15.571,16.026000000000003,15.790999999999999,15.7985,0.4550000000000036,0.4835164835164835,-0.01648351648351648,0.016483516483516484,0.9350297685736921,1384
double3,2,27,decreasing,16026,16428,16228,16.026000000000003,16.427999999999997,16.228,16.226999999999997,0.4019999999999939,0.5024875621890548,0.0024875621890547706,0.0024875621890547263,0.9617611558655421,1385
double3,2,28,increasing,16428,16683,16516,16.427999999999997,16.683,16.516,16.5555,0.25500000000000256,0.34509803921568627,-0.15490196078431373,0.15490196078431373,0.643620618188395,1386
double3,2,29,decreasing,17241,17697,17469,17.241,17.697000000000003,17.469,17.469,0.45600000000000307,0.5,0.0,0.0,1.0,1387
double3,2,30,increasing,17697,18490,17852,17.697000000000003,18.490000000000002,17.851999999999997,18.093500000000002,0.7929999999999993,0.19546027742749053,-0.3045397225725095,0.30453972257250944,0.3644408399312111,1388
double3,2,31,decreasing,18490,18902,18691,18.490000000000002,18.902,18.691000000000003,18.695999999999998,0.41199999999999903,0.4878640776699029,-0.012135922330097082,0.012135922330097087,0.9658757762630374,1389
double3,2,32,increasing,18902,19319,19119,18.902,19.319000000000003,19.119,19.1105,0.4170000000000016,0.5203836930455635,0.020383693045563533,0.02038369304556355,0.9436190248334589,1390
double3,2,33,decreasing,19319,20102,19943,19.319000000000003,20.101999999999997,19.942999999999998,19.7105,0.7829999999999941,0.7969348659003831,0.2969348659003831,0.29693486590038315,0.39125008716486476,1391
double3,2,34,increasing,20102,20540,20322,20.101999999999997,20.54,20.322000000000003,20.320999999999998,0.4380000000000024,0.502283105022831,0.0022831050228310223,0.00228310502283105,0.9161172070996935,1392
double3,2,35,decreasing,20540,21333,20713,20.54,21.333,20.713,20.9365,0.7929999999999993,0.21815889029003782,-0.2818411097099622,0.2818411097099622,0.31920189019570816,1393
double3,2,36,increasing,21333,21730,21519,21.333,21.729999999999997,21.519,21.5315,0.39699999999999847,0.46851385390428213,-0.03148614609571787,0.031486146095717885,0.9594836486755028,1394
double3,2,37,decreasing,21730,22137,21937,21.729999999999997,22.137,21.936999999999998,21.9335,0.4070000000000036,0.5085995085995086,0.008599508599508643,0.0085995085995086,0.9348906609382528,1395
double3,2,38,increasing,22137,22916,22763,22.137,22.915999999999997,22.762999999999998,22.5265,0.7789999999999964,0.803594351732991,0.303594351732991,0.30359435173299104,0.3092378236943879,1396
double3,2,39,decreasing,22916,23340,23130,22.915999999999997,23.339999999999996,23.129999999999995,23.128,0.4239999999999995,0.5047169811320755,0.004716981132075526,0.0047169811320754715,0.9491963182737055,1397
double3,2,40,increasing,23340,24113,23498,23.339999999999996,24.113,23.497999999999998,23.726499999999998,0.7730000000000032,0.20439844760672704,-0.29560155239327296,0.29560155239327296,0.36710501015709207,1398
double3,2,41,decreasing,24113,24518,24314,24.113,24.518,24.314,24.315499999999997,0.40500000000000114,0.4962962962962963,-0.003703703703703709,0.003703703703703704,0.9495369378960105,1399
double3,2,42,increasing,25103,25314,25240,25.103,25.314,25.239999999999995,25.208499999999997,0.21099999999999852,0.6492890995260664,0.1492890995260664,0.14928909952606634,0.7996859275579935,1400
double3,2,43,decreasing,25314,25687,25502,25.314,25.686999999999998,25.501999999999995,25.5005,0.37299999999999756,0.5040214477211796,0.004021447721179627,0.004021447721179625,0.9287603517430143,1401
double3,2,44,increasing,25687,26083,25887,25.686999999999998,26.083,25.887,25.884999999999998,0.3960000000000008,0.5050505050505051,0.005050505050505083,0.005050505050505051,0.9018424184068248,1402
double3,2,45,decreasing,26083,26852,26697,26.083,26.851999999999997,26.696999999999996,26.467499999999998,0.7689999999999984,0.7984395318595578,0.29843953185955785,0.29843953185955785,0.29682236714913096,1403
double3,2,46,increasing,26852,27258,27061,26.851999999999997,27.257999999999996,27.061,27.055,0.4059999999999988,0.5147783251231527,0.014778325123152691,0.014778325123152709,0.9402615880166522,1404
double3,2,47,decreasing,27258,28018,27399,27.257999999999996,28.018,27.399,27.637999999999998,0.7600000000000051,0.18552631578947368,-0.31447368421052635,0.3144736842105263,0.4000735891390921,1405
double3,2,48,increasing,28018,28416,28210,28.018,28.415999999999997,28.21,28.217,0.39799999999999613,0.4824120603015075,-0.017587939698492483,0.017587939698492462,0.8896805873486991,1406
double3,2,49,decreasing,28416,29181,28591,28.415999999999997,29.180999999999997,28.591,28.7985,0.7650000000000006,0.22875816993464052,-0.2712418300653595,0.27124183006535946,0.2735373820016565,1407
double3,2,50,increasing,29181,29566,29377,29.180999999999997,29.565999999999995,29.376999999999995,29.373499999999996,0.384999999999998,0.509090909090909,0.009090909090909038,0.00909090909090909,0.9430156491531556,1408
double3,2,51,decreasing,30108,30335,30241,30.107999999999997,30.335,30.241,30.2215,0.22700000000000387,0.5859030837004405,0.08590308370044053,0.08590308370044053,0.8414221495254874,1409
double3,2,52,increasing,30335,30707,30527,30.335,30.707,30.527,30.521,0.3719999999999999,0.5161290322580645,0.016129032258064502,0.016129032258064516,0.9362826452331029,1410
double3,2,53,decreasing,30707,31075,30896,30.707,31.074999999999996,30.896,30.891,0.367999999999995,0.5135869565217391,0.013586956521739135,0.01358695652173913,0.9576260062959804,1411
double3,2,54,increasing,31075,31280,31152,31.074999999999996,31.28,31.152,31.1775,0.2050000000000054,0.375609756097561,-0.12439024390243902,0.12439024390243902,0.8153271874716563,1412
double3,2,55,decreasing,31843,32215,32022,31.842999999999996,32.214999999999996,32.022,32.028999999999996,0.3719999999999999,0.48118279569892475,-0.018817204301075252,0.01881720430107527,0.9627609306879175,1413
double3,2,56,increasing,32215,32435,32301,32.214999999999996,32.434999999999995,32.301,32.324999999999996,0.21999999999999886,0.39090909090909093,-0.10909090909090907,0.10909090909090909,0.8733381286758538,1414
double3,2,57,decreasing,32974,33345,33157,32.974,33.345,33.157,33.159499999999994,0.3710000000000022,0.49326145552560646,-0.006738544474393537,0.006738544474393531,0.9553009208359413,1415
double3,2,58,increasing,33345,34100,33920,33.345,34.1,33.92,33.7225,0.7550000000000026,0.7615894039735099,0.26158940397350994,0.26158940397350994,0.14820084607551398,1416
double3,2,59,decreasing,34100,34471,34285,34.1,34.471,34.285,34.2855,0.3709999999999951,0.49865229110512127,-0.0013477088948787297,0.0013477088948787063,0.9556171995828301,1417
double3,2,60,increasing,34471,35224,35059,34.471,35.224,35.059,34.8475,0.7530000000000001,0.7808764940239044,0.28087649402390436,0.28087649402390436,0.19420189429939377,1418
double3,2,61,decreasing,35224,35592,35407,35.224,35.592,35.407,35.408,0.3680000000000021,0.49728260869565216,-0.002717391304347838,0.002717391304347826,0.9287820964421862,1419
double3,2,62,increasing,35592,36343,36183,35.592,36.342999999999996,36.183,35.9675,0.7509999999999977,0.7869507323568575,0.28695073235685753,0.28695073235685753,0.19123823598929107,1420
double3,2,63,decreasing,36343,36708,36525,36.342999999999996,36.708,36.525,36.525499999999994,0.365000000000002,0.4986301369863014,-0.0013698630136986245,0.0013698630136986301,0.9746478191370427,1421
double3,2,64,increasing,36708,37456,37291,36.708,37.455999999999996,37.291,37.082,0.7479999999999976,0.7794117647058824,0.27941176470588236,0.27941176470588236,0.1767351501249992,1422
double3,2,65,decreasing,37456,37819,37629,37.455999999999996,37.818999999999996,37.629,37.6375,0.36299999999999955,0.4765840220385675,-0.02341597796143252,0.023415977961432508,0.9063298430995776,1423
double3,2,66,increasing,37819,38566,38398,37.818999999999996,38.565999999999995,38.397999999999996,38.192499999999995,0.7469999999999999,0.7751004016064257,0.2751004016064257,0.2751004016064257,0.17010341582935046,1424
double3,2,67,decreasing,38566,38926,38739,38.565999999999995,38.926,38.739,38.746,0.36000000000000654,0.48055555555555557,-0.01944444444444443,0.019444444444444445,0.9681918595060326,1425
double3,2,68,increasing,38926,39674,39505,38.926,39.674,39.504999999999995,39.3,0.7479999999999976,0.7740641711229946,0.27406417112299464,0.27406417112299464,0.1360096093932917,1426
double3,2,69,decreasing,39674,40028,39856,39.674,40.028,39.856,39.851,0.3539999999999992,0.5141242937853108,0.01412429378531077,0.014124293785310734,0.9700555614601282,1427
double3,2,70,increasing,40028,40230,40114,40.028,40.23,40.114,40.129,0.20199999999999818,0.42574257425742573,-0.07425742574257427,0.07425742574257425,0.9289615878186346,1428
double3,2,71,decreasing,40776,41515,40952,40.775999999999996,41.515,40.952,41.1455,0.7390000000000043,0.2381596752368065,-0.2618403247631935,0.2618403247631935,0.14353614077561339,1429
double3,2,72,increasing,41515,41870,41698,41.515,41.87,41.698,41.692499999999995,0.3549999999999969,0.5154929577464789,0.015492957746478853,0.015492957746478873,0.9525088591892097,1430
double3,2,73,decreasing,41870,42602,42028,41.87,42.602,42.028,42.236,0.7319999999999993,0.21584699453551912,-0.28415300546448086,0.28415300546448086,0.11977453242483209,1431
double3,2,74,increasing,42602,42961,42785,42.602,42.961,42.785,42.781499999999994,0.35900000000000176,0.5097493036211699,0.00974930362116988,0.009749303621169917,0.9440462716019505,1432
double3,2,75,decreasing,42961,43683,43111,42.961,43.683,43.111,43.321999999999996,0.7220000000000013,0.2077562326869806,-0.2922437673130194,0.2922437673130194,0.15156242057499456,1433
double3,2,76,increasing,43683,44044,43865,43.683,44.044,43.865,43.8635,0.3609999999999971,0.5041551246537396,0.0041551246537395725,0.004155124653739612,0.9543541719197784,1434
double3,2,77,decreasing,44044,44760,44186,44.044,44.76,44.186,44.402,0.7160000000000011,0.19832402234636873,-0.3016759776536313,0.3016759776536313,0.20309837655311855,1435
double3,2,78,increasing,44760,45121,44939,44.76,45.121,44.939,44.9405,0.3610000000000042,0.49584487534626037,-0.004155124653739628,0.004155124653739612,0.939405376939788,1436
double3,2,79,decreasing,45121,45835,45685,45.121,45.835,45.685,45.478,0.7139999999999986,0.7899159663865546,0.2899159663865546,0.28991596638655465,0.0895023743690301,1437
double3,2,80,increasing,45835,46194,46013,45.835,46.193999999999996,46.013,46.0145,0.35899999999999466,0.4958217270194986,-0.004178272980501385,0.004178272980501393,0.9498822751058791,1438
double3,2,81,decreasing,46194,46909,46735,46.193999999999996,46.909,46.735,46.551500000000004,0.7150000000000034,0.7566433566433567,0.2566433566433567,0.25664335664335663,0.07058167487348972,1439
double3,2,82,increasing,46909,47624,47073,46.909,47.624,47.073,47.26649999999999,0.7150000000000034,0.22937062937062938,-0.27062937062937065,0.27062937062937065,0.037664632463682,1440
double3,2,83,decreasing,47624,47980,47814,47.624,47.98,47.814,47.802,0.35599999999999454,0.5337078651685393,0.0337078651685393,0.033707865168539325,0.9579432514412558,1441
double3,2,84,increasing,47980,48685,48140,47.98,48.685,48.14,48.332499999999996,0.7050000000000054,0.22695035460992907,-0.2730496453900709,0.2730496453900709,0.03072908049461218,1442
double3,2,85,decreasing,48685,49046,48872,48.685,49.046,48.872,48.8655,0.3609999999999971,0.518005540166205,0.018005540166205036,0.018005540166204988,0.9846510577270503,1443
double3,2,86,increasing,49046,49746,49604,49.046,49.746,49.604,49.396,0.7000000000000028,0.7971428571428572,0.29714285714285715,0.29714285714285715,0.07852912105667746,1444
double3,2,87,decreasing,49746,50107,49920,49.746,50.107,49.92,49.926500000000004,0.3609999999999971,0.481994459833795,-0.01800554016620498,0.018005540166204988,0.9616383993615466,1445
double3,2,88,increasing,50107,50807,50640,50.107,50.807,50.64,50.457,0.7000000000000028,0.7614285714285715,0.26142857142857145,0.26142857142857145,0.03610371533521796,1446
double3,2,89,decreasing,50807,51504,50976,50.807,51.504,50.976,51.1555,0.6969999999999956,0.242467718794835,-0.257532281205165,0.25753228120516497,0.057319820983629304,1447
double3,2,90,increasing,51504,51866,51694,51.504,51.866,51.693999999999996,51.685,0.3620000000000019,0.5248618784530387,0.024861878453038666,0.024861878453038673,0.992820026933954,1448
double3,2,91,decreasing,51866,52556,52010,51.866,52.556,52.01,52.211,0.6899999999999977,0.20869565217391303,-0.29130434782608694,0.29130434782608694,0.04785414934318491,1449
double3,2,92,increasing,52556,52923,52739,52.556,52.923,52.739,52.7395,0.36700000000000443,0.4986376021798365,-0.0013623978201635079,0.0013623978201634877,0.976706364956122,1450
double3,2,93,decreasing,52923,53609,53466,52.923,53.609,53.466,53.266,0.6859999999999999,0.7915451895043731,0.29154518950437314,0.2915451895043732,0.09512187726444737,1451
double3,2,94,increasing,53609,53980,53780,53.609,53.98,53.78,53.7945,0.3709999999999951,0.4609164420485175,-0.039083557951482495,0.03908355795148248,0.9795368109852657,1452
double3,2,95,decreasing,53980,54663,54476,53.98,54.663000000000004,54.47599999999999,54.3215,0.6830000000000069,0.726207906295754,0.22620790629575405,0.22620790629575402,0.1359559111524404,1453
double3,2,96,increasing,54663,55343,54815,54.663000000000004,55.342999999999996,54.815000000000005,55.00299999999999,0.6799999999999926,0.2235294117647059,-0.27647058823529413,0.27647058823529413,0.17528987238693008,1454
double3,2,97,decreasing,55343,55717,55535,55.342999999999996,55.717000000000006,55.535000000000004,55.529999999999994,0.37400000000000944,0.5133689839572193,0.013368983957219305,0.013368983957219251,0.9893917503996086,1455
double3,2,98,increasing,55717,56394,56233,55.717000000000006,56.394,56.233,56.0555,0.6769999999999925,0.7621861152141802,0.2621861152141802,0.2621861152141802,0.2654230420959155,1456
double3,2,99,decreasing,56394,56776,56581,56.394,56.776,56.580999999999996,56.585,0.382000000000005,0.4895287958115183,-0.010471204188481686,0.010471204188481676,0.9306811818521291,1457
double3,2,100,increasing,56776,57444,57281,56.776,57.443999999999996,57.281,57.10999999999999,0.6679999999999922,0.7559880239520959,0.25598802395209586,0.2559880239520958,0.2651897827438577,1458
double3,2,101,decreasing,57444,58108,57618,57.443999999999996,58.108,57.618,57.776,0.6640000000000015,0.2620481927710843,-0.23795180722891568,0.23795180722891565,0.3101004729133903,1459
double3,2,102,increasing,58108,58494,58299,58.108,58.49399999999999,58.299,58.300999999999995,0.3859999999999957,0.4948186528497409,-0.005181347150259086,0.0051813471502590676,0.9540722935800399,1460
double3,2,103,decreasing,58494,59161,59014,58.49399999999999,59.160999999999994,59.014,58.8275,0.6670000000000016,0.7796101949025487,0.2796101949025487,0.27961019490254874,0.4069588396305399,1461
double3,2,104,increasing,59161,59568,59350,59.160999999999994,59.568000000000005,59.35,59.3645,0.4070000000000107,0.4643734643734644,-0.035626535626535616,0.03562653562653563,0.9371921007300912,1462
double3,2,105,decreasing,59568,60212,60036,59.568000000000005,60.211999999999996,60.035999999999994,59.88999999999999,0.6439999999999912,0.7267080745341615,0.22670807453416153,0.2267080745341615,0.42121726804078874,1463
double3,2,106,increasing,60212,60865,60381,60.211999999999996,60.865,60.38099999999999,60.5385,0.6530000000000058,0.25880551301684535,-0.24119448698315465,0.24119448698315468,0.4492168558181865,1464
double3,2,107,decreasing,60865,61271,61070,60.865,61.270999999999994,61.07,61.068000000000005,0.4059999999999917,0.5049261083743842,0.0049261083743842304,0.0049261083743842365,0.9686962007139963,1465
double3,2,108,increasing,61271,61920,61750,61.270999999999994,61.919999999999995,61.74999999999999,61.5955,0.6490000000000009,0.7380585516178737,0.2380585516178737,0.23805855161787365,0.5616607803689554,1466
double3,2,109,decreasing,61920,62484,62110,61.919999999999995,62.484,62.10999999999999,62.202000000000005,0.5640000000000072,0.33687943262411346,-0.16312056737588654,0.16312056737588654,0.6970720555787404,1467
double3,2,110,increasing,62484,62976,62804,62.484,62.976000000000006,62.803999999999995,62.73,0.49200000000000443,0.6504065040650406,0.15040650406504064,0.15040650406504066,0.864893615959327,1468
double3,2,111,decreasing,62976,63615,63147,62.976000000000006,63.615,63.147,63.2955,0.6389999999999958,0.2676056338028169,-0.23239436619718312,0.2323943661971831,0.6686894780387986,1469
double3,2,112,increasing,63615,64048,63833,63.615,64.048,63.833000000000006,63.8315,0.43299999999999983,0.5034642032332564,0.0034642032332563577,0.003464203233256351,0.991281242629609,1470
double3,2,113,decreasing,64048,64676,64492,64.048,64.676,64.492,64.36200000000001,0.6280000000000001,0.7070063694267515,0.20700636942675155,0.2070063694267516,0.6853026233275896,1471
double3,2,114,increasing,64676,65263,64871,64.676,65.263,64.87100000000001,64.96950000000001,0.5870000000000033,0.3321976149914821,-0.1678023850085179,0.16780238500851788,0.7290056334046489,1472
double3,2,115,decreasing,65263,65743,65535,65.263,65.74300000000001,65.53500000000001,65.503,0.480000000000004,0.5666666666666667,0.06666666666666665,0.06666666666666667,0.9359672885197133,1473
double3,2,116,increasing,65743,66362,65936,65.74300000000001,66.36200000000001,65.936,66.05250000000001,0.6189999999999998,0.31179321486268174,-0.18820678513731826,0.18820678513731826,0.9216279827783294,1474
double3,2,117,decreasing,66362,66840,66587,66.36200000000001,66.84,66.587,66.60100000000001,0.47799999999999443,0.4707112970711297,-0.029288702928870314,0.029288702928870293,0.9464665510716599,1475
double3,2,118,increasing,66840,67436,67217,66.84,67.436,67.21700000000001,67.138,0.5960000000000036,0.6325503355704698,0.1325503355704698,0.1325503355704698,0.850118379235442,1476
double3,2,119,decreasing,67436,68022,67654,67.436,68.022,67.65400000000001,67.72900000000001,0.5859999999999985,0.3720136518771331,-0.1279863481228669,0.12798634812286688,0.8400244596585769,1477
double3,2,120,increasing,68022,68511,68275,68.022,68.51100000000001,68.275,68.26650000000001,0.4890000000000043,0.5173824130879345,0.017382413087934534,0.017382413087934562,0.9808633699461374,1478
double3,2,121,decreasing,68511,69116,68851,68.51100000000001,69.116,68.85100000000001,68.8135,0.6049999999999898,0.5619834710743802,0.06198347107438018,0.06198347107438017,0.9773542538031799,1479
double3,2,122,increasing,69116,69642,69345,69.116,69.64200000000001,69.34500000000001,69.379,0.5260000000000105,0.435361216730038,-0.06463878326996197,0.06463878326996197,0.9613097650764798,1480
double3,2,123,decreasing,69642,70191,69961,69.64200000000001,70.191,69.96100000000001,69.91650000000001,0.5489999999999924,0.581056466302368,0.08105646630236796,0.08105646630236794,0.9309385936881078,1481
double3,2,124,increasing,70191,70779,70432,70.191,70.77900000000001,70.432,70.485,0.5880000000000081,0.4098639455782313,-0.0901360544217687,0.09013605442176871,0.9394303450209058,1482
double3,2,125,decreasing,70779,71289,71039,70.77900000000001,71.289,71.039,71.034,0.5099999999999909,0.5098039215686274,0.009803921568627416,0.00980392156862745,0.9803956581031648,1483
double3,2,126,increasing,71289,71870,71618,71.289,71.87,71.61800000000001,71.57950000000001,0.5810000000000031,0.5662650602409639,0.0662650602409639,0.06626506024096386,0.964868503334586,1484
double3,2,127,decreasing,71870,72417,72119,71.87,72.417,72.119,72.1435,0.546999999999997,0.45521023765996343,-0.044789762340036565,0.044789762340036565,0.9564434764706279,1485
double3,2,128,increasing,72417,72957,72715,72.417,72.95700000000001,72.715,72.68700000000001,0.5400000000000063,0.5518518518518518,0.051851851851851816,0.05185185185185185,0.972556636529915,1486
double3,2,129,decreasing,72957,73538,73212,72.95700000000001,73.53800000000001,73.212,73.2475,0.5810000000000031,0.4388984509466437,-0.0611015490533563,0.06110154905335628,0.9764264329185208,1487
double3,2,130,increasing,73538,74063,73788,73.53800000000001,74.063,73.78800000000001,73.8005,0.5249999999999915,0.47619047619047616,-0.023809523809523836,0.023809523809523808,0.9828782073462603,1488
double3,2,131,decreasing,74063,74628,74375,74.063,74.628,74.375,74.34550000000002,0.5649999999999977,0.552212389380531,0.052212389380530966,0.05221238938053097,0.9655013347104663,1489
double3,2,132,increasing,74628,75181,74876,74.628,75.18100000000001,74.876,74.90450000000001,0.5530000000000115,0.4484629294755877,-0.05153707052441231,0.051537070524412296,0.9817266974582903,1490
double3,2,133,decreasing,75181,75723,75469,75.18100000000001,75.72300000000001,75.46900000000001,75.45200000000001,0.5420000000000016,0.5313653136531366,0.03136531365313655,0.03136531365313653,0.9722263165084708,1491
double3,2,134,increasing,75723,76291,76027,75.72300000000001,76.29100000000001,76.027,76.007,0.5679999999999978,0.5352112676056338,0.035211267605633756,0.035211267605633804,0.9798778100219043,1492
double3,2,135,decreasing,76291,76835,76558,76.29100000000001,76.83500000000001,76.558,76.563,0.5439999999999969,0.49080882352941174,-0.009191176470588258,0.009191176470588236,0.9759399482560738,1493
double3,2,136,increasing,76835,77391,77122,76.83500000000001,77.391,77.122,77.113,0.5559999999999974,0.5161870503597122,0.01618705035971224,0.01618705035971223,0.9762032348761942,1494
double3,2,137,decreasing,77391,77951,77649,77.391,77.95100000000001,77.649,77.671,0.5600000000000023,0.4607142857142857,-0.03928571428571431,0.039285714285714285,0.9678197930983848,1495
double3,2,138,increasing,77951,78491,78221,77.95100000000001,78.491,78.221,78.221,0.539999999999992,0.5,0.0,0.0,1.0,1496
double3,2,139,decreasing,78491,79051,78784,78.491,79.051,78.784,78.771,0.5600000000000023,0.5232142857142857,0.023214285714285743,0.023214285714285715,0.9734685433033242,1497
double3,2,140,increasing,79051,79600,79321,79.051,79.60000000000001,79.32100000000001,79.3255,0.5490000000000066,0.4918032786885246,-0.008196721311475419,0.00819672131147541,0.9763359599207286,1498
double3,2,141,decreasing,79600,80155,79894,79.60000000000001,80.155,79.894,79.8775,0.5549999999999926,0.5297297297297298,0.02972972972972976,0.02972972972972973,0.9813889278527173,1499
double3,2,142,increasing,80155,80709,80410,80.155,80.709,80.41000000000001,80.432,0.554000000000002,0.4602888086642599,-0.03971119133574008,0.039711191335740074,0.9760367481114806,1500
double3,2,143,decreasing,80709,81252,80997,80.709,81.25200000000001,80.997,80.9805,0.5430000000000064,0.5303867403314917,0.03038674033149169,0.03038674033149171,0.974358686039857,1501
double3,2,144,increasing,81252,81815,81542,81.25200000000001,81.81500000000001,81.542,81.5335,0.5630000000000024,0.5150976909413855,0.015097690941385467,0.015097690941385435,0.9716939711047591,1502
double3,2,145,decreasing,81815,82370,82097,81.81500000000001,82.37,82.09700000000001,82.0925,0.5549999999999926,0.5081081081081081,0.008108108108108136,0.008108108108108109,0.9778161606014393,1503
double3,2,146,increasing,82370,82913,82632,82.37,82.91300000000001,82.632,82.64150000000001,0.5430000000000064,0.48250460405156537,-0.017495395948434633,0.017495395948434623,0.9870226731834703,1504
double3,2,147,decreasing,82913,83470,83188,82.91300000000001,83.47000000000001,83.188,83.1915,0.5570000000000022,0.49371633752244165,-0.006283662477558349,0.0062836624775583485,0.9913926205732732,1505
double3,2,148,increasing,83470,84017,83754,83.47000000000001,84.01700000000001,83.754,83.74350000000001,0.546999999999997,0.5191956124314442,0.019195612431444187,0.019195612431444242,0.9960016906756224,1506
double3,2,149,decreasing,84017,84577,84301,84.01700000000001,84.57700000000001,84.301,84.29700000000001,0.5600000000000023,0.5071428571428571,0.0071428571428571175,0.007142857142857143,0.9796450807908068,1507
double3,2,150,increasing,84577,85128,84846,84.57700000000001,85.128,84.846,84.8525,0.5509999999999877,0.4882032667876588,-0.011796733212341204,0.011796733212341199,0.9890503370674857,1508
double3,2,151,decreasing,85128,85681,85413,85.128,85.68100000000001,85.41300000000001,85.40450000000001,0.5530000000000115,0.515370705244123,0.015370705244122984,0.015370705244122965,0.9818026533561962,1509
double3,2,152,increasing,85681,86232,85949,85.68100000000001,86.23200000000001,85.94900000000001,85.9565,0.5510000000000019,0.4863883847549909,-0.01361161524500909,0.013611615245009074,0.9864871635946529,1510
double3,2,153,decreasing,86232,86785,86521,86.23200000000001,86.78500000000001,86.521,86.5085,0.5529999999999973,0.5226039783001808,0.022603978300180794,0.022603978300180832,0.9724743707550002,1511
double3,2,154,increasing,86785,87335,87060,86.78500000000001,87.33500000000001,87.06,87.06,0.5499999999999972,0.5,0.0,0.0,1.0,1512
double3,2,155,decreasing,87335,87888,87601,87.33500000000001,87.888,87.60100000000001,87.6115,0.5529999999999973,0.4810126582278481,-0.01898734177215189,0.0189873417721519,0.9774343001759512,1513
double3,2,156,increasing,87888,88440,88159,87.888,88.44000000000001,88.159,88.164,0.5520000000000067,0.49094202898550726,-0.009057971014492738,0.009057971014492754,0.9694164067867119,1514
double3,2,157,decreasing,88440,88993,88707,88.44000000000001,88.99300000000001,88.70700000000001,88.71650000000001,0.5529999999999973,0.48282097649186256,-0.017179023508137437,0.017179023508137433,0.9844101644108388,1515
double3,2,158,increasing,88993,89542,89280,88.99300000000001,89.542,89.28,89.26750000000001,0.5489999999999924,0.5227686703096539,0.022768670309653904,0.022768670309653915,0.9892928898997658,1516
double3,2,159,decreasing,89542,90098,89821,89.542,90.09800000000001,89.82100000000001,89.82000000000001,0.5560000000000116,0.5017985611510791,0.0017985611510791255,0.0017985611510791368,0.9765576860662232,1517
double3,2,160,increasing,90098,90648,90367,90.09800000000001,90.64800000000001,90.367,90.373,0.5499999999999972,0.4890909090909091,-0.010909090909090924,0.01090909090909091,0.9651544769974222,1518
double3,2,161,decreasing,90648,91200,90920,90.64800000000001,91.2,90.92,90.924,0.5519999999999925,0.4927536231884058,-0.00724637681159418,0.007246376811594203,0.9962382277527365,1519
double3,2,162,increasing,91200,91752,91493,91.2,91.75200000000001,91.49300000000001,91.47600000000001,0.5520000000000067,0.5307971014492754,0.030797101449275388,0.030797101449275364,0.9970940153654273,1520
double3,2,163,decreasing,91752,92304,92026,91.75200000000001,92.304,92.02600000000001,92.028,0.5519999999999925,0.4963768115942029,-0.0036231884057971175,0.0036231884057971015,0.9620491086482686,1521
double3,2,164,increasing,92304,92854,92576,92.304,92.85400000000001,92.57600000000001,92.57900000000001,0.5500000000000114,0.49454545454545457,-0.005454545454545434,0.005454545454545455,0.9852288702342233,1522
double3,2,165,decreasing,92854,93408,93147,92.85400000000001,93.408,93.147,93.131,0.5539999999999878,0.5288808664259927,0.028880866425992746,0.02888086642599278,0.9858861751727295,1523
double3,2,166,increasing,93408,93957,93679,93.408,93.95700000000001,93.679,93.6825,0.5490000000000066,0.4936247723132969,-0.006375227686703122,0.006375227686703097,0.992228977408997,1524
double3,2,167,decreasing,93957,94509,94229,93.95700000000001,94.509,94.22900000000001,94.233,0.5519999999999925,0.4927536231884058,-0.00724637681159418,0.007246376811594203,0.980065079737364,1525
double3,2,168,increasing,94509,95062,94789,94.509,95.06200000000001,94.789,94.78550000000001,0.5530000000000115,0.5063291139240507,0.006329113924050667,0.006329113924050633,0.9872820812529179,1526
double3,2,169,decreasing,95062,95613,95351,95.06200000000001,95.61300000000001,95.35100000000001,95.3375,0.5510000000000019,0.5245009074410163,0.024500907441016295,0.024500907441016333,0.9839541903542388,1527
double3,2,170,increasing,95613,96164,95889,95.61300000000001,96.164,95.88900000000001,95.88850000000001,0.5509999999999877,0.5009074410163339,0.0009074410163338875,0.0009074410163339383,0.9970136967916428,1528
double3,2,171,decreasing,96164,96716,96435,96.164,96.71600000000001,96.435,96.44000000000001,0.5520000000000067,0.49094202898550726,-0.009057971014492738,0.009057971014492754,0.9910445431690733,1529
double3,2,172,increasing,96716,97267,96993,96.71600000000001,97.26700000000001,96.99300000000001,96.9915,0.5510000000000019,0.5027223230490018,0.0027223230490017736,0.0027223230490018148,0.9851151119596959,1530
double3,2,173,decreasing,97267,97820,97532,97.26700000000001,97.82000000000001,97.53200000000001,97.54350000000001,0.5529999999999973,0.47920433996383366,-0.02079566003616634,0.020795660036166366,0.9865938349093176,1531
double3,2,174,increasing,97820,98369,98091,97.82000000000001,98.36900000000001,98.09100000000001,98.09450000000001,0.5490000000000066,0.4936247723132969,-0.006375227686703122,0.006375227686703097,0.9837085619220699,1532
double3,2,175,decreasing,98369,98920,98655,98.36900000000001,98.92,98.655,98.64450000000001,0.5509999999999877,0.5190562613430127,0.019056261343012748,0.019056261343012703,0.9916910686484934,1533
double3,2,176,increasing,98920,99472,99184,98.92,99.47200000000001,99.18400000000001,99.19600000000001,0.5520000000000067,0.4782608695652174,-0.021739130434782594,0.021739130434782608,0.971887568634603,1534
double3,2,177,decreasing,99472,100024,99754,99.47200000000001,100.024,99.754,99.748,0.5519999999999925,0.5108695652173914,0.010869565217391353,0.010869565217391304,0.9827955474925048,1535
double3,2,178,increasing,100024,100574,100300,100.024,100.57400000000001,100.30000000000001,100.299,0.5500000000000114,0.5018181818181818,0.0018181818181818299,0.0018181818181818182,0.9971256297891178,1536
double3,2,179,decreasing,100574,101127,100863,100.57400000000001,101.12700000000001,100.86300000000001,100.85050000000001,0.5529999999999973,0.5226039783001808,0.022603978300180794,0.022603978300180832,0.9662290675861714,1537
double3,2,180,increasing,101127,101677,101413,101.12700000000001,101.677,101.41300000000001,101.402,0.5499999999999972,0.52,0.020000000000000018,0.02,0.9920059524801741,1538
double3,2,181,decreasing,101677,102228,101955,101.677,102.22800000000001,101.95500000000001,101.95250000000001,0.5510000000000019,0.5045372050816697,0.00453720508166966,0.004537205081669692,0.9716955380362713,1539
double3,2,182,increasing,102228,102780,102511,102.22800000000001,102.78,102.51100000000001,102.504,0.5519999999999925,0.5126811594202898,0.0126811594202898,0.012681159420289856,0.9923445356784268,1540
double3,2,183,decreasing,102780,103332,103068,102.78,103.33200000000001,103.06800000000001,103.05600000000001,0.5520000000000067,0.5217391304347826,0.021739130434782594,0.021739130434782608,0.9876393040305148,1541
double3,2,184,increasing,103332,103881,103602,103.33200000000001,103.881,103.602,103.60650000000001,0.5489999999999924,0.4918032786885246,-0.008196721311475419,0.00819672131147541,0.9894381749323806,1542
double3,2,185,decreasing,103881,104434,104143,103.881,104.43400000000001,104.143,104.1575,0.5530000000000115,0.47377938517179025,-0.026220614828209754,0.026220614828209764,0.9725106449954497,1543
double3,2,186,increasing,104434,104984,104704,104.43400000000001,104.98400000000001,104.70400000000001,104.709,0.5499999999999972,0.4909090909090909,-0.009090909090909094,0.00909090909090909,0.9991129161765729,1544
double3,2,187,decreasing,104984,105537,105261,104.98400000000001,105.537,105.26100000000001,105.26050000000001,0.5529999999999973,0.5009041591320073,0.000904159132007254,0.0009041591320072332,0.9925162708451457,1545
double3,2,188,increasing,105537,106085,105801,105.537,106.08500000000001,105.801,105.811,0.5480000000000018,0.48175182481751827,-0.01824817518248173,0.01824817518248175,0.981128131871985,1546
double3,2,189,decreasing,106085,106636,106367,106.08500000000001,106.63600000000001,106.367,106.3605,0.5510000000000019,0.5117967332123412,0.011796733212341204,0.011796733212341199,0.9828909311540588,1547
double3,2,190,increasing,106636,107186,106920,106.63600000000001,107.186,106.92,106.911,0.5499999999999972,0.5163636363636364,0.016363636363636358,0.016363636363636365,0.9752005165304917,1548
double3,2,191,decreasing,107186,107738,107463,107.186,107.73800000000001,107.46300000000001,107.462,0.5520000000000067,0.5018115942028986,0.0018115942028985588,0.0018115942028985507,0.9785178652745895,1549
double3,2,192,increasing,107738,108289,108022,107.73800000000001,108.289,108.022,108.01350000000001,0.5509999999999877,0.515426497277677,0.015426497277676976,0.015426497277676952,0.9717188317526266,1550
double3,2,193,decreasing,108289,108841,108558,108.289,108.84100000000001,108.558,108.56500000000001,0.5520000000000067,0.48731884057971014,-0.012681159420289856,0.012681159420289856,0.9933875204953654,1551
double3,2,194,increasing,108841,109389,109112,108.84100000000001,109.38900000000001,109.11200000000001,109.11500000000001,0.5480000000000018,0.49452554744525545,-0.005474452554744547,0.005474452554744526,0.9783276554407419,1552
double3,2,195,decreasing,109389,109942,109660,109.38900000000001,109.94200000000001,109.66000000000001,109.66550000000001,0.5529999999999973,0.49005424954792043,-0.009945750452079571,0.009945750452079566,0.9809171956315416,1553
double3,2,196,increasing,109942,110489,110221,109.94200000000001,110.489,110.221,110.2155,0.546999999999997,0.5100548446069469,0.010054844606946944,0.010054844606946984,0.9671064254104779,1554
double3,2,197,decreasing,110489,111046,110761,110.489,111.046,110.76100000000001,110.76750000000001,0.5570000000000022,0.4883303411131059,-0.011669658886894085,0.011669658886894075,0.9885359639311854,1555
double3,2,198,increasing,111046,111592,111317,111.046,111.59200000000001,111.31700000000001,111.319,0.5460000000000065,0.49633699633699635,-0.00366300366300365,0.003663003663003663,0.9677895276378746,1556
double3,2,199,decreasing,111592,112145,111862,111.59200000000001,112.14500000000001,111.86200000000001,111.86850000000001,0.5529999999999973,0.488245931283906,-0.011754068716094024,0.011754068716094032,0.9877398711737003,1557
double3,2,200,increasing,112145,112693,112404,112.14500000000001,112.69300000000001,112.40400000000001,112.41900000000001,0.5480000000000018,0.4726277372262774,-0.027372262773722622,0.02737226277372263,0.9903964001866674,1558
double3,2,201,decreasing,112693,113249,112972,112.69300000000001,113.24900000000001,112.97200000000001,112.971,0.5559999999999974,0.5017985611510791,0.0017985611510791255,0.0017985611510791368,0.9880825553346396,1559
double3,2,202,increasing,113249,113792,113525,113.24900000000001,113.792,113.525,113.5205,0.5429999999999922,0.5082872928176796,0.008287292817679592,0.008287292817679558,0.9797213469082061,1560
double3,2,203,decreasing,113792,114347,114073,113.792,114.34700000000001,114.07300000000001,114.0695,0.5550000000000068,0.5063063063063064,0.006306306306306353,0.006306306306306306,0.9617433746044844,1561
double3,2,204,increasing,114347,114893,114626,114.34700000000001,114.893,114.626,114.62,0.5459999999999923,0.510989010989011,0.01098901098901095,0.01098901098901099,0.9777152296653638,1562
double3,2,205,decreasing,114893,115446,115176,114.893,115.44600000000001,115.176,115.1695,0.5530000000000115,0.5117540687160941,0.01175406871609408,0.011754068716094032,0.9939440497281289,1563
double3,2,206,increasing,115446,116000,115718,115.44600000000001,116.00000000000001,115.718,115.72300000000001,0.554000000000002,0.49097472924187724,-0.009025270758122761,0.009025270758122744,0.9891294914447453,1564
double3,2,207,decreasing,116000,116548,116269,116.00000000000001,116.548,116.269,116.274,0.5479999999999876,0.4908759124087591,-0.009124087591240893,0.009124087591240875,0.968736722098788,1565
double3,2,208,increasing,116548,117097,116829,116.548,117.09700000000001,116.82900000000001,116.8225,0.5490000000000066,0.51183970856102,0.011839708561020013,0.011839708561020037,0.9781220760879533,1566
double3,2,209,decreasing,117097,117648,117370,117.09700000000001,117.64800000000001,117.37,117.3725,0.5510000000000019,0.4954627949183303,-0.004537205081669715,0.004537205081669692,0.9856221253172553,1567
double3,2,210,increasing,117648,118202,117924,117.64800000000001,118.202,117.924,117.92500000000001,0.5539999999999878,0.4981949458483754,-0.0018050541516245744,0.0018050541516245488,0.978931140253674,1568
double3,2,211,decreasing,118202,118749,118479,118.202,118.749,118.47900000000001,118.4755,0.546999999999997,0.506398537477148,0.006398537477148025,0.006398537477148081,0.9688782622959067,1569
double3,2,212,increasing,118749,119303,119044,118.749,119.303,119.04400000000001,119.02600000000001,0.554000000000002,0.5324909747292419,0.032490974729241895,0.032490974729241874,0.9924464569184192,1570
double3,2,213,decreasing,119303,119849,119572,119.303,119.84900000000002,119.572,119.576,0.5460000000000207,0.4926739926739927,-0.0073260073260073,0.007326007326007326,0.981402932758609,1571
double3,2,214,increasing,119849,120400,120138,119.84900000000002,120.4,120.138,120.1245,0.5509999999999877,0.5245009074410163,0.024500907441016295,0.024500907441016333,0.9807178354945951,1572
double3,2,215,decreasing,120400,120956,120692,120.4,120.95600000000002,120.69200000000001,120.678,0.5560000000000116,0.5251798561151079,0.025179856115107868,0.025179856115107913,0.9734340079609983,1573
double3,2,216,increasing,120956,121500,121219,120.95600000000002,121.5,121.219,121.22800000000001,0.5439999999999827,0.4834558823529412,-0.01654411764705882,0.016544117647058824,0.9916722515361057,1574
double3,2,217,decreasing,121500,122056,121772,121.5,122.05600000000001,121.77200000000002,121.77800000000002,0.5560000000000116,0.4892086330935252,-0.010791366906474809,0.01079136690647482,0.9615074638447716,1575
double3,2,218,increasing,122056,122599,122348,122.05600000000001,122.59900000000002,122.34800000000001,122.3275,0.5430000000000064,0.5377532228360957,0.03775322283609572,0.037753222836095765,0.9963842906017815,1576
double3,2,219,decreasing,122599,123151,122865,122.59900000000002,123.15100000000001,122.86500000000001,122.875,0.5519999999999925,0.48188405797101447,-0.018115942028985532,0.018115942028985508,0.9820738532772121,1577
double3,2,220,increasing,123151,123703,123435,123.15100000000001,123.703,123.435,123.42700000000002,0.5519999999999925,0.5144927536231884,0.01449275362318836,0.014492753623188406,0.9836752196852728,1578
double3,2,221,decreasing,123703,124253,123981,123.703,124.25300000000001,123.981,123.97800000000001,0.5500000000000114,0.5054545454545455,0.00545454545454549,0.005454545454545455,0.9779385372262043,1579
double3,2,222,increasing,124253,124803,124536,124.25300000000001,124.803,124.536,124.52800000000002,0.549999999999983,0.5145454545454545,0.014545454545454528,0.014545454545454545,0.9865219017187352,1580
double3,2,223,decreasing,124803,125356,125095,124.803,125.356,125.095,125.07950000000001,0.5529999999999973,0.5280289330922242,0.028028933092224206,0.02802893309222423,0.9790609692651653,1581
double3,2,224,increasing,125356,125903,125638,125.356,125.90300000000002,125.638,125.62950000000001,0.5470000000000255,0.5155393053016454,0.015539305301645379,0.015539305301645339,0.9754363327686019,1582
double3,2,225,decreasing,125903,126452,126187,125.90300000000002,126.452,126.18700000000001,126.17750000000001,0.5489999999999782,0.517304189435337,0.01730418943533696,0.017304189435336976,0.9800329532225622,1583
double3,2,226,increasing,126452,127002,126722,126.452,127.00200000000001,126.72200000000001,126.727,0.5500000000000114,0.4909090909090909,-0.009090909090909094,0.00909090909090909,0.9728568887005005,1584
double3,2,227,decreasing,127002,127553,127290,127.00200000000001,127.553,127.29000000000002,127.27750000000002,0.5509999999999877,0.5226860254083484,0.02268602540834841,0.022686025408348458,0.9925044677863363,1585
double3,2,228,increasing,127553,128104,127821,127.553,128.104,127.821,127.8285,0.5510000000000161,0.4863883847549909,-0.01361161524500909,0.013611615245009074,0.9706990254391625,1586
double3,2,229,decreasing,128104,128650,128407,128.104,128.65,128.407,128.377,0.5459999999999923,0.554945054945055,0.05494505494505497,0.054945054945054944,0.9697882678899974,1587
double3,2,230,increasing,128650,129201,128918,128.65,129.20100000000002,128.918,128.9255,0.5510000000000161,0.4863883847549909,-0.01361161524500909,0.013611615245009074,0.9703729079505228,1588
double3,2,231,decreasing,129201,129746,129497,129.20100000000002,129.746,129.497,129.4735,0.5449999999999875,0.5431192660550459,0.0431192660550459,0.043119266055045874,0.954692500070729,1589
double3,2,232,increasing,129746,130299,129997,129.746,130.299,129.997,130.0225,0.5529999999999973,0.4538878842676311,-0.0461121157323689,0.0461121157323689,0.9707630695030238,1590
double3,2,233,decreasing,130299,130848,130598,130.299,130.848,130.598,130.57350000000002,0.5490000000000066,0.5446265938069217,0.04462659380692169,0.044626593806921674,0.9581434322031651,1591
double3,2,234,increasing,130848,131399,131116,130.848,131.399,131.116,131.1235,0.5509999999999877,0.4863883847549909,-0.01361161524500909,0.013611615245009074,0.9741684245028018,1592
double3,2,235,decreasing,131399,131952,131714,131.399,131.952,131.714,131.6755,0.5529999999999973,0.569620253164557,0.069620253164557,0.06962025316455696,0.9872918090257148,1593
double3,2,236,increasing,131952,132498,132220,131.952,132.49800000000002,132.22,132.225,0.5460000000000207,0.4908424908424908,-0.00915750915750918,0.009157509157509158,0.9710386195705191,1594
double3,2,237,decreasing,132498,133045,132793,132.49800000000002,133.04500000000002,132.793,132.7715,0.546999999999997,0.5393053016453382,0.039305301645338186,0.03930530164533821,0.9826517096721324,1595
double3,2,238,increasing,133045,133596,133322,133.04500000000002,133.596,133.322,133.3205,0.5509999999999877,0.5027223230490018,0.0027223230490017736,0.0027223230490018148,0.9937258330710437,1596
double3,2,239,decreasing,133596,134147,133889,133.596,134.14700000000002,133.889,133.87150000000003,0.5510000000000161,0.5317604355716878,0.03176043557168784,0.03176043557168784,0.9801511769409628,1597
double3,2,240,increasing,134147,134692,134431,134.14700000000002,134.692,134.431,134.41950000000003,0.5449999999999875,0.5211009174311927,0.02110091743119269,0.02110091743119266,0.9601808219213053,1598
double3,2,241,decreasing,134692,135245,135008,134.692,135.245,135.008,134.9685,0.5529999999999973,0.5714285714285714,0.0714285714285714,0.07142857142857142,0.9723299972246863,1599
double3,2,242,increasing,135245,135781,135547,135.245,135.781,135.547,135.513,0.5360000000000014,0.5634328358208955,0.06343283582089554,0.06343283582089553,0.9684582687648944,1600
double3,2,243,decreasing,135781,136337,136062,135.781,136.33700000000002,136.062,136.059,0.5560000000000116,0.5053956834532374,0.0053956834532373765,0.00539568345323741,0.9827200888224045,1601
double4,1,0,decreasing,383,988,554,0.3829999999999991,0.9879999999999995,0.5540000000000003,0.6855000000000002,0.6050000000000004,0.28264462809917357,-0.21735537190082643,0.21735537190082643,0.3331399251622443,1602
double4,1,1,increasing,988,1574,1159,0.9879999999999995,1.5739999999999998,1.158999999999999,1.2809999999999988,0.5860000000000003,0.29180887372013653,-0.20819112627986347,0.20819112627986347,0.5084134615384616,1603
double4,1,2,decreasing,1574,2176,2010,1.5739999999999998,2.176,2.01,1.875,0.6020000000000003,0.7242524916943521,0.22425249169435213,0.22425249169435216,0.3619312261201806,1604
double4,1,3,increasing,2176,2767,2346,2.176,2.7669999999999995,2.346,2.4715,0.5909999999999993,0.2876480541455161,-0.21235194585448391,0.21235194585448391,0.4595353225219405,1605
double4,1,4,decreasing,2767,3356,3190,2.7669999999999995,3.356,3.1899999999999995,3.0614999999999997,0.5890000000000004,0.7181663837011885,0.21816638370118846,0.21816638370118846,0.4690384117157187,1606
double4,1,5,increasing,3356,3954,3523,3.356,3.953999999999999,3.5229999999999997,3.6549999999999994,0.597999999999999,0.2792642140468227,-0.22073578595317728,0.22073578595317725,0.4093984962406015,1607
double4,1,6,decreasing,3954,4535,4126,3.953999999999999,4.535,4.1259999999999994,4.2444999999999995,0.5810000000000013,0.29604130808950085,-0.20395869191049915,0.20395869191049915,0.5901602041800299,1608
double4,1,7,increasing,4535,5131,4960,4.535,5.131,4.959999999999999,4.833,0.5960000000000001,0.7130872483221476,0.21308724832214765,0.21308724832214765,0.4372022107871166,1609
double4,1,8,decreasing,5131,5716,5300,5.131,5.715999999999999,5.299999999999999,5.4235,0.5849999999999991,0.28888888888888886,-0.21111111111111114,0.2111111111111111,0.5327509426866088,1610
double4,1,9,increasing,5716,6300,6139,5.715999999999999,6.299999999999999,6.139000000000001,6.008000000000001,0.5839999999999996,0.7243150684931506,0.22431506849315064,0.2243150684931507,0.5434283088235294,1611
double4,1,10,decreasing,6300,6894,6474,6.299999999999999,6.894,6.473999999999998,6.5969999999999995,0.5940000000000012,0.29292929292929293,-0.20707070707070707,0.20707070707070707,0.47378793851005124,1612
double4,1,11,increasing,6894,7470,7066,6.894,7.470000000000001,7.066000000000001,7.182,0.5760000000000005,0.2986111111111111,-0.2013888888888889,0.2013888888888889,0.6507493014986029,1613
double4,1,12,decreasing,7470,8062,7886,7.470000000000001,8.062,7.886000000000001,7.766,0.5919999999999987,0.7027027027027027,0.20270270270270274,0.20270270270270271,0.50879705400982,1614
double4,1,13,increasing,8062,8645,8224,8.062,8.645000000000001,8.223999999999998,8.3535,0.583000000000002,0.27787307032590053,-0.22212692967409947,0.2221269296740995,0.576010313442061,1615
double4,1,14,decreasing,8645,9223,9061,8.645000000000001,9.223,9.060999999999998,8.934,0.5779999999999994,0.7197231833910035,0.2197231833910035,0.21972318339100347,0.6291182170542634,1616
double4,1,15,increasing,9223,9813,9391,9.223,9.813,9.391,9.517999999999999,0.5899999999999999,0.2847457627118644,-0.21525423728813559,0.21525423728813559,0.5402228976697062,1617
double4,1,16,decreasing,9813,10387,9980,9.813,10.386999999999999,9.979999999999999,10.1,0.5739999999999981,0.29094076655052264,-0.20905923344947736,0.20905923344947736,0.6770495888362822,1618
double4,1,17,increasing,10387,10971,10802,10.386999999999999,10.970999999999998,10.802000000000001,10.679,0.5839999999999996,0.7106164383561644,0.2106164383561644,0.2106164383561644,0.5951015004413064,1619
double4,1,18,decreasing,10971,11555,11144,10.970999999999998,11.555000000000001,11.144,11.263,0.5840000000000032,0.2962328767123288,-0.20376712328767121,0.20376712328767124,0.6014062843331135,1620
double4,1,19,increasing,11555,12127,11948,11.555000000000001,12.127,11.947999999999999,11.841,0.5719999999999992,0.6870629370629371,0.18706293706293708,0.18706293706293706,0.7200796217964669,1621
double4,1,20,decreasing,12127,12714,12542,12.127,12.714,12.542,12.4205,0.5869999999999997,0.706984667802385,0.206984667802385,0.206984667802385,0.6102828852286569,1622
double4,1,21,increasing,12714,13288,12881,12.714,13.287999999999998,12.880999999999998,13.001,0.5739999999999981,0.29094076655052264,-0.20905923344947736,0.20905923344947736,0.7026112185686654,1623
double4,1,22,decreasing,13288,13864,13683,13.287999999999998,13.863999999999999,13.683000000000002,13.575999999999999,0.5760000000000005,0.6857638888888888,0.18576388888888884,0.1857638888888889,0.6949952785646836,1624
double4,1,23,increasing,13864,14447,14033,13.863999999999999,14.447000000000001,14.033,14.1555,0.583000000000002,0.28987993138936535,-0.21012006861063465,0.21012006861063465,0.6497958731913953,1625
double4,1,24,decreasing,14447,15017,14625,14.447000000000001,15.017000000000001,14.624999999999998,14.732000000000001,0.5700000000000003,0.312280701754386,-0.187719298245614,0.18771929824561404,0.7805243445692885,1626
double4,1,25,increasing,15017,15596,15423,15.017000000000001,15.595999999999998,15.423,15.3065,0.5789999999999971,0.7012089810017271,0.20120898100172713,0.20120898100172713,0.692033959938269,1627
double4,1,26,decreasing,15596,16174,15768,15.595999999999998,16.174,15.767999999999999,15.885,0.5780000000000012,0.2975778546712803,-0.20242214532871972,0.20242214532871972,0.7026232473993668,1628
double4,1,27,increasing,16174,16743,16566,16.174,16.743000000000002,16.566000000000003,16.4585,0.5690000000000026,0.6889279437609842,0.1889279437609842,0.18892794376098418,0.7953964044064616,1629
double4,1,28,decreasing,16743,17324,17150,16.743000000000002,17.323999999999998,17.15,17.0335,0.580999999999996,0.7005163511187608,0.20051635111876076,0.20051635111876076,0.7081710181103752,1630
double4,1,29,increasing,17324,17894,17500,17.323999999999998,17.894,17.5,17.609,0.5700000000000003,0.3087719298245614,-0.19122807017543858,0.1912280701754386,0.7819262782401905,1631
double4,1,30,decreasing,17894,18467,18283,17.894,18.467,18.283,18.1805,0.5730000000000004,0.6788830715532286,0.17888307155322858,0.17888307155322863,0.7680780002796259,1632
double4,1,31,increasing,18467,19045,18646,18.467,19.045,18.646,18.756,0.578000000000003,0.3096885813148789,-0.19031141868512108,0.1903114186851211,0.7390180878552971,1633
double4,1,32,decreasing,19045,19612,19227,19.045,19.612000000000002,19.226999999999997,19.328500000000002,0.5670000000000002,0.32098765432098764,-0.17901234567901236,0.17901234567901234,0.8405071267164957,1634
double4,1,33,increasing,19612,20186,20015,19.612000000000002,20.186,20.015,19.899,0.5739999999999981,0.7020905923344948,0.20209059233449478,0.20209059233449478,0.7758007117437722,1635
double4,1,34,decreasing,20186,20760,20358,20.186,20.759999999999998,20.357999999999997,20.473,0.5739999999999981,0.29965156794425085,-0.20034843205574915,0.20034843205574912,0.7935050391937291,1636
double4,1,35,increasing,20760,21326,21142,20.759999999999998,21.326,21.142000000000003,21.043,0.5660000000000025,0.6749116607773852,0.17491166077738518,0.17491166077738515,0.8482935951379147,1637
double4,1,36,decreasing,21326,21902,21736,21.326,21.902,21.735999999999997,21.613999999999997,0.5760000000000005,0.7118055555555556,0.21180555555555558,0.21180555555555555,0.8089033659066233,1638
double4,1,37,increasing,21902,22469,22077,21.902,22.469,22.076999999999998,22.185499999999998,0.5670000000000002,0.30864197530864196,-0.19135802469135804,0.19135802469135801,0.8463708973509584,1639
double4,1,38,decreasing,22469,23039,22867,22.469,23.039,22.866999999999997,22.753999999999998,0.5700000000000003,0.6982456140350877,0.19824561403508767,0.19824561403508772,0.8429957139634559,1640
double4,1,39,increasing,23039,23611,23212,23.039,23.610999999999997,23.211999999999996,23.324999999999996,0.5719999999999956,0.30244755244755245,-0.19755244755244755,0.19755244755244755,0.832214765100671,1641
double4,1,40,decreasing,23611,24177,23784,23.610999999999997,24.177,23.784,23.894,0.5660000000000025,0.30565371024734983,-0.19434628975265017,0.19434628975265017,0.8956321839080461,1642
double4,1,41,increasing,24177,24748,24569,24.177,24.747999999999998,24.568999999999996,24.4625,0.570999999999998,0.6865148861646234,0.18651488616462342,0.18651488616462347,0.8586502528028138,1643
double4,1,42,decreasing,24748,25318,24924,24.747999999999998,25.317999999999998,24.924,25.033,0.5700000000000003,0.3087719298245614,-0.19122807017543858,0.1912280701754386,0.8653382964747102,1644
double4,1,43,increasing,25318,25883,25698,25.317999999999998,25.882999999999996,25.698,25.6005,0.5649999999999977,0.672566371681416,0.17256637168141598,0.17256637168141592,0.9020097610398821,1645
double4,1,44,decreasing,25883,26453,26274,25.882999999999996,26.452999999999996,26.274,26.168,0.5700000000000003,0.6859649122807018,0.18596491228070178,0.18596491228070175,0.8758239421645759,1646
double4,1,45,increasing,26453,27020,26646,26.452999999999996,27.019999999999996,26.646,26.7365,0.5670000000000002,0.3403880070546737,-0.1596119929453263,0.15961199294532627,0.9068875919221304,1647
double4,1,46,decreasing,27020,27586,27403,27.019999999999996,27.586,27.403,27.302999999999997,0.5660000000000025,0.676678445229682,0.176678445229682,0.17667844522968199,0.9043572984749456,1648
double4,1,47,increasing,27586,28155,27780,27.586,28.155,27.78,27.870499999999996,0.5690000000000026,0.3409490333919156,-0.15905096660808438,0.15905096660808435,0.9074807833722877,1649
double4,1,48,decreasing,28155,28721,28342,28.155,28.720999999999997,28.342,28.437999999999995,0.5659999999999954,0.3303886925795053,-0.16961130742049468,0.1696113074204947,0.9186571981923822,1650
double4,1,49,increasing,28721,29287,29093,28.720999999999997,29.287,29.092999999999996,29.003999999999998,0.5660000000000025,0.657243816254417,0.15724381625441697,0.15724381625441697,0.9216944801026958,1651
double4,1,50,decreasing,29287,29854,29477,29.287,29.854,29.476999999999997,29.5705,0.5670000000000002,0.3350970017636684,-0.1649029982363316,0.16490299823633156,0.9181020023473501,1652
double4,1,51,increasing,29854,30418,30218,29.854,30.418,30.217999999999996,30.135999999999996,0.5640000000000001,0.6453900709219859,0.14539007092198586,0.1453900709219858,0.9414519906323183,1653
double4,1,52,decreasing,30418,30985,30797,30.418,30.985,30.796999999999997,30.7015,0.5670000000000002,0.6684303350970018,0.16843033509700178,0.16843033509700175,0.9305228672295406,1654
double4,1,53,increasing,30985,31549,31167,30.985,31.549,31.167,31.266999999999996,0.5640000000000001,0.32269503546099293,-0.17730496453900707,0.1773049645390071,0.9443514644351465,1655
double4,1,54,decreasing,31549,32114,31916,31.549,32.114,31.915999999999997,31.8315,0.5649999999999977,0.6495575221238938,0.14955752212389384,0.1495575221238938,0.9592586118314449,1656
double4,1,55,increasing,32114,32679,32314,32.114,32.679,32.314,32.3965,0.5650000000000048,0.35398230088495575,-0.14601769911504425,0.14601769911504425,0.9436521011350902,1657
double4,1,56,decreasing,32679,33243,32885,32.679,33.243,32.885,32.961,0.5640000000000001,0.36524822695035464,-0.13475177304964536,0.1347517730496454,0.9686856201071283,1658
double4,1,57,increasing,33243,33807,33590,33.243,33.806999999999995,33.589999999999996,33.525,0.563999999999993,0.6152482269503546,0.11524822695035464,0.11524822695035461,0.9586912065439674,1659
double4,1,58,decreasing,33807,34372,34003,33.806999999999995,34.372,34.003,34.0895,0.5650000000000048,0.34690265486725663,-0.15309734513274337,0.15309734513274337,0.9605931739028105,1660
double4,1,59,increasing,34372,34934,34739,34.372,34.934,34.739,34.653,0.5619999999999976,0.6530249110320284,0.15302491103202842,0.15302491103202848,0.9629704165828137,1661
double4,1,60,decreasing,34934,35498,35132,34.934,35.498,35.132,35.216,0.5640000000000001,0.35106382978723405,-0.14893617021276595,0.14893617021276595,0.9768621879439822,1662
double4,1,61,increasing,35498,36061,35709,35.498,36.061,35.708999999999996,35.7795,0.5630000000000024,0.3747779751332149,-0.12522202486678508,0.12522202486678508,0.9679067031235067,1663
double4,1,62,decreasing,36061,36625,36258,36.061,36.625,36.257999999999996,36.342999999999996,0.5640000000000001,0.34929078014184395,-0.15070921985815605,0.15070921985815602,0.9726244792699861,1664
double4,1,63,increasing,36625,37187,36824,36.625,37.187,36.824,36.906,0.5619999999999976,0.3540925266903915,-0.14590747330960852,0.14590747330960854,0.9752309809317868,1665
double4,1,64,decreasing,37187,37749,37399,37.187,37.748999999999995,37.399,37.467999999999996,0.5619999999999976,0.37722419928825623,-0.12277580071174377,0.12277580071174377,0.9602482063215049,1666
double4,1,65,increasing,37749,38312,37966,37.748999999999995,38.312,37.966,38.0305,0.5630000000000024,0.38543516873889877,-0.11456483126110123,0.11456483126110124,0.9754053278115296,1667
double4,1,66,decreasing,38312,38874,38530,38.312,38.873999999999995,38.53,38.592999999999996,0.5619999999999976,0.3879003558718861,-0.1120996441281139,0.11209964412811388,0.9754778914848427,1668
double4,1,67,increasing,38874,39436,39090,38.873999999999995,39.436,39.089999999999996,39.155,0.5620000000000047,0.38434163701067614,-0.11565836298932386,0.11565836298932385,0.9814247414783608,1669
double4,1,68,decreasing,39436,39997,39668,39.436,39.997,39.668,39.716499999999996,0.5609999999999999,0.41354723707664887,-0.08645276292335113,0.08645276292335116,0.98269340017406,1670
double4,1,69,increasing,39997,40559,40326,39.997,40.559,40.326,40.278,0.5619999999999976,0.5854092526690391,0.08540925266903909,0.08540925266903915,0.9783631232361242,1671
double4,1,70,decreasing,40559,41120,40772,40.559,41.12,40.772,40.8395,0.5609999999999999,0.37967914438502676,-0.12032085561497324,0.12032085561497326,0.9790715572937947,1672
double4,1,71,increasing,41120,41681,41344,41.12,41.681,41.344,41.400499999999994,0.5609999999999999,0.39928698752228164,-0.10071301247771836,0.10071301247771836,0.9906063275109478,1673
double4,1,72,decreasing,41681,42242,41917,41.681,42.242,41.917,41.9615,0.5609999999999999,0.4206773618538324,-0.07932263814616758,0.07932263814616755,0.9835610925735935,1674
double4,1,73,increasing,42242,42802,42518,42.242,42.802,42.518,42.522,0.5600000000000023,0.4928571428571429,-0.0071428571428571175,0.007142857142857143,0.9868713017751478,1675
double4,1,74,decreasing,42802,43364,43047,42.802,43.364,43.047,43.083,0.5619999999999976,0.4359430604982206,-0.06405693950177938,0.06405693950177936,0.9867768595041322,1676
double4,1,75,increasing,43364,43924,43647,43.364,43.924,43.647,43.644,0.5600000000000023,0.5053571428571428,0.005357142857142838,0.005357142857142857,0.9865479003817489,1677
double4,1,76,decreasing,43924,44483,44173,43.924,44.483,44.173,44.2035,0.5589999999999975,0.44543828264758495,-0.05456171735241505,0.05456171735241502,0.9844105926620811,1678
double4,1,77,increasing,44483,45043,44735,44.483,45.043,44.735,44.763,0.5600000000000023,0.45,-0.04999999999999999,0.05,0.9742998936547325,1679
double4,1,78,decreasing,45043,45604,45320,45.043,45.604,45.32,45.323499999999996,0.5609999999999999,0.49376114081996436,-0.0062388591800356386,0.006238859180035651,0.9831674840425171,1680
double4,1,79,increasing,45604,46162,45871,45.604,46.162,45.871,45.882999999999996,0.5579999999999998,0.478494623655914,-0.021505376344086002,0.021505376344086023,0.9994633273703043,1681
double4,1,80,decreasing,46162,46722,46433,46.162,46.722,46.433,46.442,0.5600000000000023,0.48392857142857143,-0.01607142857142857,0.01607142857142857,0.9821553533939819,1682
double4,1,81,increasing,46722,47281,46975,46.722,47.281,46.975,47.00149999999999,0.5589999999999975,0.4525939177101968,-0.0474060822898032,0.04740608228980322,0.9881716409591196,1683
double4,1,82,decreasing,47281,47841,47549,47.281,47.841,47.549,47.561,0.5600000000000023,0.4785714285714286,-0.021428571428571408,0.02142857142857143,0.9824651882413615,1684
double4,1,83,increasing,47841,48399,48135,47.841,48.399,48.135,48.12,0.5579999999999998,0.5268817204301075,0.026881720430107503,0.026881720430107527,0.9908557625948929,1685
double4,1,84,decreasing,48399,48959,48693,48.399,48.958999999999996,48.693,48.679,0.5599999999999952,0.525,0.025000000000000022,0.025,0.992991452991453,1686
double4,1,85,increasing,48959,49517,49234,48.958999999999996,49.516999999999996,49.234,49.238,0.5579999999999998,0.492831541218638,-0.007168458781362019,0.007168458781362007,0.9870901987429931,1687
double4,1,86,decreasing,49517,50076,49785,49.516999999999996,50.076,49.785,49.796499999999995,0.5590000000000046,0.47942754919499103,-0.02057245080500897,0.020572450805008944,0.983019994070051,1688
double4,1,87,increasing,50076,50634,50356,50.076,50.634,50.356,50.355,0.5579999999999998,0.5017921146953405,0.0017921146953404632,0.0017921146953405018,0.9874539979926397,1689
double4,1,88,decreasing,50634,51193,50912,50.634,51.193,50.912,50.9135,0.5589999999999975,0.49731663685152055,-0.002683363148479445,0.0026833631484794273,0.9870737686405234,1690
double4,1,89,increasing,51193,51750,51461,51.193,51.75,51.461,51.4715,0.5570000000000022,0.48114901256732495,-0.018850987432675048,0.018850987432675045,0.9837379688194564,1691
double4,1,90,decreasing,51750,52309,52023,51.75,52.309,52.022999999999996,52.0295,0.5589999999999975,0.4883720930232558,-0.011627906976744207,0.011627906976744186,0.9830192550444194,1692
double4,1,91,increasing,52309,52866,52586,52.309,52.866,52.586,52.5875,0.5570000000000022,0.49730700179533216,-0.0026929982046678402,0.0026929982046678637,0.9855164143051574,1693
double4,1,92,decreasing,52866,53425,53116,52.866,53.425,53.116,53.1455,0.5589999999999975,0.4472271914132379,-0.05277280858676209,0.052772808586762074,0.987787025415222,1694
double4,1,93,increasing,53425,53981,53683,53.425,53.981,53.683,53.702999999999996,0.5560000000000045,0.46402877697841727,-0.03597122302158273,0.03597122302158273,0.9943466322080439,1695
double4,1,94,decreasing,53981,54539,54263,53.981,54.538999999999994,54.263,54.26,0.5579999999999927,0.5053763440860215,0.005376344086021501,0.005376344086021506,0.9865655128813023,1696
double4,1,95,increasing,54539,55096,54822,54.538999999999994,55.096,54.821999999999996,54.8175,0.5570000000000022,0.5080789946140036,0.008078994614003632,0.00807899461400359,0.991398665520324,1697
double4,1,96,decreasing,55096,55654,55360,55.096,55.654,55.35999999999999,55.37499999999999,0.5580000000000069,0.4731182795698925,-0.026881720430107503,0.026881720430107527,0.9938630999213217,1698
double4,1,97,increasing,55654,56210,55931,55.654,56.21,55.931000000000004,55.931999999999995,0.5559999999999974,0.4982014388489209,-0.0017985611510791255,0.0017985611510791368,0.9915704027474244,1699
double4,1,98,decreasing,56210,56768,56492,56.21,56.767999999999994,56.492,56.489,0.5579999999999927,0.5053763440860215,0.005376344086021501,0.005376344086021506,0.989063462723352,1700
double4,1,99,increasing,56768,57324,57059,56.767999999999994,57.324000000000005,57.059000000000005,57.046,0.5560000000000116,0.5233812949640287,0.023381294964028743,0.023381294964028777,0.9880257906048513,1701
double4,1,100,decreasing,57324,57883,57603,57.324000000000005,57.883,57.603,57.6035,0.5589999999999975,0.4991055456171735,-0.0008944543828264817,0.0008944543828264759,0.9886005699715014,1702
double4,1,101,increasing,57883,58438,58153,57.883,58.437999999999995,58.153,58.1605,0.5549999999999926,0.4864864864864865,-0.013513513513513487,0.013513513513513514,0.9886494076708546,1703
double4,1,102,decreasing,58438,58996,58715,58.437999999999995,58.996,58.714999999999996,58.717000000000006,0.5580000000000069,0.496415770609319,-0.003584229390680982,0.0035842293906810036,0.9851411589895986,1704
double4,1,103,increasing,58996,59551,59273,58.996,59.550999999999995,59.273,59.2735,0.5549999999999926,0.4990990990990991,-0.0009009009009008917,0.0009009009009009009,0.990724250519442,1705
double4,1,104,decreasing,59551,60108,59828,59.550999999999995,60.108,59.827999999999996,59.8295,0.5570000000000022,0.49730700179533216,-0.0026929982046678402,0.0026929982046678637,0.9856410790772341,1706
double4,1,105,increasing,60108,60664,60371,60.108,60.663999999999994,60.371,60.386,0.5559999999999974,0.47302158273381295,-0.02697841726618705,0.02697841726618705,0.9789274814707165,1707
double4,1,106,decreasing,60664,61220,60914,60.663999999999994,61.220000000000006,60.913999999999994,60.942,0.5560000000000116,0.44964028776978415,-0.05035971223021585,0.050359712230215826,0.9973645680819914,1708
double4,1,107,increasing,61220,61776,61492,61.220000000000006,61.776,61.492,61.498,0.5559999999999974,0.4892086330935252,-0.010791366906474809,0.01079136690647482,0.988880866425993,1709
double4,1,108,decreasing,61776,62333,62060,61.776,62.333000000000006,62.059999999999995,62.0545,0.5570000000000022,0.5098743267504489,0.009874326750448859,0.009874326750448833,0.9871859302437626,1710
double4,1,109,increasing,62333,62887,62611,62.333000000000006,62.88699999999999,62.611,62.60999999999999,0.5539999999999878,0.5018050541516246,0.0018050541516245744,0.0018050541516245488,0.9972953736654806,1711
double4,1,110,decreasing,62887,63444,63143,62.88699999999999,63.443999999999996,63.142999999999994,63.1655,0.5570000000000022,0.45960502692998206,-0.04039497307001794,0.04039497307001795,0.9896161898402165,1712
double4,1,111,increasing,63444,63998,63706,63.443999999999996,63.998,63.705999999999996,63.721,0.554000000000002,0.4729241877256318,-0.027075812274368227,0.02707581227436823,0.9868421052631579,1713
double4,1,112,decreasing,63998,64555,64268,63.998,64.555,64.268,64.2765,0.5570000000000093,0.48473967684021546,-0.015260323159784539,0.01526032315978456,0.9856393449462074,1714
double4,1,113,increasing,64555,65110,64826,64.555,65.11,64.82600000000001,64.83250000000001,0.5549999999999926,0.4882882882882883,-0.011711711711711703,0.011711711711711712,0.9831685103614449,1715
double4,1,114,decreasing,65110,65667,65368,65.11,65.667,65.36800000000001,65.38850000000001,0.5570000000000022,0.4631956912028725,-0.03680430879712748,0.03680430879712747,0.9812798105722861,1716
double4,1,115,increasing,65667,66220,65943,65.667,66.22000000000001,65.94300000000001,65.9435,0.5530000000000115,0.49909584086799275,-0.000904159132007254,0.0009041591320072332,0.9927076299797434,1717
double4,1,116,decreasing,66220,66777,66491,66.22000000000001,66.777,66.491,66.4985,0.556999999999988,0.4865350089766607,-0.013464991023339312,0.013464991023339317,0.9917467849528918,1718
double4,1,117,increasing,66777,67331,67044,66.777,67.331,67.04400000000001,67.054,0.554000000000002,0.48194945848375453,-0.018050541516245466,0.018050541516245487,0.9816951850378035,1719
double4,1,118,decreasing,67331,67887,67598,67.331,67.887,67.59800000000001,67.60900000000001,0.5559999999999974,0.4802158273381295,-0.01978417266187049,0.019784172661870502,0.986080105055811,1720
double4,1,119,increasing,67887,68441,68154,67.887,68.441,68.15400000000001,68.164,0.554000000000002,0.48194945848375453,-0.018050541516245466,0.018050541516245487,0.9903782786345064,1721
double4,1,120,decreasing,68441,68997,68726,68.441,68.997,68.72600000000001,68.71900000000001,0.5559999999999974,0.512589928057554,0.01258992805755399,0.012589928057553957,0.9786960985626283,1722
double4,1,121,increasing,68997,69550,69270,68.997,69.55000000000001,69.27000000000001,69.27350000000001,0.5530000000000115,0.4936708860759494,-0.006329113924050611,0.006329113924050633,0.9888297559678795,1723
double4,1,122,decreasing,69550,70106,69814,69.55000000000001,70.10600000000001,69.81400000000001,69.828,0.5559999999999974,0.4748201438848921,-0.025179856115107924,0.025179856115107913,0.9837666455294862,1724
double4,1,123,increasing,70106,70660,70398,70.10600000000001,70.66000000000001,70.39800000000001,70.38300000000001,0.554000000000002,0.5270758122743683,0.027075812274368283,0.02707581227436823,0.9946414901760653,1725
double4,1,124,decreasing,70660,71216,70923,70.66000000000001,71.21600000000001,70.923,70.938,0.5559999999999974,0.47302158273381295,-0.02697841726618705,0.02697841726618705,0.9900903161063724,1726
double4,1,125,increasing,71216,71769,71492,71.21600000000001,71.769,71.492,71.4925,0.5529999999999973,0.49909584086799275,-0.000904159132007254,0.0009041591320072332,0.9933882235528942,1727
double4,1,126,decreasing,71769,72324,72030,71.769,72.32400000000001,72.03,72.04650000000001,0.5550000000000068,0.4702702702702703,-0.029729729729729704,0.02972972972972973,0.9895194883238819,1728
double4,1,127,increasing,72324,72878,72582,72.32400000000001,72.878,72.58200000000001,72.60100000000001,0.5539999999999878,0.4657039711191336,-0.034296028880866414,0.03429602888086643,0.9972805933250927,1729
double4,1,128,decreasing,72878,73434,73149,72.878,73.43400000000001,73.149,73.156,0.5560000000000116,0.48741007194244607,-0.012589928057553934,0.012589928057553957,0.9991397320879931,1730
double4,1,129,increasing,73434,73987,73708,73.43400000000001,73.98700000000001,73.70800000000001,73.71050000000001,0.5529999999999973,0.49547920433996384,-0.004520795660036159,0.0045207956600361665,0.9878227719998603,1731
double4,1,130,decreasing,73987,74542,74250,73.98700000000001,74.542,74.25,74.2645,0.5549999999999926,0.47387387387387386,-0.026126126126126137,0.026126126126126126,0.9855064148099061,1732
double4,1,131,increasing,74542,75095,74802,74.542,75.09500000000001,74.802,74.8185,0.5530000000000115,0.4701627486437613,-0.029837251356238714,0.029837251356238697,0.9883575749210441,1733
double4,1,132,decreasing,75095,75649,75358,75.09500000000001,75.649,75.358,75.372,0.5539999999999878,0.4747292418772563,-0.02527075812274371,0.02527075812274368,0.9804968655676806,1734
double4,1,133,increasing,75649,76203,75906,75.649,76.203,75.906,75.926,0.554000000000002,0.463898916967509,-0.03610108303249099,0.036101083032490974,0.9918995069265087,1735
double4,1,134,decreasing,76203,76757,76475,76.203,76.757,76.47500000000001,76.48,0.554000000000002,0.49097472924187724,-0.009025270758122761,0.009025270758122744,0.982478240952817,1736
double4,1,135,increasing,76757,77310,77019,76.757,77.31,77.019,77.0335,0.5529999999999973,0.47377938517179025,-0.026220614828209754,0.026220614828209764,0.9860367710719371,1737
double4,1,136,decreasing,77310,77865,77594,77.31,77.86500000000001,77.59400000000001,77.5875,0.5550000000000068,0.5117117117117117,0.011711711711711703,0.011711711711711712,0.9877560263912998,1738
double4,1,137,increasing,77865,78417,78147,77.86500000000001,78.417,78.147,78.141,0.5519999999999925,0.5108695652173914,0.010869565217391353,0.010869565217391304,0.9891660083512019,1739
double4,1,138,decreasing,78417,78973,78688,78.417,78.97300000000001,78.688,78.69500000000001,0.5560000000000116,0.48741007194244607,-0.012589928057553934,0.012589928057553957,0.9838620537194649,1740
double4,1,139,increasing,78973,79526,79239,78.97300000000001,79.52600000000001,79.239,79.24950000000001,0.5529999999999973,0.4810126582278481,-0.01898734177215189,0.0189873417721519,0.9851079165784973,1741
double4,1,140,decreasing,79526,80080,79795,79.52600000000001,80.08000000000001,79.795,79.80300000000001,0.554000000000002,0.4855595667870036,-0.014440433212996373,0.01444043321299639,0.9886611426079372,1742
double4,1,141,increasing,80080,80632,80344,80.08000000000001,80.632,80.34400000000001,80.35600000000001,0.5519999999999925,0.4782608695652174,-0.021739130434782594,0.021739130434782608,0.9919178680646571,1743
double4,1,142,decreasing,80632,81186,80898,80.632,81.186,80.89800000000001,80.909,0.554000000000002,0.48014440433212996,-0.01985559566787004,0.019855595667870037,0.9938959091882632,1744
double4,1,143,increasing,81186,81739,81461,81.186,81.739,81.46100000000001,81.4625,0.5529999999999973,0.4972875226039783,-0.0027124773960217063,0.0027124773960217,0.9937165268015632,1745
double4,1,144,decreasing,81739,82293,82003,81.739,82.293,82.003,82.016,0.554000000000002,0.47653429602888087,-0.023465703971119134,0.023465703971119134,0.9854951476573099,1746
double4,1,145,increasing,82293,82846,82561,82.293,82.846,82.561,82.5695,0.5529999999999973,0.484629294755877,-0.015370705244122984,0.015370705244122965,0.9899469078704292,1747
double4,1,146,decreasing,82846,83399,83115,82.846,83.399,83.11500000000001,83.1225,0.5529999999999973,0.4864376130198915,-0.013562386980108476,0.013562386980108499,0.9869734444992179,1748
double4,1,147,increasing,83399,83953,83663,83.399,83.953,83.66300000000001,83.676,0.554000000000002,0.47653429602888087,-0.023465703971119134,0.023465703971119134,0.9849647131021786,1749
double4,1,148,decreasing,83953,84505,84238,83.953,84.50500000000001,84.23800000000001,84.22900000000001,0.5520000000000067,0.5163043478260869,0.016304347826086918,0.016304347826086956,0.9807304277643261,1750
double4,1,149,increasing,84505,85058,84786,84.50500000000001,85.058,84.786,84.78150000000001,0.5529999999999973,0.5081374321880651,0.008137432188065064,0.0081374321880651,0.987936299734302,1751
double4,1,150,decreasing,85058,85611,85325,85.058,85.611,85.325,85.3345,0.5529999999999973,0.48282097649186256,-0.017179023508137437,0.017179023508137433,0.9868507340329057,1752
double4,1,151,increasing,85611,86164,85877,85.611,86.164,85.87700000000001,85.8875,0.5529999999999973,0.4810126582278481,-0.01898734177215189,0.0189873417721519,0.9894678876817856,1753
double4,1,152,decreasing,86164,86718,86448,86.164,86.718,86.44800000000001,86.441,0.554000000000002,0.5126353790613718,0.012635379061371799,0.01263537906137184,0.9823998444185141,1754
double4,1,153,increasing,86718,87270,87000,86.718,87.27000000000001,87.0,86.994,0.5520000000000067,0.5108695652173914,0.010869565217391353,0.010869565217391304,0.9807673721851744,1755
double4,1,154,decreasing,87270,87825,87534,87.27000000000001,87.825,87.534,87.54750000000001,0.5549999999999926,0.4756756756756757,-0.024324324324324298,0.024324324324324326,0.9888989605961169,1756
double4,1,155,increasing,87825,88376,88088,87.825,88.376,88.08800000000001,88.10050000000001,0.5510000000000019,0.47731397459165154,-0.022686025408348465,0.022686025408348458,0.984032559724447,1757
double4,1,156,decreasing,88376,88928,88637,88.376,88.92800000000001,88.637,88.652,0.5520000000000067,0.47282608695652173,-0.02717391304347827,0.02717391304347826,0.9850493653032442,1758
double4,1,157,increasing,88928,89481,89200,88.92800000000001,89.48100000000001,89.2,89.20450000000001,0.5529999999999973,0.4918625678119349,-0.008137432188065119,0.0081374321880651,0.9919410385650347,1759
double4,1,158,decreasing,89481,90034,89742,89.48100000000001,90.034,89.742,89.75750000000001,0.5529999999999973,0.4719710669077758,-0.028028933092224206,0.02802893309222423,0.9875202488333535,1760
double4,1,159,increasing,90034,90587,90317,90.034,90.587,90.31700000000001,90.3105,0.5529999999999973,0.5117540687160941,0.01175406871609408,0.011754068716094032,0.9912952394706024,1761
double4,1,160,decreasing,90587,91139,90854,90.587,91.13900000000001,90.85400000000001,90.86300000000001,0.5520000000000067,0.483695652173913,-0.016304347826086973,0.016304347826086956,0.9843183466279914,1762
double4,1,161,increasing,91139,91690,91422,91.13900000000001,91.69000000000001,91.42200000000001,91.4145,0.5510000000000019,0.5136116152450091,0.01361161524500909,0.013611615245009074,0.9917616507783529,1763
double4,1,162,decreasing,91690,92244,91959,91.69000000000001,92.24400000000001,91.959,91.96700000000001,0.554000000000002,0.4855595667870036,-0.014440433212996373,0.01444043321299639,0.9857701885450018,1764
double4,1,163,increasing,92244,92796,92517,92.24400000000001,92.796,92.51700000000001,92.52000000000001,0.5519999999999925,0.4945652173913043,-0.005434782608695676,0.005434782608695652,0.9897363298531233,1765
double4,1,164,decreasing,92796,93348,93071,92.796,93.34800000000001,93.07100000000001,93.072,0.5520000000000067,0.49818840579710144,-0.0018115942028985588,0.0018115942028985507,0.9868294810292194,1766
double4,1,165,increasing,93348,93901,93607,93.34800000000001,93.90100000000001,93.60700000000001,93.62450000000001,0.5529999999999973,0.46835443037974683,-0.03164556962025317,0.03164556962025317,0.9846949097283245,1767
double4,1,166,decreasing,93901,94455,94186,93.90100000000001,94.45500000000001,94.186,94.17800000000001,0.554000000000002,0.5144404332129964,0.014440433212996373,0.01444043321299639,0.9974288652725403,1768
double4,1,167,increasing,94455,95005,94724,94.45500000000001,95.00500000000001,94.724,94.73,0.5499999999999972,0.4890909090909091,-0.010909090909090924,0.01090909090909091,0.9866147068790241,1769
double4,1,168,decreasing,95005,95558,95267,95.00500000000001,95.558,95.26700000000001,95.28150000000001,0.5529999999999973,0.47377938517179025,-0.026220614828209754,0.026220614828209764,0.9862773642232919,1770
double4,1,169,increasing,95558,96110,95823,95.558,96.11000000000001,95.82300000000001,95.834,0.5520000000000067,0.48007246376811596,-0.019927536231884035,0.019927536231884056,0.9824184894758563,1771
double4,1,170,decreasing,96110,96662,96387,96.11000000000001,96.662,96.387,96.38600000000001,0.5519999999999925,0.5018115942028986,0.0018115942028985588,0.0018115942028985507,0.9803091944670462,1772
double4,1,171,increasing,96662,97214,96940,96.662,97.21400000000001,96.94000000000001,96.938,0.5520000000000067,0.5036231884057971,0.0036231884057971175,0.0036231884057971015,0.9874534563704063,1773
double4,1,172,decreasing,97214,97766,97483,97.21400000000001,97.766,97.483,97.49000000000001,0.5519999999999925,0.48731884057971014,-0.012681159420289856,0.012681159420289856,0.9848896706108091,1774
double4,1,173,increasing,97766,98319,98039,97.766,98.319,98.039,98.0425,0.5529999999999973,0.4936708860759494,-0.006329113924050611,0.006329113924050633,0.9845688569183865,1775
double4,1,174,decreasing,98319,98871,98584,98.319,98.87100000000001,98.584,98.59500000000001,0.5520000000000067,0.48007246376811596,-0.019927536231884035,0.019927536231884056,0.9875922726558819,1776
double4,1,175,increasing,98871,99424,99143,98.87100000000001,99.424,99.143,99.14750000000001,0.5529999999999973,0.4918625678119349,-0.008137432188065119,0.0081374321880651,0.990032921302051,1777
double4,1,176,decreasing,99424,99975,99685,99.424,99.97500000000001,99.685,99.6995,0.5510000000000019,0.47368421052631576,-0.026315789473684237,0.02631578947368421,0.9899597508374578,1778
double4,1,177,increasing,99975,100526,100244,99.97500000000001,100.52600000000001,100.24400000000001,100.2505,0.5510000000000019,0.4882032667876588,-0.011796733212341204,0.011796733212341199,0.9852642963289787,1779
double4,1,178,decreasing,100526,101078,100803,100.52600000000001,101.078,100.80300000000001,100.802,0.5519999999999925,0.5018115942028986,0.0018115942028985588,0.0018115942028985507,0.9879951980792318,1780
double4,1,179,increasing,101078,101631,101344,101.078,101.631,101.34400000000001,101.3545,0.5529999999999973,0.4810126582278481,-0.01898734177215189,0.0189873417721519,0.9931269852963491,1781
double4,1,180,decreasing,101631,102179,101898,101.631,102.179,101.89800000000001,101.905,0.5480000000000018,0.48722627737226276,-0.012773722627737238,0.012773722627737226,0.9882604843473127,1782
double4,1,181,increasing,102179,102735,102454,102.179,102.73500000000001,102.45400000000001,102.45700000000001,0.5560000000000116,0.49460431654676257,-0.005395683453237432,0.00539568345323741,0.9921288272674754,1783
double4,1,182,decreasing,102735,103283,102986,102.73500000000001,103.283,102.986,103.009,0.5479999999999876,0.458029197080292,-0.041970802919708006,0.041970802919708027,0.986572336124747,1784
double4,1,183,increasing,103283,103837,103567,103.283,103.837,103.56700000000001,103.56,0.554000000000002,0.5126353790613718,0.012635379061371799,0.01263537906137184,0.9924817362933543,1785
double4,1,184,decreasing,103837,104387,104100,103.837,104.387,104.10000000000001,104.11200000000001,0.5499999999999972,0.4781818181818182,-0.021818181818181792,0.02181818181818182,0.9904048186020451,1786
double4,1,185,increasing,104387,104940,104658,104.387,104.94000000000001,104.658,104.6635,0.5530000000000115,0.49005424954792043,-0.009945750452079571,0.009945750452079566,0.9936599438849294,1787
double4,1,186,decreasing,104940,105491,105216,104.94000000000001,105.49100000000001,105.21600000000001,105.2155,0.5510000000000019,0.5009074410163339,0.0009074410163338875,0.0009074410163339383,0.9904955872369314,1788
double4,1,187,increasing,105491,106042,105748,105.49100000000001,106.042,105.748,105.76650000000001,0.5509999999999877,0.4664246823956443,-0.033575317604355726,0.03357531760435572,0.9902159483349162,1789
double4,1,188,decreasing,106042,106595,106319,106.042,106.59500000000001,106.319,106.3185,0.5530000000000115,0.5009041591320073,0.000904159132007254,0.0009041591320072332,0.9889058153397802,1790
double4,1,189,increasing,106595,107147,106867,106.59500000000001,107.147,106.867,106.87100000000001,0.5519999999999925,0.4927536231884058,-0.00724637681159418,0.007246376811594203,0.9859053833605218,1791
double4,1,190,decreasing,107147,107697,107409,107.147,107.697,107.409,107.42200000000001,0.5499999999999972,0.4763636363636364,-0.023636363636363622,0.023636363636363636,0.9987491770901911,1792
double4,1,191,increasing,107697,108249,107973,107.697,108.24900000000001,107.97300000000001,107.97300000000001,0.5520000000000067,0.5,0.0,0.0,1.0,1793
double4,1,192,decreasing,108249,108799,108515,108.24900000000001,108.799,108.515,108.524,0.5499999999999972,0.48363636363636364,-0.016363636363636358,0.016363636363636365,0.9818285065303806,1794
double4,1,193,increasing,108799,109351,109079,108.799,109.35100000000001,109.07900000000001,109.075,0.5520000000000067,0.5072463768115942,0.007246376811594235,0.007246376811594203,0.9918032786885246,1795
double4,1,194,decreasing,109351,109902,109611,109.35100000000001,109.902,109.611,109.62650000000001,0.5509999999999877,0.47186932849364793,-0.028130671506352067,0.028130671506352088,0.9804830185159408,1796
double4,1,195,increasing,109902,110454,110171,109.902,110.45400000000001,110.171,110.17800000000001,0.5520000000000067,0.48731884057971014,-0.012681159420289856,0.012681159420289856,0.9918402143466081,1797
double4,1,196,decreasing,110454,111006,110731,110.45400000000001,111.006,110.73100000000001,110.73,0.5519999999999925,0.5018115942028986,0.0018115942028985588,0.0018115942028985507,0.9806289608991989,1798
double4,1,197,increasing,111006,111557,111277,111.006,111.557,111.277,111.28150000000001,0.5510000000000019,0.49183303085299457,-0.008166969147005432,0.008166969147005444,0.9855327440218229,1799
double4,1,198,decreasing,111557,112107,111830,111.557,112.10700000000001,111.83000000000001,111.83200000000001,0.5500000000000114,0.49636363636363634,-0.0036363636363636598,0.0036363636363636364,0.9910519809265909,1800
double4,1,199,increasing,112107,112660,112372,112.10700000000001,112.66000000000001,112.37200000000001,112.3835,0.5529999999999973,0.47920433996383366,-0.02079566003616634,0.020795660036166366,0.9854763541338859,1801
double4,1,200,decreasing,112660,113209,112925,112.66000000000001,113.209,112.92500000000001,112.93450000000001,0.5489999999999924,0.48269581056466304,-0.01730418943533696,0.017304189435336976,0.9825719202767058,1802
double4,1,201,increasing,113209,113763,113482,113.209,113.763,113.48200000000001,113.486,0.554000000000002,0.4927797833935018,-0.0072202166064981865,0.007220216606498195,0.9964171751665455,1803
double4,1,202,decreasing,113763,114313,114019,113.763,114.313,114.019,114.03800000000001,0.5499999999999972,0.46545454545454545,-0.034545454545454546,0.034545454545454546,0.9978217158176945,1804
double4,1,203,increasing,114313,114865,114577,114.313,114.86500000000001,114.57700000000001,114.58900000000001,0.5520000000000067,0.4782608695652174,-0.021739130434782594,0.021739130434782608,0.9942724374560977,1805
double4,1,204,decreasing,114865,115414,115136,114.86500000000001,115.414,115.13600000000001,115.1395,0.5489999999999924,0.4936247723132969,-0.006375227686703122,0.006375227686703097,0.9889490317071388,1806
double4,1,205,increasing,115414,115966,115674,115.414,115.96600000000001,115.674,115.69000000000001,0.5520000000000067,0.47101449275362317,-0.02898550724637683,0.028985507246376812,0.9911090067340066,1807
double4,1,206,decreasing,115966,116519,116251,115.96600000000001,116.519,116.251,116.2425,0.5529999999999973,0.515370705244123,0.015370705244122984,0.015370705244122965,0.9891752806273705,1808
double4,1,207,increasing,116519,117068,116775,116.519,117.06800000000001,116.775,116.79350000000001,0.5490000000000066,0.4663023679417122,-0.033697632058287796,0.033697632058287796,0.9819158188980829,1809
double4,1,208,decreasing,117068,117619,117341,117.06800000000001,117.61900000000001,117.34100000000001,117.3435,0.5510000000000019,0.4954627949183303,-0.004537205081669715,0.004537205081669692,0.9841682473737984,1810
double4,1,209,increasing,117619,118171,117885,117.61900000000001,118.17100000000002,117.885,117.89500000000001,0.5520000000000067,0.48188405797101447,-0.018115942028985532,0.018115942028985508,0.9810731707317073,1811
double4,1,210,decreasing,118171,118722,118438,118.17100000000002,118.72200000000001,118.43800000000002,118.4465,0.5509999999999877,0.484573502722323,-0.015426497277676976,0.015426497277676952,0.994549253519224,1812
double4,1,211,increasing,118722,119272,118978,118.72200000000001,119.27200000000002,118.97800000000001,118.99700000000001,0.5500000000000114,0.46545454545454545,-0.034545454545454546,0.034545454545454546,0.9796274463569915,1813
double4,1,212,decreasing,119272,119823,119535,119.27200000000002,119.82300000000001,119.535,119.5475,0.5509999999999877,0.47731397459165154,-0.022686025408348465,0.022686025408348458,0.9844082400918358,1814
double4,1,213,increasing,119823,120374,120088,119.82300000000001,120.374,120.088,120.09850000000002,0.5509999999999877,0.4809437386569873,-0.019056261343012693,0.019056261343012703,0.9839061637759077,1815
double4,1,214,decreasing,120374,120923,120641,120.374,120.923,120.64100000000002,120.6485,0.5490000000000066,0.48633879781420764,-0.013661202185792365,0.01366120218579235,0.9811881630998476,1816
double4,1,215,increasing,120923,121477,121194,120.923,121.477,121.19400000000002,121.20000000000002,0.554000000000002,0.4891696750902527,-0.01083032490974728,0.010830324909747292,0.9803895704172714,1817
double4,1,216,decreasing,121477,122025,121742,121.477,122.025,121.74200000000002,121.751,0.5480000000000018,0.4835766423357664,-0.016423357664233584,0.016423357664233577,0.9880957629734141,1818
double4,1,217,increasing,122025,122577,122276,122.025,122.577,122.27600000000001,122.30100000000002,0.5519999999999925,0.45471014492753625,-0.04528985507246375,0.04528985507246377,0.996562392574768,1819
double4,1,218,decreasing,122577,123129,122843,122.577,123.12900000000002,122.84300000000002,122.85300000000001,0.5520000000000209,0.48188405797101447,-0.018115942028985532,0.018115942028985508,0.9940316323485526,1820
double4,1,219,increasing,123129,123678,123386,123.12900000000002,123.678,123.386,123.40350000000001,0.5489999999999782,0.4681238615664845,-0.0318761384335155,0.031876138433515486,0.9848937001633521,1821
double4,1,220,decreasing,123678,124231,123944,123.678,124.231,123.94400000000002,123.95450000000001,0.5529999999999973,0.4810126582278481,-0.01898734177215189,0.0189873417721519,0.9890105405346118,1822
double4,1,221,increasing,124231,124779,124497,124.231,124.779,124.49700000000001,124.505,0.5480000000000018,0.4854014598540146,-0.014598540145985384,0.014598540145985401,0.97723704866562,1823
double4,1,222,decreasing,124779,125329,125045,124.779,125.32900000000001,125.04500000000002,125.054,0.5500000000000114,0.48363636363636364,-0.016363636363636358,0.016363636363636365,0.9821553262471875,1824
double4,1,223,increasing,125329,125880,125581,125.32900000000001,125.88,125.58100000000002,125.60450000000002,0.5509999999999877,0.4573502722323049,-0.0426497277676951,0.0426497277676951,0.9858429979834223,1825
double4,1,224,decreasing,125880,126429,126134,125.88,126.429,126.13400000000001,126.1545,0.5490000000000066,0.46265938069216755,-0.037340619307832446,0.037340619307832425,0.9789826794700857,1826
double4,1,225,increasing,126429,126982,126681,126.429,126.982,126.68100000000001,126.70550000000001,0.5529999999999973,0.45569620253164556,-0.044303797468354444,0.04430379746835443,0.9815900107656159,1827
double4,1,226,decreasing,126982,127531,127247,126.982,127.531,127.24700000000001,127.2565,0.5490000000000066,0.48269581056466304,-0.01730418943533696,0.017304189435336976,0.9897449955996003,1828
double4,1,227,increasing,127531,128081,127787,127.531,128.08100000000002,127.787,127.80600000000001,0.5500000000000114,0.46545454545454545,-0.034545454545454546,0.034545454545454546,0.9943751528491075,1829
double4,1,228,decreasing,128081,128633,128333,128.08100000000002,128.633,128.333,128.357,0.5519999999999925,0.45652173913043476,-0.043478260869565244,0.043478260869565216,0.9810246679316887,1830
double4,1,229,increasing,128633,129181,128887,128.633,129.181,128.887,128.907,0.5480000000000018,0.4635036496350365,-0.036496350364963515,0.0364963503649635,0.9903855783675511,1831
double4,1,230,decreasing,129181,129733,129439,129.181,129.733,129.43900000000002,129.457,0.5519999999999925,0.4673913043478261,-0.03260869565217389,0.03260869565217391,0.9732191539177012,1832
double4,1,231,increasing,129733,130283,129980,129.733,130.28300000000002,129.98000000000002,130.008,0.5500000000000114,0.4490909090909091,-0.050909090909090904,0.05090909090909091,0.9894087891242492,1833
double4,1,232,decreasing,130283,130834,130538,130.28300000000002,130.834,130.538,130.5585,0.5509999999999877,0.4627949183303085,-0.0372050816696915,0.03720508166969147,0.9911655254628501,1834
double4,1,233,increasing,130834,131383,131087,130.834,131.383,131.08700000000002,131.1085,0.5490000000000066,0.46083788706739526,-0.03916211293260474,0.039162112932604735,0.9921711209422085,1835
double4,1,234,decreasing,131383,131934,131637,131.383,131.934,131.637,131.6585,0.5509999999999877,0.46098003629764067,-0.03901996370235933,0.03901996370235935,0.9865143652029583,1836
double4,1,235,increasing,131934,132482,132193,131.934,132.482,132.193,132.208,0.5480000000000018,0.4726277372262774,-0.027372262773722622,0.02737226277372263,0.9948045237958552,1837
double4,1,236,decreasing,132482,133037,132728,132.482,133.037,132.728,132.7595,0.5550000000000068,0.44324324324324327,-0.05675675675675673,0.05675675675675676,0.9821435746175963,1838
double4,1,237,increasing,133037,133582,133292,133.037,133.582,133.292,133.3095,0.5449999999999875,0.46788990825688076,-0.03211009174311924,0.03211009174311927,0.9813762007957699,1839
double4,1,238,decreasing,133582,134139,133843,133.582,134.139,133.84300000000002,133.8605,0.5570000000000164,0.46858168761220825,-0.03141831238779175,0.03141831238779174,0.9776206173584959,1840
double4,1,239,increasing,134139,134684,134399,134.139,134.684,134.399,134.4115,0.5449999999999875,0.47706422018348627,-0.022935779816513735,0.022935779816513763,0.9780227014710671,1841
double4,1,240,decreasing,134684,135233,134933,134.684,135.233,134.93300000000002,134.95850000000002,0.5490000000000066,0.453551912568306,-0.046448087431693985,0.04644808743169399,0.9806842296832802,1842
double4,1,241,increasing,135233,135784,135489,135.233,135.78400000000002,135.489,135.50850000000003,0.5510000000000161,0.4646098003629764,-0.03539019963702361,0.03539019963702359,0.9817146022301418,1843
double4,1,242,decreasing,135784,136336,136030,135.78400000000002,136.336,136.03,136.06,0.5519999999999925,0.44565217391304346,-0.05434782608695654,0.05434782608695652,0.9712883270575577,1844
double4,1,243,increasing,136336,136881,136587,136.336,136.881,136.58700000000002,136.6085,0.5449999999999875,0.46055045871559636,-0.039449541284403644,0.03944954128440367,0.9767676452200797,1845
double4,1,244,decreasing,136881,137431,137127,136.881,137.431,137.127,137.156,0.5500000000000114,0.44727272727272727,-0.052727272727272734,0.05272727272727273,0.967309809134146,1846
double4,1,245,increasing,137431,137981,137684,137.431,137.981,137.684,137.70600000000002,0.549999999999983,0.46,-0.03999999999999998,0.04,0.9922482176925393,1847
double4,1,246,decreasing,137981,138532,138212,137.981,138.532,138.21200000000002,138.25650000000002,0.5510000000000161,0.4192377495462795,-0.08076225045372049,0.08076225045372051,0.969146406785324,1848
double4,1,247,increasing,138532,139077,138781,138.532,139.077,138.781,138.80450000000002,0.5449999999999875,0.45688073394495415,-0.043119266055045846,0.043119266055045874,0.9886211404234285,1849
double4,1,248,decreasing,139077,139629,139306,139.077,139.62900000000002,139.306,139.353,0.5520000000000209,0.4148550724637681,-0.08514492753623187,0.08514492753623189,0.9705130481093557,1850
double4,1,249,increasing,139629,140176,139876,139.62900000000002,140.17600000000002,139.876,139.90250000000003,0.546999999999997,0.4515539305301645,-0.048446069469835484,0.048446069469835464,0.9872750432938647,1851
double4,2,0,decreasing,436,941,681,0.43599999999999994,0.940999999999999,0.6809999999999992,0.6884999999999994,0.504999999999999,0.48514851485148514,-0.014851485148514865,0.01485148514851485,0.9614667941823201,1852
double4,2,1,increasing,941,1616,1286,0.940999999999999,1.6159999999999997,1.2859999999999996,1.2785000000000002,0.6750000000000007,0.5111111111111111,0.011111111111111072,0.011111111111111112,0.978792527077872,1853
double4,2,2,decreasing,1616,2138,1870,1.6159999999999997,2.138,1.8699999999999992,1.876999999999999,0.5220000000000002,0.48659003831417624,-0.013409961685823757,0.013409961685823755,0.9547836075196516,1854
double4,2,3,increasing,2138,2767,2481,2.138,2.7669999999999995,2.481,2.4524999999999997,0.6289999999999996,0.5453100158982512,0.04531001589825123,0.04531001589825119,0.951093867785009,1855
double4,2,4,decreasing,2767,3389,3057,2.7669999999999995,3.3889999999999993,3.0570000000000004,3.0779999999999994,0.6219999999999999,0.4662379421221865,-0.0337620578778135,0.03376205787781351,0.9493499164159304,1856
double4,2,5,increasing,3389,3922,3652,3.3889999999999993,3.9220000000000006,3.6519999999999992,3.6555,0.5330000000000013,0.49343339587242024,-0.006566604127579756,0.006566604127579738,0.9623348083545987,1857
double4,2,6,decreasing,3922,4568,4240,3.9220000000000006,4.568,4.24,4.244999999999999,0.645999999999999,0.49226006191950467,-0.007739938080495334,0.007739938080495356,0.9707047621237223,1858
double4,2,7,increasing,4568,5103,4831,4.568,5.103,4.8309999999999995,4.8355,0.5350000000000001,0.491588785046729,-0.008411214953271018,0.008411214953271028,0.9598077043208395,1859
double4,2,8,decreasing,5103,5716,5423,5.103,5.715999999999999,5.423,5.4094999999999995,0.6129999999999995,0.5220228384991843,0.022022838499184294,0.02202283849918434,0.9311033207328672,1860
double4,2,9,increasing,5716,6324,6012,5.715999999999999,6.324,6.011999999999999,6.020000000000001,0.6080000000000005,0.4868421052631579,-0.01315789473684209,0.013157894736842105,0.9590416797142401,1861
double4,2,10,decreasing,6324,6865,6600,6.324,6.865,6.6,6.5945,0.5410000000000004,0.5101663585951941,0.010166358595194103,0.010166358595194085,0.9772642315852786,1862
double4,2,11,increasing,6865,7496,7183,6.865,7.496,7.182999999999998,7.1805,0.6310000000000002,0.5039619651347068,0.003961965134706813,0.003961965134706815,0.9691574041262069,1863
double4,2,12,decreasing,7496,8046,7759,7.496,8.046000000000001,7.758999999999999,7.770999999999999,0.5500000000000007,0.4781818181818182,-0.021818181818181792,0.02181818181818182,0.9894165570402524,1864
double4,2,13,increasing,8046,8641,8362,8.046000000000001,8.641,8.362,8.343499999999999,0.5949999999999989,0.5310924369747899,0.031092436974789917,0.031092436974789917,0.9532148969123576,1865
double4,2,14,decreasing,8641,9246,8921,8.641,9.246,8.921000000000001,8.9435,0.6050000000000004,0.4628099173553719,-0.037190082644628086,0.0371900826446281,0.9639718198465841,1866
double4,2,15,increasing,9246,9790,9525,9.246,9.790000000000001,9.525,9.517999999999999,0.5440000000000005,0.5128676470588235,0.012867647058823484,0.012867647058823529,0.9961491389672562,1867
double4,2,16,decreasing,9790,10401,10109,9.790000000000001,10.401000000000002,10.109,10.0955,0.6110000000000007,0.5220949263502455,0.02209492635024546,0.0220949263502455,0.9636393653668439,1868
double4,2,17,increasing,10401,10973,10667,10.401000000000002,10.973,10.667,10.687,0.5719999999999992,0.46503496503496505,-0.03496503496503495,0.03496503496503497,0.9669563623268053,1869
double4,2,18,decreasing,10973,11541,11259,10.973,11.540999999999999,11.258999999999999,11.257,0.5679999999999978,0.5035211267605634,0.0035211267605633756,0.0035211267605633804,0.995999649676757,1870
double4,2,19,increasing,11541,12150,11846,11.540999999999999,12.15,11.845999999999998,11.8455,0.6090000000000018,0.5008210180623974,0.0008210180623974273,0.0008210180623973727,0.9915847694954684,1871
double4,2,20,decreasing,12150,12697,12418,12.15,12.697000000000001,12.418000000000001,12.4235,0.5470000000000006,0.489945155393053,-0.010054844606947,0.010054844606946984,0.969137419896682,1872
double4,2,21,increasing,12697,13290,12991,12.697000000000001,13.290000000000001,12.991000000000001,12.993500000000001,0.593,0.4957841483979764,-0.00421585160202359,0.0042158516020236085,0.9521875960348997,1873
double4,2,22,decreasing,13290,13876,13574,13.290000000000001,13.876,13.574,13.583,0.5859999999999985,0.48464163822525597,-0.015358361774744034,0.015358361774744027,0.9574975273568831,1874
double4,2,23,increasing,13876,14432,14154,13.876,14.432,14.154000000000002,14.154000000000002,0.5560000000000009,0.5,0.0,0.0,1.0,1875
double4,2,24,decreasing,14432,15030,14730,14.432,15.03,14.729999999999999,14.731,0.597999999999999,0.4983277591973244,-0.0016722408026755842,0.0016722408026755853,0.9801880366571224,1876
double4,2,25,increasing,15030,15596,15304,15.03,15.595999999999998,15.304,15.313,0.565999999999999,0.4840989399293286,-0.01590106007067138,0.015901060070671377,0.961483742040118,1877
double4,2,26,decreasing,15596,16166,15879,15.595999999999998,16.165999999999997,15.879,15.880999999999998,0.5699999999999985,0.4964912280701754,-0.0035087719298245723,0.0035087719298245615,0.9960601134579805,1878
double4,2,27,increasing,16166,16758,16451,16.165999999999997,16.758000000000003,16.451,16.462000000000003,0.5920000000000059,0.4814189189189189,-0.018581081081081086,0.018581081081081082,0.9732646518351731,1879
double4,2,28,decreasing,16758,17314,17039,16.758000000000003,17.314,17.039,17.036,0.5559999999999974,0.5053956834532374,0.0053956834532373765,0.00539568345323741,0.9672032416234169,1880
double4,2,29,increasing,17314,17895,17618,17.314,17.895000000000003,17.618000000000002,17.604499999999998,0.5810000000000031,0.5232358003442341,0.023235800344234114,0.02323580034423408,0.9735565734547866,1881
double4,2,30,decreasing,17895,18475,18178,17.895000000000003,18.475,18.177999999999997,18.185000000000002,0.5799999999999983,0.4879310344827586,-0.012068965517241403,0.01206896551724138,0.9628351697492611,1882
double4,2,31,increasing,18475,19036,18758,18.475,19.036,18.758000000000003,18.7555,0.5609999999999999,0.5044563279857398,0.004456327985739805,0.004456327985739751,0.9652749678127116,1883
double4,2,32,decreasing,19036,19620,19338,19.036,19.619999999999997,19.338,19.328000000000003,0.5839999999999961,0.5171232876712328,0.017123287671232834,0.017123287671232876,0.9620989755176547,1884
double4,2,33,increasing,19620,20189,19891,19.619999999999997,20.189,19.891,19.904500000000002,0.5690000000000026,0.47627416520210897,-0.023725834797891032,0.023725834797891036,0.9914036804598639,1885
double4,2,34,decreasing,20189,20756,20479,20.189,20.756,20.479,20.4725,0.5670000000000002,0.5114638447971781,0.011463844797178102,0.01146384479717813,0.9726534174290187,1886
double4,2,35,increasing,20756,21335,21040,20.756,21.335,21.04,21.0455,0.5790000000000006,0.4905008635578584,-0.00949913644214162,0.009499136442141624,0.9765281686719689,1887
double4,2,36,decreasing,21335,21894,21616,21.335,21.894,21.616,21.6145,0.5589999999999975,0.5026833631484794,0.0026833631484793896,0.0026833631484794273,0.9748676171592267,1888
double4,2,37,increasing,21894,22471,22191,21.894,22.470999999999997,22.190999999999995,22.182499999999997,0.5769999999999982,0.5147313691507799,0.014731369150779883,0.014731369150779897,0.979035190011205,1889
double4,2,38,decreasing,22471,23040,22755,22.470999999999997,23.04,22.754999999999995,22.755499999999998,0.5690000000000026,0.4991212653778559,-0.0008787346221441061,0.0008787346221441124,0.9828134539959926,1890
double4,2,39,increasing,23040,23609,23328,23.04,23.609,23.327999999999996,23.324499999999997,0.5690000000000026,0.5061511423550088,0.0061511423550087985,0.006151142355008787,0.969685723184605,1891
double4,2,40,decreasing,23609,24180,23899,23.609,24.18,23.899,23.894499999999997,0.570999999999998,0.5078809106830122,0.007880910683012221,0.00788091068301226,0.9856347989941857,1892
double4,2,41,increasing,24180,24749,24449,24.18,24.748999999999995,24.448999999999998,24.464499999999997,0.5689999999999955,0.4727592267135325,-0.027240773286467512,0.027240773286467488,0.9747115753452998,1893
double4,2,42,decreasing,24749,25316,25030,24.748999999999995,25.315999999999995,25.03,25.0325,0.5670000000000002,0.49559082892416223,-0.00440917107583777,0.004409171075837742,0.9919399984887575,1894
double4,2,43,increasing,25316,25885,25595,25.315999999999995,25.884999999999998,25.595,25.6005,0.5690000000000026,0.4903339191564148,-0.009666080843585223,0.009666080843585237,0.9808127640904976,1895
double4,2,44,decreasing,25885,26451,26172,25.884999999999998,26.451,26.171999999999997,26.168,0.5660000000000025,0.5070671378091873,0.007067137809187329,0.007067137809187279,0.9833831540377657,1896
double4,2,45,increasing,26451,27022,26740,26.451,27.022,26.739999999999995,26.7365,0.570999999999998,0.5061295971978984,0.0061295971978984065,0.006129597197898424,0.9869724739914589,1897
double4,2,46,decreasing,27022,27589,27296,27.022,27.589,27.296,27.3055,0.5670000000000002,0.48324514991181655,-0.01675485008818345,0.01675485008818342,0.9844240799160345,1898
double4,2,47,increasing,27589,28152,27878,27.589,28.152,27.878,27.870499999999996,0.5630000000000024,0.5133214920071048,0.013321492007104752,0.013321492007104795,0.9662996451665243,1899
double4,2,48,decreasing,28152,28721,28448,28.152,28.720999999999997,28.448,28.4365,0.5689999999999955,0.5202108963093146,0.020210896309314608,0.020210896309314587,0.9810422654175931,1900
double4,2,49,increasing,28721,29288,29003,28.720999999999997,29.287999999999997,29.003,29.004499999999997,0.5670000000000002,0.4973544973544973,-0.002645502645502673,0.0026455026455026454,0.9699145167833729,1901
double4,2,50,decreasing,29288,29854,29566,29.287999999999997,29.854,29.565999999999995,29.570999999999998,0.5660000000000025,0.4911660777385159,-0.008833922261484106,0.0088339222614841,0.9874701512455539,1902
double4,2,51,increasing,29854,30420,30144,29.854,30.42,30.144,30.137,0.5660000000000025,0.5123674911660777,0.012367491166077715,0.012367491166077738,0.9655374760091836,1903
double4,2,52,decreasing,30420,30985,30707,30.42,30.985,30.707,30.702499999999997,0.5649999999999977,0.5079646017699115,0.007964601769911539,0.007964601769911504,0.9825693077238313,1904
double4,2,53,increasing,30985,31552,31268,30.985,31.552,31.268,31.2685,0.5670000000000002,0.4991181657848324,-0.0008818342151675762,0.0008818342151675485,0.9885179490284752,1905
double4,2,54,decreasing,31552,32117,31835,31.552,32.117,31.835,31.8345,0.5649999999999977,0.5008849557522124,0.0008849557522123686,0.0008849557522123894,0.986167285913576,1906
double4,2,55,increasing,32117,32682,32386,32.117,32.681999999999995,32.385999999999996,32.3995,0.5649999999999977,0.4761061946902655,-0.023893805309734506,0.023893805309734513,0.9786911191922825,1907
double4,2,56,decreasing,32682,33245,32965,32.681999999999995,33.245,32.964999999999996,32.963499999999996,0.5630000000000024,0.5026642984014209,0.002664298401420906,0.0026642984014209592,0.9767545680748708,1908
double4,2,57,increasing,33245,33808,33523,33.245,33.808,33.522999999999996,33.5265,0.5630000000000024,0.4937833037300178,-0.006216696269982225,0.006216696269982238,0.9588203209050867,1909
double4,2,58,decreasing,33808,34372,34096,33.808,34.372,34.096,34.089999999999996,0.5640000000000001,0.5106382978723404,0.010638297872340385,0.010638297872340425,0.9827168832875661,1910
double4,2,59,increasing,34372,34937,34665,34.372,34.937,34.665,34.6545,0.5649999999999977,0.5185840707964602,0.018584070796460184,0.018584070796460177,0.9648423511601096,1911
double4,2,60,decreasing,34937,35500,35211,34.937,35.5,35.211,35.2185,0.5630000000000024,0.4866785079928952,-0.013321492007104807,0.013321492007104795,0.9721201836317648,1912
double4,2,61,increasing,35500,36064,35765,35.5,36.064,35.765,35.782,0.5640000000000001,0.4698581560283688,-0.03014184397163122,0.030141843971631204,0.9648653056329696,1913
double4,2,62,decreasing,36064,36625,36341,36.064,36.625,36.341,36.3445,0.5609999999999999,0.49376114081996436,-0.0062388591800356386,0.006238859180035651,0.9859345893436499,1914
double4,2,63,increasing,36625,37187,36908,36.625,37.187,36.908,36.906,0.5619999999999976,0.50355871886121,0.003558718861209953,0.0035587188612099642,0.9938458442476023,1915
double4,2,64,decreasing,37187,37749,37450,37.187,37.748999999999995,37.449999999999996,37.467999999999996,0.5619999999999976,0.4679715302491103,-0.03202846975088969,0.03202846975088968,0.9749782240688308,1916
double4,2,65,increasing,37749,38312,38024,37.748999999999995,38.312,38.024,38.0305,0.5630000000000024,0.48845470692717585,-0.011545293072824148,0.011545293072824156,0.9867352122246323,1917
double4,2,66,decreasing,38312,38872,38595,38.312,38.872,38.595,38.592,0.5600000000000023,0.5053571428571428,0.005357142857142838,0.005357142857142857,0.9915077776498893,1918
double4,2,67,increasing,38872,39435,39150,38.872,39.434999999999995,39.15,39.153499999999994,0.5629999999999953,0.4937833037300178,-0.006216696269982225,0.006216696269982238,0.9831959626589091,1919
double4,2,68,decreasing,39435,39994,39707,39.434999999999995,39.994,39.707,39.7145,0.5590000000000046,0.4865831842576029,-0.013416815742397115,0.013416815742397137,0.9737994441800505,1920
double4,2,69,increasing,39994,40558,40273,39.994,40.558,40.272999999999996,40.275999999999996,0.5640000000000001,0.4946808510638298,-0.005319148936170193,0.005319148936170213,0.9863272599695506,1921
double4,2,70,decreasing,40558,41118,40834,40.558,41.118,40.833999999999996,40.838,0.5600000000000023,0.4928571428571429,-0.0071428571428571175,0.007142857142857143,0.9639202699264311,1922
double4,2,71,increasing,41118,41681,41393,41.118,41.681,41.393,41.3995,0.5629999999999953,0.48845470692717585,-0.011545293072824148,0.011545293072824156,0.9744023899780687,1923
double4,2,72,decreasing,41681,42239,41957,41.681,42.239,41.957,41.96,0.5579999999999998,0.4946236559139785,-0.005376344086021501,0.005376344086021506,0.9675253523024249,1924
double4,2,73,increasing,42239,42802,42526,42.239,42.802,42.525999999999996,42.5205,0.5630000000000024,0.5097690941385435,0.009769094138543544,0.009769094138543518,0.9823553032319519,1925
double4,2,74,decreasing,42802,43362,43085,42.802,43.362,43.085,43.082,0.5600000000000023,0.5053571428571428,0.005357142857142838,0.005357142857142857,0.9860811839724164,1926
double4,2,75,increasing,43362,43924,43640,43.362,43.924,43.64,43.643,0.5619999999999976,0.49466192170818507,-0.005338078291814929,0.005338078291814947,0.964025955896825,1927
double4,2,76,decreasing,43924,44482,44197,43.924,44.482,44.196999999999996,44.202999999999996,0.5579999999999998,0.489247311827957,-0.010752688172043001,0.010752688172043012,0.9868314244173257,1928
double4,2,77,increasing,44482,45043,44760,44.482,45.043,44.76,44.7625,0.5609999999999999,0.49554367201426025,-0.00445632798573975,0.004456327985739751,0.9663189367189007,1929
double4,2,78,decreasing,45043,45604,45318,45.043,45.604,45.318,45.323499999999996,0.5609999999999999,0.49019607843137253,-0.009803921568627472,0.00980392156862745,0.9883152475675475,1930
double4,2,79,increasing,45604,46162,45895,45.604,46.162,45.894999999999996,45.882999999999996,0.5579999999999998,0.521505376344086,0.021505376344086002,0.021505376344086023,0.9711986401703387,1931
double4,2,80,decreasing,46162,46722,46437,46.162,46.722,46.437,46.442,0.5600000000000023,0.49107142857142855,-0.008928571428571452,0.008928571428571428,0.9816731578494634,1932
double4,2,81,increasing,46722,47281,46992,46.722,47.281,46.992,47.00149999999999,0.5589999999999975,0.48300536672629696,-0.01699463327370304,0.01699463327370304,0.98460879496292,1933
double4,2,82,decreasing,47281,47841,47554,47.281,47.841,47.554,47.561,0.5600000000000023,0.4875,-0.012500000000000011,0.0125,0.9819479136274947,1934
double4,2,83,increasing,47841,48399,48114,47.841,48.399,48.114,48.12,0.5579999999999998,0.489247311827957,-0.010752688172043001,0.010752688172043012,0.9722118365447786,1935
double4,2,84,decreasing,48399,48959,48676,48.399,48.958999999999996,48.676,48.679,0.5599999999999952,0.49464285714285716,-0.005357142857142838,0.005357142857142857,0.9941942019907124,1936
double4,2,85,increasing,48959,49517,49248,48.958999999999996,49.516999999999996,49.248,49.238,0.5579999999999998,0.517921146953405,0.017921146953404965,0.017921146953405017,0.990095925697902,1937
double4,2,86,decreasing,49517,50076,49785,49.516999999999996,50.076,49.785,49.796499999999995,0.5590000000000046,0.47942754919499103,-0.02057245080500897,0.020572450805008944,0.9777958643651249,1938
double4,2,87,increasing,50076,50634,50357,50.076,50.634,50.357,50.355,0.5579999999999998,0.503584229390681,0.0035842293906810374,0.0035842293906810036,0.9687641290371122,1939
double4,2,88,decreasing,50634,51190,50903,50.634,51.19,50.903,50.912,0.5559999999999974,0.48381294964028776,-0.01618705035971224,0.01618705035971223,0.9875649847014766,1940
double4,2,89,increasing,51190,51750,51475,51.19,51.75,51.475,51.47,0.5600000000000023,0.5089285714285714,0.008928571428571397,0.008928571428571428,0.9795498743887385,1941
double4,2,90,decreasing,51750,52308,52022,51.75,52.308,52.022,52.028999999999996,0.5579999999999998,0.4874551971326165,-0.01254480286738352,0.012544802867383513,0.9795197951676761,1942
double4,2,91,increasing,52308,52866,52591,52.308,52.866,52.591,52.586999999999996,0.5579999999999998,0.507168458781362,0.007168458781361964,0.007168458781362007,0.9703546094825406,1943
double4,2,92,decreasing,52866,53424,53141,52.866,53.424,53.141,53.144999999999996,0.5579999999999998,0.492831541218638,-0.007168458781362019,0.007168458781362007,0.9901644788355601,1944
double4,2,93,increasing,53424,53983,53711,53.424,53.983,53.711,53.7035,0.5589999999999975,0.5134168157423972,0.01341681574239717,0.013416815742397137,0.9808474622560615,1945
double4,2,94,decreasing,53983,54538,54259,53.983,54.538000000000004,54.25899999999999,54.2605,0.5550000000000068,0.4972972972972973,-0.002702702702702675,0.002702702702702703,0.9744889727695377,1946
double4,2,95,increasing,54538,55096,54823,54.538000000000004,55.096,54.823,54.817,0.5579999999999927,0.510752688172043,0.010752688172043001,0.010752688172043012,0.9723204311019341,1947
double4,2,96,decreasing,55096,55653,55386,55.096,55.653,55.386,55.3745,0.5570000000000022,0.5206463195691203,0.02064631956912033,0.02064631956912029,0.9857897676590881,1948
double4,2,97,increasing,55653,56210,55928,55.653,56.21,55.928000000000004,55.9315,0.5570000000000022,0.49371633752244165,-0.006283662477558349,0.0062836624775583485,0.9806078021674584,1949
double4,2,98,decreasing,56210,56768,56496,56.21,56.767999999999994,56.496,56.489,0.5579999999999927,0.5125448028673835,0.012544802867383464,0.012544802867383513,0.9722514423373348,1950
double4,2,99,increasing,56768,57325,57045,56.767999999999994,57.324999999999996,57.044999999999995,57.0465,0.5570000000000022,0.49730700179533216,-0.0026929982046678402,0.0026929982046678637,0.9762170164762859,1951
double4,2,100,decreasing,57325,57882,57607,57.324999999999996,57.882,57.60699999999999,57.6035,0.5570000000000022,0.5062836624775583,0.006283662477558294,0.0062836624775583485,0.9860506632408791,1952
double4,2,101,increasing,57882,58440,58150,57.882,58.440000000000005,58.15,58.160999999999994,0.5580000000000069,0.48028673835125446,-0.01971326164874554,0.01971326164874552,0.9669162261360476,1953
double4,2,102,decreasing,58440,58995,58705,58.440000000000005,58.995,58.705000000000005,58.7175,0.5549999999999926,0.4774774774774775,-0.022522522522522515,0.02252252252252252,0.9825678793144478,1954
double4,2,103,increasing,58995,59551,59279,58.995,59.550999999999995,59.279,59.273,0.5559999999999974,0.5107913669064749,0.010791366906474864,0.01079136690647482,0.9799438874583963,1955
double4,2,104,decreasing,59551,60108,59824,59.550999999999995,60.108,59.824000000000005,59.8295,0.5570000000000022,0.49012567324955114,-0.009874326750448859,0.009874326750448833,0.9775668951996506,1956
double4,2,105,increasing,60108,60664,60378,60.108,60.663999999999994,60.37799999999999,60.386,0.5559999999999974,0.4856115107913669,-0.014388489208633115,0.014388489208633094,0.9655068034106732,1957
double4,2,106,decreasing,60664,61219,60945,60.663999999999994,61.219,60.945,60.9415,0.5550000000000068,0.5063063063063064,0.006306306306306353,0.006306306306306306,0.9835065029550061,1958
double4,2,107,increasing,61219,61776,61492,61.219,61.776,61.492,61.497499999999995,0.5570000000000022,0.49012567324955114,-0.009874326750448859,0.009874326750448833,0.9761533478232559,1959
double4,2,108,decreasing,61776,62333,62059,61.776,62.333000000000006,62.059000000000005,62.0545,0.5570000000000022,0.5080789946140036,0.008078994614003632,0.00807899461400359,0.9833125647949514,1960
double4,2,109,increasing,62333,62887,62611,62.333000000000006,62.88699999999999,62.611,62.60999999999999,0.5539999999999878,0.5018050541516246,0.0018050541516245744,0.0018050541516245488,0.9730671734044747,1961
double4,2,110,decreasing,62887,63444,63152,62.88699999999999,63.443999999999996,63.151999999999994,63.1655,0.5570000000000022,0.4757630161579892,-0.024236983842010784,0.02423698384201077,0.97831377693663,1962
double4,2,111,increasing,63444,63998,63721,63.443999999999996,63.998,63.721,63.721,0.554000000000002,0.5,0.0,0.0,1.0,1963
double4,2,112,decreasing,63998,64554,64282,63.998,64.554,64.28200000000001,64.27600000000001,0.5560000000000045,0.5107913669064749,0.010791366906474864,0.01079136690647482,0.9748447371450144,1964
double4,2,113,increasing,64554,65111,64840,64.554,65.111,64.84,64.83250000000001,0.5570000000000022,0.5134649910233393,0.013464991023339312,0.013464991023339317,0.9842648957032052,1965
double4,2,114,decreasing,65111,65667,65393,65.111,65.667,65.393,65.38900000000001,0.5559999999999974,0.5071942446043165,0.007194244604316502,0.007194244604316547,0.9980827662830424,1966
double4,2,115,increasing,65667,66220,65943,65.667,66.22000000000001,65.94300000000001,65.9435,0.5530000000000115,0.49909584086799275,-0.000904159132007254,0.0009041591320072332,0.9883804307308316,1967
double4,2,116,decreasing,66220,66776,66502,66.22000000000001,66.77600000000001,66.50200000000001,66.498,0.5559999999999974,0.5071942446043165,0.007194244604316502,0.007194244604316547,0.9964673997590808,1968
double4,2,117,increasing,66776,67331,67068,66.77600000000001,67.331,67.06800000000001,67.05350000000001,0.5549999999999926,0.5261261261261261,0.02612612612612608,0.026126126126126126,0.9772788874223054,1969
double4,2,118,decreasing,67331,67885,67598,67.331,67.885,67.59800000000001,67.608,0.554000000000002,0.48194945848375453,-0.018050541516245466,0.018050541516245487,0.9844936042683127,1970
double4,2,119,increasing,67885,68441,68166,67.885,68.441,68.16600000000001,68.16300000000001,0.5559999999999974,0.5053956834532374,0.0053956834532373765,0.00539568345323741,0.9828117214880695,1971
double4,2,120,decreasing,68441,68994,68718,68.441,68.994,68.718,68.7175,0.5529999999999973,0.5009041591320073,0.000904159132007254,0.0009041591320072332,0.9832046678335606,1972
double4,2,121,increasing,68994,69550,69280,68.994,69.55000000000001,69.28,69.272,0.5560000000000116,0.5143884892086331,0.014388489208633115,0.014388489208633094,0.9826091125395646,1973
double4,2,122,decreasing,69550,70104,69823,69.55000000000001,70.10400000000001,69.82300000000001,69.82700000000001,0.554000000000002,0.4927797833935018,-0.0072202166064981865,0.007220216606498195,0.9708384836466839,1974
double4,2,123,increasing,70104,70660,70388,70.10400000000001,70.66000000000001,70.388,70.382,0.5559999999999974,0.5107913669064749,0.010791366906474864,0.01079136690647482,0.9629148773342175,1975
double4,2,124,decreasing,70660,71214,70937,70.66000000000001,71.21400000000001,70.93700000000001,70.93700000000001,0.554000000000002,0.5,0.0,0.0,1.0,1976
double4,2,125,increasing,71214,71769,71495,71.21400000000001,71.769,71.495,71.4915,0.5549999999999926,0.5063063063063064,0.006306306306306353,0.006306306306306306,0.9779704924470528,1977
double4,2,126,decreasing,71769,72324,72037,71.769,72.32400000000001,72.037,72.04650000000001,0.5550000000000068,0.4828828828828829,-0.01711711711711711,0.017117117117117116,0.9822040201836837,1978
double4,2,127,increasing,72324,72878,72599,72.32400000000001,72.878,72.599,72.60100000000001,0.5539999999999878,0.4963898916967509,-0.0036101083032490933,0.0036101083032490976,0.9957386936681514,1979
double4,2,128,decreasing,72878,73434,73155,72.878,73.43400000000001,73.155,73.156,0.5560000000000116,0.4982014388489209,-0.0017985611510791255,0.0017985611510791368,0.9951193467631445,1980
double4,2,129,increasing,73434,73987,73712,73.43400000000001,73.98700000000001,73.712,73.71050000000001,0.5529999999999973,0.5027124773960217,0.002712477396021651,0.0027124773960217,0.9806208938818313,1981
double4,2,130,decreasing,73987,74542,74250,73.98700000000001,74.542,74.25,74.2645,0.5549999999999926,0.47387387387387386,-0.026126126126126137,0.026126126126126126,0.9846642678981951,1982
double4,2,131,increasing,74542,75096,74820,74.542,75.096,74.82000000000001,74.819,0.554000000000002,0.5018050541516246,0.0018050541516245744,0.0018050541516245488,0.9660645997627153,1983
double4,2,132,decreasing,75096,75647,75365,75.096,75.647,75.36500000000001,75.3715,0.5510000000000019,0.4882032667876588,-0.011796733212341204,0.011796733212341199,0.9830044130123439,1984
double4,2,133,increasing,75647,76203,75928,75.647,76.203,75.92800000000001,75.92500000000001,0.5559999999999974,0.5053956834532374,0.0053956834532373765,0.00539568345323741,0.9690743191147464,1985
double4,2,134,decreasing,76203,76756,76475,76.203,76.756,76.47500000000001,76.4795,0.5529999999999973,0.4918625678119349,-0.008137432188065119,0.0081374321880651,0.9784298859147925,1986
double4,2,135,increasing,76756,77311,77019,76.756,77.311,77.019,77.0335,0.5550000000000068,0.47387387387387386,-0.026126126126126137,0.026126126126126126,0.9784854548656741,1987
double4,2,136,decreasing,77311,77864,77590,77.311,77.864,77.59,77.5875,0.5529999999999973,0.5045207956600362,0.004520795660036159,0.0045207956600361665,0.986506657603108,1988
double4,2,137,increasing,77864,78418,78147,77.864,78.418,78.147,78.141,0.554000000000002,0.5108303249097473,0.010830324909747335,0.010830324909747292,0.9815953619813701,1989
double4,2,138,decreasing,78418,78973,78700,78.418,78.97300000000001,78.7,78.69550000000001,0.5550000000000068,0.5081081081081081,0.008108108108108136,0.008108108108108109,0.9871336636913804,1990
double4,2,139,increasing,78973,79526,79241,78.97300000000001,79.52600000000001,79.241,79.24950000000001,0.5529999999999973,0.484629294755877,-0.015370705244122984,0.015370705244122965,0.9804169659857779,1991
double4,2,140,decreasing,79526,80079,79797,79.52600000000001,80.07900000000001,79.79700000000001,79.80250000000001,0.5529999999999973,0.49005424954792043,-0.009945750452079571,0.009945750452079566,0.9841323277320326,1992
double4,2,141,increasing,80079,80632,80356,80.07900000000001,80.632,80.35600000000001,80.3555,0.5529999999999973,0.5009041591320073,0.000904159132007254,0.0009041591320072332,0.9929508284647,1993
double4,2,142,decreasing,80632,81185,80912,80.632,81.185,80.912,80.9085,0.5529999999999973,0.5063291139240507,0.006329113924050667,0.006329113924050633,0.9765397429063638,1994
double4,2,143,increasing,81185,81741,81463,81.185,81.741,81.46300000000001,81.46300000000001,0.5559999999999974,0.5,0.0,0.0,1.0,1995
double4,2,144,decreasing,81741,82291,82013,81.741,82.29100000000001,82.013,82.016,0.5500000000000114,0.49454545454545457,-0.005454545454545434,0.005454545454545455,0.9860015455626927,1996
double4,2,145,increasing,82291,82846,82567,82.29100000000001,82.846,82.56700000000001,82.5685,0.5549999999999926,0.4972972972972973,-0.002702702702702675,0.002702702702702703,0.9807089294502601,1997
double4,2,146,decreasing,82846,83399,83117,82.846,83.399,83.117,83.1225,0.5529999999999973,0.49005424954792043,-0.009945750452079571,0.009945750452079566,0.9884443154844923,1998
double4,2,147,increasing,83399,83953,83665,83.399,83.953,83.665,83.676,0.554000000000002,0.48014440433212996,-0.01985559566787004,0.019855595667870037,0.9829805170938912,1999
double4,2,148,decreasing,83953,84505,84240,83.953,84.50500000000001,84.24000000000001,84.22900000000001,0.5520000000000067,0.519927536231884,0.019927536231884035,0.019927536231884056,0.9873387297890907,2000
double4,2,149,increasing,84505,85058,84803,84.50500000000001,85.058,84.80300000000001,84.78150000000001,0.5529999999999973,0.538878842676311,0.03887884267631103,0.03887884267631103,0.9805982951975044,2001
double4,2,150,decreasing,85058,85611,85329,85.058,85.611,85.32900000000001,85.3345,0.5529999999999973,0.49005424954792043,-0.009945750452079571,0.009945750452079566,0.9880928842914616,2002
double4,2,151,increasing,85611,86165,85888,85.611,86.165,85.888,85.888,0.554000000000002,0.5,0.0,0.0,1.0,2003
double4,2,152,decreasing,86165,86718,86435,86.165,86.718,86.435,86.4415,0.5529999999999973,0.488245931283906,-0.011754068716094024,0.011754068716094032,0.979742138706341,2004
double4,2,153,increasing,86718,87270,86976,86.718,87.27000000000001,86.97600000000001,86.994,0.5520000000000067,0.4673913043478261,-0.03260869565217389,0.03260869565217391,0.9832860099190234,2005
double4,2,154,decreasing,87270,87825,87534,87.27000000000001,87.825,87.534,87.54750000000001,0.5549999999999926,0.4756756756756757,-0.024324324324324298,0.024324324324324326,0.9819498741515605,2006
double4,2,155,increasing,87825,88376,88097,87.825,88.376,88.09700000000001,88.10050000000001,0.5510000000000019,0.49364791288566245,-0.006352087114337546,0.006352087114337568,0.9785782224268389,2007
double4,2,156,decreasing,88376,88928,88655,88.376,88.92800000000001,88.655,88.652,0.5520000000000067,0.5054347826086957,0.005434782608695676,0.005434782608695652,0.9910473622817207,2008
double4,2,157,increasing,88928,89481,89202,88.92800000000001,89.48100000000001,89.20200000000001,89.20450000000001,0.5529999999999973,0.49547920433996384,-0.004520795660036159,0.0045207956600361665,0.9833167627853785,2009
double4,2,158,decreasing,89481,90034,89754,89.48100000000001,90.034,89.754,89.75750000000001,0.5529999999999973,0.4936708860759494,-0.006329113924050611,0.006329113924050633,0.9896385936846653,2010
double4,2,159,increasing,90034,90587,90314,90.034,90.587,90.31400000000001,90.3105,0.5529999999999973,0.5063291139240507,0.006329113924050667,0.006329113924050633,0.9935950910214516,2011
double4,2,160,decreasing,90587,91138,90869,90.587,91.138,90.869,90.86250000000001,0.5510000000000019,0.5117967332123412,0.011796733212341204,0.011796733212341199,0.9846889099414081,2012
double4,2,161,increasing,91138,91692,91419,91.138,91.69200000000001,91.41900000000001,91.415,0.554000000000002,0.5072202166064982,0.0072202166064981865,0.007220216606498195,0.9884355339443373,2013
double4,2,162,decreasing,91692,92244,91957,91.69200000000001,92.24400000000001,91.95700000000001,91.968,0.5520000000000067,0.48007246376811596,-0.019927536231884035,0.019927536231884056,0.9836781668254576,2014
double4,2,163,increasing,92244,92796,92522,92.24400000000001,92.796,92.522,92.52000000000001,0.5519999999999925,0.5036231884057971,0.0036231884057971175,0.0036231884057971015,0.9745335695205406,2015
double4,2,164,decreasing,92796,93348,93093,92.796,93.34800000000001,93.093,93.072,0.5520000000000067,0.5380434782608695,0.03804347826086951,0.03804347826086957,0.9952709120064542,2016
double4,2,165,increasing,93348,93901,93630,93.34800000000001,93.90100000000001,93.63000000000001,93.62450000000001,0.5529999999999973,0.5099457504520796,0.009945750452079571,0.009945750452079566,0.9759101054815983,2017
double4,2,166,decreasing,93901,94455,94181,93.90100000000001,94.45500000000001,94.18100000000001,94.17800000000001,0.554000000000002,0.5054151624548736,0.005415162454873612,0.005415162454873646,0.9940816958109016,2018
double4,2,167,increasing,94455,95005,94727,94.45500000000001,95.00500000000001,94.727,94.73,0.5499999999999972,0.49454545454545457,-0.005454545454545434,0.005454545454545455,0.993656395246232,2019
double4,2,168,decreasing,95005,95556,95282,95.00500000000001,95.55600000000001,95.28200000000001,95.2805,0.5510000000000019,0.5027223230490018,0.0027223230490017736,0.0027223230490018148,0.9764529854017296,2020
double4,2,169,increasing,95556,96110,95836,95.55600000000001,96.11000000000001,95.83600000000001,95.83300000000001,0.554000000000002,0.5054151624548736,0.005415162454873612,0.005415162454873646,0.9733827750665272,2021
double4,2,170,decreasing,96110,96661,96378,96.11000000000001,96.661,96.378,96.38550000000001,0.5509999999999877,0.4863883847549909,-0.01361161524500909,0.013611615245009074,0.9883515334377678,2022
double4,2,171,increasing,96661,97214,96948,96.661,97.21400000000001,96.94800000000001,96.9375,0.5530000000000115,0.5189873417721519,0.01898734177215189,0.0189873417721519,0.9801350127390488,2023
double4,2,172,decreasing,97214,97766,97491,97.21400000000001,97.766,97.49100000000001,97.49000000000001,0.5519999999999925,0.5018115942028986,0.0018115942028985588,0.0018115942028985507,0.9952429058694585,2024
double4,2,173,increasing,97766,98319,98052,97.766,98.319,98.052,98.0425,0.5529999999999973,0.5171790235081374,0.01717902350813738,0.017179023508137433,0.979639941614071,2025
double4,2,174,decreasing,98319,98871,98603,98.319,98.87100000000001,98.60300000000001,98.59500000000001,0.5520000000000067,0.5144927536231884,0.01449275362318836,0.014492753623188406,0.994794222665505,2026
double4,2,175,increasing,98871,99424,99143,98.87100000000001,99.424,99.143,99.14750000000001,0.5529999999999973,0.4918625678119349,-0.008137432188065119,0.0081374321880651,0.995268948800501,2027
double4,2,176,decreasing,99424,99975,99707,99.424,99.97500000000001,99.70700000000001,99.6995,0.5510000000000019,0.5136116152450091,0.01361161524500909,0.013611615245009074,0.9929624182727554,2028
double4,2,177,increasing,99975,100526,100257,99.97500000000001,100.52600000000001,100.257,100.2505,0.5510000000000019,0.5117967332123412,0.011796733212341204,0.011796733212341199,0.9765267976480995,2029
double4,2,178,decreasing,100526,101078,100797,100.52600000000001,101.078,100.79700000000001,100.802,0.5519999999999925,0.49094202898550726,-0.009057971014492738,0.009057971014492754,0.9914286301137049,2030
double4,2,179,increasing,101078,101631,101370,101.078,101.631,101.37,101.3545,0.5529999999999973,0.5280289330922242,0.028028933092224206,0.02802893309222423,0.983177305566645,2031
double4,2,180,decreasing,101631,102181,101909,101.631,102.18100000000001,101.909,101.906,0.5500000000000114,0.5054545454545455,0.00545454545454549,0.005454545454545455,0.9863330400068294,2032
double4,2,181,increasing,102181,102734,102451,102.18100000000001,102.73400000000001,102.45100000000001,102.45750000000001,0.5529999999999973,0.488245931283906,-0.011754068716094024,0.011754068716094032,0.9786958797125526,2033
double4,2,182,decreasing,102734,103284,103028,102.73400000000001,103.284,103.028,103.009,0.5499999999999972,0.5345454545454545,0.034545454545454546,0.034545454545454546,0.9825530941786381,2034
double4,2,183,increasing,103284,103837,103570,103.284,103.837,103.57000000000001,103.5605,0.5529999999999973,0.5171790235081374,0.01717902350813738,0.017179023508137433,0.9904378463481798,2035
double4,2,184,decreasing,103837,104389,104106,103.837,104.38900000000001,104.10600000000001,104.11300000000001,0.5520000000000067,0.48731884057971014,-0.012681159420289856,0.012681159420289856,0.9761294510496905,2036
double4,2,185,increasing,104389,104940,104660,104.38900000000001,104.94000000000001,104.66000000000001,104.6645,0.5510000000000019,0.49183303085299457,-0.008166969147005432,0.008166969147005444,0.9975208364739274,2037
double4,2,186,decreasing,104940,105491,105213,104.94000000000001,105.49100000000001,105.21300000000001,105.2155,0.5510000000000019,0.4954627949183303,-0.004537205081669715,0.004537205081669692,0.985245372815899,2038
double4,2,187,increasing,105491,106042,105759,105.49100000000001,106.042,105.759,105.76650000000001,0.5509999999999877,0.4863883847549909,-0.01361161524500909,0.013611615245009074,0.9827152677881053,2039
double4,2,188,decreasing,106042,106595,106326,106.042,106.59500000000001,106.32600000000001,106.3185,0.5530000000000115,0.5135623869801085,0.013562386980108476,0.013562386980108499,0.9809632789374007,2040
double4,2,189,increasing,106595,107147,106876,106.59500000000001,107.147,106.876,106.87100000000001,0.5519999999999925,0.5090579710144928,0.009057971014492794,0.009057971014492754,0.9938200353962259,2041
double4,2,190,decreasing,107147,107697,107425,107.147,107.697,107.42500000000001,107.42200000000001,0.5499999999999972,0.5054545454545455,0.00545454545454549,0.005454545454545455,0.979598108645552,2042
double4,2,191,increasing,107697,108249,107970,107.697,108.24900000000001,107.97000000000001,107.97300000000001,0.5520000000000067,0.4945652173913043,-0.005434782608695676,0.005434782608695652,0.9918861721818982,2043
double4,2,192,decreasing,108249,108799,108532,108.24900000000001,108.799,108.53200000000001,108.524,0.5499999999999972,0.5145454545454545,0.014545454545454528,0.014545454545454545,0.9672228837840338,2044
double4,2,193,increasing,108799,109351,109079,108.799,109.35100000000001,109.07900000000001,109.075,0.5520000000000067,0.5072463768115942,0.007246376811594235,0.007246376811594203,0.9805905971147391,2045
double4,2,194,decreasing,109351,109904,109635,109.35100000000001,109.90400000000001,109.635,109.62750000000001,0.5529999999999973,0.5135623869801085,0.013562386980108476,0.013562386980108499,0.9752117927400729,2046
double4,2,195,increasing,109904,110454,110182,109.90400000000001,110.45400000000001,110.182,110.179,0.5499999999999972,0.5054545454545455,0.00545454545454549,0.005454545454545455,0.9687776274379033,2047
double4,2,196,decreasing,110454,111006,110721,110.45400000000001,111.006,110.721,110.73,0.5519999999999925,0.483695652173913,-0.016304347826086973,0.016304347826086956,0.9711027446135351,2048
double4,2,197,increasing,111006,111555,111280,111.006,111.555,111.28,111.2805,0.5490000000000066,0.4990892531876138,-0.0009107468123861762,0.0009107468123861566,0.9898957184886319,2049
double4,2,198,decreasing,111555,112107,111841,111.555,112.10700000000001,111.84100000000001,111.831,0.5520000000000067,0.5181159420289855,0.018115942028985477,0.018115942028985508,0.9859059670637614,2050
double4,2,199,increasing,112107,112659,112388,112.10700000000001,112.659,112.388,112.38300000000001,0.5519999999999925,0.5090579710144928,0.009057971014492794,0.009057971014492754,0.9923344063103487,2051
double4,2,200,decreasing,112659,113213,112937,112.659,113.21300000000001,112.93700000000001,112.936,0.554000000000002,0.5018050541516246,0.0018050541516245744,0.0018050541516245488,0.9847882807806966,2052
double4,2,201,increasing,113213,113763,113490,113.21300000000001,113.763,113.49000000000001,113.48800000000001,0.5499999999999972,0.5036363636363637,0.0036363636363636598,0.0036363636363636364,0.9845634948528068,2053
double4,2,202,decreasing,113763,114313,114042,113.763,114.313,114.042,114.03800000000001,0.5499999999999972,0.5072727272727273,0.0072727272727273196,0.007272727272727273,0.9774647155170285,2054
double4,2,203,increasing,114313,114865,114586,114.313,114.86500000000001,114.58600000000001,114.58900000000001,0.5520000000000067,0.4945652173913043,-0.005434782608695676,0.005434782608695652,0.9863940711833719,2055
double4,2,204,decreasing,114865,115414,115144,114.86500000000001,115.414,115.144,115.1395,0.5489999999999924,0.5081967213114754,0.008196721311475419,0.00819672131147541,0.9836696154681046,2056
double4,2,205,increasing,115414,115964,115682,115.414,115.96400000000001,115.682,115.68900000000001,0.5500000000000114,0.48727272727272725,-0.012727272727272754,0.012727272727272728,0.9810918628979564,2057
double4,2,206,decreasing,115964,116519,116251,115.96400000000001,116.519,116.251,116.2415,0.5549999999999926,0.5171171171171172,0.017117117117117164,0.017117117117117116,0.9722960641309196,2058
double4,2,207,increasing,116519,117067,116799,116.519,117.06700000000001,116.799,116.793,0.5480000000000018,0.5109489051094891,0.010948905109489093,0.010948905109489052,0.9943816927095975,2059
double4,2,208,decreasing,117067,117619,117332,117.06700000000001,117.61900000000001,117.33200000000001,117.343,0.5520000000000067,0.48007246376811596,-0.019927536231884035,0.019927536231884056,0.9757809515688705,2060
double4,2,209,increasing,117619,118170,117907,117.61900000000001,118.17000000000002,117.90700000000001,117.89450000000001,0.5510000000000019,0.5226860254083484,0.02268602540834841,0.022686025408348458,0.9946520943757615,2061
double4,2,210,decreasing,118170,118722,118442,118.17000000000002,118.72200000000001,118.44200000000001,118.446,0.5519999999999925,0.4927536231884058,-0.00724637681159418,0.007246376811594203,0.9765952578684549,2062
double4,2,211,increasing,118722,119272,118996,118.72200000000001,119.27200000000002,118.99600000000001,118.99700000000001,0.5500000000000114,0.49818181818181817,-0.0018181818181818299,0.0018181818181818182,0.9696940840572473,2063
double4,2,212,decreasing,119272,119824,119553,119.27200000000002,119.82400000000001,119.553,119.548,0.5519999999999925,0.5090579710144928,0.009057971014492794,0.009057971014492754,0.9724150835849523,2064
double4,2,213,increasing,119824,120373,120112,119.82400000000001,120.37300000000002,120.112,120.09850000000002,0.5490000000000066,0.5245901639344263,0.024590163934426257,0.02459016393442623,0.9913669140933318,2065
double4,2,214,decreasing,120373,120923,120653,120.37300000000002,120.923,120.65300000000002,120.648,0.549999999999983,0.509090909090909,0.009090909090909038,0.00909090909090909,0.985106288135225,2066
double4,2,215,increasing,120923,121477,121199,120.923,121.477,121.19900000000001,121.20000000000002,0.554000000000002,0.4981949458483754,-0.0018050541516245744,0.0018050541516245488,0.998814587231332,2067
double4,2,216,decreasing,121477,122025,121756,121.477,122.025,121.756,121.751,0.5480000000000018,0.5091240875912408,0.009124087591240837,0.009124087591240875,0.9867083887151804,2068
double4,2,217,increasing,122025,122576,122301,122.025,122.576,122.30100000000002,122.30050000000001,0.5509999999999877,0.5009074410163339,0.0009074410163338875,0.0009074410163339383,0.9979176438529924,2069
double4,2,218,decreasing,122576,123129,122858,122.576,123.12900000000002,122.858,122.8525,0.5530000000000257,0.5099457504520796,0.009945750452079571,0.009945750452079566,0.9867244795046651,2070
double4,2,219,increasing,123129,123678,123411,123.12900000000002,123.678,123.411,123.40350000000001,0.5489999999999782,0.5136612021857924,0.013661202185792365,0.01366120218579235,0.9905520613939501,2071
double4,2,220,decreasing,123678,124231,123960,123.678,124.231,123.96000000000001,123.95450000000001,0.5529999999999973,0.5099457504520796,0.009945750452079571,0.009945750452079566,0.9808857651865934,2072
double4,2,221,increasing,124231,124778,124514,124.231,124.77800000000002,124.51400000000001,124.50450000000001,0.5470000000000255,0.5173674588665448,0.017367458866544783,0.01736745886654479,0.9852623612525533,2073
double4,2,222,decreasing,124778,125329,125051,124.77800000000002,125.32900000000001,125.05100000000002,125.0535,0.5509999999999877,0.4954627949183303,-0.004537205081669715,0.004537205081669692,0.9839521650749155,2074
double4,2,223,increasing,125329,125878,125598,125.32900000000001,125.87800000000001,125.59800000000001,125.60350000000001,0.5490000000000066,0.4899817850637523,-0.010018214936247716,0.010018214936247723,0.9792489885311962,2075
double4,2,224,decreasing,125878,126429,126162,125.87800000000001,126.429,126.162,126.15350000000001,0.5509999999999877,0.515426497277677,0.015426497277676976,0.015426497277676952,0.9897088218992774,2076
double4,2,225,increasing,126429,126980,126699,126.429,126.98000000000002,126.69900000000001,126.70450000000001,0.5510000000000161,0.4900181488203267,-0.009981851179673318,0.009981851179673321,0.9784790637405414,2077
double4,2,226,decreasing,126980,127531,127264,126.98000000000002,127.531,127.26400000000001,127.2555,0.5509999999999877,0.515426497277677,0.015426497277676976,0.015426497277676952,0.9929000017810691,2078
double4,2,227,increasing,127531,128079,127817,127.531,128.079,127.81700000000001,127.805,0.5480000000000018,0.5218978102189781,0.021897810218978075,0.021897810218978103,0.985313523831316,2079
double4,2,228,decreasing,128079,128632,128377,128.079,128.632,128.377,128.3555,0.5529999999999973,0.538878842676311,0.03887884267631103,0.03887884267631103,0.9780362849978099,2080
double4,2,229,increasing,128632,129183,128909,128.632,129.18300000000002,128.90900000000002,128.90750000000003,0.5510000000000161,0.5027223230490018,0.0027223230490017736,0.0027223230490018148,0.9944669090474189,2081
double4,2,230,decreasing,129183,129731,129459,129.18300000000002,129.731,129.459,129.457,0.5479999999999734,0.5036496350364964,0.0036496350364964014,0.0036496350364963502,0.9811633637564569,2082
double4,2,231,increasing,129731,130283,130020,129.731,130.28300000000002,130.02,130.007,0.5520000000000209,0.5235507246376812,0.023550724637681153,0.02355072463768116,0.9995725359709333,2083
double4,2,232,decreasing,130283,130833,130560,130.28300000000002,130.833,130.56,130.55800000000002,0.549999999999983,0.5036363636363637,0.0036363636363636598,0.0036363636363636364,0.9762564322148383,2084
double4,2,233,increasing,130833,131383,131108,130.833,131.383,131.108,131.108,0.5500000000000114,0.5,0.0,0.0,1.0,2085
double4,2,234,decreasing,131383,131933,131666,131.383,131.93300000000002,131.666,131.65800000000002,0.5500000000000114,0.5145454545454545,0.014545454545454528,0.014545454545454545,0.9743787468497342,2086
double4,2,235,increasing,131933,132487,132222,131.93300000000002,132.487,132.222,132.21,0.5539999999999736,0.5216606498194946,0.02166064981949456,0.021660649819494584,0.9946513688184159,2087
double4,2,236,decreasing,132487,133037,132766,132.487,133.037,132.76600000000002,132.762,0.5500000000000114,0.5072727272727273,0.0072727272727273196,0.007272727272727273,0.9743187661089752,2088
double4,2,237,increasing,133037,133584,133300,133.037,133.584,133.3,133.3105,0.546999999999997,0.48080438756855576,-0.019195612431444242,0.019195612431444242,0.9859877050709479,2089
double4,2,238,decreasing,133584,134136,133867,133.584,134.136,133.86700000000002,133.86,0.5519999999999925,0.5126811594202898,0.0126811594202898,0.012681159420289856,0.969941235302128,2090
double4,2,239,increasing,134136,134684,134415,134.136,134.684,134.41500000000002,134.41,0.5480000000000018,0.5091240875912408,0.009124087591240837,0.009124087591240875,0.9806023358548392,2091
double4,2,240,decreasing,134684,135233,134968,134.684,135.233,134.96800000000002,134.95850000000002,0.5490000000000066,0.517304189435337,0.01730418943533696,0.017304189435336976,0.9848775976068854,2092
double4,2,241,increasing,135233,135784,135516,135.233,135.78400000000002,135.51600000000002,135.50850000000003,0.5510000000000161,0.5136116152450091,0.01361161524500909,0.013611615245009074,0.9687000823400109,2093
double4,2,242,decreasing,135784,136336,136069,135.78400000000002,136.336,136.06900000000002,136.06,0.5519999999999925,0.5163043478260869,0.016304347826086918,0.016304347826086956,0.9833673197380143,2094
double4,2,243,increasing,136336,136881,136616,136.336,136.881,136.616,136.6085,0.5449999999999875,0.5137614678899083,0.013761467889908285,0.013761467889908258,0.963413698239178,2095
double4,2,244,decreasing,136881,137428,137185,136.881,137.428,137.185,137.15449999999998,0.546999999999997,0.5557586837294333,0.05575868372943327,0.055758683729433274,0.9848774785553822,2096
double4,2,245,increasing,137428,137981,137714,137.428,137.981,137.714,137.7045,0.5529999999999973,0.5171790235081374,0.01717902350813738,0.017179023508137433,0.9702852017156114,2097
double4,2,246,decreasing,137981,138532,138289,137.981,138.532,138.28900000000002,138.25650000000002,0.5510000000000161,0.558983666061706,0.05898366606170602,0.05898366606170599,0.9902995837731647,2098
double4,2,247,increasing,138532,139077,138813,138.532,139.077,138.81300000000002,138.80450000000002,0.5449999999999875,0.5155963302752293,0.015596330275229331,0.015596330275229359,0.9814167866120054,2099
double4,2,248,decreasing,139077,139628,139392,139.077,139.62800000000001,139.392,139.35250000000002,0.5510000000000161,0.5716878402903811,0.07168784029038111,0.07168784029038112,0.9671083965952633,2100
double4,2,249,increasing,139628,140176,139913,139.62800000000001,140.17600000000002,139.913,139.90200000000002,0.5480000000000018,0.5200729927007299,0.02007299270072993,0.020072992700729927,0.9765191941337051,2101
double4,2,250,decreasing,140176,140726,140494,140.17600000000002,140.726,140.494,140.45100000000002,0.549999999999983,0.5781818181818181,0.07818181818181813,0.07818181818181819,0.9685644525161665,2102
double4,2,251,increasing,140726,141272,141042,140.726,141.27200000000002,141.042,140.999,0.5460000000000207,0.5787545787545788,0.07875457875457881,0.07875457875457875,0.9857198371084492,2103
double4,2,252,decreasing,141272,141821,141574,141.27200000000002,141.821,141.574,141.5465,0.5489999999999782,0.5500910746812386,0.050091074681238634,0.05009107468123861,0.973686880633542,2104
double4,2,253,increasing,141821,142373,142126,141.821,142.37300000000002,142.126,142.097,0.5520000000000209,0.552536231884058,0.05253623188405798,0.05253623188405797,0.9767033921657934,2105
double4,2,254,decreasing,142373,142916,142695,142.37300000000002,142.916,142.69500000000002,142.6445,0.542999999999978,0.5930018416206262,0.09300184162062619,0.09300184162062615,0.9682605097378627,2106
double4,2,255,increasing,142916,143466,143233,142.916,143.466,143.233,143.191,0.5500000000000114,0.5763636363636364,0.07636363636363641,0.07636363636363637,0.9398173498199712,2107
double4,2,256,decreasing,143466,144007,143770,143.466,144.007,143.77,143.7365,0.5409999999999968,0.5619223659889094,0.061922365988909434,0.06192236598890943,0.9642189126420604,2108
