split,run,period,rf_flag,temperature_K,field_G,frequency_MHz,turns_per_lifetime,field_turn_log2,time_us,parent_lifespan_ARA,openness_U,closure_R,parent_H,signed_parent_Q,Q_concentration,child_distance,parent_ridge_distance,wrong_parent_H,wrong_signed_Q,cycle_bins,history_native_bins
development,EMU00069983,RF on,1,300.0,50.0,0.67745,1.4924223499999998,0.5776558707301577,2.2829999923706055,1.290480240652085,0.6284928771647461,1.4889175935288748,0.721267431801063,1.7335908243754483,0.8177751066713332,0.8604247163641286,0.278732568198937,1.0893739907844702,1.2371461877077945,92,128
development,EMU00069983,RF on,1,300.0,50.0,0.67745,1.4924223499999998,0.5776558707301577,2.3469998836517334,1.3107961426068178,0.583858391837276,1.4931403891016894,0.7394674672450181,1.7378134523380808,0.8136587604190187,0.9092819972644135,0.2605325327549819,1.1039607067554322,1.2352890626567206,92,128
development,EMU00069983,RF on,1,300.0,50.0,0.67745,1.4924223499999998,0.5776558707301577,2.4110000133514404,1.3305304054176792,0.5673567016294974,1.511550139667754,0.7337498200264934,1.7373178409148777,0.8092696620679102,0.9441934380382566,0.26625017997350664,1.077896248786134,1.2427067673488277,92,128
development,EMU00069983,RF on,1,300.0,50.0,0.67745,1.4924223499999998,0.5776558707301577,2.4749999046325684,1.3496995384347905,0.6057055399505322,1.515409567141726,0.7363709036534855,1.7363052504957155,0.8077626833590047,0.9097040271911938,0.26362909634651455,1.0314785244027846,1.2609429686784268,92,128
development,EMU00069983,RF on,1,300.0,50.0,0.67745,1.4924223499999998,0.5776558707301577,2.5390000343322754,1.3683198640131937,0.6018446576475645,1.4512082262065564,0.7343599581587512,1.7309370974661469,0.8083474271567722,0.849363568558992,0.2656400418412488,1.0253885703710433,1.264056800701932,92,128
development,EMU00069983,RF on,1,300.0,50.0,0.67745,1.4924223499999998,0.5776558707301577,2.6029999256134033,1.3864069596019823,0.5060361424628298,1.4405743979467598,0.7293694850248214,1.735636976114654,0.8107362634303071,0.93453825548393,0.27063051497517865,0.9960722549494595,1.2629217169713671,92,128
development,EMU00069983,RF on,1,300.0,50.0,0.67745,1.4924223499999998,0.5776558707301577,2.6670000553131104,1.4039762262104571,0.4984365336054393,1.4342276258372646,0.716498444182488,1.7372898557593932,0.8154932962501291,0.9357910922318253,0.283501555817512,0.9516172691783309,1.2564550568866153,92,128
development,EMU00069983,RF on,1,300.0,50.0,0.67745,1.4924223499999998,0.5776558707301577,2.7309999465942383,1.4210423619895745,0.5336707061096637,1.4169982625735615,0.7079290732598305,1.7372771020385689,0.8190586021826226,0.8833275564638978,0.29207092674016955,0.9158169158240235,1.2670955303933849,92,128
development,EMU00069983,RF on,1,300.0,50.0,0.67745,1.4924223499999998,0.5776558707301577,2.7950000762939453,1.4376198986099702,0.577290418855044,1.3947654921229162,0.7011114409038772,1.7313966659302857,0.8246929314641814,0.8174750732678723,0.2988885590961228,0.8835249948529413,1.281800850490027,92,128
development,EMU00069983,RF on,1,300.0,50.0,0.67745,1.4924223499999998,0.5776558707301577,2.8589999675750732,1.4537227045580847,0.5571010203241373,1.3719579086064384,0.7018278527818176,1.7374639699299583,0.829779537120262,0.8148568882823011,0.2981721472181824,0.8939627665783718,1.298879048193466,92,128
development,EMU00069983,RF on,1,300.0,50.0,0.67745,1.4924223499999998,0.5776558707301577,2.922999858856201,1.4693644338095633,0.6227070207359853,1.3518030143464417,0.7138013640237861,1.7420943403238212,0.8304440207836421,0.7290959936104564,0.28619863597621387,0.914401559851743,1.3465262476097486,92,128
development,EMU00069983,RF on,1,300.0,50.0,0.67745,1.4924223499999998,0.5776558707301577,2.986999988555908,1.4845583443015913,0.5976007803476577,1.3071540063131097,0.7113152256298017,1.7449335042231722,0.8275842520699856,0.709553225965452,0.28868477437019835,0.888549008924027,1.382991395115225,92,128
development,EMU00069983,RF on,1,300.0,50.0,0.67745,1.4924223499999998,0.5776558707301577,3.050999879837036,1.4993171470024178,0.7477662873546614,1.2757509794367823,0.7173204816303658,1.7395970608024394,0.8216004834413878,0.5279846920821208,0.28267951836963423,0.853846288104324,1.3967402190464981,92,128
development,EMU00069983,RF on,1,300.0,50.0,0.67745,1.4924223499999998,0.5776558707301577,3.115000009536743,1.5136534089080294,0.8289980304542426,1.2216997458731174,0.7351370078221247,1.737884174474691,0.8127100220227403,0.3927017154188748,0.26486299217787534,0.8256029489594049,1.3707401231579304,92,128
development,EMU00069983,RF on,1,300.0,50.0,0.67745,1.4924223499999998,0.5776558707301577,3.178999900817871,1.5275791234923892,0.7583179381829249,1.2011633744169279,0.7579436125946375,1.735498900636363,0.7981742492431375,0.44284543623400296,0.2420563874053625,0.8148455866100703,1.363436025336462,92,128
development,EMU00069983,RF on,1,300.0,50.0,0.67745,1.4924223499999998,0.5776558707301577,3.243000030517578,1.5411061483839812,0.8058075957389316,1.1762964992893266,0.7718201607846848,1.7264034737964464,0.7855947919774909,0.370488903550395,0.22817983921531515,0.8145105968804636,1.405772777205596,92,128
development,EMU00069983,RF on,1,300.0,50.0,0.67745,1.4924223499999998,0.5776558707301577,3.306999921798706,1.5542458000627855,0.8230393289200919,1.1470196889252553,0.7829470536385377,1.7258874306900966,0.7793963073431879,0.3239803600051634,0.21705294636146233,0.782931675176845,1.4393575006107704,92,128
development,EMU00069983,RF on,1,300.0,50.0,0.67745,1.4924223499999998,0.5776558707301577,3.371000051498413,1.5670092668313529,0.7947770341349384,1.110862634087061,0.7978013007426452,1.7280625441345667,0.7795732184365465,0.3160855999521227,0.20219869925735479,0.7618357761314227,1.4025151339250006,92,128
development,EMU00069983,RF on,1,300.0,50.0,0.67745,1.4924223499999998,0.5776558707301577,3.434999942779541,1.5794072263898669,0.8071666888836908,1.0856544820297196,0.8054699927242907,1.731417925458901,0.7797191783495327,0.2784877931460288,0.19453000727570935,0.6812985455250651,1.4154078319537087,92,128
development,EMU00069983,RF on,1,300.0,50.0,0.67745,1.4924223499999998,0.5776558707301577,3.499000072479248,1.5914502354962952,0.8375182692632585,1.0320158947286753,0.7992734806651858,1.7282934154642646,0.7860518754820258,0.19449762546541682,0.20072651933481422,0.6320054133641236,1.4436013659857863,92,128
development,EMU00069983,RF on,1,300.0,50.0,0.67745,1.4924223499999998,0.5776558707301577,3.562999963760376,1.60314836912814,0.8699299921275501,0.9801344799116598,0.780818603520886,1.7276540256754256,0.7902845208168253,0.11020448778410974,0.21918139647911405,0.637513556420315,1.4412525535143357,92,128
development,EMU00069983,RF on,1,300.0,50.0,0.67745,1.4924223499999998,0.5776558707301577,3.626999855041504,1.614511546428203,0.8622182087489493,0.9500598507821563,0.7899010560122383,1.728853866040076,0.794266312775343,0.08784164203320699,0.21009894398776174,0.622851105016434,1.4617569376987285,92,128
development,EMU00069983,RF on,1,300.0,50.0,0.67745,1.4924223499999998,0.5776558707301577,3.690999984741211,1.6255493988309917,0.9103108445740999,0.904521813742879,0.7809757247065804,1.728208439121085,0.8005967188606786,0.005789030831220954,0.2190242752934196,0.571753445853053,1.4535068583877995,92,128
development,EMU00069983,RF on,1,300.0,50.0,0.67745,1.4924223499999998,0.5776558707301577,3.754999876022339,1.6362711604169293,0.9080543939684176,0.8454976741999503,0.7802709473772416,1.7275434250451465,0.8026217418089479,0.06255671976846733,0.21972905262275844,0.4831409800389721,1.3901903365424135,92,128
development,EMU00069983,RF on,1,300.0,50.0,0.67745,1.4924223499999998,0.5776558707301577,3.819000005722046,1.6466859606755517,0.891189356787701,0.7994281058393071,0.8056602596150904,1.729921703292262,0.8011059316483907,0.09176125094839382,0.19433974038490964,0.38892239195298484,1.3270349442249203,92,128
development,EMU00069983,RF on,1,300.0,50.0,0.67745,1.4924223499999998,0.5776558707301577,3.883000135421753,1.6568025495947836,0.8894626597583557,0.7595941617481274,0.8104888280351287,1.7380432183670846,0.8028254981500309,0.12986849801022826,0.18951117196487133,0.33734938530390113,1.298741829165498,92,128
development,EMU00069983,RF on,1,300.0,50.0,0.67745,1.4924223499999998,0.5776558707301577,3.9469997882843018,1.666629393827122,0.8971618913896166,0.7183110841734754,0.787233420626877,1.7277566418842913,0.8078080769339001,0.1788508072161411,0.21276657937312304,0.3129383548518883,1.2046851080859524,92,128
development,EMU00069983,RF on,1,300.0,50.0,0.67745,1.4924223499999998,0.5776558707301577,4.011000156402588,1.6761749691148449,0.9170537830385666,0.6703652277706075,0.8193655633001757,1.7345981800363863,0.8047407019958396,0.24668855526795908,0.18063443669982426,0.25618815322075006,1.1883223521920487,92,128
development,EMU00069983,RF on,1,300.0,50.0,0.67745,1.4924223499999998,0.5776558707301577,4.075000286102295,1.6854471869001517,0.9624989201789386,0.6540924424553743,0.8154728476486283,1.7291829909560503,0.7962369976594347,0.3084064777235642,0.18452715235137174,0.20251544641823516,1.144342732580824,92,128
development,EMU00069983,RF on,1,300.0,50.0,0.67745,1.4924223499999998,0.5776558707301577,4.139000415802002,1.6944539093887445,1.0059722803373798,0.6317563434961171,0.7803913920678711,1.7098046528772421,0.7862442641440863,0.37421593684126275,0.21960860793212889,0.195339748077957,1.1683329641439832,92,128
development,EMU00069983,RF on,1,300.0,50.0,0.67745,1.4924223499999998,0.5776558707301577,4.203000068664551,1.703202674377213,0.9864153334014404,0.5941832712124512,0.8077904977164347,1.7146615797378288,0.7777127105612655,0.3922320621889892,0.19220950228356526,0.2184094587916537,1.2107743915239488,92,128
development,EMU00069983,RF on,1,300.0,50.0,0.67745,1.4924223499999998,0.5776558707301577,4.267000198364258,1.7117009965536942,1.0697136187957355,0.5490932295360282,0.8047839421387744,1.6984078504087334,0.7695253119858949,0.5206203892597072,0.19521605786122564,0.2288920339278412,1.175769096353966,92,128
development,EMU00069983,RF on,1,300.0,50.0,0.67745,1.4924223499999998,0.5776558707301577,4.331000328063965,1.7199559827106756,1.0586147524266722,0.5254094555363508,0.8155845120470315,1.6948165739777183,0.7672813634549385,0.5332052968903215,0.18441548795296847,0.24334425776903815,1.1119794407330568,92,128
development,EMU00069983,RF on,1,300.0,50.0,0.67745,1.4924223499999998,0.5776558707301577,4.394999980926514,1.7279745415107228,0.9653990153782274,0.495435573057602,0.8258225751252624,1.7040386743734643,0.7586149631340686,0.46996344232062537,0.17417742487473764,0.2533449767857783,1.078424860804908,92,128
development,EMU00069983,RF on,1,300.0,50.0,0.67745,1.4924223499999998,0.5776558707301577,4.459000110626221,1.7357635604366717,0.9854198440443421,0.4999923334529944,0.8575987247261365,1.7141974878423214,0.7592337067863525,0.48542751059134776,0.14240127527386348,0.30481122878684264,1.0853675480349572,92,128
development,EMU00069983,RF on,1,300.0,50.0,0.67745,1.4924223499999998,0.5776558707301577,4.523000240325928,1.7433295531202766,0.9318412761001945,0.4803860827116524,0.8632909147037297,1.7221849701712977,0.7653090335288047,0.4514551933885421,0.13670908529627035,0.31582297866806897,1.0632223254038227,92,128
development,EMU00069983,RF on,1,300.0,50.0,0.67745,1.4924223499999998,0.5776558707301577,4.587000370025635,1.750678905565378,0.8813086924518427,0.5168041120314122,0.875927685960578,1.7174325526050107,0.7673240451166466,0.36450458042043055,0.12407231403942198,0.2931308897406024,1.0230787455793384,92,128
development,EMU00069983,RF on,1,300.0,50.0,0.67745,1.4924223499999998,0.5776558707301577,4.651000022888184,1.7578177685025949,0.8519796193454752,0.49459981380784745,0.8846543504885904,1.7310609302841842,0.7756745358069627,0.3573798055376277,0.11534564951140958,0.3195646651138253,0.9516263068841272,92,128
development,EMU00069983,RF on,1,300.0,50.0,0.67745,1.4924223499999998,0.5776558707301577,4.715000152587891,1.7647522738063923,0.858107788690206,0.46301296555500365,0.8104998912404391,1.7400143497835616,0.7862957220611161,0.39509482313520233,0.18950010875956091,0.3266235319267455,0.8982787681753694,92,128
development,EMU00069983,RF on,1,300.0,50.0,0.67745,1.4924223499999998,0.5776558707301577,4.779000282287598,1.7714882205144122,0.848874906509712,0.46288828888755523,0.7825340685570895,1.734471755436872,0.7949405594320524,0.38598661762215675,0.2174659314429105,0.3283754386137857,0.8643092417964349,92,128
development,EMU00069983,RF on,1,300.0,50.0,0.67745,1.4924223499999998,0.5776558707301577,4.843000411987305,1.7780312940381195,0.8504021101882047,0.4650397541114557,0.7174072654531369,1.7198518719824327,0.8154560795330034,0.38536235607674896,0.28259273454686307,0.29041559717141424,0.8528370249746524,92,128
development,EMU00069983,RF on,1,300.0,50.0,0.67745,1.4924223499999998,0.5776558707301577,4.9070000648498535,1.7843869703269897,0.9500522305761058,0.47364217785956125,0.6828433127703308,1.7171173779324462,0.8212311225136968,0.4764100527165445,0.31715668722966917,0.2940543778856901,0.8598565842684578,92,128
development,EMU00069983,RF on,1,300.0,50.0,0.67745,1.4924223499999998,0.5776558707301577,4.9710001945495605,1.7905607085430049,0.9794429198411938,0.48250735728628313,0.6672750029562309,1.7081516281220352,0.8196827180205074,0.49693556255491067,0.3327249970437691,0.2572136802086276,0.8477888366547466,92,128
development,EMU00069983,RF on,1,300.0,50.0,0.67745,1.4924223499999998,0.5776558707301577,5.035000324249268,1.7965576715260125,0.9780201086618138,0.482604615217629,0.6671042303665531,1.6911230925953211,0.8157808750943584,0.4954154934441848,0.3328957696334469,0.21837807724713856,0.906050027235307,92,128
development,EMU00069983,RF on,1,300.0,50.0,0.67745,1.4924223499999998,0.5776558707301577,5.098999977111816,1.8023828781812998,0.9564757721852796,0.46509421920980465,0.7151731448426262,1.7130965114082461,0.8195807178700374,0.4913815529754749,0.2848268551573738,0.25044618109382377,0.9302712187885149,92,128
development,EMU00069983,RF on,1,300.0,50.0,0.67745,1.4924223499999998,0.5776558707301577,5.163000106811523,1.8080413320278101,0.9512639791671943,0.5160289642298361,0.6900738184063546,1.7176342624301997,0.8183440361121176,0.43523501493735817,0.3099261815936454,0.2518656696245446,0.9205814717937629,92,128
development,EMU00069983,RF on,1,300.0,50.0,0.67745,1.4924223499999998,0.5776558707301577,5.2270002365112305,1.8135377649945588,0.8761869799690256,0.5158047659290526,0.7252045409527432,1.7439502830340015,0.8163852460890473,0.36038221403997306,0.2747954590472568,0.2662851413722471,0.943617248349159,92,128
development,EMU00069983,RF on,1,300.0,50.0,0.67745,1.4924223499999998,0.5776558707301577,5.2910003662109375,1.818876816293279,0.8849290130555332,0.503367968635793,0.7123149756064436,1.7315303677409013,0.8131403933417892,0.38156104441974015,0.28768502439355637,0.254104429271808,0.9785425103347825,92,128
development,EMU00069983,RF on,1,300.0,50.0,0.67745,1.4924223499999998,0.5776558707301577,5.355000019073486,1.8240629542178166,0.8661797833896903,0.4944502844107921,0.7226943203600273,1.7255288766192902,0.8153222212551848,0.3717294989788982,0.27730567963997266,0.25490555612486987,1.1215763342365466,92,128
development,EMU00069983,RF on,1,300.0,50.0,0.67745,1.4924223499999998,0.5776558707301577,5.419000148773193,1.8291006333636712,0.8704372844256513,0.461694438532756,0.7093792371341043,1.7257817274764482,0.8129325805240286,0.4087428458928953,0.29062076286589567,0.271241951425864,1.1284661730239907,92,128
development,EMU00069983,RF on,1,300.0,50.0,0.67745,1.4924223499999998,0.5776558707301577,5.4830002784729,1.8339940665318595,0.867575750769781,0.44480533523787713,0.701812740414157,1.735315260222765,0.809712330548704,0.42277041553190386,0.298187259585843,0.25644238147939885,1.0143438085112535,92,128
development,EMU00069983,RF on,1,300.0,50.0,0.67745,1.4924223499999998,0.5776558707301577,5.547000408172607,1.838747383977896,0.9263679795107792,0.45138960313430504,0.6699880482325875,1.7191361078574077,0.7974418145961846,0.47497837637647417,0.3300119517674125,0.24722690977995201,1.0671972628947803,92,128
development,EMU00069983,RF on,1,300.0,50.0,0.67745,1.4924223499999998,0.5776558707301577,5.611000061035156,1.8433645637903782,0.9090432222395961,0.4538752501022716,0.6797510893426241,1.7322170688918954,0.8197314911682979,0.4551679721373245,0.32024891065737593,0.2321381816549988,1.0918686729232345,92,128
development,EMU00069983,RF on,1,300.0,50.0,0.67745,1.4924223499999998,0.5776558707301577,5.675000190734863,1.8478495718623675,0.9747752512443032,0.42031470491701706,0.6241146482640807,1.7253704937124983,0.8161944732092055,0.5544605463272861,0.3758853517359193,0.22346838125073518,1.0448931073980932,92,128
development,EMU00069983,RF on,1,300.0,50.0,0.67745,1.4924223499999998,0.5776558707301577,5.73900032043457,1.8522061588191063,0.9707346455208233,0.40501688493101484,0.6208100649921033,1.7216712117539825,0.8190543329197967,0.5657177605898085,0.37918993500789666,0.22287522583825783,0.9830974612491513,92,128
development,EMU00069983,RF on,1,300.0,50.0,0.67745,1.4924223499999998,0.5776558707301577,5.802999973297119,1.8564379707223382,0.9921937142724161,0.41619950176418086,0.6187002729782658,1.7110336876857333,0.8109679785731201,0.5759942125082352,0.3812997270217342,0.20232483571023646,1.0043400099492787,92,128
development,EMU00069983,RF on,1,300.0,50.0,0.67745,1.4924223499999998,0.5776558707301577,5.867000102996826,1.8605486424561584,1.0078089292637709,0.3787422351772072,0.7153328469411808,1.713500396948733,0.7883404537785255,0.6290666940865637,0.2846671530588192,0.22970991388007392,1.0285558341493704,92,128
development,EMU00069983,RF on,1,300.0,50.0,0.67745,1.4924223499999998,0.5776558707301577,5.931000232696533,1.8645416116039377,1.0045078739527407,0.3645210265896721,0.6962733969688535,1.7155398811549825,0.7975893176325246,0.6399868473630685,0.3037266030311465,0.26325193420866505,1.1008861959273357,92,128
development,EMU00069983,RF on,1,300.0,50.0,0.67745,1.4924223499999998,0.5776558707301577,5.99500036239624,1.8684202483931376,1.0267879120251928,0.36700765548650716,0.7152979736787494,1.6995403340861825,0.792661700780391,0.6597802565386857,0.28470202632125063,0.27787318643904646,1.133745704092902,92,128
development,EMU00069983,RF off,0,300.0,50.0,0.67745,1.4924223499999998,0.5776558707301577,2.2829999923706055,1.290480240652085,0.6589090869574782,1.5023715667005957,0.7047967055798452,1.7297117784009757,0.8140221077729257,0.8434624797431175,0.2952032944201548,1.1395455446359848,1.173952855526117,92,128
development,EMU00069983,RF off,0,300.0,50.0,0.67745,1.4924223499999998,0.5776558707301577,2.3469998836517334,1.3107961426068178,0.6985146448903555,1.4743462676939703,0.7230253117110456,1.7339288058266646,0.8135916452285898,0.7758316228036147,0.27697468828895444,1.124653293513919,1.1852305159953602,92,128
development,EMU00069983,RF off,0,300.0,50.0,0.67745,1.4924223499999998,0.5776558707301577,2.4110000133514404,1.3305304054176792,0.7077821550725584,1.447225110335392,0.7291369513888135,1.7344498658121508,0.8121454527391818,0.7394429552628335,0.2708630486111865,1.1172437635720294,1.207505625169365,92,128
development,EMU00069983,RF off,0,300.0,50.0,0.67745,1.4924223499999998,0.5776558707301577,2.4749999046325684,1.3496995384347905,0.7641661122062149,1.4216291803958847,0.7387992517673043,1.7371374099705144,0.8126638586065068,0.6574630681896698,0.2612007482326957,1.1024038459493295,1.214032676747394,92,128
development,EMU00069983,RF off,0,300.0,50.0,0.67745,1.4924223499999998,0.5776558707301577,2.5390000343322754,1.3683198640131937,0.6873748331364582,1.3722907226646088,0.7235367049294377,1.736147984098598,0.8121280164811102,0.6849158895281506,0.27646329507056233,1.0907251950878636,1.2194431112660897,92,128
development,EMU00069983,RF off,0,300.0,50.0,0.67745,1.4924223499999998,0.5776558707301577,2.6029999256134033,1.3864069596019823,0.6518069296083738,1.358117166296343,0.7061523060293998,1.733764891764563,0.8117158230963222,0.7063102366879691,0.2938476939706002,1.0704364459534927,1.2416514808630372,92,128
development,EMU00069983,RF off,0,300.0,50.0,0.67745,1.4924223499999998,0.5776558707301577,2.6670000553131104,1.4039762262104571,0.7148391108346488,1.3021102721302396,0.7093333382054805,1.733975639302065,0.8093017728714823,0.5872711612955908,0.2906666617945195,1.0634776434534434,1.2372874177926563,92,128
development,EMU00069983,RF off,0,300.0,50.0,0.67745,1.4924223499999998,0.5776558707301577,2.7309999465942383,1.4210423619895745,0.7346606320138382,1.252080479238269,0.724022352311733,1.7330042681669704,0.8065432874578587,0.5174198472244307,0.27597764768826705,1.089295941467391,1.2665242002477055,92,128
development,EMU00069983,RF off,0,300.0,50.0,0.67745,1.4924223499999998,0.5776558707301577,2.7950000762939453,1.4376198986099702,0.759632243414191,1.215117174254195,0.7592342352622277,1.7363934302325703,0.8022109567104952,0.4554849308400041,0.24076576473777234,1.0844558888991913,1.28822963118105,92,128
development,EMU00069983,RF off,0,300.0,50.0,0.67745,1.4924223499999998,0.5776558707301577,2.8589999675750732,1.4537227045580847,0.8110109262039775,1.1926760909923801,0.7564056908726919,1.7343586016806412,0.7963003857533844,0.3816651647884026,0.24359430912730806,1.0691887600970844,1.3031883982832513,92,128
development,EMU00069983,RF off,0,300.0,50.0,0.67745,1.4924223499999998,0.5776558707301577,2.922999858856201,1.4693644338095633,0.8433950285363611,1.1644832936436926,0.7367249640423136,1.7267244980518304,0.7894155557624585,0.32108826510733157,0.2632750359576864,1.042234084926104,1.320122954303095,92,128
development,EMU00069983,RF off,0,300.0,50.0,0.67745,1.4924223499999998,0.5776558707301577,2.986999988555908,1.4845583443015913,0.8277493136509217,1.1286368714232153,0.7318319414180625,1.724882473463434,0.7851415990020641,0.3008875577722936,0.2681680585819375,1.041813137145086,1.316476493314712,92,128
development,EMU00069983,RF off,0,300.0,50.0,0.67745,1.4924223499999998,0.5776558707301577,3.050999879837036,1.4993171470024178,0.8458717079867982,1.1014732647204495,0.7419509020113016,1.7189536885566528,0.7796263963161344,0.25560155673365126,0.25804909798869835,1.0266749413722924,1.3020339361308848,92,128
development,EMU00069983,RF off,0,300.0,50.0,0.67745,1.4924223499999998,0.5776558707301577,3.115000009536743,1.5136534089080294,0.9044486422647248,1.0772684569406865,0.7527513412647133,1.720798903667733,0.7763027884684889,0.17281981467596175,0.24724865873528667,0.9607121280846096,1.3472956551144617,92,128
development,EMU00069983,RF off,0,300.0,50.0,0.67745,1.4924223499999998,0.5776558707301577,3.178999900817871,1.5275791234923892,0.9558589725283848,1.0565072072386057,0.7902164112292971,1.7283217155222452,0.7782309885869294,0.10064823471022089,0.2097835887707029,0.9551237087719431,1.3651059360648028,92,128
development,EMU00069983,RF off,0,300.0,50.0,0.67745,1.4924223499999998,0.5776558707301577,3.243000030517578,1.5411061483839812,1.0023922715191418,1.0432689261449015,0.7652800190035072,1.7247566616083878,0.7781808951984674,0.040876654625759734,0.23471998099649283,0.9533082457489005,1.376580733170988,92,128
development,EMU00069983,RF off,0,300.0,50.0,0.67745,1.4924223499999998,0.5776558707301577,3.306999921798706,1.5542458000627855,1.0159947104481626,1.0013405968476778,0.766167783931621,1.7213790811873113,0.7798255239717394,0.014654113600484742,0.233832216068379,0.943749872032504,1.381050321380056,92,128
development,EMU00069983,RF off,0,300.0,50.0,0.67745,1.4924223499999998,0.5776558707301577,3.371000051498413,1.5670092668313529,1.0296156687514495,0.9518329953400164,0.7224433458549325,1.7118980841853124,0.7780149077644287,0.07778267341143308,0.27755665414506747,0.9004756408798409,1.4029608250341052,92,128
development,EMU00069983,RF off,0,300.0,50.0,0.67745,1.4924223499999998,0.5776558707301577,3.434999942779541,1.5794072263898669,1.0023297607277015,0.8841649961529321,0.6942967416352273,1.6931176595296082,0.7732885455062183,0.11816476457476943,0.30570325836477275,0.884867623459195,1.3923293758903563,92,128
development,EMU00069983,RF off,0,300.0,50.0,0.67745,1.4924223499999998,0.5776558707301577,3.499000072479248,1.5914502354962952,1.0095557279470015,0.8522539744560362,0.6951268208105417,1.697504907913911,0.7745165336564985,0.1573017534909653,0.30487317918945833,0.9112006555195205,1.4031623174456913,92,128
development,EMU00069983,RF off,0,300.0,50.0,0.67745,1.4924223499999998,0.5776558707301577,3.562999963760376,1.60314836912814,0.970886784738491,0.8412392343079824,0.7209422489117505,1.71051509920974,0.7855656549927695,0.12964755043050857,0.2790577510882495,0.9667959005345134,1.406502722795945,92,128
development,EMU00069983,RF off,0,300.0,50.0,0.67745,1.4924223499999998,0.5776558707301577,3.626999855041504,1.614511546428203,0.8778364997841944,0.8111121204362569,0.7079038651889941,1.7136606652008777,0.7872852528294099,0.06672437934793751,0.29209613481100594,0.9695109003638893,1.3964691416788164,92,128
development,EMU00069983,RF off,0,300.0,50.0,0.67745,1.4924223499999998,0.5776558707301577,3.690999984741211,1.6255493988309917,0.8784636886642062,0.7988587878330429,0.7672510936693333,1.7269734491070565,0.79129836551572,0.07960490083116334,0.2327489063306667,0.9433376817671213,1.4683754095476762,92,128
development,EMU00069983,RF off,0,300.0,50.0,0.67745,1.4924223499999998,0.5776558707301577,3.754999876022339,1.6362711604169293,0.8488199736827496,0.7518536491357786,0.7585237415924744,1.725983813823989,0.7930012429575068,0.09696632454697107,0.24147625840752562,0.9716945255819878,1.518535875565512,92,128
development,EMU00069983,RF off,0,300.0,50.0,0.67745,1.4924223499999998,0.5776558707301577,3.819000005722046,1.6466859606755517,0.8466980330504386,0.6969922516502303,0.7331397526741239,1.7253980634295387,0.8019884761665858,0.1497057814002083,0.2668602473258761,0.9262139700122961,1.5550287593976937,92,128
development,EMU00069983,RF off,0,300.0,50.0,0.67745,1.4924223499999998,0.5776558707301577,3.883000135421753,1.6568025495947836,0.8796578111465116,0.6791952025820186,0.7010357069560851,1.7227108172623158,0.807409168262413,0.20046260856449305,0.2989642930439149,0.7670869337538326,1.5801180410572293,92,128
development,EMU00069983,RF off,0,300.0,50.0,0.67745,1.4924223499999998,0.5776558707301577,3.9469997882843018,1.666629393827122,0.9275230339217208,0.6329914588965696,0.6701030279519906,1.718034597904782,0.813009089151892,0.29453157502515115,0.3298969720480094,0.5781833266578881,1.4996874794852137,92,128
development,EMU00069983,RF off,0,300.0,50.0,0.67745,1.4924223499999998,0.5776558707301577,4.011000156402588,1.6761749691148449,0.926128133924119,0.6386737692416413,0.675117732978824,1.7171479841650616,0.8165926304993121,0.28745436468247765,0.32488226702117595,0.482615686515129,1.43615817427152,92,128
development,EMU00069983,RF off,0,300.0,50.0,0.67745,1.4924223499999998,0.5776558707301577,4.075000286102295,1.6854471869001517,0.8690184679511065,0.604994086561115,0.6785562706918613,1.7110859429118135,0.8175351767917876,0.2640243813899915,0.3214437293081387,0.4960086357488751,1.316548561870818,92,128
development,EMU00069983,RF off,0,300.0,50.0,0.67745,1.4924223499999998,0.5776558707301577,4.139000415802002,1.6944539093887445,0.8613687173157839,0.5668785580245668,0.687468628176158,1.704802234761253,0.8054855444759371,0.29449015929121714,0.31253137182384205,0.5005076248801332,1.2703913571403889,92,128
development,EMU00069983,RF off,0,300.0,50.0,0.67745,1.4924223499999998,0.5776558707301577,4.203000068664551,1.703202674377213,0.9393316957036388,0.5505848699276499,0.6934488584943739,1.7036638770400985,0.7950321742025726,0.38874682577598896,0.3065511415056261,0.5470030883688255,1.2110115726412938,92,128
development,EMU00069983,RF off,0,300.0,50.0,0.67745,1.4924223499999998,0.5776558707301577,4.267000198364258,1.7117009965536942,0.9881991739779229,0.5220301032917161,0.7416235058573833,1.6982203708312191,0.7921524917121026,0.46616907068620683,0.25837649414261665,0.6130943757520889,1.2824216507130535,92,128
development,EMU00069983,RF off,0,300.0,50.0,0.67745,1.4924223499999998,0.5776558707301577,4.331000328063965,1.7199559827106756,1.0350044045436801,0.4756586392316627,0.7300434360848258,1.718232010330306,0.8128912670151791,0.5593457653120175,0.2699565639151742,0.5750247914690995,1.2502485248773771,92,128
development,EMU00069983,RF off,0,300.0,50.0,0.67745,1.4924223499999998,0.5776558707301577,4.394999980926514,1.7279745415107228,1.0277354950066815,0.4562338971014894,0.7543948600232842,1.7237300083320584,0.8177137555682127,0.5715015979051921,0.24560513997671585,0.5873362731886987,1.239560880217617,92,128
development,EMU00069983,RF off,0,300.0,50.0,0.67745,1.4924223499999998,0.5776558707301577,4.459000110626221,1.7357635604366717,1.049745191012813,0.46085187588498333,0.7130176669546995,1.7121425251191145,0.8157107528314376,0.5888933151278297,0.2869823330453005,0.6352696826273868,1.1693804444693887,92,128
development,EMU00069983,RF off,0,300.0,50.0,0.67745,1.4924223499999998,0.5776558707301577,4.523000240325928,1.7433295531202766,1.0712265470942366,0.47931499530770005,0.709067385226721,1.7082996594262414,0.8154595519775075,0.5919115517865365,0.29093261477327903,0.6980673747910723,1.1413512003302175,92,128
development,EMU00069983,RF off,0,300.0,50.0,0.67745,1.4924223499999998,0.5776558707301577,4.587000370025635,1.750678905565378,1.0310629409896215,0.5013557119307595,0.6566330158128696,1.6903033817510293,0.8192100327772616,0.529707229058862,0.3433669841871304,0.6971538660808523,1.1053007539333985,92,128
development,EMU00069983,RF off,0,300.0,50.0,0.67745,1.4924223499999998,0.5776558707301577,4.651000022888184,1.7578177685025949,1.0100452296644924,0.4807971516131978,0.6420927601397495,1.6465211895115879,0.8221856340791798,0.5292480780512946,0.3579072398602505,0.6401077202297816,1.0832307926638478,92,128
development,EMU00069983,RF off,0,300.0,50.0,0.67745,1.4924223499999998,0.5776558707301577,4.715000152587891,1.7647522738063923,1.0825048625259126,0.48927942807315694,0.5994360426808891,1.6334478721498231,0.821667396960986,0.5932254344527557,0.4005639573191109,0.6075275632362365,1.0899490828490046,92,128
development,EMU00069983,RF off,0,300.0,50.0,0.67745,1.4924223499999998,0.5776558707301577,4.779000282287598,1.7714882205144122,1.0845478288757793,0.46900059993352067,0.5741590392041505,1.6347106326237062,0.8337860725111227,0.6155472289422586,0.42584096079584954,0.635764335257915,1.0873414949462727,92,128
development,EMU00069983,RF off,0,300.0,50.0,0.67745,1.4924223499999998,0.5776558707301577,4.843000411987305,1.7780312940381195,1.1120787063707904,0.4833989915424677,0.587037602623413,1.652953400314772,0.8442017003349501,0.6286797148283227,0.412962397376587,0.6144910631824465,1.1008519856774064,92,128
development,EMU00069983,RF off,0,300.0,50.0,0.67745,1.4924223499999998,0.5776558707301577,4.9070000648498535,1.7843869703269897,1.00682331778546,0.4911422221161682,0.5642064125297703,1.636771264644352,0.852864714847559,0.5156810956692918,0.43579358747022967,0.5818946121877799,1.1484044115365541,92,128
development,EMU00069983,RF off,0,300.0,50.0,0.67745,1.4924223499999998,0.5776558707301577,4.9710001945495605,1.7905607085430049,1.0330868487649252,0.5074016211685513,0.5438389138270334,1.607315020562928,0.8591606311004009,0.5256852275963739,0.4561610861729666,0.6734051090045973,1.1777682392402786,92,128
development,EMU00069983,RF off,0,300.0,50.0,0.67745,1.4924223499999998,0.5776558707301577,5.035000324249268,1.7965576715260125,1.0805373565157046,0.520848623015973,0.5751647243454349,1.6208122560936915,0.8568095823417538,0.5596887334997316,0.42483527565456514,0.7047392502155683,1.1303050087480608,92,128
development,EMU00069983,RF off,0,300.0,50.0,0.67745,1.4924223499999998,0.5776558707301577,5.098999977111816,1.8023828781812998,1.044686038353392,0.4928820798947845,0.5831347954383492,1.6020859178232674,0.85814698597742,0.5518039584586075,0.41686520456165077,0.5592325658446694,1.1195998709517994,92,128
development,EMU00069983,RF off,0,300.0,50.0,0.67745,1.4924223499999998,0.5776558707301577,5.163000106811523,1.8080413320278101,1.0254907933950101,0.47206096436978484,0.6001534714881807,1.6162655928237355,0.852819075426311,0.5534298290252253,0.39984652851181934,0.5158771093031911,1.103956537088751,92,128
development,EMU00069983,RF off,0,300.0,50.0,0.67745,1.4924223499999998,0.5776558707301577,5.2270002365112305,1.8135377649945588,1.080719072589227,0.45461558946717434,0.6605341757947092,1.6355731738240213,0.8546755185500657,0.6261034831220527,0.3394658242052908,0.48912139913140906,1.0855696490971918,92,128
development,EMU00069983,RF off,0,300.0,50.0,0.67745,1.4924223499999998,0.5776558707301577,5.2910003662109375,1.818876816293279,1.1088024441042157,0.40433436959820956,0.57770178979646,1.6194172634877155,0.8647286037505506,0.7044680745060061,0.42229821020353997,0.470424059041305,1.0809213043874384,92,128
development,EMU00069983,RF off,0,300.0,50.0,0.67745,1.4924223499999998,0.5776558707301577,5.355000019073486,1.8240629542178166,1.0469924483617368,0.39676536806881296,0.5547138765169377,1.632161200230109,0.8608589209693405,0.6502270802929238,0.4452861234830623,0.4856885150868132,1.0748847093213987,92,128
development,EMU00069983,RF off,0,300.0,50.0,0.67745,1.4924223499999998,0.5776558707301577,5.419000148773193,1.8291006333636712,1.0209816559656129,0.3930025643580649,0.5152526333833357,1.5932730906319967,0.8677243504213814,0.627979091607548,0.4847473666166643,0.4685735561553208,1.1041163858367906,92,128
development,EMU00069983,RF off,0,300.0,50.0,0.67745,1.4924223499999998,0.5776558707301577,5.4830002784729,1.8339940665318595,1.148503325897752,0.38367025246375136,0.4323099532771528,1.54819833546545,0.8749697370450119,0.7648330734340005,0.5676900467228472,0.4461251235467931,1.1369500887316195,92,128
development,EMU00069983,RF off,0,300.0,50.0,0.67745,1.4924223499999998,0.5776558707301577,5.547000408172607,1.838747383977896,1.1705504359259258,0.35196891407609465,0.3771362658547531,1.5149857291442097,0.8602589652559784,0.8185815218498311,0.6228637341452469,0.4416248206132287,1.121145265493357,92,128
development,EMU00069983,RF off,0,300.0,50.0,0.67745,1.4924223499999998,0.5776558707301577,5.611000061035156,1.8433645637903782,1.1035166220805697,0.33779437814738283,0.385818420083525,1.4972265976230918,0.857500124085546,0.7657222439331868,0.6141815799164749,0.5312846076091595,1.0361569606908514,92,128
development,EMU00069983,RF off,0,300.0,50.0,0.67745,1.4924223499999998,0.5776558707301577,5.675000190734863,1.8478495718623675,1.1415750843956438,0.3586555644779543,0.3296413873277139,1.4483495657133947,0.8624977904935283,0.7829195199176895,0.670358612672286,0.5490487341486394,1.0232465245320987,92,128
development,EMU00069983,RF off,0,300.0,50.0,0.67745,1.4924223499999998,0.5776558707301577,5.73900032043457,1.8522061588191063,1.0857828124014868,0.340348267390568,0.33126502408588077,1.4271588929546943,0.8855527083104346,0.7454345450109188,0.6687349759141192,0.5573189309511142,0.9960890575601618,92,128
development,EMU00069983,RF off,0,300.0,50.0,0.67745,1.4924223499999998,0.5776558707301577,5.802999973297119,1.8564379707223382,1.146522406834319,0.36070903110395525,0.28630177957332215,1.401325769119605,0.9147296812790909,0.7858133757303637,0.7136982204266779,0.5761680345611767,0.9396294258183945,92,128
development,EMU00069983,RF off,0,300.0,50.0,0.67745,1.4924223499999998,0.5776558707301577,5.867000102996826,1.8605486424561584,1.1090521436791898,0.39007798364150326,0.2556741921969623,1.379980931810561,0.9379431465934865,0.7189741600376865,0.7443258078030377,0.5448334832736758,0.9218287723644102,92,128
development,EMU00069983,RF off,0,300.0,50.0,0.67745,1.4924223499999998,0.5776558707301577,5.931000232696533,1.8645416116039377,1.1316589579297982,0.41462141090677596,0.26202389908447243,1.3596016263366408,0.951291635072146,0.7170375470230222,0.7379761009155276,0.5277389801889749,0.9270824774291003,92,128
development,EMU00069983,RF off,0,300.0,50.0,0.67745,1.4924223499999998,0.5776558707301577,5.99500036239624,1.8684202483931376,1.119940150937116,0.4282684591760405,0.2661321778025329,1.3621056812452994,0.9617706854883894,0.6916716917610756,0.733867822197467,0.5756176899606831,0.9261664328480105,92,128
development,EMU00069989,RF on,1,300.0,86.0,1.165214,2.5669664419999996,1.3600644356575309,2.2829999923706055,1.290480240652085,0.6561455341710087,1.3822208073699556,1.2438386034557858,1.4743726458217472,0.5126173243877673,0.7260752731989468,0.24383860345578579,0.9343536035493805,1.188925582654941,54,128
development,EMU00069989,RF on,1,300.0,86.0,1.165214,2.5669664419999996,1.3600644356575309,2.3469998836517334,1.3107961426068178,0.6425103530181177,1.3564040490379958,1.2313922213849327,1.4786313298779163,0.5155509173477802,0.7138936960198782,0.23139222138493265,0.9246809084723517,1.1893690976838658,54,128
development,EMU00069989,RF on,1,300.0,86.0,1.165214,2.5669664419999996,1.3600644356575309,2.4110000133514404,1.3305304054176792,0.6628271979734055,1.332671593167995,1.2243963388245702,1.4802429809023199,0.5145913887506697,0.6698443951945896,0.22439633882457022,0.9242223505918303,1.1797685370440767,54,128
development,EMU00069989,RF on,1,300.0,86.0,1.165214,2.5669664419999996,1.3600644356575309,2.4749999046325684,1.3496995384347905,0.6552186942566683,1.3219907011973497,1.2097986559444367,1.4784847880230243,0.5093990294450128,0.6667720069406814,0.2097986559444367,0.9319264147955633,1.1776639232632866,54,128
development,EMU00069989,RF on,1,300.0,86.0,1.165214,2.5669664419999996,1.3600644356575309,2.5390000343322754,1.3683198640131937,0.6461064651782542,1.2916188533732462,1.2185385420338446,1.4731362593419377,0.5059362429358155,0.645512388194992,0.2185385420338446,0.9619686126248066,1.1949041930985458,54,128
development,EMU00069989,RF on,1,300.0,86.0,1.165214,2.5669664419999996,1.3600644356575309,2.6029999256134033,1.3864069596019823,0.6947198042300684,1.2504009958424547,1.2050198825478897,1.477600897769111,0.505977714706356,0.5556811916123863,0.20501988254788972,0.9391962400028193,1.1880343092487249,54,128
development,EMU00069989,RF on,1,300.0,86.0,1.165214,2.5669664419999996,1.3600644356575309,2.6670000553131104,1.4039762262104571,0.7849027906402952,1.2154061000759364,1.2003366283157164,1.4807191630581868,0.5091818802435195,0.4305033094356412,0.20033662831571641,0.8729194423463071,1.1900090748460677,54,128
development,EMU00069989,RF on,1,300.0,86.0,1.165214,2.5669664419999996,1.3600644356575309,2.7309999465942383,1.4210423619895745,0.8089671866453585,1.1974119269832764,1.2038512324852464,1.4864751677116894,0.5168935831187966,0.38844474033791787,0.2038512324852464,0.8692239756262354,1.18261905599269,54,128
development,EMU00069989,RF on,1,300.0,86.0,1.165214,2.5669664419999996,1.3600644356575309,2.7950000762939453,1.4376198986099702,0.8155772947530512,1.1851127533454338,1.1970477904430972,1.4906854212634388,0.5231832182768412,0.36953545859238257,0.19704779044309717,0.8903854408388855,1.1830332157091212,54,128
development,EMU00069989,RF on,1,300.0,86.0,1.165214,2.5669664419999996,1.3600644356575309,2.8589999675750732,1.4537227045580847,0.8561273967939503,1.1642005320174937,1.2134648485039383,1.4928118205656222,0.5232877091725007,0.3080731352235434,0.21346484850393832,0.8884378273159264,1.1668376684291402,54,128
development,EMU00069989,RF on,1,300.0,86.0,1.165214,2.5669664419999996,1.3600644356575309,2.922999858856201,1.4693644338095633,0.8248982177686176,1.141627425556818,1.1859981009637317,1.4882203687260545,0.5186472624115818,0.31672920778820035,0.1859981009637317,0.876334124554043,1.168515481792504,54,128
development,EMU00069989,RF on,1,300.0,86.0,1.165214,2.5669664419999996,1.3600644356575309,2.986999988555908,1.4845583443015913,0.8643732250855858,1.1010890023421633,1.170274884439408,1.4885009623444105,0.5136524039244076,0.23671577725657755,0.17027488443940797,0.8916400374392522,1.1688827570605926,54,128
development,EMU00069989,RF on,1,300.0,86.0,1.165214,2.5669664419999996,1.3600644356575309,3.050999879837036,1.4993171470024178,0.8750422514294302,1.066100278035446,1.143003780198194,1.4824032985664508,0.5045067979891678,0.1910580266060159,0.14300378019819404,0.9021781335029795,1.179810984299526,54,128
development,EMU00069989,RF on,1,300.0,86.0,1.165214,2.5669664419999996,1.3600644356575309,3.115000009536743,1.5136534089080294,0.9054996204930179,1.0197723028339536,1.1479574229310479,1.4789103481668675,0.4993189829301555,0.11427268234093568,0.14795742293104786,0.9356230188913246,1.1728083773962883,54,128
development,EMU00069989,RF on,1,300.0,86.0,1.165214,2.5669664419999996,1.3600644356575309,3.178999900817871,1.5275791234923892,0.8999627042875035,0.9768511892541618,1.1710995575041356,1.4648199536970186,0.492918636453367,0.07688848496665834,0.17109955750413564,0.8896649125609639,1.1988254457950196,54,128
development,EMU00069989,RF on,1,300.0,86.0,1.165214,2.5669664419999996,1.3600644356575309,3.243000030517578,1.5411061483839812,0.8692290480990282,0.960821858184838,1.180688240755785,1.4655254659657553,0.4981804867118841,0.09159281008580977,0.18068824075578505,0.874580728731726,1.1938788587428733,54,128
development,EMU00069989,RF on,1,300.0,86.0,1.165214,2.5669664419999996,1.3600644356575309,3.306999921798706,1.5542458000627855,0.84841688826829,0.9471041019899182,1.223124094676105,1.4660936596298144,0.5045147912347625,0.09868721372162825,0.22312409467610506,0.8330763537167499,1.1857531669062416,54,128
development,EMU00069989,RF on,1,300.0,86.0,1.165214,2.5669664419999996,1.3600644356575309,3.371000051498413,1.5670092668313529,0.8925344153981728,0.9167900871789227,1.2003232932990988,1.4723793321422836,0.5045627830972156,0.024255671780749943,0.20032329329909881,0.8436214594799878,1.184269753961336,54,128
development,EMU00069989,RF on,1,300.0,86.0,1.165214,2.5669664419999996,1.3600644356575309,3.434999942779541,1.5794072263898669,0.8966955260840717,0.850629994829277,1.1892615129482915,1.4732615592399187,0.5068458484655081,0.04606553125479462,0.18926151294829152,0.8148807683029378,1.1585410012599562,54,128
development,EMU00069989,RF on,1,300.0,86.0,1.165214,2.5669664419999996,1.3600644356575309,3.499000072479248,1.5914502354962952,0.9107026585310014,0.8124294380191119,1.176958260415978,1.4703258307294578,0.5003268056327056,0.09827322051188947,0.17695826041597806,0.793850709698537,1.1530944583081817,54,128
development,EMU00069989,RF on,1,300.0,86.0,1.165214,2.5669664419999996,1.3600644356575309,3.562999963760376,1.60314836912814,0.8599281595465025,0.8067347141273322,1.165898571599417,1.4635624994876237,0.4904501392895795,0.05319344541917026,0.165898571599417,0.8238582608989176,1.1745452310437645,54,128
development,EMU00069989,RF on,1,300.0,86.0,1.165214,2.5669664419999996,1.3600644356575309,3.626999855041504,1.614511546428203,0.8098092652109995,0.7731638800688303,1.1778198442455814,1.4542557766464825,0.4801592951257684,0.036645385142169196,0.1778198442455814,0.7237632591923824,1.1039343772913583,54,128
development,EMU00069989,RF on,1,300.0,86.0,1.165214,2.5669664419999996,1.3600644356575309,3.690999984741211,1.6255493988309917,0.8667863709352409,0.7490813455244096,1.1852746453065124,1.4454298489391784,0.47743875379468464,0.11770502541083128,0.1852746453065124,0.65685799563829,1.145232313015914,54,128
development,EMU00069989,RF on,1,300.0,86.0,1.165214,2.5669664419999996,1.3600644356575309,3.754999876022339,1.6362711604169293,0.9386310237531391,0.7331795985661165,1.1776120631741,1.4427194117529147,0.47252802898981433,0.20545142518702264,0.17761206317410005,0.5825448807002748,1.1621335825087344,54,128
development,EMU00069989,RF on,1,300.0,86.0,1.165214,2.5669664419999996,1.3600644356575309,3.819000005722046,1.6466859606755517,0.9426357607778311,0.7182813426095458,1.1640865975394035,1.444071952323236,0.4758612776983469,0.22435441816828527,0.16408659753940347,0.5450466500614164,1.1133182541457693,54,128
development,EMU00069989,RF on,1,300.0,86.0,1.165214,2.5669664419999996,1.3600644356575309,3.883000135421753,1.6568025495947836,0.8958971527727607,0.7149343689634631,1.1829138652624815,1.4473464655134598,0.4825569536046019,0.18096278380929764,0.18291386526248155,0.5340478959077168,1.1851777180395313,54,128
development,EMU00069989,RF on,1,300.0,86.0,1.165214,2.5669664419999996,1.3600644356575309,3.9469997882843018,1.666629393827122,0.8809104650982271,0.6834069160356713,1.1493041388860767,1.4535393971120012,0.48435241542072816,0.19750354906255585,0.14930413888607674,0.43277854068852784,1.2007562822698494,54,128
development,EMU00069989,RF on,1,300.0,86.0,1.165214,2.5669664419999996,1.3600644356575309,4.011000156402588,1.6761749691148449,0.9072992213732857,0.6721567919506803,1.1192900390510427,1.4783226559480407,0.49807478341885464,0.23514242942260533,0.11929003905104274,0.32748513207606433,1.1450621638432752,54,128
development,EMU00069989,RF on,1,300.0,86.0,1.165214,2.5669664419999996,1.3600644356575309,4.075000286102295,1.6854471869001517,0.8981313896275348,0.6432863850875942,1.097244653434635,1.489191266954468,0.5049193990248201,0.25484500453994063,0.09724465343463495,0.35442926344094405,1.1117027732346976,54,128
development,EMU00069989,RF on,1,300.0,86.0,1.165214,2.5669664419999996,1.3600644356575309,4.139000415802002,1.6944539093887445,0.8855733463540939,0.6037621537138194,1.0864168825800746,1.4850095831747123,0.49832494708955083,0.28181119264027454,0.08641688258007463,0.30958577603441767,1.0373997651610531,54,128
development,EMU00069989,RF on,1,300.0,86.0,1.165214,2.5669664419999996,1.3600644356575309,4.203000068664551,1.703202674377213,0.8725757989732837,0.5753917051471716,1.0927367600930935,1.494831137720226,0.5072015506889601,0.2971840938261121,0.0927367600930935,0.32880449438108894,1.060996844352765,54,128
development,EMU00069989,RF on,1,300.0,86.0,1.165214,2.5669664419999996,1.3600644356575309,4.267000198364258,1.7117009965536942,0.8668081634345411,0.5726484497392033,1.1030737732531475,1.4647711208557974,0.48025048819078686,0.2941597136953379,0.10307377325314748,0.3715967954778133,1.0761297080539767,54,128
development,EMU00069989,RF on,1,300.0,86.0,1.165214,2.5669664419999996,1.3600644356575309,4.331000328063965,1.7199559827106756,0.8755748128297274,0.5633338298657958,1.1594925136559202,1.4460199544486736,0.46727047655764553,0.31224098296393155,0.1594925136559202,0.41756875073529875,1.0698771818399813,54,128
development,EMU00069989,RF on,1,300.0,86.0,1.165214,2.5669664419999996,1.3600644356575309,4.394999980926514,1.7279745415107228,0.8766103972801927,0.5281738819248214,1.1890675545538838,1.4522848169051088,0.47132253788357154,0.34843651535537135,0.1890675545538838,0.32603203257670665,1.063152703396192,54,128
development,EMU00069989,RF on,1,300.0,86.0,1.165214,2.5669664419999996,1.3600644356575309,4.459000110626221,1.7357635604366717,0.970588586452924,0.5026416899811266,1.2086259866807318,1.4245747719517858,0.44706930351343804,0.46794689647179744,0.20862598668073185,0.3323199946973143,1.0487812269600358,54,128
development,EMU00069989,RF on,1,300.0,86.0,1.165214,2.5669664419999996,1.3600644356575309,4.523000240325928,1.7433295531202766,0.9636108183464066,0.48470577562576955,1.1929120042840684,1.4158126518637268,0.43896593276055856,0.47890504272063705,0.1929120042840684,0.2836441782865251,1.031386977930932,54,128
development,EMU00069989,RF on,1,300.0,86.0,1.165214,2.5669664419999996,1.3600644356575309,4.587000370025635,1.750678905565378,0.9971672531755235,0.4417476997542352,1.2686781586909384,1.40544147179446,0.43577789948081463,0.5554195534212882,0.26867815869093836,0.24350378718851814,1.027765370827759,54,128
development,EMU00069989,RF on,1,300.0,86.0,1.165214,2.5669664419999996,1.3600644356575309,4.651000022888184,1.7578177685025949,0.96876116147579,0.4293627406903409,1.2578818346131104,1.4107028805885453,0.4250118950248248,0.539398420785449,0.25788183461311043,0.25327875969553837,1.01646937008661,54,128
development,EMU00069989,RF on,1,300.0,86.0,1.165214,2.5669664419999996,1.3600644356575309,4.715000152587891,1.7647522738063923,0.9877926523891726,0.42747829257395165,1.2115118614183094,1.3946925049613839,0.4125810358279689,0.5603143598152209,0.21151186141830935,0.19876644113023664,1.060360107787962,54,128
development,EMU00069989,RF on,1,300.0,86.0,1.165214,2.5669664419999996,1.3600644356575309,4.779000282287598,1.7714882205144122,1.0414918766349965,0.39546440138229083,1.2384902496558052,1.3689443290614112,0.39693163077027127,0.6460274752527058,0.23849024965580523,0.17465173082464458,1.1104254094504713,54,128
development,EMU00069989,RF on,1,300.0,86.0,1.165214,2.5669664419999996,1.3600644356575309,4.843000411987305,1.7780312940381195,0.9757869465127839,0.39673283761824396,1.3156354390183052,1.3506018998161022,0.3923984672726921,0.5790541088945399,0.31563543901830515,0.1477490589559507,1.059594318893032,54,128
development,EMU00069989,RF on,1,300.0,86.0,1.165214,2.5669664419999996,1.3600644356575309,4.9070000648498535,1.7843869703269897,0.9829806825932415,0.3664609222767742,1.3404799748538963,1.3359191500340672,0.3871421132367507,0.6165197603164673,0.34047997485389625,0.11576051692585157,1.0497215647308713,54,128
development,EMU00069989,RF on,1,300.0,86.0,1.165214,2.5669664419999996,1.3600644356575309,4.9710001945495605,1.7905607085430049,0.9961583787892352,0.32995682075570276,1.2808129215916688,1.35965791415251,0.41434607016283925,0.6662015580335324,0.2808129215916688,0.1483097138050723,1.0935464201380225,54,128
development,EMU00069989,RF on,1,300.0,86.0,1.165214,2.5669664419999996,1.3600644356575309,5.035000324249268,1.7965576715260125,0.9680978031260926,0.30626143188095234,1.1923028717957713,1.399550365340921,0.435828009243571,0.6618363712451403,0.19230287179577132,0.14265949683222817,0.9888997640068506,54,128
development,EMU00069989,RF on,1,300.0,86.0,1.165214,2.5669664419999996,1.3600644356575309,5.098999977111816,1.8023828781812998,0.9572356554234142,0.2949664951510653,1.1698876521133381,1.4422438819545185,0.47086126588363214,0.6622691602723488,0.16988765211333812,0.12012000257352583,0.9898446517273867,54,128
development,EMU00069989,RF on,1,300.0,86.0,1.165214,2.5669664419999996,1.3600644356575309,5.163000106811523,1.8080413320278101,0.9545087698065093,0.3075549470456472,1.1569128050385777,1.5130603992973393,0.5349427720278322,0.6469538227608622,0.15691280503857774,0.14226348494307825,0.9842242346778158,54,128
development,EMU00069989,RF on,1,300.0,86.0,1.165214,2.5669664419999996,1.3600644356575309,5.2270002365112305,1.8135377649945588,0.9313782665085295,0.2994945004288285,1.227957908857187,1.495367158648746,0.5246371461483839,0.631883766079701,0.22795790885718703,0.10542599135324598,0.9835663331648083,54,128
development,EMU00069989,RF on,1,300.0,86.0,1.165214,2.5669664419999996,1.3600644356575309,5.2910003662109375,1.818876816293279,0.932626873870495,0.26779200484337196,1.105526385488566,1.5039148834848697,0.5258670888558548,0.6648348690271231,0.10552638548856597,0.11595385168874241,0.9581545870491817,54,128
development,EMU00069989,RF on,1,300.0,86.0,1.165214,2.5669664419999996,1.3600644356575309,5.355000019073486,1.8240629542178166,0.9613963362990242,0.24114818142748928,1.0650957760001387,1.5059277643224078,0.5213538568890599,0.7202481548715349,0.06509577600013872,0.1277279057197354,0.9851342754532252,54,128
development,EMU00069989,RF on,1,300.0,86.0,1.165214,2.5669664419999996,1.3600644356575309,5.419000148773193,1.8291006333636712,0.921641518143938,0.23853358059134927,1.0514797507973315,1.5083816345350671,0.5129677532157962,0.6831079375525888,0.05147975079733147,0.10201121106172241,0.9786895579810847,54,128
development,EMU00069989,RF on,1,300.0,86.0,1.165214,2.5669664419999996,1.3600644356575309,5.4830002784729,1.8339940665318595,0.9391565366329002,0.2598418468869542,1.1187378906471894,1.4824922511051648,0.4933501850532815,0.679314689745946,0.11873789064718943,0.10582742650221752,0.9943065172586867,54,128
development,EMU00069989,RF on,1,300.0,86.0,1.165214,2.5669664419999996,1.3600644356575309,5.547000408172607,1.838747383977896,0.996174501844267,0.23990083150789743,1.0107728764946617,1.4790188619425337,0.4790208363773914,0.7562736703363696,0.010772876494661743,0.11718729916069533,0.9909220848268102,54,128
development,EMU00069989,RF on,1,300.0,86.0,1.165214,2.5669664419999996,1.3600644356575309,5.611000061035156,1.8433645637903782,1.009642620441373,0.2301090253833351,0.9396568408483177,1.464003392002192,0.46408912943670316,0.779533595058038,0.06034315915168231,0.09548232444074206,0.9646067424568298,54,128
development,EMU00069989,RF on,1,300.0,86.0,1.165214,2.5669664419999996,1.3600644356575309,5.675000190734863,1.8478495718623675,0.9976681245424249,0.21740846305765704,0.953347490354912,1.3466527613192496,0.3471935548154593,0.7802596614847679,0.04665250964508805,0.09501594264019722,0.9361913769848206,54,128
development,EMU00069989,RF on,1,300.0,86.0,1.165214,2.5669664419999996,1.3600644356575309,5.73900032043457,1.8522061588191063,1.0191323023439265,0.23379407356443505,1.1514832385871947,1.2673786514757028,0.2936660596378277,0.7853382287794914,0.1514832385871947,0.08528839570942634,0.963333751782057,54,128
development,EMU00069989,RF on,1,300.0,86.0,1.165214,2.5669664419999996,1.3600644356575309,5.802999973297119,1.8564379707223382,1.0135253579894417,0.22592102955130836,1.2636185447244883,1.3061221245721144,0.3877824247242827,0.7876043284381333,0.2636185447244883,0.08639824902387225,0.9915595995849615,54,128
development,EMU00069989,RF on,1,300.0,86.0,1.165214,2.5669664419999996,1.3600644356575309,5.867000102996826,1.8605486424561584,0.9801328889698585,0.21689811032329465,1.2701627673694458,1.1898935939617865,0.31995400352760867,0.7632347786465639,0.2701627673694458,0.08156217257720516,0.9580271804502033,54,128
development,EMU00069989,RF on,1,300.0,86.0,1.165214,2.5669664419999996,1.3600644356575309,5.931000232696533,1.8645416116039377,1.0338624359193034,0.16958255360247965,1.4461599606851658,1.1902903251048296,0.3302837798986012,0.8642798823168237,0.44615996068516584,0.10280288888650732,0.9697879492718159,54,128
development,EMU00069989,RF on,1,300.0,86.0,1.165214,2.5669664419999996,1.3600644356575309,5.99500036239624,1.8684202483931376,0.978903918172855,0.18930419174535135,1.3411444416974732,1.1713920615793094,0.3134076334190086,0.7895997264275036,0.34114444169747316,0.09442779534370913,0.9929423450534416,54,128
development,EMU00069989,RF off,0,300.0,86.0,1.165214,2.5669664419999996,1.3600644356575309,2.2829999923706055,1.290480240652085,0.36947192197666245,1.574993340651469,1.2114819530782055,1.4893062438182798,0.5194929403146292,1.2055214186748064,0.2114819530782055,0.9413448074267594,1.2001680981335883,54,128
development,EMU00069989,RF off,0,300.0,86.0,1.165214,2.5669664419999996,1.3600644356575309,2.3469998836517334,1.3107961426068178,0.42505396373623383,1.5011600356740697,1.2268382156188735,1.4839365551758121,0.5172520292432985,1.076106071937836,0.22683821561887352,0.922343671586249,1.2019272500252567,54,128
development,EMU00069989,RF off,0,300.0,86.0,1.165214,2.5669664419999996,1.3600644356575309,2.4110000133514404,1.3305304054176792,0.47678906153707573,1.4320273931619512,1.2335809366259893,1.4863055543544084,0.519760044437423,0.9552383316248754,0.23358093662598933,0.9502943594535365,1.2057639359778256,54,128
development,EMU00069989,RF off,0,300.0,86.0,1.165214,2.5669664419999996,1.3600644356575309,2.4749999046325684,1.3496995384347905,0.4639919636248145,1.4225058686972116,1.2526695243552846,1.4763746985592794,0.5126381677049516,0.9585139050723972,0.25266952435528456,0.9412085958590645,1.209960062942824,54,128
development,EMU00069989,RF off,0,300.0,86.0,1.165214,2.5669664419999996,1.3600644356575309,2.5390000343322754,1.3683198640131937,0.512352183616571,1.373112051404553,1.2616689770626022,1.4706180932148296,0.5063155487179173,0.860759867787982,0.26166897706260217,0.9391812202868561,1.209680721102669,54,128
development,EMU00069989,RF off,0,300.0,86.0,1.165214,2.5669664419999996,1.3600644356575309,2.6029999256134033,1.3864069596019823,0.524796201561438,1.3552850441964464,1.2361214329884551,1.4625973155806418,0.4967572929149487,0.8304888426350083,0.23612143298845512,0.9304045008569131,1.2216519268390602,54,128
development,EMU00069989,RF off,0,300.0,86.0,1.165214,2.5669664419999996,1.3600644356575309,2.6670000553131104,1.4039762262104571,0.5508911899123691,1.316536349085482,1.2383220111666469,1.4590710927520982,0.4909546471179386,0.7656451591731129,0.23832201116664686,0.942867415642492,1.2183055285761084,54,128
development,EMU00069989,RF off,0,300.0,86.0,1.165214,2.5669664419999996,1.3600644356575309,2.7309999465942383,1.4210423619895745,0.5558065198642851,1.2836052628957835,1.2535091672135037,1.456745106840981,0.48824059948831905,0.7277987430314984,0.2535091672135037,0.948325626454643,1.2249243741574931,54,128
development,EMU00069989,RF off,0,300.0,86.0,1.165214,2.5669664419999996,1.3600644356575309,2.7950000762939453,1.4376198986099702,0.6326573551547056,1.2217223681291962,1.261566647202696,1.4559831958036367,0.4887042295410814,0.5890650129744907,0.26156664720269607,0.9983761718860173,1.2236203806244665,54,128
development,EMU00069989,RF off,0,300.0,86.0,1.165214,2.5669664419999996,1.3600644356575309,2.8589999675750732,1.4537227045580847,0.6437917307598522,1.2194927040490726,1.2583689597934522,1.4595371370955856,0.4936383075788075,0.5757009732892204,0.2583689597934522,0.9609215015577806,1.2288042441632803,54,128
development,EMU00069989,RF off,0,300.0,86.0,1.165214,2.5669664419999996,1.3600644356575309,2.922999858856201,1.4693644338095633,0.7111901061029778,1.1950209098718103,1.2525965521967848,1.4669217825277108,0.49822355345566127,0.4838308037688325,0.2525965521967848,0.9420509207176424,1.2322231302656041,54,128
development,EMU00069989,RF off,0,300.0,86.0,1.165214,2.5669664419999996,1.3600644356575309,2.986999988555908,1.4845583443015913,0.7966426587702741,1.1658032036031947,1.2400697458161183,1.478405852602585,0.5028222076954855,0.3691605448329206,0.24006974581611829,0.8955128445833209,1.230671236713814,54,128
development,EMU00069989,RF off,0,300.0,86.0,1.165214,2.5669664419999996,1.3600644356575309,3.050999879837036,1.4993171470024178,0.8691319675520969,1.1387551380456213,1.2372061103802505,1.4825777317386994,0.5074733997579997,0.26962317049352447,0.23720611038025052,0.931249327444776,1.2334883653346953,54,128
development,EMU00069989,RF off,0,300.0,86.0,1.165214,2.5669664419999996,1.3600644356575309,3.115000009536743,1.5136534089080294,0.8547196253409258,1.1158251695386188,1.2169607134543732,1.4887395873287088,0.5123011362837107,0.26110554419769294,0.21696071345437318,1.0138509844253325,1.2362248874257977,54,128
development,EMU00069989,RF off,0,300.0,86.0,1.165214,2.5669664419999996,1.3600644356575309,3.178999900817871,1.5275791234923892,0.8173797334215812,1.0954140038330142,1.2081087415553573,1.4996615650416785,0.5202631334058363,0.278034270411433,0.2081087415553573,1.1016295134746417,1.2341291436704105,54,128
development,EMU00069989,RF off,0,300.0,86.0,1.165214,2.5669664419999996,1.3600644356575309,3.243000030517578,1.5411061483839812,0.7690523638965869,1.0663190564381448,1.2455685193372217,1.5036778978490208,0.527882122486729,0.2972666925415579,0.24556851933722168,1.0892326108959316,1.2284553230565982,54,128
development,EMU00069989,RF off,0,300.0,86.0,1.165214,2.5669664419999996,1.3600644356575309,3.306999921798706,1.5542458000627855,0.7361928196987954,1.0351943063406828,1.2404386988568086,1.5022043015158941,0.5297241265447534,0.2990014866418874,0.24043869885680857,1.0959872150229935,1.198100388303453,54,128
development,EMU00069989,RF off,0,300.0,86.0,1.165214,2.5669664419999996,1.3600644356575309,3.371000051498413,1.5670092668313529,0.7290323505254859,0.9771754687787639,1.2471589423866192,1.5000238830906687,0.5285530111632915,0.24814311825327806,0.24715894238661917,1.0401857047679521,1.1178088896690894,54,128
development,EMU00069989,RF off,0,300.0,86.0,1.165214,2.5669664419999996,1.3600644356575309,3.434999942779541,1.5794072263898669,0.8328099733529044,0.9276562468300975,1.2703871861418994,1.4837539035339125,0.5163704779706344,0.0948462734771931,0.2703871861418994,1.037422641196969,1.1229433264998836,54,128
development,EMU00069989,RF off,0,300.0,86.0,1.165214,2.5669664419999996,1.3600644356575309,3.499000072479248,1.5914502354962952,0.835901232533783,0.9045476773129071,1.256843053118847,1.4747295407601324,0.5047646959667436,0.06864644477912407,0.25684305311884703,1.0684986380500407,1.1156775616297399,54,128
development,EMU00069989,RF off,0,300.0,86.0,1.165214,2.5669664419999996,1.3600644356575309,3.562999963760376,1.60314836912814,0.8523057488687169,0.8904351442387146,1.2730131668367544,1.4555248051200893,0.4874508841897616,0.03812939536999771,0.27301316683675436,1.0456801462553504,1.0769348992779704,54,128
development,EMU00069989,RF off,0,300.0,86.0,1.165214,2.5669664419999996,1.3600644356575309,3.626999855041504,1.614511546428203,0.8601751467868152,0.8492031838115165,1.2785839139179689,1.435203347505434,0.4702362297545126,0.010971962975298677,0.2785839139179689,1.0716402582271138,1.0804121133399736,54,128
development,EMU00069989,RF off,0,300.0,86.0,1.165214,2.5669664419999996,1.3600644356575309,3.690999984741211,1.6255493988309917,0.8749529336430127,0.8497077555727098,1.2506351709365389,1.4352968649817477,0.4692254434963131,0.02524517807030291,0.25063517093653886,1.0824037773941795,1.0834171549590765,54,128
development,EMU00069989,RF off,0,300.0,86.0,1.165214,2.5669664419999996,1.3600644356575309,3.754999876022339,1.6362711604169293,0.8708132699027178,0.8111475672062947,1.2432484977928893,1.4397874203316525,0.46943234077945845,0.05966570269642313,0.24324849779288926,0.9100437532163613,1.1781975918972534,54,128
development,EMU00069989,RF off,0,300.0,86.0,1.165214,2.5669664419999996,1.3600644356575309,3.819000005722046,1.6466859606755517,0.9124950284113652,0.7553639769234617,1.2484143292981582,1.4401200011715112,0.467398128908842,0.15713105148790352,0.2484143292981582,0.9903304013680874,1.1402431213459587,54,128
development,EMU00069989,RF off,0,300.0,86.0,1.165214,2.5669664419999996,1.3600644356575309,3.883000135421753,1.6568025495947836,0.9213848774057036,0.7495394048121937,1.1948326296943783,1.4522182556347105,0.47583651240680575,0.1718454725935099,0.1948326296943783,0.8040369243223703,1.13793849917265,54,128
development,EMU00069989,RF off,0,300.0,86.0,1.165214,2.5669664419999996,1.3600644356575309,3.9469997882843018,1.666629393827122,0.9006128489874989,0.7440007115477537,1.148978736271796,1.4769091882473404,0.4963495140450432,0.15661213743974522,0.14897873627179603,0.6276486253449304,1.1434465934267357,54,128
development,EMU00069989,RF off,0,300.0,86.0,1.165214,2.5669664419999996,1.3600644356575309,4.011000156402588,1.6761749691148449,0.856934108159776,0.7348990970492244,1.1824759769756272,1.4882374801278513,0.5110703040961487,0.1220350111105516,0.18247597697562723,0.5165422054443541,1.2113522284575027,54,128
development,EMU00069989,RF off,0,300.0,86.0,1.165214,2.5669664419999996,1.3600644356575309,4.075000286102295,1.6854471869001517,0.8213186636786207,0.7398124017449642,1.1821246800447156,1.493767304475447,0.5154961059364525,0.08150626193365651,0.1821246800447156,0.48110025615325697,1.2241598173802306,54,128
development,EMU00069989,RF off,0,300.0,86.0,1.165214,2.5669664419999996,1.3600644356575309,4.139000415802002,1.6944539093887445,0.8303480101332604,0.6913186779342058,1.1683049669170074,1.5025341003037398,0.5268216258771997,0.13902933219905467,0.16830496691700736,0.41423086785626906,1.0601984569911693,54,128
development,EMU00069989,RF off,0,300.0,86.0,1.165214,2.5669664419999996,1.3600644356575309,4.203000068664551,1.703202674377213,0.8285470147814508,0.646553596150263,1.1780474103186895,1.5059583949114044,0.5311828989223726,0.1819934186311878,0.17804741031868954,0.2965068917852334,1.0722656026237052,54,128
development,EMU00069989,RF off,0,300.0,86.0,1.165214,2.5669664419999996,1.3600644356575309,4.267000198364258,1.7117009965536942,0.9146950054863683,0.6205630194045209,1.0953122336685976,1.5093406696347218,0.5268941540117135,0.29413198608184743,0.09531223366859765,0.28800126992309893,1.0057869442693437,54,128
development,EMU00069989,RF off,0,300.0,86.0,1.165214,2.5669664419999996,1.3600644356575309,4.331000328063965,1.7199559827106756,0.9470209129123996,0.6117049158596819,1.0591971933784108,1.4839287710786504,0.4981721152150344,0.33531599705271775,0.059197193378410784,0.3094373246606108,0.9464902878441336,54,128
development,EMU00069989,RF off,0,300.0,86.0,1.165214,2.5669664419999996,1.3600644356575309,4.394999980926514,1.7279745415107228,0.9180913334272167,0.6427344432443635,1.1169655334497883,1.4524166013833204,0.4734171311880741,0.27535689018285325,0.11696553344978833,0.3872922289318208,0.9936772721925223,54,128
development,EMU00069989,RF off,0,300.0,86.0,1.165214,2.5669664419999996,1.3600644356575309,4.459000110626221,1.7357635604366717,0.9637185541942347,0.6664011279927051,1.085207259037991,1.4467817528575178,0.46266962682415563,0.29731742620152957,0.08520725903799109,0.5394492869421782,0.9752957080091652,54,128
development,EMU00069989,RF off,0,300.0,86.0,1.165214,2.5669664419999996,1.3600644356575309,4.523000240325928,1.7433295531202766,0.969109931499697,0.6344604190241688,1.1163677262018625,1.4314115150691908,0.44631632177674563,0.3346495124755282,0.11636772620186253,0.46991520479001603,0.9659604664378697,54,128
development,EMU00069989,RF off,0,300.0,86.0,1.165214,2.5669664419999996,1.3600644356575309,4.587000370025635,1.750678905565378,0.9937081698146905,0.640003992789034,1.0955022990133547,1.4265165153979331,0.442318739968878,0.3537041770256565,0.09550229901335472,0.487569523564529,0.9853374354683351,54,128
development,EMU00069989,RF off,0,300.0,86.0,1.165214,2.5669664419999996,1.3600644356575309,4.651000022888184,1.7578177685025949,1.0196216297674296,0.6035310940415726,1.0364339205939708,1.411214360537683,0.420685802240596,0.4160905357258571,0.03643392059397077,0.47689845184523083,0.9664348442627524,54,128
development,EMU00069989,RF off,0,300.0,86.0,1.165214,2.5669664419999996,1.3600644356575309,4.715000152587891,1.7647522738063923,0.9605125165896424,0.6058633968130375,1.066944853585094,1.4161150440046377,0.42447369250495487,0.35464911977660496,0.06694485358509406,0.37856703334373176,0.9675594540637604,54,128
development,EMU00069989,RF off,0,300.0,86.0,1.165214,2.5669664419999996,1.3600644356575309,4.779000282287598,1.7714882205144122,0.9679411006712576,0.6028311369542456,1.0921963391171274,1.41431965911111,0.423499984057358,0.365109963717012,0.09219633911712743,0.37870355084080665,0.9627804441343222,54,128
development,EMU00069989,RF off,0,300.0,86.0,1.165214,2.5669664419999996,1.3600644356575309,4.843000411987305,1.7780312940381195,0.9477550667846496,0.580259221037241,1.1626695654962185,1.3911188624891646,0.40853628806280046,0.36749584574740857,0.16266956549621847,0.366489243752967,0.9702994494924345,54,128
development,EMU00069989,RF off,0,300.0,86.0,1.165214,2.5669664419999996,1.3600644356575309,4.9070000648498535,1.7843869703269897,0.951665163356309,0.5583221169785506,1.2108266084902835,1.3879641318545848,0.41455224541770164,0.3933430463777584,0.21082660849028345,0.31165520568187866,0.9924936118734303,54,128
development,EMU00069989,RF off,0,300.0,86.0,1.165214,2.5669664419999996,1.3600644356575309,4.9710001945495605,1.7905607085430049,0.9496162544748245,0.5290174345474292,1.244766073644219,1.409692746900103,0.43648798294328006,0.42059881992739523,0.24476607364421898,0.30020840280026784,0.9604058292631643,54,128
development,EMU00069989,RF off,0,300.0,86.0,1.165214,2.5669664419999996,1.3600644356575309,5.035000324249268,1.7965576715260125,0.9582016603669785,0.5090167684942819,1.2193262218556986,1.4075091649454112,0.43462649739386616,0.4491848918726966,0.2193262218556986,0.31398475290390493,1.0174847647334129,54,128
development,EMU00069989,RF off,0,300.0,86.0,1.165214,2.5669664419999996,1.3600644356575309,5.098999977111816,1.8023828781812998,0.9425512684013746,0.4894966206670778,1.1814445196221621,1.384204945742685,0.41108498941544763,0.4530546477342968,0.18144451962216213,0.27603014480964755,0.9976280478281611,54,128
development,EMU00069989,RF off,0,300.0,86.0,1.165214,2.5669664419999996,1.3600644356575309,5.163000106811523,1.8080413320278101,0.9737154481914346,0.4551546024821391,1.1418614083846337,1.4229268658096828,0.4451733278104071,0.5185608457092955,0.14186140838463368,0.2673490606630379,1.0302020306347421,54,128
development,EMU00069989,RF off,0,300.0,86.0,1.165214,2.5669664419999996,1.3600644356575309,5.2270002365112305,1.8135377649945588,1.061957463898775,0.4460387695979101,1.1431534728819353,1.4398813591719264,0.4529221203659576,0.6159186943008649,0.14315347288193525,0.22197431753509725,1.0513635696903865,54,128
development,EMU00069989,RF off,0,300.0,86.0,1.165214,2.5669664419999996,1.3600644356575309,5.2910003662109375,1.818876816293279,1.0677435045061436,0.4272078784280806,1.119399137261197,1.4284969624774049,0.43681686022238575,0.640535626078063,0.11939913726119711,0.23015854495846377,1.0597266032890438,54,128
development,EMU00069989,RF off,0,300.0,86.0,1.165214,2.5669664419999996,1.3600644356575309,5.355000019073486,1.8240629542178166,1.0624278370951412,0.40331758512645016,1.0647042252587955,1.4118575259330215,0.41555559512621215,0.6591102519686911,0.06470422525879549,0.20329947078234767,1.0038619528399861,54,128
development,EMU00069989,RF off,0,300.0,86.0,1.165214,2.5669664419999996,1.3600644356575309,5.419000148773193,1.8291006333636712,1.0245611970576334,0.42428550088613315,1.0680022121861485,1.4160547631735145,0.4180835485245532,0.6002756961715002,0.06800221218614855,0.23351003637066553,1.0810809232588965,54,128
development,EMU00069989,RF off,0,300.0,86.0,1.165214,2.5669664419999996,1.3600644356575309,5.4830002784729,1.8339940665318595,1.0324496564445484,0.3941229370967472,1.0700314729500122,1.3936735290092908,0.39435169359589917,0.6383267193478013,0.07003147295001222,0.1775305039692297,1.0443523973903437,54,128
development,EMU00069989,RF off,0,300.0,86.0,1.165214,2.5669664419999996,1.3600644356575309,5.547000408172607,1.838747383977896,1.091649672594192,0.3635042961945696,1.0943999643517879,1.376061417256885,0.3778639297234325,0.7281453763996224,0.09439996435178788,0.20767589589655233,1.038583913990065,54,128
development,EMU00069989,RF off,0,300.0,86.0,1.165214,2.5669664419999996,1.3600644356575309,5.611000061035156,1.8433645637903782,1.031168698744624,0.32412447472725203,1.129587529546228,1.3185334413978085,0.32530552083012965,0.707044224017372,0.1295875295462281,0.19075821286687472,1.0479182369411106,54,128
development,EMU00069989,RF off,0,300.0,86.0,1.165214,2.5669664419999996,1.3600644356575309,5.675000190734863,1.8478495718623675,1.0219889684241223,0.3055224720699691,1.2015351758596668,1.290121861249375,0.3182726818266429,0.7164664963541533,0.20153517585966685,0.2041326674074321,1.0871889073049084,54,128
development,EMU00069989,RF off,0,300.0,86.0,1.165214,2.5669664419999996,1.3600644356575309,5.73900032043457,1.8522061588191063,1.0001322707142108,0.33183182701088126,1.3178770352950977,1.299764369945408,0.3484200127780972,0.6683004437033295,0.3178770352950977,0.1530114329712266,1.0672147459036387,54,128
development,EMU00069989,RF off,0,300.0,86.0,1.165214,2.5669664419999996,1.3600644356575309,5.802999973297119,1.8564379707223382,1.0154849025381791,0.28828203394842455,1.282829005310429,1.3162069839607504,0.3611721343392793,0.7272028685897546,0.282829005310429,0.13648490049369585,1.102476470432942,54,128
development,EMU00069989,RF off,0,300.0,86.0,1.165214,2.5669664419999996,1.3600644356575309,5.867000102996826,1.8605486424561584,1.0243334610575845,0.2648283870750165,1.3137892228233057,1.3423861566377342,0.3711920972767712,0.759505073982568,0.3137892228233057,0.13035240624063588,1.083888159099079,54,128
development,EMU00069989,RF off,0,300.0,86.0,1.165214,2.5669664419999996,1.3600644356575309,5.931000232696533,1.8645416116039377,1.0066161797888253,0.256735265328222,1.289365676566357,1.3843800219322637,0.4063699112603793,0.7498809144606033,0.28936567656635703,0.10524235372356217,1.0395353179570757,54,128
development,EMU00069989,RF off,0,300.0,86.0,1.165214,2.5669664419999996,1.3600644356575309,5.99500036239624,1.8684202483931376,1.0210185027617213,0.2531547669086144,1.2230123942060611,1.431088090733364,0.4435375758743206,0.767863735853107,0.22301239420606112,0.15401922023446482,1.0375485002015319,54,128
development,EMU00069995,RF on,1,300.0,122.0,1.652978,3.641510534,1.8645370185183194,2.2829999923706055,1.290480240652085,0.5291171110848224,1.4635840104518334,1.1573146628744153,1.0673005274757983,0.17549205865543527,0.934466899367011,0.1573146628744153,0.9750072718457619,1.3039779801195936,38,128
development,EMU00069995,RF on,1,300.0,122.0,1.652978,3.641510534,1.8645370185183194,2.3469998836517334,1.3107961426068178,0.5478912259166264,1.3945853679433218,1.1691422197060082,1.0667250201335685,0.1746039031630839,0.8466941420266954,0.16914221970600818,0.9563791695339887,1.291866608750877,38,128
development,EMU00069995,RF on,1,300.0,122.0,1.652978,3.641510534,1.8645370185183194,2.4110000133514404,1.3305304054176792,0.5422613630345717,1.382236958859616,1.167799319312324,1.0684070876599363,0.1752781300134693,0.8399755958250442,0.16779931931232395,0.9781524968489996,1.2759337927382726,38,128
development,EMU00069995,RF on,1,300.0,122.0,1.652978,3.641510534,1.8645370185183194,2.4749999046325684,1.3496995384347905,0.6163512494390687,1.3616581608236173,1.1653396293052825,1.066407907810816,0.17286573240200825,0.7453069113845486,0.16533962930528245,0.9926341205613047,1.2644560918022787,38,128
development,EMU00069995,RF on,1,300.0,122.0,1.652978,3.641510534,1.8645370185183194,2.5390000343322754,1.3683198640131937,0.5888952506703465,1.3284827398049006,1.1792382266024064,1.0682428590440352,0.17540517081797194,0.7395874891345541,0.1792382266024064,0.9816666025347008,1.2510143912410037,38,128
development,EMU00069995,RF on,1,300.0,122.0,1.652978,3.641510534,1.8645370185183194,2.6029999256134033,1.3864069596019823,0.5855798691626499,1.3247278365283894,1.1780078471990434,1.0612546719520617,0.17332919527809584,0.7391479673657395,0.1780078471990434,0.9860003869664267,1.2527650362719003,38,128
development,EMU00069995,RF on,1,300.0,122.0,1.652978,3.641510534,1.8645370185183194,2.6670000553131104,1.4039762262104571,0.6686094714023728,1.2760878913083298,1.1852805118441818,1.0608339885873672,0.17532638770053363,0.607478419905957,0.18528051184418182,0.9965964099336533,1.2517055759928277,38,128
development,EMU00069995,RF on,1,300.0,122.0,1.652978,3.641510534,1.8645370185183194,2.7309999465942383,1.4210423619895745,0.6790687812670158,1.2452220710077038,1.201381428556215,1.0611298618762137,0.17721065174414738,0.566153289740688,0.201381428556215,0.9561476685839942,1.2468857881787643,38,128
development,EMU00069995,RF on,1,300.0,122.0,1.652978,3.641510534,1.8645370185183194,2.7950000762939453,1.4376198986099702,0.6836179147335932,1.215792138650421,1.2026911654425008,1.058910843737068,0.17613653903141188,0.5321742239168277,0.20269116544250076,0.9387547416655857,1.237391851870095,38,128
development,EMU00069995,RF on,1,300.0,122.0,1.652978,3.641510534,1.8645370185183194,2.8589999675750732,1.4537227045580847,0.7227937804188559,1.181944189661043,1.190944246666902,1.0608166238144374,0.17373409094405745,0.4591504092421871,0.19094424666690202,0.9646055211699931,1.2413425670114502,38,128
development,EMU00069995,RF on,1,300.0,122.0,1.652978,3.641510534,1.8645370185183194,2.922999858856201,1.4693644338095633,0.7361681449376553,1.1212092458331986,1.196739445581657,1.0579003993950746,0.17184873816859064,0.38504110089554333,0.1967394455816569,0.908579345847913,1.2293317711032548,38,128
development,EMU00069995,RF on,1,300.0,122.0,1.652978,3.641510534,1.8645370185183194,2.986999988555908,1.4845583443015913,0.773286829474564,1.094215992148091,1.2056695693893755,1.05712348754451,0.17242795469901476,0.320929162673527,0.20566956938937553,0.9578038097491288,1.211467335795768,38,128
development,EMU00069995,RF on,1,300.0,122.0,1.652978,3.641510534,1.8645370185183194,3.050999879837036,1.4993171470024178,0.8372144170259729,1.0564092571944936,1.2287559244580362,1.0597572898990772,0.1757962874176807,0.21919484016852075,0.22875592445803616,0.945495614612898,1.1924631132850871,38,128
development,EMU00069995,RF on,1,300.0,122.0,1.652978,3.641510534,1.8645370185183194,3.115000009536743,1.5136534089080294,0.8653344036902781,1.0174254804655445,1.2304023066030307,1.061717286451609,0.1775171658518474,0.15209107677526634,0.23040230660303074,0.9267385131137243,1.1709953176417296,38,128
development,EMU00069995,RF on,1,300.0,122.0,1.652978,3.641510534,1.8645370185183194,3.178999900817871,1.5275791234923892,0.8840025278831545,1.0052476885416715,1.229613650463055,1.0615502453044372,0.18125211902646948,0.12124516065851698,0.22961365046305504,0.9416339627005283,1.1693654763189363,38,128
development,EMU00069995,RF on,1,300.0,122.0,1.652978,3.641510534,1.8645370185183194,3.243000030517578,1.5411061483839812,0.8907801259276928,0.9642715678627952,1.245363031482538,1.0660399878987235,0.1862850569000492,0.07349144193510238,0.2453630314825379,0.9623060691571652,1.157768821818825,38,128
development,EMU00069995,RF on,1,300.0,122.0,1.652978,3.641510534,1.8645370185183194,3.306999921798706,1.5542458000627855,0.8332477209296455,0.9294402180819943,1.2325394656344273,1.070320139025078,0.18739683456994446,0.09619249715234879,0.2325394656344273,0.9065719881170742,1.1450798949702516,38,128
development,EMU00069995,RF on,1,300.0,122.0,1.652978,3.641510534,1.8645370185183194,3.371000051498413,1.5670092668313529,0.825323627969457,0.8927216646281024,1.2431715479292524,1.0800184159107942,0.19714962371449027,0.06739803665864541,0.24317154792925244,0.927294547895229,1.1409037831380742,38,128
development,EMU00069995,RF on,1,300.0,122.0,1.652978,3.641510534,1.8645370185183194,3.434999942779541,1.5794072263898669,0.8216876372079717,0.8636636914957083,1.2444481524511468,1.0846400071588018,0.20162863597776418,0.04197605428773665,0.24444815245114682,0.9098715456562625,1.1211178141123246,38,128
development,EMU00069995,RF on,1,300.0,122.0,1.652978,3.641510534,1.8645370185183194,3.499000072479248,1.5914502354962952,0.7930340563277118,0.8354394368870028,1.2506738634907895,1.0859660919287395,0.206029187922158,0.042405380559290995,0.25067386349078946,0.8562312881080769,1.1135780057597748,38,128
development,EMU00069995,RF on,1,300.0,122.0,1.652978,3.641510534,1.8645370185183194,3.562999963760376,1.60314836912814,0.8439603428420848,0.8100641605388176,1.2508224827513068,1.0869293214315094,0.2016409794413054,0.033896182303267186,0.2508224827513068,0.7624942759480414,1.131702083094022,38,128
development,EMU00069995,RF on,1,300.0,122.0,1.652978,3.641510534,1.8645370185183194,3.626999855041504,1.614511546428203,0.8858878661064652,0.7736209486445678,1.2529643755009485,1.0710693444375106,0.18766118939325233,0.11226691746189743,0.2529643755009485,0.6493101621649084,1.142259145874037,38,128
development,EMU00069995,RF on,1,300.0,122.0,1.652978,3.641510534,1.8645370185183194,3.690999984741211,1.6255493988309917,0.9043236833523869,0.7457341048473265,1.2259546000026011,1.0461912225402041,0.17064224478395434,0.1585895785050604,0.22595460000260115,0.635647128079655,1.088277009417356,38,128
development,EMU00069995,RF on,1,300.0,122.0,1.652978,3.641510534,1.8645370185183194,3.754999876022339,1.6362711604169293,0.9433036692910843,0.724151836857086,1.2254902071832534,1.0381815925819928,0.15459425451173578,0.21915183243399838,0.2254902071832534,0.6494498493028014,1.0382460722726479,38,128
development,EMU00069995,RF on,1,300.0,122.0,1.652978,3.641510534,1.8645370185183194,3.819000005722046,1.6466859606755517,0.921957198287682,0.6753812989503802,1.1785262034975788,1.031378308673099,0.14370485026218605,0.24657589933730173,0.17852620349757875,0.6005940891944396,1.000991746087227,38,128
development,EMU00069995,RF on,1,300.0,122.0,1.652978,3.641510534,1.8645370185183194,3.883000135421753,1.6568025495947836,0.9428575329617299,0.651059844186585,1.1888522494241531,1.0454352750116467,0.13580730537551944,0.2917976887751449,0.18885224942415313,0.5546276979449659,0.9836917116171324,38,128
development,EMU00069995,RF on,1,300.0,122.0,1.652978,3.641510534,1.8645370185183194,3.9469997882843018,1.666629393827122,0.8804677237595867,0.6158490692248516,1.18001215831531,1.0333016714197143,0.1294383370521407,0.2646186545347351,0.18001215831531003,0.5202111886406445,0.9680791357817327,38,128
development,EMU00069995,RF on,1,300.0,122.0,1.652978,3.641510534,1.8645370185183194,4.011000156402588,1.6761749691148449,0.872155905604461,0.5503431071516804,1.1737433282369971,1.015087818403135,0.12378045435464619,0.32181279845278055,0.17374332823699712,0.411333883069394,0.9878034715461894,38,128
development,EMU00069995,RF on,1,300.0,122.0,1.652978,3.641510534,1.8645370185183194,4.075000286102295,1.6854471869001517,0.8287248952393551,0.5216147521616614,1.1416133780614313,0.9997406677947582,0.10455594664595505,0.3071101430776937,0.14161337806143126,0.3038055299888883,0.9590431380164652,38,128
development,EMU00069995,RF on,1,300.0,122.0,1.652978,3.641510534,1.8645370185183194,4.139000415802002,1.6944539093887445,0.8585532250345113,0.5053041178784425,1.1319276464147348,0.98478724904324,0.0893220408467243,0.3532491071560687,0.13192764641473476,0.2545791443516796,0.9377378984804281,38,128
development,EMU00069995,RF on,1,300.0,122.0,1.652978,3.641510534,1.8645370185183194,4.203000068664551,1.703202674377213,0.9948359535713759,0.4873640917730491,1.10774340607405,0.9659382506157209,0.08543843055404499,0.5074718617983267,0.10774340607405009,0.257304214299267,0.899146341423529,38,128
development,EMU00069995,RF on,1,300.0,122.0,1.652978,3.641510534,1.8645370185183194,4.267000198364258,1.7117009965536942,0.968740351322123,0.46342784537114434,1.0976657437611614,0.9644177991942009,0.08269109306368337,0.5053125059509787,0.09766574376116144,0.23578087638390954,0.8907573321098733,38,128
development,EMU00069995,RF on,1,300.0,122.0,1.652978,3.641510534,1.8645370185183194,4.331000328063965,1.7199559827106756,0.9941037824080955,0.4362578198434807,1.0597925116136158,0.971011522413135,0.07651372767412294,0.5578459625646148,0.05979251161361576,0.23384265001437982,0.9347898179245446,38,128
development,EMU00069995,RF on,1,300.0,122.0,1.652978,3.641510534,1.8645370185183194,4.394999980926514,1.7279745415107228,0.9515729437694979,0.43682734462077843,1.075896869849822,0.9985782936369841,0.08394747152480136,0.5147455991487194,0.07589686984982191,0.2523587858981266,0.9644808322610028,38,128
development,EMU00069995,RF on,1,300.0,122.0,1.652978,3.641510534,1.8645370185183194,4.459000110626221,1.7357635604366717,0.8883711441156453,0.40141561800267583,1.0265081940262097,1.0348640516010985,0.060537589705864224,0.4869555261129695,0.02650819402620974,0.20790674419430483,0.9604512072683398,38,128
development,EMU00069995,RF on,1,300.0,122.0,1.652978,3.641510534,1.8645370185183194,4.523000240325928,1.7433295531202766,0.844614445442436,0.40526909539143785,1.030219694943525,1.0257598415773879,0.0629883077627765,0.4393453500509982,0.030219694943524944,0.18902222959950143,0.9650399248003433,38,128
development,EMU00069995,RF on,1,300.0,122.0,1.652978,3.641510534,1.8645370185183194,4.587000370025635,1.750678905565378,0.9033253779937027,0.4125255883927945,1.008484033151292,0.9912655236889718,0.0550850753193227,0.4907997896009082,0.008484033151292092,0.21167090725643722,0.9511900401349116,38,128
development,EMU00069995,RF on,1,300.0,122.0,1.652978,3.641510534,1.8645370185183194,4.651000022888184,1.7578177685025949,0.9129030232266078,0.3773942357464719,1.016963594027172,0.9947016018129694,0.040657958451257324,0.5355087874801359,0.016963594027171958,0.1613820229620419,0.9934085333819068,38,128
development,EMU00069995,RF on,1,300.0,122.0,1.652978,3.641510534,1.8645370185183194,4.715000152587891,1.7647522738063923,1.0286109915745116,0.379707755599896,0.9893748461784486,0.9770025751477137,0.04161719366771198,0.6489032359746156,0.01062515382155138,0.15160110969989635,0.9948495127774246,38,128
development,EMU00069995,RF on,1,300.0,122.0,1.652978,3.641510534,1.8645370185183194,4.779000282287598,1.7714882205144122,1.0267415613597228,0.39661002080167806,0.9546880828666062,0.9417973820936865,0.05831426463386304,0.6301315405580448,0.045311917133393775,0.1423345697045867,0.990547195937181,38,128
development,EMU00069995,RF on,1,300.0,122.0,1.652978,3.641510534,1.8645370185183194,4.843000411987305,1.7780312940381195,0.9468793191097924,0.38357944918420983,0.9389372726652606,0.9560137118850681,0.050559681758872536,0.5632998699255826,0.061062727334739386,0.13959973702604855,1.0151838037040326,38,128
development,EMU00069995,RF on,1,300.0,122.0,1.652978,3.641510534,1.8645370185183194,4.9070000648498535,1.7843869703269897,1.0052678259939674,0.40406543247765747,0.9478337346679909,0.9898092242609734,0.026115845029004117,0.6012023935163099,0.052166265332009076,0.1478373848066921,0.9972989851440692,38,128
development,EMU00069995,RF on,1,300.0,122.0,1.652978,3.641510534,1.8645370185183194,4.9710001945495605,1.7905607085430049,0.9529396289485164,0.41366928766730804,0.9554355391202463,1.0159731967042287,0.020484878337500668,0.5392703412812083,0.04456446087975374,0.13713626074449795,0.9895014157845108,38,128
development,EMU00069995,RF on,1,300.0,122.0,1.652978,3.641510534,1.8645370185183194,5.035000324249268,1.7965576715260125,0.9609925507217425,0.41103706344171476,0.9916834321471206,1.0051191069755436,0.020753815039985173,0.5499554872800277,0.008316567852879375,0.13058737694227798,0.9277053800714212,38,128
development,EMU00069995,RF on,1,300.0,122.0,1.652978,3.641510534,1.8645370185183194,5.098999977111816,1.8023828781812998,0.9820273611236421,0.4043430973547475,0.9888010568898808,1.0113250446857704,0.04595015442836484,0.5776842637688946,0.011198943110119153,0.118874232199503,0.9600546528170353,38,128
development,EMU00069995,RF on,1,300.0,122.0,1.652978,3.641510534,1.8645370185183194,5.163000106811523,1.8080413320278101,1.0137236458509535,0.39955155048274293,0.9512239213896492,1.0283707720660593,0.056144341115734506,0.6141720953682106,0.048776078610350826,0.1028847456192357,0.9492465244064967,38,128
development,EMU00069995,RF on,1,300.0,122.0,1.652978,3.641510534,1.8645370185183194,5.2270002365112305,1.8135377649945588,1.0999867992989003,0.3681506926360231,0.9411820859123066,1.0187573288216938,0.035591096209336044,0.7318361066628771,0.058817914087693435,0.09385109568964646,0.9476379300975336,38,128
development,EMU00069995,RF on,1,300.0,122.0,1.652978,3.641510534,1.8645370185183194,5.2910003662109375,1.818876816293279,1.0261423811741808,0.37848173529468343,1.044756242519337,1.062471469849733,0.07506862643648476,0.6476606458794973,0.044756242519337075,0.08551647583899986,0.9406836841567208,38,128
development,EMU00069995,RF on,1,300.0,122.0,1.652978,3.641510534,1.8645370185183194,5.355000019073486,1.8240629542178166,1.0561863838975005,0.3630448757396716,1.0427106351133713,1.0678071721454436,0.07111099316602879,0.6931415081578289,0.042710635113371254,0.09727004401785026,0.9835828677536445,38,128
development,EMU00069995,RF on,1,300.0,122.0,1.652978,3.641510534,1.8645370185183194,5.419000148773193,1.8291006333636712,1.075955776030915,0.35623807635729116,1.0122771309435332,1.064546257442921,0.06480998958288228,0.7197176996736239,0.012277130943533221,0.08415881462966845,0.9897783355648763,38,128
development,EMU00069995,RF on,1,300.0,122.0,1.652978,3.641510534,1.8645370185183194,5.4830002784729,1.8339940665318595,1.0338865326744036,0.3460565610270947,1.0500020862154806,1.0847788248118995,0.08679869247554653,0.6878299716473089,0.050002086215480634,0.09374043848816693,1.0110901188947845,38,128
development,EMU00069995,RF on,1,300.0,122.0,1.652978,3.641510534,1.8645370185183194,5.547000408172607,1.838747383977896,1.0178138735222504,0.3452842129923017,0.9318633128718473,1.0611696912626734,0.08329216879751841,0.6725296605299487,0.06813668712815268,0.0756932224129486,1.0331399446154141,38,128
development,EMU00069995,RF on,1,300.0,122.0,1.652978,3.641510534,1.8645370185183194,5.611000061035156,1.8433645637903782,1.0151795014730935,0.32938697347238377,0.9753158539105428,1.0269166614496152,0.05738301465958137,0.6857925280007098,0.024684146089457237,0.08947305517585702,1.0207740151631488,38,128
development,EMU00069995,RF on,1,300.0,122.0,1.652978,3.641510534,1.8645370185183194,5.675000190734863,1.8478495718623675,1.006655747787446,0.32030079205311957,1.024609705125092,1.052147659858541,0.05762755186162535,0.6863549557343265,0.024609705125091974,0.09552248665745829,0.9928210355669599,38,128
development,EMU00069995,RF on,1,300.0,122.0,1.652978,3.641510534,1.8645370185183194,5.73900032043457,1.8522061588191063,1.046324296301758,0.315912302382899,0.9715944182457792,1.0630603141690353,0.0651908607014861,0.730411993918859,0.02840558175422081,0.0894532045077896,1.0112900362643542,38,128
development,EMU00069995,RF on,1,300.0,122.0,1.652978,3.641510534,1.8645370185183194,5.802999973297119,1.8564379707223382,0.9932320023830896,0.29928008266912964,1.0416905565505648,1.071760113639529,0.0726768414123851,0.69395191971396,0.04169055655056475,0.08729452765717513,1.0052812356497869,38,128
development,EMU00069995,RF on,1,300.0,122.0,1.652978,3.641510534,1.8645370185183194,5.867000102996826,1.8605486424561584,0.9491822392467353,0.3074355394538878,0.9895909559760032,1.1062917158614172,0.10790446769708775,0.6417466997928475,0.010409044023996783,0.09354582432526945,1.0208319145020752,38,128
development,EMU00069995,RF on,1,300.0,122.0,1.652978,3.641510534,1.8645370185183194,5.931000232696533,1.8645416116039377,0.9479307171534673,0.31197210962101657,0.9949782425185245,1.0928256268289822,0.09399708346267409,0.6359586075324508,0.005021757481475486,0.10520501987241823,1.0250382991144866,38,128
development,EMU00069995,RF on,1,300.0,122.0,1.652978,3.641510534,1.8645370185183194,5.99500036239624,1.8684202483931376,0.9220839422725087,0.3251884427084558,1.0305628779755462,1.1274939383395493,0.13569174416203067,0.5968954995640529,0.030562877975546243,0.10117696698071835,1.0289357460898105,38,128
development,EMU00069995,RF off,0,300.0,122.0,1.652978,3.641510534,1.8645370185183194,2.2829999923706055,1.290480240652085,0.4241409392284232,1.3805559329434933,1.1396653648130257,1.0647904017861864,0.14941002370128345,0.9564149937150701,0.13966536481302572,0.9080701718554467,1.2974593486412798,38,128
development,EMU00069995,RF off,0,300.0,122.0,1.652978,3.641510534,1.8645370185183194,2.3469998836517334,1.3107961426068178,0.46342993680031463,1.3471511064726136,1.156431616894444,1.0669927097968201,0.14544613286365557,0.883721169672299,0.15643161689444396,0.9112102356752637,1.2894410563196894,38,128
development,EMU00069995,RF off,0,300.0,122.0,1.652978,3.641510534,1.8645370185183194,2.4110000133514404,1.3305304054176792,0.49663283656559304,1.3138740725012767,1.151479293399075,1.0655465855175466,0.14594993586778482,0.8172412359356838,0.15147929339907495,0.9058017145425812,1.2786101508685135,38,128
development,EMU00069995,RF off,0,300.0,122.0,1.652978,3.641510534,1.8645370185183194,2.4749999046325684,1.3496995384347905,0.5588762271822806,1.2801123457715895,1.1736641024163825,1.0754224012909916,0.15843083785623857,0.7212361185893089,0.17366410241638253,0.9396561959430869,1.2690834591724693,38,128
development,EMU00069995,RF off,0,300.0,122.0,1.652978,3.641510534,1.8645370185183194,2.5390000343322754,1.3683198640131937,0.5825850701691391,1.2240120612978205,1.1972050193556412,1.0873306288861957,0.17596331928114772,0.6414269911286814,0.19720501935564116,0.9318372270696176,1.257245335590794,38,128
development,EMU00069995,RF off,0,300.0,122.0,1.652978,3.641510534,1.8645370185183194,2.6029999256134033,1.3864069596019823,0.6143221818469357,1.1794287146146518,1.193958975749908,1.0905577654935275,0.18155216536409283,0.5651065327677162,0.19395897574990806,0.8994547463454061,1.2493817212017442,38,128
development,EMU00069995,RF off,0,300.0,122.0,1.652978,3.641510534,1.8645370185183194,2.6670000553131104,1.4039762262104571,0.6614184381252532,1.141957598732552,1.1899545316973996,1.0933445817065408,0.18122178631310126,0.48053916060729884,0.18995453169739962,0.9211101711213088,1.2419349384560703,38,128
development,EMU00069995,RF off,0,300.0,122.0,1.652978,3.641510534,1.8645370185183194,2.7309999465942383,1.4210423619895745,0.7684728104815226,1.0960921950429303,1.1877812181785603,1.0928667150900486,0.1798724796565146,0.3276193845614077,0.1877812181785603,0.9204257194503327,1.2359240851228988,38,128
development,EMU00069995,RF off,0,300.0,122.0,1.652978,3.641510534,1.8645370185183194,2.7950000762939453,1.4376198986099702,0.8190263691912875,1.0714052312010713,1.184582190385975,1.087691072500523,0.17498303844282306,0.2523788620097839,0.184582190385975,0.8889858582065854,1.231313737157584,38,128
development,EMU00069995,RF off,0,300.0,122.0,1.652978,3.641510534,1.8645370185183194,2.8589999675750732,1.4537227045580847,0.7993356259486397,1.0293668159062856,1.1788066173334237,1.0825030194946164,0.16516589516089866,0.23003118995764593,0.17880661733342373,0.8541374675319429,1.2196247185827565,38,128
development,EMU00069995,RF off,0,300.0,122.0,1.652978,3.641510534,1.8645370185183194,2.922999858856201,1.4693644338095633,0.7466787606392489,0.9975397346528647,1.1404930652190062,1.082044829421531,0.14772342530992733,0.25086097401361585,0.14049306521900617,0.8184318377298307,1.2048949518205787,38,128
development,EMU00069995,RF off,0,300.0,122.0,1.652978,3.641510534,1.8645370185183194,2.986999988555908,1.4845583443015913,0.7537431047808189,0.9677744900791477,1.1385579122796936,1.0849585886332327,0.1422490811262501,0.21403138529832888,0.1385579122796936,0.8133037556515275,1.193449712407075,38,128
development,EMU00069995,RF off,0,300.0,122.0,1.652978,3.641510534,1.8645370185183194,3.050999879837036,1.4993171470024178,0.756199472225928,0.9364604102472367,1.1394689466781522,1.0874331989193886,0.14091974722401754,0.18026093802130871,0.13946894667815224,0.8517294240352358,1.1886504714664619,38,128
development,EMU00069995,RF off,0,300.0,122.0,1.652978,3.641510534,1.8645370185183194,3.115000009536743,1.5136534089080294,0.7356848769069715,0.8890285645287577,1.11755737919442,1.0920481644879283,0.1446799955425776,0.15334368762178618,0.11755737919442,0.8128627955432746,1.1721389995732536,38,128
development,EMU00069995,RF off,0,300.0,122.0,1.652978,3.641510534,1.8645370185183194,3.178999900817871,1.5275791234923892,0.7610021517108743,0.8384815625378124,1.1449999870410383,1.0873130251335044,0.14649626832073695,0.0774794108269381,0.14499998704103834,0.8111327479455477,1.158216157551231,38,128
development,EMU00069995,RF off,0,300.0,122.0,1.652978,3.641510534,1.8645370185183194,3.243000030517578,1.5411061483839812,0.8195355099471763,0.7974560330095025,1.1615418577593453,1.0980508100388744,0.1604289225759431,0.02207947693767376,0.16154185775934526,0.7461000229513957,1.1443857969175786,38,128
development,EMU00069995,RF off,0,300.0,122.0,1.652978,3.641510534,1.8645370185183194,3.306999921798706,1.5542458000627855,0.8584056831136858,0.760151645007125,1.1441944948399256,1.111592462119446,0.1804974399291196,0.09825403810656086,0.14419449483992564,0.7584794987519172,1.1405357678467798,38,128
development,EMU00069995,RF off,0,300.0,122.0,1.652978,3.641510534,1.8645370185183194,3.371000051498413,1.5670092668313529,0.8370180087568645,0.729953824935718,1.172462084724362,1.1262842006435332,0.19770402081484004,0.10706418382114646,0.17246208472436209,0.7823923475265235,1.1403525039139457,38,128
development,EMU00069995,RF off,0,300.0,122.0,1.652978,3.641510534,1.8645370185183194,3.434999942779541,1.5794072263898669,0.8498579676356495,0.7013240619804573,1.160063185063326,1.13302345654035,0.2081702531311098,0.1485339056551922,0.16006318506332606,0.7589499218113234,1.1406019299318837,38,128
development,EMU00069995,RF off,0,300.0,122.0,1.652978,3.641510534,1.8645370185183194,3.499000072479248,1.5914502354962952,0.8973797342338187,0.6360384497150804,1.1595948524654602,1.1375190622130256,0.21610995656872722,0.2613412845187383,0.15959485246546024,0.710295712992727,1.126067241715879,38,128
development,EMU00069995,RF off,0,300.0,122.0,1.652978,3.641510534,1.8645370185183194,3.562999963760376,1.60314836912814,0.8815389148137912,0.6329297127022513,1.1673639255441701,1.131569950032559,0.20868481558173968,0.24860920211153992,0.16736392554417012,0.6812077665731233,1.1309229857153662,38,128
development,EMU00069995,RF off,0,300.0,122.0,1.652978,3.641510534,1.8645370185183194,3.626999855041504,1.614511546428203,0.9267857503044148,0.5749665902836223,1.1637419027690372,1.1392869864710085,0.21582137516764405,0.3518191600207925,0.16374190276903722,0.6361538254569237,1.1423612820634699,38,128
development,EMU00069995,RF off,0,300.0,122.0,1.652978,3.641510534,1.8645370185183194,3.690999984741211,1.6255493988309917,0.9834955292273612,0.5337599994779937,1.1803943383664555,1.1465967617494401,0.22098355851091,0.4497355297493675,0.18039433836645546,0.5330545622476934,1.1398153793785077,38,128
development,EMU00069995,RF off,0,300.0,122.0,1.652978,3.641510534,1.8645370185183194,3.754999876022339,1.6362711604169293,0.9284223271530544,0.4912665641930457,1.1550938095387169,1.142249202560361,0.21184129543297095,0.4371557629600087,0.15509380953871688,0.5512532909724192,1.077931301887499,38,128
development,EMU00069995,RF off,0,300.0,122.0,1.652978,3.641510534,1.8645370185183194,3.819000005722046,1.6466859606755517,0.8562061506840578,0.4575472269430543,1.203802820425888,1.149325261239691,0.21458677833271628,0.39865892374100353,0.20380282042588793,0.5019414236851751,1.1112727889288725,38,128
development,EMU00069995,RF off,0,300.0,122.0,1.652978,3.641510534,1.8645370185183194,3.883000135421753,1.6568025495947836,0.8879909324292414,0.43383494913493453,1.1889219530952575,1.155162118136987,0.19641322098262393,0.4541559832943069,0.1889219530952575,0.46338813127694206,1.039374027266564,38,128
development,EMU00069995,RF off,0,300.0,122.0,1.652978,3.641510534,1.8645370185183194,3.9469997882843018,1.666629393827122,0.9075936186582194,0.38826197589664335,1.1694385594829597,1.1422669268888122,0.1642072445803981,0.5193316427615761,0.16943855948295972,0.4296277093374316,1.0396265039568515,38,128
development,EMU00069995,RF off,0,300.0,122.0,1.652978,3.641510534,1.8645370185183194,4.011000156402588,1.6761749691148449,0.9661093335377269,0.401055504662558,1.1329801541677544,1.1073829880148405,0.12232062975817536,0.5650538288751689,0.13298015416775444,0.3847780323578778,1.0336534079402266,38,128
development,EMU00069995,RF off,0,300.0,122.0,1.652978,3.641510534,1.8645370185183194,4.075000286102295,1.6854471869001517,0.983605048359475,0.37335694618919424,1.1268366176468079,1.0863048080802173,0.09085718998031184,0.6102481021702808,0.12683661764680787,0.3771083814093147,1.0354588144670258,38,128
development,EMU00069995,RF off,0,300.0,122.0,1.652978,3.641510534,1.8645370185183194,4.139000415802002,1.6944539093887445,0.9806592927873881,0.35544366657599635,1.0056054006724886,1.0652208993385819,0.06889195940892297,0.6252156262113917,0.005605400672488603,0.3996266375228868,0.9912260356165423,38,128
development,EMU00069995,RF off,0,300.0,122.0,1.652978,3.641510534,1.8645370185183194,4.203000068664551,1.703202674377213,1.0376163555569333,0.33029619420471024,1.0450297949495102,1.0209136714263694,0.03739622983307449,0.7073201613522231,0.045029794949510205,0.45004007848901617,0.9166388807472072,38,128
development,EMU00069995,RF off,0,300.0,122.0,1.652978,3.641510534,1.8645370185183194,4.267000198364258,1.7117009965536942,1.0096146213918153,0.321239070558173,1.1021352281735042,1.0118048153712043,0.022754726062808206,0.6883755508336423,0.10213522817350418,0.39588980574946253,0.9330238699926812,38,128
development,EMU00069995,RF off,0,300.0,122.0,1.652978,3.641510534,1.8645370185183194,4.331000328063965,1.7199559827106756,1.0398323501053552,0.3135635431960624,1.1388021389368306,1.0367078631179267,0.07895098421208675,0.7262688069092929,0.13880213893683058,0.3708239466726351,0.9493714023980513,38,128
development,EMU00069995,RF off,0,300.0,122.0,1.652978,3.641510534,1.8645370185183194,4.394999980926514,1.7279745415107228,1.1001028554864156,0.29507167232729503,1.1026898276435886,1.0465984776458308,0.08692179861826314,0.8050311831591206,0.10268982764358858,0.30562968537918456,0.9722016558300075,38,128
development,EMU00069995,RF off,0,300.0,122.0,1.652978,3.641510534,1.8645370185183194,4.459000110626221,1.7357635604366717,1.0655633881947069,0.29381729131166,1.168859358033518,1.0776647526207341,0.12915586571194143,0.7717460968830469,0.16885935803351804,0.4490272387351165,0.9343117640797922,38,128
development,EMU00069995,RF off,0,300.0,122.0,1.652978,3.641510534,1.8645370185183194,4.523000240325928,1.7433295531202766,1.0413779267169312,0.2827267863950723,1.1492414518565754,1.0755135960547675,0.12452577982732706,0.7586511403218589,0.14924145185657545,0.5420396395711654,0.9278155085263067,38,128
development,EMU00069995,RF off,0,300.0,122.0,1.652978,3.641510534,1.8645370185183194,4.587000370025635,1.750678905565378,1.078516248963814,0.2742081742213851,1.1228778909140757,1.1018700604172884,0.155177423821027,0.8043080747424289,0.12287789091407575,0.4882049363187975,0.9529581129590542,38,128
development,EMU00069995,RF off,0,300.0,122.0,1.652978,3.641510534,1.8645370185183194,4.651000022888184,1.7578177685025949,1.1002945828887853,0.29109171841819625,1.1627439659176757,1.03674867561312,0.08307696098610244,0.8092028644705891,0.1627439659176757,0.4524578363760031,0.9456552093709756,38,128
development,EMU00069995,RF off,0,300.0,122.0,1.652978,3.641510534,1.8645370185183194,4.715000152587891,1.7647522738063923,1.1065317548206783,0.31667810520353884,1.108807103664481,1.0035904925406594,0.05476610980886376,0.7898536496171396,0.1088071036644811,0.46315162683402933,0.9329721358145591,38,128
development,EMU00069995,RF off,0,300.0,122.0,1.652978,3.641510534,1.8645370185183194,4.779000282287598,1.7714882205144122,1.1105010825759307,0.331939980957781,0.9955443251901405,1.0080949109451913,0.029567703661864165,0.7785611016181497,0.004455674809859533,0.44752365594739046,0.9532449897275912,38,128
development,EMU00069995,RF off,0,300.0,122.0,1.652978,3.641510534,1.8645370185183194,4.843000411987305,1.7780312940381195,1.0695898348045203,0.3202801588801728,1.0041004852314133,1.046720742416516,0.07962500437135143,0.7493096759243475,0.0041004852314132645,0.4227312602859401,0.9370934575885611,38,128
development,EMU00069995,RF off,0,300.0,122.0,1.652978,3.641510534,1.8645370185183194,4.9070000648498535,1.7843869703269897,1.094692896541282,0.3403416476573964,0.834256839591818,1.053580300330471,0.12601587235191639,0.7543512488838857,0.16574316040818204,0.45058943854241085,0.966727405687247,38,128
development,EMU00069995,RF off,0,300.0,122.0,1.652978,3.641510534,1.8645370185183194,4.9710001945495605,1.7905607085430049,1.17639657904444,0.28738672068053595,0.8803734661468063,1.0691480219881304,0.1549937536012109,0.889009858363904,0.11962653385319366,0.4915492252539891,0.9900228510229115,38,128
development,EMU00069995,RF off,0,300.0,122.0,1.652978,3.641510534,1.8645370185183194,5.035000324249268,1.7965576715260125,1.1418245342635809,0.27556771265771285,0.9218208368329509,1.069888209232203,0.11822013227295677,0.866256821605868,0.07817916316704909,0.41123938234353025,0.9463836962215519,38,128
development,EMU00069995,RF off,0,300.0,122.0,1.652978,3.641510534,1.8645370185183194,5.098999977111816,1.8023828781812998,1.1323941775291984,0.29791110574889434,0.8832634036098925,1.0642166759951708,0.12876961773236337,0.834483071780304,0.11673659639010747,0.4423421193895067,0.9890015662068851,38,128
development,EMU00069995,RF off,0,300.0,122.0,1.652978,3.641510534,1.8645370185183194,5.163000106811523,1.8080413320278101,1.1210758373953678,0.27600941765721637,0.8586672796747021,1.0663667212381964,0.1825198273013315,0.8450664197381514,0.14133272032529787,0.43216583728422686,0.9840075556385124,38,128
development,EMU00069995,RF off,0,300.0,122.0,1.652978,3.641510534,1.8645370185183194,5.2270002365112305,1.8135377649945588,1.119746762272264,0.27725127083395085,0.8052437933821736,1.0772276486722758,0.19515212350674133,0.8424954914383133,0.19475620661782644,0.4239796760912709,0.9940303336235802,38,128
development,EMU00069995,RF off,0,300.0,122.0,1.652978,3.641510534,1.8645370185183194,5.2910003662109375,1.818876816293279,1.104972724121182,0.28250592271983366,0.736418129414953,1.0920265747246145,0.2483951466825972,0.8224668014013483,0.263581870585047,0.40077301382090635,1.0296072333210262,38,128
development,EMU00069995,RF off,0,300.0,122.0,1.652978,3.641510534,1.8645370185183194,5.355000019073486,1.8240629542178166,1.1156140742563767,0.26966535715590784,0.751542110549319,1.056488820509288,0.2426270575747318,0.8459487171004689,0.24845788945068104,0.5382730078310796,1.0304031145106363,38,128
development,EMU00069995,RF off,0,300.0,122.0,1.652978,3.641510534,1.8645370185183194,5.419000148773193,1.8291006333636712,1.1492681052925686,0.24947785302380077,0.7203905684450973,1.112010407826801,0.283518913199133,0.8997902522687679,0.2796094315549027,0.5054114115837336,1.072157577923152,38,128
development,EMU00069995,RF off,0,300.0,122.0,1.652978,3.641510534,1.8645370185183194,5.4830002784729,1.8339940665318595,1.2088832266108305,0.2633426311613446,0.7780123929311029,1.0908300351102354,0.315484722971507,0.9455405954494859,0.22198760706889709,0.5492615363589045,1.0331868492447795,38,128
development,EMU00069995,RF off,0,300.0,122.0,1.652978,3.641510534,1.8645370185183194,5.547000408172607,1.838747383977896,1.174734119709326,0.26067419367879163,0.6930987093823553,1.095678686827886,0.290854152693723,0.9140599260305343,0.3069012906176447,0.4299234813915,1.019222909130431,38,128
development,EMU00069995,RF off,0,300.0,122.0,1.652978,3.641510534,1.8645370185183194,5.611000061035156,1.8433645637903782,1.157836279709665,0.24592701656341853,0.6890061241797012,1.136293551546311,0.2920952720534365,0.9119092631462465,0.3109938758202988,0.4041730790978597,0.9933705393166758,38,128
development,EMU00069995,RF off,0,300.0,122.0,1.652978,3.641510534,1.8645370185183194,5.675000190734863,1.8478495718623675,1.1370024982285745,0.23923828191771768,0.5542159015687844,1.155813865969402,0.3626836072723753,0.8977642163108568,0.4457840984312156,0.4238576587282451,0.9832525676038568,38,128
development,EMU00069995,RF off,0,300.0,122.0,1.652978,3.641510534,1.8645370185183194,5.73900032043457,1.8522061588191063,1.1163391155321583,0.23457696407010403,0.7434176380734108,1.1592838638431007,0.31263253014548986,0.8817621514620542,0.25658236192658923,0.4107510406513333,0.9816305771395646,38,128
development,EMU00069995,RF off,0,300.0,122.0,1.652978,3.641510534,1.8645370185183194,5.802999973297119,1.8564379707223382,1.0517048438817724,0.21615182481956224,0.6084844951235229,1.1711093380240054,0.4181728390137502,0.8355530190622102,0.3915155048764771,0.3997280351949283,0.984238310741803,38,128
development,EMU00069995,RF off,0,300.0,122.0,1.652978,3.641510534,1.8645370185183194,5.867000102996826,1.8605486424561584,1.0007682781023843,0.23015642630716854,0.4760204344790653,1.123862571543784,0.5869238550326196,0.7706118517952159,0.5239795655209347,0.37853981548937327,1.0033709730834723,38,128
development,EMU00069995,RF off,0,300.0,122.0,1.652978,3.641510534,1.8645370185183194,5.931000232696533,1.8645416116039377,1.0539180711596436,0.24418643571986573,0.40963262875838724,1.02483562996657,0.5860570532621956,0.8097316354397779,0.5903673712416128,0.44354533171968935,1.048481569931138,38,128
development,EMU00069995,RF off,0,300.0,122.0,1.652978,3.641510534,1.8645370185183194,5.99500036239624,1.8684202483931376,1.0962319379265097,0.26171518602504695,0.4322312297167071,1.066852038116043,0.5892743961015208,0.8345167519014628,0.567768770283293,0.43702548951361386,1.0141925325537748,38,128
development,EMU00070001,RF on,1,300.0,158.0,2.140742,4.716054625999999,2.2375804291325356,2.2829999923706055,1.290480240652085,0.6317250214619217,1.4238952276961512,0.8877526478553108,1.0448761638577542,0.09424007093069553,0.7921702062342295,0.11224735214468917,1.052721497417023,1.2269854842439962,29,128
development,EMU00070001,RF on,1,300.0,158.0,2.140742,4.716054625999999,2.2375804291325356,2.3469998836517334,1.3107961426068178,0.6434474665997971,1.3939880426073783,0.8832585666734991,1.0476874726050014,0.09637240997821028,0.7505405760075812,0.11674143332650089,1.0462258263635886,1.224031545076108,29,128
development,EMU00070001,RF on,1,300.0,158.0,2.140742,4.716054625999999,2.2375804291325356,2.4110000133514404,1.3305304054176792,0.6267593025429229,1.3690273556772246,0.8829841905013158,1.0479583771602234,0.09823531611612608,0.7422680531343017,0.11701580949868418,1.0554575333201721,1.2304746876963377,29,128
development,EMU00070001,RF on,1,300.0,158.0,2.140742,4.716054625999999,2.2375804291325356,2.4749999046325684,1.3496995384347905,0.6500879193599927,1.3442706318803748,0.877522156764956,1.0445639650442307,0.09977965560309661,0.6941827125203821,0.12247784323504396,1.0332231868423012,1.2284724565789746,29,128
development,EMU00070001,RF on,1,300.0,158.0,2.140742,4.716054625999999,2.2375804291325356,2.5390000343322754,1.3683198640131937,0.6586771297246334,1.3446377282850928,0.8731592859836771,1.0433321582391917,0.10247186698514323,0.6859605985604593,0.1268407140163229,1.0368600911641814,1.2318864114507413,29,128
development,EMU00070001,RF on,1,300.0,158.0,2.140742,4.716054625999999,2.2375804291325356,2.6029999256134033,1.3864069596019823,0.6666090572714715,1.3297509837810315,0.8798575632660397,1.0428517372505897,0.10379282803610397,0.66314192650956,0.1201424367339603,1.0593013346186542,1.239765516252476,29,128
development,EMU00070001,RF on,1,300.0,158.0,2.140742,4.716054625999999,2.2375804291325356,2.6670000553131104,1.4039762262104571,0.673825471735479,1.3224175662855733,0.8739798128009637,1.0493207849562345,0.10472851152052626,0.6485920945500943,0.1260201871990363,1.0297007135089764,1.2365880019366018,29,128
development,EMU00070001,RF on,1,300.0,158.0,2.140742,4.716054625999999,2.2375804291325356,2.7309999465942383,1.4210423619895745,0.7324394886702927,1.2746502226045813,0.8872706409340965,1.0531489891498238,0.10682680560351063,0.5422107339342885,0.11272935906590353,1.0216603505368185,1.2389154514324896,29,128
development,EMU00070001,RF on,1,300.0,158.0,2.140742,4.716054625999999,2.2375804291325356,2.7950000762939453,1.4376198986099702,0.6732827580533363,1.231840246278484,0.8810216918190454,1.055259821759962,0.10913534883003823,0.5585574882251478,0.11897830818095456,1.0360047068956777,1.2409784109814868,29,128
development,EMU00070001,RF on,1,300.0,158.0,2.140742,4.716054625999999,2.2375804291325356,2.8589999675750732,1.4537227045580847,0.6619163797094438,1.193798029376092,0.8793069182338193,1.0517044873077206,0.10521607997521766,0.5318816496666481,0.12069308176618065,0.9972542662049294,1.2456949930033492,29,128
development,EMU00070001,RF on,1,300.0,158.0,2.140742,4.716054625999999,2.2375804291325356,2.922999858856201,1.4693644338095633,0.6983289410220594,1.1410940852267322,0.8813151719033026,1.0461556785646284,0.09959214455833217,0.4427651442046727,0.11868482809669745,0.9835598028452275,1.249270284522424,29,128
development,EMU00070001,RF on,1,300.0,158.0,2.140742,4.716054625999999,2.2375804291325356,2.986999988555908,1.4845583443015913,0.6921992359477321,1.1303447385790766,0.895929378952824,1.0482165459265205,0.09475428608802981,0.43814550263134444,0.10407062104717602,0.9996404588103454,1.2310371371917732,29,128
development,EMU00070001,RF on,1,300.0,158.0,2.140742,4.716054625999999,2.2375804291325356,3.050999879837036,1.4993171470024178,0.7472555794902633,1.139569016496913,0.9135394797394609,1.0404167229877714,0.08750328149256285,0.39231343700664967,0.08646052026053908,1.003855877284308,1.225567595510896,29,128
development,EMU00070001,RF on,1,300.0,158.0,2.140742,4.716054625999999,2.2375804291325356,3.115000009536743,1.5136534089080294,0.8724568867344362,1.07947242987963,0.899288226561773,1.0368951075057924,0.08926399172430836,0.20701554314519388,0.10071177343822701,0.9461120200841272,1.2216190290446156,29,128
development,EMU00070001,RF on,1,300.0,158.0,2.140742,4.716054625999999,2.2375804291325356,3.178999900817871,1.5275791234923892,0.9114016482129247,1.0376727520893996,0.9010418996820594,1.0397652338658978,0.09201769358734047,0.1262711038764749,0.09895810031794061,0.9346582713288762,1.213688147123236,29,128
development,EMU00070001,RF on,1,300.0,158.0,2.140742,4.716054625999999,2.2375804291325356,3.243000030517578,1.5411061483839812,0.902064615646528,1.0189066628926753,0.9029073799708206,1.0485992446051282,0.09546555296957442,0.11684204724614733,0.0970926200291794,0.9261509584941003,1.2126374199272907,29,128
development,EMU00070001,RF on,1,300.0,158.0,2.140742,4.716054625999999,2.2375804291325356,3.306999921798706,1.5542458000627855,0.7640398125544637,0.9737698452095227,0.8949916337223531,1.0508224117645093,0.09718017579704753,0.20973003265505896,0.10500836627764687,0.9085781037876486,1.180418638909535,29,128
development,EMU00070001,RF on,1,300.0,158.0,2.140742,4.716054625999999,2.2375804291325356,3.371000051498413,1.5670092668313529,0.8447705752900138,0.9441193788673552,0.8959735087608447,1.0458488719443415,0.09162359508599537,0.09934880357734144,0.1040264912391553,0.8581262294017752,1.1703312262770402,29,128
development,EMU00070001,RF on,1,300.0,158.0,2.140742,4.716054625999999,2.2375804291325356,3.434999942779541,1.5794072263898669,0.8717900780204474,0.9122283251410187,0.8645693192490482,1.0451738409237203,0.09088979713695693,0.04043824712057131,0.13543068075095177,0.8052731991169673,1.1001572942201459,29,128
development,EMU00070001,RF on,1,300.0,158.0,2.140742,4.716054625999999,2.2375804291325356,3.499000072479248,1.5914502354962952,0.9002309266613235,0.8821813016622055,0.8680607145688206,1.038211671427625,0.09056154203521502,0.018049624999117997,0.1319392854311794,0.7869463324721904,1.1037245420209032,29,128
development,EMU00070001,RF on,1,300.0,158.0,2.140742,4.716054625999999,2.2375804291325356,3.562999963760376,1.60314836912814,0.8893590934035122,0.8663611950461497,0.8441961777000759,1.0450030479987598,0.09974998269282326,0.022997898357362434,0.15580382229992407,0.7515303578163876,1.121878073562585,29,128
development,EMU00070001,RF on,1,300.0,158.0,2.140742,4.716054625999999,2.2375804291325356,3.626999855041504,1.614511546428203,0.9453918839391776,0.8378286372662187,0.8633608254143244,1.0563785396473628,0.10835380898766137,0.10756324667295891,0.13663917458567565,0.6969055156325188,1.1295004466332106,29,128
development,EMU00070001,RF on,1,300.0,158.0,2.140742,4.716054625999999,2.2375804291325356,3.690999984741211,1.6255493988309917,0.9316124722243134,0.8360363962457082,0.8617489224800171,1.0690740755620451,0.11555767187497672,0.09557607597860518,0.1382510775199829,0.6896355981805355,1.1456790596780646,29,128
development,EMU00070001,RF on,1,300.0,158.0,2.140742,4.716054625999999,2.2375804291325356,3.754999876022339,1.6362711604169293,0.8792577837503139,0.8045587342005251,0.8578681242335711,1.0716684074604146,0.11353596543422882,0.07469904954978879,0.14213187576642894,0.6623461740920431,1.2011975064725884,29,128
development,EMU00070001,RF on,1,300.0,158.0,2.140742,4.716054625999999,2.2375804291325356,3.819000005722046,1.6466859606755517,0.9206889224227711,0.7543029171163249,0.8606536764753261,1.076862380422512,0.11647253825613937,0.1663860053064462,0.1393463235246739,0.6396173141373426,1.1549099054922085,29,128
development,EMU00070001,RF on,1,300.0,158.0,2.140742,4.716054625999999,2.2375804291325356,3.883000135421753,1.6568025495947836,0.9482090832115851,0.7409271125614607,0.8470680309945018,1.0748355826894316,0.11473522214946878,0.20728197065012444,0.15293196900549821,0.6130936227847066,1.1121851643518865,29,128
development,EMU00070001,RF on,1,300.0,158.0,2.140742,4.716054625999999,2.2375804291325356,3.9469997882843018,1.666629393827122,0.9938702538198404,0.7447325455047167,0.8364470186023371,1.0714084586458184,0.11583874043122389,0.24913770831512372,0.16355298139766294,0.5131725433057972,1.1078083682240152,29,128
development,EMU00070001,RF on,1,300.0,158.0,2.140742,4.716054625999999,2.2375804291325356,4.011000156402588,1.6761749691148449,1.0072162578991912,0.6842489783257288,0.8377044585584041,1.0595917764657734,0.10889603154217516,0.3229672795734624,0.16229554144159586,0.5052569554609745,1.066654487403024,29,128
development,EMU00070001,RF on,1,300.0,158.0,2.140742,4.716054625999999,2.2375804291325356,4.075000286102295,1.6854471869001517,1.023004040307839,0.6504686084027854,0.8352394723865504,1.0636562316721785,0.10187870048569998,0.37253543190505367,0.16476052761344961,0.5281529525241129,1.0995463574059738,29,128
development,EMU00070001,RF on,1,300.0,158.0,2.140742,4.716054625999999,2.2375804291325356,4.139000415802002,1.6944539093887445,0.9497163865530326,0.6093844075598075,0.8336647524400211,1.0690421781432227,0.0988168477749262,0.3403319789932251,0.16633524755997886,0.4321167381794237,1.165034700734065,29,128
development,EMU00070001,RF on,1,300.0,158.0,2.140742,4.716054625999999,2.2375804291325356,4.203000068664551,1.703202674377213,0.9818360914593899,0.5701590422014533,0.8302804566133524,1.0756805003160088,0.10316327647020566,0.4116770492579366,0.16971954338664763,0.40925239641521993,1.0876703988997658,29,128
development,EMU00070001,RF on,1,300.0,158.0,2.140742,4.716054625999999,2.2375804291325356,4.267000198364258,1.7117009965536942,0.9689459901049635,0.5403788597789778,0.8315570172568588,1.0842717568490348,0.11855354155489514,0.4285671303259857,0.16844298274314118,0.3722759972109948,1.109458811150668,29,128
development,EMU00070001,RF on,1,300.0,158.0,2.140742,4.716054625999999,2.2375804291325356,4.331000328063965,1.7199559827106756,0.9821659704233766,0.5442465747464492,0.8122472990006044,1.0900778809686524,0.13042102627459481,0.4379193956769274,0.18775270099939556,0.352777840982292,1.109691636411997,29,128
development,EMU00070001,RF on,1,300.0,158.0,2.140742,4.716054625999999,2.2375804291325356,4.394999980926514,1.7279745415107228,0.9554307173911919,0.51608427814583,0.7700068437173713,1.08682239091316,0.13817344982550597,0.4393464392453619,0.22999315628262873,0.34809394092956003,1.073389447892151,29,128
development,EMU00070001,RF on,1,300.0,158.0,2.140742,4.716054625999999,2.2375804291325356,4.459000110626221,1.7357635604366717,0.9242069407383037,0.523494508816305,0.7964325464233561,1.1107685678836452,0.1537460797979141,0.4007124319219987,0.20356745357664385,0.32301053885317454,1.0996775524693834,29,128
development,EMU00070001,RF on,1,300.0,158.0,2.140742,4.716054625999999,2.2375804291325356,4.523000240325928,1.7433295531202766,0.8824534647079869,0.5139036412470592,0.7618351816951046,1.1126206721320315,0.15738615884787382,0.3685498234609277,0.23816481830489544,0.40062978795465,1.1083524469970847,29,128
development,EMU00070001,RF on,1,300.0,158.0,2.140742,4.716054625999999,2.2375804291325356,4.587000370025635,1.750678905565378,0.8835585980615313,0.4837069035684127,0.7734740506277369,1.1031438744521065,0.1526979565081106,0.3998516944931185,0.2265259493722631,0.41026858022787027,1.0795547569403419,29,128
development,EMU00070001,RF on,1,300.0,158.0,2.140742,4.716054625999999,2.2375804291325356,4.651000022888184,1.7578177685025949,0.9186271187888514,0.46483869825724733,0.7617381383326445,1.0904416998127262,0.1434886125302296,0.45378842053160406,0.23826186166735552,0.4383753697510323,1.0863637491772673,29,128
development,EMU00070001,RF on,1,300.0,158.0,2.140742,4.716054625999999,2.2375804291325356,4.715000152587891,1.7647522738063923,0.9095043387457296,0.450583170549521,0.7998464642700164,1.0882628210855418,0.12819313073487382,0.45892116819620854,0.20015353572998362,0.405764276499192,1.1233468906407775,29,128
development,EMU00070001,RF on,1,300.0,158.0,2.140742,4.716054625999999,2.2375804291325356,4.779000282287598,1.7714882205144122,0.9007424703136835,0.4233427022536842,0.7900097253833709,1.1052516709373679,0.1359275377178552,0.4773997680599993,0.2099902746166291,0.46007309384061623,1.1696695040799554,29,128
development,EMU00070001,RF on,1,300.0,158.0,2.140742,4.716054625999999,2.2375804291325356,4.843000411987305,1.7780312940381195,0.970924046236498,0.42401791602705396,0.7766958058587431,1.1133146118681059,0.14976263312095445,0.546906130209444,0.2233041941412569,0.3552636157271908,1.165980680411942,29,128
development,EMU00070001,RF on,1,300.0,158.0,2.140742,4.716054625999999,2.2375804291325356,4.9070000648498535,1.7843869703269897,0.9493367785362775,0.40878446496664744,0.7440872287064834,1.1001223911336746,0.1698968639185647,0.5405523135696301,0.25591277129351664,0.3467188426901684,1.1911240795169995,29,128
development,EMU00070001,RF on,1,300.0,158.0,2.140742,4.716054625999999,2.2375804291325356,4.9710001945495605,1.7905607085430049,0.9801137593998464,0.42033869740794816,0.7272744120723851,1.0837964516744705,0.18221435723070178,0.5597750619918982,0.2727255879276149,0.4199101720546199,1.1700919560706462,29,128
development,EMU00070001,RF on,1,300.0,158.0,2.140742,4.716054625999999,2.2375804291325356,5.035000324249268,1.7965576715260125,0.9687070900854814,0.3977731352300804,0.7016483796179496,1.0783609513938024,0.1864328599014264,0.570933954855401,0.29835162038205043,0.3331338639568794,1.1876717272171953,29,128
development,EMU00070001,RF on,1,300.0,158.0,2.140742,4.716054625999999,2.2375804291325356,5.098999977111816,1.8023828781812998,0.9980488937709329,0.37918184058418686,0.7221555581041654,1.0586286523615878,0.16442758151124673,0.618867053186746,0.27784444189583457,0.34859043827849323,1.2087737147714597,29,128
development,EMU00070001,RF on,1,300.0,158.0,2.140742,4.716054625999999,2.2375804291325356,5.163000106811523,1.8080413320278101,0.9834015441718684,0.3889303483213106,0.7576408691887981,1.0599703293581848,0.13279787087672879,0.5944711958505577,0.24235913081120186,0.37444322545963377,1.1540548606043803,29,128
development,EMU00070001,RF on,1,300.0,158.0,2.140742,4.716054625999999,2.2375804291325356,5.2270002365112305,1.8135377649945588,0.9250868206784735,0.3813276888047815,0.738102231862277,1.0546720966107836,0.12872346495226228,0.543759131873692,0.26189776813772303,0.36847028076696975,1.0949678236205034,29,128
development,EMU00070001,RF on,1,300.0,158.0,2.140742,4.716054625999999,2.2375804291325356,5.2910003662109375,1.818876816293279,0.9973475568120809,0.38216116477614936,0.789978954173389,1.0338615052327975,0.1273393642801739,0.6151863920359315,0.21002104582661096,0.315566155635727,1.1175245087153067,29,128
development,EMU00070001,RF on,1,300.0,158.0,2.140742,4.716054625999999,2.2375804291325356,5.355000019073486,1.8240629542178166,0.9866408426441527,0.39397369924883874,0.7332424216087663,1.0074639161918855,0.16781462708349457,0.592667143395314,0.2667575783912337,0.32756043323990547,1.1041310272879925,29,128
development,EMU00070001,RF on,1,300.0,158.0,2.140742,4.716054625999999,2.2375804291325356,5.419000148773193,1.8291006333636712,0.9424080453673269,0.4009421397116776,0.7352166855823485,0.9928712204667279,0.21439531787488514,0.5414659056556493,0.26478331441765146,0.26224318602096036,1.0705549921515285,29,128
development,EMU00070001,RF on,1,300.0,158.0,2.140742,4.716054625999999,2.2375804291325356,5.4830002784729,1.8339940665318595,0.9168111727731262,0.37697298903369414,0.7005912413681521,0.9772513831972743,0.23402787305429856,0.539838183739432,0.2994087586318479,0.25826514875229734,1.0523082964868689,29,128
development,EMU00070001,RF on,1,300.0,158.0,2.140742,4.716054625999999,2.2375804291325356,5.547000408172607,1.838747383977896,0.8887272054014678,0.3393822851834516,0.6963484085502001,0.9855501291816654,0.24269108492117084,0.5493449202180162,0.3036515914497999,0.22821678195396533,0.9978861172530302,29,128
development,EMU00070001,RF on,1,300.0,158.0,2.140742,4.716054625999999,2.2375804291325356,5.611000061035156,1.8433645637903782,0.8688775194894519,0.3426271932507775,0.7293136080782048,1.0127072572129843,0.2640855512281987,0.5262503262386744,0.2706863919217952,0.24949227036469948,1.029979772543749,29,128
development,EMU00070001,RF on,1,300.0,158.0,2.140742,4.716054625999999,2.2375804291325356,5.675000190734863,1.8478495718623675,0.9078896294802732,0.3336748359111824,0.7061997067882273,0.9963700047114943,0.29276705454574564,0.5742147935690908,0.2938002932117727,0.21348984090688397,0.9749190303471555,29,128
development,EMU00070001,RF on,1,300.0,158.0,2.140742,4.716054625999999,2.2375804291325356,5.73900032043457,1.8522061588191063,0.9193262242235476,0.29260262890565825,0.646472184179381,0.9469661769128661,0.2949419130660106,0.6267235953178893,0.353527815820619,0.23066267071136715,0.949590567060131,29,128
development,EMU00070001,RF on,1,300.0,158.0,2.140742,4.716054625999999,2.2375804291325356,5.802999973297119,1.8564379707223382,0.9500157199383812,0.2944934037093094,0.63852960588032,0.9157583358964255,0.302655722459864,0.6555223162290718,0.36147039411967996,0.23785061233856647,0.9148289293837005,29,128
development,EMU00070001,RF on,1,300.0,158.0,2.140742,4.716054625999999,2.2375804291325356,5.867000102996826,1.8605486424561584,0.9842223048273177,0.3167906243142019,0.6094896346818117,0.9412549677563592,0.28885444720013725,0.6674316805131157,0.3905103653181883,0.24858073423877924,0.9213396369675934,29,128
development,EMU00070001,RF on,1,300.0,158.0,2.140742,4.716054625999999,2.2375804291325356,5.931000232696533,1.8645416116039377,1.0067654328399749,0.2762008458945626,0.682520004855092,0.9428698809757321,0.23237932053749788,0.7305645869454123,0.317479995144908,0.26956347731409025,0.899714625399266,29,128
development,EMU00070001,RF on,1,300.0,158.0,2.140742,4.716054625999999,2.2375804291325356,5.99500036239624,1.8684202483931376,1.0104130227074408,0.28480387642708416,0.7441509756599058,0.9367480358609502,0.2246669533576012,0.7256091462803567,0.25584902434009416,0.3021159492979338,0.8881429240136587,29,128
development,EMU00070001,RF off,0,300.0,158.0,2.140742,4.716054625999999,2.2375804291325356,2.2829999923706055,1.290480240652085,0.5690102423189602,1.2910503924779666,0.9064818466787586,1.0299541898073503,0.08743390275246678,0.7220401501590064,0.09351815332124136,1.043776425287428,1.190058104258262,29,128
development,EMU00070001,RF off,0,300.0,158.0,2.140742,4.716054625999999,2.2375804291325356,2.3469998836517334,1.3107961426068178,0.6033301041463383,1.2530333930535629,0.8900365847564009,1.028626505671237,0.08569295312409866,0.6497032889072246,0.1099634152435991,1.0358674955170504,1.1981030180084193,29,128
development,EMU00070001,RF off,0,300.0,158.0,2.140742,4.716054625999999,2.2375804291325356,2.4110000133514404,1.3305304054176792,0.6041180092321332,1.2209113373992992,0.8980716351655194,1.036373456838073,0.08738875792333728,0.616793328167166,0.10192836483448064,1.037540122243408,1.2054570328179408,29,128
development,EMU00070001,RF off,0,300.0,158.0,2.140742,4.716054625999999,2.2375804291325356,2.4749999046325684,1.3496995384347905,0.6408112129867756,1.1592036575097926,0.8952665227400951,1.0473450185207416,0.08967085231488191,0.518392444523017,0.1047334772599049,0.9790348374183526,1.2050905751749328,29,128
development,EMU00070001,RF off,0,300.0,158.0,2.140742,4.716054625999999,2.2375804291325356,2.5390000343322754,1.3683198640131937,0.6827524734401037,1.1337772727352378,0.8998619426837302,1.0506977149815824,0.09469625970573052,0.45102479929513406,0.10013805731626979,1.006075380450837,1.1906794058112191,29,128
development,EMU00070001,RF off,0,300.0,158.0,2.140742,4.716054625999999,2.2375804291325356,2.6029999256134033,1.3864069596019823,0.7009958314940636,1.0971002047763339,0.8987751468822237,1.050730482689699,0.10414897032149527,0.3961043732822702,0.10122485311777629,1.0068820135441827,1.1875703835849365,29,128
development,EMU00070001,RF off,0,300.0,158.0,2.140742,4.716054625999999,2.2375804291325356,2.6670000553131104,1.4039762262104571,0.7052844944933773,1.0826449836093817,0.9076527853287206,1.0552668565135812,0.1123218737805226,0.3773604891160044,0.09234721467127938,0.9368624356205306,1.1893537400670888,29,128
development,EMU00070001,RF off,0,300.0,158.0,2.140742,4.716054625999999,2.2375804291325356,2.7309999465942383,1.4210423619895745,0.7525192093476122,1.0401812503479144,0.9075610119231634,1.0462593352483602,0.10449105970444744,0.28766204100030224,0.09243898807683659,0.9172926367861893,1.187395199714921,29,128
development,EMU00070001,RF off,0,300.0,158.0,2.140742,4.716054625999999,2.2375804291325356,2.7950000762939453,1.4376198986099702,0.7953791061257669,1.0121598778486127,0.9085708295553843,1.0497083749346872,0.10759631995621437,0.21678077172284582,0.09142917044461574,0.8971064666582236,1.1918393328560624,29,128
development,EMU00070001,RF off,0,300.0,158.0,2.140742,4.716054625999999,2.2375804291325356,2.8589999675750732,1.4537227045580847,0.895480935520833,0.9836737358041276,0.9088065297682895,1.0506165907765965,0.10685059370813016,0.08819280028329468,0.09119347023171054,0.8507549933669425,1.1926786711113702,29,128
development,EMU00070001,RF off,0,300.0,158.0,2.140742,4.716054625999999,2.2375804291325356,2.922999858856201,1.4693644338095633,0.8755377563959625,0.9351266223101651,0.922915026721412,1.0455688671499386,0.10265238067459917,0.05958886591420254,0.07708497327858799,0.8444933961840904,1.1941857597872299,29,128
development,EMU00070001,RF off,0,300.0,158.0,2.140742,4.716054625999999,2.2375804291325356,2.986999988555908,1.4845583443015913,0.8560272697006414,0.9081882731551169,0.9025884358064042,1.0375691816169157,0.09088371622241966,0.052161003454475496,0.09741156419359576,0.8410046748509258,1.2182003056297153,29,128
development,EMU00070001,RF off,0,300.0,158.0,2.140742,4.716054625999999,2.2375804291325356,3.050999879837036,1.4993171470024178,0.8435209394224081,0.8927066700327279,0.9104867848319388,1.0289514898769425,0.07293804363084351,0.04918573061031972,0.08951321516806121,0.8279379111319629,1.2457893280698151,29,128
development,EMU00070001,RF off,0,300.0,158.0,2.140742,4.716054625999999,2.2375804291325356,3.115000009536743,1.5136534089080294,0.8277996362186325,0.8662428119192322,0.9426788952979746,1.0275094086659695,0.06457252652150808,0.03844317570059974,0.05732110470202545,0.7902472706625925,1.2273917480589387,29,128
development,EMU00070001,RF off,0,300.0,158.0,2.140742,4.716054625999999,2.2375804291325356,3.178999900817871,1.5275791234923892,0.9432894450107712,0.8325513737087872,0.9387493292763202,1.035301861885252,0.06382348163445098,0.11073807130198399,0.061250670723679845,0.7165683869922456,1.2099446753229697,29,128
development,EMU00070001,RF off,0,300.0,158.0,2.140742,4.716054625999999,2.2375804291325356,3.243000030517578,1.5411061483839812,0.9998559604467703,0.8007952295890909,0.9383164188584127,1.0354247144954565,0.06820390463702836,0.1990607308576794,0.06168358114158734,0.6790340366437226,1.196242138783805,29,128
development,EMU00070001,RF off,0,300.0,158.0,2.140742,4.716054625999999,2.2375804291325356,3.306999921798706,1.5542458000627855,0.9883255534022949,0.7690410202354399,0.9467174114939727,1.0385346564002549,0.07299550071624132,0.21928453316685503,0.053282588506027295,0.6372047588307576,1.1750261582108945,29,128
development,EMU00070001,RF off,0,300.0,158.0,2.140742,4.716054625999999,2.2375804291325356,3.371000051498413,1.5670092668313529,0.9686371815685838,0.7159232122532471,0.9412663771044685,1.0422428846275786,0.07988838419854902,0.25271396931533674,0.05873362289553152,0.6508119389743765,1.183927249883732,29,128
development,EMU00070001,RF off,0,300.0,158.0,2.140742,4.716054625999999,2.2375804291325356,3.434999942779541,1.5794072263898669,0.9715152373213434,0.6962495726893275,0.9520088091421165,1.0410577634258678,0.08840859113539819,0.27526566463201585,0.0479911908578835,0.6424228885578784,1.1744973152776526,29,128
development,EMU00070001,RF off,0,300.0,158.0,2.140742,4.716054625999999,2.2375804291325356,3.499000072479248,1.5914502354962952,0.9696882243654537,0.6362665051278144,0.9310164802397856,1.045099378270315,0.09887706089044697,0.3334217192376393,0.06898351976021444,0.5257424320768646,1.1437538689804176,29,128
development,EMU00070001,RF off,0,300.0,158.0,2.140742,4.716054625999999,2.2375804291325356,3.562999963760376,1.60314836912814,0.954458780210733,0.5957435281301247,0.9217635281309284,1.0278488329957347,0.0876954034520949,0.3587152520806084,0.07823647186907157,0.4604232572521599,1.139799498603703,29,128
development,EMU00070001,RF off,0,300.0,158.0,2.140742,4.716054625999999,2.2375804291325356,3.626999855041504,1.614511546428203,0.9607525703840653,0.5878575229813432,0.9018791595982294,1.0292161973376894,0.0878639237531385,0.37289504740272206,0.0981208404017706,0.39513583009367503,1.1611589554919661,29,128
development,EMU00070001,RF off,0,300.0,158.0,2.140742,4.716054625999999,2.2375804291325356,3.690999984741211,1.6255493988309917,0.9574685409241809,0.5460503218145522,0.9176187061888698,1.039878444903632,0.08769192576415227,0.4114182191096287,0.08238129381113024,0.37213841381254775,1.1910900324616818,29,128
development,EMU00070001,RF off,0,300.0,158.0,2.140742,4.716054625999999,2.2375804291325356,3.754999876022339,1.6362711604169293,0.8900718667268299,0.5053467233160139,0.8936875639001797,1.0324811683998996,0.08634221064414942,0.384725143410816,0.10631243609982033,0.3395942682453903,1.2099348220255484,29,128
development,EMU00070001,RF off,0,300.0,158.0,2.140742,4.716054625999999,2.2375804291325356,3.819000005722046,1.6466859606755517,0.8980982428686902,0.4602975958732578,0.9146078726201234,1.0229142392339168,0.07719213265662164,0.4378006469954324,0.08539212737987656,0.2835969547319763,1.1785399898777524,29,128
development,EMU00070001,RF off,0,300.0,158.0,2.140742,4.716054625999999,2.2375804291325356,3.883000135421753,1.6568025495947836,0.9640586015977403,0.4015915182690787,0.9263737599840661,1.0250634959349176,0.06711193008846937,0.5624670833286616,0.07362624001593387,0.2495722076687396,1.2005514518439204,29,128
development,EMU00070001,RF off,0,300.0,158.0,2.140742,4.716054625999999,2.2375804291325356,3.9469997882843018,1.666629393827122,0.9958442769112225,0.3847730944842549,0.8872370066946793,1.032538146817269,0.07355936896995642,0.6110711824269676,0.11276299330532069,0.2589992195992038,1.1940171002601474,29,128
development,EMU00070001,RF off,0,300.0,158.0,2.140742,4.716054625999999,2.2375804291325356,4.011000156402588,1.6761749691148449,1.0483268069821745,0.40256635549023273,0.8789237266199512,1.0435096978423377,0.08976715600006607,0.6457604514919417,0.12107627338004878,0.25161205561068845,1.2130201530084785,29,128
development,EMU00070001,RF off,0,300.0,158.0,2.140742,4.716054625999999,2.2375804291325356,4.075000286102295,1.6854471869001517,1.0782260196109188,0.3862012814842817,0.8005737307204295,1.0340859837439913,0.10077577926123304,0.6920247381266371,0.19942626927957052,0.22591983501013854,1.1538514461989466,29,128
development,EMU00070001,RF off,0,300.0,158.0,2.140742,4.716054625999999,2.2375804291325356,4.139000415802002,1.6944539093887445,1.0721601314075289,0.369158937102142,0.7549258258118455,1.02248164958741,0.12573232924376967,0.7030011943053869,0.24507417418815447,0.1528725235259462,1.0532553375818328,29,128
development,EMU00070001,RF off,0,300.0,158.0,2.140742,4.716054625999999,2.2375804291325356,4.203000068664551,1.703202674377213,1.0825188415423546,0.3722531922549091,0.7957661095050493,1.0301772030352319,0.12242809041440379,0.7102656492874455,0.20423389049495067,0.15310604788957355,1.0187021371335538,29,128
development,EMU00070001,RF off,0,300.0,158.0,2.140742,4.716054625999999,2.2375804291325356,4.267000198364258,1.7117009965536942,1.0532422629661886,0.33582937337196045,0.789814974225002,1.0110815878212924,0.09491201737495501,0.7174128895942282,0.21018502577499798,0.20388087008695244,1.0544319620714746,29,128
development,EMU00070001,RF off,0,300.0,158.0,2.140742,4.716054625999999,2.2375804291325356,4.331000328063965,1.7199559827106756,1.0816795487637716,0.3199953024733282,0.8527314768587895,0.9884385768616893,0.06793230537113144,0.7616842462904434,0.14726852314121053,0.2264126441214476,1.0632623355596449,29,128
development,EMU00070001,RF off,0,300.0,158.0,2.140742,4.716054625999999,2.2375804291325356,4.394999980926514,1.7279745415107228,1.0708227227049907,0.289437312354048,0.7842757532006004,0.9967950199388002,0.06895109191872403,0.7813854103509427,0.2157242467993996,0.1973772657572839,1.0486937585722624,29,128
development,EMU00070001,RF off,0,300.0,158.0,2.140742,4.716054625999999,2.2375804291325356,4.459000110626221,1.7357635604366717,1.1141697404786417,0.3238836308085089,0.8351422058569855,0.9781181625334805,0.06760086497919152,0.7902861096701328,0.1648577941430145,0.22681257107998812,1.0534523974687249,29,128
development,EMU00070001,RF off,0,300.0,158.0,2.140742,4.716054625999999,2.2375804291325356,4.523000240325928,1.7433295531202766,1.0681196405440279,0.35964175317080527,0.7991095836511452,0.9796763214121721,0.07034328823546256,0.7084778873732226,0.20089041634885485,0.2589176879555736,1.0546943858459046,29,128
development,EMU00070001,RF off,0,300.0,158.0,2.140742,4.716054625999999,2.2375804291325356,4.587000370025635,1.750678905565378,1.0866298401799164,0.3693443109598863,0.7681922749069012,0.982510570470344,0.10267784771330299,0.7172855292200301,0.23180772509309877,0.22046463260408544,1.0341247871572885,29,128
development,EMU00070001,RF off,0,300.0,158.0,2.140742,4.716054625999999,2.2375804291325356,4.651000022888184,1.7578177685025949,1.0511403178168925,0.3454624027199024,0.7759847419463213,1.008084005974732,0.10202061641952466,0.7056779150969901,0.22401525805367872,0.2154162282669143,1.032492508905422,29,128
development,EMU00070001,RF off,0,300.0,158.0,2.140742,4.716054625999999,2.2375804291325356,4.715000152587891,1.7647522738063923,1.0656151976794117,0.32994180823372743,0.7814533290304265,1.0166104896635533,0.12238750356584464,0.7356733894456843,0.21854667096957348,0.22518800962427965,1.0024407666320614,29,128
development,EMU00070001,RF off,0,300.0,158.0,2.140742,4.716054625999999,2.2375804291325356,4.779000282287598,1.7714882205144122,1.101768636492917,0.31760256193427494,0.8235169421553235,1.060468946923826,0.13176775808523777,0.784166074558642,0.17648305784467655,0.23193453220499913,0.9872390464298713,29,128
development,EMU00070001,RF off,0,300.0,158.0,2.140742,4.716054625999999,2.2375804291325356,4.843000411987305,1.7780312940381195,1.0725720878616836,0.28972559315262936,0.8293248930196992,1.0284292874040335,0.11810048046452691,0.7828464947090542,0.17067510698030075,0.21905798000537935,0.9512827256674867,29,128
development,EMU00070001,RF off,0,300.0,158.0,2.140742,4.716054625999999,2.2375804291325356,4.9070000648498535,1.7843869703269897,1.030214976510644,0.29280921555588,0.8380165702333784,1.112596070678246,0.16974711131976605,0.7374057609547641,0.1619834297666216,0.22413298975376583,0.9458130588982372,29,128
development,EMU00070001,RF off,0,300.0,158.0,2.140742,4.716054625999999,2.2375804291325356,4.9710001945495605,1.7905607085430049,1.051456926285567,0.2800455050180153,0.8982842354688461,1.0564508030427924,0.12698157612362318,0.7714114212675518,0.10171576453115394,0.23604057146676483,0.9079186205678242,29,128
development,EMU00070001,RF off,0,300.0,158.0,2.140742,4.716054625999999,2.2375804291325356,5.035000324249268,1.7965576715260125,1.060967445857681,0.28354580156029285,0.7892351235422761,1.069136711941772,0.20619277013207268,0.7774216442973881,0.2107648764577239,0.19866643037815496,0.9825431623283656,29,128
development,EMU00070001,RF off,0,300.0,158.0,2.140742,4.716054625999999,2.2375804291325356,5.098999977111816,1.8023828781812998,1.0499876607861574,0.2588504377147316,0.764817915804505,1.0725106337759993,0.22632270015725797,0.7911372230714258,0.23518208419549502,0.1965569845019594,1.022974255562704,29,128
development,EMU00070001,RF off,0,300.0,158.0,2.140742,4.716054625999999,2.2375804291325356,5.163000106811523,1.8080413320278101,1.060336063179645,0.2474606139756833,0.779370481140961,1.07130618608139,0.22575073563465325,0.8128754492039617,0.22062951885903903,0.19145747900357157,1.0458685189337422,29,128
development,EMU00070001,RF off,0,300.0,158.0,2.140742,4.716054625999999,2.2375804291325356,5.2270002365112305,1.8135377649945588,1.0798155510573109,0.2370573771559894,0.675406016806225,1.084767026842168,0.2899568500578861,0.8427581739013215,0.32459398319377497,0.158670951683489,1.0367285937655781,29,128
development,EMU00070001,RF off,0,300.0,158.0,2.140742,4.716054625999999,2.2375804291325356,5.2910003662109375,1.818876816293279,1.0636868796493828,0.22573934164992876,0.778521622707153,1.0556479278342867,0.24492956942553937,0.8379475379994541,0.22147837729284703,0.14587226650025037,1.010871398503133,29,128
development,EMU00070001,RF off,0,300.0,158.0,2.140742,4.716054625999999,2.2375804291325356,5.355000019073486,1.8240629542178166,1.0873892185862792,0.22432657091559793,0.7642507692057131,1.0110742483413897,0.2840978506088845,0.8630626476706813,0.2357492307942869,0.15606721806846402,0.9812439353730669,29,128
development,EMU00070001,RF off,0,300.0,158.0,2.140742,4.716054625999999,2.2375804291325356,5.419000148773193,1.8291006333636712,1.0662153825107858,0.23932627349233618,0.6756169530800271,0.9949257305300065,0.29080286186939064,0.8268891090184497,0.3243830469199729,0.15533017712298422,0.9927305794081802,29,128
development,EMU00070001,RF off,0,300.0,158.0,2.140742,4.716054625999999,2.2375804291325356,5.4830002784729,1.8339940665318595,0.9771823718067624,0.2551690395177662,0.7334393194457813,1.0220147508729798,0.32370004208903813,0.7220133322889961,0.26656068055421867,0.14432739602010883,1.0062996233476467,29,128
development,EMU00070001,RF off,0,300.0,158.0,2.140742,4.716054625999999,2.2375804291325356,5.547000408172607,1.838747383977896,1.0104476719940398,0.25141631491667954,0.7286129880510417,1.0276518847235743,0.2367315077825249,0.7590313570773604,0.2713870119489583,0.1271674796698118,1.0108496410023629,29,128
development,EMU00070001,RF off,0,300.0,158.0,2.140742,4.716054625999999,2.2375804291325356,5.611000061035156,1.8433645637903782,1.0191700685948333,0.2378101993722609,0.8192381787025057,0.9662224323555055,0.21779027745301188,0.7813598692225724,0.1807618212974943,0.14459977261136897,1.0300196420802137,29,128
development,EMU00070001,RF off,0,300.0,158.0,2.140742,4.716054625999999,2.2375804291325356,5.675000190734863,1.8478495718623675,0.9912454407190956,0.2173419086463191,0.7069121289526694,0.9798386378033251,0.1991544053853685,0.7739035320727765,0.2930878710473306,0.11574634806534592,0.9869746032103721,29,128
development,EMU00070001,RF off,0,300.0,158.0,2.140742,4.716054625999999,2.2375804291325356,5.73900032043457,1.8522061588191063,1.0518452908620264,0.22293738591747253,0.7378452105745845,0.9752472591605131,0.21051558341781154,0.8289079049445538,0.2621547894254155,0.11048682015986028,0.9613099604223444,29,128
development,EMU00070001,RF off,0,300.0,158.0,2.140742,4.716054625999999,2.2375804291325356,5.802999973297119,1.8564379707223382,1.087180344809336,0.24187824752862958,0.6532161704343293,1.0546141009044159,0.22114262945953087,0.8453020972807064,0.34678382956567066,0.12665476402870607,0.9802361054875879,29,128
development,EMU00070001,RF off,0,300.0,158.0,2.140742,4.716054625999999,2.2375804291325356,5.867000102996826,1.8605486424561584,1.1221210735680962,0.28365266204709233,0.631273158504035,0.9768195568327546,0.1910139873204986,0.8384684115210039,0.368726841495965,0.11865735887970333,0.9544811288523166,29,128
development,EMU00070001,RF off,0,300.0,158.0,2.140742,4.716054625999999,2.2375804291325356,5.931000232696533,1.8645416116039377,1.1069348244052595,0.3152330117935074,0.6055487062066239,0.9921371498968162,0.19621656360921233,0.7917018126117521,0.39445129379337607,0.10521552916335142,0.9717300686730092,29,128
development,EMU00070001,RF off,0,300.0,158.0,2.140742,4.716054625999999,2.2375804291325356,5.99500036239624,1.8684202483931376,1.0709365514446918,0.30775461523471837,0.5694853235059985,0.9782828814637933,0.22210860548221883,0.7631819362099734,0.43051467649400155,0.08822305038605224,0.9886357449463352,29,128
development,EMU00070007,RF on,1,300.0,194.0,2.6285060000000002,5.790598718,2.533712523142561,2.2829999923706055,1.290480240652085,0.4830109406997976,1.4187696757559987,0.9115553098518654,1.1937055092177666,0.20871866242714843,0.9357587350562011,0.08844469014813461,1.0346365202648624,1.0609506069340378,24,128
development,EMU00070007,RF on,1,300.0,194.0,2.6285060000000002,5.790598718,2.533712523142561,2.3469998836517334,1.3107961426068178,0.49171387026524294,1.414570822098473,0.9186529899207505,1.197279241613307,0.20865771330893548,0.92285695183323,0.0813470100792495,1.0300564490434767,1.0594630882288096,24,128
development,EMU00070007,RF on,1,300.0,194.0,2.6285060000000002,5.790598718,2.533712523142561,2.4110000133514404,1.3305304054176792,0.5136636159701994,1.4064569742770954,0.9320993799607031,1.195006432722997,0.20752536220855913,0.892793358306896,0.06790062003929687,1.0301866936777246,1.0632447586510891,24,128
development,EMU00070007,RF on,1,300.0,194.0,2.6285060000000002,5.790598718,2.533712523142561,2.4749999046325684,1.3496995384347905,0.5964213695541946,1.3815482946192532,0.9193146651136432,1.198774766542011,0.21131951269686958,0.7851269250650587,0.08068533488635676,1.0120822638206795,1.0671919197704218,24,128
development,EMU00070007,RF on,1,300.0,194.0,2.6285060000000002,5.790598718,2.533712523142561,2.5390000343322754,1.3683198640131937,0.639925851808579,1.3615783727855157,0.9170300364350743,1.1963609999259184,0.20867653818101092,0.7216525209769368,0.0829699635649257,1.0004566870247937,1.063478893030064,24,128
development,EMU00070007,RF on,1,300.0,194.0,2.6285060000000002,5.790598718,2.533712523142561,2.6029999256134033,1.3864069596019823,0.6278502530794358,1.3430701010956758,0.9278841791273083,1.1922771775180778,0.2045832573216518,0.7152198480162401,0.07211582087269175,0.9780171421965416,1.0602415884529324,24,128
development,EMU00070007,RF on,1,300.0,194.0,2.6285060000000002,5.790598718,2.533712523142561,2.6670000553131104,1.4039762262104571,0.5938420129670412,1.2753412036952827,0.9338530866665823,1.193530344621665,0.20507102503963698,0.6814991907282415,0.06614691333341771,1.0008032218157439,1.054810309571752,24,128
development,EMU00070007,RF on,1,300.0,194.0,2.6285060000000002,5.790598718,2.533712523142561,2.7309999465942383,1.4210423619895745,0.6737997750074904,1.2392200921978958,0.9363093041651734,1.1967330725451677,0.20760256105995023,0.5654203171904053,0.06369069583482656,1.003625222691484,1.0556173165711873,24,128
development,EMU00070007,RF on,1,300.0,194.0,2.6285060000000002,5.790598718,2.533712523142561,2.7950000762939453,1.4376198986099702,0.7185314416826645,1.217675519094104,0.938940700217364,1.1975563447324025,0.2075337754146118,0.4991440774114395,0.06105929978263602,0.9862535804756674,1.0559437961395712,24,128
development,EMU00070007,RF on,1,300.0,194.0,2.6285060000000002,5.790598718,2.533712523142561,2.8589999675750732,1.4537227045580847,0.6953014597996283,1.2044254595889539,0.947351210764042,1.194738526504903,0.20469231029478135,0.5091239997893255,0.05264878923595795,1.004974043336809,1.0472967926811352,24,128
development,EMU00070007,RF on,1,300.0,194.0,2.6285060000000002,5.790598718,2.533712523142561,2.922999858856201,1.4693644338095633,0.7565086496030055,1.1689304317521099,0.9441621809048054,1.1923582068894227,0.20187817529542343,0.4124217821491044,0.055837819095194585,1.0156514334998605,1.0483826027933993,24,128
development,EMU00070007,RF on,1,300.0,194.0,2.6285060000000002,5.790598718,2.533712523142561,2.986999988555908,1.4845583443015913,0.750261256433449,1.0938910648183664,0.9514109624766126,1.1970218673569843,0.2052329933332483,0.3436298083849174,0.04858903752338739,1.015140731037303,1.0599650154557723,24,128
development,EMU00070007,RF on,1,300.0,194.0,2.6285060000000002,5.790598718,2.533712523142561,3.050999879837036,1.4993171470024178,0.7869397154593413,1.0404904489444546,0.9498346598807976,1.1925866420254305,0.2027877669013404,0.25355073348511337,0.05016534011920237,0.9958252574710746,1.0692613938029765,24,128
development,EMU00070007,RF on,1,300.0,194.0,2.6285060000000002,5.790598718,2.533712523142561,3.115000009536743,1.5136534089080294,0.8941742651083386,1.0127094015139289,0.930017167755111,1.1915078842883067,0.20627326449225258,0.11853513640559021,0.06998283224488899,0.9982664069874285,1.0677108272114548,24,128
development,EMU00070007,RF on,1,300.0,194.0,2.6285060000000002,5.790598718,2.533712523142561,3.178999900817871,1.5275791234923892,0.8687488698010212,0.9797832661258778,0.9271218934268667,1.185375951256911,0.20402094225678213,0.11103439632485668,0.07287810657313332,0.9801713680019765,1.09446217364049,24,128
development,EMU00070007,RF on,1,300.0,194.0,2.6285060000000002,5.790598718,2.533712523142561,3.243000030517578,1.5411061483839812,0.830957465839192,0.9413453318884883,0.9070567342829505,1.1801372304114992,0.20731793657501624,0.11038786604929629,0.09294326571704947,0.9897008330273124,1.095458477076625,24,128
development,EMU00070007,RF on,1,300.0,194.0,2.6285060000000002,5.790598718,2.533712523142561,3.306999921798706,1.5542458000627855,0.7934949062208589,0.8956489973979818,0.9013219798609042,1.174857284092301,0.20543776532519906,0.10215409117712282,0.09867802013909577,1.0152100417946515,1.1132337680414772,24,128
development,EMU00070007,RF on,1,300.0,194.0,2.6285060000000002,5.790598718,2.533712523142561,3.371000051498413,1.5670092668313529,0.7693770554506065,0.8464808531580608,0.9071332336435893,1.1789144190801748,0.20698726736488823,0.07710379770745424,0.09286676635641067,1.0103050163636258,1.086891948473919,24,128
development,EMU00070007,RF on,1,300.0,194.0,2.6285060000000002,5.790598718,2.533712523142561,3.434999942779541,1.5794072263898669,0.8492026158801995,0.8187699822887414,0.8879234720600759,1.1648816406200786,0.20103083837583544,0.03043263359145809,0.11207652793992406,1.0570843966833436,1.10703477163357,24,128
development,EMU00070007,RF on,1,300.0,194.0,2.6285060000000002,5.790598718,2.533712523142561,3.499000072479248,1.5914502354962952,1.0432517012312892,0.778405289467318,0.8999997682129279,1.16225035306282,0.20154078585509502,0.26484641176397117,0.10000023178707207,1.0321600774563742,1.0989109056708233,24,128
development,EMU00070007,RF on,1,300.0,194.0,2.6285060000000002,5.790598718,2.533712523142561,3.562999963760376,1.60314836912814,0.8773468381200091,0.7388648587016278,0.9158181255261111,1.1812508707490479,0.2203096135969922,0.13848197941838136,0.08418187447388892,0.9532565678560619,1.1237454220043146,24,128
development,EMU00070007,RF on,1,300.0,194.0,2.6285060000000002,5.790598718,2.533712523142561,3.626999855041504,1.614511546428203,0.8313358339098271,0.7059332690923177,0.8843486476825788,1.191383765395079,0.24581605011810048,0.12540256481750944,0.11565135231742119,0.8733414483157036,1.1876198060284562,24,128
development,EMU00070007,RF on,1,300.0,194.0,2.6285060000000002,5.790598718,2.533712523142561,3.690999984741211,1.6255493988309917,0.8040831870174671,0.6593639809483547,0.8895961465789237,1.1858985243276523,0.24687968258791912,0.14471920606911237,0.11040385342107628,0.9171905239831676,1.1475006069933207,24,128
development,EMU00070007,RF on,1,300.0,194.0,2.6285060000000002,5.790598718,2.533712523142561,3.754999876022339,1.6362711604169293,0.7985678971272245,0.6305334289150865,0.9307786264173658,1.1835649746722825,0.24011482918102015,0.16803446821213808,0.06922137358263425,0.9256380771219174,1.100401458275396,24,128
development,EMU00070007,RF on,1,300.0,194.0,2.6285060000000002,5.790598718,2.533712523142561,3.819000005722046,1.6466859606755517,0.8732104515253893,0.5740457978448457,0.8821218344049409,1.178139183760583,0.2437053674782937,0.2991646536805437,0.11787816559505915,0.9052505283025075,1.0999441207858327,24,128
development,EMU00070007,RF on,1,300.0,194.0,2.6285060000000002,5.790598718,2.533712523142561,3.883000135421753,1.6568025495947836,1.2021248654056291,0.5702933080857738,0.8487867286037396,1.1790789021580745,0.2503774406649386,0.6318315573198553,0.1512132713962604,0.8112352788303492,1.1133146413220092,24,128
development,EMU00070007,RF on,1,300.0,194.0,2.6285060000000002,5.790598718,2.533712523142561,3.9469997882843018,1.666629393827122,1.2055415491053763,0.53507686952596,0.815019638146335,1.1642527074279472,0.2752505779677724,0.6704646795794162,0.18498036185366495,0.7886240690201973,1.1476559979766146,24,128
development,EMU00070007,RF on,1,300.0,194.0,2.6285060000000002,5.790598718,2.533712523142561,4.011000156402588,1.6761749691148449,1.1156938194632264,0.5125363288269891,0.73164083578854,1.1653419231996185,0.30734484570570697,0.6031574906362374,0.26835916421146,0.6841818887985374,1.0980078940220297,24,128
development,EMU00070007,RF on,1,300.0,194.0,2.6285060000000002,5.790598718,2.533712523142561,4.075000286102295,1.6854471869001517,1.160767081428623,0.4737877115344882,0.6921226345095008,1.181838525534462,0.33746677223820604,0.6869793698941349,0.30787736549049916,0.6625124320270971,1.0608415077004323,24,128
development,EMU00070007,RF on,1,300.0,194.0,2.6285060000000002,5.790598718,2.533712523142561,4.139000415802002,1.6944539093887445,1.2417050837153174,0.4244233590015557,0.6058189433125064,1.1777024332496344,0.36113719169606484,0.8172817247137617,0.3941810566874936,0.6627829939959546,1.08975497113471,24,128
development,EMU00070007,RF on,1,300.0,194.0,2.6285060000000002,5.790598718,2.533712523142561,4.203000068664551,1.703202674377213,1.173863576828796,0.4098670563358905,0.6158992810971127,1.1603641231221065,0.3760214540555256,0.7639965204929055,0.38410071890288733,0.6439220059860137,1.074528999639973,24,128
development,EMU00070007,RF on,1,300.0,194.0,2.6285060000000002,5.790598718,2.533712523142561,4.267000198364258,1.7117009965536942,1.140314717216993,0.40684016302564063,0.5656097250934179,1.1351377000590086,0.40029952438717886,0.7334745541913523,0.4343902749065821,0.6350090909809467,1.0147000476415289,24,128
development,EMU00070007,RF on,1,300.0,194.0,2.6285060000000002,5.790598718,2.533712523142561,4.331000328063965,1.7199559827106756,1.138223416737562,0.38453954745372665,0.5491207117354477,1.122271738137897,0.4359796564919422,0.7536838692838354,0.45087928826455226,0.6204456949949526,1.0421479328663454,24,128
development,EMU00070007,RF on,1,300.0,194.0,2.6285060000000002,5.790598718,2.533712523142561,4.394999980926514,1.7279745415107228,1.1166658071098372,0.37692616041946225,0.5572724342017751,1.1256315563478834,0.4682613841042743,0.739739646690375,0.4427275657982249,0.6060400309217272,1.0300075518157652,24,128
development,EMU00070007,RF on,1,300.0,194.0,2.6285060000000002,5.790598718,2.533712523142561,4.459000110626221,1.7357635604366717,1.1458906846446426,0.3286021411775679,0.5592733540865263,1.0985949316508714,0.49396561663232547,0.8172885434670747,0.44072664591347366,0.6364244339019818,1.0400883681061184,24,128
development,EMU00070007,RF on,1,300.0,194.0,2.6285060000000002,5.790598718,2.533712523142561,4.523000240325928,1.7433295531202766,1.178069443325678,0.3243095682631581,0.5541194915903946,1.0795032238746602,0.5231187022298541,0.8537598750625199,0.44588050840960536,0.7021559659430558,1.0327199188461802,24,128
development,EMU00070007,RF on,1,300.0,194.0,2.6285060000000002,5.790598718,2.533712523142561,4.587000370025635,1.750678905565378,1.1172337776693175,0.3157352026300516,0.5378077906766437,1.0921625421403358,0.5321036933947945,0.8014985750392659,0.46219220932335625,0.6607982324901828,1.0081628921181411,24,128
development,EMU00070007,RF on,1,300.0,194.0,2.6285060000000002,5.790598718,2.533712523142561,4.651000022888184,1.7578177685025949,1.1142723119632354,0.35204109981535253,0.5178575471387691,1.1018105140850734,0.6121262748657568,0.7622312121478829,0.4821424528612309,0.5891185755033963,0.9721851352806828,24,128
development,EMU00070007,RF on,1,300.0,194.0,2.6285060000000002,5.790598718,2.533712523142561,4.715000152587891,1.7647522738063923,1.09805294598099,0.35998755792727277,0.5095870927310763,1.1008121020892956,0.6125396291659482,0.7380653880537172,0.4904129072689237,0.5945850930512924,0.9988560232193949,24,128
development,EMU00070007,RF on,1,300.0,194.0,2.6285060000000002,5.790598718,2.533712523142561,4.779000282287598,1.7714882205144122,1.0663434929561897,0.3541691345707967,0.5464056852420656,1.0999867029778765,0.559424603410581,0.712174358385393,0.45359431475793444,0.6709227959025121,0.9174769887045695,24,128
development,EMU00070007,RF on,1,300.0,194.0,2.6285060000000002,5.790598718,2.533712523142561,4.843000411987305,1.7780312940381195,1.0453376874805713,0.3264777517035774,0.499563256604386,1.0574628030797408,0.5476667556656336,0.7188599357769939,0.5004367433956141,0.6836063897564092,0.9911701963624835,24,128
development,EMU00070007,RF on,1,300.0,194.0,2.6285060000000002,5.790598718,2.533712523142561,4.9070000648498535,1.7843869703269897,1.0315738108250945,0.2881463332294135,0.5728849156261511,1.1019457577341762,0.5993895414268172,0.743427477595681,0.42711508437384893,0.7122998338375887,0.9442822752064406,24,128
development,EMU00070007,RF on,1,300.0,194.0,2.6285060000000002,5.790598718,2.533712523142561,4.9710001945495605,1.7905607085430049,1.0343890705935284,0.29855767314446724,0.560895859893437,1.144305200131506,0.5618320520346695,0.7358313974490611,0.43910414010656296,0.7179523379490116,0.9284607947536399,24,128
development,EMU00070007,RF on,1,300.0,194.0,2.6285060000000002,5.790598718,2.533712523142561,5.035000324249268,1.7965576715260125,1.0158757906080176,0.3423978748942822,0.5427607906928134,1.2180906022889295,0.6167145437016119,0.6734779157137354,0.45723920930718664,0.6653111564666983,0.8910548354824179,24,128
development,EMU00070007,RF on,1,300.0,194.0,2.6285060000000002,5.790598718,2.533712523142561,5.098999977111816,1.8023828781812998,1.038351097896715,0.33078596310966824,0.5464904434138913,1.2286185261851286,0.5918989652468102,0.7075651347870467,0.4535095565861087,0.5896068750035026,0.9045190833135577,24,128
development,EMU00070007,RF on,1,300.0,194.0,2.6285060000000002,5.790598718,2.533712523142561,5.163000106811523,1.8080413320278101,1.045821236120207,0.31012988792161655,0.5835175335259047,1.246888760042327,0.5551830468741411,0.7356913481985905,0.41648246647409526,0.5825115425088686,0.9775618108656212,24,128
development,EMU00070007,RF on,1,300.0,194.0,2.6285060000000002,5.790598718,2.533712523142561,5.2270002365112305,1.8135377649945588,1.0425369575076622,0.26214209000101313,0.5490518795637167,1.1973252759468593,0.5183213122689103,0.780394867506649,0.4509481204362833,0.6148065136418306,1.0326340737607276,24,128
development,EMU00070007,RF on,1,300.0,194.0,2.6285060000000002,5.790598718,2.533712523142561,5.2910003662109375,1.818876816293279,1.0757705758106861,0.24766837098664984,0.6162284276809677,1.1941448971821933,0.5631395495260206,0.8281022048240363,0.38377157231903225,0.5319953360041589,1.058787389582408,24,128
development,EMU00070007,RF on,1,300.0,194.0,2.6285060000000002,5.790598718,2.533712523142561,5.355000019073486,1.8240629542178166,1.0560919950373493,0.2550484411321695,0.5891286934206472,1.1697038038808252,0.5781744596392535,0.8010435539051798,0.4108713065793528,0.508540010062308,1.068880484620967,24,128
development,EMU00070007,RF on,1,300.0,194.0,2.6285060000000002,5.790598718,2.533712523142561,5.419000148773193,1.8291006333636712,1.0722795968685537,0.285801516805266,0.5039996867507447,1.1799679560355167,0.6251533091474074,0.7864780800632877,0.4960003132492553,0.46598567124643353,1.0367471000831325,24,128
development,EMU00070007,RF on,1,300.0,194.0,2.6285060000000002,5.790598718,2.533712523142561,5.4830002784729,1.8339940665318595,1.1167539809549922,0.26572617950888067,0.5543847128080066,1.1045034079085752,0.594185725395141,0.8510278014461116,0.4456152871919934,0.4798984016193563,1.0429935320389965,24,128
development,EMU00070007,RF on,1,300.0,194.0,2.6285060000000002,5.790598718,2.533712523142561,5.547000408172607,1.838747383977896,1.10334361421595,0.2600582280245586,0.4949192504136839,1.1132509209319978,0.6789263470483619,0.8432853861913915,0.5050807495863161,0.4633681234713426,1.066651732916136,24,128
development,EMU00070007,RF on,1,300.0,194.0,2.6285060000000002,5.790598718,2.533712523142561,5.611000061035156,1.8433645637903782,1.16894982280453,0.2532617193210363,0.5187216356118434,1.119599668323316,0.6778691495751342,0.9156881034834938,0.48127836438815663,0.4805637886362493,1.0895632603476462,24,128
development,EMU00070007,RF on,1,300.0,194.0,2.6285060000000002,5.790598718,2.533712523142561,5.675000190734863,1.8478495718623675,1.1088242220003608,0.24645717016123642,0.5050888328647848,1.1812212195047826,0.6476365939751954,0.8623670518391244,0.4949111671352152,0.44910937020572655,1.043173126190486,24,128
development,EMU00070007,RF on,1,300.0,194.0,2.6285060000000002,5.790598718,2.533712523142561,5.73900032043457,1.8522061588191063,1.0646087382591687,0.24718012122784347,0.4218429078896303,1.1112968016392184,0.714481297664367,0.8174286170313252,0.5781570921103697,0.40245175987484616,1.0628927010687068,24,128
development,EMU00070007,RF on,1,300.0,194.0,2.6285060000000002,5.790598718,2.533712523142561,5.802999973297119,1.8564379707223382,1.098051758524549,0.2863237197357865,0.3693607192694425,1.073137123568733,0.7626974590200198,0.8117280387887625,0.6306392807305575,0.35527595333827716,1.0127559502623988,24,128
development,EMU00070007,RF on,1,300.0,194.0,2.6285060000000002,5.790598718,2.533712523142561,5.867000102996826,1.8605486424561584,1.127416690504917,0.29407725075284064,0.3585159903211677,1.1170808082939767,0.7519406422187486,0.8333394397520764,0.6414840096788323,0.3295200567326953,0.9821142322168046,24,128
development,EMU00070007,RF on,1,300.0,194.0,2.6285060000000002,5.790598718,2.533712523142561,5.931000232696533,1.8645416116039377,1.0807803342264255,0.2819956443242019,0.37408922492957086,1.1099405741711792,0.7566541288364358,0.7987846899022236,0.6259107750704291,0.4356631019887602,1.005681788252196,24,128
development,EMU00070007,RF on,1,300.0,194.0,2.6285060000000002,5.790598718,2.533712523142561,5.99500036239624,1.8684202483931376,1.137474030925029,0.25970923822446684,0.343494385541885,1.06250775323634,0.7546710097797894,0.8777647927005623,0.656505614458115,0.39160806155687333,1.0271281391022908,24,128
development,EMU00070007,RF off,0,300.0,194.0,2.6285060000000002,5.790598718,2.533712523142561,2.2829999923706055,1.290480240652085,0.42682330637205823,1.334230443344805,0.9385701224657848,1.1992102047287063,0.20916042051115316,0.9074071369727467,0.06142987753421525,1.0618276631121923,1.0571346466116855,24,128
development,EMU00070007,RF off,0,300.0,194.0,2.6285060000000002,5.790598718,2.533712523142561,2.3469998836517334,1.3107961426068178,0.4643950462649752,1.3125149263896607,0.9317657180794081,1.1991575394200389,0.20822049158046213,0.8481198801246855,0.06823428192059189,1.0974063178368394,1.0562839361324636,24,128
development,EMU00070007,RF off,0,300.0,194.0,2.6285060000000002,5.790598718,2.533712523142561,2.4110000133514404,1.3305304054176792,0.5268001095537695,1.2703033801751245,0.9312940353618717,1.1987032332300234,0.2075896984352912,0.7435032706213549,0.06870596463812828,1.0771258946045725,1.0540715070571953,24,128
development,EMU00070007,RF off,0,300.0,194.0,2.6285060000000002,5.790598718,2.533712523142561,2.4749999046325684,1.3496995384347905,0.5985373217610667,1.2424446473168436,0.9422800062710912,1.1979145519655758,0.20697157503451688,0.6439073255557769,0.05771999372890879,1.0842512218909321,1.0511293150951146,24,128
development,EMU00070007,RF off,0,300.0,194.0,2.6285060000000002,5.790598718,2.533712523142561,2.5390000343322754,1.3683198640131937,0.5939021998941482,1.2409972262642404,0.9341611364642034,1.2038332282417952,0.21322574532910218,0.6470950263700922,0.0658388635357966,1.079866844398322,1.0518638412082617,24,128
development,EMU00070007,RF off,0,300.0,194.0,2.6285060000000002,5.790598718,2.533712523142561,2.6029999256134033,1.3864069596019823,0.643291282548125,1.2164321431112555,0.9468100796474473,1.204778618039618,0.21394878405517506,0.5731408605631305,0.053189920352552655,1.0633428662499622,1.0522898135325605,24,128
development,EMU00070007,RF off,0,300.0,194.0,2.6285060000000002,5.790598718,2.533712523142561,2.6670000553131104,1.4039762262104571,0.644516175311932,1.1647176521742257,0.9504383179220304,1.2056676359291356,0.2119162207596458,0.5202014768622938,0.04956168207796963,1.080693572067217,1.0455973255528905,24,128
development,EMU00070007,RF off,0,300.0,194.0,2.6285060000000002,5.790598718,2.533712523142561,2.7309999465942383,1.4210423619895745,0.6733730012526356,1.152389959189601,0.961470845690436,1.2021756958651588,0.20782535405594071,0.4790169579369654,0.03852915430956405,1.0656453144365,1.0638725573202192,24,128
development,EMU00070007,RF off,0,300.0,194.0,2.6285060000000002,5.790598718,2.533712523142561,2.7950000762939453,1.4376198986099702,0.7409010419861771,1.1434945315253242,0.9503242808197507,1.199815178030094,0.20842278790724209,0.4025934895391471,0.04967571918024927,1.0649669731263254,1.0658754672265869,24,128
development,EMU00070007,RF off,0,300.0,194.0,2.6285060000000002,5.790598718,2.533712523142561,2.8589999675750732,1.4537227045580847,0.8417460822868134,1.1038826621387843,0.9510260132941477,1.2014208581255335,0.2101867500827976,0.2621365798519709,0.04897398670585229,1.0515753545526576,1.0797582704159678,24,128
development,EMU00070007,RF off,0,300.0,194.0,2.6285060000000002,5.790598718,2.533712523142561,2.922999858856201,1.4693644338095633,0.8430100221548573,1.0721407177338822,0.9510079598700447,1.1961609535489885,0.20609174594823396,0.22913069557902488,0.04899204012995528,1.0616318306720962,1.0990079398658503,24,128
development,EMU00070007,RF off,0,300.0,194.0,2.6285060000000002,5.790598718,2.533712523142561,2.986999988555908,1.4845583443015913,0.6934777593743005,1.0413157874060186,0.9532937118075842,1.198098196399712,0.20572114929411123,0.34783802803171815,0.046706288192415846,1.0362068953316363,1.1062691058786303,24,128
development,EMU00070007,RF off,0,300.0,194.0,2.6285060000000002,5.790598718,2.533712523142561,3.050999879837036,1.4993171470024178,0.7452997397397098,1.0034905298382446,0.9665515509094034,1.1944853686172083,0.20057343316547716,0.25819079009853485,0.03344844909059663,0.9990663479273264,1.1088890164365708,24,128
development,EMU00070007,RF off,0,300.0,194.0,2.6285060000000002,5.790598718,2.533712523142561,3.115000009536743,1.5136534089080294,0.8292591795983479,0.9699809125139729,0.9623618338311055,1.1972971483023533,0.20317389925241527,0.14072173291562495,0.03763816616889448,0.9812100743465267,1.108851950707332,24,128
development,EMU00070007,RF off,0,300.0,194.0,2.6285060000000002,5.790598718,2.533712523142561,3.178999900817871,1.5275791234923892,0.9466181134837872,0.9481110406500171,0.9643051052464637,1.2070301420495015,0.2133403881043811,0.0014929271662298405,0.035694894753536266,0.9469472225826587,1.1180683464093513,24,128
development,EMU00070007,RF off,0,300.0,194.0,2.6285060000000002,5.790598718,2.533712523142561,3.243000030517578,1.5411061483839812,0.949618577622489,0.9276115713200965,0.9721612383762372,1.2064711162596882,0.21373239461539073,0.022007006302392496,0.027838761623762753,0.9529735702717766,1.1354145365507335,24,128
development,EMU00070007,RF off,0,300.0,194.0,2.6285060000000002,5.790598718,2.533712523142561,3.306999921798706,1.5542458000627855,0.9447540893728475,0.8728651929904883,0.9767411937840541,1.200915520915769,0.20826081710665323,0.07188889638235929,0.023258806215945893,1.0307708724003886,1.165074343761681,24,128
development,EMU00070007,RF off,0,300.0,194.0,2.6285060000000002,5.790598718,2.533712523142561,3.371000051498413,1.5670092668313529,0.8778877246624783,0.8279780508767149,0.9726847088348698,1.2102927875669303,0.2158098188132268,0.04990967378576339,0.027315291165130207,1.017130519740703,1.15477052503332,24,128
development,EMU00070007,RF off,0,300.0,194.0,2.6285060000000002,5.790598718,2.533712523142561,3.434999942779541,1.5794072263898669,0.8807409808562593,0.766541120831921,0.9792519987889976,1.223942716904853,0.22967084231858748,0.11419986002433824,0.020748001211002398,1.094139710543983,1.1717648447123983,24,128
development,EMU00070007,RF off,0,300.0,194.0,2.6285060000000002,5.790598718,2.533712523142561,3.499000072479248,1.5914502354962952,0.8912156465413095,0.7451027268074868,0.984334796240637,1.2301495771937756,0.2342439338190746,0.14611291973382268,0.015665203759362978,1.1034369062949727,1.2011833024537002,24,128
development,EMU00070007,RF off,0,300.0,194.0,2.6285060000000002,5.790598718,2.533712523142561,3.562999963760376,1.60314836912814,0.9705564415884012,0.6879456044868821,0.9833939975695063,1.236242686701104,0.23917203489918254,0.282610837101519,0.016606002430493705,1.1442541363208787,1.2107017504539437,24,128
development,EMU00070007,RF off,0,300.0,194.0,2.6285060000000002,5.790598718,2.533712523142561,3.626999855041504,1.614511546428203,1.0115463272812981,0.6433071774739693,0.9863365922665722,1.2252991677908542,0.2274369726393628,0.36823914980732886,0.01366340773342778,1.0892514978147974,1.2246708108069122,24,128
development,EMU00070007,RF off,0,300.0,194.0,2.6285060000000002,5.790598718,2.533712523142561,3.690999984741211,1.6255493988309917,0.9855506977600015,0.611748155486125,0.9768595984228324,1.2393700026374868,0.24083209483511742,0.37380254227387644,0.02314040157716757,1.0342557298693387,1.2418790282503347,24,128
development,EMU00070007,RF off,0,300.0,194.0,2.6285060000000002,5.790598718,2.533712523142561,3.754999876022339,1.6362711604169293,0.9497736931831843,0.566279299861779,0.9686536800848626,1.2679257787580254,0.2754625547175899,0.3834943933214052,0.031346319915137366,0.9934833119955211,1.237097746895656,24,128
development,EMU00070007,RF off,0,300.0,194.0,2.6285060000000002,5.790598718,2.533712523142561,3.819000005722046,1.6466859606755517,0.9481940772375228,0.5141127554811262,0.9419313230581674,1.2880971677871815,0.2914974679635369,0.4340813217563966,0.0580686769418326,0.962046460228491,1.1745103898548852,24,128
development,EMU00070007,RF off,0,300.0,194.0,2.6285060000000002,5.790598718,2.533712523142561,3.883000135421753,1.6568025495947836,0.9148722139995332,0.4823241352734737,0.9931594257939863,1.2852229001545346,0.2858669635521477,0.43254807872605955,0.006840574206013694,0.9850733110709101,1.170587548083435,24,128
development,EMU00070007,RF off,0,300.0,194.0,2.6285060000000002,5.790598718,2.533712523142561,3.9469997882843018,1.666629393827122,0.9278181247967805,0.46506896910594897,0.9962007377826645,1.27892597615402,0.28039491478850287,0.4627491556908315,0.0037992622173355084,1.0259776504800673,1.173844698404837,24,128
development,EMU00070007,RF off,0,300.0,194.0,2.6285060000000002,5.790598718,2.533712523142561,4.011000156402588,1.6761749691148449,0.9316280241333116,0.458587279628562,0.9647928185001076,1.2860023016318967,0.29059033838123216,0.4730407445047496,0.03520718149989244,1.057164258864165,1.1623616201277673,24,128
development,EMU00070007,RF off,0,300.0,194.0,2.6285060000000002,5.790598718,2.533712523142561,4.075000286102295,1.6854471869001517,0.9092676735237402,0.4246983390148963,0.9300384749126093,1.3015081141156257,0.31194903620191383,0.4845693345088439,0.06996152508739073,0.9203785025985252,1.1416949896636148,24,128
development,EMU00070007,RF off,0,300.0,194.0,2.6285060000000002,5.790598718,2.533712523142561,4.139000415802002,1.6944539093887445,0.9173311874655504,0.41096551701497946,0.9095592226197331,1.3094771359796493,0.3217103060564721,0.506365670450571,0.0904407773802669,0.8015121972270653,1.0911131845826243,24,128
development,EMU00070007,RF off,0,300.0,194.0,2.6285060000000002,5.790598718,2.533712523142561,4.203000068664551,1.703202674377213,0.9143914794816568,0.4093121058510558,0.9381224401677102,1.309285255728319,0.32062797248790775,0.505079373630601,0.06187755983228982,0.7463595976584212,1.0690550219049724,24,128
development,EMU00070007,RF off,0,300.0,194.0,2.6285060000000002,5.790598718,2.533712523142561,4.267000198364258,1.7117009965536942,0.9173719675265347,0.36879089298501544,0.9530128805957137,1.3194590740406893,0.3338146014863355,0.5485810745415193,0.04698711940428635,0.7376483170385248,1.029695387794178,24,128
development,EMU00070007,RF off,0,300.0,194.0,2.6285060000000002,5.790598718,2.533712523142561,4.331000328063965,1.7199559827106756,0.9476026207965708,0.3670213206635925,1.0426831899844333,1.3652480200422896,0.36947190089706516,0.5805813001329783,0.04268318998443332,0.8777554824764843,1.0106202387389438,24,128
development,EMU00070007,RF off,0,300.0,194.0,2.6285060000000002,5.790598718,2.533712523142561,4.394999980926514,1.7279745415107228,0.9407912576580565,0.35816684807572396,0.9851790836974355,1.3481296274156187,0.3557345242303275,0.5826244095823325,0.014820916302564546,0.8298433135422498,1.0239372158098519,24,128
development,EMU00070007,RF off,0,300.0,194.0,2.6285060000000002,5.790598718,2.533712523142561,4.459000110626221,1.7357635604366717,1.0001807093924548,0.3540961054261433,1.0036568621009834,1.3787831029962674,0.37920911244806715,0.6460846039663115,0.0036568621009833713,0.806295853223848,1.076290504696425,24,128
development,EMU00070007,RF off,0,300.0,194.0,2.6285060000000002,5.790598718,2.533712523142561,4.523000240325928,1.7433295531202766,0.9849968281668005,0.3396934235706276,1.0194703412489572,1.4014733253541087,0.40149032138527546,0.6453034045961729,0.01947034124895719,0.8295055681935448,1.0834388373106858,24,128
development,EMU00070007,RF off,0,300.0,194.0,2.6285060000000002,5.790598718,2.533712523142561,4.587000370025635,1.750678905565378,0.9455991678888246,0.30825205819863716,1.0015663169717157,1.4527501676371917,0.45294818832138695,0.6373471096901875,0.00156631697171572,0.7034704287630086,1.0742466172792517,24,128
development,EMU00070007,RF off,0,300.0,194.0,2.6285060000000002,5.790598718,2.533712523142561,4.651000022888184,1.7578177685025949,0.9706928138625938,0.31788294600113304,1.0028437148135856,1.361290338069562,0.36146447047495467,0.6528098678614607,0.002843714813585585,0.6558678965196837,1.0440657662980861,24,128
development,EMU00070007,RF off,0,300.0,194.0,2.6285060000000002,5.790598718,2.533712523142561,4.715000152587891,1.7647522738063923,0.9955822665248018,0.34379062914639336,1.0351332310634085,1.298490584651018,0.29896133408733166,0.6517916373784084,0.03513323106340849,0.6675862542370512,0.9917284292802456,24,128
development,EMU00070007,RF off,0,300.0,194.0,2.6285060000000002,5.790598718,2.533712523142561,4.779000282287598,1.7714882205144122,0.9918096219804611,0.34702508803207477,0.993374196837335,1.3156837603709177,0.31656573034224517,0.6447845339483863,0.006625803162665034,0.6854695471724436,1.0237606675076298,24,128
development,EMU00070007,RF off,0,300.0,194.0,2.6285060000000002,5.790598718,2.533712523142561,4.843000411987305,1.7780312940381195,1.0066515112003498,0.3430947074178026,1.0805242167342737,1.3262352127290944,0.32861570712580856,0.6635568037825472,0.08052421673427368,0.7406554619322151,0.9747341404413772,24,128
development,EMU00070007,RF off,0,300.0,194.0,2.6285060000000002,5.790598718,2.533712523142561,4.9070000648498535,1.7843869703269897,0.9793968878532229,0.3199902338013252,1.1596725038375424,1.3314796606373642,0.34314176192081647,0.6594066540518977,0.1596725038375424,0.5868123537882535,1.0213681903254614,24,128
development,EMU00070007,RF off,0,300.0,194.0,2.6285060000000002,5.790598718,2.533712523142561,4.9710001945495605,1.7905607085430049,1.064106095427537,0.3145146652101034,1.1591568622042576,1.3217222608452266,0.3426479564515323,0.7495914302174336,0.15915686220425762,0.5659001576782459,0.9678057436200334,24,128
development,EMU00070007,RF off,0,300.0,194.0,2.6285060000000002,5.790598718,2.533712523142561,5.035000324249268,1.7965576715260125,0.9743952115629145,0.3222411573720537,1.1205234462493454,1.3954385086503804,0.40119959692399754,0.6521540541908608,0.12052344624934541,0.5803889058963283,1.0087108616029554,24,128
development,EMU00070007,RF off,0,300.0,194.0,2.6285060000000002,5.790598718,2.533712523142561,5.098999977111816,1.8023828781812998,0.9825496192946988,0.30920031452636376,1.1579991139499977,1.373743951409786,0.3822742454693805,0.673349304768335,0.15799911394999766,0.5868155483640766,1.0351167965762427,24,128
development,EMU00070007,RF off,0,300.0,194.0,2.6285060000000002,5.790598718,2.533712523142561,5.163000106811523,1.8080413320278101,1.0089088797044194,0.29248170509824356,1.0598977617471272,1.3876096568105951,0.388378599524142,0.7164271746061759,0.05989776174712724,0.6229407554329991,0.9905463275259039,24,128
development,EMU00070007,RF off,0,300.0,194.0,2.6285060000000002,5.790598718,2.533712523142561,5.2270002365112305,1.8135377649945588,0.9778470420085931,0.2642305889147979,1.0516399742003069,1.354327764678147,0.3546900864759642,0.7136164530937952,0.05163997420030686,0.6329400811095286,1.0073287178677148,24,128
development,EMU00070007,RF off,0,300.0,194.0,2.6285060000000002,5.790598718,2.533712523142561,5.2910003662109375,1.818876816293279,0.9316348540451074,0.23794151903872876,1.0518413376506084,1.3020552739776536,0.30583999850670046,0.6936933350063786,0.05184133765060839,0.6331810657469757,0.9546835210930553,24,128
development,EMU00070007,RF off,0,300.0,194.0,2.6285060000000002,5.790598718,2.533712523142561,5.355000019073486,1.8240629542178166,0.9828080312018727,0.23599571298289085,1.0369625503470699,1.3160095146760495,0.3195569730885438,0.7468123182189819,0.036962550347069856,0.5988638913649013,0.9401188096934274,24,128
development,EMU00070007,RF off,0,300.0,194.0,2.6285060000000002,5.790598718,2.533712523142561,5.419000148773193,1.8291006333636712,0.9267286369858881,0.2611040872185092,0.9999371349650059,1.3069070297365843,0.3085630212990862,0.665624549767379,6.286503499408624e-05,0.5498998470667407,0.9467852125723762,24,128
development,EMU00070007,RF off,0,300.0,194.0,2.6285060000000002,5.790598718,2.533712523142561,5.4830002784729,1.8339940665318595,0.9390065942351536,0.2411068545995329,0.9584962751192688,1.262998468751742,0.2631557178748103,0.6978997396356208,0.041503724880731174,0.5703617612438461,0.9310436747127353,24,128
development,EMU00070007,RF off,0,300.0,194.0,2.6285060000000002,5.790598718,2.533712523142561,5.547000408172607,1.838747383977896,1.0208142704940708,0.22934119500732303,1.055326572867217,1.2621407367879791,0.262199092097144,0.7914730754867478,0.05532657286721698,0.5121941576445528,0.9104579202463968,24,128
development,EMU00070007,RF off,0,300.0,194.0,2.6285060000000002,5.790598718,2.533712523142561,5.611000061035156,1.8433645637903782,1.0445310738109426,0.25171720490692934,0.998215504242127,1.254539343384248,0.2559785562832333,0.7928138689040132,0.0017844957578729836,0.5905650898249577,0.9505963446482754,24,128
development,EMU00070007,RF off,0,300.0,194.0,2.6285060000000002,5.790598718,2.533712523142561,5.675000190734863,1.8478495718623675,1.0776344759937027,0.23557419633433674,1.011503640546312,1.247460818904154,0.24751754999399886,0.8420602796593659,0.011503640546312033,0.5830606533496432,0.9705644438174978,24,128
development,EMU00070007,RF off,0,300.0,194.0,2.6285060000000002,5.790598718,2.533712523142561,5.73900032043457,1.8522061588191063,0.9721085386689273,0.24044729543204313,1.035746941839074,1.238060816779991,0.23806496722127135,0.7316612432368842,0.0357469418390739,0.6706748776572231,1.0055611631758619,24,128
development,EMU00070007,RF off,0,300.0,194.0,2.6285060000000002,5.790598718,2.533712523142561,5.802999973297119,1.8564379707223382,0.9697932001612041,0.21105555298063672,0.8235593813253963,1.262505613389446,0.2670251607851128,0.7587376471805674,0.1764406186746037,0.5964754034463459,0.943745967475378,24,128
development,EMU00070007,RF off,0,300.0,194.0,2.6285060000000002,5.790598718,2.533712523142561,5.867000102996826,1.8605486424561584,0.9814431184430262,0.20075602930653205,0.826925487380396,1.2442110190516749,0.26779184072321177,0.7806870891364942,0.17307451261960405,0.5616892183035418,1.018312499138834,24,128
development,EMU00070007,RF off,0,300.0,194.0,2.6285060000000002,5.790598718,2.533712523142561,5.931000232696533,1.8645416116039377,1.0530561273755497,0.2121194124115818,0.7151116297337379,1.1201956969502616,0.2604920448613741,0.8409367149639678,0.2848883702662621,0.5868086855028743,1.0767421029317876,24,128
development,EMU00070007,RF off,0,300.0,194.0,2.6285060000000002,5.790598718,2.533712523142561,5.99500036239624,1.8684202483931376,1.0338535951479033,0.20726478426172537,0.7566676125372821,1.1440412691053359,0.2612595345740824,0.826588810886178,0.2433323874627179,0.6041188602763005,1.049949214678998,24,128
development,EMU00070013,RF on,1,300.0,230.0,3.11627,6.86514281,2.779289731899808,2.2829999923706055,1.290480240652085,0.52129154339619,1.446553891992872,1.1070443248753676,1.1668020233140417,0.18696103641024114,0.925262348596682,0.10704432487536764,0.9900299595340601,1.0636146322201199,20,128
development,EMU00070013,RF on,1,300.0,230.0,3.11627,6.86514281,2.779289731899808,2.3469998836517334,1.3107961426068178,0.5702000652139816,1.3890074158756445,1.1019028478739883,1.1697432718782834,0.18951746031230798,0.8188073506616629,0.10190284787398829,0.9825548386475977,1.0604025619279613,20,128
development,EMU00070013,RF on,1,300.0,230.0,3.11627,6.86514281,2.779289731899808,2.4110000133514404,1.3305304054176792,0.549687938489517,1.417419399611558,1.1002695366487556,1.169868383090715,0.1906198664147741,0.867731461122041,0.1002695366487556,0.9827935340330847,1.0596600007742745,20,128
development,EMU00070013,RF on,1,300.0,230.0,3.11627,6.86514281,2.779289731899808,2.4749999046325684,1.3496995384347905,0.6014378689006128,1.3818941245045346,1.1004430446197717,1.167561501089265,0.1880669606917698,0.7804562556039218,0.10044304461977172,0.9584884692516872,1.052867627960815,20,128
development,EMU00070013,RF on,1,300.0,230.0,3.11627,6.86514281,2.779289731899808,2.5390000343322754,1.3683198640131937,0.6654559598311559,1.3572986006436822,1.0904077364647886,1.1680160001966455,0.18819101821733947,0.6918426408125263,0.09040773646478861,0.9447618114730393,1.0484189331846676,20,128
development,EMU00070013,RF on,1,300.0,230.0,3.11627,6.86514281,2.779289731899808,2.6029999256134033,1.3864069596019823,0.7540467504109928,1.3054766940821452,1.0784224857896787,1.1715991890368047,0.18911578503528362,0.5514299436711524,0.0784224857896787,0.9510334614419924,1.0507506440723406,20,128
development,EMU00070013,RF on,1,300.0,230.0,3.11627,6.86514281,2.779289731899808,2.6670000553131104,1.4039762262104571,0.7851804098743335,1.2522072597396727,1.0818785786089036,1.173030417249064,0.1889900682962088,0.46702684986533927,0.08187857860890357,0.9596926958861292,1.0560307607001735,20,128
development,EMU00070013,RF on,1,300.0,230.0,3.11627,6.86514281,2.779289731899808,2.7309999465942383,1.4210423619895745,0.8104646186939833,1.2286740239958371,1.075707587418227,1.1694484935311977,0.18711924467893898,0.4182094053018538,0.07570758741822692,0.9722572743267799,1.0607998114627033,20,128
development,EMU00070013,RF on,1,300.0,230.0,3.11627,6.86514281,2.779289731899808,2.7950000762939453,1.4376198986099702,0.8458841563292828,1.1753416502103642,1.1018275963787794,1.1695016813048065,0.18664331487985117,0.32945749388108136,0.10182759637877936,0.9508266817207703,1.060279717744596,20,128
development,EMU00070013,RF on,1,300.0,230.0,3.11627,6.86514281,2.779289731899808,2.8589999675750732,1.4537227045580847,0.8704851082582071,1.144398455545935,1.1002795455759498,1.1727347135453732,0.19052098309675766,0.27391334728772787,0.10027954557594976,0.9400546608719615,1.0404996293789879,20,128
development,EMU00070013,RF on,1,300.0,230.0,3.11627,6.86514281,2.779289731899808,2.922999858856201,1.4693644338095633,0.8930035941044758,1.0965776823835873,1.0904568594249069,1.1789111602926263,0.19723385326612364,0.2035740882791115,0.09045685942490689,0.944191029389148,1.04960203010095,20,128
development,EMU00070013,RF on,1,300.0,230.0,3.11627,6.86514281,2.779289731899808,2.986999988555908,1.4845583443015913,0.8677443576252567,1.077349935524122,1.0808456953425634,1.1748626780870828,0.19212100857284556,0.20960557789886536,0.08084569534256336,0.91901679166456,1.0379997424331509,20,128
development,EMU00070013,RF on,1,300.0,230.0,3.11627,6.86514281,2.779289731899808,3.050999879837036,1.4993171470024178,0.8863200603150295,1.0223231759967195,1.0751409930434184,1.1687266801823624,0.18665477052264784,0.13600311568169,0.07514099304341837,0.9444519977994159,1.0442530502084901,20,128
development,EMU00070013,RF on,1,300.0,230.0,3.11627,6.86514281,2.779289731899808,3.115000009536743,1.5136534089080294,0.8898395416576085,1.0130307767696767,1.0755992540818733,1.1735292822311136,0.1923095543754515,0.1231912351120682,0.07559925408187329,0.9562223254722602,1.0549134108732388,20,128
development,EMU00070013,RF on,1,300.0,230.0,3.11627,6.86514281,2.779289731899808,3.178999900817871,1.5275791234923892,0.944370679896916,0.9555853624151418,1.1013572071675275,1.1774797534972827,0.1958312540289121,0.011214682518225771,0.1013572071675275,0.9819080681025391,1.053706504976614,20,128
development,EMU00070013,RF on,1,300.0,230.0,3.11627,6.86514281,2.779289731899808,3.243000030517578,1.5411061483839812,0.9926687828915864,0.9212437910849645,1.1024195113036606,1.1755317218805665,0.19514299718878086,0.07142499180662198,0.10241951130366056,0.9581533284213869,1.0416261876467574,20,128
development,EMU00070013,RF on,1,300.0,230.0,3.11627,6.86514281,2.779289731899808,3.306999921798706,1.5542458000627855,0.9598936319222777,0.8937181722227128,1.1143985311342304,1.1718112029351788,0.19290928130325438,0.06617545969956495,0.11439853113423037,0.9812605802147698,1.050944490345937,20,128
development,EMU00070013,RF on,1,300.0,230.0,3.11627,6.86514281,2.779289731899808,3.371000051498413,1.5670092668313529,0.9149149023910512,0.8628421841619317,1.0907478386494178,1.1637654159140223,0.1851912245938643,0.05207271822911952,0.09074783864941782,0.9569471680056942,1.0520551025991192,20,128
development,EMU00070013,RF on,1,300.0,230.0,3.11627,6.86514281,2.779289731899808,3.434999942779541,1.5794072263898669,0.9541290563540621,0.8403868730306296,1.0881455229144281,1.1700171092665328,0.1921433192124309,0.11374218332343244,0.08814552291442812,0.9071056316654089,1.051287444991244,20,128
development,EMU00070013,RF on,1,300.0,230.0,3.11627,6.86514281,2.779289731899808,3.499000072479248,1.5914502354962952,0.9645069186174997,0.7953705604622744,1.0827104623954882,1.176485557406855,0.1970994629581101,0.16913635815522532,0.08271046239548818,0.9044217210292513,1.045140165162546,20,128
development,EMU00070013,RF on,1,300.0,230.0,3.11627,6.86514281,2.779289731899808,3.562999963760376,1.60314836912814,0.9509361418024734,0.7595278493791915,1.0887321553566527,1.1773235001889404,0.1941925762601088,0.19140829242328194,0.08873215535665269,0.8220750405966285,1.0516020354075284,20,128
development,EMU00070013,RF on,1,300.0,230.0,3.11627,6.86514281,2.779289731899808,3.626999855041504,1.614511546428203,0.9006711113588287,0.7341850493834979,1.0873609557029167,1.1696966017810118,0.18761091758540097,0.16648606197533078,0.08736095570291669,0.8136592013021646,1.1477411559418242,20,128
development,EMU00070013,RF on,1,300.0,230.0,3.11627,6.86514281,2.779289731899808,3.690999984741211,1.6255493988309917,0.8693606301331676,0.710359976930573,1.1066807538591075,1.1652376935215893,0.18940833362094117,0.1590006532025946,0.10668075385910747,0.861688362342691,1.1785306945654788,20,128
development,EMU00070013,RF on,1,300.0,230.0,3.11627,6.86514281,2.779289731899808,3.754999876022339,1.6362711604169293,0.8720563004348059,0.6651765260509326,1.10518158436022,1.1865480695459163,0.20426558724417448,0.20687977438387328,0.10518158436021996,0.7765176881847634,1.2223482434876645,20,128
development,EMU00070013,RF on,1,300.0,230.0,3.11627,6.86514281,2.779289731899808,3.819000005722046,1.6466859606755517,0.8811833551554649,0.6217958322565189,1.1245370116583455,1.195974702075962,0.21334281173643257,0.25938752289894595,0.12453701165834552,0.7276957010667847,1.2447791579099499,20,128
development,EMU00070013,RF on,1,300.0,230.0,3.11627,6.86514281,2.779289731899808,3.883000135421753,1.6568025495947836,0.8885761597568055,0.5811604652046956,1.1209874766328545,1.19209997308327,0.2062177820903843,0.30741569455210993,0.12098747663285447,0.5793395816601228,1.2277617413192203,20,128
development,EMU00070013,RF on,1,300.0,230.0,3.11627,6.86514281,2.779289731899808,3.9469997882843018,1.666629393827122,0.9273368226660926,0.5135308277574904,1.1064209441731423,1.1838867209981907,0.19953675782427988,0.41380599490860226,0.1064209441731423,0.5871524218679562,1.2758004368044857,20,128
development,EMU00070013,RF on,1,300.0,230.0,3.11627,6.86514281,2.779289731899808,4.011000156402588,1.6761749691148449,0.9547594059998572,0.49204993192016433,1.0381339027633734,1.186017972805185,0.19728795244441572,0.4627094740796929,0.03813390276337336,0.4651043180932927,1.2599384248318506,20,128
development,EMU00070013,RF on,1,300.0,230.0,3.11627,6.86514281,2.779289731899808,4.075000286102295,1.6854471869001517,0.8626319998565803,0.4547499144208237,1.0201352953671439,1.1942672062426571,0.20149852041772343,0.40788208543575666,0.02013529536714387,0.49908868748085433,1.2455276966952473,20,128
development,EMU00070013,RF on,1,300.0,230.0,3.11627,6.86514281,2.779289731899808,4.139000415802002,1.6944539093887445,0.9079715813535328,0.43306207167082733,1.0945193349459368,1.2062074902393551,0.2158706158394886,0.4749095096827055,0.09451933494593678,0.4104129440433825,1.207082312696307,20,128
development,EMU00070013,RF on,1,300.0,230.0,3.11627,6.86514281,2.779289731899808,4.203000068664551,1.703202674377213,0.943248242726374,0.4020717552681191,1.208121029342252,1.1837596273528987,0.20697822948322275,0.5411764874582549,0.20812102934225196,0.40376512125462316,1.1403099468858335,20,128
development,EMU00070013,RF on,1,300.0,230.0,3.11627,6.86514281,2.779289731899808,4.267000198364258,1.7117009965536942,0.9746400976894278,0.4015391623379576,1.2045723200411795,1.1670106636626232,0.20004048236192398,0.5731009353514702,0.20457232004117953,0.3718746366116702,1.006420863873828,20,128
development,EMU00070013,RF on,1,300.0,230.0,3.11627,6.86514281,2.779289731899808,4.331000328063965,1.7199559827106756,0.9263805328840045,0.3763368225525423,1.1766459003360499,1.1845377666203407,0.21513492113339414,0.5500437103314622,0.17664590033604988,0.4572551763872729,1.033906411802096,20,128
development,EMU00070013,RF on,1,300.0,230.0,3.11627,6.86514281,2.779289731899808,4.394999980926514,1.7279745415107228,1.051944300886445,0.3430699926528884,1.1932210351274781,1.2063336896689658,0.22221559651425565,0.7088743082335567,0.19322103512747812,0.39264616242909256,1.0781173487350306,20,128
development,EMU00070013,RF on,1,300.0,230.0,3.11627,6.86514281,2.779289731899808,4.459000110626221,1.7357635604366717,0.9484584960888314,0.3395715574532363,1.1817575925791055,1.1846857063374843,0.2033395834809711,0.6088869386355951,0.1817575925791055,0.39463275949916127,1.0567347981872923,20,128
development,EMU00070013,RF on,1,300.0,230.0,3.11627,6.86514281,2.779289731899808,4.523000240325928,1.7433295531202766,0.8579324590600145,0.33720917626623576,1.1758014480954848,1.1827393939422712,0.20260276901463709,0.5207232827937787,0.1758014480954848,0.3945828154215765,1.084935183678665,20,128
development,EMU00070013,RF on,1,300.0,230.0,3.11627,6.86514281,2.779289731899808,4.587000370025635,1.750678905565378,0.9611088019093318,0.3709011817207942,1.134987876335936,1.1795886335965484,0.19347663911673146,0.5902076201885376,0.134987876335936,0.33971487451196447,1.065931693035745,20,128
development,EMU00070013,RF on,1,300.0,230.0,3.11627,6.86514281,2.779289731899808,4.651000022888184,1.7578177685025949,1.088039295467934,0.34017951369583754,1.0830686310022235,1.168997516658154,0.17640547235167,0.7478597817720966,0.0830686310022235,0.4004241359193715,0.9619192374495107,20,128
development,EMU00070013,RF on,1,300.0,230.0,3.11627,6.86514281,2.779289731899808,4.715000152587891,1.7647522738063923,1.0866217664484785,0.3418179709657885,1.0604409272184054,1.1858867047275115,0.1892413904974669,0.74480379548269,0.06044092721840544,0.36414793983794225,0.9388845479831256,20,128
development,EMU00070013,RF on,1,300.0,230.0,3.11627,6.86514281,2.779289731899808,4.779000282287598,1.7714882205144122,1.0511021866538062,0.32723380114078404,0.9736457696338601,1.1673100628041477,0.17052541905711557,0.7238683855130221,0.02635423036613993,0.40343705298516486,0.9291441324074363,20,128
development,EMU00070013,RF on,1,300.0,230.0,3.11627,6.86514281,2.779289731899808,4.843000411987305,1.7780312940381195,1.055081003954937,0.31293052534205523,0.996700307517129,1.1711836433786738,0.17118471015270134,0.7421504786128817,0.003299692482870986,0.35830060131442776,0.935600384792149,20,128
development,EMU00070013,RF on,1,300.0,230.0,3.11627,6.86514281,2.779289731899808,4.9070000648498535,1.7843869703269897,1.053743118745122,0.29937843759120886,0.8741593332090031,1.1578709490043035,0.16837827679437656,0.7543646811539132,0.12584066679099692,0.4031748708528464,0.9489718221991529,20,128
development,EMU00070013,RF on,1,300.0,230.0,3.11627,6.86514281,2.779289731899808,4.9710001945495605,1.7905607085430049,1.0485547942703008,0.29946143979935086,0.9097214049131666,1.1885732212606746,0.1992845621401111,0.7490933544709499,0.09027859508683345,0.39164951823054706,0.9718293053514699,20,128
development,EMU00070013,RF on,1,300.0,230.0,3.11627,6.86514281,2.779289731899808,5.035000324249268,1.7965576715260125,1.0345776122545483,0.28353405253075814,0.8818899465720318,1.2504449345071438,0.2654669648947017,0.7510435597237901,0.11811005342796821,0.369125728268316,1.0110035128896688,20,128
development,EMU00070013,RF on,1,300.0,230.0,3.11627,6.86514281,2.779289731899808,5.098999977111816,1.8023828781812998,1.0921831804979203,0.2846119530139334,0.875434416084187,1.242829754480916,0.2554744490608126,0.8075712274839869,0.12456558391581296,0.32085572538857365,0.980521226606285,20,128
development,EMU00070013,RF on,1,300.0,230.0,3.11627,6.86514281,2.779289731899808,5.163000106811523,1.8080413320278101,1.1467547860440863,0.26285942358482695,0.7094674942603793,1.2228016395471109,0.24525926145752328,0.8838953624592594,0.29053250573962075,0.34597208538363505,1.0139766656476874,20,128
development,EMU00070013,RF on,1,300.0,230.0,3.11627,6.86514281,2.779289731899808,5.2270002365112305,1.8135377649945588,1.094889246823002,0.25983749836930875,0.6637020301820464,1.225991666481504,0.2992516351750188,0.8350517484536932,0.33629796981795357,0.30478781155909423,1.024326670843506,20,128
development,EMU00070013,RF on,1,300.0,230.0,3.11627,6.86514281,2.779289731899808,5.2910003662109375,1.818876816293279,1.1603284025693419,0.250730424546759,0.6818882886232531,1.1580294911861493,0.31960908491295437,0.9095979780225829,0.3181117113767469,0.27614940576151525,0.9734312456694466,20,128
development,EMU00070013,RF on,1,300.0,230.0,3.11627,6.86514281,2.779289731899808,5.355000019073486,1.8240629542178166,1.1648381772124758,0.2312062784702218,0.7008299984975214,1.1048209670121445,0.269413442494296,0.933631898742254,0.29917000150247863,0.24983410832729577,1.0185779101749557,20,128
development,EMU00070013,RF on,1,300.0,230.0,3.11627,6.86514281,2.779289731899808,5.419000148773193,1.8291006333636712,1.1539436504925116,0.25079044820031415,0.8008524619898132,1.1479180913137894,0.2075402586953064,0.9031532022921974,0.1991475380101868,0.21671007418401156,1.0139446304143815,20,128
development,EMU00070013,RF on,1,300.0,230.0,3.11627,6.86514281,2.779289731899808,5.4830002784729,1.8339940665318595,1.0731234071651192,0.2430051973679715,0.7737330249748244,1.1836737813292408,0.2377032442479157,0.8301182097971478,0.22626697502517557,0.20799625006769507,1.0487723014573382,20,128
development,EMU00070013,RF on,1,300.0,230.0,3.11627,6.86514281,2.779289731899808,5.547000408172607,1.838747383977896,1.0357146181116734,0.2684448195954929,0.6939626992411247,1.1219070666645017,0.2153743158249409,0.7672697985161805,0.30603730075887525,0.1958070923244786,1.028958874098437,20,128
development,EMU00070013,RF on,1,300.0,230.0,3.11627,6.86514281,2.779289731899808,5.611000061035156,1.8433645637903782,1.0618811549021239,0.2810295912274524,0.7281898587749335,1.1294930600803335,0.20980408223142571,0.7808515636746715,0.2718101412250665,0.1958608058440238,1.036001449352748,20,128
development,EMU00070013,RF on,1,300.0,230.0,3.11627,6.86514281,2.779289731899808,5.675000190734863,1.8478495718623675,1.0704926762317548,0.22079703370557222,0.7626928651544784,1.0892810952454928,0.17295068098472727,0.8496956425261826,0.23730713484552157,0.17877386127315498,1.035718871771552,20,128
development,EMU00070013,RF on,1,300.0,230.0,3.11627,6.86514281,2.779289731899808,5.73900032043457,1.8522061588191063,1.0610169557121318,0.21001295704556106,0.7623611231711644,1.1564201167572166,0.24468330432297705,0.8510039986665707,0.23763887682883555,0.2057616339691662,1.023831558140621,20,128
development,EMU00070013,RF on,1,300.0,230.0,3.11627,6.86514281,2.779289731899808,5.802999973297119,1.8564379707223382,1.0606871114840808,0.20804198214249012,0.8260596664804729,1.1593426395953457,0.2685713124011499,0.8526451293415906,0.1739403335195271,0.1559983514978628,1.0289839193133496,20,128
development,EMU00070013,RF on,1,300.0,230.0,3.11627,6.86514281,2.779289731899808,5.867000102996826,1.8605486424561584,1.0678761396407035,0.2355434241723722,0.650904691306641,1.138229485659337,0.3018476399451719,0.8323327154683313,0.34909530869335903,0.17073326647815948,1.0082957976583597,20,128
development,EMU00070013,RF on,1,300.0,230.0,3.11627,6.86514281,2.779289731899808,5.931000232696533,1.8645416116039377,1.043876540517351,0.22013713151349606,0.5230294164623122,1.1911364359175078,0.35454137946190145,0.8237394090038548,0.47697058353768784,0.16248394261467247,0.9937224412737578,20,128
development,EMU00070013,RF on,1,300.0,230.0,3.11627,6.86514281,2.779289731899808,5.99500036239624,1.8684202483931376,1.0437388770013165,0.21884681040936554,0.5619973984559944,1.2005146300441798,0.3360435062458586,0.824892066591951,0.4380026015440056,0.16552279376103768,0.9738016542515042,20,128
development,EMU00070013,RF off,0,300.0,230.0,3.11627,6.86514281,2.779289731899808,2.2829999923706055,1.290480240652085,0.5899502057572015,1.2136362899606619,1.0966024704187574,1.1576222533410117,0.17855634834925105,0.6236860842034604,0.09660247041875736,0.9240372898191975,1.0419059545501252,20,128
development,EMU00070013,RF off,0,300.0,230.0,3.11627,6.86514281,2.779289731899808,2.3469998836517334,1.3107961426068178,0.6151383047467511,1.1957624567728464,1.1064777153482077,1.1596099924204584,0.18219303534202208,0.5806241520260953,0.10647771534820771,0.930603485320301,1.0417807390502696,20,128
development,EMU00070013,RF off,0,300.0,230.0,3.11627,6.86514281,2.779289731899808,2.4110000133514404,1.3305304054176792,0.6354715331586525,1.1371699214784807,1.1112791056609037,1.1707589312167994,0.18887658548028977,0.5016983883198283,0.11127910566090371,0.9244207534721116,1.0433905536801586,20,128
development,EMU00070013,RF off,0,300.0,230.0,3.11627,6.86514281,2.779289731899808,2.4749999046325684,1.3496995384347905,0.6220896316118298,1.1320194029661061,1.0892543873542089,1.168626705156881,0.18761197360435644,0.5099297713542763,0.08925438735420888,0.9282862002905747,1.0500816855681556,20,128
development,EMU00070013,RF off,0,300.0,230.0,3.11627,6.86514281,2.779289731899808,2.5390000343322754,1.3683198640131937,0.6084715316163665,1.1047351293219303,1.0949100298354242,1.1644162800316527,0.18134321385591656,0.49626359770556383,0.09491002983542418,0.9276903818509877,1.0478760084230165,20,128
development,EMU00070013,RF off,0,300.0,230.0,3.11627,6.86514281,2.779289731899808,2.6029999256134033,1.3864069596019823,0.653493630376038,1.0855376897033508,1.086517173661584,1.1652363374424815,0.18370837593159428,0.4320440593273128,0.08651717366158396,0.9183876677834044,1.0442151976338354,20,128
development,EMU00070013,RF off,0,300.0,230.0,3.11627,6.86514281,2.779289731899808,2.6670000553131104,1.4039762262104571,0.6675437789805954,1.0772205223190903,1.0814376867744646,1.1731719810435124,0.1916784309541664,0.4096767433384949,0.08143768677446461,0.9511930406593838,1.0527885555613907,20,128
development,EMU00070013,RF off,0,300.0,230.0,3.11627,6.86514281,2.779289731899808,2.7309999465942383,1.4210423619895745,0.6952101142124877,1.0579422747581158,1.0779891302255695,1.1744430009878843,0.19227299106664064,0.36273216054562807,0.07798913022556953,0.9573641557292831,1.0492387398608867,20,128
development,EMU00070013,RF off,0,300.0,230.0,3.11627,6.86514281,2.779289731899808,2.7950000762939453,1.4376198986099702,0.7218372330249823,0.9910530579134811,1.099477950698788,1.1701464691646022,0.18842578558408,0.2692158248884988,0.09947795069878795,0.957149766082023,1.0427215762173325,20,128
development,EMU00070013,RF off,0,300.0,230.0,3.11627,6.86514281,2.779289731899808,2.8589999675750732,1.4537227045580847,0.7752541313654439,0.9696561749686189,1.1152155321747659,1.1589756660587955,0.1791836736086932,0.19440204360317503,0.11521553217476588,0.9738292910192164,1.0485065223902938,20,128
development,EMU00070013,RF off,0,300.0,230.0,3.11627,6.86514281,2.779289731899808,2.922999858856201,1.4693644338095633,0.7940705398458042,0.9256606416301163,1.1310905917835874,1.1575498732315639,0.18150283490111177,0.13159010178431207,0.1310905917835874,0.9323456090952191,1.052197491969094,20,128
development,EMU00070013,RF off,0,300.0,230.0,3.11627,6.86514281,2.779289731899808,2.986999988555908,1.4845583443015913,0.845017755317023,0.9053759424262005,1.129598127793931,1.1584728195707756,0.1839328910431211,0.06035818710917751,0.1295981277939311,0.9171140357153462,1.0584362195064592,20,128
development,EMU00070013,RF off,0,300.0,230.0,3.11627,6.86514281,2.779289731899808,3.050999879837036,1.4993171470024178,0.8725427186257092,0.8787129996331922,1.1520887074087103,1.160033363390139,0.18502473167985525,0.006170281007482958,0.15208870740871028,0.9436722742192015,1.0680239337924466,20,128
development,EMU00070013,RF off,0,300.0,230.0,3.11627,6.86514281,2.779289731899808,3.115000009536743,1.5136534089080294,0.8597922191535576,0.8766984855353253,1.1329131345057688,1.1467373382388368,0.1753951976228763,0.01690626638176762,0.1329131345057688,0.9163137017279643,1.0678500605199601,20,128
development,EMU00070013,RF off,0,300.0,230.0,3.11627,6.86514281,2.779289731899808,3.178999900817871,1.5275791234923892,0.810419571726362,0.8446339773394888,1.1245302075436658,1.1422324871020673,0.16969345201207273,0.03421440561312672,0.12453020754366584,0.9388895064878486,1.0613825888582742,20,128
development,EMU00070013,RF off,0,300.0,230.0,3.11627,6.86514281,2.779289731899808,3.243000030517578,1.5411061483839812,0.8382612906221598,0.8125512169003298,1.1314295992897503,1.1383505202438267,0.16808078756101577,0.025710073721829985,0.1314295992897503,0.9692500665879875,1.066463122130474,20,128
development,EMU00070013,RF off,0,300.0,230.0,3.11627,6.86514281,2.779289731899808,3.306999921798706,1.5542458000627855,0.9032259675538836,0.7890384347016095,1.1422159195915365,1.144077024685288,0.17331595104426142,0.11418753285227412,0.14221591959153645,0.945833387030633,1.0817106002086825,20,128
development,EMU00070013,RF off,0,300.0,230.0,3.11627,6.86514281,2.779289731899808,3.371000051498413,1.5670092668313529,0.9207769239457589,0.7310515746598752,1.138789078364756,1.1470042259318023,0.1761702756462205,0.1897253492858837,0.13878907836475607,0.9480007273692489,1.1413935343660302,20,128
development,EMU00070013,RF off,0,300.0,230.0,3.11627,6.86514281,2.779289731899808,3.434999942779541,1.5794072263898669,0.8861559559783885,0.7426577172258033,1.1447954228242097,1.1432602239177425,0.17678419983513646,0.14349823875258516,0.14479542282420965,0.9669770061997628,1.1346031163291426,20,128
development,EMU00070013,RF off,0,300.0,230.0,3.11627,6.86514281,2.779289731899808,3.499000072479248,1.5914502354962952,0.9068734199751216,0.7184243105680004,1.1216274531562735,1.1432772915013882,0.16867216376123514,0.18844910940712123,0.12162745315627355,0.9844589554217579,1.1152136769161292,20,128
development,EMU00070013,RF off,0,300.0,230.0,3.11627,6.86514281,2.779289731899808,3.562999963760376,1.60314836912814,0.9203579469576461,0.7094914116003561,1.1137347545000889,1.144537647388912,0.1643569741444489,0.21086653535728994,0.11373475450008885,1.016136270318238,1.1232769115676637,20,128
development,EMU00070013,RF off,0,300.0,230.0,3.11627,6.86514281,2.779289731899808,3.626999855041504,1.614511546428203,0.9135051837733725,0.6633040284295302,1.1264922641887132,1.1340671841019545,0.15611666345860128,0.25020115534384235,0.12649226418871318,0.9825104455343285,1.116261092931661,20,128
development,EMU00070013,RF off,0,300.0,230.0,3.11627,6.86514281,2.779289731899808,3.690999984741211,1.6255493988309917,0.9048904759043489,0.653591738074792,1.1444420694427673,1.1356897251642406,0.15888303636014764,0.2512987378295569,0.14444206944276727,0.9914316578666444,1.1217803406848792,20,128
development,EMU00070013,RF off,0,300.0,230.0,3.11627,6.86514281,2.779289731899808,3.754999876022339,1.6362711604169293,0.8766934565802279,0.6264304364348284,1.14070412875981,1.1341526983955574,0.15486324232539908,0.2502630201453995,0.1407041287598101,0.8140306454768651,1.1112310755886765,20,128
development,EMU00070013,RF off,0,300.0,230.0,3.11627,6.86514281,2.779289731899808,3.819000005722046,1.6466859606755517,0.9483453763116003,0.6122043037696663,1.1549804396783137,1.1418140358730313,0.15776558380439107,0.33614107254193404,0.15498043967831365,0.821950401233615,1.1242286692700736,20,128
development,EMU00070013,RF off,0,300.0,230.0,3.11627,6.86514281,2.779289731899808,3.883000135421753,1.6568025495947836,0.8708460053068827,0.5869268104782102,1.1003980771335857,1.1365688153922764,0.14753536191305985,0.28391919482867256,0.10039807713358573,0.7983729000011441,1.0696677586261005,20,128
development,EMU00070013,RF off,0,300.0,230.0,3.11627,6.86514281,2.779289731899808,3.9469997882843018,1.666629393827122,0.8463035403330721,0.5449883939393574,1.1007904473323413,1.1305536725112277,0.14314822068093344,0.3013151463937147,0.10079044733234133,0.7326003996590427,1.074287592883333,20,128
development,EMU00070013,RF off,0,300.0,230.0,3.11627,6.86514281,2.779289731899808,4.011000156402588,1.6761749691148449,0.8792659441644708,0.4945880258634029,1.1029181518937485,1.1198663341846342,0.13441488249932065,0.3846779183010679,0.10291815189374853,0.7410197254933208,1.038001838553332,20,128
development,EMU00070013,RF off,0,300.0,230.0,3.11627,6.86514281,2.779289731899808,4.075000286102295,1.6854471869001517,0.8639738562792839,0.44890053096951055,1.1000927826633853,1.1330402967755675,0.14454225883719815,0.41507332530977337,0.10009278266338528,0.662199693833351,0.9547736118903802,20,128
development,EMU00070013,RF off,0,300.0,230.0,3.11627,6.86514281,2.779289731899808,4.139000415802002,1.6944539093887445,0.9835253092251968,0.45161456531730704,1.0961245358066878,1.1336075623999613,0.13910257032331308,0.5319107439078897,0.09612453580668778,0.5863362109352488,0.962068509150843,20,128
development,EMU00070013,RF off,0,300.0,230.0,3.11627,6.86514281,2.779289731899808,4.203000068664551,1.703202674377213,1.040263496636433,0.39363115247760455,1.0948196003739699,1.1257631394412437,0.13325197504226607,0.6466323441588284,0.09481960037396986,0.5661002705689433,0.9393751119820681,20,128
development,EMU00070013,RF off,0,300.0,230.0,3.11627,6.86514281,2.779289731899808,4.267000198364258,1.7117009965536942,1.0248801961785345,0.3736054949009666,1.0617003631274473,1.136174653122703,0.1373594741392643,0.6512747012775679,0.06170036312744731,0.4493870191075684,0.8718725563603182,20,128
development,EMU00070013,RF off,0,300.0,230.0,3.11627,6.86514281,2.779289731899808,4.331000328063965,1.7199559827106756,1.0281166799833468,0.33465850855267254,1.0240869243268753,1.1318279684197283,0.1327361053155184,0.6934581714306742,0.024086924326875314,0.3878794112231669,0.9271852251798186,20,128
development,EMU00070013,RF off,0,300.0,230.0,3.11627,6.86514281,2.779289731899808,4.394999980926514,1.7279745415107228,0.9540019486588892,0.3305045255759139,1.0052005008390483,1.1033988501724057,0.10843991009867435,0.6234974230829753,0.005200500839048328,0.40786137694618074,0.8894145041998116,20,128
development,EMU00070013,RF off,0,300.0,230.0,3.11627,6.86514281,2.779289731899808,4.459000110626221,1.7357635604366717,1.1918391450281514,0.33171964442628005,1.0338887156379324,1.0991868177159452,0.09982165996274107,0.8601195006018714,0.03388871563793239,0.4201401366716935,0.8841125163412973,20,128
development,EMU00070013,RF off,0,300.0,230.0,3.11627,6.86514281,2.779289731899808,4.523000240325928,1.7433295531202766,1.1247497613657484,0.32620790050851745,0.9992209645341195,1.0596694092825392,0.08001776750643239,0.798541860857231,0.0007790354658805398,0.4323236407920348,0.9088420980430127,20,128
development,EMU00070013,RF off,0,300.0,230.0,3.11627,6.86514281,2.779289731899808,4.587000370025635,1.750678905565378,1.1014270000842061,0.31830897304976236,0.9239330027758355,1.093827734709096,0.13487863329285987,0.7831180270344438,0.07606699722416455,0.3606757631064388,0.8984105416616697,20,128
development,EMU00070013,RF off,0,300.0,230.0,3.11627,6.86514281,2.779289731899808,4.651000022888184,1.7578177685025949,1.1525022177263842,0.3105226114701683,0.8738824919771699,1.0839945580402603,0.136295745384706,0.8419796062562159,0.12611750802283006,0.4388411113282063,0.9378574235181574,20,128
development,EMU00070013,RF off,0,300.0,230.0,3.11627,6.86514281,2.779289731899808,4.715000152587891,1.7647522738063923,1.079622055003399,0.25823953132228794,0.8520602143132626,1.0359699099644717,0.12160946614918693,0.8213825236811111,0.14793978568673738,0.4027608581396076,0.9673797362162312,20,128
development,EMU00070013,RF off,0,300.0,230.0,3.11627,6.86514281,2.779289731899808,4.779000282287598,1.7714882205144122,1.0755310997960026,0.24720206375099404,0.8845311055179601,1.0156055812060787,0.17401270177995154,0.8283290360450085,0.1154688944820399,0.37355140673705634,0.9758701179601648,20,128
development,EMU00070013,RF off,0,300.0,230.0,3.11627,6.86514281,2.779289731899808,4.843000411987305,1.7780312940381195,1.0773315616398695,0.2813682844167145,0.8910656602130365,1.0350595316028228,0.1893577814177228,0.7959632772231551,0.10893433978696354,0.4013538070610829,0.9751870193189706,20,128
development,EMU00070013,RF off,0,300.0,230.0,3.11627,6.86514281,2.779289731899808,4.9070000648498535,1.7843869703269897,1.0807273676889233,0.2620591261992386,0.89682071036031,1.041686949396618,0.19945808790945113,0.8186682414896846,0.10317928963969003,0.3775801113662365,0.9470463854075961,20,128
development,EMU00070013,RF off,0,300.0,230.0,3.11627,6.86514281,2.779289731899808,4.9710001945495605,1.7905607085430049,1.0424233044206521,0.2563035334616619,0.838616146521205,1.0565223816968112,0.18989624831445884,0.7861197709589902,0.16138385347879503,0.3316486562668519,0.9857071160630397,20,128
development,EMU00070013,RF off,0,300.0,230.0,3.11627,6.86514281,2.779289731899808,5.035000324249268,1.7965576715260125,1.0450939264073196,0.24729806749283517,0.7400186237805826,1.060010516377323,0.20598610605294765,0.7977958589144845,0.2599813762194174,0.3491682164256159,0.9894876153883967,20,128
development,EMU00070013,RF off,0,300.0,230.0,3.11627,6.86514281,2.779289731899808,5.098999977111816,1.8023828781812998,1.0701034468170472,0.23309723994857867,0.8057572159498987,0.9796698661220178,0.2478001590724069,0.8370062068684685,0.1942427840501013,0.33898961824061635,1.0112511231291186,20,128
development,EMU00070013,RF off,0,300.0,230.0,3.11627,6.86514281,2.779289731899808,5.163000106811523,1.8080413320278101,1.0541468990871685,0.24226895305597904,0.6734165390721684,1.0082879471725923,0.30558885392862367,0.8118779460311895,0.32658346092783164,0.32479158387682217,1.0252176240775863,20,128
development,EMU00070013,RF off,0,300.0,230.0,3.11627,6.86514281,2.779289731899808,5.2270002365112305,1.8135377649945588,1.064899857969882,0.21365076585231726,0.7051225034475734,1.0148326195693542,0.37008802536446606,0.8512490921175648,0.29487749655242657,0.32799798218866316,1.0068630025144802,20,128
development,EMU00070013,RF off,0,300.0,230.0,3.11627,6.86514281,2.779289731899808,5.2910003662109375,1.818876816293279,0.9793329302797791,0.19947297733262176,0.6655468257500377,0.9627212886390614,0.32556996737804494,0.7798599529471573,0.33445317424996235,0.33432496567651915,1.0150761783346547,20,128
development,EMU00070013,RF off,0,300.0,230.0,3.11627,6.86514281,2.779289731899808,5.355000019073486,1.8240629542178166,0.9699492263353655,0.18679797490074823,0.6418150481246849,0.9482238660959805,0.39036940138808446,0.7831512514346173,0.35818495187531507,0.3216243994117835,0.9770803851409736,20,128
development,EMU00070013,RF off,0,300.0,230.0,3.11627,6.86514281,2.779289731899808,5.419000148773193,1.8291006333636712,1.0109573921464472,0.19818775053850202,0.5350794869749189,1.0085356467709157,0.4854149859388369,0.8127696416079452,0.4649205130250811,0.31561375238503764,0.9557003588231661,20,128
development,EMU00070013,RF off,0,300.0,230.0,3.11627,6.86514281,2.779289731899808,5.4830002784729,1.8339940665318595,1.0571823443054498,0.19092109823641557,0.5449536301797532,1.1089509704757883,0.5030592274013753,0.8662612460690342,0.4550463698202468,0.38991786887252955,0.9527448186707381,20,128
development,EMU00070013,RF off,0,300.0,230.0,3.11627,6.86514281,2.779289731899808,5.547000408172607,1.838747383977896,1.0130650015900424,0.186417002467224,0.5468557938180565,1.0695141575860312,0.4739060171056518,0.8266479991228184,0.4531442061819435,0.3507018673177852,0.9745524835579271,20,128
development,EMU00070013,RF off,0,300.0,230.0,3.11627,6.86514281,2.779289731899808,5.611000061035156,1.8433645637903782,1.0287798783089368,0.1718882303930866,0.5792629079987914,1.0670376605706098,0.514835781368407,0.8568916479158502,0.42073709200120857,0.3380133480257074,0.9412012846479996,20,128
development,EMU00070013,RF off,0,300.0,230.0,3.11627,6.86514281,2.779289731899808,5.675000190734863,1.8478495718623675,0.9545798022577449,0.17956777959705883,0.49227363533209745,1.0997041369923866,0.5884752954324556,0.775012022660686,0.5077263646679026,0.33654336286216185,0.9178788011303298,20,128
development,EMU00070013,RF off,0,300.0,230.0,3.11627,6.86514281,2.779289731899808,5.73900032043457,1.8522061588191063,0.96440373235609,0.1910246472776962,0.5069842969893411,1.1822950805692363,0.6589175046947985,0.7733790850783938,0.4930157030106589,0.37291846981848437,0.9466459274625975,20,128
development,EMU00070013,RF off,0,300.0,230.0,3.11627,6.86514281,2.779289731899808,5.802999973297119,1.8564379707223382,0.9342713645925239,0.19690065305052254,0.37718163224075224,1.0923745101744273,0.743957434431597,0.7373707115420014,0.6228183677592478,0.34644059118841836,0.9290464407075372,20,128
development,EMU00070013,RF off,0,300.0,230.0,3.11627,6.86514281,2.779289731899808,5.867000102996826,1.8605486424561584,0.9359365782913861,0.20739071013038207,0.3918289646029832,1.0211244623635296,0.7435601428258157,0.728545868161004,0.6081710353970168,0.3118053152511713,0.9909148017723679,20,128
development,EMU00070013,RF off,0,300.0,230.0,3.11627,6.86514281,2.779289731899808,5.931000232696533,1.8645416116039377,0.9496964813143262,0.1999050447463957,0.4660081779293428,0.9523112955017932,0.5838088885037291,0.7497914365679305,0.5339918220706572,0.30432439041377074,0.9966723891193399,20,128
development,EMU00070013,RF off,0,300.0,230.0,3.11627,6.86514281,2.779289731899808,5.99500036239624,1.8684202483931376,0.97670416934291,0.22502784314981775,0.4591705120700157,1.0671189801278547,0.5793550793145269,0.7516763261930923,0.5408294879299843,0.3699070301104421,0.9992711755067492,20,128
development,EMU00070019,RF on,1,300.0,266.0,3.604034,7.939686901999999,2.989082116456623,2.2829999923706055,1.290480240652085,0.6433776684261658,1.1859060403631325,1.0952795575530354,1.0248548117017942,0.0754448776053681,0.5425283719369667,0.09527955755303541,0.9926906732056977,1.0913098884835666,17,128
development,EMU00070019,RF on,1,300.0,266.0,3.604034,7.939686901999999,2.989082116456623,2.3469998836517334,1.3107961426068178,0.6304180068273751,1.1562670152891132,1.0795317182243687,1.0226633277775627,0.0691765156512131,0.5258490084617381,0.07953171822436866,0.9603554678074266,1.0907265596499949,17,128
development,EMU00070019,RF on,1,300.0,266.0,3.604034,7.939686901999999,2.989082116456623,2.4110000133514404,1.3305304054176792,0.6651844944333335,1.121203071972869,1.071645272771224,1.017025239413774,0.06772055910347483,0.45601857753953545,0.07164527277122401,0.9709282666120129,1.0896204980692437,17,128
development,EMU00070019,RF on,1,300.0,266.0,3.604034,7.939686901999999,2.989082116456623,2.4749999046325684,1.3496995384347905,0.700424659068695,1.1089896055935413,1.076698672580843,1.0177945040938388,0.07136499743518358,0.4085649465248463,0.07669867258084295,0.9843445720009287,1.0900558496499178,17,128
development,EMU00070019,RF on,1,300.0,266.0,3.604034,7.939686901999999,2.989082116456623,2.5390000343322754,1.3683198640131937,0.7203690305742868,1.097561643203973,1.0570626215436305,1.0217723989481384,0.07240074037197587,0.3771926126296862,0.05706262154363051,0.9888921086800724,1.0943358860259589,17,128
development,EMU00070019,RF on,1,300.0,266.0,3.604034,7.939686901999999,2.989082116456623,2.6029999256134033,1.3864069596019823,0.7677921570798174,1.065003899355722,1.0456202469611968,1.0176308920572443,0.06834249038808603,0.29721174227590463,0.04562024696119682,0.9901818732195571,1.0944677851819202,17,128
development,EMU00070019,RF on,1,300.0,266.0,3.604034,7.939686901999999,2.989082116456623,2.6670000553131104,1.4039762262104571,0.8171654785635409,1.015962240441485,1.0483809208805335,1.0119403051057885,0.062234613387588705,0.19879676187794404,0.04838092088053347,0.9989697056910671,1.1022489301246048,17,128
development,EMU00070019,RF on,1,300.0,266.0,3.604034,7.939686901999999,2.989082116456623,2.7309999465942383,1.4210423619895745,0.8595533370291075,0.9942864975002483,1.031317263542141,1.0128576734820394,0.060857843212534075,0.1347331604711408,0.03131726354214104,0.9945721038787803,1.104485730250784,17,128
development,EMU00070019,RF on,1,300.0,266.0,3.604034,7.939686901999999,2.989082116456623,2.7950000762939453,1.4376198986099702,0.816820859252972,0.9595800720716274,1.0395014287427664,1.0192653148495876,0.06262285041142543,0.14275921281865545,0.03950142874276641,0.9857253351909976,1.0982031142154614,17,128
development,EMU00070019,RF on,1,300.0,266.0,3.604034,7.939686901999999,2.989082116456623,2.8589999675750732,1.4537227045580847,0.7892260568268308,0.9664058825219171,1.0274635184336187,1.0248583841606003,0.0696474070083434,0.17717982569508628,0.027463518433618717,0.9753797702668641,1.1064141123431408,17,128
development,EMU00070019,RF on,1,300.0,266.0,3.604034,7.939686901999999,2.989082116456623,2.922999858856201,1.4693644338095633,0.8265892773509964,0.9385954118512585,1.0302359494352733,1.0224630244531983,0.0762287516232707,0.11200613450026209,0.0302359494352733,0.9617556506788838,1.1091885504504249,17,128
development,EMU00070019,RF on,1,300.0,266.0,3.604034,7.939686901999999,2.989082116456623,2.986999988555908,1.4845583443015913,0.8691030794871386,0.9356898266340034,1.0430431672121219,1.015914711830774,0.07151446731811538,0.06658674714686474,0.04304316721212187,0.9558077214375709,1.1091924003698779,17,128
development,EMU00070019,RF on,1,300.0,266.0,3.604034,7.939686901999999,2.989082116456623,3.050999879837036,1.4993171470024178,0.8688745710372162,0.9154616150211357,1.0204049114414635,1.0176864026711396,0.06345676586161449,0.04658704398391944,0.020404911441463502,0.9731000252292838,1.1108053769627406,17,128
development,EMU00070019,RF on,1,300.0,266.0,3.604034,7.939686901999999,2.989082116456623,3.115000009536743,1.5136534089080294,0.7812324494876338,0.8848669320446592,1.0191329705021697,1.0195505727921308,0.06094096408564676,0.10363448255702534,0.019132970502169666,0.9957981681400324,1.1078954439671747,17,128
development,EMU00070019,RF on,1,300.0,266.0,3.604034,7.939686901999999,2.989082116456623,3.178999900817871,1.5275791234923892,0.7935481988291104,0.8477707626454654,1.0347586143067076,1.0182712299156678,0.06774873036511672,0.05422256381635493,0.03475861430670757,1.0073271728337383,1.1134325872091546,17,128
development,EMU00070019,RF on,1,300.0,266.0,3.604034,7.939686901999999,2.989082116456623,3.243000030517578,1.5411061483839812,0.9841434884399541,0.822843552364755,1.0081187308831088,1.0138666041670525,0.05683308499370992,0.1612999360751991,0.008118730883108771,1.0119431279397295,1.116725858542249,17,128
development,EMU00070019,RF on,1,300.0,266.0,3.604034,7.939686901999999,2.989082116456623,3.306999921798706,1.5542458000627855,0.9893042035082529,0.8066471176104817,0.9954948197188636,1.0162013524906008,0.05022864638419327,0.1826570858977712,0.004505180281136445,0.9853120779975383,1.1160095822000309,17,128
development,EMU00070019,RF on,1,300.0,266.0,3.604034,7.939686901999999,2.989082116456623,3.371000051498413,1.5670092668313529,0.9642698234844089,0.7413458291770219,0.9932798785400372,1.0184402483755248,0.04637357228885373,0.22292399430738707,0.006720121459962813,1.0112497922874422,1.1085131206060175,17,128
development,EMU00070019,RF on,1,300.0,266.0,3.604034,7.939686901999999,2.989082116456623,3.434999942779541,1.5794072263898669,1.0407809276005093,0.6984217737435856,1.0069638225599804,1.0104863929989392,0.04365979795413385,0.3423591538569237,0.006963822559980404,1.0939218133717354,1.1190946408657962,17,128
development,EMU00070019,RF on,1,300.0,266.0,3.604034,7.939686901999999,2.989082116456623,3.499000072479248,1.5914502354962952,1.010879641205275,0.6829205087921901,0.9451543031170497,1.0046101198299597,0.024599551241467395,0.32795913241308483,0.05484569688295027,1.0686297976912156,1.1336954485828894,17,128
development,EMU00070019,RF on,1,300.0,266.0,3.604034,7.939686901999999,2.989082116456623,3.562999963760376,1.60314836912814,1.0777822622086233,0.6734894613582939,0.9352625940360141,1.0099016546305541,0.012238902813987734,0.40429280085032937,0.06473740596398592,1.0132971592388131,1.139747481897841,17,128
development,EMU00070019,RF on,1,300.0,266.0,3.604034,7.939686901999999,2.989082116456623,3.626999855041504,1.614511546428203,1.0162764103276682,0.6223832409454261,0.9226455111153831,1.018225749952853,0.022833133297922217,0.39389316938224217,0.07735448888461693,0.9351120345751188,1.1533085825279192,17,128
development,EMU00070019,RF on,1,300.0,266.0,3.604034,7.939686901999999,2.989082116456623,3.690999984741211,1.6255493988309917,1.0287189309805356,0.5751554692972355,0.8860177300002097,1.013968996528207,0.03678639547881636,0.4535634616833001,0.11398226999979033,0.8659848992416246,1.1463837695433226,17,128
development,EMU00070019,RF on,1,300.0,266.0,3.604034,7.939686901999999,2.989082116456623,3.754999876022339,1.6362711604169293,1.0262759993349722,0.5197599159212399,0.8553055546164476,1.0132972594904526,0.05683350324067126,0.5065160834137322,0.14469444538355236,0.9268403069864699,1.0891936623996914,17,128
development,EMU00070019,RF on,1,300.0,266.0,3.604034,7.939686901999999,2.989082116456623,3.819000005722046,1.6466859606755517,0.9370470833522933,0.48805377244370596,0.8498939676045718,1.0004073965081448,0.07265308812169027,0.4489933109085873,0.1501060323954282,0.8799506898287703,0.9786192237992875,17,128
development,EMU00070019,RF on,1,300.0,266.0,3.604034,7.939686901999999,2.989082116456623,3.883000135421753,1.6568025495947836,0.9744948375018545,0.461662816849958,0.8005191260211358,1.0055353453506157,0.10203567074181111,0.5128320206518965,0.19948087397886416,0.9268538000301146,0.983840704081198,17,128
development,EMU00070019,RF on,1,300.0,266.0,3.604034,7.939686901999999,2.989082116456623,3.9469997882843018,1.666629393827122,0.9627792415046165,0.4039716796881106,0.7842537729959853,1.0031637460877747,0.13996811880522478,0.5588075618165058,0.2157462270040147,0.7873102827097619,0.9943978473488173,17,128
development,EMU00070019,RF on,1,300.0,266.0,3.604034,7.939686901999999,2.989082116456623,4.011000156402588,1.6761749691148449,1.1214522778506584,0.37717102815111936,0.7471477864289935,1.0108229155495274,0.1839700952761018,0.744281249699539,0.2528522135710065,0.7685278526354298,0.97359747686693,17,128
development,EMU00070019,RF on,1,300.0,266.0,3.604034,7.939686901999999,2.989082116456623,4.075000286102295,1.6854471869001517,1.114613548012028,0.3605140630131217,0.6924068680374678,0.9773899620042235,0.2699181798907932,0.7540994849989063,0.30759313196253224,0.7606727342063879,0.9937715527700359,17,128
development,EMU00070019,RF on,1,300.0,266.0,3.604034,7.939686901999999,2.989082116456623,4.139000415802002,1.6944539093887445,1.0804038825577829,0.3303104096575339,0.6807395856983158,0.9527054256295782,0.3221742388972242,0.750093472900249,0.31926041430168417,0.6279142063215242,0.9896094795217287,17,128
development,EMU00070019,RF on,1,300.0,266.0,3.604034,7.939686901999999,2.989082116456623,4.203000068664551,1.703202674377213,1.1624215673909712,0.3206495508581583,0.6012583470234225,0.9526541723737924,0.36059352843885106,0.8417720165328129,0.3987416529765775,0.5298804271602184,0.9934185876311903,17,128
development,EMU00070019,RF on,1,300.0,266.0,3.604034,7.939686901999999,2.989082116456623,4.267000198364258,1.7117009965536942,1.1376249677124264,0.3250974557892594,0.6244905569040469,0.9420213964206954,0.3494366157349034,0.812527511923167,0.37550944309595313,0.6449152761989694,1.0138060792491954,17,128
development,EMU00070019,RF on,1,300.0,266.0,3.604034,7.939686901999999,2.989082116456623,4.331000328063965,1.7199559827106756,1.15427446872776,0.3351261161922775,0.5795050779070579,0.944576542832178,0.3754668057339748,0.8191483525354825,0.42049492209294215,0.6284168707445943,0.9817771855726778,17,128
development,EMU00070019,RF on,1,300.0,266.0,3.604034,7.939686901999999,2.989082116456623,4.394999980926514,1.7279745415107228,1.140592765032567,0.32399420320317435,0.5611306979679449,0.9545419664079859,0.4178028673602803,0.8165985618293925,0.4388693020320551,0.6687824578922129,0.9400906264656393,17,128
development,EMU00070019,RF on,1,300.0,266.0,3.604034,7.939686901999999,2.989082116456623,4.459000110626221,1.7357635604366717,1.1858579359439612,0.3379887911228019,0.4737257207669702,0.9554306148498233,0.4424362610583287,0.8478691448211593,0.5262742792330297,0.5836551803158213,0.9552435368543256,17,128
development,EMU00070019,RF on,1,300.0,266.0,3.604034,7.939686901999999,2.989082116456623,4.523000240325928,1.7433295531202766,1.1949389118875706,0.29325317510057525,0.5145944528214126,0.9487129510058055,0.4580512783784708,0.9016857367869954,0.4854055471785874,0.5688938739933611,0.9560535476963861,17,128
development,EMU00070019,RF on,1,300.0,266.0,3.604034,7.939686901999999,2.989082116456623,4.587000370025635,1.750678905565378,1.1662180469061743,0.2712685442746742,0.5328597038745542,0.9974097336861126,0.46216784743559775,0.8949495026315001,0.46714029612544583,0.5610519852462562,0.9251867983925351,17,128
development,EMU00070019,RF on,1,300.0,266.0,3.604034,7.939686901999999,2.989082116456623,4.651000022888184,1.7578177685025949,1.1737206109174156,0.2820038995931492,0.5187750884728446,0.9930439362297956,0.4223742449128874,0.8917167113242664,0.4812249115271554,0.604745748300746,0.9002992120169945,17,128
development,EMU00070019,RF on,1,300.0,266.0,3.604034,7.939686901999999,2.989082116456623,4.715000152587891,1.7647522738063923,1.1872135167221547,0.2522595486367021,0.49988555685871017,0.956117421124484,0.46667864562518896,0.9349539680854526,0.5001144431412898,0.6223148451112219,0.8836073634207895,17,128
development,EMU00070019,RF on,1,300.0,266.0,3.604034,7.939686901999999,2.989082116456623,4.779000282287598,1.7714882205144122,1.1511710949988165,0.26630439428392955,0.5877991750253305,1.0122865764524684,0.39820799601461676,0.8848667007148869,0.4122008249746695,0.6583144337330644,0.9589392473687535,17,128
development,EMU00070019,RF on,1,300.0,266.0,3.604034,7.939686901999999,2.989082116456623,4.843000411987305,1.7780312940381195,1.1471179281624286,0.27789259671269,0.498595419257879,1.0385771327273965,0.4631745262937038,0.8692253314497387,0.501404580742121,0.6284621736281215,0.9547183346027808,17,128
development,EMU00070019,RF on,1,300.0,266.0,3.604034,7.939686901999999,2.989082116456623,4.9070000648498535,1.7843869703269897,1.10621977942143,0.2200714417465558,0.3550517102970683,1.0704142525398448,0.6129672815644582,0.8861483376748741,0.6449482897029317,0.6315948299544538,1.0139723629155872,17,128
development,EMU00070019,RF on,1,300.0,266.0,3.604034,7.939686901999999,2.989082116456623,4.9710001945495605,1.7905607085430049,1.1056971883148636,0.24660295910243402,0.31970789794919385,1.0152260264931408,0.6989389121376324,0.8590942292124296,0.6802921020508061,0.6346216351881437,1.0056696214746748,17,128
development,EMU00070019,RF on,1,300.0,266.0,3.604034,7.939686901999999,2.989082116456623,5.035000324249268,1.7965576715260125,1.0854648717815705,0.23271779860935432,0.3346106275247117,1.0422681432388412,0.6584396795501894,0.8527470731722162,0.6653893724752883,0.6172734178999458,1.0025224433128508,17,128
development,EMU00070019,RF on,1,300.0,266.0,3.604034,7.939686901999999,2.989082116456623,5.098999977111816,1.8023828781812998,1.0563807691420035,0.21748357483552572,0.3031163076638079,1.0162088863895133,0.6850407444481873,0.8388971943064778,0.6968836923361921,0.540225255861974,0.9340964484720038,17,128
development,EMU00070019,RF on,1,300.0,266.0,3.604034,7.939686901999999,2.989082116456623,5.163000106811523,1.8080413320278101,1.0689061928031474,0.2258048060226787,0.36289090182423756,1.0257545972839706,0.6900992377073631,0.8431013867804686,0.6371090981757624,0.535584087803203,0.9157031509069151,17,128
development,EMU00070019,RF on,1,300.0,266.0,3.604034,7.939686901999999,2.989082116456623,5.2270002365112305,1.8135377649945588,1.0318541714632772,0.23666512127962308,0.27173584699917835,1.0763109741560402,0.7462041314205693,0.795189050183654,0.7282641530008216,0.49897812770248995,0.8841670101969707,17,128
development,EMU00070019,RF on,1,300.0,266.0,3.604034,7.939686901999999,2.989082116456623,5.2910003662109375,1.818876816293279,0.995752523654514,0.23605521669506863,0.34977631767714346,0.9735244452363101,0.715918839571957,0.7596973069594455,0.6502236823228565,0.474750157500936,0.9120559732513158,17,128
development,EMU00070019,RF on,1,300.0,266.0,3.604034,7.939686901999999,2.989082116456623,5.355000019073486,1.8240629542178166,0.988789324851792,0.22129918691723502,0.30834593400775123,1.0121801827871246,0.7736458585686649,0.767490137934557,0.6916540659922488,0.4965204416160266,0.9035759832377491,17,128
development,EMU00070019,RF on,1,300.0,266.0,3.604034,7.939686901999999,2.989082116456623,5.419000148773193,1.8291006333636712,0.9665704195654128,0.23530614561638202,0.33760430278318165,1.0987210537710435,0.7120972519422122,0.7312642739490307,0.6623956972168183,0.42976643924109237,0.8981205726151847,17,128
development,EMU00070019,RF on,1,300.0,266.0,3.604034,7.939686901999999,2.989082116456623,5.4830002784729,1.8339940665318595,0.9405477862367803,0.22689432499189754,0.34078880918790255,1.1149893740564085,0.7494219310221069,0.7136534612448827,0.6592111908120974,0.41276363278556594,0.9210056126517585,17,128
development,EMU00070019,RF on,1,300.0,266.0,3.604034,7.939686901999999,2.989082116456623,5.547000408172607,1.838747383977896,1.028450152217346,0.2279674437509973,0.21748332290182584,0.966010664249791,0.8329898677208901,0.8004827084663486,0.7825166770981742,0.38661694224738474,0.9416131357972397,17,128
development,EMU00070019,RF on,1,300.0,266.0,3.604034,7.939686901999999,2.989082116456623,5.611000061035156,1.8433645637903782,1.0238616409570562,0.21159545320529594,0.3532082309960468,1.0014062114502171,0.698290775790315,0.8122661877517603,0.6467917690039532,0.3889321144643908,0.9083232597921589,17,128
development,EMU00070019,RF on,1,300.0,266.0,3.604034,7.939686901999999,2.989082116456623,5.675000190734863,1.8478495718623675,1.0117305145471558,0.20703832649309672,0.37275291035551594,0.9560786689353019,0.687905501115384,0.8046921880540591,0.6272470896444841,0.4614250580723933,0.9183335223078999,17,128
development,EMU00070019,RF on,1,300.0,266.0,3.604034,7.939686901999999,2.989082116456623,5.73900032043457,1.8522061588191063,1.0038917630571484,0.16722253812921148,0.3267116287765468,0.9728873470818982,0.6477161047926182,0.8366692249279369,0.6732883712234532,0.40110394951432427,0.9007784354298844,17,128
development,EMU00070019,RF on,1,300.0,266.0,3.604034,7.939686901999999,2.989082116456623,5.802999973297119,1.8564379707223382,1.0424277426237643,0.16300673302468227,0.2796615717662917,0.9182104502192239,0.6678923052153242,0.879421009599082,0.7203384282337083,0.3397651469237625,0.9196320880038155,17,128
development,EMU00070019,RF on,1,300.0,266.0,3.604034,7.939686901999999,2.989082116456623,5.867000102996826,1.8605486424561584,1.0455177453278501,0.18498371045535927,0.33714990576150206,0.9757760741784078,0.6247942737409734,0.8605340348724908,0.6628500942384979,0.3738378604803099,0.8978844605844333,17,128
development,EMU00070019,RF on,1,300.0,266.0,3.604034,7.939686901999999,2.989082116456623,5.931000232696533,1.8645416116039377,1.013659132915141,0.16440007679108581,0.32223736337973485,1.0423885890060804,0.5827574731888505,0.8492590561240552,0.6777626366202651,0.3095820179059496,0.9954717975974571,17,128
development,EMU00070019,RF on,1,300.0,266.0,3.604034,7.939686901999999,2.989082116456623,5.99500036239624,1.8684202483931376,1.023724320460691,0.16877614771952346,0.36051045466767584,1.0273410288953655,0.5778115136885476,0.8549481727411675,0.6394895453323242,0.3542329815624194,1.0024319824098444,17,128
development,EMU00070019,RF off,0,300.0,266.0,3.604034,7.939686901999999,2.989082116456623,2.2829999923706055,1.290480240652085,0.626317923664604,1.19997200184859,1.077458417167359,1.0230146887029532,0.08084872124781452,0.573654078183986,0.0774584171673589,0.9765882365546323,1.0871589125867436,17,128
development,EMU00070019,RF off,0,300.0,266.0,3.604034,7.939686901999999,2.989082116456623,2.3469998836517334,1.3107961426068178,0.6540510737472047,1.2151102328075538,1.0874014750717405,1.0204409816582618,0.07411845133230689,0.5610591590603491,0.08740147507174045,0.9698952605611075,1.0857299981097357,17,128
development,EMU00070019,RF off,0,300.0,266.0,3.604034,7.939686901999999,2.989082116456623,2.4110000133514404,1.3305304054176792,0.6645866264726006,1.1554694090905566,1.0915249735996961,1.0208031484690336,0.07713586291871968,0.49088278261795604,0.09152497359969614,0.9943126042819457,1.085838860700708,17,128
development,EMU00070019,RF off,0,300.0,266.0,3.604034,7.939686901999999,2.989082116456623,2.4749999046325684,1.3496995384347905,0.6300437928949669,1.113953791836511,1.0821860652010096,1.0251429041388274,0.07984847620323376,0.4839099989415441,0.08218606520100957,1.001847419216812,1.0902813032678427,17,128
development,EMU00070019,RF off,0,300.0,266.0,3.604034,7.939686901999999,2.989082116456623,2.5390000343322754,1.3683198640131937,0.6531209603397681,1.0567860960753048,1.0858858366510442,1.0267865416823214,0.07902733583251875,0.40366513573553675,0.08588583665104421,0.9931889720781955,1.081541702779403,17,128
development,EMU00070019,RF off,0,300.0,266.0,3.604034,7.939686901999999,2.989082116456623,2.6029999256134033,1.3864069596019823,0.7300360139138675,1.0342646451646529,1.0719969708641994,1.025195053640443,0.06947491987887584,0.30422863125078536,0.07199697086419943,0.9855586555115399,1.0834866189380867,17,128
development,EMU00070019,RF off,0,300.0,266.0,3.604034,7.939686901999999,2.989082116456623,2.6670000553131104,1.4039762262104571,0.653694848197373,1.0086101390846847,1.0608192422809097,1.0229036293748603,0.0622723049387341,0.35491529088731166,0.060819242280909735,0.9681671926431754,1.0802178193246783,17,128
development,EMU00070019,RF off,0,300.0,266.0,3.604034,7.939686901999999,2.989082116456623,2.7309999465942383,1.4210423619895745,0.6087690082586911,0.9425283001078033,1.0511193482929628,1.0163246478633057,0.05616981686071722,0.33375929184911224,0.05111934829296283,0.9782358819791035,1.0749180028781455,17,128
development,EMU00070019,RF off,0,300.0,266.0,3.604034,7.939686901999999,2.989082116456623,2.7950000762939453,1.4376198986099702,0.690449401893696,0.9078189647447881,1.0262423781030192,1.0084443552754312,0.046358656444203866,0.2173695628510921,0.026242378103019215,0.9765480621943271,1.0762595883026247,17,128
development,EMU00070019,RF off,0,300.0,266.0,3.604034,7.939686901999999,2.989082116456623,2.8589999675750732,1.4537227045580847,0.7431140220064654,0.8735856660581627,1.0241516786198992,1.0058100923933562,0.036225854561307134,0.1304716440516973,0.024151678619899197,0.9674028860591486,1.085274306034048,17,128
development,EMU00070019,RF off,0,300.0,266.0,3.604034,7.939686901999999,2.989082116456623,2.922999858856201,1.4693644338095633,0.649593633494584,0.8379532933655591,1.0213466350120206,1.0079730674527672,0.032291630232894906,0.18835965987097514,0.02134663501202061,0.9575868922604107,1.0663965079125386,17,128
development,EMU00070019,RF off,0,300.0,266.0,3.604034,7.939686901999999,2.989082116456623,2.986999988555908,1.4845583443015913,0.550710617614542,0.7948271669116186,0.9888458737344734,1.0193621304641236,0.02816799219040528,0.2441165492970766,0.011154126265526587,0.9233229752227157,1.0677564620393647,17,128
development,EMU00070019,RF off,0,300.0,266.0,3.604034,7.939686901999999,2.989082116456623,3.050999879837036,1.4993171470024178,0.6125873750666073,0.7423197510304383,0.941249697268179,1.002338968295335,0.005533253408209028,0.12973237596383103,0.058750302731821025,0.9273265141361172,1.0638163261183378,17,128
development,EMU00070019,RF off,0,300.0,266.0,3.604034,7.939686901999999,2.989082116456623,3.115000009536743,1.5136534089080294,0.9297020682845464,0.7184786226802415,0.9292387282264559,1.0083096399690035,0.013995784191939909,0.21122344560430484,0.07076127177354408,0.9221221310817063,1.085540070460751,17,128
development,EMU00070019,RF off,0,300.0,266.0,3.604034,7.939686901999999,2.989082116456623,3.178999900817871,1.5275791234923892,0.8114121512429151,0.6610532783158471,0.9146632757105093,1.0120689227490993,0.02239863018480156,0.15035887292706795,0.08533672428949068,0.8994266022322284,1.078174892898144,17,128
development,EMU00070019,RF off,0,300.0,266.0,3.604034,7.939686901999999,2.989082116456623,3.243000030517578,1.5411061483839812,0.6820190244073,0.6384332872411929,0.8621797559669564,1.0241285223044332,0.04476884558808339,0.04358573716610714,0.1378202440330436,0.8875729249555306,1.0790474421016891,17,128
development,EMU00070019,RF off,0,300.0,266.0,3.604034,7.939686901999999,2.989082116456623,3.306999921798706,1.5542458000627855,0.7324422047900985,0.6170431430447962,0.8407294032206547,1.0125778755330195,0.057096077610061594,0.11539906174530223,0.1592705967793453,0.9112538691096896,1.0559775478595064,17,128
development,EMU00070019,RF off,0,300.0,266.0,3.604034,7.939686901999999,2.989082116456623,3.371000051498413,1.5670092668313529,1.1027234508937014,0.5984875413675542,0.839831692087438,0.9881888054118624,0.05850296111960273,0.5042359095261472,0.16016830791256198,0.8638323110862283,1.0281088861887095,17,128
development,EMU00070019,RF off,0,300.0,266.0,3.604034,7.939686901999999,2.989082116456623,3.434999942779541,1.5794072263898669,1.0910699880139922,0.5956950604108047,0.8754444911790001,0.9892660235041654,0.08051699944663952,0.4953749276031876,0.12455550882099986,0.8010145798589405,1.007305554663155,17,128
development,EMU00070019,RF off,0,300.0,266.0,3.604034,7.939686901999999,2.989082116456623,3.499000072479248,1.5914502354962952,0.9890911312638251,0.5567430927087362,0.8742942815417162,1.0019566002210256,0.10385188557579564,0.43234803855508885,0.12570571845828382,0.7096623061138184,0.9787464659582124,17,128
development,EMU00070019,RF off,0,300.0,266.0,3.604034,7.939686901999999,2.989082116456623,3.562999963760376,1.60314836912814,1.0471856578686844,0.5534727031740952,0.8227897153891274,1.008036598821106,0.12436011014795706,0.4937129546945892,0.17721028461087263,0.5747645623315085,1.008672240264868,17,128
development,EMU00070019,RF off,0,300.0,266.0,3.604034,7.939686901999999,2.989082116456623,3.626999855041504,1.614511546428203,1.1491773643176124,0.5143878078558604,0.8165795056643766,0.9821062845537754,0.18260654903681064,0.6347895564617521,0.18342049433562335,0.488965640287352,0.9886806529822594,17,128
development,EMU00070019,RF off,0,300.0,266.0,3.604034,7.939686901999999,2.989082116456623,3.690999984741211,1.6255493988309917,1.1530748929342005,0.5006591219563395,0.7350122473641458,0.9842093106872818,0.2326135354526972,0.652415770977861,0.26498775263585417,0.44572832592864037,0.9923221659352219,17,128
development,EMU00070019,RF off,0,300.0,266.0,3.604034,7.939686901999999,2.989082116456623,3.754999876022339,1.6362711604169293,1.1593472154366975,0.4820895566651966,0.656134547816567,0.9722287354475796,0.32115805492821564,0.6772576587715009,0.343865452183433,0.3512649724257882,1.0461648625808138,17,128
development,EMU00070019,RF off,0,300.0,266.0,3.604034,7.939686901999999,2.989082116456623,3.819000005722046,1.6466859606755517,1.185565509232042,0.42148017875266086,0.56603905012215,0.9419769422195283,0.3977662833986244,0.7640853304793812,0.43396094987785006,0.26558398094640623,0.9772884629088422,17,128
development,EMU00070019,RF off,0,300.0,266.0,3.604034,7.939686901999999,2.989082116456623,3.883000135421753,1.6568025495947836,1.1859007250935845,0.39554336163884996,0.45813063022444267,0.9206120527629321,0.4990345749314677,0.7903573634547345,0.5418693697755573,0.3153158615639917,1.0301696344419167,17,128
development,EMU00070019,RF off,0,300.0,266.0,3.604034,7.939686901999999,2.989082116456623,3.9469997882843018,1.666629393827122,1.2125169229694577,0.40589692108025865,0.41062335631153235,0.8775843024166122,0.589004873536046,0.806620001889199,0.5893766436884676,0.3087065947009356,1.0462620504871438,17,128
development,EMU00070019,RF off,0,300.0,266.0,3.604034,7.939686901999999,2.989082116456623,4.011000156402588,1.6761749691148449,1.15944964352035,0.44218153547348393,0.3907893608098555,0.887182106841991,0.6169406920971577,0.7172681080468661,0.6092106391901445,0.2571983405821183,1.0421246220044373,17,128
development,EMU00070019,RF off,0,300.0,266.0,3.604034,7.939686901999999,2.989082116456623,4.075000286102295,1.6854471869001517,1.1918096745699283,0.43834054620945007,0.3826812167573288,0.8346252342252404,0.7253174993708338,0.7534691283604782,0.6173187832426712,0.2179981238218267,1.013745433997961,17,128
development,EMU00070019,RF off,0,300.0,266.0,3.604034,7.939686901999999,2.989082116456623,4.139000415802002,1.6944539093887445,1.142589797782683,0.43451858375138414,0.2690368904066748,0.8034153859932667,0.8158993675671131,0.708071214031299,0.7309631095933252,0.17012226440321984,0.9616998099420662,17,128
development,EMU00070019,RF off,0,300.0,266.0,3.604034,7.939686901999999,2.989082116456623,4.203000068664551,1.703202674377213,1.1932961497470769,0.47215817263556187,0.21224860124143655,0.8192599818805348,0.8998806419397526,0.721137977111515,0.7877513987585635,0.18052717685270958,0.9408130566037218,17,128
development,EMU00070019,RF off,0,300.0,266.0,3.604034,7.939686901999999,2.989082116456623,4.267000198364258,1.7117009965536942,1.2186789091068408,0.5276889124639703,0.15398900225927548,0.8753716913813974,0.9353123673116718,0.6909899966428705,0.8460109977407245,0.1794743963542286,0.9704172839063827,17,128
development,EMU00070019,RF off,0,300.0,266.0,3.604034,7.939686901999999,2.989082116456623,4.331000328063965,1.7199559827106756,1.2204469556722983,0.5293800054952549,0.12880047206059872,0.8805322791030068,0.9551317967188073,0.6910669501770434,0.8711995279394013,0.1329346354676671,0.9845399683158413,17,128
development,EMU00070019,RF off,0,300.0,266.0,3.604034,7.939686901999999,2.989082116456623,4.394999980926514,1.7279745415107228,1.2640892291231514,0.5164562045323686,0.1093936361447518,0.8763672066186827,0.9597819925006279,0.7476330245907827,0.8906063638552482,0.1401362082286457,1.0261729168087161,17,128
development,EMU00070019,RF off,0,300.0,266.0,3.604034,7.939686901999999,2.989082116456623,4.459000110626221,1.7357635604366717,1.1832951469330384,0.5397123389197764,0.10414591382097764,0.8537218378414949,0.9665273646593666,0.643582808013262,0.8958540861790224,0.1166208768122851,1.0176664966062023,17,128
development,EMU00070019,RF off,0,300.0,266.0,3.604034,7.939686901999999,2.989082116456623,4.523000240325928,1.7433295531202766,1.1625288920452723,0.5870484972646717,0.11305208182551912,0.8851956273109634,0.9723197039219469,0.5754803947806006,0.8869479181744808,0.12594206646222045,1.015417333798191,17,128
development,EMU00070019,RF off,0,300.0,266.0,3.604034,7.939686901999999,2.989082116456623,4.587000370025635,1.750678905565378,1.1312216632178465,0.5705074431388522,0.10665166596715021,0.9144054532598089,0.976416830299998,0.5607142200789943,0.8933483340328497,0.13039055573991848,1.0098514344073828,17,128
development,EMU00070019,RF off,0,300.0,266.0,3.604034,7.939686901999999,2.989082116456623,4.651000022888184,1.7578177685025949,1.1071167714480952,0.5744273146537999,0.09651022517674207,0.9491422525142296,0.9808505903985884,0.5326894567942952,0.903489774823258,0.14408420038507694,1.0063744200826772,17,128
development,EMU00070019,RF off,0,300.0,266.0,3.604034,7.939686901999999,2.989082116456623,4.715000152587891,1.7647522738063923,1.0917697160323563,0.5799129360829288,0.10635884782459606,0.9579055572312966,0.9779536625755197,0.5118567799494275,0.893641152175404,0.13275669463855358,0.9943451099539398,17,128
development,EMU00070019,RF off,0,300.0,266.0,3.604034,7.939686901999999,2.989082116456623,4.779000282287598,1.7714882205144122,1.0196347592773256,0.5967152476672215,0.11427219349309,0.9572623418955394,0.9800217480797205,0.4229195116101041,0.88572780650691,0.14324005260254666,0.9429750592986206,17,128
development,EMU00070019,RF off,0,300.0,266.0,3.604034,7.939686901999999,2.989082116456623,4.843000411987305,1.7780312940381195,1.0620902389703253,0.6121756760487804,0.10394756011440356,0.952096551109302,0.9821857429643958,0.44991456292154486,0.8960524398855965,0.13137507540645676,0.9499302864800858,17,128
development,EMU00070019,RF off,0,300.0,266.0,3.604034,7.939686901999999,2.989082116456623,4.9070000648498535,1.7843869703269897,1.0816667530220205,0.6185259348304467,0.09817523380248917,0.9745262846335871,0.9848511681538926,0.4631408181915738,0.9018247661975108,0.1200862004823603,0.9916737844809745,17,128
development,EMU00070019,RF off,0,300.0,266.0,3.604034,7.939686901999999,2.989082116456623,4.9710001945495605,1.7905607085430049,1.1197930363531658,0.6378618124983002,0.07569750479016268,0.968717159405909,0.9878009764229325,0.48193122385486564,0.9243024952098373,0.11084053069915965,0.987831756513037,17,128
development,EMU00070019,RF off,0,300.0,266.0,3.604034,7.939686901999999,2.989082116456623,5.035000324249268,1.7965576715260125,1.0937109185055491,0.6484670559082433,0.07213729648485673,0.9519748158913042,0.9883697616824135,0.44524386259730586,0.9278627035151432,0.1288554375439375,0.9998163813871792,17,128
development,EMU00070019,RF off,0,300.0,266.0,3.604034,7.939686901999999,2.989082116456623,5.098999977111816,1.8023828781812998,1.09368246401015,0.658044454873223,0.09430474738090755,0.8905193868970621,0.9852283806437512,0.43563800913692685,0.9056952526190925,0.138954779909998,0.9892247361615418,17,128
development,EMU00070019,RF off,0,300.0,266.0,3.604034,7.939686901999999,2.989082116456623,5.163000106811523,1.8080413320278101,1.144491969829781,0.6883991854451136,0.08120857034914997,0.9455827666540051,0.9868883084887026,0.4560927843846675,0.91879142965085,0.11907455300734951,1.025508395687453,17,128
development,EMU00070019,RF off,0,300.0,266.0,3.604034,7.939686901999999,2.989082116456623,5.2270002365112305,1.8135377649945588,1.1249108639608072,0.7187175952312228,0.0594798502008044,0.9426594040318304,0.9894954578151498,0.4061932687295844,0.9405201497991956,0.10357935092425079,1.0042436005423394,17,128
development,EMU00070019,RF off,0,300.0,266.0,3.604034,7.939686901999999,2.989082116456623,5.2910003662109375,1.818876816293279,0.9748938749595428,0.6915748259331692,0.07294609636533106,0.980394610909844,0.9892095587851246,0.2833190490263736,0.927053903634669,0.09502415807614811,0.9978925821883284,17,128
development,EMU00070019,RF off,0,300.0,266.0,3.604034,7.939686901999999,2.989082116456623,5.355000019073486,1.8240629542178166,1.0025133607656422,0.6953607609444816,0.07180291257939578,0.950366875782121,0.9885886331801236,0.3071525998211606,0.9281970874206042,0.11657070762337884,1.0230815636505424,17,128
development,EMU00070019,RF off,0,300.0,266.0,3.604034,7.939686901999999,2.989082116456623,5.419000148773193,1.8291006333636712,1.0403257268426183,0.726260843896153,0.05963998712828181,0.9519065098620807,0.9906791025581481,0.3140648829464653,0.9403600128717182,0.11947670993533747,1.0120371697769404,17,128
development,EMU00070019,RF off,0,300.0,266.0,3.604034,7.939686901999999,2.989082116456623,5.4830002784729,1.8339940665318595,1.0459261667897564,0.7218524539446773,0.0466479732653527,0.974216528385097,0.991699141500189,0.324073712845079,0.9533520267346473,0.09706756550010794,1.0009010765255735,17,128
development,EMU00070019,RF off,0,300.0,266.0,3.604034,7.939686901999999,2.989082116456623,5.547000408172607,1.838747383977896,1.0593694242356384,0.6835650523539619,0.056414720922129805,0.9950740009472332,0.9912554809589683,0.3758043718816765,0.9435852790778702,0.11964826971591323,0.9833414490465602,17,128
development,EMU00070019,RF off,0,300.0,266.0,3.604034,7.939686901999999,2.989082116456623,5.611000061035156,1.8433645637903782,1.033795603603751,0.7080378952566012,0.06843968811410794,0.996332648077679,0.9900641538266806,0.3257577083471498,0.9315603118858921,0.1123381653448766,1.000944779267677,17,128
development,EMU00070019,RF off,0,300.0,266.0,3.604034,7.939686901999999,2.989082116456623,5.675000190734863,1.8478495718623675,1.0746379381749864,0.714160414321537,0.05414436236606139,0.9693225735280766,0.9906199739479479,0.36047752385344944,0.9458556376339387,0.12230672695097167,0.9964678011595105,17,128
development,EMU00070019,RF off,0,300.0,266.0,3.604034,7.939686901999999,2.989082116456623,5.73900032043457,1.8522061588191063,1.1246099588696672,0.6845007921023406,0.05347836449746922,1.003908446303068,0.9922015494120615,0.4401091667673266,0.9465216355025308,0.10696587073679635,0.9669182920483388,17,128
development,EMU00070019,RF off,0,300.0,266.0,3.604034,7.939686901999999,2.989082116456623,5.802999973297119,1.8564379707223382,1.1191012471114457,0.6572251330951168,0.07087828708566767,1.054543744261506,0.9889529641734913,0.4618761140163289,0.9291217129143323,0.11517034367628876,0.9970876347638913,17,128
development,EMU00070019,RF off,0,300.0,266.0,3.604034,7.939686901999999,2.989082116456623,5.867000102996826,1.8605486424561584,1.0787096339970343,0.6789311141596306,0.06648852538437303,1.0252110926016378,0.9907827978517516,0.39977851983740376,0.933511474615627,0.11167191702762962,0.9721992728849653,17,128
development,EMU00070019,RF off,0,300.0,266.0,3.604034,7.939686901999999,2.989082116456623,5.931000232696533,1.8645416116039377,1.0605677218416645,0.6711982409222002,0.06388778452591165,0.9987714986585807,0.9903488299120001,0.38936948091946433,0.9361122154740884,0.10006899857591608,0.9987866039107334,17,128
development,EMU00070019,RF off,0,300.0,266.0,3.604034,7.939686901999999,2.989082116456623,5.99500036239624,1.8684202483931376,1.0450847718350988,0.6642521379525473,0.07174639085356907,1.0079649660488712,0.9897705239863211,0.3808326338825515,0.928253609146431,0.0913945288580157,0.97180130372084,17,128
development,EMU00070025,RF on,1,300.0,302.0,4.091798,9.014230993999998,3.172204420280512,2.2829999923706055,1.290480240652085,0.6208877707996365,1.1333423199650214,0.9883989965990354,1.0316328629637932,0.037554783295525605,0.5124545491653849,0.011601003400964593,1.0817042591704524,1.122715371325302,15,128
development,EMU00070025,RF on,1,300.0,302.0,4.091798,9.014230993999998,3.172204420280512,2.3469998836517334,1.3107961426068178,0.6354032433843438,1.0984803038888968,0.988886250737118,1.0232863426766063,0.03268055261039199,0.463077060504553,0.011113749262882,1.0724023356901164,1.1223375698407958,15,128
development,EMU00070025,RF on,1,300.0,302.0,4.091798,9.014230993999998,3.172204420280512,2.4110000133514404,1.3305304054176792,0.633365095314834,1.1026686850915375,0.9816497965104101,1.0183790416361813,0.029692970370582963,0.4693035897767035,0.018350203489589934,1.0800482496366304,1.1198092366525345,15,128
development,EMU00070025,RF on,1,300.0,302.0,4.091798,9.014230993999998,3.172204420280512,2.4749999046325684,1.3496995384347905,0.6803609286286574,1.0863449776842398,0.9993471114967726,1.0265793448266107,0.03280618621111427,0.4059840490555824,0.0006528885032274223,1.0679537605159233,1.126342607228,15,128
development,EMU00070025,RF on,1,300.0,302.0,4.091798,9.014230993999998,3.172204420280512,2.5390000343322754,1.3683198640131937,0.7434373837437847,1.0242320509339562,0.9829295500427593,1.0235525498597968,0.035518461545922815,0.28079466719017154,0.01707044995724072,1.0619131116577145,1.1333288567997357,15,128
development,EMU00070025,RF on,1,300.0,302.0,4.091798,9.014230993999998,3.172204420280512,2.6029999256134033,1.3864069596019823,0.772647406097578,0.9861754002054193,0.9757425311407032,1.0189398896823656,0.0366040892223693,0.2135279941078413,0.024257468859296805,1.051849675341692,1.1279469760801426,15,128
development,EMU00070025,RF on,1,300.0,302.0,4.091798,9.014230993999998,3.172204420280512,2.6670000553131104,1.4039762262104571,0.8251515920576774,0.9585183545948046,0.9671112717557238,1.0254870120043562,0.041726328020589176,0.1333667625371272,0.032888728244276244,1.0598305880802148,1.1242359204147743,15,128
development,EMU00070025,RF on,1,300.0,302.0,4.091798,9.014230993999998,3.172204420280512,2.7309999465942383,1.4210423619895745,0.8626168279151152,0.9039193823772451,0.9676317214685609,1.0249992462989788,0.041210201871297994,0.04130255446212994,0.03236827853143909,1.0799603741787343,1.1252579026359204,15,128
development,EMU00070025,RF on,1,300.0,302.0,4.091798,9.014230993999998,3.172204420280512,2.7950000762939453,1.4376198986099702,0.8513937623724906,0.8613989780912308,0.9605076250256646,1.0197866488433414,0.038261696259785226,0.010005215718740135,0.03949237497433544,1.0465155389887038,1.1263417656968842,15,128
development,EMU00070025,RF on,1,300.0,302.0,4.091798,9.014230993999998,3.172204420280512,2.8589999675750732,1.4537227045580847,0.9031602408607622,0.8413642112252502,0.9605585911025665,1.0155879539091257,0.04139040416717147,0.061796029635512006,0.03944140889743353,1.0075983120593235,1.1160635832027301,15,128
development,EMU00070025,RF on,1,300.0,302.0,4.091798,9.014230993999998,3.172204420280512,2.922999858856201,1.4693644338095633,0.9025885708923796,0.7960739190210349,0.9476564136692134,1.022759726935777,0.0412059930944678,0.10651465187134479,0.05234358633078662,1.0621290838105997,1.124546552246485,15,128
development,EMU00070025,RF on,1,300.0,302.0,4.091798,9.014230993999998,3.172204420280512,2.986999988555908,1.4845583443015913,0.921878316670593,0.7473511510305261,0.9433511118200035,1.015977675810557,0.046241537331443545,0.17452716564006687,0.05664888817999647,1.0249470090645578,1.1236991727683565,15,128
development,EMU00070025,RF on,1,300.0,302.0,4.091798,9.014230993999998,3.172204420280512,3.050999879837036,1.4993171470024178,0.9166716618275773,0.7168222034300198,0.9473747952215468,1.0068397529012407,0.038476505788239634,0.19984945839755752,0.05262520477845323,0.9977785182293927,1.1256242645919383,15,128
development,EMU00070025,RF on,1,300.0,302.0,4.091798,9.014230993999998,3.172204420280512,3.115000009536743,1.5136534089080294,0.9621153070305509,0.69089842153304,0.9331709811273996,1.003915796250192,0.03574870096383008,0.2712168854975109,0.0668290188726004,0.9623187496081091,1.1105142457959278,15,128
development,EMU00070025,RF on,1,300.0,302.0,4.091798,9.014230993999998,3.172204420280512,3.178999900817871,1.5275791234923892,1.0519485390837569,0.6518500181466668,0.9593909796669284,0.9980421341788966,0.029948081775336276,0.4000985209370901,0.040609020333071566,0.9412957619756601,1.1126230930347205,15,128
development,EMU00070025,RF on,1,300.0,302.0,4.091798,9.014230993999998,3.172204420280512,3.243000030517578,1.5411061483839812,1.046311546914075,0.6379655910484583,0.9965472010209742,0.9959302785499554,0.02487793187454244,0.4083459558656166,0.0034527989790258395,0.9461585479204658,1.1234996944290745,15,128
development,EMU00070025,RF on,1,300.0,302.0,4.091798,9.014230993999998,3.172204420280512,3.306999921798706,1.5542458000627855,0.910054719979467,0.6162283789560421,0.9500235102969521,0.9908787440515763,0.031587650560461415,0.29382634102342486,0.04997648970304791,0.9767806929669007,1.1157501139378692,15,128
development,EMU00070025,RF on,1,300.0,302.0,4.091798,9.014230993999998,3.172204420280512,3.371000051498413,1.5670092668313529,1.0531398275129615,0.5665707831920229,0.9488193127765339,1.0181787615365645,0.03156010974567063,0.4865690443209386,0.05118068722346614,1.00413957475411,1.1125105469532623,15,128
development,EMU00070025,RF on,1,300.0,302.0,4.091798,9.014230993999998,3.172204420280512,3.434999942779541,1.5794072263898669,1.0050363832410407,0.5278165269231938,0.9338484032721128,1.0250972844451054,0.03862086231854401,0.4772198563178469,0.06615159672788717,0.9809565249865994,1.0906156316529243,15,128
development,EMU00070025,RF on,1,300.0,302.0,4.091798,9.014230993999998,3.172204420280512,3.499000072479248,1.5914502354962952,0.9828641731479144,0.5168493900356708,0.9138990102318219,1.0051673316445573,0.03308340899589503,0.46601478311224365,0.08610098976817815,0.9832413969326096,1.0511450511156812,15,128
development,EMU00070025,RF on,1,300.0,302.0,4.091798,9.014230993999998,3.172204420280512,3.562999963760376,1.60314836912814,1.0183602840502428,0.5050618575283758,0.907754389476032,1.003604951460441,0.040023027723824864,0.513298426521867,0.09224561052396796,0.9757889454086883,1.047781999331086,15,128
development,EMU00070025,RF on,1,300.0,302.0,4.091798,9.014230993999998,3.172204420280512,3.626999855041504,1.614511546428203,0.999520507256191,0.45981356809314305,0.8648825901759227,1.0088676996818398,0.05636093987163584,0.539706939163048,0.13511740982407727,0.89510701970599,1.0636536497293534,15,128
development,EMU00070025,RF on,1,300.0,302.0,4.091798,9.014230993999998,3.172204420280512,3.690999984741211,1.6255493988309917,0.9943105272358047,0.4041312518317022,0.8502988919141086,1.0014468732674486,0.0754228894601251,0.5901792754041025,0.14970110808589143,0.8488374806648551,1.0900364007013745,15,128
development,EMU00070025,RF on,1,300.0,302.0,4.091798,9.014230993999998,3.172204420280512,3.754999876022339,1.6362711604169293,0.972627330318186,0.3912068080780273,0.8535030090336939,1.0139992953946269,0.0639311384545693,0.5814205222401587,0.14649699096630608,0.7977874137961685,1.0939001518004434,15,128
development,EMU00070025,RF on,1,300.0,302.0,4.091798,9.014230993999998,3.172204420280512,3.819000005722046,1.6466859606755517,0.9838421607803702,0.33318108555443593,0.8870058091317949,1.0173292344904943,0.06794946892293033,0.6506610752259343,0.11299419086820506,0.8142500018452286,1.1141196218787177,15,128
development,EMU00070025,RF on,1,300.0,302.0,4.091798,9.014230993999998,3.172204420280512,3.883000135421753,1.6568025495947836,0.9717496726079139,0.2850762977943716,0.9089921186414902,0.9969620291133443,0.08577858769549297,0.6866733748135423,0.09100788135850979,0.8049405819869012,1.1205032738535619,15,128
development,EMU00070025,RF on,1,300.0,302.0,4.091798,9.014230993999998,3.172204420280512,3.9469997882843018,1.666629393827122,0.940890216871228,0.26704080865782787,0.8799207790019924,0.982347134184698,0.10235443803453144,0.6738494082134001,0.12007922099800761,0.7992898318098731,1.1462183477222145,15,128
development,EMU00070025,RF on,1,300.0,302.0,4.091798,9.014230993999998,3.172204420280512,4.011000156402588,1.6761749691148449,0.9198538632521156,0.23354420239086107,0.7963253622506978,1.017948518810954,0.10267766925168983,0.6863096608612546,0.20367463774930217,0.6563803575483312,1.1928132160258302,15,128
development,EMU00070025,RF on,1,300.0,302.0,4.091798,9.014230993999998,3.172204420280512,4.075000286102295,1.6854471869001517,0.9688396765129552,0.21653120035574375,0.7613502285613295,0.9989565185981596,0.14496327035483134,0.7523084761572114,0.2386497714386705,0.6368272723388693,1.1493305652776835,15,128
development,EMU00070025,RF on,1,300.0,302.0,4.091798,9.014230993999998,3.172204420280512,4.139000415802002,1.6944539093887445,0.9488760164019793,0.20701139326770235,0.6949495697326575,0.9416854736085568,0.1566396058183969,0.7418646231342769,0.30505043026734247,0.7099098729054585,1.1405377771163507,15,128
development,EMU00070025,RF on,1,300.0,302.0,4.091798,9.014230993999998,3.172204420280512,4.203000068664551,1.703202674377213,0.9548874554901379,0.18176432900089354,0.8867082488744555,0.9065809617785288,0.12749270803399954,0.7731231264892443,0.11329175112554446,0.6391148965882779,1.0849966990857591,15,128
development,EMU00070025,RF on,1,300.0,302.0,4.091798,9.014230993999998,3.172204420280512,4.267000198364258,1.7117009965536942,0.9833652392907264,0.1779839335056183,0.7214365850773713,0.9780412613106063,0.15132489862125242,0.805381305785108,0.2785634149226287,0.6084412132250427,1.1012006515746804,15,128
development,EMU00070025,RF on,1,300.0,302.0,4.091798,9.014230993999998,3.172204420280512,4.331000328063965,1.7199559827106756,0.9982156936427625,0.1828032370269337,0.625923850371461,0.9730309923361697,0.2509822319227812,0.8154124566158288,0.37407614962853897,0.5858579380137725,1.0501306802780532,15,128
development,EMU00070025,RF on,1,300.0,302.0,4.091798,9.014230993999998,3.172204420280512,4.394999980926514,1.7279745415107228,0.9950371209394046,0.18178582923198155,0.8385742056908532,0.9257896445795554,0.15100725557014108,0.813251291707423,0.16142579430914683,0.5199316438571456,1.0236701819469805,15,128
development,EMU00070025,RF on,1,300.0,302.0,4.091798,9.014230993999998,3.172204420280512,4.459000110626221,1.7357635604366717,0.987160821313449,0.16448925128063657,0.88200315722862,0.973149162138986,0.09985966422910961,0.8226715700328124,0.11799684277138,0.4859806724354245,1.0527302353003054,15,128
development,EMU00070025,RF on,1,300.0,302.0,4.091798,9.014230993999998,3.172204420280512,4.523000240325928,1.7433295531202766,0.9751283702243114,0.17962254525235308,0.882539954518248,1.03693939573145,0.11163322630681555,0.7955058249719583,0.11746004548175204,0.5153835036292145,1.0489048565656995,15,128
development,EMU00070025,RF on,1,300.0,302.0,4.091798,9.014230993999998,3.172204420280512,4.587000370025635,1.750678905565378,1.0008829111258897,0.15619083116245652,0.9044061433078954,1.00341401076262,0.10712013552540056,0.8446920799634332,0.09559385669210463,0.5161471035354055,1.0036034320110123,15,128
development,EMU00070025,RF on,1,300.0,302.0,4.091798,9.014230993999998,3.172204420280512,4.651000022888184,1.7578177685025949,1.002875773592085,0.15080229144591042,1.14112384369307,0.9927906090447776,0.012281282592121297,0.8520734821461746,0.14112384369306996,0.5046208911281351,0.9611829151055595,15,128
development,EMU00070025,RF on,1,300.0,302.0,4.091798,9.014230993999998,3.172204420280512,4.715000152587891,1.7647522738063923,1.012274230004953,0.1574782623112591,0.9482945169524144,1.0435533262110817,0.08078247210244245,0.8547959676936938,0.0517054830475856,0.5461642622575655,0.9635232709797061,15,128
development,EMU00070025,RF on,1,300.0,302.0,4.091798,9.014230993999998,3.172204420280512,4.779000282287598,1.7714882205144122,1.068489928433765,0.14680705907338776,0.9117082619142094,1.0068405629315549,0.11298890744382725,0.9216828693603772,0.0882917380857906,0.46760569521873596,0.9013518042763438,15,128
development,EMU00070025,RF on,1,300.0,302.0,4.091798,9.014230993999998,3.172204420280512,4.843000411987305,1.7780312940381195,1.0638985262542333,0.17316531936508184,0.7840496818722205,1.028809607115788,0.14733931688074467,0.8907332068891515,0.21595031812777954,0.4704330974291781,0.8911491940539977,15,128
development,EMU00070025,RF on,1,300.0,302.0,4.091798,9.014230993999998,3.172204420280512,4.9070000648498535,1.7843869703269897,0.998878263013984,0.14847066416981952,0.8852945268879582,0.9900882965320642,0.08678481221643441,0.8504075988441644,0.11470547311204182,0.4570414867141167,0.9219923137470327,15,128
development,EMU00070025,RF on,1,300.0,302.0,4.091798,9.014230993999998,3.172204420280512,4.9710001945495605,1.7905607085430049,0.9688886424662019,0.16738565404832062,0.847482945383329,1.0265079207763335,0.13549292305145014,0.8015029884178813,0.15251705461667098,0.4258149392962412,0.9531254718963842,15,128
development,EMU00070025,RF on,1,300.0,302.0,4.091798,9.014230993999998,3.172204420280512,5.035000324249268,1.7965576715260125,1.000689254131746,0.14955043235499677,0.8222166162375718,1.0254064820276836,0.16273741283046514,0.8511388217767493,0.1777833837624282,0.42306578987172955,0.9722372141875357,15,128
development,EMU00070025,RF on,1,300.0,302.0,4.091798,9.014230993999998,3.172204420280512,5.098999977111816,1.8023828781812998,0.9629745383520888,0.1619312893569146,0.9209842739948182,1.027876523947727,0.15027566241305476,0.8010432489951742,0.07901572600518181,0.47171573098087016,0.9533387007560449,15,128
development,EMU00070025,RF on,1,300.0,302.0,4.091798,9.014230993999998,3.172204420280512,5.163000106811523,1.8080413320278101,0.9511587342830262,0.1461195289982555,0.6689366823563909,1.0686599687776905,0.2561391331814697,0.8050392052847707,0.3310633176436091,0.5021034456015702,0.9553477200588727,15,128
development,EMU00070025,RF on,1,300.0,302.0,4.091798,9.014230993999998,3.172204420280512,5.2270002365112305,1.8135377649945588,0.8998474988925093,0.14840369585787505,0.7296251545830845,1.1599532040676745,0.2631047001501683,0.7514438030346342,0.2703748454169155,0.4570955509368521,0.9875302968967732,15,128
development,EMU00070025,RF on,1,300.0,302.0,4.091798,9.014230993999998,3.172204420280512,5.2910003662109375,1.818876816293279,0.9125091249718159,0.1477195487058378,0.6755887054821959,1.2460819847662128,0.296650485853775,0.7647895762659781,0.32441129451780415,0.4888537423515731,1.0128035478165347,15,128
development,EMU00070025,RF on,1,300.0,302.0,4.091798,9.014230993999998,3.172204420280512,5.355000019073486,1.8240629542178166,0.9241425413770785,0.15800867868528737,0.6150389019105111,1.2568287800483673,0.3386738599901197,0.7661338626917912,0.38496109808948886,0.4691699183963853,0.9721844981937391,15,128
development,EMU00070025,RF on,1,300.0,302.0,4.091798,9.014230993999998,3.172204420280512,5.419000148773193,1.8291006333636712,0.9737718707236683,0.17154073080335264,0.7344902667921666,1.2540806937736764,0.34785253638857067,0.8022311399203157,0.26550973320783344,0.43278240044691263,0.9129088518501292,15,128
development,EMU00070025,RF on,1,300.0,302.0,4.091798,9.014230993999998,3.172204420280512,5.4830002784729,1.8339940665318595,0.9725964768891295,0.16336858239379268,0.9075486979514267,1.3170947276127847,0.34855386062591714,0.8092278944953368,0.09245130204857333,0.49897226248202686,0.8545164094262533,15,128
development,EMU00070025,RF on,1,300.0,302.0,4.091798,9.014230993999998,3.172204420280512,5.547000408172607,1.838747383977896,1.0232494191847736,0.16206708505056588,0.8373530683022019,1.323459223194636,0.36822816912627904,0.8611823341342077,0.1626469316977981,0.4227308864986815,0.8774979973903074,15,128
development,EMU00070025,RF on,1,300.0,302.0,4.091798,9.014230993999998,3.172204420280512,5.611000061035156,1.8433645637903782,0.9656558777264467,0.16405993986436285,0.8483452327467023,1.2357380362533918,0.3027683284991117,0.8015959378620838,0.15165476725329774,0.38938230091627574,0.8969337225416958,15,128
development,EMU00070025,RF on,1,300.0,302.0,4.091798,9.014230993999998,3.172204420280512,5.675000190734863,1.8478495718623675,1.0020839995946766,0.17672218352034058,0.7586015575761772,1.268633862009434,0.375146308182727,0.8253618160743361,0.2413984424238228,0.3774009780662627,0.8089786911046144,15,128
development,EMU00070025,RF on,1,300.0,302.0,4.091798,9.014230993999998,3.172204420280512,5.73900032043457,1.8522061588191063,1.0053953525268142,0.17585316757137032,0.7913783834742865,1.2700935133441575,0.3659424063742812,0.8295421849554439,0.20862161652571354,0.3165487568413423,0.8595244016548711,15,128
development,EMU00070025,RF on,1,300.0,302.0,4.091798,9.014230993999998,3.172204420280512,5.802999973297119,1.8564379707223382,1.0144922771616416,0.15833735274445487,0.6613829332130969,1.111971658722589,0.34693458977700226,0.8561549244171867,0.33861706678690306,0.401785731145129,0.8791293043859922,15,128
development,EMU00070025,RF on,1,300.0,302.0,4.091798,9.014230993999998,3.172204420280512,5.867000102996826,1.8605486424561584,1.1117592927346927,0.13531817020254505,0.5841462705438667,1.1407752273319614,0.40566904532857306,0.9764411225321477,0.4158537294561333,0.3804183197541037,0.8884990934591804,15,128
development,EMU00070025,RF on,1,300.0,302.0,4.091798,9.014230993999998,3.172204420280512,5.931000232696533,1.8645416116039377,1.076483981638046,0.159184075527176,0.7319171355888172,1.1584863946225696,0.37635174811956495,0.91729990611087,0.2680828644111828,0.38111209570491567,0.9313151031998295,15,128
development,EMU00070025,RF on,1,300.0,302.0,4.091798,9.014230993999998,3.172204420280512,5.99500036239624,1.8684202483931376,1.117827069084642,0.16267966394528155,0.6137848215463135,1.175915571070724,0.44350368139278784,0.9551474051393604,0.38621517845368647,0.40212847972251425,0.9454947679927618,15,128
development,EMU00070025,RF off,0,300.0,302.0,4.091798,9.014230993999998,3.172204420280512,2.2829999923706055,1.290480240652085,0.7117466854740155,1.1857408143490686,0.9763796512505631,1.0289903090936243,0.04704899971296151,0.4739941288750531,0.02362034874943686,1.0735952116391605,1.1009872828141427,15,128
development,EMU00070025,RF off,0,300.0,302.0,4.091798,9.014230993999998,3.172204420280512,2.3469998836517334,1.3107961426068178,0.7881960209252569,1.1399532810016917,0.9725664093974051,1.0269147917988424,0.04414753988841398,0.3517572600764348,0.02743359060259487,1.072716337410157,1.1101814735643507,15,128
development,EMU00070025,RF off,0,300.0,302.0,4.091798,9.014230993999998,3.172204420280512,2.4110000133514404,1.3305304054176792,0.8467303265033265,1.1070425271047557,0.9532993710397211,1.0261885885291182,0.04573104533599867,0.26031220060142923,0.046700628960278934,1.0782526131063326,1.1095622693066507,15,128
development,EMU00070025,RF off,0,300.0,302.0,4.091798,9.014230993999998,3.172204420280512,2.4749999046325684,1.3496995384347905,0.8473827189613076,1.0663630040698546,0.9301320436556562,1.0312297151667515,0.04897555040222249,0.21898028510854706,0.06986795634434384,1.0817362118329077,1.1113026063288274,15,128
development,EMU00070025,RF off,0,300.0,302.0,4.091798,9.014230993999998,3.172204420280512,2.5390000343322754,1.3683198640131937,0.8359700747677491,1.048965688552901,0.9342800715534325,1.0344045125796564,0.05251691390826256,0.21299561378515197,0.06571992844656749,1.0498767725117233,1.1179441863753397,15,128
development,EMU00070025,RF off,0,300.0,302.0,4.091798,9.014230993999998,3.172204420280512,2.6029999256134033,1.3864069596019823,0.9390710743545365,0.9816500766232337,0.9098468801181818,1.0349478784947643,0.05272183075099209,0.04257900226869715,0.09015311988181818,1.0304517014557844,1.1182687152041964,15,128
development,EMU00070025,RF off,0,300.0,302.0,4.091798,9.014230993999998,3.172204420280512,2.6670000553131104,1.4039762262104571,0.8975250731376515,0.9613118429267542,0.9120633754340717,1.0369712183900233,0.05236191333895346,0.06378676978910269,0.08793662456592832,1.0628181598007154,1.118066096074395,15,128
development,EMU00070025,RF off,0,300.0,302.0,4.091798,9.014230993999998,3.172204420280512,2.7309999465942383,1.4210423619895745,0.8786717946876295,0.9107056750096666,0.9028556893819427,1.0369898053841216,0.05728384224570671,0.032033880322037134,0.09714431061805728,1.0664344666653132,1.1149727150692157,15,128
development,EMU00070025,RF off,0,300.0,302.0,4.091798,9.014230993999998,3.172204420280512,2.7950000762939453,1.4376198986099702,0.9147035556630116,0.8541035349149224,0.9145597987060208,1.0335823942632973,0.052859425302833316,0.060600020748089234,0.08544020129397922,1.0998362877317045,1.11134387399928,15,128
development,EMU00070025,RF off,0,300.0,302.0,4.091798,9.014230993999998,3.172204420280512,2.8589999675750732,1.4537227045580847,0.8666662139306311,0.8074213637088667,0.8997196083097025,1.0373104082098512,0.05494972320683664,0.0592448502217644,0.10028039169029745,1.1199473740752581,1.0967851977947196,15,128
development,EMU00070025,RF off,0,300.0,302.0,4.091798,9.014230993999998,3.172204420280512,2.922999858856201,1.4693644338095633,0.8704716647865479,0.7606402716069647,0.9169484437158819,1.0393041463640476,0.059431474734660684,0.10983139317958324,0.08305155628411809,1.1272634332029665,1.0956501134821304,15,128
development,EMU00070025,RF off,0,300.0,302.0,4.091798,9.014230993999998,3.172204420280512,2.986999988555908,1.4845583443015913,0.8406901895549351,0.726573819667313,0.9021556111835181,1.0369861325879475,0.054939610231455924,0.11411636988762208,0.09784438881648194,1.1064933929479692,1.1048852541962866,15,128
development,EMU00070025,RF off,0,300.0,302.0,4.091798,9.014230993999998,3.172204420280512,3.050999879837036,1.4993171470024178,0.8734523199849965,0.68822255541838,0.9198589095469711,1.0509682427440583,0.0647740688193744,0.18522976456661655,0.08014109045302886,1.0609194989293487,1.0831346118464475,15,128
development,EMU00070025,RF off,0,300.0,302.0,4.091798,9.014230993999998,3.172204420280512,3.115000009536743,1.5136534089080294,0.8731236898319941,0.6641666629771821,0.8739989897555193,1.05178811262324,0.06791506223336048,0.208957026854812,0.12600101024448074,1.0202391813093854,1.0816368339120914,15,128
development,EMU00070025,RF off,0,300.0,302.0,4.091798,9.014230993999998,3.172204420280512,3.178999900817871,1.5275791234923892,0.9304385916915539,0.5932431872901442,0.8752698539970515,1.0458638779407377,0.059554262638220036,0.3371954044014096,0.12473014600294852,1.0064259636495494,1.0736367850384316,15,128
development,EMU00070025,RF off,0,300.0,302.0,4.091798,9.014230993999998,3.172204420280512,3.243000030517578,1.5411061483839812,0.9605148149828837,0.5549250190025448,0.9018082218970935,1.0443088308502582,0.04966797819829029,0.40558979598033895,0.09819177810290647,1.0218816908695236,1.066135111803738,15,128
development,EMU00070025,RF off,0,300.0,302.0,4.091798,9.014230993999998,3.172204420280512,3.306999921798706,1.5542458000627855,0.9178932135181503,0.5392326971905301,0.8410552536998859,1.0513105527160007,0.07375391629916858,0.3786605163276202,0.15894474630011413,1.0419092032877777,1.059591354444178,15,128
development,EMU00070025,RF off,0,300.0,302.0,4.091798,9.014230993999998,3.172204420280512,3.371000051498413,1.5670092668313529,0.9285169318869431,0.48781279013180245,0.8544077042482527,1.0446899412913462,0.08714949352413305,0.4407041417551406,0.14559229575174726,1.004045722825012,1.0381543123871704,15,128
development,EMU00070025,RF off,0,300.0,302.0,4.091798,9.014230993999998,3.172204420280512,3.434999942779541,1.5794072263898669,0.8732847397295813,0.44737327938654736,0.8606944440517877,1.0349782497396367,0.11038201746922323,0.42591146034303395,0.13930555594821226,0.9732322259982973,1.0871286438463281,15,128
development,EMU00070025,RF off,0,300.0,302.0,4.091798,9.014230993999998,3.172204420280512,3.499000072479248,1.5914502354962952,0.864065625030271,0.43242677744720587,0.8920697907413166,1.0322947166622096,0.09608441750149886,0.4316388475830651,0.10793020925868335,0.992452412246478,1.0467684106753612,15,128
development,EMU00070025,RF off,0,300.0,302.0,4.091798,9.014230993999998,3.172204420280512,3.562999963760376,1.60314836912814,0.847391198683006,0.3873525769387197,0.8622059218773912,1.067786288799664,0.12338705423910819,0.46003862174428634,0.1377940781226088,0.967941889245865,1.029781677004617,15,128
development,EMU00070025,RF off,0,300.0,302.0,4.091798,9.014230993999998,3.172204420280512,3.626999855041504,1.614511546428203,0.8869005447386699,0.3317072072832423,0.8221267698148462,1.1028086599343017,0.16198713883234767,0.5551933374554275,0.17787323018515377,0.9740865123213146,1.0261907081106825,15,128
development,EMU00070025,RF off,0,300.0,302.0,4.091798,9.014230993999998,3.172204420280512,3.690999984741211,1.6255493988309917,0.8589067860684312,0.33427775428200734,0.8123016837905542,1.0755319222040378,0.13760982641317743,0.5246290317864238,0.18769831620944577,0.9301632065876226,1.0575603586036688,15,128
development,EMU00070025,RF off,0,300.0,302.0,4.091798,9.014230993999998,3.172204420280512,3.754999876022339,1.6362711604169293,0.8930997005722079,0.31571861619736885,0.8413712663924452,1.0592068921128732,0.14554400996080918,0.577381084374839,0.1586287336075548,0.9331277677982298,1.1073582031632512,15,128
development,EMU00070025,RF off,0,300.0,302.0,4.091798,9.014230993999998,3.172204420280512,3.819000005722046,1.6466859606755517,0.8551700980526643,0.288724285670797,0.8128102296398563,1.0795970010234452,0.1851613809114186,0.5664458123818673,0.18718977036014373,0.7882071939991655,1.1183691001142098,15,128
development,EMU00070025,RF off,0,300.0,302.0,4.091798,9.014230993999998,3.172204420280512,3.883000135421753,1.6568025495947836,0.8703906792025888,0.25038293500561337,0.77648100355472,1.057272881046011,0.22498194503712832,0.6200077441969755,0.22351899644527995,0.6479530815477845,1.0986486317921575,15,128
development,EMU00070025,RF off,0,300.0,302.0,4.091798,9.014230993999998,3.172204420280512,3.9469997882843018,1.666629393827122,0.8588890580048739,0.2234990291238198,0.7285553907927748,1.061244518522837,0.221050032828416,0.6353900288810541,0.27144460920722524,0.7100917552394145,1.0423332602649598,15,128
development,EMU00070025,RF off,0,300.0,302.0,4.091798,9.014230993999998,3.172204420280512,4.011000156402588,1.6761749691148449,0.9284615823230339,0.21988106028707005,0.7003675266501301,1.0589196821124434,0.20640242961454686,0.7085805220359638,0.29963247334986987,0.6588528541182229,0.9572336092060303,15,128
development,EMU00070025,RF off,0,300.0,302.0,4.091798,9.014230993999998,3.172204420280512,4.075000286102295,1.6854471869001517,1.0823942540892528,0.1790942397198046,0.7475405290093777,1.1115365390701932,0.21457577212157994,0.9033000143694483,0.25245947099062227,0.6524443075167672,0.9627509632025868,15,128
development,EMU00070025,RF off,0,300.0,302.0,4.091798,9.014230993999998,3.172204420280512,4.139000415802002,1.6944539093887445,1.0112451822417008,0.1851604591338712,0.7675669532659336,1.157365670253091,0.2566909120872465,0.8260847231078297,0.2324330467340664,0.5779721381743956,0.9784522404516798,15,128
development,EMU00070025,RF off,0,300.0,302.0,4.091798,9.014230993999998,3.172204420280512,4.203000068664551,1.703202674377213,1.0859120180587851,0.16329222292037915,0.6699253750363541,1.1217343084667886,0.3089957090027839,0.922619795138406,0.3300746249636459,0.6154016025355199,0.9612928853065604,15,128
development,EMU00070025,RF off,0,300.0,302.0,4.091798,9.014230993999998,3.172204420280512,4.267000198364258,1.7117009965536942,1.0956579810325033,0.14686374699487523,0.6970894775005299,1.152476271901166,0.3167134522099205,0.9487942340376281,0.30291052249947015,0.5719084172999096,0.977753876021622,15,128
development,EMU00070025,RF off,0,300.0,302.0,4.091798,9.014230993999998,3.172204420280512,4.331000328063965,1.7199559827106756,1.0494670954879937,0.1699436583602058,0.632774252710644,1.1026427349881853,0.31641662027589723,0.8795234371277878,0.367225747289356,0.5429828086119888,0.9408879426298742,15,128
development,EMU00070025,RF off,0,300.0,302.0,4.091798,9.014230993999998,3.172204420280512,4.394999980926514,1.7279745415107228,0.9935451305431554,0.17270263316358953,0.7416576554984458,1.1429977130782534,0.3122796710527915,0.8208424973795658,0.25834234450155424,0.5853950650537056,0.9579651477732841,15,128
development,EMU00070025,RF off,0,300.0,302.0,4.091798,9.014230993999998,3.172204420280512,4.459000110626221,1.7357635604366717,0.992908267841531,0.15492259476756623,0.7479227461667124,1.147414529963828,0.30680542103548825,0.8379856730739648,0.2520772538332876,0.5617993904079005,0.9604328096080109,15,128
development,EMU00070025,RF off,0,300.0,302.0,4.091798,9.014230993999998,3.172204420280512,4.523000240325928,1.7433295531202766,1.0083044253312796,0.16059708383213522,0.7285573290345078,1.085096468936203,0.273793899524754,0.8477073414991444,0.27144267096549224,0.471692228547019,0.9402267942865193,15,128
development,EMU00070025,RF off,0,300.0,302.0,4.091798,9.014230993999998,3.172204420280512,4.587000370025635,1.750678905565378,1.0394907217663831,0.1684320140862557,0.8124178256285515,0.9944327040469737,0.17734340362440168,0.8710587076801275,0.18758217437144853,0.4888213152415233,0.942468211760536,15,128
development,EMU00070025,RF off,0,300.0,302.0,4.091798,9.014230993999998,3.172204420280512,4.651000022888184,1.7578177685025949,1.0448685090075005,0.18176422756417307,0.7675242080070336,1.031205934528308,0.22610833488233648,0.8631042814433274,0.23247579199296642,0.4145044634599605,0.9111860640106499,15,128
development,EMU00070025,RF off,0,300.0,302.0,4.091798,9.014230993999998,3.172204420280512,4.715000152587891,1.7647522738063923,1.0546275392496385,0.18610109055422425,0.7100373126906119,1.0344433829166373,0.18516434528088715,0.8685264486954143,0.2899626873093881,0.3791381412413325,0.8782046063967945,15,128
development,EMU00070025,RF off,0,300.0,302.0,4.091798,9.014230993999998,3.172204420280512,4.779000282287598,1.7714882205144122,1.0584287032494901,0.19387623532124404,0.8609717403131489,1.0822894294778107,0.18514477699787055,0.8645524679282461,0.13902825968685106,0.3958773641936636,0.8785151266808482,15,128
development,EMU00070025,RF off,0,300.0,302.0,4.091798,9.014230993999998,3.172204420280512,4.843000411987305,1.7780312940381195,1.009459285449783,0.1875428892065927,0.75776271725333,1.086238702470095,0.22982299719849789,0.8219163962431904,0.24223728274667,0.39406916733375713,0.8493709280985531,15,128
development,EMU00070025,RF off,0,300.0,302.0,4.091798,9.014230993999998,3.172204420280512,4.9070000648498535,1.7843869703269897,0.915968766502076,0.19602597957905216,0.7323631004648582,1.0184587011971569,0.17572105995959075,0.7199427869230239,0.2676368995351418,0.41311709840914446,0.8512088895278893,15,128
development,EMU00070025,RF off,0,300.0,302.0,4.091798,9.014230993999998,3.172204420280512,4.9710001945495605,1.7905607085430049,0.9779241471707315,0.21331756206819769,0.8168777794075485,1.0882805009310457,0.2216096874645497,0.7646065851025339,0.18312222059245153,0.40405716226573807,0.897193647845694,15,128
development,EMU00070025,RF off,0,300.0,302.0,4.091798,9.014230993999998,3.172204420280512,5.035000324249268,1.7965576715260125,1.01383489476458,0.21616863406522133,0.7273503949217401,1.046820548138127,0.23627836801010688,0.7976662606993588,0.27264960507825986,0.3623690228905923,0.8567165676910768,15,128
development,EMU00070025,RF off,0,300.0,302.0,4.091798,9.014230993999998,3.172204420280512,5.098999977111816,1.8023828781812998,0.9964185404316834,0.20514072705143144,0.6523474607683637,1.0518694211477055,0.23882043319631796,0.791277813380252,0.3476525392316363,0.4097730884269799,0.8538203800514734,15,128
development,EMU00070025,RF off,0,300.0,302.0,4.091798,9.014230993999998,3.172204420280512,5.163000106811523,1.8080413320278101,0.9991583417706678,0.19066341464132452,0.5790090056518967,1.1302187480125914,0.3060608796289187,0.8084949271293432,0.4209909943481033,0.40802715887871843,0.8722773675300988,15,128
development,EMU00070025,RF off,0,300.0,302.0,4.091798,9.014230993999998,3.172204420280512,5.2270002365112305,1.8135377649945588,1.0245585782541504,0.17441361169214936,0.5005392272983243,1.1571730187006868,0.3823019317686784,0.8501449665620011,0.49946077270167566,0.3876073690807509,0.8796752153691896,15,128
development,EMU00070025,RF off,0,300.0,302.0,4.091798,9.014230993999998,3.172204420280512,5.2910003662109375,1.818876816293279,1.0179516851383619,0.15202658474643357,0.44498841924883414,1.14060565884333,0.3961056423214639,0.8659251003919283,0.5550115807511659,0.37811369794410843,0.893830736114102,15,128
development,EMU00070025,RF off,0,300.0,302.0,4.091798,9.014230993999998,3.172204420280512,5.355000019073486,1.8240629542178166,1.051516454827039,0.14628765856378362,0.505478472944637,1.0858323885547654,0.3508349454336378,0.9052287962632555,0.494521527055363,0.34817057800852785,0.9334358894018466,15,128
development,EMU00070025,RF off,0,300.0,302.0,4.091798,9.014230993999998,3.172204420280512,5.419000148773193,1.8291006333636712,1.078832766496253,0.15365859048327946,0.6226539143556276,1.1011536252342085,0.26168578358059424,0.9251741760129735,0.37734608564437244,0.34931371013322393,0.8876408784841554,15,128
development,EMU00070025,RF off,0,300.0,302.0,4.091798,9.014230993999998,3.172204420280512,5.4830002784729,1.8339940665318595,1.116994480318366,0.1637068479372574,0.6434507627993833,1.0950255365744919,0.20734521565826253,0.9532876323811086,0.3565492372006167,0.31049305061951715,0.8809881218138834,15,128
development,EMU00070025,RF off,0,300.0,302.0,4.091798,9.014230993999998,3.172204420280512,5.547000408172607,1.838747383977896,1.1296828336473417,0.17903878141654014,0.6323778743596777,0.9776410958234216,0.20451992752233358,0.9506440522308015,0.36762212564032226,0.34138957649507684,0.87862306348486,15,128
development,EMU00070025,RF off,0,300.0,302.0,4.091798,9.014230993999998,3.172204420280512,5.611000061035156,1.8433645637903782,1.1684582047687104,0.17791176951242704,0.5980778051765945,0.9718063951280165,0.31541305442132045,0.9905464352562834,0.4019221948234055,0.32541129179662254,0.8760427427976631,15,128
development,EMU00070025,RF off,0,300.0,302.0,4.091798,9.014230993999998,3.172204420280512,5.675000190734863,1.8478495718623675,1.0994105011251025,0.18891249291398277,0.49260499291763327,1.0025423346834947,0.41685645515859143,0.9104980082111198,0.5073950070823667,0.2940139557015567,0.8534943833835047,15,128
development,EMU00070025,RF off,0,300.0,302.0,4.091798,9.014230993999998,3.172204420280512,5.73900032043457,1.8522061588191063,1.0659576667922905,0.1640896355392819,0.47924272584808175,0.9565189163978269,0.3650772841511751,0.9018680312530086,0.5207572741519182,0.27653531650332724,0.8719269887877138,15,128
development,EMU00070025,RF off,0,300.0,302.0,4.091798,9.014230993999998,3.172204420280512,5.802999973297119,1.8564379707223382,1.1371980794509948,0.15924772633061543,0.3856261249733466,0.9363948628645224,0.43859821258359377,0.9779503531203794,0.6143738750266534,0.29212014577981216,0.9346544440656197,15,128
development,EMU00070025,RF off,0,300.0,302.0,4.091798,9.014230993999998,3.172204420280512,5.867000102996826,1.8605486424561584,1.1555827740944769,0.13636883581942338,0.4455926830540077,0.8643568804463402,0.47368473888026463,1.0192139382750534,0.5544073169459923,0.3048466730860308,0.9057775254030145,15,128
development,EMU00070025,RF off,0,300.0,302.0,4.091798,9.014230993999998,3.172204420280512,5.931000232696533,1.8645416116039377,1.1789409618713071,0.15039711945079987,0.4110017547622185,0.8176913563943858,0.524493821629282,1.0285438424205073,0.5889982452377815,0.36028477171671697,0.911842320039947,15,128
development,EMU00070025,RF off,0,300.0,302.0,4.091798,9.014230993999998,3.172204420280512,5.99500036239624,1.8684202483931376,1.1934752261841581,0.17336551853139956,0.26468346708361484,0.9016285792684533,0.6539929947881452,1.0201097076527585,0.7353165329163851,0.4064940361043062,0.9316894699484846,15,128
development,EMU00070031,RF on,1,300.0,338.0,4.579562,10.088775086,3.3346791172376173,2.2829999923706055,1.290480240652085,0.7495333692716848,0.8473351214238996,0.9435269251193646,1.1173985739324221,0.12125886774001854,0.09780175215221476,0.056473074880635354,1.0688985041549837,1.0351443432207885,14,128
development,EMU00070031,RF on,1,300.0,338.0,4.579562,10.088775086,3.3346791172376173,2.3469998836517334,1.3107961426068178,0.7152743015884516,0.8106573431928996,0.9290923291445885,1.1188374918712192,0.12363774936152754,0.095383041604448,0.0709076708554115,1.0620710688216382,1.0377003320852356,14,128
development,EMU00070031,RF on,1,300.0,338.0,4.579562,10.088775086,3.3346791172376173,2.4110000133514404,1.3305304054176792,0.7356303941745753,0.8039345266643291,0.9221581230249658,1.1198551421279994,0.12374385921650492,0.06830413248975375,0.0778418769750342,1.043507591655508,1.0318816525170975,14,128
development,EMU00070031,RF on,1,300.0,338.0,4.579562,10.088775086,3.3346791172376173,2.4749999046325684,1.3496995384347905,0.7925433703721038,0.7451173946613675,0.9338450718546645,1.119441280028775,0.12678383825211512,0.04742597571073626,0.06615492814533552,1.0436344371919541,1.040310286314233,14,128
development,EMU00070031,RF on,1,300.0,338.0,4.579562,10.088775086,3.3346791172376173,2.5390000343322754,1.3683198640131937,0.792931409086868,0.7272408623864124,0.9491851010227896,1.1161860531768175,0.12240045639647869,0.0656905467004556,0.050814898977210365,1.050175149244899,1.0448473814473185,14,128
development,EMU00070031,RF on,1,300.0,338.0,4.579562,10.088775086,3.3346791172376173,2.6029999256134033,1.3864069596019823,0.8280912958368426,0.6875822846496861,0.9755109437856462,1.1186134246180097,0.12375936209159667,0.14050901118715653,0.02448905621435382,1.0511330552630544,1.049514229966484,14,128
development,EMU00070031,RF on,1,300.0,338.0,4.579562,10.088775086,3.3346791172376173,2.6670000553131104,1.4039762262104571,0.8262299839316762,0.6426601824420897,0.961330997757024,1.1208518179011835,0.13109372750732867,0.18356980148958657,0.03866900224297598,1.0533567136585764,1.040445908655303,14,128
development,EMU00070031,RF on,1,300.0,338.0,4.579562,10.088775086,3.3346791172376173,2.7309999465942383,1.4210423619895745,0.8616170423163011,0.6086376523325265,0.9934729401555831,1.1214642756839373,0.12888267746273457,0.25297938998377456,0.006527059844416927,1.0425567555907098,1.045860558461956,14,128
development,EMU00070031,RF on,1,300.0,338.0,4.579562,10.088775086,3.3346791172376173,2.7950000762939453,1.4376198986099702,0.8660357930845753,0.5683875634805098,0.9921054307302453,1.1117907468839647,0.11767512720901178,0.29764822960406556,0.007894569269754736,1.0614978891272657,1.050151481847752,14,128
development,EMU00070031,RF on,1,300.0,338.0,4.579562,10.088775086,3.3346791172376173,2.8589999675750732,1.4537227045580847,0.8976123856271784,0.5313905371977601,1.000940111656332,1.1212879412992078,0.12785329430940295,0.3662218484294183,0.000940111656331899,1.0486051454484768,1.0524399452248336,14,128
development,EMU00070031,RF on,1,300.0,338.0,4.579562,10.088775086,3.3346791172376173,2.922999858856201,1.4693644338095633,0.9187597139152712,0.49797590965573313,0.9880533411801944,1.1188377751091982,0.1308062076186243,0.4207838042595381,0.011946658819805611,1.0796093647442464,1.0653879795294428,14,128
development,EMU00070031,RF on,1,300.0,338.0,4.579562,10.088775086,3.3346791172376173,2.986999988555908,1.4845583443015913,0.963308165159123,0.45695834889488446,1.0020860573845813,1.1049945116080584,0.1193741126964419,0.5063498162642386,0.0020860573845813413,1.0833511250282433,1.065545842516813,14,128
development,EMU00070031,RF on,1,300.0,338.0,4.579562,10.088775086,3.3346791172376173,3.050999879837036,1.4993171470024178,0.9850155517855781,0.44724676630116994,1.0140635199533152,1.1086396811740782,0.11718337574942907,0.5377687854844082,0.014063519953315229,1.0676414612810898,1.0595125753570505,14,128
development,EMU00070031,RF on,1,300.0,338.0,4.579562,10.088775086,3.3346791172376173,3.115000009536743,1.5136534089080294,0.9380293267824106,0.4210951453069545,0.9636812521078431,1.119614872295839,0.1323218392673043,0.516934181475456,0.036318747892156944,1.0288897965676163,1.0533576625146144,14,128
development,EMU00070031,RF on,1,300.0,338.0,4.579562,10.088775086,3.3346791172376173,3.178999900817871,1.5275791234923892,0.997929339976492,0.40320268389475666,0.9899233852475898,1.1200109791044133,0.1339808533406363,0.5947266560817354,0.010076614752410173,1.0125277036436553,1.044677451207174,14,128
development,EMU00070031,RF on,1,300.0,338.0,4.579562,10.088775086,3.3346791172376173,3.243000030517578,1.5411061483839812,0.990231242518244,0.3930610717650648,0.9558467554755803,1.1055397484055118,0.11840566026112379,0.5971701707531792,0.04415324452441971,1.054696452094505,1.030779841739039,14,128
development,EMU00070031,RF on,1,300.0,338.0,4.579562,10.088775086,3.3346791172376173,3.306999921798706,1.5542458000627855,0.9798677009542645,0.3830235504730232,0.9636831759540518,1.096993100268678,0.10383133405645649,0.5968441504812412,0.03631682404594816,1.051685159583295,1.0175551315450402,14,128
development,EMU00070031,RF on,1,300.0,338.0,4.579562,10.088775086,3.3346791172376173,3.371000051498413,1.5670092668313529,0.977674865270268,0.32350009311219596,0.9840550256586593,1.1223123905267909,0.13452300763050684,0.6541747721580721,0.01594497434134068,1.0661747353760618,1.0172066762585672,14,128
development,EMU00070031,RF on,1,300.0,338.0,4.579562,10.088775086,3.3346791172376173,3.434999942779541,1.5794072263898669,1.048108558193644,0.2766217988878539,0.9500928061212783,1.1198186677731818,0.1314106115053609,0.7714867593057901,0.04990719387872167,0.9477537699166481,1.0347709873513378,14,128
development,EMU00070031,RF on,1,300.0,338.0,4.579562,10.088775086,3.3346791172376173,3.499000072479248,1.5914502354962952,1.0634328792587973,0.2569642867257901,1.0709479811440288,1.1434199035348553,0.1447168218994602,0.8064685925330072,0.07094798114402878,0.9552452919246646,0.9960161959053675,14,128
development,EMU00070031,RF on,1,300.0,338.0,4.579562,10.088775086,3.3346791172376173,3.562999963760376,1.60314836912814,1.0427547182135528,0.2649939234741727,0.9833577833767841,1.1300550778059186,0.13613741217240183,0.7777607947393801,0.016642216623215855,0.9077209118313857,0.9980395949880625,14,128
development,EMU00070031,RF on,1,300.0,338.0,4.579562,10.088775086,3.3346791172376173,3.626999855041504,1.614511546428203,1.0432287354324425,0.2613316367735783,0.9630500786520377,1.093048726931584,0.10988182639830579,0.7818970986588643,0.03694992134796227,0.8753156172373124,1.0116992810447134,14,128
development,EMU00070031,RF on,1,300.0,338.0,4.579562,10.088775086,3.3346791172376173,3.690999984741211,1.6255493988309917,1.081437739891203,0.2313162060256506,0.8335344258221424,1.0744956292314891,0.19068407165539406,0.8501215338655523,0.16646557417785757,0.8364447937301817,1.0017959738562616,14,128
development,EMU00070031,RF on,1,300.0,338.0,4.579562,10.088775086,3.3346791172376173,3.754999876022339,1.6362711604169293,1.0562746724113463,0.2232044748280635,0.6879277307467278,1.1046096456957104,0.23784741765483863,0.8330701975832828,0.31207226925327225,0.7668963701361815,1.0157910832907955,14,128
development,EMU00070031,RF on,1,300.0,338.0,4.579562,10.088775086,3.3346791172376173,3.819000005722046,1.6466859606755517,1.0828842029330332,0.2330752652715718,0.7291926484174881,1.109566418685181,0.2344292655662195,0.8498089376614615,0.2708073515825119,0.6503480433593962,1.038091180266539,14,128
development,EMU00070031,RF on,1,300.0,338.0,4.579562,10.088775086,3.3346791172376173,3.883000135421753,1.6568025495947836,1.1199102754232986,0.21108676001065796,0.6973908530811022,1.1359915473622662,0.28121672169089607,0.9088235154126406,0.30260914691889784,0.5849610669812757,1.0759617548307179,14,128
development,EMU00070031,RF on,1,300.0,338.0,4.579562,10.088775086,3.3346791172376173,3.9469997882843018,1.666629393827122,1.1025642105066706,0.19911114124129467,0.6472499526574121,1.0941045444408795,0.33483279078440337,0.9034530692653759,0.35275004734258786,0.5167464206953487,1.0558569991018292,14,128
development,EMU00070031,RF on,1,300.0,338.0,4.579562,10.088775086,3.3346791172376173,4.011000156402588,1.6761749691148449,1.1225451146792575,0.17068831814403984,0.6882814219872397,1.1046876612870953,0.30012135135675655,0.9518567965352177,0.31171857801276026,0.5417922361972773,1.0636271289932595,14,128
development,EMU00070031,RF on,1,300.0,338.0,4.579562,10.088775086,3.3346791172376173,4.075000286102295,1.6854471869001517,1.0223454252658601,0.17450786224114612,0.6548831802558683,1.107513226220726,0.30121641750260736,0.847837563024714,0.34511681974413166,0.5278655713125533,1.0387069910079672,14,128
development,EMU00070031,RF on,1,300.0,338.0,4.579562,10.088775086,3.3346791172376173,4.139000415802002,1.6944539093887445,1.0411145550148249,0.17922677134744253,0.6422278199674036,1.0456996091920419,0.33654513302556216,0.8618877836673824,0.35777218003259637,0.5448226627716781,1.0404107417938366,14,128
development,EMU00070031,RF on,1,300.0,338.0,4.579562,10.088775086,3.3346791172376173,4.203000068664551,1.703202674377213,1.0687606847906783,0.1746602840533993,0.7545785000508471,1.0299101445401622,0.2620955921614331,0.894100400737279,0.24542149994915285,0.451574290788775,1.0270963789885466,14,128
development,EMU00070031,RF on,1,300.0,338.0,4.579562,10.088775086,3.3346791172376173,4.267000198364258,1.7117009965536942,1.058263192469787,0.16465928829500465,0.6802635304773528,1.0540951748808323,0.21715693296077854,0.8936039041747823,0.3197364695226472,0.4438441588020061,0.9718607072388382,14,128
development,EMU00070031,RF on,1,300.0,338.0,4.579562,10.088775086,3.3346791172376173,4.331000328063965,1.7199559827106756,1.1054860836239278,0.16740472958192498,0.7458566567268244,1.0857463994559626,0.26141718631509175,0.9380813540420028,0.25414334327317556,0.39767909320150485,1.0369352946183854,14,128
development,EMU00070031,RF on,1,300.0,338.0,4.579562,10.088775086,3.3346791172376173,4.394999980926514,1.7279745415107228,1.1683892588854614,0.1424752926078528,0.8240083590580017,1.046394452547102,0.19071656957394256,1.0259139662776087,0.17599164094199826,0.3893771261629876,1.0105347605564705,14,128
development,EMU00070031,RF on,1,300.0,338.0,4.579562,10.088775086,3.3346791172376173,4.459000110626221,1.7357635604366717,1.185751963271659,0.13235140044637445,0.8540831806728715,1.0469674598798515,0.1959565455024731,1.0534005628252847,0.14591681932712852,0.44153491020954616,0.9596426145984076,14,128
development,EMU00070031,RF on,1,300.0,338.0,4.579562,10.088775086,3.3346791172376173,4.523000240325928,1.7433295531202766,1.2240565028954324,0.13035460563034212,0.7952319950765749,1.0377654617040888,0.19642830401011968,1.0937018972650903,0.20476800492342506,0.3592173721658531,0.895165658722759,14,128
development,EMU00070031,RF on,1,300.0,338.0,4.579562,10.088775086,3.3346791172376173,4.587000370025635,1.750678905565378,1.260945604020639,0.14750489146891116,0.7272019116779538,0.9471572298450442,0.2856651637359491,1.1134407125517278,0.2727980883220462,0.39155608468294534,0.8953109218498945,14,128
development,EMU00070031,RF on,1,300.0,338.0,4.579562,10.088775086,3.3346791172376173,4.651000022888184,1.7578177685025949,1.1859536180477583,0.1561322811134861,0.7261379254345609,0.9314322600266104,0.2536053659238131,1.0298213369342721,0.2738620745654391,0.32127070127053925,0.8936701127360053,14,128
development,EMU00070031,RF on,1,300.0,338.0,4.579562,10.088775086,3.3346791172376173,4.715000152587891,1.7647522738063923,1.0987447197620397,0.14336770968370904,0.7084206564588902,0.9697483848412276,0.27011900360009494,0.9553770100783306,0.2915793435411098,0.34849411870682095,0.8943437420131524,14,128
development,EMU00070031,RF on,1,300.0,338.0,4.579562,10.088775086,3.3346791172376173,4.779000282287598,1.7714882205144122,1.112387211915916,0.14217046416344847,0.6472709180132111,1.0000441808659377,0.2696429051689775,0.9702167477524675,0.3527290819867889,0.38704245159965417,0.8941517733999844,14,128
development,EMU00070031,RF on,1,300.0,338.0,4.579562,10.088775086,3.3346791172376173,4.843000411987305,1.7780312940381195,1.0874457383667793,0.15395255349019143,0.7219182688132133,0.8570474805426885,0.27853464543212636,0.9334931848765878,0.2780817311867867,0.3533963985656544,0.9360671340199612,14,128
development,EMU00070031,RF on,1,300.0,338.0,4.579562,10.088775086,3.3346791172376173,4.9070000648498535,1.7843869703269897,1.0041485654620117,0.16941658229632123,0.6785724353856138,0.9054874125075971,0.28887697389613054,0.8347319831656905,0.32142756461438615,0.3270857598478043,0.9196937196396955,14,128
development,EMU00070031,RF on,1,300.0,338.0,4.579562,10.088775086,3.3346791172376173,4.9710001945495605,1.7905607085430049,1.0116558106442646,0.1782229289487503,0.6354194228918897,0.9207152629392286,0.3723572401957367,0.8334328816955143,0.3645805771081103,0.36675471705137386,0.9614070704991518,14,128
development,EMU00070031,RF on,1,300.0,338.0,4.579562,10.088775086,3.3346791172376173,5.035000324249268,1.7965576715260125,1.045978755793197,0.2123373806245703,0.6005670745044429,0.9188135114491278,0.4245463722440981,0.8336413751686267,0.3994329254955571,0.319253926459387,0.93820247356704,14,128
development,EMU00070031,RF on,1,300.0,338.0,4.579562,10.088775086,3.3346791172376173,5.098999977111816,1.8023828781812998,1.0120024345287622,0.21901748244746094,0.5709308417443046,0.8979435165473566,0.43278662246666033,0.7929849520813013,0.42906915825569536,0.36633883978863274,0.93382578492022,14,128
development,EMU00070031,RF on,1,300.0,338.0,4.579562,10.088775086,3.3346791172376173,5.163000106811523,1.8080413320278101,1.028718286696991,0.21443172483770073,0.5417675804276033,0.8993716308080479,0.454755546142954,0.8142865618592903,0.4582324195723967,0.3949459453737867,0.9339820116039947,14,128
development,EMU00070031,RF on,1,300.0,338.0,4.579562,10.088775086,3.3346791172376173,5.2270002365112305,1.8135377649945588,1.0649963911273406,0.21484620226199774,0.45902174655069944,0.9330246069602897,0.5160570243896934,0.8501501888653429,0.5409782534493006,0.4023086565144194,0.9174136121814292,14,128
development,EMU00070031,RF on,1,300.0,338.0,4.579562,10.088775086,3.3346791172376173,5.2910003662109375,1.818876816293279,1.1237925511665308,0.21781718915015746,0.5032076508407461,0.9309604386462539,0.5260811341232267,0.9059753620163733,0.49679234915925385,0.3375721199557671,0.8985984658016195,14,128
development,EMU00070031,RF on,1,300.0,338.0,4.579562,10.088775086,3.3346791172376173,5.355000019073486,1.8240629542178166,1.117791954704185,0.23564883843914042,0.48683875262606624,1.0218791439981945,0.49300477707141965,0.8821431162650446,0.5131612473739338,0.2959724902830869,0.9173420730909956,14,128
development,EMU00070031,RF on,1,300.0,338.0,4.579562,10.088775086,3.3346791172376173,5.419000148773193,1.8291006333636712,1.1749616422250888,0.2390107026361457,0.46628276320357553,0.9208244084601264,0.569097543103151,0.9359509395889432,0.5337172367964245,0.2906298620433744,0.9175254346272554,14,128
development,EMU00070031,RF on,1,300.0,338.0,4.579562,10.088775086,3.3346791172376173,5.4830002784729,1.8339940665318595,1.1441162306901662,0.2619577610807858,0.33584464175249973,0.8857764635671355,0.6602715422055688,0.8821584696093805,0.6641553582475003,0.2692206066137872,0.991110276072426,14,128
development,EMU00070031,RF on,1,300.0,338.0,4.579562,10.088775086,3.3346791172376173,5.547000408172607,1.838747383977896,1.152867882209183,0.24811743509612233,0.36903892581540276,0.9433964939700807,0.6245654232264202,0.9047504471130605,0.6309610741845972,0.3271845687110937,0.9562355779332514,14,128
development,EMU00070031,RF on,1,300.0,338.0,4.579562,10.088775086,3.3346791172376173,5.611000061035156,1.8433645637903782,1.0973796528958912,0.25649529895957807,0.3413134862846984,0.9472931059216618,0.6431801309685563,0.8408843539363131,0.6586865137153016,0.2664147187320982,0.9779498419858035,14,128
development,EMU00070031,RF on,1,300.0,338.0,4.579562,10.088775086,3.3346791172376173,5.675000190734863,1.8478495718623675,1.1436281646155642,0.25002278370309433,0.3332778375477107,1.0878571021103007,0.6569811504826527,0.8936053809124698,0.6667221624522893,0.2787107240982408,1.0127531409572306,14,128
development,EMU00070031,RF on,1,300.0,338.0,4.579562,10.088775086,3.3346791172376173,5.73900032043457,1.8522061588191063,1.1689883632262927,0.24795198862858323,0.31104952450877377,1.1527652111845608,0.6599527285284853,0.9210363745977095,0.6889504754912262,0.24073191386461662,1.0126158398239837,14,128
development,EMU00070031,RF on,1,300.0,338.0,4.579562,10.088775086,3.3346791172376173,5.802999973297119,1.8564379707223382,1.1487175911025602,0.25905735988263523,0.3234349162620386,1.1126748062057576,0.627345079985766,0.889660231219925,0.6765650837379614,0.26382462038417775,1.0260053091061896,14,128
development,EMU00070031,RF on,1,300.0,338.0,4.579562,10.088775086,3.3346791172376173,5.867000102996826,1.8605486424561584,1.1666125740375242,0.25348445953242765,0.30555575643947797,1.1331989253871613,0.6407581860677145,0.9131281145050965,0.694444243560522,0.24329152587550124,1.0135927893176224,14,128
development,EMU00070031,RF on,1,300.0,338.0,4.579562,10.088775086,3.3346791172376173,5.931000232696533,1.8645416116039377,1.1488402217767912,0.24719011018264708,0.38461624294324437,1.1328274811662158,0.6459853932236599,0.9016501115941442,0.6153837570567556,0.2266230621309938,1.0429145120919503,14,128
development,EMU00070031,RF on,1,300.0,338.0,4.579562,10.088775086,3.3346791172376173,5.99500036239624,1.8684202483931376,1.098456602208048,0.24259936813473468,0.34664521558161343,1.143121441340388,0.7469922045907573,0.8558572340733133,0.6533547844183866,0.24477532640592187,1.0565009733091406,14,128
development,EMU00070031,RF off,0,300.0,338.0,4.579562,10.088775086,3.3346791172376173,2.2829999923706055,1.290480240652085,0.7482599264776341,1.1521212465763124,0.9713395104647689,1.115624067333484,0.11941547604437976,0.40386132009867837,0.02866048953523115,1.0495887783985682,1.042858313468564,14,128
development,EMU00070031,RF off,0,300.0,338.0,4.579562,10.088775086,3.3346791172376173,2.3469998836517334,1.3107961426068178,0.7550217611274136,1.133066535954825,0.9773447610449972,1.119832761767033,0.12340058013815772,0.3780447748274115,0.022655238955002766,1.053718274929972,1.045074586650138,14,128
development,EMU00070031,RF off,0,300.0,338.0,4.579562,10.088775086,3.3346791172376173,2.4110000133514404,1.3305304054176792,0.8060448907742244,1.1082289024777379,0.9816620099000077,1.117470884818796,0.1207407858063733,0.3021840117035135,0.018337990099992263,1.0716883342370136,1.045499044003765,14,128
development,EMU00070031,RF off,0,300.0,338.0,4.579562,10.088775086,3.3346791172376173,2.4749999046325684,1.3496995384347905,0.8180040835341015,1.0586301792544206,0.9857903549775187,1.1122489492114702,0.11530918124956215,0.24062609572031912,0.014209645022481343,1.0640340915069566,1.0455114951678475,14,128
development,EMU00070031,RF off,0,300.0,338.0,4.579562,10.088775086,3.3346791172376173,2.5390000343322754,1.3683198640131937,0.7919407469697084,0.9971253820889072,0.9892351839248664,1.1132299924443936,0.11651513172180245,0.20518463511919882,0.010764816075133576,1.0539650419911446,1.0526421369183265,14,128
development,EMU00070031,RF off,0,300.0,338.0,4.579562,10.088775086,3.3346791172376173,2.6029999256134033,1.3864069596019823,0.8509336374066591,0.9760587252791719,0.9854659325207489,1.1122835537906584,0.1160285665060002,0.12512508787251286,0.014534067479251123,1.0781856482841623,1.0581715697090588,14,128
development,EMU00070031,RF off,0,300.0,338.0,4.579562,10.088775086,3.3346791172376173,2.6670000553131104,1.4039762262104571,0.9172394817214973,0.9552785812912672,0.9978156457606131,1.0970310725878878,0.09984928339824807,0.03803909956976992,0.0021843542393868987,1.0756375489684165,1.0662959895958837,14,128
development,EMU00070031,RF off,0,300.0,338.0,4.579562,10.088775086,3.3346791172376173,2.7309999465942383,1.4210423619895745,0.8305729730129583,0.9642172124660371,0.9889845462125861,1.1025803159128973,0.10664076454643044,0.1336442394530788,0.011015453787413865,1.0667321650497228,1.0756412107983444,14,128
development,EMU00070031,RF off,0,300.0,338.0,4.579562,10.088775086,3.3346791172376173,2.7950000762939453,1.4376198986099702,0.821436828144045,0.9190471687300762,0.9675618016070457,1.1068943873898927,0.11353428684999825,0.09761034058603124,0.032438198392954254,1.064328448817928,1.078531784795755,14,128
development,EMU00070031,RF off,0,300.0,338.0,4.579562,10.088775086,3.3346791172376173,2.8589999675750732,1.4537227045580847,0.8582846163169154,0.8629599116005718,0.9541862877738126,1.1014455252289224,0.1089767861907727,0.0046752952836564,0.04581371222618735,1.0437474631457548,1.0754164099100265,14,128
development,EMU00070031,RF off,0,300.0,338.0,4.579562,10.088775086,3.3346791172376173,2.922999858856201,1.4693644338095633,0.8342984373437659,0.8359213573502582,0.9468516657312045,1.1008232841845589,0.10622098768931884,0.0016229200064923344,0.053148334268795505,1.0462600106419058,1.0729111261469213,14,128
development,EMU00070031,RF off,0,300.0,338.0,4.579562,10.088775086,3.3346791172376173,2.986999988555908,1.4845583443015913,0.8007999908423357,0.8176301411208604,0.9431895379151936,1.0961780267805972,0.10446214369456333,0.016830150278524747,0.056810462084806446,1.0428480721258953,1.072702063283229,14,128
development,EMU00070031,RF off,0,300.0,338.0,4.579562,10.088775086,3.3346791172376173,3.050999879837036,1.4993171470024178,0.8901631572533095,0.7994606532394216,0.9451238024053816,1.0887577547591345,0.09672430413631602,0.09070250401388791,0.05487619759461837,1.0031292152515918,1.0676255934142074,14,128
development,EMU00070031,RF off,0,300.0,338.0,4.579562,10.088775086,3.3346791172376173,3.115000009536743,1.5136534089080294,1.001021389730158,0.7633234976298591,0.9307348060392744,1.093741571323303,0.10507127119334522,0.237697892100299,0.06926519396072561,1.0049106428733463,1.0662877093857293,14,128
development,EMU00070031,RF off,0,300.0,338.0,4.579562,10.088775086,3.3346791172376173,3.178999900817871,1.5275791234923892,0.8683290546708864,0.7254774652024366,0.9242354146717379,1.094827189518199,0.10602951236863302,0.14285158946844978,0.07576458532826214,0.998340923293331,1.0605942535704984,14,128
development,EMU00070031,RF off,0,300.0,338.0,4.579562,10.088775086,3.3346791172376173,3.243000030517578,1.5411061483839812,0.8803869901478902,0.7125364946429835,0.9218406646969244,1.0900144355979544,0.10093773068711344,0.16785049550490672,0.07815933530307562,0.933533793427048,1.057518259843496,14,128
development,EMU00070031,RF off,0,300.0,338.0,4.579562,10.088775086,3.3346791172376173,3.306999921798706,1.5542458000627855,1.0043466700933852,0.6543356162793026,0.935138767670655,1.083775788150613,0.09372587763978157,0.3500110538140826,0.06486123232934504,0.9305981953768038,1.0463420185664503,14,128
development,EMU00070031,RF off,0,300.0,338.0,4.579562,10.088775086,3.3346791172376173,3.371000051498413,1.5670092668313529,0.9520695678136768,0.6034502741148868,0.9524524213880619,1.0807854542583013,0.08993015394610544,0.34861929369878997,0.047547578611938146,0.8408522727807617,1.0351436403768672,14,128
development,EMU00070031,RF off,0,300.0,338.0,4.579562,10.088775086,3.3346791172376173,3.434999942779541,1.5794072263898669,1.04981923494522,0.5736934067371402,0.9661289934863679,1.0687349905705261,0.08071455988247593,0.4761258282080798,0.03387100651363206,0.8241275632458249,1.053778760908731,14,128
development,EMU00070031,RF off,0,300.0,338.0,4.579562,10.088775086,3.3346791172376173,3.499000072479248,1.5914502354962952,1.0526661773155903,0.5379081502423283,0.9538264145896795,1.0650707808306235,0.07661634401661425,0.514758027073262,0.04617358541032046,0.7635728248134857,1.0519864348427004,14,128
development,EMU00070031,RF off,0,300.0,338.0,4.579562,10.088775086,3.3346791172376173,3.562999963760376,1.60314836912814,1.0233241895390957,0.5102406243239477,0.9352890806791183,1.0610935818454534,0.07211843960646128,0.513083565215148,0.06471091932088169,0.7315085530193891,1.0612866749590626,14,128
development,EMU00070031,RF off,0,300.0,338.0,4.579562,10.088775086,3.3346791172376173,3.626999855041504,1.614511546428203,0.9974216972830997,0.4572096843304887,0.9542336921635017,1.0587965856861103,0.07259333496025701,0.540212012952611,0.045766307836498266,0.6279101501024823,1.035416319027054,14,128
development,EMU00070031,RF off,0,300.0,338.0,4.579562,10.088775086,3.3346791172376173,3.690999984741211,1.6255493988309917,0.9419203381060377,0.4336824604514775,0.9970743464069753,1.049669797485163,0.05890462634200833,0.5082378776545602,0.0029256535930246574,0.5773649598633778,0.9969678947143736,14,128
development,EMU00070031,RF off,0,300.0,338.0,4.579562,10.088775086,3.3346791172376173,3.754999876022339,1.6362711604169293,1.0238750208368104,0.38359263372703556,1.044291777309962,1.053838406579155,0.07162359624550099,0.6402823871097748,0.04429177730996203,0.5340282123334976,0.9910205611790894,14,128
development,EMU00070031,RF off,0,300.0,338.0,4.579562,10.088775086,3.3346791172376173,3.819000005722046,1.6466859606755517,1.0047577677719222,0.36423298333750576,1.0658523089350918,1.048654587618603,0.06612651680949,0.6405247844344164,0.06585230893509175,0.4981667589861469,1.0055742140647663,14,128
development,EMU00070031,RF off,0,300.0,338.0,4.579562,10.088775086,3.3346791172376173,3.883000135421753,1.6568025495947836,1.034917763178236,0.34458971701457275,1.0951248595176442,1.0511109288075522,0.06288148664841649,0.6903280461636633,0.09512485951764416,0.4546573429038452,0.9874700267344643,14,128
development,EMU00070031,RF off,0,300.0,338.0,4.579562,10.088775086,3.3346791172376173,3.9469997882843018,1.666629393827122,1.0626096781563106,0.3331964342233728,1.0657241893661609,1.0730215480827743,0.08632414999127654,0.7294132439329377,0.06572418936616087,0.4887839142540503,1.017519850313104,14,128
development,EMU00070031,RF off,0,300.0,338.0,4.579562,10.088775086,3.3346791172376173,4.011000156402588,1.6761749691148449,1.0894591996905967,0.29874368730600753,1.031747241973053,1.0816379220692336,0.12204488687999761,0.7907155123845891,0.0317472419730529,0.3967097136173887,1.0503984833300755,14,128
development,EMU00070031,RF off,0,300.0,338.0,4.579562,10.088775086,3.3346791172376173,4.075000286102295,1.6854471869001517,1.078416134167678,0.29018128828786355,0.9992486970044681,1.0476965753724783,0.1303410150108914,0.7882348458798143,0.0007513029955319439,0.4452801214785889,0.9919634744523081,14,128
development,EMU00070031,RF off,0,300.0,338.0,4.579562,10.088775086,3.3346791172376173,4.139000415802002,1.6944539093887445,1.0585038783033895,0.2584628815211064,1.006400411630083,1.0619088083008568,0.09718264692241563,0.8000409967822831,0.0064004116300830916,0.41493839541754945,1.012336204434747,14,128
development,EMU00070031,RF off,0,300.0,338.0,4.579562,10.088775086,3.3346791172376173,4.203000068664551,1.703202674377213,1.0398716579718148,0.2183481101737491,0.9835077256527996,1.0111331631016833,0.1475985687696705,0.8215235477980657,0.016492274347200353,0.3930139010133922,1.010207627022914,14,128
development,EMU00070031,RF off,0,300.0,338.0,4.579562,10.088775086,3.3346791172376173,4.267000198364258,1.7117009965536942,1.0539895997381805,0.21063473749815936,0.9597276185008305,1.029641445384773,0.09853636688473524,0.8433548622400211,0.04027238149916945,0.32934696519040946,0.9569691679309171,14,128
development,EMU00070031,RF off,0,300.0,338.0,4.579562,10.088775086,3.3346791172376173,4.331000328063965,1.7199559827106756,1.1103379602594,0.18840233824361424,1.0301645092864886,1.0331122230445495,0.08168514474379493,0.9219356220157857,0.030164509286488617,0.32547613300697265,0.8984408336089746,14,128
development,EMU00070031,RF off,0,300.0,338.0,4.579562,10.088775086,3.3346791172376173,4.394999980926514,1.7279745415107228,1.0732851527951504,0.17338473644965227,1.0265613655470784,1.0514314108597935,0.12302743683460939,0.8999004163454981,0.02656136554707844,0.28978423987189034,0.8598892943716681,14,128
development,EMU00070031,RF off,0,300.0,338.0,4.579562,10.088775086,3.3346791172376173,4.459000110626221,1.7357635604366717,1.0864658816541248,0.17806140156339578,0.8677477717433884,1.021024409811835,0.12582886181699762,0.908404480090729,0.13225222825661165,0.29408393087405604,0.8926806948905718,14,128
development,EMU00070031,RF off,0,300.0,338.0,4.579562,10.088775086,3.3346791172376173,4.523000240325928,1.7433295531202766,1.1086048716326888,0.18088988862197383,1.0723461661511793,1.1152769883930964,0.1372315141069384,0.927714983010715,0.07234616615117928,0.26984699596889034,0.8660186865867746,14,128
development,EMU00070031,RF off,0,300.0,338.0,4.579562,10.088775086,3.3346791172376173,4.587000370025635,1.750678905565378,1.1204961756310416,0.1761469108754664,0.9919286831758232,1.1130775460797777,0.1278796737693716,0.9443492647555752,0.008071316824176833,0.2916465131074334,0.8105147041911064,14,128
development,EMU00070031,RF off,0,300.0,338.0,4.579562,10.088775086,3.3346791172376173,4.651000022888184,1.7578177685025949,1.0981494251392596,0.16097770894656777,1.0404653866137603,1.1830686682925033,0.1849286744458106,0.9371717161926918,0.04046538661376031,0.3224403627844248,0.8097043427089927,14,128
development,EMU00070031,RF off,0,300.0,338.0,4.579562,10.088775086,3.3346791172376173,4.715000152587891,1.7647522738063923,1.095343650345194,0.18086325755054344,0.9871122498044578,1.0357275042923357,0.03649045751899928,0.9144803927946507,0.012887750195542225,0.28767544806313117,0.8784217510815207,14,128
development,EMU00070031,RF off,0,300.0,338.0,4.579562,10.088775086,3.3346791172376173,4.779000282287598,1.7714882205144122,1.0446101583755771,0.15470580304232634,0.9991776312433127,1.0139020643318797,0.06713892183873264,0.8899043553332509,0.0008223687566872862,0.2429081321920372,0.8603203037331257,14,128
development,EMU00070031,RF off,0,300.0,338.0,4.579562,10.088775086,3.3346791172376173,4.843000411987305,1.7780312940381195,1.0604420853445058,0.16078297672924793,1.0867031447563815,0.9996860831104982,0.027684225639083408,0.8996591086152579,0.08670314475638152,0.2862637686735958,0.8474941250545865,14,128
development,EMU00070031,RF off,0,300.0,338.0,4.579562,10.088775086,3.3346791172376173,4.9070000648498535,1.7843869703269897,1.029571143982672,0.1701681285653635,0.9567568489670508,1.0007864825094857,0.00510446637383832,0.8594030154173085,0.04324315103294918,0.26028551881832374,0.8947903345532628,14,128
development,EMU00070031,RF off,0,300.0,338.0,4.579562,10.088775086,3.3346791172376173,4.9710001945495605,1.7905607085430049,1.0373363307932064,0.14462286560814883,1.0795366035181067,0.94529997219853,0.06731340215688736,0.8927134651850576,0.07953660351810665,0.3075414391004062,0.9386796017645151,14,128
development,EMU00070031,RF off,0,300.0,338.0,4.579562,10.088775086,3.3346791172376173,5.035000324249268,1.7965576715260125,1.0462581259658255,0.1476151444309388,0.9126153742734726,0.9660623517450351,0.10914290675585973,0.8986429815348866,0.08738462572652739,0.3387487643983753,0.9614906859068211,14,128
development,EMU00070031,RF off,0,300.0,338.0,4.579562,10.088775086,3.3346791172376173,5.098999977111816,1.8023828781812998,1.0102053564065414,0.143135729072758,0.6981778136145093,1.0030135465997703,0.1915538816734021,0.8670696273337835,0.30182218638549074,0.2869747487592629,0.9610391785210002,14,128
development,EMU00070031,RF off,0,300.0,338.0,4.579562,10.088775086,3.3346791172376173,5.163000106811523,1.8080413320278101,1.0973758455148142,0.14806946883581446,0.7623294267294967,0.9390491870906582,0.1567849052797342,0.9493063766789998,0.23767057327050334,0.304172550783524,0.9460909729259848,14,128
development,EMU00070031,RF off,0,300.0,338.0,4.579562,10.088775086,3.3346791172376173,5.2270002365112305,1.8135377649945588,1.075975683826299,0.13847900120396833,0.802402906603766,0.9406095355835087,0.16714500275062885,0.9374966826223308,0.197597093396234,0.2866351196912824,0.9813771761478717,14,128
development,EMU00070031,RF off,0,300.0,338.0,4.579562,10.088775086,3.3346791172376173,5.2910003662109375,1.818876816293279,1.0555861654491712,0.15307854168919022,0.6985144116332336,0.9428063833786257,0.19349754855854479,0.902507623759981,0.3014855883667664,0.2639658204860346,0.9890528648053312,14,128
development,EMU00070031,RF off,0,300.0,338.0,4.579562,10.088775086,3.3346791172376173,5.355000019073486,1.8240629542178166,1.0329461031335454,0.1375911140911184,0.7498415147173878,0.9139536443888258,0.20262117391110912,0.895354989042427,0.2501584852826122,0.2857751516505845,0.9680645900082916,14,128
development,EMU00070031,RF off,0,300.0,338.0,4.579562,10.088775086,3.3346791172376173,5.419000148773193,1.8291006333636712,1.0497691869127523,0.1587920383900997,0.856082688442148,0.8813505085102896,0.18815432473134994,0.8909771485226526,0.14391731155785203,0.25376010846570385,1.003976334153054,14,128
development,EMU00070031,RF off,0,300.0,338.0,4.579562,10.088775086,3.3346791172376173,5.4830002784729,1.8339940665318595,1.0819456028036674,0.1899784723909284,0.8753279255673423,0.9114558005053697,0.16979170655249184,0.891967130412739,0.12467207443265771,0.24742803965730323,0.9622979795042559,14,128
development,EMU00070031,RF off,0,300.0,338.0,4.579562,10.088775086,3.3346791172376173,5.547000408172607,1.838747383977896,1.092426311321316,0.18591008864453568,0.7950321863568923,0.896008080449314,0.24310645566744685,0.9065162226767802,0.20496781364310768,0.26900007132862763,0.9902154079899961,14,128
development,EMU00070031,RF off,0,300.0,338.0,4.579562,10.088775086,3.3346791172376173,5.611000061035156,1.8433645637903782,1.0503479389370707,0.1905166013939376,0.8407355925241304,0.9128147959824657,0.20235624051399814,0.859831337543133,0.15926440747586956,0.2899046651675034,1.0243098385740932,14,128
development,EMU00070031,RF off,0,300.0,338.0,4.579562,10.088775086,3.3346791172376173,5.675000190734863,1.8478495718623675,1.05169468768266,0.19196647980109272,0.8143761047806478,0.9288924773284454,0.12428050893418302,0.8597282078815673,0.1856238952193522,0.249857205411318,0.987610072879343,14,128
development,EMU00070031,RF off,0,300.0,338.0,4.579562,10.088775086,3.3346791172376173,5.73900032043457,1.8522061588191063,1.0633227095274627,0.19226642216232787,0.7611335424892494,0.9022651797058904,0.19778144445200457,0.8710562873651349,0.23886645751075064,0.1952028897929741,1.003061035928806,14,128
development,EMU00070031,RF off,0,300.0,338.0,4.579562,10.088775086,3.3346791172376173,5.802999973297119,1.8564379707223382,1.1051139924432578,0.2008925779569907,0.7341548208555071,0.928387931998762,0.18575393412024319,0.9042214144862671,0.2658451791444929,0.2962396692373058,0.9837260314145155,14,128
development,EMU00070031,RF off,0,300.0,338.0,4.579562,10.088775086,3.3346791172376173,5.867000102996826,1.8605486424561584,1.0761581726294442,0.19274630102055892,0.6547987940690261,0.9753807000018871,0.21321529652233157,0.8834118716088853,0.3452012059309739,0.23989916328826777,0.9883293715114576,14,128
development,EMU00070031,RF off,0,300.0,338.0,4.579562,10.088775086,3.3346791172376173,5.931000232696533,1.8645416116039377,1.0475356774814233,0.2107186182290648,0.6218911143431007,1.024353947696851,0.20654269043318432,0.8368170592523585,0.37810888565689926,0.20151308254384379,1.0238858757248148,14,128
development,EMU00070031,RF off,0,300.0,338.0,4.579562,10.088775086,3.3346791172376173,5.99500036239624,1.8684202483931376,1.0618132250325814,0.20029144653544512,0.7017820608052613,0.9852979336481633,0.14390507988544332,0.8615217784971363,0.2982179391947387,0.18380969167933783,1.0460165426087151,14,128
development,EMU00070037,RF on,1,300.0,374.0,5.067326,11.163319178,3.48069414084307,2.2829999923706055,1.290480240652085,0.6498290174574398,1.0101317607831652,1.0835779468777496,1.1064526546945328,0.12135206535638969,0.3603027433257254,0.08357794687774955,0.9998827829142087,1.044594980154163,12,128
development,EMU00070037,RF on,1,300.0,374.0,5.067326,11.163319178,3.48069414084307,2.3469998836517334,1.3107961426068178,0.6456158340145111,0.989445809963525,1.087380558003502,1.104140422632144,0.1188899207045757,0.343829975949014,0.08738055800350208,0.9871740595335805,1.0379077755020778,12,128
development,EMU00070037,RF on,1,300.0,374.0,5.067326,11.163319178,3.48069414084307,2.4110000133514404,1.3305304054176792,0.6502100839751582,0.948313048305527,1.0800544466506583,1.102810346238639,0.12120452545032885,0.29810296433036876,0.0800544466506583,0.977516339082961,1.037256200368022,12,128
development,EMU00070037,RF on,1,300.0,374.0,5.067326,11.163319178,3.48069414084307,2.4749999046325684,1.3496995384347905,0.8101981957578025,0.9435494879048953,1.0742188425036074,1.1067434039453703,0.1240284628316145,0.13335129214709285,0.07421884250360744,0.9620994438720694,1.038989943211177,12,128
development,EMU00070037,RF on,1,300.0,374.0,5.067326,11.163319178,3.48069414084307,2.5390000343322754,1.3683198640131937,0.8413437128638491,0.9056643783659956,1.0691259024064852,1.1047464834635052,0.12144437310638155,0.06432066550214643,0.0691259024064852,0.9758416099159932,1.0412450985265922,12,128
development,EMU00070037,RF on,1,300.0,374.0,5.067326,11.163319178,3.48069414084307,2.6029999256134033,1.3864069596019823,0.8824564247567986,0.8672565788883433,1.0639805317297957,1.1040335528901772,0.12566302219521022,0.015199845868455353,0.06398053172979568,0.9718814245247605,1.0382463075139472,12,128
development,EMU00070037,RF on,1,300.0,374.0,5.067326,11.163319178,3.48069414084307,2.6670000553131104,1.4039762262104571,0.8238584352235968,0.8419780892907169,1.0639861605873837,1.1089791030958036,0.12762666782986476,0.018119654067120128,0.06398616058738371,0.9699147173314018,1.0376232471598792,12,128
development,EMU00070037,RF on,1,300.0,374.0,5.067326,11.163319178,3.48069414084307,2.7309999465942383,1.4210423619895745,0.8168912908077655,0.819420218705833,1.0585766574101658,1.1085547960435964,0.12148533505277107,0.002528927898067579,0.05857665741016582,0.9757279027468104,1.0385038506008877,12,128
development,EMU00070037,RF on,1,300.0,374.0,5.067326,11.163319178,3.48069414084307,2.7950000762939453,1.4376198986099702,0.8494070360872267,0.7579953678622275,1.0757202152772134,1.098474803142542,0.11380184597677119,0.09141166822499913,0.0757202152772134,0.9677500367060063,1.037138630101348,12,128
development,EMU00070037,RF on,1,300.0,374.0,5.067326,11.163319178,3.48069414084307,2.8589999675750732,1.4537227045580847,0.885796731013871,0.7445670906666227,1.1081200016527006,1.104952655684556,0.11491098499056991,0.14122964034724828,0.10812000165270064,1.0005235584929963,1.0403125280099164,12,128
development,EMU00070037,RF on,1,300.0,374.0,5.067326,11.163319178,3.48069414084307,2.922999858856201,1.4693644338095633,0.8860210464294693,0.7288653240562868,1.0978005848935513,1.1043255758021946,0.1109463581283974,0.15715572237318254,0.09780058489355126,0.997362138072574,1.0431647419696235,12,128
development,EMU00070037,RF on,1,300.0,374.0,5.067326,11.163319178,3.48069414084307,2.986999988555908,1.4845583443015913,0.8858222510807235,0.6838591016111856,1.0815541353129228,1.0986185242810498,0.10443339480151732,0.20196314946953797,0.08155413531292277,1.0532361797693777,1.0376698061543368,12,128
development,EMU00070037,RF on,1,300.0,374.0,5.067326,11.163319178,3.48069414084307,3.050999879837036,1.4993171470024178,1.0385209970050036,0.6645935543233894,1.0935438553953016,1.102605564964962,0.10862467271466783,0.37392744268161415,0.09354385539530163,1.0262342566863751,1.0602980637896449,12,128
development,EMU00070037,RF on,1,300.0,374.0,5.067326,11.163319178,3.48069414084307,3.115000009536743,1.5136534089080294,0.9723288354303312,0.625165190201516,1.082405494888159,1.1115211822546494,0.11569598270699881,0.34716364522881527,0.08240549488815896,1.0446344645944028,1.0664944151370561,12,128
development,EMU00070037,RF on,1,300.0,374.0,5.067326,11.163319178,3.48069414084307,3.178999900817871,1.5275791234923892,1.1177831991810518,0.5691915603156394,1.0428412082728213,1.1288261433517746,0.13146933782283787,0.5485916388654124,0.04284120827282134,1.0398067666117181,1.0765404234410205,12,128
development,EMU00070037,RF on,1,300.0,374.0,5.067326,11.163319178,3.48069414084307,3.243000030517578,1.5411061483839812,1.1597704874903285,0.5503817898626613,0.9837701194574044,1.1373735191069891,0.13791309088873557,0.6093886976276672,0.016229880542595554,0.9955164908111096,1.0564770850555394,12,128
development,EMU00070037,RF on,1,300.0,374.0,5.067326,11.163319178,3.48069414084307,3.306999921798706,1.5542458000627855,1.0080328498627726,0.5108595021427726,0.9587808924587913,1.1337713731260024,0.13395930265564587,0.49717334772,0.04121910754120872,0.9458070762942985,1.0489797080942225,12,128
development,EMU00070037,RF on,1,300.0,374.0,5.067326,11.163319178,3.48069414084307,3.371000051498413,1.5670092668313529,0.9286420374427498,0.4879606759128311,1.0122659448154394,1.1309371239150812,0.13185515001195808,0.44068136152991866,0.012265944815439411,0.9625088531339063,1.0527228325927136,12,128
development,EMU00070037,RF on,1,300.0,374.0,5.067326,11.163319178,3.48069414084307,3.434999942779541,1.5794072263898669,1.127454881150389,0.4850711886034085,1.0097659704137603,1.1318179852324604,0.13200635723204707,0.6423836925469806,0.009765970413760261,0.9830194613103014,1.0525749344313018,12,128
development,EMU00070037,RF on,1,300.0,374.0,5.067326,11.163319178,3.48069414084307,3.499000072479248,1.5914502354962952,1.1036228123374852,0.4944340686926325,1.0447848760020029,1.1285696891702122,0.12857279647480266,0.6091887436448526,0.04478487600200287,0.9714282061137827,1.05149475880211,12,128
development,EMU00070037,RF on,1,300.0,374.0,5.067326,11.163319178,3.48069414084307,3.562999963760376,1.60314836912814,1.1840343176972454,0.4235490272220732,1.040512138845521,1.1219560675298097,0.12377950200685675,0.7604852904751722,0.04051213884552096,0.9781427158538154,1.0468814821990002,12,128
development,EMU00070037,RF on,1,300.0,374.0,5.067326,11.163319178,3.48069414084307,3.626999855041504,1.614511546428203,1.19644292310584,0.4319552903904751,0.9300956251876132,1.070151727697277,0.08882269697183993,0.7644876327153649,0.06990437481238676,0.9952203124985654,1.0807178701090407,12,128
development,EMU00070037,RF on,1,300.0,374.0,5.067326,11.163319178,3.48069414084307,3.690999984741211,1.6255493988309917,1.178346687141514,0.3913640885957306,0.9175575706901461,1.0910857378620888,0.11822774998733625,0.7869825985457835,0.0824424293098539,1.0031639075580157,1.0703747456941177,12,128
development,EMU00070037,RF on,1,300.0,374.0,5.067326,11.163319178,3.48069414084307,3.754999876022339,1.6362711604169293,1.2207070975130339,0.3300139135757109,0.9124690344623723,1.0707328260450093,0.16626200538218455,0.8906931839373229,0.08753096553762774,0.9551013714329467,1.0506275823163855,12,128
development,EMU00070037,RF on,1,300.0,374.0,5.067326,11.163319178,3.48069414084307,3.819000005722046,1.6466859606755517,1.1383776918509272,0.30582913235290987,0.9401366439188428,1.089814797023457,0.18645903989003113,0.8325485594980173,0.059863356081157226,0.9302343067092623,1.0740006991077593,12,128
development,EMU00070037,RF on,1,300.0,374.0,5.067326,11.163319178,3.48069414084307,3.883000135421753,1.6568025495947836,1.1425849237981114,0.321325910675563,0.7944662998884231,1.1021862467952506,0.25227403097925505,0.8212590131225483,0.2055337001115769,0.8615124893232068,1.0876470613891396,12,128
development,EMU00070037,RF on,1,300.0,374.0,5.067326,11.163319178,3.48069414084307,3.9469997882843018,1.666629393827122,1.1386661049188598,0.27064361082550525,0.6506394859995421,1.0575413323271634,0.31415649019773734,0.8680224940933545,0.34936051400045787,0.8689266617974764,1.0760594885202814,12,128
development,EMU00070037,RF on,1,300.0,374.0,5.067326,11.163319178,3.48069414084307,4.011000156402588,1.6761749691148449,1.150527109315802,0.2521876392778114,0.6009656297340502,1.0637496444594898,0.4024251938825195,0.8983394700379906,0.3990343702659498,0.9162432575514161,1.1066049195194547,12,128
development,EMU00070037,RF on,1,300.0,374.0,5.067326,11.163319178,3.48069414084307,4.075000286102295,1.6854471869001517,1.117373778795444,0.21213416433483884,0.555929036048569,1.0384260153886886,0.4379866382523317,0.9052396144606052,0.444070963951431,0.8266310423513286,1.0587473616441028,12,128
development,EMU00070037,RF on,1,300.0,374.0,5.067326,11.163319178,3.48069414084307,4.139000415802002,1.6944539093887445,1.1532526257885136,0.20844575519350989,0.4667599119109075,1.0293991924497083,0.55004882696932,0.9448068705950037,0.5332400880890925,0.8938446162245688,1.033893927497254,12,128
development,EMU00070037,RF on,1,300.0,374.0,5.067326,11.163319178,3.48069414084307,4.203000068664551,1.703202674377213,1.12723204915072,0.2430846863437522,0.39505226312984953,0.9812164485814777,0.6485152681117433,0.8841473628069678,0.6049477368701505,0.761037529111616,1.0032408762889056,12,128
development,EMU00070037,RF on,1,300.0,374.0,5.067326,11.163319178,3.48069414084307,4.267000198364258,1.7117009965536942,1.0458601773382916,0.23258665864854366,0.31971023858802294,0.9239776402732572,0.7428779333733871,0.813273518689748,0.6802897614119771,0.7721504735447301,1.0371169518526107,12,128
development,EMU00070037,RF on,1,300.0,374.0,5.067326,11.163319178,3.48069414084307,4.331000328063965,1.7199559827106756,1.0573891895561234,0.21226083062859208,0.3193108522201671,0.9435181309681868,0.7196396672252336,0.8451283589275314,0.6806891477798329,0.7408039848920916,1.0191155839370478,12,128
development,EMU00070037,RF on,1,300.0,374.0,5.067326,11.163319178,3.48069414084307,4.394999980926514,1.7279745415107228,1.081357722732021,0.23008577485998075,0.2811002565355055,0.8793033335184535,0.7709314900084534,0.8512719478720403,0.7188997434644945,0.7061461373424035,1.0299293096588058,12,128
development,EMU00070037,RF on,1,300.0,374.0,5.067326,11.163319178,3.48069414084307,4.459000110626221,1.7357635604366717,1.0843883758145623,0.22147005522453866,0.3405875461439568,0.9247515684823759,0.6784225704446438,0.8629183205900236,0.6594124538560432,0.8796777777465227,1.0638043957739387,12,128
development,EMU00070037,RF on,1,300.0,374.0,5.067326,11.163319178,3.48069414084307,4.523000240325928,1.7433295531202766,1.0808529600728671,0.2276531459141885,0.3510565090346197,1.0214857513900657,0.799094615724037,0.8531998141586786,0.6489434909653803,0.7573784195211758,1.0377958299995031,12,128
development,EMU00070037,RF on,1,300.0,374.0,5.067326,11.163319178,3.48069414084307,4.587000370025635,1.750678905565378,1.1187067201776435,0.2524325151019442,0.27904300449773706,0.9706422993849617,0.8003618072464729,0.8662742050756993,0.720956995502263,0.7351960489109468,1.0263600729826692,12,128
development,EMU00070037,RF on,1,300.0,374.0,5.067326,11.163319178,3.48069414084307,4.651000022888184,1.7578177685025949,1.0582992538362859,0.2350400578762236,0.22622896120703678,0.9839558701742084,0.7942813601912287,0.8232591959600623,0.7737710387929633,0.7593844536545684,0.9882290942909151,12,128
development,EMU00070037,RF on,1,300.0,374.0,5.067326,11.163319178,3.48069414084307,4.715000152587891,1.7647522738063923,1.0796757629593303,0.2223394898849923,0.27987875517019045,1.0126736356168686,0.7760813144426112,0.857336273074338,0.7201212448298095,0.754636322418761,0.9700892644227742,12,128
development,EMU00070037,RF on,1,300.0,374.0,5.067326,11.163319178,3.48069414084307,4.779000282287598,1.7714882205144122,1.030817495939338,0.2362737439231225,0.3140949296806853,0.9557412666336903,0.7371423348198534,0.7945437520162154,0.6859050703193147,0.6982445709397314,1.0059986978280087,12,128
development,EMU00070037,RF on,1,300.0,374.0,5.067326,11.163319178,3.48069414084307,4.843000411987305,1.7780312940381195,1.089414388666509,0.24578264381817655,0.3448674277022601,0.9269700181486314,0.7498050340875447,0.8436317448483326,0.6551325722977399,0.7304767144173749,1.0052903362253627,12,128
development,EMU00070037,RF on,1,300.0,374.0,5.067326,11.163319178,3.48069414084307,4.9070000648498535,1.7843869703269897,1.0717797241387097,0.22594538183265644,0.22417506873794915,0.9914755868808934,0.7725608590672396,0.8458343423060533,0.7758249312620509,0.7940846524416886,1.0084676866457993,12,128
development,EMU00070037,RF on,1,300.0,374.0,5.067326,11.163319178,3.48069414084307,4.9710001945495605,1.7905607085430049,1.0457513637750624,0.2338419841805126,0.2423141028437567,0.9571623720097314,0.7858308500362943,0.8119093795945498,0.7576858971562432,0.828382649049756,1.0865327058992509,12,128
development,EMU00070037,RF on,1,300.0,374.0,5.067326,11.163319178,3.48069414084307,5.035000324249268,1.7965576715260125,1.061837943314443,0.2467262297295229,0.24589850169501445,0.8983283422788695,0.816553434394434,0.81511171358492,0.7541014983049855,0.8311564724618701,1.0519116079844897,12,128
development,EMU00070037,RF on,1,300.0,374.0,5.067326,11.163319178,3.48069414084307,5.098999977111816,1.8023828781812998,1.065154194468362,0.2124193610572269,0.2490878655081394,0.8725694303639607,0.8596307330945621,0.8527348334111351,0.7509121344918606,0.7769043438257432,1.0415080502739196,12,128
development,EMU00070037,RF on,1,300.0,374.0,5.067326,11.163319178,3.48069414084307,5.163000106811523,1.8080413320278101,0.9960056199044194,0.20891046158471618,0.2259637756927418,0.8074832343702915,0.9071517294943016,0.7870951583197032,0.7740362243072583,0.7157260590733197,1.09755919636432,12,128
development,EMU00070037,RF on,1,300.0,374.0,5.067326,11.163319178,3.48069414084307,5.2270002365112305,1.8135377649945588,1.0339246160560724,0.22462066992195504,0.19923681003579552,0.9004409938221826,0.9203234062076475,0.8093039461341174,0.8007631899642045,0.6299186834945409,1.056163212798383,12,128
development,EMU00070037,RF on,1,300.0,374.0,5.067326,11.163319178,3.48069414084307,5.2910003662109375,1.818876816293279,1.1012557970473043,0.2217236483177314,0.19163355394308154,0.9241041485025931,0.927002319889099,0.8795321487295729,0.8083664460569184,0.6804566811866773,1.0602942931679726,12,128
development,EMU00070037,RF on,1,300.0,374.0,5.067326,11.163319178,3.48069414084307,5.355000019073486,1.8240629542178166,1.062583300606478,0.21779296687237185,0.2402115709252901,0.8603543352250164,0.9095197773569518,0.8447903337341062,0.7597884290747099,0.6171813431888883,1.0145084487526113,12,128
development,EMU00070037,RF on,1,300.0,374.0,5.067326,11.163319178,3.48069414084307,5.419000148773193,1.8291006333636712,1.01045394388849,0.2508565427860767,0.26116473958577946,0.7589916331746118,0.8903588489639297,0.7595974011024134,0.7388352604142205,0.6640388914324706,1.0449811094824364,12,128
development,EMU00070037,RF on,1,300.0,374.0,5.067326,11.163319178,3.48069414084307,5.4830002784729,1.8339940665318595,1.0554968247418393,0.23363642283728508,0.2239858922472593,0.797543922099138,0.8850777143886672,0.8218604019045541,0.7760141077527407,0.6128957829977473,1.101303742122544,12,128
development,EMU00070037,RF on,1,300.0,374.0,5.067326,11.163319178,3.48069414084307,5.547000408172607,1.838747383977896,1.0621403785595207,0.23605435904092836,0.2867743521358149,0.8196555667780312,0.8630875933914272,0.8260860195185924,0.7132256478641851,0.6146418065727426,1.1661368165309303,12,128
development,EMU00070037,RF on,1,300.0,374.0,5.067326,11.163319178,3.48069414084307,5.611000061035156,1.8433645637903782,1.0645111252323551,0.24538321734011154,0.31526730524297963,0.7367879770851942,0.8508162779787343,0.8191279078922435,0.6847326947570204,0.5785037767952259,1.1507577869082348,12,128
development,EMU00070037,RF on,1,300.0,374.0,5.067326,11.163319178,3.48069414084307,5.675000190734863,1.8478495718623675,1.0888858072905687,0.2320909046165421,0.27366898231807163,0.7611663887688036,0.7890127905995297,0.8567949026740266,0.7263310176819284,0.5893734868049305,1.1756911403772257,12,128
development,EMU00070037,RF on,1,300.0,374.0,5.067326,11.163319178,3.48069414084307,5.73900032043457,1.8522061588191063,1.146813549844535,0.24523504960518078,0.3272862248400954,0.7913048118520922,0.8509370176098785,0.9015785002393544,0.6727137751599046,0.5636588714020708,1.10151666883074,12,128
development,EMU00070037,RF on,1,300.0,374.0,5.067326,11.163319178,3.48069414084307,5.802999973297119,1.8564379707223382,1.1431332793808389,0.20398744006033703,0.3070579298305086,0.8034563827619902,0.8069300280182239,0.9391458393205019,0.6929420701694914,0.5617252759225481,1.0691787824945598,12,128
development,EMU00070037,RF on,1,300.0,374.0,5.067326,11.163319178,3.48069414084307,5.867000102996826,1.8605486424561584,1.101966031228283,0.1746852346192968,0.26465637034197276,0.8320860008632843,0.8175792840888491,0.9272807966089862,0.7353436296580272,0.5729451168101971,1.0627067431692572,12,128
development,EMU00070037,RF on,1,300.0,374.0,5.067326,11.163319178,3.48069414084307,5.931000232696533,1.8645416116039377,1.1041821463625494,0.18555429281431718,0.32557847370257953,0.8989253066385299,0.7341974797840198,0.9186278535482322,0.6744215262974205,0.5666943560136746,1.0274128946070924,12,128
development,EMU00070037,RF on,1,300.0,374.0,5.067326,11.163319178,3.48069414084307,5.99500036239624,1.8684202483931376,1.1063154416700174,0.20023668478151518,0.32586992764087763,0.837777500735549,0.7249933082462324,0.9060787568885023,0.6741300723591224,0.5372542786406517,1.0301243949035643,12,128
development,EMU00070037,RF off,0,300.0,374.0,5.067326,11.163319178,3.48069414084307,2.2829999923706055,1.290480240652085,0.8388464479502588,0.9376401002031269,1.167080993639159,1.0963364693169861,0.12905159079872833,0.09879365225286818,0.16708099363915907,1.0509333867686175,1.0242691874432017,12,128
development,EMU00070037,RF off,0,300.0,374.0,5.067326,11.163319178,3.48069414084307,2.3469998836517334,1.3107961426068178,0.8297497511460226,0.86697798655644,1.167224038211885,1.097960005845942,0.13668471283084155,0.03722823541041742,0.16722403821188503,1.0450611975055761,1.0247784975572518,12,128
development,EMU00070037,RF off,0,300.0,374.0,5.067326,11.163319178,3.48069414084307,2.4110000133514404,1.3305304054176792,0.7847600544139095,0.8620994115631819,1.157761174559726,1.1055425970685526,0.14276843891667976,0.07733935714927243,0.15776117455972605,1.0484584153251928,1.0305657729928854,12,128
development,EMU00070037,RF off,0,300.0,374.0,5.067326,11.163319178,3.48069414084307,2.4749999046325684,1.3496995384347905,0.7705923201888025,0.8487204363614937,1.1559506445914105,1.1019728634839094,0.14408475985203892,0.07812811617269122,0.1559506445914105,1.0594228925686946,1.0324187752213407,12,128
development,EMU00070037,RF off,0,300.0,374.0,5.067326,11.163319178,3.48069414084307,2.5390000343322754,1.3683198640131937,0.7979448212161719,0.8184330388412062,1.138674176398771,1.11102033607462,0.14556827618144072,0.020488217625034277,0.1386741763987711,1.060164434764808,1.034516137884242,12,128
development,EMU00070037,RF off,0,300.0,374.0,5.067326,11.163319178,3.48069414084307,2.6029999256134033,1.3864069596019823,0.8302424880416385,0.7969044313639797,1.1672578569952883,1.1063388897138675,0.13981416424400966,0.03333805667765877,0.16725785699528828,1.0721456640032505,1.0316948032113373,12,128
development,EMU00070037,RF off,0,300.0,374.0,5.067326,11.163319178,3.48069414084307,2.6670000553131104,1.4039762262104571,0.8814701639764512,0.7742009675249453,1.1763494989559455,1.1078279649755103,0.14830525000267875,0.1072691964515059,0.17634949895594554,1.077947426871931,1.0369734302598657,12,128
development,EMU00070037,RF off,0,300.0,374.0,5.067326,11.163319178,3.48069414084307,2.7309999465942383,1.4210423619895745,0.8765992438947651,0.7224973032616786,1.1670265205302521,1.1057346966737682,0.14659725069554352,0.15410194063308646,0.16702652053025213,1.0760342719640628,1.0355191485194486,12,128
development,EMU00070037,RF off,0,300.0,374.0,5.067326,11.163319178,3.48069414084307,2.7950000762939453,1.4376198986099702,0.9168353711520258,0.7131069859467356,1.1546554625955991,1.1102536567639243,0.1527291035722938,0.20372838520529024,0.15465546259559915,1.110613884587975,1.0296403054490104,12,128
development,EMU00070037,RF off,0,300.0,374.0,5.067326,11.163319178,3.48069414084307,2.8589999675750732,1.4537227045580847,0.9935363813108813,0.6872874264991216,1.1547698529770138,1.1074047579980872,0.15581643519828028,0.30624895481175973,0.15476985297701384,1.101365177439911,1.0336918585402999,12,128
development,EMU00070037,RF off,0,300.0,374.0,5.067326,11.163319178,3.48069414084307,2.922999858856201,1.4693644338095633,0.9637431801663301,0.6504306552668563,1.1098463569828891,1.1097562313303013,0.14986045637414758,0.3133125248994738,0.10984635698288914,1.1015808572616552,1.0410564933031912,12,128
development,EMU00070037,RF off,0,300.0,374.0,5.067326,11.163319178,3.48069414084307,2.986999988555908,1.4845583443015913,0.919511727585813,0.6154370755761631,1.1239580564528153,1.0995067126804507,0.13875715164128097,0.3040746520096499,0.12395805645281532,1.1481389832395998,1.0415121273271049,12,128
development,EMU00070037,RF off,0,300.0,374.0,5.067326,11.163319178,3.48069414084307,3.050999879837036,1.4993171470024178,0.9156517650703522,0.6256037219636166,1.1195356685949989,1.1072328933174085,0.15001344946161663,0.2900480431067356,0.11953566859499887,1.1269796516854038,1.0432101842165724,12,128
development,EMU00070037,RF off,0,300.0,374.0,5.067326,11.163319178,3.48069414084307,3.115000009536743,1.5136534089080294,0.9178669967107916,0.612172938013894,1.1318073074423374,1.1081170306255288,0.14709699002284088,0.3056940586968976,0.13180730744233737,1.166903190820394,1.0537629519783143,12,128
development,EMU00070037,RF off,0,300.0,374.0,5.067326,11.163319178,3.48069414084307,3.178999900817871,1.5275791234923892,0.9090796184346368,0.5735131941868115,1.1216657370741443,1.089673914656941,0.12767287680315528,0.33556642424782535,0.1216657370741443,1.1203109378617655,1.0578988070727406,12,128
development,EMU00070037,RF off,0,300.0,374.0,5.067326,11.163319178,3.48069414084307,3.243000030517578,1.5411061483839812,1.0218154536595552,0.5618250188253502,1.0641325643139563,1.0989974762727432,0.1300334194316028,0.459990434834205,0.06413256431395631,1.107446714135425,1.0786077651426642,12,128
development,EMU00070037,RF off,0,300.0,374.0,5.067326,11.163319178,3.48069414084307,3.306999921798706,1.5542458000627855,0.9079860811964919,0.5227669499483036,0.9948564967616347,1.113853682443096,0.13235056691301408,0.3852191312481883,0.005143503238365321,1.0597924116404456,1.0867144055051412,12,128
development,EMU00070037,RF off,0,300.0,374.0,5.067326,11.163319178,3.48069414084307,3.371000051498413,1.5670092668313529,1.031640635627627,0.49350012037377144,0.9684338318691151,1.1143084678195203,0.13132971666819018,0.5381405152538556,0.031566168130884864,1.0546289538391929,1.0912386937870773,12,128
development,EMU00070037,RF off,0,300.0,374.0,5.067326,11.163319178,3.48069414084307,3.434999942779541,1.5794072263898669,0.9919948327344733,0.46234195501895703,0.9333051490290358,1.1225606733910507,0.13007912939458469,0.5296528777155163,0.06669485097096417,1.046422471539099,1.0933966340957153,12,128
development,EMU00070037,RF off,0,300.0,374.0,5.067326,11.163319178,3.48069414084307,3.499000072479248,1.5914502354962952,0.9293715535359292,0.407991923680199,0.9273655001212635,1.1577830116055636,0.15931814639280226,0.5213796298557302,0.07263449987873649,1.0385668497410134,1.068215016743888,12,128
development,EMU00070037,RF off,0,300.0,374.0,5.067326,11.163319178,3.48069414084307,3.562999963760376,1.60314836912814,1.0103546492809263,0.3682991101959254,0.8560560921226554,1.1840575441964876,0.18797638862505928,0.6420555390850009,0.14394390787734457,1.0710359750374716,1.0700887023784635,12,128
development,EMU00070037,RF off,0,300.0,374.0,5.067326,11.163319178,3.48069414084307,3.626999855041504,1.614511546428203,0.9711686520886893,0.35249152241817183,0.8638145869058997,1.1821992910007904,0.18421576865794365,0.6186771296705175,0.13618541309410026,1.0215860855231236,1.0636621331109994,12,128
development,EMU00070037,RF off,0,300.0,374.0,5.067326,11.163319178,3.48069414084307,3.690999984741211,1.6255493988309917,0.8920415473430487,0.29899761457706386,0.846811472583052,1.2070507324034734,0.21974319412668225,0.5930439327659849,0.153188527416948,1.0349091935033563,1.0679594968444182,12,128
development,EMU00070037,RF off,0,300.0,374.0,5.067326,11.163319178,3.48069414084307,3.754999876022339,1.6362711604169293,1.0808964539497812,0.27501777612280376,0.816223176641875,1.1530552907524116,0.21557292445700907,0.8058786778269774,0.18377682335812495,1.023148258226025,1.0866510510305298,12,128
development,EMU00070037,RF off,0,300.0,374.0,5.067326,11.163319178,3.48069414084307,3.819000005722046,1.6466859606755517,1.0194566395961224,0.2524334557832742,0.6586834692172305,1.1232726453979374,0.3288422993437093,0.7670231838128483,0.34131653078276947,0.9512481152518771,1.132782966032151,12,128
development,EMU00070037,RF off,0,300.0,374.0,5.067326,11.163319178,3.48069414084307,3.883000135421753,1.6568025495947836,0.9424961990161478,0.23618983624612438,0.6711752365392006,1.0917334010101214,0.3599110450903906,0.7063063627700235,0.32882476346079936,0.9343744307006412,1.111192174292332,12,128
development,EMU00070037,RF off,0,300.0,374.0,5.067326,11.163319178,3.48069414084307,3.9469997882843018,1.666629393827122,1.1533574777106765,0.21846880117238016,0.6753731744745891,0.9989599790235741,0.3064346388452157,0.9348886765382964,0.3246268255254109,0.8613912691602412,1.0998179203678693,12,128
development,EMU00070037,RF off,0,300.0,374.0,5.067326,11.163319178,3.48069414084307,4.011000156402588,1.6761749691148449,1.094211804079856,0.20186042749056532,0.5898179728523597,0.9309311291765754,0.3852752765749116,0.8923513765892908,0.4101820271476403,0.8182172900914085,1.1193932540460676,12,128
development,EMU00070037,RF off,0,300.0,374.0,5.067326,11.163319178,3.48069414084307,4.075000286102295,1.6854471869001517,1.0953002703485686,0.2168663440826237,0.6713115559173868,0.9313096507785228,0.3579769164569173,0.8784339262659449,0.3286884440826132,0.9560777060195234,1.175262203030691,12,128
development,EMU00070037,RF off,0,300.0,374.0,5.067326,11.163319178,3.48069414084307,4.139000415802002,1.6944539093887445,1.1286864612044025,0.18522995095367278,0.5321093433477705,0.948146476764427,0.42605513772493153,0.9434565102507297,0.4678906566522295,0.8412205107575967,1.1748288602749477,12,128
development,EMU00070037,RF off,0,300.0,374.0,5.067326,11.163319178,3.48069414084307,4.203000068664551,1.703202674377213,1.150027880004299,0.20031974813392311,0.4509553337668408,0.9092877775878445,0.5123843283775785,0.9497081318703757,0.5490446662331592,0.8486966381377408,1.1433234141863506,12,128
development,EMU00070037,RF off,0,300.0,374.0,5.067326,11.163319178,3.48069414084307,4.267000198364258,1.7117009965536942,1.2085745336869058,0.1848752935908236,0.3452041682321767,0.9562783330209543,0.5948745264861577,1.0236992400960823,0.6547958317678233,0.9545839220001581,1.092580603749209,12,128
development,EMU00070037,RF off,0,300.0,374.0,5.067326,11.163319178,3.48069414084307,4.331000328063965,1.7199559827106756,1.160286184667966,0.15711014485316005,0.4096449526250383,0.9433212431412443,0.5481359986333083,1.003176039814806,0.5903550473749617,0.7552110760992989,1.0456146481307975,12,128
development,EMU00070037,RF off,0,300.0,374.0,5.067326,11.163319178,3.48069414084307,4.394999980926514,1.7279745415107228,1.1500300466138975,0.18741583960940267,0.39287075117021586,0.9720778745277596,0.5447228086066618,0.9626142070044948,0.6071292488297841,0.7645990846250726,1.0651206065284264,12,128
development,EMU00070037,RF off,0,300.0,374.0,5.067326,11.163319178,3.48069414084307,4.459000110626221,1.7357635604366717,1.0865345004526665,0.18523034157685375,0.39392583553770394,0.9762805261617359,0.5217835233376152,0.9013041588758128,0.606074164462296,0.8536199394543069,1.0347579714029604,12,128
development,EMU00070037,RF off,0,300.0,374.0,5.067326,11.163319178,3.48069414084307,4.523000240325928,1.7433295531202766,1.1096142103710176,0.1897401152541674,0.34540820666987504,0.9485820901794793,0.6353289050351879,0.9198740951168503,0.654591793330125,0.9432381906900169,1.0843808177366894,12,128
development,EMU00070037,RF off,0,300.0,374.0,5.067326,11.163319178,3.48069414084307,4.587000370025635,1.750678905565378,1.1006788892901076,0.1913463518653072,0.3374366501846696,0.9166606930433701,0.6536142426438398,0.9093325374248004,0.6625633498153304,0.9060584395501771,1.1514706402815047,12,128
development,EMU00070037,RF off,0,300.0,374.0,5.067326,11.163319178,3.48069414084307,4.651000022888184,1.7578177685025949,1.099634850841609,0.2119161501198074,0.31782918079704436,0.8967697890647413,0.6714145341203662,0.8877187007218015,0.6821708192029556,0.8573311956178582,1.1588007476902566,12,128
development,EMU00070037,RF off,0,300.0,374.0,5.067326,11.163319178,3.48069414084307,4.715000152587891,1.7647522738063923,1.1240539031122916,0.21909691392131214,0.33941463591292176,0.8389430695440308,0.7062598582460385,0.9049569891909794,0.6605853640870782,0.8571834628620312,1.0666783710403989,12,128
development,EMU00070037,RF off,0,300.0,374.0,5.067326,11.163319178,3.48069414084307,4.779000282287598,1.7714882205144122,1.1346378387579497,0.23823687564271046,0.3165712046438677,0.9351398279285873,0.7093826024838764,0.8964009631152392,0.6834287953561323,0.8725015504808264,1.0592999149957882,12,128
development,EMU00070037,RF off,0,300.0,374.0,5.067326,11.163319178,3.48069414084307,4.843000411987305,1.7780312940381195,1.0948390431864556,0.24024319855468024,0.29447036227639123,1.0157440064006191,0.7394970239553329,0.8545958446317754,0.7055296377236088,0.8710851849524932,1.021707956634695,12,128
development,EMU00070037,RF off,0,300.0,374.0,5.067326,11.163319178,3.48069414084307,4.9070000648498535,1.7843869703269897,1.1202175840957902,0.25239177663869616,0.296235455766205,1.0560242374940096,0.7338447514821121,0.867825807457094,0.703764544233795,0.9046501105064778,1.042028530191412,12,128
development,EMU00070037,RF off,0,300.0,374.0,5.067326,11.163319178,3.48069414084307,4.9710001945495605,1.7905607085430049,1.1316118576523697,0.22485363881992437,0.3125324167241435,1.0666060307718408,0.7180074424493089,0.9067582188324453,0.6874675832758566,0.8893254487203961,1.0447291653208752,12,128
development,EMU00070037,RF off,0,300.0,374.0,5.067326,11.163319178,3.48069414084307,5.035000324249268,1.7965576715260125,1.1153349140615423,0.20611023465010203,0.3108367811809681,1.0019635152692528,0.6840585379643894,0.9092246794114403,0.689163218819032,0.9466623685559928,1.0364962483121052,12,128
development,EMU00070037,RF off,0,300.0,374.0,5.067326,11.163319178,3.48069414084307,5.098999977111816,1.8023828781812998,1.1078570759366437,0.2176879635345524,0.3309874079053426,1.134259398645499,0.7209036860754789,0.8901691124020914,0.6690125920946575,0.9075663106638363,1.0398814230799727,12,128
development,EMU00070037,RF off,0,300.0,374.0,5.067326,11.163319178,3.48069414084307,5.163000106811523,1.8080413320278101,1.100150411820472,0.2477727354244123,0.30187981141276826,1.1584150998145937,0.7460875719803273,0.8523776763960595,0.6981201885872317,0.8864530161981238,1.0868795386996848,12,128
development,EMU00070037,RF off,0,300.0,374.0,5.067326,11.163319178,3.48069414084307,5.2270002365112305,1.8135377649945588,1.0909733467835188,0.22121885371298888,0.29026087998394945,1.1458210768346,0.7673562127031968,0.8697544930705299,0.7097391200160506,0.8854091756512159,1.0903666865215036,12,128
development,EMU00070037,RF off,0,300.0,374.0,5.067326,11.163319178,3.48069414084307,5.2910003662109375,1.818876816293279,1.0832548215151476,0.21855218678893903,0.25244886972253394,1.0406228574107594,0.6850390486756706,0.8647026347262086,0.747551130277466,0.8707767828352713,1.0139785341031649,12,128
development,EMU00070037,RF off,0,300.0,374.0,5.067326,11.163319178,3.48069414084307,5.355000019073486,1.8240629542178166,1.0655143544291588,0.20271350666566418,0.2648643204340575,1.0730552601395948,0.6171309990215873,0.8628008477634945,0.7351356795659425,0.9186980017251829,1.070110969805049,12,128
development,EMU00070037,RF off,0,300.0,374.0,5.067326,11.163319178,3.48069414084307,5.419000148773193,1.8291006333636712,1.073936579922883,0.21160344501347716,0.3419946969898873,0.9675619965351897,0.5456282657989988,0.8623331349094059,0.6580053030101127,0.8619245094711713,1.0314116784631284,12,128
development,EMU00070037,RF off,0,300.0,374.0,5.067326,11.163319178,3.48069414084307,5.4830002784729,1.8339940665318595,1.050785401297774,0.20394514539465525,0.37513182619318564,0.9729047261791571,0.5038225661521804,0.8468402559031187,0.6248681738068144,0.9089628882666286,1.0370372991330177,12,128
development,EMU00070037,RF off,0,300.0,374.0,5.067326,11.163319178,3.48069414084307,5.547000408172607,1.838747383977896,1.0792004207198986,0.18704268047809852,0.47944434163192073,1.0805134661151232,0.542804534866273,0.8921577402418002,0.5205556583680793,0.8187122469476776,1.064118204849144,12,128
development,EMU00070037,RF off,0,300.0,374.0,5.067326,11.163319178,3.48069414084307,5.611000061035156,1.8433645637903782,1.131388549394557,0.2070625689349404,0.4907042377223744,1.1077048451160314,0.5182409190390926,0.9243259804596167,0.5092957622776255,0.8308679720576315,0.9886950672246198,12,128
development,EMU00070037,RF off,0,300.0,374.0,5.067326,11.163319178,3.48069414084307,5.675000190734863,1.8478495718623675,1.064132240851877,0.21469979246645457,0.4405456020433623,1.1939935630793295,0.6026065162761505,0.8494324483854224,0.5594543979566378,0.7908888687164192,0.9814181148473162,12,128
development,EMU00070037,RF off,0,300.0,374.0,5.067326,11.163319178,3.48069414084307,5.73900032043457,1.8522061588191063,1.0729812339344025,0.24123244211985795,0.4102200538175718,1.165200929293378,0.7430484151507052,0.8317487918145445,0.5897799461824282,0.815110512736927,0.9128735855035005,12,128
development,EMU00070037,RF off,0,300.0,374.0,5.067326,11.163319178,3.48069414084307,5.802999973297119,1.8564379707223382,1.0864969413546206,0.23895070719624825,0.38488296622429596,1.216207942848306,0.7371901257848378,0.8475462341583724,0.615117033775704,0.7286097419866362,0.9512854711540333,12,128
development,EMU00070037,RF off,0,300.0,374.0,5.067326,11.163319178,3.48069414084307,5.867000102996826,1.8605486424561584,1.151765684669511,0.26320708271183113,0.41714010338233776,1.2372908474357815,0.6864731521980487,0.8885586019576799,0.5828598966176622,0.7207337086995923,0.9221214692277686,12,128
development,EMU00070037,RF off,0,300.0,374.0,5.067326,11.163319178,3.48069414084307,5.931000232696533,1.8645416116039377,1.1533064828596842,0.27190166110032454,0.36084803804823373,1.27582479321981,0.7287451190747506,0.8814048217593596,0.6391519619517663,0.6444587293039559,0.9511025330548422,12,128
development,EMU00070037,RF off,0,300.0,374.0,5.067326,11.163319178,3.48069414084307,5.99500036239624,1.8684202483931376,1.1677680053066173,0.285269660910016,0.333483546555262,1.1892603605445595,0.7921772077736996,0.8824983443966012,0.666516453444738,0.49069419648409585,0.9730649635419046,12,128
development,EMU00070043,RF on,1,300.0,410.0,5.55509,12.237863269999998,3.613279780460879,2.2829999923706055,1.290480240652085,0.6231073853019164,1.015095334068569,1.0282115659714492,0.9989377936293736,0.06109054208016958,0.39198794876665266,0.02821156597144925,0.976613659418929,1.0679402810045542,11,128
development,EMU00070043,RF on,1,300.0,410.0,5.55509,12.237863269999998,3.613279780460879,2.3469998836517334,1.3107961426068178,0.627940751411429,0.9546856177034455,1.0004620604482404,0.9985121647699298,0.04983797934714911,0.3267448662920165,0.0004620604482403756,0.9900314619621244,1.0732891078121614,11,128
development,EMU00070043,RF on,1,300.0,410.0,5.55509,12.237863269999998,3.613279780460879,2.4110000133514404,1.3305304054176792,0.6638785743321076,0.9690146728284627,1.0097613183604373,0.9915349575118236,0.04857973284138515,0.30513609849635503,0.009761318360437254,0.9792624327131023,1.0723321297552078,11,128
development,EMU00070043,RF on,1,300.0,410.0,5.55509,12.237863269999998,3.613279780460879,2.4749999046325684,1.3496995384347905,0.6853249767359677,0.9307864293761572,0.9995749921166452,0.9917164947999242,0.06000262021168838,0.24546145264018948,0.0004250078833547555,1.001068145564706,1.0712303328264032,11,128
development,EMU00070043,RF on,1,300.0,410.0,5.55509,12.237863269999998,3.613279780460879,2.5390000343322754,1.3683198640131937,0.7278445321073864,0.9047661354285464,1.016371554494452,0.9949357995693048,0.06974233744388553,0.17692160332116003,0.016371554494452045,1.0051835033490668,1.0680316704870083,11,128
development,EMU00070043,RF on,1,300.0,410.0,5.55509,12.237863269999998,3.613279780460879,2.6029999256134033,1.3864069596019823,0.6981495913157936,0.8840319894329534,1.0353341780430905,0.9879998594348233,0.06091534932558324,0.18588239811715979,0.03533417804309047,1.0158934661348396,1.0689819074417168,11,128
development,EMU00070043,RF on,1,300.0,410.0,5.55509,12.237863269999998,3.613279780460879,2.6670000553131104,1.4039762262104571,0.767570431553406,0.886466380911326,1.037190329425598,0.9812207140721645,0.0604739585810288,0.11889594935792003,0.03719032942559797,1.0179657406572282,1.0627595407605956,11,128
development,EMU00070043,RF on,1,300.0,410.0,5.55509,12.237863269999998,3.613279780460879,2.7309999465942383,1.4210423619895745,0.8196853796527962,0.8454295351277871,1.0033511276988412,0.9847831604258711,0.04667547124354625,0.02574415547499087,0.003351127698841161,1.0186708990542934,1.0675754528294594,11,128
development,EMU00070043,RF on,1,300.0,410.0,5.55509,12.237863269999998,3.613279780460879,2.7950000762939453,1.4376198986099702,0.7533385142481993,0.8081947380834786,1.0158306864057634,0.9837195179785392,0.043916505685027786,0.05485622383527933,0.01583068640576335,1.0194084105060017,1.0609843019961538,11,128
development,EMU00070043,RF on,1,300.0,410.0,5.55509,12.237863269999998,3.613279780460879,2.8589999675750732,1.4537227045580847,0.8197117730921726,0.7959201158280891,1.0369626205202034,0.9861846137681706,0.04473292082490198,0.0237916572640835,0.03696262052020338,1.0056361517100454,1.062476363506114,11,128
development,EMU00070043,RF on,1,300.0,410.0,5.55509,12.237863269999998,3.613279780460879,2.922999858856201,1.4693644338095633,0.8298350817777538,0.7755486476507789,1.0343364088217792,0.9911057775706886,0.030062847232287176,0.05428643412697487,0.03433640882177924,0.9910419474193127,1.0603740111305706,11,128
development,EMU00070043,RF on,1,300.0,410.0,5.55509,12.237863269999998,3.613279780460879,2.986999988555908,1.4845583443015913,0.7779021577570736,0.732655125175611,1.0137481541084976,0.9958931894746116,0.00833343039258379,0.045247032581462565,0.013748154108497612,0.9959041256768563,1.0721774544220604,11,128
development,EMU00070043,RF on,1,300.0,410.0,5.55509,12.237863269999998,3.613279780460879,3.050999879837036,1.4993171470024178,1.0102383448430625,0.6925798207672555,0.9665402609609131,0.9863806283033055,0.021121113642958766,0.31765852407580697,0.033459739039086944,0.9891759961331402,1.0889959193481777,11,128
development,EMU00070043,RF on,1,300.0,410.0,5.55509,12.237863269999998,3.613279780460879,3.115000009536743,1.5136534089080294,0.9695499170197058,0.6766929405652236,0.9977662550450264,0.9938938476529131,0.01073899310982801,0.2928569764544823,0.0022337449549736377,1.007434767741058,1.1048611009979834,11,128
development,EMU00070043,RF on,1,300.0,410.0,5.55509,12.237863269999998,3.613279780460879,3.178999900817871,1.5275791234923892,0.8013043617565971,0.6192903832837459,0.974835273939755,0.9896831297277604,0.025831681021825603,0.18201397847285128,0.025164726060245002,0.9957074687437315,1.0959903535690343,11,128
development,EMU00070043,RF on,1,300.0,410.0,5.55509,12.237863269999998,3.613279780460879,3.243000030517578,1.5411061483839812,0.9101597278118186,0.5865395896096708,0.9326759323641257,0.9890683132276834,0.05079842910873564,0.32362013820214786,0.06732406763587429,0.9819336822984082,1.0915253389750248,11,128
development,EMU00070043,RF on,1,300.0,410.0,5.55509,12.237863269999998,3.613279780460879,3.306999921798706,1.5542458000627855,0.7262928191810787,0.5768003730933693,0.9081355065019994,0.9857567177288726,0.06499475198085441,0.1494924460877094,0.09186449349800063,0.8548021659551972,1.0869281413443161,11,128
development,EMU00070043,RF on,1,300.0,410.0,5.55509,12.237863269999998,3.613279780460879,3.371000051498413,1.5670092668313529,0.6853188351861926,0.5167042190555049,0.8415135502234121,0.9703679395242629,0.10211259714778069,0.16861461613068773,0.15848644977658788,0.877199907162642,1.0774400404268638,11,128
development,EMU00070043,RF on,1,300.0,410.0,5.55509,12.237863269999998,3.613279780460879,3.434999942779541,1.5794072263898669,0.8462620613966626,0.46749582130846723,0.8557470063159216,0.9560535558400782,0.12334204723197915,0.37876624008819537,0.1442529936840784,0.8303054790812184,1.0688269626577218,11,128
development,EMU00070043,RF on,1,300.0,410.0,5.55509,12.237863269999998,3.613279780460879,3.499000072479248,1.5914502354962952,0.7693819996418707,0.4159242552640438,0.797082119522678,0.9682935293438306,0.1791787351613988,0.3534577443778269,0.20291788047732195,0.813887082941267,1.0683040475985033,11,128
development,EMU00070043,RF on,1,300.0,410.0,5.55509,12.237863269999998,3.613279780460879,3.562999963760376,1.60314836912814,1.1199804623786642,0.3886701547588053,0.7167713362923327,0.9892152506050057,0.24678292521728298,0.7313103076198589,0.2832286637076673,0.7775254821751072,1.075272511650572,11,128
development,EMU00070043,RF on,1,300.0,410.0,5.55509,12.237863269999998,3.613279780460879,3.626999855041504,1.614511546428203,1.0137556019150047,0.3456730286802818,0.5708518916089845,0.9520778036524542,0.3252124942903063,0.6680825732347229,0.42914810839101547,0.7258854036758406,1.0384273390452532,11,128
development,EMU00070043,RF on,1,300.0,410.0,5.55509,12.237863269999998,3.613279780460879,3.690999984741211,1.6255493988309917,1.0055676617652145,0.2992084190984845,0.5344424937652832,0.9155469731786724,0.3803475781456703,0.70635924266673,0.4655575062347168,0.7321635657418963,1.0125171639865096,11,128
development,EMU00070043,RF on,1,300.0,410.0,5.55509,12.237863269999998,3.613279780460879,3.754999876022339,1.6362711604169293,0.9782988408743633,0.285938465065645,0.47993240337660353,0.9143470136647854,0.4197924805103239,0.6923603758087182,0.5200675966233965,0.7475585861105779,0.9907124527000413,11,128
development,EMU00070043,RF on,1,300.0,410.0,5.55509,12.237863269999998,3.613279780460879,3.819000005722046,1.6466859606755517,0.8972818941669675,0.28337859148747,0.3507569690137369,0.9331689204724805,0.5350108547959245,0.6139033026794974,0.6492430309862631,0.7084381023607633,0.9550575681616811,11,128
development,EMU00070043,RF on,1,300.0,410.0,5.55509,12.237863269999998,3.613279780460879,3.883000135421753,1.6568025495947836,0.9800241884478789,0.25921829857074014,0.3117533376952671,0.8052772535580995,0.7072804237851631,0.7208058898771388,0.688246662304733,0.6602657844338389,0.9264692169521305,11,128
development,EMU00070043,RF on,1,300.0,410.0,5.55509,12.237863269999998,3.613279780460879,3.9469997882843018,1.666629393827122,1.0341886249802017,0.25210103376348825,0.2601109423025526,0.8454999141171593,0.7544037926541611,0.7820875912167135,0.7398890576974474,0.6461647936511896,0.896772551726611,11,128
development,EMU00070043,RF on,1,300.0,410.0,5.55509,12.237863269999998,3.613279780460879,4.011000156402588,1.6761749691148449,1.014520868111513,0.27456281074013544,0.2014460801788942,0.7947904778726526,0.8683151235411388,0.7399580573713775,0.7985539198211058,0.6696021119988945,0.8771128187269079,11,128
development,EMU00070043,RF on,1,300.0,410.0,5.55509,12.237863269999998,3.613279780460879,4.075000286102295,1.6854471869001517,1.0498406809881504,0.25098405753039926,0.1964434252860902,0.7606917843665595,0.8734508633505913,0.7988566234577512,0.8035565747139097,0.585068559685346,0.8505299312483399,11,128
development,EMU00070043,RF on,1,300.0,410.0,5.55509,12.237863269999998,3.613279780460879,4.139000415802002,1.6944539093887445,1.0669733341042633,0.2829552882642349,0.15513815370629244,0.8529376560614844,0.8915277686948911,0.7840180458400284,0.8448618462937075,0.5042567746128229,0.8958521808282659,11,128
development,EMU00070043,RF on,1,300.0,410.0,5.55509,12.237863269999998,3.613279780460879,4.203000068664551,1.703202674377213,1.089739742930982,0.2846407911705328,0.14778813263792198,0.8612310656579756,0.9148544821605693,0.8050989517604492,0.852211867362078,0.43404498345509573,0.8737999162104284,11,128
development,EMU00070043,RF on,1,300.0,410.0,5.55509,12.237863269999998,3.613279780460879,4.267000198364258,1.7117009965536942,1.0997180955551382,0.310235144974264,0.20610734603249625,0.889204764854244,0.8942295731875858,0.7894829505808743,0.7938926539675037,0.586466813244959,0.8361086374315175,11,128
development,EMU00070043,RF on,1,300.0,410.0,5.55509,12.237863269999998,3.613279780460879,4.331000328063965,1.7199559827106756,1.1193593559846073,0.2822721199644381,0.14956804532209922,0.90976903377647,0.9114151616075769,0.8370872360201693,0.8504319546779008,0.4193825650868732,0.8513285763635257,11,128
development,EMU00070043,RF on,1,300.0,410.0,5.55509,12.237863269999998,3.613279780460879,4.394999980926514,1.7279745415107228,1.12836128604293,0.31096417783091984,0.09121817187457262,0.961201753210067,0.9331499385652973,0.8173971082120102,0.9087818281254274,0.46814070565091803,0.8416963876457296,11,128
development,EMU00070043,RF on,1,300.0,410.0,5.55509,12.237863269999998,3.613279780460879,4.459000110626221,1.7357635604366717,1.0849581813712068,0.2842547329762869,0.11412917621540325,1.0329317104400788,0.934594479368048,0.8007034483949199,0.8858708237845967,0.4128129351365314,0.8608112614777637,11,128
development,EMU00070043,RF on,1,300.0,410.0,5.55509,12.237863269999998,3.613279780460879,4.523000240325928,1.7433295531202766,1.035014721719952,0.30892157518253827,0.1341814059801226,0.9893373237644025,0.9293387155487505,0.7260931465374136,0.8658185940198774,0.436806254867868,0.8497892514406236,11,128
development,EMU00070043,RF on,1,300.0,410.0,5.55509,12.237863269999998,3.613279780460879,4.587000370025635,1.750678905565378,1.052970447086413,0.27297068862493334,0.14203155121178257,0.9429254820928652,0.9305036721001297,0.7799997584614796,0.8579684487882174,0.5020417838383134,0.8628028245655743,11,128
development,EMU00070043,RF on,1,300.0,410.0,5.55509,12.237863269999998,3.613279780460879,4.651000022888184,1.7578177685025949,1.038041152023232,0.2719388288244555,0.18431686052674914,0.9764954148232349,0.9186721318280644,0.7661023231987765,0.8156831394732509,0.5165248743837207,0.824578381572894,11,128
development,EMU00070043,RF on,1,300.0,410.0,5.55509,12.237863269999998,3.613279780460879,4.715000152587891,1.7647522738063923,1.0323629774050977,0.2755955069381164,0.17595635402280566,0.988570268383487,0.9174529155023108,0.7567674704669813,0.8240436459771944,0.49722728211275735,0.8205641359097118,11,128
development,EMU00070043,RF on,1,300.0,410.0,5.55509,12.237863269999998,3.613279780460879,4.779000282287598,1.7714882205144122,1.0140993160445388,0.28314154815937487,0.19285332146383422,1.0208056723737697,0.8835407465007794,0.730957767885164,0.8071466785361658,0.5124375355531162,0.8242201102679649,11,128
development,EMU00070043,RF on,1,300.0,410.0,5.55509,12.237863269999998,3.613279780460879,4.843000411987305,1.7780312940381195,1.031178103354482,0.25376318082950533,0.17075670859134937,1.015985217667187,0.8694651967227297,0.7774149225249767,0.8292432914086506,0.5009209059935753,0.8025200057806398,11,128
development,EMU00070043,RF on,1,300.0,410.0,5.55509,12.237863269999998,3.613279780460879,4.9070000648498535,1.7843869703269897,1.0569364502476526,0.23880597974769213,0.16149719481841618,0.9885436325568784,0.8793133047645517,0.8181304704999605,0.8385028051815838,0.5474776800567287,0.8309123434364896,11,128
development,EMU00070043,RF on,1,300.0,410.0,5.55509,12.237863269999998,3.613279780460879,4.9710001945495605,1.7905607085430049,1.0334280325020062,0.2384833909381377,0.16071252619688814,1.002689675227324,0.868809255363562,0.7949446415638686,0.8392874738031119,0.6124136551468877,0.8172343133782065,11,128
development,EMU00070043,RF on,1,300.0,410.0,5.55509,12.237863269999998,3.613279780460879,5.035000324249268,1.7965576715260125,1.0478773414362341,0.22342807906927062,0.22582928150707024,1.0541813645457836,0.852172959599305,0.8244492623669635,0.7741707184929297,0.5280642742530601,0.8077604721837478,11,128
development,EMU00070043,RF on,1,300.0,410.0,5.55509,12.237863269999998,3.613279780460879,5.098999977111816,1.8023828781812998,1.0538283996601558,0.21947885808775947,0.2796466850351994,1.0438925275201245,0.7815723823594474,0.8343495415723964,0.7203533149648006,0.534035391307694,0.842313576814005,11,128
development,EMU00070043,RF on,1,300.0,410.0,5.55509,12.237863269999998,3.613279780460879,5.163000106811523,1.8080413320278101,0.9991039374654378,0.23527297268627087,0.23674207790850876,1.0599859717569653,0.8559091450820209,0.7638309647791669,0.7632579220914912,0.5172336090062171,0.8212797419995569,11,128
development,EMU00070043,RF on,1,300.0,410.0,5.55509,12.237863269999998,3.613279780460879,5.2270002365112305,1.8135377649945588,1.0044324772672528,0.24536245770753806,0.2406749126188208,1.0506199637595144,0.8494932787562148,0.7590700195597148,0.7593250873811792,0.5803708658343553,0.736354118023484,11,128
development,EMU00070043,RF on,1,300.0,410.0,5.55509,12.237863269999998,3.613279780460879,5.2910003662109375,1.818876816293279,1.0057851358446248,0.24332911265943058,0.23947272649572957,1.0913825966631325,0.8270842902584474,0.7624560231851942,0.7605272735042704,0.6488007546659572,0.8581582819320945,11,128
development,EMU00070043,RF on,1,300.0,410.0,5.55509,12.237863269999998,3.613279780460879,5.355000019073486,1.8240629542178166,1.030273998048363,0.2299650443208207,0.2689369684183821,1.0904636975158835,0.8096060510080124,0.8003089537275423,0.7310630315816179,0.6279817240658223,0.8296994253985976,11,128
development,EMU00070043,RF on,1,300.0,410.0,5.55509,12.237863269999998,3.613279780460879,5.419000148773193,1.8291006333636712,1.052342063385938,0.23360378987497124,0.20225258002252305,1.0306380282497543,0.8559791978798317,0.8187382735109667,0.797747419977477,0.7241360702611017,0.9081686303144455,11,128
development,EMU00070043,RF on,1,300.0,410.0,5.55509,12.237863269999998,3.613279780460879,5.4830002784729,1.8339940665318595,1.0585342455680007,0.22950882209607282,0.24186512047482045,0.9330751887316286,0.8424290889007721,0.8290254234719279,0.7581348795251796,0.7142741105420327,0.8544423366665748,11,128
development,EMU00070043,RF on,1,300.0,410.0,5.55509,12.237863269999998,3.613279780460879,5.547000408172607,1.838747383977896,1.06618120027358,0.22170557478675046,0.2694350843091373,0.8568688288583597,0.8288751403199232,0.8444756254868295,0.7305649156908627,0.7504674895267369,0.9049081330269926,11,128
development,EMU00070043,RF on,1,300.0,410.0,5.55509,12.237863269999998,3.613279780460879,5.611000061035156,1.8433645637903782,1.0914482967497554,0.20457910354640485,0.24956159695572086,0.9667926921948269,0.8232633475641572,0.8868691932033506,0.7504384030442791,0.7205212242699611,0.9336558515284287,11,128
development,EMU00070043,RF on,1,300.0,410.0,5.55509,12.237863269999998,3.613279780460879,5.675000190734863,1.8478495718623675,1.049424360876663,0.1910499076487744,0.3115178557780408,1.0843865399117543,0.8030682477196314,0.8583744532278885,0.6884821442219592,0.6600642728709509,0.9632626962821963,11,128
development,EMU00070043,RF on,1,300.0,410.0,5.55509,12.237863269999998,3.613279780460879,5.73900032043457,1.8522061588191063,1.002426305237083,0.2053630196763931,0.33821578218903803,1.098532920728114,0.8057980989319495,0.7970632855606898,0.661784217810962,0.6750855040572981,0.9325374404571359,11,128
development,EMU00070043,RF on,1,300.0,410.0,5.55509,12.237863269999998,3.613279780460879,5.802999973297119,1.8564379707223382,1.0038006699989117,0.21529838249866776,0.2911245743533213,1.0418695960990974,0.766734510026078,0.788502287500244,0.7088754256466787,0.6689464025537344,0.9112917900073552,11,128
development,EMU00070043,RF on,1,300.0,410.0,5.55509,12.237863269999998,3.613279780460879,5.867000102996826,1.8605486424561584,1.1170297721350675,0.19082316902460217,0.31028712424432675,0.960140056714136,0.7498682507070553,0.9262066031104653,0.6897128757556732,0.6288735318928591,0.9061452371542686,11,128
development,EMU00070043,RF on,1,300.0,410.0,5.55509,12.237863269999998,3.613279780460879,5.931000232696533,1.8645416116039377,1.1055966634281025,0.1946528974960539,0.31394424243429087,0.9797732996629706,0.7702135832339126,0.9109437659320485,0.6860557575657091,0.6206069364187282,0.8758605034900496,11,128
development,EMU00070043,RF on,1,300.0,410.0,5.55509,12.237863269999998,3.613279780460879,5.99500036239624,1.8684202483931376,1.0820084550685878,0.19904706069980196,0.32364299182849554,0.9563640876451529,0.8227909408980048,0.8829613943687858,0.6763570081715045,0.46013470625030717,0.9497744997694548,11,128
development,EMU00070043,RF off,0,300.0,410.0,5.55509,12.237863269999998,3.613279780460879,2.2829999923706055,1.290480240652085,0.7348357037048698,1.0615187444163925,1.1001842210067165,1.007656894905766,0.05870766882613155,0.32668304071152265,0.10018422100671653,0.9892615489607285,1.0498367965038369,11,128
development,EMU00070043,RF off,0,300.0,410.0,5.55509,12.237863269999998,3.613279780460879,2.3469998836517334,1.3107961426068178,0.7842028089264881,1.0334195258101864,1.0850613490609744,1.0095660840701859,0.05903204328152194,0.24921671688369829,0.0850613490609744,0.9922436263220018,1.0450144832077715,11,128
development,EMU00070043,RF off,0,300.0,410.0,5.55509,12.237863269999998,3.613279780460879,2.4110000133514404,1.3305304054176792,0.8460579186034795,0.9813335071496816,1.0749204834134174,1.008943844496362,0.05872222277677501,0.13527558854620214,0.0749204834134174,0.9938911845452054,1.048923215771926,11,128
development,EMU00070043,RF off,0,300.0,410.0,5.55509,12.237863269999998,3.613279780460879,2.4749999046325684,1.3496995384347905,0.8331494993547729,0.9835743668496879,1.0715698660806847,1.0095376362139248,0.062304181691766006,0.15042486749491502,0.07156986608068472,0.9960583913338061,1.0489313305797898,11,128
development,EMU00070043,RF off,0,300.0,410.0,5.55509,12.237863269999998,3.613279780460879,2.5390000343322754,1.3683198640131937,0.8761873711203382,0.9396359057415158,1.070539598140319,1.018052516945299,0.0631855722549507,0.06344853462117761,0.07053959814031896,0.9960921735386317,1.0581955927041138,11,128
development,EMU00070043,RF off,0,300.0,410.0,5.55509,12.237863269999998,3.613279780460879,2.6029999256134033,1.3864069596019823,0.8589821769816508,0.8858941340485651,1.082073880301973,1.0159177969353987,0.06677719915793658,0.026911957066914294,0.08207388030197293,0.985767112825958,1.0572893240692176,11,128
development,EMU00070043,RF off,0,300.0,410.0,5.55509,12.237863269999998,3.613279780460879,2.6670000553131104,1.4039762262104571,0.9398948167127779,0.8665209381584502,1.1097057116478206,1.0188965687384037,0.06700130987525223,0.07337387855432764,0.10970571164782061,0.9759136120684849,1.0675009834764397,11,128
development,EMU00070043,RF off,0,300.0,410.0,5.55509,12.237863269999998,3.613279780460879,2.7309999465942383,1.4210423619895745,0.899973963648429,0.848523006290826,1.1044618846186642,1.0212294938862219,0.0581614064864371,0.05145095735760297,0.10446188461866424,0.98594202336804,1.0645822958076852,11,128
development,EMU00070043,RF off,0,300.0,410.0,5.55509,12.237863269999998,3.613279780460879,2.7950000762939453,1.4376198986099702,0.9143861427592609,0.7918491950882944,1.1009520427872435,1.0140369751831093,0.062180436556990064,0.12253694767096646,0.10095204278724346,0.9879720503399254,1.0738887297172568,11,128
development,EMU00070043,RF off,0,300.0,410.0,5.55509,12.237863269999998,3.613279780460879,2.8589999675750732,1.4537227045580847,0.9027412761398756,0.7799177839904715,1.122134746093709,1.0178997906860143,0.06122086619518322,0.12282349214940413,0.122134746093709,0.9956184449294561,1.063597154561057,11,128
development,EMU00070043,RF off,0,300.0,410.0,5.55509,12.237863269999998,3.613279780460879,2.922999858856201,1.4693644338095633,0.9412941278661994,0.7346257457458059,1.1103078525521002,1.0155404728214799,0.04952520041233074,0.2066683821203935,0.11030785255210018,1.0043024000193754,1.077233676028453,11,128
development,EMU00070043,RF off,0,300.0,410.0,5.55509,12.237863269999998,3.613279780460879,2.986999988555908,1.4845583443015913,0.9919948247761834,0.683090593254515,1.103857958354381,1.0224150745178993,0.05786627840240406,0.30890423152166835,0.10385795835438105,1.0250287980561028,1.0742221058487624,11,128
development,EMU00070043,RF off,0,300.0,410.0,5.55509,12.237863269999998,3.613279780460879,3.050999879837036,1.4993171470024178,0.9817411951976084,0.6165982483704411,1.0963859907614262,1.0384219808524384,0.05009232789942449,0.3651429468271673,0.09638599076142618,1.0380992789179542,1.0676251144417446,11,128
development,EMU00070043,RF off,0,300.0,410.0,5.55509,12.237863269999998,3.613279780460879,3.115000009536743,1.5136534089080294,0.9521505593989389,0.5714727619440292,1.0891956439505384,1.0327364325903237,0.03480442944223114,0.3806777974549097,0.08919564395053836,1.0047544031373776,1.046822715694915,11,128
development,EMU00070043,RF off,0,300.0,410.0,5.55509,12.237863269999998,3.613279780460879,3.178999900817871,1.5275791234923892,1.1165648700864967,0.5433180666154105,1.100462779269578,1.0317289185318474,0.035092358120580126,0.5732468034710863,0.10046277926957803,1.0399279273137982,1.0297837881272165,11,128
development,EMU00070043,RF off,0,300.0,410.0,5.55509,12.237863269999998,3.613279780460879,3.243000030517578,1.5411061483839812,1.0763266635936672,0.5068710132172984,1.0702899911078507,1.03713544271516,0.03745275222017586,0.5694556503763688,0.07028999110785072,0.9937975579490081,1.036686855580213,11,128
development,EMU00070043,RF off,0,300.0,410.0,5.55509,12.237863269999998,3.613279780460879,3.306999921798706,1.5542458000627855,0.9660353618299581,0.46099320912409525,0.9986937697827734,1.0342735506978156,0.03907678868108662,0.5050421527058628,0.001306230217226645,0.9800236458306815,1.0287309477247033,11,128
development,EMU00070043,RF off,0,300.0,410.0,5.55509,12.237863269999998,3.613279780460879,3.371000051498413,1.5670092668313529,0.8943038642215042,0.4325236410611649,1.0397766463663178,1.035773243189132,0.03635593136684774,0.4617802231603393,0.039776646366317836,1.0369108195634542,1.035914648478787,11,128
development,EMU00070043,RF off,0,300.0,410.0,5.55509,12.237863269999998,3.613279780460879,3.434999942779541,1.5794072263898669,0.8421197647535942,0.3944441843102474,0.9673881294575982,1.0516050361825608,0.06886319856241105,0.44767558044334677,0.03261187054240178,1.027840879275964,1.0575331362853646,11,128
development,EMU00070043,RF off,0,300.0,410.0,5.55509,12.237863269999998,3.613279780460879,3.499000072479248,1.5914502354962952,0.887079810262039,0.3468962343420483,0.9850070638837594,1.0502376634900439,0.07078168430715916,0.5401835759199907,0.01499293611624064,1.0292709347916158,1.061724210874892,11,128
development,EMU00070043,RF off,0,300.0,410.0,5.55509,12.237863269999998,3.613279780460879,3.562999963760376,1.60314836912814,1.1058448540890318,0.33611615626441294,1.0132333694586997,1.0733841306717795,0.09471615425685763,0.7697286978246188,0.013233369458699684,0.9440683998859185,1.0420940839366093,11,128
development,EMU00070043,RF off,0,300.0,410.0,5.55509,12.237863269999998,3.613279780460879,3.626999855041504,1.614511546428203,1.0893597379133548,0.29444179635573586,0.9541998008278629,1.0730987151509028,0.11542589857892589,0.794917941557619,0.04580019917213707,0.8620130934190124,1.0710425061754063,11,128
development,EMU00070043,RF off,0,300.0,410.0,5.55509,12.237863269999998,3.613279780460879,3.690999984741211,1.6255493988309917,1.048050269719655,0.2748789878460723,0.9564751728137033,1.080521379924092,0.11805233445406352,0.7731712818735827,0.04352482718629669,0.9191851420173801,1.0955270101093544,11,128
development,EMU00070043,RF off,0,300.0,410.0,5.55509,12.237863269999998,3.613279780460879,3.754999876022339,1.6362711604169293,1.0402455573568203,0.2249783445728643,0.9385382825510287,1.0842875739745634,0.09758575321638734,0.815267212783956,0.06146171744897133,0.9407346549389386,1.0710680877727985,11,128
development,EMU00070043,RF off,0,300.0,410.0,5.55509,12.237863269999998,3.613279780460879,3.819000005722046,1.6466859606755517,1.0570859174494533,0.21882353948250338,0.845378107027877,1.0577377543952045,0.11881027557923288,0.83826237796695,0.15462189297212303,0.8727058873481829,1.0563070467438724,11,128
development,EMU00070043,RF off,0,300.0,410.0,5.55509,12.237863269999998,3.613279780460879,3.883000135421753,1.6568025495947836,0.9795007150950963,0.18832208990217061,0.7663725467535941,1.0971718668396255,0.2918356915062593,0.7911786251929257,0.23362745324640588,0.826875997255262,1.1062000117749107,11,128
development,EMU00070043,RF off,0,300.0,410.0,5.55509,12.237863269999998,3.613279780460879,3.9469997882843018,1.666629393827122,1.0260104999313782,0.16288668158304495,0.6799574389511196,1.040213684109333,0.30589685300084146,0.8631238183483332,0.3200425610488804,0.8067679933241038,1.0649206048155175,11,128
development,EMU00070043,RF off,0,300.0,410.0,5.55509,12.237863269999998,3.613279780460879,4.011000156402588,1.6761749691148449,0.9899541914597136,0.14870909755769052,0.5848999385175259,1.0656517959824177,0.32933937338843433,0.8412450939020231,0.41510006148247414,0.8104054538548188,1.04873085765151,11,128
development,EMU00070043,RF off,0,300.0,410.0,5.55509,12.237863269999998,3.613279780460879,4.075000286102295,1.6854471869001517,0.9264834951048183,0.14406467647758664,0.7408603289496352,1.0651171341380912,0.30461631231071884,0.7824188186272316,0.25913967105036484,0.7168151407972929,1.1149985451279134,11,128
development,EMU00070043,RF off,0,300.0,410.0,5.55509,12.237863269999998,3.613279780460879,4.139000415802002,1.6944539093887445,0.9765257441246119,0.1528178599846035,0.734019787095654,1.0163399154898949,0.2435906553683932,0.8237078841400084,0.26598021290434604,0.8542183824784709,1.0667987988213163,11,128
development,EMU00070043,RF off,0,300.0,410.0,5.55509,12.237863269999998,3.613279780460879,4.203000068664551,1.703202674377213,0.9534811913483666,0.15462293164471616,0.8010070777029921,1.1155250327460253,0.2565611290849864,0.7988582597036504,0.19899292229700793,0.7984570573883529,1.01051182418698,11,128
development,EMU00070043,RF off,0,300.0,410.0,5.55509,12.237863269999998,3.613279780460879,4.267000198364258,1.7117009965536942,0.939042218137638,0.1591900898490149,0.783491233785687,1.1549649996046865,0.27653533061621455,0.779852128288623,0.21650876621431303,0.821575142844949,0.9672494116779161,11,128
development,EMU00070043,RF off,0,300.0,410.0,5.55509,12.237863269999998,3.613279780460879,4.331000328063965,1.7199559827106756,0.9629697484712386,0.156395715499763,0.7433537324231253,1.077392623146576,0.3096184593018944,0.8065740329714757,0.2566462675768747,0.8010104723807774,0.9945422297513385,11,128
development,EMU00070043,RF off,0,300.0,410.0,5.55509,12.237863269999998,3.613279780460879,4.394999980926514,1.7279745415107228,0.9496290902531057,0.16384051029620195,0.6827970267527779,1.0399520941371694,0.3317078264097938,0.7857885799569038,0.31720297324722213,0.8157072680684638,1.0550963023223012,11,128
development,EMU00070043,RF off,0,300.0,410.0,5.55509,12.237863269999998,3.613279780460879,4.459000110626221,1.7357635604366717,0.9650802112303881,0.16334197197546851,0.7855099145416138,0.9950031561408983,0.22234206669474466,0.8017382392549196,0.21449008545838621,0.7789199017170108,1.0582172796966844,11,128
development,EMU00070043,RF off,0,300.0,410.0,5.55509,12.237863269999998,3.613279780460879,4.523000240325928,1.7433295531202766,0.9639765748453151,0.1642049720926092,0.8594671112393983,1.0657438582302472,0.15854756902177433,0.7997716027527059,0.14053288876060166,0.7862778292975143,1.0367623238013899,11,128
development,EMU00070043,RF off,0,300.0,410.0,5.55509,12.237863269999998,3.613279780460879,4.587000370025635,1.750678905565378,0.9576106463043849,0.16494450859808776,0.8034185362415642,1.1468763303911336,0.24264048360504126,0.7926661377062971,0.19658146375843577,0.866173634882734,1.0193796925694663,11,128
development,EMU00070043,RF off,0,300.0,410.0,5.55509,12.237863269999998,3.613279780460879,4.651000022888184,1.7578177685025949,0.9756083376787047,0.1548561161394716,0.9010641851388745,1.0526254207978838,0.10540634015136209,0.8207522215392331,0.09893581486112546,0.8504304563014758,1.088771285794952,11,128
development,EMU00070043,RF off,0,300.0,410.0,5.55509,12.237863269999998,3.613279780460879,4.715000152587891,1.7647522738063923,0.9576229091369624,0.15213409741844197,1.0366917871644368,0.8602302470545564,0.14021232659698293,0.8054888117185204,0.03669178716443677,0.8165584410075206,1.065925019156113,11,128
development,EMU00070043,RF off,0,300.0,410.0,5.55509,12.237863269999998,3.613279780460879,4.779000282287598,1.7714882205144122,0.9570271412991188,0.15202946762145852,1.0287019276405336,0.8671992443776368,0.13285992012522388,0.8049976736776603,0.028701927640533587,0.8242354998017001,1.0807422499074169,11,128
development,EMU00070043,RF off,0,300.0,410.0,5.55509,12.237863269999998,3.613279780460879,4.843000411987305,1.7780312940381195,0.9579404250018329,0.14674826572209843,0.965516911588234,0.7846342262316411,0.21543506069309024,0.8111921592797344,0.03448308841176595,0.7749465430179152,1.0693992180048704,11,128
development,EMU00070043,RF off,0,300.0,410.0,5.55509,12.237863269999998,3.613279780460879,4.9070000648498535,1.7843869703269897,0.9879255761430624,0.17222776995451922,0.9215358413062826,0.7831780627794711,0.22479152556296164,0.8156978061885432,0.07846415869371737,0.6690179609867721,1.096424591634701,11,128
development,EMU00070043,RF off,0,300.0,410.0,5.55509,12.237863269999998,3.613279780460879,4.9710001945495605,1.7905607085430049,1.0221231665135446,0.13908699917049364,0.9878849236054419,0.7748615343092247,0.22803392033501904,0.883036167343051,0.01211507639455811,0.6740797320682972,1.080655538345902,11,128
development,EMU00070043,RF off,0,300.0,410.0,5.55509,12.237863269999998,3.613279780460879,5.035000324249268,1.7965576715260125,1.0480140780806266,0.1642277809531465,0.9209780437266253,0.7721533235886016,0.2451503717762864,0.8837862971274801,0.07902195627337472,0.7004154674877243,1.070071731880092,11,128
development,EMU00070043,RF off,0,300.0,410.0,5.55509,12.237863269999998,3.613279780460879,5.098999977111816,1.8023828781812998,1.0367300692088806,0.15534510090573983,0.9211233506087495,0.8015327510406367,0.21956612878530207,0.8813849683031407,0.0788766493912505,0.7769480565901181,1.0640929619398665,11,128
development,EMU00070043,RF off,0,300.0,410.0,5.55509,12.237863269999998,3.613279780460879,5.163000106811523,1.8080413320278101,0.9986599261351866,0.15140794036145516,0.7852564310678474,0.8154653767457261,0.23270138991577777,0.8472519857737315,0.21474356893215263,0.7997580413158611,1.0990618548972697,11,128
development,EMU00070043,RF off,0,300.0,410.0,5.55509,12.237863269999998,3.613279780460879,5.2270002365112305,1.8135377649945588,1.0090236510073758,0.15536993694047502,0.8648864007058539,0.8737936782198554,0.17169454252123867,0.8536537140669007,0.13511359929414613,0.7394722457121887,1.0700874612405102,11,128
development,EMU00070043,RF off,0,300.0,410.0,5.55509,12.237863269999998,3.613279780460879,5.2910003662109375,1.818876816293279,1.1003258402589016,0.14241647955420295,0.5900260545909886,0.9051906116863336,0.22164042278242926,0.9579093607046987,0.40997394540901144,0.7220829582902477,1.1066108276205862,11,128
development,EMU00070043,RF off,0,300.0,410.0,5.55509,12.237863269999998,3.613279780460879,5.355000019073486,1.8240629542178166,1.0579390150853314,0.13153437652808728,0.563068658555927,0.770202257440999,0.32994920299088343,0.9264046385572441,0.436931341444073,0.7739864869030996,1.083978244006546,11,128
development,EMU00070043,RF off,0,300.0,410.0,5.55509,12.237863269999998,3.613279780460879,5.419000148773193,1.8291006333636712,0.9851041692303589,0.12721604307482062,0.5397168477498069,0.7536325280454563,0.36831107288680476,0.8578881261555383,0.4602831522501931,0.833709037761867,1.0705873913435744,11,128
development,EMU00070043,RF off,0,300.0,410.0,5.55509,12.237863269999998,3.613279780460879,5.4830002784729,1.8339940665318595,0.9687621843537914,0.12287311680901095,0.647441569224671,0.6406331632255691,0.3955812907483311,0.8458890675447804,0.352558430775329,0.7704083973181408,1.0966549602558184,11,128
development,EMU00070043,RF off,0,300.0,410.0,5.55509,12.237863269999998,3.613279780460879,5.547000408172607,1.838747383977896,1.0390556200870278,0.13535794613118068,0.5142482557123698,0.7078819842885682,0.32496902761236046,0.9036976739558471,0.48575174428763024,0.7528740896790462,1.0663847468444794,11,128
development,EMU00070043,RF off,0,300.0,410.0,5.55509,12.237863269999998,3.613279780460879,5.611000061035156,1.8433645637903782,1.0305575215379608,0.12800159403565564,0.7363746734867251,0.6751428054385069,0.3692938395577557,0.9025559275023052,0.26362532651327486,0.7462723176894841,1.0881136823622806,11,128
development,EMU00070043,RF off,0,300.0,410.0,5.55509,12.237863269999998,3.613279780460879,5.675000190734863,1.8478495718623675,0.9782662117185275,0.11556641963422712,0.8079363745438393,0.6887010785067378,0.33042195434562277,0.8626997920843004,0.19206362545616074,0.7418224865928358,1.1355965117097448,11,128
development,EMU00070043,RF off,0,300.0,410.0,5.55509,12.237863269999998,3.613279780460879,5.73900032043457,1.8522061588191063,1.0284079133932311,0.14881772523319658,0.8673257706072687,0.7076755162468247,0.3289921311143688,0.8795901881600345,0.13267422939273132,0.7933313265368988,1.1296990719105655,11,128
development,EMU00070043,RF off,0,300.0,410.0,5.55509,12.237863269999998,3.613279780460879,5.802999973297119,1.8564379707223382,1.1043326922765828,0.14628018848832225,0.8265837757049619,0.798413105782012,0.2912776358700321,0.9580525037882606,0.1734162242950381,0.811549902015872,1.1154749523363567,11,128
development,EMU00070043,RF off,0,300.0,410.0,5.55509,12.237863269999998,3.613279780460879,5.867000102996826,1.8605486424561584,1.1220772975779625,0.14607133453045262,0.698575735926702,0.8375922637814138,0.29274928178038956,0.9760059630475099,0.30142426407329803,0.7139014256915625,1.1060188163981903,11,128
development,EMU00070043,RF off,0,300.0,410.0,5.55509,12.237863269999998,3.613279780460879,5.931000232696533,1.8645416116039377,1.11557820410845,0.1490100961648772,0.5749619796942037,0.8982752896186458,0.27652109673581904,0.9665681079435728,0.4250380203057963,0.7185623207000981,1.0920444458692862,11,128
development,EMU00070043,RF off,0,300.0,410.0,5.55509,12.237863269999998,3.613279780460879,5.99500036239624,1.8684202483931376,1.0773984640232945,0.16116534688437706,0.4367048944610554,0.9365236908755886,0.47229641345922474,0.9162331171389175,0.5632951055389446,0.7445942645247954,1.0517548610246021,11,128
development,EMU00070049,RF on,1,300.0,446.0,6.042854,13.312407362,3.7346995808757377,2.2829999923706055,1.290480240652085,0.7506907594191906,0.9271684617409935,0.9849525377232864,1.0117434606226328,0.03283369202874113,0.17647770232180293,0.015047462276713608,1.059708639908298,1.0671328180950446,10,128
development,EMU00070049,RF on,1,300.0,446.0,6.042854,13.312407362,3.7346995808757377,2.3469998836517334,1.3107961426068178,0.7884278025778373,0.9162547097547682,0.9824017466079391,1.0159089494677072,0.03560457227230604,0.1278269071769309,0.017598253392060892,1.0667274165445468,1.0676021369531579,10,128
development,EMU00070049,RF on,1,300.0,446.0,6.042854,13.312407362,3.7346995808757377,2.4110000133514404,1.3305304054176792,0.8634123352215546,0.9092483729910374,0.977861355706821,1.015498720400856,0.039770818162344033,0.04583603776948286,0.02213864429317902,1.0589800736506483,1.0685517995837857,10,128
development,EMU00070049,RF on,1,300.0,446.0,6.042854,13.312407362,3.7346995808757377,2.4749999046325684,1.3496995384347905,0.8296314877399764,0.8671298880010099,0.972288877427889,1.0114222568157198,0.041237360815072475,0.03749840026103346,0.027711122572110947,1.0645324942204972,1.0664772368138147,10,128
development,EMU00070049,RF on,1,300.0,446.0,6.042854,13.312407362,3.7346995808757377,2.5390000343322754,1.3683198640131937,0.7878258701950643,0.8524203480284727,0.9812286812082831,1.0176875666819423,0.04327300319463935,0.06459447783340833,0.018771318791716896,1.0657742242296493,1.0659552445882228,10,128
development,EMU00070049,RF on,1,300.0,446.0,6.042854,13.312407362,3.7346995808757377,2.6029999256134033,1.3864069596019823,0.8145795471112723,0.7906229084209601,0.9574550648809251,1.0191311887758259,0.05997257777225266,0.023956638690312282,0.04254493511907487,1.0827979185163925,1.064523641339456,10,128
development,EMU00070049,RF on,1,300.0,446.0,6.042854,13.312407362,3.7346995808757377,2.6670000553131104,1.4039762262104571,0.7735305541871926,0.7659375941719367,0.9439699192291853,1.012699863168095,0.050591811999524006,0.00759296001525589,0.05603008077081473,1.1143098495968449,1.0693694537330463,10,128
development,EMU00070049,RF on,1,300.0,446.0,6.042854,13.312407362,3.7346995808757377,2.7309999465942383,1.4210423619895745,0.7735234083884607,0.7201030175242873,0.9400226744040593,1.0284929167913894,0.0596721537791204,0.053420390864173384,0.05997732559594071,1.1156370896149115,1.071222752512418,10,128
development,EMU00070049,RF on,1,300.0,446.0,6.042854,13.312407362,3.7346995808757377,2.7950000762939453,1.4376198986099702,0.7729098487874194,0.6779014384501607,0.9347770552397189,1.0283406089133145,0.06771392700157261,0.09500841033725871,0.06522294476028112,1.081280907788955,1.0705652987944858,10,128
development,EMU00070049,RF on,1,300.0,446.0,6.042854,13.312407362,3.7346995808757377,2.8589999675750732,1.4537227045580847,0.7590218881021056,0.6571277656850477,0.9140276547086322,1.0087375658112194,0.058175487749487845,0.10189412241705786,0.08597234529136777,1.0847678195372814,1.067251425969871,10,128
development,EMU00070049,RF on,1,300.0,446.0,6.042854,13.312407362,3.7346995808757377,2.922999858856201,1.4693644338095633,0.7660376076182798,0.633580283542431,0.9293408365388678,1.0215196068310721,0.06852395731835913,0.13245732407584876,0.07065916346113221,1.0966931483351243,1.0610098071950125,10,128
development,EMU00070049,RF on,1,300.0,446.0,6.042854,13.312407362,3.7346995808757377,2.986999988555908,1.4845583443015913,0.7616360972522839,0.5844827605999068,0.9530257332922024,1.0283946883680446,0.07072722503631992,0.1771533366523771,0.046974266707797585,1.092204304565428,1.0669908139025719,10,128
development,EMU00070049,RF on,1,300.0,446.0,6.042854,13.312407362,3.7346995808757377,3.050999879837036,1.4993171470024178,0.7783571835496157,0.5544489366939712,0.9344242772670066,1.0175368311820483,0.07907031520892073,0.22390824685564448,0.06557572273299339,1.1000255952685882,1.0758946032128827,10,128
development,EMU00070049,RF on,1,300.0,446.0,6.042854,13.312407362,3.7346995808757377,3.115000009536743,1.5136534089080294,0.8448797506268356,0.5092230575997756,0.9289076449523683,1.0175113780429728,0.08919534053179959,0.33565669302706,0.07109235504763167,1.0737682946128073,1.074656942137592,10,128
development,EMU00070049,RF on,1,300.0,446.0,6.042854,13.312407362,3.7346995808757377,3.178999900817871,1.5275791234923892,1.0001381497734774,0.4928335421693151,0.904930274278856,1.0204700218514073,0.11167514523488055,0.5073046076041623,0.09506972572114403,1.0937468190997452,1.0818499812485074,10,128
development,EMU00070049,RF on,1,300.0,446.0,6.042854,13.312407362,3.7346995808757377,3.243000030517578,1.5411061483839812,1.160106598032683,0.47284769703533425,0.9003473991140075,1.0036885499141814,0.10402595287662403,0.6872589009973488,0.09965260088599248,1.0927658624865209,1.0856618815383392,10,128
development,EMU00070049,RF on,1,300.0,446.0,6.042854,13.312407362,3.7346995808757377,3.306999921798706,1.5542458000627855,1.014096532616279,0.45840048082266527,0.9313871311273774,1.0327618502966136,0.11497699183589852,0.5556960517936137,0.06861286887262263,1.090032833001267,1.102811306354506,10,128
development,EMU00070049,RF on,1,300.0,446.0,6.042854,13.312407362,3.7346995808757377,3.371000051498413,1.5670092668313529,1.1448528941767735,0.4245229403020846,0.9195919516363706,1.017895667488652,0.11477022660349169,0.7203299538746889,0.08040804836362936,1.0522233012454072,1.0998585997413126,10,128
development,EMU00070049,RF on,1,300.0,446.0,6.042854,13.312407362,3.7346995808757377,3.434999942779541,1.5794072263898669,1.019424285378882,0.42691955511970514,0.8934456812765821,1.0310962168616498,0.12238931239602191,0.5925047302591768,0.10655431872341792,1.1191645348798276,1.095143000212604,10,128
development,EMU00070049,RF on,1,300.0,446.0,6.042854,13.312407362,3.7346995808757377,3.499000072479248,1.5914502354962952,1.0962569750691356,0.3807439639015373,0.8353905193491373,1.0434507053398352,0.14799086559998742,0.7155130111675982,0.16460948065086267,1.069252729885027,1.104996697955937,10,128
development,EMU00070049,RF on,1,300.0,446.0,6.042854,13.312407362,3.7346995808757377,3.562999963760376,1.60314836912814,1.1044187337536941,0.36418023353443696,0.8852331073934516,1.0307185165293191,0.12490347819952696,0.7402385002192572,0.11476689260654838,1.0902599568189224,1.1197298127056436,10,128
development,EMU00070049,RF on,1,300.0,446.0,6.042854,13.312407362,3.7346995808757377,3.626999855041504,1.614511546428203,1.0635314181366577,0.3212304840413365,0.8893894199818088,1.036952012598448,0.16155847391354686,0.7423009340953213,0.11061058001819124,1.0917483063801676,1.1248854444340544,10,128
development,EMU00070049,RF on,1,300.0,446.0,6.042854,13.312407362,3.7346995808757377,3.690999984741211,1.6255493988309917,1.108801542586767,0.3078267538589788,0.8093578098222418,1.0169850907744458,0.1928410865895524,0.8009747887277883,0.1906421901777582,0.9691619445589449,1.107753994257891,10,128
development,EMU00070049,RF on,1,300.0,446.0,6.042854,13.312407362,3.7346995808757377,3.754999876022339,1.6362711604169293,1.0801436105335143,0.29337045026089226,0.7230281342771999,0.9885619072517838,0.2879436607757408,0.786773160272622,0.2769718657228001,0.9951730704189921,1.0616372977752906,10,128
development,EMU00070049,RF on,1,300.0,446.0,6.042854,13.312407362,3.7346995808757377,3.819000005722046,1.6466859606755517,1.038020478661808,0.2805026528153505,0.7284008205575675,0.9407374711289617,0.3466857347478061,0.7575178258464574,0.2715991794424325,1.0005060168920445,1.1491283544315043,10,128
development,EMU00070049,RF on,1,300.0,446.0,6.042854,13.312407362,3.7346995808757377,3.883000135421753,1.6568025495947836,1.0519907296354596,0.21480962418011662,0.7158036719702129,1.000869224727185,0.37360818051999295,0.837181105455343,0.2841963280297871,1.0006541103319255,1.1317673370727914,10,128
development,EMU00070049,RF on,1,300.0,446.0,6.042854,13.312407362,3.7346995808757377,3.9469997882843018,1.666629393827122,1.0356489723618312,0.2155477612431262,0.6125721098172475,1.0325561236391438,0.4151714282513106,0.8201012111187049,0.3874278901827525,0.9925043071106188,1.1604406438675532,10,128
development,EMU00070049,RF on,1,300.0,446.0,6.042854,13.312407362,3.7346995808757377,4.011000156402588,1.6761749691148449,1.0171304584337768,0.2292499102380514,0.3863526230756515,1.0533642889647086,0.5104938883750244,0.7878805481957254,0.6136473769243485,1.0483273917232214,1.1419175316897079,10,128
development,EMU00070049,RF on,1,300.0,446.0,6.042854,13.312407362,3.7346995808757377,4.075000286102295,1.6854471869001517,0.9880887557437379,0.18896987400098217,0.4375021680170741,1.1164705471219327,0.45493647615286625,0.7991188817427557,0.5624978319829259,1.0212444261530043,1.128404881461904,10,128
development,EMU00070049,RF on,1,300.0,446.0,6.042854,13.312407362,3.7346995808757377,4.139000415802002,1.6944539093887445,1.0299869330850417,0.174789608910981,0.43324478511514697,1.1955220534134892,0.5711193209919152,0.8551973241740607,0.566755214884853,0.9658862247504586,1.1286931043851902,10,128
development,EMU00070049,RF on,1,300.0,446.0,6.042854,13.312407362,3.7346995808757377,4.203000068664551,1.703202674377213,1.0510170521637603,0.17506007019187036,0.3294577500458591,1.0727493364705896,0.6385558715421832,0.87595698197189,0.6705422499541409,0.9739710647632371,1.0897104674646303,10,128
development,EMU00070049,RF on,1,300.0,446.0,6.042854,13.312407362,3.7346995808757377,4.267000198364258,1.7117009965536942,1.0599824264106634,0.17127628704814846,0.28427483162033074,1.2034778444436607,0.6316841059362044,0.888706139362515,0.7157251683796693,0.9872248663349107,1.1007751003132127,10,128
development,EMU00070049,RF on,1,300.0,446.0,6.042854,13.312407362,3.7346995808757377,4.331000328063965,1.7199559827106756,1.0310572680013579,0.16786656120001528,0.22206098445676611,1.1293573484838024,0.6213440761024346,0.8631907068013426,0.7779390155432339,1.05999307649784,0.9820321411061115,10,128
development,EMU00070049,RF on,1,300.0,446.0,6.042854,13.312407362,3.7346995808757377,4.394999980926514,1.7279745415107228,1.0517304573297523,0.1641732089749251,0.26335148851881973,1.1302547073750944,0.753824449831381,0.8875572483548273,0.7366485114811803,0.8967863658204092,1.0129218885597662,10,128
development,EMU00070049,RF on,1,300.0,446.0,6.042854,13.312407362,3.7346995808757377,4.459000110626221,1.7357635604366717,1.0925801243300963,0.18126367927377265,0.18122932502694722,0.9761271789379554,0.761563394602038,0.9113164450563237,0.8187706749730528,0.8742808983344446,1.0535461226144618,10,128
development,EMU00070049,RF on,1,300.0,446.0,6.042854,13.312407362,3.7346995808757377,4.523000240325928,1.7433295531202766,1.0727479262439834,0.2120403132099965,0.2330583425122968,0.9785571551521322,0.7307769163542419,0.8607076130339869,0.7669416574877033,0.8425073186367484,1.072588762662516,10,128
development,EMU00070049,RF on,1,300.0,446.0,6.042854,13.312407362,3.7346995808757377,4.587000370025635,1.750678905565378,1.1138936570653957,0.1850998318763014,0.25297117110605666,0.9573305583078016,0.6913937981523414,0.9287938251890943,0.7470288288939433,0.7407785108662076,1.1244526842575953,10,128
development,EMU00070049,RF on,1,300.0,446.0,6.042854,13.312407362,3.7346995808757377,4.651000022888184,1.7578177685025949,1.0931536935938784,0.17030930161771668,0.40002763541257896,0.8029806838691443,0.6547358111240292,0.9228443919761617,0.5999723645874211,0.6730590056294543,1.0742795199800326,10,128
development,EMU00070049,RF on,1,300.0,446.0,6.042854,13.312407362,3.7346995808757377,4.715000152587891,1.7647522738063923,1.1148282234381282,0.1803062735689681,0.3257286214716849,0.8042841457767846,0.6468501743044452,0.93452194986916,0.6742713785283151,0.7524330387483771,1.094925694515672,10,128
development,EMU00070049,RF on,1,300.0,446.0,6.042854,13.312407362,3.7346995808757377,4.779000282287598,1.7714882205144122,1.084677854058024,0.16557893393253342,0.24825511449871698,0.9245798976281978,0.60165635952052,0.9190989201254905,0.751744885501283,0.7487981292247342,1.1179737506845382,10,128
development,EMU00070049,RF on,1,300.0,446.0,6.042854,13.312407362,3.7346995808757377,4.843000411987305,1.7780312940381195,1.1000691634291366,0.13785217303549713,0.2340306504261685,0.8793333804344236,0.6441341871201312,0.9622169903936395,0.7659693495738316,0.7074055285813089,1.1665019923646553,10,128
development,EMU00070049,RF on,1,300.0,446.0,6.042854,13.312407362,3.7346995808757377,4.9070000648498535,1.7843869703269897,1.1371294535160061,0.143318475529189,0.263845818288372,0.8188275054648623,0.6535063146184341,0.9938109779868172,0.7361541817116279,0.8004101626341568,1.169290918990121,10,128
development,EMU00070049,RF on,1,300.0,446.0,6.042854,13.312407362,3.7346995808757377,4.9710001945495605,1.7905607085430049,1.111058376022349,0.15475240172283183,0.325527682592602,0.8720659549123794,0.6064546210017084,0.956305974299517,0.674472317407398,0.7609015769951498,1.191284198226744,10,128
development,EMU00070049,RF on,1,300.0,446.0,6.042854,13.312407362,3.7346995808757377,5.035000324249268,1.7965576715260125,1.1593235113108344,0.1496990096856341,0.3247184379306556,1.0075191683522966,0.6057503937008732,1.0096245016252003,0.6752815620693444,0.7870490497347148,1.2128534159167579,10,128
development,EMU00070049,RF on,1,300.0,446.0,6.042854,13.312407362,3.7346995808757377,5.098999977111816,1.8023828781812998,1.167028911474378,0.17263041738774912,0.29544577624866575,0.9463596835070679,0.6851857498294613,0.9943984940866288,0.7045542237513343,0.7116531572099801,1.1552278103498868,10,128
development,EMU00070049,RF on,1,300.0,446.0,6.042854,13.312407362,3.7346995808757377,5.163000106811523,1.8080413320278101,1.1905419053035518,0.16764528275806312,0.24312453501990866,1.064005550287851,0.7197617172170867,1.0228966225454887,0.7568754649800913,0.7238768022277164,1.1199363476268496,10,128
development,EMU00070049,RF on,1,300.0,446.0,6.042854,13.312407362,3.7346995808757377,5.2270002365112305,1.8135377649945588,1.098172125315823,0.17306419730009684,0.25854296861265613,0.9892276108402089,0.7281184099949422,0.9251079280157262,0.7414570313873439,0.667542979841913,1.0816261479042817,10,128
development,EMU00070049,RF on,1,300.0,446.0,6.042854,13.312407362,3.7346995808757377,5.2910003662109375,1.818876816293279,1.1304674826868817,0.17583979144080936,0.27654819223170973,0.906783674883446,0.7309905089931942,0.9546276912460723,0.7234518077682903,0.8046573150711771,1.0058990575532927,10,128
development,EMU00070049,RF on,1,300.0,446.0,6.042854,13.312407362,3.7346995808757377,5.355000019073486,1.8240629542178166,1.106185727293032,0.19258327137117165,0.18604699046941114,0.8942599498051679,0.8580425512431259,0.9136024559218603,0.8139530095305889,0.8035324311006451,1.054922632276594,10,128
development,EMU00070049,RF on,1,300.0,446.0,6.042854,13.312407362,3.7346995808757377,5.419000148773193,1.8291006333636712,1.1086843822001162,0.18155523823353992,0.21625073139985856,1.0151568036729992,0.8240576821577512,0.9271291439665763,0.7837492686001415,0.79781645169161,1.1215630037699982,10,128
development,EMU00070049,RF on,1,300.0,446.0,6.042854,13.312407362,3.7346995808757377,5.4830002784729,1.8339940665318595,1.1152835854830958,0.22946913735846824,0.21838806141140732,1.051252635720439,0.8863368803969357,0.8858144481246275,0.7816119385885927,0.7163369822516766,1.053559721055446,10,128
development,EMU00070049,RF on,1,300.0,446.0,6.042854,13.312407362,3.7346995808757377,5.547000408172607,1.838747383977896,1.1336167801216974,0.2434559138594942,0.20836659215200992,0.8852340396779826,0.8718240253742213,0.8901608662622033,0.7916334078479901,0.6512714548126513,1.0799699838745962,10,128
development,EMU00070049,RF on,1,300.0,446.0,6.042854,13.312407362,3.7346995808757377,5.611000061035156,1.8433645637903782,1.1755195869011097,0.2360182593024181,0.2371980513842512,0.855975212204817,0.8654783606862173,0.9395013275986916,0.7628019486157488,0.6219142770939052,1.0300964075985508,10,128
development,EMU00070049,RF on,1,300.0,446.0,6.042854,13.312407362,3.7346995808757377,5.675000190734863,1.8478495718623675,1.2020154485424954,0.2565792584313402,0.18146384694739415,0.8267553351757828,0.8972705662670224,0.9454361901111552,0.8185361530526059,0.6006235878070394,0.9929588209193883,10,128
development,EMU00070049,RF on,1,300.0,446.0,6.042854,13.312407362,3.7346995808757377,5.73900032043457,1.8522061588191063,1.2261122596850695,0.24290344325089197,0.1364644725088689,0.8379140669456784,0.9183678160675968,0.9832088164341776,0.8635355274911312,0.5109675205929209,0.980474663600757,10,128
development,EMU00070049,RF on,1,300.0,446.0,6.042854,13.312407362,3.7346995808757377,5.802999973297119,1.8564379707223382,1.1538859443146878,0.2403618551961586,0.15156375654061865,0.8381690410527867,0.9208787211195961,0.9135240891185292,0.8484362434593813,0.6000492936254562,0.9952507998213761,10,128
development,EMU00070049,RF on,1,300.0,446.0,6.042854,13.312407362,3.7346995808757377,5.867000102996826,1.8605486424561584,1.164441057797339,0.25279124683000187,0.14184703657854633,0.7842680515029804,0.9280628725514599,0.9116498109673371,0.8581529634214536,0.6172327290597646,1.0473699205986244,10,128
development,EMU00070049,RF on,1,300.0,446.0,6.042854,13.312407362,3.7346995808757377,5.931000232696533,1.8645416116039377,1.1828029601330932,0.28983735653545756,0.12512418952253662,0.8281759547573528,0.9164122658516817,0.8929656035976357,0.8748758104774634,0.5917223474651712,1.0467163645148716,10,128
development,EMU00070049,RF on,1,300.0,446.0,6.042854,13.312407362,3.7346995808757377,5.99500036239624,1.8684202483931376,1.1444131773612853,0.25649408591977485,0.15607783893507254,0.8306519806521788,0.8741765072920361,0.8879190914415105,0.8439221610649275,0.5255007621262976,1.035723321667032,10,128
development,EMU00070049,RF off,0,300.0,446.0,6.042854,13.312407362,3.7346995808757377,2.2829999923706055,1.290480240652085,0.7520785652280016,0.9953975820790718,0.9726286556285287,1.0237840520691224,0.03449131877476719,0.24331901685107016,0.027371344371471262,1.0644904273638944,1.0569176512066853,10,128
development,EMU00070049,RF off,0,300.0,446.0,6.042854,13.312407362,3.7346995808757377,2.3469998836517334,1.3107961426068178,0.7262296689106709,0.9281945486612888,0.9498871006708788,1.018469375690615,0.03603170288722806,0.20196487975061794,0.05011289932912122,1.0556748312771167,1.0581733735556165,10,128
development,EMU00070049,RF off,0,300.0,446.0,6.042854,13.312407362,3.7346995808757377,2.4110000133514404,1.3305304054176792,0.7133431351894116,0.9096931224776081,0.9602447874151958,1.0214785204319334,0.04163844590682789,0.19634998728819653,0.03975521258480419,1.0894152810655142,1.0593345452634986,10,128
development,EMU00070049,RF off,0,300.0,446.0,6.042854,13.312407362,3.7346995808757377,2.4749999046325684,1.3496995384347905,0.6543083022138191,0.9180686891257417,0.9717315493836813,1.0236776798686558,0.04351581615263331,0.2637603869119226,0.028268450616318663,1.0749354720745559,1.0682779416659232,10,128
development,EMU00070049,RF off,0,300.0,446.0,6.042854,13.312407362,3.7346995808757377,2.5390000343322754,1.3683198640131937,0.669606626223636,0.8756183542165574,0.9756609296201335,1.0196578646408254,0.03952193300481449,0.20601172799292145,0.02433907037986649,1.0725453676030459,1.063051706792631,10,128
development,EMU00070049,RF off,0,300.0,446.0,6.042854,13.312407362,3.7346995808757377,2.6029999256134033,1.3864069596019823,0.7234079591404301,0.8392666365235786,1.0044614527153382,1.0231656692549815,0.03769408896170599,0.11585867738314848,0.0044614527153381545,1.0483483769350292,1.0693519762362753,10,128
development,EMU00070049,RF off,0,300.0,446.0,6.042854,13.312407362,3.7346995808757377,2.6670000553131104,1.4039762262104571,0.7261943202289066,0.8141676290927682,1.0075215405565459,1.0281440626868272,0.03833885307153692,0.08797330886386157,0.007521540556545858,1.0510387438144944,1.0745654269392242,10,128
development,EMU00070049,RF off,0,300.0,446.0,6.042854,13.312407362,3.7346995808757377,2.7309999465942383,1.4210423619895745,0.7610302683290205,0.7931854083506438,1.0036539974237453,1.030035766631443,0.040287950185273896,0.03215514002162323,0.003653997423745281,1.0893793904697944,1.0672761820058596,10,128
development,EMU00070049,RF off,0,300.0,446.0,6.042854,13.312407362,3.7346995808757377,2.7950000762939453,1.4376198986099702,0.79815967432768,0.7443499025198514,1.0375214625324833,1.0320408571082313,0.03798651643869781,0.05380977180782853,0.03752146253248334,1.073636119520281,1.0671931450771037,10,128
development,EMU00070049,RF off,0,300.0,446.0,6.042854,13.312407362,3.7346995808757377,2.8589999675750732,1.4537227045580847,0.8587527142761368,0.7005543755436465,1.0727070559508267,1.0230050534305766,0.026453611323390084,0.15819833873249023,0.07270705595082672,1.0564605840734176,1.0769471227376823,10,128
development,EMU00070049,RF off,0,300.0,446.0,6.042854,13.312407362,3.7346995808757377,2.922999858856201,1.4693644338095633,0.8409117731114871,0.6696598282204029,1.078535412433469,1.0296410496806343,0.03531380395965788,0.1712519448910842,0.07853541243346895,1.0473027122839353,1.091690461776147,10,128
development,EMU00070049,RF off,0,300.0,446.0,6.042854,13.312407362,3.7346995808757377,2.986999988555908,1.4845583443015913,0.8553407042247088,0.6585236169116664,1.0790983490986759,1.021904511080802,0.025118904890125214,0.19681708731304237,0.07909834909867586,1.0534816660723378,1.0868018791756384,10,128
development,EMU00070049,RF off,0,300.0,446.0,6.042854,13.312407362,3.7346995808757377,3.050999879837036,1.4993171470024178,0.8500103750372867,0.6201164634076034,1.0382260253630446,1.0297590265252943,0.034295691986072185,0.2298939116296833,0.03822602536304465,1.0649840785242195,1.0744436260238848,10,128
development,EMU00070049,RF off,0,300.0,446.0,6.042854,13.312407362,3.7346995808757377,3.115000009536743,1.5136534089080294,0.8830172762224545,0.611714589690405,1.04716132198473,1.0194456403095864,0.026416327351971698,0.2713026865320495,0.04716132198473,1.020213158123494,1.0725959199829616,10,128
development,EMU00070049,RF off,0,300.0,446.0,6.042854,13.312407362,3.7346995808757377,3.178999900817871,1.5275791234923892,0.9270290295257994,0.5540617164188617,1.0478700434002515,1.0236756122754291,0.02557828223987544,0.37296731310693765,0.04787004340025147,1.0277263852630507,1.076699623077221,10,128
development,EMU00070049,RF off,0,300.0,446.0,6.042854,13.312407362,3.7346995808757377,3.243000030517578,1.5411061483839812,0.929708139365493,0.5320710449825196,1.0718397339960124,1.0250324669093902,0.026509049349772697,0.39763709438297345,0.0718397339960124,1.0022567352609677,1.063437172797001,10,128
development,EMU00070049,RF off,0,300.0,446.0,6.042854,13.312407362,3.7346995808757377,3.306999921798706,1.5542458000627855,0.8870272538941418,0.5212663756776753,1.0487075047258574,1.020607907039874,0.022981035392762875,0.3657608782164665,0.04870750472585739,1.0024255848643777,1.0717337764560353,10,128
development,EMU00070049,RF off,0,300.0,446.0,6.042854,13.312407362,3.7346995808757377,3.371000051498413,1.5670092668313529,0.8726378373045434,0.4874564613228771,1.0615965323400107,1.0290758161418812,0.0345096734501303,0.38518137598166624,0.06159653234001072,1.029213889889605,1.0391928768558039,10,128
development,EMU00070049,RF off,0,300.0,446.0,6.042854,13.312407362,3.7346995808757377,3.434999942779541,1.5794072263898669,0.9546748895960065,0.4704869699184896,1.068220114605293,1.0130592883867153,0.018680095955172334,0.48418791967751695,0.06822011460529298,0.9585516023114933,1.0392077555991595,10,128
development,EMU00070049,RF off,0,300.0,446.0,6.042854,13.312407362,3.7346995808757377,3.499000072479248,1.5914502354962952,0.9780759077549824,0.4292785553324128,1.0996798701263528,0.9954093911504978,0.007329055061675176,0.5487973524225696,0.09967987012635282,0.9275411862604548,1.0611822489501794,10,128
development,EMU00070049,RF off,0,300.0,446.0,6.042854,13.312407362,3.7346995808757377,3.562999963760376,1.60314836912814,0.9219880112294092,0.3560365102865651,1.0674617115084595,0.9661592650420202,0.03391958767332065,0.5659515009428442,0.06746171150845948,0.9205746642378536,1.0414458586225064,10,128
development,EMU00070049,RF off,0,300.0,446.0,6.042854,13.312407362,3.7346995808757377,3.626999855041504,1.614511546428203,0.9487570466312764,0.32850350942586864,1.059146420678306,0.9005174625573156,0.09952814077350863,0.6202535372054077,0.05914642067830611,0.8797248877422125,1.0747560042840552,10,128
development,EMU00070049,RF off,0,300.0,446.0,6.042854,13.312407362,3.7346995808757377,3.690999984741211,1.6255493988309917,1.0105433938961026,0.2986215059316104,1.0600832610764082,0.8854956760407098,0.11456045180434533,0.7119218879644922,0.060083261076408156,0.8927897540281298,1.091689043614636,10,128
development,EMU00070049,RF off,0,300.0,446.0,6.042854,13.312407362,3.7346995808757377,3.754999876022339,1.6362711604169293,0.889608266663275,0.24754274051363961,1.018098396955053,0.8497092191362394,0.15142183475652873,0.6420655261496353,0.018098396955052998,0.755334293690281,1.0897507807324767,10,128
development,EMU00070049,RF off,0,300.0,446.0,6.042854,13.312407362,3.7346995808757377,3.819000005722046,1.6466859606755517,0.9217295415454451,0.21481560394851473,1.0587273380874382,0.8251808645608754,0.17508271592990543,0.7069139375969303,0.05872733808743824,0.934420648927452,1.0065610507181673,10,128
development,EMU00070049,RF off,0,300.0,446.0,6.042854,13.312407362,3.7346995808757377,3.883000135421753,1.6568025495947836,0.9782406988537845,0.19976705291146707,1.0403665892603478,0.7948907359950665,0.20533813662982509,0.7784736459423174,0.04036658926034775,0.8908043898482468,0.9933491347311917,10,128
development,EMU00070049,RF off,0,300.0,446.0,6.042854,13.312407362,3.7346995808757377,3.9469997882843018,1.666629393827122,1.0027458395266633,0.22132013220790248,0.9526251341223095,0.7853133990917681,0.22170815541999608,0.7814257073187608,0.047374865877690464,0.853184725961906,0.9715998187809481,10,128
development,EMU00070049,RF off,0,300.0,446.0,6.042854,13.312407362,3.7346995808757377,4.011000156402588,1.6761749691148449,0.9938854112988562,0.1932323235708942,0.8762916690446103,0.812942225002577,0.20454619882250333,0.8006530877279621,0.12370833095538969,0.7961129796806045,0.9696085663710987,10,128
development,EMU00070049,RF off,0,300.0,446.0,6.042854,13.312407362,3.7346995808757377,4.075000286102295,1.6854471869001517,1.05773177984383,0.20523896120532162,0.7867142102352692,0.8851755420070464,0.18519892310152763,0.8524928186385083,0.21328578976473078,0.7784944977468411,1.0201244606754833,10,128
development,EMU00070049,RF off,0,300.0,446.0,6.042854,13.312407362,3.7346995808757377,4.139000415802002,1.6944539093887445,1.1064806888527217,0.1982164043519491,0.8786489335677188,0.9273427958967514,0.1778287103889708,0.9082642845007726,0.12135106643228122,0.6992321937322742,1.0024625026239304,10,128
development,EMU00070049,RF off,0,300.0,446.0,6.042854,13.312407362,3.7346995808757377,4.203000068664551,1.703202674377213,1.1254318493178264,0.21079010780589386,0.846863005169083,0.9330454670890453,0.21149964342357572,0.9146417415119326,0.15313699483091703,0.7593794670794741,1.0595787430884784,10,128
development,EMU00070049,RF off,0,300.0,446.0,6.042854,13.312407362,3.7346995808757377,4.267000198364258,1.7117009965536942,1.087146556067821,0.17836867028397602,0.6499625998743774,0.8749965990431205,0.24003205622053317,0.9087778857838451,0.35003740012562257,0.7385225657111901,1.0706694241356383,10,128
development,EMU00070049,RF off,0,300.0,446.0,6.042854,13.312407362,3.7346995808757377,4.331000328063965,1.7199559827106756,0.982240399032281,0.18747794806825935,0.7424542560205019,0.9184452837956576,0.24504727497258533,0.7947624509640216,0.25754574397949814,0.7042777854465757,1.0417407753907877,10,128
development,EMU00070049,RF off,0,300.0,446.0,6.042854,13.312407362,3.7346995808757377,4.394999980926514,1.7279745415107228,0.9665026466946264,0.20455679616744027,0.6091222195135355,0.8860641210346423,0.316098846885684,0.7619458505271861,0.3908777804864645,0.6975812249206258,0.9410459822904562,10,128
development,EMU00070049,RF off,0,300.0,446.0,6.042854,13.312407362,3.7346995808757377,4.459000110626221,1.7357635604366717,0.9898233379559783,0.17408040118099527,0.7487152081340593,0.843670543648262,0.2575584698825611,0.8157429367749831,0.25128479186594066,0.7659128220976228,0.8885988350068877,10,128
development,EMU00070049,RF off,0,300.0,446.0,6.042854,13.312407362,3.7346995808757377,4.523000240325928,1.7433295531202766,0.9697308790072775,0.17785912011976554,0.7165220500481059,0.8372135846568635,0.2855061431441662,0.7918717588875119,0.2834779499518941,0.7462392272364399,0.8603377174322168,10,128
development,EMU00070049,RF off,0,300.0,446.0,6.042854,13.312407362,3.7346995808757377,4.587000370025635,1.750678905565378,1.0028063945831538,0.16860850590672774,0.7806535872494961,0.8569099603484605,0.2824968662218706,0.8341978886764261,0.21934641275050393,0.7575576812192493,0.8613323478346271,10,128
development,EMU00070049,RF off,0,300.0,446.0,6.042854,13.312407362,3.7346995808757377,4.651000022888184,1.7578177685025949,0.9686743758845333,0.1748982078749018,0.6722804933689631,0.9027176281527467,0.22820579244990122,0.7937761680096316,0.3277195066310369,0.7980914482024519,0.8812734184050991,10,128
development,EMU00070049,RF off,0,300.0,446.0,6.042854,13.312407362,3.7346995808757377,4.715000152587891,1.7647522738063923,1.035325041443749,0.17774314501706617,0.7114127128096921,0.8877793467966558,0.21707784448358947,0.8575818964266828,0.2885872871903079,0.7382438906646454,0.953745698108486,10,128
development,EMU00070049,RF off,0,300.0,446.0,6.042854,13.312407362,3.7346995808757377,4.779000282287598,1.7714882205144122,1.02198809571266,0.15797372592511055,0.7126757905204542,0.9187651258401811,0.23800828611853003,0.8640143697875493,0.28732420947954584,0.644396698266295,1.0378773784449566,10,128
development,EMU00070049,RF off,0,300.0,446.0,6.042854,13.312407362,3.7346995808757377,4.843000411987305,1.7780312940381195,1.0168421101070566,0.1653265284659433,0.6845352109981617,0.9584407025054562,0.24678928418126722,0.8515155816411133,0.3154647890018383,0.6228003135964758,1.0443614024996053,10,128
development,EMU00070049,RF off,0,300.0,446.0,6.042854,13.312407362,3.7346995808757377,4.9070000648498535,1.7843869703269897,0.9837800901646361,0.16644809268257407,0.6915534629866136,0.9309288278265986,0.26206810267469555,0.817331997482062,0.3084465370133864,0.6054261374890317,1.0242288788240814,10,128
development,EMU00070049,RF off,0,300.0,446.0,6.042854,13.312407362,3.7346995808757377,4.9710001945495605,1.7905607085430049,0.9891057320801016,0.16938711479014595,0.6827405271482383,0.9742028962423723,0.3026468099207935,0.8197186172899555,0.3172594728517617,0.5753269279717272,1.0390190157013426,10,128
development,EMU00070049,RF off,0,300.0,446.0,6.042854,13.312407362,3.7346995808757377,5.035000324249268,1.7965576715260125,1.0074341617716327,0.16997838069242524,0.7648904755809933,0.9499488115464829,0.24733783010264657,0.8374557810792075,0.23510952441900668,0.5954089069569488,1.0615525876148975,10,128
development,EMU00070049,RF off,0,300.0,446.0,6.042854,13.312407362,3.7346995808757377,5.098999977111816,1.8023828781812998,1.0138062425399825,0.16459196456096242,0.6709616576154933,1.0020001275849708,0.24914228490221674,0.8492142779790202,0.3290383423845067,0.5139241428094773,0.9973295000713847,10,128
development,EMU00070049,RF off,0,300.0,446.0,6.042854,13.312407362,3.7346995808757377,5.163000106811523,1.8080413320278101,1.0185205542103577,0.17155547655306552,0.8997283858421306,0.933530566362134,0.23682669008822085,0.8469650776572921,0.10027161415786945,0.53098068545252,0.9608183416565331,10,128
development,EMU00070049,RF off,0,300.0,446.0,6.042854,13.312407362,3.7346995808757377,5.2270002365112305,1.8135377649945588,1.0205691643688477,0.18544175758976028,0.8450086683337337,0.929846987349479,0.250658023072319,0.8351274067790875,0.15499133166626633,0.44495786851590224,0.9402963179800579,10,128
development,EMU00070049,RF off,0,300.0,446.0,6.042854,13.312407362,3.7346995808757377,5.2910003662109375,1.818876816293279,0.9997174807737927,0.17674433358643105,0.7441913178759387,0.9732116503052318,0.25756994366673913,0.8229731471873617,0.25580868212406127,0.41072530822170794,0.931527183857995,10,128
development,EMU00070049,RF off,0,300.0,446.0,6.042854,13.312407362,3.7346995808757377,5.355000019073486,1.8240629542178166,0.9784886384817701,0.1884290808953778,0.5620801135073729,1.0130041842508566,0.411940038584398,0.7900595575863923,0.43791988649262714,0.4295059914240744,0.9749711520963464,10,128
development,EMU00070049,RF off,0,300.0,446.0,6.042854,13.312407362,3.7346995808757377,5.419000148773193,1.8291006333636712,0.9713736275874827,0.1949792549325955,0.5001486086240154,1.0512178355726118,0.45479775359734254,0.7763943726548872,0.49985139137598456,0.416309378950687,0.9798940831912257,10,128
development,EMU00070049,RF off,0,300.0,446.0,6.042854,13.312407362,3.7346995808757377,5.4830002784729,1.8339940665318595,0.9941959274090801,0.19508394401136855,0.6126355468725337,1.090141272146949,0.3795081761187056,0.7991119833977116,0.38736445312746626,0.4666250428413715,0.9629703780351484,10,128
development,EMU00070049,RF off,0,300.0,446.0,6.042854,13.312407362,3.7346995808757377,5.547000408172607,1.838747383977896,0.9834087737468569,0.20463344416952314,0.7896067555921173,1.059587346650475,0.257531384063072,0.7787753295773338,0.21039324440788265,0.506882230354508,1.0359040656192213,10,128
development,EMU00070049,RF off,0,300.0,446.0,6.042854,13.312407362,3.7346995808757377,5.611000061035156,1.8433645637903782,0.9778617674437967,0.176167435345353,0.707641424420949,1.1146875427027085,0.2740066221219086,0.8016943320984438,0.292358575579051,0.4399299202536754,1.0244340077640444,10,128
development,EMU00070049,RF off,0,300.0,446.0,6.042854,13.312407362,3.7346995808757377,5.675000190734863,1.8478495718623675,0.9747588372928262,0.1800773167186906,0.6524529872821363,1.126507058009468,0.30592618680367745,0.7946815205741355,0.3475470127178637,0.43560568633427516,1.0931617684271662,10,128
development,EMU00070049,RF off,0,300.0,446.0,6.042854,13.312407362,3.7346995808757377,5.73900032043457,1.8522061588191063,0.9959104358546537,0.17004135809320747,0.7346762837618364,1.1553410178993064,0.2344169104993927,0.8258690777614461,0.26532371623816364,0.533094049025634,1.0287367894194386,10,128
development,EMU00070049,RF off,0,300.0,446.0,6.042854,13.312407362,3.7346995808757377,5.802999973297119,1.8564379707223382,1.0048386372396436,0.18269222664762208,0.6917613185785862,1.1041670381981215,0.13746547347990823,0.8221464105920215,0.30823868142141375,0.5802789393189249,1.067740599308607,10,128
development,EMU00070049,RF off,0,300.0,446.0,6.042854,13.312407362,3.7346995808757377,5.867000102996826,1.8605486424561584,0.9532274300714806,0.18061605072418171,0.7390512679510034,1.0628311467111196,0.09337350970848278,0.7726113793472988,0.2609487320489966,0.5324819817640651,1.0474008679237494,10,128
development,EMU00070049,RF off,0,300.0,446.0,6.042854,13.312407362,3.7346995808757377,5.931000232696533,1.8645416116039377,1.0142516342873595,0.17062490999108781,0.8525322536902639,0.9734035968712035,0.051706970217366054,0.8436267242962717,0.14746774630973614,0.5748661047557178,1.0476198246128465,10,128
development,EMU00070049,RF off,0,300.0,446.0,6.042854,13.312407362,3.7346995808757377,5.99500036239624,1.8684202483931376,1.0324815115851649,0.16417984575180214,0.9382274690832304,0.9696383871040872,0.0399168776445807,0.8683016658333628,0.0617725309167696,0.5672927464183757,1.0366610355038963,10,128
development,EMU00070055,RF on,1,300.0,482.0,6.5306180000000005,14.386951454,3.846689017185395,2.2829999923706055,1.290480240652085,0.8493902607524495,0.8652712234722448,1.0035364659236725,1.0842704689555742,0.0858728538770835,0.015880962719795333,0.003536465923672516,1.1136750259700812,1.0136845250032513,10,128
development,EMU00070055,RF on,1,300.0,482.0,6.5306180000000005,14.386951454,3.846689017185395,2.3469998836517334,1.3107961426068178,0.8815637318402217,0.8210598074915234,0.994960327860215,1.0849183218076959,0.08592723752396984,0.060503924348698335,0.005039672139784956,1.1262721863092255,1.017910783815931,10,128
development,EMU00070055,RF on,1,300.0,482.0,6.5306180000000005,14.386951454,3.846689017185395,2.4110000133514404,1.3305304054176792,0.835378662513034,0.7823025476237717,1.0152681031258282,1.0824613432897114,0.08286549485932805,0.05307611488926234,0.015268103125828159,1.1277970610436965,1.0200522630327566,10,128
development,EMU00070055,RF on,1,300.0,482.0,6.5306180000000005,14.386951454,3.846689017185395,2.4749999046325684,1.3496995384347905,0.7517884540984276,0.7754254605450432,1.0256991461691713,1.0833732193192336,0.08357115382858217,0.023637006446615594,0.02569914616917135,1.1218388973908404,1.0205330784593887,10,128
development,EMU00070055,RF on,1,300.0,482.0,6.5306180000000005,14.386951454,3.846689017185395,2.5390000343322754,1.3683198640131937,0.7760002223820834,0.7694076775457638,1.0368077683955308,1.0913851999801425,0.09141296957067838,0.006592544836319658,0.03680776839553079,1.1336708545440262,1.0193346145263777,10,128
development,EMU00070055,RF on,1,300.0,482.0,6.5306180000000005,14.386951454,3.846689017185395,2.6029999256134033,1.3864069596019823,0.7978626970200521,0.7529258733462479,1.0275838376223336,1.0927855772849495,0.0928892629176132,0.04493682367380414,0.02758383762233363,1.163350210810818,1.0289986359221328,10,128
development,EMU00070055,RF on,1,300.0,482.0,6.5306180000000005,14.386951454,3.846689017185395,2.6670000553131104,1.4039762262104571,0.8652597900436482,0.7201856419043742,1.02760109177659,1.0911413929216822,0.09114253374784649,0.145074148139274,0.027601091776590092,1.1473145402152372,1.0325820409349808,10,128
development,EMU00070055,RF on,1,300.0,482.0,6.5306180000000005,14.386951454,3.846689017185395,2.7309999465942383,1.4210423619895745,0.879156410344901,0.6993159372966773,1.0595798679499193,1.0968459084318987,0.09738042809975019,0.1798404730482237,0.05957986794991932,1.1272808990898926,1.045880690395777,10,128
development,EMU00070055,RF on,1,300.0,482.0,6.5306180000000005,14.386951454,3.846689017185395,2.7950000762939453,1.4376198986099702,0.8920666610800296,0.6574266809785189,1.0696626897452202,1.0944535829745752,0.09585012326225376,0.23463998010151077,0.06966268974522016,1.1087553122225633,1.0444986831443508,10,128
development,EMU00070055,RF on,1,300.0,482.0,6.5306180000000005,14.386951454,3.846689017185395,2.8589999675750732,1.4537227045580847,0.9283156269222484,0.6294297102011258,1.0750677661283028,1.092184001386326,0.09350040930576184,0.29888591672112264,0.07506776612830279,1.0654666616705355,1.0546718086898594,10,128
development,EMU00070055,RF on,1,300.0,482.0,6.5306180000000005,14.386951454,3.846689017185395,2.922999858856201,1.4693644338095633,0.9354015864759593,0.6170037596981028,1.0190411301878033,1.092499843612579,0.0927442015362901,0.31839782677785644,0.01904113018780329,1.0383021376476975,1.0610535714646128,10,128
development,EMU00070055,RF on,1,300.0,482.0,6.5306180000000005,14.386951454,3.846689017185395,2.986999988555908,1.4845583443015913,0.9941384088347655,0.578447143741718,1.016857131769735,1.0970527047293108,0.0975584415093349,0.41569126509304744,0.016857131769735023,1.041680478719205,1.0481972829022903,10,128
development,EMU00070055,RF on,1,300.0,482.0,6.5306180000000005,14.386951454,3.846689017185395,3.050999879837036,1.4993171470024178,0.9951239082766598,0.552008651060408,1.0311165243535194,1.097152239475218,0.09722876113689119,0.4431152572162518,0.031116524353519415,1.0237845420846239,1.045245245354927,10,128
development,EMU00070055,RF on,1,300.0,482.0,6.5306180000000005,14.386951454,3.846689017185395,3.115000009536743,1.5136534089080294,1.0394096579779666,0.5230263235204557,1.035616143363167,1.0999275323115374,0.09995108290814347,0.5163833344575108,0.035616143363166985,1.0171022746363991,1.0531872966746323,10,128
development,EMU00070055,RF on,1,300.0,482.0,6.5306180000000005,14.386951454,3.846689017185395,3.178999900817871,1.5275791234923892,0.9854818771091955,0.49635501050865577,1.0363903561457861,1.0915541050510955,0.09204327985933043,0.4891268666005398,0.03639035614578612,0.9994429028253571,1.0535358263982721,10,128
development,EMU00070055,RF on,1,300.0,482.0,6.5306180000000005,14.386951454,3.846689017185395,3.243000030517578,1.5411061483839812,0.9709900828295644,0.4832946257795621,1.0512565861497358,1.0846525208002236,0.08465474806370937,0.48769545705000233,0.05125658614973583,1.006932461546441,1.0698983313326915,10,128
development,EMU00070055,RF on,1,300.0,482.0,6.5306180000000005,14.386951454,3.846689017185395,3.306999921798706,1.5542458000627855,0.9428428399277852,0.46735589012587575,1.0025647176497727,1.0753332921927272,0.07882088774932261,0.4754869498019094,0.0025647176497727298,0.9845917390220222,1.054094894576861,10,128
development,EMU00070055,RF on,1,300.0,482.0,6.5306180000000005,14.386951454,3.846689017185395,3.371000051498413,1.5670092668313529,0.9581712250612668,0.4203294839214935,1.0288993702788467,1.0660074783293345,0.06613053316762527,0.5378417411397733,0.028899370278846703,0.9681913995799651,1.0785776744882791,10,128
development,EMU00070055,RF on,1,300.0,482.0,6.5306180000000005,14.386951454,3.846689017185395,3.434999942779541,1.5794072263898669,0.9451135728720208,0.3791477590726068,1.036035100624396,1.0706309496834356,0.07257366686108045,0.565965813799414,0.036035100624395966,1.0185162695672363,1.0802458636826398,10,128
development,EMU00070055,RF on,1,300.0,482.0,6.5306180000000005,14.386951454,3.846689017185395,3.499000072479248,1.5914502354962952,0.90804194353475,0.3727333691382128,0.9773523264971982,1.0552262176327847,0.05786484472785076,0.5353085743965371,0.022647673502801835,1.0226945388964932,1.0494211049431703,10,128
development,EMU00070055,RF on,1,300.0,482.0,6.5306180000000005,14.386951454,3.846689017185395,3.562999963760376,1.60314836912814,0.9087638977622012,0.3457718062389482,1.0304673082208247,1.0404273268521367,0.04042746810139661,0.562992091523253,0.030467308220824663,1.048378537471601,1.0839579347316621,10,128
development,EMU00070055,RF on,1,300.0,482.0,6.5306180000000005,14.386951454,3.846689017185395,3.626999855041504,1.614511546428203,0.9459450061427032,0.30929203593099147,1.039852131902234,1.0137596031058087,0.01844986976163191,0.6366529702117116,0.03985213190223402,1.071074816065166,1.115985644117813,10,128
development,EMU00070055,RF on,1,300.0,482.0,6.5306180000000005,14.386951454,3.846689017185395,3.690999984741211,1.6255493988309917,0.962246619231689,0.27619161982584073,1.1045038119523234,0.9913403575654449,0.02036096716455337,0.6860549994058482,0.10450381195232339,1.0690686850429925,1.0760068440742476,10,128
development,EMU00070055,RF on,1,300.0,482.0,6.5306180000000005,14.386951454,3.846689017185395,3.754999876022339,1.6362711604169293,0.9931552937928471,0.2661133240955921,1.090576159914403,0.9490962883455425,0.052971725640330376,0.727041969697255,0.09057615991440304,1.0184538687411762,1.077871541040487,10,128
development,EMU00070055,RF on,1,300.0,482.0,6.5306180000000005,14.386951454,3.846689017185395,3.819000005722046,1.6466859606755517,0.986341349505966,0.26021937496679093,1.0423519303335267,0.9163770937352429,0.08668130152131964,0.726121974539175,0.04235193033352669,1.020464812823755,1.068909195947234,10,128
development,EMU00070055,RF on,1,300.0,482.0,6.5306180000000005,14.386951454,3.846689017185395,3.883000135421753,1.6568025495947836,0.9634241587015641,0.23872269937498392,1.0468085453469684,0.8713889846694551,0.12895689292142115,0.7247014593265801,0.04680854534696843,1.0256812087084117,1.0538916768276878,10,128
development,EMU00070055,RF on,1,300.0,482.0,6.5306180000000005,14.386951454,3.846689017185395,3.9469997882843018,1.666629393827122,0.9255247071125321,0.2359187349666534,1.0556189077938112,0.9110110340014786,0.08916653552577988,0.6896059721458787,0.05561890779381118,1.0418763842537015,1.1061818506766707,10,128
development,EMU00070055,RF on,1,300.0,482.0,6.5306180000000005,14.386951454,3.846689017185395,4.011000156402588,1.6761749691148449,0.9322333605258704,0.2026823981230284,1.1864438152893695,0.9134548915823637,0.1178743455930636,0.729550962402842,0.18644381528936949,1.0082842629452298,1.1011215152887612,10,128
development,EMU00070055,RF on,1,300.0,482.0,6.5306180000000005,14.386951454,3.846689017185395,4.075000286102295,1.6854471869001517,0.9324205590166628,0.17841436976162728,0.8227079850166032,0.8589767673708718,0.15581749076982743,0.7540061892550355,0.17729201498339675,0.9230818597678827,1.0821979368353278,10,128
development,EMU00070055,RF on,1,300.0,482.0,6.5306180000000005,14.386951454,3.846689017185395,4.139000415802002,1.6944539093887445,1.0275113005978278,0.1534708325909467,0.8889764160322864,0.9214850561704134,0.09035394885431977,0.8740404680068811,0.11102358396771361,0.9165628150309487,1.0712770272323002,10,128
development,EMU00070055,RF on,1,300.0,482.0,6.5306180000000005,14.386951454,3.846689017185395,4.203000068664551,1.703202674377213,0.9756858337839134,0.14975638582225806,0.9710331390423841,0.8932295351599817,0.1429882665583615,0.8259294479616553,0.028966860957615914,0.9042534667272906,1.0353171448784397,10,128
development,EMU00070055,RF on,1,300.0,482.0,6.5306180000000005,14.386951454,3.846689017185395,4.267000198364258,1.7117009965536942,0.9423810406228754,0.15688703376082735,0.8322910844957834,0.8946341327065566,0.10665496838081424,0.7854940068620481,0.16770891550421663,0.768692354298177,1.0486296666637054,10,128
development,EMU00070055,RF on,1,300.0,482.0,6.5306180000000005,14.386951454,3.846689017185395,4.331000328063965,1.7199559827106756,0.9497998909689284,0.15100477379613603,0.9736792715529569,0.8662675749710255,0.13411562564833326,0.7987951171727923,0.02632072844704314,0.704811597880135,0.9826644758672116,10,128
development,EMU00070055,RF on,1,300.0,482.0,6.5306180000000005,14.386951454,3.846689017185395,4.394999980926514,1.7279745415107228,1.0045338641733332,0.14721705757194795,1.0122915130080663,0.8232416500026347,0.18543044475208084,0.8573168066013853,0.012291513008066302,0.7466294347591339,1.0403140816734306,10,128
development,EMU00070055,RF on,1,300.0,482.0,6.5306180000000005,14.386951454,3.846689017185395,4.459000110626221,1.7357635604366717,1.0161339217257062,0.13437507612962024,0.8825117908968529,0.8051373244351632,0.22667370762869632,0.8817588455960859,0.11748820910314706,0.7025381250321612,1.0485229049348703,10,128
development,EMU00070055,RF on,1,300.0,482.0,6.5306180000000005,14.386951454,3.846689017185395,4.523000240325928,1.7433295531202766,1.0068548352437177,0.1523265618110345,0.8362421829379307,0.791545045843414,0.24636791900704968,0.8545282734326831,0.16375781706206927,0.7290170959541404,1.0463914333179893,10,128
development,EMU00070055,RF on,1,300.0,482.0,6.5306180000000005,14.386951454,3.846689017185395,4.587000370025635,1.750678905565378,1.0535886075782672,0.16515126520503715,0.7633753748588744,0.787257135096637,0.30477535634574593,0.8884373423732301,0.2366246251411256,0.6796000564948503,1.0352198902655068,10,128
development,EMU00070055,RF on,1,300.0,482.0,6.5306180000000005,14.386951454,3.846689017185395,4.651000022888184,1.7578177685025949,0.999519697357822,0.14969658868639585,0.8115130346101296,0.7806115136648198,0.26090567276418114,0.8498231086714261,0.18848696538987042,0.6447822317968687,0.9988364988831491,10,128
development,EMU00070055,RF on,1,300.0,482.0,6.5306180000000005,14.386951454,3.846689017185395,4.715000152587891,1.7647522738063923,0.9534920723250704,0.13042712473504334,0.828856647351903,0.814547190914129,0.21839555183419862,0.823064947590027,0.171143352648097,0.6465273783805543,1.0110637605484223,10,128
development,EMU00070055,RF on,1,300.0,482.0,6.5306180000000005,14.386951454,3.846689017185395,4.779000282287598,1.7714882205144122,0.9201050726233085,0.12427489254825795,0.9061559017713188,0.7732639627567508,0.23887112577752828,0.7958301800750506,0.09384409822868123,0.5909242806391526,1.0514892008282923,10,128
development,EMU00070055,RF on,1,300.0,482.0,6.5306180000000005,14.386951454,3.846689017185395,4.843000411987305,1.7780312940381195,0.8420583464040627,0.1338802407713587,0.9521522651513332,0.7171789037616287,0.2845435511672227,0.708178105632704,0.04784773484866678,0.733471581147249,1.0356771080491463,10,128
development,EMU00070055,RF on,1,300.0,482.0,6.5306180000000005,14.386951454,3.846689017185395,4.9070000648498535,1.7843869703269897,0.9056226275528348,0.14637406385148888,1.035941520938142,0.8381982384848252,0.17754864118710342,0.759248563701346,0.03594152093814196,0.6594366893324768,0.9822534664601235,10,128
development,EMU00070055,RF on,1,300.0,482.0,6.5306180000000005,14.386951454,3.846689017185395,4.9710001945495605,1.7905607085430049,0.9177815475740921,0.1544069641287561,0.9718984865650195,0.7877963698783359,0.2226742265178186,0.763374583445336,0.028101513434980463,0.6270966873245796,1.0390327363944616,10,128
development,EMU00070055,RF on,1,300.0,482.0,6.5306180000000005,14.386951454,3.846689017185395,5.035000324249268,1.7965576715260125,0.9512477342822993,0.15335760781704963,0.9606678193248854,0.7848620763383877,0.22424855377617606,0.7978901264652496,0.03933218067511457,0.615254468083803,1.0114229556205223,10,128
development,EMU00070055,RF on,1,300.0,482.0,6.5306180000000005,14.386951454,3.846689017185395,5.098999977111816,1.8023828781812998,0.9604881580288975,0.15021917246672045,0.9942683432860746,0.8494236954749456,0.18356508704713337,0.8102689855621771,0.005731656713925393,0.6181512774650251,0.9937461373098195,10,128
development,EMU00070055,RF on,1,300.0,482.0,6.5306180000000005,14.386951454,3.846689017185395,5.163000106811523,1.8080413320278101,0.9711367536192462,0.13840712960108525,1.0156051251096871,0.8452628112856706,0.1749182487971882,0.832729624018161,0.015605125109687146,0.6949649663333867,1.026256923426471,10,128
development,EMU00070055,RF on,1,300.0,482.0,6.5306180000000005,14.386951454,3.846689017185395,5.2270002365112305,1.8135377649945588,0.9663086450903853,0.13926468291608313,1.1489977522269346,0.9367342263522872,0.18436428995462772,0.8270439621743022,0.14899775222693457,0.6700968014887991,1.0348691097786022,10,128
development,EMU00070055,RF on,1,300.0,482.0,6.5306180000000005,14.386951454,3.846689017185395,5.2910003662109375,1.818876816293279,0.9573283447107392,0.13982481219268997,1.1790050422232496,0.9013899474324186,0.1870351584420795,0.8175035325180493,0.17900504222324964,0.6360155207690361,1.0711535044043243,10,128
development,EMU00070055,RF on,1,300.0,482.0,6.5306180000000005,14.386951454,3.846689017185395,5.355000019073486,1.8240629542178166,0.9686647308696049,0.14418630170575358,0.96966361535256,0.9101092645605919,0.1464875006298993,0.8244784291638514,0.03033638464744004,0.5471293873709782,1.0905707453680495,10,128
development,EMU00070055,RF on,1,300.0,482.0,6.5306180000000005,14.386951454,3.846689017185395,5.419000148773193,1.8291006333636712,1.018622520109721,0.13625915987589154,0.9468931006597509,0.8909569757148648,0.12404990826011993,0.8823633602338294,0.05310689934024915,0.5830853968706129,1.0901232855821554,10,128
development,EMU00070055,RF on,1,300.0,482.0,6.5306180000000005,14.386951454,3.846689017185395,5.4830002784729,1.8339940665318595,1.0285561705968915,0.12977294714533863,1.0116541154022145,0.88799169620723,0.13405624202048158,0.8987832234515529,0.011654115402214504,0.4683333428820683,1.0470820086889967,10,128
development,EMU00070055,RF on,1,300.0,482.0,6.5306180000000005,14.386951454,3.846689017185395,5.547000408172607,1.838747383977896,1.0273711951105762,0.1593211284664798,1.166726869919207,0.9398675035701235,0.14822771488928205,0.8680500666440963,0.16672686991920704,0.6893142143140609,1.029699458729581,10,128
development,EMU00070055,RF on,1,300.0,482.0,6.5306180000000005,14.386951454,3.846689017185395,5.611000061035156,1.8433645637903782,1.0478867851927132,0.15847957313596667,1.1102890620676191,1.0084426358303817,0.11195890169762472,0.8894072120567464,0.11028906206761913,0.6234564947769317,1.0376197632648152,10,128
development,EMU00070055,RF on,1,300.0,482.0,6.5306180000000005,14.386951454,3.846689017185395,5.675000190734863,1.8478495718623675,1.0731974948850154,0.1586662772935229,1.2171260462431883,0.9519676885911352,0.1564510845709067,0.9145312175914925,0.21712604624318832,0.5813275979929966,1.0309132113967199,10,128
development,EMU00070055,RF on,1,300.0,482.0,6.5306180000000005,14.386951454,3.846689017185395,5.73900032043457,1.8522061588191063,1.072143055732164,0.1391265686949601,1.1342540080958476,0.939143241378735,0.12309798072835289,0.933016487037204,0.13425400809584764,0.5862115429067946,1.026579945571247,10,128
development,EMU00070055,RF on,1,300.0,482.0,6.5306180000000005,14.386951454,3.846689017185395,5.802999973297119,1.8564379707223382,1.0330644163019023,0.16424050964567127,1.0328333428351288,0.8784071894816772,0.16884794971793798,0.868823906656231,0.03283334283512884,0.5703519435410219,1.0173911092903705,10,128
development,EMU00070055,RF on,1,300.0,482.0,6.5306180000000005,14.386951454,3.846689017185395,5.867000102996826,1.8605486424561584,1.0548117732237299,0.14893040773823696,1.091303786672033,0.8906694538121158,0.15179606945149032,0.9058813654854929,0.09130378667203298,0.5687794785014197,0.994110021495795,10,128
development,EMU00070055,RF on,1,300.0,482.0,6.5306180000000005,14.386951454,3.846689017185395,5.931000232696533,1.8645416116039377,1.0089747799225943,0.17721985903575044,1.0432635491591773,0.8883807181999726,0.15588083309589074,0.8317549208868439,0.043263549159177295,0.5166887620207821,0.9658622042642037,10,128
development,EMU00070055,RF on,1,300.0,482.0,6.5306180000000005,14.386951454,3.846689017185395,5.99500036239624,1.8684202483931376,0.9929092861472443,0.16215574618422546,1.1077382376067968,0.9269988110470827,0.1520814937952657,0.8307535399630188,0.1077382376067968,0.5074442255016707,0.9888134058645499,10,128
development,EMU00070055,RF off,0,300.0,482.0,6.5306180000000005,14.386951454,3.846689017185395,2.2829999923706055,1.290480240652085,0.7377382844133435,1.0562342591941247,0.979107238131982,1.0843878417107713,0.0855746203511926,0.3184959747807812,0.020892761868018028,1.0480774666548411,1.01970641312812,10,128
development,EMU00070055,RF off,0,300.0,482.0,6.5306180000000005,14.386951454,3.846689017185395,2.3469998836517334,1.3107961426068178,0.7076034045116616,1.0397174848939825,0.9928584847577425,1.0868960179062968,0.08744973928279495,0.33211408038232093,0.007141515242257479,1.061802262327587,1.0207963907492013,10,128
development,EMU00070055,RF off,0,300.0,482.0,6.5306180000000005,14.386951454,3.846689017185395,2.4110000133514404,1.3305304054176792,0.7287812846060068,1.0100219486503896,0.9873494478168254,1.085551712985049,0.08701287216360223,0.28124066404438286,0.012650552183174568,1.0544428496075064,1.0174128530200355,10,128
development,EMU00070055,RF off,0,300.0,482.0,6.5306180000000005,14.386951454,3.846689017185395,2.4749999046325684,1.3496995384347905,0.72797713861491,0.988954807021387,0.9903981877164729,1.0826916515778366,0.08418406436485931,0.26097766840647707,0.009601812283527078,1.0286583104022835,1.0135933192304285,10,128
development,EMU00070055,RF off,0,300.0,482.0,6.5306180000000005,14.386951454,3.846689017185395,2.5390000343322754,1.3683198640131937,0.7843775588689396,0.9377929227525953,0.9905191103396684,1.08231675541946,0.084347259382751,0.15341536388365573,0.00948088966033156,1.0180211913536041,1.0117305189172585,10,128
development,EMU00070055,RF off,0,300.0,482.0,6.5306180000000005,14.386951454,3.846689017185395,2.6029999256134033,1.3864069596019823,0.7956624662801823,0.89763717170285,0.9813212754292118,1.0808536012636731,0.08396912133886043,0.10197470542266762,0.01867872457078823,1.0277116603298855,1.0117568495983207,10,128
development,EMU00070055,RF off,0,300.0,482.0,6.5306180000000005,14.386951454,3.846689017185395,2.6670000553131104,1.4039762262104571,0.8441840991575815,0.8586127069252241,1.0085939160886592,1.0824152024324696,0.08444750575092813,0.014428607767642543,0.008593916088659226,1.035320094047583,1.0017569446387182,10,128
development,EMU00070055,RF off,0,300.0,482.0,6.5306180000000005,14.386951454,3.846689017185395,2.7309999465942383,1.4210423619895745,0.8458644873692355,0.8045224143897117,1.0058576681736278,1.0868951972359184,0.08823331157052723,0.04134207297952375,0.005857668173627761,1.0202802109184888,1.0017642672968083,10,128
development,EMU00070055,RF off,0,300.0,482.0,6.5306180000000005,14.386951454,3.846689017185395,2.7950000762939453,1.4376198986099702,0.9149236385227834,0.7571301725421329,0.9886938402978112,1.077493627232894,0.07946162766326345,0.15779346598065047,0.011306159702188845,1.0007078916888414,1.0080055690237901,10,128
development,EMU00070055,RF off,0,300.0,482.0,6.5306180000000005,14.386951454,3.846689017185395,2.8589999675750732,1.4537227045580847,0.9441326153040367,0.7194985006547876,1.00622962202478,1.0856366195456162,0.08811592737008582,0.2246341146492491,0.006229622024779946,0.9921551253623428,1.0027287728626264,10,128
development,EMU00070055,RF off,0,300.0,482.0,6.5306180000000005,14.386951454,3.846689017185395,2.922999858856201,1.4693644338095633,0.903220561360289,0.6783765621259809,1.000218144926468,1.0681770351907276,0.06994756175285034,0.2248439992343082,0.0002181449264679891,0.9868471798564772,1.0021219914405202,10,128
development,EMU00070055,RF off,0,300.0,482.0,6.5306180000000005,14.386951454,3.846689017185395,2.986999988555908,1.4845583443015913,1.0248280421856355,0.6507163350695713,1.015987666135671,1.0815496645465683,0.08217202980419833,0.37411170711606423,0.01598766613567104,1.0010778350207332,0.9976314932606161,10,128
development,EMU00070055,RF off,0,300.0,482.0,6.5306180000000005,14.386951454,3.846689017185395,3.050999879837036,1.4993171470024178,1.0313765731293891,0.5830592121213165,1.0272496379065277,1.07388024115676,0.07555635064822087,0.4483173610080726,0.02724963790652768,1.012200709071553,0.990307179020232,10,128
development,EMU00070055,RF off,0,300.0,482.0,6.5306180000000005,14.386951454,3.846689017185395,3.115000009536743,1.5136534089080294,1.0859610497344903,0.5771035609671958,1.0324711076087176,1.0814880314298028,0.08253076990903176,0.5088574887672944,0.03247110760871763,1.0021883632586883,0.9966474484965698,10,128
development,EMU00070055,RF off,0,300.0,482.0,6.5306180000000005,14.386951454,3.846689017185395,3.178999900817871,1.5275791234923892,1.049900822108318,0.579895933297097,1.0140189746457562,1.0840630709199688,0.08567605583441558,0.47000488881122093,0.014018974645756188,1.0319975403592312,0.9851241535487245,10,128
development,EMU00070055,RF off,0,300.0,482.0,6.5306180000000005,14.386951454,3.846689017185395,3.243000030517578,1.5411061483839812,0.9036492865325315,0.524037849920651,1.0134336619475859,1.0972299144361568,0.09766730381049565,0.37961143661188046,0.013433661947585884,1.0260154111627777,0.982618785561899,10,128
development,EMU00070055,RF off,0,300.0,482.0,6.5306180000000005,14.386951454,3.846689017185395,3.306999921798706,1.5542458000627855,0.9756222940453626,0.5164301793735331,1.0292714634917233,1.0897453795983059,0.09097300433673813,0.4591921146718295,0.02927146349172327,1.0042385554961233,0.986081883520453,10,128
development,EMU00070055,RF off,0,300.0,482.0,6.5306180000000005,14.386951454,3.846689017185395,3.371000051498413,1.5670092668313529,1.0151807105281379,0.4962572640789382,1.0050795679282296,1.0991243160592545,0.10271937393908506,0.5189234464491996,0.005079567928229611,0.9226288436785679,0.9890267120982998,10,128
development,EMU00070055,RF off,0,300.0,482.0,6.5306180000000005,14.386951454,3.846689017185395,3.434999942779541,1.5794072263898669,1.0497665908586467,0.4418519230673053,1.0024809279925402,1.1041142115628135,0.10820220197019241,0.6079146677913414,0.002480927992540183,0.9316891232831692,0.9663697313556284,10,128
development,EMU00070055,RF off,0,300.0,482.0,6.5306180000000005,14.386951454,3.846689017185395,3.499000072479248,1.5914502354962952,1.0727854055255936,0.4151975764575859,1.0212874411096895,1.0986828333269272,0.10076502103585072,0.6575878290680077,0.021287441109689498,0.9130553548807798,0.9770007931688722,10,128
development,EMU00070055,RF off,0,300.0,482.0,6.5306180000000005,14.386951454,3.846689017185395,3.562999963760376,1.60314836912814,1.031626768924734,0.3910173080864989,1.0337580124361396,1.119724573583514,0.12420942012800477,0.6406094608382351,0.03375801243613963,0.8492615482913853,0.9584705269591716,10,128
development,EMU00070055,RF off,0,300.0,482.0,6.5306180000000005,14.386951454,3.846689017185395,3.626999855041504,1.614511546428203,1.0764611248104967,0.3607580262313185,1.0334796389273446,1.0948817592243967,0.09842700601903483,0.7157030985791782,0.033479638927344624,0.7465315937631821,0.9740139820133389,10,128
development,EMU00070055,RF off,0,300.0,482.0,6.5306180000000005,14.386951454,3.846689017185395,3.690999984741211,1.6255493988309917,1.0424058558226854,0.31099760578246405,1.0257689674366945,1.1471092593981038,0.16718940028022924,0.7314082500402214,0.025768967436694545,0.722967065474389,1.0000590499102167,10,128
development,EMU00070055,RF off,0,300.0,482.0,6.5306180000000005,14.386951454,3.846689017185395,3.754999876022339,1.6362711604169293,1.1139616154916696,0.2717690965016933,0.9459366074180006,1.0895434833790087,0.13386951866326066,0.8421925189899764,0.05406339258199944,0.6548187318467242,1.0175268618628173,10,128
development,EMU00070055,RF off,0,300.0,482.0,6.5306180000000005,14.386951454,3.846689017185395,3.819000005722046,1.6466859606755517,1.121114981102891,0.2269612064616212,0.8923979951351737,1.1513344524690876,0.18846236741864938,0.8941537746412699,0.1076020048648263,0.5973552749583694,0.9841391057561183,10,128
development,EMU00070055,RF off,0,300.0,482.0,6.5306180000000005,14.386951454,3.846689017185395,3.883000135421753,1.6568025495947836,1.0669257048333698,0.1944984593492855,0.8520471252476609,1.1208972390104919,0.16630183416892744,0.8724272454840842,0.1479528747523391,0.5592191415286651,0.9727373383451524,10,128
development,EMU00070055,RF off,0,300.0,482.0,6.5306180000000005,14.386951454,3.846689017185395,3.9469997882843018,1.666629393827122,1.0126008015747383,0.1945529166010186,0.6807327459374224,1.0479943326588106,0.2067253659128624,0.8180478849737197,0.3192672540625776,0.5678510317788943,0.9304173479282976,10,128
development,EMU00070055,RF off,0,300.0,482.0,6.5306180000000005,14.386951454,3.846689017185395,4.011000156402588,1.6761749691148449,0.9474901270760172,0.1541196933169198,0.9521713993001335,0.9239319296948604,0.1113354492147352,0.7933704337590974,0.0478286006998665,0.4452636600719152,0.9820766967215124,10,128
development,EMU00070055,RF off,0,300.0,482.0,6.5306180000000005,14.386951454,3.846689017185395,4.075000286102295,1.6854471869001517,0.9501846360617994,0.16201519389664076,0.9197585288971618,0.8666391369933707,0.1480872240582646,0.7881694421651586,0.08024147110283819,0.5203413862247591,0.9798446168944527,10,128
development,EMU00070055,RF off,0,300.0,482.0,6.5306180000000005,14.386951454,3.846689017185395,4.139000415802002,1.6944539093887445,0.9620454464760112,0.13913480151599644,0.8840717908183529,0.8070010362127322,0.24170552105461973,0.8229106449600148,0.11592820918164715,0.5067709913938218,0.9678851109670361,10,128
development,EMU00070055,RF off,0,300.0,482.0,6.5306180000000005,14.386951454,3.846689017185395,4.203000068664551,1.703202674377213,0.9907361102632531,0.1483079033142582,0.8091133038098388,0.8775817047422834,0.27559515243431754,0.842428206948995,0.1908866961901612,0.5320178136277243,0.9950417692911229,10,128
development,EMU00070055,RF off,0,300.0,482.0,6.5306180000000005,14.386951454,3.846689017185395,4.267000198364258,1.7117009965536942,1.0333226553960233,0.1325790267654209,0.5883010041074367,0.9392292227991137,0.4422323547057074,0.9007436286306024,0.4116989958925633,0.43121783297943406,1.013186779743193,10,128
development,EMU00070055,RF off,0,300.0,482.0,6.5306180000000005,14.386951454,3.846689017185395,4.331000328063965,1.7199559827106756,1.0811811889884306,0.14592290857793463,0.47280108118646635,1.0472862753532528,0.5240825042303864,0.935258280410496,0.5271989188135336,0.4418237802654047,1.0122815829150869,10,128
development,EMU00070055,RF off,0,300.0,482.0,6.5306180000000005,14.386951454,3.846689017185395,4.394999980926514,1.7279745415107228,1.1192195996393377,0.14767544575042224,0.484739108467265,1.0102889392948147,0.5511691710277312,0.9715441538889155,0.515260891532735,0.46052490446719463,0.984702424462089,10,128
development,EMU00070055,RF off,0,300.0,482.0,6.5306180000000005,14.386951454,3.846689017185395,4.459000110626221,1.7357635604366717,1.1247939854737243,0.1444016461673369,0.5032695588677005,1.0321849871743678,0.5416115463629211,0.9803923393063875,0.49673044113229947,0.6016649577257571,1.0018187681493136,10,128
development,EMU00070055,RF off,0,300.0,482.0,6.5306180000000005,14.386951454,3.846689017185395,4.523000240325928,1.7433295531202766,1.1977347656421364,0.17296486654997645,0.45683825321006455,1.0959667756195588,0.6254382734352006,1.0247698990921599,0.5431617467899355,0.5793721816644808,0.9690302389631541,10,128
development,EMU00070055,RF off,0,300.0,482.0,6.5306180000000005,14.386951454,3.846689017185395,4.587000370025635,1.750678905565378,1.2064847785892794,0.19524515239106843,0.40861152043794735,1.0354519431655067,0.712697137869913,1.0112396261982108,0.5913884795620526,0.5489989513661979,0.9900625315732268,10,128
development,EMU00070055,RF off,0,300.0,482.0,6.5306180000000005,14.386951454,3.846689017185395,4.651000022888184,1.7578177685025949,1.2043571099132295,0.1810652282227671,0.33661971955005,1.2175097900407092,0.7560202126013431,1.0232918816904624,0.66338028044995,0.5707495126687392,0.9968590321517574,10,128
development,EMU00070055,RF off,0,300.0,482.0,6.5306180000000005,14.386951454,3.846689017185395,4.715000152587891,1.7647522738063923,1.1419449188193245,0.18996212994094308,0.38786685790820824,1.3174887001834046,0.7806230975511733,0.9519827888783814,0.6121331420917917,0.5855698284863586,1.0108138772290083,10,128
development,EMU00070055,RF off,0,300.0,482.0,6.5306180000000005,14.386951454,3.846689017185395,4.779000282287598,1.7714882205144122,1.153357823890579,0.20580791228731773,0.4265014825394202,1.262454733220868,0.7716466748070281,0.9475499116032613,0.5734985174605798,0.5893547078544716,0.9458772336375565,10,128
development,EMU00070055,RF off,0,300.0,482.0,6.5306180000000005,14.386951454,3.846689017185395,4.843000411987305,1.7780312940381195,1.0962279616296988,0.1755687242463314,0.3335062318669177,1.2267969123296172,0.7528904944283572,0.9206592373833674,0.6664937681330823,0.6206539746965947,0.9316510398228426,10,128
development,EMU00070055,RF off,0,300.0,482.0,6.5306180000000005,14.386951454,3.846689017185395,4.9070000648498535,1.7843869703269897,1.1361648467574446,0.18526081246741008,0.34226240432645627,1.208062320842532,0.7867603320891902,0.9509040342900345,0.6577375956735437,0.7054399788344423,0.9386578965730676,10,128
development,EMU00070055,RF off,0,300.0,482.0,6.5306180000000005,14.386951454,3.846689017185395,4.9710001945495605,1.7905607085430049,1.0556575305854687,0.17824177799407198,0.31744952577623975,1.206314998250092,0.7460478079815197,0.8774157525913968,0.6825504742237603,0.6273505411515865,1.0129514148319194,10,128
development,EMU00070055,RF off,0,300.0,482.0,6.5306180000000005,14.386951454,3.846689017185395,5.035000324249268,1.7965576715260125,1.1328413619733397,0.18164426355194696,0.3276248359336581,1.2322140884477732,0.7306980877956785,0.9511970984213928,0.6723751640663419,0.6127030894478551,0.9843580664035572,10,128
development,EMU00070055,RF off,0,300.0,482.0,6.5306180000000005,14.386951454,3.846689017185395,5.098999977111816,1.8023828781812998,1.181938292898465,0.1833060107520188,0.3274551285422895,1.2172155578730153,0.750831363707968,0.9986322821464462,0.6725448714577105,0.5685670972314876,0.9821842916507504,10,128
development,EMU00070055,RF off,0,300.0,482.0,6.5306180000000005,14.386951454,3.846689017185395,5.163000106811523,1.8080413320278101,1.2030700424432874,0.1915790135622728,0.2817238854498598,1.1740462802510292,0.7852902718979454,1.0114910288810146,0.7182761145501402,0.4432415191222483,0.9517423849738675,10,128
development,EMU00070055,RF off,0,300.0,482.0,6.5306180000000005,14.386951454,3.846689017185395,5.2270002365112305,1.8135377649945588,1.1529970058847037,0.20365753217132415,0.26692842794272625,1.1563694854789193,0.7749182696228125,0.9493394737133796,0.7330715720572738,0.4234491661836117,0.9413461414736338,10,128
development,EMU00070055,RF off,0,300.0,482.0,6.5306180000000005,14.386951454,3.846689017185395,5.2910003662109375,1.818876816293279,1.1575424051286942,0.19206012397285055,0.2841138386747943,1.154075218041305,0.7446741170603468,0.9654822811558437,0.7158861613252057,0.45929927957445915,0.8799359270061076,10,128
development,EMU00070055,RF off,0,300.0,482.0,6.5306180000000005,14.386951454,3.846689017185395,5.355000019073486,1.8240629542178166,1.1105384856067968,0.20925601760641532,0.28770954325900816,1.189798686966488,0.7271734921690975,0.9012824680003815,0.7122904567409918,0.4888485409224105,0.8517599145883503,10,128
development,EMU00070055,RF off,0,300.0,482.0,6.5306180000000005,14.386951454,3.846689017185395,5.419000148773193,1.8291006333636712,1.047432523177021,0.2165160197534948,0.2738734494465689,1.1394308311578827,0.6745958048770659,0.8309165034235262,0.7261265505534311,0.46075667165255274,0.8690880037529007,10,128
development,EMU00070055,RF off,0,300.0,482.0,6.5306180000000005,14.386951454,3.846689017185395,5.4830002784729,1.8339940665318595,1.0498434497680358,0.20179750584254896,0.27902003129712916,1.0767841069393713,0.7435653077809318,0.8480459439254868,0.7209799687028708,0.387555116043127,0.9093383965224764,10,128
development,EMU00070055,RF off,0,300.0,482.0,6.5306180000000005,14.386951454,3.846689017185395,5.547000408172607,1.838747383977896,1.0317280430703464,0.20731222944256805,0.28403600602533774,1.109110480414674,0.6649447472610521,0.8244158136277784,0.7159639939746623,0.3560109312471802,0.9781253549387352,10,128
development,EMU00070055,RF off,0,300.0,482.0,6.5306180000000005,14.386951454,3.846689017185395,5.611000061035156,1.8433645637903782,1.0305530076132938,0.23071346007694854,0.3853711203491965,1.0911204750119825,0.7426107053421694,0.7998395475363453,0.6146288796508035,0.384683094371241,0.9818268758666089,10,128
development,EMU00070055,RF off,0,300.0,482.0,6.5306180000000005,14.386951454,3.846689017185395,5.675000190734863,1.8478495718623675,1.04528084287536,0.2336157633341401,0.37543567214927553,1.1014401072628843,0.7510322560510944,0.8116650795412198,0.6245643278507245,0.30282282869276855,0.944665411409213,10,128
development,EMU00070055,RF off,0,300.0,482.0,6.5306180000000005,14.386951454,3.846689017185395,5.73900032043457,1.8522061588191063,1.1069644704900934,0.22994064303969147,0.302006391524463,1.1014393060951708,0.7737624810213038,0.8770238274504019,0.6979936084755369,0.33915469185511377,0.9879837575099968,10,128
development,EMU00070055,RF off,0,300.0,482.0,6.5306180000000005,14.386951454,3.846689017185395,5.802999973297119,1.8564379707223382,1.0971179687873114,0.2180155951716361,0.2934802642815653,1.120787354768201,0.7953030869647597,0.8791023736156753,0.7065197357184347,0.36320934876267663,0.968036496625335,10,128
development,EMU00070055,RF off,0,300.0,482.0,6.5306180000000005,14.386951454,3.846689017185395,5.867000102996826,1.8605486424561584,1.114801721724279,0.2013928761539971,0.38287203720868385,1.1923216321675074,0.7317493572527037,0.9134088455702818,0.6171279627913162,0.32355979169332216,0.9795630311952594,10,128
development,EMU00070055,RF off,0,300.0,482.0,6.5306180000000005,14.386951454,3.846689017185395,5.931000232696533,1.8645416116039377,1.1223927492303065,0.1945539176131436,0.4405830688882374,1.1815999707544012,0.7209966659686026,0.9278388316171629,0.5594169311117626,0.3217516837105904,0.9481473455735541,10,128
development,EMU00070055,RF off,0,300.0,482.0,6.5306180000000005,14.386951454,3.846689017185395,5.99500036239624,1.8684202483931376,1.1430911212984007,0.24249758748489655,0.3591477489068551,1.2448046384983749,0.7773777651410345,0.9005935338135042,0.6408522510931449,0.2874621161584715,0.9507186137560637,10,128
