variant,tick,progress,unwrapped,x_position,x_motion
gradual reference,0,0.0,0.0,0.0,1.0
gradual reference,1,0.0013020833333333333,0.006510416666666666,0.013020833333333332,1.1294774298777033
gradual reference,2,0.0026041666666666665,0.013020833333333332,0.026041666666666664,1.1294774298777033
gradual reference,3,0.00390625,0.01953125,0.0390625,1.1294774298777033
gradual reference,4,0.005208333333333333,0.026041666666666664,0.05208333333333333,1.1294774298777033
gradual reference,5,0.006510416666666667,0.03255208333333333,0.06510416666666666,1.1294774298777033
gradual reference,6,0.0078125,0.0390625,0.078125,1.1294774298777033
gradual reference,7,0.009114583333333334,0.04557291666666666,0.09114583333333331,1.129477429877703
gradual reference,8,0.010416666666666666,0.05208333333333333,0.10416666666666666,1.1294774298777033
gradual reference,9,0.01171875,0.05859375,0.1171875,1.1294774298777033
gradual reference,10,0.013020833333333334,0.06510416666666666,0.13020833333333331,1.129477429877703
gradual reference,11,0.014322916666666666,0.07161458333333333,0.14322916666666666,1.1294774298777033
gradual reference,12,0.015625,0.078125,0.15625,1.1294774298777033
gradual reference,13,0.016927083333333332,0.08463541666666666,0.16927083333333331,1.129477429877703
gradual reference,14,0.018229166666666668,0.09114583333333331,0.18229166666666663,1.129477429877703
gradual reference,15,0.01953125,0.09765625,0.1953125,1.1294774298777037
gradual reference,16,0.020833333333333332,0.10416666666666666,0.20833333333333331,1.129477429877703
gradual reference,17,0.022135416666666668,0.11067708333333331,0.22135416666666663,1.129477429877703
gradual reference,18,0.0234375,0.1171875,0.234375,1.1294774298777037
gradual reference,19,0.024739583333333332,0.12369791666666666,0.24739583333333331,1.129477429877703
gradual reference,20,0.026041666666666668,0.13020833333333331,0.26041666666666663,1.129477429877703
gradual reference,21,0.02734375,0.13671875,0.2734375,1.1294774298777037
gradual reference,22,0.028645833333333332,0.14322916666666666,0.2864583333333333,1.129477429877703
gradual reference,23,0.029947916666666668,0.14973958333333331,0.29947916666666663,1.129477429877703
gradual reference,24,0.03125,0.15625,0.3125,1.1294774298777037
gradual reference,25,0.032552083333333336,0.16276041666666663,0.32552083333333326,1.1294774298777026
gradual reference,26,0.033854166666666664,0.16927083333333331,0.33854166666666663,1.1294774298777037
gradual reference,27,0.03515625,0.17578125,0.3515625,1.1294774298777037
gradual reference,28,0.036458333333333336,0.18229166666666663,0.36458333333333326,1.1294774298777026
gradual reference,29,0.037760416666666664,0.18880208333333331,0.37760416666666663,1.1294774298777037
gradual reference,30,0.0390625,0.1953125,0.390625,1.1294774298777037
gradual reference,31,0.040364583333333336,0.20182291666666663,0.40364583333333326,1.1294774298777026
gradual reference,32,0.041666666666666664,0.20833333333333331,0.41666666666666663,1.1294774298777037
gradual reference,33,0.04296875,0.21484375,0.4296875,1.1294774298777037
gradual reference,34,0.044270833333333336,0.22135416666666663,0.44270833333333326,1.1294774298777026
gradual reference,35,0.045572916666666664,0.22786458333333331,0.45572916666666663,1.1294774298777037
gradual reference,36,0.046875,0.234375,0.46875,1.1294774298777037
gradual reference,37,0.048177083333333336,0.24088541666666663,0.48177083333333326,1.1294774298777026
gradual reference,38,0.049479166666666664,0.24739583333333331,0.49479166666666663,1.1294774298777037
gradual reference,39,0.05078125,0.25390625,0.5078125,1.1294774298777037
gradual reference,40,0.052083333333333336,0.26041666666666663,0.5208333333333333,1.1294774298777026
gradual reference,41,0.053385416666666664,0.2669270833333333,0.5338541666666666,1.1294774298777037
gradual reference,42,0.0546875,0.2734375,0.546875,1.1294774298777037
gradual reference,43,0.055989583333333336,0.27994791666666663,0.5598958333333333,1.1294774298777026
gradual reference,44,0.057291666666666664,0.2864583333333333,0.5729166666666666,1.1294774298777037
gradual reference,45,0.05859375,0.29296875,0.5859375,1.1294774298777037
gradual reference,46,0.059895833333333336,0.29947916666666663,0.5989583333333333,1.1294774298777026
gradual reference,47,0.061197916666666664,0.3059895833333333,0.6119791666666666,1.1294774298777037
gradual reference,48,0.0625,0.3125,0.625,1.1294774298777037
gradual reference,49,0.06380208333333333,0.31901041666666663,0.6380208333333333,1.1294774298777026
gradual reference,50,0.06510416666666667,0.32552083333333326,0.6510416666666665,1.1294774298777026
gradual reference,51,0.06640625,0.33203125,0.6640625,1.1294774298777046
gradual reference,52,0.06770833333333333,0.33854166666666663,0.6770833333333333,1.1294774298777026
gradual reference,53,0.06901041666666667,0.34505208333333326,0.6901041666666665,1.1294774298777026
gradual reference,54,0.0703125,0.3515625,0.703125,1.1294774298777046
gradual reference,55,0.07161458333333333,0.35807291666666663,0.7161458333333333,1.1294774298777026
gradual reference,56,0.07291666666666667,0.36458333333333326,0.7291666666666665,1.1294774298777026
gradual reference,57,0.07421875,0.37109375,0.7421875,1.1294774298777046
gradual reference,58,0.07552083333333333,0.37760416666666663,0.7552083333333333,1.1294774298777026
gradual reference,59,0.07682291666666667,0.38411458333333326,0.7682291666666665,1.1294774298777026
gradual reference,60,0.078125,0.390625,0.78125,1.1294774298777046
gradual reference,61,0.07942708333333333,0.39713541666666663,0.7942708333333333,1.1294774298777026
gradual reference,62,0.08072916666666667,0.40364583333333326,0.8072916666666665,1.1294774298777026
gradual reference,63,0.08203125,0.41015625,0.8203125,1.1294774298777046
gradual reference,64,0.08333333333333333,0.41666666666666663,0.8333333333333333,1.1294774298777026
gradual reference,65,0.08463541666666667,0.42317708333333326,0.8463541666666665,1.1294774298777026
gradual reference,66,0.0859375,0.4296875,0.859375,1.1294774298777046
gradual reference,67,0.08723958333333333,0.43619791666666663,0.8723958333333333,1.1294774298777026
gradual reference,68,0.08854166666666667,0.44270833333333326,0.8854166666666665,1.1294774298777026
gradual reference,69,0.08984375,0.44921875,0.8984375,1.1294774298777046
gradual reference,70,0.09114583333333333,0.45572916666666663,0.9114583333333333,1.1294774298777026
gradual reference,71,0.09244791666666667,0.46223958333333326,0.9244791666666665,1.1294774298777026
gradual reference,72,0.09375,0.46875,0.9375,1.1294774298777046
gradual reference,73,0.09505208333333333,0.47526041666666663,0.9505208333333333,1.1294774298777026
gradual reference,74,0.09635416666666667,0.48177083333333326,0.9635416666666665,1.1294774298777026
gradual reference,75,0.09765625,0.48828125,0.9765625,1.1294774298777046
gradual reference,76,0.09895833333333333,0.49479166666666663,0.9895833333333333,1.1294774298777026
gradual reference,77,0.10026041666666667,0.5013020833333333,1.0026041666666665,1.1294774298777026
gradual reference,78,0.1015625,0.5078125,1.015625,1.1294774298777046
gradual reference,79,0.10286458333333333,0.5143229166666666,1.0286458333333333,1.1294774298777026
gradual reference,80,0.10416666666666667,0.5208333333333333,1.0416666666666665,1.1294774298777026
gradual reference,81,0.10546875,0.52734375,1.0546875,1.1294774298777046
gradual reference,82,0.10677083333333333,0.5338541666666666,1.0677083333333333,1.1294774298777026
gradual reference,83,0.10807291666666667,0.5403645833333333,1.0807291666666665,1.1294774298777026
gradual reference,84,0.109375,0.546875,1.09375,1.1294774298777046
gradual reference,85,0.11067708333333333,0.5533854166666666,1.1067708333333333,1.1294774298777026
gradual reference,86,0.11197916666666667,0.5598958333333333,1.1197916666666665,1.1294774298777026
gradual reference,87,0.11328125,0.56640625,1.1328125,1.1294774298777046
gradual reference,88,0.11458333333333333,0.5729166666666666,1.1458333333333333,1.1294774298777026
gradual reference,89,0.11588541666666667,0.5794270833333333,1.1588541666666665,1.1294774298777026
gradual reference,90,0.1171875,0.5859375,1.171875,1.1294774298777046
gradual reference,91,0.11848958333333333,0.5924479166666666,1.1848958333333333,1.1294774298777026
gradual reference,92,0.11979166666666667,0.5989583333333333,1.1979166666666665,1.1294774298777026
gradual reference,93,0.12109375,0.60546875,1.2109375,1.1294774298777046
gradual reference,94,0.12239583333333333,0.6119791666666666,1.2239583333333333,1.1294774298777026
gradual reference,95,0.12369791666666667,0.6184895833333333,1.2369791666666665,1.1294774298777026
gradual reference,96,0.125,0.625,1.25,1.1294774298777046
gradual reference,97,0.12630208333333334,0.6315104166666665,1.263020833333333,1.1294774298777004
gradual reference,98,0.12760416666666666,0.6380208333333333,1.2760416666666665,1.1294774298777046
gradual reference,99,0.12890625,0.64453125,1.2890625,1.1294774298777046
gradual reference,100,0.13020833333333334,0.6510416666666665,1.302083333333333,1.1294774298777004
gradual reference,101,0.13151041666666666,0.6575520833333333,1.3151041666666665,1.1294774298777046
gradual reference,102,0.1328125,0.6640625,1.328125,1.1294774298777046
gradual reference,103,0.13411458333333334,0.6705729166666665,1.341145833333333,1.1294774298777004
gradual reference,104,0.13541666666666666,0.6770833333333333,1.3541666666666665,1.1294774298777046
gradual reference,105,0.13671875,0.68359375,1.3671875,1.1294774298777046
gradual reference,106,0.13802083333333334,0.6901041666666665,1.380208333333333,1.1294774298777004
gradual reference,107,0.13932291666666666,0.6966145833333333,1.3932291666666665,1.1294774298777046
gradual reference,108,0.140625,0.703125,1.40625,1.1294774298777046
gradual reference,109,0.14192708333333334,0.7096354166666665,1.419270833333333,1.1294774298777004
gradual reference,110,0.14322916666666666,0.7161458333333333,1.4322916666666665,1.1294774298777046
gradual reference,111,0.14453125,0.72265625,1.4453125,1.1294774298777046
gradual reference,112,0.14583333333333334,0.7291666666666665,1.458333333333333,1.1294774298777004
gradual reference,113,0.14713541666666666,0.7356770833333333,1.4713541666666665,1.1294774298777046
gradual reference,114,0.1484375,0.7421875,1.484375,1.1294774298777046
gradual reference,115,0.14973958333333334,0.7486979166666665,1.497395833333333,1.1294774298777004
gradual reference,116,0.15104166666666666,0.7552083333333333,1.5104166666666665,1.1294774298777046
gradual reference,117,0.15234375,0.76171875,1.5234375,1.1294774298777046
gradual reference,118,0.15364583333333334,0.7682291666666665,1.536458333333333,1.1294774298777004
gradual reference,119,0.15494791666666666,0.7747395833333333,1.5494791666666665,1.1294774298777046
gradual reference,120,0.15625,0.78125,1.5625,1.1294774298777046
gradual reference,121,0.15755208333333334,0.7877604166666665,1.575520833333333,1.1294774298777004
gradual reference,122,0.15885416666666666,0.7942708333333333,1.5885416666666665,1.1294774298777046
gradual reference,123,0.16015625,0.80078125,1.6015625,1.1294774298777046
gradual reference,124,0.16145833333333334,0.8072916666666665,1.614583333333333,1.1294774298777004
gradual reference,125,0.16276041666666666,0.8138020833333333,1.6276041666666665,1.1294774298777046
gradual reference,126,0.1640625,0.8203125,1.640625,1.1294774298777046
gradual reference,127,0.16536458333333334,0.8268229166666665,1.653645833333333,1.1294774298777004
gradual reference,128,0.16666666666666666,0.8333333333333333,1.6666666666666665,1.1294774298777046
gradual reference,129,0.16796875,0.83984375,1.6796875,1.1294774298777046
gradual reference,130,0.16927083333333334,0.8463541666666665,1.692708333333333,1.1294774298777004
gradual reference,131,0.17057291666666666,0.8528645833333333,1.7057291666666665,1.1294774298777046
gradual reference,132,0.171875,0.859375,1.71875,1.1294774298777046
gradual reference,133,0.17317708333333334,0.8658854166666665,1.731770833333333,1.1294774298777004
gradual reference,134,0.17447916666666666,0.8723958333333333,1.7447916666666665,1.1294774298777046
gradual reference,135,0.17578125,0.87890625,1.7578125,1.1294774298777046
gradual reference,136,0.17708333333333334,0.8854166666666665,1.770833333333333,1.1294774298777004
gradual reference,137,0.17838541666666666,0.8919270833333333,1.7838541666666665,1.1294774298777046
gradual reference,138,0.1796875,0.8984375,1.796875,1.1294774298777046
gradual reference,139,0.18098958333333334,0.9049479166666665,1.809895833333333,1.1294774298777004
gradual reference,140,0.18229166666666666,0.9114583333333333,1.8229166666666665,1.1294774298777046
gradual reference,141,0.18359375,0.91796875,1.8359375,1.1294774298777046
gradual reference,142,0.18489583333333334,0.9244791666666665,1.848958333333333,1.1294774298777004
gradual reference,143,0.18619791666666666,0.9309895833333333,1.8619791666666665,1.1294774298777046
gradual reference,144,0.1875,0.9375,1.875,1.1294774298777046
gradual reference,145,0.18880208333333334,0.9440104166666665,1.888020833333333,1.1294774298777004
gradual reference,146,0.19010416666666666,0.9505208333333333,1.9010416666666665,1.1294774298777046
gradual reference,147,0.19140625,0.95703125,1.9140625,1.1294774298777046
gradual reference,148,0.19270833333333334,0.9635416666666665,1.927083333333333,1.1294774298777004
gradual reference,149,0.19401041666666666,0.9700520833333333,1.9401041666666665,1.1294774298777046
gradual reference,150,0.1953125,0.9765625,1.953125,1.1294774298777046
gradual reference,151,0.19661458333333334,0.9830729166666665,1.966145833333333,1.1294774298777004
gradual reference,152,0.19791666666666666,0.9895833333333333,1.9791666666666665,1.1294774298777046
gradual reference,153,0.19921875,0.99609375,1.9921875,1.1294774298777046
gradual reference,154,0.20052083333333334,1.0026041666666665,0.005208333333333037,1.1294774298777004
gradual reference,155,0.20182291666666666,1.0091145833333333,0.01822916666666652,1.1294774298777046
gradual reference,156,0.203125,1.015625,0.03125,1.1294774298777046
gradual reference,157,0.20442708333333334,1.0221354166666665,0.04427083333333304,1.1294774298777004
gradual reference,158,0.20572916666666666,1.0286458333333333,0.05729166666666652,1.1294774298777046
gradual reference,159,0.20703125,1.03515625,0.0703125,1.1294774298777046
gradual reference,160,0.20833333333333334,1.0416666666666665,0.08333333333333304,1.1294774298777004
gradual reference,161,0.20963541666666666,1.0481770833333333,0.09635416666666652,1.1294774298777046
gradual reference,162,0.2109375,1.0546875,0.109375,1.1294774298777046
gradual reference,163,0.21223958333333334,1.0611979166666665,0.12239583333333304,1.1294774298777004
gradual reference,164,0.21354166666666666,1.0677083333333333,0.13541666666666652,1.1294774298777046
gradual reference,165,0.21484375,1.07421875,0.1484375,1.1294774298777046
gradual reference,166,0.21614583333333334,1.0807291666666665,0.16145833333333304,1.1294774298777004
gradual reference,167,0.21744791666666666,1.0872395833333333,0.17447916666666652,1.1294774298777046
gradual reference,168,0.21875,1.09375,0.1875,1.1294774298777046
gradual reference,169,0.22005208333333334,1.1002604166666665,0.20052083333333304,1.1294774298777004
gradual reference,170,0.22135416666666666,1.1067708333333333,0.21354166666666652,1.1294774298777046
gradual reference,171,0.22265625,1.11328125,0.2265625,1.1294774298777046
gradual reference,172,0.22395833333333334,1.1197916666666665,0.23958333333333304,1.1294774298777004
gradual reference,173,0.22526041666666666,1.1263020833333333,0.2526041666666665,1.1294774298777046
gradual reference,174,0.2265625,1.1328125,0.265625,1.1294774298777046
gradual reference,175,0.22786458333333334,1.1393229166666665,0.27864583333333304,1.1294774298777004
gradual reference,176,0.22916666666666666,1.1458333333333333,0.2916666666666665,1.1294774298777046
gradual reference,177,0.23046875,1.15234375,0.3046875,1.1294774298777046
gradual reference,178,0.23177083333333334,1.1588541666666665,0.31770833333333304,1.1294774298777004
gradual reference,179,0.23307291666666666,1.1653645833333333,0.3307291666666665,1.1294774298777046
gradual reference,180,0.234375,1.171875,0.34375,1.1294774298777046
gradual reference,181,0.23567708333333334,1.1783854166666665,0.35677083333333304,1.1294774298777004
gradual reference,182,0.23697916666666666,1.1848958333333333,0.3697916666666665,1.1294774298777046
gradual reference,183,0.23828125,1.19140625,0.3828125,1.1294774298777046
gradual reference,184,0.23958333333333334,1.1979166666666665,0.39583333333333304,1.1294774298777004
gradual reference,185,0.24088541666666666,1.2044270833333333,0.4088541666666665,1.1294774298777046
gradual reference,186,0.2421875,1.2109375,0.421875,1.1294774298777046
gradual reference,187,0.24348958333333334,1.2174479166666665,0.43489583333333304,1.1294774298777004
gradual reference,188,0.24479166666666666,1.2239583333333333,0.4479166666666665,1.1294774298777046
gradual reference,189,0.24609375,1.23046875,0.4609375,1.1294774298777046
gradual reference,190,0.24739583333333334,1.2369791666666665,0.47395833333333304,1.1294774298777004
gradual reference,191,0.24869791666666666,1.2434895833333333,0.4869791666666665,1.1294774298777046
gradual reference,192,0.25,1.25,0.5,1.1294774298777046
gradual reference,193,0.2513020833333333,1.2565104166666665,0.513020833333333,1.1294774298777004
gradual reference,194,0.2526041666666667,1.263020833333333,0.5260416666666661,1.1294774298777004
gradual reference,195,0.25390625,1.26953125,0.5390625,1.129477429877709
gradual reference,196,0.2552083333333333,1.2760416666666665,0.552083333333333,1.1294774298777004
gradual reference,197,0.2565104166666667,1.282552083333333,0.5651041666666661,1.1294774298777004
gradual reference,198,0.2578125,1.2890625,0.578125,1.129477429877709
gradual reference,199,0.2591145833333333,1.2955729166666665,0.591145833333333,1.1294774298777004
gradual reference,200,0.2604166666666667,1.302083333333333,0.6041666666666661,1.1294774298777004
gradual reference,201,0.26171875,1.30859375,0.6171875,1.129477429877709
gradual reference,202,0.2630208333333333,1.3151041666666665,0.630208333333333,1.1294774298777004
gradual reference,203,0.2643229166666667,1.321614583333333,0.6432291666666661,1.1294774298777004
gradual reference,204,0.265625,1.328125,0.65625,1.129477429877709
gradual reference,205,0.2669270833333333,1.3346354166666665,0.669270833333333,1.1294774298777004
gradual reference,206,0.2682291666666667,1.341145833333333,0.6822916666666661,1.1294774298777004
gradual reference,207,0.26953125,1.34765625,0.6953125,1.129477429877709
gradual reference,208,0.2708333333333333,1.3541666666666665,0.708333333333333,1.1294774298777004
gradual reference,209,0.2721354166666667,1.360677083333333,0.7213541666666661,1.1294774298777004
gradual reference,210,0.2734375,1.3671875,0.734375,1.129477429877709
gradual reference,211,0.2747395833333333,1.3736979166666665,0.747395833333333,1.1294774298777004
gradual reference,212,0.2760416666666667,1.380208333333333,0.7604166666666661,1.1294774298777004
gradual reference,213,0.27734375,1.38671875,0.7734375,1.129477429877709
gradual reference,214,0.2786458333333333,1.3932291666666665,0.786458333333333,1.1294774298777004
gradual reference,215,0.2799479166666667,1.399739583333333,0.7994791666666661,1.1294774298777004
gradual reference,216,0.28125,1.40625,0.8125,1.129477429877709
gradual reference,217,0.2825520833333333,1.4127604166666665,0.825520833333333,1.1294774298777004
gradual reference,218,0.2838541666666667,1.419270833333333,0.8385416666666661,1.1294774298777004
gradual reference,219,0.28515625,1.42578125,0.8515625,1.129477429877709
gradual reference,220,0.2864583333333333,1.4322916666666665,0.864583333333333,1.1294774298777004
gradual reference,221,0.2877604166666667,1.438802083333333,0.8776041666666661,1.1294774298777004
gradual reference,222,0.2890625,1.4453125,0.890625,1.129477429877709
gradual reference,223,0.2903645833333333,1.4518229166666665,0.903645833333333,1.1294774298777004
gradual reference,224,0.2916666666666667,1.458333333333333,0.9166666666666661,1.1294774298777004
gradual reference,225,0.29296875,1.46484375,0.9296875,1.129477429877709
gradual reference,226,0.2942708333333333,1.4713541666666665,0.942708333333333,1.1294774298777004
gradual reference,227,0.2955729166666667,1.477864583333333,0.9557291666666661,1.1294774298777004
gradual reference,228,0.296875,1.484375,0.96875,1.129477429877709
gradual reference,229,0.2981770833333333,1.4908854166666665,0.981770833333333,1.1294774298777004
gradual reference,230,0.2994791666666667,1.497395833333333,0.9947916666666661,1.1294774298777004
gradual reference,231,0.30078125,1.50390625,1.0078125,1.129477429877709
gradual reference,232,0.3020833333333333,1.5104166666666665,1.020833333333333,1.1294774298777004
gradual reference,233,0.3033854166666667,1.516927083333333,1.033854166666666,1.1294774298777004
gradual reference,234,0.3046875,1.5234375,1.046875,1.129477429877709
gradual reference,235,0.3059895833333333,1.5299479166666665,1.059895833333333,1.1294774298777004
gradual reference,236,0.3072916666666667,1.536458333333333,1.072916666666666,1.1294774298777004
gradual reference,237,0.30859375,1.54296875,1.0859375,1.129477429877709
gradual reference,238,0.3098958333333333,1.5494791666666665,1.098958333333333,1.1294774298777004
gradual reference,239,0.3111979166666667,1.555989583333333,1.111979166666666,1.1294774298777004
gradual reference,240,0.3125,1.5625,1.125,1.129477429877709
gradual reference,241,0.3138020833333333,1.5690104166666665,1.138020833333333,1.1294774298777004
gradual reference,242,0.3151041666666667,1.575520833333333,1.151041666666666,1.1294774298777004
gradual reference,243,0.31640625,1.58203125,1.1640625,1.129477429877709
gradual reference,244,0.3177083333333333,1.5885416666666665,1.177083333333333,1.1294774298777004
gradual reference,245,0.3190104166666667,1.595052083333333,1.190104166666666,1.1294774298777004
gradual reference,246,0.3203125,1.6015625,1.203125,1.129477429877709
gradual reference,247,0.3216145833333333,1.6080729166666665,1.216145833333333,1.1294774298777004
gradual reference,248,0.3229166666666667,1.614583333333333,1.229166666666666,1.1294774298777004
gradual reference,249,0.32421875,1.62109375,1.2421875,1.129477429877709
gradual reference,250,0.3255208333333333,1.6276041666666665,1.255208333333333,1.1294774298777004
gradual reference,251,0.3268229166666667,1.634114583333333,1.268229166666666,1.1294774298777004
gradual reference,252,0.328125,1.640625,1.28125,1.129477429877709
gradual reference,253,0.3294270833333333,1.6471354166666665,1.294270833333333,1.1294774298777004
gradual reference,254,0.3307291666666667,1.653645833333333,1.307291666666666,1.1294774298777004
gradual reference,255,0.33203125,1.66015625,1.3203125,1.129477429877709
gradual reference,256,0.3333333333333333,1.6666666666666665,1.333333333333333,1.1294774298777004
gradual reference,257,0.3346354166666667,1.673177083333333,1.346354166666666,1.1294774298777004
gradual reference,258,0.3359375,1.6796875,1.359375,1.129477429877709
gradual reference,259,0.3372395833333333,1.6861979166666665,1.372395833333333,1.1294774298777004
gradual reference,260,0.3385416666666667,1.692708333333333,1.385416666666666,1.1294774298777004
gradual reference,261,0.33984375,1.69921875,1.3984375,1.129477429877709
gradual reference,262,0.3411458333333333,1.7057291666666665,1.411458333333333,1.1294774298777004
gradual reference,263,0.3424479166666667,1.712239583333333,1.424479166666666,1.1294774298777004
gradual reference,264,0.34375,1.71875,1.4375,1.129477429877709
gradual reference,265,0.3450520833333333,1.7252604166666665,1.450520833333333,1.1294774298777004
gradual reference,266,0.3463541666666667,1.731770833333333,1.463541666666666,1.1294774298777004
gradual reference,267,0.34765625,1.73828125,1.4765625,1.129477429877709
gradual reference,268,0.3489583333333333,1.7447916666666665,1.489583333333333,1.1294774298777004
gradual reference,269,0.3502604166666667,1.751302083333333,1.502604166666666,1.1294774298777004
gradual reference,270,0.3515625,1.7578125,1.515625,1.129477429877709
gradual reference,271,0.3528645833333333,1.7643229166666665,1.528645833333333,1.1294774298777004
gradual reference,272,0.3541666666666667,1.770833333333333,1.541666666666666,1.1294774298777004
gradual reference,273,0.35546875,1.77734375,1.5546875,1.129477429877709
gradual reference,274,0.3567708333333333,1.7838541666666665,1.567708333333333,1.1294774298777004
gradual reference,275,0.3580729166666667,1.790364583333333,1.580729166666666,1.1294774298777004
gradual reference,276,0.359375,1.796875,1.59375,1.129477429877709
gradual reference,277,0.3606770833333333,1.8033854166666665,1.606770833333333,1.1294774298777004
gradual reference,278,0.3619791666666667,1.809895833333333,1.619791666666666,1.1294774298777004
gradual reference,279,0.36328125,1.81640625,1.6328125,1.129477429877709
gradual reference,280,0.3645833333333333,1.8229166666666665,1.645833333333333,1.1294774298777004
gradual reference,281,0.3658854166666667,1.829427083333333,1.658854166666666,1.1294774298777004
gradual reference,282,0.3671875,1.8359375,1.671875,1.129477429877709
gradual reference,283,0.3684895833333333,1.8424479166666665,1.684895833333333,1.1294774298777004
gradual reference,284,0.3697916666666667,1.848958333333333,1.697916666666666,1.1294774298777004
gradual reference,285,0.37109375,1.85546875,1.7109375,1.129477429877709
gradual reference,286,0.3723958333333333,1.8619791666666665,1.723958333333333,1.1294774298777004
gradual reference,287,0.3736979166666667,1.868489583333333,1.736979166666666,1.1294774298777004
gradual reference,288,0.375,1.875,1.75,1.129477429877709
gradual reference,289,0.3763020833333333,1.8815104166666665,1.763020833333333,1.1294774298777004
gradual reference,290,0.3776041666666667,1.888020833333333,1.776041666666666,1.1294774298777004
gradual reference,291,0.37890625,1.89453125,1.7890625,1.129477429877709
gradual reference,292,0.3802083333333333,1.9010416666666665,1.802083333333333,1.1294774298777004
gradual reference,293,0.3815104166666667,1.907552083333333,1.815104166666666,1.1294774298777004
gradual reference,294,0.3828125,1.9140625,1.828125,1.129477429877709
gradual reference,295,0.3841145833333333,1.9205729166666665,1.841145833333333,1.1294774298777004
gradual reference,296,0.3854166666666667,1.927083333333333,1.854166666666666,1.1294774298777004
gradual reference,297,0.38671875,1.93359375,1.8671875,1.129477429877709
gradual reference,298,0.3880208333333333,1.9401041666666665,1.880208333333333,1.1294774298777004
gradual reference,299,0.3893229166666667,1.946614583333333,1.893229166666666,1.1294774298777004
gradual reference,300,0.390625,1.953125,1.90625,1.129477429877709
gradual reference,301,0.3919270833333333,1.9596354166666665,1.919270833333333,1.1294774298777004
gradual reference,302,0.3932291666666667,1.966145833333333,1.932291666666666,1.1294774298777004
gradual reference,303,0.39453125,1.97265625,1.9453125,1.129477429877709
gradual reference,304,0.3958333333333333,1.9791666666666665,1.958333333333333,1.1294774298777004
gradual reference,305,0.3971354166666667,1.985677083333333,1.971354166666666,1.1294774298777004
gradual reference,306,0.3984375,1.9921875,1.984375,1.129477429877709
gradual reference,307,0.3997395833333333,1.9986979166666665,1.997395833333333,1.1294774298777004
gradual reference,308,0.4010416666666667,2.005208333333333,0.010416666666666075,1.1294774298777004
gradual reference,309,0.40234375,2.01171875,0.0234375,1.129477429877709
gradual reference,310,0.4036458333333333,2.0182291666666665,0.03645833333333304,1.1294774298777004
gradual reference,311,0.4049479166666667,2.024739583333333,0.049479166666666075,1.1294774298777004
gradual reference,312,0.40625,2.03125,0.0625,1.129477429877709
gradual reference,313,0.4075520833333333,2.0377604166666665,0.07552083333333304,1.1294774298777004
gradual reference,314,0.4088541666666667,2.044270833333333,0.08854166666666607,1.1294774298777004
gradual reference,315,0.41015625,2.05078125,0.1015625,1.129477429877709
gradual reference,316,0.4114583333333333,2.0572916666666665,0.11458333333333304,1.1294774298777004
gradual reference,317,0.4127604166666667,2.063802083333333,0.12760416666666607,1.1294774298777004
gradual reference,318,0.4140625,2.0703125,0.140625,1.129477429877709
gradual reference,319,0.4153645833333333,2.0768229166666665,0.15364583333333304,1.1294774298777004
gradual reference,320,0.4166666666666667,2.083333333333333,0.16666666666666607,1.1294774298777004
gradual reference,321,0.41796875,2.08984375,0.1796875,1.129477429877709
gradual reference,322,0.4192708333333333,2.0963541666666665,0.19270833333333304,1.1294774298777004
gradual reference,323,0.4205729166666667,2.102864583333333,0.20572916666666607,1.1294774298777004
gradual reference,324,0.421875,2.109375,0.21875,1.129477429877709
gradual reference,325,0.4231770833333333,2.1158854166666665,0.23177083333333304,1.1294774298777004
gradual reference,326,0.4244791666666667,2.122395833333333,0.24479166666666607,1.1294774298777004
gradual reference,327,0.42578125,2.12890625,0.2578125,1.129477429877709
gradual reference,328,0.4270833333333333,2.1354166666666665,0.27083333333333304,1.1294774298777004
gradual reference,329,0.4283854166666667,2.141927083333333,0.2838541666666661,1.1294774298777004
gradual reference,330,0.4296875,2.1484375,0.296875,1.129477429877709
gradual reference,331,0.4309895833333333,2.1549479166666665,0.30989583333333304,1.1294774298777004
gradual reference,332,0.4322916666666667,2.161458333333333,0.3229166666666661,1.1294774298777004
gradual reference,333,0.43359375,2.16796875,0.3359375,1.129477429877709
gradual reference,334,0.4348958333333333,2.1744791666666665,0.34895833333333304,1.1294774298777004
gradual reference,335,0.4361979166666667,2.180989583333333,0.3619791666666661,1.1294774298777004
gradual reference,336,0.4375,2.1875,0.375,1.129477429877709
gradual reference,337,0.4388020833333333,2.1940104166666665,0.38802083333333304,1.1294774298777004
gradual reference,338,0.4401041666666667,2.200520833333333,0.4010416666666661,1.1294774298777004
gradual reference,339,0.44140625,2.20703125,0.4140625,1.129477429877709
gradual reference,340,0.4427083333333333,2.2135416666666665,0.42708333333333304,1.1294774298777004
gradual reference,341,0.4440104166666667,2.220052083333333,0.4401041666666661,1.1294774298777004
gradual reference,342,0.4453125,2.2265625,0.453125,1.129477429877709
gradual reference,343,0.4466145833333333,2.2330729166666665,0.46614583333333304,1.1294774298777004
gradual reference,344,0.4479166666666667,2.239583333333333,0.4791666666666661,1.1294774298777004
gradual reference,345,0.44921875,2.24609375,0.4921875,1.129477429877709
gradual reference,346,0.4505208333333333,2.2526041666666665,0.505208333333333,1.1294774298777004
gradual reference,347,0.4518229166666667,2.259114583333333,0.5182291666666661,1.1294774298777004
gradual reference,348,0.453125,2.265625,0.53125,1.129477429877709
gradual reference,349,0.4544270833333333,2.2721354166666665,0.544270833333333,1.1294774298777004
gradual reference,350,0.4557291666666667,2.278645833333333,0.5572916666666661,1.1294774298777004
gradual reference,351,0.45703125,2.28515625,0.5703125,1.129477429877709
gradual reference,352,0.4583333333333333,2.2916666666666665,0.583333333333333,1.1294774298777004
gradual reference,353,0.4596354166666667,2.298177083333333,0.5963541666666661,1.1294774298777004
gradual reference,354,0.4609375,2.3046875,0.609375,1.129477429877709
gradual reference,355,0.4622395833333333,2.3111979166666665,0.622395833333333,1.1294774298777004
gradual reference,356,0.4635416666666667,2.317708333333333,0.6354166666666661,1.1294774298777004
gradual reference,357,0.46484375,2.32421875,0.6484375,1.129477429877709
gradual reference,358,0.4661458333333333,2.3307291666666665,0.661458333333333,1.1294774298777004
gradual reference,359,0.4674479166666667,2.337239583333333,0.6744791666666661,1.1294774298777004
gradual reference,360,0.46875,2.34375,0.6875,1.129477429877709
gradual reference,361,0.4700520833333333,2.3502604166666665,0.700520833333333,1.1294774298777004
gradual reference,362,0.4713541666666667,2.356770833333333,0.7135416666666661,1.1294774298777004
gradual reference,363,0.47265625,2.36328125,0.7265625,1.129477429877709
gradual reference,364,0.4739583333333333,2.3697916666666665,0.739583333333333,1.1294774298777004
gradual reference,365,0.4752604166666667,2.376302083333333,0.7526041666666661,1.1294774298777004
gradual reference,366,0.4765625,2.3828125,0.765625,1.129477429877709
gradual reference,367,0.4778645833333333,2.3893229166666665,0.778645833333333,1.1294774298777004
gradual reference,368,0.4791666666666667,2.395833333333333,0.7916666666666661,1.1294774298777004
gradual reference,369,0.48046875,2.40234375,0.8046875,1.129477429877709
gradual reference,370,0.4817708333333333,2.4088541666666665,0.817708333333333,1.1294774298777004
gradual reference,371,0.4830729166666667,2.415364583333333,0.8307291666666661,1.1294774298777004
gradual reference,372,0.484375,2.421875,0.84375,1.129477429877709
gradual reference,373,0.4856770833333333,2.4283854166666665,0.856770833333333,1.1294774298777004
gradual reference,374,0.4869791666666667,2.434895833333333,0.8697916666666661,1.1294774298777004
gradual reference,375,0.48828125,2.44140625,0.8828125,1.129477429877709
gradual reference,376,0.4895833333333333,2.4479166666666665,0.895833333333333,1.1294774298777004
gradual reference,377,0.4908854166666667,2.454427083333333,0.9088541666666661,1.1294774298777004
gradual reference,378,0.4921875,2.4609375,0.921875,1.129477429877709
gradual reference,379,0.4934895833333333,2.4674479166666665,0.934895833333333,1.1294774298777004
gradual reference,380,0.4947916666666667,2.473958333333333,0.9479166666666661,1.1294774298777004
gradual reference,381,0.49609375,2.48046875,0.9609375,1.129477429877709
gradual reference,382,0.4973958333333333,2.4869791666666665,0.973958333333333,1.1294774298777004
gradual reference,383,0.4986979166666667,2.493489583333333,0.9869791666666661,1.1294774298777004
gradual reference,384,0.5,2.5,1.0,1.129477429877709
gradual reference,385,0.5013020833333334,2.506510416666666,1.0130208333333321,1.1294774298776915
gradual reference,386,0.5026041666666666,2.513020833333333,1.026041666666666,1.129477429877709
gradual reference,387,0.50390625,2.51953125,1.0390625,1.129477429877709
gradual reference,388,0.5052083333333334,2.526041666666666,1.0520833333333321,1.1294774298776915
gradual reference,389,0.5065104166666666,2.532552083333333,1.065104166666666,1.129477429877709
gradual reference,390,0.5078125,2.5390625,1.078125,1.129477429877709
gradual reference,391,0.5091145833333334,2.545572916666666,1.0911458333333321,1.1294774298776915
gradual reference,392,0.5104166666666666,2.552083333333333,1.104166666666666,1.129477429877709
gradual reference,393,0.51171875,2.55859375,1.1171875,1.129477429877709
gradual reference,394,0.5130208333333334,2.565104166666666,1.1302083333333321,1.1294774298776915
gradual reference,395,0.5143229166666666,2.571614583333333,1.143229166666666,1.129477429877709
gradual reference,396,0.515625,2.578125,1.15625,1.129477429877709
gradual reference,397,0.5169270833333334,2.584635416666666,1.1692708333333321,1.1294774298776915
gradual reference,398,0.5182291666666666,2.591145833333333,1.182291666666666,1.129477429877709
gradual reference,399,0.51953125,2.59765625,1.1953125,1.129477429877709
gradual reference,400,0.5208333333333334,2.604166666666666,1.2083333333333321,1.1294774298776915
gradual reference,401,0.5221354166666666,2.610677083333333,1.221354166666666,1.129477429877709
gradual reference,402,0.5234375,2.6171875,1.234375,1.129477429877709
gradual reference,403,0.5247395833333334,2.623697916666666,1.2473958333333321,1.1294774298776915
gradual reference,404,0.5260416666666666,2.630208333333333,1.260416666666666,1.129477429877709
gradual reference,405,0.52734375,2.63671875,1.2734375,1.129477429877709
gradual reference,406,0.5286458333333334,2.643229166666666,1.2864583333333321,1.1294774298776915
gradual reference,407,0.5299479166666666,2.649739583333333,1.299479166666666,1.129477429877709
gradual reference,408,0.53125,2.65625,1.3125,1.129477429877709
gradual reference,409,0.5325520833333334,2.662760416666666,1.3255208333333321,1.1294774298776915
gradual reference,410,0.5338541666666666,2.669270833333333,1.338541666666666,1.129477429877709
gradual reference,411,0.53515625,2.67578125,1.3515625,1.129477429877709
gradual reference,412,0.5364583333333334,2.682291666666666,1.3645833333333321,1.1294774298776915
gradual reference,413,0.5377604166666666,2.688802083333333,1.377604166666666,1.129477429877709
gradual reference,414,0.5390625,2.6953125,1.390625,1.129477429877709
gradual reference,415,0.5403645833333334,2.701822916666666,1.4036458333333321,1.1294774298776915
gradual reference,416,0.5416666666666666,2.708333333333333,1.416666666666666,1.129477429877709
gradual reference,417,0.54296875,2.71484375,1.4296875,1.129477429877709
gradual reference,418,0.5442708333333334,2.721354166666666,1.4427083333333321,1.1294774298776915
gradual reference,419,0.5455729166666666,2.727864583333333,1.455729166666666,1.129477429877709
gradual reference,420,0.546875,2.734375,1.46875,1.129477429877709
gradual reference,421,0.5481770833333334,2.740885416666666,1.4817708333333321,1.1294774298776915
gradual reference,422,0.5494791666666666,2.747395833333333,1.494791666666666,1.129477429877709
gradual reference,423,0.55078125,2.75390625,1.5078125,1.129477429877709
gradual reference,424,0.5520833333333334,2.760416666666666,1.5208333333333321,1.1294774298776915
gradual reference,425,0.5533854166666666,2.766927083333333,1.533854166666666,1.129477429877709
gradual reference,426,0.5546875,2.7734375,1.546875,1.129477429877709
gradual reference,427,0.5559895833333334,2.779947916666666,1.5598958333333321,1.1294774298776915
gradual reference,428,0.5572916666666666,2.786458333333333,1.572916666666666,1.129477429877709
gradual reference,429,0.55859375,2.79296875,1.5859375,1.129477429877709
gradual reference,430,0.5598958333333334,2.799479166666666,1.5989583333333321,1.1294774298776915
gradual reference,431,0.5611979166666666,2.805989583333333,1.611979166666666,1.129477429877709
gradual reference,432,0.5625,2.8125,1.625,1.129477429877709
gradual reference,433,0.5638020833333334,2.819010416666666,1.6380208333333321,1.1294774298776915
gradual reference,434,0.5651041666666666,2.825520833333333,1.651041666666666,1.129477429877709
gradual reference,435,0.56640625,2.83203125,1.6640625,1.129477429877709
gradual reference,436,0.5677083333333334,2.838541666666666,1.6770833333333321,1.1294774298776915
gradual reference,437,0.5690104166666666,2.845052083333333,1.690104166666666,1.129477429877709
gradual reference,438,0.5703125,2.8515625,1.703125,1.129477429877709
gradual reference,439,0.5716145833333334,2.858072916666666,1.7161458333333321,1.1294774298776915
gradual reference,440,0.5729166666666666,2.864583333333333,1.729166666666666,1.129477429877709
gradual reference,441,0.57421875,2.87109375,1.7421875,1.129477429877709
gradual reference,442,0.5755208333333334,2.877604166666666,1.7552083333333321,1.1294774298776915
gradual reference,443,0.5768229166666666,2.884114583333333,1.768229166666666,1.129477429877709
gradual reference,444,0.578125,2.890625,1.78125,1.129477429877709
gradual reference,445,0.5794270833333334,2.897135416666666,1.7942708333333321,1.1294774298776915
gradual reference,446,0.5807291666666666,2.903645833333333,1.807291666666666,1.129477429877709
gradual reference,447,0.58203125,2.91015625,1.8203125,1.129477429877709
gradual reference,448,0.5833333333333334,2.916666666666666,1.8333333333333321,1.1294774298776915
gradual reference,449,0.5846354166666666,2.923177083333333,1.846354166666666,1.129477429877709
gradual reference,450,0.5859375,2.9296875,1.859375,1.129477429877709
gradual reference,451,0.5872395833333334,2.936197916666666,1.8723958333333321,1.1294774298776915
gradual reference,452,0.5885416666666666,2.942708333333333,1.885416666666666,1.129477429877709
gradual reference,453,0.58984375,2.94921875,1.8984375,1.129477429877709
gradual reference,454,0.5911458333333334,2.955729166666666,1.9114583333333321,1.1294774298776915
gradual reference,455,0.5924479166666666,2.962239583333333,1.924479166666666,1.129477429877709
gradual reference,456,0.59375,2.96875,1.9375,1.129477429877709
gradual reference,457,0.5950520833333334,2.975260416666666,1.9505208333333321,1.1294774298776915
gradual reference,458,0.5963541666666666,2.981770833333333,1.963541666666666,1.129477429877709
gradual reference,459,0.59765625,2.98828125,1.9765625,1.129477429877709
gradual reference,460,0.5989583333333334,2.994791666666666,1.9895833333333321,1.1294774298776915
gradual reference,461,0.6002604166666666,3.001302083333333,0.0026041666666660745,1.129477429877709
gradual reference,462,0.6015625,3.0078125,0.015625,1.129477429877709
gradual reference,463,0.6028645833333334,3.014322916666666,0.02864583333333215,1.1294774298776915
gradual reference,464,0.6041666666666666,3.020833333333333,0.041666666666666075,1.129477429877709
gradual reference,465,0.60546875,3.02734375,0.0546875,1.129477429877709
gradual reference,466,0.6067708333333334,3.033854166666666,0.06770833333333215,1.1294774298776915
gradual reference,467,0.6080729166666666,3.040364583333333,0.08072916666666607,1.129477429877709
gradual reference,468,0.609375,3.046875,0.09375,1.129477429877709
gradual reference,469,0.6106770833333334,3.053385416666666,0.10677083333333215,1.1294774298776915
gradual reference,470,0.6119791666666666,3.059895833333333,0.11979166666666607,1.129477429877709
gradual reference,471,0.61328125,3.06640625,0.1328125,1.129477429877709
gradual reference,472,0.6145833333333334,3.072916666666666,0.14583333333333215,1.1294774298776915
gradual reference,473,0.6158854166666666,3.079427083333333,0.15885416666666607,1.129477429877709
gradual reference,474,0.6171875,3.0859375,0.171875,1.129477429877709
gradual reference,475,0.6184895833333334,3.092447916666666,0.18489583333333215,1.1294774298776915
gradual reference,476,0.6197916666666666,3.098958333333333,0.19791666666666607,1.129477429877709
gradual reference,477,0.62109375,3.10546875,0.2109375,1.129477429877709
gradual reference,478,0.6223958333333334,3.111979166666666,0.22395833333333215,1.1294774298776915
gradual reference,479,0.6236979166666666,3.118489583333333,0.23697916666666607,1.129477429877709
gradual reference,480,0.625,3.125,0.25,1.129477429877709
gradual reference,481,0.6263020833333334,3.131510416666666,0.26302083333333215,1.1294774298776915
gradual reference,482,0.6276041666666666,3.138020833333333,0.2760416666666661,1.129477429877709
gradual reference,483,0.62890625,3.14453125,0.2890625,1.129477429877709
gradual reference,484,0.6302083333333334,3.151041666666666,0.30208333333333215,1.1294774298776915
gradual reference,485,0.6315104166666666,3.157552083333333,0.3151041666666661,1.129477429877709
gradual reference,486,0.6328125,3.1640625,0.328125,1.129477429877709
gradual reference,487,0.6341145833333334,3.170572916666666,0.34114583333333215,1.1294774298776915
gradual reference,488,0.6354166666666666,3.177083333333333,0.3541666666666661,1.129477429877709
gradual reference,489,0.63671875,3.18359375,0.3671875,1.129477429877709
gradual reference,490,0.6380208333333334,3.190104166666666,0.38020833333333215,1.1294774298776915
gradual reference,491,0.6393229166666666,3.196614583333333,0.3932291666666661,1.129477429877709
gradual reference,492,0.640625,3.203125,0.40625,1.129477429877709
gradual reference,493,0.6419270833333334,3.209635416666666,0.41927083333333215,1.1294774298776915
gradual reference,494,0.6432291666666666,3.216145833333333,0.4322916666666661,1.129477429877709
gradual reference,495,0.64453125,3.22265625,0.4453125,1.129477429877709
gradual reference,496,0.6458333333333334,3.229166666666666,0.45833333333333215,1.1294774298776915
gradual reference,497,0.6471354166666666,3.235677083333333,0.4713541666666661,1.129477429877709
gradual reference,498,0.6484375,3.2421875,0.484375,1.129477429877709
gradual reference,499,0.6497395833333334,3.248697916666666,0.49739583333333215,1.1294774298776915
gradual reference,500,0.6510416666666666,3.255208333333333,0.5104166666666661,1.129477429877709
gradual reference,501,0.65234375,3.26171875,0.5234375,1.129477429877709
gradual reference,502,0.6536458333333334,3.268229166666666,0.5364583333333321,1.1294774298776915
gradual reference,503,0.6549479166666666,3.274739583333333,0.5494791666666661,1.129477429877709
gradual reference,504,0.65625,3.28125,0.5625,1.129477429877709
gradual reference,505,0.6575520833333334,3.287760416666666,0.5755208333333321,1.1294774298776915
gradual reference,506,0.6588541666666666,3.294270833333333,0.5885416666666661,1.129477429877709
gradual reference,507,0.66015625,3.30078125,0.6015625,1.129477429877709
gradual reference,508,0.6614583333333334,3.307291666666666,0.6145833333333321,1.1294774298776915
gradual reference,509,0.6627604166666666,3.313802083333333,0.6276041666666661,1.129477429877709
gradual reference,510,0.6640625,3.3203125,0.640625,1.129477429877709
gradual reference,511,0.6653645833333334,3.326822916666666,0.6536458333333321,1.1294774298776915
gradual reference,512,0.6666666666666666,3.333333333333333,0.6666666666666661,1.129477429877709
gradual reference,513,0.66796875,3.33984375,0.6796875,1.129477429877709
gradual reference,514,0.6692708333333334,3.346354166666666,0.6927083333333321,1.1294774298776915
gradual reference,515,0.6705729166666666,3.352864583333333,0.7057291666666661,1.129477429877709
gradual reference,516,0.671875,3.359375,0.71875,1.129477429877709
gradual reference,517,0.6731770833333334,3.365885416666666,0.7317708333333321,1.1294774298776915
gradual reference,518,0.6744791666666666,3.372395833333333,0.7447916666666661,1.129477429877709
gradual reference,519,0.67578125,3.37890625,0.7578125,1.129477429877709
gradual reference,520,0.6770833333333334,3.385416666666666,0.7708333333333321,1.1294774298776915
gradual reference,521,0.6783854166666666,3.391927083333333,0.7838541666666661,1.129477429877709
gradual reference,522,0.6796875,3.3984375,0.796875,1.129477429877709
gradual reference,523,0.6809895833333334,3.404947916666666,0.8098958333333321,1.1294774298776915
gradual reference,524,0.6822916666666666,3.411458333333333,0.8229166666666661,1.129477429877709
gradual reference,525,0.68359375,3.41796875,0.8359375,1.129477429877709
gradual reference,526,0.6848958333333334,3.424479166666666,0.8489583333333321,1.1294774298776915
gradual reference,527,0.6861979166666666,3.430989583333333,0.8619791666666661,1.129477429877709
gradual reference,528,0.6875,3.4375,0.875,1.129477429877709
gradual reference,529,0.6888020833333334,3.444010416666666,0.8880208333333321,1.1294774298776915
gradual reference,530,0.6901041666666666,3.450520833333333,0.9010416666666661,1.129477429877709
gradual reference,531,0.69140625,3.45703125,0.9140625,1.129477429877709
gradual reference,532,0.6927083333333334,3.463541666666666,0.9270833333333321,1.1294774298776915
gradual reference,533,0.6940104166666666,3.470052083333333,0.9401041666666661,1.129477429877709
gradual reference,534,0.6953125,3.4765625,0.953125,1.129477429877709
gradual reference,535,0.6966145833333334,3.483072916666666,0.9661458333333321,1.1294774298776915
gradual reference,536,0.6979166666666666,3.489583333333333,0.9791666666666661,1.129477429877709
gradual reference,537,0.69921875,3.49609375,0.9921875,1.129477429877709
gradual reference,538,0.7005208333333334,3.502604166666666,1.0052083333333321,1.1294774298776915
gradual reference,539,0.7018229166666666,3.509114583333333,1.018229166666666,1.129477429877709
gradual reference,540,0.703125,3.515625,1.03125,1.129477429877709
gradual reference,541,0.7044270833333334,3.522135416666666,1.0442708333333321,1.1294774298776915
gradual reference,542,0.7057291666666666,3.528645833333333,1.057291666666666,1.129477429877709
gradual reference,543,0.70703125,3.53515625,1.0703125,1.129477429877709
gradual reference,544,0.7083333333333334,3.541666666666666,1.0833333333333321,1.1294774298776915
gradual reference,545,0.7096354166666666,3.548177083333333,1.096354166666666,1.129477429877709
gradual reference,546,0.7109375,3.5546875,1.109375,1.129477429877709
gradual reference,547,0.7122395833333334,3.561197916666666,1.1223958333333321,1.1294774298776915
gradual reference,548,0.7135416666666666,3.567708333333333,1.135416666666666,1.129477429877709
gradual reference,549,0.71484375,3.57421875,1.1484375,1.129477429877709
gradual reference,550,0.7161458333333334,3.580729166666666,1.1614583333333321,1.1294774298776915
gradual reference,551,0.7174479166666666,3.587239583333333,1.174479166666666,1.129477429877709
gradual reference,552,0.71875,3.59375,1.1875,1.129477429877709
gradual reference,553,0.7200520833333334,3.600260416666666,1.2005208333333321,1.1294774298776915
gradual reference,554,0.7213541666666666,3.606770833333333,1.213541666666666,1.129477429877709
gradual reference,555,0.72265625,3.61328125,1.2265625,1.129477429877709
gradual reference,556,0.7239583333333334,3.619791666666666,1.2395833333333321,1.1294774298776915
gradual reference,557,0.7252604166666666,3.626302083333333,1.252604166666666,1.129477429877709
gradual reference,558,0.7265625,3.6328125,1.265625,1.129477429877709
gradual reference,559,0.7278645833333334,3.639322916666666,1.2786458333333321,1.1294774298776915
gradual reference,560,0.7291666666666666,3.645833333333333,1.291666666666666,1.129477429877709
gradual reference,561,0.73046875,3.65234375,1.3046875,1.129477429877709
gradual reference,562,0.7317708333333334,3.658854166666666,1.3177083333333321,1.1294774298776915
gradual reference,563,0.7330729166666666,3.665364583333333,1.330729166666666,1.129477429877709
gradual reference,564,0.734375,3.671875,1.34375,1.129477429877709
gradual reference,565,0.7356770833333334,3.678385416666666,1.3567708333333321,1.1294774298776915
gradual reference,566,0.7369791666666666,3.684895833333333,1.369791666666666,1.129477429877709
gradual reference,567,0.73828125,3.69140625,1.3828125,1.129477429877709
gradual reference,568,0.7395833333333334,3.697916666666666,1.3958333333333321,1.1294774298776915
gradual reference,569,0.7408854166666666,3.704427083333333,1.408854166666666,1.129477429877709
gradual reference,570,0.7421875,3.7109375,1.421875,1.129477429877709
gradual reference,571,0.7434895833333334,3.717447916666666,1.4348958333333321,1.1294774298776915
gradual reference,572,0.7447916666666666,3.723958333333333,1.447916666666666,1.129477429877709
gradual reference,573,0.74609375,3.73046875,1.4609375,1.129477429877709
gradual reference,574,0.7473958333333334,3.736979166666666,1.4739583333333321,1.1294774298776915
gradual reference,575,0.7486979166666666,3.743489583333333,1.486979166666666,1.129477429877709
gradual reference,576,0.75,3.75,1.5,1.129477429877709
gradual reference,577,0.7513020833333334,3.756510416666666,1.5130208333333321,1.1294774298776915
gradual reference,578,0.7526041666666666,3.763020833333333,1.526041666666666,1.129477429877709
gradual reference,579,0.75390625,3.76953125,1.5390625,1.129477429877709
gradual reference,580,0.7552083333333334,3.776041666666666,1.5520833333333321,1.1294774298776915
gradual reference,581,0.7565104166666666,3.782552083333333,1.565104166666666,1.129477429877709
gradual reference,582,0.7578125,3.7890625,1.578125,1.129477429877709
gradual reference,583,0.7591145833333334,3.795572916666666,1.5911458333333321,1.1294774298776915
gradual reference,584,0.7604166666666666,3.802083333333333,1.604166666666666,1.129477429877709
gradual reference,585,0.76171875,3.80859375,1.6171875,1.129477429877709
gradual reference,586,0.7630208333333334,3.815104166666666,1.6302083333333321,1.1294774298776915
gradual reference,587,0.7643229166666666,3.821614583333333,1.643229166666666,1.129477429877709
gradual reference,588,0.765625,3.828125,1.65625,1.129477429877709
gradual reference,589,0.7669270833333334,3.834635416666666,1.6692708333333321,1.1294774298776915
gradual reference,590,0.7682291666666666,3.841145833333333,1.682291666666666,1.129477429877709
gradual reference,591,0.76953125,3.84765625,1.6953125,1.129477429877709
gradual reference,592,0.7708333333333334,3.854166666666666,1.7083333333333321,1.1294774298776915
gradual reference,593,0.7721354166666666,3.860677083333333,1.721354166666666,1.129477429877709
gradual reference,594,0.7734375,3.8671875,1.734375,1.129477429877709
gradual reference,595,0.7747395833333334,3.873697916666666,1.7473958333333321,1.1294774298776915
gradual reference,596,0.7760416666666666,3.880208333333333,1.760416666666666,1.129477429877709
gradual reference,597,0.77734375,3.88671875,1.7734375,1.129477429877709
gradual reference,598,0.7786458333333334,3.893229166666666,1.7864583333333321,1.1294774298776915
gradual reference,599,0.7799479166666666,3.899739583333333,1.799479166666666,1.129477429877709
gradual reference,600,0.78125,3.90625,1.8125,1.129477429877709
gradual reference,601,0.7825520833333334,3.912760416666666,1.8255208333333321,1.1294774298776915
gradual reference,602,0.7838541666666666,3.919270833333333,1.838541666666666,1.129477429877709
gradual reference,603,0.78515625,3.92578125,1.8515625,1.129477429877709
gradual reference,604,0.7864583333333334,3.932291666666666,1.8645833333333321,1.1294774298776915
gradual reference,605,0.7877604166666666,3.938802083333333,1.877604166666666,1.129477429877709
gradual reference,606,0.7890625,3.9453125,1.890625,1.129477429877709
gradual reference,607,0.7903645833333334,3.951822916666666,1.9036458333333321,1.1294774298776915
gradual reference,608,0.7916666666666666,3.958333333333333,1.916666666666666,1.129477429877709
gradual reference,609,0.79296875,3.96484375,1.9296875,1.129477429877709
gradual reference,610,0.7942708333333334,3.971354166666666,1.9427083333333321,1.1294774298776915
gradual reference,611,0.7955729166666666,3.977864583333333,1.955729166666666,1.129477429877709
gradual reference,612,0.796875,3.984375,1.96875,1.129477429877709
gradual reference,613,0.7981770833333334,3.990885416666666,1.9817708333333321,1.1294774298776915
gradual reference,614,0.7994791666666666,3.997395833333333,1.994791666666666,1.129477429877709
gradual reference,615,0.80078125,4.00390625,0.0078125,1.129477429877709
gradual reference,616,0.8020833333333334,4.010416666666666,0.02083333333333215,1.1294774298776915
gradual reference,617,0.8033854166666666,4.016927083333333,0.033854166666666075,1.129477429877709
gradual reference,618,0.8046875,4.0234375,0.046875,1.129477429877709
gradual reference,619,0.8059895833333334,4.029947916666666,0.05989583333333215,1.1294774298776915
gradual reference,620,0.8072916666666666,4.036458333333333,0.07291666666666607,1.129477429877709
gradual reference,621,0.80859375,4.04296875,0.0859375,1.129477429877709
gradual reference,622,0.8098958333333334,4.049479166666666,0.09895833333333215,1.1294774298776915
gradual reference,623,0.8111979166666666,4.055989583333333,0.11197916666666607,1.129477429877709
gradual reference,624,0.8125,4.0625,0.125,1.129477429877709
gradual reference,625,0.8138020833333334,4.069010416666666,0.13802083333333215,1.1294774298776915
gradual reference,626,0.8151041666666666,4.075520833333333,0.15104166666666607,1.129477429877709
gradual reference,627,0.81640625,4.08203125,0.1640625,1.129477429877709
gradual reference,628,0.8177083333333334,4.088541666666666,0.17708333333333215,1.1294774298776915
gradual reference,629,0.8190104166666666,4.095052083333333,0.19010416666666607,1.129477429877709
gradual reference,630,0.8203125,4.1015625,0.203125,1.129477429877709
gradual reference,631,0.8216145833333334,4.108072916666666,0.21614583333333215,1.1294774298776915
gradual reference,632,0.8229166666666666,4.114583333333333,0.22916666666666607,1.129477429877709
gradual reference,633,0.82421875,4.12109375,0.2421875,1.129477429877709
gradual reference,634,0.8255208333333334,4.127604166666666,0.25520833333333215,1.1294774298776915
gradual reference,635,0.8268229166666666,4.134114583333333,0.2682291666666661,1.129477429877709
gradual reference,636,0.828125,4.140625,0.28125,1.129477429877709
gradual reference,637,0.8294270833333334,4.147135416666666,0.29427083333333215,1.1294774298776915
gradual reference,638,0.8307291666666666,4.153645833333333,0.3072916666666661,1.129477429877709
gradual reference,639,0.83203125,4.16015625,0.3203125,1.129477429877709
gradual reference,640,0.8333333333333334,4.166666666666666,0.33333333333333215,1.1294774298776915
gradual reference,641,0.8346354166666666,4.173177083333333,0.3463541666666661,1.129477429877709
gradual reference,642,0.8359375,4.1796875,0.359375,1.129477429877709
gradual reference,643,0.8372395833333334,4.186197916666666,0.37239583333333215,1.1294774298776915
gradual reference,644,0.8385416666666666,4.192708333333333,0.3854166666666661,1.129477429877709
gradual reference,645,0.83984375,4.19921875,0.3984375,1.129477429877709
gradual reference,646,0.8411458333333334,4.205729166666666,0.41145833333333215,1.1294774298776915
gradual reference,647,0.8424479166666666,4.212239583333333,0.4244791666666661,1.129477429877709
gradual reference,648,0.84375,4.21875,0.4375,1.129477429877709
gradual reference,649,0.8450520833333334,4.225260416666666,0.45052083333333215,1.1294774298776915
gradual reference,650,0.8463541666666666,4.231770833333333,0.4635416666666661,1.129477429877709
gradual reference,651,0.84765625,4.23828125,0.4765625,1.129477429877709
gradual reference,652,0.8489583333333334,4.244791666666666,0.48958333333333215,1.1294774298776915
gradual reference,653,0.8502604166666666,4.251302083333333,0.5026041666666661,1.129477429877709
gradual reference,654,0.8515625,4.2578125,0.515625,1.129477429877709
gradual reference,655,0.8528645833333334,4.264322916666666,0.5286458333333321,1.1294774298776915
gradual reference,656,0.8541666666666666,4.270833333333333,0.5416666666666661,1.129477429877709
gradual reference,657,0.85546875,4.27734375,0.5546875,1.129477429877709
gradual reference,658,0.8567708333333334,4.283854166666666,0.5677083333333321,1.1294774298776915
gradual reference,659,0.8580729166666666,4.290364583333333,0.5807291666666661,1.129477429877709
gradual reference,660,0.859375,4.296875,0.59375,1.129477429877709
gradual reference,661,0.8606770833333334,4.303385416666666,0.6067708333333321,1.1294774298776915
gradual reference,662,0.8619791666666666,4.309895833333333,0.6197916666666661,1.129477429877709
gradual reference,663,0.86328125,4.31640625,0.6328125,1.129477429877709
gradual reference,664,0.8645833333333334,4.322916666666666,0.6458333333333321,1.1294774298776915
gradual reference,665,0.8658854166666666,4.329427083333333,0.6588541666666661,1.129477429877709
gradual reference,666,0.8671875,4.3359375,0.671875,1.129477429877709
gradual reference,667,0.8684895833333334,4.342447916666666,0.6848958333333321,1.1294774298776915
gradual reference,668,0.8697916666666666,4.348958333333333,0.6979166666666661,1.129477429877709
gradual reference,669,0.87109375,4.35546875,0.7109375,1.129477429877709
gradual reference,670,0.8723958333333334,4.361979166666666,0.7239583333333321,1.1294774298776915
gradual reference,671,0.8736979166666666,4.368489583333333,0.7369791666666661,1.129477429877709
gradual reference,672,0.875,4.375,0.75,1.129477429877709
gradual reference,673,0.8763020833333334,4.381510416666666,0.7630208333333321,1.1294774298776915
gradual reference,674,0.8776041666666666,4.388020833333333,0.7760416666666661,1.129477429877709
gradual reference,675,0.87890625,4.39453125,0.7890625,1.129477429877709
gradual reference,676,0.8802083333333334,4.401041666666666,0.8020833333333321,1.1294774298776915
gradual reference,677,0.8815104166666666,4.407552083333333,0.8151041666666661,1.129477429877709
gradual reference,678,0.8828125,4.4140625,0.828125,1.129477429877709
gradual reference,679,0.8841145833333334,4.420572916666666,0.8411458333333321,1.1294774298776915
gradual reference,680,0.8854166666666666,4.427083333333333,0.8541666666666661,1.129477429877709
gradual reference,681,0.88671875,4.43359375,0.8671875,1.129477429877709
gradual reference,682,0.8880208333333334,4.440104166666666,0.8802083333333321,1.1294774298776915
gradual reference,683,0.8893229166666666,4.446614583333333,0.8932291666666661,1.129477429877709
gradual reference,684,0.890625,4.453125,0.90625,1.129477429877709
gradual reference,685,0.8919270833333334,4.459635416666666,0.9192708333333321,1.1294774298776915
gradual reference,686,0.8932291666666666,4.466145833333333,0.9322916666666661,1.129477429877709
gradual reference,687,0.89453125,4.47265625,0.9453125,1.129477429877709
gradual reference,688,0.8958333333333334,4.479166666666666,0.9583333333333321,1.1294774298776915
gradual reference,689,0.8971354166666666,4.485677083333333,0.9713541666666661,1.129477429877709
gradual reference,690,0.8984375,4.4921875,0.984375,1.129477429877709
gradual reference,691,0.8997395833333334,4.498697916666666,0.9973958333333321,1.1294774298776915
gradual reference,692,0.9010416666666666,4.505208333333333,1.010416666666666,1.129477429877709
gradual reference,693,0.90234375,4.51171875,1.0234375,1.129477429877709
gradual reference,694,0.9036458333333334,4.518229166666666,1.0364583333333321,1.1294774298776915
gradual reference,695,0.9049479166666666,4.524739583333333,1.049479166666666,1.129477429877709
gradual reference,696,0.90625,4.53125,1.0625,1.129477429877709
gradual reference,697,0.9075520833333334,4.537760416666666,1.0755208333333321,1.1294774298776915
gradual reference,698,0.9088541666666666,4.544270833333333,1.088541666666666,1.129477429877709
gradual reference,699,0.91015625,4.55078125,1.1015625,1.129477429877709
gradual reference,700,0.9114583333333334,4.557291666666666,1.1145833333333321,1.1294774298776915
gradual reference,701,0.9127604166666666,4.563802083333333,1.127604166666666,1.129477429877709
gradual reference,702,0.9140625,4.5703125,1.140625,1.129477429877709
gradual reference,703,0.9153645833333334,4.576822916666666,1.1536458333333321,1.1294774298776915
gradual reference,704,0.9166666666666666,4.583333333333333,1.166666666666666,1.129477429877709
gradual reference,705,0.91796875,4.58984375,1.1796875,1.129477429877709
gradual reference,706,0.9192708333333334,4.596354166666666,1.1927083333333321,1.1294774298776915
gradual reference,707,0.9205729166666666,4.602864583333333,1.205729166666666,1.129477429877709
gradual reference,708,0.921875,4.609375,1.21875,1.129477429877709
gradual reference,709,0.9231770833333334,4.615885416666666,1.2317708333333321,1.1294774298776915
gradual reference,710,0.9244791666666666,4.622395833333333,1.244791666666666,1.129477429877709
gradual reference,711,0.92578125,4.62890625,1.2578125,1.129477429877709
gradual reference,712,0.9270833333333334,4.635416666666666,1.2708333333333321,1.1294774298776915
gradual reference,713,0.9283854166666666,4.641927083333333,1.283854166666666,1.129477429877709
gradual reference,714,0.9296875,4.6484375,1.296875,1.129477429877709
gradual reference,715,0.9309895833333334,4.654947916666666,1.3098958333333321,1.1294774298776915
gradual reference,716,0.9322916666666666,4.661458333333333,1.322916666666666,1.129477429877709
gradual reference,717,0.93359375,4.66796875,1.3359375,1.129477429877709
gradual reference,718,0.9348958333333334,4.674479166666666,1.3489583333333321,1.1294774298776915
gradual reference,719,0.9361979166666666,4.680989583333333,1.361979166666666,1.129477429877709
gradual reference,720,0.9375,4.6875,1.375,1.129477429877709
gradual reference,721,0.9388020833333334,4.694010416666666,1.3880208333333321,1.1294774298776915
gradual reference,722,0.9401041666666666,4.700520833333333,1.401041666666666,1.129477429877709
gradual reference,723,0.94140625,4.70703125,1.4140625,1.129477429877709
gradual reference,724,0.9427083333333334,4.713541666666666,1.4270833333333321,1.1294774298776915
gradual reference,725,0.9440104166666666,4.720052083333333,1.440104166666666,1.129477429877709
gradual reference,726,0.9453125,4.7265625,1.453125,1.129477429877709
gradual reference,727,0.9466145833333334,4.733072916666666,1.4661458333333321,1.1294774298776915
gradual reference,728,0.9479166666666666,4.739583333333333,1.479166666666666,1.129477429877709
gradual reference,729,0.94921875,4.74609375,1.4921875,1.129477429877709
gradual reference,730,0.9505208333333334,4.752604166666666,1.5052083333333321,1.1294774298776915
gradual reference,731,0.9518229166666666,4.759114583333333,1.518229166666666,1.129477429877709
gradual reference,732,0.953125,4.765625,1.53125,1.129477429877709
gradual reference,733,0.9544270833333334,4.772135416666666,1.5442708333333321,1.1294774298776915
gradual reference,734,0.9557291666666666,4.778645833333333,1.557291666666666,1.129477429877709
gradual reference,735,0.95703125,4.78515625,1.5703125,1.129477429877709
gradual reference,736,0.9583333333333334,4.791666666666666,1.5833333333333321,1.1294774298776915
gradual reference,737,0.9596354166666666,4.798177083333333,1.596354166666666,1.129477429877709
gradual reference,738,0.9609375,4.8046875,1.609375,1.129477429877709
gradual reference,739,0.9622395833333334,4.811197916666666,1.6223958333333321,1.1294774298776915
gradual reference,740,0.9635416666666666,4.817708333333333,1.635416666666666,1.129477429877709
gradual reference,741,0.96484375,4.82421875,1.6484375,1.129477429877709
gradual reference,742,0.9661458333333334,4.830729166666666,1.6614583333333321,1.1294774298776915
gradual reference,743,0.9674479166666666,4.837239583333333,1.674479166666666,1.129477429877709
gradual reference,744,0.96875,4.84375,1.6875,1.129477429877709
gradual reference,745,0.9700520833333334,4.850260416666666,1.7005208333333321,1.1294774298776915
gradual reference,746,0.9713541666666666,4.856770833333333,1.713541666666666,1.129477429877709
gradual reference,747,0.97265625,4.86328125,1.7265625,1.129477429877709
gradual reference,748,0.9739583333333334,4.869791666666666,1.7395833333333321,1.1294774298776915
gradual reference,749,0.9752604166666666,4.876302083333333,1.752604166666666,1.129477429877709
gradual reference,750,0.9765625,4.8828125,1.765625,1.129477429877709
gradual reference,751,0.9778645833333334,4.889322916666666,1.7786458333333321,1.1294774298776915
gradual reference,752,0.9791666666666666,4.895833333333333,1.791666666666666,1.129477429877709
gradual reference,753,0.98046875,4.90234375,1.8046875,1.129477429877709
gradual reference,754,0.9817708333333334,4.908854166666666,1.8177083333333321,1.1294774298776915
gradual reference,755,0.9830729166666666,4.915364583333333,1.830729166666666,1.129477429877709
gradual reference,756,0.984375,4.921875,1.84375,1.129477429877709
gradual reference,757,0.9856770833333334,4.928385416666666,1.8567708333333321,1.1294774298776915
gradual reference,758,0.9869791666666666,4.934895833333333,1.869791666666666,1.129477429877709
gradual reference,759,0.98828125,4.94140625,1.8828125,1.129477429877709
gradual reference,760,0.9895833333333334,4.947916666666666,1.8958333333333321,1.1294774298776915
gradual reference,761,0.9908854166666666,4.954427083333333,1.908854166666666,1.129477429877709
gradual reference,762,0.9921875,4.9609375,1.921875,1.129477429877709
gradual reference,763,0.9934895833333334,4.967447916666666,1.9348958333333321,1.1294774298776915
gradual reference,764,0.9947916666666666,4.973958333333333,1.947916666666666,1.129477429877709
gradual reference,765,0.99609375,4.98046875,1.9609375,1.129477429877709
gradual reference,766,0.9973958333333334,4.986979166666666,1.9739583333333321,1.1294774298776915
gradual reference,767,0.9986979166666666,4.993489583333333,1.986979166666666,1.129477429877709
gradual reference,768,1.0,5.0,0.0,1.129477429877709
front-loaded,0,0.0,0.0,0.0,1.0
front-loaded,1,0.0013020833333333333,0.0114189361546127,0.0228378723092254,1.2244893418596865
front-loaded,2,0.0026041666666666665,0.022836558179866177,0.045673116359732355,1.2244643836484426
front-loaded,3,0.00390625,0.03425155229822541,0.06850310459645081,1.2244144730246458
front-loaded,4,0.005208333333333333,0.04566260543570958,0.09132521087141916,1.224339621585511
front-loaded,5,0.006510416666666667,0.05706840557343379,0.11413681114686758,1.224239846726438
front-loaded,6,0.0078125,0.06846764209886819,0.13693528419773637,1.224115171640498
front-loaded,7,0.009114583333333334,0.07985900615672058,0.15971801231344115,1.2239656253177384
front-loaded,8,0.010416666666666666,0.0912411909993488,0.1824823819986976,1.2237912425442985
front-loaded,9,0.01171875,0.10261289233660853,0.20522578467321706,1.2235920639013167
front-loaded,10,0.013020833333333334,0.11397280868504327,0.22794561737008653,1.2233681357636248
front-loaded,11,0.014322916666666666,0.12531964171632312,0.25063928343264624,1.223119510298215
front-loaded,12,0.015625,0.13665209660483849,0.27330419320967697,1.2228462454624405
front-loaded,13,0.016927083333333332,0.1479688823743562,0.2959377647487124,1.2225484050019593
front-loaded,14,0.018229166666666668,0.1592687122436453,0.3185374244872906,1.2222260584483808
front-loaded,15,0.01953125,0.17055030397097914,0.3411006079419583,1.2218792811165826
front-loaded,16,0.020833333333333332,0.18181238019742285,0.3636247603948457,1.2215081541017
front-loaded,17,0.022135416666666668,0.19305366878881297,0.38610733757762594,1.2211127642757227
front-loaded,18,0.0234375,0.20427290317633873,0.40854580635267745,1.2206932042837002
front-loaded,19,0.024739583333333332,0.21546882269563272,0.43093764539126544,1.220249572539495
front-loaded,20,0.026041666666666668,0.22664017292428176,0.4532803458485635,1.2197819732210884
front-loaded,21,0.02734375,0.23778570601766602,0.47557141203533204,1.2192905162653527
front-loaded,22,0.028645833333333332,0.24890418104303672,0.49780836208607343,1.2187753173622795
front-loaded,23,0.029947916666666668,0.2599943643117444,0.5199887286234888,1.2182364979486506
front-loaded,24,0.03125,0.27105502970952694,0.5421100594190539,1.2176741852010489
front-loaded,25,0.032552083333333336,0.28208495902476993,0.5641699180495399,1.2170885120282167
front-loaded,26,0.033854166666666664,0.2930829422746517,0.5861658845493034,1.2164796170627128
front-loaded,27,0.03515625,0.3040477780290846,0.6080955560581692,1.2158476446517847
front-loaded,28,0.036458333333333336,0.314978273732367,0.629956547464734,1.2151927448474655
front-loaded,29,0.037760416666666664,0.3258732460224595,0.651746492044919,1.2145150733958179
front-loaded,30,0.0390625,0.33673152104779935,0.6734630420955987,1.2138147917252555
front-loaded,31,0.040364583333333336,0.34755193478156865,0.6951038695631373,1.2130920669339464
front-loaded,32,0.041666666666666664,0.3583333333333333,0.7166666666666666,1.2123470717762281
front-loaded,33,0.04296875,0.3690745732579665,0.738149146515933,1.2115799846479278
front-loaded,34,0.044270833333333336,0.379774521861777,0.759549043723554,1.210790989570639
front-loaded,35,0.045572916666666664,0.3904320575057588,0.7808641150115176,1.2099802761748326
front-loaded,36,0.046875,0.40104606990588065,0.8020921398117613,1.2091480396817522
front-loaded,37,0.048177083333333336,0.41161546043033614,0.8232309208606723,1.2082944808840865
front-loaded,38,0.049479166666666664,0.4221391423936739,0.8442782847873478,1.2074198061253183
front-loaded,39,0.05078125,0.43261604134773,0.86523208269546,1.206524227277743
front-loaded,40,0.052083333333333336,0.44304509536928277,0.8860901907385655,1.2056079617190352
front-loaded,41,0.053385416666666664,0.45342525534435657,0.9068505106887131,1.2046712323074429
front-loaded,42,0.0546875,0.4637554852490937,0.9275109704981874,1.2037142673553674
front-loaded,43,0.055989583333333336,0.4740347624271238,0.9480695248542476,1.2027373006014863
front-loaded,44,0.057291666666666664,0.48426207786335396,0.9685241557267079,1.2017405711812232
front-loaded,45,0.05859375,0.4944364364541055,0.988872872908211,1.2007243235955327
front-loaded,46,0.059895833333333336,0.504556857273528,1.009113714547056,1.1996888076780599
front-loaded,47,0.061197916666666664,0.5146223738362168,1.0292447476724336,1.1986342785604955
front-loaded,48,0.0625,0.5246320343559643,1.0492640687119286,1.1975609966361331
front-loaded,49,0.06380208333333333,0.5345849020005761,1.0691698040011521,1.1964692275216267
front-loaded,50,0.06510416666666667,0.544480055142684,1.088960110285368,1.1953592420168428
front-loaded,51,0.06640625,0.5543165876064877,1.1086331752129754,1.1942313160627747
front-loaded,52,0.06770833333333333,0.5640936089103599,1.1281872178207197,1.1930857306975333
front-loaded,53,0.06901041666666667,0.5738102445052496,1.1476204890104993,1.1919227720102992
front-loaded,54,0.0703125,0.5834656360088211,1.1669312720176421,1.1907427310932719
front-loaded,55,0.07161458333333333,0.5930589414352617,1.1861178828705234,1.1895459039915028
front-loaded,56,0.07291666666666667,0.6025893354207037,1.2051786708414074,1.1883325916506904
front-loaded,57,0.07421875,0.6120560094441935,1.224112018888387,1.1871030998627896
front-loaded,58,0.07552083333333333,0.6214581720441512,1.2429163440883024,1.185857739209451
front-loaded,59,0.07682291666666667,0.6307950490302658,1.2615900980605317,1.1845968250033587
front-loaded,60,0.078125,0.6400658836907636,1.2801317673815271,1.183320677227252
front-loaded,61,0.07942708333333333,0.6492699369949981,1.2985398739899963,1.1820296204707903
front-loaded,62,0.08072916666666667,0.658406487791307,1.316812975582614,1.1807239838651393
front-loaded,63,0.08203125,0.6674748330000817,1.3349496660001634,1.1794041010153293
front-loaded,64,0.08333333333333333,0.6764742878019981,1.3529485756039963,1.1780703099302652
front-loaded,65,0.08463541666666667,0.6854041858213609,1.3708083716427217,1.176722952950577
front-loaded,66,0.0859375,0.6942638793045064,1.3885277586090128,1.1753623766740304
front-loaded,67,0.08723958333333333,0.7030527392932234,1.4061054785864469,1.173988931878774
front-loaded,68,0.08854166666666667,0.7117701557931397,1.4235403115862795,1.1726029734442114
front-loaded,69,0.08984375,0.7204155379370331,1.4408310758740661,1.1712048602696299
front-loaded,70,0.09114583333333333,0.7289883141430193,1.4579766282860387,1.1697949551904845
front-loaded,71,0.09244791666666667,0.7374879322675807,1.4749758645351614,1.1683736248924959
front-loaded,72,0.09375,0.745913859753386,1.491827719506772,1.1669412398233654
front-loaded,73,0.09505208333333333,0.7542655837718703,1.5085311675437405,1.1654981741023467
front-loaded,74,0.09635416666666667,0.762542611360531,1.525085222721062,1.1640448054275134
front-loaded,75,0.09765625,0.7707444695549062,1.5414889391098123,1.1625815149808423
front-loaded,76,0.09895833333333333,0.7788707055151983,1.5577414110303966,1.1611086873311138
front-loaded,77,0.10026041666666667,0.7869208866475106,1.5738417732950212,1.1596267103346227
front-loaded,78,0.1015625,0.7948946007196627,1.5897892014393253,1.1581359750337963
front-loaded,79,0.10286458333333333,0.8027914559715552,1.6055829119431104,1.1566368755536844
front-loaded,80,0.10416666666666667,0.8106110812200538,1.6212221624401075,1.1551298089964148
front-loaded,81,0.10546875,0.8183531259583632,1.6367062519167264,1.1536151753336032
front-loaded,82,0.10677083333333333,0.8260172604498667,1.6520345208997333,1.1520933772968032
front-loaded,83,0.10807291666666667,0.8336031758164048,1.6672063516328095,1.1505648202660308
front-loaded,84,0.109375,0.8411105841209692,1.6822211682419383,1.1490299121563836
front-loaded,85,0.11067708333333333,0.8485392184447899,1.6970784368895797,1.1474890633028276
front-loaded,86,0.11197916666666667,0.855888832958797,1.711777665917594,1.1459426863432647
front-loaded,87,0.11328125,0.8631592029894343,1.7263184059788685,1.144391196099778
front-loaded,88,0.11458333333333333,0.8703501250788098,1.7407002501576196,1.1428350094583128
front-loaded,89,0.11588541666666667,0.8774614170391666,1.7549228340783332,1.1412745452466906
front-loaded,90,0.1171875,0.8844929180016591,1.7689858360033182,1.1397102241111448
front-loaded,91,0.11848958333333333,0.8914444884594208,1.7828889769188416,1.1381424683913173
front-loaded,92,0.11979166666666667,0.8983160103049143,1.7966320206098285,1.1365717019939328
front-loaded,93,0.12109375,0.9051073868615517,1.8102147737231034,1.1349983502651062
front-loaded,94,0.12239583333333333,0.9118185429095762,1.8236370858191524,1.1334228398613555
front-loaded,95,0.12369791666666667,0.9184494247062018,1.8368988494124037,1.1318455986195413
front-loaded,96,0.125,0.925,1.85,1.130267055425569
front-loaded,97,0.12630208333333334,0.9314702580395351,1.8629405160790702,1.1286876400821793
front-loaded,98,0.12760416666666666,0.9378602095762429,1.8757204191524859,1.1271077831757392
front-loaded,99,0.12890625,0.9441698868615517,1.8883397737231034,1.1255279159421407
front-loaded,100,0.13020833333333334,0.9503993436382476,1.9007986872764953,1.1239484701319824
front-loaded,101,0.13151041666666666,0.9565486551260873,1.9130973102521747,1.1223698778750109
front-loaded,102,0.1328125,0.9626179180016591,1.9252358360033182,1.1207925715439413
front-loaded,103,0.13411458333333334,0.9686072503724998,1.9372145007449997,1.1192169836177561
front-loaded,104,0.13541666666666666,0.9745167917454765,1.949033583490953,1.117643546544597
front-loaded,105,0.13671875,0.9803467029894343,1.9606934059788685,1.1160726926041924
front-loaded,106,0.13802083333333334,0.9860971662921303,1.9721943325842606,1.1145048537701507
front-loaded,107,0.13932291666666666,0.9917683851114566,1.9835367702229132,1.112940461571956
front-loaded,108,0.140625,0.9973605841209692,1.9947211682419383,1.1113799469569
front-loaded,109,0.14192708333333334,1.0028740091497381,0.005748018299476243,1.109823740152032
front-loaded,110,0.14322916666666666,1.0083089271165333,0.01661785423306661,1.1082722705261396
front-loaded,111,0.14453125,1.0136656259583632,0.027331251916726362,1.1067259664518907
front-loaded,112,0.14583333333333334,1.018944414553387,0.03788882910677405,1.1051852551682388
front-loaded,113,0.14713541666666666,1.024145622638222,0.048291245276443906,1.1036505626431765
front-loaded,114,0.1484375,1.0292696007196627,0.05853920143932534,1.1021223134368119
front-loaded,115,0.14973958333333334,1.0343167199808438,0.06863343996168769,1.100600930565071
front-loaded,116,0.15104166666666666,1.039287372181865,0.07857474436372991,1.0990868353638659
front-loaded,117,0.15234375,1.0441819695549062,0.08836393910981233,1.0975804473539652
front-loaded,118,0.15364583333333334,1.0490009446938644,0.0980018893877288,1.0960821841066184
front-loaded,119,0.15494791666666666,1.0537447504385369,0.10748950087707376,1.0945924611099518
front-loaded,120,0.15625,1.058413859753386,0.11682771950677218,1.0931116916363133
front-loaded,121,0.15755208333333334,1.063008765600914,0.1260175312018279,1.0916402866104908
front-loaded,122,0.15885416666666666,1.067529980809686,0.13505996161937217,1.0901786544791048
front-loaded,123,0.16015625,1.0719780379370332,0.14395607587406634,1.0887272010809472
front-loaded,124,0.16145833333333334,1.0763534891264732,0.15270697825294643,1.0872863295186375
front-loaded,125,0.16276041666666666,1.08065690595989,0.16131381191978011,1.085856440031464
front-loaded,126,0.1640625,1.0848888793045066,0.16977775860901323,1.0844379298695193
front-loaded,127,0.16536458333333334,1.0890500191546941,0.17810003830938825,1.0830311931692052
front-loaded,128,0.16666666666666666,1.093140954468665,0.18628190893733,1.081636620830281
front-loaded,129,0.16796875,1.0971623330000817,0.1943246660001634,1.0802546003941729
front-loaded,130,0.16927083333333334,1.1011148211246404,0.20222964224928086,1.0788855159240982
front-loaded,131,0.17057291666666666,1.1049991036616647,0.2099982073233293,1.0775297478865666
front-loaded,132,0.171875,1.1088158836907636,0.21763176738152712,1.0761876730346696
front-loaded,133,0.17317708333333334,1.112565882363599,0.2251317647271982,1.0748596642929578
front-loaded,134,0.17447916666666666,1.116249838710818,0.2324996774216359,1.0735460906441803
front-loaded,135,0.17578125,1.1198685094441934,0.23973701888838672,1.072247317017669
front-loaded,136,0.17708333333333334,1.1234226687540372,0.24684533750807436,1.070963704179694
front-loaded,137,0.17838541666666666,1.1269131081019284,0.2538262162038567,1.0696956086255196
front-loaded,138,0.1796875,1.130340636008821,0.26068127201764213,1.0684433824735073
front-loaded,139,0.18098958333333334,1.133706077838583,0.26741215567716603,1.0672073733610223
front-loaded,140,0.18229166666666666,1.1370102755770264,0.27402055115405277,1.0659879243423853
front-loaded,141,0.18359375,1.1402540876064875,0.280508175212975,1.064785373788744
front-loaded,142,0.18489583333333334,1.1434383884760173,0.2868767769520346,1.0636000552899874
front-loaded,143,0.18619791666666666,1.1465640686672427,0.2931281373344854,1.062432297558653
front-loaded,144,0.1875,1.1496320343559643,0.29926406871192857,1.0612824243359449
front-loaded,145,0.18880208333333334,1.15264320716955,0.3052864143391001,1.0601507542997202
front-loaded,146,0.19010416666666666,1.1555985239401947,0.3111970478803894,1.0590376009746525
front-loaded,147,0.19140625,1.1584989364541056,0.31699787290821124,1.0579432726443803
front-loaded,148,0.19270833333333334,1.1613454111966872,0.32269082239337443,1.0568680722658403
front-loaded,149,0.19401041666666666,1.1641389290937905,0.32827785818758093,1.055812297385684
front-loaded,150,0.1953125,1.1668804852490937,0.3337609704981874,1.0547762400587295
front-loaded,151,0.19661458333333334,1.1695710886776898,0.33914217735537955,1.0537601867686242
front-loaded,152,0.19791666666666666,1.1722117620359496,0.34442352407189913,1.0527644183505944
front-loaded,153,0.19921875,1.17480354134773,0.34960708269546004,1.0517892099162127
front-loaded,154,0.20052083333333334,1.1773474757270073,0.35469495145401453,1.0508348307804254
front-loaded,155,0.20182291666666666,1.1798446270970029,0.35968925419400577,1.0499015443905497
front-loaded,156,0.203125,1.1822960699058807,0.3645921398117613,1.04898960825741
front-loaded,157,0.20442708333333334,1.1847028908390922,0.3694057816781844,1.0480992738886037
front-loaded,158,0.20572916666666666,1.1870661885284437,0.3741323770568874,1.0472307867237445
front-loaded,159,0.20703125,1.1893870732579666,0.3787741465159331,1.046384386071866
front-loaded,160,0.20833333333333334,1.1916666666666667,0.3833333333333333,1.0455603050507967
front-loaded,161,0.20963541666666666,1.1939061014482353,0.38781220289647056,1.044758770528634
front-loaded,162,0.2109375,1.1961065210477992,0.3922130420955985,1.0439800030671853
front-loaded,163,0.21223958333333334,1.1982690793557929,0.3965381587115857,1.043224216867439
front-loaded,164,0.21354166666666666,1.2003949403990337,0.40078988079806743,1.0424916197170209
front-loaded,165,0.21484375,1.2024852780290844,0.4049705560581689,1.0417824129396076
front-loaded,166,0.21614583333333334,1.2045412756079852,0.40908255121597037,1.0410967913463154
front-loaded,167,0.21744791666666666,1.2065641256914366,0.4131282513828731,1.0404349431889297
front-loaded,168,0.21875,1.2085550297095269,0.41711005941905377,1.0397970501152203
front-loaded,169,0.22005208333333334,1.2105151976450776,0.4210303952901553,1.0391832871259208
front-loaded,170,0.22135416666666666,1.2124458477097035,0.4248916954194071,1.0385938225337734
front-loaded,171,0.22265625,1.214348206017666,0.42869641203533204,1.0380288179242698
front-loaded,172,0.22395833333333334,1.2162235062576152,0.43244701251523043,1.0374884281183663
front-loaded,173,0.22526041666666666,1.2180729893622995,0.4361459787245989,1.0369728011368324
front-loaded,174,0.2265625,1.2198979031763388,0.4397958063526777,1.0364820781665425
front-loaded,175,0.22786458333333334,1.2216995021221464,0.4433990042442928,1.0360163935284248
front-loaded,176,0.22916666666666666,1.2234790468640897,0.4469580937281794,1.035575874647221
front-loaded,177,0.23046875,1.2252378039709793,0.4504756079419585,1.035160642022898
front-loaded,178,0.23177083333333334,1.2269770455769786,0.45395409115395724,1.0347708092038572
front-loaded,179,0.23307291666666666,1.2286980490410229,0.45739609808204573,1.034406482761743
front-loaded,180,0.234375,1.2304020966048386,0.46080419320967714,1.0340677622679615
front-loaded,181,0.23567708333333334,1.2320904750496564,0.4641809500993128,1.0337547402718388
front-loaded,182,0.23697916666666666,1.2337644753517099,0.4675289507034197,1.0334675022804436
front-loaded,183,0.23828125,1.2354253923366085,0.47085078467321706,1.0332061267399562
front-loaded,184,0.23958333333333334,1.2370745243326822,0.47414904866536434,1.032970685018706
front-loaded,185,0.24088541666666666,1.2387131728233873,0.47742634564677466,1.0327612413917884
front-loaded,186,0.2421875,1.2403426420988681,0.48068528419773626,1.0325778530272203
front-loaded,187,0.24348958333333334,1.241964238906767,0.4839284778135342,1.0324205699737177
front-loaded,188,0.24479166666666666,1.2435792721023762,0.48715854420475235,1.0322894351499592
front-loaded,189,0.24609375,1.2451890522982254,0.4903781045964508,1.0321844843354726
front-loaded,190,0.24739583333333334,1.2467948915131994,0.4935897830263989,1.0321057461629852
front-loaded,191,0.24869791666666666,1.2483981028212794,0.4967962056425588,1.032053242112377
front-loaded,192,0.25,1.25,0.5,1.032026986506079
front-loaded,193,0.2513020833333333,1.2516018971787206,0.5032037943574412,1.032026986506079
front-loaded,194,0.2526041666666667,1.2532051084868003,0.5064102169736007,1.0320532421123725
front-loaded,195,0.25390625,1.2548109477017746,0.5096218954035492,1.0321057461629897
front-loaded,196,0.2552083333333333,1.2564207278976236,0.5128414557952472,1.0321844843354682
front-loaded,197,0.2565104166666667,1.2580357610932327,0.5160715221864653,1.0322894351499592
front-loaded,198,0.2578125,1.2596573579011319,0.5193147158022637,1.0324205699737221
front-loaded,199,0.2591145833333333,1.261286827176613,0.5225736543532258,1.0325778530272247
front-loaded,200,0.2604166666666667,1.2629254756673178,0.5258509513346357,1.032761241391784
front-loaded,201,0.26171875,1.2645746076633915,0.5291492153267829,1.032970685018706
front-loaded,202,0.2630208333333333,1.2662355246482901,0.5324710492965803,1.0332061267399562
front-loaded,203,0.2643229166666667,1.2679095249503436,0.5358190499006872,1.0334675022804436
front-loaded,204,0.265625,1.2695979033951614,0.5391958067903229,1.0337547402718388
front-loaded,205,0.2669270833333333,1.2713019509589771,0.5426039019179543,1.0340677622679615
front-loaded,206,0.2682291666666667,1.2730229544230216,0.5460459088460432,1.0344064827617474
front-loaded,207,0.26953125,1.274762196029021,0.5495243920580419,1.0347708092038572
front-loaded,208,0.2708333333333333,1.2765209531359103,0.5530419062718206,1.0351606420228936
front-loaded,209,0.2721354166666667,1.2783004978778536,0.5566009957557072,1.035575874647221
front-loaded,210,0.2734375,1.2801020968236614,0.5602041936473228,1.0360163935284292
front-loaded,211,0.2747395833333333,1.2819270106377005,0.5638540212754011,1.036482078166538
front-loaded,212,0.2760416666666667,1.2837764937423848,0.5675529874847696,1.0369728011368324
front-loaded,213,0.27734375,1.285651793982334,0.571303587964668,1.0374884281183663
front-loaded,214,0.2786458333333333,1.2875541522902967,0.5751083045805934,1.0380288179242743
front-loaded,215,0.2799479166666667,1.2894848023549221,0.5789696047098443,1.0385938225337645
front-loaded,216,0.28125,1.2914449702904731,0.5828899405809462,1.0391832871259252
front-loaded,217,0.2825520833333333,1.2934358743085634,0.5868717486171269,1.0397970501152203
front-loaded,218,0.2838541666666667,1.2954587243920148,0.5909174487840296,1.0404349431889297
front-loaded,219,0.28515625,1.2975147219709156,0.5950294439418311,1.0410967913463154
front-loaded,220,0.2864583333333333,1.299605059600966,0.5992101192019321,1.0417824129396032
front-loaded,221,0.2877604166666667,1.3017309206442071,0.6034618412884143,1.0424916197170253
front-loaded,222,0.2890625,1.3038934789522008,0.6077869579044015,1.043224216867439
front-loaded,223,0.2903645833333333,1.3060938985517647,0.6121877971035294,1.0439800030671853
front-loaded,224,0.2916666666666667,1.3083333333333333,0.6166666666666667,1.044758770528634
front-loaded,225,0.29296875,1.3106129267420337,0.6212258534840673,1.045560305050801
front-loaded,226,0.2942708333333333,1.3129338114715563,0.6258676229431126,1.0463843860718616
front-loaded,227,0.2955729166666667,1.3152971091609078,0.6305942183218156,1.0472307867237445
front-loaded,228,0.296875,1.3177039300941196,0.6354078601882391,1.0480992738886081
front-loaded,229,0.2981770833333333,1.3201553729029971,0.6403107458059942,1.0489896082574055
front-loaded,230,0.2994791666666667,1.3226525242729927,0.6453050485459855,1.0499015443905497
front-loaded,231,0.30078125,1.32519645865227,0.65039291730454,1.0508348307804254
front-loaded,232,0.3020833333333333,1.3277882379640504,0.6555764759281009,1.0517892099162127
front-loaded,233,0.3033854166666667,1.33042891132231,0.66085782264462,1.05276441835059
front-loaded,234,0.3046875,1.3331195147509065,0.666239029501813,1.053760186768633
front-loaded,235,0.3059895833333333,1.3358610709062093,0.6717221418124186,1.0547762400587206
front-loaded,236,0.3072916666666667,1.3386545888033123,0.6773091776066247,1.0558122973856796
front-loaded,237,0.30859375,1.3415010635458946,0.6830021270917892,1.0568680722658537
front-loaded,238,0.3098958333333333,1.3444014760598053,0.6888029521196106,1.0579432726443758
front-loaded,239,0.3111979166666667,1.3473567928304497,0.6947135856608995,1.059037600974648
front-loaded,240,0.3125,1.3503679656440357,0.7007359312880714,1.0601507542997246
front-loaded,241,0.3138020833333333,1.3534359313327573,0.7068718626655146,1.0612824243359449
front-loaded,242,0.3151041666666667,1.3565616115239827,0.7131232230479654,1.062432297558653
front-loaded,243,0.31640625,1.3597459123935125,0.719491824787025,1.0636000552899874
front-loaded,244,0.3177083333333333,1.3629897244229734,0.7259794488459468,1.0647853737887396
front-loaded,245,0.3190104166666667,1.366293922161417,0.732587844322834,1.0659879243423898
front-loaded,246,0.3203125,1.3696593639911792,0.7393187279823583,1.0672073733610268
front-loaded,247,0.3216145833333333,1.3730868918980716,0.7461737837961433,1.068443382473503
front-loaded,248,0.3229166666666667,1.3765773312459628,0.7531546624919256,1.0696956086255196
front-loaded,249,0.32421875,1.3801314905558066,0.7602629811116133,1.070963704179694
front-loaded,250,0.3255208333333333,1.383750161289182,0.7675003225783641,1.072247317017669
front-loaded,251,0.3268229166666667,1.387434117636401,0.7748682352728018,1.0735460906441803
front-loaded,252,0.328125,1.3911841163092364,0.7823682326184729,1.0748596642929578
front-loaded,253,0.3294270833333333,1.3950008963383353,0.7900017926766707,1.0761876730346696
front-loaded,254,0.3307291666666667,1.3988851788753596,0.7977703577507191,1.0775297478865666
front-loaded,255,0.33203125,1.4028376669999185,0.805675333999837,1.0788855159241026
front-loaded,256,0.3333333333333333,1.406859045531335,0.81371809106267,1.0802546003941684
front-loaded,257,0.3346354166666667,1.4109499808453059,0.8218999616906117,1.081636620830281
front-loaded,258,0.3359375,1.4151111206954936,0.8302222413909872,1.0830311931692096
front-loaded,259,0.3372395833333333,1.4193430940401097,0.8386861880802194,1.0844379298695104
front-loaded,260,0.3385416666666667,1.4236465108735268,0.8472930217470536,1.0858564400314685
front-loaded,261,0.33984375,1.4280219620629668,0.8560439241259337,1.0872863295186375
front-loaded,262,0.3411458333333333,1.432470019190314,0.8649400383806278,1.0887272010809472
front-loaded,263,0.3424479166666667,1.4369912343990858,0.8739824687981717,1.0901786544791003
front-loaded,264,0.34375,1.441586140246614,0.8831722804932278,1.0916402866104953
front-loaded,265,0.3450520833333333,1.4462552495614631,0.8925104991229262,1.0931116916363133
front-loaded,266,0.3463541666666667,1.4509990553061356,0.9019981106122712,1.0945924611099518
front-loaded,267,0.34765625,1.4558180304450938,0.9116360608901877,1.0960821841066184
front-loaded,268,0.3489583333333333,1.4607126278181348,0.9214252556362696,1.097580447353961
front-loaded,269,0.3502604166666667,1.4656832800191562,0.9313665600383123,1.0990868353638703
front-loaded,270,0.3515625,1.4707303992803373,0.9414607985606747,1.100600930565071
front-loaded,271,0.3528645833333333,1.475854377361778,0.9517087547235561,1.1021223134368119
front-loaded,272,0.3541666666666667,1.481055585446613,0.962111170893226,1.1036505626431765
front-loaded,273,0.35546875,1.4863343740416368,0.9726687480832736,1.1051852551682388
front-loaded,274,0.3567708333333333,1.4916910728834665,0.983382145766933,1.1067259664518863
front-loaded,275,0.3580729166666667,1.4971259908502614,0.9942519817005229,1.1082722705261354
front-loaded,276,0.359375,1.502639415879031,1.005278831758062,1.109823740152045
front-loaded,277,0.3606770833333333,1.5082316148885433,1.0164632297770866,1.1113799469568932
front-loaded,278,0.3619791666666667,1.5139028337078695,1.027805667415739,1.1129404615719538
front-loaded,279,0.36328125,1.5196532970105658,1.0393065940211317,1.1145048537701574
front-loaded,280,0.3645833333333333,1.5254832082545233,1.0509664165090467,1.1160726926041857
front-loaded,281,0.3658854166666667,1.5313927496275,1.0627854992549999,1.117643546544597
front-loaded,282,0.3671875,1.5373820819983408,1.0747641639966816,1.1192169836177583
front-loaded,283,0.3684895833333333,1.5434513448739122,1.0869026897478244,1.1207925715439346
front-loaded,284,0.3697916666666667,1.549600656361752,1.0992013127235039,1.1223698778750109
front-loaded,285,0.37109375,1.5558301131384482,1.1116602262768964,1.123948470131989
front-loaded,286,0.3723958333333333,1.5621397904237568,1.1242795808475137,1.1255279159421385
front-loaded,287,0.3736979166666667,1.5685297419604647,1.1370594839209294,1.1271077831757392
front-loaded,288,0.375,1.575,1.15,1.1286876400821837
front-loaded,289,0.3763020833333333,1.581550575293798,1.1631011505875959,1.1302670554255645
front-loaded,290,0.3776041666666667,1.5881814570904234,1.1763629141808467,1.1318455986195368
front-loaded,291,0.37890625,1.5948926131384482,1.1897852262768964,1.133422839861362
front-loaded,292,0.3802083333333333,1.6016839896950854,1.2033679793901708,1.1349983502651018
front-loaded,293,0.3815104166666667,1.6085555115405792,1.2171110230811584,1.1365717019939392
front-loaded,294,0.3828125,1.6155070819983408,1.2310141639966816,1.138142468391315
front-loaded,295,0.3841145833333333,1.6225385829608332,1.2450771659216664,1.1397102241111425
front-loaded,296,0.3854166666666667,1.6296498749211898,1.2592997498423797,1.1412745452466884
front-loaded,297,0.38671875,1.6368407970105658,1.2736815940211317,1.1428350094583215
front-loaded,298,0.3880208333333333,1.6441111670412027,1.2882223340824055,1.1443911960997715
front-loaded,299,0.3893229166666667,1.6514607815552098,1.3029215631104196,1.1459426863432625
front-loaded,300,0.390625,1.658889415879031,1.317778831758062,1.1474890633028383
front-loaded,301,0.3919270833333333,1.666396824183595,1.3327936483671898,1.1490299121563727
front-loaded,302,0.3932291666666667,1.673982739550133,1.347965479100266,1.1505648202660308
front-loaded,303,0.39453125,1.6816468740416368,1.3632937480832736,1.1520933772968096
front-loaded,304,0.3958333333333333,1.689388918779946,1.378777837559892,1.153615175333599
front-loaded,305,0.3971354166666667,1.6972085440284446,1.3944170880568891,1.1551298089964148
front-loaded,306,0.3984375,1.7051053992803373,1.4102107985606747,1.1566368755536887
front-loaded,307,0.3997395833333333,1.7130791133524892,1.4261582267049784,1.1581359750337918
front-loaded,308,0.4010416666666667,1.7211292944848013,1.4422585889696027,1.1596267103346205
front-loaded,309,0.40234375,1.7292555304450938,1.4585110608901877,1.1611086873311203
front-loaded,310,0.4036458333333333,1.7374573886394686,1.4749147772789373,1.1625815149808358
front-loaded,311,0.4049479166666667,1.7457344162281296,1.4914688324562593,1.1640448054275179
front-loaded,312,0.40625,1.754086140246614,1.5081722804932278,1.1654981741023467
front-loaded,313,0.4075520833333333,1.762512067732419,1.5250241354648382,1.1669412398233632
front-loaded,314,0.4088541666666667,1.7710116858569802,1.5420233717139604,1.1683736248924916
front-loaded,315,0.41015625,1.7795844620629668,1.5591689241259337,1.169794955190491
front-loaded,316,0.4114583333333333,1.78822984420686,1.57645968841372,1.1712048602696277
front-loaded,317,0.4127604166666667,1.7969472607067762,1.5938945214135525,1.1726029734442092
front-loaded,318,0.4140625,1.8057361206954936,1.6114722413909872,1.1739889318787804
front-loaded,319,0.4153645833333333,1.814595814178639,1.6291916283572778,1.175362376674026
front-loaded,320,0.4166666666666667,1.8235257121980015,1.647051424396003,1.176722952950575
front-loaded,321,0.41796875,1.8325251669999183,1.6650503339998366,1.1780703099302716
front-loaded,322,0.4192708333333333,1.8415935122086928,1.6831870244173857,1.1794041010153251
front-loaded,323,0.4205729166666667,1.8507300630050016,1.7014601260100033,1.1807239838651393
front-loaded,324,0.421875,1.8599341163092364,1.7198682326184729,1.1820296204707947
front-loaded,325,0.4231770833333333,1.869204950969734,1.7384099019394679,1.1833206772272478
front-loaded,326,0.4244791666666667,1.8785418279558486,1.7570836559116971,1.1845968250033587
front-loaded,327,0.42578125,1.8879439905558066,1.7758879811116133,1.1858577392094574
front-loaded,328,0.4270833333333333,1.8974106645792959,1.7948213291585917,1.187103099862779
front-loaded,329,0.4283854166666667,1.9069410585647377,1.8138821171294754,1.1883325916506884
front-loaded,330,0.4296875,1.916534363991179,1.8330687279823579,1.1895459039915135
front-loaded,331,0.4309895833333333,1.9261897554947502,1.8523795109895005,1.19074273109327
front-loaded,332,0.4322916666666667,1.93590639108964,1.8718127821792798,1.191922772010297
front-loaded,333,0.43359375,1.9456834123935125,1.891366824787025,1.193085730697542
front-loaded,334,0.4348958333333333,1.9555199448573157,1.9110398897146315,1.194231316062766
front-loaded,335,0.4361979166666667,1.9654150979994236,1.9308301959988472,1.1953592420168406
front-loaded,336,0.4375,1.9753679656440357,1.9507359312880714,1.196469227521633
front-loaded,337,0.4388020833333333,1.9853776261637828,1.9707552523275655,1.1975609966361247
front-loaded,338,0.4401041666666667,1.9954431427264716,1.9908862854529432,1.1986342785604955
front-loaded,339,0.44140625,2.0055635635458944,0.011127127091788758,1.1996888076780663
front-loaded,340,0.4427083333333333,2.015737922136646,0.03147584427329164,1.2007243235955305
front-loaded,341,0.4440104166666667,2.025965237572876,0.051930475145751664,1.2017405711812201
front-loaded,342,0.4453125,2.0362445147509063,0.07248902950181257,1.2027373006014939
front-loaded,343,0.4466145833333333,2.0465747446556435,0.09314948931128697,1.2037142673553682
front-loaded,344,0.4479166666666667,2.0569549046307167,0.11390980926143346,1.2046712323074322
front-loaded,345,0.44921875,2.06738395865227,0.13476791730453996,1.2056079617190447
front-loaded,346,0.4505208333333333,2.0778608576063258,0.15572171521265155,1.2065242272777366
front-loaded,347,0.4518229166666667,2.0883845395696636,0.17676907913932727,1.2074198061253205
front-loaded,348,0.453125,2.0989539300941193,0.1979078601882387,1.2082944808840907
front-loaded,349,0.4544270833333333,2.109567942494241,0.21913588498848213,1.20914803968175
front-loaded,350,0.4557291666666667,2.120225478138223,0.24045095627644564,1.2099802761748317
front-loaded,351,0.45703125,2.1309254267420337,0.26185085348406734,1.2107909895706455
front-loaded,352,0.4583333333333333,2.1416666666666666,0.2833333333333332,1.2115799846479225
front-loaded,353,0.4596354166666667,2.152448065218431,0.3048961304368616,1.2123470717762197
front-loaded,354,0.4609375,2.1632684789522005,0.32653695790440107,1.2130920669339549
front-loaded,355,0.4622395833333333,2.17412675397754,0.34825350795508037,1.2138147917252513
front-loaded,356,0.4635416666666667,2.1850217262676326,0.37004345253526516,1.2145150733958157
front-loaded,357,0.46484375,2.195952221970915,0.3919044439418302,1.2151927448474689
front-loaded,358,0.4661458333333333,2.206917057725348,0.4138341154506957,1.2158476446517816
front-loaded,359,0.4674479166666667,2.2179150409752295,0.435830081950459,1.2164796170627106
front-loaded,360,0.46875,2.228944970290473,0.45788994058094623,1.2170885120282284
front-loaded,361,0.4700520833333333,2.2400056356882554,0.4800112713765108,1.2176741852010435
front-loaded,362,0.4713541666666667,2.251095818956963,0.502191637913926,1.2182364979486489
front-loaded,363,0.47265625,2.2622142939823338,0.5244285879646675,1.218775317362281
front-loaded,364,0.4739583333333333,2.273359827075718,0.5467196541514356,1.219290516265349
front-loaded,365,0.4752604166666667,2.284531177304367,0.5690623546087341,1.219781973221092
front-loaded,366,0.4765625,2.2957270968236614,0.5914541936473228,1.2202495725395013
front-loaded,367,0.4778645833333333,2.306946331211187,0.6138926624223737,1.2206932042836949
front-loaded,368,0.4791666666666667,2.318187619802577,0.6363752396051536,1.2211127642757194
front-loaded,369,0.48046875,2.3294496960290205,0.658899392058041,1.2215081541017
front-loaded,370,0.4817708333333333,2.340731287756354,0.6814625755127084,1.2218792811165793
front-loaded,371,0.4830729166666667,2.352031117625643,0.7040622352512864,1.222226058448379
front-loaded,372,0.484375,2.3633479033951614,0.7266958067903229,1.2225484050019688
front-loaded,373,0.4856770833333333,2.3746803582836766,0.7493607165673533,1.2228462454624371
front-loaded,374,0.4869791666666667,2.386027191314956,0.7720543826299124,1.22311951029821
front-loaded,375,0.48828125,2.3973871076633912,0.7947742153267825,1.2233681357636303
front-loaded,376,0.4895833333333333,2.408758809000651,0.8175176180013022,1.2235920639013187
front-loaded,377,0.4908854166666667,2.420140993843279,0.8402819876865584,1.223791242544296
front-loaded,378,0.4921875,2.431532357901132,0.8630647158022642,1.2239656253177482
front-loaded,379,0.4934895833333333,2.4429315944265664,0.8858631888531328,1.224115171640496
front-loaded,380,0.4947916666666667,2.4543373945642903,0.9086747891285807,1.2242398467264333
front-loaded,381,0.49609375,2.465748447701775,0.9314968954035496,1.2243396215855167
front-loaded,382,0.4973958333333333,2.4771634418201334,0.9543268836402667,1.2244144730246331
front-loaded,383,0.4986979166666667,2.4885810638453867,0.9771621276907734,1.2244643836484395
front-loaded,384,0.5,2.5,1.0,1.224489341859698
front-loaded,385,0.5013020833333334,2.506510416666666,1.0130208333333321,1.1294774298776915
front-loaded,386,0.5026041666666666,2.513020833333333,1.026041666666666,1.129477429877709
front-loaded,387,0.50390625,2.51953125,1.0390625,1.129477429877709
front-loaded,388,0.5052083333333334,2.526041666666666,1.0520833333333321,1.1294774298776915
front-loaded,389,0.5065104166666666,2.532552083333333,1.065104166666666,1.129477429877709
front-loaded,390,0.5078125,2.5390625,1.078125,1.129477429877709
front-loaded,391,0.5091145833333334,2.545572916666666,1.0911458333333321,1.1294774298776915
front-loaded,392,0.5104166666666666,2.552083333333333,1.104166666666666,1.129477429877709
front-loaded,393,0.51171875,2.55859375,1.1171875,1.129477429877709
front-loaded,394,0.5130208333333334,2.565104166666666,1.1302083333333321,1.1294774298776915
front-loaded,395,0.5143229166666666,2.571614583333333,1.143229166666666,1.129477429877709
front-loaded,396,0.515625,2.578125,1.15625,1.129477429877709
front-loaded,397,0.5169270833333334,2.584635416666666,1.1692708333333321,1.1294774298776915
front-loaded,398,0.5182291666666666,2.591145833333333,1.182291666666666,1.129477429877709
front-loaded,399,0.51953125,2.59765625,1.1953125,1.129477429877709
front-loaded,400,0.5208333333333334,2.604166666666666,1.2083333333333321,1.1294774298776915
front-loaded,401,0.5221354166666666,2.610677083333333,1.221354166666666,1.129477429877709
front-loaded,402,0.5234375,2.6171875,1.234375,1.129477429877709
front-loaded,403,0.5247395833333334,2.623697916666666,1.2473958333333321,1.1294774298776915
front-loaded,404,0.5260416666666666,2.630208333333333,1.260416666666666,1.129477429877709
front-loaded,405,0.52734375,2.63671875,1.2734375,1.129477429877709
front-loaded,406,0.5286458333333334,2.643229166666666,1.2864583333333321,1.1294774298776915
front-loaded,407,0.5299479166666666,2.649739583333333,1.299479166666666,1.129477429877709
front-loaded,408,0.53125,2.65625,1.3125,1.129477429877709
front-loaded,409,0.5325520833333334,2.662760416666666,1.3255208333333321,1.1294774298776915
front-loaded,410,0.5338541666666666,2.669270833333333,1.338541666666666,1.129477429877709
front-loaded,411,0.53515625,2.67578125,1.3515625,1.129477429877709
front-loaded,412,0.5364583333333334,2.682291666666666,1.3645833333333321,1.1294774298776915
front-loaded,413,0.5377604166666666,2.688802083333333,1.377604166666666,1.129477429877709
front-loaded,414,0.5390625,2.6953125,1.390625,1.129477429877709
front-loaded,415,0.5403645833333334,2.701822916666666,1.4036458333333321,1.1294774298776915
front-loaded,416,0.5416666666666666,2.708333333333333,1.416666666666666,1.129477429877709
front-loaded,417,0.54296875,2.71484375,1.4296875,1.129477429877709
front-loaded,418,0.5442708333333334,2.721354166666666,1.4427083333333321,1.1294774298776915
front-loaded,419,0.5455729166666666,2.727864583333333,1.455729166666666,1.129477429877709
front-loaded,420,0.546875,2.734375,1.46875,1.129477429877709
front-loaded,421,0.5481770833333334,2.740885416666666,1.4817708333333321,1.1294774298776915
front-loaded,422,0.5494791666666666,2.747395833333333,1.494791666666666,1.129477429877709
front-loaded,423,0.55078125,2.75390625,1.5078125,1.129477429877709
front-loaded,424,0.5520833333333334,2.760416666666666,1.5208333333333321,1.1294774298776915
front-loaded,425,0.5533854166666666,2.766927083333333,1.533854166666666,1.129477429877709
front-loaded,426,0.5546875,2.7734375,1.546875,1.129477429877709
front-loaded,427,0.5559895833333334,2.779947916666666,1.5598958333333321,1.1294774298776915
front-loaded,428,0.5572916666666666,2.786458333333333,1.572916666666666,1.129477429877709
front-loaded,429,0.55859375,2.79296875,1.5859375,1.129477429877709
front-loaded,430,0.5598958333333334,2.799479166666666,1.5989583333333321,1.1294774298776915
front-loaded,431,0.5611979166666666,2.805989583333333,1.611979166666666,1.129477429877709
front-loaded,432,0.5625,2.8125,1.625,1.129477429877709
front-loaded,433,0.5638020833333334,2.819010416666666,1.6380208333333321,1.1294774298776915
front-loaded,434,0.5651041666666666,2.825520833333333,1.651041666666666,1.129477429877709
front-loaded,435,0.56640625,2.83203125,1.6640625,1.129477429877709
front-loaded,436,0.5677083333333334,2.838541666666666,1.6770833333333321,1.1294774298776915
front-loaded,437,0.5690104166666666,2.845052083333333,1.690104166666666,1.129477429877709
front-loaded,438,0.5703125,2.8515625,1.703125,1.129477429877709
front-loaded,439,0.5716145833333334,2.858072916666666,1.7161458333333321,1.1294774298776915
front-loaded,440,0.5729166666666666,2.864583333333333,1.729166666666666,1.129477429877709
front-loaded,441,0.57421875,2.87109375,1.7421875,1.129477429877709
front-loaded,442,0.5755208333333334,2.877604166666666,1.7552083333333321,1.1294774298776915
front-loaded,443,0.5768229166666666,2.884114583333333,1.768229166666666,1.129477429877709
front-loaded,444,0.578125,2.890625,1.78125,1.129477429877709
front-loaded,445,0.5794270833333334,2.897135416666666,1.7942708333333321,1.1294774298776915
front-loaded,446,0.5807291666666666,2.903645833333333,1.807291666666666,1.129477429877709
front-loaded,447,0.58203125,2.91015625,1.8203125,1.129477429877709
front-loaded,448,0.5833333333333334,2.916666666666666,1.8333333333333321,1.1294774298776915
front-loaded,449,0.5846354166666666,2.923177083333333,1.846354166666666,1.129477429877709
front-loaded,450,0.5859375,2.9296875,1.859375,1.129477429877709
front-loaded,451,0.5872395833333334,2.936197916666666,1.8723958333333321,1.1294774298776915
front-loaded,452,0.5885416666666666,2.942708333333333,1.885416666666666,1.129477429877709
front-loaded,453,0.58984375,2.94921875,1.8984375,1.129477429877709
front-loaded,454,0.5911458333333334,2.955729166666666,1.9114583333333321,1.1294774298776915
front-loaded,455,0.5924479166666666,2.962239583333333,1.924479166666666,1.129477429877709
front-loaded,456,0.59375,2.96875,1.9375,1.129477429877709
front-loaded,457,0.5950520833333334,2.975260416666666,1.9505208333333321,1.1294774298776915
front-loaded,458,0.5963541666666666,2.981770833333333,1.963541666666666,1.129477429877709
front-loaded,459,0.59765625,2.98828125,1.9765625,1.129477429877709
front-loaded,460,0.5989583333333334,2.994791666666666,1.9895833333333321,1.1294774298776915
front-loaded,461,0.6002604166666666,3.001302083333333,0.0026041666666660745,1.129477429877709
front-loaded,462,0.6015625,3.0078125,0.015625,1.129477429877709
front-loaded,463,0.6028645833333334,3.014322916666666,0.02864583333333215,1.1294774298776915
front-loaded,464,0.6041666666666666,3.020833333333333,0.041666666666666075,1.129477429877709
front-loaded,465,0.60546875,3.02734375,0.0546875,1.129477429877709
front-loaded,466,0.6067708333333334,3.033854166666666,0.06770833333333215,1.1294774298776915
front-loaded,467,0.6080729166666666,3.040364583333333,0.08072916666666607,1.129477429877709
front-loaded,468,0.609375,3.046875,0.09375,1.129477429877709
front-loaded,469,0.6106770833333334,3.053385416666666,0.10677083333333215,1.1294774298776915
front-loaded,470,0.6119791666666666,3.059895833333333,0.11979166666666607,1.129477429877709
front-loaded,471,0.61328125,3.06640625,0.1328125,1.129477429877709
front-loaded,472,0.6145833333333334,3.072916666666666,0.14583333333333215,1.1294774298776915
front-loaded,473,0.6158854166666666,3.079427083333333,0.15885416666666607,1.129477429877709
front-loaded,474,0.6171875,3.0859375,0.171875,1.129477429877709
front-loaded,475,0.6184895833333334,3.092447916666666,0.18489583333333215,1.1294774298776915
front-loaded,476,0.6197916666666666,3.098958333333333,0.19791666666666607,1.129477429877709
front-loaded,477,0.62109375,3.10546875,0.2109375,1.129477429877709
front-loaded,478,0.6223958333333334,3.111979166666666,0.22395833333333215,1.1294774298776915
front-loaded,479,0.6236979166666666,3.118489583333333,0.23697916666666607,1.129477429877709
front-loaded,480,0.625,3.125,0.25,1.129477429877709
front-loaded,481,0.6263020833333334,3.131510416666666,0.26302083333333215,1.1294774298776915
front-loaded,482,0.6276041666666666,3.138020833333333,0.2760416666666661,1.129477429877709
front-loaded,483,0.62890625,3.14453125,0.2890625,1.129477429877709
front-loaded,484,0.6302083333333334,3.151041666666666,0.30208333333333215,1.1294774298776915
front-loaded,485,0.6315104166666666,3.157552083333333,0.3151041666666661,1.129477429877709
front-loaded,486,0.6328125,3.1640625,0.328125,1.129477429877709
front-loaded,487,0.6341145833333334,3.170572916666666,0.34114583333333215,1.1294774298776915
front-loaded,488,0.6354166666666666,3.177083333333333,0.3541666666666661,1.129477429877709
front-loaded,489,0.63671875,3.18359375,0.3671875,1.129477429877709
front-loaded,490,0.6380208333333334,3.190104166666666,0.38020833333333215,1.1294774298776915
front-loaded,491,0.6393229166666666,3.196614583333333,0.3932291666666661,1.129477429877709
front-loaded,492,0.640625,3.203125,0.40625,1.129477429877709
front-loaded,493,0.6419270833333334,3.209635416666666,0.41927083333333215,1.1294774298776915
front-loaded,494,0.6432291666666666,3.216145833333333,0.4322916666666661,1.129477429877709
front-loaded,495,0.64453125,3.22265625,0.4453125,1.129477429877709
front-loaded,496,0.6458333333333334,3.229166666666666,0.45833333333333215,1.1294774298776915
front-loaded,497,0.6471354166666666,3.235677083333333,0.4713541666666661,1.129477429877709
front-loaded,498,0.6484375,3.2421875,0.484375,1.129477429877709
front-loaded,499,0.6497395833333334,3.248697916666666,0.49739583333333215,1.1294774298776915
front-loaded,500,0.6510416666666666,3.255208333333333,0.5104166666666661,1.129477429877709
front-loaded,501,0.65234375,3.26171875,0.5234375,1.129477429877709
front-loaded,502,0.6536458333333334,3.268229166666666,0.5364583333333321,1.1294774298776915
front-loaded,503,0.6549479166666666,3.274739583333333,0.5494791666666661,1.129477429877709
front-loaded,504,0.65625,3.28125,0.5625,1.129477429877709
front-loaded,505,0.6575520833333334,3.287760416666666,0.5755208333333321,1.1294774298776915
front-loaded,506,0.6588541666666666,3.294270833333333,0.5885416666666661,1.129477429877709
front-loaded,507,0.66015625,3.30078125,0.6015625,1.129477429877709
front-loaded,508,0.6614583333333334,3.307291666666666,0.6145833333333321,1.1294774298776915
front-loaded,509,0.6627604166666666,3.313802083333333,0.6276041666666661,1.129477429877709
front-loaded,510,0.6640625,3.3203125,0.640625,1.129477429877709
front-loaded,511,0.6653645833333334,3.326822916666666,0.6536458333333321,1.1294774298776915
front-loaded,512,0.6666666666666666,3.333333333333333,0.6666666666666661,1.129477429877709
front-loaded,513,0.66796875,3.33984375,0.6796875,1.129477429877709
front-loaded,514,0.6692708333333334,3.346354166666666,0.6927083333333321,1.1294774298776915
front-loaded,515,0.6705729166666666,3.352864583333333,0.7057291666666661,1.129477429877709
front-loaded,516,0.671875,3.359375,0.71875,1.129477429877709
front-loaded,517,0.6731770833333334,3.365885416666666,0.7317708333333321,1.1294774298776915
front-loaded,518,0.6744791666666666,3.372395833333333,0.7447916666666661,1.129477429877709
front-loaded,519,0.67578125,3.37890625,0.7578125,1.129477429877709
front-loaded,520,0.6770833333333334,3.385416666666666,0.7708333333333321,1.1294774298776915
front-loaded,521,0.6783854166666666,3.391927083333333,0.7838541666666661,1.129477429877709
front-loaded,522,0.6796875,3.3984375,0.796875,1.129477429877709
front-loaded,523,0.6809895833333334,3.404947916666666,0.8098958333333321,1.1294774298776915
front-loaded,524,0.6822916666666666,3.411458333333333,0.8229166666666661,1.129477429877709
front-loaded,525,0.68359375,3.41796875,0.8359375,1.129477429877709
front-loaded,526,0.6848958333333334,3.424479166666666,0.8489583333333321,1.1294774298776915
front-loaded,527,0.6861979166666666,3.430989583333333,0.8619791666666661,1.129477429877709
front-loaded,528,0.6875,3.4375,0.875,1.129477429877709
front-loaded,529,0.6888020833333334,3.444010416666666,0.8880208333333321,1.1294774298776915
front-loaded,530,0.6901041666666666,3.450520833333333,0.9010416666666661,1.129477429877709
front-loaded,531,0.69140625,3.45703125,0.9140625,1.129477429877709
front-loaded,532,0.6927083333333334,3.463541666666666,0.9270833333333321,1.1294774298776915
front-loaded,533,0.6940104166666666,3.470052083333333,0.9401041666666661,1.129477429877709
front-loaded,534,0.6953125,3.4765625,0.953125,1.129477429877709
front-loaded,535,0.6966145833333334,3.483072916666666,0.9661458333333321,1.1294774298776915
front-loaded,536,0.6979166666666666,3.489583333333333,0.9791666666666661,1.129477429877709
front-loaded,537,0.69921875,3.49609375,0.9921875,1.129477429877709
front-loaded,538,0.7005208333333334,3.502604166666666,1.0052083333333321,1.1294774298776915
front-loaded,539,0.7018229166666666,3.509114583333333,1.018229166666666,1.129477429877709
front-loaded,540,0.703125,3.515625,1.03125,1.129477429877709
front-loaded,541,0.7044270833333334,3.522135416666666,1.0442708333333321,1.1294774298776915
front-loaded,542,0.7057291666666666,3.528645833333333,1.057291666666666,1.129477429877709
front-loaded,543,0.70703125,3.53515625,1.0703125,1.129477429877709
front-loaded,544,0.7083333333333334,3.541666666666666,1.0833333333333321,1.1294774298776915
front-loaded,545,0.7096354166666666,3.548177083333333,1.096354166666666,1.129477429877709
front-loaded,546,0.7109375,3.5546875,1.109375,1.129477429877709
front-loaded,547,0.7122395833333334,3.561197916666666,1.1223958333333321,1.1294774298776915
front-loaded,548,0.7135416666666666,3.567708333333333,1.135416666666666,1.129477429877709
front-loaded,549,0.71484375,3.57421875,1.1484375,1.129477429877709
front-loaded,550,0.7161458333333334,3.580729166666666,1.1614583333333321,1.1294774298776915
front-loaded,551,0.7174479166666666,3.587239583333333,1.174479166666666,1.129477429877709
front-loaded,552,0.71875,3.59375,1.1875,1.129477429877709
front-loaded,553,0.7200520833333334,3.600260416666666,1.2005208333333321,1.1294774298776915
front-loaded,554,0.7213541666666666,3.606770833333333,1.213541666666666,1.129477429877709
front-loaded,555,0.72265625,3.61328125,1.2265625,1.129477429877709
front-loaded,556,0.7239583333333334,3.619791666666666,1.2395833333333321,1.1294774298776915
front-loaded,557,0.7252604166666666,3.626302083333333,1.252604166666666,1.129477429877709
front-loaded,558,0.7265625,3.6328125,1.265625,1.129477429877709
front-loaded,559,0.7278645833333334,3.639322916666666,1.2786458333333321,1.1294774298776915
front-loaded,560,0.7291666666666666,3.645833333333333,1.291666666666666,1.129477429877709
front-loaded,561,0.73046875,3.65234375,1.3046875,1.129477429877709
front-loaded,562,0.7317708333333334,3.658854166666666,1.3177083333333321,1.1294774298776915
front-loaded,563,0.7330729166666666,3.665364583333333,1.330729166666666,1.129477429877709
front-loaded,564,0.734375,3.671875,1.34375,1.129477429877709
front-loaded,565,0.7356770833333334,3.678385416666666,1.3567708333333321,1.1294774298776915
front-loaded,566,0.7369791666666666,3.684895833333333,1.369791666666666,1.129477429877709
front-loaded,567,0.73828125,3.69140625,1.3828125,1.129477429877709
front-loaded,568,0.7395833333333334,3.697916666666666,1.3958333333333321,1.1294774298776915
front-loaded,569,0.7408854166666666,3.704427083333333,1.408854166666666,1.129477429877709
front-loaded,570,0.7421875,3.7109375,1.421875,1.129477429877709
front-loaded,571,0.7434895833333334,3.717447916666666,1.4348958333333321,1.1294774298776915
front-loaded,572,0.7447916666666666,3.723958333333333,1.447916666666666,1.129477429877709
front-loaded,573,0.74609375,3.73046875,1.4609375,1.129477429877709
front-loaded,574,0.7473958333333334,3.736979166666666,1.4739583333333321,1.1294774298776915
front-loaded,575,0.7486979166666666,3.743489583333333,1.486979166666666,1.129477429877709
front-loaded,576,0.75,3.75,1.5,1.129477429877709
front-loaded,577,0.7513020833333334,3.756510416666666,1.5130208333333321,1.1294774298776915
front-loaded,578,0.7526041666666666,3.763020833333333,1.526041666666666,1.129477429877709
front-loaded,579,0.75390625,3.76953125,1.5390625,1.129477429877709
front-loaded,580,0.7552083333333334,3.776041666666666,1.5520833333333321,1.1294774298776915
front-loaded,581,0.7565104166666666,3.782552083333333,1.565104166666666,1.129477429877709
front-loaded,582,0.7578125,3.7890625,1.578125,1.129477429877709
front-loaded,583,0.7591145833333334,3.795572916666666,1.5911458333333321,1.1294774298776915
front-loaded,584,0.7604166666666666,3.802083333333333,1.604166666666666,1.129477429877709
front-loaded,585,0.76171875,3.80859375,1.6171875,1.129477429877709
front-loaded,586,0.7630208333333334,3.815104166666666,1.6302083333333321,1.1294774298776915
front-loaded,587,0.7643229166666666,3.821614583333333,1.643229166666666,1.129477429877709
front-loaded,588,0.765625,3.828125,1.65625,1.129477429877709
front-loaded,589,0.7669270833333334,3.834635416666666,1.6692708333333321,1.1294774298776915
front-loaded,590,0.7682291666666666,3.841145833333333,1.682291666666666,1.129477429877709
front-loaded,591,0.76953125,3.84765625,1.6953125,1.129477429877709
front-loaded,592,0.7708333333333334,3.854166666666666,1.7083333333333321,1.1294774298776915
front-loaded,593,0.7721354166666666,3.860677083333333,1.721354166666666,1.129477429877709
front-loaded,594,0.7734375,3.8671875,1.734375,1.129477429877709
front-loaded,595,0.7747395833333334,3.873697916666666,1.7473958333333321,1.1294774298776915
front-loaded,596,0.7760416666666666,3.880208333333333,1.760416666666666,1.129477429877709
front-loaded,597,0.77734375,3.88671875,1.7734375,1.129477429877709
front-loaded,598,0.7786458333333334,3.893229166666666,1.7864583333333321,1.1294774298776915
front-loaded,599,0.7799479166666666,3.899739583333333,1.799479166666666,1.129477429877709
front-loaded,600,0.78125,3.90625,1.8125,1.129477429877709
front-loaded,601,0.7825520833333334,3.912760416666666,1.8255208333333321,1.1294774298776915
front-loaded,602,0.7838541666666666,3.919270833333333,1.838541666666666,1.129477429877709
front-loaded,603,0.78515625,3.92578125,1.8515625,1.129477429877709
front-loaded,604,0.7864583333333334,3.932291666666666,1.8645833333333321,1.1294774298776915
front-loaded,605,0.7877604166666666,3.938802083333333,1.877604166666666,1.129477429877709
front-loaded,606,0.7890625,3.9453125,1.890625,1.129477429877709
front-loaded,607,0.7903645833333334,3.951822916666666,1.9036458333333321,1.1294774298776915
front-loaded,608,0.7916666666666666,3.958333333333333,1.916666666666666,1.129477429877709
front-loaded,609,0.79296875,3.96484375,1.9296875,1.129477429877709
front-loaded,610,0.7942708333333334,3.971354166666666,1.9427083333333321,1.1294774298776915
front-loaded,611,0.7955729166666666,3.977864583333333,1.955729166666666,1.129477429877709
front-loaded,612,0.796875,3.984375,1.96875,1.129477429877709
front-loaded,613,0.7981770833333334,3.990885416666666,1.9817708333333321,1.1294774298776915
front-loaded,614,0.7994791666666666,3.997395833333333,1.994791666666666,1.129477429877709
front-loaded,615,0.80078125,4.00390625,0.0078125,1.129477429877709
front-loaded,616,0.8020833333333334,4.010416666666666,0.02083333333333215,1.1294774298776915
front-loaded,617,0.8033854166666666,4.016927083333333,0.033854166666666075,1.129477429877709
front-loaded,618,0.8046875,4.0234375,0.046875,1.129477429877709
front-loaded,619,0.8059895833333334,4.029947916666666,0.05989583333333215,1.1294774298776915
front-loaded,620,0.8072916666666666,4.036458333333333,0.07291666666666607,1.129477429877709
front-loaded,621,0.80859375,4.04296875,0.0859375,1.129477429877709
front-loaded,622,0.8098958333333334,4.049479166666666,0.09895833333333215,1.1294774298776915
front-loaded,623,0.8111979166666666,4.055989583333333,0.11197916666666607,1.129477429877709
front-loaded,624,0.8125,4.0625,0.125,1.129477429877709
front-loaded,625,0.8138020833333334,4.069010416666666,0.13802083333333215,1.1294774298776915
front-loaded,626,0.8151041666666666,4.075520833333333,0.15104166666666607,1.129477429877709
front-loaded,627,0.81640625,4.08203125,0.1640625,1.129477429877709
front-loaded,628,0.8177083333333334,4.088541666666666,0.17708333333333215,1.1294774298776915
front-loaded,629,0.8190104166666666,4.095052083333333,0.19010416666666607,1.129477429877709
front-loaded,630,0.8203125,4.1015625,0.203125,1.129477429877709
front-loaded,631,0.8216145833333334,4.108072916666666,0.21614583333333215,1.1294774298776915
front-loaded,632,0.8229166666666666,4.114583333333333,0.22916666666666607,1.129477429877709
front-loaded,633,0.82421875,4.12109375,0.2421875,1.129477429877709
front-loaded,634,0.8255208333333334,4.127604166666666,0.25520833333333215,1.1294774298776915
front-loaded,635,0.8268229166666666,4.134114583333333,0.2682291666666661,1.129477429877709
front-loaded,636,0.828125,4.140625,0.28125,1.129477429877709
front-loaded,637,0.8294270833333334,4.147135416666666,0.29427083333333215,1.1294774298776915
front-loaded,638,0.8307291666666666,4.153645833333333,0.3072916666666661,1.129477429877709
front-loaded,639,0.83203125,4.16015625,0.3203125,1.129477429877709
front-loaded,640,0.8333333333333334,4.166666666666666,0.33333333333333215,1.1294774298776915
front-loaded,641,0.8346354166666666,4.173177083333333,0.3463541666666661,1.129477429877709
front-loaded,642,0.8359375,4.1796875,0.359375,1.129477429877709
front-loaded,643,0.8372395833333334,4.186197916666666,0.37239583333333215,1.1294774298776915
front-loaded,644,0.8385416666666666,4.192708333333333,0.3854166666666661,1.129477429877709
front-loaded,645,0.83984375,4.19921875,0.3984375,1.129477429877709
front-loaded,646,0.8411458333333334,4.205729166666666,0.41145833333333215,1.1294774298776915
front-loaded,647,0.8424479166666666,4.212239583333333,0.4244791666666661,1.129477429877709
front-loaded,648,0.84375,4.21875,0.4375,1.129477429877709
front-loaded,649,0.8450520833333334,4.225260416666666,0.45052083333333215,1.1294774298776915
front-loaded,650,0.8463541666666666,4.231770833333333,0.4635416666666661,1.129477429877709
front-loaded,651,0.84765625,4.23828125,0.4765625,1.129477429877709
front-loaded,652,0.8489583333333334,4.244791666666666,0.48958333333333215,1.1294774298776915
front-loaded,653,0.8502604166666666,4.251302083333333,0.5026041666666661,1.129477429877709
front-loaded,654,0.8515625,4.2578125,0.515625,1.129477429877709
front-loaded,655,0.8528645833333334,4.264322916666666,0.5286458333333321,1.1294774298776915
front-loaded,656,0.8541666666666666,4.270833333333333,0.5416666666666661,1.129477429877709
front-loaded,657,0.85546875,4.27734375,0.5546875,1.129477429877709
front-loaded,658,0.8567708333333334,4.283854166666666,0.5677083333333321,1.1294774298776915
front-loaded,659,0.8580729166666666,4.290364583333333,0.5807291666666661,1.129477429877709
front-loaded,660,0.859375,4.296875,0.59375,1.129477429877709
front-loaded,661,0.8606770833333334,4.303385416666666,0.6067708333333321,1.1294774298776915
front-loaded,662,0.8619791666666666,4.309895833333333,0.6197916666666661,1.129477429877709
front-loaded,663,0.86328125,4.31640625,0.6328125,1.129477429877709
front-loaded,664,0.8645833333333334,4.322916666666666,0.6458333333333321,1.1294774298776915
front-loaded,665,0.8658854166666666,4.329427083333333,0.6588541666666661,1.129477429877709
front-loaded,666,0.8671875,4.3359375,0.671875,1.129477429877709
front-loaded,667,0.8684895833333334,4.342447916666666,0.6848958333333321,1.1294774298776915
front-loaded,668,0.8697916666666666,4.348958333333333,0.6979166666666661,1.129477429877709
front-loaded,669,0.87109375,4.35546875,0.7109375,1.129477429877709
front-loaded,670,0.8723958333333334,4.361979166666666,0.7239583333333321,1.1294774298776915
front-loaded,671,0.8736979166666666,4.368489583333333,0.7369791666666661,1.129477429877709
front-loaded,672,0.875,4.375,0.75,1.129477429877709
front-loaded,673,0.8763020833333334,4.381510416666666,0.7630208333333321,1.1294774298776915
front-loaded,674,0.8776041666666666,4.388020833333333,0.7760416666666661,1.129477429877709
front-loaded,675,0.87890625,4.39453125,0.7890625,1.129477429877709
front-loaded,676,0.8802083333333334,4.401041666666666,0.8020833333333321,1.1294774298776915
front-loaded,677,0.8815104166666666,4.407552083333333,0.8151041666666661,1.129477429877709
front-loaded,678,0.8828125,4.4140625,0.828125,1.129477429877709
front-loaded,679,0.8841145833333334,4.420572916666666,0.8411458333333321,1.1294774298776915
front-loaded,680,0.8854166666666666,4.427083333333333,0.8541666666666661,1.129477429877709
front-loaded,681,0.88671875,4.43359375,0.8671875,1.129477429877709
front-loaded,682,0.8880208333333334,4.440104166666666,0.8802083333333321,1.1294774298776915
front-loaded,683,0.8893229166666666,4.446614583333333,0.8932291666666661,1.129477429877709
front-loaded,684,0.890625,4.453125,0.90625,1.129477429877709
front-loaded,685,0.8919270833333334,4.459635416666666,0.9192708333333321,1.1294774298776915
front-loaded,686,0.8932291666666666,4.466145833333333,0.9322916666666661,1.129477429877709
front-loaded,687,0.89453125,4.47265625,0.9453125,1.129477429877709
front-loaded,688,0.8958333333333334,4.479166666666666,0.9583333333333321,1.1294774298776915
front-loaded,689,0.8971354166666666,4.485677083333333,0.9713541666666661,1.129477429877709
front-loaded,690,0.8984375,4.4921875,0.984375,1.129477429877709
front-loaded,691,0.8997395833333334,4.498697916666666,0.9973958333333321,1.1294774298776915
front-loaded,692,0.9010416666666666,4.505208333333333,1.010416666666666,1.129477429877709
front-loaded,693,0.90234375,4.51171875,1.0234375,1.129477429877709
front-loaded,694,0.9036458333333334,4.518229166666666,1.0364583333333321,1.1294774298776915
front-loaded,695,0.9049479166666666,4.524739583333333,1.049479166666666,1.129477429877709
front-loaded,696,0.90625,4.53125,1.0625,1.129477429877709
front-loaded,697,0.9075520833333334,4.537760416666666,1.0755208333333321,1.1294774298776915
front-loaded,698,0.9088541666666666,4.544270833333333,1.088541666666666,1.129477429877709
front-loaded,699,0.91015625,4.55078125,1.1015625,1.129477429877709
front-loaded,700,0.9114583333333334,4.557291666666666,1.1145833333333321,1.1294774298776915
front-loaded,701,0.9127604166666666,4.563802083333333,1.127604166666666,1.129477429877709
front-loaded,702,0.9140625,4.5703125,1.140625,1.129477429877709
front-loaded,703,0.9153645833333334,4.576822916666666,1.1536458333333321,1.1294774298776915
front-loaded,704,0.9166666666666666,4.583333333333333,1.166666666666666,1.129477429877709
front-loaded,705,0.91796875,4.58984375,1.1796875,1.129477429877709
front-loaded,706,0.9192708333333334,4.596354166666666,1.1927083333333321,1.1294774298776915
front-loaded,707,0.9205729166666666,4.602864583333333,1.205729166666666,1.129477429877709
front-loaded,708,0.921875,4.609375,1.21875,1.129477429877709
front-loaded,709,0.9231770833333334,4.615885416666666,1.2317708333333321,1.1294774298776915
front-loaded,710,0.9244791666666666,4.622395833333333,1.244791666666666,1.129477429877709
front-loaded,711,0.92578125,4.62890625,1.2578125,1.129477429877709
front-loaded,712,0.9270833333333334,4.635416666666666,1.2708333333333321,1.1294774298776915
front-loaded,713,0.9283854166666666,4.641927083333333,1.283854166666666,1.129477429877709
front-loaded,714,0.9296875,4.6484375,1.296875,1.129477429877709
front-loaded,715,0.9309895833333334,4.654947916666666,1.3098958333333321,1.1294774298776915
front-loaded,716,0.9322916666666666,4.661458333333333,1.322916666666666,1.129477429877709
front-loaded,717,0.93359375,4.66796875,1.3359375,1.129477429877709
front-loaded,718,0.9348958333333334,4.674479166666666,1.3489583333333321,1.1294774298776915
front-loaded,719,0.9361979166666666,4.680989583333333,1.361979166666666,1.129477429877709
front-loaded,720,0.9375,4.6875,1.375,1.129477429877709
front-loaded,721,0.9388020833333334,4.694010416666666,1.3880208333333321,1.1294774298776915
front-loaded,722,0.9401041666666666,4.700520833333333,1.401041666666666,1.129477429877709
front-loaded,723,0.94140625,4.70703125,1.4140625,1.129477429877709
front-loaded,724,0.9427083333333334,4.713541666666666,1.4270833333333321,1.1294774298776915
front-loaded,725,0.9440104166666666,4.720052083333333,1.440104166666666,1.129477429877709
front-loaded,726,0.9453125,4.7265625,1.453125,1.129477429877709
front-loaded,727,0.9466145833333334,4.733072916666666,1.4661458333333321,1.1294774298776915
front-loaded,728,0.9479166666666666,4.739583333333333,1.479166666666666,1.129477429877709
front-loaded,729,0.94921875,4.74609375,1.4921875,1.129477429877709
front-loaded,730,0.9505208333333334,4.752604166666666,1.5052083333333321,1.1294774298776915
front-loaded,731,0.9518229166666666,4.759114583333333,1.518229166666666,1.129477429877709
front-loaded,732,0.953125,4.765625,1.53125,1.129477429877709
front-loaded,733,0.9544270833333334,4.772135416666666,1.5442708333333321,1.1294774298776915
front-loaded,734,0.9557291666666666,4.778645833333333,1.557291666666666,1.129477429877709
front-loaded,735,0.95703125,4.78515625,1.5703125,1.129477429877709
front-loaded,736,0.9583333333333334,4.791666666666666,1.5833333333333321,1.1294774298776915
front-loaded,737,0.9596354166666666,4.798177083333333,1.596354166666666,1.129477429877709
front-loaded,738,0.9609375,4.8046875,1.609375,1.129477429877709
front-loaded,739,0.9622395833333334,4.811197916666666,1.6223958333333321,1.1294774298776915
front-loaded,740,0.9635416666666666,4.817708333333333,1.635416666666666,1.129477429877709
front-loaded,741,0.96484375,4.82421875,1.6484375,1.129477429877709
front-loaded,742,0.9661458333333334,4.830729166666666,1.6614583333333321,1.1294774298776915
front-loaded,743,0.9674479166666666,4.837239583333333,1.674479166666666,1.129477429877709
front-loaded,744,0.96875,4.84375,1.6875,1.129477429877709
front-loaded,745,0.9700520833333334,4.850260416666666,1.7005208333333321,1.1294774298776915
front-loaded,746,0.9713541666666666,4.856770833333333,1.713541666666666,1.129477429877709
front-loaded,747,0.97265625,4.86328125,1.7265625,1.129477429877709
front-loaded,748,0.9739583333333334,4.869791666666666,1.7395833333333321,1.1294774298776915
front-loaded,749,0.9752604166666666,4.876302083333333,1.752604166666666,1.129477429877709
front-loaded,750,0.9765625,4.8828125,1.765625,1.129477429877709
front-loaded,751,0.9778645833333334,4.889322916666666,1.7786458333333321,1.1294774298776915
front-loaded,752,0.9791666666666666,4.895833333333333,1.791666666666666,1.129477429877709
front-loaded,753,0.98046875,4.90234375,1.8046875,1.129477429877709
front-loaded,754,0.9817708333333334,4.908854166666666,1.8177083333333321,1.1294774298776915
front-loaded,755,0.9830729166666666,4.915364583333333,1.830729166666666,1.129477429877709
front-loaded,756,0.984375,4.921875,1.84375,1.129477429877709
front-loaded,757,0.9856770833333334,4.928385416666666,1.8567708333333321,1.1294774298776915
front-loaded,758,0.9869791666666666,4.934895833333333,1.869791666666666,1.129477429877709
front-loaded,759,0.98828125,4.94140625,1.8828125,1.129477429877709
front-loaded,760,0.9895833333333334,4.947916666666666,1.8958333333333321,1.1294774298776915
front-loaded,761,0.9908854166666666,4.954427083333333,1.908854166666666,1.129477429877709
front-loaded,762,0.9921875,4.9609375,1.921875,1.129477429877709
front-loaded,763,0.9934895833333334,4.967447916666666,1.9348958333333321,1.1294774298776915
front-loaded,764,0.9947916666666666,4.973958333333333,1.947916666666666,1.129477429877709
front-loaded,765,0.99609375,4.98046875,1.9609375,1.129477429877709
front-loaded,766,0.9973958333333334,4.986979166666666,1.9739583333333321,1.1294774298776915
front-loaded,767,0.9986979166666666,4.993489583333333,1.986979166666666,1.129477429877709
front-loaded,768,1.0,5.0,0.0,1.129477429877709
back-loaded,0,0.0,0.0,0.0,1.0
back-loaded,1,0.0013020833333333333,0.0016018971787206326,0.003203794357441265,1.0320269865060794
back-loaded,2,0.0026041666666666665,0.0032051084868004918,0.0064102169736009835,1.0320532421123751
back-loaded,3,0.00390625,0.004810947701774596,0.009621895403549192,1.0321057461629866
back-loaded,4,0.005208333333333333,0.006420727897623749,0.012841455795247498,1.032184484335471
back-loaded,5,0.006510416666666667,0.008035761093232868,0.016071522186465736,1.03228943514996
back-loaded,6,0.0078125,0.00965735790113182,0.01931471580226364,1.0324205699737172
back-loaded,7,0.009114583333333334,0.011286827176612751,0.022573654353225503,1.032577853027223
back-loaded,8,0.010416666666666666,0.012925475667317863,0.025850951334635726,1.0327612413917873
back-loaded,9,0.01171875,0.014574607663391474,0.029149215326782947,1.0329706850187053
back-loaded,10,0.013020833333333334,0.016235524648290048,0.032471049296580096,1.0332061267399542
back-loaded,11,0.014322916666666666,0.01790952495034353,0.03581904990068706,1.0334675022804443
back-loaded,12,0.015625,0.019597903395161525,0.03919580679032305,1.0337547402718419
back-loaded,13,0.016927083333333332,0.02130195095897712,0.04260390191795424,1.0340677622679593
back-loaded,14,0.018229166666666668,0.02302295442302137,0.04604590884604274,1.034406482761743
back-loaded,15,0.01953125,0.02476219602902084,0.04952439205804168,1.0347708092038594
back-loaded,16,0.020833333333333332,0.02652095313591044,0.05304190627182088,1.035160642022899
back-loaded,17,0.022135416666666668,0.02830049787785364,0.05660099575570728,1.035575874647219
back-loaded,18,0.0234375,0.030102096823661304,0.06020419364732261,1.036016393528427
back-loaded,19,0.024739583333333332,0.031927010637700634,0.06385402127540127,1.0364820781665414
back-loaded,20,0.026041666666666668,0.033776493742384874,0.06755298748476975,1.0369728011368324
back-loaded,21,0.02734375,0.03565179398233399,0.07130358796466799,1.0374884281183647
back-loaded,22,0.028645833333333332,0.037554152290296614,0.07510830458059323,1.0380288179242725
back-loaded,23,0.029947916666666668,0.03948480235492227,0.07896960470984454,1.0385938225337685
back-loaded,24,0.03125,0.04144497029047307,0.08288994058094613,1.0391832871259215
back-loaded,25,0.032552083333333336,0.04343587430856336,0.08687174861712672,1.0397970501152198
back-loaded,26,0.033854166666666664,0.045458724392014926,0.09091744878402985,1.0404349431889333
back-loaded,27,0.03515625,0.04751472197091537,0.09502944394183074,1.0410967913463096
back-loaded,28,0.036458333333333336,0.0496050596009663,0.0992101192019326,1.0417824129396114
back-loaded,29,0.037760416666666664,0.051730920644207146,0.10346184128841429,1.0424916197170204
back-loaded,30,0.0390625,0.05389347895220071,0.10778695790440142,1.043224216867438
back-loaded,31,0.040364583333333336,0.05609389855176464,0.11218779710352927,1.0439800030671846
back-loaded,32,0.041666666666666664,0.05833333333333335,0.1166666666666667,1.0447587705286359
back-loaded,33,0.04296875,0.0606129267420335,0.121225853484067,1.0455603050507978
back-loaded,34,0.044270833333333336,0.06293381147155629,0.12586762294311257,1.0463843860718647
back-loaded,35,0.045572916666666664,0.0652971091609078,0.1305942183218156,1.0472307867237447
back-loaded,36,0.046875,0.06770393009411936,0.13540786018823872,1.048099273888604
back-loaded,37,0.048177083333333336,0.07015537290299717,0.14031074580599434,1.0489896082574106
back-loaded,38,0.049479166666666664,0.07265252427299268,0.14530504854598536,1.0499015443905475
back-loaded,39,0.05078125,0.07519645865227,0.15039291730454,1.0508348307804267
back-loaded,40,0.052083333333333336,0.0777882379640505,0.155576475928101,1.0517892099162138
back-loaded,41,0.053385416666666664,0.08042891132231011,0.16085782264462023,1.0527644183505909
back-loaded,42,0.0546875,0.08311951475090634,0.16623902950181269,1.0537601867686275
back-loaded,43,0.055989583333333336,0.08586107090620948,0.17172214181241896,1.0547762400587273
back-loaded,44,0.057291666666666664,0.08865458880331266,0.17730917760662532,1.0558122973856825
back-loaded,45,0.05859375,0.09150106354589449,0.18300212709178898,1.056868072265845
back-loaded,46,0.059895833333333336,0.09440147605980533,0.18880295211961065,1.0579432726443783
back-loaded,47,0.061197916666666664,0.09735679283044987,0.19471358566089975,1.0590376009746505
back-loaded,48,0.0625,0.10036796564403573,0.20073593128807146,1.060150754299722
back-loaded,49,0.06380208333333333,0.10343593133275725,0.2068718626655145,1.0612824243359436
back-loaded,50,0.06510416666666667,0.10656161152398261,0.21312322304796522,1.0624322975586524
back-loaded,51,0.06640625,0.10974591239351228,0.21949182478702456,1.0636000552899847
back-loaded,52,0.06770833333333333,0.11298972442297345,0.2259794488459469,1.0647853737887452
back-loaded,53,0.06901041666666667,0.11629392216141687,0.23258784432283375,1.0659879243423864
back-loaded,54,0.0703125,0.11965936399117895,0.2393187279823579,1.0672073733610248
back-loaded,55,0.07161458333333333,0.12308689189807154,0.24617378379614308,1.068443382473505
back-loaded,56,0.07291666666666667,0.1265773312459628,0.2531546624919256,1.0696956086255212
back-loaded,57,0.07421875,0.13013149055580656,0.2602629811116131,1.0709637041796929
back-loaded,58,0.07552083333333333,0.13375016128918213,0.26750032257836426,1.0722473170176723
back-loaded,59,0.07682291666666667,0.1374341176364008,0.2748682352728016,1.0735460906441765
back-loaded,60,0.078125,0.14118411630923644,0.2823682326184729,1.07485966429296
back-loaded,61,0.07942708333333333,0.14500089633833524,0.2900017926766705,1.0761876730346673
back-loaded,62,0.08072916666666667,0.14888517887535963,0.29777035775071925,1.07752974788657
back-loaded,63,0.08203125,0.15283766699991835,0.3056753339998367,1.0788855159240982
back-loaded,64,0.08333333333333333,0.1568590455313351,0.3137180910626702,1.0802546003941735
back-loaded,65,0.08463541666666667,0.1609499808453057,0.3218999616906114,1.0816366208302761
back-loaded,66,0.0859375,0.16511112069549355,0.3302222413909871,1.0830311931692118
back-loaded,67,0.08723958333333333,0.16934309404010986,0.3386861880802197,1.0844379298695142
back-loaded,68,0.08854166666666667,0.17364651087352684,0.3472930217470537,1.0858564400314668
back-loaded,69,0.08984375,0.178021962062967,0.356043924125934,1.0872863295186397
back-loaded,70,0.09114583333333333,0.18247001919031391,0.36494003838062783,1.088727201080944
back-loaded,71,0.09244791666666667,0.1869912343990859,0.3739824687981718,1.090178654479102
back-loaded,72,0.09375,0.191586140246614,0.383172280493228,1.0916402866104953
back-loaded,73,0.09505208333333333,0.19625524956146304,0.39251049912292607,1.09311169163631
back-loaded,74,0.09635416666666667,0.2009990553061356,0.4019981106122712,1.0945924611099533
back-loaded,75,0.09765625,0.20581803044509378,0.41163606089018756,1.0960821841066175
back-loaded,76,0.09895833333333333,0.210712627818135,0.42142525563627,1.0975804473539652
back-loaded,77,0.10026041666666667,0.21568328001915604,0.4313665600383121,1.0990868353638648
back-loaded,78,0.1015625,0.22073039928033733,0.44146079856067466,1.100600930565073
back-loaded,79,0.10286458333333333,0.2258543773617781,0.4517087547235562,1.102122313436813
back-loaded,80,0.10416666666666667,0.23105558544661284,0.4621111708932257,1.1036505626431725
back-loaded,81,0.10546875,0.23633437404163682,0.47266874808327364,1.1051852551682417
back-loaded,82,0.10677083333333333,0.24169107288346658,0.48338214576693317,1.1067259664518885
back-loaded,83,0.10807291666666667,0.24712599085026177,0.49425198170052353,1.1082722705261396
back-loaded,84,0.109375,0.2526394158790309,0.5052788317580618,1.1098237401520352
back-loaded,85,0.11067708333333333,0.2582316148885434,0.5164632297770868,1.1113799469568988
back-loaded,86,0.11197916666666667,0.2639028337078696,0.5278056674157392,1.1129404615719538
back-loaded,87,0.11328125,0.26965329701056573,0.5393065940211315,1.114504853770153
back-loaded,88,0.11458333333333333,0.27548320825452355,0.5509664165090471,1.1160726926041924
back-loaded,89,0.11588541666666667,0.2813927496275,0.562785499255,1.1176435465445937
back-loaded,90,0.1171875,0.2873820819983409,0.5747641639966818,1.1192169836177595
back-loaded,91,0.11848958333333333,0.29345134487391256,0.5869026897478251,1.120792571543939
back-loaded,92,0.11979166666666667,0.29960065636175226,0.5992013127235045,1.1223698778750109
back-loaded,93,0.12109375,0.30583011313844827,0.6116602262768965,1.1239484701319835
back-loaded,94,0.12239583333333333,0.31213979042375695,0.6242795808475139,1.1255279159421396
back-loaded,95,0.12369791666666667,0.3185297419604648,0.6370594839209296,1.1271077831757392
back-loaded,96,0.125,0.325,0.65,1.1286876400821826
back-loaded,97,0.12630208333333334,0.33155057529379806,0.6631011505875961,1.1302670554255656
back-loaded,98,0.12760416666666666,0.3381814570904236,0.6763629141808472,1.131845598619539
back-loaded,99,0.12890625,0.3448926131384483,0.6897852262768966,1.1334228398613597
back-loaded,100,0.13020833333333334,0.3516839896950855,0.703367979390171,1.1349983502651018
back-loaded,101,0.13151041666666666,0.3585555115405792,0.7171110230811584,1.136571701993937
back-loaded,102,0.1328125,0.3655070819983409,0.7310141639966818,1.1381424683913173
back-loaded,103,0.13411458333333334,0.37253858296083325,0.7450771659216665,1.1397102241111414
back-loaded,104,0.13541666666666666,0.3796498749211902,0.7592997498423804,1.141274545246694
back-loaded,105,0.13671875,0.38684079701056573,0.7736815940211315,1.1428350094583128
back-loaded,106,0.13802083333333334,0.39411116704120286,0.7882223340824057,1.144391196099776
back-loaded,107,0.13932291666666666,0.40146078155521003,0.8029215631104201,1.1459426863432647
back-loaded,108,0.140625,0.4088894158790308,0.8177788317580617,1.1474890633028296
back-loaded,109,0.14192708333333334,0.41639682418359497,0.8327936483671899,1.1490299121563783
back-loaded,110,0.14322916666666666,0.4239827395501332,0.8479654791002664,1.150564820266034
back-loaded,111,0.14453125,0.4316468740416368,0.8632937480832736,1.1520933772968052
back-loaded,112,0.14583333333333334,0.439388918779946,0.878777837559892,1.153615175333599
back-loaded,113,0.14713541666666666,0.4472085440284447,0.8944170880568894,1.155129808996417
back-loaded,114,0.1484375,0.45510539928033733,0.9102107985606747,1.1566368755536867
back-loaded,115,0.14973958333333334,0.46307911335248925,0.9261582267049785,1.158135975033793
back-loaded,116,0.15104166666666666,0.4711292944848016,0.9422585889696032,1.159626710334625
back-loaded,117,0.15234375,0.4792555304450938,0.9585110608901876,1.1611086873311138
back-loaded,118,0.15364583333333334,0.48745738863946886,0.9749147772789377,1.1625815149808412
back-loaded,119,0.15494791666666666,0.49573441622812964,0.9914688324562593,1.1640448054275134
back-loaded,120,0.15625,0.504086140246614,1.008172280493228,1.165498174102349
back-loaded,121,0.15755208333333334,0.5125120677324192,1.0250241354648384,1.1669412398233632
back-loaded,122,0.15885416666666666,0.5210116858569804,1.0420233717139609,1.1683736248924939
back-loaded,123,0.16015625,0.5295844620629669,1.0591689241259339,1.1697949551904887
back-loaded,124,0.16145833333333334,0.53822984420686,1.07645968841372,1.1712048602696257
back-loaded,125,0.16276041666666666,0.5469472607067765,1.093894521413553,1.1726029734442136
back-loaded,126,0.1640625,0.5557361206954935,1.111472241390987,1.173988931878774
back-loaded,127,0.16536458333333334,0.5645958141786389,1.1291916283572778,1.1753623766740282
back-loaded,128,0.16666666666666666,0.5735257121980017,1.1470514243960035,1.1767229529505792
back-loaded,129,0.16796875,0.5825251669999183,1.1650503339998366,1.1780703099302674
back-loaded,130,0.16927083333333334,0.5915935122086928,1.1831870244173857,1.1794041010153251
back-loaded,131,0.17057291666666666,0.6007300630050019,1.2014601260100037,1.1807239838651438
back-loaded,132,0.171875,0.6099341163092364,1.2198682326184729,1.1820296204707903
back-loaded,133,0.17317708333333334,0.619204950969734,1.238409901939468,1.18332067722725
back-loaded,134,0.17447916666666666,0.6285418279558487,1.2570836559116974,1.1845968250033587
back-loaded,135,0.17578125,0.6379439905558065,1.275887981111613,1.1858577392094531
back-loaded,136,0.17708333333333334,0.647410664579296,1.294821329158592,1.1871030998627832
back-loaded,137,0.17838541666666666,0.6569410585647382,1.3138821171294763,1.1883325916506946
back-loaded,138,0.1796875,0.6665343639911789,1.3330687279823579,1.189545903991505
back-loaded,139,0.18098958333333334,0.6761897554947502,1.3523795109895005,1.19074273109327
back-loaded,140,0.18229166666666666,0.6859063910896401,1.3718127821792803,1.1919227720103014
back-loaded,141,0.18359375,0.6956834123935124,1.3913668247870248,1.1930857306975355
back-loaded,142,0.18489583333333334,0.7055199448573158,1.4110398897146317,1.1942313160627702
back-loaded,143,0.18619791666666666,0.7154150979994238,1.4308301959988476,1.1953592420168428
back-loaded,144,0.1875,0.7253679656440357,1.4507359312880714,1.1964692275216287
back-loaded,145,0.18880208333333334,0.735377626163783,1.470755252327566,1.197560996636129
back-loaded,146,0.19010416666666666,0.7454431427264718,1.4908862854529437,1.1986342785604955
back-loaded,147,0.19140625,0.7555635635458945,1.511127127091789,1.199688807678064
back-loaded,148,0.19270833333333334,0.7657379221366458,1.5314758442732916,1.2007243235955285
back-loaded,149,0.19401041666666666,0.775965237572876,1.551930475145752,1.2017405711812243
back-loaded,150,0.1953125,0.7862445147509063,1.5724890295018126,1.2027373006014896
back-loaded,151,0.19661458333333334,0.7965747446556433,1.5931494893112865,1.203714267355364
back-loaded,152,0.19791666666666666,0.806954904630717,1.613909809261434,1.2046712323074407
back-loaded,153,0.19921875,0.81738395865227,1.63476791730454,1.2056079617190405
back-loaded,154,0.20052083333333334,0.8278608576063258,1.6557217152126515,1.2065242272777366
back-loaded,155,0.20182291666666666,0.8383845395696637,1.6767690791393275,1.2074198061253227
back-loaded,156,0.203125,0.8489539300941193,1.6979078601882387,1.2082944808840888
back-loaded,157,0.20442708333333334,0.859567942494241,1.719135884988482,1.209148039681748
back-loaded,158,0.20572916666666666,0.8702254781382229,1.7404509562764459,1.209980276174836
back-loaded,159,0.20703125,0.8809254267420334,1.761850853484067,1.210790989570639
back-loaded,160,0.20833333333333334,0.8916666666666664,1.7833333333333328,1.2115799846479225
back-loaded,161,0.20963541666666666,0.9024480652184312,1.8048961304368625,1.2123470717762324
back-loaded,162,0.2109375,0.9132684789522006,1.8265369579044013,1.2130920669339487
back-loaded,163,0.21223958333333334,0.9241267539775404,1.8482535079550808,1.2138147917252535
back-loaded,164,0.21354166666666666,0.9350217262676329,1.8700434525352658,1.2145150733958179
back-loaded,165,0.21484375,0.9459522219709154,1.8919044439418309,1.2151927448474689
back-loaded,166,0.21614583333333334,0.9569170577253481,1.9138341154506961,1.2158476446517796
back-loaded,167,0.21744791666666666,0.96791504097523,1.93583008195046,1.2164796170627148
back-loaded,168,0.21875,0.978944970290473,1.957889940580946,1.2170885120282178
back-loaded,169,0.22005208333333334,0.9900056356882554,1.9800112713765108,1.2176741852010458
back-loaded,170,0.22135416666666666,1.0010958189569632,0.002191637913926403,1.218236497948653
back-loaded,171,0.22265625,1.012214293982334,0.024428587964667958,1.218775317362281
back-loaded,172,0.22395833333333334,1.023359827075718,0.046719654151436085,1.219290516265349
back-loaded,173,0.22526041666666666,1.0345311773043673,0.06906235460873456,1.219781973221092
back-loaded,174,0.2265625,1.0457270968236612,0.09145419364732232,1.2202495725394928
back-loaded,175,0.22786458333333334,1.0569463312111869,0.11389266242237372,1.220693204283699
back-loaded,176,0.22916666666666666,1.0681876198025768,0.13637523960515363,1.2211127642757194
back-loaded,177,0.23046875,1.0794496960290207,0.1588993920580415,1.2215081541017043
back-loaded,178,0.23177083333333334,1.0907312877563544,0.18146257551270883,1.2218792811165793
back-loaded,179,0.23307291666666666,1.1020311176256437,0.2040622352512873,1.2222260584483835
back-loaded,180,0.234375,1.1133479033951614,0.22669580679032286,1.2225484050019604
back-loaded,181,0.23567708333333334,1.1246803582836766,0.24936071656735326,1.2228462454624371
back-loaded,182,0.23697916666666666,1.1360271913149567,0.2720543826299133,1.2231195102982184
back-loaded,183,0.23828125,1.1473871076633915,0.29477421532678294,1.2233681357636261
back-loaded,184,0.23958333333333334,1.1587588090006509,0.31751761800130174,1.2235920639013103
back-loaded,185,0.24088541666666666,1.1701409938432792,0.3402819876865584,1.2237912425443003
back-loaded,186,0.2421875,1.1815323579011319,0.36306471580226374,1.223965625317744
back-loaded,187,0.24348958333333334,1.192931594426566,0.38586318885313187,1.2241151716404919
back-loaded,188,0.24479166666666666,1.2043373945642903,0.4086747891285807,1.2242398467264417
back-loaded,189,0.24609375,1.2157484477017746,0.4314968954035492,1.2243396215855125
back-loaded,190,0.24739583333333334,1.2271634418201336,0.4543268836402672,1.2244144730246416
back-loaded,191,0.24869791666666666,1.2385810638453871,0.47716212769077426,1.2244643836484437
back-loaded,192,0.25,1.25,0.5,1.2244893418596896
back-loaded,193,0.2513020833333333,1.2614189361546124,0.5228378723092248,1.2244893418596812
back-loaded,194,0.2526041666666667,1.272836558179866,0.5456731163597319,1.2244643836484437
back-loaded,195,0.25390625,1.2842515522982254,0.5685031045964508,1.22441447302465
back-loaded,196,0.2552083333333333,1.2956626054357097,0.5913252108714193,1.2243396215855125
back-loaded,197,0.2565104166666667,1.3070684055734336,0.6141368111468672,1.2242398467264333
back-loaded,198,0.2578125,1.3184676420988681,0.6369352841977363,1.2241151716405003
back-loaded,199,0.2591145833333333,1.3298590061567204,0.6597180123134407,1.2239656253177356
back-loaded,200,0.2604166666666667,1.3412411909993485,0.6824823819986969,1.223791242544296
back-loaded,201,0.26171875,1.3526128923366085,0.7052257846732171,1.223592063901323
back-loaded,202,0.2630208333333333,1.3639728086850431,0.7279456173700862,1.223368135763622
back-loaded,203,0.2643229166666667,1.3753196417163227,0.7506392834326454,1.22311951029821
back-loaded,204,0.265625,1.3866520966048386,0.7733041932096771,1.22284624546245
back-loaded,205,0.2669270833333333,1.3979688823743561,0.7959377647487123,1.2225484050019562
back-loaded,206,0.2682291666666667,1.409268712243645,0.8185374244872898,1.222226058448375
back-loaded,207,0.26953125,1.420550303970979,0.8411006079419581,1.2218792811165877
back-loaded,208,0.2708333333333333,1.4318123801974227,0.8636247603948455,1.2215081541017
back-loaded,209,0.2721354166666667,1.4430536687888127,0.8861073375776254,1.2211127642757194
back-loaded,210,0.2734375,1.4542729031763386,0.9085458063526772,1.2206932042837033
back-loaded,211,0.2747395833333333,1.4654688226956325,0.930937645391265,1.2202495725394928
back-loaded,212,0.2760416666666667,1.4766401729242815,0.953280345848563,1.219781973221088
back-loaded,213,0.27734375,1.487785706017666,0.975571412035332,1.2192905162653573
back-loaded,214,0.2786458333333333,1.4989041810430366,0.9978083620860732,1.2187753173622768
back-loaded,215,0.2799479166666667,1.5099943643117442,1.0199887286234883,1.2182364979486489
back-loaded,216,0.28125,1.5210550297095269,1.0421100594190538,1.217674185201052
back-loaded,217,0.2825520833333333,1.5320849590247698,1.0641699180495396,1.2170885120282158
back-loaded,218,0.2838541666666667,1.5430829422746515,1.086165884549303,1.2164796170627106
back-loaded,219,0.28515625,1.5540477780290844,1.108095556058169,1.2158476446517859
back-loaded,220,0.2864583333333333,1.564978273732367,1.129956547464734,1.2151927448474689
back-loaded,221,0.2877604166666667,1.5758732460224592,1.1517464920449183,1.2145150733958114
back-loaded,222,0.2890625,1.5867315210477992,1.1734630420955985,1.2138147917252597
back-loaded,223,0.2903645833333333,1.5975519347815683,1.1951038695631366,1.2130920669339422
back-loaded,224,0.2916666666666667,1.608333333333333,1.216666666666666,1.2123470717762281
back-loaded,225,0.29296875,1.6190745732579663,1.2381491465159327,1.2115799846479312
back-loaded,226,0.2942708333333333,1.6297745218617767,1.2595490437235535,1.210790989570637
back-loaded,227,0.2955729166666667,1.6404320575057585,1.280864115011517,1.2099802761748317
back-loaded,228,0.296875,1.6510460699058804,1.3020921398117609,1.2091480396817542
back-loaded,229,0.2981770833333333,1.661615460430336,1.3232309208606718,1.2082944808840865
back-loaded,230,0.2994791666666667,1.6721391423936736,1.3442782847873471,1.2074198061253163
back-loaded,231,0.30078125,1.68261604134773,1.36523208269546,1.2065242272777494
back-loaded,232,0.3020833333333333,1.6930450953692828,1.3860901907385657,1.205607961719036
back-loaded,233,0.3033854166666667,1.7034252553443563,1.4068505106887126,1.2046712323074364
back-loaded,234,0.3046875,1.7137554852490935,1.427510970498187,1.2037142673553682
back-loaded,235,0.3059895833333333,1.7240347624271237,1.4480695248542474,1.2027373006014896
back-loaded,236,0.3072916666666667,1.7342620778633537,1.4685241557267075,1.2017405711812201
back-loaded,237,0.30859375,1.7444364364541054,1.4888728729082108,1.200724323595535
back-loaded,238,0.3098958333333333,1.754556857273528,1.509113714547056,1.1996888076780619
back-loaded,239,0.3111979166666667,1.7646223738362166,1.5292447476724331,1.1986342785604913
back-loaded,240,0.3125,1.7746320343559643,1.5492640687119286,1.1975609966361374
back-loaded,241,0.3138020833333333,1.7845849020005757,1.5691698040011515,1.1964692275216202
back-loaded,242,0.3151041666666667,1.7944800551426838,1.5889601102853677,1.1953592420168448
back-loaded,243,0.31640625,1.8043165876064875,1.608633175212975,1.1942313160627747
back-loaded,244,0.3177083333333333,1.8140936089103599,1.6281872178207197,1.1930857306975375
back-loaded,245,0.3190104166666667,1.8238102445052493,1.6476204890104986,1.1919227720102927
back-loaded,246,0.3203125,1.8334656360088208,1.6669312720176417,1.190742731093274
back-loaded,247,0.3216145833333333,1.8430589414352616,1.6861178828705232,1.189545903991505
back-loaded,248,0.3229166666666667,1.8525893354207035,1.705178670841407,1.1883325916506884
back-loaded,249,0.32421875,1.8620560094441934,1.7241120188883867,1.1871030998627918
back-loaded,250,0.3255208333333333,1.8714581720441512,1.7429163440883024,1.1858577392094531
back-loaded,251,0.3268229166666667,1.8807950490302656,1.7615900980605312,1.1845968250033545
back-loaded,252,0.328125,1.8900658836907636,1.7801317673815271,1.1833206772272562
back-loaded,253,0.3294270833333333,1.899269936994998,1.7985398739899958,1.182029620470786
back-loaded,254,0.3307291666666667,1.9084064877913067,1.8168129755826135,1.1807239838651393
back-loaded,255,0.33203125,1.9174748330000815,1.834949666000163,1.1794041010153293
back-loaded,256,0.3333333333333333,1.926474287801998,1.852948575603996,1.1780703099302674
back-loaded,257,0.3346354166666667,1.9354041858213606,1.8708083716427213,1.176722952950575
back-loaded,258,0.3359375,1.9442638793045064,1.8885277586090128,1.1753623766740346
back-loaded,259,0.3372395833333333,1.9530527392932235,1.906105478586447,1.1739889318787762
back-loaded,260,0.3385416666666667,1.9617701557931393,1.9235403115862786,1.1726029734442007
back-loaded,261,0.33984375,1.9704155379370332,1.9408310758740663,1.1712048602696405
back-loaded,262,0.3411458333333333,1.9789883141430193,1.9579766282860387,1.1697949551904823
back-loaded,263,0.3424479166666667,1.9874879322675802,1.9749758645351605,1.1683736248924874
back-loaded,264,0.34375,1.995913859753386,1.9918277195067722,1.1669412398233763
back-loaded,265,0.3450520833333333,2.00426558377187,0.008531167543740281,1.1654981741023422
back-loaded,266,0.3463541666666667,2.012542611360531,0.02508522272106184,1.1640448054275134
back-loaded,267,0.34765625,2.020744469554906,0.04148893910981233,1.1625815149808445
back-loaded,268,0.3489583333333333,2.028870705515198,0.05774141103039643,1.1611086873311116
back-loaded,269,0.3502604166666667,2.0369208866475104,0.07384177329502073,1.1596267103346205
back-loaded,270,0.3515625,2.0448946007196627,0.08978920143932534,1.1581359750338005
back-loaded,271,0.3528645833333333,2.052791455971555,0.10558291194311042,1.1566368755536844
back-loaded,272,0.3541666666666667,2.0606110812200535,0.12122216244010708,1.1551298089964106
back-loaded,273,0.35546875,2.068353125958363,0.13670625191672592,1.1536151753336032
back-loaded,274,0.3567708333333333,2.076017260449867,0.15203452089973357,1.1520933772968096
back-loaded,275,0.3580729166666667,2.0836031758164046,0.16720635163280928,1.1505648202660264
back-loaded,276,0.359375,2.091110584120969,0.1822211682419379,1.1490299121563814
back-loaded,277,0.3606770833333333,2.09853921844479,0.19707843688957993,1.147489063302834
back-loaded,278,0.3619791666666667,2.105888832958797,0.21177766591759362,1.1459426863432582
back-loaded,279,0.36328125,2.113159202989434,0.22631840597886832,1.1443911960997801
back-loaded,280,0.3645833333333333,2.1203501250788097,0.24070025015761942,1.1428350094583128
back-loaded,281,0.3658854166666667,2.1274614170391666,0.25492283407833316,1.1412745452466928
back-loaded,282,0.3671875,2.1344929180016594,0.2689858360033188,1.1397102241111512
back-loaded,283,0.3684895833333333,2.141444488459421,0.28288897691884163,1.1381424683913106
back-loaded,284,0.3697916666666667,2.148316010304914,0.2966320206098283,1.1365717019939305
back-loaded,285,0.37109375,2.155107386861552,0.3102147737231036,1.1349983502651106
back-loaded,286,0.3723958333333333,2.161818542909576,0.3236370858191524,1.1334228398613533
back-loaded,287,0.3736979166666667,2.1684494247062016,0.3368988494124032,1.1318455986195368
back-loaded,288,0.375,2.175,0.34999999999999964,1.130267055425569
back-loaded,289,0.3763020833333333,2.181470258039535,0.3629405160790702,1.1286876400821837
back-loaded,290,0.3776041666666667,2.1878602095762427,0.37572041915248544,1.127107783175735
back-loaded,291,0.37890625,2.194169886861552,0.3883397737231036,1.1255279159421472
back-loaded,292,0.3802083333333333,2.2003993436382476,0.40079868727649526,1.1239484701319802
back-loaded,293,0.3815104166666667,2.2065486551260873,0.41309731025217467,1.1223698778750109
back-loaded,294,0.3828125,2.2126179180016594,0.4252358360033188,1.120792571543948
back-loaded,295,0.3841145833333333,2.2186072503725,0.4372145007450001,1.1192169836177541
back-loaded,296,0.3854166666666667,2.2245167917454762,0.44903358349095246,1.1176435465445882
back-loaded,297,0.38671875,2.230346702989434,0.4606934059788683,1.1160726926041946
back-loaded,298,0.3880208333333333,2.2360971662921303,0.4721943325842606,1.114504853770153
back-loaded,299,0.3893229166666667,2.2417683851114565,0.48353677022291297,1.1129404615719538
back-loaded,300,0.390625,2.247360584120969,0.4947211682419379,1.1113799469568977
back-loaded,301,0.3919270833333333,2.252874009149738,0.5057480182994762,1.1098237401520363
back-loaded,302,0.3932291666666667,2.2583089271165333,0.5166178542330666,1.1082722705261396
back-loaded,303,0.39453125,2.263665625958363,0.5273312519167259,1.1067259664518863
back-loaded,304,0.3958333333333333,2.268944414553387,0.537888829106774,1.1051852551682433
back-loaded,305,0.3971354166666667,2.2741456226382217,0.5482912452764435,1.103650562643172
back-loaded,306,0.3984375,2.2792696007196627,0.5585392014393253,1.1021223134368163
back-loaded,307,0.3997395833333333,2.284316719980844,0.5686334399616877,1.100600930565071
back-loaded,308,0.4010416666666667,2.2892873721818647,0.5785747443637295,1.0990868353638614
back-loaded,309,0.40234375,2.294181969554906,0.5883639391098123,1.0975804473539696
back-loaded,310,0.4036458333333333,2.2990009446938644,0.5980018893877288,1.0960821841066184
back-loaded,311,0.4049479166666667,2.3037447504385367,0.6074895008770733,1.0945924611099473
back-loaded,312,0.40625,2.308413859753386,0.6168277195067722,1.0931116916363177
back-loaded,313,0.4075520833333333,2.313008765600914,0.6260175312018283,1.0916402866104953
back-loaded,314,0.4088541666666667,2.3175299808096863,0.6350599616193726,1.0901786544791048
back-loaded,315,0.41015625,2.321978037937033,0.6439560758740663,1.088727201080943
back-loaded,316,0.4114583333333333,2.326353489126473,0.6527069782529464,1.0872863295186375
back-loaded,317,0.4127604166666667,2.33065690595989,0.6613138119197801,1.085856440031464
back-loaded,318,0.4140625,2.3348888793045064,0.6697777586090128,1.0844379298695148
back-loaded,319,0.4153645833333333,2.339050019154694,0.6781000383093883,1.0830311931692096
back-loaded,320,0.4166666666666667,2.343140954468665,0.68628190893733,1.081636620830281
back-loaded,321,0.41796875,2.3471623330000817,0.6943246660001634,1.0802546003941729
back-loaded,322,0.4192708333333333,2.35111482112464,0.7022296422492804,1.0788855159240938
back-loaded,323,0.4205729166666667,2.3549991036616644,0.7099982073233289,1.0775297478865666
back-loaded,324,0.421875,2.3588158836907636,0.7176317673815271,1.076187673034674
back-loaded,325,0.4231770833333333,2.362565882363599,0.7251317647271982,1.0748596642929578
back-loaded,326,0.4244791666666667,2.366249838710818,0.7324996774216359,1.0735460906441803
back-loaded,327,0.42578125,2.3698685094441934,0.7397370188883867,1.072247317017669
back-loaded,328,0.4270833333333333,2.373422668754037,0.7468453375080744,1.070963704179694
back-loaded,329,0.4283854166666667,2.3769131081019284,0.7538262162038567,1.0696956086255196
back-loaded,330,0.4296875,2.380340636008821,0.7606812720176421,1.0684433824735073
back-loaded,331,0.4309895833333333,2.383706077838583,0.7674121556771656,1.067207373361018
back-loaded,332,0.4322916666666667,2.3870102755770266,0.7740205511540532,1.065987924342394
back-loaded,333,0.43359375,2.3902540876064875,0.780508175212975,1.0647853737887396
back-loaded,334,0.4348958333333333,2.3934383884760173,0.7868767769520346,1.0636000552899874
back-loaded,335,0.4361979166666667,2.3965640686672427,0.7931281373344854,1.062432297558653
back-loaded,336,0.4375,2.3996320343559643,0.7992640687119286,1.0612824243359449
back-loaded,337,0.4388020833333333,2.4026432071695503,0.8052864143391005,1.0601507542997246
back-loaded,338,0.4401041666666667,2.4055985239401947,0.8111970478803894,1.059037600974648
back-loaded,339,0.44140625,2.4084989364541056,0.8169978729082112,1.0579432726443803
back-loaded,340,0.4427083333333333,2.411345411196687,0.8226908223933744,1.0568680722658403
back-loaded,341,0.4440104166666667,2.4141389290937907,0.8282778581875814,1.0558122973856883
back-loaded,342,0.4453125,2.4168804852490937,0.8337609704981874,1.054776240058725
back-loaded,343,0.4466145833333333,2.4195710886776896,0.8391421773553791,1.0537601867686197
back-loaded,344,0.4479166666666667,2.42221176203595,0.8444235240718996,1.0527644183506033
back-loaded,345,0.44921875,2.42480354134773,0.84960708269546,1.0517892099162083
back-loaded,346,0.4505208333333333,2.4273474757270073,0.8546949514540145,1.0508348307804254
back-loaded,347,0.4518229166666667,2.429844627097003,0.8596892541940058,1.0499015443905497
back-loaded,348,0.453125,2.4322960699058807,0.8645921398117613,1.04898960825741
back-loaded,349,0.4544270833333333,2.434702890839092,0.8694057816781839,1.0480992738885992
back-loaded,350,0.4557291666666667,2.4370661885284437,0.8741323770568874,1.047230786723749
back-loaded,351,0.45703125,2.4393870732579663,0.8787741465159327,1.0463843860718616
back-loaded,352,0.4583333333333333,2.441666666666667,0.8833333333333337,1.0455603050508055
back-loaded,353,0.4596354166666667,2.4439061014482357,0.8878122028964714,1.0447587705286385
back-loaded,354,0.4609375,2.4461065210477995,0.8922130420955989,1.0439800030671809
back-loaded,355,0.4622395833333333,2.448269079355793,0.8965381587115857,1.0432242168674346
back-loaded,356,0.4635416666666667,2.450394940399034,0.9007898807980679,1.0424916197170253
back-loaded,357,0.46484375,2.452485278029085,0.9049705560581698,1.041782412939612
back-loaded,358,0.4661458333333333,2.454541275607985,0.9090825512159704,1.0410967913463065
back-loaded,359,0.4674479166666667,2.4565641256914366,0.9131282513828731,1.0404349431889297
back-loaded,360,0.46875,2.458555029709527,0.9171100594190538,1.0397970501152203
back-loaded,361,0.4700520833333333,2.4605151976450776,0.9210303952901553,1.0391832871259208
back-loaded,362,0.4713541666666667,2.462445847709703,0.9248916954194062,1.0385938225337645
back-loaded,363,0.47265625,2.4643482060176662,0.9286964120353325,1.038028817924283
back-loaded,364,0.4739583333333333,2.466223506257615,0.9324470125152304,1.0374884281183618
back-loaded,365,0.4752604166666667,2.4680729893622995,0.9361459787245989,1.0369728011368324
back-loaded,366,0.4765625,2.4698979031763386,0.9397958063526772,1.036482078166538
back-loaded,367,0.4778645833333333,2.471699502122146,0.9433990042442923,1.0360163935284248
back-loaded,368,0.4791666666666667,2.4734790468640897,0.9469580937281794,1.0355758746472254
back-loaded,369,0.48046875,2.4752378039709795,0.950475607941959,1.0351606420229025
back-loaded,370,0.4817708333333333,2.476977045576979,0.9539540911539577,1.0347708092038572
back-loaded,371,0.4830729166666667,2.478698049041023,0.9573960980820457,1.0344064827617385
back-loaded,372,0.484375,2.4804020966048386,0.9608041932096771,1.0340677622679615
back-loaded,373,0.4856770833333333,2.482090475049657,0.9641809500993137,1.0337547402718477
back-loaded,374,0.4869791666666667,2.48376447535171,0.9675289507034197,1.0334675022804347
back-loaded,375,0.48828125,2.4854253923366088,0.9708507846732175,1.0332061267399606
back-loaded,376,0.4895833333333333,2.487074524332682,0.9741490486653639,1.032970685018697
back-loaded,377,0.4908854166666667,2.4887131728233873,0.9774263456467747,1.0327612413917928
back-loaded,378,0.4921875,2.490342642098868,0.9806852841977358,1.0325778530272158
back-loaded,379,0.4934895833333333,2.491964238906767,0.9839284778135342,1.0324205699737221
back-loaded,380,0.4947916666666667,2.493579272102376,0.9871585442047524,1.0322894351499592
back-loaded,381,0.49609375,2.495189052298225,0.9903781045964504,1.0321844843354682
back-loaded,382,0.4973958333333333,2.4967948915131997,0.9935897830263993,1.032105746162994
back-loaded,383,0.4986979166666667,2.4983981028212794,0.9967962056425588,1.0320532421123725
back-loaded,384,0.5,2.5,1.0,1.032026986506079
back-loaded,385,0.5013020833333334,2.506510416666666,1.0130208333333321,1.1294774298776915
back-loaded,386,0.5026041666666666,2.513020833333333,1.026041666666666,1.129477429877709
back-loaded,387,0.50390625,2.51953125,1.0390625,1.129477429877709
back-loaded,388,0.5052083333333334,2.526041666666666,1.0520833333333321,1.1294774298776915
back-loaded,389,0.5065104166666666,2.532552083333333,1.065104166666666,1.129477429877709
back-loaded,390,0.5078125,2.5390625,1.078125,1.129477429877709
back-loaded,391,0.5091145833333334,2.545572916666666,1.0911458333333321,1.1294774298776915
back-loaded,392,0.5104166666666666,2.552083333333333,1.104166666666666,1.129477429877709
back-loaded,393,0.51171875,2.55859375,1.1171875,1.129477429877709
back-loaded,394,0.5130208333333334,2.565104166666666,1.1302083333333321,1.1294774298776915
back-loaded,395,0.5143229166666666,2.571614583333333,1.143229166666666,1.129477429877709
back-loaded,396,0.515625,2.578125,1.15625,1.129477429877709
back-loaded,397,0.5169270833333334,2.584635416666666,1.1692708333333321,1.1294774298776915
back-loaded,398,0.5182291666666666,2.591145833333333,1.182291666666666,1.129477429877709
back-loaded,399,0.51953125,2.59765625,1.1953125,1.129477429877709
back-loaded,400,0.5208333333333334,2.604166666666666,1.2083333333333321,1.1294774298776915
back-loaded,401,0.5221354166666666,2.610677083333333,1.221354166666666,1.129477429877709
back-loaded,402,0.5234375,2.6171875,1.234375,1.129477429877709
back-loaded,403,0.5247395833333334,2.623697916666666,1.2473958333333321,1.1294774298776915
back-loaded,404,0.5260416666666666,2.630208333333333,1.260416666666666,1.129477429877709
back-loaded,405,0.52734375,2.63671875,1.2734375,1.129477429877709
back-loaded,406,0.5286458333333334,2.643229166666666,1.2864583333333321,1.1294774298776915
back-loaded,407,0.5299479166666666,2.649739583333333,1.299479166666666,1.129477429877709
back-loaded,408,0.53125,2.65625,1.3125,1.129477429877709
back-loaded,409,0.5325520833333334,2.662760416666666,1.3255208333333321,1.1294774298776915
back-loaded,410,0.5338541666666666,2.669270833333333,1.338541666666666,1.129477429877709
back-loaded,411,0.53515625,2.67578125,1.3515625,1.129477429877709
back-loaded,412,0.5364583333333334,2.682291666666666,1.3645833333333321,1.1294774298776915
back-loaded,413,0.5377604166666666,2.688802083333333,1.377604166666666,1.129477429877709
back-loaded,414,0.5390625,2.6953125,1.390625,1.129477429877709
back-loaded,415,0.5403645833333334,2.701822916666666,1.4036458333333321,1.1294774298776915
back-loaded,416,0.5416666666666666,2.708333333333333,1.416666666666666,1.129477429877709
back-loaded,417,0.54296875,2.71484375,1.4296875,1.129477429877709
back-loaded,418,0.5442708333333334,2.721354166666666,1.4427083333333321,1.1294774298776915
back-loaded,419,0.5455729166666666,2.727864583333333,1.455729166666666,1.129477429877709
back-loaded,420,0.546875,2.734375,1.46875,1.129477429877709
back-loaded,421,0.5481770833333334,2.740885416666666,1.4817708333333321,1.1294774298776915
back-loaded,422,0.5494791666666666,2.747395833333333,1.494791666666666,1.129477429877709
back-loaded,423,0.55078125,2.75390625,1.5078125,1.129477429877709
back-loaded,424,0.5520833333333334,2.760416666666666,1.5208333333333321,1.1294774298776915
back-loaded,425,0.5533854166666666,2.766927083333333,1.533854166666666,1.129477429877709
back-loaded,426,0.5546875,2.7734375,1.546875,1.129477429877709
back-loaded,427,0.5559895833333334,2.779947916666666,1.5598958333333321,1.1294774298776915
back-loaded,428,0.5572916666666666,2.786458333333333,1.572916666666666,1.129477429877709
back-loaded,429,0.55859375,2.79296875,1.5859375,1.129477429877709
back-loaded,430,0.5598958333333334,2.799479166666666,1.5989583333333321,1.1294774298776915
back-loaded,431,0.5611979166666666,2.805989583333333,1.611979166666666,1.129477429877709
back-loaded,432,0.5625,2.8125,1.625,1.129477429877709
back-loaded,433,0.5638020833333334,2.819010416666666,1.6380208333333321,1.1294774298776915
back-loaded,434,0.5651041666666666,2.825520833333333,1.651041666666666,1.129477429877709
back-loaded,435,0.56640625,2.83203125,1.6640625,1.129477429877709
back-loaded,436,0.5677083333333334,2.838541666666666,1.6770833333333321,1.1294774298776915
back-loaded,437,0.5690104166666666,2.845052083333333,1.690104166666666,1.129477429877709
back-loaded,438,0.5703125,2.8515625,1.703125,1.129477429877709
back-loaded,439,0.5716145833333334,2.858072916666666,1.7161458333333321,1.1294774298776915
back-loaded,440,0.5729166666666666,2.864583333333333,1.729166666666666,1.129477429877709
back-loaded,441,0.57421875,2.87109375,1.7421875,1.129477429877709
back-loaded,442,0.5755208333333334,2.877604166666666,1.7552083333333321,1.1294774298776915
back-loaded,443,0.5768229166666666,2.884114583333333,1.768229166666666,1.129477429877709
back-loaded,444,0.578125,2.890625,1.78125,1.129477429877709
back-loaded,445,0.5794270833333334,2.897135416666666,1.7942708333333321,1.1294774298776915
back-loaded,446,0.5807291666666666,2.903645833333333,1.807291666666666,1.129477429877709
back-loaded,447,0.58203125,2.91015625,1.8203125,1.129477429877709
back-loaded,448,0.5833333333333334,2.916666666666666,1.8333333333333321,1.1294774298776915
back-loaded,449,0.5846354166666666,2.923177083333333,1.846354166666666,1.129477429877709
back-loaded,450,0.5859375,2.9296875,1.859375,1.129477429877709
back-loaded,451,0.5872395833333334,2.936197916666666,1.8723958333333321,1.1294774298776915
back-loaded,452,0.5885416666666666,2.942708333333333,1.885416666666666,1.129477429877709
back-loaded,453,0.58984375,2.94921875,1.8984375,1.129477429877709
back-loaded,454,0.5911458333333334,2.955729166666666,1.9114583333333321,1.1294774298776915
back-loaded,455,0.5924479166666666,2.962239583333333,1.924479166666666,1.129477429877709
back-loaded,456,0.59375,2.96875,1.9375,1.129477429877709
back-loaded,457,0.5950520833333334,2.975260416666666,1.9505208333333321,1.1294774298776915
back-loaded,458,0.5963541666666666,2.981770833333333,1.963541666666666,1.129477429877709
back-loaded,459,0.59765625,2.98828125,1.9765625,1.129477429877709
back-loaded,460,0.5989583333333334,2.994791666666666,1.9895833333333321,1.1294774298776915
back-loaded,461,0.6002604166666666,3.001302083333333,0.0026041666666660745,1.129477429877709
back-loaded,462,0.6015625,3.0078125,0.015625,1.129477429877709
back-loaded,463,0.6028645833333334,3.014322916666666,0.02864583333333215,1.1294774298776915
back-loaded,464,0.6041666666666666,3.020833333333333,0.041666666666666075,1.129477429877709
back-loaded,465,0.60546875,3.02734375,0.0546875,1.129477429877709
back-loaded,466,0.6067708333333334,3.033854166666666,0.06770833333333215,1.1294774298776915
back-loaded,467,0.6080729166666666,3.040364583333333,0.08072916666666607,1.129477429877709
back-loaded,468,0.609375,3.046875,0.09375,1.129477429877709
back-loaded,469,0.6106770833333334,3.053385416666666,0.10677083333333215,1.1294774298776915
back-loaded,470,0.6119791666666666,3.059895833333333,0.11979166666666607,1.129477429877709
back-loaded,471,0.61328125,3.06640625,0.1328125,1.129477429877709
back-loaded,472,0.6145833333333334,3.072916666666666,0.14583333333333215,1.1294774298776915
back-loaded,473,0.6158854166666666,3.079427083333333,0.15885416666666607,1.129477429877709
back-loaded,474,0.6171875,3.0859375,0.171875,1.129477429877709
back-loaded,475,0.6184895833333334,3.092447916666666,0.18489583333333215,1.1294774298776915
back-loaded,476,0.6197916666666666,3.098958333333333,0.19791666666666607,1.129477429877709
back-loaded,477,0.62109375,3.10546875,0.2109375,1.129477429877709
back-loaded,478,0.6223958333333334,3.111979166666666,0.22395833333333215,1.1294774298776915
back-loaded,479,0.6236979166666666,3.118489583333333,0.23697916666666607,1.129477429877709
back-loaded,480,0.625,3.125,0.25,1.129477429877709
back-loaded,481,0.6263020833333334,3.131510416666666,0.26302083333333215,1.1294774298776915
back-loaded,482,0.6276041666666666,3.138020833333333,0.2760416666666661,1.129477429877709
back-loaded,483,0.62890625,3.14453125,0.2890625,1.129477429877709
back-loaded,484,0.6302083333333334,3.151041666666666,0.30208333333333215,1.1294774298776915
back-loaded,485,0.6315104166666666,3.157552083333333,0.3151041666666661,1.129477429877709
back-loaded,486,0.6328125,3.1640625,0.328125,1.129477429877709
back-loaded,487,0.6341145833333334,3.170572916666666,0.34114583333333215,1.1294774298776915
back-loaded,488,0.6354166666666666,3.177083333333333,0.3541666666666661,1.129477429877709
back-loaded,489,0.63671875,3.18359375,0.3671875,1.129477429877709
back-loaded,490,0.6380208333333334,3.190104166666666,0.38020833333333215,1.1294774298776915
back-loaded,491,0.6393229166666666,3.196614583333333,0.3932291666666661,1.129477429877709
back-loaded,492,0.640625,3.203125,0.40625,1.129477429877709
back-loaded,493,0.6419270833333334,3.209635416666666,0.41927083333333215,1.1294774298776915
back-loaded,494,0.6432291666666666,3.216145833333333,0.4322916666666661,1.129477429877709
back-loaded,495,0.64453125,3.22265625,0.4453125,1.129477429877709
back-loaded,496,0.6458333333333334,3.229166666666666,0.45833333333333215,1.1294774298776915
back-loaded,497,0.6471354166666666,3.235677083333333,0.4713541666666661,1.129477429877709
back-loaded,498,0.6484375,3.2421875,0.484375,1.129477429877709
back-loaded,499,0.6497395833333334,3.248697916666666,0.49739583333333215,1.1294774298776915
back-loaded,500,0.6510416666666666,3.255208333333333,0.5104166666666661,1.129477429877709
back-loaded,501,0.65234375,3.26171875,0.5234375,1.129477429877709
back-loaded,502,0.6536458333333334,3.268229166666666,0.5364583333333321,1.1294774298776915
back-loaded,503,0.6549479166666666,3.274739583333333,0.5494791666666661,1.129477429877709
back-loaded,504,0.65625,3.28125,0.5625,1.129477429877709
back-loaded,505,0.6575520833333334,3.287760416666666,0.5755208333333321,1.1294774298776915
back-loaded,506,0.6588541666666666,3.294270833333333,0.5885416666666661,1.129477429877709
back-loaded,507,0.66015625,3.30078125,0.6015625,1.129477429877709
back-loaded,508,0.6614583333333334,3.307291666666666,0.6145833333333321,1.1294774298776915
back-loaded,509,0.6627604166666666,3.313802083333333,0.6276041666666661,1.129477429877709
back-loaded,510,0.6640625,3.3203125,0.640625,1.129477429877709
back-loaded,511,0.6653645833333334,3.326822916666666,0.6536458333333321,1.1294774298776915
back-loaded,512,0.6666666666666666,3.333333333333333,0.6666666666666661,1.129477429877709
back-loaded,513,0.66796875,3.33984375,0.6796875,1.129477429877709
back-loaded,514,0.6692708333333334,3.346354166666666,0.6927083333333321,1.1294774298776915
back-loaded,515,0.6705729166666666,3.352864583333333,0.7057291666666661,1.129477429877709
back-loaded,516,0.671875,3.359375,0.71875,1.129477429877709
back-loaded,517,0.6731770833333334,3.365885416666666,0.7317708333333321,1.1294774298776915
back-loaded,518,0.6744791666666666,3.372395833333333,0.7447916666666661,1.129477429877709
back-loaded,519,0.67578125,3.37890625,0.7578125,1.129477429877709
back-loaded,520,0.6770833333333334,3.385416666666666,0.7708333333333321,1.1294774298776915
back-loaded,521,0.6783854166666666,3.391927083333333,0.7838541666666661,1.129477429877709
back-loaded,522,0.6796875,3.3984375,0.796875,1.129477429877709
back-loaded,523,0.6809895833333334,3.404947916666666,0.8098958333333321,1.1294774298776915
back-loaded,524,0.6822916666666666,3.411458333333333,0.8229166666666661,1.129477429877709
back-loaded,525,0.68359375,3.41796875,0.8359375,1.129477429877709
back-loaded,526,0.6848958333333334,3.424479166666666,0.8489583333333321,1.1294774298776915
back-loaded,527,0.6861979166666666,3.430989583333333,0.8619791666666661,1.129477429877709
back-loaded,528,0.6875,3.4375,0.875,1.129477429877709
back-loaded,529,0.6888020833333334,3.444010416666666,0.8880208333333321,1.1294774298776915
back-loaded,530,0.6901041666666666,3.450520833333333,0.9010416666666661,1.129477429877709
back-loaded,531,0.69140625,3.45703125,0.9140625,1.129477429877709
back-loaded,532,0.6927083333333334,3.463541666666666,0.9270833333333321,1.1294774298776915
back-loaded,533,0.6940104166666666,3.470052083333333,0.9401041666666661,1.129477429877709
back-loaded,534,0.6953125,3.4765625,0.953125,1.129477429877709
back-loaded,535,0.6966145833333334,3.483072916666666,0.9661458333333321,1.1294774298776915
back-loaded,536,0.6979166666666666,3.489583333333333,0.9791666666666661,1.129477429877709
back-loaded,537,0.69921875,3.49609375,0.9921875,1.129477429877709
back-loaded,538,0.7005208333333334,3.502604166666666,1.0052083333333321,1.1294774298776915
back-loaded,539,0.7018229166666666,3.509114583333333,1.018229166666666,1.129477429877709
back-loaded,540,0.703125,3.515625,1.03125,1.129477429877709
back-loaded,541,0.7044270833333334,3.522135416666666,1.0442708333333321,1.1294774298776915
back-loaded,542,0.7057291666666666,3.528645833333333,1.057291666666666,1.129477429877709
back-loaded,543,0.70703125,3.53515625,1.0703125,1.129477429877709
back-loaded,544,0.7083333333333334,3.541666666666666,1.0833333333333321,1.1294774298776915
back-loaded,545,0.7096354166666666,3.548177083333333,1.096354166666666,1.129477429877709
back-loaded,546,0.7109375,3.5546875,1.109375,1.129477429877709
back-loaded,547,0.7122395833333334,3.561197916666666,1.1223958333333321,1.1294774298776915
back-loaded,548,0.7135416666666666,3.567708333333333,1.135416666666666,1.129477429877709
back-loaded,549,0.71484375,3.57421875,1.1484375,1.129477429877709
back-loaded,550,0.7161458333333334,3.580729166666666,1.1614583333333321,1.1294774298776915
back-loaded,551,0.7174479166666666,3.587239583333333,1.174479166666666,1.129477429877709
back-loaded,552,0.71875,3.59375,1.1875,1.129477429877709
back-loaded,553,0.7200520833333334,3.600260416666666,1.2005208333333321,1.1294774298776915
back-loaded,554,0.7213541666666666,3.606770833333333,1.213541666666666,1.129477429877709
back-loaded,555,0.72265625,3.61328125,1.2265625,1.129477429877709
back-loaded,556,0.7239583333333334,3.619791666666666,1.2395833333333321,1.1294774298776915
back-loaded,557,0.7252604166666666,3.626302083333333,1.252604166666666,1.129477429877709
back-loaded,558,0.7265625,3.6328125,1.265625,1.129477429877709
back-loaded,559,0.7278645833333334,3.639322916666666,1.2786458333333321,1.1294774298776915
back-loaded,560,0.7291666666666666,3.645833333333333,1.291666666666666,1.129477429877709
back-loaded,561,0.73046875,3.65234375,1.3046875,1.129477429877709
back-loaded,562,0.7317708333333334,3.658854166666666,1.3177083333333321,1.1294774298776915
back-loaded,563,0.7330729166666666,3.665364583333333,1.330729166666666,1.129477429877709
back-loaded,564,0.734375,3.671875,1.34375,1.129477429877709
back-loaded,565,0.7356770833333334,3.678385416666666,1.3567708333333321,1.1294774298776915
back-loaded,566,0.7369791666666666,3.684895833333333,1.369791666666666,1.129477429877709
back-loaded,567,0.73828125,3.69140625,1.3828125,1.129477429877709
back-loaded,568,0.7395833333333334,3.697916666666666,1.3958333333333321,1.1294774298776915
back-loaded,569,0.7408854166666666,3.704427083333333,1.408854166666666,1.129477429877709
back-loaded,570,0.7421875,3.7109375,1.421875,1.129477429877709
back-loaded,571,0.7434895833333334,3.717447916666666,1.4348958333333321,1.1294774298776915
back-loaded,572,0.7447916666666666,3.723958333333333,1.447916666666666,1.129477429877709
back-loaded,573,0.74609375,3.73046875,1.4609375,1.129477429877709
back-loaded,574,0.7473958333333334,3.736979166666666,1.4739583333333321,1.1294774298776915
back-loaded,575,0.7486979166666666,3.743489583333333,1.486979166666666,1.129477429877709
back-loaded,576,0.75,3.75,1.5,1.129477429877709
back-loaded,577,0.7513020833333334,3.756510416666666,1.5130208333333321,1.1294774298776915
back-loaded,578,0.7526041666666666,3.763020833333333,1.526041666666666,1.129477429877709
back-loaded,579,0.75390625,3.76953125,1.5390625,1.129477429877709
back-loaded,580,0.7552083333333334,3.776041666666666,1.5520833333333321,1.1294774298776915
back-loaded,581,0.7565104166666666,3.782552083333333,1.565104166666666,1.129477429877709
back-loaded,582,0.7578125,3.7890625,1.578125,1.129477429877709
back-loaded,583,0.7591145833333334,3.795572916666666,1.5911458333333321,1.1294774298776915
back-loaded,584,0.7604166666666666,3.802083333333333,1.604166666666666,1.129477429877709
back-loaded,585,0.76171875,3.80859375,1.6171875,1.129477429877709
back-loaded,586,0.7630208333333334,3.815104166666666,1.6302083333333321,1.1294774298776915
back-loaded,587,0.7643229166666666,3.821614583333333,1.643229166666666,1.129477429877709
back-loaded,588,0.765625,3.828125,1.65625,1.129477429877709
back-loaded,589,0.7669270833333334,3.834635416666666,1.6692708333333321,1.1294774298776915
back-loaded,590,0.7682291666666666,3.841145833333333,1.682291666666666,1.129477429877709
back-loaded,591,0.76953125,3.84765625,1.6953125,1.129477429877709
back-loaded,592,0.7708333333333334,3.854166666666666,1.7083333333333321,1.1294774298776915
back-loaded,593,0.7721354166666666,3.860677083333333,1.721354166666666,1.129477429877709
back-loaded,594,0.7734375,3.8671875,1.734375,1.129477429877709
back-loaded,595,0.7747395833333334,3.873697916666666,1.7473958333333321,1.1294774298776915
back-loaded,596,0.7760416666666666,3.880208333333333,1.760416666666666,1.129477429877709
back-loaded,597,0.77734375,3.88671875,1.7734375,1.129477429877709
back-loaded,598,0.7786458333333334,3.893229166666666,1.7864583333333321,1.1294774298776915
back-loaded,599,0.7799479166666666,3.899739583333333,1.799479166666666,1.129477429877709
back-loaded,600,0.78125,3.90625,1.8125,1.129477429877709
back-loaded,601,0.7825520833333334,3.912760416666666,1.8255208333333321,1.1294774298776915
back-loaded,602,0.7838541666666666,3.919270833333333,1.838541666666666,1.129477429877709
back-loaded,603,0.78515625,3.92578125,1.8515625,1.129477429877709
back-loaded,604,0.7864583333333334,3.932291666666666,1.8645833333333321,1.1294774298776915
back-loaded,605,0.7877604166666666,3.938802083333333,1.877604166666666,1.129477429877709
back-loaded,606,0.7890625,3.9453125,1.890625,1.129477429877709
back-loaded,607,0.7903645833333334,3.951822916666666,1.9036458333333321,1.1294774298776915
back-loaded,608,0.7916666666666666,3.958333333333333,1.916666666666666,1.129477429877709
back-loaded,609,0.79296875,3.96484375,1.9296875,1.129477429877709
back-loaded,610,0.7942708333333334,3.971354166666666,1.9427083333333321,1.1294774298776915
back-loaded,611,0.7955729166666666,3.977864583333333,1.955729166666666,1.129477429877709
back-loaded,612,0.796875,3.984375,1.96875,1.129477429877709
back-loaded,613,0.7981770833333334,3.990885416666666,1.9817708333333321,1.1294774298776915
back-loaded,614,0.7994791666666666,3.997395833333333,1.994791666666666,1.129477429877709
back-loaded,615,0.80078125,4.00390625,0.0078125,1.129477429877709
back-loaded,616,0.8020833333333334,4.010416666666666,0.02083333333333215,1.1294774298776915
back-loaded,617,0.8033854166666666,4.016927083333333,0.033854166666666075,1.129477429877709
back-loaded,618,0.8046875,4.0234375,0.046875,1.129477429877709
back-loaded,619,0.8059895833333334,4.029947916666666,0.05989583333333215,1.1294774298776915
back-loaded,620,0.8072916666666666,4.036458333333333,0.07291666666666607,1.129477429877709
back-loaded,621,0.80859375,4.04296875,0.0859375,1.129477429877709
back-loaded,622,0.8098958333333334,4.049479166666666,0.09895833333333215,1.1294774298776915
back-loaded,623,0.8111979166666666,4.055989583333333,0.11197916666666607,1.129477429877709
back-loaded,624,0.8125,4.0625,0.125,1.129477429877709
back-loaded,625,0.8138020833333334,4.069010416666666,0.13802083333333215,1.1294774298776915
back-loaded,626,0.8151041666666666,4.075520833333333,0.15104166666666607,1.129477429877709
back-loaded,627,0.81640625,4.08203125,0.1640625,1.129477429877709
back-loaded,628,0.8177083333333334,4.088541666666666,0.17708333333333215,1.1294774298776915
back-loaded,629,0.8190104166666666,4.095052083333333,0.19010416666666607,1.129477429877709
back-loaded,630,0.8203125,4.1015625,0.203125,1.129477429877709
back-loaded,631,0.8216145833333334,4.108072916666666,0.21614583333333215,1.1294774298776915
back-loaded,632,0.8229166666666666,4.114583333333333,0.22916666666666607,1.129477429877709
back-loaded,633,0.82421875,4.12109375,0.2421875,1.129477429877709
back-loaded,634,0.8255208333333334,4.127604166666666,0.25520833333333215,1.1294774298776915
back-loaded,635,0.8268229166666666,4.134114583333333,0.2682291666666661,1.129477429877709
back-loaded,636,0.828125,4.140625,0.28125,1.129477429877709
back-loaded,637,0.8294270833333334,4.147135416666666,0.29427083333333215,1.1294774298776915
back-loaded,638,0.8307291666666666,4.153645833333333,0.3072916666666661,1.129477429877709
back-loaded,639,0.83203125,4.16015625,0.3203125,1.129477429877709
back-loaded,640,0.8333333333333334,4.166666666666666,0.33333333333333215,1.1294774298776915
back-loaded,641,0.8346354166666666,4.173177083333333,0.3463541666666661,1.129477429877709
back-loaded,642,0.8359375,4.1796875,0.359375,1.129477429877709
back-loaded,643,0.8372395833333334,4.186197916666666,0.37239583333333215,1.1294774298776915
back-loaded,644,0.8385416666666666,4.192708333333333,0.3854166666666661,1.129477429877709
back-loaded,645,0.83984375,4.19921875,0.3984375,1.129477429877709
back-loaded,646,0.8411458333333334,4.205729166666666,0.41145833333333215,1.1294774298776915
back-loaded,647,0.8424479166666666,4.212239583333333,0.4244791666666661,1.129477429877709
back-loaded,648,0.84375,4.21875,0.4375,1.129477429877709
back-loaded,649,0.8450520833333334,4.225260416666666,0.45052083333333215,1.1294774298776915
back-loaded,650,0.8463541666666666,4.231770833333333,0.4635416666666661,1.129477429877709
back-loaded,651,0.84765625,4.23828125,0.4765625,1.129477429877709
back-loaded,652,0.8489583333333334,4.244791666666666,0.48958333333333215,1.1294774298776915
back-loaded,653,0.8502604166666666,4.251302083333333,0.5026041666666661,1.129477429877709
back-loaded,654,0.8515625,4.2578125,0.515625,1.129477429877709
back-loaded,655,0.8528645833333334,4.264322916666666,0.5286458333333321,1.1294774298776915
back-loaded,656,0.8541666666666666,4.270833333333333,0.5416666666666661,1.129477429877709
back-loaded,657,0.85546875,4.27734375,0.5546875,1.129477429877709
back-loaded,658,0.8567708333333334,4.283854166666666,0.5677083333333321,1.1294774298776915
back-loaded,659,0.8580729166666666,4.290364583333333,0.5807291666666661,1.129477429877709
back-loaded,660,0.859375,4.296875,0.59375,1.129477429877709
back-loaded,661,0.8606770833333334,4.303385416666666,0.6067708333333321,1.1294774298776915
back-loaded,662,0.8619791666666666,4.309895833333333,0.6197916666666661,1.129477429877709
back-loaded,663,0.86328125,4.31640625,0.6328125,1.129477429877709
back-loaded,664,0.8645833333333334,4.322916666666666,0.6458333333333321,1.1294774298776915
back-loaded,665,0.8658854166666666,4.329427083333333,0.6588541666666661,1.129477429877709
back-loaded,666,0.8671875,4.3359375,0.671875,1.129477429877709
back-loaded,667,0.8684895833333334,4.342447916666666,0.6848958333333321,1.1294774298776915
back-loaded,668,0.8697916666666666,4.348958333333333,0.6979166666666661,1.129477429877709
back-loaded,669,0.87109375,4.35546875,0.7109375,1.129477429877709
back-loaded,670,0.8723958333333334,4.361979166666666,0.7239583333333321,1.1294774298776915
back-loaded,671,0.8736979166666666,4.368489583333333,0.7369791666666661,1.129477429877709
back-loaded,672,0.875,4.375,0.75,1.129477429877709
back-loaded,673,0.8763020833333334,4.381510416666666,0.7630208333333321,1.1294774298776915
back-loaded,674,0.8776041666666666,4.388020833333333,0.7760416666666661,1.129477429877709
back-loaded,675,0.87890625,4.39453125,0.7890625,1.129477429877709
back-loaded,676,0.8802083333333334,4.401041666666666,0.8020833333333321,1.1294774298776915
back-loaded,677,0.8815104166666666,4.407552083333333,0.8151041666666661,1.129477429877709
back-loaded,678,0.8828125,4.4140625,0.828125,1.129477429877709
back-loaded,679,0.8841145833333334,4.420572916666666,0.8411458333333321,1.1294774298776915
back-loaded,680,0.8854166666666666,4.427083333333333,0.8541666666666661,1.129477429877709
back-loaded,681,0.88671875,4.43359375,0.8671875,1.129477429877709
back-loaded,682,0.8880208333333334,4.440104166666666,0.8802083333333321,1.1294774298776915
back-loaded,683,0.8893229166666666,4.446614583333333,0.8932291666666661,1.129477429877709
back-loaded,684,0.890625,4.453125,0.90625,1.129477429877709
back-loaded,685,0.8919270833333334,4.459635416666666,0.9192708333333321,1.1294774298776915
back-loaded,686,0.8932291666666666,4.466145833333333,0.9322916666666661,1.129477429877709
back-loaded,687,0.89453125,4.47265625,0.9453125,1.129477429877709
back-loaded,688,0.8958333333333334,4.479166666666666,0.9583333333333321,1.1294774298776915
back-loaded,689,0.8971354166666666,4.485677083333333,0.9713541666666661,1.129477429877709
back-loaded,690,0.8984375,4.4921875,0.984375,1.129477429877709
back-loaded,691,0.8997395833333334,4.498697916666666,0.9973958333333321,1.1294774298776915
back-loaded,692,0.9010416666666666,4.505208333333333,1.010416666666666,1.129477429877709
back-loaded,693,0.90234375,4.51171875,1.0234375,1.129477429877709
back-loaded,694,0.9036458333333334,4.518229166666666,1.0364583333333321,1.1294774298776915
back-loaded,695,0.9049479166666666,4.524739583333333,1.049479166666666,1.129477429877709
back-loaded,696,0.90625,4.53125,1.0625,1.129477429877709
back-loaded,697,0.9075520833333334,4.537760416666666,1.0755208333333321,1.1294774298776915
back-loaded,698,0.9088541666666666,4.544270833333333,1.088541666666666,1.129477429877709
back-loaded,699,0.91015625,4.55078125,1.1015625,1.129477429877709
back-loaded,700,0.9114583333333334,4.557291666666666,1.1145833333333321,1.1294774298776915
back-loaded,701,0.9127604166666666,4.563802083333333,1.127604166666666,1.129477429877709
back-loaded,702,0.9140625,4.5703125,1.140625,1.129477429877709
back-loaded,703,0.9153645833333334,4.576822916666666,1.1536458333333321,1.1294774298776915
back-loaded,704,0.9166666666666666,4.583333333333333,1.166666666666666,1.129477429877709
back-loaded,705,0.91796875,4.58984375,1.1796875,1.129477429877709
back-loaded,706,0.9192708333333334,4.596354166666666,1.1927083333333321,1.1294774298776915
back-loaded,707,0.9205729166666666,4.602864583333333,1.205729166666666,1.129477429877709
back-loaded,708,0.921875,4.609375,1.21875,1.129477429877709
back-loaded,709,0.9231770833333334,4.615885416666666,1.2317708333333321,1.1294774298776915
back-loaded,710,0.9244791666666666,4.622395833333333,1.244791666666666,1.129477429877709
back-loaded,711,0.92578125,4.62890625,1.2578125,1.129477429877709
back-loaded,712,0.9270833333333334,4.635416666666666,1.2708333333333321,1.1294774298776915
back-loaded,713,0.9283854166666666,4.641927083333333,1.283854166666666,1.129477429877709
back-loaded,714,0.9296875,4.6484375,1.296875,1.129477429877709
back-loaded,715,0.9309895833333334,4.654947916666666,1.3098958333333321,1.1294774298776915
back-loaded,716,0.9322916666666666,4.661458333333333,1.322916666666666,1.129477429877709
back-loaded,717,0.93359375,4.66796875,1.3359375,1.129477429877709
back-loaded,718,0.9348958333333334,4.674479166666666,1.3489583333333321,1.1294774298776915
back-loaded,719,0.9361979166666666,4.680989583333333,1.361979166666666,1.129477429877709
back-loaded,720,0.9375,4.6875,1.375,1.129477429877709
back-loaded,721,0.9388020833333334,4.694010416666666,1.3880208333333321,1.1294774298776915
back-loaded,722,0.9401041666666666,4.700520833333333,1.401041666666666,1.129477429877709
back-loaded,723,0.94140625,4.70703125,1.4140625,1.129477429877709
back-loaded,724,0.9427083333333334,4.713541666666666,1.4270833333333321,1.1294774298776915
back-loaded,725,0.9440104166666666,4.720052083333333,1.440104166666666,1.129477429877709
back-loaded,726,0.9453125,4.7265625,1.453125,1.129477429877709
back-loaded,727,0.9466145833333334,4.733072916666666,1.4661458333333321,1.1294774298776915
back-loaded,728,0.9479166666666666,4.739583333333333,1.479166666666666,1.129477429877709
back-loaded,729,0.94921875,4.74609375,1.4921875,1.129477429877709
back-loaded,730,0.9505208333333334,4.752604166666666,1.5052083333333321,1.1294774298776915
back-loaded,731,0.9518229166666666,4.759114583333333,1.518229166666666,1.129477429877709
back-loaded,732,0.953125,4.765625,1.53125,1.129477429877709
back-loaded,733,0.9544270833333334,4.772135416666666,1.5442708333333321,1.1294774298776915
back-loaded,734,0.9557291666666666,4.778645833333333,1.557291666666666,1.129477429877709
back-loaded,735,0.95703125,4.78515625,1.5703125,1.129477429877709
back-loaded,736,0.9583333333333334,4.791666666666666,1.5833333333333321,1.1294774298776915
back-loaded,737,0.9596354166666666,4.798177083333333,1.596354166666666,1.129477429877709
back-loaded,738,0.9609375,4.8046875,1.609375,1.129477429877709
back-loaded,739,0.9622395833333334,4.811197916666666,1.6223958333333321,1.1294774298776915
back-loaded,740,0.9635416666666666,4.817708333333333,1.635416666666666,1.129477429877709
back-loaded,741,0.96484375,4.82421875,1.6484375,1.129477429877709
back-loaded,742,0.9661458333333334,4.830729166666666,1.6614583333333321,1.1294774298776915
back-loaded,743,0.9674479166666666,4.837239583333333,1.674479166666666,1.129477429877709
back-loaded,744,0.96875,4.84375,1.6875,1.129477429877709
back-loaded,745,0.9700520833333334,4.850260416666666,1.7005208333333321,1.1294774298776915
back-loaded,746,0.9713541666666666,4.856770833333333,1.713541666666666,1.129477429877709
back-loaded,747,0.97265625,4.86328125,1.7265625,1.129477429877709
back-loaded,748,0.9739583333333334,4.869791666666666,1.7395833333333321,1.1294774298776915
back-loaded,749,0.9752604166666666,4.876302083333333,1.752604166666666,1.129477429877709
back-loaded,750,0.9765625,4.8828125,1.765625,1.129477429877709
back-loaded,751,0.9778645833333334,4.889322916666666,1.7786458333333321,1.1294774298776915
back-loaded,752,0.9791666666666666,4.895833333333333,1.791666666666666,1.129477429877709
back-loaded,753,0.98046875,4.90234375,1.8046875,1.129477429877709
back-loaded,754,0.9817708333333334,4.908854166666666,1.8177083333333321,1.1294774298776915
back-loaded,755,0.9830729166666666,4.915364583333333,1.830729166666666,1.129477429877709
back-loaded,756,0.984375,4.921875,1.84375,1.129477429877709
back-loaded,757,0.9856770833333334,4.928385416666666,1.8567708333333321,1.1294774298776915
back-loaded,758,0.9869791666666666,4.934895833333333,1.869791666666666,1.129477429877709
back-loaded,759,0.98828125,4.94140625,1.8828125,1.129477429877709
back-loaded,760,0.9895833333333334,4.947916666666666,1.8958333333333321,1.1294774298776915
back-loaded,761,0.9908854166666666,4.954427083333333,1.908854166666666,1.129477429877709
back-loaded,762,0.9921875,4.9609375,1.921875,1.129477429877709
back-loaded,763,0.9934895833333334,4.967447916666666,1.9348958333333321,1.1294774298776915
back-loaded,764,0.9947916666666666,4.973958333333333,1.947916666666666,1.129477429877709
back-loaded,765,0.99609375,4.98046875,1.9609375,1.129477429877709
back-loaded,766,0.9973958333333334,4.986979166666666,1.9739583333333321,1.1294774298776915
back-loaded,767,0.9986979166666666,4.993489583333333,1.986979166666666,1.129477429877709
back-loaded,768,1.0,5.0,0.0,1.129477429877709
early burst,0,0.0,0.0,0.0,1.0
early burst,1,0.0013020833333333333,0.0037783418195193974,0.007556683639038795,1.0754233265646573
early burst,2,0.0026041666666666665,0.00764452144311591,0.01528904288623182,1.077169855813683
early burst,3,0.00390625,0.011600280748853036,0.023200561497706072,1.0789505320857484
early burst,4,0.005208333333333333,0.015647381109238044,0.03129476221847609,1.0807657024435675
early burst,5,0.006510416666666667,0.019787602801565014,0.03957520560313003,1.082615699873674
early burst,6,0.0078125,0.024022744365033002,0.048045488730066005,1.0845008421368063
early burst,7,0.009114583333333334,0.02835462190258191,0.05670924380516382,1.0864214305777318
early burst,8,0.010416666666666666,0.032785068325380105,0.06557013665076021,1.0883777488948412
early burst,9,0.01171875,0.0373159325378875,0.074631865075775,1.0903700618698513
early burst,10,0.013020833333333334,0.04194907856141583,0.08389815712283166,1.092398614058189
early burst,11,0.014322916666666666,0.046686384594115886,0.09337276918823177,1.0944636284408782
early burst,12,0.015625,0.05152974200532925,0.1030594840106585,1.0965653050388156
early burst,13,0.016927083333333332,0.056481054262260265,0.11296210852452053,1.0987038194905856
early burst,14,0.018229166666666668,0.06154223578695406,0.12308447157390812,1.1008793215952755
early burst,15,0.01953125,0.06671521074159584,0.13343042148319167,1.1030919338218
early burst,16,0.020833333333333332,0.07200191174019228,0.14400382348038457,1.1053417497866387
early burst,17,0.022135416666666668,0.0774042784847494,0.1548085569694988,1.1076288327021189
early burst,18,0.0234375,0.08292425632412072,0.16584851264824144,1.1099532137975643
early burst,19,0.024739583333333332,0.08856379473377486,0.17712758946754972,1.1123148907160108
early burst,20,0.026041666666666668,0.09432484571481665,0.1886496914296333,1.1147138258894627
early burst,21,0.02734375,0.10020936211068768,0.20041872422137536,1.1171499448958555
early burst,22,0.028645833333333332,0.10621929584008502,0.21243859168017004,1.1196231348013814
early burst,23,0.029947916666666668,0.11235659604475619,0.22471319208951238,1.1221332424920205
early burst,24,0.03125,0.11862320715096046,0.23724641430192092,1.1246800729984365
early burst,25,0.032552083333333336,0.12502106684353848,0.25004213368707695,1.127263387818828
early burst,26,0.033854166666666664,0.13155210395169387,0.26310420790338773,1.1298829032445858
early burst,27,0.03515625,0.1382182362457664,0.2764364724915328,1.132538288693902
early burst,28,0.036458333333333336,0.14502136814447114,0.2900427362889423,1.1352291650589
early burst,29,0.037760416666666664,0.15196338833228742,0.30392677666457485,1.137955103072143
early burst,30,0.0390625,0.15904616728690402,0.31809233457380803,1.1407156216986503
early burst,31,0.040364583333333336,0.16627155471686958,0.33254310943373916,1.1435101865599329
early burst,32,0.041666666666666664,0.17364137690985645,0.3472827538197129,1.1463382083968616
early burst,33,0.04296875,0.18115743399221898,0.36231486798443796,1.1491990415784046
early burst,34,0.044270833333333336,0.18882149710081783,0.37764299420163566,1.152091982663559
early burst,35,0.045572916666666664,0.1966353054683959,0.3932706109367918,1.1550162690241723
early burst,36,0.046875,0.2046005634241095,0.409201126848219,1.1579710775363363
early burst,37,0.048177083333333336,0.2127189373111643,0.4254378746223286,1.160955523348426
early burst,38,0.049479166666666664,0.22099205232386554,0.4419841046477311,1.163968658734017
early burst,39,0.05078125,0.22942148926675987,0.45884297853351974,1.1670094720378335
early burst,40,0.052083333333333336,0.2380087812389403,0.4760175624778806,1.1700768867232267
early burst,41,0.053385416666666664,0.24675541024699066,0.4935108204939813,1.173169760529638
early burst,42,0.0546875,0.2556628037504561,0.5113256075009122,1.1762868847483148
early burst,43,0.055989583333333336,0.2647323311441644,0.5294646622883288,1.1794269836248328
early burst,44,0.057291666666666664,0.2739653001821623,0.5479306003643246,1.1825887138966251
early burst,45,0.05859375,0.28336295334847916,0.5667259066969583,1.1857706644735737
early burst,46,0.059895833333333336,0.2929264641803967,0.5858529283607934,1.1889713562696425
early burst,47,0.061197916666666664,0.30265693355037043,0.6053138671007409,1.1921892421931441
early burst,48,0.0625,0.31255538591321785,0.6251107718264357,1.1954227073028356
early burst,49,0.06380208333333333,0.3226227655256707,0.6452455310513414,1.198670069136808
early burst,50,0.06510416666666667,0.3328599326458651,0.6657198652917302,1.2019295782205313
early burst,51,0.06640625,0.3432676597208175,0.686535319441635,1.2051994187598727
early burst,52,0.06770833333333333,0.35384662757041047,0.7076932551408209,1.2084777095243964
early burst,53,0.06901041666666667,0.36459742157688035,0.7291948431537607,1.2117625049255896
early burst,54,0.0703125,0.37552052788925394,0.7510410557785079,1.2150517962938303
early burst,55,0.07161458333333333,0.3866163296526254,0.7732326593052508,1.2183435133572122
early burst,56,0.07291666666666667,0.39788510327260385,0.7957702065452077,1.2216355259246585
early burst,57,0.07421875,0.40932701472566196,0.8186540294513239,1.2249256457745152
early burst,58,0.07552083333333333,0.4209421159265133,0.8418842318530266,1.228211628749267
early burst,59,0.07682291666666667,0.4327303411640113,0.8654606823280226,1.2314911770558965
early burst,60,0.078125,0.4446915036173935,0.889383007234787,1.2347619417703517
early burst,61,0.07942708333333333,0.4568252919649992,0.9136505839299984,1.2380215255436626
early burst,62,0.08072916666666667,0.4691312670978636,0.9382625341957272,1.2412674855063492
early burst,63,0.08203125,0.4816088589508034,0.9632177179016068,1.244497336366293
early burst,64,0.08333333333333333,0.49425736346380783,0.9885147269276157,1.2477085536947654
early burst,65,0.08463541666666667,0.507075939686678,1.014151879373356,1.2508985773938424
early burst,66,0.0859375,0.5200636070399469,1.0401272140798938,1.2540648153376477
early burst,67,0.08723958333333333,0.5332192427451431,1.0664384854902862,1.2572046471787524
early burst,68,0.08854166666666667,0.546541579437443,1.093083158874886,1.2603154283103224
early burst,69,0.08984375,0.560029202973668,1.120058405947336,1.2633944939734296
early burst,70,0.09114583333333333,0.5736805504484381,1.1473611008968763,1.2664391634982994
early burst,71,0.09244791666666667,0.5874939084310894,1.1749878168621788,1.269446744667544
early burst,72,0.09375,0.6014674114356733,1.2029348228713466,1.272414538188407
early burst,73,0.09505208333333333,0.6155990406360239,1.2311980812720478,1.2753398422608893
early burst,74,0.09635416666666667,0.6298866228374495,1.259773245674899,1.2782199572276105
early burst,75,0.09765625,0.6443278297161299,1.2886556594322598,1.2810521902912617
early burst,76,0.09895833333333333,0.6589201773367299,1.3178403546734598,1.2838338602846926
early burst,77,0.10026041666666667,0.67366102595812,1.34732205191624,1.2865623024789077
early burst,78,0.1015625,0.6885475801363847,1.3770951602727695,1.2892348734136299
early burst,79,0.10286458333333333,0.7035768891335308,1.4071537782670616,1.291848955735366
early burst,80,0.10416666666666667,0.7187458476394702,1.4374916952789405,1.2944019630278465
early burst,81,0.10546875,0.7340511968139374,1.4681023936278748,1.2968913446197177
early burst,82,0.10677083333333333,0.749489525654035,1.49897905130807,1.2993145903548264
early burst,83,0.10807291666666667,0.7650572726920748,1.5301145453841496,1.3016692353106647
early burst,84,0.109375,0.7807507280272783,1.5615014560545566,1.3039528644507692
early burst,85,0.11067708333333333,0.7965660356937794,1.5931320713875587,1.306163117197746
early burst,86,0.11197916666666667,0.8124991963661693,1.6249983927323386,1.3082976919137301
early burst,87,0.11328125,0.8285460704026011,1.6570921408052022,1.3103543502759363
early burst,88,0.11458333333333333,0.844702381224206,1.689404762448412,1.3123309215355976
early burst,89,0.11588541666666667,0.8609637190282786,1.7219274380565572,1.3142253066492051
early burst,90,0.1171875,0.8773255448313686,1.7546510896627372,1.3160354822717262
early burst,91,0.11848958333333333,0.8937831948370942,1.7875663896741885,1.3177595046023614
early burst,92,0.11979166666666667,0.910331885122142,1.820663770244284,1.3193955130738806
early burst,93,0.12109375,0.9269667166325926,1.8539334332651851,1.3209417338777238
early burst,94,0.12239583333333333,0.943682680481369,1.887365360962738,1.3223964833173576
early burst,95,0.12369791666666667,0.9604746635363104,1.9209493270726208,1.3237581709836603
early burst,96,0.125,0.9773374542870717,1.9546749085741435,1.3250253027463086
early burst,97,0.12630208333333334,0.9942657489778075,1.988531497955615,1.3261964835560958
early burst,98,0.12760416666666666,1.0112541579913896,0.022508315982779248,1.32727042005386
early burst,99,0.12890625,1.0282972124697438,0.05659442493948763,1.3282459229819215
early burst,100,0.13020833333333334,1.0453893711537998,0.09077874230759964,1.3291219093949715
early burst,101,0.13151041666666666,1.0625250274255107,0.12505005485102139,1.3298974046674674
early burst,102,0.1328125,1.0796985165334352,0.15939703306687036,1.3305715442951627
early burst,103,0.13411458333333334,1.0969041229825096,0.19380824596501922,1.3311435754890457
early burst,104,0.13541666666666666,1.1141360880678373,0.22827217613567452,1.3316128585599865
early burst,105,0.13671875,1.1313886175316175,0.2627772350632349,1.3319788680927178
early burst,106,0.13802083333333334,1.1486558893217573,0.29731177864351466,1.3322411939085392
early burst,107,0.13932291666666666,1.1659320614301862,0.3318641228603725,1.3323995418155594
early burst,108,0.140625,1.1832112797885228,0.3664225595770456,1.3324537341463065
early burst,109,0.14192708333333334,1.200487686198445,0.4009753723968901,1.3324037100820452
early burst,110,0.14322916666666666,1.2177554262739574,0.4355108525479148,1.332249525763836
early burst,111,0.14453125,1.2350086573726746,0.47001731474534925,1.3319913541899993
early burst,112,0.14583333333333334,1.2522415564933131,0.5044831129866263,1.331629484900342
early burst,113,0.14713541666666666,1.2694483281167346,0.5388966562334692,1.3311643234471353
early burst,114,0.1484375,1.2866232119681635,0.5732464239363271,1.3305963906531848
early burst,115,0.14973958333333334,1.3037604906786062,0.6075209813572124,1.3299263216578456
early burst,116,0.15104166666666666,1.3208544973239686,0.6417089946479373,1.329154864751333
early burst,117,0.15234375,1.337899622820978,0.6757992456419561,1.3282828799984483
early burst,118,0.15364583333333334,1.3548903231597154,0.7097806463194307,1.327311337653132
early burst,119,0.15494791666666666,1.3718211264533373,0.7436422529066746,1.3262413163651012
early burst,120,0.15625,1.3886866397864486,0.7773732795728971,1.325074001180582
early burst,121,0.15755208333333334,1.4054815558445535,0.810963111689107,1.3238106813397166
early burst,122,0.15885416666666666,1.422200659308016,0.8444013186160322,1.3224527478728458
early burst,123,0.16015625,1.4388388329950912,0.8776776659901824,1.3210016909996205
early burst,124,0.16145833333333334,1.4553910637397114,0.9107821274794228,1.3194590973341813
early burst,125,0.16276041666666666,1.4718524479909492,0.9437048959818983,1.317826646901322
early burst,126,0.1640625,1.4882181971223019,0.9764363942446037,1.3161061099683589
early burst,127,0.16536458333333334,1.5044836424402452,1.0089672848804905,1.314299343698708
early burst,128,0.16666666666666666,1.5206442398828104,1.0412884797656208,1.3124082886336395
early burst,129,0.16796875,1.5366955744002533,1.0733911488005066,1.310434965009191
early burst,130,0.16927083333333334,1.5526333640112489,1.1052667280224977,1.308381468916683
early burst,131,0.17057291666666666,1.5684534635293534,1.1369069270587069,1.3062499683151076
early burst,132,0.171875,1.584151867955828,1.168303735911656,1.304042698905218
early burst,133,0.17317708333333334,1.5997247155362304,1.1994494310724608,1.301761959875579
early burst,134,0.17447916666666666,1.615168290479469,1.2303365809589382,1.2994101095313562
early burst,135,0.17578125,1.6304790253392898,1.2609580506785796,1.2969895608178508
early burst,136,0.17708333333333334,1.6456535030593946,1.2913070061187892,1.2945027767510227
early burst,137,0.17838541666666666,1.6606884586845712,1.3213769173691423,1.2919522657678553
early burst,138,0.1796875,1.6755807807413685,1.351161561482737,1.2893405770103676
early burst,139,0.18098958333333334,1.6903275122929395,1.380655024585879,1.2866702955571705
early burst,140,0.18229166666666666,1.7049258516736958,1.4098517033473916,1.2839440376168774
early burst,141,0.18359375,1.7193731529104115,1.438746305820823,1.281164445698422
early burst,142,0.18489583333333334,1.7336669258372983,1.4673338516745966,1.2783341837728464
early burst,143,0.18619791666666666,1.7478048359134521,1.4956096718269043,1.2754559324423356
early burst,144,0.1875,1.7617847037518017,1.5235694075036035,1.2725323841308673
early burst,145,0.18880208333333334,1.7756045043694357,1.5512090087388715,1.2695662383123583
early burst,146,0.19010416666666666,1.7892623661697988,1.5785247323395977,1.2665601967909457
early burst,147,0.19140625,1.802756569667797,1.605513139335594,1.2635169590478943
early burst,148,0.19270833333333334,1.8160855459693792,1.6321710919387584,1.2604392176702122
early burst,149,0.19401041666666666,1.8292478750175407,1.6584957500350814,1.2573296538741134
early burst,150,0.1953125,1.8422422836170655,1.684484567234131,1.2541909331372216
early burst,151,0.19661458333333334,1.855067643250607,1.710135286501214,1.251025700952257
early burst,152,0.19791666666666666,1.8677229676989056,1.7354459353978111,1.2478365787141017
early burst,153,0.19921875,1.8802074104780977,1.7604148209561954,1.244626159751651
early burst,154,0.20052083333333334,1.8925202621071577,1.7850405242143155,1.2413970055149663
early burst,155,0.20182291666666666,1.9046609472185405,1.809321894437081,1.238151641927336
early burst,156,0.203125,1.9166290215250494,1.8332580430500989,1.234892555910628
early burst,157,0.20442708333333334,1.92842416865589,1.8568483373117801,1.2316221920919952
early burst,158,0.20572916666666666,1.9400461968747198,1.8800923937494396,1.2283429496983063
early burst,159,0.20703125,1.9514950356923202,1.9029900713846404,1.2250571796438947
early burst,160,0.20833333333333334,1.9627707323863044,1.9255414647726088,1.2217671818164342
early burst,161,0.20963541666666666,1.9738734484400036,1.9477468968800071,1.2184752025644225
early burst,162,0.2109375,1.9848034559123602,1.9696069118247204,1.215183432388531
early burst,163,0.21223958333333334,1.995561133750341,1.9911222675006819,1.2118940038386736
early burst,164,0.21354166666666666,2.0061469640550134,0.01229392811002672,1.2086089896172179
early burst,165,0.21484375,2.0165615283120286,0.033123056624057234,1.2053304008876387
early burst,166,0.21614583333333334,2.026805503596856,0.05361100719371237,1.2020601857875115
early burst,167,0.21744791666666666,2.036879658764689,0.07375931752937781,1.1988002281436447
early burst,168,0.21875,2.0467848506344692,0.09356970126893849,1.1955523463858293
early burst,169,0.22005208333333334,2.056522020176063,0.11304404035212556,1.1923182926559732
early burst,170,0.22135416666666666,2.066092188709106,0.13218437741821187,1.1890997521074171
early burst,171,0.22265625,2.0754964541216117,0.1509929082432233,1.1858983423897627
early burst,172,0.22395833333333334,2.084735987115907,0.16947197423181404,1.18271561331274
early burst,173,0.22526041666666666,2.0938120274890433,0.18762405497808654,1.1795530466835982
early burst,174,0.2265625,2.102725880454281,0.205451760908562,1.1764120563099991
early burst,175,0.22786458333333334,2.1114789130098504,0.2229578260197007,1.1732939881625297
early burst,176,0.22916666666666666,2.1200725503606503,0.24014510072130069,1.1702001206879242
early burst,177,0.23046875,2.128508272398146,0.25701654479629177,1.1671316652662058
early burst,178,0.23177083333333334,2.1367876102432235,0.273575220486447,1.1640897668027606
early burst,179,0.23307291666666666,2.1449121428563607,0.28982428571272134,1.1610755044477894
early burst,180,0.234375,2.152883493719004,0.305766987438008,1.1580898924341967
early burst,181,0.23567708333333334,2.1607033275896605,0.3214066551793211,1.1551338810260194
early burst,182,0.23697916666666666,2.1683733473377735,0.3367466946755471,1.152208357568405
early burst,183,0.23828125,2.175895290858092,0.35179058171618394,1.149314147631296
early burst,184,0.23958333333333334,2.183270928067842,0.3665418561356839,1.1464520162379899
early burst,185,0.24088541666666666,2.1905020579886796,0.38100411597735917,1.1436226691709945
early burst,186,0.2421875,2.1975905059150285,0.39518101183005694,1.1408267543464994
early burst,187,0.24348958333333334,2.2045381206701085,0.4090762413402169,1.1380648632502055
early burst,188,0.24479166666666666,2.2113467719506357,0.42269354390127134,1.1353375324265829
early burst,189,0.24609375,2.218018347760891,0.43603669552178204,1.1326452450143785
early burst,190,0.24739583333333334,2.224554751936564,0.4491095038731281,1.1299884323209988
early burst,191,0.24869791666666666,2.2309579017585475,0.46191580351709494,1.1273674754294993
early burst,192,0.25,2.2372297256565874,0.4744594513131748,1.1247827068311238
early burst,193,0.2513020833333333,2.2433721610024824,0.48674432200496476,1.122234412077476
early burst,194,0.2526041666666667,2.2493871519923174,0.49877430398463485,1.11972283144651
early burst,195,0.25390625,2.255276647617019,0.5105532952340379,1.1172481616166698
early burst,196,0.2552083333333333,2.261042599720339,0.5220851994406779,1.1148105573439886
early burst,197,0.2565104166666667,2.26668696114322,0.5333739222864402,1.1124101331374088
early burst,198,0.2578125,2.2722116839533335,0.544423367906667,1.1100469649275477
early burst,199,0.2591145833333333,2.2776187177584535,0.555237435516907,1.107721091724872
early burst,200,0.2604166666666667,2.2829100081022204,0.5658200162044409,1.1054325172635213
early burst,201,0.26171875,2.288087494940704,0.5761749898814079,1.1031812116266304
early burst,202,0.2630208333333333,2.2931531111981256,0.5863062223962512,1.100967112850744
early burst,203,0.2643229166666667,2.298108781399975,0.59621756279995,1.0987901285055406
early burst,204,0.265625,2.3029564203817094,0.6059128407634189,1.0966501372467963
early burst,205,0.2669270833333333,2.3076979320711435,0.615395864142287,1.0945469903397786
early burst,206,0.2682291666666667,2.312335208342598,0.6246704166851957,1.092480513151268
early burst,207,0.26953125,2.3168701279408244,0.6337402558816487,1.0904505066081494
early burst,208,0.2708333333333333,2.3213045554726857,0.6426091109453713,1.0884567486209098
early burst,209,0.2721354166666667,2.32564034046456,0.6512806809291201,1.086498995470986
early burst,210,0.2734375,2.329879316483398,0.6597586329667964,1.0845769831603305
early burst,211,0.2747395833333333,2.3340233003193616,0.6680466006387231,1.082690428722496
early burst,212,0.2760416666666667,2.33807409122798,0.6761481824559601,1.0808390314947534
early burst,213,0.27734375,2.342033470229728,0.6840669404594557,1.0790224743498402
early burst,214,0.2786458333333333,2.3459031994649737,0.6918063989299474,1.077240424887944
early burst,215,0.2799479166666667,2.34968502160223,0.6993700432044596,1.0754925365877788
early burst,216,0.28125,2.3533806592976796,0.7067613185953592,1.0737784499174285
early burst,217,0.2825520833333333,2.3569918147039424,0.7139836294078847,1.0720977934041023
early burst,218,0.2838541666666667,2.3605201690261084,0.7210403380522168,1.0704501846639694
early burst,219,0.28515625,2.36396738212306,0.72793476424612,1.0688352313913942
early burst,220,0.2864583333333333,2.367335092152156,0.7346701843043117,1.0672525323085262
early burst,221,0.2877604166666667,2.3706249152553838,0.7412498305107675,1.065701678075573
early burst,222,0.2890625,2.3738384452851156,0.7476768905702311,1.0641822521621165
early burst,223,0.2903645833333333,2.3769772535676434,0.7539545071352869,1.0626938316802104
early burst,224,0.2916666666666667,2.380042888702729,0.7600857774054584,1.0612359881801592
early burst,225,0.29296875,2.3830368763974135,0.7660737527948269,1.0598082884091762
early burst,226,0.2942708333333333,2.3859607193324055,0.771921438664811,1.058410295034276
early burst,227,0.2955729166666667,2.388815897059397,0.7776317941187942,1.0570415673298181
early burst,228,0.296875,2.39160386592771,0.7832077318554198,1.0557016618309285
early burst,229,0.2981770833333333,2.3943260590387023,0.7886521180774047,1.0543901329531304
early burst,230,0.2994791666666667,2.396983886226454,0.7939677724529082,1.0531065335799694
early burst,231,0.30078125,2.399578734063243,0.7991574681264861,1.05185041561859
early burst,232,0.3020833333333333,2.402111965888417,0.8042239317768338,1.0506213305249978
early burst,233,0.3033854166666667,2.404584921859288,0.8091698437185757,1.0494188297995621
early burst,234,0.3046875,2.406998919022731,0.813997838045462,1.0482424654538045
early burst,235,0.3059895833333333,2.409355251406221,0.8187105028124417,1.0470917904496126
early burst,236,0.3072916666666667,2.4116551901270733,0.8233103802541466,1.045966359111556
early burst,237,0.30859375,2.413899983518715,0.8277999670374303,1.0448657275134614
early burst,238,0.3098958333333333,2.416090857272855,0.83218171454571,1.0437894538403154
early burst,239,0.3111979166666667,2.4182290145964522,0.8364580291929045,1.042737098726032
early burst,240,0.3125,2.4203156363824556,0.8406312727649112,1.0417082255686185
early burst,241,0.3138020833333333,2.4223518813932907,0.8447037627865814,1.0407024008229728
early burst,242,0.3151041666666667,2.424338886456156,0.8486777729123123,1.0397191942729782
early burst,243,0.31640625,2.4262777666691884,0.8525555333383767,1.038758179282968
early burst,244,0.3177083333333333,2.428169615617638,0.8563392312352764,1.0378189330302834
early burst,245,0.3190104166666667,2.4300155055992,0.8600310111983998,1.0369010367189548
early burst,246,0.3203125,2.4318164878577115,0.8636329757154231,1.0360040757761317
early burst,247,0.3216145833333333,2.43357359282444,0.8671471856488804,1.0351276400312013
early burst,248,0.3229166666666667,2.43528783036625,0.8705756607325004,1.0342713238794001
early burst,249,0.32421875,2.436960190039943,0.8739203800798858,1.0334347264297419
early burst,250,0.3255208333333333,2.438591641352116,0.8771832827042321,1.0326174516385427
early burst,251,0.3268229166666667,2.440183134023922,0.8803662680478439,1.0318191084292354
early burst,252,0.328125,2.4417355982601268,0.8834711965202535,1.0310393107989642
early burst,253,0.3294270833333333,2.4432499450219045,0.886499890043809,1.0302776779126899
early burst,254,0.3307291666666667,2.4447270663028484,0.8894541326056968,1.0295338341858002
early burst,255,0.33203125,2.446167835407676,0.8923356708153518,1.0288074093551882
early burst,256,0.3333333333333333,2.4475731072331683,0.8951462144663367,1.0280980385401288
early burst,257,0.3346354166666667,2.448943718550883,0.8978874371017662,1.0274053622929455
early burst,258,0.3359375,2.450280488291228,0.9005609765824563,1.0267290266405646
early burst,259,0.3372395833333333,2.4515842178284863,0.9031684356569727,1.0260686831169534
early burst,260,0.3385416666666667,2.4528556912664197,0.9057113825328393,1.0254239887873318
early burst,261,0.33984375,2.4540956757241075,0.908191351448215,1.0247946062647069
early burst,262,0.3411458333333333,2.455304921621676,0.9106098432433516,1.0241802037188052
early burst,263,0.3424479166666667,2.456484162965618,0.912968325931236,1.023580454878324
early burst,264,0.34375,2.4576341176334116,0.9152682352668231,1.0229950390266265
early burst,265,0.3450520833333333,2.4587554876571605,0.9175109753143209,1.0224236409914134
early burst,266,0.3463541666666667,2.4598489595060142,0.9196979190120285,1.021865951128832
early burst,267,0.34765625,2.460915204367125,0.9218304087342499,1.021321665302272
early burst,268,0.3489583333333333,2.4619548784249288,0.9239097568498575,1.0207904848563734
early burst,269,0.3502604166666667,2.462968623138536,0.9259372462770719,1.020272116586236
early burst,270,0.3515625,2.4639570655170684,0.9279141310341368,1.0197662727029524
early burst,271,0.3528645833333333,2.464920818392742,0.9298416367854836,1.019272670794652
early burst,272,0.3541666666666667,2.4658604806915543,0.9317209613831086,1.0187910337843933
early burst,273,0.35546875,2.4667766377014275,0.933553275402855,1.0183210898845871
early burst,274,0.3567708333333333,2.4676698613376664,0.9353397226753328,1.0178625725483954
early burst,275,0.3580729166666667,2.4685407104056205,0.937081420811241,1.0174152204184594
early burst,276,0.359375,2.4693897308604282,0.9387794617208565,1.0169787772729408
early burst,277,0.3606770833333333,2.47021745606375,0.9404349121275004,1.0165529919693939
early burst,278,0.3619791666666667,2.471024407037402,0.9420488140748038,1.0161376183865722
early burst,279,0.36328125,2.471811092713803,0.9436221854276061,1.015732415364329
early burst,280,0.3645833333333333,2.472578010183168,0.9451560203663361,1.0153371466417567
early burst,281,0.3658854166666667,2.473325644937384,0.9466512898747679,1.0149515807940477
early burst,282,0.3671875,2.474054471110512,0.9481089422210243,1.0145754911678482
early burst,283,0.3684895833333333,2.474764951715872,0.9495299034317437,1.0142086558155985
early burst,284,0.3697916666666667,2.475457538879663,0.9509150777593263,1.0138508574288296
early burst,285,0.37109375,2.4761326740710885,0.952265348142177,1.0135018832704785
early burst,286,0.3723958333333333,2.476790788328969,0.9535815766579381,1.0131615251069572
early burst,287,0.3736979166666667,2.477432302484795,0.9548646049695897,1.0128295791388704
early burst,288,0.375,2.478057627382237,0.956115254764474,1.0125058459321374
early burst,289,0.3763020833333333,2.478667164093078,0.9573343281861559,1.012190130348122
early burst,290,0.3776041666666667,2.4792613041295684,0.9585226082591367,1.0118822414737982
early burst,291,0.37890625,2.4798404296532066,0.9596808593064132,1.0115819925517353
early burst,292,0.3802083333333333,2.4804049136799478,0.9608098273598955,1.0112892009100982
early burst,293,0.3815104166666667,2.4809551202818434,0.9619102405636868,1.0110036878925945
early burst,294,0.3828125,2.4814914047851184,0.9629828095702369,1.0107252787884362
early burst,295,0.3841145833333333,2.482014113964718,0.9640282279294361,1.0104538027628909
early burst,296,0.3854166666666667,2.4825235862353203,0.9650471724706406,1.0101890927876533
early burst,297,0.38671875,2.4830201518388444,0.9660403036776888,1.0099309855717498
early burst,298,0.3880208333333333,2.4835041330284806,0.9670082660569612,1.0096793214928934
early burst,299,0.3893229166666667,2.4839758442492603,0.9679516884985206,1.0094339445291323
early burst,300,0.390625,2.4844355923152013,0.9688711846304026,1.0091947021911563
early burst,301,0.3919270833333333,2.484883676583048,0.9697673531660964,1.008961445454938
early burst,302,0.3932291666666667,2.485320389122649,0.9706407782452979,1.0087340286951305
early burst,303,0.39453125,2.4857460148839987,0.9714920297679974,1.008512309619064
early burst,304,0.3958333333333333,2.4861608318609862,0.9723216637219725,1.0082961492013822
early burst,305,0.3971354166666667,2.486565111251874,0.9731302225037481,1.0080854116192661
early burst,306,0.3984375,2.486959117616557,0.9739182352331142,1.0078799641885166
early burst,307,0.3997395833333333,2.487343109030643,0.9746862180612856,1.0076796773004608
early burst,308,0.4010416666666667,2.487717337236376,0.9754346744727522,1.0074844243592802
early burst,309,0.40234375,2.488082047790473,0.9761640955809456,1.0072940817206006
early burst,310,0.4036458333333333,2.488437480208881,0.9768749604177618,1.0071085286304196
early burst,311,0.4049479166666667,2.4887838681085337,0.9775677362170674,1.006927647165302
early burst,312,0.40625,2.4891214393461243,0.9782428786922486,1.0067513221731281
early burst,313,0.4075520833333333,2.4894504161539452,0.9789008323078905,1.006579441214707
early burst,314,0.4088541666666667,2.4897710152728454,0.9795420305456908,1.006411894506397
early burst,315,0.41015625,2.490083448082347,0.9801668961646941,1.0062485748635763
early burst,316,0.4114583333333333,2.4903879207279584,0.9807758414559169,1.00608937764479
early burst,317,0.4127604166666667,2.4906846342457407,0.9813692684914814,1.0059342006970662
early burst,318,0.4140625,2.4909737846841686,0.9819475693683373,1.0057829443019997
early burst,319,0.4153645833333333,2.4912555632233198,0.9825111264466395,1.0056355111225135
early burst,320,0.4166666666666667,2.4915301562914602,0.9830603125829205,1.0054918061509721
early burst,321,0.41796875,2.4917977456790514,0.9835954913581029,1.0053517366577638
early burst,322,0.4192708333333333,2.492058508650234,0.9841170173004681,1.0052152121410063
early burst,323,0.4205729166666667,2.492312618051829,0.9846252361036578,1.0050821442770226
early burst,324,0.421875,2.4925602424199016,0.9851204848398032,1.0049524468717488
early burst,325,0.4231770833333333,2.4928015460839412,0.9856030921678824,1.0048260358131442
early burst,326,0.4244791666666667,2.493036689268685,0.9860733785373696,1.0047028290242146
early burst,327,0.42578125,2.49326582819364,0.9865316563872799,1.0045827464170831
early burst,328,0.4270833333333333,2.4934891151703535,0.9869782303407071,1.0044657098480143
early burst,329,0.4283854166666667,2.4937066986974563,0.9874133973949126,1.0043516430730155
early burst,330,0.4296875,2.493918723553541,0.9878374471070819,1.0042404717045958
early burst,331,0.4309895833333333,2.4941253308879032,0.9882506617758064,1.0041321231691058
early burst,332,0.4322916666666667,2.4943266583091996,0.9886533166183993,1.0040265266651358
early burst,333,0.43359375,2.4945228399720563,0.9890456799441125,1.003923613122612
early burst,334,0.4348958333333333,2.4947140066616695,0.9894280133233391,1.0038233151626945
early burst,335,0.4361979166666667,2.4949002858764446,0.9898005717528893,1.0037255670585878
early burst,336,0.4375,2.4950818019087064,0.9901636038174129,1.0036303046970456
early burst,337,0.4388020833333333,2.495258675923524,0.990517351847048,1.003537465540691
early burst,338,0.4401041666666667,2.4954310260356953,0.9908620520713907,1.003446988591266
early burst,339,0.44140625,2.4955989673849124,0.9911979347698248,1.0033588143532843
early burst,340,0.4427083333333333,2.4957626122091683,0.9915252244183366,1.0032728847989079
early burst,341,0.4440104166666667,2.495922069916419,0.9918441398328381,1.0031891433330786
early burst,342,0.4453125,2.496077447154565,0.9921548943091301,1.0031075347599427
early burst,343,0.4466145833333333,2.4962288478797556,0.9924576957595113,1.0030280052493536
early burst,344,0.4479166666666667,2.496376373423087,0.9927527468461737,1.0029505023047487
early burst,345,0.44921875,2.4965201225556966,0.9930402451113931,1.00287497473114
early burst,346,0.4505208333333333,2.496660191552313,0.993320383104626,1.0028013726041947
early burst,347,0.4518229166666667,2.4967966742532828,0.9935933485065656,1.002729647239855
early burst,348,0.453125,2.4969296621251087,0.9938593242502174,1.0026597511645536
early burst,349,0.4544270833333333,2.497059244319537,0.9941184886390744,1.0025916380862248
early burst,350,0.4557291666666667,2.497185507731224,0.9943710154624483,1.0025252628658918
early burst,351,0.45703125,2.4973085370540073,0.9946170741080147,1.002460581489814
early burst,352,0.4583333333333333,2.4974284148358232,0.9948568296716465,1.0023975510423935
early burst,353,0.4596354166666667,2.4975452215322935,0.995090443064587,1.0023361296795812
early burst,354,0.4609375,2.4976590355590176,0.9953180711180352,1.002276276603009
early burst,355,0.4622395833333333,2.4977699333425876,0.9955398666851751,1.002217952034457
early burst,356,0.4635416666666667,2.497877989370374,0.995755978740748,1.0021611171912717
early burst,357,0.46484375,2.4979832762390917,0.9959665524781833,1.0021057342619883
early burst,358,0.4661458333333333,2.498085864702182,0.9961717294043639,1.002051766382661
early burst,359,0.4674479166666667,2.4981858237160455,0.996371647432091,1.0019991776138852
early burst,360,0.46875,2.4982832204851366,0.9965664409702732,1.001947932918044
early burst,361,0.4700520833333333,2.4983781205059565,0.9967562410119131,1.001897998137279
early burst,362,0.4713541666666667,2.4984705876099693,0.9969411752199386,1.001849339971968
early burst,363,0.47265625,2.4985606840054646,0.9971213680109292,1.0018019259596551
early burst,364,0.4739583333333333,2.4986484703183884,0.9972969406367769,1.0017557244544264
early burst,365,0.4752604166666667,2.498734005632173,0.9974680112643464,1.0017107046068938
early burst,366,0.4765625,2.4988173475265856,0.9976346950531711,1.001666836344564
early burst,367,0.4778645833333333,2.4988985521156115,0.997797104231223,1.0016240903525786
early burst,368,0.4791666666666667,2.4989776740844167,0.9979553481688335,1.001582438055236
early burst,369,0.48046875,2.499054766725381,0.9981095334507621,1.0015418515974672
early burst,370,0.4817708333333333,2.499129881973251,0.9982597639465016,1.0015023038272017
early burst,371,0.4830729166666667,2.4992030704394135,0.998406140878827,1.00146376827782
early burst,372,0.484375,2.4992743814453298,0.9985487628906595,1.0014262191513
early burst,373,0.4856770833333333,2.49934386305513,0.9986877261102602,1.001389631301512
early burst,374,0.4869791666666667,2.4994115621074062,0.9988231242148125,1.0013539802181208
early burst,375,0.48828125,2.4994775242462044,0.9989550484924088,1.0013192420106265
early burst,376,0.4895833333333333,2.4995417939512583,0.9990835879025166,1.001285393393153
early burst,377,0.4908854166666667,2.4996044145674636,0.9992088291349273,1.0012524116692887
early burst,378,0.4921875,2.499665428333611,0.9993308566672221,1.0012202747172563
early burst,379,0.4934895833333333,2.4997248764104185,0.999449752820837,1.0011889609758993
early burst,380,0.4947916666666667,2.499782798907849,0.9995655978156979,1.001158449430393
early burst,381,0.49609375,2.49983923491175,0.9996784698235004,1.0011287195986922
early burst,382,0.4973958333333333,2.499894222509833,0.9997884450196661,1.001099751518291
early burst,383,0.4986979166666667,2.4999477988169923,0.9998955976339845,1.0010715257330864
early burst,384,0.5,2.5,1.0,1.0010440232808315
early burst,385,0.5013020833333334,2.506510416666666,1.0130208333333321,1.1294774298776915
early burst,386,0.5026041666666666,2.513020833333333,1.026041666666666,1.129477429877709
early burst,387,0.50390625,2.51953125,1.0390625,1.129477429877709
early burst,388,0.5052083333333334,2.526041666666666,1.0520833333333321,1.1294774298776915
early burst,389,0.5065104166666666,2.532552083333333,1.065104166666666,1.129477429877709
early burst,390,0.5078125,2.5390625,1.078125,1.129477429877709
early burst,391,0.5091145833333334,2.545572916666666,1.0911458333333321,1.1294774298776915
early burst,392,0.5104166666666666,2.552083333333333,1.104166666666666,1.129477429877709
early burst,393,0.51171875,2.55859375,1.1171875,1.129477429877709
early burst,394,0.5130208333333334,2.565104166666666,1.1302083333333321,1.1294774298776915
early burst,395,0.5143229166666666,2.571614583333333,1.143229166666666,1.129477429877709
early burst,396,0.515625,2.578125,1.15625,1.129477429877709
early burst,397,0.5169270833333334,2.584635416666666,1.1692708333333321,1.1294774298776915
early burst,398,0.5182291666666666,2.591145833333333,1.182291666666666,1.129477429877709
early burst,399,0.51953125,2.59765625,1.1953125,1.129477429877709
early burst,400,0.5208333333333334,2.604166666666666,1.2083333333333321,1.1294774298776915
early burst,401,0.5221354166666666,2.610677083333333,1.221354166666666,1.129477429877709
early burst,402,0.5234375,2.6171875,1.234375,1.129477429877709
early burst,403,0.5247395833333334,2.623697916666666,1.2473958333333321,1.1294774298776915
early burst,404,0.5260416666666666,2.630208333333333,1.260416666666666,1.129477429877709
early burst,405,0.52734375,2.63671875,1.2734375,1.129477429877709
early burst,406,0.5286458333333334,2.643229166666666,1.2864583333333321,1.1294774298776915
early burst,407,0.5299479166666666,2.649739583333333,1.299479166666666,1.129477429877709
early burst,408,0.53125,2.65625,1.3125,1.129477429877709
early burst,409,0.5325520833333334,2.662760416666666,1.3255208333333321,1.1294774298776915
early burst,410,0.5338541666666666,2.669270833333333,1.338541666666666,1.129477429877709
early burst,411,0.53515625,2.67578125,1.3515625,1.129477429877709
early burst,412,0.5364583333333334,2.682291666666666,1.3645833333333321,1.1294774298776915
early burst,413,0.5377604166666666,2.688802083333333,1.377604166666666,1.129477429877709
early burst,414,0.5390625,2.6953125,1.390625,1.129477429877709
early burst,415,0.5403645833333334,2.701822916666666,1.4036458333333321,1.1294774298776915
early burst,416,0.5416666666666666,2.708333333333333,1.416666666666666,1.129477429877709
early burst,417,0.54296875,2.71484375,1.4296875,1.129477429877709
early burst,418,0.5442708333333334,2.721354166666666,1.4427083333333321,1.1294774298776915
early burst,419,0.5455729166666666,2.727864583333333,1.455729166666666,1.129477429877709
early burst,420,0.546875,2.734375,1.46875,1.129477429877709
early burst,421,0.5481770833333334,2.740885416666666,1.4817708333333321,1.1294774298776915
early burst,422,0.5494791666666666,2.747395833333333,1.494791666666666,1.129477429877709
early burst,423,0.55078125,2.75390625,1.5078125,1.129477429877709
early burst,424,0.5520833333333334,2.760416666666666,1.5208333333333321,1.1294774298776915
early burst,425,0.5533854166666666,2.766927083333333,1.533854166666666,1.129477429877709
early burst,426,0.5546875,2.7734375,1.546875,1.129477429877709
early burst,427,0.5559895833333334,2.779947916666666,1.5598958333333321,1.1294774298776915
early burst,428,0.5572916666666666,2.786458333333333,1.572916666666666,1.129477429877709
early burst,429,0.55859375,2.79296875,1.5859375,1.129477429877709
early burst,430,0.5598958333333334,2.799479166666666,1.5989583333333321,1.1294774298776915
early burst,431,0.5611979166666666,2.805989583333333,1.611979166666666,1.129477429877709
early burst,432,0.5625,2.8125,1.625,1.129477429877709
early burst,433,0.5638020833333334,2.819010416666666,1.6380208333333321,1.1294774298776915
early burst,434,0.5651041666666666,2.825520833333333,1.651041666666666,1.129477429877709
early burst,435,0.56640625,2.83203125,1.6640625,1.129477429877709
early burst,436,0.5677083333333334,2.838541666666666,1.6770833333333321,1.1294774298776915
early burst,437,0.5690104166666666,2.845052083333333,1.690104166666666,1.129477429877709
early burst,438,0.5703125,2.8515625,1.703125,1.129477429877709
early burst,439,0.5716145833333334,2.858072916666666,1.7161458333333321,1.1294774298776915
early burst,440,0.5729166666666666,2.864583333333333,1.729166666666666,1.129477429877709
early burst,441,0.57421875,2.87109375,1.7421875,1.129477429877709
early burst,442,0.5755208333333334,2.877604166666666,1.7552083333333321,1.1294774298776915
early burst,443,0.5768229166666666,2.884114583333333,1.768229166666666,1.129477429877709
early burst,444,0.578125,2.890625,1.78125,1.129477429877709
early burst,445,0.5794270833333334,2.897135416666666,1.7942708333333321,1.1294774298776915
early burst,446,0.5807291666666666,2.903645833333333,1.807291666666666,1.129477429877709
early burst,447,0.58203125,2.91015625,1.8203125,1.129477429877709
early burst,448,0.5833333333333334,2.916666666666666,1.8333333333333321,1.1294774298776915
early burst,449,0.5846354166666666,2.923177083333333,1.846354166666666,1.129477429877709
early burst,450,0.5859375,2.9296875,1.859375,1.129477429877709
early burst,451,0.5872395833333334,2.936197916666666,1.8723958333333321,1.1294774298776915
early burst,452,0.5885416666666666,2.942708333333333,1.885416666666666,1.129477429877709
early burst,453,0.58984375,2.94921875,1.8984375,1.129477429877709
early burst,454,0.5911458333333334,2.955729166666666,1.9114583333333321,1.1294774298776915
early burst,455,0.5924479166666666,2.962239583333333,1.924479166666666,1.129477429877709
early burst,456,0.59375,2.96875,1.9375,1.129477429877709
early burst,457,0.5950520833333334,2.975260416666666,1.9505208333333321,1.1294774298776915
early burst,458,0.5963541666666666,2.981770833333333,1.963541666666666,1.129477429877709
early burst,459,0.59765625,2.98828125,1.9765625,1.129477429877709
early burst,460,0.5989583333333334,2.994791666666666,1.9895833333333321,1.1294774298776915
early burst,461,0.6002604166666666,3.001302083333333,0.0026041666666660745,1.129477429877709
early burst,462,0.6015625,3.0078125,0.015625,1.129477429877709
early burst,463,0.6028645833333334,3.014322916666666,0.02864583333333215,1.1294774298776915
early burst,464,0.6041666666666666,3.020833333333333,0.041666666666666075,1.129477429877709
early burst,465,0.60546875,3.02734375,0.0546875,1.129477429877709
early burst,466,0.6067708333333334,3.033854166666666,0.06770833333333215,1.1294774298776915
early burst,467,0.6080729166666666,3.040364583333333,0.08072916666666607,1.129477429877709
early burst,468,0.609375,3.046875,0.09375,1.129477429877709
early burst,469,0.6106770833333334,3.053385416666666,0.10677083333333215,1.1294774298776915
early burst,470,0.6119791666666666,3.059895833333333,0.11979166666666607,1.129477429877709
early burst,471,0.61328125,3.06640625,0.1328125,1.129477429877709
early burst,472,0.6145833333333334,3.072916666666666,0.14583333333333215,1.1294774298776915
early burst,473,0.6158854166666666,3.079427083333333,0.15885416666666607,1.129477429877709
early burst,474,0.6171875,3.0859375,0.171875,1.129477429877709
early burst,475,0.6184895833333334,3.092447916666666,0.18489583333333215,1.1294774298776915
early burst,476,0.6197916666666666,3.098958333333333,0.19791666666666607,1.129477429877709
early burst,477,0.62109375,3.10546875,0.2109375,1.129477429877709
early burst,478,0.6223958333333334,3.111979166666666,0.22395833333333215,1.1294774298776915
early burst,479,0.6236979166666666,3.118489583333333,0.23697916666666607,1.129477429877709
early burst,480,0.625,3.125,0.25,1.129477429877709
early burst,481,0.6263020833333334,3.131510416666666,0.26302083333333215,1.1294774298776915
early burst,482,0.6276041666666666,3.138020833333333,0.2760416666666661,1.129477429877709
early burst,483,0.62890625,3.14453125,0.2890625,1.129477429877709
early burst,484,0.6302083333333334,3.151041666666666,0.30208333333333215,1.1294774298776915
early burst,485,0.6315104166666666,3.157552083333333,0.3151041666666661,1.129477429877709
early burst,486,0.6328125,3.1640625,0.328125,1.129477429877709
early burst,487,0.6341145833333334,3.170572916666666,0.34114583333333215,1.1294774298776915
early burst,488,0.6354166666666666,3.177083333333333,0.3541666666666661,1.129477429877709
early burst,489,0.63671875,3.18359375,0.3671875,1.129477429877709
early burst,490,0.6380208333333334,3.190104166666666,0.38020833333333215,1.1294774298776915
early burst,491,0.6393229166666666,3.196614583333333,0.3932291666666661,1.129477429877709
early burst,492,0.640625,3.203125,0.40625,1.129477429877709
early burst,493,0.6419270833333334,3.209635416666666,0.41927083333333215,1.1294774298776915
early burst,494,0.6432291666666666,3.216145833333333,0.4322916666666661,1.129477429877709
early burst,495,0.64453125,3.22265625,0.4453125,1.129477429877709
early burst,496,0.6458333333333334,3.229166666666666,0.45833333333333215,1.1294774298776915
early burst,497,0.6471354166666666,3.235677083333333,0.4713541666666661,1.129477429877709
early burst,498,0.6484375,3.2421875,0.484375,1.129477429877709
early burst,499,0.6497395833333334,3.248697916666666,0.49739583333333215,1.1294774298776915
early burst,500,0.6510416666666666,3.255208333333333,0.5104166666666661,1.129477429877709
early burst,501,0.65234375,3.26171875,0.5234375,1.129477429877709
early burst,502,0.6536458333333334,3.268229166666666,0.5364583333333321,1.1294774298776915
early burst,503,0.6549479166666666,3.274739583333333,0.5494791666666661,1.129477429877709
early burst,504,0.65625,3.28125,0.5625,1.129477429877709
early burst,505,0.6575520833333334,3.287760416666666,0.5755208333333321,1.1294774298776915
early burst,506,0.6588541666666666,3.294270833333333,0.5885416666666661,1.129477429877709
early burst,507,0.66015625,3.30078125,0.6015625,1.129477429877709
early burst,508,0.6614583333333334,3.307291666666666,0.6145833333333321,1.1294774298776915
early burst,509,0.6627604166666666,3.313802083333333,0.6276041666666661,1.129477429877709
early burst,510,0.6640625,3.3203125,0.640625,1.129477429877709
early burst,511,0.6653645833333334,3.326822916666666,0.6536458333333321,1.1294774298776915
early burst,512,0.6666666666666666,3.333333333333333,0.6666666666666661,1.129477429877709
early burst,513,0.66796875,3.33984375,0.6796875,1.129477429877709
early burst,514,0.6692708333333334,3.346354166666666,0.6927083333333321,1.1294774298776915
early burst,515,0.6705729166666666,3.352864583333333,0.7057291666666661,1.129477429877709
early burst,516,0.671875,3.359375,0.71875,1.129477429877709
early burst,517,0.6731770833333334,3.365885416666666,0.7317708333333321,1.1294774298776915
early burst,518,0.6744791666666666,3.372395833333333,0.7447916666666661,1.129477429877709
early burst,519,0.67578125,3.37890625,0.7578125,1.129477429877709
early burst,520,0.6770833333333334,3.385416666666666,0.7708333333333321,1.1294774298776915
early burst,521,0.6783854166666666,3.391927083333333,0.7838541666666661,1.129477429877709
early burst,522,0.6796875,3.3984375,0.796875,1.129477429877709
early burst,523,0.6809895833333334,3.404947916666666,0.8098958333333321,1.1294774298776915
early burst,524,0.6822916666666666,3.411458333333333,0.8229166666666661,1.129477429877709
early burst,525,0.68359375,3.41796875,0.8359375,1.129477429877709
early burst,526,0.6848958333333334,3.424479166666666,0.8489583333333321,1.1294774298776915
early burst,527,0.6861979166666666,3.430989583333333,0.8619791666666661,1.129477429877709
early burst,528,0.6875,3.4375,0.875,1.129477429877709
early burst,529,0.6888020833333334,3.444010416666666,0.8880208333333321,1.1294774298776915
early burst,530,0.6901041666666666,3.450520833333333,0.9010416666666661,1.129477429877709
early burst,531,0.69140625,3.45703125,0.9140625,1.129477429877709
early burst,532,0.6927083333333334,3.463541666666666,0.9270833333333321,1.1294774298776915
early burst,533,0.6940104166666666,3.470052083333333,0.9401041666666661,1.129477429877709
early burst,534,0.6953125,3.4765625,0.953125,1.129477429877709
early burst,535,0.6966145833333334,3.483072916666666,0.9661458333333321,1.1294774298776915
early burst,536,0.6979166666666666,3.489583333333333,0.9791666666666661,1.129477429877709
early burst,537,0.69921875,3.49609375,0.9921875,1.129477429877709
early burst,538,0.7005208333333334,3.502604166666666,1.0052083333333321,1.1294774298776915
early burst,539,0.7018229166666666,3.509114583333333,1.018229166666666,1.129477429877709
early burst,540,0.703125,3.515625,1.03125,1.129477429877709
early burst,541,0.7044270833333334,3.522135416666666,1.0442708333333321,1.1294774298776915
early burst,542,0.7057291666666666,3.528645833333333,1.057291666666666,1.129477429877709
early burst,543,0.70703125,3.53515625,1.0703125,1.129477429877709
early burst,544,0.7083333333333334,3.541666666666666,1.0833333333333321,1.1294774298776915
early burst,545,0.7096354166666666,3.548177083333333,1.096354166666666,1.129477429877709
early burst,546,0.7109375,3.5546875,1.109375,1.129477429877709
early burst,547,0.7122395833333334,3.561197916666666,1.1223958333333321,1.1294774298776915
early burst,548,0.7135416666666666,3.567708333333333,1.135416666666666,1.129477429877709
early burst,549,0.71484375,3.57421875,1.1484375,1.129477429877709
early burst,550,0.7161458333333334,3.580729166666666,1.1614583333333321,1.1294774298776915
early burst,551,0.7174479166666666,3.587239583333333,1.174479166666666,1.129477429877709
early burst,552,0.71875,3.59375,1.1875,1.129477429877709
early burst,553,0.7200520833333334,3.600260416666666,1.2005208333333321,1.1294774298776915
early burst,554,0.7213541666666666,3.606770833333333,1.213541666666666,1.129477429877709
early burst,555,0.72265625,3.61328125,1.2265625,1.129477429877709
early burst,556,0.7239583333333334,3.619791666666666,1.2395833333333321,1.1294774298776915
early burst,557,0.7252604166666666,3.626302083333333,1.252604166666666,1.129477429877709
early burst,558,0.7265625,3.6328125,1.265625,1.129477429877709
early burst,559,0.7278645833333334,3.639322916666666,1.2786458333333321,1.1294774298776915
early burst,560,0.7291666666666666,3.645833333333333,1.291666666666666,1.129477429877709
early burst,561,0.73046875,3.65234375,1.3046875,1.129477429877709
early burst,562,0.7317708333333334,3.658854166666666,1.3177083333333321,1.1294774298776915
early burst,563,0.7330729166666666,3.665364583333333,1.330729166666666,1.129477429877709
early burst,564,0.734375,3.671875,1.34375,1.129477429877709
early burst,565,0.7356770833333334,3.678385416666666,1.3567708333333321,1.1294774298776915
early burst,566,0.7369791666666666,3.684895833333333,1.369791666666666,1.129477429877709
early burst,567,0.73828125,3.69140625,1.3828125,1.129477429877709
early burst,568,0.7395833333333334,3.697916666666666,1.3958333333333321,1.1294774298776915
early burst,569,0.7408854166666666,3.704427083333333,1.408854166666666,1.129477429877709
early burst,570,0.7421875,3.7109375,1.421875,1.129477429877709
early burst,571,0.7434895833333334,3.717447916666666,1.4348958333333321,1.1294774298776915
early burst,572,0.7447916666666666,3.723958333333333,1.447916666666666,1.129477429877709
early burst,573,0.74609375,3.73046875,1.4609375,1.129477429877709
early burst,574,0.7473958333333334,3.736979166666666,1.4739583333333321,1.1294774298776915
early burst,575,0.7486979166666666,3.743489583333333,1.486979166666666,1.129477429877709
early burst,576,0.75,3.75,1.5,1.129477429877709
early burst,577,0.7513020833333334,3.756510416666666,1.5130208333333321,1.1294774298776915
early burst,578,0.7526041666666666,3.763020833333333,1.526041666666666,1.129477429877709
early burst,579,0.75390625,3.76953125,1.5390625,1.129477429877709
early burst,580,0.7552083333333334,3.776041666666666,1.5520833333333321,1.1294774298776915
early burst,581,0.7565104166666666,3.782552083333333,1.565104166666666,1.129477429877709
early burst,582,0.7578125,3.7890625,1.578125,1.129477429877709
early burst,583,0.7591145833333334,3.795572916666666,1.5911458333333321,1.1294774298776915
early burst,584,0.7604166666666666,3.802083333333333,1.604166666666666,1.129477429877709
early burst,585,0.76171875,3.80859375,1.6171875,1.129477429877709
early burst,586,0.7630208333333334,3.815104166666666,1.6302083333333321,1.1294774298776915
early burst,587,0.7643229166666666,3.821614583333333,1.643229166666666,1.129477429877709
early burst,588,0.765625,3.828125,1.65625,1.129477429877709
early burst,589,0.7669270833333334,3.834635416666666,1.6692708333333321,1.1294774298776915
early burst,590,0.7682291666666666,3.841145833333333,1.682291666666666,1.129477429877709
early burst,591,0.76953125,3.84765625,1.6953125,1.129477429877709
early burst,592,0.7708333333333334,3.854166666666666,1.7083333333333321,1.1294774298776915
early burst,593,0.7721354166666666,3.860677083333333,1.721354166666666,1.129477429877709
early burst,594,0.7734375,3.8671875,1.734375,1.129477429877709
early burst,595,0.7747395833333334,3.873697916666666,1.7473958333333321,1.1294774298776915
early burst,596,0.7760416666666666,3.880208333333333,1.760416666666666,1.129477429877709
early burst,597,0.77734375,3.88671875,1.7734375,1.129477429877709
early burst,598,0.7786458333333334,3.893229166666666,1.7864583333333321,1.1294774298776915
early burst,599,0.7799479166666666,3.899739583333333,1.799479166666666,1.129477429877709
early burst,600,0.78125,3.90625,1.8125,1.129477429877709
early burst,601,0.7825520833333334,3.912760416666666,1.8255208333333321,1.1294774298776915
early burst,602,0.7838541666666666,3.919270833333333,1.838541666666666,1.129477429877709
early burst,603,0.78515625,3.92578125,1.8515625,1.129477429877709
early burst,604,0.7864583333333334,3.932291666666666,1.8645833333333321,1.1294774298776915
early burst,605,0.7877604166666666,3.938802083333333,1.877604166666666,1.129477429877709
early burst,606,0.7890625,3.9453125,1.890625,1.129477429877709
early burst,607,0.7903645833333334,3.951822916666666,1.9036458333333321,1.1294774298776915
early burst,608,0.7916666666666666,3.958333333333333,1.916666666666666,1.129477429877709
early burst,609,0.79296875,3.96484375,1.9296875,1.129477429877709
early burst,610,0.7942708333333334,3.971354166666666,1.9427083333333321,1.1294774298776915
early burst,611,0.7955729166666666,3.977864583333333,1.955729166666666,1.129477429877709
early burst,612,0.796875,3.984375,1.96875,1.129477429877709
early burst,613,0.7981770833333334,3.990885416666666,1.9817708333333321,1.1294774298776915
early burst,614,0.7994791666666666,3.997395833333333,1.994791666666666,1.129477429877709
early burst,615,0.80078125,4.00390625,0.0078125,1.129477429877709
early burst,616,0.8020833333333334,4.010416666666666,0.02083333333333215,1.1294774298776915
early burst,617,0.8033854166666666,4.016927083333333,0.033854166666666075,1.129477429877709
early burst,618,0.8046875,4.0234375,0.046875,1.129477429877709
early burst,619,0.8059895833333334,4.029947916666666,0.05989583333333215,1.1294774298776915
early burst,620,0.8072916666666666,4.036458333333333,0.07291666666666607,1.129477429877709
early burst,621,0.80859375,4.04296875,0.0859375,1.129477429877709
early burst,622,0.8098958333333334,4.049479166666666,0.09895833333333215,1.1294774298776915
early burst,623,0.8111979166666666,4.055989583333333,0.11197916666666607,1.129477429877709
early burst,624,0.8125,4.0625,0.125,1.129477429877709
early burst,625,0.8138020833333334,4.069010416666666,0.13802083333333215,1.1294774298776915
early burst,626,0.8151041666666666,4.075520833333333,0.15104166666666607,1.129477429877709
early burst,627,0.81640625,4.08203125,0.1640625,1.129477429877709
early burst,628,0.8177083333333334,4.088541666666666,0.17708333333333215,1.1294774298776915
early burst,629,0.8190104166666666,4.095052083333333,0.19010416666666607,1.129477429877709
early burst,630,0.8203125,4.1015625,0.203125,1.129477429877709
early burst,631,0.8216145833333334,4.108072916666666,0.21614583333333215,1.1294774298776915
early burst,632,0.8229166666666666,4.114583333333333,0.22916666666666607,1.129477429877709
early burst,633,0.82421875,4.12109375,0.2421875,1.129477429877709
early burst,634,0.8255208333333334,4.127604166666666,0.25520833333333215,1.1294774298776915
early burst,635,0.8268229166666666,4.134114583333333,0.2682291666666661,1.129477429877709
early burst,636,0.828125,4.140625,0.28125,1.129477429877709
early burst,637,0.8294270833333334,4.147135416666666,0.29427083333333215,1.1294774298776915
early burst,638,0.8307291666666666,4.153645833333333,0.3072916666666661,1.129477429877709
early burst,639,0.83203125,4.16015625,0.3203125,1.129477429877709
early burst,640,0.8333333333333334,4.166666666666666,0.33333333333333215,1.1294774298776915
early burst,641,0.8346354166666666,4.173177083333333,0.3463541666666661,1.129477429877709
early burst,642,0.8359375,4.1796875,0.359375,1.129477429877709
early burst,643,0.8372395833333334,4.186197916666666,0.37239583333333215,1.1294774298776915
early burst,644,0.8385416666666666,4.192708333333333,0.3854166666666661,1.129477429877709
early burst,645,0.83984375,4.19921875,0.3984375,1.129477429877709
early burst,646,0.8411458333333334,4.205729166666666,0.41145833333333215,1.1294774298776915
early burst,647,0.8424479166666666,4.212239583333333,0.4244791666666661,1.129477429877709
early burst,648,0.84375,4.21875,0.4375,1.129477429877709
early burst,649,0.8450520833333334,4.225260416666666,0.45052083333333215,1.1294774298776915
early burst,650,0.8463541666666666,4.231770833333333,0.4635416666666661,1.129477429877709
early burst,651,0.84765625,4.23828125,0.4765625,1.129477429877709
early burst,652,0.8489583333333334,4.244791666666666,0.48958333333333215,1.1294774298776915
early burst,653,0.8502604166666666,4.251302083333333,0.5026041666666661,1.129477429877709
early burst,654,0.8515625,4.2578125,0.515625,1.129477429877709
early burst,655,0.8528645833333334,4.264322916666666,0.5286458333333321,1.1294774298776915
early burst,656,0.8541666666666666,4.270833333333333,0.5416666666666661,1.129477429877709
early burst,657,0.85546875,4.27734375,0.5546875,1.129477429877709
early burst,658,0.8567708333333334,4.283854166666666,0.5677083333333321,1.1294774298776915
early burst,659,0.8580729166666666,4.290364583333333,0.5807291666666661,1.129477429877709
early burst,660,0.859375,4.296875,0.59375,1.129477429877709
early burst,661,0.8606770833333334,4.303385416666666,0.6067708333333321,1.1294774298776915
early burst,662,0.8619791666666666,4.309895833333333,0.6197916666666661,1.129477429877709
early burst,663,0.86328125,4.31640625,0.6328125,1.129477429877709
early burst,664,0.8645833333333334,4.322916666666666,0.6458333333333321,1.1294774298776915
early burst,665,0.8658854166666666,4.329427083333333,0.6588541666666661,1.129477429877709
early burst,666,0.8671875,4.3359375,0.671875,1.129477429877709
early burst,667,0.8684895833333334,4.342447916666666,0.6848958333333321,1.1294774298776915
early burst,668,0.8697916666666666,4.348958333333333,0.6979166666666661,1.129477429877709
early burst,669,0.87109375,4.35546875,0.7109375,1.129477429877709
early burst,670,0.8723958333333334,4.361979166666666,0.7239583333333321,1.1294774298776915
early burst,671,0.8736979166666666,4.368489583333333,0.7369791666666661,1.129477429877709
early burst,672,0.875,4.375,0.75,1.129477429877709
early burst,673,0.8763020833333334,4.381510416666666,0.7630208333333321,1.1294774298776915
early burst,674,0.8776041666666666,4.388020833333333,0.7760416666666661,1.129477429877709
early burst,675,0.87890625,4.39453125,0.7890625,1.129477429877709
early burst,676,0.8802083333333334,4.401041666666666,0.8020833333333321,1.1294774298776915
early burst,677,0.8815104166666666,4.407552083333333,0.8151041666666661,1.129477429877709
early burst,678,0.8828125,4.4140625,0.828125,1.129477429877709
early burst,679,0.8841145833333334,4.420572916666666,0.8411458333333321,1.1294774298776915
early burst,680,0.8854166666666666,4.427083333333333,0.8541666666666661,1.129477429877709
early burst,681,0.88671875,4.43359375,0.8671875,1.129477429877709
early burst,682,0.8880208333333334,4.440104166666666,0.8802083333333321,1.1294774298776915
early burst,683,0.8893229166666666,4.446614583333333,0.8932291666666661,1.129477429877709
early burst,684,0.890625,4.453125,0.90625,1.129477429877709
early burst,685,0.8919270833333334,4.459635416666666,0.9192708333333321,1.1294774298776915
early burst,686,0.8932291666666666,4.466145833333333,0.9322916666666661,1.129477429877709
early burst,687,0.89453125,4.47265625,0.9453125,1.129477429877709
early burst,688,0.8958333333333334,4.479166666666666,0.9583333333333321,1.1294774298776915
early burst,689,0.8971354166666666,4.485677083333333,0.9713541666666661,1.129477429877709
early burst,690,0.8984375,4.4921875,0.984375,1.129477429877709
early burst,691,0.8997395833333334,4.498697916666666,0.9973958333333321,1.1294774298776915
early burst,692,0.9010416666666666,4.505208333333333,1.010416666666666,1.129477429877709
early burst,693,0.90234375,4.51171875,1.0234375,1.129477429877709
early burst,694,0.9036458333333334,4.518229166666666,1.0364583333333321,1.1294774298776915
early burst,695,0.9049479166666666,4.524739583333333,1.049479166666666,1.129477429877709
early burst,696,0.90625,4.53125,1.0625,1.129477429877709
early burst,697,0.9075520833333334,4.537760416666666,1.0755208333333321,1.1294774298776915
early burst,698,0.9088541666666666,4.544270833333333,1.088541666666666,1.129477429877709
early burst,699,0.91015625,4.55078125,1.1015625,1.129477429877709
early burst,700,0.9114583333333334,4.557291666666666,1.1145833333333321,1.1294774298776915
early burst,701,0.9127604166666666,4.563802083333333,1.127604166666666,1.129477429877709
early burst,702,0.9140625,4.5703125,1.140625,1.129477429877709
early burst,703,0.9153645833333334,4.576822916666666,1.1536458333333321,1.1294774298776915
early burst,704,0.9166666666666666,4.583333333333333,1.166666666666666,1.129477429877709
early burst,705,0.91796875,4.58984375,1.1796875,1.129477429877709
early burst,706,0.9192708333333334,4.596354166666666,1.1927083333333321,1.1294774298776915
early burst,707,0.9205729166666666,4.602864583333333,1.205729166666666,1.129477429877709
early burst,708,0.921875,4.609375,1.21875,1.129477429877709
early burst,709,0.9231770833333334,4.615885416666666,1.2317708333333321,1.1294774298776915
early burst,710,0.9244791666666666,4.622395833333333,1.244791666666666,1.129477429877709
early burst,711,0.92578125,4.62890625,1.2578125,1.129477429877709
early burst,712,0.9270833333333334,4.635416666666666,1.2708333333333321,1.1294774298776915
early burst,713,0.9283854166666666,4.641927083333333,1.283854166666666,1.129477429877709
early burst,714,0.9296875,4.6484375,1.296875,1.129477429877709
early burst,715,0.9309895833333334,4.654947916666666,1.3098958333333321,1.1294774298776915
early burst,716,0.9322916666666666,4.661458333333333,1.322916666666666,1.129477429877709
early burst,717,0.93359375,4.66796875,1.3359375,1.129477429877709
early burst,718,0.9348958333333334,4.674479166666666,1.3489583333333321,1.1294774298776915
early burst,719,0.9361979166666666,4.680989583333333,1.361979166666666,1.129477429877709
early burst,720,0.9375,4.6875,1.375,1.129477429877709
early burst,721,0.9388020833333334,4.694010416666666,1.3880208333333321,1.1294774298776915
early burst,722,0.9401041666666666,4.700520833333333,1.401041666666666,1.129477429877709
early burst,723,0.94140625,4.70703125,1.4140625,1.129477429877709
early burst,724,0.9427083333333334,4.713541666666666,1.4270833333333321,1.1294774298776915
early burst,725,0.9440104166666666,4.720052083333333,1.440104166666666,1.129477429877709
early burst,726,0.9453125,4.7265625,1.453125,1.129477429877709
early burst,727,0.9466145833333334,4.733072916666666,1.4661458333333321,1.1294774298776915
early burst,728,0.9479166666666666,4.739583333333333,1.479166666666666,1.129477429877709
early burst,729,0.94921875,4.74609375,1.4921875,1.129477429877709
early burst,730,0.9505208333333334,4.752604166666666,1.5052083333333321,1.1294774298776915
early burst,731,0.9518229166666666,4.759114583333333,1.518229166666666,1.129477429877709
early burst,732,0.953125,4.765625,1.53125,1.129477429877709
early burst,733,0.9544270833333334,4.772135416666666,1.5442708333333321,1.1294774298776915
early burst,734,0.9557291666666666,4.778645833333333,1.557291666666666,1.129477429877709
early burst,735,0.95703125,4.78515625,1.5703125,1.129477429877709
early burst,736,0.9583333333333334,4.791666666666666,1.5833333333333321,1.1294774298776915
early burst,737,0.9596354166666666,4.798177083333333,1.596354166666666,1.129477429877709
early burst,738,0.9609375,4.8046875,1.609375,1.129477429877709
early burst,739,0.9622395833333334,4.811197916666666,1.6223958333333321,1.1294774298776915
early burst,740,0.9635416666666666,4.817708333333333,1.635416666666666,1.129477429877709
early burst,741,0.96484375,4.82421875,1.6484375,1.129477429877709
early burst,742,0.9661458333333334,4.830729166666666,1.6614583333333321,1.1294774298776915
early burst,743,0.9674479166666666,4.837239583333333,1.674479166666666,1.129477429877709
early burst,744,0.96875,4.84375,1.6875,1.129477429877709
early burst,745,0.9700520833333334,4.850260416666666,1.7005208333333321,1.1294774298776915
early burst,746,0.9713541666666666,4.856770833333333,1.713541666666666,1.129477429877709
early burst,747,0.97265625,4.86328125,1.7265625,1.129477429877709
early burst,748,0.9739583333333334,4.869791666666666,1.7395833333333321,1.1294774298776915
early burst,749,0.9752604166666666,4.876302083333333,1.752604166666666,1.129477429877709
early burst,750,0.9765625,4.8828125,1.765625,1.129477429877709
early burst,751,0.9778645833333334,4.889322916666666,1.7786458333333321,1.1294774298776915
early burst,752,0.9791666666666666,4.895833333333333,1.791666666666666,1.129477429877709
early burst,753,0.98046875,4.90234375,1.8046875,1.129477429877709
early burst,754,0.9817708333333334,4.908854166666666,1.8177083333333321,1.1294774298776915
early burst,755,0.9830729166666666,4.915364583333333,1.830729166666666,1.129477429877709
early burst,756,0.984375,4.921875,1.84375,1.129477429877709
early burst,757,0.9856770833333334,4.928385416666666,1.8567708333333321,1.1294774298776915
early burst,758,0.9869791666666666,4.934895833333333,1.869791666666666,1.129477429877709
early burst,759,0.98828125,4.94140625,1.8828125,1.129477429877709
early burst,760,0.9895833333333334,4.947916666666666,1.8958333333333321,1.1294774298776915
early burst,761,0.9908854166666666,4.954427083333333,1.908854166666666,1.129477429877709
early burst,762,0.9921875,4.9609375,1.921875,1.129477429877709
early burst,763,0.9934895833333334,4.967447916666666,1.9348958333333321,1.1294774298776915
early burst,764,0.9947916666666666,4.973958333333333,1.947916666666666,1.129477429877709
early burst,765,0.99609375,4.98046875,1.9609375,1.129477429877709
early burst,766,0.9973958333333334,4.986979166666666,1.9739583333333321,1.1294774298776915
early burst,767,0.9986979166666666,4.993489583333333,1.986979166666666,1.129477429877709
early burst,768,1.0,5.0,0.0,1.129477429877709
positive detour,0,0.0,0.0,0.0,1.0
positive detour,1,0.0013020833333333333,0.006550575293798131,0.013101150587596262,1.1302670554255674
positive detour,2,0.0026041666666666665,0.013181457090423638,0.026362914180847276,1.1318455986195388
positive detour,3,0.00390625,0.01989261313844828,0.03978522627689656,1.1334228398613577
positive detour,4,0.005208333333333333,0.026683989695085612,0.053367979390171225,1.1349983502651044
positive detour,5,0.006510416666666667,0.03355551154057923,0.06711102308115846,1.136571701993936
positive detour,6,0.0078125,0.04050708199834094,0.08101416399668188,1.1381424683913166
positive detour,7,0.009114583333333334,0.04753858296083334,0.09507716592166668,1.1397102241111428
positive detour,8,0.010416666666666666,0.05464987492119021,0.10929974984238042,1.1412745452466928
positive detour,9,0.01171875,0.061840797010565704,0.12368159402113141,1.1428350094583117
positive detour,10,0.013020833333333334,0.06911116704120296,0.13822233408240592,1.1443911960997784
positive detour,11,0.014322916666666666,0.0764607815552101,0.1529215631104202,1.1459426863432642
positive detour,12,0.015625,0.08388941587903086,0.16777883175806171,1.147489063302829
positive detour,13,0.016927083333333332,0.0913968241835951,0.1827936483671902,1.14902991215638
positive detour,14,0.018229166666666668,0.09898273955013323,0.19796547910026646,1.150564820266032
positive detour,15,0.01953125,0.10664687404163681,0.21329374808327362,1.1520933772968047
positive detour,16,0.020833333333333332,0.11438891877994617,0.22877783755989234,1.1536151753336021
positive detour,17,0.022135416666666668,0.12220854402844472,0.24441708805688944,1.1551298089964148
positive detour,18,0.0234375,0.13010539928033735,0.2602107985606747,1.156636875553686
positive detour,19,0.024739583333333332,0.1380791133524894,0.2761582267049788,1.1581359750337956
positive detour,20,0.026041666666666668,0.1461292944848016,0.2922585889696032,1.1596267103346216
positive detour,21,0.02734375,0.15425553044509377,0.30851106089018754,1.1611086873311138
positive detour,22,0.028645833333333332,0.16245738863946896,0.3249147772789379,1.1625815149808434
positive detour,23,0.029947916666666668,0.17073441622812968,0.34146883245625936,1.1640448054275123
positive detour,24,0.03125,0.17908614024661398,0.35817228049322797,1.1654981741023471
positive detour,25,0.032552083333333336,0.18751206773241924,0.3750241354648385,1.1669412398233647
positive detour,26,0.033854166666666664,0.1960116858569806,0.3920233717139612,1.1683736248924959
positive detour,27,0.03515625,0.204584462062967,0.409168924125934,1.1697949551904867
positive detour,28,0.036458333333333336,0.21322984420686014,0.4264596884137203,1.1712048602696266
positive detour,29,0.037760416666666664,0.2219472607067765,0.443894521413553,1.1726029734442125
positive detour,30,0.0390625,0.23073612069549349,0.46147224139098697,1.1739889318787728
positive detour,31,0.040364583333333336,0.23959581417863896,0.4791916283572779,1.1753623766740293
positive detour,32,0.041666666666666664,0.2485257121980017,0.4970514243960034,1.1767229529505776
positive detour,33,0.04296875,0.2575251669999184,0.5150503339998368,1.17807030993027
positive detour,34,0.044270833333333336,0.266593512208693,0.533187024417386,1.179404101015326
positive detour,35,0.045572916666666664,0.2757300630050019,0.5514601260100038,1.1807239838651415
positive detour,36,0.046875,0.28493411630923643,0.5698682326184729,1.1820296204707894
positive detour,37,0.048177083333333336,0.2942049509697341,0.5884099019394682,1.1833206772272509
positive detour,38,0.049479166666666664,0.3035418279558488,0.6070836559116976,1.1845968250033598
positive detour,39,0.05078125,0.3129439905558065,0.625887981111613,1.185857739209451
positive detour,40,0.052083333333333336,0.3224106645792961,0.6448213291585922,1.1871030998627863
positive detour,41,0.053385416666666664,0.33194105856473816,0.6638821171294763,1.1883325916506915
positive detour,42,0.0546875,0.3415343639911789,0.6830687279823578,1.189545903991505
positive detour,43,0.055989583333333336,0.3511897554947502,0.7023795109895004,1.1907427310932688
positive detour,44,0.057291666666666664,0.3609063910896401,0.7218127821792802,1.1919227720103025
positive detour,45,0.05859375,0.3706834123935122,0.7413668247870244,1.1930857306975322
positive detour,46,0.059895833333333336,0.38051994485731594,0.7610398897146319,1.1942313160627755
positive detour,47,0.061197916666666664,0.3904150979994239,0.7808301959988478,1.1953592420168428
positive detour,48,0.0625,0.4003679656440357,0.8007359312880714,1.1964692275216267
positive detour,49,0.06380208333333333,0.41037762616378315,0.8207552523275663,1.197560996636132
positive detour,50,0.06510416666666667,0.4204431427264718,0.8408862854529436,1.1986342785604924
positive detour,51,0.06640625,0.4305635635458944,0.8611271270917888,1.199688807678063
positive detour,52,0.06770833333333333,0.4407379221366459,0.8814758442732918,1.2007243235955316
positive detour,53,0.06901041666666667,0.4509652375728761,0.9019304751457522,1.2017405711812232
positive detour,54,0.0703125,0.4612445147509064,0.9224890295018128,1.2027373006014905
positive detour,55,0.07161458333333333,0.4715747446556434,0.9431494893112868,1.2037142673553651
positive detour,56,0.07291666666666667,0.481954904630717,0.963909809261434,1.2046712323074384
positive detour,57,0.07421875,0.4923839586522699,0.9847679173045398,1.2056079617190383
positive detour,58,0.07552083333333333,0.5028608576063259,1.0057217152126519,1.2065242272777408
positive detour,59,0.07682291666666667,0.5133845395696638,1.0267690791393276,1.2074198061253205
positive detour,60,0.078125,0.5239539300941194,1.0479078601882388,1.2082944808840888
positive detour,61,0.07942708333333333,0.5345679424942411,1.0691358849884822,1.20914803968175
positive detour,62,0.08072916666666667,0.5452254781382229,1.0904509562764457,1.2099802761748317
positive detour,63,0.08203125,0.5559254267420335,1.111850853484067,1.2107909895706412
positive detour,64,0.08333333333333333,0.5666666666666665,1.133333333333333,1.2115799846479247
positive detour,65,0.08463541666666667,0.5774480652184312,1.1548961304368623,1.2123470717762281
positive detour,66,0.0859375,0.5882684789522007,1.1765369579044014,1.2130920669339507
positive detour,67,0.08723958333333333,0.5991267539775404,1.198253507955081,1.2138147917252535
positive detour,68,0.08854166666666667,0.6100217262676328,1.2200434525352657,1.2145150733958157
positive detour,69,0.08984375,0.6209522219709153,1.2419044439418305,1.2151927448474666
positive detour,70,0.09114583333333333,0.6319170577253483,1.2638341154506967,1.215847644651788
positive detour,71,0.09244791666666667,0.6429150409752299,1.2858300819504598,1.2164796170627086
positive detour,72,0.09375,0.653944970290473,1.307889940580946,1.21708851202822
positive detour,73,0.09505208333333333,0.6650056356882555,1.330011271376511,1.2176741852010478
positive detour,74,0.09635416666666667,0.6760958189569632,1.3521916379139265,1.218236497948651
positive detour,75,0.09765625,0.6872142939823339,1.3744285879646678,1.2187753173622788
positive detour,76,0.09895833333333333,0.6983598270757181,1.3967196541514362,1.2192905162653511
positive detour,77,0.10026041666666667,0.7095311773043672,1.4190623546087344,1.21978197322109
positive detour,78,0.1015625,0.7207270968236612,1.4414541936473224,1.220249572539495
positive detour,79,0.10286458333333333,0.7319463312111868,1.4638926624223736,1.220693204283697
positive detour,80,0.10416666666666667,0.7431876198025769,1.4863752396051537,1.2211127642757216
positive detour,81,0.10546875,0.7544496960290209,1.5088993920580418,1.2215081541017063
positive detour,82,0.10677083333333333,0.7657312877563547,1.5314625755127094,1.2218792811165815
positive detour,83,0.10807291666666667,0.7770311176256437,1.5540622352512874,1.222226058448379
positive detour,84,0.109375,0.7883479033951615,1.576695806790323,1.2225484050019604
positive detour,85,0.11067708333333333,0.7996803582836767,1.5993607165673533,1.2228462454624371
positive detour,86,0.11197916666666667,0.8110271913149567,1.6220543826299134,1.2231195102982184
positive detour,87,0.11328125,0.8223871076633915,1.644774215326783,1.2233681357636261
positive detour,88,0.11458333333333333,0.8337588090006511,1.6675176180013023,1.2235920639013145
positive detour,89,0.11588541666666667,0.8451409938432792,1.6902819876865585,1.223791242544296
positive detour,90,0.1171875,0.8565323579011318,1.7130647158022636,1.2239656253177418
positive detour,91,0.11848958333333333,0.8679315944265662,1.7358631888531324,1.224115171640498
positive detour,92,0.11979166666666667,0.8793373945642902,1.7586747891285803,1.2242398467264333
positive detour,93,0.12109375,0.8907484477017745,1.781496895403549,1.2243396215855145
positive detour,94,0.12239583333333333,0.9021634418201339,1.8043268836402677,1.2244144730246478
positive detour,95,0.12369791666666667,0.9135810638453873,1.8271621276907746,1.2244643836484417
positive detour,96,0.125,0.925,1.85,1.2244893418596874
positive detour,97,0.12630208333333334,0.9364189361546126,1.8728378723092252,1.2244893418596834
positive detour,98,0.12760416666666666,0.947836558179866,1.895673116359732,1.2244643836484417
positive detour,99,0.12890625,0.9592515522982253,1.9185031045964507,1.2244144730246478
positive detour,100,0.13020833333333334,0.9706626054357095,1.941325210871419,1.2243396215855102
positive detour,101,0.13151041666666666,0.9820684055734337,1.9641368111468673,1.2242398467264375
positive detour,102,0.1328125,0.9934676420988682,1.9869352841977364,1.2241151716405003
positive detour,103,0.13411458333333334,1.0048590061567202,0.009718012313440383,1.2239656253177313
positive detour,104,0.13541666666666666,1.0162411909993485,0.03248238199869702,1.2237912425443003
positive detour,105,0.13671875,1.0276128923366086,0.05522578467321715,1.223592063901323
positive detour,106,0.13802083333333334,1.0389728086850432,0.07794561737008632,1.223368135763622
positive detour,107,0.13932291666666666,1.0503196417163232,0.10063928343264639,1.2231195102982184
positive detour,108,0.140625,1.0616520966048384,0.12330419320967678,1.2228462454624371
positive detour,109,0.14192708333333334,1.0729688823743562,0.14593776474871234,1.2225484050019604
positive detour,110,0.14322916666666666,1.0842687122436452,0.16853742448729037,1.222226058448379
positive detour,111,0.14453125,1.095550303970979,0.19110060794195816,1.2218792811165835
positive detour,112,0.14583333333333334,1.1068123801974228,0.21362476039484557,1.2215081541017
positive detour,113,0.14713541666666666,1.118053668788813,0.23610733757762592,1.2211127642757238
positive detour,114,0.1484375,1.1292729031763387,0.2585458063526773,1.220693204283699
positive detour,115,0.14973958333333334,1.1404688226956325,0.2809376453912651,1.2202495725394928
positive detour,116,0.15104166666666666,1.1516401729242818,0.30328034584856356,1.219781973221092
positive detour,117,0.15234375,1.162785706017666,0.32557141203533213,1.2192905162653531
positive detour,118,0.15364583333333334,1.1739041810430364,0.3478083620860728,1.2187753173622724
positive detour,119,0.15494791666666666,1.1849943643117442,0.3699887286234884,1.218236497948653
positive detour,120,0.15625,1.196055029709527,0.39211005941905386,1.217674185201052
positive detour,121,0.15755208333333334,1.2070849590247699,0.41416991804953973,1.2170885120282158
positive detour,122,0.15885416666666666,1.2180829422746517,0.4361658845493035,1.2164796170627148
positive detour,123,0.16015625,1.2290477780290845,0.458095556058169,1.2158476446517816
positive detour,124,0.16145833333333334,1.239978273732367,0.47995654746473404,1.2151927448474689
positive detour,125,0.16276041666666666,1.2508732460224594,0.5017464920449188,1.2145150733958157
positive detour,126,0.1640625,1.2617315210477995,0.523463042095599,1.2138147917252597
positive detour,127,0.16536458333333334,1.2725519347815684,0.5451038695631367,1.213092066933938
positive detour,128,0.16666666666666666,1.2833333333333332,0.5666666666666664,1.2123470717762324
positive detour,129,0.16796875,1.2940745732579664,0.5881491465159328,1.2115799846479267
positive detour,130,0.16927083333333334,1.3047745218617768,0.6095490437235536,1.210790989570637
positive detour,131,0.17057291666666666,1.3154320575057588,0.6308641150115175,1.209980276174836
positive detour,132,0.171875,1.3260460699058807,0.6520921398117614,1.2091480396817542
positive detour,133,0.17317708333333334,1.336615460430336,0.6732309208606719,1.2082944808840823
positive detour,134,0.17447916666666666,1.3471391423936738,0.6942782847873477,1.2074198061253205
positive detour,135,0.17578125,1.35761604134773,0.7152320826954601,1.206524227277745
positive detour,136,0.17708333333333334,1.3680450953692826,0.7360901907385653,1.2056079617190318
positive detour,137,0.17838541666666666,1.3784252553443566,0.7568505106887131,1.2046712323074449
positive detour,138,0.1796875,1.3887554852490935,0.7775109704981871,1.203714267355364
positive detour,139,0.18098958333333334,1.3990347624271238,0.7980695248542475,1.2027373006014896
positive detour,140,0.18229166666666666,1.4092620778633538,0.8185241557267076,1.2017405711812201
positive detour,141,0.18359375,1.4194364364541057,0.8388728729082113,1.2007243235955392
positive detour,142,0.18489583333333334,1.429556857273528,0.859113714547056,1.1996888076780576
positive detour,143,0.18619791666666666,1.4396223738362168,0.8792447476724337,1.1986342785604955
positive detour,144,0.1875,1.4496320343559643,0.8992640687119287,1.1975609966361331
positive detour,145,0.18880208333333334,1.4595849020005758,0.9191698040011516,1.1964692275216202
positive detour,146,0.19010416666666666,1.469480055142684,0.9389601102853682,1.195359242016849
positive detour,147,0.19140625,1.4793165876064875,0.9586331752129751,1.1942313160627702
positive detour,148,0.19270833333333334,1.4890936089103595,0.9781872178207189,1.193085730697529
positive detour,149,0.19401041666666666,1.4988102445052498,0.9976204890104996,1.1919227720103098
positive detour,150,0.1953125,1.508465636008821,1.0169312720176422,1.19074273109327
positive detour,151,0.19661458333333334,1.5180589414352617,1.0361178828705233,1.1895459039915006
positive detour,152,0.19791666666666666,1.5275893354207037,1.0551786708414075,1.1883325916506926
positive detour,153,0.19921875,1.5370560094441934,1.0741120188883868,1.1871030998627874
positive detour,154,0.20052083333333334,1.5464581720441513,1.0929163440883025,1.1858577392094531
positive detour,155,0.20182291666666666,1.5557950490302659,1.1115900980605318,1.1845968250033587
positive detour,156,0.203125,1.5650658836907636,1.1301317673815272,1.183320677227252
positive detour,157,0.20442708333333334,1.5742699369949982,1.1485398739899964,1.1820296204707903
positive detour,158,0.20572916666666666,1.5834064877913068,1.1668129755826135,1.180723983865135
positive detour,159,0.20703125,1.5924748330000815,1.184949666000163,1.1794041010153293
positive detour,160,0.20833333333333334,1.601474287801998,1.2029485756039962,1.1780703099302674
positive detour,161,0.20963541666666666,1.610404185821361,1.2208083716427218,1.1767229529505792
positive detour,162,0.2109375,1.6192638793045064,1.2385277586090129,1.1753623766740304
positive detour,163,0.21223958333333334,1.6280527392932231,1.2561054785864463,1.1739889318787675
positive detour,164,0.21354166666666666,1.6367701557931396,1.2735403115862791,1.1726029734442136
positive detour,165,0.21484375,1.645415537937033,1.290831075874066,1.1712048602696319
positive detour,166,0.21614583333333334,1.6539883141430192,1.3079766282860383,1.1697949551904823
positive detour,167,0.21744791666666666,1.6624879322675805,1.324975864535161,1.1683736248924959
positive detour,168,0.21875,1.670913859753386,1.3418277195067718,1.1669412398233676
positive detour,169,0.22005208333333334,1.67926558377187,1.35853116754374,1.1654981741023422
positive detour,170,0.22135416666666666,1.687542611360531,1.375085222721062,1.1640448054275179
positive detour,171,0.22265625,1.6957444695549062,1.3914889391098124,1.1625815149808445
positive detour,172,0.22395833333333334,1.7038707055151983,1.4077414110303965,1.1611086873311116
positive detour,173,0.22526041666666666,1.7119208866475106,1.4238417732950213,1.159626710334625
positive detour,174,0.2265625,1.7198946007196627,1.4397892014393254,1.1581359750337963
positive detour,175,0.22786458333333334,1.727791455971555,1.45558291194311,1.15663687555368
positive detour,176,0.22916666666666666,1.7356110812200538,1.4712221624401076,1.1551298089964193
positive detour,177,0.23046875,1.7433531259583632,1.4867062519167265,1.1536151753336032
positive detour,178,0.23177083333333334,1.7510172604498666,1.5020345208997332,1.152093377296801
positive detour,179,0.23307291666666666,1.7586031758164047,1.5172063516328094,1.1505648202660308
positive detour,180,0.234375,1.766110584120969,1.532221168241938,1.1490299121563814
positive detour,181,0.23567708333333334,1.7735392184447896,1.5470784368895791,1.1474890633028254
positive detour,182,0.23697916666666666,1.7808888329587969,1.5617776659175937,1.145942686343267
positive detour,183,0.23828125,1.7881592029894342,1.5763184059788684,1.1443911960997801
positive detour,184,0.23958333333333334,1.7953501250788095,1.590700250157619,1.1428350094583084
positive detour,185,0.24088541666666666,1.8024614170391668,1.6049228340783337,1.1412745452467015
positive detour,186,0.2421875,1.8094929180016588,1.6189858360033176,1.1397102241111339
positive detour,187,0.24348958333333334,1.8164444884594206,1.6328889769188413,1.1381424683913195
positive detour,188,0.24479166666666666,1.8233160103049144,1.6466320206098288,1.1365717019939392
positive detour,189,0.24609375,1.8301073868615516,1.6602147737231032,1.1349983502651018
positive detour,190,0.24739583333333334,1.8368185429095762,1.6736370858191525,1.1334228398613575
positive detour,191,0.24869791666666666,1.8434494247062017,1.6868988494124033,1.1318455986195368
positive detour,192,0.25,1.85,1.7000000000000002,1.1302670554255734
positive detour,193,0.2513020833333333,1.8564702580395351,1.7129405160790703,1.1286876400821793
positive detour,194,0.2526041666666667,1.8628602095762428,1.7257204191524855,1.127107783175735
positive detour,195,0.25390625,1.8691698868615516,1.7383397737231032,1.125527915942143
positive detour,196,0.2552083333333333,1.8753993436382477,1.7507986872764953,1.1239484701319846
positive detour,197,0.2565104166666667,1.8815486551260874,1.7630973102521748,1.1223698778750109
positive detour,198,0.2578125,1.8876179180016588,1.7752358360033176,1.1207925715439346
positive detour,199,0.2591145833333333,1.8936072503724999,1.7872145007449998,1.1192169836177628
positive detour,200,0.2604166666666667,1.899516791745476,1.799033583490952,1.1176435465445882
positive detour,201,0.26171875,1.9053467029894342,1.8106934059788684,1.1160726926041988
positive detour,202,0.2630208333333333,1.9110971662921303,1.8221943325842607,1.114504853770153
positive detour,203,0.2643229166666667,1.9167683851114563,1.8335367702229126,1.1129404615719494
positive detour,204,0.265625,1.9223605841209692,1.8447211682419384,1.1113799469569063
positive detour,205,0.2669270833333333,1.9278740091497382,1.8557480182994763,1.109823740152032
positive detour,206,0.2682291666666667,1.9333089271165331,1.8666178542330663,1.1082722705261354
positive detour,207,0.26953125,1.9386656259583632,1.8773312519167265,1.1067259664518951
positive detour,208,0.2708333333333333,1.943944414553387,1.8878888291067741,1.1051852551682388
positive detour,209,0.2721354166666667,1.9491456226382218,1.8982912452764436,1.103650562643172
positive detour,210,0.2734375,1.9542696007196627,1.9085392014393254,1.1021223134368163
positive detour,211,0.2747395833333333,1.9593167199808437,1.9186334399616873,1.1006009305650666
positive detour,212,0.2760416666666667,1.964287372181865,1.92857474436373,1.0990868353638703
positive detour,213,0.27734375,1.9691819695549062,1.9383639391098124,1.0975804473539652
positive detour,214,0.2786458333333333,1.9740009446938644,1.948001889387729,1.0960821841066184
positive detour,215,0.2799479166666667,1.978744750438537,1.9574895008770739,1.0945924611099518
positive detour,216,0.28125,1.983413859753386,1.9668277195067718,1.0931116916363088
positive detour,217,0.2825520833333333,1.988008765600914,1.976017531201828,1.0916402866104953
positive detour,218,0.2838541666666667,1.9925299808096857,1.9850599616193714,1.090178654479096
positive detour,219,0.28515625,1.996978037937033,1.993956075874066,1.0887272010809517
positive detour,220,0.2864583333333333,2.001353489126473,0.0027069782529460795,1.0872863295186375
positive detour,221,0.2877604166666667,2.00565690595989,0.01131381191977976,1.085856440031464
positive detour,222,0.2890625,2.009888879304506,0.01977775860901243,1.0844379298695148
positive detour,223,0.2903645833333333,2.0140500191546944,0.028100038309388786,1.0830311931692185
positive detour,224,0.2916666666666667,2.018140954468665,0.03628190893732963,1.0816366208302723
positive detour,225,0.29296875,2.0221623330000815,0.04432466600016305,1.0802546003941729
positive detour,226,0.2942708333333333,2.02611482112464,0.05222964224928006,1.0788855159240938
positive detour,227,0.2955729166666667,2.0299991036616647,0.05999820732332939,1.0775297478865755
positive detour,228,0.296875,2.0338158836907634,0.06763176738152676,1.0761876730346651
positive detour,229,0.2981770833333333,2.0375658823635994,0.07513176472719874,1.0748596642929666
positive detour,230,0.2994791666666667,2.0412498387108178,0.08249967742163555,1.0735460906441714
positive detour,231,0.30078125,2.0448685094441936,0.08973701888838725,1.0722473170176778
positive detour,232,0.3020833333333333,2.048422668754037,0.096845337508074,1.0709637041796851
positive detour,233,0.3033854166666667,2.051913108101928,0.10382621620385635,1.0696956086255196
positive detour,234,0.3046875,2.055340636008821,0.11068127201764177,1.0684433824735073
positive detour,235,0.3059895833333333,2.058706077838583,0.11741215567716612,1.0672073733610268
positive detour,236,0.3072916666666667,2.0620102755770264,0.12402055115405286,1.0659879243423853
positive detour,237,0.30859375,2.0652540876064878,0.13050817521297553,1.0647853737887485
positive detour,238,0.3098958333333333,2.068438388476017,0.13687677695203426,1.0636000552899785
positive detour,239,0.3111979166666667,2.0715640686672425,0.14312813733448504,1.062432297558653
positive detour,240,0.3125,2.0746320343559645,0.1492640687119291,1.0612824243359538
positive detour,241,0.3138020833333333,2.07764320716955,0.15528641433910018,1.0601507542997157
positive detour,242,0.3151041666666667,2.0805985239401945,0.16119704788038902,1.059037600974648
positive detour,243,0.31640625,2.083498936454106,0.16699787290821178,1.0579432726443891
positive detour,244,0.3177083333333333,2.086345411196687,0.17269082239337408,1.0568680722658315
positive detour,245,0.3190104166666667,2.0891389290937905,0.17827785818758102,1.0558122973856883
positive detour,246,0.3203125,2.091880485249094,0.18376097049818796,1.054776240058734
positive detour,247,0.3216145833333333,2.09457108867769,0.18914217735537964,1.0537601867686197
positive detour,248,0.3229166666666667,2.097211762035949,0.19442352407189833,1.0527644183505855
positive detour,249,0.32421875,2.09980354134773,0.19960708269545968,1.0517892099162172
positive detour,250,0.3255208333333333,2.102347475727007,0.20469495145401417,1.0508348307804254
positive detour,251,0.3268229166666667,2.1048446270970027,0.20968925419400541,1.0499015443905497
positive detour,252,0.328125,2.107296069905881,0.21459213981176184,1.0489896082574188
positive detour,253,0.3294270833333333,2.1097028908390922,0.21940578167818447,1.0480992738885992
positive detour,254,0.3307291666666667,2.1120661885284435,0.22413237705688704,1.04723078672374
positive detour,255,0.33203125,2.1143870732579666,0.2287741465159332,1.0463843860718705
positive detour,256,0.3333333333333333,2.1166666666666667,0.2333333333333334,1.0455603050507967
positive detour,257,0.3346354166666667,2.118906101448235,0.2378122028964702,1.0447587705286296
positive detour,258,0.3359375,2.1211065210477993,0.24221304209559857,1.0439800030671897
positive detour,259,0.3372395833333333,2.1232690793557927,0.24653815871158535,1.0432242168674346
positive detour,260,0.3385416666666667,2.1253949403990338,0.2507898807980675,1.0424916197170253
positive detour,261,0.33984375,2.1274852780290847,0.25497055605816943,1.041782412939612
positive detour,262,0.3411458333333333,2.129541275607985,0.25908255121597,1.0410967913463065
positive detour,263,0.3424479166666667,2.131564125691437,0.26312825138287366,1.0404349431889384
positive detour,264,0.34375,2.133555029709527,0.2671100594190543,1.0397970501152203
positive detour,265,0.3450520833333333,2.1355151976450775,0.27103039529015494,1.039183287125912
positive detour,266,0.3463541666666667,2.1374458477097034,0.2748916954194067,1.0385938225337734
positive detour,267,0.34765625,2.139348206017666,0.27869641203533213,1.0380288179242743
positive detour,268,0.3489583333333333,2.141223506257615,0.2824470125152301,1.0374884281183618
positive detour,269,0.3502604166666667,2.1430729893622993,0.28614597872459857,1.0369728011368324
positive detour,270,0.3515625,2.144897903176339,0.28979580635267777,1.036482078166547
positive detour,271,0.3528645833333333,2.1466995021221464,0.2933990042442929,1.0360163935284248
positive detour,272,0.3541666666666667,2.1484790468640895,0.29695809372817905,1.0355758746472166
positive detour,273,0.35546875,2.1502378039709793,0.3004756079419586,1.0351606420229025
positive detour,274,0.3567708333333333,2.1519770455769787,0.30395409115395733,1.0347708092038572
positive detour,275,0.3580729166666667,2.153698049041023,0.30739609808204627,1.0344064827617474
positive detour,276,0.359375,2.155402096604839,0.31080419320967767,1.0340677622679615
positive detour,277,0.3606770833333333,2.1570904750496567,0.31418095009931335,1.0337547402718388
positive detour,278,0.3619791666666667,2.1587644753517097,0.31752895070341935,1.0334675022804347
positive detour,279,0.36328125,2.1604253923366086,0.32085078467321715,1.0332061267399606
positive detour,280,0.3645833333333333,2.1620745243326818,0.32414904866536354,1.032970685018697
positive detour,281,0.3658854166666667,2.163713172823387,0.3274263456467743,1.0327612413917928
positive detour,282,0.3671875,2.165342642098868,0.33068528419773635,1.0325778530272247
positive detour,283,0.3684895833333333,2.166964238906767,0.33392847781353385,1.0324205699737132
positive detour,284,0.3697916666666667,2.168579272102376,0.337158544204752,1.0322894351499592
positive detour,285,0.37109375,2.1701890522982255,0.3403781045964509,1.032184484335477
positive detour,286,0.3723958333333333,2.1717948915131995,0.343589783026399,1.0321057461629852
positive detour,287,0.3736979166666667,2.173398102821279,0.3467962056425584,1.0320532421123725
positive detour,288,0.375,2.175,0.34999999999999964,1.032026986506079
positive detour,289,0.3763020833333333,2.176601897178721,0.35320379435744176,1.0320269865060878
positive detour,290,0.3776041666666667,2.1782051084868,0.3564102169736003,1.0320532421123636
positive detour,291,0.37890625,2.1798109477017746,0.3596218954035493,1.032105746162994
positive detour,292,0.3802083333333333,2.181420727897624,0.3628414557952482,1.032184484335477
positive detour,293,0.3815104166666667,2.183035761093233,0.3660715221864663,1.0322894351499592
positive detour,294,0.3828125,2.184657357901132,0.3693147158022638,1.0324205699737132
positive detour,295,0.3841145833333333,2.1862868271766125,0.372573654353225,1.0325778530272158
positive detour,296,0.3854166666666667,2.187925475667318,0.37585095133463575,1.0327612413917928
positive detour,297,0.38671875,2.1895746076633915,0.37914921532678303,1.032970685018706
positive detour,298,0.3880208333333333,2.19123552464829,0.38247104929657993,1.0332061267399517
positive detour,299,0.3893229166666667,2.1929095249503434,0.38581904990068683,1.0334675022804436
positive detour,300,0.390625,2.1945979033951617,0.3891958067903234,1.0337547402718477
positive detour,301,0.3919270833333333,2.196301950958977,0.3926039019179539,1.0340677622679526
positive detour,302,0.3932291666666667,2.1980229544230214,0.39604590884604285,1.0344064827617474
positive detour,303,0.39453125,2.199762196029021,0.3995243920580416,1.0347708092038572
positive detour,304,0.3958333333333333,2.2015209531359106,0.4030419062718211,1.0351606420229025
positive detour,305,0.3971354166666667,2.2033004978778536,0.4066009957557073,1.0355758746472166
positive detour,306,0.3984375,2.2051020968236617,0.4102041936473233,1.0360163935284337
positive detour,307,0.3997395833333333,2.206927010637701,0.4138540212754016,1.036482078166538
positive detour,308,0.4010416666666667,2.208776493742385,0.4175529874847701,1.0369728011368324
positive detour,309,0.40234375,2.210651793982334,0.42130358796466805,1.0374884281183618
positive detour,310,0.4036458333333333,2.2125541522902967,0.42510830458059345,1.0380288179242743
positive detour,311,0.4049479166666667,2.214484802354922,0.42896960470984435,1.0385938225337645
positive detour,312,0.40625,2.216444970290473,0.4328899405809459,1.0391832871259208
positive detour,313,0.4075520833333333,2.2184358743085633,0.4368717486171265,1.0397970501152203
positive detour,314,0.4088541666666667,2.2204587243920146,0.4409174487840293,1.0404349431889297
positive detour,315,0.41015625,2.2225147219709154,0.44502944394183075,1.0410967913463154
positive detour,316,0.4114583333333333,2.2246050596009663,0.44921011920193266,1.041782412939612
positive detour,317,0.4127604166666667,2.226730920644207,0.45346184128841394,1.0424916197170164
positive detour,318,0.4140625,2.228893478952201,0.4577869579044016,1.0432242168674433
positive detour,319,0.4153645833333333,2.231093898551765,0.46218779710353,1.0439800030671897
positive detour,320,0.4166666666666667,2.2333333333333334,0.4666666666666668,1.0447587705286296
positive detour,321,0.41796875,2.2356129267420335,0.471225853484067,1.0455603050507967
positive detour,322,0.4192708333333333,2.2379338114715566,0.47586762294311313,1.0463843860718705
positive detour,323,0.4205729166666667,2.240297109160908,0.4805942183218157,1.04723078672374
positive detour,324,0.421875,2.242703930094119,0.48540786018823834,1.0480992738885992
positive detour,325,0.4231770833333333,2.245155372902997,0.4903107458059939,1.04898960825741
positive detour,326,0.4244791666666667,2.2476525242729926,0.4953050485459851,1.0499015443905497
positive detour,327,0.42578125,2.2501964586522702,0.5003929173045405,1.0508348307804343
positive detour,328,0.4270833333333333,2.2527882379640505,0.505576475928101,1.0517892099162083
positive detour,329,0.4283854166666667,2.25542891132231,0.5108578226446197,1.0527644183505855
positive detour,330,0.4296875,2.2581195147509066,0.5162390295018131,1.0537601867686375
positive detour,331,0.4309895833333333,2.260861070906209,0.5217221418124183,1.0547762400587162
positive detour,332,0.4322916666666667,2.2636545888033126,0.5273091776066252,1.0558122973856883
positive detour,333,0.43359375,2.2665010635458946,0.5330021270917893,1.0568680722658492
positive detour,334,0.4348958333333333,2.269401476059805,0.5388029521196103,1.0579432726443714
positive detour,335,0.4361979166666667,2.2723567928304496,0.5447135856608991,1.059037600974648
positive detour,336,0.4375,2.2753679656440355,0.5507359312880711,1.0601507542997246
positive detour,337,0.4388020833333333,2.2784359313327576,0.5568718626655151,1.0612824243359538
positive detour,338,0.4401041666666667,2.2815616115239825,0.563123223047965,1.0624322975586442
positive detour,339,0.44140625,2.2847459123935123,0.5694918247870246,1.0636000552899874
positive detour,340,0.4427083333333333,2.2879897244229737,0.5759794488459473,1.0647853737887485
positive detour,341,0.4440104166666667,2.291293922161417,0.5825878443228341,1.0659879243423853
positive detour,342,0.4453125,2.294659363991179,0.5893187279823584,1.0672073733610268
positive detour,343,0.4466145833333333,2.2980868918980715,0.5961737837961429,1.0684433824734985
positive detour,344,0.4479166666666667,2.3015773312459626,0.6031546624919253,1.0696956086255196
positive detour,345,0.44921875,2.3051314905558065,0.6102629811116129,1.070963704179694
positive detour,346,0.4505208333333333,2.308750161289182,0.6175003225783637,1.072247317017669
positive detour,347,0.4518229166666667,2.3124341176364007,0.6248682352728014,1.0735460906441803
positive detour,348,0.453125,2.3161841163092363,0.6323682326184725,1.0748596642929578
positive detour,349,0.4544270833333333,2.3200008963383354,0.6400017926766708,1.076187673034674
positive detour,350,0.4557291666666667,2.3238851788753596,0.6477703577507192,1.0775297478865666
positive detour,351,0.45703125,2.3278376669999186,0.6556753339998371,1.0788855159241026
positive detour,352,0.4583333333333333,2.3318590455313353,0.6637180910626705,1.0802546003941729
positive detour,353,0.4596354166666667,2.3359499808453057,0.6718999616906114,1.0816366208302723
positive detour,354,0.4609375,2.3401111206954934,0.6802222413909869,1.0830311931692096
positive detour,355,0.4622395833333333,2.34434309404011,0.6886861880802204,1.0844379298695235
positive detour,356,0.4635416666666667,2.348646510873527,0.6972930217470541,1.085856440031464
positive detour,357,0.46484375,2.353021962062967,0.7060439241259342,1.0872863295186375
positive detour,358,0.4661458333333333,2.357470019190314,0.7149400383806279,1.088727201080943
positive detour,359,0.4674479166666667,2.361991234399086,0.7239824687981722,1.0901786544791048
positive detour,360,0.46875,2.366586140246614,0.7331722804932284,1.0916402866104953
positive detour,361,0.4700520833333333,2.371255249561463,0.7425104991229263,1.0931116916363088
positive detour,362,0.4713541666666667,2.3759990553061354,0.7519981106122708,1.0945924611099473
positive detour,363,0.47265625,2.3808180304450937,0.7616360608901873,1.0960821841066184
positive detour,364,0.4739583333333333,2.3857126278181346,0.7714252556362693,1.097580447353961
positive detour,365,0.4752604166666667,2.390683280019156,0.781366560038312,1.0990868353638703
positive detour,366,0.4765625,2.3957303992803376,0.7914607985606752,1.1006009305650797
positive detour,367,0.4778645833333333,2.400854377361778,0.8017087547235562,1.1021223134368077
positive detour,368,0.4791666666666667,2.406055585446613,0.8121111708932256,1.103650562643172
positive detour,369,0.48046875,2.411334374041637,0.8226687480832737,1.1051852551682433
positive detour,370,0.4817708333333333,2.4166910728834665,0.833382145766933,1.1067259664518863
positive detour,371,0.4830729166666667,2.4221259908502617,0.8442519817005234,1.1082722705261396
positive detour,372,0.484375,2.427639415879031,0.8552788317580617,1.1098237401520363
positive detour,373,0.4856770833333333,2.4332316148885433,0.8664632297770867,1.1113799469568977
positive detour,374,0.4869791666666667,2.4389028337078695,0.8778056674157391,1.1129404615719538
positive detour,375,0.48828125,2.4446532970105657,0.8893065940211313,1.114504853770153
positive detour,376,0.4895833333333333,2.4504832082545236,0.9009664165090472,1.1160726926041946
positive detour,377,0.4908854166666667,2.4563927496274998,0.9127854992549995,1.1176435465445882
positive detour,378,0.4921875,2.462382081998341,0.9247641639966817,1.1192169836177628
positive detour,379,0.4934895833333333,2.4684513448739125,0.936902689747825,1.120792571543939
positive detour,380,0.4947916666666667,2.474600656361752,0.9492013127235044,1.1223698778750109
positive detour,381,0.49609375,2.4808301131384485,0.961660226276897,1.123948470131989
positive detour,382,0.4973958333333333,2.4871397904237567,0.9742795808475133,1.1255279159421296
positive detour,383,0.4986979166666667,2.4935297419604647,0.9870594839209295,1.1271077831757437
positive detour,384,0.5,2.5,1.0,1.1286876400821837
positive detour,385,0.5013020833333334,2.506510416666666,1.0130208333333321,1.1294774298776915
positive detour,386,0.5026041666666666,2.513020833333333,1.026041666666666,1.129477429877709
positive detour,387,0.50390625,2.51953125,1.0390625,1.129477429877709
positive detour,388,0.5052083333333334,2.526041666666666,1.0520833333333321,1.1294774298776915
positive detour,389,0.5065104166666666,2.532552083333333,1.065104166666666,1.129477429877709
positive detour,390,0.5078125,2.5390625,1.078125,1.129477429877709
positive detour,391,0.5091145833333334,2.545572916666666,1.0911458333333321,1.1294774298776915
positive detour,392,0.5104166666666666,2.552083333333333,1.104166666666666,1.129477429877709
positive detour,393,0.51171875,2.55859375,1.1171875,1.129477429877709
positive detour,394,0.5130208333333334,2.565104166666666,1.1302083333333321,1.1294774298776915
positive detour,395,0.5143229166666666,2.571614583333333,1.143229166666666,1.129477429877709
positive detour,396,0.515625,2.578125,1.15625,1.129477429877709
positive detour,397,0.5169270833333334,2.584635416666666,1.1692708333333321,1.1294774298776915
positive detour,398,0.5182291666666666,2.591145833333333,1.182291666666666,1.129477429877709
positive detour,399,0.51953125,2.59765625,1.1953125,1.129477429877709
positive detour,400,0.5208333333333334,2.604166666666666,1.2083333333333321,1.1294774298776915
positive detour,401,0.5221354166666666,2.610677083333333,1.221354166666666,1.129477429877709
positive detour,402,0.5234375,2.6171875,1.234375,1.129477429877709
positive detour,403,0.5247395833333334,2.623697916666666,1.2473958333333321,1.1294774298776915
positive detour,404,0.5260416666666666,2.630208333333333,1.260416666666666,1.129477429877709
positive detour,405,0.52734375,2.63671875,1.2734375,1.129477429877709
positive detour,406,0.5286458333333334,2.643229166666666,1.2864583333333321,1.1294774298776915
positive detour,407,0.5299479166666666,2.649739583333333,1.299479166666666,1.129477429877709
positive detour,408,0.53125,2.65625,1.3125,1.129477429877709
positive detour,409,0.5325520833333334,2.662760416666666,1.3255208333333321,1.1294774298776915
positive detour,410,0.5338541666666666,2.669270833333333,1.338541666666666,1.129477429877709
positive detour,411,0.53515625,2.67578125,1.3515625,1.129477429877709
positive detour,412,0.5364583333333334,2.682291666666666,1.3645833333333321,1.1294774298776915
positive detour,413,0.5377604166666666,2.688802083333333,1.377604166666666,1.129477429877709
positive detour,414,0.5390625,2.6953125,1.390625,1.129477429877709
positive detour,415,0.5403645833333334,2.701822916666666,1.4036458333333321,1.1294774298776915
positive detour,416,0.5416666666666666,2.708333333333333,1.416666666666666,1.129477429877709
positive detour,417,0.54296875,2.71484375,1.4296875,1.129477429877709
positive detour,418,0.5442708333333334,2.721354166666666,1.4427083333333321,1.1294774298776915
positive detour,419,0.5455729166666666,2.727864583333333,1.455729166666666,1.129477429877709
positive detour,420,0.546875,2.734375,1.46875,1.129477429877709
positive detour,421,0.5481770833333334,2.740885416666666,1.4817708333333321,1.1294774298776915
positive detour,422,0.5494791666666666,2.747395833333333,1.494791666666666,1.129477429877709
positive detour,423,0.55078125,2.75390625,1.5078125,1.129477429877709
positive detour,424,0.5520833333333334,2.760416666666666,1.5208333333333321,1.1294774298776915
positive detour,425,0.5533854166666666,2.766927083333333,1.533854166666666,1.129477429877709
positive detour,426,0.5546875,2.7734375,1.546875,1.129477429877709
positive detour,427,0.5559895833333334,2.779947916666666,1.5598958333333321,1.1294774298776915
positive detour,428,0.5572916666666666,2.786458333333333,1.572916666666666,1.129477429877709
positive detour,429,0.55859375,2.79296875,1.5859375,1.129477429877709
positive detour,430,0.5598958333333334,2.799479166666666,1.5989583333333321,1.1294774298776915
positive detour,431,0.5611979166666666,2.805989583333333,1.611979166666666,1.129477429877709
positive detour,432,0.5625,2.8125,1.625,1.129477429877709
positive detour,433,0.5638020833333334,2.819010416666666,1.6380208333333321,1.1294774298776915
positive detour,434,0.5651041666666666,2.825520833333333,1.651041666666666,1.129477429877709
positive detour,435,0.56640625,2.83203125,1.6640625,1.129477429877709
positive detour,436,0.5677083333333334,2.838541666666666,1.6770833333333321,1.1294774298776915
positive detour,437,0.5690104166666666,2.845052083333333,1.690104166666666,1.129477429877709
positive detour,438,0.5703125,2.8515625,1.703125,1.129477429877709
positive detour,439,0.5716145833333334,2.858072916666666,1.7161458333333321,1.1294774298776915
positive detour,440,0.5729166666666666,2.864583333333333,1.729166666666666,1.129477429877709
positive detour,441,0.57421875,2.87109375,1.7421875,1.129477429877709
positive detour,442,0.5755208333333334,2.877604166666666,1.7552083333333321,1.1294774298776915
positive detour,443,0.5768229166666666,2.884114583333333,1.768229166666666,1.129477429877709
positive detour,444,0.578125,2.890625,1.78125,1.129477429877709
positive detour,445,0.5794270833333334,2.897135416666666,1.7942708333333321,1.1294774298776915
positive detour,446,0.5807291666666666,2.903645833333333,1.807291666666666,1.129477429877709
positive detour,447,0.58203125,2.91015625,1.8203125,1.129477429877709
positive detour,448,0.5833333333333334,2.916666666666666,1.8333333333333321,1.1294774298776915
positive detour,449,0.5846354166666666,2.923177083333333,1.846354166666666,1.129477429877709
positive detour,450,0.5859375,2.9296875,1.859375,1.129477429877709
positive detour,451,0.5872395833333334,2.936197916666666,1.8723958333333321,1.1294774298776915
positive detour,452,0.5885416666666666,2.942708333333333,1.885416666666666,1.129477429877709
positive detour,453,0.58984375,2.94921875,1.8984375,1.129477429877709
positive detour,454,0.5911458333333334,2.955729166666666,1.9114583333333321,1.1294774298776915
positive detour,455,0.5924479166666666,2.962239583333333,1.924479166666666,1.129477429877709
positive detour,456,0.59375,2.96875,1.9375,1.129477429877709
positive detour,457,0.5950520833333334,2.975260416666666,1.9505208333333321,1.1294774298776915
positive detour,458,0.5963541666666666,2.981770833333333,1.963541666666666,1.129477429877709
positive detour,459,0.59765625,2.98828125,1.9765625,1.129477429877709
positive detour,460,0.5989583333333334,2.994791666666666,1.9895833333333321,1.1294774298776915
positive detour,461,0.6002604166666666,3.001302083333333,0.0026041666666660745,1.129477429877709
positive detour,462,0.6015625,3.0078125,0.015625,1.129477429877709
positive detour,463,0.6028645833333334,3.014322916666666,0.02864583333333215,1.1294774298776915
positive detour,464,0.6041666666666666,3.020833333333333,0.041666666666666075,1.129477429877709
positive detour,465,0.60546875,3.02734375,0.0546875,1.129477429877709
positive detour,466,0.6067708333333334,3.033854166666666,0.06770833333333215,1.1294774298776915
positive detour,467,0.6080729166666666,3.040364583333333,0.08072916666666607,1.129477429877709
positive detour,468,0.609375,3.046875,0.09375,1.129477429877709
positive detour,469,0.6106770833333334,3.053385416666666,0.10677083333333215,1.1294774298776915
positive detour,470,0.6119791666666666,3.059895833333333,0.11979166666666607,1.129477429877709
positive detour,471,0.61328125,3.06640625,0.1328125,1.129477429877709
positive detour,472,0.6145833333333334,3.072916666666666,0.14583333333333215,1.1294774298776915
positive detour,473,0.6158854166666666,3.079427083333333,0.15885416666666607,1.129477429877709
positive detour,474,0.6171875,3.0859375,0.171875,1.129477429877709
positive detour,475,0.6184895833333334,3.092447916666666,0.18489583333333215,1.1294774298776915
positive detour,476,0.6197916666666666,3.098958333333333,0.19791666666666607,1.129477429877709
positive detour,477,0.62109375,3.10546875,0.2109375,1.129477429877709
positive detour,478,0.6223958333333334,3.111979166666666,0.22395833333333215,1.1294774298776915
positive detour,479,0.6236979166666666,3.118489583333333,0.23697916666666607,1.129477429877709
positive detour,480,0.625,3.125,0.25,1.129477429877709
positive detour,481,0.6263020833333334,3.131510416666666,0.26302083333333215,1.1294774298776915
positive detour,482,0.6276041666666666,3.138020833333333,0.2760416666666661,1.129477429877709
positive detour,483,0.62890625,3.14453125,0.2890625,1.129477429877709
positive detour,484,0.6302083333333334,3.151041666666666,0.30208333333333215,1.1294774298776915
positive detour,485,0.6315104166666666,3.157552083333333,0.3151041666666661,1.129477429877709
positive detour,486,0.6328125,3.1640625,0.328125,1.129477429877709
positive detour,487,0.6341145833333334,3.170572916666666,0.34114583333333215,1.1294774298776915
positive detour,488,0.6354166666666666,3.177083333333333,0.3541666666666661,1.129477429877709
positive detour,489,0.63671875,3.18359375,0.3671875,1.129477429877709
positive detour,490,0.6380208333333334,3.190104166666666,0.38020833333333215,1.1294774298776915
positive detour,491,0.6393229166666666,3.196614583333333,0.3932291666666661,1.129477429877709
positive detour,492,0.640625,3.203125,0.40625,1.129477429877709
positive detour,493,0.6419270833333334,3.209635416666666,0.41927083333333215,1.1294774298776915
positive detour,494,0.6432291666666666,3.216145833333333,0.4322916666666661,1.129477429877709
positive detour,495,0.64453125,3.22265625,0.4453125,1.129477429877709
positive detour,496,0.6458333333333334,3.229166666666666,0.45833333333333215,1.1294774298776915
positive detour,497,0.6471354166666666,3.235677083333333,0.4713541666666661,1.129477429877709
positive detour,498,0.6484375,3.2421875,0.484375,1.129477429877709
positive detour,499,0.6497395833333334,3.248697916666666,0.49739583333333215,1.1294774298776915
positive detour,500,0.6510416666666666,3.255208333333333,0.5104166666666661,1.129477429877709
positive detour,501,0.65234375,3.26171875,0.5234375,1.129477429877709
positive detour,502,0.6536458333333334,3.268229166666666,0.5364583333333321,1.1294774298776915
positive detour,503,0.6549479166666666,3.274739583333333,0.5494791666666661,1.129477429877709
positive detour,504,0.65625,3.28125,0.5625,1.129477429877709
positive detour,505,0.6575520833333334,3.287760416666666,0.5755208333333321,1.1294774298776915
positive detour,506,0.6588541666666666,3.294270833333333,0.5885416666666661,1.129477429877709
positive detour,507,0.66015625,3.30078125,0.6015625,1.129477429877709
positive detour,508,0.6614583333333334,3.307291666666666,0.6145833333333321,1.1294774298776915
positive detour,509,0.6627604166666666,3.313802083333333,0.6276041666666661,1.129477429877709
positive detour,510,0.6640625,3.3203125,0.640625,1.129477429877709
positive detour,511,0.6653645833333334,3.326822916666666,0.6536458333333321,1.1294774298776915
positive detour,512,0.6666666666666666,3.333333333333333,0.6666666666666661,1.129477429877709
positive detour,513,0.66796875,3.33984375,0.6796875,1.129477429877709
positive detour,514,0.6692708333333334,3.346354166666666,0.6927083333333321,1.1294774298776915
positive detour,515,0.6705729166666666,3.352864583333333,0.7057291666666661,1.129477429877709
positive detour,516,0.671875,3.359375,0.71875,1.129477429877709
positive detour,517,0.6731770833333334,3.365885416666666,0.7317708333333321,1.1294774298776915
positive detour,518,0.6744791666666666,3.372395833333333,0.7447916666666661,1.129477429877709
positive detour,519,0.67578125,3.37890625,0.7578125,1.129477429877709
positive detour,520,0.6770833333333334,3.385416666666666,0.7708333333333321,1.1294774298776915
positive detour,521,0.6783854166666666,3.391927083333333,0.7838541666666661,1.129477429877709
positive detour,522,0.6796875,3.3984375,0.796875,1.129477429877709
positive detour,523,0.6809895833333334,3.404947916666666,0.8098958333333321,1.1294774298776915
positive detour,524,0.6822916666666666,3.411458333333333,0.8229166666666661,1.129477429877709
positive detour,525,0.68359375,3.41796875,0.8359375,1.129477429877709
positive detour,526,0.6848958333333334,3.424479166666666,0.8489583333333321,1.1294774298776915
positive detour,527,0.6861979166666666,3.430989583333333,0.8619791666666661,1.129477429877709
positive detour,528,0.6875,3.4375,0.875,1.129477429877709
positive detour,529,0.6888020833333334,3.444010416666666,0.8880208333333321,1.1294774298776915
positive detour,530,0.6901041666666666,3.450520833333333,0.9010416666666661,1.129477429877709
positive detour,531,0.69140625,3.45703125,0.9140625,1.129477429877709
positive detour,532,0.6927083333333334,3.463541666666666,0.9270833333333321,1.1294774298776915
positive detour,533,0.6940104166666666,3.470052083333333,0.9401041666666661,1.129477429877709
positive detour,534,0.6953125,3.4765625,0.953125,1.129477429877709
positive detour,535,0.6966145833333334,3.483072916666666,0.9661458333333321,1.1294774298776915
positive detour,536,0.6979166666666666,3.489583333333333,0.9791666666666661,1.129477429877709
positive detour,537,0.69921875,3.49609375,0.9921875,1.129477429877709
positive detour,538,0.7005208333333334,3.502604166666666,1.0052083333333321,1.1294774298776915
positive detour,539,0.7018229166666666,3.509114583333333,1.018229166666666,1.129477429877709
positive detour,540,0.703125,3.515625,1.03125,1.129477429877709
positive detour,541,0.7044270833333334,3.522135416666666,1.0442708333333321,1.1294774298776915
positive detour,542,0.7057291666666666,3.528645833333333,1.057291666666666,1.129477429877709
positive detour,543,0.70703125,3.53515625,1.0703125,1.129477429877709
positive detour,544,0.7083333333333334,3.541666666666666,1.0833333333333321,1.1294774298776915
positive detour,545,0.7096354166666666,3.548177083333333,1.096354166666666,1.129477429877709
positive detour,546,0.7109375,3.5546875,1.109375,1.129477429877709
positive detour,547,0.7122395833333334,3.561197916666666,1.1223958333333321,1.1294774298776915
positive detour,548,0.7135416666666666,3.567708333333333,1.135416666666666,1.129477429877709
positive detour,549,0.71484375,3.57421875,1.1484375,1.129477429877709
positive detour,550,0.7161458333333334,3.580729166666666,1.1614583333333321,1.1294774298776915
positive detour,551,0.7174479166666666,3.587239583333333,1.174479166666666,1.129477429877709
positive detour,552,0.71875,3.59375,1.1875,1.129477429877709
positive detour,553,0.7200520833333334,3.600260416666666,1.2005208333333321,1.1294774298776915
positive detour,554,0.7213541666666666,3.606770833333333,1.213541666666666,1.129477429877709
positive detour,555,0.72265625,3.61328125,1.2265625,1.129477429877709
positive detour,556,0.7239583333333334,3.619791666666666,1.2395833333333321,1.1294774298776915
positive detour,557,0.7252604166666666,3.626302083333333,1.252604166666666,1.129477429877709
positive detour,558,0.7265625,3.6328125,1.265625,1.129477429877709
positive detour,559,0.7278645833333334,3.639322916666666,1.2786458333333321,1.1294774298776915
positive detour,560,0.7291666666666666,3.645833333333333,1.291666666666666,1.129477429877709
positive detour,561,0.73046875,3.65234375,1.3046875,1.129477429877709
positive detour,562,0.7317708333333334,3.658854166666666,1.3177083333333321,1.1294774298776915
positive detour,563,0.7330729166666666,3.665364583333333,1.330729166666666,1.129477429877709
positive detour,564,0.734375,3.671875,1.34375,1.129477429877709
positive detour,565,0.7356770833333334,3.678385416666666,1.3567708333333321,1.1294774298776915
positive detour,566,0.7369791666666666,3.684895833333333,1.369791666666666,1.129477429877709
positive detour,567,0.73828125,3.69140625,1.3828125,1.129477429877709
positive detour,568,0.7395833333333334,3.697916666666666,1.3958333333333321,1.1294774298776915
positive detour,569,0.7408854166666666,3.704427083333333,1.408854166666666,1.129477429877709
positive detour,570,0.7421875,3.7109375,1.421875,1.129477429877709
positive detour,571,0.7434895833333334,3.717447916666666,1.4348958333333321,1.1294774298776915
positive detour,572,0.7447916666666666,3.723958333333333,1.447916666666666,1.129477429877709
positive detour,573,0.74609375,3.73046875,1.4609375,1.129477429877709
positive detour,574,0.7473958333333334,3.736979166666666,1.4739583333333321,1.1294774298776915
positive detour,575,0.7486979166666666,3.743489583333333,1.486979166666666,1.129477429877709
positive detour,576,0.75,3.75,1.5,1.129477429877709
positive detour,577,0.7513020833333334,3.756510416666666,1.5130208333333321,1.1294774298776915
positive detour,578,0.7526041666666666,3.763020833333333,1.526041666666666,1.129477429877709
positive detour,579,0.75390625,3.76953125,1.5390625,1.129477429877709
positive detour,580,0.7552083333333334,3.776041666666666,1.5520833333333321,1.1294774298776915
positive detour,581,0.7565104166666666,3.782552083333333,1.565104166666666,1.129477429877709
positive detour,582,0.7578125,3.7890625,1.578125,1.129477429877709
positive detour,583,0.7591145833333334,3.795572916666666,1.5911458333333321,1.1294774298776915
positive detour,584,0.7604166666666666,3.802083333333333,1.604166666666666,1.129477429877709
positive detour,585,0.76171875,3.80859375,1.6171875,1.129477429877709
positive detour,586,0.7630208333333334,3.815104166666666,1.6302083333333321,1.1294774298776915
positive detour,587,0.7643229166666666,3.821614583333333,1.643229166666666,1.129477429877709
positive detour,588,0.765625,3.828125,1.65625,1.129477429877709
positive detour,589,0.7669270833333334,3.834635416666666,1.6692708333333321,1.1294774298776915
positive detour,590,0.7682291666666666,3.841145833333333,1.682291666666666,1.129477429877709
positive detour,591,0.76953125,3.84765625,1.6953125,1.129477429877709
positive detour,592,0.7708333333333334,3.854166666666666,1.7083333333333321,1.1294774298776915
positive detour,593,0.7721354166666666,3.860677083333333,1.721354166666666,1.129477429877709
positive detour,594,0.7734375,3.8671875,1.734375,1.129477429877709
positive detour,595,0.7747395833333334,3.873697916666666,1.7473958333333321,1.1294774298776915
positive detour,596,0.7760416666666666,3.880208333333333,1.760416666666666,1.129477429877709
positive detour,597,0.77734375,3.88671875,1.7734375,1.129477429877709
positive detour,598,0.7786458333333334,3.893229166666666,1.7864583333333321,1.1294774298776915
positive detour,599,0.7799479166666666,3.899739583333333,1.799479166666666,1.129477429877709
positive detour,600,0.78125,3.90625,1.8125,1.129477429877709
positive detour,601,0.7825520833333334,3.912760416666666,1.8255208333333321,1.1294774298776915
positive detour,602,0.7838541666666666,3.919270833333333,1.838541666666666,1.129477429877709
positive detour,603,0.78515625,3.92578125,1.8515625,1.129477429877709
positive detour,604,0.7864583333333334,3.932291666666666,1.8645833333333321,1.1294774298776915
positive detour,605,0.7877604166666666,3.938802083333333,1.877604166666666,1.129477429877709
positive detour,606,0.7890625,3.9453125,1.890625,1.129477429877709
positive detour,607,0.7903645833333334,3.951822916666666,1.9036458333333321,1.1294774298776915
positive detour,608,0.7916666666666666,3.958333333333333,1.916666666666666,1.129477429877709
positive detour,609,0.79296875,3.96484375,1.9296875,1.129477429877709
positive detour,610,0.7942708333333334,3.971354166666666,1.9427083333333321,1.1294774298776915
positive detour,611,0.7955729166666666,3.977864583333333,1.955729166666666,1.129477429877709
positive detour,612,0.796875,3.984375,1.96875,1.129477429877709
positive detour,613,0.7981770833333334,3.990885416666666,1.9817708333333321,1.1294774298776915
positive detour,614,0.7994791666666666,3.997395833333333,1.994791666666666,1.129477429877709
positive detour,615,0.80078125,4.00390625,0.0078125,1.129477429877709
positive detour,616,0.8020833333333334,4.010416666666666,0.02083333333333215,1.1294774298776915
positive detour,617,0.8033854166666666,4.016927083333333,0.033854166666666075,1.129477429877709
positive detour,618,0.8046875,4.0234375,0.046875,1.129477429877709
positive detour,619,0.8059895833333334,4.029947916666666,0.05989583333333215,1.1294774298776915
positive detour,620,0.8072916666666666,4.036458333333333,0.07291666666666607,1.129477429877709
positive detour,621,0.80859375,4.04296875,0.0859375,1.129477429877709
positive detour,622,0.8098958333333334,4.049479166666666,0.09895833333333215,1.1294774298776915
positive detour,623,0.8111979166666666,4.055989583333333,0.11197916666666607,1.129477429877709
positive detour,624,0.8125,4.0625,0.125,1.129477429877709
positive detour,625,0.8138020833333334,4.069010416666666,0.13802083333333215,1.1294774298776915
positive detour,626,0.8151041666666666,4.075520833333333,0.15104166666666607,1.129477429877709
positive detour,627,0.81640625,4.08203125,0.1640625,1.129477429877709
positive detour,628,0.8177083333333334,4.088541666666666,0.17708333333333215,1.1294774298776915
positive detour,629,0.8190104166666666,4.095052083333333,0.19010416666666607,1.129477429877709
positive detour,630,0.8203125,4.1015625,0.203125,1.129477429877709
positive detour,631,0.8216145833333334,4.108072916666666,0.21614583333333215,1.1294774298776915
positive detour,632,0.8229166666666666,4.114583333333333,0.22916666666666607,1.129477429877709
positive detour,633,0.82421875,4.12109375,0.2421875,1.129477429877709
positive detour,634,0.8255208333333334,4.127604166666666,0.25520833333333215,1.1294774298776915
positive detour,635,0.8268229166666666,4.134114583333333,0.2682291666666661,1.129477429877709
positive detour,636,0.828125,4.140625,0.28125,1.129477429877709
positive detour,637,0.8294270833333334,4.147135416666666,0.29427083333333215,1.1294774298776915
positive detour,638,0.8307291666666666,4.153645833333333,0.3072916666666661,1.129477429877709
positive detour,639,0.83203125,4.16015625,0.3203125,1.129477429877709
positive detour,640,0.8333333333333334,4.166666666666666,0.33333333333333215,1.1294774298776915
positive detour,641,0.8346354166666666,4.173177083333333,0.3463541666666661,1.129477429877709
positive detour,642,0.8359375,4.1796875,0.359375,1.129477429877709
positive detour,643,0.8372395833333334,4.186197916666666,0.37239583333333215,1.1294774298776915
positive detour,644,0.8385416666666666,4.192708333333333,0.3854166666666661,1.129477429877709
positive detour,645,0.83984375,4.19921875,0.3984375,1.129477429877709
positive detour,646,0.8411458333333334,4.205729166666666,0.41145833333333215,1.1294774298776915
positive detour,647,0.8424479166666666,4.212239583333333,0.4244791666666661,1.129477429877709
positive detour,648,0.84375,4.21875,0.4375,1.129477429877709
positive detour,649,0.8450520833333334,4.225260416666666,0.45052083333333215,1.1294774298776915
positive detour,650,0.8463541666666666,4.231770833333333,0.4635416666666661,1.129477429877709
positive detour,651,0.84765625,4.23828125,0.4765625,1.129477429877709
positive detour,652,0.8489583333333334,4.244791666666666,0.48958333333333215,1.1294774298776915
positive detour,653,0.8502604166666666,4.251302083333333,0.5026041666666661,1.129477429877709
positive detour,654,0.8515625,4.2578125,0.515625,1.129477429877709
positive detour,655,0.8528645833333334,4.264322916666666,0.5286458333333321,1.1294774298776915
positive detour,656,0.8541666666666666,4.270833333333333,0.5416666666666661,1.129477429877709
positive detour,657,0.85546875,4.27734375,0.5546875,1.129477429877709
positive detour,658,0.8567708333333334,4.283854166666666,0.5677083333333321,1.1294774298776915
positive detour,659,0.8580729166666666,4.290364583333333,0.5807291666666661,1.129477429877709
positive detour,660,0.859375,4.296875,0.59375,1.129477429877709
positive detour,661,0.8606770833333334,4.303385416666666,0.6067708333333321,1.1294774298776915
positive detour,662,0.8619791666666666,4.309895833333333,0.6197916666666661,1.129477429877709
positive detour,663,0.86328125,4.31640625,0.6328125,1.129477429877709
positive detour,664,0.8645833333333334,4.322916666666666,0.6458333333333321,1.1294774298776915
positive detour,665,0.8658854166666666,4.329427083333333,0.6588541666666661,1.129477429877709
positive detour,666,0.8671875,4.3359375,0.671875,1.129477429877709
positive detour,667,0.8684895833333334,4.342447916666666,0.6848958333333321,1.1294774298776915
positive detour,668,0.8697916666666666,4.348958333333333,0.6979166666666661,1.129477429877709
positive detour,669,0.87109375,4.35546875,0.7109375,1.129477429877709
positive detour,670,0.8723958333333334,4.361979166666666,0.7239583333333321,1.1294774298776915
positive detour,671,0.8736979166666666,4.368489583333333,0.7369791666666661,1.129477429877709
positive detour,672,0.875,4.375,0.75,1.129477429877709
positive detour,673,0.8763020833333334,4.381510416666666,0.7630208333333321,1.1294774298776915
positive detour,674,0.8776041666666666,4.388020833333333,0.7760416666666661,1.129477429877709
positive detour,675,0.87890625,4.39453125,0.7890625,1.129477429877709
positive detour,676,0.8802083333333334,4.401041666666666,0.8020833333333321,1.1294774298776915
positive detour,677,0.8815104166666666,4.407552083333333,0.8151041666666661,1.129477429877709
positive detour,678,0.8828125,4.4140625,0.828125,1.129477429877709
positive detour,679,0.8841145833333334,4.420572916666666,0.8411458333333321,1.1294774298776915
positive detour,680,0.8854166666666666,4.427083333333333,0.8541666666666661,1.129477429877709
positive detour,681,0.88671875,4.43359375,0.8671875,1.129477429877709
positive detour,682,0.8880208333333334,4.440104166666666,0.8802083333333321,1.1294774298776915
positive detour,683,0.8893229166666666,4.446614583333333,0.8932291666666661,1.129477429877709
positive detour,684,0.890625,4.453125,0.90625,1.129477429877709
positive detour,685,0.8919270833333334,4.459635416666666,0.9192708333333321,1.1294774298776915
positive detour,686,0.8932291666666666,4.466145833333333,0.9322916666666661,1.129477429877709
positive detour,687,0.89453125,4.47265625,0.9453125,1.129477429877709
positive detour,688,0.8958333333333334,4.479166666666666,0.9583333333333321,1.1294774298776915
positive detour,689,0.8971354166666666,4.485677083333333,0.9713541666666661,1.129477429877709
positive detour,690,0.8984375,4.4921875,0.984375,1.129477429877709
positive detour,691,0.8997395833333334,4.498697916666666,0.9973958333333321,1.1294774298776915
positive detour,692,0.9010416666666666,4.505208333333333,1.010416666666666,1.129477429877709
positive detour,693,0.90234375,4.51171875,1.0234375,1.129477429877709
positive detour,694,0.9036458333333334,4.518229166666666,1.0364583333333321,1.1294774298776915
positive detour,695,0.9049479166666666,4.524739583333333,1.049479166666666,1.129477429877709
positive detour,696,0.90625,4.53125,1.0625,1.129477429877709
positive detour,697,0.9075520833333334,4.537760416666666,1.0755208333333321,1.1294774298776915
positive detour,698,0.9088541666666666,4.544270833333333,1.088541666666666,1.129477429877709
positive detour,699,0.91015625,4.55078125,1.1015625,1.129477429877709
positive detour,700,0.9114583333333334,4.557291666666666,1.1145833333333321,1.1294774298776915
positive detour,701,0.9127604166666666,4.563802083333333,1.127604166666666,1.129477429877709
positive detour,702,0.9140625,4.5703125,1.140625,1.129477429877709
positive detour,703,0.9153645833333334,4.576822916666666,1.1536458333333321,1.1294774298776915
positive detour,704,0.9166666666666666,4.583333333333333,1.166666666666666,1.129477429877709
positive detour,705,0.91796875,4.58984375,1.1796875,1.129477429877709
positive detour,706,0.9192708333333334,4.596354166666666,1.1927083333333321,1.1294774298776915
positive detour,707,0.9205729166666666,4.602864583333333,1.205729166666666,1.129477429877709
positive detour,708,0.921875,4.609375,1.21875,1.129477429877709
positive detour,709,0.9231770833333334,4.615885416666666,1.2317708333333321,1.1294774298776915
positive detour,710,0.9244791666666666,4.622395833333333,1.244791666666666,1.129477429877709
positive detour,711,0.92578125,4.62890625,1.2578125,1.129477429877709
positive detour,712,0.9270833333333334,4.635416666666666,1.2708333333333321,1.1294774298776915
positive detour,713,0.9283854166666666,4.641927083333333,1.283854166666666,1.129477429877709
positive detour,714,0.9296875,4.6484375,1.296875,1.129477429877709
positive detour,715,0.9309895833333334,4.654947916666666,1.3098958333333321,1.1294774298776915
positive detour,716,0.9322916666666666,4.661458333333333,1.322916666666666,1.129477429877709
positive detour,717,0.93359375,4.66796875,1.3359375,1.129477429877709
positive detour,718,0.9348958333333334,4.674479166666666,1.3489583333333321,1.1294774298776915
positive detour,719,0.9361979166666666,4.680989583333333,1.361979166666666,1.129477429877709
positive detour,720,0.9375,4.6875,1.375,1.129477429877709
positive detour,721,0.9388020833333334,4.694010416666666,1.3880208333333321,1.1294774298776915
positive detour,722,0.9401041666666666,4.700520833333333,1.401041666666666,1.129477429877709
positive detour,723,0.94140625,4.70703125,1.4140625,1.129477429877709
positive detour,724,0.9427083333333334,4.713541666666666,1.4270833333333321,1.1294774298776915
positive detour,725,0.9440104166666666,4.720052083333333,1.440104166666666,1.129477429877709
positive detour,726,0.9453125,4.7265625,1.453125,1.129477429877709
positive detour,727,0.9466145833333334,4.733072916666666,1.4661458333333321,1.1294774298776915
positive detour,728,0.9479166666666666,4.739583333333333,1.479166666666666,1.129477429877709
positive detour,729,0.94921875,4.74609375,1.4921875,1.129477429877709
positive detour,730,0.9505208333333334,4.752604166666666,1.5052083333333321,1.1294774298776915
positive detour,731,0.9518229166666666,4.759114583333333,1.518229166666666,1.129477429877709
positive detour,732,0.953125,4.765625,1.53125,1.129477429877709
positive detour,733,0.9544270833333334,4.772135416666666,1.5442708333333321,1.1294774298776915
positive detour,734,0.9557291666666666,4.778645833333333,1.557291666666666,1.129477429877709
positive detour,735,0.95703125,4.78515625,1.5703125,1.129477429877709
positive detour,736,0.9583333333333334,4.791666666666666,1.5833333333333321,1.1294774298776915
positive detour,737,0.9596354166666666,4.798177083333333,1.596354166666666,1.129477429877709
positive detour,738,0.9609375,4.8046875,1.609375,1.129477429877709
positive detour,739,0.9622395833333334,4.811197916666666,1.6223958333333321,1.1294774298776915
positive detour,740,0.9635416666666666,4.817708333333333,1.635416666666666,1.129477429877709
positive detour,741,0.96484375,4.82421875,1.6484375,1.129477429877709
positive detour,742,0.9661458333333334,4.830729166666666,1.6614583333333321,1.1294774298776915
positive detour,743,0.9674479166666666,4.837239583333333,1.674479166666666,1.129477429877709
positive detour,744,0.96875,4.84375,1.6875,1.129477429877709
positive detour,745,0.9700520833333334,4.850260416666666,1.7005208333333321,1.1294774298776915
positive detour,746,0.9713541666666666,4.856770833333333,1.713541666666666,1.129477429877709
positive detour,747,0.97265625,4.86328125,1.7265625,1.129477429877709
positive detour,748,0.9739583333333334,4.869791666666666,1.7395833333333321,1.1294774298776915
positive detour,749,0.9752604166666666,4.876302083333333,1.752604166666666,1.129477429877709
positive detour,750,0.9765625,4.8828125,1.765625,1.129477429877709
positive detour,751,0.9778645833333334,4.889322916666666,1.7786458333333321,1.1294774298776915
positive detour,752,0.9791666666666666,4.895833333333333,1.791666666666666,1.129477429877709
positive detour,753,0.98046875,4.90234375,1.8046875,1.129477429877709
positive detour,754,0.9817708333333334,4.908854166666666,1.8177083333333321,1.1294774298776915
positive detour,755,0.9830729166666666,4.915364583333333,1.830729166666666,1.129477429877709
positive detour,756,0.984375,4.921875,1.84375,1.129477429877709
positive detour,757,0.9856770833333334,4.928385416666666,1.8567708333333321,1.1294774298776915
positive detour,758,0.9869791666666666,4.934895833333333,1.869791666666666,1.129477429877709
positive detour,759,0.98828125,4.94140625,1.8828125,1.129477429877709
positive detour,760,0.9895833333333334,4.947916666666666,1.8958333333333321,1.1294774298776915
positive detour,761,0.9908854166666666,4.954427083333333,1.908854166666666,1.129477429877709
positive detour,762,0.9921875,4.9609375,1.921875,1.129477429877709
positive detour,763,0.9934895833333334,4.967447916666666,1.9348958333333321,1.1294774298776915
positive detour,764,0.9947916666666666,4.973958333333333,1.947916666666666,1.129477429877709
positive detour,765,0.99609375,4.98046875,1.9609375,1.129477429877709
positive detour,766,0.9973958333333334,4.986979166666666,1.9739583333333321,1.1294774298776915
positive detour,767,0.9986979166666666,4.993489583333333,1.986979166666666,1.129477429877709
positive detour,768,1.0,5.0,0.0,1.129477429877709
negative detour,0,0.0,0.0,0.0,1.0
negative detour,1,0.0013020833333333333,0.006470258039535201,0.012940516079070402,1.1286876400821824
negative detour,2,0.0026041666666666665,0.012860209576243026,0.025720419152486053,1.1271077831757388
negative detour,3,0.00390625,0.01916988686155172,0.03833977372310344,1.1255279159421399
negative detour,4,0.005208333333333333,0.025399343638247716,0.05079868727649543,1.1239484701319833
negative detour,5,0.006510416666666667,0.03154865512608743,0.06309731025217485,1.122369877875011
negative detour,6,0.0078125,0.03761791800165907,0.07523583600331814,1.1207925715439393
negative detour,7,0.009114583333333334,0.04360725037249998,0.08721450074499996,1.1192169836177592
negative detour,8,0.010416666666666666,0.04951679174547645,0.0990335834909529,1.1176435465445942
negative detour,9,0.01171875,0.055346702989434296,0.11069340597886859,1.1160726926041928
negative detour,10,0.013020833333333334,0.06109716629213036,0.12219433258426073,1.1145048537701516
negative detour,11,0.014322916666666666,0.06676838511145655,0.1335367702229131,1.1129404615719536
negative detour,12,0.015625,0.07236058412096913,0.14472116824193826,1.1113799469569
negative detour,13,0.016927083333333332,0.07787400914973822,0.15574801829947643,1.1098237401520346
negative detour,14,0.018229166666666668,0.08330892711653341,0.16661785423306683,1.10827227052614
negative detour,15,0.01953125,0.08866562595836319,0.17733125191672638,1.1067259664518887
negative detour,16,0.020833333333333332,0.09394441455338715,0.1878888291067743,1.105185255168241
negative detour,17,0.022135416666666668,0.09914562263822191,0.19829124527644382,1.1036505626431732
negative detour,18,0.0234375,0.10426960071966265,0.2085392014393253,1.1021223134368126
negative detour,19,0.024739583333333332,0.10931671998084394,0.21863343996168788,1.100600930565073
negative detour,20,0.026041666666666668,0.11428737218186504,0.22857474436373007,1.0990868353638656
negative detour,21,0.02734375,0.11918196955490623,0.23836393910981246,1.097580447353965
negative detour,22,0.028645833333333332,0.12400094469386438,0.24800188938772877,1.0960821841066168
negative detour,23,0.029947916666666668,0.12874475043853698,0.25748950087707395,1.094592461109954
negative detour,24,0.03125,0.13341385975338602,0.26682771950677203,1.09311169163631
negative detour,25,0.032552083333333336,0.13800876560091405,0.2760175312018281,1.0916402866104942
negative detour,26,0.033854166666666664,0.14252998080968607,0.28505996161937214,1.0901786544791026
negative detour,27,0.03515625,0.146978037937033,0.293956075874066,1.0887272010809446
negative detour,28,0.036458333333333336,0.15135348912647315,0.3027069782529463,1.0872863295186392
negative detour,29,0.037760416666666664,0.15565690595989015,0.3113138119197803,1.0858564400314674
negative detour,30,0.0390625,0.15988887930450651,0.31977775860901303,1.0844379298695153
negative detour,31,0.040364583333333336,0.1640500191546943,0.3281000383093886,1.0830311931692107
negative detour,32,0.041666666666666664,0.16814095446866492,0.33628190893732984,1.0816366208302761
negative detour,33,0.04296875,0.1721623330000816,0.3443246660001632,1.0802546003941724
negative detour,34,0.044270833333333336,0.17611482112464033,0.35222964224928066,1.0788855159240982
negative detour,35,0.045572916666666664,0.17999910366166472,0.35999820732332943,1.07752974788657
negative detour,36,0.046875,0.18381588369076357,0.36763176738152714,1.0761876730346684
negative detour,37,0.048177083333333336,0.1875658823635992,0.3751317647271984,1.0748596642929593
negative detour,38,0.049479166666666664,0.19124983871081788,0.38249967742163576,1.073546090644177
negative detour,39,0.05078125,0.19486850944419346,0.3897370188883869,1.0722473170176723
negative detour,40,0.052083333333333336,0.19842266875403722,0.39684533750807444,1.0709637041796929
negative detour,41,0.053385416666666664,0.20191310810192845,0.4038262162038569,1.0696956086255207
negative detour,42,0.0546875,0.2053406360088211,0.4106812720176422,1.0684433824735062
negative detour,43,0.055989583333333336,0.2087060778385831,0.4174121556771662,1.0672073733610234
negative detour,44,0.057291666666666664,0.21201027557702656,0.4240205511540531,1.0659879243423869
negative detour,45,0.05859375,0.21525408760648776,0.4305081752129755,1.0647853737887458
negative detour,46,0.059895833333333336,0.21843838847601738,0.43687677695203475,1.0636000552899836
negative detour,47,0.061197916666666664,0.2215640686672427,0.4431281373344854,1.062432297558652
negative detour,48,0.0625,0.2246320343559643,0.4492640687119286,1.0612824243359449
negative detour,49,0.06380208333333333,0.22764320716955014,0.4552864143391003,1.0601507542997217
negative detour,50,0.06510416666666667,0.23059852394019473,0.46119704788038945,1.0590376009746514
negative detour,51,0.06640625,0.23349893645410555,0.4669978729082111,1.057943272644378
negative detour,52,0.06770833333333333,0.23634541119668734,0.4726908223933747,1.0568680722658441
negative detour,53,0.06901041666666667,0.23913892909379053,0.47827785818758106,1.055812297385683
negative detour,54,0.0703125,0.2418804852490936,0.4837609704981872,1.0547762400587262
negative detour,55,0.07161458333333333,0.24457108867768987,0.48914217735537974,1.0537601867686281
negative detour,56,0.07291666666666667,0.24721176203594955,0.4944235240718991,1.0527644183505922
negative detour,57,0.07421875,0.24980354134773006,0.4996070826954601,1.0517892099162138
negative detour,58,0.07552083333333333,0.25234747572700733,0.5046949514540147,1.050834830780426
negative detour,59,0.07682291666666667,0.2548446270970028,0.5096892541940056,1.0499015443905464
negative detour,60,0.078125,0.25729606990588066,0.5145921398117613,1.0489896082574122
negative detour,61,0.07942708333333333,0.2597028908390922,0.5194057816781844,1.0480992738886037
negative detour,62,0.08072916666666667,0.2620661885284437,0.5241323770568874,1.0472307867237445
negative detour,63,0.08203125,0.2643870732579665,0.528774146515933,1.046384386071865
negative detour,64,0.08333333333333333,0.26666666666666666,0.5333333333333333,1.0455603050507978
negative detour,65,0.08463541666666667,0.2689061014482354,0.5378122028964708,1.0447587705286363
negative detour,66,0.0859375,0.2711065210477993,0.5422130420955986,1.0439800030671842
negative detour,67,0.08723958333333333,0.27326907935579287,0.5465381587115857,1.0432242168674377
negative detour,68,0.08854166666666667,0.2753949403990337,0.5507898807980675,1.0424916197170209
negative detour,69,0.08984375,0.2774852780290847,0.5549705560581694,1.041782412939612
negative detour,70,0.09114583333333333,0.27954127560798503,0.5590825512159701,1.0410967913463076
negative detour,71,0.09244791666666667,0.2815641256914367,0.5631282513828734,1.0404349431889353
negative detour,72,0.09375,0.28355502970952695,0.5671100594190539,1.0397970501152192
negative detour,73,0.09505208333333333,0.28551519764507777,0.5710303952901555,1.039183287125922
negative detour,74,0.09635416666666667,0.28744584770970333,0.5748916954194067,1.0385938225337668
negative detour,75,0.09765625,0.28934820601766603,0.5786964120353321,1.0380288179242743
negative detour,76,0.09895833333333333,0.2912235062576151,0.5824470125152302,1.037488428118364
negative detour,77,0.10026041666666667,0.29307298936229936,0.5861459787245987,1.0369728011368324
negative detour,78,0.1015625,0.29489790317633874,0.5897958063526775,1.0364820781665425
negative detour,79,0.10286458333333333,0.2966995021221464,0.5933990042442928,1.036016393528427
negative detour,80,0.10416666666666667,0.2984790468640896,0.5969580937281792,1.0355758746472188
negative detour,81,0.10546875,0.30023780397097916,0.6004756079419583,1.035160642022898
negative detour,82,0.10677083333333333,0.30197704557697863,0.6039540911539573,1.0347708092038594
negative detour,83,0.10807291666666667,0.3036980490410229,0.6073960980820458,1.034406482761743
negative detour,84,0.109375,0.3054020966048385,0.610804193209677,1.0340677622679604
negative detour,85,0.11067708333333333,0.3070904750496565,0.614180950099313,1.033754740271841
negative detour,86,0.11197916666666667,0.30876447535171,0.61752895070342,1.0334675022804447
negative detour,87,0.11328125,0.31042539233660854,0.6208507846732171,1.033206126739954
negative detour,88,0.11458333333333333,0.3120745243326822,0.6241490486653644,1.032970685018706
negative detour,89,0.11588541666666667,0.3137131728233873,0.6274263456467746,1.0327612413917873
negative detour,90,0.1171875,0.3153426420988682,0.6306852841977364,1.0325778530272225
negative detour,91,0.11848958333333333,0.31696423890676717,0.6339284778135343,1.0324205699737177
negative detour,92,0.11979166666666667,0.31857927210237635,0.6371585442047527,1.0322894351499614
negative detour,93,0.12109375,0.3201890522982255,0.640378104596451,1.0321844843354704
negative detour,94,0.12239583333333333,0.32179489151319957,0.6435897830263991,1.0321057461629863
negative detour,95,0.12369791666666667,0.32339810282127934,0.6467962056425587,1.0320532421123736
negative detour,96,0.125,0.32499999999999996,0.6499999999999999,1.032026986506079
negative detour,97,0.12630208333333334,0.32660189717872057,0.6532037943574411,1.032026986506079
negative detour,98,0.12760416666666666,0.3282051084868005,0.656410216973601,1.032053242112377
negative detour,99,0.12890625,0.32981094770177466,0.6596218954035493,1.0321057461629874
negative detour,100,0.13020833333333334,0.33142072789762367,0.6628414557952473,1.0321844843354682
negative detour,101,0.13151041666666666,0.33303576109323285,0.6660715221864657,1.0322894351499614
negative detour,102,0.1328125,0.3346573579011318,0.6693147158022636,1.0324205699737177
negative detour,103,0.13411458333333334,0.3362868271766128,0.6725736543532256,1.0325778530272236
negative detour,104,0.13541666666666666,0.337925475667318,0.675850951334636,1.0327612413917895
negative detour,105,0.13671875,0.3395746076633915,0.679149215326783,1.0329706850187026
negative detour,106,0.13802083333333334,0.34123552464829,0.68247104929658,1.0332061267399528
negative detour,107,0.13932291666666666,0.34290952495034344,0.6858190499006869,1.0334675022804436
negative detour,108,0.140625,0.3445979033951616,0.6891958067903232,1.0337547402718454
negative detour,109,0.14192708333333334,0.3463019509589771,0.6926039019179542,1.034067762267957
negative detour,110,0.14322916666666666,0.34802295442302134,0.6960459088460427,1.034406482761743
negative detour,111,0.14453125,0.34976219602902087,0.6995243920580417,1.0347708092038606
negative detour,112,0.14583333333333334,0.3515209531359104,0.7030419062718208,1.035160642022898
negative detour,113,0.14713541666666666,0.3533004978778537,0.7066009957557075,1.035575874647221
negative detour,114,0.1484375,0.35510209682366134,0.7102041936473227,1.036016393528426
negative detour,115,0.14973958333333334,0.35692701063770066,0.7138540212754013,1.0364820781665414
negative detour,116,0.15104166666666666,0.3587764937423849,0.7175529874847698,1.0369728011368324
negative detour,117,0.15234375,0.360651793982334,0.721303587964668,1.037488428118364
negative detour,118,0.15364583333333334,0.36255415229029664,0.7251083045805933,1.0380288179242732
negative detour,119,0.15494791666666666,0.3644848023549223,0.7289696047098446,1.038593822533769
negative detour,120,0.15625,0.36644497029047307,0.7328899405809461,1.0391832871259208
negative detour,121,0.15755208333333334,0.3684358743085633,0.7368717486171266,1.039797050115218
negative detour,122,0.15885416666666666,0.3704587243920149,0.7409174487840298,1.0404349431889341
negative detour,123,0.16015625,0.37251472197091545,0.7450294439418309,1.041096791346312
negative detour,124,0.16145833333333334,0.3746050596009662,0.7492101192019324,1.0417824129396076
negative detour,125,0.16276041666666666,0.37673092064420716,0.7534618412884143,1.042491619717023
negative detour,126,0.1640625,0.3788934789522006,0.7577869579044012,1.0432242168674357
negative detour,127,0.16536458333333334,0.3810938985517647,0.7621877971035294,1.0439800030671875
negative detour,128,0.16666666666666666,0.38333333333333336,0.7666666666666667,1.0447587705286352
negative detour,129,0.16796875,0.38561292674203357,0.7712258534840671,1.0455603050507989
negative detour,130,0.16927083333333334,0.3879338114715563,0.7758676229431126,1.0463843860718638
negative detour,131,0.17057291666666666,0.3902971091609078,0.7805942183218156,1.0472307867237445
negative detour,132,0.171875,0.3927039300941194,0.7854078601882388,1.0480992738886048
negative detour,133,0.17317708333333334,0.3951553729029972,0.7903107458059944,1.04898960825741
negative detour,134,0.17447916666666666,0.39765252427299275,0.7953050485459855,1.0499015443905486
negative detour,135,0.17578125,0.40019645865227,0.80039291730454,1.0508348307804254
negative detour,136,0.17708333333333334,0.40278823796405044,0.8055764759281009,1.0517892099162127
negative detour,137,0.17838541666666666,0.40542891132231007,0.8108578226446201,1.052764418350591
negative detour,138,0.1796875,0.4081195147509064,0.8162390295018128,1.0537601867686297
negative detour,139,0.18098958333333334,0.4108610709062093,0.8217221418124186,1.0547762400587228
negative detour,140,0.18229166666666666,0.4136545888033127,0.8273091776066254,1.055812297385686
negative detour,141,0.18359375,0.41650106354589445,0.8330021270917889,1.0568680722658437
negative detour,142,0.18489583333333334,0.41940147605980527,0.8388029521196105,1.057943272644378
negative detour,143,0.18619791666666666,0.4223567928304498,0.8447135856608996,1.0590376009746503
negative detour,144,0.1875,0.4253679656440358,0.8507359312880716,1.0601507542997246
negative detour,145,0.18880208333333334,0.4284359313327573,0.8568718626655146,1.0612824243359438
negative detour,146,0.19010416666666666,0.43156161152398265,0.8631232230479653,1.062432297558652
negative detour,147,0.19140625,0.43474591239351235,0.8694918247870247,1.0636000552899851
negative detour,148,0.19270833333333334,0.43798972442297346,0.8759794488459469,1.064785373788744
negative detour,149,0.19401041666666666,0.44129392216141683,0.8825878443228337,1.0659879243423853
negative detour,150,0.1953125,0.4446593639911789,0.8893187279823578,1.0672073733610246
negative detour,151,0.19661458333333334,0.44808689189807155,0.8961737837961431,1.0684433824735062
negative detour,152,0.19791666666666666,0.45157733124596283,0.9031546624919257,1.0696956086255218
negative detour,153,0.19921875,0.45513149055580654,0.9102629811116131,1.0709637041796918
negative detour,154,0.20052083333333334,0.4587501612891821,0.9175003225783642,1.0722473170176723
negative detour,155,0.20182291666666666,0.4624341176364008,0.9248682352728016,1.073546090644177
negative detour,156,0.203125,0.4661841163092364,0.9323682326184728,1.0748596642929589
negative detour,157,0.20442708333333334,0.4700008963383352,0.9400017926766704,1.0761876730346673
negative detour,158,0.20572916666666666,0.47388517887535975,0.9477703577507195,1.0775297478865733
negative detour,159,0.20703125,0.4778376669999185,0.955675333999837,1.0788855159240982
negative detour,160,0.20833333333333334,0.4818590455313351,0.9637180910626701,1.0802546003941706
negative detour,161,0.20963541666666666,0.4859499808453057,0.9718999616906114,1.0816366208302768
negative detour,162,0.2109375,0.49011112069549356,0.9802222413909871,1.0830311931692118
negative detour,163,0.21223958333333334,0.4943430940401099,0.9886861880802198,1.0844379298695148
negative detour,164,0.21354166666666666,0.49864651087352685,0.9972930217470537,1.0858564400314663
negative detour,165,0.21484375,0.503021962062967,1.006043924125934,1.0872863295186397
negative detour,166,0.21614583333333334,0.5074700191903139,1.0149400383806277,1.088727201080943
negative detour,167,0.21744791666666666,0.5119912343990859,1.0239824687981718,1.0901786544791026
negative detour,168,0.21875,0.5165861402466141,1.0331722804932282,1.0916402866104975
negative detour,169,0.22005208333333334,0.5212552495614631,1.0425104991229261,1.0931116916363088
negative detour,170,0.22135416666666666,0.5259990553061357,1.0519981106122713,1.094592461109954
negative detour,171,0.22265625,0.5308180304450938,1.0616360608901876,1.0960821841066164
negative detour,172,0.22395833333333334,0.5357126278181349,1.0714252556362698,1.097580447353963
negative detour,173,0.22526041666666666,0.5406832800191561,1.0813665600383122,1.099086835363868
negative detour,174,0.2265625,0.5457303992803373,1.0914607985606746,1.100600930565071
negative detour,175,0.22786458333333334,0.5508543773617781,1.1017087547235562,1.102122313436814
negative detour,176,0.22916666666666666,0.5560555854466129,1.1121111708932259,1.1036505626431743
negative detour,177,0.23046875,0.5613343740416368,1.1226687480832735,1.1051852551682388
negative detour,178,0.23177083333333334,0.5666910728834664,1.1333821457669329,1.1067259664518863
negative detour,179,0.23307291666666666,0.5721259908502618,1.1442519817005237,1.108272270526144
negative detour,180,0.234375,0.5776394158790309,1.1552788317580618,1.109823740152034
negative detour,181,0.23567708333333334,0.5832316148885435,1.166463229777087,1.1113799469569
negative detour,182,0.23697916666666666,0.5889028337078696,1.177805667415739,1.1129404615719516
negative detour,183,0.23828125,0.5946532970105658,1.1893065940211316,1.1145048537701552
negative detour,184,0.23958333333333334,0.6004832082545235,1.200966416509047,1.1160726926041902
negative detour,185,0.24088541666666666,0.6063927496275,1.212785499255,1.1176435465445949
negative detour,186,0.2421875,0.612382081998341,1.224764163996682,1.1192169836177606
negative detour,187,0.24348958333333334,0.6184513448739125,1.236902689747825,1.1207925715439369
negative detour,188,0.24479166666666666,0.6246006563617522,1.2492013127235044,1.1223698778750109
negative detour,189,0.24609375,0.6308301131384484,1.2616602262768968,1.1239484701319868
negative detour,190,0.24739583333333334,0.6371397904237569,1.2742795808475138,1.1255279159421363
negative detour,191,0.24869791666666666,0.6435297419604648,1.2870594839209295,1.1271077831757392
negative detour,192,0.25,0.65,1.3,1.1286876400821837
negative detour,193,0.2513020833333333,0.6565505752937981,1.3131011505875962,1.1302670554255667
negative detour,194,0.2526041666666667,0.6631814570904235,1.326362914180847,1.1318455986195368
negative detour,195,0.25390625,0.6698926131384484,1.3397852262768968,1.133422839861362
negative detour,196,0.2552083333333333,0.6766839896950855,1.353367979390171,1.1349983502650995
negative detour,197,0.2565104166666667,0.683555511540579,1.367111023081158,1.1365717019939348
negative detour,198,0.2578125,0.690507081998341,1.381014163996682,1.1381424683913215
negative detour,199,0.2591145833333333,0.6975385829608333,1.3950771659216665,1.1397102241111403
negative detour,200,0.2604166666666667,0.7046498749211902,1.4092997498423805,1.141274545246695
negative detour,201,0.26171875,0.7118407970105658,1.4236815940211316,1.1428350094583128
negative detour,202,0.2630208333333333,0.7191111670412029,1.4382223340824059,1.144391196099776
negative detour,203,0.2643229166666667,0.72646078155521,1.45292156311042,1.1459426863432625
negative detour,204,0.265625,0.7338894158790308,1.4677788317580616,1.1474890633028296
negative detour,205,0.2669270833333333,0.741396824183595,1.48279364836719,1.1490299121563794
negative detour,206,0.2682291666666667,0.748982739550133,1.497965479100266,1.1505648202660286
negative detour,207,0.26953125,0.7566468740416368,1.5132937480832735,1.1520933772968096
negative detour,208,0.2708333333333333,0.764388918779946,1.528777837559892,1.153615175333599
negative detour,209,0.2721354166666667,0.7722085440284445,1.544417088056889,1.1551298089964148
negative detour,210,0.2734375,0.7801053992803373,1.5602107985606746,1.1566368755536887
negative detour,211,0.2747395833333333,0.7880791133524894,1.5761582267049787,1.1581359750337963
negative detour,212,0.2760416666666667,0.7961292944848014,1.5922585889696028,1.1596267103346183
negative detour,213,0.27734375,0.8042555304450938,1.6085110608901876,1.161108687331118
negative detour,214,0.2786458333333333,0.8124573886394687,1.6249147772789374,1.1625815149808378
negative detour,215,0.2799479166666667,0.8207344162281295,1.641468832456259,1.1640448054275134
negative detour,216,0.28125,0.8290861402466141,1.6581722804932282,1.1654981741023531
negative detour,217,0.2825520833333333,0.837512067732419,1.675024135464838,1.166941239823359
negative detour,218,0.2838541666666667,0.8460116858569804,1.6920233717139608,1.1683736248924959
negative detour,219,0.28515625,0.854584462062967,1.709168924125934,1.169794955190491
negative detour,220,0.2864583333333333,0.86322984420686,1.72645968841372,1.1712048602696234
negative detour,221,0.2877604166666667,0.8719472607067763,1.7438945214135526,1.1726029734442114
negative detour,222,0.2890625,0.8807361206954936,1.7614722413909871,1.1739889318787782
negative detour,223,0.2903645833333333,0.8895958141786389,1.7791916283572777,1.175362376674026
negative detour,224,0.2916666666666667,0.8985257121980015,1.797051424396003,1.176722952950575
negative detour,225,0.29296875,0.9075251669999185,1.815050333999837,1.178070309930276
negative detour,226,0.2942708333333333,0.916593512208693,1.833187024417386,1.1794041010153251
negative detour,227,0.2955729166666667,0.9257300630050016,1.8514601260100032,1.180723983865135
negative detour,228,0.296875,0.9349341163092364,1.8698682326184728,1.1820296204707947
negative detour,229,0.2981770833333333,0.9442049509697339,1.8884099019394678,1.1833206772272478
negative detour,230,0.2994791666666667,0.9535418279558484,1.9070836559116968,1.1845968250033565
negative detour,231,0.30078125,0.9629439905558066,1.9258879811116132,1.1858577392094596
negative detour,232,0.3020833333333333,0.972410664579296,1.944821329158592,1.1871030998627832
negative detour,233,0.3033854166666667,0.981941058564738,1.963882117129476,1.1883325916506904
negative detour,234,0.3046875,0.9915343639911789,1.9830687279823578,1.189545903991507
negative detour,235,0.3059895833333333,1.0011897554947502,0.0023795109895003996,1.19074273109327
negative detour,236,0.3072916666666667,1.0109063910896399,0.021812782179279733,1.191922772010297
negative detour,237,0.30859375,1.0206834123935125,0.041366824787024914,1.193085730697542
negative detour,238,0.3098958333333333,1.030519944857316,0.06103988971463181,1.1942313160627702
negative detour,239,0.3111979166666667,1.0404150979994236,0.08083019599884711,1.1953592420168364
negative detour,240,0.3125,1.050367965644036,0.10073593128807179,1.1964692275216373
negative detour,241,0.3138020833333333,1.060377626163783,0.1207552523275659,1.1975609966361247
negative detour,242,0.3151041666666667,1.0704431427264718,0.14088628545294357,1.1986342785604955
negative detour,243,0.31640625,1.0805635635458946,0.1611271270917891,1.1996888076780663
negative detour,244,0.3177083333333333,1.090737922136646,0.181475844273292,1.2007243235955305
negative detour,245,0.3190104166666667,1.1009652375728756,0.20193047514575113,1.2017405711812115
negative detour,246,0.3203125,1.1112445147509062,0.22248902950181249,1.202737300601498
negative detour,247,0.3216145833333333,1.1215747446556434,0.24314948931128688,1.2037142673553682
negative detour,248,0.3229166666666667,1.131954904630717,0.2639098092614338,1.2046712323074364
negative detour,249,0.32421875,1.1423839586522702,0.2847679173045403,1.2056079617190447
negative detour,250,0.3255208333333333,1.152860857606326,0.3057217152126519,1.2065242272777366
negative detour,251,0.3268229166666667,1.1633845395696636,0.3267690791393272,1.2074198061253163
negative detour,252,0.328125,1.1739539300941193,0.3479078601882386,1.2082944808840907
negative detour,253,0.3294270833333333,1.184567942494241,0.36913588498848204,1.20914803968175
negative detour,254,0.3307291666666667,1.1952254781382226,0.3904509562764451,1.2099802761748275
negative detour,255,0.33203125,1.2059254267420336,0.41185085348406725,1.2107909895706497
negative detour,256,0.3333333333333333,1.2166666666666663,0.4333333333333327,1.2115799846479183
negative detour,257,0.3346354166666667,1.227448065218431,0.45489613043686195,1.2123470717762281
negative detour,258,0.3359375,1.2382684789522005,0.476536957904401,1.2130920669339507
negative detour,259,0.3372395833333333,1.2491267539775404,0.4982535079550807,1.2138147917252555
negative detour,260,0.3385416666666667,1.2600217262676325,0.5200434525352651,1.2145150733958114
negative detour,261,0.33984375,1.2709522219709153,0.5419044439418306,1.215192744847473
negative detour,262,0.3411458333333333,1.281917057725348,0.5638341154506961,1.2158476446517816
negative detour,263,0.3424479166666667,1.2929150409752297,0.5858300819504594,1.2164796170627106
negative detour,264,0.34375,1.3039449702904728,0.6078899405809457,1.21708851202822
negative detour,265,0.3450520833333333,1.3150056356882556,0.6300112713765111,1.217674185201052
negative detour,266,0.3463541666666667,1.326095818956963,0.6521916379139259,1.2182364979486446
negative detour,267,0.34765625,1.337214293982334,0.6744285879646679,1.2187753173622853
negative detour,268,0.3489583333333333,1.348359827075718,0.696719654151436,1.219290516265349
negative detour,269,0.3502604166666667,1.359531177304367,0.719062354608734,1.219781973221088
negative detour,270,0.3515625,1.3707270968236611,0.7414541936473222,1.220249572539497
negative detour,271,0.3528645833333333,1.3819463312111868,0.7638926624223736,1.220693204283699
negative detour,272,0.3541666666666667,1.3931876198025765,0.7863752396051531,1.2211127642757154
negative detour,273,0.35546875,1.404449696029021,0.8088993920580418,1.2215081541017128
negative detour,274,0.3567708333333333,1.4157312877563544,0.8314625755127087,1.221879281116575
negative detour,275,0.3580729166666667,1.4270311176256434,0.8540622352512868,1.222226058448379
negative detour,276,0.359375,1.4383479033951612,0.8766958067903223,1.2225484050019604
negative detour,277,0.3606770833333333,1.4496803582836764,0.8993607165673527,1.2228462454624371
negative detour,278,0.3619791666666667,1.4610271913149564,0.9220543826299128,1.2231195102982184
negative detour,279,0.36328125,1.4723871076633914,0.9447742153267829,1.2233681357636303
negative detour,280,0.3645833333333333,1.4837588090006513,0.9675176180013025,1.2235920639013187
negative detour,281,0.3658854166666667,1.4951409938432791,0.9902819876865583,1.2237912425442918
negative detour,282,0.3671875,1.5065323579011318,1.0130647158022636,1.223965625317744
negative detour,283,0.3684895833333333,1.517931594426566,1.0358631888531322,1.224115171640496
negative detour,284,0.3697916666666667,1.52933739456429,1.0586747891285802,1.2242398467264333
negative detour,285,0.37109375,1.5407484477017745,1.081496895403549,1.2243396215855167
negative detour,286,0.3723958333333333,1.5521634418201335,1.104326883640267,1.2244144730246416
negative detour,287,0.3736979166666667,1.563581063845387,1.1271621276907742,1.2244643836484437
negative detour,288,0.375,1.575,1.15,1.2244893418596896
negative detour,289,0.3763020833333333,1.5864189361546124,1.1728378723092248,1.2244893418596812
negative detour,290,0.3776041666666667,1.597836558179866,1.1956731163597318,1.2244643836484437
negative detour,291,0.37890625,1.6092515522982254,1.2185031045964507,1.22441447302465
negative detour,292,0.3802083333333333,1.6206626054357094,1.2413252108714188,1.2243396215855082
negative detour,293,0.3815104166666667,1.6320684055734334,1.2641368111468667,1.2242398467264333
negative detour,294,0.3828125,1.643467642098868,1.2869352841977362,1.2241151716405045
negative detour,295,0.3841145833333333,1.6548590061567205,1.309718012313441,1.2239656253177398
negative detour,296,0.3854166666666667,1.6662411909993486,1.3324823819986973,1.223791242544296
negative detour,297,0.38671875,1.6776128923366085,1.355225784673217,1.2235920639013187
negative detour,298,0.3880208333333333,1.688972808685043,1.3779456173700861,1.223368135763622
negative detour,299,0.3893229166666667,1.7003196417163227,1.4006392834326453,1.22311951029821
negative detour,300,0.390625,1.7116520966048385,1.423304193209677,1.22284624546245
negative detour,301,0.3919270833333333,1.722968882374356,1.4459377647487122,1.2225484050019562
negative detour,302,0.3932291666666667,1.734268712243645,1.4685374244872902,1.222226058448379
negative detour,303,0.39453125,1.7455503039709792,1.4911006079419584,1.2218792811165877
negative detour,304,0.3958333333333333,1.7568123801974225,1.513624760394845,1.2215081541016917
negative detour,305,0.3971354166666667,1.7680536687888126,1.5361073375776253,1.2211127642757238
negative detour,306,0.3984375,1.7792729031763386,1.5585458063526771,1.2206932042837033
negative detour,307,0.3997395833333333,1.7904688226956325,1.580937645391265,1.2202495725394928
negative detour,308,0.4010416666666667,1.8016401729242815,1.603280345848563,1.219781973221088
negative detour,309,0.40234375,1.8127857060176658,1.6255714120353315,1.2192905162653531
negative detour,310,0.4036458333333333,1.8239041810430365,1.647808362086073,1.218775317362281
negative detour,311,0.4049479166666667,1.8349943643117441,1.6699887286234882,1.2182364979486489
negative detour,312,0.40625,1.8460550297095268,1.6921100594190537,1.217674185201052
negative detour,313,0.4075520833333333,1.8570849590247698,1.7141699180495396,1.2170885120282158
negative detour,314,0.4088541666666667,1.8680829422746514,1.7361658845493029,1.2164796170627106
negative detour,315,0.41015625,1.8790477780290846,1.7580955560581693,1.21584764465179
negative detour,316,0.4114583333333333,1.889978273732367,1.7799565474647339,1.2151927448474646
negative detour,317,0.4127604166666667,1.900873246022459,1.8017464920449182,1.2145150733958114
negative detour,318,0.4140625,1.9117315210477992,1.8234630420955984,1.2138147917252597
negative detour,319,0.4153645833333333,1.9225519347815685,1.845103869563137,1.2130920669339464
negative detour,320,0.4166666666666667,1.9333333333333331,1.8666666666666663,1.2123470717762281
negative detour,321,0.41796875,1.9440745732579665,1.888149146515933,1.2115799846479312
negative detour,322,0.4192708333333333,1.954774521861777,1.9095490437235538,1.210790989570637
negative detour,323,0.4205729166666667,1.9654320575057584,1.930864115011517,1.2099802761748275
negative detour,324,0.421875,1.9760460699058808,1.9520921398117617,1.2091480396817627
negative detour,325,0.4231770833333333,1.986615460430336,1.9732309208606722,1.2082944808840823
negative detour,326,0.4244791666666667,1.9971391423936737,1.9942782847873475,1.2074198061253163
negative detour,327,0.42578125,2.0076160413477298,0.015232082695459503,1.2065242272777408
negative detour,328,0.4270833333333333,2.0180450953692826,0.03609019073856512,1.205607961719036
negative detour,329,0.4283854166666667,2.0284252553443562,0.0568505106887125,1.2046712323074407
negative detour,330,0.4296875,2.0387554852490934,0.07751097049818689,1.2037142673553682
negative detour,331,0.4309895833333333,2.049034762427124,0.0980695248542478,1.2027373006014939
negative detour,332,0.4322916666666667,2.0592620778633535,0.11852415572670694,1.2017405711812115
negative detour,333,0.43359375,2.0694364364541054,0.1388728729082107,1.2007243235955392
negative detour,334,0.4348958333333333,2.079556857273528,0.1591137145470558,1.1996888076780619
negative detour,335,0.4361979166666667,2.0896223738362165,0.17924474767243304,1.1986342785604913
negative detour,336,0.4375,2.0996320343559645,0.19926406871192892,1.1975609966361418
negative detour,337,0.4388020833333333,2.109584902000576,0.21916980400115182,1.1964692275216202
negative detour,338,0.4401041666666667,2.1194800551426836,0.23896011028536712,1.1953592420168364
negative detour,339,0.44140625,2.1293165876064877,0.25863317521297535,1.194231316062783
negative detour,340,0.4427083333333333,2.1390936089103594,0.27818721782071876,1.1930857306975247
negative detour,341,0.4440104166666667,2.148810244505249,0.2976204890104981,1.191922772010297
negative detour,342,0.4453125,2.158465636008821,0.3169312720176416,1.1907427310932783
negative detour,343,0.4466145833333333,2.1680589414352616,0.33611788287052313,1.189545903991505
negative detour,344,0.4479166666666667,2.177589335420704,0.35517867084140775,1.1883325916506968
negative detour,345,0.44921875,2.1870560094441935,0.3741120188883871,1.1871030998627874
negative detour,346,0.4505208333333333,2.196458172044151,0.39291634408830234,1.185857739209449
negative detour,347,0.4518229166666667,2.2057950490302654,0.4115900980605307,1.18459682500335
negative detour,348,0.453125,2.2150658836907637,0.4301317673815275,1.1833206772272649
negative detour,349,0.4544270833333333,2.2242699369949976,0.4485398739899953,1.1820296204707774
negative detour,350,0.4557291666666667,2.233406487791307,0.4668129755826138,1.180723983865148
negative detour,351,0.45703125,2.2424748330000814,0.48494966600016287,1.1794041010153251
negative detour,352,0.4583333333333333,2.251474287801998,0.5029485756039964,1.1780703099302716
negative detour,353,0.4596354166666667,2.2604041858213604,0.5208083716427208,1.1767229529505663
negative detour,354,0.4609375,2.2692638793045066,0.5385277586090131,1.1753623766740433
negative detour,355,0.4622395833333333,2.2780527392932233,0.5561054785864465,1.1739889318787675
negative detour,356,0.4635416666666667,2.2867701557931395,0.5735403115862789,1.1726029734442092
negative detour,357,0.46484375,2.295415537937033,0.5908310758740658,1.1712048602696319
negative detour,358,0.4661458333333333,2.303988314143019,0.6079766282860382,1.1697949551904823
negative detour,359,0.4674479166666667,2.3124879322675804,0.6249758645351609,1.1683736248924959
negative detour,360,0.46875,2.320913859753386,0.6418277195067716,1.1669412398233676
negative detour,361,0.4700520833333333,2.3292655837718703,0.6585311675437406,1.165498174102351
negative detour,362,0.4713541666666667,2.3375426113605307,0.6750852227210613,1.1640448054275048
negative detour,363,0.47265625,2.3457444695549063,0.6914889391098127,1.1625815149808532
negative detour,364,0.4739583333333333,2.3538707055151984,0.7077414110303968,1.1611086873311116
negative detour,365,0.4752604166666667,2.36192088664751,0.7238417732950202,1.1596267103346118
negative detour,366,0.4765625,2.3698946007196624,0.7397892014393248,1.1581359750338005
negative detour,367,0.4778645833333333,2.377791455971555,0.7555829119431099,1.1566368755536844
negative detour,368,0.4791666666666667,2.3856110812200533,0.7712221624401066,1.1551298089964106
negative detour,369,0.48046875,2.393353125958363,0.7867062519167263,1.153615175333612
negative detour,370,0.4817708333333333,2.4010172604498665,0.802034520899733,1.152093377296801
negative detour,371,0.4830729166666667,2.408603175816405,0.8172063516328096,1.150564820266035
negative detour,372,0.484375,2.416110584120969,0.8322211682419383,1.1490299121563814
negative detour,373,0.4856770833333333,2.4235392184447897,0.8470784368895794,1.1474890633028254
negative detour,374,0.4869791666666667,2.430888832958797,0.861777665917594,1.145942686343267
negative detour,375,0.48828125,2.4381592029894343,0.8763184059788687,1.1443911960997801
negative detour,376,0.4895833333333333,2.4453501250788094,0.8907002501576189,1.1428350094583042
negative detour,377,0.4908854166666667,2.4524614170391663,0.9049228340783326,1.1412745452466928
negative detour,378,0.4921875,2.459492918001659,0.9189858360033183,1.1397102241111512
negative detour,379,0.4934895833333333,2.4664444884594205,0.9328889769188411,1.1381424683913106
negative detour,380,0.4947916666666667,2.4733160103049143,0.9466320206098287,1.1365717019939392
negative detour,381,0.49609375,2.4801073868615515,0.960214773723103,1.1349983502651018
negative detour,382,0.4973958333333333,2.4868185429095764,0.9736370858191528,1.133422839861362
negative detour,383,0.4986979166666667,2.493449424706202,0.9868988494124036,1.1318455986195368
negative detour,384,0.5,2.5,1.0,1.130267055425569
negative detour,385,0.5013020833333334,2.506510416666666,1.0130208333333321,1.1294774298776915
negative detour,386,0.5026041666666666,2.513020833333333,1.026041666666666,1.129477429877709
negative detour,387,0.50390625,2.51953125,1.0390625,1.129477429877709
negative detour,388,0.5052083333333334,2.526041666666666,1.0520833333333321,1.1294774298776915
negative detour,389,0.5065104166666666,2.532552083333333,1.065104166666666,1.129477429877709
negative detour,390,0.5078125,2.5390625,1.078125,1.129477429877709
negative detour,391,0.5091145833333334,2.545572916666666,1.0911458333333321,1.1294774298776915
negative detour,392,0.5104166666666666,2.552083333333333,1.104166666666666,1.129477429877709
negative detour,393,0.51171875,2.55859375,1.1171875,1.129477429877709
negative detour,394,0.5130208333333334,2.565104166666666,1.1302083333333321,1.1294774298776915
negative detour,395,0.5143229166666666,2.571614583333333,1.143229166666666,1.129477429877709
negative detour,396,0.515625,2.578125,1.15625,1.129477429877709
negative detour,397,0.5169270833333334,2.584635416666666,1.1692708333333321,1.1294774298776915
negative detour,398,0.5182291666666666,2.591145833333333,1.182291666666666,1.129477429877709
negative detour,399,0.51953125,2.59765625,1.1953125,1.129477429877709
negative detour,400,0.5208333333333334,2.604166666666666,1.2083333333333321,1.1294774298776915
negative detour,401,0.5221354166666666,2.610677083333333,1.221354166666666,1.129477429877709
negative detour,402,0.5234375,2.6171875,1.234375,1.129477429877709
negative detour,403,0.5247395833333334,2.623697916666666,1.2473958333333321,1.1294774298776915
negative detour,404,0.5260416666666666,2.630208333333333,1.260416666666666,1.129477429877709
negative detour,405,0.52734375,2.63671875,1.2734375,1.129477429877709
negative detour,406,0.5286458333333334,2.643229166666666,1.2864583333333321,1.1294774298776915
negative detour,407,0.5299479166666666,2.649739583333333,1.299479166666666,1.129477429877709
negative detour,408,0.53125,2.65625,1.3125,1.129477429877709
negative detour,409,0.5325520833333334,2.662760416666666,1.3255208333333321,1.1294774298776915
negative detour,410,0.5338541666666666,2.669270833333333,1.338541666666666,1.129477429877709
negative detour,411,0.53515625,2.67578125,1.3515625,1.129477429877709
negative detour,412,0.5364583333333334,2.682291666666666,1.3645833333333321,1.1294774298776915
negative detour,413,0.5377604166666666,2.688802083333333,1.377604166666666,1.129477429877709
negative detour,414,0.5390625,2.6953125,1.390625,1.129477429877709
negative detour,415,0.5403645833333334,2.701822916666666,1.4036458333333321,1.1294774298776915
negative detour,416,0.5416666666666666,2.708333333333333,1.416666666666666,1.129477429877709
negative detour,417,0.54296875,2.71484375,1.4296875,1.129477429877709
negative detour,418,0.5442708333333334,2.721354166666666,1.4427083333333321,1.1294774298776915
negative detour,419,0.5455729166666666,2.727864583333333,1.455729166666666,1.129477429877709
negative detour,420,0.546875,2.734375,1.46875,1.129477429877709
negative detour,421,0.5481770833333334,2.740885416666666,1.4817708333333321,1.1294774298776915
negative detour,422,0.5494791666666666,2.747395833333333,1.494791666666666,1.129477429877709
negative detour,423,0.55078125,2.75390625,1.5078125,1.129477429877709
negative detour,424,0.5520833333333334,2.760416666666666,1.5208333333333321,1.1294774298776915
negative detour,425,0.5533854166666666,2.766927083333333,1.533854166666666,1.129477429877709
negative detour,426,0.5546875,2.7734375,1.546875,1.129477429877709
negative detour,427,0.5559895833333334,2.779947916666666,1.5598958333333321,1.1294774298776915
negative detour,428,0.5572916666666666,2.786458333333333,1.572916666666666,1.129477429877709
negative detour,429,0.55859375,2.79296875,1.5859375,1.129477429877709
negative detour,430,0.5598958333333334,2.799479166666666,1.5989583333333321,1.1294774298776915
negative detour,431,0.5611979166666666,2.805989583333333,1.611979166666666,1.129477429877709
negative detour,432,0.5625,2.8125,1.625,1.129477429877709
negative detour,433,0.5638020833333334,2.819010416666666,1.6380208333333321,1.1294774298776915
negative detour,434,0.5651041666666666,2.825520833333333,1.651041666666666,1.129477429877709
negative detour,435,0.56640625,2.83203125,1.6640625,1.129477429877709
negative detour,436,0.5677083333333334,2.838541666666666,1.6770833333333321,1.1294774298776915
negative detour,437,0.5690104166666666,2.845052083333333,1.690104166666666,1.129477429877709
negative detour,438,0.5703125,2.8515625,1.703125,1.129477429877709
negative detour,439,0.5716145833333334,2.858072916666666,1.7161458333333321,1.1294774298776915
negative detour,440,0.5729166666666666,2.864583333333333,1.729166666666666,1.129477429877709
negative detour,441,0.57421875,2.87109375,1.7421875,1.129477429877709
negative detour,442,0.5755208333333334,2.877604166666666,1.7552083333333321,1.1294774298776915
negative detour,443,0.5768229166666666,2.884114583333333,1.768229166666666,1.129477429877709
negative detour,444,0.578125,2.890625,1.78125,1.129477429877709
negative detour,445,0.5794270833333334,2.897135416666666,1.7942708333333321,1.1294774298776915
negative detour,446,0.5807291666666666,2.903645833333333,1.807291666666666,1.129477429877709
negative detour,447,0.58203125,2.91015625,1.8203125,1.129477429877709
negative detour,448,0.5833333333333334,2.916666666666666,1.8333333333333321,1.1294774298776915
negative detour,449,0.5846354166666666,2.923177083333333,1.846354166666666,1.129477429877709
negative detour,450,0.5859375,2.9296875,1.859375,1.129477429877709
negative detour,451,0.5872395833333334,2.936197916666666,1.8723958333333321,1.1294774298776915
negative detour,452,0.5885416666666666,2.942708333333333,1.885416666666666,1.129477429877709
negative detour,453,0.58984375,2.94921875,1.8984375,1.129477429877709
negative detour,454,0.5911458333333334,2.955729166666666,1.9114583333333321,1.1294774298776915
negative detour,455,0.5924479166666666,2.962239583333333,1.924479166666666,1.129477429877709
negative detour,456,0.59375,2.96875,1.9375,1.129477429877709
negative detour,457,0.5950520833333334,2.975260416666666,1.9505208333333321,1.1294774298776915
negative detour,458,0.5963541666666666,2.981770833333333,1.963541666666666,1.129477429877709
negative detour,459,0.59765625,2.98828125,1.9765625,1.129477429877709
negative detour,460,0.5989583333333334,2.994791666666666,1.9895833333333321,1.1294774298776915
negative detour,461,0.6002604166666666,3.001302083333333,0.0026041666666660745,1.129477429877709
negative detour,462,0.6015625,3.0078125,0.015625,1.129477429877709
negative detour,463,0.6028645833333334,3.014322916666666,0.02864583333333215,1.1294774298776915
negative detour,464,0.6041666666666666,3.020833333333333,0.041666666666666075,1.129477429877709
negative detour,465,0.60546875,3.02734375,0.0546875,1.129477429877709
negative detour,466,0.6067708333333334,3.033854166666666,0.06770833333333215,1.1294774298776915
negative detour,467,0.6080729166666666,3.040364583333333,0.08072916666666607,1.129477429877709
negative detour,468,0.609375,3.046875,0.09375,1.129477429877709
negative detour,469,0.6106770833333334,3.053385416666666,0.10677083333333215,1.1294774298776915
negative detour,470,0.6119791666666666,3.059895833333333,0.11979166666666607,1.129477429877709
negative detour,471,0.61328125,3.06640625,0.1328125,1.129477429877709
negative detour,472,0.6145833333333334,3.072916666666666,0.14583333333333215,1.1294774298776915
negative detour,473,0.6158854166666666,3.079427083333333,0.15885416666666607,1.129477429877709
negative detour,474,0.6171875,3.0859375,0.171875,1.129477429877709
negative detour,475,0.6184895833333334,3.092447916666666,0.18489583333333215,1.1294774298776915
negative detour,476,0.6197916666666666,3.098958333333333,0.19791666666666607,1.129477429877709
negative detour,477,0.62109375,3.10546875,0.2109375,1.129477429877709
negative detour,478,0.6223958333333334,3.111979166666666,0.22395833333333215,1.1294774298776915
negative detour,479,0.6236979166666666,3.118489583333333,0.23697916666666607,1.129477429877709
negative detour,480,0.625,3.125,0.25,1.129477429877709
negative detour,481,0.6263020833333334,3.131510416666666,0.26302083333333215,1.1294774298776915
negative detour,482,0.6276041666666666,3.138020833333333,0.2760416666666661,1.129477429877709
negative detour,483,0.62890625,3.14453125,0.2890625,1.129477429877709
negative detour,484,0.6302083333333334,3.151041666666666,0.30208333333333215,1.1294774298776915
negative detour,485,0.6315104166666666,3.157552083333333,0.3151041666666661,1.129477429877709
negative detour,486,0.6328125,3.1640625,0.328125,1.129477429877709
negative detour,487,0.6341145833333334,3.170572916666666,0.34114583333333215,1.1294774298776915
negative detour,488,0.6354166666666666,3.177083333333333,0.3541666666666661,1.129477429877709
negative detour,489,0.63671875,3.18359375,0.3671875,1.129477429877709
negative detour,490,0.6380208333333334,3.190104166666666,0.38020833333333215,1.1294774298776915
negative detour,491,0.6393229166666666,3.196614583333333,0.3932291666666661,1.129477429877709
negative detour,492,0.640625,3.203125,0.40625,1.129477429877709
negative detour,493,0.6419270833333334,3.209635416666666,0.41927083333333215,1.1294774298776915
negative detour,494,0.6432291666666666,3.216145833333333,0.4322916666666661,1.129477429877709
negative detour,495,0.64453125,3.22265625,0.4453125,1.129477429877709
negative detour,496,0.6458333333333334,3.229166666666666,0.45833333333333215,1.1294774298776915
negative detour,497,0.6471354166666666,3.235677083333333,0.4713541666666661,1.129477429877709
negative detour,498,0.6484375,3.2421875,0.484375,1.129477429877709
negative detour,499,0.6497395833333334,3.248697916666666,0.49739583333333215,1.1294774298776915
negative detour,500,0.6510416666666666,3.255208333333333,0.5104166666666661,1.129477429877709
negative detour,501,0.65234375,3.26171875,0.5234375,1.129477429877709
negative detour,502,0.6536458333333334,3.268229166666666,0.5364583333333321,1.1294774298776915
negative detour,503,0.6549479166666666,3.274739583333333,0.5494791666666661,1.129477429877709
negative detour,504,0.65625,3.28125,0.5625,1.129477429877709
negative detour,505,0.6575520833333334,3.287760416666666,0.5755208333333321,1.1294774298776915
negative detour,506,0.6588541666666666,3.294270833333333,0.5885416666666661,1.129477429877709
negative detour,507,0.66015625,3.30078125,0.6015625,1.129477429877709
negative detour,508,0.6614583333333334,3.307291666666666,0.6145833333333321,1.1294774298776915
negative detour,509,0.6627604166666666,3.313802083333333,0.6276041666666661,1.129477429877709
negative detour,510,0.6640625,3.3203125,0.640625,1.129477429877709
negative detour,511,0.6653645833333334,3.326822916666666,0.6536458333333321,1.1294774298776915
negative detour,512,0.6666666666666666,3.333333333333333,0.6666666666666661,1.129477429877709
negative detour,513,0.66796875,3.33984375,0.6796875,1.129477429877709
negative detour,514,0.6692708333333334,3.346354166666666,0.6927083333333321,1.1294774298776915
negative detour,515,0.6705729166666666,3.352864583333333,0.7057291666666661,1.129477429877709
negative detour,516,0.671875,3.359375,0.71875,1.129477429877709
negative detour,517,0.6731770833333334,3.365885416666666,0.7317708333333321,1.1294774298776915
negative detour,518,0.6744791666666666,3.372395833333333,0.7447916666666661,1.129477429877709
negative detour,519,0.67578125,3.37890625,0.7578125,1.129477429877709
negative detour,520,0.6770833333333334,3.385416666666666,0.7708333333333321,1.1294774298776915
negative detour,521,0.6783854166666666,3.391927083333333,0.7838541666666661,1.129477429877709
negative detour,522,0.6796875,3.3984375,0.796875,1.129477429877709
negative detour,523,0.6809895833333334,3.404947916666666,0.8098958333333321,1.1294774298776915
negative detour,524,0.6822916666666666,3.411458333333333,0.8229166666666661,1.129477429877709
negative detour,525,0.68359375,3.41796875,0.8359375,1.129477429877709
negative detour,526,0.6848958333333334,3.424479166666666,0.8489583333333321,1.1294774298776915
negative detour,527,0.6861979166666666,3.430989583333333,0.8619791666666661,1.129477429877709
negative detour,528,0.6875,3.4375,0.875,1.129477429877709
negative detour,529,0.6888020833333334,3.444010416666666,0.8880208333333321,1.1294774298776915
negative detour,530,0.6901041666666666,3.450520833333333,0.9010416666666661,1.129477429877709
negative detour,531,0.69140625,3.45703125,0.9140625,1.129477429877709
negative detour,532,0.6927083333333334,3.463541666666666,0.9270833333333321,1.1294774298776915
negative detour,533,0.6940104166666666,3.470052083333333,0.9401041666666661,1.129477429877709
negative detour,534,0.6953125,3.4765625,0.953125,1.129477429877709
negative detour,535,0.6966145833333334,3.483072916666666,0.9661458333333321,1.1294774298776915
negative detour,536,0.6979166666666666,3.489583333333333,0.9791666666666661,1.129477429877709
negative detour,537,0.69921875,3.49609375,0.9921875,1.129477429877709
negative detour,538,0.7005208333333334,3.502604166666666,1.0052083333333321,1.1294774298776915
negative detour,539,0.7018229166666666,3.509114583333333,1.018229166666666,1.129477429877709
negative detour,540,0.703125,3.515625,1.03125,1.129477429877709
negative detour,541,0.7044270833333334,3.522135416666666,1.0442708333333321,1.1294774298776915
negative detour,542,0.7057291666666666,3.528645833333333,1.057291666666666,1.129477429877709
negative detour,543,0.70703125,3.53515625,1.0703125,1.129477429877709
negative detour,544,0.7083333333333334,3.541666666666666,1.0833333333333321,1.1294774298776915
negative detour,545,0.7096354166666666,3.548177083333333,1.096354166666666,1.129477429877709
negative detour,546,0.7109375,3.5546875,1.109375,1.129477429877709
negative detour,547,0.7122395833333334,3.561197916666666,1.1223958333333321,1.1294774298776915
negative detour,548,0.7135416666666666,3.567708333333333,1.135416666666666,1.129477429877709
negative detour,549,0.71484375,3.57421875,1.1484375,1.129477429877709
negative detour,550,0.7161458333333334,3.580729166666666,1.1614583333333321,1.1294774298776915
negative detour,551,0.7174479166666666,3.587239583333333,1.174479166666666,1.129477429877709
negative detour,552,0.71875,3.59375,1.1875,1.129477429877709
negative detour,553,0.7200520833333334,3.600260416666666,1.2005208333333321,1.1294774298776915
negative detour,554,0.7213541666666666,3.606770833333333,1.213541666666666,1.129477429877709
negative detour,555,0.72265625,3.61328125,1.2265625,1.129477429877709
negative detour,556,0.7239583333333334,3.619791666666666,1.2395833333333321,1.1294774298776915
negative detour,557,0.7252604166666666,3.626302083333333,1.252604166666666,1.129477429877709
negative detour,558,0.7265625,3.6328125,1.265625,1.129477429877709
negative detour,559,0.7278645833333334,3.639322916666666,1.2786458333333321,1.1294774298776915
negative detour,560,0.7291666666666666,3.645833333333333,1.291666666666666,1.129477429877709
negative detour,561,0.73046875,3.65234375,1.3046875,1.129477429877709
negative detour,562,0.7317708333333334,3.658854166666666,1.3177083333333321,1.1294774298776915
negative detour,563,0.7330729166666666,3.665364583333333,1.330729166666666,1.129477429877709
negative detour,564,0.734375,3.671875,1.34375,1.129477429877709
negative detour,565,0.7356770833333334,3.678385416666666,1.3567708333333321,1.1294774298776915
negative detour,566,0.7369791666666666,3.684895833333333,1.369791666666666,1.129477429877709
negative detour,567,0.73828125,3.69140625,1.3828125,1.129477429877709
negative detour,568,0.7395833333333334,3.697916666666666,1.3958333333333321,1.1294774298776915
negative detour,569,0.7408854166666666,3.704427083333333,1.408854166666666,1.129477429877709
negative detour,570,0.7421875,3.7109375,1.421875,1.129477429877709
negative detour,571,0.7434895833333334,3.717447916666666,1.4348958333333321,1.1294774298776915
negative detour,572,0.7447916666666666,3.723958333333333,1.447916666666666,1.129477429877709
negative detour,573,0.74609375,3.73046875,1.4609375,1.129477429877709
negative detour,574,0.7473958333333334,3.736979166666666,1.4739583333333321,1.1294774298776915
negative detour,575,0.7486979166666666,3.743489583333333,1.486979166666666,1.129477429877709
negative detour,576,0.75,3.75,1.5,1.129477429877709
negative detour,577,0.7513020833333334,3.756510416666666,1.5130208333333321,1.1294774298776915
negative detour,578,0.7526041666666666,3.763020833333333,1.526041666666666,1.129477429877709
negative detour,579,0.75390625,3.76953125,1.5390625,1.129477429877709
negative detour,580,0.7552083333333334,3.776041666666666,1.5520833333333321,1.1294774298776915
negative detour,581,0.7565104166666666,3.782552083333333,1.565104166666666,1.129477429877709
negative detour,582,0.7578125,3.7890625,1.578125,1.129477429877709
negative detour,583,0.7591145833333334,3.795572916666666,1.5911458333333321,1.1294774298776915
negative detour,584,0.7604166666666666,3.802083333333333,1.604166666666666,1.129477429877709
negative detour,585,0.76171875,3.80859375,1.6171875,1.129477429877709
negative detour,586,0.7630208333333334,3.815104166666666,1.6302083333333321,1.1294774298776915
negative detour,587,0.7643229166666666,3.821614583333333,1.643229166666666,1.129477429877709
negative detour,588,0.765625,3.828125,1.65625,1.129477429877709
negative detour,589,0.7669270833333334,3.834635416666666,1.6692708333333321,1.1294774298776915
negative detour,590,0.7682291666666666,3.841145833333333,1.682291666666666,1.129477429877709
negative detour,591,0.76953125,3.84765625,1.6953125,1.129477429877709
negative detour,592,0.7708333333333334,3.854166666666666,1.7083333333333321,1.1294774298776915
negative detour,593,0.7721354166666666,3.860677083333333,1.721354166666666,1.129477429877709
negative detour,594,0.7734375,3.8671875,1.734375,1.129477429877709
negative detour,595,0.7747395833333334,3.873697916666666,1.7473958333333321,1.1294774298776915
negative detour,596,0.7760416666666666,3.880208333333333,1.760416666666666,1.129477429877709
negative detour,597,0.77734375,3.88671875,1.7734375,1.129477429877709
negative detour,598,0.7786458333333334,3.893229166666666,1.7864583333333321,1.1294774298776915
negative detour,599,0.7799479166666666,3.899739583333333,1.799479166666666,1.129477429877709
negative detour,600,0.78125,3.90625,1.8125,1.129477429877709
negative detour,601,0.7825520833333334,3.912760416666666,1.8255208333333321,1.1294774298776915
negative detour,602,0.7838541666666666,3.919270833333333,1.838541666666666,1.129477429877709
negative detour,603,0.78515625,3.92578125,1.8515625,1.129477429877709
negative detour,604,0.7864583333333334,3.932291666666666,1.8645833333333321,1.1294774298776915
negative detour,605,0.7877604166666666,3.938802083333333,1.877604166666666,1.129477429877709
negative detour,606,0.7890625,3.9453125,1.890625,1.129477429877709
negative detour,607,0.7903645833333334,3.951822916666666,1.9036458333333321,1.1294774298776915
negative detour,608,0.7916666666666666,3.958333333333333,1.916666666666666,1.129477429877709
negative detour,609,0.79296875,3.96484375,1.9296875,1.129477429877709
negative detour,610,0.7942708333333334,3.971354166666666,1.9427083333333321,1.1294774298776915
negative detour,611,0.7955729166666666,3.977864583333333,1.955729166666666,1.129477429877709
negative detour,612,0.796875,3.984375,1.96875,1.129477429877709
negative detour,613,0.7981770833333334,3.990885416666666,1.9817708333333321,1.1294774298776915
negative detour,614,0.7994791666666666,3.997395833333333,1.994791666666666,1.129477429877709
negative detour,615,0.80078125,4.00390625,0.0078125,1.129477429877709
negative detour,616,0.8020833333333334,4.010416666666666,0.02083333333333215,1.1294774298776915
negative detour,617,0.8033854166666666,4.016927083333333,0.033854166666666075,1.129477429877709
negative detour,618,0.8046875,4.0234375,0.046875,1.129477429877709
negative detour,619,0.8059895833333334,4.029947916666666,0.05989583333333215,1.1294774298776915
negative detour,620,0.8072916666666666,4.036458333333333,0.07291666666666607,1.129477429877709
negative detour,621,0.80859375,4.04296875,0.0859375,1.129477429877709
negative detour,622,0.8098958333333334,4.049479166666666,0.09895833333333215,1.1294774298776915
negative detour,623,0.8111979166666666,4.055989583333333,0.11197916666666607,1.129477429877709
negative detour,624,0.8125,4.0625,0.125,1.129477429877709
negative detour,625,0.8138020833333334,4.069010416666666,0.13802083333333215,1.1294774298776915
negative detour,626,0.8151041666666666,4.075520833333333,0.15104166666666607,1.129477429877709
negative detour,627,0.81640625,4.08203125,0.1640625,1.129477429877709
negative detour,628,0.8177083333333334,4.088541666666666,0.17708333333333215,1.1294774298776915
negative detour,629,0.8190104166666666,4.095052083333333,0.19010416666666607,1.129477429877709
negative detour,630,0.8203125,4.1015625,0.203125,1.129477429877709
negative detour,631,0.8216145833333334,4.108072916666666,0.21614583333333215,1.1294774298776915
negative detour,632,0.8229166666666666,4.114583333333333,0.22916666666666607,1.129477429877709
negative detour,633,0.82421875,4.12109375,0.2421875,1.129477429877709
negative detour,634,0.8255208333333334,4.127604166666666,0.25520833333333215,1.1294774298776915
negative detour,635,0.8268229166666666,4.134114583333333,0.2682291666666661,1.129477429877709
negative detour,636,0.828125,4.140625,0.28125,1.129477429877709
negative detour,637,0.8294270833333334,4.147135416666666,0.29427083333333215,1.1294774298776915
negative detour,638,0.8307291666666666,4.153645833333333,0.3072916666666661,1.129477429877709
negative detour,639,0.83203125,4.16015625,0.3203125,1.129477429877709
negative detour,640,0.8333333333333334,4.166666666666666,0.33333333333333215,1.1294774298776915
negative detour,641,0.8346354166666666,4.173177083333333,0.3463541666666661,1.129477429877709
negative detour,642,0.8359375,4.1796875,0.359375,1.129477429877709
negative detour,643,0.8372395833333334,4.186197916666666,0.37239583333333215,1.1294774298776915
negative detour,644,0.8385416666666666,4.192708333333333,0.3854166666666661,1.129477429877709
negative detour,645,0.83984375,4.19921875,0.3984375,1.129477429877709
negative detour,646,0.8411458333333334,4.205729166666666,0.41145833333333215,1.1294774298776915
negative detour,647,0.8424479166666666,4.212239583333333,0.4244791666666661,1.129477429877709
negative detour,648,0.84375,4.21875,0.4375,1.129477429877709
negative detour,649,0.8450520833333334,4.225260416666666,0.45052083333333215,1.1294774298776915
negative detour,650,0.8463541666666666,4.231770833333333,0.4635416666666661,1.129477429877709
negative detour,651,0.84765625,4.23828125,0.4765625,1.129477429877709
negative detour,652,0.8489583333333334,4.244791666666666,0.48958333333333215,1.1294774298776915
negative detour,653,0.8502604166666666,4.251302083333333,0.5026041666666661,1.129477429877709
negative detour,654,0.8515625,4.2578125,0.515625,1.129477429877709
negative detour,655,0.8528645833333334,4.264322916666666,0.5286458333333321,1.1294774298776915
negative detour,656,0.8541666666666666,4.270833333333333,0.5416666666666661,1.129477429877709
negative detour,657,0.85546875,4.27734375,0.5546875,1.129477429877709
negative detour,658,0.8567708333333334,4.283854166666666,0.5677083333333321,1.1294774298776915
negative detour,659,0.8580729166666666,4.290364583333333,0.5807291666666661,1.129477429877709
negative detour,660,0.859375,4.296875,0.59375,1.129477429877709
negative detour,661,0.8606770833333334,4.303385416666666,0.6067708333333321,1.1294774298776915
negative detour,662,0.8619791666666666,4.309895833333333,0.6197916666666661,1.129477429877709
negative detour,663,0.86328125,4.31640625,0.6328125,1.129477429877709
negative detour,664,0.8645833333333334,4.322916666666666,0.6458333333333321,1.1294774298776915
negative detour,665,0.8658854166666666,4.329427083333333,0.6588541666666661,1.129477429877709
negative detour,666,0.8671875,4.3359375,0.671875,1.129477429877709
negative detour,667,0.8684895833333334,4.342447916666666,0.6848958333333321,1.1294774298776915
negative detour,668,0.8697916666666666,4.348958333333333,0.6979166666666661,1.129477429877709
negative detour,669,0.87109375,4.35546875,0.7109375,1.129477429877709
negative detour,670,0.8723958333333334,4.361979166666666,0.7239583333333321,1.1294774298776915
negative detour,671,0.8736979166666666,4.368489583333333,0.7369791666666661,1.129477429877709
negative detour,672,0.875,4.375,0.75,1.129477429877709
negative detour,673,0.8763020833333334,4.381510416666666,0.7630208333333321,1.1294774298776915
negative detour,674,0.8776041666666666,4.388020833333333,0.7760416666666661,1.129477429877709
negative detour,675,0.87890625,4.39453125,0.7890625,1.129477429877709
negative detour,676,0.8802083333333334,4.401041666666666,0.8020833333333321,1.1294774298776915
negative detour,677,0.8815104166666666,4.407552083333333,0.8151041666666661,1.129477429877709
negative detour,678,0.8828125,4.4140625,0.828125,1.129477429877709
negative detour,679,0.8841145833333334,4.420572916666666,0.8411458333333321,1.1294774298776915
negative detour,680,0.8854166666666666,4.427083333333333,0.8541666666666661,1.129477429877709
negative detour,681,0.88671875,4.43359375,0.8671875,1.129477429877709
negative detour,682,0.8880208333333334,4.440104166666666,0.8802083333333321,1.1294774298776915
negative detour,683,0.8893229166666666,4.446614583333333,0.8932291666666661,1.129477429877709
negative detour,684,0.890625,4.453125,0.90625,1.129477429877709
negative detour,685,0.8919270833333334,4.459635416666666,0.9192708333333321,1.1294774298776915
negative detour,686,0.8932291666666666,4.466145833333333,0.9322916666666661,1.129477429877709
negative detour,687,0.89453125,4.47265625,0.9453125,1.129477429877709
negative detour,688,0.8958333333333334,4.479166666666666,0.9583333333333321,1.1294774298776915
negative detour,689,0.8971354166666666,4.485677083333333,0.9713541666666661,1.129477429877709
negative detour,690,0.8984375,4.4921875,0.984375,1.129477429877709
negative detour,691,0.8997395833333334,4.498697916666666,0.9973958333333321,1.1294774298776915
negative detour,692,0.9010416666666666,4.505208333333333,1.010416666666666,1.129477429877709
negative detour,693,0.90234375,4.51171875,1.0234375,1.129477429877709
negative detour,694,0.9036458333333334,4.518229166666666,1.0364583333333321,1.1294774298776915
negative detour,695,0.9049479166666666,4.524739583333333,1.049479166666666,1.129477429877709
negative detour,696,0.90625,4.53125,1.0625,1.129477429877709
negative detour,697,0.9075520833333334,4.537760416666666,1.0755208333333321,1.1294774298776915
negative detour,698,0.9088541666666666,4.544270833333333,1.088541666666666,1.129477429877709
negative detour,699,0.91015625,4.55078125,1.1015625,1.129477429877709
negative detour,700,0.9114583333333334,4.557291666666666,1.1145833333333321,1.1294774298776915
negative detour,701,0.9127604166666666,4.563802083333333,1.127604166666666,1.129477429877709
negative detour,702,0.9140625,4.5703125,1.140625,1.129477429877709
negative detour,703,0.9153645833333334,4.576822916666666,1.1536458333333321,1.1294774298776915
negative detour,704,0.9166666666666666,4.583333333333333,1.166666666666666,1.129477429877709
negative detour,705,0.91796875,4.58984375,1.1796875,1.129477429877709
negative detour,706,0.9192708333333334,4.596354166666666,1.1927083333333321,1.1294774298776915
negative detour,707,0.9205729166666666,4.602864583333333,1.205729166666666,1.129477429877709
negative detour,708,0.921875,4.609375,1.21875,1.129477429877709
negative detour,709,0.9231770833333334,4.615885416666666,1.2317708333333321,1.1294774298776915
negative detour,710,0.9244791666666666,4.622395833333333,1.244791666666666,1.129477429877709
negative detour,711,0.92578125,4.62890625,1.2578125,1.129477429877709
negative detour,712,0.9270833333333334,4.635416666666666,1.2708333333333321,1.1294774298776915
negative detour,713,0.9283854166666666,4.641927083333333,1.283854166666666,1.129477429877709
negative detour,714,0.9296875,4.6484375,1.296875,1.129477429877709
negative detour,715,0.9309895833333334,4.654947916666666,1.3098958333333321,1.1294774298776915
negative detour,716,0.9322916666666666,4.661458333333333,1.322916666666666,1.129477429877709
negative detour,717,0.93359375,4.66796875,1.3359375,1.129477429877709
negative detour,718,0.9348958333333334,4.674479166666666,1.3489583333333321,1.1294774298776915
negative detour,719,0.9361979166666666,4.680989583333333,1.361979166666666,1.129477429877709
negative detour,720,0.9375,4.6875,1.375,1.129477429877709
negative detour,721,0.9388020833333334,4.694010416666666,1.3880208333333321,1.1294774298776915
negative detour,722,0.9401041666666666,4.700520833333333,1.401041666666666,1.129477429877709
negative detour,723,0.94140625,4.70703125,1.4140625,1.129477429877709
negative detour,724,0.9427083333333334,4.713541666666666,1.4270833333333321,1.1294774298776915
negative detour,725,0.9440104166666666,4.720052083333333,1.440104166666666,1.129477429877709
negative detour,726,0.9453125,4.7265625,1.453125,1.129477429877709
negative detour,727,0.9466145833333334,4.733072916666666,1.4661458333333321,1.1294774298776915
negative detour,728,0.9479166666666666,4.739583333333333,1.479166666666666,1.129477429877709
negative detour,729,0.94921875,4.74609375,1.4921875,1.129477429877709
negative detour,730,0.9505208333333334,4.752604166666666,1.5052083333333321,1.1294774298776915
negative detour,731,0.9518229166666666,4.759114583333333,1.518229166666666,1.129477429877709
negative detour,732,0.953125,4.765625,1.53125,1.129477429877709
negative detour,733,0.9544270833333334,4.772135416666666,1.5442708333333321,1.1294774298776915
negative detour,734,0.9557291666666666,4.778645833333333,1.557291666666666,1.129477429877709
negative detour,735,0.95703125,4.78515625,1.5703125,1.129477429877709
negative detour,736,0.9583333333333334,4.791666666666666,1.5833333333333321,1.1294774298776915
negative detour,737,0.9596354166666666,4.798177083333333,1.596354166666666,1.129477429877709
negative detour,738,0.9609375,4.8046875,1.609375,1.129477429877709
negative detour,739,0.9622395833333334,4.811197916666666,1.6223958333333321,1.1294774298776915
negative detour,740,0.9635416666666666,4.817708333333333,1.635416666666666,1.129477429877709
negative detour,741,0.96484375,4.82421875,1.6484375,1.129477429877709
negative detour,742,0.9661458333333334,4.830729166666666,1.6614583333333321,1.1294774298776915
negative detour,743,0.9674479166666666,4.837239583333333,1.674479166666666,1.129477429877709
negative detour,744,0.96875,4.84375,1.6875,1.129477429877709
negative detour,745,0.9700520833333334,4.850260416666666,1.7005208333333321,1.1294774298776915
negative detour,746,0.9713541666666666,4.856770833333333,1.713541666666666,1.129477429877709
negative detour,747,0.97265625,4.86328125,1.7265625,1.129477429877709
negative detour,748,0.9739583333333334,4.869791666666666,1.7395833333333321,1.1294774298776915
negative detour,749,0.9752604166666666,4.876302083333333,1.752604166666666,1.129477429877709
negative detour,750,0.9765625,4.8828125,1.765625,1.129477429877709
negative detour,751,0.9778645833333334,4.889322916666666,1.7786458333333321,1.1294774298776915
negative detour,752,0.9791666666666666,4.895833333333333,1.791666666666666,1.129477429877709
negative detour,753,0.98046875,4.90234375,1.8046875,1.129477429877709
negative detour,754,0.9817708333333334,4.908854166666666,1.8177083333333321,1.1294774298776915
negative detour,755,0.9830729166666666,4.915364583333333,1.830729166666666,1.129477429877709
negative detour,756,0.984375,4.921875,1.84375,1.129477429877709
negative detour,757,0.9856770833333334,4.928385416666666,1.8567708333333321,1.1294774298776915
negative detour,758,0.9869791666666666,4.934895833333333,1.869791666666666,1.129477429877709
negative detour,759,0.98828125,4.94140625,1.8828125,1.129477429877709
negative detour,760,0.9895833333333334,4.947916666666666,1.8958333333333321,1.1294774298776915
negative detour,761,0.9908854166666666,4.954427083333333,1.908854166666666,1.129477429877709
negative detour,762,0.9921875,4.9609375,1.921875,1.129477429877709
negative detour,763,0.9934895833333334,4.967447916666666,1.9348958333333321,1.1294774298776915
negative detour,764,0.9947916666666666,4.973958333333333,1.947916666666666,1.129477429877709
negative detour,765,0.99609375,4.98046875,1.9609375,1.129477429877709
negative detour,766,0.9973958333333334,4.986979166666666,1.9739583333333321,1.1294774298776915
negative detour,767,0.9986979166666666,4.993489583333333,1.986979166666666,1.129477429877709
negative detour,768,1.0,5.0,0.0,1.129477429877709
oscillatory detour,0,0.0,0.0,0.0,1.0
oscillatory detour,1,0.0013020833333333333,0.006511336434079653,0.013022672868159306,1.1294955167958163
oscillatory detour,2,0.0026041666666666665,0.013028187040773017,0.026056374081546034,1.1296039493460905
oscillatory detour,3,0.00390625,0.01955604384701585,0.0391120876940317,1.129820369696231
oscillatory detour,4,0.005208333333333333,0.02610035465201901,0.05220070930403802,1.1301438897456793
oscillatory detour,5,0.006510416666666667,0.032666501072319096,0.06533300214463819,1.1305731808403772
oscillatory detour,6,0.0078125,0.03925977677706452,0.07851955355412904,1.1311064779580455
oscillatory detour,7,0.009114583333333334,0.045885365976183055,0.09177073195236611,1.131741585270335
oscillatory detour,8,0.010416666666666666,0.052548322223422844,0.10509664444684569,1.1324758830659936
oscillatory detour,9,0.01171875,0.05925354759544449,0.11850709519088898,1.1333063360149502
oscillatory detour,10,0.013020833333333334,0.06600577230716902,0.13201154461433803,1.1342295027488098
oscillatory detour,11,0.014322916666666666,0.07280953482245765,0.1456190696449153,1.1352415467286698
oscillatory detour,12,0.015625,0.07966916251791716,0.1593383250358343,1.1363382483664333
oscillatory detour,13,0.016927083333333332,0.08658875295619273,0.17317750591238545,1.1375150183609022
oscillatory detour,14,0.018229166666666668,0.09357215582353162,0.18714431164706324,1.1387669122049127
oscillatory detour,15,0.01953125,0.10062295558467986,0.20124591116935972,1.1400886458147017
oscillatory detour,16,0.020833333333333332,0.10774445490631449,0.21548890981262897,1.1414746122275592
oscillatory detour,17,0.022135416666666668,0.114939658898222,0.229879317796444,1.1429188993087962
oscillatory detour,18,0.0234375,0.12221126021931053,0.24442252043862106,1.1444153084040631
oscillatory detour,19,0.024739583333333332,0.12956162509329927,0.25912325018659854,1.1459573738683642
oscillatory detour,20,0.026041666666666668,0.13699278027656545,0.2739855605531309,1.1475383833986421
oscillatory detour,21,0.02734375,0.14450640101815387,0.28901280203630775,1.149151399092762
oscillatory detour,22,0.028645833333333332,0.15210380004937432,0.30420760009874864,1.1507892791541647
oscillatory detour,23,0.029947916666666668,0.15978591763773087,0.31957183527546174,1.1524447001584377
oscillatory detour,24,0.03125,0.16755331273715546,0.3351066254743109,1.1541101797957327
oscillatory detour,25,0.032552083333333336,0.17540615526365877,0.35081231052731754,1.155778100001328
oscillatory detour,26,0.033854166666666664,0.18334421952257518,0.36668843904515036,1.1574407303858485
oscillatory detour,27,0.03515625,0.19136687881056802,0.38273375762113604,1.1590902518766206
oscillatory detour,28,0.036458333333333336,0.1994731012124917,0.3989462024249834,1.1607187804826573
oscillatory detour,29,0.037760416666666664,0.20766144661007635,0.4153228932201527,1.162318391097459
oscillatory detour,30,0.0390625,0.21593006491622407,0.43186012983244815,1.1638811412565777
oscillatory detour,31,0.040364583333333336,0.2242766955454894,0.4485533910909788,1.165399094770454
oscillatory detour,32,0.041666666666666664,0.23269866812806544,0.4653973362561309,1.1668643451573935
oscillatory detour,33,0.04296875,0.24119290447132316,0.4823858089426463,1.1682690388067065
oscillatory detour,34,0.044270833333333336,0.24975592176966185,0.4995118435393237,1.169605397807893
oscillatory detour,35,0.045572916666666664,0.2583838370601293,0.5167676741202586,1.170865742388085
oscillatory detour,36,0.046875,0.26707237291797276,0.5341447458359455,1.17204251290688
oscillatory detour,37,0.048177083333333336,0.2758168643829936,0.5516337287659872,1.1731282913648717
oscillatory detour,38,0.049479166666666664,0.2846122671043044,0.5692245342086087,1.174115822389533
oscillatory detour,39,0.05078125,0.29345316668784116,0.5869063333756823,1.174998033669562
oscillatory detour,40,0.052083333333333336,0.3023337892277702,0.6046675784555404,1.1757680558161259
oscillatory detour,41,0.053385416666666664,0.3112480129997537,0.6224960259995074,1.1764192416363946
oscillatory detour,42,0.0546875,0.32018938129091834,0.6403787625818367,1.1769451848115149
oscillatory detour,43,0.055989583333333336,0.32915111633830263,0.6583022326766053,1.177339737977106
oscillatory detour,44,0.057291666666666664,0.338126134344559,0.676252268689118,1.1775970302098318
oscillatory detour,45,0.05859375,0.3471070615367567,0.6942141230735134,1.177711483928019
oscillatory detour,46,0.059895833333333336,0.3560862512312845,0.712172502462569,1.1776778312180027
oscillatory detour,47,0.061197916666666664,0.3650558018650902,0.7301116037301804,1.1774911296003199
oscillatory detour,48,0.0625,0.374007575950825,0.74801515190165,1.1771467772513589
oscillatory detour,49,0.06380208333333333,0.3829332199108982,0.7658664398217964,1.1766405276963474
oscillatory detour,50,0.06510416666666667,0.3918241847429844,0.7836483694859688,1.1759685039885681
oscillatory detour,51,0.06640625,0.4006717474671851,0.8013434949343702,1.1751272123875895
oscillatory detour,52,0.06770833333333333,0.409467033302816,0.818934066605632,1.1741135555458846
oscillatory detour,53,0.06901041666666667,0.41820103852069884,0.8364020770413977,1.1729248452088084
oscillatory detour,54,0.0703125,0.4268646539148613,0.8537293078297226,1.1715588144271438
oscillatory detour,55,0.07161458333333333,0.43544868883571874,0.8708973776714375,1.1700136292749619
oscillatory detour,56,0.07291666666666667,0.4439438957251235,0.887887791450247,1.168287900058055
oscillatory detour,57,0.07421875,0.452340995092113,0.904681990184226,1.1663806919898407
oscillatory detour,58,0.07552083333333333,0.46063070086680064,0.9212614017336013,1.1642915353030787
oscillatory detour,59,0.07682291666666667,0.4688037460686026,0.9376074921372052,1.1620204347563488
oscillatory detour,60,0.078125,0.4768509087239095,0.953701817447819,1.1595678784849837
oscillatory detour,61,0.07942708333333333,0.48476303796738457,0.9695260759347691,1.156934846136839
oscillatory detour,62,0.08072916666666667,0.49253108026030323,0.9850621605206065,1.1541228162241761
oscillatory detour,63,0.08203125,0.5001461056587471,1.0002922113174941,1.1511337726143975
oscillatory detour,64,0.08333333333333333,0.5075993340640327,1.0151986681280654,1.147970210074704
oscillatory detour,65,0.08463541666666667,0.5148821613874841,1.0297643227749682,1.1446351387788147
oscillatory detour,66,0.0859375,0.5219861855615611,1.0439723711231221,1.1411320876785556
oscillatory detour,67,0.08723958333333333,0.5289032323294239,1.0578064646588479,1.1374651066390118
oscillatory detour,68,0.08854166666666667,0.5356253807452539,1.0712507614905078,1.133638767233652
oscillatory detour,69,0.08984375,0.5421449883180559,1.0842899766361118,1.1296581620954664
oscillatory detour,70,0.09114583333333333,0.548454715732247,1.096909431464494,1.1255289027217896
oscillatory detour,71,0.09244791666666667,0.5545475510790753,1.1090951021581505,1.1212571156343407
oscillatory detour,72,0.09375,0.5604168335338243,1.1208336670676486,1.1168494368021955
oscillatory detour,73,0.09505208333333333,0.5660562764148279,1.1321125528296558,1.1123130042437757
oscillatory detour,74,0.09635416666666667,0.5714599895615583,1.1429199791231166,1.1076554487349084
oscillatory detour,75,0.09765625,0.5766225009704367,1.1532450019408733,1.1028848825627589
oscillatory detour,76,0.09895833333333333,0.5815387776285701,1.1630775552571402,1.0980098862809136
oscillatory detour,77,0.10026041666666667,0.5862042454873152,1.1724084909746304,1.09303949343775
oscillatory detour,78,0.1015625,0.5906148085194173,1.1812296170388346,1.0879831732691287
oscillatory detour,79,0.10286458333333333,0.5947668668054698,1.1895337336109395,1.082850811366721
oscillatory detour,80,0.10416666666666667,0.5986573335975686,1.1973146671951371,1.077652688354469
oscillatory detour,81,0.10546875,0.6022836513103031,1.2045673026206063,1.072399456627692
oscillatory detour,82,0.10677083333333333,0.6056438063916243,1.2112876127832486,1.067102115231605
oscillatory detour,83,0.10807291666666667,0.6087363430286489,1.2174726860572977,1.0617719829779804
oscillatory detour,84,0.109375,0.6115603756460969,1.2231207512921938,1.0564206699199732
oscillatory detour,85,0.11067708333333333,0.6141156001578112,1.2282312003156224,1.0510600473254659
oscillatory detour,86,0.11197916666666667,0.6164023039346622,1.2328046078693244,1.0457022163077039
oscillatory detour,87,0.11328125,0.6184213744550966,1.2368427489101932,1.0403594752886123
oscillatory detour,88,0.11458333333333333,0.6201743066076311,1.2403486132152621,1.0350442864841227
oscillatory detour,89,0.11588541666666667,0.6216632086177273,1.2433264172354546,1.029769241612185
oscillatory detour,90,0.1171875,0.6228908065746883,1.2457816131493766,1.0245470270321138
oscillatory detour,91,0.11848958333333333,0.6238604475374935,1.247720895074987,1.019390388528641
oscillatory detour,92,0.11979166666666667,0.62457610120183,1.24915220240366,1.0143120959553515
oscillatory detour,93,0.12109375,0.6250423601139666,1.2500847202279333,1.0093249079495663
oscillatory detour,94,0.12239583333333333,0.625264438420559,1.250528876841118,1.004441536925065
oscillatory detour,95,0.12369791666666667,0.6252481691469454,1.2504963382938907,0.9996746145392106
oscillatory detour,96,0.125,0.625,1.25,0.9950366578186189
oscillatory detour,97,0.12630208333333334,0.6245269876951328,1.2490539753902656,0.9905400361114233
oscillatory detour,98,0.12760416666666666,0.6238367908105655,1.247673581621131,0.9861969390159402
oscillatory detour,99,0.12890625,0.6229376611755512,1.2458753223511023,0.9820193454145062
oscillatory detour,100,0.13020833333333334,0.6218384338027417,1.2436768676054835,0.9780189937187583
oscillatory detour,101,0.13151041666666666,0.620548515378433,1.241097030756866,0.9742073534086025
oscillatory detour,102,0.1328125,0.6190778713279143,1.2381557426558285,0.970595597922236
oscillatory detour,103,0.13411458333333334,0.6174370114766239,1.2348740229532478,0.9671945789295693
oscillatory detour,104,0.13541666666666666,0.6156369743312391,1.2312739486624782,0.9640148019963712
oscillatory detour,105,0.13671875,0.6136893100082226,1.2273786200164452,0.9610664036227661
oscillatory detour,106,0.13802083333333334,0.6116060618406678,1.2232121236813356,0.9583591296164797
oscillatory detour,107,0.13932291666666666,0.6093997466975598,1.2187994933951196,0.9559023147407484
oscillatory detour,108,0.140625,0.6070833340527593,1.2141666681055185,0.9537048635577984
oscillatory detour,109,0.14192708333333334,0.6046702238441365,1.209340447688273,0.951775232372918
oscillatory detour,110,0.14322916666666666,0.6021742231663105,1.204348446332621,0.950121412170956
oscillatory detour,111,0.14453125,0.5996095218433841,1.1992190436867682,0.9487509124273151
oscillatory detour,112,0.14583333333333334,0.5969906669309021,1.1939813338618042,0.9476707456692355
oscillatory detour,113,0.14713541666666666,0.5943325361989821,1.1886650723979642,0.9468874126603536
oscillatory detour,114,0.1484375,0.5916503106511846,1.1833006213023691,0.9464068880828507
oscillatory detour,115,0.14973958333333334,0.5889594461361718,1.1779188922723436,0.9462346065961216
oscillatory detour,116,0.15104166666666666,0.5862756441115742,1.1725512882231484,0.9463754491597992
oscillatory detour,117,0.15234375,0.5836148216217056,1.1672296432434113,0.9468337295210588
oscillatory detour,118,0.15364583333333334,0.5809930805528628,1.1619861611057256,0.9476131807821395
oscillatory detour,119,0.15494791666666666,0.5784266762318888,1.1568533524637776,0.9487169419831043
oscillatory detour,120,0.15625,0.5759319854354743,1.1518639708709486,0.9501475446569407
oscillatory detour,121,0.15755208333333334,0.5735254738793177,1.1470509477586355,0.9519068993392084
oscillatory detour,122,0.15885416666666666,0.5712236632577432,1.1424473265154864,0.9539962820413217
oscillatory detour,123,0.16015625,0.5690430979057065,1.138086195811413,0.9564163207259873
oscillatory detour,124,0.16145833333333334,0.5670003111562685,1.134000622312537,0.9591669818533499
oscillatory detour,125,0.16276041666666666,0.5651117914676123,1.1302235829352245,0.962247557098004
oscillatory detour,126,0.1640625,0.5633939483944921,1.1267878967889842,0.9656566503681554
oscillatory detour,127,0.16536458333333334,0.5618630784796543,1.1237261569593087,0.9693921652895363
oscillatory detour,128,0.16666666666666666,0.5605353311412352,1.1210706622824704,0.973451293346263
oscillatory detour,129,0.16796875,0.5594266746324381,1.1188533492648762,0.97783050289908
oscillatory detour,130,0.16927083333333334,0.5585528621499076,1.1171057242998153,0.9825255293267127
oscillatory detour,131,0.17057291666666666,0.5579293981671576,1.1158587963343152,0.9875313665582091
oscillatory detour,132,0.171875,0.5575715050691692,1.1151430101383384,0.9928422602820504
oscillatory detour,133,0.17317708333333334,0.5574940901638592,1.1149881803277184,0.9984517031310063
oscillatory detour,134,0.17447916666666666,0.5577117131455231,1.1154234262910463,1.0043524321492934
oscillatory detour,135,0.17578125,0.5582385540845853,1.1164771081691707,1.0105364288500394
oscillatory detour,136,0.17708333333333334,0.5590883820170482,1.1181767640340965,1.0169949221660413
oscillatory detour,137,0.17838541666666666,0.5602745242059055,1.120549048411811,1.0237183945842048
oscillatory detour,138,0.1796875,0.5618098361455046,1.1236196722910092,1.0306965917348185
oscillatory detour,139,0.18098958333333334,0.563706672378383,1.127413344756766,1.0379185356793603
oscillatory detour,140,0.18229166666666666,0.5659768581924822,1.1319537163849644,1.0453725421061135
oscillatory detour,141,0.18359375,0.5686316622648625,1.137263324529725,1.053046241601101
oscillatory detour,142,0.18489583333333334,0.5716817703161043,1.1433635406322087,1.0609266051134392
oscillatory detour,143,0.18619791666666666,0.5751372598374913,1.1502745196749826,1.0689999736796607
oscillatory detour,144,0.1875,0.5790075759508251,1.1580151519016502,1.077252092411853
oscillatory detour,145,0.18880208333333334,0.58330150845835,1.1666030169167,1.0856681486910043
oscillatory detour,146,0.19010416666666666,0.5880271701377376,1.1760543402754753,1.0942328144401556
oscillatory detour,147,0.19140625,0.5931919763344341,1.1863839526688682,1.1029302922843585
oscillatory detour,148,0.19270833333333334,0.598802625900892,1.197605251801784,1.111744365336561
oscillatory detour,149,0.19401041666666666,0.6048650835293201,1.2097301670586402,1.1206584502830532
oscillatory detour,150,0.1953125,0.6113845635215616,1.2227691270431231,1.1296556533791713
oscillatory detour,151,0.19661458333333334,0.6183655150366067,1.2367310300732135,1.1387188289092929
oscillatory detour,152,0.19791666666666666,0.6258116088530283,1.2516232177060567,1.1478306396140474
oscillatory detour,153,0.19921875,0.6337257256803136,1.2674514513606272,1.1569736185451607
oscillatory detour,154,0.20052083333333334,0.6421099460496932,1.2842198920993864,1.1661302317753317
oscillatory detour,155,0.20182291666666666,0.6509655418115834,1.3019310836231668,1.1752829413669408
oscillatory detour,156,0.203125,0.6602929692632322,1.3205859385264644,1.1844142679917586
oscillatory detour,157,0.20442708333333334,0.6700918639265687,1.3401837278531374,1.1935068525931138
oscillatory detour,158,0.20572916666666666,0.6803610369925994,1.3607220739851988,1.202543516492577
oscillatory detour,159,0.20703125,0.6910984734450141,1.3821969468900281,1.2115073193657513
oscillatory detour,160,0.20833333333333334,0.7023013318719342,1.4046026637438684,1.220381614544476
oscillatory detour,161,0.20963541666666666,0.7139659459709929,1.4279318919419859,1.229150101145861
oscillatory detour,162,0.2109375,0.726087827749155,1.45217565549831,1.2377968725800514
oscillatory detour,163,0.21223958333333334,0.7386616724149311,1.4773233448298622,1.2463064610486025
oscillatory detour,164,0.21354166666666666,0.7516813649568397,1.5033627299136794,1.25466387770997
oscillatory detour,165,0.21484375,0.7651399883982185,1.530279976796437,1.2628546482592722
oscillatory detour,166,0.21614583333333334,0.7790298337147378,1.5580596674294755,1.2708648437420405
oscillatory detour,167,0.21744791666666666,0.7933424113972343,1.5866848227944685,1.2786811064953205
oscillatory detour,168,0.21875,0.8080684646388054,1.6161369292776109,1.2862906711833708
oscillatory detour,169,0.22005208333333334,0.8231979841214581,1.6463959682429161,1.293681380966461
oscillatory detour,170,0.22135416666666666,0.838720224374012,1.677440448748024,1.3008416989093219
oscillatory detour,171,0.22265625,0.8546237216694226,1.7092474433388452,1.307760714799207
oscillatory detour,172,0.22395833333333334,0.870896313426236,1.741792626852472,1.3144281476016315
oscillatory detour,173,0.22526041666666666,0.887525159075489,1.775050318150978,1.3208343438327548
oscillatory detour,174,0.2265625,0.9044967623510776,1.8089935247021551,1.3269702721721166
oscillatory detour,175,0.22786458333333334,0.9217969949584005,1.843593989916801,1.3328275146760564
oscillatory detour,176,0.22916666666666666,0.939411121572981,1.878822243145962,1.3383982549815734
oscillatory detour,177,0.23046875,0.9573238261177608,1.9146476522355216,1.3436752639120229
oscillatory detour,178,0.23177083333333334,0.9755192392648839,1.9510384785297679,1.3486518829106258
oscillatory detour,179,0.23307291666666666,0.9939809671050133,1.9879619342100265,1.353322005734812
oscillatory detour,180,0.234375,1.0126921209245792,0.02538424184915833,1.3576800588452256
oscillatory detour,181,0.23567708333333334,1.0316353480288725,0.06327069605774494,1.361720980918284
oscillatory detour,182,0.23697916666666666,1.0507928635465078,0.10158572709301561,1.3654402018997933
oscillatory detour,183,0.23828125,1.0701464831485703,0.1402929662971406,1.368833622002044
oscillatory detour,184,0.23958333333333334,1.089677656613697,0.17935531322739395,1.3718975910270963
oscillatory detour,185,0.24088541666666666,1.1093675021684126,0.21873500433682525,1.3746288883752664
oscillatory detour,186,0.2421875,1.1291968415302907,0.2583936830605813,1.3770247040719956
oscillatory detour,187,0.24348958333333334,1.149146235579925,0.2982924711598498,1.379082621117684
oscillatory detour,188,0.24479166666666666,1.169196020586264,0.33839204117252786,1.380800599434246
oscillatory detour,189,0.24609375,1.1893263449086005,0.3786526898172009,1.3821769616502413
oscillatory detour,190,0.24739583333333334,1.209517206097446,0.4190344121948919,1.3832103809337166
oscillatory detour,191,0.24869791666666666,1.2297484883156002,0.4594969766312005,1.3838998710474124
oscillatory detour,192,0.25,1.2499999999999998,0.49999999999999956,1.384244778766793
oscillatory detour,193,0.2513020833333333,1.270251511684399,0.5405030233687982,1.3842447787667893
oscillatory detour,194,0.2526041666666667,1.2904827939025532,0.5809655878051063,1.3838998710474089
oscillatory detour,195,0.25390625,1.3106736550913993,0.6213473101827987,1.3832103809337277
oscillatory detour,196,0.2552083333333333,1.3308039794137358,0.6616079588274717,1.3821769616502413
oscillatory detour,197,0.2565104166666667,1.3508537644200742,0.7017075288401484,1.3808005994342347
oscillatory detour,198,0.2578125,1.3708031584697093,0.7416063169394187,1.3790826211176994
oscillatory detour,199,0.2591145833333333,1.3906324978315865,0.781264995663173,1.3770247040719805
oscillatory detour,200,0.2604166666666667,1.410322343386302,0.8206446867726038,1.3746288883752626
oscillatory detour,201,0.26171875,1.4298535168514295,0.859707033702859,1.3718975910271116
oscillatory detour,202,0.2630208333333333,1.4492071364534918,0.8984142729069835,1.3688336220020403
oscillatory detour,203,0.2643229166666667,1.4683646519711266,0.9367293039422533,1.3654402018997855
oscillatory detour,204,0.265625,1.4873078790754208,0.9746157581508417,1.3617209809182993
oscillatory detour,205,0.2669270833333333,1.506019032894986,1.0120380657899721,1.357680058845214
oscillatory detour,206,0.2682291666666667,1.524480760735115,1.04896152147023,1.3533220057348043
oscillatory detour,207,0.26953125,1.5426761738822392,1.0853523477644784,1.3486518829106453
oscillatory detour,208,0.2708333333333333,1.5605888784270183,1.1211777568540366,1.343675263912011
oscillatory detour,209,0.2721354166666667,1.5782030050415985,1.156406010083197,1.3383982549815674
oscillatory detour,210,0.2734375,1.5955032376489222,1.1910064752978444,1.3328275146760702
oscillatory detour,211,0.2747395833333333,1.6124748409245107,1.2249496818490213,1.3269702721721146
oscillatory detour,212,0.2760416666666667,1.6291036865737634,1.2582073731475267,1.3208343438327488
oscillatory detour,213,0.27734375,1.6453762783305772,1.2907525566611544,1.3144281476016395
oscillatory detour,214,0.2786458333333333,1.6612797756259876,1.3225595512519752,1.307760714799203
oscillatory detour,215,0.2799479166666667,1.676802015878541,1.353604031757082,1.300841698909314
oscillatory detour,216,0.28125,1.6919315353611943,1.3838630707223887,1.293681380966473
oscillatory detour,217,0.2825520833333333,1.706657588602765,1.4133151772055301,1.2862906711833628
oscillatory detour,218,0.2838541666666667,1.7209701662852617,1.4419403325705233,1.2786811064953225
oscillatory detour,219,0.28515625,1.7348600116017812,1.4697200232035623,1.2708648437420447
oscillatory detour,220,0.2864583333333333,1.74831863504316,1.4966372700863202,1.2628546482592744
oscillatory detour,221,0.2877604166666667,1.7613383275850683,1.5226766551701365,1.2546638777099615
oscillatory detour,222,0.2890625,1.7739121722508449,1.5478243445016897,1.246306461048613
oscillatory detour,223,0.2903645833333333,1.7860340540290067,1.5720681080580134,1.2377968725800472
oscillatory detour,224,0.2916666666666667,1.7976986681280651,1.5953973362561302,1.2291501011458545
oscillatory detour,225,0.29296875,1.8089015265549857,1.6178030531099714,1.2203816145444843
oscillatory detour,226,0.2942708333333333,1.8196389630074004,1.6392779260148007,1.2115073193657513
oscillatory detour,227,0.2955729166666667,1.8299081360734308,1.6598162721468617,1.2025435164925729
oscillatory detour,228,0.296875,1.8397070307367676,1.6794140614735351,1.193506852593118
oscillatory detour,229,0.2981770833333333,1.8490344581884164,1.6980689163768328,1.1844142679917586
oscillatory detour,230,0.2994791666666667,1.8578900539503063,1.7157801079006125,1.1752829413669343
oscillatory detour,231,0.30078125,1.8662742743196863,1.7325485486393726,1.1661302317753401
oscillatory detour,232,0.3020833333333333,1.8741883911469714,1.7483767822939429,1.1569736185451585
oscillatory detour,233,0.3033854166666667,1.8816344849633928,1.7632689699267856,1.1478306396140432
oscillatory detour,234,0.3046875,1.8886154364784384,1.7772308729568769,1.1387188289093015
oscillatory detour,235,0.3059895833333333,1.8951349164706799,1.7902698329413598,1.1296556533791713
oscillatory detour,236,0.3072916666666667,1.901197374099108,1.8023947481982159,1.120658450283051
oscillatory detour,237,0.30859375,1.906808023665566,1.813616047331132,1.1117443653365655
oscillatory detour,238,0.3098958333333333,1.911972829862262,1.823945659724524,1.1029302922843498
oscillatory detour,239,0.3111979166666667,1.9166984915416498,1.8333969830832997,1.09423281444016
oscillatory detour,240,0.3125,1.920992424049175,1.8419848480983498,1.0856681486910065
oscillatory detour,241,0.3138020833333333,1.9248627401625085,1.849725480325017,1.0772520924118485
oscillatory detour,242,0.3151041666666667,1.9283182296838954,1.8566364593677909,1.0689999736796607
oscillatory detour,243,0.31640625,1.9313683377351376,1.8627366754702752,1.0609266051134458
oscillatory detour,244,0.3177083333333333,1.9340231418075176,1.868046283615035,1.0530462416010946
oscillatory detour,245,0.3190104166666667,1.936293327621617,1.872586655243234,1.045372542106118
oscillatory detour,246,0.3203125,1.9381901638544958,1.8763803277089917,1.0379185356793692
oscillatory detour,247,0.3216145833333333,1.9397254757940945,1.879450951588189,1.0306965917348099
oscillatory detour,248,0.3229166666666667,1.9409116179829518,1.8818232359659035,1.0237183945842048
oscillatory detour,249,0.32421875,1.9417614459154144,1.8835228918308289,1.0169949221660368
oscillatory detour,250,0.3255208333333333,1.9422882868544769,1.8845765737089537,1.0105364288500438
oscillatory detour,251,0.3268229166666667,1.9425059098361408,1.8850118196722816,1.0043524321492934
oscillatory detour,252,0.328125,1.942428494930831,1.884856989861662,0.9984517031310107
oscillatory detour,253,0.3294270833333333,1.9420706018328426,1.8841412036656853,0.9928422602820504
oscillatory detour,254,0.3307291666666667,1.9414471378500928,1.8828942757001856,0.9875313665582135
oscillatory detour,255,0.33203125,1.9405733253675619,1.8811466507351238,0.9825255293267038
oscillatory detour,256,0.3333333333333333,1.939464668858765,1.8789293377175298,0.9778305028990822
oscillatory detour,257,0.3346354166666667,1.938136921520346,1.8762738430406918,0.9734512933462652
oscillatory detour,258,0.3359375,1.9366060516055081,1.8732121032110163,0.9693921652895363
oscillatory detour,259,0.3372395833333333,1.934888208532388,1.869776417064776,0.9656566503681554
oscillatory detour,260,0.3385416666666667,1.9329996888437317,1.8659993776874635,0.962247557098004
oscillatory detour,261,0.33984375,1.9309569020942938,1.8619138041885877,0.9591669818533521
oscillatory detour,262,0.3411458333333333,1.9287763367422572,1.8575526734845145,0.9564163207259895
oscillatory detour,263,0.3424479166666667,1.9264745261206824,1.8529490522413647,0.953996282041315
oscillatory detour,264,0.34375,1.924068014564526,1.8481360291290518,0.9519068993392106
oscillatory detour,265,0.3450520833333333,1.9215733237681112,1.8431466475362224,0.9501475446569363
oscillatory detour,266,0.3463541666666667,1.9190069194471373,1.8380138388942746,0.9487169419831065
oscillatory detour,267,0.34765625,1.9163851783782944,1.8327703567565887,0.9476131807821373
oscillatory detour,268,0.3489583333333333,1.913724355888426,1.827448711776852,0.9468337295210633
oscillatory detour,269,0.3502604166666667,1.9110405538638287,1.8220811077276573,0.9463754491598037
oscillatory detour,270,0.3515625,1.9083496893488157,1.8166993786976313,0.9462346065961171
oscillatory detour,271,0.3528645833333333,1.9056674638010183,1.8113349276020365,0.9464068880828529
oscillatory detour,272,0.3541666666666667,1.9030093330690985,1.806018666138197,0.9468874126603579
oscillatory detour,273,0.35546875,1.900390478156616,1.8007809563132322,0.9476707456692288
oscillatory detour,274,0.3567708333333333,1.89782577683369,1.7956515536673798,0.9487509124273196
oscillatory detour,275,0.3580729166666667,1.8953297761558638,1.7906595523117277,0.9501214121709538
oscillatory detour,276,0.359375,1.892916665947241,1.785833331894482,0.9517752323729157
oscillatory detour,277,0.3606770833333333,1.8906002533024404,1.7812005066048808,0.9537048635577984
oscillatory detour,278,0.3619791666666667,1.8883939381593322,1.7767878763186644,0.9559023147407439
oscillatory detour,279,0.36328125,1.8863106899917779,1.7726213799835557,0.9583591296164886
oscillatory detour,280,0.3645833333333333,1.884363025668761,1.7687260513375218,0.9610664036227572
oscillatory detour,281,0.3658854166666667,1.8825629885233761,1.7651259770467522,0.9640148019963712
oscillatory detour,282,0.3671875,1.8809221286720856,1.7618442573441713,0.9671945789295671
oscillatory detour,283,0.3684895833333333,1.879451484621567,1.7589029692431342,0.9705955979222405
oscillatory detour,284,0.3697916666666667,1.8781615661972584,1.7563231323945168,0.9742073534086025
oscillatory detour,285,0.37109375,1.877062338824449,1.754124677648898,0.9780189937187583
oscillatory detour,286,0.3723958333333333,1.8761632091894345,1.752326418378869,0.982019345414504
oscillatory detour,287,0.3736979166666667,1.8754730123048673,1.7509460246097346,0.9861969390159424
oscillatory detour,288,0.375,1.875,1.75,0.990540036111421
oscillatory detour,289,0.3763020833333333,1.8747518308530546,1.7495036617061093,0.9950366578186189
oscillatory detour,290,0.3776041666666667,1.8747355615794412,1.7494711231588824,0.999674614539215
oscillatory detour,291,0.37890625,1.8749576398860335,1.749915279772067,1.0044415369250628
oscillatory detour,292,0.3802083333333333,1.8754238987981702,1.7508477975963403,1.0093249079495685
oscillatory detour,293,0.3815104166666667,1.8761395524625066,1.7522791049250133,1.0143120959553493
oscillatory detour,294,0.3828125,1.8771091934253121,1.7542183868506243,1.0193903885286477
oscillatory detour,295,0.3841145833333333,1.8783367913822726,1.7566735827645452,1.0245470270321027
oscillatory detour,296,0.3854166666666667,1.8798256933923687,1.7596513867847374,1.0297692416121829
oscillatory detour,297,0.38671875,1.8815786255449032,1.7631572510898064,1.0350442864841227
oscillatory detour,298,0.3880208333333333,1.8835976960653378,1.7671953921306756,1.0403594752886167
oscillatory detour,299,0.3893229166666667,1.8858843998421886,1.7717687996843772,1.0457022163076994
oscillatory detour,300,0.390625,1.8884396243539032,1.7768792487078064,1.0510600473254725
oscillatory detour,301,0.3919270833333333,1.8912636569713512,1.7825273139427025,1.0564206699199732
oscillatory detour,302,0.3932291666666667,1.8943561936083757,1.7887123872167514,1.0617719829779781
oscillatory detour,303,0.39453125,1.897716348689697,1.7954326973793941,1.0671021152316094
oscillatory detour,304,0.3958333333333333,1.9013426664024313,1.8026853328048627,1.0723994566276853
oscillatory detour,305,0.3971354166666667,1.9052331331945302,1.8104662663890605,1.0776526883544713
oscillatory detour,306,0.3984375,1.9093851914805826,1.8187703829611652,1.0828508113667188
oscillatory detour,307,0.3997395833333333,1.9137957545126847,1.8275915090253694,1.0879831732691287
oscillatory detour,308,0.4010416666666667,1.91846122237143,1.8369224447428598,1.0930394934377523
oscillatory detour,309,0.40234375,1.9233774990295636,1.8467549980591271,1.098009886280918
oscillatory detour,310,0.4036458333333333,1.9285400104384418,1.8570800208768836,1.1028848825627566
oscillatory detour,311,0.4049479166666667,1.933943723585172,1.867887447170344,1.107655448734904
oscillatory detour,312,0.40625,1.9395831664661756,1.8791663329323511,1.1123130042437757
oscillatory detour,313,0.4075520833333333,1.9454524489209246,1.8909048978418492,1.1168494368021955
oscillatory detour,314,0.4088541666666667,1.9515452842677528,1.9030905685355055,1.1212571156343385
oscillatory detour,315,0.41015625,1.957855011681944,1.915710023363888,1.1255289027217918
oscillatory detour,316,0.4114583333333333,1.964374619254746,1.928749238509492,1.1296581620954664
oscillatory detour,317,0.4127604166666667,1.971096767670576,1.942193535341152,1.133638767233652
oscillatory detour,318,0.4140625,1.9780138144384392,1.9560276288768783,1.1374651066390182
oscillatory detour,319,0.4153645833333333,1.9851178386125157,1.9702356772250313,1.141132087678547
oscillatory detour,320,0.4166666666666667,1.9924006659359672,1.9848013318719344,1.144635138778817
oscillatory detour,321,0.41796875,1.9998538943412527,1.9997077886825054,1.1479702100747018
oscillatory detour,322,0.4192708333333333,2.0074689197396967,0.014937839479393311,1.1511337726143998
oscillatory detour,323,0.4205729166666667,2.015236962032615,0.030473924065230307,1.154122816224173
oscillatory detour,324,0.421875,2.0231490912760903,0.046298182552180656,1.1569348461368412
oscillatory detour,325,0.4231770833333333,2.0311962539313972,0.06239250786279449,1.1595678784849837
oscillatory detour,326,0.4244791666666667,2.039369299133199,0.07873859826639773,1.1620204347563423
oscillatory detour,327,0.42578125,2.047659004907887,0.09531800981577376,1.1642915353030863
oscillatory detour,328,0.4270833333333333,2.056056104274876,0.11211220854975235,1.1663806919898363
oscillatory detour,329,0.4283854166666667,2.064551311164281,0.12910262232856162,1.168287900058053
oscillatory detour,330,0.4296875,2.073135346085139,0.14627069217027788,1.1700136292749748
oscillatory detour,331,0.4309895833333333,2.0817989614793007,0.16359792295860132,1.1715588144271298
oscillatory detour,332,0.4322916666666667,2.0905329666971837,0.18106593339436738,1.1729248452088117
oscillatory detour,333,0.43359375,2.099328252532815,0.19865650506562993,1.1741135555458921
oscillatory detour,334,0.4348958333333333,2.1081758152570154,0.21635163051403072,1.1751272123875842
oscillatory detour,335,0.4361979166666667,2.1170667800891017,0.2341335601782033,1.1759685039885692
oscillatory detour,336,0.4375,2.125992424049175,0.25198484809835,1.1766405276963505
oscillatory detour,337,0.4388020833333333,2.1349441981349098,0.26988839626981953,1.1771467772513577
oscillatory detour,338,0.4401041666666667,2.143913748768715,0.28782749753743,1.1774911296003112
oscillatory detour,339,0.44140625,2.1528929384632436,0.3057858769264872,1.1776778312180178
oscillatory detour,340,0.4427083333333333,2.1618738656554406,0.3237477313108812,1.177711483928006
oscillatory detour,341,0.4440104166666667,2.170848883661697,0.3416977673233941,1.1775970302098329
oscillatory detour,342,0.4453125,2.1798106187090815,0.3596212374181631,1.1773397379771102
oscillatory detour,343,0.4466145833333333,2.1887519870002463,0.3775039740004926,1.176945184811517
oscillatory detour,344,0.4479166666666667,2.1976662107722293,0.3953324215444587,1.1764192416363861
oscillatory detour,345,0.44921875,2.2065468333121587,0.41309366662431746,1.1757680558161323
oscillatory detour,346,0.4505208333333333,2.2153877328956955,0.4307754657913909,1.174998033669561
oscillatory detour,347,0.4518229166666667,2.224183135617006,0.4483662712340122,1.1741158223895298
oscillatory detour,348,0.453125,2.2329276270820273,0.4658552541640546,1.1731282913648793
oscillatory detour,349,0.4544270833333333,2.2416161629398705,0.4832323258797411,1.1720425129068759
oscillatory detour,350,0.4557291666666667,2.250244078230338,0.5004881564606762,1.1708657423880877
oscillatory detour,351,0.45703125,2.258807095528677,0.517614191057354,1.1696053978078962
oscillatory detour,352,0.4583333333333333,2.267301331871934,0.5346026637438683,1.1682690388066963
oscillatory detour,353,0.4596354166666667,2.27572330445451,0.5514466089090204,1.1668643451573935
oscillatory detour,354,0.4609375,2.284069935083776,0.5681398701675517,1.1653990947704607
oscillatory detour,355,0.4622395833333333,2.2923385533899236,0.5846771067798473,1.1638811412565788
oscillatory detour,356,0.4635416666666667,2.300526898787508,0.6010537975750161,1.1623183910974542
oscillatory detour,357,0.46484375,2.308633121189432,0.6172662423788644,1.1607187804826666
oscillatory detour,358,0.4661458333333333,2.316655780477425,0.6333115609548496,1.1590902518766164
oscillatory detour,359,0.4674479166666667,2.324593844736341,0.649187689472682,1.1574407303858443
oscillatory detour,360,0.46875,2.3324466872628444,0.6648933745256889,1.1557781000013303
oscillatory detour,361,0.4700520833333333,2.340214082362269,0.680428164724538,1.1541101797957327
oscillatory detour,362,0.4713541666666667,2.3478961999506254,0.6957923999012507,1.152444700158434
oscillatory detour,363,0.47265625,2.3554935989818464,0.7109871979636928,1.150789279154176
oscillatory detour,364,0.4739583333333333,2.3630072197234346,0.7260144394468693,1.1491513990927582
oscillatory detour,365,0.4752604166666667,2.3704383749067004,0.7408767498134008,1.1475383833986341
oscillatory detour,366,0.4765625,2.3777887397806894,0.7555774795613788,1.145957373868369
oscillatory detour,367,0.4778645833333333,2.385060341101778,0.7701206822035562,1.1444153084040671
oscillatory detour,368,0.4791666666666667,2.3922555450936853,0.7845110901873706,1.1429188993087902
oscillatory detour,369,0.48046875,2.39937704441532,0.7987540888306404,1.1414746122275639
oscillatory detour,370,0.4817708333333333,2.406427844176468,0.8128556883529363,1.1400886458146966
oscillatory detour,371,0.4830729166666667,2.413411247043807,0.8268224940876143,1.1387669122049149
oscillatory detour,372,0.484375,2.4203308374820827,0.8406616749641653,1.1375150183609009
oscillatory detour,373,0.4856770833333333,2.4271904651775422,0.8543809303550844,1.1363382483664344
oscillatory detour,374,0.4869791666666667,2.433994227692831,0.867988455385662,1.1352415467286732
oscillatory detour,375,0.48828125,2.4407464524045555,0.8814929048091109,1.1342295027488078
oscillatory detour,376,0.4895833333333333,2.447451677776577,0.8949033555531543,1.1333063360149507
oscillatory detour,377,0.4908854166666667,2.4541146340238167,0.9082292680476334,1.132475883065989
oscillatory detour,378,0.4921875,2.4607402232229356,0.9214804464458712,1.1317415852703427
oscillatory detour,379,0.4934895833333333,2.4673334989276805,0.934666997855361,1.1311064779580349
oscillatory detour,380,0.4947916666666667,2.4738996453479807,0.9477992906959614,1.130573180840379
oscillatory detour,381,0.49609375,2.480443956152984,0.9608879123059682,1.130143889745684
oscillatory detour,382,0.4973958333333333,2.486971812959227,0.9739436259184542,1.1298203696962348
oscillatory detour,383,0.4986979166666667,2.49348866356592,0.9869773271318403,1.1296039493460843
oscillatory detour,384,0.5,2.5,1.0,1.1294955167958203
oscillatory detour,385,0.5013020833333334,2.506510416666666,1.0130208333333321,1.1294774298776915
oscillatory detour,386,0.5026041666666666,2.513020833333333,1.026041666666666,1.129477429877709
oscillatory detour,387,0.50390625,2.51953125,1.0390625,1.129477429877709
oscillatory detour,388,0.5052083333333334,2.526041666666666,1.0520833333333321,1.1294774298776915
oscillatory detour,389,0.5065104166666666,2.532552083333333,1.065104166666666,1.129477429877709
oscillatory detour,390,0.5078125,2.5390625,1.078125,1.129477429877709
oscillatory detour,391,0.5091145833333334,2.545572916666666,1.0911458333333321,1.1294774298776915
oscillatory detour,392,0.5104166666666666,2.552083333333333,1.104166666666666,1.129477429877709
oscillatory detour,393,0.51171875,2.55859375,1.1171875,1.129477429877709
oscillatory detour,394,0.5130208333333334,2.565104166666666,1.1302083333333321,1.1294774298776915
oscillatory detour,395,0.5143229166666666,2.571614583333333,1.143229166666666,1.129477429877709
oscillatory detour,396,0.515625,2.578125,1.15625,1.129477429877709
oscillatory detour,397,0.5169270833333334,2.584635416666666,1.1692708333333321,1.1294774298776915
oscillatory detour,398,0.5182291666666666,2.591145833333333,1.182291666666666,1.129477429877709
oscillatory detour,399,0.51953125,2.59765625,1.1953125,1.129477429877709
oscillatory detour,400,0.5208333333333334,2.604166666666666,1.2083333333333321,1.1294774298776915
oscillatory detour,401,0.5221354166666666,2.610677083333333,1.221354166666666,1.129477429877709
oscillatory detour,402,0.5234375,2.6171875,1.234375,1.129477429877709
oscillatory detour,403,0.5247395833333334,2.623697916666666,1.2473958333333321,1.1294774298776915
oscillatory detour,404,0.5260416666666666,2.630208333333333,1.260416666666666,1.129477429877709
oscillatory detour,405,0.52734375,2.63671875,1.2734375,1.129477429877709
oscillatory detour,406,0.5286458333333334,2.643229166666666,1.2864583333333321,1.1294774298776915
oscillatory detour,407,0.5299479166666666,2.649739583333333,1.299479166666666,1.129477429877709
oscillatory detour,408,0.53125,2.65625,1.3125,1.129477429877709
oscillatory detour,409,0.5325520833333334,2.662760416666666,1.3255208333333321,1.1294774298776915
oscillatory detour,410,0.5338541666666666,2.669270833333333,1.338541666666666,1.129477429877709
oscillatory detour,411,0.53515625,2.67578125,1.3515625,1.129477429877709
oscillatory detour,412,0.5364583333333334,2.682291666666666,1.3645833333333321,1.1294774298776915
oscillatory detour,413,0.5377604166666666,2.688802083333333,1.377604166666666,1.129477429877709
oscillatory detour,414,0.5390625,2.6953125,1.390625,1.129477429877709
oscillatory detour,415,0.5403645833333334,2.701822916666666,1.4036458333333321,1.1294774298776915
oscillatory detour,416,0.5416666666666666,2.708333333333333,1.416666666666666,1.129477429877709
oscillatory detour,417,0.54296875,2.71484375,1.4296875,1.129477429877709
oscillatory detour,418,0.5442708333333334,2.721354166666666,1.4427083333333321,1.1294774298776915
oscillatory detour,419,0.5455729166666666,2.727864583333333,1.455729166666666,1.129477429877709
oscillatory detour,420,0.546875,2.734375,1.46875,1.129477429877709
oscillatory detour,421,0.5481770833333334,2.740885416666666,1.4817708333333321,1.1294774298776915
oscillatory detour,422,0.5494791666666666,2.747395833333333,1.494791666666666,1.129477429877709
oscillatory detour,423,0.55078125,2.75390625,1.5078125,1.129477429877709
oscillatory detour,424,0.5520833333333334,2.760416666666666,1.5208333333333321,1.1294774298776915
oscillatory detour,425,0.5533854166666666,2.766927083333333,1.533854166666666,1.129477429877709
oscillatory detour,426,0.5546875,2.7734375,1.546875,1.129477429877709
oscillatory detour,427,0.5559895833333334,2.779947916666666,1.5598958333333321,1.1294774298776915
oscillatory detour,428,0.5572916666666666,2.786458333333333,1.572916666666666,1.129477429877709
oscillatory detour,429,0.55859375,2.79296875,1.5859375,1.129477429877709
oscillatory detour,430,0.5598958333333334,2.799479166666666,1.5989583333333321,1.1294774298776915
oscillatory detour,431,0.5611979166666666,2.805989583333333,1.611979166666666,1.129477429877709
oscillatory detour,432,0.5625,2.8125,1.625,1.129477429877709
oscillatory detour,433,0.5638020833333334,2.819010416666666,1.6380208333333321,1.1294774298776915
oscillatory detour,434,0.5651041666666666,2.825520833333333,1.651041666666666,1.129477429877709
oscillatory detour,435,0.56640625,2.83203125,1.6640625,1.129477429877709
oscillatory detour,436,0.5677083333333334,2.838541666666666,1.6770833333333321,1.1294774298776915
oscillatory detour,437,0.5690104166666666,2.845052083333333,1.690104166666666,1.129477429877709
oscillatory detour,438,0.5703125,2.8515625,1.703125,1.129477429877709
oscillatory detour,439,0.5716145833333334,2.858072916666666,1.7161458333333321,1.1294774298776915
oscillatory detour,440,0.5729166666666666,2.864583333333333,1.729166666666666,1.129477429877709
oscillatory detour,441,0.57421875,2.87109375,1.7421875,1.129477429877709
oscillatory detour,442,0.5755208333333334,2.877604166666666,1.7552083333333321,1.1294774298776915
oscillatory detour,443,0.5768229166666666,2.884114583333333,1.768229166666666,1.129477429877709
oscillatory detour,444,0.578125,2.890625,1.78125,1.129477429877709
oscillatory detour,445,0.5794270833333334,2.897135416666666,1.7942708333333321,1.1294774298776915
oscillatory detour,446,0.5807291666666666,2.903645833333333,1.807291666666666,1.129477429877709
oscillatory detour,447,0.58203125,2.91015625,1.8203125,1.129477429877709
oscillatory detour,448,0.5833333333333334,2.916666666666666,1.8333333333333321,1.1294774298776915
oscillatory detour,449,0.5846354166666666,2.923177083333333,1.846354166666666,1.129477429877709
oscillatory detour,450,0.5859375,2.9296875,1.859375,1.129477429877709
oscillatory detour,451,0.5872395833333334,2.936197916666666,1.8723958333333321,1.1294774298776915
oscillatory detour,452,0.5885416666666666,2.942708333333333,1.885416666666666,1.129477429877709
oscillatory detour,453,0.58984375,2.94921875,1.8984375,1.129477429877709
oscillatory detour,454,0.5911458333333334,2.955729166666666,1.9114583333333321,1.1294774298776915
oscillatory detour,455,0.5924479166666666,2.962239583333333,1.924479166666666,1.129477429877709
oscillatory detour,456,0.59375,2.96875,1.9375,1.129477429877709
oscillatory detour,457,0.5950520833333334,2.975260416666666,1.9505208333333321,1.1294774298776915
oscillatory detour,458,0.5963541666666666,2.981770833333333,1.963541666666666,1.129477429877709
oscillatory detour,459,0.59765625,2.98828125,1.9765625,1.129477429877709
oscillatory detour,460,0.5989583333333334,2.994791666666666,1.9895833333333321,1.1294774298776915
oscillatory detour,461,0.6002604166666666,3.001302083333333,0.0026041666666660745,1.129477429877709
oscillatory detour,462,0.6015625,3.0078125,0.015625,1.129477429877709
oscillatory detour,463,0.6028645833333334,3.014322916666666,0.02864583333333215,1.1294774298776915
oscillatory detour,464,0.6041666666666666,3.020833333333333,0.041666666666666075,1.129477429877709
oscillatory detour,465,0.60546875,3.02734375,0.0546875,1.129477429877709
oscillatory detour,466,0.6067708333333334,3.033854166666666,0.06770833333333215,1.1294774298776915
oscillatory detour,467,0.6080729166666666,3.040364583333333,0.08072916666666607,1.129477429877709
oscillatory detour,468,0.609375,3.046875,0.09375,1.129477429877709
oscillatory detour,469,0.6106770833333334,3.053385416666666,0.10677083333333215,1.1294774298776915
oscillatory detour,470,0.6119791666666666,3.059895833333333,0.11979166666666607,1.129477429877709
oscillatory detour,471,0.61328125,3.06640625,0.1328125,1.129477429877709
oscillatory detour,472,0.6145833333333334,3.072916666666666,0.14583333333333215,1.1294774298776915
oscillatory detour,473,0.6158854166666666,3.079427083333333,0.15885416666666607,1.129477429877709
oscillatory detour,474,0.6171875,3.0859375,0.171875,1.129477429877709
oscillatory detour,475,0.6184895833333334,3.092447916666666,0.18489583333333215,1.1294774298776915
oscillatory detour,476,0.6197916666666666,3.098958333333333,0.19791666666666607,1.129477429877709
oscillatory detour,477,0.62109375,3.10546875,0.2109375,1.129477429877709
oscillatory detour,478,0.6223958333333334,3.111979166666666,0.22395833333333215,1.1294774298776915
oscillatory detour,479,0.6236979166666666,3.118489583333333,0.23697916666666607,1.129477429877709
oscillatory detour,480,0.625,3.125,0.25,1.129477429877709
oscillatory detour,481,0.6263020833333334,3.131510416666666,0.26302083333333215,1.1294774298776915
oscillatory detour,482,0.6276041666666666,3.138020833333333,0.2760416666666661,1.129477429877709
oscillatory detour,483,0.62890625,3.14453125,0.2890625,1.129477429877709
oscillatory detour,484,0.6302083333333334,3.151041666666666,0.30208333333333215,1.1294774298776915
oscillatory detour,485,0.6315104166666666,3.157552083333333,0.3151041666666661,1.129477429877709
oscillatory detour,486,0.6328125,3.1640625,0.328125,1.129477429877709
oscillatory detour,487,0.6341145833333334,3.170572916666666,0.34114583333333215,1.1294774298776915
oscillatory detour,488,0.6354166666666666,3.177083333333333,0.3541666666666661,1.129477429877709
oscillatory detour,489,0.63671875,3.18359375,0.3671875,1.129477429877709
oscillatory detour,490,0.6380208333333334,3.190104166666666,0.38020833333333215,1.1294774298776915
oscillatory detour,491,0.6393229166666666,3.196614583333333,0.3932291666666661,1.129477429877709
oscillatory detour,492,0.640625,3.203125,0.40625,1.129477429877709
oscillatory detour,493,0.6419270833333334,3.209635416666666,0.41927083333333215,1.1294774298776915
oscillatory detour,494,0.6432291666666666,3.216145833333333,0.4322916666666661,1.129477429877709
oscillatory detour,495,0.64453125,3.22265625,0.4453125,1.129477429877709
oscillatory detour,496,0.6458333333333334,3.229166666666666,0.45833333333333215,1.1294774298776915
oscillatory detour,497,0.6471354166666666,3.235677083333333,0.4713541666666661,1.129477429877709
oscillatory detour,498,0.6484375,3.2421875,0.484375,1.129477429877709
oscillatory detour,499,0.6497395833333334,3.248697916666666,0.49739583333333215,1.1294774298776915
oscillatory detour,500,0.6510416666666666,3.255208333333333,0.5104166666666661,1.129477429877709
oscillatory detour,501,0.65234375,3.26171875,0.5234375,1.129477429877709
oscillatory detour,502,0.6536458333333334,3.268229166666666,0.5364583333333321,1.1294774298776915
oscillatory detour,503,0.6549479166666666,3.274739583333333,0.5494791666666661,1.129477429877709
oscillatory detour,504,0.65625,3.28125,0.5625,1.129477429877709
oscillatory detour,505,0.6575520833333334,3.287760416666666,0.5755208333333321,1.1294774298776915
oscillatory detour,506,0.6588541666666666,3.294270833333333,0.5885416666666661,1.129477429877709
oscillatory detour,507,0.66015625,3.30078125,0.6015625,1.129477429877709
oscillatory detour,508,0.6614583333333334,3.307291666666666,0.6145833333333321,1.1294774298776915
oscillatory detour,509,0.6627604166666666,3.313802083333333,0.6276041666666661,1.129477429877709
oscillatory detour,510,0.6640625,3.3203125,0.640625,1.129477429877709
oscillatory detour,511,0.6653645833333334,3.326822916666666,0.6536458333333321,1.1294774298776915
oscillatory detour,512,0.6666666666666666,3.333333333333333,0.6666666666666661,1.129477429877709
oscillatory detour,513,0.66796875,3.33984375,0.6796875,1.129477429877709
oscillatory detour,514,0.6692708333333334,3.346354166666666,0.6927083333333321,1.1294774298776915
oscillatory detour,515,0.6705729166666666,3.352864583333333,0.7057291666666661,1.129477429877709
oscillatory detour,516,0.671875,3.359375,0.71875,1.129477429877709
oscillatory detour,517,0.6731770833333334,3.365885416666666,0.7317708333333321,1.1294774298776915
oscillatory detour,518,0.6744791666666666,3.372395833333333,0.7447916666666661,1.129477429877709
oscillatory detour,519,0.67578125,3.37890625,0.7578125,1.129477429877709
oscillatory detour,520,0.6770833333333334,3.385416666666666,0.7708333333333321,1.1294774298776915
oscillatory detour,521,0.6783854166666666,3.391927083333333,0.7838541666666661,1.129477429877709
oscillatory detour,522,0.6796875,3.3984375,0.796875,1.129477429877709
oscillatory detour,523,0.6809895833333334,3.404947916666666,0.8098958333333321,1.1294774298776915
oscillatory detour,524,0.6822916666666666,3.411458333333333,0.8229166666666661,1.129477429877709
oscillatory detour,525,0.68359375,3.41796875,0.8359375,1.129477429877709
oscillatory detour,526,0.6848958333333334,3.424479166666666,0.8489583333333321,1.1294774298776915
oscillatory detour,527,0.6861979166666666,3.430989583333333,0.8619791666666661,1.129477429877709
oscillatory detour,528,0.6875,3.4375,0.875,1.129477429877709
oscillatory detour,529,0.6888020833333334,3.444010416666666,0.8880208333333321,1.1294774298776915
oscillatory detour,530,0.6901041666666666,3.450520833333333,0.9010416666666661,1.129477429877709
oscillatory detour,531,0.69140625,3.45703125,0.9140625,1.129477429877709
oscillatory detour,532,0.6927083333333334,3.463541666666666,0.9270833333333321,1.1294774298776915
oscillatory detour,533,0.6940104166666666,3.470052083333333,0.9401041666666661,1.129477429877709
oscillatory detour,534,0.6953125,3.4765625,0.953125,1.129477429877709
oscillatory detour,535,0.6966145833333334,3.483072916666666,0.9661458333333321,1.1294774298776915
oscillatory detour,536,0.6979166666666666,3.489583333333333,0.9791666666666661,1.129477429877709
oscillatory detour,537,0.69921875,3.49609375,0.9921875,1.129477429877709
oscillatory detour,538,0.7005208333333334,3.502604166666666,1.0052083333333321,1.1294774298776915
oscillatory detour,539,0.7018229166666666,3.509114583333333,1.018229166666666,1.129477429877709
oscillatory detour,540,0.703125,3.515625,1.03125,1.129477429877709
oscillatory detour,541,0.7044270833333334,3.522135416666666,1.0442708333333321,1.1294774298776915
oscillatory detour,542,0.7057291666666666,3.528645833333333,1.057291666666666,1.129477429877709
oscillatory detour,543,0.70703125,3.53515625,1.0703125,1.129477429877709
oscillatory detour,544,0.7083333333333334,3.541666666666666,1.0833333333333321,1.1294774298776915
oscillatory detour,545,0.7096354166666666,3.548177083333333,1.096354166666666,1.129477429877709
oscillatory detour,546,0.7109375,3.5546875,1.109375,1.129477429877709
oscillatory detour,547,0.7122395833333334,3.561197916666666,1.1223958333333321,1.1294774298776915
oscillatory detour,548,0.7135416666666666,3.567708333333333,1.135416666666666,1.129477429877709
oscillatory detour,549,0.71484375,3.57421875,1.1484375,1.129477429877709
oscillatory detour,550,0.7161458333333334,3.580729166666666,1.1614583333333321,1.1294774298776915
oscillatory detour,551,0.7174479166666666,3.587239583333333,1.174479166666666,1.129477429877709
oscillatory detour,552,0.71875,3.59375,1.1875,1.129477429877709
oscillatory detour,553,0.7200520833333334,3.600260416666666,1.2005208333333321,1.1294774298776915
oscillatory detour,554,0.7213541666666666,3.606770833333333,1.213541666666666,1.129477429877709
oscillatory detour,555,0.72265625,3.61328125,1.2265625,1.129477429877709
oscillatory detour,556,0.7239583333333334,3.619791666666666,1.2395833333333321,1.1294774298776915
oscillatory detour,557,0.7252604166666666,3.626302083333333,1.252604166666666,1.129477429877709
oscillatory detour,558,0.7265625,3.6328125,1.265625,1.129477429877709
oscillatory detour,559,0.7278645833333334,3.639322916666666,1.2786458333333321,1.1294774298776915
oscillatory detour,560,0.7291666666666666,3.645833333333333,1.291666666666666,1.129477429877709
oscillatory detour,561,0.73046875,3.65234375,1.3046875,1.129477429877709
oscillatory detour,562,0.7317708333333334,3.658854166666666,1.3177083333333321,1.1294774298776915
oscillatory detour,563,0.7330729166666666,3.665364583333333,1.330729166666666,1.129477429877709
oscillatory detour,564,0.734375,3.671875,1.34375,1.129477429877709
oscillatory detour,565,0.7356770833333334,3.678385416666666,1.3567708333333321,1.1294774298776915
oscillatory detour,566,0.7369791666666666,3.684895833333333,1.369791666666666,1.129477429877709
oscillatory detour,567,0.73828125,3.69140625,1.3828125,1.129477429877709
oscillatory detour,568,0.7395833333333334,3.697916666666666,1.3958333333333321,1.1294774298776915
oscillatory detour,569,0.7408854166666666,3.704427083333333,1.408854166666666,1.129477429877709
oscillatory detour,570,0.7421875,3.7109375,1.421875,1.129477429877709
oscillatory detour,571,0.7434895833333334,3.717447916666666,1.4348958333333321,1.1294774298776915
oscillatory detour,572,0.7447916666666666,3.723958333333333,1.447916666666666,1.129477429877709
oscillatory detour,573,0.74609375,3.73046875,1.4609375,1.129477429877709
oscillatory detour,574,0.7473958333333334,3.736979166666666,1.4739583333333321,1.1294774298776915
oscillatory detour,575,0.7486979166666666,3.743489583333333,1.486979166666666,1.129477429877709
oscillatory detour,576,0.75,3.75,1.5,1.129477429877709
oscillatory detour,577,0.7513020833333334,3.756510416666666,1.5130208333333321,1.1294774298776915
oscillatory detour,578,0.7526041666666666,3.763020833333333,1.526041666666666,1.129477429877709
oscillatory detour,579,0.75390625,3.76953125,1.5390625,1.129477429877709
oscillatory detour,580,0.7552083333333334,3.776041666666666,1.5520833333333321,1.1294774298776915
oscillatory detour,581,0.7565104166666666,3.782552083333333,1.565104166666666,1.129477429877709
oscillatory detour,582,0.7578125,3.7890625,1.578125,1.129477429877709
oscillatory detour,583,0.7591145833333334,3.795572916666666,1.5911458333333321,1.1294774298776915
oscillatory detour,584,0.7604166666666666,3.802083333333333,1.604166666666666,1.129477429877709
oscillatory detour,585,0.76171875,3.80859375,1.6171875,1.129477429877709
oscillatory detour,586,0.7630208333333334,3.815104166666666,1.6302083333333321,1.1294774298776915
oscillatory detour,587,0.7643229166666666,3.821614583333333,1.643229166666666,1.129477429877709
oscillatory detour,588,0.765625,3.828125,1.65625,1.129477429877709
oscillatory detour,589,0.7669270833333334,3.834635416666666,1.6692708333333321,1.1294774298776915
oscillatory detour,590,0.7682291666666666,3.841145833333333,1.682291666666666,1.129477429877709
oscillatory detour,591,0.76953125,3.84765625,1.6953125,1.129477429877709
oscillatory detour,592,0.7708333333333334,3.854166666666666,1.7083333333333321,1.1294774298776915
oscillatory detour,593,0.7721354166666666,3.860677083333333,1.721354166666666,1.129477429877709
oscillatory detour,594,0.7734375,3.8671875,1.734375,1.129477429877709
oscillatory detour,595,0.7747395833333334,3.873697916666666,1.7473958333333321,1.1294774298776915
oscillatory detour,596,0.7760416666666666,3.880208333333333,1.760416666666666,1.129477429877709
oscillatory detour,597,0.77734375,3.88671875,1.7734375,1.129477429877709
oscillatory detour,598,0.7786458333333334,3.893229166666666,1.7864583333333321,1.1294774298776915
oscillatory detour,599,0.7799479166666666,3.899739583333333,1.799479166666666,1.129477429877709
oscillatory detour,600,0.78125,3.90625,1.8125,1.129477429877709
oscillatory detour,601,0.7825520833333334,3.912760416666666,1.8255208333333321,1.1294774298776915
oscillatory detour,602,0.7838541666666666,3.919270833333333,1.838541666666666,1.129477429877709
oscillatory detour,603,0.78515625,3.92578125,1.8515625,1.129477429877709
oscillatory detour,604,0.7864583333333334,3.932291666666666,1.8645833333333321,1.1294774298776915
oscillatory detour,605,0.7877604166666666,3.938802083333333,1.877604166666666,1.129477429877709
oscillatory detour,606,0.7890625,3.9453125,1.890625,1.129477429877709
oscillatory detour,607,0.7903645833333334,3.951822916666666,1.9036458333333321,1.1294774298776915
oscillatory detour,608,0.7916666666666666,3.958333333333333,1.916666666666666,1.129477429877709
oscillatory detour,609,0.79296875,3.96484375,1.9296875,1.129477429877709
oscillatory detour,610,0.7942708333333334,3.971354166666666,1.9427083333333321,1.1294774298776915
oscillatory detour,611,0.7955729166666666,3.977864583333333,1.955729166666666,1.129477429877709
oscillatory detour,612,0.796875,3.984375,1.96875,1.129477429877709
oscillatory detour,613,0.7981770833333334,3.990885416666666,1.9817708333333321,1.1294774298776915
oscillatory detour,614,0.7994791666666666,3.997395833333333,1.994791666666666,1.129477429877709
oscillatory detour,615,0.80078125,4.00390625,0.0078125,1.129477429877709
oscillatory detour,616,0.8020833333333334,4.010416666666666,0.02083333333333215,1.1294774298776915
oscillatory detour,617,0.8033854166666666,4.016927083333333,0.033854166666666075,1.129477429877709
oscillatory detour,618,0.8046875,4.0234375,0.046875,1.129477429877709
oscillatory detour,619,0.8059895833333334,4.029947916666666,0.05989583333333215,1.1294774298776915
oscillatory detour,620,0.8072916666666666,4.036458333333333,0.07291666666666607,1.129477429877709
oscillatory detour,621,0.80859375,4.04296875,0.0859375,1.129477429877709
oscillatory detour,622,0.8098958333333334,4.049479166666666,0.09895833333333215,1.1294774298776915
oscillatory detour,623,0.8111979166666666,4.055989583333333,0.11197916666666607,1.129477429877709
oscillatory detour,624,0.8125,4.0625,0.125,1.129477429877709
oscillatory detour,625,0.8138020833333334,4.069010416666666,0.13802083333333215,1.1294774298776915
oscillatory detour,626,0.8151041666666666,4.075520833333333,0.15104166666666607,1.129477429877709
oscillatory detour,627,0.81640625,4.08203125,0.1640625,1.129477429877709
oscillatory detour,628,0.8177083333333334,4.088541666666666,0.17708333333333215,1.1294774298776915
oscillatory detour,629,0.8190104166666666,4.095052083333333,0.19010416666666607,1.129477429877709
oscillatory detour,630,0.8203125,4.1015625,0.203125,1.129477429877709
oscillatory detour,631,0.8216145833333334,4.108072916666666,0.21614583333333215,1.1294774298776915
oscillatory detour,632,0.8229166666666666,4.114583333333333,0.22916666666666607,1.129477429877709
oscillatory detour,633,0.82421875,4.12109375,0.2421875,1.129477429877709
oscillatory detour,634,0.8255208333333334,4.127604166666666,0.25520833333333215,1.1294774298776915
oscillatory detour,635,0.8268229166666666,4.134114583333333,0.2682291666666661,1.129477429877709
oscillatory detour,636,0.828125,4.140625,0.28125,1.129477429877709
oscillatory detour,637,0.8294270833333334,4.147135416666666,0.29427083333333215,1.1294774298776915
oscillatory detour,638,0.8307291666666666,4.153645833333333,0.3072916666666661,1.129477429877709
oscillatory detour,639,0.83203125,4.16015625,0.3203125,1.129477429877709
oscillatory detour,640,0.8333333333333334,4.166666666666666,0.33333333333333215,1.1294774298776915
oscillatory detour,641,0.8346354166666666,4.173177083333333,0.3463541666666661,1.129477429877709
oscillatory detour,642,0.8359375,4.1796875,0.359375,1.129477429877709
oscillatory detour,643,0.8372395833333334,4.186197916666666,0.37239583333333215,1.1294774298776915
oscillatory detour,644,0.8385416666666666,4.192708333333333,0.3854166666666661,1.129477429877709
oscillatory detour,645,0.83984375,4.19921875,0.3984375,1.129477429877709
oscillatory detour,646,0.8411458333333334,4.205729166666666,0.41145833333333215,1.1294774298776915
oscillatory detour,647,0.8424479166666666,4.212239583333333,0.4244791666666661,1.129477429877709
oscillatory detour,648,0.84375,4.21875,0.4375,1.129477429877709
oscillatory detour,649,0.8450520833333334,4.225260416666666,0.45052083333333215,1.1294774298776915
oscillatory detour,650,0.8463541666666666,4.231770833333333,0.4635416666666661,1.129477429877709
oscillatory detour,651,0.84765625,4.23828125,0.4765625,1.129477429877709
oscillatory detour,652,0.8489583333333334,4.244791666666666,0.48958333333333215,1.1294774298776915
oscillatory detour,653,0.8502604166666666,4.251302083333333,0.5026041666666661,1.129477429877709
oscillatory detour,654,0.8515625,4.2578125,0.515625,1.129477429877709
oscillatory detour,655,0.8528645833333334,4.264322916666666,0.5286458333333321,1.1294774298776915
oscillatory detour,656,0.8541666666666666,4.270833333333333,0.5416666666666661,1.129477429877709
oscillatory detour,657,0.85546875,4.27734375,0.5546875,1.129477429877709
oscillatory detour,658,0.8567708333333334,4.283854166666666,0.5677083333333321,1.1294774298776915
oscillatory detour,659,0.8580729166666666,4.290364583333333,0.5807291666666661,1.129477429877709
oscillatory detour,660,0.859375,4.296875,0.59375,1.129477429877709
oscillatory detour,661,0.8606770833333334,4.303385416666666,0.6067708333333321,1.1294774298776915
oscillatory detour,662,0.8619791666666666,4.309895833333333,0.6197916666666661,1.129477429877709
oscillatory detour,663,0.86328125,4.31640625,0.6328125,1.129477429877709
oscillatory detour,664,0.8645833333333334,4.322916666666666,0.6458333333333321,1.1294774298776915
oscillatory detour,665,0.8658854166666666,4.329427083333333,0.6588541666666661,1.129477429877709
oscillatory detour,666,0.8671875,4.3359375,0.671875,1.129477429877709
oscillatory detour,667,0.8684895833333334,4.342447916666666,0.6848958333333321,1.1294774298776915
oscillatory detour,668,0.8697916666666666,4.348958333333333,0.6979166666666661,1.129477429877709
oscillatory detour,669,0.87109375,4.35546875,0.7109375,1.129477429877709
oscillatory detour,670,0.8723958333333334,4.361979166666666,0.7239583333333321,1.1294774298776915
oscillatory detour,671,0.8736979166666666,4.368489583333333,0.7369791666666661,1.129477429877709
oscillatory detour,672,0.875,4.375,0.75,1.129477429877709
oscillatory detour,673,0.8763020833333334,4.381510416666666,0.7630208333333321,1.1294774298776915
oscillatory detour,674,0.8776041666666666,4.388020833333333,0.7760416666666661,1.129477429877709
oscillatory detour,675,0.87890625,4.39453125,0.7890625,1.129477429877709
oscillatory detour,676,0.8802083333333334,4.401041666666666,0.8020833333333321,1.1294774298776915
oscillatory detour,677,0.8815104166666666,4.407552083333333,0.8151041666666661,1.129477429877709
oscillatory detour,678,0.8828125,4.4140625,0.828125,1.129477429877709
oscillatory detour,679,0.8841145833333334,4.420572916666666,0.8411458333333321,1.1294774298776915
oscillatory detour,680,0.8854166666666666,4.427083333333333,0.8541666666666661,1.129477429877709
oscillatory detour,681,0.88671875,4.43359375,0.8671875,1.129477429877709
oscillatory detour,682,0.8880208333333334,4.440104166666666,0.8802083333333321,1.1294774298776915
oscillatory detour,683,0.8893229166666666,4.446614583333333,0.8932291666666661,1.129477429877709
oscillatory detour,684,0.890625,4.453125,0.90625,1.129477429877709
oscillatory detour,685,0.8919270833333334,4.459635416666666,0.9192708333333321,1.1294774298776915
oscillatory detour,686,0.8932291666666666,4.466145833333333,0.9322916666666661,1.129477429877709
oscillatory detour,687,0.89453125,4.47265625,0.9453125,1.129477429877709
oscillatory detour,688,0.8958333333333334,4.479166666666666,0.9583333333333321,1.1294774298776915
oscillatory detour,689,0.8971354166666666,4.485677083333333,0.9713541666666661,1.129477429877709
oscillatory detour,690,0.8984375,4.4921875,0.984375,1.129477429877709
oscillatory detour,691,0.8997395833333334,4.498697916666666,0.9973958333333321,1.1294774298776915
oscillatory detour,692,0.9010416666666666,4.505208333333333,1.010416666666666,1.129477429877709
oscillatory detour,693,0.90234375,4.51171875,1.0234375,1.129477429877709
oscillatory detour,694,0.9036458333333334,4.518229166666666,1.0364583333333321,1.1294774298776915
oscillatory detour,695,0.9049479166666666,4.524739583333333,1.049479166666666,1.129477429877709
oscillatory detour,696,0.90625,4.53125,1.0625,1.129477429877709
oscillatory detour,697,0.9075520833333334,4.537760416666666,1.0755208333333321,1.1294774298776915
oscillatory detour,698,0.9088541666666666,4.544270833333333,1.088541666666666,1.129477429877709
oscillatory detour,699,0.91015625,4.55078125,1.1015625,1.129477429877709
oscillatory detour,700,0.9114583333333334,4.557291666666666,1.1145833333333321,1.1294774298776915
oscillatory detour,701,0.9127604166666666,4.563802083333333,1.127604166666666,1.129477429877709
oscillatory detour,702,0.9140625,4.5703125,1.140625,1.129477429877709
oscillatory detour,703,0.9153645833333334,4.576822916666666,1.1536458333333321,1.1294774298776915
oscillatory detour,704,0.9166666666666666,4.583333333333333,1.166666666666666,1.129477429877709
oscillatory detour,705,0.91796875,4.58984375,1.1796875,1.129477429877709
oscillatory detour,706,0.9192708333333334,4.596354166666666,1.1927083333333321,1.1294774298776915
oscillatory detour,707,0.9205729166666666,4.602864583333333,1.205729166666666,1.129477429877709
oscillatory detour,708,0.921875,4.609375,1.21875,1.129477429877709
oscillatory detour,709,0.9231770833333334,4.615885416666666,1.2317708333333321,1.1294774298776915
oscillatory detour,710,0.9244791666666666,4.622395833333333,1.244791666666666,1.129477429877709
oscillatory detour,711,0.92578125,4.62890625,1.2578125,1.129477429877709
oscillatory detour,712,0.9270833333333334,4.635416666666666,1.2708333333333321,1.1294774298776915
oscillatory detour,713,0.9283854166666666,4.641927083333333,1.283854166666666,1.129477429877709
oscillatory detour,714,0.9296875,4.6484375,1.296875,1.129477429877709
oscillatory detour,715,0.9309895833333334,4.654947916666666,1.3098958333333321,1.1294774298776915
oscillatory detour,716,0.9322916666666666,4.661458333333333,1.322916666666666,1.129477429877709
oscillatory detour,717,0.93359375,4.66796875,1.3359375,1.129477429877709
oscillatory detour,718,0.9348958333333334,4.674479166666666,1.3489583333333321,1.1294774298776915
oscillatory detour,719,0.9361979166666666,4.680989583333333,1.361979166666666,1.129477429877709
oscillatory detour,720,0.9375,4.6875,1.375,1.129477429877709
oscillatory detour,721,0.9388020833333334,4.694010416666666,1.3880208333333321,1.1294774298776915
oscillatory detour,722,0.9401041666666666,4.700520833333333,1.401041666666666,1.129477429877709
oscillatory detour,723,0.94140625,4.70703125,1.4140625,1.129477429877709
oscillatory detour,724,0.9427083333333334,4.713541666666666,1.4270833333333321,1.1294774298776915
oscillatory detour,725,0.9440104166666666,4.720052083333333,1.440104166666666,1.129477429877709
oscillatory detour,726,0.9453125,4.7265625,1.453125,1.129477429877709
oscillatory detour,727,0.9466145833333334,4.733072916666666,1.4661458333333321,1.1294774298776915
oscillatory detour,728,0.9479166666666666,4.739583333333333,1.479166666666666,1.129477429877709
oscillatory detour,729,0.94921875,4.74609375,1.4921875,1.129477429877709
oscillatory detour,730,0.9505208333333334,4.752604166666666,1.5052083333333321,1.1294774298776915
oscillatory detour,731,0.9518229166666666,4.759114583333333,1.518229166666666,1.129477429877709
oscillatory detour,732,0.953125,4.765625,1.53125,1.129477429877709
oscillatory detour,733,0.9544270833333334,4.772135416666666,1.5442708333333321,1.1294774298776915
oscillatory detour,734,0.9557291666666666,4.778645833333333,1.557291666666666,1.129477429877709
oscillatory detour,735,0.95703125,4.78515625,1.5703125,1.129477429877709
oscillatory detour,736,0.9583333333333334,4.791666666666666,1.5833333333333321,1.1294774298776915
oscillatory detour,737,0.9596354166666666,4.798177083333333,1.596354166666666,1.129477429877709
oscillatory detour,738,0.9609375,4.8046875,1.609375,1.129477429877709
oscillatory detour,739,0.9622395833333334,4.811197916666666,1.6223958333333321,1.1294774298776915
oscillatory detour,740,0.9635416666666666,4.817708333333333,1.635416666666666,1.129477429877709
oscillatory detour,741,0.96484375,4.82421875,1.6484375,1.129477429877709
oscillatory detour,742,0.9661458333333334,4.830729166666666,1.6614583333333321,1.1294774298776915
oscillatory detour,743,0.9674479166666666,4.837239583333333,1.674479166666666,1.129477429877709
oscillatory detour,744,0.96875,4.84375,1.6875,1.129477429877709
oscillatory detour,745,0.9700520833333334,4.850260416666666,1.7005208333333321,1.1294774298776915
oscillatory detour,746,0.9713541666666666,4.856770833333333,1.713541666666666,1.129477429877709
oscillatory detour,747,0.97265625,4.86328125,1.7265625,1.129477429877709
oscillatory detour,748,0.9739583333333334,4.869791666666666,1.7395833333333321,1.1294774298776915
oscillatory detour,749,0.9752604166666666,4.876302083333333,1.752604166666666,1.129477429877709
oscillatory detour,750,0.9765625,4.8828125,1.765625,1.129477429877709
oscillatory detour,751,0.9778645833333334,4.889322916666666,1.7786458333333321,1.1294774298776915
oscillatory detour,752,0.9791666666666666,4.895833333333333,1.791666666666666,1.129477429877709
oscillatory detour,753,0.98046875,4.90234375,1.8046875,1.129477429877709
oscillatory detour,754,0.9817708333333334,4.908854166666666,1.8177083333333321,1.1294774298776915
oscillatory detour,755,0.9830729166666666,4.915364583333333,1.830729166666666,1.129477429877709
oscillatory detour,756,0.984375,4.921875,1.84375,1.129477429877709
oscillatory detour,757,0.9856770833333334,4.928385416666666,1.8567708333333321,1.1294774298776915
oscillatory detour,758,0.9869791666666666,4.934895833333333,1.869791666666666,1.129477429877709
oscillatory detour,759,0.98828125,4.94140625,1.8828125,1.129477429877709
oscillatory detour,760,0.9895833333333334,4.947916666666666,1.8958333333333321,1.1294774298776915
oscillatory detour,761,0.9908854166666666,4.954427083333333,1.908854166666666,1.129477429877709
oscillatory detour,762,0.9921875,4.9609375,1.921875,1.129477429877709
oscillatory detour,763,0.9934895833333334,4.967447916666666,1.9348958333333321,1.1294774298776915
oscillatory detour,764,0.9947916666666666,4.973958333333333,1.947916666666666,1.129477429877709
oscillatory detour,765,0.99609375,4.98046875,1.9609375,1.129477429877709
oscillatory detour,766,0.9973958333333334,4.986979166666666,1.9739583333333321,1.1294774298776915
oscillatory detour,767,0.9986979166666666,4.993489583333333,1.986979166666666,1.129477429877709
oscillatory detour,768,1.0,5.0,0.0,1.129477429877709
pseudo-stochastic bridge,0,0.0,0.0,0.0,1.0
pseudo-stochastic bridge,1,0.0013020833333333333,0.011738239138831572,0.023476478277663144,1.2305448096491678
pseudo-stochastic bridge,2,0.0026041666666666665,0.023448658337069425,0.04689731667413885,1.2300179164072693
pseudo-stochastic bridge,3,0.00390625,0.03510359305099833,0.07020718610199667,1.228966670553974
pseudo-stochastic bridge,4,0.005208333333333333,0.046675688774058255,0.09335137754811651,1.227396154304071
pseudo-stochastic bridge,5,0.006510416666666667,0.058138054167482814,0.11627610833496563,1.225313992898113
pseudo-stochastic bridge,6,0.0078125,0.06946441193537674,0.13892882387075348,1.2227303556163156
pseudo-stochastic bridge,7,0.009114583333333334,0.08062924670893704,0.16125849341787407,1.219657955034121
pseudo-stochastic bridge,8,0.010416666666666666,0.09160794921861654,0.18321589843723307,1.2161120428229133
pseudo-stochastic bridge,9,0.01171875,0.10237695605051578,0.20475391210103155,1.2121104000983953
pseudo-stochastic bridge,10,0.013020833333333334,0.11291388430409666,0.2258277686081933,1.207673320096902
pseudo-stochastic bridge,11,0.014322916666666666,0.1231976604923285,0.246395320984657,1.2028235808278225
pseudo-stochastic bridge,12,0.015625,0.13320864305250085,0.2664172861050017,1.1975864053179568
pseudo-stochastic bridge,13,0.016927083333333332,0.14292873786603394,0.2858574757320679,1.1919894071368407
pseudo-stochastic bridge,14,0.018229166666666668,0.1523415062185423,0.3046830124370846,1.1860625190730558
pseudo-stochastic bridge,15,0.01953125,0.1614322646670119,0.3228645293340238,1.1798379031184631
pseudo-stochastic bridge,16,0.020833333333333332,0.17018817631905708,0.34037635263811417,1.1733498403028844
pseudo-stochastic bridge,17,0.022135416666666668,0.17859833306966116,0.3571966661393223,1.1666345993946095
pseudo-stochastic bridge,18,0.0234375,0.18665382838337338,0.37330765676674676,1.1597302840252097
pseudo-stochastic bridge,19,0.024739583333333332,0.19434782025443864,0.3886956405088773,1.152676658389637
pseudo-stochastic bridge,20,0.026041666666666668,0.2016755840235666,0.4033511680471332,1.1455149522896968
pseudo-stochastic bridge,21,0.02734375,0.20863455477777687,0.41726910955555374,1.1382876469032241
pseudo-stochastic bridge,22,0.028645833333333332,0.21522435910877297,0.43044871821754593,1.1310382432445887
pseudo-stochastic bridge,23,0.029947916666666668,0.22144683605535923,0.44289367211071845,1.123811015806103
pseudo-stochastic bridge,24,0.03125,0.22730604710629032,0.45461209421258064,1.116650754309014
pseudo-stochastic bridge,25,0.032552083333333336,0.23280827519139302,0.46561655038278604,1.1096024968247995
pseudo-stochastic bridge,26,0.033854166666666664,0.23796201264057937,0.47592402528115874,1.1027112577357967
pseudo-stochastic bridge,27,0.03515625,0.2427779381422407,0.4855558762844814,1.0960217540786004
pseudo-stochastic bridge,28,0.036458333333333336,0.24726888278422468,0.49453776556844936,1.0895781337510164
pseudo-stochastic bridge,29,0.037760416666666664,0.25144978531191414,0.5028995706238283,1.0834237088683372
pseudo-stochastic bridge,30,0.0390625,0.255337636788601,0.510675273577202,1.0776006972390042
pseudo-stochastic bridge,31,0.040364583333333336,0.25895141489315454,0.5179028297863091,1.072149974512
pseudo-stochastic bridge,32,0.041666666666666664,0.262312008138673,0.524624016277346,1.067110839052036
pseudo-stochastic bridge,33,0.04296875,0.26544213034316855,0.5308842606863371,1.062520791052138
pseudo-stochastic bridge,34,0.044270833333333336,0.2683662257291355,0.536732451458271,1.0584153268262342
pseudo-stochastic bridge,35,0.045572916666666664,0.2711103650728883,0.5422207301457767,1.054827748668052
pseudo-stochastic bridge,36,0.046875,0.2737021333666132,0.5474042667332264,1.0517889901461341
pseudo-stochastic bridge,37,0.048177083333333336,0.2761705094959727,0.5523410189919454,1.0493274562556554
pseudo-stochastic bridge,38,0.049479166666666664,0.27854573847364233,0.5570914769472847,1.0474688774884262
pseudo-stochastic bridge,39,0.05078125,0.2808591968041749,0.5617183936083499,1.0462361766317023
pseudo-stochastic bridge,40,0.052083333333333336,0.28314325158792075,0.5662865031758415,1.0456493469762815
pseudo-stochastic bridge,41,0.053385416666666664,0.28543111400122995,0.5708622280024599,1.045725340611666
pseudo-stochastic bridge,42,0.0546875,0.28775668781669517,0.5755133756333903,1.0464779656109422
pseudo-stochastic bridge,43,0.055989583333333336,0.2901544136506395,0.580308827301279,1.0479177911549504
pseudo-stochastic bridge,44,0.057291666666666664,0.2926591096453094,0.5853182192906188,1.05005206000247
pseudo-stochastic bridge,45,0.05859375,0.2953058093102039,0.5906116186204078,1.0528846081635017
pseudo-stochastic bridge,46,0.059895833333333336,0.2981295972605914,0.5962591945211828,1.0564157921543504
pseudo-stochastic bridge,47,0.061197916666666664,0.3011654436014697,0.6023308872029394,1.0606424247792734
pseudo-stochastic bridge,48,0.0625,0.3044480377119727,0.6088960754239454,1.0655577209639864
pseudo-stochastic bridge,49,0.06380208333333333,0.3080116221884965,0.616023244376993,1.0711512557282088
pseudo-stochastic bridge,50,0.06510416666666667,0.31188982770459733,0.6237796554091947,1.0774089368929518
pseudo-stochastic bridge,51,0.06640625,0.31611550954200424,0.6322310190840085,1.0843129955378108
pseudo-stochastic bridge,52,0.06770833333333333,0.32072058653992797,0.6414411730798559,1.0918419975207345
pseudo-stochastic bridge,53,0.06901041666666667,0.3257358831992655,0.651471766398531,1.0999708795154701
pseudo-stochastic bridge,54,0.0703125,0.3311909756643439,0.6623819513286878,1.1086710129841029
pseudo-stochastic bridge,55,0.07161458333333333,0.3371140422876159,0.6742280845752318,1.1179102992647054
pseudo-stochastic bridge,56,0.07291666666666667,0.34353171946226674,0.6870634389245335,1.1276532985056067
pseudo-stochastic bridge,57,0.07421875,0.3504689633841446,0.7009379267682893,1.137861394519406
pseudo-stochastic bridge,58,0.07552083333333333,0.3579489183778855,0.715897836755771,1.1484929967733792
pseudo-stochastic bridge,59,0.07682291666666667,0.36599279239270854,0.7319855847854171,1.1595037797038859
pseudo-stochastic bridge,60,0.078125,0.37461974024124123,0.7492394804824825,1.170846958378609
pseudo-stochastic bridge,61,0.07942708333333333,0.3838467551200583,0.7676935102401166,1.1824735982817682
pseudo-stochastic bridge,62,0.08072916666666667,0.39368856891354914,0.7873771378270983,1.1943329557227145
pseudo-stochastic bridge,63,0.08203125,0.40415756174343626,0.8083151234868725,1.2063728441327497
pseudo-stochastic bridge,64,0.08333333333333333,0.4152636811849495,0.830527362369899,1.2185400203864263
pseudo-stochastic bridge,65,0.08463541666666667,0.42701437152750565,0.8540287430550113,1.2307805843266908
pseudo-stochastic bridge,66,0.0859375,0.439414513412953,0.878829026825906,1.243040383946436
pseudo-stochastic bridge,67,0.08723958333333333,0.45246637413823537,0.9049327482764707,1.255265418228916
pseudo-stochastic bridge,68,0.08854166666666667,0.46616956886191635,0.9323391377238327,1.2674022295073186
pseudo-stochastic bridge,69,0.08984375,0.4805210329056103,0.9610420658112206,1.2793982773834303
pseudo-stochastic bridge,70,0.09114583333333333,0.49551500529221126,0.9910300105844225,1.2912022867414017
pseudo-stochastic bridge,71,0.09244791666666667,0.5111430236131338,1.0222860472262676,1.3027645631815843
pseudo-stochastic bridge,72,0.09375,0.5273939302667917,1.0547878605335834,1.3140372702403056
pseudo-stochastic bridge,73,0.09505208333333333,0.5442538900604916,1.0885077801209833,1.324974664001278
pseudo-stochastic bridge,74,0.09635416666666667,0.5617064191180232,1.1234128382360464,1.33553328207924
pseudo-stochastic bridge,75,0.09765625,0.5797324249857256,1.1594648499714513,1.3456720853996598
pseudo-stochastic bridge,76,0.09895833333333333,0.5983102577809094,1.1966205155618188,1.355352552642145
pseudo-stochastic bridge,77,0.10026041666666667,0.6174157721784608,1.2348315443569216,1.3645387285982684
pseudo-stochastic bridge,78,0.1015625,0.6370223999844383,1.2740447999688767,1.373197228962109
pseudo-stochastic bridge,79,0.10286458333333333,0.6571012329997222,1.3142024659994445,1.3812972051825296
pseudo-stochastic bridge,80,0.10416666666666667,0.6776211158324973,1.3552422316649946,1.3888102739299202
pseudo-stochastic bridge,81,0.10546875,0.6985487482757107,1.3970974965514213,1.3957104164499463
pseudo-stochastic bridge,82,0.10677083333333333,0.7198487968248775,1.439697593649755,1.4019738535898663
pseudo-stochastic bridge,83,0.10807291666666667,0.7414840148728483,1.4829680297456966,1.4075789025945684
pseudo-stochastic bridge,84,0.109375,0.7634153710815841,1.5268307421631682,1.4125058218960191
pseudo-stochastic bridge,85,0.11067708333333333,0.785602185396776,1.571204370793552,1.416736650083126
pseudo-stochastic bridge,86,0.11197916666666667,0.8080022721394267,1.6160045442788533,1.420255045063659
pseudo-stochastic bridge,87,0.11328125,0.8305720895794024,1.6611441791588049,1.4230461291427596
pseudo-stochastic bridge,88,0.11458333333333333,0.8532668953696255,1.706533790739251,1.425096345369417
pseudo-stochastic bridge,89,0.11588541666666667,0.8760409071960694,1.7520818143921388,1.4263933300644966
pseudo-stochastic bridge,90,0.1171875,0.8988474679781564,1.7976949359563128,1.4269258059606242
pseudo-stochastic bridge,91,0.11848958333333333,0.9216392149366232,1.8432784298732463,1.4266834998684632
pseudo-stochastic bridge,92,0.11979166666666667,0.9443682518314672,1.8887365036629344,1.4256570882430926
pseudo-stochastic bridge,93,0.12109375,0.9669863236612514,1.9339726473225027,1.4238381734606882
pseudo-stochastic bridge,94,0.12239583333333333,0.9894449931068988,1.9788899862137976,1.421219293027867
pseudo-stochastic bridge,95,0.12369791666666667,1.011695817998137,0.02339163599627403,1.4177939633259293
pseudo-stochastic bridge,96,0.125,1.0336905290789542,0.0673810581579084,1.4135567588311162
pseudo-stochastic bridge,97,0.12630208333333334,1.055381207349838,0.11076241469967618,1.4085034270391514
pseudo-stochastic bridge,98,0.12760416666666666,1.076720460269113,0.1534409205382259,1.40263103854585
pseudo-stochastic bridge,99,0.12890625,1.0976615961033307,0.1953231922066614,1.3959381708868657
pseudo-stochastic bridge,100,0.13020833333333334,1.118158795727413,0.23631759145482611,1.3884251238149605
pseudo-stochastic bridge,101,0.13151041666666666,1.1381672811889307,0.27633456237786147,1.3800941626910304
pseudo-stochastic bridge,102,0.1328125,1.1576434803675144,0.3152869607350288,1.3709497855968118
pseudo-stochastic bridge,103,0.13411458333333334,1.1765451870798367,0.35309037415967337,1.3609990086607444
pseudo-stochastic bridge,104,0.13541666666666666,1.1948317160027195,0.38966343200543907,1.350251662952485
pseudo-stochastic bridge,105,0.13671875,1.2124640518116423,0.4249281036232846,1.338720695189442
pseudo-stochastic bridge,106,0.13802083333333334,1.2294049919591232,0.45880998391824646,1.3264224634627892
pseudo-stochastic bridge,107,0.13932291666666666,1.2456192825469117,0.49123856509382335,1.3133770182928481
pseudo-stochastic bridge,108,0.140625,1.2610737467776192,0.5221474935552384,1.2996083586389342
pseudo-stochastic bridge,109,0.14192708333333334,1.2757374055050665,0.5514748110101331,1.2851446520878387
pseudo-stochastic bridge,110,0.14322916666666666,1.2895815894381613,0.5791631788763225,1.2700184084052069
pseudo-stochastic bridge,111,0.14453125,1.3025800425902658,0.6051600851805317,1.2542665960169055
pseudo-stochastic bridge,112,0.14583333333333334,1.3147090166047226,0.6294180332094452,1.2379306918475619
pseudo-stochastic bridge,113,0.14713541666666666,1.3259473556271384,0.6518947112542768,1.2210566563033955
pseudo-stochastic bridge,114,0.1484375,1.3362765714361238,0.6725531428722475,1.2036948270494012
pseudo-stochastic bridge,115,0.14973958333333334,1.3456809085861796,0.6913618171723592,1.1858997275579928
pseudo-stochastic bridge,116,0.15104166666666666,1.354147399359127,0.7082947987182542,1.1677297891257736
pseudo-stochastic bridge,117,0.15234375,1.361665908363724,0.7233318167274478,1.1492469880591136
pseudo-stochastic bridge,118,0.15364583333333334,1.3682291666666666,0.7364583333333332,1.130516402875855
pseudo-stochastic bridge,119,0.15494791666666666,1.3738327953818636,0.7476655907637273,1.1116056994962344
pseudo-stochastic bridge,120,0.15625,1.378475318688476,0.7569506373769519,1.0925845553237055
pseudo-stochastic bridge,121,0.15755208333333334,1.3821581662915734,0.7643163325831468,1.0735240356703346
pseudo-stochastic bridge,122,0.15885416666666666,1.3848856653821309,0.7697713307642617,1.0544959380011816
pseudo-stochastic bridge,123,0.16015625,1.3866650221953454,0.7733300443906908,1.0355721208291562
pseudo-stochastic bridge,124,0.16145833333333334,1.3875062933076519,0.7750125866153037,1.0168238346958622
pseudo-stochastic bridge,125,0.16276041666666666,1.3874223468532265,0.774844693706453,0.9983210724890149
pseudo-stochastic bridge,126,0.1640625,1.3864288138800003,0.7728576277600006,0.9801319553868043
pseudo-stochastic bridge,127,0.16536458333333334,1.3845440301030763,0.7690880602061525,0.9623221690510385
pseudo-stochastic bridge,128,0.16666666666666666,1.3817889683498614,0.7635779366997228,0.9449544624278101
pseudo-stochastic bridge,129,0.16796875,1.3781871620259474,0.7563743240518948,0.9280882188005599
pseudo-stochastic bridge,130,0.16927083333333334,1.3737646199637625,0.7475292399275251,0.9117791057474275
pseudo-stochastic bridge,131,0.17057291666666666,1.3685497330470808,0.7370994660941617,0.8960788075546673
pseudo-stochastic bridge,132,0.171875,1.3625731730334913,0.7251463460669827,0.8810348405998806
pseudo-stochastic bridge,133,0.17317708333333334,1.3558677840238818,0.7117355680477635,0.8666904493933876
pseudo-stochastic bridge,134,0.17447916666666666,1.3484684670526232,0.6969369341052465,0.8530845784697316
pseudo-stochastic bridge,135,0.17578125,1.3404120582945618,0.6808241165891236,0.8402519132478218
pseudo-stochastic bridge,136,0.17708333333333334,1.3317372014048883,0.6634744028097765,0.8282229813726629
pseudo-stochastic bridge,137,0.17838541666666666,1.3224842145255302,0.6449684290510604,0.8170243049369282
pseudo-stochastic bridge,138,0.1796875,1.3126949525067575,0.625389905013515,0.8066785933405937
pseudo-stochastic bridge,139,0.18098958333333334,1.3024126649052625,0.6048253298105251,0.7972049663473786
pseudo-stochastic bridge,140,0.18229166666666666,1.2916818503299508,0.5833637006599015,0.7886191970801967
pseudo-stochastic bridge,141,0.18359375,1.28054810771414,0.5610962154282801,0.7809339652024221
pseudo-stochastic bridge,142,0.18489583333333334,1.2690579850977426,0.5381159701954852,0.7741591112847714
pseudo-stochastic bridge,143,0.18619791666666666,1.2572588265053701,0.5145176530107403,0.7683018842935568
pseudo-stochastic bridge,144,0.1875,1.24519861750612,0.4903972350122401,0.7633671751893848
pseudo-stochastic bridge,145,0.18880208333333334,1.2329258300381776,0.46585166007635515,0.7593577307444976
pseudo-stochastic bridge,146,0.19010416666666666,1.2204892670762837,0.4409785341525674,0.7562743428242488
pseudo-stochastic bridge,147,0.19140625,1.2079379077126975,0.415875815425395,0.7541160095025425
pseudo-stochastic bridge,148,0.19270833333333334,1.1953207532125207,0.3906415064250415,0.7528800654655228
pseudo-stochastic bridge,149,0.19401041666666666,1.182686674592314,0.3653733491846278,0.7525622801903822
pseudo-stochastic bridge,150,0.1953125,1.1700842622568381,0.3401685245136763,0.7531569233563029
pseudo-stochastic bridge,151,0.19661458333333334,1.157561678212621,0.31512335642524203,0.7546567978517
pseudo-stochastic bridge,152,0.19791666666666666,1.1451665113590197,0.2903330227180394,0.757053241588161
pseudo-stochastic bridge,153,0.19921875,1.1329456363375645,0.265891272675129,0.7603361001173181
pseudo-stochastic bridge,154,0.20052083333333334,1.120945076398828,0.24189015279765602,0.7644936727790955
pseudo-stochastic bridge,155,0.20182291666666666,1.1092098707229334,0.21841974144586684,0.7695126357867239
pseudo-stochastic bridge,156,0.203125,1.0977839466052608,0.1955678932105216,0.7753779462766442
pseudo-stochastic bridge,157,0.20442708333333334,1.0867099968930518,0.17341999378610362,0.7820727319141789
pseudo-stochastic bridge,158,0.20572916666666666,1.076029363031609,0.1520587260632178,0.7895781711405331
pseudo-stochastic bridge,159,0.20703125,1.0657819240507544,0.1315638481015089,0.7978733695598201
pseudo-stochastic bridge,160,0.20833333333333334,1.0560059917933329,0.11201198358666575,0.8069352382809013
pseudo-stochastic bridge,161,0.20963541666666666,1.046738212657925,0.09347642531584999,0.8167383802277931
pseudo-stochastic bridge,162,0.2109375,1.0380134760977806,0.07602695219556121,0.8272549904948123
pseudo-stochastic bridge,163,0.21223958333333334,1.0298648300873636,0.05972966017472725,0.838454776726792
pseudo-stochastic bridge,164,0.21354166666666666,1.0223234037370594,0.044646807474118866,0.8503049052349614
pseudo-stochastic bridge,165,0.21484375,1.0154183372055892,0.030836674411178322,0.8627699780993867
pseudo-stochastic bridge,166,0.21614583333333334,1.0091767190287197,0.018353438057439497,0.8758120458552899
pseudo-stochastic bridge,167,0.21744791666666666,1.0036235309520436,0.007247061904087193,0.8893906595129534
pseudo-stochastic bridge,168,0.21875,0.9987816003251166,1.9975632006502333,0.9034629646335824
pseudo-stochastic bridge,169,0.22005208333333334,0.9946715600841598,1.9893431201683196,0.9179838389977398
pseudo-stochastic bridge,170,0.22135416666666666,0.9913118163210427,1.9826236326420854,0.9329060740961974
pseudo-stochastic bridge,171,0.22265625,0.988718523407454,1.977437046814908,0.9481805992882663
pseudo-stochastic bridge,172,0.22395833333333334,0.9869055666151634,1.9738111332303268,0.9637567460654078
pseudo-stochastic bridge,173,0.22526041666666666,0.9858845521461985,1.971769104292397,0.9795825484873898
pseudo-stochastic bridge,174,0.2265625,0.9856648044607044,1.9713296089214087,0.9956050745869808
pseudo-stochastic bridge,175,0.22786458333333334,0.9862533707653188,1.9725067415306377,1.0117707824279496
pseudo-stochastic bridge,176,0.22916666666666666,0.9876550325011746,1.9753100650023492,1.0280258936044568
pseudo-stochastic bridge,177,0.23046875,0.989872323648211,1.979744647296422,1.0443167763333994
pseudo-stochastic bridge,178,0.23177083333333334,0.9929055556414103,1.9858111112828205,1.0605903299460224
pseudo-stochastic bridge,179,0.23307291666666666,0.9967528486749511,1.9935056973499021,1.0767943625483614
pseudo-stochastic bridge,180,0.234375,1.0014101691521113,0.0028203383042226804,1.0928779538897504
pseudo-stochastic bridge,181,0.23567708333333334,1.0068713730221543,0.013742746044308696,1.108791796039295
pseudo-stochastic bridge,182,0.23697916666666666,1.0131282547303802,0.026256509460760302,1.124488505286914
pseudo-stochastic bridge,183,0.23828125,1.0201706014940868,0.04034120298817356,1.1399228997145545
pseudo-stochastic bridge,184,0.23958333333333334,1.0279862526053576,0.05597250521071517,1.1550522380682882
pseudo-stochastic bridge,185,0.24088541666666666,1.0365611634514056,0.07312232690281117,1.1698364168437252
pseudo-stochastic bridge,186,0.2421875,1.045879473934632,0.09175894786926397,1.1842381238129422
pseudo-stochastic bridge,187,0.24348958333333334,1.0559235809676328,0.11184716193526567,1.1982229475135793
pseudo-stochastic bridge,188,0.24479166666666666,1.0666742147130432,0.1333484294260865,1.2117594434352048
pseudo-stochastic bridge,189,0.24609375,1.0781105182343822,0.1562210364687644,1.2248191587329171
pseudo-stochastic bridge,190,0.24739583333333334,1.0902101302218614,0.18042026044372284,1.2373766182376034
pseudo-stochastic bridge,191,0.24869791666666666,1.1029492704564576,0.20589854091291526,1.2494092752963226
pseudo-stochastic bridge,192,0.25,1.1163028276763307,0.23260565535266142,1.2608974315522647
pseudo-stochastic bridge,193,0.2513020833333333,1.130244449511901,0.2604888990238021,1.271824130162931
pseudo-stochastic bridge,194,0.2526041666666667,1.1447466341594528,0.28949326831890554,1.2821750271637093
pseudo-stochastic bridge,195,0.25390625,1.1597808234679923,0.31956164693598454,1.291938245729603
pseudo-stochastic bridge,196,0.2552083333333333,1.175317497120175,0.35063499424034994,1.3011042179898034
pseudo-stochastic bridge,197,0.2565104166666667,1.1913262675953447,0.3826525351906893,1.309665518832383
pseudo-stochastic bridge,198,0.2578125,1.2077759756110016,0.41555195122200317,1.317616695824129
pseudo-stochastic bridge,199,0.2591145833333333,1.224634785748309,0.44926957149661817,1.3249540989902513
pseudo-stochastic bridge,200,0.2604166666666667,1.2418702819774106,0.4837405639548211,1.3316757137713642
pseudo-stochastic bridge,201,0.26171875,1.2594495628092883,0.5188991256185767,1.337781000023508
pseudo-stochastic bridge,202,0.2630208333333333,1.2773393358126097,0.5546786716252194,1.3432707394696322
pseudo-stochastic bridge,203,0.2643229166666667,1.2955060112463004,0.5910120224926008,1.348146893560435
pseudo-stochastic bridge,204,0.265625,1.3139157945714277,0.6278315891428554,1.3524124732727867
pseudo-stochastic bridge,205,0.2669270833333333,1.3325347776192458,0.6650695552384915,1.3560714219717873
pseudo-stochastic bridge,206,0.2682291666666667,1.3513290282058974,0.7026580564117948,1.3591285120945442
pseudo-stochastic bridge,207,0.26953125,1.3702646779980945,0.740529355996189,1.361589256080244
pseudo-stochastic bridge,208,0.2708333333333333,1.3893080084481555,0.778616016896311,1.3634598316771738
pseudo-stochastic bridge,209,0.2721354166666667,1.4084255346308618,0.8168510692617237,1.3647470214975215
pseudo-stochastic bridge,210,0.2734375,1.4275840868286718,0.8551681736573435,1.3654581664661347
pseudo-stochastic bridge,211,0.2747395833333333,1.4467508897258115,0.8935017794516229,1.365601132615925
pseudo-stochastic bridge,212,0.2760416666666667,1.4658936390855715,0.9317872781711429,1.365184290517225
pseudo-stochastic bridge,213,0.27734375,1.4849805757986623,0.9699611515973245,1.364216506487007
pseudo-stochastic bridge,214,0.2786458333333333,1.503980557203716,1.0079611144074319,1.3627071446048789
pseudo-stochastic bridge,215,0.2799479166666667,1.5228631255938532,1.0457262511877063,1.3606660784613178
pseudo-stochastic bridge,216,0.28125,1.5415985738355724,1.0831971476711448,1.3581037114773915
pseudo-stochastic bridge,217,0.2825520833333333,1.560158008038111,1.120316016076222,1.3550310045646194
pseudo-stochastic bridge,218,0.2838541666666667,1.5785134072227152,1.1570268144454303,1.351459509833483
pseudo-stochastic bridge,219,0.28515625,1.5966376799519277,1.1932753599038555,1.3474014090112632
pseudo-stochastic bridge,220,0.2864583333333333,1.614504717889068,1.2290094357781358,1.342869555194335
pseudo-stochastic bridge,221,0.2877604166666667,1.6320894462674438,1.2641788925348876,1.3378775165353924
pseudo-stochastic bridge,222,0.2890625,1.6493678712574775,1.298735742514955,1.3324396204541336
pseudo-stochastic bridge,223,0.2903645833333333,1.666317124227881,1.3326342484557618,1.3265709969632233
pseudo-stochastic bridge,224,0.2916666666666667,1.68291550290422,1.36583100580844,1.3202876197190259
pseudo-stochastic bridge,225,0.29296875,1.6991425094346368,1.3982850188692737,1.3136063434413021
pseudo-stochastic bridge,226,0.2942708333333333,1.7149788853782248,1.4299577707564497,1.3065449364006536
pseudo-stochastic bridge,227,0.2955729166666667,1.7304066436365164,1.4608132872730328,1.299122106745906
pseudo-stochastic bridge,228,0.296875,1.7454090973527583,1.4908181947055166,1.2913575215380713
pseudo-stochastic bridge,229,0.2981770833333333,1.7599708858071872,1.5199417716143744,1.2832718174743936
pseudo-stochastic bridge,230,0.2994791666666667,1.774077997339347,1.548155994678694,1.2748866024230678
pseudo-stochastic bridge,231,0.30078125,1.787717789330633,1.5754355786612662,1.2662244470465813
pseudo-stochastic bridge,232,0.3020833333333333,1.8008790052818038,1.6017580105636076,1.2573088659686058
pseudo-stochastic bridge,233,0.3033854166666667,1.8135517890211383,1.6271035780422767,1.2481642881310933
pseudo-stochastic bridge,234,0.3046875,1.8257276960792834,1.6514553921585668,1.238816016192329
pseudo-stochastic bridge,235,0.3059895833333333,1.8373997022667476,1.6747994045334953,1.2292901750304628
pseudo-stochastic bridge,236,0.3072916666666667,1.8485622094894065,1.697124418978813,1.2196136496318892
pseudo-stochastic bridge,237,0.30859375,1.859211048836404,1.718422097672808,1.209814012857921
pseudo-stochastic bridge,238,0.3098958333333333,1.8693434809735157,1.7386869619470313,1.199919443788899
pseudo-stochastic bridge,239,0.3111979166666667,1.8789581938734268,1.7579163877468535,1.1899586375365585
pseudo-stochastic bridge,240,0.3125,1.8880552979125027,1.7761105958250054,1.1799607075869718
pseudo-stochastic bridge,241,0.3138020833333333,1.896636318361638,1.7932726367232759,1.1699550818845208
pseudo-stochastic bridge,242,0.3151041666666667,1.9047041852966289,1.8094083705932578,1.1599713939841856
pseudo-stochastic bridge,243,0.31640625,1.9122632209513168,1.8245264419026337,1.1500393706833711
pseudo-stochastic bridge,244,0.3177083333333333,1.919319124534613,1.8386382490692261,1.1401887175936063
pseudo-stochastic bridge,245,0.3190104166666667,1.9258789545304034,1.8517579090608067,1.130449004121879
pseudo-stochastic bridge,246,0.3203125,1.9319511084973828,1.8639022169947657,1.1208495493047221
pseudo-stochastic bridge,247,0.3216145833333333,1.937545300384095,1.87509060076819,1.1114193098736596
pseudo-stochastic bridge,248,0.3229166666666667,1.9426725353729524,1.8853450707459047,1.1021867718326797
pseudo-stochastic bridge,249,0.32421875,1.9473450822657705,1.894690164531541,1.0931798466979012
pseudo-stochastic bridge,250,0.3255208333333333,1.951576443422517,1.9031528868450338,1.0844257733946492
pseudo-stochastic bridge,251,0.3268229166666667,1.9553813222644867,1.9107626445289734,1.0759510266285552
pseudo-stochastic bridge,252,0.328125,1.9587755883531144,1.9175511767062288,1.0677812323550022
pseudo-stochastic bridge,253,0.3294270833333333,1.9617762400560834,1.9235524801121668,1.0599410907681504
pseudo-stochastic bridge,254,0.3307291666666667,1.9644013648133822,1.9288027296267645,1.0524543070251593
pseudo-stochastic bridge,255,0.33203125,1.9666700970174846,1.9333401940349693,1.045343529717911
pseudo-stochastic bridge,256,0.3333333333333333,1.9686025735239274,1.9372051470478548,1.0386302969095882
pseudo-stochastic bridge,257,0.3346354166666667,1.9702198868112697,1.9404397736225394,1.0323349893726943
pseudo-stochastic bridge,258,0.3359375,1.9715440358127043,1.9430880716254086,1.026476790501359
pseudo-stochastic bridge,259,0.3372395833333333,1.9725978744455306,1.9451957488910612,1.021073652230332
pseudo-stochastic bridge,260,0.3385416666666667,1.9734050578692357,1.9468101157384714,1.0161422661765864
pseudo-stochastic bridge,261,0.33984375,1.97398998650809,1.9479799730161802,1.0116980391306498
pseudo-stochastic bridge,262,0.3411458333333333,1.9743777478799411,1.9487554957598823,1.0077550719651178
pseudo-stochastic bridge,263,0.3424479166666667,1.9745940562792643,1.9491881125585286,1.004326140997536
pseudo-stochastic bridge,264,0.34375,1.9746651903694614,1.9493303807389228,1.0014226808440956
pseudo-stochastic bridge,265,0.3450520833333333,1.9746179287469183,1.9492358574938367,0.9990547678306485
pseudo-stochastic bridge,266,0.3463541666666667,1.9744794835473292,1.9489589670946583,0.9972311030844331
pseudo-stochastic bridge,267,0.34765625,1.9742774321733212,1.9485548643466424,0.9959589945162259
pseudo-stochastic bridge,268,0.3489583333333333,1.9740396472313357,1.9480792944626715,0.9952443370126594
pseudo-stochastic bridge,269,0.3502604166666667,1.9737942247750868,1.9475884495501736,0.9950915902941885
pseudo-stochastic bridge,270,0.3515625,1.9735694109625816,1.9471388219251633,0.9955037540493081
pseudo-stochastic bridge,271,0.3528645833333333,1.9733935272436753,1.9467870544873507,0.996482340131075
pseudo-stochastic bridge,272,0.3541666666666667,1.9732948942053172,1.9465897884106345,0.9980273417916317
pseudo-stochastic bridge,273,0.35546875,1.9733017542120272,1.9466035084240545,1.0001372001333395
pseudo-stochastic bridge,274,0.3567708333333333,1.9734421929895785,1.946884385979157,1.002808768164698
pseudo-stochastic bridge,275,0.3580729166666667,1.973744060310363,1.9474881206207262,1.0060372730639053
pseudo-stochastic bridge,276,0.359375,1.97423488994934,1.94846977989868,1.0098162774647563
pseudo-stochastic bridge,277,0.3606770833333333,1.9749418190897916,1.9498836381795832,1.0141376407856981
pseudo-stochastic bridge,278,0.3619791666666667,1.9758915073682117,1.9517830147364235,1.0189914818145176
pseudo-stochastic bridge,279,0.36328125,1.9771100557574914,1.9542201115149829,1.0243661439343579
pseudo-stochastic bridge,280,0.3645833333333333,1.9786229254970553,1.9572458509941106,1.0302481645228652
pseudo-stochastic bridge,281,0.3658854166666667,1.9804548572876217,1.9609097145752434,1.0366222501679985
pseudo-stochastic bridge,282,0.3671875,1.9826297909768127,1.9652595819536254,1.0434712594167577
pseudo-stochastic bridge,283,0.3684895833333333,1.9851707859697665,1.970341571939533,1.0507761947968606
pseudo-stochastic bridge,284,0.3697916666666667,1.9880999426061774,1.9761998852123548,1.058516205823062
pseudo-stochastic bridge,285,0.37109375,1.9914383247517131,1.9828766495034262,1.0666686046133196
pseudo-stochastic bridge,286,0.3723958333333333,1.9952058838574964,1.9904117677149928,1.0752088955932313
pseudo-stochastic bridge,287,0.3736979166666667,1.9994213847461455,1.998842769492291,1.0841108205569479
pseudo-stochastic bridge,288,0.375,2.0041023333867756,0.00820466677355114,1.0933464200836631
pseudo-stochastic bridge,289,0.3763020833333333,2.0092649069242423,0.018529813848484622,1.1028861119813755
pseudo-stochastic bridge,290,0.3776041666666667,2.0149238862297167,0.029847772459433486,1.1126987870523306
pseudo-stochastic bridge,291,0.37890625,2.021092591240388,0.042185182480776184,1.122751922056942
pseudo-stochastic bridge,292,0.3802083333333333,2.027782819355615,0.055565638711230214,1.1330117093061656
pseudo-stochastic bridge,293,0.3815104166666667,2.035004787155196,0.0700095743103919,1.1434432018525174
pseudo-stochastic bridge,294,0.3828125,2.042767075702489,0.08553415140497833,1.1540104727910223
pseudo-stochastic bridge,295,0.3841145833333333,2.0510765796909642,0.10215315938192848,1.1646767867443724
pseudo-stochastic bridge,296,0.3854166666666667,2.0599384606872713,0.11987692137454253,1.1754047812054165
pseudo-stochastic bridge,297,0.38671875,2.069356104717149,0.1387122094342983,1.1861566550652318
pseudo-stochastic bridge,298,0.3880208333333333,2.0793310844323893,0.15866216886477869,1.196894361379829
pseudo-stochastic bridge,299,0.3893229166666667,2.0898631260876757,0.17972625217535132,1.2075798012377614
pseudo-stochastic bridge,300,0.390625,2.1009500815453777,0.2019001630907553,1.2181750154924331
pseudo-stochastic bridge,301,0.3919270833333333,2.112587905514361,0.22517581102872164,1.228642371124998
pseudo-stochastic bridge,302,0.3932291666666667,2.1247706382156046,0.24954127643120927,1.2389447391066621
pseudo-stochastic bridge,303,0.39453125,2.137490393652831,0.2749807873056618,1.2490456608286675
pseudo-stochastic bridge,304,0.3958333333333333,2.150737353650626,0.30147470730125203,1.258909500461712
pseudo-stochastic bridge,305,0.3971354166666667,2.164499767805598,0.3289995356111959,1.26850158097765
pseudo-stochastic bridge,306,0.3984375,2.178763959478078,0.35752791895615577,1.2777883020053085
pseudo-stochastic bridge,307,0.3997395833333333,2.193514337932762,0.38702867586552436,1.2867372381799767
pseudo-stochastic bridge,308,0.4010416666666667,2.208733416716613,0.41746683343322566,1.2953172171670988
pseudo-stochastic bridge,309,0.40234375,2.224401838341292,0.4488036766825836,1.3034983770741677
pseudo-stochastic bridge,310,0.4036458333333333,2.2404984053155723,0.48099681063114463,1.3112522034966163
pseudo-stochastic bridge,311,0.4049479166666667,2.257000117550516,0.5140002351010322,1.3185515469534617
pseudo-stochastic bridge,312,0.40625,2.273882216136931,0.547764432273862,1.3253706219468573
pseudo-stochastic bridge,313,0.4075520833333333,2.291118233470731,0.5822364669414624,1.3316849893114413
pseudo-stochastic bridge,314,0.4088541666666667,2.3086800496775033,0.6173600993550066,1.337471523899345
pseudo-stochastic bridge,315,0.41015625,2.3265379552628254,0.6530759105256507,1.342708369965778
pseudo-stochastic bridge,316,0.4114583333333333,2.3446607198899247,0.6893214397798495,1.3473748868797835
pseudo-stochastic bridge,317,0.4127604166666667,2.363015667161129,0.7260313343222577,1.35145158798141
pseudo-stochastic bridge,318,0.4140625,2.3815687552543534,0.7631375105087068,1.3549200755429438
pseudo-stochastic bridge,319,0.4153645833333333,2.4002846632408157,0.8005693264816314,1.357762974873811
pseudo-stochastic bridge,320,0.4166666666666667,2.419126882885246,0.8382537657704923,1.3599638706361847
pseudo-stochastic bridge,321,0.41796875,2.4380578157052777,0.8761156314105554,1.3615072484191146
pseudo-stochastic bridge,322,0.4192708333333333,2.457038875042545,0.9140777500850898,1.362378444556263
pseudo-stochastic bridge,323,0.4205729166666667,2.476030592874473,0.9520611857489456,1.362563607069947
pseudo-stochastic bridge,324,0.421875,2.4949927310727595,0.9899854621455191,1.3620496704812621
pseudo-stochastic bridge,325,0.4231770833333333,2.5138843967924656,1.0277687935849311,1.3608243470487784
pseudo-stochastic bridge,326,0.4244791666666667,2.5326641616544303,1.0653283233088606,1.3588761367804412
pseudo-stochastic bridge,327,0.42578125,2.5512901843634705,1.102580368726941,1.356194358301829
pseudo-stochastic bridge,328,0.4270833333333333,2.5697203363858234,1.1394406727716468,1.3527692023599738
pseudo-stochastic bridge,329,0.4283854166666667,2.5879123302914375,1.175824660582875,1.348591809380686
pseudo-stochastic bridge,330,0.4296875,2.6058238503501845,1.211647700700369,1.3436543720778398
pseudo-stochastic bridge,331,0.4309895833333333,2.6234126849560866,1.2468253699121732,1.337950263628598
pseudo-stochastic bridge,332,0.4322916666666667,2.640636860440037,1.2812737208800744,1.3314741913652508
pseudo-stochastic bridge,333,0.43359375,2.657454775819602,1.3149095516392038,1.3242223752972337
pseudo-stochastic bridge,334,0.4348958333333333,2.6738253380242516,1.3476506760485032,1.3161927500562094
pseudo-stochastic bridge,335,0.4361979166666667,2.689708097125853,1.3794161942517063,1.3073851880573453
pseudo-stochastic bridge,336,0.4375,2.705063381097615,1.4101267621952296,1.2978017408013074
pseudo-stochastic bridge,337,0.4388020833333333,2.719852429619865,1.43970485923973,1.287446894313524
pseudo-stochastic bridge,338,0.4401041666666667,2.73403752644817,1.4680750528963404,1.2763278337568122
pseudo-stochastic bridge,339,0.44140625,2.747582129858399,1.4951642597167982,1.2644547112894997
pseudo-stochastic bridge,340,0.4427083333333333,2.7604510006843963,1.5209020013687926,1.2518409103134691
pseudo-stochastic bridge,341,0.4440104166666667,2.7726103274670333,1.5452206549340666,1.2385032984154316
pseudo-stochastic bridge,342,0.4453125,2.784027848238491,1.568055696476982,1.224462460603604
pseudo-stochastic bridge,343,0.4466145833333333,2.79467296847277,1.5893459369455396,1.2097429039435723
pseudo-stochastic bridge,344,0.4479166666666667,2.8045168747425606,1.6090337494851212,1.1943732244613876
pseudo-stochastic bridge,345,0.44921875,2.8135326436337484,1.6270652872674969,1.178386227268693
pseudo-stochastic bridge,346,0.4505208333333333,2.8216953454819347,1.6433906909638694,1.1618189913243606
pseudo-stochastic bridge,347,0.4518229166666667,2.828982142510404,1.6579642850208076,1.1447128711155323
pseudo-stochastic bridge,348,0.453125,2.8353723809658855,1.670744761931771,1.1271134288356746
pseudo-stochastic bridge,349,0.4544270833333333,2.8408476768672433,1.6816953537344865,1.109070292350591
pseudo-stochastic bridge,350,0.4557291666666667,2.845391995002738,1.6907839900054764,1.0906369363376767
pseudo-stochastic bridge,351,0.45703125,2.8489917208337454,1.6979834416674908,1.0718703863947012
pseudo-stochastic bridge,352,0.4583333333333333,2.85163572498665,1.7032714499733004,1.0528308485456659
pseudo-stochastic bridge,353,0.4596354166666667,2.853315420040008,1.7066308400800159,1.0335812693015582
pseudo-stochastic bridge,354,0.4609375,2.85402480934085,1.7080496186816996,1.0141868341248572
pseudo-stochastic bridge,355,0.4622395833333333,2.8537605276121303,1.7075210552242606,0.9947144146482944
pseudo-stochastic bridge,356,0.4635416666666667,2.8525218731426243,1.7050437462852486,0.9752319771636524
pseudo-stochastic bridge,357,0.46484375,2.8503108313810195,1.700621662762039,0.9558079665925974
pseudo-stochastic bridge,358,0.4661458333333333,2.847132089787314,1.6942641795746276,0.9365106812673533
pseudo-stochastic bridge,359,0.4674479166666667,2.842993043826856,1.6859860876537116,0.9174076543133496
pseudo-stochastic bridge,360,0.46875,2.837903794025292,1.675807588050584,0.8985650572042083
pseudo-stochastic bridge,361,0.4700520833333333,2.8318771340361786,1.6637542680723572,0.8800471401644802
pseudo-stochastic bridge,362,0.4713541666666667,2.824928529706923,1.6498570594138462,0.861915722582744
pseudo-stochastic bridge,363,0.47265625,2.8170760891629243,1.6341521783258486,0.8442297445618734
pseudo-stochastic bridge,364,0.4739583333333333,2.8083405239641035,1.616681047928207,0.8270448882980013
pseudo-stochastic bridge,365,0.4752604166666667,2.798745101422326,1.5974902028446518,0.8104132752889671
pseudo-stochastic bridge,366,0.4765625,2.7883155882023782,1.5766311764047565,0.7943832425785565
pseudo-stochastic bridge,367,0.4778645833333333,2.7770801853629914,1.5541603707259828,0.7789991984891266
pseudo-stochastic bridge,368,0.4791666666666667,2.7650694550277644,1.5301389100555287,0.7643015557159099
pseudo-stochastic bridge,369,0.48046875,2.7523162389086457,1.5046324778172915,0.7503267373597421
pseudo-stochastic bridge,370,0.4817708333333333,2.738855568936617,1.477711137873234,0.7371072495387687
pseudo-stochastic bridge,371,0.4830729166666667,2.724724570285356,1.449449140570712,0.7246718126972579
pseudo-stochastic bridge,372,0.484375,2.70996235710377,1.4199247142075402,0.7130455426377513
pseudo-stochastic bridge,373,0.4856770833333333,2.6946099213021872,1.3892198426043745,0.7022501716334519
pseudo-stochastic bridge,374,0.4869791666666667,2.678710014764656,1.3574200295293117,0.6923042997035198
pseudo-stochastic bridge,375,0.48828125,2.662307025386004,1.3246140507720083,0.6832236662041533
pseudo-stochastic bridge,376,0.4895833333333333,2.64544684735701,1.2908936947140202,0.6750214322485579
pseudo-stochastic bridge,377,0.4908854166666667,2.6281767461440513,1.2563534922881026,0.6677084650537035
pseudo-stochastic bridge,378,0.4921875,2.610545218630916,1.2210904372618323,0.6612936160615266
pseudo-stochastic bridge,379,0.4934895833333333,2.5926018489098777,1.1852036978197553,0.6557839855358374
pseudo-stochastic bridge,380,0.4947916666666667,2.574397160226662,1.148794320453324,0.6511851672462262
pseudo-stochastic bridge,381,0.49609375,2.5559824635994315,1.111964927198863,0.6475014677726678
pseudo-stochastic bridge,382,0.4973958333333333,2.5374097036453414,1.0748194072906827,0.644736095870978
pseudo-stochastic bridge,383,0.4986979166666667,2.5187313021594635,1.037462604318927,0.6428913182065636
pseudo-stochastic bridge,384,0.5,2.5000000000000004,1.0000000000000009,0.6419685785860224
pseudo-stochastic bridge,385,0.5013020833333334,2.506510416666666,1.0130208333333321,1.1294774298776828
pseudo-stochastic bridge,386,0.5026041666666666,2.513020833333333,1.026041666666666,1.129477429877709
pseudo-stochastic bridge,387,0.50390625,2.51953125,1.0390625,1.129477429877709
pseudo-stochastic bridge,388,0.5052083333333334,2.526041666666666,1.0520833333333321,1.1294774298776915
pseudo-stochastic bridge,389,0.5065104166666666,2.532552083333333,1.065104166666666,1.129477429877709
pseudo-stochastic bridge,390,0.5078125,2.5390625,1.078125,1.129477429877709
pseudo-stochastic bridge,391,0.5091145833333334,2.545572916666666,1.0911458333333321,1.1294774298776915
pseudo-stochastic bridge,392,0.5104166666666666,2.552083333333333,1.104166666666666,1.129477429877709
pseudo-stochastic bridge,393,0.51171875,2.55859375,1.1171875,1.129477429877709
pseudo-stochastic bridge,394,0.5130208333333334,2.565104166666666,1.1302083333333321,1.1294774298776915
pseudo-stochastic bridge,395,0.5143229166666666,2.571614583333333,1.143229166666666,1.129477429877709
pseudo-stochastic bridge,396,0.515625,2.578125,1.15625,1.129477429877709
pseudo-stochastic bridge,397,0.5169270833333334,2.584635416666666,1.1692708333333321,1.1294774298776915
pseudo-stochastic bridge,398,0.5182291666666666,2.591145833333333,1.182291666666666,1.129477429877709
pseudo-stochastic bridge,399,0.51953125,2.59765625,1.1953125,1.129477429877709
pseudo-stochastic bridge,400,0.5208333333333334,2.604166666666666,1.2083333333333321,1.1294774298776915
pseudo-stochastic bridge,401,0.5221354166666666,2.610677083333333,1.221354166666666,1.129477429877709
pseudo-stochastic bridge,402,0.5234375,2.6171875,1.234375,1.129477429877709
pseudo-stochastic bridge,403,0.5247395833333334,2.623697916666666,1.2473958333333321,1.1294774298776915
pseudo-stochastic bridge,404,0.5260416666666666,2.630208333333333,1.260416666666666,1.129477429877709
pseudo-stochastic bridge,405,0.52734375,2.63671875,1.2734375,1.129477429877709
pseudo-stochastic bridge,406,0.5286458333333334,2.643229166666666,1.2864583333333321,1.1294774298776915
pseudo-stochastic bridge,407,0.5299479166666666,2.649739583333333,1.299479166666666,1.129477429877709
pseudo-stochastic bridge,408,0.53125,2.65625,1.3125,1.129477429877709
pseudo-stochastic bridge,409,0.5325520833333334,2.662760416666666,1.3255208333333321,1.1294774298776915
pseudo-stochastic bridge,410,0.5338541666666666,2.669270833333333,1.338541666666666,1.129477429877709
pseudo-stochastic bridge,411,0.53515625,2.67578125,1.3515625,1.129477429877709
pseudo-stochastic bridge,412,0.5364583333333334,2.682291666666666,1.3645833333333321,1.1294774298776915
pseudo-stochastic bridge,413,0.5377604166666666,2.688802083333333,1.377604166666666,1.129477429877709
pseudo-stochastic bridge,414,0.5390625,2.6953125,1.390625,1.129477429877709
pseudo-stochastic bridge,415,0.5403645833333334,2.701822916666666,1.4036458333333321,1.1294774298776915
pseudo-stochastic bridge,416,0.5416666666666666,2.708333333333333,1.416666666666666,1.129477429877709
pseudo-stochastic bridge,417,0.54296875,2.71484375,1.4296875,1.129477429877709
pseudo-stochastic bridge,418,0.5442708333333334,2.721354166666666,1.4427083333333321,1.1294774298776915
pseudo-stochastic bridge,419,0.5455729166666666,2.727864583333333,1.455729166666666,1.129477429877709
pseudo-stochastic bridge,420,0.546875,2.734375,1.46875,1.129477429877709
pseudo-stochastic bridge,421,0.5481770833333334,2.740885416666666,1.4817708333333321,1.1294774298776915
pseudo-stochastic bridge,422,0.5494791666666666,2.747395833333333,1.494791666666666,1.129477429877709
pseudo-stochastic bridge,423,0.55078125,2.75390625,1.5078125,1.129477429877709
pseudo-stochastic bridge,424,0.5520833333333334,2.760416666666666,1.5208333333333321,1.1294774298776915
pseudo-stochastic bridge,425,0.5533854166666666,2.766927083333333,1.533854166666666,1.129477429877709
pseudo-stochastic bridge,426,0.5546875,2.7734375,1.546875,1.129477429877709
pseudo-stochastic bridge,427,0.5559895833333334,2.779947916666666,1.5598958333333321,1.1294774298776915
pseudo-stochastic bridge,428,0.5572916666666666,2.786458333333333,1.572916666666666,1.129477429877709
pseudo-stochastic bridge,429,0.55859375,2.79296875,1.5859375,1.129477429877709
pseudo-stochastic bridge,430,0.5598958333333334,2.799479166666666,1.5989583333333321,1.1294774298776915
pseudo-stochastic bridge,431,0.5611979166666666,2.805989583333333,1.611979166666666,1.129477429877709
pseudo-stochastic bridge,432,0.5625,2.8125,1.625,1.129477429877709
pseudo-stochastic bridge,433,0.5638020833333334,2.819010416666666,1.6380208333333321,1.1294774298776915
pseudo-stochastic bridge,434,0.5651041666666666,2.825520833333333,1.651041666666666,1.129477429877709
pseudo-stochastic bridge,435,0.56640625,2.83203125,1.6640625,1.129477429877709
pseudo-stochastic bridge,436,0.5677083333333334,2.838541666666666,1.6770833333333321,1.1294774298776915
pseudo-stochastic bridge,437,0.5690104166666666,2.845052083333333,1.690104166666666,1.129477429877709
pseudo-stochastic bridge,438,0.5703125,2.8515625,1.703125,1.129477429877709
pseudo-stochastic bridge,439,0.5716145833333334,2.858072916666666,1.7161458333333321,1.1294774298776915
pseudo-stochastic bridge,440,0.5729166666666666,2.864583333333333,1.729166666666666,1.129477429877709
pseudo-stochastic bridge,441,0.57421875,2.87109375,1.7421875,1.129477429877709
pseudo-stochastic bridge,442,0.5755208333333334,2.877604166666666,1.7552083333333321,1.1294774298776915
pseudo-stochastic bridge,443,0.5768229166666666,2.884114583333333,1.768229166666666,1.129477429877709
pseudo-stochastic bridge,444,0.578125,2.890625,1.78125,1.129477429877709
pseudo-stochastic bridge,445,0.5794270833333334,2.897135416666666,1.7942708333333321,1.1294774298776915
pseudo-stochastic bridge,446,0.5807291666666666,2.903645833333333,1.807291666666666,1.129477429877709
pseudo-stochastic bridge,447,0.58203125,2.91015625,1.8203125,1.129477429877709
pseudo-stochastic bridge,448,0.5833333333333334,2.916666666666666,1.8333333333333321,1.1294774298776915
pseudo-stochastic bridge,449,0.5846354166666666,2.923177083333333,1.846354166666666,1.129477429877709
pseudo-stochastic bridge,450,0.5859375,2.9296875,1.859375,1.129477429877709
pseudo-stochastic bridge,451,0.5872395833333334,2.936197916666666,1.8723958333333321,1.1294774298776915
pseudo-stochastic bridge,452,0.5885416666666666,2.942708333333333,1.885416666666666,1.129477429877709
pseudo-stochastic bridge,453,0.58984375,2.94921875,1.8984375,1.129477429877709
pseudo-stochastic bridge,454,0.5911458333333334,2.955729166666666,1.9114583333333321,1.1294774298776915
pseudo-stochastic bridge,455,0.5924479166666666,2.962239583333333,1.924479166666666,1.129477429877709
pseudo-stochastic bridge,456,0.59375,2.96875,1.9375,1.129477429877709
pseudo-stochastic bridge,457,0.5950520833333334,2.975260416666666,1.9505208333333321,1.1294774298776915
pseudo-stochastic bridge,458,0.5963541666666666,2.981770833333333,1.963541666666666,1.129477429877709
pseudo-stochastic bridge,459,0.59765625,2.98828125,1.9765625,1.129477429877709
pseudo-stochastic bridge,460,0.5989583333333334,2.994791666666666,1.9895833333333321,1.1294774298776915
pseudo-stochastic bridge,461,0.6002604166666666,3.001302083333333,0.0026041666666660745,1.129477429877709
pseudo-stochastic bridge,462,0.6015625,3.0078125,0.015625,1.129477429877709
pseudo-stochastic bridge,463,0.6028645833333334,3.014322916666666,0.02864583333333215,1.1294774298776915
pseudo-stochastic bridge,464,0.6041666666666666,3.020833333333333,0.041666666666666075,1.129477429877709
pseudo-stochastic bridge,465,0.60546875,3.02734375,0.0546875,1.129477429877709
pseudo-stochastic bridge,466,0.6067708333333334,3.033854166666666,0.06770833333333215,1.1294774298776915
pseudo-stochastic bridge,467,0.6080729166666666,3.040364583333333,0.08072916666666607,1.129477429877709
pseudo-stochastic bridge,468,0.609375,3.046875,0.09375,1.129477429877709
pseudo-stochastic bridge,469,0.6106770833333334,3.053385416666666,0.10677083333333215,1.1294774298776915
pseudo-stochastic bridge,470,0.6119791666666666,3.059895833333333,0.11979166666666607,1.129477429877709
pseudo-stochastic bridge,471,0.61328125,3.06640625,0.1328125,1.129477429877709
pseudo-stochastic bridge,472,0.6145833333333334,3.072916666666666,0.14583333333333215,1.1294774298776915
pseudo-stochastic bridge,473,0.6158854166666666,3.079427083333333,0.15885416666666607,1.129477429877709
pseudo-stochastic bridge,474,0.6171875,3.0859375,0.171875,1.129477429877709
pseudo-stochastic bridge,475,0.6184895833333334,3.092447916666666,0.18489583333333215,1.1294774298776915
pseudo-stochastic bridge,476,0.6197916666666666,3.098958333333333,0.19791666666666607,1.129477429877709
pseudo-stochastic bridge,477,0.62109375,3.10546875,0.2109375,1.129477429877709
pseudo-stochastic bridge,478,0.6223958333333334,3.111979166666666,0.22395833333333215,1.1294774298776915
pseudo-stochastic bridge,479,0.6236979166666666,3.118489583333333,0.23697916666666607,1.129477429877709
pseudo-stochastic bridge,480,0.625,3.125,0.25,1.129477429877709
pseudo-stochastic bridge,481,0.6263020833333334,3.131510416666666,0.26302083333333215,1.1294774298776915
pseudo-stochastic bridge,482,0.6276041666666666,3.138020833333333,0.2760416666666661,1.129477429877709
pseudo-stochastic bridge,483,0.62890625,3.14453125,0.2890625,1.129477429877709
pseudo-stochastic bridge,484,0.6302083333333334,3.151041666666666,0.30208333333333215,1.1294774298776915
pseudo-stochastic bridge,485,0.6315104166666666,3.157552083333333,0.3151041666666661,1.129477429877709
pseudo-stochastic bridge,486,0.6328125,3.1640625,0.328125,1.129477429877709
pseudo-stochastic bridge,487,0.6341145833333334,3.170572916666666,0.34114583333333215,1.1294774298776915
pseudo-stochastic bridge,488,0.6354166666666666,3.177083333333333,0.3541666666666661,1.129477429877709
pseudo-stochastic bridge,489,0.63671875,3.18359375,0.3671875,1.129477429877709
pseudo-stochastic bridge,490,0.6380208333333334,3.190104166666666,0.38020833333333215,1.1294774298776915
pseudo-stochastic bridge,491,0.6393229166666666,3.196614583333333,0.3932291666666661,1.129477429877709
pseudo-stochastic bridge,492,0.640625,3.203125,0.40625,1.129477429877709
pseudo-stochastic bridge,493,0.6419270833333334,3.209635416666666,0.41927083333333215,1.1294774298776915
pseudo-stochastic bridge,494,0.6432291666666666,3.216145833333333,0.4322916666666661,1.129477429877709
pseudo-stochastic bridge,495,0.64453125,3.22265625,0.4453125,1.129477429877709
pseudo-stochastic bridge,496,0.6458333333333334,3.229166666666666,0.45833333333333215,1.1294774298776915
pseudo-stochastic bridge,497,0.6471354166666666,3.235677083333333,0.4713541666666661,1.129477429877709
pseudo-stochastic bridge,498,0.6484375,3.2421875,0.484375,1.129477429877709
pseudo-stochastic bridge,499,0.6497395833333334,3.248697916666666,0.49739583333333215,1.1294774298776915
pseudo-stochastic bridge,500,0.6510416666666666,3.255208333333333,0.5104166666666661,1.129477429877709
pseudo-stochastic bridge,501,0.65234375,3.26171875,0.5234375,1.129477429877709
pseudo-stochastic bridge,502,0.6536458333333334,3.268229166666666,0.5364583333333321,1.1294774298776915
pseudo-stochastic bridge,503,0.6549479166666666,3.274739583333333,0.5494791666666661,1.129477429877709
pseudo-stochastic bridge,504,0.65625,3.28125,0.5625,1.129477429877709
pseudo-stochastic bridge,505,0.6575520833333334,3.287760416666666,0.5755208333333321,1.1294774298776915
pseudo-stochastic bridge,506,0.6588541666666666,3.294270833333333,0.5885416666666661,1.129477429877709
pseudo-stochastic bridge,507,0.66015625,3.30078125,0.6015625,1.129477429877709
pseudo-stochastic bridge,508,0.6614583333333334,3.307291666666666,0.6145833333333321,1.1294774298776915
pseudo-stochastic bridge,509,0.6627604166666666,3.313802083333333,0.6276041666666661,1.129477429877709
pseudo-stochastic bridge,510,0.6640625,3.3203125,0.640625,1.129477429877709
pseudo-stochastic bridge,511,0.6653645833333334,3.326822916666666,0.6536458333333321,1.1294774298776915
pseudo-stochastic bridge,512,0.6666666666666666,3.333333333333333,0.6666666666666661,1.129477429877709
pseudo-stochastic bridge,513,0.66796875,3.33984375,0.6796875,1.129477429877709
pseudo-stochastic bridge,514,0.6692708333333334,3.346354166666666,0.6927083333333321,1.1294774298776915
pseudo-stochastic bridge,515,0.6705729166666666,3.352864583333333,0.7057291666666661,1.129477429877709
pseudo-stochastic bridge,516,0.671875,3.359375,0.71875,1.129477429877709
pseudo-stochastic bridge,517,0.6731770833333334,3.365885416666666,0.7317708333333321,1.1294774298776915
pseudo-stochastic bridge,518,0.6744791666666666,3.372395833333333,0.7447916666666661,1.129477429877709
pseudo-stochastic bridge,519,0.67578125,3.37890625,0.7578125,1.129477429877709
pseudo-stochastic bridge,520,0.6770833333333334,3.385416666666666,0.7708333333333321,1.1294774298776915
pseudo-stochastic bridge,521,0.6783854166666666,3.391927083333333,0.7838541666666661,1.129477429877709
pseudo-stochastic bridge,522,0.6796875,3.3984375,0.796875,1.129477429877709
pseudo-stochastic bridge,523,0.6809895833333334,3.404947916666666,0.8098958333333321,1.1294774298776915
pseudo-stochastic bridge,524,0.6822916666666666,3.411458333333333,0.8229166666666661,1.129477429877709
pseudo-stochastic bridge,525,0.68359375,3.41796875,0.8359375,1.129477429877709
pseudo-stochastic bridge,526,0.6848958333333334,3.424479166666666,0.8489583333333321,1.1294774298776915
pseudo-stochastic bridge,527,0.6861979166666666,3.430989583333333,0.8619791666666661,1.129477429877709
pseudo-stochastic bridge,528,0.6875,3.4375,0.875,1.129477429877709
pseudo-stochastic bridge,529,0.6888020833333334,3.444010416666666,0.8880208333333321,1.1294774298776915
pseudo-stochastic bridge,530,0.6901041666666666,3.450520833333333,0.9010416666666661,1.129477429877709
pseudo-stochastic bridge,531,0.69140625,3.45703125,0.9140625,1.129477429877709
pseudo-stochastic bridge,532,0.6927083333333334,3.463541666666666,0.9270833333333321,1.1294774298776915
pseudo-stochastic bridge,533,0.6940104166666666,3.470052083333333,0.9401041666666661,1.129477429877709
pseudo-stochastic bridge,534,0.6953125,3.4765625,0.953125,1.129477429877709
pseudo-stochastic bridge,535,0.6966145833333334,3.483072916666666,0.9661458333333321,1.1294774298776915
pseudo-stochastic bridge,536,0.6979166666666666,3.489583333333333,0.9791666666666661,1.129477429877709
pseudo-stochastic bridge,537,0.69921875,3.49609375,0.9921875,1.129477429877709
pseudo-stochastic bridge,538,0.7005208333333334,3.502604166666666,1.0052083333333321,1.1294774298776915
pseudo-stochastic bridge,539,0.7018229166666666,3.509114583333333,1.018229166666666,1.129477429877709
pseudo-stochastic bridge,540,0.703125,3.515625,1.03125,1.129477429877709
pseudo-stochastic bridge,541,0.7044270833333334,3.522135416666666,1.0442708333333321,1.1294774298776915
pseudo-stochastic bridge,542,0.7057291666666666,3.528645833333333,1.057291666666666,1.129477429877709
pseudo-stochastic bridge,543,0.70703125,3.53515625,1.0703125,1.129477429877709
pseudo-stochastic bridge,544,0.7083333333333334,3.541666666666666,1.0833333333333321,1.1294774298776915
pseudo-stochastic bridge,545,0.7096354166666666,3.548177083333333,1.096354166666666,1.129477429877709
pseudo-stochastic bridge,546,0.7109375,3.5546875,1.109375,1.129477429877709
pseudo-stochastic bridge,547,0.7122395833333334,3.561197916666666,1.1223958333333321,1.1294774298776915
pseudo-stochastic bridge,548,0.7135416666666666,3.567708333333333,1.135416666666666,1.129477429877709
pseudo-stochastic bridge,549,0.71484375,3.57421875,1.1484375,1.129477429877709
pseudo-stochastic bridge,550,0.7161458333333334,3.580729166666666,1.1614583333333321,1.1294774298776915
pseudo-stochastic bridge,551,0.7174479166666666,3.587239583333333,1.174479166666666,1.129477429877709
pseudo-stochastic bridge,552,0.71875,3.59375,1.1875,1.129477429877709
pseudo-stochastic bridge,553,0.7200520833333334,3.600260416666666,1.2005208333333321,1.1294774298776915
pseudo-stochastic bridge,554,0.7213541666666666,3.606770833333333,1.213541666666666,1.129477429877709
pseudo-stochastic bridge,555,0.72265625,3.61328125,1.2265625,1.129477429877709
pseudo-stochastic bridge,556,0.7239583333333334,3.619791666666666,1.2395833333333321,1.1294774298776915
pseudo-stochastic bridge,557,0.7252604166666666,3.626302083333333,1.252604166666666,1.129477429877709
pseudo-stochastic bridge,558,0.7265625,3.6328125,1.265625,1.129477429877709
pseudo-stochastic bridge,559,0.7278645833333334,3.639322916666666,1.2786458333333321,1.1294774298776915
pseudo-stochastic bridge,560,0.7291666666666666,3.645833333333333,1.291666666666666,1.129477429877709
pseudo-stochastic bridge,561,0.73046875,3.65234375,1.3046875,1.129477429877709
pseudo-stochastic bridge,562,0.7317708333333334,3.658854166666666,1.3177083333333321,1.1294774298776915
pseudo-stochastic bridge,563,0.7330729166666666,3.665364583333333,1.330729166666666,1.129477429877709
pseudo-stochastic bridge,564,0.734375,3.671875,1.34375,1.129477429877709
pseudo-stochastic bridge,565,0.7356770833333334,3.678385416666666,1.3567708333333321,1.1294774298776915
pseudo-stochastic bridge,566,0.7369791666666666,3.684895833333333,1.369791666666666,1.129477429877709
pseudo-stochastic bridge,567,0.73828125,3.69140625,1.3828125,1.129477429877709
pseudo-stochastic bridge,568,0.7395833333333334,3.697916666666666,1.3958333333333321,1.1294774298776915
pseudo-stochastic bridge,569,0.7408854166666666,3.704427083333333,1.408854166666666,1.129477429877709
pseudo-stochastic bridge,570,0.7421875,3.7109375,1.421875,1.129477429877709
pseudo-stochastic bridge,571,0.7434895833333334,3.717447916666666,1.4348958333333321,1.1294774298776915
pseudo-stochastic bridge,572,0.7447916666666666,3.723958333333333,1.447916666666666,1.129477429877709
pseudo-stochastic bridge,573,0.74609375,3.73046875,1.4609375,1.129477429877709
pseudo-stochastic bridge,574,0.7473958333333334,3.736979166666666,1.4739583333333321,1.1294774298776915
pseudo-stochastic bridge,575,0.7486979166666666,3.743489583333333,1.486979166666666,1.129477429877709
pseudo-stochastic bridge,576,0.75,3.75,1.5,1.129477429877709
pseudo-stochastic bridge,577,0.7513020833333334,3.756510416666666,1.5130208333333321,1.1294774298776915
pseudo-stochastic bridge,578,0.7526041666666666,3.763020833333333,1.526041666666666,1.129477429877709
pseudo-stochastic bridge,579,0.75390625,3.76953125,1.5390625,1.129477429877709
pseudo-stochastic bridge,580,0.7552083333333334,3.776041666666666,1.5520833333333321,1.1294774298776915
pseudo-stochastic bridge,581,0.7565104166666666,3.782552083333333,1.565104166666666,1.129477429877709
pseudo-stochastic bridge,582,0.7578125,3.7890625,1.578125,1.129477429877709
pseudo-stochastic bridge,583,0.7591145833333334,3.795572916666666,1.5911458333333321,1.1294774298776915
pseudo-stochastic bridge,584,0.7604166666666666,3.802083333333333,1.604166666666666,1.129477429877709
pseudo-stochastic bridge,585,0.76171875,3.80859375,1.6171875,1.129477429877709
pseudo-stochastic bridge,586,0.7630208333333334,3.815104166666666,1.6302083333333321,1.1294774298776915
pseudo-stochastic bridge,587,0.7643229166666666,3.821614583333333,1.643229166666666,1.129477429877709
pseudo-stochastic bridge,588,0.765625,3.828125,1.65625,1.129477429877709
pseudo-stochastic bridge,589,0.7669270833333334,3.834635416666666,1.6692708333333321,1.1294774298776915
pseudo-stochastic bridge,590,0.7682291666666666,3.841145833333333,1.682291666666666,1.129477429877709
pseudo-stochastic bridge,591,0.76953125,3.84765625,1.6953125,1.129477429877709
pseudo-stochastic bridge,592,0.7708333333333334,3.854166666666666,1.7083333333333321,1.1294774298776915
pseudo-stochastic bridge,593,0.7721354166666666,3.860677083333333,1.721354166666666,1.129477429877709
pseudo-stochastic bridge,594,0.7734375,3.8671875,1.734375,1.129477429877709
pseudo-stochastic bridge,595,0.7747395833333334,3.873697916666666,1.7473958333333321,1.1294774298776915
pseudo-stochastic bridge,596,0.7760416666666666,3.880208333333333,1.760416666666666,1.129477429877709
pseudo-stochastic bridge,597,0.77734375,3.88671875,1.7734375,1.129477429877709
pseudo-stochastic bridge,598,0.7786458333333334,3.893229166666666,1.7864583333333321,1.1294774298776915
pseudo-stochastic bridge,599,0.7799479166666666,3.899739583333333,1.799479166666666,1.129477429877709
pseudo-stochastic bridge,600,0.78125,3.90625,1.8125,1.129477429877709
pseudo-stochastic bridge,601,0.7825520833333334,3.912760416666666,1.8255208333333321,1.1294774298776915
pseudo-stochastic bridge,602,0.7838541666666666,3.919270833333333,1.838541666666666,1.129477429877709
pseudo-stochastic bridge,603,0.78515625,3.92578125,1.8515625,1.129477429877709
pseudo-stochastic bridge,604,0.7864583333333334,3.932291666666666,1.8645833333333321,1.1294774298776915
pseudo-stochastic bridge,605,0.7877604166666666,3.938802083333333,1.877604166666666,1.129477429877709
pseudo-stochastic bridge,606,0.7890625,3.9453125,1.890625,1.129477429877709
pseudo-stochastic bridge,607,0.7903645833333334,3.951822916666666,1.9036458333333321,1.1294774298776915
pseudo-stochastic bridge,608,0.7916666666666666,3.958333333333333,1.916666666666666,1.129477429877709
pseudo-stochastic bridge,609,0.79296875,3.96484375,1.9296875,1.129477429877709
pseudo-stochastic bridge,610,0.7942708333333334,3.971354166666666,1.9427083333333321,1.1294774298776915
pseudo-stochastic bridge,611,0.7955729166666666,3.977864583333333,1.955729166666666,1.129477429877709
pseudo-stochastic bridge,612,0.796875,3.984375,1.96875,1.129477429877709
pseudo-stochastic bridge,613,0.7981770833333334,3.990885416666666,1.9817708333333321,1.1294774298776915
pseudo-stochastic bridge,614,0.7994791666666666,3.997395833333333,1.994791666666666,1.129477429877709
pseudo-stochastic bridge,615,0.80078125,4.00390625,0.0078125,1.129477429877709
pseudo-stochastic bridge,616,0.8020833333333334,4.010416666666666,0.02083333333333215,1.1294774298776915
pseudo-stochastic bridge,617,0.8033854166666666,4.016927083333333,0.033854166666666075,1.129477429877709
pseudo-stochastic bridge,618,0.8046875,4.0234375,0.046875,1.129477429877709
pseudo-stochastic bridge,619,0.8059895833333334,4.029947916666666,0.05989583333333215,1.1294774298776915
pseudo-stochastic bridge,620,0.8072916666666666,4.036458333333333,0.07291666666666607,1.129477429877709
pseudo-stochastic bridge,621,0.80859375,4.04296875,0.0859375,1.129477429877709
pseudo-stochastic bridge,622,0.8098958333333334,4.049479166666666,0.09895833333333215,1.1294774298776915
pseudo-stochastic bridge,623,0.8111979166666666,4.055989583333333,0.11197916666666607,1.129477429877709
pseudo-stochastic bridge,624,0.8125,4.0625,0.125,1.129477429877709
pseudo-stochastic bridge,625,0.8138020833333334,4.069010416666666,0.13802083333333215,1.1294774298776915
pseudo-stochastic bridge,626,0.8151041666666666,4.075520833333333,0.15104166666666607,1.129477429877709
pseudo-stochastic bridge,627,0.81640625,4.08203125,0.1640625,1.129477429877709
pseudo-stochastic bridge,628,0.8177083333333334,4.088541666666666,0.17708333333333215,1.1294774298776915
pseudo-stochastic bridge,629,0.8190104166666666,4.095052083333333,0.19010416666666607,1.129477429877709
pseudo-stochastic bridge,630,0.8203125,4.1015625,0.203125,1.129477429877709
pseudo-stochastic bridge,631,0.8216145833333334,4.108072916666666,0.21614583333333215,1.1294774298776915
pseudo-stochastic bridge,632,0.8229166666666666,4.114583333333333,0.22916666666666607,1.129477429877709
pseudo-stochastic bridge,633,0.82421875,4.12109375,0.2421875,1.129477429877709
pseudo-stochastic bridge,634,0.8255208333333334,4.127604166666666,0.25520833333333215,1.1294774298776915
pseudo-stochastic bridge,635,0.8268229166666666,4.134114583333333,0.2682291666666661,1.129477429877709
pseudo-stochastic bridge,636,0.828125,4.140625,0.28125,1.129477429877709
pseudo-stochastic bridge,637,0.8294270833333334,4.147135416666666,0.29427083333333215,1.1294774298776915
pseudo-stochastic bridge,638,0.8307291666666666,4.153645833333333,0.3072916666666661,1.129477429877709
pseudo-stochastic bridge,639,0.83203125,4.16015625,0.3203125,1.129477429877709
pseudo-stochastic bridge,640,0.8333333333333334,4.166666666666666,0.33333333333333215,1.1294774298776915
pseudo-stochastic bridge,641,0.8346354166666666,4.173177083333333,0.3463541666666661,1.129477429877709
pseudo-stochastic bridge,642,0.8359375,4.1796875,0.359375,1.129477429877709
pseudo-stochastic bridge,643,0.8372395833333334,4.186197916666666,0.37239583333333215,1.1294774298776915
pseudo-stochastic bridge,644,0.8385416666666666,4.192708333333333,0.3854166666666661,1.129477429877709
pseudo-stochastic bridge,645,0.83984375,4.19921875,0.3984375,1.129477429877709
pseudo-stochastic bridge,646,0.8411458333333334,4.205729166666666,0.41145833333333215,1.1294774298776915
pseudo-stochastic bridge,647,0.8424479166666666,4.212239583333333,0.4244791666666661,1.129477429877709
pseudo-stochastic bridge,648,0.84375,4.21875,0.4375,1.129477429877709
pseudo-stochastic bridge,649,0.8450520833333334,4.225260416666666,0.45052083333333215,1.1294774298776915
pseudo-stochastic bridge,650,0.8463541666666666,4.231770833333333,0.4635416666666661,1.129477429877709
pseudo-stochastic bridge,651,0.84765625,4.23828125,0.4765625,1.129477429877709
pseudo-stochastic bridge,652,0.8489583333333334,4.244791666666666,0.48958333333333215,1.1294774298776915
pseudo-stochastic bridge,653,0.8502604166666666,4.251302083333333,0.5026041666666661,1.129477429877709
pseudo-stochastic bridge,654,0.8515625,4.2578125,0.515625,1.129477429877709
pseudo-stochastic bridge,655,0.8528645833333334,4.264322916666666,0.5286458333333321,1.1294774298776915
pseudo-stochastic bridge,656,0.8541666666666666,4.270833333333333,0.5416666666666661,1.129477429877709
pseudo-stochastic bridge,657,0.85546875,4.27734375,0.5546875,1.129477429877709
pseudo-stochastic bridge,658,0.8567708333333334,4.283854166666666,0.5677083333333321,1.1294774298776915
pseudo-stochastic bridge,659,0.8580729166666666,4.290364583333333,0.5807291666666661,1.129477429877709
pseudo-stochastic bridge,660,0.859375,4.296875,0.59375,1.129477429877709
pseudo-stochastic bridge,661,0.8606770833333334,4.303385416666666,0.6067708333333321,1.1294774298776915
pseudo-stochastic bridge,662,0.8619791666666666,4.309895833333333,0.6197916666666661,1.129477429877709
pseudo-stochastic bridge,663,0.86328125,4.31640625,0.6328125,1.129477429877709
pseudo-stochastic bridge,664,0.8645833333333334,4.322916666666666,0.6458333333333321,1.1294774298776915
pseudo-stochastic bridge,665,0.8658854166666666,4.329427083333333,0.6588541666666661,1.129477429877709
pseudo-stochastic bridge,666,0.8671875,4.3359375,0.671875,1.129477429877709
pseudo-stochastic bridge,667,0.8684895833333334,4.342447916666666,0.6848958333333321,1.1294774298776915
pseudo-stochastic bridge,668,0.8697916666666666,4.348958333333333,0.6979166666666661,1.129477429877709
pseudo-stochastic bridge,669,0.87109375,4.35546875,0.7109375,1.129477429877709
pseudo-stochastic bridge,670,0.8723958333333334,4.361979166666666,0.7239583333333321,1.1294774298776915
pseudo-stochastic bridge,671,0.8736979166666666,4.368489583333333,0.7369791666666661,1.129477429877709
pseudo-stochastic bridge,672,0.875,4.375,0.75,1.129477429877709
pseudo-stochastic bridge,673,0.8763020833333334,4.381510416666666,0.7630208333333321,1.1294774298776915
pseudo-stochastic bridge,674,0.8776041666666666,4.388020833333333,0.7760416666666661,1.129477429877709
pseudo-stochastic bridge,675,0.87890625,4.39453125,0.7890625,1.129477429877709
pseudo-stochastic bridge,676,0.8802083333333334,4.401041666666666,0.8020833333333321,1.1294774298776915
pseudo-stochastic bridge,677,0.8815104166666666,4.407552083333333,0.8151041666666661,1.129477429877709
pseudo-stochastic bridge,678,0.8828125,4.4140625,0.828125,1.129477429877709
pseudo-stochastic bridge,679,0.8841145833333334,4.420572916666666,0.8411458333333321,1.1294774298776915
pseudo-stochastic bridge,680,0.8854166666666666,4.427083333333333,0.8541666666666661,1.129477429877709
pseudo-stochastic bridge,681,0.88671875,4.43359375,0.8671875,1.129477429877709
pseudo-stochastic bridge,682,0.8880208333333334,4.440104166666666,0.8802083333333321,1.1294774298776915
pseudo-stochastic bridge,683,0.8893229166666666,4.446614583333333,0.8932291666666661,1.129477429877709
pseudo-stochastic bridge,684,0.890625,4.453125,0.90625,1.129477429877709
pseudo-stochastic bridge,685,0.8919270833333334,4.459635416666666,0.9192708333333321,1.1294774298776915
pseudo-stochastic bridge,686,0.8932291666666666,4.466145833333333,0.9322916666666661,1.129477429877709
pseudo-stochastic bridge,687,0.89453125,4.47265625,0.9453125,1.129477429877709
pseudo-stochastic bridge,688,0.8958333333333334,4.479166666666666,0.9583333333333321,1.1294774298776915
pseudo-stochastic bridge,689,0.8971354166666666,4.485677083333333,0.9713541666666661,1.129477429877709
pseudo-stochastic bridge,690,0.8984375,4.4921875,0.984375,1.129477429877709
pseudo-stochastic bridge,691,0.8997395833333334,4.498697916666666,0.9973958333333321,1.1294774298776915
pseudo-stochastic bridge,692,0.9010416666666666,4.505208333333333,1.010416666666666,1.129477429877709
pseudo-stochastic bridge,693,0.90234375,4.51171875,1.0234375,1.129477429877709
pseudo-stochastic bridge,694,0.9036458333333334,4.518229166666666,1.0364583333333321,1.1294774298776915
pseudo-stochastic bridge,695,0.9049479166666666,4.524739583333333,1.049479166666666,1.129477429877709
pseudo-stochastic bridge,696,0.90625,4.53125,1.0625,1.129477429877709
pseudo-stochastic bridge,697,0.9075520833333334,4.537760416666666,1.0755208333333321,1.1294774298776915
pseudo-stochastic bridge,698,0.9088541666666666,4.544270833333333,1.088541666666666,1.129477429877709
pseudo-stochastic bridge,699,0.91015625,4.55078125,1.1015625,1.129477429877709
pseudo-stochastic bridge,700,0.9114583333333334,4.557291666666666,1.1145833333333321,1.1294774298776915
pseudo-stochastic bridge,701,0.9127604166666666,4.563802083333333,1.127604166666666,1.129477429877709
pseudo-stochastic bridge,702,0.9140625,4.5703125,1.140625,1.129477429877709
pseudo-stochastic bridge,703,0.9153645833333334,4.576822916666666,1.1536458333333321,1.1294774298776915
pseudo-stochastic bridge,704,0.9166666666666666,4.583333333333333,1.166666666666666,1.129477429877709
pseudo-stochastic bridge,705,0.91796875,4.58984375,1.1796875,1.129477429877709
pseudo-stochastic bridge,706,0.9192708333333334,4.596354166666666,1.1927083333333321,1.1294774298776915
pseudo-stochastic bridge,707,0.9205729166666666,4.602864583333333,1.205729166666666,1.129477429877709
pseudo-stochastic bridge,708,0.921875,4.609375,1.21875,1.129477429877709
pseudo-stochastic bridge,709,0.9231770833333334,4.615885416666666,1.2317708333333321,1.1294774298776915
pseudo-stochastic bridge,710,0.9244791666666666,4.622395833333333,1.244791666666666,1.129477429877709
pseudo-stochastic bridge,711,0.92578125,4.62890625,1.2578125,1.129477429877709
pseudo-stochastic bridge,712,0.9270833333333334,4.635416666666666,1.2708333333333321,1.1294774298776915
pseudo-stochastic bridge,713,0.9283854166666666,4.641927083333333,1.283854166666666,1.129477429877709
pseudo-stochastic bridge,714,0.9296875,4.6484375,1.296875,1.129477429877709
pseudo-stochastic bridge,715,0.9309895833333334,4.654947916666666,1.3098958333333321,1.1294774298776915
pseudo-stochastic bridge,716,0.9322916666666666,4.661458333333333,1.322916666666666,1.129477429877709
pseudo-stochastic bridge,717,0.93359375,4.66796875,1.3359375,1.129477429877709
pseudo-stochastic bridge,718,0.9348958333333334,4.674479166666666,1.3489583333333321,1.1294774298776915
pseudo-stochastic bridge,719,0.9361979166666666,4.680989583333333,1.361979166666666,1.129477429877709
pseudo-stochastic bridge,720,0.9375,4.6875,1.375,1.129477429877709
pseudo-stochastic bridge,721,0.9388020833333334,4.694010416666666,1.3880208333333321,1.1294774298776915
pseudo-stochastic bridge,722,0.9401041666666666,4.700520833333333,1.401041666666666,1.129477429877709
pseudo-stochastic bridge,723,0.94140625,4.70703125,1.4140625,1.129477429877709
pseudo-stochastic bridge,724,0.9427083333333334,4.713541666666666,1.4270833333333321,1.1294774298776915
pseudo-stochastic bridge,725,0.9440104166666666,4.720052083333333,1.440104166666666,1.129477429877709
pseudo-stochastic bridge,726,0.9453125,4.7265625,1.453125,1.129477429877709
pseudo-stochastic bridge,727,0.9466145833333334,4.733072916666666,1.4661458333333321,1.1294774298776915
pseudo-stochastic bridge,728,0.9479166666666666,4.739583333333333,1.479166666666666,1.129477429877709
pseudo-stochastic bridge,729,0.94921875,4.74609375,1.4921875,1.129477429877709
pseudo-stochastic bridge,730,0.9505208333333334,4.752604166666666,1.5052083333333321,1.1294774298776915
pseudo-stochastic bridge,731,0.9518229166666666,4.759114583333333,1.518229166666666,1.129477429877709
pseudo-stochastic bridge,732,0.953125,4.765625,1.53125,1.129477429877709
pseudo-stochastic bridge,733,0.9544270833333334,4.772135416666666,1.5442708333333321,1.1294774298776915
pseudo-stochastic bridge,734,0.9557291666666666,4.778645833333333,1.557291666666666,1.129477429877709
pseudo-stochastic bridge,735,0.95703125,4.78515625,1.5703125,1.129477429877709
pseudo-stochastic bridge,736,0.9583333333333334,4.791666666666666,1.5833333333333321,1.1294774298776915
pseudo-stochastic bridge,737,0.9596354166666666,4.798177083333333,1.596354166666666,1.129477429877709
pseudo-stochastic bridge,738,0.9609375,4.8046875,1.609375,1.129477429877709
pseudo-stochastic bridge,739,0.9622395833333334,4.811197916666666,1.6223958333333321,1.1294774298776915
pseudo-stochastic bridge,740,0.9635416666666666,4.817708333333333,1.635416666666666,1.129477429877709
pseudo-stochastic bridge,741,0.96484375,4.82421875,1.6484375,1.129477429877709
pseudo-stochastic bridge,742,0.9661458333333334,4.830729166666666,1.6614583333333321,1.1294774298776915
pseudo-stochastic bridge,743,0.9674479166666666,4.837239583333333,1.674479166666666,1.129477429877709
pseudo-stochastic bridge,744,0.96875,4.84375,1.6875,1.129477429877709
pseudo-stochastic bridge,745,0.9700520833333334,4.850260416666666,1.7005208333333321,1.1294774298776915
pseudo-stochastic bridge,746,0.9713541666666666,4.856770833333333,1.713541666666666,1.129477429877709
pseudo-stochastic bridge,747,0.97265625,4.86328125,1.7265625,1.129477429877709
pseudo-stochastic bridge,748,0.9739583333333334,4.869791666666666,1.7395833333333321,1.1294774298776915
pseudo-stochastic bridge,749,0.9752604166666666,4.876302083333333,1.752604166666666,1.129477429877709
pseudo-stochastic bridge,750,0.9765625,4.8828125,1.765625,1.129477429877709
pseudo-stochastic bridge,751,0.9778645833333334,4.889322916666666,1.7786458333333321,1.1294774298776915
pseudo-stochastic bridge,752,0.9791666666666666,4.895833333333333,1.791666666666666,1.129477429877709
pseudo-stochastic bridge,753,0.98046875,4.90234375,1.8046875,1.129477429877709
pseudo-stochastic bridge,754,0.9817708333333334,4.908854166666666,1.8177083333333321,1.1294774298776915
pseudo-stochastic bridge,755,0.9830729166666666,4.915364583333333,1.830729166666666,1.129477429877709
pseudo-stochastic bridge,756,0.984375,4.921875,1.84375,1.129477429877709
pseudo-stochastic bridge,757,0.9856770833333334,4.928385416666666,1.8567708333333321,1.1294774298776915
pseudo-stochastic bridge,758,0.9869791666666666,4.934895833333333,1.869791666666666,1.129477429877709
pseudo-stochastic bridge,759,0.98828125,4.94140625,1.8828125,1.129477429877709
pseudo-stochastic bridge,760,0.9895833333333334,4.947916666666666,1.8958333333333321,1.1294774298776915
pseudo-stochastic bridge,761,0.9908854166666666,4.954427083333333,1.908854166666666,1.129477429877709
pseudo-stochastic bridge,762,0.9921875,4.9609375,1.921875,1.129477429877709
pseudo-stochastic bridge,763,0.9934895833333334,4.967447916666666,1.9348958333333321,1.1294774298776915
pseudo-stochastic bridge,764,0.9947916666666666,4.973958333333333,1.947916666666666,1.129477429877709
pseudo-stochastic bridge,765,0.99609375,4.98046875,1.9609375,1.129477429877709
pseudo-stochastic bridge,766,0.9973958333333334,4.986979166666666,1.9739583333333321,1.1294774298776915
pseudo-stochastic bridge,767,0.9986979166666666,4.993489583333333,1.986979166666666,1.129477429877709
pseudo-stochastic bridge,768,1.0,5.0,0.0,1.129477429877709
