run_id,y_px,x_raw_px,x_smooth_px,observed_mask_row,u,v,parent_density,x_P,nearest_magnet_distance,nearest_magnet_id,x_C
1,102,261.5,261.5000000000002,True,0.5094362843614844,-0.1974404896278906,0.9673077357258503,1.9346154714517005,0.21722001181925002,4,0.0
1,103,261.5,261.5000000000002,True,0.5095957455433844,-0.1894514002246462,0.9714495456184293,1.9428990912368587,0.20991608387861943,4,0.0
1,104,261.5,261.5000000000002,True,0.5097552067252845,-0.1814623108214019,0.972528443597907,1.945056887195814,0.2026639902938833,4,0.0
1,105,261.5,261.5000000000002,True,0.5099146679071845,-0.1734732214181575,0.9756426741243691,1.9512853482487382,0.19546950045330846,4,0.0
1,106,261.5,261.5000000000002,True,0.5100741290890847,-0.1654841320149132,0.9818897823101269,1.9637795646202538,0.18833921579908905,4,0.0
1,107,261.5,261.50000000000074,True,0.5102335902709878,-0.1574950426116687,0.9895673025389338,1.9791346050778675,0.18128071260585957,4,0.0
1,108,261.5,261.50000000000074,True,0.5103930514528879,-0.1495059532084244,0.995454250815224,1.990908501630448,0.1743027116045083,4,0.0
1,109,261.5,261.50000000000074,True,0.510552512634788,-0.14151686380518,0.9968240357500835,1.993648071500167,0.167415279282399,4,0.0
1,110,261.5,261.50000000000074,True,0.5107119738166881,-0.1335277744019357,0.9934914042281312,1.9869828084562624,0.16063006616585215,4,0.0
1,111,261.5,261.50000000000074,True,0.5108714349985881,-0.1255386849986913,0.983089397583337,1.966178795166674,0.15396058758790043,4,0.0
1,112,261.5,261.50000000000074,True,0.5110308961804882,-0.1175495955954469,0.9686136467213818,1.9372272934427637,0.14742255207091004,4,0.0
1,113,261.5,261.50000000000074,True,0.5111903573623883,-0.1095605061922026,0.9578983659217251,1.9157967318434501,0.14103424102859555,4,0.0
1,114,261.5,261.50000000000074,True,0.5113498185442884,-0.1015714167889582,0.9555344076076966,1.9110688152153932,0.13481694025843663,4,0.0
1,115,261.5,261.50000000000074,True,0.5115092797261884,-0.0935823273857139,0.9596756236528388,1.9193512473056775,0.12879541751749135,4,0.0
1,116,261.5,261.50000000000074,True,0.5116687409080886,-0.0855932379824695,0.9640303843402567,1.9280607686805133,0.12299842975048934,4,0.060118513316758326
1,117,261.5,261.3321678321685,True,0.5108104945471074,-0.0776339327994618,0.9694646133198948,1.9389292266397895,0.11824464218239629,4,0.13509332814712405
1,118,261.5,261.3741258741266,True,0.5112243826147279,-0.0696373973411583,0.9724293322199107,1.9448586644398214,0.11282941704443306,4,0.22050006880768747
1,119,261.5,261.5792540792548,True,0.51262770857126,-0.0616119050020692,0.9764038878331373,1.9528077756662745,0.10691091687705553,4,0.3138442596800237
1,120,261.5,261.9009324009332,True,0.5147377758770154,-0.0535657291767047,0.9821980114268485,1.964396022853697,0.10069227480114919,4,0.41192216733975284
1,121,261.5,262.2925407925416,True,0.5172718879923045,-0.045507143259575,0.9828040752505318,1.9656081505010636,0.09441843360279448,4,0.5108706532331713
1,122,263.5,262.7074592074599,True,0.5199473483774377,-0.0374444206451902,0.9780622715338078,1.9561245430676155,0.08837709923536348,4,0.606152135427833
1,123,263.5,262.93123543123613,True,0.5214637529498456,-0.0294156189482971,0.9665586563243243,1.9331173126486485,0.08386429954893987,4,0.6773261868572844
1,124,263.5,263.2948717948725,True,0.5238282471413211,-0.0213619970678735,0.9554842988364896,1.910968597672979,0.07911049773760433,4,0.7523012263263098
1,125,263.5,263.705128205129,True,0.5264754378724861,-0.0133001017929397,0.946405782307471,1.892811564614942,0.07471782882114031,4,0.8215806238394603
1,126,263.5,264.06876456876535,True,0.5288399320639616,-0.0052464799125161,0.934907797059822,1.869815594119644,0.07135321170160489,4,0.8746460042122395
1,127,263.5,264.2925407925415,True,0.5303563366363692,0.002782321784377,0.9158147691592436,1.8316295383184873,0.06969921922961955,4,0.9007321045147112
1,128,265.5,264.7074592074599,True,0.5330317970215027,0.0108450443987618,0.8956764941477607,1.7913529882955215,0.06784066036073307,4,0.9300445432911868
1,129,265.5,265.09906759906835,True,0.5355659091367918,0.0189036303158915,0.8826670864636839,1.7653341729273677,0.06714982728561611,4,0.9409400831409749
1,130,265.5,265.4207459207467,True,0.5376759764425472,0.026949806141256,0.8827856770584724,1.7655713541169449,0.06790122210565305,4,0.929089387944815
1,131,265.5,265.4580419580427,True,0.5380615948561984,0.0349455142601084,0.8950256247730906,1.7900512495461811,0.07111648893654099,4,0.878379499919099
1,132,265.5,265.5419580419588,True,0.5387299098095392,0.0429494957734711,0.9128311033627878,1.8256622067255757,0.07482434857145519,4,0.8199006374199498
1,133,265.5,265.57925407925484,True,0.5391155282231904,0.0509452038923236,0.9121533351485089,1.8243066702970179,0.07938723262069006,4,0.7479366756771146
1,134,265.5,265.9009324009332,True,0.5412255955289454,0.058991379717688,0.8895396127375029,1.7790792254750059,0.08327312592861864,4,0.6866499380938085
1,135,265.5,266.2925407925416,True,0.5437597076442345,0.0670499656348178,0.8480686272536664,1.6961372545073328,0.08751381819971192,4,0.6197674547637169
1,136,267.5,266.7074592074599,True,0.5464351680293678,0.0751126882492025,0.8035880019723418,1.6071760039446836,0.09225566194041404,4,0.5449810131482191
1,137,267.5,267.0151515151523,True,0.5484604263732166,0.083156382056214,0.7625166626617526,1.525033325323505,0.097833079918347,4,0.4570162326153735
1,138,267.5,267.3578088578096,True,0.5506977071218316,0.091206280909108,0.7403850394186103,1.4807700788372207,0.10367883950120109,4,0.364819276821841
1,139,267.5,267.5815850815858,True,0.5522141116942395,0.0992350826060011,0.729631441490717,1.459262882981434,0.11014123996483101,4,0.2628969104602574
1,140,267.5,267.805361305362,True,0.5537305162666474,0.1072638843028943,0.7374428205569437,1.4748856411138873,0.11681783254578765,4,0.15759639265528969
1,141,267.5,267.93589743589814,True,0.5546815277596772,0.1152761392107671,0.7500776616498682,1.5001553232997364,0.12386424906944325,4,0.04646316120325156
1,142,268.5,268.3041958041965,True,0.5570742916051216,0.1233305884306417,0.7805667445076587,1.5611334890153175,0.13058732895595376,4,0.0
1,143,268.5,268.6958041958049,True,0.5596084037204108,0.1313891743477714,0.8121520976964898,1.6243041953929795,0.13274671278792124,9,0.0
1,144,269.5,269.06410256410334,True,0.5620011675658552,0.1394436235676461,0.8296223713983237,1.6592447427966475,0.126755106995267,9,0.0008697192193738434
1,145,269.5,269.3624708624716,True,0.5639698866017655,0.1474856626957554,0.8340702135152238,1.6681404270304476,0.12083598696071951,9,0.0942236863860062
1,146,269.5,269.54428904428977,True,0.5652318642884532,0.1555070183375894,0.8344799733660915,1.668959946732183,0.11482212200617022,9,0.18907193211084183
1,147,269.5,269.5629370629378,True,0.5655044040862292,0.1634994170986378,0.8296467599152915,1.659293519830583,0.10850427547782358,9,0.2887144522707128
1,148,269.5,269.58391608391685,True,0.5657910787109894,0.1714922295294118,0.8268503790819615,1.653700758163923,0.10243015211459061,9,0.384513069245487
1,149,269.5,269.50000000000074,True,0.5654416861214488,0.1794664268225378,0.8234053707860658,1.6468107415721316,0.09621641870075318,9,0.4825135594723986
1,150,269.5,269.50000000000074,True,0.5656011473033489,0.1874555162257822,0.8322298585289198,1.6644597170578397,0.09063841888569699,9,0.5704875165050247
1,151,269.5,269.50000000000074,True,0.565760608485249,0.1954446056290265,0.8450600598118524,1.6901201196237048,0.08544441867859276,9,0.6524051870316303
1,152,269.5,269.50000000000074,True,0.565920069667149,0.2034336950322709,0.8529549086463044,1.7059098172926088,0.08070858903034629,9,0.7270967768133476
1,153,269.5,269.50000000000074,True,0.5660795308490492,0.2114227844355153,0.8519406652160002,1.7038813304320004,0.07651605032892878,9,0.7932198015184697
1,154,269.5,269.50000000000074,True,0.5662389920309492,0.2194118738387596,0.8425596066290897,1.6851192132581794,0.07296052033347973,9,0.8492961825544731
1,155,269.5,269.50000000000074,True,0.5663984532128493,0.227400963242004,0.8261662611159316,1.6523325222318632,0.07013894104880822,9,0.8937969898301974
1,156,269.5,269.50000000000074,True,0.5665579143947493,0.2353900526452483,0.8054338940135692,1.6108677880271385,0.06814254566926156,9,0.9252833303041261
1,157,269.5,269.6678321678329,True,0.5677350831195304,0.2434089262687293,0.7844289804031788,1.5688579608063575,0.06805500523944388,9,0.9266639825570377
1,158,269.5,269.6258741258749,True,0.5676401174157103,0.2513905696169145,0.7670749082286229,1.5341498164572458,0.06765440981835967,9,0.9329820115155192
1,159,269.5,269.42074592074664,True,0.566555713822978,0.2593432560843141,0.7482518818372088,1.4965037636744176,0.0672083289239006,9,0.9400174189632375
1,160,269.5,269.09906759906835,True,0.5647645688810231,0.2672752590654383,0.7269740692691447,1.4539481385382893,0.06702897849529557,9,0.9428460613840015
1,161,269.5,268.7074592074599,True,0.5625493791295342,0.2751948519547973,0.7056780312863536,1.4113560625727073,0.06743296964033513,9,0.9364744764407142
1,162,267.5,268.2925407925415,True,0.5601928411082008,0.2831103081469013,0.6913006653179463,1.3826013306358926,0.06869840337489558,9,0.916516567390347
1,163,267.5,267.9009324009332,True,0.5579776513567122,0.2910299010362603,0.6751892294393684,1.3503784588787369,0.07102718378118186,9,0.879787984709498
1,164,267.5,267.57925407925484,True,0.5561865064147572,0.2989619040173845,0.653888790715413,1.307777581430826,0.07452644864813512,9,0.8245989945234122
1,165,267.5,267.3741258741266,True,0.555102102822025,0.3069145904847841,0.6260934177583333,1.2521868355166665,0.07921813141863225,9,0.7506036714421278
1,166,267.5,267.3321678321686,True,0.5550071371182048,0.3148962338329694,0.5996653481206454,1.1993306962412909,0.08507235919876929,9,0.658273158666054
1,167,267.5,267.58391608391685,True,0.5566931596144264,0.3229299995665686,0.576988638023266,1.153977276046532,0.0923736931374216,9,0.543119472847335
1,168,267.5,267.5629370629378,True,0.5567254073534662,0.3309153659422834,0.5643348355019322,1.1286696710038644,0.09881836006021508,9,0.44147679271940277
1,169,267.5,267.5442890442898,True,0.556771789919491,0.3389011459877237,0.5505000821251039,1.1010001642502079,0.10548198845581824,9,0.3363807408023993
1,170,267.5,267.3624708624716,True,0.5558287345966029,0.3468579691523784,0.5301376994799533,1.0602753989599065,0.11179585768256803,9,0.23680094903467386
1,171,267.5,267.06410256410334,True,0.5541789379244928,0.3547941088307577,0.5026867995952785,1.005373599190557,0.11797102424010197,9,0.13940871966681945
1,172,266.5,266.6958041958049,True,0.5521050964428484,0.3627178384173718,0.470275692682752,0.940551385365504,0.12417830798011092,9,0.04150995108692723
1,173,266.5,266.3041958041965,True,0.5498899066913595,0.3706374313067307,0.43826576212761026,0.8765315242552205,0.130546515165893,9,0.0
1,174,265.5,265.93589743589814,True,0.5478160652097152,0.3785611608933448,0.4048068866246028,0.8096137732492056,0.13217622590227335,15,0.0
1,175,265.5,265.6375291375299,True,0.5461662685376051,0.3864973005717242,0.38697941314462714,0.7739588262892543,0.12562218522486693,15,0.018737703166142428
1,176,265.5,265.4137529137537,True,0.5449687863289973,0.3944466776813197,0.38334828460627396,0.7666965692125479,0.11903755008657892,15,0.12258790537799658
1,177,265.5,265.40559440559514,True,0.5450787756164516,0.4024343192405248,0.39411920411609047,0.7882384082321809,0.11196161373367174,15,0.23418671163754534
1,178,265.5,265.4358974358982,True,0.5454219895491498,0.4104287863502008,0.4106451973417801,0.8212903946835602,0.10488928229076172,15,0.345728662714643
1,179,265.5,265.5582750582758,True,0.5463235291477337,0.4184395934140343,0.4258344129149385,0.851668825829877,0.09763843221612191,15,0.46008613744861293
1,180,265.5,265.6666666666674,True,0.5471402597844112,0.4264479184595148,0.44075559860140756,0.8815111972028151,0.0905762708141472,15,0.571467690753404
1,181,266.0,265.737762237763,True,0.5477308331893371,0.4344496247893871,0.4633988351554814,0.9267976703109628,0.0838386395961495,15,0.6777308852543955
1,182,266.0,265.9370629370637,True,0.5490988220784082,0.4424740829541624,0.4928182129259411,0.9856364258518822,0.07681250579020411,15,0.7885442258861566
1,183,266.0,266.21794871794947,True,0.5509615299119356,0.4505130195593305,0.5231550358504775,1.046310071700955,0.06966873604216746,15,0.9012128730181252
1,184,266.5,266.5337995338003,True,0.5530362601502296,0.4585581612103812,0.5457862243060297,1.0915724486120595,0.06263400724001043,15,1.0121617704538464
1,185,266.5,266.8379953379961,True,0.5550403162536016,0.4666012345128044,0.5626526674624663,1.1253053349249327,0.05600759500857768,15,1.1166708640818213
1,186,267.5,267.08391608391685,True,0.5566910016823617,0.4746339660720898,0.5800897620268474,1.1601795240536947,0.050190686511633734,15,1.2084127922173478
1,187,267.5,267.3310023310031,True,0.5583487545246144,0.482666904466238,0.5997953092307169,1.1995906184614338,0.04511388312297397,15,1.2884820819242973
1,188,267.5,267.50233100233174,True,0.5595471254898718,0.4906863985943072,0.6243974489761042,1.2487948979522083,0.04151118195470115,15,1.3453024276194563
1,189,267.5,267.5629370629378,True,0.5600740921733679,0.4986862434104148,0.6560280376393754,1.312056075278751,0.03994751647045668,15,1.3699639272044895
1,190,267.5,267.58391608391685,True,0.5603607667981282,0.5066790558411888,0.6931487890785883,1.3862975781571767,0.04019799243447491,15,1.3660135216062737
1,191,267.5,267.41608391608463,True,0.5595025204371471,0.5146383610241965,0.7502990555791524,1.5005981111583049,0.04306190270318312,15,1.3208450871713049
1,192,267.5,267.4370629370637,True,0.5597891950619074,0.5226311734549705,0.791376890542836,1.582753781085672,0.04614194237045401,15,1.2722679472768417
1,193,267.5,267.45571095571165,True,0.5600617348596829,0.5306235722160189,0.8238265599574214,1.6476531199148428,0.05032760870226199,15,1.2062533108056364
1,194,267.5,267.6375291375299,True,0.561323712546371,0.5386449278578529,0.8370758015365027,1.6741516030730055,0.054674360173068315,15,1.1376981046738541
1,195,267.5,267.93589743589814,True,0.5632924315822814,0.5466869669859622,0.838161794326815,1.67632358865363,0.05938954845332489,15,1.0633320621995668
1,196,268.5,268.3041958041965,True,0.5656851954277258,0.5547414162058368,0.8342799123217652,1.6685598246435305,0.0646074953937547,15,0.9810367134803286
1,197,268.5,268.6958041958049,True,0.568219307543015,0.5628000021229665,0.8307021042288276,1.6614042084576552,0.0703836108741948,15,0.8899381563021573
1,198,269.5,269.06410256410334,True,0.5706120713884594,0.5708544513428412,0.8268837267162208,1.6537674534324416,0.07670725925994268,15,0.7902041315939445
1,199,269.5,269.3624708624716,True,0.5725807904243697,0.5788964904709506,0.8263584387105358,1.6527168774210717,0.08352526122308832,15,0.682673362206837
1,200,269.5,269.54428904428977,True,0.5738427681110574,0.5869178461127846,0.8306195631989504,1.6612391263979007,0.09076845681720953,15,0.5684366108437127
1,201,269.5,269.4370629370637,True,0.5733520272516726,0.5948879067086555,0.8321336439234756,1.664267287846951,0.09855876060070014,15,0.4455710903985486
1,202,269.5,269.48951048951125,True,0.573829522040723,0.6028863036807238,0.8365056296584121,1.6730112593168243,0.10616254236640686,15,0.3256473197780916
1,203,269.5,269.51748251748324,True,0.5741586011464365,0.6108803571206743,0.8324350018356346,1.6648700036712691,0.11385179616465098,15,0.20437551883005356
1,204,269.5,269.7692307692315,True,0.575844623642658,0.6189141228542735,0.8258119522648713,1.6516239045297425,0.12134269990883709,15,0.086232014710929
1,205,269.5,270.11421911421985,True,0.5780960392182578,0.6269644353768931,0.8242777073169699,1.6485554146339398,0.12884002230868075,15,0.0
1,206,271.0,270.5058275058283,True,0.5806301513335469,0.6350230212940228,0.8421748593055225,1.684349718611045,0.13640530531004805,15,0.0
1,207,271.0,270.8974358974367,True,0.5831642634488361,0.6430816072111525,0.8671128057079585,1.734225611415917,0.13545418942040036,20,0.0
1,208,271.5,271.242424242425,True,0.5854156790244354,0.651131919733772,0.8857982956195343,1.7715965912390685,0.13065502485069092,20,0.0
1,209,271.5,271.41025641025715,True,0.5865928477492164,0.659150793357253,0.892441767286748,1.784883534573496,0.1255065720547554,20,0.02056110732480576
1,210,271.5,271.5431235431243,True,0.5875579940692306,0.6671634619348513,0.8985007361643246,1.7970014723286492,0.12053337448211697,20,0.09899636800536693
1,211,271.5,271.57109557109635,True,0.5878870731749444,0.6751575153748017,0.907907967076102,1.815815934152204,0.11543628171476708,20,0.17938565358687475
1,212,271.5,271.742424242425,True,0.5890854441402018,0.683177009502871,0.9189155194372939,1.8378310388745878,0.11136214983842765,20,0.2436412137371089
1,213,271.5,271.85431235431315,True,0.5899233770173562,0.6911859550529397,0.9243458591898928,1.8486917183797855,0.10744908383620783,20,0.3053565080646419
1,214,272.5,272.0722610722618,True,0.5914044445223028,0.6992137225755191,0.9191682235922588,1.8383364471845176,0.10456585701397503,20,0.35082959536912206
1,215,272.5,272.27738927739006,True,0.5928077704788353,0.7072392149146082,0.9049207981572095,1.809841596314419,0.10218496465904969,20,0.388380066626963
1,216,272.5,272.52913752913827,True,0.5944937929750564,0.7152729806482073,0.8916492378399401,1.7832984756798802,0.10067294961345183,20,0.4122269563839449
1,217,272.5,272.78088578088654,True,0.5961798154712781,0.7233067463818066,0.8862869502192222,1.7725739004384444,0.09981526282495226,20,0.4257540455163693
1,218,273.0,272.9860139860148,True,0.5975831414278105,0.7313322387208957,0.8841795367983575,1.768359073596715,0.09935267888735412,20,0.4330497322857372
1,219,273.0,273.0139860139868,True,0.597912220533524,0.7393262921608461,0.8770102483101755,1.754020496620351,0.09849228888009992,20,0.4466194554910292
1,220,273.5,273.219114219115,True,0.5993155464900565,0.7473517844999352,0.8633152855653574,1.7266305711307148,0.09935084710234408,20,0.43307862245804074
1,221,273.5,273.47086247086327,True,0.601001568986278,0.7553855502335344,0.8461740672294258,1.6923481344588516,0.09914481072903722,21,0.43632814480537596
1,222,273.5,273.7226107226115,True,0.6026875914824993,0.7634193159671336,0.8297480602587363,1.6594961205174725,0.09823330846766146,21,0.45070398981006154
1,223,273.5,273.92773892773965,True,0.6040909174390313,0.7714448083062228,0.8128180089543389,1.6256360179086777,0.09827732149879422,21,0.4500098340843304
1,224,274.5,274.1456876456884,True,0.6055719849439783,0.779472575828802,0.7945643464428909,1.5891286928857817,0.09892058811695748,21,0.4398644931551199
1,225,274.5,274.21561771561846,True,0.6061554909354121,0.7874740753238116,0.7737598448648909,1.5475196897297818,0.10104997873799006,21,0.4062806055230781
1,226,274.5,274.3974358974367,True,0.6074174686221003,0.7954954309656457,0.7562564708483117,1.5125129416966234,0.10315696464655026,21,0.3730500759544504
1,227,274.5,274.6025641025649,True,0.6088207945786325,0.8035209233047347,0.7441008524012078,1.4882017048024156,0.1057267077547733,21,0.33252112699724723
1,228,274.5,274.78438228438307,True,0.6100827722653203,0.8115422789465687,0.7365186760551982,1.4730373521103963,0.10896127725677388,21,0.2815068050498064
1,229,274.5,274.8962703962712,True,0.6109207051424742,0.8195512244966374,0.7293866793567226,1.4587733587134453,0.11301545735560109,21,0.21756591626489685
1,230,275.5,275.1037296037304,True,0.6123381659259909,0.827577130505452,0.7203754581509153,1.4407509163018306,0.1170589950865761,21,0.15379287460139235
1,231,275.5,275.21561771561846,True,0.6131760988031448,0.8355860760555207,0.7047133593085155,1.409426718617031,0.12191540605527529,21,0.07719952500322402
1,232,275.5,275.39743589743665,True,0.6144380764898327,0.8436074316973547,0.6904937350587856,1.3809874701175713,0.1268195332893741,21,0.0
1,233,275.5,275.6025641025649,True,0.6158414024463651,0.8516329240364439,0.6802266940697443,1.3604533881394887,0.13195423748554747,21,0.0
1,234,275.5,275.78438228438307,True,0.617103380133053,0.8596542796782778,0.6718018736957649,1.3436037473915299,0.1374623971751078,21,0.0
1,235,275.5,275.8962703962712,True,0.6179413130102069,0.8676632252283465,0.6596868609533088,1.3193737219066175,0.1335474173074626,26,0.0
1,236,276.5,276.1037296037304,True,0.6193587737937236,0.8756891312371611,0.6481137514962158,1.2962275029924315,0.12580919765807394,26,0.015788218707732726
1,237,276.5,276.25757575757655,True,0.620451133556598,0.883705522842289,0.6342762225291688,1.2685524450583376,0.1180790171077621,26,0.1377054998363494
1,238,276.5,276.4289044289052,True,0.6216495045218555,0.8917250169703582,0.6207924601069892,1.2415849202139784,0.11041817330544394,26,0.25852922981921056
1,239,276.5,276.5407925407933,True,0.6224874373990095,0.8997339625204269,0.6079880109933715,1.215976021986743,0.1027568154072007,26,0.3793610679150734
1,240,276.5,276.6526806526814,True,0.6233253702761635,0.9077429080704956,0.6014729210361066,1.2029458420722132,0.09516009620533783,26,0.4991734506350751
1,241,276.5,276.71794871794947,True,0.6238806066136284,0.9157435802260544,0.6002547977214061,1.2005095954428122,0.08757526845724312,26,0.6187982861558046
1,242,277.0,276.90209790209866,True,0.6251567191273008,0.9237653495376138,0.6069500407193584,1.2139000814387169,0.08027815673252653,26,0.7338853809240253
1,243,277.0,277.0979020979029,True,0.6265035057758953,0.9317891871978008,0.6107454027012369,1.2214908054024738,0.07317889587544742,26,0.8458520518296593
1,244,277.5,277.28205128205207,True,0.6277796182895676,0.9398109565093604,0.6078105319333638,1.2156210638667275,0.06629048309246342,26,0.9544933121892427
1,245,277.5,277.43123543123625,True,0.6288437083984731,0.9478265207750372,0.5985140340005746,1.1970280680011491,0.0596156980049196,26,1.0597653229391533
1,246,277.5,277.52214452214525,True,0.6295544278327666,0.9558317432975764,0.5843026810686148,1.1686053621372297,0.05314413518586406,26,1.1618321942647483
1,247,277.5,277.5314685314693,True,0.6297704283226044,0.9638224873797228,0.5727181759186735,1.145436351837347,0.046851796357254456,26,1.261072417301086
1,248,277.5,277.5419580419588,True,0.6299934962259349,0.9718134382967318,0.5730539624395059,1.1461079248790118,0.04115934980666375,26,1.3508513819579977
1,249,277.5,277.5000000000008,True,0.6298985305221148,0.979795081644917,0.5811193268767212,1.1622386537534424,0.036085465954001354,26,1.430874625924018
1,250,277.5,277.5000000000008,True,0.6300579917040149,0.9877841710481614,0.5894283656107085,1.178856731221417,0.032445482617141023,26,1.4882829709031762
1,251,277.5,277.5000000000008,True,0.6302174528859149,0.9957732604514058,0.5900513704240231,1.1801027408480462,0.030511633619393966,26,1.5187828551405644
1,252,277.5,277.5000000000008,True,0.630376914067815,1.0037623498546502,0.589897626344722,1.179795252689444,0.03060902129621593,26,1.5172468960906704
1,253,277.5,277.5000000000008,True,0.6305363752497151,1.0117514392578946,0.5978466868477116,1.1956933736954232,0.032719513107981775,26,1.4839610728346637
1,254,277.5,277.5000000000008,True,0.6306958364316152,1.0197405286611387,0.6154219511680015,1.230843902336003,0.03649551816398432,26,1.424407448315872
1,255,277.5,277.5000000000008,True,0.6308552976135152,1.0277296180643831,0.6316067548174147,1.2632135096348294,0.041484709337479456,26,1.345719943031292
1,256,277.5,277.5000000000008,True,0.6310147587954154,1.0357187074676275,0.6323242122538254,1.2646484245076508,0.04730477065049293,26,1.2539282899558892
1,257,277.5,277.5000000000008,True,0.6311742199773154,1.043707796870872,0.6170814766876263,1.2341629533752525,0.05368615741976178,26,1.1532836388153673
1,258,277.5,277.5000000000008,True,0.6313336811592155,1.0516968862741165,0.5928174342696988,1.1856348685393976,0.060451365786277377,26,1.0465855086816696
1,259,277.5,277.5000000000008,True,0.6314931423411155,1.059685975677361,0.5727752085230777,1.1455504170461555,0.06748506284413072,26,0.9356528834998119
1,260,277.5,277.5000000000008,True,0.6316526035230157,1.067675065080605,0.5640547586026874,1.1281095172053748,0.07471145657427211,26,0.8216811243397779
1,261,277.5,277.5000000000008,True,0.6318120647049157,1.0756641544838492,0.5654641932287756,1.1309283864575512,0.08207966699826173,26,0.7054726896428538
1,262,277.5,277.5000000000008,True,0.6319715258868158,1.0836532438870936,0.567633590147873,1.135267180295746,0.08955469658462861,26,0.5875795463204698
1,263,277.5,277.5419580419588,True,0.632385413954436,1.0916497793453972,0.5670659329692423,1.1341318659384847,0.09720338003927728,26,0.4669476044227374
1,264,277.5,277.5314685314693,True,0.6324812684149058,1.099637007234877,0.5658506568773979,1.1317013137547958,0.10479773856607814,26,0.34717245331502666
1,265,277.5,277.52214452214525,True,0.632584190288868,1.107624441959219,0.5658861294033793,1.1317722588067587,0.11244887711228797,26,0.22650179070616572
1,266,277.5,277.43123543123625,True,0.6321923932183748,1.1155973982431686,0.5673204791667792,1.1346409583335584,0.11999628603301096,26,0.10746710979650786
1,267,277.5,277.28205128205207,True,0.6314472254732694,1.1235600127839804,0.5675861129207238,1.1351722258414476,0.12749903822830996,26,0.0
1,268,277.0,277.0979020979029,True,0.6304900353233973,1.1315164222789096,0.565727139679839,1.131454279359678,0.13500448727011438,26,0.0
1,269,277.0,276.90209790209866,True,0.6294621710386028,1.1394707634252113,0.5648650349460507,1.1297300698921013,0.14254863511349075,26,0.0
1,270,276.5,276.71794871794947,True,0.6285049808887307,1.1474271729201406,0.5696715973027262,1.1393431946054524,0.15015760137499515,26,0.0
1,271,276.5,276.56876456876535,True,0.6277598131436256,1.1553897874609524,0.5839684605321208,1.1679369210642416,0.1578499074213507,26,0.0
1,272,276.5,276.56177156177233,True,0.6278768698445724,1.1633776358550203,0.5975815518585237,1.1951631037170474,0.16573886620194686,26,0.0
1,273,276.5,276.53146853146933,True,0.6278525782756746,1.171361347551833,0.6078547207055192,1.2157094414110383,0.1736101309007705,26,0.0
1,274,276.5,276.4184149184157,True,0.6273265003488284,1.1793303739733902,0.6153432164605837,1.2306864329211673,0.1814004428074819,26,0.0
1,275,276.5,276.2995337995346,True,0.6267650853545211,1.1872983662206336,0.6229212710723927,1.2458425421447854,0.18920107764744198,26,0.0
1,276,276.5,276.06177156177233,True,0.6254827941840065,1.195245261311876,0.6431686164981286,1.2863372329962572,0.19690120584741777,26,0.0
1,277,275.5,275.90675990676067,True,0.6247022893714401,1.203206841678374,0.6644567606168793,1.3289135212337586,0.20470276892384764,26,0.0
1,278,275.5,275.751748251749,True,0.6239217845588738,1.2111684220448722,0.685209952814603,1.370419905629206,0.2125190679572128,26,0.0
1,279,275.5,275.70396270396344,True,0.6237914817875924,1.2191490312187436,0.6959682949146111,1.3919365898292222,0.22043668589815807,26,0.0
1,280,275.5,275.5979020979029,True,0.6233078083416999,1.2271192986494774,0.7098096876117349,1.4196193752234698,0.22831213228543928,26,0.0
1,281,276.0,275.48018648018723,True,0.6227534607608847,1.2350874977315836,0.7327521551055046,1.4655043102110092,0.23618605286149819,26,0.0
1,282,275.5,275.39743589743665,True,0.6224111355848366,1.2430619018595723,0.7601376317541821,1.5202752635083643,0.2440929067666537,26,0.0
1,283,275.5,275.18414918415,True,0.6212772600976587,1.2510131404829328,0.7894464860106176,1.5788929720212352,0.2519133154328448,26,0.0
1,284,274.5,274.9475524475532,True,0.6200020363406366,1.258960242409038,0.8041446201778583,1.6082892403557165,0.2597315702919456,26,0.0
1,285,274.5,274.71095571095645,True,0.618726812583614,1.2669073443351433,0.8046705681098816,1.6093411362197632,0.2675634952111004,26,0.0
1,286,274.5,274.45571095571177,True,0.6173385102107164,1.2748511369034443,0.8061655867502312,1.6123311735004624,0.2753974789162802,26,0.0
1,287,274.5,274.3874125874126,True,0.617083820961967,1.2828281057837314,0.8098579940304886,1.6197159880609773,0.28334359770404927,26,0.0
1,288,274.5,274.40069930069933,True,0.6173238506576787,1.290819553104411,0.8224242714824513,1.6448485429649027,0.29133507902320815,26,0.0
1,289,274.5,274.4955710955711,True,0.618058599297846,1.2988254788654836,0.8301566770229364,1.6603133540458728,0.2993706395553608,26,0.0
1,290,274.5,274.672027972028,True,0.6192880668824696,1.306845883066949,0.8298777691549586,1.6597555383099172,0.30745150101958896,26,0.0
1,291,275.0,274.93006993007,True,0.6210122534115492,1.314880765708807,0.828071089139389,1.656142178278778,0.31558106946836306,26,0.0
2,104,257.5,257.42307692307696,True,0.4850333943294672,-0.1821858191713156,1.0,2.0,0.2010531045726824,3,0.0
2,105,257.5,257.52377622377634,True,0.4858034800370963,-0.1741788592359292,1.0,2.0,0.19416619734445545,3,0.0
2,106,257.5,257.5778554778556,True,0.486290869205036,-0.1661801726950531,1.0,2.0,0.18724840160898118,3,0.0
2,107,257.5,257.58531468531487,True,0.4864955618332866,-0.1581897595486871,1.0,2.0,0.18029276813817952,3,0.0
2,108,257.5,257.546153846154,True,0.4864175579218477,-0.1502076197968313,1.0,2.0,0.1732925946548361,3,0.0
2,109,257.5,257.46037296037366,True,0.4860568574707229,-0.1422337534394855,1.0,2.0,0.16624146093926348,3,0.0
2,110,257.5,257.2995337995345,True,0.4852410155906956,-0.1342732072473012,1.0,2.0,0.15904504054955598,3,0.0
2,111,257.5,257.1037296037303,True,0.4842131513059011,-0.1263188661009996,0.9999999999999998,1.9999999999999996,0.1518167012746386,3,0.0
2,112,256.5,256.8962703962711,True,0.4831146128861847,-0.1183665933033254,1.0,2.0,0.14463294674953964,3,0.0
2,113,256.5,256.70046620046696,True,0.4820867486013905,-0.1104122521570237,1.0,2.0,0.13758306480935095,3,0.0
2,114,256.5,256.53962703962776,True,0.4812709067213628,-0.1024517059648394,1.0,2.0,0.130771986046012,3,0.0
2,115,256.5,256.4370629370636,True,0.4808084355159465,-0.0944808180295175,1.0,2.0,0.12432468872296314,3,0.03920129321509935
2,116,256.5,256.41608391608463,True,0.4808406832549867,-0.0864954516538027,0.999956683690429,1.999913367380858,0.11839205727551322,3,0.1327683569212692
2,117,256.5,256.5000000000007,True,0.481508998208327,-0.07849147014044,0.9998008452558533,1.9996016905117067,0.11315753476341128,3,0.21532512885284572
2,118,256.5,256.5000000000007,True,0.4816684593902271,-0.0705023807371957,0.9999577827185158,1.9999155654370315,0.10789032833755617,3,0.2983973782529621
2,119,256.5,256.5000000000007,True,0.4818279205721272,-0.0625132913339513,1.0,2.0,0.1029743666091801,3,0.37592993834714594
2,120,256.5,256.5000000000007,True,0.4819873817540273,-0.054524201930707,1.0,2.0,0.09846227380606805,3,0.44709284109891034
2,121,256.5,256.5000000000007,True,0.4821468429359273,-0.0465351125274626,1.0,2.0,0.09441197224019585,3,0.5109725592307457
2,122,256.5,256.5000000000007,True,0.4823063041178274,-0.0385460231242183,1.0,2.0,0.0908852221003451,3,0.5665950360244123
2,123,256.5,256.58391608391685,True,0.4829746190711684,-0.0305420416108556,0.9999999999999999,1.9999999999999998,0.08841721391089369,3,0.6055194629899554
2,124,256.5,256.5629370629377,True,0.4830068668102079,-0.0225566752351408,1.0,2.0,0.08601711187497056,3,0.6433729015670402
2,125,256.5,256.46037296037366,True,0.482544395604792,-0.0145857872998188,0.9999999999999999,1.9999999999999998,0.08382316169720609,3,0.6779749964164159
2,126,256.5,256.2995337995345,True,0.4817285537247646,-0.0066252411076345,1.0,2.0,0.08199664818561804,3,0.7067820287784883
2,127,256.5,256.1037296037303,True,0.4807006894399701,0.001329100038667,1.0,2.0,0.08071163350471404,3,0.7270487605949727
2,128,255.5,255.89627039627112,True,0.4796021510202536,0.0092813728363412,1.0,2.0,0.08014141456686694,3,0.7360420230547431
2,129,255.5,255.7004662004669,True,0.4785742867354592,0.0172357139826429,1.0,2.0,0.0804424537944836,3,0.731294154113622
2,130,255.5,255.53962703962776,True,0.4777584448554318,0.0251962601748272,1.0,2.0,0.08173877460014192,3,0.7108491066703324
2,131,255.5,255.43706293706364,True,0.4772959736500157,0.0331671481101491,1.0,2.0,0.08411139789745789,3,0.673429051644644
2,132,255.5,255.41608391608463,True,0.4773282213890557,0.0411525144858639,1.0,2.0,0.08759670810997432,3,0.6184601486243047
2,133,255.5,255.5000000000007,True,0.4779965363423962,0.0491564959992266,1.0,2.0,0.09219447261269358,3,0.5459460664766911
2,134,255.5,255.5000000000007,True,0.4781559975242963,0.0571455854024709,1.0,2.0,0.0968193053063742,3,0.47300507576910245
2,135,255.5,255.66783216783287,True,0.4793331662490772,0.0651644590259519,1.0,2.0,0.1026652715734424,3,0.38080486023573945
2,136,255.5,255.62587412587484,True,0.4792382005452572,0.0731461023741371,0.9999999999999999,1.9999999999999998,0.10783804856440113,3,0.2992219136903429
2,137,255.5,255.42074592074664,True,0.478153796952525,0.0810987888415367,0.9975931593105405,1.995186318621081,0.11262783638897031,3,0.22367931737532287
2,138,255.5,255.09906759906832,True,0.47636265201057,0.089030791822661,0.9845606882760413,1.9691213765520825,0.11729337796592529,3,0.15009628262564645
2,139,255.5,254.70745920745992,True,0.4741474622590811,0.09695038471202,0.9726307342728002,1.9452614685456004,0.1220541816377896,3,0.07501081264429965
2,140,253.5,254.2925407925415,True,0.4717909242377478,0.1048658409041239,0.9683104419284767,1.9366208838569534,0.1270857245777002,3,0.0
2,141,253.5,253.90093240093316,True,0.4695757344862591,0.1127854337934829,0.9697287549325118,1.9394575098650235,0.1325191944787114,3,0.0
2,142,253.5,253.5792540792548,True,0.4677845895443039,0.1207174367746071,0.9749615274623804,1.9499230549247608,0.13323593293461297,9,0.0
2,143,253.5,253.3741258741266,True,0.466700185951572,0.1286701232420068,0.9764160205025956,1.9528320410051911,0.12581659910270068,9,0.015671486116631606
2,144,253.5,253.33216783216847,True,0.4666052202477516,0.136651766590192,0.9744655368662519,1.9489310737325038,0.11816527972219885,9,0.1363450007708067
2,145,253.5,253.50000000000068,True,0.4677823889725325,0.1446706402136729,0.9713583630210674,1.9427167260421347,0.11014648652278808,9,0.26281416387015555
2,146,253.5,253.50000000000068,True,0.4679418501544325,0.1526597296169173,0.9712330257016462,1.9424660514032923,0.10248342895206282,9,0.3836728085129637
2,147,253.5,253.50000000000068,True,0.4681013113363326,0.1606488190201616,0.9736749252473118,1.9473498504946236,0.09487444271748541,9,0.5036786619114753
2,148,253.5,253.50000000000068,True,0.4682607725182327,0.1686379084234059,0.9731575351080006,1.9463150702160013,0.08733366193431635,9,0.6226088065164164
2,149,253.5,253.50000000000068,True,0.4684202337001328,0.1766269978266503,0.96633878213092,1.93267756426184,0.07988040490310878,9,0.7401585619048485
2,150,253.5,253.50000000000068,True,0.4685796948820329,0.1846160872298947,0.9560844875563796,1.9121689751127593,0.07254165439824825,9,0.855902366672483
2,151,253.5,253.41608391608463,True,0.4682303022924927,0.1925902845230207,0.9457968914984989,1.8915937829969978,0.0656139400095293,9,0.9651634760619834
2,152,253.5,253.4370629370636,True,0.4685169769172527,0.2005830969537947,0.9358304587569323,1.8716609175138645,0.058593609285542865,9,1.075885292832174
2,153,253.5,253.45571095571165,True,0.4687895167150285,0.2085754957148431,0.9229912474457063,1.8459824948914125,0.0518660179901298,9,1.1819901417348584
2,154,253.5,253.63752913752984,True,0.4700514944017163,0.216596851356677,0.9039362936227122,1.8078725872454244,0.04486293934706421,9,1.2924398656624576
2,155,253.5,253.9358974358981,True,0.4720202134376269,0.2246388904847865,0.8670126899552606,1.7340253799105212,0.03776313456161455,9,1.404415115186357
2,156,254.5,254.30419580419647,True,0.4744129772830714,0.2326933397046611,0.8054363484271555,1.610872696854311,0.030890390449051938,9,1.5128092556133281
2,157,254.5,254.69580419580493,True,0.4769470893983604,0.2407519256217908,0.745397305991959,1.490794611983918,0.02483875131547634,9,1.6082532604118074
2,158,255.5,255.0641025641033,True,0.4793398532438048,0.2488063748416654,0.7226963274694197,1.4453926549388394,0.02069459844998527,9,1.6736131632825955
2,159,255.5,255.3624708624716,True,0.4813085722797153,0.2568484139697748,0.7588524268294223,1.5177048536588447,0.019906537723171105,9,1.686042138330733
2,160,255.5,255.54428904428977,True,0.4825705499664031,0.2648697696116088,0.8324448047931852,1.6648896095863703,0.022910604024686386,9,1.6386632196331525
2,161,255.5,255.52097902097967,True,0.4825886628784585,0.2728547223175981,0.8969000895091627,1.7938001790183253,0.028731393850185673,9,1.5468600767534744
2,162,255.5,255.55244755244823,True,0.4829389442246487,0.2808493962621368,0.9300250840288158,1.8600501680576316,0.035252870435015446,9,1.4440059857019647
2,163,255.5,255.3939393939401,True,0.4821372371716058,0.2888103561240466,0.9354308281039544,1.8708616562079088,0.042723787733987065,9,1.3261776997131434
2,164,255.5,255.50582750582825,True,0.4829751700487598,0.2968193016741153,0.9426724382827252,1.8853448765654504,0.049818589342939666,9,1.2142813582653953
2,165,255.5,255.7575757575765,True,0.4846611925449812,0.3048530674077146,0.9531452334092203,1.9062904668184406,0.05695733506913244,9,1.101691947973957
2,166,256.0,256.1025641025648,True,0.4869126081205808,0.3129033799303341,0.9661949010189838,1.9323898020379675,0.06425040881477292,9,0.9866685385785432
2,167,256.0,256.41025641025715,True,0.4889378664644296,0.3209470737373456,0.9755240415156772,1.9510480830313544,0.07180430398138503,9,0.8675315592221173
2,168,257.5,256.82284382284456,True,0.4915991920225787,0.3290093826820048,0.9841787050600901,1.9683574101201802,0.07945474263041184,9,0.74687193510855
2,169,257.5,257.18648018648094,True,0.4939636862140542,0.3370630045624285,0.9899751685891509,1.9799503371783018,0.08727201067673326,9,0.6235811452158517
2,170,257.5,257.62004662004733,True,0.4967522252150631,0.3451290365346173,0.9941063580536802,1.9882127161073604,0.09518446109033882,9,0.4987891775233413
2,171,257.5,258.03030303030374,True,0.4993994159462277,0.3531909318095511,0.9918270595365792,1.9836541190731585,0.10319267953168512,9,0.37248679523117056
2,172,258.5,258.43006993007066,True,0.5019829999559623,0.3612509655707201,0.9848400956569056,1.9696801913138111,0.11126863722200833,9,0.24511605690162042
2,173,258.5,258.6958041958049,True,0.5037538314140904,0.3692872133226724,0.9746230705123273,1.9492461410246547,0.11934626308592222,9,0.1177190088128992
2,174,259.5,259.0641025641033,True,0.5061465952595349,0.377341662542547,0.9555028385688658,1.9110056771377315,0.12748991980695748,9,0.0
2,175,259.5,259.1946386946394,True,0.5070976067525645,0.3853539174504198,0.9436006892057709,1.8872013784115418,0.1355398797062662,9,0.0
2,176,259.5,259.4184149184157,True,0.5086140113249729,0.393382719147313,0.9228806472264238,1.8457612944528476,0.1404230874982207,15,0.0
2,177,259.5,259.6421911421919,True,0.5101304158973808,0.4014115208442061,0.9080178562034591,1.8160357124069182,0.13340251260388672,15,0.0
2,178,259.5,259.9848484848492,True,0.5123676966459957,0.4094614196971001,0.897169891698055,1.79433978339611,0.1260025996334715,15,0.012737960974176676
2,179,259.5,260.1666666666674,True,0.5136296743326838,0.4174827753389341,0.9018509627039583,1.8037019254079165,0.11945260784781177,15,0.1160417822400579
2,180,261.5,260.5710955710963,True,0.516241527996387,0.4255436364395541,0.8968857791871063,1.7937715583742126,0.11206797806253725,15,0.2325091764622731
2,181,261.5,261.12703962704035,True,0.5197721454140802,0.4336313860723321,0.880896781401508,1.761793562803016,0.10412157108946896,15,0.3578366932767263
2,182,261.5,261.74125874125946,True,0.5236561335063847,0.4417294774482478,0.857548346847502,1.715096693695004,0.09604082334949668,15,0.48528297833198164
2,183,261.5,262.3205128205136,True,0.5273280991939227,0.449821363778281,0.836983776644955,1.67396755328991,0.08831251723193019,15,0.6071706966654624
2,184,263.0,262.77156177156246,True,0.5302226493973149,0.4578904982734111,0.8324725198788678,1.6649450397577357,0.08149901099272092,15,0.7146305613129642
2,185,263.5,262.91724941725016,True,0.531265537265744,0.4659054420344998,0.8593770536602916,1.7187541073205832,0.07672590990160817,15,0.7899099812169434
2,186,263.5,263.27738927739,True,0.5336088292167426,0.4739584434103351,0.8741653156493036,1.748330631298607,0.07131584836194817,15,0.875235283693512
2,187,263.5,263.53030303030374,True,0.5353019191264562,0.4819924159787971,0.8960074019954708,1.7920148039909416,0.06715738791078989,15,0.9408208400186675
2,188,263.5,263.7948717948725,True,0.5370656831710922,0.4900284568958866,0.91346804278266,1.82693608556532,0.06371938407265529,15,0.9950436460355605
2,189,263.5,263.9778554778562,True,0.5383347282712725,0.4980500193725833,0.9254517628204276,1.8509035256408553,0.06169609519106628,15,1.0269541399464874
2,190,264.5,264.3041958041966,True,0.5404730652309967,0.5060970225373989,0.9246923943181153,1.8493847886362307,0.05983836266823094,15,1.0562535459272642
2,191,264.5,264.61188811188885,True,0.542498323574845,0.5141407163444103,0.9255064615208399,1.8510129230416799,0.05921488537890041,15,1.0660867775660194
2,192,265.5,265.00116550116627,True,0.5450183008631495,0.5221988885918145,0.9199803299548782,1.8399606599097564,0.05929399543534698,15,1.0648390857522094
2,193,265.5,265.36013986014063,True,0.5473545254006562,0.5302516831327871,0.9160532838593434,1.8321065677186867,0.0607182866042572,15,1.0423757414979762
2,194,265.5,265.71328671328746,True,0.5496554128707013,0.5383034434994459,0.9082663196446321,1.8165326392892642,0.06325923835405231,15,1.002300878201087
2,195,265.5,265.9370629370637,True,0.5511718174431093,0.546332245196339,0.901367555201277,1.802735110402554,0.06731172525454045,15,0.9383866938555585
2,196,266.5,266.25641025641096,True,0.5532677499218798,0.5543780073519781,0.8886881308475436,1.7773762616950872,0.07169986667306821,15,0.869178702208689
2,197,266.5,266.4335664335672,True,0.554501457954599,0.562398535654361,0.8756905648344797,1.7513811296689594,0.07722496086153552,15,0.7820391513206724
2,198,267.0,266.7995337995345,True,0.5568800869730586,0.5704525712045101,0.8573979829473339,1.7147959658946679,0.08260079714371747,15,0.6972536357624679
2,199,267.0,267.11655011655085,True,0.5589618846248451,0.5784979196904235,0.8392423262001257,1.6784846524002515,0.08857793353464911,15,0.6029846580879552
2,200,267.5,267.5034965034972,True,0.5614677270861649,0.5865556782681023,0.8224788416453931,1.6449576832907862,0.0947450341514399,15,0.5057196414751912
2,201,267.5,267.8671328671336,True,0.5638322212776404,0.5946093001485259,0.8159583792795984,1.6319167585591967,0.10128685942561072,15,0.40254461912552575
2,202,268.5,268.242424242425,True,0.5662673896040382,0.602664990377577,0.8188335051773897,1.6376670103547795,0.10806474565441655,15,0.29564653887541237
2,203,268.5,268.5804195804203,True,0.5684764006986847,0.6107140618910201,0.8189667585991286,1.6379335171982572,0.11511446830576301,15,0.18446116451461436
2,204,269.5,269.0827505827513,True,0.5716819170957352,0.6187922971201114,0.8107629329747064,1.6215258659494127,0.12212093872242241,15,0.07395794690571367
2,205,269.5,269.6025641025649,True,0.5749934446951697,0.6268736348721441,0.8088927612269028,1.6177855224538056,0.12931452754382888,15,0.0
2,206,269.5,270.1410256410264,True,0.578418050910479,0.6349582819819808,0.8265241591025587,1.6530483182051174,0.13667303465581832,15,0.0
2,207,270.5,270.39510489510565,True,0.5801182082336851,0.6429924613853055,0.8478099833334078,1.6956199666668157,0.13367700105459973,20,0.0
2,208,271.5,270.8613053613061,True,0.5831046348124767,0.6510642847336515,0.8745503518545006,1.7491007037090012,0.1292078019415975,20,0.0
2,209,271.5,271.2972027972036,True,0.5859073086404705,0.6591307303755659,0.890036012217893,1.780072024435786,0.12504914969693776,20,0.027775387745502922
2,210,271.5,271.89277389277464,True,0.5896782181168992,0.6672255123936776,0.9011999784148402,1.8023999568296805,0.12204015160229598,20,0.07523208868958564
2,211,271.5,272.41724941725016,True,0.5930180153703022,0.6753076774851612,0.911165228139766,1.822330456279532,0.11929498826895651,20,0.11852769448772138
2,212,273.5,272.86013986014063,True,0.5958630936792494,0.6833753641362521,0.9150831323889763,1.8301662647779526,0.11674148720028174,20,0.158800480566345
2,213,273.5,273.3170163170171,True,0.598792980950103,0.6914455328056961,0.9094252737114451,1.8188505474228902,0.11484197278615615,20,0.18875885363765255
2,214,274.0,273.82284382284456,True,0.6020196995876302,0.6995243885393756,0.8974570137194403,1.7949140274388806,0.1102176329868418,21,0.26169207061465016
2,215,274.0,274.223776223777,True,0.6046103510108572,0.7075846291354074,0.8933763309969369,1.7867526619938738,0.10439467812035633,21,0.35352935964510057
2,216,274.5,274.44988344988417,True,0.6061408904102493,0.715613844502026,0.8989888248186594,1.7979776496373188,0.09995969259112238,21,0.42347615765968905
2,217,274.5,274.34731934732014,True,0.6056784192048337,0.723584732437348,0.9003099746137875,1.800619949227575,0.09795063534304205,21,0.4551621960029737
2,218,274.5,274.45920745920824,True,0.6065163520819876,0.7315936779874168,0.8955122618755805,1.791024523751161,0.09527846093472447,21,0.4973066499964067
2,219,274.5,274.5291375291383,True,0.6070998580734216,0.7395951774824264,0.884155902215527,1.768311804431054,0.09348099647308339,21,0.525655532491752
2,220,274.5,274.71095571095645,True,0.6083618357601089,0.7476165331242604,0.8712311695771611,1.7424623391543221,0.09166915544284789,21,0.5542311564122919
2,221,274.5,274.87412587412666,True,0.6095107348309213,0.7556345794082903,0.8608584199774433,1.7217168399548866,0.09066452225621759,21,0.570075824702815
2,222,275.5,275.17249417249496,True,0.611479453866832,0.7636766185363997,0.8535036454024347,1.7070072908048695,0.08957084895380041,21,0.5873247976868003
2,223,275.5,275.5174825174833,True,0.6137308694424317,0.7717269310590192,0.8432654530103845,1.686530906020769,0.08896303963108583,21,0.5969109204930778
2,224,276.0,275.86247086247164,True,0.6159822850180314,0.7797772435816388,0.8272939974431466,1.6545879948862932,0.08913843540309403,21,0.594144649316678
2,225,276.0,276.16083916083994,True,0.6179510040539421,0.7878192827097482,0.8059365722204866,1.6118731444409733,0.09034564671546769,21,0.5751050007606857
2,226,276.5,276.282051282052,True,0.6188454762390336,0.7958298829387189,0.782356645559607,1.564713291119214,0.09320104557914544,21,0.5300708047633762
2,227,276.5,276.3263403263411,True,0.6192734991336386,0.803826832066748,0.7658697576501341,1.5317395153002682,0.09702626341598726,21,0.469741016169547
2,228,276.5,276.5303030303038,True,0.6206697576766788,0.8118521175709743,0.7620064619370943,1.5240129238741886,0.10059310013659241,21,0.41348631003744396
2,229,276.5,276.75174825174906,True,0.6221720274221025,0.8198805055981419,0.7657092369534073,1.5314184739068146,0.10459674171903208,21,0.35034249429243847
2,230,276.5,276.99650349650426,True,0.6238156454373703,0.8279130303225646,0.7697757802281485,1.539551560456297,0.1089701618525427,21,0.2813666807987605
2,231,277.5,277.27039627039704,True,0.6256359487899442,0.8359507259185561,0.7674067375001408,1.5348134750002815,0.11365535358397581,21,0.20747373176025996
2,232,278.0,277.6212121212129,True,0.6279227014330053,0.8440020726154894,0.7551887356023631,1.5103774712047262,0.11845474504942151,21,0.13177967070557717
2,233,278.0,277.9603729603737,True,0.6301387799411436,0.8520513509637953,0.7279233519566268,1.4558467039132537,0.12367323195278628,21,0.04947580590931944
2,234,278.0,278.2412587412595,True,0.632001487774671,0.8600902875689633,0.7015545434138153,1.4031090868276306,0.12939733027336872,21,0.0
2,235,278.5,278.3333333333341,True,0.6327192746224571,0.8680957169263652,0.6843475333039728,1.3686950666079456,0.13590176902818202,26,0.0
2,236,278.5,278.37878787878867,True,0.6331543649305542,0.876092872889257,0.67813057382232,1.35626114764464,0.12826608305700377,26,0.0
2,237,278.5,278.5198135198143,True,0.6341689831450139,0.8841069893108946,0.6782371158223744,1.356474231644749,0.12082511881123617,26,0.09439509444397909
2,238,278.5,278.68997668997747,True,0.6353602866967795,0.892126276604101,0.6810556810622954,1.3621113621245908,0.11352131991204714,26,0.20958765662331746
2,239,278.5,278.90675990676067,True,0.6368342867882338,0.9001538372918176,0.683214842368258,1.366429684736516,0.10642377972401974,26,0.3215271898326011
2,240,279.5,279.12354312354387,True,0.6383082868796884,0.9081813979795342,0.6821379470624319,1.3642758941248638,0.09948960006276628,26,0.4308902668856036
2,241,279.5,279.39976689976766,True,0.6401427250592467,0.9162195072452514,0.6773421164373921,1.3546842328747841,0.09290107287545585,26,0.5348018529204803
2,242,279.5,279.65850815850894,True,0.6418711520364218,0.924254513988027,0.6695372732443672,1.3390745464887344,0.08654809081688128,26,0.6349985164523622
2,243,280.0,279.86480186480264,True,0.6432815454064463,0.9322802131619788,0.6578434707868986,1.3156869415737973,0.08036953217580212,26,0.7324442443899464
2,244,280.0,279.98368298368376,True,0.6441618827645538,0.9402903997212242,0.6433902395485777,1.2867804790971553,0.07426646790282522,26,0.8286993056879033
2,245,280.0,279.9801864801873,True,0.6443001417059773,0.9482788686198804,0.6272373070023447,1.2544746140046894,0.06809976495120412,26,0.9259580504864486
2,246,280.0,280.0314685314693,True,0.6447705690815351,0.9562770587570858,0.613396135859346,1.226792271718692,0.06257874596710791,26,1.0130333288993616
2,247,280.0,280.08391608391685,True,0.6452480638705855,0.964275455729154,0.6104698342656576,1.2209396685313152,0.05765093535577907,26,1.0907527647831357
2,248,280.0,280.0314685314693,True,0.6450894914453352,0.9722552375635743,0.6220795340369385,1.244159068073877,0.05294179900090897,26,1.1650233587379595
2,249,280.0,280.06410256410334,True,0.6454468402050179,0.980250118342976,0.6412138988685544,1.2824277977371088,0.04955273060172235,26,1.2184743748039524
2,250,280.0,279.9627039627047,True,0.644991436413094,0.9882212131131608,0.6563495423165651,1.3126990846331301,0.04650773237902538,26,1.2664988552072867
2,251,280.0,279.76223776223856,True,0.6439353024743308,0.9961747269200114,0.6618585084041951,1.3237170168083903,0.04410151377954524,26,1.3044487617509173
2,252,279.5,279.49766899766973,True,0.6424904607934947,1.0041168648094103,0.6630629320757983,1.3261258641515965,0.04268943469176494,26,1.3267195020008078
2,253,279.5,279.2039627039635,True,0.6408689337753535,1.012053831827241,0.6601025973737513,1.3202051947475026,0.04260944272873828,26,1.3279811028885073
2,254,278.5,278.9160839160847,True,0.639282743824673,1.019991833019385,0.6649860932947889,1.3299721865895777,0.04407728836793213,26,1.304830835144788
2,255,278.5,278.75291375291454,True,0.6384527671176611,1.027951965541844,0.6686823481432415,1.337364696286483,0.0475386966234615,26,1.2502389041227804
2,256,278.5,278.5606060606068,True,0.6374461050733432,1.0359069271927337,0.6584062911014397,1.3168125822028793,0.05187984392409187,26,1.1817720846963782
2,257,278.5,278.3974358974367,True,0.6366161283663316,1.0438670597151924,0.6320916498214654,1.2641832996429307,0.057140701645989,26,1.0987999644873216
2,258,278.5,278.21561771561846,True,0.6356730730434437,1.0518238828798472,0.6003351920618951,1.2006703841237902,0.06291488676860969,26,1.007731852131935
2,259,278.5,278.18764568764647,True,0.6356629163015304,1.0598080082463854,0.57614997068072,1.15229994136144,0.06963362298149985,26,0.9017666620093185
2,260,277.5,277.95920745920824,True,0.6344371644389537,1.06775655801653,0.5636567227331417,1.1273134454662834,0.07600571984293636,26,0.8012685275377773
2,261,277.5,277.66083916083994,True,0.6327873677668432,1.0756926976949093,0.5644360808311284,1.1288721616622568,0.08248876268566008,26,0.6990205979220419
2,262,277.5,277.3391608391616,True,0.6309962228248881,1.0836247006760336,0.5687703848259232,1.1375407696518465,0.08918439545439727,26,0.5934197859763002
2,263,277.5,277.1247086247094,True,0.6298552799242181,1.0915757324645312,0.5683357695875421,1.1366715391750841,0.0963195334071382,26,0.4808872760285623
2,264,276.5,276.91724941725016,True,0.6287567415045013,1.0995280052622054,0.5651611084409256,1.1303222168818512,0.10359910237753168,26,0.36607685848626903
2,265,276.5,276.6923076923085,True,0.6275521918824015,1.107477175536938,0.5642702970378954,1.1285405940757909,0.11095254183173288,26,0.250101385550654
2,266,276.5,276.3193473193481,True,0.6254500807467883,1.115400077784101,0.5720337337700392,1.1440674675400784,0.11817311268894726,26,0.13622146238733412
2,267,276.5,275.9405594405602,True,0.623312632543714,1.1233219458569506,0.584019933015271,1.168039866030542,0.12550610011494612,26,0.020568550568599298
2,268,275.5,275.65617715617793,True,0.6217476448335104,1.1312605675536829,0.5952736596224733,1.1905473192449465,0.13304997801698223,26,0.0
2,269,275.0,275.43006993007066,True,0.6205360277979177,1.139209530993553,0.6058342955143454,1.2116685910286908,0.14071610411449662,26,0.0
2,270,275.0,275.1200466200474,True,0.6188155569908853,1.1471436023233048,0.6258575781200281,1.2517151562400561,0.14834171661928455,26,0.0
2,271,275.0,274.8986013986022,True,0.6176322096092619,1.155093393102626,0.6544022954150662,1.3088045908301325,0.15609245785684395,26,0.0
2,272,275.0,274.71794871794947,True,0.6166962216998665,1.1630504231021432,0.6863536321878891,1.3727072643757783,0.16390303320207047,26,0.0
2,273,274.5,274.7202797202805,True,0.6168698177087509,1.1710399261751132,0.7003485462203867,1.4006970924407733,0.1718698551099484,26,0.0
2,274,274.5,274.56293706293786,True,0.6160751780692004,1.1790010928718857,0.7114527225061372,1.4229054450122745,0.17972145837179807,26,0.0
2,275,274.5,274.28205128205207,True,0.6145313925994733,1.1869403350732064,0.7236174642640942,1.4472349285281885,0.18750426727987474,26,0.0
2,276,274.0,273.96620046620126,True,0.6127755847249795,1.1948733722286444,0.7415836716760755,1.483167343352151,0.19529169662028373,26,0.0
2,277,274.0,273.7039627039635,True,0.611344877871128,1.2028159237877691,0.7625448890690397,1.5250897781380794,0.2031329741715928,26,0.0
2,278,273.0,273.4475524475532,True,0.6099495080847378,1.2107595095212076,0.7860501383749947,1.5721002767499894,0.2109942263777572,26,0.0
2,279,273.0,273.1491841491849,True,0.6082997114126272,1.2186956491995868,0.8067760275038716,1.6135520550077431,0.21885308357060368,26,0.0
2,280,273.0,272.89743589743665,True,0.6069326112802058,1.2266400622724762,0.8197560656508012,1.6395121313016023,0.22674606705747807,26,0.0
2,281,273.0,272.82284382284456,True,0.6066397579986031,1.2346159142445043,0.8330559322333208,1.6661118644666415,0.2347098498211454,26,0.0
2,282,272.5,272.6771561771569,True,0.6059157924939746,1.2425791492899043,0.8522065266458672,1.7044130532917343,0.2426512729639914,26,0.0
2,283,272.5,272.5606060606068,True,0.6053685123266518,1.2505475552068734,0.8667260173583469,1.7334520347166937,0.2506050644834272,26,0.0
2,284,272.5,272.3193473193481,True,0.6040650189156608,1.2584938297935278,0.8621721029195297,1.7243442058390595,0.25852579062853664,26,0.0
2,285,272.5,272.15617715617793,True,0.6032350422086489,1.2664539623159865,0.8434654857069677,1.6869309714139353,0.26647360006571175,26,0.0
2,286,271.5,271.91724941725016,True,0.601945683624642,1.2744006505723662,0.8212300270147217,1.6424600540294434,0.2744075485829517,26,0.0
2,287,271.5,271.66083916083994,True,0.6005503138382519,1.2823442363058049,0.804654039743641,1.609308079487282,0.2823447726104182,26,0.0
2,288,271.5,271.3391608391616,True,0.5987591688962967,1.290276239286929,0.7949300420642242,1.5898600841284485,0.29027889133795165,26,0.0
2,289,271.5,271.0827505827513,True,0.5973637991099062,1.2982198250203674,0.7902643274007453,1.5805286548014905,0.29823147652505005,26,0.0
2,290,270.5,270.8438228438236,True,0.5960744405258996,1.3061665132767473,0.781510934888517,1.563021869777034,0.30619167831478594,26,0.0
2,291,270.5,270.7226107226115,True,0.5954988907046079,1.3141340918542652,0.7835305646368098,1.5670611292736196,0.3141663375506564,26,0.0
2,292,270.5,270.47086247086327,True,0.5941317905721869,1.3220785049271546,0.7702547135295377,1.5405094270590753,0.3221319593241252,26,0.0
2,293,270.5,270.261072261073,True,0.5930191173254855,1.3300303640551032,0.7471285721854823,1.4942571443709647,0.33010418646430295,26,0.0
2,294,270.0,270.0874125874133,True,0.5921255338970434,1.3379886350637973,0.7141801287094867,1.4283602574189733,0.3380803523553171,26,0.0
2,295,270.0,269.9137529137537,True,0.5912319504686016,1.3459469060724911,0.6831156015582234,1.3662312031164467,0.346058001661158,26,0.0
2,296,269.5,269.5979020979029,True,0.5894761425941077,1.3538799432279294,0.0,0.0,0.3540363904935509,26,0.0
2,297,269.5,269.27039627039704,True,0.5876496605846915,1.3618109120347397,0.0,0.0,0.3620216387884617,26,0.0
2,298,269.0,269.0617715617723,True,0.5865440547514823,1.369762977997551,0.0,0.0,0.3700077328383132,26,0.0
2,299,268.5,268.78787878787955,True,0.5850426737627089,1.3777034612080483,0.0,0.0,0.3779995055773333,26,0.0
2,300,268.5,268.5069930069937,True,0.5834988882929818,1.385642703409369,0.0,0.0,0.38599557171093823,26,0.0
2,301,268.5,268.31538461538474,True,0.5824964666967557,1.3935977891611764,0.0,0.0,0.3939867933201107,26,0.0
2,302,268.5,268.1587412587413,True,0.5817060675052997,1.4015590799588666,0.0,0.0,0.4019755747101211,26,0.0
2,303,267.5,268.03706293706296,True,0.5811276907186109,1.4095265758024391,0.0,0.0,0.40996119370750606,26,0.0
2,304,268.0,267.95034965034955,True,0.5807613363366885,1.417500276691895,0.0,0.0,0.4179433062238931,26,0.0
2,305,268.0,267.8986013986012,True,0.5806070043595332,1.425480182627233,0.0,0.0,0.4259219107869595,26,0.0
3,100,252.5,252.444055944056,True,0.4542035591630659,-0.2150257753179782,0.6485239329413665,1.297047865882733,0.22175236160420395,3,0.0
3,101,252.5,252.45944055944065,True,0.4544563102030635,-0.2070339556945455,0.6642219749769525,1.328443949953905,0.21407603446313953,3,0.0
3,102,252.5,252.44918414918425,True,0.454553578146232,-0.1990466864380934,0.6747741597410218,1.3495483194820437,0.20638719987087792,3,0.0
3,103,252.5,252.4132867132868,True,0.4544953629925715,-0.1910639675486219,0.6882188514543857,1.3764377029087713,0.1986836286237821,3,0.0
3,104,251.5,252.35174825174835,True,0.454281664742082,-0.1830857990261309,0.7003174324733001,1.4006348649466003,0.19096310882526127,3,0.0
3,105,252.5,252.26456876456945,True,0.453912483394767,-0.1751121808706205,0.7009065096730343,1.4018130193460685,0.18322344761262388,3,0.0
3,106,252.5,252.1386946386953,True,0.4533086639195063,-0.1671454296325536,0.6912229009632603,1.3824458019265207,0.17544061187744928,3,0.0
3,107,252.5,252.0011655011662,True,0.4526341703093236,-0.1591807467431142,0.6886590096945979,1.3773180193891958,0.16765698917088528,3,0.0
3,108,251.5,251.87529137529208,True,0.4520303508340629,-0.1512139955050473,0.7008407832461963,1.4016815664923925,0.15991507072354416,3,0.0
3,109,251.5,251.78438228438296,True,0.4516385537635691,-0.1432410392210977,0.7214251726963118,1.4428503453926236,0.15226468911711954,3,0.0
3,110,251.5,251.53962703962773,True,0.4503138581121012,-0.1352953851390317,0.7114047358632103,1.4228094717264206,0.14434793229569853,3,0.0
3,111,251.5,251.43706293706364,True,0.4498513869066852,-0.1273244972037097,0.70923459370748,1.41846918741496,0.13673583423776484,3,0.0
3,112,251.5,251.4160839160846,True,0.449883634645725,-0.119339130827995,0.7133567446737993,1.4267134893475986,0.12934529427949623,3,0.0
3,113,251.5,251.5000000000007,True,0.4505519495990657,-0.1113351493146323,0.7292269391061715,1.458453878212343,0.12227434351153943,3,0.07153850861710853
3,114,251.5,251.5000000000007,True,0.4507114107809658,-0.1033460599113879,0.7280706310394942,1.4561412620789884,0.11511757156318071,3,0.18441222119375067
3,115,251.5,251.5000000000007,True,0.4508708719628659,-0.0953569705081436,0.7168257271163507,1.4336514542327015,0.10807773794243318,3,0.2954416297636113
3,116,251.5,251.5000000000007,True,0.451030333144766,-0.0873678811048992,0.7033342612464037,1.4066685224928075,0.10117925454175673,3,0.4042417198323274
3,117,251.5,251.5839160839168,True,0.4516986480981063,-0.0793638995915366,0.7144056509027976,1.4288113018055952,0.09471736257702348,3,0.5061560663549776
3,118,251.5,251.56293706293775,True,0.4517308958371465,-0.0713785332158218,0.7323157257237138,1.4646314514474277,0.08815316550275364,3,0.6096839276874164
3,119,251.5,251.5442890442897,True,0.4517772784031708,-0.0633927531703815,0.7631259081709894,1.5262518163419787,0.08185064271806523,3,0.7090847679600762
3,120,251.5,251.36247086247155,True,0.4508342230802831,-0.0554359300057268,0.7746362233163249,1.5492724466326497,0.07521476299089046,3,0.8137431791017173
3,121,251.5,251.14801864801936,True,0.4496932801796133,-0.0474848982172292,0.7767746641632742,1.5535493283265485,0.0687330899473475,3,0.9159695047987961
3,122,250.5,250.758741258742,True,0.4474922252551089,-0.0395648916581447,0.7607702623627739,1.5215405247255478,0.06181336515352266,3,1.0251046055290591
3,123,250.5,250.43240093240163,True,0.4456728106591849,-0.0316337160164715,0.7508682686984793,1.5017365373969587,0.055558056324177846,3,1.1237608063939644
3,124,249.5,249.86130536130608,True,0.4423692392298931,-0.0237459756959766,0.7220525146144182,1.4441050292288364,0.048569782732413164,3,1.2339770310404239
3,125,249.5,249.32983682983752,True,0.4393059598593367,-0.0158512029901481,0.6889159868734629,1.3778319737469258,0.04238182531107721,3,1.3315709927388337
3,126,248.5,248.57692307692375,True,0.4348998719252571,-0.0079957289082428,0.6272060167928173,1.2544120335856346,0.0358040883304331,3,1.4353123999983233
3,127,248.5,247.93356643356717,True,0.4311581208594469,-0.0001208123492387,0.5825800307196104,1.1651600614392208,0.03115835507717996,3,1.5085830258781519
3,128,246.5,246.97319347319416,True,0.4254940333237504,0.0076978451270962,0.5158303756132175,1.031660751226435,0.02663085719073372,3,1.5799888913735982
3,129,246.5,246.21794871794935,True,0.4210738105626861,0.0155529055392759,0.5009274149164757,1.0018548298329515,0.026191570444431524,3,1.5869171442645142
3,130,244.5,245.07575757575827,True,0.4143072065222023,0.0233392967770213,0.46958393239440144,0.9391678647888029,0.027375517027351737,3,1.5682444176119232
3,131,244.5,244.11538461538527,True,0.408643118986506,0.0311579542533564,0.4887653479991547,0.9775306959983094,0.032334526733341105,3,1.490032922225796
3,132,242.5,242.791375291376,True,0.4007739984412341,0.0389120792525121,0.480338185171033,0.960676370342066,0.03891977627557506,3,1.3861730298834054
3,133,242.5,241.6351981351988,True,0.393922585438843,0.0466959884719044,0.4918450492055174,0.9836900984110348,0.047089811075394984,3,1.257318545432839
3,134,239.5,240.12470862470929,True,0.3849226787348148,0.0544170198930196,0.44957011699032123,0.8991402339806425,0.056467137970423985,3,1.1094231383520732
3,135,239.5,238.875291375292,True,0.3775058726530457,0.0621843823233916,0.4356893811671686,0.8713787623343372,0.06612777911016471,3,0.9570594135916035
3,136,236.5,237.36480186480253,True,0.3685059659490174,0.0699054137445067,0.381207836831299,0.762415673662598,0.07667229650659435,3,0.7907555499988907
3,137,236.5,236.2086247086253,True,0.3616545529466264,0.077689322963899,0.3796120493138942,0.7592240986277884,0.08663719877923157,3,0.6335931417103429
3,138,234.5,234.88461538461604,True,0.3537854324013548,0.0854434479630548,0.36408473539736164,0.7281694707947233,0.09714097517600387,3,0.46793182868632077
3,139,234.5,233.92424242424303,True,0.3481213448656584,0.0932621054393898,0.3889355818955795,0.777871163791159,0.10672026597388058,3,0.31685112861517006
3,140,232.5,232.78205128205192,True,0.3413547408251743,0.1010484966771352,0.37773738462660855,0.7554747692532171,0.11683349307622144,3,0.15734940110326923
3,141,232.5,232.1107226107233,True,0.3374433718355507,0.1089184491994332,0.41151481689369296,0.8230296337873859,0.12560477818663862,3,0.019012239932713948
3,142,230.5,231.12937062937124,True,0.331652070856994,0.1167333836482387,0.40571332905687935,0.8114266581137587,0.13527055213942263,3,0.0
3,143,230.5,230.2995337995344,True,0.3267795336324272,0.1245752066292022,0.4217397461034529,0.8434794922069058,0.12825179224353017,8,0.0
3,144,229.5,229.40675990676056,True,0.3215253560792803,0.1324058605275769,0.4289523230171547,0.8579046460343094,0.11954799284220335,8,0.11453740868746065
3,145,229.5,228.9498834498841,True,0.3189143911722268,0.1403138706646217,0.4834638971389624,0.9669277942779247,0.11130499163107353,8,0.24454268986556982
3,146,227.5,228.29020979021044,True,0.3150736963175254,0.1481858915355473,0.4960955832804542,0.9921911665609084,0.10292389908609333,8,0.37672589170942405
3,147,227.5,227.92657342657407,True,0.31302812448985,0.1561104484616123,0.535885903232451,1.071771806464902,0.09478913395428082,8,0.505024117221174
3,148,227.5,227.2202797202804,True,0.3089047330954595,0.1639741959380277,0.5170403628532789,1.0340807257065578,0.08648545100772859,8,0.6359864461873286
3,149,227.5,226.50233100233163,True,0.3047106675661467,0.1718358750658156,0.4962885607862361,0.9925771215724722,0.07830594368019285,8,0.7649903275138166
3,150,225.5,225.72377622377684,True,0.3001490965352379,0.1796867987807403,0.4610048157898201,0.9220096315796402,0.07031335929591848,8,0.8910461357811228
3,151,225.5,225.10839160839225,True,0.2965769633932414,0.1875666793764505,0.44087628816902963,0.8817525763380593,0.06252708775957938,8,1.0138480612550764
3,152,223.5,224.3717948717955,True,0.2922698192480527,0.1954250491464343,0.39215276160990986,0.7843055232198197,0.05511969661678925,8,1.1306744384020808
3,153,223.5,223.7750582750589,True,0.2888107647219318,0.2033082390999486,0.3560885754036734,0.7121771508073468,0.04801374305400001,8,1.242746663955276
3,154,223.5,223.4114219114225,True,0.2867651928942565,0.2112327960260137,0.34297622742880274,0.6859524548576055,0.04096408455082205,8,1.3539310265971056
3,155,223.5,223.3741258741265,True,0.2866984968444052,0.2192152667136499,0.361809224703561,0.723618449407122,0.03353550043923618,8,1.4710916506763523
3,156,223.5,223.33216783216844,True,0.286603531140585,0.2271969100618351,0.3733833291448919,0.7467666582897838,0.026447046879175616,8,1.5828878732644758
3,157,223.5,223.50000000000065,True,0.2877806998653661,0.235215783685316,0.40378961747284836,0.8075792349456967,0.019180311463050655,8,1.6974958851794424
3,158,223.5,223.50000000000065,True,0.2879401610472662,0.2432048730885604,0.4382612258629826,0.8765224517259652,0.013842451564244155,8,1.7816824525787909
3,159,223.5,223.50000000000065,True,0.2880996222291663,0.2511939624918047,0.5078385993924626,1.0156771987849251,0.011960122805405853,8,1.8113697804457334
3,160,223.5,223.50000000000065,True,0.2882590834110664,0.2591830518950491,0.6026518660275846,1.2053037320551692,0.0149056219077052,8,1.7649145599263845
3,161,223.5,223.50000000000065,True,0.2884185445929664,0.2671721412982935,0.699136027943938,1.398272055887876,0.02071261804103151,8,1.6733289655807295
3,162,223.5,223.50000000000065,True,0.2885780057748665,0.2751612307015378,0.7729128724938964,1.5458257449877928,0.02763239914475383,8,1.5641929767535383
3,163,223.5,223.50000000000065,True,0.2887374669567666,0.2831503201047822,0.818243874224248,1.636487748448496,0.03501126066852564,8,1.4478165572187411
3,164,223.5,223.50000000000065,True,0.2888969281386667,0.2911394095080265,0.8308260458829191,1.6616520917658382,0.042611374296389865,8,1.3279506389847389
3,165,223.5,223.50000000000065,True,0.2890563893205667,0.2991284989112709,0.8191170074951915,1.638234014990383,0.05033261387984687,8,1.2061743711691373
3,166,223.5,223.50000000000065,True,0.2892158505024668,0.3071175883145152,0.796123142842955,1.59224628568591,0.05812673029899056,8,1.0832487193764924
3,167,223.5,223.5839160839167,True,0.2898841654558073,0.3151215698278778,0.770961472329742,1.541922944659484,0.065902571765999,8,0.9606112927375277
3,168,223.5,223.5629370629377,True,0.2899164131948473,0.3231069362035926,0.7611886059538157,1.5223772119076313,0.07379907075250479,8,0.8360709045015986
3,169,223.5,223.4603729603736,True,0.2894539419894312,0.3310778241389147,0.7622854228221791,1.5245708456443583,0.0817608274582826,8,0.7105012979111285
3,170,223.5,223.29953379953443,True,0.2886381001094038,0.3390383703310989,0.7689195780048801,1.5378391560097602,0.08976037076762687,8,0.5843357362921924
3,171,223.5,223.10372960373024,True,0.2876102358246095,0.3469927114774006,0.7783006299966898,1.5566012599933796,0.09778083828675259,8,0.45784016649948667
3,172,222.5,222.896270396271,True,0.2865116974048927,0.3549449842750747,0.781235326387687,1.562470652775374,0.10580824179331615,8,0.3312352051182066
3,173,222.5,222.7004662004668,True,0.2854838331200984,0.3628993254213764,0.7747745337219782,1.5495490674439565,0.11382871685777272,8,0.20473951632359433
3,174,222.5,222.53962703962765,True,0.2846679912400708,0.3708598716135607,0.7607666607898191,1.5215333215796383,0.12182848213394487,8,0.0785704539336245
3,175,222.5,222.4370629370636,True,0.2842055200346549,0.3788307595488827,0.7364518652206498,1.4729037304412995,0.12979533968258533,8,0.0
3,176,222.5,222.4160839160845,True,0.2842377677736947,0.3868161259245975,0.6896765747233059,1.3793531494466118,0.13772109597941523,8,0.0
3,177,222.5,222.5839160839167,True,0.2854149364984759,0.3948349995480785,0.6081391533028292,1.2162783066056584,0.13548206042532462,13,0.0
3,178,222.5,222.5629370629377,True,0.2854471842375159,0.4028203659237932,0.5372795527755395,1.074559105551079,0.12940286926225955,13,0.0
3,179,222.5,222.4603729603736,True,0.2849847130320997,0.4107912538591152,0.4883644497332864,0.9767288994665728,0.12320958500529562,13,0.056788258040772366
3,180,222.5,222.2995337995344,True,0.2841688711520721,0.4187518000512995,0.46091543647499866,0.9218308729499973,0.1169857635181227,13,0.15494785328015848
3,181,222.5,222.1876456876463,True,0.2836498606387183,0.4267210333077195,0.4377799550445624,0.8755599100891248,0.11120749140397576,13,0.24608042401289243
3,182,221.5,221.95920745920807,True,0.2824241087761416,0.4346695830778641,0.41676537335445096,0.8335307467089019,0.1051750782398631,13,0.3412212045970433
3,183,221.5,221.74475524475588,True,0.2812831658754717,0.4426206148663617,0.38961860461420705,0.7792372092284141,0.09949546167064023,13,0.43079781997697286
3,184,221.5,221.40209790209852,True,0.2793648074906566,0.4505488948199563,0.36281629291232526,0.7256325858246505,0.0935103441954778,13,0.5251926720839832
3,185,221.5,221.0011655011661,True,0.2770930784312297,0.4584668330304133,0.3325870840984579,0.6651741681969158,0.08756909672097402,13,0.6188956242840506
3,186,220.5,220.61188811188876,True,0.2748920235067255,0.4663868395894978,0.3045916476626687,0.6091832953253374,0.08208933997611428,13,0.7053201313484485
3,187,220.5,220.47202797202857,True,0.274203395069558,0.4743511088092116,0.2732418899726322,0.5464837799452644,0.07851120594644947,13,0.7617530140697863
3,188,219.5,220.06177156177216,True,0.2718751267021936,0.4822673923407666,0.2506058942163945,0.501211788432789,0.07403025876526899,13,0.8324247006694512
3,189,219.5,219.55827505827568,True,0.2689814652554511,0.4901671290833012,0.2404307370236446,0.4808614740472892,0.06967874783069415,13,0.901054971138801
3,190,219.5,219.0547785547792,True,0.2660878038087083,0.4980668658258358,0.23533770091812126,0.4706754018362425,0.06611607081484529,13,0.9572440720899018
3,191,219.5,218.64452214452277,True,0.2637595354413437,0.5059831493573907,0.23037101226982498,0.46074202453964996,0.06403964737511289,13,0.9899925827613234
3,192,217.5,218.2086247086253,True,0.2612757839771504,0.5138948825219651,0.22022429327833548,0.44044858655667096,0.06283143689518497,13,1.0090479897838631
3,193,217.5,218.0687645687652,True,0.2605871555399829,0.521859151741679,0.21153910173805876,0.4230782034761175,0.06440982790919275,13,0.9841542450992187
3,194,217.5,217.7051282051288,True,0.2585415837123076,0.529783708667744,0.19420702554745503,0.38841405109491006,0.06568246589121157,13,0.9640827135717325
3,195,217.5,217.2948717948724,True,0.2562133153449432,0.537699992199299,0.1778272541395393,0.3556545082790786,0.06768475628896974,13,0.9325033992548419
3,196,217.5,216.931235431236,True,0.2541677435172679,0.5456245491253641,0.16885823924162408,0.33771647848324815,0.07082191695121841,13,0.8830253701304667
3,197,217.5,216.7074592074598,True,0.2529702613086601,0.5535739262349596,0.16786609237781736,0.3357321847556347,0.07533932675128327,13,0.8117786098532493
3,198,215.5,216.2925407925414,True,0.2506137232873267,0.5614893824270636,0.1632002587511665,0.326400517502333,0.0796410267153039,13,0.7439339378651795
3,199,215.5,215.98484848484907,True,0.2489073873072783,0.5694238674265408,0.15851517945573607,0.31703035891147213,0.08492117463673028,13,0.660657580431167
3,200,215.5,215.6421911421917,True,0.2469890289224632,0.5773521473801355,0.1483452102266498,0.2966904204532996,0.09050593098462822,13,0.5725770620952748
3,201,215.5,215.3344988344994,True,0.2452826929424148,0.5852866323796128,0.1369970133776412,0.2739940267552824,0.09656258044797805,13,0.4770540364020499
3,202,215.5,215.1317016317022,True,0.2442124241766671,0.5932397325167379,0.12610434919687477,0.25220869839374954,0.10319101788125926,13,0.37251300210962435
3,203,215.5,215.1037296037302,True,0.2442022674347538,0.6012238578832763,0.12154766165126046,0.24309532330252093,0.11045410744353151,13,0.2579624911270386
3,204,214.5,214.896270396271,True,0.2431037290150373,0.6091761306809503,0.11629862773733972,0.23259725547467944,0.11737699504360176,13,0.14877750789588617
3,205,214.5,214.7004662004668,True,0.2420758647302428,0.617130471827252,0.1155412305529236,0.2310824611058472,0.12445853053636928,13,0.037090394267060844
3,206,214.5,214.53962703962765,True,0.2412600228502154,0.6250910180194363,0.11761768335568698,0.23523536671137396,0.1317199767489322,13,0.0
3,207,214.5,214.4370629370635,True,0.2407975516447991,0.6330619059547583,0.12054633138019935,0.2410926627603987,0.1310703922714204,19,0.0
3,208,214.5,214.4160839160845,True,0.2408297993838393,0.6410472723304731,0.1269581171517267,0.2539162343034534,0.12398310170175125,19,0.04458866555704222
3,209,214.5,214.50000000000057,True,0.2414981143371797,0.6490512538438358,0.14014627794771115,0.2802925558954223,0.11667527577257909,19,0.1598447404245218
3,210,214.5,214.50000000000057,True,0.2416575755190797,0.65704034324708,0.15210074684240266,0.3042014936848053,0.10975124727278766,19,0.26904771746463396
3,211,214.5,214.50000000000057,True,0.2418170367009798,0.6650294326503244,0.16342940452969273,0.32685880905938547,0.10298181652107756,19,0.37581244134985425
3,212,214.5,214.50000000000057,True,0.2419764978828799,0.6730185220535688,0.17193102020570167,0.34386204041140334,0.0963995578037177,19,0.47962516361198526
3,213,214.5,214.50000000000057,True,0.24213595906478,0.6810076114568131,0.17526672991754363,0.35053345983508727,0.09004552687528061,19,0.5798383694951179
3,214,214.5,214.50000000000057,True,0.24229542024668,0.6889967008600575,0.17347399180058562,0.34694798360117124,0.08397154893453246,19,0.6756346929252783
3,215,214.5,214.50000000000057,True,0.2424548814285801,0.6969857902633019,0.1675273234808917,0.3350546469617834,0.07824287255338593,19,0.7659850598163769
3,216,214.5,214.50000000000057,True,0.2426143426104802,0.7049748796665463,0.15960819415431157,0.31921638830862314,0.07294090166065495,19,0.8496056003273935
3,217,214.5,214.50000000000057,True,0.2427738037923803,0.7129639690697905,0.1534370797809235,0.306874159561847,0.06816527796067744,19,0.9249248057981061
3,218,214.5,214.50000000000057,True,0.2429332649742804,0.7209530584730349,0.15361557519288568,0.30723115038577137,0.06403387430545351,19,0.9900836332810437
3,219,214.5,214.50000000000057,True,0.2430927261561804,0.7289421478762793,0.15957239638141146,0.3191447927628229,0.060678422461365615,19,1.0430044626364068
3,220,214.5,214.50000000000057,True,0.2432521873380805,0.7369312372795236,0.1673354378235141,0.3346708756470282,0.05823321046410222,19,1.0815693572787966
3,221,214.5,214.50000000000057,True,0.2434116485199806,0.744920326682768,0.17364750866912917,0.34729501733825835,0.056815883379879015,19,1.103922866806006
3,222,214.5,214.50000000000057,True,0.2435711097018807,0.7529094160860124,0.18006747066871184,0.3601349413374237,0.05650384378286781,19,1.1088442291240619
3,223,214.5,214.50000000000057,True,0.2437305708837807,0.7608985054892566,0.19018677493767586,0.3803735498753517,0.05731514699418108,19,1.0960486830109457
3,224,214.5,214.50000000000057,True,0.2438900320656808,0.768887594892501,0.2044895234476138,0.4089790468952276,0.05920362946993671,19,1.0662643012096853
3,225,214.5,214.50000000000057,True,0.2440494932475809,0.7768766842957454,0.2199306828964962,0.4398613657929924,0.06207105093830506,19,1.0210404895537994
3,226,214.5,214.50000000000057,True,0.244208954429481,0.7848657736989898,0.2325211118906358,0.4650422237812716,0.0657895351973313,19,0.9623940597803384
3,227,214.5,214.4160839160845,True,0.2438595618399408,0.7928399709921158,0.234771307798182,0.469542615596364,0.07061877874481227,19,0.8862291837616219
3,228,214.5,214.4370629370635,True,0.2441462364647008,0.8008327834228898,0.25823331202121874,0.5164666240424375,0.07552227996806993,19,0.8088931457144506
3,229,214.5,214.53962703962765,True,0.2449276300339172,0.8088400742940565,0.31056820902374455,0.6211364180474891,0.08059230904131721,19,0.7289306977702803
3,230,214.5,214.7004662004668,True,0.2460623942777448,0.8168577069083609,0.3906693399114892,0.7813386798229784,0.08590237647523931,19,0.6451824618862845
3,231,214.5,214.896270396271,True,0.2474091809263394,0.8248815445685479,0.48862838975144873,0.9772567795028975,0.09150431666216588,19,0.5568309269913241
3,232,215.5,215.1037296037302,True,0.248826641709856,0.8329074505773625,0.5838588517383257,1.1677177034766515,0.09742873272258679,19,0.4633934330466205
3,233,215.5,215.2995337995344,True,0.2501734283584504,0.8409312882375495,0.6570815506984367,1.3141631013968733,0.1036879280441594,19,0.3646759359982099
3,234,215.5,215.46037296037355,True,0.2513081926022781,0.8489489208518539,0.6951395867263016,1.3902791734526032,0.11028046538441563,19,0.2607011034529989
3,235,215.5,215.5629370629377,True,0.2520895861714944,0.8569562117230206,0.6973465716745076,1.3946931433490153,0.11719658262662043,19,0.15162289956779462
3,236,215.5,215.58391608391668,True,0.2523762607962546,0.8649490241537946,0.6727223105491777,1.3454446210983555,0.12442386704188232,19,0.03763709288228223
3,237,215.5,215.4160839160845,True,0.2515180144352738,0.8729083293368023,0.6351194428303005,1.270238885660601,0.1321247908027187,19,0.0
3,238,215.5,215.43706293706356,True,0.2518046890600339,0.8809011417675763,0.6099153565332994,1.2198307130665988,0.1298778804911512,24,0.0
3,239,215.5,215.5396270396276,True,0.2525860826292501,0.888908432638743,0.5977016139602297,1.1954032279204594,0.12290904126658472,24,0.061528312331274426
3,240,215.5,215.7004662004668,True,0.2537208468730778,0.8969260652530474,0.5844966690126924,1.1689933380253847,0.11623323712682061,24,0.1668163951606425
3,241,215.5,215.896270396271,True,0.2550676335216724,0.9049499029132344,0.558691291083808,1.117382582167616,0.10984973927088211,24,0.2674943415062787
3,242,216.5,216.1037296037302,True,0.256485094305189,0.912975808922049,0.5266812655659251,1.0533625311318502,0.10374861787724124,24,0.36371876049715524
3,243,216.5,216.2995337995344,True,0.2578318809537837,0.920999646582236,0.5010243552314331,1.0020487104628661,0.0979059870221644,24,0.4558663712616151
3,244,216.5,216.46037296037355,True,0.2589666451976112,0.9290172791965404,0.4855240886664344,0.9710481773328687,0.0922800731389115,24,0.544596009598751
3,245,216.5,216.5629370629377,True,0.2597480387668275,0.9370245700677072,0.4727259261705122,0.9454518523410244,0.08680859929545827,24,0.6308898820922271
3,246,216.5,216.58391608391668,True,0.2600347133915876,0.9450173824984812,0.4563386736543146,0.9126773473086291,0.08140795439837799,24,0.7160666690906374
3,247,216.5,216.5000000000006,True,0.2596853208020472,0.9529915797916072,0.4357485428752159,0.8714970857504318,0.07597452921691664,24,0.8017604534761529
3,248,216.5,216.5000000000006,True,0.2598447819839473,0.9609806691948516,0.42498911071988876,0.8499782214397775,0.07144162727141497,24,0.8732515496053224
3,249,216.5,216.5000000000006,True,0.2600042431658474,0.968969758598096,0.42101216837917704,0.8420243367583541,0.06755283176423164,24,0.934584059501465
3,250,216.5,216.5000000000006,True,0.2601637043477475,0.9769588480013404,0.42241808398741193,0.8448361679748239,0.06442488654447523,24,0.983916746394085
3,251,216.5,216.58391608391668,True,0.260832019301088,0.9849628295147028,0.4256854564785576,0.8513709129571152,0.06266299600603083,24,1.0117045713608266
3,252,216.5,216.5629370629377,True,0.260864267040128,0.9929481958904176,0.42512040055783784,0.8502408011156757,0.061271420283293035,24,1.0336519408299574
3,253,216.5,216.46037296037355,True,0.2604017958347119,1.0009190838257396,0.42472087661516056,0.8494417532303211,0.06040878789660454,24,1.0472570299367452
3,254,216.5,216.2995337995344,True,0.2595859539546845,1.008879630017924,0.4272998992012986,0.8545997984025973,0.06024395187854954,24,1.0498567569447412
3,255,216.5,216.1037296037302,True,0.25855808966989,1.0168339711642256,0.43099775822235536,0.8619955164447107,0.06092973371798746,24,1.039040883141085
3,256,215.5,215.896270396271,True,0.2574595512501735,1.0247862439618998,0.433082039219867,0.866164078439734,0.06257761516397159,24,1.0130511634690684
3,257,215.5,215.7004662004668,True,0.2564316869653791,1.0327405851082014,0.4299412911364327,0.8598825822728654,0.06524171370362612,24,0.9710340788098628
3,258,215.5,215.5396270396276,True,0.2556158450853515,1.0407011313003858,0.426507402406189,0.853014804812378,0.06891809859310585,24,0.9130516232655848
3,259,215.5,215.5209790209796,True,0.255662227651376,1.048686911345826,0.42927325889720236,0.8585465177944047,0.07395065194783557,24,0.8336802271966282
3,260,215.5,215.4790209790216,True,0.2555672619475558,1.056668554694011,0.4318055980081771,0.8636111960163542,0.07936652752550291,24,0.7482632280641253
3,261,215.5,215.46037296037355,True,0.2556136445135802,1.0646543347394517,0.4340422342239682,0.8680844684479364,0.08528223998397286,24,0.654963003809176
3,262,215.5,215.2995337995344,True,0.2547978026335527,1.0726148809316358,0.4248630516546794,0.8497261033093588,0.09097098496873296,24,0.5652424187514278
3,263,215.5,215.1037296037302,True,0.2537699383487584,1.0805692220779377,0.4076332002148513,0.8152664004297026,0.09686385195868127,24,0.4723025039860358
3,264,214.5,214.896270396271,True,0.2526713999290419,1.0885214948756117,0.3895701049899142,0.7791402099798284,0.10300646302780238,24,0.37542372661419554
3,265,214.5,214.7843822843829,True,0.252152389415688,1.0964907281320315,0.3754353393521281,0.7508706787042562,0.10968287166743577,24,0.27012610985738217
3,266,214.5,214.6025641025647,True,0.2512093340928004,1.1044475512966865,0.36783351130795017,0.7356670226159003,0.11632577904360666,24,0.16535686147814266
3,267,214.5,214.39743589743648,True,0.2501249305000681,1.112400237764086,0.37238298313773865,0.7447659662754773,0.12307039492526109,24,0.05898350768694005
3,268,214.5,214.2156177156183,True,0.2491818751771805,1.1203570609287403,0.3911744098001738,0.7823488196003476,0.13001799475975728,24,0.0
3,269,214.5,214.1037296037302,True,0.2486628646638266,1.1283262941851606,0.41926543207092615,0.8385308641418523,0.1372432591298614,24,0.0
3,270,213.5,213.89627039627095,True,0.24756432624411,1.1362785669828348,0.44595219930073726,0.8919043986014745,0.14434061434659035,24,0.0
3,271,213.5,213.7004662004668,True,0.2465364619593157,1.1442329081291365,0.45465353745339576,0.9093070749067915,0.15155452510261366,24,0.0
3,272,213.5,213.58158508158567,True,0.2459750469650084,1.1522009003763798,0.45317437641328606,0.9063487528265721,0.15899314142067705,24,0.0
3,273,213.5,213.5104895104901,True,0.2457033959238827,1.1601773728529965,0.4447843758700259,0.8895687517400518,0.1665700788649121,24,0.0
3,274,213.5,213.42773892773957,True,0.2453610707478346,1.168151776980985,0.43756432472350304,0.8751286494470061,0.1741627022104704,24,0.0
3,275,213.5,213.379953379954,True,0.2452307679765531,1.1761323861548565,0.4403971280961649,0.8807942561923298,0.18184729809472636,24,0.0
3,276,213.5,213.2016317016323,True,0.2443089148941422,1.1840898298240994,0.44687962408115917,0.8937592481623183,0.18934715573190478,24,0.0
3,277,213.0,212.95804195804251,True,0.2429912866561664,1.192035690741028,0.4543173308792927,0.9086346617585854,0.1967891187203613,24,0.0
3,278,212.5,212.76689976690037,True,0.2419916920253409,1.199990859226781,0.4532822003130296,0.9065644006260593,0.20435177017441564,24,0.0
3,279,212.5,212.6993006993008,True,0.2417412432246888,1.2079679522079854,0.4438394927809741,0.8876789855619482,0.21211553580896783,24,0.0
3,280,212.5,212.6783216783217,True,0.2417734909637286,1.2159533185837,0.4238615646530203,0.8477231293060405,0.21995649650467183,24,0.0
3,281,212.5,212.70396270396276,True,0.2420884352424575,1.223946958353925,0.3997515363286327,0.7995030726572654,0.2278676733043395,24,0.0
3,282,213.0,212.77622377622376,True,0.2426860760608755,1.2319488715186602,0.3783828619882893,0.7567657239765786,0.235843974034222,24,0.0
3,283,213.0,212.8951048951048,True,0.2435664134189825,1.2399590580779054,0.3660748204523567,0.7321496409047134,0.24388190160778492,24,0.0
4,106,250.5,250.5000000000001,True,0.4433718805494293,-0.1674362394495858,0.47656427050758,0.95312854101516,0.17296246501311488,3,0.0
4,107,250.5,250.5000000000001,True,0.4435313417313296,-0.1594471500463415,0.48925588852124474,0.9785117770424895,0.16528270136596368,3,0.0
4,108,250.5,250.5000000000001,True,0.4436908029132296,-0.1514580606430972,0.5150155871213925,1.030031174242785,0.15763384913453957,3,0.0
4,109,250.5,250.5000000000001,True,0.4438502640951297,-0.1434689712398528,0.5450345594188197,1.0900691188376395,0.15002063647990008,3,0.0
4,110,250.5,250.5000000000001,True,0.4440097252770298,-0.1354798818366084,0.5659796116776215,1.131959223355243,0.14244877781652257,3,0.0
4,111,250.5,250.50000000000068,True,0.4441691864589331,-0.127490792433364,0.5777984824837432,1.1555969649674864,0.1349252355481772,3,0.0
4,112,250.5,250.50000000000068,True,0.4443286476408332,-0.1195017030301196,0.5869999070225758,1.1739998140451515,0.1274585659293405,3,0.0
4,113,250.5,250.5839160839168,True,0.4449969625941739,-0.111497721516757,0.6077519600090258,1.2155039200180515,0.12023505539621039,3,0.10370133597161169
4,114,250.5,250.56293706293772,True,0.4450292103332138,-0.1035123551410422,0.6062915414148504,1.2125830828297008,0.11288240540526258,3,0.2196643578120967
4,115,250.5,250.5442890442897,True,0.4450755928992381,-0.0955265750956019,0.5940426967119402,1.1880853934238804,0.10562734316791988,3,0.3340882650725858
4,116,250.5,250.3624708624716,True,0.4441325375763508,-0.0875697519309472,0.5573742399011739,1.1147484798023477,0.0980619310750897,3,0.4534068847312438
4,117,250.5,250.06410256410325,True,0.4424827409042401,-0.0796336122525679,0.5227450545085826,1.045490109017165,0.09025683062865174,3,0.5765057721598281
4,118,249.5,249.69580419580487,True,0.4404088994225958,-0.0717098826659538,0.5012498621539563,1.0024997243079126,0.08231152060623302,3,0.7018159883123034
4,119,249.5,249.47202797202868,True,0.4392114172139882,-0.0637605055563582,0.5154942041927042,1.0309884083854084,0.07485277088212457,3,0.8194523722316205
4,120,248.5,249.06177156177228,True,0.4368831488466238,-0.0558442220248033,0.503845130688141,1.007690261376282,0.0669249116726928,3,0.9444873612197362
4,121,248.5,248.72610722610796,True,0.4350071949427619,-0.0479147010620321,0.49086990967508143,0.9817398193501629,0.05934073032601161,3,1.0641020019588117
4,122,248.5,248.18065268065337,True,0.4318591066102989,-0.0400224103745566,0.4426313190685839,0.8852626381371678,0.051154628394660506,3,1.1932098907094546
4,123,248.5,247.6491841491848,True,0.4287958272397425,-0.0321276376687281,0.3974659729137377,0.7949319458274754,0.04314376859517691,3,1.3195539314338558
4,124,246.5,246.9545454545461,True,0.4247431099802743,-0.0242618218436852,0.3367929996050692,0.6735859992101384,0.03465339075286385,3,1.4534607367862487
4,125,246.5,246.2156177156184,True,0.4204218310081016,-0.0164038657434269,0.27746985652562023,0.5549397130512405,0.026194235874555178,3,1.5868751061786508
4,126,244.5,245.1946386946394,True,0.4143902379708093,-0.0085959636799551,0.19605538925557306,0.3921107785111461,0.016762146057221577,3,1.7356342119208619
4,127,244.5,244.4743589743597,True,0.410182037614512,-0.0007346982218927,0.16545021453309508,0.33090042906619016,0.010208509757089375,3,1.8389955129949607
4,128,243.5,243.4627039627047,False,0.4042069838851577,0.007074858520481,0.12410348325306111,0.24820696650612223,0.00823118074730466,3,1.8701811463964944
4,129,242.5,242.66783216783284,False,0.3995464690653575,0.0149228865473271,0.12066706105839817,0.24133412211679633,0.014929776730181662,3,1.764533599835827
4,130,241.5,241.3554778554785,True,0.391748022655008,0.0226790798951104,0.09324642859008077,0.18649285718016154,0.02413370661525208,3,1.6193729402648238
4,131,241.5,239.76340326340392,True,0.3822533970065236,0.0303856328758327,0.06542645726899442,0.13085291453798883,0.0351884725879506,3,1.4450216424998341
4,132,237.5,238.21911421911489,True,0.3730485353112208,0.038100666085928,0.04728913746215523,0.09457827492431047,0.04666949973014386,3,1.263947525973075
4,133,237.5,236.98135198135265,True,0.365702403364374,0.0458700968649276,0.04504904464349116,0.09009808928698232,0.057274697043091786,3,1.0966866432793374
4,134,234.5,236.2435897435904,True,0.3613881918056932,0.0537282598000486,0.06042775276483656,0.12085550552967313,0.0661634161238328,3,0.9564973610256022
4,135,234.5,235.91142191142256,True,0.3595334401423081,0.0616584012674081,0.10601870957812277,0.21203741915624555,0.07375161634546647,3,0.8368193362162304
4,136,237.0,235.88927738927805,True,0.3595586204678558,0.0696435608082601,0.20329965271518727,0.40659930543037454,0.08053403467178803,3,0.7298497775571289
4,137,237.0,236.5431235431242,True,0.3636829006188963,0.0777486845695095,0.4247551022658868,0.8495102045317736,0.08581252624032255,3,0.6465995434510063
4,138,238.0,237.09440559440625,True,0.3671852483826203,0.0858356068628365,0.6447632382929336,1.2895264765858672,0.09189428344147285,3,0.5506805286721448
4,139,237.5,237.8554778554785,True,0.3719597305749459,0.0939597594314592,0.8050136890268409,1.6100273780536818,0.09805454146467318,3,0.45352343067796763
4,140,237.5,238.1666666666673,True,0.374006191159271,0.1020040737430589,0.8444599505952236,1.6889199011904472,0.10526399744560228,3,0.33981880684795085
4,141,238.5,238.18648018648088,True,0.3742857983705392,0.1099966793389701,0.8392582830228354,1.678516566045671,0.11296233722369937,3,0.21840370550054278
4,142,238.5,238.35198135198203,True,0.3754488322683357,0.1180151392927255,0.8406522714883833,1.6813045429767666,0.1205418306616824,3,0.09886300056140596
4,143,238.5,238.4184149184156,True,0.3760111360192927,0.1260160182831468,0.8478797776380989,1.6957595552761977,0.1282790024089027,3,0.0
4,144,238.5,238.56293706293772,True,0.3770469564742293,0.1340307552093727,0.8580831121681388,1.7161662243362776,0.13598193096544375,3,0.0
4,145,238.5,238.66783216783284,True,0.3778424848704299,0.1420384597502649,0.856434215108298,1.712868430216596,0.13309825928199914,8,0.0
4,146,238.5,238.56293706293772,True,0.3773658788380294,0.1500089340158614,0.8419942645163192,1.6839885290326384,0.12642662886047784,8,0.006050343506613487
4,147,238.5,238.46037296037363,True,0.3769034076326133,0.1579798219511834,0.8331136276636061,1.6662272553272122,0.11992433978823397,8,0.10860181687010528
4,148,238.5,238.2995337995345,True,0.3760875657525858,0.1659403681433677,0.8356382671088773,1.6712765342177547,0.11338138899319684,8,0.21179459047965143
4,149,238.5,238.10372960373024,True,0.3750597014677913,0.1738947092896694,0.8439249032273414,1.6878498064546827,0.10689234798870255,8,0.3141371206768455
4,150,237.5,237.89627039627103,True,0.3739611630480748,0.1818469820873435,0.8462948504433836,1.6925897008867672,0.10057379126803755,8,0.41379084170272096
4,151,237.5,237.78438228438296,True,0.373442152534721,0.1898162153437635,0.831087186316769,1.662174372633538,0.094951765146739,8,0.5024591638307379
4,152,237.5,237.60256410256477,True,0.3724990972118332,0.1977730385084182,0.8021002087511102,1.6042004175022204,0.08935197033739106,8,0.5907768626982373
4,153,237.5,237.48135198135265,True,0.3719235473905414,0.2057406170859361,0.7685719215478293,1.5371438430956585,0.08445051595563632,8,0.6680806187890798
4,154,237.5,237.27855477855545,True,0.3708532786247939,0.2136937172230613,0.7392263710493023,1.4784527420986047,0.07961364996633248,8,0.7443657128772914
4,155,237.5,237.23193473193535,True,0.3707300432670047,0.2216745332317955,0.7144880148301211,1.4289760296602423,0.07619101710955838,8,0.7983460939930385
4,156,236.5,236.82167832167897,True,0.3684017748996404,0.2295908167633504,0.6922305733949113,1.3844611467898227,0.07138163328061506,8,0.8741977505633434
4,157,236.5,236.2249417249424,True,0.3649427203735194,0.2374740067168647,0.6705808387893988,1.3411616775787976,0.0661396812605132,8,0.9568716976901923
4,158,235.5,235.5349650349657,True,0.3609182727680201,0.2453406498813586,0.6527256516388837,1.3054513032777675,0.06109619874073167,8,1.0364154641299899
4,159,235.5,235.01282051282115,True,0.3579115327054015,0.2532370772660892,0.6418129098968692,1.2836258197937385,0.058001933498077626,8,1.0852169640457894
4,160,233.5,234.3741258741265,True,0.3541980512935603,0.2611128211645444,0.6385493320342761,1.2770986640685522,0.055325613943765145,8,1.1274267936053288
4,161,233.5,233.842657342658,True,0.3511347719230041,0.2690075938703729,0.6353991883827717,1.2707983767655433,0.05455321736028668,8,1.1396087201202183
4,162,233.5,233.1573426573433,True,0.3471385939714737,0.2768750643743178,0.6289824998891379,1.2579649997782758,0.05426155293328031,8,1.1442087334977995
4,163,233.5,232.6258741258748,True,0.3440753146009174,0.2847698370801463,0.6142565707473123,1.2285131414946246,0.056138889619850516,8,1.1146001385756004
4,164,231.5,231.98717948718013,True,0.3403618331890762,0.2926455809786015,0.6011577211700436,1.2023154423400872,0.05871731563504306,8,1.07393424632152
4,165,231.5,231.63286713286777,True,0.3383728006693388,0.3005717925835686,0.5852948002816684,1.1705896005633367,0.06348210800158018,8,0.9987858682610415
4,166,230.5,230.90093240093307,True,0.3340939261781194,0.3084309896930034,0.5797673220526783,1.1595346441053567,0.06765039806788227,8,0.933045283221476
4,167,230.5,230.09906759906823,True,0.3293910068773659,0.316277776710673,0.5736094115269381,1.1472188230538762,0.07250224114449977,8,0.8565239765697128
4,168,229.5,229.36713286713348,True,0.3251121323861462,0.3241369738201078,0.5610966855129045,1.122193371025809,0.07827458131592072,8,0.7654849620384487
4,169,229.5,229.01282051282112,True,0.3231230998664087,0.3320631854250749,0.5219214987360226,1.0438429974720451,0.08525868958377285,8,0.6553344311960514
4,170,227.5,228.3741258741265,True,0.3194096184545675,0.3399389293235301,0.5039577933158802,1.0079155866317604,0.09200947938345716,8,0.548863704866754
4,171,227.5,227.842657342658,True,0.3163463390840115,0.3478337020293586,0.4808257330634912,0.9616514661269824,0.0991898989525587,8,0.43561703158015685
4,172,227.5,227.1573426573433,True,0.312350161132481,0.3557011725333036,0.4772886682254388,0.9545773364508776,0.10642022530944696,8,0.3215832486216421
4,173,227.5,226.62587412587476,True,0.3092868817619246,0.3635959452391321,0.46955662489539257,0.9391132497907851,0.11397493122451034,8,0.20243348246855408
4,174,225.5,225.9871794871801,True,0.3055734003500834,0.3714716891375872,0.47419290488681365,0.9483858097736273,0.12159948212636817,8,0.0821821494329047
4,175,225.5,225.63286713286772,True,0.303584367830346,0.3793979007425543,0.457968112543535,0.91593622508707,0.12944753535437883,8,0.0
4,176,224.5,224.90093240093304,True,0.2993054933391264,0.3872570978519891,0.47326408894129457,0.9465281778825891,0.13725885490653236,8,0.0
4,177,224.5,224.1829836829843,True,0.2951114278098136,0.395118776979777,0.4760652787335949,0.9521305574671898,0.14158479664935475,13,0.0
4,178,223.5,223.43006993007052,True,0.290705339875734,0.4029742510616823,0.4703259087115356,0.9406518174230712,0.13282113777186927,13,0.0
4,179,223.5,222.889277389278,True,0.2875855211972398,0.4108673690886087,0.45518523612620704,0.9103704722524141,0.12496339230582068,13,0.029127918633187866
4,180,221.5,222.11072261072323,True,0.2830239501663312,0.4187182928035334,0.4745832339737196,0.9491664679474392,0.11618817593022783,13,0.16752708212807343
4,181,221.5,221.4020979020985,True,0.2788864239449562,0.4265816266102232,0.49555979216439716,0.9911195843287943,0.10776514016148286,13,0.30037179553299476
4,182,220.5,220.6911421911428,True,0.2747347628965967,0.4344445467471877,0.5078138484929455,1.015627696985891,0.09941228413225493,13,0.4321096624708065
4,183,220.5,220.2622377622384,True,0.2722934159133567,0.4423575209209385,0.48718180192543303,0.9743636038508661,0.09246076670026925,13,0.5417461838314479
4,184,219.5,219.91491841491904,True,0.2703467878745726,0.4502849735350822,0.45096722742849515,0.9019344548569903,0.08614089865260052,13,0.6414205865764533
4,185,219.5,219.74475524475585,True,0.2694744066866072,0.4582438650483644,0.39762201697787836,0.7952440339557567,0.08105718962902239,13,0.7215987891643161
4,186,219.5,219.2785547785554,True,0.2668069024716158,0.4661502205065072,0.3616701336364208,0.7233402672728416,0.07489305568348827,13,0.8188170166379054
4,187,219.5,218.80069930069996,True,0.2640687241217023,0.4740545076160223,0.33151819076287464,0.6630363815257493,0.06912286152663126,13,0.9098221850954336
4,188,218.5,218.21561771561835,False,0.2606803437305036,0.4819397659181642,0.3158314389829814,0.6316628779659628,0.06331094826602085,13,1.0014853303838565
4,189,217.5,217.86829836829892,False,0.2587337156917192,0.4898672185323078,0.29234961724133324,0.5846992344826665,0.05960136423965234,13,1.059991389287584
4,190,216.5,217.2622377622384,True,0.2552181218576604,0.4977487538069201,0.2909125304938554,0.5818250609877108,0.055263994525452914,13,1.1283986301486615
4,191,216.5,216.5979020979027,True,0.2513491573489902,0.5056199473383947,0.2895371958444709,0.5790743916889418,0.05165578155964426,13,1.185305905685281
4,192,216.5,215.99184149184208,True,0.2478335635149312,0.5135014826130069,0.2765166400519023,0.5530332801038046,0.0497025133296726,13,1.2161120621991084
4,193,216.5,215.7284382284388,True,0.2463957892475876,0.5214438273372688,0.23647857359296412,0.47295714718592824,0.051111710896595504,13,1.193886768130735
4,194,214.5,215.33449883449944,True,0.2441664646691145,0.5293630065569023,0.20609706097764,0.41219412195528,0.05303642856969939,13,1.163530899452408
4,195,214.5,214.8216783216789,True,0.2412162639144339,0.5372610886205349,0.1842515006420048,0.3685030012840096,0.05556229959470379,13,1.1236938832474417
4,196,214.5,214.17832167832228,True,0.2374745128486237,0.545136005179539,0.17190560543940314,0.3438112108788063,0.058665135104327776,13,1.07475721654728
4,197,214.5,213.66550116550175,True,0.2345243120939433,0.5530340872431716,0.15928238228119612,0.31856476456239224,0.06328145490802449,13,1.001950487697436
4,198,212.5,213.1876456876463,True,0.2317861337440295,0.5609383743526868,0.1420557391648556,0.2841114783297112,0.06873022455325987,13,0.916014696635423
4,199,212.5,212.861305361306,True,0.2299667191481056,0.56886954999436,0.1256742011927608,0.2513484023855216,0.07510671856050623,13,0.8154472121586172
4,200,212.5,212.37878787878847,True,0.2272002711442228,0.5767730097644241,0.11290040086556725,0.2258008017311345,0.0814490624783834,13,0.7154183290791643
4,201,212.5,212.14568764568827,True,0.2259462496276774,0.5847207321951178,0.10483411458588451,0.20966822917176903,0.08860479859137774,13,0.6025609532789404
4,202,211.5,211.85431235431287,True,0.2243388574365199,0.5926581128826736,0.0989191166648965,0.197838233329793,0.09580138759064774,13,0.48905926227953467
4,203,211.5,211.7890442890449,True,0.2241025434628555,0.6006356195336037,0.09742170008959222,0.19484340017918444,0.10348169171544824,13,0.36792861196130855
4,204,211.5,211.26456876456933,True,0.2210816685732524,0.6085316332486087,0.09440766707926782,0.18881533415853563,0.11056017440942721,13,0.25628964584025615
4,205,211.5,210.56526806526864,True,0.2170006816598153,0.6163966217342006,0.09038874740401834,0.18077749480803668,0.11763161449216347,13,0.1447617529353038
4,206,209.5,209.8076923076929,True,0.2125663240717667,0.6242512684766549,0.08574779836929862,0.17149559673859724,0.12488510807431942,13,0.030362585869969427
4,207,209.5,209.19230769230828,True,0.20899419092977,0.6321311490723651,0.08383828316205949,0.16767656632411898,0.13243691338016275,13,0.0
4,208,207.5,208.4347319347325,True,0.2045598333417213,0.6399857958148193,0.08133950389858227,0.16267900779716454,0.14006004108957185,13,0.0
4,209,207.5,207.7354312354318,True,0.2004788464282842,0.6478507843004112,0.08055359296306547,0.16110718592613094,0.14261459348988853,19,0.0
4,210,207.5,207.25291375291437,True,0.1977123984244017,0.6557542440704754,0.08254839840363261,0.16509679680726522,0.1357570451821066,18,0.0
4,211,207.5,207.05128205128264,True,0.1966491970721463,0.6637075510424634,0.08882227403242746,0.1776445480648549,0.12956640784470191,18,0.0
4,212,206.5,206.7400932400938,True,0.1949216588516212,0.6716414155373523,0.0960421726884945,0.192084345376989,0.12308610432592886,18,0.05873574537335502
4,213,206.5,206.5804195804201,True,0.1941128843850858,0.6796021685643994,0.10296252721431678,0.20592505442863357,0.1175291014094627,18,0.14637854781372206
4,214,206.5,206.28321678321737,True,0.1924701551264677,0.6875385150776415,0.11132435985465611,0.22264871970931222,0.11158927675999615,18,0.24005905979277098
4,215,206.0,206.09440559440617,True,0.1914846953226267,0.6954940972331197,0.11736438899820342,0.23472877799640685,0.1064910461715277,18,0.320466290628763
4,216,205.5,205.78904428904485,True,0.1897924941695628,0.7034289959023224,0.12321867942771685,0.2464373588554337,0.10115112669593387,18,0.4046853408401949
4,217,205.5,205.46037296037355,True,0.1879589447466545,0.7113597578742702,0.12778860553773708,0.25557721107547415,0.09607207852690626,18,0.4847900343151934
4,218,205.5,204.98951048951108,True,0.1852631708776942,0.7192652859929619,0.137958307330613,0.275916614661226,0.0906334979641264,18,0.5705651272897443
4,219,205.0,204.61421911421968,True,0.1831469249150965,0.7271877745703995,0.14624318329176625,0.2924863665835325,0.086219538109918,18,0.640180316861771
4,220,203.5,204.2156177156183,True,0.1808893306826544,0.7351061264505819,0.15858978452794276,0.3171795690558855,0.08224908077050994,18,0.7028007641472183
4,221,203.5,203.8648018648024,True,0.1789215004033935,0.7430329585601373,0.1682157973411679,0.3364315946823358,0.07922842225077818,18,0.7504413685997018
4,222,203.5,203.39044289044347,True,0.1762045242939567,0.7509378661742407,0.18341031476467856,0.3668206295293571,0.07621029534012462,18,0.7980420455377262
4,223,203.5,202.92773892773948,True,0.1735582223194418,0.7588448421369718,0.1975291059196753,0.3950582118393506,0.07408807801005757,18,0.8315127989259339
4,224,202.5,202.56993006993065,True,0.1715479875592278,0.7667704332373506,0.20645392348926636,0.4129078469785327,0.07348715503231737,18,0.8409903130844927
4,225,202.5,202.30419580419635,True,0.1700960784648996,0.7747123642918871,0.21311527166332722,0.42623054332665444,0.07432470090792358,18,0.8277808782841274
4,226,201.5,201.93589743589803,True,0.1680222369832556,0.7826360938785012,0.2289534156593519,0.4579068313187038,0.07544626795178493,18,0.8100919764918506
4,227,201.5,201.80536130536188,True,0.167390147854026,0.790602017777117,0.2219335174283828,0.4438670348567656,0.07867627263261022,18,0.759149649057721
4,228,201.5,201.58158508158564,True,0.1661926656454181,0.7985513948867127,0.21688277842565817,0.43376555685131635,0.08208962742449025,18,0.7053155978289227
4,229,201.5,201.35780885780943,True,0.1649951834368103,0.8065007719963082,0.206441463302982,0.412882926605964,0.08612032922698,18,0.6417449992379312
4,230,201.5,201.01515151515207,True,0.163076825051995,0.8144290519499029,0.2038479264429956,0.4076958528859912,0.09016534031324491,18,0.5779487204107003
4,231,201.5,200.70745920745972,True,0.1613704890719466,0.8223635369493801,0.20075953391925672,0.40151906783851343,0.09488318296070289,18,0.5035408143304849
4,232,199.5,200.29254079254133,True,0.1590139510506133,0.8302789931414841,0.21302862086273994,0.4260572417254799,0.09963615387204906,18,0.42857887948003026
4,233,199.5,199.98484848484904,True,0.1573076150705651,0.8382134781409614,0.21564189476288229,0.43128378952576457,0.10519401347416082,18,0.3409225657401518
4,234,199.5,199.64219114219168,True,0.1553892566857498,0.846141758094556,0.21853245234581886,0.4370649046916377,0.11095588044674339,18,0.25004873026502805
4,235,199.5,199.41841491841544,True,0.154191774477142,0.8540911352041516,0.20377363317534625,0.4075472663506925,0.1173529413737482,18,0.1491568726481871
4,236,199.5,199.19463869463925,True,0.1529942922685343,0.8620405123137472,0.18678743407703377,0.37357486815406754,0.12394140314103991,18,0.045246318391386264
4,237,199.5,199.0641025641031,True,0.1523622031393046,0.8700064362123631,0.1641062233039421,0.3282124466078842,0.13093259735449292,18,0.0
4,238,198.5,198.69580419580475,True,0.1502883616576604,0.8779301657989772,0.16616721545682428,0.33233443091364856,0.13180398859118325,24,0.0
4,239,198.5,198.30419580419635,True,0.1480731719061717,0.8858497586883362,0.16654115075115405,0.3330823015023081,0.12540603281898796,24,0.022146771487723704
4,240,197.5,197.935897435898,True,0.1459993304245274,0.8937734882749502,0.16309104185577675,0.3261820837115535,0.11916435753979258,24,0.12058794951383112
4,241,197.5,197.63752913752967,True,0.1443495337524169,0.9017096279533297,0.1540217108232311,0.3080434216464622,0.11295119136443964,24,0.21857949348478778
4,242,197.5,197.4557109557115,True,0.1434064784295295,0.9096664511179844,0.138875890026689,0.277751780053378,0.10659726421145534,24,0.3187910626634516
4,243,197.5,197.43706293706347,True,0.1434528609955538,0.9176522311634244,0.11751847922173402,0.23503695844346803,0.09989361321901541,24,0.42451833479042134
4,244,197.5,197.4160839160845,True,0.1434851087345938,0.9256375975391392,0.10269473417164073,0.20538946834328145,0.09340074857564964,24,0.526921169873406
4,245,197.5,197.5000000000005,True,0.1441534236879343,0.933641579052502,0.08471298164076324,0.16942596328152648,0.08673107929931877,24,0.632112496117982
4,246,197.5,197.5000000000005,True,0.1443128848698344,0.9416306684557464,0.07335810320783438,0.14671620641566877,0.08067238472019604,24,0.7276677765500197
4,247,197.5,197.5000000000005,True,0.1444723460517344,0.9496197578589908,0.06345749977049063,0.12691499954098126,0.07497659068792778,24,0.8174995363340436
4,248,197.5,197.5000000000005,True,0.1446318072336345,0.957608847262235,0.055998536085110934,0.11199707217022187,0.06973267957457197,24,0.9002043814873286
4,249,197.5,197.5000000000005,True,0.1447912684155346,0.9655979366654794,0.0526039171477719,0.1052078342955438,0.0650500269395633,24,0.9740572849239733
4,250,197.5,197.5000000000005,True,0.1449507295974347,0.9735870260687236,0.05262248622902835,0.1052449724580567,0.06105790173064448,24,1.037019469083664
4,251,197.5,197.5000000000005,True,0.1451101907793348,0.981576115471968,0.05522991489191165,0.1104598297838233,0.05789931499925782,24,1.0868354215046008
4,252,197.5,197.5000000000005,True,0.1452696519612348,0.9895652048752124,0.060338396269032764,0.12067679253806553,0.055716209003670206,24,1.1212664862986679
4,253,197.5,197.4160839160845,True,0.1449202593716945,0.9975394021683384,0.06814839314231315,0.1362967862846263,0.055134674836899024,24,1.1304382079725268
4,254,197.5,197.43706293706347,True,0.1452069339964546,1.0055322145991124,0.08039679122563374,0.16079358245126749,0.055071639529248775,24,1.1314323753498352
4,255,197.5,197.4557109557115,True,0.1454794737942305,1.013524613360161,0.09556643103102402,0.19113286206204805,0.05617297343292273,24,1.1140625824611972
4,256,197.5,197.63752913752967,True,0.1467414514809181,1.0215459690019948,0.11888989565254718,0.23777979130509436,0.05745173426968347,24,1.0938944837451414
4,257,197.5,197.935897435898,True,0.1487101705168287,1.0295880081301043,0.16003822552229174,0.3200764510445835,0.05921230305873863,24,1.0661275048751786
4,258,198.5,198.30419580419635,True,0.1511029343622732,1.037642457349979,0.2246708662802377,0.4493417325604754,0.061708002911495585,24,1.0267663361960147
4,259,198.5,198.69580419580475,True,0.153637046477562,1.0457010432671086,0.310073307568644,0.620146615137288,0.06510075894354747,24,0.9732571602759525
4,260,199.5,199.0641025641031,True,0.1560298103230064,1.0537554924869832,0.38947356822541535,0.7789471364508307,0.06944804210882337,24,0.9046935684740427
4,261,199.5,199.3624708624714,True,0.1579985293589171,1.0617975316150927,0.4379279943285753,0.8758559886571506,0.07471986649969427,24,0.8215484863974567
4,262,199.5,199.5442890442896,True,0.1592605070456049,1.0698188872569263,0.45322916245116657,0.9064583249023331,0.08083553243454634,24,0.7250946767852109
4,263,199.5,199.39510489510545,True,0.1585153393004996,1.0777815017977384,0.4643635058247739,0.9287270116495479,0.08815293015699618,24,0.6096876394655162
4,264,199.5,199.4580419580425,True,0.1590564408109801,1.0857817602835715,0.4756686512439001,0.9513373024878002,0.09505201437325202,24,0.5008780735764851
4,265,199.5,199.5792540792546,True,0.1599509129960718,1.0937923605125424,0.4849701505807939,0.9699403011615878,0.10198498056264425,24,0.39153413491088296
4,266,199.5,199.90093240093296,True,0.1620609803018272,1.1018385363379068,0.4798667806461229,0.9597335612922459,0.10867592511271996,24,0.28600726365369633
4,267,199.5,200.29254079254133,True,0.164595092417116,1.1098971222550365,0.45495457993041427,0.9099091598608285,0.11545945158752048,24,0.17902022772498127
4,268,201.5,200.70745920745972,True,0.1672705528022495,1.1179598448694212,0.4101543723672213,0.8203087447344426,0.12241626409708908,24,0.06930019454232328
4,269,201.5,201.09906759906812,True,0.1698046649175385,1.126018430786551,0.3554139673466151,0.7108279346932302,0.1295855052027305,24,0.0
4,270,201.5,201.42074592074647,True,0.1719147322232937,1.1340646066119155,0.3101846357429372,0.6203692714858744,0.1369748188978433,24,0.0
4,271,201.5,201.4580419580425,True,0.1723003506369451,1.142060314730768,0.2867369617020906,0.5734739234041812,0.14473563347096333,24,0.0
4,272,201.5,201.5419580419586,True,0.1729686655902856,1.1500642962441303,0.26917758565725136,0.5383551713145027,0.15247946106678076,24,0.0
4,273,201.5,201.57925407925464,True,0.1733542840039371,1.158060004362983,0.25542698894510646,0.5108539778902129,0.16029023413848092,24,0.0
4,274,201.5,201.90093240093296,True,0.1754643513096923,1.1661061801883474,0.24021659314054866,0.4804331862810973,0.16790849041492198,24,0.0
4,275,201.5,202.29254079254133,True,0.1779984634249811,1.1741647661054773,0.21638285946689356,0.4327657189337871,0.17554894862754802,24,0.0
4,276,203.5,202.70745920745972,True,0.1806739238101146,1.182227488719862,0.17189680668062957,0.34379361336125913,0.1832494334671862,24,0.0
4,277,203.5,203.09906759906815,True,0.1832080359254037,1.1902860746369917,0.1202398872482242,0.2404797744964484,0.19102554870549984,24,0.0
4,278,203.5,203.42074592074647,True,0.1853181032311588,1.198332250462356,0.07722954953510305,0.1544590990702061,0.19887493473586254,24,0.0
4,279,203.5,203.6258741258747,True,0.1867214291876913,1.2063577428014454,0.048713771705130415,0.09742754341026083,0.20678452180210438,24,0.0
4,280,203.5,203.66783216783276,True,0.1871353172553115,1.2143542782597487,0.03374866449311426,0.06749732898622852,0.21473997455150096,24,0.0
4,281,203.5,203.50000000000057,True,0.1862770708943307,1.2223135834427563,0.02827310789786695,0.0565462157957339,0.22273672388359894,24,0.0
4,282,203.5,203.50000000000057,True,0.1864365320762307,1.230302672846001,0.02225491709260107,0.04450983418520214,0.23070173120748627,24,0.0
4,283,203.5,203.50000000000057,True,0.1865959932581308,1.2382917622492453,0.019283748144753282,0.038567496289506564,0.23866845487534988,24,0.0
4,284,203.5,203.50000000000057,True,0.1867554544400309,1.2462808516524897,0.018760441940480724,0.03752088388096145,0.24663672856605467,24,0.0
4,285,203.5,203.50000000000057,True,0.186914915621931,1.254269941055734,0.01984587341080918,0.03969174682161836,0.25460640674905977,24,0.0
4,286,203.5,203.50000000000057,True,0.187074376803831,1.2622590304589782,0.02220577115601305,0.0444115423120261,0.26257736153806677,24,0.0
4,287,203.5,203.50000000000057,True,0.1872338379857311,1.2702481198622226,0.0262928306058558,0.0525856612117116,0.2705494800986334,24,0.0
4,288,203.5,203.50000000000057,True,0.1873932991676312,1.278237209265467,0.032322431921629244,0.06464486384325849,0.2785226624993236,24,0.0
4,289,203.5,203.50000000000057,True,0.1875527603495313,1.2862262986687114,0.040560356091829494,0.08112071218365899,0.2864968199204078,24,0.0
4,290,203.5,203.50000000000057,True,0.1877122215314313,1.2942153880719558,0.050550343954209744,0.10110068790841949,0.29447187315263945,24,0.0
4,291,203.5,203.5419580419586,True,0.1881261095990516,1.3022119235302592,0.06312424804528627,0.12624849609057254,0.3024450958390844,24,0.0
4,292,203.5,203.5314685314691,True,0.1882219640595217,1.3101991514197389,0.0732948044209038,0.1465896088418076,0.310422672612909,24,0.0
4,293,203.5,203.4783216783217,True,0.1880591511861729,1.3181788091532416,0.08153245324914252,0.16306490649828503,0.3184027928027165,24,0.0
4,294,203.5,203.40069930069933,True,0.1877479226294905,1.3261541233546263,0.09073394709338249,0.18146789418676498,0.3263841687047914,24,0.0
4,295,203.5,203.2986013986014,True,0.1872882783894711,1.3341250940238936,0.10222590025835251,0.20445180051670503,0.3343668140273184,24,0.0
4,296,203.0,203.17202797202796,True,0.186680218466115,1.3420917211610428,0.11239154123786724,0.22478308247573447,0.3423509343744151,24,0.0
4,297,203.0,203.02097902097893,True,0.1859237428594219,1.3500540047660743,0.0,0.0,0.3503369053751752,24,0.0
5,100,260.5,260.5419580419582,True,0.5033079481070717,-0.2135886866915631,0.9418840401617516,1.8837680803235033,0.23445571006459082,4,0.0
5,101,260.5,260.8440559440561,True,0.5052992828661574,-0.2055459856918929,0.9588735695508306,1.9177471391016612,0.22631256717141432,4,0.0
5,102,261.5,261.0972027972029,True,0.5069937862585696,-0.1975119717564584,0.9701430026854703,1.9402860053709405,0.21831430274180544,4,0.0
5,103,261.5,261.3013986013988,True,0.5083914582843082,-0.1894866448852595,0.9723688206743432,1.9447376413486863,0.2104692697406158,4,0.0
5,104,261.5,261.4566433566435,True,0.509492298943373,-0.1814700050782964,0.9726996054942225,1.945399210988445,0.20278808321415903,4,0.0
5,105,261.5,261.5629370629378,True,0.510296308235768,-0.1734620523355687,0.9754311956552157,1.9508623913104315,0.19528398786536474,4,0.0
5,106,261.5,261.5839160839168,True,0.5105829828605281,-0.1654692399047948,0.9816073542667207,1.9632147085334415,0.18808368432373707,4,0.0
5,107,261.5,261.50000000000074,True,0.5102335902709878,-0.1574950426116687,0.9895673025389338,1.9791346050778675,0.18128071260585957,4,0.0
5,108,261.5,261.50000000000074,True,0.5103930514528879,-0.1495059532084244,0.995454250815224,1.990908501630448,0.1743027116045083,4,0.0
5,109,261.5,261.50000000000074,True,0.510552512634788,-0.14151686380518,0.9968240357500835,1.993648071500167,0.167415279282399,4,0.0
5,110,261.5,261.50000000000074,True,0.5107119738166881,-0.1335277744019357,0.9934914042281312,1.9869828084562624,0.16063006616585215,4,0.0
5,111,261.5,261.41608391608463,True,0.5103625812271475,-0.1255535771088096,0.9838075299849249,1.9676150599698499,0.15426784360027057,4,0.0
5,112,261.5,261.4370629370637,True,0.5106492558519078,-0.1175607646780357,0.9692267352887209,1.9384534705774419,0.14766207661922656,4,0.0
5,113,261.5,261.53962703962776,True,0.5114306494211239,-0.109553473806869,0.9574220096870847,1.9148440193741694,0.14087758333076347,4,0.0
5,114,261.5,261.7004662004669,True,0.5125654136649515,-0.1015358411925645,0.9527509207416012,1.9055018414832023,0.13399378319258975,4,0.0
5,115,261.5,261.81235431235507,True,0.5134033465421058,-0.0935268956424958,0.9559757860586546,1.9119515721173093,0.1274608198570405,4,0.0
5,116,262.5,262.0407925407933,True,0.5149480207684827,-0.0854972666061516,0.9584409261515849,1.9168818523031699,0.12059693929914572,4,0.09799384942030365
5,117,262.5,262.33916083916154,True,0.516916739804393,-0.0774552274780423,0.9591543913527906,1.9183087827055811,0.1135875890597482,4,0.2085424864286709
5,118,262.5,262.6608391608399,True,0.5190268071101484,-0.0694090516526778,0.963943551226966,1.927887102453932,0.10665024340385364,4,0.31795549626864994
5,119,262.5,262.9592074592082,True,0.5209955261460589,-0.0613670125245684,0.9722073595085919,1.9444147190171839,0.10003807832584855,4,0.4222398895550976
5,120,263.5,263.1876456876464,True,0.5225402003724359,-0.0533373834882242,0.9805603086093151,1.9611206172186302,0.09404731275114823,4,0.5167238212036167
5,121,263.5,263.2995337995345,True,0.5233781332495898,-0.0453284379381555,0.9843421519622351,1.9686843039244701,0.08902571398326914,4,0.5959224459594037
5,122,263.5,263.50233100233174,True,0.524767324379138,-0.037303359268792,0.9816116563823323,1.9632233127646646,0.083973186755121,4,0.6756088618813807
5,123,263.5,263.59440559440634,True,0.525485111226924,-0.02929792991139,0.9721461357091291,1.9442922714182582,0.08006770476263587,4,0.7372045442747694
5,124,263.5,263.5641025641033,True,0.525460819658026,-0.0213142182145773,0.959043464670385,1.91808692934077,0.07752667479101595,4,0.7772806412546427
5,125,263.5,263.39976689976766,True,0.524623775537522,-0.0133542925269812,0.9419084277954197,1.8838168555908394,0.07655006429203087,4,0.792683347049544
5,126,263.5,263.3018648018656,True,0.5241895739860751,-0.0053825772522082,0.9224293609952541,1.8448587219905082,0.07600126860973296,4,0.8013387305875375
5,127,263.0,263.0722610722618,True,0.5229567547100059,0.0025657656830735,0.8985651873028341,1.7971303746056682,0.07708595720593114,4,0.784231460756128
5,128,263.0,263.0058275058282,True,0.5227133733228488,0.0105430654991409,0.8767052237119419,1.7534104474238839,0.07800242876508733,4,0.7697772419967073
5,129,263.0,263.0372960372968,True,0.523063654669039,0.0185377394436796,0.8620158646346511,1.7240317292693021,0.07913816409651318,4,0.751864883703399
5,130,263.0,263.237762237763,True,0.5244387109716027,0.0265624044433176,0.8621717476643457,1.7243434953286914,0.08009413043065886,4,0.7367877693267071
5,131,263.0,263.4883449883457,True,0.5261176660543317,0.0345959633420541,0.8794921005657932,1.7589842011315864,0.08158112495439131,4,0.7133354931209088
5,132,264.5,263.9009324009332,True,0.5287789916124809,0.0426582722867134,0.9007079707860673,1.8014159415721347,0.08301903534866244,4,0.6906573519526484
5,133,264.5,264.3216783216791,True,0.5314897890650757,0.050722029075412,0.9022611354172793,1.8045222708345585,0.08524302455846326,4,0.6555814936394349
5,134,265.0,264.89976689976766,True,0.5351546873391212,0.0588137085705823,0.8767801606625498,1.7535603213250996,0.08754408540793905,4,0.6192900925972851
5,135,265.0,265.5303030303038,True,0.539137619220317,0.0669146956345766,0.8309126908543719,1.6618253817087438,0.0904533354058277,4,0.5734065782915669
5,136,266.0,266.1083916083924,True,0.5428025174943625,0.075006375129747,0.7829184374118625,1.565836874823725,0.09432660449251341,4,0.5123189448197727
5,137,266.5,266.44522144522216,True,0.5450044611755164,0.0830552398083272,0.7448386771538233,1.4896773543076467,0.09961266059198516,4,0.42894940599122133
5,138,267.5,266.9428904428912,True,0.5481817079185985,0.0911326476979676,0.7239944692160313,1.4479889384320626,0.10483460721858655,4,0.34659097583937837
5,139,267.5,267.29836829836904,True,0.5504967302156281,0.0991848217343519,0.7195507802448766,1.4391015604897532,0.11085216543586096,4,0.25168448146860123
5,140,267.5,267.71328671328746,True,0.5531721906007616,0.1072475443487367,0.7320406155332932,1.4640812310665865,0.11702512337940794,4,0.15432708546726404
5,141,267.5,268.0407925407933,True,0.555317594973978,0.1152947543484149,0.756493081264959,1.512986162529918,0.12365030408038152,4,0.04983741503959238
5,142,268.5,268.38811188811263,True,0.5575831453765622,0.12334548054076,0.7856459282909576,1.5712918565819152,0.13043503028702402,4,0.0
5,143,268.5,268.6958041958049,True,0.5596084037204108,0.1313891743477714,0.8121520976964898,1.6243041953929795,0.13274671278792124,9,0.0
5,144,269.5,269.06410256410334,True,0.5620011675658552,0.1394436235676461,0.8296223713983237,1.6592447427966475,0.126755106995267,9,0.0008697192193738434
5,145,269.5,269.3624708624716,True,0.5639698866017655,0.1474856626957554,0.8340702135152238,1.6681404270304476,0.12083598696071951,9,0.0942236863860062
5,146,269.5,269.58624708624785,True,0.5654862911741737,0.1555144643926486,0.8368548511419818,1.6737097022839635,0.11496073577859847,9,0.18688577175514975
5,147,269.5,269.59440559440634,True,0.5656952242505193,0.1635050016399322,0.8313843492855043,1.6627686985710086,0.10861513352491058,9,0.2869660439891586
5,148,269.5,269.56410256410334,True,0.5656709326816215,0.171488713336745,0.825796114090107,1.651592228180214,0.10235572056701991,9,0.3856869735095534
5,149,269.5,269.39976689976766,True,0.5648338885611174,0.179448639024341,0.8183645735312952,1.6367291470625904,0.09581715734393881,9,0.488810548108785
5,150,269.5,269.3018648018655,True,0.5643996870096699,0.187420354299114,0.8232718498374456,1.6465436996748912,0.08979717001660947,9,0.5837553534208826
5,151,269.0,269.198135198136,True,0.5639301483907619,0.1953910353995732,0.8337940709242926,1.6675881418485852,0.08407855189045248,9,0.6739470855823984
5,152,269.0,269.0582750582758,True,0.5632415199535944,0.2033553046192871,0.8407719967402841,1.6815439934805683,0.07858255183690828,9,0.7606277755416788
5,153,269.0,268.9883449883457,True,0.5629769363259608,0.2113319839307662,0.8434384825691692,1.6868769651383384,0.07390067642271378,9,0.8344684209659934
5,154,269.0,268.9883449883457,True,0.5631363975078608,0.2193210733340106,0.8400161168159269,1.6800322336318538,0.07019545022042219,9,0.8929057500309241
5,155,269.0,269.0582750582758,True,0.5637199034992947,0.2273225728290202,0.82838200267923,1.65676400535846,0.06763498950287876,9,0.9332883008766386
5,156,269.0,269.198135198136,True,0.5647274543002623,0.235336482415795,0.8084566949985473,1.6169133899970947,0.06636762831482552,9,0.9532766089439257
5,157,269.5,269.3018648018655,True,0.5655159152829705,0.2433439801218245,0.7880459621523196,1.5760919243046392,0.06585315296919379,9,0.9613907060130551
5,158,269.5,269.39976689976766,True,0.566269039198218,0.2513504436535402,0.7691159407242505,1.538231881448501,0.06628279757460713,9,0.9546145250684253
5,159,269.5,269.56410256410334,True,0.5674250056825224,0.2593686967724329,0.7468634079042058,1.4937268158084116,0.06807278362533718,9,0.9263835890452874
5,160,269.5,269.59440559440634,True,0.5677682196152203,0.2673631638821088,0.7230356034363252,1.4460712068726504,0.06995720870513412,9,0.896663198852053
5,161,269.5,269.41841491841564,True,0.5668605013597937,0.2753210212210773,0.7010788014811695,1.402157602962339,0.07149462048127274,9,0.8724157621328192
5,162,269.5,269.23659673659745,True,0.565917446036906,0.283277844385732,0.6840855721799641,1.3681711443599283,0.0738412121988081,9,0.8354062666548254
5,163,269.5,269.22727272727343,True,0.5660203679108683,0.2912652791100744,0.67000367540634,1.34000735081268,0.077855714235493,9,0.7720911642180301
5,164,268.5,269.1596736596744,True,0.5657699191102193,0.299242372091279,0.6513330705580958,1.3026661411161915,0.0821613867272259,9,0.7041838391295916
5,165,268.5,269.05710955711027,True,0.565307447904803,0.307213260026601,0.6257877744717759,1.2515755489435518,0.08682407428075477,9,0.6306458168830673
5,166,269.5,268.9428904428912,True,0.564774302564465,0.3151820796132955,0.6029676832365645,1.205935366473129,0.09189349147478755,9,0.5506930192503905
5,167,269.5,268.8822843822851,True,0.5645662582447689,0.3231604136036766,0.5926592907872646,1.1853185815745293,0.09757688159800568,9,0.4610568889030813
5,168,268.5,268.8041958041965,True,0.5642522027226897,0.3311356450711164,0.5928449732535377,1.1856899465070754,0.10349559631126243,9,0.36770931429991194
5,169,268.5,268.74358974359046,True,0.5640441584029939,0.3391139790614976,0.5946111332590732,1.1892222665181464,0.10974040044450727,9,0.2692187892532174
5,170,268.5,268.5233100233108,True,0.562867878434863,0.3470639766756814,0.5847336031521381,1.1694672063042761,0.11564508509659169,9,0.17609249110032854
5,171,268.5,268.2389277389285,True,0.5613028907246593,0.3550025983724138,0.5668387434978164,1.1336774869956328,0.12158778752883846,9,0.08236659189520368
5,172,268.0,268.11421911421985,True,0.5607061386628907,0.3629695564453434,0.5549407203799114,1.1098814407598228,0.12824724540829616,9,0.0
5,173,268.0,268.1002331002338,True,0.560780790882884,0.3709561638302348,0.5429447970276124,1.085889594055225,0.13487200605456007,15,0.0
5,174,268.0,268.0617715617723,True,0.5607070274195404,0.3789384276830082,0.5214230362907755,1.042846072581551,0.12727859987472753,15,0.0
5,175,268.0,267.9580419580427,True,0.5602374888006324,0.3869091087834675,0.49550376096892645,0.9910075219378529,0.11987746649403892,15,0.10934108350800686
5,176,268.0,267.9067599067606,True,0.5600859837888741,0.3948890974527506,0.4790298279448657,0.9580596558897314,0.1124341163722088,15,0.2267345911286378
5,177,268.0,267.9195804195812,True,0.560323186519189,0.4028804620394853,0.46869250049923744,0.9373850009984749,0.1049116494087045,15,0.3453758975769443
5,178,268.0,267.90209790209866,True,0.5603766364987056,0.4108664489197883,0.45702990210312644,0.9140598042062529,0.09754384072469376,15,0.4615779961934072
5,179,267.5,267.93822843822915,True,0.5607551874988645,0.4188619502037781,0.4493718810844861,0.8987437621689722,0.09013067420686184,15,0.5784954602196908
5,180,268.0,267.9335664335672,True,0.5608863790267961,0.4268502122675714,0.4501920723865274,0.9003841447730548,0.08295038752733362,15,0.6917400376256855
5,181,268.0,267.89976689976766,True,0.5608408852174215,0.4348333034597959,0.4623611834924034,0.9247223669848068,0.07602719650571248,15,0.8009298062988182
5,182,268.0,267.84848484848555,True,0.5606893802056632,0.4428132921290791,0.4797308841082694,0.9594617682165388,0.06939484408606275,15,0.9055325861728118
5,183,268.0,267.791375291376,True,0.5605025381264442,0.4507922466240485,0.49544651729084727,0.9908930345816945,0.0630987518637371,15,1.0048320062167597
5,184,267.5,267.740093240094,True,0.5603510331146863,0.4587722352933316,0.5072655397737622,1.0145310795475244,0.05719938074648295,15,1.097874501447392
5,185,267.5,267.6002331002338,True,0.5596624046775188,0.4667365045130455,0.5242566341151573,1.0485132682303147,0.05228366598098211,15,1.1754031665429934
5,186,267.5,267.5198135198143,True,0.5593342143284554,0.4747113223107598,0.5520468764146458,1.1040937528292916,0.04788761158748975,15,1.2447359584305615
5,187,267.5,267.3846153846161,True,0.558673855545257,0.4826764188699247,0.5957724790543095,1.191544958108619,0.04481022962075288,15,1.2932711821471226
5,188,267.5,267.39510489510565,True,0.5588969234485869,0.4906673697869338,0.6334553182851541,1.2669106365703082,0.04214926913583639,15,1.3352387746762022
5,189,267.5,267.5396270396278,True,0.5599327439035235,0.4986821067131597,0.6580866188324976,1.3161732376649953,0.040088924328499205,15,1.3677336996605713
5,190,267.5,267.70046620046696,True,0.5610675081473511,0.5066997393274641,0.6830210045783656,1.3660420091567311,0.03950475197887657,15,1.376947029687337
5,191,267.5,267.81235431235507,True,0.5619054410245051,0.5147086848775329,0.7186339861925329,1.4372679723850659,0.04083553396692674,15,1.355958474413364
5,192,268.5,267.9988344988352,True,0.5631956883651614,0.522730867858818,0.7529595267933787,1.5059190535867575,0.043257943877736064,15,1.3177532050561076
5,193,268.5,268.26573426573503,True,0.5649735872367823,0.530767322445633,0.7777166164625255,1.555433232925051,0.04662057187050432,15,1.2647191963861877
5,194,268.5,268.6491841491849,True,0.5674582274576255,0.5388244605187233,0.7882014832030534,1.5764029664061068,0.050658717855563126,15,1.2010311911585547
5,195,268.5,268.9953379953388,True,0.5697167104467175,0.5468749798762057,0.7951252806786422,1.5902505613572844,0.0558062842748256,15,1.1198458555534074
5,196,269.5,269.4230769230777,True,0.5724699123802657,0.5549399776740808,0.7966551505704315,1.593310301140863,0.06145166288375561,15,1.0308092274354994
5,197,270.0,269.75524475524554,True,0.5746435864074511,0.56298801501321,0.8047626411219161,1.6095252822438322,0.06790020431177493,15,0.9291054401782086
5,198,270.5,270.2995337995346,True,0.5781035296902217,0.5710736962973605,0.8129710801353082,1.6259421602706163,0.07437019374316864,15,0.8270633836864514
5,199,270.5,270.8787878787886,True,0.5817754953777593,0.5791655826273936,0.8368096001661461,1.6736192003322923,0.0812362113928312,15,0.7187753303117879
5,200,271.5,271.39976689976766,True,0.5850940903906857,0.5872471272142891,0.8713393490207566,1.7426786980415132,0.08851128373505487,15,0.6040358317703047
5,201,271.5,271.68531468531546,True,0.586985067878182,0.5952868911589081,0.8970600746365528,1.7941201492731056,0.0961716178758844,15,0.48322013996230706
5,202,272.5,272.0431235431243,True,0.5893142250021961,0.6033394788650179,0.9132889595754995,1.826577919150999,0.10389048887842034,15,0.3614812284470077
5,203,272.5,272.40209790209866,True,0.5916504495397027,0.6113922734059906,0.9192470302200235,1.838494060440047,0.11170476071969361,15,0.23823769348849844
5,204,272.5,272.744755244756,True,0.5938877302883179,0.6194421722588846,0.9146405858725118,1.8292811717450237,0.11959846301248783,15,0.11374141357465128
5,205,272.5,272.87529137529214,True,0.5948387417813478,0.6274544271667575,0.9091116647366381,1.8182233294732761,0.1275588867574733,15,0.0
5,206,273.5,273.1247086247094,True,0.5965106294505848,0.6354877792306312,0.9084024536976596,1.8168049073953192,0.13553270464238282,15,0.0
5,207,273.5,273.3391608391616,True,0.5979704947150549,0.6435149262486223,0.9074205214027621,1.8148410428055242,0.14352927557766434,15,0.0
5,208,273.5,273.66083916083994,True,0.6000805620208102,0.6515611020739868,0.8966967812540408,1.7933935625080817,0.14026443138217626,21,0.0
5,209,273.5,273.9592074592082,True,0.6020492810567205,0.6596031412020961,0.8883393887610649,1.7766787775221298,0.13328891710128613,21,0.0
5,210,274.5,274.18764568764647,True,0.6035939552830977,0.6676327702384403,0.8841808285338515,1.768361657067703,0.12680097001423513,21,0.0001463862337400812
5,211,274.5,274.2995337995346,True,0.6044318881602517,0.675641715788509,0.8872216287611948,1.7744432575223896,0.12108847356991302,21,0.0902415697053014
5,212,274.5,274.4603729603738,True,0.6055666524040796,0.6836593484028134,0.8863138486905436,1.7726276973810873,0.11540684205241575,21,0.17984996403445863
5,213,274.5,274.56293706293786,True,0.6063480459732957,0.6916666392739801,0.8828427566569133,1.7656855133138265,0.11033344672678319,21,0.25986550314975143
5,214,274.5,274.58391608391685,True,0.6066347205980557,0.6996594517047541,0.8838540299979432,1.7677080599958863,0.10607189166065215,21,0.32707702604511524
5,215,274.5,274.37412587412666,True,0.6055220473513548,0.7076113108327027,0.8923318373562976,1.7846636747125952,0.10355136168105854,21,0.36682980544207555
5,216,274.5,274.4055944055952,True,0.605872328697545,0.7156059847772414,0.8987955068903266,1.7975910137806532,0.10021460366616419,21,0.4194558032842124
5,217,274.5,274.5594405594413,True,0.6069646884604192,0.7236223763823693,0.9022879690824871,1.8045759381649742,0.09670236926249669,21,0.4748493437577601
5,218,274.5,274.8006993007001,True,0.6085871042352108,0.7316542806022037,0.896715260312758,1.793430520625516,0.09323563123788517,21,0.5295253337420789
5,219,274.5,275.0524475524483,True,0.6102731267314321,0.739688046335803,0.8835897883453835,1.767179576690767,0.09031748543292271,21,0.5755491491190108
5,220,276.0,275.37412587412666,True,0.6123831940371873,0.7477342221611675,0.8712027937198382,1.7424055874396764,0.08764609766749529,21,0.6176811964989422
5,221,276.0,275.719114219115,True,0.614634609612787,0.7557845346837869,0.8618562594103942,1.7237125188207885,0.08556115191761512,21,0.6505641175991226
5,222,276.0,276.0407925407933,True,0.6167446769185422,0.7638307105091514,0.858500529246122,1.717001058492244,0.0843963113802131,21,0.6689355114293383
5,223,276.0,276.20862470862545,True,0.617921845643323,0.7718495841326324,0.8512067816726261,1.7024135633452522,0.08493661018293285,21,0.6604141372394454
5,224,276.5,276.3648018648026,True,0.6190283402331817,0.7798663894074858,0.8332451192677605,1.666490238535521,0.08630417661754834,21,0.6388454325519008
5,225,276.5,276.39743589743665,True,0.6193856889928643,0.7878612701868872,0.8086898509058991,1.6173797018117981,0.08906257866983018,21,0.5953410310330733
5,226,276.5,276.6491841491849,True,0.6210717114890859,0.7958950359204865,0.7878883394807141,1.5757766789614283,0.09130185676865969,21,0.5600240425457683
5,227,276.5,276.90559440559514,True,0.622786003639276,0.8039296289935367,0.7751953035558468,1.5503906071116935,0.09418283345373729,21,0.5145864434944207
5,228,277.5,277.214452214453,True,0.6248183293966171,0.8119735296354109,0.7715373847362221,1.5430747694724443,0.09743203769903787,21,0.4633413082947486
5,229,277.5,277.5174825174833,True,0.6268153180864966,0.8200163961029713,0.7768366307601935,1.553673261520387,0.10128323350895178,21,0.4026018056165499
5,230,278.0,277.86247086247164,True,0.6290667336620964,0.8280667086255908,0.7810261678628131,1.5620523357256262,0.10547956801673429,21,0.3364189149886725
5,231,278.0,277.9930069930078,True,0.6300177451551261,0.8360789635334637,0.7743426355319576,1.5486852710639152,0.11093738754887035,21,0.25034039277073483
5,232,278.5,278.240093240094,True,0.6316754979973784,0.8441119019276119,0.7538074258997021,1.5076148517994041,0.116298270229349,21,0.16579071937053458
5,233,278.5,278.5104895104903,True,0.6334745991094757,0.8521489770190152,0.7202015871061582,1.4404031742123165,0.12190177385779204,21,0.07741452650831815
5,234,278.5,278.9230769230777,True,0.6361359246676248,0.8602112859636745,0.6820626162207546,1.3641252324415092,0.12737797168987317,21,0.0
5,235,278.5,279.3240093240101,True,0.6387265760908515,0.8682715265597062,0.6553909008806518,1.3107818017613035,0.13320130056539803,21,0.0
5,236,280.5,279.749417249418,True,0.641465643197415,0.8763361106878558,0.6475992224887428,1.2951984449774856,0.1304306600672617,26,0.0
5,237,280.5,280.09906759906835,True,0.6437453284269836,0.8843872505499263,0.655939799404373,1.311879598808746,0.12361214177656729,26,0.05043929546041226
5,238,280.5,280.4207459207467,True,0.645855395732739,0.8924334263752908,0.6647247265679468,1.3294494531358936,0.11693282293336665,26,0.15578281077084166
5,239,280.5,280.66783216783296,True,0.6475131485749916,0.900466364769439,0.6675726435620514,1.3351452871241027,0.11029253750693925,26,0.26051070681918786
5,240,280.5,280.6993006993015,True,0.647863429921182,0.9084610387139778,0.6686963365579309,1.3373926731158619,0.10329709268485616,26,0.37084003320978853
5,241,280.5,280.4801864801873,True,0.6466942173665431,0.9164112431630244,0.6710706289950634,1.3421412579901268,0.0957466981416331,26,0.4899218021499674
5,242,280.5,280.39976689976766,True,0.6463660270174791,0.9243860609607386,0.666978341816185,1.33395668363237,0.08869766760416384,26,0.6010962607706234
5,243,280.5,280.3018648018656,True,0.645931825466032,0.9323577762355116,0.6579566033403028,1.3159132066806056,0.08176309085673762,26,0.7104656005061389
5,244,280.0,280.198135198136,True,0.6454622868471237,0.9403284573359708,0.6436912476103109,1.2873824952206219,0.07501674832512539,26,0.8168661863221236
5,245,280.0,280.1002331002339,True,0.6450280852956767,0.948300172610744,0.6272205450128788,1.2544410900257577,0.0685594677449701,26,0.9187078039523084
5,246,280.0,280.0198135198143,True,0.6446998949466131,0.9562749904084582,0.6134171445262953,1.2268342890525905,0.06252964954338588,26,1.0138076578370065
5,247,280.0,280.0104895104903,True,0.6448028168205752,0.9642624251328006,0.6106316235801629,1.2212632471603257,0.0573102665536175,26,1.0961256553455954
5,248,280.0,279.9895104895113,True,0.6448350645596154,0.9722477915085154,0.6222197698594887,1.2444395397189774,0.05272919580478828,26,1.1683764503587293
5,249,280.0,279.9382284382292,True,0.644683559547857,0.9802277801777984,0.6420360915053865,1.284072183010773,0.04886267666188929,26,1.2293576264471684
5,250,280.0,279.8682983682992,True,0.6444189759202238,0.9882044594892776,0.6573760573358443,1.3147521146716885,0.045958461655515696,26,1.2751617309031391
5,251,280.0,279.77972027972106,True,0.6440413136767142,0.9961778294429526,0.6615921415355415,1.323184283071083,0.044206858044175554,26,1.3027873146161923
5,252,279.5,279.76689976690056,True,0.6441230333101999,1.0041646436627067,0.6576301224202905,1.315260244840581,0.04431914174857551,26,1.3010164214441127
5,253,279.5,279.8181818181826,True,0.644593460685758,1.0121628337999122,0.6530415893183756,1.3060831786367513,0.04622241081960698,26,1.2709988314426752
5,254,280.0,279.9219114219122,True,0.6453819216684665,1.0201703315059418,0.6518750557526014,1.3037501115052028,0.04966247161974938,26,1.216743583852944
5,255,280.0,280.1083916083924,True,0.6466721690091229,1.0281925144872268,0.6463693339084278,1.2927386678168555,0.05452622518686418,26,1.140034429762316
5,256,280.5,280.3135198135206,True,0.6480754949656554,1.0362180068263158,0.6295954652585164,1.2591909305170328,0.06019133853523952,26,1.0506865533156922
5,257,280.5,280.5268065268073,True,0.6495282928166334,1.044244947009444,0.6028147693983674,1.2056295387967348,0.06641285361433183,26,0.952563333811715
5,258,280.5,280.4650349650357,True,0.6493131810834452,1.0522230741649623,0.5814005727942585,1.162801145588517,0.07182645267453905,26,0.867182238991844
5,259,280.5,280.193473193474,True,0.6478259349216562,1.0601639710451851,0.5648578585452744,1.1297157170905487,0.0768571627309801,26,0.7878399146779649
5,260,280.0,279.8414918414926,True,0.6458510372289029,1.068090596319878,0.5528589249115088,1.1057178498230176,0.08208926191751759,26,0.7053213624570644
5,261,279.5,279.4020979020987,True,0.6433460835242331,1.076001708979864,0.5516659059618346,1.1033318119236692,0.08749367248407,26,0.6200851848427837
5,262,278.5,279.01631701631777,True,0.6411662308402052,1.0839223360435366,0.5549474901580667,1.1098949803161333,0.09347522157552415,26,0.5257466118403695
5,263,278.5,278.688811188812,True,0.6393397488307893,1.0918533048503472,0.5588438467848885,1.117687693569777,0.09992319775707934,26,0.4240517394216943
5,264,278.5,278.46620046620126,True,0.6381493340356736,1.0998028887948057,0.5614827723040757,1.1229655446081515,0.1068456283577094,26,0.3148739638008766
5,265,278.5,278.39510489510565,True,0.6378776829945474,1.1077793612714215,0.5614721939697573,1.1229443879395147,0.11424145300682678,26,0.1982300087139517
5,266,278.5,278.4160839160847,True,0.6381643576193078,1.1157721737021955,0.5579398512850432,1.1158797025700864,0.12190042820361928,26,0.07743574962167421
5,267,278.5,278.58391608391685,True,0.6393415263440887,1.1237910473256767,0.5459429684746958,1.0918859369493916,0.12989218257104831,26,0.0
5,268,278.5,278.6468531468539,True,0.6398826278545692,1.1317913058115097,0.5312084529344533,1.0624169058689066,0.13769376272035314,26,0.0
5,269,278.5,278.52331002331084,True,0.6392929432062933,1.1397584707193025,0.521586062572498,1.043172125144996,0.14517701444654077,26,0.0
5,270,278.5,278.2599067599075,True,0.6378551689389492,1.1477008154435642,0.521658068392353,1.043316136784706,0.15247473462213398,26,0.0
5,271,278.5,277.9032634032642,True,0.6358520015922275,1.1556266133788058,0.5340698453001793,1.0681396906003586,0.15970287664887373,26,0.0
5,272,277.5,277.5000000000008,True,0.6335661377058166,1.1635441379195373,0.5576340687463918,1.1152681374927835,0.16695319897603178,26,0.0
5,273,276.5,277.09673659673734,True,0.6312802738194052,1.1714616624602687,0.582319396951897,1.164638793903794,0.17429158678449194,26,0.0
5,274,276.5,276.74009324009404,True,0.6292771064726838,1.1793874603955103,0.6002611426651338,1.2005222853302675,0.1817608591269409,26,0.0
5,275,276.5,276.47668997669075,True,0.6278393322053398,1.1873298051197725,0.6144549714794227,1.2289099429588455,0.18938712813665876,26,0.0
5,276,276.5,276.3531468531476,True,0.6272496475570637,1.1952969700275646,0.6293717400246728,1.2587434800493456,0.1971888683316877,26,0.0
5,277,276.5,276.5000000000008,True,0.6282996028389848,1.203312120623516,0.6334070612538134,1.2668141225076268,0.20527222392051825,26,0.0
5,278,276.5,276.56293706293786,True,0.6288407043494653,1.2113123791093492,0.6375330460299525,1.275066092059905,0.21327144157675348,26,0.0
5,279,276.5,276.5442890442898,True,0.6288870869154896,1.2192981591547891,0.6425295896514867,1.2850591793029733,0.22119255502647972,26,0.0
5,280,276.5,276.36247086247164,True,0.6279440315926019,1.227254982319444,0.6603442362925106,1.3206884725850212,0.22896658247582588,26,0.0
5,281,276.5,276.06410256410334,True,0.6262942349204914,1.235191121997823,0.6932619826773968,1.3865239653547936,0.23665639787812393,26,0.0
5,282,275.5,275.6958041958049,True,0.6242203934388472,1.2431148515844377,0.7382616459140862,1.4765232918281723,0.24431835485541342,26,0.0
5,283,275.5,275.3041958041966,True,0.6220052036873585,1.2510344444737964,0.7819208584590858,1.5638417169181715,0.2519970660575033,26,0.0
5,284,274.5,274.93589743589826,True,0.6199313622057145,1.2589581740604106,0.804869578041541,1.609739156083082,0.2597240749566302,26,0.0
5,285,274.5,274.6375291375299,True,0.6182815655336037,1.2668943137387898,0.8088127529348289,1.6176255058696578,0.26751970085296334,26,0.0
5,286,274.5,274.45571095571177,True,0.6173385102107164,1.2748511369034443,0.8061655867502312,1.6123311735004624,0.2753974789162802,26,0.0
5,287,274.5,274.4790209790217,True,0.6176393196624608,1.282844363003944,0.8069582865905616,1.6139165731811231,0.28339385893357216,26,0.0
5,288,274.5,274.4475524475532,True,0.6176079606800707,1.290827867865894,0.8207819872240397,1.6415639744480794,0.2913604108432249,26,0.0
5,289,274.5,274.5221445221453,True,0.6182197363254736,1.2988301947003549,0.8287627048608487,1.6575254097216974,0.2993851099444022,26,0.0
5,290,274.5,274.4312354312362,True,0.6178279392549796,1.306803150984304,0.8436931204278239,1.6873862408556477,0.3073206938557457,26,0.0
5,291,274.5,274.240093240094,True,0.616828344624154,1.314758319470057,0.8648157734719549,1.7296315469439099,0.31520785659371453,26,0.0
5,292,274.0,274.0664335664343,True,0.615934761195712,1.3227165904787508,0.8812874140467986,1.7625748280935971,0.3231097559415285,26,0.0
5,293,274.0,274.0058275058283,True,0.6157267168760164,1.330694924469132,0.8815657837187163,1.7631315674374326,0.33106866764063203,26,0.0
5,294,273.5,273.9230769230777,True,0.6153843916999684,1.3386693285971207,0.8729980815327381,1.7459961630654761,0.33901857418200937,26,0.0
5,295,273.5,273.758741258742,True,0.614547347579464,1.346629254284717,0.8646793014889476,1.7293586029778951,0.34693438176055236,26,0.0
5,296,274.0,273.5594405594413,True,0.6134982810541931,1.3545829749264302,0.0,0.0,0.3548398085039155,26,0.0
5,297,274.0,273.3717948717956,True,0.612519888663844,1.3625387639167712,0.0,0.0,0.3627548799871001,26,0.0
5,298,273.0,273.1363636363644,True,0.6112517323203139,1.3704860726777393,0.0,0.0,0.37065689192079393,26,0.0
5,299,272.5,272.93006993007066,True,0.6101602613140895,1.3784385523102762,0.0,0.0,0.37857491832485185,26,0.0
5,300,272.5,272.7825174825175,True,0.6094249879478693,1.3864014564198957,0.0,0.0,0.3865163850617901,26,0.0
5,301,272.5,272.64895104895106,True,0.6087745235435598,1.3943668425478684,0.0,0.0,0.3944644455012285,26,0.0
5,302,272.5,272.5293706293706,True,0.6082088681011568,1.402334710694194,0.0,0.0,0.40241844508531527,26,0.0
5,303,272.5,272.42377622377614,True,0.6077280216206608,1.410305060858873,0.0,0.0,0.410377832350351,26,0.0
5,304,272.5,272.3321678321677,True,0.6073319841020715,1.4182778930419049,0.0,0.0,0.41834214920140217,26,0.0
