feature_index,feature_time_s,target_index,target_time_s,actual_next_signed_log_increment,predicted_two_axis_directional,predicted_direction_blind,predicted_connection_only,predicted_movement_only,predicted_wrong_pair,predicted_persistence
17819,7766.08837,17820,7766.09037,-0.7303886141901762,-0.16977732784229826,-0.43566271025191466,-0.22221864692489354,-0.012083209021288219,0.24819562790769067,0.6507125731630647
17820,7766.09037,17821,7766.09237,-0.66134564689498,-0.11114900749167592,-0.09081668448449774,-0.22221864692489354,0.020926012548192825,0.34638009514734397,-0.7303886141901762
17821,7766.09237,17822,7766.094370000001,0.24172864526792617,0.23098172421311908,-0.540651181947749,-0.22221864692489354,0.5727104905876198,0.15775784096124995,-0.66134564689498
17822,7766.094370000001,17823,7766.09637,-0.4971345105442117,0.057427309036130976,0.11043225500122787,-0.22221864692489354,0.16750194404280952,0.3033279162038353,0.24172864526792617
17823,7766.09637,17824,7766.098370000001,0.688276374728209,-0.22303435517964126,-0.22303435517964126,-0.22221864692489354,-0.25965885129342464,0.3986600833996137,-0.4971345105442117
17824,7766.098370000001,17825,7766.10037,0.5313666178071487,-0.49283027954691044,0.03771471514515023,-0.22221864692489354,-0.24489613974779645,0.3015257504279363,0.688276374728209
17825,7766.10037,17826,7766.1023700000005,0.4878372905502192,-0.37882276466544773,-0.22776977648886657,-0.22221864692489354,0.2713251851176625,-0.4046033477577051,0.5313666178071487
17826,7766.1023700000005,17827,7766.10437,0.8153406558745061,-0.4935637514578185,0.04278403570094096,-0.22221864692489354,-0.1109861543034674,-0.01756994527594832,0.4878372905502192
17827,7766.10437,17828,7766.10637,-0.7309670389628782,-0.29246588020138925,-0.20543721480030894,-0.22221864692489354,-0.10307218513981259,-0.2963973956432763,0.8153406558745061
17828,7766.10637,17829,7766.10837,0.6457827511398915,-0.11114900749167592,-0.09081668448449774,-0.22221864692489354,0.020926012548192825,0.34638009514734397,-0.7309670389628782
17829,7766.10837,17830,7766.11037,0.11323118932863196,-0.49283027954691044,-0.4089410134347594,-0.22221864692489354,0.4108977012185872,0.2567067988803972,0.6457827511398915
17830,7766.11037,17831,7766.11237,-0.937972090670484,-0.1375361019146593,-0.11764148282154932,-0.22221864692489354,0.1459381855197763,0.06598197385371023,0.11323118932863196
17831,7766.11237,17832,7766.11437,-1.2594014852481483,0.3341036466462218,-0.022955602520112153,-0.22221864692489354,0.5868156142704946,-0.1109861543034674,-0.937972090670484
17832,7766.11437,17833,7766.116370000001,1.1407916872491668,0.07790421498581429,-0.19677528628455082,-0.22221864692489354,0.39437563914753493,0.29479954022064125,-1.2594014852481483
17833,7766.116370000001,17834,7766.11837,-0.7983184153389421,-0.3560632919496327,0.3627709750088727,-0.22221864692489354,-0.5359557890327468,-0.34013120451600104,1.1407916872491668
17834,7766.11837,17835,7766.120370000001,1.1281858143952317,0.20127932814136076,-0.20543721480030894,-0.22221864692489354,0.4441490588592643,0.371268573956694,-0.7983184153389421
17835,7766.120370000001,17836,7766.12237,-0.05732420739500605,-0.48783729055021424,0.2626022147370077,-0.22221864692489354,-0.3726736676516733,-0.4301858315945434,1.1281858143952317
17836,7766.12237,17837,7766.12437,-0.18535002670401,-0.26469932568774684,-0.142219654779851,-0.22221864692489354,-0.20898740935191218,0.2538024840754271,-0.05732420739500605
17837,7766.12437,17838,7766.12637,-0.243213765778513,-0.05790830952639997,-0.25979920808060847,-0.22221864692489354,-0.3740016724572771,0.16897845850712317,-0.18535002670401
17838,7766.12637,17839,7766.12837,0.9559313190713955,0.03328868571940855,0.1188056649534898,-0.22221864692489354,0.44384554392049824,-0.018749422511174247,-0.243213765778513
17839,7766.12837,17840,7766.13037,0.24623431348296235,-0.6326840561661579,-0.6326840561661579,-0.22221864692489354,-0.3909840558625532,0.03641703850535831,0.9559313190713955
17840,7766.13037,17841,7766.13237,-1.2528305601275458,0.057427309036130976,0.11043225500122787,-0.22221864692489354,-0.41048735567775374,0.3033279162038353,0.24623431348296235
17841,7766.13237,17842,7766.134370000001,-0.5591529224779895,0.2695477524837449,-0.3658808469260143,-0.22221864692489354,-0.0808626975605629,0.07975429203940905,-1.2528305601275458
17842,7766.134370000001,17843,7766.13637,0.3213051504164033,0.33431209940636736,-0.04128339852111738,-0.22221864692489354,-0.012083209021288715,0.3611489968540988,-0.5591529224779895
17843,7766.13637,17844,7766.138370000001,0.4847263808426066,0.011543669774703644,0.4778661778225965,-0.22221864692489354,0.506938186654273,-0.29284614965403966,0.3213051504164033
17844,7766.138370000001,17845,7766.14037,-0.07063907413794236,-0.3111977571319168,0.04278403570094096,-0.22221864692489354,0.255918110878271,-0.09826717342661563,0.4847263808426066
17845,7766.14037,17846,7766.1423700000005,0.8444653070622055,-0.26469932568774684,-0.142219654779851,-0.22221864692489354,-0.20898740935191218,0.2538024840754271,-0.07063907413794236
17846,7766.1423700000005,17847,7766.14437,0.7140553714494764,-0.4450124051964178,-0.2130251990668944,-0.22221864692489354,-0.3836207254178327,-0.28636182004630667,0.8444653070622055
17847,7766.14437,17848,7766.14637,-0.07813986951736998,-0.5447970547107047,-0.40321812085722475,-0.22221864692489354,-0.14697564415378742,0.14152483745726482,0.7140553714494764
17848,7766.14637,17849,7766.14837,-0.2378627164256768,-0.26469932568774684,-0.142219654779851,-0.22221864692489354,-0.20898740935191218,0.2538024840754271,-0.07813986951736998
17849,7766.14837,17850,7766.15037,-1.0523031207138762,0.03328868571940855,0.057427309036130976,-0.22221864692489354,-0.13212913603679083,0.01290993755996567,-0.2378627164256768
17850,7766.15037,17851,7766.152370000001,-0.17980094261641383,0.25400013206500477,0.30970350704733635,-0.22221864692489354,0.26734936838399725,0.4905597772804365,-1.0523031207138762
17851,7766.152370000001,17852,7766.15437,-0.9766348454763901,0.18595462164382995,-0.3284851404962956,-0.22221864692489354,0.3485400342745617,0.2439554997582549,-0.17980094261641383
17852,7766.15437,17853,7766.156370000001,1.1767633784447729,-0.4457817884455007,-0.6058412776143282,-0.22221864692489354,0.11329618770369733,0.2960726148674459,-0.9766348454763901
17853,7766.156370000001,17854,7766.15837,-1.20897935887041,-0.23320378702771544,0.14744686068649904,-0.22221864692489354,-0.2540283643033973,-0.4676350392707466,1.1767633784447729
17854,7766.15837,17855,7766.1603700000005,1.3290449513291982,0.4883957812993733,0.09806921242428263,-0.22221864692489354,0.42327344377334014,0.5204389578696991,-1.20897935887041
17855,7766.1603700000005,17856,7766.16237,0.7328402396191642,0.008877674032011234,0.20469600184554876,-0.22221864692489354,-0.3480775827594992,-0.4224388286612822,1.3290449513291982
17856,7766.16237,17857,7766.16437,0.6633912706318981,-0.5447970547107047,-0.09081668448449774,-0.22221864692489354,0.23579476037952593,0.09164726311328769,0.7328402396191642
17857,7766.16437,17858,7766.16637,-1.1002730259563538,-0.3877785297543843,-0.540651181947749,-0.22221864692489354,-0.10805025266763595,0.24819562790769067,0.6633912706318981
17858,7766.16637,17859,7766.16837,-0.6548999697415898,0.2845561728058882,-0.1534589028431259,-0.22221864692489354,0.4456885613909367,0.458518454151563,-1.1002730259563538
17859,7766.16837,17860,7766.17037,-0.04424760358250369,0.28830062542145124,-0.43566271025191466,-0.22221864692489354,0.047723691621056635,0.0409690264766767,-0.6548999697415898
17860,7766.17037,17861,7766.17237,-0.2203224693413299,-0.26469932568774684,-0.142219654779851,-0.22221864692489354,-0.20898740935191218,0.2538024840754271,-0.04424760358250369
17861,7766.17237,17862,7766.174370000001,-0.6170381876106296,0.011795490982976716,0.011795490982976716,-0.22221864692489354,-0.13263927506073436,0.21284870252282181,-0.2203224693413299
17862,7766.174370000001,17863,7766.17637,1.2066080914160442,0.44799338041210496,-0.2585071819480077,-0.22221864692489354,0.6879837364087865,0.533930612203554,-0.6170381876106296
17863,7766.17637,17864,7766.1783700000005,1.1352983534753343,-0.3039189645258097,0.14744686068649904,-0.22221864692489354,-0.19237098272893288,-0.4676350392707466,1.2066080914160442
17864,7766.1783700000005,17865,7766.18037,-1.5026650157490562,-0.48783729055021424,0.4308484280502308,-0.22221864692489354,-0.2746770352342906,-0.4301858315945434,1.1352983534753343
17865,7766.18037,17866,7766.18237,0.846200156870194,0.7421712963024673,0.5665331827738171,-0.22221864692489354,0.6314847137262339,0.36277097500886984,-1.5026650157490562
17866,7766.18237,17867,7766.18437,0.405622814810424,-0.4450124051964178,-0.22221864692489354,-0.22221864692489354,-0.19734313698496606,-0.28636182004630667,0.846200156870194
17867,7766.18437,17868,7766.18637,-0.857658664094128,-0.2256517770607452,-0.38854385795705143,-0.22221864692489354,-0.21684166143931008,-0.3234408610880635,0.405622814810424
17868,7766.18637,17869,7766.18837,0.35499199992012576,0.0579770049994011,-0.5617920221446955,-0.22221864692489354,0.4532581983898541,0.3577698856724587,-0.857658664094128
17869,7766.18837,17870,7766.19037,-0.681763247521803,0.07077472253750312,-0.2277407930818674,-0.22221864692489354,0.26072506912731835,-0.44155453861695204,0.35499199992012576
17870,7766.19037,17871,7766.192370000001,-0.6454964943274104,-0.11433558754392475,0.03771471514515023,-0.22221864692489354,0.09393608702725785,0.03494195658158384,-0.681763247521803
17871,7766.192370000001,17872,7766.19437,1.0748564528159545,0.29766843901634654,-0.4089410134347594,-0.22221864692489354,0.1498622829126535,0.15775784096124995,-0.6454964943274104
17872,7766.19437,17873,7766.196370000001,0.25414128528706237,-0.3560632919496327,0.2845561728058882,-0.22221864692489354,-0.18761537540366907,-0.303838387594942,1.0748564528159545
17873,7766.196370000001,17874,7766.19837,0.34697197102510285,-0.22414032461627648,0.26136985966282844,-0.22221864692489354,-0.24555121446397962,0.21947532111276988,0.25414128528706237
17874,7766.19837,17875,7766.2003700000005,0.00959891459699901,0.24347058211343803,-0.2277407930818674,-0.22221864692489354,-0.28134721789853057,-0.44155453861695204,0.34697197102510285
17875,7766.2003700000005,17876,7766.20237,0.7587883692413314,-0.33386908533994497,-0.142219654779851,-0.22221864692489354,-0.4168168715325789,0.28425491436494743,0.00959891459699901
17876,7766.20237,17877,7766.20437,-0.3831742193205685,-0.46320165830331783,-0.349079290883896,-0.22221864692489354,-0.3567004213211903,-0.4830662570737806,0.7587883692413314
17877,7766.20437,17878,7766.20637,0.14929816104738003,0.025655330634945066,0.06867010178033228,-0.22221864692489354,0.06867010178033228,-0.22064361378610747,-0.3831742193205685
17878,7766.20637,17879,7766.20837,-1.323082227154425,-0.1451200351232795,-0.0468558017538685,-0.22221864692489354,0.10359736075747876,0.07911556141073157,0.14929816104738003
17879,7766.20837,17880,7766.210370000001,-0.26771146016429015,0.6507125731630647,-0.45706772680652374,-0.22221864692489354,0.7130568513158718,0.2897999373819561,-1.323082227154425
17880,7766.210370000001,17881,7766.21237,0.3514639379709251,0.1188056649534898,-0.01570854725854441,-0.22221864692489354,-0.23450011284625286,-0.171311823601295,-0.26771146016429015
17881,7766.21237,17882,7766.214370000001,-0.11394593919661987,0.07077472253750312,-0.22326729252055358,-0.22221864692489354,0.05715234770083208,-0.44155453861695204,0.3514639379709251
17882,7766.214370000001,17883,7766.21637,0.8844065346386013,-0.264447904458089,-0.03932569819300731,-0.22221864692489354,0.06144000412287354,0.17611489210839118,-0.11394593919661987
17883,7766.21637,17884,7766.2183700000005,-0.6563736979732523,-0.45228617859521053,-0.21528747729291253,-0.22221864692489354,-0.038065149687566906,-0.28636182004630667,0.8844065346386013
17884,7766.2183700000005,17885,7766.22037,-0.6103192814910761,0.28830062542145124,-0.43566271025191466,-0.22221864692489354,-0.1464727683220858,0.0409690264766767,-0.6563736979732523
17885,7766.22037,17886,7766.22237,0.8086832289653891,0.44799338041210496,-0.21378965766165123,-0.22221864692489354,0.5732030306677623,0.40683511250520366,-0.6103192814910761
17886,7766.22237,17887,7766.22437,1.1122645012151537,-0.29246588020138925,-0.20543721480030894,-0.22221864692489354,-0.018749422511171517,-0.32164822622632444,0.8086832289653891
17887,7766.22437,17888,7766.22637,-0.31433906522033234,-0.6138912424649068,-0.3560632919496327,-0.22221864692489354,-0.3427697967290091,-0.303838387594942,1.1122645012151537
17888,7766.22637,17889,7766.228370000001,-0.5044138474037219,0.12222568506445756,0.425368832305809,-0.22221864692489354,0.5577161555804676,-0.469457529295874,-0.31433906522033234
17889,7766.228370000001,17890,7766.23037,-0.8627555700259593,0.1887310599314789,-0.3793708463931679,-0.22221864692489354,-0.16814818739129922,0.3997832400759384,-0.5044138474037219
17890,7766.23037,17891,7766.232370000001,-0.6180784334379502,-0.20883973594614808,-0.5001629737596565,-0.22221864692489354,0.1278464742447896,0.4043361726471263,-0.8627555700259593
17891,7766.232370000001,17892,7766.23437,0.12704543605651678,0.4392348140690237,-0.21378965766165123,-0.22221864692489354,0.6494966520481213,0.5911376309349461,-0.6180784334379502
17892,7766.23437,17893,7766.2363700000005,0.5496823034241728,-0.11764148282154932,0.18806782997741056,-0.22221864692489354,0.09247715245368396,0.14970561431342108,0.12704543605651678
17893,7766.2363700000005,17894,7766.23837,-0.5272719854797732,-0.1562957841783241,-0.19492005369880339,-0.22221864692489354,-0.037013477431905036,-0.3267540379289676,0.5496823034241728
17894,7766.23837,17895,7766.24037,0.7871329664946628,0.0023266815309476974,-0.19492005369880339,-0.22221864692489354,0.14187230646494306,0.47266160416269526,-0.5272719854797732
17895,7766.24037,17896,7766.24237,-0.530874433891622,-0.349079290883896,-0.32138433220463275,-0.22221864692489354,0.017140699311423202,-0.2963973956432763,0.7871329664946628
17896,7766.24237,17897,7766.24437,0.9911804080368045,0.2738747223168975,-0.22776977648886657,-0.22221864692489354,0.5621240136819586,0.3997832400759384,-0.530874433891622
17897,7766.24437,17898,7766.24637,-0.907362917199572,-0.6326840561661579,-0.32515141032815087,-0.22221864692489354,-0.19605753997704936,0.08608586542674336,0.9911804080368045
17898,7766.24637,17899,7766.24837,-1.3309028380127321,-0.022955602520112153,-0.19647628792681227,-0.22221864692489354,-0.04121354660714065,0.18377636701599045,-0.907362917199572
17899,7766.24837,17900,7766.250370000001,1.2661655371256728,0.6461452255083375,0.20469600184554876,-0.22221864692489354,0.1942009740896803,0.36277097500886984,-1.3309028380127321
17900,7766.250370000001,17901,7766.25237,0.3884204575348701,-0.4862494739113126,-0.15227188492972385,-0.22221864692489354,-0.20801236163029216,-0.41280239481335645,1.2661655371256728
17901,7766.25237,17902,7766.254370000001,-1.0194679742045747,-0.5446492834181763,0.06867010178033228,-0.22221864692489354,0.25853528723039354,-0.19734313698496606,0.3884204575348701
17902,7766.254370000001,17903,7766.25637,0.05828607624278373,-0.34607115121821197,-0.4045790620607671,-0.22221864692489354,0.033992539346914374,0.4905597772804365,-1.0194679742045747
17903,7766.25637,17904,7766.2583700000005,1.1950082658546952,-0.33386908533994497,-0.142219654779851,-0.22221864692489354,-0.4168168715325789,0.28425491436494743,0.05828607624278373
17904,7766.2583700000005,17905,7766.26037,-0.3581261197729198,-0.3039189645258097,0.14744686068649904,-0.22221864692489354,-0.5698119080403438,-0.5082527079197163,1.1950082658546952
17905,7766.26037,17906,7766.26237,0.6086572312469755,0.18707215955255196,-0.1590935974930537,-0.22221864692489354,-0.04973429998722993,-0.6070320847252332,-0.3581261197729198
17906,7766.26237,17907,7766.26437,0.2993966278189974,-0.1367745355898586,-0.21378965766165123,-0.22221864692489354,0.16848652921203708,-0.15086438113950212,0.6086572312469755
17907,7766.26437,17908,7766.26637,-0.6775207163026871,0.011543669774703644,0.425368832305809,-0.22221864692489354,0.11462772420103397,-0.021068574384631857,0.2993966278189974
17908,7766.26637,17909,7766.268370000001,-0.7751841187734405,0.003959394191598462,0.23098172421311908,-0.22221864692489354,0.12377053426616783,0.03314785552517815,-0.6775207163026871
17909,7766.268370000001,17910,7766.27037,-0.10346609270792789,0.23860842861534076,-0.11323118932863557,-0.22221864692489354,-0.09065048594333683,0.34178760532952207,-0.7751841187734405
17910,7766.27037,17911,7766.272370000001,0.958795749716142,-0.264447904458089,-0.03932569819300731,-0.22221864692489354,-0.01756994527594832,0.17611489210839118,-0.10346609270792789
17911,7766.272370000001,17912,7766.27437,-1.0839096461420183,-0.6482031138510547,-0.6482031138510547,-0.22221864692489354,-0.2768869808850939,0.03641703850535831,0.958795749716142
17912,7766.27437,17913,7766.2763700000005,0.3230457030855768,0.30295161257612363,0.1272056950353772,-0.22221864692489354,0.37767580398518014,0.05225916081838758,-1.0839096461420183
17913,7766.2763700000005,17914,7766.27837,0.6011236774242095,0.011543669774703644,0.4778661778225965,-0.22221864692489354,0.3142859048354433,-0.2264646908205313,0.3230457030855768
17914,7766.27837,17915,7766.28037,-0.9516262564356304,-0.1367745355898586,-0.2585071819480077,-0.22221864692489354,0.08508352655231005,-0.15086438113950212,0.6011236774242095
17915,7766.28037,17916,7766.28237,1.5432903328214718,0.2650902997767296,-0.41729656837337764,-0.22221864692489354,0.5080775382236243,0.17522943642255087,-0.9516262564356304
17916,7766.28237,17917,7766.28437,0.7234036377378777,-0.6143048440543135,0.5665331827738171,-0.22221864692489354,-0.7551517843025956,0.17284396829030366,1.5432903328214718
17917,7766.28437,17918,7766.286370000001,-1.4110180436019846,-0.5447970547107047,-0.11433558754392475,-0.22221864692489354,-0.41648094677656283,0.09935525899813462,0.7234036377378777
17918,7766.286370000001,17919,7766.28837,-0.4882617719631901,0.7421712963024673,0.5665331827738171,-0.22221864692489354,0.6314847137262339,0.36277097500886984,-1.4110180436019846
17919,7766.28837,17920,7766.290370000001,-0.4064715774867168,-0.3793708463931679,0.04278403570094096,-0.22221864692489354,-0.14527742373181549,0.3997832400759384,-0.4882617719631901
17920,7766.290370000001,17921,7766.29237,0.1993728066666135,-0.03904571359033493,-0.38854385795705143,-0.22221864692489354,0.24603512446616171,-0.09118222407484311,-0.4064715774867168
17921,7766.29237,17922,7766.2943700000005,-0.8363135361583918,-0.3284851404962956,0.1817451092119638,-0.22221864692489354,0.3197466330695159,0.18912276188143587,0.1993728066666135
17922,7766.2943700000005,17923,7766.29637,1.1402332360060574,0.2001179742892834,-0.013089570749465922,-0.22221864692489354,0.0010549483508084261,0.2716581023075879,-0.8363135361583918
17923,7766.29637,17924,7766.29837,0.6286741713801526,-0.3560632919496327,0.3627709750088727,-0.22221864692489354,-0.6117614422159554,-0.34013120451600104,1.1402332360060574
17924,7766.29837,17925,7766.30037,0.42148412908043803,-0.42710372668664515,0.28830062542145124,-0.22221864692489354,0.4349090597216587,0.2567067988803972,0.6286741713801526
17925,7766.30037,17926,7766.30237,-0.9599392285260181,-0.18444244836309,-0.586228480579486,-0.22221864692489354,-0.26243425571861306,-0.34776916289481696,0.42148412908043803
17926,7766.30237,17927,7766.30437,0.5349330544071363,-0.2109641318826023,-0.6326840561661579,-0.22221864692489354,0.03110358581565353,0.17522943642255087,-0.9599392285260181
17927,7766.30437,17928,7766.30637,-0.022884458524637264,-0.4341784187284774,-0.19492005369880339,-0.22221864692489354,0.48223516054013216,-0.3267540379289676,0.5349330544071363
17928,7766.30637,17929,7766.308370000001,0.7071344335542924,-0.26469932568774684,-0.142219654779851,-0.22221864692489354,-0.20898740935191218,0.2538024840754271,-0.022884458524637264
17929,7766.308370000001,17930,7766.31037,-0.5565485644382698,-0.3877785297543843,-0.22486726958948416,-0.22221864692489354,-0.4398680000709694,0.2513427364435679,0.7071344335542924
17930,7766.31037,17931,7766.312370000001,-1.1967584905833695,0.33431209940636736,-0.04128339852111738,-0.22221864692489354,0.3045365053903889,0.3611489968540988,-0.5565485644382698
17931,7766.312370000001,17932,7766.31437,0.24901880171480192,0.46081688303872814,0.14744686068649904,-0.22221864692489354,0.11980707023479197,0.5204389578696991,-1.1967584905833695
17932,7766.31437,17933,7766.3163700000005,0.517514757503668,0.057427309036130976,0.11043225500122787,-0.22221864692489354,0.14876508692177126,0.3033279162038353,0.24901880171480192
17933,7766.3163700000005,17934,7766.31837,-0.40688357385727814,-0.37882276466544773,0.1887310599314789,-0.22221864692489354,-0.08267380618548506,-0.4046033477577051,0.517514757503668
17934,7766.31837,17935,7766.32037,0.7545187266988768,-0.03904571359033493,-0.38854385795705143,-0.22221864692489354,0.24603512446616171,-0.09118222407484311,-0.40688357385727814
17935,7766.32037,17936,7766.32237,0.8424296670119216,-0.5875237651159813,-0.11323118932863557,-0.22221864692489354,0.1471955728349423,0.017534181815475017,0.7545187266988768
17936,7766.32237,17937,7766.32437,0.52692821734799,-0.5540210687587266,-0.013089570749465922,-0.22221864692489354,-0.4046033477577051,-0.29064401459706074,0.8424296670119216
17937,7766.32437,17938,7766.326370000001,-0.06489105225778327,-0.37882276466544773,-0.19492005369880339,-0.22221864692489354,0.30595808411836134,-0.3267540379289676,0.52692821734799
17938,7766.326370000001,17939,7766.32837,0.29918076747979794,-0.26469932568774684,-0.142219654779851,-0.22221864692489354,-0.20898740935191218,0.2538024840754271,-0.06489105225778327
17939,7766.32837,17940,7766.330370000001,0.1351542788536504,0.011543669774703644,0.425368832305809,-0.22221864692489354,0.11462772420103397,-0.021068574384631857,0.29918076747979794
17940,7766.330370000001,17941,7766.33237,-1.2631752302665529,-0.0468558017538685,0.18806782997741056,-0.22221864692489354,0.34310558823147735,0.06598197385371023,0.1351542788536504
17941,7766.33237,17942,7766.3343700000005,-1.0169303856543994,0.07790421498581429,-0.15227188492972385,-0.22221864692489354,0.5432972181440711,0.29479954022064125,-1.2631752302665529
17942,7766.3343700000005,17943,7766.33637,0.7842629528289324,-0.3602608635249846,-0.4045790620607671,-0.22221864692489354,-0.08571845781726982,0.4905597772804365,-1.0169303856543994
17943,7766.33637,17944,7766.33837,1.388139791024133,-0.46320165830331783,-0.34364778258269746,-0.22221864692489354,-0.31622443030475306,-0.19497995366587803,0.7842629528289324
17944,7766.33837,17945,7766.34037,-0.37016318507389145,-0.6143048440543135,0.5665331827738171,-0.22221864692489354,-0.7551517843025956,0.17284396829030366,1.388139791024133
17945,7766.34037,17946,7766.34237,0.2801102573647885,0.18707215955255196,-0.1590935974930537,-0.22221864692489354,0.19614728644334012,-0.2040136003593252,-0.37016318507389145
17946,7766.34237,17947,7766.344370000001,-0.6150921836745522,-0.38349671594334916,0.21947532111276988,-0.22221864692489354,-0.2374322447655841,0.34359615768916374,0.2801102573647885
17947,7766.344370000001,17948,7766.34637,-1.0127484042688082,0.44799338041210496,-0.21378965766165123,-0.22221864692489354,0.5456621340460049,0.4353801578601097,-0.6150921836745522
17948,7766.34637,17949,7766.348370000001,0.05243186344217465,-0.3602608635249846,-0.4045790620607671,-0.22221864692489354,0.2537460060453641,0.660405885525192,-1.0127484042688082
17949,7766.348370000001,17950,7766.35037,0.640099558621937,-0.33386908533994497,-0.142219654779851,-0.22221864692489354,-0.4168168715325789,0.28425491436494743,0.05243186344217465
17950,7766.35037,17951,7766.3523700000005,-0.500935200126537,-0.49283027954691044,-0.4089410134347594,-0.22221864692489354,-0.40540444506104056,0.2386084286153376,0.640099558621937
17951,7766.3523700000005,17952,7766.35437,-0.9301056923728501,-0.10621910965384766,-0.3793708463931679,-0.22221864692489354,0.4686605985752822,0.3986600833996137,-0.500935200126537
17952,7766.35437,17953,7766.35637,0.9368174631233709,0.24161431382093385,0.2650902997767296,-0.22221864692489354,0.05742730903612716,0.00775872212043541,-0.9301056923728501
17953,7766.35637,17954,7766.35837,0.8306832824746099,-0.6326840561661579,-0.022955602520112153,-0.22221864692489354,-0.21810083084680904,0.03641703850535831,0.9368174631233709
17954,7766.35837,17955,7766.36037,-0.29807375131501973,-0.7125929135465864,-0.05257000406954908,-0.22221864692489354,-0.010751818601341577,-0.09912455187979377,0.8306832824746099
17955,7766.36037,17956,7766.36237,0.6589380920323403,0.26136985966282844,0.425368832305809,-0.22221864692489354,-0.2549031685864674,-0.469457529295874,-0.29807375131501973
17956,7766.36237,17957,7766.36437,0.13706019093276006,-0.3877785297543843,-0.43566271025191466,-0.22221864692489354,-0.3805407428538747,0.2386084286153376,0.6589380920323403
17957,7766.36437,17958,7766.366370000001,-1.1762134376337245,-0.0468558017538685,0.2666247912545009,-0.22221864692489354,0.024945582210957846,0.04431724389033626,0.13706019093276006
17958,7766.366370000001,17959,7766.36837,0.5615221978401879,0.6013431309857261,0.14744686068649904,-0.22221864692489354,0.010067442167606184,0.5204389578696991,-1.1762134376337245
17959,7766.36837,17960,7766.370370000001,-0.5155822638776862,-0.1367745355898586,-0.006421557793344926,-0.22221864692489354,0.188309055403737,-0.3267540379289676,0.5615221978401879
17960,7766.370370000001,17961,7766.37237,-0.21211296476542219,-0.19492005369880339,0.040025316929352794,-0.22221864692489354,0.0985640414709469,0.3997832400759384,-0.5155822638776862
17961,7766.37237,17962,7766.37437,-0.4307774565689059,-0.05790830952639997,-0.05790830952639997,-0.22221864692489354,0.41712870065275015,0.31985237205293277,-0.21211296476542219
17962,7766.37437,17963,7766.37637,0.024874579654828043,-0.38854385795705143,-0.4612300397916861,-0.22221864692489354,0.040444853347769295,-0.05625820086362428,-0.4307774565689059
17963,7766.37637,17964,7766.37837,0.5335037360765262,-0.33386908533994497,-0.142219654779851,-0.22221864692489354,-0.4168168715325789,0.28425491436494743,0.024874579654828043
17964,7766.37837,17965,7766.38037,0.5587158640821047,-0.4341784187284774,-0.19492005369880339,-0.22221864692489354,0.48223516054013216,-0.3267540379289676,0.5335037360765262
17965,7766.38037,17966,7766.38237,0.9538301836857045,-0.1367745355898586,-0.04128339852111738,-0.22221864692489354,-0.1268530913742558,-0.3267540379289676,0.5587158640821047
17966,7766.38237,17967,7766.384370000001,-0.3609714332795373,-0.6482031138510547,-0.41729656837337764,-0.22221864692489354,-0.2035089171857327,0.03641703850535831,0.9538301836857045
17967,7766.384370000001,17968,7766.38637,-1.1447037237667388,0.12222568506445756,-0.261061533451254,-0.22221864692489354,0.009238359338001665,-0.4840761201548569,-0.3609714332795373
17968,7766.38637,17969,7766.388370000001,1.130856011541236,0.45554565649745477,0.2626022147370077,-0.22221864692489354,-0.11550362245819885,0.46674536964446656,-1.1447037237667388
17969,7766.388370000001,17970,7766.39037,-0.3793957520629373,-0.48783729055021424,0.4308484280502308,-0.22221864692489354,-0.34558179471224015,-0.4301858315945434,1.130856011541236
17970,7766.39037,17971,7766.3923700000005,-1.1061904173580421,0.06867010178033228,-0.03904571359033493,-0.22221864692489354,-0.013771882736146887,-0.2040136003593252,-0.3793957520629373
17971,7766.3923700000005,17972,7766.39437,0.5272719854797707,0.30295161257612363,-0.3953565603110866,-0.22221864692489354,0.060549684576338254,0.4368861822411516,-1.1061904173580421
17972,7766.39437,17973,7766.39637,-0.44391559400633707,-0.37882276466544773,-0.19492005369880339,-0.22221864692489354,0.2732102520690237,-0.3267540379289676,0.5272719854797707
17973,7766.39637,17974,7766.39837,-0.26615074526317134,-0.33912048824683566,-0.2852952407927156,-0.22221864692489354,-0.2149352509251273,0.20996150728149343,-0.44391559400633707
17974,7766.39837,17975,7766.40037,0.9657340905255752,0.1188056649534898,-0.01570854725854441,-0.22221864692489354,-0.23450011284625286,-0.171311823601295,-0.26615074526317134
17975,7766.40037,17976,7766.402370000001,0.7407841170819142,-0.6058412776143282,-0.6326840561661579,-0.22221864692489354,0.04222592211034088,-0.2615379975362791,0.9657340905255752
17976,7766.402370000001,17977,7766.40437,-0.5818037844081476,-0.5447970547107047,-0.09081668448449774,-0.22221864692489354,-0.21452416329894933,0.09091639035226247,0.7407841170819142
17977,7766.40437,17978,7766.406370000001,-0.9527498836220244,0.44799338041210496,0.5367221541580659,-0.22221864692489354,-0.11867637829246261,0.40683511250520366,-0.5818037844081476
17978,7766.406370000001,17979,7766.40837,-0.3266752802008284,0.2650902997767296,-0.41729656837337764,-0.22221864692489354,0.5431915110161403,0.2281754560076201,-0.9527498836220244
17979,7766.40837,17980,7766.4103700000005,0.9808338025919108,0.12222568506445756,0.24458269138584657,-0.22221864692489354,0.3201430966198842,-0.469457529295874,-0.3266752802008284
17980,7766.4103700000005,17981,7766.41237,-0.605722118874881,-0.6452865205733541,-0.32515141032815087,-0.22221864692489354,-0.2150526734997523,0.15245940251003792,0.9808338025919108
17981,7766.41237,17982,7766.41437,-0.37405175133151725,0.4560994046946216,-0.2585071819480077,-0.22221864692489354,0.09128189350464769,0.40683511250520366,-0.605722118874881
17982,7766.41437,17983,7766.41637,-0.64006117827267,0.12222568506445756,-0.1590935974930537,-0.22221864692489354,0.013771882736142901,-0.22064361378610747,-0.37405175133151725
17983,7766.41637,17984,7766.41837,0.9265094975825865,0.4079491298634614,-0.4089410134347594,-0.22221864692489354,0.28830062542145124,0.0409690264766767,-0.64006117827267
17984,7766.41837,17985,7766.42037,0.9518651328744135,-0.6326840561661579,0.2650902997767296,-0.22221864692489354,-0.0802582650371272,0.16377019365590556,0.9265094975825865
17985,7766.42037,17986,7766.42237,0.738647568270664,-0.6482031138510547,-0.41729656837337764,-0.22221864692489354,-0.24728651110880231,0.03641703850535831,0.9518651328744135
17986,7766.42237,17987,7766.424370000001,-0.17897961231944273,-0.5677304416072702,-0.09081668448449774,-0.22221864692489354,-0.4922297657559708,0.09164726311328769,0.738647568270664
17987,7766.424370000001,17988,7766.42637,-1.1830493307358219,0.2694643577625831,-0.3284851404962956,-0.22221864692489354,0.23354963825749472,0.16897845850712317,-0.17897961231944273
17988,7766.42637,17989,7766.4283700000005,-0.4251309409734484,0.6013431309857261,0.05132605090292216,-0.22221864692489354,0.556444248904553,0.5491149871301269,-1.1830493307358219
17989,7766.4283700000005,17990,7766.43037,-0.5181436406063591,-0.2852952407927156,-0.4612300397916861,-0.22221864692489354,-0.46345356189428083,0.20996150728149343,-0.4251309409734484
17990,7766.43037,17991,7766.43237,0.7900608387674612,0.1887310599314789,0.1887310599314789,-0.22221864692489354,0.14076630391899422,0.47266160416269526,-0.5181436406063591
17991,7766.43237,17992,7766.43437,0.7167428513758557,-0.32138433220463275,-0.32138433220463275,-0.22221864692489354,0.12058166361201846,-0.4091344370330442,0.7900608387674612
17992,7766.43437,17993,7766.43637,0.2539718990295241,-0.24241435958050994,-0.40321812085722475,-0.22221864692489354,-0.3800928590971007,0.14152483745726482,0.7167428513758557
17993,7766.43637,17994,7766.43837,0.53089583823029,-0.22414032461627648,0.26136985966282844,-0.22221864692489354,-0.5348051390016796,0.21947532111276988,0.2539718990295241
17994,7766.43837,17995,7766.44037,-0.6640097635904898,-0.37882276466544773,-0.22776977648886657,-0.22221864692489354,0.10241532752292622,-0.4046033477577051,0.53089583823029
17995,7766.44037,17996,7766.442370000001,0.5721971699049238,0.003959394191598462,-0.540651181947749,-0.22221864692489354,0.4079491298634614,0.15775784096124995,-0.6640097635904898
17996,7766.442370000001,17997,7766.44437,0.7891354330101685,-0.1367745355898586,0.20026694120400818,-0.22221864692489354,0.12241892178003846,-0.20585205420414715,0.5721971699049238
17997,7766.44437,17998,7766.446370000001,-0.780100927742202,-0.32138433220463275,-0.20543721480030894,-0.22221864692489354,0.12058166361201846,-0.4091344370330442,0.7891354330101685
17998,7766.446370000001,17999,7766.44837,-0.8186849255037235,0.23860842861534076,-0.32138433220463275,-0.22221864692489354,0.12861486770002165,0.34178760532952207,-0.780100927742202
17999,7766.44837,18000,7766.4503700000005,-0.16414090728388062,0.09869595454043296,0.0579770049994011,-0.22221864692489354,0.27475999639468773,0.3577698856724587,-0.8186849255037235
18000,7766.4503700000005,18001,7766.45237,-0.49702380902858684,0.2666247912545009,-0.2137014807198618,-0.22221864692489354,0.19432085660495999,0.1023824733134749,-0.16414090728388062
18001,7766.45237,18002,7766.45437,-0.11696175015689121,-0.22303435517964126,-0.22303435517964126,-0.22221864692489354,-0.2706312514576274,0.3986600833996137,-0.49702380902858684
18002,7766.45437,18003,7766.45637,0.5802362423793651,-0.264447904458089,-0.11764148282154932,-0.22221864692489354,-0.013735983183093927,0.16897845850712317,-0.11696175015689121
18003,7766.45637,18004,7766.45837,0.9121986582838084,-0.04128339852111738,0.5122513585153673,-0.22221864692489354,-0.20119004109833694,-0.24794002233409962,0.5802362423793651
18004,7766.45837,18005,7766.460370000001,-0.7454063413783271,-0.5942765296670074,-0.13101229880341542,-0.22221864692489354,-0.07820718918483069,-0.2615379975362791,0.9121986582838084
18005,7766.460370000001,18006,7766.46237,-0.14187230646493865,0.3619603147830943,0.0810640939092567,-0.22221864692489354,0.18429110519216282,0.49320819589851683,-0.7454063413783271
18006,7766.46237,18007,7766.464370000001,0.8609261371778169,-0.03932569819300731,-0.11764148282154932,-0.22221864692489354,0.0016728493245794336,0.04382965985950285,-0.14187230646493865
18007,7766.464370000001,18008,7766.46637,-1.3500210743750152,-0.3836207254178327,-0.5617920221446955,-0.22221864692489354,-0.24526645209624814,-0.28636182004630667,0.8609261371778169
18008,7766.46637,18009,7766.4683700000005,1.3604024400195491,0.7421712963024673,0.5665331827738171,-0.22221864692489354,0.6314847137262339,0.36277097500886984,-1.3500210743750152
18009,7766.4683700000005,18010,7766.47037,-1.1735830108649505,-0.6143048440543135,0.5665331827738171,-0.22221864692489354,-0.7551517843025956,0.17284396829030366,1.3604024400195491
18010,7766.47037,18011,7766.47237,-0.24737177592716975,0.6287906264868397,0.15803756558971685,-0.22221864692489354,0.40773126757577366,0.5204389578696991,-1.1735830108649505
18011,7766.47237,18012,7766.47437,0.6859328668173763,0.011795490982976716,0.11043225500122787,-0.22221864692489354,0.0047566401116991884,0.01290993755996567,-0.24737177592716975
18012,7766.47437,18013,7766.47637,0.49965518582747726,-0.5677304416072702,0.03771471514515023,-0.22221864692489354,-0.22105219397565215,0.3015257504279363,0.6859328668173763
18013,7766.47637,18014,7766.478370000001,-0.5574243855765252,-0.22776977648886657,-0.3793708463931679,-0.22221864692489354,0.3642639091542572,-0.09826717342661563,0.49965518582747726
18014,7766.478370000001,18015,7766.48037,0.0502536276427148,0.33431209940636736,-0.04128339852111738,-0.22221864692489354,0.3723225792741087,0.3611489968540988,-0.5574243855765252
18015,7766.48037,18016,7766.482370000001,0.24241435958050359,-0.33386908533994497,-0.142219654779851,-0.22221864692489354,-0.4168168715325789,0.28425491436494743,0.0502536276427148
18016,7766.482370000001,18017,7766.48437,0.18180580355527473,0.057427309036130976,0.1188056649534898,-0.22221864692489354,-0.2958831106910164,0.3033279162038353,0.24241435958050359
18017,7766.48437,18018,7766.4863700000005,0.5106800262700111,-0.3680243083006973,-0.25979920808060847,-0.22221864692489354,0.0409690264766767,0.2949621506605914,0.18180580355527473
18018,7766.4863700000005,18019,7766.48837,-1.0237396930541707,-0.37882276466544773,-0.22776977648886657,-0.22221864692489354,-0.1777006450632734,-0.3267540379289676,0.5106800262700111
18019,7766.48837,18020,7766.49037,0.16148108448049908,-0.2109641318826023,-0.4976878343744867,-0.22221864692489354,0.23357845379483128,0.4905597772804365,-1.0237396930541707
18020,7766.49037,18021,7766.49237,-0.575314098155339,-0.2137014807198618,0.2666247912545009,-0.22221864692489354,0.24887692353116836,0.18912276188143587,0.16148108448049908
18021,7766.49237,18022,7766.49437,0.8591241822627369,0.23507571868727375,0.3041338046050559,-0.22221864692489354,0.07894740657336129,0.40683511250520366,-0.575314098155339
18022,7766.49437,18023,7766.49637,0.5312810380039347,-0.4450124051964178,-0.5617920221446955,-0.22221864692489354,-0.35172001336092057,-0.29064401459706074,0.8591241822627369
18023,7766.49637,18024,7766.49837,0.18183614934554806,-0.37882276466544773,-0.22776977648886657,-0.22221864692489354,0.2713251851176625,-0.4046033477577051,0.5312810380039347
18024,7766.49837,18025,7766.500370000001,-0.43831950367971284,-0.3680243083006973,-0.25979920808060847,-0.22221864692489354,-0.09055075355848605,0.2949621506605914,0.18183614934554806
18025,7766.500370000001,18026,7766.50237,0.8778922465679536,-0.3360041692109607,-0.2852952407927156,-0.22221864692489354,-0.2596588512934251,0.16676286846948227,-0.43831950367971284
18026,7766.50237,18027,7766.504370000001,-0.2859790763158986,-0.45228617859521053,-0.21528747729291253,-0.22221864692489354,0.06267144711901683,-0.29064401459706074,0.8778922465679536
18027,7766.504370000001,18028,7766.50637,-0.5719506823512946,0.21947532111276988,0.24637656706444025,-0.22221864692489354,0.5580078404795098,-0.39253381448423247,-0.2859790763158986
18028,7766.50637,18029,7766.5083700000005,-0.772447679638809,0.4560994046946216,0.20026694120400818,-0.22221864692489354,0.17815760688445043,0.36385926586707645,-0.5719506823512946
18029,7766.5083700000005,18030,7766.51037,0.3253091597697866,0.23860842861534076,-0.32138433220463275,-0.22221864692489354,0.6295472542911712,0.34638009514734397,-0.772447679638809
18030,7766.51037,18031,7766.51237,0.22649371123639675,-0.3466117404736551,0.3022792894054063,-0.22221864692489354,-0.5922856788762237,-0.2264646908205313,0.3253091597697866
18031,7766.51237,18032,7766.51437,-1.2358945995783035,-0.3680243083006973,0.057427309036130976,-0.22221864692489354,0.1552991167024203,0.3033279162038353,0.22649371123639675
18032,7766.51437,18033,7766.51637,0.8232651106322034,0.2695477524837449,-0.19677528628455082,-0.22221864692489354,-0.11696175015688424,0.4191651904493775,-1.2358945995783035
18033,7766.51637,18034,7766.518370000001,-0.09426736643133964,-0.29246588020138925,-0.013089570749465922,-0.22221864692489354,0.008877674032018243,-0.28636182004630667,0.8232651106322034
18034,7766.518370000001,18035,7766.52037,-0.14816896171782193,-0.26469932568774684,-0.142219654779851,-0.22221864692489354,-0.41628893909566694,0.2538024840754271,-0.09426736643133964
18035,7766.52037,18036,7766.522370000001,0.6861711300627292,-0.03932569819300731,-0.0468558017538685,-0.22221864692489354,-0.04591763389201265,0.04382965985950285,-0.14816896171782193
18036,7766.522370000001,18037,7766.52437,-0.3304748262065,-0.5677304416072702,0.03771471514515023,-0.22221864692489354,-0.5424724060592827,0.3015257504279363,0.6861711300627292
18037,7766.52437,18038,7766.5263700000005,-0.10307218513981259,0.12222568506445756,0.1289028630940942,-0.22221864692489354,0.23562223751982134,-0.3163835941642779,-0.3304748262065
18038,7766.5263700000005,18039,7766.52837,1.2298161338901947,-0.264447904458089,-0.03932569819300731,-0.22221864692489354,-0.01756994527594832,0.17611489210839118,-0.10307218513981259
18039,7766.52837,18040,7766.53037,-0.37902210186990537,-0.23320378702771544,-0.04713360847163667,-0.22221864692489354,-0.0004730455121592694,-0.4676350392707466,1.2298161338901947
18040,7766.53037,18041,7766.53237,-1.2023299633356614,0.06867010178033228,-0.1590935974930537,-0.22221864692489354,-0.04103889547234031,-0.2040136003593252,-0.37902210186990537
18041,7766.53237,18042,7766.53437,-0.21713463305245517,0.46081688303872814,0.15803756558971685,-0.22221864692489354,0.2695477524837449,0.5204389578696991,-1.2023299633356614
18042,7766.53437,18043,7766.536370000001,0.7452336089231995,0.011795490982976716,-0.05790830952639997,-0.22221864692489354,-0.2839535651400084,0.21284870252282181,-0.21713463305245517
18043,7766.536370000001,18044,7766.53837,0.8643056605024709,-0.5683491514108684,0.0810640939092567,-0.22221864692489354,-0.24181438527569216,0.017534181815475017,0.7452336089231995
18044,7766.53837,18045,7766.540370000001,-0.12145236458126599,-0.3836207254178327,-0.5540210687587266,-0.22221864692489354,-0.5358493029663475,-0.28636182004630667,0.8643056605024709
18045,7766.540370000001,18046,7766.54237,-0.4656493039534723,-0.27074231320807796,-0.03932569819300731,-0.22221864692489354,0.3352495994750328,0.2439554997582549,-0.12145236458126599
18046,7766.54237,18047,7766.5443700000005,0.8480722907128893,-0.3360041692109607,-0.2852952407927156,-0.22221864692489354,0.001890840896441542,0.4755840261875662,-0.4656493039534723
18047,7766.5443700000005,18048,7766.54637,-0.49914713991570453,-0.3836207254178327,-0.2682404354957498,-0.22221864692489354,-0.28941850756041676,-0.28636182004630667,0.8480722907128893
18048,7766.54637,18049,7766.54837,0.7694171191915502,-0.10621910965384766,-0.22303435517964126,-0.22221864692489354,0.08163449672976339,0.3986600833996137,-0.49914713991570453
18049,7766.54837,18050,7766.55037,-0.5424300896595567,-0.349079290883896,-0.32138433220463275,-0.22221864692489354,-0.23158823118488148,-0.49280804472495426,0.7694171191915502
18050,7766.55037,18051,7766.55237,-0.9718123807999471,0.3045365053903889,0.0023266815309476974,-0.22221864692489354,-0.10598998083334761,0.47266160416269526,-0.5424300896595567
18051,7766.55237,18052,7766.55437,-0.5213901858902296,-0.3445507870687826,-0.6058412776143282,-0.22221864692489354,0.4227966061513538,-0.06390137552825216,-0.9718123807999471
18052,7766.55437,18053,7766.55637,0.776038769549821,0.1887310599314789,0.040025316929352794,-0.22221864692489354,-0.14508855442881186,0.47266160416269526,-0.5213901858902296
18053,7766.55637,18054,7766.558370000001,-0.3992218194228922,-0.349079290883896,-0.32138433220463275,-0.22221864692489354,0.21072831063401806,-0.2963973956432763,0.776038769549821
18054,7766.558370000001,18055,7766.56037,-0.3130092070531765,-0.03904571359033493,0.025655330634945066,-0.22221864692489354,0.397193198067029,-0.09118222407484311,-0.3992218194228922
18055,7766.56037,18056,7766.562370000001,0.9764429410990113,0.18707215955255196,0.3575917210223996,-0.22221864692489354,0.48765850761456897,-0.39817136066672254,-0.3130092070531765
18056,7766.562370000001,18057,7766.56437,0.3544559232227988,-0.6482031138510547,-0.6058412776143282,-0.22221864692489354,-0.47567450754846513,0.08608586542674336,0.9764429410990113
18057,7766.56437,18058,7766.5663700000005,-0.7666479230211108,0.07077472253750312,-0.2277407930818674,-0.22221864692489354,0.26506237812488365,-0.44155453861695204,0.3544559232227988
18058,7766.5663700000005,18059,7766.56837,0.6719412032415053,0.23860842861534076,-0.32138433220463275,-0.22221864692489354,-0.27680419600156553,0.34638009514734397,-0.7666479230211108
18059,7766.56837,18060,7766.57037,-1.0660966169186332,-0.4089410134347594,0.003959394191598462,-0.22221864692489354,-0.5515920025449972,0.25667864216008623,0.6719412032415053
18060,7766.57037,18061,7766.57237,0.28134721789852796,0.25400013206500477,0.17940557149464975,-0.22221864692489354,0.36726831703419355,0.33253886435322505,-1.0660966169186332
18061,7766.57237,18062,7766.57437,-0.8401385355094015,-0.38349671594334916,0.21947532111276988,-0.22221864692489354,-0.2374322447655841,0.34359615768916374,0.28134721789852796
18062,7766.57437,18063,7766.576370000001,-0.032830915054512244,0.0807619841739891,-0.2130251990668944,-0.22221864692489354,0.03796003221869817,0.4043361726471263,-0.8401385355094015
18063,7766.576370000001,18064,7766.57837,0.787431108081,-0.26469932568774684,-0.142219654779851,-0.22221864692489354,-0.20898740935191218,0.2538024840754271,-0.032830915054512244
18064,7766.57837,18065,7766.580370000001,0.6167828676245609,-0.349079290883896,-0.32138433220463275,-0.22221864692489354,-0.08471575042352236,-0.2963973956432763,0.787431108081
18065,7766.580370000001,18066,7766.58237,0.7268230470800168,-0.42710372668664515,-0.2585071819480077,-0.22221864692489354,0.20431035387802993,-0.15086438113950212,0.6167828676245609
18066,7766.58237,18067,7766.5843700000005,0.734081270708082,-0.5677304416072702,-0.09081668448449774,-0.22221864692489354,-0.4339190306470874,0.09935525899813462,0.7268230470800168
18067,7766.5843700000005,18068,7766.58637,-0.41823131587987994,-0.47917436999762225,-0.09081668448449774,-0.22221864692489354,0.12348105677102117,0.09091639035226247,0.734081270708082
18068,7766.58637,18069,7766.58837,-1.3290064093714526,-0.2852952407927156,-0.586228480579486,-0.22221864692489354,-0.10543330645710049,0.042191029666294615,-0.41823131587987994
18069,7766.58837,18070,7766.59037,0.21343690323385475,0.6461452255083375,0.20469600184554876,-0.22221864692489354,0.1942009740896803,0.36277097500886984,-1.3290064093714526
18070,7766.59037,18071,7766.59237,-0.3197995039588137,0.057427309036130976,0.057427309036130976,-0.22221864692489354,0.09197930149997206,0.18912276188143587,0.21343690323385475
18071,7766.59237,18072,7766.594370000001,-0.22041006441854832,0.18707215955255196,0.44738858858162417,-0.22221864692489354,-0.28250033556192683,-0.4840761201548569,-0.3197995039588137
18072,7766.594370000001,18073,7766.59637,0.9852190577536667,0.011795490982976716,0.011795490982976716,-0.22221864692489354,0.03662758698491919,0.21284870252282181,-0.22041006441854832
18073,7766.59637,18074,7766.598370000001,-0.05436409784362209,-0.6452865205733541,-0.3699117898289583,-0.22221864692489354,0.18610571328120049,0.08608586542674336,0.9852190577536667
18074,7766.598370000001,18075,7766.60037,1.1108872637354044,-0.26469932568774684,-0.142219654779851,-0.22221864692489354,-0.20898740935191218,0.2538024840754271,-0.05436409784362209
18075,7766.60037,18076,7766.6023700000005,-0.9236087487145188,-0.6138912424649068,-0.3560632919496327,-0.22221864692489354,-0.3560632919496327,-0.303838387594942,1.1108872637354044
18076,7766.6023700000005,18077,7766.60437,-0.21420104728280273,0.24161431382093385,0.24161431382093385,-0.22221864692489354,-0.07621935139812973,0.00775872212043541,-0.9236087487145188
18077,7766.60437,18078,7766.60637,-0.26849090512761753,-0.05790830952639997,0.057427309036130976,-0.22221864692489354,0.41712870065275015,0.21284870252282181,-0.21420104728280273
18078,7766.60637,18079,7766.60837,0.2913514013766597,0.03328868571940855,-0.01570854725854441,-0.22221864692489354,0.1086381229611933,-0.171311823601295,-0.26849090512761753
18079,7766.60837,18080,7766.61037,0.1860452793656594,0.011543669774703644,0.425368832305809,-0.22221864692489354,-0.38349671594334916,0.013771882736142901,0.2913514013766597
18080,7766.61037,18081,7766.61237,-1.0174042070326024,-0.3680243083006973,-0.25979920808060847,-0.22221864692489354,-0.6367356910424943,0.23826432285676985,0.1860452793656594
18081,7766.61237,18082,7766.61437,-0.8907442516578449,-0.3602608635249846,-0.4045790620607671,-0.22221864692489354,-0.08571845781726982,0.4905597772804365,-1.0174042070326024
18082,7766.61437,18083,7766.616370000001,0.4565375713202487,-0.19647628792681227,-0.21528747729291253,-0.22221864692489354,0.03729403152807892,0.24680320643266201,-0.8907442516578449
18083,7766.616370000001,18084,7766.61837,1.0439834565510613,0.2012793281413575,-0.3111977571319168,-0.22221864692489354,0.23326143720645018,-0.4437754889272999,0.4565375713202487
18084,7766.61837,18085,7766.620370000001,0.5101338467818545,-0.32979458966726777,0.13972237993573028,-0.22221864692489354,-0.44871400064157385,-0.06393551862196219,1.0439834565510613
18085,7766.620370000001,18086,7766.62237,0.004865306235155347,-0.37882276466544773,-0.28750917306514107,-0.22221864692489354,-0.018785142537607925,-0.09826717342661563,0.5101338467818545
18086,7766.62237,18087,7766.62437,0.596884773190512,-0.33386908533994497,-0.142219654779851,-0.22221864692489354,-0.4168168715325789,0.28425491436494743,0.004865306235155347
18087,7766.62437,18088,7766.62637,-0.16141914388151876,-0.04128339852111738,-0.1367745355898586,-0.22221864692489354,-0.10363017507765014,-0.15086438113950212,0.596884773190512
18088,7766.62637,18089,7766.62837,0.03388699287999355,0.18595462164382995,0.2666247912545009,-0.22221864692489354,0.20753926877699613,0.1023824733134749,-0.16141914388151876
18089,7766.62837,18090,7766.63037,-0.4283377088081218,-0.33386908533994497,-0.142219654779851,-0.22221864692489354,-0.4168168715325789,0.28425491436494743,0.03388699287999355
18090,7766.63037,18091,7766.63237,-0.9270857585294834,-0.3360041692109607,-0.5832876300759183,-0.22221864692489354,0.15145890217645686,-0.05625820086362428,-0.4283377088081218
18091,7766.63237,18092,7766.634370000001,-0.7291605438603939,0.24161431382093385,0.2650902997767296,-0.22221864692489354,0.6802896250918583,0.00775872212043541,-0.9270857585294834
18092,7766.634370000001,18093,7766.63637,0.9778950160401093,-0.11114900749167592,0.08448164062495879,-0.22221864692489354,-0.14640989105848354,0.34638009514734397,-0.7291605438603939
18093,7766.63637,18094,7766.638370000001,0.14426970832611088,-0.6482031138510547,-0.6058412776143282,-0.22221864692489354,-0.21915380119768868,0.15245940251003792,0.9778950160401093
18094,7766.638370000001,18095,7766.64037,0.8017689784564506,-0.11764148282154932,-0.11764148282154932,-0.22221864692489354,-0.0468558017538685,0.07911556141073157,0.14426970832611088
18095,7766.64037,18096,7766.6423700000005,-0.5343146449790742,-0.2924387125634771,-0.05257000406954908,-0.22221864692489354,-0.28463831845015736,-0.49280804472495426,0.8017689784564506
18096,7766.6423700000005,18097,7766.64437,0.5025879655787442,0.3045365053903889,-0.19492005369880339,-0.22221864692489354,0.39596914777710274,0.47266160416269526,-0.5343146449790742
18097,7766.64437,18098,7766.64637,-1.032215809656225,-0.3111977571319168,-0.3793708463931679,-0.22221864692489354,0.14684994890175992,-0.4046033477577051,0.5025879655787442
18098,7766.64637,18099,7766.64837,-0.4469696721725839,0.06325243515675495,0.06325243515675495,-0.22221864692489354,0.04810532466817255,0.4905597772804365,-1.032215809656225
18099,7766.64837,18100,7766.65037,-0.18335226595240836,-0.5242815461956132,-0.3055559555122169,-0.22221864692489354,-0.0962196841871644,0.4000760301231742,-0.4469696721725839
18100,7766.65037,18101,7766.652370000001,-0.15710484571113278,0.18595462164382995,-0.25979920808060847,-0.22221864692489354,-0.16244067347861907,0.14244063181491506,-0.18335226595240836
18101,7766.652370000001,18102,7766.65437,0.3498491533731557,0.18595462164382995,-0.1253451100184705,-0.22221864692489354,0.18595462164382995,0.04382965985950285,-0.15710484571113278
18102,7766.65437,18103,7766.656370000001,0.21087570543124953,0.07077472253750312,0.12222568506445756,-0.22221864692489354,-0.28134721789853057,-0.44155453861695204,0.3498491533731557
18103,7766.656370000001,18104,7766.65837,0.6243947585196573,0.057427309036130976,0.057427309036130976,-0.22221864692489354,0.2025285103869597,0.18912276188143587,0.21087570543124953
18104,7766.65837,18105,7766.6603700000005,0.6752074212329049,-0.4773469377075341,0.4392348140690237,-0.22221864692489354,-0.16067555728137972,0.23783402407935733,0.6243947585196573
18105,7766.6603700000005,18106,7766.66237,0.24089944596955198,-0.49283027954691044,0.003959394191598462,-0.22221864692489354,-0.39376207444016076,0.2567067988803972,0.6752074212329049
18106,7766.66237,18107,7766.66437,-0.3991974026778784,0.057427309036130976,0.11043225500122787,-0.22221864692489354,-0.2027365558010528,0.3033279162038353,0.24089944596955198
18107,7766.66437,18108,7766.66637,-0.5188587854536649,-0.03904571359033493,0.025655330634945066,-0.22221864692489354,0.397193198067029,-0.09118222407484311,-0.3991974026778784
18108,7766.66637,18109,7766.66837,-0.6511681626847975,0.1887310599314789,0.1887310599314789,-0.22221864692489354,0.21622614152539313,0.47266160416269526,-0.5188587854536649
18109,7766.66837,18110,7766.67037,-0.27110317873406736,0.29766843901634654,-0.4089410134347594,-0.22221864692489354,-0.18050006266556343,0.15775784096124995,-0.6511681626847975
18110,7766.67037,18111,7766.67237,-0.3335562513219052,0.03328868571940855,0.24637656706444025,-0.22221864692489354,0.1086381229611933,-0.171311823601295,-0.27110317873406736
18111,7766.67237,18112,7766.674370000001,0.8135352520699167,0.12222568506445756,0.011543669774703644,-0.22221864692489354,0.1289028630940942,-0.3163835941642779,-0.3335562513219052
18112,7766.674370000001,18113,7766.67637,-0.5891405149932242,-0.29246588020138925,0.0579770049994011,-0.22221864692489354,0.2501247612473234,-0.2963973956432763,0.8135352520699167
18113,7766.67637,18114,7766.6783700000005,1.158453717465972,0.44799338041210496,0.3041338046050559,-0.22221864692489354,0.1981196736705464,0.23579476037952593,-0.5891405149932242
18114,7766.6783700000005,18115,7766.68037,-0.1933013968302942,0.05132605090292216,0.15803756558971685,-0.22221864692489354,-0.13810689628564096,-0.34013120451600104,1.158453717465972
18115,7766.68037,18116,7766.68237,0.45964534439901844,0.011795490982976716,-0.2839535651400084,-0.22221864692489354,-0.29194956882699813,0.30327416721161743,-0.1933013968302942
18116,7766.68237,18117,7766.68437,0.6493255445066125,-0.10399106154996786,-0.3111977571319168,-0.22221864692489354,0.2012793281413575,-0.4763528569243921,0.45964534439901844
18117,7766.68437,18118,7766.68637,-1.2866901708668057,-0.16977732784229826,-0.43566271025191466,-0.22221864692489354,0.024022155522242548,0.24819562790769067,0.6493255445066125
18118,7766.68637,18119,7766.68837,-0.3768771417019796,0.22067280362221273,-0.3658808469260143,-0.22221864692489354,0.20736180123830086,0.29479954022064125,-1.2866901708668057
18119,7766.68837,18120,7766.69037,0.9467660993738776,0.12222568506445756,-0.1590935974930537,-0.22221864692489354,-0.1590935974930537,-0.22064361378610747,-0.3768771417019796
18120,7766.69037,18121,7766.692370000001,0.04834810625264518,-0.6482031138510547,-0.41729656837337764,-0.22221864692489354,-0.7056618114825847,0.03641703850535831,0.9467660993738776
18121,7766.692370000001,18122,7766.69437,-0.549136004585127,-0.33386908533994497,-0.142219654779851,-0.22221864692489354,-0.4168168715325789,0.28425491436494743,0.04834810625264518
18122,7766.69437,18123,7766.696370000001,0.2585633917228946,0.33431209940636736,-0.19492005369880339,-0.22221864692489354,-0.036767928013850024,0.36385926586707645,-0.549136004585127
18123,7766.696370000001,18124,7766.69837,-0.2288126200699442,-0.3924846526927655,0.03328868571940855,-0.22221864692489354,0.025052076593478943,0.21947532111276988,0.2585633917228946
18124,7766.69837,18125,7766.7003700000005,-0.556819733910431,0.011795490982976716,0.057427309036130976,-0.22221864692489354,0.1823215567939549,0.01290993755996567,-0.2288126200699442
18125,7766.7003700000005,18126,7766.70237,0.5782580427111252,0.33431209940636736,-0.04128339852111738,-0.22221864692489354,0.3045365053903889,0.3611489968540988,-0.556819733910431
18126,7766.70237,18127,7766.70437,1.05931829409156,-0.04128339852111738,0.49903666098945154,-0.22221864692489354,-0.07250262864408624,-0.24794002233409962,0.5782580427111252
18127,7766.70437,18128,7766.70637,-0.6879105634461615,0.13972237993573028,0.30970350704733635,-0.22221864692489354,0.11420572163029459,-0.303838387594942,1.05931829409156
18128,7766.70637,18129,7766.70837,-1.0899243696156007,-0.11114900749167592,0.03771471514515023,-0.22221864692489354,-0.14929816104737398,0.03494195658158384,-0.6879105634461615
18129,7766.70837,18130,7766.710370000001,0.3118907578526512,0.30295161257612363,-0.11095358048304305,-0.22221864692489354,0.07803888151801996,-0.00450303989296314,-1.0899243696156007
18130,7766.710370000001,18131,7766.71237,0.5678129583685343,-0.22414032461627648,0.3575917210223996,-0.22221864692489354,-0.16685528279377265,-0.2264646908205313,0.3118907578526512
18131,7766.71237,18132,7766.714370000001,-1.3806826485124655,-0.04128339852111738,0.4142706294650885,-0.22221864692489354,-0.13521786781462913,-0.24794002233409962,0.5678129583685343
18132,7766.714370000001,18133,7766.71637,0.8259617558227252,0.7421712963024673,0.5665331827738171,-0.22221864692489354,0.6314847137262339,0.36277097500886984,-1.3806826485124655
18133,7766.71637,18134,7766.7183700000005,1.0096368698916895,-0.34364778258269746,-0.013089570749465922,-0.22221864692489354,0.0668334290419869,-0.18159335723510206,0.8259617558227252
18134,7766.7183700000005,18135,7766.72037,0.02824164587086479,-0.48761380688594086,-0.3699117898289583,-0.22221864692489354,-0.4412970570196141,0.2227722357973269,1.0096368698916895
18135,7766.72037,18136,7766.72237,0.7081926631812389,-0.33386908533994497,-0.142219654779851,-0.22221864692489354,-0.4168168715325789,0.28425491436494743,0.02824164587086479
18136,7766.72237,18137,7766.72437,-0.05167174869735063,-0.3877785297543843,-0.22486726958948416,-0.22221864692489354,-0.3885932138624955,0.2513427364435679,0.7081926631812389
18137,7766.72437,18138,7766.72637,-1.2353868242579682,-0.26469932568774684,-0.142219654779851,-0.22221864692489354,-0.20898740935191218,0.2538024840754271,-0.05167174869735063
18138,7766.72637,18139,7766.728370000001,0.9200615932133467,0.41342846336422984,-0.04713360847163667,-0.22221864692489354,-0.09747509417728176,0.46925266490400214,-1.2353868242579682
18139,7766.728370000001,18140,7766.73037,-0.542514720668416,-0.5942765296670074,-0.022955602520112153,-0.22221864692489354,-0.17782252196775147,0.02010588734399296,0.9200615932133467
18140,7766.73037,18141,7766.732370000001,-0.2464903553614305,0.3045365053903889,0.0023266815309476974,-0.22221864692489354,-0.1822608937468301,0.47266160416269526,-0.542514720668416
18141,7766.732370000001,18142,7766.73437,-0.34738350424935827,0.011795490982976716,0.11043225500122787,-0.22221864692489354,-0.08882047661530443,0.01290993755996567,-0.2464903553614305
18142,7766.73437,18143,7766.7363700000005,0.09310740805977544,0.12222568506445756,-0.2277407930818674,-0.22221864692489354,0.07659026503008577,-0.6070320847252332,-0.34738350424935827
18143,7766.7363700000005,18144,7766.73837,0.2642523109008705,-0.33386908533994497,-0.1375361019146593,-0.22221864692489354,0.10670992326905158,0.28425491436494743,0.09310740805977544
18144,7766.73837,18145,7766.74037,-0.03922071315327213,-0.3924846526927655,-0.01570854725854441,-0.22221864692489354,0.5849315161047358,0.3033279162038353,0.2642523109008705
18145,7766.74037,18146,7766.74237,1.0657832374950662,-0.26469932568774684,-0.142219654779851,-0.22221864692489354,-0.20898740935191218,0.2538024840754271,-0.03922071315327213
18146,7766.74237,18147,7766.74437,0.11443297591257982,-0.11095358048304305,0.17940557149464975,-0.22221864692489354,0.13905749681985008,-0.06393551862196219,1.0657832374950662
18147,7766.74437,18148,7766.74637,-1.3005957129923065,-0.1375361019146593,-0.11764148282154932,-0.22221864692489354,-0.10543330645710139,0.06598197385371023,0.11443297591257982
18148,7766.74637,18149,7766.74837,-0.13886744899057127,0.22067280362221273,-0.45706772680652374,-0.22221864692489354,0.4910722036303654,0.2897999373819561,-1.3005957129923065
18149,7766.74837,18150,7766.750370000001,0.22070199260628978,-0.1253451100184705,-0.11764148282154932,-0.22221864692489354,-0.28985441548177493,0.04382965985950285,-0.13886744899057127
18150,7766.750370000001,18151,7766.75237,0.08123189322167061,-0.3680243083006973,0.057427309036130976,-0.22221864692489354,0.11026928503623194,0.18912276188143587,0.22070199260628978
18151,7766.75237,18152,7766.754370000001,-0.03957062043142451,-0.33386908533994497,-0.142219654779851,-0.22221864692489354,-0.4168168715325789,0.28425491436494743,0.08123189322167061
18152,7766.754370000001,18153,7766.75637,-0.2751470574998826,-0.26469932568774684,-0.142219654779851,-0.22221864692489354,-0.20898740935191218,0.2538024840754271,-0.03957062043142451
18153,7766.75637,18154,7766.7583700000005,0.47057216641495553,0.011795490982976716,-0.22414032461627648,-0.22221864692489354,0.24637656706444025,-0.08755414746714527,-0.2751470574998826
18154,7766.7583700000005,18155,7766.76037,-0.011255796436983047,-0.10399106154996786,-0.3055559555122169,-0.22221864692489354,-0.26167809083864524,-0.5134500205163743,0.47057216641495553
18155,7766.76037,18156,7766.76237,1.1466019823377913,-0.26469932568774684,-0.142219654779851,-0.22221864692489354,-0.20898740935191218,0.2538024840754271,-0.011255796436983047
18156,7766.76237,18157,7766.76437,-0.4280293560026215,-0.32412543194154536,0.25535438122807297,-0.22221864692489354,-0.08575186408763082,-0.34013120451600104,1.1466019823377913
18157,7766.76437,18158,7766.76637,0.3060920910601201,-0.38854385795705143,-0.5832876300759183,-0.22221864692489354,0.13652055120853238,-0.05625820086362428,-0.4280293560026215
18158,7766.76637,18159,7766.768370000001,-0.022315124274470854,-0.3466117404736551,0.3022792894054063,-0.22221864692489354,-0.6198228307403789,-0.05384690103871762,0.3060920910601201
18159,7766.768370000001,18160,7766.77037,-0.4662431553253745,-0.26469932568774684,-0.142219654779851,-0.22221864692489354,-0.20898740935191218,0.2538024840754271,-0.022315124274470854
18160,7766.77037,18161,7766.772370000001,-0.7262070071411473,-0.3360041692109607,-0.2852952407927156,-0.22221864692489354,0.0648228301264931,0.4755840261875662,-0.4662431553253745
18161,7766.772370000001,18162,7766.77437,-0.3833726910886113,0.08448164062495879,-0.11433558754392475,-0.22221864692489354,-0.08598567673795962,0.0527081256167263,-0.7262070071411473
18162,7766.77437,18163,7766.7763700000005,1.1765726169129398,0.025655330634945066,0.06867010178033228,-0.22221864692489354,0.06867010178033228,-0.22064361378610747,-0.3833726910886113
18163,7766.7763700000005,18164,7766.77837,0.3700123555110069,-0.23320378702771544,0.14744686068649904,-0.22221864692489354,-0.3163835941642779,-0.4676350392707466,1.1765726169129398
18164,7766.77837,18165,7766.78037,-1.0023699183672516,-0.18444244836309,-0.1590935974930537,-0.22221864692489354,-0.05828607624277945,-0.44155453861695204,0.3700123555110069
18165,7766.78037,18166,7766.78237,0.8723702203392025,-0.34607115121821197,-0.4976878343744867,-0.22221864692489354,0.3208035201074131,0.5401211334889078,-1.0023699183672516
18166,7766.78237,18167,7766.78437,0.6698012495038259,-0.45228617859521053,-0.21528747729291253,-0.22221864692489354,-0.12206462593930721,-0.29064401459706074,0.8723702203392025
18167,7766.78437,18168,7766.786370000001,-0.5124476015520909,-0.4089410134347594,0.003959394191598462,-0.22221864692489354,-0.5999258094856524,0.25667864216008623,0.6698012495038259
18168,7766.786370000001,18169,7766.78837,-1.6049949359963784,-0.19492005369880339,-0.22776977648886657,-0.22221864692489354,0.16129525117244092,0.3997832400759384,-0.5124476015520909
18169,7766.78837,18170,7766.790370000001,0.4852418043416389,0.7421712963024673,0.5665331827738171,-0.22221864692489354,0.6314847137262339,0.36277097500886984,-1.6049949359963784
18170,7766.790370000001,18171,7766.79237,1.024536979707871,-0.4935637514578185,0.04278403570094096,-0.22221864692489354,0.04278403570094096,-0.09826717342661563,0.4852418043416389
18171,7766.79237,18172,7766.7943700000005,-0.16937797294874565,-0.4045790620607671,-0.4976878343744867,-0.22221864692489354,-0.30978361278695477,0.4754709129724304,1.024536979707871
18172,7766.7943700000005,18173,7766.79637,0.9130753770739823,0.3670161928869269,-0.1253451100184705,-0.22221864692489354,0.12389916403770768,0.1023824733134749,-0.16937797294874565
18173,7766.79637,18174,7766.79837,-0.19080834154789186,-0.5942765296670074,-0.13101229880341542,-0.22221864692489354,-0.10464688528805648,-0.2615379975362791,0.9130753770739823
18174,7766.79837,18175,7766.80037,0.420528517177241,-0.05790830952639997,-0.3284851404962956,-0.22221864692489354,-0.4379437492308261,0.14244063181491506,-0.19080834154789186
18175,7766.80037,18176,7766.80237,0.4916734127467746,-0.18444244836309,-0.586228480579486,-0.22221864692489354,-0.2410996604857718,-0.34776916289481696,0.420528517177241
18176,7766.80237,18177,7766.80437,-0.07453164425345661,-0.49602694353394244,0.04278403570094096,-0.22221864692489354,-0.1109861543034674,-0.09826717342661563,0.4916734127467746
18177,7766.80437,18178,7766.80637,-1.536509058663746,-0.26469932568774684,-0.142219654779851,-0.22221864692489354,-0.20898740935191218,0.2538024840754271,-0.07453164425345661
18178,7766.80637,18179,7766.808370000001,0.6269451594971384,0.7421712963024673,0.5665331827738171,-0.22221864692489354,0.6314847137262339,0.36277097500886984,-1.536509058663746
18179,7766.808370000001,18180,7766.81037,0.28827334438586366,-0.42710372668664515,0.28830062542145124,-0.22221864692489354,-0.11764148282155201,0.2386084286153376,0.6269451594971384
18180,7766.81037,18181,7766.812370000001,-0.39914856739926746,-0.22414032461627648,0.37204663762147455,-0.22221864692489354,-0.3323039356790976,0.21947532111276988,0.28827334438586366
18181,7766.812370000001,18182,7766.81437,-0.599825922358025,-0.03904571359033493,0.025655330634945066,-0.22221864692489354,0.3798439480815044,-0.09118222407484311,-0.39914856739926746
18182,7766.81437,18183,7766.8163700000005,1.2102713978113107,0.4730698970504555,-0.2585071819480077,-0.22221864692489354,-0.09658325445112324,0.3611489968540988,-0.599825922358025
18183,7766.8163700000005,18184,7766.81837,-0.3742019729086188,-0.3039189645258097,0.14744686068649904,-0.22221864692489354,-0.07141880127296704,-0.41280239481335645,1.2102713978113107
18184,7766.81837,18185,7766.82037,-0.1652213710622599,0.12222568506445756,-0.1590935974930537,-0.22221864692489354,-0.0668334290419869,-0.22064361378610747,-0.3742019729086188
18185,7766.82037,18186,7766.82237,0.6550701261914051,0.2694643577625831,-0.25979920808060847,-0.22221864692489354,0.03908071595299511,0.1023824733134749,-0.1652213710622599
18186,7766.82237,18187,7766.82437,0.5600680449394706,-0.16977732784229826,-0.43566271025191466,-0.22221864692489354,-0.4089410134347594,0.24819562790769067,0.6550701261914051
18187,7766.82437,18188,7766.826370000001,-0.6338240317511578,-0.1367745355898586,-0.04128339852111738,-0.22221864692489354,-0.0325491058374817,-0.3267540379289676,0.5600680449394706
18188,7766.826370000001,18189,7766.82837,-0.61933313874685,0.23507571868727375,0.1358853078889796,-0.22221864692489354,-0.30590447631305123,0.1629355851779203,-0.6338240317511578
18189,7766.82837,18190,7766.830370000001,0.25227645653686265,0.28830062542145124,-0.11540633830732888,-0.22221864692489354,0.645343790515243,0.40683511250520366,-0.61933313874685
18190,7766.830370000001,18191,7766.83237,-1.1215323198231606,0.057427309036130976,0.14876508692177126,-0.22221864692489354,-0.4211258816231501,0.3033279162038353,0.25227645653686265
18191,7766.83237,18192,7766.8343700000005,-0.17934473129142633,0.45939247955393303,0.25535438122807297,-0.22221864692489354,-0.060001401374332776,0.4368861822411516,-1.1215323198231606
18192,7766.8343700000005,18193,7766.83637,1.2333955513040955,0.2694643577625831,-0.3284851404962956,-0.22221864692489354,0.26746079520454835,0.16897845850712317,-0.17934473129142633
18193,7766.83637,18194,7766.83837,-0.626536754119962,-0.3039189645258097,-0.004031897363650107,-0.22221864692489354,0.12460633218032037,-0.4676350392707466,1.2333955513040955
18194,7766.83837,18195,7766.84037,-0.06822824802672842,0.19940262403523046,0.28830062542145124,-0.22221864692489354,0.2144947934294938,0.1629355851779203,-0.626536754119962
18195,7766.84037,18196,7766.84237,-0.07507202050356157,-0.26469932568774684,-0.142219654779851,-0.22221864692489354,-0.20898740935191218,0.2538024840754271,-0.06822824802672842
18196,7766.84237,18197,7766.844370000001,0.4302331744753731,-0.26469932568774684,-0.142219654779851,-0.22221864692489354,-0.20898740935191218,0.2538024840754271,-0.07507202050356157
18197,7766.844370000001,18198,7766.84637,0.5270571442466113,-0.2707978394581285,-0.4612300397916861,-0.22221864692489354,-0.15224062858076756,-0.34776916289481696,0.4302331744753731
18198,7766.84637,18199,7766.848370000001,-0.17351736898916406,-0.37882276466544773,-0.19492005369880339,-0.22221864692489354,0.30595808411836134,-0.3267540379289676,0.5270571442466113
18199,7766.848370000001,18200,7766.85037,-0.9949152018748324,0.2666247912545009,-0.2137014807198618,-0.22221864692489354,0.12389916403770768,0.14244063181491506,-0.17351736898916406
18200,7766.85037,18201,7766.8523700000005,-0.38255374103601136,-0.4976878343744867,-0.32515141032815087,-0.22221864692489354,-0.09373726669391123,0.33253886435322505,-0.9949152018748324
18201,7766.8523700000005,18202,7766.85437,-0.022884458524641216,0.025655330634945066,0.06867010178033228,-0.22221864692489354,0.13241612125902155,-0.22064361378610747,-0.38255374103601136
18202,7766.85437,18203,7766.85637,-0.10208673684536904,-0.26469932568774684,-0.142219654779851,-0.22221864692489354,-0.20898740935191218,0.2538024840754271,-0.022884458524641216
18203,7766.85637,18204,7766.85837,0.6461261511852365,-0.264447904458089,-0.03932569819300731,-0.22221864692489354,0.18320075768734675,0.17611489210839118,-0.10208673684536904
18204,7766.85837,18205,7766.86037,0.8967006388608477,-0.49283027954691044,-0.4089410134347594,-0.22221864692489354,0.41513611815957696,0.2567067988803972,0.6461261511852365
18205,7766.86037,18206,7766.86237,-0.1659924167926323,-0.45228617859521053,-0.21528747729291253,-0.22221864692489354,0.015529383950711314,-0.29064401459706074,0.8967006388608477
18206,7766.86237,18207,7766.86437,0.05567313382235116,0.3670161928869269,-0.25979920808060847,-0.22221864692489354,0.03908071595299511,0.1023824733134749,-0.1659924167926323
18207,7766.86437,18208,7766.866370000001,0.22073118073839496,-0.33386908533994497,-0.142219654779851,-0.22221864692489354,-0.4168168715325789,0.28425491436494743,0.05567313382235116
18208,7766.866370000001,18209,7766.86837,0.6356568591585579,-0.3680243083006973,0.057427309036130976,-0.22221864692489354,0.11026928503623194,0.18912276188143587,0.22073118073839496
18209,7766.86837,18210,7766.870370000001,-0.6350784343858472,-0.49283027954691044,0.1358853078889796,-0.22221864692489354,-0.21393660195533007,0.2386084286153376,0.6356568591585579
18210,7766.870370000001,18211,7766.87237,-1.405016992773888,0.28830062542145124,0.1358853078889796,-0.22221864692489354,-0.30959668941164603,0.0533639425637558,-0.6350784343858472
18211,7766.87237,18212,7766.87437,-1.1180044765206498,0.7421712963024673,0.5665331827738171,-0.22221864692489354,0.6314847137262339,0.36277097500886984,-1.405016992773888
18212,7766.87437,18213,7766.87637,0.9600646527037805,0.45939247955393303,0.1794359902082422,-0.22221864692489354,0.24107106086614558,0.4368861822411516,-1.1180044765206498
18213,7766.87637,18214,7766.87837,1.129915786288045,-0.6326840561661579,-0.6326840561661579,-0.22221864692489354,-0.2768869808850939,-0.2615379975362791,0.9600646527037805
18214,7766.87837,18215,7766.88037,-0.3829508914867906,-0.48783729055021424,0.4308484280502308,-0.22221864692489354,-0.34558179471224015,-0.4301858315945434,1.129915786288045
18215,7766.88037,18216,7766.88237,1.1688216881084093,0.025655330634945066,0.06867010178033228,-0.22221864692489354,0.07026594613374956,-0.22064361378610747,-0.3829508914867906
18216,7766.88237,18217,7766.884370000001,0.6247455810070801,-0.3151095733952912,0.14744686068649904,-0.22221864692489354,-0.22402396436481176,-0.4676350392707466,1.1688216881084093
18217,7766.884370000001,18218,7766.88637,-0.4543217085356405,-0.42710372668664515,0.4392348140690237,-0.22221864692489354,-0.36668833643467863,0.23783402407935733,0.6247455810070801
18218,7766.88637,18219,7766.888370000001,-0.6114257822955349,-0.33912048824683566,-0.3111977571319168,-0.22221864692489354,0.5281523522845364,0.7276848659227682,-0.4543217085356405
18219,7766.888370000001,18220,7766.89037,0.68789226936887,0.44799338041210496,-0.21378965766165123,-0.22221864692489354,0.3289829331890281,0.40683511250520366,-0.6114257822955349
18220,7766.89037,18221,7766.8923700000005,-0.5969849545188005,-0.49283027954691044,0.03771471514515023,-0.22221864692489354,-0.24489613974779645,0.3015257504279363,0.68789226936887
18221,7766.8923700000005,18222,7766.89437,-1.201739192471923,0.4730698970504555,-0.1367745355898586,-0.22221864692489354,0.35909240169725976,0.3611489968540988,-0.5969849545188005
18222,7766.89437,18223,7766.89637,0.866710446724134,0.46081688303872814,0.15803756558971685,-0.22221864692489354,0.2695477524837449,0.5204389578696991,-1.201739192471923
18223,7766.89637,18224,7766.89837,1.3063191367622675,-0.3836207254178327,-0.4450124051964178,-0.22221864692489354,-0.4450124051964178,-0.28636182004630667,0.866710446724134
18224,7766.89837,18225,7766.90037,-0.6520407961961762,-0.45706772680652374,-0.5411385785180731,-0.22221864692489354,-0.43117956171299077,-0.5395483654124957,1.3063191367622675
18225,7766.90037,18226,7766.902370000001,0.39892877912774105,0.29766843901634654,-0.4089410134347594,-0.22221864692489354,-0.17097443650775543,0.0409690264766767,-0.6520407961961762
18226,7766.902370000001,18227,7766.90437,0.4625143258135519,0.24347058211343803,0.025655330634945066,-0.22221864692489354,0.18165406078931556,-0.34776916289481696,0.39892877912774105
18227,7766.90437,18228,7766.906370000001,-1.244539989314936,-0.10399106154996786,-0.3055559555122169,-0.22221864692489354,-0.4437754889272999,-0.4093036519968823,0.4625143258135519
18228,7766.906370000001,18229,7766.90837,0.3219384292385574,0.2695477524837449,-0.3039189645258097,-0.22221864692489354,-0.1134586651603088,0.4191651904493775,-1.244539989314936
18229,7766.90837,18230,7766.9103700000005,0.2767214042641328,0.011543669774703644,0.44738858858162417,-0.22221864692489354,0.3551195948828508,-0.29284614965403966,0.3219384292385574
18230,7766.9103700000005,18231,7766.91237,-1.1292688682417535,-0.38349671594334916,-0.22414032461627648,-0.22221864692489354,-0.14681852261995568,0.34359615768916374,0.2767214042641328
18231,7766.91237,18232,7766.91437,0.6491353906715905,0.45554565649745477,0.4308484280502308,-0.22221864692489354,0.2262324971699842,0.46674536964446656,-1.1292688682417535
18232,7766.91437,18233,7766.91637,0.5815393068007333,-0.16977732784229826,-0.43566271025191466,-0.22221864692489354,0.12736592833539964,0.24819562790769067,0.6491353906715905
18233,7766.91637,18234,7766.91837,-0.5949994938515252,-0.11540633830732888,0.5367221541580659,-0.22221864692489354,0.38861789090174553,-0.20585205420414715,0.5815393068007333
18234,7766.91837,18235,7766.92037,0.5378068336991083,0.4881277446660977,-0.1367745355898586,-0.22221864692489354,0.3007716432012475,0.40683511250520366,-0.5949994938515252
18235,7766.92037,18236,7766.92237,0.4345084517347724,-0.4341784187284774,-0.19492005369880339,-0.22221864692489354,0.39736444560576395,-0.3267540379289676,0.5378068336991083
18236,7766.92237,18237,7766.924370000001,0.3445249982533954,-0.2256517770607452,-0.4612300397916861,-0.22221864692489354,-0.32866856663503685,-0.34776916289481696,0.4345084517347724
18237,7766.924370000001,18238,7766.92637,-0.9772925238953587,0.24358470153953493,-0.2277407930818674,-0.22221864692489354,-0.35810067868810985,-0.29284614965403966,0.3445249982533954
18238,7766.92637,18239,7766.9283700000005,0.7066318307793865,-0.4457817884455007,-0.6058412776143282,-0.22221864692489354,0.11329618770369733,0.2960726148674459,-0.9772925238953587
18239,7766.9283700000005,18240,7766.93037,-0.269130709313724,-0.3877785297543843,-0.22486726958948416,-0.22221864692489354,-0.2840357602987605,0.2513427364435679,0.7066318307793865
18240,7766.93037,18241,7766.93237,-0.900878670302926,0.03328868571940855,-0.01570854725854441,-0.22221864692489354,0.1086381229611933,-0.171311823601295,-0.269130709313724
18241,7766.93237,18242,7766.93437,-0.8307150018218293,-0.057564761357569785,-0.21528747729291253,-0.22221864692489354,-0.13101229880341542,0.28595173187160355,-0.900878670302926
18242,7766.93437,18243,7766.93637,1.2907430239410083,0.2001179742892834,-0.05257000406954908,-0.22221864692489354,0.3863945149024497,0.2716581023075879,-0.8307150018218293
18243,7766.93637,18244,7766.93837,0.9683771602374096,-0.5924467029899322,-0.38292607420403013,-0.22221864692489354,-0.1732113339763581,-0.002907507045512477,1.2907430239410083
18244,7766.93837,18245,7766.94037,0.25622802678084705,-0.6058412776143282,-0.6326840561661579,-0.22221864692489354,0.024270854296013885,0.03641703850535831,0.9683771602374096
18245,7766.94037,18246,7766.942370000001,-0.42463118489160445,-0.3924846526927655,0.24637656706444025,-0.22221864692489354,-0.23308847669866486,0.21947532111276988,0.25622802678084705
18246,7766.942370000001,18247,7766.94437,0.32604499497590156,-0.2852952407927156,-0.4612300397916861,-0.22221864692489354,-0.3767273214859622,0.33683613764414877,-0.42463118489160445
18247,7766.94437,18248,7766.946370000001,0.04027006789646993,0.011543669774703644,0.24458269138584657,-0.22221864692489354,-0.5943167080590747,-0.2264646908205313,0.32604499497590156
18248,7766.946370000001,18249,7766.94837,-0.6001854693327189,-0.33386908533994497,-0.142219654779851,-0.22221864692489354,-0.4168168715325789,0.28425491436494743,0.04027006789646993
18249,7766.94837,18250,7766.9503700000005,-1.0461082301533513,0.4730698970504555,-0.2585071819480077,-0.22221864692489354,-0.09658325445112324,0.23579476037952593,-0.6001854693327189
18250,7766.9503700000005,18251,7766.95237,-0.5309814510037705,0.25400013206500477,0.19701442061940258,-0.22221864692489354,0.7171871023316393,0.4905597772804365,-1.0461082301533513
18251,7766.95237,18252,7766.95437,0.7074574019959075,0.2738747223168975,-0.22776977648886657,-0.22221864692489354,0.5621240136819586,0.3997832400759384,-0.5309814510037705
18252,7766.95437,18253,7766.95637,0.44864428589106925,-0.3877785297543843,-0.22486726958948416,-0.22221864692489354,-0.2840357602987605,0.2513427364435679,0.7074574019959075
18253,7766.95637,18254,7766.95837,0.9681836644591607,-0.2256517770607452,-0.2852952407927156,-0.22221864692489354,0.17461832019978502,-0.42434549781223985,0.44864428589106925
18254,7766.95837,18255,7766.960370000001,-0.29124260520618656,-0.6058412776143282,-0.6326840561661579,-0.22221864692489354,0.024270854296013885,0.03641703850535831,0.9681836644591607
18255,7766.960370000001,18256,7766.96237,-0.8214259487713563,0.26136985966282844,0.425368832305809,-0.22221864692489354,-0.09224485285252441,-0.469457529295874,-0.29124260520618656
18256,7766.96237,18257,7766.964370000001,-0.010391678863237809,0.0807619841739891,-0.05257000406954908,-0.22221864692489354,0.2813197465031192,0.3577698856724587,-0.8214259487713563
18257,7766.964370000001,18258,7766.96637,-0.4290015305489444,-0.26469932568774684,-0.142219654779851,-0.22221864692489354,-0.20898740935191218,0.2538024840754271,-0.010391678863237809
18258,7766.96637,18259,7766.9683700000005,0.40715006932237807,-0.3360041692109607,-0.5832876300759183,-0.22221864692489354,0.15145890217645686,-0.05625820086362428,-0.4290015305489444
18259,7766.9683700000005,18260,7766.97037,-0.417272588995638,-0.18444244836309,-0.38854385795705143,-0.22221864692489354,-0.37129368223615256,-0.3234408610880635,0.40715006932237807
18260,7766.97037,18261,7766.97237,0.839667104235351,-0.2852952407927156,-0.586228480579486,-0.22221864692489354,0.2530115012380589,0.042191029666294615,-0.417272588995638
18261,7766.97237,18262,7766.97437,-0.7219724788735206,-0.5540210687587266,-0.2130251990668944,-0.22221864692489354,-0.07351765106172604,-0.28636182004630667,0.839667104235351
18262,7766.97437,18263,7766.97637,-0.5519693135795324,-0.11433558754392475,-0.11433558754392475,-0.22221864692489354,0.4545989600507492,0.5416892626511061,-0.7219724788735206
18263,7766.97637,18264,7766.978370000001,0.49160662958056045,0.3045365053903889,-0.19492005369880339,-0.22221864692489354,0.14404913515007164,0.3611489968540988,-0.5519693135795324
18264,7766.978370000001,18265,7766.98037,0.6892451279455588,-0.49602694353394244,0.04278403570094096,-0.22221864692489354,-0.1109861543034674,-0.09826717342661563,0.49160662958056045
18265,7766.98037,18266,7766.982370000001,0.4702538254235944,-0.49283027954691044,0.03771471514515023,-0.22221864692489354,-0.5106145004801281,0.3015257504279363,0.6892451279455588
18266,7766.982370000001,18267,7766.98437,-0.23193464151138637,-0.10399106154996786,-0.3055559555122169,-0.22221864692489354,-0.2491890289685917,-0.5134500205163743,0.4702538254235944
18267,7766.98437,18268,7766.9863700000005,-0.5051169123563297,0.011795490982976716,0.057427309036130976,-0.22221864692489354,0.1823215567939549,-0.018749422511174247,-0.23193464151138637
18268,7766.9863700000005,18269,7766.98837,-0.7660728604249221,0.1887310599314789,-0.3793708463931679,-0.22221864692489354,0.03743427906521304,0.3997832400759384,-0.5051169123563297
18269,7766.98837,18270,7766.99037,0.867857192004803,0.23860842861534076,-0.32138433220463275,-0.22221864692489354,-0.3871856150673182,0.34638009514734397,-0.7660728604249221
18270,7766.99037,18271,7766.99237,-0.5606707362862291,-0.4450124051964178,-0.4450124051964178,-0.22221864692489354,0.26935315398154075,-0.29064401459706074,0.867857192004803
18271,7766.99237,18272,7766.99437,-0.272683899816409,0.33431209940636736,-0.04128339852111738,-0.22221864692489354,-0.332773737848829,0.23579476037952593,-0.5606707362862291
18272,7766.99437,18273,7766.99637,-0.15102086831569841,0.011795490982976716,0.24637656706444025,-0.22221864692489354,0.3052341361573687,-0.08755414746714527,-0.272683899816409
18273,7766.99637,18274,7766.99837,1.195702117585499,-0.03932569819300731,-0.0468558017538685,-0.22221864692489354,0.11709125867225093,0.04382965985950285,-0.15102086831569841
18274,7766.99837,18275,7767.000370000001,-0.7201142192620754,-0.3039189645258097,0.14744686068649904,-0.22221864692489354,-0.5698119080403438,-0.5082527079197163,1.195702117585499
18275,7767.000370000001,18276,7767.00237,0.566677755612956,-0.11114900749167592,-0.22486726958948416,-0.22221864692489354,0.34085621749441686,0.5613353537402885,-0.7201142192620754
18276,7767.00237,18277,7767.004370000001,0.3014180556348694,-0.04128339852111738,0.4142706294650885,-0.22221864692489354,-0.04128339852111738,-0.24794002233409962,0.566677755612956
18277,7767.004370000001,18278,7767.00637,-1.3648838905257776,-0.22414032461627648,0.425368832305809,-0.22221864692489354,0.11462772420103397,-0.021068574384631857,0.3014180556348694
18278,7767.00637,18279,7767.0083700000005,0.9923144552212984,0.7421712963024673,0.5665331827738171,-0.22221864692489354,0.6314847137262339,0.36277097500886984,-1.3648838905257776
18279,7767.0083700000005,18280,7767.01037,0.15199054261240927,-0.6058412776143282,-0.32515141032815087,-0.22221864692489354,-0.32515141032815087,0.07750010654455093,0.9923144552212984
18280,7767.01037,18281,7767.01237,-0.6367164363900877,-0.1451200351232795,-0.0468558017538685,-0.22221864692489354,-0.1699308834220464,0.07911556141073157,0.15199054261240927
18281,7767.01237,18282,7767.01437,0.6466410302477101,0.28830062542145124,0.024022155522242548,-0.22221864692489354,0.5524931206209981,0.0533639425637558,-0.6367164363900877
18282,7767.01437,18283,7767.01637,-1.1829043716865013,-0.49283027954691044,-0.4089410134347594,-0.22221864692489354,0.4069078036526649,0.2567067988803972,0.6466410302477101
18283,7767.01637,18284,7767.018370000001,0.4828866190439265,0.6013431309857261,0.05132605090292216,-0.22221864692489354,0.556444248904553,0.5491149871301269,-1.1829043716865013
18284,7767.018370000001,18285,7767.02037,1.172186299666952,-0.3111977571319168,-0.33912048824683566,-0.22221864692489354,0.3394056655123632,-0.09826717342661563,0.4828866190439265
18285,7767.02037,18286,7767.022370000001,-0.42949910783177725,-0.3151095733952912,0.15803756558971685,-0.22221864692489354,-0.14019702593784117,-0.34013120451600104,1.172186299666952
18286,7767.022370000001,18287,7767.02437,-0.12967044556693036,-0.3360041692109607,-0.5832876300759183,-0.22221864692489354,0.16790204869089848,-0.05625820086362428,-0.42949910783177725
18287,7767.02437,18288,7767.0263700000005,-0.380814350874779,-0.1253451100184705,0.18806782997741056,-0.22221864692489354,-0.33010860249204005,0.14244063181491506,-0.12967044556693036
18288,7767.0263700000005,18289,7767.02837,-0.15098957283946648,0.025655330634945066,-0.03904571359033493,-0.22221864692489354,0.3050195323687873,-0.22064361378610747,-0.380814350874779
18289,7767.02837,18290,7767.03037,-0.007975391195378073,-0.03932569819300731,-0.0468558017538685,-0.22221864692489354,0.25447997175130577,0.04382965985950285,-0.15098957283946648
18290,7767.03037,18291,7767.03237,0.13404081698602244,-0.26469932568774684,-0.142219654779851,-0.22221864692489354,-0.20898740935191218,0.2538024840754271,-0.007975391195378073
18291,7767.03237,18292,7767.03437,-1.1462665768120222,-0.1451200351232795,0.18806782997741056,-0.22221864692489354,0.30799305416219397,0.06598197385371023,0.13404081698602244
18292,7767.03437,18293,7767.036370000001,0.15993141734873603,0.45554565649745477,0.25535438122807297,-0.22221864692489354,0.36583035717542145,0.46674536964446656,-1.1462665768120222
18293,7767.036370000001,18294,7767.03837,1.3526030098098545,-0.2137014807198618,-0.1253451100184705,-0.22221864692489354,0.20830793104691628,0.07911556141073157,0.15993141734873603
18294,7767.03837,18295,7767.040370000001,-0.18401862975112063,-0.6143048440543135,0.5665331827738171,-0.22221864692489354,-0.7551517843025956,0.17284396829030366,1.3526030098098545
18295,7767.040370000001,18296,7767.04237,0.7759550125455921,0.12858286309136147,-0.25979920808060847,-0.22221864692489354,-0.2301435617628621,0.16897845850712317,-0.18401862975112063
18296,7767.04237,18297,7767.0443700000005,-0.6661060434627326,-0.349079290883896,-0.32138433220463275,-0.22221864692489354,0.21072831063401806,-0.2963973956432763,0.7759550125455921
18297,7767.0443700000005,18298,7767.04637,-0.9721566314729138,0.003959394191598462,0.003959394191598462,-0.22221864692489354,0.18504759210319477,0.03314785552517815,-0.6661060434627326
18298,7767.04637,18299,7767.04837,0.0556387074517507,-0.3445507870687826,-0.6058412776143282,-0.22221864692489354,0.4227966061513538,-0.06390137552825216,-0.9721566314729138
18299,7767.04837,18300,7767.05037,0.3220175609004948,-0.33386908533994497,-0.142219654779851,-0.22221864692489354,-0.4168168715325789,0.28425491436494743,0.0556387074517507
18300,7767.05037,18301,7767.05237,0.5135589185770106,0.011543669774703644,0.44738858858162417,-0.22221864692489354,0.2975603279862103,-0.29284614965403966,0.3220175609004948
18301,7767.05237,18302,7767.05437,-0.9752907408179166,-0.4935637514578185,-0.22303435517964126,-0.22221864692489354,0.038135221861929386,-0.4046033477577051,0.5135589185770106
18302,7767.05437,18303,7767.05637,0.7890031622517372,-0.4457817884455007,-0.6058412776143282,-0.22221864692489354,0.4112837550296336,0.2281754560076201,-0.9752907408179166
18303,7767.05637,18304,7767.058370000001,0.04963040208415007,-0.32138433220463275,-0.20543721480030894,-0.22221864692489354,0.296126752322454,-0.4091344370330442,0.7890031622517372
18304,7767.058370000001,18305,7767.06037,-0.29452846404658406,-0.33386908533994497,-0.142219654779851,-0.22221864692489354,-0.4168168715325789,0.28425491436494743,0.04963040208415007
18305,7767.06037,18306,7767.062370000001,0.9764429410990113,0.26136985966282844,0.425368832305809,-0.22221864692489354,-0.03399253934691487,-0.469457529295874,-0.29452846404658406
18306,7767.062370000001,18307,7767.06437,0.28556883112026704,-0.6482031138510547,-0.6058412776143282,-0.22221864692489354,-0.47567450754846513,0.08608586542674336,0.9764429410990113
18307,7767.06437,18308,7767.0663700000005,0.013628276790609828,-0.22414032461627648,0.24637656706444025,-0.22221864692489354,-0.4582422873450523,0.21947532111276988,0.28556883112026704
18308,7767.0663700000005,18309,7767.06837,-1.1863553764584585,-0.33386908533994497,-0.142219654779851,-0.22221864692489354,-0.4168168715325789,0.28425491436494743,0.013628276790609828
18309,7767.06837,18310,7767.07037,0.8774988257690824,0.4883957812993733,-0.004031897363650107,-0.22221864692489354,0.6658068438195398,0.5204389578696991,-1.1863553764584585
18310,7767.07037,18311,7767.07237,-0.2838439610845546,-0.45228617859521053,-0.21528747729291253,-0.22221864692489354,0.272683899816409,-0.28636182004630667,0.8774988257690824
18311,7767.07237,18312,7767.07437,-0.7331550129849314,0.21947532111276988,0.21947532111276988,-0.22221864692489354,0.4868088518975959,-0.39253381448423247,-0.2838439610845546
18312,7767.07437,18313,7767.076370000001,1.077400115198095,0.2478548059554514,-0.09081668448449774,-0.22221864692489354,0.4225581020479533,0.0527081256167263,-0.7331550129849314
18313,7767.076370000001,18314,7767.07837,0.05828607624277992,-0.3560632919496327,0.2845561728058882,-0.22221864692489354,-0.6813766317854102,-0.303838387594942,1.077400115198095
18314,7767.07837,18315,7767.080370000001,0.19767174533159046,-0.33386908533994497,-0.142219654779851,-0.22221864692489354,-0.4168168715325789,0.28425491436494743,0.05828607624277992
18315,7767.080370000001,18316,7767.08237,0.9822522618921998,-0.3284851404962956,-0.25979920808060847,-0.22221864692489354,0.23708773396750557,0.23826432285676985,0.19767174533159046
18316,7767.08237,18317,7767.0843700000005,-0.4591395507520449,-0.6452865205733541,-0.32515141032815087,-0.22221864692489354,-0.24870664313570442,0.15245940251003792,0.9822522618921998
18317,7767.0843700000005,18318,7767.08637,-0.8841509858461795,-0.2852952407927156,-0.3111977571319168,-0.22221864692489354,-0.10504017317985871,0.4755840261875662,-0.4591395507520449
18318,7767.08637,18319,7767.08837,-0.9098569767653358,-0.20883973594614808,-0.21528747729291253,-0.22221864692489354,0.024661541733282062,0.28595173187160355,-0.8841509858461795
18319,7767.08837,18320,7767.09037,1.0187586238871482,0.24161431382093385,-0.19647628792681227,-0.22221864692489354,-0.23786271642567358,0.10208673684537269,-0.9098569767653358
18320,7767.09037,18321,7767.09237,-0.7578164938717794,-0.48761380688594086,-0.4045790620607671,-0.22221864692489354,-0.6452865205733541,0.4754709129724304,1.0187586238871482
18321,7767.09237,18322,7767.094370000001,-1.0126426387244767,0.3497978476422957,-0.349079290883896,-0.22221864692489354,-0.28164935344982295,0.41712870065275015,-0.7578164938717794
18322,7767.094370000001,18323,7767.09637,1.3230337613397753,-0.3602608635249846,-0.4045790620607671,-0.22221864692489354,0.2537460060453641,0.660405885525192,-1.0126426387244767
18323,7767.09637,18324,7767.098370000001,0.5257240973925842,-0.45706772680652374,-0.45706772680652374,-0.22221864692489354,-0.44127364631389665,-0.45214724146403484,1.3230337613397753
18324,7767.098370000001,18325,7767.10037,-1.1878434223960566,-0.4341784187284774,-0.19492005369880339,-0.22221864692489354,0.14710132360850414,-0.18855022265439364,0.5257240973925842
18325,7767.10037,18326,7767.1023700000005,0.7438160762295281,0.4883957812993733,-0.004031897363650107,-0.22221864692489354,0.48734556054477945,0.5204389578696991,-1.1878434223960566
18326,7767.1023700000005,18327,7767.10437,0.6355412009669383,-0.5447970547107047,0.0810640939092567,-0.22221864692489354,-0.24235723467689102,0.017534181815475017,0.7438160762295281
18327,7767.10437,18328,7767.10637,-0.555797249602033,-0.49283027954691044,0.1358853078889796,-0.22221864692489354,0.06860213698607005,0.2386084286153376,0.6355412009669383
18328,7767.10637,18329,7767.10837,-0.9637784320175743,0.33431209940636736,-0.14386003369658196,-0.22221864692489354,0.35177122057090693,0.3611489968540988,-0.555797249602033
18329,7767.10837,18330,7767.11037,0.028701521712503803,-0.2109641318826023,-0.6326840561661579,-0.22221864692489354,-0.07803888151801902,-0.1109861543034674,-0.9637784320175743
18330,7767.11037,18331,7767.11237,0.1623169072728165,-0.33386908533994497,-0.142219654779851,-0.22221864692489354,-0.4168168715325789,0.28425491436494743,0.028701521712503803
18331,7767.11237,18332,7767.11437,0.3216746117987046,-0.2137014807198618,0.2666247912545009,-0.22221864692489354,0.24887692353116836,0.18912276188143587,0.1623169072728165
18332,7767.11437,18333,7767.116370000001,0.360438553304476,0.011543669774703644,0.4778661778225965,-0.22221864692489354,0.506938186654273,-0.29284614965403966,0.3216746117987046
18333,7767.116370000001,18334,7767.11837,0.6097655716208953,0.24347058211343803,-0.261061533451254,-0.22221864692489354,0.07053732576158991,-0.4836049776255281,0.360438553304476
18334,7767.11837,18335,7767.120370000001,-0.6036146365353263,-0.1367745355898586,-0.21378965766165123,-0.22221864692489354,0.22655174954169618,-0.15086438113950212,0.6097655716208953
18335,7767.120370000001,18336,7767.12237,0.4399617713160859,0.4560994046946216,-0.2585071819480077,-0.22221864692489354,-0.37852368433523076,0.23579476037952593,-0.6036146365353263
18336,7767.12237,18337,7767.12437,0.536275179213156,-0.2256517770607452,-0.3055559555122169,-0.22221864692489354,-0.5077271067512922,-0.40416611494856935,0.4399617713160859
18337,7767.12437,18338,7767.12637,-0.2885188469171407,-0.4341784187284774,-0.19492005369880339,-0.22221864692489354,0.6482221485989861,-0.3267540379289676,0.536275179213156
18338,7767.12637,18339,7767.12837,0.40484617229389086,0.21947532111276988,0.37204663762147455,-0.22221864692489354,0.1697773278423017,-0.39817136066672254,-0.2885188469171407
18339,7767.12837,18340,7767.13037,-0.9831650125362557,-0.2256517770607452,-0.18444244836309,-0.22221864692489354,-0.309035709552138,-0.3234408610880635,0.40484617229389086
18340,7767.13037,18341,7767.13237,-0.709446739091764,-0.4457817884455007,-0.32515141032815087,-0.22221864692489354,0.33146818645967324,0.2960726148674459,-0.9831650125362557
18341,7767.13237,18342,7767.134370000001,0.9226399595528095,0.23098172421311908,-0.3862955833629926,-0.22221864692489354,0.15252190055700302,0.49320819589851683,-0.709446739091764
18342,7767.134370000001,18343,7767.13637,0.008769443067043445,-0.5942765296670074,0.24161431382093385,-0.22221864692489354,-0.17782252196775147,0.02010588734399296,0.9226399595528095
18343,7767.13637,18344,7767.138370000001,0.6288682556909788,-0.33386908533994497,-0.142219654779851,-0.22221864692489354,-0.4168168715325789,0.28425491436494743,0.008769443067043445
18344,7767.138370000001,18345,7767.14037,-1.1731551937389881,-0.42710372668664515,0.28830062542145124,-0.22221864692489354,0.44745839092467876,0.2567067988803972,0.6288682556909788
18345,7767.14037,18346,7767.1423700000005,1.0368078689496167,0.6287906264868397,0.15803756558971685,-0.22221864692489354,0.40773126757577366,0.5204389578696991,-1.1731551937389881
18346,7767.1423700000005,18347,7767.14437,0.9259905786520242,-0.4045790620607671,0.19701442061940258,-0.22221864692489354,-0.8180105408541323,0.23040375633204757,1.0368078689496167
18347,7767.14437,18348,7767.14637,-0.570244144665749,-0.6326840561661579,0.2650902997767296,-0.22221864692489354,-0.09373726669391123,0.16377019365590556,0.9259905786520242
18348,7767.14637,18349,7767.14837,-0.9816933018160221,0.5122513585153673,0.4142706294650885,-0.22221864692489354,0.1930613728267464,0.3611489968540988,-0.570244144665749
18349,7767.14837,18350,7767.15037,-1.0811849999855576,-0.4457817884455007,-0.2109641318826023,-0.22221864692489354,0.33146818645967324,0.2960726148674459,-0.9816933018160221
18350,7767.15037,18351,7767.152370000001,0.12887086770141645,0.2845561728058882,0.1272056950353772,-0.22221864692489354,0.733924042123599,0.05225916081838758,-1.0811849999855576
18351,7767.152370000001,18352,7767.15437,0.8665268453833367,-0.11764148282154932,0.2468316425863906,-0.22221864692489354,0.08166803970670483,0.06598197385371023,0.12887086770141645
18352,7767.15437,18353,7767.156370000001,0.4209825466969586,-0.3836207254178327,-0.5001629737596565,-0.22221864692489354,-0.5980862872425824,-0.28636182004630667,0.8665268453833367
18353,7767.156370000001,18354,7767.15837,-0.32722645408388673,-0.18444244836309,-0.586228480579486,-0.22221864692489354,-0.3448086386508403,-0.34776916289481696,0.4209825466969586
18354,7767.15837,18355,7767.1603700000005,-0.6822601053662825,0.12222568506445756,0.18707215955255196,-0.22221864692489354,0.35906698518415187,-0.469457529295874,-0.32722645408388673
18355,7767.1603700000005,18356,7767.16237,0.6446563346476554,-0.11433558754392475,0.0878208763721414,-0.22221864692489354,0.3713187898851992,0.03494195658158384,-0.6822601053662825
18356,7767.16237,18357,7767.16437,0.7396729865660334,-0.49283027954691044,-0.4089410134347594,-0.22221864692489354,0.2628820837601324,0.2386084286153376,0.6446563346476554
18357,7767.16437,18358,7767.16637,-0.18113796308360777,-0.5683491514108684,-0.24241435958050994,-0.22221864692489354,-0.21452416329894933,0.09091639035226247,0.7396729865660334
18358,7767.16637,18359,7767.16837,-1.0732400396570487,0.18595462164382995,-0.25979920808060847,-0.22221864692489354,0.5416469130978876,0.16897845850712317,-0.18113796308360777
18359,7767.16837,18360,7767.17037,0.6212513604785342,0.2845561728058882,0.2845561728058882,-0.22221864692489354,0.15915568230091953,0.05225916081838758,-1.0732400396570487
18360,7767.17037,18361,7767.17237,-0.6986461372765941,-0.4773469377075341,0.23507571868727375,-0.22221864692489354,0.3031397820905364,0.0586293767370659,0.6212513604785342
18361,7767.17237,18362,7767.174370000001,0.1769995644560133,-0.11114900749167592,-0.14480518357318112,-0.22221864692489354,0.3787729241550719,0.28824606260599483,-0.6986461372765941
18362,7767.174370000001,18363,7767.17637,0.16519051686376807,-0.3284851404962956,-0.25979920808060847,-0.22221864692489354,0.08815418748781446,0.23826432285676985,0.1769995644560133
18363,7767.17637,18364,7767.1783700000005,1.2913235231866502,-0.2137014807198618,-0.25979920808060847,-0.22221864692489354,0.23225207892836824,0.18912276188143587,0.16519051686376807
18364,7767.1783700000005,18365,7767.18037,-1.1466597995083512,-0.5924467029899322,-0.45706772680652374,-0.22221864692489354,-0.10811558865798952,-0.26176213740049237,1.2913235231866502
18365,7767.18037,18366,7767.18237,1.06426509159952,0.45554565649745477,0.25535438122807297,-0.22221864692489354,0.36583035717542145,0.46674536964446656,-1.1466597995083512
18366,7767.18237,18367,7767.18437,-0.9629867598118366,-0.11095358048304305,0.2555799112245216,-0.22221864692489354,-0.12444565605484263,-0.303838387594942,1.06426509159952
18367,7767.18437,18368,7767.18637,-1.3748183902725537,-0.2109641318826023,-0.6326840561661579,-0.22221864692489354,-0.1975522638809434,0.03096244753518709,-0.9629867598118366
18368,7767.18637,18369,7767.18837,-0.6992974734433437,0.7421712963024673,0.5665331827738171,-0.22221864692489354,0.6314847137262339,0.36277097500886984,-1.3748183902725537
18369,7767.18837,18370,7767.19037,1.5385271754607703,-0.11114900749167592,-0.14480518357318112,-0.22221864692489354,0.3704396468673701,0.28824606260599483,-0.6992974734433437
18370,7767.19037,18371,7767.192370000001,-0.6680113396401184,-0.6143048440543135,0.5665331827738171,-0.22221864692489354,-0.7551517843025956,0.17284396829030366,1.5385271754607703
18371,7767.192370000001,18372,7767.19437,-0.6267895961631044,0.003959394191598462,-0.3877785297543843,-0.22221864692489354,0.013412829197409055,0.03314785552517815,-0.6680113396401184
18372,7767.19437,18373,7767.196370000001,0.9909507419297833,0.19940262403523046,0.28830062542145124,-0.22221864692489354,0.2144947934294938,0.1629355851779203,-0.6267895961631044
18373,7767.196370000001,18374,7767.19837,0.8763024812912339,-0.6326840561661579,-0.32515141032815087,-0.22221864692489354,0.11404336551804423,0.08608586542674336,0.9909507419297833
18374,7767.19837,18375,7767.2003700000005,-0.6970159383936145,-0.45228617859521053,-0.4450124051964178,-0.22221864692489354,-0.2864984787414297,-0.29064401459706074,0.8763024812912339
18375,7767.2003700000005,18376,7767.20237,0.6952378053272299,-0.11114900749167592,-0.11433558754392475,-0.22221864692489354,0.4791067468389124,0.22553559255963004,-0.6970159383936145
18376,7767.20237,18377,7767.20437,0.5300393071286632,-0.3877785297543843,-0.14480518357318112,-0.22221864692489354,-0.335067376615976,0.3015257504279363,0.6952378053272299
18377,7767.20437,18378,7767.20637,-1.0916118035274565,-0.37882276466544773,-0.19492005369880339,-0.22221864692489354,0.10241532752292622,-0.4046033477577051,0.5300393071286632
18378,7767.20637,18379,7767.20837,-0.47858815064461313,0.30970350704733635,-0.1534589028431259,-0.22221864692489354,0.3542516279132163,0.05225916081838758,-1.0916118035274565
18379,7767.20837,18380,7767.210370000001,1.3870129381863603,-0.33912048824683566,-0.33912048824683566,-0.22221864692489354,0.36719268646428177,0.3986600833996137,-0.47858815064461313
18380,7767.210370000001,18381,7767.21237,-1.5349104500528565,-0.6143048440543135,0.5665331827738171,-0.22221864692489354,-0.7551517843025956,0.17284396829030366,1.3870129381863603
18381,7767.21237,18382,7767.214370000001,0.8845868827108705,0.7421712963024673,0.5665331827738171,-0.22221864692489354,0.6314847137262339,0.36277097500886984,-1.5349104500528565
18382,7767.214370000001,18383,7767.21637,0.5455566766243376,-0.45228617859521053,-0.21528747729291253,-0.22221864692489354,-0.20368706974417702,-0.28636182004630667,0.8845868827108705
18383,7767.21637,18384,7767.2183700000005,0.6028978762609433,-0.37882276466544773,0.0023266815309476974,-0.22221864692489354,-0.40088076100852027,-0.3267540379289676,0.5455566766243376
18384,7767.2183700000005,18385,7767.22037,-0.5160820303016196,-0.1367745355898586,-0.2585071819480077,-0.22221864692489354,0.22043926107261144,-0.15086438113950212,0.6028978762609433
18385,7767.22037,18386,7767.22237,0.2848847149032934,-0.19492005369880339,0.040025316929352794,-0.22221864692489354,-0.0859522782776258,0.3997832400759384,-0.5160820303016196
18386,7767.22237,18387,7767.22437,-0.4698443808976001,-0.22414032461627648,0.24637656706444025,-0.22221864692489354,-0.4950290833067891,0.21947532111276988,0.2848847149032934
18387,7767.22437,18388,7767.22637,0.5510467462610378,-0.3793708463931679,-0.1580064889391583,-0.22221864692489354,0.24680320643266201,0.4755840261875662,-0.4698443808976001
18388,7767.22637,18389,7767.228370000001,0.11267853249820321,-0.1562957841783241,-0.19492005369880339,-0.22221864692489354,-0.03378143527182252,-0.3267540379289676,0.5510467462610378
18389,7767.228370000001,18390,7767.23037,-0.8526442604216375,-0.1375361019146593,-0.11764148282154932,-0.22221864692489354,0.21378965766164795,0.06598197385371023,0.11267853249820321
18390,7767.23037,18391,7767.232370000001,-0.9949959457955342,0.0579770049994011,-0.3836207254178327,-0.22221864692489354,0.4986830463814796,0.3577698856724587,-0.8526442604216375
18391,7767.232370000001,18392,7767.23437,0.6648151051081623,-0.4976878343744867,-0.32515141032815087,-0.22221864692489354,-0.09373726669391123,0.33253886435322505,-0.9949959457955342
18392,7767.23437,18393,7767.2363700000005,0.22620346917248416,-0.3877785297543843,-0.49283027954691044,-0.22221864692489354,-0.29526020114171253,0.25667864216008623,0.6648151051081623
18393,7767.2363700000005,18394,7767.23837,1.131043950555582,-0.3680243083006973,0.057427309036130976,-0.22221864692489354,0.1552991167024203,0.23826432285676985,0.22620346917248416
18394,7767.23837,18395,7767.24037,-0.4050646639738722,-0.48783729055021424,0.4308484280502308,-0.22221864692489354,-0.34558179471224015,-0.4301858315945434,1.131043950555582
18395,7767.24037,18396,7767.24237,0.4242502506457763,-0.03904571359033493,-0.18444244836309,-0.22221864692489354,0.2940132167842976,-0.09118222407484311,-0.4050646639738722
18396,7767.24237,18397,7767.24437,-0.5660993388062134,-0.2256517770607452,-0.586228480579486,-0.22221864692489354,-0.26243425571861306,-0.34776916289481696,0.4242502506457763
18397,7767.24437,18398,7767.24637,0.05263906722782141,0.5122513585153673,0.4142706294650885,-0.22221864692489354,-0.5742283773247355,0.3611489968540988,-0.5660993388062134
18398,7767.24637,18399,7767.24837,0.2572134843240301,-0.33386908533994497,-0.142219654779851,-0.22221864692489354,-0.4168168715325789,0.28425491436494743,0.05263906722782141
18399,7767.24837,18400,7767.250370000001,0.6027783662518343,-0.3924846526927655,0.03328868571940855,-0.22221864692489354,0.08123189322167389,0.21947532111276988,0.2572134843240301
18400,7767.250370000001,18401,7767.25237,-1.151136247982147,-0.1367745355898586,-0.2585071819480077,-0.22221864692489354,0.26843525063072204,-0.15086438113950212,0.6027783662518343
18401,7767.25237,18402,7767.254370000001,-1.3869947527310855,0.46081688303872814,0.20226095981088033,-0.22221864692489354,0.3024944820036128,0.46674536964446656,-1.151136247982147
18402,7767.254370000001,18403,7767.25637,1.140826580099041,0.7421712963024673,0.5665331827738171,-0.22221864692489354,0.6314847137262339,0.36277097500886984,-1.3869947527310855
18403,7767.25637,18404,7767.2583700000005,0.2006243712855582,-0.3560632919496327,0.3627709750088727,-0.22221864692489354,-0.5359557890327468,-0.34013120451600104,1.140826580099041
18404,7767.2583700000005,18405,7767.26037,0.5964438560757858,-0.3284851404962956,0.1817451092119638,-0.22221864692489354,0.4168168715325788,0.23826432285676985,0.2006243712855582
18405,7767.26037,18406,7767.26237,0.9078181802687106,-0.11540633830732888,-0.1367745355898586,-0.22221864692489354,-0.10363017507765014,-0.15086438113950212,0.5964438560757858
18406,7767.26237,18407,7767.26437,-0.9873231356884653,-0.48059340101518805,-0.19647628792681227,-0.22221864692489354,0.07372053197132893,-0.35769353328068076,0.9078181802687106
18407,7767.26437,18408,7767.26637,0.500935200126537,-0.4976878343744867,-0.3699117898289583,-0.22221864692489354,0.30630646482159596,0.2960726148674459,-0.9873231356884653
18408,7767.26637,18409,7767.268370000001,0.3005830275051659,-0.3111977571319168,-0.3793708463931679,-0.22221864692489354,0.14684994890175992,-0.4046033477577051,0.500935200126537
18409,7767.268370000001,18410,7767.27037,-0.07675881666627737,-0.22414032461627648,0.425368832305809,-0.22221864692489354,0.23173258340454847,-0.021068574384631857,0.3005830275051659
18410,7767.27037,18411,7767.272370000001,-1.1879543818626708,-0.26469932568774684,-0.142219654779851,-0.22221864692489354,-0.20898740935191218,0.2538024840754271,-0.07675881666627737
18411,7767.272370000001,18412,7767.27437,0.21487653446688548,0.4883957812993733,-0.004031897363650107,-0.22221864692489354,0.5416680880986836,0.5204389578696991,-1.1879543818626708
18412,7767.27437,18413,7767.2763700000005,0.8753929079699758,-0.3284851404962956,-0.05790830952639997,-0.22221864692489354,-0.011255796436979052,0.18912276188143587,0.21487653446688548
18413,7767.2763700000005,18414,7767.27837,0.7060571181199009,-0.45228617859521053,-0.4450124051964178,-0.22221864692489354,-0.47585544571334254,-0.29064401459706074,0.8753929079699758
18414,7767.27837,18415,7767.28037,-0.2060297898524699,-0.14480518357318112,-0.22486726958948416,-0.22221864692489354,-0.14395458889324414,0.2513427364435679,0.7060571181199009
18415,7767.28037,18416,7767.28237,0.6994421572191274,-0.05790830952639997,-0.2839535651400084,-0.22221864692489354,0.09001867945461382,0.30327416721161743,-0.2060297898524699
18416,7767.28237,18417,7767.28437,0.01914227264389443,-0.14480518357318112,-0.11433558754392475,-0.22221864692489354,0.19381125662990048,0.25667864216008623,0.6994421572191274
18417,7767.28437,18418,7767.286370000001,-0.3131422724816447,-0.33386908533994497,-0.142219654779851,-0.22221864692489354,-0.4168168715325789,0.28425491436494743,0.01914227264389443
18418,7767.286370000001,18419,7767.28837,-0.9511764518119246,0.18707215955255196,0.3575917210223996,-0.22221864692489354,0.48765850761456897,-0.39817136066672254,-0.3131422724816447
18419,7767.28837,18420,7767.290370000001,-0.6797180121135853,0.24161431382093385,-0.3445507870687826,-0.22221864692489354,0.5080775382236243,0.10208673684537269,-0.9511764518119246
18420,7767.290370000001,18421,7767.29237,0.6390243516370316,0.003959394191598462,0.03771471514515023,-0.22221864692489354,0.12377053426616783,0.03314785552517815,-0.6797180121135853
18421,7767.29237,18422,7767.2943700000005,0.18858036447164359,-0.49283027954691044,-0.16977732784229826,-0.22221864692489354,-0.40540444506104056,0.07006236307115508,0.6390243516370316
18422,7767.2943700000005,18423,7767.29637,-0.8798117344879334,-0.3680243083006973,-0.3284851404962956,-0.22221864692489354,-0.2309528337513062,0.23826432285676985,0.18858036447164359
18423,7767.29637,18424,7767.29837,-0.04051475897520084,-0.22402396436481015,-0.21528747729291253,-0.22221864692489354,0.111246706675967,0.4043361726471263,-0.8798117344879334
18424,7767.29837,18425,7767.30037,0.8396042299367698,-0.26469932568774684,-0.142219654779851,-0.22221864692489354,-0.20898740935191218,0.2538024840754271,-0.04051475897520084
18425,7767.30037,18426,7767.30237,1.042932201358227,-0.5540210687587266,-0.2130251990668944,-0.22221864692489354,-0.07351765106172604,-0.28636182004630667,0.8396042299367698
18426,7767.30237,18427,7767.30437,-0.4118143357868284,-0.4045790620607671,0.13867736503625425,-0.22221864692489354,-0.44871400064157385,0.23040375633204757,1.042932201358227
18427,7767.30437,18428,7767.30637,-0.9118331318119648,-0.1590935974930537,-0.4612300397916861,-0.22221864692489354,0.039500648769917816,-0.10448296967144763,-0.4118143357868284
18428,7767.30637,18429,7767.308370000001,-0.032267217181629226,-0.022955602520112153,-0.13101229880341542,-0.22221864692489354,-0.3903684060247249,0.03096244753518709,-0.9118331318119648
18429,7767.308370000001,18430,7767.31037,0.840059979062624,-0.26469932568774684,-0.142219654779851,-0.22221864692489354,-0.20898740935191218,0.2538024840754271,-0.032267217181629226
18430,7767.31037,18431,7767.312370000001,-0.825005199352816,-0.5540210687587266,-0.2130251990668944,-0.22221864692489354,-0.16438797337531547,-0.28636182004630667,0.840059979062624
18431,7767.312370000001,18432,7767.31437,-1.0330970496697078,0.19800024573023775,-0.013089570749465922,-0.22221864692489354,-0.2517106696536901,0.3577698856724587,-0.825005199352816
18432,7767.31437,18433,7767.3163700000005,0.5323288862687496,0.06325243515675495,0.13867736503625425,-0.22221864692489354,-0.21932918851178698,0.4905597772804365,-1.0330970496697078
18433,7767.3163700000005,18434,7767.31837,1.3921642696034893,-0.4341784187284774,-0.19492005369880339,-0.22221864692489354,0.2713251851176625,-0.3267540379289676,0.5323288862687496
18434,7767.31837,18435,7767.32037,-0.7686917908643598,-0.6143048440543135,0.5665331827738171,-0.22221864692489354,-0.7551517843025956,0.17284396829030366,1.3921642696034893
18435,7767.32037,18436,7767.32237,0.9818978356500385,0.23860842861534076,-0.32138433220463275,-0.22221864692489354,0.364440889118062,0.34638009514734397,-0.7686917908643598
18436,7767.32237,18437,7767.32437,0.5004278042696865,-0.6452865205733541,-0.2109641318826023,-0.22221864692489354,-0.24870664313570442,0.15245940251003792,0.9818978356500385
18437,7767.32437,18438,7767.326370000001,-1.4019133307369567,-0.3111977571319168,-0.3793708463931679,-0.22221864692489354,0.14684994890175992,-0.4046033477577051,0.5004278042696865
18438,7767.326370000001,18439,7767.32837,0.44272407467840985,0.7421712963024673,0.5665331827738171,-0.22221864692489354,0.6314847137262339,0.36277097500886984,-1.4019133307369567
18439,7767.32837,18440,7767.330370000001,0.6458590724526532,-0.2256517770607452,-0.2707978394581285,-0.22221864692489354,-0.42591576769783646,-0.40416611494856935,0.44272407467840985
18440,7767.330370000001,18441,7767.33237,-0.3755779535117452,-0.49283027954691044,-0.4089410134347594,-0.22221864692489354,-0.11815906443308215,0.2567067988803972,0.6458590724526532
18441,7767.33237,18442,7767.3343700000005,-1.0867987733614277,0.12222568506445756,-0.03904571359033493,-0.22221864692489354,-0.19255113045055325,-0.22064361378610747,-0.3755779535117452
18442,7767.3343700000005,18443,7767.33637,0.6261865595638482,0.30295161257612363,-0.11095358048304305,-0.22221864692489354,0.25800115174406957,-0.00450303989296314,-1.0867987733614277
18443,7767.33637,18444,7767.33837,0.9381430332769222,-0.42710372668664515,0.4392348140690237,-0.22221864692489354,-0.18870092265618346,0.2386084286153376,0.6261865595638482
18444,7767.33837,18445,7767.34037,-0.3442928689821379,-0.6326840561661579,-0.022955602520112153,-0.22221864692489354,-0.16064456250399978,0.03641703850535831,0.9381430332769222
18445,7767.34037,18446,7767.34237,1.054879378698404,0.12222568506445756,-0.2277407930818674,-0.22221864692489354,0.11491977553924453,-0.4840761201548569,-0.3442928689821379
18446,7767.34237,18447,7767.344370000001,0.8996655806222352,0.19207066438924272,0.2845561728058882,-0.22221864692489354,-0.1513024835372945,-0.303838387594942,1.054879378698404
18447,7767.344370000001,18448,7767.34637,-1.213121004533008,-0.45228617859521053,-0.21528747729291253,-0.22221864692489354,0.00736137351405322,-0.2615379975362791,0.8996655806222352
18448,7767.34637,18449,7767.348370000001,-0.7191571965926645,0.4883957812993733,0.09806921242428263,-0.22221864692489354,0.6262060180346103,0.5204389578696991,-1.213121004533008
18449,7767.348370000001,18450,7767.35037,-0.27608643978700814,-0.11114900749167592,-0.22486726958948416,-0.22221864692489354,-0.025939089016592927,0.5613353537402885,-0.7191571965926645
18450,7767.35037,18451,7767.3523700000005,-0.8371017694531911,0.03328868571940855,-0.22414032461627648,-0.22221864692489354,0.1544574051727147,-0.08755414746714527,-0.27608643978700814
18451,7767.3523700000005,18452,7767.35437,-0.5610446379544444,0.19800024573023775,-0.013089570749465922,-0.22221864692489354,-0.22570986424963452,0.3577698856724587,-0.8371017694531911
18452,7767.35437,18453,7767.35637,1.1481965104412206,0.33431209940636736,-0.04128339852111738,-0.22221864692489354,-0.012083209021288715,0.23579476037952593,-0.5610446379544444
18453,7767.35637,18454,7767.35837,0.635078434385843,-0.32412543194154536,0.25535438122807297,-0.22221864692489354,-0.18544073925113694,-0.34013120451600104,1.1481965104412206
18454,7767.35837,18455,7767.36037,-1.059078514687462,-0.49283027954691044,0.1358853078889796,-0.22221864692489354,-0.255946289020488,0.2567067988803972,0.635078434385843
18455,7767.36037,18456,7767.36237,1.0638255283926763,0.25400013206500477,0.30970350704733635,-0.22221864692489354,-0.08220457437636093,0.458518454151563,-1.059078514687462
18456,7767.36237,18457,7767.36437,-0.1951596320420774,-0.11095358048304305,0.2555799112245216,-0.22221864692489354,-0.12444565605484263,-0.303838387594942,1.0638255283926763
18457,7767.36437,18458,7767.366370000001,0.14452173239575064,0.011795490982976716,-0.2839535651400084,-0.22221864692489354,0.4096903215683905,0.30327416721161743,-0.1951596320420774
18458,7767.366370000001,18459,7767.36837,-1.1363270038132598,-0.11764148282154932,-0.0468558017538685,-0.22221864692489354,0.014812409551832726,0.07911556141073157,0.14452173239575064
18459,7767.36837,18460,7767.370370000001,0.31465796819681446,0.1794359902082422,0.4308484280502308,-0.22221864692489354,0.7756701862458223,0.46674536964446656,-1.1363270038132598
18460,7767.370370000001,18461,7767.37237,-0.577829256883077,-0.22414032461627648,0.425368832305809,-0.22221864692489354,-0.16024154295209547,-0.2264646908205313,0.31465796819681446
18461,7767.37237,18462,7767.37437,-0.6694286157239903,0.23507571868727375,0.4142706294650885,-0.22221864692489354,-0.15657591802188506,0.40683511250520366,-0.577829256883077
18462,7767.37437,18463,7767.37637,0.27082560142700374,0.003959394191598462,0.003959394191598462,-0.22221864692489354,0.11896724977779578,0.03314785552517815,-0.6694286157239903
18463,7767.37637,18464,7767.37837,1.3115590486723083,-0.5154735859446425,0.24637656706444025,-0.22221864692489354,-0.3638592658670793,0.013771882736142901,0.27082560142700374
18464,7767.37837,18465,7767.38037,0.6567701001567683,-0.45706772680652374,-0.5411385785180731,-0.22221864692489354,-0.28299412209158853,-0.45214724146403484,1.3115590486723083
18465,7767.38037,18466,7767.38237,-0.018606529644853338,-0.3877785297543843,-0.43566271025191466,-0.22221864692489354,-0.07077472253750312,0.2386084286153376,0.6567701001567683
18466,7767.38237,18467,7767.384370000001,0.9181016480451065,-0.26469932568774684,-0.142219654779851,-0.22221864692489354,-0.20898740935191218,0.2538024840754271,-0.018606529644853338
18467,7767.384370000001,18468,7767.38637,-0.9217281515771715,-0.5942765296670074,-0.057564761357569785,-0.22221864692489354,0.2332326125325249,-0.2615379975362791,0.9181016480451065
18468,7767.38637,18469,7767.388370000001,-1.4406326054752343,0.24161431382093385,0.05742730903612716,-0.22221864692489354,-0.1543950279777969,0.00775872212043541,-0.9217281515771715
18469,7767.388370000001,18470,7767.39037,0.6930379844253788,0.7421712963024673,0.5665331827738171,-0.22221864692489354,0.6314847137262339,0.36277097500886984,-1.4406326054752343
18470,7767.39037,18471,7767.3923700000005,0.6037937463599731,-0.3877785297543843,0.027639950487542052,-0.22221864692489354,-0.46402583417414994,0.3015257504279363,0.6930379844253788
18471,7767.3923700000005,18472,7767.39437,0.21625546059011466,-0.1367745355898586,-0.2585071819480077,-0.22221864692489354,0.22043926107261144,-0.15086438113950212,0.6037937463599731
18472,7767.39437,18473,7767.39637,0.06342324977207363,-0.3284851404962956,0.057427309036130976,-0.22221864692489354,-0.3414513708933604,0.18912276188143587,0.21625546059011466
18473,7767.39637,18474,7767.39837,0.41010099423181495,-0.33386908533994497,-0.142219654779851,-0.22221864692489354,-0.4168168715325789,0.28425491436494743,0.06342324977207363
18474,7767.39837,18475,7767.40037,-0.1061863801793119,-0.18444244836309,-0.586228480579486,-0.22221864692489354,-0.6730373177187103,-0.3234408610880635,0.41010099423181495
18475,7767.40037,18476,7767.402370000001,-1.1522867313119864,-0.26469932568774684,-0.19426091714379276,-0.22221864692489354,-0.2117007150540457,0.17611489210839118,-0.1061863801793119
18476,7767.402370000001,18477,7767.40437,1.319090477286832,0.45554565649745477,0.1794359902082422,-0.22221864692489354,0.3451437463395424,0.46674536964446656,-1.1522867313119864
18477,7767.40437,18478,7767.406370000001,-0.2561435137869247,-0.45706772680652374,-0.45706772680652374,-0.22221864692489354,-0.1448996494474535,-0.45214724146403484,1.319090477286832
18478,7767.406370000001,18479,7767.40837,-0.4554533353119825,0.03328868571940855,0.24637656706444025,-0.22221864692489354,0.17638952936008084,-0.171311823601295,-0.2561435137869247
18479,7767.40837,18480,7767.4103700000005,-1.0636873400417346,-0.3360041692109607,-0.3111977571319168,-0.22221864692489354,-0.08438129107393687,0.4755840261875662,-0.4554533353119825
18480,7767.4103700000005,18481,7767.41237,-0.11796500272084322,0.25400013206500477,0.2555799112245216,-0.22221864692489354,0.4330224446917331,0.33253886435322505,-1.0636873400417346
18481,7767.41237,18482,7767.41437,0.5745152860897167,-0.264447904458089,-0.11764148282154932,-0.22221864692489354,-0.013735983183093927,0.2439554997582549,-0.11796500272084322
18482,7767.41437,18483,7767.41637,0.5524512261531599,-0.04128339852111738,0.3041338046050559,-0.22221864692489354,0.08551799675616023,-0.24794002233409962,0.5745152860897167
18483,7767.41637,18484,7767.41837,0.6541433683587459,-0.14386003369658196,-0.19492005369880339,-0.22221864692489354,-0.03378143527182252,-0.30157959347546437,0.5524512261531599
18484,7767.41837,18485,7767.42037,-0.6285577027100898,-0.16977732784229826,-0.43566271025191466,-0.22221864692489354,-0.6730187495130483,0.24819562790769067,0.6541433683587459
18485,7767.42037,18486,7767.42237,-0.09104931604699876,0.19940262403523046,0.28830062542145124,-0.22221864692489354,-0.05612056882267305,0.1629355851779203,-0.6285577027100898
18486,7767.42237,18487,7767.424370000001,1.1919849487188257,-0.26469932568774684,-0.1375361019146593,-0.22221864692489354,-0.06024131226572355,0.2538024840754271,-0.09104931604699876
18487,7767.424370000001,18488,7767.42637,-0.26640173878049705,-0.3039189645258097,0.05132605090292216,-0.22221864692489354,-0.6057419796508471,-0.5082527079197163,1.1919849487188257
18488,7767.42637,18489,7767.4283700000005,-0.9215109318440755,0.1188056649534898,-0.01570854725854441,-0.22221864692489354,-0.23628341357483915,-0.171311823601295,-0.26640173878049705
18489,7767.4283700000005,18490,7767.43037,-0.46893390351697395,0.24161431382093385,0.05742730903612716,-0.22221864692489354,-0.09674846997515256,0.00775872212043541,-0.9215109318440755
18490,7767.43037,18491,7767.43237,0.34830883524970885,-0.3793708463931679,-0.1580064889391583,-0.22221864692489354,0.08364508650968154,0.4755840261875662,-0.46893390351697395
18491,7767.43237,18492,7767.43437,-0.03736415775532157,0.24347058211343803,-0.22326729252055358,-0.22221864692489354,-0.28134721789853057,-0.5797879215371626,0.34830883524970885
18492,7767.43437,18493,7767.43637,0.2641684733779538,-0.26469932568774684,-0.142219654779851,-0.22221864692489354,-0.20898740935191218,0.2538024840754271,-0.03736415775532157
18493,7767.43637,18494,7767.43837,-1.1045877273884854,-0.3924846526927655,-0.01570854725854441,-0.22221864692489354,0.5849315161047358,0.3033279162038353,0.2641684733779538
18494,7767.43837,18495,7767.44037,0.8166925729053455,0.30295161257612363,-0.3560632919496327,-0.22221864692489354,0.21390721482395256,0.4368861822411516,-1.1045877273884854
18495,7767.44037,18496,7767.442370000001,1.2975377280834886,-0.34364778258269746,-0.20543721480030894,-0.22221864692489354,-0.10307218513981259,-0.32164822622632444,0.8166925729053455
18496,7767.442370000001,18497,7767.44437,-0.40358284033120295,-0.45706772680652374,-0.2989108765141074,-0.22221864692489354,-0.5854586108115256,-0.4224388286612822,1.2975377280834886
18497,7767.44437,18498,7767.446370000001,-0.6605939084645395,-0.03904571359033493,-0.18444244836309,-0.22221864692489354,0.3227031064633891,-0.09118222407484311,-0.40358284033120295
18498,7767.446370000001,18499,7767.44837,-0.9272873714333948,0.19940262403523046,-0.540651181947749,-0.22221864692489354,0.47433907656040064,0.22553559255963004,-0.6605939084645395
18499,7767.44837,18500,7767.4503700000005,0.0035242647337208194,0.24161431382093385,0.2650902997767296,-0.22221864692489354,0.6802896250918583,0.00775872212043541,-0.9272873714333948
18500,7767.4503700000005,18501,7767.45237,-1.258409288381056,-0.33386908533994497,-0.142219654779851,-0.22221864692489354,-0.4168168715325789,0.28425491436494743,0.0035242647337208194
18501,7767.45237,18502,7767.45437,0.6896652384590709,0.22067280362221273,-0.19677528628455082,-0.22221864692489354,0.2888188237393582,0.29479954022064125,-1.258409288381056
18502,7767.45437,18503,7767.45637,1.1756744267057055,-0.49283027954691044,0.03771471514515023,-0.22221864692489354,-0.24489613974779645,0.33018709029376864,0.6896652384590709
18503,7767.45637,18504,7767.45837,-0.733137528174865,-0.23320378702771544,0.14744686068649904,-0.22221864692489354,-0.3163835941642779,-0.4676350392707466,1.1756744267057055
18504,7767.45837,18505,7767.460370000001,0.7878781538609632,0.2478548059554514,-0.09081668448449774,-0.22221864692489354,0.4225581020479533,0.0527081256167263,-0.733137528174865
18505,7767.460370000001,18506,7767.46237,0.8045078575549093,-0.34364778258269746,-0.20543721480030894,-0.22221864692489354,-0.08471575042352236,-0.2963973956432763,0.7878781538609632
18506,7767.46237,18507,7767.464370000001,0.28832790571281025,-0.2924387125634771,-0.05257000406954908,-0.22221864692489354,-0.1996113207251661,-0.49280804472495426,0.8045078575549093
18507,7767.464370000001,18508,7767.46637,-1.0815552972150309,-0.22414032461627648,0.37204663762147455,-0.22221864692489354,-0.3323039356790976,0.21947532111276988,0.28832790571281025
18508,7767.46637,18509,7767.4683700000005,0.41839899862451224,0.2845561728058882,0.1272056950353772,-0.22221864692489354,0.733924042123599,0.05225916081838758,-1.0815552972150309
18509,7767.4683700000005,18510,7767.47037,-0.7652096459979585,-0.2256517770607452,-0.586228480579486,-0.22221864692489354,-0.47795645293606853,-0.3234408610880635,0.41839899862451224
18510,7767.47037,18511,7767.47237,0.14750967278413502,0.2478548059554514,-0.32138433220463275,-0.22221864692489354,-0.26634596788730086,0.4004418971711687,-0.7652096459979585
18511,7767.47237,18512,7767.47437,-0.26832393234380086,-0.1451200351232795,-0.0468558017538685,-0.22221864692489354,0.10359736075747876,0.07911556141073157,0.14750967278413502
18512,7767.47437,18513,7767.47637,0.360159312330407,0.1188056649534898,-0.01570854725854441,-0.22221864692489354,0.08233866307623587,-0.171311823601295,-0.26832393234380086
18513,7767.47637,18514,7767.478370000001,0.6680673228451669,0.24347058211343803,-0.261061533451254,-0.22221864692489354,0.07053732576158991,-0.4836049776255281,0.360159312330407
18514,7767.478370000001,18515,7767.48037,-0.24267138127169754,-0.3877785297543843,-0.3877785297543843,-0.22221864692489354,-0.5884133009986697,0.25667864216008623,0.6680673228451669
18515,7767.48037,18516,7767.482370000001,0.32544059863119623,0.03328868571940855,0.1188056649534898,-0.22221864692489354,0.3826778674962146,-0.018749422511174247,-0.24267138127169754
18516,7767.482370000001,18517,7767.48437,0.4030478729028188,-0.3466117404736551,0.3022792894054063,-0.22221864692489354,-0.5922856788762237,-0.2264646908205313,0.32544059863119623
18517,7767.48437,18518,7767.4863700000005,-0.1031378471773311,-0.2256517770607452,-0.18444244836309,-0.22221864692489354,-0.309035709552138,-0.3234408610880635,0.4030478729028188
18518,7767.4863700000005,18519,7767.48837,0.4421160866323615,-0.264447904458089,-0.03932569819300731,-0.22221864692489354,-0.19426091714379276,0.17611489210839118,-0.1031378471773311
18519,7767.48837,18520,7767.49037,-0.30753822291011373,-0.2256517770607452,-0.3055559555122169,-0.22221864692489354,-0.5362325997492183,-0.40416611494856935,0.4421160866323615
18520,7767.49037,18521,7767.49237,-1.2449592985091926,0.21947532111276988,0.425368832305809,-0.22221864692489354,0.04358577866327499,-0.3460196512825826,-0.30753822291011373
18521,7767.49237,18522,7767.49437,-0.30919602162665055,0.2695477524837449,-0.19677528628455082,-0.22221864692489354,0.09330635364880971,0.4191651904493775,-1.2449592985091926
18522,7767.49437,18523,7767.49637,1.1018463618733838,0.21947532111276988,0.3575917210223996,-0.22221864692489354,0.32125235907417,-0.3460196512825826,-0.30919602162665055
18523,7767.49637,18524,7767.49837,0.5931106535198342,-0.5763372836253312,-0.1534589028431259,-0.22221864692489354,-0.40971448345301886,-0.4301858315945434,1.1018463618733838
18524,7767.49837,18525,7767.500370000001,0.10287517315428125,-0.11540633830732888,0.13598062011603174,-0.22221864692489354,-0.4722304474078446,-0.15086438113950212,0.5931106535198342
18525,7767.500370000001,18526,7767.50237,0.09592211925795725,-0.1375361019146593,-0.03932569819300731,-0.22221864692489354,0.3830253396398898,0.1897551872537381,0.10287517315428125
18526,7767.50237,18527,7767.504370000001,0.7324203876108193,-0.142219654779851,-0.142219654779851,-0.22221864692489354,0.04869483487163231,0.29896486053485194,0.09592211925795725
18527,7767.504370000001,18528,7767.50637,-0.1770300564442433,-0.5447970547107047,-0.09081668448449774,-0.22221864692489354,0.31876801707171204,0.09164726311328769,0.7324203876108193
18528,7767.50637,18529,7767.5083700000005,-0.9389403792961256,0.2694643577625831,-0.25979920808060847,-0.22221864692489354,0.18423056150987793,0.14244063181491506,-0.1770300564442433
18529,7767.5083700000005,18530,7767.51037,-0.4533738521227029,0.3341036466462218,-0.3445507870687826,-0.22221864692489354,0.43690969588494,-0.1109861543034674,-0.9389403792961256
18530,7767.51037,18531,7767.51237,-0.6201361078169357,-0.33912048824683566,-0.2852952407927156,-0.22221864692489354,0.6170970983510538,0.7276848659227682,-0.4533738521227029
18531,7767.51237,18532,7767.51437,0.7703609447887322,0.28830062542145124,-0.11540633830732888,-0.22221864692489354,0.645343790515243,0.40683511250520366,-0.6201361078169357
18532,7767.51437,18533,7767.51637,-0.2569038737272457,-0.349079290883896,-0.32138433220463275,-0.22221864692489354,-0.23158823118488148,-0.49280804472495426,0.7703609447887322
18533,7767.51637,18534,7767.518370000001,0.28832790571280414,0.03328868571940855,0.03328868571940855,-0.22221864692489354,0.13372245717307746,-0.171311823601295,-0.2569038737272457
18534,7767.518370000001,18535,7767.52037,-0.022884458524637264,-0.22414032461627648,0.37204663762147455,-0.22221864692489354,-0.3323039356790976,0.21947532111276988,0.28832790571280414
18535,7767.52037,18536,7767.522370000001,-0.007830950361699186,-0.26469932568774684,-0.142219654779851,-0.22221864692489354,-0.20898740935191218,0.2538024840754271,-0.022884458524637264
18536,7767.522370000001,18537,7767.52437,0.8407824657044967,-0.26469932568774684,-0.142219654779851,-0.22221864692489354,-0.20898740935191218,0.2538024840754271,-0.007830950361699186
18537,7767.52437,18538,7767.5263700000005,-0.8171749578256992,-0.5540210687587266,-0.2130251990668944,-0.22221864692489354,-0.4046033477577051,-0.29064401459706074,0.8407824657044967
18538,7767.5263700000005,18539,7767.52837,0.873024138166554,0.19800024573023775,-0.20543721480030894,-0.22221864692489354,0.04543082975151717,0.3577698856724587,-0.8171749578256992
18539,7767.52837,18540,7767.53037,-0.8239519293310887,-0.45228617859521053,-0.21528747729291253,-0.22221864692489354,-0.2498412984640898,-0.29064401459706074,0.873024138166554
18540,7767.53037,18541,7767.53237,-1.0710350220391383,0.0807619841739891,0.0579770049994011,-0.22221864692489354,-0.20252851038695807,0.3577698856724587,-0.8239519293310887
18541,7767.53237,18542,7767.53437,-0.16002446512884091,0.2845561728058882,0.2845561728058882,-0.22221864692489354,0.08715392066661481,0.458518454151563,-1.0710350220391383
18542,7767.53437,18543,7767.536370000001,0.9054220540827752,0.18595462164382995,-0.1253451100184705,-0.22221864692489354,0.20753926877699613,0.04382965985950285,-0.16002446512884091
18543,7767.536370000001,18544,7767.53837,0.7877788276238569,-0.48059340101518805,-0.21528747729291253,-0.22221864692489354,0.13658405335174936,-0.2615379975362791,0.9054220540827752
18544,7767.53837,18545,7767.540370000001,-0.354404853308073,-0.34364778258269746,-0.20543721480030894,-0.22221864692489354,-0.20172564381295877,-0.2963973956432763,0.7877788276238569
18545,7767.540370000001,18546,7767.54237,-0.3149236430124006,0.22099383559682884,-0.2277407930818674,-0.22221864692489354,-0.3737512404607763,-0.4840761201548569,-0.354404853308073
18546,7767.54237,18547,7767.5443700000005,0.8823452521526062,0.12222568506445756,0.425368832305809,-0.22221864692489354,0.6041916533743555,-0.469457529295874,-0.3149236430124006
18547,7767.5443700000005,18548,7767.54637,-0.7720273172802686,-0.45228617859521053,-0.21528747729291253,-0.22221864692489354,-0.20368706974417702,-0.28636182004630667,0.8823452521526062
18548,7767.54637,18549,7767.54837,-0.8621256390670667,0.23860842861534076,-0.4550377844702846,-0.22221864692489354,0.6295472542911712,0.34638009514734397,-0.7720273172802686
18549,7767.54837,18550,7767.55037,1.0929792249306742,-0.20883973594614808,-0.5001629737596565,-0.22221864692489354,0.2258841055743096,0.3577698856724587,-0.8621256390670667
18550,7767.55037,18551,7767.55237,-0.882887314713873,-0.5707173324169582,-0.1534589028431259,-0.22221864692489354,-0.6284023900459711,-0.48304380408472236,1.0929792249306742
18551,7767.55237,18552,7767.55437,0.5734697219536721,-0.22402396436481015,-0.21528747729291253,-0.22221864692489354,0.0860524703124429,0.28595173187160355,-0.882887314713873
18552,7767.55437,18553,7767.55637,0.9127101709841265,-0.04128339852111738,0.3041338046050559,-0.22221864692489354,0.027958540199788492,-0.20585205420414715,0.5734697219536721
18553,7767.55637,18554,7767.558370000001,-0.7890031622517372,-0.5942765296670074,-0.13101229880341542,-0.22221864692489354,-0.10464688528805648,-0.2615379975362791,0.9127101709841265
18554,7767.558370000001,18555,7767.56037,-0.34264061612142427,0.21953376817436218,-0.20543721480030894,-0.22221864692489354,0.04156275739432049,0.34178760532952207,-0.7890031622517372
18555,7767.56037,18556,7767.562370000001,0.8404369937392514,0.12222568506445756,-0.22326729252055358,-0.22221864692489354,0.012945866779397307,-0.4840761201548569,-0.34264061612142427
18556,7767.562370000001,18557,7767.56437,0.45325819838984904,-0.5540210687587266,-0.2130251990668944,-0.22221864692489354,-0.16438797337531547,-0.28636182004630667,0.8404369937392514
18557,7767.56437,18558,7767.5663700000005,-0.8560673034542368,0.2012793281413575,-0.2852952407927156,-0.22221864692489354,0.1757485917379901,-0.4093036519968823,0.45325819838984904
18558,7767.5663700000005,18559,7767.56837,1.2476073639869343,0.0579770049994011,-0.5001629737596565,-0.22221864692489354,0.4532581983898541,0.3577698856724587,-0.8560673034542368
18559,7767.56837,18560,7767.57037,-0.2665969124159369,-0.39413025843813126,-0.19677528628455082,-0.22221864692489354,-0.4183031833562785,-0.41280239481335645,1.2476073639869343
18560,7767.57037,18561,7767.57237,-1.5199212905818984,0.1188056649534898,-0.01570854725854441,-0.22221864692489354,-0.23628341357483915,-0.171311823601295,-0.2665969124159369
18561,7767.57237,18562,7767.57437,-0.7143761127209294,0.7421712963024673,0.5665331827738171,-0.22221864692489354,0.6314847137262339,0.36277097500886984,-1.5199212905818984
18562,7767.57437,18563,7767.576370000001,1.0279541811915278,0.08448164062495879,-0.40321812085722475,-0.22221864692489354,0.31058431744980514,0.5416892626511061,-0.7143761127209294
18563,7767.576370000001,18564,7767.57837,-0.9074657366560427,-0.3699117898289583,-0.2970736836595315,-0.22221864692489354,-0.15333401992070486,0.4754709129724304,1.0279541811915278
18564,7767.57837,18565,7767.580370000001,1.1841971102430329,-0.022955602520112153,-0.19647628792681227,-0.22221864692489354,-0.04121354660714065,0.18377636701599045,-0.9074657366560427
18565,7767.580370000001,18566,7767.58237,0.9450842033821317,-0.3039189645258097,0.14744686068649904,-0.22221864692489354,-0.5545647061241874,-0.5597977549998868,1.1841971102430329
18566,7767.58237,18567,7767.5843700000005,-0.7393776348782074,-0.6326840561661579,-0.3445507870687826,-0.22221864692489354,-0.6732044160564702,0.03641703850535831,0.9450842033821317
18567,7767.5843700000005,18568,7767.58637,-0.29254737868692926,0.31058431744980514,-0.09081668448449774,-0.22221864692489354,0.4726389163358452,0.41712870065275015,-0.7393776348782074
18568,7767.58637,18569,7767.58837,-0.38994954753117467,0.26136985966282844,0.425368832305809,-0.22221864692489354,0.21947532111276988,-0.469457529295874,-0.29254737868692926
18569,7767.58837,18570,7767.59037,0.1445217323957576,0.025655330634945066,0.06867010178033228,-0.22221864692489354,0.20682920957556514,-0.19740289198946717,-0.38994954753117467
18570,7767.59037,18571,7767.59237,-1.1130779762336995,-0.11764148282154932,-0.0468558017538685,-0.22221864692489354,0.014812409551832726,0.07911556141073157,0.1445217323957576
18571,7767.59237,18572,7767.594370000001,0.978237179474391,0.45554565649745477,-0.3560632919496327,-0.22221864692489354,-0.24691694619620683,0.458518454151563,-1.1130779762336995
18572,7767.594370000001,18573,7767.59637,-1.0486367087952297,-0.6482031138510547,-0.6058412776143282,-0.22221864692489354,-0.21915380119768868,0.15245940251003792,0.978237179474391
18573,7767.59637,18574,7767.598370000001,0.18177545684409302,0.2845561728058882,0.30970350704733635,-0.22221864692489354,0.6827015496319133,0.4905597772804365,-1.0486367087952297
18574,7767.598370000001,18575,7767.60037,1.124184841272297,-0.3680243083006973,-0.25979920808060847,-0.22221864692489354,0.0409690264766767,0.2949621506605914,0.18177545684409302
18575,7767.60037,18576,7767.6023700000005,0.2373748345408065,-0.48783729055021424,0.20472566091455688,-0.22221864692489354,-0.40336402460964255,-0.34013120451600104,1.124184841272297
18576,7767.6023700000005,18577,7767.60437,0.7646676405646351,-0.3284851404962956,0.057427309036130976,-0.22221864692489354,0.05229370372931928,0.3033279162038353,0.2373748345408065
18577,7767.60437,18578,7767.60637,-0.8037423789712868,-0.46320165830331783,-0.32138433220463275,-0.22221864692489354,-0.4305881746565941,-0.4830662570737806,0.7646676405646351
18578,7767.60637,18579,7767.60837,-1.3123137693879703,0.09869595454043296,-0.20543721480030894,-0.22221864692489354,-0.1513337692225314,0.34178760532952207,-0.8037423789712868
18579,7767.60837,18580,7767.61037,0.15455096367023788,0.6041319774148007,-0.5924467029899322,-0.22221864692489354,0.1532403474931127,0.36277097500886984,-1.3123137693879703
18580,7767.61037,18581,7767.61237,1.3748275944346753,-0.1451200351232795,-0.1451200351232795,-0.22221864692489354,-0.3758529225794601,0.07911556141073157,0.15455096367023788
18581,7767.61237,18582,7767.61437,-1.275743978358711,-0.6143048440543135,0.5665331827738171,-0.22221864692489354,-0.7551517843025956,0.17284396829030366,1.3748275944346753
18582,7767.61437,18583,7767.616370000001,0.5515920025449954,0.07790421498581429,-0.3658808469260143,-0.22221864692489354,0.46626598872149305,0.07975429203940905,-1.275743978358711
18583,7767.616370000001,18584,7767.61837,0.8118882042723007,-0.1562957841783241,-0.19492005369880339,-0.22221864692489354,-0.021531760041277256,-0.3267540379289676,0.5515920025449954
18584,7767.61837,18585,7767.620370000001,1.0039315740393087,-0.29246588020138925,0.0807619841739891,-0.22221864692489354,-0.018749422511171517,-0.2963973956432763,0.8118882042723007
18585,7767.620370000001,18586,7767.62237,-0.6115047712371264,-0.5427897219922647,-0.3699117898289583,-0.22221864692489354,-0.316807907313747,0.03641703850535831,1.0039315740393087
18586,7767.62237,18587,7767.62437,0.9305794253255286,0.44799338041210496,-0.21378965766165123,-0.22221864692489354,0.44799338041210496,0.4353801578601097,-0.6115047712371264
18587,7767.62437,18588,7767.62637,-1.417415587820054,-0.6326840561661579,0.2650902997767296,-0.22221864692489354,0.12038807150997183,0.02010588734399296,0.9305794253255286
18588,7767.62637,18589,7767.62837,0.29653268984070347,0.7421712963024673,0.5665331827738171,-0.22221864692489354,0.6314847137262339,0.36277097500886984,-1.417415587820054
18589,7767.62837,18590,7767.63037,-0.09734301995136975,0.011543669774703644,0.425368832305809,-0.22221864692489354,0.047341912874550675,0.013771882736142901,0.29653268984070347
18590,7767.63037,18591,7767.63237,-0.17815760688444196,-0.26469932568774684,-0.26469932568774684,-0.22221864692489354,-0.10566256284862671,0.2538024840754271,-0.09734301995136975
18591,7767.63237,18592,7767.634370000001,-0.4375208566392437,0.2694643577625831,-0.25979920808060847,-0.22221864692489354,0.23225207892836744,0.16897845850712317,-0.17815760688444196
18592,7767.634370000001,18593,7767.63637,0.10608818532791717,-0.3360041692109607,-0.2852952407927156,-0.22221864692489354,-0.06625451839940025,0.16676286846948227,-0.4375208566392437
18593,7767.63637,18594,7767.638370000001,-0.7511241855593407,-0.4270562354131642,-0.19426091714379276,-0.22221864692489354,0.04723776609693227,0.28425491436494743,0.10608818532791717
18594,7767.638370000001,18595,7767.64037,0.4420459103729618,0.3497978476422957,-0.09081668448449774,-0.22221864692489354,0.015959321974601655,0.41712870065275015,-0.7511241855593407
18595,7767.64037,18596,7767.6423700000005,1.0512733003328667,-0.2256517770607452,-0.3055559555122169,-0.22221864692489354,-0.5362325997492183,-0.40416611494856935,0.4420459103729618
18596,7767.6423700000005,18597,7767.64437,0.27154714222535115,-0.11095358048304305,0.30970350704733635,-0.22221864692489354,-0.44057107017258434,-0.11993621080448057,1.0512733003328667
18597,7767.64437,18598,7767.64637,-0.8930118601544009,-0.3924846526927655,0.24637656706444025,-0.22221864692489354,-0.3638592658670793,0.013771882736142901,0.27154714222535115
18598,7767.64637,18599,7767.64837,-0.6365046107410528,-0.19647628792681227,-0.19647628792681227,-0.22221864692489354,0.2629100663549591,0.28595173187160355,-0.8930118601544009
18599,7767.64837,18600,7767.65037,0.8175767675822196,0.28830062542145124,0.024022155522242548,-0.22221864692489354,-0.050945645247574944,0.0533639425637558,-0.6365046107410528
18600,7767.65037,18601,7767.652370000001,-0.4248215976117549,-0.34364778258269746,-0.05257000406954908,-0.22221864692489354,-0.2773835463177908,-0.32164822622632444,0.8175767675822196
18601,7767.652370000001,18602,7767.65437,-0.28979993738195003,-0.2852952407927156,-0.4612300397916861,-0.22221864692489354,-0.3767273214859622,0.20996150728149343,-0.4248215976117549
18602,7767.65437,18603,7767.656370000001,-0.04654317691850005,0.24637656706444025,0.37204663762147455,-0.22221864692489354,-0.173670351381181,-0.44561863539592267,-0.28979993738195003
18603,7767.656370000001,18604,7767.65837,-0.4439389429445432,-0.26469932568774684,-0.142219654779851,-0.22221864692489354,-0.20898740935191218,0.2538024840754271,-0.04654317691850005
18604,7767.65837,18605,7767.6603700000005,0.6643095013222209,-0.33912048824683566,-0.2852952407927156,-0.22221864692489354,-0.2149352509251273,0.20996150728149343,-0.4439389429445432
18605,7767.6603700000005,18606,7767.66237,0.6813950454483471,-0.3877785297543843,-0.540651181947749,-0.22221864692489354,-0.2146416341516268,0.24819562790769067,0.6643095013222209
18606,7767.66237,18607,7767.66437,0.7968921972793043,-0.5677304416072702,0.03771471514515023,-0.22221864692489354,-0.136234741651023,0.3015257504279363,0.6813950454483471
18607,7767.66437,18608,7767.66637,-0.7704788603781461,-0.29246588020138925,0.09869595454043296,-0.22221864692489354,0.10507294019003732,-0.4091344370330442,0.7968921972793043
18608,7767.66637,18609,7767.66837,-0.9707513435020951,0.23860842861534076,-0.32138433220463275,-0.22221864692489354,0.6170578249097101,0.34638009514734397,-0.7704788603781461
18609,7767.66837,18610,7767.67037,-0.17069830783004025,-0.3445507870687826,-0.6326840561661579,-0.22221864692489354,0.025406975983227446,0.17522943642255087,-0.9707513435020951
18610,7767.67037,18611,7767.67237,0.840374167829824,0.2694643577625831,-0.2137014807198618,-0.22221864692489354,0.30477804804397085,0.1023824733134749,-0.17069830783004025
18611,7767.67237,18612,7767.674370000001,-0.2287836668727942,-0.5540210687587266,-0.2130251990668944,-0.22221864692489354,-0.16438797337531547,-0.28636182004630667,0.840374167829824
18612,7767.674370000001,18613,7767.67637,0.6814134587722313,0.011795490982976716,0.057427309036130976,-0.22221864692489354,0.1823215567939549,0.01290993755996567,-0.2287836668727942
18613,7767.67637,18614,7767.6783700000005,0.7360358278903089,-0.5677304416072702,0.03771471514515023,-0.22221864692489354,-0.136234741651023,0.3015257504279363,0.6814134587722313
18614,7767.6783700000005,18615,7767.68037,0.4679542148884307,-0.5447970547107047,-0.24241435958050994,-0.22221864692489354,-0.4922297657559708,0.09164726311328769,0.7360358278903089
18615,7767.68037,18616,7767.68237,-0.5204822151423312,-0.10399106154996786,-0.1580064889391583,-0.22221864692489354,-0.110790695463218,-0.4763528569243921,0.4679542148884307
18616,7767.68237,18617,7767.68437,-0.39985644562495926,0.1887310599314789,0.040025316929352794,-0.22221864692489354,0.21622614152539313,0.47266160416269526,-0.5204822151423312
18617,7767.68437,18618,7767.68637,0.1925811519159041,-0.03904571359033493,-0.03904571359033493,-0.22221864692489354,0.397193198067029,-0.09118222407484311,-0.39985644562495926
18618,7767.68637,18619,7767.68837,0.316913957475573,-0.3680243083006973,-0.2839535651400084,-0.22221864692489354,-0.22846512636478014,0.23826432285676985,0.1925811519159041
18619,7767.68837,18620,7767.69037,-0.43188876483483996,-0.22414032461627648,0.44738858858162417,-0.22221864692489354,-0.2432993785519809,-0.2264646908205313,0.316913957475573
18620,7767.69037,18621,7767.692370000001,-1.1606910080825517,-0.5242815461956132,-0.5832876300759183,-0.22221864692489354,0.040444853347769295,0.001890840896441542,-0.43188876483483996
18621,7767.692370000001,18622,7767.69437,0.9371169390427516,0.46081688303872814,0.15803756558971685,-0.22221864692489354,0.27878914413489136,0.5491149871301269,-1.1606910080825517
18622,7767.69437,18623,7767.696370000001,-0.33110232642319043,-0.6326840561661579,-0.022955602520112153,-0.22221864692489354,-0.21810083084680904,0.03641703850535831,0.9371169390427516
18623,7767.696370000001,18624,7767.69837,0.9895851663844635,0.12222568506445756,0.12222568506445756,-0.22221864692489354,0.24799682921910512,-0.3163835941642779,-0.33110232642319043
18624,7767.69837,18625,7767.7003700000005,-0.580480696331572,-0.6326840561661579,-0.3699117898289583,-0.22221864692489354,-0.2035683048984318,0.08608586542674336,0.9895851663844635
18625,7767.7003700000005,18626,7767.70237,0.22105219397565778,0.44799338041210496,0.5122513585153673,-0.22221864692489354,-0.05790830952639997,0.40683511250520366,-0.580480696331572
18626,7767.70237,18627,7767.70437,0.5492621000395471,-0.3680243083006973,0.057427309036130976,-0.22221864692489354,0.06758211037693988,0.18912276188143587,0.22105219397565778
18627,7767.70437,18628,7767.70637,-0.6989537655554863,-0.1562957841783241,-0.19492005369880339,-0.22221864692489354,-0.05132605090291532,-0.3267540379289676,0.5492621000395471
18628,7767.70637,18629,7767.70837,-1.0953312066141065,-0.11114900749167592,-0.14480518357318112,-0.22221864692489354,0.3787729241550719,0.28824606260599483,-0.6989537655554863
18629,7767.70837,18630,7767.710370000001,-1.0607053618010895,0.3745524021880724,-0.1534589028431259,-0.22221864692489354,0.5198764429806755,0.458518454151563,-1.0953312066141065
18630,7767.710370000001,18631,7767.71237,1.338748645233326,0.25400013206500477,0.2845561728058882,-0.22221864692489354,-0.08220457437636093,0.38118733211814904,-1.0607053618010895
18631,7767.71237,18632,7767.714370000001,-0.6616837449090546,-0.4603346509839168,0.5677304416072702,-0.22221864692489354,-0.7019527019168688,-0.38619664203512194,1.338748645233326
18632,7767.714370000001,18633,7767.71637,0.6192547657698102,0.23098172421311908,-0.540651181947749,-0.22221864692489354,0.4667225471917353,0.15775784096124995,-0.6616837449090546
18633,7767.71637,18634,7767.7183700000005,0.3576680811878831,-0.4773469377075341,-0.11540633830732888,-0.22221864692489354,0.28996336277862506,0.0586293767370659,0.6192547657698102
18634,7767.7183700000005,18635,7767.72037,-0.22512884046942208,0.24347058211343803,-0.1590935974930537,-0.22221864692489354,0.26072506912731835,-0.4836049776255281,0.3576680811878831
18635,7767.72037,18636,7767.72237,0.33154656762733853,0.03328868571940855,0.11043225500122787,-0.22221864692489354,-0.05790830952639997,0.0904842597756302,-0.22512884046942208
18636,7767.72237,18637,7767.72437,0.9298184722309975,0.425368832305809,0.12222568506445756,-0.22221864692489354,0.12431709656375746,-0.40579262498731017,0.33154656762733853
18637,7767.72437,18638,7767.72637,-1.0799373237747583,-0.6633350250260738,0.2650902997767296,-0.22221864692489354,0.12038807150997183,0.02010588734399296,0.9298184722309975
18638,7767.72637,18639,7767.728370000001,-0.32228128789185106,0.2845561728058882,0.19207066438924272,-0.22221864692489354,0.37767580398518014,0.05225916081838758,-1.0799373237747583
18639,7767.728370000001,18640,7767.73037,-0.638236412824866,0.18707215955255196,0.44738858858162417,-0.22221864692489354,-0.418159443238164,-0.4840761201548569,-0.32228128789185106
18640,7767.73037,18641,7767.732370000001,-0.21164180836223334,0.28830062542145124,-0.16977732784229826,-0.22221864692489354,0.18670985164725856,0.0409690264766767,-0.638236412824866
18641,7767.732370000001,18642,7767.73437,0.4252974708481053,-0.05790830952639997,-0.05790830952639997,-0.22221864692489354,0.32887815531801523,0.31985237205293277,-0.21164180836223334
18642,7767.73437,18643,7767.7363700000005,0.9690541007684753,-0.2256517770607452,-0.4612300397916861,-0.22221864692489354,-0.12614751084466375,-0.34776916289481696,0.4252974708481053
18643,7767.7363700000005,18644,7767.73837,0.4583573661165991,-0.6058412776143282,-0.4457817884455007,-0.22221864692489354,-0.13126768587583504,0.03641703850535831,0.9690541007684753
18644,7767.73837,18645,7767.74037,-0.7149638713293697,0.2012793281413575,-0.3111977571319168,-0.22221864692489354,0.35995617899805926,-0.4763528569243921,0.4583573661165991
18645,7767.74037,18646,7767.74237,0.8696740002664395,0.08448164062495879,-0.40321812085722475,-0.22221864692489354,0.31058431744980514,0.5416892626511061,-0.7149638713293697
18646,7767.74237,18647,7767.74437,-0.33018709029377147,-0.45228617859521053,-0.4450124051964178,-0.22221864692489354,0.1332765830932684,-0.28636182004630667,0.8696740002664395
18647,7767.74437,18648,7767.74637,0.2895002547708403,0.12222568506445756,0.1289028630940942,-0.22221864692489354,0.23562223751982134,-0.3163835941642779,-0.33018709029377147
18648,7767.74637,18649,7767.74837,-0.792683672104644,0.011543669774703644,0.37204663762147455,-0.22221864692489354,-0.38349671594334916,0.013771882736142901,0.2895002547708403
18649,7767.74837,18650,7767.750370000001,0.5888173740605739,0.20127932814136076,-0.32138433220463275,-0.22221864692489354,0.2829392689608319,0.34638009514734397,-0.792683672104644
18650,7767.750370000001,18651,7767.75237,-1.0232427011527532,-0.11540633830732888,0.3041338046050559,-0.22221864692489354,-0.3985134916573532,-0.15086438113950212,0.5888173740605739
18651,7767.75237,18652,7767.754370000001,0.4834478807749924,-0.2109641318826023,-0.4976878343744867,-0.22221864692489354,0.4601508823481164,0.4905597772804365,-1.0232427011527532
18652,7767.754370000001,18653,7767.75637,0.3784738289159391,-0.3111977571319168,-0.22303435517964126,-0.22221864692489354,0.3394056655123632,-0.09826717342661563,0.4834478807749924
18653,7767.75637,18654,7767.7583700000005,-0.6458399926705453,-0.18444244836309,-0.1590935974930537,-0.22221864692489354,0.044143134026575395,-0.3234408610880635,0.3784738289159391
18654,7767.7583700000005,18655,7767.76037,0.9438811148383293,0.29766843901634654,-0.4089410134347594,-0.22221864692489354,0.11790030711365772,0.15775784096124995,-0.6458399926705453
18655,7767.76037,18656,7767.76237,-0.23444253403524093,-0.6482031138510547,-0.3445507870687826,-0.22221864692489354,-0.5617297614591856,0.03641703850535831,0.9438811148383293
18656,7767.76237,18657,7767.76437,-0.21143560761034016,0.011795490982976716,0.11043225500122787,-0.22221864692489354,0.5722177077921925,-0.018749422511174247,-0.23444253403524093
18657,7767.76437,18658,7767.76637,0.4576897248223638,-0.05790830952639997,-0.05790830952639997,-0.22221864692489354,0.41712870065275015,0.31985237205293277,-0.21143560761034016
18658,7767.76637,18659,7767.768370000001,-0.7735901720764607,0.2012793281413575,-0.3111977571319168,-0.22221864692489354,0.3806153706477871,-0.4763528569243921,0.4576897248223638
18659,7767.768370000001,18660,7767.77037,0.4452922494183004,0.23860842861534076,-0.11323118932863557,-0.22221864692489354,0.6170578249097101,0.34178760532952207,-0.7735901720764607
18660,7767.77037,18661,7767.772370000001,-1.1956030253801215,-0.2256517770607452,-0.2852952407927156,-0.22221864692489354,-0.4188061111249003,-0.4093036519968823,0.4452922494183004
18661,7767.772370000001,18662,7767.77437,-0.48102096782901527,0.41342846336422984,0.14744686068649904,-0.22221864692489354,0.41342846336422984,0.5204389578696991,-1.1956030253801215
18662,7767.77437,18663,7767.7763700000005,0.7659882644973265,-0.2852952407927156,-0.22303435517964126,-0.22221864692489354,0.4321014277295137,0.3986600833996137,-0.48102096782901527
18663,7767.7763700000005,18664,7767.77837,0.8339292931310156,-0.46320165830331783,-0.32138433220463275,-0.22221864692489354,-0.24856472065352805,-0.4830662570737806,0.7659882644973265
18664,7767.77837,18665,7767.78037,-0.1527718536920851,-0.5540210687587266,-0.013089570749465922,-0.22221864692489354,-0.22221864692489354,-0.18159335723510206,0.8339292931310156
18665,7767.78037,18666,7767.78237,-0.7049786408251619,-0.03932569819300731,-0.1253451100184705,-0.22221864692489354,-0.04723776609693227,0.04382965985950285,-0.1527718536920851
18666,7767.78237,18667,7767.78437,1.0099683447589818,-0.11114900749167592,-0.11433558754392475,-0.22221864692489354,0.17045279609027508,0.28824606260599483,-0.7049786408251619
18667,7767.78437,18668,7767.786370000001,0.03194999743380492,-0.48761380688594086,-0.3699117898289583,-0.22221864692489354,-0.4412970570196141,0.2227722357973269,1.0099683447589818
18668,7767.786370000001,18669,7767.78837,-0.05377792124975112,-0.33386908533994497,-0.142219654779851,-0.22221864692489354,-0.4168168715325789,0.28425491436494743,0.03194999743380492
18669,7767.78837,18670,7767.790370000001,0.13362692946199814,-0.26469932568774684,-0.142219654779851,-0.22221864692489354,-0.20898740935191218,0.2538024840754271,-0.05377792124975112
18670,7767.790370000001,18671,7767.79237,-1.4773021397853183,-0.11764148282154932,0.18806782997741056,-0.22221864692489354,0.08708720062388732,0.06598197385371023,0.13362692946199814
18671,7767.79237,18672,7767.7943700000005,0.5828000333087734,0.7421712963024673,0.5665331827738171,-0.22221864692489354,0.6314847137262339,0.36277097500886984,-1.4773021397853183
18672,7767.7943700000005,18673,7767.79637,0.5424935635876617,-0.1367745355898586,0.5367221541580659,-0.22221864692489354,0.14807480419221727,-0.18855022265439364,0.5828000333087734
18673,7767.79637,18674,7767.79837,0.7024396314750018,-0.4341784187284774,0.0023266815309476974,-0.22221864692489354,-0.4089651934306513,-0.24794002233409962,0.5424935635876617
18674,7767.79837,18675,7767.80037,0.13346769632843028,-0.14480518357318112,-0.11433558754392475,-0.22221864692489354,-0.010643790297817918,0.2513427364435679,0.7024396314750018
18675,7767.80037,18676,7767.80237,1.06788726221706,-0.11764148282154932,0.18806782997741056,-0.22221864692489354,0.08708720062388732,0.06598197385371023,0.13346769632843028
18676,7767.80237,18677,7767.80437,0.3205922320417658,-0.11095358048304305,0.17940557149464975,-0.22221864692489354,0.09572369343549102,-0.06393551862196219,1.06788726221706
18677,7767.80437,18678,7767.80637,-0.941640932418424,0.011543669774703644,0.480863464481744,-0.22221864692489354,0.4681137645030068,-0.29284614965403966,0.3205922320417658
18678,7767.80637,18679,7767.808370000001,0.2477979910017481,0.24161431382093385,-0.3445507870687826,-0.22221864692489354,0.15698041730396334,0.00775872212043541,-0.941640932418424
18679,7767.808370000001,18680,7767.81037,-0.5196167139631553,0.057427309036130976,0.11043225500122787,-0.22221864692489354,-0.34571059595921416,0.3033279162038353,0.2477979910017481
18680,7767.81037,18681,7767.812370000001,0.11342617178082745,0.2738747223168975,0.040025316929352794,-0.22221864692489354,0.21622614152539313,0.47266160416269526,-0.5196167139631553
18681,7767.812370000001,18682,7767.81437,-1.1576649070996567,-0.1375361019146593,-0.03932569819300731,-0.22221864692489354,0.03392217627342672,0.06598197385371023,0.11342617178082745
18682,7767.81437,18683,7767.8163700000005,0.878950687734278,0.46081688303872814,0.1794359902082422,-0.22221864692489354,0.3774262905351115,0.5491149871301269,-1.1576649070996567
18683,7767.8163700000005,18684,7767.81837,0.029302578884060803,-0.4450124051964178,-0.4450124051964178,-0.22221864692489354,0.08822083638146941,-0.28636182004630667,0.878950687734278
18684,7767.81837,18685,7767.82037,0.7386301792344484,-0.33386908533994497,-0.142219654779851,-0.22221864692489354,-0.4168168715325789,0.28425491436494743,0.029302578884060803
18685,7767.82037,18686,7767.82237,0.9791262568758423,-0.5677304416072702,-0.09081668448449774,-0.22221864692489354,-0.4922297657559708,0.09164726311328769,0.7386301792344484
18686,7767.82237,18687,7767.82437,-0.211965752234428,-0.6482031138510547,-0.6058412776143282,-0.22221864692489354,-0.21915380119768868,0.15245940251003792,0.9791262568758423
18687,7767.82437,18688,7767.826370000001,-1.1513894679049963,-0.05790830952639997,-0.05790830952639997,-0.22221864692489354,0.41712870065275015,0.31985237205293277,-0.211965752234428
18688,7767.826370000001,18689,7767.82837,0.6302064117567351,0.46081688303872814,0.20226095981088033,-0.22221864692489354,0.36330261386141044,0.46674536964446656,-1.1513894679049963
18689,7767.82837,18690,7767.830370000001,-0.2751746989897615,-0.42710372668664515,0.24267138127169754,-0.22221864692489354,0.29401321678429665,0.2567067988803972,0.6302064117567351
18690,7767.830370000001,18691,7767.83237,-0.6950925119251027,0.011795490982976716,-0.22414032461627648,-0.22221864692489354,0.24637656706444025,-0.08755414746714527,-0.2751746989897615
18691,7767.83237,18692,7767.8343700000005,0.508581068418712,-0.11114900749167592,-0.14480518357318112,-0.22221864692489354,0.41595283691744134,0.22553559255963004,-0.6950925119251027
18692,7767.8343700000005,18693,7767.83637,0.5791354594893375,-0.37882276466544773,-0.4935637514578185,-0.22221864692489354,-0.41142848679368316,-0.09826717342661563,0.508581068418712
18693,7767.83637,18694,7767.83837,-0.8945753027260054,-0.04128339852111738,0.5122513585153673,-0.22221864692489354,-0.03029176853583338,-0.24794002233409962,0.5791354594893375
18694,7767.83837,18695,7767.84037,0.3798190535719878,-0.19647628792681227,-0.19647628792681227,-0.22221864692489354,0.43662749566201137,0.28595173187160355,-0.8945753027260054
18695,7767.84037,18696,7767.84237,0.8988066521566705,-0.5446492834181763,-0.03904571359033493,-0.22221864692489354,0.05367444264388437,-0.19734313698496606,0.3798190535719878
18696,7767.84237,18697,7767.844370000001,-0.5893222358906207,-0.45228617859521053,-0.21528747729291253,-0.22221864692489354,0.00736137351405322,-0.29064401459706074,0.8988066521566705
18697,7767.844370000001,18698,7767.84637,0.2598553452799337,0.44799338041210496,0.3041338046050559,-0.22221864692489354,0.21631409614086755,0.23579476037952593,-0.5893222358906207
18698,7767.84637,18699,7767.848370000001,0.02848929760305028,-0.3924846526927655,0.03328868571940855,-0.22221864692489354,0.05028823989891532,0.21947532111276988,0.2598553452799337
18699,7767.848370000001,18700,7767.85037,-0.7962850277372783,-0.33386908533994497,-0.142219654779851,-0.22221864692489354,-0.4168168715325789,0.28425491436494743,0.02848929760305028
18700,7767.85037,18701,7767.8523700000005,-1.0161797090224773,0.21953376817436218,0.0614742313574837,-0.22221864692489354,0.296505632465552,0.34178760532952207,-0.7962850277372783
18701,7767.8523700000005,18702,7767.85437,0.6667975999596232,-0.3602608635249846,-0.4045790620607671,-0.22221864692489354,0.06325243515675495,0.660405885525192,-1.0161797090224773
18702,7767.85437,18703,7767.85637,0.35802435154995094,-0.3877785297543843,-0.16977732784229826,-0.22221864692489354,-0.49283027954691044,0.25667864216008623,0.6667975999596232
18703,7767.85637,18704,7767.85837,0.8662207682188927,0.24347058211343803,-0.1590935974930537,-0.22221864692489354,0.08190280904690711,-0.4836049776255281,0.35802435154995094
18704,7767.85837,18705,7767.86037,-0.3182121600449998,-0.3836207254178327,-0.5001629737596565,-0.22221864692489354,-0.5980862872425824,-0.28636182004630667,0.8662207682188927
18705,7767.86037,18706,7767.86237,0.8166604056355315,0.18707215955255196,0.44738858858162417,-0.22221864692489354,0.2557772082558403,-0.4840761201548569,-0.3182121600449998
18706,7767.86237,18707,7767.86437,0.27321025206902677,-0.34364778258269746,-0.20543721480030894,-0.22221864692489354,-0.10307218513981259,-0.32164822622632444,0.8166604056355315
18707,7767.86437,18708,7767.866370000001,-1.1111029565896182,-0.3924846526927655,0.24637656706444025,-0.22221864692489354,-0.3638592658670793,0.013771882736142901,0.27321025206902677
18708,7767.866370000001,18709,7767.86837,0.8042799039261964,0.3815104700387081,-0.3560632919496327,-0.22221864692489354,0.1023824733134749,0.458518454151563,-1.1111029565896182
18709,7767.86837,18710,7767.870370000001,-0.749095682689143,-0.2924387125634771,-0.05257000406954908,-0.22221864692489354,-0.27423445943596325,-0.49280804472495426,0.8042799039261964
18710,7767.870370000001,18711,7767.87237,-0.00880552135691743,0.3497978476422957,-0.09081668448449774,-0.22221864692489354,0.015959321974601655,0.49320819589851683,-0.749095682689143
18711,7767.87237,18712,7767.87437,-1.2067714322815706,-0.26469932568774684,-0.142219654779851,-0.22221864692489354,-0.20898740935191218,0.2538024840754271,-0.00880552135691743
18712,7767.87437,18713,7767.87637,0.9281653535703189,0.46081688303872814,0.14744686068649904,-0.22221864692489354,0.42327344377334014,0.5204389578696991,-1.2067714322815706
18713,7767.87637,18714,7767.87837,0.20428068248867148,-0.6326840561661579,0.2650902997767296,-0.22221864692489354,-0.09373726669391123,0.16377019365590556,0.9281653535703189
18714,7767.87837,18715,7767.88037,1.0375819127217312,-0.3284851404962956,-0.05790830952639997,-0.22221864692489354,0.1929113285634067,0.23826432285676985,0.20428068248867148
18715,7767.88037,18716,7767.88237,0.017212253102009904,-0.4045790620607671,0.13972237993573028,-0.22221864692489354,-0.7071344335542963,0.23040375633204757,1.0375819127217312
18716,7767.88237,18717,7767.884370000001,-0.7067754573505611,-0.33386908533994497,-0.142219654779851,-0.22221864692489354,-0.4168168715325789,0.28425491436494743,0.017212253102009904
18717,7767.884370000001,18718,7767.88637,-0.3395093461760117,0.23098172421311908,-0.22486726958948416,-0.22221864692489354,0.24292833691970797,0.28824606260599483,-0.7067754573505611
18718,7767.88637,18719,7767.888370000001,-0.6968165094848191,0.12222568506445756,0.12222568506445756,-0.22221864692489354,0.22443116602251084,-0.469457529295874,-0.3395093461760117
18719,7767.888370000001,18720,7767.89037,-0.24198584324034197,-0.11114900749167592,-0.11433558754392475,-0.22221864692489354,0.18271577692551358,0.22553559255963004,-0.6968165094848191
18720,7767.89037,18721,7767.8923700000005,-0.004756640111705222,0.03328868571940855,0.11043225500122787,-0.22221864692489354,0.27343179121312433,-0.018749422511174247,-0.24198584324034197
18721,7767.8923700000005,18722,7767.89437,0.17020722405969657,-0.26469932568774684,-0.142219654779851,-0.22221864692489354,-0.20898740935191218,0.2538024840754271,-0.004756640111705222
18722,7767.89437,18723,7767.89637,0.5583827389488968,-0.2137014807198618,-0.1253451100184705,-0.22221864692489354,0.3656788726265577,0.18912276188143587,0.17020722405969657
18723,7767.89637,18724,7767.89837,0.614304844054318,-0.1367745355898586,-0.04128339852111738,-0.22221864692489354,-0.1268530913742558,-0.3267540379289676,0.5583827389488968
18724,7767.89837,18725,7767.90037,-0.5147777673512537,-0.42710372668664515,-0.21378965766165123,-0.22221864692489354,-0.20555575790568492,-0.20585205420414715,0.614304844054318
18725,7767.90037,18726,7767.902370000001,1.065093456880649,-0.19492005369880339,-0.22303435517964126,-0.22221864692489354,-0.0859522782776258,0.3997832400759384,-0.5147777673512537
18726,7767.902370000001,18727,7767.90437,0.4703220498820836,-0.11095358048304305,0.17940557149464975,-0.22221864692489354,0.13905749681985008,-0.06393551862196219,1.065093456880649
18727,7767.90437,18728,7767.906370000001,-1.249998198524369,-0.10399106154996786,-0.3055559555122169,-0.22221864692489354,-0.2491890289685917,-0.5134500205163743,0.4703220498820836
18728,7767.906370000001,18729,7767.90837,-0.0854177511543464,0.2695477524837449,-0.19677528628455082,-0.22221864692489354,-0.058492070681656815,0.29479954022064125,-1.249998198524369
18729,7767.90837,18730,7767.9103700000005,0.9332883082427246,-0.26469932568774684,-0.142219654779851,-0.22221864692489354,-0.20898740935191218,0.2538024840754271,-0.0854177511543464
18730,7767.9103700000005,18731,7767.91237,-1.307294482274428,-0.6326840561661579,0.24161431382093385,-0.22221864692489354,-0.10938878798771336,0.02010588734399296,0.9332883082427246
18731,7767.91237,18732,7767.91437,0.36135188805439206,0.22067280362221273,-0.5411385785180731,-0.22221864692489354,0.4737273518174501,0.17645054961882403,-1.307294482274428
18732,7767.91437,18733,7767.91637,0.89481332712463,0.24347058211343803,-0.261061533451254,-0.22221864692489354,0.40462763286486775,-0.4836049776255281,0.36135188805439206
18733,7767.91637,18734,7767.91837,0.2973170354257097,-0.45228617859521053,-0.19647628792681227,-0.22221864692489354,0.05777090442158592,-0.29064401459706074,0.89481332712463
18734,7767.91837,18735,7767.92037,-0.10847486032021693,0.011543669774703644,0.425368832305809,-0.22221864692489354,0.19125935407865602,0.013771882736142901,0.2973170354257097
18735,7767.92037,18736,7767.92237,0.7016820830097866,-0.26469932568774684,-0.11764148282154932,-0.22221864692489354,0.18939385030310388,0.17281334839043086,-0.10847486032021693
18736,7767.92237,18737,7767.924370000001,0.5855802086066966,-0.14480518357318112,-0.22486726958948416,-0.22221864692489354,0.3164366431550377,0.2513427364435679,0.7016820830097866
18737,7767.924370000001,18738,7767.92637,-0.7700239664700921,-0.11540633830732888,0.5122513585153673,-0.22221864692489354,0.10274381026410863,-0.18855022265439364,0.5855802086066966
18738,7767.92637,18739,7767.9283700000005,-1.0302951280026464,0.23860842861534076,-0.32138433220463275,-0.22221864692489354,0.6170578249097101,0.34638009514734397,-0.7700239664700921
18739,7767.9283700000005,18740,7767.93037,0.661965405960012,0.06325243515675495,-0.2746493799846285,-0.22221864692489354,0.050634296586454026,0.4905597772804365,-1.0302951280026464
18740,7767.93037,18741,7767.93237,-1.2697605448639377,-0.3877785297543843,-0.540651181947749,-0.22221864692489354,-0.07486941362773933,0.24819562790769067,0.661965405960012
18741,7767.93237,18742,7767.93437,-0.552681624009384,0.07635424500100718,-0.2989108765141074,-0.22221864692489354,0.5052267216177564,0.07975429203940905,-1.2697605448639377
18742,7767.93437,18743,7767.93637,1.210000099538906,0.3045365053903889,-0.19492005369880339,-0.22221864692489354,0.14404913515007164,0.3611489968540988,-0.552681624009384
18743,7767.93637,18744,7767.93837,1.0194023147538531,-0.3039189645258097,0.09806921242428263,-0.22221864692489354,-0.07141880127296704,-0.41280239481335645,1.210000099538906
18744,7767.93837,18745,7767.94037,-0.22090629164241324,-0.48761380688594086,-0.4045790620607671,-0.22221864692489354,-0.48761380688594086,0.4754709129724304,1.0194023147538531
18745,7767.94037,18746,7767.942370000001,0.2534918154292862,0.011795490982976716,0.057427309036130976,-0.22221864692489354,0.06229533373349906,0.21284870252282181,-0.22090629164241324
18746,7767.942370000001,18747,7767.94437,0.4556148917936307,-0.22414032461627648,0.26136985966282844,-0.22221864692489354,-0.24555121446397962,0.21947532111276988,0.2534918154292862
18747,7767.94437,18748,7767.946370000001,-0.15292804268107996,0.2012793281413575,-0.3111977571319168,-0.22221864692489354,-0.17458775458304063,-0.4437754889272999,0.4556148917936307
18748,7767.946370000001,18749,7767.94837,-1.1378796631997765,-0.03932569819300731,-0.1253451100184705,-0.22221864692489354,-0.04723776609693227,0.04382965985950285,-0.15292804268107996
18749,7767.94837,18750,7767.9503700000005,-0.6960546876054557,0.1794359902082422,0.3627709750088727,-0.22221864692489354,0.7045649159462991,0.46674536964446656,-1.1378796631997765
18750,7767.9503700000005,18751,7767.95237,0.16645475902656615,-0.11114900749167592,-0.14480518357318112,-0.22221864692489354,0.504765441667568,0.22553559255963004,-0.6960546876054557
18751,7767.95237,18752,7767.95437,0.3396648470186315,-0.1451200351232795,-0.25979920808060847,-0.22221864692489354,0.24887692353116836,0.07911556141073157,0.16645475902656615
18752,7767.95437,18753,7767.95637,0.8034327637878924,0.07077472253750312,0.12222568506445756,-0.22221864692489354,-0.2558335716872606,-0.40579262498731017,0.3396648470186315
18753,7767.95637,18754,7767.95837,0.708085097745496,-0.2924387125634771,-0.20543721480030894,-0.22221864692489354,-0.27423445943596325,-0.49280804472495426,0.8034327637878924
18754,7767.95837,18755,7767.960370000001,-0.057908309526411406,-0.3877785297543843,-0.22486726958948416,-0.22221864692489354,-0.3885932138624955,0.2513427364435679,0.708085097745496
18755,7767.960370000001,18756,7767.96237,0.4882394353277584,-0.26469932568774684,-0.142219654779851,-0.22221864692489354,-0.20898740935191218,0.2538024840754271,-0.057908309526411406
18756,7767.96237,18757,7767.964370000001,0.8775442283767096,-0.4935637514578185,0.04278403570094096,-0.22221864692489354,-0.1109861543034674,-0.01756994527594832,0.4882394353277584
18757,7767.964370000001,18758,7767.96637,-0.9764429410990113,-0.45228617859521053,-0.21528747729291253,-0.22221864692489354,0.272683899816409,-0.28636182004630667,0.8775442283767096
18758,7767.96637,18759,7767.9683700000005,-0.734343263426181,-0.4457817884455007,-0.6058412776143282,-0.22221864692489354,0.11329618770369733,0.2960726148674459,-0.9764429410990113
18759,7767.9683700000005,18760,7767.97037,-0.40983528411998765,0.31058431744980514,-0.09081668448449774,-0.22221864692489354,0.018713701208772717,0.34638009514734397,-0.734343263426181
18760,7767.97037,18761,7767.97237,-0.3371999062913049,-0.1590935974930537,-0.586228480579486,-0.22221864692489354,0.5441847171457743,-0.10448296967144763,-0.40983528411998765
18761,7767.97237,18762,7767.97437,-0.26304996758491456,-0.1590935974930537,0.1289028630940942,-0.22221864692489354,0.446271087941495,-0.31622443030475306,-0.3371999062913049
18762,7767.97437,18763,7767.97637,0.31998453006123456,0.1188056649534898,0.03328868571940855,-0.22221864692489354,-0.09509508512047082,-0.171311823601295,-0.26304996758491456
18763,7767.97637,18764,7767.978370000001,1.0360719719936125,0.011543669774703644,0.44738858858162417,-0.22221864692489354,0.46631165394971247,-0.29284614965403966,0.31998453006123456
18764,7767.978370000001,18765,7767.98037,-0.5900689639447665,-0.4045790620607671,0.19701442061940258,-0.22221864692489354,-0.39936830737451356,0.23040375633204757,1.0360719719936125
18765,7767.98037,18766,7767.982370000001,-0.24836599533385584,0.4560994046946216,0.3041338046050559,-0.22221864692489354,0.3366022164745178,0.23579476037952593,-0.5900689639447665
18766,7767.982370000001,18767,7767.98437,0.5721560928649374,0.011795490982976716,0.11043225500122787,-0.22221864692489354,0.0047566401116991884,0.01290993755996567,-0.24836599533385584
18767,7767.98437,18768,7767.9863700000005,-1.063373204571373,-0.1367745355898586,0.20026694120400818,-0.22221864692489354,0.12241892178003846,-0.20585205420414715,0.5721560928649374
18768,7767.9863700000005,18769,7767.98837,-0.6733157994381865,0.25400013206500477,0.2555799112245216,-0.22221864692489354,0.43417841872848006,0.33253886435322505,-1.063373204571373
18769,7767.98837,18770,7767.99037,0.6086176249337271,-0.26075311214530905,0.003959394191598462,-0.22221864692489354,0.42441692723405017,0.03314785552517815,-0.6733157994381865
18770,7767.99037,18771,7767.99237,0.5686171401569412,-0.1367745355898586,-0.21378965766165123,-0.22221864692489354,0.16848652921203708,-0.15086438113950212,0.6086176249337271
18771,7767.99237,18772,7767.99437,-0.33371268056406245,-0.04128339852111738,0.20026694120400818,-0.22221864692489354,-0.04128339852111738,-0.24794002233409962,0.5686171401569412
18772,7767.99437,18773,7767.99637,0.8247499630185381,0.12222568506445756,0.011543669774703644,-0.22221864692489354,0.16265722748648379,-0.3163835941642779,-0.33371268056406245
18773,7767.99637,18774,7767.99837,0.6899026141803041,-0.29246588020138925,-0.013089570749465922,-0.22221864692489354,0.028560043977330137,-0.28636182004630667,0.8247499630185381
18774,7767.99837,18775,7768.000370000001,-0.45605327072155694,-0.49283027954691044,0.03771471514515023,-0.22221864692489354,-0.44561863539592267,0.33018709029376864,0.6899026141803041
18775,7768.000370000001,18776,7768.00237,0.8266467255435785,-0.3360041692109607,-0.3111977571319168,-0.22221864692489354,-0.1478864625399049,0.4755840261875662,-0.45605327072155694
18776,7768.00237,18777,7768.004370000001,0.6515286905774363,-0.3836207254178327,-0.013089570749465922,-0.22221864692489354,0.11056261185329462,-0.18159335723510206,0.8266467255435785
18777,7768.004370000001,18778,7768.00637,-0.9022231834888835,-0.16977732784229826,-0.4089410134347594,-0.22221864692489354,-0.25046481055775166,0.24819562790769067,0.6515286905774363
18778,7768.00637,18779,7768.0083700000005,-0.8146640113609346,-0.057564761357569785,-0.21528747729291253,-0.22221864692489354,-0.3286685666350356,0.24680320643266201,-0.9022231834888835
18779,7768.0083700000005,18780,7768.01037,-0.17562646179156646,0.09869595454043296,-0.05257000406954908,-0.22221864692489354,0.21517008228793383,0.371268573956694,-0.8146640113609346
18780,7768.01037,18781,7768.01237,-0.9254569645577215,0.2694643577625831,-0.25979920808060847,-0.22221864692489354,0.042191029666294615,0.14244063181491506,-0.17562646179156646
18781,7768.01237,18782,7768.01437,0.7678815001282389,0.24161431382093385,0.2650902997767296,-0.22221864692489354,0.6186863779180087,0.00775872212043541,-0.9254569645577215
18782,7768.01437,18783,7768.01637,0.6095281735031363,-0.349079290883896,-0.32138433220463275,-0.22221864692489354,-0.23158823118488148,-0.49280804472495426,0.7678815001282389
18783,7768.01637,18784,7768.018370000001,-0.44959663373257397,-0.1367745355898586,-0.11540633830732888,-0.22221864692489354,0.22655174954169618,-0.15086438113950212,0.6095281735031363
18784,7768.018370000001,18785,7768.02037,-0.6859145365238177,-0.3793708463931679,-0.2852952407927156,-0.22221864692489354,-0.0962196841871644,0.4000760301231742,-0.44959663373257397
18785,7768.02037,18786,7768.022370000001,1.2811259208370738,-0.11114900749167592,0.03771471514515023,-0.22221864692489354,0.5541256373610576,0.03494195658158384,-0.6859145365238177
18786,7768.022370000001,18787,7768.02437,-0.2761968973576032,-0.7592824698604915,-0.3658808469260143,-0.22221864692489354,-0.340933866288957,-0.4025369550643289,1.2811259208370738
18787,7768.02437,18788,7768.0263700000005,-0.04511775904715478,0.03328868571940855,-0.22414032461627648,-0.22221864692489354,0.1544574051727147,-0.08755414746714527,-0.2761968973576032
18788,7768.0263700000005,18789,7768.02837,-0.8299375880319754,-0.26469932568774684,-0.142219654779851,-0.22221864692489354,-0.20898740935191218,0.2538024840754271,-0.04511775904715478
18789,7768.02837,18790,7768.03037,-0.3987333712130986,0.19800024573023775,-0.05257000406954908,-0.22221864692489354,0.0579770049994011,0.2716581023075879,-0.8299375880319754
18790,7768.03037,18791,7768.03237,-0.6012234350133514,-0.03904571359033493,0.06867010178033228,-0.22221864692489354,0.3798439480815044,-0.09118222407484311,-0.3987333712130986
18791,7768.03237,18792,7768.03437,0.3541750064106289,0.4560994046946216,-0.2585071819480077,-0.22221864692489354,-0.3119440457136874,0.23579476037952593,-0.6012234350133514
18792,7768.03437,18793,7768.036370000001,0.8936375305359076,0.07077472253750312,-0.2277407930818674,-0.22221864692489354,0.08354465297149131,-0.44155453861695204,0.3541750064106289
18793,7768.036370000001,18794,7768.03837,-0.3094097310894506,-0.45228617859521053,-0.19647628792681227,-0.22221864692489354,0.31691395747557133,-0.29064401459706074,0.8936375305359076
18794,7768.03837,18795,7768.040370000001,0.48627185503954934,0.21947532111276988,0.3575917210223996,-0.22221864692489354,0.4201938371521247,-0.3460196512825826,-0.3094097310894506
18795,7768.040370000001,18796,7768.04237,0.5648173668753743,-0.4935637514578185,0.04278403570094096,-0.22221864692489354,0.04278403570094096,-0.01756994527594832,0.48627185503954934
18796,7768.04237,18797,7768.0443700000005,-0.5094999046242374,-0.04128339852111738,0.4142706294650885,-0.22221864692489354,-0.21777886863068377,-0.30157959347546437,0.5648173668753743
18797,7768.0443700000005,18798,7768.04637,-0.7221492760169442,-0.10621910965384766,-0.28750917306514107,-0.22221864692489354,0.21944609630090817,0.47266160416269526,-0.5094999046242374
18798,7768.04637,18799,7768.04837,0.036066025830194554,-0.11433558754392475,-0.11433558754392475,-0.22221864692489354,0.45607633797412706,0.5416892626511061,-0.7221492760169442
18799,7768.04837,18800,7768.05037,-0.9546151240845476,-0.33386908533994497,-0.142219654779851,-0.22221864692489354,-0.4168168715325789,0.28425491436494743,0.036066025830194554
18800,7768.05037,18801,7768.05237,-0.10126478746404485,0.2650902997767296,-0.4457817884455007,-0.22221864692489354,0.5677098113530032,0.2281754560076201,-0.9546151240845476
18801,7768.05237,18802,7768.05437,0.20727305565702964,-0.264447904458089,-0.33386908533994497,-0.22221864692489354,0.18320075768734675,0.17611489210839118,-0.10126478746404485
18802,7768.05437,18803,7768.05637,1.478207263761894,-0.3284851404962956,-0.05790830952639997,-0.22221864692489354,0.1811986942873156,0.23826432285676985,0.20727305565702964
18803,7768.05637,18804,7768.058370000001,0.06972296583739516,-0.6143048440543135,0.5665331827738171,-0.22221864692489354,-0.7551517843025956,0.17284396829030366,1.478207263761894
18804,7768.058370000001,18805,7768.06037,-0.6159378829510436,-0.33386908533994497,-0.142219654779851,-0.22221864692489354,-0.4168168715325789,0.28425491436494743,0.06972296583739516
18805,7768.06037,18806,7768.062370000001,0.7852924599188531,0.4392348140690237,-0.2585071819480077,-0.22221864692489354,0.6879837364087865,0.533930612203554,-0.6159378829510436
18806,7768.062370000001,18807,7768.06437,-0.4054287107214917,-0.349079290883896,-0.34364778258269746,-0.22221864692489354,0.20954836949416825,-0.2963973956432763,0.7852924599188531
18807,7768.06437,18808,7768.0663700000005,-0.7691810235379908,-0.03904571359033493,-0.18444244836309,-0.22221864692489354,0.2940132167842976,-0.09118222407484311,-0.4054287107214917
18808,7768.0663700000005,18809,7768.06837,-0.46233095733407426,0.23860842861534076,-0.32138433220463275,-0.22221864692489354,0.46567215091311737,0.34638009514734397,-0.7691810235379908
18809,7768.06837,18810,7768.07037,-0.37360095115357883,-0.3360041692109607,-0.3055559555122169,-0.22221864692489354,0.031315255893349866,0.4000760301231742,-0.46233095733407426
18810,7768.07037,18811,7768.07237,-0.8056468469064524,0.12222568506445756,0.06867010178033228,-0.22221864692489354,0.0009458673580628718,-0.22064361378610747,-0.37360095115357883
18811,7768.07237,18812,7768.07437,0.46272057516974185,0.19800024573023775,-0.05257000406954908,-0.22221864692489354,0.20318222170755654,0.34178760532952207,-0.8056468469064524
18812,7768.07437,18813,7768.076370000001,1.0923445832378225,0.04278403570094096,-0.3055559555122169,-0.22221864692489354,-0.3111977571319168,-0.4093036519968823,0.46272057516974185
18813,7768.076370000001,18814,7768.07837,0.35333178217802547,-0.5707173324169582,-0.1534589028431259,-0.22221864692489354,-0.6423996880598638,-0.48304380408472236,1.0923445832378225
18814,7768.07837,18815,7768.080370000001,-0.13991226537209336,0.07077472253750312,-0.2277407930818674,-0.22221864692489354,0.07077472253750312,-0.44155453861695204,0.35333178217802547
18815,7768.080370000001,18816,7768.08237,0.1890926364088427,-0.1253451100184705,-0.11764148282154932,-0.22221864692489354,-0.28985441548177493,0.04382965985950285,-0.13991226537209336
18816,7768.08237,18817,7768.0843700000005,-1.3040001063601139,-0.3680243083006973,-0.3284851404962956,-0.22221864692489354,-0.2309528337513062,0.23826432285676985,0.1890926364088427
18817,7768.0843700000005,18818,7768.08637,0.37021345653980825,0.5677304416072702,-0.45706772680652374,-0.22221864692489354,0.4910722036303654,-0.01756994527594832,-1.3040001063601139
18818,7768.08637,18819,7768.08837,0.8290483744509857,-0.18444244836309,-0.1590935974930537,-0.22221864692489354,-0.019142272643902357,-0.44155453861695204,0.37021345653980825
18819,7768.08837,18820,7768.09037,0.20044567221431267,-0.3836207254178327,-0.05257000406954908,-0.22221864692489354,0.022706576388869904,-0.18159335723510206,0.8290483744509857
18820,7768.09037,18821,7768.09237,-0.33642023994898207,-0.3284851404962956,0.1817451092119638,-0.22221864692489354,0.4168168715325788,0.23826432285676985,0.20044567221431267
18821,7768.09237,18822,7768.094370000001,-1.1017254238781509,-0.1590935974930537,0.1289028630940942,-0.22221864692489354,0.446271087941495,-0.2040136003593252,-0.33642023994898207
18822,7768.094370000001,18823,7768.09637,-0.49234099922400837,0.2845561728058882,-0.1534589028431259,-0.22221864692489354,0.39383572208531054,0.458518454151563,-1.1017254238781509
18823,7768.09637,18824,7768.098370000001,1.2461010245247304,-0.3793708463931679,0.04278403570094096,-0.22221864692489354,-0.22303435517964126,0.3986600833996137,-0.49234099922400837
18824,7768.098370000001,18825,7768.10037,0.45720598202587986,-0.39413025843813126,0.020854724007790478,-0.22221864692489354,-0.5469267564086633,-0.41280239481335645,1.2461010245247304
18825,7768.10037,18826,7768.1023700000005,0.22901526898140243,0.2012793281413575,-0.3111977571319168,-0.22221864692489354,0.2012793281413575,-0.4763528569243921,0.45720598202587986
18826,7768.1023700000005,18827,7768.10437,0.513188616776817,-0.3680243083006973,0.057427309036130976,-0.22221864692489354,-0.14165120379343857,0.3033279162038353,0.22901526898140243
18827,7768.10437,18828,7768.10637,-0.5716835855887722,-0.4935637514578185,-0.22776977648886657,-0.22221864692489354,0.12733388372930474,-0.4046033477577051,0.513188616776817
18828,7768.10637,18829,7768.10837,-0.3343902579901816,0.4560994046946216,0.20026694120400818,-0.22221864692489354,-0.351515158295161,0.36385926586707645,-0.5716835855887722
18829,7768.10837,18830,7768.11037,0.3317033115342387,0.12222568506445756,0.011543669774703644,-0.22221864692489354,0.16265722748648379,-0.3163835941642779,-0.3343902579901816
18830,7768.11037,18831,7768.11237,-0.6959095128510944,0.425368832305809,0.12222568506445756,-0.22221864692489354,-0.06202170784678094,-0.40579262498731017,0.3317033115342387
18831,7768.11237,18832,7768.11437,0.23536339740965515,-0.11114900749167592,-0.14480518357318112,-0.22221864692489354,0.504765441667568,0.22553559255963004,-0.6959095128510944
18832,7768.11437,18833,7768.116370000001,-0.522038232053794,0.057427309036130976,0.11043225500122787,-0.22221864692489354,-0.407537572354597,0.3033279162038353,0.23536339740965515
18833,7768.116370000001,18834,7768.11837,0.7059672894231646,0.1887310599314789,0.040025316929352794,-0.22221864692489354,0.1887310599314789,0.47266160416269526,-0.522038232053794
18834,7768.11837,18835,7768.120370000001,0.29303623016728864,-0.14480518357318112,-0.22486726958948416,-0.22221864692489354,-0.14395458889324414,0.2513427364435679,0.7059672894231646
18835,7768.120370000001,18836,7768.12237,0.5328844418385958,0.011543669774703644,0.425368832305809,-0.22221864692489354,-0.38349671594334916,0.013771882736142901,0.29303623016728864
18836,7768.12237,18837,7768.12437,-0.5488206963687383,-0.4341784187284774,-0.19492005369880339,-0.22221864692489354,0.48223516054013216,-0.3267540379289676,0.5328844418385958
18837,7768.12437,18838,7768.12637,-0.14527742373181796,0.33431209940636736,-0.19492005369880339,-0.22221864692489354,-0.036767928013850024,0.36385926586707645,-0.5488206963687383
18838,7768.12637,18839,7768.12837,-0.5213685771170685,-0.03932569819300731,-0.0468558017538685,-0.22221864692489354,-0.19297134897036355,0.04382965985950285,-0.14527742373181796
18839,7768.12837,18840,7768.13037,0.32009024389399693,0.1887310599314789,0.040025316929352794,-0.22221864692489354,-0.14508855442881186,0.47266160416269526,-0.5213685771170685
18840,7768.13037,18841,7768.13237,-0.2711864369038227,0.011543669774703644,0.44738858858162417,-0.22221864692489354,0.46631165394971247,-0.29284614965403966,0.32009024389399693
18841,7768.13237,18842,7768.134370000001,-0.8677502180681419,0.03328868571940855,0.24637656706444025,-0.22221864692489354,0.1086381229611933,-0.171311823601295,-0.2711864369038227
18842,7768.134370000001,18843,7768.13637,0.530638955923789,-0.22402396436481015,-0.4450124051964178,-0.22221864692489354,0.22553559255963004,0.3577698856724587,-0.8677502180681419
18843,7768.13637,18844,7768.138370000001,0.9555814362785522,-0.37882276466544773,-0.22776977648886657,-0.22221864692489354,0.10241532752292622,-0.4046033477577051,0.530638955923789
18844,7768.138370000001,18845,7768.14037,-0.6562604113390711,-0.6326840561661579,-0.6326840561661579,-0.22221864692489354,-0.2035089171857327,0.03641703850535831,0.9555814362785522
18845,7768.14037,18846,7768.1423700000005,0.2601359840155479,0.28830062542145124,-0.43566271025191466,-0.22221864692489354,-0.1464727683220858,0.0409690264766767,-0.6562604113390711
18846,7768.1423700000005,18847,7768.14437,0.8481658054649087,-0.3924846526927655,0.03328868571940855,-0.22221864692489354,0.05028823989891532,0.3033279162038353,0.2601359840155479
18847,7768.14437,18848,7768.14637,-0.249387590814173,-0.3836207254178327,-0.2682404354957498,-0.22221864692489354,-0.28941850756041676,-0.28636182004630667,0.8481658054649087
18848,7768.14637,18849,7768.14837,0.13279864015055795,0.011795490982976716,0.11043225500122787,-0.22221864692489354,0.0047566401116991884,-0.018749422511174247,-0.249387590814173
18849,7768.14837,18850,7768.15037,-1.1059495753733004,-0.11764148282154932,0.18806782997741056,-0.22221864692489354,-0.1771825024405471,0.06598197385371023,0.13279864015055795
18850,7768.15037,18851,7768.152370000001,-0.1778834548502012,0.30295161257612363,-0.3953565603110866,-0.22221864692489354,0.060549684576338254,0.4368861822411516,-1.1059495753733004
18851,7768.152370000001,18852,7768.15437,-0.7065061406055096,0.2694643577625831,-0.25979920808060847,-0.22221864692489354,0.23225207892836744,0.16897845850712317,-0.1778834548502012
18852,7768.15437,18853,7768.156370000001,1.2547108945706897,0.23098172421311908,-0.22486726958948416,-0.22221864692489354,-0.18855022265439364,0.28824606260599483,-0.7065061406055096
18853,7768.156370000001,18854,7768.15837,0.8881570828639072,-0.45706772680652374,-0.3658808469260143,-0.22221864692489354,-0.32032805916549556,-0.41280239481335645,1.2547108945706897
18854,7768.15837,18855,7768.1603700000005,-1.2506966208480654,-0.45228617859521053,-0.21528747729291253,-0.22221864692489354,-0.4737500149637754,-0.2615379975362791,0.8881570828639072
18855,7768.1603700000005,18856,7768.16237,0.9745768081169327,0.2695477524837449,-0.19677528628455082,-0.22221864692489354,0.04702943999639331,0.29479954022064125,-1.2506966208480654
18856,7768.16237,18857,7768.16437,0.02707331803975286,-0.6482031138510547,-0.6058412776143282,-0.22221864692489354,-0.4990145637394503,0.08608586542674336,0.9745768081169327
18857,7768.16437,18858,7768.16637,-1.1278795212467372,-0.33386908533994497,-0.142219654779851,-0.22221864692489354,-0.4168168715325789,0.28425491436494743,0.02707331803975286
18858,7768.16637,18859,7768.16837,0.08575186408763452,0.45554565649745477,0.25535438122807297,-0.22221864692489354,0.29563940968386604,0.46674536964446656,-1.1278795212467372
18859,7768.16837,18860,7768.17037,0.652628446087503,-0.33386908533994497,-0.142219654779851,-0.22221864692489354,-0.4168168715325789,0.28425491436494743,0.08575186408763452
18860,7768.17037,18861,7768.17237,-0.998555648390467,-0.16977732784229826,-0.43566271025191466,-0.22221864692489354,-0.25046481055775166,0.24819562790769067,0.652628446087503
18861,7768.17237,18862,7768.174370000001,0.5087999155329935,-0.5426839612019208,-0.32515141032815087,-0.22221864692489354,0.5006705039741158,0.3611236325594171,-0.998555648390467
18862,7768.174370000001,18863,7768.17637,0.8052239451434829,-0.37882276466544773,-0.4935637514578185,-0.22221864692489354,-0.36522428124586315,-0.09826717342661563,0.5087999155329935
18863,7768.17637,18864,7768.1783700000005,-0.14973694999693066,-0.2773835463177908,-0.05257000406954908,-0.22221864692489354,-0.17824897419633381,-0.4091344370330442,0.8052239451434829
18864,7768.1783700000005,18865,7768.18037,0.721141113352065,-0.03932569819300731,-0.0468558017538685,-0.22221864692489354,0.37795019689259923,0.04382965985950285,-0.14973694999693066
18865,7768.18037,18866,7768.18237,0.4428175785004442,-0.5677304416072702,-0.11433558754392475,-0.22221864692489354,0.04372514662977559,0.1278464742447915,0.721141113352065
18866,7768.18237,18867,7768.18437,-0.3560887849199483,-0.2256517770607452,-0.2707978394581285,-0.22221864692489354,-0.42591576769783646,-0.40416611494856935,0.4428175785004442
18867,7768.18437,18868,7768.18637,-0.6410202453657928,0.22099383559682884,-0.261061533451254,-0.22221864692489354,-0.02199473125630049,-0.4840761201548569,-0.3560887849199483
18868,7768.18637,18869,7768.18837,0.08116477687546485,0.4079491298634614,-0.4089410134347594,-0.22221864692489354,-0.08805420581770855,0.0409690264766767,-0.6410202453657928
18869,7768.18837,18870,7768.19037,-0.5657686646412523,-0.33386908533994497,-0.142219654779851,-0.22221864692489354,-0.4168168715325789,0.28425491436494743,0.08116477687546485
18870,7768.19037,18871,7768.192370000001,-0.39589565709202273,0.4730698970504555,0.4142706294650885,-0.22221864692489354,-0.5856612655898025,0.3611489968540988,-0.5657686646412523
18871,7768.192370000001,18872,7768.19437,-0.17983134930587522,0.025655330634945066,0.025655330634945066,-0.22221864692489354,-0.12944662820096836,-0.09118222407484311,-0.39589565709202273
18872,7768.19437,18873,7768.196370000001,0.2979386654677396,0.18595462164382995,-0.3284851404962956,-0.22221864692489354,0.3485400342745617,0.2439554997582549,-0.17983134930587522
18873,7768.196370000001,18874,7768.19837,-0.7172581641732325,0.011543669774703644,0.425368832305809,-0.22221864692489354,0.19125935407865602,0.013771882736142901,0.2979386654677396
18874,7768.19837,18875,7768.2003700000005,1.4685156975670386,0.08448164062495879,-0.3862955833629926,-0.22221864692489354,0.10886664588793442,0.5416892626511061,-0.7172581641732325
18875,7768.2003700000005,18876,7768.20237,-0.48245984934709196,-0.6143048440543135,0.5665331827738171,-0.22221864692489354,-0.7551517843025956,0.17284396829030366,1.4685156975670386
18876,7768.20237,18877,7768.20437,0.9324004884977317,-0.2852952407927156,-0.33912048824683566,-0.22221864692489354,0.4321014277295137,0.3986600833996137,-0.48245984934709196
18877,7768.20437,18878,7768.20637,-1.4575776013393398,-0.6326840561661579,0.24161431382093385,-0.22221864692489354,-0.026222766902258568,0.02010588734399296,0.9324004884977317
18878,7768.20637,18879,7768.20837,-1.110743442648592,0.7421712963024673,0.5665331827738171,-0.22221864692489354,0.6314847137262339,0.36277097500886984,-1.4575776013393398
18879,7768.20837,18880,7768.210370000001,1.5033856197921416,0.3815104700387081,-0.3560632919496327,-0.22221864692489354,0.018928009885522727,0.458518454151563,-1.110743442648592
18880,7768.210370000001,18881,7768.21237,-0.7329801511253612,-0.6143048440543135,0.5665331827738171,-0.22221864692489354,-0.7551517843025956,0.17284396829030366,1.5033856197921416
18881,7768.21237,18882,7768.214370000001,0.22285961655905076,0.2478548059554514,-0.09081668448449774,-0.22221864692489354,0.5915808933535484,0.0527081256167263,-0.7329801511253612
18882,7768.214370000001,18883,7768.21637,0.6248235248485796,-0.3680243083006973,0.057427309036130976,-0.22221864692489354,0.22364570001171516,0.23826432285676985,0.22285961655905076
18883,7768.21637,18884,7768.2183700000005,-0.4464108438347633,-0.42710372668664515,0.4392348140690237,-0.22221864692489354,-0.36668833643467863,0.23783402407935733,0.6248235248485796
18884,7768.2183700000005,18885,7768.22037,1.2250912705521901,-0.33912048824683566,-0.3055559555122169,-0.22221864692489354,-0.14105082142664457,0.20996150728149343,-0.4464108438347633
18885,7768.22037,18886,7768.22237,-0.7076188471094069,-0.23320378702771544,0.020854724007790478,-0.22221864692489354,-0.44787710269427056,-0.41280239481335645,1.2250912705521901
18886,7768.22237,18887,7768.22437,-1.0216454240391355,0.23098172421311908,-0.22486726958948416,-0.22221864692489354,-0.18855022265439364,0.28824606260599483,-0.7076188471094069
18887,7768.22437,18888,7768.22637,-0.11323118932863196,-0.2109641318826023,-0.4976878343744867,-0.22221864692489354,0.045569940831939666,0.4905597772804365,-1.0216454240391355
18888,7768.22637,18889,7768.228370000001,0.12241892178003311,-0.264447904458089,-0.11764148282154932,-0.22221864692489354,0.2468316425863906,0.17611489210839118,-0.11323118932863196
18889,7768.228370000001,18890,7768.23037,-0.7954310847681826,-0.11764148282154932,-0.11764148282154932,-0.22221864692489354,0.16580742002953927,0.14970561431342108,0.12241892178003311
18890,7768.23037,18891,7768.232370000001,1.0870810910689204,0.20127932814136076,0.0614742313574837,-0.22221864692489354,0.2829392689608319,0.34638009514734397,-0.7954310847681826
18891,7768.232370000001,18892,7768.23437,-0.7272276667870038,-0.5707173324169582,-0.11095358048304305,-0.22221864692489354,-0.1693472467346643,-0.4301858315945434,1.0870810910689204
18892,7768.23437,18893,7768.2363700000005,0.6710671667180875,0.08448164062495879,0.08448164062495879,-0.22221864692489354,-0.08598567673795962,0.0527081256167263,-0.7272276667870038
18893,7768.2363700000005,18894,7768.23837,-0.5390601929718083,-0.4089410134347594,0.003959394191598462,-0.22221864692489354,-0.7032326386355993,0.25667864216008623,0.6710671667180875
18894,7768.23837,18895,7768.24037,0.1866494542322495,0.3045365053903889,-0.19492005369880339,-0.22221864692489354,-0.3812370524413442,0.5926479466765875,-0.5390601929718083
18895,7768.24037,18896,7768.24237,0.6060199891049604,-0.3680243083006973,-0.25979920808060847,-0.22221864692489354,-0.6024396769760778,0.23826432285676985,0.1866494542322495
18896,7768.24237,18897,7768.24437,-0.29528729223551864,-0.1367745355898586,-0.2585071819480077,-0.22221864692489354,-0.31593256408353876,-0.15086438113950212,0.6060199891049604
18897,7768.24437,18898,7768.24637,-0.49411905405646245,0.26136985966282844,0.425368832305809,-0.22221864692489354,-0.2549031685864674,-0.469457529295874,-0.29528729223551864
18898,7768.24637,18899,7768.24837,-0.7417380094684719,-0.3793708463931679,0.04278403570094096,-0.22221864692489354,0.14417518292234255,0.24389846282682473,-0.49411905405646245
18899,7768.24837,18900,7768.250370000001,-0.24238579753661046,0.31058431744980514,-0.09081668448449774,-0.22221864692489354,0.08448164062495879,0.41712870065275015,-0.7417380094684719
18900,7768.250370000001,18901,7768.25237,-0.23846506560562117,0.03328868571940855,0.1188056649534898,-0.22221864692489354,0.34689478968750825,-0.018749422511174247,-0.24238579753661046
18901,7768.25237,18902,7768.254370000001,1.0393856882542771,0.03328868571940855,0.057427309036130976,-0.22221864692489354,-0.13212913603679083,0.01290993755996567,-0.23846506560562117
18902,7768.254370000001,18903,7768.25637,0.46724733187094064,-0.4045790620607671,0.13972237993573028,-0.22221864692489354,-0.599765985291926,0.23040375633204757,1.0393856882542771
18903,7768.25637,18904,7768.2583700000005,-0.20398392016342956,-0.10399106154996786,-0.1580064889391583,-0.22221864692489354,-0.110790695463218,-0.4437754889272999,0.46724733187094064
18904,7768.2583700000005,18905,7768.26037,0.21528747729290926,-0.05790830952639997,-0.05790830952639997,-0.22221864692489354,0.4033397087958505,0.30327416721161743,-0.20398392016342956
18905,7768.26037,18906,7768.26237,0.7608823612730021,-0.3284851404962956,-0.05790830952639997,-0.22221864692489354,-0.11079069546321889,0.18912276188143587,0.21528747729290926
18906,7768.26237,18907,7768.26437,-0.4340369426612773,-0.46320165830331783,-0.32138433220463275,-0.22221864692489354,-0.4735686954102299,-0.4830662570737806,0.7608823612730021
18907,7768.26437,18908,7768.26637,0.13607592325951845,-0.5242815461956132,-0.4612300397916861,-0.22221864692489354,0.07520706895239417,0.001890840896441542,-0.4340369426612773
18908,7768.26637,18909,7768.268370000001,-1.1930673313915086,-0.0468558017538685,0.2468316425863906,-0.22221864692489354,0.2684630782663481,0.04431724389033626,0.13607592325951845
18909,7768.268370000001,18910,7768.27037,-0.3473320718572249,0.46081688303872814,0.14744686068649904,-0.22221864692489354,0.5134500205163792,0.5204389578696991,-1.1930673313915086
18910,7768.27037,18911,7768.272370000001,0.07182537420758342,0.12222568506445756,-0.2277407930818674,-0.22221864692489354,0.07659026503008577,-0.6070320847252332,-0.3473320718572249
18911,7768.272370000001,18912,7768.27437,1.2664938230656737,-0.33386908533994497,-0.142219654779851,-0.22221864692489354,-0.4168168715325789,0.28425491436494743,0.07182537420758342
18912,7768.27437,18913,7768.2763700000005,-0.3829508914867906,-0.4862494739113126,-0.15227188492972385,-0.22221864692489354,-0.20801236163029216,-0.41280239481335645,1.2664938230656737
18913,7768.2763700000005,18914,7768.27837,-0.32483583677059263,0.025655330634945066,0.06867010178033228,-0.22221864692489354,0.07026594613374956,-0.22064361378610747,-0.3829508914867906
18914,7768.27837,18915,7768.28037,0.31932356529303235,0.18707215955255196,0.3022792894054063,-0.22221864692489354,-0.19005620167460113,-0.4840761201548569,-0.32483583677059263
18915,7768.28037,18916,7768.28237,0.525315227052583,0.011543669774703644,0.44738858858162417,-0.22221864692489354,0.028984417149159787,-0.29284614965403966,0.31932356529303235
18916,7768.28237,18917,7768.28437,0.6031965888120673,-0.4341784187284774,-0.19492005369880339,-0.22221864692489354,0.11456281231889064,-0.18855022265439364,0.525315227052583
18917,7768.28437,18918,7768.286370000001,-0.6112480343613882,-0.1367745355898586,-0.2585071819480077,-0.22221864692489354,0.20629633410779258,-0.15086438113950212,0.6031965888120673
18918,7768.286370000001,18919,7768.28837,-1.3813961240833255,0.44799338041210496,-0.21378965766165123,-0.22221864692489354,0.3289829331890281,0.40683511250520366,-0.6112480343613882
18919,7768.28837,18920,7768.290370000001,0.12919077557068842,0.7421712963024673,0.5665331827738171,-0.22221864692489354,0.6314847137262339,0.36277097500886984,-1.3813961240833255
18920,7768.290370000001,18921,7768.29237,-0.08752080135112267,-0.11764148282154932,0.2468316425863906,-0.22221864692489354,0.029231885023791086,0.06598197385371023,0.12919077557068842
18921,7768.29237,18922,7768.2943700000005,-0.3769270767863817,-0.26469932568774684,-0.142219654779851,-0.22221864692489354,-0.20898740935191218,0.2538024840754271,-0.08752080135112267
18922,7768.2943700000005,18923,7768.29637,1.2327379844896456,0.12222568506445756,-0.1590935974930537,-0.22221864692489354,-0.1590935974930537,-0.22064361378610747,-0.3769270767863817
18923,7768.29637,18924,7768.29837,0.3970463911178934,-0.3039189645258097,-0.004031897363650107,-0.22221864692489354,0.12460633218032037,-0.4676350392707466,1.2327379844896456
18924,7768.29837,18925,7768.30037,-0.18643803454828003,-0.4612300397916861,0.025655330634945066,-0.22221864692489354,0.08675353362046224,-0.19734313698496606,0.3970463911178934
18925,7768.30037,18926,7768.30237,0.6221309453711976,0.1188056649534898,-0.25979920808060847,-0.22221864692489354,-0.49651442415516556,0.14244063181491506,-0.18643803454828003
18926,7768.30237,18927,7768.30437,0.6385824136356587,-0.4773469377075341,0.24267138127169754,-0.22221864692489354,0.4001004254246384,0.07006236307115508,0.6221309453711976
18927,7768.30437,18928,7768.30637,-0.6753926818951871,-0.49283027954691044,-0.16977732784229826,-0.22221864692489354,-0.2149352509251273,0.07006236307115508,0.6385824136356587
18928,7768.30637,18929,7768.308370000001,-0.9563090550384492,-0.11114900749167592,0.03771471514515023,-0.22221864692489354,0.21040396558701838,0.03314785552517815,-0.6753926818951871
18929,7768.308370000001,18930,7768.31037,0.3676211840825952,-0.022955602520112153,-0.4457817884455007,-0.22221864692489354,0.5143861565203867,0.2281754560076201,-0.9563090550384492
18930,7768.31037,18931,7768.312370000001,-0.7157292206240774,0.24347058211343803,-0.22608734875547484,-0.22221864692489354,-0.12473485449518786,-0.4836049776255281,0.3676211840825952
18931,7768.312370000001,18932,7768.31437,-0.4237262290059787,0.08448164062495879,-0.40321812085722475,-0.22221864692489354,0.33047482620650287,0.5416892626511061,-0.7157292206240774
18932,7768.31437,18933,7768.3163700000005,1.166330462723064,-0.3360041692109607,-0.586228480579486,-0.22221864692489354,-0.46345356189428083,0.33683613764414877,-0.4237262290059787
18933,7768.3163700000005,18934,7768.31837,-0.1209364851566373,-0.004031897363650107,0.15803756558971685,-0.22221864692489354,-0.1997901689431223,-0.4676350392707466,1.166330462723064
18934,7768.31837,18935,7768.32037,-0.11173505947172964,-0.26469932568774684,-0.03932569819300731,-0.22221864692489354,0.4582653041588365,0.2439554997582549,-0.1209364851566373
18935,7768.32037,18936,7768.32237,-0.5793801826474901,-0.264447904458089,-0.19426091714379276,-0.22221864692489354,0.2468316425863906,0.17611489210839118,-0.11173505947172964
18936,7768.32237,18937,7768.32437,0.22512884046940912,0.44799338041210496,0.5122513585153673,-0.22221864692489354,-0.21786668678860563,0.40683511250520366,-0.5793801826474901
18937,7768.32437,18938,7768.326370000001,-0.27154714222536347,-0.3680243083006973,0.11043225500122787,-0.22221864692489354,0.2397832306817164,0.23826432285676985,0.22512884046940912
18938,7768.326370000001,18939,7768.32837,0.284337084759,0.011795490982976716,0.24637656706444025,-0.22221864692489354,0.24637656706444025,-0.08755414746714527,-0.27154714222536347
18939,7768.32837,18940,7768.330370000001,-0.5232683639625006,-0.22414032461627648,0.21947532111276988,-0.22221864692489354,-0.250238123866123,0.21947532111276988,0.284337084759
18940,7768.330370000001,18941,7768.33237,0.14584381770541946,0.1887310599314789,-0.19492005369880339,-0.22221864692489354,0.477075922754881,0.47266160416269526,-0.5232683639625006
18941,7768.33237,18942,7768.3343700000005,-0.5023237066034093,-0.1451200351232795,-0.0468558017538685,-0.22221864692489354,0.13305357147980887,0.07911556141073157,0.14584381770541946
18942,7768.3343700000005,18943,7768.33637,0.8069469624748298,-0.10621910965384766,-0.3793708463931679,-0.22221864692489354,-0.05260453624490309,0.3986600833996137,-0.5023237066034093
18943,7768.33637,18944,7768.33837,0.34542721131419524,-0.2924387125634771,-0.20543721480030894,-0.22221864692489354,-0.18037851167477542,-0.32164822622632444,0.8069469624748298
18944,7768.33837,18945,7768.34037,-0.8307942957883934,0.24358470153953493,-0.2277407930818674,-0.22221864692489354,0.03096244753518709,-0.29284614965403966,0.34542721131419524
18945,7768.34037,18946,7768.34237,1.239009653073188,0.2001179742892834,-0.05257000406954908,-0.22221864692489354,0.3863945149024497,0.2716581023075879,-0.8307942957883934
18946,7768.34237,18947,7768.344370000001,-0.3785984628040498,-0.3168609338004881,-0.19677528628455082,-0.22221864692489354,-0.009671010051415912,-0.5082527079197163,1.239009653073188
18947,7768.344370000001,18948,7768.34637,-0.8779678866723769,0.06867010178033228,-0.1590935974930537,-0.22221864692489354,-0.04103889547234031,-0.2040136003593252,-0.3785984628040498
18948,7768.34637,18949,7768.348370000001,1.156612191109863,-0.22402396436481015,-0.21528747729291253,-0.22221864692489354,0.2231799473761593,0.4043361726471263,-0.8779678866723769
18949,7768.348370000001,18950,7768.35037,-1.062769787705159,0.05132605090292216,0.05132605090292216,-0.22221864692489354,-0.13810689628564096,-0.4301858315945434,1.156612191109863
18950,7768.35037,18951,7768.3523700000005,-0.7655821043969682,0.25400013206500477,0.19701442061940258,-0.22221864692489354,0.43417841872848006,0.38118733211814904,-1.062769787705159
18951,7768.3523700000005,18952,7768.35437,0.14760388353364345,0.2478548059554514,-0.32138433220463275,-0.22221864692489354,-0.27680419600156553,0.371268573956694,-0.7655821043969682
18952,7768.35437,18953,7768.35637,0.7429161107828356,-0.1451200351232795,-0.0468558017538685,-0.22221864692489354,0.10359736075747876,0.07911556141073157,0.14760388353364345
18953,7768.35637,18954,7768.35837,-0.5082964955497191,-0.5447970547107047,0.0810640939092567,-0.22221864692489354,-0.14486816181421797,0.09091639035226247,0.7429161107828356
18954,7768.35837,18955,7768.36037,0.5935731463644639,0.1887310599314789,-0.4935637514578185,-0.22221864692489354,0.15180293708375445,0.4755840261875662,-0.5082964955497191
18955,7768.36037,18956,7768.36237,0.6061986686635047,-0.11540633830732888,0.13598062011603174,-0.22221864692489354,-0.4773469377075341,-0.15086438113950212,0.5935731463644639
18956,7768.36237,18957,7768.36437,0.10175803816049643,-0.1367745355898586,-0.2585071819480077,-0.22221864692489354,-0.4466204410595327,-0.15086438113950212,0.6061986686635047
18957,7768.36437,18958,7768.366370000001,-0.5941760766237084,-0.1375361019146593,-0.1375361019146593,-0.22221864692489354,0.06890794219053827,0.1897551872537381,0.10175803816049643
18958,7768.366370000001,18959,7768.36837,-0.8764539964430332,0.4881277446660977,-0.1367745355898586,-0.22221864692489354,0.14612689443683152,0.40683511250520366,-0.5941760766237084
18959,7768.36837,18960,7768.370370000001,0.6645342456764631,-0.27262847819641933,-0.4450124051964178,-0.22221864692489354,0.4374503571503312,0.4043361726471263,-0.8764539964430332
18960,7768.370370000001,18961,7768.37237,-0.08568505043089632,-0.3877785297543843,-0.540651181947749,-0.22221864692489354,-0.27110317873406736,0.24819562790769067,0.6645342456764631
18961,7768.37237,18962,7768.37437,0.7591972975142005,-0.26469932568774684,-0.142219654779851,-0.22221864692489354,-0.20898740935191218,0.2538024840754271,-0.08568505043089632
18962,7768.37437,18963,7768.37637,-0.4041661149485721,-0.46320165830331783,-0.349079290883896,-0.22221864692489354,-0.26148195471955166,-0.4830662570737806,0.7591972975142005
18963,7768.37637,18964,7768.37837,0.592305808308476,-0.03904571359033493,-0.18444244836309,-0.22221864692489354,0.3227031064633891,-0.09118222407484311,-0.4041661149485721
18964,7768.37837,18965,7768.38037,-0.45355887027814246,-0.11540633830732888,0.13598062011603174,-0.22221864692489354,-0.3354578135198244,-0.15086438113950212,0.592305808308476
18965,7768.38037,18966,7768.38237,-0.3400534933682841,-0.33912048824683566,-0.2852952407927156,-0.22221864692489354,0.6149938001163215,0.7276848659227682,-0.45355887027814246
18966,7768.38237,18967,7768.384370000001,0.23803485321745152,0.12222568506445756,0.12222568506445756,-0.22221864692489354,0.08045978314085042,-0.4840761201548569,-0.3400534933682841
18967,7768.384370000001,18968,7768.38637,0.09347211141080672,-0.3284851404962956,0.057427309036130976,-0.22221864692489354,0.05229370372931928,0.3033279162038353,0.23803485321745152
18968,7768.38637,18969,7768.388370000001,1.1045153649975983,-0.33386908533994497,-0.142219654779851,-0.22221864692489354,0.04869483487163231,0.28425491436494743,0.09347211141080672
18969,7768.388370000001,18970,7768.39037,-1.3738514814964253,-0.6138912424649068,-0.3560632919496327,-0.22221864692489354,-0.40971448345301886,-0.4240597290924465,1.1045153649975983
18970,7768.39037,18971,7768.3923700000005,-0.3371219670059693,0.7421712963024673,0.5665331827738171,-0.22221864692489354,0.6314847137262339,0.36277097500886984,-1.3738514814964253
18971,7768.3923700000005,18972,7768.39437,0.6132409512889135,-0.1590935974930537,0.1289028630940942,-0.22221864692489354,0.446271087941495,-0.31622443030475306,-0.3371219670059693
18972,7768.39437,18973,7768.39637,0.786039019558011,-0.42710372668664515,-0.21378965766165123,-0.22221864692489354,-0.13972237993573028,-0.20585205420414715,0.6132409512889135
18973,7768.39637,18974,7768.39837,0.2534070708634752,-0.349079290883896,-0.34364778258269746,-0.22221864692489354,0.11491977553924475,-0.2963973956432763,0.786039019558011
18974,7768.39837,18975,7768.40037,-0.8927286901387197,-0.3924846526927655,0.26136985966282844,-0.22221864692489354,-0.24555121446397962,0.3033279162038353,0.2534070708634752
18975,7768.40037,18976,7768.402370000001,0.4891771447065751,-0.19647628792681227,-0.19647628792681227,-0.22221864692489354,0.2629100663549591,0.28595173187160355,-0.8927286901387197
18976,7768.402370000001,18977,7768.40437,0.8219540544047608,-0.49602694353394244,0.04278403570094096,-0.22221864692489354,-0.1109861543034674,-0.09826717342661563,0.4891771447065751
18977,7768.40437,18978,7768.406370000001,-0.9779360818343614,-0.34364778258269746,-0.013089570749465922,-0.22221864692489354,-0.2924387125634771,-0.2963973956432763,0.8219540544047608
18978,7768.406370000001,18979,7768.40837,0.2057039170288545,-0.4457817884455007,-0.6058412776143282,-0.22221864692489354,0.0012367235680760752,0.2960726148674459,-0.9779360818343614
18979,7768.40837,18980,7768.4103700000005,0.489244090313299,-0.3284851404962956,-0.2839535651400084,-0.22221864692489354,0.1811986942873156,0.23826432285676985,0.2057039170288545
18980,7768.4103700000005,18981,7768.41237,-0.8873481546496247,-0.49602694353394244,0.04278403570094096,-0.22221864692489354,-0.1109861543034674,-0.09826717342661563,0.489244090313299
18981,7768.41237,18982,7768.41437,-0.6573927005711967,-0.19647628792681227,-0.20883973594614808,-0.22221864692489354,-0.08878717270042706,0.24680320643266201,-0.8873481546496247
18982,7768.41437,18983,7768.41637,-0.08752080135113009,0.23098172421311908,-0.43566271025191466,-0.22221864692489354,0.047723691621056635,0.15775784096124995,-0.6573927005711967
18983,7768.41637,18984,7768.41837,1.3960825152000231,-0.26469932568774684,-0.142219654779851,-0.22221864692489354,-0.20898740935191218,0.2538024840754271,-0.08752080135113009
18984,7768.41837,18985,7768.42037,-0.8260892275799386,-0.6143048440543135,0.5665331827738171,-0.22221864692489354,-0.7551517843025956,0.17284396829030366,1.3960825152000231
18985,7768.42037,18986,7768.42237,-0.227102945505805,0.19800024573023775,-0.013089570749465922,-0.22221864692489354,-0.2555517227564244,0.2716581023075879,-0.8260892275799386
18986,7768.42237,18987,7768.424370000001,0.7118966030711176,0.011795490982976716,0.057427309036130976,-0.22221864692489354,-0.3114910083570058,0.01290993755996567,-0.227102945505805
18987,7768.424370000001,18988,7768.42637,0.37207172637292657,-0.5677304416072702,-0.40321812085722475,-0.22221864692489354,-0.31455167850415283,0.17161844039403462,0.7118966030711176
18988,7768.42637,18989,7768.4283700000005,-0.20753926877699708,-0.18444244836309,0.06867010178033228,-0.22221864692489354,0.14420669238306164,-0.44155453861695204,0.37207172637292657
18989,7768.4283700000005,18990,7768.43037,-0.4745202564952111,-0.05790830952639997,-0.05790830952639997,-0.22221864692489354,0.09001867945461382,0.30327416721161743,-0.20753926877699708
18990,7768.43037,18991,7768.43237,-0.30948986036473536,-0.33912048824683566,0.04278403570094096,-0.22221864692489354,-0.26176213740049237,0.3997832400759384,-0.4745202564952111
18991,7768.43237,18992,7768.43437,-0.20579280196735286,0.21947532111276988,0.3575917210223996,-0.22221864692489354,0.4201938371521247,-0.3460196512825826,-0.30948986036473536
18992,7768.43437,18993,7768.43637,0.20374644687805782,-0.05790830952639997,-0.2839535651400084,-0.22221864692489354,0.20324162882454833,0.30327416721161743,-0.20579280196735286
18993,7768.43637,18994,7768.43837,0.6747255828247714,-0.3284851404962956,-0.2839535651400084,-0.22221864692489354,0.1929113285634067,0.23826432285676985,0.20374644687805782
18994,7768.43837,18995,7768.44037,-0.9183196095249122,-0.49283027954691044,0.003959394191598462,-0.22221864692489354,-0.39376207444016076,0.2567067988803972,0.6747255828247714
18995,7768.44037,18996,7768.442370000001,0.5713547531464888,0.24161431382093385,-0.057564761357569785,-0.22221864692489354,0.24161431382093385,0.00775872212043541,-0.9183196095249122
18996,7768.442370000001,18997,7768.44437,-0.3653253194131171,-0.04128339852111738,0.20026694120400818,-0.22221864692489354,0.21660722233379348,-0.24794002233409962,0.5713547531464888
18997,7768.44437,18998,7768.446370000001,1.0016215953775263,0.12222568506445756,-0.261061533451254,-0.22221864692489354,0.18948419678191017,-0.31622443030475306,-0.3653253194131171
18998,7768.446370000001,18999,7768.44837,-1.1870330450822306,-0.5427897219922647,-0.4976878343744867,-0.22221864692489354,-0.316807907313747,0.03641703850535831,1.0016215953775263
18999,7768.44837,19000,7768.4503700000005,0.7214772805187799,0.4883957812993733,-0.004031897363650107,-0.22221864692489354,0.5134500205163792,0.5204389578696991,-1.1870330450822306
19000,7768.4503700000005,19001,7768.45237,-1.0913918648650205,-0.5677304416072702,-0.11433558754392475,-0.22221864692489354,0.04372514662977559,0.1278464742447915,0.7214772805187799
19001,7768.45237,19002,7768.45437,-0.47186722379431495,0.30970350704733635,-0.1534589028431259,-0.22221864692489354,0.08835412084402881,0.05225916081838758,-1.0913918648650205
19002,7768.45437,19003,7768.45637,1.1160987838799268,-0.33912048824683566,-0.1580064889391583,-0.22221864692489354,0.24680320643266201,0.3997832400759384,-0.47186722379431495
19003,7768.45637,19004,7768.45837,0.5072231462686644,-0.5707173324169582,-0.32412543194154536,-0.22221864692489354,-0.5244754427631747,-0.303838387594942,1.1160987838799268
19004,7768.45837,19005,7768.460370000001,0.2728224404297999,-0.37882276466544773,-0.4935637514578185,-0.22221864692489354,-0.3810132915165257,-0.09826717342661563,0.5072231462686644
19005,7768.460370000001,19006,7768.46237,0.2918136530945586,-0.3924846526927655,0.24637656706444025,-0.22221864692489354,-0.3638592658670793,0.013771882736142901,0.2728224404297999
19006,7768.46237,19007,7768.464370000001,-1.002770575450224,0.011543669774703644,0.425368832305809,-0.22221864692489354,-0.3323039356790976,0.013771882736142901,0.2918136530945586
19007,7768.464370000001,19008,7768.46637,0.5496402910305046,-0.34607115121821197,-0.3699117898289583,-0.22221864692489354,0.2818141161918464,0.5401211334889078,-1.002770575450224
19008,7768.46637,19009,7768.4683700000005,-0.6131226710829647,-0.1562957841783241,-0.19492005369880339,-0.22221864692489354,-0.037013477431905036,-0.3267540379289676,0.5496402910305046
19009,7768.4683700000005,19010,7768.47037,0.18383693820229402,0.44799338041210496,-0.21378965766165123,-0.22221864692489354,0.6461261511852355,0.4353801578601097,-0.6131226710829647
19010,7768.47037,19011,7768.47237,-0.3512334140402359,-0.3680243083006973,-0.25979920808060847,-0.22221864692489354,-0.5068943395054263,0.2949621506605914,0.18383693820229402
19011,7768.47237,19012,7768.47437,-0.9938245203601418,0.18707215955255196,-0.22326729252055358,-0.22221864692489354,-0.46925266490400475,-0.6070320847252332,-0.3512334140402359
19012,7768.47437,19013,7768.47637,1.0375690169006258,-0.4976878343744867,-0.32515141032815087,-0.22221864692489354,0.07975429203940905,0.33253886435322505,-0.9938245203601418
19013,7768.47637,19014,7768.478370000001,-1.051985388051467,-0.4045790620607671,0.13972237993573028,-0.22221864692489354,-0.7071344335542963,0.23040375633204757,1.0375690169006258
19014,7768.478370000001,19015,7768.48037,1.4636597285528428,0.25400013206500477,0.30970350704733635,-0.22221864692489354,0.3105843174498007,0.4905597772804365,-1.051985388051467
19015,7768.48037,19016,7768.482370000001,-0.3506953181180667,-0.6143048440543135,0.5665331827738171,-0.22221864692489354,-0.7551517843025956,0.17284396829030366,1.4636597285528428
19016,7768.482370000001,19017,7768.48437,-0.037469337876367026,0.18707215955255196,0.12222568506445756,-0.22221864692489354,-0.295720649952004,-0.6070320847252332,-0.3506953181180667
19017,7768.48437,19018,7768.4863700000005,0.5543347417676495,-0.26469932568774684,-0.142219654779851,-0.22221864692489354,-0.20898740935191218,0.2538024840754271,-0.037469337876367026
19018,7768.4863700000005,19019,7768.48837,-0.16728643675321342,-0.1367745355898586,-0.14386003369658196,-0.22221864692489354,0.08608586542674336,-0.3267540379289676,0.5543347417676495
19019,7768.48837,19020,7768.49037,-0.7972858399552568,0.3670161928869269,-0.1253451100184705,-0.22221864692489354,-0.30724381006088747,0.1023824733134749,-0.16728643675321342
19020,7768.49037,19021,7768.49237,0.27887176486448484,0.21953376817436218,0.09869595454043296,-0.22221864692489354,0.4770307464543631,0.34178760532952207,-0.7972858399552568
19021,7768.49237,19022,7768.49437,-0.5067847132213197,-0.3924846526927655,-0.22414032461627648,-0.22221864692489354,-0.2374322447655841,0.21947532111276988,0.27887176486448484
19022,7768.49437,19023,7768.49637,0.3282754694170375,0.23668565463758306,-0.4935637514578185,-0.22221864692489354,0.21944609630090817,0.3997832400759384,-0.5067847132213197
19023,7768.49637,19024,7768.49837,0.4821452708796316,0.425368832305809,0.18707215955255196,-0.22221864692489354,-0.5404391962771852,-0.4123446351773559,0.3282754694170375
19024,7768.49837,19025,7768.500370000001,-0.49267462541008805,-0.3111977571319168,-0.33912048824683566,-0.22221864692489354,0.3394056655123632,-0.09826717342661563,0.4821452708796316
19025,7768.500370000001,19026,7768.50237,0.8960917385011964,-0.3793708463931679,0.04278403570094096,-0.22221864692489354,-0.22303435517964126,0.3986600833996137,-0.49267462541008805
19026,7768.50237,19027,7768.504370000001,0.31701999639195183,-0.45228617859521053,-0.13101229880341542,-0.22221864692489354,0.015529383950711314,-0.29064401459706074,0.8960917385011964
19027,7768.504370000001,19028,7768.50637,-1.0910007433190152,-0.22414032461627648,0.44738858858162417,-0.22221864692489354,-0.23268478580506255,-0.2264646908205313,0.31701999639195183
19028,7768.50637,19029,7768.5083700000005,0.5974056065356207,0.30295161257612363,-0.1534589028431259,-0.22221864692489354,0.08835412084402881,0.05225916081838758,-1.0910007433190152
19029,7768.5083700000005,19030,7768.51037,-0.3603877880177724,-0.04128339852111738,-0.1367745355898586,-0.22221864692489354,0.06574343642776742,-0.15086438113950212,0.5974056065356207
19030,7768.51037,19031,7768.51237,-0.8483372264675213,0.12222568506445756,-0.261061533451254,-0.22221864692489354,-0.19973055642447976,-0.4840761201548569,-0.3603877880177724
19031,7768.51237,19032,7768.51437,0.9908696707086734,0.0579770049994011,-0.2682404354957498,-0.22221864692489354,-0.07955263170195827,0.3577698856724587,-0.8483372264675213
19032,7768.51437,19033,7768.51637,-0.7894990874102651,-0.6326840561661579,-0.32515141032815087,-0.22221864692489354,-0.19605753997704936,0.08608586542674336,0.9908696707086734
19033,7768.51637,19034,7768.518370000001,-0.12979831871694364,0.21953376817436218,-0.32138433220463275,-0.22221864692489354,0.04156275739432049,0.34178760532952207,-0.7894990874102651
19034,7768.518370000001,19035,7768.52037,0.8774080143691598,-0.1253451100184705,0.18806782997741056,-0.22221864692489354,-0.33010860249204005,0.14244063181491506,-0.12979831871694364
19035,7768.52037,19036,7768.522370000001,0.9220321799554959,-0.45228617859521053,-0.21528747729291253,-0.22221864692489354,0.272683899816409,-0.28636182004630667,0.8774080143691598
19036,7768.522370000001,19037,7768.52437,0.3127164007690592,-0.5942765296670074,0.05742730903612716,-0.22221864692489354,-0.1406398257046996,0.02010588734399296,0.9220321799554959
19037,7768.52437,19038,7768.5263700000005,-0.8280311612094288,-0.22414032461627648,0.3575917210223996,-0.22221864692489354,-0.16685528279377265,-0.2264646908205313,0.3127164007690592
19038,7768.5263700000005,19039,7768.52837,0.19832863825179656,0.19800024573023775,-0.013089570749465922,-0.22221864692489354,-0.11832075376355657,0.2716581023075879,-0.8280311612094288
19039,7768.52837,19040,7768.53037,-0.3795700743853599,-0.3284851404962956,0.1817451092119638,-0.22221864692489354,0.2736255977117862,0.18912276188143587,0.19832863825179656
19040,7768.53037,19041,7768.53237,-0.970199710654917,0.06867010178033228,-0.03904571359033493,-0.22221864692489354,0.021460514672199994,-0.2040136003593252,-0.3795700743853599
19041,7768.53237,19042,7768.53437,-0.14026029505304552,-0.3445507870687826,-0.6058412776143282,-0.22221864692489354,-0.08478262887196678,0.17522943642255087,-0.970199710654917
19042,7768.53437,19043,7768.536370000001,0.9090360910422247,-0.1253451100184705,-0.11764148282154932,-0.22221864692489354,0.2298832994748456,0.04382965985950285,-0.14026029505304552
19043,7768.536370000001,19044,7768.53837,0.5786866447606905,-0.48059340101518805,-0.19647628792681227,-0.22221864692489354,-0.18891186451235267,-0.35769353328068076,0.9090360910422247
19044,7768.53837,19045,7768.540370000001,-0.647898508598066,-0.04128339852111738,0.49903666098945154,-0.22221864692489354,-0.03029176853583338,-0.24794002233409962,0.5786866447606905
19045,7768.540370000001,19046,7768.54237,0.9546571570804615,0.29766843901634654,-0.46237680260629,-0.22221864692489354,0.11790030711365772,0.15775784096124995,-0.647898508598066
19046,7768.54237,19047,7768.5443700000005,-0.5290748318891428,-0.6326840561661579,-0.4457817884455007,-0.22221864692489354,-0.41729656837337764,0.03641703850535831,0.9546571570804615
19047,7768.5443700000005,19048,7768.54637,-0.8390853660797198,0.1887310599314789,-0.19492005369880339,-0.22221864692489354,0.40161177300530154,0.3986600833996137,-0.5290748318891428
19048,7768.54637,19049,7768.54837,0.48792667003321605,0.19800024573023775,-0.2130251990668944,-0.22221864692489354,-0.2682404354957498,0.3577698856724587,-0.8390853660797198
19049,7768.54837,19050,7768.55037,-0.6156626175147757,-0.4935637514578185,0.04278403570094096,-0.22221864692489354,-0.1109861543034674,-0.01756994527594832,0.48792667003321605
19050,7768.55037,19051,7768.55237,0.07050340733540443,0.4392348140690237,-0.2585071819480077,-0.22221864692489354,0.6879837364087865,0.533930612203554,-0.6156626175147757
19051,7768.55237,19052,7768.55437,-0.6561093425269355,-0.33386908533994497,-0.142219654779851,-0.22221864692489354,-0.4168168715325789,0.28425491436494743,0.07050340733540443
19052,7768.55437,19053,7768.55637,1.1988239941248102,0.28830062542145124,-0.43566271025191466,-0.22221864692489354,-0.09492959618303072,0.0409690264766767,-0.6561093425269355
19053,7768.55637,19054,7768.558370000001,-0.3885191790907966,-0.3039189645258097,0.14744686068649904,-0.22221864692489354,-0.35629270528975165,-0.5082527079197163,1.1988239941248102
19054,7768.558370000001,19055,7768.56037,-0.7207517259243594,0.025655330634945066,0.06867010178033228,-0.22221864692489354,0.1747405733250308,-0.19740289198946717,-0.3885191790907966
19055,7768.56037,19056,7768.562370000001,1.1564060952516622,-0.11114900749167592,-0.11433558754392475,-0.22221864692489354,0.2967491224904241,0.5613353537402885,-0.7207517259243594
19056,7768.562370000001,19057,7768.56437,0.24540884341631122,0.05132605090292216,0.05132605090292216,-0.22221864692489354,-0.13810689628564096,-0.4301858315945434,1.1564060952516622
19057,7768.56437,19058,7768.5663700000005,-1.1731214109062922,0.057427309036130976,0.03328868571940855,-0.22221864692489354,-0.2958831106910164,0.3033279162038353,0.24540884341631122
19058,7768.5663700000005,19059,7768.56837,-0.20208255298336741,0.6287906264868397,0.15803756558971685,-0.22221864692489354,0.4196437623998391,0.5204389578696991,-1.1731214109062922
19059,7768.56837,19060,7768.57037,-0.32751504301719775,0.011795490982976716,-0.2839535651400084,-0.22221864692489354,0.4033397087958505,0.30327416721161743,-0.20208255298336741
19060,7768.57037,19061,7768.57237,0.3380827939103297,0.12222568506445756,0.18707215955255196,-0.22221864692489354,0.35906698518415187,-0.469457529295874,-0.32751504301719775
19061,7768.57237,19062,7768.57437,-0.2788442253797369,0.07077472253750312,0.1289028630940942,-0.22221864692489354,0.08818751248990131,-0.40579262498731017,0.3380827939103297
19062,7768.57437,19063,7768.576370000001,-0.24529493198233093,0.03328868571940855,-0.22414032461627648,-0.22221864692489354,0.1522718849297195,-0.3163835941642779,-0.2788442253797369
19063,7768.576370000001,19064,7768.57837,0.1992237064859251,0.011795490982976716,0.03328868571940855,-0.22221864692489354,0.44384554392049824,0.01290993755996567,-0.24529493198233093
19064,7768.57837,19065,7768.580370000001,0.26007986256871446,-0.3284851404962956,0.1817451092119638,-0.22221864692489354,0.3197466330695159,0.18912276188143587,0.1992237064859251
19065,7768.580370000001,19066,7768.58237,0.6803449251407163,-0.3924846526927655,0.03328868571940855,-0.22221864692489354,0.05028823989891532,0.3033279162038353,0.26007986256871446
19066,7768.58237,19067,7768.5843700000005,0.4494108809689673,-0.49283027954691044,0.03771471514515023,-0.22221864692489354,0.03771471514515023,0.25667864216008623,0.6803449251407163
19067,7768.5843700000005,19068,7768.58637,0.14612689443683458,-0.2256517770607452,-0.2852952407927156,-0.22221864692489354,0.12132341967279656,-0.42434549781223985,0.4494108809689673
19068,7768.58637,19069,7768.58837,-0.7795502439626144,-0.1451200351232795,-0.0468558017538685,-0.22221864692489354,-0.0468558017538685,0.07911556141073157,0.14612689443683458
19069,7768.58837,19070,7768.59037,-0.0014548102220465846,0.23860842861534076,-0.32138433220463275,-0.22221864692489354,0.3951359369265649,0.34178760532952207,-0.7795502439626144
19070,7768.59037,19071,7768.59237,-0.20996150728148685,-0.26469932568774684,-0.142219654779851,-0.22221864692489354,-0.20898740935191218,0.2538024840754271,-0.0014548102220465846
19071,7768.59237,19072,7768.594370000001,0.08728734739885867,-0.05790830952639997,-0.05790830952639997,-0.22221864692489354,0.09001867945461382,0.31985237205293277,-0.20996150728148685
19072,7768.594370000001,19073,7768.59637,0.7259076507551381,-0.33386908533994497,-0.142219654779851,-0.22221864692489354,-0.4168168715325789,0.28425491436494743,0.08728734739885867
19073,7768.59637,19074,7768.598370000001,0.45476065461008297,-0.6249404292209375,-0.11433558754392475,-0.22221864692489354,-0.4339190306470874,0.10739665787312261,0.7259076507551381
19074,7768.598370000001,19075,7768.60037,-0.9233485691891882,0.2012793281413575,-0.3111977571319168,-0.22221864692489354,-0.22875471283732585,-0.4093036519968823,0.45476065461008297
19075,7768.60037,19076,7768.6023700000005,0.07635424500100718,0.24161431382093385,0.24161431382093385,-0.22221864692489354,-0.07621935139812973,0.00775872212043541,-0.9233485691891882
19076,7768.6023700000005,19077,7768.60437,0.5504802037289712,-0.33386908533994497,-0.142219654779851,-0.22221864692489354,-0.4168168715325789,0.28425491436494743,0.07635424500100718
19077,7768.60437,19078,7768.60637,-0.17724347433253063,-0.1562957841783241,-0.19492005369880339,-0.22221864692489354,-0.037013477431905036,-0.3267540379289676,0.5504802037289712
19078,7768.60637,19079,7768.60837,-0.5920038242710683,0.2694643577625831,-0.25979920808060847,-0.22221864692489354,0.23225207892836744,0.14244063181491506,-0.17724347433253063
19079,7768.60837,19080,7768.61037,0.3309193461976118,0.4560994046946216,0.23507571868727375,-0.22221864692489354,0.2619021993080837,0.3611489968540988,-0.5920038242710683
19080,7768.61037,19081,7768.61237,-0.32709524975920895,0.425368832305809,0.12222568506445756,-0.22221864692489354,0.21792522794305624,-0.40579262498731017,0.3309193461976118
19081,7768.61237,19082,7768.61437,-0.6126296862470546,0.12222568506445756,0.18707215955255196,-0.22221864692489354,0.320486571265585,-0.469457529295874,-0.32709524975920895
19082,7768.61437,19083,7768.616370000001,0.6187451916451556,0.44799338041210496,-0.21378965766165123,-0.22221864692489354,0.597325495983012,0.4353801578601097,-0.6126296862470546
19083,7768.616370000001,19084,7768.61837,0.27126968814223223,-0.4773469377075341,-0.11540633830732888,-0.22221864692489354,0.4297833265873916,-0.03304221986248109,0.6187451916451556
19084,7768.61837,19085,7768.620370000001,0.453975036010591,-0.3924846526927655,0.24637656706444025,-0.22221864692489354,-0.3638592658670793,0.013771882736142901,0.27126968814223223
19085,7768.620370000001,19086,7768.62237,-0.8119851645671424,0.2012793281413575,-0.2852952407927156,-0.22221864692489354,-0.025832689059045535,-0.4093036519968823,0.453975036010591
19086,7768.62237,19087,7768.62437,1.1468910347681378,0.09869595454043296,0.0807619841739891,-0.22221864692489354,0.21953376817436218,0.34178760532952207,-0.8119851645671424
19087,7768.62437,19088,7768.62637,-0.712307306361622,-0.32412543194154536,0.25535438122807297,-0.22221864692489354,-0.2665132712365482,-0.34013120451600104,1.1468910347681378
19088,7768.62637,19089,7768.62837,-0.14414367246875304,0.23098172421311908,-0.40321812085722475,-0.22221864692489354,0.180712741354441,0.49320819589851683,-0.712307306361622
19089,7768.62837,19090,7768.63037,-0.34486020098971515,-0.03932569819300731,-0.11764148282154932,-0.22221864692489354,-0.19297134897036355,0.04382965985950285,-0.14414367246875304
19090,7768.63037,19091,7768.63237,-0.30338166230726327,0.06867010178033228,-0.2277407930818674,-0.22221864692489354,0.12222568506445756,-0.6070320847252332,-0.34486020098971515
19091,7768.63237,19092,7768.634370000001,0.276886980885097,0.24637656706444025,0.3022792894054063,-0.22221864692489354,0.2653415595667152,-0.39817136066672254,-0.30338166230726327
19092,7768.634370000001,19093,7768.63637,-0.021959125694710944,-0.38349671594334916,-0.22414032461627648,-0.22221864692489354,-0.3924846526927655,0.34359615768916374,0.276886980885097
19093,7768.63637,19094,7768.638370000001,0.18873105993147557,-0.26469932568774684,-0.142219654779851,-0.22221864692489354,-0.20898740935191218,0.2538024840754271,-0.021959125694710944
19094,7768.638370000001,19095,7768.64037,-0.2410138591729574,-0.3680243083006973,-0.3284851404962956,-0.22221864692489354,-0.2309528337513062,0.23826432285676985,0.18873105993147557
19095,7768.64037,19096,7768.6423700000005,0.2464903553614368,0.1188056649534898,0.11043225500122787,-0.22221864692489354,-0.28348766491644645,-0.018749422511174247,-0.2410138591729574
19096,7768.6423700000005,19097,7768.64437,0.7826834232002692,0.057427309036130976,0.11043225500122787,-0.22221864692489354,-0.34571059595921416,0.3033279162038353,0.2464903553614368
19097,7768.64437,19098,7768.64637,-0.5623936756726664,-0.46320165830331783,-0.32138433220463275,-0.22221864692489354,0.20954836949416825,-0.2963973956432763,0.7826834232002692
19098,7768.64637,19099,7768.64837,0.6033558656953645,0.33431209940636736,0.20026694120400818,-0.22221864692489354,0.0023266815309476974,0.3611489968540988,-0.5623936756726664
19099,7768.64837,19100,7768.65037,-1.0324491546578651,-0.1367745355898586,-0.2585071819480077,-0.22221864692489354,0.20629633410779258,-0.15086438113950212,0.6033558656953645
19100,7768.65037,19101,7768.652370000001,-0.06475460334063092,0.06325243515675495,0.13867736503625425,-0.22221864692489354,0.04810532466817255,0.4905597772804365,-1.0324491546578651
19101,7768.652370000001,19102,7768.65437,-0.07928368797680735,-0.26469932568774684,-0.142219654779851,-0.22221864692489354,-0.20898740935191218,0.2538024840754271,-0.06475460334063092
19102,7768.65437,19103,7768.656370000001,0.7957103386692841,-0.26469932568774684,-0.142219654779851,-0.22221864692489354,-0.20898740935191218,0.2538024840754271,-0.07928368797680735
19103,7768.656370000001,19104,7768.65837,0.40802174007975817,-0.29246588020138925,0.0614742313574837,-0.22221864692489354,-0.28690834280892147,-0.4091344370330442,0.7957103386692841
19104,7768.65837,19105,7768.6603700000005,-0.7277903437373706,-0.18444244836309,-0.4612300397916861,-0.22221864692489354,-0.19677528628455218,-0.3234408610880635,0.40802174007975817
19105,7768.6603700000005,19106,7768.66237,0.12286966228992392,0.08448164062495879,0.08448164062495879,-0.22221864692489354,-0.31879447874858713,0.0527081256167263,-0.7277903437373706
19106,7768.66237,19107,7768.66437,0.8944116280810811,-0.1375361019146593,-0.11764148282154932,-0.22221864692489354,-0.07483564182381378,0.28425491436494743,0.12286966228992392
19107,7768.66437,19108,7768.66637,-0.7347099379542719,-0.45228617859521053,-0.19647628792681227,-0.22221864692489354,-0.24975624395827684,-0.29064401459706074,0.8944116280810811
19108,7768.66637,19109,7768.66837,-0.1952494591249959,0.31058431744980514,-0.09081668448449774,-0.22221864692489354,0.01621003381847506,0.34638009514734397,-0.7347099379542719
19109,7768.66837,19110,7768.67037,-0.37104257106791366,0.011795490982976716,-0.2839535651400084,-0.22221864692489354,0.40394742683339324,0.30327416721161743,-0.1952494591249959
19110,7768.67037,19111,7768.67237,-1.2095441526813817,0.18707215955255196,-0.1590935974930537,-0.22221864692489354,0.27088112305269124,-0.2040136003593252,-0.37104257106791366
19111,7768.67237,19112,7768.674370000001,1.1514009763781115,0.4883957812993733,0.09806921242428263,-0.22221864692489354,0.4872561291050971,0.5204389578696991,-1.2095441526813817
19112,7768.674370000001,19113,7768.67637,-0.12389916403770053,0.05132605090292216,0.20226095981088033,-0.22221864692489354,-0.24950103702660464,-0.4301858315945434,1.1514009763781115
19113,7768.67637,19114,7768.6783700000005,0.07138491273236905,-0.264447904458089,-0.11764148282154932,-0.22221864692489354,-0.38891396788392346,0.17611489210839118,-0.12389916403770053
19114,7768.6783700000005,19115,7768.68037,0.5440579797876572,-0.33386908533994497,-0.142219654779851,-0.22221864692489354,-0.4168168715325789,0.28425491436494743,0.07138491273236905
19115,7768.68037,19116,7768.68237,0.8479008242848166,-0.37882276466544773,0.0023266815309476974,-0.22221864692489354,-0.40088076100852027,-0.24794002233409962,0.5440579797876572
19116,7768.68237,19117,7768.68437,-0.1008700116586776,-0.3836207254178327,-0.2682404354957498,-0.22221864692489354,-0.28941850756041676,-0.28636182004630667,0.8479008242848166
19117,7768.68437,19118,7768.68637,-0.6749850631242581,-0.26469932568774684,-0.33386908533994497,-0.22221864692489354,0.18320075768734675,0.2538024840754271,-0.1008700116586776
19118,7768.68637,19119,7768.68837,-0.5438467151567992,-0.11114900749167592,0.003959394191598462,-0.22221864692489354,0.4221047874756706,0.03314785552517815,-0.6749850631242581
19119,7768.68837,19120,7768.69037,0.5541047245153418,0.33431209940636736,0.0023266815309476974,-0.22221864692489354,-0.10598998083334761,0.47266160416269526,-0.5438467151567992
19120,7768.69037,19121,7768.692370000001,0.4095695033875212,-0.1367745355898586,-0.14386003369658196,-0.22221864692489354,-0.021531760041277256,-0.3267540379289676,0.5541047245153418
19121,7768.692370000001,19122,7768.69437,-1.045404738889206,-0.18444244836309,-0.586228480579486,-0.22221864692489354,-0.46265183011077327,-0.3234408610880635,0.4095695033875212
19122,7768.69437,19123,7768.696370000001,0.5850937286846817,0.25400013206500477,0.19701442061940258,-0.22221864692489354,0.24867826025058415,0.4905597772804365,-1.045404738889206
19123,7768.696370000001,19124,7768.69837,0.7922058063428661,-0.11540633830732888,0.5122513585153673,-0.22221864692489354,0.16386288494762946,-0.18855022265439364,0.5850937286846817
19124,7768.69837,19125,7768.7003700000005,-0.9412150138476086,-0.29246588020138925,-0.32138433220463275,-0.22221864692489354,0.11365360326807908,-0.4091344370330442,0.7922058063428661
19125,7768.7003700000005,19126,7768.70237,0.3539451066714428,0.2650902997767296,-0.3445507870687826,-0.22221864692489354,0.3762527426657475,-0.1109861543034674,-0.9412150138476086
19126,7768.70237,19127,7768.70437,0.9127832228729226,0.07077472253750312,-0.2277407930818674,-0.22221864692489354,0.07921644074232352,-0.44155453861695204,0.3539451066714428
19127,7768.70437,19128,7768.70637,-0.7172936932004564,-0.5942765296670074,-0.13101229880341542,-0.22221864692489354,-0.10464688528805648,-0.2615379975362791,0.9127832228729226
19128,7768.70637,19129,7768.70837,-0.877029544744396,0.08448164062495879,-0.3862955833629926,-0.22221864692489354,0.10886664588793442,0.5416892626511061,-0.7172936932004564
19129,7768.70837,19130,7768.710370000001,0.7636166683186562,-0.22402396436481015,-0.4450124051964178,-0.22221864692489354,0.39277958719486766,0.4043361726471263,-0.877029544744396
19130,7768.710370000001,19131,7768.71237,-0.47311525263827797,-0.46320165830331783,-0.349079290883896,-0.22221864692489354,-0.4305881746565941,-0.4830662570737806,0.7636166683186562
19131,7768.71237,19132,7768.714370000001,-0.7228384863682338,-0.33912048824683566,-0.3111977571319168,-0.22221864692489354,-0.08755414746714527,0.3997832400759384,-0.47311525263827797
19132,7768.714370000001,19133,7768.71637,1.0464533993855836,-0.11114900749167592,-0.11433558754392475,-0.22221864692489354,0.4545989600507492,0.49320819589851683,-0.7228384863682338
19133,7768.71637,19134,7768.7183700000005,0.09353840682317564,-0.32979458966726777,0.19701442061940258,-0.22221864692489354,-0.28389876461391034,-0.06393551862196219,1.0464533993855836
19134,7768.7183700000005,19135,7768.72037,-0.6537269934639262,-0.33386908533994497,-0.142219654779851,-0.22221864692489354,0.04869483487163231,0.28425491436494743,0.09353840682317564
19135,7768.72037,19136,7768.72237,0.958363118123106,0.29766843901634654,-0.43566271025191466,-0.22221864692489354,-0.18050006266556343,0.0409690264766767,-0.6537269934639262
19136,7768.72237,19137,7768.72437,-0.7147679901751818,-0.6482031138510547,-0.6482031138510547,-0.22221864692489354,-0.3527436596781653,0.03641703850535831,0.958363118123106
19137,7768.72437,19138,7768.72637,0.7444559434356821,0.08448164062495879,-0.40321812085722475,-0.22221864692489354,0.31058431744980514,0.5416892626511061,-0.7147679901751818
19138,7768.72637,19139,7768.728370000001,-0.7931942417302571,-0.5447970547107047,0.0810640939092567,-0.22221864692489354,-0.24235723467689102,0.017534181815475017,0.7444559434356821
19139,7768.728370000001,19140,7768.73037,0.9185084710536512,0.20127932814136076,-0.20543721480030894,-0.22221864692489354,0.23860842861534076,0.34178760532952207,-0.7931942417302571
19140,7768.73037,19141,7768.732370000001,-0.9574693506944935,-0.5942765296670074,-0.057564761357569785,-0.22221864692489354,-0.1406398257046996,-0.2615379975362791,0.9185084710536512
19141,7768.732370000001,19142,7768.73437,-0.49151757842060273,-0.022955602520112153,-0.6482031138510547,-0.22221864692489354,0.07206246543801229,0.2281754560076201,-0.9574693506944935
19142,7768.73437,19143,7768.7363700000005,0.5336958528841295,-0.3793708463931679,0.04278403570094096,-0.22221864692489354,0.17983134930589212,0.3986600833996137,-0.49151757842060273
19143,7768.7363700000005,19144,7768.73837,-0.5269926828750664,-0.4341784187284774,-0.19492005369880339,-0.22221864692489354,0.48223516054013216,-0.3267540379289676,0.5336958528841295
19144,7768.73837,19145,7768.74037,0.564569053336874,0.0023266815309476974,-0.19492005369880339,-0.22221864692489354,0.2573541847308873,0.47266160416269526,-0.5269926828750664
19145,7768.74037,19146,7768.74237,0.807434070362619,-0.04128339852111738,0.4142706294650885,-0.22221864692489354,-0.21777886863068377,-0.30157959347546437,0.564569053336874
19146,7768.74237,19147,7768.74437,0.023880014162424922,-0.29246588020138925,-0.20543721480030894,-0.22221864692489354,0.100343401371026,-0.32164822622632444,0.807434070362619
19147,7768.74437,19148,7768.74637,-0.6879837364087948,-0.33386908533994497,-0.142219654779851,-0.22221864692489354,-0.4168168715325789,0.28425491436494743,0.023880014162424922
19148,7768.74637,19149,7768.74837,0.5248415892904946,-0.11114900749167592,0.03771471514515023,-0.22221864692489354,-0.14929816104737398,0.03494195658158384,-0.6879837364087948
19149,7768.74837,19150,7768.750370000001,-1.085951341703972,-0.4341784187284774,-0.19492005369880339,-0.22221864692489354,-0.03300700549501843,-0.3267540379289676,0.5248415892904946
19150,7768.750370000001,19151,7768.75237,-0.33777127551524794,0.30295161257612363,-0.11095358048304305,-0.22221864692489354,0.25800115174406957,-0.00450303989296314,-1.085951341703972
19151,7768.75237,19152,7768.754370000001,0.11498466425512417,-0.1590935974930537,0.1289028630940942,-0.22221864692489354,0.4065927705109953,-0.31622443030475306,-0.33777127551524794
19152,7768.754370000001,19153,7768.75637,0.5667190582997028,-0.1451200351232795,-0.11764148282154932,-0.22221864692489354,-0.10543330645710139,0.28425491436494743,0.11498466425512417
19153,7768.75637,19154,7768.7583700000005,1.0589017983293818,-0.04128339852111738,0.4142706294650885,-0.22221864692489354,-0.04128339852111738,-0.24794002233409962,0.5667190582997028
19154,7768.7583700000005,19155,7768.76037,-0.036697759961339234,0.13972237993573028,0.30970350704733635,-0.22221864692489354,0.11420572163029459,-0.303838387594942,1.0589017983293818
19155,7768.76037,19156,7768.76237,0.8822398169687864,-0.26469932568774684,-0.142219654779851,-0.22221864692489354,-0.20898740935191218,0.2538024840754271,-0.036697759961339234
19156,7768.76237,19157,7768.76437,-0.6473652260409055,-0.45228617859521053,-0.21528747729291253,-0.22221864692489354,0.08822083638146941,-0.28636182004630667,0.8822398169687864
19157,7768.76437,19158,7768.76637,-0.9531147907852756,0.29766843901634654,-0.43566271025191466,-0.22221864692489354,-0.024412940116088494,0.15775784096124995,-0.6473652260409055
19158,7768.76637,19159,7768.768370000001,1.0315024734825293,0.2650902997767296,-0.41729656837337764,-0.22221864692489354,0.5677098113530032,0.2281754560076201,-0.9531147907852756
19159,7768.768370000001,19160,7768.77037,-1.1470413090189258,-0.3699117898289583,-0.2746493799846285,-0.22221864692489354,-0.22105219397565293,0.4754709129724304,1.0315024734825293
19160,7768.77037,19161,7768.772370000001,0.2871268683089748,0.45554565649745477,0.25535438122807297,-0.22221864692489354,0.42296352518409,0.46674536964446656,-1.1470413090189258
19161,7768.772370000001,19162,7768.77437,-1.008562135983877,-0.22414032461627648,0.37204663762147455,-0.22221864692489354,-0.4582422873450523,0.21947532111276988,0.2871268683089748
19162,7768.77437,19163,7768.7763700000005,0.2353633974096615,-0.3602608635249846,-0.32979458966726777,-0.22221864692489354,-0.1088013589518257,0.660405885525192,-1.008562135983877
19163,7768.7763700000005,19164,7768.77837,0.8718072043848949,0.057427309036130976,0.11043225500122787,-0.22221864692489354,-0.407537572354597,0.3033279162038353,0.2353633974096615
19164,7768.77837,19165,7768.78037,0.7348146774149508,-0.45228617859521053,-0.21528747729291253,-0.22221864692489354,0.03314785552517815,-0.28636182004630667,0.8718072043848949
19165,7768.78037,19166,7768.78237,-0.09247715245368762,-0.47917436999762225,-0.09081668448449774,-0.22221864692489354,0.12348105677102117,0.09091639035226247,0.7348146774149508
19166,7768.78237,19167,7768.78437,0.5719506823512991,-0.26469932568774684,-0.1375361019146593,-0.22221864692489354,-0.06024131226572355,0.2538024840754271,-0.09247715245368762
19167,7768.78437,19168,7768.786370000001,-0.7119144632438285,-0.04128339852111738,0.20026694120400818,-0.22221864692489354,0.08551799675616023,-0.24794002233409962,0.5719506823512991
19168,7768.786370000001,19169,7768.78837,-0.6940021380005793,0.23098172421311908,-0.40321812085722475,-0.22221864692489354,0.180712741354441,0.49320819589851683,-0.7119144632438285
19169,7768.78837,19170,7768.790370000001,0.41827922810469464,0.23098172421311908,0.027639950487542052,-0.22221864692489354,0.18271577692551358,0.03494195658158384,-0.6940021380005793
19170,7768.790370000001,19171,7768.79237,-0.12161352233894447,-0.2256517770607452,-0.586228480579486,-0.22221864692489354,-0.47795645293606853,-0.3234408610880635,0.41827922810469464
19171,7768.79237,19172,7768.7943700000005,-1.3870038455000653,-0.27074231320807796,-0.03932569819300731,-0.22221864692489354,0.2846383184501578,0.2439554997582549,-0.12161352233894447
19172,7768.7943700000005,19173,7768.79637,1.2890095305185436,0.7421712963024673,0.5665331827738171,-0.22221864692489354,0.6314847137262339,0.36277097500886984,-1.3870038455000653
19173,7768.79637,19174,7768.79837,0.9883125570932474,-0.5924467029899322,-0.38292607420403013,-0.22221864692489354,-0.3025482729183407,-0.002907507045512477,1.2890095305185436
19174,7768.79837,19175,7768.80037,-0.48506255673300147,-0.6452865205733541,-0.3699117898289583,-0.22221864692489354,-0.2035683048984318,0.15245940251003792,0.9883125570932474
19175,7768.80037,19176,7768.80237,0.0010549483508104443,-0.33912048824683566,0.04278403570094096,-0.22221864692489354,-0.15086438113950212,0.3986600833996137,-0.48506255673300147
19176,7768.80237,19177,7768.80437,0.7657513578205237,-0.33386908533994497,-0.142219654779851,-0.22221864692489354,-0.4168168715325789,0.28425491436494743,0.0010549483508104443
19177,7768.80437,19178,7768.80637,-0.4332112664445628,-0.46320165830331783,-0.32138433220463275,-0.22221864692489354,-0.24856472065352805,-0.4830662570737806,0.7657513578205237
19178,7768.80637,19179,7768.808370000001,-0.526261830109368,-0.5242815461956132,-0.4612300397916861,-0.22221864692489354,-0.26358141383045397,0.001890840896441542,-0.4332112664445628
19179,7768.808370000001,19180,7768.81037,-0.6715693661762188,0.1887310599314789,-0.19492005369880339,-0.22221864692489354,0.40161177300530154,0.47266160416269526,-0.526261830109368
19180,7768.81037,19181,7768.812370000001,-0.6034554008661954,-0.26075311214530905,0.003959394191598462,-0.22221864692489354,0.408941013434762,0.03314785552517815,-0.6715693661762188
19181,7768.812370000001,19182,7768.81437,-0.2834876649164495,0.4560994046946216,-0.2585071819480077,-0.22221864692489354,-0.49770996096069037,0.23579476037952593,-0.6034554008661954
19182,7768.81437,19183,7768.8163700000005,-0.11085585265496342,0.21947532111276988,0.21947532111276988,-0.22221864692489354,0.4868088518975959,-0.39253381448423247,-0.2834876649164495
19183,7768.8163700000005,19184,7768.81837,0.7626155228568486,-0.264447904458089,-0.19426091714379276,-0.22221864692489354,0.18939385030310388,0.17281334839043086,-0.11085585265496342
19184,7768.81837,19185,7768.82037,0.7202559225356623,-0.46320165830331783,-0.349079290883896,-0.22221864692489354,-0.4305881746565941,-0.4830662570737806,0.7626155228568486
19185,7768.82037,19186,7768.82237,-0.3873091679542935,-0.5447970547107047,-0.22486726958948416,-0.22221864692489354,-0.04543082975151717,0.14152483745726482,0.7202559225356623
19186,7768.82237,19187,7768.82437,0.1761759291273639,0.025655330634945066,0.24347058211343803,-0.22221864692489354,-0.18689102200828164,-0.19740289198946717,-0.3873091679542935
19187,7768.82437,19188,7768.826370000001,0.16679367419319588,-0.3284851404962956,-0.25979920808060847,-0.22221864692489354,-0.23688671451102722,0.23826432285676985,0.1761759291273639
19188,7768.826370000001,19189,7768.82837,-0.7666479230211145,-0.1451200351232795,-0.25979920808060847,-0.22221864692489354,0.24887692353116836,0.07911556141073157,0.16679367419319588
19189,7768.82837,19190,7768.830370000001,-0.6232244605452794,0.23860842861534076,-0.32138433220463275,-0.22221864692489354,-0.27680419600156553,0.34638009514734397,-0.7666479230211145
19190,7768.830370000001,19191,7768.83237,-0.03887068339718258,0.23507571868727375,0.28830062542145124,-0.22221864692489354,0.4392348140690237,0.40683511250520366,-0.6232244605452794
19191,7768.83237,19192,7768.8343700000005,-0.08092983418361605,-0.26469932568774684,-0.142219654779851,-0.22221864692489354,-0.20898740935191218,0.2538024840754271,-0.03887068339718258
19192,7768.8343700000005,19193,7768.83637,0.5295250360965051,-0.26469932568774684,-0.142219654779851,-0.22221864692489354,-0.20898740935191218,0.2538024840754271,-0.08092983418361605
19193,7768.83637,19194,7768.83837,0.6576755726677485,-0.4341784187284774,-0.19492005369880339,-0.22221864692489354,0.10241532752292622,-0.4046033477577051,0.5295250360965051
19194,7768.83837,19195,7768.84037,0.699894159143306,-0.3877785297543843,-0.43566271025191466,-0.22221864692489354,-0.07091035253905996,0.2386084286153376,0.6576755726677485
19195,7768.84037,19196,7768.84237,0.7770600405348783,-0.14480518357318112,-0.22486726958948416,-0.22221864692489354,0.2921126433252262,0.25667864216008623,0.699894159143306
19196,7768.84237,19197,7768.844370000001,-0.7956610642353182,-0.349079290883896,-0.34364778258269746,-0.22221864692489354,0.29298192513591415,-0.2963973956432763,0.7770600405348783
19197,7768.844370000001,19198,7768.84637,-0.6848691539928714,0.21953376817436218,0.0614742313574837,-0.22221864692489354,0.2829392689608319,0.34178760532952207,-0.7956610642353182
19198,7768.84637,19199,7768.848370000001,0.783049431056883,-0.11114900749167592,0.03771471514515023,-0.22221864692489354,0.616665005640804,0.03494195658158384,-0.6848691539928714
19199,7768.848370000001,19200,7768.85037,-0.5884941286741115,-0.46320165830331783,-0.32138433220463275,-0.22221864692489354,0.1220324110012385,-0.2963973956432763,0.783049431056883
19200,7768.85037,19201,7768.8523700000005,0.06894191477467088,0.44799338041210496,0.3041338046050559,-0.22221864692489354,0.1981196736705464,0.23579476037952593,-0.5884941286741115
19201,7768.8523700000005,19202,7768.85437,-0.7018444631420269,-0.33386908533994497,-0.142219654779851,-0.22221864692489354,-0.4168168715325789,0.28425491436494743,0.06894191477467088
19202,7768.85437,19203,7768.85637,0.628810034352851,-0.11114900749167592,-0.22486726958948416,-0.22221864692489354,-0.2431566865239446,0.28824606260599483,-0.7018444631420269
19203,7768.85637,19204,7768.85837,0.6902494465998253,-0.42710372668664515,0.28830062542145124,-0.22221864692489354,0.44745839092467876,0.2567067988803972,0.628810034352851
19204,7768.85837,19205,7768.86037,-0.5967645423471448,-0.49283027954691044,0.03771471514515023,-0.22221864692489354,-0.44561863539592267,0.33018709029376864,0.6902494465998253
19205,7768.86037,19206,7768.86237,0.5679985961896779,0.4730698970504555,-0.1367745355898586,-0.22221864692489354,0.35909240169725976,0.3611489968540988,-0.5967645423471448
19206,7768.86237,19207,7768.86437,0.6146198542947515,-0.04128339852111738,0.4142706294650885,-0.22221864692489354,-0.006421557793344926,-0.24794002233409962,0.5679985961896779
19207,7768.86437,19208,7768.866370000001,-0.956924319201941,-0.42710372668664515,-0.21378965766165123,-0.22221864692489354,-0.11540633830732888,-0.20585205420414715,0.6146198542947515
19208,7768.866370000001,19209,7768.86837,-0.08805420581770484,-0.022955602520112153,-0.6326840561661579,-0.22221864692489354,0.36719268646428105,0.2281754560076201,-0.956924319201941
19209,7768.86837,19210,7768.870370000001,-0.3068689773925107,-0.26469932568774684,-0.142219654779851,-0.22221864692489354,-0.20898740935191218,0.2538024840754271,-0.08805420581770484
19210,7768.870370000001,19211,7768.87237,-0.5055560770721149,0.24637656706444025,0.425368832305809,-0.22221864692489354,0.008408588559653119,-0.39817136066672254,-0.3068689773925107
19211,7768.87237,19212,7768.87437,-0.46537509971530105,0.1887310599314789,-0.3793708463931679,-0.22221864692489354,0.3219384292385581,0.3997832400759384,-0.5055560770721149
19212,7768.87437,19213,7768.87637,0.6425528420756742,-0.3360041692109607,-0.2852952407927156,-0.22221864692489354,-0.22189800797617468,0.4755840261875662,-0.46537509971530105
19213,7768.87637,19214,7768.87837,-0.13177826443624793,-0.49283027954691044,-0.16977732784229826,-0.22221864692489354,-0.38088895825348545,0.2386084286153376,0.6425528420756742
19214,7768.87837,19215,7768.88037,0.014130807401700071,-0.1253451100184705,0.18806782997741056,-0.22221864692489354,0.3341818215234627,0.11062778390754271,-0.13177826443624793
19215,7768.88037,19216,7768.88237,0.697632103690385,-0.33386908533994497,-0.142219654779851,-0.22221864692489354,-0.4168168715325789,0.28425491436494743,0.014130807401700071
19216,7768.88237,19217,7768.884370000001,0.7243389676863242,-0.3877785297543843,-0.14480518357318112,-0.22221864692489354,-0.3775510550422676,0.33018709029376864,0.697632103690385
19217,7768.884370000001,19218,7768.88637,-0.812582878732179,-0.5677304416072702,-0.22486726958948416,-0.22221864692489354,-0.5383593551233661,0.09935525899813462,0.7243389676863242
19218,7768.88637,19219,7768.888370000001,0.2546774858953739,0.09869595454043296,0.0807619841739891,-0.22221864692489354,0.21953376817436218,0.34178760532952207,-0.812582878732179
19219,7768.888370000001,19220,7768.89037,-0.35980380191528166,-0.22414032461627648,0.26136985966282844,-0.22221864692489354,-0.23308847669866486,0.21947532111276988,0.2546774858953739
19220,7768.89037,19221,7768.8923700000005,-0.9939861778890123,0.12222568506445756,-0.261061533451254,-0.22221864692489354,-0.19973055642447976,-0.4840761201548569,-0.35980380191528166
19221,7768.8923700000005,19222,7768.89437,0.03420359886647311,-0.4976878343744867,-0.32515141032815087,-0.22221864692489354,0.07975429203940905,0.33253886435322505,-0.9939861778890123
19222,7768.89437,19223,7768.89637,0.7212472836138815,-0.33386908533994497,-0.142219654779851,-0.22221864692489354,-0.4168168715325789,0.28425491436494743,0.03420359886647311
19223,7768.89637,19224,7768.89837,1.0231511230660157,-0.5677304416072702,-0.11433558754392475,-0.22221864692489354,0.04372514662977559,0.1278464742447915,0.7212472836138815
19224,7768.89837,19225,7768.90037,-0.8734345192947852,-0.4045790620607671,-0.4976878343744867,-0.22221864692489354,-0.13763125693812958,0.4754709129724304,1.0231511230660157
19225,7768.90037,19226,7768.902370000001,0.8356035945804349,-0.22402396436481015,-0.21528747729291253,-0.22221864692489354,0.6871968463223446,0.45920853767904907,-0.8734345192947852
19226,7768.902370000001,19227,7768.90437,0.14489964944744654,-0.5540210687587266,-0.013089570749465922,-0.22221864692489354,-0.1535525548013017,-0.18159335723510206,0.8356035945804349
19227,7768.90437,19228,7768.906370000001,-0.3076987752103749,-0.11764148282154932,-0.0468558017538685,-0.22221864692489354,0.22588410557430794,0.07911556141073157,0.14489964944744654
19228,7768.906370000001,19229,7768.90837,-0.8548759890771344,0.21947532111276988,0.3575917210223996,-0.22221864692489354,0.04358577866327499,-0.3460196512825826,-0.3076987752103749
19229,7768.90837,19230,7768.9103700000005,0.5582161347584206,0.0579770049994011,-0.4275310466846108,-0.22221864692489354,0.4532581983898541,0.3577698856724587,-0.8548759890771344
19230,7768.9103700000005,19231,7768.91237,-0.5875642157358938,-0.1367745355898586,-0.04128339852111738,-0.22221864692489354,-0.1268530913742558,-0.3267540379289676,0.5582161347584206
19231,7768.91237,19232,7768.91437,0.3563181924123816,0.44799338041210496,0.4142706294650885,-0.22221864692489354,0.26041654401513353,0.23579476037952593,-0.5875642157358938
19232,7768.91437,19233,7768.91637,0.7122001826336187,0.07077472253750312,-0.2277407930818674,-0.22221864692489354,0.3022792894054078,-0.44155453861695204,0.3563181924123816
19233,7768.91637,19234,7768.91837,-0.73059898918438,-0.5677304416072702,-0.40321812085722475,-0.22221864692489354,-0.2881642128003473,0.17161844039403462,0.7122001826336187
19234,7768.91837,19235,7768.92037,-0.3551706283097521,-0.11114900749167592,-0.09081668448449774,-0.22221864692489354,-0.00985122595054542,0.34638009514734397,-0.73059898918438
19235,7768.92037,19236,7768.92237,0.8506252186249614,0.22099383559682884,-0.2277407930818674,-0.22221864692489354,-0.40078325235454887,-0.4840761201548569,-0.3551706283097521
19236,7768.92237,19237,7768.924370000001,0.6518890885365446,-0.4450124051964178,-0.3836207254178327,-0.22221864692489354,-0.323072051810958,-0.29064401459706074,0.8506252186249614
19237,7768.924370000001,19238,7768.92637,-0.6672085691053564,-0.16977732784229826,-0.4089410134347594,-0.22221864692489354,-0.25046481055775166,0.24819562790769067,0.6518890885365446
19238,7768.92637,19239,7768.9283700000005,-0.30587767133268945,0.003959394191598462,-0.16977732784229826,-0.22221864692489354,0.013412829197409055,0.03314785552517815,-0.6672085691053564
19239,7768.9283700000005,19240,7768.93037,-0.6760037986838051,0.24637656706444025,0.3022792894054063,-0.22221864692489354,-0.08464886750205043,-0.39817136066672254,-0.30587767133268945
19240,7768.93037,19241,7768.93237,-0.3107710563227024,-0.11114900749167592,0.03771471514515023,-0.22221864692489354,0.18043928901699885,-0.07608443959651326,-0.6760037986838051
19241,7768.93237,19242,7768.93437,0.4754935366390396,0.18707215955255196,0.3575917210223996,-0.22221864692489354,0.5098278559154832,-0.39817136066672254,-0.3107710563227024
19242,7768.93437,19243,7768.93637,0.6678247063180663,-0.2707978394581285,0.04278403570094096,-0.22221864692489354,-0.12232230808980064,-0.5134500205163743,0.4754935366390396
19243,7768.93637,19244,7768.93837,-0.27032576802773123,-0.3877785297543843,-0.3877785297543843,-0.22221864692489354,-0.5884133009986697,0.25667864216008623,0.6678247063180663
19244,7768.93837,19245,7768.94037,0.34825745042877215,0.03328868571940855,-0.01570854725854441,-0.22221864692489354,0.1086381229611933,-0.171311823601295,-0.27032576802773123
19245,7768.94037,19246,7768.942370000001,0.7646506981603356,0.24347058211343803,-0.22326729252055358,-0.22221864692489354,-0.32963754627062253,-0.5797879215371626,0.34825745042877215
19246,7768.942370000001,19247,7768.94437,-0.2073322202529544,-0.46320165830331783,-0.32138433220463275,-0.22221864692489354,-0.4305881746565941,-0.4830662570737806,0.7646506981603356
19247,7768.94437,19248,7768.946370000001,-0.8821946270581763,-0.05790830952639997,-0.05790830952639997,-0.22221864692489354,0.09001867945461382,0.30327416721161743,-0.2073322202529544
19248,7768.946370000001,19249,7768.94837,0.22399487218622977,-0.22402396436481015,-0.21528747729291253,-0.22221864692489354,0.111246706675967,0.28595173187160355,-0.8821946270581763
19249,7768.94837,19250,7768.9503700000005,-0.6118206646257272,-0.3680243083006973,0.057427309036130976,-0.22221864692489354,0.06758211037693988,0.23826432285676985,0.22399487218622977
19250,7768.9503700000005,19251,7768.95237,-0.7528743275616355,0.44799338041210496,-0.21378965766165123,-0.22221864692489354,0.597325495983012,0.4353801578601097,-0.6118206646257272
19251,7768.95237,19252,7768.95437,0.17867524464093149,0.3497978476422957,-0.24241435958050994,-0.22221864692489354,0.049145402421067075,0.41712870065275015,-0.7528743275616355
19252,7768.95437,19253,7768.95637,0.8919980393051122,-0.3680243083006973,-0.25979920808060847,-0.22221864692489354,-0.09055075355848605,0.23826432285676985,0.17867524464093149
19253,7768.95637,19254,7768.95837,0.9804242574543134,-0.45228617859521053,-0.21528747729291253,-0.22221864692489354,0.05777090442158592,-0.29064401459706074,0.8919980393051122
19254,7768.95837,19255,7768.960370000001,-0.9381715208705715,-0.6452865205733541,-0.32515141032815087,-0.22221864692489354,-0.2150526734997523,0.17121982022778065,0.9804242574543134
19255,7768.960370000001,19256,7768.96237,-0.22666781604792496,0.3341036466462218,-0.022955602520112153,-0.22221864692489354,0.5291820417525512,-0.1109861543034674,-0.9381715208705715
19256,7768.96237,19257,7768.964370000001,0.640080368631437,0.011795490982976716,0.057427309036130976,-0.22221864692489354,-0.2445256902173087,0.01290993755996567,-0.22666781604792496
19257,7768.964370000001,19258,7768.96637,-0.6084195698341542,-0.49283027954691044,-0.4089410134347594,-0.22221864692489354,-0.40540444506104056,0.2386084286153376,0.640080368631437
19258,7768.96637,19259,7768.9683700000005,-0.5358493029663425,0.44799338041210496,-0.21378965766165123,-0.22221864692489354,0.31985237205293277,0.40683511250520366,-0.6084195698341542
19259,7768.9683700000005,19260,7768.97037,0.7405585185942056,0.33431209940636736,-0.19492005369880339,-0.22221864692489354,0.3617068486321399,0.47266160416269526,-0.5358493029663425
19260,7768.97037,19261,7768.97237,-0.77140485652146,-0.5447970547107047,-0.09081668448449774,-0.22221864692489354,-0.21452416329894933,0.09091639035226247,0.7405585185942056
19261,7768.97237,19262,7768.97437,-0.4649865149589358,0.23860842861534076,-0.4550377844702846,-0.22221864692489354,0.6170578249097101,0.34638009514734397,-0.77140485652146
19262,7768.97437,19263,7768.97637,0.46882003553538787,-0.3360041692109607,-0.2852952407927156,-0.22221864692489354,0.001890840896441542,0.4755840261875662,-0.4649865149589358
19263,7768.97637,19264,7768.978370000001,0.8724310679463876,-0.10399106154996786,-0.1580064889391583,-0.22221864692489354,-0.3993683073745108,-0.4437754889272999,0.46882003553538787
19264,7768.978370000001,19265,7768.98037,-0.6126296862470589,-0.45228617859521053,-0.21528747729291253,-0.22221864692489354,-0.12206462593930721,-0.29064401459706074,0.8724310679463876
19265,7768.98037,19266,7768.982370000001,0.7084436042114132,0.44799338041210496,-0.21378965766165123,-0.22221864692489354,0.597325495983012,0.4353801578601097,-0.6126296862470589
19266,7768.982370000001,19267,7768.98437,0.33000394250607495,-0.3877785297543843,-0.22486726958948416,-0.22221864692489354,-0.3885932138624955,0.2513427364435679,0.7084436042114132
19267,7768.98437,19268,7768.9863700000005,-0.8996211713762232,0.425368832305809,0.1289028630940942,-0.22221864692489354,0.12431709656375746,-0.40579262498731017,0.33000394250607495
19268,7768.9863700000005,19269,7768.98837,-0.4025126191311102,-0.13101229880341542,-0.21528747729291253,-0.22221864692489354,-0.131203845222085,0.28595173187160355,-0.8996211713762232
19269,7768.98837,19270,7768.99037,0.503490323876187,-0.03904571359033493,-0.18444244836309,-0.22221864692489354,0.4000516342265608,-0.09118222407484311,-0.4025126191311102
19270,7768.99037,19271,7768.99237,-0.14584381770541946,-0.3111977571319168,-0.3793708463931679,-0.22221864692489354,-0.19737301493355086,-0.4046033477577051,0.503490323876187
19271,7768.99237,19272,7768.99437,-0.34222712600053057,-0.03932569819300731,-0.0468558017538685,-0.22221864692489354,-0.14452173239574712,0.04382965985950285,-0.14584381770541946
19272,7768.99437,19273,7768.99637,0.5700589232742084,0.12222568506445756,-0.22326729252055358,-0.22221864692489354,0.012945866779397307,-0.4840761201548569,-0.34222712600053057
19273,7768.99637,19274,7768.99837,0.7786484704136452,-0.04128339852111738,0.20026694120400818,-0.22221864692489354,0.21660722233379348,-0.24794002233409962,0.5700589232742084
19274,7768.99837,19275,7769.000370000001,-1.0354906179390913,-0.46320165830331783,-0.34364778258269746,-0.22221864692489354,0.475403038901428,-0.4091344370330442,0.7786484704136452
19275,7769.000370000001,19276,7769.00237,1.0474626552409396,0.21827640291959524,0.13867736503625425,-0.22221864692489354,0.16574574683577506,0.3611236325594171,-1.0354906179390913
19276,7769.00237,19277,7769.004370000001,0.4763980638591449,-0.32979458966726777,0.25400013206500477,-0.22221864692489354,-0.39211586219846073,-0.06393551862196219,1.0474626552409396
19277,7769.004370000001,19278,7769.00637,-1.2179564681960506,-0.2707978394581285,0.04278403570094096,-0.22221864692489354,-0.10116610812249076,-0.5134500205163743,0.4763980638591449
19278,7769.00637,19279,7769.0083700000005,0.7693328057140015,0.41342846336422984,-0.004031897363650107,-0.22221864692489354,0.041807132406447706,0.46925266490400214,-1.2179564681960506
19279,7769.0083700000005,19280,7769.01037,-0.6644218798130951,-0.349079290883896,-0.32138433220463275,-0.22221864692489354,-0.23158823118488148,-0.49280804472495426,0.7693328057140015
19280,7769.01037,19281,7769.01237,-0.12241892178004025,0.003959394191598462,-0.540651181947749,-0.22221864692489354,0.4079491298634614,0.15775784096124995,-0.6644218798130951
19281,7769.01237,19282,7769.01437,-0.10188953059986712,-0.27074231320807796,-0.11764148282154932,-0.22221864692489354,-0.27074231320807796,0.17611489210839118,-0.12241892178004025
19282,7769.01437,19283,7769.01637,0.9577487388362831,-0.264447904458089,-0.03932569819300731,-0.22221864692489354,0.062295333733497174,0.17611489210839118,-0.10188953059986712
19283,7769.01637,19284,7769.018370000001,0.3108777485956247,-0.6482031138510547,-0.6482031138510547,-0.22221864692489354,-0.2768869808850939,0.03641703850535831,0.9577487388362831
19284,7769.018370000001,19285,7769.02037,0.09492959618302337,-0.22414032461627648,0.3575917210223996,-0.22221864692489354,-0.16685528279377265,-0.2264646908205313,0.3108777485956247
19285,7769.02037,19286,7769.022370000001,0.18089500137925757,-0.33386908533994497,-0.142219654779851,-0.22221864692489354,0.04869483487163231,0.28425491436494743,0.09492959618302337
19286,7769.022370000001,19287,7769.02437,-0.3581006786881127,-0.3680243083006973,-0.25979920808060847,-0.22221864692489354,0.15557952984628512,0.2949621506605914,0.18089500137925757
19287,7769.02437,19288,7769.0263700000005,0.0923444164322438,0.18707215955255196,-0.1590935974930537,-0.22221864692489354,-0.04973429998722993,-0.6070320847252332,-0.3581006786881127
19288,7769.0263700000005,19289,7769.02837,-0.7966460918957321,-0.33386908533994497,-0.1375361019146593,-0.22221864692489354,-0.04643894691753026,0.28425491436494743,0.0923444164322438
19289,7769.02837,19290,7769.03037,0.7241272714696051,0.21953376817436218,0.09869595454043296,-0.22221864692489354,0.4441490588592643,0.34178760532952207,-0.7966460918957321
19290,7769.03037,19291,7769.03237,-0.571087497144486,-0.5447970547107047,-0.22486726958948416,-0.22221864692489354,-0.41648094677656283,0.09935525899813462,0.7241272714696051
19291,7769.03237,19292,7769.03437,0.08381245332792754,0.4730698970504555,0.20026694120400818,-0.22221864692489354,0.1930613728267464,0.36385926586707645,-0.571087497144486
19292,7769.03437,19293,7769.036370000001,-0.8321888414401283,-0.33386908533994497,-0.142219654779851,-0.22221864692489354,-0.4168168715325789,0.28425491436494743,0.08381245332792754
19293,7769.036370000001,19294,7769.03837,0.47989539929813246,0.2001179742892834,-0.05257000406954908,-0.22221864692489354,0.22323817832010262,0.2716581023075879,-0.8321888414401283
19294,7769.03837,19295,7769.040370000001,0.6198424134331918,-0.3055559555122169,-0.22303435517964126,-0.22221864692489354,0.07473431956829919,-0.5134500205163743,0.47989539929813246
19295,7769.040370000001,19296,7769.04237,0.47195804206701136,-0.4773469377075341,-0.11540633830732888,-0.22221864692489354,0.4078281011189875,0.0586293767370659,0.6198424134331918
19296,7769.04237,19297,7769.0443700000005,-0.29137859856990284,-0.2707978394581285,0.04278403570094096,-0.22221864692489354,-0.26167809083864524,-0.5134500205163743,0.47195804206701136
19297,7769.0443700000005,19298,7769.04637,-0.04240036607066955,0.26136985966282844,0.425368832305809,-0.22221864692489354,-0.09224485285252441,-0.469457529295874,-0.29137859856990284
19298,7769.04637,19299,7769.04837,0.24144279213732164,-0.26469932568774684,-0.142219654779851,-0.22221864692489354,-0.20898740935191218,0.2538024840754271,-0.04240036607066955
19299,7769.04837,19300,7769.05037,0.32638644878446016,0.057427309036130976,0.11043225500122787,-0.22221864692489354,0.26170610714413806,0.3033279162038353,0.24144279213732164
19300,7769.05037,19301,7769.05237,-1.005584004420234,0.011543669774703644,0.24458269138584657,-0.22221864692489354,-0.5922856788762237,-0.2264646908205313,0.32638644878446016
19301,7769.05237,19302,7769.05437,-0.14716415741311697,-0.3602608635249846,-0.32515141032815087,-0.22221864692489354,0.09091639035226247,0.660405885525192,-1.005584004420234
19302,7769.05437,19303,7769.05637,-0.18092537482071347,-0.03932569819300731,-0.0468558017538685,-0.22221864692489354,0.0016728493245794336,0.04382965985950285,-0.14716415741311697
19303,7769.05637,19304,7769.058370000001,0.3330085561918393,0.18595462164382995,-0.25979920808060847,-0.22221864692489354,0.5416469130978876,0.16897845850712317,-0.18092537482071347
19304,7769.058370000001,19305,7769.06037,0.6977045687712958,0.425368832305809,0.011543669774703644,-0.22221864692489354,0.21792522794305624,-0.40579262498731017,0.3330085561918393
19305,7769.06037,19306,7769.062370000001,0.47755015073193113,-0.3877785297543843,-0.14480518357318112,-0.22221864692489354,-0.4117178874950913,0.33018709029376864,0.6977045687712958
19306,7769.062370000001,19307,7769.06437,0.1438285133107689,-0.2707978394581285,-0.33912048824683566,-0.22221864692489354,-0.34812897682349675,-0.5134500205163743,0.47755015073193113
19307,7769.06437,19308,7769.0663700000005,-0.8882319505353368,-0.11764148282154932,-0.1253451100184705,-0.22221864692489354,0.014812409551832726,0.07911556141073157,0.1438285133107689
19308,7769.0663700000005,19309,7769.06837,0.8377476574534671,-0.19647628792681227,-0.21528747729291253,-0.22221864692489354,-0.027462912335356304,0.18377636701599045,-0.8882319505353368
19309,7769.06837,19310,7769.07037,-0.6591263911271752,-0.5540210687587266,-0.013089570749465922,-0.22221864692489354,-0.49042605764574115,-0.28636182004630667,0.8377476574534671
19310,7769.07037,19311,7769.07237,-0.7676619333494985,0.23098172421311908,-0.43566271025191466,-0.22221864692489354,0.47433907656040064,0.15775784096124995,-0.6591263911271752
19311,7769.07237,19312,7769.07437,-0.8228975487618135,0.23860842861534076,-0.32138433220463275,-0.22221864692489354,-0.3933937548327973,0.34638009514734397,-0.7676619333494985
19312,7769.07437,19313,7769.076370000001,1.1982311477863898,0.0579770049994011,-0.013089570749465922,-0.22221864692489354,-0.22576794806459666,0.3577698856724587,-0.8228975487618135
19313,7769.076370000001,19314,7769.07837,-0.06519799426521153,-0.3039189645258097,0.14744686068649904,-0.22221864692489354,-0.39413025843813126,-0.5082527079197163,1.1982311477863898
19314,7769.07837,19315,7769.080370000001,-0.6368127059449118,-0.26469932568774684,-0.142219654779851,-0.22221864692489354,-0.20898740935191218,0.2538024840754271,-0.06519799426521153
19315,7769.080370000001,19316,7769.08237,0.8570873016881266,0.28830062542145124,0.024022155522242548,-0.22221864692489354,0.5524931206209981,0.0533639425637558,-0.6368127059449118
19316,7769.08237,19317,7769.0843700000005,0.15990039949796644,-0.4450124051964178,-0.5617920221446955,-0.22221864692489354,-0.31635706861354174,-0.29064401459706074,0.8570873016881266
19317,7769.0843700000005,19318,7769.08637,-0.56471391039425,-0.1451200351232795,-0.1253451100184705,-0.22221864692489354,0.20830793104691628,0.07911556141073157,0.15990039949796644
19318,7769.08637,19319,7769.08837,0.612037783459669,0.4730698970504555,0.4142706294650885,-0.22221864692489354,-0.43448488156047316,0.3611489968540988,-0.56471391039425
19319,7769.08837,19320,7769.09037,0.7012850427591245,-0.1367745355898586,-0.21378965766165123,-0.22221864692489354,-0.13972237993573028,-0.20585205420414715,0.612037783459669
19320,7769.09037,19321,7769.09237,-0.7284932449911091,-0.14480518357318112,-0.26075311214530905,-0.22221864692489354,0.5133411105956649,0.25667864216008623,0.7012850427591245
19321,7769.09237,19322,7769.094370000001,-0.8876628156050518,0.08448164062495879,0.08448164062495879,-0.22221864692489354,-0.08598567673795962,0.0527081256167263,-0.7284932449911091
19322,7769.094370000001,19323,7769.09637,0.23233863528383317,-0.19647628792681227,-0.20883973594614808,-0.22221864692489354,-0.08878717270042706,0.24680320643266201,-0.8876628156050518
19323,7769.09637,19324,7769.098370000001,-0.30069081225911987,-0.512207743721221,0.11043225500122787,-0.22221864692489354,-0.3996612189173214,0.3033279162038353,0.23233863528383317
19324,7769.098370000001,19325,7769.10037,0.21772031890731441,0.24637656706444025,0.425368832305809,-0.22221864692489354,0.06054968457633522,-0.469457529295874,-0.30069081225911987
19325,7769.10037,19326,7769.1023700000005,0.3202487936921768,-0.3284851404962956,-0.05790830952639997,-0.22221864692489354,0.1394374841581769,0.18912276188143587,0.21772031890731441
19326,7769.1023700000005,19327,7769.10437,0.6677687095285305,0.011543669774703644,0.44738858858162417,-0.22221864692489354,0.4975993231335031,-0.29284614965403966,0.3202487936921768
19327,7769.10437,19328,7769.10637,-0.5373603434241192,-0.3877785297543843,-0.3877785297543843,-0.22221864692489354,-0.5884133009986697,0.25667864216008623,0.6677687095285305
19328,7769.10637,19329,7769.10837,0.6677500432351867,0.3045365053903889,-0.19492005369880339,-0.22221864692489354,0.25752299909176485,0.5926479466765875,-0.5373603434241192
19329,7769.10837,19330,7769.11037,-0.908214530912094,-0.3877785297543843,-0.3877785297543843,-0.22221864692489354,-0.5884133009986697,0.25667864216008623,0.6677500432351867
19330,7769.11037,19331,7769.11237,-0.12335237320373943,0.24161431382093385,-0.19647628792681227,-0.22221864692489354,-0.05014978368547143,0.10208673684537269,-0.908214530912094
19331,7769.11237,19332,7769.11437,-0.3109310904636652,-0.27074231320807796,-0.11764148282154932,-0.22221864692489354,-0.38891396788392346,0.17611489210839118,-0.12335237320373943
19332,7769.11437,19333,7769.116370000001,0.3434412670158525,0.18707215955255196,0.3575917210223996,-0.22221864692489354,0.5098278559154832,-0.39817136066672254,-0.3109310904636652
19333,7769.116370000001,19334,7769.11837,0.0038143720754714784,0.24358470153953493,-0.2277407930818674,-0.22221864692489354,-0.35810067868810985,-0.29284614965403966,0.3434412670158525
19334,7769.11837,19335,7769.120370000001,-0.15788217267843124,-0.33386908533994497,-0.142219654779851,-0.22221864692489354,-0.4168168715325789,0.28425491436494743,0.0038143720754714784
19335,7769.120370000001,19336,7769.12237,0.2487917869578613,0.18595462164382995,-0.1253451100184705,-0.22221864692489354,0.20753926877699613,0.04382965985950285,-0.15788217267843124
19336,7769.12237,19337,7769.12437,0.7726830053979832,0.057427309036130976,0.11043225500122787,-0.22221864692489354,-0.41048735567775374,0.3033279162038353,0.2487917869578613
19337,7769.12437,19338,7769.12637,-0.08775420081538127,-0.34364778258269746,-0.11323118932863557,-0.22221864692489354,-0.20546685189409772,-0.2963973956432763,0.7726830053979832
19338,7769.12637,19339,7769.12837,0.23467282939005024,-0.26469932568774684,-0.142219654779851,-0.22221864692489354,-0.20898740935191218,0.2538024840754271,-0.08775420081538127
19339,7769.12837,19340,7769.13037,-1.0224312889894047,0.057427309036130976,0.11043225500122787,-0.22221864692489354,-0.35432824354539594,0.3033279162038353,0.23467282939005024
19340,7769.13037,19341,7769.13237,-0.8126313263885326,-0.2109641318826023,-0.4976878343744867,-0.22221864692489354,0.23357845379483128,0.4905597772804365,-1.0224312889894047
19341,7769.13237,19342,7769.134370000001,0.7842795661943877,0.09869595454043296,0.0807619841739891,-0.22221864692489354,0.21953376817436218,0.34178760532952207,-0.8126313263885326
19342,7769.134370000001,19343,7769.13637,-0.23909570916959147,-0.46320165830331783,-0.34364778258269746,-0.22221864692489354,-0.31622443030475306,-0.19497995366587803,0.7842795661943877
19343,7769.13637,19344,7769.138370000001,-0.8216980380183099,0.03328868571940855,0.03328868571940855,-0.22221864692489354,-0.23542092322438518,-0.018749422511174247,-0.23909570916959147
19344,7769.138370000001,19345,7769.14037,1.3413693291589301,0.0807619841739891,-0.013089570749465922,-0.22221864692489354,0.2813197465031192,0.3577698856724587,-0.8216980380183099
19345,7769.14037,19346,7769.1423700000005,0.45448344792762396,-0.4603346509839168,0.5677304416072702,-0.22221864692489354,-0.4068108809484427,-0.38619664203512194,1.3413693291589301
19346,7769.1423700000005,19347,7769.14437,0.24913228977030286,0.2012793281413575,-0.3111977571319168,-0.22221864692489354,-0.03967556874447972,-0.4093036519968823,0.45448344792762396
19347,7769.14437,19348,7769.14637,-0.890714380402952,0.057427309036130976,0.11043225500122787,-0.22221864692489354,0.14876508692177126,0.3033279162038353,0.24913228977030286
19348,7769.14637,19349,7769.14837,-0.8943223397093383,-0.19647628792681227,-0.21528747729291253,-0.22221864692489354,0.03729403152807892,0.24680320643266201,-0.890714380402952
19349,7769.14837,19350,7769.15037,0.8580908295584853,-0.19647628792681227,-0.19647628792681227,-0.22221864692489354,0.43662749566201137,0.28595173187160355,-0.8943223397093383
19350,7769.15037,19351,7769.152370000001,0.3264652292626978,-0.4450124051964178,-0.5617920221446955,-0.22221864692489354,-0.5304034224930078,-0.29064401459706074,0.8580908295584853
19351,7769.152370000001,19352,7769.15437,-0.730265875002024,0.011543669774703644,0.24458269138584657,-0.22221864692489354,-0.5922856788762237,-0.2264646908205313,0.3264652292626978
19352,7769.15437,19353,7769.156370000001,0.11186524661592234,-0.11114900749167592,0.08448164062495879,-0.22221864692489354,0.020926012548192825,0.34638009514734397,-0.730265875002024
19353,7769.156370000001,19354,7769.15837,0.5518645192383302,-0.1451200351232795,-0.19426091714379276,-0.22221864692489354,0.3320167256613275,0.28425491436494743,0.11186524661592234
19354,7769.15837,19355,7769.1603700000005,0.4301384864722644,-0.14386003369658196,-0.19492005369880339,-0.22221864692489354,-0.021531760041277256,-0.30157959347546437,0.5518645192383302
19355,7769.1603700000005,19356,7769.16237,-0.0374342790652106,-0.2707978394581285,-0.4612300397916861,-0.22221864692489354,-0.12614751084466375,-0.34776916289481696,0.4301384864722644
19356,7769.16237,19357,7769.16437,-0.030715407601687048,-0.26469932568774684,-0.142219654779851,-0.22221864692489354,-0.20898740935191218,0.2538024840754271,-0.0374342790652106
19357,7769.16437,19358,7769.16637,-0.49538399214331086,-0.26469932568774684,-0.142219654779851,-0.22221864692489354,-0.20898740935191218,0.2538024840754271,-0.030715407601687048
19358,7769.16637,19359,7769.16837,-0.45203144577382026,-0.33912048824683566,0.04278403570094096,-0.22221864692489354,-0.04643894691753026,0.3986600833996137,-0.49538399214331086
19359,7769.16837,19360,7769.17037,0.7498181639274589,-0.33912048824683566,-0.3055559555122169,-0.22221864692489354,0.6257389102020627,0.4755840261875662,-0.45203144577382026
19360,7769.17037,19361,7769.17237,-0.03254910583749343,-0.5683491514108684,-0.09081668448449774,-0.22221864692489354,-0.10729858179870676,0.017534181815475017,0.7498181639274589
19361,7769.17237,19362,7769.174370000001,0.18586395570243955,-0.26469932568774684,-0.142219654779851,-0.22221864692489354,-0.20898740935191218,0.2538024840754271,-0.03254910583749343
19362,7769.174370000001,19363,7769.17637,-0.3854047587965089,-0.3680243083006973,-0.25979920808060847,-0.22221864692489354,-0.6367356910424943,0.23826432285676985,0.18586395570243955
19363,7769.17637,19364,7769.1783700000005,0.5527863327620759,0.025655330634945066,0.24347058211343803,-0.22221864692489354,-0.06982479710306157,-0.19740289198946717,-0.3854047587965089
19364,7769.1783700000005,19365,7769.18037,0.15993141734874636,-0.14386003369658196,-0.19492005369880339,-0.22221864692489354,-0.021531760041277256,-0.30157959347546437,0.5527863327620759
19365,7769.18037,19366,7769.18237,-0.09178009169819454,-0.2137014807198618,-0.1253451100184705,-0.22221864692489354,0.20830793104691628,0.07911556141073157,0.15993141734874636
19366,7769.18237,19367,7769.18437,0.37061553731319996,-0.26469932568774684,-0.1375361019146593,-0.22221864692489354,-0.06024131226572355,0.2538024840754271,-0.09178009169819454
19367,7769.18437,19368,7769.18637,-0.02820626204480304,-0.18444244836309,-0.1590935974930537,-0.22221864692489354,0.04897213123389531,-0.44155453861695204,0.37061553731319996
19368,7769.18637,19369,7769.18837,-0.09204569594941688,-0.26469932568774684,-0.142219654779851,-0.22221864692489354,-0.20898740935191218,0.2538024840754271,-0.02820626204480304
19369,7769.18837,19370,7769.19037,-0.009851225950549422,-0.26469932568774684,-0.1375361019146593,-0.22221864692489354,-0.06024131226572355,0.2538024840754271,-0.09204569594941688
19370,7769.19037,19371,7769.192370000001,-0.8632315959860422,-0.26469932568774684,-0.142219654779851,-0.22221864692489354,-0.20898740935191218,0.2538024840754271,-0.009851225950549422
19371,7769.192370000001,19372,7769.19437,0.5291820417525582,-0.20883973594614808,-0.5540210687587266,-0.22221864692489354,0.2258841055743096,0.4043361726471263,-0.8632315959860422
19372,7769.19437,19373,7769.196370000001,-0.26656903280011846,-0.4341784187284774,-0.19492005369880339,-0.22221864692489354,0.10241532752292622,-0.4046033477577051,0.5291820417525582
19373,7769.196370000001,19374,7769.19837,-0.8128089477164766,0.1188056649534898,-0.01570854725854441,-0.22221864692489354,-0.23628341357483915,-0.171311823601295,-0.26656903280011846
19374,7769.19837,19375,7769.2003700000005,0.18710234595357142,0.09869595454043296,0.0807619841739891,-0.22221864692489354,0.40433617264712335,0.34178760532952207,-0.8128089477164766
19375,7769.2003700000005,19376,7769.20237,0.6501617920846171,-0.3680243083006973,-0.25979920808060847,-0.22221864692489354,-0.29015399199176845,0.23826432285676985,0.18710234595357142
19376,7769.20237,19377,7769.20437,0.5469899455654303,-0.16977732784229826,-0.43566271025191466,-0.22221864692489354,-0.012083209021288219,0.24819562790769067,0.6501617920846171
19377,7769.20437,19378,7769.20637,-0.01964204061918442,-0.37882276466544773,-0.14386003369658196,-0.22221864692489354,-0.25493137534198873,-0.3267540379289676,0.5469899455654303
19378,7769.20637,19379,7769.20837,-0.3593973494773106,-0.26469932568774684,-0.142219654779851,-0.22221864692489354,-0.20898740935191218,0.2538024840754271,-0.01964204061918442
19379,7769.20837,19380,7769.210370000001,-0.6568267162149886,0.18707215955255196,-0.2277407930818674,-0.22221864692489354,-0.04973429998722993,-0.4840761201548569,-0.3593973494773106
19380,7769.210370000001,19381,7769.21237,-0.09496269616150868,0.23098172421311908,-0.43566271025191466,-0.22221864692489354,-0.09492959618303072,0.15775784096124995,-0.6568267162149886
19381,7769.21237,19382,7769.214370000001,-0.902592238932583,-0.26469932568774684,-0.142219654779851,-0.22221864692489354,-0.4274835757012398,0.2538024840754271,-0.09496269616150868
19382,7769.214370000001,19383,7769.21637,0.9992124716683043,-0.057564761357569785,-0.21528747729291253,-0.22221864692489354,-0.3286685666350356,0.24680320643266201,-0.902592238932583
19383,7769.21637,19384,7769.2183700000005,0.7370639264343626,-0.6058412776143282,-0.3699117898289583,-0.22221864692489354,0.353715154066221,0.07750010654455093,0.9992124716683043
19384,7769.2183700000005,19385,7769.22037,-0.6021208057774099,-0.5447970547107047,-0.40321812085722475,-0.22221864692489354,-0.6534619373272694,0.09164726311328769,0.7370639264343626
19385,7769.22037,19386,7769.22237,0.8527994026097648,0.4560994046946216,-0.42710372668664515,-0.22221864692489354,-0.3741268649408833,0.23579476037952593,-0.6021208057774099
19386,7769.22237,19387,7769.22437,-0.13372245717308096,-0.3836207254178327,-0.3836207254178327,-0.22221864692489354,-0.323072051810958,-0.29064401459706074,0.8527994026097648
19387,7769.22437,19388,7769.22637,-0.38844513883754567,-0.1253451100184705,0.18806782997741056,-0.22221864692489354,0.06198749934596607,0.11062778390754271,-0.13372245717308096
19388,7769.22637,19389,7769.228370000001,-0.5212821373547265,0.025655330634945066,0.06867010178033228,-0.22221864692489354,0.1747405733250308,-0.19740289198946717,-0.38844513883754567
19389,7769.228370000001,19390,7769.23037,0.33154656762733264,0.1887310599314789,0.040025316929352794,-0.22221864692489354,-0.14508855442881186,0.47266160416269526,-0.5212821373547265
19390,7769.23037,19391,7769.232370000001,-0.8118720433091083,0.425368832305809,0.12222568506445756,-0.22221864692489354,0.12431709656375746,-0.40579262498731017,0.33154656762733264
19391,7769.232370000001,19392,7769.23437,0.20901694141635904,0.09869595454043296,0.0807619841739891,-0.22221864692489354,0.40433617264712335,0.34178760532952207,-0.8118720433091083
19392,7769.23437,19393,7769.2363700000005,-0.19213073527289856,-0.3680243083006973,-0.05790830952639997,-0.22221864692489354,0.1811986942873156,0.23826432285676985,0.20901694141635904
19393,7769.2363700000005,19394,7769.23837,0.7622249741309336,0.011795490982976716,-0.2839535651400084,-0.22221864692489354,-0.29194956882699813,0.30327416721161743,-0.19213073527289856
19394,7769.23837,19395,7769.24037,0.46127593556240026,-0.46320165830331783,-0.349079290883896,-0.22221864692489354,-0.09691365820751505,-0.4830662570737806,0.7622249741309336
19395,7769.24037,19396,7769.24237,-0.32725269288320447,-0.10399106154996786,-0.3055559555122169,-0.22221864692489354,-0.3111977571319168,-0.4437754889272999,0.46127593556240026
19396,7769.24237,19397,7769.24437,0.25173896660187167,0.12222568506445756,0.18707215955255196,-0.22221864692489354,0.35906698518415187,-0.469457529295874,-0.32725269288320447
19397,7769.24437,19398,7769.24637,-0.18153264999576024,0.057427309036130976,0.14876508692177126,-0.22221864692489354,-0.4211258816231501,0.3033279162038353,0.25173896660187167
19398,7769.24637,19399,7769.24837,0.8957351369105466,0.18595462164382995,-0.25979920808060847,-0.22221864692489354,0.3485400342745617,0.14244063181491506,-0.18153264999576024
19399,7769.24837,19400,7769.250370000001,-1.0343010190297823,-0.45228617859521053,-0.13101229880341542,-0.22221864692489354,0.05777090442158592,-0.29064401459706074,0.8957351369105466
19400,7769.250370000001,19401,7769.25237,-0.8103031872007469,0.06325243515675495,0.13867736503625425,-0.22221864692489354,-0.09433360914466085,0.4905597772804365,-1.0343010190297823
19401,7769.25237,19402,7769.254370000001,0.12912680218358666,0.09869595454043296,0.0579770049994011,-0.22221864692489354,0.07223178190782995,0.34178760532952207,-0.8103031872007469
19402,7769.254370000001,19403,7769.25637,0.15791325319250976,-0.11764148282154932,0.2468316425863906,-0.22221864692489354,0.029231885023791086,0.06598197385371023,0.12912680218358666
19403,7769.25637,19404,7769.2583700000005,0.8750591903526568,-0.1451200351232795,-0.1253451100184705,-0.22221864692489354,0.07226564176189443,0.07911556141073157,0.15791325319250976
19404,7769.2583700000005,19405,7769.26037,-0.1907481911719455,-0.45228617859521053,-0.4450124051964178,-0.22221864692489354,-0.3298992715652484,-0.29064401459706074,0.8750591903526568
19405,7769.26037,19406,7769.26237,0.5676891806731225,-0.05790830952639997,-0.3284851404962956,-0.22221864692489354,-0.4379437492308261,0.14244063181491506,-0.1907481911719455
19406,7769.26237,19407,7769.26437,-0.6561471118695658,-0.04128339852111738,0.4142706294650885,-0.22221864692489354,-0.13521786781462913,-0.24794002233409962,0.5676891806731225
19407,7769.26437,19408,7769.26637,-0.3061724866062494,0.28830062542145124,-0.43566271025191466,-0.22221864692489354,-0.09492959618303072,0.0409690264766767,-0.6561471118695658
19408,7769.26637,19409,7769.268370000001,0.01624584466558153,0.24637656706444025,0.3022792894054063,-0.22221864692489354,0.008408588559653119,-0.39817136066672254,-0.3061724866062494
19409,7769.268370000001,19410,7769.27037,-0.20925316654000609,-0.33386908533994497,-0.142219654779851,-0.22221864692489354,-0.4168168715325789,0.28425491436494743,0.01624584466558153
19410,7769.27037,19411,7769.272370000001,-0.4850177398101177,-0.05790830952639997,-0.05790830952639997,-0.22221864692489354,0.09001867945461382,0.31985237205293277,-0.20925316654000609
19411,7769.272370000001,19412,7769.27437,-0.52197344633254,-0.33912048824683566,0.04278403570094096,-0.22221864692489354,-0.1267889682578521,0.3986600833996137,-0.4850177398101177
19412,7769.27437,19413,7769.2763700000005,0.5227721770408709,0.1887310599314789,0.040025316929352794,-0.22221864692489354,0.1887310599314789,0.47266160416269526,-0.52197344633254
19413,7769.2763700000005,19414,7769.27837,0.6889527730246088,-0.4341784187284774,-0.19492005369880339,-0.22221864692489354,-0.5764804460842872,-0.4046033477577051,0.5227721770408709
19414,7769.27837,19415,7769.28037,0.5731209574994843,-0.49283027954691044,0.03771471514515023,-0.22221864692489354,-0.5106145004801281,0.3015257504279363,0.6889527730246088
19415,7769.28037,19416,7769.28237,-0.11887030201640604,-0.04128339852111738,0.3041338046050559,-0.22221864692489354,0.08551799675616023,-0.20585205420414715,0.5731209574994843
19416,7769.28237,19417,7769.28437,0.0401302175361233,-0.264447904458089,-0.1451200351232795,-0.22221864692489354,0.05880098279861804,0.2439554997582549,-0.11887030201640604
19417,7769.28437,19418,7769.286370000001,0.3075114616871384,-0.33386908533994497,-0.142219654779851,-0.22221864692489354,-0.4168168715325789,0.28425491436494743,0.0401302175361233
19418,7769.286370000001,19419,7769.28837,-0.7467008846285672,-0.3466117404736551,0.425368832305809,-0.22221864692489354,-0.2572134843240293,-0.05384690103871762,0.3075114616871384
19419,7769.28837,19420,7769.290370000001,-0.10287517315428125,0.3497978476422957,-0.09081668448449774,-0.22221864692489354,-0.18583373189514,0.5208065850566268,-0.7467008846285672
19420,7769.290370000001,19421,7769.29237,-0.9802330789749691,-0.264447904458089,-0.03932569819300731,-0.22221864692489354,0.062295333733497174,0.17611489210839118,-0.10287517315428125
19421,7769.29237,19422,7769.2943700000005,0.005915137091612751,-0.4457817884455007,-0.32515141032815087,-0.22221864692489354,0.33146818645967324,0.2960726148674459,-0.9802330789749691
19422,7769.2943700000005,19423,7769.29637,0.08958616069153125,-0.33386908533994497,-0.142219654779851,-0.22221864692489354,-0.4168168715325789,0.28425491436494743,0.005915137091612751
19423,7769.29637,19424,7769.29837,0.6505796537784782,-0.33386908533994497,-0.142219654779851,-0.22221864692489354,-0.4168168715325789,0.28425491436494743,0.08958616069153125
19424,7769.29837,19425,7769.30037,1.1858440437587103,-0.16977732784229826,-0.43566271025191466,-0.22221864692489354,-0.012083209021288219,0.24819562790769067,0.6505796537784782
19425,7769.30037,19426,7769.30237,-0.6649461458526672,-0.3039189645258097,0.05132605090292216,-0.22221864692489354,-0.5545647061241874,-0.5597977549998868,1.1858440437587103
19426,7769.30237,19427,7769.30437,0.39049156631800286,0.003959394191598462,-0.49283027954691044,-0.22221864692489354,0.2956394096838665,0.03494195658158384,-0.6649461458526672
19427,7769.30437,19428,7769.30637,-0.5336318180491626,-0.4612300397916861,0.06867010178033228,-0.22221864692489354,-0.01989183097499845,-0.21602088399978886,0.39049156631800286
19428,7769.30637,19429,7769.308370000001,-0.8094125349415559,0.2738747223168975,-0.19492005369880339,-0.22221864692489354,0.3617068486321399,0.47266160416269526,-0.5336318180491626
19429,7769.308370000001,19430,7769.31037,0.5423454514876884,0.19800024573023775,-0.05257000406954908,-0.22221864692489354,-0.17955765581048505,0.3098637121101606,-0.8094125349415559
19430,7769.31037,19431,7769.312370000001,-0.3148173815559902,-0.4341784187284774,0.0023266815309476974,-0.22221864692489354,-0.4089651934306513,-0.24794002233409962,0.5423454514876884
19431,7769.312370000001,19432,7769.31437,-0.06499337672876135,0.12222568506445756,0.425368832305809,-0.22221864692489354,0.6041916533743555,-0.469457529295874,-0.3148173815559902
19432,7769.31437,19433,7769.3163700000005,1.0269641336926008,-0.26469932568774684,-0.142219654779851,-0.22221864692489354,-0.20898740935191218,0.2538024840754271,-0.06499337672876135
19433,7769.3163700000005,19434,7769.31837,0.5402271656591682,-0.3699117898289583,-0.32979458966726777,-0.22221864692489354,0.04047980677233369,0.4754709129724304,1.0269641336926008
19434,7769.31837,19435,7769.32037,-0.4617577140224634,-0.4341784187284774,-0.14386003369658196,-0.22221864692489354,-0.06659509465771894,-0.18855022265439364,0.5402271656591682
19435,7769.32037,19436,7769.32237,0.3902452305611316,-0.3360041692109607,-0.3055559555122169,-0.22221864692489354,0.031315255893349866,0.4000760301231742,-0.4617577140224634
19436,7769.32237,19437,7769.32437,-0.20969593829840494,-0.4612300397916861,0.06867010178033228,-0.22221864692489354,0.05622379462921785,-0.21602088399978886,0.3902452305611316
19437,7769.32437,19438,7769.326370000001,-0.7728006475139867,-0.05790830952639997,-0.05790830952639997,-0.22221864692489354,0.09001867945461382,0.31985237205293277,-0.20969593829840494
19438,7769.326370000001,19439,7769.32837,-0.6522303984112992,0.23860842861534076,-0.11323118932863557,-0.22221864692489354,0.6295472542911712,0.34638009514734397,-0.7728006475139867
19439,7769.32837,19440,7769.330370000001,0.7184122119013435,0.29766843901634654,-0.4089410134347594,-0.22221864692489354,-0.17097443650775543,0.0409690264766767,-0.6522303984112992
19440,7769.330370000001,19441,7769.33237,-0.5128835593582837,-0.5447970547107047,-0.22486726958948416,-0.22221864692489354,-0.003959394191594437,0.14152483745726482,0.7184122119013435
19441,7769.33237,19442,7769.3343700000005,-0.6964719476643041,-0.19492005369880339,-0.22776977648886657,-0.22221864692489354,-0.0859522782776258,0.3997832400759384,-0.5128835593582837
19442,7769.3343700000005,19443,7769.33637,0.5607746118849063,-0.11114900749167592,-0.14480518357318112,-0.22221864692489354,0.4791067468389124,0.22553559255963004,-0.6964719476643041
19443,7769.33637,19444,7769.33837,0.8837600201559623,-0.1367745355898586,-0.04128339852111738,-0.22221864692489354,0.18289767227555792,-0.3267540379289676,0.5607746118849063
19444,7769.33837,19445,7769.34037,-0.8146962429123968,-0.45228617859521053,-0.22402396436481015,-0.22221864692489354,-0.23892375490899603,-0.28636182004630667,0.8837600201559623
19445,7769.34037,19446,7769.34237,0.802372828426244,0.09869595454043296,-0.05257000406954908,-0.22221864692489354,0.21517008228793383,0.371268573956694,-0.8146962429123968
19446,7769.34237,19447,7769.344370000001,0.19883594194361687,-0.2924387125634771,-0.05257000406954908,-0.22221864692489354,-0.2883824640629793,-0.49280804472495426,0.802372828426244
19447,7769.344370000001,19448,7769.34637,-0.038800662741042866,-0.3284851404962956,0.1817451092119638,-0.22221864692489354,0.3197466330695159,0.18912276188143587,0.19883594194361687
19448,7769.34637,19449,7769.348370000001,-0.5713136414872153,-0.26469932568774684,-0.142219654779851,-0.22221864692489354,-0.20898740935191218,0.2538024840754271,-0.038800662741042866
19449,7769.348370000001,19450,7769.35037,-0.12643621760081153,0.3045365053903889,0.20026694120400818,-0.22221864692489354,0.17815760688445043,0.3611489968540988,-0.5713136414872153
19450,7769.35037,19451,7769.3523700000005,-0.3974622881771445,-0.1253451100184705,0.18806782997741056,-0.22221864692489354,-0.3890866389829097,0.14244063181491506,-0.12643621760081153
19451,7769.3523700000005,19452,7769.35437,-0.44190554307831725,-0.03904571359033493,0.025655330634945066,-0.22221864692489354,0.3134349541126409,-0.09118222407484311,-0.3974622881771445
19452,7769.35437,19453,7769.35637,0.45230933290712144,-0.5242815461956132,-0.3055559555122169,-0.22221864692489354,-0.2065924110899687,0.20996150728149343,-0.44190554307831725
19453,7769.35637,19454,7769.35837,0.6123929671723117,0.2012793281413575,-0.3055559555122169,-0.22221864692489354,0.1757485917379901,-0.4093036519968823,0.45230933290712144
19454,7769.35837,19455,7769.36037,0.6525905436105747,-0.1367745355898586,-0.21378965766165123,-0.22221864692489354,-0.13972237993573028,-0.20585205420414715,0.6123929671723117
19455,7769.36037,19456,7769.36237,-0.6778533904514308,-0.16977732784229826,-0.43566271025191466,-0.22221864692489354,-0.25046481055775166,0.24819562790769067,0.6525905436105747
19456,7769.36237,19457,7769.36437,-0.3063332583107745,0.003959394191598462,0.23098172421311908,-0.22221864692489354,0.04431724389033626,0.03314785552517815,-0.6778533904514308
19457,7769.36437,19458,7769.366370000001,-0.5034463252841385,0.24637656706444025,0.3022792894054063,-0.22221864692489354,0.008408588559653119,-0.39817136066672254,-0.3063332583107745
19458,7769.366370000001,19459,7769.36837,0.22565177706074846,0.1887310599314789,-0.3793708463931679,-0.22221864692489354,0.03743427906521304,0.3997832400759384,-0.5034463252841385
19459,7769.36837,19460,7769.370370000001,-0.6199990611719106,-0.3680243083006973,0.057427309036130976,-0.22221864692489354,0.22364570001171516,0.23826432285676985,0.22565177706074846
19460,7769.370370000001,19461,7769.37237,0.5208714464154969,0.28830062542145124,-0.11540633830732888,-0.22221864692489354,0.6494966520481213,0.40683511250520366,-0.6199990611719106
19461,7769.37237,19462,7769.37437,-0.20647399081628945,-0.4341784187284774,0.040025316929352794,-0.22221864692489354,-0.39883107994345685,-0.3267540379289676,0.5208714464154969
19462,7769.37437,19463,7769.37637,-0.4437988411370019,-0.05790830952639997,-0.05790830952639997,-0.22221864692489354,0.09001867945461382,0.30327416721161743,-0.20647399081628945
19463,7769.37637,19464,7769.37837,0.6143639160335369,-0.33912048824683566,-0.2852952407927156,-0.22221864692489354,-0.2149352509251273,0.20996150728149343,-0.4437988411370019
19464,7769.37837,19465,7769.38037,-0.138518934135559,-0.42710372668664515,-0.21378965766165123,-0.22221864692489354,-0.20555575790568492,-0.20585205420414715,0.6143639160335369
19465,7769.38037,19466,7769.38237,0.8408295662720667,-0.1253451100184705,-0.11764148282154932,-0.22221864692489354,-0.04796656586543776,0.04382965985950285,-0.138518934135559
19466,7769.38237,19467,7769.384370000001,-0.1163139558736909,-0.5540210687587266,-0.2130251990668944,-0.22221864692489354,-0.4046033477577051,-0.29064401459706074,0.8408295662720667
19467,7769.384370000001,19468,7769.38637,-0.9378011188376784,-0.264447904458089,-0.11764148282154932,-0.22221864692489354,0.2468316425863906,0.17611489210839118,-0.1163139558736909
19468,7769.38637,19469,7769.388370000001,0.08638637128053013,0.3341036466462218,-0.022955602520112153,-0.22221864692489354,0.5868156142704946,-0.1109861543034674,-0.9378011188376784
19469,7769.388370000001,19470,7769.39037,-0.2815120304246577,-0.33386908533994497,-0.142219654779851,-0.22221864692489354,-0.4168168715325789,0.28425491436494743,0.08638637128053013
19470,7769.39037,19471,7769.3923700000005,-0.3662342038201493,0.21947532111276988,0.21947532111276988,-0.22221864692489354,-0.34473129015716136,-0.39253381448423247,-0.2815120304246577
19471,7769.3923700000005,19472,7769.39437,0.2117301670987471,0.12222568506445756,-0.25819797169662406,-0.22221864692489354,0.18010496791366426,-0.31622443030475306,-0.3662342038201493
19472,7769.39437,19473,7769.39637,0.6170774618231878,0.057427309036130976,-0.05790830952639997,-0.22221864692489354,-0.008011498144168334,0.18912276188143587,0.2117301670987471
19473,7769.39637,19474,7769.39837,0.09217847162511199,-0.42710372668664515,-0.2585071819480077,-0.22221864692489354,0.20431035387802993,-0.15086438113950212,0.6170774618231878
19474,7769.39837,19475,7769.40037,0.6473461749745189,-0.33386908533994497,-0.1375361019146593,-0.22221864692489354,-0.04643894691753026,0.28425491436494743,0.09217847162511199
19475,7769.40037,19476,7769.402370000001,0.48418826423769507,-0.49283027954691044,-0.43566271025191466,-0.22221864692489354,0.024022155522242548,0.2567067988803972,0.6473461749745189
19476,7769.402370000001,19477,7769.40437,0.21979673768602168,-0.3111977571319168,-0.22303435517964126,-0.22221864692489354,0.255918110878271,-0.09826717342661563,0.48418826423769507
19477,7769.40437,19478,7769.406370000001,-0.5972654088566623,-0.3680243083006973,0.011795490982976716,-0.22221864692489354,0.11026928503623194,0.18912276188143587,0.21979673768602168
19478,7769.406370000001,19479,7769.40837,-1.0751173207623568,0.4730698970504555,-0.1367745355898586,-0.22221864692489354,0.1652213710622582,0.3611489968540988,-0.5972654088566623
19479,7769.40837,19480,7769.4103700000005,-0.23826432285676985,0.2845561728058882,0.2845561728058882,-0.22221864692489354,0.00029113141149652433,-0.15458214789101868,-1.0751173207623568
19480,7769.4103700000005,19481,7769.41237,0.8601102692723652,0.03328868571940855,0.057427309036130976,-0.22221864692489354,-0.13212913603679083,0.01290993755996567,-0.23826432285676985
19481,7769.41237,19482,7769.41437,-0.4711631023837754,-0.4450124051964178,-0.5617920221446955,-0.22221864692489354,-0.31635706861354174,-0.29064401459706074,0.8601102692723652
19482,7769.41437,19483,7769.41637,0.9475001583291804,-0.33912048824683566,-0.1580064889391583,-0.22221864692489354,0.10556431654506838,0.3997832400759384,-0.4711631023837754
19483,7769.41637,19484,7769.41837,-0.19521951766055246,-0.6482031138510547,-0.41729656837337764,-0.22221864692489354,-0.6732044160564702,0.03641703850535831,0.9475001583291804
19484,7769.41837,19485,7769.42037,0.49923551426952223,0.011795490982976716,-0.2839535651400084,-0.22221864692489354,0.40394742683339324,0.30327416721161743,-0.19521951766055246
19485,7769.42037,19486,7769.42237,0.3948907427315402,-0.22776977648886657,-0.22303435517964126,-0.22221864692489354,0.14684994890175992,-0.09826717342661563,0.49923551426952223
19486,7769.42237,19487,7769.424370000001,0.03525822878915416,-0.4612300397916861,0.06867010178033228,-0.22221864692489354,-0.21707604559601318,-0.21602088399978886,0.3948907427315402
19487,7769.424370000001,19488,7769.42637,-1.0456350268781418,-0.33386908533994497,-0.142219654779851,-0.22221864692489354,-0.4168168715325789,0.28425491436494743,0.03525822878915416
19488,7769.42637,19489,7769.4283700000005,0.2643920244882512,0.25400013206500477,0.19701442061940258,-0.22221864692489354,0.3980002512662892,0.4905597772804365,-1.0456350268781418
19489,7769.4283700000005,19490,7769.43037,0.25481854354585787,-0.3924846526927655,-0.01570854725854441,-0.22221864692489354,0.5849315161047358,0.3033279162038353,0.2643920244882512
19490,7769.43037,19491,7769.43237,-0.9116576316360155,-0.22414032461627648,0.26136985966282844,-0.22221864692489354,0.07992231126120063,0.21947532111276988,0.25481854354585787
19491,7769.43237,19492,7769.43437,0.3028171840986036,-0.022955602520112153,-0.13101229880341542,-0.22221864692489354,-0.41280239481335645,0.03096244753518709,-0.9116576316360155
19492,7769.43437,19493,7769.43637,0.36499690803701473,-0.22414032461627648,0.3022792894054063,-0.22221864692489354,-0.42215251447723284,-0.021068574384631857,0.3028171840986036
19493,7769.43637,19494,7769.43837,0.991288467956141,0.24347058211343803,-0.261061533451254,-0.22221864692489354,0.4564222829262054,-0.4836049776255281,0.36499690803701473
19494,7769.43837,19495,7769.44037,-0.33717392720447625,-0.6326840561661579,-0.32515141032815087,-0.22221864692489354,-0.1967752862845541,0.08608586542674336,0.991288467956141
19495,7769.44037,19496,7769.442370000001,0.32009024389399693,-0.1590935974930537,0.1289028630940942,-0.22221864692489354,0.446271087941495,-0.31622443030475306,-0.33717392720447625
19496,7769.442370000001,19497,7769.44437,0.1040238629538609,0.011543669774703644,0.44738858858162417,-0.22221864692489354,0.46631165394971247,-0.29284614965403966,0.32009024389399693
19497,7769.44437,19498,7769.446370000001,-0.8655011179072416,-0.1375361019146593,-0.264447904458089,-0.22221864692489354,0.06890794219053827,0.1897551872537381,0.1040238629538609
19498,7769.446370000001,19499,7769.44837,-0.8021117488607635,-0.2682404354957498,-0.5001629737596565,-0.22221864692489354,0.08025826503712463,0.4043361726471263,-0.8655011179072416
19499,7769.44837,19500,7769.4503700000005,0.7646337554689902,0.19800024573023775,-0.05257000406954908,-0.22221864692489354,-0.07982150311582167,0.371268573956694,-0.8021117488607635
19500,7769.4503700000005,19501,7769.45237,-0.6593523032483236,-0.46320165830331783,-0.32138433220463275,-0.22221864692489354,-0.4305881746565941,-0.4830662570737806,0.7646337554689902
19501,7769.45237,19502,7769.45437,0.6714949821687564,0.23098172421311908,-0.43566271025191466,-0.22221864692489354,0.5727104905876198,0.15775784096124995,-0.6593523032483236
19502,7769.45437,19503,7769.45637,0.3472806368196588,-0.4089410134347594,0.003959394191598462,-0.22221864692489354,-0.5533934274142208,0.25667864216008623,0.6714949821687564
19503,7769.45637,19504,7769.45837,0.6092313465807365,0.24347058211343803,-0.2277407930818674,-0.22221864692489354,-0.28134721789853057,-0.44155453861695204,0.3472806368196588
19504,7769.45837,19505,7769.460370000001,-0.6564492152667507,-0.1367745355898586,-0.11540633830732888,-0.22221864692489354,0.21519943233122932,-0.15086438113950212,0.6092313465807365
19505,7769.460370000001,19506,7769.46237,0.7229268123264075,0.28830062542145124,-0.43566271025191466,-0.22221864692489354,-0.1464727683220858,0.0409690264766767,-0.6564492152667507
19506,7769.46237,19507,7769.464370000001,0.14939220346056994,-0.5447970547107047,-0.11433558754392475,-0.22221864692489354,-0.41648094677656283,0.09935525899813462,0.7229268123264075
19507,7769.464370000001,19508,7769.46637,-0.24893367722016535,-0.1451200351232795,-0.0468558017538685,-0.22221864692489354,0.10359736075747876,0.07911556141073157,0.14939220346056994
19508,7769.46637,19509,7769.4683700000005,-0.7696700169800478,0.011795490982976716,0.11043225500122787,-0.22221864692489354,0.0047566401116991884,0.01290993755996567,-0.24893367722016535
19509,7769.4683700000005,19510,7769.47037,-0.40504038947787224,0.23860842861534076,-0.32138433220463275,-0.22221864692489354,0.6170578249097101,0.34638009514734397,-0.7696700169800478
19510,7769.47037,19511,7769.47237,-0.3298469319860372,-0.03904571359033493,-0.18444244836309,-0.22221864692489354,0.2940132167842976,-0.09118222407484311,-0.40504038947787224
19511,7769.47237,19512,7769.47437,0.7519310040775324,0.12222568506445756,0.1289028630940942,-0.22221864692489354,0.23562223751982134,-0.3163835941642779,-0.3298469319860372
19512,7769.47437,19513,7769.47637,0.4727296645549732,-0.5875237651159813,-0.11323118932863557,-0.22221864692489354,-0.08203693821349521,0.017534181815475017,0.7519310040775324
19513,7769.47637,19514,7769.478370000001,0.7395687547543832,-0.2707978394581285,0.04278403570094096,-0.22221864692489354,-0.13778982852560462,-0.5134500205163743,0.4727296645549732
19514,7769.478370000001,19515,7769.48037,-0.4762624369234237,-0.5683491514108684,-0.24241435958050994,-0.22221864692489354,-0.3088753717735417,0.09091639035226247,0.7395687547543832
19515,7769.48037,19516,7769.482370000001,-0.1492981610473731,-0.33912048824683566,0.04278403570094096,-0.22221864692489354,-0.08755414746714527,0.3986600833996137,-0.4762624369234237
19516,7769.482370000001,19517,7769.48437,0.4850625567329916,-0.03932569819300731,-0.0468558017538685,-0.22221864692489354,0.32961136997325763,0.04382965985950285,-0.1492981610473731
19517,7769.48437,19518,7769.4863700000005,-0.9157009310422546,-0.4935637514578185,0.04278403570094096,-0.22221864692489354,0.04278403570094096,-0.09826717342661563,0.4850625567329916
19518,7769.4863700000005,19519,7769.48837,-0.6354833668544312,-0.022955602520112153,-0.022955602520112153,-0.22221864692489354,-0.14694422182193267,0.03096244753518709,-0.9157009310422546
19519,7769.48837,19520,7769.49037,0.8961808690329149,0.28830062542145124,0.1358853078889796,-0.22221864692489354,-0.3200109595671407,0.0533639425637558,-0.6354833668544312
19520,7769.49037,19521,7769.49237,-0.6803633578107837,-0.45228617859521053,-0.13101229880341542,-0.22221864692489354,0.05777090442158592,-0.29064401459706074,0.8961808690329149
19521,7769.49237,19522,7769.49437,-0.7546898628723466,0.003959394191598462,0.03771471514515023,-0.22221864692489354,0.12377053426616783,-0.0802582650371272,-0.6803633578107837
19522,7769.49437,19523,7769.49637,0.6241608084669238,0.3497978476422957,-0.24241435958050994,-0.22221864692489354,0.36530006082835426,0.41712870065275015,-0.7546898628723466
19523,7769.49637,19524,7769.49837,-0.24175722608733782,-0.4773469377075341,0.28830062542145124,-0.22221864692489354,0.3535362654750032,0.23783402407935733,0.6241608084669238
19524,7769.49837,19525,7769.500370000001,0.929401856438112,0.03328868571940855,0.11043225500122787,-0.22221864692489354,0.27343179121312433,-0.018749422511174247,-0.24175722608733782
19525,7769.500370000001,19526,7769.50237,0.41335624468604426,-0.6633350250260738,0.2650902997767296,-0.22221864692489354,0.04110875958666746,0.02010588734399296,0.929401856438112
19526,7769.50237,19527,7769.504370000001,0.38994954753116917,-0.18444244836309,-0.4612300397916861,-0.22221864692489354,0.3665117538124701,-0.3234408610880635,0.41335624468604426
19527,7769.504370000001,19528,7769.50637,-0.46578637788222965,-0.4612300397916861,0.06867010178033228,-0.22221864692489354,0.24347058211343803,-0.21602088399978886,0.38994954753116917
19528,7769.50637,19529,7769.5083700000005,-0.8665880495758415,-0.3360041692109607,-0.2852952407927156,-0.22221864692489354,0.001890840896441542,0.4755840261875662,-0.46578637788222965
19529,7769.5083700000005,19530,7769.51037,-0.18761537540367157,-0.2682404354957498,-0.5001629737596565,-0.22221864692489354,0.31420615895892745,0.4043361726471263,-0.8665880495758415
19530,7769.51037,19531,7769.51237,0.24740019591779705,0.1188056649534898,-0.3284851404962956,-0.22221864692489354,-0.536764712782579,0.14244063181491506,-0.18761537540367157
19531,7769.51237,19532,7769.51437,-0.12029126140291962,0.057427309036130976,0.11043225500122787,-0.22221864692489354,-0.34571059595921416,0.3033279162038353,0.24740019591779705
19532,7769.51437,19533,7769.51637,0.8225778198891693,-0.26469932568774684,-0.11764148282154932,-0.22221864692489354,0.05880098279861804,0.2439554997582549,-0.12029126140291962
19533,7769.51637,19534,7769.518370000001,0.3688300695368198,-0.34364778258269746,-0.013089570749465922,-0.22221864692489354,0.03813522186193522,-0.2963973956432763,0.8225778198891693
19534,7769.518370000001,19535,7769.52037,-0.6694286157239945,-0.18444244836309,-0.22608734875547484,-0.22221864692489354,-0.019142272643902357,-0.44155453861695204,0.3688300695368198
19535,7769.52037,19536,7769.522370000001,0.5274438252396205,0.003959394191598462,0.003959394191598462,-0.22221864692489354,0.11896724977779578,0.03314785552517815,-0.6694286157239945
19536,7769.522370000001,19537,7769.52437,0.2865258082395229,-0.37882276466544773,-0.19492005369880339,-0.22221864692489354,0.2732102520690237,-0.3267540379289676,0.5274438252396205
19537,7769.52437,19538,7769.5263700000005,-0.3741519015569308,-0.22414032461627648,0.24637656706444025,-0.22221864692489354,-0.33738174100405194,0.21947532111276988,0.2865258082395229
19538,7769.5263700000005,19539,7769.52837,-0.7853754385187204,0.12222568506445756,-0.1590935974930537,-0.22221864692489354,0.0009458673580628718,-0.22064361378610747,-0.3741519015569308
19539,7769.52837,19540,7769.53037,0.7536283461736346,0.23860842861534076,-0.34364778258269746,-0.22221864692489354,0.09869595454043296,0.3098637121101606,-0.7853754385187204
19540,7769.53037,19541,7769.53237,-0.7672902489390742,-0.5875237651159813,-0.24241435958050994,-0.22221864692489354,0.1471955728349423,0.017534181815475017,0.7536283461736346
19541,7769.53237,19542,7769.53437,0.38960447346006766,0.23860842861534076,-0.32138433220463275,-0.22221864692489354,-0.3871856150673182,0.34638009514734397,-0.7672902489390742
19542,7769.53437,19543,7769.536370000001,0.5176665930877152,-0.4612300397916861,0.06867010178033228,-0.22221864692489354,0.24347058211343803,-0.21602088399978886,0.38960447346006766
19543,7769.536370000001,19544,7769.53837,-0.5115532934360804,-0.37882276466544773,0.1887310599314789,-0.22221864692489354,-0.08267380618548506,-0.4046033477577051,0.5176665930877152
19544,7769.53837,19545,7769.540370000001,-0.28236312935450186,-0.19492005369880339,-0.22776977648886657,-0.22221864692489354,0.16129525117244092,0.47266160416269526,-0.5115532934360804
19545,7769.540370000001,19546,7769.54237,0.568514076061293,0.21947532111276988,-0.22414032461627648,-0.22221864692489354,0.04577857117450315,-0.39253381448423247,-0.28236312935450186
19546,7769.54237,19547,7769.5443700000005,-0.5685553029742242,-0.04128339852111738,0.20026694120400818,-0.22221864692489354,-0.04128339852111738,-0.24794002233409962,0.568514076061293
19547,7769.5443700000005,19548,7769.54637,0.7593165367679019,0.5122513585153673,0.20026694120400818,-0.22221864692489354,-0.35292269010103045,0.3611489968540988,-0.5685553029742242
19548,7769.54637,19549,7769.54837,-0.3436994048112477,-0.46320165830331783,-0.349079290883896,-0.22221864692489354,-0.26148195471955166,-0.4830662570737806,0.7593165367679019
19549,7769.54837,19550,7769.55037,-0.29918076747979794,0.12222568506445756,-0.2277407930818674,-0.22221864692489354,0.012945866779397307,-0.4840761201548569,-0.3436994048112477
19550,7769.55037,19551,7769.55237,-0.8546437495907316,0.24637656706444025,0.425368832305809,-0.22221864692489354,0.2653415595667152,-0.469457529295874,-0.29918076747979794
19551,7769.55237,19552,7769.55437,0.35736260553445387,0.0579770049994011,-0.4275310466846108,-0.22221864692489354,0.4259870850481928,0.3577698856724587,-0.8546437495907316
19552,7769.55437,19553,7769.55637,0.6400036049866721,0.24347058211343803,-0.2277407930818674,-0.22221864692489354,0.26072506912731835,-0.4836049776255281,0.35736260553445387
19553,7769.55637,19554,7769.558370000001,-0.7912328912312974,-0.49283027954691044,-0.4089410134347594,-0.22221864692489354,-0.40540444506104056,0.2386084286153376,0.6400036049866721
19554,7769.558370000001,19555,7769.56037,0.1031378471773311,0.21953376817436218,-0.32138433220463275,-0.22221864692489354,0.04156275739432049,0.34178760532952207,-0.7912328912312974
19555,7769.56037,19556,7769.562370000001,0.8151151585714725,-0.1375361019146593,-0.03932569819300731,-0.22221864692489354,0.06890794219053827,0.1897551872537381,0.1031378471773311
19556,7769.562370000001,19557,7769.56437,0.46765784090790075,-0.29246588020138925,-0.20543721480030894,-0.22221864692489354,-0.057221095122834714,-0.2963973956432763,0.8151151585714725
19557,7769.56437,19558,7769.5663700000005,0.4617118403585194,-0.10399106154996786,-0.1580064889391583,-0.22221864692489354,-0.110790695463218,-0.4763528569243921,0.46765784090790075
19558,7769.5663700000005,19559,7769.56837,-0.8513401149177477,-0.10399106154996786,-0.3055559555122169,-0.22221864692489354,-0.14070306681144015,-0.4093036519968823,0.4617118403585194
19559,7769.56837,19560,7769.57037,-0.3117308772298315,0.0579770049994011,-0.4275310466846108,-0.22221864692489354,0.5704293317566765,0.3577698856724587,-0.8513401149177477
19560,7769.57037,19561,7769.57237,0.02252866260540287,0.18707215955255196,0.3575917210223996,-0.22221864692489354,0.48765850761456897,-0.39817136066672254,-0.3117308772298315
19561,7769.57237,19562,7769.57437,-0.5587366807187598,-0.33386908533994497,-0.142219654779851,-0.22221864692489354,-0.4168168715325789,0.28425491436494743,0.02252866260540287
19562,7769.57437,19563,7769.576370000001,0.22678386908430254,0.33431209940636736,-0.04128339852111738,-0.22221864692489354,0.06472048820203387,0.3611489968540988,-0.5587366807187598
19563,7769.576370000001,19564,7769.57837,-0.5518016373619148,-0.3680243083006973,0.057427309036130976,-0.22221864692489354,0.1552991167024203,0.3033279162038353,0.22678386908430254
19564,7769.57837,19565,7769.580370000001,0.8047845885497314,0.3045365053903889,-0.19492005369880339,-0.22221864692489354,0.14404913515007164,0.3611489968540988,-0.5518016373619148
19565,7769.580370000001,19566,7769.58237,0.9632507201915209,-0.2773835463177908,-0.05257000406954908,-0.22221864692489354,-0.17824897419633381,-0.4091344370330442,0.8047845885497314
19566,7769.58237,19567,7769.5843700000005,-0.8319829514005153,-0.6326840561661579,-0.6326840561661579,-0.22221864692489354,-0.16305927484070942,-0.2615379975362791,0.9632507201915209
19567,7769.5843700000005,19568,7769.58637,0.2401554408988816,0.2001179742892834,-0.05257000406954908,-0.22221864692489354,0.22323817832010262,0.2716581023075879,-0.8319829514005153
19568,7769.58637,19569,7769.58837,0.5039082139771781,0.057427309036130976,0.03328868571940855,-0.22221864692489354,-0.29734407085564,0.3033279162038353,0.2401554408988816
19569,7769.58837,19570,7769.59037,0.0051550248479653215,-0.3111977571319168,-0.3793708463931679,-0.22221864692489354,-0.19737301493355086,-0.4046033477577051,0.5039082139771781
19570,7769.59037,19571,7769.59237,-0.7888708739954341,-0.33386908533994497,-0.142219654779851,-0.22221864692489354,-0.4168168715325789,0.28425491436494743,0.0051550248479653215
19571,7769.59237,19572,7769.594370000001,-0.15660703916091867,0.21953376817436218,-0.20543721480030894,-0.22221864692489354,0.04156275739432049,0.34178760532952207,-0.7888708739954341
19572,7769.594370000001,19573,7769.59637,0.4831785144576336,0.18595462164382995,0.18595462164382995,-0.22221864692489354,-0.08838743918411314,0.04382965985950285,-0.15660703916091867
19573,7769.59637,19574,7769.598370000001,0.11202795671569825,-0.3111977571319168,-0.22303435517964126,-0.22221864692489354,0.3394056655123632,-0.09826717342661563,0.4831785144576336
19574,7769.598370000001,19575,7769.60037,-0.5433606370577246,-0.1451200351232795,-0.19426091714379276,-0.22221864692489354,0.26013598401553767,0.28425491436494743,0.11202795671569825
19575,7769.60037,19576,7769.6023700000005,0.6678060410699512,0.33431209940636736,0.0023266815309476974,-0.22221864692489354,0.007830950361707705,0.47266160416269526,-0.5433606370577246
19576,7769.6023700000005,19577,7769.60437,-0.15445740517271297,-0.3877785297543843,-0.3877785297543843,-0.22221864692489354,-0.5884133009986697,0.25667864216008623,0.6678060410699512
19577,7769.60437,19578,7769.60637,-0.06618638922646765,-0.03932569819300731,-0.1451200351232795,-0.22221864692489354,0.18595462164382995,0.04382965985950285,-0.15445740517271297
19578,7769.60637,19579,7769.60837,-0.39169773515554124,-0.26469932568774684,-0.142219654779851,-0.22221864692489354,-0.20898740935191218,0.2538024840754271,-0.06618638922646765
19579,7769.60837,19580,7769.61037,0.2847204573470779,-0.03904571359033493,0.06867010178033228,-0.22221864692489354,-0.12944662820096836,-0.1680866583957423,-0.39169773515554124
19580,7769.61037,19581,7769.61237,-0.5530585242190392,-0.22414032461627648,0.21947532111276988,-0.22221864692489354,-0.4582422873450523,0.21947532111276988,0.2847204573470779
19581,7769.61237,19582,7769.61437,0.11362111622228478,0.3045365053903889,-0.19492005369880339,-0.22221864692489354,-0.043376690287828604,0.3611489968540988,-0.5530585242190392
19582,7769.61437,19583,7769.616370000001,0.506411893935662,-0.1375361019146593,-0.03932569819300731,-0.22221864692489354,-0.10543330645710139,0.06598197385371023,0.11362111622228478
19583,7769.616370000001,19584,7769.61837,0.363505068626113,-0.37882276466544773,-0.4935637514578185,-0.22221864692489354,-0.3810132915165257,-0.4046033477577051,0.506411893935662
19584,7769.61837,19585,7769.620370000001,-0.044908990779174866,0.24347058211343803,-0.261061533451254,-0.22221864692489354,0.14750967278412802,-0.4836049776255281,0.363505068626113
19585,7769.620370000001,19586,7769.62237,0.2840631571837358,-0.26469932568774684,-0.142219654779851,-0.22221864692489354,-0.20898740935191218,0.2538024840754271,-0.044908990779174866
19586,7769.62237,19587,7769.62437,-0.18616614354470243,-0.22414032461627648,0.21947532111276988,-0.22221864692489354,-0.22414032461627648,0.21947532111276988,0.2840631571837358
19587,7769.62437,19588,7769.62637,-0.8182032685946701,0.1188056649534898,-0.25979920808060847,-0.22221864692489354,-0.3740016724572771,0.14244063181491506,-0.18616614354470243
19588,7769.62637,19589,7769.62837,0.6379864488760604,0.19800024573023775,-0.05257000406954908,-0.22221864692489354,0.19065795882358233,0.3577698856724587,-0.8182032685946701
19589,7769.62837,19590,7769.63037,-0.02841854622335897,-0.49283027954691044,-0.16977732784229826,-0.22221864692489354,-0.21393660195533007,0.23783402407935733,0.6379864488760604
19590,7769.63037,19591,7769.63237,-1.0027038104163823,-0.26469932568774684,-0.142219654779851,-0.22221864692489354,-0.20898740935191218,0.2538024840754271,-0.02841854622335897
19591,7769.63237,19592,7769.634370000001,0.2507480966786313,-0.34607115121821197,-0.3699117898289583,-0.22221864692489354,0.16990017419238498,0.5401211334889078,-1.0027038104163823
19592,7769.634370000001,19593,7769.63637,0.44729551121099265,0.057427309036130976,0.14876508692177126,-0.22221864692489354,0.1628428078897294,0.3033279162038353,0.2507480966786313
19593,7769.63637,19594,7769.638370000001,0.34607115121820625,-0.2256517770607452,-0.3055559555122169,-0.22221864692489354,-0.2264646908205313,-0.42434549781223985,0.44729551121099265
19594,7769.638370000001,19595,7769.64037,0.6638411216263455,0.24358470153953493,-0.34398327944378826,-0.22221864692489354,-0.47132214088279684,-0.29284614965403966,0.34607115121820625
19595,7769.64037,19596,7769.6423700000005,0.06253469498206281,-0.3877785297543843,-0.540651181947749,-0.22221864692489354,-0.2146416341516268,0.24819562790769067,0.6638411216263455
19596,7769.6423700000005,19597,7769.64437,-0.5726078475287681,-0.33386908533994497,-0.142219654779851,-0.22221864692489354,-0.4168168715325789,0.28425491436494743,0.06253469498206281
19597,7769.64437,19598,7769.64637,-0.3749527424826711,0.4560994046946216,0.3041338046050559,-0.22221864692489354,0.1930613728267464,0.36385926586707645,-0.5726078475287681
19598,7769.64637,19599,7769.64837,0.27257305350471567,0.12222568506445756,-0.03904571359033493,-0.22221864692489354,-0.1590935974930537,-0.22064361378610747,-0.3749527424826711
19599,7769.64837,19600,7769.65037,-0.4787911116204229,-0.3924846526927655,0.24637656706444025,-0.22221864692489354,-0.3638592658670793,0.013771882736142901,0.27257305350471567
19600,7769.65037,19601,7769.652370000001,0.16083051675978727,-0.33912048824683566,-0.33912048824683566,-0.22221864692489354,0.4321014277295137,0.3986600833996137,-0.4787911116204229
19601,7769.652370000001,19602,7769.65437,-0.5064557622430117,-0.1451200351232795,-0.1253451100184705,-0.22221864692489354,0.23225207892836824,0.14970561431342108,0.16083051675978727
19602,7769.65437,19603,7769.656370000001,0.9630423362085536,0.23668565463758306,-0.4935637514578185,-0.22221864692489354,0.21944609630090817,0.3997832400759384,-0.5064557622430117
19603,7769.656370000001,19604,7769.65837,0.2618181645176333,-0.6326840561661579,-0.6326840561661579,-0.22221864692489354,-0.24560815720806747,-0.2615379975362791,0.9630423362085536
19604,7769.65837,19605,7769.6603700000005,0.041772225346488334,-0.5154735859446425,0.03328868571940855,-0.22221864692489354,0.2357085026701912,0.3033279162038353,0.2618181645176333
19605,7769.6603700000005,19606,7769.66237,-0.5281952771874266,-0.33386908533994497,-0.142219654779851,-0.22221864692489354,-0.4168168715325789,0.28425491436494743,0.041772225346488334
19606,7769.66237,19607,7769.66437,-0.6516045746266352,0.1887310599314789,-0.19492005369880339,-0.22221864692489354,0.40161177300530154,0.3997832400759384,-0.5281952771874266
19607,7769.66437,19608,7769.66637,0.5330553199388378,0.29766843901634654,-0.4089410134347594,-0.22221864692489354,-0.17244583644215836,0.15775784096124995,-0.6516045746266352
19608,7769.66637,19609,7769.66837,-0.27818305011666883,-0.4341784187284774,-0.19492005369880339,-0.22221864692489354,0.48223516054013216,-0.3267540379289676,0.5330553199388378
19609,7769.66837,19610,7769.67037,-0.2558053903686533,0.03328868571940855,-0.22414032461627648,-0.22221864692489354,0.04382965985950285,-0.08755414746714527,-0.27818305011666883
19610,7769.67037,19611,7769.67237,0.2166951434393042,0.03328868571940855,0.24637656706444025,-0.22221864692489354,0.13372245717307746,-0.171311823601295,-0.2558053903686533
19611,7769.67237,19612,7769.674370000001,0.3202223704714452,-0.3284851404962956,-0.05790830952639997,-0.22221864692489354,-0.3047243769404811,0.18912276188143587,0.2166951434393042
19612,7769.674370000001,19613,7769.67637,0.21196575223443453,0.011543669774703644,0.44738858858162417,-0.22221864692489354,0.4975993231335031,-0.29284614965403966,0.3202223704714452
19613,7769.67637,19614,7769.6783700000005,0.027781558446146094,0.057427309036130976,-0.05790830952639997,-0.22221864692489354,-0.008011498144168334,0.18912276188143587,0.21196575223443453
19614,7769.6783700000005,19615,7769.68037,0.7434873365970015,-0.33386908533994497,-0.142219654779851,-0.22221864692489354,-0.4168168715325789,0.28425491436494743,0.027781558446146094
19615,7769.68037,19616,7769.68237,-0.5616052284577782,-0.5447970547107047,0.0810640939092567,-0.22221864692489354,-0.4037773030071416,0.09091639035226247,0.7434873365970015
19616,7769.68237,19617,7769.68437,0.7147501808947667,0.33431209940636736,-0.006421557793344926,-0.22221864692489354,-0.012083209021288715,0.3611489968540988,-0.5616052284577782
19617,7769.68437,19618,7769.68637,0.18195752329885023,-0.5447970547107047,-0.40321812085722475,-0.22221864692489354,-0.1754432389004157,0.14152483745726482,0.7147501808947667
19618,7769.68637,19619,7769.68837,-0.9689850461946208,-0.3680243083006973,-0.25979920808060847,-0.22221864692489354,0.0409690264766767,0.2949621506605914,0.18195752329885023
19619,7769.68837,19620,7769.69037,-0.6651146015819628,-0.3445507870687826,-0.4457817884455007,-0.22221864692489354,-0.08478262887196678,0.17522943642255087,-0.9689850461946208
19620,7769.69037,19621,7769.692370000001,-0.45494541638339286,0.003959394191598462,-0.49283027954691044,-0.22221864692489354,0.18504759210319477,0.03494195658158384,-0.6651146015819628
19621,7769.692370000001,19622,7769.69437,-0.04890281435173976,-0.33912048824683566,-0.3111977571319168,-0.22221864692489354,0.5281523522845364,0.7276848659227682,-0.45494541638339286
19622,7769.69437,19623,7769.696370000001,0.2795324850735176,-0.26469932568774684,-0.142219654779851,-0.22221864692489354,-0.20898740935191218,0.2538024840754271,-0.04890281435173976
19623,7769.696370000001,19624,7769.69837,1.181833253828085,-0.38349671594334916,-0.22414032461627648,-0.22221864692489354,0.1438285133107663,0.34359615768916374,0.2795324850735176
19624,7769.69837,19625,7769.7003700000005,-0.14954892116529078,-0.3151095733952912,0.05132605090292216,-0.22221864692489354,-0.1569181972939897,-0.5597977549998868,1.181833253828085
19625,7769.7003700000005,19626,7769.70237,0.5111604175797991,-0.03932569819300731,-0.0468558017538685,-0.22221864692489354,0.37795019689259923,0.04382965985950285,-0.14954892116529078
19626,7769.70237,19627,7769.70437,0.3106910296471077,-0.37882276466544773,-0.22776977648886657,-0.22221864692489354,-0.1777006450632734,-0.3267540379289676,0.5111604175797991
19627,7769.70437,19628,7769.70637,-1.1425000067135456,-0.22414032461627648,0.3575917210223996,-0.22221864692489354,-0.2639169186285241,-0.2264646908205313,0.3106910296471077
19628,7769.70637,19629,7769.70837,-0.278899303590806,0.30295161257612363,0.3627709750088727,-0.22221864692489354,0.13212913603678775,0.46674536964446656,-1.1425000067135456
19629,7769.70837,19630,7769.710370000001,0.003886885762463751,0.03328868571940855,-0.22414032461627648,-0.22221864692489354,0.1522718849297195,-0.3163835941642779,-0.278899303590806
19630,7769.710370000001,19631,7769.71237,-0.3708165170902923,-0.33386908533994497,-0.142219654779851,-0.22221864692489354,-0.4168168715325789,0.28425491436494743,0.003886885762463751
19631,7769.71237,19632,7769.714370000001,-0.5333756376967967,0.18707215955255196,-0.1590935974930537,-0.22221864692489354,0.27088112305269124,-0.2040136003593252,-0.3708165170902923
19632,7769.714370000001,19633,7769.71637,0.8486020920497864,0.2738747223168975,-0.19492005369880339,-0.22221864692489354,0.3617068486321399,0.47266160416269526,-0.5333756376967967
19633,7769.71637,19634,7769.7183700000005,-0.14067144675800222,-0.4450124051964178,-0.2682404354957498,-0.22221864692489354,-0.28941850756041676,-0.29064401459706074,0.8486020920497864
19634,7769.7183700000005,19635,7769.72037,-0.5742078806913046,-0.03932569819300731,-0.11764148282154932,-0.22221864692489354,-0.04796656586543776,0.04382965985950285,-0.14067144675800222
19635,7769.72037,19636,7769.72237,1.0561840103250715,0.4560994046946216,0.3041338046050559,-0.22221864692489354,-0.17302766800302843,0.36385926586707645,-0.5742078806913046
19636,7769.72237,19637,7769.72437,0.5212173026292157,0.19207066438924272,0.2845561728058882,-0.22221864692489354,0.12450992960308518,-0.303838387594942,1.0561840103250715
19637,7769.72437,19638,7769.72637,-0.7621230667646421,-0.4341784187284774,0.040025316929352794,-0.22221864692489354,-0.5764804460842872,-0.3267540379289676,0.5212173026292157
19638,7769.72637,19639,7769.728370000001,0.10037632263981744,0.29607261486744285,-0.349079290883896,-0.22221864692489354,0.16234785026036877,0.4004418971711687,-0.7621230667646421
19639,7769.728370000001,19640,7769.73037,-0.18559190854591706,-0.142219654779851,-0.33386908533994497,-0.22221864692489354,0.45487613471876076,0.28425491436494743,0.10037632263981744
19640,7769.73037,19641,7769.732370000001,-0.1594660485355669,-0.05790830952639997,-0.25979920808060847,-0.22221864692489354,-0.3740016724572771,0.16897845850712317,-0.18559190854591706
19641,7769.732370000001,19642,7769.73437,-0.24187154119705886,0.18595462164382995,-0.1253451100184705,-0.22221864692489354,0.3444476278165956,0.04382965985950285,-0.1594660485355669
19642,7769.73437,19643,7769.7363700000005,-0.18516857691974128,0.03328868571940855,0.11043225500122787,-0.22221864692489354,0.27343179121312433,-0.018749422511174247,-0.24187154119705886
19643,7769.7363700000005,19644,7769.73837,0.9698271863847922,-0.05790830952639997,-0.25979920808060847,-0.22221864692489354,-0.3740016724572771,0.16897845850712317,-0.18516857691974128
19644,7769.73837,19645,7769.74037,0.2561435137869247,-0.6326840561661579,-0.6058412776143282,-0.22221864692489354,-0.11007368601360279,0.07750010654455093,0.9698271863847922
19645,7769.74037,19646,7769.74237,0.39623856742432,-0.3924846526927655,0.24637656706444025,-0.22221864692489354,-0.23308847669866486,0.21947532111276988,0.2561435137869247
19646,7769.74237,19647,7769.74437,-0.6137533372449804,-0.4612300397916861,0.025655330634945066,-0.22221864692489354,0.13953245843604817,-0.21602088399978886,0.39623856742432
19647,7769.74437,19648,7769.74637,-0.426984994273754,0.44799338041210496,-0.21378965766165123,-0.22221864692489354,0.44799338041210496,0.4353801578601097,-0.6137533372449804
19648,7769.74637,19649,7769.74837,-0.36152938409288954,-0.38854385795705143,-0.5832876300759183,-0.22221864692489354,-0.46345356189428083,-0.05625820086362428,-0.426984994273754
19649,7769.74837,19650,7769.750370000001,0.32649148804297673,0.12222568506445756,-0.261061533451254,-0.22221864692489354,0.18010496791366426,-0.4840761201548569,-0.36152938409288954
19650,7769.750370000001,19651,7769.75237,-0.7726830053979721,0.011543669774703644,0.24458269138584657,-0.22221864692489354,-0.5922856788762237,-0.2264646908205313,0.32649148804297673
19651,7769.75237,19652,7769.754370000001,0.3436994048112363,0.23860842861534076,-0.11323118932863557,-0.22221864692489354,0.6295472542911712,0.34638009514734397,-0.7726830053979721
19652,7769.754370000001,19653,7769.75637,0.32291394904383597,0.24358470153953493,-0.2277407930818674,-0.22221864692489354,-0.26918632511976126,-0.29284614965403966,0.3436994048112363
19653,7769.75637,19654,7769.7583700000005,0.3933937548327973,0.011543669774703644,0.4778661778225965,-0.22221864692489354,0.3142859048354433,-0.2264646908205313,0.32291394904383597
19654,7769.7583700000005,19655,7769.76037,-0.06567527242514315,-0.4612300397916861,0.06867010178033228,-0.22221864692489354,-0.01989183097499845,-0.3234408610880635,0.3933937548327973
19655,7769.76037,19656,7769.76237,1.0901079243368388,-0.26469932568774684,-0.142219654779851,-0.22221864692489354,-0.20898740935191218,0.2538024840754271,-0.06567527242514315
19656,7769.76237,19657,7769.76437,-0.5062802774658705,-0.5707173324169582,-0.1534589028431259,-0.22221864692489354,-0.6423996880598638,-0.4301858315945434,1.0901079243368388
19657,7769.76437,19658,7769.76637,-0.8181711498839149,0.23668565463758306,-0.4935637514578185,-0.22221864692489354,0.21944609630090817,0.3997832400759384,-0.5062802774658705
19658,7769.76637,19659,7769.768370000001,0.24201441670986876,0.19800024573023775,-0.05257000406954908,-0.22221864692489354,0.19065795882358233,0.3577698856724587,-0.8181711498839149
19659,7769.768370000001,19660,7769.77037,0.1778529888730813,0.057427309036130976,0.1188056649534898,-0.22221864692489354,0.16750194404280952,0.3033279162038353,0.24201441670986876
19660,7769.77037,19661,7769.772370000001,-0.3851571666290695,-0.3284851404962956,-0.25979920808060847,-0.22221864692489354,-0.23688671451102722,0.23826432285676985,0.1778529888730813
19661,7769.772370000001,19662,7769.77437,-0.5620825207668622,0.025655330634945066,0.22099383559682884,-0.22221864692489354,-0.06982479710306157,-0.19740289198946717,-0.3851571666290695
19662,7769.77437,19663,7769.7763700000005,-0.08354465297149875,0.33431209940636736,0.0023266815309476974,-0.22221864692489354,-0.012083209021288715,0.3611489968540988,-0.5620825207668622
19663,7769.7763700000005,19664,7769.77837,0.3506440557830604,-0.26469932568774684,-0.142219654779851,-0.22221864692489354,-0.20898740935191218,0.2538024840754271,-0.08354465297149875
19664,7769.77837,19665,7769.78037,0.39655687890702923,0.07077472253750312,0.12222568506445756,-0.22221864692489354,-0.21187741431236715,-0.44155453861695204,0.3506440557830604
19665,7769.78037,19666,7769.78237,0.3047243769404845,-0.4612300397916861,0.025655330634945066,-0.22221864692489354,0.13953245843604817,-0.19734313698496606,0.39655687890702923
19666,7769.78237,19667,7769.78437,0.6762999633535253,-0.22414032461627648,0.3022792894054063,-0.22221864692489354,-0.31042422779925677,-0.021068574384631857,0.3047243769404845
19667,7769.78437,19668,7769.786370000001,-0.6564303364780105,-0.540651181947749,0.03771471514515023,-0.22221864692489354,-0.18716271602211823,0.3015257504279363,0.6762999633535253
19668,7769.786370000001,19669,7769.78837,-0.309890410458876,0.28830062542145124,-0.43566271025191466,-0.22221864692489354,-0.1464727683220858,0.0409690264766767,-0.6564303364780105
19669,7769.78837,19670,7769.790370000001,0.21267217482222653,0.21947532111276988,0.3575917210223996,-0.22221864692489354,0.48765850761456897,-0.3460196512825826,-0.309890410458876
19670,7769.790370000001,19671,7769.79237,-1.061612219977728,0.057427309036130976,0.057427309036130976,-0.22221864692489354,0.3232037850250431,0.18912276188143587,0.21267217482222653
19671,7769.79237,19672,7769.7943700000005,0.47422582242933686,0.25400013206500477,0.19701442061940258,-0.22221864692489354,0.4330224446917331,0.38118733211814904,-1.061612219977728
19672,7769.7943700000005,19673,7769.79637,1.0742474961635484,-0.2707978394581285,0.04278403570094096,-0.22221864692489354,0.026222766902252666,-0.5134500205163743,0.47422582242933686
19673,7769.79637,19674,7769.79837,-0.6908880337020057,-0.3560632919496327,0.2845561728058882,-0.22221864692489354,0.06253469498205426,-0.303838387594942,1.0742474961635484
19674,7769.79837,19675,7769.80037,0.27077007671850495,0.003959394191598462,0.027639950487542052,-0.22221864692489354,0.2861978049565517,0.03494195658158384,-0.6908880337020057
19675,7769.80037,19676,7769.80237,0.27647298791706176,-0.5154735859446425,-0.01570854725854441,-0.22221864692489354,-0.10644818598635311,0.013771882736142901,0.27077007671850495
19676,7769.80237,19677,7769.80437,0.5546065121442569,-0.38349671594334916,-0.22414032461627648,-0.22221864692489354,-0.14681852261995568,0.34359615768916374,0.27647298791706176
19677,7769.80437,19678,7769.80637,-0.5920440940787821,-0.1367745355898586,-0.14386003369658196,-0.22221864692489354,0.10040924282482916,-0.3267540379289676,0.5546065121442569
19678,7769.80637,19679,7769.808370000001,-0.5759076732344259,0.4560994046946216,0.23507571868727375,-0.22221864692489354,0.2619021993080837,0.3611489968540988,-0.5920440940787821
19679,7769.808370000001,19680,7769.81037,0.3500287027048134,0.23507571868727375,0.3041338046050559,-0.22221864692489354,0.07894740657336129,0.40683511250520366,-0.5759076732344259
19680,7769.81037,19681,7769.812370000001,-0.043446391270640754,0.07077472253750312,0.12222568506445756,-0.22221864692489354,-0.28134721789853057,-0.44155453861695204,0.3500287027048134
19681,7769.812370000001,19682,7769.81437,-0.6384286502771638,-0.26469932568774684,-0.142219654779851,-0.22221864692489354,-0.20898740935191218,0.2538024840754271,-0.043446391270640754
19682,7769.81437,19683,7769.8163700000005,0.8583068422732192,0.28830062542145124,-0.16977732784229826,-0.22221864692489354,0.18670985164725856,0.0409690264766767,-0.6384286502771638
19683,7769.8163700000005,19684,7769.81837,0.38235510664678507,-0.4450124051964178,-0.5617920221446955,-0.22221864692489354,-0.35172001336092057,-0.29064401459706074,0.8583068422732192
19684,7769.81837,19685,7769.82037,-1.0507898090072012,-0.5446492834181763,0.06867010178033228,-0.22221864692489354,0.07486941362773791,-0.19734313698496606,0.38235510664678507
19685,7769.82037,19686,7769.82237,0.9314258435209684,0.25400013206500477,0.30970350704733635,-0.22221864692489354,-0.00025474461989681216,0.4905597772804365,-1.0507898090072012
19686,7769.82237,19687,7769.82437,0.289309500883649,-0.6326840561661579,0.24161431382093385,-0.22221864692489354,0.04110875958666746,0.02010588734399296,0.9314258435209684
19687,7769.82437,19688,7769.826370000001,-0.8912817817202044,0.011543669774703644,0.37204663762147455,-0.22221864692489354,-0.38349671594334916,0.013771882736142901,0.289309500883649
19688,7769.826370000001,19689,7769.82837,0.052293703729315445,-0.19647628792681227,-0.21528747729291253,-0.22221864692489354,0.39577316061363166,0.24680320643266201,-0.8912817817202044
19689,7769.82837,19690,7769.830370000001,-0.1746488848822976,-0.33386908533994497,-0.142219654779851,-0.22221864692489354,-0.4168168715325789,0.28425491436494743,0.052293703729315445
19690,7769.830370000001,19691,7769.83237,-0.2750641284456447,0.2694643577625831,-0.25979920808060847,-0.22221864692489354,-0.16808665839574016,0.14244063181491506,-0.1746488848822976
19691,7769.83237,19692,7769.8343700000005,0.04299324801734172,0.011795490982976716,-0.22414032461627648,-0.22221864692489354,0.24637656706444025,-0.08755414746714527,-0.2750641284456447
19692,7769.8343700000005,19693,7769.83637,0.6695963181085509,-0.33386908533994497,-0.142219654779851,-0.22221864692489354,-0.4168168715325789,0.28425491436494743,0.04299324801734172
19693,7769.83637,19694,7769.83837,0.7466836350705842,-0.4089410134347594,0.003959394191598462,-0.22221864692489354,-0.5999258094856524,0.25667864216008623,0.6695963181085509
19694,7769.83837,19695,7769.84037,-0.6610826027208276,-0.5447970547107047,-0.09081668448449774,-0.22221864692489354,-0.12112997112950456,0.017534181815475017,0.7466836350705842
19695,7769.84037,19696,7769.84237,0.21378965766164468,0.23098172421311908,-0.540651181947749,-0.22221864692489354,0.4667225471917353,0.15775784096124995,-0.6610826027208276
19696,7769.84237,19697,7769.844370000001,0.3299254403275998,0.057427309036130976,0.057427309036130976,-0.22221864692489354,0.3232037850250431,0.18912276188143587,0.21378965766164468
19697,7769.844370000001,19698,7769.84637,-0.6422082125489951,0.425368832305809,0.1289028630940942,-0.22221864692489354,0.12431709656375746,-0.40579262498731017,0.3299254403275998
19698,7769.84637,19699,7769.848370000001,-0.4160968945407465,0.4079491298634614,-0.16977732784229826,-0.22221864692489354,-0.08805420581770855,0.0409690264766767,-0.6422082125489951
19699,7769.848370000001,19700,7769.85037,-0.6212318053575291,-0.3360041692109607,-0.586228480579486,-0.22221864692489354,0.32307205181095505,-0.05625820086362428,-0.4160968945407465
19700,7769.85037,19701,7769.8523700000005,-0.22032246934133637,0.23507571868727375,0.23507571868727375,-0.22221864692489354,0.645343790515243,0.40683511250520366,-0.6212318053575291
19701,7769.8523700000005,19702,7769.85437,0.9333312472764561,0.011795490982976716,0.011795490982976716,-0.22221864692489354,-0.13263927506073436,0.21284870252282181,-0.22032246934133637
19702,7769.85437,19703,7769.85637,0.5239583016798816,-0.6326840561661579,0.24161431382093385,-0.22221864692489354,-0.10938878798771336,0.02010588734399296,0.9333312472764561
19703,7769.85637,19704,7769.85837,-0.7506432181184401,-0.4341784187284774,-0.19492005369880339,-0.22221864692489354,-0.5868560935451127,-0.3267540379289676,0.5239583016798816
19704,7769.85837,19705,7769.86037,0.2572979069437197,0.3497978476422957,-0.09081668448449774,-0.22221864692489354,0.015959321974601655,0.41712870065275015,-0.7506432181184401
19705,7769.86037,19706,7769.86237,0.5233330658485874,-0.3924846526927655,0.03328868571940855,-0.22221864692489354,0.08123189322167389,0.21947532111276988,0.2572979069437197
19706,7769.86237,19707,7769.86437,0.3238095343950156,-0.4341784187284774,-0.19492005369880339,-0.22221864692489354,-0.5764804460842872,-0.4046033477577051,0.5233330658485874
19707,7769.86437,19708,7769.866370000001,-0.6425528420756742,-0.22414032461627648,0.4778661778225965,-0.22221864692489354,0.2975603279862103,-0.2264646908205313,0.3238095343950156
19708,7769.866370000001,19709,7769.86837,-0.5250353773085309,0.4079491298634614,-0.16977732784229826,-0.22221864692489354,0.05828607624277992,0.0409690264766767,-0.6425528420756742
19709,7769.86837,19710,7769.870370000001,0.7783811220069528,0.1887310599314789,-0.19492005369880339,-0.22221864692489354,0.4332112664445628,0.47266160416269526,-0.5250353773085309
19710,7769.870370000001,19711,7769.87237,-0.8421004437406973,-0.46320165830331783,-0.34364778258269746,-0.22221864692489354,0.5649208126543636,-0.4091344370330442,0.7783811220069528
19711,7769.87237,19712,7769.87437,0.37897227129385214,0.0579770049994011,-0.013089570749465922,-0.22221864692489354,0.14452173239574365,0.45920853767904907,-0.8421004437406973
19712,7769.87437,19713,7769.87637,0.5838967918881273,-0.5446492834181763,-0.1590935974930537,-0.22221864692489354,0.05367444264388437,-0.19734313698496606,0.37897227129385214
19713,7769.87637,19714,7769.87837,0.6546352243683606,-0.1367745355898586,0.5367221541580659,-0.22221864692489354,0.16386288494762946,-0.18855022265439364,0.5838967918881273
19714,7769.87837,19715,7769.88037,-0.7540907580881205,-0.16977732784229826,-0.43566271025191466,-0.22221864692489354,-0.5529747808922918,0.24819562790769067,0.6546352243683606
19715,7769.88037,19716,7769.88237,-0.12531300058954015,0.3497978476422957,-0.24241435958050994,-0.22221864692489354,0.46635731709271583,0.41712870065275015,-0.7540907580881205
19716,7769.88237,19717,7769.884370000001,0.5327776281962504,-0.19426091714379276,0.18806782997741056,-0.22221864692489354,-0.38891396788392346,0.16897845850712317,-0.12531300058954015
19717,7769.884370000001,19718,7769.88637,-0.39692403552793576,-0.4341784187284774,-0.19492005369880339,-0.22221864692489354,0.48223516054013216,-0.3267540379289676,0.5327776281962504
19718,7769.88637,19719,7769.888370000001,0.03774976412610959,-0.03904571359033493,0.025655330634945066,-0.22221864692489354,0.027392088297642836,-0.09118222407484311,-0.39692403552793576
19719,7769.888370000001,19720,7769.89037,-0.3703642557760489,-0.33386908533994497,-0.142219654779851,-0.22221864692489354,-0.4168168715325789,0.28425491436494743,0.03774976412610959
19720,7769.89037,19721,7769.8923700000005,-0.6266923567888618,0.18707215955255196,-0.1590935974930537,-0.22221864692489354,0.19614728644334012,-0.2040136003593252,-0.3703642557760489
19721,7769.8923700000005,19722,7769.89437,0.34609690019148237,0.19940262403523046,0.28830062542145124,-0.22221864692489354,0.2144947934294938,0.1629355851779203,-0.6266923567888618
19722,7769.89437,19723,7769.89637,0.3199845300612287,0.24358470153953493,-0.34398327944378826,-0.22221864692489354,-0.47132214088279684,-0.29284614965403966,0.34609690019148237
19723,7769.89637,19724,7769.89837,0.7699228508274206,0.011543669774703644,0.44738858858162417,-0.22221864692489354,0.46631165394971247,-0.29284614965403966,0.3199845300612287
19724,7769.89837,19725,7769.90037,-0.7317027323870874,-0.349079290883896,-0.32138433220463275,-0.22221864692489354,-0.2596027030620795,-0.49280804472495426,0.7699228508274206
19725,7769.90037,19726,7769.902370000001,0.542366611702252,-0.11114900749167592,-0.09081668448449774,-0.22221864692489354,-0.05274265302285741,0.34638009514734397,-0.7317027323870874
19726,7769.902370000001,19727,7769.90437,0.5487155715328984,-0.4341784187284774,0.0023266815309476974,-0.22221864692489354,-0.4089651934306513,-0.24794002233409962,0.542366611702252
19727,7769.90437,19728,7769.906370000001,-0.5500393375247157,-0.22776977648886657,-0.19492005369880339,-0.22221864692489354,-0.1314272696816102,-0.3267540379289676,0.5487155715328984
19728,7769.906370000001,19729,7769.90837,-0.4289778302159556,0.33431209940636736,-0.19492005369880339,-0.22221864692489354,-0.0569804584658305,0.36385926586707645,-0.5500393375247157
19729,7769.90837,19730,7769.9103700000005,0.4853986196471286,-0.3360041692109607,-0.5832876300759183,-0.22221864692489354,0.15145890217645686,-0.05625820086362428,-0.4289778302159556
19730,7769.9103700000005,19731,7769.91237,-0.2691585176033808,-0.4935637514578185,0.04278403570094096,-0.22221864692489354,0.04278403570094096,-0.09826717342661563,0.4853986196471286
19731,7769.91237,19732,7769.91437,0.4732513070602554,0.03328868571940855,-0.01570854725854441,-0.22221864692489354,0.1086381229611933,-0.171311823601295,-0.2691585176033808
19732,7769.91437,19733,7769.91637,-0.4854434195037878,-0.2707978394581285,-0.3111977571319168,-0.22221864692489354,-0.12232230808980064,-0.5134500205163743,0.4732513070602554
19733,7769.91637,19734,7769.91837,0.8849024135941959,-0.33912048824683566,0.04278403570094096,-0.22221864692489354,-0.19731325814367107,0.3986600833996137,-0.4854434195037878
19734,7769.91837,19735,7769.92037,0.07486941362773605,-0.45228617859521053,-0.21528747729291253,-0.22221864692489354,-0.1710051127658722,-0.28636182004630667,0.8849024135941959
19735,7769.92037,19736,7769.92237,-0.487099604837924,-0.33386908533994497,-0.142219654779851,-0.22221864692489354,-0.4168168715325789,0.28425491436494743,0.07486941362773605
19736,7769.92237,19737,7769.924370000001,0.2266097844787398,-0.3793708463931679,0.04278403570094096,-0.22221864692489354,0.21376026621161778,0.3997832400759384,-0.487099604837924
19737,7769.924370000001,19738,7769.92637,-0.5706967636917035,-0.3680243083006973,0.057427309036130976,-0.22221864692489354,0.1552991167024203,0.3033279162038353,0.2266097844787398
19738,7769.92637,19739,7769.9283700000005,-0.6069725780356701,0.4730698970504555,0.4142706294650885,-0.22221864692489354,0.1930613728267464,0.3611489968540988,-0.5706967636917035
19739,7769.9283700000005,19740,7769.93037,0.3389908353275206,0.44799338041210496,-0.21378965766165123,-0.22221864692489354,0.23507571868727375,0.40683511250520366,-0.6069725780356701
19740,7769.93037,19741,7769.93237,-0.5336104721929279,0.07077472253750312,0.1289028630940942,-0.22221864692489354,-0.2558335716872606,-0.40579262498731017,0.3389908353275206
19741,7769.93237,19742,7769.93437,0.3741769375461701,0.2738747223168975,-0.19492005369880339,-0.22221864692489354,0.3617068486321399,0.47266160416269526,-0.5336104721929279
19742,7769.93437,19743,7769.93637,-0.07995591171817094,0.07077472253750312,-0.1590935974930537,-0.22221864692489354,0.3361862214604613,-0.4836049776255281,0.3741769375461701
19743,7769.93637,19744,7769.93837,0.361427961642946,-0.26469932568774684,-0.142219654779851,-0.22221864692489354,-0.20898740935191218,0.2538024840754271,-0.07995591171817094
19744,7769.93837,19745,7769.94037,-0.13839217134027304,0.24347058211343803,-0.261061533451254,-0.22221864692489354,0.15274061296667202,-0.4836049776255281,0.361427961642946
19745,7769.94037,19746,7769.942370000001,0.5087999155329935,-0.1253451100184705,-0.11764148282154932,-0.22221864692489354,-0.04796656586543776,0.04382965985950285,-0.13839217134027304
19746,7769.942370000001,19747,7769.94437,0.16682447896792904,-0.37882276466544773,-0.4935637514578185,-0.22221864692489354,-0.36522428124586315,-0.09826717342661563,0.5087999155329935
19747,7769.94437,19748,7769.946370000001,-0.3201695219353358,-0.1451200351232795,-0.25979920808060847,-0.22221864692489354,0.24887692353116836,0.07911556141073157,0.16682447896792904
19748,7769.946370000001,19749,7769.94837,-0.6398308652378554,0.18707215955255196,0.44738858858162417,-0.22221864692489354,0.006421557793333383,-0.4840761201548569,-0.3201695219353358
19749,7769.94837,19750,7769.9503700000005,0.49260790907679347,0.4079491298634614,-0.4089410134347594,-0.22221864692489354,0.34393167186778606,0.0409690264766767,-0.6398308652378554
19750,7769.9503700000005,19751,7769.95237,-0.444825798865259,-0.49602694353394244,0.04278403570094096,-0.22221864692489354,-0.35356182294737065,-0.09826717342661563,0.49260790907679347
19751,7769.95237,19752,7769.95437,-0.5846678645289036,-0.33912048824683566,-0.2852952407927156,-0.22221864692489354,-0.2149352509251273,0.20996150728149343,-0.444825798865259
19752,7769.95437,19753,7769.95637,0.8838502565754417,0.44799338041210496,0.5122513585153673,-0.22221864692489354,0.332930289537298,0.23579476037952593,-0.5846678645289036
19753,7769.95637,19754,7769.95837,-0.35970220429257577,-0.45228617859521053,-0.22402396436481015,-0.22221864692489354,-0.23892375490899603,-0.28636182004630667,0.8838502565754417
19754,7769.95837,19755,7769.960370000001,-0.03887068339717482,0.12222568506445756,-0.261061533451254,-0.22221864692489354,-0.19973055642447976,-0.4840761201548569,-0.35970220429257577
19755,7769.960370000001,19756,7769.96237,0.46841000341045375,-0.26469932568774684,-0.142219654779851,-0.22221864692489354,-0.20898740935191218,0.2538024840754271,-0.03887068339717482
19756,7769.96237,19757,7769.964370000001,-0.38970307820302763,-0.10399106154996786,-0.1580064889391583,-0.22221864692489354,-0.11722075041733283,-0.4437754889272999,0.46841000341045375
19757,7769.964370000001,19758,7769.96637,0.38247925776368463,0.025655330634945066,0.06867010178033228,-0.22221864692489354,0.20682920957556514,-0.19740289198946717,-0.38970307820302763
19758,7769.96637,19759,7769.9683700000005,0.08458198010695224,-0.5446492834181763,0.06867010178033228,-0.22221864692489354,0.07486941362773791,-0.19734313698496606,0.38247925776368463
19759,7769.9683700000005,19760,7769.97037,-0.048694834871626055,-0.33386908533994497,-0.142219654779851,-0.22221864692489354,-0.4168168715325789,0.28425491436494743,0.08458198010695224
19760,7769.97037,19761,7769.97237,-0.04796656586545172,-0.26469932568774684,-0.142219654779851,-0.22221864692489354,-0.20898740935191218,0.2538024840754271,-0.048694834871626055
19761,7769.97237,19762,7769.97437,-0.5027861139925475,-0.26469932568774684,-0.142219654779851,-0.22221864692489354,-0.20898740935191218,0.2538024840754271,-0.04796656586545172
19762,7769.97437,19763,7769.97637,0.45828832044286416,-0.10621910965384766,-0.3793708463931679,-0.22221864692489354,-0.05260453624490309,0.3986600833996137,-0.5027861139925475
19763,7769.97637,19764,7769.978370000001,-0.8082129497892808,0.2012793281413575,-0.3111977571319168,-0.22221864692489354,0.3806153706477871,-0.4763528569243921,0.45828832044286416
19764,7769.978370000001,19765,7769.98037,0.508099436113763,0.19800024573023775,-0.20543721480030894,-0.22221864692489354,0.20318222170755654,0.3098637121101606,-0.8082129497892808
19765,7769.98037,19766,7769.982370000001,-0.20300397917842533,-0.37882276466544773,-0.4935637514578185,-0.22221864692489354,-0.41142848679368316,-0.09826717342661563,0.508099436113763
19766,7769.982370000001,19767,7769.98437,0.5546692178975344,-0.05790830952639997,-0.2839535651400084,-0.22221864692489354,0.5281094255390198,0.30327416721161743,-0.20300397917842533
19767,7769.98437,19768,7769.9863700000005,-0.3149502066122931,-0.1367745355898586,-0.14386003369658196,-0.22221864692489354,0.10040924282482916,-0.3267540379289676,0.5546692178975344
19768,7769.9863700000005,19769,7769.98837,-0.8111607022395861,0.12222568506445756,0.425368832305809,-0.22221864692489354,0.6041916533743555,-0.469457529295874,-0.3149502066122931
19769,7769.98837,19770,7769.99037,-0.19952188461975212,0.09869595454043296,0.0579770049994011,-0.22221864692489354,0.21517008228793383,0.34178760532952207,-0.8111607022395861
19770,7769.99037,19771,7769.99237,0.306145688809029,0.011795490982976716,0.1817451092119638,-0.22221864692489354,0.4033397087958505,0.21284870252282181,-0.19952188461975212
19771,7769.99237,19772,7769.99437,-0.3511565609193215,-0.3466117404736551,0.3022792894054063,-0.22221864692489354,-0.5469688829568208,-0.05384690103871762,0.306145688809029
19772,7769.99437,19773,7769.99637,1.0375690169006202,0.18707215955255196,-0.22326729252055358,-0.22221864692489354,-0.46925266490400475,-0.6070320847252332,-0.3511565609193215
19773,7769.99637,19774,7769.99837,0.3842405422198363,-0.4045790620607671,0.13972237993573028,-0.22221864692489354,-0.7071344335542963,0.23040375633204757,1.0375690169006202
19774,7769.99837,19775,7770.000370000001,-0.1962669358706597,-0.5446492834181763,0.22099383559682884,-0.22221864692489354,-0.17155712455613614,-0.21602088399978886,0.3842405422198363
19775,7770.000370000001,19776,7770.00237,-0.6446563346476596,0.011795490982976716,-0.25979920808060847,-0.22221864692489354,0.11589266444721937,0.30327416721161743,-0.1962669358706597
19776,7770.00237,19777,7770.004370000001,0.5116842177620158,0.29766843901634654,-0.4089410134347594,-0.22221864692489354,-0.024412940116088494,0.15775784096124995,-0.6446563346476596
19777,7770.004370000001,19778,7770.00637,-0.8325055125956214,-0.4935637514578185,-0.22776977648886657,-0.22221864692489354,-0.1777006450632734,-0.4046033477577051,0.5116842177620158
19778,7770.00637,19779,7770.0083700000005,0.9014846637442246,0.2001179742892834,-0.05257000406954908,-0.22221864692489354,0.24495311980479156,0.2716581023075879,-0.8325055125956214
19779,7770.0083700000005,19780,7770.01037,-0.3490022720270694,-0.4450124051964178,-0.21528747729291253,-0.22221864692489354,-0.3183445349839676,-0.36646129590696697,0.9014846637442246
19780,7770.01037,19781,7770.01237,-0.4252261042975778,0.18707215955255196,0.12222568506445756,-0.22221864692489354,-0.14703848585555968,-0.6070320847252332,-0.3490022720270694
19781,7770.01237,19782,7770.01437,-0.06587975049558095,-0.2852952407927156,-0.4612300397916861,-0.22221864692489354,-0.46345356189428083,0.20996150728149343,-0.4252261042975778
19782,7770.01437,19783,7770.01637,-0.49651442415516933,-0.26469932568774684,-0.142219654779851,-0.22221864692489354,-0.20898740935191218,0.2538024840754271,-0.06587975049558095
19783,7770.01637,19784,7770.018370000001,0.2118479666041353,-0.22303435517964126,-0.22303435517964126,-0.22221864692489354,-0.25965885129342464,0.3986600833996137,-0.49651442415516933
19784,7770.018370000001,19785,7770.02037,1.0160084231261342,0.057427309036130976,-0.05790830952639997,-0.22221864692489354,-0.008011498144168334,0.18912276188143587,0.2118479666041353
19785,7770.02037,19786,7770.022370000001,0.2447821698927047,-0.3699117898289583,-0.4045790620607671,-0.22221864692489354,-0.2707700767184926,0.15245940251003792,1.0160084231261342
19786,7770.022370000001,19787,7770.02437,-0.1935413632361626,0.057427309036130976,0.03328868571940855,-0.22221864692489354,0.21716392549354369,0.3033279162038353,0.2447821698927047
19787,7770.02437,19788,7770.0263700000005,-0.5904723686862113,0.011795490982976716,-0.2839535651400084,-0.22221864692489354,-0.29194956882699813,0.30327416721161743,-0.1935413632361626
19788,7770.0263700000005,19789,7770.02837,0.529139159186453,0.4560994046946216,0.3041338046050559,-0.22221864692489354,0.26041654401513353,0.23579476037952593,-0.5904723686862113
19789,7770.02837,19790,7770.03037,-0.11241835297286377,-0.4341784187284774,-0.19492005369880339,-0.22221864692489354,0.10241532752292622,-0.4046033477577051,0.529139159186453
19790,7770.03037,19791,7770.03237,-0.45376697479359845,-0.264447904458089,-0.1451200351232795,-0.22221864692489354,0.18939385030310388,0.17611489210839118,-0.11241835297286377
19791,7770.03237,19792,7770.03437,-0.8298264795661847,-0.33912048824683566,-0.2852952407927156,-0.22221864692489354,0.5645690533368718,0.7276848659227682,-0.45376697479359845
19792,7770.03437,19793,7770.036370000001,0.8402485041684408,0.19800024573023775,-0.05257000406954908,-0.22221864692489354,0.0579770049994011,0.2716581023075879,-0.8298264795661847
19793,7770.036370000001,19794,7770.03837,0.15095827638378317,-0.5540210687587266,-0.2130251990668944,-0.22221864692489354,-0.16438797337531547,-0.28636182004630667,0.8402485041684408
19794,7770.03837,19795,7770.040370000001,0.2508613886605031,-0.1451200351232795,-0.0468558017538685,-0.22221864692489354,-0.08237218244204984,0.07911556141073157,0.15095827638378317
19795,7770.040370000001,19796,7770.04237,0.9781140141247515,0.057427309036130976,0.14876508692177126,-0.22221864692489354,0.1628428078897294,0.3033279162038353,0.2508613886605031
19796,7770.04237,19797,7770.0443700000005,-0.7118608817687101,-0.6482031138510547,-0.6058412776143282,-0.22221864692489354,-0.21915380119768868,0.15245940251003792,0.9781140141247515
19797,7770.0443700000005,19798,7770.04637,-0.28277469151305834,0.23098172421311908,-0.40321812085722475,-0.22221864692489354,0.180712741354441,0.49320819589851683,-0.7118608817687101
19798,7770.04637,19799,7770.04837,0.3630748032469752,0.21947532111276988,0.21947532111276988,-0.22221864692489354,0.44014928743130477,-0.39253381448423247,-0.28277469151305834
19799,7770.04837,19800,7770.05037,-0.7186783415790362,0.24347058211343803,-0.261061533451254,-0.22221864692489354,0.23826432285676985,-0.4836049776255281,0.3630748032469752
19800,7770.05037,19801,7770.05237,0.15117733100748987,-0.11114900749167592,-0.22486726958948416,-0.22221864692489354,0.0785100716182828,0.5613353537402885,-0.7186783415790362
19801,7770.05237,19802,7770.05437,-0.6040722978938111,-0.1451200351232795,-0.0468558017538685,-0.22221864692489354,-0.08237218244204984,0.07911556141073157,0.15117733100748987
19802,7770.05437,19803,7770.05637,-0.11332868530699927,0.4560994046946216,-0.2585071819480077,-0.22221864692489354,-0.49770996096069037,0.23579476037952593,-0.6040722978938111
19803,7770.05637,19804,7770.058370000001,-0.23573725606668175,-0.264447904458089,-0.11764148282154932,-0.22221864692489354,0.06144000412287354,0.17611489210839118,-0.11332868530699927
19804,7770.058370000001,19805,7770.06037,0.9523848432529262,0.011795490982976716,0.11043225500122787,-0.22221864692489354,-0.09104931604700245,-0.018749422511174247,-0.23573725606668175
19805,7770.06037,19806,7770.062370000001,0.6386016323931694,-0.6482031138510547,-0.41729656837337764,-0.22221864692489354,-0.25295497851591414,0.03641703850535831,0.9523848432529262
19806,7770.062370000001,19807,7770.06437,-0.07564585049685839,-0.49283027954691044,-0.16977732784229826,-0.22221864692489354,-0.09981651361885727,0.07006236307115508,0.6386016323931694
19807,7770.06437,19808,7770.0663700000005,-0.7590950811220104,-0.26469932568774684,-0.142219654779851,-0.22221864692489354,-0.20898740935191218,0.2538024840754271,-0.07564585049685839
19808,7770.0663700000005,19809,7770.06837,-0.6424571235645893,0.3497978476422957,-0.349079290883896,-0.22221864692489354,0.08166803970670669,0.41712870065275015,-0.7590950811220104
19809,7770.06837,19810,7770.07037,-0.5038862241145009,0.4079491298634614,-0.16977732784229826,-0.22221864692489354,-0.08805420581770855,0.0409690264766767,-0.6424571235645893
19810,7770.07037,19811,7770.07237,0.06880601751278766,0.1887310599314789,-0.3793708463931679,-0.22221864692489354,0.09938821281336421,0.3997832400759384,-0.5038862241145009
19811,7770.07237,19812,7770.07437,0.6511302048180199,-0.33386908533994497,-0.142219654779851,-0.22221864692489354,-0.4168168715325789,0.28425491436494743,0.06880601751278766
19812,7770.07437,19813,7770.076370000001,0.6469460187176981,-0.16977732784229826,-0.4089410134347594,-0.22221864692489354,-0.17678609450109892,0.24819562790769067,0.6511302048180199
19813,7770.076370000001,19814,7770.07837,-0.4211736553667075,-0.49283027954691044,-0.43566271025191466,-0.22221864692489354,0.024022155522242548,0.2567067988803972,0.6469460187176981
19814,7770.07837,19815,7770.080370000001,0.019142272643902357,-0.2852952407927156,-0.586228480579486,-0.22221864692489354,-0.22753788570839076,0.042191029666294615,-0.4211736553667075
19815,7770.080370000001,19816,7770.08237,0.7050505755084946,-0.33386908533994497,-0.142219654779851,-0.22221864692489354,-0.4168168715325789,0.28425491436494743,0.019142272643902357
19816,7770.08237,19817,7770.0843700000005,0.5769506927680031,-0.14480518357318112,-0.11433558754392475,-0.22221864692489354,-0.07124934708449454,0.2513427364435679,0.7050505755084946
19817,7770.0843700000005,19818,7770.08637,-0.8706802206221008,-0.04128339852111738,0.49903666098945154,-0.22221864692489354,-0.03029176853583338,-0.24794002233409962,0.5769506927680031
19818,7770.08637,19819,7770.08837,0.1421565095141445,-0.22402396436481015,-0.4450124051964178,-0.22221864692489354,-0.1674711601304771,0.4043361726471263,-0.8706802206221008
19819,7770.08837,19820,7770.09037,-0.4283614243168726,-0.11764148282154932,-0.11764148282154932,-0.22221864692489354,0.22588410557430794,0.07911556141073157,0.1421565095141445
19820,7770.09037,19821,7770.09237,-0.28933675366684497,-0.3360041692109607,-0.5832876300759183,-0.22221864692489354,0.15145890217645686,-0.05625820086362428,-0.4283614243168726
19821,7770.09237,19822,7770.094370000001,0.17471001144485937,0.24637656706444025,0.37204663762147455,-0.22221864692489354,-0.09224485285252441,-0.44561863539592267,-0.28933675366684497
19822,7770.094370000001,19823,7770.09637,0.6746514332279276,-0.3284851404962956,-0.25979920808060847,-0.22221864692489354,0.08815418748781446,0.18912276188143587,0.17471001144485937
19823,7770.09637,19824,7770.098370000001,0.4225819550182439,-0.540651181947749,0.003959394191598462,-0.22221864692489354,-0.39376207444016076,0.2567067988803972,0.6746514332279276
19824,7770.098370000001,19825,7770.10037,-0.7271045389889834,-0.18444244836309,-0.586228480579486,-0.22221864692489354,-0.2410996604857718,-0.34776916289481696,0.4225819550182439
19825,7770.10037,19826,7770.1023700000005,0.6389859299979543,0.08448164062495879,0.08448164062495879,-0.22221864692489354,-0.08598567673795962,0.0527081256167263,-0.7271045389889834
19826,7770.1023700000005,19827,7770.10437,0.5699354232843395,-0.49283027954691044,-0.16977732784229826,-0.22221864692489354,-0.40540444506104056,0.07006236307115508,0.6389859299979543
19827,7770.10437,19828,7770.10637,-1.2111173756711173,-0.04128339852111738,0.20026694120400818,-0.22221864692489354,0.21660722233379348,-0.24794002233409962,0.5699354232843395
19828,7770.10637,19829,7770.10837,-0.42612970449222143,0.4883957812993733,0.09806921242428263,-0.22221864692489354,0.4872561291050971,0.5204389578696991,-1.2111173756711173
19829,7770.10837,19830,7770.11037,0.7709672197529894,-0.3360041692109607,-0.5832876300759183,-0.22221864692489354,-0.5554631506221019,-0.10448296967144763,-0.42612970449222143
19830,7770.11037,19831,7770.11237,-1.0367820571691153,-0.349079290883896,-0.4550377844702846,-0.22221864692489354,-0.23158823118488148,-0.4830662570737806,0.7709672197529894
19831,7770.11237,19832,7770.11437,0.23703030396031258,0.21827640291959524,0.19701442061940258,-0.22221864692489354,0.6541622903716725,0.3611236325594171,-1.0367820571691153
19832,7770.11437,19833,7770.116370000001,1.0037448376571811,-0.3284851404962956,0.11043225500122787,-0.22221864692489354,0.05229370372931928,0.3033279162038353,0.23703030396031258
19833,7770.116370000001,19834,7770.11837,0.5289676105305448,-0.5427897219922647,-0.3699117898289583,-0.22221864692489354,-0.3699117898289583,0.03641703850535831,1.0037448376571811
19834,7770.11837,19835,7770.120370000001,-0.8510293532383782,-0.4341784187284774,-0.19492005369880339,-0.22221864692489354,0.10241532752292622,-0.4046033477577051,0.5289676105305448
19835,7770.120370000001,19836,7770.12237,0.7745636205102117,0.0579770049994011,-0.3836207254178327,-0.22221864692489354,0.5659960148752675,0.3577698856724587,-0.8510293532383782
19836,7770.12237,19837,7770.12437,-0.4301621593135963,-0.349079290883896,-0.11323118932863557,-0.22221864692489354,0.1367745355898586,-0.2963973956432763,0.7745636205102117
19837,7770.12437,19838,7770.12637,0.3568532719863898,-0.38854385795705143,-0.4612300397916861,-0.22221864692489354,-0.18483583344676652,-0.05625820086362428,-0.4301621593135963
19838,7770.12637,19839,7770.12837,-0.6567134808929929,0.24347058211343803,-0.2277407930818674,-0.22221864692489354,0.07053732576158991,-0.4836049776255281,0.3568532719863898
19839,7770.12837,19840,7770.13037,0.1838369382022873,0.23098172421311908,-0.43566271025191466,-0.22221864692489354,-0.1464727683220858,0.15775784096124995,-0.6567134808929929
19840,7770.13037,19841,7770.13237,-0.28107246997801333,-0.3680243083006973,-0.25979920808060847,-0.22221864692489354,-0.5068943395054263,0.2949621506605914,0.1838369382022873
19841,7770.13237,19842,7770.134370000001,0.4159048130976188,0.21947532111276988,-0.22414032461627648,-0.22221864692489354,-0.4750409660303071,-0.3460196512825826,-0.28107246997801333
19842,7770.134370000001,19843,7770.13637,-0.4084089055494246,-0.2256517770607452,-0.586228480579486,-0.22221864692489354,0.4518229797356602,-0.3234408610880635,0.4159048130976188
19843,7770.13637,19844,7770.138370000001,0.4664942940123103,-0.1590935974930537,-0.586228480579486,-0.22221864692489354,0.2940132167842976,-0.10448296967144763,-0.4084089055494246
19844,7770.138370000001,19845,7770.14037,0.1554549114898394,-0.10399106154996786,-0.3055559555122169,-0.22221864692489354,-0.11722075041733283,-0.4093036519968823,0.4664942940123103
19845,7770.14037,19846,7770.1423700000005,0.24594974559738414,-0.1451200351232795,-0.1253451100184705,-0.22221864692489354,-0.2137014807198618,0.07911556141073157,0.1554549114898394
19846,7770.1423700000005,19847,7770.14437,-0.4710494879682605,0.057427309036130976,0.11043225500122787,-0.22221864692489354,-0.41048735567775374,0.3033279162038353,0.24594974559738414
19847,7770.14437,19848,7770.14637,0.3129825918425783,-0.33912048824683566,-0.1580064889391583,-0.22221864692489354,0.20860341312808164,0.3997832400759384,-0.4710494879682605
19848,7770.14637,19849,7770.14837,-1.146000485518003,-0.22414032461627648,0.3575917210223996,-0.22221864692489354,-0.16685528279377265,-0.2264646908205313,0.3129825918425783
19849,7770.14837,19850,7770.15037,0.6170578249097101,0.45554565649745477,0.25535438122807297,-0.22221864692489354,0.42296352518409,0.46674536964446656,-1.146000485518003
19850,7770.15037,19851,7770.152370000001,-0.39319726222519924,-0.42710372668664515,-0.2585071819480077,-0.22221864692489354,0.20431035387802993,-0.15086438113950212,0.6170578249097101
19851,7770.152370000001,19852,7770.15437,0.05457090169092429,0.025655330634945066,0.06867010178033228,-0.22221864692489354,-0.12944662820096836,-0.09118222407484311,-0.39319726222519924
19852,7770.15437,19853,7770.156370000001,0.869674000266436,-0.33386908533994497,-0.142219654779851,-0.22221864692489354,-0.4168168715325789,0.28425491436494743,0.05457090169092429
19853,7770.156370000001,19854,7770.15837,-0.5951600816030397,-0.45228617859521053,-0.4450124051964178,-0.22221864692489354,0.1332765830932684,-0.28636182004630667,0.869674000266436
19854,7770.15837,19855,7770.1603700000005,0.7165828727060052,0.4881277446660977,-0.1367745355898586,-0.22221864692489354,0.4152322373474386,0.40683511250520366,-0.5951600816030397
19855,7770.1603700000005,19856,7770.16237,0.44218625796740973,-0.24241435958050994,-0.40321812085722475,-0.22221864692489354,-0.1754432389004157,0.14152483745726482,0.7165828727060052
19856,7770.16237,19857,7770.16437,0.39361476287593217,-0.2256517770607452,-0.3055559555122169,-0.22221864692489354,-0.5362325997492183,-0.40416611494856935,0.44218625796740973
19857,7770.16437,19858,7770.16637,-0.4310140085877992,-0.4612300397916861,0.06867010178033228,-0.22221864692489354,0.04337669028782873,-0.3234408610880635,0.39361476287593217
19858,7770.16637,19859,7770.16837,0.03205574853107807,-0.38854385795705143,-0.4612300397916861,-0.22221864692489354,0.040444853347769295,-0.05625820086362428,-0.4310140085877992
19859,7770.16837,19860,7770.17037,-0.6680486621250508,-0.33386908533994497,-0.142219654779851,-0.22221864692489354,-0.4168168715325789,0.28425491436494743,0.03205574853107807
19860,7770.17037,19861,7770.17237,-0.6118009242121751,0.003959394191598462,-0.3877785297543843,-0.22221864692489354,0.013412829197409055,0.03314785552517815,-0.6680486621250508
19861,7770.17237,19862,7770.174370000001,-0.3559103204785122,0.44799338041210496,-0.21378965766165123,-0.22221864692489354,0.597325495983012,0.4353801578601097,-0.6118009242121751
19862,7770.174370000001,19863,7770.17637,0.36320137110650846,0.22099383559682884,-0.2277407930818674,-0.22221864692489354,-0.02199473125630049,-0.4840761201548569,-0.3559103204785122
19863,7770.17637,19864,7770.1783700000005,0.9223650573945464,0.24347058211343803,-0.261061533451254,-0.22221864692489354,0.14750967278412802,-0.4836049776255281,0.36320137110650846
19864,7770.1783700000005,19865,7770.18037,-0.2708533626251827,-0.5942765296670074,0.24161431382093385,-0.22221864692489354,-0.16485105783475865,0.02010588734399296,0.9223650573945464
19865,7770.18037,19866,7770.18237,-0.027462912335352863,0.03328868571940855,0.24637656706444025,-0.22221864692489354,0.1086381229611933,-0.171311823601295,-0.2708533626251827
19866,7770.18237,19867,7770.18437,0.6073890505198012,-0.26469932568774684,-0.142219654779851,-0.22221864692489354,-0.20898740935191218,0.2538024840754271,-0.027462912335352863
19867,7770.18437,19868,7770.18637,-1.0418413178269772,-0.1367745355898586,-0.21378965766165123,-0.22221864692489354,-0.31593256408353876,-0.15086438113950212,0.6073890505198012
19868,7770.18637,19869,7770.18837,0.581437566015821,0.21827640291959524,0.13867736503625425,-0.22221864692489354,0.37904701622680653,0.3611236325594171,-1.0418413178269772
19869,7770.18837,19870,7770.19037,-0.9626254379256984,-0.11540633830732888,0.5367221541580659,-0.22221864692489354,0.38861789090174553,-0.20585205420414715,0.581437566015821
19870,7770.19037,19871,7770.192370000001,-0.7847612337700266,-0.2109641318826023,-0.6326840561661579,-0.22221864692489354,-0.31784141696570384,0.03096244753518709,-0.9626254379256984
19871,7770.192370000001,19872,7770.19437,0.556444248904553,0.23860842861534076,-0.34364778258269746,-0.22221864692489354,-0.09128189350464584,0.3098637121101606,-0.7847612337700266
19872,7770.19437,19873,7770.196370000001,0.9329590477159379,-0.1367745355898586,-0.04128339852111738,-0.22221864692489354,-0.1268530913742558,-0.3267540379289676,0.556444248904553
19873,7770.196370000001,19874,7770.19837,0.2727393183650192,-0.6326840561661579,0.24161431382093385,-0.22221864692489354,-0.10938878798771336,0.02010588734399296,0.9329590477159379
19874,7770.19837,19875,7770.2003700000005,-0.2121424046712109,-0.3924846526927655,0.24637656706444025,-0.22221864692489354,-0.3638592658670793,0.013771882736142901,0.2727393183650192
19875,7770.2003700000005,19876,7770.20237,0.3497465392790169,-0.05790830952639997,-0.05790830952639997,-0.22221864692489354,0.41712870065275015,0.31985237205293277,-0.2121424046712109
19876,7770.20237,19877,7770.20437,0.19785094074466594,0.07077472253750312,0.12222568506445756,-0.22221864692489354,-0.32963754627062253,-0.44155453861695204,0.3497465392790169
19877,7770.20437,19878,7770.20637,-0.4636596176445309,-0.3284851404962956,-0.25979920808060847,-0.22221864692489354,0.23708773396750557,0.23826432285676985,0.19785094074466594
19878,7770.20637,19879,7770.20837,0.952117998688304,-0.3360041692109607,-0.2852952407927156,-0.22221864692489354,0.001890840896441542,0.4755840261875662,-0.4636596176445309
19879,7770.20837,19880,7770.210370000001,-0.8349405273969055,-0.6482031138510547,-0.41729656837337764,-0.22221864692489354,-0.24728651110880231,0.03641703850535831,0.952117998688304
19880,7770.210370000001,19881,7770.21237,-0.8293342793419008,0.2001179742892834,-0.013089570749465922,-0.22221864692489354,0.19800024573023775,0.3577698856724587,-0.8349405273969055
19881,7770.21237,19882,7770.214370000001,-0.8247340085844065,0.19800024573023775,-0.05257000406954908,-0.22221864692489354,0.0579770049994011,0.2716581023075879,-0.8293342793419008
19882,7770.214370000001,19883,7770.21637,0.6344031823465001,0.0807619841739891,-0.013089570749465922,-0.22221864692489354,-0.2517106696536901,0.27776959347548325,-0.8247340085844065
19883,7770.21637,19884,7770.2183700000005,0.6153479356358881,-0.49283027954691044,0.1358853078889796,-0.22221864692489354,-0.37580293382691626,0.2567067988803972,0.6344031823465001
19884,7770.2183700000005,19885,7770.22037,0.42522610429757257,-0.42710372668664515,-0.21378965766165123,-0.22221864692489354,-0.020177229285952926,-0.20585205420414715,0.6153479356358881
19885,7770.22037,19886,7770.22237,0.954292812406372,-0.2256517770607452,-0.4612300397916861,-0.22221864692489354,-0.12614751084466375,-0.34776916289481696,0.42522610429757257
19886,7770.22237,19887,7770.22437,-0.6960365419137016,-0.6326840561661579,-0.4457817884455007,-0.22221864692489354,-0.19014648833480682,0.03641703850535831,0.954292812406372
19887,7770.22437,19888,7770.22637,-0.14625268060051907,-0.11114900749167592,-0.14480518357318112,-0.22221864692489354,0.504765441667568,0.22553559255963004,-0.6960365419137016
19888,7770.22637,19889,7770.228370000001,0.16777895661787665,-0.03932569819300731,-0.0468558017538685,-0.22221864692489354,-0.04716832888550849,0.04382965985950285,-0.14625268060051907
19889,7770.228370000001,19890,7770.23037,-0.6604058855251899,-0.1451200351232795,-0.1253451100184705,-0.22221864692489354,0.29252021326307487,0.07911556141073157,0.16777895661787665
19890,7770.23037,19891,7770.232370000001,-0.6271395796396787,0.19940262403523046,-0.540651181947749,-0.22221864692489354,0.47433907656040064,0.22553559255963004,-0.6604058855251899
19891,7770.232370000001,19892,7770.23437,0.21010901513655508,0.19940262403523046,0.28830062542145124,-0.22221864692489354,0.2144947934294938,0.1629355851779203,-0.6271395796396787
19892,7770.23437,19893,7770.2363700000005,0.34961825685225545,0.057427309036130976,-0.05790830952639997,-0.22221864692489354,-0.008011498144168334,0.18912276188143587,0.21010901513655508
19893,7770.2363700000005,19894,7770.23837,0.9763195545493637,0.07077472253750312,0.12222568506445756,-0.22221864692489354,-0.3631254323131386,-0.44155453861695204,0.34961825685225545
19894,7770.23837,19895,7770.24037,-0.43245576541704195,-0.6482031138510547,-0.6058412776143282,-0.22221864692489354,-0.5415198536762617,0.08608586542674336,0.9763195545493637
19895,7770.24037,19896,7770.24237,0.34496331769213734,-0.5242815461956132,-0.4612300397916861,-0.22221864692489354,-0.18483583344676652,0.001890840896441542,-0.43245576541704195
19896,7770.24237,19897,7770.24437,0.4484118682820636,0.24358470153953493,-0.2277407930818674,-0.22221864692489354,-0.14382851331076607,-0.29284614965403966,0.34496331769213734
19897,7770.24437,19898,7770.24637,-0.8101574983756291,-0.2256517770607452,-0.2852952407927156,-0.22221864692489354,0.1743431960100469,-0.42434549781223985,0.4484118682820636
19898,7770.24637,19899,7770.24837,0.24757069890199834,0.09869595454043296,0.0579770049994011,-0.22221864692489354,0.21953376817436218,0.34178760532952207,-0.8101574983756291
19899,7770.24837,19900,7770.250370000001,-0.37390150718448634,0.057427309036130976,0.11043225500122787,-0.22221864692489354,-0.34571059595921416,0.3033279162038353,0.24757069890199834
19900,7770.250370000001,19901,7770.25237,-0.6405408267954424,0.12222568506445756,-0.1590935974930537,-0.22221864692489354,0.013771882736142901,-0.22064361378610747,-0.37390150718448634
19901,7770.25237,19902,7770.254370000001,-0.7640405803547864,0.4079491298634614,-0.4089410134347594,-0.22221864692489354,0.28830062542145124,0.0409690264766767,-0.6405408267954424
19902,7770.254370000001,19903,7770.25637,0.26746079520455757,0.2478548059554514,-0.349079290883896,-0.22221864692489354,0.07375434145489482,0.4004418971711687,-0.7640405803547864
19903,7770.25637,19904,7770.2583700000005,0.35937194071382883,-0.3924846526927655,-0.01570854725854441,-0.22221864692489354,0.42291583687486584,0.013771882736142901,0.26746079520455757
19904,7770.2583700000005,19905,7770.26037,0.740974968365968,0.24347058211343803,-0.2277407930818674,-0.22221864692489354,0.08190280904690711,-0.4836049776255281,0.35937194071382883
19905,7770.26037,19906,7770.26237,0.5030502508169601,-0.5447970547107047,-0.09081668448449774,-0.22221864692489354,-0.14486816181421797,0.09091639035226247,0.740974968365968
19906,7770.26237,19907,7770.26437,-0.013915468061969461,-0.3111977571319168,-0.3793708463931679,-0.22221864692489354,0.0013094244041687924,-0.4046033477577051,0.5030502508169601
19907,7770.26437,19908,7770.26637,-0.34674040913915055,-0.26469932568774684,-0.142219654779851,-0.22221864692489354,-0.20898740935191218,0.2538024840754271,-0.013915468061969461
19908,7770.26637,19909,7770.268370000001,0.322043936729696,0.06867010178033228,-0.2277407930818674,-0.22221864692489354,0.1587831156226986,-0.6070320847252332,-0.34674040913915055
19909,7770.268370000001,19910,7770.27037,0.6864459786686844,0.011543669774703644,0.44738858858162417,-0.22221864692489354,0.2975603279862103,-0.29284614965403966,0.322043936729696
19910,7770.27037,19911,7770.272370000001,-1.1172902672984173,-0.49283027954691044,0.03771471514515023,-0.22221864692489354,-0.5106145004801281,0.3015257504279363,0.6864459786686844
19911,7770.272370000001,19912,7770.27437,0.07682622936685762,0.45939247955393303,0.1794359902082422,-0.22221864692489354,-0.15760240457327848,0.458518454151563,-1.1172902672984173
19912,7770.27437,19913,7770.2763700000005,-0.31651621136492986,-0.33386908533994497,-0.142219654779851,-0.22221864692489354,-0.4168168715325789,0.28425491436494743,0.07682622936685762
19913,7770.2763700000005,19914,7770.27837,0.05021901418845684,0.12222568506445756,0.44738858858162417,-0.22221864692489354,0.3575917210223996,-0.469457529295874,-0.31651621136492986
19914,7770.27837,19915,7770.28037,0.4472256974972192,-0.33386908533994497,-0.142219654779851,-0.22221864692489354,-0.4168168715325789,0.28425491436494743,0.05021901418845684
19915,7770.28037,19916,7770.28237,0.48768085722960586,-0.2256517770607452,-0.3055559555122169,-0.22221864692489354,-0.2264646908205313,-0.42434549781223985,0.4472256974972192
19916,7770.28237,19917,7770.28437,0.5443114384435738,-0.4935637514578185,0.04278403570094096,-0.22221864692489354,0.04278403570094096,-0.01756994527594832,0.48768085722960586
19917,7770.28437,19918,7770.286370000001,-0.12367405107828745,-0.37882276466544773,0.0023266815309476974,-0.22221864692489354,-0.26748864996980365,-0.3267540379289676,0.5443114384435738
19918,7770.286370000001,19919,7770.28837,0.05512216962108515,-0.264447904458089,-0.11764148282154932,-0.22221864692489354,-0.38891396788392346,0.17611489210839118,-0.12367405107828745
19919,7770.28837,19920,7770.290370000001,-0.4457351760046382,-0.33386908533994497,-0.142219654779851,-0.22221864692489354,-0.4168168715325789,0.28425491436494743,0.05512216962108515
19920,7770.290370000001,19921,7770.29237,-0.04595239654995574,-0.33912048824683566,-0.3055559555122169,-0.22221864692489354,-0.3229139490438286,0.20996150728149343,-0.4457351760046382
19921,7770.29237,19922,7770.2943700000005,-0.7113249090547602,-0.26469932568774684,-0.142219654779851,-0.22221864692489354,-0.20898740935191218,0.2538024840754271,-0.04595239654995574
19922,7770.2943700000005,19923,7770.29637,0.5345919102917522,0.23098172421311908,-0.3862955833629926,-0.22221864692489354,0.15252190055700302,0.49320819589851683,-0.7113249090547602
19923,7770.29637,19924,7770.29837,0.02852467141581747,-0.4341784187284774,-0.19492005369880339,-0.22221864692489354,0.48223516054013216,-0.3267540379289676,0.5345919102917522
19924,7770.29837,19925,7770.30037,0.51710251609795,-0.33386908533994497,-0.142219654779851,-0.22221864692489354,-0.4168168715325789,0.28425491436494743,0.02852467141581747
19925,7770.30037,19926,7770.30237,0.7459070968388283,-0.4935637514578185,0.1887310599314789,-0.22221864692489354,0.17281334839043086,-0.4046033477577051,0.51710251609795
19926,7770.30237,19927,7770.30437,-0.7357045201808831,-0.5447970547107047,-0.09081668448449774,-0.22221864692489354,-0.24181438527569216,0.017534181815475017,0.7459070968388283
19927,7770.30437,19928,7770.30637,0.6560715717577283,0.31058431744980514,-0.24241435958050994,-0.22221864692489354,0.01621003381847506,0.34638009514734397,-0.7357045201808831
19928,7770.30637,19929,7770.308370000001,-1.0523412418501474,-0.16977732784229826,-0.43566271025191466,-0.22221864692489354,-0.07091035253905996,0.24819562790769067,0.6560715717577283
19929,7770.308370000001,19930,7770.31037,0.3957976611097713,0.25400013206500477,0.30970350704733635,-0.22221864692489354,0.26734936838399725,0.4905597772804365,-1.0523412418501474
19930,7770.31037,19931,7770.312370000001,-0.3141795755868218,-0.4612300397916861,0.025655330634945066,-0.22221864692489354,0.08675353362046224,-0.21602088399978886,0.3957976611097713
19931,7770.312370000001,19932,7770.31437,-0.5755597581631301,0.12222568506445756,0.425368832305809,-0.22221864692489354,0.5577161555804676,-0.469457529295874,-0.3141795755868218
19932,7770.31437,19933,7770.3163700000005,0.24802523145152608,0.23507571868727375,0.3041338046050559,-0.22221864692489354,0.07894740657336129,0.40683511250520366,-0.5755597581631301
19933,7770.3163700000005,19934,7770.31837,0.9054220540827752,0.057427309036130976,0.11043225500122787,-0.22221864692489354,-0.41048735567775374,0.3033279162038353,0.24802523145152608
19934,7770.31837,19935,7770.32037,0.49943432801483234,-0.48059340101518805,-0.21528747729291253,-0.22221864692489354,0.13658405335174936,-0.2615379975362791,0.9054220540827752
19935,7770.32037,19936,7770.32237,-0.045152549521523554,-0.22776977648886657,-0.33912048824683566,-0.22221864692489354,0.3642639091542572,-0.09826717342661563,0.49943432801483234
19936,7770.32237,19937,7770.32437,-0.10284233404948229,-0.26469932568774684,-0.142219654779851,-0.22221864692489354,-0.20898740935191218,0.2538024840754271,-0.045152549521523554
19937,7770.32437,19938,7770.326370000001,-0.9409309673188792,-0.264447904458089,-0.03932569819300731,-0.22221864692489354,0.062295333733497174,0.17611489210839118,-0.10284233404948229
19938,7770.326370000001,19939,7770.32837,-0.39312356754223243,0.2650902997767296,-0.3445507870687826,-0.22221864692489354,0.29368766062298457,-0.1109861543034674,-0.9409309673188792
19939,7770.32837,19940,7770.330370000001,0.4613677207850363,0.025655330634945066,0.06867010178033228,-0.22221864692489354,-0.12944662820096836,-0.09118222407484311,-0.39312356754223243
19940,7770.330370000001,19941,7770.33237,0.3521295976386165,-0.10399106154996786,-0.3055559555122169,-0.22221864692489354,-0.3111977571319168,-0.4437754889272999,0.4613677207850363
19941,7770.33237,19942,7770.3343700000005,-0.9284818138212433,0.07077472253750312,-0.22326729252055358,-0.22221864692489354,0.05715234770083208,-0.44155453861695204,0.3521295976386165
19942,7770.3343700000005,19943,7770.33637,0.6561659960059417,0.24161431382093385,0.2650902997767296,-0.22221864692489354,0.6213882356192868,0.00775872212043541,-0.9284818138212433
19943,7770.33637,19944,7770.33837,0.5482108184305733,-0.16977732784229826,-0.43566271025191466,-0.22221864692489354,-0.07091035253905996,0.24819562790769067,0.6561659960059417
19944,7770.33837,19945,7770.34037,0.45950742604646044,-0.37882276466544773,-0.14386003369658196,-0.22221864692489354,-0.1562957841783241,-0.3267540379289676,0.5482108184305733
19945,7770.34037,19946,7770.34237,0.4670648293039966,-0.10399106154996786,-0.3111977571319168,-0.22221864692489354,0.2012793281413575,-0.4763528569243921,0.45950742604646044
19946,7770.34237,19947,7770.344370000001,-0.13804349077568215,-0.10399106154996786,-0.3055559555122169,-0.22221864692489354,-0.11722075041733283,-0.4093036519968823,0.4670648293039966
19947,7770.344370000001,19948,7770.34637,0.25012476124732497,-0.1253451100184705,-0.11764148282154932,-0.22221864692489354,-0.04796656586543776,0.04382965985950285,-0.13804349077568215
19948,7770.34637,19949,7770.348370000001,-1.051985388051467,0.057427309036130976,0.14876508692177126,-0.22221864692489354,-0.24555121446397962,0.3033279162038353,0.25012476124732497
19949,7770.348370000001,19950,7770.35037,0.6194506866967611,0.25400013206500477,0.30970350704733635,-0.22221864692489354,0.3105843174498007,0.4905597772804365,-1.051985388051467
19950,7770.35037,19951,7770.3523700000005,-0.7510726643970237,-0.4773469377075341,-0.11540633830732888,-0.22221864692489354,0.3031397820905364,0.0586293767370659,0.6194506866967611
19951,7770.3523700000005,19952,7770.35437,0.07490318429117616,0.3497978476422957,-0.09081668448449774,-0.22221864692489354,0.015959321974601655,0.41712870065275015,-0.7510726643970237
19952,7770.35437,19953,7770.35637,0.978209810707622,-0.33386908533994497,-0.142219654779851,-0.22221864692489354,-0.4168168715325789,0.28425491436494743,0.07490318429117616
19953,7770.35637,19954,7770.35837,-0.6959276608480083,-0.6482031138510547,-0.6058412776143282,-0.22221864692489354,-0.21915380119768868,0.15245940251003792,0.978209810707622
19954,7770.35837,19955,7770.36037,-0.4074407106730082,-0.11114900749167592,-0.14480518357318112,-0.22221864692489354,0.504765441667568,0.22553559255963004,-0.6959276608480083
19955,7770.36037,19956,7770.36237,0.4182073589065995,-0.1590935974930537,-0.38854385795705143,-0.22221864692489354,0.3151892472636318,-0.10448296967144763,-0.4074407106730082
19956,7770.36237,19957,7770.36437,0.1862265701566024,-0.2256517770607452,-0.586228480579486,-0.22221864692489354,-0.3448086386508403,-0.3234408610880635,0.4182073589065995
19957,7770.36437,19958,7770.366370000001,-0.7526171457584004,-0.3680243083006973,-0.25979920808060847,-0.22221864692489354,-0.6367356910424943,0.23826432285676985,0.1862265701566024
19958,7770.366370000001,19959,7770.36837,0.8818330342378835,0.3497978476422957,-0.24241435958050994,-0.22221864692489354,0.049145402421067075,0.41712870065275015,-0.7526171457584004
19959,7770.36837,19960,7770.370370000001,-0.5523255322177278,-0.45228617859521053,-0.21528747729291253,-0.22221864692489354,-0.23892375490899603,-0.28636182004630667,0.8818330342378835
19960,7770.370370000001,19961,7770.37237,0.3417358843126796,0.3045365053903889,-0.19492005369880339,-0.22221864692489354,-0.043376690287828604,0.3611489968540988,-0.5523255322177278
19961,7770.37237,19962,7770.37437,0.28565089362458645,0.24358470153953493,0.12222568506445756,-0.22221864692489354,-0.35810067868810985,-0.29284614965403966,0.3417358843126796
19962,7770.37437,19963,7770.37637,-0.17367035138118334,-0.22414032461627648,0.24637656706444025,-0.22221864692489354,-0.33738174100405194,0.21947532111276988,0.28565089362458645
19963,7770.37637,19964,7770.37837,0.030291768535841222,0.2666247912545009,-0.2137014807198618,-0.22221864692489354,0.1060554515679536,0.14244063181491506,-0.17367035138118334
19964,7770.37837,19965,7770.38037,0.17318072532328865,-0.33386908533994497,-0.142219654779851,-0.22221864692489354,-0.4168168715325789,0.28425491436494743,0.030291768535841222
19965,7770.38037,19966,7770.38237,0.179922563827303,-0.2137014807198618,-0.2137014807198618,-0.22221864692489354,0.08815418748781446,0.18912276188143587,0.17318072532328865
19966,7770.38237,19967,7770.384370000001,-0.5560686228567294,-0.3680243083006973,-0.3284851404962956,-0.22221864692489354,-0.09055075355848605,0.23826432285676985,0.179922563827303
19967,7770.384370000001,19968,7770.38637,-0.3031666605595397,0.33431209940636736,-0.04128339852111738,-0.22221864692489354,0.35177122057090693,0.3611489968540988,-0.5560686228567294
19968,7770.38637,19969,7770.388370000001,-0.39218963117864014,0.24637656706444025,0.3022792894054063,-0.22221864692489354,0.2653415595667152,-0.39817136066672254,-0.3031666605595397
19969,7770.388370000001,19970,7770.39037,0.7431757993311661,0.025655330634945066,0.06867010178033228,-0.22221864692489354,-0.20925316653999462,-0.09118222407484311,-0.39218963117864014
19970,7770.39037,19971,7770.3923700000005,-0.2519087314779189,-0.5447970547107047,0.0810640939092567,-0.22221864692489354,-0.14486816181421797,0.09091639035226247,0.7431757993311661
19971,7770.3923700000005,19972,7770.39437,-0.24307106153281227,0.03328868571940855,0.14876508692177126,-0.22221864692489354,-0.025371491711627073,-0.08755414746714527,-0.2519087314779189
19972,7770.39437,19973,7770.39637,0.3195615629406215,0.03328868571940855,0.1188056649534898,-0.22221864692489354,0.44384554392049824,-0.018749422511174247,-0.24307106153281227
19973,7770.39637,19974,7770.39837,0.24896205285686213,0.011543669774703644,0.44738858858162417,-0.22221864692489354,0.028984417149159787,-0.29284614965403966,0.3195615629406215
19974,7770.39837,19975,7770.40037,0.31694046825882166,0.057427309036130976,0.11043225500122787,-0.22221864692489354,0.14876508692177126,0.3033279162038353,0.24896205285686213
19975,7770.40037,19976,7770.402370000001,-0.07284108393736802,-0.22414032461627648,0.44738858858162417,-0.22221864692489354,-0.2432993785519809,-0.2264646908205313,0.31694046825882166
19976,7770.402370000001,19977,7770.40437,-0.14870235363232884,-0.26469932568774684,-0.142219654779851,-0.22221864692489354,-0.20898740935191218,0.2538024840754271,-0.07284108393736802
19977,7770.40437,19978,7770.406370000001,-0.5911174779739666,-0.03932569819300731,-0.0468558017538685,-0.22221864692489354,0.32961136997325763,0.04382965985950285,-0.14870235363232884
19978,7770.406370000001,19979,7770.40837,-0.5186204606591757,0.4560994046946216,0.2858970407397554,-0.22221864692489354,0.26041654401513353,0.3611489968540988,-0.5911174779739666
19979,7770.40837,19980,7770.4103700000005,-0.13384981326087775,0.1887310599314789,0.1887310599314789,-0.22221864692489354,0.10553156563213101,0.47266160416269526,-0.5186204606591757
19980,7770.4103700000005,19981,7770.41237,-0.4548761347187531,-0.1253451100184705,0.18806782997741056,-0.22221864692489354,0.06198749934596607,0.04382965985950285,-0.13384981326087775
19981,7770.41237,19982,7770.41437,0.4952730966621824,-0.33912048824683566,-0.3111977571319168,-0.22221864692489354,0.1279745808296435,0.7276848659227682,-0.4548761347187531
19982,7770.41437,19983,7770.41637,0.6194115055820435,-0.4935637514578185,0.04278403570094096,-0.22221864692489354,-0.48171818461295457,-0.4437754889272999,0.4952730966621824
19983,7770.41637,19984,7770.41837,-0.6207623676961004,-0.4773469377075341,-0.11540633830732888,-0.22221864692489354,0.3031397820905364,0.0586293767370659,0.6194115055820435
19984,7770.41837,19985,7770.42037,0.6027982855785557,0.28830062542145124,-0.11540633830732888,-0.22221864692489354,0.645343790515243,0.40683511250520366,-0.6207623676961004
19985,7770.42037,19986,7770.42237,0.9708478479723963,-0.1367745355898586,-0.2585071819480077,-0.22221864692489354,0.26843525063072204,-0.15086438113950212,0.6027982855785557
19986,7770.42237,19987,7770.424370000001,0.3764775712349094,-0.6326840561661579,-0.6326840561661579,-0.22221864692489354,-0.13126768587583504,0.07750010654455093,0.9708478479723963
19987,7770.424370000001,19988,7770.42637,-0.7245329831905349,-0.18444244836309,-0.1590935974930537,-0.22221864692489354,-0.1339771531311562,-0.3234408610880635,0.3764775712349094
19988,7770.42637,19989,7770.4283700000005,-0.3418651818393874,-0.11114900749167592,-0.22486726958948416,-0.22221864692489354,0.35995617899805926,0.28824606260599483,-0.7245329831905349
19989,7770.4283700000005,19990,7770.43037,-0.6348469707631902,0.12222568506445756,0.12222568506445756,-0.22221864692489354,0.08045978314085042,-0.4840761201548569,-0.3418651818393874
19990,7770.43037,19991,7770.43237,-0.4593005128458113,0.28830062542145124,0.1358853078889796,-0.22221864692489354,-0.30959668941164603,0.0533639425637558,-0.6348469707631902
19991,7770.43237,19992,7770.43437,-0.4240835462717797,-0.2852952407927156,-0.3111977571319168,-0.22221864692489354,0.031315255893349866,0.4755840261875662,-0.4593005128458113
19992,7770.43437,19993,7770.43637,0.3851324040403783,-0.3360041692109607,-0.586228480579486,-0.22221864692489354,-0.3767273214859622,0.33683613764414877,-0.4240835462717797
19993,7770.43637,19994,7770.43837,0.7644812583280173,-0.5446492834181763,0.22099383559682884,-0.22221864692489354,-0.09307424661326547,-0.21602088399978886,0.3851324040403783
19994,7770.43837,19995,7770.44037,0.08965271421723074,-0.46320165830331783,-0.32138433220463275,-0.22221864692489354,-0.46320165830331783,-0.4830662570737806,0.7644812583280173
19995,7770.44037,19996,7770.442370000001,-0.3344684104656946,-0.33386908533994497,-0.142219654779851,-0.22221864692489354,-0.4168168715325789,0.28425491436494743,0.08965271421723074
19996,7770.442370000001,19997,7770.44437,0.8253879317478081,0.12222568506445756,0.011543669774703644,-0.22221864692489354,0.16265722748648379,-0.3163835941642779,-0.3344684104656946
19997,7770.44437,19998,7770.446370000001,-0.1339771531311527,-0.34364778258269746,-0.013089570749465922,-0.22221864692489354,0.04089915259900027,-0.18159335723510206,0.8253879317478081
19998,7770.446370000001,19999,7770.44837,-0.10119900231831976,-0.1253451100184705,0.18806782997741056,-0.22221864692489354,0.06198749934596607,0.04382965985950285,-0.1339771531311527
19999,7770.44837,20000,7770.4503700000005,-0.14540331678583165,-0.264447904458089,-0.33386908533994497,-0.22221864692489354,0.18320075768734675,0.17611489210839118,-0.10119900231831976
20000,7770.4503700000005,20001,7770.45237,-0.9196118713804686,-0.03932569819300731,-0.0468558017538685,-0.22221864692489354,-0.19297134897036355,0.04382965985950285,-0.14540331678583165
20001,7770.45237,20002,7770.45437,-0.28884608989797556,0.24161431382093385,-0.022955602520112153,-0.22221864692489354,0.4384368979956184,0.00775872212043541,-0.9196118713804686
20002,7770.45437,20003,7770.45637,0.7072421012917579,0.24637656706444025,0.37204663762147455,-0.22221864692489354,0.1697773278423017,-0.44561863539592267,-0.28884608989797556
20003,7770.45637,20004,7770.45837,0.1321929176485761,-0.3877785297543843,-0.22486726958948416,-0.22221864692489354,-0.2840357602987605,0.2513427364435679,0.7072421012917579
20004,7770.45837,20005,7770.460370000001,-0.3488225382892826,-0.11764148282154932,0.18806782997741056,-0.22221864692489354,-0.1771825024405471,0.06598197385371023,0.1321929176485761
20005,7770.460370000001,20006,7770.46237,0.7525828498533272,0.12222568506445756,0.12222568506445756,-0.22221864692489354,-0.14703848585555968,-0.6650771694277327,-0.3488225382892826
20006,7770.46237,20007,7770.464370000001,0.4737500149637766,-0.5875237651159813,-0.24241435958050994,-0.22221864692489354,0.00021835650425435912,0.017534181815475017,0.7525828498533272
20007,7770.464370000001,20008,7770.46637,-0.04609143509862129,-0.2707978394581285,0.04278403570094096,-0.22221864692489354,-0.10116610812249076,-0.5134500205163743,0.4737500149637766
20008,7770.46637,20009,7770.4683700000005,-1.3101951868683193,-0.26469932568774684,-0.142219654779851,-0.22221864692489354,-0.20898740935191218,0.2538024840754271,-0.04609143509862129
20009,7770.4683700000005,20010,7770.47037,0.8372435854865147,0.5677304416072702,-0.5411385785180731,-0.22221864692489354,0.381286770292549,0.2897999373819561,-1.3101951868683193
20010,7770.47037,20011,7770.47237,-0.09390295305000892,-0.5540210687587266,-0.013089570749465922,-0.22221864692489354,-0.07351765106172604,-0.28636182004630667,0.8372435854865147
20011,7770.47237,20012,7770.47437,-0.551969313579537,-0.26469932568774684,-0.142219654779851,-0.22221864692489354,-0.4274835757012398,0.2538024840754271,-0.09390295305000892
20012,7770.47437,20013,7770.47637,0.4776856031431901,0.3045365053903889,-0.19492005369880339,-0.22221864692489354,0.14404913515007164,0.3611489968540988,-0.551969313579537
20013,7770.47637,20014,7770.478370000001,0.9024446330989315,-0.2707978394581285,-0.33912048824683566,-0.22221864692489354,-0.4511509600595891,-0.5134500205163743,0.4776856031431901
20014,7770.478370000001,20015,7770.48037,-0.4174644079191738,-0.4450124051964178,-0.21528747729291253,-0.22221864692489354,0.30327416721161743,-0.36646129590696697,0.9024446330989315
20015,7770.48037,20016,7770.482370000001,-0.25909722706142235,-0.2852952407927156,-0.586228480579486,-0.22221864692489354,0.2530115012380589,0.042191029666294615,-0.4174644079191738
20016,7770.482370000001,20017,7770.48437,0.36714226290638613,0.03328868571940855,0.14876508692177126,-0.22221864692489354,-0.2534353198500423,-0.2532375601838979,-0.25909722706142235
20017,7770.48437,20018,7770.4863700000005,-0.32775109930460783,0.24347058211343803,-0.22608734875547484,-0.22221864692489354,-0.019142272643902357,-0.4836049776255281,0.36714226290638613
20018,7770.4863700000005,20019,7770.48837,-0.13216102735119192,0.12222568506445756,0.18707215955255196,-0.22221864692489354,0.320486571265585,-0.3163835941642779,-0.32775109930460783
20019,7770.48837,20020,7770.49037,-0.4824823154513413,-0.1253451100184705,0.18806782997741056,-0.22221864692489354,0.38051586568489626,0.11062778390754271,-0.13216102735119192
20020,7770.49037,20021,7770.49237,-0.15865889587781026,-0.2852952407927156,-0.33912048824683566,-0.22221864692489354,0.34147723909487643,0.3986600833996137,-0.4824823154513413
20021,7770.49237,20022,7770.49437,-0.3794953685396044,0.18595462164382995,-0.1253451100184705,-0.22221864692489354,0.35838049502866415,0.04382965985950285,-0.15865889587781026
20022,7770.49437,20023,7770.49637,0.8065895991625,0.06867010178033228,-0.03904571359033493,-0.22221864692489354,-0.013771882736146887,-0.2040136003593252,-0.3794953685396044
20023,7770.49637,20024,7770.49837,0.2620422416010751,-0.2924387125634771,-0.20543721480030894,-0.22221864692489354,-0.1996113207251661,-0.32164822622632444,0.8065895991625
20024,7770.49837,20025,7770.500370000001,0.3857760321445876,-0.5154735859446425,0.03328868571940855,-0.22221864692489354,0.04233059213817072,0.3033279162038353,0.2620422416010751
20025,7770.500370000001,20026,7770.50237,0.770495704327381,-0.5446492834181763,0.24347058211343803,-0.22221864692489354,0.27619689735760444,-0.19734313698496606,0.3857760321445876
20026,7770.50237,20027,7770.504370000001,-1.0417000576576156,-0.349079290883896,-0.32138433220463275,-0.22221864692489354,-0.23158823118488148,-0.49280804472495426,0.770495704327381
20027,7770.504370000001,20028,7770.50637,0.1282307447759711,0.21827640291959524,0.13867736503625425,-0.22221864692489354,0.37904701622680653,0.3611236325594171,-1.0417000576576156
20028,7770.50637,20029,7770.5083700000005,-0.3798190535719878,-0.11764148282154932,0.18806782997741056,-0.22221864692489354,0.09247715245368396,0.06598197385371023,0.1282307447759711
20029,7770.5083700000005,20030,7770.51037,-0.639216437692176,0.06867010178033228,-0.03904571359033493,-0.22221864692489354,0.07026594613374956,-0.2040136003593252,-0.3798190535719878
20030,7770.51037,20031,7770.51237,-0.37337547483390215,0.28830062542145124,-0.16977732784229826,-0.22221864692489354,0.28830062542145124,0.0409690264766767,-0.639216437692176
20031,7770.51237,20032,7770.51437,0.6825544231948661,0.12222568506445756,0.06867010178033228,-0.22221864692489354,0.013771882736142901,-0.22064361378610747,-0.37337547483390215
20032,7770.51437,20033,7770.51637,0.13728231091020196,-0.5999258094856524,0.0878208763721414,-0.22221864692489354,-0.32138433220463275,0.3015257504279363,0.6825544231948661
20033,7770.51637,20034,7770.518370000001,0.5968046209011126,-0.0468558017538685,-0.11764148282154932,-0.22221864692489354,0.024945582210957846,0.04431724389033626,0.13728231091020196
20034,7770.518370000001,20035,7770.52037,0.12422066609809225,-0.04128339852111738,-0.1367745355898586,-0.22221864692489354,-0.10363017507765014,-0.15086438113950212,0.5968046209011126
20035,7770.52037,20036,7770.522370000001,0.6787399808308873,-0.0468558017538685,-0.11764148282154932,-0.22221864692489354,0.09247715245368396,0.14970561431342108,0.12422066609809225
20036,7770.522370000001,20037,7770.52437,-0.033816622379260745,-0.49283027954691044,0.03771471514515023,-0.22221864692489354,0.09094962343248005,0.3015257504279363,0.6787399808308873
20037,7770.52437,20038,7770.5263700000005,-0.6193527310314119,-0.26469932568774684,-0.142219654779851,-0.22221864692489354,-0.20898740935191218,0.2538024840754271,-0.033816622379260745
20038,7770.5263700000005,20039,7770.52837,-0.4958939530204017,0.28830062542145124,-0.11540633830732888,-0.22221864692489354,0.645343790515243,0.40683511250520366,-0.6193527310314119
20039,7770.52837,20040,7770.53037,0.22689990865392284,-0.33912048824683566,0.04278403570094096,-0.22221864692489354,-0.25965885129342464,0.3986600833996137,-0.4958939530204017
20040,7770.53037,20041,7770.53237,-0.7688267755100615,-0.3680243083006973,0.057427309036130976,-0.22221864692489354,0.1552991167024203,0.3033279162038353,0.22689990865392284
20041,7770.53237,20042,7770.53437,-0.3984890576109544,0.23860842861534076,-0.32138433220463275,-0.22221864692489354,0.364440889118062,0.34638009514734397,-0.7688267755100615
20042,7770.53437,20043,7770.536370000001,0.9301344098503096,-0.03904571359033493,0.06867010178033228,-0.22221864692489354,0.32467801263896107,-0.09118222407484311,-0.3984890576109544
20043,7770.536370000001,20044,7770.53837,-0.26307794548238134,-0.6633350250260738,0.2650902997767296,-0.22221864692489354,0.12038807150997183,0.02010588734399296,0.9301344098503096
20044,7770.53837,20045,7770.540370000001,0.5931307663528264,0.1188056649534898,0.03328868571940855,-0.22221864692489354,-0.09509508512047082,-0.171311823601295,-0.26307794548238134
20045,7770.540370000001,20046,7770.54237,0.3554002465067368,-0.11540633830732888,0.13598062011603174,-0.22221864692489354,-0.4722304474078446,-0.15086438113950212,0.5931307663528264
20046,7770.54237,20047,7770.5443700000005,-0.06656104225106367,0.07077472253750312,-0.2277407930818674,-0.22221864692489354,0.26072506912731835,-0.44155453861695204,0.3554002465067368
20047,7770.5443700000005,20048,7770.54637,-0.613240951288918,-0.26469932568774684,-0.142219654779851,-0.22221864692489354,-0.20898740935191218,0.2538024840754271,-0.06656104225106367
20048,7770.54637,20049,7770.54837,-0.44115658456369233,0.44799338041210496,-0.21378965766165123,-0.22221864692489354,0.4881277446660977,0.4353801578601097,-0.613240951288918
20049,7770.54837,20050,7770.55037,0.5998459005817668,-0.3360041692109607,-0.3055559555122169,-0.22221864692489354,-0.18649844473346408,0.20996150728149343,-0.44115658456369233
20050,7770.55037,20051,7770.55237,-0.87367762866481,-0.11540633830732888,-0.2585071819480077,-0.22221864692489354,-0.008589032090340124,-0.15086438113950212,0.5998459005817668
20051,7770.55237,20052,7770.55437,0.4338246910243758,-0.22402396436481015,-0.21528747729291253,-0.22221864692489354,0.6871968463223446,0.45920853767904907,-0.87367762866481
20052,7770.55437,20053,7770.55637,0.060001401374332776,-0.2256517770607452,-0.4612300397916861,-0.22221864692489354,-0.32866856663503685,-0.34776916289481696,0.4338246910243758
20053,7770.55637,20054,7770.558370000001,0.16512880561070656,-0.33386908533994497,-0.142219654779851,-0.22221864692489354,-0.4168168715325789,0.28425491436494743,0.060001401374332776
20054,7770.558370000001,20055,7770.56037,0.3304748262065,-0.2137014807198618,-0.25979920808060847,-0.22221864692489354,0.23225207892836824,0.18912276188143587,0.16512880561070656
20055,7770.56037,20056,7770.562370000001,0.1922508662157674,0.425368832305809,0.1289028630940942,-0.22221864692489354,0.3471520376502371,-0.40579262498731017,0.3304748262065
20056,7770.562370000001,20057,7770.56437,-0.12669277587300204,-0.3680243083006973,-0.2839535651400084,-0.22221864692489354,-0.22846512636478014,0.23826432285676985,0.1922508662157674
20057,7770.56437,20058,7770.5663700000005,-0.4513363899096868,-0.1253451100184705,0.18806782997741056,-0.22221864692489354,-0.3890866389829097,0.14244063181491506,-0.12669277587300204
20058,7770.5663700000005,20059,7770.56837,0.3035428832878347,-0.3793708463931679,-0.3055559555122169,-0.22221864692489354,0.6370244663484379,0.4000760301231742,-0.4513363899096868
20059,7770.56837,20060,7770.57037,0.13225669519251923,-0.22414032461627648,0.3022792894054063,-0.22221864692489354,-0.42093476382233175,-0.021068574384631857,0.3035428832878347
20060,7770.57037,20061,7770.57237,-0.5010013632185875,-0.11764148282154932,0.18806782997741056,-0.22221864692489354,-0.1771825024405471,0.06598197385371023,0.13225669519251923
20061,7770.57237,20062,7770.57437,-0.6017220737399954,-0.10621910965384766,-0.3793708463931679,-0.22221864692489354,0.4686605985752822,0.3986600833996137,-0.5010013632185875
20062,7770.57437,20063,7770.576370000001,0.6583352965501229,0.4560994046946216,-0.42710372668664515,-0.22221864692489354,-0.3741268649408833,0.23579476037952593,-0.6017220737399954
20063,7770.576370000001,20064,7770.57837,-0.2269579233896772,-0.3877785297543843,-0.43566271025191466,-0.22221864692489354,-0.3805407428538747,0.2386084286153376,0.6583352965501229
20064,7770.57837,20065,7770.580370000001,0.5802158685190245,0.011795490982976716,0.057427309036130976,-0.22221864692489354,-0.3114910083570058,0.01290993755996567,-0.2269579233896772
20065,7770.580370000001,20066,7770.58237,0.717790967084288,-0.04128339852111738,0.5122513585153673,-0.22221864692489354,-0.20119004109833694,-0.24794002233409962,0.5802158685190245
20066,7770.58237,20067,7770.5843700000005,-0.6147182746481562,-0.24241435958050994,-0.3862955833629926,-0.22221864692489354,-0.06502748255916112,0.14152483745726482,0.717790967084288
20067,7770.5843700000005,20068,7770.58637,-0.15299051144671233,0.44799338041210496,-0.21378965766165123,-0.22221864692489354,0.4881277446660977,0.4353801578601097,-0.6147182746481562
20068,7770.58637,20069,7770.58837,-0.44043049569131204,-0.03932569819300731,-0.1253451100184705,-0.22221864692489354,-0.04723776609693227,0.04382965985950285,-0.15299051144671233
20069,7770.58837,20070,7770.59037,0.6807872154746687,-0.3360041692109607,-0.3055559555122169,-0.22221864692489354,-0.18649844473346408,0.20996150728149343,-0.44043049569131204
20070,7770.59037,20071,7770.59237,-0.6410394173287091,-0.5677304416072702,0.03771471514515023,-0.22221864692489354,-0.136234741651023,0.3015257504279363,0.6807872154746687
20071,7770.59237,20072,7770.594370000001,-0.317603009526266,0.4079491298634614,-0.4089410134347594,-0.22221864692489354,-0.08805420581770855,0.0409690264766767,-0.6410394173287091
20072,7770.594370000001,20073,7770.59637,-0.36673878288578154,0.18707215955255196,0.480863464481744,-0.22221864692489354,0.2557772082558403,-0.4840761201548569,-0.317603009526266
20073,7770.59637,20074,7770.598370000001,0.24918902896858855,0.18707215955255196,-0.22608734875547484,-0.22221864692489354,0.14656707680520342,-0.2040136003593252,-0.36673878288578154
20074,7770.598370000001,20075,7770.60037,0.7887220287859126,0.057427309036130976,0.11043225500122787,-0.22221864692489354,0.14876508692177126,0.3033279162038353,0.24918902896858855
20075,7770.60037,20076,7770.6023700000005,0.40715006932238346,-0.32138433220463275,-0.20543721480030894,-0.22221864692489354,0.12058166361201846,-0.4091344370330442,0.7887220287859126
20076,7770.6023700000005,20077,7770.60437,0.5803584768251876,-0.18444244836309,-0.38854385795705143,-0.22221864692489354,-0.37129368223615256,-0.3234408610880635,0.40715006932238346
20077,7770.60437,20078,7770.60637,-0.8470430508559533,-0.04128339852111738,0.5122513585153673,-0.22221864692489354,0.09813520377944165,-0.24794002233409962,0.5803584768251876
20078,7770.60637,20079,7770.60837,0.2034198290032186,0.0807619841739891,-0.22221864692489354,-0.22221864692489354,-0.11323118932863377,0.4043361726471263,-0.8470430508559533
20079,7770.60837,20080,7770.61037,-0.6583352965501187,-0.3284851404962956,-0.2839535651400084,-0.22221864692489354,0.21979673768602168,0.23826432285676985,0.2034198290032186
20080,7770.61037,20081,7770.61237,-0.2576636559595599,0.23098172421311908,-0.43566271025191466,-0.22221864692489354,0.5727104905876198,0.15775784096124995,-0.6583352965501187
20081,7770.61237,20082,7770.61437,0.5469267564086597,0.03328868571940855,0.03328868571940855,-0.22221864692489354,-0.24463968930543858,-0.2532375601838979,-0.2576636559595599
20082,7770.61437,20083,7770.616370000001,0.6640284998310663,-0.37882276466544773,-0.14386003369658196,-0.22221864692489354,-0.1562957841783241,-0.3267540379289676,0.5469267564086597
20083,7770.616370000001,20084,7770.61837,-0.5819258274081195,-0.3877785297543843,-0.540651181947749,-0.22221864692489354,-0.2146416341516268,0.24819562790769067,0.6640284998310663
20084,7770.61837,20085,7770.620370000001,0.2709366415959021,0.44799338041210496,0.5367221541580659,-0.22221864692489354,-0.11867637829246261,0.40683511250520366,-0.5819258274081195
20085,7770.620370000001,20086,7770.62237,-0.1301818400869775,-0.5154735859446425,0.24637656706444025,-0.22221864692489354,-0.3753279160048151,0.013771882736142901,0.2709366415959021
20086,7770.62237,20087,7770.62437,0.570182408013704,-0.1253451100184705,0.18806782997741056,-0.22221864692489354,-0.27074231320807796,0.14244063181491506,-0.1301818400869775
20087,7770.62437,20088,7770.62637,-0.9213516073794672,-0.04128339852111738,0.20026694120400818,-0.22221864692489354,0.12241892178003846,-0.24794002233409962,0.570182408013704
20088,7770.62637,20089,7770.62837,0.28971821466707665,0.24161431382093385,0.05742730903612716,-0.22221864692489354,0.06553893047933983,0.00775872212043541,-0.9213516073794672
20089,7770.62837,20090,7770.63037,0.2078349780378173,0.011543669774703644,0.37204663762147455,-0.22221864692489354,-0.38349671594334916,0.013771882736142901,0.28971821466707665
20090,7770.63037,20091,7770.63237,-0.6052850819780476,-0.3284851404962956,-0.05790830952639997,-0.22221864692489354,0.1811986942873156,0.23826432285676985,0.2078349780378173
20091,7770.63237,20092,7770.634370000001,-0.23106839059095455,0.4560994046946216,-0.2585071819480077,-0.22221864692489354,-0.2190660960040199,0.40683511250520366,-0.6052850819780476
20092,7770.634370000001,20093,7770.63637,0.6759852854792587,0.011795490982976716,0.11043225500122787,-0.22221864692489354,0.20582242852460797,-0.018749422511174247,-0.23106839059095455
20093,7770.63637,20094,7770.638370000001,0.17699956445602014,-0.540651181947749,0.03771471514515023,-0.22221864692489354,-0.2782381647551293,0.3015257504279363,0.6759852854792587
20094,7770.638370000001,20095,7770.64037,0.2696033451010612,-0.3284851404962956,-0.25979920808060847,-0.22221864692489354,0.08815418748781446,0.23826432285676985,0.17699956445602014
20095,7770.64037,20096,7770.6423700000005,0.4538363333426551,-0.3924846526927655,-0.01570854725854441,-0.22221864692489354,0.20836703444833757,0.013771882736142901,0.2696033451010612
20096,7770.6423700000005,20097,7770.64437,0.6922186331236557,0.2012793281413575,-0.2852952407927156,-0.22221864692489354,0.043934162167356385,-0.4093036519968823,0.4538363333426551
20097,7770.64437,20098,7770.64637,-0.9220177045094721,-0.3877785297543843,0.027639950487542052,-0.22221864692489354,0.025229542032553665,0.3015257504279363,0.6922186331236557
20098,7770.64637,20099,7770.64837,-0.3302132515254417,0.24161431382093385,0.05742730903612716,-0.22221864692489354,-0.1543950279777969,0.00775872212043541,-0.9220177045094721
20099,7770.64837,20100,7770.65037,-0.2927918342990799,0.12222568506445756,0.1289028630940942,-0.22221864692489354,0.23562223751982134,-0.3163835941642779,-0.3302132515254417
20100,7770.65037,20101,7770.652370000001,-0.42909632626425176,0.26136985966282844,0.425368832305809,-0.22221864692489354,-0.173670351381181,-0.469457529295874,-0.2927918342990799
20101,7770.652370000001,20102,7770.65437,-0.12122670007894336,-0.3360041692109607,-0.5832876300759183,-0.22221864692489354,0.15145890217645686,-0.05625820086362428,-0.42909632626425176
20102,7770.65437,20103,7770.656370000001,0.9632507201915239,-0.26469932568774684,-0.03932569819300731,-0.22221864692489354,0.3352495994750328,0.2439554997582549,-0.12122670007894336
20103,7770.656370000001,20104,7770.65837,-0.9612206014415249,-0.6326840561661579,-0.6326840561661579,-0.22221864692489354,-0.16305927484070942,-0.2615379975362791,0.9632507201915239
20104,7770.65837,20105,7770.6603700000005,1.0514386516093048,-0.2109641318826023,-0.6326840561661579,-0.22221864692489354,0.051913666066468786,0.17522943642255087,-0.9612206014415249
20105,7770.6603700000005,20106,7770.66237,0.925716596170769,-0.11095358048304305,0.30970350704733635,-0.22221864692489354,-0.4431214055550756,-0.11993621080448057,1.0514386516093048
20106,7770.66237,20107,7770.66437,-0.7974006232199734,-0.6326840561661579,0.2650902997767296,-0.22221864692489354,-0.13877241152990322,0.16377019365590556,0.925716596170769
20107,7770.66437,20108,7770.66637,-0.8460908407982839,0.21953376817436218,0.09869595454043296,-0.22221864692489354,0.4770307464543631,0.34178760532952207,-0.7974006232199734
20108,7770.66637,20109,7770.66837,0.8130188231642419,0.0807619841739891,-0.22221864692489354,-0.22221864692489354,-0.03880066274106036,0.4043361726471263,-0.8460908407982839
20109,7770.66837,20110,7770.67037,-0.2743727854151868,-0.29246588020138925,0.0579770049994011,-0.22221864692489354,0.2501247612473234,-0.2963973956432763,0.8130188231642419
20110,7770.67037,20111,7770.67237,-0.8055980596756876,0.011795490982976716,0.24637656706444025,-0.22221864692489354,0.16349206821954448,-0.08755414746714527,-0.2743727854151868
20111,7770.67237,20112,7770.674370000001,0.0937372666939002,0.19800024573023775,-0.05257000406954908,-0.22221864692489354,0.20318222170755654,0.34178760532952207,-0.8055980596756876
20112,7770.674370000001,20113,7770.67637,0.5939952357129756,-0.33386908533994497,-0.142219654779851,-0.22221864692489354,0.04869483487163231,0.28425491436494743,0.0937372666939002
20113,7770.67637,20114,7770.6783700000005,0.560525292318264,-0.11540633830732888,0.11770619517515846,-0.22221864692489354,-0.4773469377075341,-0.15086438113950212,0.5939952357129756
20114,7770.6783700000005,20115,7770.68037,-0.6722014069453037,-0.1367745355898586,-0.04128339852111738,-0.22221864692489354,-0.08394632661705966,-0.3267540379289676,0.560525292318264
20115,7770.68037,20116,7770.68237,0.28469307846441066,-0.26075311214530905,0.003959394191598462,-0.22221864692489354,0.4102941936141814,0.03314785552517815,-0.6722014069453037
20116,7770.68237,20117,7770.68437,-0.03131525589335085,-0.22414032461627648,0.21947532111276988,-0.22221864692489354,-0.4582422873450523,0.21947532111276988,0.28469307846441066
20117,7770.68437,20118,7770.68637,0.3689055763765219,-0.26469932568774684,-0.142219654779851,-0.22221864692489354,-0.20898740935191218,0.2538024840754271,-0.03131525589335085
20118,7770.68637,20119,7770.68837,-0.2181886207364032,-0.18444244836309,-0.22608734875547484,-0.22221864692489354,-0.019142272643902357,-0.44155453861695204,0.3689055763765219
20119,7770.68837,20120,7770.69037,-0.7848940667659419,0.011795490982976716,-0.05790830952639997,-0.22221864692489354,-0.13263927506073436,0.21284870252282181,-0.2181886207364032
20120,7770.69037,20121,7770.692370000001,0.2633576814134838,0.23860842861534076,-0.34364778258269746,-0.22221864692489354,0.1039582590700965,0.3098637121101606,-0.7848940667659419
20121,7770.692370000001,20122,7770.69437,-0.7326303356494532,-0.3924846526927655,-0.01570854725854441,-0.22221864692489354,0.33548383722742386,0.3033279162038353,0.2633576814134838
20122,7770.69437,20123,7770.696370000001,0.28038526974206834,0.08448164062495879,-0.09081668448449774,-0.22221864692489354,-0.05274265302285741,0.0527081256167263,-0.7326303356494532
20123,7770.696370000001,20124,7770.69837,0.4349561795237656,-0.38349671594334916,0.21947532111276988,-0.22221864692489354,-0.2374322447655841,0.34359615768916374,0.28038526974206834
20124,7770.69837,20125,7770.7003700000005,0.3915747233339492,-0.2256517770607452,-0.3360041692109607,-0.22221864692489354,-0.32866856663503685,-0.34776916289481696,0.4349561795237656
20125,7770.7003700000005,20126,7770.70237,0.38178381289933566,-0.4612300397916861,0.06867010178033228,-0.22221864692489354,-0.07998951104619226,-0.21602088399978886,0.3915747233339492
20126,7770.70237,20127,7770.70437,1.0164958520798404,-0.5446492834181763,0.06867010178033228,-0.22221864692489354,0.07486941362773791,-0.19734313698496606,0.38178381289933566
20127,7770.70437,20128,7770.70637,-1.0411091170171076,-0.3699117898289583,-0.4045790620607671,-0.22221864692489354,-0.2746493799846285,0.15245940251003792,1.0164958520798404
20128,7770.70637,20129,7770.70837,-0.5176665930877152,0.21827640291959524,0.13867736503625425,-0.22221864692489354,0.4221525144772249,0.3611236325594171,-1.0411091170171076
20129,7770.70837,20130,7770.710370000001,-0.3497208841101481,0.1887310599314789,0.1887310599314789,-0.22221864692489354,0.21622614152539313,0.47266160416269526,-0.5176665930877152
20130,7770.710370000001,20131,7770.71237,-0.4259870850481862,0.18707215955255196,0.12222568506445756,-0.22221864692489354,-0.14703848585555968,-0.6070320847252332,-0.3497208841101481
20131,7770.71237,20132,7770.714370000001,0.2802752738667995,-0.3360041692109607,-0.5832876300759183,-0.22221864692489354,-0.46345356189428083,-0.10448296967144763,-0.4259870850481862
20132,7770.714370000001,20133,7770.71637,1.0113593406049406,-0.38349671594334916,0.21947532111276988,-0.22221864692489354,-0.2374322447655841,0.34359615768916374,0.2802752738667995
20133,7770.71637,20134,7770.7183700000005,0.06034411360224202,-0.4045790620607671,-0.3699117898289583,-0.22221864692489354,-0.15915568230092123,0.15245940251003792,1.0113593406049406
20134,7770.7183700000005,20135,7770.72037,-0.4493876594472619,-0.33386908533994497,-0.142219654779851,-0.22221864692489354,-0.4168168715325789,0.28425491436494743,0.06034411360224202
20135,7770.72037,20136,7770.72237,0.6542001333234243,-0.3793708463931679,-0.2852952407927156,-0.22221864692489354,-0.05680853967984428,0.4000760301231742,-0.4493876594472619
20136,7770.72237,20137,7770.72437,-0.2952331093139547,-0.16977732784229826,-0.43566271025191466,-0.22221864692489354,-0.5529747808922918,0.24819562790769067,0.6542001333234243
20137,7770.72437,20138,7770.72637,-0.3874327055778346,0.26136985966282844,0.425368832305809,-0.22221864692489354,-0.2549031685864674,-0.469457529295874,-0.2952331093139547
20138,7770.72637,20139,7770.728370000001,-0.3138073341573717,0.025655330634945066,0.24347058211343803,-0.22221864692489354,-0.06982479710306157,-0.19740289198946717,-0.3874327055778346
20139,7770.728370000001,20140,7770.73037,-0.7512959035987438,0.18707215955255196,0.425368832305809,-0.22221864692489354,0.5577161555804676,-0.39817136066672254,-0.3138073341573717
20140,7770.73037,20141,7770.732370000001,0.09806921242427898,0.3497978476422957,-0.09081668448449774,-0.22221864692489354,0.015959321974601655,0.41712870065275015,-0.7512959035987438
20141,7770.732370000001,20142,7770.73437,0.2383503603978757,-0.142219654779851,-0.26469932568774684,-0.22221864692489354,-0.002907507045512477,0.29896486053485194,0.09806921242427898
20142,7770.73437,20143,7770.7363700000005,-0.43434344884685067,-0.3284851404962956,0.057427309036130976,-0.22221864692489354,-0.2027365558010528,0.3033279162038353,0.2383503603978757
20143,7770.7363700000005,20144,7770.73837,0.40807014396175506,-0.5242815461956132,-0.4612300397916861,-0.22221864692489354,-0.26358141383045397,0.001890840896441542,-0.43434344884685067
20144,7770.73837,20145,7770.74037,0.7709503837441309,-0.18444244836309,-0.4612300397916861,-0.22221864692489354,-0.19677528628455218,-0.3234408610880635,0.40807014396175506
20145,7770.74037,20146,7770.74237,0.07652283642009691,-0.349079290883896,-0.4550377844702846,-0.22221864692489354,-0.23158823118488148,-0.4830662570737806,0.7709503837441309
20146,7770.74237,20147,7770.74437,0.7937703781752966,-0.33386908533994497,-0.142219654779851,-0.22221864692489354,-0.4168168715325789,0.28425491436494743,0.07652283642009691
20147,7770.74437,20148,7770.74637,-0.8349405273969055,-0.29246588020138925,-0.20543721480030894,-0.22221864692489354,-0.36190962669224847,-0.4091344370330442,0.7937703781752966
20148,7770.74637,20149,7770.74837,-0.8769992609855727,0.2001179742892834,-0.013089570749465922,-0.22221864692489354,0.19800024573023775,0.3577698856724587,-0.8349405273969055
20149,7770.74837,20150,7770.750370000001,-0.37677726405202033,-0.22402396436481015,-0.4450124051964178,-0.22221864692489354,0.39277958719486766,0.4043361726471263,-0.8769992609855727
20150,7770.750370000001,20151,7770.75237,-0.2636932612706593,0.12222568506445756,-0.1590935974930537,-0.22221864692489354,-0.1590935974930537,-0.22064361378610747,-0.37677726405202033
20151,7770.75237,20152,7770.754370000001,0.6940930479180054,0.1188056649534898,-0.01570854725854441,-0.22221864692489354,-0.03862558964759279,-0.171311823601295,-0.2636932612706593
20152,7770.754370000001,20153,7770.75637,0.8613722738722716,-0.3877785297543843,0.027639950487542052,-0.22221864692489354,-0.335067376615976,0.3015257504279363,0.6940930479180054
20153,7770.75637,20154,7770.7583700000005,-0.3579989078758908,-0.3836207254178327,-0.5617920221446955,-0.22221864692489354,-0.35172001336092057,-0.28636182004630667,0.8613722738722716
20154,7770.7583700000005,20155,7770.76037,-0.015206809083665127,0.18707215955255196,-0.1590935974930537,-0.22221864692489354,-0.06041264195586879,-0.6070320847252332,-0.3579989078758908
20155,7770.76037,20156,7770.76237,0.03803011175900854,-0.26469932568774684,-0.142219654779851,-0.22221864692489354,-0.20898740935191218,0.2538024840754271,-0.015206809083665127
20156,7770.76237,20157,7770.76437,0.6955283288162656,-0.33386908533994497,-0.142219654779851,-0.22221864692489354,-0.4168168715325789,0.28425491436494743,0.03803011175900854
20157,7770.76437,20158,7770.76637,0.24250004081779872,-0.3877785297543843,-0.14480518357318112,-0.22221864692489354,-0.11861172869326755,0.3015257504279363,0.6955283288162656
20158,7770.76637,20159,7770.768370000001,0.17840123450085094,0.057427309036130976,0.1188056649534898,-0.22221864692489354,-0.29734407085564,0.3033279162038353,0.24250004081779872
20159,7770.768370000001,20160,7770.77037,-0.39721766379665746,-0.3284851404962956,-0.25979920808060847,-0.22221864692489354,0.08815418748781446,0.23826432285676985,0.17840123450085094
20160,7770.77037,20161,7770.772370000001,-1.2676009931293633,-0.03904571359033493,0.025655330634945066,-0.22221864692489354,0.3134349541126409,-0.09118222407484311,-0.39721766379665746
20161,7770.772370000001,20162,7770.77437,0.05594850212919956,0.07790421498581429,-0.15227188492972385,-0.22221864692489354,0.5358706010867901,0.29479954022064125,-1.2676009931293633
20162,7770.77437,20163,7770.7763700000005,1.0428424088430102,-0.33386908533994497,-0.142219654779851,-0.22221864692489354,-0.4168168715325789,0.28425491436494743,0.05594850212919956
20163,7770.7763700000005,20164,7770.77837,0.2707145489268232,-0.4045790620607671,0.13867736503625425,-0.22221864692489354,-0.44871400064157385,0.23040375633204757,1.0428424088430102
20164,7770.77837,20165,7770.78037,-0.5872810270291858,-0.5154735859446425,-0.01570854725854441,-0.22221864692489354,-0.10644818598635311,0.013771882736142901,0.2707145489268232
20165,7770.78037,20166,7770.78237,0.4667225471917435,0.44799338041210496,0.49903666098945154,-0.22221864692489354,0.3239938200910191,0.23579476037952593,-0.5872810270291858
20166,7770.78237,20167,7770.78437,-0.32249221941898076,-0.10399106154996786,-0.3055559555122169,-0.22221864692489354,-0.11722075041733283,-0.4093036519968823,0.4667225471917435
20167,7770.78437,20168,7770.786370000001,-0.5576744793629962,0.18707215955255196,0.44738858858162417,-0.22221864692489354,-0.418159443238164,-0.4840761201548569,-0.32249221941898076
20168,7770.786370000001,20169,7770.78837,-0.4846142970935137,0.33431209940636736,-0.04128339852111738,-0.22221864692489354,0.2877821584348254,0.3611489968540988,-0.5576744793629962
20169,7770.78837,20170,7770.790370000001,0.590068963944771,-0.33912048824683566,0.04278403570094096,-0.22221864692489354,-0.09148120256722728,0.3986600833996137,-0.4846142970935137
20170,7770.790370000001,20171,7770.79237,-0.307377644828684,-0.11540633830732888,0.3041338046050559,-0.22221864692489354,-0.3476663351312287,-0.15086438113950212,0.590068963944771
20171,7770.79237,20172,7770.7943700000005,-0.6584295072996313,0.24637656706444025,0.425368832305809,-0.22221864692489354,0.04358577866327499,-0.39817136066672254,-0.307377644828684
20172,7770.7943700000005,20173,7770.79637,1.2228222396959851,0.23098172421311908,-0.43566271025191466,-0.22221864692489354,0.5727104905876198,0.15775784096124995,-0.6584295072996313
20173,7770.79637,20174,7770.79837,-0.861741339985421,-0.23320378702771544,-0.04713360847163667,-0.22221864692489354,-0.3810630204936123,-0.41280239481335645,1.2228222396959851
20174,7770.79837,20175,7770.80037,0.8362977651533836,-0.20883973594614808,-0.5540210687587266,-0.22221864692489354,0.2258841055743096,0.3577698856724587,-0.861741339985421
20175,7770.80037,20176,7770.80237,-0.3426147779972671,-0.5540210687587266,-0.013089570749465922,-0.22221864692489354,-0.015314345601376976,-0.18159335723510206,0.8362977651533836
20176,7770.80237,20177,7770.80437,0.010247586643956183,0.12222568506445756,-0.22326729252055358,-0.22221864692489354,0.012945866779397307,-0.4840761201548569,-0.3426147779972671
20177,7770.80437,20178,7770.80637,-0.0673099274683477,-0.33386908533994497,-0.142219654779851,-0.22221864692489354,-0.4168168715325789,0.28425491436494743,0.010247586643956183
20178,7770.80637,20179,7770.808370000001,0.2137308738977082,-0.26469932568774684,-0.142219654779851,-0.22221864692489354,-0.20898740935191218,0.2538024840754271,-0.0673099274683477
20179,7770.808370000001,20180,7770.81037,0.008047603789295917,0.057427309036130976,0.057427309036130976,-0.22221864692489354,0.3232037850250431,0.18912276188143587,0.2137308738977082
20180,7770.81037,20181,7770.812370000001,-0.08815418748782186,-0.33386908533994497,-0.142219654779851,-0.22221864692489354,-0.4168168715325789,0.28425491436494743,0.008047603789295917
20181,7770.812370000001,20182,7770.81437,-0.5061486436708936,-0.26469932568774684,-0.142219654779851,-0.22221864692489354,-0.20898740935191218,0.2538024840754271,-0.08815418748782186
20182,7770.81437,20183,7770.8163700000005,-0.07534209916561338,0.23668565463758306,-0.4935637514578185,-0.22221864692489354,0.21944609630090817,0.3997832400759384,-0.5061486436708936
20183,7770.8163700000005,20184,7770.81837,0.9921255366446433,-0.26469932568774684,-0.142219654779851,-0.22221864692489354,-0.20898740935191218,0.2538024840754271,-0.07534209916561338
20184,7770.81837,20185,7770.82037,-0.5525559590320489,-0.6058412776143282,-0.2109641318826023,-0.22221864692489354,-0.32515141032815087,0.07750010654455093,0.9921255366446433
20185,7770.82037,20186,7770.82237,0.5133846759873247,0.3045365053903889,-0.19492005369880339,-0.22221864692489354,0.14404913515007164,0.3611489968540988,-0.5525559590320489
20186,7770.82237,20187,7770.82437,-0.01835641798656449,-0.4935637514578185,-0.22776977648886657,-0.22221864692489354,0.038135221861929386,-0.4046033477577051,0.5133846759873247
20187,7770.82437,20188,7770.826370000001,-0.3764276136988088,-0.26469932568774684,-0.142219654779851,-0.22221864692489354,-0.20898740935191218,0.2538024840754271,-0.01835641798656449
20188,7770.826370000001,20189,7770.82837,-0.9812022498637727,0.12222568506445756,-0.1590935974930537,-0.22221864692489354,-0.19255113045055325,-0.22064361378610747,-0.3764276136988088
20189,7770.82837,20190,7770.830370000001,0.134422715023893,-0.4457817884455007,-0.32515141032815087,-0.22221864692489354,0.33146818645967324,0.2960726148674459,-0.9812022498637727
20190,7770.830370000001,20191,7770.83237,0.4058168812302599,-0.0468558017538685,0.18806782997741056,-0.22221864692489354,0.34310558823147735,0.06598197385371023,0.134422715023893
20191,7770.83237,20192,7770.8343700000005,0.38787731469964193,-0.2256517770607452,-0.38854385795705143,-0.22221864692489354,-0.21684166143931008,-0.3234408610880635,0.4058168812302599
20192,7770.8343700000005,20193,7770.83637,0.47114038053331386,-0.5446492834181763,0.22099383559682884,-0.22221864692489354,0.25853528723039354,-0.19734313698496606,0.38787731469964193
20193,7770.83637,20194,7770.83837,0.021781078867924103,-0.2707978394581285,-0.1580064889391583,-0.22221864692489354,-0.26167809083864524,-0.5134500205163743,0.47114038053331386
20194,7770.83837,20195,7770.84037,-0.6965263600558325,-0.33386908533994497,-0.142219654779851,-0.22221864692489354,-0.4168168715325789,0.28425491436494743,0.021781078867924103
20195,7770.84037,20196,7770.84237,0.2125544723738829,-0.11114900749167592,-0.14480518357318112,-0.22221864692489354,0.18271577692551358,0.22553559255963004,-0.6965263600558325
20196,7770.84237,20197,7770.844370000001,0.4829764420925838,0.057427309036130976,0.057427309036130976,-0.22221864692489354,0.09197930149997206,0.18912276188143587,0.2125544723738829
20197,7770.844370000001,20198,7770.84637,-0.9543208436331613,-0.3111977571319168,-0.22303435517964126,-0.22221864692489354,0.3394056655123632,-0.09826717342661563,0.4829764420925838
20198,7770.84637,20199,7770.848370000001,-0.5075737543581457,0.2650902997767296,-0.4457817884455007,-0.22221864692489354,0.5677098113530032,0.2281754560076201,-0.9543208436331613
20199,7770.848370000001,20200,7770.85037,1.0598102928147202,0.23668565463758306,-0.4935637514578185,-0.22221864692489354,0.09938821281336421,0.47266160416269526,-0.5075737543581457
20200,7770.85037,20201,7770.8523700000005,-0.28936400570734705,0.13972237993573028,0.2845561728058882,-0.22221864692489354,-0.06301324566628486,-0.303838387594942,1.0598102928147202
20201,7770.8523700000005,20202,7770.85437,-0.5094343014577682,0.24637656706444025,0.37204663762147455,-0.22221864692489354,-0.11598990130005966,-0.44561863539592267,-0.28936400570734705
20202,7770.85437,20203,7770.85637,0.2985059034392851,-0.10621910965384766,-0.28750917306514107,-0.22221864692489354,0.21944609630090817,0.47266160416269526,-0.5094343014577682
20203,7770.85637,20204,7770.85837,1.1228713015677867,0.011543669774703644,0.425368832305809,-0.22221864692489354,0.19125935407865602,-0.021068574384631857,0.2985059034392851
20204,7770.85837,20205,7770.86037,0.1549562827086345,-0.48783729055021424,0.20472566091455688,-0.22221864692489354,-0.435521444035494,-0.34013120451600104,1.1228713015677867
20205,7770.86037,20206,7770.86237,0.16265722748648037,-0.1451200351232795,-0.1451200351232795,-0.22221864692489354,-0.3758529225794601,0.07911556141073157,0.1549562827086345
20206,7770.86237,20207,7770.86437,-0.039080715952998994,-0.2137014807198618,-0.1253451100184705,-0.22221864692489354,0.5628498611406987,0.18912276188143587,0.16265722748648037
20207,7770.86437,20208,7770.866370000001,-0.7331550129849354,-0.26469932568774684,-0.142219654779851,-0.22221864692489354,-0.20898740935191218,0.2538024840754271,-0.039080715952998994
20208,7770.866370000001,20209,7770.86837,-0.42973596240417933,0.2478548059554514,-0.09081668448449774,-0.22221864692489354,0.4225581020479533,0.0527081256167263,-0.7331550129849354
20209,7770.86837,20210,7770.870370000001,-0.15283433221511494,-0.38854385795705143,-0.5832876300759183,-0.22221864692489354,0.15145890217645686,-0.05625820086362428,-0.42973596240417933
20210,7770.870370000001,20211,7770.87237,-0.7413045348156213,-0.03932569819300731,-0.1253451100184705,-0.22221864692489354,-0.04723776609693227,0.04382965985950285,-0.15283433221511494
20211,7770.87237,20212,7770.87437,0.6371591996248788,0.31058431744980514,-0.09081668448449774,-0.22221864692489354,0.07689363752326826,0.41712870065275015,-0.7413045348156213
20212,7770.87437,20213,7770.87637,0.39440017390715276,-0.49283027954691044,-0.11815906443308215,-0.22221864692489354,-0.21393660195533007,0.23783402407935733,0.6371591996248788
20213,7770.87637,20214,7770.87837,-0.3541494646050794,-0.4612300397916861,0.06867010178033228,-0.22221864692489354,-0.12903083442868654,-0.21602088399978886,0.39440017390715276
20214,7770.87837,20215,7770.88037,0.26165007374822363,0.22099383559682884,-0.2277407930818674,-0.22221864692489354,-0.40078325235454887,-0.4840761201548569,-0.3541494646050794
20215,7770.88037,20216,7770.88237,-0.017104920496058905,-0.5154735859446425,0.03328868571940855,-0.22221864692489354,0.2357085026701912,0.3033279162038353,0.26165007374822363
20216,7770.88237,20217,7770.884370000001,0.5009572549769541,-0.26469932568774684,-0.142219654779851,-0.22221864692489354,-0.20898740935191218,0.2538024840754271,-0.017104920496058905
20217,7770.884370000001,20218,7770.88637,-0.3653253194131171,-0.3111977571319168,-0.3793708463931679,-0.22221864692489354,0.14684994890175992,-0.4046033477577051,0.5009572549769541
20218,7770.88637,20219,7770.888370000001,-0.25205018019592934,0.12222568506445756,-0.261061533451254,-0.22221864692489354,0.18948419678191017,-0.31622443030475306,-0.3653253194131171
20219,7770.888370000001,20220,7770.89037,0.851510992686189,0.03328868571940855,0.14876508692177126,-0.22221864692489354,-0.0003639010229379743,-0.08755414746714527,-0.25205018019592934
20220,7770.89037,20221,7770.8923700000005,-0.6522872720664892,-0.4450124051964178,-0.4275310466846108,-0.22221864692489354,-0.4185906016236855,-0.29064401459706074,0.851510992686189
20221,7770.8923700000005,20222,7770.89437,-0.48701015139838205,0.29766843901634654,-0.4089410134347594,-0.22221864692489354,-0.17097443650775543,0.0409690264766767,-0.6522872720664892
20222,7770.89437,20223,7770.89637,0.5253152270525783,-0.3793708463931679,0.04278403570094096,-0.22221864692489354,0.17409857761352018,0.3997832400759384,-0.48701015139838205
20223,7770.89637,20224,7770.89837,-0.09846509524813903,-0.4341784187284774,-0.19492005369880339,-0.22221864692489354,0.11456281231889064,-0.18855022265439364,0.5253152270525783
20224,7770.89837,20225,7770.90037,0.4995005904804872,-0.26469932568774684,-0.33386908533994497,-0.22221864692489354,-0.41628893909566694,0.2538024840754271,-0.09846509524813903
20225,7770.90037,20226,7770.902370000001,0.5035783152530865,-0.22776977648886657,-0.33912048824683566,-0.22221864692489354,0.3642639091542572,-0.09826717342661563,0.4995005904804872
20226,7770.902370000001,20227,7770.90437,-0.2446111907517384,-0.3111977571319168,-0.3793708463931679,-0.22221864692489354,-0.19737301493355086,-0.4046033477577051,0.5035783152530865
20227,7770.90437,20228,7770.906370000001,-0.6886786126390693,0.011795490982976716,0.03328868571940855,-0.22221864692489354,0.3981958024768863,0.01290993755996567,-0.2446111907517384
20228,7770.906370000001,20229,7770.90837,-0.03575000904355688,-0.11114900749167592,0.03771471514515023,-0.22221864692489354,-0.1530217443662181,0.03494195658158384,-0.6886786126390693
20229,7770.90837,20230,7770.9103700000005,0.450455291726183,-0.26469932568774684,-0.142219654779851,-0.22221864692489354,-0.20898740935191218,0.2538024840754271,-0.03575000904355688
20230,7770.9103700000005,20231,7770.91237,-0.40819114341740587,-0.2256517770607452,-0.2852952407927156,-0.22221864692489354,0.4871890502762689,-0.42434549781223985,0.450455291726183
20231,7770.91237,20232,7770.91437,-0.35351070734943124,-0.1590935974930537,-0.4612300397916861,-0.22221864692489354,0.3151892472636318,-0.10448296967144763,-0.40819114341740587
20232,7770.91437,20233,7770.91637,-0.270131320882023,0.22099383559682884,-0.2277407930818674,-0.22221864692489354,-0.5745972449054575,-0.4840761201548569,-0.35351070734943124
20233,7770.91637,20234,7770.91837,0.5687408030520553,0.03328868571940855,-0.01570854725854441,-0.22221864692489354,0.1086381229611933,-0.171311823601295,-0.270131320882023
20234,7770.91837,20235,7770.92037,-0.09121544832189155,-0.04128339852111738,0.20026694120400818,-0.22221864692489354,-0.04128339852111738,-0.24794002233409962,0.5687408030520553
20235,7770.92037,20236,7770.92237,0.5055341234162783,-0.26469932568774684,-0.1375361019146593,-0.22221864692489354,-0.06024131226572355,0.2538024840754271,-0.09121544832189155
20236,7770.92237,20237,7770.924370000001,0.27991770368984215,-0.3111977571319168,-0.3793708463931679,-0.22221864692489354,-0.4501536850885484,-0.09826717342661563,0.5055341234162783
20237,7770.924370000001,20238,7770.92637,-0.45265658326654473,-0.38349671594334916,0.21947532111276988,-0.22221864692489354,-0.15236564811523623,0.34359615768916374,0.27991770368984215
20238,7770.92637,20239,7770.9283700000005,-0.5248200549701582,-0.3360041692109607,-0.3055559555122169,-0.22221864692489354,0.6257389102020627,0.4755840261875662,-0.45265658326654473
20239,7770.9283700000005,20240,7770.93037,-0.22979653032411723,0.1887310599314789,-0.19492005369880339,-0.22221864692489354,0.4768048343332174,0.47266160416269526,-0.5248200549701582
20240,7770.93037,20241,7770.93237,0.061029185904149734,0.03328868571940855,0.057427309036130976,-0.22221864692489354,0.20582242852460797,-0.018749422511174247,-0.22979653032411723
20241,7770.93237,20242,7770.93437,-0.39073784140851847,-0.33386908533994497,-0.142219654779851,-0.22221864692489354,-0.4168168715325789,0.28425491436494743,0.061029185904149734
20242,7770.93437,20243,7770.93637,-0.07314559579031976,-0.03904571359033493,0.06867010178033228,-0.22221864692489354,0.034836510280012126,-0.1680866583957423,-0.39073784140851847
20243,7770.93637,20244,7770.93837,0.7242507663756027,-0.26469932568774684,-0.142219654779851,-0.22221864692489354,-0.20898740935191218,0.2538024840754271,-0.07314559579031976
20244,7770.93837,20245,7770.94037,0.1620383772903605,-0.5447970547107047,-0.22486726958948416,-0.22221864692489354,-0.5383593551233661,0.09935525899813462,0.7242507663756027
20245,7770.94037,20246,7770.942370000001,0.42909632626424654,-0.2137014807198618,0.2666247912545009,-0.22221864692489354,0.24887692353116836,0.18912276188143587,0.1620383772903605
20246,7770.942370000001,20247,7770.94437,0.5035343205324495,-0.2707978394581285,-0.5832876300759183,-0.22221864692489354,0.10077129335128905,-0.34776916289481696,0.42909632626424654
20247,7770.94437,20248,7770.946370000001,-0.5674828504615151,-0.3111977571319168,-0.3793708463931679,-0.22221864692489354,-0.19737301493355086,-0.4046033477577051,0.5035343205324495
20248,7770.946370000001,20249,7770.94837,-1.1958782572647173,0.5122513585153673,0.4142706294650885,-0.22221864692489354,-0.35292269010103045,0.3611489968540988,-0.5674828504615151
20249,7770.94837,20250,7770.9503700000005,0.814099790977604,0.41342846336422984,0.14744686068649904,-0.22221864692489354,0.41342846336422984,0.5204389578696991,-1.1958782572647173
20250,7770.9503700000005,20251,7770.95237,-0.42050461517544385,-0.29246588020138925,-0.05257000406954908,-0.22221864692489354,-0.2773835463177908,-0.2963973956432763,0.814099790977604
20251,7770.95237,20252,7770.95437,-0.15411428244058561,-0.2852952407927156,-0.586228480579486,-0.22221864692489354,-0.24032718351437862,-0.05625820086362428,-0.42050461517544385
20252,7770.95437,20253,7770.95637,0.40158741454621344,-0.03932569819300731,-0.1451200351232795,-0.22221864692489354,-0.013233254071671662,0.04382965985950285,-0.15411428244058561
20253,7770.95637,20254,7770.95837,0.700364024517449,0.24347058211343803,-0.18444244836309,-0.22221864692489354,-0.24364175636924656,-0.34776916289481696,0.40158741454621344
20254,7770.95837,20255,7770.960370000001,-0.4325266178904023,-0.14480518357318112,-0.22486726958948416,-0.22221864692489354,0.3164366431550377,0.25667864216008623,0.700364024517449
20255,7770.960370000001,20256,7770.96237,0.12537721841641852,-0.5242815461956132,-0.4612300397916861,-0.22221864692489354,-0.18483583344676652,0.001890840896441542,-0.4325266178904023
20256,7770.96237,20257,7770.964370000001,0.15501862490497212,-0.11764148282154932,0.18806782997741056,-0.22221864692489354,0.25549534343634245,0.14970561431342108,0.12537721841641852
20257,7770.964370000001,20258,7770.96637,-0.10523675913771148,-0.1451200351232795,-0.1451200351232795,-0.22221864692489354,-0.5826577727888765,0.07911556141073157,0.15501862490497212
20258,7770.96637,20259,7770.9683700000005,-0.6194310963312863,-0.26469932568774684,-0.264447904458089,-0.22221864692489354,-0.19426091714379276,0.17611489210839118,-0.10523675913771148
20259,7770.9683700000005,20260,7770.97037,-0.32236039242853104,0.28830062542145124,-0.11540633830732888,-0.22221864692489354,0.5841606468100391,0.40683511250520366,-0.6194310963312863
20260,7770.97037,20261,7770.97237,0.34982350083676755,0.18707215955255196,0.44738858858162417,-0.22221864692489354,-0.418159443238164,-0.4840761201548569,-0.32236039242853104
20261,7770.97237,20262,7770.97437,-0.4102217482198736,0.07077472253750312,0.12222568506445756,-0.22221864692489354,-0.28134721789853057,-0.44155453861695204,0.34982350083676755
20262,7770.97437,20263,7770.97637,0.8931757640474851,-0.1590935974930537,-0.586228480579486,-0.22221864692489354,0.04438687934874181,-0.10448296967144763,-0.4102217482198736
20263,7770.97637,20264,7770.978370000001,-0.6895008684069235,-0.45228617859521053,-0.19647628792681227,-0.22221864692489354,0.05777090442158592,-0.29064401459706074,0.8931757640474851
20264,7770.978370000001,20265,7770.98037,0.7250971779937522,0.003959394191598462,0.03771471514515023,-0.22221864692489354,0.12816670994099533,0.03494195658158384,-0.6895008684069235
20265,7770.98037,20266,7770.982370000001,-0.3099171080947938,-0.5677304416072702,-0.22486726958948416,-0.22221864692489354,-0.4669735655287995,0.09935525899813462,0.7250971779937522
20266,7770.982370000001,20267,7770.98437,0.2581417413772225,0.21947532111276988,0.3575917210223996,-0.22221864692489354,0.48765850761456897,-0.3460196512825826,-0.3099171080947938
20267,7770.98437,20268,7770.9863700000005,-0.831792861424026,-0.3924846526927655,0.03328868571940855,-0.22221864692489354,0.05028823989891532,0.21947532111276988,0.2581417413772225
20268,7770.9863700000005,20269,7770.98837,0.5236565124988802,0.2001179742892834,-0.05257000406954908,-0.22221864692489354,0.24495311980479156,0.2716581023075879,-0.831792861424026
20269,7770.98837,20270,7770.99037,-0.0446305652735998,-0.4341784187284774,-0.19492005369880339,-0.22221864692489354,-0.5764804460842872,-0.4046033477577051,0.5236565124988802
20270,7770.99037,20271,7770.99237,0.027746158336397105,-0.26469932568774684,-0.142219654779851,-0.22221864692489354,-0.20898740935191218,0.2538024840754271,-0.0446305652735998
20271,7770.99237,20272,7770.99437,-0.5236996308155537,-0.33386908533994497,-0.142219654779851,-0.22221864692489354,-0.4168168715325789,0.28425491436494743,0.027746158336397105
20272,7770.99437,20273,7770.99637,0.943002654071701,0.1887310599314789,-0.19492005369880339,-0.22221864692489354,0.4967137795733064,0.47266160416269526,-0.5236996308155537
20273,7770.99637,20274,7770.99837,0.08742075633078093,-0.6482031138510547,-0.41729656837337764,-0.22221864692489354,-0.6722014069453012,0.03641703850535831,0.943002654071701
20274,7770.99837,20275,7771.000370000001,0.17262960929943072,-0.33386908533994497,-0.142219654779851,-0.22221864692489354,-0.4168168715325789,0.28425491436494743,0.08742075633078093
20275,7771.000370000001,20276,7771.00237,0.17946640799656804,-0.2137014807198618,-0.2137014807198618,-0.22221864692489354,0.2595746277641321,0.18912276188143587,0.17262960929943072
20276,7771.00237,20277,7771.004370000001,0.6383902057430096,-0.3680243083006973,-0.3284851404962956,-0.22221864692489354,0.0409690264766767,0.23826432285676985,0.17946640799656804
20277,7771.004370000001,20278,7771.00637,-0.8352405408208052,-0.49283027954691044,-0.16977732784229826,-0.22221864692489354,-0.2149352509251273,0.23783402407935733,0.6383902057430096
20278,7771.00637,20279,7771.0083700000005,-0.41089770121858993,0.2001179742892834,-0.013089570749465922,-0.22221864692489354,0.036171342570388815,0.2716581023075879,-0.8352405408208052
20279,7771.0083700000005,20280,7771.01037,0.5864512270443087,-0.1590935974930537,-0.586228480579486,-0.22221864692489354,-0.07864465659207401,-0.10448296967144763,-0.41089770121858993
20280,7771.01037,20281,7771.01237,-0.5718685063302181,-0.11540633830732888,0.49903666098945154,-0.22221864692489354,-0.1367745355898586,-0.15086438113950212,0.5864512270443087
20281,7771.01237,20282,7771.01437,-0.5903917007557101,0.4560994046946216,0.20026694120400818,-0.22221864692489354,0.17815760688445043,0.36385926586707645,-0.5718685063302181
20282,7771.01437,20283,7771.01637,0.6190588064503452,0.4560994046946216,0.3041338046050559,-0.22221864692489354,0.26041654401513353,0.23579476037952593,-0.5903917007557101
20283,7771.01637,20284,7771.018370000001,0.9137032197251178,-0.4773469377075341,-0.11540633830732888,-0.22221864692489354,0.3031397820905364,0.0586293767370659,0.6190588064503452
20284,7771.018370000001,20285,7771.02037,-0.5710463744961759,-0.5942765296670074,-0.057564761357569785,-0.22221864692489354,-0.10464688528805648,-0.2615379975362791,0.9137032197251178
20285,7771.02037,20286,7771.022370000001,-0.44720242517616027,0.4730698970504555,0.20026694120400818,-0.22221864692489354,0.1930613728267464,0.3611489968540988,-0.5710463744961759
20286,7771.022370000001,20287,7771.02437,0.6398500600168787,-0.33912048824683566,-0.3055559555122169,-0.22221864692489354,-0.10644818598635492,0.20996150728149343,-0.44720242517616027
20287,7771.02437,20288,7771.0263700000005,0.5472005472552357,-0.49283027954691044,-0.4089410134347594,-0.22221864692489354,-0.40540444506104056,0.2386084286153376,0.6398500600168787
20288,7771.0263700000005,20289,7771.02837,-0.6336502211463435,-0.37882276466544773,-0.14386003369658196,-0.22221864692489354,-0.25493137534198873,-0.3267540379289676,0.5472005472552357
20289,7771.02837,20290,7771.03037,-0.6949471974097432,0.23507571868727375,0.1358853078889796,-0.22221864692489354,-0.3980735874516196,0.1629355851779203,-0.6336502211463435
20290,7771.03037,20291,7771.03237,-0.020391224578873355,-0.11114900749167592,-0.14480518357318112,-0.22221864692489354,0.2164606699777017,0.22553559255963004,-0.6949471974097432
20291,7771.03237,20292,7771.03437,-0.839195450609021,-0.26469932568774684,-0.142219654779851,-0.22221864692489354,-0.20898740935191218,0.2538024840754271,-0.020391224578873355
20292,7771.03437,20293,7771.036370000001,1.0756885081024914,0.19800024573023775,-0.2130251990668944,-0.22221864692489354,-0.2682404354957498,0.3577698856724587,-0.839195450609021
20293,7771.036370000001,20294,7771.03837,1.251217513878836,-0.3560632919496327,0.30970350704733635,-0.22221864692489354,-0.5628705918999629,-0.303838387594942,1.0756885081024914
20294,7771.03837,20295,7771.040370000001,-1.1570356992515536,-0.39413025843813126,-0.19677528628455082,-0.22221864692489354,-0.4183031833562785,-0.41280239481335645,1.251217513878836
20295,7771.040370000001,20296,7771.04237,-0.4057198527280639,0.46081688303872814,0.1794359902082422,-0.22221864692489354,0.3774262905351115,0.5491149871301269,-1.1570356992515536
20296,7771.04237,20297,7771.0443700000005,0.20978446912931076,-0.03904571359033493,-0.38854385795705143,-0.22221864692489354,0.24603512446616171,-0.09118222407484311,-0.4057198527280639
20297,7771.0443700000005,20298,7771.04637,-0.4198829625157998,-0.3284851404962956,-0.05790830952639997,-0.22221864692489354,0.05636141246470473,0.18912276188143587,0.20978446912931076
20298,7771.04637,20299,7771.04837,0.062397924141388866,-0.2852952407927156,-0.586228480579486,-0.22221864692489354,-0.10543330645710049,-0.05625820086362428,-0.4198829625157998
20299,7771.04837,20300,7771.05037,0.19285130455378438,-0.33386908533994497,-0.142219654779851,-0.22221864692489354,-0.4168168715325789,0.28425491436494743,0.062397924141388866
20300,7771.05037,20301,7771.05237,-0.7704957043273736,-0.3680243083006973,-0.2839535651400084,-0.22221864692489354,-0.22846512636478014,0.23826432285676985,0.19285130455378438
20301,7771.05237,20302,7771.05437,0.7782975609697441,0.23860842861534076,-0.32138433220463275,-0.22221864692489354,0.6170578249097101,0.34638009514734397,-0.7704957043273736
20302,7771.05437,20303,7771.05637,0.31781493005685474,-0.46320165830331783,-0.34364778258269746,-0.22221864692489354,0.5649208126543636,-0.4091344370330442,0.7782975609697441
20303,7771.05637,20304,7771.058370000001,-0.7960716103495171,-0.22414032461627648,0.44738858858162417,-0.22221864692489354,-0.051568051906671936,-0.29284614965403966,0.31781493005685474
20304,7771.058370000001,20305,7771.06037,0.13582176135701898,0.21953376817436218,0.0614742313574837,-0.22221864692489354,0.296505632465552,0.34178760532952207,-0.7960716103495171
20305,7771.06037,20306,7771.062370000001,0.7711355642535695,-0.0468558017538685,0.18806782997741056,-0.22221864692489354,0.30799305416219397,0.04431724389033626,0.13582176135701898
20306,7771.062370000001,20307,7771.06437,-0.06778619895209734,-0.349079290883896,-0.4550377844702846,-0.22221864692489354,-0.23158823118488148,-0.4830662570737806,0.7711355642535695
20307,7771.06437,20308,7771.0663700000005,-0.4341784187284722,-0.26469932568774684,-0.142219654779851,-0.22221864692489354,-0.20898740935191218,0.2538024840754271,-0.06778619895209734
20308,7771.0663700000005,20309,7771.06837,-0.16608490234182355,-0.5242815461956132,-0.4612300397916861,-0.22221864692489354,-0.013412829197409055,0.001890840896441542,-0.4341784187284722
20309,7771.06837,20310,7771.07037,0.3948907427315293,0.3670161928869269,-0.25979920808060847,-0.22221864692489354,0.03908071595299511,0.1023824733134749,-0.16608490234182355
20310,7771.07037,20311,7771.07237,-0.6813029737428372,-0.4612300397916861,0.06867010178033228,-0.22221864692489354,-0.21707604559601318,-0.21602088399978886,0.3948907427315293
20311,7771.07237,20312,7771.07437,-0.2132604793456107,-0.11433558754392475,0.03771471514515023,-0.22221864692489354,0.22434392248211416,0.03494195658158384,-0.6813029737428372
20312,7771.07437,20313,7771.076370000001,0.7242154836729353,-0.08672016079595012,0.057427309036130976,-0.22221864692489354,0.32887815531801523,0.30327416721161743,-0.2132604793456107
20313,7771.076370000001,20314,7771.07837,0.011507690139184418,-0.5447970547107047,-0.22486726958948416,-0.22221864692489354,-0.4339190306470874,0.09935525899813462,0.7242154836729353
20314,7771.07837,20315,7771.080370000001,0.17522943642254407,-0.33386908533994497,-0.142219654779851,-0.22221864692489354,-0.4168168715325789,0.28425491436494743,0.011507690139184418
20315,7771.080370000001,20316,7771.08237,-0.3976090340868699,-0.2137014807198618,-0.25979920808060847,-0.22221864692489354,-0.2185689545570461,0.23826432285676985,0.17522943642254407
20316,7771.08237,20317,7771.0843700000005,0.5905127002113636,-0.03904571359033493,0.025655330634945066,-0.22221864692489354,0.3134349541126409,-0.09118222407484311,-0.3976090340868699
20317,7771.0843700000005,20318,7771.08637,0.40676241607335545,-0.11540633830732888,0.2858970407397554,-0.22221864692489354,-0.4722304474078446,-0.15086438113950212,0.5905127002113636
20318,7771.08637,20319,7771.08837,0.4563300426401924,-0.2256517770607452,-0.38854385795705143,-0.22221864692489354,-0.309035709552138,-0.3234408610880635,0.40676241607335545
20319,7771.08837,20320,7771.09037,-0.7446288102595168,0.2012793281413575,-0.3111977571319168,-0.22221864692489354,-0.025832689059045535,-0.4437754889272999,0.4563300426401924
20320,7771.09037,20321,7771.09237,-0.304992703656698,0.3619603147830943,0.0810640939092567,-0.22221864692489354,0.03240817144220917,0.49320819589851683,-0.7446288102595168
20321,7771.09237,20322,7771.094370000001,-0.039745528168032965,0.21947532111276988,0.3022792894054063,-0.22221864692489354,-0.33823851672403454,-0.3460196512825826,-0.304992703656698
20322,7771.094370000001,20323,7771.09637,-0.004575503661120921,-0.26469932568774684,-0.142219654779851,-0.22221864692489354,-0.20898740935191218,0.2538024840754271,-0.039745528168032965
20323,7771.09637,20324,7771.098370000001,0.44982877617622075,-0.26469932568774684,-0.142219654779851,-0.22221864692489354,-0.20898740935191218,0.2538024840754271,-0.004575503661120921
20324,7771.098370000001,20325,7771.10037,-0.5655826123600217,-0.2256517770607452,-0.2852952407927156,-0.22221864692489354,0.17461832019978502,-0.42434549781223985,0.44982877617622075
20325,7771.10037,20326,7771.1023700000005,0.8813356305242324,0.4730698970504555,0.4142706294650885,-0.22221864692489354,-0.6628099134277949,0.3611489968540988,-0.5655826123600217
20326,7771.1023700000005,20327,7771.10437,0.4358745721658133,-0.45228617859521053,-0.21528747729291253,-0.22221864692489354,-0.23892375490899603,-0.28636182004630667,0.8813356305242324
20327,7771.10437,20328,7771.10637,-0.4108735679061675,-0.2256517770607452,-0.2852952407927156,-0.22221864692489354,-0.32866856663503685,-0.34776916289481696,0.4358745721658133
20328,7771.10637,20329,7771.10837,0.14760388353364345,-0.1590935974930537,-0.586228480579486,-0.22221864692489354,0.039500648769917816,-0.10448296967144763,-0.4108735679061675
20329,7771.10837,20330,7771.11037,-0.6315427795535429,-0.1451200351232795,-0.0468558017538685,-0.22221864692489354,0.10359736075747876,0.07911556141073157,0.14760388353364345
20330,7771.11037,20331,7771.11237,-1.1312201113085976,0.23507571868727375,0.28830062542145124,-0.22221864692489354,-0.3657546177694367,0.1629355851779203,-0.6315427795535429
20331,7771.11237,20332,7771.11437,0.5736338043233852,0.30295161257612363,0.4308484280502308,-0.22221864692489354,0.35855851921499315,0.46925266490400214,-1.1312201113085976
20332,7771.11437,20333,7771.116370000001,0.7272276667870038,-0.04128339852111738,0.3041338046050559,-0.22221864692489354,0.027958540199788492,-0.24794002233409962,0.5736338043233852
20333,7771.116370000001,20334,7771.11837,0.23184805017911256,-0.5677304416072702,0.08448164062495879,-0.22221864692489354,-0.4007588737053689,0.09935525899813462,0.7272276667870038
20334,7771.11837,20335,7771.120370000001,-0.28310381932732676,-0.512207743721221,0.057427309036130976,-0.22221864692489354,-0.3996612189173214,0.37322512903828536,0.23184805017911256
20335,7771.120370000001,20336,7771.12237,-0.0459523965499789,0.21947532111276988,0.21947532111276988,-0.22221864692489354,0.04577857117450315,-0.39253381448423247,-0.28310381932732676
20336,7771.12237,20337,7771.12437,0.4600819604021908,-0.26469932568774684,-0.142219654779851,-0.22221864692489354,-0.20898740935191218,0.2538024840754271,-0.0459523965499789
20337,7771.12437,20338,7771.12637,0.2839535651400114,-0.10399106154996786,-0.3111977571319168,-0.22221864692489354,-0.1284868431191316,-0.4763528569243921,0.4600819604021908
20338,7771.12637,20339,7771.12837,-0.23573725606668816,-0.22414032461627648,0.21947532111276988,-0.22221864692489354,-0.22414032461627648,0.21947532111276988,0.2839535651400114
20339,7771.12837,20340,7771.13037,-0.14003883563458283,0.011795490982976716,0.11043225500122787,-0.22221864692489354,-0.09104931604700245,-0.018749422511174247,-0.23573725606668816
20340,7771.13037,20341,7771.13237,-0.8898028782291912,-0.1253451100184705,-0.11764148282154932,-0.22221864692489354,-0.28985441548177493,0.04382965985950285,-0.14003883563458283
20341,7771.13237,20342,7771.134370000001,0.2615379975362791,-0.19647628792681227,-0.21528747729291253,-0.22221864692489354,-0.027462912335356304,0.18377636701599045,-0.8898028782291912
20342,7771.134370000001,20343,7771.13637,0.8247020989524806,-0.5154735859446425,0.03328868571940855,-0.22221864692489354,0.2357085026701912,0.3033279162038353,0.2615379975362791
20343,7771.13637,20344,7771.138370000001,-0.6853094482633256,-0.29246588020138925,-0.013089570749465922,-0.22221864692489354,0.028560043977330137,-0.28636182004630667,0.8247020989524806
20344,7771.138370000001,20345,7771.14037,0.414919816201208,-0.11114900749167592,0.03771471514515023,-0.22221864692489354,0.6660873461074734,0.03494195658158384,-0.6853094482633256
20345,7771.14037,20346,7771.1423700000005,0.35317839226055087,-0.2256517770607452,-0.586228480579486,-0.22221864692489354,0.5667603592806035,-0.3234408610880635,0.414919816201208
20346,7771.1423700000005,20347,7771.14437,0.3393278979595363,0.07077472253750312,-0.2277407930818674,-0.22221864692489354,0.05715234770083208,-0.44155453861695204,0.35317839226055087
20347,7771.14437,20348,7771.14637,0.029585304359501678,0.07077472253750312,0.12222568506445756,-0.22221864692489354,-0.2558335716872606,-0.40579262498731017,0.3393278979595363
20348,7771.14637,20349,7771.14837,-0.9085373671782144,-0.33386908533994497,-0.142219654779851,-0.22221864692489354,-0.4168168715325789,0.28425491436494743,0.029585304359501678
20349,7771.14837,20350,7771.15037,-0.045709032563167884,0.24161431382093385,-0.19647628792681227,-0.22221864692489354,-0.23786271642567358,0.10208673684537269,-0.9085373671782144
20350,7771.15037,20351,7771.152370000001,-0.2694643577625831,-0.26469932568774684,-0.142219654779851,-0.22221864692489354,-0.20898740935191218,0.2538024840754271,-0.045709032563167884
20351,7771.152370000001,20352,7771.15437,0.014059032774014012,0.03328868571940855,-0.01570854725854441,-0.22221864692489354,0.1086381229611933,-0.171311823601295,-0.2694643577625831
20352,7771.15437,20353,7771.156370000001,0.4065685330811334,-0.33386908533994497,-0.142219654779851,-0.22221864692489354,-0.4168168715325789,0.28425491436494743,0.014059032774014012
20353,7771.156370000001,20354,7771.15837,0.11297115357225013,-0.2256517770607452,-0.38854385795705143,-0.22221864692489354,-0.309035709552138,-0.3234408610880635,0.4065685330811334
20354,7771.15837,20355,7771.1603700000005,-0.07888013672032515,-0.1375361019146593,-0.11764148282154932,-0.22221864692489354,0.18806782997741056,0.06598197385371023,0.11297115357225013
20355,7771.1603700000005,20356,7771.16237,0.7730862921907586,-0.26469932568774684,-0.142219654779851,-0.22221864692489354,-0.20898740935191218,0.2538024840754271,-0.07888013672032515
20356,7771.16237,20357,7771.16437,0.18210922002705043,-0.349079290883896,-0.11323118932863557,-0.22221864692489354,-0.03750439545845408,-0.2963973956432763,0.7730862921907586
20357,7771.16437,20358,7771.16637,-1.0344174553036907,-0.3680243083006973,-0.25979920808060847,-0.22221864692489354,0.0409690264766767,0.2949621506605914,0.18210922002705043
20358,7771.16637,20359,7771.16837,0.3099705012284511,0.06325243515675495,0.13867736503625425,-0.22221864692489354,-0.09433360914466085,0.4905597772804365,-1.0344174553036907
20359,7771.16837,20360,7771.17037,0.5584035625211843,-0.22414032461627648,0.3575917210223996,-0.22221864692489354,-0.4358745721658211,-0.2264646908205313,0.3099705012284511
20360,7771.17037,20361,7771.17237,-0.9899098285357674,-0.1367745355898586,-0.04128339852111738,-0.22221864692489354,-0.1268530913742558,-0.3267540379289676,0.5584035625211843
20361,7771.17237,20362,7771.174370000001,0.09466475690582525,-0.4976878343744867,-0.3699117898289583,-0.22221864692489354,0.05294979242841771,0.3611236325594171,-0.9899098285357674
20362,7771.174370000001,20363,7771.17637,0.9111016777951243,-0.33386908533994497,-0.142219654779851,-0.22221864692489354,-0.002907507045512477,0.28425491436494743,0.09466475690582525
20363,7771.17637,20364,7771.1783700000005,0.03918571569058748,-0.5942765296670074,-0.13101229880341542,-0.22221864692489354,-0.10464688528805648,-0.2615379975362791,0.9111016777951243
20364,7771.1783700000005,20365,7771.18037,-0.3599815729212899,-0.33386908533994497,-0.142219654779851,-0.22221864692489354,-0.4168168715325789,0.28425491436494743,0.03918571569058748
20365,7771.18037,20366,7771.18237,0.19282129119783453,0.12222568506445756,-0.261061533451254,-0.22221864692489354,-0.19973055642447976,-0.4840761201548569,-0.3599815729212899
20366,7771.18237,20367,7771.18437,0.4920072616943585,-0.3680243083006973,-0.2839535651400084,-0.22221864692489354,-0.22846512636478014,0.23826432285676985,0.19282129119783453
20367,7771.18437,20368,7771.18637,-0.8170463445976548,-0.49602694353394244,0.04278403570094096,-0.22221864692489354,-0.19770161346378662,-0.09826717342661563,0.4920072616943585
20368,7771.18637,20369,7771.18837,-0.19811967367053646,0.19800024573023775,-0.20543721480030894,-0.22221864692489354,0.04543082975151717,0.3577698856724587,-0.8170463445976548
20369,7771.18837,20370,7771.19037,0.022528662605410775,0.011795490982976716,-0.25979920808060847,-0.22221864692489354,0.11589266444721937,0.21284870252282181,-0.19811967367053646
20370,7771.19037,20371,7771.192370000001,-0.1654681703848147,-0.33386908533994497,-0.142219654779851,-0.22221864692489354,-0.4168168715325789,0.28425491436494743,0.022528662605410775
20371,7771.192370000001,20372,7771.19437,0.49947850347979245,0.3670161928869269,-0.2137014807198618,-0.22221864692489354,0.055879667161004655,0.1023824733134749,-0.1654681703848147
20372,7771.19437,20373,7771.196370000001,-0.2228013635662786,-0.22776977648886657,-0.33912048824683566,-0.22221864692489354,0.3642639091542572,-0.09826717342661563,0.49947850347979245
20373,7771.196370000001,20374,7771.19837,-0.3217273808549379,0.03328868571940855,0.057427309036130976,-0.22221864692489354,0.06229533373349906,0.0904842597756302,-0.2228013635662786
20374,7771.19837,20375,7771.2003700000005,0.09569061863682943,0.18707215955255196,0.4778661778225965,-0.22221864692489354,-0.28178665761996413,-0.4840761201548569,-0.3217273808549379
20375,7771.2003700000005,20376,7771.20237,0.3328781083642504,-0.142219654779851,-0.142219654779851,-0.22221864692489354,-0.002907507045512477,0.29896486053485194,0.09569061863682943
20376,7771.20237,20377,7771.20437,0.7020248545919666,0.425368832305809,0.12222568506445756,-0.22221864692489354,-0.34452499825338967,-0.40579262498731017,0.3328781083642504
20377,7771.20437,20378,7771.20637,-0.5846070119847419,-0.14480518357318112,-0.22486726958948416,-0.22221864692489354,0.041003961584719036,0.2513427364435679,0.7020248545919666
20378,7771.20637,20379,7771.20837,-0.06710574165854614,0.44799338041210496,0.5122513585153673,-0.22221864692489354,0.332930289537298,0.23579476037952593,-0.5846070119847419
20379,7771.20837,20380,7771.210370000001,0.45492232302849633,-0.26469932568774684,-0.142219654779851,-0.22221864692489354,-0.20898740935191218,0.2538024840754271,-0.06710574165854614
20380,7771.210370000001,20381,7771.21237,-0.6713833957821682,0.2012793281413575,-0.3111977571319168,-0.22221864692489354,-0.22875471283732585,-0.4093036519968823,0.45492232302849633
20381,7771.21237,20382,7771.214370000001,-0.6873066821179374,-0.26075311214530905,0.003959394191598462,-0.22221864692489354,0.408941013434762,0.03314785552517815,-0.6713833957821682
20382,7771.214370000001,20383,7771.21637,1.1440315249560198,-0.11114900749167592,0.03771471514515023,-0.22221864692489354,-0.1530217443662181,0.03494195658158384,-0.6873066821179374
20383,7771.21637,20384,7771.2183700000005,0.26556484861531837,-0.32412543194154536,0.2626022147370077,-0.22221864692489354,-0.06601604598442086,-0.34013120451600104,1.1440315249560198
20384,7771.2183700000005,20385,7771.22037,-0.5314521902870915,-0.3924846526927655,0.14876508692177126,-0.22221864692489354,0.34859140457740384,0.3033279162038353,0.26556484861531837
20385,7771.22037,20386,7771.22237,0.8400285547559228,0.2738747223168975,-0.22776977648886657,-0.22221864692489354,0.5621240136819586,0.3997832400759384,-0.5314521902870915
20386,7771.22237,20387,7771.22437,0.36086995422218776,-0.5540210687587266,-0.2130251990668944,-0.22221864692489354,-0.16438797337531547,-0.28636182004630667,0.8400285547559228
20387,7771.22437,20388,7771.22637,-0.6704157918288209,0.24347058211343803,-0.261061533451254,-0.22221864692489354,0.043794823329915335,-0.4836049776255281,0.36086995422218776
20388,7771.22637,20389,7771.228370000001,-0.5740643924929654,0.003959394191598462,0.003959394191598462,-0.22221864692489354,0.1427246734131441,0.03314785552517815,-0.6704157918288209
20389,7771.228370000001,20390,7771.23037,-0.21660722233379348,0.4560994046946216,0.3041338046050559,-0.22221864692489354,0.07894740657336129,0.36385926586707645,-0.5740643924929654
20390,7771.23037,20391,7771.232370000001,-0.35358737976657173,0.011795490982976716,0.057427309036130976,-0.22221864692489354,-0.2839535651400084,0.21284870252282181,-0.21660722233379348
20391,7771.232370000001,20392,7771.23437,0.0917136796111684,0.22099383559682884,-0.2277407930818674,-0.22221864692489354,-0.5745972449054575,-0.4840761201548569,-0.35358737976657173
20392,7771.23437,20393,7771.2363700000005,0.1854105026497295,-0.33386908533994497,-0.1375361019146593,-0.22221864692489354,-0.007180708304261739,0.28425491436494743,0.0917136796111684
20393,7771.2363700000005,20394,7771.23837,0.8362031338997686,-0.3680243083006973,-0.25979920808060847,-0.22221864692489354,-0.6024396769760778,0.23826432285676985,0.1854105026497295
20394,7771.23837,20395,7771.24037,-0.6375248127525339,-0.5540210687587266,-0.013089570749465922,-0.22221864692489354,-0.26901946842146723,-0.18159335723510206,0.8362031338997686
20395,7771.24037,20396,7771.24237,0.10628456538942449,0.28830062542145124,-0.11815906443308215,-0.22221864692489354,0.03420359886648286,0.0533639425637558,-0.6375248127525339
20396,7771.24237,20397,7771.24437,0.5336745083947488,-0.4270562354131642,-0.19426091714379276,-0.22221864692489354,0.04723776609693227,0.28425491436494743,0.10628456538942449
20397,7771.24437,20398,7771.24637,0.1878567099850651,-0.4341784187284774,-0.19492005369880339,-0.22221864692489354,0.48223516054013216,-0.3267540379289676,0.5336745083947488
20398,7771.24637,20399,7771.24837,-0.9636118162608934,-0.3680243083006973,-0.3284851404962956,-0.22221864692489354,-0.3575917210224003,0.23826432285676985,0.1878567099850651
20399,7771.24837,20400,7771.250370000001,0.2636093768633303,-0.2109641318826023,-0.6326840561661579,-0.22221864692489354,-0.07803888151801902,0.03096244753518709,-0.9636118162608934
20400,7771.250370000001,20401,7771.25237,-0.31929711761314983,-0.3924846526927655,-0.01570854725854441,-0.22221864692489354,0.34614839614905296,0.3033279162038353,0.2636093768633303
20401,7771.25237,20402,7771.254370000001,-0.14942354896642196,0.18707215955255196,0.44738858858162417,-0.22221864692489354,0.006421557793333383,-0.4840761201548569,-0.31929711761314983
20402,7771.254370000001,20403,7771.25637,0.5210876205662353,-0.03932569819300731,-0.0468558017538685,-0.22221864692489354,0.32961136997325763,0.04382965985950285,-0.14942354896642196
20403,7771.25637,20404,7771.2583700000005,0.8898178275882399,-0.4341784187284774,0.040025316929352794,-0.22221864692489354,-0.5764804460842872,-0.3267540379289676,0.5210876205662353
20404,7771.2583700000005,20405,7771.26037,-0.12454206482812914,-0.45228617859521053,-0.21528747729291253,-0.22221864692489354,-0.3909594371449414,-0.29064401459706074,0.8898178275882399
20405,7771.26037,20406,7771.26237,0.48696542167771534,-0.19426091714379276,-0.03932569819300731,-0.22221864692489354,-0.38891396788392346,0.16897845850712317,-0.12454206482812914
20406,7771.26237,20407,7771.26437,-0.1397856790875446,-0.4935637514578185,0.04278403570094096,-0.22221864692489354,0.04278403570094096,-0.01756994527594832,0.48696542167771534
20407,7771.26437,20408,7771.26637,-0.7139840816385403,-0.1253451100184705,-0.11764148282154932,-0.22221864692489354,-0.28985441548177493,0.04382965985950285,-0.1397856790875446
20408,7771.26637,20409,7771.268370000001,-0.4750183321224519,0.08448164062495879,-0.40321812085722475,-0.22221864692489354,0.31058431744980514,0.5416892626511061,-0.7139840816385403
20409,7771.268370000001,20410,7771.27037,0.42258195501824924,-0.33912048824683566,-0.3111977571319168,-0.22221864692489354,-0.2954498233876777,0.3986600833996137,-0.4750183321224519
20410,7771.27037,20411,7771.272370000001,-0.4190455116670852,-0.18444244836309,-0.586228480579486,-0.22221864692489354,-0.2410996604857718,-0.34776916289481696,0.42258195501824924
20411,7771.272370000001,20412,7771.27437,-0.31995809985680346,-0.2852952407927156,-0.586228480579486,-0.22221864692489354,-0.22753788570839076,0.042191029666294615,-0.4190455116670852
20412,7771.27437,20413,7771.2763700000005,0.23573725606668816,0.18707215955255196,0.44738858858162417,-0.22221864692489354,-0.22742192015002743,-0.4840761201548569,-0.31995809985680346
20413,7771.2763700000005,20414,7771.27837,0.7473216706325304,-0.3284851404962956,0.11043225500122787,-0.22221864692489354,-0.407537572354597,0.37322512903828536,0.23573725606668816
20414,7771.27837,20415,7771.28037,-1.132147379513987,-0.5447970547107047,0.0810640939092567,-0.22221864692489354,0.03191474458273131,0.017534181815475017,0.7473216706325304
20415,7771.28037,20416,7771.28237,0.9784013763468081,0.45554565649745477,0.4308484280502308,-0.22221864692489354,0.5763986414745506,0.46925266490400214,-1.132147379513987
20416,7771.28237,20417,7771.28437,0.12473485449518429,-0.6482031138510547,-0.6058412776143282,-0.22221864692489354,-0.21915380119768868,0.15245940251003792,0.9784013763468081
20417,7771.28437,20418,7771.286370000001,-0.7168139447926334,-0.11764148282154932,-0.03932569819300731,-0.22221864692489354,0.16580742002953927,0.14970561431342108,0.12473485449518429
20418,7771.286370000001,20419,7771.28837,0.4051132111981902,0.08448164062495879,-0.40321812085722475,-0.22221864692489354,0.10886664588793442,0.5416892626511061,-0.7168139447926334
20419,7771.28837,20420,7771.290370000001,-1.0025969770896215,-0.2256517770607452,-0.18444244836309,-0.22221864692489354,-0.21684166143931008,-0.3234408610880635,0.4051132111981902
20420,7771.290370000001,20421,7771.29237,0.725643438326812,-0.34607115121821197,-0.4976878343744867,-0.22221864692489354,0.16990017419238498,0.5401211334889078,-1.0025969770896215
20421,7771.29237,20422,7771.2943700000005,-0.06673129268986332,-0.6249404292209375,-0.11433558754392475,-0.22221864692489354,-0.4669735655287995,0.10739665787312261,0.725643438326812
20422,7771.2943700000005,20423,7771.29637,0.47630764794588,-0.26469932568774684,-0.142219654779851,-0.22221864692489354,-0.20898740935191218,0.2538024840754271,-0.06673129268986332
20423,7771.29637,20424,7771.29837,-0.5052926013872028,-0.2707978394581285,0.04278403570094096,-0.22221864692489354,-0.10116610812249076,-0.5134500205163743,0.47630764794588
20424,7771.29837,20425,7771.30037,-0.19895527012610198,0.1887310599314789,-0.3793708463931679,-0.22221864692489354,0.03743427906521304,0.3997832400759384,-0.5052926013872028
20425,7771.30037,20426,7771.30237,0.8898477256358971,0.011795490982976716,0.1817451092119638,-0.22221864692489354,0.30389210627025026,0.21284870252282181,-0.19895527012610198
20426,7771.30237,20427,7771.30437,0.357846232234994,-0.45228617859521053,-0.21528747729291253,-0.22221864692489354,-0.3909594371449414,-0.29064401459706074,0.8898477256358971
20427,7771.30437,20428,7771.30637,-0.5124912058863748,0.24347058211343803,-0.1590935974930537,-0.22221864692489354,0.26072506912731835,-0.4836049776255281,0.357846232234994
20428,7771.30637,20429,7771.308370000001,-0.9514013794143014,-0.19492005369880339,-0.22776977648886657,-0.22221864692489354,0.16129525117244092,0.3997832400759384,-0.5124912058863748
20429,7771.308370000001,20430,7771.31037,0.6956917111949387,0.24161431382093385,-0.41729656837337764,-0.22221864692489354,0.46863781979144015,0.10208673684537269,-0.9514013794143014
20430,7771.31037,20431,7771.312370000001,-0.8840908472266484,-0.3877785297543843,-0.14480518357318112,-0.22221864692489354,-0.11861172869326755,0.3015257504279363,0.6956917111949387
20431,7771.312370000001,20432,7771.31437,0.7406452932664732,-0.20883973594614808,-0.21528747729291253,-0.22221864692489354,0.024661541733282062,0.28595173187160355,-0.8840908472266484
20432,7771.31437,20433,7771.3163700000005,0.4648950613030095,-0.5447970547107047,-0.09081668448449774,-0.22221864692489354,-0.21452416329894933,0.09091639035226247,0.7406452932664732
20433,7771.3163700000005,20434,7771.31837,-0.7218487022724432,-0.10399106154996786,-0.2852952407927156,-0.22221864692489354,0.19155991613195608,-0.4093036519968823,0.4648950613030095
20434,7771.31837,20435,7771.32037,0.7407841170819179,-0.11114900749167592,-0.11433558754392475,-0.22221864692489354,0.4545989600507492,0.5613353537402885,-0.7218487022724432
20435,7771.32037,20436,7771.32237,0.6050068681092712,-0.5447970547107047,-0.09081668448449774,-0.22221864692489354,-0.21452416329894933,0.09091639035226247,0.7407841170819179
20436,7771.32237,20437,7771.32437,0.12270870685814149,-0.1367745355898586,-0.2585071819480077,-0.22221864692489354,0.0050826030634628355,-0.15086438113950212,0.6050068681092712
20437,7771.32437,20438,7771.326370000001,0.024874579654824105,-0.1375361019146593,-0.11764148282154932,-0.22221864692489354,-0.07483564182381378,0.28425491436494743,0.12270870685814149
20438,7771.326370000001,20439,7771.32837,-0.6034354946245899,-0.33386908533994497,-0.142219654779851,-0.22221864692489354,-0.4168168715325789,0.28425491436494743,0.024874579654824105
20439,7771.32837,20440,7771.330370000001,-0.20422133706862855,0.4560994046946216,-0.2585071819480077,-0.22221864692489354,-0.49770996096069037,0.23579476037952593,-0.6034354946245899
20440,7771.330370000001,20441,7771.33237,-0.53757298270364,-0.05790830952639997,-0.05790830952639997,-0.22221864692489354,0.4033397087958505,0.30327416721161743,-0.20422133706862855
20441,7771.33237,20442,7771.3343700000005,-0.4986609413161035,0.3045365053903889,-0.19492005369880339,-0.22221864692489354,0.25752299909176485,0.5926479466765875,-0.53757298270364
20442,7771.3343700000005,20443,7771.33637,0.9612345203914784,-0.10621910965384766,-0.22303435517964126,-0.22221864692489354,-0.04643894691753026,0.3986600833996137,-0.4986609413161035
20443,7771.33637,20444,7771.33837,-0.6174897479555919,-0.6326840561661579,-0.6326840561661579,-0.22221864692489354,-0.24560815720806747,-0.2615379975362791,0.9612345203914784
20444,7771.33837,20445,7771.34037,0.13133152245421972,0.4392348140690237,-0.21378965766165123,-0.22221864692489354,0.6879837364087865,0.5911376309349461,-0.6174897479555919
20445,7771.34037,20446,7771.34237,0.7700408180832117,-0.11764148282154932,-0.03932569819300731,-0.22221864692489354,-0.1771825024405471,0.06598197385371023,0.13133152245421972
20446,7771.34237,20447,7771.344370000001,0.22678386908430254,-0.349079290883896,-0.32138433220463275,-0.22221864692489354,-0.2596027030620795,-0.49280804472495426,0.7700408180832117
20447,7771.344370000001,20448,7771.34637,0.11566574168102038,-0.3680243083006973,0.057427309036130976,-0.22221864692489354,0.1552991167024203,0.3033279162038353,0.22678386908430254
20448,7771.34637,20449,7771.348370000001,-0.46806818149633367,-0.1375361019146593,-0.11764148282154932,-0.22221864692489354,-0.17843168377996158,0.14970561431342108,0.11566574168102038
20449,7771.348370000001,20450,7771.35037,-0.7258372009330005,-0.33912048824683566,-0.1580064889391583,-0.22221864692489354,-0.22189800797617468,0.4755840261875662,-0.46806818149633367
20450,7771.35037,20451,7771.3523700000005,-0.3130358215554181,-0.11114900749167592,-0.11433558754392475,-0.22221864692489354,-0.012622457322241971,0.28824606260599483,-0.7258372009330005
20451,7771.3523700000005,20452,7771.35437,0.1612023215665461,0.18707215955255196,0.3575917210223996,-0.22221864692489354,0.48765850761456897,-0.39817136066672254,-0.3130358215554181
20452,7771.35437,20453,7771.35637,0.7810180606823723,-0.1451200351232795,0.2666247912545009,-0.22221864692489354,0.23225207892836824,0.14970561431342108,0.1612023215665461
20453,7771.35637,20454,7771.35837,-0.3841909710107775,-0.46320165830331783,-0.32138433220463275,-0.22221864692489354,-0.3756279535117571,-0.2963973956432763,0.7810180606823723
20454,7771.35837,20455,7771.36037,-0.5732850971005882,0.025655330634945066,0.22099383559682884,-0.22221864692489354,0.007686488661864432,-0.19740289198946717,-0.3841909710107775
20455,7771.36037,20456,7771.36237,0.9833964735327035,0.4560994046946216,0.3041338046050559,-0.22221864692489354,0.2823356858538034,0.36385926586707645,-0.5732850971005882
20456,7771.36237,20457,7771.36437,0.3736760986305371,-0.6452865205733541,-0.32515141032815087,-0.22221864692489354,-0.22501259519175218,0.08608586542674336,0.9833964735327035
20457,7771.36437,20458,7771.366370000001,-0.37984394808151406,-0.18444244836309,0.06867010178033228,-0.22221864692489354,0.3361862214604613,-0.44155453861695204,0.3736760986305371
20458,7771.366370000001,20459,7771.36837,0.5540628975118257,0.06867010178033228,-0.03904571359033493,-0.22221864692489354,0.07026594613374956,-0.2040136003593252,-0.37984394808151406
20459,7771.36837,20460,7771.370370000001,-0.5116623982313498,-0.1367745355898586,-0.14386003369658196,-0.22221864692489354,-0.021531760041277256,-0.3267540379289676,0.5540628975118257
20460,7771.370370000001,20461,7771.37237,-1.1005999994562459,-0.19492005369880339,-0.22776977648886657,-0.22221864692489354,0.16129525117244092,0.47266160416269526,-0.5116623982313498
20461,7771.37237,20462,7771.37437,0.8103193735378624,0.2845561728058882,-0.1534589028431259,-0.22221864692489354,0.4368861822411516,0.458518454151563,-1.1005999994562459
20462,7771.37437,20463,7771.37637,0.6408476811571002,-0.29246588020138925,0.0579770049994011,-0.22221864692489354,-0.18037851167477542,-0.32164822622632444,0.8103193735378624
20463,7771.37637,20464,7771.37837,-0.9546151240845538,-0.49283027954691044,-0.4089410134347594,-0.22221864692489354,-0.4901585647215628,0.2386084286153376,0.6408476811571002
20464,7771.37837,20465,7771.38037,0.43094304885741697,0.2650902997767296,-0.4457817884455007,-0.22221864692489354,0.5677098113530032,0.2281754560076201,-0.9546151240845538
20465,7771.38037,20466,7771.38237,-0.06642482102758253,-0.2707978394581285,-0.4612300397916861,-0.22221864692489354,-0.25071977167756165,-0.34776916289481696,0.43094304885741697
20466,7771.38237,20467,7771.384370000001,0.6922732774347448,-0.26469932568774684,-0.142219654779851,-0.22221864692489354,-0.20898740935191218,0.2538024840754271,-0.06642482102758253
20467,7771.384370000001,20468,7771.38637,0.01229894323756373,-0.3877785297543843,0.027639950487542052,-0.22221864692489354,0.025229542032553665,0.3015257504279363,0.6922732774347448
20468,7771.38637,20469,7771.388370000001,-0.7701250718894316,-0.33386908533994497,-0.142219654779851,-0.22221864692489354,-0.4168168715325789,0.28425491436494743,0.01229894323756373
20469,7771.388370000001,20470,7771.39037,-0.35769353328067505,0.23860842861534076,-0.32138433220463275,-0.22221864692489354,0.6170578249097101,0.34638009514734397,-0.7701250718894316
20470,7771.39037,20471,7771.3923700000005,0.12319149545438574,0.18707215955255196,-0.1590935974930537,-0.22221864692489354,-0.04973429998722993,-0.6070320847252332,-0.35769353328067505
20471,7771.3923700000005,20472,7771.39437,0.1401653898790543,-0.1375361019146593,-0.11764148282154932,-0.22221864692489354,-0.11764148282154932,0.28425491436494743,0.12319149545438574
20472,7771.39437,20473,7771.39637,0.7613244328958046,-0.0468558017538685,-0.11764148282154932,-0.22221864692489354,0.014812409551832726,0.07911556141073157,0.1401653898790543
20473,7771.39637,20474,7771.39837,0.34421548058262097,-0.46320165830331783,-0.32138433220463275,-0.22221864692489354,-0.005661830535041636,-0.4830662570737806,0.7613244328958046
20474,7771.39837,20475,7771.40037,0.130820715687686,0.24358470153953493,-0.2277407930818674,-0.22221864692489354,0.011759520406906145,-0.29284614965403966,0.34421548058262097
20475,7771.40037,20476,7771.402370000001,0.5398029695045103,-0.11764148282154932,0.18806782997741056,-0.22221864692489354,-0.1771825024405471,0.06598197385371023,0.130820715687686
20476,7771.402370000001,20477,7771.40437,-0.5042599860325115,-0.4341784187284774,-0.19492005369880339,-0.22221864692489354,-0.06659509465771894,-0.18855022265439364,0.5398029695045103
20477,7771.40437,20478,7771.406370000001,-0.6628286721623297,0.1887310599314789,-0.3793708463931679,-0.22221864692489354,-0.05260453624490309,0.3997832400759384,-0.5042599860325115
20478,7771.406370000001,20479,7771.40837,-0.5741258899562139,0.19940262403523046,-0.5999258094856524,-0.22221864692489354,0.2956394096838665,0.15775784096124995,-0.6628286721623297
20479,7771.40837,20480,7771.4103700000005,0.12839081392618665,0.4560994046946216,0.3041338046050559,-0.22221864692489354,0.07894740657336129,0.36385926586707645,-0.5741258899562139
20480,7771.4103700000005,20481,7771.41237,0.04267941312677458,-0.11764148282154932,0.18806782997741056,-0.22221864692489354,0.09247715245368396,0.06598197385371023,0.12839081392618665
20481,7771.41237,20482,7771.41437,0.3607177163248078,-0.33386908533994497,-0.142219654779851,-0.22221864692489354,-0.4168168715325789,0.28425491436494743,0.04267941312677458
20482,7771.41437,20483,7771.41637,-0.15445740517271297,0.24347058211343803,-0.261061533451254,-0.22221864692489354,0.043794823329915335,-0.4836049776255281,0.3607177163248078
20483,7771.41637,20484,7771.41837,0.8066220920140691,-0.03932569819300731,-0.1451200351232795,-0.22221864692489354,0.18595462164382995,0.04382965985950285,-0.15445740517271297
20484,7771.41837,20485,7771.42037,-0.8557889414581291,-0.2924387125634771,-0.20543721480030894,-0.22221864692489354,-0.1996113207251661,-0.32164822622632444,0.8066220920140691
20485,7771.42037,20486,7771.42237,-0.07328090463296295,0.0579770049994011,-0.5001629737596565,-0.22221864692489354,0.4143908810315109,0.3577698856724587,-0.8557889414581291
20486,7771.42237,20487,7771.424370000001,0.3609714332795317,-0.26469932568774684,-0.142219654779851,-0.22221864692489354,-0.20898740935191218,0.2538024840754271,-0.07328090463296295
20487,7771.424370000001,20488,7771.42637,-0.2106103791520624,0.24347058211343803,-0.261061533451254,-0.22221864692489354,0.1266286424755186,-0.4836049776255281,0.3609714332795317
20488,7771.42637,20489,7771.4283700000005,0.07057124303735479,-0.05790830952639997,0.057427309036130976,-0.22221864692489354,0.2105219214126986,0.31985237205293277,-0.2106103791520624
20489,7771.4283700000005,20490,7771.43037,0.6221700200820466,-0.33386908533994497,-0.142219654779851,-0.22221864692489354,-0.4168168715325789,0.28425491436494743,0.07057124303735479
20490,7771.43037,20491,7771.43237,-0.8993250593252584,-0.4773469377075341,0.24267138127169754,-0.22221864692489354,0.4001004254246384,0.07006236307115508,0.6221700200820466
20491,7771.43237,20492,7771.43437,0.0879542141502539,-0.13101229880341542,-0.21528747729291253,-0.22221864692489354,-0.13101229880341542,0.28595173187160355,-0.8993250593252584
20492,7771.43437,20493,7771.43637,0.7063265558050833,-0.33386908533994497,-0.142219654779851,-0.22221864692489354,-0.4168168715325789,0.28425491436494743,0.0879542141502539
20493,7771.43637,20494,7771.43837,-0.36482002645877876,-0.3877785297543843,-0.22486726958948416,-0.22221864692489354,-0.1619455167204436,0.2513427364435679,0.7063265558050833
20494,7771.43837,20495,7771.44037,0.35509407719271263,0.12222568506445756,-0.261061533451254,-0.22221864692489354,0.34036430173154286,-0.31622443030475306,-0.36482002645877876
20495,7771.44037,20496,7771.442370000001,0.3507209483001685,0.07077472253750312,-0.2277407930818674,-0.22221864692489354,0.26072506912731835,-0.44155453861695204,0.35509407719271263
20496,7771.442370000001,20497,7771.44437,0.25012476124732497,0.07077472253750312,0.12222568506445756,-0.22221864692489354,-0.21187741431236715,-0.44155453861695204,0.3507209483001685
20497,7771.44437,20498,7771.446370000001,-0.38433967726664325,0.057427309036130976,0.14876508692177126,-0.22221864692489354,-0.24555121446397962,0.3033279162038353,0.25012476124732497
20498,7771.446370000001,20499,7771.44837,0.2922485184290499,0.025655330634945066,0.22099383559682884,-0.22221864692489354,-0.18689102200828164,-0.19740289198946717,-0.38433967726664325
20499,7771.44837,20500,7771.4503700000005,-0.5463578742467357,0.011543669774703644,0.425368832305809,-0.22221864692489354,-0.31794735758608467,0.013771882736142901,0.2922485184290499
20500,7771.4503700000005,20501,7771.45237,-0.7750164545039828,0.33431209940636736,0.0023266815309476974,-0.22221864692489354,0.21408352465956076,0.47266160416269526,-0.5463578742467357
20501,7771.45237,20502,7771.45437,-0.21102307850645644,0.23860842861534076,-0.11323118932863557,-0.22221864692489354,-0.09065048594333683,0.34178760532952207,-0.7750164545039828
20502,7771.45437,20503,7771.45637,0.4962928715133541,-0.05790830952639997,0.057427309036130976,-0.22221864692489354,0.2105219214126986,0.31985237205293277,-0.21102307850645644
20503,7771.45637,20504,7771.45837,-0.5965039925856809,-0.4935637514578185,-0.22303435517964126,-0.22221864692489354,-0.6382940879409633,-0.4437754889272999,0.4962928715133541
20504,7771.45837,20505,7771.460370000001,0.7292834187826482,0.4881277446660977,-0.1367745355898586,-0.22221864692489354,0.35909240169725976,0.40683511250520366,-0.5965039925856809
20505,7771.460370000001,20506,7771.46237,1.0086683339635691,-0.5447970547107047,0.08448164062495879,-0.22221864692489354,0.11062778390754271,0.09935525899813462,0.7292834187826482
20506,7771.46237,20507,7771.464370000001,-0.09585598169179368,-0.5427897219922647,-0.32979458966726777,-0.22221864692489354,-0.4412970570196141,0.15245940251003792,1.0086683339635691
20507,7771.464370000001,20508,7771.46637,-0.23066388321762732,-0.26469932568774684,-0.142219654779851,-0.22221864692489354,-0.41628893909566694,0.2538024840754271,-0.09585598169179368
20508,7771.46637,20509,7771.4683700000005,0.313621161468365,0.011795490982976716,0.057427309036130976,-0.22221864692489354,0.20582242852460797,-0.018749422511174247,-0.23066388321762732
20509,7771.4683700000005,20510,7771.47037,-1.0526461586356353,-0.22414032461627648,0.3575917210223996,-0.22221864692489354,-0.16685528279377265,-0.2264646908205313,0.313621161468365
20510,7771.47037,20511,7771.47237,-0.07158822675157683,0.25400013206500477,0.30970350704733635,-0.22221864692489354,0.14139845515061936,0.4905597772804365,-1.0526461586356353
20511,7771.47237,20512,7771.47437,-0.6445417127088917,-0.26469932568774684,-0.142219654779851,-0.22221864692489354,-0.20898740935191218,0.2538024840754271,-0.07158822675157683
20512,7771.47437,20513,7771.47637,1.0206622235771385,0.29766843901634654,-0.4089410134347594,-0.22221864692489354,-0.08878717270042752,0.15775784096124995,-0.6445417127088917
20513,7771.47637,20514,7771.478370000001,-0.5311954508761793,-0.4045790620607671,-0.4976878343744867,-0.22221864692489354,0.11336118185424672,0.4754709129724304,1.0206622235771385
20514,7771.478370000001,20515,7771.48037,0.4429344459845379,0.2738747223168975,-0.22776977648886657,-0.22221864692489354,0.5621240136819586,0.3997832400759384,-0.5311954508761793
20515,7771.48037,20516,7771.482370000001,0.7026199156032726,-0.2256517770607452,-0.2707978394581285,-0.22221864692489354,-0.4280293560026267,-0.40416611494856935,0.4429344459845379
20516,7771.482370000001,20517,7771.48437,-0.6088156408152448,-0.14480518357318112,-0.11433558754392475,-0.22221864692489354,-0.010643790297817918,0.2513427364435679,0.7026199156032726
20517,7771.48437,20518,7771.4863700000005,-0.8930416628604864,0.44799338041210496,-0.11540633830732888,-0.22221864692489354,0.3098637121101606,0.40683511250520366,-0.6088156408152448
20518,7771.4863700000005,20519,7771.48837,0.22332551837867204,-0.19647628792681227,-0.19647628792681227,-0.22221864692489354,0.2629100663549591,0.28595173187160355,-0.8930416628604864
20519,7771.48837,20520,7771.49037,0.335900124471626,-0.3680243083006973,0.057427309036130976,-0.22221864692489354,0.22364570001171516,0.23826432285676985,0.22332551837867204
20520,7771.49037,20521,7771.49237,-0.3048048825155325,0.24458269138584657,0.1289028630940942,-0.22221864692489354,-0.08725399238476653,-0.40579262498731017,0.335900124471626
20521,7771.49237,20522,7771.49437,-0.7219194336347569,0.21947532111276988,0.3022792894054063,-0.22221864692489354,-0.3022254840194755,-0.3460196512825826,-0.3048048825155325
20522,7771.49437,20523,7771.49637,0.4095211720277076,-0.11114900749167592,-0.11433558754392475,-0.22221864692489354,0.4545989600507492,0.5613353537402885,-0.7219194336347569
20523,7771.49637,20524,7771.49837,1.1989666639158245,-0.18444244836309,-0.586228480579486,-0.22221864692489354,-0.46265183011077327,-0.3234408610880635,0.4095211720277076
20524,7771.49837,20525,7771.500370000001,-0.5998259223580228,-0.3039189645258097,0.14744686068649904,-0.22221864692489354,-0.35629270528975165,-0.5082527079197163,1.1989666639158245
20525,7771.500370000001,20526,7771.50237,0.5184904413727899,0.4730698970504555,-0.2585071819480077,-0.22221864692489354,-0.09658325445112324,0.3611489968540988,-0.5998259223580228
20526,7771.50237,20527,7771.504370000001,0.5607953857098951,-0.37882276466544773,0.1887310599314789,-0.22221864692489354,-0.03557440100026193,-0.4046033477577051,0.5184904413727899
20527,7771.504370000001,20528,7771.50637,-0.8629552214046016,-0.1367745355898586,-0.04128339852111738,-0.22221864692489354,0.18289767227555792,-0.3267540379289676,0.5607953857098951
20528,7771.50637,20529,7771.5083700000005,-0.8669093101438674,-0.20883973594614808,-0.5001629737596565,-0.22221864692489354,0.08025826503712463,0.4043361726471263,-0.8629552214046016
20529,7771.5083700000005,20530,7771.51037,0.6427633905552389,-0.2682404354957498,-0.4450124051964178,-0.22221864692489354,0.31420615895892745,0.3577698856724587,-0.8669093101438674
20530,7771.51037,20531,7771.51237,0.2624062598060121,-0.49283027954691044,-0.16977732784229826,-0.22221864692489354,0.06748005046768357,0.2386084286153376,0.6427633905552389
20531,7771.51237,20532,7771.51437,-0.6664799171725524,-0.5154735859446425,0.03328868571940855,-0.22221864692489354,0.04233059213817072,0.3033279162038353,0.2624062598060121
20532,7771.51437,20533,7771.51637,0.019249386809844393,0.003959394191598462,-0.16977732784229826,-0.22221864692489354,0.18504759210319477,0.03314785552517815,-0.6664799171725524
20533,7771.51637,20534,7771.518370000001,0.5930905402823033,-0.33386908533994497,-0.142219654779851,-0.22221864692489354,-0.4168168715325789,0.28425491436494743,0.019249386809844393
20534,7771.518370000001,20535,7771.52037,0.059658571654500524,-0.11540633830732888,0.13598062011603174,-0.22221864692489354,-0.4722304474078446,-0.15086438113950212,0.5930905402823033
20535,7771.52037,20536,7771.522370000001,0.6940021380005874,-0.33386908533994497,-0.142219654779851,-0.22221864692489354,-0.4168168715325789,0.28425491436494743,0.059658571654500524
20536,7771.522370000001,20537,7771.52437,0.23285781614347995,-0.3877785297543843,0.027639950487542052,-0.22221864692489354,-0.335067376615976,0.3015257504279363,0.6940021380005874
20537,7771.52437,20538,7771.5263700000005,-0.659954486179577,-0.512207743721221,0.11043225500122787,-0.22221864692489354,-0.407537572354597,0.3033279162038353,0.23285781614347995
20538,7771.5263700000005,20539,7771.52837,-0.44213947762449995,0.19940262403523046,-0.49283027954691044,-0.22221864692489354,0.45221671244256095,0.22553559255963004,-0.659954486179577
20539,7771.52837,20540,7771.53037,0.0991904736307049,-0.5242815461956132,-0.3055559555122169,-0.22221864692489354,-0.18649844473346408,0.20996150728149343,-0.44213947762449995
20540,7771.53037,20541,7771.53237,-0.20309310441428752,-0.33386908533994497,-0.33386908533994497,-0.22221864692489354,-0.18004417024827202,0.5174930648238687,0.0991904736307049
20541,7771.53237,20542,7771.53437,-0.28548676188114025,-0.05790830952639997,-0.2839535651400084,-0.22221864692489354,0.5281094255390198,0.30327416721161743,-0.20309310441428752
20542,7771.53437,20543,7771.536370000001,0.2769145743233707,0.21947532111276988,0.24637656706444025,-0.22221864692489354,0.4868088518975959,-0.39253381448423247,-0.28548676188114025
20543,7771.536370000001,20544,7771.53837,0.09830016311734306,-0.38349671594334916,-0.22414032461627648,-0.22221864692489354,-0.3924846526927655,0.34359615768916374,0.2769145743233707
20544,7771.53837,20545,7771.540370000001,0.5217358627722051,-0.33386908533994497,-0.26469932568774684,-0.22221864692489354,-0.1775482780412954,0.5174930648238687,0.09830016311734306
20545,7771.540370000001,20546,7771.54237,0.6755408657174936,-0.4935637514578185,-0.19492005369880339,-0.22221864692489354,-0.5764804460842872,-0.3267540379289676,0.5217358627722051
20546,7771.54237,20547,7771.5443700000005,0.179040474739955,-0.540651181947749,0.03771471514515023,-0.22221864692489354,-0.2782381647551293,0.3015257504279363,0.6755408657174936
20547,7771.5443700000005,20548,7771.54637,-1.152654606606412,-0.3680243083006973,-0.3284851404962956,-0.22221864692489354,0.0409690264766767,0.23826432285676985,0.179040474739955
20548,7771.54637,20549,7771.54837,0.7857570514185471,0.45554565649745477,0.1794359902082422,-0.22221864692489354,0.5357641059481889,0.46674536964446656,-1.152654606606412
20549,7771.54837,20550,7771.55037,-0.2880004930881254,-0.349079290883896,-0.34364778258269746,-0.22221864692489354,0.20954836949416825,-0.2963973956432763,0.7857570514185471
20550,7771.55037,20551,7771.55237,-0.6123535085446765,0.21947532111276988,0.37204663762147455,-0.22221864692489354,0.1697773278423017,-0.39817136066672254,-0.2880004930881254
20551,7771.55237,20552,7771.55437,0.24495311980478285,0.44799338041210496,-0.21378965766165123,-0.22221864692489354,0.44799338041210496,0.4353801578601097,-0.6123535085446765
20552,7771.55437,20553,7771.55637,0.7583792736777252,0.057427309036130976,0.03328868571940855,-0.22221864692489354,-0.12508820571390933,0.3033279162038353,0.24495311980478285
20553,7771.55637,20554,7771.558370000001,-1.0155471229103716,-0.47917436999762225,-0.349079290883896,-0.22221864692489354,-0.349079290883896,-0.19497995366587803,0.7583792736777252
20554,7771.558370000001,20555,7771.56037,0.6009041756922625,-0.3602608635249846,-0.3699117898289583,-0.22221864692489354,0.23176145134814374,0.660405885525192,-1.0155471229103716
20555,7771.56037,20556,7771.562370000001,0.9681421962065552,-0.1367745355898586,-0.2585071819480077,-0.22221864692489354,0.08508352655231005,-0.15086438113950212,0.6009041756922625
20556,7771.562370000001,20557,7771.56437,0.6928195563783511,-0.6058412776143282,-0.6326840561661579,-0.22221864692489354,0.04222592211034088,0.03641703850535831,0.9681421962065552
20557,7771.56437,20558,7771.5663700000005,-0.876999260985576,-0.3877785297543843,0.027639950487542052,-0.22221864692489354,-0.335067376615976,0.3015257504279363,0.6928195563783511
20558,7771.5663700000005,20559,7771.56837,-0.6142260759868451,-0.22402396436481015,-0.4450124051964178,-0.22221864692489354,0.39277958719486766,0.4043361726471263,-0.876999260985576
20559,7771.56837,20560,7771.57037,-0.2837069391197184,0.44799338041210496,-0.21378965766165123,-0.22221864692489354,0.46278931550316726,0.4353801578601097,-0.6142260759868451
20560,7771.57037,20561,7771.57237,-0.06137154613893152,0.21947532111276988,0.21947532111276988,-0.22221864692489354,0.4868088518975959,-0.39253381448423247,-0.2837069391197184
20561,7771.57237,20562,7771.57437,0.036662674088657365,-0.26469932568774684,-0.142219654779851,-0.22221864692489354,-0.20898740935191218,0.2538024840754271,-0.06137154613893152
20562,7771.57437,20563,7771.576370000001,0.4600360097990797,-0.33386908533994497,-0.142219654779851,-0.22221864692489354,-0.4168168715325789,0.28425491436494743,0.036662674088657365
20563,7771.576370000001,20564,7771.57837,0.6527421448994719,-0.10399106154996786,-0.3111977571319168,-0.22221864692489354,-0.1284868431191316,-0.4763528569243921,0.4600360097990797
20564,7771.57837,20565,7771.580370000001,-0.5022356047576113,-0.16977732784229826,-0.43566271025191466,-0.22221864692489354,-0.17678609450109892,0.24819562790769067,0.6527421448994719
20565,7771.580370000001,20566,7771.58237,-0.40394742683339596,-0.10621910965384766,-0.3793708463931679,-0.22221864692489354,-0.05260453624490309,0.3986600833996137,-0.5022356047576113
20566,7771.58237,20567,7771.5843700000005,0.715640256609954,-0.03904571359033493,-0.18444244836309,-0.22221864692489354,0.3227031064633891,-0.09118222407484311,-0.40394742683339596
20567,7771.5843700000005,20568,7771.58637,0.047237766096947686,-0.5447970547107047,-0.40321812085722475,-0.22221864692489354,-0.1754432389004157,0.14152483745726482,0.715640256609954
20568,7771.58637,20569,7771.58837,-0.7804845583939972,-0.33386908533994497,-0.142219654779851,-0.22221864692489354,-0.4168168715325789,0.28425491436494743,0.047237766096947686
20569,7771.58837,20570,7771.59037,-0.590290856690797,0.23860842861534076,-0.32138433220463275,-0.22221864692489354,0.03149161340575731,0.34178760532952207,-0.7804845583939972
20570,7771.59037,20571,7771.59237,-0.5909562396634035,0.4560994046946216,0.3041338046050559,-0.22221864692489354,0.26041654401513353,0.23579476037952593,-0.590290856690797
20571,7771.59237,20572,7771.594370000001,0.3325649641326813,0.4560994046946216,0.2858970407397554,-0.22221864692489354,0.26041654401513353,0.3611489968540988,-0.5909562396634035
20572,7771.594370000001,20573,7771.59637,0.2905623608361829,0.425368832305809,0.12222568506445756,-0.22221864692489354,-0.3466117404736551,-0.40579262498731017,0.3325649641326813
20573,7771.59637,20574,7771.598370000001,-0.7553912151424326,0.011543669774703644,0.425368832305809,-0.22221864692489354,-0.3323039356790976,0.013771882736142901,0.2905623608361829
20574,7771.598370000001,20575,7771.60037,0.41528029347701656,0.3497978476422957,-0.24241435958050994,-0.22221864692489354,0.02217274005040809,0.41712870065275015,-0.7553912151424326
20575,7771.60037,20576,7771.6023700000005,1.0628829561061492,-0.2256517770607452,-0.4612300397916861,-0.22221864692489354,0.4905597772804365,-0.3234408610880635,0.41528029347701656
20576,7771.6023700000005,20577,7771.60437,0.04302811248172931,-0.11095358048304305,0.19701442061940258,-0.22221864692489354,-0.12444565605484263,-0.303838387594942,1.0628829561061492
20577,7771.60437,20578,7771.60637,0.48955644390009007,-0.33386908533994497,-0.142219654779851,-0.22221864692489354,-0.4168168715325789,0.28425491436494743,0.04302811248172931
20578,7771.60637,20579,7771.60837,-0.43838994192301156,-0.49602694353394244,0.04278403570094096,-0.22221864692489354,-0.19770161346378662,-0.09826717342661563,0.48955644390009007
20579,7771.60837,20580,7771.61037,-0.5945778282662393,-0.3360041692109607,-0.2852952407927156,-0.22221864692489354,-0.2596588512934251,0.16676286846948227,-0.43838994192301156
20580,7771.61037,20581,7771.61237,-0.3107443814757499,0.4881277446660977,-0.1367745355898586,-0.22221864692489354,0.14612689443683152,0.40683511250520366,-0.5945778282662393
20581,7771.61237,20582,7771.61437,-0.7555792991652491,0.18707215955255196,0.3575917210223996,-0.22221864692489354,0.48765850761456897,-0.39817136066672254,-0.3107443814757499
20582,7771.61437,20583,7771.616370000001,0.7982201207499772,0.3497978476422957,-0.24241435958050994,-0.22221864692489354,0.05312237582977187,0.41712870065275015,-0.7555792991652491
20583,7771.616370000001,20584,7771.61837,0.9281941268227095,-0.29246588020138925,-0.20543721480030894,-0.22221864692489354,-0.3583041892459212,-0.4091344370330442,0.7982201207499772
20584,7771.61837,20585,7771.620370000001,-0.9381003003647392,-0.6326840561661579,0.2650902997767296,-0.22221864692489354,-0.09373726669391123,0.16377019365590556,0.9281941268227095
20585,7771.620370000001,20586,7771.62237,0.8791169123948511,0.3341036466462218,-0.022955602520112153,-0.22221864692489354,0.5868156142704946,-0.1109861543034674,-0.9381003003647392
20586,7771.62237,20587,7771.62437,-0.28903693219465054,-0.4450124051964178,-0.21528747729291253,-0.22221864692489354,0.08822083638146941,-0.28636182004630667,0.8791169123948511
20587,7771.62437,20588,7771.62637,0.4466437269284997,0.24637656706444025,0.37204663762147455,-0.22221864692489354,-0.09224485285252441,-0.44561863539592267,-0.28903693219465054
20588,7771.62637,20589,7771.62837,0.18128978417791644,-0.2256517770607452,-0.3055559555122169,-0.22221864692489354,-0.3716451319699072,-0.42434549781223985,0.4466437269284997
20589,7771.62837,20590,7771.63037,0.5278732954946634,-0.3680243083006973,-0.25979920808060847,-0.22221864692489354,0.09396921990667409,0.2949621506605914,0.18128978417791644
20590,7771.63037,20591,7771.63237,-1.2886985868018603,-0.37882276466544773,-0.19492005369880339,-0.22221864692489354,0.2732102520690237,-0.3267540379289676,0.5278732954946634
20591,7771.63237,20592,7771.634370000001,0.04546560933590178,0.22067280362221273,-0.38292607420403013,-0.22221864692489354,0.11375105807348852,0.29479954022064125,-1.2886985868018603
20592,7771.634370000001,20593,7771.63637,0.30136420388871793,-0.33386908533994497,-0.142219654779851,-0.22221864692489354,-0.4168168715325789,0.28425491436494743,0.04546560933590178
20593,7771.63637,20594,7771.638370000001,0.04341154138650821,-0.22414032461627648,0.425368832305809,-0.22221864692489354,0.11462772420103397,-0.021068574384631857,0.30136420388871793
20594,7771.638370000001,20595,7771.64037,0.21352510350733855,-0.33386908533994497,-0.142219654779851,-0.22221864692489354,-0.4168168715325789,0.28425491436494743,0.04341154138650821
20595,7771.64037,20596,7771.6423700000005,0.021709851260079054,0.057427309036130976,0.057427309036130976,-0.22221864692489354,0.3232037850250431,0.18912276188143587,0.21352510350733855
20596,7771.6423700000005,20597,7771.64437,0.765243511585446,-0.33386908533994497,-0.142219654779851,-0.22221864692489354,-0.4168168715325789,0.28425491436494743,0.021709851260079054
20597,7771.64437,20598,7771.64637,-0.14275622861108372,-0.46320165830331783,-0.32138433220463275,-0.22221864692489354,-0.24856472065352805,-0.4830662570737806,0.765243511585446
20598,7771.64637,20599,7771.64837,-0.6589945854838182,-0.03932569819300731,-0.11764148282154932,-0.22221864692489354,-0.2921398198229918,0.04382965985950285,-0.14275622861108372
20599,7771.64837,20600,7771.65037,-0.06013850036001136,0.23098172421311908,-0.43566271025191466,-0.22221864692489354,0.45221671244256095,0.15775784096124995,-0.6589945854838182
20600,7771.65037,20601,7771.652370000001,-0.3934919866599857,-0.26469932568774684,-0.142219654779851,-0.22221864692489354,-0.20898740935191218,0.2538024840754271,-0.06013850036001136
20601,7771.652370000001,20602,7771.65437,-0.6122745866181578,0.025655330634945066,0.06867010178033228,-0.22221864692489354,-0.12944662820096836,-0.09118222407484311,-0.3934919866599857
20602,7771.65437,20603,7771.656370000001,0.33376481820746007,0.44799338041210496,-0.21378965766165123,-0.22221864692489354,0.07655655129342023,0.4353801578601097,-0.6122745866181578
20603,7771.656370000001,20604,7771.65837,0.4947850103943353,0.425368832305809,0.011543669774703644,-0.22221864692489354,0.3471520376502371,-0.40579262498731017,0.33376481820746007
20604,7771.65837,20605,7771.6603700000005,0.5584868524743842,-0.4935637514578185,0.04278403570094096,-0.22221864692489354,-0.5084935161608979,-0.4437754889272999,0.4947850103943353
20605,7771.6603700000005,20606,7771.66237,0.7569973392617463,-0.1367745355898586,-0.04128339852111738,-0.22221864692489354,-0.1268530913742558,-0.3267540379289676,0.5584868524743842
20606,7771.66237,20607,7771.66437,-0.971412901495238,-0.5683491514108684,-0.349079290883896,-0.22221864692489354,-0.26148195471955166,-0.1386139956879885,0.7569973392617463
20607,7771.66437,20608,7771.66637,0.36464311358790935,-0.3445507870687826,-0.6058412776143282,-0.22221864692489354,0.12512032236157727,-0.06390137552825216,-0.971412901495238
20608,7771.66637,20609,7771.66837,-0.3194029041360544,0.24347058211343803,-0.261061533451254,-0.22221864692489354,0.23826432285676985,-0.4836049776255281,0.36464311358790935
20609,7771.66837,20610,7771.67037,-0.7346750223627022,0.18707215955255196,0.44738858858162417,-0.22221864692489354,0.006421557793333383,-0.4840761201548569,-0.3194029041360544
20610,7771.67037,20611,7771.67237,0.40533164454655335,0.31058431744980514,-0.09081668448449774,-0.22221864692489354,0.01621003381847506,0.34638009514734397,-0.7346750223627022
20611,7771.67237,20612,7771.674370000001,-0.42434549781223724,-0.2256517770607452,-0.18444244836309,-0.22221864692489354,-0.21684166143931008,-0.3234408610880635,0.40533164454655335
20612,7771.674370000001,20613,7771.67637,0.601283284790424,-0.2852952407927156,-0.586228480579486,-0.22221864692489354,-0.3767273214859622,0.33683613764414877,-0.42434549781223724
20613,7771.67637,20614,7771.6783700000005,-0.24307106153281227,-0.1367745355898586,-0.42710372668664515,-0.22221864692489354,0.20629633410779258,-0.15086438113950212,0.601283284790424
20614,7771.6783700000005,20615,7771.68037,0.7854086280308387,0.03328868571940855,0.1188056649534898,-0.22221864692489354,0.44384554392049824,-0.018749422511174247,-0.24307106153281227
20615,7771.68037,20616,7771.68237,0.5651276721147797,-0.349079290883896,-0.34364778258269746,-0.22221864692489354,0.20954836949416825,-0.2963973956432763,0.7854086280308387
20616,7771.68237,20617,7771.68437,-0.264475843272089,-0.04128339852111738,0.4142706294650885,-0.22221864692489354,-0.24563662736422437,-0.30157959347546437,0.5651276721147797
20617,7771.68437,20618,7771.68637,-0.5525978491124712,0.03328868571940855,-0.01570854725854441,-0.22221864692489354,-0.23972595527289664,-0.171311823601295,-0.264475843272089
20618,7771.68637,20619,7771.68837,0.5037762675472285,0.3045365053903889,-0.19492005369880339,-0.22221864692489354,0.14404913515007164,0.3611489968540988,-0.5525978491124712
20619,7771.68837,20620,7771.69037,-0.7974826032005087,-0.3111977571319168,-0.3793708463931679,-0.22221864692489354,-0.19737301493355086,-0.4046033477577051,0.5037762675472285
20620,7771.69037,20621,7771.692370000001,-0.7375862833204561,0.20127932814136076,0.09869595454043296,-0.22221864692489354,0.4770307464543631,0.371268573956694,-0.7974826032005087
20621,7771.692370000001,20622,7771.69437,0.6445990253205471,0.29607261486744285,-0.24241435958050994,-0.22221864692489354,-0.15086438113950212,0.34638009514734397,-0.7375862833204561
20622,7771.69437,20623,7771.696370000001,0.5553587217954742,-0.49283027954691044,-0.4089410134347594,-0.22221864692489354,0.2628820837601324,0.2386084286153376,0.6445990253205471
20623,7771.696370000001,20624,7771.69837,0.06376479149470939,-0.04128339852111738,-0.14386003369658196,-0.22221864692489354,0.08608586542674336,-0.4046033477577051,0.5553587217954742
20624,7771.69837,20625,7771.7003700000005,-0.07503825554144733,-0.33386908533994497,-0.142219654779851,-0.22221864692489354,-0.4168168715325789,0.28425491436494743,0.06376479149470939
20625,7771.7003700000005,20626,7771.70237,0.3689559111024502,-0.26469932568774684,-0.142219654779851,-0.22221864692489354,-0.20898740935191218,0.2538024840754271,-0.07503825554144733
20626,7771.70237,20627,7771.70437,0.6520787195152349,-0.18444244836309,-0.22608734875547484,-0.22221864692489354,0.04897213123389531,-0.44155453861695204,0.3689559111024502
20627,7771.70437,20628,7771.70637,-0.8937119890365004,-0.16977732784229826,-0.4089410134347594,-0.22221864692489354,-0.25046481055775166,0.24819562790769067,0.6520787195152349
20628,7771.70637,20629,7771.70837,0.32035447959376717,-0.19647628792681227,-0.19647628792681227,-0.22221864692489354,0.2629100663549591,0.28595173187160355,-0.8937119890365004
20629,7771.70837,20630,7771.710370000001,-0.41640894821650093,0.011543669774703644,0.44738858858162417,-0.22221864692489354,0.4975993231335031,-0.29284614965403966,0.32035447959376717
20630,7771.710370000001,20631,7771.71237,-0.8350826502386528,-0.2852952407927156,-0.586228480579486,-0.22221864692489354,0.36028624971235795,0.042191029666294615,-0.41640894821650093
20631,7771.71237,20632,7771.714370000001,-0.11747968361400779,0.2001179742892834,-0.013089570749465922,-0.22221864692489354,0.24495311980479156,0.3577698856724587,-0.8350826502386528
20632,7771.714370000001,20633,7771.71637,0.9757572675350304,-0.264447904458089,-0.11764148282154932,-0.22221864692489354,-0.013735983183093927,0.2439554997582549,-0.11747968361400779
20633,7771.71637,20634,7771.7183700000005,0.5572784686446844,-0.6482031138510547,-0.6058412776143282,-0.22221864692489354,-0.5455355838053917,0.08608586542674336,0.9757572675350304
20634,7771.7183700000005,20635,7771.72037,-0.7536283461736307,-0.1367745355898586,-0.04128339852111738,-0.22221864692489354,-0.08394632661705966,-0.3267540379289676,0.5572784686446844
20635,7771.72037,20636,7771.72237,0.7749326118263297,0.3497978476422957,-0.24241435958050994,-0.22221864692489354,0.05312237582977187,0.41712870065275015,-0.7536283461736307
20636,7771.72237,20637,7771.72437,-0.20525937378970802,-0.349079290883896,-0.11323118932863557,-0.22221864692489354,0.2627701455499093,-0.2963973956432763,0.7749326118263297
20637,7771.72437,20638,7771.72637,0.06659509465772555,-0.05790830952639997,-0.2839535651400084,-0.22221864692489354,0.09001867945461382,0.30327416721161743,-0.20525937378970802
20638,7771.72637,20639,7771.728370000001,0.32077711154047317,-0.33386908533994497,-0.142219654779851,-0.22221864692489354,-0.4168168715325789,0.28425491436494743,0.06659509465772555
20639,7771.728370000001,20640,7771.73037,-0.515582263877696,0.011543669774703644,0.480863464481744,-0.22221864692489354,0.4681137645030068,-0.29284614965403966,0.32077711154047317
20640,7771.73037,20641,7771.732370000001,-0.42999643765457257,-0.19492005369880339,0.040025316929352794,-0.22221864692489354,0.0985640414709469,0.3997832400759384,-0.515582263877696
20641,7771.732370000001,20642,7771.73437,-0.054949931035778075,-0.38854385795705143,-0.5832876300759183,-0.22221864692489354,-0.18483583344676652,-0.05625820086362428,-0.42999643765457257
20642,7771.73437,20643,7771.7363700000005,-0.7609673902254159,-0.26469932568774684,-0.142219654779851,-0.22221864692489354,-0.20898740935191218,0.2538024840754271,-0.054949931035778075
20643,7771.7363700000005,20644,7771.73837,0.6716809318141213,0.3497978476422957,-0.32138433220463275,-0.22221864692489354,0.2478548059554514,0.4004418971711687,-0.7609673902254159
20644,7771.73837,20645,7771.74037,1.1317718808003538,-0.4089410134347594,0.003959394191598462,-0.22221864692489354,-0.5515920025449972,0.25667864216008623,0.6716809318141213
20645,7771.74037,20646,7771.74237,-0.5807250905406391,-0.48783729055021424,0.4308484280502308,-0.22221864692489354,-0.5626425299075791,-0.4301858315945434,1.1317718808003538
20646,7771.74237,20647,7771.74437,-0.17709103763156764,0.44799338041210496,0.5122513585153673,-0.22221864692489354,0.24389846282682473,0.40683511250520366,-0.5807250905406391
20647,7771.74437,20648,7771.74637,-0.5272505034333943,0.2694643577625831,-0.25979920808060847,-0.22221864692489354,0.23225207892836744,0.14244063181491506,-0.17709103763156764
20648,7771.74637,20649,7771.74837,-0.11912880849666449,0.0023266815309476974,-0.19492005369880339,-0.22221864692489354,0.14187230646494306,0.47266160416269526,-0.5272505034333943
20649,7771.74837,20650,7771.750370000001,0.46813655522718245,-0.264447904458089,-0.11764148282154932,-0.22221864692489354,0.05880098279861804,0.2439554997582549,-0.11912880849666449
20650,7771.750370000001,20651,7771.75237,-0.7415819802386848,-0.10399106154996786,-0.1580064889391583,-0.22221864692489354,-0.110790695463218,-0.4763528569243921,0.46813655522718245
20651,7771.75237,20652,7771.754370000001,0.10487632202188685,0.31058431744980514,-0.09081668448449774,-0.22221864692489354,0.08448164062495879,0.41712870065275015,-0.7415819802386848
20652,7771.754370000001,20653,7771.75637,0.9161524147564609,-0.45759760137687655,-0.33386908533994497,-0.22221864692489354,0.35092596611180915,0.29896486053485194,0.10487632202188685
20653,7771.75637,20654,7771.7583700000005,0.3546346473880605,-0.5942765296670074,-0.057564761357569785,-0.22221864692489354,0.29626208313884345,-0.2615379975362791,0.9161524147564609
20654,7771.7583700000005,20655,7771.76037,-1.0142411488838063,0.07077472253750312,-0.2277407930818674,-0.22221864692489354,0.26506237812488365,-0.44155453861695204,0.3546346473880605
20655,7771.76037,20656,7771.76237,0.6119983108142104,-0.3602608635249846,-0.4045790620607671,-0.22221864692489354,0.23176145134814374,0.660405885525192,-1.0142411488838063
20656,7771.76237,20657,7771.76437,0.28430969537786366,-0.1367745355898586,-0.21378965766165123,-0.22221864692489354,-0.13972237993573028,-0.20585205420414715,0.6119983108142104
20657,7771.76437,20658,7771.76637,-0.7243036880955667,-0.22414032461627648,0.21947532111276988,-0.22221864692489354,-0.250238123866123,0.21947532111276988,0.28430969537786366
20658,7771.76637,20659,7771.768370000001,-0.5009572549769491,0.08448164062495879,-0.22486726958948416,-0.22221864692489354,0.35995617899805926,0.28824606260599483,-0.7243036880955667
20659,7771.768370000001,20660,7771.77037,0.803970455149718,-0.10621910965384766,-0.3793708463931679,-0.22221864692489354,0.4686605985752822,0.3986600833996137,-0.5009572549769491
20660,7771.77037,20661,7771.772370000001,-0.6656385046718791,-0.2924387125634771,-0.20543721480030894,-0.22221864692489354,-0.28463831845015736,-0.49280804472495426,0.803970455149718
20661,7771.772370000001,20662,7771.77437,-0.1852290638394584,-0.26075311214530905,0.003959394191598462,-0.22221864692489354,0.260893315440316,0.03494195658158384,-0.6656385046718791
20662,7771.77437,20663,7771.7763700000005,0.08712056120169658,-0.05790830952639997,-0.25979920808060847,-0.22221864692489354,-0.3740016724572771,0.16897845850712317,-0.1852290638394584
20663,7771.7763700000005,20664,7771.77837,0.5960629075092554,-0.33386908533994497,-0.142219654779851,-0.22221864692489354,-0.4168168715325789,0.28425491436494743,0.08712056120169658
20664,7771.77837,20665,7771.78037,-0.0390457135903155,-0.11540633830732888,-0.1367745355898586,-0.22221864692489354,-0.18722308244633276,-0.15086438113950212,0.5960629075092554
20665,7771.78037,20666,7771.78237,0.3305271329331585,-0.26469932568774684,-0.142219654779851,-0.22221864692489354,-0.20898740935191218,0.2538024840754271,-0.0390457135903155
20666,7771.78237,20667,7771.78437,0.7430026811256144,0.425368832305809,0.1289028630940942,-0.22221864692489354,0.3471520376502371,-0.40579262498731017,0.3305271329331585
20667,7771.78437,20668,7771.786370000001,-0.3689810775153548,-0.5447970547107047,0.0810640939092567,-0.22221864692489354,-0.14486816181421797,0.09091639035226247,0.7430026811256144
20668,7771.786370000001,20669,7771.78837,-0.27265618939036174,0.18707215955255196,-0.22608734875547484,-0.22221864692489354,0.18948419678191017,-0.2040136003593252,-0.3689810775153548
20669,7771.78837,20670,7771.790370000001,-0.4288119121554025,0.011795490982976716,0.24637656706444025,-0.22221864692489354,0.3052341361573687,-0.08755414746714527,-0.27265618939036174
20670,7771.790370000001,20671,7771.79237,-0.424773997830693,-0.3360041692109607,-0.5832876300759183,-0.22221864692489354,0.15145890217645686,-0.05625820086362428,-0.4288119121554025
20671,7771.79237,20672,7771.7943700000005,0.019606351188592584,-0.2852952407927156,-0.4612300397916861,-0.22221864692489354,-0.3767273214859622,0.20996150728149343,-0.424773997830693
20672,7771.7943700000005,20673,7771.79637,-0.06972296583738007,-0.33386908533994497,-0.142219654779851,-0.22221864692489354,-0.4168168715325789,0.28425491436494743,0.019606351188592584
20673,7771.79637,20674,7771.79837,-0.2607250691273168,-0.26469932568774684,-0.142219654779851,-0.22221864692489354,-0.20898740935191218,0.2538024840754271,-0.06972296583738007
20674,7771.79837,20675,7771.80037,0.35692968855863366,0.03328868571940855,0.03328868571940855,-0.22221864692489354,-0.30970350704733635,-0.2532375601838979,-0.2607250691273168
20675,7771.80037,20676,7771.80237,0.6383517597308164,0.24347058211343803,-0.2277407930818674,-0.22221864692489354,0.08190280904690711,-0.4836049776255281,0.35692968855863366
20676,7771.80237,20677,7771.80437,0.2226265842247662,-0.49283027954691044,-0.16977732784229826,-0.22221864692489354,-0.2149352509251273,0.23783402407935733,0.6383517597308164
20677,7771.80437,20678,7771.80637,-0.4966694818036955,-0.3680243083006973,0.057427309036130976,-0.22221864692489354,0.06758211037693988,0.23826432285676985,0.2226265842247662
20678,7771.80637,20679,7771.808370000001,0.45987516605842466,-0.22303435517964126,-0.22303435517964126,-0.22221864692489354,-0.25965885129342464,0.3986600833996137,-0.4966694818036955
20679,7771.808370000001,20680,7771.81037,-0.7843626288818424,-0.10399106154996786,-0.3111977571319168,-0.22221864692489354,-0.1284868431191316,-0.4763528569243921,0.45987516605842466
20680,7771.81037,20681,7771.812370000001,-0.6622282180508842,0.23860842861534076,-0.34364778258269746,-0.22221864692489354,-0.09496269616151604,0.3098637121101606,-0.7843626288818424
20681,7771.812370000001,20682,7771.81437,0.5004278042696816,0.23098172421311908,-0.5999258094856524,-0.22221864692489354,0.45450655141971685,0.15775784096124995,-0.6622282180508842
20682,7771.81437,20683,7771.8163700000005,0.15402068307699374,-0.3111977571319168,-0.3793708463931679,-0.22221864692489354,0.14684994890175992,-0.4046033477577051,0.5004278042696816
20683,7771.8163700000005,20684,7771.81837,0.4666769007236196,-0.1451200351232795,-0.1451200351232795,-0.22221864692489354,-0.3758529225794601,0.07911556141073157,0.15402068307699374
20684,7771.81837,20685,7771.82037,0.18981539738712347,-0.10399106154996786,-0.3055559555122169,-0.22221864692489354,-0.11722075041733283,-0.4093036519968823,0.4666769007236196
20685,7771.82037,20686,7771.82237,0.7332074655809171,-0.3680243083006973,-0.3284851404962956,-0.22221864692489354,-0.22846512636478014,0.23826432285676985,0.18981539738712347
20686,7771.82237,20687,7771.82437,0.16491278622983252,-0.5447970547107047,-0.09081668448449774,-0.22221864692489354,0.22858097101723104,0.09164726311328769,0.7332074655809171
20687,7771.82437,20688,7771.826370000001,-1.1760562561224381,-0.2137014807198618,-0.25979920808060847,-0.22221864692489354,0.23225207892836824,0.18912276188143587,0.16491278622983252
20688,7771.826370000001,20689,7771.82837,0.443845543920508,0.6013431309857261,0.14744686068649904,-0.22221864692489354,0.010067442167606184,0.5204389578696991,-1.1760562561224381
20689,7771.82837,20690,7771.830370000001,0.24620586033817266,-0.2256517770607452,-0.2852952407927156,-0.22221864692489354,-0.4280293560026267,-0.4093036519968823,0.443845543920508
20690,7771.830370000001,20691,7771.83237,0.34869413726703896,0.057427309036130976,0.11043225500122787,-0.22221864692489354,-0.41048735567775374,0.3033279162038353,0.24620586033817266
20691,7771.83237,20692,7771.8343700000005,0.1603965696945131,0.07077472253750312,0.12222568506445756,-0.22221864692489354,-0.32963754627062253,-0.5797879215371626,0.34869413726703896
20692,7771.8343700000005,20693,7771.83637,-0.10631729165061302,-0.2137014807198618,-0.1253451100184705,-0.22221864692489354,0.23225207892836824,0.07911556141073157,0.1603965696945131
20693,7771.83637,20694,7771.83837,-1.0326824452223182,-0.26469932568774684,-0.19426091714379276,-0.22221864692489354,-0.19426091714379276,0.17611489210839118,-0.10631729165061302
20694,7771.83837,20695,7771.84037,1.1529189334078167,0.06325243515675495,0.13867736503625425,-0.22221864692489354,0.04810532466817255,0.4905597772804365,-1.0326824452223182
20695,7771.84037,20696,7771.84237,0.23682927295777423,0.05132605090292216,0.1794359902082422,-0.22221864692489354,-0.3302394120727211,-0.4301858315945434,1.1529189334078167
20696,7771.84237,20697,7771.844370000001,0.5327989918374685,-0.3284851404962956,0.11043225500122787,-0.22221864692489354,0.05229370372931928,0.3033279162038353,0.23682927295777423
20697,7771.844370000001,20698,7771.84637,-0.9293300085830919,-0.4341784187284774,-0.19492005369880339,-0.22221864692489354,0.48223516054013216,-0.3267540379289676,0.5327989918374685
20698,7771.84637,20699,7771.848370000001,0.09055075355848051,0.24161431382093385,0.2650902997767296,-0.22221864692489354,0.4396804311974777,0.00775872212043541,-0.9293300085830919
20699,7771.848370000001,20700,7771.85037,-0.24526645209625092,-0.33386908533994497,-0.1375361019146593,-0.22221864692489354,-0.6704344084292436,0.28425491436494743,0.09055075355848051
20700,7771.85037,20701,7771.8523700000005,-1.0760980720467317,0.011795490982976716,0.03328868571940855,-0.22221864692489354,0.44384554392049824,0.01290993755996567,-0.24526645209625092
20701,7771.8523700000005,20702,7771.85437,0.4353330580320192,0.2845561728058882,0.30970350704733635,-0.22221864692489354,0.00029113141149652433,-0.15458214789101868,-1.0760980720467317
20702,7771.85437,20703,7771.85637,0.811338584950664,-0.2256517770607452,-0.3360041692109607,-0.22221864692489354,-0.32866856663503685,-0.34776916289481696,0.4353330580320192
20703,7771.85637,20704,7771.85837,0.2567067988803879,-0.29246588020138925,0.0807619841739891,-0.22221864692489354,-0.018749422511171517,-0.32164822622632444,0.811338584950664
20704,7771.85837,20705,7771.86037,-0.07124934708449265,-0.3924846526927655,0.03328868571940855,-0.22221864692489354,0.06376479149471319,0.21947532111276988,0.2567067988803879
20705,7771.86037,20706,7771.86237,0.5151257371683886,-0.26469932568774684,-0.142219654779851,-0.22221864692489354,-0.20898740935191218,0.2538024840754271,-0.07124934708449265
20706,7771.86237,20707,7771.86437,0.4758554457133413,-0.4935637514578185,-0.22303435517964126,-0.22221864692489354,0.12733388372930474,-0.4046033477577051,0.5151257371683886
20707,7771.86437,20708,7771.866370000001,-0.9032709452853596,-0.2707978394581285,0.04278403570094096,-0.22221864692489354,-0.017712986328966562,-0.5134500205163743,0.4758554457133413
20708,7771.866370000001,20709,7771.86837,-1.0557662068258984,-0.022955602520112153,-0.21528747729291253,-0.22221864692489354,-0.19647628792681227,0.18377636701599045,-0.9032709452853596
20709,7771.86837,20710,7771.870370000001,0.4954283468926042,0.2845561728058882,0.2845561728058882,-0.22221864692489354,0.21827640291959524,0.458518454151563,-1.0557662068258984
20710,7771.870370000001,20711,7771.87237,-0.09241078664532583,-0.4935637514578185,0.04278403570094096,-0.22221864692489354,-0.48171818461295457,-0.4437754889272999,0.4954283468926042
20711,7771.87237,20712,7771.87437,0.6594840617539895,-0.26469932568774684,-0.1375361019146593,-0.22221864692489354,-0.06024131226572355,0.2538024840754271,-0.09241078664532583
20712,7771.87437,20713,7771.87637,0.28499420495349165,-0.16977732784229826,-0.43566271025191466,-0.22221864692489354,-0.4252736825638315,0.24819562790769067,0.6594840617539895
20713,7771.87637,20714,7771.87837,-0.34534991065323106,-0.22414032461627648,0.24637656706444025,-0.22221864692489354,-0.4950290833067891,0.21947532111276988,0.28499420495349165
20714,7771.87837,20715,7771.88037,0.4518693092777011,0.06867010178033228,-0.2277407930818674,-0.22221864692489354,0.11491977553924453,-0.6070320847252332,-0.34534991065323106
20715,7771.88037,20716,7771.88237,0.6684404641394482,0.2012793281413575,-0.3055559555122169,-0.22221864692489354,0.38812423437792226,-0.4437754889272999,0.4518693092777011
20716,7771.88237,20717,7771.884370000001,0.5260252633372939,-0.3877785297543843,-0.3877785297543843,-0.22221864692489354,-0.5191403688204476,0.25667864216008623,0.6684404641394482
20717,7771.884370000001,20718,7771.88637,-0.7879112604144095,-0.4341784187284774,-0.19492005369880339,-0.22221864692489354,0.14710132360850414,-0.18855022265439364,0.5260252633372939
20718,7771.88637,20719,7771.888370000001,-0.25250268168840884,0.23860842861534076,-0.20543721480030894,-0.22221864692489354,0.09869595454043296,0.3098637121101606,-0.7879112604144095
20719,7771.888370000001,20720,7771.89037,-0.48234751125424424,0.03328868571940855,0.14876508692177126,-0.22221864692489354,-0.0003639010229379743,-0.08755414746714527,-0.25250268168840884
20720,7771.89037,20721,7771.8923700000005,0.13756782126188222,-0.2852952407927156,-0.33912048824683566,-0.22221864692489354,0.4321014277295137,0.3986600833996137,-0.48234751125424424
20721,7771.8923700000005,20722,7771.89437,-0.4739992756804451,-0.0468558017538685,-0.11764148282154932,-0.22221864692489354,0.2684630782663481,0.04431724389033626,0.13756782126188222
20722,7771.89437,20723,7771.89637,0.4224388286612875,-0.33912048824683566,0.04278403570094096,-0.22221864692489354,-0.08755414746714527,0.3997832400759384,-0.4739992756804451
20723,7771.89637,20724,7771.89837,1.4131905406545833,-0.18444244836309,-0.586228480579486,-0.22221864692489354,-0.18909263640884166,-0.34776916289481696,0.4224388286612875
20724,7771.89837,20725,7771.90037,-1.2393469745331915,-0.6143048440543135,0.5665331827738171,-0.22221864692489354,-0.7551517843025956,0.17284396829030366,1.4131905406545833
20725,7771.90037,20726,7771.902370000001,0.5763577366600492,0.41342846336422984,-0.19677528628455082,-0.22221864692489354,-0.2788442253797419,0.39408117507002205,-1.2393469745331915
20726,7771.902370000001,20727,7771.90437,0.4213647275209216,-0.04128339852111738,0.4142706294650885,-0.22221864692489354,-0.03029176853583338,-0.24794002233409962,0.5763577366600492
20727,7771.90437,20728,7771.906370000001,-0.886643554481058,-0.18444244836309,-0.586228480579486,-0.22221864692489354,-0.26243425571861306,-0.34776916289481696,0.4213647275209216
20728,7771.906370000001,20729,7771.90837,0.15983836090993614,-0.19647628792681227,-0.20883973594614808,-0.22221864692489354,-0.5045017575595986,0.24680320643266201,-0.886643554481058
20729,7771.90837,20730,7771.9103700000005,0.1737927204464467,-0.1451200351232795,-0.1253451100184705,-0.22221864692489354,0.20830793104691628,0.07911556141073157,0.15983836090993614
20730,7771.9103700000005,20731,7771.91237,-0.9635146109145216,-0.3284851404962956,-0.2137014807198618,-0.22221864692489354,0.08882047661530629,0.18912276188143587,0.1737927204464467
20731,7771.91237,20732,7771.91437,0.4733193273303165,-0.2109641318826023,-0.6326840561661579,-0.22221864692489354,-0.07803888151801902,0.03096244753518709,-0.9635146109145216
20732,7771.91437,20733,7771.91637,0.22195631361435453,-0.2707978394581285,-0.3111977571319168,-0.22221864692489354,-0.12232230808980064,-0.5134500205163743,0.4733193273303165
20733,7771.91637,20734,7771.91837,0.770664128217021,-0.3680243083006973,0.057427309036130976,-0.22221864692489354,0.057427309036130976,0.23826432285676985,0.22195631361435453
20734,7771.91837,20735,7771.92037,-0.8634158032811671,-0.349079290883896,-0.4550377844702846,-0.22221864692489354,-0.23158823118488148,-0.49280804472495426,0.770664128217021
20735,7771.92037,20736,7771.92237,0.35759172102239395,-0.20883973594614808,-0.5540210687587266,-0.22221864692489354,0.2258841055743096,0.4043361726471263,-0.8634158032811671
20736,7771.92237,20737,7771.924370000001,0.8913265628524345,0.24347058211343803,-0.1590935974930537,-0.22221864692489354,0.26072506912731835,-0.4836049776255281,0.35759172102239395
20737,7771.924370000001,20738,7771.92637,-0.9608029428296045,-0.45228617859521053,-0.21528747729291253,-0.22221864692489354,-0.24975624395827684,-0.29064401459706074,0.8913265628524345
20738,7771.92637,20739,7771.9283700000005,1.0711846684996569,-0.2109641318826023,-0.6326840561661579,-0.22221864692489354,0.051913666066468786,0.17522943642255087,-0.9608029428296045
20739,7771.9283700000005,20740,7771.93037,-0.5506271159491812,-0.11095358048304305,0.2845561728058882,-0.22221864692489354,-0.2778522984805656,-0.303838387594942,1.0711846684996569
20740,7771.93037,20741,7771.93237,-0.8321254951735828,0.33431209940636736,-0.19492005369880339,-0.22221864692489354,-0.16784050454834443,0.36385926586707645,-0.5506271159491812
20741,7771.93237,20742,7771.93437,-0.10415505781120718,0.2001179742892834,-0.05257000406954908,-0.22221864692489354,0.22323817832010262,0.2716581023075879,-0.8321254951735828
20742,7771.93437,20743,7771.93637,0.3155344273581287,-0.264447904458089,-0.33386908533994497,-0.22221864692489354,0.062295333733497174,0.17611489210839118,-0.10415505781120718
20743,7771.93637,20744,7771.93837,0.8946794453717736,-0.22414032461627648,0.44738858858162417,-0.22221864692489354,-0.16685528279377265,-0.2264646908205313,0.3155344273581287
20744,7771.93837,20745,7771.94037,-0.7619701862404751,-0.45228617859521053,-0.19647628792681227,-0.22221864692489354,0.015529383950711314,-0.29064401459706074,0.8946794453717736
20745,7771.94037,20746,7771.942370000001,0.3415548396846763,0.3497978476422957,-0.32138433220463275,-0.22221864692489354,0.18323106117679508,0.4004418971711687,-0.7619701862404751
20746,7771.942370000001,20747,7771.94437,0.5997859647131244,0.24358470153953493,0.12222568506445756,-0.22221864692489354,-0.2558335716872606,-0.29284614965403966,0.3415548396846763
20747,7771.94437,20748,7771.946370000001,-0.2310972777145253,-0.11540633830732888,-0.2585071819480077,-0.22221864692489354,-0.008589032090340124,-0.15086438113950212,0.5997859647131244
20748,7771.946370000001,20749,7771.94837,-0.7779799653331788,0.011795490982976716,0.11043225500122787,-0.22221864692489354,0.20582242852460797,-0.018749422511174247,-0.2310972777145253
20749,7771.94837,20750,7771.9503700000005,-0.046925260668950176,0.23860842861534076,-0.34364778258269746,-0.22221864692489354,-0.24791161768141087,0.34178760532952207,-0.7779799653331788
20750,7771.9503700000005,20751,7771.95237,-0.6413461187572794,-0.26469932568774684,-0.142219654779851,-0.22221864692489354,-0.20898740935191218,0.2538024840754271,-0.046925260668950176
20751,7771.95237,20752,7771.95437,0.5927083118861274,0.4079491298634614,-0.4089410134347594,-0.22221864692489354,0.03420359886648286,0.0409690264766767,-0.6413461187572794
20752,7771.95437,20753,7771.95637,0.9108967747574556,-0.11540633830732888,0.13598062011603174,-0.22221864692489354,-0.3354578135198244,-0.15086438113950212,0.5927083118861274
20753,7771.95637,20754,7771.95837,0.3828764377907402,-0.5942765296670074,-0.13101229880341542,-0.22221864692489354,-0.10464688528805648,-0.2615379975362791,0.9108967747574556
20754,7771.95837,20755,7771.960370000001,-0.6637661605123859,-0.5446492834181763,0.06867010178033228,-0.22221864692489354,0.24358470153953493,-0.21602088399978886,0.3828764377907402
20755,7771.960370000001,20756,7771.96237,0.16805589247821556,0.003959394191598462,-0.540651181947749,-0.22221864692489354,0.2956394096838665,0.15775784096124995,-0.6637661605123859
20756,7771.96237,20757,7771.964370000001,0.7441274141201355,-0.1451200351232795,-0.2137014807198618,-0.22221864692489354,0.29252021326307487,0.07911556141073157,0.16805589247821556
20757,7771.964370000001,20758,7771.96637,-1.129739395593958,-0.5447970547107047,0.0810640939092567,-0.22221864692489354,-0.24235723467689102,0.017534181815475017,0.7441274141201355
20758,7771.96637,20759,7771.9683700000005,-0.10494186570677087,0.45554565649745477,0.4308484280502308,-0.22221864692489354,0.35855851921499315,0.46674536964446656,-1.129739395593958
20759,7771.9683700000005,20760,7771.97037,0.13652055120852535,-0.264447904458089,-0.264447904458089,-0.22221864692489354,0.062295333733497174,0.17611489210839118,-0.10494186570677087
20760,7771.97037,20761,7771.97237,-0.21090518178383885,-0.0468558017538685,0.2666247912545009,-0.22221864692489354,0.08708720062388732,0.04431724389033626,0.13652055120852535
20761,7771.97237,20762,7771.97437,-0.5645483577584853,-0.05790830952639997,0.057427309036130976,-0.22221864692489354,0.2105219214126986,0.31985237205293277,-0.21090518178383885
20762,7771.97437,20763,7771.97637,0.5242815461956132,0.4730698970504555,0.4142706294650885,-0.22221864692489354,-0.43448488156047316,0.3611489968540988,-0.5645483577584853
20763,7771.97637,20764,7771.978370000001,0.014023143528225611,-0.4341784187284774,-0.19492005369880339,-0.22221864692489354,-0.5764804460842872,-0.3267540379289676,0.5242815461956132
20764,7771.978370000001,20765,7771.98037,0.2920311094002714,-0.33386908533994497,-0.142219654779851,-0.22221864692489354,-0.4168168715325789,0.28425491436494743,0.014023143528225611
20765,7771.98037,20766,7771.982370000001,0.7928978136859927,0.011543669774703644,0.425368832305809,-0.22221864692489354,-0.3323039356790976,0.013771882736142901,0.2920311094002714
20766,7771.982370000001,20767,7771.98437,-0.17452662054664847,-0.29246588020138925,-0.20543721480030894,-0.22221864692489354,-0.43700374493158844,-0.4091344370330442,0.7928978136859927
20767,7771.98437,20768,7771.9863700000005,-0.11488732960228949,0.2694643577625831,-0.25979920808060847,-0.22221864692489354,-0.16808665839574016,0.14244063181491506,-0.17452662054664847
20768,7771.9863700000005,20769,7771.98837,-0.3605146964027749,-0.264447904458089,-0.11764148282154932,-0.22221864692489354,-0.013735983183093927,0.17611489210839118,-0.11488732960228949
20769,7771.98837,20770,7771.99037,-0.45020009203103284,0.12222568506445756,-0.261061533451254,-0.22221864692489354,-0.19973055642447976,-0.4840761201548569,-0.3605146964027749
20770,7771.99037,20771,7771.99237,-0.671104375328161,-0.3793708463931679,-0.2852952407927156,-0.22221864692489354,-0.03585535906911693,0.4000760301231742,-0.45020009203103284
20771,7771.99237,20772,7771.99437,-0.3246780126389625,-0.26075311214530905,0.003959394191598462,-0.22221864692489354,0.33976850081503496,0.03314785552517815,-0.671104375328161
20772,7771.99437,20773,7771.99637,1.0675744435304728,0.18707215955255196,0.3575917210223996,-0.22221864692489354,-0.09287525483760385,-0.4840761201548569,-0.3246780126389625
20773,7771.99637,20774,7771.99837,0.5734902337222938,-0.11095358048304305,0.17940557149464975,-0.22221864692489354,0.12138789420537592,-0.06393551862196219,1.0675744435304728
20774,7771.99837,20775,7772.000370000001,-0.7925024395580781,-0.04128339852111738,0.3041338046050559,-0.22221864692489354,0.027958540199788492,-0.20585205420414715,0.5734902337222938
20775,7772.000370000001,20776,7772.00237,0.8788902355519441,0.20127932814136076,-0.32138433220463275,-0.22221864692489354,0.2829392689608319,0.34638009514734397,-0.7925024395580781
20776,7772.00237,20777,7772.004370000001,0.544438143685111,-0.4450124051964178,-0.4450124051964178,-0.22221864692489354,0.06267144711901683,-0.28636182004630667,0.8788902355519441
20777,7772.004370000001,20778,7772.00637,-0.30579725208027175,-0.37882276466544773,0.0023266815309476974,-0.22221864692489354,-0.26748864996980365,-0.3267540379289676,0.544438143685111
20778,7772.00637,20779,7772.0083700000005,-0.5621862498266564,0.24637656706444025,0.3022792894054063,-0.22221864692489354,-0.08464886750205043,-0.39817136066672254,-0.30579725208027175
20779,7772.0083700000005,20780,7772.01037,0.1752905275093685,0.33431209940636736,0.20026694120400818,-0.22221864692489354,-0.012083209021288715,0.3611489968540988,-0.5621862498266564
20780,7772.01037,20781,7772.01237,-0.8906098239834614,-0.2137014807198618,-0.25979920808060847,-0.22221864692489354,-0.2185689545570461,0.23826432285676985,0.1752905275093685
20781,7772.01237,20782,7772.01437,-0.04741133803425843,-0.19647628792681227,-0.21528747729291253,-0.22221864692489354,0.03729403152807892,0.24680320643266201,-0.8906098239834614
20782,7772.01437,20783,7772.01637,0.5906135219082699,-0.26469932568774684,-0.142219654779851,-0.22221864692489354,-0.20898740935191218,0.2538024840754271,-0.04741133803425843
20783,7772.01637,20784,7772.018370000001,0.17998336888631114,-0.11540633830732888,0.2858970407397554,-0.22221864692489354,-0.3476663351312287,-0.15086438113950212,0.5906135219082699
20784,7772.018370000001,20785,7772.02037,0.47018559631019574,-0.3680243083006973,-0.3284851404962956,-0.22221864692489354,-0.09055075355848605,0.23826432285676985,0.17998336888631114
20785,7772.02037,20786,7772.022370000001,0.10883400295268146,-0.10399106154996786,-0.3055559555122169,-0.22221864692489354,-0.2491890289685917,-0.5134500205163743,0.47018559631019574
20786,7772.022370000001,20787,7772.02437,-0.43082477144944603,-0.4270562354131642,-0.11764148282154932,-0.22221864692489354,0.34640583616695225,0.28425491436494743,0.10883400295268146
20787,7772.02437,20788,7772.0263700000005,-0.6139700369099436,-0.38854385795705143,-0.4612300397916861,-0.22221864692489354,0.040444853347769295,-0.05625820086362428,-0.43082477144944603
20788,7772.0263700000005,20789,7772.02837,-0.3501056425507317,0.44799338041210496,-0.21378965766165123,-0.22221864692489354,0.46278931550316726,0.4353801578601097,-0.6139700369099436
20789,7772.02837,20790,7772.03037,0.8841660199359871,0.18707215955255196,0.12222568506445756,-0.22221864692489354,-0.5299321891381007,-0.6070320847252332,-0.3501056425507317
20790,7772.03037,20791,7772.03237,-0.7563483656419516,-0.45228617859521053,-0.21528747729291253,-0.22221864692489354,-0.20368706974417702,-0.28636182004630667,0.8841660199359871
20791,7772.03237,20792,7772.03437,-0.5484421952287146,0.3497978476422957,-0.11323118932863557,-0.22221864692489354,0.5919031426564528,0.41712870065275015,-0.7563483656419516
20792,7772.03437,20793,7772.036370000001,0.2231799473761577,0.33431209940636736,-0.19492005369880339,-0.22221864692489354,-0.06089220898455204,0.36385926586707645,-0.5484421952287146
20793,7772.036370000001,20794,7772.03837,0.7458725700287597,-0.3680243083006973,0.057427309036130976,-0.22221864692489354,0.22364570001171516,0.23826432285676985,0.2231799473761577
20794,7772.03837,20795,7772.040370000001,0.29154176619780614,-0.5447970547107047,-0.09081668448449774,-0.22221864692489354,-0.24181438527569216,0.017534181815475017,0.7458725700287597
20795,7772.040370000001,20796,7772.04237,-0.2441551034030998,0.011543669774703644,0.425368832305809,-0.22221864692489354,-0.3323039356790976,0.013771882736142901,0.29154176619780614
20796,7772.04237,20797,7772.0443700000005,0.8787844354384802,0.011795490982976716,0.03328868571940855,-0.22221864692489354,0.27343179121312433,0.01290993755996567,-0.2441551034030998
20797,7772.0443700000005,20798,7772.04637,-0.6092313465807322,-0.4450124051964178,-0.4450124051964178,-0.22221864692489354,0.06267144711901683,-0.28636182004630667,0.8787844354384802
20798,7772.04637,20799,7772.04837,-0.7830660645950887,0.44799338041210496,-0.11540633830732888,-0.22221864692489354,0.2196214323621391,0.40683511250520366,-0.6092313465807322
20799,7772.04837,20800,7772.05037,-0.6679180273330899,0.23860842861534076,-0.32138433220463275,-0.22221864692489354,-0.09128189350464584,0.3098637121101606,-0.7830660645950887
20800,7772.05037,20801,7772.05237,0.9506420459038688,0.003959394191598462,-0.3877785297543843,-0.22221864692489354,0.013412829197409055,0.03314785552517815,-0.6679180273330899
20801,7772.05237,20802,7772.05437,-0.6445226077750436,-0.6633350250260738,-0.3445507870687826,-0.22221864692489354,-0.25295497851591414,0.03641703850535831,0.9506420459038688
20802,7772.05437,20803,7772.05637,0.7705293913747119,0.29766843901634654,-0.4089410134347594,-0.22221864692489354,-0.08878717270042752,0.15775784096124995,-0.6445226077750436
20803,7772.05637,20804,7772.058370000001,-0.22759586344494814,-0.349079290883896,-0.32138433220463275,-0.22221864692489354,-0.23158823118488148,-0.49280804472495426,0.7705293913747119
20804,7772.058370000001,20805,7772.06037,0.40053943911427886,0.011795490982976716,0.057427309036130976,-0.22221864692489354,-0.3114910083570058,0.01290993755996567,-0.22759586344494814
20805,7772.06037,20806,7772.062370000001,0.27221271811171655,0.24347058211343803,-0.03904571359033493,-0.22221864692489354,0.17522943642255087,-0.34776916289481696,0.40053943911427886
20806,7772.062370000001,20807,7772.06437,-0.414751548992482,-0.3924846526927655,0.24637656706444025,-0.22221864692489354,-0.3638592658670793,0.013771882736142901,0.27221271811171655
20807,7772.06437,20808,7772.0663700000005,-0.2783483849200202,-0.22608734875547484,-0.586228480579486,-0.22221864692489354,0.7390995771099155,-0.10448296967144763,-0.414751548992482
20808,7772.0663700000005,20809,7772.06837,-0.5750069382557159,0.03328868571940855,-0.22414032461627648,-0.22221864692489354,0.04382965985950285,-0.08755414746714527,-0.2783483849200202
20809,7772.06837,20810,7772.07037,-0.07787054551896615,0.4560994046946216,0.3041338046050559,-0.22221864692489354,-0.15657591802188506,0.36385926586707645,-0.5750069382557159
20810,7772.07037,20811,7772.07237,0.12560194834015648,-0.26469932568774684,-0.142219654779851,-0.22221864692489354,-0.20898740935191218,0.2538024840754271,-0.07787054551896615
20811,7772.07237,20812,7772.07437,0.19168011566331777,-0.11764148282154932,0.18806782997741056,-0.22221864692489354,0.25549534343634245,0.14970561431342108,0.12560194834015648
20812,7772.07437,20813,7772.076370000001,0.2583385336636026,-0.512207743721221,-0.2839535651400084,-0.22221864692489354,-0.0898190786555496,0.23826432285676985,0.19168011566331777
20813,7772.076370000001,20814,7772.07837,0.0912154483219063,-0.3924846526927655,0.03328868571940855,-0.22221864692489354,0.025052076593478943,0.21947532111276988,0.2583385336636026
20814,7772.07837,20815,7772.080370000001,0.7534741613399708,-0.33386908533994497,-0.1375361019146593,-0.22221864692489354,-0.25018144416311094,0.28425491436494743,0.0912154483219063
20815,7772.080370000001,20816,7772.08237,-0.44073504876202874,-0.5875237651159813,-0.24241435958050994,-0.22221864692489354,0.1471955728349423,0.017534181815475017,0.7534741613399708
20816,7772.08237,20817,7772.0843700000005,0.25366128301900137,-0.3360041692109607,-0.3055559555122169,-0.22221864692489354,-0.2065924110899687,0.20996150728149343,-0.44073504876202874
20817,7772.0843700000005,20818,7772.08637,-0.8637227400546005,-0.22414032461627648,0.26136985966282844,-0.22221864692489354,-0.24555121446397962,0.21947532111276988,0.25366128301900137
20818,7772.08637,20819,7772.08837,0.25836664368623063,-0.20883973594614808,-0.5540210687587266,-0.22221864692489354,0.2258841055743096,0.4043361726471263,-0.8637227400546005
20819,7772.08837,20820,7772.09037,0.15617125505391066,-0.3924846526927655,0.03328868571940855,-0.22221864692489354,0.025052076593478943,0.21947532111276988,0.25836664368623063
20820,7772.09037,20821,7772.09237,-0.23184805017911256,-0.1451200351232795,-0.1253451100184705,-0.22221864692489354,0.006891576060387978,0.07911556141073157,0.15617125505391066
20821,7772.09237,20822,7772.094370000001,-0.47982782488178133,0.011795490982976716,0.057427309036130976,-0.22221864692489354,0.20582242852460797,-0.018749422511174247,-0.23184805017911256
20822,7772.094370000001,20823,7772.09637,0.3156671572132507,-0.2852952407927156,-0.22303435517964126,-0.22221864692489354,0.36719268646428177,0.3986600833996137,-0.47982782488178133
20823,7772.09637,20824,7772.098370000001,0.6472509141980793,-0.22414032461627648,0.44738858858162417,-0.22221864692489354,-0.16685528279377265,-0.2264646908205313,0.3156671572132507
20824,7772.098370000001,20825,7772.10037,0.2726838998164029,-0.49283027954691044,-0.43566271025191466,-0.22221864692489354,0.024022155522242548,0.2567067988803972,0.6472509141980793
20825,7772.10037,20826,7772.1023700000005,0.2108167501193572,-0.3924846526927655,0.24637656706444025,-0.22221864692489354,-0.3638592658670793,0.013771882736142901,0.2726838998164029
20826,7772.1023700000005,20827,7772.10437,0.028595415287653254,0.057427309036130976,0.057427309036130976,-0.22221864692489354,0.05636141246470473,0.18912276188143587,0.2108167501193572
20827,7772.10437,20828,7772.10637,-0.7150706994252597,-0.33386908533994497,-0.142219654779851,-0.22221864692489354,-0.4168168715325789,0.28425491436494743,0.028595415287653254
20828,7772.10637,20829,7772.10837,0.7897634802996405,0.08448164062495879,-0.40321812085722475,-0.22221864692489354,0.31058431744980514,0.5416892626511061,-0.7150706994252597
20829,7772.10837,20830,7772.11037,-0.8643976695194188,-0.32138433220463275,-0.32138433220463275,-0.22221864692489354,0.12058166361201846,-0.4091344370330442,0.7897634802996405
20830,7772.11037,20831,7772.11237,-0.5188371219101601,-0.20883973594614808,-0.5540210687587266,-0.22221864692489354,0.08025826503712463,0.4043361726471263,-0.8643976695194188
20831,7772.11237,20832,7772.11437,-0.5399938800422897,0.1887310599314789,0.1887310599314789,-0.22221864692489354,0.21622614152539313,0.47266160416269526,-0.5188371219101601
20832,7772.11437,20833,7772.116370000001,0.8299058440157119,0.3045365053903889,-0.14386003369658196,-0.22221864692489354,0.36218837940238946,0.47266160416269526,-0.5399938800422897
20833,7772.116370000001,20834,7772.11837,0.4933415440485102,-0.3836207254178327,-0.05257000406954908,-0.22221864692489354,0.022706576388869904,-0.18159335723510206,0.8299058440157119
20834,7772.11837,20835,7772.120370000001,-0.19243103557546423,-0.49602694353394244,0.04278403570094096,-0.22221864692489354,-0.19770161346378662,-0.09826717342661563,0.4933415440485102
20835,7772.120370000001,20836,7772.12237,0.9582793613527157,0.011795490982976716,-0.2839535651400084,-0.22221864692489354,-0.22207291469304025,0.30327416721161743,-0.19243103557546423
20836,7772.12237,20837,7772.12437,0.1233201997243241,-0.6482031138510547,-0.6482031138510547,-0.22221864692489354,-0.2768869808850939,0.03641703850535831,0.9582793613527157
20837,7772.12437,20838,7772.12637,-0.827060665782882,-0.1375361019146593,-0.11764148282154932,-0.22221864692489354,0.07345001494401333,0.28425491436494743,0.1233201997243241
20838,7772.12637,20839,7772.12837,0.05832041159617709,0.19800024573023775,-0.013089570749465922,-0.22221864692489354,-0.015923500865217037,0.2716581023075879,-0.827060665782882
20839,7772.12837,20840,7772.13037,-0.48465913210069117,-0.33386908533994497,-0.142219654779851,-0.22221864692489354,-0.4168168715325789,0.28425491436494743,0.05832041159617709
20840,7772.13037,20841,7772.13237,-0.48792667003321605,-0.33912048824683566,0.04278403570094096,-0.22221864692489354,-0.09148120256722728,0.3986600833996137,-0.48465913210069117
20841,7772.13237,20842,7772.134370000001,0.11877334485522939,-0.3793708463931679,0.04278403570094096,-0.22221864692489354,-0.14527742373181549,0.3997832400759384,-0.48792667003321605
20842,7772.134370000001,20843,7772.13637,-0.7095183530923377,-0.11764148282154932,-0.1451200351232795,-0.22221864692489354,0.28510368301693717,0.06598197385371023,0.11877334485522939
20843,7772.13637,20844,7772.138370000001,0.6538405674480291,0.23098172421311908,-0.3862955833629926,-0.22221864692489354,0.15252190055700302,0.49320819589851683,-0.7095183530923377
20844,7772.138370000001,20845,7772.14037,0.5678748414713722,-0.16977732784229826,-0.43566271025191466,-0.22221864692489354,-0.5529747808922918,0.24819562790769067,0.6538405674480291
20845,7772.14037,20846,7772.1423700000005,0.8577204134534998,-0.04128339852111738,0.4142706294650885,-0.22221864692489354,-0.04128339852111738,-0.24794002233409962,0.5678748414713722
20846,7772.1423700000005,20847,7772.14437,-0.12325584965995712,-0.4450124051964178,-0.5617920221446955,-0.22221864692489354,-0.2883824640629784,-0.29064401459706074,0.8577204134534998
20847,7772.14437,20848,7772.14637,-0.16820971260128198,-0.27074231320807796,-0.11764148282154932,-0.22221864692489354,-0.38891396788392346,0.17611489210839118,-0.12325584965995712
20848,7772.14637,20849,7772.14837,-0.31582640978816334,0.3670161928869269,-0.2137014807198618,-0.22221864692489354,-0.30724381006088747,0.1023824733134749,-0.16820971260128198
20849,7772.14837,20850,7772.15037,-0.3053950587807564,0.12222568506445756,0.44738858858162417,-0.22221864692489354,0.48313361301628105,-0.469457529295874,-0.31582640978816334
20850,7772.15037,20851,7772.152370000001,-0.4011732299357793,0.24637656706444025,0.3022792894054063,-0.22221864692489354,-0.3022254840194755,-0.39817136066672254,-0.3053950587807564
20851,7772.152370000001,20852,7772.15437,0.08357813193833077,-0.03904571359033493,-0.18444244836309,-0.22221864692489354,0.4000516342265608,-0.09118222407484311,-0.4011732299357793
20852,7772.15437,20853,7772.156370000001,0.04006028502096989,-0.33386908533994497,-0.142219654779851,-0.22221864692489354,-0.4168168715325789,0.28425491436494743,0.08357813193833077
20853,7772.156370000001,20854,7772.15837,0.5101338467818592,-0.33386908533994497,-0.142219654779851,-0.22221864692489354,-0.4168168715325789,0.28425491436494743,0.04006028502096989
20854,7772.15837,20855,7772.1603700000005,0.0321262430501526,-0.37882276466544773,-0.28750917306514107,-0.22221864692489354,-0.018785142537607925,-0.09826717342661563,0.5101338467818592
20855,7772.1603700000005,20856,7772.16237,-0.3426147779972728,-0.33386908533994497,-0.142219654779851,-0.22221864692489354,-0.4168168715325789,0.28425491436494743,0.0321262430501526
20856,7772.16237,20857,7772.16437,0.42310657646821537,0.12222568506445756,-0.22326729252055358,-0.22221864692489354,0.012945866779397307,-0.4840761201548569,-0.3426147779972728
20857,7772.16437,20858,7772.16637,-0.5154518489406451,-0.18444244836309,-0.586228480579486,-0.22221864692489354,-0.26243425571861306,-0.34776916289481696,0.42310657646821537
20858,7772.16637,20859,7772.16837,-0.5274223468844291,-0.19492005369880339,0.040025316929352794,-0.22221864692489354,0.0031252296677541248,0.3997832400759384,-0.5154518489406451
20859,7772.16837,20860,7772.17037,0.703880995254438,0.0023266815309476974,-0.19492005369880339,-0.22221864692489354,0.14187230646494306,0.47266160416269526,-0.5274223468844291
20860,7772.17037,20861,7772.17237,-0.8024054585797763,-0.14480518357318112,-0.11114900749167592,-0.22221864692489354,-0.1619455167204436,0.2513427364435679,0.703880995254438
20861,7772.17237,20862,7772.174370000001,0.1685480336096295,0.19800024573023775,-0.05257000406954908,-0.22221864692489354,0.1052367591377042,0.371268573956694,-0.8024054585797763
20862,7772.174370000001,20863,7772.17637,0.17879700282932356,-0.1451200351232795,-0.2137014807198618,-0.22221864692489354,0.2595746277641321,0.07911556141073157,0.1685480336096295
20863,7772.17637,20864,7772.1783700000005,0.14600109244899365,-0.3680243083006973,-0.25979920808060847,-0.22221864692489354,-0.09055075355848605,0.23826432285676985,0.17879700282932356
20864,7772.1783700000005,20865,7772.18037,0.22422758592031236,-0.1451200351232795,-0.0468558017538685,-0.22221864692489354,-0.0468558017538685,0.07911556141073157,0.14600109244899365
20865,7772.18037,20866,7772.18237,0.480323264594646,-0.3680243083006973,0.11043225500122787,-0.22221864692489354,0.06758211037693988,0.23826432285676985,0.22422758592031236
20866,7772.18237,20867,7772.18437,0.6468316589417153,-0.3055559555122169,-0.22303435517964126,-0.22221864692489354,0.07473431956829919,-0.4437754889272999,0.480323264594646
20867,7772.18437,20868,7772.18637,-0.836912650118322,-0.49283027954691044,-0.43566271025191466,-0.22221864692489354,0.024022155522242548,0.2567067988803972,0.6468316589417153
20868,7772.18637,20869,7772.18837,-0.4486210465608277,0.19800024573023775,-0.013089570749465922,-0.22221864692489354,-0.22570986424963452,0.3577698856724587,-0.836912650118322
20869,7772.18837,20870,7772.19037,0.040549709956458076,-0.3793708463931679,-0.2852952407927156,-0.22221864692489354,-0.13343584665887936,0.4000760301231742,-0.4486210465608277
20870,7772.19037,20871,7772.192370000001,-0.5206119757342205,-0.33386908533994497,-0.142219654779851,-0.22221864692489354,-0.4168168715325789,0.28425491436494743,0.040549709956458076
20871,7772.192370000001,20872,7772.19437,-0.2271029455058179,0.1887310599314789,0.040025316929352794,-0.22221864692489354,0.21622614152539313,0.47266160416269526,-0.5206119757342205
20872,7772.19437,20873,7772.196370000001,0.8798117344879367,0.011795490982976716,0.057427309036130976,-0.22221864692489354,-0.3114910083570058,0.01290993755996567,-0.2271029455058179
20873,7772.196370000001,20874,7772.19837,-0.6177252637362445,-0.4450124051964178,-0.21528747729291253,-0.22221864692489354,0.017534181815475017,-0.28636182004630667,0.8798117344879367
20874,7772.19837,20875,7772.2003700000005,0.7401071688773192,0.4392348140690237,-0.21378965766165123,-0.22221864692489354,0.6879837364087865,0.5911376309349461,-0.6177252637362445
20875,7772.2003700000005,20876,7772.20237,0.9515981495733388,-0.5683491514108684,-0.24241435958050994,-0.22221864692489354,-0.21452416329894933,0.09091639035226247,0.7401071688773192
20876,7772.20237,20877,7772.20437,-0.46943476865812434,-0.6482031138510547,-0.41729656837337764,-0.22221864692489354,-0.24728651110880231,0.03641703850535831,0.9515981495733388
20877,7772.20437,20878,7772.20637,-0.8449501176437015,-0.3793708463931679,-0.1580064889391583,-0.22221864692489354,0.24680320643266201,0.4755840261875662,-0.46943476865812434
20878,7772.20637,20879,7772.20837,-0.25400013206500477,0.0579770049994011,-0.2130251990668944,-0.22221864692489354,-0.11323118932863377,0.45920853767904907,-0.8449501176437015
20879,7772.20837,20880,7772.210370000001,0.4981966220329928,0.03328868571940855,0.26136985966282844,-0.22221864692489354,0.03641703850535831,-0.171311823601295,-0.25400013206500477
20880,7772.210370000001,20881,7772.21237,-0.7681854361014058,-0.3111977571319168,-0.22303435517964126,-0.22221864692489354,-0.5918427288216659,-0.09826717342661563,0.4981966220329928
20881,7772.21237,20882,7772.214370000001,0.5059950490069121,0.23860842861534076,-0.32138433220463275,-0.22221864692489354,0.29607261486744285,0.34638009514734397,-0.7681854361014058
20882,7772.214370000001,20883,7772.21637,0.7420846539533651,-0.37882276466544773,-0.4935637514578185,-0.22221864692489354,-0.3810132915165257,-0.4046033477577051,0.5059950490069121
20883,7772.21637,20884,7772.2183700000005,0.43848385186345573,-0.5447970547107047,-0.09081668448449774,-0.22221864692489354,-0.24235723467689102,0.09091639035226247,0.7420846539533651
20884,7772.2183700000005,20885,7772.22037,-0.7183234862675658,-0.2707978394581285,-0.2852952407927156,-0.22221864692489354,-0.5077271067512922,-0.21602088399978886,0.43848385186345573
20885,7772.22037,20886,7772.22237,0.7599976313131201,-0.11114900749167592,-0.22486726958948416,-0.22221864692489354,0.2916505298273649,0.5613353537402885,-0.7183234862675658
20886,7772.22237,20887,7772.22437,0.7462177844966725,-0.46320165830331783,-0.349079290883896,-0.22221864692489354,0.21016801218672138,-0.4830662570737806,0.7599976313131201
20887,7772.22437,20888,7772.22637,-0.9430593522531173,-0.5447970547107047,-0.09081668448449774,-0.22221864692489354,-0.16710167924691058,0.017534181815475017,0.7462177844966725
20888,7772.22637,20889,7772.228370000001,-1.0340939877284951,0.24161431382093385,-0.41729656837337764,-0.22221864692489354,-0.1453718450081465,0.00775872212043541,-0.9430593522531173
20889,7772.228370000001,20890,7772.23037,0.5832673182899966,0.06325243515675495,0.13867736503625425,-0.22221864692489354,-0.21932918851178698,0.4905597772804365,-1.0340939877284951
20890,7772.23037,20891,7772.232370000001,-0.03184423515205442,-0.1367745355898586,0.5367221541580659,-0.22221864692489354,0.16386288494762946,-0.18855022265439364,0.5832673182899966
20891,7772.232370000001,20892,7772.23437,0.17657257896702702,-0.26469932568774684,-0.142219654779851,-0.22221864692489354,-0.20898740935191218,0.2538024840754271,-0.03184423515205442
20892,7772.23437,20893,7772.2363700000005,-0.03015051562226096,-0.3284851404962956,-0.25979920808060847,-0.22221864692489354,-0.24532341105733335,0.23826432285676985,0.17657257896702702
20893,7772.2363700000005,20894,7772.23837,0.24822402449442052,-0.26469932568774684,-0.142219654779851,-0.22221864692489354,-0.20898740935191218,0.2538024840754271,-0.03015051562226096
20894,7772.23837,20895,7772.24037,-0.4146313407917223,0.057427309036130976,0.11043225500122787,-0.22221864692489354,-0.49234099922401087,0.3033279162038353,0.24822402449442052
20895,7772.24037,20896,7772.24237,0.4531656657720377,-0.22608734875547484,-0.586228480579486,-0.22221864692489354,0.7388214420039944,-0.10448296967144763,-0.4146313407917223
20896,7772.24237,20897,7772.24437,0.029055128505433136,0.2012793281413575,-0.3055559555122169,-0.22221864692489354,0.1757485917379901,-0.4093036519968823,0.4531656657720377
20897,7772.24437,20898,7772.24637,-0.3610475358150506,-0.33386908533994497,-0.142219654779851,-0.22221864692489354,-0.4168168715325789,0.28425491436494743,0.029055128505433136
20898,7772.24637,20899,7772.24837,0.1038926508821656,0.12222568506445756,-0.261061533451254,-0.22221864692489354,0.041492924992055716,-0.4840761201548569,-0.3610475358150506
20899,7772.24837,20900,7772.250370000001,-0.2280305893571077,-0.1375361019146593,-0.264447904458089,-0.22221864692489354,0.06890794219053827,0.1897551872537381,0.1038926508821656
20900,7772.250370000001,20901,7772.25237,-0.6644967917915576,0.011795490982976716,0.057427309036130976,-0.22221864692489354,-0.2445256902173087,0.01290993755996567,-0.2280305893571077
20901,7772.25237,20902,7772.254370000001,-0.46294969124095187,0.003959394191598462,-0.540651181947749,-0.22221864692489354,0.4079491298634614,0.15775784096124995,-0.6644967917915576
20902,7772.254370000001,20903,7772.25637,0.7397250983980324,-0.3360041692109607,-0.3055559555122169,-0.22221864692489354,0.031315255893349866,0.4755840261875662,-0.46294969124095187
20903,7772.25637,20904,7772.2583700000005,-0.06383308584337298,-0.5683491514108684,-0.24241435958050994,-0.22221864692489354,-0.21452416329894933,0.09091639035226247,0.7397250983980324
20904,7772.2583700000005,20905,7772.26037,0.5291391591864483,-0.26469932568774684,-0.142219654779851,-0.22221864692489354,-0.20898740935191218,0.2538024840754271,-0.06383308584337298
20905,7772.26037,20906,7772.26237,-0.17029932063837303,-0.4341784187284774,-0.19492005369880339,-0.22221864692489354,0.10241532752292622,-0.4046033477577051,0.5291391591864483
20906,7772.26237,20907,7772.26437,0.7237919941126852,0.2694643577625831,-0.1253451100184705,-0.22221864692489354,0.2905079212912795,0.1023824733134749,-0.17029932063837303
20907,7772.26437,20908,7772.26637,-0.05897255941658245,-0.5447970547107047,-0.22486726958948416,-0.22221864692489354,-0.4339190306470874,0.09935525899813462,0.7237919941126852
20908,7772.26637,20909,7772.268370000001,-0.2795324850735237,-0.26469932568774684,-0.142219654779851,-0.22221864692489354,-0.20898740935191218,0.2538024840754271,-0.05897255941658245
20909,7772.268370000001,20910,7772.27037,-0.5491360045851224,0.03328868571940855,-0.22414032461627648,-0.22221864692489354,0.1522718849297195,-0.3163835941642779,-0.2795324850735237
20910,7772.27037,20911,7772.272370000001,0.1936313357945856,0.33431209940636736,-0.19492005369880339,-0.22221864692489354,-0.036767928013850024,0.36385926586707645,-0.5491360045851224
20911,7772.272370000001,20912,7772.27437,-0.4163609462964188,-0.3284851404962956,-0.2839535651400084,-0.22221864692489354,0.040374942833197425,0.23826432285676985,0.1936313357945856
20912,7772.27437,20913,7772.2763700000005,0.847074255511681,-0.2852952407927156,-0.586228480579486,-0.22221864692489354,0.32307205181095505,0.042191029666294615,-0.4163609462964188
20913,7772.2763700000005,20914,7772.27837,-0.18216989227557762,-0.3836207254178327,-0.22221864692489354,-0.22221864692489354,-0.16426444795980366,-0.28636182004630667,0.847074255511681
20914,7772.27837,20915,7772.28037,0.11576300060057126,0.18595462164382995,-0.25979920808060847,-0.22221864692489354,0.3485400342745617,0.14244063181491506,-0.18216989227557762
20915,7772.28037,20916,7772.28237,0.24135702026185507,-0.1375361019146593,-0.11764148282154932,-0.22221864692489354,-0.17843168377996158,0.14970561431342108,0.11576300060057126
20916,7772.28237,20917,7772.28437,0.8366446698211565,0.057427309036130976,0.11043225500122787,-0.22221864692489354,0.26170610714413806,0.3033279162038353,0.24135702026185507
20917,7772.28437,20918,7772.286370000001,-0.6542001333234285,-0.5540210687587266,-0.013089570749465922,-0.22221864692489354,-0.26901946842146723,-0.18159335723510206,0.8366446698211565
20918,7772.286370000001,20919,7772.28837,-0.4035585298375792,0.29766843901634654,-0.43566271025191466,-0.22221864692489354,-0.35225755832925654,0.0409690264766767,-0.6542001333234285
20919,7772.28837,20920,7772.290370000001,-0.4732966544210431,-0.03904571359033493,-0.18444244836309,-0.22221864692489354,0.3227031064633891,-0.09118222407484311,-0.4035585298375792
20920,7772.290370000001,20921,7772.29237,-0.4177280988749029,-0.33912048824683566,-0.3111977571319168,-0.22221864692489354,-0.25066311926840157,0.3997832400759384,-0.4732966544210431
20921,7772.29237,20922,7772.2943700000005,0.6386785037298097,-0.2852952407927156,-0.586228480579486,-0.22221864692489354,-0.006457720888898842,0.042191029666294615,-0.4177280988749029
20922,7772.2943700000005,20923,7772.29637,-0.2340393895024626,-0.49283027954691044,-0.16977732784229826,-0.22221864692489354,-0.2149352509251273,0.07006236307115508,0.6386785037298097
20923,7772.29637,20924,7772.29837,0.6283441415774,0.011795490982976716,0.11043225500122787,-0.22221864692489354,0.5722177077921925,-0.018749422511174247,-0.2340393895024626
20924,7772.29837,20925,7772.30037,0.2524461301982666,-0.42710372668664515,0.28830062542145124,-0.22221864692489354,0.4349090597216587,0.2567067988803972,0.6283441415774
20925,7772.30037,20926,7772.30237,0.08129900506358224,0.057427309036130976,0.14876508692177126,-0.22221864692489354,-0.4211258816231501,0.3033279162038353,0.2524461301982666
20926,7772.30237,20927,7772.30437,-0.24697381122706596,-0.33386908533994497,-0.142219654779851,-0.22221864692489354,-0.4168168715325789,0.28425491436494743,0.08129900506358224
20927,7772.30437,20928,7772.30637,-0.44797012595015334,0.011795490982976716,0.11043225500122787,-0.22221864692489354,-0.22994114139289817,0.01290993755996567,-0.24697381122706596
20928,7772.30637,20929,7772.308370000001,0.6574492813921949,-0.33912048824683566,-0.2852952407927156,-0.22221864692489354,-0.0962196841871644,0.20996150728149343,-0.44797012595015334
20929,7772.308370000001,20930,7772.31037,-0.3044022898131236,-0.3877785297543843,-0.43566271025191466,-0.22221864692489354,-0.07077472253750312,0.2386084286153376,0.6574492813921949
20930,7772.31037,20931,7772.312370000001,-0.616625715225699,0.24637656706444025,0.3022792894054063,-0.22221864692489354,-0.3022254840194755,-0.39817136066672254,-0.3044022898131236
20931,7772.312370000001,20932,7772.31437,-0.45223986836295516,0.44799338041210496,-0.2585071819480077,-0.22221864692489354,0.645343790515243,0.533930612203554,-0.616625715225699
20932,7772.31437,20933,7772.3163700000005,0.6583352965501187,-0.33912048824683566,-0.3055559555122169,-0.22221864692489354,0.6257389102020627,0.4755840261875662,-0.45223986836295516
20933,7772.3163700000005,20934,7772.31837,0.62134913034789,-0.3877785297543843,-0.43566271025191466,-0.22221864692489354,-0.3805407428538747,0.2386084286153376,0.6583352965501187
20934,7772.31837,20935,7772.32037,-0.44234997193607684,-0.4773469377075341,0.23507571868727375,-0.22221864692489354,0.3093295953929631,0.0586293767370659,0.62134913034789
20935,7772.32037,20936,7772.32237,0.14543478757307338,-0.5242815461956132,-0.2852952407927156,-0.22221864692489354,-0.09005194238142428,0.20996150728149343,-0.44234997193607684
20936,7772.32237,20937,7772.32437,-0.08035902916518207,-0.1451200351232795,-0.0468558017538685,-0.22221864692489354,0.31712602406527524,0.07911556141073157,0.14543478757307338
20937,7772.32437,20938,7772.326370000001,-0.7222199861232099,-0.26469932568774684,-0.142219654779851,-0.22221864692489354,-0.20898740935191218,0.2538024840754271,-0.08035902916518207
20938,7772.326370000001,20939,7772.32837,1.2021221393071733,-0.11433558754392475,-0.11433558754392475,-0.22221864692489354,0.45607633797412706,0.5416892626511061,-0.7222199861232099
20939,7772.32837,20940,7772.330370000001,-1.0032644982080698,-0.23320378702771544,0.15803756558971685,-0.22221864692489354,-0.3168609338004881,-0.4676350392707466,1.2021221393071733
20940,7772.330370000001,20941,7772.33237,-1.071010078785042,-0.34607115121821197,-0.3699117898289583,-0.22221864692489354,0.2818141161918464,0.4905597772804365,-1.0032644982080698
20941,7772.33237,20942,7772.3343700000005,0.6220527913686938,0.2845561728058882,0.2845561728058882,-0.22221864692489354,0.08715392066661481,0.458518454151563,-1.071010078785042
20942,7772.3343700000005,20943,7772.33637,0.23662820153365852,-0.4773469377075341,0.23507571868727375,-0.22221864692489354,0.4001004254246384,0.07006236307115508,0.6220527913686938
20943,7772.33637,20944,7772.33837,0.5749454949525096,-0.3284851404962956,0.11043225500122787,-0.22221864692489354,-0.2027365558010528,0.3033279162038353,0.23662820153365852
20944,7772.33837,20945,7772.34037,0.3358741115952528,-0.04128339852111738,0.3041338046050559,-0.22221864692489354,0.13772640290797944,-0.24794002233409962,0.5749454949525096
20945,7772.34037,20946,7772.34237,0.24061335567750325,0.24458269138584657,0.1289028630940942,-0.22221864692489354,-0.08725399238476653,-0.40579262498731017,0.3358741115952528
20946,7772.34237,20947,7772.344370000001,-0.011183815152083963,0.057427309036130976,0.03328868571940855,-0.22221864692489354,-0.2027365558010528,0.3033279162038353,0.24061335567750325
20947,7772.344370000001,20948,7772.34637,-1.1200134283217364,-0.26469932568774684,-0.142219654779851,-0.22221864692489354,-0.20898740935191218,0.2538024840754271,-0.011183815152083963
20948,7772.34637,20949,7772.348370000001,0.9213371220784242,0.45939247955393303,0.20472566091455688,-0.22221864692489354,0.23823564203133926,0.4368861822411516,-1.1200134283217364
20949,7772.348370000001,20950,7772.35037,0.3465087936198773,-0.5942765296670074,0.05742730903612716,-0.22221864692489354,-0.0010185893419539932,0.02010588734399296,0.9213371220784242
20950,7772.35037,20951,7772.3523700000005,-0.645725506332449,0.24347058211343803,-0.34398327944378826,-0.22221864692489354,-0.28134721789853057,-0.44155453861695204,0.3465087936198773
20951,7772.3523700000005,20952,7772.35437,-0.6372554265665729,0.29766843901634654,-0.4089410134347594,-0.22221864692489354,0.1498622829126535,0.15775784096124995,-0.645725506332449
20952,7772.35437,20953,7772.35637,0.9523005842406798,0.28830062542145124,-0.11815906443308215,-0.22221864692489354,-0.06297907106826067,0.0533639425637558,-0.6372554265665729
20953,7772.35637,20954,7772.35837,0.457597601376874,-0.6482031138510547,-0.41729656837337764,-0.22221864692489354,-0.25295497851591414,0.03641703850535831,0.9523005842406798
20954,7772.35837,20955,7772.36037,-0.6162130726370888,0.2012793281413575,-0.3111977571319168,-0.22221864692489354,0.3806153706477871,-0.4763528569243921,0.457597601376874
20955,7772.36037,20956,7772.36237,0.4442657708492163,0.4392348140690237,-0.21378965766165123,-0.22221864692489354,0.6879837364087865,0.533930612203554,-0.6162130726370888
20956,7772.36237,20957,7772.36437,0.4188061111249003,-0.2256517770607452,-0.2852952407927156,-0.22221864692489354,-0.42591576769783646,-0.4093036519968823,0.4442657708492163
20957,7772.36437,20958,7772.366370000001,-0.6810082873054895,-0.18444244836309,-0.586228480579486,-0.22221864692489354,-0.3448086386508403,-0.34776916289481696,0.4188061111249003
20958,7772.366370000001,20959,7772.36837,-0.09704578914947527,-0.11433558754392475,0.03771471514515023,-0.22221864692489354,0.09393608702725785,0.03494195658158384,-0.6810082873054895
20959,7772.36837,20960,7772.370370000001,-0.40450620143097676,-0.26469932568774684,-0.26469932568774684,-0.22221864692489354,-0.10566256284862671,0.2538024840754271,-0.09704578914947527
20960,7772.370370000001,20961,7772.37237,-0.1085728211033349,-0.03904571359033493,-0.18444244836309,-0.22221864692489354,0.4000516342265608,-0.09118222407484311,-0.40450620143097676
20961,7772.37237,20962,7772.37437,-0.27409611432001596,-0.26469932568774684,-0.11764148282154932,-0.22221864692489354,-0.16919360150120696,0.17281334839043086,-0.1085728211033349
20962,7772.37437,20963,7772.37637,0.7434354204588587,0.011795490982976716,0.24637656706444025,-0.22221864692489354,0.1599624342374422,-0.08755414746714527,-0.27409611432001596
20963,7772.37637,20964,7772.37837,1.0548286790431551,-0.5447970547107047,0.0810640939092567,-0.22221864692489354,-0.4037773030071416,0.09091639035226247,0.7434354204588587
20964,7772.37837,20965,7772.38037,-0.8540861546689894,0.19207066438924272,0.2845561728058882,-0.22221864692489354,-0.1513024835372945,-0.303838387594942,1.0548286790431551
20965,7772.38037,20966,7772.38237,-0.039290704404404096,0.0579770049994011,-0.3836207254178327,-0.22221864692489354,0.4532581983898541,0.3577698856724587,-0.8540861546689894
20966,7772.38237,20967,7772.384370000001,-0.04525691368297985,-0.26469932568774684,-0.142219654779851,-0.22221864692489354,-0.20898740935191218,0.2538024840754271,-0.039290704404404096
20967,7772.384370000001,20968,7772.38637,-0.48286416202104493,-0.26469932568774684,-0.142219654779851,-0.22221864692489354,-0.20898740935191218,0.2538024840754271,-0.04525691368297985
20968,7772.38637,20969,7772.388370000001,0.02409321862630299,-0.33912048824683566,-0.33912048824683566,-0.22221864692489354,0.19195051179530062,0.3986600833996137,-0.48286416202104493
20969,7772.388370000001,20970,7772.39037,-0.298937868888767,-0.33386908533994497,-0.142219654779851,-0.22221864692489354,-0.4168168715325789,0.28425491436494743,0.02409321862630299
20970,7772.39037,20971,7772.3923700000005,0.5493251418047417,0.24637656706444025,0.425368832305809,-0.22221864692489354,0.1464413301844793,-0.469457529295874,-0.298937868888767
20971,7772.3923700000005,20972,7772.39437,-0.570161828282682,-0.1562957841783241,-0.19492005369880339,-0.22221864692489354,-0.037013477431905036,-0.3267540379289676,0.5493251418047417
20972,7772.39437,20973,7772.39637,0.2188906625367105,0.5122513585153673,0.20026694120400818,-0.22221864692489354,0.2330308165475794,0.3611489968540988,-0.570161828282682
20973,7772.39637,20974,7772.39837,-0.27991770368984215,-0.3680243083006973,-0.05790830952639997,-0.22221864692489354,0.1394374841581769,0.18912276188143587,0.2188906625367105
20974,7772.39837,20975,7772.40037,-0.4677946398137217,0.21947532111276988,0.21947532111276988,-0.22221864692489354,0.03897570518929426,-0.3460196512825826,-0.27991770368984215
20975,7772.40037,20976,7772.402370000001,1.2236041382496776,-0.33912048824683566,-0.1580064889391583,-0.22221864692489354,-0.22189800797617468,0.4755840261875662,-0.4677946398137217
20976,7772.402370000001,20977,7772.40437,0.8685904194603626,-0.23320378702771544,-0.004031897363650107,-0.22221864692489354,-0.3810630204936123,-0.41280239481335645,1.2236041382496776
20977,7772.40437,20978,7772.406370000001,-0.9190167671833944,-0.4450124051964178,-0.4450124051964178,-0.22221864692489354,0.1332765830932684,-0.28636182004630667,0.8685904194603626
20978,7772.406370000001,20979,7772.40837,-0.34173588431266816,0.24161431382093385,-0.057564761357569785,-0.22221864692489354,0.24161431382093385,0.00775872212043541,-0.9190167671833944
20979,7772.40837,20980,7772.4103700000005,-0.57541646382608,0.12222568506445756,0.12222568506445756,-0.22221864692489354,0.11491977553924453,-0.4840761201548569,-0.34173588431266816
20980,7772.4103700000005,20981,7772.41237,-0.4974886730642313,0.23507571868727375,0.3041338046050559,-0.22221864692489354,-0.10847486032021919,0.40683511250520366,-0.57541646382608
20981,7772.41237,20982,7772.41437,0.23452890100855694,-0.22303435517964126,-0.22303435517964126,-0.22221864692489354,-0.25701647049020154,0.3986600833996137,-0.4974886730642313
20982,7772.41437,20983,7772.41637,0.1810468593619585,0.057427309036130976,0.11043225500122787,-0.22221864692489354,-0.35432824354539594,0.3033279162038353,0.23452890100855694
20983,7772.41637,20984,7772.41837,0.8879923542539192,-0.3680243083006973,-0.25979920808060847,-0.22221864692489354,0.09396921990667409,0.2949621506605914,0.1810468593619585
20984,7772.41837,20985,7772.42037,-0.7189621351920336,-0.45228617859521053,-0.21528747729291253,-0.22221864692489354,-0.26542529880278243,-0.2615379975362791,0.8879923542539192
20985,7772.42037,20986,7772.42237,0.08981907865555327,-0.11114900749167592,-0.22486726958948416,-0.22221864692489354,-0.025939089016592927,0.5613353537402885,-0.7189621351920336
20986,7772.42237,20987,7772.424370000001,1.167214425654176,-0.33386908533994497,-0.142219654779851,-0.22221864692489354,-0.4168168715325789,0.28425491436494743,0.08981907865555327
20987,7772.424370000001,20988,7772.42637,-0.7115929313200745,-0.004031897363650107,0.15803756558971685,-0.22221864692489354,-0.22402396436481176,-0.4676350392707466,1.167214425654176
20988,7772.42637,20989,7772.4283700000005,-0.83269546716539,0.23098172421311908,-0.40321812085722475,-0.22221864692489354,0.180712741354441,0.49320819589851683,-0.7115929313200745
20989,7772.4283700000005,20990,7772.43037,-0.07107986417644462,0.2001179742892834,-0.05257000406954908,-0.22221864692489354,0.4122723381812623,0.2716581023075879,-0.83269546716539
20990,7772.43037,20991,7772.43237,-0.6796442317944457,-0.26469932568774684,-0.142219654779851,-0.22221864692489354,-0.20898740935191218,0.2538024840754271,-0.07107986417644462
20991,7772.43237,20992,7772.43437,-0.2332326125325249,0.003959394191598462,0.03771471514515023,-0.22221864692489354,0.04431724389033626,0.03314785552517815,-0.6796442317944457
20992,7772.43437,20993,7772.43637,-0.007578128689936399,0.011795490982976716,0.1188056649534898,-0.22221864692489354,0.35125903043473045,-0.018749422511174247,-0.2332326125325249
20993,7772.43637,20994,7772.43837,1.0839342697092365,-0.26469932568774684,-0.142219654779851,-0.22221864692489354,-0.20898740935191218,0.2538024840754271,-0.007578128689936399
20994,7772.43837,20995,7772.44037,-0.11718837905304826,-0.5621655048754599,0.1272056950353772,-0.22221864692489354,0.02316900414277456,-0.4240597290924465,1.0839342697092365
20995,7772.44037,20996,7772.442370000001,0.5831048091484995,-0.264447904458089,-0.11764148282154932,-0.22221864692489354,-0.013735983183093927,0.17611489210839118,-0.11718837905304826
20996,7772.442370000001,20997,7772.44437,-0.3355098602578007,-0.1367745355898586,0.5367221541580659,-0.22221864692489354,0.16386288494762946,-0.18855022265439364,0.5831048091484995
20997,7772.44437,20998,7772.446370000001,-0.007325243083187347,-0.1590935974930537,0.1289028630940942,-0.22221864692489354,0.446271087941495,-0.2040136003593252,-0.3355098602578007
20998,7772.446370000001,20999,7772.44837,-0.534741175162544,-0.26469932568774684,-0.142219654779851,-0.22221864692489354,-0.20898740935191218,0.2538024840754271,-0.007325243083187347
20999,7772.44837,21000,7772.4503700000005,-0.693674793849849,0.3045365053903889,-0.19492005369880339,-0.22221864692489354,0.395724157820465,0.47266160416269526,-0.534741175162544
21000,7772.4503700000005,21001,7772.45237,0.623478141357643,0.23098172421311908,0.027639950487542052,-0.22221864692489354,0.2164606699777017,0.03494195658158384,-0.693674793849849
21001,7772.45237,21002,7772.45437,0.5327348995445453,-0.4773469377075341,0.4392348140690237,-0.22221864692489354,0.1866494542322495,0.23783402407935733,0.623478141357643
21002,7772.45437,21003,7772.45637,-0.6023001833377566,-0.4341784187284774,-0.19492005369880339,-0.22221864692489354,0.48223516054013216,-0.3267540379289676,0.5327348995445453
21003,7772.45637,21004,7772.45837,-0.15825507510660822,0.4560994046946216,-0.42710372668664515,-0.22221864692489354,-0.37852368433523076,0.23579476037952593,-0.6023001833377566
21004,7772.45837,21005,7772.460370000001,0.5467371649776215,0.18595462164382995,-0.1253451100184705,-0.22221864692489354,0.2666247912545009,0.04382965985950285,-0.15825507510660822
21005,7772.460370000001,21006,7772.46237,0.05484657364304176,-0.37882276466544773,-0.14386003369658196,-0.22221864692489354,-0.25493137534198873,-0.3267540379289676,0.5467371649776215
21006,7772.46237,21007,7772.464370000001,0.28038526974206834,-0.33386908533994497,-0.142219654779851,-0.22221864692489354,-0.4168168715325789,0.28425491436494743,0.05484657364304176
21007,7772.464370000001,21008,7772.46637,-0.618549132434645,-0.38349671594334916,0.21947532111276988,-0.22221864692489354,-0.2374322447655841,0.34359615768916374,0.28038526974206834
21008,7772.46637,21009,7772.4683700000005,0.4817631496526451,0.28830062542145124,-0.11540633830732888,-0.22221864692489354,0.6494966520481213,0.533930612203554,-0.618549132434645
21009,7772.4683700000005,21010,7772.47037,-0.6088552392867456,-0.3111977571319168,-0.33912048824683566,-0.22221864692489354,0.3148173815559873,-0.09826717342661563,0.4817631496526451
21010,7772.47037,21011,7772.47237,-0.4852418043416464,0.44799338041210496,-0.11540633830732888,-0.22221864692489354,0.3098637121101606,0.40683511250520366,-0.6088552392867456
21011,7772.47237,21012,7772.47437,0.47809185032761786,-0.33912048824683566,0.04278403570094096,-0.22221864692489354,-0.19731325814367107,0.3986600833996137,-0.4852418043416464
21012,7772.47437,21013,7772.47637,-0.009490761668653947,-0.2707978394581285,-0.33912048824683566,-0.22221864692489354,-0.34812897682349675,-0.5134500205163743,0.47809185032761786
21013,7772.47637,21014,7772.478370000001,-0.370087773136141,-0.26469932568774684,-0.142219654779851,-0.22221864692489354,-0.20898740935191218,0.2538024840754271,-0.009490761668653947
21014,7772.478370000001,21015,7772.48037,0.1351542788536574,0.18707215955255196,-0.1590935974930537,-0.22221864692489354,0.19614728644334012,-0.2040136003593252,-0.370087773136141
21015,7772.48037,21016,7772.482370000001,0.8092667162910933,-0.0468558017538685,0.18806782997741056,-0.22221864692489354,0.34310558823147735,0.06598197385371023,0.1351542788536574
21016,7772.482370000001,21017,7772.48437,-0.12560194834016358,-0.29246588020138925,-0.05257000406954908,-0.22221864692489354,0.2043696940157157,-0.32164822622632444,0.8092667162910933
21017,7772.48437,21018,7772.4863700000005,0.2690194684214665,-0.1253451100184705,0.18806782997741056,-0.22221864692489354,-0.38891396788392346,0.14244063181491506,-0.12560194834016358
21018,7772.4863700000005,21019,7772.48837,-0.8223699412895219,-0.3924846526927655,-0.01570854725854441,-0.22221864692489354,0.20854432369620926,0.013771882736142901,0.2690194684214665
21019,7772.48837,21020,7772.49037,-0.23294432008667124,0.0579770049994011,-0.013089570749465922,-0.22221864692489354,0.2001179742892834,0.3577698856724587,-0.8223699412895219
21020,7772.49037,21021,7772.49237,-0.6351748617520091,0.011795490982976716,0.11043225500122787,-0.22221864692489354,0.35125903043473045,-0.018749422511174247,-0.23294432008667124
21021,7772.49237,21022,7772.49437,-0.1798313493058887,0.28830062542145124,0.1358853078889796,-0.22221864692489354,-0.30959668941164603,0.0533639425637558,-0.6351748617520091
21022,7772.49437,21023,7772.49637,1.121899829592984,0.18595462164382995,-0.3284851404962956,-0.22221864692489354,0.3485400342745617,0.2439554997582549,-0.1798313493058887
21023,7772.49637,21024,7772.49837,0.6702296067603201,-0.48783729055021424,0.25535438122807297,-0.22221864692489354,-0.19165006713494465,-0.34013120451600104,1.121899829592984
21024,7772.49837,21025,7772.500370000001,-0.986984067579998,-0.4089410134347594,0.003959394191598462,-0.22221864692489354,-0.6685710307052686,0.25667864216008623,0.6702296067603201
21025,7772.500370000001,21026,7772.50237,1.2685329357850523,-0.4976878343744867,-0.3699117898289583,-0.22221864692489354,0.20653320270604442,0.2960726148674459,-0.986984067579998
21026,7772.50237,21027,7772.504370000001,-0.6126888572611638,-0.4862494739113126,-0.19677528628455082,-0.22221864692489354,-0.24347058211342854,-0.4025369550643289,1.2685329357850523
21027,7772.504370000001,21028,7772.50637,-0.570244144665749,0.44799338041210496,-0.21378965766165123,-0.22221864692489354,0.597325495983012,0.4353801578601097,-0.6126888572611638
21028,7772.50637,21029,7772.5083700000005,-0.4023422510138667,0.5122513585153673,0.4142706294650885,-0.22221864692489354,0.1930613728267464,0.3611489968540988,-0.570244144665749
21029,7772.5083700000005,21030,7772.51037,-0.6537648528918757,-0.03904571359033493,-0.18444244836309,-0.22221864692489354,0.4000516342265608,-0.09118222407484311,-0.4023422510138667
21030,7772.51037,21031,7772.51237,0.4951621888818922,0.29766843901634654,-0.43566271025191466,-0.22221864692489354,-0.18050006266556343,0.0409690264766767,-0.6537648528918757
21031,7772.51237,21032,7772.51437,0.03247864112266036,-0.4935637514578185,0.04278403570094096,-0.22221864692489354,-0.48171818461295457,-0.4437754889272999,0.4951621888818922
21032,7772.51437,21033,7772.51637,0.6195094554905349,-0.33386908533994497,-0.142219654779851,-0.22221864692489354,-0.4168168715325789,0.28425491436494743,0.03247864112266036
21033,7772.51637,21034,7772.518370000001,-0.40436046424344774,-0.4773469377075341,-0.11540633830732888,-0.22221864692489354,0.28996336277862506,0.0586293767370659,0.6195094554905349
21034,7772.518370000001,21035,7772.52037,0.024768066367207426,-0.03904571359033493,-0.18444244836309,-0.22221864692489354,0.3227031064633891,-0.09118222407484311,-0.40436046424344774
21035,7772.52037,21036,7772.522370000001,1.1961754226394339,-0.33386908533994497,-0.142219654779851,-0.22221864692489354,-0.4168168715325789,0.28425491436494743,0.024768066367207426
21036,7772.522370000001,21037,7772.52437,-0.7178264771869209,-0.3039189645258097,0.14744686068649904,-0.22221864692489354,-0.5698119080403438,-0.5082527079197163,1.1961754226394339
21037,7772.52437,21038,7772.5263700000005,-0.3655273651266416,0.08448164062495879,-0.3862955833629926,-0.22221864692489354,0.020783430384980706,0.5416892626511061,-0.7178264771869209
21038,7772.5263700000005,21039,7772.52837,-0.5837343850179552,0.12222568506445756,-0.25819797169662406,-0.22221864692489354,0.18948419678191017,-0.31622443030475306,-0.3655273651266416
21039,7772.52837,21040,7772.53037,-0.5817020705292005,0.44799338041210496,0.5367221541580659,-0.22221864692489354,0.332930289537298,0.40683511250520366,-0.5837343850179552
21040,7772.53037,21041,7772.53237,-0.4629955081565664,0.44799338041210496,0.5367221541580659,-0.22221864692489354,-0.05790830952639997,0.40683511250520366,-0.5817020705292005
21041,7772.53237,21042,7772.53437,0.09088315616757976,-0.3360041692109607,-0.3055559555122169,-0.22221864692489354,0.031315255893349866,0.4755840261875662,-0.4629955081565664
21042,7772.53437,21043,7772.536370000001,0.39226339471735033,-0.33386908533994497,-0.1375361019146593,-0.22221864692489354,-0.007180708304261739,0.28425491436494743,0.09088315616757976
21043,7772.536370000001,21044,7772.53837,0.224460245511306,-0.4612300397916861,0.06867010178033228,-0.22221864692489354,-0.07998951104619226,-0.21602088399978886,0.39226339471735033
21044,7772.53837,21045,7772.540370000001,0.7578676687619811,-0.3680243083006973,0.11043225500122787,-0.22221864692489354,0.06758211037693988,0.23826432285676985,0.224460245511306
21045,7772.540370000001,21046,7772.54237,-0.508099436113763,-0.47917436999762225,-0.349079290883896,-0.22221864692489354,-0.349079290883896,-0.19497995366587803,0.7578676687619811
21046,7772.54237,21047,7772.5443700000005,0.22434392248211338,0.23668565463758306,-0.4935637514578185,-0.22221864692489354,0.09938821281336421,0.47266160416269526,-0.508099436113763
21047,7772.5443700000005,21048,7772.54637,0.5446070590378068,-0.3680243083006973,0.11043225500122787,-0.22221864692489354,0.06758211037693988,0.23826432285676985,0.22434392248211338
21048,7772.54637,21049,7772.54837,-0.7556134924599408,-0.37882276466544773,0.0023266815309476974,-0.22221864692489354,-0.26748864996980365,-0.3267540379289676,0.5446070590378068
21049,7772.54837,21050,7772.55037,-0.8286034709718086,0.3497978476422957,-0.24241435958050994,-0.22221864692489354,0.05312237582977187,0.41712870065275015,-0.7556134924599408
21050,7772.55037,21051,7772.55237,0.7056977549076405,0.19800024573023775,-0.05257000406954908,-0.22221864692489354,0.0579770049994011,0.2716581023075879,-0.8286034709718086
21051,7772.55237,21052,7772.55437,0.5838155917500403,-0.14480518357318112,-0.22486726958948416,-0.22221864692489354,-0.13014988559017732,0.2513427364435679,0.7056977549076405
21052,7772.55437,21053,7772.55637,0.39263213081710163,-0.1367745355898586,0.5367221541580659,-0.22221864692489354,0.16386288494762946,-0.18855022265439364,0.5838155917500403
21053,7772.55637,21054,7772.558370000001,0.3109844294865085,-0.4612300397916861,0.06867010178033228,-0.22221864692489354,0.04337669028782873,-0.21602088399978886,0.39263213081710163
21054,7772.558370000001,21055,7772.56037,0.09005194238143016,-0.22414032461627648,0.3575917210223996,-0.22221864692489354,-0.16685528279377265,-0.2264646908205313,0.3109844294865085
21055,7772.56037,21056,7772.562370000001,0.6180980503202402,-0.33386908533994497,-0.142219654779851,-0.22221864692489354,-0.4168168715325789,0.28425491436494743,0.09005194238143016
21056,7772.562370000001,21057,7772.56437,-0.18347345603920437,-0.4773469377075341,-0.21378965766165123,-0.22221864692489354,0.4631100412624866,-0.03304221986248109,0.6180980503202402
21057,7772.56437,21058,7772.5663700000005,-0.9450700578100503,0.18595462164382995,-0.25979920808060847,-0.22221864692489354,-0.16244067347861907,0.14244063181491506,-0.18347345603920437
21058,7772.5663700000005,21059,7772.56837,-0.42945173018454097,0.24161431382093385,-0.3445507870687826,-0.22221864692489354,-0.018284946021406363,0.03096244753518709,-0.9450700578100503
21059,7772.56837,21060,7772.57037,0.013484650219459122,-0.3360041692109607,-0.5832876300759183,-0.22221864692489354,0.16790204869089848,-0.05625820086362428,-0.42945173018454097
21060,7772.57037,21061,7772.57237,-0.16438797337531674,-0.33386908533994497,-0.142219654779851,-0.22221864692489354,-0.4168168715325789,0.28425491436494743,0.013484650219459122
21061,7772.57237,21062,7772.57437,-0.08785421248348434,0.2666247912545009,-0.2137014807198618,-0.22221864692489354,0.19432085660495999,0.1023824733134749,-0.16438797337531674
21062,7772.57437,21063,7772.576370000001,0.8572572002899607,-0.26469932568774684,-0.142219654779851,-0.22221864692489354,-0.20898740935191218,0.2538024840754271,-0.08785421248348434
21063,7772.576370000001,21064,7772.57837,-0.2815120304246577,-0.4450124051964178,-0.5617920221446955,-0.22221864692489354,-0.31635706861354174,-0.29064401459706074,0.8572572002899607
21064,7772.57837,21065,7772.580370000001,-0.8689263024540965,0.21947532111276988,0.21947532111276988,-0.22221864692489354,-0.34473129015716136,-0.39253381448423247,-0.2815120304246577
21065,7772.580370000001,21066,7772.58237,0.9932585131216994,-0.22402396436481015,-0.4450124051964178,-0.22221864692489354,-0.1674711601304771,0.3577698856724587,-0.8689263024540965
21066,7772.58237,21067,7772.5843700000005,0.05783960933401424,-0.6326840561661579,-0.32515141032815087,-0.22221864692489354,-0.05749603755849297,0.07750010654455093,0.9932585131216994
21067,7772.5843700000005,21068,7772.58637,-0.7070267542232408,-0.33386908533994497,-0.142219654779851,-0.22221864692489354,-0.4168168715325789,0.28425491436494743,0.05783960933401424
21068,7772.58637,21069,7772.58837,-0.17687758720462274,0.23098172421311908,-0.22486726958948416,-0.22221864692489354,0.24292833691970797,0.28824606260599483,-0.7070267542232408
21069,7772.58837,21070,7772.59037,0.4462477933935815,0.2694643577625831,-0.25979920808060847,-0.22221864692489354,0.1060554515679536,0.14244063181491506,-0.17687758720462274
21070,7772.59037,21071,7772.59237,0.27683179172423256,-0.2256517770607452,-0.3055559555122169,-0.22221864692489354,-0.4121036248609462,-0.42434549781223985,0.4462477933935815
21071,7772.59237,21072,7772.594370000001,0.35621624002406127,-0.38349671594334916,-0.22414032461627648,-0.22221864692489354,-0.3389649027263488,0.34359615768916374,0.27683179172423256
21072,7772.594370000001,21073,7772.59637,0.0024356120152505133,0.07077472253750312,-0.2277407930818674,-0.22221864692489354,0.26072506912731835,-0.44155453861695204,0.35621624002406127
21073,7772.59637,21074,7772.598370000001,-0.1086707722910633,-0.33386908533994497,-0.142219654779851,-0.22221864692489354,-0.4168168715325789,0.28425491436494743,0.0024356120152505133
21074,7772.598370000001,21075,7772.60037,-0.9459043043853533,-0.26469932568774684,-0.11764148282154932,-0.22221864692489354,-0.16919360150120696,0.17281334839043086,-0.1086707722910633
21075,7772.60037,21076,7772.6023700000005,1.013831856623614,0.24161431382093385,-0.41729656837337764,-0.22221864692489354,-0.1453718450081465,0.10208673684537269,-0.9459043043853533
21076,7772.6023700000005,21077,7772.60437,0.9892333300659124,-0.3699117898289583,-0.4045790620607671,-0.22221864692489354,-0.10487632202187956,0.2227722357973269,1.013831856623614
21077,7772.60437,21078,7772.60637,-0.24052751262715516,-0.6326840561661579,-0.3699117898289583,-0.22221864692489354,-0.32515141032815087,0.08608586542674336,0.9892333300659124
21078,7772.60637,21079,7772.60837,-1.3224810849661985,0.1188056649534898,0.03328868571940855,-0.22221864692489354,-0.28348766491644645,-0.018749422511174247,-0.24052751262715516
21079,7772.60837,21080,7772.61037,0.1711278083888633,0.6507125731630647,-0.45706772680652374,-0.22221864692489354,0.7377951496989483,0.2897999373819561,-1.3224810849661985
21080,7772.61037,21081,7772.61237,-0.6609698483185977,-0.2137014807198618,-0.2137014807198618,-0.22221864692489354,0.29252021326307487,0.18912276188143587,0.1711278083888633
21081,7772.61237,21082,7772.61437,0.3833478842716988,0.23098172421311908,-0.540651181947749,-0.22221864692489354,0.4667225471917353,0.15775784096124995,-0.6609698483185977
21082,7772.61437,21083,7772.616370000001,1.1239601234991325,-0.5446492834181763,0.06867010178033228,-0.22221864692489354,-0.25819797169662406,-0.21602088399978886,0.3833478842716988
21083,7772.616370000001,21084,7772.61837,-0.42498817900499014,-0.48783729055021424,0.20472566091455688,-0.22221864692489354,-0.40336402460964255,-0.34013120451600104,1.1239601234991325
21084,7772.61837,21085,7772.620370000001,-0.3345986510201834,-0.2852952407927156,-0.4612300397916861,-0.22221864692489354,-0.46345356189428083,0.20996150728149343,-0.42498817900499014
21085,7772.620370000001,21086,7772.62237,0.544057979787662,0.12222568506445756,0.12222568506445756,-0.22221864692489354,0.16265722748648379,-0.3163835941642779,-0.3345986510201834
21086,7772.62237,21087,7772.62437,-0.29837087596099326,-0.37882276466544773,0.0023266815309476974,-0.22221864692489354,-0.40088076100852027,-0.24794002233409962,0.544057979787662
21087,7772.62437,21088,7772.62637,-0.38016752032183465,0.26136985966282844,0.425368832305809,-0.22221864692489354,-0.20762799073721838,-0.469457529295874,-0.29837087596099326
21088,7772.62637,21089,7772.62837,0.5082308133856828,0.06867010178033228,-0.03904571359033493,-0.22221864692489354,0.13241612125902155,-0.2040136003593252,-0.38016752032183465
21089,7772.62837,21090,7772.63037,-0.4124410230421877,-0.37882276466544773,-0.4935637514578185,-0.22221864692489354,-0.3810132915165257,-0.09826717342661563,0.5082308133856828
21090,7772.63037,21091,7772.63237,-0.38116247102948825,-0.1590935974930537,-0.4612300397916861,-0.22221864692489354,0.04438687934874181,-0.10448296967144763,-0.4124410230421877
21091,7772.63237,21092,7772.634370000001,-0.447225697497214,0.025655330634945066,0.06867010178033228,-0.22221864692489354,0.07026594613374956,-0.22064361378610747,-0.38116247102948825
21092,7772.634370000001,21093,7772.63637,0.8071905460779841,-0.33912048824683566,-0.3055559555122169,-0.22221864692489354,-0.10644818598635492,0.20996150728149343,-0.447225697497214
21093,7772.63637,21094,7772.638370000001,0.7573387352331781,-0.2924387125634771,-0.20543721480030894,-0.22221864692489354,0.100343401371026,-0.32164822622632444,0.8071905460779841
21094,7772.638370000001,21095,7772.64037,0.5487155715328984,-0.47917436999762225,-0.349079290883896,-0.22221864692489354,-0.34838590753069837,-0.19497995366587803,0.7573387352331781
21095,7772.64037,21096,7772.6423700000005,0.17599280689275565,-0.22776977648886657,-0.19492005369880339,-0.22221864692489354,-0.1314272696816102,-0.3267540379289676,0.5487155715328984
21096,7772.6423700000005,21097,7772.64437,0.36671355997832655,-0.3284851404962956,-0.25979920808060847,-0.22221864692489354,-0.23688671451102722,0.23826432285676985,0.17599280689275565
21097,7772.64437,21098,7772.64637,-1.0987214728801775,0.24347058211343803,-0.22608734875547484,-0.22221864692489354,-0.12473485449518786,-0.4836049776255281,0.36671355997832655
21098,7772.64637,21099,7772.64837,-0.8537762453149959,0.2845561728058882,-0.1534589028431259,-0.22221864692489354,0.5044358256672195,0.458518454151563,-1.0987214728801775
21099,7772.64837,21100,7772.65037,0.9962600834590054,0.0579770049994011,-0.3836207254178327,-0.22221864692489354,0.6398500600168766,0.3577698856724587,-0.8537762453149959
21100,7772.65037,21101,7772.652370000001,-1.03707885242773,-0.6326840561661579,-0.32515141032815087,-0.22221864692489354,0.24978459626402924,0.07750010654455093,0.9962600834590054
21101,7772.652370000001,21102,7772.65437,-0.6992793864994052,0.21827640291959524,0.19701442061940258,-0.22221864692489354,0.7115214657396601,0.3611236325594171,-1.03707885242773
21102,7772.65437,21103,7772.656370000001,0.8050612429856923,-0.11114900749167592,-0.14480518357318112,-0.22221864692489354,0.3704396468673701,0.28824606260599483,-0.6992793864994052
21103,7772.656370000001,21104,7772.65837,0.5862487323084831,-0.2773835463177908,-0.05257000406954908,-0.22221864692489354,-0.002145104351066517,-0.4091344370330442,0.8050612429856923
21104,7772.65837,21105,7772.6603700000005,0.1050074050959691,-0.11540633830732888,0.49903666098945154,-0.22221864692489354,-0.20579280196736274,-0.18855022265439364,0.5862487323084831
21105,7772.6603700000005,21106,7772.66237,-0.31990523735215826,-0.45759760137687655,-0.264447904458089,-0.22221864692489354,0.35092596611180915,0.29896486053485194,0.1050074050959691
21106,7772.66237,21107,7772.66437,0.53478381817656,0.18707215955255196,0.44738858858162417,-0.22221864692489354,-0.22742192015002743,-0.4840761201548569,-0.31990523735215826
21107,7772.66437,21108,7772.66637,-0.6274894406706697,-0.4341784187284774,-0.19492005369880339,-0.22221864692489354,0.48223516054013216,-0.3267540379289676,0.53478381817656
21108,7772.66637,21109,7772.66837,-0.6289070680333141,0.19940262403523046,0.28830062542145124,-0.22221864692489354,0.3196144436153957,0.1629355851779203,-0.6274894406706697
21109,7772.66837,21110,7772.67037,0.03536363063379876,0.19940262403523046,0.28830062542145124,-0.22221864692489354,0.014023143528221628,0.1629355851779203,-0.6289070680333141
21110,7772.67037,21111,7772.67237,-0.45762063303389083,-0.33386908533994497,-0.142219654779851,-0.22221864692489354,-0.4168168715325789,0.28425491436494743,0.03536363063379876
21111,7772.67237,21112,7772.674370000001,-0.0912154483219063,-0.3360041692109607,-0.3111977571319168,-0.22221864692489354,-0.1478864625399049,0.4755840261875662,-0.45762063303389083
21112,7772.674370000001,21113,7772.67637,0.2738470448698658,-0.26469932568774684,-0.1375361019146593,-0.22221864692489354,-0.06024131226572355,0.2538024840754271,-0.0912154483219063
21113,7772.67637,21114,7772.6783700000005,1.3086819705041053,-0.3924846526927655,0.24637656706444025,-0.22221864692489354,-0.3638592658670793,0.21947532111276988,0.2738470448698658
21114,7772.6783700000005,21115,7772.68037,-0.8597560061744083,-0.45706772680652374,-0.5411385785180731,-0.22221864692489354,-0.42291583687486817,-0.4624455665739974,1.3086819705041053
21115,7772.68037,21116,7772.68237,0.5484632268286925,-0.20883973594614808,-0.5617920221446955,-0.22221864692489354,0.36661266198611925,0.3577698856724587,-0.8597560061744083
21116,7772.68237,21117,7772.68437,0.6288294418421959,-0.22776977648886657,-0.19492005369880339,-0.22221864692489354,-0.1562957841783241,-0.3267540379289676,0.5484632268286925
21117,7772.68437,21118,7772.68637,-1.0486112005433081,-0.42710372668664515,0.28830062542145124,-0.22221864692489354,0.44745839092467876,0.2567067988803972,0.6288294418421959
21118,7772.68637,21119,7772.68837,0.4256304474238953,0.2845561728058882,0.30970350704733635,-0.22221864692489354,0.6827015496319133,0.4905597772804365,-1.0486112005433081
21119,7772.68837,21120,7772.69037,0.45369761143362036,-0.2256517770607452,-0.4612300397916861,-0.22221864692489354,-0.12614751084466375,-0.34776916289481696,0.4256304474238953
21120,7772.69037,21121,7772.692370000001,-0.906348845025371,0.2012793281413575,-0.2852952407927156,-0.22221864692489354,0.15205306996815474,-0.4093036519968823,0.45369761143362036
21121,7772.692370000001,21122,7772.69437,-0.41193488307163695,0.24161431382093385,-0.19647628792681227,-0.22221864692489354,-0.1122557063872647,0.18377636701599045,-0.906348845025371
21122,7772.69437,21123,7772.696370000001,-0.35664946590716784,-0.1590935974930537,-0.4612300397916861,-0.22221864692489354,0.039500648769917816,-0.10448296967144763,-0.41193488307163695
21123,7772.696370000001,21124,7772.69837,1.1779968390182933,0.22099383559682884,-0.2277407930818674,-0.22221864692489354,-0.04973429998722993,-0.4840761201548569,-0.35664946590716784
21124,7772.69837,21125,7772.7003700000005,0.9951708685944735,-0.23320378702771544,0.05132605090292216,-0.22221864692489354,-0.2540283643033973,-0.5082527079197163,1.1779968390182933
21125,7772.7003700000005,21126,7772.70237,-0.7301080453349813,-0.6326840561661579,-0.32515141032815087,-0.22221864692489354,-0.5067189316817886,0.07750010654455093,0.9951708685944735
21126,7772.70237,21127,7772.70437,0.14032356016550812,-0.11114900749167592,0.08448164062495879,-0.22221864692489354,-0.00985122595054542,0.34638009514734397,-0.7301080453349813
21127,7772.70437,21128,7772.70637,-0.6463740890113278,-0.0468558017538685,-0.11764148282154932,-0.22221864692489354,0.024945582210957846,0.07911556141073157,0.14032356016550812
21128,7772.70637,21129,7772.70837,0.3204601543270458,0.29766843901634654,-0.4089410134347594,-0.22221864692489354,0.11790030711365772,0.15775784096124995,-0.6463740890113278
21129,7772.70837,21130,7772.710370000001,-0.3327998314989386,0.011543669774703644,0.480863464481744,-0.22221864692489354,0.4975993231335031,-0.29284614965403966,0.3204601543270458
21130,7772.710370000001,21131,7772.71237,-0.8855031495137421,0.12222568506445756,0.12222568506445756,-0.22221864692489354,0.1289028630940942,-0.3163835941642779,-0.3327998314989386
21131,7772.71237,21132,7772.714370000001,0.07402477618036556,-0.19647628792681227,-0.20883973594614808,-0.22221864692489354,-0.22108137188797786,0.24680320643266201,-0.8855031495137421
21132,7772.714370000001,21133,7772.71637,0.34158070520980477,-0.33386908533994497,-0.142219654779851,-0.22221864692489354,-0.4168168715325789,0.28425491436494743,0.07402477618036556
21133,7772.71637,21134,7772.7183700000005,0.9768541196796591,0.24358470153953493,0.12222568506445756,-0.22221864692489354,-0.2558335716872606,-0.29284614965403966,0.34158070520980477
21134,7772.7183700000005,21135,7772.72037,-0.46164302591662504,-0.6482031138510547,-0.6058412776143282,-0.22221864692489354,-0.47567450754846513,0.08608586542674336,0.9768541196796591
21135,7772.72037,21136,7772.72237,1.0327213216923363,-0.3360041692109607,-0.3055559555122169,-0.22221864692489354,0.031315255893349866,0.4000760301231742,-0.46164302591662504
21136,7772.72237,21137,7772.72437,0.30981031327424396,-0.3699117898289583,0.13867736503625425,-0.22221864692489354,-0.22105219397565293,0.4754709129724304,1.0327213216923363
21137,7772.72437,21138,7772.72637,-1.300417256639284,-0.22414032461627648,0.3575917210223996,-0.22221864692489354,-0.4358745721658211,-0.2264646908205313,0.30981031327424396
21138,7772.72637,21139,7772.728370000001,0.02480357205699503,0.22067280362221273,-0.45706772680652374,-0.22221864692489354,0.4910722036303654,0.2897999373819561,-1.300417256639284
21139,7772.728370000001,21140,7772.73037,-0.1567003967672967,-0.33386908533994497,-0.142219654779851,-0.22221864692489354,-0.4168168715325789,0.28425491436494743,0.02480357205699503
21140,7772.73037,21141,7772.732370000001,-0.576664481992259,0.18595462164382995,0.18595462164382995,-0.22221864692489354,-0.04723776609693227,0.04382965985950285,-0.1567003967672967
21141,7772.732370000001,21142,7772.73437,0.5233546322136883,0.23507571868727375,0.4142706294650885,-0.22221864692489354,0.07894740657336129,0.40683511250520366,-0.576664481992259
21142,7772.73437,21143,7772.7363700000005,0.33818661181381765,-0.4341784187284774,-0.19492005369880339,-0.22221864692489354,-0.5764804460842872,-0.4046033477577051,0.5233546322136883
21143,7772.7363700000005,21144,7772.73837,0.7263830572806828,0.07077472253750312,0.1289028630940942,-0.22221864692489354,0.01739111518194242,-0.40579262498731017,0.33818661181381765
21144,7772.73837,21145,7772.74037,-0.29828985072157554,-0.6249404292209375,-0.11433558754392475,-0.22221864692489354,-0.4339190306470874,0.10739665787312261,0.7263830572806828
21145,7772.74037,21146,7772.74237,1.0566649012480258,0.26136985966282844,0.425368832305809,-0.22221864692489354,-0.20762799073721838,-0.469457529295874,-0.29828985072157554
21146,7772.74237,21147,7772.74437,-0.23158823118487828,0.19207066438924272,0.30970350704733635,-0.22221864692489354,0.18740415985742115,-0.303838387594942,1.0566649012480258
21147,7772.74437,21148,7772.74637,-0.8754384062903403,0.011795490982976716,0.057427309036130976,-0.22221864692489354,0.20582242852460797,-0.018749422511174247,-0.23158823118487828
21148,7772.74637,21149,7772.74837,-0.4253450457190688,-0.22402396436481015,-0.4450124051964178,-0.22221864692489354,0.6007644676817742,0.4043361726471263,-0.8754384062903403
21149,7772.74837,21150,7772.750370000001,0.6601425940035373,-0.2852952407927156,-0.4612300397916861,-0.22221864692489354,-0.5554631506221019,0.20996150728149343,-0.4253450457190688
21150,7772.750370000001,21151,7772.75237,-0.9108528615007654,-0.16977732784229826,-0.49283027954691044,-0.22221864692489354,-0.4199786265438037,0.24819562790769067,0.6601425940035373
21151,7772.75237,21152,7772.754370000001,-0.2828569836226562,-0.022955602520112153,-0.13101229880341542,-0.22221864692489354,-0.37605285260461635,0.03096244753518709,-0.9108528615007654
21152,7772.754370000001,21153,7772.75637,-0.10123189543213933,0.21947532111276988,0.21947532111276988,-0.22221864692489354,0.44014928743130477,-0.39253381448423247,-0.2828569836226562
21153,7772.75637,21154,7772.7583700000005,0.11602231148333583,-0.264447904458089,-0.33386908533994497,-0.22221864692489354,0.18320075768734675,0.17611489210839118,-0.10123189543213933
21154,7772.7583700000005,21155,7772.76037,0.24725808788702588,-0.1375361019146593,-0.11764148282154932,-0.22221864692489354,-0.17843168377996158,0.14970561431342108,0.11602231148333583
21155,7772.76037,21156,7772.76237,0.726875832848993,0.057427309036130976,0.11043225500122787,-0.22221864692489354,0.14876508692177126,0.3033279162038353,0.24725808788702588
21156,7772.76237,21157,7772.76437,-0.37269874067686404,-0.5677304416072702,-0.09081668448449774,-0.22221864692489354,-0.4339190306470874,0.09935525899813462,0.726875832848993
21157,7772.76437,21158,7772.76637,-1.017364730491538,0.18707215955255196,0.06867010178033228,-0.22221864692489354,0.19614728644334012,-0.2040136003593252,-0.37269874067686404
21158,7772.76637,21159,7772.768370000001,0.49238548914705443,-0.3602608635249846,-0.4045790620607671,-0.22221864692489354,-0.08571845781726982,0.4905597772804365,-1.017364730491538
21159,7772.768370000001,21160,7772.77037,1.188996799478551,-0.49602694353394244,0.04278403570094096,-0.22221864692489354,-0.35356182294737065,-0.09826717342661563,0.49238548914705443
21160,7772.77037,21161,7772.772370000001,-0.8976207113443537,-0.3039189645258097,0.05132605090292216,-0.22221864692489354,-0.5946179945546799,-0.5597977549998868,1.188996799478551
21161,7772.772370000001,21162,7772.77437,-0.3603877880177724,-0.19647628792681227,-0.19647628792681227,-0.22221864692489354,0.16219312574706135,0.24680320643266201,-0.8976207113443537
21162,7772.77437,21163,7772.7763700000005,-0.5064338283298928,0.12222568506445756,-0.261061533451254,-0.22221864692489354,-0.19973055642447976,-0.4840761201548569,-0.3603877880177724
21163,7772.7763700000005,21164,7772.77837,1.1803474109534917,0.23668565463758306,-0.4935637514578185,-0.22221864692489354,0.21944609630090817,0.3997832400759384,-0.5064338283298928
21164,7772.77837,21165,7772.78037,-0.2418143852756819,-0.3039189645258097,0.05132605090292216,-0.22221864692489354,-0.43264469419144724,-0.5082527079197163,1.1803474109534917
21165,7772.78037,21166,7772.78237,0.5709641241260005,0.03328868571940855,0.11043225500122787,-0.22221864692489354,0.27343179121312433,-0.018749422511174247,-0.2418143852756819
21166,7772.78237,21167,7772.78437,0.5603798271932738,-0.04128339852111738,0.20026694120400818,-0.22221864692489354,0.12241892178003846,-0.24794002233409962,0.5709641241260005
21167,7772.78437,21168,7772.786370000001,-1.4074431176070257,-0.1367745355898586,-0.04128339852111738,-0.22221864692489354,-0.0325491058374817,-0.3267540379289676,0.5603798271932738
21168,7772.786370000001,21169,7772.78837,0.5356149936983393,0.7421712963024673,0.5665331827738171,-0.22221864692489354,0.6314847137262339,0.36277097500886984,-1.4074431176070257
21169,7772.78837,21170,7772.790370000001,-0.400051634226554,-0.4341784187284774,-0.19492005369880339,-0.22221864692489354,0.4580120900649686,-0.3267540379289676,0.5356149936983393
21170,7772.790370000001,21171,7772.79237,-0.3811873321181546,-0.03904571359033493,-0.03904571359033493,-0.22221864692489354,0.32467801263896107,-0.09118222407484311,-0.400051634226554
21171,7772.79237,21172,7772.7943700000005,0.2873453460660836,0.025655330634945066,0.06867010178033228,-0.22221864692489354,0.07026594613374956,-0.22064361378610747,-0.3811873321181546
21172,7772.7943700000005,21173,7772.79637,0.14496262173967456,-0.22414032461627648,0.37204663762147455,-0.22221864692489354,-0.4582422873450523,0.21947532111276988,0.2873453460660836
21173,7772.79637,21174,7772.79837,-0.30410695211918165,-0.1451200351232795,-0.0468558017538685,-0.22221864692489354,0.22588410557430794,0.07911556141073157,0.14496262173967456
21174,7772.79837,21175,7772.80037,0.06703767045604767,0.24637656706444025,0.3022792894054063,-0.22221864692489354,-0.009923303217408738,-0.39817136066672254,-0.30410695211918165
21175,7772.80037,21176,7772.80237,0.6376979512733959,-0.33386908533994497,-0.142219654779851,-0.22221864692489354,-0.4168168715325789,0.28425491436494743,0.06703767045604767
21176,7772.80237,21177,7772.80437,1.2128613008102127,-0.49283027954691044,-0.11815906443308215,-0.22221864692489354,-0.255946289020488,0.23783402407935733,0.6376979512733959
21177,7772.80437,21178,7772.80637,-1.183194268775062,-0.3039189645258097,0.09806921242428263,-0.22221864692489354,-0.21472972823616607,-0.41280239481335645,1.2128613008102127
21178,7772.80637,21179,7772.808370000001,-0.33813470420934616,0.6013431309857261,0.05132605090292216,-0.22221864692489354,0.3219120506263354,0.5491149871301269,-1.183194268775062
21179,7772.808370000001,21180,7772.81037,0.6879471505967594,0.12222568506445756,0.1289028630940942,-0.22221864692489354,0.3227558212762645,-0.3163835941642779,-0.33813470420934616
21180,7772.81037,21181,7772.812370000001,-0.9627783208107508,-0.49283027954691044,0.03771471514515023,-0.22221864692489354,-0.44561863539592267,0.3015257504279363,0.6879471505967594
21181,7772.812370000001,21182,7772.81437,0.01013950385244163,-0.2109641318826023,-0.6326840561661579,-0.22221864692489354,-0.1975522638809434,0.03096244753518709,-0.9627783208107508
21182,7772.81437,21183,7772.8163700000005,0.8463563019605317,-0.33386908533994497,-0.142219654779851,-0.22221864692489354,-0.4168168715325789,0.28425491436494743,0.01013950385244163
21183,7772.8163700000005,21184,7772.81837,-0.3533573448769288,-0.4450124051964178,-0.22221864692489354,-0.22221864692489354,-0.16633148866370057,-0.28636182004630667,0.8463563019605317
21184,7772.81837,21185,7772.82037,0.2164606699776946,0.22099383559682884,-0.2277407930818674,-0.22221864692489354,-0.5745972449054575,-0.4840761201548569,-0.3533573448769288
21185,7772.82037,21186,7772.82237,1.0127748439071163,-0.3284851404962956,0.057427309036130976,-0.22221864692489354,0.09197930149997206,0.18912276188143587,0.2164606699776946
21186,7772.82237,21187,7772.82437,0.5737568484348443,-0.3699117898289583,-0.4045790620607671,-0.22221864692489354,-0.14684994890175646,0.15245940251003792,1.0127748439071163
21187,7772.82437,21188,7772.826370000001,-0.9580839016028347,-0.04128339852111738,0.3041338046050559,-0.22221864692489354,0.08551799675616023,-0.24794002233409962,0.5737568484348443
21188,7772.826370000001,21189,7772.82837,0.0627398161752106,-0.2109641318826023,-0.6482031138510547,-0.22221864692489354,0.2901267614717977,0.17522943642255087,-0.9580839016028347
21189,7772.82837,21190,7772.830370000001,-0.13416813253779267,-0.33386908533994497,-0.142219654779851,-0.22221864692489354,-0.4168168715325789,0.28425491436494743,0.0627398161752106
21190,7772.830370000001,21191,7772.83237,-0.5442269593626582,-0.1253451100184705,0.18806782997741056,-0.22221864692489354,0.06198749934596607,0.04382965985950285,-0.13416813253779267
21191,7772.83237,21192,7772.8343700000005,-0.7290376538380295,0.33431209940636736,0.0023266815309476974,-0.22221864692489354,0.007830950361707705,0.47266160416269526,-0.5442269593626582
21192,7772.8343700000005,21193,7772.83637,0.8290007156877184,-0.11114900749167592,0.08448164062495879,-0.22221864692489354,-0.14640989105848354,0.34638009514734397,-0.7290376538380295
21193,7772.83637,21194,7772.83837,0.6349627092714447,-0.3836207254178327,-0.05257000406954908,-0.22221864692489354,0.022706576388869904,-0.18159335723510206,0.8290007156877184
21194,7772.83837,21195,7772.84037,-0.5324571187972374,-0.49283027954691044,0.1358853078889796,-0.22221864692489354,-0.255946289020488,0.2567067988803972,0.6349627092714447
21195,7772.84037,21196,7772.84237,0.3978780123379264,0.2738747223168975,-0.19492005369880339,-0.22221864692489354,0.5391663376896163,0.47266160416269526,-0.5324571187972374
21196,7772.84237,21197,7772.844370000001,0.13318101277733393,-0.4612300397916861,0.06867010178033228,-0.22221864692489354,0.17522943642255087,-0.19734313698496606,0.3978780123379264
21197,7772.844370000001,21198,7772.84637,-0.5121641270247487,-0.11764148282154932,0.18806782997741056,-0.22221864692489354,0.08166803970670483,0.06598197385371023,0.13318101277733393
21198,7772.84637,21199,7772.848370000001,-0.5837343850179507,-0.19492005369880339,-0.22776977648886657,-0.22221864692489354,0.2423286710013129,0.47266160416269526,-0.5121641270247487
21199,7772.848370000001,21200,7772.85037,0.7769763690291601,0.44799338041210496,0.5367221541580659,-0.22221864692489354,0.332930289537298,0.40683511250520366,-0.5837343850179507
21200,7772.85037,21201,7772.8523700000005,0.08511695403973318,-0.349079290883896,-0.34364778258269746,-0.22221864692489354,0.29298192513591415,-0.2963973956432763,0.7769763690291601
21201,7772.8523700000005,21202,7772.85437,-0.3390167672562128,-0.33386908533994497,-0.142219654779851,-0.22221864692489354,-0.4168168715325789,0.28425491436494743,0.08511695403973318
21202,7772.85437,21203,7772.85637,0.20824882415208462,0.12222568506445756,0.1289028630940942,-0.22221864692489354,0.3227558212762645,-0.469457529295874,-0.3390167672562128
21203,7772.85637,21204,7772.85837,0.9611510037855516,-0.3284851404962956,-0.05790830952639997,-0.22221864692489354,0.1929113285634067,0.23826432285676985,0.20824882415208462
21204,7772.85837,21205,7772.86037,-1.045174397855491,-0.6326840561661579,-0.6326840561661579,-0.22221864692489354,-0.24560815720806747,-0.2615379975362791,0.9611510037855516
21205,7772.86037,21206,7772.86237,-0.2323674857374934,0.25400013206500477,0.19701442061940258,-0.22221864692489354,0.24867826025058415,0.4905597772804365,-1.045174397855491
21206,7772.86237,21207,7772.86437,0.3129293592961913,0.011795490982976716,0.11043225500122787,-0.22221864692489354,0.33274764351782166,-0.018749422511174247,-0.2323674857374934
21207,7772.86437,21208,7772.866370000001,-0.05263906722782907,-0.22414032461627648,0.3575917210223996,-0.22221864692489354,-0.2639169186285241,-0.2264646908205313,0.3129293592961913
21208,7772.866370000001,21209,7772.86837,-1.0065289262017871,-0.26469932568774684,-0.142219654779851,-0.22221864692489354,-0.20898740935191218,0.2538024840754271,-0.05263906722782907
21209,7772.86837,21210,7772.870370000001,0.18559190854591706,-0.3602608635249846,-0.32515141032815087,-0.22221864692489354,0.2891459685856564,0.660405885525192,-1.0065289262017871
21210,7772.870370000001,21211,7772.87237,0.6370052172555557,-0.3680243083006973,-0.25979920808060847,-0.22221864692489354,-0.6024396769760778,0.23826432285676985,0.18559190854591706
21211,7772.87237,21212,7772.87437,-0.6582033865878969,-0.49283027954691044,0.024022155522242548,-0.22221864692489354,-0.21393660195533007,0.23783402407935733,0.6370052172555557
21212,7772.87437,21213,7772.87637,0.7609503850133119,0.23098172421311908,-0.43566271025191466,-0.22221864692489354,0.47433907656040064,0.15775784096124995,-0.6582033865878969
21213,7772.87637,21214,7772.87837,-0.736663267955506,-0.46320165830331783,-0.32138433220463275,-0.22221864692489354,-0.4735686954102299,-0.4830662570737806,0.7609503850133119
21214,7772.87837,21215,7772.88037,0.8630934182431804,0.31058431744980514,-0.40321812085722475,-0.22221864692489354,-0.09084992087835003,0.34638009514734397,-0.736663267955506
21215,7772.88037,21216,7772.88237,0.22469285098438582,-0.3836207254178327,-0.5001629737596565,-0.22221864692489354,-0.5358493029663475,-0.28636182004630667,0.8630934182431804
21216,7772.88237,21217,7772.884370000001,-0.1124834042007233,-0.3680243083006973,0.11043225500122787,-0.22221864692489354,0.22364570001171516,0.23826432285676985,0.22469285098438582
21217,7772.884370000001,21218,7772.88637,0.6718854364952022,-0.264447904458089,-0.1451200351232795,-0.22221864692489354,0.18939385030310388,0.17611489210839118,-0.1124834042007233
21218,7772.88637,21219,7772.888370000001,0.3283803104519118,-0.4089410134347594,0.003959394191598462,-0.22221864692489354,-0.5515920025449972,0.25667864216008623,0.6718854364952022
21219,7772.888370000001,21220,7772.89037,-0.8015893851531621,0.425368832305809,0.18707215955255196,-0.22221864692489354,-0.5180786020710064,-0.4123446351773559,0.3283803104519118
21220,7772.89037,21221,7772.8923700000005,-0.5075080247041892,0.2001179742892834,-0.05257000406954908,-0.22221864692489354,0.1052367591377042,0.371268573956694,-0.8015893851531621
21221,7772.8923700000005,21222,7772.89437,-0.013520558796223587,0.23668565463758306,-0.4935637514578185,-0.22221864692489354,0.09938821281336421,0.47266160416269526,-0.5075080247041892
21222,7772.89437,21223,7772.89637,0.746079713009937,-0.26469932568774684,-0.142219654779851,-0.22221864692489354,-0.20898740935191218,0.2538024840754271,-0.013520558796223587
21223,7772.89637,21224,7772.89837,-0.3997832400759357,-0.5447970547107047,-0.09081668448449774,-0.22221864692489354,-0.24181438527569216,0.017534181815475017,0.746079713009937
21224,7772.89837,21225,7772.90037,-0.10615364963352981,-0.03904571359033493,-0.03904571359033493,-0.22221864692489354,0.397193198067029,-0.09118222407484311,-0.3997832400759357
21225,7772.90037,21226,7772.902370000001,0.9729135660617391,-0.26469932568774684,-0.19426091714379276,-0.22221864692489354,-0.2117007150540457,0.17611489210839118,-0.10615364963352981
21226,7772.902370000001,21227,7772.90437,0.3300301085294928,-0.6482031138510547,-0.6058412776143282,-0.22221864692489354,-0.37595289258853803,0.08608586542674336,0.9729135660617391
21227,7772.90437,21228,7772.906370000001,-1.002249689933083,0.425368832305809,0.1289028630940942,-0.22221864692489354,0.12431709656375746,-0.40579262498731017,0.3300301085294928
21228,7772.906370000001,21229,7772.90837,0.03223197551188599,-0.34607115121821197,-0.4976878343744867,-0.22221864692489354,0.2818141161918464,0.38118733211814904,-1.002249689933083
21229,7772.90837,21230,7772.9103700000005,0.057805257467833306,-0.33386908533994497,-0.142219654779851,-0.22221864692489354,-0.4168168715325789,0.28425491436494743,0.03223197551188599
21230,7772.9103700000005,21231,7772.91237,-1.0513750582001011,-0.33386908533994497,-0.142219654779851,-0.22221864692489354,-0.4168168715325789,0.28425491436494743,0.057805257467833306
21231,7772.91237,21232,7772.91437,0.05408829283601262,0.25400013206500477,0.30970350704733635,-0.22221864692489354,0.6578829613620392,0.4905597772804365,-1.0513750582001011
21232,7772.91437,21233,7772.91637,0.6415569214371701,-0.33386908533994497,-0.142219654779851,-0.22221864692489354,-0.4168168715325789,0.28425491436494743,0.05408829283601262
21233,7772.91637,21234,7772.91837,0.9669942254298095,-0.49283027954691044,-0.4089410134347594,-0.22221864692489354,-0.38088895825348545,0.2386084286153376,0.6415569214371701
21234,7772.91837,21235,7772.92037,-1.0119548898843997,-0.6058412776143282,-0.6326840561661579,-0.22221864692489354,0.024270854296013885,0.03641703850535831,0.9669942254298095
21235,7772.92037,21236,7772.92237,0.3134615572864098,-0.3602608635249846,-0.4045790620607671,-0.22221864692489354,-0.06941740980791074,0.660405885525192,-1.0119548898843997
21236,7772.92237,21237,7772.924370000001,0.915904852154622,-0.22414032461627648,0.3575917210223996,-0.22221864692489354,-0.2639169186285241,-0.2264646908205313,0.3134615572864098
21237,7772.924370000001,21238,7772.92637,-0.8645356671736799,-0.5942765296670074,-0.057564761357569785,-0.22221864692489354,0.29626208313884345,-0.2615379975362791,0.915904852154622
21238,7772.92637,21239,7772.9283700000005,0.9537460463735591,-0.20883973594614808,-0.5540210687587266,-0.22221864692489354,0.08025826503712463,0.4043361726471263,-0.8645356671736799
21239,7772.9283700000005,21240,7772.93037,-1.2310921732377416,-0.6482031138510547,-0.41729656837337764,-0.22221864692489354,-0.2035089171857327,0.03641703850535831,0.9537460463735591
21240,7772.93037,21241,7772.93237,0.20104121164173194,0.2695477524837449,-0.04713360847163667,-0.22221864692489354,0.12042033946305572,0.5204389578696991,-1.2310921732377416
21241,7772.93237,21242,7772.93437,-0.7902755426833282,-0.3284851404962956,-0.2839535651400084,-0.22221864692489354,0.35100283695601775,0.23826432285676985,0.20104121164173194
21242,7772.93437,21243,7772.93637,0.9193941914127046,0.21953376817436218,-0.32138433220463275,-0.22221864692489354,-0.01674706191794212,0.34178760532952207,-0.7902755426833282
21243,7772.93637,21244,7772.93837,0.21328988548854713,-0.5942765296670074,-0.022955602520112153,-0.22221864692489354,-0.0010185893419539932,-0.19731325814367107,0.9193941914127046
21244,7772.93837,21245,7772.94037,0.4144630250309617,0.057427309036130976,0.057427309036130976,-0.22221864692489354,0.09197930149997206,0.18912276188143587,0.21328988548854713
21245,7772.94037,21246,7772.942370000001,0.16302835385927925,-0.2256517770607452,-0.586228480579486,-0.22221864692489354,0.5667603592806035,-0.21602088399978886,0.4144630250309617
21246,7772.942370000001,21247,7772.94437,0.6867573824611751,-0.2137014807198618,-0.1253451100184705,-0.22221864692489354,0.24887692353116836,0.18912276188143587,0.16302835385927925
21247,7772.94437,21248,7772.946370000001,-0.8024544018137878,-0.49283027954691044,0.03771471514515023,-0.22221864692489354,-0.5106145004801281,0.3015257504279363,0.6867573824611751
21248,7772.946370000001,21249,7772.94837,0.2493592272500017,0.19800024573023775,-0.05257000406954908,-0.22221864692489354,0.1052367591377042,0.371268573956694,-0.8024544018137878
21249,7772.94837,21250,7772.9503700000005,-0.5750478983605851,0.057427309036130976,0.11043225500122787,-0.22221864692489354,-0.41048735567775374,0.3033279162038353,0.2493592272500017
21250,7772.9503700000005,21251,7772.95237,-0.7564679450641778,0.4560994046946216,0.3041338046050559,-0.22221864692489354,-0.15657591802188506,0.36385926586707645,-0.5750478983605851
21251,7772.95237,21252,7772.95437,-0.15567298342328412,0.3497978476422957,-0.11323118932863557,-0.22221864692489354,0.5919031426564528,0.41712870065275015,-0.7564679450641778
21252,7772.95437,21253,7772.95637,1.0952094780686117,0.18595462164382995,-0.1253451100184705,-0.22221864692489354,-0.04723776609693227,0.04382965985950285,-0.15567298342328412
21253,7772.95637,21254,7772.95837,0.6834919835845168,-0.5707173324169582,-0.1534589028431259,-0.22221864692489354,-0.36746997059406167,-0.4301858315945434,1.0952094780686117
21254,7772.95837,21255,7772.960370000001,-0.2763901687526605,-0.5999258094856524,0.0878208763721414,-0.22221864692489354,-0.3877785297543843,0.3015257504279363,0.6834919835845168
21255,7772.960370000001,21256,7772.96237,0.18429110519216407,0.03328868571940855,-0.22414032461627648,-0.22221864692489354,0.1522718849297195,-0.08755414746714527,-0.2763901687526605
21256,7772.96237,21257,7772.964370000001,0.5473058314700666,-0.3680243083006973,-0.25979920808060847,-0.22221864692489354,-0.5068943395054263,0.2949621506605914,0.18429110519216407
21257,7772.964370000001,21258,7772.96637,-0.1683635090673297,-0.37882276466544773,-0.14386003369658196,-0.22221864692489354,-0.25493137534198873,-0.3267540379289676,0.5473058314700666
21258,7772.96637,21259,7772.9683700000005,-0.24401253343665907,0.3670161928869269,-0.2137014807198618,-0.22221864692489354,-0.30724381006088747,0.1023824733134749,-0.1683635090673297
21259,7772.9683700000005,21260,7772.97037,-0.8471834641392725,0.011795490982976716,0.03328868571940855,-0.22221864692489354,0.14152483745726482,0.01290993755996567,-0.24401253343665907
21260,7772.97037,21261,7772.97237,-0.5324357478510398,0.0807619841739891,-0.22221864692489354,-0.22221864692489354,-0.07955263170195827,0.4043361726471263,-0.8471834641392725
21261,7772.97237,21262,7772.97437,-0.8948728243729016,0.2738747223168975,-0.19492005369880339,-0.22221864692489354,0.5391663376896163,0.47266160416269526,-0.5324357478510398
21262,7772.97437,21263,7772.97637,0.883113087421917,-0.19647628792681227,-0.19647628792681227,-0.22221864692489354,0.43662749566201137,0.28595173187160355,-0.8948728243729016
21263,7772.97637,21264,7772.978370000001,-0.5361687271537303,-0.45228617859521053,-0.21528747729291253,-0.22221864692489354,-0.27370864614290913,-0.28636182004630667,0.883113087421917
21264,7772.978370000001,21265,7772.98037,1.3490770992258603,0.33431209940636736,-0.19492005369880339,-0.22221864692489354,0.3617068486321399,0.47266160416269526,-0.5361687271537303
21265,7772.98037,21266,7772.982370000001,-0.23225207892836666,-0.6143048440543135,0.5665331827738171,-0.22221864692489354,-0.7551517843025956,0.17284396829030366,1.3490770992258603
21266,7772.982370000001,21267,7772.98437,-0.40027117587328076,0.011795490982976716,0.11043225500122787,-0.22221864692489354,0.1823215567939549,-0.018749422511174247,-0.23225207892836666
21267,7772.98437,21268,7772.9863700000005,0.002508225746541088,-0.03904571359033493,-0.03904571359033493,-0.22221864692489354,0.32467801263896107,-0.09118222407484311,-0.40027117587328076
21268,7772.9863700000005,21269,7772.98837,-0.33748563171111595,-0.33386908533994497,-0.142219654779851,-0.22221864692489354,-0.4168168715325789,0.28425491436494743,0.002508225746541088
21269,7772.98837,21270,7772.99037,1.0471816989661018,-0.1590935974930537,0.1289028630940942,-0.22221864692489354,0.4065927705109953,-0.31622443030475306,-0.33748563171111595
21270,7772.99037,21271,7772.99237,-0.9818569322298254,-0.32979458966726777,0.25400013206500477,-0.22221864692489354,-0.39211586219846073,-0.06393551862196219,1.0471816989661018
21271,7772.99237,21272,7772.99437,-0.7263126409440654,-0.4457817884455007,-0.2109641318826023,-0.22221864692489354,0.33146818645967324,0.2960726148674459,-0.9818569322298254
21272,7772.99437,21273,7772.99637,0.1794359902082388,0.08448164062495879,-0.11433558754392475,-0.22221864692489354,-0.08598567673795962,0.0527081256167263,-0.7263126409440654
21273,7772.99637,21274,7772.99837,0.8766206365991548,-0.3680243083006973,-0.3284851404962956,-0.22221864692489354,-0.09055075355848605,0.23826432285676985,0.1794359902082388
21274,7772.99837,21275,7773.000370000001,-0.8762267151056424,-0.45228617859521053,-0.4450124051964178,-0.22221864692489354,0.00010918421207051629,-0.28636182004630667,0.8766206365991548
21275,7773.000370000001,21276,7773.00237,1.2332471062655987,-0.27262847819641933,-0.4450124051964178,-0.22221864692489354,0.601981267648389,0.4043361726471263,-0.8762267151056424
21276,7773.00237,21277,7773.004370000001,-0.4646206501419026,-0.3039189645258097,-0.004031897363650107,-0.22221864692489354,0.12460633218032037,-0.4676350392707466,1.2332471062655987
21277,7773.004370000001,21278,7773.00637,0.5518435590522001,-0.3360041692109607,-0.2852952407927156,-0.22221864692489354,0.0648228301264931,0.4755840261875662,-0.4646206501419026
21278,7773.00637,21279,7773.0083700000005,-0.3583296251537902,-0.14386003369658196,-0.19492005369880339,-0.22221864692489354,-0.021531760041277256,-0.30157959347546437,0.5518435590522001
21279,7773.0083700000005,21280,7773.01037,-0.6994059882376369,0.18707215955255196,-0.1590935974930537,-0.22221864692489354,-0.06222693428066605,-0.4840761201548569,-0.3583296251537902
21280,7773.01037,21281,7773.01237,-1.0375948083765423,-0.11114900749167592,-0.11433558754392475,-0.22221864692489354,0.3787729241550719,0.28824606260599483,-0.6994059882376369
21281,7773.01237,21282,7773.01437,0.407731267575771,0.21827640291959524,0.13972237993573028,-0.22221864692489354,0.6541622903716725,0.3611236325594171,-1.0375948083765423
21282,7773.01437,21283,7773.01637,-0.17955765581048505,-0.18444244836309,-0.38854385795705143,-0.22221864692489354,-0.2325982594072454,-0.3234408610880635,0.407731267575771
21283,7773.01637,21284,7773.018370000001,0.35172001336092057,0.2694643577625831,-0.3284851404962956,-0.22221864692489354,0.3485400342745617,0.16897845850712317,-0.17955765581048505
21284,7773.018370000001,21285,7773.02037,0.802601217144837,0.07077472253750312,-0.22326729252055358,-0.22221864692489354,0.05715234770083208,-0.44155453861695204,0.35172001336092057
21285,7773.02037,21286,7773.022370000001,-0.07520706895240165,-0.2924387125634771,-0.05257000406954908,-0.22221864692489354,-0.28463831845015736,-0.49280804472495426,0.802601217144837
21286,7773.022370000001,21287,7773.02437,1.0737003617662346,-0.26469932568774684,-0.142219654779851,-0.22221864692489354,-0.20898740935191218,0.2538024840754271,-0.07520706895240165
21287,7773.02437,21288,7773.0263700000005,-0.42377387868553446,-0.3560632919496327,0.2845561728058882,-0.22221864692489354,0.18562213966280547,-0.303838387594942,1.0737003617662346
21288,7773.0263700000005,21289,7773.02837,-0.8338660570231822,-0.3360041692109607,-0.586228480579486,-0.22221864692489354,-0.46345356189428083,0.33683613764414877,-0.42377387868553446
21289,7773.02837,21290,7773.03037,0.1939611659350478,0.2001179742892834,-0.013089570749465922,-0.22221864692489354,0.44463915770567347,0.2716581023075879,-0.8338660570231822
21290,7773.03037,21291,7773.03237,-0.8926690651796958,-0.3284851404962956,-0.2839535651400084,-0.22221864692489354,0.05770219478847016,0.23826432285676985,0.1939611659350478
21291,7773.03237,21292,7773.03437,-0.36615849499624475,-0.19647628792681227,-0.19647628792681227,-0.22221864692489354,0.1531466662901783,0.28595173187160355,-0.8926690651796958
21292,7773.03437,21293,7773.036370000001,0.5429166201777876,0.12222568506445756,-0.25819797169662406,-0.22221864692489354,0.18010496791366426,-0.31622443030475306,-0.36615849499624475
21293,7773.036370000001,21294,7773.03837,0.21572758586012758,-0.4341784187284774,0.0023266815309476974,-0.22221864692489354,-0.42672373333196517,-0.24794002233409962,0.5429166201777876
21294,7773.03837,21295,7773.040370000001,1.0909396167564505,-0.3284851404962956,0.057427309036130976,-0.22221864692489354,-0.3047243769404811,0.18912276188143587,0.21572758586012758
21295,7773.040370000001,21296,7773.04237,0.6027584465283122,-0.5707173324169582,-0.1534589028431259,-0.22221864692489354,-0.6423996880598638,-0.48304380408472236,1.0909396167564505
21296,7773.04237,21297,7773.0443700000005,-0.15317789433296242,-0.1367745355898586,-0.2585071819480077,-0.22221864692489354,0.26843525063072204,-0.15086438113950212,0.6027584465283122
21297,7773.0443700000005,21298,7773.04637,-0.9539423557577744,-0.03932569819300731,-0.1253451100184705,-0.22221864692489354,-0.013233254071671662,0.04382965985950285,-0.15317789433296242
21298,7773.04637,21299,7773.04837,-0.13988062030317916,0.2650902997767296,-0.41729656837337764,-0.22221864692489354,0.5887365725091424,0.2281754560076201,-0.9539423557577744
21299,7773.04837,21300,7773.05037,0.23516203099401986,-0.1253451100184705,-0.11764148282154932,-0.22221864692489354,-0.28985441548177493,0.04382965985950285,-0.13988062030317916
21300,7773.05037,21301,7773.05237,-0.8298899716296999,0.057427309036130976,0.11043225500122787,-0.22221864692489354,-0.3996612189173214,0.3033279162038353,0.23516203099401986
21301,7773.05237,21302,7773.05437,-0.7803011012265583,0.19800024573023775,-0.05257000406954908,-0.22221864692489354,0.0579770049994011,0.2716581023075879,-0.8298899716296999
21302,7773.05437,21303,7773.05637,0.8608338081787523,0.23860842861534076,-0.32138433220463275,-0.22221864692489354,0.12861486770002165,0.34178760532952207,-0.7803011012265583
21303,7773.05637,21304,7773.058370000001,-0.42572556322746574,-0.4450124051964178,-0.5617920221446955,-0.22221864692489354,-0.24526645209624814,-0.29064401459706074,0.8608338081787523
21304,7773.058370000001,21305,7773.06037,0.8104326705623232,-0.3360041692109607,-0.4612300397916861,-0.22221864692489354,-0.46345356189428083,-0.10448296967144763,-0.42572556322746574
21305,7773.06037,21306,7773.062370000001,0.8963294022675035,-0.29246588020138925,0.0579770049994011,-0.22221864692489354,-0.18037851167477542,-0.32164822622632444,0.8104326705623232
21306,7773.062370000001,21307,7773.06437,0.8597406005837136,-0.45228617859521053,-0.19647628792681227,-0.22221864692489354,0.015529383950711314,-0.29064401459706074,0.8963294022675035
21307,7773.06437,21308,7773.0663700000005,-1.3951179211336577,-0.4450124051964178,-0.5617920221446955,-0.22221864692489354,-0.5304034224930078,-0.29064401459706074,0.8597406005837136
21308,7773.0663700000005,21309,7773.06837,-0.819423015808877,0.7421712963024673,0.5665331827738171,-0.22221864692489354,0.6314847137262339,0.36277097500886984,-1.3951179211336577
21309,7773.06837,21310,7773.07037,0.8761964070239859,0.09869595454043296,-0.05257000406954908,-0.22221864692489354,0.19065795882358233,0.3577698856724587,-0.819423015808877
21310,7773.07037,21311,7773.07237,0.9365892307818605,-0.45228617859521053,-0.4450124051964178,-0.22221864692489354,-0.2864984787414297,-0.29064401459706074,0.8761964070239859
21311,7773.07237,21312,7773.07437,-1.3029424229832882,-0.6326840561661579,-0.022955602520112153,-0.22221864692489354,-0.3168874459894686,0.03641703850535831,0.9365892307818605
21312,7773.07437,21313,7773.076370000001,0.800527493088637,0.5677304416072702,-0.45706772680652374,-0.22221864692489354,0.5619580316906234,-0.01756994527594832,-1.3029424229832882
21313,7773.076370000001,21314,7773.07837,0.6465266355859997,-0.2924387125634771,-0.20543721480030894,-0.22221864692489354,-0.3583041892459212,-0.49280804472495426,0.800527493088637
21314,7773.07837,21315,7773.080370000001,-0.6694845196438011,-0.49283027954691044,-0.4089410134347594,-0.22221864692489354,0.4069078036526649,0.2567067988803972,0.6465266355859997
21315,7773.080370000001,21316,7773.08237,1.1117138338163104,0.003959394191598462,0.003959394191598462,-0.22221864692489354,0.11896724977779578,0.03314785552517815,-0.6694845196438011
21316,7773.08237,21317,7773.0843700000005,-0.3733003047615732,-0.6138912424649068,-0.3560632919496327,-0.22221864692489354,-0.3560632919496327,-0.303838387594942,1.1117138338163104
21317,7773.0843700000005,21318,7773.08637,0.4736366940956218,0.18707215955255196,0.06867010178033228,-0.22221864692489354,0.03824032091789319,-0.2040136003593252,-0.3733003047615732
21318,7773.08637,21319,7773.08837,0.7316502008024527,-0.2707978394581285,0.04278403570094096,-0.22221864692489354,-0.12232230808980064,-0.5134500205163743,0.4736366940956218
21319,7773.08837,21320,7773.09037,-1.0623547272953344,-0.5447970547107047,-0.09081668448449774,-0.22221864692489354,0.23579476037952593,0.09164726311328769,0.7316502008024527
21320,7773.09037,21321,7773.09237,-0.8613415122135996,0.25400013206500477,0.19701442061940258,-0.22221864692489354,0.5865524590377528,0.38118733211814904,-1.0623547272953344
21321,7773.09237,21322,7773.094370000001,-0.7908038483204168,-0.20883973594614808,-0.5617920221446955,-0.22221864692489354,0.2258841055743096,0.3577698856724587,-0.8613415122135996
21322,7773.094370000001,21323,7773.09637,1.2820352506226895,0.21953376817436218,-0.32138433220463275,-0.22221864692489354,-0.01674706191794212,0.34178760532952207,-0.7908038483204168
21323,7773.09637,21324,7773.098370000001,-0.9724594740659085,-0.7592824698604915,-0.3658808469260143,-0.22221864692489354,-0.06577751668678355,-0.4025369550643289,1.2820352506226895
21324,7773.098370000001,21325,7773.10037,0.27240676099579897,-0.3445507870687826,-0.6058412776143282,-0.22221864692489354,0.4743617258475146,0.17522943642255087,-0.9724594740659085
21325,7773.10037,21326,7773.1023700000005,0.5050510210111346,-0.3924846526927655,0.24637656706444025,-0.22221864692489354,-0.3638592658670793,0.013771882736142901,0.27240676099579897
21326,7773.1023700000005,21327,7773.10437,1.4007211844189253,-0.3111977571319168,-0.3793708463931679,-0.22221864692489354,-0.5091499713267027,-0.09826717342661563,0.5050510210111346
21327,7773.10437,21328,7773.10637,-0.585884138421518,-0.6143048440543135,0.5665331827738171,-0.22221864692489354,-0.7551517843025956,0.17284396829030366,1.4007211844189253
21328,7773.10637,21329,7773.10837,-0.36769678225316044,0.44799338041210496,0.5122513585153673,-0.22221864692489354,0.3539195589930923,0.23579476037952593,-0.585884138421518
21329,7773.10837,21330,7773.11037,-1.3951449785088232,0.18707215955255196,-0.22608734875547484,-0.22221864692489354,-0.17048348835429236,-0.2040136003593252,-0.36769678225316044
21330,7773.11037,21331,7773.11237,0.031244704178928565,0.7421712963024673,0.5665331827738171,-0.22221864692489354,0.6314847137262339,0.36277097500886984,-1.3951449785088232
21331,7773.11237,21332,7773.11437,0.6614959267915657,-0.33386908533994497,-0.142219654779851,-0.22221864692489354,-0.4168168715325789,0.28425491436494743,0.031244704178928565
21332,7773.11437,21333,7773.116370000001,0.8314759644762619,-0.3877785297543843,-0.540651181947749,-0.22221864692489354,-0.1981495284271561,0.24819562790769067,0.6614959267915657
21333,7773.116370000001,21334,7773.11837,-1.5267049042802878,-0.5540210687587266,-0.05257000406954908,-0.22221864692489354,-0.24808203349641106,-0.18159335723510206,0.8314759644762619
21334,7773.11837,21335,7773.120370000001,0.8831281371235624,0.7421712963024673,0.5665331827738171,-0.22221864692489354,0.6314847137262339,0.36277097500886984,-1.5267049042802878
21335,7773.120370000001,21336,7773.12237,0.9239266540103251,-0.45228617859521053,-0.21528747729291253,-0.22221864692489354,-0.27370864614290913,-0.28636182004630667,0.8831281371235624
21336,7773.12237,21337,7773.12437,1.0047314780934749,-0.5942765296670074,0.24161431382093385,-0.22221864692489354,-0.10477799843889297,0.16377019365590556,0.9239266540103251
21337,7773.12437,21338,7773.12637,0.46063320300883287,-0.5427897219922647,-0.3699117898289583,-0.22221864692489354,-0.3699117898289583,0.03641703850535831,1.0047314780934749
21338,7773.12637,21339,7773.12837,-0.7818177808229646,-0.10399106154996786,-0.3055559555122169,-0.22221864692489354,-0.3111977571319168,-0.4763528569243921,0.46063320300883287
21339,7773.12837,21340,7773.13037,-0.9797139816462264,0.23860842861534076,-0.32138433220463275,-0.22221864692489354,0.4137413507153038,0.3098637121101606,-0.7818177808229646
21340,7773.13037,21341,7773.13237,0.36820062405748794,-0.4457817884455007,-0.32515141032815087,-0.22221864692489354,0.15623352155455694,0.2960726148674459,-0.9797139816462264
21341,7773.13237,21342,7773.134370000001,-0.161140363697882,0.07077472253750312,-0.22608734875547484,-0.22221864692489354,-0.019142272643902357,-0.5797879215371626,0.36820062405748794
21342,7773.134370000001,21343,7773.13637,-0.431274151194707,0.18595462164382995,0.2666247912545009,-0.22221864692489354,0.20753926877699613,0.1023824733134749,-0.161140363697882
21343,7773.13637,21344,7773.138370000001,0.29118820268188844,-0.38854385795705143,-0.5832876300759183,-0.22221864692489354,0.040444853347769295,-0.05625820086362428,-0.431274151194707
21344,7773.138370000001,21345,7773.14037,0.120646185985172,0.011543669774703644,0.425368832305809,-0.22221864692489354,-0.38349671594334916,0.013771882736142901,0.29118820268188844
21345,7773.14037,21346,7773.1423700000005,0.9034036817961989,-0.11764148282154932,-0.03932569819300731,-0.22221864692489354,0.16580742002953927,0.14970561431342108,0.120646185985172
21346,7773.1423700000005,21347,7773.14437,0.8721267928793898,-0.4450124051964178,-0.21528747729291253,-0.22221864692489354,-0.2357947603795275,-0.36646129590696697,0.9034036817961989
21347,7773.14437,21348,7773.14637,-0.814728473425034,-0.45228617859521053,-0.21528747729291253,-0.22221864692489354,-0.12206462593930721,-0.28636182004630667,0.8721267928793898
21348,7773.14637,21349,7773.14837,-1.1094001141107548,0.09869595454043296,-0.05257000406954908,-0.22221864692489354,0.21517008228793383,0.371268573956694,-0.814728473425034
21349,7773.14837,21350,7773.15037,0.5639894151804572,0.3815104700387081,-0.2389524160058622,-0.22221864692489354,-0.1009358184499714,0.458518454151563,-1.1094001141107548
21350,7773.15037,21351,7773.152370000001,-0.8814863850509201,-0.04128339852111738,0.20026694120400818,-0.22221864692489354,-0.21777886863068377,-0.30157959347546437,0.5639894151804572
21351,7773.152370000001,21352,7773.15437,0.2879732038632764,-0.22402396436481015,-0.21528747729291253,-0.22221864692489354,0.41477558889872224,0.4043361726471263,-0.8814863850509201
21352,7773.15437,21353,7773.156370000001,0.7483554583501643,-0.22414032461627648,0.37204663762147455,-0.22221864692489354,-0.3323039356790976,0.21947532111276988,0.2879732038632764
21353,7773.156370000001,21354,7773.15837,0.017212253102017846,-0.5447970547107047,-0.09081668448449774,-0.22221864692489354,-0.08712056120170121,0.017534181815475017,0.7483554583501643
21354,7773.15837,21355,7773.1603700000005,-0.01067980102903673,-0.33386908533994497,-0.142219654779851,-0.22221864692489354,-0.4168168715325789,0.28425491436494743,0.017212253102017846
21355,7773.1603700000005,21356,7773.16237,1.110563637197609,-0.26469932568774684,-0.142219654779851,-0.22221864692489354,-0.20898740935191218,0.2538024840754271,-0.01067980102903673
21356,7773.16237,21357,7773.16437,0.38888929814998685,-0.6138912424649068,-0.3560632919496327,-0.22221864692489354,-0.3560632919496327,-0.303838387594942,1.110563637197609
21357,7773.16437,21358,7773.16637,-0.9371454558819511,-0.5446492834181763,0.06867010178033228,-0.22221864692489354,0.27619689735760444,-0.19734313698496606,0.38888929814998685
21358,7773.16637,21359,7773.16837,-0.6158985639560266,0.3341036466462218,-0.022955602520112153,-0.22221864692489354,0.5291820417525512,-0.1109861543034674,-0.9371454558819511
21359,7773.16837,21360,7773.17037,-0.025655330634949007,0.4392348140690237,-0.2585071819480077,-0.22221864692489354,0.700237544017866,0.533930612203554,-0.6158985639560266
21360,7773.17037,21361,7773.17237,-1.1462434412491915,-0.26469932568774684,-0.142219654779851,-0.22221864692489354,-0.20898740935191218,0.2538024840754271,-0.025655330634949007
21361,7773.17237,21362,7773.174370000001,0.6649835829116132,0.45554565649745477,0.25535438122807297,-0.22221864692489354,0.36583035717542145,0.46674536964446656,-1.1462434412491915
21362,7773.174370000001,21363,7773.17637,0.4717309809184774,-0.3877785297543843,-0.49283027954691044,-0.22221864692489354,-0.48821709819338405,0.25667864216008623,0.6649835829116132
21363,7773.17637,21364,7773.1783700000005,1.1172545434438097,-0.2707978394581285,-0.1580064889391583,-0.22221864692489354,-0.26167809083864524,-0.5134500205163743,0.4717309809184774
21364,7773.1783700000005,21365,7773.18037,-0.8293819222109666,-0.5707173324169582,-0.2389524160058622,-0.22221864692489354,-0.5244754427631747,-0.303838387594942,1.1172545434438097
21365,7773.18037,21366,7773.18237,-0.3515919838627485,0.19800024573023775,-0.05257000406954908,-0.22221864692489354,0.0579770049994011,0.2716581023075879,-0.8293819222109666
21366,7773.18237,21367,7773.18437,1.5766966173993429,0.22099383559682884,-0.22326729252055358,-0.22221864692489354,-0.46925266490400475,-0.6070320847252332,-0.3515919838627485
21367,7773.18437,21368,7773.18637,-1.4465528076756176,-0.6143048440543135,0.5665331827738171,-0.22221864692489354,-0.7551517843025956,0.17284396829030366,1.5766966173993429
21368,7773.18637,21369,7773.18837,1.388248773941169,0.7421712963024673,0.5665331827738171,-0.22221864692489354,0.6314847137262339,0.36277097500886984,-1.4465528076756176
21369,7773.18837,21370,7773.19037,-0.9935819850565851,-0.6143048440543135,0.5665331827738171,-0.22221864692489354,-0.7551517843025956,0.17284396829030366,1.388248773941169
21370,7773.19037,21371,7773.192370000001,-0.9407320867318169,-0.4976878343744867,-0.32515141032815087,-0.22221864692489354,0.07975429203940905,0.33253886435322505,-0.9935819850565851
21371,7773.192370000001,21372,7773.19437,-0.31183746715185845,0.2650902997767296,-0.3445507870687826,-0.22221864692489354,0.29368766062298457,-0.1109861543034674,-0.9407320867318169
21372,7773.19437,21373,7773.196370000001,-0.17238457131731058,0.18707215955255196,0.3575917210223996,-0.22221864692489354,0.48313361301628105,-0.39817136066672254,-0.31183746715185845
21373,7773.196370000001,21374,7773.19837,0.3355619042870627,0.2694643577625831,-0.1253451100184705,-0.22221864692489354,0.4849953305954477,0.1023824733134749,-0.17238457131731058
21374,7773.19837,21375,7773.2003700000005,0.6971609526233901,0.24458269138584657,0.1289028630940942,-0.22221864692489354,0.01739111518194242,-0.40579262498731017,0.3355619042870627
21375,7773.2003700000005,21376,7773.20237,1.0006586422470793,-0.3877785297543843,-0.11433558754392475,-0.22221864692489354,-0.12254772551552322,0.3015257504279363,0.6971609526233901
21376,7773.20237,21377,7773.20437,-0.20895787641531308,-0.6058412776143282,-0.3699117898289583,-0.22221864692489354,-0.316807907313747,0.07750010654455093,1.0006586422470793
21377,7773.20437,21378,7773.20637,0.2654532103232713,-0.05790830952639997,-0.05790830952639997,-0.22221864692489354,0.09001867945461382,0.31985237205293277,-0.20895787641531308
21378,7773.20637,21379,7773.20837,-1.039475791680206,-0.3924846526927655,0.14876508692177126,-0.22221864692489354,0.34859140457740384,0.3033279162038353,0.2654532103232713
21379,7773.20837,21380,7773.210370000001,-0.823360974122664,0.21827640291959524,0.13972237993573028,-0.22221864692489354,0.5518854789851373,0.3611236325594171,-1.039475791680206
21380,7773.210370000001,21381,7773.21237,0.5321151288398636,0.0579770049994011,-0.013089570749465922,-0.22221864692489354,-0.2517106696536901,0.3577698856724587,-0.823360974122664
21381,7773.21237,21382,7773.214370000001,-0.147415453158118,-0.4341784187284774,-0.19492005369880339,-0.22221864692489354,0.10241532752292622,-0.3267540379289676,0.5321151288398636
21382,7773.214370000001,21383,7773.21637,0.7711860620779653,-0.03932569819300731,-0.0468558017538685,-0.22221864692489354,-0.04591763389201265,0.04382965985950285,-0.147415453158118
21383,7773.21637,21384,7773.2183700000005,-1.2807215086951533,-0.349079290883896,-0.4550377844702846,-0.22221864692489354,-0.23158823118488148,-0.4830662570737806,0.7711860620779653
21384,7773.2183700000005,21385,7773.22037,0.6254663298378376,0.07790421498581429,-0.3658808469260143,-0.22221864692489354,0.363732781253763,0.2897999373819561,-1.2807215086951533
21385,7773.22037,21386,7773.22237,0.8952892060224406,-0.42710372668664515,0.4392348140690237,-0.22221864692489354,-0.36668833643467863,0.23783402407935733,0.6254663298378376
21386,7773.22237,21387,7773.22437,0.6782044264731784,-0.45228617859521053,-0.19647628792681227,-0.22221864692489354,0.015529383950711314,-0.29064401459706074,0.8952892060224406
21387,7773.22437,21388,7773.22637,0.5988465001387927,-0.49283027954691044,0.23098172421311908,-0.22221864692489354,0.09094962343248005,0.3015257504279363,0.6782044264731784
21388,7773.22637,21389,7773.228370000001,-0.831032139969862,-0.04128339852111738,-0.1367745355898586,-0.22221864692489354,0.06775218708194285,-0.15086438113950212,0.5988465001387927
21389,7773.228370000001,21390,7773.23037,0.2845287894248535,0.2001179742892834,-0.05257000406954908,-0.22221864692489354,0.3863945149024497,0.2716581023075879,-0.831032139969862
21390,7773.23037,21391,7773.232370000001,-1.0011669830604015,-0.22414032461627648,0.21947532111276988,-0.22221864692489354,-0.4582422873450523,0.21947532111276988,0.2845287894248535
21391,7773.232370000001,21392,7773.23437,-0.7157648040137519,-0.34607115121821197,-0.3699117898289583,-0.22221864692489354,0.3654263473726909,0.38118733211814904,-1.0011669830604015
21392,7773.23437,21393,7773.2363700000005,1.415429033924914,0.08448164062495879,-0.40321812085722475,-0.22221864692489354,0.33047482620650287,0.5416892626511061,-0.7157648040137519
21393,7773.2363700000005,21394,7773.23837,-0.5259392251793154,-0.6143048440543135,0.5665331827738171,-0.22221864692489354,-0.7551517843025956,0.17284396829030366,1.415429033924914
21394,7773.23837,21395,7773.24037,-1.1166947030432561,0.1887310599314789,-0.19492005369880339,-0.22221864692489354,0.4245359649334298,0.47266160416269526,-0.5259392251793154
21395,7773.24037,21396,7773.24237,0.6092709285946712,0.45939247955393303,-0.2389524160058622,-0.22221864692489354,-0.15760240457327848,0.458518454151563,-1.1166947030432561
21396,7773.24237,21397,7773.24437,1.434789841725333,-0.1367745355898586,-0.11540633830732888,-0.22221864692489354,0.21519943233122932,-0.15086438113950212,0.6092709285946712
21397,7773.24437,21398,7773.24637,-1.1122046607498186,-0.6143048440543135,0.5665331827738171,-0.22221864692489354,-0.7551517843025956,0.17284396829030366,1.434789841725333
21398,7773.24637,21399,7773.24837,-0.709267681649665,0.45554565649745477,-0.3560632919496327,-0.22221864692489354,-0.1009358184499714,0.458518454151563,-1.1122046607498186
21399,7773.24837,21400,7773.250370000001,-0.6623220627754767,0.23098172421311908,-0.3862955833629926,-0.22221864692489354,0.24292833691970797,0.49320819589851683,-0.709267681649665
21400,7773.250370000001,21401,7773.25237,-0.4040203281857423,0.23098172421311908,-0.5999258094856524,-0.22221864692489354,0.45450655141971685,0.15775784096124995,-0.6623220627754767
21401,7773.25237,21402,7773.254370000001,0.3113044038912896,-0.03904571359033493,-0.18444244836309,-0.22221864692489354,0.3227031064633891,-0.09118222407484311,-0.4040203281857423
21402,7773.254370000001,21403,7773.25637,0.9580978642806024,-0.22414032461627648,0.3575917210223996,-0.22221864692489354,-0.16685528279377265,-0.2264646908205313,0.3113044038912896
21403,7773.25637,21404,7773.2583700000005,0.6833265956115262,-0.6482031138510547,-0.6482031138510547,-0.22221864692489354,-0.2768869808850939,0.03641703850535831,0.9580978642806024
21404,7773.2583700000005,21405,7773.26037,-0.6848875034584504,-0.5999258094856524,0.0878208763721414,-0.22221864692489354,-0.3877785297543843,0.3015257504279363,0.6833265956115262
21405,7773.26037,21406,7773.26237,1.1391037463104752,-0.11114900749167592,0.03771471514515023,-0.22221864692489354,0.616665005640804,0.03494195658158384,-0.6848875034584504
21406,7773.26237,21407,7773.26437,0.8489136088274826,-0.3560632919496327,0.3627709750088727,-0.22221864692489354,-0.5359557890327468,-0.34013120451600104,1.1391037463104752
21407,7773.26437,21408,7773.26637,-1.5276770173590533,-0.4450124051964178,-0.2682404354957498,-0.22221864692489354,-0.28941850756041676,-0.29064401459706074,0.8489136088274826
21408,7773.26637,21409,7773.268370000001,-0.08712056120170399,0.7421712963024673,0.5665331827738171,-0.22221864692489354,0.6314847137262339,0.36277097500886984,-1.5276770173590533
21409,7773.268370000001,21410,7773.27037,-0.1447107087742572,-0.26469932568774684,-0.142219654779851,-0.22221864692489354,-0.20898740935191218,0.2538024840754271,-0.08712056120170399
21410,7773.27037,21411,7773.272370000001,-0.9179853824944613,-0.03932569819300731,-0.0468558017538685,-0.22221864692489354,-0.2921398198229918,0.04382965985950285,-0.1447107087742572
21411,7773.272370000001,21412,7773.27437,0.42850370555971146,0.24161431382093385,-0.057564761357569785,-0.22221864692489354,-0.3127962655314383,0.00775872212043541,-0.9179853824944613
21412,7773.27437,21413,7773.2763700000005,1.3215981084047361,-0.2707978394581285,-0.5832876300759183,-0.22221864692489354,0.3155344273581316,-0.40416611494856935,0.42850370555971146
21413,7773.2763700000005,21414,7773.27837,-0.6988090110949866,-0.45706772680652374,-0.45706772680652374,-0.22221864692489354,-0.41808756543040676,-0.45214724146403484,1.3215981084047361
21414,7773.27837,21415,7773.28037,-0.039220713153287665,-0.11114900749167592,-0.14480518357318112,-0.22221864692489354,0.4391409746282404,0.28824606260599483,-0.6988090110949866
21415,7773.28037,21416,7773.28237,-1.048611200543311,-0.26469932568774684,-0.142219654779851,-0.22221864692489354,-0.20898740935191218,0.2538024840754271,-0.039220713153287665
21416,7773.28237,21417,7773.28437,0.9826746829159694,0.2845561728058882,0.30970350704733635,-0.22221864692489354,0.6827015496319133,0.4905597772804365,-1.048611200543311
21417,7773.28437,21418,7773.286370000001,-0.5151257371683886,-0.6452865205733541,-0.32515141032815087,-0.22221864692489354,-0.24870664313570442,0.08608586542674336,0.9826746829159694
21418,7773.286370000001,21419,7773.28837,0.2957477285747923,-0.19492005369880339,-0.22303435517964126,-0.22221864692489354,0.0031252296677541248,0.3997832400759384,-0.5151257371683886
21419,7773.28837,21420,7773.290370000001,0.4607709661941294,0.011543669774703644,0.425368832305809,-0.22221864692489354,0.06519799426520395,0.013771882736142901,0.2957477285747923
21420,7773.290370000001,21421,7773.29237,-1.0133431271124582,-0.10399106154996786,-0.3055559555122169,-0.22221864692489354,-0.1284868431191316,-0.4763528569243921,0.4607709661941294
21421,7773.29237,21422,7773.2943700000005,-0.4498984084020424,-0.3602608635249846,-0.4045790620607671,-0.22221864692489354,0.1722620298062203,0.660405885525192,-1.0133431271124582
21422,7773.2943700000005,21423,7773.29637,1.0087081552985122,-0.3793708463931679,-0.2852952407927156,-0.22221864692489354,-0.03585535906911693,0.4000760301231742,-0.4498984084020424
21423,7773.29637,21424,7773.29837,-0.7736573368821186,-0.5427897219922647,-0.32979458966726777,-0.22221864692489354,-0.4412970570196141,0.15245940251003792,1.0087081552985122
21424,7773.29837,21425,7773.30037,0.9105600571651674,0.23860842861534076,-0.11323118932863557,-0.22221864692489354,0.48770320634513625,0.34178760532952207,-0.7736573368821186
21425,7773.30037,21426,7773.30237,-0.21475909120652875,-0.5942765296670074,-0.13101229880341542,-0.22221864692489354,-0.20783497803780787,-0.2615379975362791,0.9105600571651674
21426,7773.30237,21427,7773.30437,1.0484581373661843,-0.05790830952639997,-0.05790830952639997,-0.22221864692489354,0.32887815531801523,0.21284870252282181,-0.21475909120652875
21427,7773.30437,21428,7773.30637,-1.2667399668148656,-0.32979458966726777,0.30970350704733635,-0.22221864692489354,-0.3596514016101817,-0.06393551862196219,1.0484581373661843
21428,7773.30637,21429,7773.308370000001,0.11466017856209387,0.07790421498581429,-0.15227188492972385,-0.22221864692489354,0.6738168711854389,0.29479954022064125,-1.2667399668148656
21429,7773.308370000001,21430,7773.31037,-0.08300883701144932,-0.1451200351232795,-0.11764148282154932,-0.22221864692489354,0.03392217627342672,0.28425491436494743,0.11466017856209387
21430,7773.31037,21431,7773.312370000001,-0.2774111260577133,-0.26469932568774684,-0.142219654779851,-0.22221864692489354,-0.20898740935191218,0.2538024840754271,-0.08300883701144932
21431,7773.312370000001,21432,7773.31437,-0.6276837550330613,0.03328868571940855,-0.22414032461627648,-0.22221864692489354,0.04382965985950285,-0.08755414746714527,-0.2774111260577133
21432,7773.31437,21433,7773.3163700000005,0.9923144552213012,0.19940262403523046,0.28830062542145124,-0.22221864692489354,0.3196144436153957,0.1629355851779203,-0.6276837550330613
21433,7773.3163700000005,21434,7773.31837,0.8598022215225299,-0.6058412776143282,-0.32515141032815087,-0.22221864692489354,-0.32515141032815087,0.07750010654455093,0.9923144552213012
21434,7773.31837,21435,7773.32037,-0.5990864473515642,-0.4450124051964178,-0.5617920221446955,-0.22221864692489354,-0.35172001336092057,-0.29064401459706074,0.8598022215225299
21435,7773.32037,21436,7773.32237,-0.17281334839043086,0.4730698970504555,-0.1367745355898586,-0.22221864692489354,-0.13241612125902333,0.3611489968540988,-0.5990864473515642
21436,7773.32237,21437,7773.32437,0.0809634008049756,0.2666247912545009,-0.2137014807198618,-0.22221864692489354,0.30477804804397085,0.14244063181491506,-0.17281334839043086
21437,7773.32437,21438,7773.326370000001,-0.619822830740381,-0.33386908533994497,-0.142219654779851,-0.22221864692489354,-0.4168168715325789,0.28425491436494743,0.0809634008049756
21438,7773.326370000001,21439,7773.32837,0.4682732886655617,0.28830062542145124,-0.11540633830732888,-0.22221864692489354,0.6494966520481213,0.40683511250520366,-0.619822830740381
21439,7773.32837,21440,7773.330370000001,-0.2943657830636275,-0.10399106154996786,-0.1580064889391583,-0.22221864692489354,-0.11722075041733283,-0.4437754889272999,0.4682732886655617
21440,7773.330370000001,21441,7773.33237,0.26400077724294563,0.26136985966282844,0.425368832305809,-0.22221864692489354,-0.03399253934691487,-0.469457529295874,-0.2943657830636275
21441,7773.33237,21442,7773.3343700000005,-0.8266944966245672,-0.3924846526927655,-0.01570854725854441,-0.22221864692489354,0.5859246554184027,0.3033279162038353,0.26400077724294563
21442,7773.3343700000005,21443,7773.33637,0.7678646120875059,0.19800024573023775,-0.013089570749465922,-0.22221864692489354,-0.19536921601864368,0.2716581023075879,-0.8266944966245672
21443,7773.33637,21444,7773.33837,0.34635435346513144,-0.349079290883896,-0.32138433220463275,-0.22221864692489354,-0.23158823118488148,-0.49280804472495426,0.7678646120875059
21444,7773.33837,21445,7773.34037,-0.4651693971832986,0.24347058211343803,-0.34398327944378826,-0.22221864692489354,-0.47132214088279684,-0.44155453861695204,0.34635435346513144
21445,7773.34037,21446,7773.34237,1.35223591470457,-0.3360041692109607,-0.2852952407927156,-0.22221864692489354,0.001890840896441542,0.4755840261875662,-0.4651693971832986
21446,7773.34237,21447,7773.344370000001,-1.1281740356241143,-0.6143048440543135,0.5665331827738171,-0.22221864692489354,-0.7551517843025956,0.17284396829030366,1.35223591470457
21447,7773.344370000001,21448,7773.34637,-0.3049658742248118,0.45554565649745477,0.2626022147370077,-0.22221864692489354,0.3197201965765773,0.46674536964446656,-1.1281740356241143
21448,7773.34637,21449,7773.348370000001,0.14464772061602232,0.21947532111276988,0.3022792894054063,-0.22221864692489354,-0.33823851672403454,-0.3460196512825826,-0.3049658742248118
21449,7773.348370000001,21450,7773.35037,-0.29731703542570376,-0.11764148282154932,-0.0468558017538685,-0.22221864692489354,0.014812409551832726,0.07911556141073157,0.14464772061602232
21450,7773.35037,21451,7773.3523700000005,-1.2172671175585685,0.26136985966282844,0.425368832305809,-0.22221864692489354,-0.2665969124159369,-0.469457529295874,-0.29731703542570376
21451,7773.3523700000005,21452,7773.35437,0.97164709837322,0.41342846336422984,0.020854724007790478,-0.22221864692489354,0.03845048589817418,0.46925266490400214,-1.2172671175585685
21452,7773.35437,21453,7773.35637,0.2298543772611526,-0.6326840561661579,-0.6058412776143282,-0.22221864692489354,-0.37595289258853803,0.07750010654455093,0.97164709837322
21453,7773.35637,21454,7773.35837,0.5597561654471753,-0.3680243083006973,0.057427309036130976,-0.22221864692489354,-0.14165120379343857,0.3033279162038353,0.2298543772611526
21454,7773.35837,21455,7773.36037,0.3910086739740908,-0.1367745355898586,-0.04128339852111738,-0.22221864692489354,-0.08394632661705966,-0.3267540379289676,0.5597561654471753
21455,7773.36037,21456,7773.36237,0.686977138532823,-0.4612300397916861,0.06867010178033228,-0.22221864692489354,0.04337669028782873,-0.21602088399978886,0.3910086739740908
21456,7773.36237,21457,7773.36437,0.3355358826110072,-0.49283027954691044,0.03771471514515023,-0.22221864692489354,-0.5106145004801281,0.3015257504279363,0.686977138532823
21457,7773.36437,21458,7773.366370000001,-0.9977105269042655,0.24458269138584657,0.1289028630940942,-0.22221864692489354,0.01739111518194242,-0.40579262498731017,0.3355358826110072
21458,7773.366370000001,21459,7773.36837,-0.3026827375476205,-0.5426839612019208,-0.3699117898289583,-0.22221864692489354,0.43587457216581943,0.3611236325594171,-0.9977105269042655
21459,7773.36837,21460,7773.370370000001,0.719228118578508,0.24637656706444025,0.3022792894054063,-0.22221864692489354,0.18954442323338702,-0.39817136066672254,-0.3026827375476205
21460,7773.370370000001,21461,7773.37237,-1.1049253493274684,-0.5447970547107047,-0.22486726958948416,-0.22221864692489354,0.04372514662977559,0.14152483745726482,0.719228118578508
21461,7773.37237,21462,7773.37437,0.4678858286887498,0.30295161257612363,-0.3560632919496327,-0.22221864692489354,0.060549684576338254,0.4368861822411516,-1.1049253493274684
21462,7773.37437,21463,7773.37637,0.006059854892142853,-0.10399106154996786,-0.1580064889391583,-0.22221864692489354,-0.110790695463218,-0.4763528569243921,0.4678858286887498
21463,7773.37637,21464,7773.37837,1.181017989352472,-0.33386908533994497,-0.142219654779851,-0.22221864692489354,-0.4168168715325789,0.28425491436494743,0.006059854892142853
21464,7773.37837,21465,7773.38037,-0.4573442181333701,-0.3039189645258097,0.05132605090292216,-0.22221864692489354,-0.1569181972939897,-0.5082527079197163,1.181017989352472
21465,7773.38037,21466,7773.38237,1.4079864046852588,-0.3360041692109607,-0.3111977571319168,-0.22221864692489354,-0.1580064889391583,0.4755840261875662,-0.4573442181333701
21466,7773.38237,21467,7773.384370000001,-0.921815026260498,-0.6143048440543135,0.5665331827738171,-0.22221864692489354,-0.7551517843025956,0.17284396829030366,1.4079864046852588
21467,7773.384370000001,21468,7773.38637,-0.4651008202685426,0.24161431382093385,0.05742730903612716,-0.22221864692489354,-0.1543950279777969,0.00775872212043541,-0.921815026260498
21468,7773.38637,21469,7773.388370000001,-0.11696175015689121,-0.3360041692109607,-0.2852952407927156,-0.22221864692489354,0.001890840896441542,0.4755840261875662,-0.4651008202685426
21469,7773.388370000001,21470,7773.39037,-0.548463226828688,-0.264447904458089,-0.11764148282154932,-0.22221864692489354,-0.013735983183093927,0.16897845850712317,-0.11696175015689121
21470,7773.39037,21471,7773.3923700000005,-1.1147148822501085,0.33431209940636736,-0.19492005369880339,-0.22221864692489354,-0.06089220898455204,0.36385926586707645,-0.548463226828688
21471,7773.3923700000005,21472,7773.39437,0.40705317009749864,0.45939247955393303,-0.32412543194154536,-0.22221864692489354,-0.24691694619620683,0.4368861822411516,-1.1147148822501085
21472,7773.39437,21473,7773.39637,0.6621719069885574,-0.18444244836309,-0.38854385795705143,-0.22221864692489354,-0.37129368223615256,-0.3234408610880635,0.40705317009749864
21473,7773.39637,21474,7773.39837,-0.5144514356430597,-0.3877785297543843,-0.5999258094856524,-0.22221864692489354,-0.07486941362773933,0.24819562790769067,0.6621719069885574
21474,7773.39837,21475,7773.40037,0.20395423908660695,-0.19492005369880339,-0.22303435517964126,-0.22221864692489354,-0.0859522782776258,0.3997832400759384,-0.5144514356430597
21475,7773.40037,21476,7773.402370000001,0.928898813014851,-0.3284851404962956,-0.05790830952639997,-0.22221864692489354,0.1929113285634067,0.23826432285676985,0.20395423908660695
21476,7773.402370000001,21477,7773.40437,0.9979118110981018,-0.6633350250260738,0.2650902997767296,-0.22221864692489354,-0.09373726669391123,0.02010588734399296,0.928898813014851
21477,7773.40437,21478,7773.406370000001,-0.6516235447392261,-0.6058412776143282,-0.3699117898289583,-0.22221864692489354,0.353715154066221,0.07750010654455093,0.9979118110981018
21478,7773.406370000001,21479,7773.40837,-1.2504048021904501,0.29766843901634654,-0.4089410134347594,-0.22221864692489354,-0.17244583644215836,0.15775784096124995,-0.6516235447392261
21479,7773.40837,21480,7773.4103700000005,0.3702385913250936,0.2695477524837449,-0.19677528628455082,-0.22221864692489354,0.15875206213306187,0.29479954022064125,-1.2504048021904501
21480,7773.4103700000005,21481,7773.41237,0.49022544466096174,-0.18444244836309,-0.1590935974930537,-0.22221864692489354,-0.019142272643902357,-0.44155453861695204,0.3702385913250936
21481,7773.41237,21482,7773.41437,-0.9639033756195883,-0.49602694353394244,0.04278403570094096,-0.22221864692489354,-0.19770161346378662,-0.09826717342661563,0.49022544466096174
21482,7773.41437,21483,7773.41637,0.28857339485114675,-0.2109641318826023,-0.6326840561661579,-0.22221864692489354,-0.07803888151801902,-0.1109861543034674,-0.9639033756195883
21483,7773.41637,21484,7773.41837,0.7494225840968736,-0.22414032461627648,0.37204663762147455,-0.22221864692489354,-0.4582422873450523,0.21947532111276988,0.28857339485114675
21484,7773.41837,21485,7773.42037,-0.5501023303120663,-0.5683491514108684,-0.09081668448449774,-0.22221864692489354,-0.08712056120170121,0.017534181815475017,0.7494225840968736
21485,7773.42037,21486,7773.42237,0.9777854990101046,0.33431209940636736,-0.19492005369880339,-0.22221864692489354,-0.16784050454834443,0.36385926586707645,-0.5501023303120663
21486,7773.42237,21487,7773.424370000001,1.028591981972001,-0.6482031138510547,-0.6058412776143282,-0.22221864692489354,-0.21915380119768868,0.15245940251003792,0.9777854990101046
21487,7773.424370000001,21488,7773.42637,-0.41051149831243455,-0.3699117898289583,-0.2970736836595315,-0.22221864692489354,-0.15333401992070486,0.4754709129724304,1.028591981972001
21488,7773.42637,21489,7773.4283700000005,-1.0401577400200972,-0.1590935974930537,-0.586228480579486,-0.22221864692489354,0.039500648769917816,-0.10448296967144763,-0.41051149831243455
21489,7773.4283700000005,21490,7773.43037,0.32365154819215,0.21827640291959524,0.13867736503625425,-0.22221864692489354,0.5518854789851373,0.3611236325594171,-1.0401577400200972
21490,7773.43037,21491,7773.43237,-0.9043912779644138,-0.22414032461627648,0.4778661778225965,-0.22221864692489354,0.2975603279862103,-0.19734313698496606,0.32365154819215
21491,7773.43237,21492,7773.43437,-0.4583343514217173,-0.022955602520112153,-0.21528747729291253,-0.22221864692489354,-0.3371999062913063,0.18377636701599045,-0.9043912779644138
21492,7773.43437,21493,7773.43637,1.1229778690872907,-0.3360041692109607,-0.3111977571319168,-0.22221864692489354,-0.1478864625399049,0.4755840261875662,-0.4583343514217173
21493,7773.43637,21494,7773.43837,0.18855022265440033,-0.48783729055021424,0.20472566091455688,-0.22221864692489354,-0.435521444035494,-0.34013120451600104,1.1229778690872907
21494,7773.43837,21495,7773.44037,-0.2389524160058622,-0.3680243083006973,-0.3284851404962956,-0.22221864692489354,-0.2309528337513062,0.23826432285676985,0.18855022265440033
21495,7773.44037,21496,7773.442370000001,1.253329556946408,0.03328868571940855,0.03328868571940855,-0.22221864692489354,-0.23542092322438518,0.01290993755996567,-0.2389524160058622
21496,7773.442370000001,21497,7773.44437,-0.10837688993985826,-0.45706772680652374,-0.3658808469260143,-0.22221864692489354,-0.3044559782057118,-0.41280239481335645,1.253329556946408
21497,7773.44437,21498,7773.446370000001,-1.2691673886419295,-0.26469932568774684,-0.11764148282154932,-0.22221864692489354,0.18939385030310388,0.17281334839043086,-0.10837688993985826
21498,7773.446370000001,21499,7773.44837,0.048140011360610135,0.07635424500100718,-0.2989108765141074,-0.22221864692489354,0.5358706010867901,0.07975429203940905,-1.2691673886419295
21499,7773.44837,21500,7773.4503700000005,-0.5865119674701172,-0.33386908533994497,-0.142219654779851,-0.22221864692489354,-0.4168168715325789,0.28425491436494743,0.048140011360610135
21500,7773.4503700000005,21501,7773.45237,-0.2719909087005427,0.44799338041210496,0.49903666098945154,-0.22221864692489354,0.37695204339354527,0.23579476037952593,-0.5865119674701172
21501,7773.45237,21502,7773.45437,-0.40722273757970356,0.011795490982976716,0.24637656706444025,-0.22221864692489354,0.3052341361573687,-0.08755414746714527,-0.2719909087005427
21502,7773.45437,21503,7773.45637,0.810578319306359,-0.1590935974930537,-0.38854385795705143,-0.22221864692489354,0.3151892472636318,-0.10448296967144763,-0.40722273757970356
21503,7773.45637,21504,7773.45837,-0.6605563067047757,-0.29246588020138925,0.0579770049994011,-0.22221864692489354,-0.18037851167477542,-0.32164822622632444,0.810578319306359
21504,7773.45837,21505,7773.460370000001,0.2904807004074149,0.19940262403523046,-0.540651181947749,-0.22221864692489354,0.47433907656040064,0.22553559255963004,-0.6605563067047757
21505,7773.460370000001,21506,7773.46237,1.6457145606542334,0.011543669774703644,0.37204663762147455,-0.22221864692489354,-0.3323039356790976,0.013771882736142901,0.2904807004074149
21506,7773.46237,21507,7773.464370000001,-0.18948419678191347,-0.6143048440543135,0.5665331827738171,-0.22221864692489354,-0.7551517843025956,0.17284396829030366,1.6457145606542334
21507,7773.464370000001,21508,7773.46637,-1.0764826611924159,-0.05790830952639997,-0.3284851404962956,-0.22221864692489354,-0.5955213097827657,0.14244063181491506,-0.18948419678191347
21508,7773.46637,21509,7773.4683700000005,-1.0001634304000537,0.2845561728058882,0.2845561728058882,-0.22221864692489354,-0.08454853473161208,-0.15458214789101868,-1.0764826611924159
21509,7773.4683700000005,21510,7773.47037,-0.43827254209429023,-0.4976878343744867,-0.3699117898289583,-0.22221864692489354,0.39081171211020277,0.38118733211814904,-1.0001634304000537
21510,7773.47037,21511,7773.47237,-0.8046869275310539,-0.3360041692109607,-0.2852952407927156,-0.22221864692489354,-0.18649844473346408,0.16676286846948227,-0.43827254209429023
21511,7773.47237,21512,7773.47437,0.564672524804719,0.09869595454043296,-0.05257000406954908,-0.22221864692489354,-0.20543721480030894,0.34178760532952207,-0.8046869275310539
21512,7773.47437,21513,7773.47637,0.6945656463090625,-0.04128339852111738,0.4142706294650885,-0.22221864692489354,-0.21777886863068377,-0.30157959347546437,0.564672524804719
21513,7773.47637,21514,7773.478370000001,-0.577318557724846,-0.3877785297543843,-0.11114900749167592,-0.22221864692489354,-0.11861172869326755,0.3015257504279363,0.6945656463090625
21514,7773.478370000001,21515,7773.48037,1.4366691264183944,0.23507571868727375,0.4142706294650885,-0.22221864692489354,-0.10847486032021919,0.40683511250520366,-0.577318557724846
21515,7773.48037,21516,7773.482370000001,-0.07476809479417522,-0.6143048440543135,0.5665331827738171,-0.22221864692489354,-0.7551517843025956,0.17284396829030366,1.4366691264183944
21516,7773.482370000001,21517,7773.48437,-0.14417518292234605,-0.26469932568774684,-0.142219654779851,-0.22221864692489354,-0.20898740935191218,0.2538024840754271,-0.07476809479417522
21517,7773.48437,21518,7773.4863700000005,0.47608157239047527,-0.03932569819300731,-0.11764148282154932,-0.22221864692489354,-0.19297134897036355,0.04382965985950285,-0.14417518292234605
21518,7773.4863700000005,21519,7773.48837,-0.265062378124879,-0.2707978394581285,0.04278403570094096,-0.22221864692489354,0.21328988548855368,-0.5134500205163743,0.47608157239047527
21519,7773.48837,21520,7773.49037,-0.6276643252958494,0.03328868571940855,-0.01570854725854441,-0.22221864692489354,-0.23628341357483915,-0.171311823601295,-0.265062378124879
21520,7773.49037,21521,7773.49237,-1.1390571420158824,0.19940262403523046,0.28830062542145124,-0.22221864692489354,0.3196144436153957,0.1629355851779203,-0.6276643252958494
21521,7773.49237,21522,7773.49437,0.7272276667870077,0.1794359902082422,0.3627709750088727,-0.22221864692489354,0.5974456594054132,0.46674536964446656,-1.1390571420158824
21522,7773.49437,21523,7773.49637,0.13369061561665854,-0.5677304416072702,0.08448164062495879,-0.22221864692489354,-0.4007588737053689,0.09935525899813462,0.7272276667870077
21523,7773.49637,21524,7773.49837,0.9266535939544901,-0.11764148282154932,0.18806782997741056,-0.22221864692489354,0.08708720062388732,0.06598197385371023,0.13369061561665854
21524,7773.49837,21525,7773.500370000001,-1.0197174408068872,-0.6326840561661579,0.2650902997767296,-0.22221864692489354,-0.0802582650371272,0.16377019365590556,0.9266535939544901
21525,7773.500370000001,21526,7773.50237,1.0439578293246998,-0.34607115121821197,-0.4976878343744867,-0.22221864692489354,0.045569940831939666,0.4905597772804365,-1.0197174408068872
21526,7773.50237,21527,7773.504370000001,-0.18335226595242182,-0.32979458966726777,0.13972237993573028,-0.22221864692489354,-0.44871400064157385,-0.06393551862196219,1.0439578293246998
21527,7773.504370000001,21528,7773.50637,0.1743126219826901,0.18595462164382995,-0.25979920808060847,-0.22221864692489354,-0.16244067347861907,0.14244063181491506,-0.18335226595242182
21528,7773.50637,21529,7773.5083700000005,-1.1719157429949547,-0.3284851404962956,-0.2137014807198618,-0.22221864692489354,0.08815418748781446,0.18912276188143587,0.1743126219826901
21529,7773.5083700000005,21530,7773.51037,0.69678024540982,0.6287906264868397,0.15803756558971685,-0.22221864692489354,0.40773126757577366,0.5204389578696991,-1.1719157429949547
21530,7773.51037,21531,7773.51237,-0.25923766269297627,-0.3877785297543843,-0.11433558754392475,-0.22221864692489354,-0.11861172869326755,0.3015257504279363,0.69678024540982
21531,7773.51237,21532,7773.51437,-0.7640066740041265,0.03328868571940855,0.14876508692177126,-0.22221864692489354,-0.2534353198500423,-0.2532375601838979,-0.25923766269297627
21532,7773.51437,21533,7773.51637,0.6129255063117304,0.2478548059554514,-0.349079290883896,-0.22221864692489354,0.07375434145489482,0.4004418971711687,-0.7640066740041265
21533,7773.51637,21534,7773.518370000001,1.1421167603801812,-0.1367745355898586,-0.21378965766165123,-0.22221864692489354,-0.13972237993573028,-0.20585205420414715,0.6129255063117304
21534,7773.518370000001,21535,7773.52037,-0.2097844691293042,-0.3560632919496327,0.3627709750088727,-0.22221864692489354,-0.4825047810508973,-0.34013120451600104,1.1421167603801812
21535,7773.52037,21536,7773.522370000001,0.4578509204335836,-0.05790830952639997,-0.05790830952639997,-0.22221864692489354,0.09001867945461382,0.31985237205293277,-0.2097844691293042
21536,7773.522370000001,21537,7773.52437,0.6674886785366068,0.2012793281413575,-0.3111977571319168,-0.22221864692489354,0.23326143720645018,-0.4763528569243921,0.4578509204335836
21537,7773.52437,21538,7773.5263700000005,-0.5604213908167931,-0.3877785297543843,-0.3877785297543843,-0.22221864692489354,-0.50296221296062,0.25667864216008623,0.6674886785366068
21538,7773.5263700000005,21539,7773.52837,0.34344126701584676,0.33431209940636736,-0.04128339852111738,-0.22221864692489354,-0.332773737848829,0.23579476037952593,-0.5604213908167931
21539,7773.52837,21540,7773.53037,-0.5973655520615251,0.24358470153953493,-0.2277407930818674,-0.22221864692489354,-0.35810067868810985,-0.29284614965403966,0.34344126701584676
21540,7773.53037,21541,7773.53237,-1.1145596704154936,0.4730698970504555,-0.1367745355898586,-0.22221864692489354,0.1652213710622582,0.3611489968540988,-0.5973655520615251
21541,7773.53237,21542,7773.53437,-0.346096900191471,0.45939247955393303,-0.32412543194154536,-0.22221864692489354,-0.24691694619620683,0.4368861822411516,-1.1145596704154936
21542,7773.53437,21543,7773.536370000001,1.4286336752658717,0.06867010178033228,-0.34398327944378826,-0.22221864692489354,0.07659026503008577,-0.6070320847252332,-0.346096900191471
21543,7773.536370000001,21544,7773.53837,-1.3358722928706177,-0.6143048440543135,0.5665331827738171,-0.22221864692489354,-0.7551517843025956,0.17284396829030366,1.4286336752658717
21544,7773.53837,21545,7773.540370000001,0.9853141761421654,0.6461452255083375,0.20469600184554876,-0.22221864692489354,0.33410364664621894,0.2897999373819561,-1.3358722928706177
21545,7773.540370000001,21546,7773.54237,0.46028871199089266,-0.6452865205733541,-0.3699117898289583,-0.22221864692489354,0.15965222204981872,0.08608586542674336,0.9853141761421654
21546,7773.54237,21547,7773.5443700000005,-0.9456639996212162,-0.10399106154996786,-0.3055559555122169,-0.22221864692489354,-0.3111977571319168,-0.4763528569243921,0.46028871199089266
21547,7773.5443700000005,21548,7773.54637,1.0974712071876254,0.24161431382093385,-0.41729656837337764,-0.22221864692489354,-0.1453718450081465,0.03096244753518709,-0.9456639996212162
21548,7773.54637,21549,7773.54837,-0.4273174095109346,-0.5707173324169582,-0.1534589028431259,-0.22221864692489354,-0.2481388323150112,-0.4301858315945434,1.0974712071876254
21549,7773.54837,21550,7773.55037,0.1136860892584995,-0.38854385795705143,-0.5832876300759183,-0.22221864692489354,-0.41381354158800326,-0.05625820086362428,-0.4273174095109346
21550,7773.55037,21551,7773.55237,-1.3444576724143953,-0.1375361019146593,-0.03932569819300731,-0.22221864692489354,-0.10543330645710139,0.06598197385371023,0.1136860892584995
21551,7773.55237,21552,7773.55437,-0.15819293435780418,0.7421712963024673,0.5677304416072702,-0.22221864692489354,0.5694618653109668,0.36277097500886984,-1.3444576724143953
21552,7773.55437,21553,7773.55637,1.1475497620615327,0.18595462164382995,-0.1253451100184705,-0.22221864692489354,0.20753926877699613,0.04382965985950285,-0.15819293435780418
21553,7773.55637,21554,7773.558370000001,0.5291820417525536,-0.32412543194154536,0.25535438122807297,-0.22221864692489354,-0.3068154183972647,-0.34013120451600104,1.1475497620615327
21554,7773.558370000001,21555,7773.56037,0.4875020463216639,-0.4341784187284774,-0.19492005369880339,-0.22221864692489354,0.10241532752292622,-0.4046033477577051,0.5291820417525536
21555,7773.56037,21556,7773.562370000001,-0.23401058724436594,-0.4935637514578185,0.04278403570094096,-0.22221864692489354,-0.1109861543034674,-0.01756994527594832,0.4875020463216639
21556,7773.562370000001,21557,7773.56437,-0.394449241620614,0.011795490982976716,0.11043225500122787,-0.22221864692489354,0.5722177077921925,-0.018749422511174247,-0.23401058724436594
21557,7773.56437,21558,7773.5663700000005,-0.38379431285054355,0.025655330634945066,0.06867010178033228,-0.22221864692489354,-0.14363937012881303,-0.09118222407484311,-0.394449241620614
21558,7773.5663700000005,21559,7773.56837,0.6248624944912384,0.025655330634945066,0.22099383559682884,-0.22221864692489354,0.009923303217408738,-0.22064361378610747,-0.38379431285054355
21559,7773.56837,21560,7773.57037,0.2549031685864634,-0.42710372668664515,0.4392348140690237,-0.22221864692489354,-0.4493412147860689,0.23783402407935733,0.6248624944912384
21560,7773.57037,21561,7773.57237,-0.09711184807406191,-0.22414032461627648,0.26136985966282844,-0.22221864692489354,0.07992231126120063,0.21947532111276988,0.2549031685864634
21561,7773.57237,21562,7773.57437,-1.071084906680916,-0.26469932568774684,-0.26469932568774684,-0.22221864692489354,-0.10566256284862671,0.2538024840754271,-0.09711184807406191
21562,7773.57437,21563,7773.576370000001,-0.744300337740201,0.2845561728058882,0.2845561728058882,-0.22221864692489354,0.08715392066661481,0.05225916081838758,-1.071084906680916
21563,7773.576370000001,21564,7773.57837,0.5765213458797985,0.3619603147830943,0.0810640939092567,-0.22221864692489354,0.07689363752326826,0.49320819589851683,-0.744300337740201
21564,7773.57837,21565,7773.580370000001,1.3529511549993212,-0.04128339852111738,0.4142706294650885,-0.22221864692489354,-0.03029176853583338,-0.24794002233409962,0.5765213458797985
21565,7773.580370000001,21566,7773.58237,-0.8056305847606667,-0.6143048440543135,0.5665331827738171,-0.22221864692489354,-0.7551517843025956,0.17284396829030366,1.3529511549993212
21566,7773.58237,21567,7773.5843700000005,0.5455355838053935,0.19800024573023775,-0.05257000406954908,-0.22221864692489354,0.20318222170755654,0.34178760532952207,-0.8056305847606667
21567,7773.5843700000005,21568,7773.58637,0.6219550902753446,-0.37882276466544773,0.0023266815309476974,-0.22221864692489354,-0.40088076100852027,-0.3267540379289676,0.5455355838053935
21568,7773.58637,21569,7773.58837,-0.7860556034434596,-0.4773469377075341,0.23507571868727375,-0.22221864692489354,0.4001004254246384,0.07006236307115508,0.6219550902753446
21569,7773.58837,21570,7773.59037,-0.9113796933511568,0.23860842861534076,-0.34364778258269746,-0.22221864692489354,0.1039582590700965,0.3098637121101606,-0.7860556034434596
21570,7773.59037,21571,7773.59237,-0.31125108193329903,-0.022955602520112153,-0.13101229880341542,-0.22221864692489354,-0.37605285260461635,0.03096244753518709,-0.9113796933511568
21571,7773.59237,21572,7773.594370000001,-0.3319906115688506,0.18707215955255196,0.3575917210223996,-0.22221864692489354,0.48765850761456897,-0.39817136066672254,-0.31125108193329903
21572,7773.594370000001,21573,7773.59637,0.2553261864018241,0.12222568506445756,0.12222568506445756,-0.22221864692489354,0.24799682921910512,-0.3163835941642779,-0.3319906115688506
21573,7773.59637,21574,7773.598370000001,1.164355725095879,-0.3924846526927655,0.24637656706444025,-0.22221864692489354,0.07992231126120063,0.21947532111276988,0.2553261864018241
21574,7773.598370000001,21575,7773.60037,0.027392088297642836,-0.23320378702771544,0.15803756558971685,-0.22221864692489354,-0.3514895484609833,-0.4676350392707466,1.164355725095879
21575,7773.60037,21576,7773.6023700000005,1.5325391805487016,-0.33386908533994497,-0.142219654779851,-0.22221864692489354,-0.4168168715325789,0.28425491436494743,0.027392088297642836
21576,7773.6023700000005,21577,7773.60437,0.549808330015954,-0.6143048440543135,0.5665331827738171,-0.22221864692489354,-0.7551517843025956,0.17284396829030366,1.5325391805487016
21577,7773.60437,21578,7773.60637,-1.5148692228990348,-0.1562957841783241,-0.19492005369880339,-0.22221864692489354,-0.037013477431905036,-0.3267540379289676,0.549808330015954
21578,7773.60637,21579,7773.60837,-1.2062050698380467,0.7421712963024673,0.5665331827738171,-0.22221864692489354,0.6314847137262339,0.36277097500886984,-1.5148692228990348
21579,7773.60837,21580,7773.61037,0.8084075748932881,0.46081688303872814,0.14744686068649904,-0.22221864692489354,0.4432616022980665,0.5491149871301269,-1.2062050698380467
21580,7773.61037,21581,7773.61237,-0.9009821585977544,-0.29246588020138925,-0.20543721480030894,-0.22221864692489354,-0.018749422511171517,-0.32164822622632444,0.8084075748932881
21581,7773.61237,21582,7773.61437,1.0578787544955668,-0.057564761357569785,-0.21528747729291253,-0.22221864692489354,-0.12444565605484263,0.24680320643266201,-0.9009821585977544
21582,7773.61437,21583,7773.616370000001,0.6002254110178561,0.19207066438924272,0.30970350704733635,-0.22221864692489354,0.12450992960308518,-0.06393551862196219,1.0578787544955668
21583,7773.616370000001,21584,7773.61837,-0.8392583506137645,-0.1367745355898586,-0.2585071819480077,-0.22221864692489354,-0.008589032090340124,-0.03304221986248109,0.6002254110178561
21584,7773.61837,21585,7773.620370000001,0.9593537076048013,0.19800024573023775,-0.2130251990668944,-0.22221864692489354,-0.2682404354957498,0.3577698856724587,-0.8392583506137645
21585,7773.620370000001,21586,7773.62237,-0.41667291759759056,-0.6326840561661579,-0.6482031138510547,-0.22221864692489354,-0.3527436596781653,-0.2615379975362791,0.9593537076048013
21586,7773.62237,21587,7773.62437,0.26849090512761753,-0.2852952407927156,-0.586228480579486,-0.22221864692489354,0.28378915455159676,0.042191029666294615,-0.41667291759759056
21587,7773.62437,21588,7773.62637,0.4939858095526022,-0.3924846526927655,-0.01570854725854441,-0.22221864692489354,0.2810999481672067,0.013771882736142901,0.26849090512761753
21588,7773.62637,21589,7773.62837,0.4944076895895011,-0.4935637514578185,0.04278403570094096,-0.22221864692489354,-0.3368361376441516,-0.09826717342661563,0.4939858095526022
21589,7773.62837,21590,7773.63037,-0.9248797639644953,-0.4935637514578185,0.04278403570094096,-0.22221864692489354,-0.48171818461295457,-0.4437754889272999,0.4944076895895011
21590,7773.63037,21591,7773.63237,-0.995278498187337,0.24161431382093385,0.24161431382093385,-0.22221864692489354,0.40790072012341627,0.00775872212043541,-0.9248797639644953
21591,7773.63237,21592,7773.634370000001,-0.4053073765305804,-0.4976878343744867,-0.3699117898289583,-0.22221864692489354,-0.09373726669391123,0.33253886435322505,-0.995278498187337
21592,7773.634370000001,21593,7773.63637,0.7263126409440654,-0.03904571359033493,-0.18444244836309,-0.22221864692489354,0.2940132167842976,-0.09118222407484311,-0.4053073765305804
21593,7773.63637,21594,7773.638370000001,0.00446680603967303,-0.6249404292209375,-0.11433558754392475,-0.22221864692489354,-0.4339190306470874,0.10739665787312261,0.7263126409440654
21594,7773.638370000001,21595,7773.64037,0.7493021591687664,-0.33386908533994497,-0.142219654779851,-0.22221864692489354,-0.4168168715325789,0.28425491436494743,0.00446680603967303
21595,7773.64037,21596,7773.6423700000005,0.4042875876841668,-0.5683491514108684,-0.09081668448449774,-0.22221864692489354,-0.08712056120170121,0.017534181815475017,0.7493021591687664
21596,7773.6423700000005,21597,7773.64437,0.8845718549470746,-0.2256517770607452,-0.18444244836309,-0.22221864692489354,-0.309035709552138,-0.3234408610880635,0.4042875876841668
21597,7773.64437,21598,7773.64637,-1.3162350170845656,-0.45228617859521053,-0.21528747729291253,-0.22221864692489354,-0.20368706974417702,-0.28636182004630667,0.8845718549470746
21598,7773.64637,21599,7773.64837,0.8192626077303884,0.6461452255083375,-0.45706772680652374,-0.22221864692489354,0.3407267894368211,0.36277097500886984,-1.3162350170845656
21599,7773.64837,21600,7773.65037,-0.26623441676889126,-0.34364778258269746,0.0579770049994011,-0.22221864692489354,-0.6564114573328598,-0.2963973956432763,0.8192626077303884
21600,7773.65037,21601,7773.652370000001,-0.7869341560432106,0.1188056649534898,-0.01570854725854441,-0.22221864692489354,-0.23450011284625286,-0.171311823601295,-0.26623441676889126
21601,7773.652370000001,21602,7773.65437,-0.21496460786143712,0.23860842861534076,-0.34364778258269746,-0.22221864692489354,0.1039582590700965,0.3098637121101606,-0.7869341560432106
21602,7773.65437,21603,7773.656370000001,0.15676263032987886,-0.05790830952639997,-0.05790830952639997,-0.22221864692489354,0.32887815531801523,0.21284870252282181,-0.21496460786143712
21603,7773.656370000001,21604,7773.65837,1.5949568601884907,-0.1451200351232795,0.18595462164382995,-0.22221864692489354,0.006891576060387978,0.06598197385371023,0.15676263032987886
21604,7773.65837,21605,7773.6603700000005,-1.1334605157529523,-0.6143048440543135,0.5665331827738171,-0.22221864692489354,-0.7551517843025956,0.17284396829030366,1.5949568601884907
21605,7773.6603700000005,21606,7773.66237,0.5644655711615858,0.30295161257612363,0.4308484280502308,-0.22221864692489354,0.38528097037552195,0.46674536964446656,-1.1334605157529523
21606,7773.66237,21607,7773.66437,0.616154109793491,-0.04128339852111738,0.4142706294650885,-0.22221864692489354,-0.21777886863068377,-0.30157959347546437,0.5644655711615858
21607,7773.66437,21608,7773.66637,-0.771556301559816,-0.42710372668664515,-0.21378965766165123,-0.22221864692489354,0.03078599666747407,-0.15086438113950212,0.616154109793491
21608,7773.66637,21609,7773.66837,-1.1000670988901482,0.23860842861534076,-0.4550377844702846,-0.22221864692489354,0.6170578249097101,0.34638009514734397,-0.771556301559816
21609,7773.66837,21610,7773.67037,-0.6453056109184176,0.2845561728058882,-0.1534589028431259,-0.22221864692489354,0.4789489416828648,0.458518454151563,-1.1000670988901482
21610,7773.67037,21611,7773.67237,0.8556652001391981,0.29766843901634654,-0.4089410134347594,-0.22221864692489354,0.11790030711365772,0.15775784096124995,-0.6453056109184176
21611,7773.67237,21612,7773.674370000001,-0.09430048833650456,-0.4450124051964178,-0.4450124051964178,-0.22221864692489354,-0.5115314710484951,-0.29064401459706074,0.8556652001391981
21612,7773.674370000001,21613,7773.67637,0.6062383708967529,-0.26469932568774684,-0.142219654779851,-0.22221864692489354,-0.41628893909566694,0.2538024840754271,-0.09430048833650456
21613,7773.67637,21614,7773.6783700000005,-1.2387671329718293,-0.1367745355898586,-0.2585071819480077,-0.22221864692489354,-0.4466204410595327,-0.15086438113950212,0.6062383708967529
21614,7773.6783700000005,21615,7773.68037,1.0395272757072964,0.41342846336422984,-0.19677528628455082,-0.22221864692489354,-0.4780918503276204,0.4191651904493775,-1.2387671329718293
21615,7773.68037,21616,7773.68237,0.951274863863267,-0.4045790620607671,0.13972237993573028,-0.22221864692489354,-0.599765985291926,0.23040375633204757,1.0395272757072964
21616,7773.68237,21617,7773.68437,-0.36125044759984887,-0.6633350250260738,-0.41729656837337764,-0.22221864692489354,-0.24728651110880231,0.03641703850535831,0.951274863863267
21617,7773.68437,21618,7773.68637,-1.074520951144624,0.12222568506445756,-0.261061533451254,-0.22221864692489354,0.08675353362046319,-0.4840761201548569,-0.36125044759984887
21618,7773.68637,21619,7773.68837,0.2591534036807361,0.2845561728058882,0.2845561728058882,-0.22221864692489354,0.3478976827320287,-0.15458214789101868,-1.074520951144624
21619,7773.68837,21620,7773.69037,0.7717750150208196,-0.3924846526927655,0.14876508692177126,-0.22221864692489354,0.025052076593478943,0.21947532111276988,0.2591534036807361
21620,7773.69037,21621,7773.692370000001,-0.009743100308440968,-0.349079290883896,-0.4550377844702846,-0.22221864692489354,-0.20546685189409772,-0.4830662570737806,0.7717750150208196
21621,7773.692370000001,21622,7773.69437,-0.5089530800210145,-0.26469932568774684,-0.142219654779851,-0.22221864692489354,-0.20898740935191218,0.2538024840754271,-0.009743100308440968
21622,7773.69437,21623,7773.696370000001,0.06553893047935118,0.1887310599314789,-0.28750917306514107,-0.22221864692489354,0.21944609630090817,0.4755840261875662,-0.5089530800210145
21623,7773.696370000001,21624,7773.69837,0.9122717475477595,-0.33386908533994497,-0.142219654779851,-0.22221864692489354,-0.4168168715325789,0.28425491436494743,0.06553893047935118
21624,7773.69837,21625,7773.7003700000005,0.49921342141324826,-0.5942765296670074,-0.13101229880341542,-0.22221864692489354,-0.07820718918483069,-0.2615379975362791,0.9122717475477595
21625,7773.7003700000005,21626,7773.70237,0.4806609237197275,-0.22776977648886657,-0.22303435517964126,-0.22221864692489354,0.14684994890175992,-0.09826717342661563,0.49921342141324826
21626,7773.70237,21627,7773.70437,-0.5128181778023978,-0.3055559555122169,-0.22303435517964126,-0.22221864692489354,0.07473431956829919,-0.4437754889272999,0.4806609237197275
21627,7773.70437,21628,7773.70637,0.05229370372932311,-0.19492005369880339,-0.22776977648886657,-0.22221864692489354,-0.0859522782776258,0.3997832400759384,-0.5128181778023978
21628,7773.70637,21629,7773.70837,0.3959446514821545,-0.33386908533994497,-0.142219654779851,-0.22221864692489354,-0.4168168715325789,0.28425491436494743,0.05229370372932311
21629,7773.70837,21630,7773.710370000001,-0.8086021621257313,-0.4612300397916861,0.025655330634945066,-0.22221864692489354,0.08675353362046224,-0.21602088399978886,0.3959446514821545
21630,7773.710370000001,21631,7773.71237,-0.7343083350293899,0.19800024573023775,-0.20543721480030894,-0.22221864692489354,0.20318222170755654,0.3098637121101606,-0.8086021621257313
21631,7773.71237,21632,7773.714370000001,-0.41027004573255715,0.31058431744980514,-0.09081668448449774,-0.22221864692489354,0.018713701208772717,0.34638009514734397,-0.7343083350293899
21632,7773.714370000001,21633,7773.71637,0.3664612959069698,-0.1590935974930537,-0.586228480579486,-0.22221864692489354,0.039500648769917816,-0.10448296967144763,-0.41027004573255715
21633,7773.71637,21634,7773.7183700000005,0.742639035312632,0.24347058211343803,-0.25819797169662406,-0.22221864692489354,-0.019142272643902357,-0.4836049776255281,0.3664612959069698
21634,7773.7183700000005,21635,7773.72037,0.48171818461295457,-0.5447970547107047,0.0810640939092567,-0.22221864692489354,-0.24241435958050994,0.09091639035226247,0.742639035312632
21635,7773.72037,21636,7773.72237,0.7780635529121213,-0.3111977571319168,-0.33912048824683566,-0.22221864692489354,0.3148173815559873,-0.09826717342661563,0.48171818461295457
21636,7773.72237,21637,7773.72437,1.0404792524171602,-0.46320165830331783,-0.34364778258269746,-0.22221864692489354,0.475403038901428,-0.4091344370330442,0.7780635529121213
21637,7773.72437,21638,7773.72637,-0.9791536005724362,-0.4045790620607671,0.13972237993573028,-0.22221864692489354,-0.599765985291926,0.23040375633204757,1.0404792524171602
21638,7773.72637,21639,7773.728370000001,-0.8705430683600209,-0.4457817884455007,-0.6058412776143282,-0.22221864692489354,0.15623352155455694,0.2960726148674459,-0.9791536005724362
21639,7773.728370000001,21640,7773.73037,-0.44150772871196886,-0.22402396436481015,-0.4450124051964178,-0.22221864692489354,-0.20883973594614808,0.4043361726471263,-0.8705430683600209
21640,7773.73037,21641,7773.732370000001,0.7570144118286987,-0.5242815461956132,-0.3055559555122169,-0.22221864692489354,-0.18649844473346408,0.20996150728149343,-0.44150772871196886
21641,7773.732370000001,21642,7773.73437,-0.41849480471306516,-0.5683491514108684,-0.349079290883896,-0.22221864692489354,-0.26148195471955166,-0.1386139956879885,0.7570144118286987
21642,7773.73437,21643,7773.7363700000005,-0.5088436792091457,-0.2852952407927156,-0.586228480579486,-0.22221864692489354,-0.10093581844996408,0.042191029666294615,-0.41849480471306516
21643,7773.7363700000005,21644,7773.73837,0.14098760230916058,0.1887310599314789,-0.4935637514578185,-0.22221864692489354,0.21944609630090817,0.4755840261875662,-0.5088436792091457
21644,7773.73837,21645,7773.74037,0.4406647755162015,-0.0468558017538685,-0.11764148282154932,-0.22221864692489354,0.024945582210957846,0.07911556141073157,0.14098760230916058
21645,7773.74037,21646,7773.74237,-1.0648550584153107,-0.2256517770607452,-0.3055559555122169,-0.22221864692489354,-0.5100464303737414,-0.40416611494856935,0.4406647755162015
21646,7773.74237,21647,7773.74437,0.8229135325223083,0.25400013206500477,0.2555799112245216,-0.22221864692489354,0.4330224446917331,0.33253886435322505,-1.0648550584153107
21647,7773.74437,21648,7773.74637,0.09353840682317564,-0.34364778258269746,-0.013089570749465922,-0.22221864692489354,0.008877674032018243,-0.2963973956432763,0.8229135325223083
21648,7773.74637,21649,7773.74837,0.24275704049082264,-0.33386908533994497,-0.142219654779851,-0.22221864692489354,0.04869483487163231,0.28425491436494743,0.09353840682317564
21649,7773.74837,21650,7773.750370000001,-1.283932076027711,0.057427309036130976,0.1188056649534898,-0.22221864692489354,-0.2958831106910164,0.3033279162038353,0.24275704049082264
21650,7773.750370000001,21651,7773.75237,-0.3093028820670263,0.07790421498581429,-0.2989108765141074,-0.22221864692489354,0.516820358239611,0.2897999373819561,-1.283932076027711
21651,7773.75237,21652,7773.754370000001,1.3263724041146503,0.21947532111276988,0.3575917210223996,-0.22221864692489354,0.4201938371521247,-0.3460196512825826,-0.3093028820670263
21652,7773.754370000001,21653,7773.75637,0.807255491686062,-0.2989108765141074,0.07790421498581429,-0.22221864692489354,-0.41808756543040676,-0.4224388286612822,1.3263724041146503
21653,7773.75637,21654,7773.7583700000005,-0.36185893603199076,-0.2924387125634771,-0.20543721480030894,-0.22221864692489354,0.100343401371026,-0.32164822622632444,0.807255491686062
21654,7773.7583700000005,21655,7773.76037,-0.5434451893533723,0.12222568506445756,-0.261061533451254,-0.22221864692489354,0.18010496791366426,-0.4840761201548569,-0.36185893603199076
21655,7773.76037,21656,7773.76237,-0.6120180473317008,0.33431209940636736,0.0023266815309476974,-0.22221864692489354,0.007830950361707705,0.47266160416269526,-0.5434451893533723
21656,7773.76237,21657,7773.76437,1.3497568511425948,0.44799338041210496,-0.21378965766165123,-0.22221864692489354,0.44799338041210496,0.4353801578601097,-0.6120180473317008
21657,7773.76437,21658,7773.76637,-0.027215006255084547,-0.6143048440543135,0.5665331827738171,-0.22221864692489354,-0.7551517843025956,0.17284396829030366,1.3497568511425948
21658,7773.76637,21659,7773.768370000001,-0.8760600092879779,-0.26469932568774684,-0.142219654779851,-0.22221864692489354,-0.20898740935191218,0.2538024840754271,-0.027215006255084547
21659,7773.768370000001,21660,7773.77037,0.2137308738977082,-0.27262847819641933,-0.4450124051964178,-0.22221864692489354,0.601981267648389,0.4043361726471263,-0.8760600092879779
21660,7773.77037,21661,7773.772370000001,-1.1928686142205913,0.057427309036130976,0.057427309036130976,-0.22221864692489354,0.3232037850250431,0.18912276188143587,0.2137308738977082
21661,7773.772370000001,21662,7773.77437,0.21287812077685464,0.46081688303872814,0.14744686068649904,-0.22221864692489354,0.5134500205163792,0.5204389578696991,-1.1928686142205913
21662,7773.77437,21663,7773.7763700000005,0.4906934790365868,0.057427309036130976,0.057427309036130976,-0.22221864692489354,0.3232037850250431,0.18912276188143587,0.21287812077685464
21663,7773.7763700000005,21664,7773.77837,0.6688507588113729,-0.49602694353394244,0.04278403570094096,-0.22221864692489354,-0.1109861543034674,-0.09826717342661563,0.4906934790365868
21664,7773.77837,21665,7773.78037,0.6503707447576011,-0.3877785297543843,-0.3877785297543843,-0.22221864692489354,-0.5191403688204476,0.25667864216008623,0.6688507588113729
21665,7773.78037,21666,7773.78237,0.1266286424755115,-0.16977732784229826,-0.43566271025191466,-0.22221864692489354,-0.012083209021288219,0.24819562790769067,0.6503707447576011
21666,7773.78237,21667,7773.78437,0.5536445312260428,-0.11764148282154932,0.18806782997741056,-0.22221864692489354,0.25549534343634245,0.14970561431342108,0.1266286424755115
21667,7773.78437,21668,7773.786370000001,-0.738264939607102,-0.1367745355898586,-0.19492005369880339,-0.22221864692489354,0.08608586542674336,-0.3267540379289676,0.5536445312260428
21668,7773.786370000001,21669,7773.78837,-0.34915630380927504,0.29607261486744285,-0.24241435958050994,-0.22221864692489354,-0.04128339852111738,0.34638009514734397,-0.738264939607102
21669,7773.78837,21670,7773.790370000001,0.7091781409040924,0.18707215955255196,0.12222568506445756,-0.22221864692489354,-0.14703848585555968,-0.6070320847252332,-0.34915630380927504
21670,7773.790370000001,21671,7773.79237,-1.2988990904508542,-0.3877785297543843,-0.22486726958948416,-0.22221864692489354,-0.4168888407297956,0.2513427364435679,0.7091781409040924
21671,7773.79237,21672,7773.7943700000005,-0.09051750721974802,0.22067280362221273,-0.45706772680652374,-0.22221864692489354,0.4825497107359491,0.2897999373819561,-1.2988990904508542
21672,7773.7943700000005,21673,7773.79637,1.1881984493596458,-0.26469932568774684,-0.1375361019146593,-0.22221864692489354,-0.16058257006705673,0.2538024840754271,-0.09051750721974802
21673,7773.79637,21674,7773.79837,0.09426736643132491,-0.3039189645258097,-0.004031897363650107,-0.22221864692489354,-0.5554004946347814,-0.5597977549998868,1.1881984493596458
21674,7773.79837,21675,7773.80037,-0.06703767045604767,-0.33386908533994497,-0.142219654779851,-0.22221864692489354,-0.002907507045512477,0.28425491436494743,0.09426736643132491
21675,7773.80037,21676,7773.80237,0.8023075649248357,-0.26469932568774684,-0.142219654779851,-0.22221864692489354,-0.20898740935191218,0.2538024840754271,-0.06703767045604767
21676,7773.80237,21677,7773.80437,-0.22762485105275834,-0.2924387125634771,-0.05257000406954908,-0.22221864692489354,-0.2883824640629793,-0.49280804472495426,0.8023075649248357
21677,7773.80437,21678,7773.80637,0.21894914377887043,0.011795490982976716,0.057427309036130976,-0.22221864692489354,-0.3114910083570058,0.01290993755996567,-0.22762485105275834
21678,7773.80637,21679,7773.808370000001,-0.18453324327257364,-0.3680243083006973,-0.05790830952639997,-0.22221864692489354,0.1394374841581769,0.18912276188143587,0.21894914377887043
21679,7773.808370000001,21680,7773.81037,-0.7844456846704676,-0.05790830952639997,-0.25979920808060847,-0.22221864692489354,-0.24064196839013388,0.16897845850712317,-0.18453324327257364
21680,7773.81037,21681,7773.812370000001,-0.9696339710042504,0.23860842861534076,-0.34364778258269746,-0.22221864692489354,-0.09496269616151604,0.3098637121101606,-0.7844456846704676
21681,7773.812370000001,21682,7773.81437,-0.3976090340868645,-0.3445507870687826,-0.6058412776143282,-0.22221864692489354,-0.2865258082395254,0.17522943642255087,-0.9696339710042504
21682,7773.81437,21683,7773.8163700000005,1.1622632458826403,-0.03904571359033493,0.025655330634945066,-0.22221864692489354,0.3134349541126409,-0.09118222407484311,-0.3976090340868645
21683,7773.8163700000005,21684,7773.81837,-0.03497710287803577,-0.23320378702771544,0.15803756558971685,-0.22221864692489354,0.10994326540696106,-0.34013120451600104,1.1622632458826403
21684,7773.81837,21685,7773.82037,0.8715179648544845,-0.26469932568774684,-0.142219654779851,-0.22221864692489354,-0.20898740935191218,0.2538024840754271,-0.03497710287803577
21685,7773.82037,21686,7773.82237,-0.6208014959192896,-0.45228617859521053,-0.4275310466846108,-0.22221864692489354,0.03314785552517815,-0.28636182004630667,0.8715179648544845
21686,7773.82237,21687,7773.82437,0.6514717737613398,0.28830062542145124,0.23507571868727375,-0.22221864692489354,0.645343790515243,0.40683511250520366,-0.6208014959192896
21687,7773.82437,21688,7773.826370000001,0.754535841634226,-0.16977732784229826,-0.4089410134347594,-0.22221864692489354,-0.17678609450109892,0.24819562790769067,0.6514717737613398
21688,7773.826370000001,21689,7773.82837,-0.5438889716537383,-0.5875237651159813,-0.11323118932863557,-0.22221864692489354,0.1471955728349423,0.017534181815475017,0.754535841634226
21689,7773.82837,21690,7773.830370000001,-0.49994222807985533,0.33431209940636736,0.0023266815309476974,-0.22221864692489354,-0.10598998083334761,0.47266160416269526,-0.5438889716537383
21690,7773.830370000001,21691,7773.83237,-1.1656499591241574,-0.10621910965384766,-0.3793708463931679,-0.22221864692489354,0.5374879324176076,0.3986600833996137,-0.49994222807985533
21691,7773.83237,21692,7773.8343700000005,-1.2020236812693632,0.4883957812993733,0.15803756558971685,-0.22221864692489354,0.26257422352624643,0.5204389578696991,-1.1656499591241574
21692,7773.8343700000005,21693,7773.83637,1.3939718202325524,0.46081688303872814,0.15803756558971685,-0.22221864692489354,0.2695477524837449,0.5204389578696991,-1.2020236812693632
21693,7773.83637,21694,7773.83837,1.3499361530922782,-0.6143048440543135,0.5665331827738171,-0.22221864692489354,-0.7551517843025956,0.17284396829030366,1.3939718202325524
21694,7773.83837,21695,7773.84037,0.7865861426163151,-0.6143048440543135,0.5665331827738171,-0.22221864692489354,-0.7551517843025956,0.17284396829030366,1.3499361530922782
21695,7773.84037,21696,7773.84237,-0.9882854626963662,-0.349079290883896,-0.34364778258269746,-0.22221864692489354,0.20954836949416825,-0.2963973956432763,0.7865861426163151
21696,7773.84237,21697,7773.844370000001,0.8826765475205125,-0.4976878343744867,-0.3699117898289583,-0.22221864692489354,0.27207409299539514,0.3611236325594171,-0.9882854626963662
21697,7773.844370000001,21698,7773.84637,-0.38146076330840784,-0.45228617859521053,-0.21528747729291253,-0.22221864692489354,-0.23892375490899603,-0.28636182004630667,0.8826765475205125
21698,7773.84637,21699,7773.848370000001,0.18323106117679508,0.025655330634945066,0.06867010178033228,-0.22221864692489354,0.07026594613374956,-0.22064361378610747,-0.38146076330840784
21699,7773.848370000001,21700,7773.85037,-0.9974823558286579,-0.3680243083006973,-0.25979920808060847,-0.22221864692489354,-0.44862104656082513,0.2949621506605914,0.18323106117679508
21700,7773.85037,21701,7773.8523700000005,-0.13524966077884001,-0.5426839612019208,-0.3699117898289583,-0.22221864692489354,0.39081171211020277,0.3611236325594171,-0.9974823558286579
21701,7773.8523700000005,21702,7773.85437,-0.8261848207355372,-0.1253451100184705,0.18806782997741056,-0.22221864692489354,-0.31476424659316915,0.04382965985950285,-0.13524966077884001
21702,7773.85437,21703,7773.85637,1.1035741771008132,0.19800024573023775,-0.013089570749465922,-0.22221864692489354,-0.20252851038695807,0.2716581023075879,-0.8261848207355372
21703,7773.85637,21704,7773.85837,0.6707322269110808,-0.6138912424649068,-0.3560632919496327,-0.22221864692489354,-0.40971448345301886,-0.4240597290924465,1.1035741771008132
21704,7773.85837,21705,7773.86037,-1.05577887010303,-0.4089410134347594,0.003959394191598462,-0.22221864692489354,-0.7032326386355993,0.25667864216008623,0.6707322269110808
21705,7773.86037,21706,7773.86237,1.1633214048986387,0.2845561728058882,0.2845561728058882,-0.22221864692489354,0.21827640291959524,0.458518454151563,-1.05577887010303
21706,7773.86237,21707,7773.86437,-0.4725481598807294,-0.23320378702771544,0.15803756558971685,-0.22221864692489354,-0.21967987088482832,-0.4676350392707466,1.1633214048986387
21707,7773.86437,21708,7773.866370000001,-0.9403057808082286,-0.33912048824683566,0.04278403570094096,-0.22221864692489354,0.20860341312808164,0.3997832400759384,-0.4725481598807294
21708,7773.866370000001,21709,7773.86837,0.8554486159799327,0.2650902997767296,-0.3445507870687826,-0.22221864692489354,0.29368766062298457,-0.1109861543034674,-0.9403057808082286
21709,7773.86837,21710,7773.870370000001,-0.3873832923597818,-0.3836207254178327,-0.4450124051964178,-0.22221864692489354,-0.5115314710484951,-0.29064401459706074,0.8554486159799327
21710,7773.870370000001,21711,7773.87237,-1.0302691475659105,0.025655330634945066,0.24347058211343803,-0.22221864692489354,-0.06982479710306157,-0.19740289198946717,-0.3873832923597818
21711,7773.87237,21712,7773.87437,-0.7760052675899523,0.06325243515675495,-0.2746493799846285,-0.22221864692489354,0.050634296586454026,0.4905597772804365,-1.0302691475659105
21712,7773.87437,21713,7773.87637,1.0991823415043975,0.23860842861534076,-0.32138433220463275,-0.22221864692489354,-0.1026452767708518,0.34178760532952207,-0.7760052675899523
21713,7773.87637,21714,7773.87837,1.0717705682776906,-0.5707173324169582,-0.1534589028431259,-0.22221864692489354,-0.22064361378610747,-0.4301858315945434,1.0991823415043975
21714,7773.87837,21715,7773.88037,-0.39751120587313227,-0.11095358048304305,0.2845561728058882,-0.22221864692489354,0.026258220980364698,-0.303838387594942,1.0717705682776906
21715,7773.88037,21716,7773.88237,0.9563650037894034,-0.03904571359033493,0.025655330634945066,-0.22221864692489354,0.3134349541126409,-0.09118222407484311,-0.39751120587313227
21716,7773.88237,21717,7773.884370000001,0.317603009526266,-0.6326840561661579,-0.6326840561661579,-0.22221864692489354,-0.3909840558625532,0.03641703850535831,0.9563650037894034
21717,7773.884370000001,21718,7773.88637,-0.9511905112693692,-0.22414032461627648,0.480863464481744,-0.22221864692489354,-0.23268478580506255,-0.29284614965403966,0.317603009526266
21718,7773.88637,21719,7773.888370000001,-0.8587695695962653,0.24161431382093385,-0.3445507870687826,-0.22221864692489354,0.5080775382236243,0.10208673684537269,-0.9511905112693692
21719,7773.888370000001,21720,7773.89037,0.6154856211427364,0.0579770049994011,-0.5617920221446955,-0.22221864692489354,0.2949621506605914,0.3577698856724587,-0.8587695695962653
21720,7773.89037,21721,7773.8923700000005,-0.8045729776200505,-0.42710372668664515,-0.2585071819480077,-0.22221864692489354,-0.11540633830732888,-0.20585205420414715,0.6154856211427364
21721,7773.8923700000005,21722,7773.89437,-1.1319479133785695,0.09869595454043296,-0.05257000406954908,-0.22221864692489354,-0.20543721480030894,0.34178760532952207,-0.8045729776200505
21722,7773.89437,21723,7773.89637,1.0670236448584942,0.45554565649745477,0.4308484280502308,-0.22221864692489354,0.5763986414745506,0.46925266490400214,-1.1319479133785695
21723,7773.89637,21724,7773.89837,0.6878190897127797,-0.11095358048304305,0.17940557149464975,-0.22221864692489354,0.12138789420537592,-0.06393551862196219,1.0670236448584942
21724,7773.89837,21725,7773.90037,-0.15073917376461363,-0.49283027954691044,0.03771471514515023,-0.22221864692489354,-0.24489613974779645,0.3015257504279363,0.6878190897127797
21725,7773.90037,21726,7773.902370000001,0.9393530408981258,-0.03932569819300731,-0.0468558017538685,-0.22221864692489354,0.25447997175130577,0.04382965985950285,-0.15073917376461363
21726,7773.902370000001,21727,7773.90437,0.06799024588359014,-0.6326840561661579,-0.3445507870687826,-0.22221864692489354,-0.3168874459894686,0.03641703850535831,0.9393530408981258
21727,7773.90437,21728,7773.906370000001,-1.0107369435617617,-0.33386908533994497,-0.142219654779851,-0.22221864692489354,-0.4168168715325789,0.28425491436494743,0.06799024588359014
21728,7773.906370000001,21729,7773.90837,0.4648264655719292,-0.3602608635249846,-0.3699117898289583,-0.22221864692489354,0.042923515441734665,0.660405885525192,-1.0107369435617617
21729,7773.90837,21730,7773.9103700000005,0.6743547798466762,-0.10399106154996786,-0.2852952407927156,-0.22221864692489354,0.19155991613195608,-0.4093036519968823,0.4648264655719292
21730,7773.9103700000005,21731,7773.91237,-1.2320056675228837,-0.49283027954691044,0.003959394191598462,-0.22221864692489354,-0.39376207444016076,0.25667864216008623,0.6743547798466762
21731,7773.91237,21732,7773.91437,1.0124178497937217,0.41342846336422984,-0.004031897363650107,-0.22221864692489354,-0.09747509417728176,0.46925266490400214,-1.2320056675228837
21732,7773.91437,21733,7773.91637,0.9227701499926808,-0.4045790620607671,-0.4045790620607671,-0.22221864692489354,-0.14684994890175646,0.15245940251003792,1.0124178497937217
21733,7773.91637,21734,7773.91837,0.2327136262740158,-0.5942765296670074,0.24161431382093385,-0.22221864692489354,-0.17782252196775147,0.02010588734399296,0.9227701499926808
21734,7773.91837,21735,7773.92037,0.13037354562785317,-0.512207743721221,0.11043225500122787,-0.22221864692489354,-0.407537572354597,0.3033279162038353,0.2327136262740158
21735,7773.92037,21736,7773.92237,0.18441218156122846,-0.11764148282154932,0.18806782997741056,-0.22221864692489354,-0.1771825024405471,0.06598197385371023,0.13037354562785317
21736,7773.92237,21737,7773.924370000001,-0.5515081363115908,-0.3680243083006973,-0.25979920808060847,-0.22221864692489354,-0.6024396769760778,0.2949621506605914,0.18441218156122846
21737,7773.924370000001,21738,7773.92637,-0.5559642572430163,0.3045365053903889,-0.19492005369880339,-0.22221864692489354,-0.0569804584658305,0.3611489968540988,-0.5515081363115908
21738,7773.92637,21739,7773.9283700000005,-0.657581290859353,0.33431209940636736,-0.14386003369658196,-0.22221864692489354,0.35177122057090693,0.3611489968540988,-0.5559642572430163
21739,7773.9283700000005,21740,7773.93037,0.5014643823319108,0.23098172421311908,-0.43566271025191466,-0.22221864692489354,0.047723691621056635,0.15775784096124995,-0.657581290859353
21740,7773.93037,21741,7773.93237,-1.1081030503367637,-0.3111977571319168,-0.3793708463931679,-0.22221864692489354,0.14684994890175992,-0.4046033477577051,0.5014643823319108
21741,7773.93237,21742,7773.93437,-0.940007258491471,0.30295161257612363,-0.2389524160058622,-0.22221864692489354,-0.1009358184499714,0.4368861822411516,-1.1081030503367637
21742,7773.93437,21743,7773.93637,1.3359966918085986,0.2650902997767296,-0.3445507870687826,-0.22221864692489354,0.3762527426657475,-0.1109861543034674,-0.940007258491471
21743,7773.93637,21744,7773.93837,-0.10971498840813727,0.008877674032011234,0.44803988771375847,-0.22221864692489354,-0.10017877876797252,-0.4224388286612822,1.3359966918085986
21744,7773.93837,21745,7773.94037,0.9204241248482012,-0.26469932568774684,-0.19426091714379276,-0.22221864692489354,-0.16919360150120696,0.17281334839043086,-0.10971498840813727
21745,7773.94037,21746,7773.942370000001,-0.10448296967144763,-0.5942765296670074,-0.022955602520112153,-0.22221864692489354,-0.17782252196775147,0.02010588734399296,0.9204241248482012
21746,7773.942370000001,21747,7773.94437,0.9394810736746905,-0.264447904458089,-0.33386908533994497,-0.22221864692489354,0.062295333733497174,0.17611489210839118,-0.10448296967144763
21747,7773.94437,21748,7773.946370000001,-0.73722066215214,-0.6326840561661579,-0.3445507870687826,-0.22221864692489354,-0.3168874459894686,0.03641703850535831,0.9394810736746905
21748,7773.946370000001,21749,7773.94837,0.35598680913911057,0.31058431744980514,-0.40321812085722475,-0.22221864692489354,-0.09084992087835003,0.34638009514734397,-0.73722066215214
21749,7773.94837,21750,7773.9503700000005,-0.3331911545672118,0.07077472253750312,-0.2277407930818674,-0.22221864692489354,0.26072506912731835,-0.44155453861695204,0.35598680913911057
21750,7773.9503700000005,21751,7773.95237,-0.269158517603387,0.12222568506445756,0.011543669774703644,-0.22221864692489354,0.1289028630940942,-0.3163835941642779,-0.3331911545672118
21751,7773.95237,21752,7773.95437,-1.33160466326783,0.03328868571940855,-0.01570854725854441,-0.22221864692489354,0.1086381229611933,-0.171311823601295,-0.269158517603387
21752,7773.95437,21753,7773.95637,0.41299507304131305,0.6461452255083375,0.20469600184554876,-0.22221864692489354,0.23611097500565095,0.36277097500886984,-1.33160466326783
21753,7773.95637,21754,7773.95837,0.2320212253462314,-0.18444244836309,-0.4612300397916861,-0.22221864692489354,0.04330698444645081,-0.3234408610880635,0.41299507304131305
21754,7773.95837,21755,7773.960370000001,1.0909518423678832,-0.512207743721221,0.11043225500122787,-0.22221864692489354,-0.3996612189173214,0.37322512903828536,0.2320212253462314
21755,7773.960370000001,21756,7773.96237,0.987756975174663,-0.5707173324169582,-0.1534589028431259,-0.22221864692489354,-0.6462787355837758,-0.48304380408472236,1.0909518423678832
21756,7773.96237,21757,7773.964370000001,0.06006995321668474,-0.6452865205733541,-0.3699117898289583,-0.22221864692489354,0.12080747370668891,0.15245940251003792,0.987756975174663
21757,7773.964370000001,21758,7773.96637,0.3253617373874967,-0.33386908533994497,-0.142219654779851,-0.22221864692489354,-0.4168168715325789,0.28425491436494743,0.06006995321668474
21758,7773.96637,21759,7773.9683700000005,0.9380718107420816,-0.3466117404736551,0.3022792894054063,-0.22221864692489354,-0.5922856788762237,-0.2264646908205313,0.3253617373874967
21759,7773.9683700000005,21760,7773.97037,-1.2161782684506262,-0.6326840561661579,-0.022955602520112153,-0.22221864692489354,-0.21810083084680904,0.03641703850535831,0.9380718107420816
21760,7773.97037,21761,7773.97237,-1.2697809922528054,0.41342846336422984,0.020854724007790478,-0.22221864692489354,0.03845048589817418,0.46925266490400214,-1.2161782684506262
21761,7773.97237,21762,7773.97437,-0.46418601174277013,0.07635424500100718,-0.2989108765141074,-0.22221864692489354,0.5052267216177564,0.07975429203940905,-1.2697809922528054
21762,7773.97437,21763,7773.97637,1.105696628846054,-0.3360041692109607,-0.2852952407927156,-0.22221864692489354,-0.17827942811194883,0.4755840261875662,-0.46418601174277013
21763,7773.97637,21764,7773.978370000001,-0.24235723467689102,-0.6138912424649068,-0.3953565603110866,-0.22221864692489354,0.00775872212043541,-0.4240597290924465,1.105696628846054
21764,7773.978370000001,21765,7773.98037,0.5617505154517409,0.03328868571940855,0.1188056649534898,-0.22221864692489354,0.34689478968750825,-0.018749422511174247,-0.24235723467689102
21765,7773.98037,21766,7773.982370000001,0.8990436716378123,-0.1367745355898586,-0.006421557793344926,-0.22221864692489354,0.18289767227555792,-0.3267540379289676,0.5617505154517409
21766,7773.982370000001,21767,7773.98437,0.7146967511504158,-0.45228617859521053,-0.21528747729291253,-0.22221864692489354,0.00736137351405322,-0.29064401459706074,0.8990436716378123
21767,7773.98437,21768,7773.9863700000005,-0.38292607420403013,-0.5447970547107047,-0.40321812085722475,-0.22221864692489354,-0.14697564415378742,0.14152483745726482,0.7146967511504158
21768,7773.9863700000005,21769,7773.98837,-1.3758671194745826,0.025655330634945066,0.06867010178033228,-0.22221864692489354,0.07026594613374956,-0.22064361378610747,-0.38292607420403013
21769,7773.98837,21770,7773.99037,0.301714188412201,0.7421712963024673,0.5665331827738171,-0.22221864692489354,0.6314847137262339,0.36277097500886984,-1.3758671194745826
21770,7773.99037,21771,7773.99237,0.8523649438144517,-0.22414032461627648,0.425368832305809,-0.22221864692489354,0.07527458633814763,-0.021068574384631857,0.301714188412201
21771,7773.99237,21772,7773.99437,-0.47876856243501303,-0.4450124051964178,-0.3836207254178327,-0.22221864692489354,-0.5115314710484951,-0.29064401459706074,0.8523649438144517
21772,7773.99437,21773,7773.99637,-0.3818583479867509,-0.33912048824683566,-0.33912048824683566,-0.22221864692489354,0.4321014277295137,0.3986600833996137,-0.47876856243501303
21773,7773.99637,21774,7773.99837,0.78363144033557,0.025655330634945066,0.06867010178033228,-0.22221864692489354,0.06867010178033228,-0.22064361378610747,-0.3818583479867509
21774,7773.99837,21775,7774.000370000001,-0.7903911333932606,-0.46320165830331783,-0.32138433220463275,-0.22221864692489354,0.1220324110012385,-0.19497995366587803,0.78363144033557
21775,7774.000370000001,21776,7774.00237,0.4462943819467785,0.21953376817436218,-0.32138433220463275,-0.22221864692489354,-0.01674706191794212,0.34178760532952207,-0.7903911333932606
21776,7774.00237,21777,7774.004370000001,1.0248113084207027,-0.2256517770607452,-0.3055559555122169,-0.22221864692489354,-0.4121036248609462,-0.42434549781223985,0.4462943819467785
21777,7774.004370000001,21778,7774.00637,-0.3294542977982703,-0.4045790620607671,-0.4045790620607671,-0.22221864692489354,-0.30978361278695477,0.4754709129724304,1.0248113084207027
21778,7774.00637,21779,7774.0083700000005,-1.2144833436417328,0.12222568506445756,0.18707215955255196,-0.22221864692489354,0.24799682921910512,-0.3163835941642779,-0.3294542977982703
21779,7774.0083700000005,21780,7774.01037,0.47985035019460576,0.4883957812993733,0.020854724007790478,-0.22221864692489354,0.6296829987040444,0.5204389578696991,-1.2144833436417328
21780,7774.01037,21781,7774.01237,0.11023668785588285,-0.3055559555122169,-0.22303435517964126,-0.22221864692489354,0.07473431956829919,-0.5134500205163743,0.47985035019460576
21781,7774.01237,21782,7774.01437,-0.9928540260058349,-0.1451200351232795,-0.19426091714379276,-0.22221864692489354,0.5204389578696991,0.28425491436494743,0.11023668785588285
21782,7774.01437,21783,7774.01637,1.0401834648162218,-0.4976878343744867,-0.32515141032815087,-0.22221864692489354,-0.09373726669391123,0.2960726148674459,-0.9928540260058349
21783,7774.01637,21784,7774.018370000001,0.7774615663383058,-0.4045790620607671,0.13867736503625425,-0.22221864692489354,-0.5616052284577782,0.23040375633204757,1.0401834648162218
21784,7774.018370000001,21785,7774.02037,0.5592777612280916,-0.46320165830331783,-0.34364778258269746,-0.22221864692489354,0.5050949490570054,-0.4091344370330442,0.7774615663383058
21785,7774.02037,21786,7774.022370000001,-0.5379131115307114,-0.1367745355898586,-0.04128339852111738,-0.22221864692489354,-0.19620711294650015,-0.3267540379289676,0.5592777612280916
21786,7774.022370000001,21787,7774.02437,-0.39063933865036427,0.3045365053903889,-0.19492005369880339,-0.22221864692489354,-0.3812370524413442,0.5926479466765875,-0.5379131115307114
21787,7774.02437,21788,7774.0263700000005,-0.07473431956828797,-0.03904571359033493,0.06867010178033228,-0.22221864692489354,0.10034340137102418,-0.1680866583957423,-0.39063933865036427
21788,7774.0263700000005,21789,7774.02837,-0.36086995422218776,-0.26469932568774684,-0.142219654779851,-0.22221864692489354,-0.20898740935191218,0.2538024840754271,-0.07473431956828797
21789,7774.02837,21790,7774.03037,0.0051912337734744745,0.12222568506445756,-0.261061533451254,-0.22221864692489354,0.009238359338001665,-0.4840761201548569,-0.36086995422218776
21790,7774.03037,21791,7774.03237,0.6600485445146179,-0.33386908533994497,-0.142219654779851,-0.22221864692489354,-0.4168168715325789,0.28425491436494743,0.0051912337734744745
21791,7774.03237,21792,7774.03437,-0.9538722496872575,-0.16977732784229826,-0.49283027954691044,-0.22221864692489354,-0.4199786265438037,0.24819562790769067,0.6600485445146179
21792,7774.03437,21793,7774.036370000001,0.907392295265904,0.2650902997767296,-0.41729656837337764,-0.22221864692489354,0.606595620081859,0.2281754560076201,-0.9538722496872575
21793,7774.036370000001,21794,7774.03837,0.6201361078169357,-0.48059340101518805,-0.19647628792681227,-0.22221864692489354,-0.021068574384631857,-0.35769353328068076,0.907392295265904
21794,7774.03837,21795,7774.040370000001,-0.5588615714395452,-0.4773469377075341,-0.11540633830732888,-0.22221864692489354,0.4001004254246384,0.0586293767370659,0.6201361078169357
21795,7774.040370000001,21796,7774.04237,-0.2914601857118199,0.33431209940636736,-0.04128339852111738,-0.22221864692489354,0.06472048820203387,0.3611489968540988,-0.5588615714395452
21796,7774.04237,21797,7774.0443700000005,0.913513448398995,0.26136985966282844,0.425368832305809,-0.22221864692489354,-0.09224485285252441,-0.469457529295874,-0.2914601857118199
21797,7774.0443700000005,21798,7774.04637,-0.7432969642454148,-0.5942765296670074,-0.13101229880341542,-0.22221864692489354,-0.10464688528805648,-0.2615379975362791,0.913513448398995
21798,7774.04637,21799,7774.04837,-1.0411733666139582,0.3619603147830943,0.0810640939092567,-0.22221864692489354,0.08448164062495879,0.49320819589851683,-0.7432969642454148
21799,7774.04837,21800,7774.05037,-0.4631100412624866,0.21827640291959524,0.13867736503625425,-0.22221864692489354,0.4221525144772249,0.3611236325594171,-1.0411733666139582
21800,7774.05037,21801,7774.05237,0.6521924808440848,-0.3360041692109607,-0.3055559555122169,-0.22221864692489354,0.031315255893349866,0.4755840261875662,-0.4631100412624866
21801,7774.05237,21802,7774.05437,-0.33569200251140624,-0.16977732784229826,-0.4089410134347594,-0.22221864692489354,-0.25046481055775166,0.24819562790769067,0.6521924808440848
21802,7774.05437,21803,7774.05637,0.6578641096215512,-0.1590935974930537,0.1289028630940942,-0.22221864692489354,0.446271087941495,-0.2040136003593252,-0.33569200251140624
21803,7774.05637,21804,7774.058370000001,0.8042636195355964,-0.3877785297543843,-0.43566271025191466,-0.22221864692489354,-0.07091035253905996,0.2386084286153376,0.6578641096215512
21804,7774.058370000001,21805,7774.06037,-1.0688251315718322,-0.2924387125634771,-0.20543721480030894,-0.22221864692489354,-0.27423445943596325,-0.49280804472495426,0.8042636195355964
21805,7774.06037,21806,7774.062370000001,-0.18389750571995458,0.2845561728058882,0.2845561728058882,-0.22221864692489354,-0.025158559636156118,0.458518454151563,-1.0688251315718322
21806,7774.062370000001,21807,7774.06437,1.4955444817011496,0.12858286309136147,-0.25979920808060847,-0.22221864692489354,-0.2301435617628621,0.16897845850712317,-0.18389750571995458
21807,7774.06437,21808,7774.0663700000005,-1.1618191683325727,-0.6143048440543135,0.5665331827738171,-0.22221864692489354,-0.7551517843025956,0.17284396829030366,1.4955444817011496
21808,7774.0663700000005,21809,7774.06837,0.6555615266926955,0.46081688303872814,0.15803756558971685,-0.22221864692489354,0.27878914413489136,0.5491149871301269,-1.1618191683325727
21809,7774.06837,21810,7774.07037,-0.6571286144021189,-0.16977732784229826,-0.43566271025191466,-0.22221864692489354,-0.44961985040214575,0.24819562790769067,0.6555615266926955
21810,7774.07037,21811,7774.07237,0.40605941130518486,0.23098172421311908,-0.43566271025191466,-0.22221864692489354,0.047723691621056635,0.15775784096124995,-0.6571286144021189
21811,7774.07237,21812,7774.07437,-0.8194069761588633,-0.2256517770607452,-0.38854385795705143,-0.22221864692489354,0.1426615600299293,-0.3234408610880635,0.40605941130518486
21812,7774.07437,21813,7774.076370000001,-0.3843148944262717,0.09869595454043296,-0.05257000406954908,-0.22221864692489354,0.19065795882358233,0.3577698856724587,-0.8194069761588633
21813,7774.076370000001,21814,7774.07837,0.7672902489390666,0.025655330634945066,0.22099383559682884,-0.22221864692489354,-0.18689102200828164,-0.19740289198946717,-0.3843148944262717
21814,7774.07837,21815,7774.080370000001,0.5161471988165602,-0.349079290883896,-0.32138433220463275,-0.22221864692489354,-0.19273124572481515,-0.49280804472495426,0.7672902489390666
21815,7774.080370000001,21816,7774.08237,-0.6480698604695468,-0.4935637514578185,0.040025316929352794,-0.22221864692489354,0.12733388372930474,-0.4046033477577051,0.5161471988165602
21816,7774.08237,21817,7774.0843700000005,0.6557504626061887,0.29766843901634654,-0.46237680260629,-0.22221864692489354,0.1498622829126535,0.15775784096124995,-0.6480698604695468
21817,7774.0843700000005,21818,7774.08637,0.4222718220164185,-0.16977732784229826,-0.43566271025191466,-0.22221864692489354,-0.3830997822508733,0.24819562790769067,0.6557504626061887
21818,7774.08637,21819,7774.08837,-0.5876046647196198,-0.18444244836309,-0.586228480579486,-0.22221864692489354,-0.18909263640884166,-0.34776916289481696,0.4222718220164185
21819,7774.08837,21820,7774.09037,-0.6894643380593282,0.44799338041210496,0.4142706294650885,-0.22221864692489354,0.26041654401513353,0.23579476037952593,-0.5876046647196198
21820,7774.09037,21821,7774.09237,-0.9555254436695727,0.003959394191598462,0.03771471514515023,-0.22221864692489354,0.12816670994099533,0.03494195658158384,-0.6894643380593282
21821,7774.09237,21822,7774.094370000001,0.20963691338986815,-0.022955602520112153,-0.6326840561661579,-0.22221864692489354,0.5605045128815926,0.2281754560076201,-0.9555254436695727
21822,7774.094370000001,21823,7774.09637,1.137307911231202,-0.3680243083006973,-0.05790830952639997,-0.22221864692489354,0.05636141246470473,0.23826432285676985,0.20963691338986815
21823,7774.09637,21824,7774.098370000001,0.596383715949269,-0.44286432713305396,0.3627709750088727,-0.22221864692489354,-0.19743276815277336,-0.34013120451600104,1.137307911231202
21824,7774.098370000001,21825,7774.10037,-0.28570559821978775,-0.11540633830732888,-0.1367745355898586,-0.22221864692489354,-0.18722308244633276,-0.15086438113950212,0.596383715949269
21825,7774.10037,21826,7774.1023700000005,0.5505641562119082,0.21947532111276988,0.24637656706444025,-0.22221864692489354,0.4868088518975959,-0.39253381448423247,-0.28570559821978775
21826,7774.1023700000005,21827,7774.10437,-0.2706867838746825,-0.1562957841783241,-0.19492005369880339,-0.22221864692489354,-0.03378143527182252,-0.3267540379289676,0.5505641562119082
21827,7774.10437,21828,7774.10637,-0.10422064878592903,0.03328868571940855,-0.01570854725854441,-0.22221864692489354,0.1086381229611933,-0.171311823601295,-0.2706867838746825
21828,7774.10637,21829,7774.10837,-0.22837823406772187,-0.264447904458089,-0.33386908533994497,-0.22221864692489354,0.062295333733497174,0.17611489210839118,-0.10422064878592903
21829,7774.10837,21830,7774.11037,0.3902452305611152,0.011795490982976716,0.057427309036130976,-0.22221864692489354,0.1188056649534898,0.01290993755996567,-0.22837823406772187
21830,7774.11037,21831,7774.11237,-0.7835316913703836,-0.4612300397916861,0.06867010178033228,-0.22221864692489354,0.05622379462921785,-0.21602088399978886,0.3902452305611152
21831,7774.11237,21832,7774.11437,-0.07770218117814214,0.23860842861534076,-0.32138433220463275,-0.22221864692489354,-0.09496269616151604,0.3098637121101606,-0.7835316913703836
21832,7774.11437,21833,7774.116370000001,0.9311390023572995,-0.26469932568774684,-0.142219654779851,-0.22221864692489354,-0.20898740935191218,0.2538024840754271,-0.07770218117814214
21833,7774.116370000001,21834,7774.11837,-0.20071370884760142,-0.6326840561661579,0.2650902997767296,-0.22221864692489354,0.04110875958666746,0.02010588734399296,0.9311390023572995
21834,7774.11837,21835,7774.120370000001,0.6446181287945214,0.011795490982976716,0.1817451092119638,-0.22221864692489354,0.4554533353119876,0.30327416721161743,-0.20071370884760142
21835,7774.120370000001,21836,7774.12237,-0.27719046683739973,-0.49283027954691044,-0.4089410134347594,-0.22221864692489354,0.2628820837601324,0.2386084286153376,0.6446181287945214
21836,7774.12237,21837,7774.12437,0.3285375513977767,0.03328868571940855,-0.22414032461627648,-0.22221864692489354,0.04382965985950285,-0.08755414746714527,-0.27719046683739973
21837,7774.12437,21838,7774.12637,0.5491780381699594,0.425368832305809,0.18707215955255196,-0.22221864692489354,-0.5180786020710064,-0.4123446351773559,0.3285375513977767
21838,7774.12637,21839,7774.12837,-0.21851045107605885,-0.1562957841783241,-0.19492005369880339,-0.22221864692489354,-0.05132605090291532,-0.3267540379289676,0.5491780381699594
21839,7774.12837,21840,7774.13037,-1.372200973752083,0.011795490982976716,-0.05790830952639997,-0.22221864692489354,-0.47910674683891197,0.21284870252282181,-0.21851045107605885
21840,7774.13037,21841,7774.13237,0.7029443451508368,0.7421712963024673,0.5665331827738171,-0.22221864692489354,0.6314847137262339,0.36277097500886984,-1.372200973752083
21841,7774.13237,21842,7774.134370000001,-0.37727655257626364,-0.14480518357318112,-0.11433558754392475,-0.22221864692489354,-0.025406975983228428,0.2513427364435679,0.7029443451508368
21842,7774.134370000001,21843,7774.13637,0.9892874667882162,0.06867010178033228,-0.1590935974930537,-0.22221864692489354,-0.05053049215390665,-0.2040136003593252,-0.37727655257626364
21843,7774.13637,21844,7774.138370000001,0.1779139198991804,-0.6326840561661579,-0.3699117898289583,-0.22221864692489354,-0.32515141032815087,0.08608586542674336,0.9892874667882162
21844,7774.138370000001,21845,7774.14037,0.6152102311691217,-0.3284851404962956,-0.25979920808060847,-0.22221864692489354,-0.23688671451102722,0.23826432285676985,0.1779139198991804
21845,7774.14037,21846,7774.1423700000005,-0.7204153147204644,-0.42710372668664515,-0.21378965766165123,-0.22221864692489354,-0.10772350866865048,-0.20585205420414715,0.6152102311691217
21846,7774.1423700000005,21847,7774.14437,0.29116100030984216,-0.11114900749167592,-0.22486726958948416,-0.22221864692489354,0.2916505298273649,0.5613353537402885,-0.7204153147204644
21847,7774.14437,21848,7774.14637,0.49162889113151687,0.011543669774703644,0.425368832305809,-0.22221864692489354,-0.38349671594334916,0.013771882736142901,0.29116100030984216
21848,7774.14637,21849,7774.14837,0.08668678685765818,-0.49602694353394244,0.04278403570094096,-0.22221864692489354,-0.1109861543034674,-0.09826717342661563,0.49162889113151687
21849,7774.14837,21850,7774.15037,-0.47499569770228495,-0.33386908533994497,-0.142219654779851,-0.22221864692489354,-0.4168168715325789,0.28425491436494743,0.08668678685765818
21850,7774.15037,21851,7774.152370000001,0.4602427708873779,-0.33912048824683566,-0.3111977571319168,-0.22221864692489354,-0.2954498233876777,0.3986600833996137,-0.47499569770228495
21851,7774.152370000001,21852,7774.15437,-0.5422396436980195,-0.10399106154996786,-0.3055559555122169,-0.22221864692489354,-0.3111977571319168,-0.4763528569243921,0.4602427708873779
21852,7774.15437,21853,7774.156370000001,-0.9209894118913651,0.3045365053903889,0.0023266815309476974,-0.22221864692489354,0.038905691886740534,0.47266160416269526,-0.5422396436980195
21853,7774.156370000001,21854,7774.15837,-0.3507978349052833,0.24161431382093385,0.05742730903612716,-0.22221864692489354,0.06805825227621874,0.00775872212043541,-0.9209894118913651
21854,7774.15837,21855,7774.1603700000005,0.9126809487343059,0.18707215955255196,-0.22326729252055358,-0.22221864692489354,-0.295720649952004,-0.6070320847252332,-0.3507978349052833
21855,7774.1603700000005,21856,7774.16237,-0.029832623596902388,-0.5942765296670074,-0.13101229880341542,-0.22221864692489354,-0.10464688528805648,-0.2615379975362791,0.9126809487343059
21856,7774.16237,21857,7774.16437,0.23080836892102574,-0.26469932568774684,-0.142219654779851,-0.22221864692489354,-0.20898740935191218,0.2538024840754271,-0.029832623596902388
21857,7774.16437,21858,7774.16637,1.0249680339032767,-0.512207743721221,0.11043225500122787,-0.22221864692489354,-0.3996612189173214,0.37322512903828536,0.23080836892102574
21858,7774.16637,21859,7774.16837,0.905554505388717,-0.4045790620607671,-0.4045790620607671,-0.22221864692489354,-0.25182385264240625,0.4754709129724304,1.0249680339032767
21859,7774.16837,21860,7774.17037,-0.6870137598500847,-0.48059340101518805,-0.21528747729291253,-0.22221864692489354,0.13658405335174936,-0.2615379975362791,0.905554505388717
21860,7774.17037,21861,7774.17237,-1.536524718654041,-0.11114900749167592,0.03771471514515023,-0.22221864692489354,0.12816670994099533,0.03494195658158384,-0.6870137598500847
21861,7774.17237,21862,7774.174370000001,0.929488067050691,0.7421712963024673,0.5665331827738171,-0.22221864692489354,0.6314847137262339,0.36277097500886984,-1.536524718654041
21862,7774.174370000001,21863,7774.17637,0.42829027610325093,-0.6633350250260738,0.2650902997767296,-0.22221864692489354,0.12038807150997183,0.02010588734399296,0.929488067050691
21863,7774.17637,21864,7774.1783700000005,-0.6314460013014755,-0.2707978394581285,-0.5832876300759183,-0.22221864692489354,0.4587255292170096,-0.40416611494856935,0.42829027610325093
21864,7774.1783700000005,21865,7774.18037,-0.678813827893652,0.23507571868727375,0.28830062542145124,-0.22221864692489354,-0.36168149848320574,0.1629355851779203,-0.6314460013014755
21865,7774.18037,21866,7774.18237,1.3574473164378418,0.003959394191598462,0.03771471514515023,-0.22221864692489354,-0.12717364529417122,0.03314785552517815,-0.678813827893652
21866,7774.18237,21867,7774.18437,-0.6663864618487971,-0.6143048440543135,0.5665331827738171,-0.22221864692489354,-0.7551517843025956,0.17284396829030366,1.3574473164378418
21867,7774.18437,21868,7774.18637,0.19820923526659648,0.003959394191598462,-0.16977732784229826,-0.22221864692489354,0.18504759210319477,0.03314785552517815,-0.6663864618487971
21868,7774.18637,21869,7774.18837,0.8705278280585619,-0.3284851404962956,-0.25979920808060847,-0.22221864692489354,0.2736255977117862,0.18912276188143587,0.19820923526659648
21869,7774.18837,21870,7774.19037,0.03841546146863364,-0.45228617859521053,-0.4450124051964178,-0.22221864692489354,0.1332765830932684,-0.28636182004630667,0.8705278280585619
21870,7774.19037,21871,7774.192370000001,-1.2064229395092707,-0.33386908533994497,-0.142219654779851,-0.22221864692489354,-0.4168168715325789,0.28425491436494743,0.03841546146863364
21871,7774.192370000001,21872,7774.19437,0.02919653621945577,0.46081688303872814,0.14744686068649904,-0.22221864692489354,0.4432616022980665,0.5491149871301269,-1.2064229395092707
21872,7774.19437,21873,7774.196370000001,0.060994943433227714,-0.33386908533994497,-0.142219654779851,-0.22221864692489354,-0.4168168715325789,0.28425491436494743,0.02919653621945577
21873,7774.196370000001,21874,7774.19837,1.1669991733266372,-0.33386908533994497,-0.142219654779851,-0.22221864692489354,-0.4168168715325789,0.28425491436494743,0.060994943433227714
21874,7774.19837,21875,7774.2003700000005,-0.8341031718115561,-0.004031897363650107,0.15803756558971685,-0.22221864692489354,-0.4025369550643289,-0.4676350392707466,1.1669991733266372
21875,7774.2003700000005,21876,7774.20237,0.7400898052038575,0.2001179742892834,-0.013089570749465922,-0.22221864692489354,0.44463915770567347,0.3577698856724587,-0.8341031718115561
21876,7774.20237,21877,7774.20437,0.8092343092587635,-0.5683491514108684,-0.24241435958050994,-0.22221864692489354,-0.09081668448449774,0.09091639035226247,0.7400898052038575
21877,7774.20437,21878,7774.20637,-0.8705583084292099,-0.29246588020138925,-0.05257000406954908,-0.22221864692489354,-0.018749422511171517,-0.32164822622632444,0.8092343092587635
21878,7774.20637,21879,7774.20837,-0.6361193582032586,-0.22402396436481015,-0.4450124051964178,-0.22221864692489354,-0.20883973594614808,0.4043361726471263,-0.8705583084292099
21879,7774.20837,21880,7774.210370000001,0.8671693026514327,0.28830062542145124,0.024022155522242548,-0.22221864692489354,-0.050945645247574944,0.0533639425637558,-0.6361193582032586
21880,7774.210370000001,21881,7774.21237,-1.5679180705927172,-0.4450124051964178,-0.4450124051964178,-0.22221864692489354,-0.4450124051964178,-0.29064401459706074,0.8671693026514327
21881,7774.21237,21882,7774.214370000001,0.10533503762625934,0.7421712963024673,0.5665331827738171,-0.22221864692489354,0.6314847137262339,0.36277097500886984,-1.5679180705927172
21882,7774.214370000001,21883,7774.21637,0.9994938353461107,-0.45759760137687655,-0.264447904458089,-0.22221864692489354,0.34640583616695225,0.29896486053485194,0.10533503762625934
21883,7774.21637,21884,7774.2183700000005,1.1507793292234247,-0.6058412776143282,-0.3699117898289583,-0.22221864692489354,0.353715154066221,0.07750010654455093,0.9994938353461107
21884,7774.2183700000005,21885,7774.22037,0.32425702647265864,0.05132605090292216,0.2626022147370077,-0.22221864692489354,-0.23961139461290226,-0.4301858315945434,1.1507793292234247
21885,7774.22037,21886,7774.22237,0.5497243140528738,-0.22414032461627648,0.4778661778225965,-0.22221864692489354,0.2975603279862103,-0.2264646908205313,0.32425702647265864
21886,7774.22237,21887,7774.22437,-0.12344888743161933,-0.1562957841783241,-0.19492005369880339,-0.22221864692489354,-0.037013477431905036,-0.3267540379289676,0.5497243140528738
21887,7774.22437,21888,7774.22637,-1.077387722779783,-0.27074231320807796,-0.11764148282154932,-0.22221864692489354,-0.38891396788392346,0.17611489210839118,-0.12344888743161933
21888,7774.22637,21889,7774.228370000001,0.10399106154996786,0.2845561728058882,0.2845561728058882,-0.22221864692489354,0.014238459684943593,-0.15458214789101868,-1.077387722779783
21889,7774.228370000001,21890,7774.23037,-0.5175581414516203,-0.1375361019146593,-0.264447904458089,-0.22221864692489354,0.06890794219053827,0.1897551872537381,0.10399106154996786
21890,7774.23037,21891,7774.232370000001,-0.5550244762472332,0.1887310599314789,0.1887310599314789,-0.22221864692489354,0.14076630391899422,0.47266160416269526,-0.5175581414516203
21891,7774.232370000001,21892,7774.23437,0.7436257664565472,0.33431209940636736,-0.14386003369658196,-0.22221864692489354,0.3045365053903889,0.3611489968540988,-0.5550244762472332
21892,7774.23437,21893,7774.2363700000005,-0.37522788349416286,-0.5447970547107047,0.0810640939092567,-0.22221864692489354,-0.4037773030071416,0.09091639035226247,0.7436257664565472
21893,7774.2363700000005,21894,7774.23837,0.91465153653398,0.12222568506445756,-0.03904571359033493,-0.22221864692489354,-0.19255113045055325,-0.22064361378610747,-0.37522788349416286
21894,7774.23837,21895,7774.24037,0.710073187774791,-0.5942765296670074,-0.057564761357569785,-0.22221864692489354,-0.07240106971443279,-0.2615379975362791,0.91465153653398
21895,7774.24037,21896,7774.24237,0.6951288372547602,-0.3877785297543843,-0.3862955833629926,-0.22221864692489354,-0.2485079460204188,0.221431440446642,0.710073187774791
21896,7774.24237,21897,7774.24437,-0.7178619860286273,-0.3877785297543843,-0.14480518357318112,-0.22221864692489354,-0.335067376615976,0.3015257504279363,0.6951288372547602
21897,7774.24437,21898,7774.24637,-0.49249670529574957,0.08448164062495879,-0.3862955833629926,-0.22221864692489354,0.020783430384980706,0.5416892626511061,-0.7178619860286273
21898,7774.24637,21899,7774.24837,-0.5953808476621626,-0.3793708463931679,0.04278403570094096,-0.22221864692489354,-0.17617592912735797,0.3986600833996137,-0.49249670529574957
21899,7774.24837,21900,7774.250370000001,0.5032923149651456,0.4881277446660977,-0.1367745355898586,-0.22221864692489354,0.4560994046946216,0.40683511250520366,-0.5953808476621626
21900,7774.250370000001,21901,7774.25237,-0.948205476456881,-0.3111977571319168,-0.3793708463931679,-0.22221864692489354,-0.19737301493355086,-0.4046033477577051,0.5032923149651456
21901,7774.25237,21902,7774.254370000001,1.1994603637673134,0.24161431382093385,-0.41729656837337764,-0.22221864692489354,0.43013848647226505,0.10208673684537269,-0.948205476456881
21902,7774.254370000001,21903,7774.25637,-0.5990864473515509,-0.3039189645258097,0.14744686068649904,-0.22221864692489354,-0.29284614965403966,-0.5082527079197163,1.1994603637673134
21903,7774.25637,21904,7774.2583700000005,1.3983775701411758,0.4730698970504555,-0.1367745355898586,-0.22221864692489354,-0.13241612125902333,0.3611489968540988,-0.5990864473515509
21904,7774.2583700000005,21905,7774.26037,0.3128761239159553,-0.6143048440543135,0.5665331827738171,-0.22221864692489354,-0.7551517843025956,0.17284396829030366,1.3983775701411758
21905,7774.26037,21906,7774.26237,0.23513326105286114,-0.22414032461627648,0.3575917210223996,-0.22221864692489354,-0.2639169186285241,-0.2264646908205313,0.3128761239159553
21906,7774.26237,21907,7774.26437,-0.281044991033761,0.057427309036130976,0.11043225500122787,-0.22221864692489354,-0.3996612189173214,0.3033279162038353,0.23513326105286114
21907,7774.26437,21908,7774.26637,-0.9237677139954036,0.21947532111276988,-0.22414032461627648,-0.22221864692489354,-0.4750409660303071,-0.3460196512825826,-0.281044991033761
21908,7774.26637,21909,7774.268370000001,-1.4739318690125534,0.24161431382093385,0.24161431382093385,-0.22221864692489354,-0.07621935139812973,0.00775872212043541,-0.9237677139954036
21909,7774.268370000001,21910,7774.27037,0.42814796448802284,0.7421712963024673,0.5665331827738171,-0.22221864692489354,0.6314847137262339,0.36277097500886984,-1.4739318690125534
21910,7774.27037,21911,7774.272370000001,1.0364206222686367,-0.2707978394581285,-0.5832876300759183,-0.22221864692489354,0.4587255292170096,-0.40416611494856935,0.42814796448802284
21911,7774.272370000001,21912,7774.27437,-1.1844086927136577,-0.4045790620607671,0.19701442061940258,-0.22221864692489354,-0.8180105408541323,0.23040375633204757,1.0364206222686367
21912,7774.27437,21913,7774.2763700000005,-0.6679740157621621,0.6013431309857261,0.14744686068649904,-0.22221864692489354,0.6183138106309897,0.5491149871301269,-1.1844086927136577
21913,7774.2763700000005,21914,7774.27837,1.3087704682548467,0.003959394191598462,-0.3877785297543843,-0.22221864692489354,0.013412829197409055,0.03314785552517815,-0.6679740157621621
21914,7774.27837,21915,7774.28037,0.20552612344672935,-0.45706772680652374,-0.5411385785180731,-0.22221864692489354,-0.3236515481921515,-0.4624455665739974,1.3087704682548467
21915,7774.28037,21916,7774.28237,0.42831399273692167,-0.3284851404962956,-0.2839535651400084,-0.22221864692489354,0.17910133345645843,0.23826432285676985,0.20552612344672935
21916,7774.28237,21917,7774.28437,0.49693523899177966,-0.2707978394581285,-0.5832876300759183,-0.22221864692489354,0.4587255292170096,-0.40416611494856935,0.42831399273692167
21917,7774.28437,21918,7774.286370000001,-0.8673986516834366,-0.4935637514578185,-0.22303435517964126,-0.22221864692489354,-0.6382940879409633,-0.4437754889272999,0.49693523899177966
21918,7774.286370000001,21919,7774.28837,0.9844985819366036,-0.2682404354957498,-0.4450124051964178,-0.22221864692489354,-0.09625274149200629,0.3577698856724587,-0.8673986516834366
21919,7774.28837,21920,7774.290370000001,-0.2963973956432823,-0.6452865205733541,-0.3699117898289583,-0.22221864692489354,-0.11621675052731391,0.08608586542674336,0.9844985819366036
21920,7774.290370000001,21921,7774.29237,-0.5741258899562139,0.26136985966282844,0.425368832305809,-0.22221864692489354,-0.2898816534187727,-0.469457529295874,-0.2963973956432823
21921,7774.29237,21922,7774.2943700000005,-0.9935415567864384,0.4560994046946216,0.3041338046050559,-0.22221864692489354,0.07894740657336129,0.36385926586707645,-0.5741258899562139
21922,7774.2943700000005,21923,7774.29637,1.3639352385633765,-0.4976878343744867,-0.32515141032815087,-0.22221864692489354,0.07975429203940905,0.33253886435322505,-0.9935415567864384
21923,7774.29637,21924,7774.29837,-0.6036942448623928,-0.6143048440543135,0.5665331827738171,-0.22221864692489354,-0.7551517843025956,0.17284396829030366,1.3639352385633765
21924,7774.29837,21925,7774.30037,0.08601907408287106,0.4560994046946216,-0.2585071819480077,-0.22221864692489354,-0.37852368433523076,0.23579476037952593,-0.6036942448623928
21925,7774.30037,21926,7774.30237,0.914199374535595,-0.33386908533994497,-0.142219654779851,-0.22221864692489354,-0.4168168715325789,0.28425491436494743,0.08601907408287106
21926,7774.30237,21927,7774.30437,-0.6268090429033414,-0.5942765296670074,-0.057564761357569785,-0.22221864692489354,-0.07820718918483069,-0.2615379975362791,0.914199374535595
21927,7774.30437,21928,7774.30637,-0.9765663124263025,0.19940262403523046,0.28830062542145124,-0.22221864692489354,0.2144947934294938,0.1629355851779203,-0.6268090429033414
21928,7774.30637,21929,7774.308370000001,0.3311546003385259,-0.4457817884455007,-0.6058412776143282,-0.22221864692489354,0.11329618770369733,0.2960726148674459,-0.9765663124263025
21929,7774.308370000001,21930,7774.31037,0.8680863833423752,0.425368832305809,0.12222568506445756,-0.22221864692489354,0.21792522794305624,-0.40579262498731017,0.3311546003385259
21930,7774.31037,21931,7774.312370000001,-0.35942275759521486,-0.4450124051964178,-0.4450124051964178,-0.22221864692489354,0.1332765830932684,-0.29064401459706074,0.8680863833423752
21931,7774.312370000001,21932,7774.31437,-1.2627634915912715,0.18707215955255196,-0.2277407930818674,-0.22221864692489354,-0.04973429998722993,-0.4840761201548569,-0.35942275759521486
21932,7774.31437,21933,7774.3163700000005,1.296831474728028,0.07790421498581429,-0.15227188492972385,-0.22221864692489354,0.5432972181440711,0.29479954022064125,-1.2627634915912715
21933,7774.3163700000005,21934,7774.31837,1.313302864935907,-0.45706772680652374,-0.2989108765141074,-0.22221864692489354,-0.5854586108115256,-0.4224388286612822,1.296831474728028
21934,7774.31837,21935,7774.32037,-0.9783466470515694,-0.45706772680652374,-0.5924467029899322,-0.22221864692489354,-0.3712685739566968,-0.45214724146403484,1.313302864935907
21935,7774.32037,21936,7774.32237,-0.32657026024693764,-0.4457817884455007,-0.6058412776143282,-0.22221864692489354,0.11329618770369733,0.2960726148674459,-0.9783466470515694
21936,7774.32237,21937,7774.32437,0.5959425778057327,0.12222568506445756,0.24458269138584657,-0.22221864692489354,0.23562223751982134,-0.469457529295874,-0.32657026024693764
21937,7774.32437,21938,7774.326370000001,-0.834182197581912,-0.11540633830732888,-0.1367745355898586,-0.22221864692489354,-0.18722308244633276,-0.15086438113950212,0.5959425778057327
21938,7774.326370000001,21939,7774.32837,-0.798400320116494,0.2001179742892834,-0.013089570749465922,-0.22221864692489354,0.44463915770567347,0.3577698856724587,-0.834182197581912
21939,7774.32837,21940,7774.330370000001,0.06465225443312457,0.20127932814136076,-0.20543721480030894,-0.22221864692489354,0.533930612203554,0.371268573956694,-0.798400320116494
21940,7774.330370000001,21941,7774.33237,-0.35977840347728074,-0.33386908533994497,-0.142219654779851,-0.22221864692489354,-0.4168168715325789,0.28425491436494743,0.06465225443312457
21941,7774.33237,21942,7774.3343700000005,-0.3812370524413428,0.12222568506445756,-0.261061533451254,-0.22221864692489354,-0.19973055642447976,-0.4840761201548569,-0.35977840347728074
21942,7774.3343700000005,21943,7774.33637,1.2910733493145035,0.025655330634945066,0.06867010178033228,-0.22221864692489354,0.07026594613374956,-0.22064361378610747,-0.3812370524413428
21943,7774.33637,21944,7774.33837,0.1740068302855941,-0.5924467029899322,-0.45706772680652374,-0.22221864692489354,-0.10811558865798952,-0.002907507045512477,1.2910733493145035
21944,7774.33837,21945,7774.34037,-0.108376889939851,-0.3284851404962956,-0.2137014807198618,-0.22221864692489354,0.08882047661530629,0.18912276188143587,0.1740068302855941
21945,7774.34037,21946,7774.34237,0.4159048130976188,-0.26469932568774684,-0.11764148282154932,-0.22221864692489354,0.18939385030310388,0.17281334839043086,-0.108376889939851
21946,7774.34237,21947,7774.344370000001,0.5378068336991083,-0.2256517770607452,-0.586228480579486,-0.22221864692489354,0.4518229797356602,-0.3234408610880635,0.4159048130976188
21947,7774.344370000001,21948,7774.34637,-1.0597472295812003,-0.4341784187284774,-0.19492005369880339,-0.22221864692489354,0.39736444560576395,-0.3267540379289676,0.5378068336991083
21948,7774.34637,21949,7774.348370000001,-0.3215162879204781,0.25400013206500477,0.30970350704733635,-0.22221864692489354,-0.27683179172422956,0.458518454151563,-1.0597472295812003
21949,7774.348370000001,21950,7774.35037,0.5088655603290205,0.18707215955255196,0.4778661778225965,-0.22221864692489354,-0.28178665761996413,-0.4840761201548569,-0.3215162879204781
21950,7774.35037,21951,7774.3523700000005,-0.45207776565896685,-0.37882276466544773,-0.4935637514578185,-0.22221864692489354,-0.36522428124586315,-0.09826717342661563,0.5088655603290205
21951,7774.3523700000005,21952,7774.35437,-0.5806639975876928,-0.33912048824683566,-0.3055559555122169,-0.22221864692489354,0.6257389102020627,0.4755840261875662,-0.45207776565896685
21952,7774.35437,21953,7774.35637,1.1810850224668525,0.44799338041210496,0.5122513585153673,-0.22221864692489354,0.1298622491606428,0.40683511250520366,-0.5806639975876928
21953,7774.35637,21954,7774.35837,0.6771509485126532,-0.3039189645258097,0.05132605090292216,-0.22221864692489354,-0.1569181972939897,-0.5082527079197163,1.1810850224668525
21954,7774.35837,21955,7774.36037,-1.0842050889390646,-0.540651181947749,0.0878208763721414,-0.22221864692489354,-0.11036707020229802,0.33018709029376864,0.6771509485126532
21955,7774.36037,21956,7774.36237,-0.013879573663273534,0.30970350704733635,0.1272056950353772,-0.22221864692489354,0.47919691003435694,-0.00450303989296314,-1.0842050889390646
21956,7774.36237,21957,7774.36437,1.2064773995111313,-0.26469932568774684,-0.142219654779851,-0.22221864692489354,-0.20898740935191218,0.2538024840754271,-0.013879573663273534
21957,7774.36437,21958,7774.366370000001,0.385157166629053,-0.3039189645258097,0.14744686068649904,-0.22221864692489354,-0.19237098272893288,-0.4676350392707466,1.2064773995111313
21958,7774.366370000001,21959,7774.36837,-1.1431964421531133,-0.5446492834181763,0.22099383559682884,-0.22221864692489354,-0.09307424661326547,-0.21602088399978886,0.385157166629053
21959,7774.36837,21960,7774.370370000001,-0.6448473420211092,0.30295161257612363,0.3627709750088727,-0.22221864692489354,-0.016675474832223723,0.46674536964446656,-1.1431964421531133
21960,7774.370370000001,21961,7774.37237,0.5673796693889589,0.29766843901634654,-0.4089410134347594,-0.22221864692489354,-0.024412940116088494,0.15775784096124995,-0.6448473420211092
21961,7774.37237,21962,7774.37437,-0.5267992738250753,-0.04128339852111738,0.4142706294650885,-0.22221864692489354,-0.04128339852111738,-0.24794002233409962,0.5673796693889589
21962,7774.37437,21963,7774.37637,-0.1830795345457055,0.0023266815309476974,-0.19492005369880339,-0.22221864692489354,0.40161177300530154,0.47266160416269526,-0.5267992738250753
21963,7774.37637,21964,7774.37837,1.2362646899374503,0.18595462164382995,-0.25979920808060847,-0.22221864692489354,0.3485400342745617,0.14244063181491506,-0.1830795345457055
21964,7774.37837,21965,7774.38037,0.643031297248767,-0.3039189645258097,-0.19677528628455082,-0.22221864692489354,0.032372934739661,-0.4676350392707466,1.2362646899374503
21965,7774.38037,21966,7774.38237,-0.5622277384380535,-0.49283027954691044,-0.16977732784229826,-0.22221864692489354,0.06748005046768357,0.2386084286153376,0.643031297248767
21966,7774.38237,21967,7774.384370000001,1.063737592560654,0.33431209940636736,0.20026694120400818,-0.22221864692489354,-0.012083209021288715,0.3611489968540988,-0.5622277384380535
21967,7774.384370000001,21968,7774.38637,-1.1771672239569198,-0.11095358048304305,0.2555799112245216,-0.22221864692489354,-0.12444565605484263,-0.303838387594942,1.063737592560654
21968,7774.38637,21969,7774.388370000001,-1.0812220358795182,0.6013431309857261,0.05132605090292216,-0.22221864692489354,0.3591940612902024,0.5204389578696991,-1.1771672239569198
21969,7774.388370000001,21970,7774.39037,0.2576073955865434,0.2845561728058882,0.1272056950353772,-0.22221864692489354,0.733924042123599,0.05225916081838758,-1.0812220358795182
21970,7774.39037,21971,7774.3923700000005,0.8125182782056676,-0.3924846526927655,0.03328868571940855,-0.22221864692489354,0.08123189322167389,0.21947532111276988,0.2576073955865434
21971,7774.3923700000005,21972,7774.39437,-0.11550362245822404,-0.29246588020138925,0.0807619841739891,-0.22221864692489354,0.2501247612473234,-0.2963973956432763,0.8125182782056676
21972,7774.39437,21973,7774.39637,0.0505304921539297,-0.19426091714379276,-0.11764148282154932,-0.22221864692489354,-0.013735983183093927,0.2439554997582549,-0.11550362245822404
21973,7774.39637,21974,7774.39837,0.9013221161802432,-0.33386908533994497,-0.142219654779851,-0.22221864692489354,-0.4168168715325789,0.28425491436494743,0.0505304921539297
21974,7774.39837,21975,7774.40037,-0.27672140426415726,-0.4450124051964178,-0.21528747729291253,-0.22221864692489354,-0.3183445349839676,-0.36646129590696697,0.9013221161802432
21975,7774.40037,21976,7774.402370000001,-0.44265394107384426,0.03328868571940855,-0.22414032461627648,-0.22221864692489354,0.04382965985950285,-0.08755414746714527,-0.27672140426415726
21976,7774.402370000001,21977,7774.40437,1.0467728943306926,-0.5242815461956132,-0.2707978394581285,-0.22221864692489354,-0.10644818598635492,0.20996150728149343,-0.44265394107384426
21977,7774.40437,21978,7774.406370000001,-0.4391644353140006,-0.32979458966726777,0.19701442061940258,-0.22221864692489354,-0.44209269509308474,-0.06393551862196219,1.0467728943306926
21978,7774.406370000001,21979,7774.40837,-1.537784544088378,-0.3360041692109607,-0.3055559555122169,-0.22221864692489354,-0.06625451839940025,0.16676286846948227,-0.4391644353140006
21979,7774.40837,21980,7774.4103700000005,0.9313541409432328,0.7421712963024673,0.5665331827738171,-0.22221864692489354,0.6314847137262339,0.36277097500886984,-1.537784544088378
21980,7774.4103700000005,21981,7774.41237,-1.1091720488831114,-0.6326840561661579,0.24161431382093385,-0.22221864692489354,0.04110875958666746,0.02010588734399296,0.9313541409432328
21981,7774.41237,21982,7774.41437,-0.21411290661022656,0.3815104700387081,-0.2389524160058622,-0.22221864692489354,0.1023824733134749,0.458518454151563,-1.1091720488831114
21982,7774.41437,21983,7774.41637,1.5354357651559851,-0.05790830952639997,0.057427309036130976,-0.22221864692489354,0.41712870065275015,0.21284870252282181,-0.21411290661022656
21983,7774.41637,21984,7774.41837,0.29688436911284827,-0.6143048440543135,0.5665331827738171,-0.22221864692489354,-0.7551517843025956,0.17284396829030366,1.5354357651559851
21984,7774.41837,21985,7774.42037,-0.5221246064870179,0.011543669774703644,0.425368832305809,-0.22221864692489354,0.0533639425637558,0.013771882736142901,0.29688436911284827
21985,7774.42037,21986,7774.42237,-0.573387670671577,0.1887310599314789,0.040025316929352794,-0.22221864692489354,0.23383775627262468,0.47266160416269526,-0.5221246064870179
21986,7774.42237,21987,7774.424370000001,1.2149046441702704,0.4560994046946216,0.3041338046050559,-0.22221864692489354,0.27406844299995153,0.36385926586707645,-0.573387670671577
21987,7774.424370000001,21988,7774.42637,-0.846668519016355,-0.3039189645258097,0.020854724007790478,-0.22221864692489354,-0.027285842835114323,-0.41280239481335645,1.2149046441702704
21988,7774.42637,21989,7774.4283700000005,0.8047683123756028,0.0807619841739891,-0.22221864692489354,-0.22221864692489354,-0.11323118932863377,0.4043361726471263,-0.846668519016355
21989,7774.4283700000005,21990,7774.43037,-0.8951107779730727,-0.2773835463177908,-0.05257000406954908,-0.22221864692489354,-0.17824897419633381,-0.4091344370330442,0.8047683123756028
21990,7774.43037,21991,7774.43237,-0.8766963729458316,-0.19647628792681227,-0.19647628792681227,-0.22221864692489354,0.43526240413012607,0.28595173187160355,-0.8951107779730727
21991,7774.43237,21992,7774.43437,0.4841209792971713,-0.22402396436481015,-0.4450124051964178,-0.22221864692489354,0.39778021043560335,0.4043361726471263,-0.8766963729458316
21992,7774.43437,21993,7774.43637,0.9382000076527074,-0.3111977571319168,-0.22303435517964126,-0.22221864692489354,0.255918110878271,-0.09826717342661563,0.4841209792971713
21993,7774.43637,21994,7774.43837,-0.8932353588031626,-0.6326840561661579,-0.022955602520112153,-0.22221864692489354,-0.16064456250399978,0.03641703850535831,0.9382000076527074
21994,7774.43837,21995,7774.44037,1.6849487737298874,-0.19647628792681227,-0.19647628792681227,-0.22221864692489354,0.1531466662901783,0.28595173187160355,-0.8932353588031626
21995,7774.44037,21996,7774.442370000001,-0.6395044976106238,-0.6143048440543135,0.5665331827738171,-0.22221864692489354,-0.7551517843025956,0.17284396829030366,1.6849487737298874
21996,7774.442370000001,21997,7774.44437,0.08558482157491822,0.28830062542145124,-0.16977732784229826,-0.22221864692489354,0.28830062542145124,0.0409690264766767,-0.6395044976106238
21997,7774.44437,21998,7774.446370000001,-0.23406819093101305,-0.33386908533994497,-0.142219654779851,-0.22221864692489354,-0.4168168715325789,0.28425491436494743,0.08558482157491822
21998,7774.446370000001,21999,7774.44837,-0.9852054686738522,0.011795490982976716,0.11043225500122787,-0.22221864692489354,0.5722177077921925,-0.018749422511174247,-0.23406819093101305
21999,7774.44837,22000,7774.4503700000005,-0.3602862497123565,-0.4976878343744867,-0.3699117898289583,-0.22221864692489354,0.10290801118071793,0.2960726148674459,-0.9852054686738522
22000,7774.4503700000005,22001,7774.45237,0.4468532753524077,0.12222568506445756,-0.261061533451254,-0.22221864692489354,-0.21552222596619036,-0.4840761201548569,-0.3602862497123565
22001,7774.45237,22002,7774.45437,-1.130362503511716,-0.2256517770607452,-0.3055559555122169,-0.22221864692489354,-0.3716451319699072,-0.42434549781223985,0.4468532753524077
22002,7774.45437,22003,7774.45637,1.0311780614764439,0.30295161257612363,0.4308484280502308,-0.22221864692489354,0.3197201965765773,0.46925266490400214,-1.130362503511716
22003,7774.45637,22004,7774.45837,1.0443421687780228,-0.3699117898289583,-0.2746493799846285,-0.22221864692489354,-0.2714639140831054,0.4754709129724304,1.0311780614764439
22004,7774.45837,22005,7774.460370000001,-0.17794438402004836,-0.32979458966726777,0.13972237993573028,-0.22221864692489354,-0.44871400064157385,-0.06393551862196219,1.0443421687780228
22005,7774.460370000001,22006,7774.46237,0.36081921083149643,0.2694643577625831,-0.25979920808060847,-0.22221864692489354,0.23225207892836744,0.16897845850712317,-0.17794438402004836
22006,7774.46237,22007,7774.464370000001,-0.41736850305672096,0.24347058211343803,-0.261061533451254,-0.22221864692489354,0.043794823329915335,-0.4836049776255281,0.36081921083149643
22007,7774.464370000001,22008,7774.46637,-0.0077226060433587375,-0.2852952407927156,-0.586228480579486,-0.22221864692489354,0.2530115012380589,0.042191029666294615,-0.41736850305672096
22008,7774.46637,22009,7774.4683700000005,0.569564831774882,-0.26469932568774684,-0.142219654779851,-0.22221864692489354,-0.20898740935191218,0.2538024840754271,-0.0077226060433587375
22009,7774.4683700000005,22010,7774.47037,0.4294043502925622,-0.04128339852111738,0.20026694120400818,-0.22221864692489354,0.1555795298462864,-0.24794002233409962,0.569564831774882
22010,7774.47037,22011,7774.47237,-1.3633302356362547,-0.2707978394581285,-0.5832876300759183,-0.22221864692489354,-0.06553893047933934,-0.34776916289481696,0.4294043502925622
22011,7774.47237,22012,7774.47437,-0.8230733560774486,0.7421712963024673,0.5665331827738171,-0.22221864692489354,0.6314847137262339,0.36277097500886984,-1.3633302356362547
22012,7774.47437,22013,7774.47637,0.9917205909018327,0.0579770049994011,-0.013089570749465922,-0.22221864692489354,-0.22576794806459666,0.3577698856724587,-0.8230733560774486
22013,7774.47637,22014,7774.478370000001,0.9616102588262926,-0.6326840561661579,-0.32515141032815087,-0.22221864692489354,-0.32515141032815087,0.08608586542674336,0.9917205909018327
22014,7774.478370000001,22015,7774.48037,0.30149882781699106,-0.6326840561661579,-0.6326840561661579,-0.22221864692489354,-0.24560815720806747,-0.2615379975362791,0.9616102588262926
22015,7774.48037,22016,7774.482370000001,0.42743610246426883,-0.22414032461627648,0.425368832305809,-0.22221864692489354,0.11462772420103397,-0.021068574384631857,0.30149882781699106
22016,7774.482370000001,22017,7774.48437,0.5969048102590879,-0.2707978394581285,-0.5832876300759183,-0.22221864692489354,-0.12614751084466375,-0.40416611494856935,0.42743610246426883
22017,7774.48437,22018,7774.4863700000005,-0.11180015516241254,-0.04128339852111738,-0.1367745355898586,-0.22221864692489354,-0.10363017507765014,-0.15086438113950212,0.5969048102590879
22018,7774.4863700000005,22019,7774.48837,-0.3611236325594087,-0.264447904458089,-0.19426091714379276,-0.22221864692489354,0.2468316425863906,0.17611489210839118,-0.11180015516241254
22019,7774.48837,22020,7774.49037,0.758362224396772,0.12222568506445756,-0.261061533451254,-0.22221864692489354,0.08675353362046319,-0.4840761201548569,-0.3611236325594087
22020,7774.49037,22021,7774.49237,-0.8953635416478205,-0.47917436999762225,-0.349079290883896,-0.22221864692489354,-0.349079290883896,-0.19497995366587803,0.758362224396772
22021,7774.49237,22022,7774.49437,-0.8170302667810233,-0.19647628792681227,-0.19647628792681227,-0.22221864692489354,0.2629100663549591,0.28595173187160355,-0.8953635416478205
22022,7774.49437,22023,7774.49637,1.0820488136529816,0.19800024573023775,-0.20543721480030894,-0.22221864692489354,0.04543082975151717,0.3577698856724587,-0.8170302667810233
22023,7774.49637,22024,7774.49837,0.8982583293438143,-0.3560632919496327,0.1272056950353772,-0.22221864692489354,-0.11696175015688424,-0.303838387594942,1.0820488136529816
22024,7774.49837,22025,7774.500370000001,0.1944407247501441,-0.45228617859521053,-0.19647628792681227,-0.22221864692489354,0.015529383950711314,-0.29064401459706074,0.8982583293438143
22025,7774.500370000001,22026,7774.50237,-0.6377748921059401,-0.3284851404962956,-0.25979920808060847,-0.22221864692489354,0.040374942833197425,0.23826432285676985,0.1944407247501441
22026,7774.50237,22027,7774.504370000001,0.35593581734876495,0.28830062542145124,-0.16977732784229826,-0.22221864692489354,0.18670985164725856,0.0533639425637558,-0.6377748921059401
22027,7774.504370000001,22028,7774.50637,-0.6533104451288222,0.07077472253750312,-0.2277407930818674,-0.22221864692489354,0.41031834091270086,-0.44155453861695204,0.35593581734876495
22028,7774.50637,22029,7774.5083700000005,-0.02064082788918336,0.29766843901634654,-0.43566271025191466,-0.22221864692489354,-0.18050006266556343,0.0409690264766767,-0.6533104451288222
22029,7774.5083700000005,22030,7774.51037,1.055626900192781,-0.26469932568774684,-0.142219654779851,-0.22221864692489354,-0.20898740935191218,0.2538024840754271,-0.02064082788918336
22030,7774.51037,22031,7774.51237,-0.9937032600612896,0.19207066438924272,0.2845561728058882,-0.22221864692489354,-0.1513024835372945,-0.303838387594942,1.055626900192781
22031,7774.51237,22032,7774.51437,-1.2981540486692198,-0.4976878343744867,-0.32515141032815087,-0.22221864692489354,0.07975429203940905,0.33253886435322505,-0.9937032600612896
22032,7774.51437,22033,7774.51637,0.9035806364078047,0.22067280362221273,-0.2989108765141074,-0.22221864692489354,0.4910722036303654,0.2897999373819561,-1.2981540486692198
22033,7774.51637,22034,7774.518370000001,-0.12896685080846254,-0.4450124051964178,-0.21528747729291253,-0.22221864692489354,0.04219102966629558,-0.36646129590696697,0.9035806364078047
22034,7774.518370000001,22035,7774.52037,0.8800080097873143,-0.03932569819300731,0.2468316425863906,-0.22221864692489354,-0.27074231320807796,0.11062778390754271,-0.12896685080846254
22035,7774.52037,22036,7774.522370000001,0.9190167671834041,-0.4450124051964178,-0.4450124051964178,-0.22221864692489354,-0.040514758975198906,-0.28636182004630667,0.8800080097873143
22036,7774.522370000001,22037,7774.52437,1.0881850470227952,-0.5942765296670074,-0.057564761357569785,-0.22221864692489354,-0.1406398257046996,-0.2615379975362791,0.9190167671834041
22037,7774.52437,22038,7774.5263700000005,-1.5344711688980115,-0.5707173324169582,0.1272056950353772,-0.22221864692489354,-0.5195517711669103,-0.4301858315945434,1.0881850470227952
22038,7774.5263700000005,22039,7774.52837,0.8960471702560607,0.7421712963024673,0.5665331827738171,-0.22221864692489354,0.6314847137262339,0.36277097500886984,-1.5344711688980115
22039,7774.52837,22040,7774.53037,-0.747356147446881,-0.45228617859521053,-0.13101229880341542,-0.22221864692489354,0.015529383950711314,-0.29064401459706074,0.8960471702560607
22040,7774.53037,22041,7774.53237,-0.19137958974069996,0.3497978476422957,0.0810640939092567,-0.22221864692489354,-0.1618216892120043,0.5208065850566268,-0.747356147446881
22041,7774.53237,22042,7774.53437,-0.6092313465807322,0.011795490982976716,-0.2839535651400084,-0.22221864692489354,-0.22207291469304025,0.30327416721161743,-0.19137958974069996
22042,7774.53437,22043,7774.536370000001,0.5607330629402423,0.44799338041210496,-0.11540633830732888,-0.22221864692489354,0.2196214323621391,0.40683511250520366,-0.6092313465807322
22043,7774.536370000001,22044,7774.53837,1.7056575966212664,-0.1367745355898586,-0.04128339852111738,-0.22221864692489354,0.18289767227555792,-0.3267540379289676,0.5607330629402423
22044,7774.53837,22045,7774.540370000001,-1.1590706135842392,-0.6143048440543135,0.5665331827738171,-0.22221864692489354,-0.7551517843025956,0.17284396829030366,1.7056575966212664
22045,7774.540370000001,22046,7774.54237,1.152574145448994,0.46081688303872814,0.15803756558971685,-0.22221864692489354,0.3774262905351115,0.5491149871301269,-1.1590706135842392
22046,7774.54237,22047,7774.5443700000005,0.524863123147095,0.05132605090292216,0.1794359902082422,-0.22221864692489354,-0.24950103702660464,-0.4301858315945434,1.152574145448994
22047,7774.5443700000005,22048,7774.54637,-1.5563711005055942,-0.4341784187284774,-0.19492005369880339,-0.22221864692489354,0.11456281231889064,-0.18855022265439364,0.524863123147095
22048,7774.54637,22049,7774.54837,0.6235756937677576,0.7421712963024673,0.5665331827738171,-0.22221864692489354,0.6314847137262339,0.36277097500886984,-1.5563711005055942
22049,7774.54837,22050,7774.55037,0.4377323252897923,-0.4773469377075341,0.4392348140690237,-0.22221864692489354,0.1866494542322495,0.23783402407935733,0.6235756937677576
22050,7774.55037,22051,7774.55237,-0.15585986438065697,-0.2707978394581285,-0.2852952407927156,-0.22221864692489354,-0.2691029002507578,-0.21602088399978886,0.4377323252897923
22051,7774.55237,22052,7774.55437,-1.0631846759113122,0.18595462164382995,-0.1253451100184705,-0.22221864692489354,-0.04723776609693227,0.04382965985950285,-0.15585986438065697
22052,7774.55437,22053,7774.55637,0.4691616005897698,0.25400013206500477,0.2555799112245216,-0.22221864692489354,0.5865524590377528,0.33253886435322505,-1.0631846759113122
22053,7774.55637,22054,7774.558370000001,1.504695949745945,-0.10399106154996786,-0.1580064889391583,-0.22221864692489354,-0.2491890289685917,-0.4437754889272999,0.4691616005897698
22054,7774.558370000001,22055,7774.56037,0.14016538987906135,-0.6143048440543135,0.5665331827738171,-0.22221864692489354,-0.7551517843025956,0.17284396829030366,1.504695949745945
22055,7774.56037,22056,7774.562370000001,0.47179910467665376,-0.0468558017538685,-0.11764148282154932,-0.22221864692489354,0.014812409551832726,0.07911556141073157,0.14016538987906135
22056,7774.562370000001,22057,7774.56437,-1.119371953382602,-0.2707978394581285,-0.1580064889391583,-0.22221864692489354,-0.26167809083864524,-0.5134500205163743,0.47179910467665376
22057,7774.56437,22058,7774.5663700000005,0.5268852380210527,0.45939247955393303,0.1794359902082422,-0.22221864692489354,0.3275675047856946,0.4368861822411516,-1.119371953382602
22058,7774.5663700000005,22059,7774.56837,0.21716392549352417,-0.37882276466544773,-0.19492005369880339,-0.22221864692489354,0.2732102520690237,-0.3267540379289676,0.5268852380210527
22059,7774.56837,22060,7774.57037,-0.697342190843387,-0.3284851404962956,-0.05790830952639997,-0.22221864692489354,-0.3047243769404811,0.18912276188143587,0.21716392549352417
22060,7774.57037,22061,7774.57237,0.24052751262715516,-0.11114900749167592,-0.11433558754392475,-0.22221864692489354,0.18271577692551358,0.22553559255963004,-0.697342190843387
22061,7774.57237,22062,7774.57437,-1.3249221897121954,0.057427309036130976,0.03328868571940855,-0.22221864692489354,-0.2027365558010528,0.3033279162038353,0.24052751262715516
22062,7774.57437,22063,7774.576370000001,1.1130660181587084,0.6507125731630647,0.07790421498581429,-0.22221864692489354,0.6355026452635798,0.2897999373819561,-1.3249221897121954
22063,7774.576370000001,22064,7774.57837,0.7090348590325819,-0.6138912424649068,-0.3560632919496327,-0.22221864692489354,-0.03834540892919793,-0.303838387594942,1.1130660181587084
22064,7774.57837,22065,7774.580370000001,0.8094773364060899,-0.3877785297543843,-0.22486726958948416,-0.22221864692489354,-0.3885932138624955,0.2513427364435679,0.7090348590325819
22065,7774.580370000001,22066,7774.58237,-0.5410114544872308,-0.29246588020138925,-0.05257000406954908,-0.22221864692489354,-0.018749422511171517,-0.32164822622632444,0.8094773364060899
22066,7774.58237,22067,7774.5843700000005,1.326382065156986,0.3045365053903889,-0.14386003369658196,-0.22221864692489354,0.3183180613979901,0.47266160416269526,-0.5410114544872308
22067,7774.5843700000005,22068,7774.58637,-1.2573643508011758,-0.2989108765141074,0.07790421498581429,-0.22221864692489354,-0.41808756543040676,-0.4224388286612822,1.326382065156986
22068,7774.58637,22069,7774.58837,-0.13407264739361086,0.22067280362221273,-0.3658808469260143,-0.22221864692489354,0.08260678654870261,0.29479954022064125,-1.2573643508011758
22069,7774.58837,22070,7774.59037,-0.35759172102239395,-0.1253451100184705,0.18806782997741056,-0.22221864692489354,0.06198749934596607,0.04382965985950285,-0.13407264739361086
22070,7774.59037,22071,7774.59237,-0.595842291991072,0.18707215955255196,-0.1590935974930537,-0.22221864692489354,-0.04973429998722993,-0.6070320847252332,-0.35759172102239395
22071,7774.59237,22072,7774.594370000001,0.9858711165163927,0.4881277446660977,-0.1367745355898586,-0.22221864692489354,0.5418163005509183,0.40683511250520366,-0.595842291991072
22072,7774.594370000001,22073,7774.59637,-0.09843211099811082,-0.6452865205733541,-0.3699117898289583,-0.22221864692489354,0.15965222204981872,0.08608586542674336,0.9858711165163927
22073,7774.59637,22074,7774.598370000001,0.8741181138131509,-0.26469932568774684,-0.26469932568774684,-0.22221864692489354,-0.41628893909566694,0.2538024840754271,-0.09843211099811082
22074,7774.598370000001,22075,7774.60037,-0.2020825529833608,-0.45228617859521053,-0.21528747729291253,-0.22221864692489354,-0.2498412984640898,-0.29064401459706074,0.8741181138131509
22075,7774.60037,22076,7774.6023700000005,1.1171473642221865,0.011795490982976716,-0.2839535651400084,-0.22221864692489354,0.4033397087958505,0.30327416721161743,-0.2020825529833608
22076,7774.6023700000005,22077,7774.60437,0.9703238545792678,-0.5707173324169582,-0.2389524160058622,-0.22221864692489354,-0.5244754427631747,-0.303838387594942,1.1171473642221865
22077,7774.60437,22078,7774.60637,-1.5440677443911905,-0.6326840561661579,-0.6058412776143282,-0.22221864692489354,-0.11007368601360279,0.07750010654455093,0.9703238545792678
22078,7774.60637,22079,7774.60837,-0.853140630724071,0.7421712963024673,0.5665331827738171,-0.22221864692489354,0.6314847137262339,0.36277097500886984,-1.5440677443911905
22079,7774.60837,22080,7774.61037,0.5198764429806684,0.0579770049994011,-0.3836207254178327,-0.22221864692489354,0.5659960148752675,0.3577698856724587,-0.853140630724071
22080,7774.61037,22081,7774.61237,-0.23334790624337762,-0.37882276466544773,0.040025316929352794,-0.22221864692489354,-0.39883107994345685,-0.4046033477577051,0.5198764429806684
22081,7774.61237,22082,7774.61437,0.3925829738589338,0.011795490982976716,0.1188056649534898,-0.22221864692489354,0.35125903043473045,-0.018749422511174247,-0.23334790624337762
22082,7774.61437,22083,7774.616370000001,0.4536744892444124,-0.4612300397916861,0.06867010178033228,-0.22221864692489354,0.04337669028782873,-0.21602088399978886,0.3925829738589338
22083,7774.616370000001,22084,7774.61837,-0.2309528337513022,0.2012793281413575,-0.2852952407927156,-0.22221864692489354,0.15205306996815474,-0.4093036519968823,0.4536744892444124
22084,7774.61837,22085,7774.620370000001,-0.46603763129545817,0.011795490982976716,0.11043225500122787,-0.22221864692489354,0.20582242852460797,-0.018749422511174247,-0.2309528337513022
22085,7774.620370000001,22086,7774.62237,1.3021212058538414,-0.3360041692109607,-0.2852952407927156,-0.22221864692489354,0.08364508650968154,0.4755840261875662,-0.46603763129545817
22086,7774.62237,22087,7774.62437,1.125839101368316,-0.45706772680652374,-0.45706772680652374,-0.22221864692489354,-0.45706772680652374,-0.5395483654124957,1.3021212058538414
22087,7774.62437,22088,7774.62637,-1.161431862834827,-0.48783729055021424,0.20472566091455688,-0.22221864692489354,-0.40336402460964255,-0.34013120451600104,1.125839101368316
22088,7774.62637,22089,7774.62837,-1.2725273632074388,0.46081688303872814,0.15803756558971685,-0.22221864692489354,0.27254534000684627,0.5491149871301269,-1.161431862834827
22089,7774.62837,22090,7774.63037,0.5949994938515342,0.07635424500100718,-0.3658808469260143,-0.22221864692489354,0.59678458182492,0.29479954022064125,-1.2725273632074388
22090,7774.63037,22091,7774.63237,1.395595827013326,-0.11540633830732888,-0.1367745355898586,-0.22221864692489354,-0.12476698249313538,-0.15086438113950212,0.5949994938515342
22091,7774.63237,22092,7774.634370000001,-0.16219312574704073,-0.6143048440543135,0.5665331827738171,-0.22221864692489354,-0.7551517843025956,0.17284396829030366,1.395595827013326
22092,7774.634370000001,22093,7774.63637,0.44199912346392917,0.18595462164382995,0.2666247912545009,-0.22221864692489354,0.19432085660495999,0.1023824733134749,-0.16219312574704073
22093,7774.63637,22094,7774.638370000001,0.6969434233920356,-0.2256517770607452,-0.3055559555122169,-0.22221864692489354,-0.5362325997492183,-0.40416611494856935,0.44199912346392917
22094,7774.638370000001,22095,7774.64037,-0.19462050003152567,-0.3877785297543843,-0.11433558754392475,-0.22221864692489354,-0.12254772551552322,0.3015257504279363,0.6969434233920356
22095,7774.64037,22096,7774.6423700000005,1.4588139152495305,0.011795490982976716,-0.25979920808060847,-0.22221864692489354,0.40394742683339324,0.30327416721161743,-0.19462050003152567
22096,7774.6423700000005,22097,7774.64437,0.25541076849585065,-0.6143048440543135,0.5665331827738171,-0.22221864692489354,-0.7551517843025956,0.17284396829030366,1.4588139152495305
22097,7774.64437,22098,7774.64637,1.1322295010656596,-0.3924846526927655,0.24637656706444025,-0.22221864692489354,0.07992231126120063,0.21947532111276988,0.25541076849585065
22098,7774.64637,22099,7774.64837,1.2038381273775132,-0.48783729055021424,0.4308484280502308,-0.22221864692489354,-0.5967645423471458,-0.4301858315945434,1.1322295010656596
22099,7774.64837,22100,7774.65037,1.2011371224275245,-0.3039189645258097,0.14744686068649904,-0.22221864692489354,-0.29284614965403966,-0.4676350392707466,1.2038381273775132
22100,7774.65037,22101,7774.652370000001,0.6953104441127272,-0.3039189645258097,0.15803756558971685,-0.22221864692489354,-0.2844740204131481,-0.5082527079197163,1.2011371224275245
22101,7774.652370000001,22102,7774.65437,0.9831105433385688,-0.3877785297543843,-0.14480518357318112,-0.22221864692489354,-0.335067376615976,0.3015257504279363,0.6953104441127272
22102,7774.65437,22103,7774.656370000001,1.923771661743118,-0.6452865205733541,-0.32515141032815087,-0.22221864692489354,-0.24870664313570442,0.08608586542674336,0.9831105433385688
22103,7774.656370000001,22104,7774.65837,1.93264169745914,-0.6143048440543135,0.5665331827738171,-0.22221864692489354,-0.7551517843025956,0.17284396829030366,1.923771661743118
22104,7774.65837,22105,7774.6603700000005,2.362106499844817,-0.6143048440543135,0.5665331827738171,-0.22221864692489354,-0.7551517843025956,0.17284396829030366,1.93264169745914
22105,7774.6603700000005,22106,7774.66237,2.4964952922867556,-0.6143048440543135,0.5665331827738171,-0.22221864692489354,-0.7551517843025956,0.17284396829030366,2.362106499844817
22106,7774.66237,22107,7774.66437,2.544859490763902,-0.6143048440543135,0.5665331827738171,-0.22221864692489354,-0.7551517843025956,0.17284396829030366,2.4964952922867556
22107,7774.66437,22108,7774.66637,2.564518103289328,-0.6143048440543135,0.5665331827738171,-0.22221864692489354,-0.7551517843025956,0.17284396829030366,2.544859490763902
22108,7774.66637,22109,7774.66837,2.5523611836507536,-0.6143048440543135,0.5665331827738171,-0.22221864692489354,-0.7551517843025956,0.17284396829030366,2.564518103289328
22109,7774.66837,22110,7774.67037,2.8671665634723675,-0.2769145743233768,0.5665331827738171,0.17940557149464975,-0.7551517843025956,-0.8171106532793454,2.5523611836507536
22110,7774.67037,22111,7774.67237,2.890765978027723,-0.38458747189571424,0.12970241538742347,0.5300821511123094,-0.7551517843025956,-0.8171106532793454,2.8671665634723675
22111,7774.67237,22112,7774.674370000001,5.32910106914921,-0.38458747189571424,-0.4603346509839168,0.04862549876482637,-0.7551517843025956,-0.8578130303437954,2.890765978027723
22112,7774.674370000001,22113,7774.67637,7.146783356337005,-0.38458747189571424,-0.2359097590859237,0.333478027523579,-0.7551517843025956,-0.9049362491459819,5.32910106914921
22113,7774.67637,22114,7774.6783700000005,6.310868244600676,-0.7170805000999987,-0.2780452502294458,-0.5304034224930078,-0.7551517843025956,-0.43177059923743755,7.146783356337005
22114,7774.6783700000005,22115,7774.68037,3.9542419491470757,-0.05508772427723202,0.436674534563192,0.5189887568601398,-0.7551517843025956,-0.3072705784474259,6.310868244600676
22115,7774.68037,22116,7774.68237,2.5334483610090963,-0.6287518096247866,0.28704492684245814,-0.15333401992070486,-0.7551517843025956,0.35825331548913814,3.9542419491470757
22116,7774.68237,22117,7774.68437,1.7522004519652674,-0.05508772427723202,0.4417417563282971,0.38260339346899497,-0.7551517843025956,-0.20883973594614808,2.5334483610090963
22117,7774.68437,22118,7774.68637,0.58172241413254,-0.6253689616985684,-0.27892684155879105,0.24592128435447655,-0.7551517843025956,-0.3570315682388147,1.7522004519652674
22118,7774.68637,22119,7774.68837,0.4505248803417963,-0.5986264979378836,-0.4218661182938907,-0.25182385264240625,0.38861789090174553,0.09938821281336421,0.58172241413254
22119,7774.68837,22120,7774.69037,1.0328897689330008,0.2530397614011242,0.4924967052957508,0.19243103557545926,0.4871890502762689,-0.09655020807052458,0.4505248803417963
22120,7774.69037,22121,7774.692370000001,-0.40080763040937806,-0.3186621633614398,0.12138789420537592,0.28704492684245814,-0.22105219397565293,-0.4993017899099386,1.0328897689330008
22121,7774.692370000001,22122,7774.69437,-0.6369089662326896,0.1101062885076965,0.3227031064633891,0.6205862717429155,0.3227031064633891,-0.29167771888648997,-0.40080763040937806
22122,7774.69437,22123,7774.696370000001,1.4650063034069989,0.25043647753135584,0.46278931550316726,-0.37450234838021845,0.18670985164725856,0.18192718119159063,-0.6369089662326896
22123,7774.696370000001,22124,7774.69837,0.9404905356886917,-0.7233859815913307,-0.2109346572676164,-0.6008642611094616,-0.7551517843025956,0.37904701622680653,1.4650063034069989
22124,7774.69837,22125,7774.7003700000005,0.5641757640882565,0.15965222204981872,-0.07621935139812973,0.4252498937136658,-0.31903260233585745,-0.34519529140282584,0.9404905356886917
22125,7774.7003700000005,22126,7774.70237,1.0931378224410802,0.3031397820905364,-0.37450234838021845,0.8780888989401407,-0.042016549181496866,-0.41811152527370987,0.5641757640882565
22126,7774.70237,22127,7774.70437,0.6568078445516181,-0.6480698604695512,-0.20469600184554956,-0.5865727042067517,-0.6284023900459711,0.2585071819480036,1.0931378224410802
22127,7774.70437,22128,7774.70637,-0.8821193060021391,-0.5884941286741093,0.47433907656040064,-0.46372829346037125,-0.07077472253750312,0.4124651185568169,0.6568078445516181
22128,7774.70637,22129,7774.70837,0.9605940480909453,-0.3563181924123844,0.47666926255905423,-0.3928287344893182,0.111246706675967,0.17736540696489533,-0.8821193060021391
22129,7774.70837,22130,7774.710370000001,0.2958018836208237,-0.13126768587583504,-0.3200638164834793,0.5189887568601398,-0.25433886633121155,-0.34519529140282584,0.9605940480909453
22130,7774.710370000001,22131,7774.71237,-1.2445609589509419,-0.3934919866599912,0.1086381229611933,-0.26734936838399725,0.06519799426520395,0.5141902935802934,0.2958018836208237
22131,7774.71237,22132,7774.714370000001,-0.3200373883744927,-0.239238981803327,-0.0808626975605629,-0.4450124051964178,-0.1134586651603088,0.3729745024705589,-1.2445609589509419
22132,7774.714370000001,22133,7774.71637,1.2172455676921523,0.48009809515369833,0.0876208363634688,0.4252498937136658,0.006421557793333383,-0.008985893284328184,-0.3200373883744927
22133,7774.71637,22134,7774.7183700000005,-0.3480004867105363,0.03817025610791428,-0.00014557630043556972,0.06010422737569499,-0.051429772790053487,-0.32963754627062253,1.2172455676921523
22134,7774.7183700000005,22135,7774.72037,0.5757644287463749,0.53848681672573,-0.26918632511976126,0.21581558433487674,0.1587831156226986,-0.37477761332446285,-0.3480004867105363
22135,7774.72037,22136,7774.72237,0.5502702916813373,0.3031397820905364,-0.38570178850166603,0.21581558433487674,0.15073917376462057,-0.3024406881952671,0.5757644287463749
22136,7774.72237,22137,7774.72437,0.9131484022897908,-0.4955170504895884,-0.17302766800302843,-0.31794735758608467,-0.037013477431905036,0.11420572163029459,0.5502702916813373
22137,7774.72437,22138,7774.72637,0.3164101190113218,0.28082513229211226,-0.09373726669391123,0.21581558433487674,-0.1668244789679359,-0.34519529140282584,0.9131484022897908
22138,7774.72637,22139,7774.728370000001,-1.102305792912522,0.38530572928563567,0.08045978314085042,0.1896949734948751,-0.2432993785519809,-0.4060594113051785,0.3164101190113218
22139,7774.728370000001,22140,7774.73037,0.7559724514828082,0.00029113141149652433,-0.18761537540366907,-0.34279563084813314,0.5458730155313929,0.1929113285634067,-1.102305792912522
22140,7774.73037,22141,7774.732370000001,-0.7928813428846762,0.7498869444488405,0.3621123636417518,0.6205862717429155,-0.22939150804235006,-0.7083360657663161,0.7559724514828082
22141,7774.732370000001,22142,7774.73437,-0.147226987269985,0.5381043831688991,0.4231542556824726,0.3621123636417518,0.2829392689608319,-0.5402695753794846,-0.7928813428846762
22142,7774.73437,22143,7774.7363700000005,0.38136134243499353,0.48622709228215477,0.10359736075747876,0.33418182152346343,0.0016728493245794336,-0.35736260553446236,-0.147226987269985
22143,7774.7363700000005,22144,7774.73837,0.35015693249288926,0.6221114074431933,0.1101062885076965,0.44379884113700446,0.07486941362773791,-0.33823851672403454,0.38136134243499353
22144,7774.73837,22145,7774.74037,0.11654073160949661,0.3022792894054078,0.1101062885076965,0.36315074588501156,-0.28134721789853057,-0.3283541012236406,0.35015693249288926
22145,7774.74037,22146,7774.74237,1.0396817118869224,0.3056095820037167,0.029231885023791086,0.040829273838619035,-0.17843168377996158,-0.288000493088127,0.11654073160949661
22146,7774.74237,22147,7774.74437,-0.5519902711301339,-0.1513024835372945,0.04047980677233369,-0.13251176470034556,-0.599765985291926,0.27619689735760444,1.0396817118869224
22147,7774.74437,22148,7774.74637,-0.37001235551096223,0.13190586835385928,0.36218837940238946,-0.5269711948277954,0.14404913515007164,0.2100205130345723,-0.5519902711301339
22148,7774.74637,22149,7774.74837,-0.11228823782073091,0.44379884113700346,0.08675353362046224,-0.1134586651603088,0.19381125662990256,-0.5327989918374694,-0.37001235551096223
22149,7774.74837,22150,7774.750370000001,-0.5082527079199302,-0.33010860249204005,0.029231885023791086,-0.13251176470034556,0.2468316425863906,0.09171367961116654,-0.11228823782073091
22150,7774.750370000001,22151,7774.75237,-0.36261902626575215,-0.5053804343290018,0.2808526172784402,-0.5269711948277954,0.15180293708375445,0.18595462164383542,-0.5082527079199302
22151,7774.75237,22152,7774.754370000001,-0.4488766494946713,0.5098278559154832,0.1266286424755186,0.19273124572481393,0.18010496791366426,-0.4680909732594025,-0.36261902626575215
22152,7774.754370000001,22153,7774.75637,0.9367604099212745,-0.0482093811362422,0.1279745808296435,-0.2740130980626178,-0.13343584665887936,0.04702943999639331,-0.4488766494946713
22153,7774.75637,22154,7774.7583700000005,0.3460711512184178,0.04110875958666746,0.051913666066468786,0.2848847149032942,-0.21810083084680904,-0.2560871678226878,0.9367604099212745
22154,7774.7583700000005,22155,7774.76037,-0.4224149722769459,0.2956123281277578,0.5733671567990631,0.3056095820037167,-0.47132214088279684,-0.32730516841649915,0.3460711512184178
22155,7774.76037,22156,7774.76237,1.1676447913585304,-0.5223620977171515,0.28436447338998105,-0.6534619373272694,-0.053501954502010514,0.15211559341446668,-0.4224149722769459
22156,7774.76237,22157,7774.76437,0.48801604152816036,0.0052998526841337,-0.041562757394321706,-0.21013851409671933,-0.4304935202633768,-0.593170990805275,1.1676447913585304
22157,7774.76437,22158,7774.76637,0.6187647954522096,0.5379556195009628,-0.17827942811194883,-0.21013851409671933,-0.1109861543034674,-0.110790695463218,0.48801604152816036
22158,7774.76637,22159,7774.768370000001,-0.8347509988487319,0.3031397820905364,0.4118143357868224,0.4209347638223337,0.4078281011189875,-0.04973429998722993,0.6187647954522096
22159,7774.768370000001,22160,7774.77037,-0.35825331548877326,-0.24492463018213464,0.04543082975151717,-0.6534619373272694,0.24495311980479156,0.41585678697139655,-0.8347509988487319
22160,7774.77037,22161,7774.772370000001,-0.8316502702249227,0.44379884113700346,0.5733671567990631,0.3056095820037167,-0.04973429998722993,-0.5585076738787864,-0.35825331548877326
22161,7774.772370000001,22162,7774.77437,-0.6096666625874738,-0.1513337692225314,0.04543082975151717,-0.4007588737053689,0.24495311980479156,-0.09522745655490873,-0.8316502702249227
22162,7774.77437,22163,7774.7763700000005,0.8573807447815025,0.5124912058863729,0.5258316670709418,0.17008441542609432,0.2196214323621391,-0.527078630447104,-0.6096666625874738
22163,7774.7763700000005,22164,7774.77837,-0.9243311146387103,0.20202307696705174,-0.28941850756041676,0.18429110519216282,-0.2883824640629784,-0.483021350591521,0.8573807447815025
22164,7774.77837,22165,7774.78037,1.389746085865979,0.37016318507388585,0.281457095934022,-0.046821070487044425,0.21973830599264968,-0.6430121634364473,-0.9243311146387103
22165,7774.78037,22166,7774.78237,1.0944666128888227,-0.5012880193764885,-0.35407283527388816,-0.3200109595671407,-0.7551517843025956,0.35970220429257294,1.389746085865979
22166,7774.78237,22167,7774.78437,-0.6182549715265367,-0.11696175015688424,0.3478976827320287,-0.046821070487044425,-0.36746997059406167,-0.6330126570060799,1.0944666128888227
22167,7774.78437,22168,7774.786370000001,-0.7178797399767117,-0.12717364529417122,0.5064557622430128,-0.25481854354586647,0.6882580873419306,0.40685934347480507,-0.6182549715265367
22168,7774.786370000001,22169,7774.78837,-0.2865531369904438,0.18429110519216282,-0.11861172869326755,0.03845048589817418,0.020783430384980706,-0.032090996411800965,-0.7178797399767117
22169,7774.78837,22170,7774.790370000001,0.03392217627321384,-0.04723776609693564,-0.07314559579031507,-0.2870449268424597,0.6327227206933911,0.11199541681364496,-0.2865531369904438
22170,7774.790370000001,22171,7774.79237,-1.1321708435027311,-0.1771825024405471,-0.2514559610813688,-0.24435466721429744,-0.4168168715325789,0.1675019440428087,0.03392217627321384
22171,7774.79237,22172,7774.7943700000005,-0.2951247346625982,0.3591940612902024,-0.08237218244205402,-0.0482093811362422,0.5763986414745506,-0.16814818739129922,-1.1321708435027311
22172,7774.7943700000005,22173,7774.79637,1.1144880260581387,0.5125348083193954,-0.26036043831197364,0.6370244663484379,-0.2549031685864674,-0.473523360384383,-0.2951247346625982
22173,7774.79637,22174,7774.79837,-0.6671338600038501,-0.18001377002939145,0.19671549376457884,0.03796003221869817,-0.22936257160124493,-0.48913251181212875,1.1144880260581387
22174,7774.79837,22175,7774.80037,1.0975926607438087,0.260893315440316,-0.19758213558198906,0.24244292080864074,0.013412829197409055,-0.3028440712398255,-0.6671338600038501
22175,7774.80037,22176,7774.80237,0.4276971773822958,-0.018963723533493168,0.3478976827320287,-0.10231676165620229,-0.3066815083578294,0.283734345014724,1.0975926607438087
22176,7774.80237,22177,7774.80437,0.4184229510074672,0.5636166131547226,-0.6654140083844746,0.255551722756421,0.10077129335128905,-0.1153414769484624,0.4276971773822958
22177,7774.80437,22178,7774.80637,-1.1214493150503586,-0.46265183011077327,-0.659879233141199,0.11832075376355387,-0.47795645293606853,-0.05525993913290932,0.4184229510074672
22178,7774.80637,22179,7774.808370000001,-0.30480488251572313,0.287536474955801,-0.018963723533493168,0.4245835760458729,-0.060001401374332776,-0.10805025266763595,-1.1214493150503586
22179,7774.808370000001,22180,7774.81037,0.28816421280044613,0.006421557793333383,0.034625584314246616,-0.21707604559601318,-0.3022254840194755,0.11199541681364496,-0.30480488251572313
22180,7774.81037,22181,7774.812370000001,0.21408352465964395,0.255551722756421,-0.22434392248211416,0.18283704416834817,-0.3323039356790976,-0.06992661800019126,0.28816421280044613
22181,7774.812370000001,22182,7774.81437,-0.606595620081893,0.31712602406527524,0.11589266444721937,0.4245835760458729,0.09197930149997206,-0.5925473298956397,0.21408352465964395
22182,7774.81437,22183,7774.8163700000005,-0.9172584163827234,0.5514032936279398,0.3027365183371371,-0.17657257896703296,0.18050006266556237,-0.3028440712398255,-0.606595620081893
22183,7774.8163700000005,22184,7774.81837,0.8245744502415484,0.30319353830611107,-0.027462912335356304,0.03536363063379388,0.41415036343648914,-0.22608734875547484,-0.9172584163827234
22184,7774.81837,22185,7774.82037,0.7446633800386319,-0.4917624500311933,-0.16438797337531547,0.3794953685395947,0.028560043977330137,-0.18483583344676652,0.8245744502415484
22185,7774.82037,22186,7774.82237,0.96282001208682,0.35601230405924633,0.009130167405407855,0.3301609283776683,-0.24235723467689102,-0.0222795301190343,0.7446633800386319
22186,7774.82237,22187,7774.82437,-0.7681179027565793,0.16364659190060618,0.43483837585522134,0.009130167405407855,-0.24560815720806747,-0.24543731924745388,0.96282001208682
22187,7774.82437,22188,7774.826370000001,1.0337056884742652,0.04156275739432049,0.15819293435780207,-0.18050006266556343,0.29607261486744285,-0.2714084248063938,-0.7681179027565793
22188,7774.826370000001,22189,7774.82837,-1.0206097590562078,-0.03244340690318322,-0.31757651630190287,0.2578042930457961,-0.2688525838773704,0.07655655129342023,1.0337056884742652
22189,7774.82837,22190,7774.830370000001,-0.5371689294058293,-0.32675403792897034,-0.05845774122182888,-0.44061792394197863,0.19746264342351902,-0.22105219397565215,-1.0206097590562078
22190,7774.830370000001,22191,7774.83237,0.03610113264270341,-0.0859522782776258,0.26120169351427575,0.04337669028782873,0.3617068486321399,-0.5359557890327468,-0.5371689294058293
22191,7774.83237,22192,7774.8343700000005,-0.8421788400655704,0.29788462601894133,-0.053915876069785,0.3147111088068767,-0.4168168715325789,-0.2256517770607452,0.03610113264270341
22192,7774.8343700000005,22193,7774.83637,0.42627230359897283,0.27475999639468773,-0.38208191992195983,0.12119445813539569,0.14452173239574365,-0.34607115121821197,-0.8421788400655704
22193,7774.83637,22194,7774.83837,-1.2442568561828586,-0.5890193493798787,-0.1766335880574062,-0.3214371165804687,-0.12614751084466375,0.1887310599314789,0.42627230359897283
22194,7774.83837,22195,7774.84037,0.686189455653471,0.5850734535511105,0.646107076498298,0.457505469443885,-0.1134586651603088,-0.14760388353364257,-1.2442568561828586
22195,7774.84037,22196,7774.84237,1.3192850922904629,0.3178149300568567,0.09393608702725785,0.19492005369880483,-0.5424724060592827,0.24458269138584657,0.686189455653471
22196,7774.84237,22197,7774.844370000001,0.49511782232526086,-0.7917771807407665,0.10106741904235744,-0.018928009885518824,-0.1448996494474535,0.39736444560576395,1.3192850922904629
22197,7774.844370000001,22198,7774.84637,-0.18083425172872974,-0.4685011361909812,0.2558053903686552,-0.09088315616758323,-0.48171818461295457,-0.2773835463177908,0.49511782232526086
22198,7774.84637,22199,7774.848370000001,-1.2162429856902253,0.5354445524681982,0.23225207892836744,0.46784023529066215,0.5416469130978876,-0.08732070130043812,-0.18083425172872974
22199,7774.848370000001,22200,7774.85037,1.0065289262018993,-0.25608716782268787,-0.11696175015688424,-0.11722075041733283,0.03845048589817418,-0.38292607420403013,-1.2162429856902253
22200,7774.85037,22201,7774.8523700000005,-0.5488417200098357,0.21774959419750817,-0.05845774122182888,0.46784023529066215,-0.4412970570196141,0.09234441643225116,1.0065289262018993
22201,7774.8523700000005,22202,7774.85437,-1.1223264457042876,-0.036767928013850024,0.3545580552285012,-0.19647628792681573,-0.036767928013850024,-0.22326729252055358,-0.5488417200098357
22202,7774.85437,22203,7774.85637,1.0341975087367732,0.37475259236941194,-0.25608716782268787,0.5514032936279398,0.24107106086614558,-0.10805025266763595,-1.1223264457042876
22203,7774.85637,22204,7774.85837,0.35547677419078777,0.21774959419750817,-0.8380940595983216,0.30555595551221654,-0.2688525838773704,0.026506364337606766,1.0341975087367732
22204,7774.85837,22205,7774.86037,0.6931107831732828,-0.008985893284328184,0.0009458673580628718,0.1557664282675374,0.26072506912731835,0.18707215955255196,0.35547677419078777
22205,7774.86037,22206,7774.86237,0.8690026237670064,0.3178149300568567,0.7186428617138554,-0.19444072475014285,-0.5142338219934721,0.4455020812039133,0.6931107831732828
22206,7774.86237,22207,7774.86437,-1.0176804991936512,-0.08702047612930605,0.08025826503712463,-0.08725399238476653,0.1332765830932684,0.06089220898455015,0.8690026237670064
22207,7774.86437,22208,7774.866370000001,-0.6931289820322981,-0.32675403792897034,-0.3133551403447238,0.0009458673580628718,0.06325243515675495,-0.4934304329374553,-1.0176804991936512
22208,7774.866370000001,22209,7774.86837,-0.7507119419175665,0.3674951744300872,0.7186428617138554,0.10513847098953477,0.2692975474533237,-0.25819797169662406,-0.6931289820322981
22209,7774.86837,22210,7774.870370000001,1.312774163277837,0.4225581020479533,0.464689259992018,-0.282280796592878,0.015959321974601655,-0.3284851404962956,-0.7507119419175665
22210,7774.870370000001,22211,7774.87237,-0.5237858618717677,-0.7591632265443655,0.21628477879525934,0.011759520406906145,-0.3712685739566968,0.23668565463758306,1.312774163277837
22211,7774.87237,22212,7774.87437,-1.0507898090072378,0.4211975413826431,-0.05132605090291532,-0.05828607624277945,0.4967137795733064,0.22271397771399967,-0.5237858618717677
22212,7774.87437,22213,7774.87637,0.7822673425080596,0.24867826025058415,-0.4211497687802213,-0.2688525838773704,-0.00025474461989681216,-0.20543721480030894,-1.0507898090072378
22213,7774.87637,22214,7774.87837,0.3755779535115454,0.4932526472576218,-0.005661830535041636,0.6825176382031379,0.11491977553924475,0.3627709750088727,0.7822673425080596
22214,7774.87837,22215,7774.88037,0.7522741337667777,0.25853528723039354,0.15694930778289343,0.27398542444525903,0.2538024840754267,0.14876508692177126,0.3755779535115454
22215,7774.88037,22216,7774.88237,0.4569755460402363,-0.36190962669224847,0.134454533278025,-0.45996707993518937,0.00021835650425435912,0.5274438252396133,0.7522741337667777
22216,7774.88237,22217,7774.884370000001,0.5132757589489613,0.3155344273581316,0.0648228301264931,0.27398542444525903,0.23326143720645018,0.17767017351608033,0.4569755460402363
22217,7774.884370000001,22218,7774.88637,-1.1380312976443447,-0.4685011361909812,-0.16309019486606677,-0.6886237715411353,0.038135221861929386,-0.04267941312677846,0.5132757589489613
22218,7774.88637,22219,7774.888370000001,0.5642999774040642,0.6738354245774634,0.027144164656859055,0.26824043549575166,0.7045649159462991,0.018928009885522727,-1.1380312976443447
22219,7774.888370000001,22220,7774.89037,-0.9395379718696154,-0.36522428124586315,0.4045062014309771,-0.2893640057073408,-0.21777886863068377,-0.04267941312677846,0.5642999774040642
22220,7774.89037,22221,7774.8923700000005,-0.34555603247181244,0.5369349291705733,0.04668213335587278,0.38429011097170557,0.43690969588494,0.29807375131501673,-0.9395379718696154
22221,7774.8923700000005,22222,7774.89437,-0.4569064048883946,0.2999360748988355,0.07659026503008577,0.3674951744300872,0.11491977553924453,-0.5397817549725568,-0.34555603247181244
22222,7774.89437,22223,7774.89637,-0.1174473206306441,0.09938821281336421,-0.05680853967984428,0.6264978496692855,-0.1580064889391583,0.28830062542145124,-0.4569064048883946
22223,7774.89637,22224,7774.89837,0.359219474573633,0.2585071819480036,-0.10948665928703057,0.3155344273581316,-0.013735983183093927,-0.031632677025679935,-0.1174473206306441
22224,7774.89837,22225,7774.90037,0.0458828700254795,0.4611152911484647,-0.008985893284328184,-0.16064456250399936,0.08190280904690711,-0.1367745355898586,0.359219474573633
22225,7774.90037,22226,7774.902370000001,1.4713862446488564,0.07063907413794282,-0.10948665928703057,-0.2856782462962642,-0.4168168715325789,-0.2249544674851628,0.0458828700254795
22226,7774.902370000001,22227,7774.90437,-1.133870517457329,-0.8611415383633575,-0.5137549052069932,-0.2856782462962642,-0.7551517843025956,0.3619603147830943,1.4713862446488564
22227,7774.90437,22228,7774.906370000001,-0.9253271234685518,0.027144164656859055,0.027144164656859055,-0.6199011592108576,0.38528097037552195,-0.4773469377075341,-1.133870517457329
22228,7774.906370000001,22229,7774.90837,1.0066619420707417,0.45600713462004383,-0.08702047612930605,-0.2300857315523448,0.6213882356192868,0.16048957420530502,-0.9253271234685518
22229,7774.90837,22230,7774.9103700000005,0.34214957756487135,-0.5026760363877267,0.19746264342351902,0.2909161456570572,-0.43434344884685067,0.10004706117030637,1.0066619420707417
22230,7774.9103700000005,22231,7774.91237,-1.258181771212851,0.4834927681077999,0.07659026503008577,-0.2300857315523448,-0.35810067868810985,-0.12617959348955707,0.34214957756487135
22231,7774.91237,22232,7774.91437,-0.39071321662845016,0.7050865409097871,0.19584810022761034,-0.2300857315523448,0.08260678654870261,0.11365360326807186,-1.258181771212851
22232,7774.91437,22233,7774.91637,0.5027420844045924,0.06034411360223575,-0.12944662820096836,0.7529943231048,0.034836510280012126,0.286990295467649,-0.39071321662845016
22233,7774.91637,22234,7774.91837,0.28674441733999756,-0.09655020807052458,-0.1254093257834618,0.47257084976671426,0.14684994890175992,0.2845287894248535,0.5027420844045924
22234,7774.91837,22235,7774.92037,0.6740580384361679,-0.11391346164672424,-0.3022254840194755,0.1278785024295951,-0.33738174100405194,-0.06222693428066605,0.28674441733999756
22235,7774.92037,22236,7774.92237,1.2150234404401998,0.12736592833539964,0.3713187898851992,0.48358253672923807,-0.49425228080859146,0.45029289945569867,0.6740580384361679
22236,7774.92237,22237,7774.924370000001,-0.6267507015481507,-0.3620616832575836,0.22035166855295996,-0.35873651171435006,-0.027285842835114323,-0.22108137188797786,1.2150234404401998
22237,7774.924370000001,22238,7774.92637,0.10994326540706424,0.1339771531311549,0.05070349355565447,-0.3620616832575836,0.2144947934294938,-0.16633148866370057,-0.6267507015481507
22238,7774.92637,22239,7774.9283700000005,-0.7836148161990608,0.19246106064639407,-0.16058257006705673,0.2736255977117862,0.35092596611180915,0.23167484501717034,0.10994326540706424
22239,7774.9283700000005,22240,7774.93037,-0.47824979078440616,0.09290842288350941,0.15837934502103138,-0.35276923741530725,-0.09496269616151604,-0.5433606370577293,-0.7836148161990608
22240,7774.93037,22241,7774.93237,-0.5075518449534957,0.09938821281336421,-0.08404671982386948,-0.07625307650478862,0.17693857769012278,0.5835110324956838,-0.47824979078440616
22241,7774.93237,22242,7774.93437,-0.6189216120749756,0.47257084976671426,-0.08404671982386948,0.43013848647226505,0.09938821281336421,0.48313361301628105,-0.5075518449534957
22242,7774.93437,22243,7774.93637,0.563968707602442,0.42441692723405017,0.05070349355565447,0.14041845033022396,0.645343790515243,-0.015923500865217037,-0.6189216120749756
22243,7774.93637,22244,7774.93837,1.0340292816558476,0.1049746359382978,0.1930613728267464,0.1946504594365344,-0.21777886863068377,0.08708720062388732,0.563968707602442
22244,7774.93837,22245,7774.94037,-0.43035152187256615,0.3976823989671305,0.266680546600064,0.031315255893349866,-0.2923028633016133,-0.22684189055226042,1.0340292816558476
22245,7774.94037,22246,7774.942370000001,-0.7636845063215786,0.08364508650968154,0.031315255893349866,-0.26324579643113455,0.040444853347769295,0.6950016928275999,-0.43035152187256615
22246,7774.942370000001,22247,7774.94437,0.7710345609541369,0.6123535085446775,-0.19273124572481515,0.3695345784226442,0.1735479673399073,0.33003010852949866,-0.7636845063215786
22247,7774.94437,22248,7774.946370000001,0.7248151203817599,-0.002145104351066517,-0.35873651171435006,-0.5402695753794846,-0.23158823118488148,0.3048585492984916,0.7710345609541369
22248,7774.946370000001,22249,7774.94837,-0.6637099359893459,-0.24489613974779645,0.17736540696489533,0.007686488661864432,-0.4339190306470874,0.5882314148386932,0.7248151203817599
22249,7774.94837,22250,7774.9503700000005,-0.8447468385956186,0.1339771531311549,0.40387452016604647,-0.47953494963328075,0.18504759210319477,-0.1812897841779232,-0.6637099359893459
22250,7774.9503700000005,22251,7774.95237,-0.40525883873153773,-0.368628690086915,-0.368628690086915,-0.03862558964759279,-0.11323118932863377,-0.28576029982255985,-0.8447468385956186
22251,7774.95237,22252,7774.95437,-0.9028578745412971,0.15694930778289343,0.3130624353493528,0.031315255893349866,0.2940132167842976,0.6950016928275999,-0.40525883873153773
22252,7774.95437,22253,7774.95637,1.0610833193232085,0.43013848647226505,-0.10477799843889297,0.4979311998996442,-0.3286685666350356,0.09839912566009695,-0.9028578745412971
22253,7774.95637,22254,7774.95837,1.1097001207131654,-0.18800751452758824,0.07803888151801996,-0.22483820193451376,-0.10572805502233612,-0.08501666822508214,1.0610833193232085
22254,7774.95837,22255,7774.960370000001,-0.658580226039745,-0.08049336554367406,0.23083726355673062,0.1471013236085015,-0.3560632919496327,0.3539195589930944,1.1097001207131654
22255,7774.960370000001,22256,7774.96237,-0.14615834246146162,0.2956394096838665,-0.22672584424965223,0.1049746359382978,0.5727104905876198,-0.3296637218828084,-0.658580226039745
22256,7774.96237,22257,7774.964370000001,1.131677984086761,-0.19297134897036355,0.30799305416219397,0.14807480419221727,-0.04716832888550849,-0.19165006713494465,-0.14615834246146162
22257,7774.964370000001,22258,7774.96637,-1.1850209160496172,-0.5211092354113082,0.29563940968386604,-0.22483820193451376,-0.5626425299075791,-0.3427697967290091,1.131677984086761
22258,7774.96637,22259,7774.9683700000005,-1.3047901674333993,0.6738354245774634,-0.26324579643113455,0.1471013236085015,0.5416680880986836,0.4552224950524148,-1.1850209160496172
22259,7774.9683700000005,22260,7774.97037,-0.2579730314457946,0.29761438496227555,0.14779227840986023,-0.3310500497751539,0.4910722036303654,0.07689363752326826,-1.3047901674333993
22260,7774.97037,22261,7774.97237,0.3480261860542198,-0.2990998078381354,-0.48133590012117644,0.3130624353493528,-0.24463968930543858,0.12963847472434226,-0.2579730314457946
22261,7774.97237,22262,7774.97437,0.628557702710176,0.371444318675392,0.23562223751982134,0.363353231395334,-0.32963754627062253,0.07851007161828373,0.3480261860542198
22262,7774.97437,22263,7774.97637,0.12656450496462884,0.09813520377944165,0.2628820837601324,0.16719406226697817,0.4349090597216587,0.13212913603678775,0.628557702710176
22263,7774.97637,22264,7774.978370000001,0.006059854892062524,0.15224062858077017,-0.04796656586543776,0.16719406226697817,0.25549534343634245,0.19468041794400193,0.12656450496462884
22264,7774.978370000001,22265,7774.98037,0.8614645531710272,0.1471013236085015,-0.18577328153997483,-0.09224485285252441,-0.4168168715325789,0.23167484501717034,0.006059854892062524
22265,7774.98037,22266,7774.982370000001,0.602240394392724,-0.07351765106172604,0.16719406226697817,-0.09224485285252441,-0.35172001336092057,0.3366022164745178,0.8614645531710272
22266,7774.982370000001,22267,7774.98437,0.43695672151411613,-0.19620711294650015,-0.4390001989540426,-0.14710132360850195,0.2172517976688752,0.2361397168321984,0.602240394392724
22267,7774.98437,22268,7774.9863700000005,-0.7474423342828687,-0.6309619695008183,-0.3074044096329688,0.2682682685530758,-0.2691029002507578,-0.4268662477617925,0.43695672151411613
22268,7774.9863700000005,22269,7774.98837,-0.8479475907719981,0.7007072481129276,-0.14710132360850195,0.1865286484575856,-0.1618216892120043,-0.3296637218828084,-0.7474423342828687
22269,7774.98837,22270,7774.99037,-0.43046985526507364,-0.37395159107502074,-0.010751818601341577,0.12038807150997183,-0.07955263170195827,-0.4481561465059613,-0.8479475907719981
22270,7774.99037,22271,7774.99237,0.9440227298157354,0.4426773194885713,-0.561833527114921,0.15211559341446668,0.040444853347769295,0.6153872762865864,-0.43046985526507364
22271,7774.99237,22272,7774.99437,-0.9161669753540366,0.16719406226697817,-0.21810083084680904,0.15211559341446668,-0.552136961686547,-0.07783687491844685,0.9440227298157354
22272,7774.99437,22273,7774.99637,0.3668144477913296,0.39778021043560335,-0.2201180509838561,0.44594491488049803,-0.14694422182193267,-0.09856404147095056,-0.9161669753540366
22273,7774.99637,22274,7774.99837,0.0,0.3130624353493528,-0.04973429998722993,0.44594491488049803,-0.019142272643902357,0.10031047901839257,0.3668144477913296
