x_P,x_R,successor_loss,successor_null_loss,radius_mean,history_coherence_mean,history_coherence_peak,history_peak_lag,end_index,end_position,quadrant,parent_step
1.6833079048888149,0.801095300999409,0.01479976091981549,0.036948814707443677,1.1301184330647742,0.9294142743013767,0.9982370630186979,1,255,7730.960370000001,aB,0.0
1.7976304195381083,0.8063638000445715,0.012837304485086923,0.03183998211322816,1.1122862530951176,0.946681951635468,0.9993887152065453,1,271,7730.99237,aB,0.11444384840578715
1.6761643567881865,0.634582650164157,0.01416105348867284,0.04463107677151144,1.106683842815853,0.966944741577445,0.9993798878055098,1,287,7731.02437,aB,0.21038718557508526
1.551977636644367,0.9342324701313791,0.028624231696820136,0.06127860594011418,1.1069986214060252,0.9835297520569719,0.9993555457895318,1,303,7731.05637,aB,0.32436454193772163
1.5849625007211563,1.3664791593678045,0.04886649325335891,0.0715217541641349,1.0999674044830499,0.9883756487842925,0.9996138425307572,1,319,7731.08837,Ab,0.43350340438572704
1.6465641242106754,1.0245995858739778,0.037144918528813416,0.07250621421465636,1.087444772437479,0.9876673308570091,0.9995737455501073,1,335,7731.120370000001,Ab,0.3473850929283888
1.6465641242106754,0.9754022984718086,0.03571566851355031,0.07323269295040026,1.0746712796427151,0.9875004719439152,0.999540315039839,1,351,7731.152370000001,aB,0.04919728740216922
1.6465641242106754,0.31803152910952603,0.010468984364106187,0.06583614142546729,1.0621551369404068,0.986847061615626,0.9995005746935562,1,367,7731.18437,aB,0.6573707693622826
1.6465641242106754,0.33755828357644896,0.009289494816627988,0.05503935331229481,1.0505516200728575,0.9863106020375734,0.9994697984753613,1,383,7731.21637,aB,0.019526754466922924
1.6465641242106754,0.4444683603328988,0.011469526536501896,0.05161009223653817,1.0418529963777938,0.9863516597051296,0.9994679200847628,1,399,7731.24837,aB,0.10691007675644987
1.6153631194101663,0.6024348394740551,0.01372567033662163,0.04556731927590569,1.0300118923077006,0.9860991980036524,0.9994242897113274,1,415,7731.28037,aB,0.16101835681938487
1.6206575616824044,0.7438979017061479,0.018438349704298827,0.049572258940400356,1.0251277758101414,0.9861099043014532,0.9993912012487837,1,431,7731.312370000001,aB,0.14156210331531185
1.551977636644367,0.6711636939903283,0.014937335360236849,0.044511750245096245,1.0197797894361786,0.9874507799864793,0.9993951017442048,1,447,7731.344370000001,aB,0.10003597890398451
1.5169925001442313,0.46442816489049493,0.00922502670278234,0.039726387847117156,1.017131403951939,0.9869606772758659,0.9993693711273474,1,463,7731.37637,aB,0.20967484057015798
1.4457637380991761,0.592720969163166,0.009444353307997984,0.03186778872133378,1.0146522647688636,0.985481517723751,0.9993433972381311,1,479,7731.40837,aB,0.1467398383896376
1.4457637380991761,0.48976632635253214,0.007580720814240025,0.030956480290086127,1.016674032979132,0.9849448316551103,0.9994347679960105,1,495,7731.44037,aB,0.10295464281063382
1.4457637380991761,0.5711624352687951,0.009489185780014515,0.0332276256072366,1.020316993948531,0.9850983329332762,0.9994662909085518,1,511,7731.47237,aB,0.08139610891626292
1.483007499855769,0.7252758787139956,0.01178650082268307,0.03250211724559764,1.0262330122499073,0.9840076698349501,0.9994731637945886,1,527,7731.504370000001,aB,0.1585498383484476
1.551977636644367,0.7398653473081698,0.012500309560581544,0.03379076910700319,1.032679749658921,0.9838263781863636,0.9994936889580115,1,543,7731.536370000001,aB,0.07049632871645382
1.5169925001442313,0.43466025843274525,0.006749922839257002,0.031058385064211772,1.0405670093095258,0.98505701474944,0.9994925624435552,1,559,7731.56837,aB,0.3072036882125423
1.5169925001442313,0.440611082523561,0.006566227089500327,0.029805092744798166,1.0436560230053074,0.9840827400944067,0.9994865514490565,1,575,7731.60037,aB,0.005950824090815765
1.5169925001442313,0.4619942529515,0.006678833912515542,0.028913060583966543,1.0434915024091311,0.9801831710722594,0.9994980867217256,1,591,7731.63237,aB,0.02138317042793897
1.5169925001442313,0.43090414449158604,0.0065735481294283546,0.030510489228105866,1.0433681121794325,0.9752560138552486,0.9995148869831265,1,607,7731.66437,aB,0.031090108459913945
1.5169925001442313,0.44117500998233083,0.006574105998376477,0.029802712527347237,1.0443275697918577,0.9741602961919051,0.9995080765766495,1,623,7731.696370000001,aB,0.010270865490744796
1.5169925001442313,0.49163732334633775,0.006942351639281581,0.028241759970656203,1.047318681527557,0.9728963753911353,0.9995142481609378,1,639,7731.728370000001,aB,0.05046231336400692
1.5169925001442313,0.45375700075014463,0.005345751207406161,0.023562176224581177,1.0481848925161625,0.9717530131513188,0.9994646866796215,1,655,7731.76037,aB,0.03788032259619312
1.5169925001442313,0.4733390002221305,0.0051462483040597305,0.021744450812819893,1.0475415649487878,0.9717947115234684,0.9994956114261347,1,671,7731.79237,aB,0.019581999471985856
1.5169925001442313,0.4235420807753022,0.004617684763222157,0.021805081349977756,1.0441835820182785,0.9725565788405646,0.9995090158132682,1,687,7731.82437,aB,0.04979691944682829
1.5169925001442313,0.4132953491624256,0.004574740300895596,0.022137874574038416,1.045296854818277,0.9726793404874143,0.9994983430251059,1,703,7731.85637,aB,0.010246731612876592
1.5169925001442313,0.46389373111019727,0.004572028084342437,0.019711532093355057,1.0498451879008943,0.9728110499337198,0.9995148687859484,1,719,7731.888370000001,aB,0.050598381947771665
1.5169925001442313,0.5791195767588198,0.004227022735677495,0.014598099961790385,1.054417353114021,0.976145652164216,0.9995348091142788,1,735,7731.92037,aB,0.11522584564862248
1.5169925001442313,0.5881740792848594,0.0041478368635798095,0.01410411308374222,1.054540275010345,0.9767564811408884,0.9995546792823641,1,751,7731.95237,aB,0.009054502526039676
1.5169925001442313,0.5985222690381492,0.0040549480834372814,0.013549865370769765,1.0534610119815968,0.9772877132332403,0.9995488917939022,1,767,7731.98437,aB,0.010348189753289772
1.5169925001442313,0.5225283829060983,0.004051514943681866,0.015507348791845245,1.0527703996556959,0.9776727652187269,0.9995313488053474,1,783,7732.01637,aB,0.07599388613205094
1.5169925001442313,0.3852241035661567,0.003985614660510636,0.020692446934729065,1.0541356283330066,0.9791578470591498,0.9995249189443212,1,799,7732.04837,aB,0.13730427933994155
1.4457637380991761,0.5499492879240961,0.008635434418031784,0.03140447531308976,1.0535846591626474,0.9851107499853828,0.9995498426526785,1,815,7732.080370000001,aB,0.17946565940097906
1.4457637380991761,0.6358369719745607,0.010468958895046464,0.03292969536683475,1.0562667340765874,0.9868430561378422,0.9995442934172504,1,831,7732.11237,aB,0.08588768405046454
1.4457637380991761,0.576723372244551,0.007258946819992107,0.02517306275187356,1.058455006262134,0.9850620270230859,0.9995530900003275,1,847,7732.14437,aB,0.059113599730009736
1.3246543715237267,0.8015425625586977,0.007543173787693956,0.018821642517933196,1.0601832038480317,0.9857750685845883,0.999551478060558,1,863,7732.17637,aB,0.2553647332851879
1.750977500432694,0.7603833208516458,0.007600932437141541,0.019992370239337528,1.060219219090959,0.9850791576621494,0.9995751311269023,1,879,7732.20837,aB,0.42830537402726043
1.750977500432694,0.6910833654498757,0.007525031305585264,0.02177749221524579,1.0609112453928748,0.9854507380746012,0.9995865815815951,1,895,7732.24037,aB,0.06929995540177014
1.750977500432694,0.47091167356504576,0.004671994374467267,0.01984233832683673,1.0605290223005308,0.985429733387884,0.9995993283659405,1,911,7732.272370000001,aB,0.22017169188482993
1.750977500432694,0.4598424015383489,0.003976550385879889,0.017295274957580275,1.062049017948889,0.9859183719440422,0.9995884340593779,1,927,7732.30437,aB,0.011069272026696886
1.7007651475991505,0.7296749969734897,0.006801430999302066,0.018642357289238933,1.0641597993186345,0.987457066877951,0.999575667049696,1,943,7732.33637,aB,0.27446476993658886
1.7007651475991505,0.8080964013841847,0.007607665021495596,0.018828607597965938,1.0652679505923737,0.9868458902798956,0.9995795278497106,1,959,7732.36837,aB,0.078421404410695
1.7007651475991505,0.5719456863579195,0.004834365308414082,0.016904980398396677,1.0622932956984692,0.9867843989401437,0.9995815627917521,1,975,7732.40037,aB,0.23615071502626517
1.7007651475991505,0.5707766049946325,0.00383621861355459,0.013442101795993077,1.0605312038477606,0.9866795518608451,0.9995803021694405,1,991,7732.43237,aB,0.0011690813632870833
1.7007651475991505,0.6026417826395996,0.004152321389055094,0.013780396609301566,1.0593129730689959,0.9867445094948839,0.9995225099861217,1,1007,7732.464370000001,aB,0.0318651776449671
1.7007651475991505,0.4915744364069319,0.003992974171577289,0.016245654272680085,1.0641947336661335,0.9863116267475855,0.9995400895914172,1,1023,7732.49637,aB,0.11106734623266767
1.7954559846999836,0.48152161044711855,0.0044190662012093375,0.01835459138419976,1.0684910269781882,0.9851345011773238,0.9995571130321064,1,1039,7732.52837,aB,0.09522296960626042
1.7954559846999836,0.44605466733843313,0.004520380388819661,0.020268279741549853,1.066318500407885,0.9851211913809452,0.999554316570154,1,1055,7732.56037,aB,0.03546694310868542
1.7954559846999836,0.4875813118323952,0.005593130143224264,0.02294234831193402,1.0611608803263817,0.9869202405481663,0.9995517756136705,1,1071,7732.59237,aB,0.041526644493962095
1.7954559846999836,0.6419451352697194,0.007595058134517658,0.023662639428917928,1.0583893227234926,0.98803538740509,0.9995758182929534,1,1087,7732.62437,aB,0.1543638234373242
1.7954559846999836,0.6155476509536387,0.007706865488315179,0.02504067873990031,1.0589858961120031,0.9879889093325074,0.9995680376739972,1,1103,7732.656370000001,aB,0.026397484316080688
1.3631833871122057,0.6743630128024802,0.008344108553725103,0.024746637627853053,1.0579686865587306,0.9867884363935824,0.9995539178540479,1,1119,7732.68837,aB,0.4362554818162118
1.6428638241601528,0.8742744575761807,0.014217384480980321,0.03252384730624817,1.0554331641954127,0.9763900721644987,0.9995561966184431,1,1135,7732.72037,aB,0.34378151872786733
1.6740648289606628,0.8778909255539369,0.015654914104738873,0.03566482725598477,1.0492142612970667,0.9714356506231305,0.9995287286447785,1,1151,7732.75237,aB,0.03140989559351615
1.6740648289606628,0.9142995019060612,0.017104485170373038,0.037415497076647035,1.044817525969986,0.9702301319835406,0.9995338190628945,1,1167,7732.78437,aB,0.036408576352124356
1.6740648289606628,0.859061900382717,0.017104518399235807,0.03982138747304623,1.0415695629789599,0.9666682462562848,0.9995451507094858,1,1183,7732.8163700000005,aB,0.055237601523344226
1.6740648289606628,0.9277192308441463,0.019187469884096288,0.04136482083407349,1.039284841585117,0.9618550938068321,0.9995662699189787,1,1199,7732.848370000001,aB,0.0686573304614293
1.6740648289606628,0.8878335346340299,0.019451767740474562,0.043818501963868016,1.0396568222376152,0.9577585821798973,0.9995521758382365,1,1215,7732.88037,aB,0.039885696210116395
1.6740648289606628,0.83029841884672,0.01938564536354264,0.04669560949054726,1.0448959587572564,0.9550900689757327,0.999555700912272,1,1231,7732.91237,aB,0.057535115787309965
1.6740648289606628,0.6269645830037985,0.014114644252338998,0.045025332004291166,1.0490374014989183,0.9549990423076551,0.9995640046015426,1,1247,7732.94437,aB,0.20333383584292142
1.6740648289606628,0.31152930451669675,0.004958387154798378,0.031832556892140644,1.0488960185554728,0.9564031332235203,0.9996072405139241,1,1263,7732.97637,aB,0.3154352784871018
1.6740648289606628,0.27343683781477635,0.003972455896646638,0.029055747779950146,1.04512299800899,0.9564021453797237,0.9995893743730766,1,1279,7733.0083700000005,aB,0.0380924667019204
1.6740648289606628,0.2571354256237106,0.00475440563808785,0.03697977924710692,1.038654656324323,0.957108736888533,0.9995888519734177,1,1295,7733.040370000001,aB,0.016301412191065734
1.7036650615381732,0.33211822617086983,0.007992614781692704,0.048131142176946494,1.0401809071246497,0.9570481035682281,0.9995972787888939,1,1311,7733.07237,aB,0.08061385827844844
1.7036650615381732,0.3547550560161821,0.009849807842351154,0.055530190058246026,1.0425738142945495,0.9597701395464338,0.9995814661617536,1,1327,7733.10437,aB,0.02263682984531229
1.7036650615381732,0.15742393564535287,0.004493782748663525,0.05709148015187716,1.047117468492782,0.9674571065138382,0.9995876863916797,1,1343,7733.13637,aB,0.19733112037082925
1.7036650615381732,0.1399392232543178,0.0038390089911183828,0.05486680434321949,1.0500444233389796,0.9774494876067852,0.9996042063664438,1,1359,7733.16837,aB,0.01748471239103508
1.7036650615381732,0.18682750456237185,0.004466571497551041,0.04781492433904333,1.0529318443635818,0.9838819618386365,0.9996155001116708,1,1375,7733.2003700000005,aB,0.04688828130805406
1.6465641242106754,0.22412873782835196,0.004199943157780863,0.03747795305925804,1.053224655519326,0.9826457531217119,0.9996020573489707,1,1391,7733.232370000001,aB,0.06820483155057191
1.483007499855769,0.2958521028547781,0.0041037364081663065,0.027741809969021352,1.051001835939381,0.981093169018702,0.9996328823139902,1,1407,7733.26437,aB,0.17859174242132797
1.8416468716679577,0.3497065918999965,0.004291007676659293,0.02454061648278204,1.0497403154623282,0.9840864688340593,0.999653366186398,1,1423,7733.29637,aB,0.3626603162797977
1.7509775004326942,0.4132819150280527,0.004681779307468523,0.022656589302489726,1.0510385929118666,0.9852231972973922,0.999632379000349,1,1439,7733.32837,aB,0.1107373315148726
1.7509775004326942,0.5337741095920369,0.006227863785023867,0.02333520368675738,1.0577026747589184,0.9827189848184892,0.9996427010493177,1,1455,7733.36037,aB,0.12049219456398413
1.8416468716679577,0.5806049620536529,0.006858044057769118,0.023623787277020813,1.060108586177509,0.9805637586049314,0.9996664683977946,1,1471,7733.3923700000005,aB,0.1020493195591214
1.8416468716679577,0.5960454405356547,0.006973276145761215,0.023398471564498386,1.0545727901400488,0.9801704339579981,0.9996692842572074,1,1487,7733.424370000001,aB,0.015440478482001807
1.8416468716679577,0.5654305297738679,0.00667836352021176,0.02362222472452144,1.0475950398743694,0.9800492658134125,0.999674777618199,1,1503,7733.45637,aB,0.030614910761786795
1.8416468716679577,0.34244080288880846,0.0038432897362133613,0.02244644740808699,1.044011265675095,0.9799271569339529,0.9996783007507866,1,1519,7733.48837,aB,0.2229897268850594
1.8416468716679577,0.42680713809982485,0.003785279038597356,0.017737655726423333,1.0376526466559544,0.979852788372575,0.9996669686903391,1,1535,7733.52037,aB,0.08436633521101639
1.8416468716679577,0.5711705460269776,0.003983797292141318,0.013949589382198833,1.0332011058043897,0.980340592503913,0.9996628978390002,1,1551,7733.55237,aB,0.14436340792715274
1.8416468716679577,0.658881628456714,0.004239329021705217,0.012868256872284985,1.023501014683406,0.9803958791572911,0.9996579966364137,1,1567,7733.5843700000005,aB,0.08771108242973646
1.8416468716679577,0.8913395405860921,0.004637397972107489,0.01040545776541723,1.015140221628953,0.9802096659626554,0.9996459653756353,1,1583,7733.616370000001,aB,0.23245791212937805
1.5169925001442313,0.9048845438452643,0.006745699049619058,0.014909524304511883,0.9996258600758119,0.9776328758427424,0.9996235684723792,1,1599,7733.64837,aB,0.32493680626047394
1.5169925001442313,0.667427964575565,0.006589092570698493,0.01974473027928541,0.9861340526956992,0.9777632795474849,0.9996084552361953,1,1615,7733.68037,aB,0.23745657926969932
1.5169925001442313,0.5780062083645183,0.0066998358715133575,0.023182574078125198,0.9759359200602287,0.9779196429862405,0.9995980721815648,1,1631,7733.71237,aB,0.08942175621104664
1.5169925001442313,0.5832775252683227,0.007609720311353415,0.02609296597825451,0.9807842907880935,0.9727487289552198,0.9996189564978863,1,1647,7733.74437,aB,0.005271316903804335
1.551977636644367,0.6286343443327066,0.00955832057961057,0.030409794392499183,0.9921361333930658,0.9686223202311821,0.999615742634921,1,1663,7733.7763700000005,aB,0.05728176683354301
1.551977636644367,0.7770831972545168,0.013506462325869842,0.034761946657935756,1.0014012525602505,0.9680118445553989,0.9996336187226594,1,1679,7733.808370000001,aB,0.1484488529218102
1.551977636644367,0.9435818472301727,0.016245183989972732,0.0344330150853569,1.0006799432402256,0.9686680335564517,0.9996593458689026,1,1695,7733.84037,aB,0.1664986499756559
1.551977636644367,0.7768211738807994,0.013257905474392052,0.03413373867799961,0.9921128813710536,0.968635420887026,0.9996499706091,1,1711,7733.87237,aB,0.16676067334937328
1.551977636644367,0.67073643909332,0.0111612143997659,0.033280477246333214,0.9833345512611603,0.9694342782494754,0.9996458456018616,1,1727,7733.90437,aB,0.10608473478747937
1.551977636644367,0.8546019748795394,0.014948932258929078,0.034984548827040114,0.976444489517424,0.9689846029570408,0.9996391400151529,1,1743,7733.93637,aB,0.18386553578621934
1.551977636644367,0.7795855735094661,0.014676115765555445,0.0376510706823059,0.9697735195598052,0.968257484974318,0.999616703112775,1,1759,7733.9683700000005,aB,0.07501640137007326
1.551977636644367,0.3538345304402163,0.004980649261406302,0.028152420597332462,0.9645609655602926,0.9677184308811065,0.9996140607106478,1,1775,7734.000370000001,aB,0.4257510430692498
1.551977636644367,0.39335139495909505,0.004569570041695587,0.023234035014269013,0.9688528489931287,0.9662287201422866,0.9996033964038369,1,1791,7734.03237,aB,0.03951686451887876
1.551977636644367,0.4117511104729207,0.004199441579789422,0.02039796116137301,0.9713511369820528,0.9672350887862268,0.9996090364367332,1,1807,7734.06437,aB,0.018399715513825632
1.551977636644367,0.3966904774667882,0.0038888245598214907,0.019606341874677705,0.971807377749176,0.9701784954576153,0.9996149076687332,1,1823,7734.09637,aB,0.015060633006132473
1.551977636644367,0.7401323330906667,0.006542017025765725,0.017677965772546038,0.968151850863145,0.9720846804945011,0.999609676808364,1,1839,7734.12837,aB,0.3434418556238785
2.0,0.7235763474709479,0.00762278960747507,0.021069758938689273,0.9666760824168291,0.9721770190135449,0.9995521349174826,1,1855,7734.1603700000005,aB,0.4483281596404661
1.6465641242106757,0.44704659209509573,0.006696051640389628,0.029956840109253063,0.9630026155296154,0.9734771136990823,0.9995236879951601,1,1871,7734.192370000001,aB,0.4487600961573961
1.8339850002884623,0.981217087496143,0.020682180233295964,0.042156176236336204,0.9596097186271911,0.9751746147888014,0.9995223876488237,1,1887,7734.22437,aB,0.5660960191935335
1.8634259852769086,1.197545586977829,0.03235796252122931,0.054040468894197294,0.9479306951998916,0.9702992648104357,0.999487805443899,1,1903,7734.25637,Ab,0.21832267698314753
1.841646871667958,1.2241504955671252,0.036371251326865715,0.05942284295692846,0.9292607615602518,0.9663742902027435,0.9994444900503666,1,1919,7734.28837,Ab,0.03438242211706997
1.841646871667958,1.2357244429055971,0.03715208704749036,0.060130051259864224,0.9154245402363153,0.9546622770356998,0.9993921358411185,1,1935,7734.32037,Ab,0.011573947338471946
1.841646871667958,1.1870149320908117,0.03730187828357048,0.062849888868486,0.9184094883430012,0.9337631366655679,0.9993936848035472,1,1951,7734.3523700000005,Ab,0.04870951081478547
1.841646871667958,1.1543867983690614,0.03692108617223846,0.06396657727618028,0.9215633280053483,0.9246593918763297,0.9994025036158176,1,1967,7734.384370000001,Ab,0.03262813372175022
1.841646871667958,0.7543254171826067,0.02273466730248745,0.060278141991823804,0.9221849684489025,0.9234747161967628,0.999402752688275,1,1983,7734.41637,aB,0.40006138118645473
1.841646871667958,0.5098032385205631,0.013290258750613564,0.05213877726309303,0.9206430996256039,0.9229126078577525,0.9993935260083392,1,1999,7734.44837,aB,0.24452217866204362
1.841646871667958,0.285562707291823,0.006345648247252258,0.04444311589165246,0.9200324548582031,0.9235105130231969,0.9993955816978093,1,2015,7734.48037,aB,0.2242405312287401
1.841646871667958,0.21192222257277246,0.00446911737104723,0.04217695828961561,0.9205098306120527,0.925613709702322,0.9993774148940225,1,2031,7734.51237,aB,0.07364048471905052
1.841646871667958,0.19773070239076668,0.005374695987661785,0.054363798061466496,0.9114596615455284,0.9264137818154101,0.9993691079721504,1,2047,7734.5443700000005,aB,0.014191520182005785
1.841646871667958,0.281667962720361,0.008456875558474363,0.06004854422773186,0.8998194974323261,0.9294353026692204,0.9993628451969047,1,2063,7734.576370000001,aB,0.08393726032959431
1.841646871667958,0.17716274153329475,0.004502146413389542,0.05082498017839083,0.8913583115415777,0.9358631168775009,0.9993360796731843,1,2079,7734.60837,aB,0.10450522118706623
1.841646871667958,0.25873523579582386,0.005221236084970646,0.04035968327940372,0.8878612146267348,0.9462161451207506,0.9993552111558727,1,2095,7734.64037,aB,0.0815724942625291
1.841646871667958,0.4695420008816808,0.006464267434423664,0.027534352293449398,0.8865817266033194,0.9543370672210439,0.9993759780337959,1,2111,7734.67237,aB,0.21080676508585694
1.841646871667958,0.6500932465462749,0.005676928303617619,0.017464966245310857,0.8854050670829936,0.9555340695421615,0.9993981488883424,1,2127,7734.70437,aB,0.18055124566459407
1.819013460321411,0.9632349370010165,0.006072263880929589,0.012608064030225642,0.8836662152981707,0.9615749784722847,0.9994028609291515,1,2143,7734.7363700000005,aB,0.31395857944963884
1.5169925001442313,0.5833634173959932,0.005855644750302726,0.020075460941452395,0.8815799191872267,0.9799882935013045,0.9994235045394734,1,2159,7734.768370000001,aB,0.48530303089242616
1.8416468716679577,0.47659341418788687,0.006494702809103738,0.02725468970304881,0.8893253133731576,0.9857516437598142,0.9994421189822681,1,2175,7734.80037,aB,0.341760580720663
1.8416468716679577,0.5846883533123131,0.007464205738987078,0.02553225388089798,0.8898143704668539,0.9877271746162415,0.9994667128437161,1,2191,7734.83237,aB,0.10809493912442619
1.8416468716679577,0.5458388952224752,0.005899723522506421,0.021617087291303374,0.8758560783685665,0.9869162246972331,0.9994337183978106,1,2207,7734.86437,aB,0.03884945808983786
1.8416468716679577,0.6158405641248466,0.005914631567752489,0.01920832082945885,0.8651299980282396,0.9872932932819876,0.9994346333238262,1,2223,7734.89637,aB,0.07000166890237136
1.8416468716679577,0.8953665669416694,0.00869280510082828,0.019417310008615928,0.8577255091549874,0.9868411100370679,0.9994064655050591,1,2239,7734.9283700000005,aB,0.2795260028168228
1.8416468716679577,0.8675169778487954,0.008896939832715431,0.020511275421438796,0.85724752607684,0.9856949754547601,0.9993949153635008,1,2255,7734.960370000001,aB,0.02784958909287394
1.5169925001442313,0.7852827844764301,0.009535488952833395,0.024285490886422453,0.8502251288084723,0.9820304609886903,0.999363841459141,1,2271,7734.99237,aB,0.33490733570507136
1.551977636644367,0.8165754939787162,0.01092033827992873,0.02674667158261148,0.8429056245930286,0.978639625688713,0.9993256550817765,1,2287,7735.02437,aB,0.04693818748021268
1.551977636644367,0.5738779009088728,0.00675309660134921,0.023534959581660377,0.8357832206701512,0.9770396179669935,0.9993127500592033,1,2303,7735.05637,aB,0.2426975930698434
1.551977636644367,0.582434328931357,0.0068550956117559,0.023539462807192497,0.8347797873820539,0.9747487850534311,0.9992901403478813,1,2319,7735.08837,aB,0.008556428022484242
1.551977636644367,0.5444562086419402,0.006715269133265256,0.024667802576869978,0.83712160055802,0.9709612205172384,0.9993184420706551,1,2335,7735.120370000001,aB,0.03797812028941683
1.5849625007211563,0.5085845064382055,0.00711025223706277,0.027960947087666287,0.8415192919449738,0.9690822962588908,0.9993257044597669,1,2351,7735.152370000001,aB,0.04873171736310648
1.3295716240664441,0.4872355916203566,0.00734375788610618,0.030144587187006144,0.847601644139144,0.9684970093172616,0.9993237925714328,1,2367,7735.18437,aB,0.256281634227586
1.3295716240664441,0.5235628495667562,0.0077252259097342684,0.029510214164839337,0.8512336295826421,0.9701060092138611,0.9993357534451859,1,2383,7735.21637,aB,0.03632725794639963
1.3295716240664441,0.4133179644774226,0.0051110830010165885,0.024731966380792433,0.8514213371392991,0.9707983967766589,0.9993634525814125,1,2399,7735.24837,aB,0.11024488508933367
1.3295716240664441,0.3606502529947229,0.004365851398115549,0.024210998671776507,0.8501945332848695,0.9707775557818885,0.9993855321440119,1,2415,7735.28037,aB,0.052667711482699664
1.3295716240664441,0.29614188368989336,0.00452955709719571,0.03059045239233273,0.8433866456006058,0.9716057471323882,0.9993401443682417,1,2431,7735.312370000001,aB,0.06450836930482956
1.3295716240664441,0.301036643125168,0.004827819740965212,0.03207463178466186,0.8348499992281928,0.9695534805529322,0.9993158635047308,1,2447,7735.344370000001,aB,0.00489475943527462
1.3295716240664441,0.369619312490999,0.004856532348791996,0.026278563834027276,0.8317272569005552,0.9704862660674975,0.9993247325162816,1,2463,7735.37637,aB,0.06858266936583102
1.3295716240664441,0.3936393446579844,0.004895545446647262,0.02487325270242375,0.8240680691972738,0.9695481805370523,0.9992319426544102,1,2479,7735.40837,aB,0.024020032166985394
1.3295716240664441,0.433154169743966,0.005042268575432355,0.023281634704857168,0.816765207512511,0.9718959241388494,0.99918601477126,1,2495,7735.44037,aB,0.039514825085981586
1.3295716240664441,0.45698882268764074,0.006263013060689468,0.027409917922523626,0.8064453090774386,0.9748039622927744,0.9991720253206717,1,2511,7735.47237,aB,0.02383465294367476
1.3295716240664441,0.40302585528616186,0.006894618617623418,0.03421427447987429,0.8043141822146977,0.9767227450202733,0.9991681178052542,1,2527,7735.504370000001,aB,0.05396296740147888
1.2983706192659352,0.45177564357134564,0.009124906960636187,0.04039574550103057,0.8063596039495283,0.977603812365075,0.9992096123250878,1,2543,7735.536370000001,aB,0.05787956943872011
1.2983706192659352,0.7019785534099925,0.015026963349115699,0.04281316936570043,0.8104845965069005,0.9776828502830571,0.9992393720437597,1,2559,7735.56837,aB,0.25020290983864685
1.2983706192659352,0.4823047935551481,0.008455993956326211,0.0350649384759197,0.8119170417878012,0.9762133309664736,0.9992681072464482,1,2575,7735.60037,aB,0.21967375985484439
1.2983706192659352,0.4767659838481365,0.007982342112572063,0.03348536759331666,0.8112307087336056,0.9749308751432906,0.9992618247897604,1,2591,7735.63237,aB,0.005538809707011594
1.2983706192659352,0.343482579408346,0.004822898475304043,0.02808234690453041,0.8036275287379432,0.975380896447744,0.999264773268014,1,2607,7735.66437,aB,0.13328340443979053
1.5169925001442313,0.3389152618853429,0.004727920425135517,0.027900309940807572,0.7917814603694182,0.9742828007515134,0.9992648980792961,1,2623,7735.696370000001,aB,0.21866958450621293
1.5169925001442313,0.30875445853349504,0.004436661385856534,0.028739091943349056,0.7862353251786938,0.9746747551919674,0.999264278022833,1,2639,7735.728370000001,aB,0.030160803351847842
1.5169925001442313,0.2508776146177748,0.004537777657900248,0.03617522962193172,0.7860663160986707,0.9747323807536112,0.9992314941285887,1,2655,7735.76037,aB,0.05787684391572023
1.5169925001442313,0.2444921626532802,0.004621620195892266,0.037805876030850845,0.7827651064303127,0.9766221786543436,0.9992138349093085,1,2671,7735.79237,aB,0.0063854519644946095
1.5169925001442313,0.3007293008296518,0.004764839675373107,0.03168856285189285,0.7752405600954373,0.9782203697321004,0.999188047323967,1,2687,7735.82437,aB,0.05623713817637163
1.5169925001442313,0.41841337239366816,0.004969164582060003,0.023752417632506823,0.7731545726036255,0.9764927796474423,0.9992174273099053,1,2703,7735.85637,aB,0.11768407156401633
1.5169925001442313,0.5786201606028882,0.005449384651628826,0.018835792537719002,0.7711235707173691,0.9767307684510298,0.999199588972392,1,2719,7735.888370000001,aB,0.16020678820922007
1.9627562382434074,0.5605552001707977,0.005479506831124571,0.01955028453738365,0.770383793479417,0.9769377292752791,0.9992352485918082,1,2735,7735.92037,aB,0.44612963698858193
1.9627562382434074,0.5172053007298905,0.006200173584935387,0.023975676877965396,0.7667634474032852,0.9772945905309433,0.9992237113695582,1,2751,7735.95237,aB,0.04334989944090728
1.9627562382434074,0.5676670725710222,0.00889464159509164,0.031337528720159505,0.7651482769003475,0.9822028616152644,0.9992491630978225,1,2767,7735.98437,aB,0.050461771841131764
1.9627562382434074,0.5601982500361117,0.010331062458943588,0.03688359418572844,0.7642170099387537,0.9849263982430679,0.999246658162101,1,2783,7736.01637,aB,0.007468822534910546
2.0,0.6112174123842136,0.011616497820680784,0.0380110173084487,0.7666312315142452,0.9797838403678283,0.9992201522764582,1,2799,7736.04837,aB,0.06316686407036372
2.0,0.6338880064373952,0.01005260285133848,0.03171728365026672,0.7601210469820483,0.978143667576163,0.9991931435135711,1,2815,7736.080370000001,aB,0.022670594053181614
2.0,0.5577296692653978,0.006795233141838382,0.02436747950234953,0.7530091779931332,0.9777584935017286,0.9991767068949352,1,2831,7736.11237,aB,0.07615833717199738
2.0,0.5995845600587768,0.00722562398016085,0.024102101559961876,0.7424621701558877,0.9767242909708179,0.9991638012516275,1,2847,7736.14437,aB,0.04185489079337901
2.0,0.5855987945508202,0.007089908374645832,0.024214217790813935,0.742491024874356,0.9746342053580217,0.999099599234136,1,2863,7736.17637,aB,0.013985765507956605
2.0,0.5139400426839515,0.005926312312904285,0.023062271162819992,0.7445980823613663,0.9741681053552442,0.9991310465215137,1,2879,7736.20837,aB,0.07165875186686865
2.0,0.4328645426267897,0.005952932069662182,0.027504826491620147,0.7451783305533344,0.973596581358791,0.9991075270581147,1,2895,7736.24037,aB,0.08107550005716185
2.0,0.5225050424105171,0.00884905839807641,0.033871666988139655,0.7421312246516556,0.9758392468631857,0.9991296771029101,1,2911,7736.272370000001,aB,0.0896404997837274
1.551977636644367,0.41999964622348845,0.006688878862703088,0.031851830937704315,0.7456656407510521,0.9773651621377346,0.9991556178963643,1,2927,7736.30437,aB,0.4595991670077597
1.5849625007211563,0.3762904782836266,0.007218077619852202,0.03836439153483773,0.758362432504271,0.9773084260412662,0.9992279229912083,1,2943,7736.33637,aB,0.054758493589207834
1.5849625007211563,0.37257330807689515,0.007756777023077355,0.041638930406020604,0.7669887920587122,0.9779457432472665,0.9992377674103984,1,2959,7736.36837,aB,0.003717170206731457
1.5849625007211563,0.3719053707987705,0.008385282464573393,0.04509363468757475,0.7654121485409968,0.9742911731869923,0.9991881675949378,1,2975,7736.40037,aB,0.0006679372781246418
1.4416739708939164,0.39765679333394033,0.008591661593251037,0.043211441309571774,0.7613440076792126,0.9587078315387285,0.999128542870218,1,2991,7736.43237,aB,0.14558412874567297
1.4416739708939164,0.5071182718261502,0.009747959323406507,0.038444520203556355,0.7601447300125125,0.957644382515018,0.9991308235448567,1,3007,7736.464370000001,aB,0.10946147849220988
1.4416739708939164,0.5939393106056212,0.01061352028296026,0.0357394100489425,0.7596046024551439,0.9583489788513886,0.9990958241981931,1,3023,7736.49637,aB,0.086821038779471
1.4416739708939164,0.6171955346906979,0.010850839317427282,0.03516175574039136,0.7596730156971219,0.9554667280453247,0.9991161405200394,1,3039,7736.52837,aB,0.02325622408507666
1.4416739708939164,0.6004050867120637,0.009592272777000994,0.03195266992000406,0.7529027859961311,0.9560879364773052,0.999141720073317,1,3055,7736.56037,aB,0.01679044797863416
1.4416739708939164,0.5596541643350781,0.009025173357857932,0.03225268007638499,0.7500389270979613,0.9566527549515339,0.9991409981587834,1,3071,7736.59237,aB,0.04075092237698563
1.4416739708939164,0.5317637947058017,0.009699289165633675,0.036479689900662776,0.7482559495934891,0.9575030816240726,0.9991468870013873,1,3087,7736.62437,aB,0.02789036962927638
1.4416739708939164,0.5429595456233605,0.010816926780215145,0.03984431940614087,0.7469336750783346,0.959890715922398,0.9991097856563756,1,3103,7736.656370000001,aB,0.011195750917558756
1.4416739708939164,0.6786895478381157,0.007175706676055148,0.02114577040095137,0.7394106170069181,0.9601007370647738,0.999132055560695,1,3119,7736.68837,aB,0.13573000221475529
1.4416739708939164,0.8103487837390919,0.0066383118297247195,0.016383838571570084,0.7323019905085846,0.9606388124813577,0.99907379739222,1,3135,7736.72037,aB,0.13165923590097617
1.4416739708939164,0.6793176170341894,0.00631684695457899,0.0185976244283418,0.723374502696937,0.9609667085395298,0.999044940997392,1,3151,7736.75237,aB,0.13103116670490256
1.4416739708939164,0.6126827240858024,0.005626697304297003,0.01836740969869103,0.719321486306177,0.9599335998773306,0.9990422080126165,1,3167,7736.78437,aB,0.06663489294838698
1.4416739708939164,0.6726231991098299,0.006201168745410854,0.018438759631299276,0.7077881034379461,0.9627342922740003,0.9989869286788947,1,3183,7736.8163700000005,aB,0.05994047502402755
1.4148282925505014,0.6820222094608146,0.00624496656119436,0.018313088560947113,0.6951580850636155,0.9689876993540323,0.9988962704929545,1,3199,7736.848370000001,aB,0.02844348504132393
1.6465641242106754,0.6430527480681024,0.007221540661373551,0.02246018132437482,0.6818108897886399,0.9720760125052372,0.9986515874141064,1,3215,7736.88037,aB,0.23498960529451218
1.6465641242106754,0.6242983427953859,0.007003353649371391,0.022435919397167915,0.6769817462467307,0.9731586252052215,0.9987154329574466,1,3231,7736.91237,aB,0.018754405272716546
1.6153631194101663,0.655207972808472,0.008746892974798708,0.026699592611201535,0.6762906181137203,0.9782125865519384,0.9988088889134001,1,3247,7736.94437,aB,0.04391933433133143
1.6153631194101663,0.618213578020103,0.008733036781792498,0.028252491023445358,0.6800579166478199,0.9743885468483777,0.9988374090990436,1,3263,7736.97637,aB,0.03699439478836897
1.6740648289606628,0.664270164975931,0.00952588962705371,0.028680769148796165,0.6843289153268747,0.9697513922155288,0.9988555035321528,1,3279,7737.0083700000005,aB,0.07461300091921379
1.6740648289606628,0.7532578452296557,0.011881017870847367,0.03154568637044874,0.6859869738384576,0.9673535285001186,0.9988649092867411,1,3295,7737.040370000001,aB,0.08898768025372461
1.6740648289606628,0.7535446751998269,0.012202270143390804,0.03238632172712248,0.6798098357449641,0.9647030412526785,0.9988277048017334,1,3311,7737.07237,aB,0.0002868299701712651
1.6740648289606628,0.5496278066171311,0.009078293251798422,0.033034330295891784,0.6754336286961015,0.9599044994414175,0.9988205629777128,1,3327,7737.10437,aB,0.20391686858269586
1.6740648289606628,0.5178290499063135,0.0076797432125738216,0.02966130700455393,0.6704980314886276,0.9577975302738304,0.998728013650288,1,3343,7737.13637,aB,0.031798756710817555
1.6740648289606628,0.530161142442487,0.00900115872282308,0.03395631253303157,0.6747375808156393,0.9539301831164001,0.9987261004138505,1,3359,7737.16837,aB,0.012332092536173511
1.7036650615381732,0.5231503649244668,0.010206110751057153,0.039017886387332355,0.67906208922772,0.9499690853783469,0.9987089447985175,1,3375,7737.2003700000005,aB,0.03041915136965343
1.7036650615381732,0.4844271323739706,0.008309071177001751,0.03430473077047745,0.6786110372171037,0.9490105785522123,0.9987465338884346,1,3391,7737.232370000001,aB,0.038723232550496145
1.7036650615381732,0.46111248918074116,0.006663243275941907,0.02890072783663047,0.6791815169980179,0.9491835876142514,0.9987730113887663,1,3407,7737.26437,aB,0.023314643193229456
1.7036650615381732,0.4309400770373827,0.006864054619760298,0.031856190619118784,0.672646313219337,0.9431445072853835,0.9986327023954319,1,3423,7737.29637,aB,0.030172412143358474
1.7036650615381732,0.44283554816829035,0.007214690414752702,0.03258406171137332,0.6752746337671616,0.9408886663724095,0.9985452725577899,1,3439,7737.32837,aB,0.011895471130907664
1.7036650615381732,0.4343267701484458,0.006911815248531309,0.031827719236228354,0.6686975129991028,0.9425906453393212,0.9986082834009624,1,3455,7737.36037,aB,0.008508778019844565
1.6465641242106757,0.4624148551222861,0.007223464525560881,0.031242354978629,0.6715656391837562,0.9441423553320594,0.9988417309663455,1,3471,7737.3923700000005,aB,0.06363534836218371
1.6465641242106757,0.5378689471668818,0.007295875793609854,0.0271288232274402,0.6739943025291374,0.9455528538725081,0.9988307342582715,1,3487,7737.424370000001,aB,0.07545409204459574
1.4148282925505014,0.5292429344899778,0.00734562630616971,0.027758996209362955,0.680665698609376,0.9465573536498394,0.9988399766388211,1,3503,7737.45637,aB,0.23189632116515937
1.4148282925505014,0.5157568635525016,0.008113151259917553,0.03146114703751945,0.6765872742825766,0.9440303265406366,0.9987299373448668,1,3519,7737.48837,aB,0.013486070937476224
1.4148282925505014,0.5198382469438677,0.009533725636606734,0.03667958520811258,0.6659435212952758,0.9401572274775506,0.9986776516595114,1,3535,7737.52037,aB,0.0040813833913661
1.5636454192496456,0.4707293333465911,0.009924038600569405,0.04216452172213572,0.6560323061404134,0.9325446595598268,0.9986564639596632,1,3551,7737.55237,aB,0.15671063331406052
1.565055366010973,0.5399782622338798,0.012268826925858414,0.04544192899581739,0.6547173300322715,0.926365128474835,0.9985261631354165,1,3567,7737.5843700000005,aB,0.06926328105068762
1.565055366010973,0.5570748714434962,0.012226752788100178,0.0438962639130289,0.6548965555750212,0.9251556309959607,0.9985406186458223,1,3583,7737.616370000001,aB,0.01709660920961642
1.565055366010973,0.5445527827492732,0.012141568152521967,0.0445928054622109,0.6586978434747492,0.918025805151212,0.9986247160666201,1,3599,7737.64837,aB,0.012522088694223
1.565055366010973,0.5241063396430462,0.01204690677858692,0.045971230902460455,0.6556860690956408,0.9124547681238597,0.9986469395027019,1,3615,7737.68037,aB,0.020446443106227008
1.565055366010973,0.5286002653044791,0.011150834344160603,0.04219004444781203,0.649608558852762,0.9171326526243007,0.9986762126798232,1,3631,7737.71237,aB,0.004493925661432918
1.565055366010973,0.5246320704457054,0.01048761828952614,0.039980850887046615,0.65037603967725,0.9194187466684265,0.9987052629689378,1,3647,7737.74437,aB,0.003968194858773755
1.565055366010973,0.5205992273751102,0.009303470225880513,0.03574139083067456,0.6488968832464155,0.9211609535937743,0.9986800091266813,1,3663,7737.7763700000005,aB,0.004032843070595149
1.565055366010973,0.44954970249617837,0.006304518137060471,0.02804814729963731,0.6500722803934988,0.9270234264194976,0.9987817085132344,1,3679,7737.808370000001,aB,0.07104952487893185
1.565055366010973,0.31643761191014624,0.005251262638076289,0.03318987655340672,0.6449389842336695,0.9279564954991991,0.9988817787886402,1,3695,7737.84037,aB,0.13311209058603213
1.565055366010973,0.35291585947318826,0.00543046680966857,0.03077485278091411,0.6437053319692313,0.9317703897890622,0.9988930194126402,1,3711,7737.87237,aB,0.03647824756304202
1.565055366010973,0.3922272146369185,0.005338954511159496,0.027223784132886963,0.639669301144314,0.9341500302642828,0.9988707417739346,1,3727,7737.90437,aB,0.039311355163730244
1.565055366010973,0.5314843021466749,0.00601710559215042,0.022642646519745624,0.6349407189498175,0.938792798597731,0.9987556260612416,1,3743,7737.93637,aB,0.13925708750975635
1.565055366010973,0.4668587474661959,0.006596505183747312,0.028259105005738163,0.6316746825241774,0.9530581943652264,0.998760915816563,1,3759,7737.9683700000005,aB,0.06462555468047898
1.520642841055476,0.49033755392704326,0.006487881983226803,0.026462921027632026,0.6322038948279122,0.9631316952338135,0.998908387430526,1,3775,7738.000370000001,aB,0.050236706955657136
1.4757023246507464,0.6856366966333283,0.008249903432219293,0.024064941309963925,0.6359239937797845,0.9646844882145778,0.9989109422446075,1,3791,7738.03237,aB,0.2004031066538981
1.4468730126005047,0.7807853245527664,0.009113883452635703,0.023345427138646933,0.6351916001942006,0.969808535035328,0.9989275436374876,1,3807,7738.06437,aB,0.0994202727226288
1.5169925001442313,0.661193400136129,0.008231821317726214,0.02489988955132164,0.6329333414748545,0.9787388222179553,0.9990517629381624,1,3823,7738.09637,aB,0.13863250311189482
1.5169925001442313,0.5589970927158293,0.007331609627126317,0.026231297882092566,0.6295064285708099,0.9785306452304953,0.9990271262333679,1,3839,7738.12837,aB,0.10219630742029973
1.5169925001442313,0.5456089345256662,0.007139399173441954,0.026170389528715123,0.624288089772983,0.9769852387971218,0.9990483885609347,1,3855,7738.1603700000005,aB,0.013388158190163146
1.2653857551891459,0.6500745087332006,0.008474687223912128,0.02607297197494097,0.6164312171875327,0.9762670786600505,0.9989251947346206,1,3871,7738.192370000001,aB,0.2724316617087729
1.3570723288164313,0.6602610985342071,0.009533487242009149,0.02887793105840608,0.610747321039333,0.9738259853055176,0.998830932989926,1,3887,7738.22437,aB,0.0922507148768268
1.386672561393942,0.7153321446763241,0.01050385934770596,0.02936778229771509,0.6045517664526211,0.9726558512028893,0.9988109615951438,1,3903,7738.25637,aB,0.06252194728117401
1.386672561393942,0.6746907898032288,0.011006951557523873,0.03262813639633057,0.6000167761764124,0.9709447015228836,0.9986911792217104,1,3919,7738.28837,aB,0.04064135487309528
1.386672561393942,0.5975397793950912,0.008744895851059949,0.029269669242481863,0.6010166198275358,0.9656187259939601,0.9986935953922236,1,3935,7738.32037,aB,0.07715101040813765
1.386672561393942,0.6436517339409231,0.008986503942007357,0.02792349796678144,0.6019730825758587,0.9639931317629802,0.9987020813482669,1,3951,7738.3523700000005,aB,0.046111954545831946
1.386672561393942,0.6030824823790211,0.008442946395735814,0.027999309024630728,0.60603644950673,0.9626847102548818,0.9987209240473899,1,3967,7738.384370000001,aB,0.04056925156190205
1.4148282925505014,0.5358135731387359,0.009120177842891134,0.03404235465505718,0.6137792785397477,0.9614625210829164,0.9987360673580253,1,3983,7738.41637,aB,0.07292359938550877
1.4148282925505014,0.4558743481623122,0.007907012874525823,0.03468943978269452,0.616694697330889,0.9638059015532785,0.9988366011379529,1,3999,7738.44837,aB,0.0799392249764237
1.4148282925505014,0.4440215117814693,0.009344144490283143,0.04208870175137811,0.6162447632091275,0.9666235420857197,0.998857983657575,1,4015,7738.48037,aB,0.01185283638084289
1.4148282925505014,0.461265604231422,0.010929480246837686,0.047389097069350294,0.6101657488489733,0.9658151784445557,0.9987779506893021,1,4031,7738.51237,aB,0.017244092449952675
1.4148282925505014,0.7759676600904832,0.02093124556063835,0.05394875749898551,0.607218455299124,0.9664769937680016,0.99876091121128,1,4047,7738.5443700000005,aB,0.31470205585906125
1.4148282925505014,0.5431267288778932,0.012957186173871402,0.047713306986901995,0.6061971671955394,0.9656733608789427,0.9987367412192709,1,4063,7738.576370000001,aB,0.23284093121259009
1.4148282925505014,0.6392849188636305,0.014103840793201866,0.044123802633330815,0.607327743289793,0.9614845677091562,0.9985216731256873,1,4079,7738.60837,aB,0.09615818998573733
1.4148282925505014,0.42978831907328374,0.008593399717798314,0.039988986840440596,0.6126333281851133,0.95967574850836,0.9985677122421251,1,4095,7738.64037,aB,0.20949659979034674
1.4148282925505014,0.4210025686650522,0.006809396089966245,0.03234847764258546,0.6136339109528011,0.9615364829003015,0.9985272877311748,1,4111,7738.67237,aB,0.00878575040823154
1.4148282925505014,0.5309637562478641,0.00724875681864628,0.027304149231844828,0.6134832213944114,0.9611439056705838,0.9985834718161113,1,4127,7738.70437,aB,0.10996118758281187
1.3591718566439548,0.5452024877795968,0.007941158651870058,0.029131043345790256,0.6109898961259694,0.9564994684777892,0.998577877179234,1,4143,7738.7363700000005,aB,0.05744893674779617
1.3591718566439548,0.5105035803134528,0.008269092948516212,0.03239582744332148,0.6074306029172594,0.9564116377587345,0.9985176528470313,1,4159,7738.768370000001,aB,0.03469890746614401
1.3591718566439548,0.5823255988644014,0.0100112258047858,0.03438360197219145,0.6123515192736269,0.9580868715802062,0.9986016741286201,1,4175,7738.80037,aB,0.07182201855094861
1.3591718566439548,0.5356229696552491,0.009246541351874762,0.03452630628528216,0.6171204625733083,0.9499202854635455,0.9986599888769185,1,4191,7738.83237,aB,0.04670262920915225
1.3591718566439548,0.3974289156449062,0.00684963539229849,0.034469738474784184,0.6232452348328346,0.9445812533185938,0.9986731958561267,1,4207,7738.86437,aB,0.13819405401034296
1.4148282925505014,0.37414219882664973,0.007112011286092129,0.03801769117942944,0.6279296286687837,0.9434420443736898,0.9986927529214695,1,4223,7738.89637,aB,0.06033166695851519
1.4148282925505014,0.46562453865186576,0.010136571210861143,0.04353967787097222,0.6298806111013726,0.9468471468691503,0.998719949627759,1,4239,7738.9283700000005,aB,0.09148233982521603
1.4148282925505014,0.4027445381655286,0.009432006906435168,0.04683865831873107,0.6309870277025771,0.9482908908985592,0.9987529361092846,1,4255,7738.960370000001,aB,0.06288000048633718
1.5614709844115204,0.3790272648534956,0.009997765782198183,0.05275486335297063,0.6204791255551285,0.9384749966972763,0.998571582015958,1,4271,7738.99237,aB,0.14854826868598459
1.5849625007211563,0.471166890287648,0.015262532902575666,0.06478610113396495,0.6161817367938414,0.9104878634391207,0.9985725381447808,1,4287,7739.02437,aB,0.09508712801253279
1.5849625007211563,0.4929637142680624,0.015435666940043518,0.06262394774009657,0.6094437861006741,0.9053954431562681,0.9985478428175644,1,4303,7739.05637,aB,0.02179682398041438
1.5849625007211563,0.48521998062266175,0.013949876043609744,0.05749918222950536,0.6074500639180511,0.8995623382370609,0.9985547327669535,1,4319,7739.08837,aB,0.007743733645400652
1.5849625007211563,0.5269843906235487,0.013475278625778537,0.05114109209130105,0.6055567421733916,0.8940633382138545,0.9987505819754796,1,4335,7739.120370000001,aB,0.04176441000088699
1.5849625007211563,0.5614293283284635,0.013606189703771756,0.04846982163999624,0.5980469467404971,0.8940807771351309,0.9986904841986414,1,4351,7739.152370000001,aB,0.034444937704914746
1.5849625007211563,0.5773567850879416,0.01408108220429933,0.04877774910761474,0.5920097749506757,0.8976387331218849,0.9985930192277364,1,4367,7739.18437,aB,0.015927456759478154
1.5849625007211563,0.6062956637557977,0.016237502550006257,0.05356298426883145,0.5921771915107948,0.900116885739801,0.9986964992533176,1,4383,7739.21637,aB,0.02893887866785605
1.5631833871122058,0.49782784585807166,0.01227186727298814,0.049301650661328376,0.5922603293666924,0.9075147159344732,0.9987216996979406,1,4399,7739.24837,aB,0.11063271355745473
1.5631833871122058,0.5659334765465776,0.007969977454744332,0.028165774901242783,0.5924791516116534,0.9178364898084848,0.9987110295226839,1,4415,7739.28037,aB,0.06810563068850589
1.6261998979067978,0.8492916075919306,0.012681159698517892,0.029862910654383772,0.5832793257592441,0.909424552210381,0.9984920482114992,1,4431,7739.312370000001,aB,0.2902807452488717
1.6261998979067978,0.5865689039067717,0.008075178496508541,0.027533605831215346,0.5697970340376972,0.9071354506595092,0.9984455001949791,1,4447,7739.344370000001,aB,0.2627227036851588
1.6261998979067978,0.5782359986519993,0.007978993020274073,0.027597704186093343,0.5589487866663821,0.9001907179011811,0.9984272060768417,1,4463,7739.37637,aB,0.008332905254772482
1.6833079048888149,0.471196178668185,0.008215034469931637,0.034868850138602844,0.5591213148320835,0.8941801858266738,0.9984088907584191,1,4479,7739.40837,aB,0.12132125750924891
1.6833079048888149,0.46507064009766114,0.010691630148172879,0.04597852122390578,0.5541854125777366,0.9076326775727689,0.9984055669071774,1,4495,7739.44037,aB,0.006125538570523836
1.6833079048888149,0.6322779359522643,0.01604677199531335,0.050758601820085805,0.5511151093945865,0.9264522014130956,0.9983605416821669,1,4511,7739.47237,aB,0.1672072958546032
1.6833079048888149,0.6759432718280103,0.01689300130108472,0.049983488275279535,0.5517837259787379,0.928593077091366,0.9984250836120792,1,4527,7739.504370000001,aB,0.04366533587574595
1.6643856189774726,0.9222605901276772,0.021279351238959753,0.04614607078898135,0.5489180431285237,0.9314055616138778,0.9983991243537992,1,4543,7739.536370000001,aB,0.24704306142543253
1.6448217787850943,0.8109812965974077,0.015908805212275758,0.039233470066507105,0.5489287401372147,0.9312711704628129,0.9984099969992011,1,4559,7739.56837,aB,0.11298595050566601
1.6643856189774726,0.8454173139828086,0.017871622085828775,0.042278817313628356,0.5441154640910135,0.9293123465353588,0.9983260290682566,1,4575,7739.60037,aB,0.03960534227147333
1.6643856189774726,0.821766604581345,0.01703477932994079,0.04145892333655803,0.5377168619859467,0.9286038077047187,0.9982426251839658,1,4591,7739.63237,aB,0.023650709401463632
1.6643856189774726,0.5190082122858437,0.009829030079266884,0.03787620252087089,0.5325362267471294,0.9285928379228507,0.9982549406644315,1,4607,7739.66437,aB,0.3027583922955013
1.6643856189774726,0.5312505361008776,0.009992675173249206,0.03761944504222289,0.5302741937075603,0.9277197595046391,0.9981014642524786,1,4623,7739.696370000001,aB,0.012242323815033873
1.6833079048888149,0.4341711580825507,0.010502204026039694,0.04837817450804905,0.5235740085401543,0.9271243787065541,0.9979088342897199,1,4639,7739.728370000001,aB,0.09890631193475871
1.6833079048888149,0.37858702107975883,0.010776660086551478,0.056930953712124775,0.5190921868515367,0.9282117987913907,0.9979082456566626,1,4655,7739.76037,aB,0.055584137002791856
1.6833079048888149,0.33511083142174114,0.009952461135033215,0.05939802717094464,0.5146292851929166,0.9310401661155451,0.9979297675092837,1,4671,7739.79237,aB,0.043476189658017694
1.6448217787850943,0.6191513165568455,0.021872145980510332,0.0706520212284882,0.523365510673423,0.9353982823266941,0.9980873251608724,1,4687,7739.82437,aB,0.2866359696518512
1.6448217787850943,0.4933476877293833,0.016491657327668073,0.0668561249514329,0.53303239488654,0.9247950169074295,0.9981226050099837,1,4703,7739.85637,aB,0.1258036288274622
1.6448217787850943,0.5472631610431806,0.016895945626364678,0.06174706002193902,0.5360079491472053,0.9163339669972279,0.9981041116304021,1,4719,7739.888370000001,aB,0.05391547331379731
1.6059494686788105,0.45052736683197236,0.012091444935496961,0.05367684995707068,0.5206572721083202,0.9162938176514892,0.9980903456308212,1,4735,7739.92037,aB,0.10425387462666472
1.5849625007211563,0.4374085188742146,0.011542628306371065,0.05277733655521407,0.5066418481351328,0.9171202062829342,0.9980244061129008,1,4751,7739.95237,aB,0.024749888803676852
1.5849625007211563,0.6599278080132894,0.018057322015251516,0.05472514355657485,0.4992577619870488,0.9207740151917287,0.9979400546259579,1,4767,7739.98437,aB,0.22251928913907482
1.5849625007211563,0.7354071085316688,0.025136627172040973,0.06836112101834141,0.5018649103914323,0.9221607669584027,0.9980245104036394,1,4783,7740.01637,aB,0.07547930051837937
1.5849625007211563,0.6754613511632539,0.024677671899068127,0.07306908635577498,0.5019634750221886,0.9201719602919265,0.9980666729329498,1,4799,7740.04837,aB,0.0599457573684149
1.5849625007211563,0.2911344690408553,0.008247032005989717,0.056654452721861655,0.4980793317203944,0.9163348236669802,0.9980329477000501,1,4815,7740.080370000001,aB,0.38432688212239857
1.5849625007211563,0.4151783138064936,0.008288982304333935,0.039929745984744594,0.4961484888798478,0.9132632315761642,0.9980767680751023,1,4831,7740.11237,aB,0.12404384476563829
1.5849625007211563,0.5253882911755898,0.008586978449810568,0.032688122647715104,0.49851452229059784,0.9109789056326133,0.998124821341881,1,4847,7740.14437,aB,0.11020997736909621
1.6059494686788105,0.4061995764525769,0.007795589725412702,0.038383051964224896,0.5097849637672016,0.9028044298768518,0.9982058715640925,1,4863,7740.17637,aB,0.12102232249208968
1.6448217787850943,0.38189578816168535,0.009135163694219383,0.04784113351023279,0.5256401528358161,0.9022534517254084,0.9984981603464961,1,4879,7740.20837,aB,0.04584463565443149
1.6076618713794955,0.353678981205153,0.00892872325117713,0.05049055061600048,0.5342848331274901,0.9096770927386917,0.9986932380019676,1,4895,7740.24037,aB,0.04665883531781403
1.6076618713794955,0.38352774545556767,0.009935427735852426,0.05181073783358634,0.5490743360264739,0.9185861073318591,0.9987435145122714,1,4911,7740.272370000001,aB,0.02984876425041466
1.4924322822785743,0.3951598884327232,0.009727058675861223,0.0492310022378057,0.5585298730565995,0.9349276513654212,0.9988581860697238,1,4927,7740.30437,aB,0.1158152190111823
1.4924322822785743,0.36275245816701307,0.009201595174987039,0.050732089984904125,0.5461844190262234,0.926973557424028,0.9988268806428106,1,4943,7740.33637,aB,0.032407430265710135
1.4924322822785743,0.4001678625583086,0.011025615539795025,0.055104952553197493,0.5315130574762936,0.9218398710277174,0.9987320132631172,1,4959,7740.36837,aB,0.03741540439129554
1.4924322822785743,0.49913533780893854,0.014231763398987296,0.05702566947658192,0.5194296328932855,0.9178200322628118,0.9986765685242841,1,4975,7740.40037,aB,0.09896747525062993
1.4924322822785743,0.3523547071160073,0.009333809529773524,0.05297962162146176,0.5236407093655829,0.9107983808997695,0.998583183071986,1,4991,7740.43237,aB,0.14678063069293124
1.4924322822785743,0.33053769904262315,0.007234113374910032,0.04377179000073566,0.5252024254961152,0.9080754935864991,0.998522183447257,1,5007,7740.464370000001,aB,0.02181700807338416
1.4924322822785743,0.3491944429985636,0.007675819329479582,0.0439630096261936,0.5199276041529011,0.9086026729635501,0.9984583053038002,1,5023,7740.49637,aB,0.01865674395594047
1.4924322822785743,0.395855951453436,0.008711001372048907,0.04401096580746277,0.5096783157766307,0.9136420919569698,0.9983276917006462,1,5039,7740.52837,aB,0.04666150845487238
1.4924322822785743,0.37550739186743476,0.009024558897909669,0.04806594540272382,0.5089404105101419,0.9155762525390438,0.9983748789765372,1,5055,7740.56037,aB,0.020348559586001236
1.466780147310688,0.370988745721095,0.008607799021529557,0.046404636910472745,0.5110083312511328,0.9237261496884204,0.9982443993516232,1,5071,7740.59237,aB,0.026047076446436005
1.7318207926947324,0.41639800775963093,0.008602007543533206,0.04131627617439891,0.5160694121050095,0.9350773576668078,0.9982278433725048,1,5087,7740.62437,aB,0.26890248192323396
1.7318207926947324,0.5983383193553004,0.010186944460016528,0.034050784081463455,0.5156866166891714,0.9363660897929033,0.9982315499717792,1,5103,7740.656370000001,aB,0.18194031159566942
1.7318207926947324,0.5139738173899342,0.0087955335564645,0.03422560939438529,0.5046086849585777,0.9337482066761635,0.9981337499891142,1,5119,7740.68837,aB,0.08436450196536616
1.585028460032948,0.5724053743667956,0.011101605802180602,0.03878931365541906,0.4849822555661831,0.9270797433569378,0.9978488008477594,1,5135,7740.72037,aB,0.15799441692359945
1.6493481196986288,0.7194036836320508,0.015192973350695242,0.04223768572879842,0.4724462913095137,0.917674099526681,0.997606466638422,1,5151,7740.75237,aB,0.16045411040653523
1.6493481196986288,0.7104483536723312,0.015022444451619212,0.0422900394489415,0.4595812353328012,0.9172365764279284,0.9974837392205872,1,5167,7740.78437,aB,0.008955329959719593
1.5850284600329483,0.6149261751670393,0.015132922551508339,0.04921866449219734,0.45708874057566085,0.9151829944640408,0.9974501090350804,1,5183,7740.8163700000005,aB,0.11515860890921624
1.6493481196986288,0.5943100556087054,0.01628791394559754,0.05481284993206147,0.47133868096691367,0.9046170630026349,0.9975634574372817,1,5199,7740.848370000001,aB,0.0675428975181883
1.6493481196986288,0.5885160891432756,0.015322089412865222,0.052070248190394075,0.4766038191277419,0.9044050565912919,0.9976512025274271,1,5215,7740.88037,aB,0.005793966465429845
1.6493481196986288,0.6484041578482922,0.015477261074440814,0.04773954912874585,0.4801874795850354,0.9067301525490632,0.9977475164966306,1,5231,7740.91237,aB,0.05988806870501662
1.6703350876562828,0.7206763604802766,0.020065743987016244,0.05568586701981992,0.46932404659433247,0.8917938388683984,0.9974572602166275,1,5247,7740.94437,aB,0.07525771785892933
1.6703350876562828,0.4490935868691892,0.012961009733939441,0.05772075181164718,0.4618494183763474,0.8830747685006941,0.9973357494364417,1,5263,7740.97637,aB,0.2715827736110874
1.7008004731388833,0.36881116730703317,0.012035621546407152,0.06526712102720884,0.46076209372294824,0.8712832295520897,0.9973089411732775,1,5279,7741.0083700000005,aB,0.08586854257152324
1.7008004731388833,0.4271597118762634,0.013048056040480956,0.06109216612759878,0.4600123139323096,0.869331716218611,0.9972813511500563,1,5295,7741.040370000001,aB,0.05834854456923022
1.7008004731388833,0.40953549657388205,0.011238006554720644,0.05488172160282208,0.4569802651468091,0.8610725059358418,0.9972734995854509,1,5311,7741.07237,aB,0.01762421530238134
1.7008004731388833,0.3955600005186188,0.010313615519396946,0.052146908210510476,0.4596743438164994,0.847771485131379,0.9974813630290025,1,5327,7741.10437,aB,0.01397549605526327
1.7008004731388833,0.45746724393844307,0.011722555585981707,0.05124981401972945,0.45442267050019564,0.8523792800164195,0.9973369024251418,1,5343,7741.13637,aB,0.06190724341982429
1.7008004731388833,0.4861962654313898,0.012839798791248499,0.05281734848315244,0.44943032190877374,0.8613604268998485,0.9973218179219402,1,5359,7741.16837,aB,0.028729021492946705
1.7008004731388833,0.6159538649450047,0.012539460075165935,0.04071558208758222,0.446622556769689,0.8655358341916429,0.9972399181484263,1,5375,7741.2003700000005,aB,0.12975759951361493
1.7008004731388833,0.7162401322781852,0.012254260350626519,0.034218301372330825,0.4448749934270398,0.8780387906996412,0.9973635137697918,1,5391,7741.232370000001,aB,0.10028626733318047
1.7008004731388833,1.237180615775192,0.013467909498876015,0.021771937463532436,0.4457596733913523,0.9020586774830128,0.9974671102458155,1,5407,7741.26437,Ab,0.5209404834970067
1.7008004731388833,0.7088996519369396,0.009352265484661462,0.026385301386756488,0.44468933915245856,0.9004665031353771,0.9974943967312555,1,5423,7741.29637,aB,0.5282809638382523
1.7008004731388833,0.5041574954203811,0.009381403184511038,0.03721616070267309,0.4409298060631063,0.9003149941329562,0.9975487796094861,1,5439,7741.32837,aB,0.20474215651655847
1.6643856189774726,0.4202116247917526,0.008863179991907914,0.04218436363487234,0.43395304688471215,0.9111325521181617,0.9975234349726172,1,5455,7741.36037,aB,0.09150382942366533
1.6643856189774726,0.3597435682269546,0.008626723111234965,0.047960402204008545,0.4307212800989555,0.9261830994691111,0.9974666516568427,1,5471,7741.3923700000005,aB,0.060468056564798034
1.7008004731388833,0.322740680931746,0.00872719897800495,0.054081803092251635,0.4306599159470151,0.9420958957845276,0.997335641997914,1,5487,7741.424370000001,aB,0.051915847982853126
1.662314347035162,0.32874544423311963,0.008117902786827946,0.04938716523214471,0.43404020718480063,0.9442535695463213,0.9976744090737116,1,5503,7741.45637,aB,0.038951753295289014
1.6420639178071745,0.37193331036000626,0.009544380790253767,0.05132307606982258,0.4458075494605228,0.9470427043160748,0.9978377735875795,1,5519,7741.48837,aB,0.047699807803717735
1.5405499757656584,0.5644969307864334,0.012457040419222088,0.04413501558588623,0.44417014326284954,0.9537885534038806,0.9978282445947773,1,5535,7741.52037,aB,0.21768286184387917
1.6245713495571068,0.7728164000825396,0.017647228530332466,0.045669912099297265,0.44221129125112285,0.939385115805689,0.9977179844605791,1,5551,7741.55237,aB,0.22462544945222399
1.6245713495571068,0.8242037514514023,0.017575695000121617,0.04264890803802156,0.4395812317680633,0.9351127053567059,0.9976277538459976,1,5567,7741.5843700000005,aB,0.051387351368862744
1.6818781872275403,0.8563902181245954,0.01833959746855948,0.042830002212592456,0.4420049718733333,0.9242141027855196,0.9975176453537462,1,5583,7741.616370000001,aB,0.06572702853993924
1.6646860240105192,0.8671342943938835,0.022157720877133028,0.051105626937799783,0.4649643412251201,0.9053510778933282,0.9977801104021629,1,5599,7741.64837,aB,0.020273274302908567
1.6646860240105192,0.8078646776155449,0.022443175533303394,0.05556172006318089,0.4816893811401206,0.9005792342469106,0.9979191117561808,1,5615,7741.68037,aB,0.05926961677833853
1.6646860240105192,0.8122330230352115,0.02522730314612804,0.06211838827201784,0.5010453907829737,0.8995312994777327,0.9980878986732713,1,5631,7741.71237,aB,0.004368345419666575
1.6646860240105192,0.7146372523272866,0.02240609704056971,0.06270621064771546,0.5160183362173704,0.9018787726003458,0.9982639541502534,1,5647,7741.74437,aB,0.09759577070792491
1.6646860240105192,0.5209402813211922,0.016021060963722644,0.06150824398946665,0.5348944585686375,0.9046869875183534,0.9984478985639049,1,5663,7741.7763700000005,aB,0.1936969710060944
1.6646860240105192,0.4441185838839111,0.01429463641517076,0.06437306131241406,0.5375204562958229,0.9047914647282733,0.9984889611208597,1,5679,7741.808370000001,aB,0.07682169743728107
1.6646860240105192,0.3619266570267916,0.013483688291177711,0.07451061163576897,0.5376643366111744,0.905330592027264,0.9985013404291313,1,5695,7741.84037,aB,0.08219192685711951
1.6646860240105192,0.2851295325441214,0.01009144707091651,0.0707850006337379,0.5258989750823477,0.8985552972169792,0.998061290076141,1,5711,7741.87237,aB,0.07679712448267023
1.6646860240105192,0.1856785914900983,0.005267633847795224,0.05673926978357256,0.5279945955197649,0.8994344499928311,0.9980535616298025,1,5727,7741.90437,aB,0.09945094105402308
1.6646860240105192,0.2661948124436336,0.006402969796506354,0.048107397268398494,0.51898903070278,0.9022106458611534,0.9979624053838463,1,5743,7741.93637,aB,0.08051622095353528
1.6646860240105192,0.3619294395958731,0.007086794516100437,0.039161194093597265,0.5141436484773503,0.9063428033607259,0.9979816431584462,1,5759,7741.9683700000005,aB,0.09573462715223952
1.6830074998557687,0.41077860761651774,0.00978462446954804,0.047639406181942526,0.49819524609108573,0.9049113227708325,0.9976487685566271,1,5775,7742.000370000001,aB,0.05217200104900359
1.6646860240105192,0.46725319519756237,0.012542208159068665,0.053684847050711394,0.49584584282343225,0.9172303082805944,0.9975662342384651,1,5791,7742.03237,aB,0.05937217799270243
1.6420639178071745,0.47591817972661793,0.015957582749177246,0.06706019407934269,0.49747540833281034,0.9327385971835378,0.9973264547355443,1,5807,7742.06437,aB,0.02422481467347437
1.6420639178071745,1.1821440267785754,0.048001491050126806,0.08121090148538702,0.4993690649429581,0.9412073076526182,0.9973107314210639,1,5823,7742.09637,Ab,0.7062258470519576
1.6420639178071745,0.5731556293057958,0.019481965242061878,0.06798141463133973,0.49230630500258676,0.9350415635560381,0.9974188226220201,1,5839,7742.12837,aB,0.6089883974727797
1.6420639178071745,0.5887127510563989,0.01921277312534118,0.06527045011634407,0.46719605618571847,0.9322850867862913,0.9972906319486416,1,5855,7742.1603700000005,aB,0.015557121750603087
1.6420639178071745,0.7762121190898236,0.01730904006706992,0.0445987369724819,0.4542936626098483,0.9296300868736802,0.9971939952644027,1,5871,7742.192370000001,aB,0.1874993680334247
1.6420639178071745,0.8250094032609252,0.015885169839493934,0.03850906371904695,0.43832442669452476,0.9288498945110063,0.9971534789644751,1,5887,7742.22437,aB,0.04879728417110163
1.6420639178071745,0.5207659536741716,0.009051485302181568,0.03476220070962943,0.43222245014049604,0.9291829066991283,0.9971629258393729,1,5903,7742.25637,aB,0.30424344958675364
1.6461908869679742,0.36017532471544733,0.008417485420027451,0.04674104438818842,0.41726018300087636,0.9335268781208175,0.9971203269863733,1,5919,7742.28837,aB,0.16064364906155745
1.6461908869679742,0.2890142308326775,0.007718142633229177,0.053410121785300836,0.4144827878522417,0.9366208305204007,0.9970531425628955,1,5935,7742.32037,aB,0.07116109388276981
1.6461908869679742,0.2538113654324678,0.007750282132083916,0.061071198438086116,0.41205193863580547,0.9426522791605214,0.9970399774166175,1,5951,7742.3523700000005,aB,0.035202865400209726
1.6461908869679742,0.28303916262248385,0.00805747656228734,0.056935418319014455,0.4174848150710372,0.946781562037716,0.9974499639549,1,5967,7742.384370000001,aB,0.029227797190016058
1.6420639178071745,0.38006361586200793,0.012084772892526035,0.06359342167030126,0.41788580555412475,0.9603324786330671,0.9975105826867,1,5983,7742.41637,aB,0.09711218461595222
1.6420639178071745,0.3645060817046679,0.008911978298693026,0.04889892786981665,0.41669591003180906,0.9536650703778675,0.9974644111262861,1,5999,7742.44837,aB,0.015557534157340014
1.662314347035162,0.4452410997805893,0.010101166501642967,0.04537391766672362,0.41166969552435684,0.9465998267706102,0.996842556745753,1,6015,7742.48037,aB,0.08323594792898727
1.626199897906798,0.7336821484825053,0.018557320232347945,0.050586811388911544,0.4095872923012002,0.939933388525015,0.9965129810016472,1,6031,7742.51237,aB,0.2906931234345015
1.6059494686788105,0.8932037153052599,0.024731277458417845,0.05537656647557881,0.4084885663775616,0.936897012506046,0.9966797191084443,1,6047,7742.5443700000005,aB,0.16080177289291392
1.6059494686788105,0.9498679702977201,0.027253986179123193,0.05738478826816508,0.40538950881814295,0.9279857994479987,0.9969848140235378,1,6063,7742.576370000001,aB,0.056664254992460195
1.6059494686788105,1.2337289600983328,0.03810109831534248,0.06176575171309212,0.41414670792612385,0.9096735627399688,0.9970785450859827,1,6079,7742.60837,Ab,0.2838609898006127
1.6059494686788105,1.2193885521923944,0.03946788723002203,0.06473389824606916,0.417203727269164,0.898787899761883,0.9970363175175998,1,6095,7742.64037,Ab,0.01434040790593838
1.6059494686788105,1.3164391722425914,0.04362402618595123,0.06627579474353755,0.4221544359884723,0.8983156551551603,0.9970832072439073,1,6111,7742.67237,Ab,0.09705062005019705
1.6059494686788105,0.7891612898092322,0.022538989121275717,0.057121375344510825,0.4199806451020939,0.8962520185671282,0.9970794247830611,1,6127,7742.70437,aB,0.5272778824333593
1.6059494686788105,0.7323498933242446,0.016816907781399482,0.045925883064077605,0.4160517422978256,0.8956840400262129,0.9970585879254619,1,6143,7742.7363700000005,aB,0.056811396484987564
1.6059494686788105,0.45418228278050493,0.009337647504599918,0.04111850179375039,0.40369270636355586,0.8912005001619266,0.9968205836096306,1,6159,7742.768370000001,aB,0.2781676105437397
1.626199897906798,0.37554716179161357,0.00935093182927555,0.04979897483269633,0.3935827207631034,0.8821194497705649,0.9965623892984047,1,6175,7742.80037,aB,0.0812007520707494
1.626199897906798,0.3686169886336834,0.009867731387019936,0.05353921111230219,0.3838729798655034,0.8806268605758159,0.9962533049336284,1,6191,7742.83237,aB,0.006930173157930153
1.626199897906798,0.43189098976229706,0.009679527829248536,0.04482393964539954,0.3724346490173568,0.8809403307434851,0.9960002987721318,1,6207,7742.86437,aB,0.06327400112861364
1.6986080022560235,0.5041853405516269,0.012411108505009634,0.0492323259197925,0.3611620314773927,0.8769320716375661,0.995350465143112,1,6223,7742.89637,aB,0.10232011889896828
1.7335931387561594,0.5838856409721996,0.015339184784906423,0.052541743480335946,0.34721721404588923,0.8771932623522217,0.9947186049132741,1,6239,7742.9283700000005,aB,0.08704078160875331
1.7335931387561594,0.6245059542632518,0.015383408158629552,0.049265849440227716,0.34713022540479255,0.8731485932951314,0.9948516161133795,1,6255,7742.960370000001,aB,0.0406203132910522
1.7335931387561594,0.6588607643696108,0.01690576793678026,0.05131818086923259,0.3497683383849628,0.869806436349722,0.9954420846955693,1,6271,7742.99237,aB,0.03435481010635899
1.70076514759915,0.7525609469828332,0.02151023341182677,0.057165425599257,0.35464878953629564,0.8858834062522015,0.9961473361888578,1,6287,7743.02437,aB,0.0992844460384198
1.6830074998557687,0.7621984486564506,0.021062479918771197,0.055267706083366196,0.36117055610445525,0.8904790403214526,0.9962135921274101,1,6303,7743.05637,aB,0.020204343391632337
1.70076514759915,0.7354545954083821,0.020795548528240657,0.05655154963493929,0.3780865526878708,0.8887969600153958,0.9963309219465533,1,6319,7743.08837,aB,0.032102456914265026
1.7335931387561592,0.7204760448554749,0.020661282780058396,0.057354530876048714,0.38783130778376573,0.8868317019331504,0.9963869602778628,1,6335,7743.120370000001,aB,0.03608370795900364
1.7335931387561592,0.44467401646737,0.012485129132009755,0.05615407543348515,0.39589198342370646,0.8870253764414292,0.9965048562652744,1,6351,7743.152370000001,aB,0.2758020283881049
1.7335931387561592,0.42388579887384964,0.01506038543055704,0.07105869302802041,0.395900475216091,0.8927937048131247,0.9965532423985765,1,6367,7743.18437,aB,0.02078821759352034
1.7335931387561592,0.5787751803391052,0.022402961385638524,0.07741507288723955,0.38720912292123344,0.8909472979826834,0.9964908539094318,1,6383,7743.21637,aB,0.1548893814652556
1.7335931387561592,0.6497374904429263,0.027851851875520802,0.08573262982419003,0.38646575979212805,0.895323161930559,0.9964854418149487,1,6399,7743.24837,aB,0.07096231010382104
1.7335931387561592,0.6771826066539154,0.029085828572509288,0.08590246792140085,0.39081516229340696,0.900500745991766,0.9967028502178105,1,6415,7743.28037,aB,0.027445116210989107
1.7163656499994047,0.33464713807237895,0.013786952594249552,0.08239695503547172,0.4018079493129702,0.9155985310164723,0.9970026300756084,1,6431,7743.312370000001,aB,0.3429684148799082
1.7163656499994047,0.20870614769589832,0.006636237099689669,0.06359407399305939,0.4012625613189532,0.9247547888557242,0.9971104922912781,1,6447,7743.344370000001,aB,0.12594099037648063
1.7163656499994047,0.289111219157227,0.006673028190893652,0.04616236070219515,0.40826468812361527,0.932191671365294,0.9972816023305462,1,6463,7743.37637,aB,0.08040507146132866
1.5894570366404157,0.5752231390008834,0.00713585191446583,0.024810726240464643,0.41052008571089543,0.948241307575689,0.997899263923488,1,6479,7743.40837,aB,0.3129949309834334
1.551977636644367,0.7462145036424482,0.007407529952914961,0.019853620954181587,0.41640145577957555,0.9661172532895475,0.9984512574320585,1,6495,7743.44037,aB,0.1750507132406161
1.774072943916681,0.8484509256584867,0.010400531933730136,0.024516519740156416,0.41310347266472325,0.9586915662362905,0.9978808349559122,1,6511,7743.47237,aB,0.24449664925929981
1.774072943916681,0.7599609768008104,0.010161804403434251,0.026742963687983446,0.4210023956416267,0.9578038662357446,0.9980170169392607,1,6527,7743.504370000001,aB,0.08848994885767625
1.774072943916681,0.6992240546405882,0.010401826915308545,0.029752485905695115,0.433816264691846,0.9556661449496799,0.9981088615519736,1,6543,7743.536370000001,aB,0.060736922160222195
1.7976304195381083,0.6625503192450144,0.01096759019397905,0.0331071916363327,0.44854270043722466,0.9514348329021488,0.9982609155961029,1,6559,7743.56837,aB,0.04358804337795758
1.7976304195381083,0.6115667334537265,0.009523262356169793,0.03114382073200311,0.4417478197241213,0.9508008554098777,0.9982576299417042,1,6575,7743.60037,aB,0.05098358579128792
1.7976304195381083,0.6119989881186276,0.010253822758506307,0.03350928010527607,0.42326533183606524,0.953130937716189,0.9981675919595735,1,6591,7743.63237,aB,0.00043225466490115494
1.7976304195381083,0.6808056059329092,0.012509931208516954,0.03675037661117544,0.4090351648387285,0.9550616350614967,0.9981111681663759,1,6607,7743.66437,aB,0.06880661781428155
1.7976304195381083,0.6782447816642236,0.012474329648835238,0.03678415222960274,0.396639166955399,0.953280931219296,0.997992365699465,1,6623,7743.696370000001,aB,0.0025608242686855354
1.7976304195381083,0.5388233838931877,0.009141481248603483,0.03393127144020023,0.39707932381720756,0.9554807846189355,0.998090941063906,1,6639,7743.728370000001,aB,0.1394213977710359
1.6059494686788105,0.5434425023994895,0.011181952589993849,0.0411522931703781,0.3845310164843578,0.936956329747687,0.9968635543232415,1,6655,7743.76037,aB,0.19173659843154567
1.6059494686788105,0.5671367432434807,0.011111711457632104,0.039185299101178746,0.3725243997425994,0.9339508338032204,0.9967502691528954,1,6671,7743.79237,aB,0.023694240843991188
1.7007651475991499,0.6845086236336138,0.01836035852951348,0.05364536806578186,0.35262686379453684,0.9167956439150984,0.9960921664293088,1,6687,7743.82437,aB,0.15088462902310687
1.6734361411631724,0.8771285960537797,0.03784367857190573,0.08628992086716873,0.34789154188327964,0.8886652452544752,0.9960579391356401,1,6703,7743.85637,aB,0.19454903846568652
1.7392941631876293,1.000918291856219,0.06351793206955486,0.12691931516559626,0.343039431144196,0.8613661904812845,0.9958302633990619,1,6719,7743.888370000001,Ab,0.14021828643880332
1.7522627542645806,0.986867687617138,0.07794631248743938,0.15796709825538272,0.33869131192061835,0.8434211942291299,0.9949588752932507,1,6735,7743.92037,aB,0.019120769702197154
1.7522627542645806,1.0012940603464486,0.07770146230408563,0.1552020837459095,0.34098860954074417,0.7661820622046149,0.9950684685314912,1,6751,7743.95237,Ab,0.014426372729310688
1.7137473086807207,1.5209018534785435,0.12064819996545306,0.15865349850092103,0.3538244579177542,0.7203295192942265,0.995595266845122,1,6767,7743.98437,Ab,0.5210332985828536
1.7137473086807207,0.8179010311754058,0.05626764890177653,0.1375903605865719,0.3455505150481315,0.6835926247806571,0.9954859704770374,1,6783,7744.01637,aB,0.7030008223031377
1.7137473086807207,0.8632406045651619,0.05608782510619614,0.12994714291607987,0.3296923236857668,0.6755110401784119,0.9954431761544101,1,6799,7744.04837,aB,0.04533957338975614
1.72602741761355,0.6640674118970766,0.03789753639692892,0.11413761831397515,0.30506383061536224,0.673927868749016,0.9952269612474204,1,6815,7744.080370000001,aB,0.19955140128047308
1.72602741761355,0.3346375633541033,0.01652503584883045,0.09876378302064172,0.2870747598215635,0.6720943493833285,0.9946680267647482,1,6831,7744.11237,aB,0.32942984854297336
1.72602741761355,0.24005685004973273,0.012603597142456444,0.10500510308158545,0.2785147413443744,0.6719815943010261,0.9946113781886787,1,6847,7744.14437,aB,0.09458071330437054
1.72602741761355,0.1818896403447455,0.01253683746986993,0.13785103369392745,0.27249459729504133,0.6722102796180901,0.9945771366487177,1,6863,7744.17637,aB,0.05816720970498723
1.7392941631876293,0.14442712603786192,0.00980813161782602,0.13582118383017322,0.2860467644207505,0.6705335226290678,0.9946666329328646,1,6879,7744.20837,aB,0.039742251022316426
1.7392941631876293,0.16768795225443378,0.01099873511027455,0.1311809818464014,0.2908794546911734,0.6968382378173963,0.9947305648411954,1,6895,7744.24037,aB,0.023260826216571856
1.7124484848442145,0.13349677826866085,0.007727530288254433,0.11577103790029838,0.30356562118895336,0.7263581654351354,0.9959687805358189,1,6911,7744.272370000001,aB,0.043470988305345494
1.7124484848442145,0.17075794941728795,0.009405803572322048,0.11016533759534339,0.3134234982530685,0.785835099448754,0.9960999980142982,1,6927,7744.30437,aB,0.03726117114862709
1.6007738463958114,0.17265396240618985,0.007680334565817833,0.088967950214185,0.32806139534186296,0.809860347343913,0.9967710662809615,1,6943,7744.33637,aB,0.11169073255125347
1.5378997710660878,0.18589536878584562,0.006110947924198797,0.06574610184332999,0.3347871643672742,0.844741131255689,0.9971534581549348,1,6959,7744.36837,aB,0.0642532815619479
1.4845931587207017,0.33768277781095024,0.007493387565885011,0.0443812243814231,0.327003806081637,0.9087928792965787,0.9967924138695415,1,6975,7744.40037,aB,0.16087576715682098
1.6206575616824044,0.45490670538031786,0.00781186128730684,0.03434489399656508,0.32738452835948706,0.9604860386712295,0.9976189984589835,1,6991,7744.43237,aB,0.1795966896914109
1.7007651475991505,0.5431817840059261,0.009348125235415774,0.034419877509418786,0.3161671565104126,0.9552052314591692,0.9968021550254798,1,7007,7744.464370000001,aB,0.11920450842047117
1.7007651475991505,0.5289487017138192,0.009564273436644937,0.03616333079429529,0.31510690753456333,0.9502086693276417,0.9967825062812777,1,7023,7744.49637,aB,0.014233082292106847
1.7007651475991505,0.5008702192045343,0.009191823803357892,0.03670341517990846,0.3215799584581335,0.9458306072372251,0.9969090981749436,1,7039,7744.52837,aB,0.028078482509284908
1.7007651475991505,0.49072926557006075,0.00898715386879214,0.036627747718906145,0.3273314880623634,0.9455043503507843,0.996935809055612,1,7055,7744.56037,aB,0.010140953634473593
1.7007651475991505,0.5790197543483124,0.010330636683210442,0.03568319251849218,0.3289757144682307,0.9454892497457952,0.9970140415803129,1,7071,7744.59237,aB,0.08829048877825169
1.6488132928389636,0.662762961376828,0.011940837389196799,0.036033508463993905,0.33851693558324647,0.9495464446819162,0.9975715017469744,1,7087,7744.62437,aB,0.09854907374726754
1.726417282567037,0.477205171180908,0.007667773561344727,0.03213617129240153,0.3537982201192552,0.9515370910176068,0.9977008765065737,1,7103,7744.656370000001,aB,0.20113197837267943
1.726417282567037,0.45439857002336936,0.007624577363348104,0.03355898484872423,0.36481393154479974,0.9512865332798387,0.9977807219339672,1,7119,7744.68837,aB,0.02280660115753863
1.6035843815994524,0.4361047667329472,0.008659471702402098,0.03971280464221482,0.3477003249113355,0.9393159440439162,0.9971763700102356,1,7135,7744.72037,aB,0.12418769986975806
1.6393028619842904,0.8724827153443795,0.029444171350251243,0.06749513963409412,0.33212556361714685,0.8620701340819056,0.9965613128515076,1,7151,7744.75237,aB,0.43783732581327955
1.7124484848442145,1.0516083459818582,0.050187384416265024,0.09544881344471726,0.31670775396064665,0.8076560989075381,0.9956307127477145,1,7167,7744.78437,Ab,0.19348455673474482
1.7640414920752945,1.128409594100146,0.06828008038027411,0.12102002807717048,0.3024456317488707,0.7751733330100347,0.9926660830737836,1,7183,7744.8163700000005,Ab,0.09252172775987853
1.7640414920752945,1.1132635021240265,0.06751923593336502,0.12129964883344005,0.2978159576737355,0.7032104479598458,0.9926914494736955,1,7199,7744.848370000001,Ab,0.015146091976119491
1.7640414920752945,1.1092468334130354,0.0681161492925286,0.12281513409047541,0.30445207644375716,0.6448373686264872,0.992719553108961,1,7215,7744.88037,Ab,0.004016668710991045
1.751072900998343,1.1173139045846983,0.06894785776004442,0.12341716589604619,0.32964771943270604,0.6170362446996562,0.9933327407688236,1,7231,7744.91237,Ab,0.015272916938484898
1.7242272226549282,1.1829675316341417,0.07343830878981947,0.12415946647051655,0.3440992191490635,0.6096654875413641,0.9934868353380631,1,7247,7744.94437,Ab,0.07093017122822629
1.6141966855675187,1.1162771276745107,0.06623697104710961,0.11867477959545418,0.3588266960044848,0.6190320384503423,0.9943952499626888,1,7263,7744.97637,Ab,0.1286636276188518
1.6141966855675187,0.229177624592868,0.011060241222891471,0.09652112628830926,0.35861980471169985,0.6199994287508799,0.9944204658039085,1,7279,7745.0083700000005,aB,0.8870995030816426
1.6141966855675187,0.11724044180779224,0.00568721718267975,0.0970180100822813,0.36116478059314605,0.6208043119355592,0.9944197914781093,1,7295,7745.040370000001,aB,0.11193718278507576
1.6141966855675187,0.04757206116190361,0.0028247649812898927,0.11875730890348746,0.35927820896581864,0.6206765220879769,0.9943312825383334,1,7311,7745.07237,aB,0.06966838064588862
1.5983853398928636,0.0500273458859801,0.002859633737027225,0.11432282430272289,0.35763383964483403,0.6235803284347283,0.9944256947132638,1,7327,7745.10437,aB,0.01600084607512113
1.5983853398928636,0.0651725274780885,0.0035315240386973213,0.1083746227238048,0.34584277417905995,0.6400842701220236,0.9943183557613586,1,7343,7745.13637,aB,0.01514518159210839
1.5983853398928636,0.08442969446344048,0.0043404184372765236,0.10281734323120167,0.3280977565356199,0.6877550617690494,0.9941839977487201,1,7359,7745.16837,aB,0.019257166985351987
1.5983853398928636,0.08258891419793839,0.004189710563828829,0.1014593932979304,0.3255809011112179,0.7582231366828034,0.9942227902410038,1,7375,7745.2003700000005,aB,0.0018407802655020927
1.5058721660205776,0.15215724540190884,0.00644737565751783,0.08474621948481918,0.34876723025770795,0.8165251409303834,0.9950492637174112,1,7391,7745.232370000001,aB,0.1157516308586153
1.4313069163282257,0.33928914168370017,0.007032019664865533,0.041451486658073376,0.3645998677441983,0.8539721355992477,0.9955510686608677,1,7407,7745.26437,aB,0.2014406192099843
1.2738104014002776,0.9511149838056011,0.009158774528138099,0.01925902689807706,0.3658601695959648,0.9111067087544987,0.9964647263556798,1,7423,7745.29637,aB,0.6317721213401416
1.222301663043398,1.2752383795219076,0.02685753904625688,0.042121597777391065,0.363179710710713,0.9386962117350501,0.9962492323980221,1,7439,7745.32837,Ab,0.3281906850868666
1.3445615062339094,1.4548127923470888,0.04824260488593888,0.06632139219522229,0.35155058715963877,0.881105626820962,0.9943951087522382,1,7455,7745.36037,Ab,0.21724281115488503
1.3445615062339094,1.5242649905855563,0.04765871797180113,0.06253337610738238,0.34209774513005625,0.8509064661343801,0.9943929349737144,1,7471,7745.3923700000005,Ab,0.06945219823846749
1.3445615062339094,1.504749501831103,0.0467065053409653,0.06207877827389739,0.3255491179434111,0.8183155749584994,0.9943733331680707,1,7487,7745.424370000001,Ab,0.019515488754453303
1.3445615062339094,1.5053708332177476,0.047369107716355455,0.06293347349516988,0.3279466658617462,0.7872004374214462,0.9943811479338468,1,7503,7745.45637,Ab,0.0006213313866445525
1.3445615062339094,1.5035988444323973,0.04607654477425388,0.061288348211849815,0.3173907077666783,0.7822854231720471,0.9943473394800211,1,7519,7745.48837,Ab,0.0017719887853502314
1.3445615062339094,1.507635568391734,0.04642952267614189,0.061592501065321055,0.3151930522406253,0.7828628423567837,0.9943181926839608,1,7535,7745.52037,Ab,0.00403672395933663
1.3445615062339094,1.3250633768404314,0.04145862559114596,0.06257606438418462,0.3127833970882008,0.7842042389370117,0.9943217099743981,1,7551,7745.55237,Ab,0.18257219155130255
1.3445615062339094,0.293903936511411,0.00746321632963867,0.0507867735167195,0.32067251673035224,0.7856401623633693,0.994461588456998,1,7567,7745.5843700000005,aB,1.0311594403290205
1.3445615062339094,0.10544240520208838,0.0025515066674601313,0.04839621521474164,0.33414124924278876,0.7860029733164047,0.9944971940757399,1,7583,7745.616370000001,aB,0.18846153130932264
1.3445615062339094,0.10787711102691444,0.0024376221154361285,0.045192573146085865,0.3442862481187035,0.7873369792287375,0.9946059538846312,1,7599,7745.64837,aB,0.002434705824826064
1.3219280948873622,0.10915985361742893,0.002299282939105666,0.04212689670991924,0.34498655562566805,0.7885632232069959,0.9947430313513871,1,7615,7745.68037,aB,0.022669731752615205
1.3804184854211394,0.26273483646469015,0.005559501458648582,0.04232024602033117,0.32668024338230345,0.7831337089600078,0.9926878611247825,1,7631,7745.71237,aB,0.16433624415000594
1.3804184854211394,0.2816894622195663,0.006043909217210835,0.04291185882203741,0.2973664114283434,0.812230040960364,0.992613411346487,1,7647,7745.74437,aB,0.018954625754876164
1.3804184854211394,0.30962944289180105,0.006223087466787614,0.040197000702948335,0.28448420702951516,0.841017588268542,0.9924069264417213,1,7663,7745.7763700000005,aB,0.027939980672234743
1.3445615062339096,0.46889175379519643,0.0074862557231232,0.03193170134697256,0.28744995867196715,0.8638741128968385,0.9925617230876008,1,7679,7745.808370000001,aB,0.16324891004451822
1.1101493570766487,0.9529771762988485,0.008844457664987003,0.018561740794961975,0.2926900093420128,0.9174000772992085,0.9954477474938249,1,7695,7745.84037,aB,0.5378547684580525
1.3873275878005145,1.347905775855276,0.01019459000212146,0.015126561789013431,0.3001387692087425,0.9755379333193739,0.997257563830313,1,7711,7745.87237,Ab,0.48248976189636766
1.4271418572208803,1.2625604492338236,0.010315210994426087,0.016340145932316832,0.3087134097445249,0.9752922196470317,0.9972665145679189,1,7727,7745.90437,Ab,0.09417537271282687
1.4271418572208803,1.1989958711977509,0.010353890934986055,0.017270936762514313,0.31586752492388326,0.9754081873829853,0.9972868938756463,1,7743,7745.93637,Ab,0.06356457803607274
1.0991710053774344,0.9518983012315875,0.009869654415051301,0.02073678333553431,0.29645104290261126,0.9576841021421942,0.9895990834715032,1,7759,7745.9683700000005,aB,0.41063619998984324
1.0991710053774344,0.9603549572559203,0.009877687852476648,0.020570910324034263,0.2844829935223742,0.9539013121739065,0.9894524203590659,1,7775,7746.000370000001,aB,0.008456656024332876
1.0991710053774344,0.8494281798397054,0.009482216392247675,0.022326116833178415,0.27550616935455785,0.9493388682731976,0.9894717416969503,1,7791,7746.03237,aB,0.11092677741621493
1.0991710053774344,0.7492321208503274,0.009349862162299567,0.024958519268202518,0.2723493999772255,0.9440305517625528,0.9894718073505658,1,7807,7746.06437,aB,0.100196058989378
1.0991710053774344,0.7212920937125952,0.01017527979730752,0.028214033914981312,0.26434284321879026,0.9417924985113083,0.9894722617585782,1,7823,7746.09637,aB,0.02794002713773225
0.9786169592166974,0.8856705537760798,0.013295521854932225,0.030023628533762167,0.25627152893338756,0.945473744876467,0.9894736225442367,1,7839,7746.12837,bA,0.20384689396350322
0.9786169592166974,0.6389986857292624,0.009710171228348117,0.030391834741463685,0.25781529968803985,0.9492448920670887,0.9894790991049566,1,7855,7746.1603700000005,bA,0.2466718680468174
0.9786169592166974,0.6559983479219575,0.00978825464177742,0.029842314916750077,0.27612018149195033,0.9523927901565309,0.9894925314591773,1,7871,7746.192370000001,bA,0.01699966219269511
0.8461225856282832,0.48486352505525804,0.005614363715479336,0.02315853193881511,0.2905531742355724,0.9613542046593211,0.9915510465092644,1,7887,7746.22437,bA,0.21642986538415368
0.881107722128419,0.4704023250119696,0.005764340804455506,0.024508130585063882,0.30347594521149857,0.9618779743433438,0.9916238661311638,1,7903,7746.25637,bA,0.03785612344951791
0.8461225856282832,0.6015379474118514,0.0069274485241236925,0.023032457233760243,0.30917618332990626,0.9623642123677069,0.991896265009786,1,7919,7746.28837,bA,0.1357221840309738
0.7813781191217035,0.5458777888755771,0.005949672423681439,0.02179855104907944,0.3165800813151245,0.9629543226862249,0.9920738764786311,1,7935,7746.32037,bA,0.08538090648092704
0.7813781191217035,0.691733173732262,0.007200715247214474,0.020819343413480813,0.3346670106587434,0.9646012732805409,0.9921000311318663,1,7951,7746.3523700000005,bA,0.1458553848566848
0.7813781191217035,0.4649511187906862,0.004674431518711265,0.020107195486997513,0.3493664606982967,0.9697703603937278,0.9921034144087985,1,7967,7746.384370000001,bA,0.22678205494157577
0.7813781191217035,0.4968293507406775,0.004936777087271561,0.019873129797632814,0.35856351542429893,0.9749205482781049,0.9921040247095319,1,7983,7746.41637,bA,0.03187823194999134
0.93919876262198,0.6609378667672092,0.007020029447227681,0.021242630510986366,0.34683595251913035,0.9797215513997051,0.9920861218630929,1,7999,7746.44837,bA,0.22768170885530478
1.0712287620450551,1.4590513065984296,0.025611268369896384,0.03510674128328689,0.3404316245726287,0.9574771001787997,0.9925694549058253,1,8015,7746.48037,Ab,0.8089604338822018
1.2009901519902093,1.825146798144952,0.07088832455931202,0.07767958679418192,0.3405444894833472,0.869656875956208,0.9858024475100102,1,8031,7746.51237,Ab,0.38841205858107475
1.38922139840096,1.8648477994776784,0.08864910134591378,0.0950738192905001,0.33069759879546945,0.8170574695430062,0.9822933010805351,1,8047,7746.5443700000005,Ab,0.19237248148362046
1.38922139840096,1.889432102392649,0.09050677522768225,0.09580315176509448,0.3222557228453627,0.7678593709175916,0.9822491710746833,1,8063,7746.576370000001,Ab,0.0245843029149706
1.38922139840096,1.9142971982556443,0.09281095844041838,0.09696609128926277,0.3126258158131099,0.7194407529096195,0.9822015658039668,1,8079,7746.60837,Ab,0.024865095862995235
1.522470038954784,1.933735947452784,0.09412678032246365,0.09735225788862462,0.31157661059764546,0.6886353113353073,0.9821994618869003,1,8095,7746.64037,Ab,0.134659070172757
1.522470038954784,1.928761938684764,0.09525214023939053,0.09877024046248405,0.3044380049789944,0.6864117250908958,0.9821687976485712,1,8111,7746.67237,Ab,0.0049740087680199
1.522470038954784,1.7436819189138721,0.08295646160965736,0.09515091108053743,0.3106638573747955,0.6860280432784485,0.9821682864390849,1,8127,7746.70437,Ab,0.18508001977089195
1.522470038954784,0.8474275484180802,0.028194763255836027,0.06654200305021493,0.3238169942537831,0.6859019798960746,0.9821677982228411,1,8143,7746.7363700000005,aB,0.8962543704957919
1.522470038954784,0.44835907846462314,0.006400438076774343,0.02855050063307397,0.33784760963744004,0.6858418442423947,0.9821675190894117,1,8159,7746.768370000001,aB,0.3990684699534571
1.522470038954784,0.14973911259908285,0.0024490182095548416,0.03271046778688926,0.34826787874313625,0.68566579780504,0.982153299111749,1,8175,7746.80037,aB,0.2986199658655403
1.522470038954784,0.13189216255653918,0.0023187336093012773,0.03516105224686552,0.3484715753213323,0.6853798957849944,0.9821375844417541,1,8191,7746.83237,aB,0.017846950042543663
1.522470038954784,0.10490925125604587,0.0020594532912452295,0.039261614520893724,0.3432237144896051,0.6900698686591586,0.982133698031031,1,8207,7746.86437,aB,0.02698291130049331
1.522470038954784,0.11273463834997612,0.0022324622340856325,0.03960561308858992,0.3314558445788217,0.7172050088727053,0.982124010659029,1,8223,7746.89637,aB,0.007825387093930242
1.5047123912114027,0.12969191186061366,0.002787760857062741,0.042990512161758955,0.32276277182271274,0.7700984449319344,0.9821202755437919,1,8239,7746.9283700000005,aB,0.024553679526551374
1.5047123912114027,0.10258472167284612,0.0019938682449688635,0.03887261596960856,0.3295182844084763,0.8186666629371899,0.9821317013423428,1,8255,7746.960370000001,aB,0.02710719018776754
1.2679700005769252,0.24651061936486995,0.002161410959031642,0.017536047449805428,0.3459338650622834,0.8678962172174027,0.989369597575423,1,8271,7746.99237,aB,0.27705888101589965
1.0349851365001361,1.027782739689553,0.004664966526994528,0.009077728875664142,0.3517757511438485,0.9596126652835187,0.9958614307777528,1,8287,7747.02437,Ab,0.8152717785410616
1.2223016630433985,1.6997652238872356,0.04800486272869475,0.056484109751241095,0.356244536668782,0.9059973519339699,0.9966255647293278,1,8303,7747.05637,Ab,0.6976015626306478
1.5396975277115383,1.7899706252367575,0.08197908188137383,0.09159824270359805,0.3467624335793885,0.8525406945238062,0.9947332170110932,1,8319,7747.08837,Ab,0.3299653759730928
1.7044917862587545,1.8004695092117733,0.10227189507019835,0.11360580620437379,0.339155560018072,0.825010211608836,0.9909030257983914,1,8335,7747.120370000001,Ab,0.1651283567860093
1.7319768862923601,1.8266872255495192,0.10646407106629256,0.11656518924225263,0.3325920373571264,0.7726076971805939,0.9906254834271209,1,8351,7747.152370000001,Ab,0.03798419900200368
1.7452436318664402,1.8118542616589832,0.11388953139538209,0.1257159958230876,0.3251729460903456,0.7313797021881214,0.9902514101923705,1,8367,7747.18437,Ab,0.019900335572681113
1.7452436318664402,1.8474516501011558,0.11868952357034426,0.12848999167458106,0.29884946044349325,0.7104984282369005,0.9898928947671543,1,8383,7747.21637,Ab,0.03559738844217253
1.7452436318664402,1.84543172885047,0.11862523891590299,0.12856096171034767,0.27987105923381667,0.7040422285776227,0.989868328809272,1,8399,7747.24837,Ab,0.00201992125068573
1.721483402313533,1.5244505374436434,0.09007010951067648,0.11816730985803629,0.2734199830870075,0.7013016408856886,0.9898618166277151,1,8415,7747.28037,Ab,0.32185940058564805
1.721483402313533,0.6382248418615465,0.02148541454805967,0.06732866895432006,0.26269822684601296,0.6996252557999271,0.9898188561217474,1,8431,7747.312370000001,aB,0.886225695582097
1.721483402313533,0.7121334983917561,0.015007553741369231,0.042148147152918605,0.2586494547156136,0.6987932799163475,0.989781616737592,1,8447,7747.344370000001,aB,0.07390865653020962
1.7079044695441983,0.3585273551108231,0.009959932331079193,0.05556023655712694,0.2575859408597734,0.6986737840072625,0.9897690246034668,1,8463,7747.37637,aB,0.35386677151319224
1.7079044695441983,0.20891125151615086,0.0067229688923944346,0.06436196081927817,0.2672218719925471,0.6988253026635499,0.9897668028270352,1,8479,7747.40837,aB,0.14961610359467226
1.7582122229433907,0.1551044993733621,0.006123871923050756,0.07896446521914992,0.25194594188701314,0.7041017299570125,0.9891947044474776,1,8495,7747.44037,aB,0.07366163606810172
1.805581199313977,0.1781226466375582,0.008967685104603527,0.10069112798274173,0.2363218073567133,0.6731082048221195,0.9873706182399311,1,8511,7747.47237,aB,0.0526655012875922
1.8517720862819513,0.19601552809436806,0.011988257257859482,0.12231946493634889,0.22337767053112362,0.6583543357184787,0.986476844652797,1,8527,7747.504370000001,aB,0.0495353736809932
1.8735511998909018,0.27396214670391983,0.015547616669888865,0.11350193343821109,0.2192252319776538,0.6729018589933509,0.9837093434118466,1,8543,7747.536370000001,aB,0.08093210205014134
1.8190134603214108,0.5123969834379245,0.02692554427691088,0.1050964199525692,0.21679410245516179,0.7005872722770325,0.9848192575190835,1,8559,7747.56837,aB,0.244592592704115
1.7954559846999838,0.9554289119904807,0.052129810319665154,0.10912336787267861,0.22435929602214133,0.7066505912280958,0.985209103145844,1,8575,7747.60037,aB,0.44365780098478086
1.7477187389645639,1.3616167740773348,0.07795893271447642,0.11450936004707098,0.23481746211482063,0.7041263367678394,0.9884820836398956,1,8591,7747.63237,Ab,0.4089834030093313
1.7477187389645639,1.3606634240606041,0.0795861396879823,0.11698137582103113,0.252106824989317,0.6993487441252653,0.9887189473389867,1,8607,7747.66437,Ab,0.0009533500167306919
1.7477187389645639,1.1438525618973496,0.06381318404591302,0.11157589041032312,0.26995941553442154,0.6986996730861086,0.9891978977347343,1,8623,7747.696370000001,Ab,0.21681086216325451
1.7347501478876128,0.5448445660904787,0.020443930711218205,0.07504500176229423,0.27666035028552904,0.6993339536864515,0.9893706838749389,1,8639,7747.728370000001,aB,0.5991483650942273
1.7347501478876128,0.6336537994760933,0.015868798193796732,0.05008665049248374,0.2791262443148925,0.6981604857615684,0.9892777185112195,1,8655,7747.76037,aB,0.08880923338561464
1.7347501478876128,0.3325855864252201,0.010863522334566533,0.06532767971897141,0.26872677622149943,0.6971016883470966,0.9892039295009561,1,8671,7747.79237,aB,0.3010682130508732
1.7347501478876128,0.1738054659954796,0.007333847243484885,0.08439144536082227,0.2772440830781132,0.6973673981107222,0.989264801185357,1,8687,7747.82437,aB,0.15878012042974052
1.7347501478876128,0.1382936746635068,0.006229961306149427,0.09009755972293071,0.2749150592132241,0.7089702223030083,0.988971270024968,1,8703,7747.85637,aB,0.0355117913319728
1.7477187389645639,0.12420103776372353,0.005808135891908484,0.09352797684279764,0.26906989260857506,0.7529105451175891,0.9888066660157865,1,8719,7747.888370000001,aB,0.01915167797636299
1.7728130411037486,0.20774506471676277,0.010096379428290347,0.09719970428231962,0.24905722438295966,0.7527262655898538,0.9866053576044661,1,8735,7747.92037,aB,0.08723146473253122
1.7849625007211563,0.2828228502764424,0.012405029386352075,0.0877229642104724,0.2455505837419473,0.7594078415024441,0.9854581702084662,1,8751,7747.95237,aB,0.07605447556548041
1.7495127260510244,0.455830406975244,0.01699705175749531,0.07457620859601151,0.24766942664585812,0.7707384946507612,0.9854520815637223,1,8767,7747.98437,aB,0.17660209851259465
1.700168375911386,0.946395767843269,0.0356035328874673,0.07524026226068996,0.251938598084409,0.8158510992348263,0.986813499968829,1,8783,7748.01637,aB,0.49304080781845916
1.7242272226549282,1.0744684410287078,0.05165536467530595,0.0961505479413626,0.25340728675250923,0.80539393266583,0.9883549670757795,1,8799,7748.04837,Ab,0.1303128455812913
1.7880417416395034,1.4576279642318604,0.09773296710387368,0.1340986445130077,0.25437213962710703,0.7857295324623181,0.98876684288191,1,8815,7748.080370000001,Ab,0.3884372704240673
1.8004524998877525,1.4877182051173994,0.11017409031586506,0.14811150382766333,0.2502859778150369,0.7776034748117943,0.9878089248688425,1,8831,7748.11237,Ab,0.03254918611649526
1.8004524998877525,1.4467202148561236,0.10537777635133201,0.14567816951643528,0.2638346249801796,0.7313520011479153,0.9879347030269257,1,8847,7748.14437,Ab,0.04099799026127582
1.8004524998877525,0.5120673982686443,0.027435617945596038,0.10715627684308297,0.2754182482785153,0.6800696838035618,0.9879385193811034,1,8863,7748.17637,aB,0.9346528165874792
1.8004524998877525,0.48210033696532045,0.02291849591557523,0.09507770129280725,0.29953302621143674,0.65438953476549,0.9879722134031023,1,8879,7748.20837,aB,0.029967061303323883
1.8004524998877525,0.3668864139301114,0.018392296809605704,0.10026153115121496,0.3228970518733971,0.6502876673237327,0.9880518249236455,1,8895,7748.24037,aB,0.11521392303520905
1.8004524998877525,0.30952076334251355,0.016529152441159805,0.10680480535561848,0.3357713403223486,0.6511026014178459,0.9881569111483526,1,8911,7748.272370000001,aB,0.05736565058759785
1.8004524998877525,0.27349559549876046,0.01428444048463876,0.10445828539643522,0.3325853278568622,0.6513824298910307,0.9878985851135847,1,8927,7748.30437,aB,0.03602516784375309
1.8004524998877525,0.2927430328618839,0.017344689928565898,0.11849771288493222,0.3213378409080351,0.6733347480772094,0.9874058233060032,1,8943,7748.33637,aB,0.019247437363123454
1.8004524998877525,0.26950639146960675,0.017818176800985606,0.13222823179683313,0.31919059103572966,0.6888506777769066,0.9869447767878764,1,8959,7748.36837,aB,0.023236641392277158
1.8004524998877525,0.16775322725921502,0.010487557941940985,0.12503554314022752,0.32416621024723297,0.7166821790637949,0.9870991274089741,1,8975,7748.40037,aB,0.10175316421039174
1.7880417416395034,0.2805286080427026,0.011578436405467015,0.08254727734366774,0.32659192516445756,0.7380020828374093,0.9874765384703384,1,8991,7748.43237,aB,0.1134562181246894
1.7753581977485675,0.4517234835387613,0.012804912414398302,0.05669358747562011,0.33838964864582943,0.7528313622089682,0.9889382588774137,1,9007,7748.464370000001,aB,0.17166408384325577
1.7753581977485675,0.682344394669611,0.01541702702783742,0.04518840382737311,0.34048914248371304,0.7667758374470498,0.9903604633176069,1,9023,7748.49637,aB,0.23062091113084976
1.7753581977485675,0.949562460061675,0.02000871481645005,0.04214301988128399,0.3437564084984276,0.7893167635896359,0.9906379427748505,1,9039,7748.52837,aB,0.26721806539206394
1.751072900998343,0.629583269613465,0.019654060207252855,0.062435141325529624,0.3479826896922826,0.7916037810208579,0.9891372375603923,1,9055,7748.56037,aB,0.32089945147684235
1.6574022943447806,0.6706383147697909,0.022245876550443106,0.06634239667048972,0.35634507695545486,0.8457159678748614,0.9913852018880402,1,9071,7748.59237,aB,0.10227267124522742
1.5821285460939252,0.8393694354313017,0.026371034909512894,0.06283534709829504,0.3656132676359637,0.8742279096708148,0.9925763626424622,1,9087,7748.62437,aB,0.18476019120855688
1.5821285460939252,0.816367631603019,0.02585295843423664,0.06333655924959147,0.3529788848815654,0.8623269574829343,0.9924631314152759,1,9103,7748.656370000001,aB,0.023001803828282763
1.5821285460939252,0.9000434654861156,0.019709267133367053,0.04379625626796153,0.32589174769199913,0.8555673066240734,0.9922399090349523,1,9119,7748.68837,aB,0.08367583388309663
1.5821285460939252,0.9099119943796057,0.019141311572257354,0.04207288548890543,0.2976462130558889,0.8568689398447253,0.9921769467280805,1,9135,7748.72037,aB,0.009868528893490103
1.551977636644367,0.7452725566632005,0.01690960685083159,0.04537831616003885,0.2859248149097541,0.8626783145117061,0.9921618404612272,1,9151,7748.75237,aB,0.16737748293067836
1.5347501478876127,0.6440626209196134,0.01715292048443825,0.053264760063071986,0.28405079671427985,0.8703934999461522,0.9921325513534863,1,9167,7748.78437,aB,0.1026656586307472
1.5347501478876127,0.29475668027776947,0.00800610533862713,0.05432348695936205,0.29716607436253284,0.8740173997655164,0.9924563563356723,1,9183,7748.8163700000005,aB,0.34930594064184395
1.5347501478876127,0.2920653857650015,0.007603505081486957,0.05206714285276385,0.30570884081987293,0.8802284658537114,0.9929196466725532,1,9199,7748.848370000001,aB,0.00269129451276795
1.5169925001442315,0.33958823925315296,0.0077181955716155454,0.04545620065400357,0.31357000729989093,0.8863483785086095,0.9935497127519867,1,9215,7748.88037,aB,0.05073219546830512
1.5169925001442315,0.38005718347963263,0.009586447969139225,0.05044739784350354,0.31119143187840775,0.8947187919074122,0.9934057316193889,1,9231,7748.91237,aB,0.040468944226479675
1.3954559846999832,0.44204682515723404,0.009325985335135024,0.04219455860504286,0.3176093707034139,0.9073868723627794,0.9951769928569119,1,9247,7748.94437,aB,0.13643254839534227
1.520672282309333,0.5243468271149464,0.01166810781965816,0.04450530532952113,0.310460261281031,0.9094482724259221,0.9943336243683671,1,9263,7748.97637,aB,0.14984128773216254
1.520672282309333,0.6007581682878574,0.009976291381081238,0.03321233703576055,0.31826947465779315,0.9159182077064312,0.994591697258821,1,9279,7749.0083700000005,aB,0.07641134117291104
1.520672282309333,0.6540645029356376,0.010212833753760347,0.0312288274563811,0.3165800280783552,0.9231195178006684,0.9945974646964059,1,9295,7749.040370000001,aB,0.05330633464778012
1.5405499757656584,0.8282022102437285,0.014257803337043273,0.034430729985246954,0.3268917397831801,0.9556826638516064,0.9971616350683352,1,9311,7749.07237,aB,0.1752685476737398
1.5405499757656584,0.8092241647930561,0.014589772074182087,0.036058666334842206,0.33502493129901434,0.9513378641913829,0.9972024440216609,1,9327,7749.10437,aB,0.018978045450672387
1.5405499757656584,0.7594347892163252,0.013897343723112071,0.03659917591463777,0.35154251477442533,0.948605732343939,0.9972741133326442,1,9343,7749.13637,aB,0.04978937557673091
1.5405499757656584,0.752343460599589,0.01419308405685339,0.03773033142480442,0.3722379866015692,0.9497386560903036,0.9973989697301785,1,9359,7749.16837,aB,0.0070913286167362255
1.5405499757656584,0.7301542885755572,0.013912413582121976,0.03810814727737452,0.40149157217470793,0.9529193916161967,0.9976240208858954,1,9375,7749.2003700000005,aB,0.02218917202403181
1.5405499757656584,0.3354744017217234,0.0055677118077213416,0.03319306497990132,0.41926659357166335,0.9534909414766859,0.9976701198830064,1,9391,7749.232370000001,aB,0.3946798868538338
1.5405499757656584,0.24034750564689458,0.0048005012609685675,0.0399463372673499,0.42858331758071505,0.9545472299344526,0.9976829541363968,1,9407,7749.26437,aB,0.0951268960748288
1.5405499757656584,0.31567059294744715,0.007423459460950333,0.04703294907287225,0.4246451953454564,0.9540410559947043,0.9976487785657331,1,9423,7749.29637,aB,0.07532308730055257
1.5405499757656584,0.6726813172070546,0.015589477124690238,0.046350260445517086,0.41773272949325035,0.9512752899696912,0.9975929871064887,1,9439,7749.32837,aB,0.35701072425960745
1.662314347035162,0.5180218864571957,0.013487573991747258,0.05207337506139034,0.41128963099757326,0.9342742547280334,0.9971368404740749,1,9455,7749.36037,aB,0.19684029473288212
1.719121948984133,0.3928161499310499,0.01028255597496687,0.05235302049964974,0.40680917254244203,0.926641726657393,0.9968360584972707,1,9471,7749.3923700000005,aB,0.13749029092356801
1.719121948984133,0.4276167529077236,0.010991358888558553,0.05140752233779018,0.4037861133743876,0.9266098794935895,0.9963643047980015,1,9487,7749.424370000001,aB,0.0348006029766737
1.719121948984133,0.4907387934330882,0.011893759184666638,0.04847287128641621,0.4088844569325835,0.9220997626862282,0.9963956445312789,1,9503,7749.45637,aB,0.06312204052536458
1.6420639178071745,0.6571197166207786,0.018095415550343757,0.05507494324899874,0.419038948089417,0.9267589093115642,0.9972951945147013,1,9519,7749.48837,aB,0.18335907877620142
1.6420639178071745,0.5913788460115368,0.018263098738683155,0.06176446405499893,0.42409704896700656,0.9268735667105077,0.9974963795621062,1,9535,7749.52037,aB,0.06574087060924183
1.6420639178071745,0.9439004630491408,0.03421244922627318,0.07249164623938113,0.42864564244332093,0.9330012238561862,0.9975051707789288,1,9551,7749.55237,aB,0.352521617037604
1.6420639178071745,0.8234937843155117,0.02704919392338033,0.0656937415644579,0.43104906818534117,0.9332257695223488,0.9974635746331534,1,9567,7749.5843700000005,aB,0.12040667873362909
1.6420639178071745,0.4643319856692662,0.010546009861558424,0.045424438492463116,0.42486641860083924,0.9340295796962443,0.9973476926200521,1,9583,7749.616370000001,aB,0.3591617986462455
1.6420639178071745,0.8986150470218845,0.01052868381157708,0.023433134903472562,0.41668869170432576,0.932039626275299,0.9972957466523573,1,9599,7749.64837,aB,0.43428306135261835
1.6420639178071745,1.0172773720927581,0.009988483859524975,0.01963768021100581,0.40184349829334887,0.9294292447976881,0.9971521057540126,1,9615,7749.68037,Ab,0.1186623250708736
1.6035843815994524,0.837337935854679,0.009089046041531917,0.021709385547555873,0.3804540481263653,0.9282610768601631,0.9968149884494397,1,9631,7749.71237,aB,0.18400781347659984
1.7651213253227651,0.6761787392315949,0.014335771154151099,0.04240231265017937,0.35656195034320537,0.8984520820331988,0.9961903896660158,1,9647,7749.74437,aB,0.22818078543923584
1.8349962296743623,0.6536239372948232,0.0202563414990714,0.061981639114708824,0.3329295325528824,0.8799425153686998,0.9950812891537476,1,9663,7749.7763700000005,aB,0.07342493683042467
1.8349962296743623,0.5887625188306602,0.021598219049042543,0.07336818618120838,0.3222875445365857,0.8747606623828408,0.994133297343334,1,9679,7749.808370000001,aB,0.06486141846416293
1.8349962296743623,0.589535931903205,0.021426750915707445,0.07269022889422615,0.3271461617361091,0.8481781710124052,0.9941312653144773,1,9695,7749.84037,aB,0.0007734130725447486
1.8349962296743623,1.1342030295693115,0.04260609990149835,0.07512958225420553,0.33089880201220967,0.8398850212646557,0.9944446467195331,1,9711,7749.87237,Ab,0.5446670976661065
1.8349962296743623,1.3461689110297264,0.05713605288554446,0.08488690002778228,0.3318970379002214,0.8379798439804587,0.9943276652218983,1,9727,7749.90437,Ab,0.21196588146041484
1.8349962296743623,1.2663332501177922,0.06542824718726423,0.103334958915717,0.3302991905991462,0.8252978329198744,0.9945164361260393,1,9743,7749.93637,Ab,0.07983566091193417
1.8349962296743623,1.2499724415173652,0.06794593971215253,0.10871590037564614,0.3281759787877202,0.8119163292120424,0.9941617139836112,1,9759,7749.9683700000005,Ab,0.01636080860042699
1.8349962296743623,0.4823655575362303,0.01964678316819498,0.08146014101232474,0.33326150914864966,0.7889904949325762,0.9942165968921557,1,9775,7750.000370000001,aB,0.767606883981135
1.8349962296743623,0.43991018736699156,0.01370997202909147,0.062330777612358564,0.3333103498188418,0.7749130536726214,0.9942656930709781,1,9791,7750.03237,aB,0.042455370169238726
1.8349962296743623,0.34341130910364737,0.010208095269261036,0.05945113045872382,0.3334700560878147,0.769593875053518,0.9943617077972996,1,9807,7750.06437,aB,0.09649887826334419
1.8035843815994521,0.3662903567014319,0.010179025909653895,0.0555790002298693,0.3284571885974403,0.7703346821785809,0.9943699552305342,1,9823,7750.09637,aB,0.03886071304624925
1.8035843815994521,0.38398570663568227,0.010470205280959642,0.05453434906572477,0.3287633048501238,0.7735820082690701,0.9942708075958814,1,9839,7750.12837,aB,0.01769534993425037
1.8035843815994521,0.3245150922689166,0.010128982596799428,0.06242534068896754,0.32179152927438637,0.7938325305057394,0.9939949962300885,1,9855,7750.1603700000005,aB,0.05947061436676565
1.8035843815994521,0.3032377213768001,0.010578996680225786,0.06977361940456235,0.31613563192724425,0.809099602107682,0.9937270059708779,1,9871,7750.192370000001,aB,0.02127737089211651
1.8035843815994521,0.29547751102963443,0.011139973996479435,0.07540319368239276,0.3110136803388346,0.817352171134078,0.9933858828849585,1,9887,7750.22437,aB,0.007760210347165675
1.8035843815994521,0.460961114886587,0.011526157599026024,0.05000924037534868,0.3141097219850977,0.8333058947066471,0.9939493388058317,1,9903,7750.25637,aB,0.16548360385695254
1.8035843815994521,0.7460984611428929,0.013351813730929836,0.035791023373717146,0.31703309144537484,0.8525740660454129,0.9946709028341028,1,9919,7750.28837,aB,0.28513734625630593
1.8035843815994521,0.6695116350169369,0.013230718847217778,0.03952349191626244,0.32848540036771506,0.8494890019834525,0.9955513525544575,1,9935,7750.32037,aB,0.07658682612595602
1.8035843815994521,0.6956120296937726,0.01381276044545416,0.039713978067730984,0.32362473495859684,0.8665330305057344,0.9954399581627729,1,9951,7750.3523700000005,aB,0.02610039467683567
1.8035843815994521,0.7032932334948764,0.013384103709816225,0.038061232704619016,0.32414320156944443,0.8775484165035647,0.9954466093949891,1,9967,7750.384370000001,aB,0.00768120380110382
1.8035843815994521,0.725749858214756,0.012854613512472787,0.03542436382720998,0.327920039608628,0.8870011178784636,0.9959325225650861,1,9983,7750.41637,aB,0.022456624719879636
1.7356143810225273,0.944966081774875,0.014151076863263981,0.02995044401315407,0.33099995037075003,0.9159092997684259,0.9961523621642623,1,9999,7750.44837,aB,0.22951181592760578
1.6818781872275406,0.9632650136043471,0.011585946083184162,0.024055573325209526,0.33132616162838324,0.9214447463743387,0.996267761911049,1,10015,7750.48037,aB,0.05676644633647627
1.717292905177278,0.8378578273847611,0.012509727219935778,0.0298612170491571,0.3219309812184925,0.9187249206207503,0.9956832117284242,1,10031,7750.51237,aB,0.13031179763541512
1.717292905177278,0.9594976753692221,0.014732063024200447,0.030707866006098317,0.3168046657122092,0.9177021397407302,0.9954696664540552,1,10047,7750.5443700000005,aB,0.12163984798446104
1.717292905177278,0.9187145802466333,0.01229929671041717,0.026775011466815657,0.31484359518098526,0.9165219777356948,0.9952023842363871,1,10063,7750.576370000001,aB,0.04078309512258882
1.717292905177278,0.8287055714326004,0.011856362817177531,0.028614174263800814,0.31764387980725156,0.918932383263632,0.9951208813844765,1,10079,7750.60837,aB,0.09000900881403295
1.7356143810225273,0.7578538924429011,0.01314354488655178,0.03468622386878366,0.31632136326859805,0.9200970694254856,0.9949336627348202,1,10095,7750.64037,aB,0.07318221705310272
1.7356143810225273,0.749355888570289,0.013861731884324678,0.03699639142296393,0.31754245802138903,0.9235989194165393,0.9951094588622116,1,10111,7750.67237,aB,0.008498003872612125
1.700800473138883,0.9580937137625878,0.019645556185927355,0.04100967557500425,0.32536086071813874,0.9290799877707787,0.9956210236260373,1,10127,7750.70437,aB,0.21162109499797402
1.6703350876562828,0.809171722706433,0.017994779159056354,0.04447703411797263,0.34035472534572275,0.938742739832503,0.9959929573242056,1,10143,7750.7363700000005,aB,0.1520062470187751
1.6703350876562828,0.6289291555083949,0.014015059003434282,0.04456800541264527,0.3537365095703358,0.9318387209741816,0.9960390629391043,1,10159,7750.768370000001,aB,0.1802425671980381
1.69058551688427,0.5964861658120661,0.014615156341727888,0.04900417538378471,0.35284128063992237,0.9185494471755098,0.995864278214497,1,10175,7750.80037,aB,0.03824431283673187
1.69058551688427,0.7892567102947655,0.01945124841270792,0.0492900425400081,0.3458617797466301,0.9156186358121907,0.9958119994850482,1,10191,7750.83237,aB,0.19277054448269937
1.69058551688427,0.7856731122468942,0.019469204909472914,0.04956057323584419,0.3445789258193924,0.9050929263140048,0.9954508366700279,1,10207,7750.86437,aB,0.003583598047871339
1.69058551688427,0.6976618216331338,0.016076849942737007,0.04608780198149078,0.3457624222613857,0.9022825541433357,0.9955492101359238,1,10223,7750.89637,aB,0.08801129061376034
1.69058551688427,0.7522175922401915,0.01677374924537535,0.04459813069625552,0.34517450625995494,0.9024579664705847,0.9954575521587972,1,10239,7750.9283700000005,aB,0.05455577060705763
1.69058551688427,0.8367323118124863,0.01836259972415288,0.043891216975657996,0.3469973921032924,0.897423323516905,0.9951017028795396,1,10255,7750.960370000001,aB,0.08451471957229484
1.69058551688427,0.6839924172246556,0.014426323894551856,0.042182701244226115,0.34423844604577336,0.8978636524527414,0.9950893632120827,1,10271,7750.99237,aB,0.15273989458783066
1.69058551688427,0.6021226878066808,0.014995988269496364,0.04981040765669012,0.34479925363925723,0.8998706288196905,0.9955593801725299,1,10287,7751.02437,aB,0.08186972941797488
1.69058551688427,0.6385420164113453,0.013680500785862918,0.04284917964442927,0.3457395213237901,0.9006265402355174,0.9957239359676192,1,10303,7751.05637,aB,0.03641932860466457
1.69058551688427,0.5658621872112739,0.013230858882020259,0.04676353776959584,0.35611808980506116,0.8948780032818777,0.9959166167111853,1,10319,7751.08837,aB,0.07267982920007143
1.69058551688427,0.5504864432829132,0.01096340952717157,0.03983171488035033,0.35950892097731824,0.8922411738004599,0.995959605773846,1,10335,7751.120370000001,aB,0.015375743928360719
1.69058551688427,0.5065082326352325,0.011414931816849494,0.045073035664042534,0.3682708006725848,0.9062514763836849,0.9963219630231779,1,10351,7751.152370000001,aB,0.043978210647680704
1.69058551688427,0.4306861289522944,0.009799180523403282,0.04550497387617841,0.3759017298705768,0.9117664506436269,0.996439747543982,1,10367,7751.18437,aB,0.07582210368293807
1.69058551688427,0.33846632866938187,0.008577275388900884,0.05068318271197531,0.3878312377288884,0.9159770190488536,0.9964939351893363,1,10383,7751.21637,aB,0.09221980028291255
1.69058551688427,0.3277654364703536,0.010532495800449697,0.06426849587236672,0.3931129493510309,0.9306455779172564,0.9965789273275742,1,10399,7751.24837,aB,0.010700892199028256
1.6703350876562828,0.888949443696891,0.03760641269309759,0.08460866466534495,0.39430184041503286,0.9477906330420544,0.996701799468998,1,10415,7751.28037,aB,0.5615492586147293
1.6703350876562828,0.9210101108251216,0.03947478024226196,0.08572062299489197,0.40107800397116883,0.9422312096960428,0.9969311871138669,1,10431,7751.312370000001,aB,0.032060667128230635
1.6703350876562828,0.29685064601863387,0.010918906432601183,0.07356498346253074,0.4038134847842493,0.9333348853993333,0.997030024466357,1,10447,7751.344370000001,aB,0.6241594648064878
1.6703350876562828,0.35298276507851634,0.010914197603516293,0.06183983289432601,0.4107537255477635,0.9355158397717372,0.9974648563496636,1,10463,7751.37637,aB,0.05613211905988247
1.6703350876562828,0.3307353744788059,0.009944999384615391,0.06013870999004785,0.42246273762216097,0.9390571428844574,0.9975353464105123,1,10479,7751.40837,aB,0.022247390599710426
1.6703350876562828,0.4180017444040077,0.01062585070438344,0.05084117875887774,0.43108477055552397,0.9394505207069659,0.9976988580286188,1,10495,7751.44037,aB,0.08726636992520181
1.607661871379495,0.3878137767291205,0.007701528008949686,0.03971766074895806,0.4318427066753474,0.9367974787701894,0.9978980899956202,1,10511,7751.47237,aB,0.06956468522761426
1.5614709844115204,0.420825560215203,0.009527680026724085,0.045280899866689615,0.43376633353421745,0.9287626715341852,0.9979202963566789,1,10527,7751.504370000001,aB,0.056774782146831654
1.5850284600329483,0.5746716806306179,0.016543304494451516,0.05757480332525753,0.4368800941584957,0.9342465178825345,0.9978727774046064,1,10543,7751.536370000001,aB,0.15563927340015601
1.5850284600329483,0.6337304598441189,0.017688929475537688,0.05582477282183565,0.44689003452323345,0.9302731144322371,0.9979092274025031,1,10559,7751.56837,aB,0.059058779213501
1.5850284600329483,0.4708789556818398,0.011343165200610338,0.048178688232882544,0.4579272369664084,0.914757973177998,0.9980096877502811,1,10575,7751.60037,aB,0.16285150416227911
1.5850284600329483,0.4345851430054943,0.010955638142831063,0.050418834233790434,0.4733953957929101,0.905368240184244,0.9981304701768092,1,10591,7751.63237,aB,0.036293812676345516
1.5850284600329483,0.4290837461155793,0.01064455361347682,0.04961527305492281,0.4790588159164083,0.9053553440457494,0.9982040753927731,1,10607,7751.66437,aB,0.005501396889914967
1.5850284600329483,0.41194780103595563,0.009527516752531105,0.04625594178957408,0.4836040660427609,0.9060033648993457,0.9982071246583479,1,10623,7751.696370000001,aB,0.017135945079623682
1.5850284600329483,0.4536301283254179,0.010368773052819214,0.04571465784733341,0.47265791105794075,0.9039160707365328,0.9978991119098628,1,10639,7751.728370000001,aB,0.04168232728946225
1.5850284600329483,0.33969064949910105,0.007197059222654339,0.04237419683625048,0.4611285768155708,0.9078526897853365,0.9978720113505481,1,10655,7751.76037,aB,0.11393947882631683
1.607661871379495,0.28104175789686775,0.007245955219816215,0.05156497222363106,0.45063449536109884,0.9054418673672238,0.9976838660640007,1,10671,7751.79237,aB,0.06286464662552795
1.7008004731388833,0.3829826644596713,0.009898427719509701,0.05169125727126494,0.44930520802770185,0.8974142735354371,0.9974828695076581,1,10687,7751.82437,aB,0.13808239412952023
1.7008004731388833,0.4754794015563167,0.009533121440948521,0.04009898813595356,0.4527712429698394,0.8992911691897553,0.9975224068266368,1,10703,7751.85637,aB,0.09249673709664541
1.719121948984133,0.5409916525606329,0.011294947273162204,0.04175645675751456,0.4494001525257585,0.8968480705083833,0.9972772891334285,1,10719,7751.888370000001,aB,0.06802596202039772
1.719121948984133,0.6098253139684774,0.012181791845744892,0.039951742135698166,0.4452853497122037,0.8991627360891941,0.9971409518284268,1,10735,7751.92037,aB,0.06883366140784453
1.719121948984133,0.6488351775360329,0.014163363681322845,0.043657816874567615,0.44077356732290307,0.904892552300867,0.9971325574858858,1,10751,7751.95237,aB,0.039009863567555536
1.719121948984133,0.5199801085051319,0.0118194055241313,0.045460991029485316,0.4453702383158184,0.9077565338722476,0.9973854038052535,1,10767,7751.98437,aB,0.12885506903090105
1.719121948984133,0.5811305350041532,0.018000506588670227,0.06194995961980067,0.4497380232439968,0.9251998030761213,0.9974414712173368,1,10783,7752.01637,aB,0.06115042649902136
1.719121948984133,0.5072613525196786,0.013453026028094192,0.05304179378645763,0.45648077790758673,0.9352751129515859,0.9974676803965488,1,10799,7752.04837,aB,0.0738691824844746
1.719121948984133,0.5076198662580027,0.00902196359420638,0.0355461407005725,0.45713943543203284,0.9323944030802745,0.9973976959417176,1,10815,7752.080370000001,aB,0.0003585137383240733
1.719121948984133,0.5302638915072292,0.00945782387643784,0.0356721399586715,0.44276356293869107,0.9302116400149367,0.9972495015850078,1,10831,7752.11237,aB,0.022644025249226485
1.6261998979067978,0.6017281710501189,0.008829450902351288,0.029346975352483103,0.4242275827214877,0.930565474728328,0.9971494387990896,1,10847,7752.14437,aB,0.11722478759632357
1.6261998979067978,0.5364264964133255,0.009364256515523752,0.034913474923909935,0.41489821347320044,0.9220773687690538,0.9968083160598206,1,10863,7752.17637,aB,0.06530167463679337
1.565055366010973,0.5201289448880763,0.009586319602559212,0.036861319473854855,0.41233936249028313,0.9214868200557476,0.9967575453929997,1,10879,7752.20837,aB,0.06327925383945114
1.565055366010973,0.508122857024059,0.009993909368638242,0.03933658653802713,0.4164752205777249,0.9195461798436797,0.9970132129255789,1,10895,7752.24037,aB,0.012006087864017245
1.565055366010973,0.42420056037223947,0.00878902160916507,0.041438048084861706,0.4171387921060391,0.921794554773061,0.9969525128925317,1,10911,7752.272370000001,aB,0.08392229665181955
1.565055366010973,0.4318977933773458,0.008529520039163772,0.039497863475822834,0.41718458755780174,0.9191595681706662,0.9970113397069006,1,10927,7752.30437,aB,0.00769723300510633
1.4924322822785743,0.5368749725972238,0.01045965074556986,0.038964940738323205,0.41756702741281704,0.9254685798911086,0.9972872227048336,1,10943,7752.33637,aB,0.12764920856693698
1.4924322822785743,0.5444701073024398,0.010362840289574524,0.038065782310499625,0.4216414863771497,0.9241248866455707,0.9972463204308216,1,10959,7752.36837,aB,0.007595134705216
1.5155277257625612,0.6672796352734224,0.01328573155396615,0.03982058151234371,0.43254994595276247,0.9249565333530949,0.9974907073669946,1,10975,7752.40037,aB,0.12496231299947028
1.5155277257625612,0.4593265484126433,0.009996039474931415,0.043524762544103215,0.4392004385753761,0.9238217342277579,0.9976163765167714,1,10991,7752.43237,aB,0.20795308686077907
1.5155277257625612,0.4942908383637837,0.009028104704685494,0.036529524741225616,0.44287902923173394,0.9231737553123637,0.9977222732530827,1,11007,7752.464370000001,aB,0.03496428995114037
1.5155277257625612,0.5207882947658008,0.009508783200585534,0.03651688525319735,0.4490176760701767,0.922818237102166,0.9976558133239011,1,11023,7752.49637,aB,0.026497456402017117
1.5155277257625612,0.5577512189897086,0.00985488817877253,0.03533793506224276,0.4506894735451577,0.9222573679430768,0.9977793608953008,1,11039,7752.52837,aB,0.03696292422390779
1.5155277257625612,0.5551617875428067,0.0094494770512074,0.03404224592989943,0.45087894124661687,0.9273647305312103,0.9979236301228299,1,11055,7752.56037,aB,0.0025894314469019353
1.5155277257625612,0.450613666322325,0.009176762304133076,0.040730066529180306,0.4463252228268418,0.931492405065355,0.9978373434804835,1,11071,7752.59237,aB,0.10454812122048163
1.5155277257625612,0.46464507268764904,0.008577787785719661,0.03692189281639474,0.45200308121749666,0.9329550910611164,0.997852509676888,1,11087,7752.62437,aB,0.014031406365324017
1.5155277257625612,0.5506706142919443,0.008508300948571185,0.030901597898087264,0.4566221580825263,0.9349471328873961,0.9978526549524181,1,11103,7752.656370000001,aB,0.08602554160429526
1.386672561393942,0.6269375859057099,0.008664270269524791,0.027639977134272117,0.46350986789657556,0.9461807356103112,0.9981413265187027,1,11119,7752.68837,aB,0.1497341121575135
1.386672561393942,0.6115957906494183,0.007920139167824589,0.025899913926531935,0.4634202417365897,0.9491684587694386,0.998184899650869,1,11135,7752.72037,aB,0.015341795256291646
1.386672561393942,0.6100829835794841,0.0076759664165970175,0.025163679772087798,0.4671822624893264,0.9520621436055468,0.9981818080743695,1,11151,7752.75237,aB,0.0015128070699341745
1.386672561393942,0.5650111011918917,0.007428310164714847,0.026294386602474948,0.47261317818001014,0.9545250834675243,0.9982446519898436,1,11167,7752.78437,aB,0.04507188238759241
1.6153631194101663,0.5480676991523443,0.007318600405769004,0.026706921123387278,0.4844738029593401,0.9619733703744582,0.9983729932223708,1,11183,7752.8163700000005,aB,0.2293173569498084
1.6153631194101663,0.5433828967749965,0.006268567069056617,0.023072375322303527,0.49475433228072935,0.9676838505204194,0.9985146352736605,1,11199,7752.848370000001,aB,0.004684802377347808
1.6465641242106757,0.47188489294950725,0.006030312008563282,0.02555840247765058,0.5059977273829172,0.9676136950792595,0.9986019747094887,1,11215,7752.88037,aB,0.07800940489191727
1.6465641242106757,0.39077548188854316,0.005822235728636723,0.02979836759716332,0.5083692862200082,0.9700296814814746,0.9986136951424696,1,11231,7752.91237,aB,0.08110941106096409
1.6465641242106757,0.34963562019290817,0.006220455554502646,0.035582504729183874,0.5076363625067964,0.9736647937332719,0.9986148556187553,1,11247,7752.94437,aB,0.041139861695634994
1.4924322822785745,0.4039500685382418,0.008231708826959318,0.040756070950783985,0.5068700606444353,0.9597052327801845,0.9984767592672615,1,11263,7752.97637,aB,0.1634217978007834
1.4924322822785745,0.4870074655966739,0.009209116641413946,0.03781920110867738,0.5043816542489103,0.9594769365809006,0.9984179493560355,1,11279,7753.0083700000005,aB,0.08305739705843213
1.4924322822785745,0.5480384248160675,0.009778599137747103,0.0356858157930404,0.515408244922062,0.9561638707874994,0.9984627891012774,1,11295,7753.040370000001,aB,0.061030959219393555
1.4924322822785745,0.5920463617538032,0.009455429841780565,0.03194151827492359,0.5191086808716107,0.9552073710186136,0.9984576411785807,1,11311,7753.07237,aB,0.04400793693773575
1.4924322822785745,0.6649928960348943,0.010956046455406716,0.032950867658086434,0.5220414360283907,0.9562038359883519,0.9985379896664173,1,11327,7753.10437,aB,0.0729465342810911
1.4924322822785745,0.7669116252607581,0.01610931204177864,0.04201086933921833,0.5183602706571501,0.9504935207266099,0.9986015466722887,1,11343,7753.13637,aB,0.10191872922586376
1.4924322822785745,1.081496869887607,0.026340934382244198,0.048711993748038564,0.5194584176273208,0.9502027469402132,0.998467810566929,1,11359,7753.16837,Ab,0.314585244626849
1.4924322822785745,0.9983889994683195,0.02787086421092858,0.055831673277191324,0.518257710027917,0.9488904351748713,0.9982862605667474,1,11375,7753.2003700000005,aB,0.08310787041928758
1.5862788305961928,0.4017197551992268,0.010337674975964458,0.051467097857000564,0.5151694153814459,0.9463988603786138,0.9980758219267708,1,11391,7753.232370000001,aB,0.6040044384669546
1.5862788305961928,0.41197584969810885,0.010632071711862845,0.05161502413140918,0.5099264489008007,0.9450135242597731,0.9979514182361595,1,11407,7753.26437,aB,0.01025609449888204
1.5862788305961928,0.37763828735560734,0.010370629428938934,0.054923612229886606,0.5057369157096749,0.9441127961195152,0.997915901996281,1,11423,7753.29637,aB,0.034337562342501515
1.6294409849884457,0.3802560566073074,0.010507227403740008,0.055263958173273134,0.5104488002266886,0.9312017777785155,0.9978531994336977,1,11439,7753.32837,aB,0.04324146491084481
1.6294409849884457,0.42561869585976275,0.010241521791161239,0.04812533796464487,0.5125625180422876,0.9248287087182576,0.9978833026638594,1,11455,7753.36037,aB,0.04536263925245537
1.6294409849884457,0.6168807424371114,0.010440575312186963,0.033849574460500645,0.5015666682507072,0.9293061168152879,0.997749179473021,1,11471,7753.3923700000005,aB,0.1912620465773487
1.6294409849884457,0.5198927373804046,0.0098799595569395,0.03800768445707427,0.4930323267335287,0.9233259503429023,0.9976881319570803,1,11487,7753.424370000001,aB,0.0969880050567068
1.6294409849884457,0.5011870219451255,0.009754601069243383,0.038925992262869906,0.49092678722493704,0.923356061244676,0.997604320024573,1,11503,7753.45637,aB,0.018705715435279102
1.6076618713794955,0.46218193685841297,0.008071599895676365,0.03492823605587623,0.49854014701964067,0.929067117806188,0.997801893687464,1,11519,7753.48837,aB,0.044673554282296024
1.6076618713794955,0.3846923999514546,0.00791668199234663,0.04115850478639899,0.5048258365369327,0.9258697613110527,0.9979499073233967,1,11535,7753.52037,aB,0.07748953690695837
1.6818781872275406,0.5609951280806003,0.015192436124141786,0.054162452982868085,0.4974390722819905,0.9143460993941688,0.9976524032684292,1,11551,7753.55237,aB,0.19128699245854705
1.7533720287659087,0.47364401857886845,0.012481464784957123,0.05270398989691361,0.49390733018219424,0.901523710213824,0.9974592633116909,1,11567,7753.5843700000005,aB,0.11287863265072284
1.7533720287659087,0.557110586710181,0.01363594358407659,0.0489523764558086,0.4944709879785492,0.8957945112108813,0.9972832042930491,1,11583,7753.616370000001,aB,0.08346656813131254
1.7533720287659087,0.5934424183055892,0.014992342048483006,0.05052669504579566,0.501962524856741,0.8860535163664983,0.9973048770876084,1,11599,7753.64837,aB,0.036331831595408204
1.7533720287659087,0.5754591555427538,0.013766546495935717,0.047845433905562146,0.5031348684170941,0.8812547666462446,0.9974403180898929,1,11615,7753.68037,aB,0.01798326276283535
1.7533720287659087,0.5809998168390695,0.013007606699639318,0.04477662926094271,0.5051832731409812,0.8820012631117807,0.9976603316591461,1,11631,7753.71237,aB,0.0055406612963156965
1.700800473138883,0.7635982224788983,0.016478335389974237,0.043159700755928905,0.5103220839223114,0.8937334275479315,0.9978636799934142,1,11647,7753.74437,aB,0.19001564725898998
1.6818781872275406,0.7571773920706854,0.016657241558879217,0.0439982538657842,0.515996805824162,0.897237043830662,0.997928320955926,1,11663,7753.7763700000005,aB,0.01998199107300427
1.6818781872275406,0.5935671860488136,0.008720612900198757,0.02938374325659435,0.5206133406519348,0.8993699909650384,0.9979509536792458,1,11679,7753.808370000001,aB,0.1636102060218717
1.6245713495571068,0.5788083147440848,0.007957144890667416,0.027494922543348742,0.5129900138296949,0.9062655170993067,0.9979385381561945,1,11695,7753.84037,aB,0.059176836059179394
1.5631833871122056,0.37363738597313606,0.006920715342354967,0.037045090251501524,0.5123735337854886,0.9113467849772015,0.9979479351588946,1,11711,7753.87237,aB,0.21415786687831553
1.5631833871122056,0.41921060256567355,0.006686708101808245,0.03190142644715531,0.5156995619061893,0.9134813536600696,0.9980040533720921,1,11727,7753.90437,aB,0.04557321659253749
1.5631833871122056,0.48607794261589177,0.00681809196823331,0.02805349253883383,0.5223500789176462,0.9202336911324387,0.9979678692483298,1,11743,7753.93637,aB,0.06686734005021822
1.584962500721156,0.4272647244779484,0.007155057941134081,0.03349238788611186,0.5203394494642006,0.9243389299603677,0.9979179467948284,1,11759,7753.9683700000005,aB,0.0627162213253707
1.584962500721156,0.46702701167409666,0.007999684847671886,0.03425791077478092,0.517478538634058,0.9354018802891295,0.9978544691040736,1,11775,7754.000370000001,aB,0.03976228719614827
1.8416468716679575,0.45166107946001866,0.007462512202847768,0.03304474324761186,0.5150923345202887,0.9488272218749685,0.9978251229277257,1,11791,7754.03237,aB,0.2571438861049642
1.726417282567037,0.6128491817581913,0.008465241179707424,0.027625854555020066,0.5156012829235131,0.9591735018279965,0.9980551226329846,1,11807,7754.06437,aB,0.19814000738582083
1.6465641242106757,0.618302968475498,0.00970494670181406,0.03139220478188161,0.5161150441882062,0.968325359684354,0.9981628037244331,1,11823,7754.09637,aB,0.08003918221123944
1.6761643567881859,0.781587245730339,0.01578712682104108,0.04039760604406769,0.516275636891854,0.9696574451276186,0.9983455448889184,1,11839,7754.12837,aB,0.16594556025178397
1.7036650615381732,0.8094667411400914,0.017443826977663817,0.04309955206583312,0.5143349259442765,0.9650383934532669,0.9982314394697285,1,11855,7754.1603700000005,aB,0.039160631073163046
1.466780147310688,0.9850682839717968,0.021564673724341284,0.04378310432936179,0.5208481567116565,0.9574365064251151,0.9982782412762747,1,11871,7754.192370000001,aB,0.29487347190521945
1.4924322822785743,0.494816956661898,0.010040393522052946,0.04058225324284275,0.5292144672379688,0.9491874392192805,0.99827633680159,1,11887,7754.22437,aB,0.49092198561230493
1.4924322822785743,0.4536571247856899,0.009488152191461386,0.04182961833099674,0.5363361618294332,0.9441925683000932,0.9982857215107921,1,11903,7754.25637,aB,0.041159831876208086
1.4924322822785743,0.4374723920032285,0.00920190031971882,0.042068484722349794,0.538129947266024,0.9437806759136618,0.9983236461512854,1,11919,7754.28837,aB,0.01618473278246141
1.4924322822785743,0.4151720996911468,0.008576972311307086,0.04131767196151973,0.541392877411019,0.9435834925837734,0.9983055876664851,1,11935,7754.32037,aB,0.022300292312081693
1.4924322822785743,0.38731250047117066,0.008570690830615743,0.04425723838083918,0.5477017893054688,0.945607492651183,0.9983816450436651,1,11951,7754.3523700000005,aB,0.02785959921997616
1.4924322822785743,0.41443120328099914,0.011504765716032369,0.05552075048862442,0.5547295918949373,0.9484155342725245,0.9983945615159646,1,11967,7754.384370000001,aB,0.027118702809828477
1.4924322822785743,0.3780885699582243,0.011340350388017341,0.05998779804039227,0.5565442348895429,0.949766362760581,0.9983932432734289,1,11983,7754.41637,aB,0.03634263332277482
1.4924322822785743,0.2792226831126668,0.007251559149010483,0.05194104625149288,0.5565917720875977,0.9502539667964219,0.9983827848313883,1,11999,7754.44837,aB,0.09886588684555753
1.5862788305961928,0.36355542263275714,0.008566896787240747,0.047128422539825715,0.5572982906658587,0.9331995516915825,0.9983838358170477,1,12015,7754.48037,aB,0.12617125499135892
1.5862788305961928,0.4498118214137537,0.009170888758556667,0.04077655731560217,0.5582732145646089,0.9287572560394171,0.9982297451489445,1,12031,7754.51237,aB,0.08625639878099656
1.5862788305961928,0.4692894744833216,0.009287185678320964,0.03957977403412242,0.5576534465098204,0.9300005433457583,0.9982585388503181,1,12047,7754.5443700000005,aB,0.01947765306956789
1.5862788305961928,0.5214636351073143,0.009627766268983156,0.03692593546624518,0.5622390838517761,0.9282857371448641,0.9982717858136447,1,12063,7754.576370000001,aB,0.052174160623992716
1.5862788305961928,0.5499732549551393,0.011077467102562546,0.04028365744245554,0.565052045262417,0.9305784733357154,0.9982842797122594,1,12079,7754.60837,aB,0.028509619847824963
1.5636454192496456,0.7237065565499714,0.018734476414316262,0.05177368159721145,0.5695416019358865,0.9425891449817394,0.9983496211985136,1,12095,7754.64037,aB,0.17520140236945284
1.5400879436282184,0.9343616006878893,0.02527947836284216,0.05411069621061284,0.5761447553744786,0.9481652251836828,0.9985230295406705,1,12111,7754.67237,aB,0.21196816336044966
1.5400879436282184,0.8685622196263272,0.021051136600453,0.04847352584483728,0.583498585335906,0.9437363438693176,0.9985500375041967,1,12127,7754.70437,aB,0.06579938106156213
1.5400879436282184,0.5629644474520733,0.007133887432302094,0.02534400694249674,0.5806089117888747,0.9428634671689735,0.9985654839513562,1,12143,7754.7363700000005,aB,0.3055977721742539
1.5636454192496456,0.5010179449146768,0.006216233198494423,0.024814413382151596,0.5738046200837281,0.9376904408463411,0.9985136120292514,1,12159,7754.768370000001,aB,0.06627460927285661
1.5636454192496456,0.4282626798745908,0.006350908498673002,0.02965893969809722,0.5703365384657915,0.9321633192201582,0.9984913945689798,1,12175,7754.80037,aB,0.07275526504008595
1.5636454192496456,0.4222986706900672,0.0064854041187377715,0.03071477401593589,0.5676619462506893,0.9303199213579794,0.9984762664107637,1,12191,7754.83237,aB,0.005964009184523611
1.5636454192496456,0.43510034066282194,0.007168029822488129,0.03294885870035641,0.5662846396668966,0.9297204731023855,0.9984158763453481,1,12207,7754.86437,aB,0.012801669972754726
1.5862788305961928,0.587509661768891,0.011916157268912299,0.040564974652620316,0.5555973313175874,0.9372335033338166,0.9982816462758876,1,12223,7754.89637,aB,0.15408073360805
1.5862788305961928,0.4794853621543455,0.008660508378861299,0.03612418256085781,0.5532372773662022,0.9415574747465405,0.9983253076658946,1,12239,7754.9283700000005,aB,0.10802429961454546
1.5862788305961928,0.47246930028262174,0.007972248147990833,0.03374715835810704,0.5518351882795245,0.9436464427558242,0.99827046669318,1,12255,7754.960370000001,aB,0.007016061871723767
1.4924322822785743,0.4986435447584723,0.01083108900782274,0.043442210860541626,0.55345911598272,0.9529011613805064,0.9983319584014864,1,12271,7754.99237,aB,0.09742825927323498
1.4924322822785743,0.5210667181809963,0.01125146293908949,0.04318626596750405,0.5539872124019711,0.954498224931702,0.9984446080626764,1,12287,7755.02437,aB,0.02242317342252398
1.4924322822785743,0.5334543720107227,0.010340715169370154,0.03876888338319702,0.5544578430290801,0.9545286631838248,0.9982828513386623,1,12303,7755.05637,aB,0.012387653829726397
1.4924322822785743,0.5282679529157138,0.010099331911013447,0.0382356410426616,0.5525027679386886,0.9553440462362572,0.9982887096760704,1,12319,7755.08837,aB,0.005186419095008832
1.5636454192496456,0.500481686824184,0.01170251500021099,0.04676500782463997,0.5532744407740683,0.9591594612344977,0.9982303995481764,1,12335,7755.120370000001,aB,0.07644205295889081
1.6261998979067978,0.5793300853995805,0.012374406783847113,0.04271971056124983,0.5533613645721954,0.9568766107505858,0.9981174577842606,1,12351,7755.152370000001,aB,0.10064856063537467
1.6261998979067978,0.6208361138918305,0.013321035109373717,0.04291320949700638,0.5474612112339465,0.9575382748609824,0.9980550797644201,1,12367,7755.18437,aB,0.041506028492249936
1.7976304195381083,0.7926320152747232,0.015566932507842753,0.03927909094725959,0.5370147695552555,0.9584906588135744,0.9978545658465402,1,12383,7755.21637,aB,0.24269786871487734
1.5849625007211563,0.8129614586195882,0.018789953379922137,0.04622593895614081,0.5465728532378622,0.9318593069167512,0.9978318695580104,1,12399,7755.24837,aB,0.21363737959600088
1.6261998979067978,0.7739741201837443,0.021296316957817394,0.05503108282938858,0.5594949984649429,0.9152987084542521,0.9979052196620859,1,12415,7755.28037,aB,0.056749761981504214
1.6643856189774726,0.7245463932324924,0.022728748472933526,0.06273924950901061,0.5730675187973033,0.9058458308367379,0.9979590596016565,1,12431,7755.312370000001,aB,0.0624599830712025
1.6643856189774726,0.6817269454788181,0.022140632849628746,0.06495454814120055,0.5744448773183436,0.902743642421483,0.9979786625022634,1,12447,7755.344370000001,aB,0.0428194477536743
1.6643856189774726,1.1208117464362632,0.03509618222780961,0.06262636404267094,0.5707054451203597,0.8982913042003728,0.9980320349777334,1,12463,7755.37637,Ab,0.4390848009574452
1.6643856189774726,1.076178233050748,0.0334058434255873,0.06208236219550451,0.5751539138117518,0.8949558595681185,0.9980726067930163,1,12479,7755.40837,Ab,0.044633513385515355
1.6643856189774726,1.079039767504203,0.03977557635438915,0.07372402306615491,0.5849695346497694,0.8914218844023115,0.9981525792003803,1,12495,7755.44037,Ab,0.00286153445345505
1.6643856189774726,1.0542105586781063,0.044022296867950714,0.0835170858526613,0.5941249173407486,0.8890280043301606,0.9983036479514544,1,12511,7755.47237,Ab,0.024829208826096627
1.6643856189774726,0.3367538481699712,0.011159381316303734,0.06627619180566104,0.5981337682733902,0.8879973416461806,0.9983340541166662,1,12527,7755.504370000001,aB,0.7174567105081351
1.6643856189774726,0.3839128880242182,0.009029360558105538,0.04703859047074212,0.6011133517577867,0.8862905234002527,0.9983799146858325,1,12543,7755.536370000001,aB,0.047159039854246965
1.6643856189774726,0.453698140116915,0.007140254817038199,0.03147579496445898,0.6036834217388823,0.8875004805403675,0.9985717423495526,1,12559,7755.56837,aB,0.06978525209269681
1.6643856189774726,0.43830599766321093,0.0070616891869327925,0.03222264456604087,0.6091057970476756,0.8933809046550366,0.9986415648096846,1,12575,7755.60037,aB,0.015392142453704072
1.6643856189774726,0.39981851025430015,0.006047790526495906,0.030252679010030203,0.6130243426409772,0.9009290686557032,0.9987493020419408,1,12591,7755.63237,aB,0.03848748740891078
1.6643856189774726,0.5185660711764696,0.005991471360147616,0.0231078417704991,0.6167568099749032,0.9143004197143971,0.9988495642250329,1,12607,7755.66437,aB,0.11874756092216943
1.5631833871122058,0.6157754313814519,0.005976747660441649,0.01941210173661267,0.6210299093239393,0.9347650759178177,0.9989049505033246,1,12623,7755.696370000001,aB,0.14032658852111105
1.5155277257625612,0.5261270957800613,0.009583032507675603,0.03642858383283734,0.6219111894472544,0.9551491635904822,0.9989110802899415,1,12639,7755.728370000001,aB,0.10152776041443815
1.5155277257625612,0.6049336720291467,0.009217898913989183,0.030475734250564414,0.6124701849646546,0.956419649665175,0.9988851267331297,1,12655,7755.76037,aB,0.07880657624908538
1.5155277257625612,0.7414972315222979,0.00956486870444531,0.02579879815547951,0.6026091482183669,0.9594861587197336,0.9988145748849799,1,12671,7755.79237,aB,0.13656355949315113
1.7036650615381732,0.839888563622691,0.009480797616351167,0.0225763226860898,0.5953869724220158,0.9618618263587831,0.9987872948806803,1,12687,7755.82437,aB,0.2123122967358114
1.7036650615381732,0.7866598152429275,0.009395056223014557,0.0238859441933316,0.5971271552602373,0.9622494677578189,0.9988100959233918,1,12703,7755.85637,aB,0.053228748379763546
1.466780147310688,0.6716387362981469,0.009804399469267793,0.029195455650180148,0.6083528475546607,0.9635648588189822,0.99877488557877,1,12719,7755.888370000001,aB,0.2633330803187941
1.466780147310688,0.7672183521007966,0.011481604007468187,0.029930472794424873,0.6103079907545126,0.9650657851401119,0.998784174593007,1,12735,7755.92037,aB,0.09557961580264973
1.466780147310688,0.8535415407450356,0.012086169811249768,0.028320050599294898,0.6058513743836821,0.9664872168275449,0.9987493264467499,1,12751,7755.95237,aB,0.08632318864423905
1.466780147310688,0.7513426783747713,0.008643865683806543,0.023009116698931787,0.6007618865411558,0.9657467171424825,0.9987472699307695,1,12767,7755.98437,aB,0.10219886237026432
1.466780147310688,0.74262775160224,0.00881755994263613,0.023746917412154338,0.6006902157174596,0.9642810654764076,0.998748235749538,1,12783,7756.01637,aB,0.008714926772531273
1.466780147310688,0.7958215974776618,0.008963827000624019,0.022527227280673613,0.6029269482590484,0.964520991460897,0.9987028115353876,1,12799,7756.04837,aB,0.05319384587542175
1.466780147310688,0.8378468513838992,0.009175421753352817,0.021902384041182398,0.6036599021241095,0.9641262249134456,0.9986038726213434,1,12815,7756.080370000001,aB,0.04202525390623746
1.4924322822785743,0.7863698046053803,0.009417408121752709,0.023951601566081483,0.6013948559659139,0.9640762057960268,0.9985618867109547,1,12831,7756.11237,aB,0.05751450576548909
1.4924322822785743,0.7081477091878031,0.0071488874518951815,0.020190385026012343,0.6012825269940196,0.9649634042826595,0.9985340965794605,1,12847,7756.14437,aB,0.07822209541757719
1.4924322822785743,0.6630554272286177,0.006619072259424057,0.019965366355841136,0.6022518617233117,0.9660500334653739,0.9985679207939265,1,12863,7756.17637,aB,0.045092281959185465
1.4924322822785743,0.6333524880604046,0.006578852811984039,0.020774696353151757,0.6055607775413838,0.966755769347644,0.998564314403984,1,12879,7756.20837,aB,0.029702939168213094
1.3591718566439548,0.6451220846430676,0.006445077118714041,0.019980953286632453,0.609087862087411,0.9706602179237427,0.9987394538829402,1,12895,7756.24037,aB,0.1337791629665793
1.3591718566439548,0.6831252684259265,0.006735437386416172,0.019719479567594175,0.610234122816841,0.9708755936979216,0.9986631165879504,1,12911,7756.272370000001,aB,0.03800318378285883
1.3591718566439548,0.551488913725768,0.006350632203332529,0.0230308608034519,0.611718474352198,0.9741028767628379,0.9986711782358302,1,12927,7756.30437,aB,0.13163635470015844
1.3591718566439548,0.5893679421163049,0.006007058816631165,0.0203847491095664,0.612443142544587,0.9741523883041958,0.9986626676189482,1,12943,7756.33637,aB,0.03787902839053692
1.3591718566439548,0.6323747615626557,0.0059855454631715516,0.01893037428748966,0.6139170048944441,0.9743718832399783,0.9986222594970577,1,12959,7756.36837,aB,0.043006819446350764
1.5169925001442313,0.5948860410817941,0.0066668716904357975,0.02241394563003079,0.6093108393411155,0.9773062740259258,0.9985989467815483,1,12975,7756.40037,aB,0.16221208240489832
1.4457637380991761,0.6133035444782354,0.0076996476337337135,0.025108766134016546,0.6128970624301271,0.9759652572396467,0.9985782910248825,1,12991,7756.43237,aB,0.07357133255439251
1.551977636644367,0.701174387836341,0.008577292161754584,0.024465503334262072,0.6162531744838764,0.9760477230859999,0.9985748562804082,1,13007,7756.464370000001,aB,0.1378501989720465
1.551977636644367,0.7633006559074305,0.010715307362471968,0.028076243036194822,0.625429607025014,0.9756728366263295,0.998574829687051,1,13023,7756.49637,aB,0.06212626807108945
1.551977636644367,0.7368915639935044,0.010623131717489655,0.028832279365280662,0.6287046931738419,0.9753286993929385,0.9985539750812082,1,13039,7756.52837,aB,0.02640909191392604
1.5849625007211563,0.8169866634373563,0.014705838140282236,0.03600019143130071,0.6415795436019726,0.9751717237518472,0.9986917838797609,1,13055,7756.56037,aB,0.08662116492569692
1.5849625007211563,0.9044953765320445,0.01786527226986051,0.039503291522303495,0.6557752235709119,0.9753328997803784,0.9988359920919123,1,13071,7756.59237,aB,0.08750871309468822
2.0,0.9269348932475983,0.019021343100191497,0.041041378933419026,0.6658860000854214,0.9759647610171029,0.9988897253700092,1,13087,7756.62437,aB,0.4156436667604401
2.0,0.9036029647555083,0.017776558855379182,0.03934595070787326,0.6706405697890212,0.9717531586227448,0.9988967492219571,1,13103,7756.656370000001,aB,0.02333192849208998
1.5849625007211563,0.5570376719018482,0.010854716783510007,0.03897300786300372,0.6705080272275129,0.9635722563871117,0.998856456652407,1,13119,7756.68837,aB,0.5407066006794992
1.6465641242106757,0.46529910812067393,0.009959834240130912,0.042810459191973606,0.6681255878848944,0.9576072634574558,0.9988401842668571,1,13135,7756.72037,aB,0.11050214523337126
1.8339850002884623,0.5838729586521413,0.01393704851792206,0.047740003407917536,0.6689297425773484,0.9510320612416494,0.99876884235126,1,13151,7756.75237,aB,0.2217799423293816
1.8339850002884623,0.55403003026559,0.013936428330409334,0.050309288555093354,0.6702906226216869,0.9496295823457003,0.9987760757576593,1,13167,7756.78437,aB,0.029842928386551337
1.8339850002884623,0.6798528866527788,0.01701459157355394,0.05005374517809116,0.6808095253692498,0.9395496421157004,0.9987627783296567,1,13183,7756.8163700000005,aB,0.12582285638718882
1.8339850002884623,0.7104307285822652,0.017533734652363873,0.04936085658162387,0.683993340066826,0.9346546943390829,0.9987780708720543,1,13199,7756.848370000001,aB,0.030577841929486427
1.8339850002884623,0.7229810322084567,0.020990343881479148,0.05806609840748081,0.6851763858598983,0.9330428497954535,0.9987121498213274,1,13215,7756.88037,aB,0.012550303626191472
1.8844129532345624,0.7759045154573551,0.027930921756619098,0.0719957706140047,0.6875614542918249,0.9160909733133538,0.998790147332167,1,13231,7756.91237,aB,0.07310180242326798
1.8844129532345624,0.7549733288170952,0.02948022552885261,0.07809607148650594,0.6878126260664722,0.9063664962684166,0.9988131885842548,1,13247,7756.94437,aB,0.020931186640259836
1.8844129532345624,0.7447156371902267,0.029731553700398542,0.07984672864551132,0.6882059966722156,0.9066964385700984,0.9987470094005358,1,13263,7756.97637,aB,0.010257691626868515
1.8844129532345624,0.42634985732565167,0.01390816533875333,0.06524296935851952,0.6821049560485424,0.892614637653167,0.9987112458221024,1,13279,7757.0083700000005,aB,0.31836577986457504
1.8844129532345624,0.44130864377565837,0.013845500248362133,0.062747469117784,0.6833976694843122,0.874598796918943,0.9987128689379885,1,13295,7757.040370000001,aB,0.0149587864500067
1.8844129532345624,0.4954634819989878,0.014150529698538987,0.05712037400394282,0.6723693285355633,0.8654752013953121,0.9986226944054819,1,13311,7757.07237,aB,0.05415483822332945
1.8844129532345624,0.4974104541132566,0.014013410365518066,0.05634545976923645,0.6604269850368791,0.8688135018735141,0.9985576601135193,1,13327,7757.10437,aB,0.0019469721142687524
1.8844129532345624,0.503226942579453,0.01424584847345788,0.05661798790198379,0.65500067093318,0.8728438723203913,0.9983606156088428,1,13343,7757.13637,aB,0.005816488466196423
1.8844129532345624,0.29756556481122126,0.007409335719514361,0.0497996851498252,0.6581161345766431,0.8742284252337434,0.9983973453349568,1,13359,7757.16837,aB,0.20566137776823173
1.8844129532345624,0.2991860567120883,0.0076253524113271375,0.05097398251192662,0.6648766978816687,0.8729450433669408,0.9984296659647539,1,13375,7757.2003700000005,aB,0.0016204919008670493
1.8844129532345624,0.2390877113233189,0.007284189948571842,0.06093320236539814,0.6774524970857398,0.871638249533485,0.9984535984208915,1,13391,7757.232370000001,aB,0.0600983453887694
1.8844129532345624,0.2315801049752512,0.007134311949472792,0.06161420429648074,0.684010554559568,0.8801092352180117,0.9985435660139903,1,13407,7757.26437,aB,0.0075076063480677135
1.8844129532345624,0.24505613181562289,0.007136758252521261,0.05824590635333187,0.6875372542987161,0.8826681041310536,0.9985728897157308,1,13423,7757.29637,aB,0.013476026840371691
1.8844129532345624,0.3996940324881877,0.012102180841363708,0.060557225565890174,0.6797634102245509,0.8924031244805588,0.9986146826853828,1,13439,7757.32837,aB,0.1546379006725648
1.8844129532345624,0.37774577350718447,0.012758401502045,0.06755020120325632,0.6783473848262029,0.9064051037933945,0.9985235641564083,1,13455,7757.36037,aB,0.02194825898100322
1.8844129532345624,0.3082741685832678,0.010659384133526016,0.06915522103271403,0.6798812386834319,0.9157228504915114,0.9985887679274892,1,13471,7757.3923700000005,aB,0.06947160492391669
1.8844129532345624,0.2826595818594005,0.007360993887206987,0.052083809356715645,0.6803033783873788,0.9198934471927511,0.9986191503997198,1,13487,7757.424370000001,aB,0.025614586723867294
1.8844129532345624,0.41635037254125085,0.0077004968551714036,0.03699046458476969,0.6812841236828786,0.9277990839107794,0.9985481579447344,1,13503,7757.45637,aB,0.13369079068185036
1.5400879436282184,0.3977064180923096,0.006544389633671916,0.032910656383488036,0.690507426522835,0.9341548942595885,0.9986429345828828,1,13519,7757.48837,aB,0.34482939155168174
1.5400879436282184,0.441135423711497,0.007011821459565328,0.031789881667499305,0.6963845038026384,0.9362582552162277,0.9986606040202842,1,13535,7757.52037,aB,0.04342900561918739
1.5400879436282184,0.4373361304770098,0.006952106949502603,0.031792968680268076,0.6981115397086828,0.9377346253298626,0.9986573571147501,1,13551,7757.55237,aB,0.003799293234487189
1.5400879436282184,0.5331135325746525,0.007300198908081214,0.027387032825166403,0.7004225524369656,0.9372492585349907,0.9987017289235945,1,13567,7757.5843700000005,aB,0.09577740209764274
1.5400879436282184,0.5012781156581514,0.006307285702832493,0.02516481572131416,0.7031141186803456,0.9423730289248006,0.9987388770664332,1,13583,7757.616370000001,aB,0.03183541691650116
1.466780147310688,0.5019924661114324,0.006296836487092161,0.025087374461489974,0.7049210491544633,0.9537904163889591,0.9988472294076602,1,13599,7757.64837,aB,0.07331127674173069
1.466780147310688,0.521293702518721,0.0071402999953301145,0.02739453770813081,0.7020092549567245,0.9532964510471931,0.9987514097119321,1,13615,7757.68037,aB,0.019301236407288536
1.466780147310688,0.5064143726860694,0.006404841341025896,0.02529486399469279,0.7026842107316627,0.9520040573770914,0.9987437898462611,1,13631,7757.71237,aB,0.014879329832651611
1.466780147310688,0.6136079116346486,0.006433254983072311,0.02096861810641962,0.6944005626007924,0.9563992443074125,0.9987265000400389,1,13647,7757.74437,aB,0.10719353894857919
1.466780147310688,0.6756736008674626,0.006748126530921064,0.019974515867594918,0.6913690241684838,0.960972740833012,0.998638390044727,1,13663,7757.7763700000005,aB,0.06206568923281408
1.4924322822785743,0.5796509908186138,0.006813367210279402,0.02350851570410396,0.6903792493189785,0.960102620989416,0.9986074881576,1,13679,7757.808370000001,aB,0.09939000789316768
1.4924322822785743,0.5265504830183826,0.00737881159001558,0.028026986311806213,0.6993745768823807,0.9578691763926656,0.9986174873771653,1,13695,7757.84037,aB,0.053100507800231234
1.466780147310688,0.5334635037522338,0.008477222774359593,0.03178182842774873,0.7124844038264313,0.9565300764850941,0.9987236715471594,1,13711,7757.87237,aB,0.026567308559154193
1.466780147310688,0.42155593472493297,0.007528184924368309,0.03571618522832792,0.7259669472638544,0.9548709528895793,0.9987919235036012,1,13727,7757.90437,aB,0.11190756902730087
1.466780147310688,0.3259615325834437,0.006073159987225823,0.03726304720125918,0.7334095410171035,0.9545227895329833,0.9987983571319147,1,13743,7757.93637,aB,0.09559440214148929
1.466780147310688,0.36210732517256544,0.006664941296059481,0.036811966136742716,0.7374635379779528,0.9567967488118474,0.998914269906764,1,13759,7757.9683700000005,aB,0.03614579258912176
1.7318207926947324,0.551835995733224,0.011188559233242718,0.04055030595956862,0.7300596049530732,0.9558867029703991,0.9988829478639419,1,13775,7758.000370000001,aB,0.32595016818266204
1.7318207926947324,0.7695407081316673,0.015551713523188872,0.040418169848210284,0.7289165987562266,0.9560867344792916,0.9989114370725779,1,13791,7758.03237,aB,0.21770471239844336
1.7318207926947324,0.8199948628019578,0.016741970819141944,0.040834330990645255,0.7299462529737608,0.9567261733027715,0.998949560312304,1,13807,7758.06437,aB,0.05045415467029046
1.7318207926947324,0.3732382071443611,0.006624140670050335,0.035495512213133365,0.7361711569137159,0.9558319230034996,0.9989704076316259,1,13823,7758.09637,aB,0.44675665565759665
1.7318207926947324,0.456677489072796,0.00622204957895125,0.027249206399833883,0.739145900369458,0.9542959515623848,0.9989235000582909,1,13839,7758.12837,aB,0.08343928192843486
1.7318207926947324,0.4544939153949004,0.006071610192326489,0.026718114309851614,0.7393444845862119,0.9533071244140325,0.9989718607459075,1,13855,7758.1603700000005,aB,0.0021835736778955672
1.7586664710381477,0.3355439013282896,0.006003590773691163,0.035784234193649476,0.7404018945614101,0.9520247381281615,0.9990317342716138,1,13871,7758.192370000001,aB,0.12194177418819617
1.7586664710381477,0.3475747936061272,0.006481578258584308,0.037296020182230195,0.7403738424010258,0.9508309636908356,0.998972657594343,1,13887,7758.22437,aB,0.012030892277837602
1.7586664710381477,0.3534141278683829,0.006388537399784877,0.036153265509318126,0.7427625582230233,0.9519491737907211,0.9989704088413033,1,13903,7758.25637,aB,0.005839334262255691
1.7586664710381477,0.39055178497164367,0.007770063443633632,0.039790182724156714,0.7435340360152041,0.9565151661565752,0.9990335631290306,1,13919,7758.28837,aB,0.03713765710326078
1.6761643567881859,0.5102737461929928,0.011856318810895747,0.04647042454898912,0.7454161471754761,0.969772965912126,0.9991006793713824,1,13935,7758.32037,aB,0.14539582818774402
1.6761643567881859,0.5193467319513225,0.01350493063580562,0.05200737697939886,0.7398320149751642,0.9713713703470896,0.9991180869445818,1,13951,7758.3523700000005,aB,0.00907298575832971
1.6761643567881859,0.3501281918466594,0.0074814875913343255,0.042735705182008796,0.7291391861740972,0.9714629454981063,0.9990879089876687,1,13967,7758.384370000001,aB,0.16921854010466314
1.551977636644367,0.43001381781824033,0.006956755833672791,0.03235596413607944,0.7175410061449539,0.9731937488479734,0.9990519018468275,1,13983,7758.41637,aB,0.14766196090039754
1.551977636644367,0.5586708803188323,0.006002794088583324,0.021489554226121622,0.7142438607980919,0.9704606517690291,0.9990055941328537,1,13999,7758.44837,aB,0.12865706250059195
1.551977636644367,0.49284835562989965,0.005706422449693113,0.023156909765478868,0.7162078129288132,0.9668385741173597,0.9989825016639617,1,14015,7758.48037,aB,0.06582252468893263
1.551977636644367,0.38943390063092437,0.005454279019390119,0.02801132110252141,0.7224527418215446,0.9652239599025898,0.9990150852601757,1,14031,7758.51237,aB,0.10341445499897528
1.551977636644367,0.3078586702575036,0.004962611840819923,0.03223954574135608,0.7290944840940581,0.9653217688606561,0.9990323569830939,1,14047,7758.5443700000005,aB,0.08157523037342079
1.551977636644367,0.29856437131711705,0.005285173712771,0.035403914334824683,0.7330098243073152,0.9673604642154066,0.9990007761358457,1,14063,7758.576370000001,aB,0.009294298940386525
1.551977636644367,0.5088561253546667,0.010017455652629226,0.039372447941536236,0.7314322233511961,0.9725774781191657,0.9990079552691569,1,14079,7758.60837,aB,0.21029175403754968
1.551977636644367,0.5307879721848328,0.010826845425552924,0.040795368368983176,0.7328015255344702,0.9731494641163989,0.9990647969979631,1,14095,7758.64037,aB,0.021931846830166024
1.551977636644367,0.5185565591607224,0.01096316981042758,0.04228341004179501,0.7361430411485314,0.973377005586369,0.9990337087437836,1,14111,7758.67237,aB,0.01223141302411035
1.5169925001442313,0.36989767634437315,0.0058886629515391385,0.031839415752678686,0.7384626667687891,0.97557245491504,0.9990612610887877,1,14127,7758.70437,aB,0.15272008124715683
1.5169925001442313,0.4450391369951181,0.005814504072281632,0.026130304456101868,0.7375742591235925,0.9766705527495909,0.9990901290066903,1,14143,7758.7363700000005,aB,0.07514146065074495
1.5169925001442313,0.6157546690732615,0.006274407266269131,0.02037956862174475,0.7376736593071854,0.9772011660882696,0.9990414970731388,1,14159,7758.768370000001,aB,0.17071553207814338
1.5169925001442313,0.8641373904301661,0.007436143415727749,0.017210558177620457,0.7417185788632302,0.9763788811968276,0.9990505094182559,1,14175,7758.80037,aB,0.24838272135690465
1.5169925001442313,0.6933720764132307,0.0065246572416913255,0.01882007500343238,0.7480696487371676,0.9750287041679189,0.9990605728329618,1,14191,7758.83237,aB,0.1707653140169354
1.4059494686788103,0.5206922140228925,0.005648091145644623,0.02169454811704291,0.7554171461562992,0.9758578634489465,0.9990741762913676,1,14207,7758.86437,aB,0.2053019476580206
1.4059494686788103,0.5077852846176323,0.005669013032336656,0.022328386442334508,0.7621015208105055,0.9770979272466239,0.9990918673398107,1,14223,7758.89637,aB,0.01290692940526017
1.4457637380991761,0.7766332104720953,0.010463104903056651,0.026944778466778157,0.7643116993382697,0.978290940738145,0.9990884206832883,1,14239,7758.9283700000005,aB,0.2717800273856126
1.551977636644367,0.6220148116734906,0.009607518608900844,0.03089160717267306,0.762635375668355,0.9746707086730229,0.999100792201115,1,14255,7758.960370000001,aB,0.1875852912443096
1.6153631194101663,0.5160803448182567,0.00871509449278355,0.033774177142331066,0.7584083604195848,0.9720823016961005,0.9990776864407915,1,14271,7758.99237,aB,0.1234497091667538
1.551977636644367,0.5358744582995582,0.009659436382111098,0.0360511169454223,0.7537339082704704,0.9701521270714832,0.9990479762755453,1,14287,7759.02437,aB,0.0664042645766376
1.551977636644367,0.635764302872835,0.010965810045296656,0.03449646353450589,0.7502980647640443,0.965360429275272,0.999007562443439,1,14303,7759.05637,aB,0.09988984457327688
1.551977636644367,0.6733323141645227,0.010962847819112576,0.03256296360205253,0.7478940768301607,0.9644258679899691,0.9990467830972173,1,14319,7759.08837,aB,0.03756801129168763
1.551977636644367,0.6535204680843071,0.010334172098646028,0.031626162005113735,0.7498249091649501,0.9617481489941349,0.999073584132458,1,14335,7759.120370000001,aB,0.019811846080215578
1.551977636644367,0.5910348920971966,0.0100680659888062,0.0340692778833453,0.7558411544118138,0.9603710086674004,0.9991128871287369,1,14351,7759.152370000001,aB,0.062485575987110464
1.551977636644367,0.5479303235367023,0.008595621608555426,0.03137487099846432,0.7600832311944472,0.9610664848719332,0.9991787785103439,1,14367,7759.18437,aB,0.04310456856049427
1.551977636644367,0.37474229772583284,0.005198398238142448,0.027743856349761058,0.7645449218229998,0.9616022186744098,0.9992123135282706,1,14383,7759.21637,aB,0.1731880258108695
1.551977636644367,0.39056277565696773,0.004751952378595041,0.02433387242602297,0.7678241375088806,0.9624997310355086,0.9992126109601853,1,14399,7759.24837,aB,0.01582047793113489
1.551977636644367,0.3652993426524262,0.004617175197556325,0.025278858505636347,0.7735048742838835,0.9652064934112724,0.9992437673483452,1,14415,7759.28037,aB,0.025263433004541536
1.6153631194101663,0.31742222583765384,0.004815222438698547,0.030339541763287244,0.7798449095682842,0.9654056947779258,0.9992835538113163,1,14431,7759.312370000001,aB,0.07943511654141892
1.6153631194101663,0.2821435767084894,0.005251880291182704,0.03722842357392346,0.7788780629201923,0.9678812794488536,0.9992442208466652,1,14447,7759.344370000001,aB,0.03527864912916445
1.6153631194101663,0.2968607266869186,0.006254935292471468,0.042140537499041945,0.7826078483107464,0.973134400863475,0.9992439773039172,1,14463,7759.37637,aB,0.014717149978429211
1.6153631194101663,0.3212104727126513,0.006283099848008497,0.03912138850858227,0.7833100927460575,0.9812774677016927,0.9992382851325756,1,14479,7759.40837,aB,0.0243497460257327
1.6153631194101663,0.3928767490937758,0.006505801286190426,0.033118790059207884,0.7905637960050099,0.9830533448730708,0.9992832315707862,1,14495,7759.44037,aB,0.0716662763811245
1.6153631194101663,0.5277541166345915,0.006800320383509589,0.02577079048430435,0.7945067641106041,0.980956411731249,0.9992802527278961,1,14511,7759.47237,aB,0.1348773675408157
1.6153631194101663,0.6062470810621106,0.007042863857104736,0.023234301911247267,0.7998149155274863,0.9808388551596648,0.9992506866841453,1,14527,7759.504370000001,aB,0.07849296442751907
1.4059494686788103,0.7269562647185915,0.006609089649427561,0.0181829085742482,0.8047842153859608,0.9841230593589629,0.9992831716718968,1,14543,7759.536370000001,aB,0.24171219276579411
1.4457637380991761,0.7520235166178958,0.006468342118724113,0.01720249959154053,0.8124358717436181,0.9827973378398931,0.9993102115202733,1,14559,7759.56837,aB,0.04704830674169527
1.4457637380991761,0.8023227258103722,0.006986222179811823,0.01741499263343316,0.8191079785259079,0.982997752803803,0.9992819036190975,1,14575,7759.60037,aB,0.050299209192476435
1.4457637380991761,0.8333150960137483,0.006726956877441928,0.016145049836780934,0.8228355429030179,0.9828438583658488,0.9992730386317833,1,14591,7759.63237,aB,0.030992370203376085
1.4457637380991761,0.7694224800868618,0.006588052616774878,0.017124668923193247,0.8212568329393253,0.9822464208963775,0.9992568284411866,1,14607,7759.66437,aB,0.06389261592688655
1.4457637380991761,0.7009974398013541,0.007342072055418594,0.020947500343222826,0.819514205892972,0.9803450881982669,0.999232810843102,1,14623,7759.696370000001,aB,0.06842504028550767
1.4457637380991761,0.5987739748563323,0.005513638576214395,0.01841642692482524,0.8196167285609621,0.9804192448124972,0.9992361511608578,1,14639,7759.728370000001,aB,0.10222346494502177
1.483007499855769,0.4552731662506339,0.005279564217643751,0.023192951436708575,0.8193824913313182,0.9806530115653227,0.9992529012488691,1,14655,7759.76037,aB,0.148255117484258
1.483007499855769,0.38414037675632196,0.005267495783935467,0.027424848324532593,0.817405775766114,0.9814436355743138,0.9992864485804291,1,14671,7759.79237,aB,0.07113278949431195
1.483007499855769,0.3518092608989707,0.004884609191584325,0.027768508305340157,0.813098322415406,0.981258710913538,0.999257050477538,1,14687,7759.82437,aB,0.03233111585735127
1.483007499855769,0.3524060727630113,0.004906896550490374,0.027847968180674348,0.8174157308264641,0.9791466808183538,0.9992979082820577,1,14703,7759.85637,aB,0.0005968118640405917
1.483007499855769,0.3711000680582243,0.00497075620951387,0.026789303680396927,0.8156273680561803,0.9787689984547363,0.9993143989129895,1,14719,7759.888370000001,aB,0.01869399529521304
1.483007499855769,0.38743447836033895,0.004778792663004792,0.024668907543949705,0.8162830936748192,0.9791507106000167,0.9993088404260921,1,14735,7759.92037,aB,0.016334410302114633
1.483007499855769,0.4876734925791305,0.004905210515287279,0.02011678137085277,0.8181781742464632,0.9798910573709141,0.9992484573922635,1,14751,7759.95237,aB,0.10023901421879156
1.483007499855769,0.5752861950638867,0.005646231152033559,0.01962929477703366,0.8217886932582252,0.98232541875756,0.9992748775475522,1,14767,7759.98437,aB,0.08761270248475617
1.483007499855769,0.5858655245063656,0.004858388820432877,0.016585337819720398,0.8214103749802906,0.982898542360311,0.9993308669198685,1,14783,7760.01637,aB,0.010579329442478969
1.7586664710381477,0.7623482742496804,0.009466762755234942,0.024835795068998703,0.8214061766929854,0.974135093997504,0.9992681452816294,1,14799,7760.04837,aB,0.32731335040032966
1.7318207926947324,0.6789907676316033,0.010860316628475012,0.03198958556198644,0.8155273237521388,0.9722395442280956,0.999227987630698,1,14815,7760.080370000001,aB,0.08757376522281597
1.6761643567881859,0.7215379735191002,0.011903914255975442,0.032995946694024766,0.8121528406109806,0.9711703459314882,0.9992334349506716,1,14831,7760.11237,aB,0.07005643144389087
1.6761643567881859,0.7463727300629817,0.011697777962443848,0.03134567352549643,0.8101686562057214,0.9679601825565867,0.9992148629833378,1,14847,7760.14437,aB,0.024834756543881453
1.6761643567881859,0.7197180870441325,0.012037904689838272,0.03345172201876349,0.809632408674534,0.966996850957768,0.9991446215497259,1,14863,7760.17637,aB,0.026654643018849122
1.6761643567881859,0.7188823844435244,0.011866481865564823,0.0330136949307792,0.8118734411255557,0.9655960846561101,0.9991474667416281,1,14879,7760.20837,aB,0.000835702600608168
1.6761643567881859,0.6638490484692208,0.012012224539940402,0.03618962644486594,0.8117681326535016,0.9657990147735656,0.9991100070172061,1,14895,7760.24037,aB,0.0550333359743036
1.6761643567881859,0.7219024190620363,0.013696178631153204,0.03794468135720772,0.8165384330540999,0.9664684072261068,0.9991193881844055,1,14911,7760.272370000001,aB,0.05805337059281557
1.6761643567881859,0.4786689106125542,0.006133800406366532,0.02562857236128867,0.8218894707081237,0.9671085005567827,0.9991287294075705,1,14927,7760.30437,aB,0.24323350844948216
1.7318207926947324,0.5066328227276,0.005994824779110629,0.02366536280391707,0.8297205556465692,0.9656716116754815,0.9991563328136428,1,14943,7760.33637,aB,0.06228658955664159
1.7318207926947324,0.41672600455634334,0.006111239507974296,0.02932977275790826,0.8355098211215425,0.9643812368943154,0.9991485004815958,1,14959,7760.36837,aB,0.08990681817125667
1.7318207926947324,0.4066476603756853,0.0065189484089661414,0.032061900481333394,0.8355010409865665,0.963217536043427,0.9991577156367729,1,14975,7760.40037,aB,0.010078344180658061
1.7318207926947324,0.34107059026422276,0.00584526704394256,0.034275995707600065,0.8350232240024636,0.962216895929979,0.999169593076632,1,14991,7760.43237,aB,0.06557707011146252
1.7318207926947324,0.49305414718086765,0.009280617314371431,0.03764542846839502,0.8305831393379857,0.9623578591958247,0.9992178469177,1,15007,7760.464370000001,aB,0.1519835569166449
1.7318207926947324,0.7273880668819604,0.014913351327193486,0.04100521305256333,0.8284506444691172,0.966260267212145,0.9991753201110752,1,15023,7760.49637,aB,0.2343339197010928
1.7318207926947324,0.5386853943609957,0.009479504609498231,0.03519495686621723,0.8292145355951508,0.9689773956628995,0.9991408281756515,1,15039,7760.52837,aB,0.18870267252096473
1.6465641242106754,0.6172018694361397,0.009009727358609426,0.029195398798258627,0.832825745376174,0.969674169852831,0.9991836151477749,1,15055,7760.56037,aB,0.11590313360399758
1.551977636644367,0.41081635864324534,0.004946059681160592,0.02407917589988558,0.8375990760180453,0.9695937920100084,0.9992252835957016,1,15071,7760.59237,aB,0.22702771349633807
1.551977636644367,0.46339215294649333,0.005502138412160061,0.023747223068731498,0.8435071793830304,0.9698060980790811,0.9992207298071569,1,15087,7760.62437,aB,0.05257579430324799
1.551977636644367,0.44841313273380135,0.006089742165354021,0.027161301580206715,0.8442700085841514,0.9677415364243553,0.9991990501303502,1,15103,7760.656370000001,aB,0.014979020212691985
1.551977636644367,0.5481679036275259,0.007502024495471016,0.027371265066144988,0.8465699350926583,0.9680707649232105,0.999265371915252,1,15119,7760.68837,aB,0.09975477089372453
1.551977636644367,0.5673006673153341,0.005430933075067124,0.01914657742522393,0.8498765067618532,0.9681397151416824,0.9992637777230753,1,15135,7760.72037,aB,0.019132763687808252
1.551977636644367,0.540032210258082,0.005070392662895426,0.018778111996216963,0.8575645457282846,0.9699113961110075,0.9992918431257037,1,15151,7760.75237,aB,0.027268457057252116
1.551977636644367,0.5511120956221984,0.005424193217571398,0.019684536995863082,0.8597421462996244,0.9693769385093807,0.9992448748669773,1,15167,7760.78437,aB,0.011079885364116415
1.551977636644367,0.45534312581968805,0.004998558789157999,0.02195513012372733,0.8636272052368137,0.9693840461878716,0.9992538539101012,1,15183,7760.8163700000005,aB,0.09576896980251037
1.551977636644367,0.37465829695307395,0.004795811956411895,0.025600991599086735,0.8633924297443548,0.9729137739137547,0.9992541000590123,1,15199,7760.848370000001,aB,0.0806848288666141
1.4830074998557687,0.3549648561555263,0.004753216926612297,0.02678133817579786,0.8590182029041857,0.9790478178814516,0.9992446437116718,1,15215,7760.88037,aB,0.07172664343941142
1.4830074998557687,0.33880444435162543,0.005070762547468486,0.029933270545919027,0.8583008849913896,0.9751638689808116,0.9992347933818692,1,15231,7760.91237,aB,0.016160411803900876
1.4830074998557687,0.31807022659877987,0.005103974867379565,0.032093383413832194,0.8591976993474754,0.9720794271429163,0.9992443550718929,1,15247,7760.94437,aB,0.020734217752845563
1.4830074998557687,0.39483577435951145,0.006335603601154204,0.03209234832599247,0.8610516707084432,0.9725370391722624,0.9992458924116023,1,15263,7760.97637,aB,0.07676554776073158
1.4830074998557687,0.460551132768712,0.006588514632019187,0.02861143600889992,0.8639671763218162,0.973207025039474,0.9992539048218632,1,15279,7761.0083700000005,aB,0.06571535840920056
1.4830074998557687,0.4157535110687413,0.006441572577507615,0.030987459665458152,0.8669410022754901,0.9729227827934077,0.99925512691443,1,15295,7761.040370000001,aB,0.0447976216999707
1.4830074998557687,0.43308590627372245,0.0066734881471833376,0.030818311335051876,0.8700870223938646,0.9699695509486971,0.9992603624227867,1,15311,7761.07237,aB,0.017332395204981144
1.4830074998557687,0.4475001657668024,0.006853825407350468,0.030631610585467702,0.8718055255751198,0.9701975021942303,0.9992415047774423,1,15327,7761.10437,aB,0.01441425949307995
1.4830074998557687,0.4276842245752115,0.006531450174013861,0.030543329862124744,0.8774320825565114,0.9707284900621495,0.9993058133583389,1,15343,7761.13637,aB,0.019815941191590913
1.4830074998557687,0.4624464359641232,0.006115637954726517,0.02644906514189665,0.8848980108799126,0.9722707743006926,0.9993026748800271,1,15359,7761.16837,aB,0.03476221138891172
1.4830074998557687,0.5124542800634929,0.006024788183955812,0.023513466150421623,0.8860062009251495,0.9710819945041356,0.9993261458142939,1,15375,7761.2003700000005,aB,0.0500078440993697
1.4830074998557687,0.42568460157968213,0.004868020988071274,0.02287149203897172,0.8848084857428168,0.9685990361732255,0.9993497476134621,1,15391,7761.232370000001,aB,0.08676967848381079
1.4830074998557687,0.39832973614007344,0.005001913816264459,0.025114438428495964,0.8822578961225225,0.9672691111854719,0.9993477317111923,1,15407,7761.26437,aB,0.02735486543960869
1.4830074998557687,0.3117006157776136,0.004449963040814564,0.02855280237232153,0.8868896387732198,0.9644683094531957,0.9993879643814032,1,15423,7761.29637,aB,0.08662912036245984
1.4830074998557687,0.3525946016668963,0.004737918429590087,0.026874594263165155,0.8852360684685491,0.9664194519114551,0.9993601504873246,1,15439,7761.32837,aB,0.040893985889282725
1.4830074998557687,0.38947051694242013,0.004899068121797475,0.025157581427514116,0.8823974893499389,0.971166636697112,0.9993524429854878,1,15455,7761.36037,aB,0.03687591527552381
1.4830074998557687,0.4351238072609242,0.004465513486116344,0.02052525470498366,0.8840162774089797,0.9738737122352257,0.9993627708292795,1,15471,7761.3923700000005,aB,0.04565329031850407
1.4830074998557687,0.4232615960663553,0.004251175864656262,0.020087699447174978,0.8894536967288138,0.9737618354307093,0.9993653551225155,1,15487,7761.424370000001,aB,0.011862211194568928
1.4830074998557687,0.4796042523551273,0.005054900163656906,0.021079463490302663,0.8915121110436046,0.9743657145367453,0.999346418318854,1,15503,7761.45637,aB,0.05634265628877205
1.6465641242106757,0.6758789699724679,0.008952219374886338,0.02649059897588176,0.8938302847794211,0.9727741637485127,0.9993297815140798,1,15519,7761.48837,aB,0.25548881413114527
1.6488132928389636,0.8319143035335533,0.014585564990368805,0.0350650660252304,0.8959477535628169,0.9685179841435676,0.9993011874127554,1,15535,7761.52037,aB,0.15605154302036772
1.6488132928389636,0.7807692041222923,0.015066819173683415,0.038594809052749195,0.8960942788854196,0.968873212708362,0.9993362116655289,1,15551,7761.55237,aB,0.051145099411261
1.6488132928389636,0.7398290272395862,0.01483046111590583,0.040091590272526935,0.8929201353972965,0.9651560983068626,0.9993521464513488,1,15567,7761.5843700000005,aB,0.040940176882706125
1.6488132928389636,0.7855735585156277,0.01458235998858864,0.03712538394531146,0.892158656196415,0.9611114148887312,0.999384137685338,1,15583,7761.616370000001,aB,0.0457445312760415
1.6206575616824044,0.8608498172190767,0.014420361484188135,0.03350261844922554,0.8861952644589297,0.9632502930003658,0.9993734429988178,1,15599,7761.64837,aB,0.0803695235854302
1.6206575616824044,0.8899356818615939,0.014557469488350811,0.032715778870443905,0.8863323469217406,0.9644856686737351,0.9993607453263511,1,15615,7761.68037,aB,0.029085864642517167
1.6206575616824044,0.800905844151682,0.012832312130678059,0.03204449617737531,0.892078588722166,0.9646453837626954,0.9993315846311419,1,15631,7761.71237,aB,0.08902983770991191
1.6206575616824044,0.4724400775826454,0.0062406554958315845,0.026418823431591226,0.9000490723762087,0.965665323172134,0.999348662564176,1,15647,7761.74437,aB,0.3284657665690366
1.6206575616824044,0.35659847185752463,0.004590980677709302,0.025748740053735182,0.905645908366503,0.9661194071625903,0.9993630219950497,1,15663,7761.7763700000005,aB,0.11584160572512076
1.6206575616824044,0.2729669255824607,0.004708152998538041,0.034496142626010216,0.9044265993896305,0.9672744247925619,0.9993615112184756,1,15679,7761.808370000001,aB,0.08363154627506392
1.6206575616824044,0.25423706797503287,0.004927120860850054,0.038760051003529646,0.9029574861163214,0.9619965760477021,0.9993657081068074,1,15695,7761.84037,aB,0.018729857607427847
1.6206575616824044,0.23678781841436825,0.005033729957881932,0.04251679830144916,0.9048455455447295,0.9529175648561283,0.9993137235379534,1,15711,7761.87237,aB,0.017449249560664626
1.6206575616824044,0.3391418776079456,0.00767932530002309,0.04528680064041241,0.9034885220904656,0.954066114383994,0.9993088311919391,1,15727,7761.90437,aB,0.10235405919357737
1.6206575616824044,0.2303556616521741,0.004816972715362684,0.04182204753131772,0.903187272762666,0.9561968269397966,0.9993050556430827,1,15743,7761.93637,aB,0.10878621595577151
1.6206575616824044,0.23154202090306694,0.004504440719919088,0.03890819214888716,0.9073349744380815,0.9542201703751733,0.9993292108721078,1,15759,7761.9683700000005,aB,0.0011863592508928322
1.6206575616824044,0.3245260089335997,0.005626000533623407,0.03467210872934703,0.9080437623689505,0.9537949807575233,0.9992938520054078,1,15775,7762.000370000001,aB,0.09298398803053273
1.6153631194101663,0.6488768513905127,0.012785581206157099,0.03940834436845204,0.907152706371156,0.957344993680717,0.9993386827673482,1,15791,7762.03237,aB,0.32439405068756
1.6153631194101663,0.8300235754073078,0.018897705132873716,0.04553534548365151,0.9083878880428725,0.9569105004409668,0.9993550000026912,1,15807,7762.06437,aB,0.1811467240167951
1.6153631194101663,0.45993142885529875,0.008945581742861771,0.03889963234356913,0.9124288420742603,0.9558212304700074,0.9993441702237282,1,15823,7762.09637,aB,0.370092146552009
1.6153631194101663,0.4403979951300457,0.005583293553864213,0.025355671985815988,0.914879520017379,0.955068323555391,0.9993321524345482,1,15839,7762.12837,aB,0.01953343372525307
1.6153631194101663,0.4952182134564299,0.004928215293014629,0.01990320694635849,0.9177772094688416,0.9561438618350764,0.9993197080955362,1,15855,7762.1603700000005,aB,0.05482021832638423
1.6153631194101663,0.39630918003563725,0.004627609485716423,0.023353531630532987,0.9208811417886897,0.9553971667217556,0.9993748097712593,1,15871,7762.192370000001,aB,0.09890903342079266
1.6153631194101663,0.3233949287986267,0.004332606893133051,0.026794525871065233,0.9258315377858726,0.9553288856640482,0.9994143160289227,1,15887,7762.22437,aB,0.07291425123701056
1.6153631194101663,0.26046147949323983,0.004323447271326897,0.03319836222798627,0.9271402416087986,0.9604590531468422,0.9993997521428036,1,15903,7762.25637,aB,0.06293344930538686
1.6153631194101663,0.3443578679250566,0.00701517620081857,0.04074352209861688,0.9250105520847518,0.9681274206741469,0.9993836095256518,1,15919,7762.28837,aB,0.08389638843181679
1.6153631194101663,0.4007640035490853,0.009306992384675267,0.04644624917534717,0.9237099907797122,0.972934842106312,0.9993686367307022,1,15935,7762.32037,aB,0.056406135624028686
1.6153631194101663,0.4081240535714671,0.0079986910884288,0.039197351973904865,0.9282645352431861,0.9737627111016747,0.9993827171386575,1,15951,7762.3523700000005,aB,0.00736005002238177
1.4457637380991761,0.5744600833952964,0.008361644213703463,0.029111314973471056,0.928924092767244,0.9767285073652422,0.9994072243416904,1,15967,7762.384370000001,aB,0.23755341495887716
1.4059494686788103,0.6887226381296727,0.008277647644517586,0.02403768131390817,0.9311753923263195,0.9792973082152889,0.9994300383463082,1,15983,7762.41637,aB,0.1210004440649034
1.4059494686788103,0.511294291252513,0.004976438968233794,0.019466045498153544,0.9322787214042165,0.9804591070015044,0.9994409688947931,1,15999,7762.44837,aB,0.1774283468771597
1.4059494686788103,0.570602762920451,0.004637895185171185,0.016256125930528536,0.934091427083146,0.9817381202026939,0.9994402369897467,1,16015,7762.48037,aB,0.059308471667937956
1.4457637380991761,0.5346176894860376,0.0051497657102092965,0.01926522751299194,0.942068697657776,0.9806985024510257,0.9995032161573021,1,16031,7762.51237,aB,0.053666577676963895
1.4457637380991761,0.48067529586813595,0.005537026159089948,0.023038530195689213,0.9455551172122274,0.981629134546693,0.9995104239295806,1,16047,7762.5443700000005,aB,0.05394239361790165
1.4457637380991761,0.5810525169470369,0.007035697438404641,0.024217079293870257,0.9480654755082498,0.9824637588557068,0.999494510130835,1,16063,7762.576370000001,aB,0.1003772210789009
1.6465641242106757,0.8378023814910357,0.014148511490751504,0.03377529547140083,0.9480803843500466,0.9756528617900133,0.999487080299221,1,16079,7762.60837,aB,0.32594675639725124
1.6465641242106757,0.47924365225725557,0.007074990396435622,0.029525650942321936,0.9482504007169958,0.9752097086369,0.9994571158413708,1,16095,7762.64037,aB,0.3585587292337801
1.6465641242106757,0.5375853811031559,0.007397258447123091,0.027520311032057803,0.9486227300708333,0.9749803873037747,0.9994501355864477,1,16111,7762.67237,aB,0.05834172884590033
1.6465641242106757,0.6005383903606889,0.007630232741795921,0.02541130713463009,0.9478168761475323,0.9694302765697973,0.9994374746254141,1,16127,7762.70437,aB,0.062953009257533
1.6465641242106757,0.628622576597755,0.008034013505380968,0.02556069032347783,0.9450189487982168,0.9670338334631254,0.9993801748554506,1,16143,7762.7363700000005,aB,0.0280841862370661
1.6465641242106757,0.603115814226671,0.008194475601870145,0.027173804462007983,0.9402264214026068,0.9657557265759383,0.9993626710161476,1,16159,7762.768370000001,aB,0.025506762371083957
1.6465641242106757,0.5465876089906092,0.008797653655710589,0.03219119318111633,0.9394485330342197,0.9632601408851691,0.9993657212412355,1,16175,7762.80037,aB,0.056528205236061835
1.6465641242106757,0.5497450404465726,0.00998803516551671,0.0363369723441367,0.9405441910114294,0.9604739642568159,0.9993158336270908,1,16191,7762.83237,aB,0.0031574314559633665
1.6465641242106757,0.3734258518225237,0.005549723598857334,0.029723296187297306,0.9444428931709019,0.9546919375356099,0.9993059537444161,1,16207,7762.86437,aB,0.17631918862404888
1.6465641242106757,0.2905107984825288,0.005029640953014538,0.03462618931404038,0.9545792445883027,0.9495577581678056,0.9993526800949625,1,16223,7762.89637,aB,0.08291505333999488
1.6465641242106757,0.24237463131961665,0.0048142367728847306,0.039725583050284265,0.9633584195443875,0.9459241523649625,0.9993640242272994,1,16239,7762.9283700000005,aB,0.04813616716291216
1.6465641242106757,0.21714188538108764,0.004385857329348286,0.0403962351312464,0.9699221966821475,0.9454175932225755,0.9993610344038861,1,16255,7762.960370000001,aB,0.025232745938529005
1.6465641242106757,0.22718615233366588,0.004385598375619032,0.03860797263010952,0.9705029081221661,0.9465071504691175,0.9993637225477162,1,16271,7762.99237,aB,0.010044266952578235
1.6465641242106757,0.40571758268743513,0.008579328124118601,0.04229211890344973,0.969346945208497,0.9526115093219374,0.9993787811332733,1,16287,7763.02437,aB,0.17853143035376925
1.6465641242106757,0.3675681449601458,0.00849140204047954,0.04620314440687038,0.9730327436553416,0.9540163752981192,0.9993690059805033,1,16303,7763.05637,aB,0.03814943772728935
1.7318207926947324,0.4127935541536682,0.011723557952806033,0.056801070825063193,0.9871770228788045,0.9542441784386861,0.9993901921665067,1,16319,7763.08837,aB,0.09650925944033506
1.6465641242106754,0.4362595912498132,0.009551715653247621,0.043789137682376224,0.9932199858042807,0.9587032829082971,0.9993993577050431,1,16335,7763.120370000001,aB,0.08842711359078759
1.6465641242106754,0.35182854875603264,0.005217363724986467,0.02965855808707739,0.9958172959652033,0.957789352204987,0.9994305924900584,1,16351,7763.152370000001,aB,0.08443104249378053
1.7586664710381477,0.45829414155719905,0.0062994452717647234,0.02749083918184234,0.9983345503120782,0.9486369714657858,0.9994192605761418,1,16367,7763.18437,aB,0.15460225941017372
1.726417282567037,0.5211207709496979,0.009160204201268654,0.035155782351852786,0.9996907744544381,0.9417614138921846,0.9994176373449861,1,16383,7763.21637,aB,0.07062007871609616
1.726417282567037,0.45046986130100436,0.010048633318245865,0.04461400942218134,0.9997789146559684,0.9421297395014796,0.9994178002924304,1,16399,7763.24837,aB,0.07065090964869353
1.726417282567037,0.4499520068390179,0.011661788270937544,0.05183569844643388,1.0027859680499818,0.9437241189571663,0.9993812006063981,1,16415,7763.28037,aB,0.0005178544619864334
1.726417282567037,0.44189172531834164,0.011970160900996136,0.05417689544819041,1.0087186160621004,0.9405624643545989,0.999405750675638,1,16431,7763.312370000001,aB,0.008060281520676282
1.726417282567037,1.2875830115679878,0.03791592777320383,0.058894731341679815,1.0134232586243206,0.94231904502078,0.9994971228546065,1,16447,7763.344370000001,Ab,0.8456912862496462
1.726417282567037,1.276175057696783,0.041494837789062634,0.06503000907093694,1.0108032646402005,0.9379274964144328,0.9994338535519676,1,16463,7763.37637,Ab,0.011407953871204857
1.726417282567037,1.1800596055105734,0.04063328089756343,0.0688664889600771,1.0066850536026495,0.9294767944938198,0.9994145695567314,1,16479,7763.40837,Ab,0.09611545218620954
1.726417282567037,0.23907149826473117,0.007317508755397772,0.061216069740733965,1.0020693909586862,0.9249861137221648,0.999392306854333,1,16495,7763.44037,aB,0.9409881072458423
1.726417282567037,0.2525815767168924,0.006107455455394619,0.048360260750452105,0.9980475393946959,0.9205882313217701,0.9993399496409203,1,16511,7763.47237,aB,0.013510078452161234
1.726417282567037,0.26508917297782064,0.005470662691176828,0.041274131491100506,0.9996456688939354,0.912471662196679,0.9993378795057886,1,16527,7763.504370000001,aB,0.012507596260928233
1.726417282567037,0.25955467454666353,0.004994855320447645,0.03848788567704763,0.9975127718880603,0.9088035819639726,0.9993042162065324,1,16543,7763.536370000001,aB,0.005534498431157109
1.7007651475991508,0.28872963209125696,0.004885617279045621,0.033842160526852016,0.9948301853428302,0.909473926805642,0.9993134738445394,1,16559,7763.56837,aB,0.0388485543635729
1.6206575616824044,0.3099959432411139,0.004986396271192186,0.03217071952011825,0.9827865870054281,0.917597752777505,0.9993099246468315,1,16575,7763.60037,aB,0.08288233413298296
1.5323556195543977,0.37634218879440806,0.00566276130927426,0.03009368323766523,0.9782872848722742,0.9258465202712001,0.9992676437528302,1,16591,7763.63237,aB,0.11044934260825569
1.6206575616824044,0.36299577953599116,0.006047828248392322,0.033321755179209614,0.9829490580312403,0.9276109389666733,0.9992589987789167,1,16607,7763.66437,aB,0.08930486898076162
1.6206575616824044,0.3015755432588082,0.005835057918006427,0.03869715597593308,0.9863886484501143,0.9273213344587299,0.9992877740092758,1,16623,7763.696370000001,aB,0.06142023627718296
1.6206575616824044,0.28266241064290476,0.005033365325660707,0.03561397013640768,0.9845980803497555,0.9314008934824671,0.9993106479186705,1,16639,7763.728370000001,aB,0.01891313261590344
1.6206575616824044,0.4047937164424174,0.005138899480514329,0.025390213690460513,0.9835736563576509,0.9358825696795761,0.9993316460570997,1,16655,7763.76037,aB,0.12213130579951265
1.6206575616824044,0.40620415811488897,0.005003147200484953,0.024633658225969638,0.9836573399811306,0.9408458886975257,0.9993635936099879,1,16671,7763.79237,aB,0.001410441672471563
1.6206575616824044,0.3897299502399371,0.00650148507738106,0.033364051561233225,0.9850523258899018,0.9474643770483875,0.9993549820260282,1,16687,7763.82437,aB,0.01647420787495185
1.6206575616824044,0.40602582607667637,0.009099800807442531,0.04482375367779719,0.9865605290902091,0.9581240051016247,0.999356808659003,1,16703,7763.85637,aB,0.01629587583673925
1.6206575616824044,0.3728539988581957,0.009386030531145147,0.05034694845643779,0.9908283833716862,0.9629975447313311,0.9994229966719809,1,16719,7763.888370000001,aB,0.033171827218480665
1.6465641242106757,0.219081230563807,0.003879448514862659,0.03541561734776524,0.9934139983073069,0.967275072584708,0.9994194351513273,1,16735,7763.92037,aB,0.15593977764172615
1.551977636644367,0.3022327655573777,0.0038323507013567765,0.025360259628297778,0.9960557719707741,0.9710519665618774,0.9994163139258101,1,16751,7763.95237,aB,0.12593959425819384
1.5169925001442313,0.32886878644158557,0.004078511409516412,0.024803274604723525,0.9983241434218694,0.9727099797714437,0.9994379236266276,1,16767,7763.98437,aB,0.043970869726184435
1.5169925001442313,0.33082149062501953,0.004771499292396907,0.02884636837457044,0.9993608842967321,0.9763831837848062,0.9994427749787201,1,16783,7764.01637,aB,0.001952704183433962
1.5169925001442313,0.2746733388358859,0.00466649813694561,0.033978529963796654,1.0075693877029472,0.9776490208113315,0.9994873881617848,1,16799,7764.04837,aB,0.05614815178913363
1.551977636644367,0.367381488315471,0.004974402586292161,0.02708031158075463,1.0155565070983015,0.9788810975414056,0.9994641006645181,1,16815,7764.080370000001,aB,0.09908966018643026
1.4830074998557687,0.5163537564390616,0.004600708305397446,0.017819985806340918,1.0201443374423067,0.9830811961510482,0.9994702750900333,1,16831,7764.11237,aB,0.16416338336707398
1.3246543715237267,0.6369205644563324,0.004608320899619679,0.014470629955411428,1.0234615007310162,0.9853986954697562,0.9995229415654766,1,16847,7764.14437,aB,0.19902780822793992
1.3246543715237267,0.6769482432900427,0.005326204565757702,0.01573592846588024,1.0219310868702622,0.9850675003539751,0.9994664750096196,1,16863,7764.17637,aB,0.04002767883371028
1.3246543715237267,0.6285361817711834,0.005220209691981896,0.016610689546213895,1.0248403471834946,0.9856932682809936,0.9994778596295744,1,16879,7764.20837,aB,0.04841206151885924
1.3246543715237267,0.6228687177106118,0.005087731577731269,0.01633644918444935,1.0288212091779578,0.9857600937471974,0.9994545764499099,1,16895,7764.24037,aB,0.005667464060571614
1.3246543715237267,0.681036986144615,0.005636962411937504,0.016554056612545037,1.034577750106294,0.9869743135599232,0.9994498540321693,1,16911,7764.272370000001,aB,0.058168268434003245
1.3246543715237267,0.8017155841250124,0.006308582205234395,0.01573770631419007,1.039030033094984,0.9886355303456642,0.9994517292123248,1,16927,7764.30437,aB,0.12067859798039737
1.3246543715237267,0.8273291159652016,0.005953059028946334,0.014391029915588577,1.0402202234500315,0.9885338643988458,0.9994327798558233,1,16943,7764.33637,aB,0.02561353184018922
1.3246543715237267,0.8162900585064211,0.005683739635045761,0.013925784286642887,1.0428761512838503,0.9883003044825937,0.9994280334727342,1,16959,7764.36837,aB,0.011039057458780532
1.3246543715237267,0.938661330697347,0.005256762879345467,0.011200552760472472,1.0437540973258308,0.9885605590180033,0.9994454952611407,1,16975,7764.40037,aB,0.12237127219092592
1.3246543715237267,0.8388980607079409,0.0041532287032188565,0.009901629048263557,1.0429308372514001,0.988634604239821,0.999442416004544,1,16991,7764.43237,aB,0.0997632699894061
1.3246543715237267,0.9188814835842405,0.004252876557362941,0.009256637843596396,1.0430643828853763,0.9886584077416628,0.9994536362085097,1,17007,7764.464370000001,aB,0.07998342287629956
1.3246543715237267,0.7561772464275337,0.004166645426138634,0.011020287758785224,1.0436714406352254,0.9892347950375942,0.9994791505834361,1,17023,7764.49637,aB,0.1627042371567068
1.3246543715237267,0.747301530769944,0.0040867394104434854,0.010937323803506524,1.0451294813548273,0.9897959021404209,0.9994666875092759,1,17039,7764.52837,aB,0.008875715657589711
1.3246543715237267,0.7225215217503165,0.004064648044215028,0.011251285731581732,1.0416277021480416,0.9908113538427907,0.9994459754069183,1,17055,7764.56037,aB,0.024780009019627514
1.1837726474549188,0.7203116665954415,0.004062617666973491,0.011280166226310019,1.039291070173737,0.9920289243955633,0.9994657683028593,1,17071,7764.59237,aB,0.1408990547747047
1.1837726474549188,0.7058395295992842,0.004037499784610943,0.011440276763482183,1.038791476741049,0.9925101531211703,0.9994609661683488,1,17087,7764.62437,aB,0.014472136996157348
1.1837726474549188,0.6215733689279802,0.0045902525637959435,0.014769785171821936,1.0412381557090247,0.9923054209561076,0.9994301536294443,1,17103,7764.656370000001,aB,0.08426616067130399
1.1837726474549188,0.6968437879023379,0.006518976911699345,0.01871000940202964,1.0405186683186027,0.9926696030812665,0.9994931893440406,1,17119,7764.68837,aB,0.07527041897435771
1.2784634845557523,0.8906314487054314,0.009413130237927995,0.021138104322748447,1.0361605724313525,0.9917740733192197,0.9994847321876414,1,17135,7764.72037,aB,0.21568498350694562
1.4993707554776088,1.1192062290355946,0.016307508675026543,0.029141204278461726,1.0374221820401173,0.9867631069366192,0.9994696520252274,1,17151,7764.75237,Ab,0.31787804666117614
1.5323556195543977,1.214090845128014,0.02223194044408096,0.036623190979974525,1.035228740553992,0.9859968890140443,0.9994923984305029,1,17167,7764.78437,Ab,0.10045442563257245
1.5323556195543977,1.3059406276278942,0.028863173725063425,0.04420288811672915,1.0342141459141603,0.9859662548907628,0.9995046946522366,1,17183,7764.8163700000005,Ab,0.0918497824998803
1.5323556195543977,1.3728963921224835,0.034572230816573284,0.050363932799218705,1.0316305249896716,0.9851584599719643,0.9995165172364469,1,17199,7764.848370000001,Ab,0.06695576449458929
1.5323556195543977,1.461838797188724,0.03756437243457019,0.05139331711103932,1.026986473277138,0.9816445944196805,0.9994945624312886,1,17215,7764.88037,Ab,0.0889424050662404
1.5323556195543977,1.1973088827137428,0.030198645012854318,0.050444201072672286,1.0266224221748121,0.9752516640387751,0.99946379485831,1,17231,7764.91237,Ab,0.2645299144749811
1.5635566243549068,0.8127525884268475,0.019672043938099154,0.048408443647472314,1.029750655114496,0.968210749729322,0.9994786926979174,1,17247,7764.94437,aB,0.38581996601553764
1.5635566243549068,0.7311827081869255,0.016450741104363537,0.04499762075926427,1.031893671254689,0.9661201929127108,0.9994792878469572,1,17263,7764.97637,aB,0.08156988023992195
1.5635566243549068,0.28783424420461756,0.0053908203323852315,0.03745781081248254,1.0351901277092024,0.9652694058338462,0.9994912616376637,1,17279,7765.0083700000005,aB,0.443348463982308
1.5635566243549068,0.2548565871458427,0.004571736870772016,0.03587693708034959,1.0350688601371576,0.9648755831714722,0.9995085313851739,1,17295,7765.040370000001,aB,0.03297765705877487
1.5635566243549068,0.22456388046765038,0.0043949249997630915,0.039141869036202405,1.0351182726556774,0.9653263489851338,0.9995186576584835,1,17311,7765.07237,aB,0.03029270667819231
1.5635566243549068,0.21997202762867787,0.004966737163160149,0.045157897726380125,1.0328232940894013,0.9646701474635895,0.9995352279514657,1,17327,7765.10437,aB,0.00459185283897251
1.5635566243549068,0.23956550025838053,0.00578284510418238,0.04827777871142014,1.031282450899401,0.9653525203075324,0.999498392035767,1,17343,7765.13637,aB,0.019593472629702652
1.5635566243549068,0.27470475436580116,0.0059427930349032375,0.04326676506653919,1.028273961372593,0.9705257407119279,0.9995013343359753,1,17359,7765.16837,aB,0.03513925410742064
1.5635566243549068,0.44400907427616837,0.006540534207531544,0.02946126368337873,1.0280665730120409,0.9726000436207755,0.9994949790445331,1,17375,7765.2003700000005,aB,0.1693043199103672
1.5635566243549068,0.5196024008351005,0.005092032826039589,0.019599727860593864,1.0280967892247292,0.9750193861963794,0.9994963056880783,1,17391,7765.232370000001,aB,0.07559332655893208
1.551977636644367,0.5546886371639577,0.004305287414095346,0.015523258006897906,1.0246660195788948,0.9761486969287129,0.999522674120085,1,17407,7765.26437,aB,0.0369474889014836
1.551977636644367,0.43622052186597804,0.0043782162903803785,0.020073408154444954,1.0246111851519601,0.9763530225372734,0.9994832858725266,1,17423,7765.29637,aB,0.11846811529797963
1.483007499855769,0.33491242744539773,0.004533972689378802,0.027075571509617966,1.0240470176087575,0.9804488988293321,0.9994758552577577,1,17439,7765.32837,aB,0.1225569653824993
1.3246543715237267,0.3324830643029286,0.004971007165914464,0.029902318040387944,1.0275241446947074,0.9839839140463187,0.9994767542472507,1,17455,7765.36037,aB,0.15837176218575785
1.3246543715237267,0.31797381104315814,0.004596973092462508,0.028914161687602427,1.0346470206368157,0.9839595232158189,0.9995024722391256,1,17471,7765.3923700000005,aB,0.014509253259770483
1.3246543715237267,0.3640465422273731,0.004632401274659658,0.025449500200259517,1.035213537436327,0.9844868014867252,0.99951201915688,1,17487,7765.424370000001,aB,0.046072731184214955
1.3246543715237267,0.42144705419203243,0.00482035537618543,0.02287525955271731,1.0315242512902572,0.9839420754148431,0.9995197184010346,1,17503,7765.45637,aB,0.05740051196465934
1.3246543715237267,0.4668986893038243,0.005931962662714677,0.025410063461774168,1.0296112230496035,0.9837461114686705,0.9995015878289938,1,17519,7765.48837,aB,0.045451635111791844
1.3246543715237267,0.6520033439601702,0.010512619195421158,0.03224713275723124,1.0289794354067632,0.9847596134150778,0.9994674198713651,1,17535,7765.52037,aB,0.18510465465634596
1.3246543715237267,0.5742210326581627,0.010590886416284298,0.036887838703007304,1.0308415322912865,0.9853791783484733,0.9994487764626846,1,17551,7765.55237,aB,0.07778231130200752
1.3246543715237267,0.6179410069495584,0.011675931284339719,0.03778979272464048,1.029231062457958,0.9863794044685712,0.9994401468670556,1,17567,7765.5843700000005,aB,0.043719974291395736
1.3246543715237267,0.3172567572122636,0.004631449779972606,0.02919685506886708,1.0304689972047414,0.9858836485151843,0.9994286900196325,1,17583,7765.616370000001,aB,0.30068424973729485
1.3246543715237267,0.4964304530483735,0.0045224491545566405,0.018219869980925448,1.032579114583299,0.9844589416677771,0.9994262748342118,1,17599,7765.64837,aB,0.17917369583610993
1.3246543715237267,0.6452146351910293,0.004713086397864986,0.014609359865092266,1.0349061916496225,0.9840859953162626,0.999438125452854,1,17615,7765.68037,aB,0.14878418214265576
1.2784634845557523,0.5800881297357571,0.004520926259662188,0.015587032479777062,1.0349925542348295,0.9831713256381269,0.9994431961885869,1,17631,7765.71237,aB,0.07984397129216322
1.2784634845557523,0.5059687157077445,0.004882065401017994,0.01929789431423247,1.0349255817421192,0.9825519949339074,0.999438741828142,1,17647,7765.74437,aB,0.07411941402801259
1.2784634845557523,0.4019381336803229,0.004587818927025643,0.022828483005668306,1.0356465883040236,0.9848794497592048,0.9994394770294535,1,17663,7765.7763700000005,aB,0.1040305820274216
1.2784634845557523,0.6052110265151666,0.0072528477136151745,0.023967995941440164,1.0363927746258115,0.9865408748043285,0.9994652886184029,1,17679,7765.808370000001,aB,0.20327289283484368
1.2784634845557523,0.5792000458047658,0.006437965270082007,0.02223054130162168,1.0407678678723042,0.9849112582751258,0.9994678079070566,1,17695,7765.84037,aB,0.026010980710400755
1.2784634845557523,0.5494241562583924,0.00568492025220344,0.020694103771912938,1.0389667458028962,0.98451267122032,0.9994735320923311,1,17711,7765.87237,aB,0.029775889546373446
1.2784634845557523,0.5487525424330478,0.0050766057681844706,0.01850234987769139,1.0341571892673393,0.9853356415387842,0.9994121628706375,1,17727,7765.90437,aB,0.0006716138253445303
1.4059494686788103,0.5986380860963301,0.006290582575419435,0.021016312598618,1.031259135290255,0.9828251314995684,0.9994011279902566,1,17743,7765.93637,aB,0.13689866184300648
1.4059494686788103,0.5678064114277694,0.006164127284278563,0.021712073552599187,1.029592329429357,0.980760834919776,0.9993879800815785,1,17759,7765.9683700000005,aB,0.030831674668560627
1.4059494686788103,0.5626393496628346,0.005729211769612632,0.020365485538990123,1.027881469558031,0.9806561165015608,0.9994079991751404,1,17775,7766.000370000001,aB,0.005167061764934866
1.4059494686788103,0.5674262704141302,0.006137860632830233,0.021634037593467707,1.0246865469105022,0.980824454605466,0.9994106375253224,1,17791,7766.03237,aB,0.004786920751295609
1.3246543715237267,0.6398265663191226,0.006682934805556796,0.02088983220563426,1.0215158312675081,0.9811137047953957,0.9993981880241846,1,17807,7766.06437,aB,0.10886090055012843
1.483007499855769,0.7079226788701729,0.008466537215186275,0.02391938404544027,1.0218562536424776,0.9804136426341852,0.9993857762846254,1,17823,7766.09637,aB,0.17237399396982586
1.483007499855769,0.7020693438097089,0.00972625860135833,0.027707401518430538,1.0209271668858366,0.9799088186858875,0.9993671559703574,1,17839,7766.12837,aB,0.005853335060464038
1.483007499855769,0.6992722695383464,0.011258142015214145,0.03219959522389376,1.0190970249408091,0.980350564317314,0.9993975056365637,1,17855,7766.1603700000005,aB,0.002797074271362443
1.483007499855769,0.5139430083102255,0.007319940257759467,0.02848541624031984,1.017396485555456,0.979719040311309,0.9993838131239011,1,17871,7766.192370000001,aB,0.18532926122812088
1.483007499855769,0.5196922650138972,0.006932777596137494,0.026680318576425617,1.018022078898722,0.9791849360357976,0.9993705634162512,1,17887,7766.22437,aB,0.005749256703671657
1.483007499855769,0.5035712041192901,0.007228444919587385,0.02870873020719847,1.018678188138685,0.9805336660871126,0.9993592738612006,1,17903,7766.25637,aB,0.016121060894607075
1.483007499855769,0.5113741951902971,0.007004898383085613,0.027396370207843152,1.0206271778389278,0.9782610590103727,0.9993812062476736,1,17919,7766.28837,aB,0.007802991071007015
1.483007499855769,0.49636050025713047,0.00684089974626796,0.0275642390670658,1.0209366940950853,0.9771272236091408,0.9993683271084585,1,17935,7766.32037,aB,0.015013694933166677
1.551977636644367,0.4507784017956164,0.006347365452476758,0.028161799355039478,1.0225400979318198,0.9761821459420685,0.9993762307860257,1,17951,7766.3523700000005,aB,0.08267168480678908
1.551977636644367,0.44491695248214963,0.007622602051198777,0.03426528033455682,1.0249650831735808,0.97796067439393,0.9993929559508523,1,17967,7766.384370000001,aB,0.005861449313466771
1.6465641242106754,0.9973286959473241,0.023020004871379344,0.046163326022647985,1.0342487180554942,0.9800224206625787,0.9994362831132118,1,17983,7766.41637,aB,0.5604510129782666
1.6465641242106754,0.972029969893525,0.025278210075958048,0.0520111742618944,1.040402445404038,0.9805608350783183,0.9994772556974979,1,17999,7766.44837,aB,0.025298726053799125
1.6465641242106754,0.9840851530797803,0.028074602546509515,0.05705726269448858,1.0469995675301915,0.9805482376215899,0.9994966778254037,1,18015,7766.48037,aB,0.012055183186255314
1.6465641242106754,0.8690958933428689,0.02572918648705096,0.059209085405033626,1.0486787941646387,0.9783124882244003,0.9994628241644317,1,18031,7766.51237,aB,0.11498925973691143
1.6465641242106754,0.5897668197267968,0.01609628086117344,0.054585237157390006,1.0512584683969242,0.9776309882811953,0.9994744725314534,1,18047,7766.5443700000005,aB,0.27932907361607207
1.6465641242106754,0.5752269180657718,0.014338779314677431,0.04985434048494208,1.0509830507234708,0.9770660247633136,0.999499973073652,1,18063,7766.576370000001,aB,0.014539901661025034
1.6465641242106754,0.2767858865294228,0.00495951957526549,0.035836506242801394,1.0502314938019581,0.974481832402849,0.9995124137360845,1,18079,7766.60837,aB,0.29844103153634893
1.551977636644367,0.3017401436925939,0.004900594292574553,0.03248221620499504,1.0498719744999563,0.9736970073458615,0.9995458307475159,1,18095,7766.64037,aB,0.09782289394971459
1.551977636644367,0.25119114433268963,0.003972451079124106,0.031628910244246515,1.0496468781030335,0.9750078517973606,0.999537572917601,1,18111,7766.67237,aB,0.050548999359904256
1.5169925001442313,0.24976091578281526,0.00407575505714822,0.03263725266520384,1.0518153691511758,0.9735576448415998,0.999549801377531,1,18127,7766.70437,aB,0.03501435890656863
1.5169925001442313,0.2687691814766626,0.00495693585495664,0.03688619229126204,1.0548653716247771,0.9732531011066825,0.9995693260791796,1,18143,7766.7363700000005,aB,0.019008265693847365
1.5169925001442313,0.7001310497940073,0.01330337741997563,0.03800253516506589,1.0609826466943924,0.9729366728773959,0.9995785625928432,1,18159,7766.768370000001,aB,0.4313618683173447
1.5169925001442313,0.6696096496819731,0.012827686423512213,0.03831392343167289,1.0603356313944539,0.9730009881016268,0.9995628484658747,1,18175,7766.80037,aB,0.03052140011203419
1.5169925001442313,0.6289241960546972,0.01104547214259041,0.03512497121872472,1.0594040478842988,0.9743000869811165,0.9995512156977922,1,18191,7766.83237,aB,0.040685453627275936
1.5169925001442313,0.36454969326114395,0.004455860977112113,0.02444583583242887,1.0562018647126306,0.9738245311281766,0.9995242466317557,1,18207,7766.86437,aB,0.26437450279355323
1.5169925001442313,0.41010501013934886,0.004250458890605296,0.020728636741897104,1.0568301892401477,0.9730547895917038,0.9995343318228318,1,18223,7766.89637,aB,0.04555531687820491
1.4457637380991761,0.3446802784836276,0.004864079793879254,0.02822371976301104,1.0528278574871437,0.9730319979921667,0.999532410281376,1,18239,7766.9283700000005,aB,0.09671572806267978
1.4457637380991761,0.3197263354478789,0.005068992317760662,0.03170831899511761,1.050415367598483,0.9735660417947525,0.9994758232364016,1,18255,7766.960370000001,aB,0.024953943035748716
1.4457637380991761,0.4359349134947196,0.006777342578219046,0.03109336907148704,1.0452041937004366,0.9754982354946098,0.9994325887148338,1,18271,7766.99237,aB,0.1162085780468407
1.4457637380991761,0.39842193073620985,0.004802099394625945,0.02410559773028837,1.0437910401486188,0.973772728781626,0.9994605173975853,1,18287,7767.02437,aB,0.03751298275850973
1.551977636644367,0.38258583113385525,0.005387388664509094,0.028163032846996415,1.0415199476322219,0.9710715885078574,0.999473573075918,1,18303,7767.05637,aB,0.10738796159152934
1.551977636644367,0.3398219313742257,0.005441272636526296,0.03202425820206492,1.0415475525804614,0.9693835149675099,0.9994685208077393,1,18319,7767.08837,aB,0.04276389975962952
1.551977636644367,0.3208013972593592,0.005338951858414448,0.03328509105026155,1.0415580409979917,0.9706300517279445,0.9994705202184597,1,18335,7767.120370000001,aB,0.01902053411486654
1.551977636644367,0.3897807214920322,0.00722542007192907,0.037074281376826744,1.0419388910069112,0.9739048277061444,0.9994149285061128,1,18351,7767.152370000001,aB,0.068979324232673
1.551977636644367,0.878833217878898,0.021812403503900228,0.049639460730775305,1.0425266166120073,0.9790718322271308,0.9993674698488861,1,18367,7767.18437,aB,0.4890524963868658
1.551977636644367,0.8038301705140907,0.021597480069937128,0.05373642558383802,1.039954058902034,0.9784503801209951,0.9993742028619267,1,18383,7767.21637,aB,0.07500304736480734
1.551977636644367,0.8778706245910808,0.022526294392050058,0.051320305660171706,1.0378205771701001,0.9763475295721264,0.9993735209165618,1,18399,7767.24837,aB,0.07404045407699011
1.551977636644367,0.5271708160023855,0.011341735934308771,0.04302869426769425,1.0371018918455612,0.9722745431603657,0.9993868579104556,1,18415,7767.28037,aB,0.3506998085886953
1.551977636644367,0.3002437776366628,0.004845821874158054,0.032279249297363824,1.0383455889639548,0.9707282993569446,0.9993873312241669,1,18431,7767.312370000001,aB,0.22692703836572264
1.551977636644367,0.37960315869781225,0.004879210288913253,0.02570690036221436,1.0396337983217805,0.9722609915265656,0.9994243642139017,1,18447,7767.344370000001,aB,0.07935938106114943
1.551977636644367,0.4871979172617174,0.005712044865488509,0.023448560279538556,1.0360459944892781,0.9709376438810626,0.9994249234642156,1,18463,7767.37637,aB,0.10759475856390516
1.551977636644367,0.42915033973899036,0.005365593386660269,0.025005658343058183,1.0316306300232465,0.970456334095019,0.9993891773155653,1,18479,7767.40837,aB,0.058047577522727045
1.5169925001442313,0.4502813320810621,0.006238100732980563,0.027707569861490713,1.0242073119983603,0.973607613011756,0.9993783438424194,1,18495,7767.44037,aB,0.04087148900265098
1.5169925001442313,0.6100275895308687,0.010028788178964118,0.03287978560666932,1.0206666951660959,0.9773893294464205,0.9994275472691637,1,18511,7767.47237,aB,0.15974625744980658
1.5169925001442313,0.4784868149678199,0.007436712325736856,0.031084293623585023,1.019843155910621,0.9783575435693127,0.999424767068664,1,18527,7767.504370000001,aB,0.13154077456304875
1.5169925001442313,0.4290120733469159,0.004456897011560124,0.02077748990507362,1.0196802118237676,0.9781473592565464,0.9994088578901684,1,18543,7767.536370000001,aB,0.04947474162090404
1.5169925001442313,0.5076749749721685,0.004428929583261422,0.017447894033004962,1.019158564143422,0.9781280744919518,0.9993893587742725,1,18559,7767.56837,aB,0.07866290162525263
1.5169925001442313,0.4121236710759109,0.004579721393544234,0.022224985920309703,1.0189661335305218,0.9782242385191842,0.9993776054434342,1,18575,7767.60037,aB,0.0955513038962576
1.5169925001442313,0.3861882162263736,0.004679529625673191,0.02423445060752538,1.0188932605325396,0.9785782995765441,0.9993955006196225,1,18591,7767.63237,aB,0.0259354548495373
1.5169925001442313,0.36965225696427395,0.004676625914359371,0.0253028397703594,1.0188116451228644,0.9793646608872593,0.9994415403338116,1,18607,7767.66437,aB,0.016535959262099664
1.5169925001442313,0.5639322557210289,0.008099595450108707,0.028725420005467774,1.019114314817606,0.9842716765949862,0.9994880791132474,1,18623,7767.696370000001,aB,0.19427999875675495
1.5169925001442313,0.5368253647954236,0.008144898860836311,0.030344687099277488,1.0216695637320439,0.9842775244465496,0.9994945871678945,1,18639,7767.728370000001,aB,0.027106890925605254
1.5169925001442313,0.36950280630158355,0.004206586781435304,0.022768903021548045,1.0207469665206932,0.9847378577991994,0.9994928563574947,1,18655,7767.76037,aB,0.1673225584938401
1.4457637380991761,0.44441084000302605,0.0038749707288784135,0.017438686818944508,1.016238147980799,0.9865043130168312,0.9994985399130215,1,18671,7767.79237,aB,0.10336706465546718
1.4416468716679578,0.4563408126433083,0.003958744554051264,0.01734994742688314,1.0139470898700327,0.9874085262637247,0.9994956802138474,1,18687,7767.82437,aB,0.012620334243211425
1.4416468716679578,0.4598775823547135,0.005511394092104318,0.023968961756667066,1.0144889932717573,0.9881131287254874,0.9994783196925435,1,18703,7767.85637,aB,0.0035367697114052077
1.4416468716679578,0.43439879586337576,0.005598771107300127,0.025777102333686096,1.014948816252646,0.9874104057219777,0.9994874977792884,1,18719,7767.888370000001,aB,0.025478786491337724
1.4416468716679578,0.7761680359560362,0.010470149306936707,0.026979078812592993,1.013835489027871,0.9863914648045428,0.9995149273523126,1,18735,7767.92037,aB,0.34176924009266046
1.4416468716679578,0.46571807107766383,0.005843556892980608,0.025094825628984997,1.0137408137740644,0.9851247178927539,0.9995195712872398,1,18751,7767.95237,aB,0.3104499648783724
1.4416468716679578,0.4250917285877531,0.004383857224463835,0.020625464715711875,1.0136326852001276,0.9854803912585459,0.9995121515614832,1,18767,7767.98437,aB,0.040626342489910705
1.4416468716679578,0.4361366731959419,0.004558384543315041,0.020903468217482863,1.013822513827296,0.9850854649049006,0.9994891958807206,1,18783,7768.01637,aB,0.011044944608188778
1.4844129532345625,0.4889084927978064,0.005892907446607952,0.024106382005701955,1.0149640569781078,0.983237711032781,0.9995027608629478,1,18799,7768.04837,aB,0.06792497829703896
1.4844129532345625,0.4684877234696762,0.006578227617391162,0.02808281749059301,1.0153556674778954,0.9824934860472958,0.999502149456044,1,18815,7768.080370000001,aB,0.020420769328130195
1.4844129532345625,0.7824790745290506,0.012322067230677495,0.03149494378004615,1.0158778068556442,0.9824328592408631,0.9994850056795112,1,18831,7768.11237,aB,0.3139913510593744
1.4844129532345625,0.7929896146123959,0.012256657254066172,0.030912529062709308,1.0174921204952376,0.9801512690126921,0.9994673583805614,1,18847,7768.14437,aB,0.010510540083345288
1.4844129532345625,0.5314293876602669,0.006882841888139874,0.025903128611095734,1.019042755151287,0.977910811617704,0.9994608479368378,1,18863,7768.17637,aB,0.261560226952129
1.4844129532345625,0.6092185153482828,0.006728944824755103,0.02209041470418294,1.019041346409099,0.9779677837861802,0.999436482457696,1,18879,7768.20837,aB,0.07778912768801582
1.4844129532345625,0.5859370621937742,0.0066265385750188385,0.02261860190310811,1.0177654486212826,0.9780852627700602,0.9994387362310788,1,18895,7768.24037,aB,0.02328145315450858
1.4844129532345625,0.5214479888966511,0.006061713866920701,0.023249543563287605,1.0183340735574355,0.9771138840111344,0.9993900801854386,1,18911,7768.272370000001,aB,0.06448907329712306
1.4844129532345625,0.4618552433604645,0.004885336827565337,0.021155272773432494,1.016962135080714,0.9772178246368938,0.9993802432016274,1,18927,7768.30437,aB,0.0595927455361866
1.4844129532345625,0.3508366894041316,0.004567054166257228,0.026035214127769865,1.0175082830469115,0.9777871794910538,0.9993942183551818,1,18943,7768.33637,aB,0.11101855395633292
1.483007499855769,0.3781906286460881,0.006111085615354604,0.032317488337731265,1.0175080389297868,0.9800883731287654,0.9993909191985016,1,18959,7768.36837,aB,0.027390021746114223
1.483007499855769,0.4153359905366545,0.0060744414903515075,0.029250734965215696,1.0185374771570939,0.9803880939020964,0.9993619860469052,1,18975,7768.40037,aB,0.037145361890566386
1.483007499855769,0.5208067821491588,0.0058669236682246835,0.022530135433391493,1.0187030654973235,0.9784364198328577,0.9993286863403796,1,18991,7768.43237,aB,0.10547079161250428
1.483007499855769,0.5242661273619722,0.0060931021457273854,0.023244309817942857,1.0195997510104573,0.9745864658150917,0.9993095321645042,1,19007,7768.464370000001,aB,0.003459345212813436
1.483007499855769,0.5318268208810961,0.005683383571056098,0.02137306110902883,1.0194547058312005,0.9747111202110063,0.9992853254772274,1,19023,7768.49637,aB,0.007560693519123918
1.483007499855769,0.5525993665810995,0.005156619683234035,0.01866314004352826,1.018998837955984,0.9760230535828158,0.9993191920301349,1,19039,7768.52837,aB,0.02077254570000342
1.483007499855769,0.6191101305373784,0.005836453519981116,0.01885433053700853,1.0185003311010041,0.9783569028045837,0.9993235386919018,1,19055,7768.56037,aB,0.06651076395627886
1.483007499855769,0.7725800499533839,0.007441674179031409,0.01926447409425192,1.0191285415247613,0.9804329993727616,0.9993455768093831,1,19071,7768.59237,aB,0.15346991941600552
1.483007499855769,0.6394653010602233,0.006884195455973996,0.021531099324889433,1.0223738832189297,0.9796675790904976,0.9993866988670868,1,19087,7768.62437,aB,0.13311474889316066
1.5849625007211563,0.626826630379757,0.007946011775202733,0.025353140374360664,1.0281560460055497,0.9778072736127836,0.9993949964673867,1,19103,7768.656370000001,aB,0.10273537948550347
1.5849625007211563,0.5828945515578241,0.00724731424114269,0.024866639160629533,1.031535706105842,0.9773689911932968,0.9993920714800548,1,19119,7768.68837,aB,0.04393207882193295
1.5849625007211563,0.5786654173409288,0.006476532500057539,0.022384377244516755,1.0306922861722025,0.973804120536389,0.9993991181695483,1,19135,7768.72037,aB,0.004229134216895303
1.5849625007211563,0.49584178217506497,0.006071092423204661,0.024488022758280437,1.0291364973163188,0.9700054697983478,0.999406479490905,1,19151,7768.75237,aB,0.08282363516586383
1.5849625007211563,0.4947590665536835,0.006340545996505119,0.025630843071441287,1.0282996460690326,0.9692695723280058,0.9994185388330774,1,19167,7768.78437,aB,0.0010827156213814582
1.5849625007211563,0.5147083041414282,0.006284390981387508,0.024419232916283874,1.028549386793378,0.969925839013577,0.9994343669009057,1,19183,7768.8163700000005,aB,0.019949237587744695
1.5849625007211563,0.5146578414119043,0.006590793040611017,0.02561232924200645,1.027205046126428,0.9710266551799083,0.999400795812393,1,19199,7768.848370000001,aB,5.046272952391462e-05
1.5849625007211563,0.5941879022808573,0.006786522463360454,0.02284301796556147,1.0243096933925433,0.9740872316543978,0.999407973332457,1,19215,7768.88037,aB,0.07953006086895298
1.5849625007211563,0.47536374895293565,0.004951575617784573,0.02083278596102966,1.025572450995619,0.9744488917203343,0.9994315625624889,1,19231,7768.91237,aB,0.11882415332792162
1.5849625007211563,0.4402275475402252,0.005215648207122098,0.023695237775393986,1.0280236164923329,0.9740791469436549,0.9994607209195495,1,19247,7768.94437,aB,0.035136201412710455
1.4457637380991761,0.4970757488139447,0.005687413832938247,0.022883489474225163,1.0280552011294082,0.9756860293370673,0.9994646804911391,1,19263,7768.97637,aB,0.15035961393787795
1.4457637380991761,0.508731166286986,0.0054500680747063485,0.021426122226731632,1.0277110835227714,0.974073154546633,0.9994808530379863,1,19279,7769.0083700000005,aB,0.01165541747304133
1.4457637380991761,0.4799735933158396,0.004769770235467057,0.01987513605703045,1.0294591057255902,0.9744538781639653,0.9994659014839089,1,19295,7769.040370000001,aB,0.028757572971146395
1.4457637380991761,0.458763835810492,0.005031008214782466,0.021932889308479385,1.0334704209186922,0.9747234320908963,0.9994715241211346,1,19311,7769.07237,aB,0.021209757505347593
1.4457637380991761,0.39240786597591315,0.004699247048865247,0.02395083002313566,1.0403333012015716,0.9726100086360201,0.9994387620742039,1,19327,7769.10437,aB,0.06635596983457887
1.4457637380991761,0.397814290080643,0.005106378305370192,0.0256721713256457,1.0373295876616946,0.9732024131188756,0.9994267400005117,1,19343,7769.13637,aB,0.005406424104729857
1.4457637380991761,0.39680298841954853,0.005102558268082466,0.025718345965113645,1.0304878590826743,0.9763081049023161,0.9994270158320279,1,19359,7769.16837,aB,0.001011301661094477
1.551977636644367,0.6250728881558205,0.008106366126117552,0.025937346762980276,1.0256081239704962,0.974646955294684,0.9994262724452562,1,19375,7769.2003700000005,aB,0.2517708072231087
1.551977636644367,0.6302490837814048,0.007867110562911922,0.02496508369583143,1.0256293367858782,0.9737371747824175,0.9994373012115714,1,19391,7769.232370000001,aB,0.005176195625584246
1.551977636644367,0.6292994902856058,0.007992894828209833,0.02540251486484529,1.0258413836139875,0.9732402479515407,0.9994151154522882,1,19407,7769.26437,aB,0.0009495934957989283
1.551977636644367,0.6464734366537777,0.007677692223670819,0.023752537346039937,1.0261172056469925,0.9728483106231272,0.9994300076825354,1,19423,7769.29637,aB,0.017173946368171822
1.5849625007211563,0.6104328611013334,0.008575054441077305,0.02809499614947441,1.027408262024868,0.971137804681337,0.9994025661553344,1,19439,7769.32837,aB,0.048856159737700515
1.5849625007211563,0.5267896362843647,0.0095124132784755,0.03611465611043507,1.027857185961778,0.9728482276775035,0.9994167920067281,1,19455,7769.36037,aB,0.08364322481696873
1.5849625007211563,0.5566357362058022,0.011078220052552629,0.03980419988147054,1.02850232669251,0.9727167255833595,0.9994326874359085,1,19471,7769.3923700000005,aB,0.029846099921437497
1.5849625007211563,0.5904238862765373,0.010358376624641017,0.035087932129458106,1.02671480977461,0.9705309225623725,0.9994441407852493,1,19487,7769.424370000001,aB,0.0337881500707351
1.5849625007211563,0.4462384301850829,0.005690032445824018,0.02550220716518748,1.025432995980002,0.9687968127470736,0.9994568479630523,1,19503,7769.45637,aB,0.1441854560914544
1.5849625007211563,0.49062933599344266,0.005785027576919891,0.02358206960945853,1.0246161528470181,0.9698097413113923,0.9994660296590582,1,19519,7769.48837,aB,0.04439090580835975
1.5849625007211563,0.48291174060362363,0.005434321897627932,0.02250648075292272,1.027711317894735,0.9729962724023666,0.9994639127444326,1,19535,7769.52037,aB,0.007717595389819032
1.5849625007211563,0.5160798684273309,0.005589109516493588,0.021659862584934714,1.026642790718337,0.9738077645817573,0.9994677769587157,1,19551,7769.55237,aB,0.03316812782370726
1.5849625007211563,0.5565226528598974,0.005783285360598286,0.02078364764085967,1.0241982779798375,0.9758177047224857,0.9994614025326003,1,19567,7769.5843700000005,aB,0.04044278443256655
1.4844129532345625,0.5443344757481329,0.008691795640248069,0.03193549564650327,1.0191474360788502,0.98152539195057,0.9994737004193397,1,19583,7769.616370000001,aB,0.10128555257817637
1.4844129532345625,0.6114937553831048,0.010731063499773126,0.035097867820579935,1.0205485951884379,0.9829619272880918,0.9994819439836369,1,19599,7769.64837,aB,0.06715927963497192
1.4844129532345625,0.42774612718810384,0.0068735871311051515,0.03213862940754319,1.0203550742676595,0.9817090480156683,0.9994676007607689,1,19615,7769.68037,aB,0.18374762819500096
1.4844129532345625,0.4411865781390318,0.0056628380959149365,0.025670944568628278,1.0199173216776694,0.9802428457822339,0.9994947796069567,1,19631,7769.71237,aB,0.01344045095092794
1.4844129532345625,0.45384099867363237,0.0058043095211562975,0.02557860368772153,1.0199637703368365,0.9801750081123302,0.9994875767961211,1,19647,7769.74437,aB,0.012654420534600586
1.4844129532345625,0.47578109906536675,0.004597549521174366,0.019326322673203614,1.0202680210034814,0.9807179890661033,0.9994997909906865,1,19663,7769.7763700000005,aB,0.021940100391734385
1.4844129532345625,0.45703763267912895,0.004712369118945876,0.020621361489740933,1.0198620599169668,0.9819957083464546,0.9994987688973787,1,19679,7769.808370000001,aB,0.018743466386237806
1.4416468716679578,0.48785351185720227,0.005087842064681903,0.020858072929773826,1.018397577602066,0.9856995315545929,0.9995016753155809,1,19695,7769.84037,aB,0.05271201136438541
1.3509775004326936,0.6811640918588215,0.0087455180453159,0.025678153472389734,1.0178765554600895,0.9881924849898103,0.9995098616742875,1,19711,7769.87237,aB,0.21351795058205433
1.3509775004326936,0.6526434504087734,0.00910374179773501,0.027898056104088746,1.018632552755257,0.987074746999722,0.9995002304901682,1,19727,7769.90437,aB,0.02852064145004818
1.3509775004326936,0.4203618455109038,0.0052597096503021025,0.02502467674681322,1.0176948760699434,0.9872059747281319,0.9994968850447514,1,19743,7769.93637,aB,0.2322816048978696
1.3509775004326936,0.44148345025162583,0.004886837730149705,0.02213826011989544,1.016326873663209,0.9867890625600453,0.9994810497456443,1,19759,7769.9683700000005,aB,0.021121604740722055
1.3509775004326936,0.49834347318040645,0.005106103987815189,0.02049230806707773,1.0165742514406175,0.9875415083456391,0.9994641133294054,1,19775,7770.000370000001,aB,0.05686002292878062
1.3509775004326936,0.5451265090325478,0.005212553743113325,0.019124198353017905,1.0152672989550533,0.9862168525488675,0.9994772089623332,1,19791,7770.03237,aB,0.04678303585214133
1.3509775004326936,0.5644959191499272,0.004279510081964135,0.015162235675356652,1.0154841913645611,0.985429504650114,0.9994784641646419,1,19807,7770.06437,aB,0.01936941011737947
1.3509775004326936,0.5548601250618795,0.004448631765375433,0.01603514674938773,1.0130943837893898,0.9852111896500185,0.9994651785904721,1,19823,7770.09637,aB,0.009635794088047711
1.3954559846999832,0.5255046174508792,0.004811025493998822,0.018310116920898515,1.0105672974620168,0.9851491243798848,0.9994492637914832,1,19839,7770.12837,aB,0.05329241399875812
1.3954559846999832,0.6143999600543454,0.004992456973106761,0.01625148859926737,1.0085361625637999,0.9861441072158288,0.9994428273406509,1,19855,7770.1603700000005,aB,0.08889534260346621
1.4416468716679578,0.5643585635680177,0.0052761256297949866,0.018697778222546972,1.0099642316757143,0.9849308148165534,0.9994445516450166,1,19871,7770.192370000001,aB,0.06810095007553162
1.4416468716679578,0.6140638002675662,0.005439372463293616,0.017715984758989264,1.0102059473983775,0.9846295484935932,0.9994322833607501,1,19887,7770.22437,aB,0.049705236699548516
1.4416468716679578,0.5547260558063579,0.005169157367130392,0.018636793109047055,1.0103027703646825,0.9834503890385062,0.9994247818085714,1,19903,7770.25637,aB,0.05933774446120832
1.4416468716679578,0.5354857231356707,0.004925887848669513,0.018397830738884104,1.0101090653382312,0.9824275155223303,0.9993875047090717,1,19919,7770.28837,aB,0.019240332670687255
1.4416468716679578,0.519087331500605,0.00553203798338618,0.021314478885061106,1.0101462816828224,0.9830839772494957,0.9993841886429824,1,19935,7770.32037,aB,0.016398391635065623
1.4416468716679578,0.5193660566545427,0.005184031044311959,0.019962918168755592,1.0111247473515657,0.9812609642245945,0.9993723650664015,1,19951,7770.3523700000005,aB,0.0002787251539376756
1.4416468716679578,0.5130523337705477,0.004828468131619907,0.018822516978470042,1.0124588298763832,0.979622127397757,0.9993588668834482,1,19967,7770.384370000001,aB,0.00631372288399501
1.4416468716679578,0.460195844975343,0.004802233843710763,0.02087039201307028,1.0123679752102392,0.9798609984905322,0.9993707725534768,1,19983,7770.41637,aB,0.052856488795204715
1.4416468716679578,0.5162193804965782,0.004896086647872997,0.01896901523985092,1.0124019585174726,0.9794891396535877,0.9993360172099773,1,19999,7770.44837,aB,0.056023535521235235
1.4416468716679578,0.5250004989479273,0.00508688190824005,0.019378579328720207,1.0131304020592604,0.9808495080750559,0.9993158909509244,1,20015,7770.48037,aB,0.008781118451349101
1.5169925001442313,0.5694564989974139,0.006379834533088442,0.02240674939813942,1.0177314734715046,0.9798707673557268,0.9993545760191275,1,20031,7770.51237,aB,0.08748313935201789
1.6465641242106754,0.6969632539360678,0.011427594076054723,0.032792529624819995,1.0274085278989238,0.9780266190566258,0.9993435572337904,1,20047,7770.5443700000005,aB,0.18178772873382262
1.6465641242106754,0.6350328298351238,0.011539707107831683,0.03634365521174011,1.027044248098905,0.9765685333841023,0.9993240306286179,1,20063,7770.576370000001,aB,0.06193042410094407
1.6465641242106754,0.7181497569210846,0.011493172644241335,0.03200773246381335,1.0272382648472993,0.969703318052122,0.9993155569195139,1,20079,7770.60837,aB,0.08311692708596086
1.6761643567881865,0.78581122659217,0.011759705986001784,0.029930104299985986,1.0274993073246332,0.9648945337593879,0.999320648800739,1,20095,7770.64037,aB,0.07385288245352344
1.6761643567881865,0.799712571935265,0.01260012805164062,0.03151164179187262,1.0309228631310399,0.9609971369575113,0.9992990370562389,1,20111,7770.67237,aB,0.013901345343095062
1.6761643567881865,0.9530421107678645,0.0190070483693453,0.03988711129255632,1.038681538223515,0.9564930933222061,0.9993197585201411,1,20127,7770.70437,aB,0.15332953883259948
1.6761643567881865,0.9891944812023198,0.021525182525583015,0.0435206280152719,1.0434868804517246,0.954850890693734,0.9992896277430542,1,20143,7770.7363700000005,aB,0.036152370434455294
1.6761643567881865,0.4535349579591224,0.008337863812909336,0.03676834019776194,1.0435713013825518,0.9509529671476349,0.9992929334207203,1,20159,7770.768370000001,aB,0.5356595232431973
1.6761643567881865,0.291350331795143,0.0050855384513580505,0.03491012637619951,1.0433061337382399,0.945990311462576,0.9993255855385395,1,20175,7770.80037,aB,0.16218462616397938
1.6761643567881865,0.451606868602702,0.007877895936864367,0.03488829105384972,1.043940545480998,0.9463462709940026,0.9993386786835426,1,20191,7770.83237,aB,0.16025653680755897
1.6761643567881865,0.3129858456367792,0.004870734598989782,0.031124312277318,1.0477317707106886,0.9434449182370905,0.9993510629827919,1,20207,7770.86437,aB,0.13862102296592277
1.6761643567881865,0.27037570204988015,0.004293665020027682,0.03176073136361615,1.0522849417397515,0.9408563727254886,0.99936759750118,1,20223,7770.89637,aB,0.042610143586899074
1.6761643567881865,0.26409202871492304,0.004047842958536631,0.0306547908941706,1.0546571612806641,0.9410276193712064,0.9994047959722165,1,20239,7770.9283700000005,aB,0.006283673334957107
1.6761643567881865,0.3638852569640953,0.004203182102401011,0.023101689458200503,1.0568580681509636,0.9440429810062281,0.9994052951048966,1,20255,7770.960370000001,aB,0.09979322824917225
1.6761643567881865,0.38453325225615065,0.004026052149831675,0.020939942781072078,1.0574772825685166,0.9456560075737995,0.9994274744916296,1,20271,7770.99237,aB,0.020647995292055354
1.6761643567881865,0.4113192278092948,0.004282348817920422,0.020822507329542602,1.0527676438106113,0.9492885327239434,0.9994375398421012,1,20287,7771.02437,aB,0.02678597555314416
1.5849625007211563,0.36968102916965456,0.004432406602953015,0.023979627047180114,1.0414363889074947,0.9566601963958512,0.9994205872932194,1,20303,7771.05637,aB,0.10025725976718813
1.6465641242106757,0.33248560687057516,0.005055326294279664,0.03040929405553199,1.0425245659992366,0.954686108307299,0.9994508651193537,1,20319,7771.08837,aB,0.07196012407265122
1.6465641242106757,0.3842269220060688,0.006572942212015582,0.034213855591887776,1.0439361650575851,0.9610908907334381,0.9994425680958806,1,20335,7771.120370000001,aB,0.051741315135493626
1.6465641242106757,0.6551894824374657,0.014462637851651371,0.04414795487206788,1.0452160772435959,0.9705244172981502,0.9994389182157851,1,20351,7771.152370000001,aB,0.2709625604313969
1.6465641242106757,0.590678285606454,0.014638969113248922,0.04956664048761833,1.0417677559552234,0.9699451774988481,0.999431560680443,1,20367,7771.18437,aB,0.0645111968310117
1.551977636644367,0.5936758518019627,0.014992829330830893,0.05050846951353572,1.0325240644524787,0.9712907486513949,0.9994068601345362,1,20383,7771.21637,aB,0.0946339739904646
1.551977636644367,0.5972783905888762,0.015008097330084102,0.05025494833418343,1.0276026961158506,0.9722271616567143,0.9994368724334789,1,20399,7771.24837,aB,0.003602538786913523
1.551977636644367,0.5856337014396223,0.015183481713759005,0.0518531692299624,1.0275356659402903,0.9734134820339284,0.99944888667534,1,20415,7771.28037,aB,0.011644689149253873
1.551977636644367,0.4788970968159515,0.011924530748902203,0.04979997092563294,1.0279398273192584,0.978356061855741,0.9994132502190688,1,20431,7771.312370000001,aB,0.10673660462367085
1.551977636644367,0.29516013835885857,0.005077979990081067,0.03440830471428503,1.0272881043975002,0.9795488086700674,0.9993935995971194,1,20447,7771.344370000001,aB,0.18373695845709292
1.551977636644367,0.4975333989087397,0.005153048480348578,0.02071438215665911,1.023536561713854,0.978214898421461,0.9993982762250221,1,20463,7771.37637,aB,0.20237326054988114
1.5169925001442313,0.5306416583137387,0.005048403413394059,0.01902754272793721,1.020135849263819,0.976968565118616,0.9993903411641731,1,20479,7771.40837,aB,0.048167588861825206
1.5229419688230417,0.3699432894055986,0.004718436252445448,0.025508970631832415,1.0182175301610372,0.9776225493787645,0.9993713434089969,1,20495,7771.44037,aB,0.1608084635437352
1.5627562382434077,0.37682484054775955,0.006781460415679767,0.035992640006545805,1.0193283947634426,0.9803052377721639,0.9993941175200779,1,20511,7771.47237,aB,0.04040460116867471
1.5627562382434077,0.6809018236965967,0.01479772797548792,0.04346508545138409,1.020461372534555,0.9850785155453458,0.9993885466936773,1,20527,7771.504370000001,aB,0.30407698314883713
1.5627562382434077,0.6434267655717191,0.01488932454973662,0.04628133408937895,1.0208943626448312,0.9885463876848125,0.9993627876683248,1,20543,7771.536370000001,aB,0.037475058124877614
1.5627562382434077,0.5860159343367909,0.01313075739289035,0.04481365308863405,1.0208315742668042,0.9879119010179706,0.9993903886790532,1,20559,7771.56837,aB,0.057410831234928184
1.5627562382434077,0.6859098369004175,0.013615274943071513,0.039699897014447455,1.0200318620195243,0.987408552183654,0.9993802090697529,1,20575,7771.60037,aB,0.09989390256362662
1.551977636644367,0.43423114342848074,0.007798192010664923,0.03591723960236542,1.0232451441089563,0.9868828768413784,0.9993884693420432,1,20591,7771.63237,aB,0.25190939442619437
1.4457637380991761,0.4601230409771823,0.0055673531422189,0.024199410359434653,1.02203083127689,0.987238523816234,0.9993981980761879,1,20607,7771.66437,aB,0.1093242086769465
1.4457637380991761,0.5213114101698644,0.005767213196490988,0.022125789246054663,1.0220329430108985,0.9841427580442739,0.9994326650099655,1,20623,7771.696370000001,aB,0.06118836919268206
1.4457637380991761,0.5103365279621047,0.005666509132341311,0.022206950989650028,1.0222294226921482,0.9813369059305996,0.9994344436143976,1,20639,7771.728370000001,aB,0.010974882207759662
1.4457637380991761,0.4646386985893987,0.0056842304002089625,0.024467313710484186,1.0221871224134005,0.9805390250587721,0.999440702053242,1,20655,7771.76037,aB,0.045697829372706
1.4457637380991761,0.48938678282117126,0.006582981189126837,0.0269029790758871,1.0220385676573427,0.9809130075859204,0.9994489649426951,1,20671,7771.79237,aB,0.02474808423177255
1.5635566243549068,0.7071849909811231,0.01148250265841277,0.03247383019959844,1.023949443182261,0.9805538697226992,0.9994307123719679,1,20687,7771.82437,aB,0.24761103273105828
1.5635566243549068,0.7713253004741524,0.014837384713725373,0.03847244399893138,1.0246700156610054,0.980653686658784,0.9994093757359553,1,20703,7771.85637,aB,0.06414030949302929
1.5635566243549068,0.8126229197117631,0.015891630874804854,0.03911194353327274,1.0251863789175257,0.9777342084729852,0.9994235766765034,1,20719,7771.888370000001,aB,0.04129761923761077
1.5635566243549068,0.7323001907190818,0.013814151554899038,0.03772811131275069,1.028386862785807,0.9699870915313822,0.9994207723760068,1,20735,7771.92037,aB,0.08032272899268134
1.5635566243549068,0.5227116680492323,0.008338316301797643,0.031904075655767784,1.0301858316413184,0.965835166009062,0.9994357075739972,1,20751,7771.95237,aB,0.2095885226698495
1.5635566243549068,0.49167516997499555,0.0067009181590857204,0.027257500757772658,1.0271039179408308,0.9651864233900429,0.9994219289129085,1,20767,7771.98437,aB,0.03103649807423675
1.5635566243549068,0.44785338009095066,0.006476520862371571,0.028922505222831234,1.024524473591157,0.9620718767988963,0.9994491116863452,1,20783,7772.01637,aB,0.04382178988404489
1.5635566243549068,0.4421824717404535,0.006567792974481971,0.029706256553457634,1.0242900280844065,0.9615106775485951,0.9994307785951726,1,20799,7772.04837,aB,0.005670908350497161
1.5635566243549068,0.32998571900666074,0.004679388421633074,0.0283611571780694,1.0259782686714796,0.9614949057424865,0.99942865867723,1,20815,7772.080370000001,aB,0.11219675273379276
1.5635566243549068,0.3136512608719567,0.005276562250644196,0.03364604520304014,1.0273955525325877,0.9616695529057842,0.9994492030679504,1,20831,7772.11237,aB,0.016334458134704022
1.5635566243549068,0.4774066563396575,0.008497250372648814,0.035597536229588424,1.0244933083939887,0.9674851957240165,0.9994755493926478,1,20847,7772.14437,aB,0.1637553954677008
1.5635566243549068,0.32156002349470686,0.004093824158178855,0.025462270550221194,1.0244632805363376,0.9679543037622349,0.9994682777879391,1,20863,7772.17637,aB,0.15584663284495065
1.5635566243549068,0.4935172760693973,0.0044541570821067964,0.018050663261808337,1.0248100782912712,0.9675479586500139,0.9994472303136014,1,20879,7772.20837,aB,0.17195725257469047
1.5635566243549068,0.4773108594596508,0.004172141082598625,0.017481861138972533,1.0260300606960524,0.9686265047090542,0.9994493867114795,1,20895,7772.24037,aB,0.016206416609746532
1.5635566243549068,0.4614949890107176,0.0043377741282690655,0.018798791889670232,1.0281605882250928,0.9699722227690315,0.9994305607883277,1,20911,7772.272370000001,aB,0.015815870448933178
1.5635566243549068,0.41529053295214186,0.003971926475252014,0.019128422923667943,1.0294798209439997,0.9718088102077818,0.9994448978272117,1,20927,7772.30437,aB,0.04620445605857576
1.5849625007211563,0.6860266922818328,0.004282812200515121,0.012485847121399355,1.0279113434012435,0.9789571892374194,0.9994940926097972,1,20943,7772.33637,aB,0.2715810735518934
1.3246543715237267,0.6275774223087782,0.004153433408380504,0.0132364016318514,1.0269094788851603,0.9837159572958705,0.9995377466744958,1,20959,7772.36837,aB,0.2667895037040414
1.3246543715237267,0.6104895630656489,0.0041718153924156795,0.013667114541537424,1.0257691477908812,0.9842229391162894,0.999531792303499,1,20975,7772.40037,aB,0.017087859243129278
1.3246543715237267,0.5752713376959796,0.004108390159063147,0.014283312551317675,1.020061667367354,0.9868076931012679,0.9995170577836482,1,20991,7772.43237,aB,0.03521822536966934
1.3007651475991504,0.5562535460330447,0.004218937700121802,0.015169117501216516,1.0166185644729548,0.9887142462415879,0.9994925327694849,1,21007,7772.464370000001,aB,0.030534757563362845
1.4416468716679578,0.5914763102852713,0.005509148987419378,0.018628468770836466,1.016715919489111,0.9885490444068762,0.9994621612798252,1,21023,7772.49637,aB,0.14521812317396032
1.4844129532345625,0.7611377366779618,0.010062682172957266,0.026441159564303138,1.017283872789187,0.9904059417807389,0.9994485752441828,1,21039,7772.52837,aB,0.17496838953983612
1.4844129532345625,0.7122358542417446,0.01130274591064015,0.03173877260833266,1.01678167871823,0.9911014218177995,0.9994726212013855,1,21055,7772.56037,aB,0.04890188243621718
1.4844129532345625,0.6623533199442893,0.01051718312161791,0.031757017908516,1.0150542827254276,0.9908797893548493,0.9994501931407095,1,21071,7772.59237,aB,0.04988253429745537
1.4416468716679578,0.502716845610528,0.0068336405139378525,0.027186837177253093,1.012543979168751,0.9905878623039925,0.9994185940413702,1,21087,7772.62437,aB,0.16526566996891734
1.4416468716679578,0.5215896168200956,0.006888409598442266,0.026413139281559687,1.010761577202421,0.9902017266887244,0.9994045460030136,1,21103,7772.656370000001,aB,0.01887277120956765
1.4416468716679578,0.5134084081040327,0.006290412679125474,0.024504517572493046,1.0102610857196281,0.9905726657778522,0.9993966073519571,1,21119,7772.68837,aB,0.008181208716062982
1.4416468716679578,0.5324953360564789,0.006597910349538225,0.0247811009891678,1.0096830367409608,0.9909786177626758,0.9994126832896829,1,21135,7772.72037,aB,0.019086927952446264
1.4416468716679578,0.47578988794693217,0.004834377121030157,0.020321479054087696,1.0084369857036748,0.9909530427379492,0.9993961113467287,1,21151,7772.75237,aB,0.05670544810954675
1.4416468716679578,0.6401040711628172,0.004667068567554169,0.014582218041750437,1.0065076088914533,0.9911455664499061,0.999396848885661,1,21167,7772.78437,aB,0.16431418321588503
1.3509775004326938,0.7249269533959323,0.004709766575308555,0.012993768691440085,1.0058844511814904,0.9897986715654952,0.9993848788433745,1,21183,7772.8163700000005,aB,0.12416060659698398
1.3509775004326938,0.6645006929855053,0.004984591934031344,0.015002518392076596,1.0062084027398213,0.9886093984164201,0.9993849268172236,1,21199,7772.848370000001,aB,0.06042626041042698
1.3509775004326938,0.6228505883787602,0.005011395760052067,0.01609180709966545,1.0064845191672507,0.9881659611852458,0.9993621422765203,1,21215,7772.88037,aB,0.04165010460674512
1.3509775004326938,0.7292800927026749,0.006023773409465454,0.01651978017702816,1.0059614822980265,0.98931845896237,0.9993730224461864,1,21231,7772.91237,aB,0.10642950432391474
1.3509775004326938,0.6460107019413245,0.005682086960989223,0.017591309072478224,1.0062640105926075,0.9895056079854405,0.9994011354757388,1,21247,7772.94437,aB,0.08326939076135043
1.4416468716679578,0.7213048814548547,0.00808952156867825,0.022430242125526387,1.0076854772126262,0.9901247320311773,0.9994057877015959,1,21263,7772.97637,aB,0.11785647351254758
1.3954559846999832,0.7469339777565341,0.00927817301048396,0.02484335506694064,1.008305920533637,0.990368248970446,0.9994073447681531,1,21279,7773.0083700000005,aB,0.0528246970282742
1.3954559846999832,0.731182648045703,0.009317479626300503,0.02548605235970564,1.0079126885487617,0.9903396820598208,0.999415666176166,1,21295,7773.040370000001,aB,0.015751329710831152
1.3954559846999832,0.46470332075196835,0.005123798150212986,0.022051911064125025,1.0089758822311845,0.9902813563352355,0.9994140738588283,1,21311,7773.07237,aB,0.26647932729373464
1.4416468716679578,0.47409910265105754,0.004842937627125653,0.02043006451623728,1.0113038254021163,0.9901103499841657,0.9993833464129378,1,21327,7773.10437,aB,0.04713680893297143
1.4416468716679578,0.5730720386971675,0.00667990387733493,0.023312614911455618,1.0151779080783725,0.9896149343715401,0.9994152752306749,1,21343,7773.13637,aB,0.09897293604610996
1.4416468716679578,0.5680444492636534,0.00741243129256987,0.026098067861338954,1.0168935255550635,0.9900694158163634,0.9993909221452804,1,21359,7773.16837,aB,0.0050275894335141125
1.4416468716679578,0.5939526725278634,0.007409043362270684,0.024948261721721984,1.0174690353720248,0.9896682980200162,0.9994205607571098,1,21375,7773.2003700000005,aB,0.02590822326421005
1.4059494686788103,0.6139675396932851,0.007218991306009292,0.023515872873721064,1.0211614199311048,0.9896966350390795,0.9994333701798355,1,21391,7773.232370000001,aB,0.040925535889210655
1.5169925001442313,0.7898469199378622,0.009311978493974499,0.023579198092478677,1.0261901166396212,0.990219795094265,0.999436232370167,1,21407,7773.26437,aB,0.20800026738503724
1.3246543715237267,0.9767633393603647,0.013942026235348386,0.028547398686110288,1.0355601057745285,0.9892660139626401,0.9994638177379447,1,21423,7773.29637,aB,0.2682008642248691
1.3246543715237267,1.0092909084943986,0.016417996375979755,0.03253372489101515,1.0401722164309366,0.9895365615196212,0.9994767992737299,1,21439,7773.32837,Ab,0.032527569134033874
1.3246543715237267,0.9786951288774094,0.016326248710556348,0.03336329818925943,1.0444958725618454,0.9899257002019859,0.9994913338681495,1,21455,7773.36037,aB,0.030595779616989227
1.3246543715237267,0.6519726210116397,0.010027687179539247,0.030761068352777417,1.0499288179679815,0.9896189917886129,0.9995192703691567,1,21471,7773.3923700000005,aB,0.32672250786576973
1.3246543715237267,0.7025561323711733,0.010727367003189322,0.030538106519642068,1.0552438487316549,0.9896190393923914,0.9994991803572619,1,21487,7773.424370000001,aB,0.05058351135953365
1.750977500432694,0.738537042634695,0.010876265235424742,0.029453540195151742,1.055932031791967,0.987834388597099,0.9995013113249281,1,21503,7773.45637,aB,0.4278387969155247
1.750977500432694,0.6573868995286056,0.008749141233315657,0.026617936072621556,1.0556210861930064,0.9864717659589506,0.9995046333044816,1,21519,7773.48837,aB,0.08115014310608937
1.750977500432694,0.4452744605872408,0.005369252808201573,0.02411659901230557,1.0546008697775218,0.9849321673251454,0.9995264988191734,1,21535,7773.52037,aB,0.21211243894136483
1.750977500432694,0.4512916455806353,0.004399441664830563,0.019497111049641556,1.0561730701710184,0.9859024902198198,0.9995049009882611,1,21551,7773.55237,aB,0.0060171849933944865
1.4457637380991761,0.4784029869739241,0.006036140046358613,0.025234541634196025,1.0551177238058858,0.9853337459664097,0.9994764797950019,1,21567,7773.5843700000005,aB,0.306415511275008
1.5849625007211563,0.5850509666507736,0.010108395876754947,0.03455560781181928,1.0534457135541724,0.983936235453318,0.9995185810013599,1,21583,7773.616370000001,aB,0.17535702747436183
1.6761643567881859,0.7234661610829226,0.016876526695227483,0.04665464012847761,1.0521010731735614,0.9816134082272792,0.9995025084146004,1,21599,7773.64837,aB,0.1657605037388605
1.6756589711823788,0.9167882449927736,0.029239605312524276,0.06378704236713845,1.0547859415942906,0.982518376919107,0.9995257951961506,1,21615,7773.68037,aB,0.19332274450218734
1.6756589711823788,1.0536022165697168,0.0360051227780646,0.06834671038428314,1.0545757083464724,0.9838466126339525,0.9994774384714675,1,21631,7773.71237,Ab,0.1368139715769432
1.6756589711823788,0.8878182135449538,0.029510983873452197,0.06647978927041451,1.0511304290839765,0.9788284096499393,0.9994635664518118,1,21647,7773.74437,aB,0.16578400302476293
1.6756589711823788,0.8016439321548037,0.023328778758649835,0.05820234601150793,1.0529729550169753,0.964638897359082,0.9994657286124587,1,21663,7773.7763700000005,aB,0.08617428139015015
1.6756589711823788,0.8812229264640808,0.023785401432476153,0.05398271133937789,1.0480005172235682,0.958099150552486,0.9994568789179469,1,21679,7773.808370000001,aB,0.07957899430927717
1.6756589711823788,0.7297113225898275,0.017130247298812656,0.04695075098469209,1.0471386744173303,0.9564148185818188,0.9994527520130644,1,21695,7773.84037,aB,0.15151160387425333
1.6756589711823788,0.459123088059002,0.00955618222085002,0.04162797502190504,1.0455382275072926,0.9550401713625498,0.9994096109675603,1,21711,7773.87237,aB,0.27058823453082553
1.6756589711823788,0.3430972602913316,0.006542615018439548,0.03813854423019331,1.041203955842255,0.955100503398612,0.9993859684225636,1,21727,7773.90437,aB,0.1160258277676704
1.6756589711823788,0.5319384602020776,0.011613019583023935,0.043663019134252024,1.0367169043472533,0.9563159386412348,0.9993960169322302,1,21743,7773.93637,aB,0.188841199910746
1.6756589711823788,0.491338397876265,0.01132225303069446,0.046087393452794105,1.0356930724523679,0.9540245348500173,0.9993887496407803,1,21759,7773.9683700000005,aB,0.04060006232581259
1.6756589711823788,0.49048343609884504,0.011972018772345256,0.048817219466439174,1.0356226847269643,0.9545191377143358,0.9993741142742036,1,21775,7774.000370000001,aB,0.0008549617774199492
1.6756589711823788,0.25796063507946426,0.004962349738618275,0.038473697640646856,1.0376452543360166,0.9552955930996613,0.9993821783683718,1,21791,7774.03237,aB,0.23252280101938078
1.6756589711823788,0.28817885180516806,0.005375745790489038,0.037308398980807046,1.0418226322571948,0.961039886921131,0.9994081229801866,1,21807,7774.06437,aB,0.030218216725703795
1.6756589711823788,0.33037524195624074,0.005510464065550998,0.03335881970405565,1.0499145543394974,0.9633956650309303,0.9994440073994421,1,21823,7774.09637,aB,0.04219639015107268
1.6756589711823788,0.3070948088237953,0.00468216785761831,0.030493305149321765,1.0559237226821545,0.964781951546137,0.9994665534972594,1,21839,7774.12837,aB,0.023280433132445433
1.6756589711823788,0.28593922573076025,0.004127709586510013,0.028871237067674336,1.0594275376789368,0.9670408319364097,0.9994974984938202,1,21855,7774.1603700000005,aB,0.021155583093035057
1.5849625007211563,0.3242137107176015,0.004084538066941183,0.025196578256364493,1.0579489069386514,0.9748815732263121,0.9995087153659832,1,21871,7774.192370000001,aB,0.0984417896786286
1.3674204530903311,0.308791275167453,0.0033415877167057395,0.021643018993290176,1.0583491650018964,0.9767899012236589,0.9995527528087492,1,21887,7774.22437,aB,0.2180880418677528
1.6465641242106757,0.3889287868261865,0.005346147881536205,0.027491654321413938,1.0591814678744824,0.9734284243458828,0.999545548653312,1,21903,7774.25637,aB,0.2904190246891493
1.6488132928389636,0.5422682469272362,0.010204470093385865,0.0376362442433593,1.0543405642124317,0.9690046023141656,0.9995320360586762,1,21919,7774.28837,aB,0.15335595450976103
1.6206575616824044,0.562414728863326,0.010890876959140589,0.038728989125699845,1.0500655931438625,0.9677749394125161,0.9994587578026385,1,21935,7774.32037,aB,0.03462117749819658
1.6206575616824044,0.6072005588198599,0.012765892565668254,0.042048355787022755,1.0463423762578081,0.9674750138306023,0.9994508278253562,1,21951,7774.3523700000005,aB,0.04478582995653391
1.6206575616824044,0.6046342476552796,0.013530235488144854,0.044755107870961534,1.0429124817971989,0.9663759231555891,0.9994658157009871,1,21967,7774.384370000001,aB,0.0025663111645802816
1.6206575616824044,0.5679276636086816,0.015034958422663587,0.05294673736133799,1.0419061906578977,0.9662423044085418,0.9994636414319829,1,21983,7774.41637,aB,0.03670658404659799
1.6206575616824044,0.5110469661161301,0.015055172714345182,0.05891893979436735,1.0411396302879408,0.9657035681144565,0.999470047565345,1,21999,7774.44837,aB,0.056880697492551535
1.6206575616824044,0.9764772955031364,0.03307977694229031,0.06775329461243794,1.0417667113056617,0.9702303127228942,0.9994466398355567,1,22015,7774.48037,aB,0.46543032938700635
1.6206575616824044,0.23416984666146654,0.007022464003181856,0.05997752574296259,1.041272319532137,0.9726554580806344,0.9994201833921594,1,22031,7774.51237,aB,0.7423074488416699
1.6206575616824044,0.2766342058832848,0.005878503216990343,0.04250019044622813,1.0397055748061694,0.9729151156270313,0.9994059706639966,1,22047,7774.5443700000005,aB,0.042464359221818265
1.6206575616824044,0.36914836339276225,0.0055722581176759845,0.030189802639039618,1.0343445484259028,0.9706751522796481,0.9993940319563064,1,22063,7774.576370000001,aB,0.09251415750947745
1.6206575616824044,0.5498571786564597,0.005892513557540531,0.021432887616157,1.0298870700248428,0.9664277547368189,0.9993704440900514,1,22079,7774.60837,aB,0.18070881526369742
1.726417282567037,0.5036595160860476,0.007502609560900769,0.029792386806085824,1.0345932336785943,0.9612731465839072,0.9993809103066046,1,22095,7774.64037,aB,0.11540945623546209
1.8202638308846555,0.6980697050348444,0.014636974978521924,0.04193556853406585,1.0415887934907069,0.9601224560428298,0.9989712344849376,1,22111,7774.67237,aB,0.21587611307932608
1.6546925211101446,1.1992607418715415,0.039484808476752634,0.06584858004295789,1.0360851524074404,0.8983293043061301,0.998750314965123,1,22127,7774.70437,Ab,0.5278317099472999
1.6696824032776096,1.4088851118680374,0.06942692585211789,0.09855583718968383,1.0288797345897243,0.8249253091271965,0.9987678999462616,1,22143,7774.7363700000005,Ab,0.21015963709481014
1.7103210553906583,1.5198083487746246,0.09925993035101516,0.13062164111816524,1.0263596208380383,0.7763318284998655,0.9988087073547355,1,22159,7774.768370000001,Ab,0.1181332490512313
1.7355439283282021,1.6394842676490862,0.1339338434447555,0.16338533536135474,1.0230269045546794,0.7630402507587088,0.9988763673002463,1,22175,7774.80037,Ab,0.1223050239265346
1.721483402313533,1.6806175647931596,0.167755988611981,0.1996361243941032,1.0262172486307775,0.7646943443884855,0.9989606470285192,1,22191,7774.83237,Ab,0.04347006470839245
1.7347501478876128,1.6340174648534422,0.19449313788462788,0.2380551518793862,1.032212092382539,0.7687322343894412,0.9990074090080181,1,22207,7774.86437,Ab,0.04845178895065705
1.7582122229433907,1.625284919152988,0.22674016859581328,0.27901590167215506,1.0408943021849009,0.77034694537561,0.9990385049161412,1,22223,7774.89637,Ab,0.025034502598084103
1.7708957668343264,1.5699896053839428,0.25363852933509085,0.3231085460251353,1.0517962441787274,0.7737122144806419,0.9990907314989962,1,22239,7774.9283700000005,Ab,0.056731331823344625
1.7934317396965693,0.38759610868058286,0.062419767699634573,0.32208665825938193,1.065427971661343,0.7765653477337775,0.999108327622426,1,22255,7774.960370000001,aB,1.1826082407624456
1.805581199313977,0.3166988653430781,0.048843943917181956,0.3084567029583108,1.0805249502641652,0.784294514041429,0.9991743756651906,1,22271,7774.99237,aB,0.07193072001483358
