split,branch,branch_index,seed,events,weight,trials,mean_available_lags,exact_error,exact_sign_flip_share,exact_same_source_pair_share,exact_shares_source_endpoint,exact_strongest_child_share,exact_partner_persistence,exact_adjacency_share,exact_self_return,exact_mean_absolute_time_jitter,seed_error,seed_sign_flip_share,seed_same_source_pair_share,seed_shares_source_endpoint,seed_strongest_child_share,seed_partner_persistence,seed_adjacency_share,seed_self_return,seed_mean_absolute_time_jitter,time_error,time_sign_flip_share,time_same_source_pair_share,time_shares_source_endpoint,time_strongest_child_share,time_partner_persistence,time_adjacency_share,time_self_return,time_mean_absolute_time_jitter
development,c2,0,0,168,0.1763216234348697,1,5.724805427906346,0.42408525232533295,0.506372505270615,0.15126978141297556,0.40189159618584436,0.008849779240862148,0.45907066039857264,0.6600362833155997,0.5761474304402947,0.7678655238444264,0.39933635694900343,0.6183391757610688,0.020667623325874056,0.23637141622359167,0.010658011502758535,0.5035603256449618,0.6936423350164184,0.053330380075116174,0.8190021639694074,0.5289229918603517,0.4802827789793733,0.024619585993429914,0.14148440344709481,0.0010016367027283095,0.4289962712455867,0.6160613823679993,0.07526367337928522,0.9739491301418344
development,c2,0,1,180,0.27805411013384335,1,5.614989146493887,0.3721077145918042,0.44610405491731486,0.19936510453020473,0.2675312789153976,0.010202824014219215,0.48267889109314105,0.6107262530331579,0.7214923676146238,0.8446165015232748,0.4848372739541416,0.4864357153639401,0.007105943159046852,0.2067181875631071,1.1630088602748148e-07,0.5691115591662868,0.7176933349654654,0.04011967545555363,0.9701241312656107,0.5022552529944444,0.5175107424822665,0.0016953768054627188,0.174557647807864,0.036108138644658005,0.43035381695913116,0.5607829232656559,0.0034855362636355097,1.094155888154308
development,c2,0,2,160,0.1716031149785846,1,5.467636758964468,0.37632516378585773,0.3884202680184621,0.2569737200750731,0.4822770777443526,0.11317211405499103,0.5346440937043704,0.6707762189904792,0.813609957018371,1.1263615487108531,0.5349725716919963,0.4188172335174527,0.008581935572774306,0.1256043123106659,0.019680368740995838,0.533634350816607,0.6550276964213249,0.05122762309184592,0.8379670294592041,0.5249302810221743,0.34372956599914906,0.0041789940187662925,0.21558616885584989,0.005161263023609367,0.4704025336441829,0.6478292883043476,0.013658013758711719,1.264113965700785
development,c2,0,3,183,0.248041098278997,1,5.652113738509624,0.43740943283436856,0.4878597896196456,0.2347381739271424,0.34038122118150665,0.000871423234414736,0.5335434667949946,0.7412910831409119,0.687031643510561,0.9276688540710704,0.4584739983371216,0.5008595169312727,0.008589662515957075,0.1045066483415988,0.006869257675467746,0.5147460257447425,0.6941788392414268,0.051368895710732686,0.9236495768880948,0.4835594158795446,0.5773479913108914,0.01790778533869287,0.1804191863090873,0.000430200858876388,0.4033571337199938,0.5753766656457638,0.06742686762663658,0.9229975375524372
development,c2,0,4,199,0.22053051493893708,1,5.722325701735114,0.4021863097098468,0.3949245207513242,0.18891835007706465,0.37560525693914687,0.006603522215084248,0.4402017365826795,0.6532345491364829,0.5709625720064639,0.8457039510048977,0.3782582487968369,0.5747205148254705,0.006111196594943833,0.31579776046234154,0.024648695974008417,0.5019431874882007,0.722327708775357,0.01990266424358024,0.810037016158225,0.5165955800227254,0.6428242952025361,0.012758695689406362,0.12177102101012321,0.0002884830077157278,0.47538060541707544,0.7018265690640294,0.05689465154470186,1.1185772472363087
development,c2,0,5,232,0.23658393595267901,1,5.947726051927282,0.43755761577836283,0.4629550939360263,0.10945760263290212,0.27394477991103094,7.107532416530001e-05,0.4626974859748192,0.6881916727295033,0.45768513639396424,0.8555996578069062,0.4486110488308775,0.4456860235092668,0.030335648936291263,0.23232778420758046,0.002923017114134632,0.4758239814791426,0.728479045250177,0.10162053947588705,0.7724149710256255,0.44980884107309455,0.5554604353302305,0.010982640921024227,0.13751166825128086,0.006974454458930683,0.4155403604330119,0.6279259768284108,0.046917434345890394,1.1004939002653369
development,c2,0,6,175,0.21124384911122368,1,5.3949355518145525,0.3688784229545746,0.4249094940255153,0.1208933649837771,0.34124175143009045,0.006473336082874323,0.5817655893544831,0.7387851032129855,0.47169075974237773,1.0310521284460477,0.4129560334711378,0.5285882846807233,0.0067965622594697885,0.17887548582938392,0.0,0.5480812995461414,0.740444816278322,0.01359816951472743,0.9422167010391883,0.46640636448360423,0.3907469669805496,0.0014145750693303422,0.17314791592860604,0.008165862582233608,0.39080252819555844,0.5612746119258517,0.005032168186154508,1.0138337095593875
development,c2,0,7,196,0.189348510726464,1,5.49117977621357,0.3674802546945777,0.45564401326013737,0.2109509004077259,0.4042650682182183,0.0027422342018081696,0.5275312926218131,0.7318866226212869,0.6829620835120485,0.8281962158063267,0.42727013424610244,0.460852798449067,0.0068131159830686055,0.19616477330072046,0.027538363692009547,0.5350300536963327,0.7176319067987702,0.04077261499865537,0.799993327395091,0.5204981608632941,0.398539759977079,0.006269354216302667,0.1738952659675878,0.014309628213695483,0.4640851435549535,0.5827906639578366,0.020334311175397767,0.9742493693370788
development,c2,0,8,152,0.18263544489185501,1,5.80650661706889,0.380782892636653,0.5111823307928172,0.15998565303925916,0.3156585803383574,0.017363203542152494,0.49814222682696685,0.7046559902502543,0.6685277730230385,0.9332586734446636,0.4436968088966452,0.5014349351411566,9.570302851920734e-05,0.14374138631809505,0.03023693895479378,0.42230696922113914,0.6501405043364292,0.0005742181711152441,0.7255822232554372,0.41853999440862827,0.5484894782005286,0.009027022335464388,0.32684281822634487,0.005972488666244046,0.49852251898351513,0.6799016277290574,0.049529466291921315,1.0533011346736796
development,c2,0,9,221,0.17827264092902748,1,5.683120259463596,0.3655111516131367,0.43453315571107337,0.19160045731313813,0.38070907251415653,3.1885110090665564e-05,0.4741861516633621,0.7280521079265592,0.6240576853289823,0.8383521398301897,0.49548513569748764,0.4994397772222986,0.01826291923846084,0.16735468531502362,0.015645731490848906,0.5408507226434016,0.6949714507803034,0.06453360674140146,0.9178105643797191,0.41293543502084595,0.5098644538282638,0.002429317239718642,0.1855375026535114,0.0018784269018852567,0.3740224367664449,0.572764681257553,0.014011221326069655,0.94615633745577
development,c2,0,10,149,0.16746699436442294,1,5.727761637487573,0.4198536987906256,0.36825703953100525,0.1668111944464802,0.3017499113662776,0.022587940524422673,0.5055153547832337,0.6763056954441001,0.6945904740409954,0.8169317405793209,0.4137003579891781,0.4219350425799346,0.0029972150953077085,0.22477384745922388,9.784529934933988e-05,0.4746830908910488,0.699719356150628,0.011691011689599235,0.7532103504629247,0.48649344308867265,0.5426245700553565,0.004266456599155156,0.25767034861110627,0.00042197774278083833,0.46544309343009316,0.7268275867451519,0.020610004729625493,1.0850762071129132
development,c2,0,11,224,0.23242741649537255,1,5.928196892094411,0.41183364775643244,0.44546845235491195,0.13157612349022568,0.27215913827884697,0.004005485090787748,0.4176551750454702,0.5809874921700885,0.5887715103754223,0.8173148932450879,0.4880635754725821,0.47183952924159417,0.0009362584966156683,0.19237395277795538,0.0009467853558903023,0.4708988407902328,0.6502191725123541,0.0026832400082107163,0.7873559680533843,0.49356509572718227,0.5972130133536131,0.00806296543514491,0.11980591105639256,0.001313777444626465,0.34854450650358226,0.5129103830222411,0.04837779261086946,1.0322888045554686
development,c2,0,12,176,0.19641571921189513,1,5.498717654390278,0.4356756580519913,0.4826911626100588,0.09626429801826991,0.2529643809212085,0.0013140568559395361,0.4447666793682913,0.5437141634919775,0.3815666180690296,0.7343962460842692,0.4457174979113105,0.39047976614081975,7.985315222484914e-05,0.16091002955480446,0.00016390761852462304,0.48306718005033966,0.7347203251848567,0.00018340675381475663,0.6989391421811676,0.5602106123203235,0.5789723481004747,0.0033425975365171936,0.17100514025990124,0.000665579523215927,0.44874832715298224,0.5918433512591916,0.017047844522817386,1.0011295858199991
development,c2,0,13,229,0.23176394056513402,1,5.942488137655672,0.47766321600935346,0.4323949643858701,0.11217693883436496,0.2470626187130106,0.03620724277986419,0.43671000252517334,0.6603010585731817,0.5362239074588546,0.7583635291185291,0.5077558767981977,0.5091637486853782,0.008770854060155172,0.2538865181793328,0.024872229355266517,0.4648315463868349,0.7125011339932098,0.024142647746861506,0.7328450450559815,0.5292165541468236,0.5870046634031868,0.004137304165425042,0.18061710369706266,0.018599961407542602,0.35678061187594945,0.5634489540825243,0.02470550337989758,0.9129764659127536
development,c2,0,14,155,0.1509100072060564,1,5.693047987351896,0.34486522135168807,0.49156569397828814,0.21810099016899953,0.3702516876152204,0.0,0.4849232395078435,0.718231718800154,0.7910901377618381,1.0916210679725957,0.5008087210692659,0.5148613698136802,0.015782852672997918,0.2006417119443162,0.0344072151401411,0.46372874982332457,0.6760016626284987,0.06991570095036102,0.747206041176594,0.5003065014278878,0.46574224697566874,0.003430647715823566,0.139994317756345,0.01752799707118373,0.409314603774463,0.5783855996363065,0.010218064226212513,1.1525135468165504
development,c2,0,15,218,0.26799260990833557,1,5.984365185101401,0.404866952020546,0.411332616293363,0.1731264618688512,0.29994267737142244,0.014548363838446888,0.4246568640530745,0.7193653671881937,0.5243035027649584,0.7916907354285151,0.49510764560839254,0.4630964739184978,0.004519835451374421,0.15700599148339875,0.0022406829172824153,0.4948052498611156,0.7619926639638004,0.027092340268278715,0.8196888528362204,0.5375857687245411,0.48258416992089354,0.006302772677106502,0.20114995532211216,0.012808950037797511,0.3840905933046691,0.5788128193596925,0.029120380016336198,1.1206061181348597
development,c2,0,16,149,0.16416558895188135,1,5.642357240169727,0.38858652189120907,0.4207471632126238,0.1613094383358789,0.2647653011131922,0.034506074735202494,0.4430682035158152,0.6803204237619899,0.6945793345122396,0.7316953379432978,0.46977471095179807,0.5332967898806016,0.0006627146359291922,0.15245421271609413,0.016844313375243496,0.527593511422396,0.7738437596708598,0.003976287815575154,0.866793581322718,0.49177857574770967,0.5284048082846212,0.0073306552160074135,0.1431857537314169,0.002520716347608521,0.4292715387193399,0.6096861243609871,0.04297909418035484,1.0856593389509863
development,c2,0,17,195,0.2819172418720625,1,5.564358412724511,0.37297743975514125,0.4092132128861004,0.1677801707479321,0.28492937121599443,0.001415538425604995,0.4432149757534824,0.6949123241951751,0.5980029868848749,0.8526893706566209,0.4848005566043567,0.4510993822679369,0.009261798877806395,0.25313833259646235,0.019854111889862424,0.5206721552305735,0.7524319376513593,0.023080364711224967,1.0204967570759687,0.4263691647177746,0.5442357654979872,0.015430404174459695,0.19463527591887747,0.011229898346992551,0.37438001712425434,0.4907184246830864,0.08194163444590494,1.172319857074631
development,c2,0,18,170,0.19458386729993615,1,5.83628957487255,0.3901027276662095,0.4034528046911551,0.16840355861074513,0.3382162564593671,0.07314239289996628,0.4545339427118629,0.7511163861538352,0.593791192797982,0.9536493142724257,0.4637022620904628,0.3888413513028282,0.04342352499835662,0.15479151083748022,0.0004077092278842704,0.45251823630241794,0.6814974497223032,0.13857439123691992,0.7159303347199241,0.4534134710056377,0.5577569881858419,0.01153201124948733,0.1816599954590139,0.0023980012400720775,0.35765556366023527,0.49288223711295714,0.06398405755615821,1.0371554851485834
development,c2,0,19,198,0.19822583162811236,1,5.923099835742242,0.38885689109340604,0.3985311835241639,0.10405385409502936,0.3665245382909299,0.0003343827762468128,0.530135834814634,0.6239945305779029,0.4446028236645405,1.0593247765176983,0.44622401812725404,0.40995145999677224,0.011630535207737082,0.1437181506937483,0.009713983977155035,0.4350444058093102,0.6696989730422198,0.025641725186792634,0.7296425091582591,0.45445785881738854,0.4610669415453828,0.004187427636538971,0.20305882447979914,0.004896773290276332,0.38145706176561706,0.5919403951723378,0.012662914304377822,1.0622186507455365
development,c2,0,20,179,0.1969008929210447,1,5.1631312580824,0.29412009992478066,0.40175221121986576,0.3098563702694083,0.47580225199971,0.01703010573089238,0.5400732293700156,0.7421644431963438,0.7331769702012759,0.9771322037940318,0.3558951820858872,0.4241941469049713,0.002248427145159299,0.35517583373558714,0.006653485627517702,0.554431854510291,0.7217139865329804,0.011678311151549955,0.6836405173270926,0.4099442167292265,0.4759856139372324,0.029402577228611282,0.19449453258328486,0.0040945323142850985,0.476435220362932,0.6056981716423716,0.10943386816420599,1.110220914881484
development,c2,0,21,197,0.2699821234054936,1,5.906387453276553,0.37038094925448684,0.4135159780537001,0.17833104711553457,0.2958984273818325,0.011300059302755742,0.4651451990256242,0.7081219055469723,0.5953101344072229,0.8603480580783553,0.5116497318096769,0.5173848677073634,0.007031120210774323,0.2575125389311846,0.010858931863747813,0.49516210876374017,0.6723099106390397,0.03950792720646424,0.8148846039192862,0.5229193220270995,0.46398821423106695,0.002904748429131649,0.14940661040140893,0.000631841480806979,0.3547377510343928,0.528264902607593,0.017194151446536375,0.9834739732790043
development,c2,0,22,176,0.28080027141212627,1,5.667544264930164,0.4480935184491873,0.4457160682561375,0.14991844009730498,0.2840367294950667,8.173765155310885e-05,0.4423190444192872,0.6287717765409968,0.5346411061857881,0.7792236242042451,0.4891190492203633,0.43231640718667436,0.0012454919585831786,0.10744739363035904,0.007694781920285252,0.5137175798437766,0.6075622928435617,0.005323473256662601,0.8254195295986831,0.4963708865685015,0.5740925481134341,0.025380416231795194,0.16254613259598244,0.015866666104983815,0.41503931317615456,0.509110236936875,0.13070178149694195,1.0847517939693896
development,c2,0,23,223,0.2550926073960683,1,5.670726898386794,0.4511425242645543,0.39006581028992493,0.14844853213425277,0.26440958592420555,0.015049238743317489,0.44084390837992365,0.6951536246908969,0.5688520106836656,0.7684940367883658,0.5678678947350022,0.5017204026203047,0.0031753997794274746,0.13796256601451673,0.000581911733982574,0.5540440862838271,0.7203727067990503,0.007197827023711109,0.8775514430006236,0.5604229425901447,0.4375074703132333,0.011891037220081339,0.13792085612948754,0.023613066546269944,0.3980416330274926,0.5941092057360824,0.05535241397166527,0.8657235285994711
development,c2,0,24,162,0.19712905433750172,1,5.533773698135897,0.410896658813168,0.34273574601822376,0.19974595834664502,0.2689534439787947,0.0038122312486563994,0.48444068443353716,0.7324328958834629,0.6329455417675178,0.7582585093370198,0.45596592638768974,0.475098005607318,0.006706695842753525,0.30563771491366876,0.012962888960085952,0.5131588083390168,0.6907791691495861,0.026399178589651812,0.8460847243610337,0.4702029861713028,0.476725321776753,0.006573211045311323,0.12178668123464803,0.015412024893907654,0.4096657571767776,0.5533295214055801,0.03900641138341037,1.097744832371262
development,c2,0,25,193,0.11663542350357253,1,5.763637449722646,0.4636821254174742,0.4252584465720202,0.11391988265172878,0.31359027029866177,0.002550085219979962,0.4712851621005048,0.7516396772880206,0.482523887691061,0.9364223187101579,0.5670742025821699,0.45607167999163667,0.0036426447157702035,0.17564397342365412,0.02426880119136507,0.4536177366636141,0.6339343239799559,0.013111000055999446,0.7933286193109935,0.5004857825575094,0.4830641318586607,0.011844826177344907,0.15624829281617422,0.006141110043155414,0.36708185617877737,0.5826787943140025,0.031363948896331546,1.011950797510386
development,c2,0,26,153,0.17249086789850815,1,5.272744877436451,0.38751060351023847,0.5121444630550708,0.16232586761679318,0.29083704994663684,0.02129084275175874,0.5778949390626185,0.726969088107965,0.5034661759546125,1.1804469012925267,0.5543075914399803,0.5889024797431512,0.0005659560155040034,0.16173879810576924,0.0022063478101025102,0.5857882460090263,0.7158388829017204,0.001831700838620997,1.0029351712742325,0.4822973084175842,0.4589864081970178,0.07540059210475143,0.1823372873693658,0.00025021806511531903,0.48295242403745275,0.6123231212723513,0.18209695451665228,1.0090110340628475
development,c2,0,27,199,0.2146299835465966,1,5.692531607898854,0.46149886195217826,0.4051370884895685,0.15409571078560133,0.2732871415688365,0.0,0.4580132826682782,0.6632318512021823,0.5901881825194385,0.855247771709315,0.44759569225786544,0.4976410272778286,5.514898551433922e-05,0.0916187153438764,0.0007551856140311304,0.49968428064573317,0.6059279667140421,0.0003147997219647796,0.8094956335357782,0.49736864370870065,0.5662047196538991,0.01887882243491221,0.20053957986163454,0.0010554811123168384,0.4031124760920402,0.5555305170226813,0.058227328779142926,1.121203412577754
development,c2,0,28,154,0.15629318738044792,1,5.442623054117308,0.3736209680808605,0.45015340284969063,0.24174974469759652,0.40502874286164253,0.059688499626607855,0.5087612283768874,0.6327826198579884,0.7035771870031251,1.0639391996332968,0.5360776092872012,0.4716092167916105,0.007895267649960456,0.09413456389812414,0.030100305978417743,0.49988821915188697,0.7477346875437278,0.023685802949881367,0.8330344541674148,0.4562430393230666,0.44365300705793936,0.006931609522814335,0.11520504312802196,0.0003146727513593486,0.4126035029870982,0.5942216294453803,0.037910528662781696,0.9239963353765188
development,c2,0,29,243,0.2486708923652818,1,5.930407213717804,0.4501985307460867,0.5076500452705525,0.11495470964996109,0.2756106371865395,0.00565655123353978,0.45460753104548546,0.6831908144356613,0.5112158451504621,0.8020874729058672,0.4585531626983311,0.525011231921829,0.002849977271234778,0.23575709460208033,0.02052223478314218,0.5474446018330736,0.7718508141521371,0.013271179869311575,0.9134639745120683,0.5172461806735589,0.42453828437979346,0.011323817051550158,0.1822236737520832,0.010086280853172605,0.37465686558832206,0.6575207348988668,0.03817114351966509,0.9918246275349039
development,c2,0,30,177,0.136305411327864,1,5.925542489009135,0.43751046352527256,0.36185537384301875,0.16080860318530024,0.2655647705558106,0.012944566291041966,0.4691057998335765,0.656069211868519,0.7237056702371674,0.8475249471052415,0.5113740506591857,0.504584048744856,0.003504185652419967,0.16777173867084888,0.00035539479824996096,0.46058506802088667,0.7176115354943458,0.01861150301686059,0.7476474759190143,0.5054489800454256,0.4823204667241845,0.021200466779299428,0.24731341890696037,0.002259604731307593,0.4088385685456607,0.6156345448515943,0.047462184469871334,1.0516649374129445
development,c2,0,31,202,0.16680007058496557,1,5.704990950869914,0.5225209281363399,0.5239601773652904,0.06967276029876078,0.2538641682913193,0.014584611966441821,0.44075158799040676,0.610037320459033,0.31467118670212224,0.7750510237566636,0.4674359772054372,0.5152038500345137,0.021168597493350066,0.17209538963952406,0.04357457449694053,0.534146501711504,0.6762265881690886,0.04303752459680764,0.8260371321842345,0.5283737418456855,0.48788805262065843,0.011582371785900155,0.1768947642309598,0.011032561649955112,0.37557938879906233,0.4816401144925039,0.06510021348212666,1.0045374229326802
development,c2,0,32,193,0.2080882222736345,1,5.996547765239309,0.4615966059069409,0.4324853821098965,0.14944900691728907,0.25791062733124903,0.014836743048501862,0.4675483323199086,0.6716177736732869,0.5764491290719447,0.7969951538476207,0.534252927655611,0.6574910176491661,0.0029990919671830075,0.24682997744119076,0.0852398585364722,0.4849499634190057,0.6905062701691475,0.009173077164849006,0.766796235441187,0.5663329570876605,0.5149221160485778,0.016453813517315397,0.176522465054026,0.0014446398934732,0.36210804898999643,0.6046157248304188,0.08860771647591954,0.8803821629765777
development,c2,0,33,211,0.21598571161805127,1,5.924724782644827,0.3701534550006539,0.35380473204330304,0.0936925375745145,0.21280587848941143,0.013005889490431929,0.44206455019200663,0.6425072920824191,0.4785878208059892,0.7594014322330757,0.47287780305219707,0.3901362901597452,0.016417867070834327,0.18607497848060073,0.005314899541809416,0.5253646960403948,0.6700227620649877,0.04765875513072273,0.8696242208884433,0.47119581729881355,0.5139603888033081,0.04153502789066059,0.17231823243159236,0.00769604923035482,0.3960995670069446,0.5945342459830285,0.1733495480360675,0.9735227856409833
development,c2,0,34,172,0.2067862799509327,1,5.857938631041181,0.37165857882756514,0.3695198897806158,0.17585391084775465,0.22951785762359625,8.377083081133248e-05,0.4648199054623776,0.6653596121220927,0.6820814765933849,0.8938824077173361,0.534341866364076,0.4738090350285076,0.0020951151827046316,0.22015496885691294,0.0005742343053198297,0.44563185079335943,0.6125909379261655,0.009032942575249446,0.7310234406081855,0.4979390688436428,0.4106261558561531,0.005483279000512414,0.17459085591199902,0.0014322178552968324,0.414635253880927,0.5762078280970242,0.02430616716683313,1.228296015465219
development,c2,0,35,221,0.20842599636150902,1,5.82918328770872,0.4502638007704484,0.43877490170155736,0.14809195117793442,0.2931557786715467,0.01968377712296017,0.4383121350335905,0.6324477889268663,0.5700750554881545,0.784471045236366,0.4441997212589978,0.4794664635929289,0.01950487379805995,0.17470132342656225,0.0029111643951308433,0.5087069431341366,0.6399169676144668,0.06524849288501927,0.8803158318416383,0.5231905553515602,0.45227288612089867,0.004209536366289754,0.1892800281886216,0.0007744979936699976,0.4047293943996826,0.5769073696273705,0.02079687784532868,1.115777145650013
development,c2,0,36,170,0.17929513604786906,1,5.892720236382103,0.3216461306129142,0.39730677560963334,0.13393230534998538,0.2692215238300735,0.03573050039670361,0.4940149508876951,0.653836403888276,0.4883148431842104,0.9791576244087418,0.5037199194495754,0.5384863949363393,0.006341723450814667,0.15664294236317172,0.00010837315234425059,0.449782647183264,0.5648657306766728,0.013830166727571586,0.7771012566966301,0.4973914092350914,0.46072115763253185,0.024686930981699124,0.1144520430903742,0.004754937017889022,0.4107535712037061,0.6570958562297664,0.07631664025407524,0.9883874784902379
development,c2,0,37,197,0.22876046897012223,1,5.470819882146041,0.38586929426805777,0.3804862408360465,0.18767004472833793,0.33723436306126436,0.02563858946805028,0.46544332995236,0.6190489884715324,0.6632199497436712,0.7311754392940661,0.505199538441553,0.5524703148980273,0.001052294358510343,0.32808668368567023,0.011227608731090962,0.5624764808994255,0.7163725881105136,0.005629706112169296,0.889178433469801,0.5057504573936435,0.5051565383733779,0.07095333746556552,0.22645749780292931,0.0003897307437105392,0.48333081970200603,0.6136587640514268,0.12245276149758728,1.1192784284175554
development,c2,0,38,177,0.21284285416221008,1,5.730051638670479,0.41139784118053385,0.39743227191811914,0.14384400836995806,0.28696043746726946,0.00017716379900365912,0.4911307507629946,0.6893662876091539,0.6063014656859724,1.0137046850026574,0.5061028424793255,0.490890635142208,0.01285784919867164,0.2173269861136797,0.00420532050667399,0.4537547470334523,0.7025431247725407,0.04741082368619726,0.7333607592245416,0.45933947203871106,0.5374029295246379,0.02273245440072502,0.2239464107735015,0.0024798951447532087,0.42030830471984537,0.6266969154336027,0.08854166972827156,1.1384559718423801
development,c2,0,39,186,0.25010500116361334,1,5.611376735605543,0.39562301523152366,0.49424968091789806,0.12683879333830608,0.2669735233887309,0.007576243303703255,0.475394893152895,0.6717908023717215,0.5022669252668587,0.8320625848287366,0.500730318166662,0.5046640795124593,0.002299000107083052,0.12247921847787593,0.03101282947131528,0.5344809038591362,0.6511187128874436,0.013782817717696929,0.9025110389547285,0.44137310761346815,0.4371325662689081,0.002338985779745447,0.1349481596845858,0.016002719600535835,0.4109330182614826,0.6054917720371493,0.007431491689084289,1.1071362481777134
development,c2,0,40,167,0.20242609790293892,1,5.897291968289619,0.397394894812022,0.43840997458288455,0.1537726517188572,0.31555527483293994,0.0033704603922600383,0.4535335949920954,0.6140153025982406,0.6781168977073901,0.8331162667676888,0.4342987585799318,0.5159868743519475,0.00999419070634617,0.24012373880400073,0.007103999513784772,0.44152095276402986,0.6788480750868673,0.03152294356632644,0.6924207212704254,0.45098805833109895,0.5183669649535625,0.0017633216842435763,0.19629086024369674,0.0016960274635238954,0.37304325932070515,0.557801685024074,0.010579930105461459,1.037042062263375
development,c2,0,41,208,0.20909272941584656,1,5.433665736462545,0.3347187391159034,0.4358888812898082,0.18357421472237673,0.37626163764454845,0.03420248165832651,0.46585392118820756,0.6603528563806278,0.6614522857296737,0.7569061659944101,0.4629010704214247,0.4974612604207738,0.0004967531466387255,0.21146356966343,0.04393981574649145,0.5814501242838371,0.6481907344886004,0.002803561141705955,0.8911698119013278,0.46966831104254214,0.47193001990727546,0.0028583773204049864,0.11655999213343607,0.002453853449588243,0.43734753624570744,0.6511131677828561,0.0075298090823459765,1.0320416317422951
development,c2,0,42,175,0.218196466838723,1,5.909224367862657,0.4396185021219244,0.5038096383796701,0.15239495558614868,0.2963318910726613,0.004872232432949258,0.4193156800632382,0.6568718474980737,0.66901027230351,0.695589406729799,0.44461907204539874,0.4745313649099222,0.0010662965770953635,0.19360261033731443,2.4600914764413782e-05,0.5269814072634775,0.7471396504390599,0.002530849295393187,0.8056045145194735,0.46021074973455256,0.420324283733382,0.00920615860115924,0.17451024091486397,0.003897062836189448,0.357377867013261,0.5593095999658569,0.032097560134246875,0.8332699942842637
development,c2,0,43,212,0.25534872950591475,1,5.528255914692345,0.4707941140788491,0.43213371921196003,0.13745684676963082,0.2113502222695054,0.006444151105630009,0.5225810515367817,0.69706397147752,0.5707385766743377,0.9474019240407968,0.5056465706929953,0.4066521963583533,0.01915744187871816,0.128058457971683,0.012734056828898579,0.5856889825751104,0.7814551551202322,0.07203386012746688,0.9876105922621242,0.45059793550989835,0.5345311269392296,0.001659951267903056,0.10305808524739207,0.004848300834000571,0.4434018214381676,0.7008639870913906,0.008886238359774395,1.0114248212664694
development,c2,0,44,156,0.15527484353287174,1,5.876932111537805,0.4143724244418092,0.42487137372406525,0.18705573397997824,0.4014689854403854,0.00029595311155744845,0.5020101370897405,0.6941904147306948,0.7269006591431358,0.966729786027631,0.4897394692664408,0.43602333165236506,0.028609121906484822,0.17907023086069024,0.0022457902935941743,0.5061287082753696,0.7383161214789691,0.08766669145201991,0.8155453886507348,0.537712888449286,0.5101809344246033,0.01574048803453209,0.14259586402948649,0.02057861497494791,0.4507126982661543,0.6531836562246708,0.07385083789068003,1.0472004841982552
development,c2,0,45,187,0.1962161107307574,1,5.823957352602212,0.3944477595182769,0.45474162770573473,0.14016002900715405,0.35437243288606923,0.0284973651447721,0.47740211476350375,0.7371147856879535,0.5858317252869203,0.9821319228679619,0.5160840730959796,0.4984860033669113,0.014285715732404657,0.18674331375688938,0.006389689417302901,0.42834696861101446,0.5870105091453698,0.04927511807589806,0.7437868710449925,0.5032489774478959,0.5057068614903047,0.00548178725988068,0.18763757845954618,0.005293386265505806,0.39465120302778756,0.6193036730288494,0.028261992892468252,1.003505111861991
development,c2,0,46,160,0.15473190081153332,1,5.457454825287612,0.439564097965368,0.4099647170446567,0.09110843344691892,0.2169953107370852,0.0028503181999137866,0.47202443202506184,0.6966542682927196,0.35600212447985913,0.8419453704254507,0.4727069059003387,0.5633287154384886,0.0,0.24126923967447092,0.007216824441058183,0.5857723153025768,0.6897937061031183,0.0,0.963246052501771,0.4699746935332046,0.5282470242265549,0.015314571186633392,0.12100428565932231,0.002694608150169951,0.4664207591386199,0.5623142637828219,0.043756995735244324,1.077639745780845
development,c2,0,47,215,0.2722336181971928,1,5.871716050852097,0.3934739639211039,0.40116167840344336,0.11616078823676712,0.28441338039042274,0.01322444827060368,0.46070679929273356,0.7129074837158974,0.5423744583978172,0.7138900120178958,0.4746766573779103,0.5572632013862538,0.0016278827313524335,0.1290002328785166,0.0004920728745412847,0.5503841134302544,0.7367001740727628,0.005551235389772229,0.9763560420046229,0.42327543827129027,0.5373890243077178,0.007955771651346888,0.17311925713647466,0.0068744992770034714,0.362749538052902,0.6250890172180816,0.04399848545475621,0.8646874031130818
development,c2,0,48,193,0.1801365771146829,1,5.747275914547872,0.3832831094587873,0.37965242530017834,0.1020742858366118,0.22554332309087913,0.03660167299593094,0.47331119281759737,0.6448540111008279,0.4092769971212254,0.830188909888291,0.5453456412234836,0.30950939640615155,0.002014556109001142,0.13250993959593513,0.01475481550428354,0.5004038442646368,0.703607545540214,0.008908198624155981,0.8433877521709897,0.44796152001381406,0.4447894905738604,0.009323956164730212,0.17611697093687875,0.014435247239840049,0.3683734821888458,0.6463941609008237,0.04384192896587953,1.016502766516484
development,c2,0,49,208,0.24162135359468145,1,5.850636410339005,0.4097813622144278,0.41416677774550453,0.09131255482695,0.27623652435898527,0.02027273905021685,0.42918472622122894,0.6534141395703948,0.48450070190089917,0.7831227256379424,0.4914905802222971,0.4642653126203622,0.013405114491689366,0.20376958570802214,0.0007279643959773879,0.4764896737385132,0.6585062654912215,0.07972526706158048,0.8134772841866671,0.5232341209074277,0.5878577431526133,0.012370539455420776,0.19087128987543886,0.005939748661498464,0.412024848622383,0.6337415380338126,0.07382937065112424,0.9951716887298627
development,c2,0,50,186,0.17923219563910966,1,5.783990268636296,0.3927370854934236,0.4381432761499647,0.13167234501746716,0.2954225383200456,0.022237376905902058,0.46943675283855335,0.7010723207511629,0.5882535162036492,0.804387658402173,0.5516027712712489,0.5195809565664213,0.005900357710989511,0.14750659481111894,3.985304017752399e-05,0.5531663095848133,0.7404253093508744,0.03494157611792032,1.0544188450200886,0.4921175604460997,0.47382985612674416,0.022481877940379185,0.23479754967436142,0.05749533520848994,0.37469665352804404,0.5575498133838711,0.1348912676422751,0.970857319357347
development,c2,0,51,201,0.21467614286954742,1,5.772140447953665,0.39935487189803687,0.4097331328140946,0.16532279426221358,0.2538004429391191,0.004592184085033845,0.4733558009782076,0.6712482549039758,0.6280338736115221,0.8396616991787517,0.45459443383122883,0.5397705291775262,0.015763256397300952,0.20833564328910611,0.010032308196848064,0.4359773332080264,0.6409910031638248,0.050763242228436,0.700634746316775,0.46723117913822426,0.4712090759085758,0.012934004630441457,0.11432033156093377,0.00021562966803730392,0.42765551650764533,0.6396594210436122,0.05925441357095117,1.0176773781705757
development,c2,0,52,176,0.18480087366305661,1,5.89193178454018,0.42814460877426863,0.42014225103948477,0.12189819674301651,0.27002644783727986,0.01407969313090642,0.43178406714618434,0.6110794371686554,0.5389854206122027,0.7215084618941523,0.46649555094148526,0.5602146762294422,7.871744212314044e-06,0.11944519455357032,4.395943518321272e-05,0.44876646442807694,0.687083160887948,4.7230465273884274e-05,0.7709451328553166,0.5029246049561704,0.43686236647121096,0.004605961132224312,0.18513192300593986,0.02018530462110434,0.36972053532493626,0.6304655339488388,0.024697598704651397,1.0668218268773533
development,c2,0,53,200,0.21955541080909113,1,5.8687683913986675,0.4570113633953091,0.4581582541621458,0.12118682283408809,0.25654391748519806,0.028167517596956366,0.46024471773023273,0.6959421678917884,0.6123328951191599,0.8744370869997046,0.502134781362274,0.5241170827307486,0.002286504570390591,0.17418014749070937,0.01818696358155497,0.5224692705268705,0.7703129845683182,0.006457380354161018,0.9099526095563688,0.5262839451039377,0.46986038378079253,0.019801464529090554,0.12633597083296091,0.006992494713596068,0.35939450788707095,0.5572804407302598,0.11866692500333428,0.9698912164310634
development,c2,0,54,159,0.19762867182418278,1,5.645481831015526,0.33878742331047335,0.49085172820815937,0.1695234629466805,0.3339958877960124,0.016250525547624427,0.4818752689600735,0.6246276707775785,0.5829311975576883,0.9808651333176202,0.44526098052081975,0.5269046211541458,0.017743475084775077,0.15265090359547678,0.012221891338151896,0.47445880065634605,0.6770918642717122,0.060791109426383785,0.849529227473963,0.41947501491866096,0.42093577213001226,0.0013292191236596014,0.15355554061705143,0.00567418219703514,0.4677857235741344,0.5981661868474305,0.006420953187216151,1.2450817113025334
development,c2,0,55,207,0.20478413434639137,1,5.732460716634347,0.47959371666864986,0.43651497521205807,0.12208400315790788,0.3095169538499316,0.04799140202862518,0.46700229808994465,0.670172105177919,0.5295323319001769,0.6995784729462685,0.5168254226507373,0.45045594626960284,0.0049689761926296925,0.24422616128603533,0.0016413180788320881,0.4935134926155983,0.6515991304413954,0.01827515645059319,0.7402075236580601,0.5185902310816506,0.5350148278378976,0.01580935832828415,0.18400272247616198,0.006243502935191272,0.36165329074557456,0.5334306612692977,0.07564499988518433,0.8436933657613161
development,c2,0,56,195,0.2764175559920864,1,5.926625698851145,0.4456644114984942,0.2908190693574432,0.12684066561270946,0.31255313370675114,0.0032537865297677395,0.4542742397552721,0.6363359328208259,0.6190144651691902,0.8180502393523759,0.5152607239394216,0.4225087579081107,0.00011333968556313371,0.1568716866842104,0.008061912314181505,0.46988452548651793,0.7146314705336949,0.0006800381133788023,0.7773801204387878,0.5472650669958848,0.3704447900906768,0.003054866531936126,0.12955227612420342,0.022857990803010604,0.3752788946732335,0.6335692904704303,0.01803300236943236,0.9598377006067528
development,c2,0,57,220,0.25403657221947523,1,5.876339186411323,0.41254508315806115,0.4484931174893327,0.12525301691642218,0.37585745618184585,0.029218029307953235,0.4480818947934219,0.6985914814896764,0.5227455053816016,0.786520661889841,0.4979003263216206,0.6146367325010986,0.008082961773890032,0.22909369259218754,0.005607583035163181,0.5402575410389456,0.716123996624873,0.03568682178729038,0.895856482689196,0.42261721847342515,0.5210070516903631,0.011666202928256722,0.23399263172460744,0.00014232734183178107,0.3823554203434945,0.6677537936448128,0.04438974666171007,0.9555259651312311
development,c2,0,58,174,0.26820315166025444,1,5.80948424060245,0.3947780650250414,0.36576420262042786,0.19681713958039856,0.3737063108781088,0.0037236939043248873,0.4574371287891308,0.6580645417435133,0.7304722284282192,0.7905768564956844,0.5272474654156478,0.5111374259466264,0.0015451528384050881,0.19140714693791813,0.009549656256628423,0.4490784688930766,0.6914844246853236,0.0038086002447745783,0.7432422930520479,0.5075160952979144,0.4952924100537861,0.005716374516426607,0.19001341603791766,0.04194781663274489,0.45549533688252064,0.6517260290900901,0.027178945840640404,1.1475519308092448
development,c2,0,59,191,0.1654601499505787,1,5.713006687684219,0.3786607546257834,0.4121981805002267,0.12675110901564768,0.20877194183535117,0.006461385289702866,0.44192089774884236,0.55096250774525,0.5597214598820796,0.7016720643891876,0.4013214803682253,0.43676423356908867,0.0362187069116465,0.2629502933402215,0.003776917084724592,0.5074169753404424,0.7223230417866376,0.0732216604585842,0.8495651751376769,0.47482052979467604,0.5310605403826035,0.025265692800901313,0.16518590588272286,0.012779680185029969,0.3735363397928537,0.5578643041803104,0.10782831004333515,1.1090146132742582
development,c2,0,60,153,0.09623540790535326,1,5.517411106366321,0.4155426862504966,0.4996633895585339,0.15906273667021334,0.3337953513363891,0.025675531965051096,0.5212360694217053,0.6828171345801652,0.5326998752125687,0.8289761402869833,0.4943795396956158,0.6219020010317947,0.0015673689294739735,0.2179025791779858,0.001118500422083408,0.5475347688066969,0.7747294712732709,0.00164020143226198,1.127666739368452,0.46279709210446934,0.3923614969656745,0.0010328924740419245,0.12684911136461535,0.0011933458618037414,0.44753256361977234,0.5722221164587034,0.005744602849554884,1.033904092738877
development,c2,0,61,198,0.21515976226653066,1,5.925704738723581,0.36185985867450543,0.4564449092320351,0.1430697397372819,0.3087380644437724,0.04575617525957896,0.42524762918231784,0.6856365309542223,0.6457522470735911,0.7694296558882863,0.4541162643317136,0.6382031652058463,0.0008833001478227302,0.19460801388928015,0.02237621980869342,0.4935026847199125,0.6169890981524858,0.005279825570372252,0.8327262516418208,0.5104546190717463,0.5890177706191333,0.02494832770816485,0.14297554287001263,0.000301145400469037,0.43443265523254515,0.6432399204079355,0.04684332763669282,0.9519898126200698
development,c2,0,62,170,0.20830707569321635,1,5.834216757504153,0.41702974997976616,0.40431604904710944,0.1850253170544289,0.29059773291558033,0.012382567928932954,0.4903373873139113,0.663629799257231,0.7233787203234928,0.8205659842529904,0.47761943769165516,0.45291096555684995,0.009705502367861829,0.20089105171093977,0.0038971738229997915,0.4727180732962957,0.7305652216691189,0.05397726966466451,0.7011093341398035,0.5233319264684799,0.463799353641436,0.02535828209873797,0.17036046177130748,0.0018033768109043836,0.4032202971469891,0.619458175517783,0.12767804790428977,0.9793074019862457
development,c2,0,63,203,0.2009508612805383,1,5.547021025491792,0.41499915568256995,0.4378613131198187,0.14208588414091464,0.2914794804629613,0.0681075135655887,0.5277874841188157,0.7051583525828037,0.42804852063122056,0.9929481124262974,0.4795164555028784,0.4181340448949015,0.02185984490952953,0.24892678494296128,0.007361122673760734,0.5458112365758079,0.685815755043639,0.06892376142798273,1.0861420068785816,0.4876686634610632,0.4430548022846127,0.005185062230777774,0.08009089322885739,0.0010285446965019563,0.47009853783243805,0.645505900642892,0.020347738791812422,0.9143720802761767
development,c2,0,64,176,0.16734174889122833,1,5.7438866515344635,0.4383399584607,0.39876817694871397,0.15777251385152147,0.23318804030769685,0.01082702389908202,0.47525057530318376,0.6268111693122117,0.6911036393608543,0.8303126777224408,0.4832606707563951,0.49742516263814796,0.0010953970641791582,0.09638947680197452,0.00034739454073901677,0.49788752597264885,0.6822409168004443,0.0021958695246226713,0.8351928134363302,0.4261518576206372,0.4525358045951451,0.0017481947054345207,0.21289425724753921,0.000936913990212152,0.3959720139639483,0.5744477669095982,0.00667175705868603,0.9106887650986467
development,c2,0,65,215,0.2533377710067053,1,5.150956443246262,0.36626632482430554,0.3303181826132536,0.16360888928981776,0.3343637647254432,0.0007226326846880551,0.5118648960324405,0.7122131859639125,0.4292666882043525,0.7960436127171624,0.4866202666422402,0.48869970945618124,0.0011027612145174093,0.08890030136396203,0.000649808600209668,0.6551836748642821,0.7772668146568434,0.003077959633837444,1.2537259396160068,0.48783304123846444,0.5835043763386673,0.031919736011424685,0.23194417359402258,0.02728043844222834,0.4385119597828862,0.5387642285501787,0.17902871170606835,0.85462552523154
development,c2,0,66,187,0.1659530626417242,1,5.649099810750719,0.36863703201790154,0.4579417687267244,0.15116301365354198,0.2786355623744542,0.011496253762586969,0.4700261024959406,0.6401509728692389,0.5029664138264061,0.7583900009876382,0.4692425355436449,0.5479721685055949,0.030135705542342506,0.1734018436547525,0.0,0.4746871222946529,0.6470109108747476,0.09040711662702754,0.7628054171545939,0.5047716284161282,0.45311656499095065,0.0044119824796279615,0.10774706793786942,0.015012250106749133,0.49493865700929546,0.7345530653597644,0.01497184463245742,0.9461661195314376
development,c2,0,67,194,0.19582583738951215,1,5.983641177433364,0.4273371961056238,0.501899446929373,0.14083401999799441,0.22904802945234293,0.0062761129394715825,0.4389386493576857,0.6399426775418715,0.7741160747674364,0.7514128027663042,0.5247964407843733,0.5303675185455865,0.0,0.1438513100607913,0.0008904854026163473,0.4532585080808468,0.617894631646792,0.0,0.74728403245164,0.49992253167934253,0.4514743337415926,0.007405768026712971,0.09396674187102677,0.012614704392490602,0.3893421432004302,0.5637255970185355,0.039289212873347946,1.011599734818224
development,c2,0,68,144,0.17358475962279785,1,5.820918252858255,0.39456155323970044,0.31083524537246476,0.21172508531701292,0.3536107721404501,0.01754849648137919,0.5142113852988196,0.7003635699711558,0.768943361080579,0.9508505159400001,0.4758159010011138,0.5123396047278801,0.00340367960405833,0.20773410314790655,0.000547551924425781,0.5003260709367471,0.7790149417428618,0.012921038102304628,0.7558469705684743,0.49649365553186525,0.4902992806453522,0.006517090225167161,0.09392096091219829,0.0098253179760044,0.391395780797142,0.5799371750203806,0.036123540172668146,1.1103539695636113
development,c2,0,69,213,0.18514620922345815,1,5.698513367440175,0.38170550000452974,0.4513125217121655,0.11435631506422017,0.31740482102139544,0.000644521258836355,0.46835091522462025,0.6982595472810141,0.4911661915802762,0.752520679421381,0.4127478030529551,0.5838715917325107,0.0014440137012524839,0.10849310277219475,0.006989942235613478,0.5028447344916162,0.7395808316559537,0.004183578767884795,0.9276365171345018,0.5074915678056311,0.5045571986843126,0.0034081728620091395,0.17347865347996547,0.0014330212925979158,0.47056005710718063,0.6996305404772626,0.01838742136898005,0.9256085434181069
development,c2,0,70,168,0.19236439618993353,1,5.719116078855092,0.39106934114947706,0.37855619309037575,0.11421602856440481,0.28021400585733924,0.024201895182620548,0.48097031635102483,0.6214978384653039,0.5524244253537799,0.9499028112479644,0.41479055054887154,0.5593326410938224,0.00246156034501348,0.14802552630310456,0.001216086332999508,0.5036068392268397,0.683342484715848,0.00738468103504044,0.7524580087941594,0.4775606444104282,0.5392976451604035,0.029008568386346658,0.1666166026662426,0.0005032969336068675,0.4179152519590214,0.5712776778780839,0.13685975986385301,1.1483996399567316
development,c2,0,71,226,0.25260834681360084,1,5.84737171627161,0.4139858678855552,0.41068198225234814,0.13645404304165257,0.30203048817471195,0.020536780160874048,0.42432163588944016,0.6321057286606067,0.7049061701222176,0.702652188368537,0.46055473783808165,0.5770136087262066,0.009761772697955591,0.19692000804251236,0.0019617324934684778,0.5262328170964872,0.6686133250259942,0.028971035662854947,0.8598775720294134,0.5093394911492344,0.4304791773596791,0.008924577005572509,0.16215686969095874,0.016823463423521465,0.32930963692087195,0.5214460283795085,0.05333858757242935,0.974532241672071
development,c2,0,72,153,0.19373836826638124,1,5.68818967447578,0.37289471409440306,0.39376199539128065,0.21538786303677587,0.3752314959836631,0.08748063924089976,0.5164013007662315,0.6661790326166624,0.736213354002769,0.9474654241166961,0.538803050946591,0.43802832688215,1.346642406501109e-06,0.1277978563973872,0.002439449687339414,0.48225417026235695,0.6342715967035041,8.079854439006654e-06,0.7719718805247473,0.60012445279338,0.5545195041998279,0.0025977513631069713,0.11752620573305896,0.009629646232677177,0.43707621969656246,0.6185916847371088,0.009316265642974272,1.1622430010385287
development,c2,0,73,210,0.28257503404335843,1,5.83025263306805,0.44843423523786785,0.5188273579540296,0.13485636544230428,0.3161077884509392,0.009052328349209212,0.4261912828219238,0.6302865768042704,0.6499514925513954,0.7867692743093521,0.47219411640802367,0.5492492789193849,0.009264408072628651,0.1406305071711826,0.00018865925358682177,0.5104102372500947,0.6933256344760713,0.027821209284226437,0.9108452971281022,0.4417549278862365,0.6179170433546879,0.009530945281296846,0.22635478911632034,0.032296022619863474,0.39769980479395345,0.6575198526597448,0.04373174447409637,1.1000440062111256
development,c2,0,74,176,0.16902723189277585,1,5.7848826084781,0.45965686933060557,0.3743171185744325,0.15446111562226417,0.26387111878369873,0.006788799108690606,0.4843109590549535,0.7125243021852816,0.638778509900681,0.9147435870125346,0.5095215670318662,0.47198301637876067,0.0007509008839639814,0.19138953471394315,0.0021917030356695564,0.4873145727435242,0.7173462948492176,0.002337022484612342,0.8299754051719292,0.5480720782397775,0.43984168584988736,0.005479612552942081,0.22022434285356068,0.02296167370129827,0.4078651809761734,0.6037338664008809,0.02653799143758471,1.0523582703789165
development,c2,0,75,197,0.17623033436603652,1,5.856496450142053,0.49041504339588626,0.45625985916698214,0.13967028353509978,0.30114166306869816,1.0620327268751246e-07,0.4675373237637163,0.7130015533466649,0.547147977254642,0.8151738856021878,0.49236269239111735,0.4663798303743282,0.009487163611692157,0.2274541602050563,0.0017060114504440158,0.4526046946427337,0.6607369345961753,0.027494419210674668,0.7336207028044126,0.48300280839747134,0.4773374273557822,0.003885702485623452,0.174146852464671,0.016933374465272405,0.3747350842266369,0.6007482404778437,0.012653377542347266,0.9153210607560892
development,c2,0,76,179,0.23197999760574622,1,5.9593439774349735,0.43066723504847665,0.47915181408637014,0.14053511670269203,0.364651097395243,0.008618112731306957,0.44989698591937716,0.6464575518312177,0.6379610570873423,0.7773388215910889,0.5198539315017866,0.4132022820766539,0.0020497631742082607,0.21971527083080783,0.0005685705610259849,0.44066726419981933,0.7114771379368214,0.009927668504578692,0.7077926611981773,0.5127938218833864,0.3989552906292735,0.010812660999103982,0.14438154843541584,0.00023578382985258204,0.33692569349994844,0.4245796187717087,0.051800968295762605,1.0086674689370152
development,c2,0,77,221,0.2847261990727994,1,5.677252373313392,0.4221998626770651,0.4049910379278274,0.12215737067235055,0.31600094613802754,0.006691009191157087,0.4627336554355901,0.6430087388264437,0.5858858663261687,0.7637151812311167,0.44420473922743436,0.41358925411394243,0.0029679526159956814,0.15080868219824642,0.01596803921041777,0.5158086799207399,0.7563868426416432,0.006034209031534255,0.8274442237132053,0.47840804853483687,0.48624613589568677,0.0024388099057022113,0.1481205910400945,0.018058166679059684,0.33170194836235145,0.5854909362302132,0.011004020000625449,0.8761255344929588
development,c2,0,78,192,0.29373313955390246,1,5.894236641809535,0.410732315096981,0.38761598761723814,0.12045603147940509,0.2745954499309994,0.011416780431565072,0.44622327463575595,0.6292406850368771,0.6194260342563627,0.7504182054108754,0.41830025884701355,0.5973741442798858,0.0,0.10211566813822708,0.0003369070662510797,0.5158282717857241,0.7381197244315383,0.0,0.9251629817907085,0.37873207220032057,0.5064583549964369,0.008164790490020885,0.16760620029600273,0.06582690180009985,0.3948084049197538,0.546516788531037,0.046741404938866526,0.9114823854053945
development,c2,0,79,196,0.22245626441762115,1,5.924345292899436,0.3574946315147163,0.4426343953506029,0.2008018346955553,0.36410807184865557,2.385724748768084e-06,0.5003988899744959,0.7719997297055234,0.8107895878441547,0.9098500550896843,0.42100996414581837,0.5895016991138905,0.0027876675644179444,0.26037102177794796,0.0020366567905371782,0.5160276238533209,0.749887042747806,0.005583012756804123,0.8550328128843542,0.44745883722730584,0.49782691565756804,0.01934044265777094,0.14854420175096683,0.001524514429211574,0.34699216917516684,0.6506355920246417,0.0727267653435027,0.9713025684782516
development,c2,0,80,201,0.34459757903418864,1,5.7557561927260075,0.42862510340534904,0.474245245167762,0.10603802450476611,0.2905000025558124,0.0008523334461297198,0.45401770161083765,0.6553474333911613,0.5152154240670641,0.7581585319737104,0.45875865926561193,0.5261069037826673,0.0031573080055195156,0.09943488048127609,0.0,0.511233006199252,0.6947621520174656,0.010904123708991626,0.9023053596992189,0.47034400693223233,0.4422353662845001,0.0004709708226966407,0.09298105025511516,0.010258795952667045,0.4243403779827404,0.6114186455650381,0.0018570121678635045,1.120638476947099
development,c2,0,81,188,0.42612317524979915,1,5.919585874274604,0.37494858840640544,0.5176196826338689,0.14201372341476443,0.2956115333746543,0.0191670137218161,0.4664691353584404,0.7153239803691248,0.7306323509821778,0.8712283050206372,0.5219463100590856,0.5650232259926596,4.980983509835434e-08,0.1758534353477129,0.0034174601312563914,0.4669155147567574,0.7213990471508422,1.4942950529506304e-07,0.8432002629806689,0.44705646171512137,0.4633422223269198,0.011281895565341083,0.177157319124778,0.0014850223889708355,0.4013643989519843,0.6390422299037982,0.06490202814520561,0.9824446101053624
development,c2,0,82,162,0.24029365280236328,1,5.891073316670432,0.3231602538813008,0.34377459498072876,0.2717688621153926,0.3600054641504621,0.0019585142377028103,0.47725368177003097,0.6928350063194721,0.8417099887732323,0.996623164967757,0.44706031410837266,0.6046564992778257,0.0018514376359531645,0.10438776761732867,0.00018916063942064034,0.5142461037865848,0.6937739572301426,0.0027772828961647243,0.9675669125122726,0.45316407200115555,0.5307481491269099,0.00032500441905557203,0.282691535511279,0.012524922718824104,0.37210898315534224,0.5142364370369288,0.0018852981512351447,1.0131250335837565
development,c2,0,83,199,0.24106357570839443,1,5.295598491297477,0.3617313239005809,0.4204316949648366,0.1561512910725023,0.32826757367916287,0.020958774580260204,0.4818589151288787,0.5828085361430834,0.5522498724873786,0.7191796055038695,0.3766854884422017,0.3899983687777709,0.0044905702411656276,0.18368347709307836,0.005739109086560063,0.5508177113918027,0.7449336311692111,0.013471710723496885,1.0055572205634125,0.45133497910214077,0.5003093549601972,0.0034250020861017303,0.23236709911075143,0.0023219204394218313,0.47341010734195715,0.554518899280895,0.012543461897354233,1.0062773374145073
development,c2,0,84,163,0.23906516641673245,1,5.35960793838478,0.34591576018376313,0.2570573093736046,0.26924104219464917,0.4204622242743139,0.059176336215926814,0.5389562154458074,0.6810043822095379,0.6516783484687418,1.3744728137762197,0.5464936731944943,0.5421175682795808,0.0,0.1290730361876277,0.016826132808235056,0.5391015895374452,0.672970060159703,0.0,0.9508067858610588,0.4438142486104838,0.4916570281901299,0.0076592221877512506,0.10274376363474204,0.004071796724686258,0.41744187285208634,0.5354912960124819,0.04278315004911559,1.2973932973218951
development,c2,0,85,169,0.14571723197749734,1,5.488400311971766,0.5321717868586794,0.3071412842789679,0.10367930061567038,0.26073148732462736,0.014172073284777905,0.47809410990887735,0.618422140246015,0.5039184014258524,0.7737355163604965,0.594405222370699,0.5155534590567403,0.00734492438982283,0.15647331374573895,0.03150493037603807,0.49452081605167014,0.6781439009201014,0.04050177551743914,0.8996577382035233,0.5838700811190696,0.5490747487353286,0.010315330595002491,0.15847425377606858,0.002062437956546085,0.4562854268389468,0.6098912353643979,0.05831539372083684,1.0679452539759309
development,c2,0,86,164,0.15924168663338814,1,5.716528387874992,0.4387735920447402,0.4114245685543154,0.19128161022791404,0.3543029382566374,0.0,0.48397314039262856,0.6975136527833813,0.7736919281573106,0.848440351865433,0.4715557275346246,0.4955532497273703,0.0004982892917808024,0.12188995449294318,0.0005477214397515834,0.45189154441063295,0.6566482061780227,0.0014948678753424075,0.7390399982896815,0.5384176693230279,0.5113579211264416,0.006700039168626098,0.06213698920210429,8.276234342831692e-05,0.42853260111440417,0.5807527349714008,0.03406105674872672,1.0377523684076009
development,c2,0,87,209,0.1669908905342506,1,5.787625896036561,0.435241704602731,0.3426517347372812,0.14956428334359848,0.24917135761955883,0.0009042961228688499,0.4533621357623635,0.741839739487176,0.6226250683840093,0.8414647941314886,0.4102475866451997,0.416454076169322,0.0017145727388001065,0.2399872430782671,0.02240742861025903,0.4710049779819154,0.6980606350127797,0.003584446902057042,0.9582087257556297,0.4106976498106582,0.5280278569308218,0.008975038365706458,0.1886865635451177,0.002568877836352664,0.3946155532151002,0.561429927652233,0.052755376850725136,1.0569698363191302
development,c2,0,88,180,0.18078344147873313,1,5.747612634569927,0.4091057932322984,0.3567949511964336,0.16732520143105176,0.25597987112887194,0.013448728333528748,0.4333527454903106,0.5901762915281618,0.6931389405051079,0.7387826433885908,0.4805497325681629,0.6028602970272348,0.0007554464792271237,0.14282004210377383,0.0,0.4360855585725256,0.6637594215079778,0.001528170892330728,0.7394796701120571,0.4421512053639653,0.4435243403491008,0.0069771121278047014,0.10638368851223634,0.00148210893330456,0.41125058901625733,0.4879961542640167,0.037939266989763736,0.9502486000343697
development,c2,0,89,198,0.2379466819916093,1,5.803731941607355,0.34049317214061825,0.44289861835528826,0.11797265001292137,0.267568815041103,0.0210164148710979,0.4512950917795688,0.6405778708111548,0.45091277659777784,0.7494104312489803,0.4303428494489483,0.43865336009696365,0.03924454601569609,0.1798851706286968,0.0007020385457059658,0.5422055507145889,0.7671128519710553,0.04807406606583285,1.1004147618004816,0.4114419540707549,0.5861118905821242,0.04417141666600392,0.15977555039884508,0.0003897734565506382,0.3841577679962783,0.5715112149324708,0.12872902817109416,1.0322465221127317
development,c2,0,90,136,0.1741231212067771,1,5.4901191863131755,0.3821482913640858,0.4864205838875971,0.17546768214634284,0.3182096286006188,0.00013133288846679691,0.5070627249031557,0.7371776678012602,0.7368066429058115,0.9975299921815289,0.589498038989486,0.6714605748330047,0.0066637883448455604,0.1640810660850199,0.0,0.5181753184683772,0.6558035701512899,0.03299325113896316,0.8404545005094064,0.4364726967373774,0.5046827277057225,0.0015855903765171324,0.1341534586123127,0.016886298419698464,0.4460600357730034,0.5938315045323397,0.007341841824229327,1.3176993777650101
development,c2,0,91,184,0.19171495740907507,1,5.667499463934388,0.40258614804660414,0.3582514872411444,0.13535615048053007,0.35521749171923106,0.009398962152679324,0.45388580595128547,0.7146613919940613,0.5851472639233682,0.8747578138500534,0.4310357192453539,0.49964807600311645,0.004644453591622464,0.11739300731408799,0.0006945922617323174,0.45647549533951964,0.5964754641899268,0.013933360774867393,0.8426183435597209,0.4465612620829759,0.4650610930261962,0.01983989738617547,0.19521964268158049,0.008420576423459098,0.4003997271414207,0.6448071580724313,0.05375485385586018,1.0999719826730907
development,c2,0,92,168,0.15601439359637365,1,5.787738439468128,0.4450277838478058,0.40310163663493986,0.13007692511847954,0.2684088568004286,0.0050619503180212464,0.4612917030726735,0.6089290445434175,0.6129443953030583,0.8266002636585524,0.45443891341259646,0.5031433819511956,0.0010070644060074017,0.16167604019512177,0.00437816411558822,0.5103069083527201,0.6106539182378139,0.005806798854758198,0.8872878899853125,0.45108429505766134,0.5090680889017296,0.021604228112561116,0.14730985137192185,0.008367506731465245,0.4116224726686026,0.6199312115838188,0.06990920625515416,0.9250107983307831
development,c2,0,93,193,0.191061448359707,1,5.6506483001518575,0.43814606312850346,0.4058939475695957,0.14924021184682765,0.2717984681453918,0.0,0.45898371347075034,0.6539429782287584,0.5537956627132818,0.7401280363409712,0.49787507617296173,0.5281745748945922,0.0010797855442670414,0.20360010214677157,0.005139391763225826,0.47007283402817585,0.6154733875720041,0.0016289665433969049,0.7911397501295929,0.46958829508736244,0.47564072671455915,0.04227413850537734,0.24128581015136036,0.02029540743082713,0.43166487129188613,0.6477292741659039,0.09604339075986408,1.0483338849130974
development,c2,0,94,159,0.18007875588861413,1,5.755317092964736,0.4459525214714907,0.41530665910943393,0.12279183962337523,0.3103385322215659,0.02164190908619971,0.4703702925083732,0.6427719660442367,0.4615751488621753,0.8606473533678582,0.6081740434170775,0.5129210745803138,0.011268647775351295,0.2188150649092248,0.0,0.451550080489151,0.6098605030722445,0.02977350555078432,0.715539803663219,0.5317569478208247,0.5373371033675579,0.004594080422168424,0.16115482371353437,0.0012421006275898608,0.44627473660839734,0.6717631366638673,0.01505621943681725,0.9951719526187462
development,c2,0,95,203,0.3122139293567241,1,5.833100424551253,0.3940072942190409,0.40501418297599306,0.1824151790527384,0.3194456335211525,0.01779160068896561,0.40317203186479456,0.6923048969557843,0.772229573245593,0.6648020916295855,0.48186013414723045,0.5560359490597778,0.0023910349746518768,0.14516163948052185,0.01019836482252416,0.4557102064961111,0.6827578263253622,0.010049193745833527,0.6844434017096324,0.4284696437685129,0.43399442125009147,0.005283340943086786,0.1498376700931577,0.016818482432133505,0.40447908110870845,0.5292279623149015,0.03117316518638848,0.9370557980533992
development,c2,0,96,185,0.2563323410121755,1,5.959029192520248,0.3619486043038861,0.4849450122303366,0.15237916808151275,0.47656009939953614,0.006826986128291804,0.4842509740099504,0.6769830785409287,0.6968020418541753,0.9935982084021584,0.3979445817087318,0.46466962058962163,0.01331478236531921,0.12607607943704013,0.00046467988045412423,0.45822242654900325,0.6986859302429,0.039676136408604665,0.7640478332504927,0.49590034871416827,0.5235821705025184,0.01630353820778461,0.12259119897575993,0.014344624738912664,0.39709855111651626,0.6692641628556582,0.05876894691413903,0.9395331333719612
development,c2,0,97,192,0.13979296307733272,1,5.653759814330492,0.379751402746359,0.43512755155671134,0.1272247803175666,0.2564700391821501,3.2974305072359085e-05,0.4853859779661828,0.7153244951391854,0.5629011891206596,0.954791645378457,0.4358292326643762,0.473699632176221,0.0016861915242274454,0.13147588476530073,0.0056156935468295215,0.4916553895226419,0.7244579605034829,0.010117149145364672,0.852798194910461,0.4274735131800969,0.43205275408204125,0.0015542432144876684,0.18927034290951097,0.011487143077615029,0.4371459287062143,0.6587261733195807,0.00569223602634688,1.1854076867161896
development,c2,0,98,173,0.1788535610966378,1,5.548736997596962,0.32682455540592154,0.4124889811172116,0.17136001873710774,0.3284157693707504,0.001758428053917743,0.4817966843610214,0.6307684745170428,0.6515450152353693,0.9758264222830421,0.41832383588842714,0.48013281217910364,0.0034584323209218303,0.16471205799424163,0.001709871631530494,0.47771375937226496,0.6141113779085443,0.005824949009153058,0.9192910206983737,0.472975878439423,0.45549109998815385,0.0012918967576223126,0.1237757367491007,0.0015941860064333552,0.42739333264985985,0.6104124792721127,0.007501222230645646,1.1026444333677956
development,c2,0,99,211,0.17539965964530504,1,5.883228574287939,0.37720093098303376,0.42354470588417736,0.1767162569556214,0.32464662116082443,0.006693579409822968,0.443126830759113,0.7192187208116612,0.7106961718706667,0.6747432547257768,0.5543526902408098,0.40500474400446157,0.011471378483807209,0.13236982684097753,0.005338305508264247,0.4909355724918326,0.6345939495278938,0.02331045742087587,0.8794827363302834,0.5089389090573909,0.5431693295671444,0.0028896841619828538,0.12819210957622892,0.002079760723493485,0.3549730736845243,0.6379244263486079,0.016385344137846335,0.8640963229524607
development,c4,1,0,213,0.1805567491242054,1,5.943864111932933,0.5041548813350355,0.47254278855765425,0.1256204659312999,0.2891487590418368,0.007371756719022642,0.39157959588707025,0.6297046217046928,0.6027522257752682,0.6313518197621766,0.5453022151080306,0.42314984331399125,0.16105369727715643,0.3628336281722296,0.007200391381245484,0.4946163323884097,0.643242219986861,0.2490220584636754,0.7760880397748229,0.48160356819304234,0.6497348031735817,0.012878767670094651,0.09583702910299995,0.002825579520074345,0.3878562748782369,0.7692365903702084,0.039635035060472876,0.8638461465962847
development,c4,1,1,192,0.1587334338834044,1,5.914155195467622,0.4332195385448018,0.47683236115067806,0.12998677352310517,0.2576321264475532,0.000712786331504414,0.43425662061481085,0.6174012729126144,0.5218877428864853,0.809104304674802,0.5045625776673611,0.5157986504501567,0.001974473725044441,0.302176288119466,0.08585574311206706,0.4929015684314411,0.7288118741014373,0.006016052400683664,0.8078334635054633,0.46164126921320026,0.523076415347101,0.002795588944908978,0.1895545651785028,0.0008885871095187571,0.3843602030922285,0.5921761867326192,0.015199502389938876,0.9524832997704815
development,c4,1,2,194,0.21397271411405433,1,5.899591975906542,0.4479968613191582,0.3604800006640489,0.13947245466870728,0.35929727487079327,0.018771241355765987,0.47236333414062787,0.6912841408634635,0.6557694504190473,0.7882661742478178,0.4524705364877165,0.45425013181375506,0.022913535554228204,0.19630317940813286,0.001846030964189522,0.44631153394057965,0.6368033925295187,0.07698051580107869,0.7594056146575539,0.4987547290875007,0.509302008618086,0.008942380339678794,0.11305064026954555,0.008317052929350347,0.4195752034898766,0.5662357362011554,0.037844310618481175,0.9882846670627202
development,c4,1,3,169,0.14421531622123035,1,5.70588578011424,0.3722329480246895,0.4659646674379353,0.14673814948467728,0.26846447215717884,0.0006122364883328735,0.4853577474828835,0.6701347573581744,0.6599139491356911,0.9304840653034671,0.5393066191988619,0.48107741165229306,0.0008941741563077443,0.20913530854544307,0.007966797448492496,0.4977015218849636,0.6551214379055109,0.0048093865357577295,0.9349397053848508,0.43306167235347,0.4620681275289184,0.005216889305795314,0.1442779729600552,0.0185819569977956,0.40912862545438583,0.5258498545170527,0.020575322098104545,0.9744661024156577
development,c4,1,4,208,0.19109663015303904,1,5.821215547419774,0.437181212865803,0.5204693535743954,0.1128973414763953,0.3059084759953792,0.06019178483954479,0.4296983378421208,0.7205528317830223,0.44463146073846505,0.8421385497442441,0.44493945976564075,0.47963761930215676,0.0034874839693441392,0.16738402487550916,0.0029091346803365894,0.49347285321766693,0.7542637640799197,0.013362617682881446,0.8159137935407035,0.5496457612485699,0.5941248505616258,0.003929537037657318,0.11056200483477363,0.016407183770963108,0.4299523581072173,0.6889165866413908,0.011926056831330984,1.1049156539338523
development,c4,1,5,185,0.2503266709880525,1,5.4319438571758365,0.39618360711542,0.3596255552586314,0.16569122352443053,0.49154665915266005,0.02141146165948528,0.5197593785246856,0.7031857078246463,0.6226832041387118,0.819314320077384,0.5859126452623362,0.43834274242547466,0.0012387550729888283,0.12237824316858684,0.015232061750333073,0.5455596555257903,0.6647753764238162,0.003918742101469609,1.072932360459969,0.4362683703536287,0.48950598216289043,0.002083117673253671,0.13094366424509313,0.00957908419317477,0.3897571825045827,0.583022761670462,0.009484817281247808,0.9394886090584479
development,c4,1,6,192,0.1376678061679479,1,5.6762360148239175,0.45339193889559876,0.48171666137727526,0.09666738440256284,0.23037119207494716,0.009165169514092304,0.49383863479996576,0.6117851605623039,0.4938316791994676,0.9083097437306705,0.4579306483545169,0.4875722433817535,0.007682773450894352,0.16258065696417143,0.02628879607058842,0.48936488551750223,0.6908909937538694,0.04385744250607595,0.9242974836632464,0.4814440553791086,0.4477341634108569,0.005705895160658781,0.15763019904397496,0.007976874817327005,0.3931245844448846,0.5469828224266228,0.028551490682591753,1.0339913670860712
development,c4,1,7,167,0.1862189883574496,1,5.682924803787007,0.425587475403908,0.4180707268687352,0.15377672301079523,0.3023515270083724,0.01883174650934549,0.5135524137769499,0.7019425422523154,0.5890277324237814,1.0370660147569728,0.4613874516869384,0.5557117688866455,0.011512032727685731,0.16011608041167225,0.04837072543067718,0.48244998335283995,0.6863573527942167,0.03855917956396918,0.766565183966929,0.4422760790863444,0.5276911483743929,0.0019315084882230262,0.1680371499756711,0.007522072233393271,0.4124308079883135,0.6028802052990988,0.00797182070280465,1.1660930200381423
development,c4,1,8,225,0.18621810803581887,1,5.683797741290185,0.39275848932535523,0.24893757064803224,0.13037209811804062,0.28012406440011195,0.007192356285219949,0.491779276207543,0.6936963530112042,0.5127107818360027,0.8406778479407137,0.39444722577198843,0.40826927844048094,0.002907735290254562,0.11006202633676516,0.026733022690273705,0.5548300886043673,0.7197530456123657,0.01211704068121672,1.0048302652690417,0.47642904901612243,0.5438480041558558,0.04067607784105044,0.2178508617183976,0.023843950539631318,0.42120446653414445,0.5559773540425865,0.0552657629501229,1.1181826497424703
development,c4,1,9,181,0.16147077616576055,1,5.572222991044272,0.4276581995660194,0.38125637578717386,0.21436521469317432,0.351318411316827,0.013934578097579782,0.4896565450328177,0.6401242794716209,0.7242498959115746,0.817890326732353,0.5544532290776829,0.4822808439406284,0.0032241375519123567,0.10110964608569728,0.0003939942965908633,0.5306864297151209,0.6452638975377526,0.008412548213389806,0.9479146111414871,0.48467583520127294,0.5846397621543105,0.01271447289609898,0.23885554914086585,0.007228464201400315,0.4690739018955974,0.6736337120821252,0.037311258791387296,1.2295040418268768
development,c4,1,10,219,0.22670447094879212,1,5.835439445888856,0.39453994497917994,0.435596716738964,0.15791902368096233,0.29197286181488663,0.04153341954136652,0.4258292747515644,0.6553909875749468,0.6610785698106068,0.7439210377907896,0.5557044699583239,0.5408443438194238,0.00085461359102071,0.21867542183674749,0.0029865274789072803,0.48383069509149135,0.725868394805786,0.003838488347356268,0.8797297435878906,0.5158283177653806,0.4610441897618299,0.0011905641088534563,0.1877934524910516,0.028304468389215083,0.3770523179426181,0.6031425758566175,0.00613412485150536,0.9644007716863686
development,c4,1,11,184,0.22496441085689486,1,5.603346719007079,0.42838592032283296,0.5561117104882405,0.1256351370291144,0.19753228026280426,0.012305658562714714,0.4979836160374105,0.6751327479246637,0.5606968739268571,0.8503436743126193,0.4760130934321058,0.5784327162051477,0.005632186278768496,0.21121068694016448,0.03143931145648499,0.4347727396178949,0.6949190484667318,0.013312615897116237,0.7362271263698126,0.47475853926274125,0.5627206633887821,0.0005641280284375547,0.11585698108632528,0.001059129122802045,0.4490170646574653,0.6205870690564811,0.002502410089363657,1.009171984388472
development,c4,1,12,200,0.15716334580044436,1,5.633826341280886,0.4173246832342001,0.38176938514053466,0.1366058537056229,0.27724996351828124,0.010876501346583004,0.5158786589907907,0.6941515536163505,0.6479244898806432,0.8713154487705792,0.4620305952325028,0.48677025673355795,0.013959030043897062,0.23813319717686193,0.0024420401252484825,0.506577221114513,0.6664384783580491,0.026373694517494252,0.8967069600110386,0.45648165867526247,0.5969476201466201,0.02142295869028889,0.1617362495445518,0.00038580162453865225,0.4347081769469153,0.613240640105359,0.09830441220030862,0.9100010910263144
development,c4,1,13,198,0.2463772582115754,1,5.814195542160685,0.325804097397564,0.4491155044650547,0.10999817211957075,0.2545478769169226,0.03996860579377177,0.45542553220883775,0.5394120825928133,0.5992286626272638,0.7465288473111287,0.5043033844238903,0.4283620012680474,0.005233587992050446,0.16056197941679043,0.02161024388633703,0.47958767265368796,0.6338577939582457,0.01489380945215432,0.7276807668755039,0.4293674765233175,0.499589372557978,0.002644304082459392,0.19816162482205374,0.008933278720320159,0.35141483347581615,0.4640366893177413,0.01586582449475635,0.9666948190052062
development,c4,1,14,194,0.18201711627859068,1,5.683073135293253,0.42049508558515736,0.3259611733542966,0.1456815370062811,0.2770325737631241,0.005008627700160349,0.4412938615090695,0.6625852435768755,0.5950165832443671,0.8400133586138875,0.5088812534207477,0.5394906588657564,0.00881445860152639,0.18835832720810292,0.0012788832058747924,0.4801452162653255,0.6193448504884111,0.020136486275553592,0.7627903061946182,0.5529706324603894,0.433913870038132,0.003977632607985017,0.17720021536044483,0.0061781083152660145,0.38503072549286743,0.6148936840758796,0.019475833989534626,1.0368741014743617
development,c4,1,15,179,0.1589199028546924,1,5.397439691045478,0.32339666401094413,0.3582739260194071,0.17247933264436427,0.33508734858133726,0.013729605038841308,0.4917137642732003,0.5666950984668575,0.7397165514609828,0.7887303699161217,0.4071293009743902,0.5355833387655947,0.004738739182781768,0.22457724733186976,0.024891455853778083,0.5061523155335148,0.6185161996934223,0.014649851973481438,0.747226021676125,0.4337263709173137,0.49568871393684033,0.0007302622520994228,0.17239519025108926,0.004482190974481319,0.46986031044365995,0.61134922631063,0.003934647333468454,1.0123356281930218
development,c4,1,16,200,0.2134943116142917,1,5.743867775271419,0.39726115795954015,0.3388357788382902,0.16857515843605916,0.4386776767331444,0.08236768679762539,0.46112342197898926,0.7141440940306195,0.6715492388912655,0.7601736216614342,0.5115983778378456,0.4909530902289511,0.00744119045791679,0.14255753556997208,0.020340941375430625,0.48172169675984167,0.7268241186833043,0.031624526036790515,0.7922836514888877,0.4242977082273533,0.5175619245745812,0.006817801515107459,0.11971095679979088,0.023084215077138027,0.46590723638731546,0.7245359170400898,0.025188036592769924,1.1772114077886344
development,c4,1,17,163,0.15657342241743033,1,5.783460218317281,0.4136911802679426,0.36694182134133135,0.16250847937075819,0.3356772474494427,0.005903190270757519,0.4681907278334078,0.6700743365471137,0.7863015503138954,0.8276727216062099,0.5230854603482565,0.46490687726414687,0.005192494520134526,0.16707636882440358,0.015403795997066115,0.4402067580301883,0.7184820806554985,0.02790493416503884,0.6980636892467973,0.4426845626096324,0.5161740448148306,0.025935898965936,0.14982752356868265,0.007784921619624902,0.4063623349544384,0.6196267324807014,0.13042158397183934,0.985295016952621
development,c4,1,18,200,0.2103327129165767,1,5.657873204060747,0.36729748549360125,0.4513995943853724,0.12526655264454317,0.2628816258511576,0.005912632425697347,0.44225097741386443,0.6086978440473203,0.5895396678723313,0.7995227213855178,0.46800615916385013,0.5442103856084904,0.0038824131948592363,0.1757158375546999,0.014656772509057989,0.5738916992736289,0.7012819268816253,0.01462321350829028,0.9529685257046153,0.41866229697110996,0.5298760499936209,0.0006506532314524384,0.1660693823864642,0.03735525327528659,0.3682373436787375,0.46695497252970014,0.0039039193887146313,1.0319212444912924
development,c4,1,19,159,0.16107229738755063,1,5.8997726187146835,0.41619367322623807,0.45938883397017044,0.1492383357851537,0.26870077198862335,0.014729926254134695,0.5180796444097854,0.743605343799619,0.5671330321592829,0.880748544321998,0.5003681962082136,0.46131697494295254,0.003360273282640753,0.12826475714720945,0.006715680824683992,0.4699432978392981,0.6482848153772754,0.017071599587775984,0.8101979188176244,0.5183279905850219,0.5109795618100801,0.0032718221960790312,0.17233717613757768,0.042980376414182855,0.4002947886910941,0.6836598022611535,0.014593717464797349,1.0096702020186474
development,c4,1,20,195,0.16715637730017618,1,5.8200539368152295,0.3775000761786449,0.3739898301001378,0.12314647941336888,0.32197500862881967,0.033604812016638404,0.5149501363975686,0.696665948625616,0.5736636888484369,0.9278237062461072,0.4309964032240434,0.5727915755300311,0.009360135523222268,0.15547375843065442,0.00791459400952992,0.48443875229933303,0.6243735324728208,0.05590081844965626,0.8215814380558,0.47027407353038125,0.4609232398684831,0.004889006742784305,0.10450763955571721,0.0064848119234095615,0.3924235345702574,0.6060779305393993,0.028125594622992026,0.9482805765462756
development,c4,1,21,179,0.20234180493624426,1,5.958904661466373,0.40474539054732944,0.49068966655358043,0.14261017873723572,0.3268884609384918,0.07774572284853701,0.4137498256381328,0.6560458700679422,0.7649671669545713,0.7177590687724463,0.50172509304468,0.5473855156517751,0.0021825778468437433,0.18875530496199655,0.007864460335115491,0.40780264045756803,0.6694070387823545,0.006547733540531229,0.6425853793021629,0.45709555748149583,0.5999011240911676,0.020980650055338782,0.19840293851592927,0.0008656805894890298,0.3833814508814844,0.6541717954016836,0.06301782245151095,0.8426979065709164
development,c4,1,22,193,0.1513813130483147,1,5.738176850832871,0.481401942384932,0.4066919152166943,0.17150446585395912,0.3441899440279915,0.03347131952169813,0.4893678470282653,0.7378933186529718,0.6171210448767658,0.8647758468680694,0.47798097894631997,0.49181533261670796,0.0049616350586069126,0.21863615908588585,0.03589703803103722,0.4609326083359833,0.6704437125246517,0.021674685210730144,0.7160264688406647,0.5022601672798296,0.44664868421732185,0.03019112462712243,0.19992847578206152,0.010966868098742786,0.411903000751876,0.5909995580510027,0.08198046613734605,1.0483497238805057
development,c4,1,23,162,0.19092761200036848,1,5.245067775408709,0.4081550871710578,0.4014429673646318,0.2028382479013673,0.3758252422114535,0.019552336802047623,0.49543839961878305,0.6711455899820467,0.5970539095732244,0.9463882293878094,0.503484746276421,0.38555808231477556,0.000556720139923826,0.19870114956626805,0.0013726764851257644,0.5459364327280577,0.7009159640506804,0.0033403208395429563,1.0355764912582637,0.5558040815270309,0.5563966183860318,0.003409449152571195,0.15416395464337063,0.0012520043391169731,0.5023606644765829,0.5716410525331808,0.01946919451318329,1.114097574530736
development,c4,1,24,205,0.19468495612495768,1,5.458471805024402,0.41495122230831255,0.40559656498496083,0.1421911444177833,0.30675471645019786,0.00971159420791409,0.4801700424359515,0.6068506589746799,0.5928311508938464,0.813123108362486,0.5053074703989099,0.46682788003538106,0.00702531305112319,0.18453440893392686,0.006589333015672584,0.5165804972449269,0.6536947316438403,0.020068710147517328,0.9359898019036367,0.4401472652304266,0.511082534589443,0.0007022858056360305,0.176750792576704,0.004621756763051492,0.45756140326404454,0.6196817478587554,0.00363402928458723,1.0575989986955572
development,c4,1,25,179,0.14680038984221555,1,5.783497186672027,0.43638301630944953,0.37274702110896457,0.15486749832508667,0.2980683090127012,0.03713214040530139,0.4772270191316506,0.685509800361847,0.6076470027076969,0.8433156094171255,0.5437638227254097,0.593221902871187,0.016420091388943812,0.20092428703012288,0.02328391641108258,0.5331674822999058,0.7920531801872972,0.04109126134998588,1.0176733713955244,0.5039932370718294,0.5131237928042993,0.004822878712181915,0.140976012990514,0.0027228240598368585,0.4126335916233278,0.5057561507358708,0.014834240103590794,1.0349155179282734
development,c4,1,26,199,0.16920672583541238,1,5.5036781872357805,0.41297761440660197,0.3879539271078292,0.16828706654408565,0.36544533508651983,0.02810952184565318,0.5078251489558993,0.693856239948149,0.6402237454181566,0.9318656343883347,0.4450021835509761,0.4293697114812744,0.016373417944361784,0.17614170399698997,0.0067512956937404904,0.5443441501918427,0.6468176224713492,0.050953829626258974,1.0112512742244297,0.5053488273517235,0.4831258671674247,0.005730504266026757,0.1800012788780489,0.026984600661419035,0.39894657364475566,0.5988669227650312,0.027387755896116566,1.0619621286834429
development,c4,1,27,198,0.258810334407594,1,5.877745465846134,0.44561127075718293,0.3878337329025571,0.11446748172394279,0.24226421109646326,0.007301771715261018,0.4983181911970963,0.7249471847240477,0.48952319237300684,0.8900418772227553,0.4581624082267583,0.536403799647169,0.0027138350182776133,0.18638118098322587,0.005907984096187753,0.4439649957854193,0.6378461167687439,0.010471132503640117,0.7798524965498624,0.4258668271616275,0.4124327391591451,0.0007523099394833265,0.1639792538664005,0.0070881007538248835,0.38214911261355256,0.590257702183666,0.003287876130592886,1.0016506930323432
development,c4,1,28,194,0.1967057872908281,1,5.811896690044148,0.4063108547198713,0.4055732040937654,0.1397750747875311,0.312056743381502,0.0005673507059122704,0.4246829001662352,0.6025649691625357,0.5360586324961423,0.7380521096979339,0.46488188408385717,0.5020323665853011,0.019659885846356626,0.11045133598316019,0.002917877725715521,0.4953727516394525,0.6700391063583251,0.06453048584779182,0.829191986917847,0.481270469986206,0.4240893632725245,0.022365420338381115,0.19703231927614606,0.005672571132841291,0.38907181212674435,0.5683291742709479,0.06659621811481313,0.9963788920128264
development,c4,1,29,165,0.21388695942035987,1,5.472132364183865,0.4524539341696744,0.3072413049428447,0.17136872305878062,0.3330519716862101,0.021307682192072065,0.446786263643436,0.5711862258820223,0.7119337766306421,0.9118565634087806,0.436158928390562,0.3774514497237059,0.004393294317875403,0.11706305933942492,0.008028219152645807,0.478087406858486,0.698539869428666,0.0231127932019461,0.8972370384924303,0.5227353487725721,0.4668857627312411,0.003295476721977435,0.07766222700949393,0.006766315176289747,0.5297885716810808,0.6539305049444246,0.008916603177861237,1.2608223104576244
development,c4,1,30,181,0.18121402677325088,1,5.858339164116302,0.4001926191430645,0.4426813937527002,0.18464910452778116,0.36600532931102236,0.0194774234065185,0.4468312897767567,0.6733223920703103,0.6869880736318849,0.8987438375507262,0.3811440519256388,0.5714022576795512,0.00039420721111979584,0.06967879990620665,0.0016241907765757874,0.47113219300912323,0.6674657717467963,0.0019685958243562934,0.8813657333576581,0.40687634290253877,0.4106515680459801,0.00307563799209079,0.14540261647897676,0.018575425613436544,0.37858459003321704,0.6209933899258255,0.010812694657171992,1.1039008384282372
development,c4,1,31,191,0.20664371225292874,1,5.622096216310422,0.42784251078194324,0.39531189490212465,0.19242527353041403,0.3942106149301964,0.05618343087936081,0.4704667798107332,0.6584213554793715,0.7618357432226378,0.8882065510831355,0.49978925889291664,0.44482725238155424,0.011136809653824053,0.2747463204747212,0.006503701568804877,0.45452965686581276,0.6970345686190594,0.056909217088108935,0.7091032917344208,0.5280894142099272,0.49337997745536644,0.00719325640362773,0.1309476293010014,0.0044775053988359475,0.4711067744110542,0.6595995660892094,0.035280730783805926,1.1701352100039009
development,c4,1,32,219,0.1959500297133461,1,5.7963828153436765,0.4174093361275544,0.42931990902306366,0.14932958787061487,0.4101637289149473,0.0641204045649962,0.46885633249189984,0.6612029775264245,0.563341925985143,0.8547079092233053,0.4507077654837062,0.5138561952694606,0.002426986882449947,0.12176476618840024,0.006152875809599952,0.490844351232415,0.6339457678588863,0.01387416707574023,0.854841140232105,0.44325586431890707,0.5120625647533678,0.04725537788679271,0.14215038427976226,0.005111810729608773,0.419889052105407,0.5877270073783087,0.08349438427722239,1.0179326384274803
development,c4,1,33,180,0.16712187560473912,1,5.650299091193571,0.38359539404436915,0.3659088523580671,0.22512224990104834,0.3484850938374163,0.0023650805442041655,0.4618804301597255,0.6696034721387488,0.6629599741265437,0.942953547843888,0.4894232067095831,0.5762371865976023,0.0008248754159233757,0.0685927093305811,0.00894207458944171,0.4832792071098345,0.664602255617217,0.004949252495540254,0.8198019790578654,0.5874984176845082,0.6450657399563573,0.04248943730738568,0.25317002975265956,0.0029086051012593432,0.38792223429045375,0.589084410163963,0.2544459225201033,0.9922561756198415
development,c4,1,34,189,0.16287265014399588,1,5.766164519434823,0.45336890054117684,0.3284846901488869,0.1245781148024147,0.2592976337400612,0.050927176438246895,0.47370624922688703,0.6523099340392561,0.6094307821105857,0.8274943799242596,0.46272603365605575,0.5082344722744672,0.001161834165901625,0.28229291953039803,0.007738875087149805,0.5261338776673162,0.7371209863348485,0.0036793127216619872,0.805588439684792,0.46022389403071473,0.5289496598109451,0.0024976107602419904,0.24277815735885516,0.015243647834646363,0.34913363541167,0.5325897668917637,0.011283905615275563,0.9961993790713756
development,c4,1,35,181,0.17741797819589952,1,5.920978611245836,0.4374766185481693,0.5141168504411721,0.14945043868631558,0.28468750252409397,0.023345844378023894,0.4405746901001855,0.6553846360308958,0.609360097360346,0.7457123850467159,0.46921170396210254,0.5409735419926487,0.00017139161246589648,0.2299244769531881,0.04635845178936826,0.4910116644513686,0.6657424307867988,0.0009538534489006163,0.769694127210434,0.4414832491214042,0.4869858736626294,0.006862393376643151,0.11280524619908182,0.01895446432224417,0.41047576690183724,0.6373719577585141,0.03755464425745301,0.9041922350919966
development,c4,1,36,203,0.19358336613480356,1,5.811377454974733,0.40403245467278165,0.41703496233713905,0.09691461988536965,0.3090611025748153,0.01088042620966956,0.43835796120187825,0.6593328338393377,0.49467608713500333,0.7384065481797453,0.48313720645153585,0.5081759309890412,0.004995681888553192,0.22231302279425016,0.060407486509131775,0.48471534332337374,0.7550487314184302,0.024593265355853686,0.8334706049752391,0.4868872098267383,0.42145406769619975,0.008255576696746111,0.13951398236878387,0.03030452078872489,0.38612733152031004,0.6321032976903679,0.02518338395901684,0.920425212880988
development,c4,1,37,182,0.14689578611187862,1,5.276060947161644,0.5056849010257082,0.4488489418100009,0.12673778333273902,0.17207317419008225,0.003487553188977823,0.5251158578219451,0.7185152359895328,0.35725764062830734,0.9237641088654823,0.5125722726136437,0.359914525938307,0.0023221347909374115,0.3844734944748481,0.004111236675105248,0.6359417971275617,0.7452577590189512,0.007087462186442249,1.0198167539698084,0.478472793480965,0.6689615953921382,0.0010603434550990063,0.35263195474787695,0.0007345855762731048,0.491525313014716,0.5969692251298359,0.0021549172562128718,1.074888662300103
development,c4,1,38,228,0.12302008045969848,1,5.547562261308563,0.34306546097052965,0.40030720632650735,0.16700250777860515,0.3256524863585291,0.021580631034127138,0.5038884683944389,0.6772171835222426,0.5906922327368129,0.9713235832261955,0.49326014443122973,0.4813577037762057,0.013922604777989072,0.22261238223648996,0.004032528185619502,0.4928434369271711,0.703495872420617,0.058237863131472646,0.8241546781522541,0.4153927604589493,0.5032445991947319,0.0014284005401962985,0.1175383224689236,0.003908681887163198,0.46874781340940996,0.6581684354989452,0.006677161588353289,1.0974714988307523
development,c4,1,39,182,0.19769682524928828,1,5.880342130984817,0.42713432364333054,0.41558331739712356,0.183004035309199,0.2897998904421897,0.014212957575042416,0.4397381459974929,0.6472104532995171,0.837172032867117,0.7893566910772892,0.4942672447460982,0.41016235321402733,0.00010472809502635169,0.11201290013214237,0.01650577335550285,0.4906528896811113,0.7353965241562637,0.0003141842850790551,0.8757909382958597,0.4256572665119135,0.5497794826904321,0.007044523107877126,0.17769283074191589,0.00041076319991989517,0.4238520518905519,0.6123200623776802,0.02113356932363138,1.052639471929617
development,c4,1,40,217,0.221102050913824,1,5.8540682237630595,0.5007898432679686,0.5415485832825719,0.08031523486687503,0.2586169374334133,0.009713004043638219,0.4683569202000803,0.7031484022953826,0.38459946940124795,0.8587587738885618,0.424168389324415,0.47245477383902634,0.0008488468174981991,0.17951014461367706,0.00044592066423236994,0.4755775918464351,0.6808151360386799,0.003269217124551803,0.8259702446350582,0.53335201912977,0.5425888755828969,0.005946179749955751,0.2114064734756818,0.014392527943396892,0.4318547766332348,0.5755765654736883,0.016479691024311537,1.0085977152833585
development,c4,1,41,168,0.2080401291979599,1,5.908906809141472,0.28200896383828855,0.29336899896530033,0.19031124695376628,0.4903057447095442,0.023498814782004468,0.4402078008092089,0.7190625279477328,0.8806814237792299,0.7353945903655722,0.5189695842756751,0.420093665447181,0.008674343295084399,0.1587793887955487,0.007241840217713034,0.44861262359635407,0.6798306591376893,0.017348686590168798,0.7816400199220636,0.37335899161744374,0.5821482115634851,0.0006755989604922423,0.08748183568843766,0.0013508861182702852,0.3627070600723273,0.626667967479306,0.004053593762953454,0.9000377927415915
development,c4,1,42,205,0.18054386467077777,1,5.697749295993663,0.4523885074447493,0.389047646202122,0.13992796212577505,0.25936597463486066,0.006077210431710999,0.45364406802016666,0.6049409095082272,0.4891130243854738,0.7861800083062642,0.5266096246483614,0.4617179900054558,0.002922255015956944,0.21827029877016207,0.006212061012644001,0.5355561522663973,0.758864815312366,0.014290319826184936,0.9339643794052996,0.5526993495884244,0.4548172840241305,0.0012841688358799395,0.07801015247626411,0.004353245739740011,0.4877053947421996,0.6089965893215694,0.007156795377931492,1.1500320929878576
development,c4,1,43,192,0.24541138360003825,1,5.842867451759217,0.4738432892994425,0.4103793978160549,0.13263621790527957,0.3356147560430297,0.006196326268065174,0.44741873885026145,0.6133638284433076,0.5692666568713619,0.7503911221580258,0.47081821382519484,0.4702781293841255,0.011914905833636871,0.24897927310375112,0.026475157547551777,0.4326767646170207,0.6136936490015091,0.030107785465342318,0.6691374940223591,0.5128365102097118,0.4652318296706746,0.032501015768842414,0.18592072007651705,0.017751595733419303,0.38860193666336285,0.617480449053143,0.09909076243757808,0.9886923288027545
development,c4,1,44,202,0.16663231190288594,1,5.903521997399966,0.4317272520698274,0.4981658262513401,0.18751745766600106,0.37402833258615903,0.023555665831131743,0.44492521022117293,0.6593261920823003,0.7128820761284931,0.8054368923572982,0.5388753827697408,0.41094097578996736,0.0048446329286407,0.1641528629940234,0.004678101050951572,0.4727894840706553,0.6711422917148734,0.027170384445958446,0.8499685078509558,0.47355133650320913,0.556591423913772,0.0026979741758456775,0.1701367356962199,0.007619241032686644,0.3809720706405041,0.5499390123241464,0.015252089775869294,1.0620325368289805
development,c4,1,45,164,0.15323754278693283,1,5.660367609005889,0.42296488703513735,0.46208652102269887,0.1673155124576127,0.3200022458153235,0.011856312625494038,0.46634886339820697,0.6847781662787905,0.6514383507496089,0.8645599205681251,0.5170971696637157,0.5094334270595666,0.001033497059087328,0.19713272905527324,0.04142911056621231,0.4135621019207806,0.6579529059757038,0.005972085703871833,0.7520952513400342,0.4770684279968463,0.5378453943443368,0.013931678490507521,0.1166028387187479,0.0011686517387342974,0.4567847912692336,0.6472314228352651,0.07348495614009175,1.2076315503442994
development,c4,1,46,180,0.13615041003963488,1,5.560240339900224,0.33659493444551325,0.42335561822046125,0.18424014617369672,0.2889017758659975,0.0020301385341979523,0.4990288445699703,0.6489670187494934,0.5845981998899574,0.9171291325971705,0.4280764414472833,0.532859861230519,0.00919365999226388,0.1409974174799295,0.007653622778239507,0.4843262746220441,0.6795490838657505,0.027622202554385446,0.8009977248258618,0.455671025467702,0.5784602062992786,0.004945558521347427,0.13721022153179557,0.0033985335869790296,0.46613598837493264,0.6015020541694305,0.028359519763306352,1.1672819579041094
development,c4,1,47,166,0.16208370909623152,1,5.524822132818574,0.3498262015584902,0.39787447182218966,0.1696910598306296,0.31064429130532845,0.03711259527591427,0.4598040136515511,0.6462053828567317,0.7191153251642779,0.7994923699012199,0.48519633556564956,0.4577457512025592,0.004628083697233957,0.22856044351721205,0.044519854510371056,0.46286523712613187,0.6023485817914324,0.020244539992282398,0.7070423908701504,0.4390200728316149,0.49652471189510794,0.05755471946183593,0.15518323468124748,0.000662999379932055,0.44176453896274065,0.5876983672799428,0.08371291664624898,1.2033318068741892
development,c4,1,48,226,0.1973572374716234,1,5.890570539970661,0.4282903356813776,0.48201110795398994,0.11042684986885536,0.19937782276813862,0.01518369419849937,0.4267695549573596,0.6320295913280831,0.5528488184388602,0.7383392024840022,0.4342574698810211,0.48645289026178695,0.011137876290786516,0.26005148705597864,0.007518753386401361,0.5087180819606892,0.7686567331736537,0.06533357289715168,0.7222234786068137,0.49655069278006214,0.5160519483267855,0.04010480005515619,0.23875251280863213,0.025473649033822172,0.40569154899953436,0.5939491482363465,0.09357390065972684,0.8775327081489563
development,c4,1,49,156,0.16404413925223213,1,5.604964567956292,0.44737738224073603,0.3597164891535798,0.16907912910941378,0.34388271797458386,0.002811281185437343,0.48560453119899727,0.6205269444908725,0.563441662436036,0.9264216490070232,0.4697031236151353,0.3346662210455746,0.012675737316433717,0.16827954404767903,0.02880707639641293,0.4771097872600159,0.638563190574583,0.04804477634912004,0.6907665854980909,0.4975766213196999,0.4678968808169757,0.009229346972991445,0.16371704693658112,4.378685365531041e-06,0.4543444267955462,0.653154383189827,0.05537608183794867,0.9889477790214927
development,c4,1,50,225,0.2967042337082464,1,5.962848911492462,0.4434413103908497,0.439062641779578,0.15996282974357295,0.4201272790842356,0.04937691037218535,0.4464067730032934,0.6598577660199366,0.6288819024718615,0.8523369094740539,0.5254125322708747,0.5944150629962169,0.005646068581145906,0.2309898658833968,0.012952551738598805,0.4697761268536652,0.6552378291242676,0.02288198311639793,0.839750751019714,0.5243221720257424,0.5502208415942383,0.008303115914556158,0.1676960831912138,0.005481330618935176,0.3723901710316851,0.5322779808098839,0.0358303652261807,0.9197091863584795
development,c4,1,51,187,0.2178350703236314,1,5.894640526472889,0.40912833344527016,0.4373276395476058,0.18089419971315537,0.3808662780060304,0.003848357059837242,0.42253355452979596,0.6598875904235152,0.7710428322915949,0.7394257725467235,0.48422120711470423,0.47487175672347015,0.003012653648432101,0.2242325702690983,0.027637022171201862,0.49156372975911294,0.7437548451876196,0.017835980747452046,0.8996483405768144,0.5091021251199607,0.5248041035624451,0.00509813108305664,0.18235639562271666,0.00415217770603502,0.41769236269956883,0.5660517917360336,0.030474379367096974,1.0165956822031061
development,c4,1,52,226,0.24860804136154138,1,5.929735576707838,0.4196756624258785,0.4160118402952463,0.10208187157453344,0.28632688925942246,0.016339263992603766,0.43115771465862895,0.6027609160880486,0.5259282667800388,0.7700817403887932,0.4591286850628184,0.5229925324285384,0.0003196533434916066,0.21664524602013227,0.0007775809975431895,0.5246546351470457,0.7022656889947435,0.0018706094700755883,0.8387563283204494,0.39490541156183917,0.5018846962974507,0.010361639328447771,0.16450350424006605,0.012708319212984107,0.4176907240321106,0.5823940635739648,0.02896856950038788,0.9422598081727125
development,c4,1,53,159,0.1859468542003431,1,5.742910700788381,0.45456719145434843,0.4406115194927142,0.1453231094663493,0.3198907388391052,0.0022280792040645604,0.4888156435961297,0.652479217347002,0.6796194002613178,0.8491007799572451,0.44622958748979336,0.4965367129877076,0.004450674836372949,0.31774481137270266,0.0027884144584810473,0.4814538773659937,0.681518981081693,0.008586258664613326,0.7745930657631361,0.5152209928079906,0.48480954524321673,0.012657087641471582,0.22607493624810598,0.08788329357973047,0.4367464566303812,0.6068315415983877,0.01982851058437025,1.0910113758671611
development,c4,1,54,230,0.20796552144294775,1,5.72487117501018,0.4190370029585779,0.41658556822341153,0.14471745260670035,0.301978754987083,0.0063164650427606295,0.3978070693971737,0.664708731996395,0.6313809751212233,0.7102532281797737,0.46511043907101296,0.6301549861498793,0.001088110835990877,0.18614939761009378,0.02778061837615911,0.5471074119411907,0.7343965268643831,0.004880985632502329,0.9544967759481374,0.5371026346184238,0.5599368288207793,0.003425470077610242,0.11252444158543448,0.005332723292562705,0.38039964632940404,0.5829831411793868,0.013787205715168959,0.9663950820526906
development,c4,1,55,187,0.2110344090913559,1,5.923111142772789,0.43636926446419594,0.5063963497041125,0.16914498635910288,0.37721702559689546,0.012661189767195534,0.4827236408961013,0.623673914146875,0.6158342451080354,0.8762796467151176,0.49326139946559333,0.5895574649939719,0.004460388623983525,0.1703524973449713,0.03213344930874191,0.4649069272515376,0.7300984598144159,0.0234374758230693,0.7362699157916149,0.5352971115451692,0.5493867203954302,0.007674576295544195,0.14900526099592198,0.014300006863262995,0.3907845184039611,0.5057368736298264,0.04444717464092991,0.9649111793576362
development,c4,1,56,180,0.2285933239041258,1,5.703735543858963,0.382797931813609,0.3938086007398877,0.17970698070432228,0.29362904399361267,0.007434581710688419,0.5075601534064427,0.6297753783109233,0.6574415668919743,0.8605956121665964,0.48656747142118256,0.5185783059716775,0.0007796571486398071,0.2282613669736564,0.0005178450900275371,0.48988353198955875,0.6850906206553423,0.0010510341683979487,0.8210985712776789,0.40964694476680436,0.5225802667002903,0.00433985332391978,0.12414473923970423,0.0038549005765381077,0.4575010276506762,0.6044896374248372,0.01211399203228579,0.9951769456480871
development,c4,1,57,171,0.15503820015184636,1,5.821315630139238,0.4466531740936873,0.4596127517056135,0.1467160718761244,0.2534224309968069,0.010825799323802171,0.44784463204716435,0.6346458317511307,0.5798769879654182,0.7318089112646652,0.4050842710277799,0.46707003952988285,0.000857716448031177,0.1977079187509942,0.021344817008883986,0.4500381358316839,0.698842515769053,0.0017313667502170701,0.7297799756426352,0.4797516187840494,0.5826483081968913,0.008511824257120975,0.18370397189130652,0.004527168742452174,0.38782083217630126,0.5325488676962211,0.027608334474406273,1.0059983495461697
development,c4,1,58,231,0.23271752096103854,1,5.807282571357687,0.5013751323730807,0.5622498152233841,0.09953346957464258,0.2480085243454142,0.0040504848065513405,0.4113402792886751,0.6101994491290896,0.43638514623127395,0.7040771526782797,0.517614802553004,0.5501345395817665,0.047319060176140654,0.2423787249612417,0.009260411317127251,0.4362312026949548,0.6213171779180582,0.14767190858219875,0.6574575854648227,0.4610028125929139,0.5207564617936593,0.011248766159412785,0.17683402976369497,0.010354799518152026,0.34447094773585557,0.5325486782063112,0.06301989406838272,0.9458034662531635
development,c4,1,59,169,0.15006017733449864,1,5.9159540966575275,0.3818145290538613,0.4601996786722666,0.11635397760021156,0.3264779217233348,0.007271298098771451,0.468050297534631,0.6605768221415105,0.5205006129302059,0.8761060291912406,0.5098227386402443,0.6035850696235789,0.0006127446346544777,0.19640214695838928,0.01630788139100328,0.44860792155098445,0.6788183369725774,0.0024767821207387734,0.788027848052134,0.5401021593801744,0.44424322697043644,0.014370568101471543,0.22233485969944736,0.01132754887791613,0.4420169120590506,0.6836454073342464,0.058759459490407874,1.0232199891938334
development,c4,1,60,206,0.19899007178389977,1,5.76786529348679,0.4210638028728683,0.37529940785448845,0.1516888602425942,0.2653100936198815,5.5480877783727714e-05,0.4382850803487152,0.6867233317840967,0.5600325301474098,0.8192481229484443,0.4880137190626217,0.5131197460478301,0.007216441182123385,0.20082019890765934,0.010205683342532206,0.5014186628803821,0.6740549300325318,0.036148167204074245,0.8491478953452873,0.5254751947350742,0.4844012038079023,0.006352067160516069,0.19615619090070294,0.04692416897154792,0.4826434686158037,0.6442544374202449,0.029433822905773056,1.1150821777595152
development,c4,1,61,171,0.2000153491520045,1,5.652257686242205,0.4368352035879614,0.3844708036967216,0.16361358001350107,0.27404843425868197,0.004155133782278025,0.48290807263713786,0.6664641829689569,0.6688842595441129,0.9195923914422001,0.5585468529075058,0.45685811323981196,0.033289745159932715,0.14734266165387927,0.015192448961846338,0.5682511203947178,0.7647832760124021,0.1417624733142064,0.9533618439222797,0.5049271953648575,0.5358160380526664,0.002358999423723672,0.1977736098851673,0.011169050737459251,0.4760086098396123,0.6600410780217513,0.01260627241694416,0.9337822343528929
development,c4,1,62,215,0.14472106114928643,1,5.8833594654500905,0.41273135258839005,0.39255680280061783,0.11951391910663667,0.2705290264256694,0.0203146871520685,0.45030472844892067,0.6714481784566778,0.5091754979344313,0.8247496941494037,0.5405074981180484,0.43551278455773623,0.02768613962013059,0.21756543596949468,0.009390336426726034,0.49367475393747484,0.6443860056427916,0.11959356012392183,0.8232477065148469,0.5009366007756744,0.5079216242153467,0.0048333014605810055,0.18722873964855696,0.03634586204082319,0.37872629269378866,0.6276818269329415,0.02660317089360628,1.0901828009488783
development,c4,1,63,164,0.1323821837157603,1,5.750297493731451,0.4679376895147131,0.4534047191702528,0.12304913080138453,0.3365356286520678,0.0065582410218697216,0.5045287568314961,0.6723148069704946,0.4676261027358256,1.010421094939848,0.4585888930167607,0.464356878965982,0.0033827436789708927,0.1433339945410654,0.012708495905736921,0.49177131668825547,0.681420948320548,0.010148231036912678,0.7972506231676815,0.505507780202381,0.4888017463436263,0.004808368640592647,0.26332379265893296,0.0032176537596235776,0.3993467086466877,0.6084947103680345,0.01761885296976277,1.0524373254528503
development,c4,1,64,201,0.2201106119928938,1,5.886147510933916,0.39024489252357936,0.35508338934480843,0.15102546021773275,0.3629699398363642,0.005896484875354462,0.44172288381867436,0.6736576763571148,0.6189312622749423,0.7364344889316146,0.4419749644174278,0.5530649470405412,0.002981745205412038,0.2762462405901368,1.0813718783253674e-06,0.47945725856926585,0.6551311016948278,0.005582301273097133,0.8645334591454198,0.4668595804735455,0.39837182323349457,0.029357504581763567,0.16223102086345698,0.02385708094280788,0.40242007563812254,0.6116211442470741,0.08632141446934123,0.994932954157532
development,c4,1,65,179,0.12185076993011541,1,5.894085923978098,0.4025914384034709,0.34320259956517607,0.16120782263574315,0.24251647225617495,0.02029873615958928,0.44649873140781166,0.5953630287610442,0.6648421826498112,0.775122578257528,0.4557182832869976,0.6229816580611618,0.0055222752822584945,0.12312044567051467,0.001857343986358461,0.44334332603566934,0.7039118567838909,0.016778815844331652,0.6793986251129978,0.47213353431246624,0.5065626406933113,0.0051071638185241465,0.17937003589078085,0.005351418770821811,0.39946034441037254,0.6007065879931999,0.021353954338171447,0.9279046070794771
development,c4,1,66,182,0.18474017833584125,1,5.341762563998718,0.39161002985890575,0.26863663408921273,0.17609401759353835,0.2708929637752062,0.0015910353392859613,0.5007686724196446,0.7054269561935266,0.5863753229207096,0.9753949238563546,0.4285594266760727,0.5584485437961016,0.0014678436436132054,0.23023935582188437,0.014677674713447872,0.5295483767080971,0.6661938507092064,0.0062789020167073484,0.954332653668721,0.44462670755484535,0.5340771054189761,0.01025934945856753,0.1754485022245169,0.0024937475612555543,0.4365148660064552,0.6303737014680256,0.0340614991407437,1.0395728644486038
development,c4,1,67,191,0.24950415063188888,1,5.62396287935709,0.5249619564232226,0.4638317720179112,0.11988839427587837,0.22250324402833152,0.006417151718281422,0.45863353626860226,0.6673997821708232,0.5549350077551767,0.8197369491477071,0.4670716642114747,0.5451265089198435,0.0005320102787809799,0.08408025899158096,0.01134914612985015,0.5129243785007127,0.7472018738999447,0.0031856160552334017,1.0309688136605313,0.5586329996799241,0.4968536481074753,0.031924865107454514,0.21593911577652133,0.006039288776034899,0.440044999981793,0.6262604653509148,0.13271578685100258,1.1415117112392292
development,c4,1,68,199,0.16871754378653922,1,5.872741769110682,0.42393045809533336,0.35358148712675025,0.0933649836719171,0.23171276908106606,0.01782494973134502,0.40493158727843903,0.6486278622909455,0.4187600854092791,0.786312292732324,0.4437319649072734,0.508207934929727,0.00030921032268485765,0.1739451172180629,0.004087362344563462,0.4867636935162505,0.6978555135276738,0.00046381548402728653,0.8175980619533554,0.4651808912860505,0.47053802543929746,0.007164512862755697,0.20330693188143528,0.029810869120033986,0.37251070247377255,0.6465980266930001,0.04268901499688102,1.002079569054242
development,c4,1,69,175,0.18432878913217443,1,5.699945921715911,0.40281496129791255,0.46867453234819206,0.16804078767575914,0.45686384209786607,0.012598979282067576,0.48146386915561323,0.6315323769250659,0.606335132842059,0.8261940582944967,0.5256505358311911,0.45541045956116505,0.00844111550817603,0.25544702806947517,0.0007199038458572324,0.4791583446517341,0.7103140695532941,0.03270009390696942,0.8318702012152944,0.5247874253591951,0.5904372152727445,0.015906633899387183,0.12363069207854809,0.01809214836005978,0.3986205633536928,0.577515489791164,0.04996710842767587,1.0302400574834685
development,c4,1,70,180,0.1550405140389321,1,5.636310602132422,0.3761691570743358,0.37068322722244995,0.11163561220131168,0.19894084896089725,0.0038272414783522683,0.4618528685388231,0.6641837191961641,0.47187189482367503,0.8774409084068132,0.4042522758331944,0.5182919842934836,0.0005266983497049007,0.23555526345964536,0.04634899708351887,0.5377075640090204,0.725493136893111,0.0013095245415954907,1.0800075742842545,0.4248222737363958,0.4786962787060149,0.0006880800451998047,0.14395392728160303,0.021615506869049297,0.47243372751818136,0.6973249057548955,0.0028135112384960336,1.0279850810799083
development,c4,1,71,183,0.19716186082541798,1,5.764541632300118,0.40403083569714404,0.4295617780644775,0.20612099326153885,0.34360307779192006,0.012076776411305742,0.4704655032009047,0.6565270526606544,0.6318720963013309,0.7788664733691653,0.48427233435410133,0.5174142695229577,0.000838297515717504,0.1962875874741493,0.0014561237213056102,0.4944952878235958,0.6561166573434255,0.0008417504530853469,0.9297930027610422,0.5209657491828671,0.4423335161849352,0.003465510690735527,0.1929163335455712,0.010083355086139278,0.43325683137542015,0.646711312695471,0.01911637386305694,1.0278493931690784
development,c4,1,72,200,0.14223091313483227,1,5.809143714464266,0.33630643830970475,0.47054008404226216,0.14177743455342348,0.3608532915544047,0.03182424301895139,0.4662001039586317,0.6429007741481567,0.5386262169076947,0.8289505576864605,0.44383848274513715,0.42780407878249865,7.19906944411799e-05,0.17056912399737093,0.004229997777640544,0.522642672628032,0.7220117250544531,0.00014905705290026166,1.0284681747385331,0.4338867578615617,0.5463328273995444,0.009463904556195423,0.29818035631399586,0.051529308310831884,0.3633541711285361,0.6234544008600853,0.04772236084477874,1.0051861074635295
development,c4,1,73,180,0.16085059282191932,1,5.91608860313287,0.44611970412483504,0.4627077155201014,0.11663882595413681,0.252674308385926,0.006391310077757944,0.4395315854396317,0.6324322737535204,0.6031114041651608,0.7429375417005896,0.4796940990388013,0.4289199107949216,0.00029716860725452645,0.14175858994193305,0.03280971422258334,0.49040895857452266,0.6814802215291262,0.0014908195551095868,0.8490526772229359,0.5592592637976169,0.544989520979686,0.00044365726708898973,0.13623406797883805,0.004864243212039484,0.3755900331670826,0.5881676677734499,0.002661943602533939,1.0900647796687641
development,c4,1,74,206,0.1535264207337994,1,5.4639829663222965,0.38643697666994087,0.3828304355045561,0.18056023038629734,0.34502452520985627,0.018885339924297712,0.4829134420213365,0.611257657593398,0.6296831103513383,0.8101993247731741,0.47496385093076043,0.4310364894100706,0.0022968224401550617,0.11986853213619544,0.0020450801357990316,0.5510973269317517,0.6961489952632299,0.005011987519928407,0.9278521903293323,0.4762193900238639,0.4572103510087828,0.001129436856701953,0.1549203250757023,0.05504321241427642,0.435551342951287,0.5880654591820539,0.0035610353377607336,1.1236854888288443
development,c4,1,75,207,0.1458696143318028,1,5.717594037847776,0.37118780180102484,0.3941222789173387,0.18728291946890235,0.33222676076130614,0.04828605978605735,0.463785751523918,0.6735154969387096,0.7042839855142543,0.8959408293620889,0.4694504703862344,0.45356309425133357,0.002106080933921949,0.23960055264479835,0.01174845409011925,0.5194823111290251,0.6252798394149744,0.006370145940647809,0.9719604709072238,0.49822445928080755,0.5523475387125113,0.004427639410315734,0.11190176261001122,0.0264719869963114,0.38105607000491,0.5896659440778602,0.01922989233306273,1.0485614115416453
development,c4,1,76,189,0.17623324475738747,1,5.849380586228068,0.46417882855803994,0.4340106979839691,0.1313494420468914,0.3588980593430099,0.022471042865626033,0.43167650098083626,0.5995494959573497,0.6322916456261741,0.7469331228330914,0.4333500785934917,0.4627103553617516,0.008984702689105431,0.1743791672625436,0.010191995010660447,0.451973118323794,0.6252805403309057,0.029751895005161472,0.7115818798289972,0.4449291777458801,0.4490224931167574,0.01510652701499657,0.1625744594110712,0.007432970543582754,0.38060505958800994,0.5578261703996593,0.08309579703970127,1.111453082662541
development,c4,1,77,157,0.14813999333887568,1,5.693786692835465,0.3702074454903484,0.4600174405341543,0.25309212526428804,0.41937239945605514,0.007487345595752485,0.5250154784156852,0.7200175764826963,0.7690079746147556,0.8860370772504554,0.4627903218177446,0.5980231817644358,0.00014095469713820843,0.11118138414036323,0.0031994280637885337,0.5071644834261892,0.7061152333057992,0.00046754843865863554,0.8283016493500193,0.4238971898330264,0.4753783956217464,0.0031331413372415883,0.09699240974900693,0.006886567711042138,0.410997390526153,0.6655198395286487,0.01864946858069676,1.0427997876461
development,c4,1,78,213,0.22941511525550765,1,5.817478962128558,0.4489393394654101,0.4352110416251565,0.14745217039444145,0.23905530734382385,0.03096798245425747,0.46307960581621543,0.6595259393475971,0.607001801463145,0.9216801217680871,0.4398916926835372,0.5071788323145472,0.0021756532599465765,0.24336011285064768,0.00016599203249695094,0.46916070345853983,0.6217344946880476,0.012869650031785307,0.7690719604344007,0.4617863082349671,0.4620685356026087,0.00540085678771175,0.14263031122494604,0.016232632790641903,0.4258497914308785,0.5915194971954768,0.03168861820753301,0.9904794393528545
development,c4,1,79,169,0.24000985027681457,1,5.820429603307946,0.38393350129103215,0.42007226549508225,0.12483859896986538,0.3824645784084874,0.0023537948299862154,0.44402177333064446,0.7625964238829396,0.49097092184999175,0.8683366622636594,0.48495001026505924,0.5455324374351378,0.0005792683625920097,0.1256547737734803,0.004626411790914586,0.494662872278825,0.7193361060275052,0.002702135622135135,0.8228747364815023,0.516698932940391,0.5146908328030723,0.005431309003379872,0.2365986800366661,0.00012004569576123719,0.4569996210660952,0.696174183994775,0.029188726252653726,1.0089210282626473
development,c4,1,80,208,0.20399990218331632,1,5.611331045882528,0.45491204767091087,0.38419218763676527,0.14355110530380977,0.2541256505589072,0.0018669294496738808,0.4729479885764644,0.6040603011452119,0.6561400446333587,0.8328456841769415,0.4986436646236127,0.5499441134625228,0.009371354135129998,0.17671661051842888,0.02353252087925144,0.5339351489264539,0.7160593947885501,0.023292479543129567,1.0283553352239336,0.5162730714911592,0.5070568690113177,0.0038053386998018663,0.1117930991587087,0.0013078578880851709,0.4079372599203083,0.5467249918846652,0.017025709759499904,0.9463936434950695
development,c4,1,81,174,0.1383761993179406,1,5.622157970104417,0.42301902437234007,0.43395132142419995,0.17215418663388504,0.3101549216139106,0.005638119176179152,0.48347392799789,0.743319472556687,0.6283083156717235,1.123517964778814,0.486610544261813,0.5283710219774839,0.0010725995033991397,0.19465992519797098,0.005116341064377532,0.46882706666068846,0.627881253468781,0.0036247738320223997,0.7083275125855039,0.526452047161732,0.5085258257867401,0.006896551587643711,0.18776748879543526,0.00022114043646508048,0.43426826634106663,0.6426239257973246,0.020787460864669115,1.2251666438832665
development,c4,1,82,221,0.17951843747490878,1,5.533444913976557,0.4586448556405029,0.4538877818268137,0.14644982082034116,0.34529212958693106,0.034332441786856,0.4392576864801957,0.5949982589684051,0.7038208291933993,0.7280703273761465,0.4585736947669574,0.4295663957574699,0.0001858222140632876,0.2509769791830534,0.037927488628588135,0.52026199860864,0.7267823877487867,0.0011149332843797255,1.1131750964065412,0.4649535881947318,0.34442594380928465,0.03869609487243422,0.18408334796627354,0.003463631566339197,0.3874655031615714,0.6022398037770966,0.1810435534307026,1.0738107045269898
development,c4,1,83,185,0.19694860575126794,1,5.6417001776653875,0.45958176770220305,0.3809940997719745,0.13726290417033296,0.2896729748823985,0.004196240963107431,0.4757744897945224,0.6586783832958519,0.532674880534367,0.9044496023043871,0.514144010758837,0.569342919918046,0.027308588092473902,0.20549833471197884,0.006125769588817919,0.5930720202160762,0.7825374673756419,0.06228169832608774,0.8986449614715957,0.4614828444043571,0.5398995283632468,0.003100835539112578,0.2655946389543513,0.038538517080979794,0.44019514972769025,0.6414966928747727,0.015391921243028014,1.1108655939612864
development,c4,1,84,202,0.28576653326077656,1,5.881496355687042,0.3687923786487216,0.4527569512339449,0.14225087425311583,0.33239051606297004,0.03362411050884422,0.4141886882542199,0.6896442919734762,0.6591839692042076,0.6870167001738388,0.45963125175150826,0.518883811935854,0.003765118206170152,0.18066668920670667,0.0005805381799633058,0.4491652786074348,0.6617246890103992,0.021957662162402306,0.7437271025231247,0.49387589641318796,0.46603591233987623,0.007874104941456265,0.148560548784432,0.024815643318827223,0.4348072540287572,0.6255650862024656,0.03514099583983441,1.0399766229542657
development,c4,1,85,182,0.1965923348226722,1,5.746337949845749,0.4248454467228804,0.43841185747276196,0.1514276527289056,0.351160632838902,0.001116549632930084,0.46538859450052855,0.6618425495420053,0.6532060918973885,0.691198998501758,0.47782452886403215,0.4346230635066934,0.004330485585569531,0.24325312125917903,0.0076735626449609805,0.5386905882926064,0.7196714664719797,0.0195979611041469,0.9673224449450019,0.47996443258775867,0.5085690304651913,0.03334372441844283,0.18330941039424883,0.0016672813785376253,0.38776923154597015,0.6205331825461226,0.12428376714650995,0.9359004946712749
development,c4,1,86,236,0.28128973593052836,1,5.730360766595139,0.4037927511794129,0.48937725042084934,0.15336134314629135,0.34913463344115175,0.007586856965866175,0.4680235051995395,0.7091397775505321,0.5568954814527346,0.7583220517473039,0.4660195293668289,0.5026258715162576,0.001962463832290551,0.21081121016090548,0.027099614538991946,0.5301789915186134,0.7794455962672913,0.006074969927245147,0.8801595619371809,0.44581790183709386,0.4839852624371402,0.017089427890625952,0.19631052287762948,0.012877462378511355,0.3906067783157117,0.6460099462325214,0.06115434219926828,1.0088505743324108
development,c4,1,87,168,0.15196877909127007,1,5.881341558765979,0.3695006324174879,0.3054048482531013,0.17064506679472274,0.3918730296084147,0.046852000740461246,0.4160804347106638,0.6402862008643333,0.7170214024884669,0.790545086990771,0.49761563533117725,0.44773144327068753,0.0037846028655124965,0.14776135392537856,0.02494193200600194,0.4791583095259074,0.6874916283624858,0.02079646395875621,0.8953462114633151,0.49942256964218745,0.5095857829263454,0.0012034269557249378,0.16150795242216312,0.01046925322016009,0.38641110862207073,0.6136478185968264,0.004532306162668068,0.9017115864318415
development,c4,1,88,195,0.222440333815552,1,5.89487189728812,0.33730171077267884,0.5134206332075452,0.21223199307840673,0.3902812652914784,0.008478343599372171,0.5047980059960655,0.7099324713429492,0.7586579361701535,0.8368438213239365,0.4397323956594105,0.4505148695564401,0.0023846063865835495,0.1682995982272852,0.0031292301998256567,0.48842391354737713,0.7048473350845356,0.014172274745594585,0.8537233019611438,0.4564583336830662,0.5003072686574316,0.02051868415583985,0.2183243372747738,0.006925010255124946,0.4222453638040825,0.63271222956422,0.07565455234578942,1.2099310446949318
development,c4,1,89,185,0.24257864439906066,1,5.707786637190564,0.42593363518831856,0.40136170946340416,0.10832693715079057,0.2828497153010859,0.001591183674459775,0.48726576189913584,0.6335636677815059,0.3719421769425768,0.8425060491607022,0.4410139285632559,0.4478106305900908,0.034237135142957176,0.1572983187719448,0.013750072928787544,0.4769805214637781,0.687129089510308,0.11073562505664777,0.6775154221198669,0.4794656588332634,0.53894709831307,0.010246985668966247,0.13652305910078041,0.0021345321899866477,0.43511895655266114,0.6072539122171828,0.061196857321713614,1.0658430604271956
development,c4,1,90,181,0.16002306615403947,1,5.4716936865709815,0.3956322646656597,0.4552247646541516,0.13850927246270198,0.2508596235190941,0.0004311639785307456,0.5060799430988856,0.6715632794693694,0.581096692508398,0.8795411684573844,0.4526451294919516,0.5491249172611459,0.01338673367069351,0.15051836060600093,0.007478529576336286,0.44066313325097467,0.6109124131741354,0.034471833967696396,0.7508277110597766,0.4386954490469306,0.5545999119109882,0.019680651768244684,0.125527646983855,0.018956851605436933,0.5083433300176395,0.6224671571903798,0.04884836756359968,1.1131896500166176
development,c4,1,91,171,0.2079018232871528,1,5.850549268566712,0.4161602925515562,0.3866801907301764,0.14350572021441949,0.34578306438312484,0.0013118784790133915,0.47607865162834484,0.6923134302505968,0.6437218869360372,0.8814732270633243,0.5277526187967146,0.4528112180267327,3.846412426527618e-07,0.08646085129136397,0.011198755695563611,0.4630051277256373,0.7331244709895501,1.1539237279582855e-06,0.8628572904185374,0.39169951166128114,0.5398288412456096,0.0023799930607498114,0.18102592619116697,0.010104156620985828,0.4197496989416739,0.5952355488967502,0.013657734259682322,1.0584240890441128
development,c4,1,92,214,0.20516824558671087,1,5.5684238334327,0.41917533944610674,0.3550178211800134,0.14961576113707445,0.3061800305496181,0.06835778953492502,0.5002595864927691,0.7457581085489998,0.5595125897237134,0.7771419353747443,0.4592062305802604,0.5081669058906264,0.029941137450162296,0.22868940457597375,0.01072304578787211,0.5164031887103782,0.7111348150621498,0.09653927360993879,1.126382071527688,0.42108393955530465,0.5479265119482299,0.009556212883881659,0.1774815289997378,0.004647754423262083,0.4218175804521516,0.5797027909645873,0.03543299053951707,0.9450202427246548
development,c4,1,93,164,0.21271600888698336,1,5.670630609307248,0.378541800688977,0.4168631581171385,0.13590871228791251,0.3662976932667935,0.02503869380926072,0.4717250824970649,0.6840237695155756,0.6088499629952887,0.8506672026236826,0.5786954038834674,0.43106710645803115,0.00892967958972472,0.1462435337245152,0.007294761610010536,0.5143222427255894,0.6771333700136085,0.044379321274896334,0.8141245473098719,0.5000263130485266,0.49689425277794386,0.010347345043600353,0.10957414898504396,0.03830852065183063,0.3874299669962813,0.6590291266369508,0.04831021767391496,0.9174922059454923
development,c4,1,94,220,0.21644491925842596,1,5.863981587166975,0.38744304565972876,0.3940648638912113,0.1265767649811852,0.3490272794101603,0.006689297305613182,0.46368493687118023,0.6958622004429215,0.594163224950595,0.8122658922416409,0.4460652219743826,0.36133643235766943,0.026461408175712065,0.2509784577648311,0.009741145340519616,0.5079153202854325,0.7058221014413437,0.05811121625686299,0.9159604372285277,0.4703933918957537,0.5450770532990458,0.008710340629128422,0.20211740146891677,0.00498677783054353,0.3989196267018613,0.5471766469437389,0.032769187148914844,1.00201465891021
development,c4,1,95,181,0.1719392867521271,1,5.9012793217345845,0.3677453748224381,0.5094866084267397,0.1495594826153706,0.3140890420905698,0.01687944585505436,0.4341705024079518,0.6837503522964179,0.7449798916627316,0.7439797939737299,0.3984247409928485,0.6185438221530505,0.00938601943845972,0.113850005209684,0.0015405540822923459,0.5020670685272056,0.6750280452543385,0.028180331390845925,0.7613414113569713,0.5077858542133283,0.560000209759197,0.008021119704708125,0.183682209029784,0.01373830273404264,0.33336849813487546,0.5338550567471867,0.029027042817989547,0.9219151262516618
development,c4,1,96,232,0.18007663333721183,1,5.771158831245511,0.39461669809467786,0.42404393073263325,0.13313070593549506,0.30409767316010683,0.0004733321086895533,0.4476100800732767,0.6607998343282816,0.5449109103438224,0.7619827392558672,0.5441801258181204,0.5595558277348117,0.0002549647480769137,0.10645929832977716,0.008379544367579095,0.48838053477068816,0.7072310044474783,0.0011876749747606328,0.8926798924928374,0.4961036424407833,0.4665073929842272,0.023953673238847874,0.22048399700087748,0.026613563263442958,0.4107132450980618,0.5961797968086842,0.09319641637281828,0.9767837113217255
development,c4,1,97,182,0.15411857756041886,1,5.833322361517919,0.3801448760045826,0.4241818626434838,0.1483602269438686,0.25374229119238334,0.005510341449324783,0.46820789065817775,0.6803307404493946,0.6102963318263911,0.8535395981315493,0.5253059869492744,0.4266964543114226,0.008308224856460865,0.11658947945899771,0.024443434962249277,0.4923310069867821,0.6853425117924488,0.016767030361597397,0.84361217015293,0.44553078494555537,0.46137344982076867,0.0006097635382129034,0.10909829605367549,0.005192210734196645,0.4087469771521723,0.5872660335342113,0.0018292906146387105,1.0613624974271736
development,c4,1,98,193,0.16435945639573732,1,5.603538612416155,0.3898784258556144,0.40923059405706985,0.1812613286231101,0.3904601694849331,0.05611663776847678,0.5081756296156272,0.7658294745402608,0.6737747615523264,0.8902085719589324,0.4047873092261786,0.507945420858739,0.0009657166291813747,0.11483838889858357,0.019227339145309143,0.5288963575218991,0.7048506074127672,0.003783731963866046,0.8300659671130527,0.4987013331689282,0.5087769995185254,0.0029395637333954156,0.1817566253405077,0.008151255652022888,0.3804581427157309,0.5748996679631688,0.009314381400868887,1.0703789467594693
development,c4,1,99,196,0.21346400207867133,1,5.918257778068809,0.43878854246644183,0.29847916406642816,0.1358874575687048,0.3064416645520193,0.012465572420903721,0.46154935114466533,0.630416333205833,0.7535367161883721,0.7902268911890485,0.4462597855934842,0.4790275320927472,0.0012389475451112365,0.07026211435971168,0.001393129679376178,0.4185482020230822,0.6632705711249255,0.0044179302201710745,0.6666666195470426,0.4789804966669665,0.5164528765461676,0.0014473984148068453,0.17114901758164175,0.0017765803939841702,0.34287661266293706,0.5496682298985512,0.008684390488841072,1.0785027317101543
opened_later_half,c2,0,0,157,0.11940278972243912,1,5.353619119425078,0.41615280318741843,0.54840201774313,0.20452071109336564,0.28562594433601024,0.010966021793964595,0.5377652061395664,0.6988164030560332,0.6824626766012546,0.9274582269887848,0.5266443270460349,0.4360102420669937,0.014181789628202265,0.22433486036690442,0.025271743290416624,0.4935094742084621,0.6236578783790526,0.034269718739462905,0.9798766876984961,0.5178399051131878,0.4653743005659371,0.002045872392140003,0.09431456012174844,0.0044685305853767185,0.4631915210309837,0.5534061052119865,0.010545666016797689,1.0391226073379278
opened_later_half,c2,0,1,179,0.21606460302666305,1,5.735817241397274,0.3333045463102748,0.36521810452269265,0.1854306997473802,0.2839363607414021,0.00025784315143417613,0.4750298613038027,0.7084058664658975,0.6192504501491852,0.9330051780674719,0.5322662164216729,0.4757931489815145,0.0008266636405200081,0.15802808571227525,0.001568076258055368,0.5356982180383976,0.7182186163518403,0.004954602999188436,0.8494068485695881,0.43935499326662225,0.5891109005917096,0.012898942307905562,0.14729191382967452,0.00011620038726285872,0.4006163003319221,0.6736211346450647,0.06392313109060714,0.9622304223209543
opened_later_half,c2,0,2,175,0.21266913847877975,1,5.8944007767073705,0.40708394194624176,0.3951245602628941,0.19902829319392226,0.32604398275464386,0.0021199589983200906,0.4585202021407095,0.6607802575531043,0.6738506874845441,0.8316600400089301,0.5149010446464246,0.5742609875087998,0.03529822148110559,0.14355937006495767,0.022924280828561686,0.5589978216811916,0.7261346005596617,0.0744611567742717,1.0407964218873056,0.5027407136562895,0.4910865787640243,0.017408622721305222,0.20073935995210854,0.004439734776060517,0.3828369391649209,0.630538461867835,0.08604810128893538,0.9822731905792089
opened_later_half,c2,0,3,235,0.23831206272117939,1,5.9270784499801366,0.43984036217810013,0.44401129288797625,0.14851651265958948,0.31770047867485013,0.005225708716356919,0.46331198615892444,0.6456214764331123,0.6193977734680615,0.7944989353292418,0.4647925020475564,0.4993807650993513,0.003135644612086533,0.15248114273797114,0.01612057224742161,0.45333476944409623,0.724589533232893,0.018486896688862775,0.7122264694430664,0.47921630527803866,0.5116911556048517,0.012945054873553534,0.21636276355896358,0.0026283672815387437,0.39231144116440236,0.584363873978874,0.044728124575602664,0.9136470616143894
opened_later_half,c2,0,4,165,0.17480433643484633,1,5.637395823693975,0.3233165373486842,0.2986866499140115,0.24335442314230746,0.3549201319521313,0.021996976119341715,0.4933657638805832,0.6632451593720468,0.7808993983039891,0.9288114549629157,0.4687475926961624,0.5208803992541714,0.006065052736808265,0.12626290381653046,0.0007854662177362621,0.44981737088438173,0.6677729219879391,0.020542569406389245,0.7370385475732419,0.5072747868787135,0.5797084101365715,0.003818783777446724,0.24174874831432494,0.008604646336566173,0.4622452955853616,0.6434514390667088,0.022659496080982583,1.1237633077751532
opened_later_half,c2,0,5,209,0.17034113369051176,1,5.789895188610459,0.37890614040047477,0.41584542497310006,0.14978291570613056,0.3079667906653603,0.0,0.4740362052412385,0.7094160597346512,0.5695852226434134,0.8562089284213164,0.5269163092182236,0.4755540569279673,0.003795535838460592,0.16466818084360377,0.008056753942496477,0.5015608208583229,0.7263336040229184,0.02277321503076355,0.7745611707085145,0.4649394639841904,0.49021016666940276,0.016215434140716304,0.20032894306214308,0.020632133987087443,0.417213235001416,0.6109753526090862,0.08305607518804889,1.055860474745736
opened_later_half,c2,0,6,165,0.1839151116125587,1,5.697890171264627,0.395823389220999,0.5565600846372855,0.11616456359099504,0.18288668910521935,0.0011069334089495702,0.5072189842062554,0.6678688641325635,0.49068443288595504,0.940883859259529,0.4638108627595174,0.426693922105247,0.006726787269436235,0.12823236301680765,0.011197478892940682,0.44629577265357706,0.5841100580094948,0.01669158319043768,0.6880230082040268,0.47660817803997846,0.3407267998409251,0.0008640508071962219,0.1874226915631733,0.0003959569470457897,0.39349984739170085,0.6497585713048452,0.004806650519616937,1.0028236489858127
opened_later_half,c2,0,7,216,0.2660989474972718,1,5.772631974548685,0.37890724160588174,0.3191491330777141,0.17479712618869117,0.3586278367188382,0.002370601531813945,0.5058526460411881,0.7281334864420705,0.5898653203371071,1.0180904097477144,0.4998416209823671,0.6135456539890431,0.0001217733579068059,0.1921584588653008,0.013000506031345949,0.5400972301475034,0.705008506937119,0.00036532007372041777,0.8045033847096883,0.4606047978808188,0.4954866487967384,0.009482433537792193,0.21207525604946,0.005033848763349164,0.4108068278386495,0.6149647118142378,0.029408988445032966,1.0916761756908935
opened_later_half,c2,0,8,164,0.13800629337531628,1,5.781491931323645,0.45415621195333616,0.48623757527257666,0.11374376953130647,0.3141306179664594,0.009367611570041883,0.5049619624184066,0.7159647492308173,0.5189119094461117,0.7974198579883638,0.5189264504965629,0.5210878527192503,0.023259906829323235,0.18961905907398596,0.002877883629660162,0.505112579681186,0.7401788581949927,0.05664118083317473,0.7914102628967126,0.5222591932309847,0.5547847149899054,0.03675192614375396,0.19291816242395068,0.004482696690657874,0.44159903494738395,0.6611889422872377,0.1422167454562582,0.8895424086247824
opened_later_half,c2,0,9,224,0.2402984284213953,1,5.810461686483107,0.49312249908130834,0.4137916245432717,0.13947242471063453,0.2211774294611794,7.739828883202005e-05,0.44194951505497854,0.609178829009388,0.591327851853353,0.7292764061793859,0.4925771178200809,0.3518622289354678,0.001304305386299286,0.1435233706516918,2.7074724984747236e-05,0.510491811761599,0.6489635947569204,0.00782353102731197,0.8895594669201078,0.4407760658255594,0.5340021123012153,0.038115713025327305,0.19208298133691126,0.004784430906163897,0.38644498766664176,0.4802003133546526,0.19298826398696636,0.9200846123946508
opened_later_half,c2,0,10,173,0.19572874521791583,1,5.764680744276175,0.442282194641918,0.421516157867858,0.169213370962043,0.35615900638175757,0.07000595322080592,0.4552115062900198,0.7063213363685742,0.7242629404550927,0.9504134235114877,0.44825844912806173,0.5291505370792314,0.0011655092303634903,0.12429208599934186,0.00028838320790476303,0.481325206219751,0.6490210872799173,0.006687102314846511,0.7606968719442063,0.4818274364767164,0.5809689971897106,0.0005984916342484225,0.09046536409220707,0.009830562444812483,0.4493004621879406,0.608030716047767,0.0024539604921452315,0.9794917377566466
opened_later_half,c2,0,11,195,0.18837973150621135,1,5.6757800329922885,0.46367964592831107,0.49918965471351795,0.0920246948366655,0.2796562204779822,0.043386760208706764,0.43332012066806325,0.662155136678063,0.41294613851973,0.7038859713779312,0.5222159833328104,0.5433378246669913,0.005269309329643163,0.12581764148174845,0.011422443462253264,0.47445558723140274,0.6344640296558379,0.03161585597785898,0.6799185304017764,0.45821349882724083,0.5300930272509431,0.0025211133484366434,0.16624462578441204,0.00043598257309755787,0.3646058287530697,0.5351109897195928,0.011379670046739438,0.9539382930253759
opened_later_half,c2,0,12,192,0.17560756328143345,1,5.891037158405151,0.34828350505591127,0.4054916048640796,0.16492523715288165,0.3137879524341596,0.0006821853680456637,0.4479890063904922,0.6452954439606543,0.7135820392330908,0.7681673688806973,0.4665649577215351,0.5119210900652583,0.0014977188869406898,0.25468636372659365,0.0,0.47200804677456293,0.6967772609460128,0.00898631332164414,0.7487474881905413,0.41513903684801845,0.4902938043108203,0.031877010426925576,0.1778414698754918,0.009508423461528328,0.37311286005857636,0.5425809353338389,0.12969639816458312,0.88631543327361
opened_later_half,c2,0,13,205,0.24139217985453668,1,5.895679183084071,0.424908829055621,0.3660354539577195,0.1270158162711646,0.19481371872683761,0.002582775126588807,0.4504832121291923,0.708171533396071,0.6194890868696193,0.8672953977413579,0.4925555115581657,0.48801212290195817,4.3049290457167237e-05,0.13671094593897015,0.0017495373992850443,0.4804984509840125,0.6983022579612826,0.00025829574274300346,0.88915759803414,0.4800786090997975,0.43869404656231664,0.015763536630583396,0.14389062098164326,0.004006721213721026,0.3842961613931791,0.5720153677967765,0.06072445590080005,0.8870481679398085
opened_later_half,c2,0,14,145,0.15167631864339334,1,5.387741402524445,0.41876062834117467,0.2386471678365389,0.20360884236602855,0.3231710130926493,0.01809050027809312,0.5188365601828396,0.6940726483038753,0.6613615583401566,1.1603514205568493,0.5704624642566242,0.5239110976951276,0.0018574735329508765,0.15118266978777645,3.4576845953822166e-05,0.5351988143972372,0.7234254958124319,0.004390082285757353,0.8717706368423536,0.5230242251812202,0.5779546022481945,0.0010150376294908196,0.16629963307362697,0.007916034340528823,0.3787802248863801,0.4916529853211951,0.005744396259395443,1.2487533423335817
opened_later_half,c2,0,15,206,0.2766360457794971,1,5.840249455552807,0.4613236284533889,0.48779224372477503,0.16448333527673303,0.3775571926071434,0.05814938446178421,0.4362285654335989,0.7406467416695893,0.6827010551569916,0.7967999201329905,0.5334376481827086,0.568282913448399,0.0043789800197479726,0.16515433830313636,0.023820584590368045,0.48914813266532225,0.6599605087603027,0.017755424029980593,0.8077533185715724,0.49938111327846174,0.5199707655014218,0.02277264335744126,0.15605803501003385,0.0007915935978415777,0.33009054260388154,0.6005425316287647,0.10037682193951457,0.9350341784322818
opened_later_half,c2,0,16,169,0.13883552458131126,1,5.739254695058715,0.3836243151916195,0.4339735658360137,0.16682225858892447,0.3025755333330209,0.005825563172747373,0.4674847872565247,0.6357933956006803,0.7083046430073329,0.8590493701636689,0.46483572178435284,0.5040795399753858,0.0005500949461400896,0.19710375937112154,0.004658244965720762,0.5203507228091125,0.7664476358283264,0.002778466069551296,0.8492882890932789,0.4294113435689965,0.6270326906281123,0.022273406778064102,0.2038326300858409,0.0044802796196665535,0.4217039729974691,0.5880631427579566,0.0407754496212645,1.184945894216844
opened_later_half,c2,0,17,192,0.20087615468024325,1,5.7659517617400375,0.3619372184837372,0.43037287081738124,0.1669159570513039,0.33984085750212173,0.015182970932643813,0.5051376303292594,0.7399925465004318,0.6375786323908477,0.9468797784456467,0.46483378556950306,0.5308842560659472,0.0022721422056486613,0.17422251515343015,0.00034727004649912963,0.4723732129677838,0.6196193484380285,0.013459727605547525,0.8154442382186431,0.39726439151581366,0.5097952577899584,0.01601377886779777,0.1634500492778248,0.0,0.44961198355623966,0.706121786532687,0.039587855109681644,1.0049990099310528
opened_later_half,c2,0,18,166,0.11901916440644084,1,5.500212606589384,0.28980103306507127,0.39312119247103866,0.18662714298595562,0.3779242848035684,0.05446858424721277,0.5223671344084121,0.6492795024889857,0.6947590478157972,1.1345390736027468,0.4511076423399868,0.5723507685761763,0.0308285412107687,0.22409670108377933,0.006573006770240798,0.497631506159916,0.7450610686405057,0.1632970121643646,0.8587778183497975,0.3953078078141017,0.44705904293537985,0.00929686344018163,0.13395626611043873,0.007647482056347233,0.4448098118333852,0.605825469020529,0.02613628797351968,1.1666070937805737
opened_later_half,c2,0,19,209,0.20523278395191769,1,5.630361681532933,0.5299079458576311,0.46008356397765254,0.10884353252859341,0.30624741659711496,0.0009019801644711015,0.46437031012123187,0.6130982175069125,0.4386984095841038,0.7718074882866505,0.5015544342609226,0.5439675401669856,0.0011338588509246894,0.23726549020979598,0.038101530886175135,0.4793508047781078,0.7059954475243678,0.0029970269126596517,0.7756437681071185,0.5548999865661263,0.5142819976378071,0.00118747848991046,0.15497832314892762,0.002510448269556711,0.4757729579991137,0.627658568935819,0.007124870939462759,0.9303134583507566
opened_later_half,c2,0,20,180,0.14688123142183374,1,5.742936295801807,0.4257563019734241,0.44762969519379114,0.1629534637838881,0.3597316601612164,0.012791946730641166,0.4633891592615765,0.6813046094478552,0.6398303329666661,0.8488653358182231,0.43788641459578215,0.5047558303110731,0.005805136313343616,0.1738965135891844,0.00475413874190238,0.4924987273792092,0.7160688374488442,0.01923254932872913,0.7594824703563752,0.5159287543813617,0.46755360005524194,0.012338818057483474,0.2028173712365293,0.0021690648406477576,0.4405777628828061,0.6290974780985302,0.046994169358922214,1.0728891235711229
opened_later_half,c2,0,21,203,0.2120836488042428,1,5.674294645679194,0.4666754316153915,0.5232154093548763,0.144146389979631,0.37929063305394045,0.011917060346041126,0.4825612608144515,0.7145248998033705,0.5829523637705294,0.8615164725705742,0.4860931825157186,0.3953372283684984,0.007583039595517022,0.23261217412047877,0.01202838876690665,0.5243203148011946,0.6957262581943392,0.021519095550501816,0.8919658583185446,0.5194726525620394,0.4970209693890809,0.012190719362279676,0.2122379167106585,0.005529005637393925,0.3972783827854889,0.6110802919067517,0.06684717769683803,0.9484883446726716
opened_later_half,c2,0,22,174,0.20152121361144473,1,5.513563454481715,0.3682147569766346,0.41243392111954486,0.22290486229159284,0.3685833073167086,0.002720813024730928,0.5106081253190767,0.7281759426202918,0.6418955365038028,1.0108144001873678,0.3882947106193728,0.3772259137126107,0.0035549827369798677,0.15221160733742642,0.03833625410185573,0.5314906670115449,0.7917102230022205,0.016509668479185387,0.8627013230870154,0.45210904410583347,0.4763917251123031,0.02213051161006981,0.20737643438391,0.0023460096872849725,0.40326133095743666,0.5478426513537417,0.10511908435547115,1.0587834002737895
opened_later_half,c2,0,23,209,0.22936063307965238,1,5.857826034801147,0.3756354362862261,0.45343246939085374,0.15469830046506244,0.3053997226771217,0.0028487712105531113,0.4976052500070365,0.6547124537076057,0.5297369370225347,0.8397364563297416,0.534850687036141,0.4289029364176032,0.004129034300182215,0.22773488684464738,0.005001237940386438,0.5033926766031392,0.741248396313882,0.013780018730301515,0.8554458283676645,0.5126349333643494,0.540272119265591,0.02560467399483093,0.1035403561605559,0.002750586271727802,0.41576898295175607,0.6253763050447628,0.09982303740562541,0.987197844829974
opened_later_half,c2,0,24,188,0.2395400819523231,1,5.817117177659886,0.38361722685711364,0.38389279387958847,0.16171574987351583,0.32548271101866083,0.011901803820343797,0.4640995534179698,0.672515284984002,0.6014310087607656,0.9076803007129505,0.43827172342929677,0.5062813877284905,0.0008186047839811796,0.12899665140836739,0.003743670232296079,0.4949937510560072,0.7460927811351237,0.0024558143519435387,0.8457902795493862,0.42130907132282286,0.5084477668884282,0.011008928485133516,0.14073701540090539,0.005491289857936951,0.43257493120508167,0.5396887224881854,0.048561985041038556,1.0112036980069166
opened_later_half,c2,0,25,219,0.1397132046526009,1,5.868912522758185,0.4364374640656043,0.4069689410125699,0.1305902380112195,0.3014141999863622,0.005237067365469288,0.4372798169946272,0.6297987658639662,0.5646510551820714,0.7403810027084798,0.4460006080762592,0.5336036862767113,0.019791153431537496,0.2081086905017009,0.001863433722271659,0.4665235196496572,0.6160353990782147,0.06010857908803878,0.7363996632155462,0.4588417893047044,0.5699776965604506,0.03970360834014551,0.1645311203004574,0.000459436376838472,0.42314597570323637,0.6540627307753695,0.08274211471819952,1.041267559336509
opened_later_half,c2,0,26,151,0.2211855178434494,1,5.9452106496125925,0.46116837163851754,0.4884746864513014,0.11829357656515106,0.26963246132919827,0.00029955570739204014,0.4974707543492771,0.6307159026260071,0.5338154768756969,0.9351965601701923,0.45338772755407114,0.4876909004879242,0.0368210865960569,0.20887227197107175,0.0008324966769639598,0.5113744823520247,0.6677483043742799,0.11536255146018434,0.7432959978234523,0.46640302625893193,0.4701697988852674,0.006197050428753518,0.21062448468026634,0.003440446897598998,0.40521973916846354,0.5308023889953767,0.029177937653405827,1.0914578034390316
opened_later_half,c2,0,27,203,0.17834179131863895,1,5.530991031732079,0.3487673055615984,0.3652619488454316,0.1388661663786287,0.3211615383534506,0.00744423588370546,0.4642926506796006,0.6323865038521777,0.5249420105573568,0.8574200169513949,0.4543528557483811,0.4561100438303484,0.0002230048553472603,0.21424895800086785,0.001363647922353725,0.5145210016873394,0.6902948688835316,0.00101086493992352,0.8088091713265232,0.40627118229473813,0.6097485242690694,0.01326613229149151,0.1715281866157402,0.00885897042067423,0.38779927645479184,0.6988588015876573,0.048322443855330036,0.9862084036164397
opened_later_half,c2,0,28,165,0.15296971275890806,1,5.773043544483112,0.5131560158026766,0.4015442368688823,0.13192568528064644,0.3890027429105069,0.0037914990667965143,0.4625036219008774,0.7671832471005405,0.5538868615685996,0.8354819462086865,0.5559108758497772,0.5442335308278279,0.0013728515517186938,0.13598142517199893,0.02036974699708648,0.5065884650397241,0.681025309221851,0.008237109310312163,0.7933882338399373,0.43868429926993274,0.39800330432380326,0.01600135300729355,0.17669105978243166,0.014908476938434615,0.37956295045601784,0.7109813587485206,0.05251909348088665,0.9175043676625083
opened_later_half,c2,0,29,216,0.19376449025542608,1,5.728925487815397,0.43117869583276797,0.48752381260431815,0.14631258035904823,0.27103031567919317,0.00331079322334262,0.47913120967075246,0.6731980622994067,0.6142129731674699,0.8121423899630882,0.4946205298222894,0.5423476012330538,0.056450264831447015,0.20716246329188567,0.014126547164405341,0.5177060076977508,0.7182486806068707,0.16571475748207803,0.9009303182666193,0.48067408326502237,0.4895562342920635,0.0005943088722666059,0.18112458752288796,0.00011123606266800421,0.4717459509658054,0.6444720941010964,0.0029556701174524324,1.0655204024148182
opened_later_half,c2,0,30,192,0.19183672829434226,1,5.874805606905116,0.38086534586887544,0.3444418485994384,0.1241969331436271,0.21069423410695512,0.0015437202146561084,0.40855998370645225,0.606487484560638,0.6778839630506126,0.6565515834327107,0.4322645649691935,0.5325698986932044,0.0017120372463721926,0.15497239108031446,0.016174290638899632,0.42726334748518124,0.6640801876423195,0.008169745860804729,0.6027260289507373,0.4394061691997087,0.4510715686465611,0.0049979247561195645,0.1632245445128694,0.0024091002898129973,0.3744659150087029,0.6037421290823338,0.024554374107642447,0.9116801171249365
opened_later_half,c2,0,31,192,0.2373648815792229,1,5.276584054116715,0.42621460825398993,0.3409700082048405,0.19555528852543894,0.3366211278185842,0.015772872334806714,0.4699110810794667,0.685356068816881,0.5765392941253039,0.8466510375619902,0.5343735973105558,0.4354886305944119,0.01153539775072893,0.12051413588863685,0.0006678692356275344,0.5916047264570642,0.8186795824856636,0.06915445483902176,0.9642425603985093,0.4680659267890324,0.6120625121372191,0.011421267239447431,0.12589179968945038,2.517322806099297e-05,0.4640061084026057,0.6677678414197552,0.04243918553442452,1.1023604673923184
opened_later_half,c2,0,32,154,0.2187236329684737,1,5.603677421814842,0.3727822258559741,0.43141927183109546,0.15729820482709467,0.23886617484977152,0.00012256045124405869,0.5083478872664458,0.6813176034574119,0.6037693432698422,0.8593095602371157,0.5290480424281055,0.5103616952304447,0.0008783707773853441,0.1964984123272229,0.0058149416103304005,0.5183432901688096,0.6786220526787722,0.00470272656111336,1.044350624552615,0.5230480613877393,0.4117325632846879,0.007262088564657909,0.23667948498566332,0.012124227238608915,0.518640156377887,0.7326120970154243,0.0253024332988853,1.0496197730930379
opened_later_half,c2,0,33,232,0.1798649361725868,1,5.697247430197847,0.4347191393107618,0.45458208387075794,0.11401207534269335,0.2648764905565515,0.0,0.505117855532196,0.6762300372921195,0.50566387034983,0.7937902128765194,0.4928847277839514,0.5728816900942824,0.004369799419164641,0.1851325710312769,0.005167007214751799,0.5664477930469387,0.7366800584315243,0.01194772509932969,0.9437457914324782,0.48752470844395956,0.5021911312981373,0.007749954869851111,0.11143731003432103,0.013673778053385308,0.3750195934853297,0.5383405480419804,0.02584185417696893,0.9167357878616744
opened_later_half,c2,0,34,157,0.1440400750653715,1,5.587952648738218,0.3215861447519479,0.37531762707095817,0.17105386235918227,0.3477365881680075,0.0,0.5334827703057631,0.6981731559555822,0.6742498004107274,0.9840440970847665,0.40545973476677144,0.519186584115257,0.013288430154183397,0.09920757340297776,1.4333220581048596e-05,0.520473798400852,0.7167207567868641,0.04016983419902697,0.9165117928459462,0.4308551088969576,0.4305951528715941,0.007168623328651065,0.21177539017058997,0.003358353017543409,0.43581331256431716,0.5731219055121096,0.04156920164319773,1.0775469701161577
opened_later_half,c2,0,35,210,0.2421001481434067,1,5.703253075527911,0.42045340487757876,0.3882895704135815,0.12028975849070582,0.2562597158315813,0.03620504476009723,0.5112289366735356,0.7387469451696338,0.4912818062395533,1.0096442014181648,0.4609441690258803,0.5622276218829737,0.027882106143476516,0.19680005210110255,0.00963508886318291,0.4662627504068554,0.6630316988456694,0.10300923499854847,0.7324158173534846,0.4478151266795212,0.5083332557894652,0.015251521284320807,0.14722883007399684,0.0012581255008558242,0.4392851012583255,0.5862275561851021,0.06289180002245705,1.2340626820194351
opened_later_half,c2,0,36,152,0.16084472231999475,1,5.5024372881589585,0.3358119999923642,0.414793271367244,0.25802323343002864,0.3207599064468974,0.00014046687901347277,0.5290827119405453,0.7027949051343688,0.6296570075651884,0.9201253554448342,0.4978502771295669,0.412409519616574,0.00023667161901079757,0.11564365927801916,0.0009285708524670521,0.5022454113322775,0.7054911799583043,0.0014200297140647856,0.8773004113150374,0.49200908377216795,0.44897789405300764,0.0019101267490052153,0.18930901875121622,0.004758902006196007,0.49982282132651196,0.6856634965302477,0.011460760494031294,1.2609960790244266
opened_later_half,c2,0,37,203,0.24172620692825747,1,5.626180964876838,0.4053697481952212,0.39746487949633624,0.16384667189634092,0.33527378047010237,0.008934631485027983,0.46801183457572837,0.662724823797399,0.5652415920057415,1.0046380198237344,0.40976824396816286,0.4398998830097168,0.010677334460903487,0.17631336225182515,0.013989234643204123,0.5388669983556978,0.696628485604172,0.01915559545555771,0.9839751570159211,0.43674697001844787,0.5254968304929459,0.006638069395677624,0.09977348114434317,0.0005910354407161113,0.4240082556553329,0.5567348979499533,0.03802492266713727,0.9339011999790954
opened_later_half,c2,0,38,163,0.21257233054144967,1,5.742538046282462,0.39580084839142887,0.24707349099355788,0.2142857162630754,0.32913831638329666,6.115457289975253e-05,0.4597175740853411,0.6082099228540542,0.8162580994940458,0.9005409564871741,0.41355002484309344,0.5044162651107775,0.0006658917652976883,0.2123265152612858,0.03171860179934348,0.45033548657830563,0.6232054824919422,0.00268543354201066,0.7626433513201063,0.5180625765636112,0.5379128609492615,0.0015044285401504774,0.2646748665553368,0.0,0.39482810052730644,0.5773629879502004,0.007916073750645866,1.0382232704223777
opened_later_half,c2,0,39,169,0.1969881725011156,1,5.712141980766102,0.4050868382336248,0.46511872300100693,0.1328640122562293,0.29906878876411186,0.00011701854034969817,0.48194204153112985,0.6981142048167138,0.5287980068929635,0.8531183797921865,0.563397280977064,0.4464378564140536,0.005336822710963082,0.1243663597732001,0.022590271234371215,0.5539057742763722,0.6731607285959923,0.0167278299962918,0.8204166178380188,0.5358312319499111,0.44191155083670053,0.0008851428726336404,0.07186318292858712,0.00030884547121431814,0.4224291552845454,0.5843847838813611,0.0049048203803146945,1.0438264222604272
opened_later_half,c2,0,40,182,0.1606115328900058,1,5.393556019238818,0.3778580088861861,0.3611595287585877,0.21249260668244713,0.32692117642260754,3.113792810163807e-05,0.4578101713525007,0.7581902099782286,0.7720209116483898,0.7211981183757719,0.4675601537866685,0.3884418411532379,0.0007847021546917974,0.18779014434989125,0.010508874892957067,0.5452064774300699,0.7273487277352122,0.004708212928150785,0.8580922201567475,0.4309165304864315,0.5175338997941862,0.03244462204709066,0.2952342851517125,0.014241377456483068,0.451618571051676,0.6566617128137714,0.0694925533067032,1.1201544145050648
opened_later_half,c2,0,41,227,0.1908265733298995,1,5.9387685125727625,0.414808941191067,0.4509076997247001,0.15971129068586865,0.31203130260483913,0.006389637636114548,0.4681510344793432,0.685597594795633,0.6182321471395132,0.8489518766269992,0.460340375692491,0.5050445166318026,0.00898634063950353,0.16617258967006862,0.008094541474522566,0.5251611112465204,0.691508289362666,0.03694571756113336,0.894998826974351,0.46540975272543383,0.5019439022856117,0.008284899934651755,0.14273522478348163,0.008265835931721567,0.38612570271574004,0.6378864217599334,0.044249829832797134,1.017405811292491
opened_later_half,c2,0,42,188,0.18503057206949217,1,4.990419055350097,0.3606090641756616,0.4638527608575465,0.16749903505247968,0.31519213376523064,0.0,0.6265100752649669,0.7787755275682788,0.5940116576072734,0.89699809253975,0.4834203280849073,0.4341408629224432,0.0046946671565767355,0.1608046543944787,0.0016537261301417811,0.6205021022476798,0.8020137953807196,0.026925164476738324,1.1325935166671912,0.5065597594094126,0.3961178379643189,0.00366296774946041,0.11335410526600932,0.0,0.4888637101493954,0.5118362935105277,0.012158505558028568,1.0584631293693185
opened_later_half,c2,0,43,208,0.25139318946584993,1,5.562485729985704,0.37992664614224503,0.38895201669396334,0.13627652661236153,0.2711234459337639,0.00462674748546825,0.43212365378632084,0.6733104720487741,0.5440018588938377,0.729340452789406,0.46589423892243775,0.4827887956948405,0.0030114602561809797,0.136387843463008,0.0051554526605518056,0.5390732539030052,0.7197826813425073,0.017829132367918034,0.9415771070178396,0.44150581856352134,0.48177825146091835,0.008744140372113879,0.18188281325716782,0.03720655190182729,0.35359597772334667,0.544850921170216,0.02716792506879918,1.0018535194430247
opened_later_half,c2,0,44,176,0.21324186688518365,1,5.715617286409098,0.42018198572576854,0.37354749947378424,0.1660752948849965,0.2987354771008261,0.007597858138479628,0.47057434849193996,0.6870236941586483,0.7120872602963166,0.8489679433886037,0.4150673520073459,0.44425093229909457,0.014313847699365594,0.1575443666059262,0.0012134323169617895,0.5167035442749028,0.7242524047777128,0.046443014067146036,0.8751373815492547,0.3878659579388966,0.5589549634349439,0.017007536812479566,0.24315742435943272,0.00021414641827363574,0.450378827115549,0.6302286748183409,0.09591286478486191,1.0754331735191178
opened_later_half,c2,0,45,211,0.276651975397475,1,5.530647789087649,0.31022914954896086,0.40913839004896074,0.19674241651964525,0.4141895045330834,0.012185732875137337,0.46138156335776503,0.6655276893812551,0.6998694306177929,0.9379609950848028,0.4830230528772195,0.4082360868746059,0.004060612202570187,0.11032636436813664,7.453623660805515e-06,0.49538671005553747,0.6678077994977569,0.017303402768740102,0.791443551273579,0.45766641581555073,0.4880014594361554,0.03162285685649058,0.21003864650734735,0.0033223591069268085,0.3557901405914634,0.5526574063373966,0.09958167821610149,1.0385162071305316
opened_later_half,c2,0,46,167,0.23465233831102122,1,5.474163692533494,0.3507104433974596,0.4134097125498234,0.1806758259759241,0.3602434522570346,0.005740231787130933,0.5148368951399543,0.6398637870866228,0.593593880279087,0.9043352854960216,0.39964260364023996,0.43332060506029196,0.004951234992295372,0.18861165905784927,0.0035401127395090475,0.5043016300537823,0.7563627578519074,0.012398381877628657,0.7560000433316255,0.4276559635632568,0.46070355492228365,0.0009755245485852832,0.10539734393780949,0.005658026203840156,0.38876210606634487,0.5107716059983325,0.005266161815548694,1.0163185740398495
opened_later_half,c2,0,47,221,0.21298278926081218,1,5.863564371900954,0.3975725288767889,0.4233663254200872,0.14727195522815262,0.22441559242264902,0.003997778335887278,0.48253726430007005,0.6795821051285282,0.6332106514987998,0.7954093224885472,0.41995218669915785,0.4673406914617306,0.002478695599891311,0.19605488362317078,0.006639608351856102,0.5008254012401742,0.6821040562279357,0.007976457304585164,0.8267530929751878,0.5157043934408421,0.51911107373177,0.012686839138481228,0.16271831696704755,0.006706217381883052,0.40962835995051927,0.5993127875536447,0.06248959725750103,0.9615853688929406
opened_later_half,c2,0,48,166,0.13576039948069407,1,5.851308984013156,0.5135959779518456,0.4352207872976973,0.08982100342792808,0.2685911968871699,0.002506145710526878,0.4739297333709087,0.6575965207514428,0.3919313363730792,0.7873813921393247,0.5248020761008156,0.4138982215797915,0.009453314017679031,0.11326316268234189,0.001626517400770974,0.48224380669630473,0.6828745829432674,0.04030089890968391,0.9052461646984042,0.5635467725205221,0.42937576209962613,0.0016381774233465965,0.16635454702897906,0.006044914343804758,0.37765666336525894,0.6273870615325495,0.008014901038206918,0.9014758173514361
opened_later_half,c2,0,49,183,0.15967044087114876,1,5.70540656802499,0.3325579217090561,0.4763144187001646,0.12573806092077386,0.2703393505288664,0.0006355763386850003,0.4539280337232801,0.5953341817701334,0.557446609365508,0.789921772363737,0.47068505098843416,0.48240989480748736,0.001052547089040741,0.18963458211251216,0.001293749904396403,0.5451494384612954,0.7213004100298671,0.0043235107433532115,0.9472835783557179,0.4842109514886058,0.47994518233902805,0.018318968280479332,0.18581890748511198,4.607881327825513e-06,0.41720681786453656,0.5285537574769148,0.05351801635652883,1.0938051811281981
opened_later_half,c2,0,50,170,0.18277718873288235,1,5.703164470707113,0.3295260106704918,0.4977431135352351,0.15986550025375343,0.4014527500088019,0.09093761968482592,0.5025463801011226,0.7500121794778388,0.6310500855036407,0.9121945545060142,0.44507035652839955,0.5356522796791895,0.00017512724919814757,0.1639162312853201,0.0096491748391985,0.5207171457368157,0.736728497419876,0.0008511445894995089,0.8243036430345344,0.4252298700180492,0.5082014445470197,0.03671034342652773,0.2365051259364204,0.00018612297512391146,0.4185595573560124,0.6814532121300235,0.14670519920697633,1.006585866909128
opened_later_half,c2,0,51,196,0.22775591791046462,1,5.822576752903536,0.39867226272742967,0.48301026452298274,0.1232925985620971,0.3613940018883033,0.07296001477482204,0.45970214301870116,0.7279242306092435,0.4922704157825233,0.743658518979806,0.42748965210804396,0.4478592910597169,0.005697307845772978,0.15167559321521162,0.0,0.42676778110127794,0.6693443745805431,0.028540264878802898,0.7889426763235908,0.4223581423940846,0.3939877108216223,0.007636787361155575,0.1319529322136854,0.0042882691252556,0.4874976824117464,0.6069278836222124,0.03119712743693899,1.082906211352637
opened_later_half,c2,0,52,174,0.1598883358024339,1,5.868648646743108,0.42022295206185284,0.45821003340859073,0.1608349977277884,0.36176257708793064,0.019662056806685094,0.4510266597755288,0.6067468729189629,0.6900789934422165,0.8128218431848017,0.5082998915727238,0.5095276035363017,0.0020371960919691994,0.18541455620447425,0.013829001576988496,0.45463510589488404,0.6052040051886278,0.009639890620233437,0.7386597937166022,0.5229121582348012,0.522524442649927,0.02372650672769165,0.22593255437923693,0.015027140123663912,0.32030819366563484,0.5292955797013722,0.1353274809006906,0.9735550374558224
opened_later_half,c2,0,53,211,0.19719443828360794,1,5.927905517164229,0.46378509933829204,0.4723145664179697,0.12770084195122952,0.23781921581281412,0.00111288218181923,0.4909670134508295,0.710933509476232,0.6208599819650904,0.8944501528732185,0.4463712174617838,0.5350497401409134,0.008406171327710129,0.15472939045653672,0.004133256370048548,0.5072820753479226,0.70249588442034,0.03325791840123092,0.8971417668603184,0.460503214328555,0.5584197290889086,0.0057683867120606035,0.15651420994634094,0.0028100857892210587,0.3916898774749969,0.6068914252842538,0.025456483137219904,0.9890523983325988
opened_later_half,c2,0,54,188,0.14863689543679914,1,5.900691963699057,0.3810719044628428,0.3825911905168164,0.16778667922110893,0.37590399374758265,0.0012508210249959123,0.4859143165983591,0.6502776225636103,0.6232559132624605,0.8778165504363319,0.4624243679399174,0.4464929652873979,0.002850208917512324,0.12389199452292203,0.0004093107594621197,0.4201187679492661,0.6715846760900469,0.007930135456837668,0.6310916311271367,0.4535208800430174,0.5888727944452699,0.013604004216181324,0.2268122217305821,0.0009235109648237586,0.3877499355492,0.6180317247879417,0.06603970621831988,0.9426512430334012
opened_later_half,c2,0,55,190,0.16045388303485836,1,5.4528981939068695,0.36417007943816354,0.3391214840318485,0.178168263058678,0.25989024369835584,0.0009006370588465681,0.5056902070444623,0.6872142691346459,0.6118818147279391,0.7889395228577497,0.33997822895879193,0.49342143559470136,0.01102508108877584,0.18666123457047404,0.0008162584296992863,0.5083830979135211,0.7071814531250028,0.033104131625004765,0.9189337575757215,0.47004172170752334,0.5016265192921301,0.002673305439149587,0.13307500944604733,0.0044828472258602045,0.5151570614568328,0.749032917447865,0.014662205463943524,1.0510747204838955
opened_later_half,c2,0,56,160,0.21553099565087375,1,5.756982480067324,0.39301056050011135,0.40304743849276736,0.19080879252255797,0.3826263839067881,0.017517873823596618,0.46917379998490816,0.7245039483530828,0.7088712710555396,0.820116289509551,0.5315372570547935,0.5858292470482251,0.008963093758929471,0.15266172330490033,0.020821122550156508,0.5110667634888786,0.6925662891867207,0.04412237633217054,0.7358208084580755,0.44694042152290275,0.5081373157522658,0.0031722202549202007,0.10824931780682043,0.0037989308307270183,0.4738698059441993,0.7001139809543337,0.015075900260238355,1.0628287690584748
opened_later_half,c2,0,57,224,0.217205614882205,1,5.917458407455522,0.4440658779030779,0.4575066849670846,0.12035433777869177,0.21934920053635204,0.0038606019283361176,0.4129799462098213,0.6243762950773875,0.557995145039598,0.6525814854859119,0.45682228873023645,0.4721169407221736,0.0046237925791263075,0.1123478506836938,0.0024615640736948942,0.46443305445528815,0.6651904701598483,0.027728387610462712,0.8114452261687073,0.4807490274277171,0.43723437749730987,0.019564017343507583,0.1370116135258509,0.0001287224090676586,0.4111815369923281,0.6096283476054192,0.08623802629004058,0.9546101256650185
opened_later_half,c2,0,58,155,0.12244441174129815,1,5.63536582649395,0.47300365946711287,0.39144805169325275,0.1616607851314895,0.3133104620256194,0.011150655520333081,0.4864187657796907,0.7753664473207857,0.6386027019655071,0.8926359476509986,0.5173947636376441,0.528625886999555,0.026855964677583836,0.2843367269363664,0.008689180955262492,0.4434077283556411,0.6600237376161948,0.15405291939530305,0.6909998963264108,0.4945048178030622,0.6032733831596775,0.005473425801064665,0.19522446387840156,0.0020694349647510215,0.448277773842746,0.626230155435502,0.023354564458816274,1.132620772744036
opened_later_half,c2,0,59,226,0.20251945428483675,1,5.822943143515576,0.4390322725246029,0.3741585448742445,0.11814082380801684,0.2595906950222079,0.005745286663985898,0.4753170261778223,0.7004746302645143,0.5781329515906226,0.8064047340866771,0.5607645418271708,0.5327325394954445,0.007039305139449898,0.2689662127914616,0.01295332098167212,0.5511988861265745,0.7440518389300076,0.018591166801255176,0.8853860994019138,0.47630969391275274,0.5520524856375782,0.0030209159597453105,0.14719808002980408,0.015060901437037918,0.4133457599080718,0.6147990675938746,0.016790082810051874,0.9565864422255582
opened_later_half,c2,0,60,163,0.17203212116256342,1,5.783894776436635,0.4498836615023225,0.320595784147771,0.19377038739041486,0.3769551386147189,0.021306702708057422,0.47690225306212236,0.7399937653652331,0.6930574210130178,0.9857092256377935,0.531410108163015,0.5941311258733561,0.0006914217733500597,0.21559818428804617,0.008758935074464078,0.460458053820269,0.6563347764292694,0.002839713767317626,0.7994987566070394,0.5648485228333574,0.5394306679262028,0.002371785336336802,0.12805157781264656,0.026269760708200945,0.3615349149811378,0.5924515410653448,0.007944666804834981,1.0004909175520358
opened_later_half,c2,0,61,201,0.24728733910314932,1,5.810876963516015,0.4325442225900493,0.45447093298878277,0.15259592480397283,0.2825468620937786,0.012520701102081852,0.4528386681513094,0.6574724039180823,0.5316637940548781,0.8091957724486077,0.47632850086670403,0.5167524758314607,0.015289090703687077,0.17911719824457814,0.007268424969861044,0.5163727685737878,0.7739764236475337,0.07512220969814114,0.8115590421356724,0.5644330855104905,0.5651659796998526,0.04359723414628295,0.1670331870090333,0.00429223286670541,0.4527460400091047,0.6201541758838657,0.13951683827791334,1.0997317826597328
opened_later_half,c2,0,62,185,0.14798521965518474,1,5.712943203962852,0.33981129805025495,0.46432285475858065,0.16926880523557752,0.27646679317989636,0.0,0.46116436078754497,0.6836335868642237,0.6755375222417969,0.7644232136344983,0.4196306980478055,0.4284824363959646,0.0009997982925266042,0.16432143507729002,0.011554765573086608,0.540831617777298,0.694636115254286,0.0020023092033000962,0.9497489781313385,0.4331866967232828,0.5035182610495732,0.001043953062162248,0.15448261792991558,0.0002754948050055175,0.44053984909653154,0.5291144595709161,0.006253955575636468,0.990408851511106
opened_later_half,c2,0,63,202,0.21453455613107453,1,5.838926655684578,0.42385423898863345,0.40536457352923383,0.10057435352230266,0.3181922437671304,0.014443904957817593,0.4464807509526544,0.6623837632928092,0.475738107709246,0.8059769844602852,0.46637279447922503,0.41353673491186116,0.0012406495645619178,0.14554642469580897,0.008737572027798447,0.5181931909388107,0.7222332060677135,0.0024812991291238355,0.918017164002525,0.4139564157541654,0.48934552562327965,0.003254758186420192,0.2053471380657421,0.005612146270119114,0.4151710232077569,0.5979762864664945,0.018781728626046046,1.0808486634302659
opened_later_half,c2,0,64,172,0.1893963890419974,1,5.847034441287546,0.40949825948326,0.36555735030212366,0.16414908767355982,0.2477564917000122,0.003428976117392227,0.4742059605129305,0.6625380428117734,0.7948378855377958,0.8140011513249887,0.4928559163099077,0.650695802815676,0.009678156546679854,0.15431193782814734,0.004890074680080268,0.5025809349090027,0.7691609400827342,0.05804834900206581,0.8145787818820873,0.5938968477698152,0.5707862029143773,0.002534341987469952,0.15430451847610682,0.0011871519220696552,0.3703607642015077,0.519941556062251,0.008220596636542522,0.9676188317331696
opened_later_half,c2,0,65,225,0.2061411720528221,1,5.380815581845993,0.3129453181345355,0.3192091345128568,0.20058155041157996,0.38163605545757934,0.001105417175596977,0.5081570845468246,0.7220250567311061,0.6215376371352975,0.8830692708944667,0.4778076130496713,0.5079177186552639,0.004953703137270266,0.16954833401614167,0.007864104707007274,0.5710188080590896,0.7389268152197832,0.013553250544765413,1.057713844814778,0.4841378384517874,0.5207983835774233,0.011298943380543457,0.1622355492683991,0.001670699536694854,0.42980498373560244,0.6409876865601635,0.03957639240864397,0.9292532581884855
opened_later_half,c2,0,66,156,0.1314314798319785,1,5.922535474472431,0.41859771503787535,0.5278311010584557,0.181975293920671,0.35050232965381634,4.576948301932438e-05,0.46071527895700937,0.6222276230591635,0.7125603250598259,0.8931897316909373,0.46844232520318396,0.4773040631777017,0.004352519390526175,0.18013851338871525,0.004264634628692064,0.4412507634468478,0.6757644172029432,0.01015718972163423,0.7257837174797657,0.5188241268807946,0.5150521506807749,0.017060510623140807,0.21193421506287785,0.015340935255297537,0.3791788713509145,0.5506720554789228,0.05208683579999237,1.080730471171167
opened_later_half,c2,0,67,245,0.19169335582061575,1,5.773940462353684,0.47304496497837184,0.46524283861676924,0.08978797180654767,0.22490935854414804,0.013177671964063957,0.3860459173525424,0.6109049829623024,0.4214375932155166,0.7362621558926803,0.5227758430862945,0.4730857024052304,0.001872049497232602,0.21868627657647213,0.0036824974541581385,0.516763896001281,0.6556757026401597,0.008332319527064891,0.867290809800227,0.5018770401297942,0.4309963959388589,0.01800394266078937,0.14743231400529686,0.005176072402199502,0.4086304181480699,0.5910204796979922,0.04523749873836833,1.0226916675568074
opened_later_half,c2,0,68,164,0.2569149664611535,1,5.884326496765867,0.49443927387704567,0.49485136802459206,0.1683217073520935,0.320695282247855,0.0012186013692083307,0.5015393333671124,0.7502155799822258,0.5900217588829854,0.8923667549606307,0.527557949778869,0.6357729934573179,0.04477355882424217,0.15277821199866068,0.008187238300215284,0.4889713253538546,0.735421501468613,0.12091890332820625,0.829121642530489,0.5450214086709618,0.4808011310647202,0.0025719808518312546,0.15299312377850174,0.008805805056997863,0.38257014929072347,0.6530172446784818,0.012767348196917567,1.061866330755272
opened_later_half,c2,0,69,222,0.2657415378238522,1,5.721929967754875,0.36526557846087965,0.48845023164248447,0.11688821895306806,0.3137014923783905,0.014957881310607164,0.4884876582809094,0.6954464814611035,0.5077792919410166,0.9173305737496835,0.4882572164977327,0.5362904153055912,0.01026882864643465,0.21566328965498105,0.004720563958938139,0.5184570318814345,0.7171727176895056,0.01647006853873537,0.884641587766554,0.39512352065707884,0.4789599367195644,0.02151632003852494,0.12885778596378944,0.0024164908172179885,0.399824276906092,0.5550834295129689,0.11110084690729488,0.8880886797997899
opened_later_half,c2,0,70,155,0.1404994601973862,1,5.911274835907422,0.45730450893071334,0.4292555971433181,0.14049143604543615,0.2700005032097637,0.00021170486482831937,0.41817707880823046,0.6767679384210613,0.7430619480126539,0.7403631366754176,0.430864177366911,0.5499762495476372,0.0021994399329504726,0.17675583482976795,0.0011957502274718603,0.5374619194210188,0.7825213125392967,0.005402530556379398,0.858363816882442,0.5557658799406207,0.4379824377763037,0.0009964023010233653,0.14587605422075675,0.0008013326124670718,0.40946281819545627,0.614910646046083,0.005681661279213182,0.9182993676979871
opened_later_half,c2,0,71,181,0.1570809792610968,1,5.657707286757169,0.4079938941297758,0.48732719682080167,0.1195637409851635,0.2643732967110692,0.005461594303988859,0.5517770029111624,0.7382913364231579,0.5456074939764755,1.0232512158090454,0.43526747135102384,0.44707869521999943,0.013278315947929423,0.18905996255262547,0.006822707262795614,0.5086544505427447,0.6514428739355418,0.019419116840352524,0.8772019016677416,0.507177690095267,0.4883774631729464,0.023506220239669737,0.16107493351917393,0.00918585390855296,0.42670894958082306,0.6197171275818494,0.06131113952825047,1.1535586783006972
opened_later_half,c2,0,72,177,0.1884385769102231,1,5.534475560606907,0.35009159002750073,0.5274816971260627,0.22494217890785168,0.3919439075660502,4.1010660567102206e-05,0.4671353828220353,0.6858280799419383,0.8443555809595494,0.7355200382837677,0.4306809909113863,0.5246217596387541,0.0032236880640479602,0.08807530315686429,0.00040203600209157944,0.5049397439152388,0.6693429249418889,0.006476073557495885,0.6231603116015674,0.5068281800765498,0.5287224917084147,0.0008394611013393364,0.12746278854705648,0.006277440574377132,0.3912852193122463,0.5945780727868756,0.004804337678022422,1.012786355389814
opened_later_half,c2,0,73,209,0.23696009215750055,1,5.551456652526114,0.39024227385555504,0.41161557971164103,0.22345199537361535,0.38298828976949467,0.005896526252651262,0.5312143682170898,0.7371333375917837,0.7884158696287182,0.9761956890660396,0.46107126795869147,0.5192728154107825,0.0,0.13784766899606302,0.00016720065827627198,0.5853376582363696,0.7262925252759773,0.0,1.0015269832453486,0.48842415489684227,0.44856908068004286,0.010390059247865556,0.20486365252201777,0.014984117475887812,0.44417579947544295,0.6376837547323692,0.04181236573037149,1.09531944348164
opened_later_half,c2,0,74,156,0.1659699790412121,1,5.445476677781738,0.408356319101556,0.4655400713151583,0.1759940848102694,0.3065057914732668,0.004083295384867287,0.49474201714213073,0.6480225253462066,0.6858556920189062,0.9064811172460454,0.5268338652842675,0.5191411459744658,0.0019054432754317609,0.12620783087830217,0.005148123233442352,0.5357976873280367,0.6708773121566733,0.01129653703186162,0.8324470492792595,0.48355153726316324,0.5317530603656807,0.02294044636059455,0.17229902345344375,0.021858483349263998,0.4264419090106793,0.6339755027421282,0.08359376219992383,1.148634802130681
opened_later_half,c2,0,75,217,0.22147863748568258,1,5.839317993157867,0.4084939750546806,0.3607226078907548,0.09198728394900338,0.2556408257711594,0.006962385574843374,0.4674254005209371,0.6728393277221079,0.44426260418138597,0.7643258283133729,0.48854162979226956,0.5374025964525664,8.873382413493944e-05,0.19673747588204762,0.0034200567744569884,0.46846283313691667,0.6719634860661996,0.0002104405487170574,0.7965361262608638,0.42053986263655846,0.5544067291149194,0.004006887902752521,0.13235105476916578,0.008028440959567788,0.3999718440609155,0.6088374741039797,0.023989918272042995,0.9744695326790103
opened_later_half,c2,0,76,157,0.16516938503642323,1,5.755537498003069,0.43369873297011385,0.44320056538141817,0.17856378726284786,0.41152210904558695,0.012511335631296716,0.5032996229810504,0.6709764140912583,0.6848276222096331,1.0141115089134314,0.47837577231300216,0.3770938994670158,0.0008358973857063942,0.20457446869264645,0.03426549228273317,0.5224556328530426,0.713256137798658,0.005015384314238366,0.7696716668108975,0.45008556400983796,0.5751868184243661,0.003388981870523891,0.20667301736381508,0.013518809627449451,0.4157986598863947,0.5757439061289554,0.010902719459186973,0.8799325757866273
opened_later_half,c2,0,77,226,0.23717838523668003,1,5.740952818580441,0.39434391508159217,0.43506978507535343,0.1592352453951109,0.3440225031882403,0.011643065230918858,0.4575872190400569,0.6529587850118422,0.6598113255908625,0.8708151004664907,0.36659062257159974,0.5112039244451563,0.003083245047203725,0.1761720396382201,0.008549083491719931,0.5073024951283381,0.711239951015986,0.006998701632578177,0.8982876606126147,0.4710080093211314,0.46752826899845445,0.011935554948075834,0.15637116029990497,0.032066098874851165,0.3838732586344836,0.5726036344712581,0.05509647675233893,1.007666871408709
opened_later_half,c2,0,78,156,0.17802126814723676,1,5.867997706489076,0.3483219942272957,0.3845443757511595,0.17445093956473745,0.3496728946989795,0.02507292618884091,0.4841084690350066,0.697012480234978,0.7505832889281333,0.8927933550566415,0.4568489437939488,0.5615926985107718,0.011101861933268235,0.15137481656771404,0.012505861864623267,0.5091460497198892,0.7318089484119413,0.04212370072191418,0.8310877944913242,0.43402308940221174,0.5839849748779838,0.004585381650608433,0.18309065109287948,0.003724126685370782,0.4362380937891454,0.6342907344364386,0.02309649695270242,1.1094292910881185
opened_later_half,c2,0,79,192,0.27608456277025345,1,5.740504658648919,0.3706650042740776,0.5024069256857127,0.1498548085150285,0.26606254832998755,2.837197463057831e-05,0.46392172191528674,0.6643015016302486,0.5782285193479826,0.8464889927419316,0.49729752408676964,0.4901426457779361,0.036319270567817606,0.17905106167821735,0.0015975083639506976,0.4995568107568624,0.7168353341185216,0.07552462456453439,0.9057960917992633,0.4237036993147503,0.5462961805417148,0.002549073224120295,0.2063597937141553,8.809178528854318e-06,0.423596426169818,0.6438315165608128,0.014736161899471504,1.015972683732356
opened_later_half,c2,0,80,189,0.1692797626873047,1,5.912166922597402,0.41461079795911226,0.3256875434724129,0.166195106080302,0.3673641744788986,0.019384395355287885,0.46889411447230517,0.7171290021401792,0.7543188384392054,0.7924708068071153,0.4935492641530889,0.5263034883412706,0.001528589200951928,0.1571275548268526,0.0,0.5087514230807308,0.7496438600455032,0.003057178401903856,0.8191916715315307,0.45713603701207534,0.4634710721457822,0.01681481469603061,0.13689811450310502,0.006334294608198629,0.41324308556902367,0.6152451512810986,0.07338937536664329,0.9695639406282864
opened_later_half,c2,0,81,215,0.20644006305413018,1,5.804596868916379,0.40911411638008577,0.3423220412803061,0.1352124308925587,0.2901758116473855,0.000710571337628014,0.4777080511039587,0.705168285907809,0.4992979551010978,0.8791791677659183,0.3937095587553022,0.37107403448825654,0.00505374865648332,0.11952993690502575,0.0012136193831084022,0.47412479472564567,0.72739104530354,0.017329211113413054,0.9271005771821357,0.42159374150954104,0.42441035211967626,0.034748397371729633,0.19393384157810922,0.008751175112831616,0.41291063421957674,0.6353376183705023,0.11504397718300258,1.13538995707655
opened_later_half,c2,0,82,192,0.19215203872880002,1,5.809905729750569,0.3509226287915077,0.40916002424609005,0.1515145474065617,0.28555409184418495,0.00046517923686968974,0.4780046636017868,0.6958395900345857,0.6254243249855077,0.8564404493029573,0.49925200169978334,0.5838860015681188,0.00024617439934030674,0.1347695201571078,0.014918043648181598,0.43522552568733,0.6372351791997517,0.0007385231980209202,0.7247076521382224,0.4348175957190902,0.4926709205779612,0.012232059498696022,0.13629387157735776,0.0008674761083743042,0.3929748278870218,0.5245230288968743,0.03531445650087256,1.0435289087592758
opened_later_half,c2,0,83,214,0.24578070565928595,1,5.57802771517481,0.4459034030821152,0.4636108749012078,0.09717261578147184,0.26905771746086155,0.0,0.4770202899338967,0.6989085591271893,0.470115835283741,0.8933930165460027,0.46650803166856203,0.4915567774285136,0.004486622819593318,0.16287846761507582,0.006526324166704709,0.4961657319871612,0.6017928768051571,0.013506012971004844,0.8174356869754807,0.47581610862757007,0.47299734270847466,0.0020433063267429542,0.2098431030041857,0.013730443625184522,0.42123913286031794,0.5579512574967276,0.011940092209218437,1.0463012161275373
opened_later_half,c2,0,84,171,0.20789274009425815,1,5.790919694122998,0.460924616002179,0.509987967642563,0.1603481536167995,0.34114640535111235,0.01912138093050339,0.51574413432719,0.6690249738282722,0.6329493385752976,0.8256385997347455,0.4540494401781147,0.5047594000145829,0.0,0.1606358408054653,0.005291416978207956,0.5058412038455622,0.706218428607692,0.0,0.8167282077862039,0.5481334571857448,0.46888830050564856,0.006578835191525965,0.17351580252461588,0.0034558019600180166,0.39402939311888197,0.5677853821109363,0.021886275808583204,1.032661189148103
opened_later_half,c2,0,85,200,0.18631574933865946,1,5.638606264688297,0.4341646748631759,0.48731737475244474,0.13248486680766647,0.27676590216714286,0.019620036013172998,0.4833957919083385,0.6678017959836163,0.6324383942558235,0.8191048261646301,0.4689263408647275,0.5724330359178403,0.0010493430483791762,0.16328184006455562,0.0019291964594003177,0.48245711480314785,0.6466293256020874,0.0027485504822191524,0.8374356639714295,0.47410812005962943,0.44278913441874124,0.013335122788810364,0.12638726783901402,8.410992786610226e-05,0.43347858496532166,0.6396820248533637,0.07688418980249573,0.9922563901403563
opened_later_half,c2,0,86,143,0.16538012550432493,1,5.861068186100101,0.4111983322615793,0.4904338808622422,0.11913457534749294,0.26334439039562113,0.0021444523971305414,0.4840525287698884,0.6511506780818943,0.598746710923349,0.9599537654739992,0.5243017200247672,0.47470531247205483,0.001408419736280293,0.18301891198243425,0.00016114612607875663,0.484949454258666,0.6800322358004889,0.003184446843082267,0.7742684867030805,0.4528860281293046,0.5303259594799157,0.031001942984169025,0.22679531615052306,6.052733611486751e-08,0.40183788631767,0.508797537292253,0.0975861303342217,1.0685324093684263
opened_later_half,c2,0,87,196,0.26214851402113926,1,5.811472306997711,0.3883585928515706,0.3821505850026477,0.15058619792894792,0.3074218262267897,0.020551159762254637,0.49427312164140175,0.6637052475244393,0.5621749697546186,0.8859648789090777,0.42405616942917795,0.4619227192249955,0.04587491026726211,0.15120625510702732,0.0023782222243930833,0.4813987532063018,0.7065625764253047,0.11502620402405678,0.7397114903556183,0.4805429262149737,0.6353209128515362,0.022069151477969354,0.15342563333886972,0.003128455193158162,0.40799012029057274,0.6479692117399188,0.10782557677217974,0.9909872562325304
opened_later_half,c2,0,88,184,0.16649471293892174,1,5.95141608220695,0.3727013747203108,0.43479878543729705,0.17291959776770766,0.3849802618444979,2.378885229487301e-06,0.4665899506734195,0.7023389710468838,0.6516839127431971,0.8857893326499635,0.481936859914225,0.5142787076684068,0.0,0.1772594561090754,0.015335369155202665,0.4971344634589234,0.6723793320013591,0.0,0.8102340579410803,0.4321221513600169,0.45240855955035764,0.03571272441641493,0.19030113921197786,9.863647931875753e-05,0.3763800385472903,0.6114130354584698,0.13595214066818695,0.9945577348635442
opened_later_half,c2,0,89,201,0.22725389851955266,1,5.464239250167084,0.4699645172323821,0.4686682954943194,0.09341236408680197,0.3287948502364827,0.051893405251028396,0.46100816209747325,0.5562348502894316,0.42207823187786814,0.7640678123521056,0.5313985570648928,0.4603872131983863,0.0629530661236564,0.16891357639025134,0.005269699809324675,0.5192967360299402,0.5704583918815626,0.12262332835552642,0.8199933494402389,0.4645057929242574,0.45832659383096774,0.002029572826522448,0.18146412801823691,0.00732998671222308,0.3468249579165948,0.5816054801878714,0.012177436959134686,0.8838140067042588
opened_later_half,c2,0,90,182,0.2707476930413642,1,5.724854200357971,0.32046146592423863,0.3663899658119215,0.17765286014330217,0.36654418457747084,0.0066584818796158,0.4861665453173302,0.6473747481105911,0.6842716442715161,0.9376055649965881,0.3928462798735866,0.6576284158350175,0.00046856573320759354,0.13812552548864443,0.00038792985980346965,0.435505513497934,0.6186341464241139,0.0014056971996227806,0.7892142054683893,0.43413354073066357,0.4705466898834927,0.015666110768384686,0.18795544751299986,0.02054767486931957,0.40752215810561243,0.5084304681027279,0.05921021930035963,0.948724536664169
opened_later_half,c2,0,91,216,0.26853095348874984,1,5.68272127961717,0.3592847454094014,0.47310284501585825,0.11480072305704392,0.23905711510605734,0.010939491342661709,0.4655704367902795,0.6389368857431819,0.56012989014079,0.7642100570786005,0.4824455387305248,0.5391582779837029,0.011412734619607392,0.20819743966223134,0.011917318834096014,0.5237760510383739,0.7482605082351746,0.055429077469773894,0.8925251558272879,0.48243658509966747,0.5330255979889497,0.0006564030151297751,0.15059666193721477,0.00010568875335586855,0.37563841585751845,0.5847899509769999,0.0026783349633366696,0.8771208060513932
opened_later_half,c2,0,92,159,0.1212990922522375,1,5.718618882939754,0.3783673826220472,0.46251939015094407,0.185172373254705,0.38799626158387707,0.0011072364654767886,0.511581470628475,0.697549290606518,0.6447503538775996,0.9565449311865968,0.47733065466940355,0.5067261696300901,0.004101679584458074,0.14030395455689862,0.0006535163889983999,0.4849954184741703,0.6823558017362888,0.01397827820785753,0.7664449709675364,0.47874635156760964,0.6381642778838076,0.002200131700244697,0.14265881722693838,0.016375935379786745,0.3970719481285219,0.5450773055251673,0.01315442150446927,1.0751695000385748
opened_later_half,c2,0,93,201,0.2552466817032807,1,5.630606919772152,0.42122333681146057,0.39233901163541984,0.15116949472130228,0.2533347400693094,0.0060044786553812984,0.5180462475252264,0.7340820815528536,0.5753874727599662,0.7732889983986855,0.43248339545980014,0.4563056710975736,0.0007013727900537389,0.15448719393066998,0.042166256958847945,0.49759429835851504,0.724289014214253,0.0021393649625926414,0.7796679881860729,0.4598317957113928,0.41400321513377775,0.0111283378875189,0.2076064315776323,0.0027617908718285964,0.4391745345818748,0.5394137935747796,0.06653229120631497,1.0426288367201888
opened_later_half,c2,0,94,185,0.20595684314997334,1,5.798638198717852,0.4462333819806113,0.3623361719387839,0.15722342059645075,0.3338045604787588,0.005519041978711369,0.44466513818716064,0.6618572055511854,0.6897760467190563,0.7892507703444059,0.41941841315252193,0.5537187574225878,0.0007150598555828088,0.1664265199240038,0.000807628547025,0.5272840496911452,0.7360200601376501,0.0024013795102121823,0.9395711240888744,0.4632043012377791,0.49502387916167634,0.002808672921016054,0.12533225227865008,0.016396145304452058,0.4081572451651939,0.5802139308837768,0.016852037526096323,1.0387488117479815
opened_later_half,c2,0,95,202,0.30327630197734395,1,5.836982621595154,0.45114150821035653,0.42974393815164286,0.12171367580423764,0.2757350845125275,0.02860808044113757,0.45312416006855205,0.6753530365161398,0.5645376650429369,0.7600401183408628,0.523960224111014,0.3904520279057457,0.014845552640157387,0.20376194481951473,0.0010083300913462758,0.5465480102040767,0.7548979432353226,0.04393938014135628,0.8438517393144472,0.5837919137236159,0.5035875269139307,0.013429945574753074,0.21186334368162543,0.021270560766053787,0.36717489027601297,0.6177262974153751,0.06623667838414915,0.8817066881878409
opened_later_half,c2,0,96,161,0.19464021430565615,1,5.919561439733638,0.4219784100919666,0.41401933063396457,0.1435922786138325,0.28935137415292694,0.004145290594394511,0.44287732761003,0.6742707390343115,0.5279923512780132,0.8513831135710167,0.40800313387959464,0.42511663795100146,0.005168656085254947,0.14616809519762705,0.06640064709935078,0.44027408150304853,0.6462056932758121,0.010337312170509894,0.6345067619341941,0.37931414287042986,0.6090312500453433,0.015144735625324304,0.2014205503297591,0.06907560200980722,0.4970260054813764,0.7322948242053232,0.06655985044538255,1.0846843359198157
opened_later_half,c2,0,97,208,0.17547064902974274,1,5.839563274309641,0.37779548780923633,0.4276651650426621,0.13810915084159103,0.28552412874721433,0.013561353852536697,0.4616809362175004,0.6580852261429698,0.5751159091776746,0.8093188063668604,0.4786858625892382,0.5712776263175579,0.002072027680900966,0.16934356648846613,0.0017393333097962932,0.5008849691837979,0.6925495691433935,0.006277873024706538,0.836457119678283,0.5159514611931444,0.467370899816459,0.010678296922845627,0.16087210443877387,0.007394496485715654,0.4147344657809336,0.6160936780112702,0.05013976238706326,0.9784325160125736
opened_later_half,c2,0,98,171,0.2170848260010323,1,5.829553421481546,0.3608796416738771,0.3194423179373774,0.21825822106948126,0.31699958305173814,0.002560892705342547,0.4989739628057008,0.6479067553861613,0.7165744702656919,0.909265020342098,0.48027031604091913,0.506913790599134,0.00030412266599669224,0.13696109300609496,0.0009474346656780702,0.5432773387065293,0.6802539816621984,0.0009123679979900767,0.9026013761672081,0.42601387874035923,0.5901359753783679,0.011726942077144495,0.1455566636689886,0.0016608357460224786,0.5043633741683456,0.6702738020533892,0.040746646484552965,1.1143874099930127
opened_later_half,c2,0,99,203,0.23429250047152228,1,5.382778996607453,0.4009384484758957,0.3970471318935153,0.09719273795714145,0.2017827531236606,0.00829776915747035,0.5622409939426027,0.7405793543852496,0.4792851241162664,1.0083092089886165,0.5359636587397092,0.40616220363883376,0.0023712469364276473,0.15091626882115644,0.02225109432067286,0.5367639530250314,0.6780988709502873,0.007477375166743411,0.840339765194072,0.5063149438208783,0.397898151623571,0.012070341383118936,0.16689406271181395,0.004694241019425947,0.43202023112211796,0.5227401098431083,0.031271478882171716,1.0355993681903874
opened_later_half,c4,1,0,214,0.19188004590514174,1,5.852706258654843,0.38947526876169086,0.4595467512842239,0.17284233727612663,0.27211737882090287,0.00664839352078819,0.4265433899748461,0.601551056312748,0.6955544776269996,0.6858089672876263,0.45906296857223755,0.5938615346102614,0.0009248465661902784,0.14359070028917595,0.004189439609643867,0.4963493511242775,0.6860693177129631,0.0033466826721879985,0.8200139916145983,0.4859751563816796,0.6022829232877892,0.0013057456111674687,0.1423705709959521,0.01385320627278067,0.38550084177097943,0.5064822622375578,0.0024180700063467946,0.8679142934914847
opened_later_half,c4,1,1,156,0.14139360332172216,1,5.740352214737353,0.39524128304916134,0.471400831671542,0.14326399795927725,0.2695542476558037,0.00803591954825227,0.4946357506660285,0.6792721760484084,0.5664821681240143,0.8836147533132602,0.5190826524408512,0.4154530884582695,0.0015161631035129708,0.1870119578846852,0.018504414945095436,0.5072570647840569,0.7060306465064817,0.007143978711030402,0.856331419563254,0.4965656098794151,0.5210515016151922,0.006391874623826713,0.14388734876991016,0.021854657855887798,0.4017592369782279,0.5196869315824987,0.038351247742960275,1.125060439142191
opened_later_half,c4,1,2,191,0.12326504782412617,1,5.692048886938581,0.4225614791044979,0.37299751928035824,0.1805496145184363,0.3835632743183985,0.012172630987360126,0.48850669241380307,0.7521078696514886,0.7294570593035885,0.903044654774992,0.498331749919106,0.4457725988428109,0.005068804927547992,0.1534157188071076,0.0075489267119248325,0.5232030776760823,0.7781340710529712,0.02004748198859927,0.9255724555470117,0.5280610606272975,0.4762124276375313,0.0059263588151213095,0.14258809677298492,0.007454272969210129,0.40986761453293796,0.6693140619141381,0.022804968344847767,0.9465390853368564
opened_later_half,c4,1,3,166,0.17079251851137928,1,5.869740466815583,0.378637077992692,0.3829569706655819,0.17620167261980976,0.3433883091712851,0.03110812671585436,0.41659036410183414,0.6687014145473513,0.7876521515813486,0.7661933943491821,0.5297384636287605,0.43239435910576174,0.003878550940039465,0.08117537444511111,0.00016217933564404607,0.47222331984846116,0.6467731784680848,0.02215857295364621,0.8926222986474758,0.4671607742338391,0.3993288453972885,0.010618663163768255,0.17538417154561656,0.001235090684509758,0.4539776375825854,0.6988626305303831,0.06371197898260954,1.0590259326256097
opened_later_half,c4,1,4,185,0.20109700606538453,1,5.7179470812158515,0.4260309341884706,0.5390223146453247,0.1462688730037735,0.30398281901445706,0.012905460975067746,0.44888727359845154,0.6854779571017591,0.6559460844761114,0.9052562572060597,0.4481532626617083,0.4466118769443669,0.004850148182100404,0.17809789996285716,0.0010026261668420594,0.49389044261908005,0.631122720121328,0.015258459452325094,0.8202898696204246,0.5219370489711109,0.5385945857638088,0.028663105276222407,0.1651104086496344,0.014010725706293156,0.3877426211849875,0.5692587501057527,0.11615553052175166,1.095187429518711
opened_later_half,c4,1,5,162,0.1549287321555243,1,5.964265754987047,0.43635751317420834,0.4472889276204756,0.1355182316714015,0.26014190350916283,0.021616983066337945,0.46291708693742434,0.6554167133153039,0.5407615839541122,0.8830254760014552,0.5003122195751109,0.588467593333949,7.915374692031955e-05,0.17894263087819712,0.0003796290754950755,0.5017401859188546,0.7094305498536109,0.0002938612355458269,0.806368032833643,0.4543305153888247,0.4144327579479728,0.009155602715751238,0.18975060810853311,0.004358793995158006,0.4341561339729319,0.620867957538586,0.05408045753990284,1.0192910806180342
opened_later_half,c4,1,6,219,0.18719942170666728,1,5.783319507221913,0.4114720053999605,0.5213985904203837,0.12126790778557413,0.20725380303378602,0.006965671196690488,0.41479954717120415,0.6404295205142408,0.4940724385614268,0.6799001296378125,0.46786840607248736,0.5428895790885915,0.07540568301129891,0.3057477598212846,0.012242878956224432,0.47510076771419374,0.6882630110234118,0.1553515452816466,0.7498775937897206,0.48590147481902546,0.5309793536211879,0.0022318877121999614,0.19741589442895263,0.07915800501163962,0.3743908556642058,0.5191581518915033,0.012049861511109181,1.0081376727355356
opened_later_half,c4,1,7,186,0.1703723278073916,1,5.481425769134856,0.3484871743192152,0.42004984878174556,0.20164616614517267,0.4239931567482865,0.0030290689841922726,0.5071559418736484,0.6539577239276005,0.6729200460691744,0.7998835093462673,0.4473138631887325,0.44166960302256625,0.008783146230289344,0.10838816474264736,0.02317117852289385,0.4744594265712554,0.6579888710491831,0.0406136952334835,0.7493829898620727,0.4717767508103817,0.5491717935296886,0.011059219806928361,0.12358008375692675,0.0019890473551939522,0.38547052930644776,0.588937245975633,0.06064257884552679,1.2356615989734185
opened_later_half,c4,1,8,215,0.22492271824111995,1,5.891037532706234,0.3898094255573804,0.4728076290290759,0.12343555586437495,0.2881551303435861,0.03056070296457978,0.4098306475291847,0.6087102618025231,0.5783854777999174,0.8176491937545692,0.44917131801056875,0.5223765417862566,0.006070125194795849,0.18626697451832844,0.0013729478592806787,0.500228991163899,0.7064907966965271,0.020289607570205127,0.9926747928102247,0.4723163652405602,0.43293950104819995,0.0030563056600373998,0.18783389882208854,0.003238337021528794,0.3487863321781562,0.5695463294004834,0.01361715545508758,0.8960076933239245
opened_later_half,c4,1,9,180,0.23020789413518275,1,5.995131183809495,0.37970548750665917,0.3576693287497461,0.21060604626210286,0.33936941240728236,0.005843140501348421,0.4509480059343128,0.6558834712826824,0.700295693106601,0.83280975409047,0.4687757686242527,0.5134805137134194,0.006032545467784,0.14225398689296215,0.004252761830718924,0.44133541152062455,0.7169770653259158,0.01783140537452939,0.7769338089046529,0.4795099631976996,0.4595499554015528,0.019945826034133033,0.18313990376559736,0.01057399033909544,0.3668708572351109,0.571808266212343,0.0940783362323127,0.9497150702928613
opened_later_half,c4,1,10,199,0.19124716141081335,1,5.833008964181549,0.42717567870014006,0.4715514784247022,0.1092395693332297,0.25965631905682485,0.023973266370161846,0.4496139028831486,0.6559195256158462,0.5197144252688449,0.8167261403054094,0.437230344097999,0.4878183975524054,0.00496215538027093,0.12662579511007135,0.004267033859168282,0.5234247957758997,0.6878910723744072,0.028132562743487886,0.8394175509819359,0.4609320010901996,0.49272449933784707,0.0054723511919798256,0.1327441015585476,0.016604567665251358,0.39014857640500383,0.5734113320020807,0.01634719076073182,1.0197061164314734
opened_later_half,c4,1,11,165,0.2222647571486526,1,5.622643359246244,0.3951574828707735,0.5126519077359688,0.15174525712769332,0.25087036402940543,0.001648324040636521,0.47560730467950185,0.6286008010634592,0.6767148842700972,0.7864458673906797,0.5022688248099267,0.5004324356503178,0.0005593041687259919,0.14406822767569283,0.014493464533297267,0.525575339964982,0.7403251361356364,0.0018036179145297373,0.8743029293439755,0.40820462116864265,0.39326078834678707,0.000535361134327881,0.21982302323752165,0.00453807732476906,0.4371741268716718,0.6322984967403953,0.003212166805967286,0.9967571261819862
opened_later_half,c4,1,12,221,0.21366216902434598,1,5.79956104369477,0.36271177265169097,0.3885452951265157,0.13640510666641167,0.25129628351341987,0.019431699638579006,0.47929530050258745,0.6404425802031337,0.5558266823695144,0.802031565333321,0.552814697999863,0.4824452294256791,0.01989258878682594,0.21718936223262467,0.04285102179372517,0.47090945558093317,0.6211114575090908,0.1099405013164369,0.8479077856377307,0.4854241569032322,0.5069977122084234,0.008625347759169103,0.15259852934007306,0.009411089159192608,0.38621872239237215,0.5320516259737211,0.040015155272210196,0.9213846838504319
opened_later_half,c4,1,13,166,0.15615920181635132,1,5.859957622549929,0.36840827999081394,0.3826880970921608,0.15657581961498904,0.2827379509786078,0.0027041808644190026,0.4987444846096898,0.6678531223828928,0.7018940200953738,0.9364524209440986,0.5075513839179423,0.4683886699920646,0.001929625434035095,0.1745418384839996,0.00248717262906184,0.4656403393820902,0.6600471041975987,0.00841125733637089,0.8254465243404574,0.43186844227223586,0.532504969367485,0.005775631405602033,0.12837254740297252,0.04153564030871415,0.4133052587578093,0.6812939168147447,0.02472914812200178,0.9532203124538751
opened_later_half,c4,1,14,239,0.20815634085411489,1,5.6475506664449355,0.40622923707751885,0.31933588902369997,0.21454816399794757,0.34540066729785446,0.011397580412098355,0.4345953586273356,0.6696692263340348,0.7413563378650889,0.8030623885100057,0.41600054344058945,0.488507361781425,0.00756826092990059,0.09156510573956243,0.004990280493863389,0.5063921407969032,0.7159368879533091,0.01362894577342932,0.836729738307273,0.5164399601382519,0.49537764410800594,0.01304463729953674,0.16968098151339084,0.0025018455058562,0.39227273130262413,0.5800272351167138,0.04252963525713056,1.123029825944232
opened_later_half,c4,1,15,171,0.15635752952292656,1,5.672559805187577,0.400685881636181,0.3529338798402575,0.2002092978470396,0.38720568865596366,0.0032339820018322417,0.48305602631994615,0.6974683543633754,0.7614267890014607,0.9085393191487801,0.46648012986230936,0.5284767774377311,0.024306329624568093,0.15162272502535207,0.0011872090381846417,0.5228418753769516,0.6938011466572294,0.09471826772853692,0.9197212813306751,0.4814029991290321,0.523280958868785,0.0037581349840082154,0.14298820760283945,0.0045842985974229936,0.39059470283594566,0.5995142110150766,0.018089900971903026,1.0053370351309527
opened_later_half,c4,1,16,197,0.23727879864282564,1,5.677012999126379,0.3511136201851455,0.4411360060843846,0.1573510919348739,0.33592559635980723,0.021429869824096604,0.4562329927217264,0.5756738685133403,0.7198442372989274,0.6732435249644433,0.39947589331028693,0.6385562174151684,0.03478789613160795,0.18807868576261116,0.029670385373396696,0.5713946391306142,0.7271741760716183,0.152424453909461,0.9441170883436647,0.4270932549560286,0.5232482218923141,0.0034883007433407134,0.14495481565536544,0.026145983809793886,0.43249566957536084,0.6115304351364966,0.013643624872570951,0.9704749479016649
opened_later_half,c4,1,17,186,0.18293173984909178,1,5.597577139080844,0.41959296607115265,0.41537169755328823,0.1260926087340393,0.22442342493976478,0.011556446419023201,0.4659828185954338,0.6238444582907452,0.5829788567051245,0.8542967775160674,0.46298658584738694,0.4160880072559776,5.786374307437862e-05,0.23276241178999957,0.009742191141497802,0.5112171964222519,0.7564635949567433,0.00015103200413290143,0.8941278119587172,0.5144191976169263,0.4839442596871421,0.012775786245871364,0.2700197837327685,0.014658662000992573,0.454315753378638,0.6022846612106236,0.06329286818328278,1.0705246001419388
opened_later_half,c4,1,18,203,0.2221049131541614,1,5.922424193285768,0.3937179062034776,0.32985642183843167,0.16594559817077897,0.2754807191768696,0.0017084493492618463,0.4593500761971795,0.750385704418869,0.6337665477347912,0.84005006634151,0.48428591401014903,0.5576493957551403,0.0008805818040807332,0.23805024048503312,0.0017450277463596303,0.5212497980752484,0.6972506862959775,0.0026049456100530246,0.9295188877356242,0.47009533818120774,0.5496478035306831,0.00923284557509002,0.14816135083362897,0.03681378194309413,0.3905873715019681,0.6719214248370499,0.05297033416584278,1.0049614299057334
opened_later_half,c4,1,19,171,0.19124461471565654,1,5.823873519519558,0.2850906542944951,0.3839609615464764,0.26301978131191783,0.4266566426550476,0.00014478822344140014,0.49152641718664525,0.7242017370072023,0.8787509814819655,0.9833086671526308,0.48446986310740275,0.5309488337483366,0.025821717382977276,0.32557402526426515,0.06380114971184515,0.5280891694479487,0.7473062092644887,0.08050478765055631,0.8737929519793147,0.4400302323085281,0.4820989868447259,0.002123480576565562,0.2306623588364115,0.01667645871141578,0.44273098740511224,0.6713774986553203,0.01259175765458934,1.059773092159535
opened_later_half,c4,1,20,201,0.15939810103718643,1,5.7596243060373915,0.449390624205172,0.384955344488768,0.1514424854634229,0.2265310456365311,0.0011044127788244298,0.4293257927026409,0.6756053170476379,0.6858310916348987,0.8342861557573883,0.5467134341258304,0.6519771345086329,0.0057758659994768405,0.14918211470756626,0.0007413012111112496,0.5085956231004102,0.7116767728069031,0.009061538188364852,0.9564644734772941,0.4988100296571372,0.4449368274117789,0.004351510634046102,0.17187621736340106,0.0029081442424726783,0.3836298843318439,0.4787136529177909,0.014255453677498791,0.9998205505813986
opened_later_half,c4,1,21,185,0.1577070050150471,1,5.767311463575489,0.35803236185759774,0.4548033429126923,0.17105716202780435,0.3642857080407972,0.00047111706151111284,0.45139166453957535,0.7206148903763017,0.7379044386117418,0.9280255429728733,0.4599845605223483,0.5124761408469146,0.015724201240496834,0.16228978762466575,0.02247776709904355,0.4444959229303878,0.6423586149400476,0.04529841819684519,0.7632517252285808,0.4274377646044432,0.3989234597146406,0.007626387177956308,0.14532195451196708,0.018152300429441843,0.38138753565963984,0.5818691257829978,0.03409498679395863,1.11447906822633
opened_later_half,c4,1,22,229,0.194843762221511,1,5.812785627866826,0.36090642808302925,0.48230624722430093,0.12771990917731305,0.29081012592170824,0.019496562901877457,0.4093404198084072,0.6137642189341959,0.6012218849423314,0.6999176454966957,0.41910723318526766,0.5089707997900825,0.0027656323304536506,0.2071659097044986,0.010779642392708587,0.5320121197485779,0.7409065680981213,0.015485090973521217,0.9286528378371726,0.4318320032435273,0.4636957459778848,0.006449115143283945,0.16045394635952429,0.018765176868722765,0.34389780414524523,0.5401147329219709,0.030014057215428516,0.9365985160892574
opened_later_half,c4,1,23,179,0.12707491597831963,1,5.514823528807527,0.41003145777992633,0.4896558037883308,0.1337964183907818,0.33361387195630304,0.0019589474686648248,0.4651931614065048,0.6177836573395504,0.4639004695845031,0.820082775215233,0.5008251695260757,0.5655831036139439,0.0021859604780951566,0.17120578178415138,0.008846098832536916,0.5088348445359784,0.6377264596754003,0.01066211461824309,0.8568465261803656,0.45321359748531764,0.45908026579219474,0.0024533106635072368,0.17975674029964242,0.005762466660571247,0.41667919298573064,0.6082773525712027,0.008335157489366491,1.0862232776607479
opened_later_half,c4,1,24,211,0.19875660375580106,1,5.913396094543496,0.45210465682105105,0.5049279989223225,0.11024087422596233,0.26664735041895765,0.01713741574900648,0.4093980143391195,0.6124812605863316,0.5074275612379301,0.745392642449285,0.465121141699452,0.5605412061746375,0.020232254408108052,0.1288071412288233,0.00026017195437545156,0.5305498772256002,0.7014095388410092,0.07259587563869967,0.9069772977789607,0.4973797193174821,0.5279638688517033,0.008623881673423654,0.20017586891718714,0.009170284110544798,0.3393658430805229,0.5024112716504769,0.04579237291370628,0.9899516210075959
opened_later_half,c4,1,25,180,0.23782274270579426,1,5.88636725496927,0.3581042010264359,0.3805433642581151,0.20134609848466703,0.4308057757412712,0.014051076299612547,0.45513082654547554,0.6784796492313737,0.6697416195804176,0.9945302721162691,0.5194612941171647,0.6196007097162558,0.005352548209654701,0.1782885780306093,0.005450568652067788,0.44408318998297003,0.6657084675929497,0.012770495458358616,0.7094562423542728,0.3703116978282115,0.45761484320313695,0.005689965085093965,0.22670748161709467,0.004441269592261465,0.3742401645052896,0.571432333660165,0.032006933499469106,1.1005924518802876
opened_later_half,c4,1,26,215,0.20437422857130666,1,5.754367061145335,0.3632797021618002,0.38660637433942857,0.1797624921727418,0.3646210220924741,0.001467421858069485,0.4949323508218833,0.711993470453742,0.6292033189297904,0.8659046745854719,0.5017931493682793,0.5190901267294906,0.005054450669319924,0.2420839902403009,0.0008129899523253164,0.4918084758442844,0.7069060420606704,0.015676766504651843,0.9337519930347506,0.48257096945411987,0.5087274013759027,0.01080728112625143,0.13393113222074163,0.015706955904859734,0.3829315485042494,0.5801730285701736,0.027524453515034727,0.9836811425910639
opened_later_half,c4,1,27,185,0.16922535189506988,1,5.2871570872344495,0.3534105074076172,0.329744776858904,0.17393654010789844,0.37360367283535484,0.002054448566668627,0.5134585338730384,0.7007579057720584,0.6386216799518399,0.8727158994446073,0.5307059882230889,0.5358898496072863,0.005649897720013016,0.16771073343939916,0.04737121903005755,0.5066273644804303,0.6493970759423621,0.019740608380464608,0.9247182707411912,0.4189122073536145,0.4468831807420084,0.005655092879868863,0.177328706444032,0.004925039894239965,0.44572755648965706,0.5910447864450581,0.02108085562298052,1.133654302251565
opened_later_half,c4,1,28,196,0.18753212444180423,1,5.505191420766322,0.43680122787615727,0.3870965782524374,0.15095045933171652,0.31202711956471835,0.000693320022268138,0.47113651788656047,0.7092706770942167,0.6193609615203632,0.8653631052939202,0.4776764378819409,0.5248819335930781,0.004699856213605867,0.1300277940239991,0.013700797871116261,0.5140012954980543,0.6618947082364376,0.02691264040536857,0.8851255865450028,0.47641755886733467,0.47507952969907946,0.004385223588350673,0.12898714231577693,0.021433106438843094,0.427881509868215,0.6502242691201986,0.014671755068255824,1.0396922735257128
opened_later_half,c4,1,29,161,0.15148620212099145,1,5.9492597612458065,0.4369428875270313,0.44369915901681073,0.1511374994472337,0.27064547123222704,0.00031177778207974033,0.5235524962299785,0.7101693314684095,0.5804981794539285,0.9807416240342548,0.47271498764287995,0.5138864877050964,0.0012217505961866714,0.1293227532219886,0.027426700453758477,0.4665459737057677,0.7660401609175351,0.002633016700819676,0.8105225746170293,0.5492687615253629,0.5821868494331189,0.0056890238034647996,0.14283787967587858,0.01732845516764125,0.36387919288857407,0.6377083579002243,0.020424988664581624,0.9842493970079506
opened_later_half,c4,1,30,195,0.16224266176280533,1,5.675046466279681,0.3757554985870481,0.38997297026968614,0.12207099842357992,0.3141678611077761,0.0022141511569545923,0.4885835840819291,0.7002837623956695,0.47166183931344896,0.9009513485341982,0.3991121585215425,0.46937284132708634,0.0018283708922048085,0.18353801380701462,0.007384616305598492,0.526361398324429,0.7298584604653142,0.010494961333814662,0.9265404746347993,0.4530131017935012,0.47661530956105025,0.010793832678005965,0.12005393004899162,0.008369618715574772,0.4195183074597266,0.6328738273369146,0.05771128153489543,1.0415528655336939
opened_later_half,c4,1,31,156,0.14951361494233886,1,5.65015147302569,0.35220079138842453,0.32727427417775085,0.1675339445992577,0.2719399895232547,0.02881451765086618,0.554882395811043,0.727850427605696,0.5730557943497501,1.0207327487108553,0.5313062929424065,0.5681628516946678,0.006343139895580398,0.15976951424023902,0.0030480502118847897,0.5174107624931344,0.6637026538587922,0.03805883937348239,0.8765229470309035,0.5014123179336099,0.272084513726795,0.000649391341786289,0.13827863187639367,0.027016733777444936,0.469878751051486,0.7056318261648425,0.0021763433311379502,1.023243450724655
opened_later_half,c4,1,32,233,0.1906280248478277,1,5.708359416095417,0.4368531205343025,0.45856863885687643,0.11758539973857594,0.24266049725511543,0.010840912427435125,0.4355500511272519,0.6058725613985252,0.5493244293200652,0.6989491871513362,0.4507949990534306,0.5129825084661157,0.020985007624522704,0.1777482122292581,0.0004996172940802165,0.5225564643698001,0.7062964469701187,0.050863777836705204,0.9702071532914512,0.4331969972427095,0.42416240516623394,0.009261399644447445,0.14704488410440694,0.012607263764776302,0.38959640106383375,0.5050261078621271,0.05522402873327776,1.0339304171824328
opened_later_half,c4,1,33,181,0.13429498572603557,1,5.4200416747138735,0.39793232496015474,0.3940427616574118,0.1535836603524965,0.32537426605909975,0.04104731401996638,0.5211728216501379,0.661984594004541,0.5944484136566887,0.8773325617558639,0.48703812929646656,0.5023360906880522,0.08550147961027649,0.2320254775000405,0.010121020096830599,0.5506368119004197,0.6657122112038155,0.17353037503875576,0.9595257089981761,0.5455809887396921,0.47580493885275554,0.00440718659732498,0.08003497370633249,0.0012342178314001873,0.4175995575131215,0.573284834790863,0.015568314327172272,1.0066911627222763
opened_later_half,c4,1,34,189,0.2076967654539934,1,5.434073752813845,0.4085789236755669,0.4122946435060094,0.1738919683924588,0.3108277178259879,0.002312585170309123,0.4109640828509242,0.6054647841542926,0.7370615346465432,0.6342188539134626,0.4827792327363583,0.4496993238521015,0.002699147320804717,0.13410961976773567,0.034761431407590776,0.49099561460458074,0.7184537047924318,0.005616597116861151,0.726367525642043,0.533340715404757,0.4349785557063294,0.0023603777557139032,0.2148492409349673,0.003586916129971811,0.43976750103312395,0.6270423827705146,0.01109355226737793,1.014651283359947
opened_later_half,c4,1,35,171,0.18468591099794757,1,5.842423180244498,0.4388048597855097,0.36844634473209326,0.15083605863253682,0.2821115733631911,0.028395811605762298,0.5055006996103003,0.6992792116238353,0.701129585931095,0.9122654584201079,0.5254069517939494,0.45260638051879654,1.3987550135445076e-05,0.15332101624581457,0.02185231997341367,0.5144825296789699,0.6661477233436643,8.392530081267046e-05,0.8363970421562168,0.43094626103672934,0.4277850949126821,0.00166246712000732,0.1853887132808236,0.04670192308445741,0.3949827003295217,0.619957176025004,0.005233421325775337,1.0006536643004655
opened_later_half,c4,1,36,219,0.19564805554889325,1,5.823285462027797,0.4628815098491055,0.4769116869077921,0.1247947863883049,0.344240549006784,0.01659040259070984,0.43953994359180315,0.6854468041407697,0.5230528835858652,0.7695834925948658,0.4741474918338111,0.4568421531716192,0.008569614447886311,0.1899745503327536,0.003127510859885923,0.5125800788845191,0.7115213082896459,0.028422455814659332,0.9639140681799865,0.4910522009188241,0.5214873879977622,0.009627392402928125,0.13588932466557174,0.02013524970264919,0.3801761990931083,0.48253033972364234,0.024853641349632607,1.0018826158391148
opened_later_half,c4,1,37,171,0.18981204039477514,1,5.838292408605777,0.4740784430218122,0.4208547492460784,0.15025135488055386,0.22618182015044472,0.0005957468800073875,0.4918447150169896,0.7362653962637745,0.6362559070442054,0.9234671781935079,0.5114749644661892,0.40673341254609796,0.006695311724279947,0.18345839705505682,0.07053001006177324,0.47903636185680226,0.7086336059944676,0.016899832031966686,0.8606507044966369,0.5278926634768158,0.4684251163959185,0.032824019168307496,0.18620804316068842,0.002659267858785625,0.4142138826534041,0.6636864355851942,0.13484112814945057,0.9743520968463696
opened_later_half,c4,1,38,219,0.28025017659462637,1,5.592357666106323,0.3513599084165704,0.461502938073685,0.13965165451093384,0.30159610448920693,0.06995385045946799,0.4494506065114731,0.6236897854132524,0.46749245484390634,0.8106399879339338,0.5077732358652041,0.44863551199640095,0.008523487527936838,0.09470884940846439,0.004185111609659451,0.5840840534624115,0.7552420078643081,0.01929957632631056,0.7804129729463799,0.41453131546372113,0.41616725065253,0.00835013352132226,0.13539284183730022,0.029148390732233347,0.47809920300683656,0.6139362061288431,0.042833882892480975,1.1442625601333332
opened_later_half,c4,1,39,182,0.1817254578485769,1,5.488278445216766,0.37081517460486874,0.3561571462015504,0.13730379258427863,0.30961963285072985,0.0036434879320927614,0.46682585807227,0.6744474153046328,0.5728377071744087,0.8051957620944609,0.4295324636155642,0.6208956462095556,0.0022369930376245793,0.2048419484995269,0.009969680298544205,0.5684355767199957,0.7434526398091058,0.006038963687607621,1.005807350374503,0.41362263111743947,0.6308438993086435,0.00725127288446857,0.08573695358315525,0.008801109630029487,0.42891199745498093,0.5582676102327743,0.02848597692650844,1.2526522120393437
opened_later_half,c4,1,40,200,0.183437605836527,1,5.707937293930463,0.4930963108368511,0.5434075207207172,0.15779795044515146,0.2624622872750292,0.008037433585432041,0.4626383806035884,0.6328771794387297,0.766992090560967,0.911904896257325,0.6106411195960494,0.5026027559707652,0.0020726364923461553,0.2432806947319897,0.01382851930780635,0.47239575472626283,0.6459303217061743,0.006558165192317114,0.8776063446403377,0.5062930141794096,0.5667938904404355,0.004178783299089256,0.12017302421269907,0.005374748166693722,0.351249379881026,0.5235245542789594,0.013739122639248699,1.0429915650081545
opened_later_half,c4,1,41,153,0.15933684207661328,1,5.875783714552328,0.3875194958984015,0.45346535878876726,0.15857644640803006,0.3769955078275468,0.013013290986938895,0.46121933896777734,0.6798830950887886,0.7017583743925081,0.8112974683635014,0.48252760237572984,0.5508854441584355,0.0058070255429298325,0.20782709630075047,0.06755405017599643,0.44214677059228874,0.6505251531866038,0.013156359091043495,0.6766213261057756,0.44539513191450913,0.3961171423232414,6.0507226449664855e-05,0.1091007817036114,0.0,0.3981060773129812,0.5588738740399884,0.0003630433586979892,1.1062151556115305
opened_later_half,c4,1,42,201,0.13590065185256409,1,5.705090871560915,0.44085055230037606,0.3998724972773224,0.1310370960074991,0.25081339096867084,0.004183471477469983,0.4380172328368296,0.5560328856930122,0.6329328768494035,0.686838071912977,0.4837303428911833,0.5584616132699161,0.011281645917767757,0.2513882522143005,0.013442539350347291,0.5100910625931947,0.7375002436331682,0.047341469625970516,0.9107239397970645,0.4528172458241483,0.47450302745427664,0.018386093905103998,0.21939149391129062,0.01442189498483359,0.4344130072764305,0.6257912316024792,0.05675409356427423,0.9835661393900968
opened_later_half,c4,1,43,191,0.23182223123599316,1,5.6944482397089775,0.3872281223851327,0.4096094495856072,0.14398106833764315,0.24439447967682823,0.0051530028870388975,0.4425427459920427,0.6198067402941214,0.6944574904568578,0.7222648824881127,0.4785053370392621,0.5819380809325813,0.005330235427854098,0.16060696837704144,0.010422090173999497,0.46065576031950106,0.7042421188567316,0.010765390049053832,0.7221744965059126,0.4220632949180652,0.4593270042671147,0.01849709320310635,0.20056298869357375,0.009774129509287898,0.4169458808947233,0.5783169104327253,0.06574720058236992,0.9914019575667734
opened_later_half,c4,1,44,186,0.19800962986047949,1,5.716489856128222,0.4264973469914718,0.4166522845440488,0.1458061177053814,0.2873499396555706,0.025859555812187598,0.4341122206214369,0.6160660427375163,0.6422808930116218,0.7432561793669483,0.5120793333103368,0.5025758255311292,0.0011097847447277397,0.061354046947545406,0.00023037900690360853,0.5000296507404044,0.7493538033874076,0.003529582621671189,0.889782079935879,0.5290470090677122,0.4596238790822505,0.005453607733332113,0.23727607361615818,0.005913632078103043,0.37923631929904766,0.5936065662728561,0.03249743720928169,0.9621814352100471
opened_later_half,c4,1,45,184,0.18378793835072355,1,5.827070850101274,0.4067925266155881,0.4695533532450438,0.14551061879141064,0.359247626059388,0.05962348380291421,0.470123489995583,0.6920681569349315,0.6649629314861457,0.9580546811022759,0.4622470225697349,0.44301445378124493,0.0005845061799215166,0.14744805605543693,0.02821949951180538,0.45014642723759724,0.6316994110269528,0.0026927275089093207,0.788506615240951,0.4898699036684193,0.49179498269715427,0.0025594811588638368,0.12777218187357922,0.012863792031590292,0.3896844635048469,0.5708896941727896,0.008510983648858153,1.0637879526768
opened_later_half,c4,1,46,193,0.18787700069499952,1,5.814937544094608,0.3669278928398625,0.30748855912175627,0.15069842263093203,0.3164107954237876,0.0032316449080544234,0.44343828502912785,0.6953507557150147,0.7043383175558705,0.7728425572217505,0.4687263050709186,0.48366713569580927,0.007769382678613455,0.2683493260588793,0.03684409576622717,0.5163720831601436,0.6807616388345868,0.04643017592038969,0.9497374018672075,0.4720053637360777,0.4215926907980398,0.005892033993169191,0.1858178305478399,0.013271801064867193,0.4190285845400242,0.6346121637465034,0.03532232859276021,1.0746721645008213
opened_later_half,c4,1,47,180,0.16816264445087034,1,5.471957079117813,0.3319447330733374,0.268740998100426,0.2994405020095515,0.4423566775587393,0.009691917996767387,0.5332662926771166,0.7356202832987059,0.7851909733303769,0.9985098315980591,0.4907214138807023,0.39244367681188685,0.0010436674970181275,0.12984026923125883,0.00436861333734509,0.5643428705909722,0.727198953941856,0.006187141477232853,0.9944603257563601,0.3905406306475349,0.4913344991792979,0.04019694110929455,0.23628266853248409,0.013427402867995741,0.40198681034352957,0.6203668281894305,0.11692481836344308,1.056275687332417
opened_later_half,c4,1,48,213,0.2070818637478416,1,5.4287254506036415,0.42485110980712826,0.46713080224249803,0.09488076465385605,0.4338968066920379,0.06695845198788435,0.4771532131396927,0.677732056449304,0.49395118452227804,0.9155753293539052,0.4584137654296332,0.47941114737604823,0.00389804808083118,0.11299576262067725,0.0060182795740900625,0.56569535774226,0.7040613197548727,0.023363061666481832,0.8792340971884782,0.479030800085824,0.5385275698295406,0.012481181324222535,0.11837517568772346,0.006381447222332376,0.3761749589385332,0.5675756763048844,0.04640280509448461,0.9111505915358417
opened_later_half,c4,1,49,193,0.2251654216155972,1,5.8741875257969065,0.44275490699241876,0.3385090117198601,0.12007856845726105,0.33293481960054166,0.03252441629967093,0.4104564324353683,0.6771624419335264,0.6059506595980186,0.7116141482619474,0.4459570048474572,0.4796304145434582,0.00044539428301978014,0.1540072602574539,0.0024754779835039105,0.48913460759309263,0.6785475038485631,0.0026679853280902627,0.8031183216975959,0.5293892632622182,0.598681557305574,0.005308903143940873,0.247357765710573,0.0093740371486411,0.4160571522922158,0.6344720183417971,0.018912013575067978,1.012859323227486
opened_later_half,c4,1,50,201,0.12202874493187442,1,5.641808012986062,0.4356670518098132,0.42459755239609104,0.14587994812969804,0.27017458350316903,0.002675928094415464,0.47405133161048035,0.6327165962414718,0.5874785347646481,0.8281064650544958,0.42560195588308886,0.4908674781291132,0.0015424379146279843,0.18575115993617472,0.021732377328314775,0.46177188917023165,0.7220002803475296,0.0035203856404235354,0.8322939372839805,0.4605979793799634,0.48911941068564024,0.0015369919245293608,0.12834391543848028,0.029714765627903327,0.40800119393087614,0.5255157668700443,0.00560960923067202,1.0938417707199402
opened_later_half,c4,1,51,164,0.1769225591039924,1,5.7172476180894565,0.3669185556654226,0.32511895530648544,0.1564199106953763,0.29288564637551673,0.013401007941172887,0.471465488898392,0.7554534849913395,0.6064552025891338,0.9767050447303197,0.4574868001335838,0.5853612999205303,0.003762927206223695,0.3302223683968549,0.045688713424390556,0.42776288903765125,0.645523299495225,0.011288781618671084,0.6818621269047014,0.450727565504765,0.4701194634640768,0.0022846523738550783,0.16012439434938686,0.00824017248974348,0.42244638751311486,0.6166141498553901,0.0067981627764227125,1.1585749198451991
opened_later_half,c4,1,52,218,0.1686226006294454,1,5.379074101442036,0.4268348679201203,0.456861242729781,0.12483584070315969,0.20718312205362827,0.0011934483875388013,0.48193948677604476,0.6725630734014425,0.5169897342243003,0.7872305086138112,0.4486944446920943,0.4423764472674303,0.0005693792210010606,0.12832101286788133,0.0032212365112562116,0.61119227442096,0.7383108170449526,0.0018844960227337184,1.0452834958359392,0.38969050023337365,0.5658306770055632,0.03540992877526862,0.2411529611954167,0.009150527941821753,0.4537611224462698,0.6032019982443134,0.09055356612191987,1.1288864645451417
opened_later_half,c4,1,53,182,0.2321479009025588,1,5.6314082802485865,0.44070573679323666,0.4157793710216557,0.1483234597448991,0.3676965851776954,0.03151614567211838,0.5116047018711628,0.6762723937500547,0.5445918177630973,1.007122450314889,0.5241869549489659,0.48289733136163127,0.00212099001250068,0.12167482713302138,0.025333390670983127,0.5217384317946865,0.7187535240175732,0.005917439471223169,0.8988916548692906,0.48548073762186517,0.5358320543033323,0.006275538259819484,0.15472130335083173,0.00647055899246722,0.4644576408338842,0.6655721172310775,0.013137546454238595,1.0655253989486086
opened_later_half,c4,1,54,187,0.15222570489407208,1,5.213852080723815,0.3308255425126655,0.4110706545301284,0.14141310267030927,0.286682348336873,0.004965712758668023,0.4908293132034673,0.6164334628514676,0.645203275185437,0.7067101479660857,0.562144338540687,0.4758809119968914,0.0037105011288963664,0.1242503586007772,0.0006708780878758162,0.534825363945396,0.7492556301793777,0.00964430122750968,0.9134583691915991,0.4458535996868499,0.5185609982418262,0.005742150315337719,0.11038398523699708,0.0323813983920225,0.47374323132374063,0.5673588623821856,0.03269071181521007,1.175382638142849
opened_later_half,c4,1,55,180,0.14496267813059643,1,5.620211042676778,0.4164007259349084,0.378430114987597,0.1806503013128834,0.3222583686776394,0.009501596880337922,0.4942786806015785,0.7240294334136723,0.6060170475007342,0.867255143877227,0.4043534019031077,0.37105726611161416,0.005116807276987712,0.17484787380036043,0.015268577437833669,0.5165098382296808,0.6921198068376329,0.010260830318999643,0.8610060137878167,0.41694877234850247,0.5328953708109874,0.006011605868964554,0.23679895617932506,0.013588190646063012,0.5017033894857513,0.6464337600150066,0.025243088093355886,1.103447312053244
opened_later_half,c4,1,56,192,0.161971293393617,1,5.693093344064073,0.39812440039392827,0.4081711661718443,0.12311119526690721,0.28961346718909975,0.0021537757982152423,0.45066294907225335,0.6599672518881666,0.4550210172740417,0.8329194806837394,0.45100172402246214,0.5082719457492098,0.0021117160202049263,0.10901759215957789,0.02009049986536423,0.4922001354061965,0.694503160305348,0.008288829191935774,0.870273559441257,0.42549756056036203,0.46210812107010646,0.002566652137355634,0.17603614849749052,0.060442386359150765,0.40677088155162133,0.5604527701553604,0.006570666864785384,1.1038757871537406
opened_later_half,c4,1,57,166,0.218471210090438,1,5.69348003459446,0.43559584446324634,0.39572249131232284,0.20990912896926375,0.38584071909411444,0.030705963393179308,0.5169886946748793,0.6826181968641645,0.6804564887980958,0.8842942853275435,0.6229971496106629,0.4156330982241965,0.004437302644610243,0.2078120909175216,0.03691341731967979,0.49677462051994536,0.6577676061840986,0.01339097721341044,0.7350198783799357,0.5361200621439968,0.4606232656640654,0.0031346927865817894,0.18375825963970385,0.015479517925028283,0.4333042787575149,0.6302263075442438,0.01606327490287559,1.0127189622595527
opened_later_half,c4,1,58,243,0.2372120522690833,1,5.559933058666808,0.38748682901854714,0.4462990541125496,0.08595421009997589,0.281986481182061,0.037972848310606155,0.44467449878133963,0.65489502383649,0.4183079563524187,0.7078916764679938,0.42675921000470873,0.5621567705613228,0.006327088478500203,0.1425697303169984,0.002791046855498248,0.5302489192902949,0.7746615003870481,0.019295522492643002,0.936554832501054,0.4562622598801435,0.5514039376880587,0.0016113065458110392,0.17613147230978793,0.037675697290341384,0.36757603907226116,0.5036629782860557,0.009332164701340432,0.9885741593477863
opened_later_half,c4,1,59,171,0.17957647103904206,1,5.6484560761130025,0.3570607833486184,0.31046654055513495,0.20769153166103224,0.3435268809596358,0.00021714363608207662,0.5033489766708243,0.7017575118120544,0.6685713129485519,0.9618333888001406,0.4896246559009979,0.4280224380254973,0.0005304374717357406,0.11336161575447534,0.00617264659674209,0.5232070956801805,0.7136107999868216,0.002367686994129209,0.938540429001028,0.4505459330262081,0.6150992947427455,0.005338049376084633,0.22180743184105234,0.004803351320351831,0.41947606926717756,0.610403855719767,0.02687093800580914,1.2625511999344403
opened_later_half,c4,1,60,191,0.20512643026502758,1,5.77999835972175,0.41102545139790597,0.4674583431036929,0.1058800358433043,0.21580585508592684,0.007407958536978046,0.45835270805332595,0.6404271032224331,0.5392517188410858,0.8155174481512039,0.5251955129940934,0.4767348510840824,0.0027424599710491842,0.1983572704017611,0.009801103070374094,0.49544012393613646,0.6868720250363747,0.013132980243018708,0.8313788742595752,0.5120769386425505,0.5069258362223926,0.024295159576746612,0.14515252553972802,0.0010045088984138274,0.41972448387579736,0.5402520971408057,0.09936335362937218,1.0282353699422508
opened_later_half,c4,1,61,171,0.16456900449224163,1,5.690812835445105,0.37307380413363284,0.45991937133279476,0.2220937871858302,0.33494854281259834,0.020409646390852135,0.49461971633755986,0.6981565341990783,0.8357115494405702,0.8747077930765582,0.4607659321416286,0.5088342107684378,0.0008149755350455305,0.15586481840220046,0.0011376250769652456,0.45266170166560793,0.6301070384434084,0.002395599630646951,0.7052693512786425,0.48802358612173163,0.4886088854684144,0.020005395103721315,0.1301716543857705,0.0005046332538691764,0.45487096348337885,0.5791047076671014,0.11882194965043183,1.097548136166444
opened_later_half,c4,1,62,213,0.2006026630371938,1,5.615231153623399,0.4404751899750809,0.48909435854083577,0.10642853721064605,0.25695970704356413,3.952561611963943e-06,0.4175938962451013,0.6322234406149463,0.5100927177498996,0.6896941278220658,0.4766528574023369,0.4016280915192077,0.0012208429177465185,0.15894180765714477,0.0011605972511489768,0.5453142965025,0.6986327822547459,0.007234228969927685,0.8997051423023754,0.5005116944958395,0.4502626262462803,0.028594747676687692,0.1497955426161552,0.0013646254444198466,0.37926209295547475,0.5283490693328347,0.07359562319079693,0.9774989575610079
opened_later_half,c4,1,63,187,0.19373735287480734,1,5.676544334466802,0.38619131607513135,0.4474829800557505,0.12203718466972929,0.22166545130456142,0.0023538317350800123,0.47123050918358006,0.6688000226834442,0.4943478280852225,0.9496695302247037,0.4325984656875866,0.46556759974923045,0.004423272473409058,0.1751246820525434,0.058578348523353335,0.48077106818234416,0.595955319660447,0.01591931345809073,0.7743523987448313,0.4074932407170234,0.4857177052080555,0.02294621812653153,0.21101542567727993,0.03395681416775569,0.4636677203605813,0.6334373284430067,0.11721665401297059,1.096338109964258
opened_later_half,c4,1,64,181,0.22971669553444088,1,5.660029306436345,0.4620446753521637,0.43269680568745905,0.14860077136031374,0.3403418923947884,0.014621135111983836,0.4996589167331826,0.6401303839056813,0.5224800522000057,0.9404715595864923,0.4600220461356326,0.5564921199974583,0.002775396091000741,0.13517577108256468,0.0006013585339361233,0.444815919637252,0.5993842154810787,0.005630539490605581,0.7308817826146613,0.539858512968484,0.55465511879782,0.04529574829304146,0.21374462725917984,0.015404807834504671,0.3430014908123159,0.44437639469442025,0.13657524347021935,1.0969199001219114
opened_later_half,c4,1,65,171,0.12769648502657077,1,5.504187596042,0.4672278955375811,0.37440230247901896,0.1262784904351028,0.28352175117924355,0.030155820818405406,0.46854685880225055,0.5764075990182984,0.6264829800792915,0.8032234188393793,0.4957450048386363,0.5514568918139723,0.007293823336429712,0.3035309071973649,0.12069431090954505,0.5309102201945338,0.7314881877608896,0.021670218378617483,0.8301197517139915,0.3987770771498188,0.5875997247897311,0.0028311585131268217,0.2854097225904808,0.007415505929466316,0.5101322292338585,0.6570061076370073,0.015200606506327331,1.109580966927828
opened_later_half,c4,1,66,184,0.17497938861613388,1,5.858400286711109,0.3482098179430875,0.4995027923509909,0.170278038794174,0.3489601775755231,0.004711454443769688,0.4736168831566811,0.6534917871610243,0.6038478656972109,0.8997829714511102,0.4884027907139987,0.4101931758009719,0.026594518560769376,0.24843825394065905,0.011995802568996803,0.4832956480014298,0.7063818767629397,0.07345460517384199,0.8270157826556979,0.4522185531959745,0.4674060663904396,0.006015260604833087,0.1704699417087958,0.045973454659190574,0.3910055092821975,0.6162931558338233,0.034950288447205144,0.9952531467551974
opened_later_half,c4,1,67,181,0.15445786770948752,1,5.6637136607116805,0.3723621002857165,0.3588458828409966,0.18343135521370899,0.3085250226438401,0.027810900936006924,0.5037927766980398,0.7189008596252664,0.6000605154244378,0.9241635100491395,0.4222658327982767,0.4729523027113671,0.002799739849186726,0.19502335853332994,0.005725768146737938,0.5155261801660839,0.6577338458986476,0.01459942051525358,0.9545166216045302,0.4177998565236951,0.4758532493501066,0.005608552274336104,0.07531427151806015,0.001658635933757254,0.43883072978045967,0.6011044997918593,0.0324116376957456,1.0983545497137075
opened_later_half,c4,1,68,213,0.22306241132983642,1,5.812157863700998,0.48770138892097475,0.47466871781084485,0.09694709956173723,0.23454147477013051,0.005563519044898818,0.4366261077274677,0.6560414879403289,0.5150337703107423,0.72518639841289,0.4777142695638811,0.4337325499493567,0.005040064705604217,0.20662833961292273,0.004124248333746728,0.47331705658466594,0.6857406902667673,0.026642208522898107,0.9206721051294342,0.5751977473738985,0.4851177829555724,0.030312395207302462,0.13446526766118672,0.02581319297923314,0.35246086943262406,0.5942446490343066,0.08882634269886347,0.8431669428732803
opened_later_half,c4,1,69,179,0.1758762201464462,1,5.90206394792921,0.405603211601455,0.46916846049604166,0.11445084696235393,0.30285223001372774,0.011970651360812509,0.45386944043895044,0.6349257894376066,0.5118033862892374,0.7843011231797021,0.5159755940947777,0.5083456135252428,0.0009300543470283033,0.13020083639602936,0.0021487835192333204,0.43786424438015387,0.6673015826370794,0.00558032608216982,0.7405692040600084,0.45964978495897746,0.44914797058850886,0.0045433908843068365,0.1758215465522311,0.020016118121721802,0.3854705871781672,0.5623384508283107,0.021164505322000017,0.9547979428927261
opened_later_half,c4,1,70,208,0.2217999942364423,1,5.255214257278541,0.4588382731303402,0.5103656594217427,0.09843030678852333,0.2509437067835157,5.75169697055456e-05,0.5146537709642716,0.6410891704096556,0.4322790851864719,0.7799435599097836,0.39607575130226075,0.44289865925188415,0.0006383091361119642,0.07958942923557455,0.002498465359848629,0.4758871807254388,0.7021365944257236,0.0036247716735470976,0.9016049040091372,0.3664058688687919,0.5683071111524821,0.002851374696846584,0.07113060240741004,0.0033081074742787,0.5234444349098211,0.6037950737039797,0.01623563443542906,1.2743407246835037
opened_later_half,c4,1,71,181,0.17381190645095584,1,5.930107965216461,0.45840031668228515,0.3455339092305768,0.15129746502793523,0.281747144879697,0.013812801235665018,0.4406522500958887,0.713029261836406,0.6511472506367331,0.8148203838166471,0.5089325211197482,0.4615486688316984,0.013792203142228348,0.11753375760760439,0.00018669594108842246,0.47183456708701055,0.757015763620661,0.02909827422040075,0.8289041246345602,0.5386004079295522,0.450125833896757,0.0007245141270791609,0.1280029010696724,0.004264502812619529,0.3750705059721555,0.5055263982391164,0.0031855116787614106,1.0198109415070848
opened_later_half,c4,1,72,189,0.1945711753646969,1,5.867052417547536,0.41127233588020023,0.4630091593459766,0.19854974791938404,0.4024900501594563,0.002972832307129255,0.43879345318486657,0.6667793679901457,0.8019927749251801,0.7545492647903638,0.4997823685960736,0.4897765208062432,0.0047077309726416185,0.16136590610627408,0.009853866955666002,0.47941460321618995,0.7054261924696457,0.010232414803374818,0.7471348386210078,0.5448158256348302,0.5020877520282176,0.003359544722478398,0.13186451040156208,0.004455629080540175,0.3575174669675157,0.4911084031749824,0.018023336537741932,0.9149127621220605
opened_later_half,c4,1,73,165,0.1627590592395316,1,5.895210202717431,0.36829533874446746,0.4918416550451001,0.1549512191097583,0.28937546437482586,0.014996578335006,0.4737634130612268,0.6459894478617063,0.6133718044743142,0.8719297578405065,0.5601225268219229,0.4820122646384943,1.9458288693743094e-05,0.17412214430740564,0.007067549933845132,0.49727346512289833,0.6734779216214197,0.00011674973216245857,0.8157279580473006,0.43463239869793024,0.6107388761841721,0.00531785351275286,0.08494092538190372,0.0006676063188783924,0.43503338574574196,0.6635564230686395,0.028342821772792574,1.0432207790446835
opened_later_half,c4,1,74,226,0.21074238440229423,1,5.953139671861123,0.35829280477991615,0.5252151154356618,0.16725910771426838,0.3683402918570694,0.007383418120940621,0.4210155887733014,0.6643885115001004,0.8068176445022123,0.7463113043905234,0.4852760652391186,0.4202548316915409,0.005542799546214218,0.10799825218472668,0.003208486304429812,0.48850567548108526,0.6895987680828446,0.011226185782886488,0.8040845282467715,0.48793028404560324,0.4539944306349582,0.01283127156724402,0.10126936397062766,0.0025386510817606163,0.3417906313006097,0.4766287629614951,0.029234951150187434,0.9238067017989754
opened_later_half,c4,1,75,198,0.15428928969732572,1,5.941724493366554,0.4362809502118194,0.3744094967072446,0.10930661075598827,0.3617474987557053,0.03493556360303025,0.47759268441508096,0.7227267014929084,0.48609634039372446,0.9165026836335604,0.4363646542826272,0.4677206336664991,0.017839058159978216,0.23306556045123483,0.0647069751744684,0.44538005896052657,0.6422286417448045,0.07134256030337294,0.6586099243460287,0.48316085407324094,0.5063744179013938,0.012619679555666398,0.19151747599602154,0.010786759478480444,0.40250338309370826,0.6058690621332722,0.07370265308162047,1.01263760725682
opened_later_half,c4,1,76,190,0.1831380380226512,1,5.875619611626684,0.39875438487031445,0.3460315100887668,0.14945993515981132,0.3539422176909585,0.006892292971637046,0.4552186469676244,0.7034141865647419,0.6812178761064706,0.8593347764947442,0.4678421909493128,0.45971998048931806,0.0059817135346152475,0.14327464178498667,0.0031704583412962783,0.48170312116706493,0.6765668812305218,0.03147430214447809,0.8328531157955207,0.5144626247004153,0.5211335511940023,0.0009102748903857948,0.1565690051571748,0.012563626772134455,0.37439824129025745,0.635671693287167,0.004472847020999106,0.9426107827409865
opened_later_half,c4,1,77,171,0.15333249925780268,1,5.571488205685632,0.4418721041434988,0.4112861038960876,0.1511923327106437,0.26813582287939824,0.02070938958356048,0.4920171553104201,0.6159362771008864,0.6061329715368307,0.9309300896005668,0.5312562122275462,0.4378199299984425,0.0018480000585052445,0.22345876645914975,0.05730522294885109,0.4445160727358805,0.5434901870523604,0.006438193502817263,0.7157212288788682,0.4622293556420239,0.4766410904206049,0.010448527612668831,0.1873776605850828,0.01611483560563319,0.44178404324758735,0.5952580211308739,0.032583928522908416,1.1660201250232662
opened_later_half,c4,1,78,204,0.19137706060949453,1,5.89191431161747,0.4454803567129169,0.46191237368983395,0.16188677485916386,0.34283083475524406,0.008175973789495961,0.42722188371430403,0.6604084175711394,0.717289126211715,0.6862526856117933,0.5315810702596306,0.38351055629108205,0.009314509387550574,0.16490761295219608,0.011711567704627947,0.511416883295483,0.68919121331446,0.026157251390897356,0.8816928730142445,0.5063823959942664,0.469009363990045,0.027152588824290207,0.14357435182578238,0.013776695674218081,0.3653119207180447,0.6038313494103413,0.126548373992871,0.9232762192089221
opened_later_half,c4,1,79,177,0.15809408127585112,1,5.421724647643042,0.39562634143573705,0.4212355442258703,0.1499613822049556,0.26611412569649795,5.699190572439868e-05,0.5740940356243049,0.7305159412544235,0.4953256417174679,1.2210910548899558,0.5146659232202482,0.4853071135761144,0.00324289831620716,0.11959413676087784,0.011259805531344204,0.5054132327237564,0.642849962574674,0.008328712275568622,0.7419496650301617,0.46321699072985106,0.3966103574933172,0.05111507372771164,0.18235628778719526,0.0014845774490824996,0.48680954428080964,0.7029244343957453,0.15399799513652937,1.1668304096955546
opened_later_half,c4,1,80,214,0.2261662281997386,1,5.924302117490917,0.453067009134861,0.37324398543537307,0.11150797106021101,0.3309930565451614,0.013106330915809582,0.429636738616798,0.6334872952194167,0.6229663372224713,0.6733392134554912,0.5306803174870105,0.5268085571158004,0.006550645928405773,0.17366983687416787,0.006420326628031742,0.4614947973942684,0.669328211656694,0.019149127533463674,0.7954828384951733,0.4358641253841062,0.48970631296304584,0.0026141975094376964,0.13750928700663195,0.01470277532434803,0.3325560583621526,0.5162674867951569,0.009373645866941836,1.034567787795983
opened_later_half,c4,1,81,170,0.14388420298783805,1,5.485427524097021,0.44691597888372053,0.5124850067931954,0.13484390573499164,0.3691933455157368,0.002489345315544425,0.4766720432244045,0.705951869070268,0.5552599124772187,1.0021984126674355,0.4352445793718176,0.4832484907438802,5.906406822976301e-05,0.1810549696619497,0.01993504071135458,0.510693549034327,0.7109033294943515,0.00017719220468928902,0.7475538743372169,0.5257822991558521,0.5036474306698107,0.015501506726674212,0.13264510375906158,0.007685897018089524,0.40539225860910016,0.5996007669339583,0.06329606464832116,1.096840562946675
opened_later_half,c4,1,82,189,0.2144893371871083,1,5.8542702017133585,0.42668333014289633,0.4388437081897326,0.17590747935357795,0.3804411776316283,0.003022047671409827,0.4819098623923648,0.716769661667668,0.7213603328149403,0.8449037602411245,0.4864089876759586,0.4642996252349023,0.004080877464908541,0.15635545529414122,0.010801329048961687,0.5082373045186676,0.7345576678432318,0.015591685140189184,0.87934544581493,0.46524316014040085,0.5448277589221038,0.004853013637203141,0.12421176284721691,0.01087684982017244,0.39163702667926015,0.5497407459358272,0.01514243033027959,0.950728918986108
opened_later_half,c4,1,83,172,0.10889997919292675,1,5.717252988373685,0.3641616522838142,0.4952188606806967,0.14484949573886227,0.27105480843450375,0.012784397063258615,0.4651639492419908,0.6480277712412864,0.5116229161221423,0.9368156584968829,0.4618989444624919,0.5186358336627436,0.008615698468343064,0.15263436513407813,0.02355846533462075,0.5075603336039083,0.6793007367529255,0.035203118326634045,0.8422507659748006,0.5167945884885978,0.5693413256492323,0.003683537768937741,0.23507333450248494,7.704459230803075e-05,0.4533273362434732,0.6173470975433442,0.018842137372254448,1.1361520500844189
opened_later_half,c4,1,84,199,0.2088362750888484,1,5.942148829928549,0.413123939808091,0.5164590136111918,0.10818090614301891,0.3102913497158219,0.08489535153933307,0.4442510722759381,0.7278866599054753,0.5121724451197144,0.7847276887469545,0.43382676830750644,0.5083489352180166,0.05056724794388448,0.1649304193272074,0.004109938351498631,0.4869730769173675,0.6957697254770622,0.06298028548555878,0.8108362242687039,0.4346686180022796,0.4835903888281632,0.003914275534641588,0.16198679868862545,0.00955372637884421,0.3678371141305364,0.6005115845362329,0.01562954859216516,0.8847784955669683
opened_later_half,c4,1,85,189,0.14887183806490725,1,5.936692230608217,0.39954324119448575,0.42092085581124755,0.12297308355182883,0.25158491710173003,0.00983270367889683,0.40662084536384807,0.6370851223134236,0.5760026231288048,0.750293012069641,0.4318598905083233,0.4640228932764042,0.00022230190058713183,0.20573821169885503,0.02465241666358141,0.47590177389767735,0.72668265309456,0.0006995766798644153,0.811534060932598,0.5006954954635943,0.5036787035019706,0.00198193336408631,0.12553063653962465,0.008641358826582252,0.38016778343540647,0.5249099891332756,0.011722997261100298,0.9070646690045441
opened_later_half,c4,1,86,228,0.2530569004328347,1,5.6813922533264964,0.36654922277771096,0.47208536370602944,0.1080843430520251,0.2734169163340359,1.2632080710329292e-06,0.4423515540815951,0.6245579661873365,0.5725622489780311,0.7871039074136045,0.4987174565643283,0.4836359833380623,0.0036160059362342466,0.16608609681323566,0.015370035589312556,0.4864611480676074,0.7023019934403197,0.011983606416330898,0.8943356705975036,0.4617331052732782,0.5160778917355083,0.009310657313286173,0.1641425131583832,0.002171426675214331,0.4159985397761559,0.5518195472439653,0.04036098757881162,1.0647250422426613
opened_later_half,c4,1,87,175,0.1670929046811073,1,5.917702464865485,0.41950242701913276,0.4198276323517254,0.15600511745014425,0.33319360116374747,0.02164473852923335,0.4260680229725759,0.694139368529729,0.7066355924226588,0.7711214745638947,0.4959576799259171,0.5931510089703791,0.005474797307388141,0.2255380031607267,0.02944087561035319,0.44916867366698093,0.6422940031198285,0.03284878384432885,0.7600788537175788,0.4783585187445239,0.49984443688747393,0.001924295613098599,0.1927804402724919,0.023997786525837207,0.38852572284885173,0.6273688911244322,0.010591029467707036,0.9253074895039707
opened_later_half,c4,1,88,218,0.14970208383442532,1,5.789649119966513,0.4470532952641798,0.476380487230065,0.1064744350148957,0.2760145938856726,0.009658007249800343,0.4528657174290793,0.6042694724296437,0.4994191529609912,0.7483987446432904,0.4850145655892214,0.4933198683287815,0.0006143231026210065,0.1645369613049534,0.0013414779278141447,0.4622684980447034,0.6485107304460415,0.0023487527513743472,0.8014927987380257,0.47450760621063565,0.5258545108130313,0.00726374382763103,0.14188862522370482,0.026024436167457712,0.3706260302429789,0.5884087489925378,0.0391782288332882,0.9312012743588038
opened_later_half,c4,1,89,157,0.11505730744559468,1,5.796045556850872,0.41847337789079186,0.3551442120503996,0.1814019376918577,0.3035055278536,0.0,0.46234879209341256,0.6102506592856438,0.8010085360694492,0.9973391358312133,0.48900570693415624,0.5129954343054909,0.008534428748716153,0.1868442486623702,0.010490933241710179,0.47160675133977364,0.5981105743871338,0.014203027763860699,0.728131546134319,0.49047479330212335,0.5827247289009547,0.0023110032758079948,0.0920280801209938,0.003016105996225774,0.39643853788933825,0.5969301985030248,0.0069375869098957,1.0091302793420989
opened_later_half,c4,1,90,215,0.1868454018591156,1,5.741438027700739,0.40422503845827457,0.44193855873432003,0.14187763639418755,0.27468663455463893,0.01141626847516705,0.5090545617424479,0.6745789078530905,0.6206783464735774,0.8029979760877783,0.4172902088120742,0.47699557195244235,0.0026735107165068448,0.1519877805618201,0.00010491028655249332,0.5357837060603142,0.7830760137804982,0.011138620895784709,0.9231499690330968,0.49262279530073627,0.5184025709372542,0.005949741561346718,0.16047030570427825,0.004593489975523119,0.4064116458567775,0.6191635627559041,0.02904503306181613,0.9906570007017321
opened_later_half,c4,1,91,213,0.20871212108430012,1,5.679552856946031,0.4760929531511576,0.3623714564852482,0.16412027461028347,0.3091807240017052,0.026212515094107682,0.46736414449770197,0.712051955043444,0.4784048954229618,0.7687112080219974,0.44811585924519437,0.5133318198240125,0.0028312233812086006,0.18025668431885813,0.0010844499343903205,0.5106668407177681,0.7293970535991048,0.014360142968268649,0.8132873611610054,0.5035608937388945,0.5213197710248513,0.02022182159051096,0.18252246458806878,0.00208880277427271,0.38941458341857327,0.6378210320447979,0.07765684648568963,1.0493170332864923
opened_later_half,c4,1,92,200,0.15667626513449237,1,5.595271709764727,0.4381736124170329,0.4445483512469349,0.1533550412362898,0.2887559046093343,0.01824692154508484,0.5003661648581728,0.7724039225659188,0.5647940877516101,0.8875609806973075,0.5834521500290485,0.43912510098591967,0.0022004419318197477,0.17656763586612245,0.004491189506853784,0.5724048765890375,0.754520807694882,0.010870346142316556,1.0004401255031212,0.48688421137301585,0.4481181480076029,0.020466802910396202,0.1505394288381171,0.007414262249430225,0.4196315069630687,0.5779878382066435,0.0459224266366324,1.0180041178051853
opened_later_half,c4,1,93,179,0.17203284012125306,1,5.578109654792696,0.3126274863706388,0.4077588765965771,0.15892678444426167,0.29223314279244866,0.003228109970501144,0.48010353169019687,0.6661583137206862,0.682278486181225,0.875602357454934,0.4762930725613107,0.493620410285807,0.01478316084308219,0.23548937933773714,0.024207004655488203,0.49188763430545646,0.6437125627205593,0.018332290387401865,0.8307448419556114,0.4084931429630877,0.4349895478089331,0.008030170913921834,0.19607836341188323,0.0065550294920461594,0.4138871931776967,0.543295083276679,0.025409686197700034,1.0888598680638377
opened_later_half,c4,1,94,212,0.28444886096064637,1,5.772023237786806,0.5037125597547115,0.43943199643455727,0.09960218636400987,0.2250784174253494,0.021904948486651397,0.44149146682413226,0.6874230668567509,0.4460706767853326,0.712196010505784,0.5448296504454987,0.42670530760851655,0.00023020283171788338,0.25636043642094486,0.0002884609437564535,0.5405656237916285,0.7546931619177294,0.0010321467971819553,0.9679566556198316,0.5124479428965069,0.5975572758047598,0.0132783060602257,0.23206213745857787,0.015184422093949162,0.3746837849760987,0.6631078712555513,0.07761619172600202,0.8608832420205011
opened_later_half,c4,1,95,169,0.19124545735355394,1,5.610333886827681,0.3418405706451473,0.39564433204319704,0.21805493888991384,0.36614032196827123,0.006062221124082218,0.5065116873751105,0.7552093192822872,0.7733526932768672,1.0606632498108377,0.4163855949820213,0.5675022149837572,0.0,0.10750889811774209,0.0019259095595807276,0.43982028987396726,0.6453842321183298,0.0,0.7670912531027759,0.4077449006927868,0.5685066813374942,0.0018301205289131732,0.18899743840901673,3.684025266299299e-05,0.4573504608116687,0.7041232860501737,0.009327337626703075,1.1299371562853804
opened_later_half,c4,1,96,183,0.18692535245929634,1,5.718214128411727,0.3985413215750835,0.5427321386289452,0.09692423440019975,0.22659875830755807,0.0228285109960685,0.4591562199644781,0.6672194440468785,0.42900134410773666,0.8460394939405286,0.49621230575222947,0.54818233662284,0.004750506023018315,0.20420453387645535,0.0023043392933095094,0.5223773772139001,0.704582546224263,0.013792717663885035,0.9636368452224788,0.452994210858222,0.4434367278795457,0.020067247284940255,0.15644423867405197,0.004173462015169951,0.36288462880056277,0.5967265900611418,0.1199491998295746,1.0541190514048127
opened_later_half,c4,1,97,164,0.1189772001637249,1,5.556890010482609,0.4121962498857505,0.4536242716656525,0.20283119445173795,0.2913431836899601,0.0008833020492712157,0.4830045543287529,0.680514295952323,0.6264857151791134,0.8683527529376333,0.5062612853940687,0.5069249482877162,0.0019538966825802125,0.2180433972378547,0.025121539993020147,0.5012569155665069,0.6861865880971134,0.003907793365160425,0.7693391493106766,0.450956271051712,0.4565233893768793,0.007607379940505227,0.08169255029745048,0.004530026186956662,0.480034442958411,0.655660364822045,0.04345322049762259,0.9893652332871418
opened_later_half,c4,1,98,211,0.2209539776512487,1,5.657347799251932,0.397446939303125,0.4099220559466286,0.10510044520682917,0.320092374978131,0.02778008273511024,0.4460522379035731,0.6643234783587847,0.5007305578279487,0.8097515669583214,0.4231679771101784,0.5916249148643267,0.006104934771725149,0.13104624143770016,0.004696761488017172,0.5036638155658805,0.7053481975178101,0.018458531552090467,0.9524702596496588,0.4492492475442711,0.4937308906577405,0.007332006321844701,0.1809028397620993,0.00557681970410938,0.3797406095849711,0.5455029740624,0.031418909844239125,0.9978741339903224
opened_later_half,c4,1,99,152,0.12698419969813116,1,5.656963261023905,0.3859473013298273,0.5102875905399088,0.14199876775433487,0.2930757590363239,0.0030028436667676995,0.5367716181182879,0.7336196439402879,0.5657353993097834,1.0332256273818794,0.5090839050265236,0.4976624692896577,0.0071985382350580615,0.14123264095653704,0.009481468123114564,0.4457735444380537,0.6498882769856831,0.023323696658613453,0.7310066542050521,0.5831079281744389,0.4863885629088388,0.007308624647065123,0.2010308219793495,0.00012269451973025372,0.36792751180081285,0.568447947644407,0.0326551197984072,1.1071900259110716
