replicate,local_child_mean_abs,same_axis_mean_abs,same_axis_min_abs,same_minus_local,mixed_pair_mean_abs,correlation_product,xx,yy,zz
0,0.10833333333333332,0.9583333333333334,0.9,0.8500000000000001,0.15416666666666667,-0.8775000000000001,-1.0,0.9,0.9750000000000001
1,0.12916666666666668,0.9333333333333335,0.9,0.8041666666666668,0.15416666666666667,-0.8116875000000001,-0.9,0.925,0.9750000000000001
2,0.11249999999999998,0.9583333333333334,0.8999999999999999,0.8458333333333334,0.15833333333333333,-0.8775,-0.9750000000000001,1.0,0.8999999999999999
3,0.125,0.9333333333333332,0.9,0.8083333333333332,0.20416666666666664,-0.81225,-0.9,0.9500000000000001,0.95
4,0.11249999999999998,0.9666666666666667,0.95,0.8541666666666667,0.16666666666666666,-0.90309375,-0.95,0.9750000000000001,0.975
5,0.13333333333333336,0.9416666666666668,0.925,0.8083333333333333,0.075,-0.8342343750000002,-0.925,0.925,0.9750000000000001
6,0.1708333333333333,0.9500000000000001,0.9249999999999999,0.7791666666666668,0.14166666666666664,-0.8567812499999999,-0.95,0.9750000000000001,0.9249999999999999
7,0.16249999999999998,0.9666666666666668,0.925,0.8041666666666668,0.09583333333333337,-0.9018750000000001,-0.925,1.0,0.9750000000000001
8,0.06666666666666667,0.9500000000000002,0.95,0.8833333333333335,0.11666666666666668,-0.8573750000000002,-0.95,0.9500000000000002,0.9500000000000002
9,0.12916666666666668,0.9583333333333334,0.925,0.8291666666666667,0.07500000000000001,-0.87875,-1.0,0.925,0.95
10,0.07916666666666669,0.9583333333333334,0.95,0.8791666666666667,0.17500000000000002,-0.8799375000000002,-0.9500000000000002,0.95,0.9750000000000001
11,0.12916666666666665,0.9750000000000001,0.9750000000000001,0.8458333333333334,0.07916666666666666,-0.9268593750000003,-0.9750000000000001,0.9750000000000001,0.9750000000000001
12,0.09999999999999999,0.9583333333333334,0.9,0.8583333333333334,0.19166666666666668,-0.8775000000000001,-0.9750000000000001,0.9,1.0
13,0.12916666666666665,0.9416666666666668,0.925,0.8125000000000001,0.14583333333333337,-0.8348125000000002,-0.9500000000000002,0.925,0.95
14,0.1708333333333333,0.9583333333333334,0.925,0.7875000000000001,0.16249999999999998,-0.87875,-0.95,0.925,1.0
15,0.11250000000000004,0.9333333333333332,0.8999999999999999,0.8208333333333332,0.12083333333333333,-0.8116875,-0.9750000000000001,0.925,0.8999999999999999
16,0.09166666666666667,0.9833333333333334,0.9750000000000001,0.8916666666666667,0.15000000000000002,-0.9506250000000002,-0.9750000000000001,0.9750000000000001,1.0
17,0.10833333333333334,0.9583333333333334,0.925,0.8500000000000001,0.10000000000000002,-0.8787500000000003,-0.9500000000000002,0.925,1.0
18,0.12916666666666665,0.9833333333333334,0.975,0.8541666666666667,0.19999999999999998,-0.950625,-0.975,1.0,0.9750000000000001
19,0.12916666666666668,0.9500000000000001,0.925,0.8208333333333334,0.19166666666666668,-0.85678125,-0.9500000000000001,0.975,0.925
20,0.12916666666666668,0.9416666666666668,0.8999999999999999,0.8125000000000001,0.13749999999999998,-0.8336250000000002,-0.9750000000000001,0.9500000000000002,0.8999999999999999
21,0.1166666666666667,0.9083333333333333,0.85,0.7916666666666666,0.125,-0.7469375,-0.925,0.95,0.85
22,0.12500000000000003,0.975,0.95,0.85,0.09166666666666667,-0.9262499999999999,-0.95,0.975,1.0
23,0.05416666666666666,0.9583333333333334,0.925,0.9041666666666667,0.19583333333333333,-0.879328125,-0.925,0.9750000000000001,0.9749999999999999
24,0.08750000000000002,0.9666666666666668,0.9500000000000002,0.8791666666666668,0.19999999999999996,-0.9030937500000001,-0.9749999999999999,0.9750000000000001,0.9500000000000002
25,0.02916666666666665,0.9083333333333332,0.875,0.8791666666666665,0.1375,-0.7481249999999999,-0.9,0.875,0.95
26,0.07083333333333332,0.9416666666666668,0.8999999999999999,0.8708333333333335,0.12916666666666665,-0.833625,-0.9750000000000001,0.8999999999999999,0.95
27,0.07916666666666662,0.9583333333333334,0.95,0.8791666666666668,0.10833333333333332,-0.8799375,-0.9750000000000001,0.9500000000000001,0.95
28,0.13333333333333333,0.9499999999999998,0.8999999999999999,0.8166666666666665,0.15833333333333335,-0.8549999999999999,-1.0,0.8999999999999999,0.95
29,0.08333333333333333,0.9166666666666666,0.875,0.8333333333333333,0.13333333333333333,-0.76890625,-0.875,0.925,0.95
30,0.10416666666666667,0.9416666666666668,0.9000000000000001,0.8375000000000001,0.1875,-0.8336250000000004,-0.9000000000000001,0.9500000000000002,0.9750000000000001
31,0.07500000000000002,0.9666666666666667,0.95,0.8916666666666666,0.12083333333333333,-0.9025,-0.95,0.95,1.0
32,0.10416666666666664,0.9500000000000001,0.925,0.8458333333333334,0.1708333333333333,-0.8567812500000002,-0.9750000000000001,0.925,0.9500000000000001
33,0.15,0.9666666666666668,0.925,0.8166666666666668,0.10833333333333332,-0.9018750000000001,-0.9750000000000001,1.0,0.925
34,0.10416666666666667,0.9500000000000001,0.8749999999999999,0.8458333333333334,0.09166666666666667,-0.8531249999999999,-0.8749999999999999,1.0,0.975
35,0.08750000000000001,0.9583333333333334,0.9249999999999999,0.8708333333333333,0.125,-0.8793281249999998,-0.9249999999999999,0.975,0.9749999999999999
36,0.07916666666666665,0.9416666666666668,0.9,0.8625000000000002,0.1708333333333333,-0.8336249999999998,-0.95,0.9,0.9749999999999999
37,0.12916666666666668,0.9416666666666668,0.875,0.8125000000000001,0.1875,-0.8317968750000002,-0.9750000000000001,0.875,0.9750000000000001
38,0.15416666666666667,0.9666666666666668,0.95,0.8125000000000001,0.1875,-0.9030937500000001,-0.95,0.9750000000000001,0.9750000000000001
39,0.15,0.9416666666666668,0.9249999999999999,0.7916666666666667,0.11666666666666665,-0.8348124999999998,-0.9249999999999999,0.95,0.95
40,0.07083333333333335,0.9499999999999998,0.9249999999999999,0.8791666666666665,0.10416666666666667,-0.8567812499999999,-0.9249999999999999,0.9750000000000001,0.95
41,0.07916666666666665,0.9499999999999998,0.925,0.8708333333333332,0.15,-0.85678125,-0.9500000000000001,0.925,0.9749999999999999
42,0.125,0.9416666666666668,0.925,0.8166666666666668,0.2041666666666667,-0.8342343750000001,-0.925,0.9750000000000001,0.925
43,0.075,0.9416666666666668,0.925,0.8666666666666668,0.09166666666666667,-0.8348125000000001,-0.9500000000000001,0.925,0.95
44,0.09999999999999999,0.9416666666666668,0.925,0.8416666666666668,0.14166666666666666,-0.8348125000000001,-0.95,0.9500000000000002,0.925
45,0.10416666666666667,0.9833333333333334,0.9750000000000001,0.8791666666666668,0.1791666666666667,-0.9506250000000002,-0.9750000000000001,1.0,0.9750000000000001
46,0.08333333333333336,0.975,0.9249999999999999,0.8916666666666666,0.08750000000000002,-0.9249999999999999,-1.0,1.0,0.9249999999999999
47,0.08333333333333337,0.9666666666666668,0.95,0.8833333333333334,0.08749999999999998,-0.9030937500000001,-0.9750000000000001,0.95,0.9750000000000001
48,0.12499999999999999,0.8833333333333333,0.8499999999999999,0.7583333333333333,0.15833333333333333,-0.6879687499999999,-0.925,0.875,0.8499999999999999
49,0.2041666666666667,0.9666666666666668,0.95,0.7625000000000001,0.12916666666666668,-0.9025,-1.0,0.9500000000000001,0.95
50,0.06666666666666671,0.9250000000000002,0.9249999999999999,0.8583333333333334,0.1875,-0.791453125,-0.9249999999999999,0.925,0.925
51,0.09583333333333334,0.9,0.875,0.8041666666666667,0.14166666666666664,-0.7284375000000001,-0.925,0.875,0.9
52,0.13750000000000004,0.9416666666666668,0.925,0.8041666666666667,0.18333333333333335,-0.8348125000000001,-0.9500000000000001,0.925,0.95
53,0.09583333333333333,0.9583333333333334,0.925,0.8625,0.15416666666666667,-0.8793281250000002,-0.9750000000000001,0.9750000000000001,0.925
54,0.08750000000000001,0.9333333333333335,0.8500000000000001,0.8458333333333334,0.09583333333333337,-0.8080312500000002,-0.8500000000000001,0.9750000000000001,0.975
55,0.02500000000000001,0.9666666666666667,0.8999999999999999,0.9416666666666667,0.14166666666666664,-0.8999999999999999,-1.0,0.8999999999999999,1.0
56,0.0625,0.9416666666666668,0.925,0.8791666666666668,0.1708333333333333,-0.8348125,-0.95,0.95,0.925
57,0.09166666666666667,0.9750000000000001,0.9500000000000001,0.8833333333333334,0.15,-0.9262500000000001,-1.0,0.9500000000000001,0.9750000000000001
58,0.04166666666666665,0.9500000000000001,0.95,0.9083333333333334,0.13333333333333336,-0.857375,-0.9500000000000002,0.95,0.95
59,0.1083333333333333,0.9416666666666668,0.9249999999999999,0.8333333333333335,0.10833333333333334,-0.8348124999999998,-0.9249999999999999,0.95,0.95
60,0.1333333333333334,0.9583333333333334,0.925,0.825,0.08749999999999998,-0.87875,-0.95,0.925,1.0
61,0.09999999999999998,0.9750000000000001,0.9500000000000002,0.8750000000000001,0.1625,-0.9262500000000002,-0.9750000000000001,1.0,0.9500000000000002
62,0.1166666666666667,0.9833333333333334,0.95,0.8666666666666667,0.1625,-0.95,-1.0,1.0,0.95
63,0.10416666666666669,0.9833333333333334,0.9750000000000001,0.8791666666666667,0.18333333333333335,-0.9506250000000002,-1.0,0.9750000000000001,0.9750000000000001
64,0.06666666666666665,0.9249999999999999,0.9,0.8583333333333333,0.1708333333333333,-0.790875,-0.95,0.925,0.9
65,0.10416666666666667,0.9500000000000002,0.925,0.8458333333333335,0.08750000000000001,-0.8567812500000003,-0.9500000000000002,0.9750000000000001,0.925
66,0.09999999999999999,0.9583333333333334,0.95,0.8583333333333334,0.1416666666666667,-0.8799375,-0.95,0.95,0.9750000000000001
67,0.10416666666666667,0.9416666666666668,0.9,0.8375000000000001,0.12916666666666668,-0.8336250000000001,-0.9,0.9500000000000002,0.9749999999999999
68,0.07083333333333333,0.9499999999999998,0.9249999999999999,0.8791666666666665,0.1375,-0.85678125,-0.9249999999999999,0.9500000000000002,0.9749999999999999
69,0.08750000000000001,0.9416666666666668,0.925,0.8541666666666667,0.0666666666666667,-0.8348125000000001,-0.925,0.9500000000000001,0.95
70,0.06666666666666665,0.9250000000000002,0.8999999999999999,0.8583333333333335,0.13333333333333333,-0.7908750000000001,-0.8999999999999999,0.9500000000000002,0.925
71,0.08750000000000002,0.9583333333333334,0.95,0.8708333333333333,0.1708333333333333,-0.8799375,-0.9500000000000001,0.9750000000000001,0.95
72,0.11666666666666668,0.9583333333333334,0.9000000000000001,0.8416666666666667,0.1791666666666667,-0.8775000000000001,-0.9000000000000001,0.975,1.0
73,0.06666666666666667,0.9750000000000001,0.975,0.9083333333333334,0.125,-0.926859375,-0.975,0.9750000000000001,0.975
74,0.09999999999999999,0.9583333333333334,0.95,0.8583333333333334,0.09166666666666667,-0.8799374999999999,-0.9750000000000001,0.95,0.95
75,0.08333333333333333,0.9750000000000001,0.975,0.8916666666666667,0.18333333333333335,-0.9268593750000002,-0.9750000000000001,0.9750000000000001,0.975
76,0.05000000000000001,0.9416666666666668,0.9,0.8916666666666667,0.1416666666666667,-0.8325,-0.925,0.9,1.0
77,0.11249999999999998,0.9666666666666667,0.8999999999999999,0.8541666666666667,0.15,-0.8999999999999999,-1.0,0.8999999999999999,1.0
78,0.10833333333333332,0.9583333333333334,0.9249999999999999,0.8500000000000001,0.22083333333333335,-0.8793281249999999,-0.9749999999999999,0.9750000000000001,0.9249999999999999
79,0.19999999999999998,0.9583333333333334,0.925,0.7583333333333334,0.13333333333333333,-0.8793281250000001,-0.925,0.9750000000000001,0.9750000000000001
80,0.12916666666666665,0.9333333333333332,0.9000000000000001,0.8041666666666666,0.14583333333333334,-0.8116875000000001,-0.925,0.975,0.9000000000000001
81,0.125,0.9416666666666668,0.925,0.8166666666666668,0.1625,-0.8348125000000001,-0.95,0.925,0.9500000000000001
82,0.12916666666666668,0.975,0.9500000000000001,0.8458333333333333,0.16666666666666666,-0.9262499999999999,-0.9749999999999999,0.9500000000000001,1.0
83,0.06666666666666667,0.9500000000000001,0.9,0.8833333333333334,0.1541666666666667,-0.8555624999999999,-0.975,0.9,0.975
84,0.11666666666666664,0.9333333333333332,0.9249999999999999,0.8166666666666667,0.12916666666666665,-0.81284375,-0.925,0.95,0.9249999999999999
85,0.06666666666666664,0.9500000000000002,0.925,0.8833333333333335,0.20833333333333334,-0.8567812500000002,-0.9500000000000002,0.975,0.925
86,0.125,0.9416666666666668,0.9,0.8166666666666668,0.12083333333333335,-0.833625,-0.9500000000000001,0.9,0.9749999999999999
87,0.21250000000000002,0.9833333333333334,0.95,0.7708333333333334,0.1416666666666667,-0.95,-0.95,1.0,1.0
88,0.1791666666666666,0.9583333333333334,0.925,0.7791666666666668,0.12916666666666665,-0.87875,-0.925,1.0,0.95
89,0.10833333333333335,0.9666666666666668,0.925,0.8583333333333334,0.21666666666666667,-0.9018750000000001,-0.925,0.9750000000000001,1.0
90,0.10000000000000002,0.9416666666666665,0.8999999999999999,0.8416666666666666,0.14166666666666664,-0.8336249999999998,-0.95,0.975,0.8999999999999999
91,0.1708333333333333,0.9583333333333334,0.925,0.7875000000000001,0.15833333333333333,-0.8787500000000003,-1.0,0.925,0.9500000000000002
92,0.1333333333333333,0.9250000000000002,0.9,0.7916666666666669,0.1125,-0.7908750000000001,-0.9,0.9500000000000001,0.925
93,0.125,0.9416666666666668,0.925,0.8166666666666668,0.1166666666666667,-0.8348125,-0.95,0.95,0.925
94,0.10416666666666664,0.9499999999999998,0.9249999999999999,0.8458333333333332,0.19166666666666665,-0.8567812499999998,-0.9749999999999999,0.9500000000000001,0.9249999999999999
95,0.09583333333333333,0.9500000000000001,0.8999999999999999,0.8541666666666667,0.17500000000000002,-0.8555625000000001,-0.9750000000000001,0.9750000000000001,0.8999999999999999
96,0.17500000000000002,0.975,0.925,0.7999999999999999,0.15833333333333335,-0.925,-1.0,0.925,1.0
97,0.1208333333333333,0.9166666666666666,0.875,0.7958333333333333,0.19999999999999998,-0.7689062500000001,-0.9500000000000001,0.875,0.925
98,0.12083333333333333,0.9333333333333332,0.875,0.8124999999999999,0.10000000000000002,-0.8093750000000001,-0.925,1.0,0.875
99,0.05833333333333333,0.9333333333333332,0.9249999999999999,0.8749999999999999,0.1166666666666667,-0.81284375,-0.9249999999999999,0.925,0.95
100,0.075,0.9666666666666667,0.95,0.8916666666666667,0.12083333333333333,-0.90309375,-0.9750000000000001,0.95,0.975
101,0.1125,0.9666666666666668,0.95,0.8541666666666667,0.15833333333333335,-0.9025,-1.0,0.9500000000000001,0.95
102,0.07499999999999997,0.975,0.95,0.9,0.17083333333333336,-0.92625,-1.0,0.9750000000000001,0.95
103,0.08333333333333333,0.9916666666666667,0.9750000000000001,0.9083333333333333,0.15833333333333333,-0.9750000000000001,-1.0,1.0,0.9750000000000001
104,0.1666666666666667,0.9499999999999998,0.8999999999999999,0.7833333333333331,0.19166666666666665,-0.8549999999999999,-1.0,0.95,0.8999999999999999
105,0.0625,0.9500000000000001,0.925,0.8875000000000001,0.10416666666666669,-0.85678125,-0.9750000000000001,0.925,0.95
106,0.13749999999999998,0.9833333333333334,0.975,0.8458333333333334,0.1958333333333333,-0.950625,-1.0,0.975,0.9750000000000001
107,0.06250000000000001,0.9583333333333334,0.925,0.8958333333333334,0.09166666666666667,-0.879328125,-0.925,0.9750000000000001,0.975
108,0.08749999999999998,0.9416666666666668,0.925,0.8541666666666667,0.09583333333333331,-0.8348125,-0.95,0.95,0.925
109,0.09999999999999998,0.9500000000000001,0.925,0.8500000000000001,0.12083333333333335,-0.85678125,-0.9750000000000001,0.925,0.95
110,0.1708333333333333,0.9583333333333334,0.925,0.7875000000000001,0.13333333333333333,-0.87875,-0.95,1.0,0.925
111,0.10416666666666667,0.9333333333333332,0.9,0.8291666666666666,0.1583333333333334,-0.8116875000000001,-0.9750000000000001,0.9,0.925
112,0.19999999999999998,0.9333333333333332,0.875,0.7333333333333333,0.10833333333333332,-0.81046875,-0.975,0.875,0.95
113,0.10000000000000002,0.9249999999999999,0.9,0.825,0.125,-0.7908749999999999,-0.9249999999999999,0.9,0.95
114,0.10833333333333332,0.9666666666666668,0.95,0.8583333333333335,0.13333333333333333,-0.9030937500000001,-0.95,0.9750000000000001,0.9750000000000001
115,0.1958333333333333,0.9666666666666668,0.925,0.7708333333333335,0.10416666666666667,-0.9018750000000001,-0.9750000000000001,0.925,1.0
116,0.1208333333333333,0.9583333333333334,0.925,0.8375,0.17916666666666667,-0.8787500000000001,-0.9500000000000001,1.0,0.925
117,0.125,0.9416666666666668,0.925,0.8166666666666668,0.11666666666666668,-0.8348125000000002,-0.925,0.95,0.9500000000000002
118,0.11249999999999999,0.9666666666666668,0.9500000000000001,0.8541666666666667,0.10000000000000002,-0.9030937500000001,-0.9500000000000001,0.9750000000000001,0.975
119,0.037499999999999985,0.9333333333333332,0.875,0.8958333333333333,0.13333333333333333,-0.8093750000000001,-0.925,1.0,0.875
120,0.11249999999999998,0.9416666666666668,0.9000000000000001,0.8291666666666668,0.21666666666666667,-0.8336250000000002,-0.95,0.9000000000000001,0.9750000000000001
121,0.09999999999999999,0.9333333333333332,0.9249999999999999,0.8333333333333333,0.08750000000000001,-0.81284375,-0.925,0.95,0.9249999999999999
122,0.07499999999999998,0.9583333333333334,0.9500000000000001,0.8833333333333334,0.10416666666666667,-0.8799375,-0.9500000000000002,0.9500000000000001,0.9749999999999999
123,0.1125,0.9750000000000001,0.9500000000000001,0.8625,0.15833333333333335,-0.9262500000000001,-0.9500000000000001,1.0,0.9750000000000001
124,0.06666666666666667,0.9416666666666668,0.9000000000000001,0.8750000000000001,0.1625,-0.8336250000000002,-0.9750000000000001,0.9000000000000001,0.95
125,0.09999999999999998,0.975,0.95,0.875,0.09583333333333333,-0.9262499999999999,-0.975,1.0,0.95
126,0.1166666666666667,0.9416666666666668,0.9000000000000001,0.8250000000000001,0.1416666666666667,-0.8336250000000004,-0.9000000000000001,0.9500000000000002,0.9750000000000001
127,0.07083333333333332,0.9166666666666666,0.9,0.8458333333333333,0.18749999999999997,-0.7700625000000001,-0.9,0.925,0.925
128,0.09166666666666672,0.9250000000000002,0.875,0.8333333333333335,0.13333333333333333,-0.7896875,-0.9500000000000001,0.875,0.95
129,0.1333333333333333,0.9583333333333334,0.9,0.8250000000000001,0.15416666666666667,-0.8775000000000001,-0.9,0.9750000000000001,1.0
130,0.10833333333333332,0.9333333333333332,0.925,0.825,0.1708333333333333,-0.8128437500000002,-0.9500000000000001,0.925,0.925
131,0.17500000000000002,0.9583333333333334,0.925,0.7833333333333333,0.19583333333333333,-0.8793281250000001,-0.9750000000000001,0.925,0.9750000000000001
132,0.13750000000000004,0.9333333333333332,0.875,0.7958333333333332,0.1875,-0.8093750000000001,-0.875,0.925,1.0
133,0.13333333333333333,0.975,0.95,0.8416666666666667,0.125,-0.92625,-1.0,0.9750000000000001,0.95
134,0.1208333333333333,0.9250000000000002,0.9000000000000001,0.8041666666666668,0.12916666666666665,-0.7908750000000002,-0.925,0.9000000000000001,0.9500000000000002
135,0.05416666666666665,0.9249999999999999,0.825,0.8708333333333332,0.08749999999999998,-0.78375,-0.825,1.0,0.95
136,0.11666666666666665,0.9333333333333335,0.875,0.8166666666666668,0.17916666666666667,-0.8104687500000002,-0.875,0.9500000000000002,0.975
137,0.09166666666666667,0.9500000000000001,0.9249999999999999,0.8583333333333334,0.12500000000000003,-0.8567812499999999,-0.9750000000000001,0.95,0.9249999999999999
138,0.12499999999999999,0.9250000000000002,0.9000000000000001,0.8000000000000002,0.12916666666666665,-0.7908750000000001,-0.925,0.9000000000000001,0.95
139,0.14583333333333334,0.9500000000000001,0.925,0.8041666666666667,0.11249999999999999,-0.8556250000000001,-0.925,1.0,0.925
140,0.08750000000000001,0.9249999999999999,0.8999999999999999,0.8374999999999999,0.13333333333333336,-0.790875,-0.9500000000000001,0.925,0.8999999999999999
141,0.041666666666666664,0.9083333333333333,0.8500000000000001,0.8666666666666667,0.2583333333333333,-0.7458750000000002,-0.9750000000000001,0.9,0.8500000000000001
142,0.12916666666666662,0.9416666666666668,0.925,0.8125000000000001,0.1375,-0.8348125,-0.95,0.95,0.925
143,0.075,0.9500000000000001,0.925,0.8750000000000001,0.20833333333333334,-0.85678125,-0.9750000000000001,0.925,0.95
144,0.18333333333333335,0.9583333333333334,0.925,0.775,0.19166666666666668,-0.879328125,-0.9750000000000001,0.925,0.975
145,0.09999999999999999,0.9500000000000001,0.9,0.8500000000000001,0.12083333333333335,-0.8550000000000001,-1.0,0.9,0.9500000000000001
146,0.07916666666666665,0.9666666666666668,0.925,0.8875000000000002,0.07083333333333335,-0.9018750000000001,-1.0,0.925,0.9750000000000001
147,0.125,0.9583333333333334,0.9249999999999999,0.8333333333333334,0.19166666666666665,-0.8793281250000001,-0.9750000000000001,0.9750000000000001,0.9249999999999999
148,0.04583333333333333,0.9666666666666668,0.95,0.9208333333333335,0.14166666666666664,-0.9030937500000001,-0.9750000000000001,0.95,0.9750000000000001
149,0.08749999999999998,0.9500000000000002,0.9000000000000001,0.8625000000000002,0.11249999999999999,-0.8550000000000002,-1.0,0.9500000000000001,0.9000000000000001
150,0.07916666666666669,0.9500000000000001,0.9,0.8708333333333333,0.12916666666666668,-0.8555625000000001,-0.9750000000000001,0.9750000000000001,0.9
151,0.08750000000000001,0.975,0.95,0.8875,0.13333333333333333,-0.92625,-0.9750000000000001,1.0,0.95
152,0.15000000000000002,0.9583333333333334,0.95,0.8083333333333333,0.10833333333333334,-0.8799375000000002,-0.9750000000000001,0.95,0.9500000000000002
153,0.07083333333333333,0.9500000000000001,0.875,0.8791666666666668,0.1875,-0.8531250000000001,-0.9750000000000001,0.875,1.0
154,0.1125,0.9833333333333334,0.9749999999999999,0.8708333333333333,0.18333333333333335,-0.9506249999999999,-0.9750000000000001,1.0,0.9749999999999999
155,0.075,0.9833333333333334,0.9750000000000001,0.9083333333333334,0.14583333333333334,-0.9506250000000002,-0.9750000000000001,1.0,0.9750000000000001
156,0.12916666666666668,0.9583333333333334,0.925,0.8291666666666667,0.09583333333333333,-0.879328125,-0.975,0.925,0.975
157,0.11249999999999999,0.9666666666666667,0.9500000000000001,0.8541666666666667,0.17916666666666667,-0.9030937499999999,-0.9749999999999999,0.9500000000000001,0.975
158,0.0625,0.9916666666666667,0.975,0.9291666666666667,0.10416666666666667,-0.975,-1.0,1.0,0.975
159,0.09583333333333334,0.9583333333333334,0.9,0.8625,0.10416666666666667,-0.8775000000000001,-0.9,0.9750000000000001,1.0
160,0.10000000000000002,0.9416666666666668,0.9,0.8416666666666668,0.09166666666666669,-0.8325,-1.0,0.925,0.9
161,0.09583333333333334,0.9333333333333332,0.8999999999999999,0.8374999999999999,0.15416666666666667,-0.8099999999999998,-1.0,0.8999999999999999,0.8999999999999999
162,0.10833333333333334,0.9250000000000002,0.9000000000000001,0.8166666666666669,0.16666666666666666,-0.7908750000000001,-0.95,0.925,0.9000000000000001
163,0.11666666666666665,0.9500000000000001,0.9,0.8333333333333334,0.09999999999999998,-0.855,-0.9,0.95,1.0
164,0.09583333333333333,0.9166666666666666,0.875,0.8208333333333333,0.14166666666666666,-0.7678125,-0.9750000000000001,0.8999999999999999,0.875
165,0.03333333333333333,0.9416666666666668,0.925,0.9083333333333334,0.13749999999999998,-0.834234375,-0.975,0.925,0.925
166,0.075,0.9583333333333334,0.9249999999999999,0.8833333333333334,0.10833333333333332,-0.8787499999999999,-0.9249999999999999,1.0,0.95
167,0.05833333333333334,0.9583333333333334,0.925,0.9,0.15833333333333333,-0.879328125,-0.975,0.925,0.975
168,0.05833333333333333,0.9333333333333332,0.9,0.8749999999999999,0.08750000000000002,-0.8122500000000001,-0.9,0.9500000000000002,0.95
169,0.049999999999999996,0.9583333333333334,0.925,0.9083333333333333,0.07916666666666668,-0.879328125,-0.925,0.9750000000000001,0.9749999999999999
170,0.15416666666666667,0.9166666666666666,0.8999999999999999,0.7625,0.12916666666666665,-0.7700625,-0.925,0.925,0.8999999999999999
171,0.17499999999999996,0.9333333333333332,0.925,0.7583333333333333,0.15416666666666667,-0.8128437500000001,-0.95,0.925,0.925
172,0.11249999999999999,0.9833333333333334,0.9750000000000001,0.8708333333333333,0.19583333333333333,-0.9506250000000002,-0.9750000000000001,0.9750000000000001,1.0
173,0.11249999999999998,0.8916666666666666,0.875,0.7791666666666667,0.15,-0.7087499999999999,-0.8999999999999999,0.8999999999999999,0.875
174,0.13333333333333333,0.9166666666666666,0.85,0.7833333333333333,0.15,-0.765,-1.0,0.9,0.85
175,0.07083333333333332,0.9916666666666667,0.975,0.9208333333333334,0.19166666666666665,-0.975,-0.975,1.0,1.0
176,0.0625,0.9833333333333334,0.9750000000000001,0.9208333333333334,0.13333333333333333,-0.9506250000000002,-0.9750000000000001,0.9750000000000001,1.0
177,0.18333333333333332,0.9833333333333334,0.975,0.8,0.08749999999999998,-0.9506249999999999,-0.975,0.975,1.0
178,0.07083333333333335,0.9583333333333334,0.9249999999999999,0.8875000000000001,0.10833333333333335,-0.8787499999999999,-0.95,1.0,0.9249999999999999
179,0.05833333333333335,0.9500000000000001,0.925,0.8916666666666667,0.12083333333333335,-0.85678125,-0.925,0.9750000000000001,0.95
180,0.12916666666666665,0.9416666666666665,0.9249999999999999,0.8124999999999999,0.12916666666666665,-0.8342343749999999,-0.9749999999999999,0.925,0.9249999999999999
181,0.09166666666666663,0.9500000000000001,0.925,0.8583333333333334,0.09999999999999998,-0.8556250000000001,-0.925,0.925,1.0
182,0.09999999999999998,0.975,0.925,0.875,0.16249999999999998,-0.925,-0.925,1.0,1.0
183,0.08749999999999997,0.9666666666666668,0.95,0.8791666666666669,0.16666666666666666,-0.9030937500000001,-0.9750000000000001,0.9750000000000001,0.95
184,0.13333333333333333,0.9916666666666667,0.975,0.8583333333333334,0.1375,-0.975,-0.975,1.0,1.0
185,0.1208333333333333,0.9666666666666667,0.95,0.8458333333333333,0.125,-0.9025,-1.0,0.95,0.95
186,0.09583333333333334,0.9500000000000001,0.925,0.8541666666666667,0.07083333333333335,-0.8556250000000001,-0.925,0.925,1.0
187,0.12083333333333335,0.9583333333333334,0.925,0.8375,0.1375,-0.87875,-0.95,0.925,1.0
188,0.05833333333333332,0.9416666666666665,0.8499999999999999,0.8833333333333332,0.16249999999999998,-0.8287499999999999,-0.8499999999999999,0.975,1.0
189,0.07083333333333335,0.9249999999999999,0.875,0.8541666666666666,0.12499999999999999,-0.7875,-0.9,1.0,0.875
190,0.10833333333333332,0.9250000000000002,0.8999999999999999,0.8166666666666669,0.2041666666666667,-0.7897500000000001,-0.9750000000000001,0.9000000000000001,0.8999999999999999
191,0.18333333333333338,0.9333333333333332,0.9,0.7499999999999999,0.17916666666666667,-0.81225,-0.9500000000000001,0.9,0.95
192,0.17083333333333336,0.9583333333333334,0.9000000000000001,0.7875,0.14166666666666666,-0.8775000000000002,-0.9000000000000001,1.0,0.9750000000000001
193,0.12083333333333335,0.9666666666666668,0.9500000000000002,0.8458333333333334,0.1708333333333333,-0.9030937500000004,-0.9500000000000002,0.9750000000000001,0.9750000000000001
194,0.1416666666666666,0.9333333333333332,0.925,0.7916666666666666,0.19999999999999998,-0.8128437500000001,-0.925,0.95,0.925
195,0.075,0.9333333333333332,0.925,0.8583333333333333,0.1708333333333333,-0.8128437500000001,-0.925,0.95,0.925
196,0.08750000000000002,0.9333333333333332,0.925,0.8458333333333332,0.1625,-0.8128437500000002,-0.9500000000000001,0.925,0.925
197,0.1208333333333333,0.9666666666666668,0.95,0.8458333333333334,0.11250000000000003,-0.9030937500000001,-0.95,0.9750000000000001,0.9750000000000001
198,0.14583333333333334,0.9500000000000002,0.9000000000000001,0.8041666666666668,0.15000000000000002,-0.8555625000000002,-0.9750000000000001,0.9000000000000001,0.9750000000000001
199,0.0666666666666667,0.9666666666666668,0.925,0.9000000000000001,0.12083333333333335,-0.9018750000000001,-1.0,0.9750000000000001,0.925
200,0.125,0.9583333333333334,0.925,0.8333333333333334,0.13333333333333333,-0.87875,-0.925,1.0,0.95
201,0.125,0.9500000000000001,0.925,0.8250000000000001,0.1708333333333333,-0.8556250000000001,-1.0,0.925,0.925
202,0.15000000000000002,0.9500000000000001,0.925,0.8,0.15,-0.85678125,-0.9750000000000001,0.95,0.925
203,0.11666666666666668,0.9583333333333334,0.9249999999999999,0.8416666666666667,0.17916666666666667,-0.8793281250000001,-0.9750000000000001,0.9750000000000001,0.9249999999999999
204,0.07499999999999997,0.9333333333333332,0.925,0.8583333333333333,0.12083333333333333,-0.8128437500000001,-0.95,0.925,0.925
205,0.07083333333333332,0.9583333333333334,0.95,0.8875000000000001,0.15416666666666667,-0.8799374999999999,-0.9500000000000001,0.95,0.975
206,0.07916666666666669,0.9500000000000001,0.9249999999999999,0.8708333333333333,0.13749999999999998,-0.8567812500000002,-0.9249999999999999,0.9500000000000002,0.975
207,0.10833333333333334,0.9500000000000001,0.925,0.8416666666666668,0.10000000000000002,-0.8556250000000001,-0.925,0.925,1.0
208,0.06249999999999999,0.9583333333333334,0.925,0.8958333333333334,0.10416666666666669,-0.8793281250000001,-0.925,0.9750000000000001,0.9750000000000001
209,0.16666666666666666,0.9666666666666668,0.925,0.8000000000000002,0.08749999999999998,-0.9018750000000001,-0.9750000000000001,1.0,0.925
210,0.11249999999999998,0.9500000000000001,0.925,0.8375000000000001,0.15416666666666665,-0.8556250000000001,-0.925,0.925,1.0
211,0.12916666666666668,0.9333333333333332,0.9000000000000001,0.8041666666666666,0.19166666666666668,-0.8122500000000001,-0.95,0.95,0.9000000000000001
212,0.1708333333333333,0.9666666666666668,0.9500000000000001,0.7958333333333335,0.09166666666666669,-0.9030937500000003,-0.9750000000000001,0.9750000000000001,0.9500000000000001
213,0.1333333333333333,0.9583333333333334,0.925,0.8250000000000001,0.1416666666666667,-0.87875,-0.925,0.95,1.0
214,0.07916666666666668,0.9666666666666667,0.95,0.8875,0.1208333333333333,-0.9025,-0.95,1.0,0.95
215,0.14583333333333334,0.9499999999999998,0.9,0.8041666666666665,0.07916666666666668,-0.8555624999999999,-0.9750000000000001,0.9,0.9749999999999999
216,0.125,0.9250000000000002,0.875,0.8000000000000002,0.15833333333333333,-0.789140625,-0.925,0.9750000000000001,0.875
217,0.09166666666666663,0.9249999999999999,0.8500000000000001,0.8333333333333333,0.15833333333333335,-0.78625,-0.9249999999999999,0.8500000000000001,1.0
218,0.07916666666666665,0.9249999999999999,0.9,0.8458333333333333,0.1625,-0.790875,-0.9249999999999999,0.9500000000000001,0.9
219,0.10416666666666667,0.975,0.9500000000000001,0.8708333333333333,0.15416666666666667,-0.9262499999999999,-1.0,0.9500000000000001,0.9749999999999999
220,0.12083333333333333,0.9500000000000001,0.9,0.8291666666666667,0.12916666666666665,-0.8550000000000001,-0.9500000000000001,1.0,0.9
221,0.08333333333333333,0.975,0.95,0.8916666666666666,0.18749999999999997,-0.92625,-0.9750000000000001,1.0,0.95
222,0.10416666666666669,0.9500000000000001,0.9,0.8458333333333334,0.10833333333333332,-0.855,-0.95,1.0,0.9
223,0.1416666666666667,0.9583333333333334,0.9249999999999999,0.8166666666666667,0.13333333333333333,-0.8787500000000001,-0.9249999999999999,1.0,0.9500000000000002
224,0.17500000000000002,0.9500000000000001,0.875,0.775,0.1375,-0.8531250000000001,-0.875,1.0,0.9750000000000001
225,0.08749999999999998,0.9333333333333332,0.8999999999999999,0.8458333333333332,0.17499999999999996,-0.8116875,-0.9750000000000001,0.925,0.8999999999999999
226,0.10833333333333335,0.975,0.95,0.8666666666666666,0.12499999999999999,-0.92625,-0.95,1.0,0.9750000000000001
227,0.14166666666666664,0.9416666666666668,0.925,0.8000000000000002,0.10833333333333328,-0.8342343750000002,-0.925,0.925,0.9750000000000001
228,0.10000000000000005,0.9500000000000001,0.95,0.85,0.125,-0.857375,-0.95,0.9500000000000002,0.95
229,0.09583333333333334,0.9833333333333334,0.9750000000000001,0.8875000000000001,0.15416666666666667,-0.9506250000000002,-0.9750000000000001,0.9750000000000001,1.0
230,0.08749999999999998,0.9416666666666668,0.9249999999999999,0.8541666666666667,0.13749999999999998,-0.8348125,-0.9249999999999999,0.9500000000000001,0.95
231,0.08750000000000001,0.9583333333333334,0.95,0.8708333333333333,0.15416666666666665,-0.8799375000000002,-0.95,0.9750000000000001,0.9500000000000002
232,0.1958333333333333,0.9750000000000001,0.975,0.7791666666666668,0.15,-0.9268593750000002,-0.975,0.9750000000000001,0.9750000000000001
233,0.10833333333333332,0.9833333333333334,0.9750000000000001,0.8750000000000001,0.17499999999999996,-0.9506250000000002,-0.9750000000000001,1.0,0.9750000000000001
234,0.10416666666666667,0.9500000000000001,0.8999999999999999,0.8458333333333334,0.1625,-0.855,-1.0,0.9500000000000001,0.8999999999999999
235,0.1541666666666667,0.9583333333333334,0.925,0.8041666666666667,0.07500000000000001,-0.8787500000000001,-1.0,0.9500000000000001,0.925
236,0.06666666666666667,0.9416666666666668,0.9,0.8750000000000001,0.2333333333333333,-0.8325,-0.9,0.925,1.0
237,0.07916666666666665,0.9333333333333332,0.9000000000000001,0.8541666666666666,0.13333333333333333,-0.81225,-0.95,0.9000000000000001,0.95
238,0.13750000000000004,0.9583333333333334,0.925,0.8208333333333333,0.14583333333333331,-0.87875,-1.0,0.925,0.95
239,0.13749999999999998,0.9500000000000001,0.9,0.8125000000000001,0.075,-0.8555625000000001,-0.9750000000000001,0.9,0.9750000000000001
240,0.075,0.9416666666666668,0.925,0.8666666666666668,0.08749999999999998,-0.8342343750000001,-0.925,0.925,0.975
241,0.12083333333333333,0.9500000000000002,0.925,0.8291666666666668,0.12083333333333335,-0.8567812500000003,-0.9750000000000001,0.9500000000000002,0.925
242,0.037499999999999985,0.9583333333333334,0.95,0.9208333333333334,0.1333333333333333,-0.8799375000000002,-0.9500000000000002,0.9750000000000001,0.95
243,0.08750000000000001,0.9333333333333332,0.9,0.8458333333333332,0.13333333333333333,-0.8116875,-0.9,0.975,0.925
244,0.03749999999999999,0.9416666666666668,0.875,0.9041666666666668,0.15833333333333333,-0.8312499999999999,-1.0,0.95,0.875
245,0.08333333333333333,0.9666666666666667,0.95,0.8833333333333333,0.19999999999999998,-0.9025,-0.95,0.95,1.0
246,0.07499999999999998,0.975,0.95,0.9,0.19999999999999998,-0.9262499999999999,-0.95,1.0,0.975
247,0.12916666666666668,0.9666666666666667,0.95,0.8375,0.10833333333333335,-0.9025,-1.0,0.95,0.95
248,0.1125,0.9583333333333334,0.95,0.8458333333333333,0.16666666666666666,-0.8799375000000002,-0.9500000000000002,0.95,0.9750000000000001
249,0.15833333333333335,0.9583333333333334,0.925,0.8,0.1791666666666667,-0.8793281250000002,-0.9750000000000001,0.9750000000000001,0.925
250,0.1125,0.9416666666666668,0.925,0.8291666666666667,0.14583333333333334,-0.8342343750000001,-0.925,0.9750000000000001,0.925
251,0.17916666666666667,0.9500000000000001,0.925,0.7708333333333334,0.20000000000000004,-0.85678125,-0.975,0.9500000000000001,0.925
252,0.13749999999999998,0.9666666666666667,0.95,0.8291666666666667,0.1625,-0.9025,-0.95,0.95,1.0
253,0.07916666666666668,0.9416666666666668,0.925,0.8625,0.10000000000000002,-0.8342343750000001,-0.925,0.925,0.975
254,0.125,0.975,0.9749999999999999,0.85,0.13749999999999998,-0.9268593749999999,-0.975,0.9750000000000001,0.9749999999999999
255,0.041666666666666664,0.9333333333333332,0.925,0.8916666666666666,0.1625,-0.8128437500000001,-0.95,0.925,0.925
256,0.07083333333333332,0.975,0.95,0.9041666666666667,0.10416666666666667,-0.92625,-1.0,0.95,0.9750000000000001
257,0.13749999999999998,0.9333333333333332,0.925,0.7958333333333333,0.08333333333333333,-0.8128437500000002,-0.925,0.9500000000000001,0.925
258,0.15416666666666667,0.9166666666666666,0.8999999999999999,0.7625,0.14583333333333334,-0.7695,-0.95,0.9,0.8999999999999999
259,0.05416666666666666,0.9416666666666668,0.925,0.8875000000000001,0.10416666666666667,-0.8342343750000001,-0.925,0.925,0.975
260,0.13333333333333336,0.9583333333333334,0.925,0.825,0.15833333333333333,-0.87875,-1.0,0.925,0.95
261,0.0708333333333333,0.9583333333333334,0.925,0.8875000000000001,0.12499999999999999,-0.8787500000000003,-0.925,0.9500000000000002,1.0
262,0.12500000000000003,0.9333333333333332,0.925,0.8083333333333332,0.1625,-0.8128437500000001,-0.95,0.925,0.925
263,0.14583333333333331,0.9500000000000001,0.9,0.8041666666666667,0.07500000000000001,-0.855,-0.9,0.95,1.0
264,0.15833333333333333,0.9500000000000001,0.925,0.7916666666666667,0.08749999999999998,-0.85678125,-0.9750000000000001,0.95,0.925
265,0.10000000000000002,0.9833333333333334,0.95,0.8833333333333334,0.14166666666666666,-0.95,-1.0,1.0,0.95
266,0.12916666666666665,0.9666666666666668,0.9500000000000001,0.8375000000000001,0.15,-0.9025000000000001,-0.9500000000000001,0.9500000000000001,1.0
267,0.07499999999999998,0.9333333333333332,0.9249999999999999,0.8583333333333333,0.09166666666666667,-0.81284375,-0.925,0.9249999999999999,0.95
268,0.09999999999999998,0.9499999999999998,0.95,0.8499999999999999,0.225,-0.8573749999999999,-0.9500000000000001,0.95,0.95
269,0.075,0.9333333333333332,0.875,0.8583333333333333,0.12083333333333335,-0.8093750000000001,-1.0,0.875,0.925
270,0.09583333333333337,0.9333333333333335,0.875,0.8375000000000001,0.1625,-0.8104687500000003,-0.875,0.9750000000000001,0.9500000000000002
271,0.07083333333333335,0.9666666666666667,0.925,0.8958333333333334,0.1541666666666667,-0.901875,-0.975,0.925,1.0
272,0.10416666666666664,0.9666666666666668,0.9500000000000001,0.8625000000000002,0.1458333333333333,-0.9030937500000003,-0.9750000000000001,0.9750000000000001,0.9500000000000001
273,0.09166666666666667,0.9333333333333332,0.9,0.8416666666666666,0.1708333333333333,-0.8116875000000001,-0.9,0.9750000000000001,0.925
274,0.1333333333333333,0.9250000000000002,0.875,0.7916666666666669,0.1166666666666667,-0.7891406250000002,-0.875,0.925,0.9750000000000001
275,0.07916666666666665,0.9583333333333334,0.925,0.8791666666666668,0.11249999999999999,-0.8787500000000001,-0.925,0.9500000000000001,1.0
276,0.10833333333333332,0.9750000000000001,0.975,0.8666666666666668,0.2416666666666667,-0.9268593750000002,-0.975,0.9750000000000001,0.9750000000000001
277,0.19583333333333333,0.9583333333333334,0.925,0.7625000000000001,0.13333333333333333,-0.8787500000000003,-1.0,0.925,0.9500000000000002
278,0.04999999999999997,0.9916666666666666,0.9749999999999999,0.9416666666666667,0.13333333333333333,-0.9749999999999999,-1.0,1.0,0.9749999999999999
279,0.12916666666666665,0.9166666666666666,0.8749999999999999,0.7875,0.11666666666666665,-0.76890625,-0.8749999999999999,0.925,0.9500000000000001
280,0.10416666666666667,0.9333333333333332,0.8999999999999999,0.8291666666666666,0.05833333333333332,-0.8116875,-0.9249999999999999,0.8999999999999999,0.9750000000000001
281,0.09166666666666666,0.9249999999999999,0.8749999999999999,0.8333333333333333,0.13333333333333333,-0.7896874999999999,-0.8749999999999999,0.9500000000000001,0.95
282,0.17499999999999996,0.9416666666666668,0.9,0.7666666666666668,0.14583333333333331,-0.8336250000000001,-0.9,0.975,0.9500000000000001
283,0.075,0.9583333333333334,0.8999999999999999,0.8833333333333334,0.07500000000000002,-0.8775,-1.0,0.8999999999999999,0.975
284,0.12499999999999999,0.975,0.95,0.85,0.1875,-0.92625,-1.0,0.9750000000000001,0.95
285,0.08749999999999998,0.9499999999999998,0.95,0.8624999999999998,0.125,-0.8573749999999999,-0.95,0.9500000000000001,0.95
286,0.04583333333333333,0.9666666666666668,0.95,0.9208333333333335,0.09999999999999999,-0.9030937500000001,-0.9750000000000001,0.9750000000000001,0.95
287,0.0666666666666667,0.9833333333333334,0.975,0.9166666666666667,0.125,-0.950625,-1.0,0.9750000000000001,0.975
288,0.14583333333333334,0.9416666666666668,0.9,0.7958333333333334,0.15,-0.8325,-1.0,0.925,0.9
289,0.08333333333333333,0.9500000000000002,0.925,0.8666666666666668,0.12083333333333335,-0.8567812500000003,-0.9500000000000002,0.925,0.9750000000000001
290,0.14166666666666664,0.9666666666666668,0.9500000000000001,0.8250000000000002,0.1791666666666666,-0.9030937500000003,-0.9750000000000001,0.9500000000000001,0.9750000000000001
291,0.1541666666666667,0.9583333333333334,0.9,0.8041666666666667,0.20833333333333334,-0.8775000000000001,-0.9,1.0,0.9750000000000001
292,0.12916666666666665,0.9416666666666668,0.9,0.8125000000000001,0.15,-0.833625,-0.9,0.95,0.975
293,0.07500000000000001,0.9583333333333334,0.95,0.8833333333333333,0.15,-0.8799374999999999,-0.95,0.9750000000000001,0.95
294,0.07916666666666668,0.9333333333333335,0.9,0.8541666666666667,0.09999999999999998,-0.8116875000000001,-0.925,0.9750000000000001,0.9
295,0.13333333333333333,0.9583333333333334,0.925,0.8250000000000001,0.1875,-0.87875,-0.925,1.0,0.95
296,0.09166666666666669,0.975,0.95,0.8833333333333333,0.12083333333333335,-0.92625,-0.9750000000000001,0.95,1.0
297,0.11666666666666664,0.9333333333333335,0.925,0.8166666666666669,0.13333333333333333,-0.8128437500000003,-0.925,0.9500000000000002,0.925
298,0.075,0.9500000000000001,0.875,0.8750000000000001,0.10833333333333335,-0.853125,-1.0,0.975,0.875
299,0.09166666666666663,0.9583333333333334,0.925,0.8666666666666667,0.20833333333333334,-0.879328125,-0.975,0.975,0.925
300,0.10833333333333335,0.9333333333333332,0.85,0.8249999999999998,0.21666666666666665,-0.80803125,-0.85,0.9750000000000001,0.9749999999999999
301,0.1125,0.9500000000000001,0.9,0.8375,0.19999999999999998,-0.8555625000000001,-0.9750000000000001,0.9750000000000001,0.9
302,0.1166666666666667,0.9499999999999998,0.8999999999999999,0.8333333333333331,0.13333333333333333,-0.8549999999999999,-0.95,1.0,0.8999999999999999
303,0.1125,0.9416666666666668,0.875,0.8291666666666667,0.09166666666666669,-0.83125,-1.0,0.9500000000000001,0.875
304,0.09999999999999998,0.9583333333333334,0.925,0.8583333333333334,0.17916666666666667,-0.879328125,-0.9750000000000001,0.925,0.975
305,0.09166666666666667,0.9666666666666668,0.925,0.8750000000000001,0.1333333333333333,-0.9018750000000001,-1.0,0.9750000000000001,0.925
306,0.14166666666666664,0.9583333333333334,0.9,0.8166666666666668,0.15416666666666667,-0.8775000000000001,-0.9750000000000001,0.9,1.0
307,0.07083333333333332,0.975,0.9749999999999999,0.9041666666666667,0.13749999999999998,-0.926859375,-0.9750000000000001,0.9750000000000001,0.9749999999999999
308,0.07083333333333333,0.9750000000000001,0.9750000000000001,0.9041666666666668,0.13333333333333336,-0.9268593750000003,-0.9750000000000001,0.9750000000000001,0.9750000000000001
309,0.045833333333333344,0.9500000000000001,0.925,0.9041666666666667,0.17083333333333336,-0.85678125,-0.9750000000000001,0.925,0.95
310,0.02916666666666667,0.9583333333333334,0.9249999999999999,0.9291666666666667,0.12916666666666665,-0.8793281250000001,-0.9750000000000001,0.9750000000000001,0.9249999999999999
311,0.10833333333333334,0.9500000000000001,0.875,0.8416666666666668,0.17083333333333336,-0.853125,-1.0,0.875,0.975
312,0.11666666666666665,0.9666666666666667,0.95,0.85,0.05833333333333333,-0.9025,-0.95,1.0,0.95
313,0.12916666666666668,0.9666666666666668,0.95,0.8375000000000001,0.1625,-0.9030937500000001,-0.9750000000000001,0.95,0.9750000000000001
314,0.12916666666666668,0.9833333333333334,0.975,0.8541666666666667,0.16666666666666666,-0.950625,-0.9750000000000001,1.0,0.975
315,0.12499999999999996,0.9416666666666668,0.925,0.8166666666666668,0.12916666666666665,-0.8348125,-0.95,0.9500000000000001,0.925
316,0.1125,0.8916666666666667,0.875,0.7791666666666667,0.11666666666666665,-0.7087500000000001,-0.875,0.9000000000000001,0.9
317,0.11666666666666665,0.9500000000000001,0.925,0.8333333333333334,0.1125,-0.8567812500000002,-0.9500000000000001,0.925,0.975
318,0.1125,0.9416666666666668,0.925,0.8291666666666667,0.11249999999999998,-0.8342343750000002,-0.925,0.925,0.9750000000000001
319,0.07916666666666668,0.9499999999999998,0.8999999999999999,0.8708333333333331,0.09999999999999999,-0.8549999999999999,-1.0,0.8999999999999999,0.95
320,0.09166666666666667,0.9416666666666668,0.875,0.8500000000000001,0.19999999999999998,-0.8317968750000002,-0.875,0.9750000000000001,0.9750000000000001
321,0.06666666666666667,0.9083333333333333,0.8250000000000001,0.8416666666666667,0.075,-0.7440468750000001,-0.975,0.8250000000000001,0.925
322,0.05416666666666667,0.8916666666666666,0.8500000000000001,0.8374999999999999,0.10416666666666664,-0.7065625000000001,-0.8500000000000001,0.875,0.95
323,0.08333333333333333,0.9416666666666668,0.9000000000000001,0.8583333333333334,0.13750000000000004,-0.8336250000000002,-0.9750000000000001,0.9000000000000001,0.95
324,0.1458333333333333,0.9249999999999999,0.8999999999999999,0.7791666666666667,0.12500000000000003,-0.790875,-0.9500000000000001,0.925,0.8999999999999999
325,0.10833333333333334,0.9416666666666668,0.925,0.8333333333333335,0.16666666666666666,-0.834234375,-0.975,0.925,0.925
326,0.1375,0.9249999999999999,0.875,0.7874999999999999,0.125,-0.7874999999999999,-0.875,0.8999999999999999,1.0
327,0.04583333333333333,0.9583333333333334,0.9,0.9125000000000001,0.09999999999999999,-0.8775,-0.9,1.0,0.975
328,0.07083333333333333,0.9500000000000001,0.925,0.8791666666666668,0.12499999999999996,-0.85678125,-0.9750000000000001,0.925,0.95
329,0.07083333333333335,0.9666666666666668,0.925,0.8958333333333335,0.14583333333333337,-0.9018750000000001,-0.9750000000000001,0.925,1.0
330,0.14166666666666664,0.9500000000000001,0.9249999999999999,0.8083333333333335,0.1208333333333333,-0.85678125,-0.9249999999999999,0.95,0.9750000000000001
331,0.05833333333333334,0.9666666666666667,0.925,0.9083333333333333,0.1625,-0.9018749999999999,-1.0,0.9749999999999999,0.925
332,0.10416666666666667,0.9916666666666666,0.9749999999999999,0.8875,0.19999999999999998,-0.9749999999999999,-1.0,1.0,0.9749999999999999
333,0.07083333333333333,0.9583333333333334,0.925,0.8875000000000001,0.10833333333333335,-0.879328125,-0.925,0.9750000000000001,0.9749999999999999
334,0.07083333333333332,0.9249999999999999,0.8999999999999999,0.8541666666666666,0.11666666666666665,-0.7908749999999999,-0.925,0.8999999999999999,0.95
335,0.11249999999999999,0.9500000000000001,0.9,0.8375000000000001,0.1708333333333333,-0.8550000000000002,-0.9,0.9500000000000002,1.0
336,0.09999999999999996,0.9666666666666668,0.95,0.8666666666666668,0.1416666666666667,-0.9025000000000001,-1.0,0.9500000000000002,0.95
337,0.08749999999999998,0.9416666666666665,0.8499999999999999,0.8541666666666665,0.2083333333333333,-0.8287499999999998,-0.8499999999999999,1.0,0.9749999999999999
338,0.06666666666666667,0.9583333333333334,0.925,0.8916666666666667,0.13749999999999998,-0.8793281249999999,-0.975,0.925,0.9749999999999999
339,0.09583333333333333,0.9333333333333332,0.9,0.8374999999999999,0.1208333333333333,-0.8116875000000001,-0.9,0.9750000000000001,0.925
340,0.07083333333333335,0.9416666666666668,0.925,0.8708333333333335,0.14166666666666664,-0.8348125000000002,-0.9500000000000002,0.925,0.95
341,0.09166666666666666,0.9333333333333332,0.875,0.8416666666666666,0.125,-0.8104687500000001,-0.9750000000000001,0.875,0.95
342,0.050000000000000024,0.9083333333333333,0.9,0.8583333333333333,0.125,-0.74925,-0.9,0.9,0.9249999999999999
343,0.17499999999999993,0.9416666666666668,0.925,0.7666666666666668,0.15,-0.8348125,-0.9500000000000001,0.95,0.925
344,0.10416666666666664,0.9583333333333334,0.9,0.8541666666666667,0.12499999999999999,-0.8775,-0.9,1.0,0.9749999999999999
345,0.15416666666666665,0.9666666666666667,0.9500000000000001,0.8125,0.20833333333333334,-0.9030937499999999,-0.9500000000000001,0.975,0.9749999999999999
346,0.08333333333333336,0.9583333333333334,0.925,0.875,0.08750000000000001,-0.87875,-0.925,1.0,0.95
347,0.1208333333333333,0.9666666666666667,0.95,0.8458333333333333,0.17500000000000002,-0.9025,-0.95,0.95,1.0
348,0.1333333333333334,0.9333333333333332,0.8999999999999999,0.7999999999999998,0.13750000000000004,-0.8099999999999998,-0.8999999999999999,1.0,0.8999999999999999
349,0.10416666666666663,0.9333333333333332,0.8999999999999999,0.8291666666666666,0.1375,-0.81225,-0.9500000000000002,0.8999999999999999,0.95
350,0.04166666666666664,0.9416666666666668,0.9,0.9000000000000001,0.11249999999999998,-0.833625,-0.9500000000000001,0.9,0.9749999999999999
351,0.18333333333333335,0.9500000000000001,0.925,0.7666666666666667,0.06666666666666668,-0.85678125,-0.95,0.9750000000000001,0.925
352,0.12083333333333335,0.9583333333333334,0.8999999999999999,0.8375,0.12916666666666668,-0.8775,-0.8999999999999999,1.0,0.9750000000000001
353,0.1125,0.9499999999999998,0.8999999999999999,0.8374999999999998,0.14583333333333331,-0.8549999999999999,-0.8999999999999999,0.95,1.0
354,0.08333333333333333,0.9499999999999998,0.8999999999999999,0.8666666666666665,0.2125,-0.8549999999999999,-0.95,1.0,0.8999999999999999
355,0.08333333333333333,0.9583333333333334,0.925,0.875,0.15,-0.879328125,-0.925,0.9750000000000001,0.9749999999999999
356,0.12083333333333335,0.9666666666666667,0.95,0.8458333333333333,0.16666666666666666,-0.9025,-0.95,0.95,1.0
357,0.06249999999999998,0.9166666666666666,0.8999999999999999,0.8541666666666666,0.12083333333333335,-0.7700624999999999,-0.9249999999999999,0.925,0.8999999999999999
358,0.13333333333333333,0.9416666666666668,0.925,0.8083333333333335,0.10833333333333332,-0.8342343750000002,-0.925,0.925,0.9750000000000001
359,0.1125,0.9583333333333334,0.95,0.8458333333333333,0.14583333333333331,-0.8799374999999999,-0.95,0.9750000000000001,0.95
360,0.14583333333333334,0.9583333333333334,0.9249999999999999,0.8125,0.21250000000000002,-0.87875,-0.9249999999999999,1.0,0.9500000000000001
361,0.12083333333333333,0.9499999999999998,0.8999999999999999,0.8291666666666665,0.13749999999999998,-0.8549999999999999,-1.0,0.95,0.8999999999999999
362,0.12499999999999999,0.9500000000000001,0.95,0.8250000000000001,0.16249999999999998,-0.857375,-0.95,0.95,0.9500000000000001
363,0.125,0.9333333333333332,0.8999999999999999,0.8083333333333332,0.13333333333333333,-0.8116875,-0.8999999999999999,0.925,0.9750000000000001
364,0.049999999999999996,0.9499999999999998,0.9249999999999999,0.8999999999999998,0.15833333333333335,-0.8567812499999998,-0.9249999999999999,0.975,0.95
365,0.13333333333333333,0.9333333333333332,0.9000000000000001,0.7999999999999999,0.12916666666666668,-0.81225,-0.95,0.9000000000000001,0.95
366,0.12499999999999996,1.0,1.0,0.875,0.11250000000000004,-1.0,-1.0,1.0,1.0
367,0.1125,0.9416666666666668,0.9,0.8291666666666667,0.19166666666666665,-0.8336250000000002,-0.9,0.9750000000000001,0.9500000000000002
368,0.14583333333333337,0.9500000000000001,0.9000000000000001,0.8041666666666667,0.14583333333333334,-0.8550000000000001,-1.0,0.9000000000000001,0.95
369,0.07916666666666665,0.9833333333333334,0.95,0.9041666666666668,0.12916666666666668,-0.95,-1.0,1.0,0.95
370,0.07916666666666666,0.9833333333333334,0.975,0.9041666666666668,0.16666666666666666,-0.950625,-0.975,1.0,0.9750000000000001
371,0.12916666666666665,0.9666666666666667,0.95,0.8375,0.1708333333333333,-0.90309375,-0.95,0.975,0.9750000000000001
372,0.17499999999999996,0.9333333333333332,0.9,0.7583333333333333,0.1625,-0.8122499999999999,-0.95,0.9,0.95
373,0.1125,0.9833333333333334,0.9750000000000001,0.8708333333333333,0.19583333333333333,-0.9506250000000002,-0.9750000000000001,1.0,0.9750000000000001
374,0.17499999999999996,0.9500000000000001,0.925,0.7750000000000001,0.11666666666666665,-0.8567812500000002,-0.9750000000000001,0.925,0.9500000000000001
375,0.02916666666666665,0.9500000000000001,0.9,0.9208333333333334,0.125,-0.8555625,-0.9,0.9750000000000001,0.975
376,0.125,0.875,0.8,0.75,0.1708333333333333,-0.665,-0.95,0.8,0.875
377,0.0666666666666667,0.9666666666666668,0.95,0.9000000000000001,0.15,-0.9030937500000001,-0.9750000000000001,0.9750000000000001,0.95
378,0.07500000000000001,0.9583333333333334,0.9249999999999999,0.8833333333333333,0.11249999999999999,-0.879328125,-0.9750000000000001,0.9249999999999999,0.9750000000000001
379,0.09166666666666667,0.9333333333333332,0.8999999999999999,0.8416666666666666,0.22916666666666663,-0.8116875,-0.9750000000000001,0.925,0.8999999999999999
380,0.13749999999999998,0.9416666666666668,0.925,0.8041666666666668,0.16666666666666666,-0.8342343750000002,-0.925,0.925,0.9750000000000001
381,0.13333333333333333,0.9333333333333332,0.9,0.7999999999999999,0.12499999999999996,-0.8116875000000001,-0.9750000000000001,0.9,0.925
382,0.08749999999999998,0.9416666666666668,0.9,0.8541666666666667,0.1875,-0.8336250000000001,-0.95,0.9,0.9750000000000001
383,0.13749999999999998,0.9333333333333335,0.9000000000000001,0.7958333333333335,0.1125,-0.8116875000000002,-0.925,0.9000000000000001,0.9750000000000001
384,0.08333333333333333,0.9416666666666668,0.925,0.8583333333333334,0.13749999999999998,-0.8348125,-0.95,0.925,0.95
385,0.13333333333333333,0.9500000000000001,0.95,0.8166666666666668,0.11666666666666665,-0.857375,-0.9500000000000001,0.9500000000000001,0.95
386,0.10416666666666667,0.9416666666666668,0.8749999999999999,0.8375000000000001,0.15416666666666667,-0.831796875,-0.8749999999999999,0.975,0.9750000000000001
387,0.10416666666666663,0.8999999999999999,0.875,0.7958333333333333,0.05833333333333335,-0.7284374999999998,-0.875,0.8999999999999999,0.9249999999999999
388,0.10416666666666667,0.9333333333333332,0.925,0.8291666666666666,0.1375,-0.8128437500000001,-0.95,0.925,0.925
389,0.045833333333333344,0.9416666666666665,0.9249999999999999,0.8958333333333331,0.15416666666666667,-0.834234375,-0.9249999999999999,0.9750000000000001,0.9249999999999999
390,0.06249999999999997,0.9249999999999999,0.8999999999999999,0.8624999999999999,0.13333333333333333,-0.790875,-0.95,0.925,0.8999999999999999
391,0.11249999999999999,0.9583333333333334,0.8999999999999999,0.8458333333333334,0.13333333333333333,-0.8775,-1.0,0.9750000000000001,0.8999999999999999
392,0.041666666666666664,0.9333333333333335,0.9,0.8916666666666668,0.16666666666666666,-0.8116875000000001,-0.9750000000000001,0.925,0.9
393,0.08749999999999998,0.9333333333333332,0.925,0.8458333333333332,0.1875,-0.8128437500000002,-0.9500000000000001,0.925,0.925
394,0.13333333333333333,0.9499999999999998,0.95,0.8166666666666665,0.13749999999999998,-0.8573749999999999,-0.95,0.95,0.95
395,0.10833333333333332,0.9666666666666668,0.9500000000000001,0.8583333333333335,0.09166666666666667,-0.9030937500000001,-0.9500000000000001,0.9750000000000001,0.975
396,0.1208333333333333,0.9500000000000001,0.9249999999999999,0.8291666666666667,0.07083333333333336,-0.8567812499999999,-0.9750000000000001,0.95,0.9249999999999999
397,0.09583333333333334,0.9416666666666668,0.925,0.8458333333333334,0.14166666666666666,-0.8348125000000002,-0.9500000000000001,0.925,0.9500000000000001
398,0.08333333333333336,0.9666666666666667,0.95,0.8833333333333333,0.1416666666666667,-0.9025,-0.95,0.95,1.0
399,0.16666666666666666,0.9249999999999999,0.85,0.7583333333333333,0.1958333333333333,-0.7862499999999999,-0.85,0.9249999999999999,1.0
400,0.07916666666666666,0.9666666666666667,0.95,0.8875,0.1708333333333333,-0.9025,-0.95,1.0,0.95
401,0.10000000000000002,0.9583333333333334,0.925,0.8583333333333334,0.13749999999999998,-0.8793281250000001,-0.925,0.9750000000000001,0.9750000000000001
402,0.04166666666666665,0.9500000000000001,0.925,0.9083333333333334,0.15833333333333335,-0.85678125,-0.95,0.925,0.975
403,0.12916666666666665,0.9333333333333332,0.875,0.8041666666666666,0.16666666666666666,-0.81046875,-0.95,0.975,0.875
404,0.22916666666666663,0.975,0.95,0.7458333333333333,0.13333333333333333,-0.9262499999999999,-0.975,1.0,0.95
405,0.1041666666666667,0.975,0.95,0.8708333333333332,0.1583333333333333,-0.9262499999999998,-0.9749999999999999,1.0,0.95
406,0.10833333333333332,0.9416666666666668,0.925,0.8333333333333335,0.12916666666666665,-0.8348125000000002,-0.9500000000000001,0.9500000000000002,0.925
407,0.08333333333333333,0.9333333333333332,0.9,0.8499999999999999,0.13333333333333333,-0.8116875,-0.975,0.925,0.9
408,0.14583333333333334,0.9500000000000001,0.925,0.8041666666666667,0.16666666666666666,-0.8556250000000001,-0.925,1.0,0.925
409,0.09999999999999998,0.9583333333333334,0.925,0.8583333333333334,0.1416666666666667,-0.87875,-0.95,0.925,1.0
410,0.10416666666666667,0.9166666666666666,0.875,0.8125,0.15833333333333335,-0.7678125,-0.9,0.875,0.9750000000000001
411,0.07083333333333333,0.975,0.95,0.9041666666666667,0.1375,-0.92625,-0.9750000000000001,0.95,1.0
412,0.13333333333333333,0.9833333333333334,0.975,0.8500000000000001,0.08749999999999998,-0.950625,-0.975,1.0,0.9750000000000001
413,0.09999999999999999,0.9499999999999998,0.925,0.8499999999999999,0.09166666666666667,-0.8567812499999999,-0.95,0.925,0.9749999999999999
414,0.06666666666666665,0.9333333333333332,0.8500000000000001,0.8666666666666666,0.1791666666666667,-0.8075,-1.0,0.8500000000000001,0.95
415,0.075,0.9583333333333334,0.925,0.8833333333333334,0.09166666666666663,-0.8793281250000001,-0.9750000000000001,0.925,0.9750000000000001
416,0.13749999999999996,0.975,0.95,0.8375,0.15416666666666667,-0.92625,-0.95,1.0,0.9750000000000001
417,0.06250000000000001,0.9833333333333334,0.975,0.9208333333333334,0.1708333333333333,-0.950625,-0.9750000000000001,1.0,0.975
418,0.17916666666666667,0.9416666666666668,0.9249999999999999,0.7625000000000001,0.16666666666666666,-0.8342343750000001,-0.9249999999999999,0.925,0.9750000000000001
419,0.19999999999999998,0.9416666666666668,0.8999999999999999,0.7416666666666668,0.17499999999999996,-0.8324999999999999,-1.0,0.925,0.8999999999999999
420,0.09166666666666667,0.9666666666666667,0.925,0.875,0.10833333333333335,-0.901875,-0.975,0.925,1.0
421,0.07499999999999998,0.9666666666666668,0.925,0.8916666666666668,0.12083333333333333,-0.9018750000000001,-0.925,0.9750000000000001,1.0
422,0.05833333333333331,0.9083333333333332,0.8999999999999999,0.8499999999999999,0.09583333333333333,-0.7492499999999999,-0.9,0.8999999999999999,0.9249999999999999
423,0.1333333333333333,0.9499999999999998,0.95,0.8166666666666665,0.13333333333333333,-0.8573749999999999,-0.95,0.9500000000000001,0.95
424,0.11666666666666665,0.9750000000000001,0.9500000000000002,0.8583333333333334,0.18333333333333335,-0.9262500000000002,-0.9750000000000001,1.0,0.9500000000000002
425,0.10416666666666667,0.9250000000000002,0.8500000000000001,0.8208333333333335,0.10833333333333332,-0.7873125000000002,-0.8500000000000001,0.9750000000000001,0.95
426,0.08749999999999998,0.9583333333333335,0.9500000000000002,0.8708333333333335,0.12083333333333333,-0.8799375000000003,-0.9500000000000002,0.9500000000000002,0.975
427,0.09166666666666667,0.9166666666666666,0.875,0.825,0.1583333333333333,-0.76890625,-0.875,0.925,0.95
428,0.12083333333333335,0.9333333333333332,0.9,0.8124999999999999,0.14166666666666666,-0.8116875,-0.975,0.9,0.925
429,0.15416666666666667,0.9583333333333334,0.95,0.8041666666666667,0.14583333333333331,-0.8799375000000002,-0.9750000000000001,0.95,0.9500000000000002
430,0.12916666666666668,0.9249999999999999,0.85,0.7958333333333333,0.14583333333333337,-0.7873124999999999,-0.975,0.95,0.85
431,0.11666666666666665,0.9833333333333334,0.9750000000000001,0.8666666666666667,0.1625,-0.9506250000000002,-1.0,0.9750000000000001,0.9750000000000001
432,0.12916666666666668,0.975,0.95,0.8458333333333333,0.17083333333333336,-0.92625,-0.9750000000000001,0.95,1.0
433,0.10416666666666663,0.9583333333333334,0.9,0.8541666666666667,0.09166666666666666,-0.8775000000000001,-0.9,0.9750000000000001,1.0
434,0.13750000000000004,0.9750000000000001,0.9500000000000001,0.8375,0.08333333333333333,-0.9262500000000001,-0.9500000000000001,0.9750000000000001,1.0
435,0.045833333333333344,0.9416666666666668,0.8999999999999999,0.8958333333333334,0.15833333333333333,-0.833625,-0.9750000000000001,0.8999999999999999,0.95
436,0.09999999999999998,0.9416666666666668,0.925,0.8416666666666668,0.15,-0.8342343750000001,-0.925,0.925,0.975
437,0.06666666666666667,0.9499999999999998,0.9249999999999999,0.8833333333333332,0.12916666666666668,-0.8567812499999999,-0.9249999999999999,0.9750000000000001,0.95
438,0.07916666666666665,0.9583333333333334,0.925,0.8791666666666668,0.1375,-0.8787500000000001,-0.9500000000000001,0.925,1.0
439,0.15,0.9333333333333332,0.875,0.7833333333333332,0.12916666666666668,-0.8104687500000001,-0.9750000000000001,0.875,0.95
440,0.05833333333333331,0.9416666666666668,0.925,0.8833333333333334,0.19583333333333333,-0.834234375,-0.925,0.925,0.9749999999999999
441,0.12916666666666665,0.9499999999999998,0.8999999999999999,0.8208333333333332,0.1416666666666667,-0.8555624999999998,-0.9750000000000001,0.8999999999999999,0.9749999999999999
442,0.10416666666666667,0.9416666666666668,0.9249999999999999,0.8375000000000001,0.125,-0.8348125000000001,-0.95,0.9249999999999999,0.9500000000000002
443,0.12916666666666665,0.975,0.95,0.8458333333333333,0.13750000000000004,-0.92625,-0.95,1.0,0.9750000000000001
444,0.14583333333333334,0.9499999999999998,0.925,0.8041666666666665,0.12499999999999999,-0.8567812499999999,-0.95,0.975,0.925
445,0.1333333333333333,0.9666666666666668,0.925,0.8333333333333335,0.15,-0.9018750000000001,-0.9750000000000001,0.925,1.0
446,0.07083333333333333,0.9166666666666666,0.825,0.8458333333333333,0.10833333333333332,-0.7641562499999999,-0.825,0.95,0.9749999999999999
447,0.11666666666666664,0.9583333333333334,0.95,0.8416666666666668,0.12916666666666668,-0.8799374999999999,-0.9750000000000001,0.95,0.95
448,0.09583333333333331,0.9416666666666668,0.9249999999999999,0.8458333333333334,0.13749999999999998,-0.8348124999999998,-0.9249999999999999,0.95,0.95
449,0.05833333333333334,0.9833333333333334,0.975,0.925,0.09583333333333333,-0.9506249999999999,-1.0,0.975,0.975
450,0.07916666666666665,0.9416666666666668,0.85,0.8625000000000002,0.1416666666666667,-0.8287500000000001,-0.85,1.0,0.9750000000000001
451,0.09583333333333331,0.9499999999999998,0.95,0.8541666666666665,0.17916666666666667,-0.8573749999999999,-0.95,0.95,0.95
452,0.08333333333333333,0.9666666666666668,0.9500000000000002,0.8833333333333334,0.07916666666666665,-0.9030937500000001,-0.9749999999999999,0.9500000000000002,0.9750000000000001
453,0.15833333333333335,0.9666666666666668,0.95,0.8083333333333335,0.13333333333333333,-0.9030937500000001,-0.95,0.9750000000000001,0.9750000000000001
454,0.1333333333333333,0.9750000000000001,0.9500000000000002,0.8416666666666668,0.10833333333333332,-0.9262500000000001,-1.0,0.9500000000000002,0.975
455,0.024999999999999998,0.9416666666666668,0.8999999999999999,0.9166666666666667,0.12083333333333333,-0.833625,-0.9500000000000001,0.8999999999999999,0.975
456,0.06250000000000001,0.9416666666666668,0.9,0.8791666666666668,0.16666666666666666,-0.833625,-0.9,0.975,0.95
457,0.09166666666666667,0.9500000000000001,0.925,0.8583333333333334,0.15416666666666667,-0.8567812500000002,-0.925,0.95,0.9750000000000001
458,0.10416666666666663,0.9500000000000001,0.925,0.8458333333333334,0.08333333333333333,-0.8556250000000001,-0.925,1.0,0.925
459,0.13333333333333333,0.9666666666666668,0.95,0.8333333333333335,0.12916666666666668,-0.9025000000000001,-0.95,0.9500000000000002,1.0
460,0.1125,0.9416666666666668,0.8999999999999999,0.8291666666666667,0.09583333333333333,-0.833625,-0.8999999999999999,0.975,0.95
461,0.14166666666666664,0.9583333333333334,0.9249999999999999,0.8166666666666668,0.17916666666666667,-0.87875,-0.9249999999999999,1.0,0.9500000000000001
462,0.15,0.9666666666666668,0.925,0.8166666666666668,0.07083333333333333,-0.9018750000000001,-0.925,0.9750000000000001,1.0
463,0.08333333333333333,0.9416666666666668,0.9249999999999999,0.8583333333333334,0.08333333333333333,-0.834234375,-0.9750000000000001,0.925,0.9249999999999999
464,0.10416666666666664,0.9333333333333332,0.9,0.8291666666666666,0.08750000000000002,-0.8122499999999999,-0.9,0.95,0.95
465,0.09583333333333334,0.9416666666666668,0.925,0.8458333333333334,0.09999999999999999,-0.8348125000000001,-0.95,0.925,0.9500000000000001
466,0.1625,0.9750000000000001,0.975,0.8125000000000001,0.17500000000000002,-0.9268593750000002,-0.9750000000000001,0.9750000000000001,0.975
467,0.10833333333333332,0.9750000000000001,0.9500000000000001,0.8666666666666668,0.11666666666666668,-0.9262500000000001,-0.9750000000000001,0.9500000000000001,1.0
468,0.10416666666666667,0.975,0.9749999999999999,0.8708333333333333,0.16249999999999998,-0.9268593749999998,-0.9749999999999999,0.9750000000000001,0.9749999999999999
469,0.08749999999999998,0.975,0.95,0.8875,0.09166666666666666,-0.92625,-1.0,0.9750000000000001,0.95
470,0.13750000000000004,0.9166666666666666,0.9,0.7791666666666666,0.09166666666666666,-0.7700625000000001,-0.925,0.925,0.9
471,0.05833333333333333,0.9166666666666666,0.8999999999999999,0.8583333333333333,0.2083333333333333,-0.7695000000000001,-0.9,0.9500000000000002,0.8999999999999999
472,0.12083333333333333,0.9249999999999999,0.875,0.8041666666666666,0.11666666666666664,-0.789140625,-0.925,0.875,0.975
473,0.07083333333333335,0.9583333333333334,0.925,0.8875000000000001,0.11666666666666665,-0.8793281250000001,-0.925,0.9750000000000001,0.9750000000000001
474,0.14166666666666664,0.9249999999999999,0.8999999999999999,0.7833333333333333,0.15416666666666667,-0.7897499999999998,-0.975,0.8999999999999999,0.8999999999999999
475,0.09583333333333337,0.9500000000000001,0.925,0.8541666666666667,0.13749999999999998,-0.8567812500000002,-0.925,0.95,0.9750000000000001
476,0.0625,0.9416666666666668,0.9000000000000001,0.8791666666666668,0.1416666666666667,-0.8336250000000002,-0.9000000000000001,0.9750000000000001,0.95
477,0.09166666666666663,0.9666666666666667,0.95,0.875,0.06250000000000001,-0.9025,-0.95,0.9500000000000001,1.0
478,0.08333333333333333,0.9333333333333335,0.875,0.8500000000000001,0.17083333333333336,-0.8104687500000001,-0.9500000000000002,0.975,0.875
479,0.1333333333333333,0.9833333333333334,0.975,0.8500000000000001,0.125,-0.950625,-0.9750000000000001,0.975,1.0
480,0.10000000000000002,0.9500000000000001,0.925,0.8500000000000001,0.05833333333333334,-0.8556250000000001,-1.0,0.925,0.925
481,0.05833333333333333,0.9833333333333334,0.95,0.925,0.14583333333333334,-0.95,-0.95,1.0,1.0
482,0.07916666666666665,0.9333333333333332,0.875,0.8541666666666666,0.14583333333333334,-0.8093750000000001,-0.925,1.0,0.875
483,0.1333333333333334,0.9583333333333334,0.925,0.825,0.14166666666666664,-0.87875,-0.95,0.925,1.0
484,0.06666666666666667,0.975,0.9249999999999999,0.9083333333333333,0.21666666666666667,-0.9249999999999999,-1.0,1.0,0.9249999999999999
485,0.09166666666666667,0.9833333333333334,0.9750000000000001,0.8916666666666667,0.17916666666666667,-0.9506250000000002,-0.9750000000000001,1.0,0.9750000000000001
486,0.1333333333333334,0.9583333333333334,0.925,0.825,0.09583333333333333,-0.87875,-0.925,1.0,0.95
487,0.07916666666666665,0.9416666666666668,0.925,0.8625000000000002,0.19166666666666665,-0.8348125000000002,-0.925,0.9500000000000002,0.95
488,0.12916666666666665,0.9333333333333332,0.8999999999999999,0.8041666666666666,0.2041666666666667,-0.8116875,-0.8999999999999999,0.9750000000000001,0.925
489,0.125,0.9583333333333334,0.925,0.8333333333333334,0.18333333333333332,-0.8787500000000001,-1.0,0.9500000000000001,0.925
490,0.08749999999999998,0.9666666666666668,0.9500000000000001,0.8791666666666668,0.14583333333333334,-0.9030937500000001,-0.975,0.9750000000000001,0.9500000000000001
491,0.17499999999999996,0.9583333333333334,0.9249999999999999,0.7833333333333334,0.1625,-0.879328125,-0.9249999999999999,0.9750000000000001,0.9750000000000001
492,0.14583333333333334,0.9499999999999998,0.9,0.8041666666666665,0.22083333333333333,-0.855,-0.9,1.0,0.95
493,0.06666666666666667,0.9249999999999999,0.9,0.8583333333333333,0.17499999999999996,-0.790875,-0.95,0.9249999999999999,0.9
494,0.15416666666666665,0.9583333333333334,0.9,0.8041666666666667,0.15000000000000002,-0.8775,-0.9,1.0,0.975
495,0.10833333333333332,0.9583333333333334,0.9249999999999999,0.8500000000000001,0.17083333333333336,-0.8793281250000001,-0.9750000000000001,0.9750000000000001,0.9249999999999999
496,0.02499999999999997,0.9333333333333332,0.925,0.9083333333333332,0.09166666666666667,-0.8128437500000001,-0.95,0.925,0.925
497,0.11249999999999998,0.9333333333333332,0.8999999999999999,0.8208333333333333,0.1625,-0.8116874999999999,-0.925,0.8999999999999999,0.975
498,0.17083333333333336,0.9500000000000001,0.925,0.7791666666666667,0.15,-0.8567812500000002,-0.925,0.95,0.9750000000000001
499,0.10416666666666664,0.9416666666666668,0.9000000000000001,0.8375000000000001,0.16666666666666666,-0.8336250000000002,-0.9000000000000001,0.9750000000000001,0.95
500,0.07916666666666665,0.9416666666666668,0.875,0.8625000000000002,0.17499999999999996,-0.831796875,-0.975,0.975,0.875
501,0.12916666666666665,0.9416666666666668,0.925,0.8125000000000001,0.11666666666666668,-0.8348125000000002,-0.95,0.925,0.9500000000000002
502,0.1458333333333333,0.9583333333333334,0.9249999999999999,0.8125000000000001,0.12916666666666668,-0.87875,-0.9249999999999999,0.9500000000000001,1.0
503,0.13749999999999998,0.9416666666666668,0.8999999999999999,0.8041666666666668,0.10416666666666664,-0.8336250000000001,-0.8999999999999999,0.9750000000000001,0.9500000000000002
504,0.09583333333333331,0.9500000000000002,0.95,0.8541666666666669,0.1208333333333333,-0.8573750000000001,-0.9500000000000001,0.9500000000000002,0.95
505,0.06666666666666667,0.9583333333333334,0.95,0.8916666666666667,0.17499999999999996,-0.8799374999999999,-0.95,0.95,0.975
506,0.10833333333333332,0.9166666666666666,0.875,0.8083333333333333,0.16666666666666666,-0.7678124999999998,-0.8999999999999999,0.875,0.9749999999999999
507,0.09583333333333333,0.9500000000000001,0.875,0.8541666666666667,0.05833333333333332,-0.8531250000000001,-0.9750000000000001,1.0,0.875
508,0.06250000000000001,0.9666666666666668,0.95,0.9041666666666668,0.19166666666666665,-0.9030937500000001,-0.9750000000000001,0.9750000000000001,0.95
509,0.10833333333333334,0.9583333333333334,0.95,0.8500000000000001,0.15,-0.8799375000000002,-0.9500000000000002,0.9750000000000001,0.95
510,0.05833333333333335,0.9500000000000001,0.875,0.8916666666666667,0.11249999999999999,-0.8531250000000001,-0.9750000000000001,1.0,0.875
511,0.10416666666666667,0.9500000000000001,0.9249999999999999,0.8458333333333334,0.15833333333333333,-0.85678125,-0.9500000000000001,0.9750000000000001,0.9249999999999999
512,0.13749999999999998,0.9583333333333334,0.925,0.8208333333333334,0.11666666666666665,-0.87875,-0.95,0.925,1.0
513,0.12916666666666674,0.9666666666666668,0.925,0.8375,0.11666666666666665,-0.9018750000000001,-0.9750000000000001,0.925,1.0
514,0.041666666666666664,0.9583333333333334,0.9249999999999999,0.9166666666666667,0.2333333333333333,-0.8787499999999999,-0.95,1.0,0.9249999999999999
515,0.10416666666666667,0.9333333333333332,0.8500000000000001,0.8291666666666666,0.13333333333333333,-0.8075,-0.95,1.0,0.8500000000000001
516,0.1958333333333333,0.9500000000000001,0.925,0.7541666666666668,0.10833333333333335,-0.8556250000000001,-1.0,0.925,0.925
517,0.04583333333333334,0.9333333333333332,0.9249999999999999,0.8875,0.12499999999999999,-0.81284375,-0.9249999999999999,0.925,0.95
518,0.07916666666666669,0.9500000000000001,0.95,0.8708333333333333,0.15833333333333335,-0.8573750000000001,-0.95,0.9500000000000001,0.9500000000000002
519,0.09166666666666667,0.9583333333333334,0.925,0.8666666666666667,0.1125,-0.8787500000000003,-0.925,1.0,0.9500000000000002
520,0.19166666666666668,0.9583333333333335,0.9500000000000002,0.7666666666666668,0.09583333333333333,-0.8799375000000004,-0.9750000000000001,0.9500000000000002,0.9500000000000002
521,0.11666666666666663,0.9416666666666668,0.9000000000000001,0.8250000000000002,0.20833333333333334,-0.8336250000000003,-0.9500000000000002,0.9000000000000001,0.975
522,0.06666666666666667,0.9833333333333334,0.975,0.9166666666666667,0.1125,-0.950625,-0.975,1.0,0.9750000000000001
523,0.09583333333333333,0.975,0.95,0.8791666666666667,0.19166666666666665,-0.92625,-1.0,0.9750000000000001,0.95
524,0.10000000000000002,0.9416666666666665,0.9249999999999999,0.8416666666666666,0.14999999999999997,-0.8348125,-0.95,0.95,0.9249999999999999
525,0.11249999999999998,0.9499999999999998,0.95,0.8374999999999999,0.10833333333333332,-0.8573749999999999,-0.95,0.95,0.95
526,0.14166666666666664,0.9833333333333334,0.975,0.8416666666666668,0.14583333333333334,-0.950625,-0.9750000000000001,0.975,1.0
527,0.12499999999999999,0.9666666666666668,0.9500000000000001,0.8416666666666668,0.14583333333333331,-0.9025000000000002,-1.0,0.9500000000000002,0.9500000000000001
528,0.05833333333333333,0.9166666666666666,0.9,0.8583333333333333,0.07500000000000002,-0.7695000000000001,-0.9,0.9000000000000001,0.95
529,0.10416666666666667,0.9416666666666668,0.925,0.8375000000000001,0.13750000000000004,-0.8342343750000002,-0.925,0.925,0.9750000000000001
530,0.07083333333333335,0.9333333333333332,0.8500000000000001,0.8624999999999999,0.13333333333333333,-0.8075,-0.8500000000000001,1.0,0.95
531,0.10833333333333332,0.9750000000000001,0.975,0.8666666666666668,0.12916666666666668,-0.926859375,-0.9750000000000001,0.975,0.975
532,0.17499999999999996,0.9500000000000001,0.925,0.7750000000000001,0.1208333333333333,-0.85678125,-0.925,0.9750000000000001,0.95
533,0.15833333333333333,0.9250000000000002,0.8,0.7666666666666668,0.14583333333333337,-0.7800000000000001,-1.0,0.8,0.9750000000000001
534,0.14166666666666664,0.9833333333333334,0.975,0.8416666666666668,0.12083333333333335,-0.950625,-0.975,1.0,0.9750000000000001
535,0.06249999999999998,0.9666666666666667,0.95,0.9041666666666667,0.08750000000000001,-0.9025,-0.95,1.0,0.95
536,0.09999999999999999,0.975,0.925,0.875,0.1625,-0.925,-1.0,0.925,1.0
537,0.05833333333333332,0.9249999999999999,0.825,0.8666666666666666,0.14166666666666666,-0.78375,-1.0,0.95,0.825
538,0.08749999999999998,0.9416666666666668,0.9,0.8541666666666667,0.075,-0.8336250000000001,-0.9750000000000001,0.9,0.95
539,0.10833333333333332,0.9750000000000001,0.9500000000000002,0.8666666666666668,0.10416666666666667,-0.9262500000000001,-0.9500000000000002,0.975,1.0
540,0.1625,0.9249999999999999,0.8999999999999999,0.7625,0.1416666666666667,-0.7908749999999999,-0.8999999999999999,0.925,0.95
541,0.13333333333333333,0.9666666666666668,0.95,0.8333333333333335,0.15,-0.9030937500000001,-0.95,0.9750000000000001,0.9750000000000001
542,0.10833333333333335,0.9583333333333334,0.8999999999999999,0.85,0.1625,-0.8775,-0.9750000000000001,0.8999999999999999,1.0
543,0.07916666666666665,0.9666666666666668,0.95,0.8875000000000002,0.16666666666666674,-0.9030937500000001,-0.95,0.9750000000000001,0.9750000000000001
544,0.08750000000000002,0.9500000000000001,0.925,0.8625,0.08749999999999998,-0.8567812500000002,-0.925,0.95,0.9750000000000001
545,0.10416666666666667,0.9666666666666667,0.925,0.8625,0.125,-0.901875,-0.975,0.925,1.0
546,0.05416666666666665,0.9416666666666665,0.8999999999999999,0.8874999999999998,0.10833333333333335,-0.8336249999999997,-0.95,0.8999999999999999,0.9749999999999999
547,0.13333333333333333,0.9666666666666668,0.925,0.8333333333333335,0.125,-0.9018750000000001,-0.9750000000000001,1.0,0.925
548,0.12916666666666665,0.9500000000000001,0.9,0.8208333333333334,0.12083333333333333,-0.8555625000000001,-0.9750000000000001,0.9,0.9750000000000001
549,0.12916666666666668,0.9583333333333334,0.9249999999999999,0.8291666666666667,0.1958333333333333,-0.87875,-0.9249999999999999,0.9500000000000001,1.0
550,0.07916666666666665,0.9249999999999999,0.875,0.8458333333333333,0.13333333333333336,-0.789140625,-0.875,0.925,0.975
551,0.125,0.9083333333333332,0.85,0.7833333333333332,0.1416666666666667,-0.7469374999999999,-0.85,0.925,0.95
552,0.15416666666666665,0.9333333333333332,0.9,0.7791666666666666,0.20416666666666664,-0.81225,-0.95,0.9500000000000001,0.9
553,0.05000000000000001,0.9333333333333335,0.8750000000000001,0.8833333333333334,0.1166666666666667,-0.8093750000000002,-0.8750000000000001,0.925,1.0
554,0.12916666666666668,0.9250000000000002,0.8999999999999999,0.7958333333333335,0.10833333333333334,-0.7908750000000001,-0.9500000000000002,0.925,0.8999999999999999
555,0.1958333333333333,0.9416666666666668,0.9249999999999999,0.7458333333333335,0.09166666666666667,-0.834234375,-0.9249999999999999,0.925,0.975
556,0.09583333333333334,0.9583333333333334,0.925,0.8625,0.12083333333333335,-0.87875,-1.0,0.925,0.95
557,0.08333333333333333,0.9416666666666668,0.925,0.8583333333333334,0.08333333333333333,-0.8348125,-0.95,0.925,0.95
558,0.10833333333333332,0.9416666666666668,0.925,0.8333333333333335,0.07916666666666668,-0.834234375,-0.975,0.925,0.925
559,0.10833333333333338,0.9416666666666668,0.875,0.8333333333333334,0.15000000000000002,-0.8312499999999999,-0.95,1.0,0.875
560,0.04583333333333334,0.9666666666666668,0.9500000000000001,0.9208333333333334,0.15833333333333333,-0.9025000000000002,-0.9500000000000001,0.9500000000000002,1.0
561,0.11666666666666665,0.9333333333333332,0.9000000000000001,0.8166666666666665,0.11250000000000003,-0.81225,-0.9000000000000001,0.95,0.95
562,0.20416666666666664,0.9750000000000001,0.9500000000000001,0.7708333333333335,0.15,-0.92625,-0.9500000000000001,1.0,0.975
563,0.15416666666666665,0.9583333333333334,0.95,0.8041666666666667,0.14583333333333334,-0.8799375,-0.9500000000000001,0.95,0.9750000000000001
564,0.08333333333333333,0.9249999999999999,0.8999999999999999,0.8416666666666666,0.13333333333333333,-0.7908749999999999,-0.925,0.8999999999999999,0.95
565,0.07916666666666669,0.9499999999999998,0.8999999999999999,0.8708333333333331,0.07916666666666666,-0.8549999999999999,-0.95,0.8999999999999999,1.0
566,0.05833333333333331,0.9583333333333334,0.8999999999999999,0.9,0.1416666666666667,-0.8775,-0.9750000000000001,0.8999999999999999,1.0
567,0.15416666666666665,0.9666666666666668,0.925,0.8125000000000001,0.10416666666666667,-0.9018750000000001,-1.0,0.9750000000000001,0.925
568,0.06666666666666667,0.9083333333333332,0.8499999999999999,0.8416666666666666,0.125,-0.7469374999999999,-0.8499999999999999,0.9500000000000001,0.925
569,0.13749999999999998,0.9583333333333334,0.95,0.8208333333333334,0.1416666666666667,-0.8799375,-0.95,0.95,0.9750000000000001
570,0.11666666666666665,0.9500000000000002,0.9000000000000001,0.8333333333333335,0.12499999999999999,-0.8555625000000002,-0.975,0.9750000000000001,0.9000000000000001
571,0.07500000000000001,0.9083333333333333,0.8999999999999999,0.8333333333333333,0.09166666666666667,-0.74925,-0.925,0.8999999999999999,0.9
572,0.1208333333333333,0.9416666666666668,0.9,0.8208333333333334,0.15416666666666665,-0.8336250000000001,-0.9,0.9500000000000001,0.975
573,0.20833333333333337,0.9500000000000002,0.925,0.7416666666666668,0.13333333333333333,-0.8567812500000003,-0.9500000000000002,0.925,0.9750000000000001
574,0.06666666666666671,0.9666666666666667,0.95,0.8999999999999999,0.07083333333333336,-0.9030937499999999,-0.975,0.95,0.975
575,0.10416666666666667,0.9083333333333333,0.8500000000000001,0.8041666666666667,0.10833333333333332,-0.7437500000000001,-1.0,0.8500000000000001,0.875
576,0.08749999999999998,0.9166666666666666,0.875,0.8291666666666666,0.11249999999999999,-0.76890625,-0.925,0.875,0.95
577,0.14166666666666666,0.9166666666666666,0.875,0.7749999999999999,0.13333333333333333,-0.76890625,-0.875,0.925,0.95
578,0.07499999999999997,0.9333333333333332,0.875,0.8583333333333333,0.17083333333333336,-0.81046875,-0.975,0.875,0.95
579,0.1208333333333333,0.9500000000000001,0.925,0.8291666666666667,0.125,-0.85678125,-0.9750000000000001,0.95,0.925
580,0.12499999999999996,0.9250000000000002,0.9,0.8000000000000002,0.10416666666666664,-0.790875,-0.9,0.95,0.925
581,0.1708333333333333,0.9166666666666666,0.8999999999999999,0.7458333333333333,0.17916666666666667,-0.7695000000000001,-0.9,0.9500000000000002,0.8999999999999999
582,0.08333333333333333,0.9666666666666667,0.925,0.8833333333333333,0.13333333333333333,-0.901875,-1.0,0.925,0.975
583,0.09999999999999999,0.9583333333333334,0.925,0.8583333333333334,0.19583333333333333,-0.879328125,-0.9750000000000001,0.925,0.975
584,0.11249999999999998,0.975,0.95,0.8625,0.15,-0.92625,-0.9750000000000001,1.0,0.95
585,0.14583333333333337,0.9500000000000001,0.925,0.8041666666666667,0.09583333333333337,-0.8567812500000003,-0.9500000000000001,0.925,0.9750000000000001
586,0.15833333333333333,0.9333333333333332,0.875,0.7749999999999999,0.1958333333333333,-0.8104687500000001,-0.95,0.9750000000000001,0.875
587,0.11666666666666665,0.9750000000000001,0.9500000000000001,0.8583333333333334,0.15416666666666665,-0.9262500000000001,-0.9750000000000001,1.0,0.9500000000000001
588,0.1166666666666667,0.9750000000000001,0.9500000000000002,0.8583333333333334,0.1333333333333333,-0.9262500000000002,-0.9750000000000001,0.9500000000000002,1.0
589,0.08333333333333333,0.9416666666666668,0.925,0.8583333333333334,0.1708333333333333,-0.8342343750000001,-0.9750000000000001,0.925,0.925
590,0.10833333333333332,0.9249999999999999,0.9000000000000001,0.8166666666666667,0.1958333333333333,-0.7908750000000001,-0.9500000000000001,0.9000000000000001,0.9249999999999999
591,0.1041666666666667,0.9500000000000001,0.8999999999999999,0.8458333333333333,0.1875,-0.8550000000000001,-1.0,0.8999999999999999,0.9500000000000002
592,0.14583333333333331,0.9666666666666668,0.95,0.8208333333333335,0.125,-0.9030937500000001,-0.9750000000000001,0.9750000000000001,0.95
593,0.125,0.9416666666666668,0.925,0.8166666666666668,0.13749999999999998,-0.8348125000000002,-0.9500000000000001,0.925,0.9500000000000001
594,0.1708333333333333,0.9416666666666668,0.925,0.7708333333333335,0.2166666666666667,-0.8342343750000001,-0.9750000000000001,0.925,0.925
595,0.10416666666666669,0.9416666666666668,0.925,0.8375000000000001,0.13333333333333333,-0.8348125000000001,-0.9500000000000002,0.95,0.925
596,0.10833333333333332,0.9750000000000001,0.9750000000000001,0.8666666666666668,0.12083333333333336,-0.9268593750000003,-0.9750000000000001,0.9750000000000001,0.9750000000000001
597,0.07500000000000001,0.9500000000000001,0.9,0.875,0.13749999999999998,-0.8555625000000001,-0.9,0.9750000000000001,0.9750000000000001
598,0.06666666666666664,0.9666666666666668,0.95,0.9000000000000001,0.17916666666666667,-0.9025,-1.0,0.9500000000000001,0.95
599,0.07916666666666665,0.9249999999999999,0.875,0.8458333333333333,0.11666666666666665,-0.789140625,-0.9750000000000001,0.875,0.9249999999999999
600,0.10833333333333332,0.975,0.95,0.8666666666666667,0.1708333333333333,-0.92625,-0.95,0.9750000000000001,1.0
601,0.11249999999999999,0.9416666666666668,0.925,0.8291666666666668,0.1625,-0.8348125000000001,-0.95,0.925,0.9500000000000001
602,0.041666666666666664,0.9416666666666668,0.8999999999999999,0.9000000000000001,0.18333333333333332,-0.833625,-0.95,0.9750000000000001,0.8999999999999999
603,0.06249999999999998,0.9333333333333332,0.875,0.8708333333333332,0.13333333333333333,-0.8093750000000001,-0.875,0.925,1.0
604,0.041666666666666664,0.9416666666666668,0.925,0.9000000000000001,0.09999999999999999,-0.8348125,-0.95,0.95,0.925
605,0.15833333333333333,0.9249999999999999,0.825,0.7666666666666666,0.08750000000000002,-0.7842656250000001,-0.825,0.975,0.9750000000000001
606,0.13749999999999998,0.9333333333333335,0.8999999999999999,0.7958333333333335,0.1791666666666667,-0.81225,-0.9500000000000001,0.8999999999999999,0.9500000000000001
607,0.06666666666666667,0.9500000000000001,0.9,0.8833333333333334,0.1791666666666666,-0.8555625,-0.9,0.9750000000000001,0.975
608,0.09583333333333333,0.9583333333333334,0.925,0.8625,0.25416666666666665,-0.879328125,-0.925,0.975,0.975
609,0.1125,0.9166666666666666,0.9,0.8041666666666666,0.125,-0.7700625,-0.9249999999999999,0.9,0.925
610,0.06666666666666668,0.9416666666666668,0.9000000000000001,0.8750000000000001,0.15,-0.8325000000000001,-1.0,0.9000000000000001,0.925
611,0.12916666666666665,0.9416666666666668,0.9000000000000001,0.8125000000000001,0.12500000000000003,-0.8325000000000001,-0.925,1.0,0.9000000000000001
612,0.033333333333333326,0.9416666666666668,0.9249999999999999,0.9083333333333334,0.15,-0.834234375,-0.925,0.9750000000000001,0.9249999999999999
613,0.14166666666666664,0.9416666666666668,0.875,0.8000000000000002,0.15416666666666667,-0.83125,-0.9500000000000001,0.875,1.0
614,0.09583333333333333,0.9499999999999998,0.8999999999999999,0.8541666666666665,0.13333333333333336,-0.8555624999999998,-0.9750000000000001,0.8999999999999999,0.9749999999999999
615,0.09999999999999998,0.9666666666666668,0.95,0.8666666666666668,0.09583333333333334,-0.9025,-1.0,0.9500000000000001,0.95
616,0.07916666666666668,0.9499999999999998,0.95,0.8708333333333331,0.1666666666666667,-0.8573749999999999,-0.95,0.95,0.95
617,0.04999999999999999,0.9583333333333334,0.925,0.9083333333333334,0.20000000000000004,-0.879328125,-0.9750000000000001,0.925,0.975
618,0.041666666666666685,0.9333333333333332,0.8999999999999999,0.8916666666666666,0.1708333333333333,-0.8116874999999999,-0.9750000000000001,0.8999999999999999,0.9249999999999999
619,0.10833333333333339,0.9833333333333334,0.9750000000000001,0.875,0.1208333333333333,-0.9506250000000002,-1.0,0.9750000000000001,0.9750000000000001
620,0.07083333333333336,0.9333333333333332,0.8999999999999999,0.8624999999999998,0.10416666666666664,-0.8122499999999998,-0.95,0.8999999999999999,0.95
621,0.09166666666666667,0.9249999999999999,0.875,0.8333333333333333,0.11666666666666665,-0.7896874999999999,-0.95,0.875,0.95
622,0.05833333333333334,0.9249999999999999,0.8999999999999999,0.8666666666666666,0.16250000000000006,-0.7908749999999998,-0.95,0.8999999999999999,0.9249999999999999
623,0.08749999999999998,0.9500000000000001,0.925,0.8625,0.1416666666666667,-0.85678125,-0.95,0.9750000000000001,0.925
624,0.12916666666666665,0.9416666666666668,0.925,0.8125000000000001,0.10833333333333335,-0.8348125,-0.925,0.95,0.95
625,0.10416666666666667,0.9416666666666668,0.925,0.8375000000000001,0.1416666666666667,-0.8348125000000003,-0.925,0.9500000000000002,0.9500000000000001
626,0.1041666666666667,0.9416666666666668,0.9,0.8375,0.13749999999999998,-0.8336250000000001,-0.9,0.9750000000000001,0.95
627,0.08333333333333333,0.9250000000000002,0.9,0.8416666666666668,0.12083333333333336,-0.7908750000000001,-0.9,0.9500000000000001,0.925
628,0.16666666666666666,0.9333333333333332,0.925,0.7666666666666666,0.15416666666666665,-0.8128437500000001,-0.925,0.95,0.925
629,0.14166666666666666,0.9333333333333332,0.8999999999999999,0.7916666666666665,0.09166666666666667,-0.8116875,-0.9249999999999999,0.8999999999999999,0.9750000000000001
630,0.075,0.975,0.95,0.9,0.20833333333333334,-0.92625,-0.9750000000000001,1.0,0.95
631,0.09583333333333333,0.9499999999999998,0.925,0.8541666666666665,0.05833333333333331,-0.8567812499999999,-0.925,0.95,0.9749999999999999
632,0.13333333333333333,0.9666666666666668,0.9500000000000001,0.8333333333333335,0.2125,-0.9025000000000002,-0.9500000000000001,0.9500000000000002,1.0
633,0.11666666666666665,0.9583333333333334,0.95,0.8416666666666667,0.20416666666666664,-0.8799375000000002,-0.9500000000000002,0.9750000000000001,0.95
634,0.10833333333333335,0.9583333333333334,0.9,0.85,0.15833333333333333,-0.8775000000000001,-0.9,0.9750000000000001,1.0
635,0.08750000000000002,0.9666666666666668,0.9500000000000001,0.8791666666666668,0.12499999999999999,-0.9030937500000003,-0.9750000000000001,0.9750000000000001,0.9500000000000001
636,0.075,0.9583333333333334,0.925,0.8833333333333334,0.14583333333333334,-0.8787500000000003,-0.925,0.9500000000000002,1.0
637,0.18749999999999997,0.9499999999999998,0.9249999999999999,0.7624999999999998,0.09166666666666663,-0.8567812499999998,-0.975,0.95,0.9249999999999999
638,0.15416666666666667,0.9250000000000002,0.8999999999999999,0.7708333333333335,0.17083333333333336,-0.7908750000000001,-0.925,0.8999999999999999,0.9500000000000002
639,0.11250000000000003,0.9500000000000001,0.875,0.8375,0.1875,-0.8531250000000001,-1.0,0.9750000000000001,0.875
640,0.08750000000000002,0.9166666666666666,0.8999999999999999,0.8291666666666666,0.15833333333333333,-0.7700625,-0.8999999999999999,0.925,0.925
641,0.09999999999999999,0.9500000000000001,0.925,0.8500000000000001,0.20000000000000004,-0.8567812500000003,-0.9500000000000001,0.925,0.9750000000000001
642,0.08750000000000002,0.9416666666666668,0.925,0.8541666666666667,0.15,-0.8348125,-0.95,0.925,0.95
643,0.09583333333333334,0.9250000000000002,0.9,0.8291666666666668,0.17500000000000002,-0.7908750000000001,-0.9,0.925,0.9500000000000001
644,0.10833333333333332,0.9666666666666668,0.925,0.8583333333333335,0.13749999999999998,-0.9018750000000001,-0.925,1.0,0.9750000000000001
645,0.07916666666666665,0.9833333333333334,0.9750000000000001,0.9041666666666668,0.1333333333333333,-0.9506250000000002,-1.0,0.9750000000000001,0.9750000000000001
646,0.07499999999999997,0.9583333333333334,0.925,0.8833333333333334,0.10416666666666669,-0.87875,-0.925,0.95,1.0
647,0.15416666666666667,0.9583333333333334,0.9249999999999999,0.8041666666666667,0.22916666666666666,-0.8787499999999999,-0.9249999999999999,1.0,0.95
648,0.11666666666666665,0.9583333333333334,0.95,0.8416666666666667,0.12083333333333333,-0.8799375,-0.975,0.9500000000000002,0.95
649,0.1208333333333333,0.9333333333333332,0.8999999999999999,0.8124999999999999,0.12916666666666668,-0.8116875,-0.8999999999999999,0.9750000000000001,0.925
650,0.08749999999999998,0.9416666666666668,0.8750000000000001,0.8541666666666667,0.15416666666666665,-0.8317968750000001,-0.8750000000000001,0.9750000000000001,0.975
651,0.06250000000000001,0.9499999999999998,0.95,0.8874999999999998,0.10416666666666664,-0.8573749999999999,-0.95,0.9500000000000001,0.95
652,0.1208333333333333,0.9666666666666668,0.925,0.8458333333333334,0.10000000000000002,-0.9018750000000001,-0.9750000000000001,0.925,1.0
653,0.054166666666666675,0.9583333333333334,0.9249999999999999,0.9041666666666667,0.19166666666666665,-0.8787499999999999,-0.95,1.0,0.9249999999999999
654,0.08750000000000001,0.9,0.825,0.8125,0.11666666666666668,-0.7239374999999999,-0.975,0.8999999999999999,0.825
655,0.07499999999999998,0.975,0.95,0.9,0.14166666666666664,-0.92625,-0.95,0.9750000000000001,1.0
656,0.19166666666666668,0.9583333333333334,0.925,0.7666666666666667,0.15416666666666665,-0.8793281250000001,-0.9750000000000001,0.975,0.925
657,0.14583333333333334,0.9166666666666666,0.9000000000000001,0.7708333333333333,0.08333333333333333,-0.7700625000000002,-0.9000000000000001,0.925,0.925
658,0.1083333333333333,0.9333333333333332,0.875,0.825,0.11666666666666668,-0.809375,-0.9249999999999999,1.0,0.875
659,0.09166666666666667,0.9416666666666668,0.925,0.8500000000000001,0.1416666666666667,-0.8348125000000002,-0.9500000000000002,0.925,0.95
660,0.12916666666666668,0.9333333333333332,0.85,0.8041666666666666,0.22083333333333333,-0.8075,-0.85,1.0,0.95
661,0.05416666666666666,0.9499999999999998,0.9249999999999999,0.8958333333333331,0.14583333333333334,-0.855625,-0.9249999999999999,1.0,0.925
662,0.10833333333333332,0.9666666666666667,0.95,0.8583333333333334,0.15416666666666667,-0.9030937499999999,-0.95,0.9750000000000001,0.9749999999999999
663,0.10416666666666667,0.9666666666666667,0.9249999999999999,0.8625,0.17500000000000002,-0.901875,-1.0,0.9249999999999999,0.9750000000000001
664,0.14999999999999994,0.9500000000000002,0.925,0.8000000000000003,0.09583333333333331,-0.8567812500000002,-0.9750000000000001,0.9500000000000001,0.925
665,0.1333333333333334,0.9666666666666668,0.95,0.8333333333333334,0.12916666666666668,-0.9030937500000001,-0.9750000000000001,0.9750000000000001,0.95
666,0.1125,0.9666666666666667,0.95,0.8541666666666666,0.15416666666666667,-0.9025,-0.95,1.0,0.95
667,0.1166666666666667,0.9500000000000002,0.925,0.8333333333333335,0.19166666666666668,-0.8567812500000003,-0.9500000000000002,0.925,0.9750000000000001
668,0.05416666666666664,0.9416666666666668,0.925,0.8875000000000002,0.20833333333333337,-0.8348125,-0.925,0.95,0.95
669,0.10416666666666663,0.9833333333333334,0.975,0.8791666666666668,0.13750000000000004,-0.950625,-1.0,0.975,0.9750000000000001
670,0.05416666666666666,0.9583333333333334,0.9,0.9041666666666667,0.14583333333333331,-0.8775000000000001,-0.9750000000000001,1.0,0.9
671,0.06666666666666665,0.9666666666666667,0.95,0.9,0.09166666666666667,-0.9030937499999999,-0.9749999999999999,0.9750000000000001,0.95
672,0.07083333333333332,0.9250000000000002,0.875,0.8541666666666669,0.19166666666666665,-0.789140625,-0.9750000000000001,0.925,0.875
673,0.09583333333333337,0.9583333333333335,0.9500000000000001,0.8625000000000002,0.13333333333333333,-0.8799375000000003,-0.9500000000000002,0.9500000000000001,0.9750000000000001
674,0.08750000000000001,0.9750000000000001,0.9500000000000001,0.8875000000000001,0.11666666666666668,-0.9262500000000001,-0.9500000000000001,0.9750000000000001,1.0
675,0.1125,0.975,0.95,0.8624999999999999,0.14999999999999997,-0.92625,-0.95,0.9750000000000001,1.0
676,0.1333333333333334,0.9250000000000002,0.9,0.7916666666666667,0.09583333333333334,-0.7908750000000002,-0.9500000000000002,0.9,0.925
677,0.10000000000000002,0.9499999999999998,0.95,0.8499999999999999,0.15,-0.8573749999999999,-0.95,0.95,0.95
678,0.10833333333333332,0.9499999999999998,0.95,0.8416666666666666,0.20000000000000004,-0.8573749999999999,-0.95,0.95,0.95
679,0.08749999999999998,0.975,0.9749999999999999,0.8875,0.1625,-0.9268593749999998,-0.975,0.975,0.9749999999999999
680,0.12083333333333336,0.9583333333333334,0.925,0.8375,0.11666666666666668,-0.8787500000000001,-1.0,0.9500000000000001,0.925
681,0.05416666666666666,0.975,0.925,0.9208333333333333,0.15,-0.925,-0.925,1.0,1.0
682,0.08750000000000002,0.9500000000000001,0.925,0.8625,0.15,-0.8567812500000002,-0.925,0.95,0.9750000000000001
683,0.125,0.9166666666666666,0.9000000000000001,0.7916666666666666,0.2041666666666666,-0.7700625000000001,-0.9249999999999999,0.925,0.9000000000000001
684,0.09166666666666666,0.9166666666666666,0.85,0.825,0.1625,-0.765,-0.9,1.0,0.85
685,0.075,0.9583333333333334,0.925,0.8833333333333334,0.10833333333333332,-0.879328125,-0.925,0.9750000000000001,0.9749999999999999
686,0.14583333333333334,0.9416666666666668,0.9249999999999999,0.7958333333333334,0.09166666666666667,-0.8348125,-0.9249999999999999,0.9500000000000001,0.95
687,0.05416666666666667,0.9666666666666668,0.95,0.9125000000000001,0.2041666666666667,-0.9030937500000001,-0.95,0.9750000000000001,0.9750000000000001
688,0.1416666666666667,0.9250000000000002,0.85,0.7833333333333334,0.1166666666666667,-0.78625,-1.0,0.85,0.925
689,0.125,0.9500000000000002,0.95,0.8250000000000002,0.1625,-0.8573750000000002,-0.95,0.9500000000000002,0.9500000000000002
690,0.09166666666666667,0.9416666666666668,0.925,0.8500000000000001,0.1958333333333334,-0.8348125,-0.9500000000000001,0.95,0.925
691,0.125,0.9583333333333334,0.95,0.8333333333333334,0.125,-0.8799375,-0.9500000000000001,0.9750000000000001,0.95
692,0.029166666666666664,0.9583333333333334,0.95,0.9291666666666667,0.15416666666666667,-0.8799374999999999,-0.95,0.9750000000000001,0.95
693,0.125,0.9500000000000002,0.925,0.8250000000000002,0.1416666666666667,-0.8567812500000003,-0.9750000000000001,0.925,0.9500000000000002
694,0.10000000000000002,0.9583333333333334,0.925,0.8583333333333334,0.07916666666666669,-0.879328125,-0.925,0.9750000000000001,0.975
695,0.08333333333333337,0.9083333333333333,0.9,0.825,0.12916666666666668,-0.7492500000000001,-0.9,0.9,0.925
696,0.09583333333333333,0.9500000000000001,0.9249999999999999,0.8541666666666667,0.15833333333333333,-0.85678125,-0.9500000000000001,0.9750000000000001,0.9249999999999999
697,0.1416666666666667,0.9416666666666668,0.9249999999999999,0.8,0.19166666666666665,-0.8348124999999998,-0.9249999999999999,0.95,0.95
698,0.11249999999999995,0.9583333333333334,0.95,0.8458333333333334,0.16249999999999998,-0.8799375,-0.9500000000000001,0.9750000000000001,0.95
699,0.1208333333333333,0.9666666666666667,0.95,0.8458333333333333,0.12916666666666668,-0.90309375,-0.95,0.9750000000000001,0.975
700,0.12916666666666665,0.9416666666666665,0.9,0.8124999999999999,0.17500000000000002,-0.8324999999999999,-1.0,0.9,0.9249999999999999
701,0.08333333333333333,0.9666666666666668,0.925,0.8833333333333334,0.14583333333333334,-0.9018750000000001,-0.925,0.9750000000000001,1.0
702,0.16249999999999995,0.9583333333333334,0.875,0.7958333333333334,0.14166666666666666,-0.875,-1.0,1.0,0.875
703,0.06249999999999997,0.9499999999999998,0.875,0.8874999999999998,0.13750000000000004,-0.8531249999999999,-1.0,0.875,0.9749999999999999
704,0.11249999999999998,0.9500000000000001,0.925,0.8375000000000001,0.09583333333333333,-0.8567812500000002,-0.95,0.925,0.9750000000000001
705,0.06249999999999998,0.975,0.9749999999999999,0.9125,0.12916666666666668,-0.926859375,-0.9750000000000001,0.9750000000000001,0.9749999999999999
706,0.04583333333333334,0.9250000000000002,0.85,0.8791666666666669,0.10833333333333332,-0.7873125000000001,-0.9750000000000001,0.85,0.95
707,0.08749999999999998,0.9,0.875,0.8125,0.13750000000000004,-0.7284375,-0.875,0.8999999999999999,0.925
708,0.08333333333333331,0.9499999999999998,0.9249999999999999,0.8666666666666665,0.19166666666666668,-0.8567812499999999,-0.9249999999999999,0.9500000000000001,0.9749999999999999
709,0.15416666666666665,0.9666666666666667,0.95,0.8125,0.12500000000000003,-0.9025,-0.95,1.0,0.95
710,0.07916666666666665,0.9583333333333334,0.8999999999999999,0.8791666666666668,0.1666666666666667,-0.8775,-1.0,0.9750000000000001,0.8999999999999999
711,0.1291666666666667,0.9666666666666668,0.925,0.8375000000000001,0.1166666666666667,-0.9018750000000001,-0.9750000000000001,1.0,0.925
712,0.1083333333333333,0.9416666666666668,0.875,0.8333333333333335,0.125,-0.8317968750000001,-0.9750000000000001,0.9750000000000001,0.875
713,0.1208333333333333,0.9500000000000002,0.925,0.8291666666666668,0.15416666666666667,-0.8567812500000003,-0.9500000000000002,0.9750000000000001,0.925
714,0.10833333333333328,0.9750000000000001,0.9500000000000002,0.8666666666666668,0.14166666666666666,-0.9262500000000001,-0.9500000000000002,0.975,1.0
715,0.14583333333333334,0.9500000000000001,0.925,0.8041666666666667,0.18333333333333335,-0.8556250000000001,-0.925,0.925,1.0
716,0.125,0.9666666666666667,0.95,0.8416666666666667,0.15,-0.9030937499999999,-0.9749999999999999,0.9750000000000001,0.95
717,0.08333333333333331,0.9500000000000001,0.925,0.8666666666666667,0.12916666666666668,-0.8567812500000002,-0.925,0.95,0.9750000000000001
718,0.05416666666666665,0.9083333333333333,0.825,0.8541666666666666,0.18333333333333332,-0.7445625,-0.9500000000000002,0.825,0.95
719,0.13749999999999998,0.9833333333333334,0.975,0.8458333333333334,0.11666666666666664,-0.950625,-1.0,0.9750000000000001,0.975
720,0.07916666666666665,0.9833333333333334,0.975,0.9041666666666668,0.13749999999999996,-0.950625,-0.9750000000000001,1.0,0.975
721,0.0708333333333333,0.9083333333333332,0.875,0.8374999999999999,0.1583333333333333,-0.748671875,-0.875,0.9249999999999999,0.925
722,0.11250000000000003,0.975,0.925,0.8624999999999999,0.1708333333333333,-0.925,-1.0,1.0,0.925
723,0.12083333333333333,0.9500000000000001,0.95,0.8291666666666667,0.25,-0.857375,-0.95,0.9500000000000002,0.95
724,0.1125,0.9583333333333334,0.925,0.8458333333333333,0.13749999999999998,-0.8793281250000002,-0.9750000000000001,0.9750000000000001,0.925
725,0.075,0.9249999999999999,0.875,0.85,0.1625,-0.7874999999999999,-1.0,0.875,0.8999999999999999
726,0.17916666666666667,0.9583333333333334,0.9,0.7791666666666667,0.15416666666666667,-0.8775,-0.9,1.0,0.975
727,0.11249999999999998,0.9666666666666667,0.925,0.8541666666666667,0.18333333333333335,-0.901875,-0.925,0.975,1.0
728,0.1208333333333333,0.9499999999999998,0.925,0.8291666666666665,0.10833333333333335,-0.8567812499999999,-0.95,0.975,0.925
729,0.11249999999999999,0.9916666666666667,0.9750000000000001,0.8791666666666667,0.06666666666666667,-0.9750000000000001,-1.0,1.0,0.9750000000000001
730,0.11666666666666665,0.9416666666666668,0.8999999999999999,0.8250000000000001,0.16666666666666666,-0.8336250000000001,-0.9500000000000002,0.975,0.8999999999999999
731,0.075,0.9500000000000001,0.9249999999999999,0.8750000000000001,0.10833333333333332,-0.855625,-0.925,1.0,0.9249999999999999
732,0.09999999999999998,0.9416666666666668,0.925,0.8416666666666668,0.14166666666666664,-0.8348125,-0.925,0.95,0.95
733,0.1291666666666667,0.9500000000000001,0.9,0.8208333333333333,0.10416666666666667,-0.8550000000000001,-0.9500000000000001,1.0,0.9
734,0.12916666666666668,0.9083333333333332,0.8749999999999999,0.7791666666666666,0.12916666666666668,-0.7481249999999998,-0.8749999999999999,0.8999999999999999,0.95
735,0.08333333333333333,0.9083333333333333,0.875,0.825,0.14166666666666664,-0.7486718750000001,-0.875,0.925,0.925
736,0.10833333333333332,0.9416666666666668,0.9249999999999999,0.8333333333333335,0.20833333333333334,-0.8348125000000001,-0.9249999999999999,0.9500000000000002,0.95
737,0.12083333333333335,0.9416666666666665,0.8999999999999999,0.8208333333333332,0.10833333333333335,-0.8324999999999999,-1.0,0.9249999999999999,0.8999999999999999
738,0.15833333333333335,0.9666666666666667,0.95,0.8083333333333333,0.07083333333333332,-0.9025,-0.95,0.95,1.0
739,0.13333333333333333,0.8833333333333334,0.85,0.7500000000000001,0.1791666666666667,-0.6885000000000001,-0.9,0.9000000000000001,0.85
740,0.09166666666666669,0.9666666666666667,0.95,0.875,0.13750000000000004,-0.90309375,-0.95,0.9750000000000001,0.975
741,0.075,0.9416666666666668,0.8999999999999999,0.8666666666666668,0.1125,-0.8336250000000001,-0.9500000000000001,0.9750000000000001,0.8999999999999999
742,0.05833333333333332,0.9583333333333334,0.95,0.9,0.1541666666666667,-0.8799374999999999,-0.95,0.95,0.975
743,0.1125,0.9500000000000001,0.925,0.8375,0.125,-0.8567812500000002,-0.925,0.9750000000000001,0.9500000000000001
744,0.07916666666666668,0.9666666666666667,0.95,0.8875,0.08333333333333336,-0.9025,-1.0,0.95,0.95
745,0.14583333333333334,0.9583333333333334,0.9249999999999999,0.8125,0.12083333333333333,-0.879328125,-0.9249999999999999,0.9750000000000001,0.9750000000000001
746,0.08333333333333333,0.9500000000000002,0.925,0.8666666666666668,0.15416666666666665,-0.8567812500000003,-0.925,0.9500000000000002,0.9750000000000001
747,0.075,0.9583333333333334,0.925,0.8833333333333334,0.16666666666666666,-0.87875,-0.95,1.0,0.925
748,0.18333333333333335,0.9666666666666668,0.9500000000000001,0.7833333333333334,0.11249999999999999,-0.9030937500000001,-0.9500000000000001,0.9750000000000001,0.975
749,0.15416666666666665,0.9500000000000001,0.925,0.7958333333333334,0.10000000000000002,-0.85678125,-0.925,0.9750000000000001,0.95
750,0.13749999999999998,0.9416666666666668,0.9000000000000001,0.8041666666666668,0.17916666666666667,-0.8336250000000002,-0.95,0.9000000000000001,0.9750000000000001
751,0.1208333333333333,0.9500000000000001,0.9,0.8291666666666667,0.10416666666666667,-0.855,-1.0,0.95,0.9
752,0.0666666666666667,0.9416666666666668,0.925,0.8750000000000001,0.12083333333333333,-0.8348125,-0.95,0.925,0.95
753,0.19166666666666668,0.9083333333333333,0.8999999999999999,0.7166666666666667,0.09166666666666667,-0.7492500000000001,-0.9000000000000001,0.8999999999999999,0.925
754,0.15416666666666667,0.9333333333333332,0.9,0.7791666666666666,0.15833333333333333,-0.8122499999999999,-0.9,0.95,0.95
755,0.10416666666666667,0.9583333333333334,0.95,0.8541666666666667,0.12083333333333335,-0.8799375,-0.975,0.95,0.9500000000000002
756,0.08333333333333333,0.9250000000000002,0.9,0.8416666666666668,0.13333333333333333,-0.790875,-0.9,0.925,0.95
757,0.14166666666666664,0.9666666666666667,0.95,0.8250000000000001,0.19166666666666665,-0.90309375,-0.9750000000000001,0.95,0.975
758,0.075,0.9250000000000002,0.9,0.8500000000000002,0.15416666666666667,-0.790875,-0.9,0.95,0.925
759,0.09166666666666667,0.9249999999999999,0.8999999999999999,0.8333333333333333,0.13333333333333333,-0.7908749999999998,-0.95,0.8999999999999999,0.9249999999999999
760,0.075,0.9500000000000001,0.925,0.8750000000000001,0.20000000000000004,-0.85678125,-0.95,0.9750000000000001,0.925
761,0.10833333333333335,0.9500000000000001,0.925,0.8416666666666667,0.1208333333333333,-0.85678125,-0.9750000000000001,0.95,0.925
762,0.07916666666666666,0.9833333333333334,0.95,0.9041666666666668,0.12499999999999999,-0.95,-0.95,1.0,1.0
763,0.09583333333333337,0.9500000000000001,0.925,0.8541666666666667,0.12083333333333336,-0.85678125,-0.9750000000000001,0.95,0.925
764,0.03749999999999997,0.9500000000000001,0.925,0.9125000000000001,0.12083333333333335,-0.8556250000000001,-0.925,0.925,1.0
765,0.05416666666666666,0.9500000000000001,0.925,0.8958333333333334,0.16666666666666666,-0.85678125,-0.925,0.9750000000000001,0.95
766,0.1125,0.9583333333333334,0.95,0.8458333333333333,0.07916666666666665,-0.8799374999999999,-0.95,0.9750000000000001,0.95
767,0.14583333333333331,0.9666666666666668,0.9500000000000001,0.8208333333333335,0.15416666666666667,-0.9030937500000001,-0.975,0.9750000000000001,0.9500000000000001
768,0.08333333333333333,0.9250000000000002,0.875,0.8416666666666668,0.15000000000000002,-0.7891406250000002,-0.875,0.925,0.9750000000000001
769,0.13749999999999998,0.9333333333333332,0.8999999999999999,0.7958333333333333,0.13333333333333333,-0.81,-0.9000000000000001,1.0,0.8999999999999999
770,0.09583333333333331,0.9583333333333334,0.9249999999999999,0.8625,0.14166666666666664,-0.8793281249999999,-0.9249999999999999,0.9750000000000001,0.9749999999999999
771,0.08749999999999998,0.9416666666666668,0.925,0.8541666666666667,0.10000000000000002,-0.8348125000000001,-0.9500000000000001,0.925,0.95
772,0.04166666666666668,0.9666666666666667,0.95,0.925,0.19166666666666665,-0.90309375,-0.95,0.9750000000000001,0.975
773,0.1083333333333333,0.9583333333333334,0.95,0.8500000000000001,0.16666666666666666,-0.8799375,-0.9750000000000001,0.9500000000000001,0.95
774,0.10833333333333334,0.975,0.9749999999999999,0.8666666666666667,0.1875,-0.926859375,-0.9750000000000001,0.9750000000000001,0.9749999999999999
775,0.11666666666666665,0.9166666666666666,0.875,0.7999999999999999,0.08750000000000001,-0.76890625,-0.875,0.925,0.95
776,0.19999999999999996,0.9583333333333334,0.925,0.7583333333333334,0.125,-0.8793281250000001,-0.9750000000000001,0.925,0.9750000000000001
777,0.1333333333333334,0.9416666666666668,0.9,0.8083333333333333,0.14166666666666666,-0.8336250000000001,-0.9500000000000001,0.975,0.9
778,0.03749999999999998,0.975,0.9749999999999999,0.9375,0.15833333333333335,-0.9268593749999999,-0.975,0.9750000000000001,0.9749999999999999
779,0.12916666666666668,0.9333333333333335,0.8750000000000001,0.8041666666666668,0.17916666666666667,-0.8104687500000002,-0.8750000000000001,0.9500000000000001,0.9750000000000001
780,0.15833333333333335,0.9833333333333334,0.9500000000000001,0.8250000000000001,0.16249999999999998,-0.9500000000000001,-1.0,0.9500000000000001,1.0
781,0.12500000000000003,0.975,0.95,0.85,0.12500000000000003,-0.9262499999999999,-1.0,0.95,0.975
782,0.19166666666666665,0.9666666666666668,0.925,0.7750000000000001,0.16666666666666666,-0.9018750000000001,-0.925,1.0,0.9750000000000001
783,0.10416666666666667,0.9333333333333335,0.9000000000000001,0.8291666666666668,0.12916666666666665,-0.8116875000000002,-0.9000000000000001,0.925,0.9750000000000001
784,0.06666666666666668,0.9333333333333335,0.925,0.8666666666666668,0.10416666666666664,-0.8128437500000003,-0.9500000000000002,0.925,0.925
785,0.09166666666666666,0.9916666666666667,0.9750000000000001,0.9,0.075,-0.9750000000000001,-1.0,1.0,0.9750000000000001
786,0.10416666666666667,0.9583333333333334,0.925,0.8541666666666667,0.07500000000000001,-0.8793281250000001,-0.925,0.9750000000000001,0.9750000000000001
787,0.10000000000000002,0.9083333333333332,0.8999999999999999,0.8083333333333332,0.16666666666666666,-0.7492499999999999,-0.925,0.8999999999999999,0.8999999999999999
788,0.10416666666666669,0.9583333333333334,0.95,0.8541666666666667,0.15416666666666667,-0.8799374999999999,-0.95,0.9750000000000001,0.95
789,0.11666666666666665,0.9,0.875,0.7833333333333333,0.16249999999999998,-0.7284375000000001,-0.9,0.925,0.875
790,0.09166666666666669,0.9416666666666668,0.9249999999999999,0.8500000000000001,0.1125,-0.8342343750000001,-0.9249999999999999,0.925,0.9750000000000001
791,0.11666666666666668,0.9833333333333334,0.975,0.8666666666666667,0.11249999999999998,-0.950625,-0.975,1.0,0.9750000000000001
792,0.1166666666666667,0.975,0.9500000000000001,0.8583333333333333,0.12916666666666668,-0.92625,-0.975,0.9500000000000001,1.0
793,0.13333333333333333,0.9666666666666668,0.95,0.8333333333333335,0.08333333333333331,-0.9030937500000001,-0.9750000000000001,0.9750000000000001,0.95
794,0.11666666666666665,0.9333333333333332,0.9,0.8166666666666665,0.125,-0.81,-0.9,0.9,1.0
795,0.13749999999999998,0.9416666666666668,0.925,0.8041666666666668,0.15416666666666667,-0.8342343750000002,-0.925,0.925,0.9750000000000001
796,0.17500000000000002,0.9500000000000001,0.925,0.775,0.16666666666666663,-0.8567812500000002,-0.95,0.925,0.9750000000000001
797,0.10833333333333332,0.9333333333333332,0.875,0.825,0.10833333333333332,-0.8104687500000001,-0.95,0.9750000000000001,0.875
798,0.07083333333333333,0.9499999999999998,0.9249999999999999,0.8791666666666665,0.15833333333333333,-0.8567812499999998,-0.9749999999999999,0.9500000000000001,0.9249999999999999
799,0.08333333333333333,0.9916666666666666,0.9749999999999999,0.9083333333333332,0.10416666666666669,-0.9749999999999999,-1.0,1.0,0.9749999999999999
800,0.11249999999999999,0.9249999999999999,0.875,0.8125,0.12499999999999999,-0.789140625,-0.875,0.9750000000000001,0.9249999999999999
801,0.1416666666666667,0.9666666666666667,0.9,0.825,0.1333333333333333,-0.9,-0.9,1.0,1.0
802,0.1958333333333333,0.9499999999999998,0.9249999999999999,0.7541666666666665,0.1125,-0.8567812499999998,-0.975,0.95,0.9249999999999999
803,0.10416666666666667,0.9583333333333334,0.95,0.8541666666666667,0.10833333333333332,-0.8799374999999999,-0.9500000000000001,0.95,0.975
804,0.10416666666666667,0.9916666666666667,0.9750000000000001,0.8875000000000001,0.19166666666666665,-0.9750000000000001,-0.9750000000000001,1.0,1.0
805,0.12083333333333335,0.9666666666666668,0.95,0.8458333333333334,0.1875,-0.9030937500000001,-0.9750000000000001,0.9750000000000001,0.95
806,0.07916666666666666,0.9416666666666668,0.8999999999999999,0.8625,0.14166666666666666,-0.833625,-0.9750000000000001,0.95,0.8999999999999999
807,0.06666666666666667,0.9583333333333334,0.9249999999999999,0.8916666666666667,0.1416666666666667,-0.8793281250000001,-0.9750000000000001,0.9750000000000001,0.9249999999999999
808,0.08333333333333333,0.9583333333333334,0.9,0.875,0.17916666666666667,-0.8775000000000001,-1.0,0.9750000000000001,0.9
809,0.07916666666666668,0.9500000000000002,0.925,0.8708333333333335,0.21666666666666667,-0.8567812500000002,-0.9500000000000001,0.9750000000000001,0.925
810,0.08749999999999998,0.9500000000000001,0.8999999999999999,0.8625,0.10833333333333334,-0.8555625,-0.9750000000000001,0.8999999999999999,0.9750000000000001
811,0.12916666666666668,0.9416666666666668,0.925,0.8125000000000001,0.13750000000000004,-0.8348125000000002,-0.9500000000000001,0.9500000000000002,0.925
812,0.17916666666666667,0.9249999999999999,0.875,0.7458333333333332,0.19166666666666665,-0.7896874999999999,-0.875,0.95,0.95
813,0.05416666666666664,0.9500000000000001,0.925,0.8958333333333335,0.16666666666666666,-0.8556250000000001,-0.925,1.0,0.925
814,0.08333333333333336,0.9583333333333334,0.9,0.875,0.10416666666666667,-0.8775000000000001,-0.9,0.9750000000000001,1.0
815,0.10000000000000002,0.9333333333333335,0.925,0.8333333333333335,0.1416666666666667,-0.8128437500000003,-0.9500000000000002,0.925,0.925
816,0.10416666666666664,0.9833333333333334,0.9750000000000001,0.8791666666666668,0.10416666666666664,-0.9506250000000002,-1.0,0.9750000000000001,0.9750000000000001
817,0.15,0.9500000000000001,0.925,0.8,0.18749999999999997,-0.8556250000000001,-0.925,1.0,0.925
818,0.08750000000000001,0.9416666666666668,0.925,0.8541666666666667,0.12916666666666668,-0.8348125,-0.95,0.95,0.925
819,0.09583333333333333,0.9499999999999998,0.9249999999999999,0.8541666666666665,0.13333333333333333,-0.8567812499999998,-0.9249999999999999,0.975,0.95
820,0.09999999999999999,0.9416666666666668,0.925,0.8416666666666668,0.12083333333333335,-0.834234375,-0.975,0.925,0.925
821,0.08749999999999998,0.9583333333333334,0.925,0.8708333333333333,0.12500000000000003,-0.879328125,-0.9750000000000001,0.925,0.9749999999999999
822,0.05416666666666665,0.9583333333333334,0.95,0.9041666666666667,0.15,-0.8799374999999998,-0.9500000000000001,0.95,0.9749999999999999
823,0.054166666666666675,0.9250000000000002,0.8499999999999999,0.8708333333333335,0.09583333333333333,-0.7873125000000001,-0.8499999999999999,0.9500000000000002,0.9750000000000001
824,0.1791666666666666,0.9833333333333334,0.9750000000000001,0.8041666666666668,0.18333333333333335,-0.9506250000000002,-1.0,0.9750000000000001,0.9750000000000001
825,0.08333333333333333,0.9416666666666668,0.8999999999999999,0.8583333333333334,0.18333333333333332,-0.833625,-0.9750000000000001,0.8999999999999999,0.95
826,0.1416666666666667,0.9583333333333334,0.925,0.8166666666666667,0.14583333333333334,-0.8793281250000001,-0.925,0.9750000000000001,0.9750000000000001
827,0.1708333333333333,0.9500000000000001,0.925,0.7791666666666668,0.18333333333333335,-0.8567812500000002,-0.925,0.9500000000000001,0.975
828,0.1125,0.9666666666666668,0.925,0.8541666666666667,0.1208333333333333,-0.9018750000000001,-0.9750000000000001,1.0,0.925
829,0.1166666666666667,0.9416666666666668,0.925,0.8250000000000001,0.10000000000000002,-0.8348125000000003,-0.925,0.9500000000000002,0.9500000000000001
830,0.13333333333333333,0.9416666666666668,0.8999999999999999,0.8083333333333335,0.13333333333333333,-0.8336250000000002,-0.9500000000000002,0.9750000000000001,0.8999999999999999
831,0.11666666666666665,0.9500000000000001,0.925,0.8333333333333334,0.12083333333333335,-0.8556250000000001,-1.0,0.925,0.925
832,0.06249999999999999,0.9500000000000001,0.8999999999999999,0.8875000000000001,0.13333333333333333,-0.8550000000000001,-1.0,0.9500000000000002,0.8999999999999999
833,0.09166666666666663,0.9333333333333332,0.8999999999999999,0.8416666666666666,0.16250000000000003,-0.8122499999999999,-0.95,0.9500000000000001,0.8999999999999999
834,0.0625,0.975,0.9500000000000002,0.9125,0.13333333333333333,-0.92625,-0.9749999999999999,0.9500000000000002,1.0
835,0.10833333333333332,0.9500000000000001,0.925,0.8416666666666668,0.1875,-0.8556250000000001,-0.925,0.925,1.0
836,0.06666666666666665,0.9916666666666667,0.9750000000000001,0.925,0.08750000000000001,-0.9750000000000001,-1.0,1.0,0.9750000000000001
837,0.09583333333333333,0.9666666666666667,0.95,0.8708333333333333,0.12916666666666665,-0.9025,-0.95,0.95,1.0
838,0.07083333333333333,0.9666666666666668,0.95,0.8958333333333335,0.14166666666666666,-0.9030937500000001,-0.9750000000000001,0.95,0.9750000000000001
839,0.07916666666666666,0.9666666666666667,0.95,0.8875,0.13333333333333333,-0.9030937499999999,-0.95,0.975,0.975
840,0.1083333333333333,0.9583333333333334,0.95,0.8500000000000001,0.125,-0.8799374999999998,-0.95,0.95,0.9749999999999999
841,0.1125,0.9249999999999999,0.8999999999999999,0.8124999999999999,0.15833333333333333,-0.7908749999999999,-0.95,0.8999999999999999,0.925
842,0.09166666666666667,0.9416666666666668,0.925,0.8500000000000001,0.1708333333333333,-0.8348125,-0.925,0.95,0.95
843,0.05833333333333334,0.9416666666666668,0.9249999999999999,0.8833333333333334,0.16666666666666666,-0.8348125,-0.9249999999999999,0.9500000000000001,0.95
844,0.13749999999999998,0.9416666666666668,0.9,0.8041666666666668,0.14583333333333334,-0.8336249999999998,-0.9,0.95,0.9749999999999999
845,0.11666666666666665,0.9500000000000001,0.925,0.8333333333333334,0.0625,-0.85678125,-0.9750000000000001,0.925,0.95
846,0.06666666666666668,0.9500000000000001,0.925,0.8833333333333334,0.15,-0.8567812500000002,-0.9500000000000001,0.925,0.975
847,0.16666666666666663,0.9249999999999999,0.875,0.7583333333333333,0.1583333333333333,-0.7891406249999999,-0.9749999999999999,0.925,0.875
848,0.19999999999999998,0.9750000000000001,0.9500000000000001,0.7750000000000001,0.13749999999999998,-0.9262500000000001,-1.0,0.9500000000000001,0.9750000000000001
849,0.12083333333333336,0.9333333333333332,0.9,0.8124999999999999,0.13333333333333333,-0.8116875000000001,-0.9,0.9750000000000001,0.925
850,0.09583333333333333,0.9499999999999998,0.95,0.8541666666666665,0.14583333333333331,-0.8573749999999999,-0.95,0.95,0.95
851,0.21249999999999994,0.9416666666666668,0.925,0.7291666666666669,0.1125,-0.8348125,-0.925,0.95,0.95
852,0.07499999999999998,0.9583333333333334,0.95,0.8833333333333334,0.11666666666666665,-0.8799375,-0.9750000000000001,0.9500000000000001,0.95
853,0.15833333333333333,0.9333333333333335,0.85,0.7750000000000001,0.12916666666666665,-0.8075000000000001,-0.9500000000000002,1.0,0.85
854,0.09166666666666667,0.9583333333333334,0.95,0.8666666666666667,0.14583333333333331,-0.8799374999999999,-0.95,0.9750000000000001,0.95
855,0.05000000000000001,0.9833333333333334,0.975,0.9333333333333333,0.1625,-0.9506249999999999,-0.975,1.0,0.975
856,0.075,0.8916666666666666,0.85,0.8166666666666667,0.15,-0.7076250000000001,-0.85,0.925,0.9
857,0.125,0.8916666666666666,0.875,0.7666666666666666,0.15416666666666665,-0.7087499999999999,-0.9,0.875,0.8999999999999999
858,0.09166666666666667,0.9500000000000001,0.9,0.8583333333333334,0.15416666666666667,-0.8550000000000002,-0.9,0.9500000000000002,1.0
859,0.08333333333333333,0.8916666666666666,0.875,0.8083333333333332,0.15416666666666665,-0.708203125,-0.875,0.875,0.925
860,0.12916666666666668,0.975,0.95,0.8458333333333333,0.16666666666666666,-0.92625,-1.0,0.9750000000000001,0.95
861,0.04583333333333334,0.9666666666666668,0.925,0.9208333333333334,0.09166666666666667,-0.9018750000000001,-1.0,0.9750000000000001,0.925
862,0.12499999999999996,0.9583333333333334,0.925,0.8333333333333334,0.08749999999999998,-0.8787500000000003,-0.9500000000000002,0.925,1.0
863,0.13333333333333333,0.9499999999999998,0.8999999999999999,0.8166666666666665,0.09583333333333333,-0.8549999999999999,-0.95,0.8999999999999999,1.0
864,0.15000000000000002,0.9500000000000001,0.925,0.8,0.1791666666666667,-0.85678125,-0.9750000000000001,0.925,0.95
865,0.10416666666666664,0.9166666666666666,0.875,0.8125,0.1125,-0.76890625,-0.875,0.925,0.95
866,0.18333333333333332,0.9666666666666668,0.95,0.7833333333333334,0.2041666666666667,-0.9030937500000001,-0.95,0.9750000000000001,0.9750000000000001
867,0.1416666666666667,0.9083333333333333,0.875,0.7666666666666666,0.225,-0.7464843750000001,-0.875,0.9750000000000001,0.875
868,0.08333333333333331,0.9583333333333334,0.925,0.875,0.14166666666666666,-0.879328125,-0.975,0.925,0.9750000000000001
869,0.12916666666666665,0.9583333333333334,0.9249999999999999,0.8291666666666667,0.13333333333333333,-0.8787499999999999,-0.95,1.0,0.9249999999999999
870,0.1041666666666667,0.9,0.875,0.7958333333333333,0.13333333333333333,-0.72734375,-0.95,0.875,0.875
871,0.09166666666666666,0.9083333333333333,0.9,0.8166666666666667,0.18333333333333335,-0.7492500000000001,-0.9,0.9000000000000001,0.9249999999999999
872,0.1375,0.9500000000000001,0.9,0.8125,0.13749999999999998,-0.8555625,-0.9749999999999999,0.9750000000000001,0.9
873,0.12083333333333335,0.9500000000000002,0.9000000000000001,0.8291666666666668,0.13749999999999998,-0.8555625000000002,-0.9750000000000001,0.975,0.9000000000000001
874,0.06666666666666665,0.9583333333333334,0.925,0.8916666666666667,0.12916666666666668,-0.8793281250000002,-0.9750000000000001,0.9750000000000001,0.925
875,0.09999999999999998,0.9416666666666668,0.925,0.8416666666666668,0.125,-0.8348125000000002,-0.9500000000000001,0.9500000000000002,0.925
876,0.1125,0.9333333333333332,0.9000000000000001,0.8208333333333332,0.05833333333333334,-0.8116875000000001,-0.9000000000000001,0.975,0.925
877,0.13749999999999998,0.9500000000000001,0.8999999999999999,0.8125000000000001,0.125,-0.8555625,-0.975,0.8999999999999999,0.9750000000000001
878,0.09166666666666667,0.9250000000000002,0.9000000000000001,0.8333333333333335,0.1875,-0.7908750000000001,-0.925,0.9000000000000001,0.95
879,0.04583333333333333,0.9833333333333334,0.9750000000000001,0.9375000000000001,0.10416666666666667,-0.9506250000000002,-1.0,0.9750000000000001,0.9750000000000001
880,0.09999999999999998,0.9499999999999998,0.925,0.8499999999999999,0.07083333333333335,-0.8567812499999999,-0.95,0.975,0.925
881,0.15,0.9,0.875,0.75,0.09166666666666667,-0.7284375000000001,-0.925,0.875,0.9
882,0.09999999999999998,0.975,0.9500000000000001,0.875,0.10416666666666667,-0.9262499999999999,-0.9500000000000001,1.0,0.9749999999999999
883,0.07916666666666666,0.9249999999999999,0.8999999999999999,0.8458333333333332,0.15833333333333333,-0.78975,-0.8999999999999999,0.8999999999999999,0.9750000000000001
884,0.09166666666666667,0.9333333333333335,0.925,0.8416666666666668,0.1791666666666667,-0.8128437500000003,-0.925,0.9500000000000002,0.925
885,0.12916666666666668,0.9500000000000001,0.925,0.8208333333333334,0.10416666666666667,-0.85678125,-0.9750000000000001,0.95,0.925
886,0.11666666666666668,0.9500000000000001,0.925,0.8333333333333334,0.07083333333333333,-0.8556250000000001,-0.925,0.925,1.0
887,0.1166666666666667,0.9083333333333333,0.85,0.7916666666666666,0.125,-0.7469375,-0.85,0.925,0.9500000000000001
888,0.13333333333333333,0.8833333333333334,0.8500000000000001,0.7500000000000001,0.09999999999999999,-0.6879687500000002,-0.925,0.8500000000000001,0.8750000000000001
889,0.12916666666666665,0.9833333333333334,0.95,0.8541666666666667,0.12083333333333333,-0.95,-0.95,1.0,1.0
890,0.10416666666666663,0.9333333333333332,0.9249999999999999,0.8291666666666666,0.2041666666666667,-0.81284375,-0.9249999999999999,0.95,0.925
891,0.07916666666666665,0.9333333333333332,0.9249999999999999,0.8541666666666666,0.2791666666666667,-0.8128437500000001,-0.9500000000000001,0.925,0.9249999999999999
892,0.10833333333333332,0.9583333333333334,0.95,0.8500000000000001,0.11666666666666663,-0.8799374999999998,-0.95,0.9500000000000001,0.9749999999999999
893,0.125,0.9166666666666666,0.9000000000000001,0.7916666666666666,0.1375,-0.7700625000000001,-0.925,0.9000000000000001,0.9249999999999999
894,0.12499999999999999,0.9583333333333334,0.925,0.8333333333333334,0.09583333333333333,-0.87875,-1.0,0.925,0.95
895,0.07916666666666665,0.9833333333333334,0.95,0.9041666666666668,0.18333333333333335,-0.95,-0.95,1.0,1.0
896,0.07916666666666668,0.9583333333333334,0.8749999999999999,0.8791666666666667,0.06666666666666667,-0.8749999999999999,-0.8749999999999999,1.0,1.0
897,0.08333333333333331,0.9750000000000001,0.9500000000000001,0.8916666666666668,0.12083333333333333,-0.9262500000000001,-0.9750000000000001,0.9500000000000001,1.0
898,0.0708333333333333,0.9083333333333333,0.875,0.8375,0.1708333333333333,-0.748125,-0.875,0.9000000000000001,0.95
899,0.12500000000000003,0.9750000000000001,0.9500000000000001,0.8500000000000001,0.17083333333333336,-0.9262500000000001,-0.9750000000000001,0.9500000000000001,1.0
900,0.12916666666666665,0.9500000000000001,0.875,0.8208333333333334,0.15416666666666667,-0.8531250000000001,-0.875,1.0,0.9750000000000001
901,0.08333333333333333,0.9833333333333333,0.9749999999999999,0.8999999999999999,0.14583333333333334,-0.9506249999999997,-0.9749999999999999,1.0,0.9749999999999999
902,0.12916666666666665,0.9166666666666666,0.8999999999999999,0.7875,0.1333333333333333,-0.7695,-0.9500000000000001,0.8999999999999999,0.8999999999999999
903,0.1458333333333333,0.9333333333333332,0.85,0.7875,0.14166666666666664,-0.8075,-1.0,0.85,0.95
904,0.10416666666666664,0.9833333333333334,0.9749999999999999,0.8791666666666668,0.17499999999999996,-0.9506249999999998,-0.975,1.0,0.9749999999999999
905,0.19999999999999998,0.975,0.975,0.775,0.11666666666666665,-0.926859375,-0.975,0.975,0.9750000000000001
906,0.125,0.975,0.95,0.85,0.18333333333333335,-0.9262499999999999,-1.0,0.95,0.975
907,0.10833333333333335,0.9416666666666668,0.8999999999999999,0.8333333333333334,0.14583333333333331,-0.833625,-0.975,0.8999999999999999,0.95
908,0.19999999999999998,0.9500000000000001,0.9249999999999999,0.7500000000000001,0.21250000000000002,-0.8567812499999999,-0.95,0.9249999999999999,0.975
909,0.12500000000000003,0.9583333333333334,0.95,0.8333333333333334,0.12916666666666665,-0.8799375,-0.95,0.95,0.9750000000000001
910,0.15000000000000002,0.9500000000000001,0.9000000000000001,0.8,0.13333333333333333,-0.8550000000000001,-1.0,0.9000000000000001,0.95
911,0.07916666666666665,0.9500000000000001,0.9,0.8708333333333335,0.14583333333333334,-0.8555625000000001,-0.9750000000000001,0.9750000000000001,0.9
912,0.09166666666666667,0.9166666666666666,0.875,0.825,0.08749999999999997,-0.7689062500000001,-0.875,0.925,0.9500000000000001
913,0.08749999999999998,0.9499999999999998,0.95,0.8624999999999998,0.15833333333333335,-0.8573749999999999,-0.95,0.95,0.95
914,0.08333333333333331,0.9583333333333334,0.95,0.875,0.10833333333333334,-0.8799374999999999,-0.9750000000000001,0.95,0.95
915,0.04583333333333336,0.9333333333333332,0.8999999999999999,0.8874999999999998,0.14583333333333334,-0.8116874999999999,-0.975,0.8999999999999999,0.9249999999999999
916,0.0375,0.9583333333333334,0.9500000000000001,0.9208333333333334,0.18333333333333332,-0.8799375,-0.9500000000000001,0.9500000000000001,0.975
917,0.09166666666666663,0.9500000000000001,0.925,0.8583333333333334,0.15000000000000002,-0.8567812500000003,-0.925,0.9500000000000002,0.975
918,0.08333333333333333,0.9249999999999999,0.9,0.8416666666666666,0.14583333333333334,-0.790875,-0.95,0.925,0.9
919,0.09999999999999996,0.9416666666666668,0.925,0.8416666666666668,0.07916666666666668,-0.8342343750000001,-0.925,0.9750000000000001,0.925
920,0.10000000000000002,0.9750000000000001,0.9750000000000001,0.8750000000000001,0.10833333333333332,-0.9268593750000003,-0.9750000000000001,0.9750000000000001,0.9750000000000001
921,0.07083333333333332,0.9583333333333334,0.95,0.8875000000000001,0.1208333333333333,-0.8799374999999998,-0.975,0.95,0.95
922,0.15000000000000002,0.9499999999999998,0.8999999999999999,0.7999999999999998,0.1708333333333333,-0.8549999999999999,-1.0,0.8999999999999999,0.95
923,0.1083333333333333,0.9333333333333335,0.9,0.8250000000000002,0.09583333333333333,-0.81225,-0.95,0.9,0.9500000000000001
924,0.08333333333333333,0.9416666666666668,0.9,0.8583333333333334,0.08333333333333333,-0.8336250000000002,-0.9500000000000001,0.9750000000000001,0.9
925,0.05000000000000002,0.9583333333333334,0.95,0.9083333333333333,0.14583333333333337,-0.8799375,-0.9750000000000001,0.9500000000000001,0.95
926,0.12083333333333335,0.9333333333333335,0.9,0.8125000000000001,0.11666666666666665,-0.8122500000000002,-0.9,0.9500000000000001,0.9500000000000002
927,0.11666666666666665,0.9583333333333334,0.925,0.8416666666666667,0.15000000000000002,-0.8793281250000001,-0.925,0.9750000000000001,0.9750000000000001
928,0.09166666666666663,0.9833333333333334,0.975,0.8916666666666667,0.08750000000000001,-0.950625,-0.9750000000000001,1.0,0.975
929,0.17500000000000002,0.9583333333333334,0.95,0.7833333333333333,0.05416666666666666,-0.8799375000000002,-0.9750000000000001,0.95,0.9500000000000002
930,0.13749999999999998,0.9249999999999999,0.8999999999999999,0.7875,0.14166666666666664,-0.7908749999999999,-0.9249999999999999,0.95,0.8999999999999999
931,0.09166666666666666,0.9,0.85,0.8083333333333333,0.14166666666666664,-0.72675,-0.85,0.9,0.95
932,0.125,0.9583333333333334,0.9500000000000001,0.8333333333333334,0.10416666666666663,-0.8799375000000002,-0.9500000000000001,0.9500000000000001,0.9750000000000001
933,0.09999999999999999,0.9416666666666668,0.925,0.8416666666666668,0.2333333333333333,-0.8348125000000001,-0.95,0.925,0.9500000000000001
934,0.19583333333333333,0.9666666666666668,0.9500000000000001,0.7708333333333335,0.22083333333333333,-0.9030937500000003,-0.9750000000000001,0.9750000000000001,0.9500000000000001
935,0.06666666666666667,0.9666666666666668,0.95,0.9000000000000001,0.15000000000000002,-0.9025,-1.0,0.9500000000000001,0.95
936,0.10833333333333335,0.9500000000000001,0.9249999999999999,0.8416666666666667,0.09583333333333334,-0.85678125,-0.9249999999999999,0.95,0.9750000000000001
937,0.07083333333333332,0.9583333333333334,0.8999999999999999,0.8875000000000001,0.1625,-0.8774999999999998,-1.0,0.8999999999999999,0.9749999999999999
938,0.08333333333333333,0.9499999999999998,0.925,0.8666666666666665,0.1416666666666667,-0.8567812499999999,-0.975,0.925,0.95
939,0.12083333333333335,0.9416666666666668,0.9,0.8208333333333334,0.15416666666666665,-0.8324999999999999,-0.9249999999999999,0.9,1.0
940,0.1458333333333333,0.9416666666666665,0.9249999999999999,0.7958333333333333,0.11666666666666665,-0.8348125,-0.95,0.95,0.9249999999999999
941,0.15833333333333333,0.9583333333333334,0.9249999999999999,0.8,0.18333333333333332,-0.8787499999999999,-0.9249999999999999,1.0,0.95
942,0.17083333333333328,0.9666666666666668,0.925,0.7958333333333335,0.13333333333333336,-0.9018750000000001,-0.9750000000000001,1.0,0.925
943,0.11249999999999999,0.9583333333333335,0.9500000000000001,0.8458333333333334,0.15,-0.8799375000000002,-0.9500000000000001,0.9750000000000001,0.9500000000000001
944,0.12083333333333335,0.9416666666666668,0.925,0.8208333333333334,0.13333333333333333,-0.8348125000000002,-0.9500000000000002,0.925,0.95
945,0.07916666666666665,0.9583333333333334,0.9500000000000001,0.8791666666666668,0.15416666666666667,-0.8799375000000002,-0.9500000000000001,0.9500000000000001,0.9750000000000001
946,0.13749999999999996,0.9500000000000002,0.925,0.8125000000000002,0.21666666666666667,-0.8567812500000002,-0.9500000000000001,0.9750000000000001,0.925
947,0.1125,0.9,0.85,0.7875,0.2041666666666667,-0.7267500000000001,-0.9,0.9500000000000002,0.85
948,0.07083333333333332,0.9166666666666666,0.8499999999999999,0.8458333333333333,0.16666666666666666,-0.7665937499999999,-0.925,0.8499999999999999,0.975
949,0.08333333333333336,0.975,0.9749999999999999,0.8916666666666666,0.16666666666666666,-0.9268593749999998,-0.9749999999999999,0.975,0.975
950,0.07083333333333335,0.9833333333333334,0.975,0.9125000000000001,0.1625,-0.950625,-0.975,0.9750000000000001,1.0
951,0.075,0.9500000000000002,0.95,0.8750000000000002,0.16666666666666666,-0.8573750000000001,-0.9500000000000002,0.9500000000000001,0.95
952,0.10833333333333332,0.9333333333333332,0.925,0.825,0.12500000000000003,-0.8128437500000001,-0.95,0.925,0.925
953,0.15416666666666665,0.9416666666666668,0.875,0.7875000000000001,0.07083333333333333,-0.8317968750000002,-0.875,0.9750000000000001,0.9750000000000001
954,0.09999999999999998,0.9416666666666668,0.875,0.8416666666666668,0.1625,-0.8312499999999999,-1.0,0.95,0.875
955,0.09999999999999999,0.9333333333333332,0.925,0.8333333333333333,0.15416666666666665,-0.8128437500000001,-0.925,0.95,0.925
956,0.17916666666666667,0.9666666666666667,0.95,0.7875,0.15833333333333335,-0.9025,-0.95,1.0,0.9500000000000001
957,0.10833333333333339,0.9333333333333332,0.925,0.8249999999999998,0.13749999999999998,-0.8128437500000001,-0.925,0.925,0.95
958,0.1708333333333333,0.9083333333333333,0.825,0.7375,0.1125,-0.744046875,-0.9249999999999999,0.825,0.9750000000000001
959,0.15416666666666667,0.9499999999999998,0.9249999999999999,0.7958333333333332,0.15833333333333333,-0.855625,-0.9249999999999999,1.0,0.925
960,0.08333333333333333,0.9416666666666668,0.9000000000000001,0.8583333333333334,0.17083333333333336,-0.8325000000000001,-0.9000000000000001,1.0,0.925
961,0.14583333333333334,0.9666666666666667,0.95,0.8208333333333333,0.17500000000000002,-0.9025,-0.95,0.95,1.0
962,0.11666666666666665,0.9416666666666668,0.925,0.8250000000000001,0.08750000000000001,-0.8348125,-0.925,0.95,0.95
963,0.09583333333333331,0.9416666666666668,0.9,0.8458333333333334,0.14166666666666664,-0.8336250000000003,-0.9500000000000002,0.9750000000000001,0.9
964,0.07916666666666668,0.9333333333333332,0.875,0.8541666666666665,0.16249999999999998,-0.8104687499999998,-0.9749999999999999,0.875,0.95
965,0.10416666666666667,0.9333333333333332,0.9,0.8291666666666666,0.13749999999999998,-0.8116875,-0.9,0.9750000000000001,0.9249999999999999
966,0.02083333333333333,0.9666666666666667,0.925,0.9458333333333333,0.10000000000000002,-0.901875,-1.0,0.925,0.975
967,0.06666666666666667,0.9583333333333334,0.925,0.8916666666666667,0.13749999999999998,-0.87875,-0.925,1.0,0.95
968,0.16666666666666666,0.9583333333333334,0.9249999999999999,0.7916666666666667,0.14166666666666666,-0.879328125,-0.9249999999999999,0.9750000000000001,0.9750000000000001
969,0.12083333333333333,0.9750000000000001,0.9500000000000001,0.8541666666666667,0.19583333333333333,-0.9262500000000001,-0.9750000000000001,0.9500000000000001,1.0
970,0.11666666666666665,0.9666666666666668,0.9000000000000001,0.8500000000000001,0.1791666666666666,-0.9000000000000001,-1.0,0.9000000000000001,1.0
971,0.1708333333333333,0.9833333333333334,0.9750000000000001,0.8125000000000001,0.12916666666666665,-0.9506250000000002,-0.9750000000000001,1.0,0.9750000000000001
972,0.07916666666666666,0.9333333333333332,0.8999999999999999,0.8541666666666665,0.14166666666666666,-0.8116874999999999,-0.8999999999999999,0.9750000000000001,0.9249999999999999
973,0.14166666666666664,0.9166666666666666,0.875,0.775,0.25,-0.7689062499999999,-0.9249999999999999,0.95,0.875
974,0.15416666666666665,0.9333333333333335,0.9,0.7791666666666668,0.08750000000000001,-0.8100000000000002,-0.9,0.9000000000000001,1.0
975,0.09583333333333333,0.9666666666666667,0.95,0.8708333333333333,0.12500000000000003,-0.9025,-1.0,0.95,0.95
976,0.13333333333333333,0.9166666666666666,0.8999999999999999,0.7833333333333333,0.10833333333333332,-0.7695,-0.9500000000000001,0.8999999999999999,0.9
977,0.11249999999999998,0.9666666666666668,0.925,0.8541666666666669,0.10833333333333334,-0.9018750000000001,-0.925,0.9750000000000001,1.0
978,0.1208333333333333,0.9583333333333334,0.9,0.8375,0.15,-0.8775000000000001,-0.9,0.9750000000000001,1.0
979,0.08750000000000001,0.9583333333333334,0.95,0.8708333333333333,0.1625,-0.8799375000000002,-0.95,0.9750000000000001,0.9500000000000002
980,0.09999999999999999,0.9833333333333334,0.975,0.8833333333333334,0.16666666666666666,-0.950625,-0.975,1.0,0.9750000000000001
981,0.15833333333333335,0.9416666666666668,0.9249999999999999,0.7833333333333334,0.15,-0.834234375,-0.9249999999999999,0.925,0.975
982,0.0666666666666667,0.9583333333333334,0.95,0.8916666666666667,0.13749999999999998,-0.8799375000000002,-0.9750000000000001,0.9500000000000002,0.95
983,0.125,0.9333333333333332,0.9,0.8083333333333332,0.15,-0.8116875000000001,-0.9,0.9750000000000001,0.925
984,0.1083333333333333,0.9499999999999998,0.925,0.8416666666666666,0.13333333333333333,-0.8567812499999999,-0.925,0.975,0.95
985,0.024999999999999984,0.9666666666666668,0.95,0.9416666666666668,0.1625,-0.9025,-0.9500000000000001,1.0,0.95
986,0.1125,0.9500000000000001,0.9000000000000001,0.8375,0.22083333333333333,-0.8550000000000002,-0.9000000000000001,0.9500000000000001,1.0
987,0.09583333333333333,0.9666666666666668,0.925,0.8708333333333335,0.15833333333333333,-0.9018750000000001,-1.0,0.925,0.9750000000000001
988,0.11666666666666665,0.9416666666666668,0.925,0.8250000000000001,0.1625,-0.8348125,-0.95,0.95,0.925
989,0.09583333333333333,0.9416666666666668,0.9,0.8458333333333334,0.12499999999999996,-0.8336250000000001,-0.95,0.9750000000000001,0.9
990,0.12083333333333335,0.9750000000000001,0.9500000000000001,0.8541666666666667,0.18333333333333335,-0.9262500000000001,-1.0,0.9750000000000001,0.9500000000000001
991,0.10833333333333334,0.9333333333333332,0.875,0.825,0.15833333333333335,-0.81046875,-0.875,0.95,0.9750000000000001
992,0.075,0.9333333333333332,0.925,0.8583333333333333,0.16666666666666666,-0.8128437500000001,-0.925,0.925,0.95
993,0.09583333333333333,0.9249999999999999,0.875,0.8291666666666666,0.12916666666666668,-0.7891406249999999,-0.9749999999999999,0.925,0.875
994,0.17083333333333336,0.9083333333333333,0.8499999999999999,0.7374999999999999,0.13333333333333333,-0.7458750000000001,-0.9750000000000001,0.8499999999999999,0.9000000000000001
995,0.08749999999999998,0.9166666666666666,0.8,0.8291666666666666,0.12916666666666668,-0.7605000000000001,-0.975,0.8,0.9750000000000001
996,0.21666666666666667,0.9416666666666668,0.9249999999999999,0.7250000000000001,0.14583333333333334,-0.8342343750000001,-0.9249999999999999,0.925,0.9750000000000001
997,0.18333333333333335,0.975,0.95,0.7916666666666666,0.15416666666666665,-0.92625,-0.95,0.9750000000000001,1.0
998,0.07916666666666668,0.9666666666666668,0.9500000000000002,0.8875000000000001,0.16666666666666666,-0.9030937500000001,-0.975,0.9500000000000002,0.975
999,0.13333333333333333,0.975,0.95,0.8416666666666667,0.1875,-0.92625,-1.0,0.95,0.9750000000000001
1000,0.1416666666666667,0.9583333333333334,0.95,0.8166666666666667,0.125,-0.8799375000000002,-0.95,0.9500000000000002,0.9750000000000001
1001,0.05416666666666664,0.9833333333333334,0.95,0.9291666666666667,0.08333333333333333,-0.95,-1.0,1.0,0.95
1002,0.10833333333333335,0.975,0.95,0.8666666666666666,0.125,-0.9262499999999998,-1.0,0.95,0.9749999999999999
1003,0.19999999999999998,0.9583333333333334,0.925,0.7583333333333334,0.1625,-0.8793281250000002,-0.9750000000000001,0.9750000000000001,0.925
1004,0.08750000000000002,0.9666666666666668,0.925,0.8791666666666668,0.1208333333333333,-0.9018750000000001,-0.9750000000000001,1.0,0.925
1005,0.11666666666666668,0.9166666666666666,0.9,0.7999999999999999,0.1416666666666667,-0.7700625,-0.9249999999999999,0.9,0.925
1006,0.10416666666666667,0.9500000000000001,0.9249999999999999,0.8458333333333334,0.16666666666666666,-0.8567812500000002,-0.9249999999999999,0.9750000000000001,0.9500000000000002
1007,0.13333333333333333,0.9499999999999998,0.8999999999999999,0.8166666666666665,0.12083333333333333,-0.8549999999999999,-1.0,0.95,0.8999999999999999
1008,0.17083333333333336,0.9416666666666665,0.9,0.7708333333333331,0.14166666666666664,-0.8324999999999999,-1.0,0.9249999999999999,0.9
1009,0.10416666666666663,0.9500000000000001,0.9249999999999999,0.8458333333333334,0.06249999999999998,-0.8567812499999999,-0.95,0.9750000000000001,0.9249999999999999
1010,0.08333333333333333,0.9583333333333334,0.9500000000000001,0.875,0.17499999999999996,-0.8799375,-0.9500000000000001,0.9500000000000002,0.9749999999999999
1011,0.10416666666666667,0.9666666666666668,0.9500000000000001,0.8625000000000002,0.13750000000000004,-0.9030937500000003,-0.9500000000000001,0.9750000000000001,0.9750000000000001
1012,0.04999999999999999,0.9499999999999998,0.925,0.8999999999999999,0.1125,-0.8567812499999999,-0.975,0.95,0.925
1013,0.07916666666666666,0.9500000000000001,0.925,0.8708333333333333,0.13750000000000004,-0.8567812500000003,-0.925,0.9500000000000001,0.9750000000000001
1014,0.09166666666666666,0.9499999999999998,0.9249999999999999,0.8583333333333332,0.10833333333333334,-0.8567812499999999,-0.9249999999999999,0.9750000000000001,0.95
1015,0.07916666666666665,0.9249999999999999,0.9,0.8458333333333333,0.1416666666666667,-0.7908750000000001,-0.925,0.9500000000000001,0.9
1016,0.1125,0.9833333333333334,0.95,0.8708333333333333,0.15416666666666667,-0.95,-0.95,1.0,1.0
1017,0.07083333333333335,0.9750000000000001,0.9750000000000001,0.9041666666666668,0.15833333333333333,-0.9268593750000003,-0.9750000000000001,0.9750000000000001,0.9750000000000001
1018,0.15416666666666665,0.9500000000000001,0.9,0.7958333333333334,0.11666666666666665,-0.8555624999999999,-0.9,0.9749999999999999,0.975
1019,0.09166666666666666,0.9666666666666667,0.95,0.875,0.1333333333333333,-0.9025,-0.95,0.95,1.0
1020,0.06666666666666667,0.9249999999999999,0.9,0.8583333333333333,0.16666666666666666,-0.78975,-0.975,0.9,0.9
1021,0.05833333333333333,0.9499999999999998,0.8999999999999999,0.8916666666666665,0.15416666666666665,-0.8549999999999999,-0.8999999999999999,1.0,0.95
1022,0.09166666666666666,0.9666666666666667,0.925,0.875,0.11249999999999999,-0.901875,-0.925,1.0,0.975
1023,0.06666666666666667,0.9666666666666668,0.925,0.9000000000000001,0.14583333333333334,-0.9018750000000001,-0.9750000000000001,1.0,0.925
1024,0.13749999999999998,0.9500000000000001,0.925,0.8125000000000001,0.12500000000000003,-0.85678125,-0.9750000000000001,0.925,0.95
1025,0.07916666666666666,0.9833333333333334,0.975,0.9041666666666668,0.16666666666666666,-0.950625,-1.0,0.9750000000000001,0.975
1026,0.09999999999999999,0.9500000000000001,0.9,0.8500000000000001,0.16666666666666666,-0.8555625000000001,-0.9750000000000001,0.9,0.9750000000000001
1027,0.075,0.9416666666666665,0.8999999999999999,0.8666666666666666,0.1875,-0.8336249999999997,-0.8999999999999999,0.95,0.9749999999999999
1028,0.14999999999999994,0.9666666666666668,0.925,0.8166666666666669,0.045833333333333316,-0.9018750000000001,-1.0,0.925,0.9750000000000001
1029,0.09583333333333333,0.9750000000000001,0.975,0.8791666666666668,0.15,-0.9268593750000002,-0.9750000000000001,0.975,0.9750000000000001
1030,0.09583333333333334,0.9333333333333335,0.925,0.8375000000000001,0.22083333333333335,-0.8128437500000002,-0.925,0.925,0.9500000000000002
1031,0.041666666666666664,0.9416666666666665,0.8999999999999999,0.8999999999999999,0.15416666666666665,-0.8336249999999998,-0.95,0.8999999999999999,0.975
1032,0.07499999999999997,0.975,0.95,0.9,0.14583333333333334,-0.92625,-0.9750000000000001,0.95,1.0
1033,0.06666666666666667,0.9500000000000001,0.925,0.8833333333333334,0.13749999999999998,-0.85678125,-0.925,0.95,0.975
1034,0.09166666666666663,0.975,0.9749999999999999,0.8833333333333333,0.10416666666666667,-0.9268593749999999,-0.975,0.9750000000000001,0.9749999999999999
1035,0.15,0.9333333333333332,0.875,0.7833333333333332,0.15,-0.8104687500000001,-0.9750000000000001,0.875,0.95
1036,0.0625,0.9333333333333332,0.85,0.8708333333333332,0.10416666666666664,-0.8075,-0.85,0.9500000000000001,1.0
1037,0.1625,0.9499999999999998,0.8999999999999999,0.7874999999999999,0.11666666666666665,-0.8549999999999999,-0.8999999999999999,1.0,0.95
1038,0.07916666666666666,0.9333333333333332,0.875,0.8541666666666665,0.10416666666666664,-0.809375,-0.9249999999999999,1.0,0.875
1039,0.045833333333333344,0.9666666666666668,0.9500000000000002,0.9208333333333334,0.13333333333333333,-0.9030937500000003,-0.9750000000000001,0.9500000000000002,0.975
1040,0.1083333333333333,0.9416666666666668,0.925,0.8333333333333335,0.14583333333333337,-0.8342343750000001,-0.9750000000000001,0.925,0.925
1041,0.10416666666666663,0.9416666666666665,0.8999999999999999,0.8374999999999999,0.10833333333333332,-0.8336249999999998,-0.95,0.975,0.8999999999999999
1042,0.0708333333333333,0.9583333333333334,0.8999999999999999,0.8875000000000001,0.12083333333333335,-0.8775,-1.0,0.9750000000000001,0.8999999999999999
1043,0.045833333333333316,0.9249999999999999,0.8999999999999999,0.8791666666666667,0.14583333333333334,-0.7908749999999998,-0.8999999999999999,0.95,0.9249999999999999
1044,0.09166666666666667,0.9666666666666668,0.925,0.8750000000000001,0.12499999999999999,-0.901875,-1.0,0.975,0.925
1045,0.07916666666666666,0.9333333333333332,0.875,0.8541666666666665,0.11666666666666665,-0.81046875,-0.95,0.875,0.9750000000000001
1046,0.11249999999999999,0.9666666666666668,0.95,0.8541666666666667,0.10416666666666667,-0.9025,-1.0,0.9500000000000001,0.95
1047,0.08750000000000002,0.9083333333333333,0.875,0.8208333333333333,0.15000000000000002,-0.748125,-0.9,0.9500000000000001,0.875
1048,0.06249999999999998,0.9666666666666668,0.95,0.9041666666666668,0.16666666666666666,-0.9025000000000001,-0.95,0.9500000000000002,1.0
1049,0.17499999999999996,0.975,0.925,0.8,0.15416666666666667,-0.925,-1.0,1.0,0.925
1050,0.14166666666666666,0.9666666666666668,0.95,0.8250000000000002,0.18333333333333335,-0.90309375,-0.975,0.9750000000000001,0.95
1051,0.07083333333333335,0.9916666666666667,0.975,0.9208333333333334,0.12083333333333335,-0.975,-1.0,0.975,1.0
1052,0.08333333333333333,0.9249999999999999,0.875,0.8416666666666666,0.09166666666666666,-0.7875,-0.9,0.875,1.0
1053,0.06666666666666665,0.9583333333333334,0.95,0.8916666666666667,0.14166666666666666,-0.8799374999999999,-0.9750000000000001,0.95,0.95
1054,0.14166666666666664,0.9500000000000001,0.8999999999999999,0.8083333333333335,0.11666666666666664,-0.8555625,-0.975,0.8999999999999999,0.9750000000000001
1055,0.09999999999999998,0.9583333333333334,0.95,0.8583333333333334,0.13749999999999998,-0.8799375,-0.9500000000000001,0.9750000000000001,0.95
1056,0.11666666666666665,0.9833333333333334,0.975,0.8666666666666667,0.12916666666666665,-0.950625,-0.9750000000000001,0.975,1.0
1057,0.06666666666666667,0.9416666666666668,0.9249999999999999,0.8750000000000001,0.08333333333333333,-0.8348124999999998,-0.9249999999999999,0.95,0.95
1058,0.09166666666666663,0.9666666666666667,0.95,0.875,0.1416666666666667,-0.9025,-1.0,0.95,0.95
1059,0.09583333333333333,0.975,0.95,0.8791666666666667,0.12083333333333333,-0.9262499999999999,-1.0,0.975,0.95
1060,0.08750000000000002,0.9500000000000002,0.925,0.8625000000000002,0.15,-0.8567812500000002,-0.9750000000000001,0.9500000000000001,0.925
1061,0.12916666666666668,0.9416666666666668,0.925,0.8125000000000001,0.17500000000000002,-0.8342343750000001,-0.9750000000000001,0.925,0.925
1062,0.09166666666666663,0.9583333333333334,0.9249999999999999,0.8666666666666667,0.1708333333333333,-0.879328125,-0.9750000000000001,0.975,0.9249999999999999
1063,0.08750000000000001,0.9499999999999998,0.95,0.8624999999999998,0.2125,-0.8573749999999999,-0.95,0.95,0.95
1064,0.0625,0.9666666666666668,0.95,0.9041666666666668,0.09583333333333333,-0.9030937500000001,-0.9750000000000001,0.95,0.9750000000000001
1065,0.14166666666666664,0.9333333333333332,0.9249999999999999,0.7916666666666666,0.14166666666666664,-0.81284375,-0.9249999999999999,0.95,0.925
1066,0.07916666666666665,0.9083333333333332,0.85,0.8291666666666666,0.15833333333333333,-0.7469374999999999,-0.85,0.925,0.95
1067,0.12499999999999996,0.9250000000000002,0.875,0.8000000000000002,0.14166666666666666,-0.7896875,-0.9500000000000001,0.875,0.95
1068,0.1208333333333333,0.9166666666666666,0.9,0.7958333333333333,0.1708333333333333,-0.7700625000000001,-0.9,0.925,0.925
1069,0.15416666666666667,0.9416666666666668,0.925,0.7875000000000001,0.09583333333333333,-0.8348125,-0.925,0.95,0.95
1070,0.16250000000000006,0.9666666666666668,0.95,0.8041666666666667,0.12499999999999999,-0.9025,-1.0,0.9500000000000001,0.95
1071,0.09583333333333334,0.9666666666666668,0.9500000000000001,0.8708333333333335,0.13333333333333333,-0.9025000000000002,-0.9500000000000002,0.9500000000000001,1.0
1072,0.11249999999999998,0.9666666666666668,0.9500000000000001,0.8541666666666669,0.1875,-0.9030937500000003,-0.9500000000000001,0.9750000000000001,0.9750000000000001
1073,0.08333333333333331,0.9666666666666667,0.95,0.8833333333333333,0.10833333333333332,-0.9030937499999999,-0.9749999999999999,0.9750000000000001,0.95
1074,0.15,0.9416666666666668,0.925,0.7916666666666667,0.14166666666666666,-0.8348125,-0.95,0.95,0.925
1075,0.09583333333333333,0.9666666666666668,0.925,0.8708333333333335,0.1208333333333333,-0.9018750000000001,-0.925,0.9750000000000001,1.0
1076,0.07916666666666666,0.9583333333333334,0.9,0.8791666666666667,0.19583333333333333,-0.8775,-0.9,0.975,1.0
1077,0.14166666666666672,0.9583333333333334,0.875,0.8166666666666667,0.07916666666666668,-0.875,-1.0,0.875,1.0
1078,0.12499999999999996,0.9583333333333334,0.925,0.8333333333333334,0.13333333333333333,-0.879328125,-0.975,0.925,0.9750000000000001
1079,0.11666666666666665,0.9583333333333335,0.9500000000000002,0.8416666666666668,0.14583333333333334,-0.8799375000000004,-0.9500000000000002,0.9500000000000002,0.9750000000000001
1080,0.12500000000000003,0.9416666666666668,0.925,0.8166666666666668,0.13333333333333333,-0.8348125,-0.95,0.9500000000000001,0.925
1081,0.08750000000000002,0.9416666666666668,0.8999999999999999,0.8541666666666667,0.12916666666666668,-0.833625,-0.9750000000000001,0.8999999999999999,0.95
1082,0.075,0.9333333333333332,0.875,0.8583333333333333,0.1416666666666667,-0.81046875,-0.875,0.95,0.975
1083,0.10833333333333332,0.9500000000000002,0.925,0.8416666666666669,0.1875,-0.8567812500000002,-0.9750000000000001,0.9500000000000001,0.925
1084,0.07916666666666666,0.9333333333333332,0.8999999999999999,0.8541666666666665,0.125,-0.8122499999999999,-0.95,0.95,0.8999999999999999
1085,0.12083333333333333,0.9416666666666668,0.875,0.8208333333333334,0.11666666666666665,-0.8312500000000002,-0.9500000000000002,0.875,1.0
1086,0.10416666666666663,0.9666666666666668,0.95,0.8625000000000002,0.08750000000000002,-0.9030937500000001,-0.9750000000000001,0.9750000000000001,0.95
1087,0.08333333333333333,0.9750000000000001,0.975,0.8916666666666667,0.15416666666666667,-0.9268593750000002,-0.975,0.9750000000000001,0.9750000000000001
1088,0.07500000000000002,0.975,0.95,0.8999999999999999,0.08749999999999998,-0.9262499999999999,-1.0,0.95,0.975
1089,0.12916666666666668,0.9916666666666667,0.9750000000000001,0.8625,0.19583333333333333,-0.9750000000000001,-1.0,1.0,0.9750000000000001
1090,0.08749999999999998,0.9666666666666668,0.925,0.8791666666666668,0.12499999999999999,-0.901875,-1.0,0.975,0.925
1091,0.06666666666666667,0.9666666666666667,0.9500000000000001,0.9,0.18333333333333335,-0.90309375,-0.9500000000000001,0.9749999999999999,0.9750000000000001
1092,0.058333333333333355,0.9583333333333334,0.925,0.9,0.13333333333333333,-0.8793281250000002,-0.9750000000000001,0.9750000000000001,0.925
1093,0.1583333333333333,0.9500000000000001,0.925,0.7916666666666667,0.16666666666666666,-0.85678125,-0.9750000000000001,0.95,0.925
1094,0.05416666666666667,0.9416666666666668,0.8999999999999999,0.8875000000000001,0.16250000000000003,-0.833625,-0.9750000000000001,0.95,0.8999999999999999
1095,0.12083333333333333,0.9666666666666668,0.95,0.8458333333333334,0.09999999999999998,-0.9025,-0.9500000000000001,1.0,0.95
1096,0.08333333333333336,0.9583333333333334,0.925,0.875,0.19999999999999998,-0.87875,-0.925,0.95,1.0
1097,0.10833333333333335,0.9250000000000002,0.875,0.8166666666666668,0.1375,-0.7891406250000002,-0.875,0.9750000000000001,0.925
1098,0.14583333333333334,0.9416666666666668,0.925,0.7958333333333334,0.125,-0.8342343750000002,-0.925,0.925,0.9750000000000001
1099,0.19166666666666665,0.9333333333333332,0.875,0.7416666666666666,0.08333333333333333,-0.8104687500000001,-0.95,0.9750000000000001,0.875
1100,0.049999999999999996,0.9416666666666668,0.925,0.8916666666666667,0.1708333333333333,-0.8348125,-0.95,0.925,0.95
1101,0.05000000000000001,0.9499999999999998,0.9,0.8999999999999998,0.12083333333333333,-0.855,-0.9,1.0,0.95
1102,0.12916666666666665,0.9333333333333332,0.925,0.8041666666666666,0.15416666666666667,-0.8128437500000001,-0.925,0.95,0.925
1103,0.06249999999999999,0.9500000000000001,0.95,0.8875000000000001,0.09583333333333334,-0.857375,-0.9500000000000001,0.9500000000000001,0.95
1104,0.08333333333333333,0.9833333333333334,0.9750000000000001,0.9,0.12916666666666668,-0.9506250000000002,-0.9750000000000001,0.9750000000000001,1.0
1105,0.05833333333333333,0.975,0.925,0.9166666666666666,0.06250000000000001,-0.925,-1.0,1.0,0.925
1106,0.17916666666666667,0.975,0.95,0.7958333333333333,0.15833333333333335,-0.92625,-1.0,0.9750000000000001,0.95
1107,0.10833333333333335,0.9666666666666668,0.925,0.8583333333333334,0.1208333333333333,-0.9018750000000001,-0.925,0.9750000000000001,1.0
1108,0.09583333333333333,0.9333333333333332,0.9249999999999999,0.8374999999999999,0.054166666666666675,-0.8128437500000001,-0.9249999999999999,0.9500000000000001,0.925
1109,0.07499999999999997,0.9500000000000002,0.95,0.8750000000000002,0.12499999999999999,-0.8573750000000002,-0.9500000000000002,0.9500000000000002,0.95
1110,0.07916666666666665,0.9500000000000001,0.9,0.8708333333333335,0.17500000000000002,-0.8555625000000001,-0.9750000000000001,0.975,0.9
1111,0.09166666666666663,0.9333333333333332,0.9,0.8416666666666666,0.1625,-0.8116874999999999,-0.9,0.975,0.9249999999999999
1112,0.10833333333333335,0.9416666666666668,0.925,0.8333333333333334,0.16666666666666666,-0.8348125000000002,-0.9500000000000002,0.925,0.95
1113,0.1166666666666667,0.9500000000000001,0.8999999999999999,0.8333333333333334,0.13333333333333336,-0.8555625,-0.8999999999999999,0.9750000000000001,0.9750000000000001
1114,0.03749999999999999,0.9499999999999998,0.925,0.9124999999999999,0.09166666666666669,-0.8567812499999999,-0.95,0.925,0.9749999999999999
1115,0.12500000000000003,0.9833333333333334,0.95,0.8583333333333334,0.125,-0.95,-1.0,1.0,0.95
1116,0.1208333333333333,0.9750000000000001,0.9750000000000001,0.8541666666666667,0.15833333333333335,-0.9268593750000003,-0.9750000000000001,0.9750000000000001,0.9750000000000001
1117,0.1541666666666667,0.9416666666666668,0.875,0.7875000000000001,0.1791666666666667,-0.8312499999999999,-0.95,1.0,0.875
1118,0.09583333333333328,0.9166666666666666,0.875,0.8208333333333333,0.125,-0.76890625,-0.925,0.875,0.95
1119,0.11249999999999999,0.9500000000000001,0.925,0.8375000000000001,0.20416666666666664,-0.8556250000000001,-1.0,0.925,0.925
1120,0.075,0.9666666666666668,0.95,0.8916666666666668,0.10416666666666667,-0.9025,-0.9500000000000001,1.0,0.95
1121,0.17500000000000002,0.975,0.95,0.7999999999999999,0.12916666666666668,-0.92625,-0.9750000000000001,1.0,0.95
1122,0.12500000000000003,0.9333333333333335,0.9000000000000001,0.8083333333333335,0.10833333333333335,-0.8116875000000001,-0.9249999999999999,0.9000000000000001,0.9750000000000001
1123,0.06666666666666665,0.975,0.95,0.9083333333333333,0.13333333333333333,-0.92625,-0.9750000000000001,1.0,0.95
1124,0.1208333333333333,0.9583333333333334,0.925,0.8375,0.12083333333333333,-0.8787500000000003,-0.925,0.9500000000000002,1.0
1125,0.15000000000000002,0.9416666666666668,0.925,0.7916666666666667,0.10833333333333332,-0.8342343750000001,-0.925,0.9750000000000001,0.925
1126,0.09166666666666666,0.9166666666666666,0.8999999999999999,0.825,0.12083333333333333,-0.7695,-0.9000000000000001,0.95,0.8999999999999999
1127,0.14166666666666664,0.9500000000000001,0.925,0.8083333333333335,0.08333333333333331,-0.8567812500000003,-0.9500000000000001,0.925,0.9750000000000001
1128,0.11666666666666663,0.9416666666666668,0.875,0.8250000000000002,0.13749999999999998,-0.8312500000000002,-0.9500000000000002,0.875,1.0
1129,0.06666666666666665,0.9583333333333334,0.9500000000000001,0.8916666666666667,0.225,-0.8799374999999999,-0.9500000000000001,0.9500000000000001,0.9749999999999999
1130,0.1125,0.8916666666666666,0.825,0.7791666666666666,0.1708333333333333,-0.7038281249999999,-0.975,0.825,0.875
1131,0.10000000000000002,0.9666666666666668,0.9500000000000002,0.8666666666666668,0.11249999999999999,-0.9030937500000003,-0.9500000000000002,0.9750000000000001,0.975
1132,0.09999999999999999,0.8916666666666666,0.825,0.7916666666666666,0.10833333333333334,-0.7053749999999999,-0.95,0.8999999999999999,0.825
1133,0.14583333333333334,0.9583333333333334,0.9,0.8125,0.15416666666666667,-0.8775000000000001,-0.9,0.9750000000000001,1.0
1134,0.17916666666666667,0.9416666666666668,0.875,0.7625000000000001,0.10416666666666667,-0.8317968750000002,-0.875,0.9750000000000001,0.9750000000000001
1135,0.09166666666666667,0.9833333333333334,0.9750000000000001,0.8916666666666667,0.19166666666666668,-0.9506250000000002,-0.9750000000000001,1.0,0.9750000000000001
1136,0.12916666666666665,0.9500000000000001,0.925,0.8208333333333334,0.11666666666666664,-0.85678125,-0.95,0.925,0.975
1137,0.03333333333333332,0.9416666666666668,0.8999999999999999,0.9083333333333334,0.16666666666666663,-0.833625,-0.8999999999999999,0.9750000000000001,0.95
1138,0.07499999999999998,0.9916666666666667,0.9750000000000001,0.9166666666666667,0.1041666666666667,-0.9750000000000001,-1.0,0.9750000000000001,1.0
1139,0.08749999999999998,0.9666666666666668,0.95,0.8791666666666668,0.15,-0.90309375,-0.975,0.9750000000000001,0.95
1140,0.08750000000000001,0.9416666666666668,0.9000000000000001,0.8541666666666667,0.125,-0.8336250000000001,-0.9000000000000001,0.975,0.95
1141,0.10416666666666667,0.975,0.95,0.8708333333333333,0.15833333333333333,-0.92625,-0.95,1.0,0.9750000000000001
1142,0.11249999999999998,0.9416666666666668,0.925,0.8291666666666668,0.10416666666666667,-0.8342343750000002,-0.925,0.925,0.9750000000000001
1143,0.1375,0.9333333333333332,0.875,0.7958333333333332,0.125,-0.8093750000000001,-1.0,0.875,0.925
1144,0.1333333333333333,0.975,0.95,0.8416666666666667,0.22499999999999998,-0.92625,-1.0,0.95,0.9750000000000001
1145,0.07083333333333335,0.9416666666666668,0.875,0.8708333333333335,0.14583333333333334,-0.83125,-0.9500000000000001,0.875,1.0
1146,0.09583333333333334,0.9499999999999998,0.95,0.8541666666666665,0.13333333333333333,-0.8573749999999999,-0.95,0.95,0.95
1147,0.062499999999999965,0.9416666666666668,0.9249999999999999,0.8791666666666668,0.1458333333333333,-0.8348125000000001,-0.9249999999999999,0.9500000000000002,0.95
1148,0.09583333333333334,0.9416666666666668,0.9,0.8458333333333334,0.12916666666666665,-0.8336250000000002,-0.9500000000000001,0.9750000000000001,0.9
1149,0.08333333333333333,0.9416666666666668,0.875,0.8583333333333334,0.12083333333333335,-0.83125,-0.875,0.9500000000000001,1.0
1150,0.10416666666666664,0.9500000000000001,0.925,0.8458333333333334,0.15,-0.8567812500000002,-0.95,0.925,0.9750000000000001
1151,0.13333333333333333,0.9500000000000001,0.9,0.8166666666666668,0.23750000000000002,-0.8550000000000002,-0.9,0.9500000000000002,1.0
1152,0.09583333333333328,0.9416666666666668,0.8999999999999999,0.8458333333333334,0.12083333333333335,-0.8324999999999999,-1.0,0.925,0.8999999999999999
1153,0.09583333333333334,0.9666666666666668,0.9500000000000001,0.8708333333333335,0.1125,-0.9030937500000003,-0.9750000000000001,0.9500000000000001,0.9750000000000001
1154,0.1041666666666667,0.9583333333333334,0.925,0.8541666666666666,0.1708333333333333,-0.87875,-0.925,1.0,0.95
1155,0.1375,0.9666666666666667,0.9249999999999999,0.8291666666666666,0.09583333333333334,-0.9018749999999999,-0.975,0.9249999999999999,1.0
1156,0.0708333333333333,0.9416666666666668,0.925,0.8708333333333335,0.16666666666666666,-0.834234375,-0.9749999999999999,0.925,0.925
1157,0.1333333333333333,0.9583333333333334,0.95,0.8250000000000001,0.12916666666666665,-0.8799374999999999,-0.95,0.9750000000000001,0.95
1158,0.1208333333333333,0.9250000000000002,0.8999999999999999,0.8041666666666668,0.10000000000000002,-0.7897500000000001,-0.8999999999999999,0.9750000000000001,0.9000000000000001
1159,0.08333333333333333,0.9750000000000001,0.975,0.8916666666666667,0.15,-0.926859375,-0.9750000000000001,0.975,0.975
1160,0.13750000000000004,0.9249999999999999,0.8999999999999999,0.7874999999999999,0.09999999999999999,-0.790875,-0.9500000000000001,0.925,0.8999999999999999
1161,0.15833333333333335,0.9583333333333334,0.925,0.8,0.10000000000000002,-0.87875,-0.95,0.925,1.0
1162,0.12499999999999999,0.9416666666666668,0.875,0.8166666666666668,0.15000000000000002,-0.831796875,-0.9750000000000001,0.975,0.875
1163,0.075,0.9333333333333332,0.9249999999999999,0.8583333333333333,0.075,-0.81284375,-0.95,0.9249999999999999,0.925
1164,0.05833333333333333,0.9416666666666668,0.8499999999999999,0.8833333333333334,0.1125,-0.8287499999999999,-0.975,1.0,0.8499999999999999
1165,0.10416666666666667,0.9500000000000002,0.9000000000000001,0.8458333333333335,0.15833333333333335,-0.8555625000000002,-0.9000000000000001,0.9750000000000001,0.9750000000000001
1166,0.13333333333333333,0.9416666666666668,0.875,0.8083333333333335,0.12083333333333333,-0.8312499999999999,-1.0,0.95,0.875
1167,0.08333333333333336,0.9500000000000001,0.925,0.8666666666666667,0.1458333333333333,-0.85678125,-0.925,0.9750000000000001,0.95
1168,0.12083333333333335,0.9250000000000002,0.8500000000000001,0.8041666666666668,0.1416666666666667,-0.7862500000000001,-1.0,0.8500000000000001,0.925
1169,0.1208333333333333,0.9416666666666668,0.925,0.8208333333333334,0.17499999999999996,-0.8342343750000002,-0.925,0.925,0.9750000000000001
1170,0.09166666666666667,0.9666666666666668,0.925,0.8750000000000001,0.1625,-0.9018750000000001,-1.0,0.925,0.9750000000000001
1171,0.11249999999999999,0.9833333333333334,0.95,0.8708333333333333,0.13749999999999998,-0.95,-1.0,1.0,0.95
1172,0.10000000000000002,0.9166666666666666,0.875,0.8166666666666667,0.15,-0.76890625,-0.925,0.95,0.875
1173,0.07083333333333333,0.9583333333333334,0.95,0.8875000000000001,0.14166666666666666,-0.8799375,-0.9750000000000001,0.9500000000000001,0.95
1174,0.07916666666666666,0.9583333333333334,0.9,0.8791666666666667,0.17500000000000002,-0.8775,-0.975,0.9,1.0
1175,0.10416666666666667,0.9666666666666668,0.95,0.8625000000000002,0.1708333333333333,-0.9025000000000001,-0.95,0.9500000000000002,1.0
1176,0.09583333333333333,0.9583333333333334,0.9,0.8625,0.13333333333333333,-0.8775000000000001,-0.9,1.0,0.9750000000000001
1177,0.0583333333333333,0.9583333333333334,0.925,0.9,0.15000000000000002,-0.8793281250000001,-0.975,0.9750000000000001,0.925
1178,0.12916666666666668,0.975,0.95,0.8458333333333333,0.17500000000000002,-0.92625,-0.95,0.9750000000000001,1.0
1179,0.12916666666666668,0.9666666666666667,0.95,0.8375,0.10416666666666667,-0.9025,-1.0,0.95,0.95
1180,0.04583333333333334,0.975,0.95,0.9291666666666667,0.0625,-0.9262499999999999,-0.95,1.0,0.975
1181,0.13749999999999998,0.9250000000000002,0.8999999999999999,0.7875000000000002,0.17499999999999996,-0.790875,-0.9500000000000001,0.8999999999999999,0.925
1182,0.14583333333333334,0.9666666666666668,0.925,0.8208333333333334,0.12916666666666668,-0.9018750000000001,-0.9750000000000001,0.925,1.0
1183,0.06666666666666667,0.9750000000000001,0.9750000000000001,0.9083333333333334,0.13333333333333333,-0.9268593750000003,-0.9750000000000001,0.9750000000000001,0.9750000000000001
1184,0.11249999999999998,0.975,0.95,0.8625,0.14583333333333334,-0.92625,-0.9750000000000001,1.0,0.95
1185,0.1125,0.9583333333333334,0.95,0.8458333333333333,0.1208333333333333,-0.8799374999999999,-0.95,0.9750000000000001,0.95
1186,0.04583333333333333,0.9499999999999998,0.95,0.9041666666666666,0.05000000000000001,-0.8573749999999999,-0.95,0.9500000000000001,0.95
1187,0.07083333333333333,0.9249999999999999,0.875,0.8541666666666666,0.1625,-0.7896875,-0.95,0.95,0.875
1188,0.12083333333333335,0.9583333333333334,0.925,0.8375,0.15833333333333335,-0.87875,-1.0,0.925,0.95
1189,0.11666666666666665,0.975,0.9500000000000001,0.8583333333333333,0.1625,-0.9262499999999999,-0.9749999999999999,0.9500000000000001,1.0
1190,0.11666666666666663,0.9583333333333334,0.95,0.8416666666666668,0.16666666666666666,-0.8799374999999998,-0.9749999999999999,0.9500000000000001,0.95
1191,0.06250000000000001,0.9583333333333334,0.925,0.8958333333333334,0.125,-0.87875,-0.95,0.925,1.0
1192,0.07916666666666665,0.9583333333333334,0.95,0.8791666666666668,0.17083333333333336,-0.8799374999999998,-0.95,0.9500000000000001,0.9749999999999999
1193,0.12499999999999999,0.9666666666666667,0.925,0.8416666666666667,0.1875,-0.901875,-0.975,0.925,1.0
1194,0.12916666666666668,0.9416666666666668,0.925,0.8125000000000001,0.12083333333333335,-0.8342343750000001,-0.925,0.925,0.975
1195,0.12499999999999996,0.9750000000000001,0.975,0.8500000000000001,0.17916666666666667,-0.9268593750000002,-0.9750000000000001,0.975,0.9750000000000001
1196,0.08333333333333336,0.9583333333333334,0.925,0.875,0.1791666666666667,-0.8793281250000001,-0.9750000000000001,0.925,0.9750000000000001
1197,0.08750000000000002,0.9333333333333332,0.875,0.8458333333333332,0.12916666666666668,-0.81046875,-0.95,0.975,0.875
1198,0.08750000000000001,0.9583333333333334,0.95,0.8708333333333333,0.12916666666666665,-0.8799374999999999,-0.95,0.9750000000000001,0.95
1199,0.06666666666666665,0.9583333333333334,0.925,0.8916666666666667,0.1416666666666667,-0.87875,-0.925,1.0,0.95
1200,0.13749999999999998,0.9333333333333332,0.875,0.7958333333333333,0.12916666666666665,-0.81046875,-0.875,0.975,0.95
1201,0.11250000000000003,0.9499999999999998,0.925,0.8374999999999998,0.14583333333333334,-0.8567812499999998,-0.9749999999999999,0.95,0.925
1202,0.08749999999999998,0.9166666666666666,0.9,0.8291666666666666,0.12083333333333333,-0.7700625000000001,-0.925,0.925,0.9
1203,0.06666666666666668,0.9666666666666667,0.95,0.9,0.08333333333333333,-0.9025,-1.0,0.95,0.95
1204,0.125,0.9250000000000002,0.8250000000000001,0.8000000000000002,0.14166666666666666,-0.7837500000000002,-0.8250000000000001,1.0,0.9500000000000001
1205,0.07083333333333335,0.9833333333333334,0.975,0.9125000000000001,0.10416666666666664,-0.950625,-0.9750000000000001,1.0,0.975
1206,0.12916666666666662,0.975,0.95,0.8458333333333333,0.15,-0.9262499999999998,-0.95,0.9749999999999999,1.0
1207,0.12083333333333335,0.9166666666666666,0.875,0.7958333333333333,0.14583333333333334,-0.7678124999999999,-0.9749999999999999,0.875,0.8999999999999999
1208,0.05833333333333334,0.9333333333333332,0.925,0.8749999999999999,0.1625,-0.8128437500000001,-0.925,0.925,0.95
1209,0.1375,0.9500000000000001,0.875,0.8125,0.07916666666666665,-0.8531250000000001,-0.9750000000000001,1.0,0.875
1210,0.10000000000000002,0.9583333333333334,0.95,0.8583333333333334,0.12916666666666668,-0.8799374999999999,-0.95,0.9750000000000001,0.95
1211,0.11250000000000003,0.9416666666666665,0.9249999999999999,0.8291666666666665,0.10000000000000002,-0.834234375,-0.9249999999999999,0.9750000000000001,0.9249999999999999
1212,0.17916666666666667,0.9666666666666668,0.9500000000000001,0.7875000000000001,0.09166666666666667,-0.9030937500000001,-0.975,0.9750000000000001,0.9500000000000001
1213,0.14583333333333334,0.975,0.95,0.8291666666666666,0.07916666666666666,-0.92625,-1.0,0.95,0.9750000000000001
1214,0.16666666666666666,0.9250000000000002,0.9,0.7583333333333335,0.12083333333333333,-0.790875,-0.9,0.95,0.925
1215,0.10833333333333335,0.9249999999999999,0.9,0.8166666666666665,0.1375,-0.790875,-0.925,0.95,0.9
1216,0.08749999999999998,0.9583333333333334,0.9249999999999999,0.8708333333333333,0.16666666666666666,-0.8787500000000001,-1.0,0.9500000000000002,0.9249999999999999
1217,0.07916666666666662,0.9333333333333332,0.8999999999999999,0.8541666666666666,0.06666666666666667,-0.8116874999999999,-0.9750000000000001,0.8999999999999999,0.9249999999999999
1218,0.05000000000000001,0.9666666666666667,0.9249999999999999,0.9166666666666666,0.06666666666666667,-0.9018749999999999,-0.9249999999999999,0.975,1.0
1219,0.09583333333333334,0.9416666666666668,0.9249999999999999,0.8458333333333334,0.14583333333333334,-0.8348125000000001,-0.95,0.9500000000000002,0.9249999999999999
1220,0.13333333333333333,0.9333333333333335,0.875,0.8000000000000002,0.15416666666666665,-0.8104687500000002,-0.9750000000000001,0.9500000000000002,0.875
1221,0.05833333333333333,0.9583333333333334,0.9249999999999999,0.9,0.1125,-0.8787499999999999,-0.9249999999999999,1.0,0.95
1222,0.13333333333333333,0.9666666666666668,0.95,0.8333333333333335,0.1958333333333333,-0.9030937500000001,-0.95,0.9750000000000001,0.9750000000000001
1223,0.075,0.9083333333333335,0.8500000000000001,0.8333333333333336,0.18333333333333335,-0.7469375000000001,-0.9500000000000001,0.8500000000000001,0.925
1224,0.15416666666666665,0.9750000000000001,0.9500000000000001,0.8208333333333334,0.17916666666666667,-0.9262500000000001,-0.9500000000000001,1.0,0.9750000000000001
1225,0.0833333333333333,0.9583333333333334,0.95,0.8750000000000001,0.1166666666666667,-0.8799374999999999,-0.9750000000000001,0.95,0.95
1226,0.09583333333333333,0.9750000000000001,0.9500000000000001,0.8791666666666668,0.14583333333333334,-0.9262500000000001,-0.9500000000000001,0.9750000000000001,1.0
1227,0.10000000000000002,0.9833333333333334,0.9750000000000001,0.8833333333333334,0.19166666666666668,-0.9506250000000002,-1.0,0.9750000000000001,0.9750000000000001
1228,0.12916666666666668,0.9333333333333332,0.925,0.8041666666666666,0.22083333333333333,-0.8128437500000001,-0.925,0.925,0.95
1229,0.05416666666666667,0.9750000000000001,0.9500000000000001,0.9208333333333334,0.11666666666666665,-0.92625,-0.9500000000000001,1.0,0.975
1230,0.10833333333333334,0.9666666666666668,0.9500000000000001,0.8583333333333334,0.14166666666666664,-0.9025000000000001,-0.9500000000000001,1.0,0.9500000000000001
1231,0.11666666666666668,0.9416666666666668,0.9249999999999999,0.8250000000000001,0.2125,-0.834234375,-0.9750000000000001,0.925,0.9249999999999999
1232,0.09166666666666663,0.9250000000000002,0.9,0.8333333333333335,0.14583333333333334,-0.790875,-0.9,0.925,0.95
1233,0.09999999999999999,0.9416666666666668,0.9,0.8416666666666668,0.1125,-0.8336250000000002,-0.9750000000000001,0.9500000000000001,0.9
1234,0.08749999999999998,0.9500000000000001,0.9000000000000001,0.8625,0.14583333333333334,-0.8555625,-0.9000000000000001,0.9750000000000001,0.9749999999999999
1235,0.09166666666666666,0.9833333333333334,0.975,0.8916666666666667,0.1125,-0.9506249999999999,-0.975,1.0,0.975
1236,0.11249999999999999,0.9833333333333334,0.95,0.8708333333333333,0.10416666666666667,-0.95,-1.0,1.0,0.95
1237,0.04166666666666665,0.9833333333333334,0.9750000000000001,0.9416666666666668,0.05416666666666666,-0.9506250000000002,-0.9750000000000001,0.9750000000000001,1.0
1238,0.14583333333333334,0.9500000000000001,0.925,0.8041666666666667,0.10833333333333332,-0.8567812500000002,-0.95,0.925,0.9750000000000001
1239,0.11666666666666665,0.9333333333333335,0.925,0.8166666666666668,0.1875,-0.8128437500000002,-0.925,0.925,0.9500000000000002
1240,0.16249999999999998,0.9083333333333333,0.825,0.7458333333333333,0.17083333333333336,-0.7440468750000001,-0.9750000000000001,0.825,0.925
1241,0.10416666666666663,0.9666666666666667,0.95,0.8625,0.12916666666666668,-0.9025,-0.95,1.0,0.9500000000000001
1242,0.10416666666666667,0.9500000000000001,0.9000000000000001,0.8458333333333334,0.16249999999999998,-0.8550000000000001,-1.0,0.95,0.9000000000000001
1243,0.1875,0.9916666666666667,0.9750000000000001,0.8041666666666667,0.08333333333333333,-0.9750000000000001,-0.9750000000000001,1.0,1.0
1244,0.075,0.9416666666666668,0.925,0.8666666666666668,0.13333333333333333,-0.8342343750000002,-0.925,0.925,0.9750000000000001
1245,0.05833333333333335,0.975,0.925,0.9166666666666666,0.19166666666666665,-0.925,-0.925,1.0,1.0
1246,0.05416666666666664,0.9333333333333332,0.9249999999999999,0.8791666666666667,0.12083333333333335,-0.81284375,-0.95,0.925,0.9249999999999999
1247,0.10833333333333332,0.975,0.95,0.8666666666666667,0.18749999999999997,-0.92625,-1.0,0.9750000000000001,0.95
1248,0.1125,0.9666666666666668,0.95,0.8541666666666667,0.11249999999999999,-0.9030937500000001,-0.9750000000000001,0.95,0.9750000000000001
1249,0.12083333333333336,0.9166666666666666,0.825,0.7958333333333333,0.17083333333333336,-0.7631249999999999,-0.825,1.0,0.925
1250,0.09999999999999998,0.9416666666666668,0.925,0.8416666666666668,0.10833333333333332,-0.8348125000000001,-0.9500000000000001,0.925,0.95
1251,0.1083333333333333,0.9583333333333334,0.95,0.8500000000000001,0.13333333333333336,-0.8799374999999999,-0.9750000000000001,0.95,0.95
1252,0.07916666666666668,0.9166666666666666,0.8999999999999999,0.8374999999999999,0.15416666666666665,-0.7695,-0.9,0.8999999999999999,0.95
1253,0.1541666666666667,0.9333333333333332,0.9000000000000001,0.7791666666666666,0.041666666666666664,-0.8122500000000001,-0.9500000000000001,0.95,0.9000000000000001
1254,0.07916666666666666,0.9500000000000001,0.925,0.8708333333333333,0.1875,-0.85678125,-0.9500000000000001,0.975,0.925
1255,0.07500000000000001,0.975,0.95,0.8999999999999999,0.16666666666666666,-0.92625,-0.9750000000000001,0.95,1.0
1256,0.0791666666666667,0.9583333333333334,0.925,0.8791666666666667,0.15416666666666667,-0.8793281250000001,-0.925,0.9750000000000001,0.9750000000000001
1257,0.12916666666666665,0.9416666666666668,0.925,0.8125000000000001,0.17916666666666667,-0.8348125,-0.95,0.95,0.925
1258,0.10833333333333335,0.975,0.95,0.8666666666666666,0.1208333333333333,-0.9262499999999999,-0.95,1.0,0.975
1259,0.07916666666666668,0.8916666666666666,0.8499999999999999,0.8124999999999999,0.0625,-0.707625,-0.925,0.9,0.8499999999999999
1260,0.09583333333333333,0.975,0.95,0.8791666666666667,0.1375,-0.92625,-0.9750000000000001,0.95,1.0
1261,0.12083333333333335,0.9833333333333334,0.9500000000000002,0.8625,0.1375,-0.9500000000000002,-1.0,1.0,0.9500000000000002
1262,0.09999999999999999,0.9666666666666667,0.95,0.8666666666666667,0.1708333333333333,-0.9025,-0.95,0.95,1.0
1263,0.09999999999999998,0.9249999999999999,0.9,0.825,0.09166666666666667,-0.7908749999999999,-0.95,0.9,0.9249999999999999
1264,0.09999999999999998,0.9500000000000001,0.925,0.8500000000000001,0.17500000000000002,-0.85678125,-0.9750000000000001,0.925,0.95
1265,0.06249999999999999,0.9500000000000001,0.9249999999999999,0.8875000000000001,0.10833333333333332,-0.8567812499999999,-0.95,0.9750000000000001,0.9249999999999999
1266,0.08750000000000002,0.9583333333333334,0.95,0.8708333333333333,0.14583333333333334,-0.8799374999999998,-0.975,0.95,0.95
1267,0.15000000000000002,0.975,0.925,0.825,0.05833333333333335,-0.925,-1.0,1.0,0.925
1268,0.12916666666666665,0.9750000000000001,0.975,0.8458333333333334,0.14166666666666666,-0.9268593750000002,-0.9750000000000001,0.975,0.9750000000000001
1269,0.12916666666666668,0.9499999999999998,0.95,0.8208333333333332,0.125,-0.8573749999999999,-0.9500000000000001,0.95,0.95
1270,0.12500000000000003,0.9750000000000001,0.9500000000000001,0.8500000000000001,0.18333333333333335,-0.9262500000000001,-0.9750000000000001,1.0,0.9500000000000001
1271,0.10416666666666667,0.9583333333333334,0.95,0.8541666666666667,0.12916666666666668,-0.8799375,-0.9750000000000001,0.9500000000000001,0.95
1272,0.09583333333333331,0.9083333333333333,0.9,0.8125,0.15416666666666665,-0.7492500000000001,-0.9000000000000001,0.925,0.9
1273,0.09999999999999999,0.975,0.95,0.875,0.12916666666666662,-0.9262499999999999,-0.95,1.0,0.975
1274,0.10833333333333332,0.9250000000000002,0.9000000000000001,0.8166666666666669,0.15416666666666667,-0.7908750000000001,-0.95,0.9000000000000001,0.925
1275,0.1583333333333333,0.9750000000000001,0.9500000000000001,0.8166666666666668,0.15416666666666667,-0.9262500000000001,-1.0,0.9750000000000001,0.9500000000000001
1276,0.1208333333333333,0.975,0.9500000000000001,0.8541666666666666,0.16666666666666666,-0.9262499999999999,-1.0,0.9500000000000001,0.9749999999999999
1277,0.10416666666666667,0.9083333333333333,0.875,0.8041666666666667,0.09583333333333334,-0.748671875,-0.9249999999999999,0.925,0.875
1278,0.09583333333333333,0.9583333333333334,0.95,0.8625,0.14583333333333334,-0.8799374999999999,-0.95,0.9750000000000001,0.95
1279,0.06666666666666667,0.9583333333333334,0.925,0.8916666666666667,0.14583333333333334,-0.87875,-0.925,1.0,0.95
1280,0.14166666666666664,0.9666666666666668,0.9500000000000002,0.8250000000000002,0.17499999999999996,-0.9030937500000001,-0.9500000000000002,0.9750000000000001,0.9749999999999999
1281,0.15833333333333335,0.9583333333333334,0.95,0.8,0.08333333333333336,-0.8799374999999998,-0.9749999999999999,0.9500000000000001,0.95
1282,0.08750000000000001,0.9500000000000001,0.9249999999999999,0.8625,0.15,-0.85678125,-0.9500000000000001,0.9750000000000001,0.9249999999999999
1283,0.05833333333333333,0.975,0.9500000000000001,0.9166666666666666,0.2125,-0.9262499999999999,-0.9749999999999999,0.9500000000000001,1.0
1284,0.05833333333333331,0.9499999999999998,0.9249999999999999,0.8916666666666665,0.14583333333333334,-0.8567812499999998,-0.9249999999999999,0.975,0.95
1285,0.2041666666666667,0.9583333333333334,0.9,0.7541666666666667,0.13749999999999998,-0.8775,-0.9,0.975,1.0
1286,0.11249999999999998,0.9666666666666667,0.95,0.8541666666666667,0.08333333333333333,-0.9030937499999999,-0.9750000000000001,0.9749999999999999,0.95
1287,0.10416666666666669,0.9583333333333334,0.925,0.8541666666666667,0.12499999999999996,-0.879328125,-0.975,0.925,0.9750000000000001
1288,0.049999999999999996,0.9833333333333334,0.975,0.9333333333333333,0.14583333333333334,-0.950625,-0.975,0.9750000000000001,1.0
1289,0.12083333333333336,0.9333333333333335,0.925,0.8125000000000001,0.1125,-0.8128437500000001,-0.925,0.925,0.9500000000000001
1290,0.08333333333333337,0.9500000000000001,0.9,0.8666666666666667,0.1708333333333333,-0.8550000000000002,-1.0,0.9500000000000002,0.9
1291,0.1416666666666667,0.9500000000000001,0.925,0.8083333333333333,0.09583333333333333,-0.8567812500000002,-0.95,0.925,0.9750000000000001
1292,0.04166666666666665,0.9416666666666668,0.925,0.9000000000000001,0.054166666666666675,-0.834234375,-0.925,0.975,0.925
1293,0.1708333333333333,0.9333333333333332,0.8999999999999999,0.7625,0.11666666666666664,-0.8116875,-0.925,0.8999999999999999,0.9750000000000001
1294,0.1625,0.9416666666666665,0.9249999999999999,0.7791666666666666,0.11666666666666665,-0.834234375,-0.975,0.925,0.9249999999999999
1295,0.08749999999999998,0.9666666666666668,0.925,0.8791666666666668,0.1625,-0.9018750000000001,-0.9750000000000001,0.925,1.0
1296,0.1708333333333333,0.9583333333333334,0.9,0.7875000000000001,0.15833333333333333,-0.8775000000000001,-0.9,1.0,0.9750000000000001
1297,0.10833333333333334,0.9666666666666668,0.9500000000000001,0.8583333333333334,0.15000000000000002,-0.9030937500000001,-0.9500000000000001,0.9750000000000001,0.975
1298,0.10416666666666667,0.9083333333333333,0.875,0.8041666666666667,0.14583333333333331,-0.7481249999999999,-0.875,0.9500000000000001,0.8999999999999999
1299,0.08750000000000001,0.9249999999999999,0.8999999999999999,0.8374999999999999,0.07083333333333335,-0.790875,-0.925,0.95,0.8999999999999999
1300,0.09166666666666663,0.9583333333333334,0.95,0.8666666666666667,0.15833333333333333,-0.8799375000000002,-0.9750000000000001,0.9500000000000002,0.95
1301,0.10416666666666669,0.9666666666666668,0.95,0.8625,0.12499999999999999,-0.90309375,-0.9750000000000001,0.975,0.95
1302,0.09999999999999998,0.9166666666666666,0.8999999999999999,0.8166666666666667,0.10833333333333334,-0.7694999999999999,-0.95,0.8999999999999999,0.8999999999999999
1303,0.11249999999999999,0.9416666666666668,0.8999999999999999,0.8291666666666668,0.12916666666666668,-0.8336250000000001,-0.9500000000000001,0.8999999999999999,0.9750000000000001
1304,0.05416666666666664,0.9333333333333332,0.8999999999999999,0.8791666666666667,0.08750000000000002,-0.8116874999999999,-0.925,0.975,0.8999999999999999
1305,0.1166666666666667,0.9916666666666667,0.9750000000000001,0.875,0.15416666666666667,-0.9750000000000001,-1.0,0.9750000000000001,1.0
1306,0.08333333333333333,0.9583333333333334,0.925,0.875,0.19166666666666668,-0.87875,-1.0,0.925,0.95
1307,0.07083333333333335,0.9249999999999999,0.8999999999999999,0.8541666666666666,0.16249999999999998,-0.790875,-0.95,0.925,0.8999999999999999
1308,0.12916666666666662,0.9833333333333334,0.9750000000000001,0.8541666666666667,0.12916666666666665,-0.9506250000000002,-0.9750000000000001,0.9750000000000001,1.0
1309,0.09166666666666666,0.9416666666666668,0.9249999999999999,0.8500000000000001,0.21666666666666667,-0.834234375,-0.9750000000000001,0.925,0.9249999999999999
1310,0.07083333333333333,0.9250000000000002,0.875,0.8541666666666669,0.08333333333333333,-0.7891406250000002,-0.925,0.875,0.9750000000000001
1311,0.08749999999999998,0.9666666666666668,0.925,0.8791666666666668,0.12916666666666665,-0.9018750000000001,-0.925,0.9750000000000001,1.0
1312,0.06666666666666665,0.9416666666666668,0.925,0.8750000000000001,0.1416666666666667,-0.8342343750000001,-0.925,0.925,0.975
1313,0.09583333333333333,0.9750000000000001,0.9500000000000001,0.8791666666666668,0.12916666666666668,-0.92625,-1.0,0.9500000000000001,0.975
1314,0.1166666666666667,0.9333333333333335,0.9,0.8166666666666668,0.10833333333333335,-0.8122500000000002,-0.9,0.9500000000000001,0.9500000000000002
1315,0.1166666666666667,0.9583333333333334,0.9249999999999999,0.8416666666666667,0.14166666666666664,-0.8787500000000001,-0.9249999999999999,1.0,0.9500000000000002
1316,0.12083333333333329,0.9583333333333334,0.9249999999999999,0.8375000000000001,0.125,-0.8793281250000001,-0.9750000000000001,0.9750000000000001,0.9249999999999999
1317,0.05416666666666666,0.9250000000000002,0.875,0.8708333333333335,0.10833333333333332,-0.7896875,-0.9500000000000001,0.875,0.95
1318,0.16249999999999998,0.9500000000000001,0.925,0.7875000000000001,0.125,-0.8567812500000003,-0.925,0.9500000000000001,0.9750000000000001
1319,0.07916666666666668,0.9666666666666667,0.95,0.8875,0.10416666666666667,-0.9025,-0.95,0.9500000000000001,1.0
1320,0.13333333333333333,0.9500000000000001,0.95,0.8166666666666668,0.11249999999999999,-0.8573750000000001,-0.95,0.9500000000000001,0.9500000000000002
1321,0.06250000000000001,0.9916666666666667,0.975,0.9291666666666667,0.1583333333333333,-0.975,-1.0,1.0,0.975
1322,0.09999999999999998,0.9083333333333333,0.875,0.8083333333333333,0.05000000000000001,-0.748125,-0.9000000000000001,0.875,0.95
1323,0.14166666666666664,0.9249999999999999,0.8999999999999999,0.7833333333333333,0.14166666666666664,-0.790875,-0.925,0.9500000000000001,0.8999999999999999
1324,0.08333333333333333,0.9499999999999998,0.8999999999999999,0.8666666666666665,0.13749999999999998,-0.8555624999999999,-0.975,0.975,0.8999999999999999
1325,0.07916666666666668,0.9416666666666668,0.875,0.8625,0.13333333333333333,-0.831796875,-0.975,0.9750000000000001,0.875
1326,0.15833333333333333,0.9416666666666668,0.925,0.7833333333333334,0.17083333333333336,-0.8348125,-0.925,0.95,0.95
1327,0.10000000000000002,0.9499999999999998,0.8999999999999999,0.8499999999999999,0.12916666666666668,-0.8555624999999999,-0.9749999999999999,0.9750000000000001,0.8999999999999999
1328,0.17083333333333336,0.9083333333333333,0.875,0.7374999999999999,0.15,-0.7481249999999999,-0.875,0.8999999999999999,0.9500000000000001
1329,0.12916666666666668,0.9666666666666667,0.9500000000000001,0.8375,0.14166666666666666,-0.9030937499999999,-0.975,0.9500000000000001,0.9749999999999999
1330,0.12083333333333335,0.975,0.975,0.8541666666666666,0.1208333333333333,-0.926859375,-0.975,0.975,0.9750000000000001
1331,0.12083333333333335,0.9583333333333334,0.925,0.8375,0.125,-0.8787500000000003,-0.9500000000000002,1.0,0.925
1332,0.075,0.9583333333333334,0.95,0.8833333333333334,0.15416666666666667,-0.8799375000000002,-0.95,0.9750000000000001,0.9500000000000002
1333,0.16666666666666666,0.9083333333333332,0.875,0.7416666666666666,0.19583333333333333,-0.7481249999999999,-0.9,0.875,0.95
1334,0.045833333333333344,0.9500000000000001,0.925,0.9041666666666667,0.07916666666666668,-0.85678125,-0.9750000000000001,0.925,0.95
1335,0.10833333333333334,0.9416666666666668,0.925,0.8333333333333335,0.17916666666666667,-0.8348125000000001,-0.95,0.9500000000000002,0.925
1336,0.15833333333333333,0.9666666666666668,0.925,0.8083333333333335,0.11666666666666668,-0.901875,-1.0,0.975,0.925
1337,0.10000000000000002,0.9583333333333334,0.925,0.8583333333333334,0.17083333333333336,-0.8793281250000001,-0.9750000000000001,0.925,0.9750000000000001
1338,0.16666666666666663,0.9416666666666668,0.925,0.7750000000000001,0.18333333333333335,-0.8348125000000001,-0.9500000000000002,0.95,0.925
1339,0.14583333333333331,0.9166666666666666,0.8999999999999999,0.7708333333333333,0.19166666666666665,-0.7700624999999999,-0.925,0.8999999999999999,0.9249999999999999
1340,0.04999999999999998,0.9416666666666668,0.8999999999999999,0.8916666666666668,0.22083333333333333,-0.8324999999999999,-0.8999999999999999,0.925,1.0
1341,0.12500000000000003,0.9416666666666668,0.9000000000000001,0.8166666666666668,0.16666666666666666,-0.8336250000000004,-0.9500000000000002,0.9750000000000001,0.9000000000000001
1342,0.10416666666666667,0.9583333333333334,0.9249999999999999,0.8541666666666667,0.12083333333333335,-0.8793281249999999,-0.9249999999999999,0.975,0.9750000000000001
1343,0.062499999999999965,0.9583333333333334,0.9249999999999999,0.8958333333333334,0.13333333333333333,-0.87875,-1.0,0.9500000000000001,0.9249999999999999
1344,0.10000000000000002,0.9333333333333332,0.9,0.8333333333333333,0.11249999999999999,-0.8122500000000001,-0.9,0.9500000000000002,0.95
1345,0.20000000000000004,0.9416666666666668,0.9,0.7416666666666667,0.19166666666666665,-0.8336250000000001,-0.9750000000000001,0.9,0.95
1346,0.08333333333333336,0.9416666666666668,0.925,0.8583333333333334,0.17500000000000002,-0.8342343750000001,-0.925,0.9750000000000001,0.925
1347,0.2125,0.9583333333333334,0.95,0.7458333333333333,0.18333333333333335,-0.8799374999999999,-0.95,0.9750000000000001,0.95
1348,0.10833333333333332,0.9500000000000001,0.925,0.8416666666666668,0.1416666666666667,-0.85678125,-0.95,0.9750000000000001,0.925
1349,0.15416666666666665,0.9499999999999998,0.8999999999999999,0.7958333333333332,0.12916666666666668,-0.8549999999999999,-1.0,0.8999999999999999,0.95
1350,0.10833333333333332,0.9416666666666668,0.8999999999999999,0.8333333333333335,0.1958333333333333,-0.833625,-0.9750000000000001,0.95,0.8999999999999999
1351,0.10833333333333332,0.9250000000000002,0.9000000000000001,0.8166666666666669,0.1708333333333333,-0.7908750000000001,-0.925,0.95,0.9000000000000001
1352,0.1041666666666667,0.9750000000000001,0.9500000000000002,0.8708333333333333,0.07916666666666666,-0.9262500000000002,-1.0,0.9500000000000002,0.9750000000000001
1353,0.08333333333333333,0.9666666666666667,0.95,0.8833333333333333,0.1125,-0.9025,-0.95,1.0,0.95
1354,0.07083333333333332,0.9666666666666667,0.95,0.8958333333333334,0.15,-0.9030937499999999,-0.95,0.975,0.975
1355,0.09166666666666667,0.9500000000000001,0.8999999999999999,0.8583333333333334,0.1875,-0.8555624999999999,-0.9750000000000001,0.8999999999999999,0.975
1356,0.17500000000000002,0.9500000000000001,0.9249999999999999,0.775,0.12916666666666668,-0.85678125,-0.9249999999999999,0.95,0.9750000000000001
1357,0.045833333333333316,0.975,0.9749999999999999,0.9291666666666667,0.13749999999999998,-0.9268593749999999,-0.9750000000000001,0.975,0.9749999999999999
1358,0.1791666666666666,0.9666666666666668,0.925,0.7875000000000002,0.19166666666666665,-0.9018750000000001,-0.9750000000000001,0.925,1.0
1359,0.07916666666666666,0.9583333333333334,0.925,0.8791666666666667,0.15833333333333333,-0.879328125,-0.925,0.9750000000000001,0.975
1360,0.05416666666666667,0.9666666666666668,0.95,0.9125000000000001,0.1416666666666667,-0.9030937500000001,-0.9750000000000001,0.95,0.9750000000000001
1361,0.1625,0.9500000000000001,0.925,0.7875000000000001,0.14583333333333334,-0.8567812500000003,-0.925,0.9500000000000002,0.975
1362,0.16666666666666666,0.9916666666666667,0.9750000000000001,0.8250000000000001,0.1625,-0.9750000000000001,-0.9750000000000001,1.0,1.0
1363,0.1208333333333333,0.9416666666666668,0.925,0.8208333333333334,0.21666666666666665,-0.8348125,-0.95,0.95,0.925
1364,0.07083333333333332,0.9666666666666668,0.95,0.8958333333333335,0.14166666666666672,-0.90309375,-0.975,0.9750000000000001,0.95
1365,0.13749999999999998,0.9500000000000001,0.925,0.8125000000000001,0.11249999999999999,-0.8556250000000001,-0.925,1.0,0.925
1366,0.06666666666666664,0.9500000000000001,0.9249999999999999,0.8833333333333334,0.10833333333333334,-0.8567812499999999,-0.95,0.9750000000000001,0.9249999999999999
1367,0.075,0.9416666666666668,0.8999999999999999,0.8666666666666668,0.09583333333333334,-0.833625,-0.9750000000000001,0.8999999999999999,0.95
1368,0.125,0.9249999999999999,0.875,0.7999999999999999,0.15000000000000002,-0.7891406249999999,-0.9249999999999999,0.9750000000000001,0.875
1369,0.08333333333333336,0.9416666666666668,0.875,0.8583333333333334,0.07916666666666666,-0.8312499999999999,-0.95,1.0,0.875
1370,0.17083333333333336,0.9333333333333332,0.8999999999999999,0.7624999999999998,0.1708333333333333,-0.8122499999999998,-0.95,0.8999999999999999,0.95
1371,0.09583333333333331,0.9583333333333334,0.925,0.8625,0.15,-0.8793281249999999,-0.925,0.9749999999999999,0.975
1372,0.1125,0.9500000000000001,0.925,0.8375,0.11666666666666665,-0.8567812500000003,-0.9500000000000001,0.925,0.9750000000000001
1373,0.11666666666666665,0.9916666666666667,0.9750000000000001,0.875,0.1875,-0.9750000000000001,-1.0,0.9750000000000001,1.0
1374,0.14583333333333334,0.9333333333333332,0.8999999999999999,0.7874999999999999,0.13333333333333333,-0.8116875,-0.9750000000000001,0.8999999999999999,0.925
1375,0.10833333333333332,0.9500000000000001,0.9,0.8416666666666668,0.19583333333333333,-0.8555625000000001,-0.9,0.9750000000000001,0.9750000000000001
1376,0.16666666666666663,0.9666666666666668,0.95,0.8000000000000002,0.12083333333333333,-0.9025,-1.0,0.9500000000000001,0.95
1377,0.10833333333333335,0.9333333333333332,0.9,0.8249999999999998,0.19166666666666665,-0.8122499999999999,-0.95,0.9,0.95
1378,0.07083333333333332,0.9583333333333334,0.9,0.8875000000000001,0.075,-0.8775,-0.9,1.0,0.975
1379,0.18333333333333335,0.9750000000000001,0.9500000000000001,0.7916666666666667,0.07500000000000002,-0.9262500000000001,-0.9750000000000001,1.0,0.9500000000000001
1380,0.10416666666666663,0.9333333333333335,0.925,0.8291666666666668,0.12083333333333335,-0.8128437500000001,-0.925,0.925,0.9500000000000001
1381,0.07916666666666665,0.9499999999999998,0.925,0.8708333333333332,0.1375,-0.85678125,-0.9500000000000001,0.925,0.9749999999999999
1382,0.037499999999999985,0.9500000000000001,0.925,0.9125000000000001,0.09583333333333333,-0.8567812500000003,-0.9500000000000001,0.925,0.9750000000000001
1383,0.08333333333333333,0.8916666666666666,0.85,0.8083333333333332,0.2541666666666667,-0.707625,-0.8999999999999999,0.925,0.85
1384,0.07916666666666665,0.975,0.95,0.8958333333333334,0.19166666666666668,-0.92625,-0.9750000000000001,1.0,0.95
1385,0.06249999999999999,0.9500000000000002,0.95,0.8875000000000002,0.10416666666666667,-0.8573750000000001,-0.9500000000000001,0.9500000000000002,0.95
1386,0.10000000000000002,0.975,0.925,0.875,0.15416666666666665,-0.925,-1.0,1.0,0.925
1387,0.10416666666666664,0.9583333333333334,0.9249999999999999,0.8541666666666667,0.09166666666666667,-0.879328125,-0.9249999999999999,0.9750000000000001,0.975
1388,0.125,0.9333333333333332,0.8999999999999999,0.8083333333333332,0.19166666666666665,-0.8116875,-0.9249999999999999,0.8999999999999999,0.9750000000000001
1389,0.07916666666666666,0.975,0.95,0.8958333333333333,0.16666666666666666,-0.9262499999999999,-1.0,0.95,0.975
1390,0.10833333333333334,0.9500000000000001,0.9,0.8416666666666668,0.12916666666666665,-0.8555625,-0.9750000000000001,0.9,0.975
1391,0.12916666666666668,0.9833333333333334,0.975,0.8541666666666667,0.07083333333333332,-0.950625,-0.975,1.0,0.9750000000000001
1392,0.12916666666666668,0.9583333333333334,0.925,0.8291666666666667,0.14166666666666664,-0.8793281250000001,-0.9750000000000001,0.925,0.9750000000000001
1393,0.07916666666666666,0.9416666666666668,0.9249999999999999,0.8625,0.14166666666666666,-0.8348125,-0.9249999999999999,0.95,0.9500000000000001
1394,0.10833333333333334,0.9916666666666667,0.9750000000000001,0.8833333333333333,0.1416666666666667,-0.9750000000000001,-1.0,1.0,0.9750000000000001
1395,0.1875,0.9249999999999999,0.8999999999999999,0.7374999999999999,0.16666666666666666,-0.790875,-0.9249999999999999,0.9500000000000002,0.8999999999999999
1396,0.10833333333333332,0.9750000000000001,0.9500000000000001,0.8666666666666668,0.13333333333333333,-0.9262500000000001,-1.0,0.9500000000000001,0.9750000000000001
1397,0.10833333333333332,0.9750000000000001,0.9750000000000001,0.8666666666666668,0.12083333333333335,-0.9268593750000003,-0.9750000000000001,0.9750000000000001,0.9750000000000001
1398,0.13333333333333333,0.9583333333333334,0.9,0.8250000000000001,0.16249999999999998,-0.8775000000000001,-0.9750000000000001,0.9,1.0
1399,0.13333333333333333,0.9666666666666668,0.925,0.8333333333333335,0.14583333333333334,-0.9018750000000001,-0.925,1.0,0.9750000000000001
1400,0.10000000000000002,0.9750000000000001,0.9500000000000002,0.8750000000000001,0.09999999999999998,-0.9262500000000001,-0.9500000000000002,0.975,1.0
1401,0.08333333333333336,0.9500000000000001,0.8999999999999999,0.8666666666666667,0.10833333333333335,-0.8555624999999999,-0.9750000000000001,0.8999999999999999,0.975
1402,0.0625,0.9750000000000001,0.9500000000000001,0.9125000000000001,0.18333333333333332,-0.9262500000000001,-1.0,0.9500000000000001,0.9750000000000001
1403,0.08750000000000002,0.9250000000000002,0.9,0.8375000000000001,0.1625,-0.7908750000000002,-0.9,0.9500000000000002,0.925
1404,0.09166666666666667,0.9583333333333334,0.925,0.8666666666666667,0.13749999999999998,-0.879328125,-0.9750000000000001,0.925,0.975
1405,0.09583333333333333,0.9666666666666667,0.95,0.8708333333333333,0.15,-0.90309375,-0.95,0.9750000000000001,0.975
1406,0.10833333333333335,0.9583333333333334,0.925,0.85,0.1708333333333333,-0.879328125,-0.925,0.975,0.9750000000000001
1407,0.11666666666666663,0.9333333333333335,0.9000000000000001,0.8166666666666669,0.125,-0.8116875000000002,-0.925,0.9000000000000001,0.9750000000000001
1408,0.15833333333333335,0.9583333333333334,0.925,0.8,0.15,-0.8793281250000001,-0.925,0.9750000000000001,0.9750000000000001
1409,0.06666666666666664,0.9249999999999999,0.9,0.8583333333333333,0.10833333333333332,-0.7908749999999999,-0.95,0.9,0.9249999999999999
1410,0.10416666666666667,0.9499999999999998,0.925,0.8458333333333332,0.15416666666666665,-0.8567812499999999,-0.95,0.925,0.9749999999999999
1411,0.10000000000000003,0.9416666666666668,0.9,0.8416666666666668,0.13749999999999998,-0.8336250000000001,-0.9,0.9750000000000001,0.95
1412,0.05833333333333333,0.9583333333333334,0.875,0.9,0.18333333333333335,-0.875,-1.0,0.875,1.0
1413,0.05833333333333335,0.9333333333333332,0.9,0.8749999999999999,0.08750000000000001,-0.8122499999999999,-0.95,0.9,0.95
1414,0.13333333333333333,0.9499999999999998,0.9,0.8166666666666665,0.12916666666666668,-0.855,-1.0,0.9,0.95
1415,0.13749999999999998,0.9750000000000001,0.975,0.8375000000000001,0.13749999999999998,-0.926859375,-0.975,0.9750000000000001,0.975
1416,0.11666666666666663,0.9500000000000001,0.925,0.8333333333333335,0.12916666666666668,-0.8556250000000001,-1.0,0.925,0.925
1417,0.07083333333333335,0.9166666666666666,0.875,0.8458333333333333,0.1958333333333334,-0.76890625,-0.95,0.925,0.875
1418,0.08333333333333336,0.975,0.95,0.8916666666666666,0.13749999999999998,-0.92625,-1.0,0.9750000000000001,0.95
1419,0.06666666666666665,0.9666666666666668,0.9500000000000001,0.9000000000000001,0.12916666666666665,-0.90309375,-0.9750000000000001,0.9500000000000001,0.9749999999999999
1420,0.10833333333333334,0.9333333333333332,0.9,0.825,0.23749999999999996,-0.8122499999999999,-0.95,0.9,0.95
1421,0.08749999999999998,0.9416666666666668,0.925,0.8541666666666667,0.15000000000000002,-0.8348125000000001,-0.9500000000000001,0.925,0.95
1422,0.1125,0.9416666666666668,0.9,0.8291666666666667,0.125,-0.8336250000000001,-0.95,0.9,0.9750000000000001
1423,0.10416666666666669,0.9666666666666667,0.95,0.8625,0.15000000000000002,-0.9025,-0.95,0.95,1.0
1424,0.1125,0.9750000000000001,0.975,0.8625,0.15416666666666667,-0.9268593750000002,-0.9750000000000001,0.975,0.9750000000000001
1425,0.08749999999999998,0.9333333333333332,0.875,0.8458333333333332,0.13749999999999998,-0.8104687500000001,-0.95,0.9750000000000001,0.875
1426,0.1625,0.9,0.85,0.7375,0.1708333333333333,-0.72728125,-0.925,0.85,0.925
1427,0.08749999999999997,0.9666666666666668,0.95,0.8791666666666669,0.11249999999999999,-0.9025000000000001,-0.9500000000000002,1.0,0.95
1428,0.09166666666666666,0.9416666666666668,0.925,0.8500000000000001,0.10416666666666667,-0.8348125000000001,-0.9500000000000001,0.9500000000000001,0.925
1429,0.08333333333333333,0.9499999999999998,0.8999999999999999,0.8666666666666665,0.09583333333333333,-0.8549999999999999,-1.0,0.8999999999999999,0.95
1430,0.08750000000000001,0.9333333333333335,0.9,0.8458333333333334,0.14583333333333334,-0.8116875,-0.9,0.925,0.975
1431,0.16666666666666666,0.9500000000000001,0.925,0.7833333333333334,0.09583333333333333,-0.85678125,-0.925,0.9750000000000001,0.95
1432,0.08749999999999998,0.9416666666666668,0.925,0.8541666666666667,0.11666666666666665,-0.8348125,-0.95,0.925,0.95
1433,0.08333333333333336,0.9666666666666668,0.9500000000000001,0.8833333333333334,0.13333333333333333,-0.9030937500000001,-0.975,0.9500000000000001,0.9750000000000001
1434,0.08749999999999998,0.9333333333333332,0.9,0.8458333333333332,0.1583333333333333,-0.8122500000000001,-0.9,0.9500000000000002,0.95
1435,0.09166666666666663,0.9666666666666668,0.925,0.8750000000000001,0.1958333333333334,-0.9018750000000001,-0.925,0.9750000000000001,1.0
1436,0.19166666666666665,0.9500000000000001,0.8999999999999999,0.7583333333333334,0.22916666666666666,-0.8555624999999999,-0.8999999999999999,0.9750000000000001,0.975
1437,0.04583333333333334,0.9249999999999999,0.9249999999999999,0.8791666666666667,0.225,-0.791453125,-0.925,0.925,0.9249999999999999
1438,0.06666666666666665,0.9333333333333332,0.8999999999999999,0.8666666666666666,0.075,-0.81225,-0.9500000000000002,0.95,0.8999999999999999
1439,0.075,0.9583333333333335,0.9500000000000001,0.8833333333333335,0.125,-0.8799375000000003,-0.9500000000000001,0.9500000000000002,0.9750000000000001
1440,0.10833333333333332,0.9583333333333334,0.925,0.8500000000000001,0.125,-0.879328125,-0.925,0.975,0.9750000000000001
1441,0.12499999999999999,0.9583333333333334,0.95,0.8333333333333334,0.08749999999999998,-0.8799374999999999,-0.95,0.9750000000000001,0.95
1442,0.10833333333333335,0.9666666666666668,0.95,0.8583333333333334,0.11249999999999999,-0.90309375,-0.975,0.9750000000000001,0.95
1443,0.04999999999999996,0.9583333333333334,0.875,0.9083333333333334,0.125,-0.875,-1.0,1.0,0.875
1444,0.11666666666666668,0.9583333333333334,0.95,0.8416666666666667,0.13749999999999998,-0.8799375,-0.95,0.9500000000000001,0.9750000000000001
1445,0.10000000000000002,0.9333333333333332,0.925,0.8333333333333333,0.16666666666666666,-0.8128437500000001,-0.925,0.925,0.95
1446,0.11666666666666665,0.9583333333333334,0.9249999999999999,0.8416666666666667,0.15833333333333333,-0.879328125,-0.9249999999999999,0.9750000000000001,0.9750000000000001
1447,0.11666666666666664,0.9500000000000001,0.9,0.8333333333333335,0.07916666666666668,-0.8555625,-0.9750000000000001,0.9,0.975
1448,0.05833333333333334,0.9416666666666668,0.875,0.8833333333333334,0.18333333333333335,-0.8317968750000001,-0.975,0.875,0.9750000000000001
1449,0.09166666666666667,0.9499999999999998,0.95,0.8583333333333332,0.12916666666666665,-0.8573749999999999,-0.95,0.9500000000000001,0.95
1450,0.10416666666666667,0.9750000000000001,0.9500000000000001,0.8708333333333335,0.125,-0.9262500000000001,-0.9500000000000001,1.0,0.9750000000000001
1451,0.09583333333333333,0.9250000000000002,0.9000000000000001,0.8291666666666668,0.1791666666666667,-0.7908750000000002,-0.925,0.9000000000000001,0.9500000000000002
1452,0.10416666666666663,0.9500000000000001,0.95,0.8458333333333334,0.13333333333333333,-0.857375,-0.95,0.9500000000000002,0.95
1453,0.09166666666666663,0.9500000000000001,0.9249999999999999,0.8583333333333334,0.2125,-0.855625,-1.0,0.925,0.9249999999999999
1454,0.13333333333333333,0.9500000000000001,0.9,0.8166666666666668,0.2041666666666667,-0.8550000000000001,-0.9,0.9500000000000001,1.0
1455,0.08750000000000001,0.9166666666666666,0.875,0.8291666666666666,0.07083333333333335,-0.7678124999999999,-0.9749999999999999,0.875,0.8999999999999999
1456,0.06666666666666667,0.9583333333333334,0.925,0.8916666666666667,0.12083333333333335,-0.8793281250000002,-0.9750000000000001,0.9750000000000001,0.925
1457,0.08749999999999998,0.9583333333333334,0.95,0.8708333333333333,0.12916666666666668,-0.8799375,-0.9750000000000001,0.9500000000000001,0.95
1458,0.04166666666666665,0.9416666666666668,0.9249999999999999,0.9000000000000001,0.03749999999999999,-0.8348125000000001,-0.9500000000000001,0.9500000000000001,0.9249999999999999
1459,0.07916666666666661,0.9249999999999999,0.9249999999999999,0.8458333333333333,0.1875,-0.791453125,-0.925,0.925,0.9249999999999999
1460,0.1625,0.9500000000000001,0.925,0.7875000000000001,0.10833333333333334,-0.85678125,-0.9750000000000001,0.95,0.925
1461,0.09583333333333337,0.975,0.95,0.8791666666666667,0.1708333333333333,-0.92625,-0.9750000000000001,0.95,1.0
1462,0.05416666666666666,0.9499999999999998,0.8999999999999999,0.8958333333333331,0.15833333333333335,-0.8549999999999999,-0.95,1.0,0.8999999999999999
1463,0.07500000000000001,0.9583333333333334,0.925,0.8833333333333333,0.18333333333333335,-0.87875,-0.95,0.925,1.0
1464,0.1708333333333333,0.975,0.95,0.8041666666666667,0.11666666666666668,-0.92625,-0.95,0.9750000000000001,1.0
1465,0.0666666666666667,0.9500000000000001,0.9,0.8833333333333334,0.15,-0.8550000000000001,-0.9500000000000001,1.0,0.9
1466,0.03333333333333335,0.9666666666666668,0.95,0.9333333333333335,0.1708333333333333,-0.9030937500000001,-0.9750000000000001,0.9750000000000001,0.95
1467,0.049999999999999996,0.9583333333333334,0.925,0.9083333333333333,0.09583333333333337,-0.8787500000000003,-1.0,0.925,0.9500000000000002
1468,0.11249999999999999,0.9500000000000001,0.8999999999999999,0.8375000000000001,0.20833333333333334,-0.8555624999999999,-0.9750000000000001,0.8999999999999999,0.975
1469,0.09583333333333333,0.975,0.95,0.8791666666666667,0.1375,-0.9262499999999999,-1.0,0.95,0.975
1470,0.15833333333333333,0.9333333333333332,0.875,0.7749999999999999,0.1708333333333333,-0.81046875,-0.95,0.875,0.975
1471,0.09999999999999998,0.9250000000000002,0.925,0.8250000000000002,0.17083333333333336,-0.7914531250000001,-0.925,0.925,0.925
1472,0.09999999999999998,0.9500000000000001,0.95,0.8500000000000001,0.16249999999999998,-0.8573750000000001,-0.95,0.95,0.9500000000000002
1473,0.05416666666666667,0.9500000000000001,0.9,0.8958333333333334,0.1958333333333333,-0.855,-0.9,0.95,1.0
1474,0.09583333333333326,0.9249999999999999,0.8749999999999999,0.8291666666666667,0.1375,-0.7891406249999999,-0.8749999999999999,0.9750000000000001,0.9249999999999999
1475,0.17916666666666667,0.9583333333333334,0.95,0.7791666666666667,0.13333333333333333,-0.8799375,-0.95,0.975,0.9500000000000002
1476,0.1125,0.9583333333333334,0.9249999999999999,0.8458333333333333,0.17083333333333336,-0.8787500000000001,-0.9249999999999999,0.9500000000000002,1.0
1477,0.13750000000000004,0.9666666666666668,0.95,0.8291666666666667,0.19999999999999998,-0.9030937500000001,-0.9750000000000001,0.9750000000000001,0.95
1478,0.125,0.9250000000000002,0.9,0.8000000000000002,0.15000000000000002,-0.7908750000000002,-0.9,0.9500000000000002,0.925
1479,0.11249999999999995,0.9499999999999998,0.925,0.8374999999999999,0.15416666666666667,-0.8567812499999999,-0.95,0.975,0.925
1480,0.07083333333333335,0.9083333333333333,0.85,0.8375,0.21666666666666667,-0.7469375000000001,-0.925,0.9500000000000002,0.85
1481,0.12916666666666665,0.9583333333333334,0.95,0.8291666666666667,0.15833333333333333,-0.8799375,-0.95,0.95,0.9750000000000001
1482,0.045833333333333316,0.9500000000000001,0.925,0.9041666666666668,0.15833333333333335,-0.85678125,-0.9500000000000001,0.975,0.925
1483,0.07500000000000002,0.9416666666666668,0.9,0.8666666666666667,0.19166666666666665,-0.8336250000000001,-0.9,0.95,0.9750000000000001
1484,0.1625,0.9666666666666668,0.925,0.8041666666666668,0.19583333333333333,-0.9018750000000001,-0.925,0.9750000000000001,1.0
1485,0.1708333333333333,0.975,0.95,0.8041666666666667,0.18333333333333332,-0.9262499999999999,-0.95,1.0,0.975
1486,0.07500000000000001,0.9583333333333334,0.9249999999999999,0.8833333333333333,0.19999999999999998,-0.8793281250000001,-0.9750000000000001,0.9750000000000001,0.9249999999999999
1487,0.10833333333333332,0.9500000000000001,0.925,0.8416666666666668,0.1125,-0.85678125,-0.925,0.9750000000000001,0.95
1488,0.11249999999999998,0.9249999999999999,0.8750000000000001,0.8125,0.12916666666666665,-0.789140625,-0.8750000000000001,0.9750000000000001,0.9249999999999999
1489,0.12916666666666665,0.9833333333333334,0.9750000000000001,0.8541666666666667,0.08333333333333333,-0.9506250000000002,-0.9750000000000001,1.0,0.9750000000000001
1490,0.09583333333333333,0.9583333333333334,0.9249999999999999,0.8625,0.18333333333333335,-0.8793281250000001,-0.9750000000000001,0.9750000000000001,0.9249999999999999
1491,0.09583333333333333,0.9333333333333335,0.9249999999999999,0.8375000000000001,0.13333333333333333,-0.8128437500000002,-0.9500000000000002,0.925,0.9249999999999999
1492,0.15000000000000002,0.975,0.9500000000000002,0.825,0.15416666666666667,-0.92625,-0.9749999999999999,1.0,0.9500000000000002
1493,0.11249999999999998,0.8916666666666666,0.85,0.7791666666666667,0.10416666666666667,-0.7065625,-0.85,0.95,0.875
1494,0.04166666666666665,0.9500000000000001,0.9,0.9083333333333334,0.17916666666666667,-0.8555625,-0.9,0.9750000000000001,0.975
1495,0.12916666666666668,0.9416666666666668,0.925,0.8125000000000001,0.16249999999999998,-0.8348125,-0.9500000000000001,0.95,0.925
1496,0.08750000000000001,0.9500000000000001,0.925,0.8625,0.15,-0.8556250000000001,-1.0,0.925,0.925
1497,0.041666666666666685,0.9583333333333334,0.925,0.9166666666666667,0.054166666666666675,-0.879328125,-0.925,0.9750000000000001,0.975
1498,0.09166666666666667,0.9583333333333334,0.95,0.8666666666666667,0.17916666666666667,-0.8799375,-0.9500000000000001,0.9750000000000001,0.95
1499,0.08333333333333331,0.9249999999999999,0.9,0.8416666666666666,0.15833333333333335,-0.790875,-0.9249999999999999,0.95,0.9
1500,0.11666666666666664,0.9666666666666667,0.95,0.8500000000000001,0.14583333333333334,-0.9030937499999999,-0.975,0.95,0.975
1501,0.10416666666666667,0.9666666666666667,0.9500000000000001,0.8625,0.1416666666666667,-0.90309375,-0.975,0.9500000000000001,0.975
1502,0.1791666666666667,0.9583333333333334,0.95,0.7791666666666667,0.19583333333333333,-0.8799375,-0.95,0.9750000000000001,0.9500000000000001
1503,0.08333333333333333,0.9416666666666668,0.8500000000000001,0.8583333333333334,0.1125,-0.8287500000000002,-0.8500000000000001,0.9750000000000001,1.0
1504,0.12083333333333333,0.9666666666666668,0.95,0.8458333333333334,0.17916666666666667,-0.9025,-1.0,0.9500000000000001,0.95
1505,0.09166666666666666,0.9583333333333334,0.925,0.8666666666666667,0.10833333333333332,-0.8787500000000001,-0.9500000000000001,1.0,0.925
1506,0.10416666666666664,0.9500000000000001,0.95,0.8458333333333334,0.15833333333333335,-0.857375,-0.95,0.95,0.9500000000000001
1507,0.06249999999999997,0.9583333333333334,0.925,0.8958333333333334,0.12916666666666668,-0.87875,-1.0,0.95,0.925
1508,0.0666666666666667,0.9666666666666668,0.95,0.9000000000000001,0.1416666666666667,-0.9025000000000001,-1.0,0.9500000000000002,0.95
1509,0.10000000000000002,0.9333333333333332,0.8999999999999999,0.8333333333333333,0.1416666666666667,-0.8116874999999999,-0.8999999999999999,0.975,0.9249999999999999
1510,0.09166666666666667,0.9666666666666668,0.95,0.8750000000000001,0.12916666666666668,-0.9030937500000001,-0.95,0.9750000000000001,0.9750000000000001
1511,0.05833333333333333,0.9416666666666668,0.9000000000000001,0.8833333333333334,0.11249999999999999,-0.8325000000000001,-0.9000000000000001,0.925,1.0
1512,0.1625,0.975,0.925,0.8125,0.14583333333333334,-0.925,-1.0,0.925,1.0
1513,0.10000000000000002,0.9416666666666668,0.8999999999999999,0.8416666666666668,0.2041666666666667,-0.8324999999999999,-0.925,0.8999999999999999,1.0
1514,0.07083333333333333,0.9166666666666666,0.85,0.8458333333333333,0.10416666666666667,-0.767125,-0.85,0.95,0.95
1515,0.12499999999999996,0.9750000000000001,0.9500000000000001,0.8500000000000001,0.17500000000000002,-0.92625,-1.0,0.9500000000000001,0.975
1516,0.11666666666666665,0.9666666666666668,0.9000000000000001,0.8500000000000001,0.1625,-0.9000000000000001,-1.0,0.9000000000000001,1.0
1517,0.1208333333333333,0.9499999999999998,0.9249999999999999,0.8291666666666665,0.15000000000000002,-0.855625,-0.9249999999999999,1.0,0.925
1518,0.06250000000000001,0.9666666666666668,0.925,0.9041666666666668,0.13333333333333336,-0.9018750000000001,-0.9750000000000001,1.0,0.925
1519,0.07499999999999997,0.9583333333333334,0.9249999999999999,0.8833333333333334,0.11666666666666668,-0.879328125,-0.975,0.9750000000000001,0.9249999999999999
1520,0.10833333333333335,0.9416666666666668,0.925,0.8333333333333334,0.1166666666666667,-0.8348125000000002,-0.9500000000000002,0.925,0.95
1521,0.12916666666666668,0.9416666666666668,0.9000000000000001,0.8125000000000001,0.15416666666666667,-0.8336250000000002,-0.9000000000000001,0.9750000000000001,0.95
1522,0.17083333333333336,0.9583333333333334,0.9,0.7875,0.11249999999999999,-0.8775000000000001,-0.9750000000000001,1.0,0.9
1523,0.13749999999999998,0.9916666666666667,0.975,0.8541666666666667,0.13333333333333336,-0.975,-0.975,1.0,1.0
1524,0.20416666666666664,0.9666666666666668,0.925,0.7625000000000002,0.17916666666666667,-0.9018750000000001,-1.0,0.9750000000000001,0.925
1525,0.09166666666666667,0.9416666666666668,0.85,0.8500000000000001,0.08333333333333333,-0.8287500000000001,-1.0,0.85,0.9750000000000001
1526,0.12083333333333333,0.9416666666666668,0.9000000000000001,0.8208333333333334,0.1625,-0.8336250000000002,-0.9000000000000001,0.9750000000000001,0.95
1527,0.10416666666666663,0.975,0.95,0.8708333333333333,0.17916666666666667,-0.92625,-0.9750000000000001,0.95,1.0
1528,0.12083333333333335,0.8916666666666666,0.875,0.7708333333333333,0.1791666666666666,-0.708203125,-0.875,0.925,0.875
1529,0.07083333333333333,0.9416666666666668,0.925,0.8708333333333335,0.12083333333333335,-0.8348125000000002,-0.95,0.925,0.9500000000000002
1530,0.12083333333333333,0.9666666666666667,0.9249999999999999,0.8458333333333333,0.15,-0.9018749999999999,-0.9249999999999999,1.0,0.975
1531,0.08750000000000001,0.9583333333333334,0.9249999999999999,0.8708333333333333,0.19166666666666665,-0.8793281249999999,-0.9749999999999999,0.9750000000000001,0.9249999999999999
1532,0.07499999999999997,0.9333333333333335,0.875,0.8583333333333335,0.11666666666666668,-0.8104687500000001,-0.9500000000000001,0.875,0.975
1533,0.08749999999999998,0.9583333333333334,0.95,0.8708333333333333,0.12083333333333333,-0.8799374999999998,-0.95,0.95,0.9749999999999999
1534,0.125,0.9500000000000001,0.925,0.8250000000000001,0.20000000000000004,-0.85678125,-0.9750000000000001,0.925,0.95
1535,0.10416666666666667,0.9583333333333334,0.925,0.8541666666666667,0.17083333333333336,-0.87875,-1.0,0.95,0.925
1536,0.06250000000000001,0.9583333333333334,0.925,0.8958333333333334,0.10000000000000002,-0.87875,-0.95,0.925,1.0
1537,0.05416666666666667,0.975,0.95,0.9208333333333333,0.10833333333333334,-0.9262499999999999,-0.95,1.0,0.975
1538,0.15,0.9916666666666667,0.9750000000000001,0.8416666666666667,0.1708333333333333,-0.9750000000000001,-1.0,0.9750000000000001,1.0
1539,0.10833333333333334,0.9583333333333334,0.9000000000000001,0.8500000000000001,0.10416666666666664,-0.8775000000000002,-0.9000000000000001,1.0,0.9750000000000001
1540,0.07083333333333333,0.9583333333333334,0.9249999999999999,0.8875000000000001,0.14583333333333334,-0.8787499999999999,-0.9249999999999999,1.0,0.95
1541,0.15416666666666667,0.9333333333333332,0.9,0.7791666666666666,0.15,-0.8116875000000001,-0.9,0.9750000000000001,0.925
1542,0.06249999999999998,0.975,0.95,0.9125,0.12916666666666668,-0.92625,-0.9750000000000001,1.0,0.95
1543,0.18750000000000003,0.9666666666666667,0.95,0.7791666666666667,0.1125,-0.9025,-1.0,0.95,0.95
1544,0.04583333333333334,0.9583333333333334,0.925,0.9125000000000001,0.10416666666666667,-0.87875,-0.925,0.95,1.0
1545,0.03333333333333332,0.975,0.9749999999999999,0.9416666666666667,0.16666666666666666,-0.9268593749999999,-0.9750000000000001,0.975,0.9749999999999999
1546,0.054166666666666675,0.9416666666666668,0.9249999999999999,0.8875000000000001,0.09166666666666667,-0.8348124999999998,-0.9249999999999999,0.95,0.95
1547,0.18333333333333335,0.9416666666666668,0.925,0.7583333333333334,0.09166666666666669,-0.8348125,-0.95,0.95,0.925
1548,0.14166666666666664,0.9583333333333334,0.9249999999999999,0.8166666666666668,0.13749999999999998,-0.8793281250000001,-0.9750000000000001,0.9750000000000001,0.9249999999999999
1549,0.09999999999999999,0.975,0.9249999999999999,0.875,0.17083333333333336,-0.9249999999999999,-1.0,1.0,0.9249999999999999
1550,0.12916666666666665,0.9583333333333334,0.925,0.8291666666666667,0.23333333333333336,-0.87875,-0.95,1.0,0.925
1551,0.1375,0.9750000000000001,0.9500000000000001,0.8375000000000001,0.11666666666666665,-0.9262500000000001,-0.9500000000000001,0.9750000000000001,1.0
1552,0.09999999999999998,0.9416666666666668,0.875,0.8416666666666668,0.10416666666666664,-0.8312499999999999,-0.95,1.0,0.875
1553,0.125,0.9500000000000001,0.925,0.8250000000000001,0.12083333333333333,-0.85678125,-0.9750000000000001,0.95,0.925
1554,0.04999999999999999,0.975,0.95,0.925,0.10416666666666667,-0.92625,-1.0,0.9750000000000001,0.95
1555,0.10833333333333332,0.9499999999999998,0.9,0.8416666666666666,0.1375,-0.8555624999999999,-0.9,0.9750000000000001,0.9749999999999999
1556,0.10416666666666667,0.9499999999999998,0.95,0.8458333333333332,0.12916666666666665,-0.8573749999999999,-0.95,0.95,0.95
1557,0.1125,0.9500000000000001,0.925,0.8375,0.14583333333333334,-0.85678125,-0.925,0.95,0.975
1558,0.16666666666666666,0.9416666666666668,0.9,0.7750000000000001,0.1541666666666667,-0.8336250000000002,-0.9,0.9500000000000001,0.9750000000000001
1559,0.12916666666666665,0.9416666666666668,0.8999999999999999,0.8125000000000001,0.16666666666666666,-0.8324999999999999,-1.0,0.925,0.8999999999999999
1560,0.09583333333333334,0.9500000000000001,0.925,0.8541666666666667,0.18333333333333335,-0.8567812500000002,-0.925,0.95,0.9750000000000001
1561,0.075,0.9666666666666667,0.95,0.8916666666666667,0.13333333333333333,-0.9025,-0.95,0.9500000000000001,1.0
1562,0.06250000000000001,0.9416666666666668,0.8999999999999999,0.8791666666666668,0.16666666666666666,-0.8336250000000001,-0.9500000000000001,0.9750000000000001,0.8999999999999999
1563,0.05416666666666666,0.9500000000000001,0.8999999999999999,0.8958333333333334,0.09583333333333333,-0.8555625000000001,-0.9750000000000001,0.9750000000000001,0.8999999999999999
1564,0.125,0.9583333333333334,0.925,0.8333333333333334,0.12083333333333333,-0.87875,-0.95,1.0,0.925
1565,0.12499999999999996,0.9166666666666666,0.875,0.7916666666666666,0.15833333333333335,-0.7678125,-0.9750000000000001,0.8999999999999999,0.875
1566,0.07500000000000002,0.9416666666666668,0.925,0.8666666666666667,0.1708333333333333,-0.8348125000000002,-0.925,0.9500000000000002,0.95
1567,0.07916666666666665,0.9333333333333332,0.8999999999999999,0.8541666666666666,0.1333333333333334,-0.8122499999999998,-0.95,0.8999999999999999,0.95
1568,0.13333333333333333,0.9583333333333334,0.925,0.8250000000000001,0.07083333333333335,-0.87875,-0.95,0.925,1.0
1569,0.10833333333333332,0.9583333333333334,0.95,0.8500000000000001,0.16249999999999998,-0.8799374999999999,-0.9750000000000001,0.95,0.95
1570,0.04999999999999999,0.9499999999999998,0.9,0.8999999999999999,0.1416666666666667,-0.855,-0.9,1.0,0.95
1571,0.09166666666666667,0.9583333333333334,0.95,0.8666666666666667,0.1333333333333333,-0.8799374999999999,-0.95,0.9750000000000001,0.95
1572,0.13333333333333333,0.9583333333333334,0.925,0.8250000000000001,0.1125,-0.8787500000000001,-0.9500000000000001,1.0,0.925
1573,0.125,0.9499999999999998,0.8999999999999999,0.8249999999999998,0.09166666666666667,-0.8555624999999999,-0.9749999999999999,0.9750000000000001,0.8999999999999999
1574,0.03333333333333335,0.9750000000000001,0.9500000000000002,0.9416666666666668,0.11666666666666665,-0.9262500000000002,-0.9500000000000002,0.9750000000000001,1.0
1575,0.07083333333333335,0.975,0.95,0.9041666666666667,0.09583333333333334,-0.92625,-0.9750000000000001,1.0,0.95
1576,0.09999999999999998,0.9249999999999998,0.8999999999999999,0.8249999999999998,0.19999999999999998,-0.7908749999999999,-0.9249999999999999,0.8999999999999999,0.95
1577,0.1375,0.9583333333333334,0.9249999999999999,0.8208333333333333,0.1416666666666667,-0.8787500000000001,-1.0,0.9500000000000002,0.9249999999999999
1578,0.08749999999999998,0.9833333333333334,0.95,0.8958333333333334,0.1625,-0.95,-1.0,1.0,0.95
1579,0.10833333333333334,0.9249999999999999,0.875,0.8166666666666667,0.1416666666666667,-0.789140625,-0.875,0.925,0.975
1580,0.11666666666666665,0.975,0.95,0.8583333333333333,0.15416666666666665,-0.92625,-0.95,1.0,0.9750000000000001
1581,0.06250000000000001,0.9500000000000001,0.9000000000000001,0.8875000000000001,0.15833333333333335,-0.8555625,-0.975,0.9000000000000001,0.975
1582,0.07083333333333333,0.9833333333333334,0.95,0.9125000000000001,0.17500000000000004,-0.95,-0.95,1.0,1.0
1583,0.05833333333333337,0.9583333333333334,0.925,0.9,0.18333333333333332,-0.87875,-0.925,0.95,1.0
1584,0.0583333333333333,0.9166666666666666,0.875,0.8583333333333333,0.05833333333333334,-0.7689062499999999,-0.95,0.875,0.9249999999999999
1585,0.07500000000000001,0.9500000000000001,0.925,0.875,0.09583333333333337,-0.85678125,-0.925,0.9750000000000001,0.95
1586,0.11249999999999999,0.9416666666666668,0.9249999999999999,0.8291666666666668,0.15,-0.8348124999999998,-0.9249999999999999,0.95,0.95
1587,0.06666666666666667,0.9583333333333334,0.925,0.8916666666666667,0.12083333333333335,-0.87875,-0.925,1.0,0.95
1588,0.13333333333333333,0.9583333333333334,0.925,0.8250000000000001,0.12916666666666665,-0.879328125,-0.925,0.9750000000000001,0.975
1589,0.15,0.9166666666666666,0.9,0.7666666666666666,0.1416666666666667,-0.7700625000000001,-0.9,0.925,0.925
1590,0.0625,0.9499999999999998,0.9249999999999999,0.8874999999999998,0.15833333333333335,-0.8567812499999999,-0.9249999999999999,0.9750000000000001,0.95
1591,0.11666666666666668,0.9083333333333333,0.875,0.7916666666666666,0.15833333333333333,-0.7486718750000001,-0.925,0.875,0.925
1592,0.10833333333333335,0.9583333333333334,0.925,0.85,0.17916666666666667,-0.87875,-0.925,1.0,0.95
1593,0.08333333333333337,0.9166666666666666,0.85,0.8333333333333333,0.125,-0.767125,-0.85,0.9500000000000001,0.95
1594,0.10416666666666664,0.9333333333333332,0.9249999999999999,0.8291666666666666,0.15833333333333333,-0.81284375,-0.95,0.925,0.9249999999999999
1595,0.10416666666666667,0.9583333333333334,0.95,0.8541666666666667,0.1416666666666667,-0.8799374999999999,-0.9750000000000001,0.95,0.95
1596,0.14583333333333334,0.9250000000000002,0.9,0.7791666666666668,0.16249999999999998,-0.790875,-0.9,0.925,0.95
1597,0.045833333333333316,0.975,0.95,0.9291666666666667,0.13749999999999998,-0.92625,-0.9750000000000001,1.0,0.95
1598,0.22083333333333333,0.9500000000000001,0.925,0.7291666666666667,0.09999999999999998,-0.85678125,-0.9750000000000001,0.925,0.95
1599,0.1041666666666667,0.9333333333333332,0.875,0.8291666666666665,0.15,-0.809375,-0.9249999999999999,0.875,1.0
1600,0.2125,0.9416666666666668,0.925,0.7291666666666667,0.15416666666666665,-0.8348125000000002,-0.925,0.9500000000000001,0.9500000000000001
1601,0.04583333333333334,0.9333333333333335,0.9,0.8875000000000002,0.10833333333333334,-0.8116875,-0.9,0.925,0.975
1602,0.03333333333333335,0.9416666666666668,0.8500000000000001,0.9083333333333334,0.18749999999999997,-0.8287500000000001,-0.975,1.0,0.8500000000000001
1603,0.14166666666666664,0.9500000000000002,0.925,0.8083333333333336,0.15416666666666667,-0.8567812500000003,-0.9750000000000001,0.925,0.9500000000000002
1604,0.13750000000000004,0.9833333333333334,0.975,0.8458333333333333,0.09166666666666669,-0.950625,-0.975,0.9750000000000001,1.0
1605,0.12916666666666668,0.9499999999999998,0.95,0.8208333333333332,0.12916666666666665,-0.8573749999999999,-0.9500000000000001,0.95,0.95
1606,0.033333333333333326,0.9499999999999998,0.8999999999999999,0.9166666666666665,0.14583333333333334,-0.8549999999999999,-0.95,1.0,0.8999999999999999
1607,0.08333333333333333,0.9500000000000002,0.925,0.8666666666666668,0.15,-0.8567812500000002,-0.975,0.9500000000000002,0.925
1608,0.11249999999999999,0.9416666666666668,0.925,0.8291666666666668,0.09166666666666667,-0.8348125000000001,-0.95,0.9500000000000002,0.925
1609,0.10833333333333332,0.9416666666666668,0.925,0.8333333333333335,0.14583333333333334,-0.8348125,-0.95,0.925,0.95
1610,0.12916666666666668,0.9333333333333332,0.9000000000000001,0.8041666666666666,0.10000000000000002,-0.8122500000000001,-0.9500000000000001,0.9000000000000001,0.95
1611,0.025000000000000005,0.9499999999999998,0.8999999999999999,0.9249999999999998,0.1333333333333333,-0.8549999999999999,-1.0,0.8999999999999999,0.95
1612,0.12499999999999999,0.9166666666666666,0.875,0.7916666666666666,0.17500000000000004,-0.7689062500000001,-0.925,0.9500000000000001,0.875
1613,0.05416666666666665,0.9500000000000001,0.9000000000000001,0.8958333333333334,0.11666666666666665,-0.8550000000000001,-0.9000000000000001,0.95,1.0
1614,0.11250000000000004,0.9416666666666668,0.925,0.8291666666666667,0.10416666666666667,-0.8348125000000001,-0.9500000000000001,0.925,0.95
1615,0.07500000000000002,0.9249999999999999,0.875,0.8499999999999999,0.15,-0.789140625,-0.9249999999999999,0.875,0.9750000000000001
1616,0.0625,0.9500000000000001,0.9249999999999999,0.8875000000000001,0.09583333333333333,-0.85678125,-0.9500000000000001,0.9750000000000001,0.9249999999999999
1617,0.125,0.9416666666666668,0.8999999999999999,0.8166666666666668,0.10833333333333335,-0.8324999999999999,-0.925,0.8999999999999999,1.0
1618,0.07500000000000001,0.9583333333333334,0.925,0.8833333333333333,0.10000000000000002,-0.8787500000000003,-1.0,0.925,0.9500000000000002
1619,0.0666666666666667,0.9833333333333334,0.975,0.9166666666666667,0.14583333333333337,-0.950625,-1.0,0.975,0.9750000000000001
1620,0.07500000000000002,0.9333333333333332,0.875,0.8583333333333332,0.13333333333333333,-0.8093750000000001,-0.925,0.875,1.0
1621,0.09583333333333334,0.9333333333333332,0.9,0.8374999999999999,0.16666666666666666,-0.81225,-0.95,0.95,0.9
1622,0.09583333333333333,0.9416666666666668,0.9,0.8458333333333334,0.14166666666666666,-0.8336250000000002,-0.9,0.9500000000000001,0.9750000000000001
1623,0.14583333333333334,0.9583333333333334,0.875,0.8125,0.1541666666666667,-0.875,-1.0,0.875,1.0
1624,0.075,0.9666666666666668,0.9500000000000002,0.8916666666666668,0.05833333333333335,-0.9030937500000004,-0.9750000000000001,0.9500000000000002,0.9750000000000001
1625,0.09999999999999998,0.9583333333333334,0.925,0.8583333333333334,0.12916666666666665,-0.8787500000000001,-0.925,1.0,0.9500000000000001
1626,0.07499999999999997,0.9499999999999998,0.925,0.8749999999999999,0.15000000000000002,-0.8567812499999999,-0.975,0.925,0.95
1627,0.125,0.9333333333333332,0.9000000000000001,0.8083333333333332,0.09999999999999999,-0.8116875000000001,-0.9249999999999999,0.9750000000000001,0.9000000000000001
1628,0.1041666666666667,0.975,0.95,0.8708333333333332,0.11666666666666668,-0.92625,-0.95,0.9750000000000001,1.0
1629,0.07499999999999996,0.9583333333333334,0.95,0.8833333333333334,0.1875,-0.8799374999999998,-0.975,0.95,0.95
1630,0.12499999999999999,0.9416666666666668,0.9249999999999999,0.8166666666666668,0.19166666666666665,-0.834234375,-0.9249999999999999,0.9750000000000001,0.925
1631,0.14583333333333334,0.9333333333333332,0.925,0.7874999999999999,0.17916666666666667,-0.8128437500000001,-0.95,0.925,0.925
1632,0.09166666666666667,0.9083333333333333,0.875,0.8166666666666667,0.1625,-0.748671875,-0.9249999999999999,0.925,0.875
1633,0.1791666666666667,0.9249999999999999,0.8999999999999999,0.7458333333333332,0.09999999999999999,-0.790875,-0.925,0.9500000000000001,0.8999999999999999
1634,0.11666666666666665,0.9500000000000001,0.925,0.8333333333333334,0.12916666666666665,-0.85678125,-0.95,0.9750000000000001,0.925
1635,0.09583333333333333,0.9583333333333334,0.925,0.8625,0.17083333333333336,-0.879328125,-0.9750000000000001,0.925,0.975
1636,0.058333333333333355,0.9499999999999998,0.95,0.8916666666666665,0.15,-0.8573749999999999,-0.95,0.95,0.95
1637,0.1125,0.9416666666666668,0.9000000000000001,0.8291666666666667,0.10833333333333332,-0.8336250000000003,-0.9750000000000001,0.9500000000000001,0.9000000000000001
1638,0.075,0.9583333333333334,0.95,0.8833333333333334,0.21666666666666665,-0.8799375,-0.95,0.95,0.9750000000000001
1639,0.18333333333333335,0.8916666666666666,0.85,0.7083333333333333,0.11249999999999998,-0.7076250000000001,-0.85,0.925,0.9000000000000001
1640,0.09583333333333331,0.9500000000000001,0.9249999999999999,0.8541666666666667,0.12916666666666668,-0.855625,-0.9249999999999999,0.925,1.0
1641,0.20833333333333334,0.9333333333333332,0.875,0.7249999999999999,0.11666666666666668,-0.809375,-0.9249999999999999,0.875,1.0
1642,0.0833333333333333,0.9416666666666668,0.9249999999999999,0.8583333333333335,0.17083333333333336,-0.834234375,-0.925,0.9750000000000001,0.9249999999999999
1643,0.10416666666666663,0.9500000000000001,0.9249999999999999,0.8458333333333334,0.13749999999999998,-0.85678125,-0.9750000000000001,0.9500000000000001,0.9249999999999999
1644,0.09999999999999999,0.9666666666666667,0.95,0.8666666666666667,0.09583333333333334,-0.9025,-0.95,0.95,1.0
1645,0.04999999999999999,0.9499999999999998,0.925,0.8999999999999999,0.1708333333333333,-0.8567812499999999,-0.975,0.95,0.925
1646,0.10833333333333332,0.9416666666666668,0.925,0.8333333333333335,0.19583333333333333,-0.8348125000000001,-0.925,0.95,0.9500000000000001
1647,0.14166666666666664,0.9500000000000001,0.925,0.8083333333333335,0.07916666666666666,-0.8567812500000002,-0.925,0.95,0.9750000000000001
1648,0.1416666666666667,0.9166666666666666,0.875,0.7749999999999999,0.1416666666666667,-0.76890625,-0.95,0.875,0.925
1649,0.07916666666666665,0.9500000000000001,0.9000000000000001,0.8708333333333335,0.10833333333333334,-0.8555625,-0.9750000000000001,0.9000000000000001,0.9749999999999999
1650,0.15416666666666665,0.9666666666666668,0.925,0.8125000000000001,0.2041666666666667,-0.9018750000000001,-0.9750000000000001,1.0,0.925
1651,0.025000000000000005,0.975,0.95,0.95,0.16666666666666666,-0.92625,-0.95,0.9750000000000001,1.0
1652,0.08333333333333336,0.9583333333333334,0.9249999999999999,0.875,0.1416666666666667,-0.8787499999999999,-0.9249999999999999,1.0,0.95
1653,0.10833333333333332,0.9583333333333334,0.925,0.8500000000000001,0.17499999999999996,-0.8787500000000001,-0.925,1.0,0.9500000000000001
1654,0.11666666666666665,0.9750000000000001,0.9500000000000002,0.8583333333333334,0.08333333333333331,-0.9262500000000002,-0.9500000000000002,0.9750000000000001,1.0
1655,0.05416666666666665,0.9083333333333333,0.825,0.8541666666666666,0.12916666666666668,-0.7440468749999999,-0.825,0.925,0.975
1656,0.09999999999999999,0.9333333333333332,0.875,0.8333333333333333,0.09999999999999999,-0.8104687500000001,-0.9750000000000001,0.95,0.875
1657,0.05000000000000001,0.9583333333333334,0.9249999999999999,0.9083333333333333,0.1583333333333333,-0.8793281249999999,-0.975,0.975,0.9249999999999999
1658,0.17500000000000004,0.9249999999999999,0.875,0.7499999999999999,0.16666666666666666,-0.7896875,-0.875,0.95,0.9500000000000001
1659,0.06666666666666667,0.9666666666666667,0.9249999999999999,0.9,0.15416666666666665,-0.901875,-1.0,0.9750000000000001,0.9249999999999999
1660,0.03333333333333333,0.9333333333333332,0.8999999999999999,0.8999999999999999,0.1708333333333333,-0.8116874999999999,-0.9750000000000001,0.8999999999999999,0.9249999999999999
1661,0.16666666666666666,0.9500000000000001,0.8999999999999999,0.7833333333333334,0.10416666666666669,-0.8555625,-0.975,0.9750000000000001,0.8999999999999999
1662,0.075,0.9583333333333334,0.95,0.8833333333333334,0.10833333333333334,-0.8799374999999998,-0.95,0.975,0.95
1663,0.09999999999999998,0.9416666666666668,0.9249999999999999,0.8416666666666668,0.125,-0.834234375,-0.9750000000000001,0.925,0.9249999999999999
1664,0.075,0.9333333333333332,0.875,0.8583333333333333,0.07916666666666669,-0.809375,-0.9249999999999999,0.875,1.0
1665,0.09583333333333333,0.9750000000000001,0.9500000000000001,0.8791666666666668,0.12499999999999999,-0.92625,-1.0,0.9500000000000001,0.975
1666,0.13333333333333333,0.9416666666666668,0.9249999999999999,0.8083333333333335,0.12916666666666668,-0.8342343750000001,-0.9249999999999999,0.925,0.9750000000000001
1667,0.12916666666666668,0.9583333333333334,0.925,0.8291666666666667,0.125,-0.87875,-0.925,0.95,1.0
1668,0.2208333333333333,0.9416666666666668,0.925,0.7208333333333334,0.1708333333333333,-0.8348125000000002,-0.9500000000000001,0.925,0.9500000000000001
1669,0.12916666666666665,0.9,0.875,0.7708333333333334,0.1791666666666667,-0.7284375,-0.925,0.875,0.8999999999999999
1670,0.12083333333333335,0.9583333333333334,0.925,0.8375,0.1625,-0.87875,-1.0,0.925,0.95
1671,0.10416666666666667,0.9583333333333334,0.95,0.8541666666666667,0.1625,-0.8799374999999998,-0.9749999999999999,0.9500000000000001,0.95
1672,0.11666666666666665,0.9833333333333334,0.95,0.8666666666666667,0.15833333333333335,-0.95,-1.0,1.0,0.95
1673,0.15416666666666667,0.9583333333333334,0.925,0.8041666666666667,0.1625,-0.879328125,-0.925,0.9750000000000001,0.9749999999999999
1674,0.07916666666666668,0.9416666666666668,0.925,0.8625,0.13749999999999998,-0.8348125000000004,-0.925,0.9500000000000002,0.9500000000000002
1675,0.05833333333333333,0.9166666666666666,0.8500000000000001,0.8583333333333333,0.1208333333333333,-0.7671250000000001,-0.95,0.9500000000000001,0.8500000000000001
1676,0.12083333333333335,0.9166666666666666,0.85,0.7958333333333333,0.15416666666666665,-0.767125,-0.85,0.95,0.95
1677,0.06666666666666667,0.9500000000000001,0.9249999999999999,0.8833333333333334,0.1125,-0.8567812499999999,-0.975,0.9500000000000001,0.9249999999999999
1678,0.1208333333333333,0.9583333333333334,0.9500000000000001,0.8375,0.11249999999999999,-0.8799375000000002,-0.9500000000000001,0.975,0.9500000000000002
1679,0.05416666666666666,0.9416666666666668,0.9249999999999999,0.8875000000000001,0.15000000000000002,-0.834234375,-0.9249999999999999,0.9750000000000001,0.925
1680,0.05833333333333335,0.9166666666666666,0.875,0.8583333333333333,0.12083333333333333,-0.76890625,-0.925,0.95,0.875
1681,0.11249999999999998,0.9583333333333334,0.925,0.8458333333333334,0.15416666666666667,-0.87875,-0.925,1.0,0.95
1682,0.08749999999999998,0.9666666666666668,0.95,0.8791666666666668,0.12083333333333333,-0.9025000000000001,-0.9500000000000002,1.0,0.95
1683,0.13749999999999998,0.9583333333333334,0.925,0.8208333333333334,0.08333333333333333,-0.8793281250000001,-0.9750000000000001,0.925,0.9750000000000001
1684,0.09583333333333334,0.9416666666666668,0.9,0.8458333333333334,0.1125,-0.8336250000000001,-0.9750000000000001,0.9,0.95
1685,0.1125,0.9583333333333334,0.925,0.8458333333333333,0.14583333333333334,-0.8787500000000003,-1.0,0.925,0.9500000000000002
1686,0.15416666666666665,0.9666666666666668,0.9500000000000001,0.8125000000000001,0.17500000000000002,-0.9030937500000003,-0.9500000000000001,0.9750000000000001,0.9750000000000001
1687,0.05416666666666666,0.9333333333333332,0.875,0.8791666666666665,0.15,-0.8093750000000001,-1.0,0.925,0.875
1688,0.10833333333333328,0.9416666666666668,0.9249999999999999,0.8333333333333335,0.17083333333333336,-0.8348125000000001,-0.9500000000000002,0.95,0.9249999999999999
1689,0.075,0.9166666666666666,0.8999999999999999,0.8416666666666667,0.1333333333333334,-0.7700624999999999,-0.9249999999999999,0.925,0.8999999999999999
1690,0.12083333333333335,0.9583333333333334,0.925,0.8375,0.19166666666666674,-0.87875,-0.925,0.95,1.0
1691,0.10833333333333332,0.9833333333333334,0.9750000000000001,0.8750000000000001,0.07916666666666668,-0.9506250000000002,-1.0,0.9750000000000001,0.9750000000000001
1692,0.13333333333333333,0.9416666666666668,0.8999999999999999,0.8083333333333335,0.1875,-0.8336249999999998,-0.8999999999999999,0.9500000000000001,0.9749999999999999
1693,0.06666666666666665,0.9416666666666668,0.875,0.8750000000000001,0.1125,-0.8312500000000002,-1.0,0.9500000000000002,0.875
1694,0.07916666666666668,0.9583333333333334,0.95,0.8791666666666667,0.16666666666666663,-0.8799374999999999,-0.9750000000000001,0.95,0.95
1695,0.08333333333333333,0.9499999999999998,0.9249999999999999,0.8666666666666665,0.17500000000000002,-0.8556249999999999,-0.9249999999999999,0.9249999999999999,1.0
1696,0.12083333333333333,0.9500000000000001,0.925,0.8291666666666667,0.16249999999999998,-0.85678125,-0.9750000000000001,0.925,0.95
1697,0.07916666666666666,0.9666666666666668,0.95,0.8875000000000002,0.16666666666666666,-0.9030937500000001,-0.9750000000000001,0.9750000000000001,0.95
1698,0.1708333333333333,0.9666666666666668,0.925,0.7958333333333335,0.1625,-0.9018750000000001,-1.0,0.925,0.9750000000000001
1699,0.13333333333333333,0.9499999999999998,0.925,0.8166666666666665,0.15000000000000002,-0.8567812499999999,-0.95,0.925,0.9749999999999999
1700,0.09999999999999999,0.9500000000000001,0.925,0.8500000000000001,0.10833333333333335,-0.8567812500000002,-0.95,0.925,0.9750000000000001
1701,0.13749999999999998,0.9416666666666668,0.9,0.8041666666666668,0.0833333333333333,-0.8336250000000001,-0.9749999999999999,0.9,0.9500000000000002
1702,0.1125,0.9583333333333334,0.925,0.8458333333333333,0.11666666666666668,-0.87875,-0.95,1.0,0.925
1703,0.11666666666666668,0.975,0.9500000000000001,0.8583333333333333,0.21666666666666667,-0.92625,-0.9500000000000001,0.975,1.0
1704,0.10833333333333334,0.9666666666666667,0.95,0.8583333333333334,0.1125,-0.9025,-1.0,0.95,0.9500000000000001
1705,0.12499999999999996,0.9583333333333334,0.95,0.8333333333333334,0.10416666666666667,-0.8799374999999999,-0.95,0.9750000000000001,0.95
1706,0.13749999999999996,1.0,1.0,0.8625,0.19166666666666665,-1.0,-1.0,1.0,1.0
1707,0.050000000000000024,0.9583333333333334,0.925,0.9083333333333333,0.10416666666666667,-0.8787500000000003,-0.925,0.9500000000000002,1.0
1708,0.125,0.9583333333333334,0.925,0.8333333333333334,0.12916666666666668,-0.87875,-0.95,0.925,1.0
1709,0.125,0.975,0.95,0.85,0.13749999999999998,-0.9262499999999999,-0.95,1.0,0.975
1710,0.10416666666666664,0.9250000000000002,0.85,0.8208333333333335,0.15833333333333335,-0.7873125000000002,-0.85,0.9750000000000001,0.9500000000000001
1711,0.26666666666666666,0.9333333333333335,0.9000000000000001,0.6666666666666667,0.125,-0.8122500000000002,-0.95,0.9000000000000001,0.9500000000000002
1712,0.08333333333333333,0.9416666666666668,0.925,0.8583333333333334,0.1333333333333333,-0.8348125000000001,-0.9500000000000002,0.95,0.925
1713,0.07083333333333335,0.8833333333333334,0.8250000000000001,0.8125000000000001,0.19166666666666665,-0.68578125,-0.8250000000000001,0.875,0.95
1714,0.08749999999999998,0.975,0.95,0.8875,0.1666666666666666,-0.92625,-0.95,0.9750000000000001,1.0
1715,0.08750000000000001,0.9,0.825,0.8125,0.10000000000000002,-0.72496875,-0.925,0.9500000000000001,0.825
1716,0.15416666666666667,0.9750000000000001,0.9500000000000001,0.8208333333333334,0.15,-0.9262500000000001,-0.9750000000000001,1.0,0.9500000000000001
1717,0.18333333333333335,0.9583333333333334,0.925,0.775,0.10416666666666667,-0.8787500000000001,-0.9500000000000001,1.0,0.925
1718,0.125,0.9583333333333334,0.95,0.8333333333333334,0.14166666666666664,-0.8799375,-0.9500000000000001,0.9750000000000001,0.95
1719,0.07083333333333332,0.9416666666666668,0.9,0.8708333333333335,0.19166666666666668,-0.833625,-0.9,0.975,0.95
1720,0.09583333333333334,0.9750000000000001,0.9500000000000001,0.8791666666666668,0.13333333333333336,-0.9262500000000001,-1.0,0.9500000000000001,0.9750000000000001
1721,0.09999999999999998,0.9249999999999999,0.9,0.825,0.11666666666666665,-0.7908749999999999,-0.9,0.95,0.9249999999999999
1722,0.18333333333333332,0.9250000000000002,0.875,0.7416666666666668,0.1125,-0.7891406250000002,-0.875,0.925,0.9750000000000001
1723,0.05416666666666667,0.9416666666666668,0.925,0.8875000000000001,0.14583333333333334,-0.8348125,-0.925,0.95,0.95
1724,0.06666666666666665,0.9166666666666666,0.9,0.85,0.13750000000000004,-0.7700625000000001,-0.925,0.925,0.9
1725,0.125,0.9666666666666668,0.925,0.8416666666666668,0.1458333333333333,-0.9018750000000001,-0.925,0.9750000000000001,1.0
1726,0.14583333333333334,0.9500000000000002,0.95,0.8041666666666668,0.15,-0.8573750000000002,-0.9500000000000002,0.95,0.9500000000000002
1727,0.1125,0.9416666666666668,0.8999999999999999,0.8291666666666667,0.10000000000000002,-0.833625,-0.9500000000000001,0.975,0.8999999999999999
1728,0.06666666666666667,0.9083333333333333,0.8999999999999999,0.8416666666666667,0.15833333333333333,-0.74925,-0.9,0.925,0.8999999999999999
1729,0.06249999999999998,0.9416666666666668,0.8500000000000001,0.8791666666666668,0.20000000000000004,-0.8287500000000002,-0.9750000000000001,0.8500000000000001,1.0
1730,0.12916666666666668,0.9416666666666668,0.925,0.8125000000000001,0.14166666666666664,-0.834234375,-0.975,0.925,0.925
1731,0.17500000000000002,0.9666666666666668,0.9500000000000001,0.7916666666666667,0.1875,-0.9025000000000002,-1.0,0.9500000000000001,0.9500000000000002
1732,0.08333333333333336,0.9666666666666668,0.925,0.8833333333333334,0.09583333333333333,-0.9018750000000001,-0.9750000000000001,1.0,0.925
1733,0.09999999999999999,0.9333333333333332,0.9249999999999999,0.8333333333333333,0.14583333333333331,-0.81284375,-0.9249999999999999,0.9500000000000001,0.9249999999999999
1734,0.10416666666666664,0.9666666666666668,0.9500000000000002,0.8625000000000002,0.13749999999999998,-0.9030937500000004,-0.9500000000000002,0.9750000000000001,0.9750000000000001
1735,0.11666666666666664,0.9416666666666668,0.9,0.8250000000000002,0.07083333333333335,-0.8325,-1.0,0.9,0.925
1736,0.07916666666666668,0.9249999999999999,0.8999999999999999,0.8458333333333332,0.10416666666666667,-0.7897500000000001,-0.9,0.8999999999999999,0.9750000000000001
1737,0.1625,0.9500000000000002,0.925,0.7875000000000002,0.09999999999999999,-0.8567812500000002,-0.9500000000000002,0.975,0.925
1738,0.02916666666666667,0.9666666666666668,0.925,0.9375000000000001,0.09166666666666667,-0.9018750000000001,-0.925,0.9750000000000001,1.0
1739,0.12916666666666668,0.9416666666666668,0.925,0.8125000000000001,0.1416666666666667,-0.8342343750000001,-0.925,0.9750000000000001,0.925
1740,0.07916666666666666,0.9500000000000001,0.95,0.8708333333333333,0.09999999999999998,-0.857375,-0.9500000000000001,0.9500000000000001,0.95
1741,0.06666666666666664,0.9666666666666667,0.95,0.9,0.10833333333333334,-0.9030937499999999,-0.975,0.95,0.975
1742,0.14166666666666666,0.9666666666666668,0.9500000000000001,0.8250000000000002,0.13333333333333333,-0.9030937500000003,-0.9750000000000001,0.9500000000000001,0.9750000000000001
1743,0.1166666666666667,0.9499999999999998,0.925,0.8333333333333331,0.12916666666666668,-0.8567812499999999,-0.975,0.925,0.95
1744,0.1791666666666667,0.9249999999999999,0.8999999999999999,0.7458333333333332,0.25833333333333336,-0.7897500000000001,-0.9,0.8999999999999999,0.9750000000000001
1745,0.1958333333333333,0.9583333333333334,0.95,0.7625000000000001,0.10000000000000002,-0.8799374999999999,-0.9750000000000001,0.95,0.95
1746,0.12500000000000003,0.9333333333333332,0.925,0.8083333333333332,0.10000000000000002,-0.8128437500000001,-0.925,0.95,0.925
1747,0.041666666666666685,0.9666666666666668,0.95,0.925,0.18750000000000003,-0.90309375,-0.975,0.9750000000000001,0.95
1748,0.09583333333333334,0.9583333333333334,0.9,0.8625,0.09166666666666667,-0.8775000000000001,-0.9750000000000001,1.0,0.9
1749,0.19166666666666665,0.9166666666666666,0.9,0.725,0.1208333333333333,-0.7695,-0.9,0.9,0.95
1750,0.14583333333333334,0.9833333333333334,0.9750000000000001,0.8375,0.15833333333333333,-0.9506250000000002,-1.0,0.9750000000000001,0.9750000000000001
1751,0.14166666666666664,0.9666666666666668,0.9500000000000001,0.8250000000000002,0.10000000000000002,-0.9025000000000002,-1.0,0.9500000000000001,0.9500000000000002
1752,0.21666666666666667,0.9499999999999998,0.95,0.7333333333333332,0.18333333333333335,-0.8573749999999999,-0.95,0.95,0.95
1753,0.11250000000000004,0.9833333333333334,0.975,0.8708333333333333,0.2125,-0.950625,-0.975,0.9750000000000001,1.0
1754,0.13333333333333333,0.9249999999999999,0.9249999999999999,0.7916666666666666,0.15416666666666665,-0.791453125,-0.925,0.925,0.9249999999999999
1755,0.10416666666666664,0.9499999999999998,0.9,0.8458333333333332,0.1125,-0.855,-1.0,0.9,0.95
1756,0.12916666666666668,0.9666666666666667,0.95,0.8375,0.13749999999999998,-0.90309375,-0.95,0.9750000000000001,0.975
1757,0.08333333333333333,0.9583333333333334,0.925,0.875,0.10000000000000002,-0.8787500000000001,-1.0,0.9500000000000001,0.925
1758,0.06666666666666667,0.9750000000000001,0.975,0.9083333333333334,0.09583333333333333,-0.9268593750000002,-0.9750000000000001,0.975,0.9750000000000001
1759,0.09166666666666663,0.975,0.95,0.8833333333333333,0.17499999999999996,-0.9262499999999998,-0.95,1.0,0.9749999999999999
1760,0.13333333333333333,0.9666666666666668,0.9500000000000002,0.8333333333333335,0.1458333333333333,-0.9030937500000004,-0.9750000000000001,0.9750000000000001,0.9500000000000002
1761,0.08750000000000001,0.9666666666666668,0.95,0.8791666666666668,0.13750000000000004,-0.9025,-0.9500000000000001,1.0,0.95
1762,0.1708333333333333,0.975,0.95,0.8041666666666667,0.03333333333333333,-0.92625,-1.0,0.9750000000000001,0.95
1763,0.2708333333333333,0.9666666666666668,0.9500000000000002,0.6958333333333335,0.11249999999999999,-0.9030937500000004,-0.9500000000000002,0.9750000000000001,0.9750000000000001
1764,0.13749999999999998,0.9416666666666668,0.925,0.8041666666666668,0.09583333333333337,-0.8348125000000003,-0.925,0.9500000000000001,0.9500000000000002
1765,0.10000000000000002,0.975,0.925,0.875,0.1125,-0.925,-1.0,1.0,0.925
1766,0.13749999999999998,0.9499999999999998,0.9249999999999999,0.8124999999999999,0.14166666666666664,-0.855625,-1.0,0.9249999999999999,0.925
1767,0.08750000000000001,0.9333333333333332,0.875,0.8458333333333332,0.09583333333333333,-0.8104687500000001,-0.95,0.9750000000000001,0.875
1768,0.09999999999999998,0.9583333333333334,0.95,0.8583333333333334,0.11249999999999999,-0.8799375,-0.975,0.9500000000000002,0.95
1769,0.15416666666666665,0.9666666666666668,0.9500000000000001,0.8125000000000001,0.18749999999999997,-0.9030937500000003,-0.9750000000000001,0.9750000000000001,0.9500000000000001
1770,0.0625,0.9333333333333332,0.875,0.8708333333333332,0.2291666666666667,-0.8093750000000001,-0.925,1.0,0.875
1771,0.12499999999999999,0.9416666666666668,0.85,0.8166666666666668,0.15416666666666665,-0.82875,-1.0,0.85,0.975
1772,0.10416666666666663,0.9833333333333334,0.975,0.8791666666666668,0.15833333333333333,-0.950625,-1.0,0.975,0.9750000000000001
1773,0.15,0.9333333333333332,0.8999999999999999,0.7833333333333332,0.1125,-0.8122499999999999,-0.95,0.95,0.8999999999999999
1774,0.07083333333333335,0.9333333333333332,0.875,0.8624999999999999,0.12916666666666668,-0.8104687500000001,-0.875,0.9750000000000001,0.95
1775,0.18333333333333332,0.9583333333333334,0.95,0.775,0.17916666666666667,-0.8799374999999999,-0.975,0.95,0.9500000000000001
1776,0.11666666666666665,0.9666666666666668,0.95,0.8500000000000001,0.1416666666666667,-0.90309375,-0.9750000000000001,0.975,0.95
1777,0.13749999999999998,0.9333333333333332,0.925,0.7958333333333333,0.14166666666666664,-0.8128437500000001,-0.925,0.925,0.95
1778,0.13749999999999998,0.9583333333333334,0.8999999999999999,0.8208333333333334,0.11250000000000003,-0.8775,-0.9750000000000001,1.0,0.8999999999999999
1779,0.12916666666666668,0.9083333333333333,0.9,0.7791666666666667,0.15416666666666665,-0.7492500000000001,-0.9000000000000001,0.925,0.9
1780,0.15,0.9333333333333335,0.9000000000000001,0.7833333333333334,0.11666666666666665,-0.8116875000000001,-0.9249999999999999,0.9000000000000001,0.9750000000000001
1781,0.09166666666666667,0.975,0.95,0.8833333333333333,0.1875,-0.92625,-1.0,0.9750000000000001,0.95
1782,0.1041666666666667,0.9416666666666668,0.925,0.8375,0.13749999999999998,-0.834234375,-0.975,0.925,0.925
1783,0.075,0.9166666666666666,0.875,0.8416666666666667,0.15416666666666667,-0.7689062500000001,-0.875,0.9500000000000001,0.925
1784,0.09583333333333333,0.9,0.8500000000000001,0.8041666666666667,0.13333333333333333,-0.7272812500000001,-0.925,0.8500000000000001,0.925
1785,0.08333333333333333,0.9416666666666668,0.9249999999999999,0.8583333333333334,0.17500000000000002,-0.8348125,-0.9249999999999999,0.9500000000000001,0.95
1786,0.11666666666666668,0.9666666666666667,0.95,0.85,0.09999999999999998,-0.90309375,-0.9750000000000001,0.95,0.975
1787,0.08333333333333336,0.9416666666666668,0.875,0.8583333333333334,0.1208333333333333,-0.8312499999999999,-0.875,0.95,1.0
1788,0.19166666666666665,0.9416666666666668,0.925,0.7500000000000001,0.17083333333333336,-0.8348125000000001,-0.9500000000000001,0.925,0.95
1789,0.18333333333333335,0.9666666666666668,0.9500000000000001,0.7833333333333334,0.16666666666666666,-0.9025000000000002,-0.9500000000000002,0.9500000000000001,1.0
1790,0.11249999999999999,0.9500000000000002,0.925,0.8375000000000001,0.11666666666666668,-0.8567812500000002,-0.9750000000000001,0.9500000000000001,0.925
1791,0.10416666666666667,0.9666666666666668,0.95,0.8625000000000002,0.1875,-0.90309375,-0.975,0.9750000000000001,0.95
1792,0.09166666666666669,0.9750000000000001,0.9500000000000001,0.8833333333333334,0.21249999999999994,-0.9262500000000001,-0.9500000000000001,1.0,0.9750000000000001
1793,0.1083333333333333,0.9583333333333334,0.9249999999999999,0.8500000000000001,0.13749999999999998,-0.8787499999999999,-0.9249999999999999,1.0,0.95
1794,0.13333333333333333,0.9250000000000002,0.9,0.7916666666666669,0.20833333333333334,-0.7897500000000002,-0.9750000000000001,0.9000000000000001,0.9
1795,0.25833333333333336,0.9666666666666668,0.9500000000000001,0.7083333333333335,0.08750000000000002,-0.9030937500000001,-0.975,0.9500000000000001,0.9750000000000001
1796,0.12499999999999996,0.9500000000000001,0.925,0.8250000000000001,0.09583333333333333,-0.8556250000000001,-1.0,0.925,0.925
1797,0.15416666666666667,0.9499999999999998,0.95,0.7958333333333332,0.12083333333333335,-0.8573749999999999,-0.95,0.95,0.95
1798,0.1708333333333333,0.9083333333333335,0.9,0.7375000000000003,0.08333333333333333,-0.7492500000000001,-0.9,0.925,0.9000000000000001
1799,0.16249999999999998,0.9750000000000001,0.9500000000000001,0.8125000000000001,0.13333333333333333,-0.9262500000000001,-1.0,0.9500000000000001,0.9750000000000001
1800,0.07500000000000001,0.9666666666666668,0.95,0.8916666666666668,0.12499999999999996,-0.9030937500000001,-0.9750000000000001,0.9750000000000001,0.95
1801,0.15,0.9916666666666667,0.9750000000000001,0.8416666666666667,0.20833333333333334,-0.9750000000000001,-0.9750000000000001,1.0,1.0
1802,0.12083333333333335,0.9750000000000001,0.9500000000000002,0.8541666666666667,0.11666666666666665,-0.9262500000000001,-0.975,0.9500000000000002,1.0
1803,0.17499999999999996,0.9416666666666668,0.8999999999999999,0.7666666666666668,0.12500000000000003,-0.833625,-0.9500000000000001,0.8999999999999999,0.975
1804,0.07083333333333335,0.9499999999999998,0.925,0.8791666666666665,0.20833333333333334,-0.8567812499999999,-0.975,0.925,0.95
1805,0.14583333333333334,0.9583333333333334,0.925,0.8125,0.08750000000000001,-0.87875,-1.0,0.925,0.95
1806,0.07083333333333333,0.9250000000000002,0.9000000000000001,0.8541666666666669,0.13749999999999998,-0.7908750000000001,-0.9000000000000001,0.925,0.95
1807,0.08749999999999998,0.9166666666666666,0.9,0.8291666666666666,0.20000000000000004,-0.7700625000000001,-0.9,0.925,0.925
1808,0.12083333333333333,0.9583333333333334,0.925,0.8375,0.125,-0.879328125,-0.925,0.975,0.975
1809,0.09583333333333337,0.9333333333333332,0.8999999999999999,0.8374999999999999,0.13750000000000004,-0.8122499999999999,-0.95,0.9500000000000001,0.8999999999999999
1810,0.10416666666666664,0.8916666666666666,0.8500000000000001,0.7875,0.16249999999999998,-0.707625,-0.925,0.8999999999999999,0.8500000000000001
1811,0.07500000000000001,1.0,1.0,0.925,0.1416666666666667,-1.0,-1.0,1.0,1.0
1812,0.13749999999999998,0.9500000000000001,0.95,0.8125000000000001,0.1416666666666667,-0.857375,-0.9500000000000001,0.9500000000000001,0.95
1813,0.07083333333333335,0.9500000000000001,0.925,0.8791666666666668,0.09583333333333333,-0.85678125,-0.925,0.95,0.975
1814,0.06666666666666667,0.9583333333333334,0.925,0.8916666666666667,0.1958333333333333,-0.8793281250000002,-0.9750000000000001,0.9750000000000001,0.925
1815,0.09583333333333337,0.9250000000000002,0.875,0.8291666666666668,0.07916666666666665,-0.7896875,-0.875,0.9500000000000001,0.95
1816,0.10833333333333335,0.9583333333333334,0.925,0.85,0.1125,-0.8793281250000002,-0.9750000000000001,0.9750000000000001,0.925
1817,0.08750000000000001,0.9500000000000001,0.925,0.8625,0.14166666666666666,-0.85678125,-0.9500000000000001,0.975,0.925
1818,0.09166666666666667,0.9666666666666667,0.95,0.875,0.16666666666666666,-0.9025,-0.95,0.95,1.0
1819,0.12083333333333335,0.9583333333333334,0.9249999999999999,0.8375,0.1125,-0.8787499999999999,-0.9249999999999999,1.0,0.95
1820,0.10833333333333332,0.9,0.825,0.7916666666666667,0.21666666666666667,-0.7239375,-0.825,0.8999999999999999,0.9750000000000001
1821,0.1125,0.9333333333333332,0.925,0.8208333333333332,0.13333333333333333,-0.8128437500000001,-0.95,0.925,0.925
1822,0.11249999999999998,0.9333333333333332,0.9,0.8208333333333333,0.10416666666666667,-0.8122500000000001,-0.9,0.9500000000000002,0.95
1823,0.05833333333333334,0.9666666666666668,0.95,0.9083333333333334,0.14166666666666664,-0.9030937500000001,-0.9750000000000001,0.9750000000000001,0.95
1824,0.1708333333333333,0.9583333333333334,0.95,0.7875000000000001,0.15416666666666665,-0.8799374999999999,-0.95,0.9500000000000001,0.975
1825,0.11249999999999999,0.9666666666666665,0.95,0.8541666666666665,0.08333333333333333,-0.9030937499999998,-0.9749999999999999,0.975,0.95
1826,0.07083333333333329,0.9083333333333333,0.875,0.8375,0.1583333333333333,-0.7481249999999999,-0.95,0.9,0.875
1827,0.07500000000000002,0.9249999999999999,0.8999999999999999,0.8499999999999999,0.16666666666666666,-0.790875,-0.925,0.95,0.8999999999999999
1828,0.12083333333333333,0.9416666666666668,0.8749999999999999,0.8208333333333334,0.14583333333333334,-0.8312499999999998,-0.8749999999999999,1.0,0.95
1829,0.07916666666666665,0.9500000000000001,0.9,0.8708333333333335,0.10416666666666667,-0.855,-0.9,0.95,1.0
1830,0.07500000000000002,0.9166666666666666,0.8999999999999999,0.8416666666666666,0.12499999999999999,-0.7695,-0.9000000000000001,0.8999999999999999,0.95
1831,0.13333333333333333,0.9583333333333334,0.9000000000000001,0.8250000000000001,0.08750000000000002,-0.8775000000000002,-0.9000000000000001,1.0,0.9750000000000001
1832,0.10416666666666669,0.9416666666666668,0.9,0.8375000000000001,0.1583333333333333,-0.8325,-1.0,0.925,0.9
1833,0.12083333333333335,0.9499999999999998,0.925,0.8291666666666665,0.18333333333333332,-0.8567812499999999,-0.95,0.975,0.925
1834,0.19583333333333333,0.9666666666666668,0.925,0.7708333333333335,0.12500000000000003,-0.9018750000000001,-0.9750000000000001,0.925,1.0
1835,0.10833333333333334,0.9333333333333335,0.875,0.8250000000000002,0.10416666666666667,-0.8104687500000001,-0.875,0.975,0.9500000000000001
1836,0.075,0.9500000000000001,0.9000000000000001,0.8750000000000001,0.14583333333333334,-0.8550000000000001,-0.95,0.9000000000000001,1.0
1837,0.1125,0.9333333333333332,0.925,0.8208333333333332,0.12916666666666668,-0.8128437500000001,-0.925,0.95,0.925
1838,0.07916666666666665,0.9499999999999998,0.95,0.8708333333333332,0.1416666666666667,-0.8573749999999999,-0.95,0.95,0.95
1839,0.09583333333333334,0.9666666666666668,0.95,0.8708333333333335,0.125,-0.9030937500000001,-0.95,0.9750000000000001,0.9750000000000001
1840,0.17500000000000002,0.9666666666666668,0.9500000000000002,0.7916666666666667,0.18333333333333335,-0.9030937500000004,-0.9500000000000002,0.9750000000000001,0.9750000000000001
1841,0.0708333333333333,0.9666666666666667,0.95,0.8958333333333334,0.08333333333333333,-0.9025,-0.95,0.95,1.0
1842,0.11249999999999999,0.9666666666666667,0.9249999999999999,0.8541666666666667,0.075,-0.901875,-0.9750000000000001,1.0,0.9249999999999999
1843,0.09583333333333331,0.9416666666666668,0.8999999999999999,0.8458333333333334,0.2291666666666667,-0.833625,-0.9750000000000001,0.8999999999999999,0.95
1844,0.05833333333333334,0.9416666666666668,0.925,0.8833333333333334,0.10416666666666664,-0.8348125,-0.925,0.95,0.95
1845,0.1708333333333333,0.975,0.925,0.8041666666666667,0.15416666666666667,-0.925,-0.925,1.0,1.0
1846,0.125,0.9166666666666666,0.875,0.7916666666666666,0.08333333333333333,-0.76890625,-0.925,0.95,0.875
1847,0.13749999999999998,0.9583333333333334,0.925,0.8208333333333334,0.16666666666666666,-0.8793281250000001,-0.925,0.9750000000000001,0.9750000000000001
1848,0.12083333333333335,0.9500000000000001,0.925,0.8291666666666667,0.15416666666666665,-0.85678125,-0.9750000000000001,0.925,0.95
1849,0.18333333333333335,0.9083333333333332,0.7749999999999999,0.7249999999999999,0.1708333333333333,-0.7362499999999998,-0.7749999999999999,0.95,1.0
1850,0.1583333333333333,0.9583333333333334,0.95,0.8,0.11249999999999998,-0.8799375000000002,-0.9750000000000001,0.9500000000000002,0.95
1851,0.125,0.9833333333333334,0.9750000000000001,0.8583333333333334,0.12083333333333335,-0.9506250000000002,-0.9750000000000001,0.9750000000000001,1.0
1852,0.09166666666666667,0.9416666666666668,0.925,0.8500000000000001,0.18749999999999997,-0.8348125,-0.95,0.9500000000000001,0.925
1853,0.12499999999999996,0.9416666666666665,0.9249999999999999,0.8166666666666665,0.15000000000000002,-0.834234375,-0.9249999999999999,0.9750000000000001,0.9249999999999999
1854,0.04583333333333334,0.9666666666666667,0.95,0.9208333333333334,0.19166666666666665,-0.9030937499999999,-0.95,0.9750000000000001,0.9749999999999999
1855,0.125,0.9499999999999998,0.925,0.8249999999999998,0.18333333333333335,-0.8567812499999999,-0.975,0.925,0.95
1856,0.10000000000000002,0.9583333333333334,0.8999999999999999,0.8583333333333334,0.2333333333333333,-0.8775,-0.8999999999999999,0.9750000000000001,1.0
1857,0.10416666666666663,0.9249999999999999,0.8999999999999999,0.8208333333333333,0.13749999999999998,-0.7908749999999999,-0.925,0.8999999999999999,0.95
1858,0.10416666666666664,0.9583333333333334,0.9249999999999999,0.8541666666666667,0.08333333333333333,-0.87875,-0.9249999999999999,0.9500000000000001,1.0
1859,0.07083333333333335,0.9583333333333334,0.9000000000000001,0.8875000000000001,0.2125,-0.8775000000000001,-0.975,0.9000000000000001,1.0
1860,0.12500000000000003,0.9416666666666665,0.8999999999999999,0.8166666666666665,0.15416666666666667,-0.8336249999999998,-0.8999999999999999,0.9749999999999999,0.95
1861,0.12083333333333333,0.9583333333333334,0.95,0.8375,0.11249999999999998,-0.8799374999999999,-0.975,0.95,0.9500000000000001
1862,0.12499999999999996,0.9500000000000001,0.9,0.8250000000000001,0.10000000000000002,-0.8555625000000001,-0.9,0.9750000000000001,0.9750000000000001
1863,0.09999999999999998,0.9250000000000002,0.9,0.8250000000000002,0.11249999999999999,-0.790875,-0.9,0.95,0.925
1864,0.125,0.9250000000000002,0.8999999999999999,0.8000000000000002,0.1958333333333333,-0.790875,-0.8999999999999999,0.9500000000000001,0.925
1865,0.09999999999999999,0.9583333333333334,0.925,0.8583333333333334,0.12083333333333335,-0.8793281250000001,-0.9750000000000001,0.925,0.9750000000000001
1866,0.05833333333333335,0.9916666666666667,0.9750000000000001,0.9333333333333333,0.12500000000000003,-0.9750000000000001,-1.0,0.9750000000000001,1.0
1867,0.07500000000000002,0.9833333333333334,0.975,0.9083333333333333,0.09583333333333333,-0.950625,-1.0,0.9750000000000001,0.975
1868,0.125,0.9583333333333334,0.9500000000000001,0.8333333333333334,0.18333333333333332,-0.8799375000000002,-0.9500000000000001,0.975,0.9500000000000002
1869,0.06666666666666667,0.9583333333333334,0.9249999999999999,0.8916666666666667,0.1958333333333333,-0.8787499999999999,-0.9249999999999999,1.0,0.95
1870,0.09999999999999998,0.9583333333333334,0.95,0.8583333333333334,0.10833333333333332,-0.8799374999999998,-0.9749999999999999,0.95,0.9500000000000001
1871,0.08750000000000001,0.9833333333333334,0.95,0.8958333333333334,0.11666666666666665,-0.95,-0.95,1.0,1.0
1872,0.12083333333333335,0.9666666666666667,0.95,0.8458333333333333,0.17500000000000002,-0.90309375,-0.9750000000000001,0.95,0.975
1873,0.1375,0.9166666666666666,0.875,0.7791666666666666,0.19166666666666665,-0.76890625,-0.95,0.925,0.875
1874,0.10833333333333335,0.9249999999999999,0.8999999999999999,0.8166666666666665,0.16666666666666663,-0.7908749999999999,-0.925,0.8999999999999999,0.95
1875,0.1166666666666667,0.9500000000000001,0.925,0.8333333333333334,0.12916666666666668,-0.85678125,-0.9750000000000001,0.95,0.925
1876,0.09166666666666663,0.9666666666666668,0.925,0.8750000000000001,0.125,-0.9018750000000001,-0.925,0.9750000000000001,1.0
1877,0.1333333333333333,0.9416666666666668,0.925,0.8083333333333335,0.075,-0.8348125000000001,-0.925,0.95,0.9500000000000001
1878,0.15833333333333335,0.9833333333333334,0.9500000000000002,0.8250000000000001,0.09583333333333333,-0.9500000000000002,-1.0,0.9500000000000002,1.0
1879,0.09999999999999996,0.9499999999999998,0.8999999999999999,0.8499999999999999,0.12499999999999996,-0.8549999999999999,-0.8999999999999999,1.0,0.95
1880,0.13749999999999998,0.9666666666666668,0.9500000000000002,0.8291666666666668,0.12083333333333333,-0.9030937500000003,-0.9750000000000001,0.9500000000000002,0.975
1881,0.08333333333333333,0.975,0.925,0.8916666666666666,0.19166666666666665,-0.925,-0.925,1.0,1.0
1882,0.16249999999999998,0.9666666666666668,0.9500000000000002,0.8041666666666668,0.1125,-0.9030937500000001,-0.9750000000000001,0.9500000000000002,0.9749999999999999
1883,0.11249999999999998,0.9500000000000001,0.875,0.8375000000000001,0.11250000000000003,-0.8531250000000001,-1.0,0.9750000000000001,0.875
1884,0.12499999999999996,0.9333333333333332,0.8999999999999999,0.8083333333333332,0.06666666666666668,-0.8122499999999999,-0.95,0.9500000000000001,0.8999999999999999
1885,0.06249999999999999,0.9500000000000001,0.925,0.8875000000000001,0.13333333333333333,-0.8556250000000001,-0.925,1.0,0.925
1886,0.07916666666666662,0.9499999999999998,0.9249999999999999,0.8708333333333332,0.14583333333333331,-0.8567812499999998,-0.9249999999999999,0.975,0.95
1887,0.06666666666666667,0.9833333333333334,0.9749999999999999,0.9166666666666667,0.15,-0.9506249999999999,-1.0,0.9750000000000001,0.9749999999999999
1888,0.09166666666666663,0.9500000000000001,0.925,0.8583333333333334,0.10416666666666667,-0.85678125,-0.975,0.925,0.9500000000000001
1889,0.07499999999999997,0.9583333333333334,0.925,0.8833333333333334,0.1208333333333333,-0.879328125,-0.9750000000000001,0.925,0.9749999999999999
1890,0.07916666666666666,0.9499999999999998,0.925,0.8708333333333331,0.1625,-0.8567812499999999,-0.975,0.925,0.95
1891,0.06666666666666667,0.9250000000000002,0.8,0.8583333333333335,0.14166666666666664,-0.7800000000000001,-0.9750000000000001,1.0,0.8
1892,0.07083333333333335,0.9666666666666667,0.925,0.8958333333333334,0.14583333333333331,-0.9018749999999999,-0.925,0.9749999999999999,1.0
1893,0.07083333333333335,0.9833333333333334,0.95,0.9125000000000001,0.1958333333333333,-0.95,-1.0,1.0,0.95
1894,0.1708333333333333,0.975,0.95,0.8041666666666667,0.1416666666666667,-0.92625,-0.95,1.0,0.9750000000000001
1895,0.125,0.9249999999999999,0.8999999999999999,0.7999999999999999,0.18333333333333335,-0.790875,-0.95,0.925,0.8999999999999999
1896,0.1333333333333333,0.9500000000000002,0.9000000000000001,0.8166666666666669,0.09166666666666666,-0.8555625000000002,-0.9000000000000001,0.9750000000000001,0.9750000000000001
1897,0.16666666666666663,0.9583333333333334,0.95,0.7916666666666667,0.13333333333333333,-0.8799375,-0.95,0.9500000000000001,0.9750000000000001
1898,0.1125,0.9666666666666668,0.95,0.8541666666666667,0.11666666666666665,-0.9030937500000001,-0.9750000000000001,0.9750000000000001,0.95
1899,0.07500000000000002,0.9333333333333332,0.9000000000000001,0.8583333333333332,0.1875,-0.8116875000000001,-0.975,0.9000000000000001,0.925
1900,0.11249999999999999,0.9500000000000001,0.9249999999999999,0.8375000000000001,0.10833333333333332,-0.8567812499999999,-0.975,0.9500000000000001,0.9249999999999999
1901,0.14583333333333334,0.9166666666666666,0.875,0.7708333333333333,0.19583333333333333,-0.7678125,-0.9,0.875,0.9750000000000001
1902,0.06666666666666667,0.9333333333333332,0.875,0.8666666666666666,0.07916666666666668,-0.8104687500000001,-0.95,0.9750000000000001,0.875
1903,0.09999999999999999,0.9666666666666668,0.925,0.8666666666666668,0.10000000000000002,-0.9018750000000001,-1.0,0.925,0.9750000000000001
1904,0.09166666666666667,0.975,0.925,0.8833333333333333,0.15833333333333333,-0.925,-0.925,1.0,1.0
1905,0.11249999999999998,0.9416666666666668,0.925,0.8291666666666668,0.17916666666666667,-0.8348125000000002,-0.925,0.9500000000000002,0.95
1906,0.19999999999999996,0.9583333333333334,0.9249999999999999,0.7583333333333334,0.17500000000000002,-0.879328125,-0.9249999999999999,0.9750000000000001,0.9750000000000001
1907,0.09583333333333333,0.9666666666666668,0.9500000000000001,0.8708333333333335,0.14583333333333331,-0.9025000000000001,-0.9500000000000001,0.9500000000000001,1.0
1908,0.10416666666666664,0.9500000000000001,0.9249999999999999,0.8458333333333334,0.12083333333333333,-0.8567812500000002,-0.9750000000000001,0.9500000000000002,0.9249999999999999
1909,0.09583333333333333,0.9833333333333334,0.975,0.8875000000000001,0.1375,-0.950625,-0.975,1.0,0.9750000000000001
1910,0.08333333333333333,0.9333333333333332,0.9249999999999999,0.8499999999999999,0.16666666666666666,-0.81284375,-0.9249999999999999,0.925,0.95
1911,0.06666666666666667,0.9500000000000001,0.9000000000000001,0.8833333333333334,0.17083333333333336,-0.8555625,-0.9000000000000001,0.9750000000000001,0.9749999999999999
1912,0.075,0.9750000000000001,0.975,0.9000000000000001,0.13333333333333333,-0.926859375,-0.975,0.9750000000000001,0.975
1913,0.12916666666666665,0.9249999999999999,0.875,0.7958333333333333,0.1333333333333334,-0.789140625,-0.875,0.925,0.975
1914,0.062499999999999965,0.9583333333333334,0.95,0.8958333333333334,0.09166666666666667,-0.8799375,-0.9750000000000001,0.9500000000000001,0.95
1915,0.10833333333333332,0.9583333333333334,0.95,0.8500000000000001,0.14583333333333331,-0.8799374999999999,-0.9750000000000001,0.95,0.95
1916,0.04166666666666668,0.9583333333333334,0.95,0.9166666666666667,0.10833333333333334,-0.8799374999999999,-0.95,0.9750000000000001,0.95
1917,0.14583333333333337,0.9666666666666668,0.925,0.8208333333333334,0.07916666666666669,-0.901875,-0.975,1.0,0.925
1918,0.04583333333333331,0.9583333333333334,0.9249999999999999,0.9125000000000001,0.12500000000000003,-0.879328125,-0.9750000000000001,0.975,0.9249999999999999
1919,0.07499999999999997,0.9416666666666668,0.875,0.8666666666666668,0.15833333333333333,-0.83125,-0.875,0.9500000000000001,1.0
1920,0.1208333333333333,0.9333333333333332,0.9249999999999999,0.8124999999999999,0.10833333333333334,-0.81284375,-0.9249999999999999,0.95,0.925
1921,0.1333333333333333,0.9166666666666666,0.875,0.7833333333333333,0.09583333333333333,-0.7689062499999999,-0.95,0.875,0.9249999999999999
1922,0.11666666666666665,0.9833333333333334,0.9750000000000001,0.8666666666666667,0.09583333333333333,-0.9506250000000002,-0.9750000000000001,0.9750000000000001,1.0
1923,0.16666666666666666,0.975,0.95,0.8083333333333333,0.12916666666666665,-0.9262499999999998,-0.9749999999999999,1.0,0.95
1924,0.09583333333333333,0.975,0.95,0.8791666666666667,0.13333333333333333,-0.92625,-0.95,0.9750000000000001,1.0
1925,0.1791666666666667,0.9666666666666668,0.95,0.7875000000000001,0.13333333333333333,-0.9030937500000001,-0.9750000000000001,0.95,0.9750000000000001
1926,0.05833333333333333,0.9083333333333332,0.875,0.8499999999999999,0.10833333333333335,-0.7486718749999999,-0.9249999999999999,0.875,0.9249999999999999
1927,0.10833333333333335,0.9250000000000002,0.925,0.8166666666666668,0.12916666666666668,-0.7914531250000001,-0.925,0.925,0.925
1928,0.1583333333333333,0.9666666666666668,0.925,0.8083333333333335,0.16666666666666666,-0.901875,-1.0,0.975,0.925
1929,0.1208333333333333,0.9583333333333334,0.95,0.8375,0.09999999999999999,-0.8799374999999999,-0.975,0.95,0.9500000000000001
1930,0.10833333333333335,0.9833333333333334,0.975,0.875,0.12499999999999999,-0.950625,-1.0,0.9750000000000001,0.975
1931,0.13749999999999998,0.9333333333333335,0.9000000000000001,0.7958333333333335,0.17083333333333336,-0.8116875000000002,-0.9000000000000001,0.925,0.9750000000000001
1932,0.17916666666666667,0.9583333333333334,0.925,0.7791666666666667,0.18333333333333326,-0.8787500000000003,-0.9500000000000002,0.925,1.0
1933,0.1333333333333334,0.9666666666666667,0.95,0.8333333333333333,0.1125,-0.9025,-0.95,1.0,0.95
1934,0.10833333333333332,0.9166666666666666,0.875,0.8083333333333333,0.1875,-0.7689062499999999,-0.95,0.9249999999999999,0.875
1935,0.05000000000000001,0.9750000000000001,0.9500000000000001,0.925,0.13333333333333333,-0.9262500000000001,-0.9750000000000001,1.0,0.9500000000000001
1936,0.16666666666666666,0.975,0.95,0.8083333333333333,0.09583333333333333,-0.9262499999999999,-1.0,0.95,0.975
1937,0.07916666666666666,0.9666666666666667,0.95,0.8875,0.07916666666666665,-0.9030937499999999,-0.95,0.9749999999999999,0.9750000000000001
1938,0.10000000000000005,0.9249999999999999,0.8999999999999999,0.8249999999999998,0.14583333333333334,-0.7908749999999999,-0.95,0.8999999999999999,0.925
1939,0.07499999999999998,0.9916666666666667,0.975,0.9166666666666667,0.19166666666666665,-0.975,-1.0,1.0,0.975
1940,0.1125,0.975,0.9500000000000002,0.8624999999999999,0.15416666666666667,-0.92625,-0.9500000000000002,1.0,0.9749999999999999
1941,0.13750000000000004,0.9500000000000001,0.925,0.8125,0.10833333333333335,-0.85678125,-0.95,0.9750000000000001,0.925
1942,0.11249999999999998,0.9500000000000001,0.925,0.8375000000000001,0.13333333333333333,-0.85678125,-0.95,0.9750000000000001,0.925
1943,0.05833333333333335,0.9333333333333332,0.9249999999999999,0.8749999999999999,0.11249999999999998,-0.8128437500000001,-0.9500000000000001,0.925,0.9249999999999999
1944,0.05833333333333333,0.9583333333333334,0.925,0.9,0.1625,-0.879328125,-0.975,0.925,0.975
1945,0.14166666666666666,0.9416666666666668,0.9000000000000001,0.8,0.12916666666666668,-0.8336250000000002,-0.9000000000000001,0.9750000000000001,0.95
1946,0.09166666666666667,0.9416666666666668,0.9,0.8500000000000001,0.10416666666666669,-0.8336250000000001,-0.975,0.9500000000000001,0.9
1947,0.1458333333333333,0.9583333333333334,0.95,0.8125000000000001,0.16249999999999995,-0.8799374999999998,-0.95,0.9749999999999999,0.95
1948,0.03749999999999996,0.9416666666666668,0.9249999999999999,0.9041666666666668,0.10416666666666667,-0.8348124999999998,-0.9249999999999999,0.95,0.95
1949,0.05833333333333335,0.9500000000000001,0.9249999999999999,0.8916666666666667,0.12916666666666668,-0.8567812500000002,-0.9249999999999999,0.9500000000000002,0.975
1950,0.1708333333333333,0.9666666666666668,0.95,0.7958333333333335,0.09166666666666667,-0.9025000000000001,-1.0,0.95,0.9500000000000002
1951,0.05833333333333334,0.9750000000000001,0.9500000000000001,0.9166666666666667,0.125,-0.9262500000000001,-0.9500000000000001,0.9750000000000001,1.0
1952,0.07500000000000001,0.9666666666666667,0.9249999999999999,0.8916666666666666,0.15,-0.901875,-0.9249999999999999,0.9750000000000001,1.0
1953,0.10416666666666664,0.9583333333333335,0.9500000000000001,0.8541666666666669,0.14166666666666664,-0.8799375000000002,-0.9750000000000001,0.9500000000000001,0.9500000000000001
1954,0.1708333333333333,0.975,0.95,0.8041666666666667,0.1125,-0.9262499999999999,-1.0,0.95,0.975
1955,0.0583333333333333,0.9500000000000001,0.8999999999999999,0.8916666666666667,0.16666666666666666,-0.855,-1.0,0.9500000000000001,0.8999999999999999
1956,0.09583333333333334,0.9583333333333334,0.95,0.8625,0.10833333333333332,-0.8799375,-0.95,0.9750000000000001,0.9500000000000001
1957,0.1125,0.9750000000000001,0.9500000000000001,0.8625,0.15833333333333333,-0.9262500000000001,-0.9500000000000001,0.9750000000000001,1.0
1958,0.12916666666666668,0.9250000000000002,0.925,0.7958333333333335,0.1208333333333333,-0.7914531250000001,-0.925,0.925,0.925
1959,0.08333333333333333,0.9500000000000001,0.9000000000000001,0.8666666666666667,0.14583333333333331,-0.8550000000000001,-0.95,0.9000000000000001,1.0
1960,0.10416666666666667,0.9666666666666668,0.925,0.8625000000000002,0.10833333333333335,-0.901875,-0.975,1.0,0.925
1961,0.05416666666666666,0.9666666666666667,0.95,0.9125,0.075,-0.9025,-0.95,0.95,1.0
1962,0.07916666666666665,0.975,0.925,0.8958333333333334,0.17500000000000002,-0.925,-1.0,1.0,0.925
1963,0.06666666666666665,0.9250000000000002,0.9,0.8583333333333335,0.15833333333333333,-0.7897500000000002,-0.9,0.9,0.9750000000000001
1964,0.06250000000000001,0.9500000000000001,0.9249999999999999,0.8875000000000001,0.07916666666666669,-0.8567812499999999,-0.9249999999999999,0.95,0.975
1965,0.1125,0.9666666666666667,0.95,0.8541666666666666,0.15833333333333333,-0.9025,-0.95,0.95,1.0
1966,0.13749999999999998,0.9249999999999999,0.9,0.7875,0.1125,-0.7908750000000001,-0.925,0.9500000000000001,0.9
1967,0.075,0.9500000000000001,0.9000000000000001,0.8750000000000001,0.10416666666666664,-0.8555625000000001,-0.975,0.9000000000000001,0.9750000000000001
1968,0.2041666666666667,0.9333333333333335,0.9,0.7291666666666667,0.17500000000000002,-0.81225,-0.9,0.95,0.9500000000000001
1969,0.15833333333333333,0.9666666666666668,0.925,0.8083333333333335,0.15833333333333333,-0.9018750000000001,-1.0,0.9750000000000001,0.925
1970,0.14583333333333334,0.9416666666666668,0.925,0.7958333333333334,0.09166666666666667,-0.8348125,-0.95,0.925,0.95
1971,0.10416666666666667,0.9416666666666668,0.8999999999999999,0.8375000000000001,0.10000000000000002,-0.8336250000000002,-0.9750000000000001,0.9500000000000002,0.8999999999999999
1972,0.10416666666666663,0.9333333333333332,0.925,0.8291666666666666,0.14166666666666666,-0.8128437500000001,-0.95,0.925,0.925
1973,0.11666666666666665,0.9416666666666668,0.925,0.8250000000000001,0.13750000000000004,-0.8348125,-0.9500000000000001,0.95,0.925
1974,0.07083333333333333,0.9500000000000001,0.9249999999999999,0.8791666666666668,0.12083333333333333,-0.855625,-1.0,0.925,0.9249999999999999
1975,0.029166666666666664,0.9666666666666668,0.95,0.9375000000000001,0.1375,-0.9030937500000001,-0.9750000000000001,0.9750000000000001,0.95
1976,0.10833333333333335,0.9500000000000001,0.925,0.8416666666666667,0.09583333333333331,-0.8567812500000002,-0.95,0.925,0.9750000000000001
1977,0.15,0.9666666666666667,0.95,0.8166666666666667,0.09583333333333333,-0.9025,-0.95,0.95,1.0
1978,0.11666666666666665,0.9333333333333332,0.9,0.8166666666666665,0.13749999999999998,-0.8116875000000001,-0.9,0.9750000000000001,0.925
1979,0.10416666666666667,0.975,0.95,0.8708333333333333,0.125,-0.92625,-0.9750000000000001,1.0,0.95
1980,0.05416666666666666,0.9583333333333334,0.875,0.9041666666666667,0.15416666666666667,-0.875,-0.875,1.0,1.0
1981,0.11249999999999999,0.9333333333333332,0.8999999999999999,0.8208333333333333,0.13749999999999998,-0.8122499999999999,-0.95,0.9500000000000001,0.8999999999999999
1982,0.10416666666666664,0.9249999999999999,0.9,0.8208333333333333,0.06249999999999999,-0.7908749999999999,-0.9,0.9249999999999999,0.95
1983,0.07083333333333333,0.9249999999999999,0.9,0.8541666666666666,0.15416666666666667,-0.790875,-0.95,0.9249999999999999,0.9
1984,0.08333333333333333,0.9500000000000002,0.925,0.8666666666666668,0.1416666666666667,-0.8567812500000002,-0.975,0.9500000000000002,0.925
1985,0.1125,0.9249999999999999,0.8999999999999999,0.8124999999999999,0.10416666666666667,-0.790875,-0.925,0.9500000000000001,0.8999999999999999
1986,0.14999999999999997,0.9416666666666668,0.925,0.7916666666666667,0.16666666666666666,-0.8348125000000001,-0.95,0.925,0.9500000000000001
1987,0.15,0.9416666666666668,0.925,0.7916666666666667,0.09583333333333334,-0.8348125000000002,-0.9500000000000002,0.925,0.95
1988,0.13749999999999998,0.9333333333333335,0.9,0.7958333333333335,0.18333333333333332,-0.8122500000000001,-0.9500000000000001,0.9500000000000002,0.9
1989,0.15833333333333333,0.9416666666666668,0.9,0.7833333333333334,0.10833333333333332,-0.8336250000000001,-0.9,0.9750000000000001,0.9500000000000001
1990,0.15000000000000002,0.9666666666666667,0.95,0.8166666666666667,0.2041666666666667,-0.9025,-0.95,1.0,0.95
1991,0.06666666666666667,0.9500000000000001,0.925,0.8833333333333334,0.15833333333333335,-0.8567812500000002,-0.9500000000000001,0.925,0.975
1992,0.2041666666666667,0.9250000000000002,0.9,0.7208333333333334,0.1416666666666667,-0.7908750000000001,-0.9,0.9500000000000001,0.925
1993,0.06249999999999999,0.9666666666666668,0.95,0.9041666666666668,0.0625,-0.9030937500000001,-0.9750000000000001,0.9750000000000001,0.95
1994,0.07083333333333332,0.9416666666666668,0.8999999999999999,0.8708333333333335,0.15833333333333333,-0.8324999999999999,-1.0,0.925,0.8999999999999999
1995,0.04583333333333334,0.9333333333333332,0.875,0.8875,0.225,-0.81046875,-0.95,0.975,0.875
1996,0.08333333333333333,0.975,0.95,0.8916666666666666,0.11666666666666665,-0.9262499999999998,-1.0,0.95,0.9749999999999999
1997,0.08333333333333333,0.9666666666666667,0.95,0.8833333333333333,0.08750000000000001,-0.90309375,-0.95,0.9750000000000001,0.975
1998,0.12499999999999999,0.9750000000000001,0.975,0.8500000000000001,0.16666666666666666,-0.9268593750000002,-0.9750000000000001,0.9750000000000001,0.975
1999,0.10416666666666667,0.9250000000000002,0.875,0.8208333333333335,0.17499999999999996,-0.789140625,-0.9750000000000001,0.925,0.875
