window_ns,time_ns,axis,n,median,q25,q75
64,-1024,x_radial,214,1.0,0.8993888779924908,1.1110602814295427
64,-1016,x_radial,214,1.0,0.8918231910260654,1.1105771747490585
64,-1008,x_radial,215,1.0,0.9043049701906491,1.1166772088463932
64,-1000,x_radial,215,1.0,0.8949125858617695,1.1007084165957073
64,-992,x_radial,216,1.0,0.8897775760926405,1.104310488649843
64,-984,x_radial,216,1.0,0.8870201343976878,1.1090288728079196
64,-976,x_radial,218,1.0,0.9030147135118424,1.110231281527387
64,-968,x_radial,218,1.0,0.8841146234518855,1.110281941297468
64,-960,x_radial,218,1.0,0.8841146234518855,1.118243893682677
64,-952,x_radial,219,1.0,0.8831573452761523,1.1093167476209311
64,-944,x_radial,219,1.0,0.8848801422088756,1.0938353775394292
64,-936,x_radial,219,1.0,0.8953797094068556,1.101586357647677
64,-928,x_radial,220,1.0,0.8955346103785062,1.104310488649843
64,-920,x_radial,220,1.0,0.8956895113501572,1.1054389609036164
64,-912,x_radial,221,1.0,0.8981535560169829,1.107022516668319
64,-904,x_radial,222,1.0,0.9090219448027177,1.131552508837281
64,-896,x_radial,223,1.0,0.8987944221509314,1.116334839397656
64,-888,x_radial,225,1.0,0.9075073388395457,1.122229517767791
64,-880,x_radial,225,1.0227038425243014,0.9041991462912058,1.1132771318270975
64,-872,x_radial,225,1.0,0.9075073388395457,1.1422544538343622
64,-864,x_radial,228,1.0,0.9085944463582712,1.1343692219101706
64,-856,x_radial,228,1.0,0.8770074015514754,1.1383302308429615
64,-848,x_radial,228,1.0,0.884018743742514,1.1148716889749428
64,-840,x_radial,230,1.0,0.857825620868344,1.0949738055717093
64,-832,x_radial,232,1.0,0.873428149970904,1.1044779663641964
64,-824,x_radial,234,0.9840921616558749,0.8855949042417787,1.0834749503933068
64,-816,x_radial,234,1.0,0.9041292790048552,1.0737337120651635
64,-808,x_radial,234,1.0,0.8926694432571884,1.0835718430508814
64,-800,x_radial,235,0.9738901615846332,0.862625782622914,1.0814424960500733
64,-792,x_radial,237,0.9845396908711664,0.8643992813271373,1.1014172713768542
64,-784,x_radial,238,1.0,0.8695120004727286,1.1084257113813438
64,-776,x_radial,238,1.0,0.8849628651476025,1.1108383570876483
64,-768,x_radial,238,1.0,0.8956954861930029,1.1106382042162515
64,-760,x_radial,238,1.0,0.8892683164275761,1.102543217696924
64,-752,x_radial,240,1.0,0.9195472942231554,1.1189576556070424
64,-744,x_radial,240,1.0,0.9191071918038808,1.1189356459174746
64,-736,x_radial,241,1.0129976231022069,0.9192847855285251,1.1209219784561895
64,-728,x_radial,241,1.0,0.8886030007617429,1.122433782478629
64,-720,x_radial,242,1.0,0.8972963695024191,1.1376258132977868
64,-712,x_radial,242,1.0,0.9000292616156899,1.1399273799456444
64,-704,x_radial,244,1.0,0.8908435984982384,1.1226876427234513
64,-696,x_radial,244,1.0,0.8908722803507818,1.1320904953278048
64,-688,x_radial,244,1.0,0.904129279004855,1.113655090379377
64,-680,x_radial,245,1.0,0.881434548343429,1.1147889660362156
64,-672,x_radial,246,1.0,0.896298338830603,1.1043104886498432
64,-664,x_radial,247,1.0,0.8712951352127835,1.1168426547238477
64,-656,x_radial,247,1.0,0.8833227911536068,1.1339400727320164
64,-648,x_radial,248,1.0,0.881434548343429,1.1315284671243215
64,-640,x_radial,249,1.0,0.8925667632323578,1.1185654516565708
64,-632,x_radial,249,1.0,0.8891675055595463,1.1088243776649365
64,-624,x_radial,249,1.0,0.8827207802390044,1.1084257113813438
64,-616,x_radial,250,1.0,0.8994891317851509,1.1185654516565708
64,-608,x_radial,250,1.0,0.9051884837885651,1.1158812596522174
64,-600,x_radial,250,1.0,0.8994352882848801,1.1022870993469143
64,-592,x_radial,250,1.0,0.8852110339637846,1.104265468497687
64,-584,x_radial,251,1.0,0.8820671861487348,1.1055609748026032
64,-576,x_radial,252,1.0,0.8616151934366428,1.1045756848928452
64,-568,x_radial,252,1.0,0.8637444063250823,1.1079764767731513
64,-560,x_radial,252,1.0,0.8556485460735381,1.1227427753965424
64,-552,x_radial,252,1.0,0.8784449447813762,1.1147889660362151
64,-544,x_radial,253,1.0,0.889402642180052,1.1108324944404535
64,-536,x_radial,255,1.0,0.8776974560165673,1.0992526911044096
64,-528,x_radial,256,1.0,0.8877773397665535,1.1106561419750745
64,-520,x_radial,257,1.0,0.9073119510249319,1.129301751160649
64,-512,x_radial,257,1.0,0.9090219448027177,1.1338152858071449
64,-504,x_radial,258,1.0,0.8861789346165501,1.1158633667940863
64,-496,x_radial,259,1.0,0.8716547078130055,1.1288783111462728
64,-488,x_radial,259,1.0,0.8803954471291082,1.1192037798511112
64,-480,x_radial,261,1.0,0.8837784996199567,1.1174249693036389
64,-472,x_radial,263,1.0,0.8852110339637846,1.1128136615619317
64,-464,x_radial,264,1.0,0.8661068808928787,1.1028891875779097
64,-456,x_radial,264,1.0,0.8851283110250573,1.0927503195562163
64,-448,x_radial,264,1.0,0.888178387660606,1.1015245645283946
64,-440,x_radial,265,1.0,0.8891675055595463,1.09498270610379
64,-432,x_radial,265,1.0,0.881434548343429,1.0926880489750683
64,-424,x_radial,265,1.0,0.8891675055595463,1.1147889660362154
64,-416,x_radial,266,0.9856799831352367,0.897584579446068,1.0962169314381278
64,-408,x_radial,266,1.0,0.9077394494693785,1.0922605505306218
64,-400,x_radial,267,1.0,0.9099116443303397,1.1156913877799841
64,-392,x_radial,268,1.0,0.8956895113501571,1.1079610022070516
64,-384,x_radial,273,1.0,0.8875538665024673,1.095519338623557
64,-376,x_radial,273,1.0,0.8976441389752176,1.0924926611604542
64,-368,x_radial,273,1.0,0.9075073388395455,1.122229517767791
64,-360,x_radial,273,1.0,0.8693218851051778,1.122375570199074
64,-352,x_radial,273,1.0,0.8915742886186562,1.1043104886498432
64,-344,x_radial,274,1.0,0.895689511350157,1.0962169314381278
64,-336,x_radial,275,1.0,0.8783939459168129,1.1028183799810898
64,-328,x_radial,277,1.0,0.9041292790048555,1.1278027996980544
64,-320,x_radial,278,1.0,0.9090219448027178,1.1185654516565708
64,-312,x_radial,279,1.0,0.9071349886440884,1.111367224965857
64,-304,x_radial,281,1.0,0.8985827286231457,1.1147889660362156
64,-296,x_radial,281,1.0,0.8891675055595463,1.1147889660362156
64,-288,x_radial,282,1.0,0.9073119510249319,1.1147889660362156
64,-280,x_radial,282,1.0,0.9033013248300652,1.1063445096637001
64,-272,x_radial,282,1.0,0.9050172938962101,1.1043391547689256
64,-264,x_radial,284,1.0,0.8931357751163981,1.0788998836287174
64,-256,x_radial,284,1.0,0.9089378026376573,1.0925415081141079
64,-248,x_radial,284,1.0,0.8956856588985463,1.095519338623557
64,-240,x_radial,284,1.0,0.8810866745689528,1.1107904677275504
64,-232,x_radial,284,1.0,0.889342392363127,1.1208031281201947
64,-224,x_radial,284,1.0,0.8890294259427995,1.1044779663641964
64,-216,x_radial,284,1.0,0.8601762947790061,1.10818745602332
64,-208,x_radial,284,1.0,0.8763450208719066,1.1130268115845996
64,-200,x_radial,284,1.0,0.8891616429123518,1.1288877846759344
64,-192,x_radial,284,1.0,0.881561895000118,1.1031773975215584
64,-184,x_radial,284,1.0,0.881561895000118,1.1015245645283946
64,-176,x_radial,284,1.0,0.8945610390963834,1.1125026740098558
64,-168,x_radial,284,1.0,0.8897584935138484,1.104415982175357
64,-160,x_radial,284,1.0,0.8984988440511993,1.1074729819174733
64,-152,x_radial,284,1.0,0.9048831357662683,1.1214857611690654
64,-144,x_radial,284,1.0,0.904392815783546,1.121033887088464
64,-136,x_radial,284,1.0,0.8975845794460681,1.122229517767791
64,-128,x_radial,284,1.0,0.9036768779466331,1.1237323775738193
64,-120,x_radial,284,1.0,0.9047952901733713,1.1366219301218747
64,-112,x_radial,284,1.0,0.9048831357662683,1.12352335697039
64,-104,x_radial,284,1.0,0.8975845794460681,1.1192444762987133
64,-96,x_radial,284,1.0,0.8911756223350633,1.1169655983213636
64,-88,x_radial,284,1.0,0.8793563459147878,1.1159812562574858
64,-80,x_radial,284,0.9948792433031428,0.8776800359297314,1.1100077512111424
64,-72,x_radial,284,1.0,0.865672208722222,1.1108383570876483
64,-64,x_radial,284,1.0,0.8772135653937916,1.0953650544368574
64,-56,x_radial,284,1.0,0.8772135653937916,1.1171955753182101
64,-48,x_radial,284,1.0,0.8823992222651105,1.1136805573333532
64,-40,x_radial,284,1.0,0.9125741316779349,1.1151530639082163
64,-32,x_radial,284,1.0,0.9073119510249319,1.1188072558474627
64,-24,x_radial,284,1.0,0.9128268455892704,1.1174897742108976
64,-16,x_radial,284,1.009810780130123,0.9073119510249319,1.14611211176893
64,-8,x_radial,284,1.0,0.9024931041151583,1.122037373410132
64,0,x_radial,284,1.4025031121417055,1.255875326737494,1.5219243662565611
64,8,x_radial,284,1.8414044104454952,1.7688906516285214,1.890771157367909
64,16,x_radial,284,1.8912434857304343,1.8438194331338795,1.9259707082547182
64,24,x_radial,284,1.8960155985367992,1.852297942604972,1.9310118594600731
64,32,x_radial,284,1.8978663143173375,1.854011522519732,1.9324629143574181
64,40,x_radial,284,1.8985165294956852,1.855764134648819,1.9352929374203849
64,48,x_radial,284,1.899699886253283,1.8600005211883817,1.9329115749354788
64,56,x_radial,284,1.9007337127699993,1.8615031348347693,1.9335737929004158
64,64,x_radial,284,1.7889989364114123,1.7585528747967007,1.8118883361253828
64,72,x_radial,284,1.1529793091855085,1.1178907510332952,1.2058726547280234
64,80,x_radial,284,0.6798676313048904,0.6518482550599245,0.715129483603846
64,88,x_radial,284,0.44522061538491464,0.42260994708122884,0.4727643151558909
64,96,x_radial,284,0.2686751445777614,0.24463221263608254,0.2946357166793082
64,104,x_radial,284,0.18783880644067602,0.1635431124131091,0.21395813386174498
64,112,x_radial,284,0.1413533314700383,0.11850074619804304,0.17501466530986315
64,120,x_radial,284,0.12609183948005018,0.09744751614963919,0.1554210293465934
64,128,x_radial,284,0.11885076358964666,0.08969458968597334,0.14871195006729562
64,136,x_radial,284,0.13597067655648165,0.10232958455626422,0.17762385094382005
64,144,x_radial,284,0.21630137442783634,0.16441497483078765,0.2787476541266051
64,152,x_radial,284,0.33098178473521256,0.23862939190865506,0.4203293157888548
64,160,x_radial,284,0.5051574148958649,0.3901423507992857,0.6348019894569037
64,168,x_radial,284,0.6766697228337644,0.5191816466599148,0.7994560325091685
64,176,x_radial,284,0.779703717490988,0.6402158643720429,0.9153716089551818
64,184,x_radial,284,0.8386093277450272,0.7146768289683134,1.0
64,192,x_radial,284,0.8826065239816929,0.7599363529034249,1.034392404622762
64,200,x_radial,284,0.9009678978526496,0.7800368150626198,1.0316812694417483
64,208,x_radial,284,0.9257971604055595,0.8004671051875469,1.0595874688389095
64,216,x_radial,284,0.9262245188906354,0.8270198414549059,1.0670735431145235
64,224,x_radial,284,0.9539593603112658,0.8509959633378321,1.071837726650257
64,232,x_radial,284,0.9641311621547826,0.8694583465359698,1.0762287293179327
64,240,x_radial,284,1.0,0.8631580708890968,1.0963373482714296
64,248,x_radial,284,0.9811088937430313,0.8831746189426937,1.0938720910938686
64,256,x_radial,284,1.0,0.8684474911627187,1.0914055536417286
64,264,x_radial,284,1.0,0.8835140697747186,1.0964574763027164
64,272,x_radial,284,1.0,0.8684474911627187,1.1038045126732712
64,280,x_radial,284,1.0,0.8890338229281955,1.097234608574443
64,288,x_radial,284,1.0,0.8845358319201138,1.1052131784923738
64,296,x_radial,284,1.0,0.8908722803507818,1.087425868322065
64,304,x_radial,284,1.0,0.8929774833316814,1.0836519128129338
64,312,x_radial,284,1.0,0.8823700225385168,1.0873277543883644
64,320,x_radial,284,1.0,0.8693218851051778,1.0913567066880752
64,328,x_radial,284,1.0,0.8896017523035163,1.0958707209951446
64,336,x_radial,284,1.0,0.8878303278843102,1.1094028987517344
64,344,x_radial,284,1.0,0.9040845163519935,1.1176164949486123
64,352,x_radial,284,1.0,0.9047952901733713,1.1247565947204978
64,360,x_radial,284,1.0,0.9126971457419621,1.1378161274877345
64,368,x_radial,284,1.0106569924888,0.914066968889174,1.1305416534640305
64,376,x_radial,284,1.0216419650825432,0.9303676508263757,1.1162215003800433
64,384,x_radial,284,1.0,0.9247813439722905,1.1186236300404708
64,392,x_radial,284,1.0,0.9109892111744127,1.1310282240822933
64,400,x_radial,284,1.0,0.9067382867427515,1.12352335697039
64,408,x_radial,284,1.0,0.881434548343429,1.1109579277669372
64,416,x_radial,284,1.0,0.8789426696447774,1.0962416484661759
64,424,x_radial,284,1.0,0.8756583329504513,1.1046075866930578
64,432,x_radial,284,1.0,0.8633681525690511,1.0951168642337317
64,440,x_radial,284,0.9699231141716209,0.8676746631549658,1.090978055197282
64,448,x_radial,284,1.0,0.8696769450215844,1.086137553232333
64,456,x_radial,284,1.0,0.884018743742514,1.090978055197282
64,464,x_radial,284,1.0,0.8768990510342765,1.0925415081141079
64,472,x_radial,284,1.0,0.8843324286225773,1.1151198577911245
64,480,x_radial,284,1.0,0.8754584332170151,1.1164859302252814
64,488,x_radial,284,1.0,0.8793316153526025,1.1281410509224146
64,496,x_radial,284,1.0,0.8848801422088752,1.1301007515312056
64,504,x_radial,284,1.0095573246871288,0.8978594243048985,1.1429559296645286
64,512,x_radial,284,1.0,0.879552892881589,1.1244274894452726
64,520,x_radial,284,1.0,0.8707829860748125,1.1303230549784158
64,528,x_radial,284,1.0,0.8842534300458251,1.1093264068588158
64,536,x_radial,284,1.0,0.8874987886315399,1.10347163308276
64,544,x_radial,284,1.0,0.8679095046721951,1.096290723437611
64,552,x_radial,284,1.0,0.880072890652416,1.090978055197282
64,560,x_radial,284,1.0,0.891317029539076,1.1207702011983511
64,568,x_radial,284,1.0,0.8975845794460678,1.0988455983839025
64,576,x_radial,284,1.0,0.8969433347077367,1.1018616909366776
64,584,x_radial,284,1.0,0.894559963055384,1.1185654516565708
64,592,x_radial,284,1.0,0.8911003838514318,1.1189356459174746
64,600,x_radial,284,1.0,0.8940582320014951,1.1079162269562262
64,608,x_radial,284,1.0,0.9050172938962101,1.1247565947204978
64,616,x_radial,284,1.0,0.8956895113501571,1.1278418506053471
64,624,x_radial,284,1.0,0.8808302636579259,1.095519338623557
64,632,x_radial,284,1.0,0.8722237866185101,1.0958826192540543
64,640,x_radial,284,1.0,0.8965261656254293,1.1034738343745707
64,648,x_radial,284,1.0,0.9038042356297822,1.0933958713871905
64,656,x_radial,284,1.0,0.8940586059533231,1.101271465698668
64,664,x_radial,284,1.0,0.9027919217612526,1.0982403207410565
64,672,x_radial,284,1.0,0.8695710980096113,1.0955193386235578
64,680,x_radial,284,1.0,0.8674984099967695,1.1098678481566713
64,688,x_radial,284,1.0,0.8919039525475596,1.1282894331600692
64,696,x_radial,284,1.0,0.8789233668863226,1.1189616810938778
64,704,x_radial,284,1.0,0.869103286619563,1.1093278725206144
64,712,x_radial,284,1.0,0.8943143295938993,1.1000387863308068
64,720,x_radial,284,1.0,0.8841899284668824,1.0996866827957055
64,728,x_radial,284,1.0,0.8870070311593392,1.0951168642337317
64,736,x_radial,284,1.0,0.8889198365131611,1.1007778516305535
64,744,x_radial,284,1.0,0.9035941861350184,1.114518350398318
64,752,x_radial,284,1.0,0.8956895113501572,1.1179040080566671
64,760,x_radial,284,1.0,0.8957512872309522,1.115202016676376
64,768,x_radial,284,1.0,0.9068848276037116,1.1077196914199576
64,-1024,x_history,214,0.43072374834359084,0.2811162241672805,0.5933551198887631
64,-1016,x_history,214,0.37788320013247934,0.22772997665179753,0.5908431945060588
64,-1008,x_history,215,0.4480072407057597,0.24668129231917854,0.6127924130764513
64,-1000,x_history,215,0.39603960396039606,0.0,0.6549604547182707
64,-992,x_history,216,0.4480072407057597,0.23450208919632823,0.6557377049180328
64,-984,x_history,216,0.40791183146643617,0.2517964979190488,0.6060381804535687
64,-976,x_history,218,0.4154286022795808,0.2538577774893655,0.6557377049180328
64,-968,x_history,218,0.39603960396039606,0.2811162241672805,0.5797825923029126
64,-960,x_history,218,0.39603960396039606,0.0,0.6329078908529187
64,-952,x_history,219,0.41120260103803274,0.2883361046024037,0.6557377049180328
64,-944,x_history,219,0.4221355636945146,0.3093957185513801,0.6557377049180328
64,-936,x_history,219,0.4480072407057597,0.2561643464256987,0.6557377049180328
64,-928,x_history,220,0.4480072407057597,0.2977875045515418,0.6557377049180328
64,-920,x_history,220,0.4480072407057597,0.26588192661829013,0.6557377049180328
64,-912,x_history,221,0.41120260103803274,0.2517964979190488,0.6557377049180328
64,-904,x_history,222,0.4480072407057597,0.2852287575766103,0.6557377049180328
64,-896,x_history,223,0.37788320013247934,0.0,0.5797825923029126
64,-888,x_history,225,0.39719143244687616,0.2538577774893655,0.5797825923029126
64,-880,x_history,225,0.35638893153014006,0.1966100979445766,0.5331526876860397
64,-872,x_history,225,0.4480072407057597,0.26588192661829013,0.580775642012877
64,-864,x_history,228,0.39719143244687616,0.272157291735507,0.6557377049180328
64,-856,x_history,228,0.4221355636945146,0.2597307630433751,0.5797825923029126
64,-848,x_history,228,0.39603960396039606,0.20525003233390415,0.6285949868161085
64,-840,x_history,230,0.37788320013247934,0.21615320380760197,0.6338961329231143
64,-832,x_history,232,0.39603960396039606,0.21003690867802655,0.5797825923029126
64,-824,x_history,234,0.41120260103803274,0.1993022911561585,0.6557377049180328
64,-816,x_history,234,0.41120260103803274,0.2538577774893655,0.5797825923029126
64,-808,x_history,234,0.4221355636945146,0.2538577774893655,0.650719074094887
64,-800,x_history,235,0.39603960396039606,0.0,0.6321290842207791
64,-792,x_history,237,0.4221355636945146,0.2538577774893655,0.6356631816254497
64,-784,x_history,238,0.37788320013247934,0.21615320380760197,0.6557377049180328
64,-776,x_history,238,0.41230340228127516,0.24616956615119678,0.6242410419715314
64,-768,x_history,238,0.4480072407057597,0.3086206030811326,0.6557377049180328
64,-760,x_history,238,0.39603960396039606,0.23575276868449407,0.5350720302473263
64,-752,x_history,240,0.4480072407057597,0.2702773034242109,0.6557377049180328
64,-744,x_history,240,0.39663417204820706,0.2978598349205527,0.5963367861201452
64,-736,x_history,241,0.4221355636945146,0.25847091536203187,0.5797825923029126
64,-728,x_history,241,0.4480072407057597,0.2796409604388579,0.6557377049180328
64,-720,x_history,242,0.39719143244687616,0.2597307630433751,0.6356631816254497
64,-712,x_history,242,0.4480072407057597,0.2357527686844941,0.6557377049180328
64,-704,x_history,244,0.4480072407057597,0.2538577774893655,0.6557377049180328
64,-696,x_history,244,0.4221355636945146,0.2533424575967863,0.6295839859715515
64,-688,x_history,244,0.4408365064090225,0.24872357522653443,0.6557377049180328
64,-680,x_history,245,0.39603960396039606,0.25179649791904873,0.580775642012877
64,-672,x_history,246,0.41120260103803274,0.27424908010791266,0.6356631816254497
64,-664,x_history,247,0.37788320013247934,0.2528271377042071,0.5209950487414772
64,-656,x_history,247,0.4480072407057597,0.3181639153694734,0.6557377049180328
64,-648,x_history,248,0.4221355636945146,0.29820239498291967,0.6557377049180328
64,-640,x_history,249,0.4221355636945146,0.2811162241672805,0.6557377049180328
64,-632,x_history,249,0.4480072407057597,0.3093957185513801,0.6557377049180328
64,-624,x_history,249,0.39603960396039606,0.2538577774893655,0.580775642012877
64,-616,x_history,250,0.41666908236627365,0.29820239498291967,0.6557377049180328
64,-608,x_history,250,0.39603960396039606,0.22380503315273284,0.596989839336794
64,-600,x_history,250,0.4480072407057597,0.27424908010791266,0.6557377049180328
64,-592,x_history,250,0.4221355636945146,0.2553260238778679,0.5797825923029126
64,-584,x_history,251,0.4480072407057597,0.29820239498291967,0.6557377049180328
64,-576,x_history,252,0.4480072407057597,0.29820239498291967,0.6557377049180328
64,-568,x_history,252,0.4480072407057597,0.2533424575967863,0.6557377049180328
64,-560,x_history,252,0.4395958366571502,0.22380503315273284,0.6557377049180328
64,-552,x_history,252,0.4480072407057597,0.2793994381524385,0.6557377049180328
64,-544,x_history,253,0.39603960396039606,0.16632242276966172,0.5797825923029126
64,-536,x_history,255,0.39603960396039606,0.21085708877817394,0.5797825923029126
64,-528,x_history,256,0.4279006679034,0.2387657820277253,0.6557377049180328
64,-520,x_history,257,0.39603960396039606,0.23950480714899158,0.5797825923029126
64,-512,x_history,257,0.4480072407057597,0.2717424290261845,0.6557377049180328
64,-504,x_history,258,0.39719143244687616,0.2811162241672805,0.6557377049180328
64,-496,x_history,259,0.4221355636945146,0.2538577774893655,0.6557377049180328
64,-488,x_history,259,0.41120260103803274,0.2597307630433751,0.6557377049180328
64,-480,x_history,261,0.39603960396039606,0.19129752462570526,0.5797825923029126
64,-472,x_history,263,0.39719143244687616,0.2538577774893655,0.6208644847976293
64,-464,x_history,264,0.39603960396039606,0.2577471967622935,0.6356631816254497
64,-456,x_history,264,0.4221355636945146,0.2811162241672805,0.6356631816254497
64,-448,x_history,264,0.4480072407057597,0.27424908010791266,0.6557377049180328
64,-440,x_history,265,0.39603960396039606,0.23450208919632823,0.6557377049180328
64,-432,x_history,265,0.4480072407057597,0.2597307630433751,0.6557377049180328
64,-424,x_history,265,0.39603960396039606,0.22835732250747562,0.6557377049180328
64,-416,x_history,266,0.41666908236627365,0.26588192661829013,0.5797825923029126
64,-408,x_history,266,0.3966155182036361,0.2538577774893655,0.5797825923029126
64,-400,x_history,267,0.39603960396039606,0.20933038561378592,0.5797825923029126
64,-392,x_history,268,0.3485647707105425,0.0,0.5800308547304037
64,-384,x_history,273,0.39603960396039606,0.22380503315273284,0.580775642012877
64,-376,x_history,273,0.39603960396039606,0.2538577774893655,0.580775642012877
64,-368,x_history,273,0.41120260103803274,0.2811162241672805,0.6557377049180328
64,-360,x_history,273,0.4480072407057597,0.29820239498291967,0.6557377049180328
64,-352,x_history,273,0.41120260103803274,0.25179649791904873,0.5797825923029126
64,-344,x_history,274,0.39719143244687616,0.2597307630433751,0.650719074094887
64,-336,x_history,275,0.39719143244687616,0.25282713770420717,0.6163265104811217
64,-328,x_history,277,0.39603960396039606,0.2063773420961735,0.6557377049180328
64,-320,x_history,278,0.41666908236627365,0.26126855393710385,0.5797825923029126
64,-312,x_history,279,0.39603960396039606,0.22380503315273284,0.6557377049180328
64,-304,x_history,281,0.4221355636945146,0.24918826536397182,0.6356631816254497
64,-296,x_history,281,0.39603960396039606,0.26588192661829013,0.5797825923029126
64,-288,x_history,282,0.44382039238636234,0.2717424290261845,0.650719074094887
64,-280,x_history,282,0.40688246484432594,0.2553260238778679,0.6557377049180328
64,-272,x_history,282,0.4480072407057597,0.27559705019064895,0.6557377049180328
64,-264,x_history,284,0.41666908236627365,0.2597307630433751,0.6303620355184437
64,-256,x_history,284,0.39603960396039606,0.2538577774893655,0.6557377049180328
64,-248,x_history,284,0.41120260103803274,0.2643441357245614,0.6379321687837034
64,-240,x_history,284,0.4480072407057597,0.2597307630433751,0.6557377049180328
64,-232,x_history,284,0.4221355636945146,0.24936446950208144,0.6557377049180328
64,-224,x_history,284,0.4234459612353836,0.2597307630433751,0.6557377049180328
64,-216,x_history,284,0.4480072407057597,0.2021238916327712,0.6557377049180328
64,-208,x_history,284,0.4123489461725669,0.17043313635828375,0.6557377049180328
64,-200,x_history,284,0.4480072407057597,0.2597307630433751,0.7016418365673324
64,-192,x_history,284,0.4221355636945146,0.2597307630433751,0.6557377049180328
64,-184,x_history,284,0.41666908236627365,0.26873951253048217,0.6557377049180328
64,-176,x_history,284,0.40688246484432594,0.2582625166548727,0.6557377049180328
64,-168,x_history,284,0.39603960396039606,0.22470314674586672,0.6557377049180328
64,-160,x_history,284,0.39603960396039606,0.24090295706769455,0.5797825923029126
64,-152,x_history,284,0.39603960396039606,0.20968364714590623,0.5797825923029126
64,-144,x_history,284,0.39603960396039606,0.23182782518542944,0.5797825923029126
64,-136,x_history,284,0.37788320013247934,0.0,0.5797825923029126
64,-128,x_history,284,0.39603960396039606,0.2538577774893655,0.6070409339438974
64,-120,x_history,284,0.39603960396039606,0.23825412766082577,0.5312996130130353
64,-112,x_history,284,0.39603960396039606,0.28441290014492815,0.6303620355184438
64,-104,x_history,284,0.4328663482235663,0.26588192661829013,0.6406818124485955
64,-96,x_history,284,0.39603960396039606,0.250735584877173,0.6557377049180328
64,-88,x_history,284,0.4480072407057597,0.2619939409924228,0.6557377049180328
64,-80,x_history,284,0.4221355636945146,0.25179649791904873,0.6557377049180328
64,-72,x_history,284,0.4480072407057597,0.3402270637294586,0.6557377049180328
64,-64,x_history,284,0.4480072407057597,0.2582625166548727,0.6557377049180328
64,-56,x_history,284,0.4400370825203035,0.2793994381524385,0.6557377049180328
64,-48,x_history,284,0.41666908236627365,0.2803044499462547,0.6557377049180328
64,-40,x_history,284,0.4480072407057597,0.2793994381524385,0.6557377049180328
64,-32,x_history,284,0.4480072407057597,0.2811162241672805,0.6557377049180328
64,-24,x_history,284,0.4221355636945146,0.2724792369977674,0.6557377049180328
64,-16,x_history,284,0.4221355636945146,0.2597307630433751,0.6557377049180328
64,-8,x_history,284,0.4480072407057597,0.2865311344936229,0.658901438742197
64,0,x_history,284,1.0775368666372813,0.7794145218704007,1.387681113805228
64,8,x_history,284,1.7626189056507764,1.6327191579005245,1.8900828862595025
64,16,x_history,284,1.7588655178312886,1.6477959191852576,1.8482302402645463
64,24,x_history,284,1.050422009685116,1.0169041864932842,1.0781111756688908
64,32,x_history,284,0.9741432924284616,0.9374670355611988,0.9939989951637567
64,40,x_history,284,0.4360493612820229,0.41185777906828486,0.4710744572879226
64,48,x_history,284,0.8380566905958503,0.7492443753166245,0.8999802535345036
64,56,x_history,284,0.9496225861745238,0.9303007886128835,0.9658152830474134
64,64,x_history,284,1.528417951695814,1.3506679815401657,1.6379615672460228
64,72,x_history,284,1.962256796577317,1.903414265382398,1.9794072934810494
64,80,x_history,284,1.875291477745173,1.737216176086208,1.953839816618753
64,88,x_history,284,1.6910773673613575,1.4212325922575624,1.859800330684073
64,96,x_history,284,1.2567125625858693,0.9439238161411269,1.6218698922385273
64,104,x_history,284,0.8199364052626098,0.5813401319565283,1.208279071599852
64,112,x_history,284,0.5560135211560708,0.35638893153014006,0.8164701955639909
64,120,x_history,284,0.46843725710035644,0.3402270637294586,0.7607708422842226
64,128,x_history,284,0.4480072407057597,0.30458824247243177,0.6565286383740738
64,136,x_history,284,0.4480072407057597,0.2811162241672805,0.6934666609308504
64,144,x_history,284,0.41666908236627365,0.2582625166548727,0.6730580843333577
64,152,x_history,284,0.4480072407057597,0.29820239498291967,0.6565286383740738
64,160,x_history,284,0.40908758382745536,0.2538577774893655,0.613239585888078
64,168,x_history,284,0.4221355636945146,0.28717406426740566,0.6285949868161085
64,176,x_history,284,0.39603960396039606,0.23950480714899158,0.5802190180449542
64,184,x_history,284,0.39603960396039606,0.23950480714899158,0.5312996130130353
64,192,x_history,284,0.41120260103803274,0.2597307630433751,0.6557377049180328
64,200,x_history,284,0.4221355636945146,0.2582625166548727,0.6048911262066226
64,208,x_history,284,0.4221355636945146,0.27424908010791266,0.6557377049180328
64,216,x_history,284,0.39603960396039606,0.22380503315273284,0.5946251980113595
64,224,x_history,284,0.4221355636945146,0.2597307630433751,0.6557377049180328
64,232,x_history,284,0.39603960396039606,0.2517964979190488,0.580775642012877
64,240,x_history,284,0.4221355636945146,0.29820239498291967,0.6557377049180328
64,248,x_history,284,0.39719143244687616,0.2643441357245614,0.6557377049180328
64,256,x_history,284,0.4480072407057597,0.2643441357245614,0.6557377049180328
64,264,x_history,284,0.4480072407057597,0.2773076497800329,0.6545718296183896
64,272,x_history,284,0.39603960396039606,0.21708224884246494,0.6474887739233568
64,280,x_history,284,0.4036211024992144,0.24090295706769455,0.5800308547304037
64,288,x_history,284,0.44764416527045237,0.23450208919632826,0.6557377049180328
64,296,x_history,284,0.35638893153014006,0.0,0.5352766095687229
64,304,x_history,284,0.4480072407057597,0.29820239498291967,0.658901438742197
64,312,x_history,284,0.3830399212375969,0.0,0.6557377049180328
64,320,x_history,284,0.4480072407057597,0.2702773034242109,0.6557377049180328
64,328,x_history,284,0.4221355636945146,0.25579128825683817,0.6402931873487143
64,336,x_history,284,0.3905814653556796,0.24090295706769455,0.5797825923029126
64,344,x_history,284,0.39603960396039606,0.2717424290261845,0.5797825923029126
64,352,x_history,284,0.39603960396039606,0.22036300203405626,0.5797825923029126
64,360,x_history,284,0.37788320013247934,0.24872357522653443,0.5797825923029126
64,368,x_history,284,0.39987688054874765,0.2533424575967863,0.6565286383740738
64,376,x_history,284,0.38356417052782643,0.23450208919632823,0.5797825923029126
64,384,x_history,284,0.4480072407057597,0.29820239498291967,0.6557377049180328
64,392,x_history,284,0.39603960396039606,0.2538577774893655,0.6303620355184438
64,400,x_history,284,0.4221355636945146,0.2597307630433751,0.5951450062645292
64,408,x_history,284,0.39603960396039606,0.2511444397802795,0.5797825923029126
64,416,x_history,284,0.41120260103803274,0.2597307630433751,0.5797825923029126
64,424,x_history,284,0.3966155182036361,0.2533424575967863,0.5797825923029126
64,432,x_history,284,0.40419701674245445,0.23393612432473687,0.6285949868161085
64,440,x_history,284,0.3935425231889562,0.2538577774893655,0.5797825923029126
64,448,x_history,284,0.40263440426879354,0.23182782518542938,0.596989839336794
64,456,x_history,284,0.39719143244687616,0.2597307630433751,0.5802190180449542
64,464,x_history,284,0.39603960396039606,0.20907257718446048,0.613253693530607
64,472,x_history,284,0.4328663482235663,0.2533424575967863,0.6380993088199594
64,480,x_history,284,0.41120260103803274,0.23296589752411506,0.6557377049180328
64,488,x_history,284,0.4480072407057597,0.2533424575967863,0.6557377049180328
64,496,x_history,284,0.4221355636945146,0.2597307630433751,0.6557377049180328
64,504,x_history,284,0.4480072407057597,0.2597307630433751,0.6557377049180328
64,512,x_history,284,0.39603960396039606,0.27061950084177827,0.6557377049180328
64,520,x_history,284,0.39603960396039606,0.22036300203405626,0.6474887739233568
64,528,x_history,284,0.4221355636945146,0.2811162241672805,0.6557377049180328
64,536,x_history,284,0.39603960396039606,0.0,0.6557377049180328
64,544,x_history,284,0.4480072407057597,0.29820239498291967,0.6402931873487143
64,552,x_history,284,0.41666908236627365,0.2773076497800329,0.6557377049180328
64,560,x_history,284,0.44382039238636234,0.30141611748166885,0.6557377049180328
64,568,x_history,284,0.4199123150214904,0.23950480714899158,0.6557377049180328
64,576,x_history,284,0.39603960396039606,0.23182782518542938,0.6557377049180328
64,584,x_history,284,0.41055704994120945,0.2487235752265345,0.6557377049180328
64,592,x_history,284,0.39603960396039606,0.19322620272839533,0.5797825923029126
64,600,x_history,284,0.4221355636945146,0.2538577774893655,0.6557377049180328
64,608,x_history,284,0.39603960396039606,0.21708224884246494,0.6557377049180328
64,616,x_history,284,0.4480072407057597,0.2487235752265345,0.6557377049180328
64,624,x_history,284,0.40460627564339446,0.2053003373670927,0.6406818124485955
64,632,x_history,284,0.37788320013247934,0.20583423219061875,0.5800308547304037
64,640,x_history,284,0.3789316987129384,0.1966100979445766,0.5834694597039614
64,648,x_history,284,0.39603960396039606,0.2533424575967863,0.580775642012877
64,656,x_history,284,0.39603960396039606,0.23393612432473687,0.5802190180449542
64,664,x_history,284,0.4221355636945146,0.3058222721890175,0.6557377049180328
64,672,x_history,284,0.41120260103803274,0.2702773034242109,0.6557377049180328
64,680,x_history,284,0.41444583369324944,0.23870083886760715,0.6557377049180328
64,688,x_history,284,0.39978056150245866,0.2582625166548727,0.6557377049180328
64,696,x_history,284,0.4408365064090225,0.2546742740697792,0.6557377049180328
64,704,x_history,284,0.4480072407057597,0.27424908010791266,0.6557377049180328
64,712,x_history,284,0.41120260103803274,0.2643441357245614,0.6557377049180328
64,720,x_history,284,0.4480072407057597,0.2811162241672805,0.6557377049180328
64,728,x_history,284,0.41055704994120945,0.2217605648635912,0.5797825923029126
64,736,x_history,284,0.4480072407057597,0.2935461018656915,0.6557377049180328
64,744,x_history,284,0.4480072407057597,0.2355798636499269,0.6557377049180328
64,752,x_history,284,0.4221355636945146,0.24136900704059552,0.6557377049180328
64,760,x_history,284,0.4480072407057597,0.26588192661829013,0.6557377049180328
64,768,x_history,284,0.39603960396039606,0.2049725387907941,0.6557377049180328
128,-1024,x_radial,205,0.9999999999999998,0.9236217807162925,1.0791765228734165
128,-1016,x_radial,205,0.9949046431847514,0.9332611958216466,1.0723909054519172
128,-1008,x_radial,205,1.0,0.9254573823917438,1.0604108069058766
128,-1000,x_radial,205,1.0,0.919284785528525,1.0645814833578817
128,-992,x_radial,206,0.9955132700990458,0.9225604999291213,1.0785576994375372
128,-984,x_radial,207,0.9959490271438673,0.9224351854574422,1.0758688805442134
128,-976,x_radial,208,0.9999999999999999,0.9316797792093371,1.0825961842396508
128,-968,x_radial,210,1.0,0.9309523966064486,1.0865279228411289
128,-960,x_radial,210,1.0,0.9419537514646241,1.083442183255261
128,-952,x_radial,211,0.9999999999999999,0.9335598914491688,1.073893027092275
128,-944,x_radial,211,0.9876673205179954,0.9269656927035352,1.077568154831027
128,-936,x_radial,211,0.9999999999999998,0.9171821344664732,1.0816259811122073
128,-928,x_radial,212,1.0,0.9273136604356318,1.0869675812169088
128,-920,x_radial,212,1.0,0.9175420187852759,1.0927979963172152
128,-912,x_radial,212,1.0046433935781833,0.916216180760844,1.0939004545953246
128,-904,x_radial,212,1.0182466430212385,0.92760937044957,1.0957324680294107
128,-896,x_radial,214,1.005785641166377,0.9318525698264776,1.0949368000243915
128,-888,x_radial,214,1.0089853105317292,0.930878724683727,1.0869529464877785
128,-880,x_radial,215,1.0,0.9335960278168165,1.0725715169168053
128,-872,x_radial,215,1.0110867107752362,0.9460721927157761,1.0778291905415398
128,-864,x_radial,216,1.0085464042897236,0.9329264568854766,1.0796726333470308
128,-856,x_radial,216,1.0064856183896698,0.9389274125398801,1.079843879582361
128,-848,x_radial,218,1.0150418421395329,0.9311155650091505,1.0710409550013509
128,-840,x_radial,218,1.0122269410046352,0.9340902152166992,1.0709336277594355
128,-832,x_radial,218,1.0,0.9332611958216466,1.0737912397238658
128,-824,x_radial,219,1.0160795701532963,0.9317845786949928,1.09498270610379
128,-816,x_radial,219,1.0143120501860678,0.9322200652640239,1.1008564734350568
128,-808,x_radial,219,1.0,0.9330246449722013,1.1039939326469725
128,-800,x_radial,220,1.014155295388477,0.9329264568854765,1.0855326999721289
128,-792,x_radial,220,1.0,0.9323736793053718,1.0862316813880624
128,-784,x_radial,221,1.0,0.9364540173190762,1.0874258683220648
128,-776,x_radial,222,0.9900007646149382,0.9138958888429706,1.083888356369481
128,-768,x_radial,223,1.0,0.9227553455113238,1.0667388041783534
128,-760,x_radial,225,1.0,0.9167970459710658,1.066412537224124
128,-752,x_radial,225,1.0,0.9266811772630072,1.0731284393062095
128,-744,x_radial,225,0.9883799433556059,0.919282445375472,1.0652846987787985
128,-736,x_radial,228,1.0,0.9071434698855391,1.068461181236522
128,-728,x_radial,228,0.9895437526522564,0.9079617292780092,1.0684566997956855
128,-720,x_radial,228,1.0,0.9101665593890214,1.0725258806731013
128,-712,x_radial,230,1.0,0.9094136255931378,1.077694681948429
128,-704,x_radial,232,1.0,0.9190350185011191,1.0736066862793523
128,-696,x_radial,234,1.0,0.9151139683906828,1.083368776433103
128,-688,x_radial,234,1.0131809022407188,0.923324118666436,1.075152859186856
128,-680,x_radial,234,1.0,0.923034344808406,1.0835515019546917
128,-672,x_radial,235,1.0,0.9157835748808755,1.0913998665841236
128,-664,x_radial,237,1.0,0.9249131435481117,1.0916070369568678
128,-656,x_radial,238,1.0,0.9250372719756755,1.090853890029614
128,-648,x_radial,238,1.0022934994098764,0.9297884769549881,1.0962758927132787
128,-640,x_radial,238,1.0,0.93446645953835,1.0960842945054705
128,-632,x_radial,238,1.0,0.9355186358911555,1.0886574767082242
128,-624,x_radial,240,1.0026440971087704,0.9255112905196802,1.0851450263041387
128,-616,x_radial,240,1.0116444852777033,0.9266439634745632,1.0882870616488962
128,-608,x_radial,241,1.0087603331452786,0.9274379497126044,1.0924926611604542
128,-600,x_radial,241,1.0101555532390025,0.9203752380010549,1.0882307403903118
128,-592,x_radial,242,1.0,0.9227616577985784,1.0715550799373257
128,-584,x_radial,242,1.0,0.9239297874265877,1.064780274833204
128,-576,x_radial,244,1.0,0.9271359971114261,1.071032312032409
128,-568,x_radial,244,1.0,0.9228965348840673,1.079907328019683
128,-560,x_radial,244,0.9931544017803688,0.9162595957054717,1.0757969210447356
128,-552,x_radial,245,1.0,0.9192847855285248,1.076258585990109
128,-544,x_radial,246,1.0,0.922647473070614,1.0732788007919254
128,-536,x_radial,247,1.0,0.9253793855042527,1.0771086167164157
128,-528,x_radial,247,1.0000000000000002,0.9212777602680882,1.072523216108623
128,-520,x_radial,248,1.0,0.913322577367679,1.0795436112912868
128,-512,x_radial,249,1.0,0.9115785569589299,1.081782647195645
128,-504,x_radial,249,1.0,0.9253491137501382,1.0769244944347947
128,-496,x_radial,249,1.0,0.9224351854574422,1.0911950473319425
128,-488,x_radial,250,1.0,0.9175205673569118,1.0705994962621657
128,-480,x_radial,250,1.0,0.9166508549577476,1.0682378051623347
128,-472,x_radial,250,1.0,0.9249122657885464,1.084828551103982
128,-464,x_radial,250,1.0,0.9246726510717314,1.077095177348821
128,-456,x_radial,251,1.0,0.9280157798194265,1.0844884737666587
128,-448,x_radial,252,1.0,0.9246574219916359,1.0792869789828334
128,-440,x_radial,252,1.0,0.9276107680995394,1.0776917991584711
128,-432,x_radial,252,1.0,0.9192847855285249,1.0649867044971062
128,-424,x_radial,252,1.0,0.9215734834836824,1.0564221883977183
128,-416,x_radial,253,1.0,0.9219272469937879,1.0667388041783534
128,-408,x_radial,255,0.9905572661654808,0.9132622033668161,1.067499496599008
128,-400,x_radial,256,1.0,0.926907119076058,1.0723909054519172
128,-392,x_radial,257,1.0,0.9117479512478557,1.0780727530062124
128,-384,x_radial,257,1.0000000000000002,0.9190414100382234,1.0687019921123098
128,-376,x_radial,258,0.9917216861193157,0.9258298762163514,1.0678257354390763
128,-368,x_radial,259,0.9902533126200663,0.9178362836041976,1.0644026712700236
128,-360,x_radial,259,0.9876719898076923,0.9226772180800278,1.0683385143053357
128,-352,x_radial,261,1.0,0.9131790242474174,1.0725620502873958
128,-344,x_radial,263,1.0,0.920015114939734,1.0729404365121944
128,-336,x_radial,264,1.0,0.9278020048143256,1.079529891456406
128,-328,x_radial,264,0.9908161949246667,0.92281625614573,1.0775648145425576
128,-320,x_radial,264,0.9999999999999999,0.9201709751900546,1.0732694986233327
128,-312,x_radial,265,0.9999999999999999,0.9255327685524436,1.061699621824144
128,-304,x_radial,265,0.9934845375037681,0.9265323221092324,1.0744672314475565
128,-296,x_radial,265,1.0,0.9191929311218352,1.0690641578871016
128,-288,x_radial,266,1.0023377390058794,0.9188115386918669,1.0672029424284235
128,-280,x_radial,266,1.0,0.9229449314510967,1.068850749800079
128,-272,x_radial,267,1.0,0.92811188028104,1.068809902672169
128,-264,x_radial,268,1.0000000000000004,0.9262312431899743,1.0757563291528354
128,-256,x_radial,273,1.0000000000000002,0.9380842144054463,1.0795860213885318
128,-248,x_radial,273,1.0,0.9369201503226168,1.0795860213885318
128,-240,x_radial,273,1.0092867871563667,0.9333795340035447,1.0798169358871417
128,-232,x_radial,273,1.0000000000000002,0.9272700706253916,1.0883550333683558
128,-224,x_radial,273,1.0061813579106664,0.9332611958216466,1.086246188404837
128,-216,x_radial,274,1.0088256615673044,0.9280925207519919,1.0819196815018675
128,-208,x_radial,275,1.0,0.9165720207827919,1.0925452907450133
128,-200,x_radial,277,1.0,0.9224351854574422,1.0792502498917236
128,-192,x_radial,278,1.002461243472888,0.9268703703754065,1.0814464636423906
128,-184,x_radial,279,1.0,0.9254023108485692,1.086978753599836
128,-176,x_radial,281,1.0,0.914465819015081,1.086288589411659
128,-168,x_radial,281,1.009304159355674,0.9230755055652051,1.0876726892985156
128,-160,x_radial,282,1.0,0.9161227486657131,1.084710298413789
128,-152,x_radial,282,0.9999999999999998,0.909000289620952,1.0879257762097037
128,-144,x_radial,282,1.0,0.9098603618568142,1.0875881957717397
128,-136,x_radial,284,1.0,0.9168558460715899,1.0888664688442813
128,-128,x_radial,284,1.0,0.9137329955832514,1.0837920646547639
128,-120,x_radial,284,1.0,0.9191967244741471,1.0808070688781648
128,-112,x_radial,284,1.0,0.9263632972618471,1.077654320322809
128,-104,x_radial,284,1.0,0.9144666539805679,1.0776329386068855
128,-96,x_radial,284,1.0,0.9191967244741471,1.08213564743752
128,-88,x_radial,284,1.0,0.9298748459457902,1.0736367027381528
128,-80,x_radial,284,0.9928464661379499,0.9332611958216466,1.0776501317987148
128,-72,x_radial,284,1.0,0.9352324797329479,1.07460547861869
128,-64,x_radial,284,1.0,0.9363589373748917,1.0829378845135678
128,-56,x_radial,284,1.0000000000000002,0.938406319301693,1.0739908443562478
128,-48,x_radial,284,1.0,0.9376222673492892,1.069475987717611
128,-40,x_radial,284,1.0,0.9308967931515737,1.0692156469453793
128,-32,x_radial,284,1.0,0.9360193382946075,1.068100983339863
128,-24,x_radial,284,1.0,0.9332837618547777,1.078417690527826
128,-16,x_radial,284,1.0,0.9252460627255394,1.0700006727429154
128,-8,x_radial,284,1.0,0.9219632633199146,1.0748893581387986
128,0,x_radial,284,1.2857247115359793,1.1549166220836862,1.4230669908398117
128,8,x_radial,284,1.7793918907316868,1.6871322759949332,1.8451720791219295
128,16,x_radial,284,1.848189247582726,1.7873361852945797,1.8919482218300239
128,24,x_radial,284,1.8549762295328671,1.800200604497545,1.8983859533867413
128,32,x_radial,284,1.8609331540221956,1.809463430579555,1.9010364020500072
128,40,x_radial,284,1.8592102181928045,1.809363952024412,1.902412861157555
128,48,x_radial,284,1.8598360154196922,1.810908601616985,1.903403057579165
128,56,x_radial,284,1.8612975504468778,1.8091519732298864,1.9034538342885001
128,64,x_radial,284,1.8617431807302394,1.807748728558736,1.9023763134893024
128,72,x_radial,284,1.861359064704223,1.8098400144136428,1.9020391586548393
128,80,x_radial,284,1.8634815809129746,1.805745487029411,1.9042875967193105
128,88,x_radial,284,1.8607781199807927,1.8072246907988059,1.9065162707667729
128,96,x_radial,284,1.861879297462667,1.8043704673533394,1.9042568926587036
128,104,x_radial,284,1.8601219999193754,1.8066082324873727,1.9035991095501674
128,112,x_radial,284,1.862862176832881,1.809217358493318,1.9022185464495212
128,120,x_radial,284,1.862017756043318,1.8126234507865864,1.9009102765597112
128,128,x_radial,284,1.766423286631558,1.7345230288275848,1.7936722194261585
128,136,x_radial,284,1.1521929886013424,1.1168526126076483,1.2066047142563452
128,144,x_radial,284,0.6833406377705145,0.6553365704159935,0.7191396002176043
128,152,x_radial,284,0.45081617741928004,0.43013841418610366,0.48314591936475265
128,160,x_radial,284,0.2831102385615256,0.25794068292119543,0.31364303377354447
128,168,x_radial,284,0.20921318418094254,0.1808415113250954,0.24366076874001477
128,176,x_radial,284,0.17510390303723,0.14101764357980107,0.2109837654086584
128,184,x_radial,284,0.1552797392733966,0.1237461465516988,0.19773254863446213
128,192,x_radial,284,0.1508017290980902,0.11729907816420629,0.1945921205632171
128,200,x_radial,284,0.14873664141658446,0.11180414886696756,0.1942892407335919
128,208,x_radial,284,0.14374354937469597,0.11029622579014045,0.19175854623132121
128,216,x_radial,284,0.14447418035977244,0.10565334466642559,0.1917078982690864
128,224,x_radial,284,0.14192179353469572,0.10305698036502287,0.1886549155669539
128,232,x_radial,284,0.1421801734120388,0.10000335070006175,0.1887645072186131
128,240,x_radial,284,0.1381128637783493,0.09771817858681822,0.18970629071307227
128,248,x_radial,284,0.1396659907076932,0.09305149330096783,0.18955544034386002
128,256,x_radial,284,0.13784718281607244,0.09360828279990568,0.18982178629114077
128,264,x_radial,284,0.16478982489841176,0.1152305993479468,0.21826740420503823
128,272,x_radial,284,0.26929463420783667,0.19409349281075872,0.3453384471731368
128,280,x_radial,284,0.40801446213763903,0.3001865490704666,0.499711813208639
128,288,x_radial,284,0.5981447681848722,0.47602920897441015,0.7281073209469396
128,296,x_radial,284,0.7533931130515661,0.6181706489282742,0.8626028974689954
128,304,x_radial,284,0.8365402949823613,0.7291671380088242,0.9464072513035462
128,312,x_radial,284,0.885473380380402,0.8081694724510228,0.9883799433556058
128,320,x_radial,284,0.9241158556465974,0.8347920938037032,1.0138443175554877
128,328,x_radial,284,0.9483729566243679,0.8419421344045553,1.0232225225398726
128,336,x_radial,284,0.9701091735273638,0.8650377723695588,1.038605408727832
128,344,x_radial,284,0.97580300142959,0.8850754440155209,1.0467637254392992
128,352,x_radial,284,0.9822567757009975,0.9020949468646835,1.0586663854202127
128,360,x_radial,284,0.9819464551077091,0.9137401974644291,1.0615696114890671
128,368,x_radial,284,0.9887317714023129,0.9303502840662361,1.0776917991584711
128,376,x_radial,284,0.9999999999999998,0.9116266910975992,1.0823939276432228
128,384,x_radial,284,1.0,0.9222608957140017,1.0808070688781648
128,392,x_radial,284,1.0,0.9212522510572541,1.0878638316809768
128,400,x_radial,284,1.0,0.921775605084084,1.0888692727466813
128,408,x_radial,284,1.0,0.9309252274774029,1.084437851894912
128,416,x_radial,284,1.0,0.9332212050589728,1.0828572942359338
128,424,x_radial,284,1.0022934994098767,0.9367326833014514,1.0926880489750683
128,432,x_radial,284,1.0081122093520591,0.9372362495849638,1.0888692727466815
128,440,x_radial,284,1.0082173222970472,0.9343274909278416,1.0827948121855195
128,448,x_radial,284,1.0,0.9378495748111626,1.084051204635442
128,456,x_radial,284,1.0,0.932630974931983,1.0839576041253283
128,464,x_radial,284,1.0,0.9185333535689029,1.076461065454767
128,472,x_radial,284,0.9877297381845384,0.9252205356715132,1.073084777210463
128,480,x_radial,284,1.0,0.9195311295868313,1.0791530466654646
128,488,x_radial,284,0.9923920080823778,0.9245529147738635,1.0781278448787037
128,496,x_radial,284,0.9860490986962276,0.9189802128592983,1.0756694566806733
128,504,x_radial,284,0.9916029862179174,0.9212436680257998,1.071828592813913
128,512,x_radial,284,0.9975387565271121,0.9230720482969579,1.0696359768851265
128,520,x_radial,284,0.9960590850098268,0.9284908684067379,1.066904056426495
128,528,x_radial,284,0.9899437600482031,0.9232843359101296,1.0667162381452224
128,536,x_radial,284,0.9879064921308833,0.9231733918500864,1.067617810826914
128,544,x_radial,284,0.994169343629965,0.9232763456039462,1.0619311644698552
128,552,x_radial,284,1.0,0.9199584944667748,1.068218519740204
128,560,x_radial,284,1.0,0.9271228472847954,1.0744766261687453
128,568,x_radial,284,1.0,0.9299870083377197,1.0729120605487341
128,576,x_radial,284,0.9999999999999999,0.9256366139541409,1.077210206471513
128,584,x_radial,284,1.0,0.9200489807632141,1.0675293701791082
128,592,x_radial,284,0.990869019603795,0.9209094323251299,1.0748508197507876
128,600,x_radial,284,1.0,0.9215823094721738,1.0798683196592678
128,608,x_radial,284,1.0,0.9223082008415286,1.082179035678642
128,616,x_radial,284,1.0,0.9245796322999498,1.0685807032613863
128,624,x_radial,284,1.0,0.9224351854574422,1.077016458971795
128,632,x_radial,284,1.0,0.9284961934867317,1.065752354808943
128,640,x_radial,284,1.0,0.9237717195055875,1.0661051865373907
128,648,x_radial,284,1.0,0.9223082008415286,1.078352414524787
128,656,x_radial,284,1.0,0.9242587545745153,1.080982258263067
128,664,x_radial,284,1.0,0.9338948134626093,1.0876866032882795
128,672,x_radial,284,1.0044699342115497,0.9313089476885223,1.0827699418232712
128,680,x_radial,284,1.0,0.9281885317688627,1.081351192839156
128,688,x_radial,284,0.9950871080398744,0.9151918200879817,1.0850783688544579
128,696,x_radial,284,1.0,0.9223994049857694,1.072433691660787
128,704,x_radial,284,1.0,0.9187962164305707,1.0770635566558413
128,712,x_radial,284,1.0,0.9216814783483593,1.0869689793876798
128,720,x_radial,284,1.0,0.9215823094721738,1.0910576801480536
128,728,x_radial,284,1.0,0.9265038007128186,1.0841488120724496
128,736,x_radial,284,1.0,0.9208770477454227,1.071176906180803
128,744,x_radial,284,1.0,0.9205653185149839,1.0775648145425576
128,752,x_radial,284,1.0,0.9206436295359341,1.0695564195309533
128,760,x_radial,284,1.0,0.9281511995087253,1.067413506992235
128,768,x_radial,284,1.0,0.9237652385080437,1.0670501722671797
128,-1024,x_history,205,0.16301644573414234,0.10525847876967374,0.22968628403069294
128,-1016,x_history,205,0.15915657662030702,0.10297796365102668,0.23009109244606224
128,-1008,x_history,205,0.16458158157994954,0.10898848124216295,0.23628893402345386
128,-1000,x_history,205,0.1597362854459185,0.09746867301635538,0.23628893402345386
128,-992,x_history,206,0.16765551270890766,0.11284620148195776,0.23558535519272022
128,-984,x_history,207,0.15073065769392566,0.0424854395487675,0.21907799875959497
128,-976,x_history,208,0.1607944838091195,0.10380529981412898,0.23009109244606227
128,-968,x_history,210,0.15739536794324188,0.02224243487750227,0.21262958871067514
128,-960,x_history,210,0.1589886310016976,0.10826683188234464,0.22099447513812154
128,-952,x_history,211,0.1571274673224811,0.1055967305642791,0.21522407540972074
128,-944,x_history,211,0.16467705976564434,0.11867627970944492,0.21934292565754115
128,-936,x_history,211,0.1604593815720223,0.12096651442966053,0.22185016765436105
128,-928,x_history,212,0.16837246034312262,0.12151233028130119,0.24160436821606734
128,-920,x_history,212,0.1623609739306849,0.11515155357997892,0.2300910924460623
128,-912,x_history,212,0.17106310965179714,0.13064454984404028,0.2364564856928983
128,-904,x_history,212,0.1763135865781515,0.11612255483848785,0.24072446174011677
128,-896,x_history,214,0.16500196443436882,0.10345907413296149,0.22970408630839345
128,-888,x_history,214,0.17710649399137068,0.11563478977140383,0.2406707666845978
128,-880,x_history,215,0.1532567049808429,0.11522638436840495,0.21343697114160304
128,-872,x_history,215,0.15963337112690443,0.1136378068592089,0.23628893402345386
128,-864,x_history,216,0.15250301169867236,0.11183999761663482,0.20635129499906502
128,-856,x_history,216,0.165579235796417,0.1145955632862013,0.2334746187005194
128,-848,x_history,218,0.14347550906061773,0.0798177425326781,0.21218251852157063
128,-840,x_history,218,0.15739536794324188,0.11522638436840495,0.20981961833372503
128,-832,x_history,218,0.14192794368193395,0.08165659181550472,0.21860984737185624
128,-824,x_history,219,0.15739536794324188,0.10951537452278698,0.23009109244606227
128,-816,x_history,219,0.14410854933509448,0.10321348741075073,0.21656149599446178
128,-808,x_history,219,0.15739536794324188,0.1136093911029494,0.2300910924460623
128,-800,x_history,220,0.1618862131578911,0.12053127461700898,0.22627724792661305
128,-792,x_history,220,0.1574861717461999,0.11771321371969762,0.23628893402345386
128,-784,x_history,221,0.1683724603431226,0.11565613582023558,0.23293167669574566
128,-776,x_history,222,0.15827597228177445,0.09001278684316948,0.22193569496854398
128,-768,x_history,223,0.16936403844409192,0.11643379918192887,0.23495961090210582
128,-760,x_history,225,0.15739536794324188,0.1180892020413534,0.20635129499906502
128,-752,x_history,225,0.15769246256082656,0.10428077696872565,0.22221179530878807
128,-744,x_history,225,0.1604593815720223,0.11925098917534019,0.23103293811972705
128,-736,x_history,228,0.16272549079629187,0.10332107093544243,0.22222116167377065
128,-728,x_history,228,0.1623609739306849,0.11609705145593856,0.22027428667111693
128,-720,x_history,228,0.16090953945208103,0.11456537153202222,0.2227820999373335
128,-712,x_history,230,0.15739536794324188,0.10332107093544243,0.21522407540972074
128,-704,x_history,232,0.15892730046684683,0.11167348882642945,0.2267507529412462
128,-696,x_history,234,0.1550954060121214,0.09756013050491179,0.212174249744443
128,-688,x_history,234,0.16500196443436882,0.11736675121377167,0.23628893402345386
128,-680,x_history,234,0.1596333711269044,0.10767534903016189,0.22270586017060054
128,-672,x_history,235,0.17105406680002358,0.11426128106560343,0.23009109244606232
128,-664,x_history,237,0.15073065769392563,0.096286474515081,0.2194306955639444
128,-656,x_history,238,0.16837246034312262,0.12268157780510082,0.22099447513812154
128,-648,x_history,238,0.15501693488868143,0.1158300917751669,0.22075441231578666
128,-640,x_history,238,0.1683724603431226,0.11522638436840495,0.2302969244499469
128,-632,x_history,238,0.16162269641086685,0.1180892020413534,0.2154788624026569
128,-624,x_history,240,0.15739536794324188,0.10020538602382764,0.2300910924460623
128,-616,x_history,240,0.15739536794324188,0.11522638436840495,0.23524307308104
128,-608,x_history,241,0.15021436639431748,0.08359690113751592,0.20246138122432994
128,-600,x_history,241,0.15407780152635614,0.09796690179233543,0.2196251993623742
128,-592,x_history,242,0.15460312024765024,0.02217445007732058,0.21625665893443033
128,-584,x_history,242,0.15045919370543295,0.0,0.21150473875417353
128,-576,x_history,244,0.16479177300715916,0.10323529411433849,0.23349663262779954
128,-568,x_history,244,0.151616834696299,0.09997593902321528,0.2211282261316909
128,-560,x_history,244,0.15456302939294964,0.11925098917534019,0.22980083784281063
128,-552,x_history,245,0.17105406680002358,0.12356691025285817,0.23628893402345386
128,-544,x_history,246,0.16218807153314108,0.10680055933530784,0.23584222281667247
128,-536,x_history,247,0.1683724603431226,0.11201655896693821,0.23905275454013689
128,-528,x_history,247,0.15250301169867234,0.0939518416104696,0.23223822970996277
128,-520,x_history,248,0.15196602364872275,0.09846799462936331,0.21965762452750973
128,-512,x_history,249,0.16500196443436882,0.10726993303310924,0.23628893402345386
128,-504,x_history,249,0.14790562723639336,0.09523426491768965,0.21390052291304645
128,-496,x_history,249,0.1687124848201205,0.11764121399545277,0.23628893402345386
128,-488,x_history,250,0.14516998166314105,0.09293872961004719,0.21522407540972072
128,-480,x_history,250,0.14516998166314105,0.0,0.20899321545634963
128,-472,x_history,250,0.16211371550103637,0.10443618412123572,0.21262958871067514
128,-464,x_history,250,0.14653019008136386,0.10086099105320734,0.20246138122432994
128,-456,x_history,251,0.15769246256082656,0.10041195907805539,0.2302563894741857
128,-448,x_history,252,0.16271458735889238,0.1058372329334,0.21962519936237423
128,-440,x_history,252,0.1679178312817069,0.10632615162717594,0.24003878216345162
128,-432,x_history,252,0.15250301169867236,0.09454752877713903,0.21347104142736653
128,-424,x_history,252,0.1683724603431226,0.10758828486172156,0.24957390930356987
128,-416,x_history,253,0.15250301169867234,0.09087845111851821,0.2024613812243299
128,-408,x_history,255,0.15739536794324188,0.0,0.2300910924460623
128,-400,x_history,256,0.16500196443436882,0.10723831073008586,0.21780544242640834
128,-392,x_history,257,0.15739536794324188,0.11522638436840495,0.2171360409691794
128,-384,x_history,257,0.16443717307314829,0.11925098917534019,0.21962519936237426
128,-376,x_history,258,0.16004637634946337,0.10605522801796595,0.21509892276592674
128,-368,x_history,259,0.1683724603431226,0.11665779320487918,0.2289505793479616
128,-360,x_history,259,0.1604593815720223,0.09412305102355531,0.2155637914003023
128,-352,x_history,261,0.16076816719836065,0.1136378068592089,0.21853079815681575
128,-344,x_history,263,0.15739536794324188,0.11315254017333613,0.22331589078888117
128,-336,x_history,264,0.16119765909184036,0.11554869795727793,0.21947932151355184
128,-328,x_history,264,0.15531267184699493,0.10447147526294122,0.21947932151355184
128,-320,x_history,264,0.16119765909184036,0.11240341576698118,0.22185408093004277
128,-312,x_history,265,0.14915927709515994,0.09711941971933705,0.23009109244606232
128,-304,x_history,265,0.15869802431338664,0.11522638436840495,0.22099447513812154
128,-296,x_history,265,0.16693856507469274,0.110056903577321,0.23239740014422958
128,-288,x_history,266,0.15739536794324188,0.10925558682595246,0.23306745977423882
128,-280,x_history,266,0.16004637634946337,0.1159571033602768,0.22099447513812154
128,-272,x_history,267,0.15250301169867236,0.09941394642277139,0.22245882773969433
128,-264,x_history,268,0.16400920508425557,0.11616322933306028,0.2300910924460623
128,-256,x_history,273,0.15045919370543295,0.0,0.21962519936237426
128,-248,x_history,273,0.15869802431338664,0.10428077696872565,0.22380503315273284
128,-240,x_history,273,0.15614164837503527,0.10237886835033898,0.22099447513812154
128,-232,x_history,273,0.16500196443436882,0.10898848124216295,0.22892610909085973
128,-224,x_history,273,0.15769246256082656,0.11565613582023558,0.22270586017060054
128,-216,x_history,274,0.15915657662030702,0.10870219827857361,0.23589776119697192
128,-208,x_history,275,0.1683724603431226,0.11454420990944852,0.23628893402345386
128,-200,x_history,277,0.16470756814471427,0.11115574218996929,0.24671793746318738
128,-192,x_history,278,0.16354595514546177,0.1091582823725356,0.2300910924460623
128,-184,x_history,279,0.16746320222029115,0.11643379918192885,0.24961111798740898
128,-176,x_history,281,0.16837246034312262,0.10756618520817803,0.23824264687639132
128,-168,x_history,281,0.16500196443436882,0.1136378068592089,0.24190698116766668
128,-160,x_history,282,0.16193593661165842,0.12222168343588398,0.23424522157237607
128,-152,x_history,282,0.15250301169867236,0.09804452108624709,0.22242455017150725
128,-144,x_history,282,0.15827597228177445,0.10452520241896267,0.2196251993623742
128,-136,x_history,284,0.1512436764656717,0.0,0.21522407540972072
128,-128,x_history,284,0.16061377438519148,0.0950516436800996,0.22970705816938983
128,-120,x_history,284,0.15963337112690443,0.0,0.21962519936237423
128,-112,x_history,284,0.15355306597316132,0.10723831073008586,0.20817994841901474
128,-104,x_history,284,0.15287985833975765,0.0913817976748797,0.2229806534161336
128,-96,x_history,284,0.15119235525128055,0.10179809632035955,0.22099447513812154
128,-88,x_history,284,0.1550954060121214,0.0999219804076858,0.21866326160578883
128,-80,x_history,284,0.16076816719836068,0.09937209229037605,0.2152240754097207
128,-72,x_history,284,0.15915657662030702,0.1187234002496369,0.230173740960124
128,-64,x_history,284,0.15739536794324188,0.10460591491463396,0.21968272951451664
128,-56,x_history,284,0.1647917730071592,0.11145786722975742,0.23402059094155864
128,-48,x_history,284,0.16193593661165842,0.11522638436840495,0.22099447513812154
128,-40,x_history,284,0.16061377438519148,0.10844022890598032,0.23488446047244685
128,-32,x_history,284,0.1597267770977498,0.10595001929791398,0.2380902734168491
128,-24,x_history,284,0.16485476628954154,0.11675032406742923,0.22364112249639176
128,-16,x_history,284,0.16090953945208103,0.11522638436840495,0.22099447513812154
128,-8,x_history,284,0.1656537346307953,0.10860677062404385,0.21996751830631103
128,0,x_history,284,0.5083527632844222,0.3618755520927231,0.6888771762870766
128,8,x_history,284,1.3209830756364505,1.1282261778764355,1.515226225689716
128,16,x_history,284,1.373681441535201,1.2232495976099758,1.507870682067594
128,24,x_history,284,0.9084794496794105,0.8426504284122357,0.9679617021233691
128,32,x_history,284,0.8450021652554731,0.7941856444446524,0.8958430194442495
128,40,x_history,284,0.39568398821756995,0.363607552257605,0.4289692873441809
128,48,x_history,284,0.23058992243435503,0.20895477959111936,0.2514089357305277
128,56,x_history,284,0.11274404589209432,0.09840222591752029,0.12720148096460468
128,64,x_history,284,0.06728679631992937,0.0538703713035648,0.08268956254403428
128,72,x_history,284,0.044910028347678044,0.034354560237517776,0.05924134012483129
128,80,x_history,284,0.0349517307577868,0.024802125521436343,0.04721500168572041
128,88,x_history,284,0.03163336770542338,0.02193909675615457,0.04032108146305859
128,96,x_history,284,0.02882168296881752,0.01933112050004882,0.03867643458205355
128,104,x_history,284,0.08941393028205956,0.0724202390319902,0.11276949275084407
128,112,x_history,284,0.6741551187061501,0.5899779727605905,0.7358729537564426
128,120,x_history,284,0.853695995229201,0.8097052718119677,0.8876561068803074
128,128,x_history,284,1.2929898726200943,1.1569668167085836,1.4249906599001256
128,136,x_history,284,1.5733460882531967,1.3972341093323117,1.7087686807873301
128,144,x_history,284,1.2923659203077547,1.106691505620066,1.4865531619357375
128,152,x_history,284,0.9970019877943677,0.7890816370523689,1.2294580035334521
128,160,x_history,284,0.6502856108092321,0.45493098325321035,0.8550326846570879
128,168,x_history,284,0.43027973932892305,0.27722373173266024,0.5887521928280531
128,176,x_history,284,0.2988549556818093,0.18499650130359885,0.41615626713249254
128,184,x_history,284,0.23485853529624584,0.15739536794324188,0.33048613602531596
128,192,x_history,284,0.20246138122432994,0.13724161564620957,0.2997275551610712
128,200,x_history,284,0.1945904624701052,0.13232330861669367,0.3078137264800631
128,208,x_history,284,0.18552591178503766,0.12940464780243255,0.2557487301282719
128,216,x_history,284,0.17710649399137068,0.12544751655464387,0.26977903676710524
128,224,x_history,284,0.15915657662030702,0.10731097658388795,0.22756965993422273
128,232,x_history,284,0.15939497387360574,0.11485047510725328,0.2199675183063111
128,240,x_history,284,0.15739536794324188,0.11466792652617647,0.2198216404574887
128,248,x_history,284,0.16283952164162613,0.11582990097114956,0.22777932297152972
128,256,x_history,284,0.15739536794324188,0.11845387309735735,0.22228993468065286
128,264,x_history,284,0.16854247258162153,0.12364223938221633,0.23628893402345386
128,272,x_history,284,0.155192086151662,0.10561821883133138,0.2300910924460623
128,280,x_history,284,0.1604593815720223,0.11461380333031937,0.21627573044827667
128,288,x_history,284,0.16765551270890766,0.11003701494169693,0.23695914070123164
128,296,x_history,284,0.15739536794324188,0.10718131395227802,0.22270586017060054
128,304,x_history,284,0.17192653725272367,0.12231994642909247,0.23628893402345386
128,312,x_history,284,0.16500196443436882,0.11089120096690677,0.2152240754097207
128,320,x_history,284,0.17456109763828892,0.11959625636141286,0.2485593106664866
128,328,x_history,284,0.15739536794324188,0.11675032406742925,0.21522407540972074
128,336,x_history,284,0.15915657662030702,0.1218727784760716,0.23319071722763546
128,344,x_history,284,0.1593949738736057,0.10339229208892615,0.2300910924460623
128,352,x_history,284,0.1683724603431226,0.11565613582023558,0.23628893402345386
128,360,x_history,284,0.15460312024765024,0.0968162045865889,0.21556379140030227
128,368,x_history,284,0.1683724603431226,0.12179908123116523,0.23313304942556912
128,376,x_history,284,0.15302068935398955,0.11054612830123639,0.20246138122432994
128,384,x_history,284,0.16400920508425557,0.11655903844035925,0.21853079815681573
128,392,x_history,284,0.1558646700758139,0.11744591199168969,0.21530900440736608
128,400,x_history,284,0.15558769177659254,0.10801874979198522,0.21530900440736608
128,408,x_history,284,0.1512436764656717,0.11199745162121565,0.21522407540972072
128,416,x_history,284,0.16061377438519148,0.11486483015710389,0.2197274554839762
128,424,x_history,284,0.14583226817412612,0.0,0.20246138122432994
128,432,x_history,284,0.1604593815720223,0.11293452449741162,0.22675075294124616
128,440,x_history,284,0.15199878035736983,0.08995779270791943,0.2093188874281007
128,448,x_history,284,0.16217433279765042,0.12231994642909247,0.21853079815681573
128,456,x_history,284,0.15739536794324188,0.11220308576405406,0.21880439845820535
128,464,x_history,284,0.15739536794324188,0.10966768576365352,0.2125150651898024
128,472,x_history,284,0.16500196443436882,0.10525847876967376,0.22867057740216293
128,480,x_history,284,0.1572614176328615,0.09812262926428897,0.2070306017431209
128,488,x_history,284,0.16135205190500956,0.09861370392683592,0.22270586017060054
128,496,x_history,284,0.15851436953507314,0.10375216429196646,0.21211537259886187
128,504,x_history,284,0.1683724603431226,0.10735969717684833,0.2234387217378606
128,512,x_history,284,0.1569446723333893,0.10863290723366673,0.223885505168619
128,520,x_history,284,0.15739536794324188,0.11778190302611517,0.22773169815342376
128,528,x_history,284,0.15739536794324188,0.10963470443212951,0.22099447513812154
128,536,x_history,284,0.16500196443436882,0.11397251350523833,0.22774293865074458
128,544,x_history,284,0.15739536794324188,0.10020538602382764,0.23146307978658995
128,552,x_history,284,0.16173791365308232,0.11835227583656403,0.23824264687639132
128,560,x_history,284,0.15939497387360574,0.10645414623509518,0.21962519936237423
128,568,x_history,284,0.1679744618545749,0.11258233302287404,0.23714016678174307
128,576,x_history,284,0.1618862131578911,0.11119061585425809,0.2339472424596918
128,584,x_history,284,0.15739536794324188,0.10510201796795232,0.22359418346214435
128,592,x_history,284,0.15851436953507314,0.11248051998777775,0.21522407540972072
128,600,x_history,284,0.15739536794324188,0.11370151220765091,0.21962519936237426
128,608,x_history,284,0.16061377438519148,0.10940245697875109,0.2307566955313414
128,616,x_history,284,0.1550954060121214,0.09664813101892519,0.22113365968149795
128,624,x_history,284,0.16837246034312262,0.1134376437485672,0.2316405528404102
128,632,x_history,284,0.16061377438519148,0.1000474721513896,0.21880439845820537
128,640,x_history,284,0.15329040661251425,0.11087408660458613,0.22980083784281066
128,648,x_history,284,0.16218807153314105,0.10419340195238005,0.22980083784281063
128,656,x_history,284,0.15347459484972137,0.09693721767378989,0.22099447513812154
128,664,x_history,284,0.16374678969721285,0.11230289072650453,0.2300910924460623
128,672,x_history,284,0.151616834696299,0.09728374257367398,0.22272571803230198
128,680,x_history,284,0.15836677608473246,0.11511974197815586,0.22619829230160976
128,688,x_history,284,0.15739536794324188,0.08735059678054598,0.2251656982854767
128,696,x_history,284,0.15739536794324188,0.10830503275557456,0.20334282570572432
128,704,x_history,284,0.1451864115764303,0.0,0.2165791433908203
128,712,x_history,284,0.16485476628954154,0.11642127832851551,0.2300910924460623
128,720,x_history,284,0.15739536794324188,0.11642127832851551,0.22099447513812154
128,728,x_history,284,0.17192653725272367,0.11971134542343707,0.23009109244606224
128,736,x_history,284,0.1604593815720223,0.11574664557733619,0.22394438526177216
128,744,x_history,284,0.1683724603431226,0.11757241991834949,0.2354658588238344
128,752,x_history,284,0.15769246256082656,0.0,0.21962519936237423
128,760,x_history,284,0.16379901365704594,0.09814548048083711,0.23390377651494987
128,768,x_history,284,0.16847637988147365,0.11714494445164847,0.2300910924460623
256,-1024,x_radial,188,1.01833535998379,0.9568507950285358,1.0590326693000638
256,-1016,x_radial,188,1.01833535998379,0.9639518230201778,1.0579038622532737
256,-1008,x_radial,189,1.0124923949450197,0.962962962962963,1.0667388041783534
256,-1000,x_radial,190,1.0064990859987828,0.9625908932198735,1.052367625105384
256,-992,x_radial,190,1.0088279872145791,0.9621318078050023,1.0640234276744955
256,-984,x_radial,191,1.0120091943601475,0.9567512129982061,1.0603003865527796
256,-976,x_radial,191,1.0044283012457371,0.9575768930430699,1.0599989676444803
256,-968,x_radial,191,1.0,0.9564255774155355,1.0578391266854623
256,-960,x_radial,193,1.0040402094013157,0.9561908572190668,1.058344813069547
256,-952,x_radial,193,1.0,0.9485401132371216,1.0548555915073345
256,-944,x_radial,193,1.0,0.9554589587766735,1.054841809190213
256,-936,x_radial,193,1.0,0.9497687357406348,1.0475020613277695
256,-928,x_radial,195,1.0,0.9462013288165301,1.0493628009594278
256,-920,x_radial,196,1.0,0.9468806833004261,1.0505197000901159
256,-912,x_radial,196,0.9986952990544669,0.9442906753321025,1.058017515393463
256,-904,x_radial,197,1.0000000000000002,0.9469987990390388,1.0537605548064892
256,-896,x_radial,197,1.0032357461050443,0.9527180374295049,1.064789352204322
256,-888,x_radial,198,1.0040402094013157,0.951176068015779,1.0565945802790822
256,-880,x_radial,198,1.0068702201763022,0.9439574726924949,1.0595464892691302
256,-872,x_radial,198,1.0069998274420526,0.9468393119456873,1.0582609388241315
256,-864,x_radial,198,1.0041553214822292,0.9487262092099321,1.0564128359313747
256,-856,x_radial,198,1.0,0.950523253714921,1.0528961513026287
256,-848,x_radial,199,1.0,0.9506514748735077,1.0538914152165466
256,-840,x_radial,199,1.0,0.9483603687746678,1.0513098777747985
256,-832,x_radial,199,1.0,0.9467964607313497,1.0484406997020983
256,-824,x_radial,199,1.0,0.9455011769026302,1.0543628705770827
256,-816,x_radial,199,0.9867885391802107,0.9381430098485611,1.0581583575759985
256,-808,x_radial,201,0.9896267590996176,0.948917964324817,1.0613731616177924
256,-800,x_radial,202,0.9928360325669134,0.9454122013229567,1.062069534832335
256,-792,x_radial,203,1.0,0.9393820434215132,1.0604476949483015
256,-784,x_radial,204,0.9999999999999998,0.937835279475779,1.0578708638210728
256,-776,x_radial,204,1.0012368829950011,0.9441079792914913,1.0625981024272773
256,-768,x_radial,205,1.0,0.9482609627911274,1.0562206722519665
256,-760,x_radial,205,1.0,0.9530107300538541,1.0565805936385808
256,-752,x_radial,205,1.0,0.9570210826330211,1.0565805936385808
256,-744,x_radial,205,1.0027873063802508,0.9581637755183393,1.0559975360639722
256,-736,x_radial,206,1.0000000000000002,0.9508231358092137,1.0528591762015043
256,-728,x_radial,207,1.0,0.948409505847222,1.0563803981367337
256,-720,x_radial,208,1.0076659637865775,0.9487500931033951,1.0562686324393902
256,-712,x_radial,210,1.0128822321066973,0.9482714461862201,1.060401407178571
256,-704,x_radial,210,1.010045539181196,0.9485444489050503,1.0637029297233136
256,-696,x_radial,211,1.017511328495208,0.9483411777372875,1.0667388041783534
256,-688,x_radial,211,1.0185256572113044,0.952479511455393,1.0666947530862807
256,-680,x_radial,211,1.0216161639425125,0.9454408530306497,1.072531661746538
256,-672,x_radial,212,1.0157830676000623,0.9451987817983822,1.067316003982153
256,-664,x_radial,212,1.011029924073146,0.9506826805066104,1.0663871623136671
256,-656,x_radial,212,1.0,0.9547911910259747,1.0634351830527515
256,-648,x_radial,212,1.0,0.946360334669964,1.0536271668753896
256,-640,x_radial,214,0.9978406204460772,0.9433384637719284,1.0565494999838676
256,-632,x_radial,214,1.0,0.9435816876921481,1.0515534372471245
256,-624,x_radial,215,0.9999999999999999,0.9397214970765893,1.0518339704125672
256,-616,x_radial,215,1.0,0.9437680036961908,1.0501203239503822
256,-608,x_radial,216,1.0,0.9417838992414649,1.0541259604016262
256,-600,x_radial,216,0.9945031071203814,0.9406285195619677,1.0474606374536917
256,-592,x_radial,218,1.0,0.9418631965945637,1.059066739790746
256,-584,x_radial,218,1.0,0.9456096337063249,1.0559745294239535
256,-576,x_radial,218,1.0063549349240972,0.9395042855310998,1.0566925232343074
256,-568,x_radial,219,1.0,0.9458972920605504,1.0562563941778964
256,-560,x_radial,219,1.0062616004669476,0.9424123776120015,1.0609861376064935
256,-552,x_radial,219,1.00392139888,0.9483191620402511,1.0591276722710474
256,-544,x_radial,220,1.0002040635274139,0.9518120545811419,1.0638258924069848
256,-536,x_radial,220,1.0,0.9536454970020116,1.0569883335343002
256,-528,x_radial,221,1.0,0.9482609627911274,1.0618315733861035
256,-520,x_radial,222,1.0,0.9505988088610992,1.0690462321237557
256,-512,x_radial,223,0.9947576501790716,0.9497793592847852,1.0641996846329027
256,-504,x_radial,225,0.9980477802522443,0.9492384394305141,1.0585946511374165
256,-496,x_radial,225,1.0,0.9522583390955434,1.0556959235084307
256,-488,x_radial,225,1.0,0.9497687357406348,1.0541868676559998
256,-480,x_radial,228,1.0066672189311254,0.9469358146375544,1.0527723651982028
256,-472,x_radial,228,1.0063840328357365,0.9488242172339327,1.0548005418820179
256,-464,x_radial,228,1.0030906789553335,0.9445072729260428,1.0548005418820179
256,-456,x_radial,230,1.0000000000000002,0.9416065226508163,1.0535927486964538
256,-448,x_radial,232,1.0,0.9444388868380814,1.0575138506511308
256,-440,x_radial,234,0.9985900828533778,0.9378764363194051,1.0594975285713681
256,-432,x_radial,234,0.9934132922391936,0.9395358039899109,1.0637683287846178
256,-424,x_radial,234,0.9934132922391936,0.9397179905947075,1.0618622300748028
256,-416,x_radial,235,1.0,0.9386254803441931,1.0557995783563348
256,-408,x_radial,237,1.0,0.9363184229964476,1.0542381282072686
256,-400,x_radial,238,1.0,0.94329088530126,1.050827684741881
256,-392,x_radial,238,1.0,0.9457064458973137,1.0461203810370232
256,-384,x_radial,238,1.0,0.9423056069394778,1.0467969137420599
256,-376,x_radial,238,1.0,0.9424331919445156,1.053032151230941
256,-368,x_radial,240,0.9985063649146254,0.9468826041787661,1.0606334522946992
256,-360,x_radial,240,0.997538756527112,0.940100761279465,1.0561078752278508
256,-352,x_radial,241,0.9999999999999999,0.948324520565288,1.057954280558326
256,-344,x_radial,241,0.9955313504978786,0.9532293381427016,1.0579542805583262
256,-336,x_radial,242,1.0,0.9457236485853511,1.0573447697719522
256,-328,x_radial,242,1.0,0.9410192563930748,1.0560993100968978
256,-320,x_radial,244,1.0,0.9453321736897726,1.0540428918147693
256,-312,x_radial,244,0.9970599421569568,0.9454758617291412,1.0533708818099774
256,-304,x_radial,244,0.9943960535426741,0.9469188329285974,1.0473490472293523
256,-296,x_radial,245,0.9942045660708284,0.9469155901102959,1.0419662457929024
256,-288,x_radial,246,0.9916630660442756,0.9429222711784805,1.0451476109119877
256,-280,x_radial,247,0.9931118517889853,0.9431465169767151,1.0521493952887737
256,-272,x_radial,247,0.9947118057824592,0.9448977319225735,1.0517445299029808
256,-264,x_radial,248,0.9999999999999999,0.9472882640708812,1.0414147067819468
256,-256,x_radial,249,1.0,0.9463899129861536,1.052240018379546
256,-248,x_radial,249,1.0,0.9505604117885647,1.044850960151138
256,-240,x_radial,249,1.0,0.9440863110422573,1.0447972075323024
256,-232,x_radial,250,0.9990673319125745,0.9498155335608092,1.0459069854781424
256,-224,x_radial,250,1.0,0.9494481795617558,1.0484625974185762
256,-216,x_radial,250,1.0022146805877266,0.9504636170962041,1.0533991698328367
256,-208,x_radial,250,1.005099855737719,0.9535261673911091,1.0541643919638664
256,-200,x_radial,251,1.0044293611754527,0.9543564329061642,1.0563301232227507
256,-192,x_radial,252,1.0,0.9538335314062949,1.062939882872771
256,-184,x_radial,252,1.0,0.9510918385353997,1.059186092403999
256,-176,x_radial,252,1.0,0.9523461463691834,1.0632673166985485
256,-168,x_radial,252,1.0,0.940409242027337,1.0551401286663267
256,-160,x_radial,253,1.0,0.9407165391369724,1.054841809190213
256,-152,x_radial,255,1.0031511532314359,0.9339517115636453,1.056684492524938
256,-144,x_radial,256,1.0054828127345568,0.9413732858673206,1.0624238596753521
256,-136,x_radial,257,1.0102415133937144,0.9439771532490105,1.066005067799847
256,-128,x_radial,257,1.0101158213179129,0.9442504718537023,1.066005067799847
256,-120,x_radial,258,1.0074210822921017,0.9541714677798087,1.0581484392020688
256,-112,x_radial,259,1.0073065476884053,0.9517271694606444,1.0627905654502385
256,-104,x_radial,259,1.0087440138030443,0.9511095764937685,1.0640282724526933
256,-96,x_radial,261,1.0057954339291717,0.9482981341832846,1.0625
256,-88,x_radial,263,1.0056596355563532,0.9556281618080642,1.0674491846423284
256,-80,x_radial,264,1.0,0.9451994581179822,1.060623609680232
256,-72,x_radial,264,1.0,0.9444768180432958,1.062314385558763
256,-64,x_radial,264,1.004105717876477,0.9461519346551184,1.0569040396315907
256,-56,x_radial,265,1.0094333030737328,0.9420838015469329,1.0628888651747235
256,-48,x_radial,265,1.0059379711885523,0.9437393638588267,1.0707783470491086
256,-40,x_radial,265,1.0130459962154743,0.945841079309751,1.0668987672290489
256,-32,x_radial,266,1.0077649264367388,0.9418082762126797,1.0636815770035524
256,-24,x_radial,266,1.0104565258422809,0.9416575735661921,1.0679374522132463
256,-16,x_radial,267,1.0114797486108291,0.9419097982698008,1.0712459357953457
256,-8,x_radial,268,1.0050399049182168,0.9411760663169253,1.0744831184380939
256,0,x_radial,273,1.200678995463049,1.0908232764835386,1.2973794081605818
256,8,x_radial,273,1.7105051858068303,1.587118044887131,1.7848675850799256
256,16,x_radial,273,1.7991215296990297,1.7115095299216565,1.849808894382376
256,24,x_radial,273,1.813897238214153,1.7342722472471386,1.8618196468122497
256,32,x_radial,273,1.816182054854758,1.7414271679520166,1.8661688915471122
256,40,x_radial,274,1.815852316322391,1.7455314011837384,1.8673377518366625
256,48,x_radial,275,1.814601399387472,1.745017235645606,1.86597790553065
256,56,x_radial,277,1.8147408510793213,1.7459705438314759,1.8645845199246256
256,64,x_radial,278,1.816356662777614,1.7469758041963195,1.8659347020059394
256,72,x_radial,279,1.8143437449621456,1.744806478349133,1.8653251365996888
256,80,x_radial,281,1.8145063546155131,1.7420805159928512,1.8674716888098042
256,88,x_radial,281,1.8121653080053097,1.7414992588690292,1.8663248400284502
256,96,x_radial,282,1.8103872463916169,1.7417961578884573,1.8629395926473369
256,104,x_radial,282,1.809893057550203,1.7410912566865582,1.864971565499494
256,112,x_radial,282,1.8080166912855673,1.7411445061217152,1.8665746216119383
256,120,x_radial,284,1.8077712122941156,1.7395054871793592,1.867401141847038
256,128,x_radial,284,1.8073765878720716,1.7396622484946658,1.8661084273118653
256,136,x_radial,284,1.8095164843532106,1.7396622484946658,1.8652473518424144
256,144,x_radial,284,1.8115616955470935,1.741008964790237,1.8652129731474463
256,152,x_radial,284,1.8082012015286009,1.7435486219847847,1.8640813365144218
256,160,x_radial,284,1.806906824436464,1.74339325832553,1.8660861254750405
256,168,x_radial,284,1.8066264595258708,1.741077176708792,1.8645770573653655
256,176,x_radial,284,1.809417811789241,1.7415678794730172,1.8632854766191909
256,184,x_radial,284,1.812745531759305,1.738501102312695,1.8636352362272515
256,192,x_radial,284,1.810912866380134,1.7428791340706453,1.8628504005654367
256,200,x_radial,284,1.811531073065401,1.7434479717783975,1.8611985821745471
256,208,x_radial,284,1.8102718214731608,1.738995971592844,1.8628213278088814
256,216,x_radial,284,1.8101613071791514,1.7381484044709317,1.8653216131498263
256,224,x_radial,284,1.8103954332891519,1.7355303669887385,1.8653735886035523
256,232,x_radial,284,1.8102369997165342,1.7363139182626295,1.8654059046081797
256,240,x_radial,284,1.8103083570957212,1.7391825391204825,1.8646820531557495
256,248,x_radial,284,1.8085566500825103,1.7410408652865117,1.8624651305718698
256,256,x_radial,284,1.7320971466584894,1.6890961053350226,1.7685999292881849
256,264,x_radial,284,1.1481624950172782,1.1147519688846175,1.2004088424123218
256,272,x_radial,284,0.6875833344491702,0.6617611691306423,0.7237607737051494
256,280,x_radial,284,0.46408921251414953,0.44075474995221164,0.4990535381143085
256,288,x_radial,284,0.30754144988091814,0.2780858562318411,0.3526399682546393
256,296,x_radial,284,0.2425762630334638,0.20549383406052968,0.3006423650856358
256,304,x_radial,284,0.2142379462991184,0.16911543820787325,0.2727718554548967
256,312,x_radial,284,0.2037483952702537,0.1578942632535382,0.26191205154517805
256,320,x_radial,284,0.20195468750136158,0.1489483580215633,0.25729260047280295
256,328,x_radial,284,0.20040711180921011,0.14666836351040896,0.25309847984514927
256,336,x_radial,284,0.19763984150508696,0.14510972474407557,0.25207076301755865
256,344,x_radial,284,0.19804668694462368,0.1405360116801458,0.2579052780441314
256,352,x_radial,284,0.1947098791805963,0.1391325553246671,0.25396246158668606
256,360,x_radial,284,0.19151269963100442,0.13666409973178512,0.2542375148709449
256,368,x_radial,284,0.19263178899463135,0.1382070377182885,0.25683666921409376
256,376,x_radial,284,0.1902563658561901,0.13801233304973715,0.25666648449316865
256,384,x_radial,284,0.19233040047604344,0.13602845531277194,0.2587767718634822
256,392,x_radial,284,0.18984302257805943,0.1373021217658368,0.2564212358365925
256,400,x_radial,284,0.18939375962392824,0.13642619101002487,0.25559441419126216
256,408,x_radial,284,0.19238355860396308,0.13629255923606837,0.25292782791577595
256,416,x_radial,284,0.19322190609055817,0.13646263785684723,0.25365178389901544
256,424,x_radial,284,0.19196385082615364,0.13651586932285087,0.2551384068656432
256,432,x_radial,284,0.19135815156837807,0.13788364093550298,0.2562316766735674
256,440,x_radial,284,0.19135815156837804,0.13807503083610695,0.2511349991713438
256,448,x_radial,284,0.19023453176874827,0.13830706746094126,0.2553600543529161
256,456,x_radial,284,0.18904132993476502,0.13843388992101655,0.2540417802780958
256,464,x_radial,284,0.18745043758152374,0.13905672363041527,0.25532285379255765
256,472,x_radial,284,0.18791722175713693,0.1381156283610238,0.25283416601753145
256,480,x_radial,284,0.18990801823516856,0.13936471765621228,0.2540293534335729
256,488,x_radial,284,0.19072442235669207,0.13881978188626704,0.25398140632538235
256,496,x_radial,284,0.19158272977229876,0.13881749044223304,0.2540573545379358
256,504,x_radial,284,0.19100407923347132,0.13686906786281602,0.24982355972511883
256,512,x_radial,284,0.1934159281161718,0.14187375614512793,0.24961513527209023
256,520,x_radial,284,0.229459995910973,0.16812748225213048,0.2909352987858643
256,528,x_radial,284,0.3711810222385225,0.27286896231465957,0.45488809084421
256,536,x_radial,284,0.5368487540083949,0.41810759290081967,0.626240193942023
256,544,x_radial,284,0.7260610814085995,0.6037797088137218,0.8346347954112925
256,552,x_radial,284,0.8506388906822905,0.7509207215009941,0.9292945394609144
256,560,x_radial,284,0.9184622058562166,0.8380799271893373,0.9936118379844077
256,568,x_radial,284,0.9504925400283842,0.874955311535657,1.0207098608313965
256,576,x_radial,284,0.9678057511943721,0.8986349740596574,1.028427460518015
256,584,x_radial,284,0.9665746474782113,0.9076737081975451,1.0325268257367084
256,592,x_radial,284,0.9709179882515102,0.9188283279983955,1.0367095812850957
256,600,x_radial,284,0.9786357803436703,0.924871462003603,1.038591435366041
256,608,x_radial,284,0.9924585734087179,0.9338288345057209,1.0436829213804169
256,616,x_radial,284,0.9935293218090684,0.9393665477053008,1.0482970853467033
256,624,x_radial,284,0.9928011656091708,0.9400520319011869,1.0540944787619688
256,632,x_radial,284,0.9999999999999999,0.9383014851930809,1.0507951480605875
256,640,x_radial,284,1.0000000000000002,0.9420998425861041,1.0492596783519252
256,648,x_radial,284,1.0,0.9412390765474833,1.051691368878252
256,656,x_radial,284,0.996677779884697,0.9411657553174209,1.0501234077420365
256,664,x_radial,284,0.9945721402653988,0.9449883448195342,1.0551887876723693
256,672,x_radial,284,1.0,0.9449834866647947,1.0592457581695913
256,680,x_radial,284,1.0,0.9472053364774148,1.0569378673927354
256,688,x_radial,284,1.0,0.9463728127246422,1.0534544106864876
256,696,x_radial,284,1.0055349080444973,0.9471121699962372,1.0561430807091379
256,704,x_radial,284,1.0,0.9506055167201425,1.052921870487346
256,712,x_radial,284,1.0,0.9490806219559313,1.0476705307344982
256,720,x_radial,284,1.0,0.9513352141929632,1.0524707575672732
256,728,x_radial,284,1.0,0.9535784051221843,1.0565609877908335
256,736,x_radial,284,1.0,0.9476251989977313,1.049274362158389
256,744,x_radial,284,1.0000000000000002,0.9465531547167119,1.0491581932432417
256,752,x_radial,284,1.0,0.9516867298495633,1.0461871322654543
256,760,x_radial,284,1.0035678119710298,0.9539944029765904,1.0482479031315295
256,768,x_radial,284,1.003903313446216,0.9545219722146213,1.0492667396607738
256,-1024,x_history,188,0.06971407324543871,0.051927588602057526,0.09133975786594363
256,-1016,x_history,188,0.06994669139936252,0.054092312558284276,0.0932129498483878
256,-1008,x_history,189,0.07017040040328554,0.05569958188530043,0.1003268132111758
256,-1000,x_history,190,0.06837707851049207,0.05020463575147685,0.09451995594456943
256,-992,x_history,190,0.07538237483045787,0.056716229815734626,0.10984057266750123
256,-984,x_history,191,0.07035266906254373,0.0,0.08918727280112052
256,-976,x_history,191,0.07389524833432284,0.05412685357979094,0.10290057271398624
256,-968,x_history,191,0.07051264118271372,0.04452312739372839,0.09318648887303457
256,-960,x_history,193,0.07140965468144447,0.0518886853800584,0.09334626077001984
256,-952,x_history,193,0.06851160277476083,0.0,0.09102842095680727
256,-944,x_history,193,0.07293498292266738,0.054999890895502,0.09939830324614242
256,-936,x_history,193,0.07005830306242786,0.05042321263936876,0.09121775911595036
256,-928,x_history,195,0.07203760460823505,0.055252532738359846,0.10018155560806112
256,-920,x_history,196,0.06894815735772045,0.05164626860332971,0.0949816345475746
256,-912,x_history,196,0.07669400361736753,0.0540832349261831,0.10804828551843496
256,-904,x_history,197,0.07533623160800253,0.05760004686483341,0.10208402221619979
256,-896,x_history,197,0.07452718707732181,0.0494677298194296,0.09912035166752103
256,-888,x_history,198,0.07140965468144446,0.054879052264897185,0.10098831458183431
256,-880,x_history,198,0.07171651764004011,0.011948969831002567,0.0943891599897002
256,-872,x_history,198,0.07364472322552326,0.052101470436154124,0.10047060172247771
256,-864,x_history,198,0.06994669139936252,0.0,0.09968646201397711
256,-856,x_history,198,0.07670521072855419,0.05586264484065548,0.10582178757870145
256,-848,x_history,199,0.07559595687352269,0.053235946689440566,0.09662281952958073
256,-840,x_history,199,0.07095831316530758,0.054815494546560345,0.09721673275310819
256,-832,x_history,199,0.07173613977832614,0.0,0.09821954701374738
256,-824,x_history,199,0.07140965468144447,0.052055686867360514,0.09945750531383375
256,-816,x_history,199,0.07112105462638638,0.05131112679770536,0.09501131378013095
256,-808,x_history,201,0.07421289358870108,0.055365985321621465,0.10366647222820556
256,-800,x_history,202,0.07149206504895393,0.0,0.09667022245671485
256,-792,x_history,203,0.07470673120442219,0.05581004432162244,0.10046534363948889
256,-784,x_history,204,0.07118398392337602,0.053229109393043594,0.09725504831423612
256,-776,x_history,204,0.07511168705571494,0.052851086250441166,0.10201133078539931
256,-768,x_history,205,0.07475522657320632,0.054386926068319096,0.09828461967183233
256,-760,x_history,205,0.07310706849572586,0.05618012802190207,0.10423943652634492
256,-752,x_history,205,0.067163853672495,0.05102778906433304,0.09018152699760446
256,-744,x_history,205,0.07421289358870108,0.058005391877112775,0.10638531518551948
256,-736,x_history,206,0.06697880080930768,0.05433716003857133,0.0925067038851829
256,-728,x_history,207,0.07203371472349689,0.057707435614859484,0.09482087976619244
256,-720,x_history,208,0.07047117801507966,0.04793448808694706,0.09485097592766789
256,-712,x_history,210,0.06963206145364904,0.05005441564595178,0.10012309178987368
256,-704,x_history,210,0.06834536183023182,0.04734711190042465,0.09673077931368562
256,-696,x_history,211,0.06923483085672594,0.050578313549463114,0.10305440448436892
256,-688,x_history,211,0.07290017521334831,0.052985467172786876,0.10043067769392243
256,-680,x_history,211,0.07005830306242784,0.05016336049452092,0.09172530551166314
256,-672,x_history,212,0.07530076592871582,0.057246115967160706,0.10501568827631978
256,-664,x_history,212,0.07126535465391542,0.05068032815221175,0.09377358805026571
256,-656,x_history,212,0.07140965468144446,0.05627639485140644,0.09858721107136785
256,-648,x_history,212,0.06650985571215473,0.04811073910924335,0.09432878443353895
256,-640,x_history,214,0.07233337459031963,0.0535936719478253,0.0965299887286636
256,-632,x_history,214,0.06971407324543871,0.04565893552482894,0.09263743903826127
256,-624,x_history,215,0.07194351456096791,0.05412685357979094,0.09787012087042432
256,-616,x_history,215,0.06908583394560892,0.05348366001530796,0.09828099931990722
256,-608,x_history,216,0.07112105462638638,0.051517913546586455,0.0930235928189736
256,-600,x_history,216,0.06922197766741253,0.0,0.09756135051522036
256,-592,x_history,218,0.07035786823250881,0.05111821489760869,0.09039891651364733
256,-584,x_history,218,0.06866178203629648,0.04570715227531366,0.09048501214676909
256,-576,x_history,218,0.06652178601959552,0.04734387776011832,0.08552786562211866
256,-568,x_history,219,0.07150221875286322,0.043182417907707174,0.09739852933080309
256,-560,x_history,219,0.07082927331807864,0.05468214096286883,0.09243293417256797
256,-552,x_history,219,0.07421289358870108,0.05111286578918703,0.10281312122755805
256,-544,x_history,220,0.07524944620520606,0.05667351522410481,0.09942790427998809
256,-536,x_history,220,0.07560137110007478,0.054469109564001875,0.09843224078641016
256,-528,x_history,221,0.07470673120442219,0.05370066693618948,0.09392916686044839
256,-520,x_history,222,0.0751385835737301,0.05349608776791729,0.09647872034980859
256,-512,x_history,223,0.07140965468144446,0.053471012002174356,0.09726934684844922
256,-504,x_history,225,0.06851160277476083,0.053261435939538936,0.09287085528366887
256,-496,x_history,225,0.07152598785795937,0.055544111417732626,0.10830870417643766
256,-488,x_history,225,0.0715744754164634,0.05732762549337194,0.09951670738152509
256,-480,x_history,228,0.0721949586873867,0.05118687097366511,0.09978896749946574
256,-472,x_history,228,0.0715744754164634,0.053323989342775754,0.10132650313091213
256,-464,x_history,228,0.07457936798062181,0.05637180795894293,0.0972759457747008
256,-456,x_history,230,0.07067176444554239,0.04985012025111538,0.09884119635325692
256,-448,x_history,232,0.07411251887576165,0.05439724344783788,0.09834565947729898
256,-440,x_history,234,0.06951359755670133,0.04792042726421846,0.10470680375633963
256,-432,x_history,234,0.0693581213892161,0.05446297684609974,0.0887205096945806
256,-424,x_history,234,0.07261037337094281,0.052774194879611706,0.09951670738152509
256,-416,x_history,235,0.0723297846338703,0.052478679008087836,0.09418118773215663
256,-408,x_history,237,0.07229527835559886,0.054728473945971634,0.09828461967183234
256,-400,x_history,238,0.07331859174568078,0.05389124441366703,0.09597883076088932
256,-392,x_history,238,0.06994940664123926,0.052045022384953156,0.09219997260705422
256,-384,x_history,238,0.0758440725758269,0.0530554131916245,0.09790476762926806
256,-376,x_history,238,0.07036894239416047,0.0,0.09287085528366888
256,-368,x_history,240,0.07259310822674783,0.053786439902280006,0.09836341048806904
256,-360,x_history,240,0.07140162822975084,0.04949234186667126,0.09558711804919331
256,-352,x_history,241,0.07035266906254373,0.04954676747426074,0.09292757950148536
256,-344,x_history,241,0.0703852157257772,0.047928567246914806,0.09632390693580077
256,-336,x_history,242,0.07224903485246167,0.05423825405564001,0.09798965692453454
256,-328,x_history,242,0.07172168470247067,0.05382551101540517,0.0980695997728169
256,-320,x_history,244,0.07278460418400828,0.05732222729610031,0.09466686283988902
256,-312,x_history,244,0.07387275141992362,0.055491356507616295,0.10102113445723995
256,-304,x_history,244,0.07104355829958856,0.05036323323521156,0.09406721605484496
256,-296,x_history,245,0.07407175694595908,0.05554411141773261,0.1016109688866054
256,-288,x_history,246,0.07204167162003178,0.05095107370092004,0.10150767421455154
256,-280,x_history,247,0.07470673120442219,0.05499657222620728,0.09939830324614242
256,-272,x_history,247,0.06908583394560894,0.04983823288627523,0.10001462627779842
256,-264,x_history,248,0.07389614570979086,0.055754866307009016,0.09638952407727022
256,-256,x_history,249,0.06851160277476083,0.0,0.08786081041051438
256,-248,x_history,249,0.06951359755670133,0.04851437477253178,0.09372172844687149
256,-240,x_history,249,0.06826936905867653,0.05001397027844917,0.09041154871046614
256,-232,x_history,250,0.07067176444554239,0.05173924760283742,0.09685843625670977
256,-224,x_history,250,0.07193320031422312,0.05031609206262995,0.09345185077606649
256,-216,x_history,250,0.07590016104443202,0.0548439942220639,0.09748640785510614
256,-208,x_history,250,0.06845145178646578,0.0,0.0911997100841781
256,-200,x_history,251,0.07246435498142646,0.0546068779627025,0.09584485888275177
256,-192,x_history,252,0.07237981666851266,0.04875196988332073,0.09912035166752103
256,-184,x_history,252,0.07479262667110767,0.05247099962922347,0.09927602547350607
256,-176,x_history,252,0.07269973859065923,0.05352798746810165,0.10173391275158955
256,-168,x_history,252,0.07656654828986362,0.05416886766914492,0.10103720712058224
256,-160,x_history,253,0.07281799978700826,0.054294940964321255,0.1003268132111758
256,-152,x_history,255,0.07723866565446329,0.05821886920701552,0.1015223682247301
256,-144,x_history,256,0.06980920902782636,0.051069022551597086,0.09229093439566423
256,-136,x_history,257,0.07517002750022386,0.055365985321621465,0.10134212938238103
256,-128,x_history,257,0.07112105462638638,0.04561103631662887,0.09658637550167858
256,-120,x_history,258,0.07445981239656163,0.053090823826986336,0.09606323351038837
256,-112,x_history,259,0.07051264118271372,0.05177545538610357,0.09634958907035274
256,-104,x_history,259,0.07095831316530758,0.05098462960375587,0.09566007384440992
256,-96,x_history,261,0.07051264118271372,0.048801610344678524,0.0911791042502942
256,-88,x_history,263,0.0745637117804311,0.05099145311762007,0.0990085889546077
256,-80,x_history,264,0.07144897891364957,0.05401184151559073,0.09163789320449323
256,-72,x_history,264,0.07310706849572586,0.05322478789087272,0.09815332384576977
256,-64,x_history,264,0.0727846041840083,0.05297798824672271,0.09843767131429784
256,-56,x_history,265,0.07507828490966803,0.05418074184350492,0.09912035166752103
256,-48,x_history,265,0.07586186139469028,0.054294940964321255,0.10028620566413568
256,-40,x_history,265,0.07358625117976067,0.05410547669097679,0.09632390693580077
256,-32,x_history,266,0.07303858560205029,0.054862833419971085,0.09114556298886133
256,-24,x_history,266,0.07349022464824215,0.05638570949758348,0.0960542149204671
256,-16,x_history,267,0.06797719702785898,0.050333967690702204,0.09262614628529298
256,-8,x_history,268,0.0725492205747755,0.05208376304357392,0.09670904073237982
256,0,x_history,273,0.2471185467028172,0.17469433606608228,0.3578275891585988
256,8,x_history,273,0.8789258916067332,0.6963424720769135,1.0957663016604886
256,16,x_history,273,0.9559610539919815,0.7784317974201553,1.1218487757150846
256,24,x_history,273,0.7083423289850159,0.6139168997771497,0.7986393958248801
256,32,x_history,273,0.6716875111859233,0.588302577915984,0.749212310429886
256,40,x_history,274,0.32627624205027583,0.2959176473117515,0.36160691071514517
256,48,x_history,275,0.1938738960408105,0.1698618596953596,0.21410484951085718
256,56,x_history,277,0.09755144440759794,0.08429877162774478,0.1092180445336848
256,64,x_history,278,0.05897176143950281,0.047330470815160744,0.06893004332615782
256,72,x_history,279,0.038241184776476214,0.029628021835753592,0.04725981085589985
256,80,x_history,281,0.029202853809809706,0.021143700703246907,0.03862395459426804
256,88,x_history,281,0.02645191715713225,0.020535423042695358,0.033894472656413786
256,96,x_history,282,0.025851269556298392,0.016449653304829268,0.035685132265660904
256,104,x_history,282,0.023368680925412496,0.01633027167173976,0.03177549449363305
256,112,x_history,282,0.023299748789302077,0.014570026336186759,0.031158647484979998
256,120,x_history,284,0.02083900489278135,0.011921675184819375,0.029845252859710972
256,128,x_history,284,0.021902114643397114,0.012136634391103214,0.030096973041460345
256,136,x_history,284,0.019516206666479085,0.008928171111368878,0.02926840895551681
256,144,x_history,284,0.01984054163645076,0.01121861753062784,0.03011102005615689
256,152,x_history,284,0.020639877501965227,0.012568652274258275,0.02947802362025204
256,160,x_history,284,0.022137625260697822,0.012186030888331721,0.030934206100305686
256,168,x_history,284,0.019933232829869182,0.006520649656564221,0.02805945871566789
256,176,x_history,284,0.02088605874966836,0.011368318184098827,0.030554316166398313
256,184,x_history,284,0.01862667733987087,0.0034435660292294053,0.029070215336380663
256,192,x_history,284,0.02113399441458979,0.011716841731372668,0.029482819525015243
256,200,x_history,284,0.020798757762488455,0.009362652227743486,0.02923707528762368
256,208,x_history,284,0.020957204794481377,0.010247379749329797,0.028283439945647817
256,216,x_history,284,0.020831646482113525,0.011186803985007382,0.029133176419969854
256,224,x_history,284,0.019867826334255555,0.0089764972871162,0.027982272926794144
256,232,x_history,284,0.08231034998322331,0.06445439194527752,0.0968675754327327
256,240,x_history,284,0.5419181928388379,0.47230395096222616,0.6057536065676665
256,248,x_history,284,0.6809994137027844,0.6056266089362561,0.7536774740565201
256,256,x_history,284,0.9273912906527464,0.7714146128491189,1.0947316654196075
256,264,x_history,284,1.0724696230909578,0.8971656276097422,1.2827405576914768
256,272,x_history,284,0.7583296159578052,0.610679644408153,0.9478656560071415
256,280,x_history,284,0.5446710933661337,0.41760103258244374,0.7191636542244733
256,288,x_history,284,0.3236736706502137,0.21887499782057163,0.4279706466239339
256,296,x_history,284,0.20413114323985063,0.143222287412145,0.28696463589057153
256,304,x_history,284,0.13440169035113253,0.08862412385488425,0.18956671461753724
256,312,x_history,284,0.10649442229351898,0.0687308317265253,0.15373815799350318
256,320,x_history,284,0.09020400525372815,0.06386526594849301,0.14280433841416607
256,328,x_history,284,0.08723923626139246,0.06272835568980335,0.13004757093992492
256,336,x_history,284,0.08132328016143395,0.06087919694559194,0.12300819793080948
256,344,x_history,284,0.07950694618708742,0.06072602363186351,0.11856622602805769
256,352,x_history,284,0.08113623834004599,0.05911465667888878,0.10749418840631823
256,360,x_history,284,0.07520718517157327,0.05753417803926692,0.10201128215392666
256,368,x_history,284,0.07389849873409376,0.05784962908350752,0.10742780839296044
256,376,x_history,284,0.07367376807387654,0.056917087800071806,0.0970065719559716
256,384,x_history,284,0.07421289358870108,0.05847108627481795,0.10690979164328868
256,392,x_history,284,0.06985191149176065,0.054814105747318376,0.09828461967183233
256,400,x_history,284,0.07846278412948578,0.06072232629439179,0.1054231792683775
256,408,x_history,284,0.06929971575115512,0.05039205845315167,0.09568174823410586
256,416,x_history,284,0.07207585889813009,0.056906468752519035,0.10136007921156004
256,424,x_history,284,0.06662100296908839,0.0464986213190362,0.08884410554381274
256,432,x_history,284,0.0721192339803852,0.058245680502132705,0.09696717126886284
256,440,x_history,284,0.06951359755670133,0.050392765442260776,0.09266287690549979
256,448,x_history,284,0.07155023163721137,0.0572990920321202,0.09528195266464454
256,456,x_history,284,0.0681045721047264,0.05249838616233234,0.08917196733414369
256,464,x_history,284,0.06994669139936252,0.050562540444510355,0.09340351686207038
256,472,x_history,284,0.06684921102822701,0.04815575391809456,0.09135880904373433
256,480,x_history,284,0.0693581213892161,0.05467784793464476,0.09400611469566236
256,488,x_history,284,0.06749462563843646,0.027755999143713905,0.09098346280549931
256,496,x_history,284,0.07118378833630501,0.05508929633648807,0.0942891423524867
256,504,x_history,284,0.06784641037389116,0.04686429751737111,0.09120752994445616
256,512,x_history,284,0.07242732316864842,0.0552090014582293,0.09528195266464454
256,520,x_history,284,0.07059076525502482,0.048126833107844144,0.09093434016205565
256,528,x_history,284,0.06986798272435385,0.0526501299297004,0.09392916686044839
256,536,x_history,284,0.0699306201667693,0.05089647608268664,0.091066091780179
256,544,x_history,284,0.06764185076290566,0.05032511069599996,0.08999013134863909
256,552,x_history,284,0.06966604177951483,0.05230466480741823,0.0930235928189736
256,560,x_history,284,0.07044892845424545,0.047021395646296885,0.094446049074411
256,568,x_history,284,0.07223199050016471,0.055183579727152626,0.09782062267977454
256,576,x_history,284,0.07324289989044859,0.04767475302649377,0.09801743959759421
256,584,x_history,284,0.07209290325042704,0.053649509355628795,0.091066091780179
256,592,x_history,284,0.0699466273505525,0.05188092057902116,0.09105770646482078
256,600,x_history,284,0.06973014447803191,0.0502536997611257,0.09765766247876739
256,608,x_history,284,0.07059736036428277,0.05406879906704775,0.09297421084436758
256,616,x_history,284,0.07537450194905881,0.05793085285116086,0.1037602326731753
256,624,x_history,284,0.07292927654907505,0.04925742289293188,0.0926888386342395
256,632,x_history,284,0.07524944620520606,0.057941170290385556,0.10096480796997984
256,640,x_history,284,0.07334665983774327,0.0526364494071027,0.09823160827176557
256,648,x_history,284,0.07520718517157327,0.053678959270730665,0.10036754973939352
256,656,x_history,284,0.07246435498142645,0.05443569938111753,0.09742454007577057
256,664,x_history,284,0.07380213216794564,0.0543637969361659,0.1024102723598509
256,672,x_history,284,0.0715744754164634,0.053809648274635996,0.0921411563889583
256,680,x_history,284,0.07996725253637976,0.05709911374819414,0.10176935707544783
256,688,x_history,284,0.07059097119031119,0.04957501103862001,0.09171552981379329
256,696,x_history,284,0.07493837935232303,0.057047738782139104,0.1016699632277216
256,704,x_history,284,0.07326507467647067,0.0516143909397164,0.09706065100833253
256,712,x_history,284,0.07130743185428108,0.05527121714107658,0.09571088700461419
256,720,x_history,284,0.07479693685392477,0.05567094586824992,0.09970908195217776
256,728,x_history,284,0.0710240484875038,0.04482770567269814,0.09840600010876983
256,736,x_history,284,0.07326068668982635,0.05586393754381026,0.09579232174002766
256,744,x_history,284,0.07620455353869196,0.055639450695321516,0.1037602326731753
256,752,x_history,284,0.07003080136286399,0.05135645324639173,0.09307084806586585
256,760,x_history,284,0.0727846041840083,0.04702507757583432,0.10018763310870078
256,768,x_history,284,0.07073547717401066,0.04930419934245433,0.09768015071347638
