# Time  Stress
 2493.4443 0.446
 2493.5439 0.446
 2493.6436 0.446
 2493.7432 0.446
 2493.8428 0.446
 2493.9424 0.446
 2494.0420 0.446
 2494.1416 0.446
 2494.2412 0.446
 2494.3408 0.446
 2494.4404 0.446
 2494.5400 0.446
 2494.6396 0.446
 2494.7393 0.446
 2494.8389 0.446
 2494.9385 0.446
 2495.0381 0.445
 2495.1377 0.445
 2495.2373 0.445
 2495.3369 0.446
 2495.4365 0.446
 2495.5361 0.446
 2495.6357 0.446
 2495.7354 0.446
 2495.8350 0.446
 2495.9346 0.446
 2496.0342 0.446
 2496.1338 0.446
 2496.2334 0.447
 2496.3330 0.447
 2496.4326 0.447
 2496.5322 0.447
 2496.6318 0.447
 2496.7314 0.447
 2496.8311 0.447
 2496.9307 0.447
 2497.0303 0.447
 2497.1299 0.447
 2497.2295 0.447
 2497.3291 0.447
 2497.4287 0.447
 2497.5283 0.447
 2497.6279 0.447
 2497.7275 0.447
 2497.8271 0.447
 2497.9268 0.447
 2498.0264 0.447
 2498.1260 0.447
 2498.2256 0.447
 2498.3252 0.447
 2498.4248 0.447
 2498.5244 0.447
 2498.6240 0.447
 2498.7236 0.446
 2498.8232 0.447
 2498.9229 0.447
 2499.0225 0.447
 2499.1221 0.447
 2499.2217 0.447
 2499.3213 0.447
 2499.4209 0.448
 2499.5205 0.448
 2499.6201 0.448
 2499.7197 0.448
 2499.8193 0.448
 2499.9189 0.448
 2500.0186 0.448
 2500.1182 0.448
 2500.2178 0.448
 2500.3174 0.448
 2500.4170 0.448
 2500.5166 0.448
 2500.6162 0.448
 2500.7158 0.448
 2500.8154 0.448
 2500.9150 0.448
 2501.0146 0.448
 2501.1143 0.448
 2501.2139 0.448
 2501.3135 0.448
 2501.4131 0.449
 2501.5127 0.449
 2501.6123 0.449
 2501.7119 0.449
 2501.8115 0.449
 2501.9111 0.449
 2502.0107 0.449
 2502.1104 0.449
 2502.2100 0.449
 2502.3096 0.449
 2502.4092 0.449
 2502.5088 0.449
 2502.6084 0.449
 2502.7080 0.449
 2502.8076 0.449
 2502.9072 0.449
 2503.0068 0.449
 2503.1064 0.449
 2503.2061 0.449
 2503.3057 0.449
 2503.4053 0.449
 2503.5049 0.449
 2503.6045 0.449
 2503.7041 0.449
 2503.8037 0.449
 2503.9033 0.449
 2504.0029 0.449
 2504.1025 0.449
 2504.2021 0.449
 2504.3018 0.449
 2504.4014 0.449
 2504.5010 0.449
 2504.6006 0.449
 2504.7002 0.449
 2504.7998 0.449
 2504.8994 0.449
 2504.9990 0.448
 2505.0986 0.448
 2505.1982 0.448
 2505.2979 0.449
 2505.3975 0.449
 2505.4971 0.449
 2505.5967 0.449
 2505.6963 0.449
 2505.7959 0.449
 2505.8955 0.449
 2505.9951 0.449
 2506.0947 0.450
 2506.1943 0.450
 2506.2939 0.450
 2506.3936 0.450
 2506.4932 0.450
 2506.5928 0.450
 2506.6924 0.450
 2506.7920 0.450
 2506.8916 0.450
 2506.9912 0.450
 2507.0908 0.450
 2507.1904 0.450
 2507.2900 0.450
 2507.3896 0.450
 2507.4893 0.450
 2507.5889 0.450
 2507.6885 0.449
 2507.7881 0.449
 2507.8877 0.449
 2507.9873 0.449
 2508.0869 0.449
 2508.1865 0.449
 2508.2861 0.450
 2508.3857 0.450
 2508.4854 0.450
 2508.5850 0.450
 2508.6846 0.450
 2508.7842 0.450
 2508.8838 0.451
 2508.9834 0.451
 2509.0830 0.451
 2509.1826 0.451
 2509.2822 0.451
 2509.3818 0.451
 2509.4814 0.451
 2509.5811 0.451
 2509.6807 0.451
 2509.7803 0.451
 2509.8799 0.451
 2509.9795 0.451
 2510.0791 0.451
 2510.1787 0.450
 2510.2783 0.450
 2510.3779 0.450
 2510.4775 0.450
 2510.5771 0.450
 2510.6768 0.450
 2510.7764 0.450
 2510.8760 0.450
 2510.9756 0.450
 2511.0752 0.450
 2511.1748 0.451
 2511.2744 0.451
 2511.3740 0.451
 2511.4736 0.451
 2511.5732 0.451
 2511.6729 0.451
 2511.7725 0.451
 2511.8721 0.451
 2511.9717 0.451
 2512.0713 0.451
 2512.1709 0.451
 2512.2705 0.451
 2512.3701 0.451
 2512.4697 0.451
 2512.5693 0.451
 2512.6689 0.451
 2512.7686 0.451
 2512.8682 0.451
 2512.9678 0.451
 2513.0674 0.451
 2513.1670 0.450
 2513.2666 0.451
 2513.3662 0.451
 2513.4658 0.451
 2513.5654 0.451
 2513.6650 0.451
 2513.7646 0.451
 2513.8643 0.451
 2513.9639 0.452
 2514.0635 0.452
 2514.1631 0.452
 2514.2627 0.452
 2514.3623 0.452
 2514.4619 0.452
 2514.5615 0.452
 2514.6611 0.452
 2514.7607 0.452
 2514.8604 0.452
 2514.9600 0.452
 2515.0596 0.452
 2515.1592 0.452
 2515.2588 0.452
 2515.3584 0.453
 2515.4580 0.453
 2515.5576 0.453
 2515.6572 0.453
 2515.7568 0.453
 2515.8564 0.453
 2515.9561 0.453
 2516.0557 0.453
 2516.1553 0.453
 2516.2549 0.453
 2516.3545 0.453
 2516.4541 0.453
 2516.5537 0.453
 2516.6533 0.453
 2516.7529 0.452
 2516.8525 0.452
 2516.9521 0.452
 2517.0518 0.452
 2517.1514 0.452
 2517.2510 0.452
 2517.3506 0.452
 2517.4502 0.452
 2517.5498 0.453
 2517.6494 0.453
 2517.7490 0.453
 2517.8486 0.453
 2517.9482 0.453
 2518.0479 0.453
 2518.1475 0.453
 2518.2471 0.453
 2518.3467 0.453
 2518.4463 0.453
 2518.5459 0.453
 2518.6455 0.453
 2518.7451 0.453
 2518.8447 0.453
 2518.9443 0.454
 2519.0439 0.453
 2519.1436 0.453
 2519.2432 0.453
 2519.3428 0.453
 2519.4424 0.453
 2519.5420 0.453
 2519.6416 0.453
 2519.7412 0.453
 2519.8408 0.453
 2519.9404 0.453
 2520.0400 0.453
 2520.1396 0.453
 2520.2393 0.453
 2520.3389 0.453
 2520.4385 0.453
 2520.5381 0.453
 2520.6377 0.454
 2520.7373 0.454
 2520.8369 0.454
 2520.9365 0.454
 2521.0361 0.454
 2521.1357 0.454
 2521.2354 0.454
 2521.3350 0.454
 2521.4346 0.454
 2521.5342 0.454
 2521.6338 0.454
 2521.7334 0.454
 2521.8330 0.454
 2521.9326 0.454
 2522.0322 0.454
 2522.1318 0.454
 2522.2314 0.455
 2522.3311 0.455
 2522.4307 0.455
 2522.5303 0.455
 2522.6299 0.455
 2522.7295 0.455
 2522.8291 0.455
 2522.9287 0.455
 2523.0283 0.455
 2523.1279 0.455
 2523.2275 0.455
 2523.3271 0.454
 2523.4268 0.454
 2523.5264 0.454
 2523.6260 0.454
 2523.7256 0.454
 2523.8252 0.454
 2523.9248 0.454
 2524.0244 0.454
 2524.1240 0.454
 2524.2236 0.454
 2524.3232 0.454
 2524.4229 0.454
 2524.5225 0.455
 2524.6221 0.455
 2524.7217 0.455
 2524.8213 0.455
 2524.9209 0.455
 2525.0205 0.455
 2525.1201 0.455
 2525.2197 0.455
 2525.3193 0.455
 2525.4189 0.455
 2525.5186 0.455
 2525.6182 0.455
 2525.7178 0.455
 2525.8174 0.455
 2525.9170 0.455
 2526.0166 0.455
 2526.1162 0.455
 2526.2158 0.455
 2526.3154 0.455
 2526.4150 0.455
 2526.5146 0.455
 2526.6143 0.455
 2526.7139 0.455
 2526.8135 0.455
 2526.9131 0.455
 2527.0127 0.456
 2527.1123 0.456
 2527.2119 0.456
 2527.3115 0.456
 2527.4111 0.456
 2527.5107 0.456
 2527.6104 0.456
 2527.7100 0.456
 2527.8096 0.455
 2527.9092 0.455
 2528.0088 0.455
 2528.1084 0.455
 2528.2080 0.455
 2528.3076 0.455
 2528.4072 0.455
 2528.5068 0.456
 2528.6064 0.456
 2528.7061 0.456
 2528.8057 0.456
 2528.9053 0.456
 2529.0049 0.456
 2529.1045 0.456
 2529.2041 0.456
 2529.3037 0.456
 2529.4033 0.456
 2529.5029 0.457
 2529.6025 0.457
 2529.7021 0.457
 2529.8018 0.457
 2529.9014 0.457
 2530.0010 0.456
 2530.1006 0.456
 2530.2002 0.456
 2530.2998 0.456
 2530.3994 0.456
 2530.4990 0.456
 2530.5986 0.456
 2530.6982 0.456
 2530.7979 0.456
 2530.8975 0.456
 2530.9971 0.456
 2531.0967 0.456
 2531.1963 0.457
 2531.2959 0.457
 2531.3955 0.457
 2531.4951 0.457
 2531.5947 0.457
 2531.6943 0.457
 2531.7939 0.457
 2531.8936 0.457
 2531.9932 0.457
 2532.0928 0.457
 2532.1924 0.457
 2532.2920 0.457
 2532.3916 0.457
 2532.4912 0.457
 2532.5908 0.457
 2532.6904 0.457
 2532.7900 0.457
 2532.8896 0.457
 2532.9893 0.457
 2533.0889 0.457
 2533.1885 0.457
 2533.2881 0.457
 2533.3877 0.457
 2533.4873 0.458
 2533.5869 0.458
 2533.6865 0.458
 2533.7861 0.458
 2533.8857 0.458
 2533.9854 0.458
 2534.0850 0.458
 2534.1846 0.458
 2534.2842 0.458
 2534.3838 0.458
 2534.4834 0.458
 2534.5830 0.458
 2534.6826 0.458
 2534.7822 0.458
 2534.8818 0.458
 2534.9814 0.458
 2535.0811 0.458
 2535.1807 0.458
 2535.2803 0.458
 2535.3799 0.458
 2535.4795 0.458
 2535.5791 0.458
 2535.6787 0.458
 2535.7783 0.458
 2535.8779 0.458
 2535.9775 0.458
 2536.0771 0.458
 2536.1768 0.458
 2536.2764 0.458
 2536.3760 0.458
 2536.4756 0.459
 2536.5752 0.458
 2536.6748 0.458
 2536.7744 0.458
 2536.8740 0.458
 2536.9736 0.459
 2537.0732 0.459
 2537.1729 0.459
 2537.2725 0.459
 2537.3721 0.459
 2537.4717 0.459
 2537.5713 0.459
 2537.6709 0.459
 2537.7705 0.459
 2537.8701 0.459
 2537.9697 0.459
 2538.0693 0.459
 2538.1689 0.459
 2538.2686 0.459
 2538.3682 0.459
 2538.4678 0.459
 2538.5674 0.459
 2538.6670 0.458
 2538.7666 0.458
 2538.8662 0.458
 2538.9658 0.458
 2539.0654 0.458
 2539.1650 0.458
 2539.2646 0.458
 2539.3643 0.458
 2539.4639 0.458
 2539.5635 0.458
 2539.6631 0.458
 2539.7627 0.458
 2539.8623 0.459
 2539.9619 0.459
 2540.0615 0.459
 2540.1611 0.459
 2540.2607 0.459
 2540.3604 0.459
 2540.4600 0.459
 2540.5596 0.459
 2540.6592 0.459
 2540.7588 0.459
 2540.8584 0.459
 2540.9580 0.460
 2541.0576 0.460
 2541.1572 0.460
 2541.2568 0.460
 2541.3564 0.460
 2541.4561 0.460
 2541.5557 0.460
 2541.6553 0.460
 2541.7549 0.460
 2541.8545 0.460
 2541.9541 0.460
 2542.0537 0.460
 2542.1533 0.460
 2542.2529 0.460
 2542.3525 0.460
 2542.4521 0.460
 2542.5518 0.460
 2542.6514 0.460
 2542.7510 0.460
 2542.8506 0.460
 2542.9502 0.460
 2543.0498 0.460
 2543.1494 0.460
 2543.2490 0.460
 2543.3486 0.460
 2543.4482 0.460
 2543.5479 0.460
 2543.6475 0.460
 2543.7471 0.460
 2543.8467 0.460
 2543.9463 0.461
 2544.0459 0.461
 2544.1455 0.461
 2544.2451 0.461
 2544.3447 0.461
 2544.4443 0.461
 2544.5439 0.461
 2544.6436 0.461
 2544.7432 0.461
 2544.8428 0.461
 2544.9424 0.461
 2545.0420 0.460
 2545.1416 0.460
 2545.2412 0.460
 2545.3408 0.460
 2545.4404 0.460
 2545.5400 0.460
 2545.6396 0.460
 2545.7393 0.460
 2545.8389 0.460
 2545.9385 0.460
 2546.0381 0.460
 2546.1377 0.460
 2546.2373 0.461
 2546.3369 0.461
 2546.4365 0.461
 2546.5361 0.461
 2546.6357 0.461
 2546.7354 0.461
 2546.8350 0.461
 2546.9346 0.461
 2547.0342 0.461
 2547.1338 0.461
 2547.2334 0.461
 2547.3330 0.462
 2547.4326 0.462
 2547.5322 0.462
 2547.6318 0.462
 2547.7314 0.462
 2547.8311 0.462
 2547.9307 0.462
 2548.0303 0.462
 2548.1299 0.462
 2548.2295 0.462
 2548.3291 0.462
 2548.4287 0.462
 2548.5283 0.462
 2548.6279 0.462
 2548.7275 0.462
 2548.8271 0.461
 2548.9268 0.461
 2549.0264 0.461
 2549.1260 0.461
 2549.2256 0.461
 2549.3252 0.461
 2549.4248 0.461
 2549.5244 0.461
 2549.6240 0.462
 2549.7236 0.462
 2549.8232 0.462
 2549.9229 0.462
 2550.0225 0.462
 2550.1221 0.462
 2550.2217 0.462
 2550.3213 0.462
 2550.4209 0.462
 2550.5205 0.462
 2550.6201 0.462
 2550.7197 0.462
 2550.8193 0.463
 2550.9189 0.463
 2551.0186 0.463
 2551.1182 0.463
 2551.2178 0.463
 2551.3174 0.463
 2551.4170 0.463
 2551.5166 0.463
 2551.6162 0.463
 2551.7158 0.463
 2551.8154 0.463
 2551.9150 0.463
 2552.0146 0.463
 2552.1143 0.463
 2552.2139 0.463
 2552.3135 0.463
 2552.4131 0.463
 2552.5127 0.462
 2552.6123 0.462
 2552.7119 0.462
 2552.8115 0.462
 2552.9111 0.462
 2553.0107 0.462
 2553.1104 0.462
 2553.2100 0.462
 2553.3096 0.462
 2553.4092 0.463
 2553.5088 0.463
 2553.6084 0.463
 2553.7080 0.463
 2553.8076 0.463
 2553.9072 0.463
 2554.0068 0.463
 2554.1064 0.463
 2554.2061 0.463
 2554.3057 0.463
 2554.4053 0.463
 2554.5049 0.462
 2554.6045 0.462
 2554.7041 0.462
 2554.8037 0.462
 2554.9033 0.462
 2555.0029 0.463
 2555.1025 0.463
 2555.2021 0.463
 2555.3018 0.463
 2555.4014 0.463
 2555.5010 0.463
 2555.6006 0.463
 2555.7002 0.464
 2555.7998 0.464
 2555.8994 0.464
 2555.9990 0.464
 2556.0986 0.464
 2556.1982 0.464
 2556.2979 0.464
 2556.3975 0.464
 2556.4971 0.464
 2556.5967 0.464
 2556.6963 0.463
 2556.7959 0.463
 2556.8955 0.463
 2556.9951 0.463
 2557.0947 0.463
 2557.1943 0.463
 2557.2939 0.463
 2557.3936 0.463
 2557.4932 0.463
 2557.5928 0.464
 2557.6924 0.464
 2557.7920 0.464
 2557.8916 0.464
 2557.9912 0.464
 2558.0908 0.464
 2558.1904 0.464
 2558.2900 0.465
 2558.3896 0.465
 2558.4893 0.465
 2558.5889 0.465
 2558.6885 0.465
 2558.7881 0.464
 2558.8877 0.464
 2558.9873 0.464
 2559.0869 0.464
 2559.1865 0.464
 2559.2861 0.464
 2559.3857 0.464
 2559.4854 0.464
 2559.5850 0.464
 2559.6846 0.464
 2559.7842 0.464
 2559.8838 0.464
 2559.9834 0.464
 2560.0830 0.464
 2560.1826 0.464
 2560.2822 0.465
 2560.3818 0.465
 2560.4814 0.465
 2560.5811 0.465
 2560.6807 0.465
 2560.7803 0.465
 2560.8799 0.465
 2560.9795 0.465
 2561.0791 0.465
 2561.1787 0.465
 2561.2783 0.465
 2561.3779 0.465
 2561.4775 0.466
 2561.5771 0.466
 2561.6768 0.466
 2561.7764 0.466
 2561.8760 0.466
 2561.9756 0.466
 2562.0752 0.466
 2562.1748 0.466
 2562.2744 0.466
 2562.3740 0.466
 2562.4736 0.466
 2562.5732 0.466
 2562.6729 0.465
 2562.7725 0.465
 2562.8721 0.465
 2562.9717 0.465
 2563.0713 0.465
 2563.1709 0.465
 2563.2705 0.465
 2563.3701 0.465
 2563.4697 0.465
 2563.5693 0.465
 2563.6689 0.465
 2563.7686 0.466
 2563.8682 0.466
 2563.9678 0.466
 2564.0674 0.466
 2564.1670 0.466
 2564.2666 0.466
 2564.3662 0.466
 2564.4658 0.466
 2564.5654 0.466
 2564.6650 0.466
 2564.7646 0.466
 2564.8643 0.466
 2564.9639 0.466
 2565.0635 0.466
 2565.1631 0.466
 2565.2627 0.465
 2565.3623 0.465
 2565.4619 0.465
 2565.5615 0.465
 2565.6611 0.465
 2565.7607 0.466
 2565.8604 0.466
 2565.9600 0.466
 2566.0596 0.466
 2566.1592 0.466
 2566.2588 0.466
 2566.3584 0.467
 2566.4580 0.467
 2566.5576 0.467
 2566.6572 0.467
 2566.7568 0.467
 2566.8564 0.467
 2566.9561 0.467
 2567.0557 0.467
 2567.1553 0.467
 2567.2549 0.467
 2567.3545 0.467
 2567.4541 0.467
 2567.5537 0.467
 2567.6533 0.467
 2567.7529 0.467
 2567.8525 0.467
 2567.9521 0.467
 2568.0518 0.468
 2568.1514 0.468
 2568.2510 0.467
 2568.3506 0.467
 2568.4502 0.467
 2568.5498 0.467
 2568.6494 0.467
 2568.7490 0.467
 2568.8486 0.467
 2568.9482 0.467
 2569.0479 0.467
 2569.1475 0.467
 2569.2471 0.467
 2569.3467 0.467
 2569.4463 0.467
 2569.5459 0.467
 2569.6455 0.468
 2569.7451 0.468
 2569.8447 0.468
 2569.9443 0.468
 2570.0439 0.468
 2570.1436 0.468
 2570.2432 0.468
 2570.3428 0.468
 2570.4424 0.468
 2570.5420 0.468
 2570.6416 0.468
 2570.7412 0.468
 2570.8408 0.468
 2570.9404 0.468
 2571.0400 0.468
 2571.1396 0.468
 2571.2393 0.467
 2571.3389 0.467
 2571.4385 0.467
 2571.5381 0.467
 2571.6377 0.467
 2571.7373 0.467
 2571.8369 0.467
 2571.9365 0.467
 2572.0361 0.468
 2572.1357 0.468
 2572.2354 0.468
 2572.3350 0.468
 2572.4346 0.468
 2572.5342 0.468
 2572.6338 0.468
 2572.7334 0.468
 2572.8330 0.468
 2572.9326 0.468
 2573.0322 0.469
 2573.1318 0.469
 2573.2314 0.469
 2573.3311 0.469
 2573.4307 0.469
 2573.5303 0.469
 2573.6299 0.469
 2573.7295 0.469
 2573.8291 0.469
 2573.9287 0.469
 2574.0283 0.469
 2574.1279 0.469
 2574.2275 0.469
 2574.3271 0.469
 2574.4268 0.469
 2574.5264 0.469
 2574.6260 0.469
 2574.7256 0.469
 2574.8252 0.469
 2574.9248 0.469
 2575.0244 0.469
 2575.1240 0.469
 2575.2236 0.469
 2575.3232 0.469
 2575.4229 0.469
 2575.5225 0.469
 2575.6221 0.469
 2575.7217 0.469
 2575.8213 0.469
 2575.9209 0.470
 2576.0205 0.470
 2576.1201 0.470
 2576.2197 0.470
 2576.3193 0.470
 2576.4189 0.469
 2576.5186 0.469
 2576.6182 0.469
 2576.7178 0.469
 2576.8174 0.469
 2576.9170 0.469
 2577.0166 0.469
 2577.1162 0.469
 2577.2158 0.469
 2577.3154 0.469
 2577.4150 0.469
 2577.5146 0.470
 2577.6143 0.470
 2577.7139 0.470
 2577.8135 0.470
 2577.9131 0.470
 2578.0127 0.470
 2578.1123 0.470
 2578.2119 0.470
 2578.3115 0.470
 2578.4111 0.470
 2578.5107 0.470
 2578.6104 0.470
 2578.7100 0.470
 2578.8096 0.470
 2578.9092 0.470
 2579.0088 0.470
 2579.1084 0.470
 2579.2080 0.470
 2579.3076 0.470
 2579.4072 0.470
 2579.5068 0.470
 2579.6064 0.469
 2579.7061 0.469
 2579.8057 0.469
 2579.9053 0.469
 2580.0049 0.469
 2580.1045 0.469
 2580.2041 0.469
 2580.3037 0.470
 2580.4033 0.470
 2580.5029 0.470
 2580.6025 0.470
 2580.7021 0.470
 2580.8018 0.470
 2580.9014 0.470
 2581.0010 0.470
 2581.1006 0.470
 2581.2002 0.470
 2581.2998 0.470
 2581.3994 0.471
 2581.4990 0.471
 2581.5986 0.471
 2581.6982 0.471
 2581.7979 0.471
 2581.8975 0.471
 2581.9971 0.471
 2582.0967 0.471
 2582.1963 0.471
 2582.2959 0.471
 2582.3955 0.471
 2582.4951 0.471
 2582.5947 0.471
 2582.6943 0.471
 2582.7939 0.471
 2582.8936 0.471
 2582.9932 0.471
 2583.0928 0.471
 2583.1924 0.471
 2583.2920 0.471
 2583.3916 0.471
 2583.4912 0.471
 2583.5908 0.471
 2583.6904 0.471
 2583.7900 0.471
 2583.8896 0.471
 2583.9893 0.471
 2584.0889 0.471
 2584.1885 0.471
 2584.2881 0.471
 2584.3877 0.471
 2584.4873 0.471
 2584.5869 0.471
 2584.6865 0.471
 2584.7861 0.472
 2584.8857 0.472
 2584.9854 0.472
 2585.0850 0.472
 2585.1846 0.472
 2585.2842 0.472
 2585.3838 0.472
 2585.4834 0.472
 2585.5830 0.472
 2585.6826 0.471
 2585.7822 0.471
 2585.8818 0.471
 2585.9814 0.471
 2586.0811 0.471
 2586.1807 0.471
 2586.2803 0.471
 2586.3799 0.471
 2586.4795 0.472
 2586.5791 0.472
 2586.6787 0.472
 2586.7783 0.472
 2586.8779 0.472
 2586.9775 0.472
 2587.0771 0.472
 2587.1768 0.472
 2587.2764 0.472
 2587.3760 0.472
 2587.4756 0.472
 2587.5752 0.472
 2587.6748 0.472
 2587.7744 0.472
 2587.8740 0.472
 2587.9736 0.472
 2588.0732 0.472
 2588.1729 0.472
 2588.2725 0.472
 2588.3721 0.473
 2588.4717 0.473
 2588.5713 0.473
 2588.6709 0.473
 2588.7705 0.473
 2588.8701 0.473
 2588.9697 0.473
 2589.0693 0.473
 2589.1689 0.473
 2589.2686 0.473
 2589.3682 0.473
 2589.4678 0.473
 2589.5674 0.473
 2589.6670 0.473
 2589.7666 0.473
 2589.8662 0.473
 2589.9658 0.473
 2590.0654 0.473
 2590.1650 0.473
 2590.2646 0.473
 2590.3643 0.473
 2590.4639 0.473
 2590.5635 0.473
 2590.6631 0.473
 2590.7627 0.473
 2590.8623 0.473
 2590.9619 0.473
 2591.0615 0.473
 2591.1611 0.473
 2591.2607 0.473
 2591.3604 0.473
 2591.4600 0.473
 2591.5596 0.473
 2591.6592 0.473
 2591.7588 0.473
 2591.8584 0.473
 2591.9580 0.473
 2592.0576 0.474
 2592.1572 0.474
 2592.2568 0.474
 2592.3564 0.474
 2592.4561 0.474
 2592.5557 0.474
 2592.6553 0.474
 2592.7549 0.474
 2592.8545 0.474
 2592.9541 0.474
 2593.0537 0.474
 2593.1533 0.474
 2593.2529 0.474
 2593.3525 0.474
 2593.4521 0.474
 2593.5518 0.474
 2593.6514 0.474
 2593.7510 0.474
 2593.8506 0.474
 2593.9502 0.474
 2594.0498 0.474
 2594.1494 0.474
 2594.2490 0.474
 2594.3486 0.474
 2594.4482 0.474
 2594.5479 0.474
 2594.6475 0.474
 2594.7471 0.474
 2594.8467 0.474
 2594.9463 0.474
 2595.0459 0.474
 2595.1455 0.474
 2595.2451 0.474
 2595.3447 0.475
 2595.4443 0.475
 2595.5439 0.475
 2595.6436 0.475
 2595.7432 0.475
 2595.8428 0.475
 2595.9424 0.475
 2596.0420 0.475
 2596.1416 0.475
 2596.2412 0.475
 2596.3408 0.474
 2596.4404 0.474
 2596.5400 0.474
 2596.6396 0.474
 2596.7393 0.474
 2596.8389 0.474
 2596.9385 0.474
 2597.0381 0.474
 2597.1377 0.475
 2597.2373 0.475
 2597.3369 0.475
 2597.4365 0.475
 2597.5361 0.475
 2597.6357 0.475
 2597.7354 0.475
 2597.8350 0.475
 2597.9346 0.475
 2598.0342 0.475
 2598.1338 0.475
 2598.2334 0.476
 2598.3330 0.476
 2598.4326 0.476
 2598.5322 0.476
 2598.6318 0.476
 2598.7314 0.476
 2598.8311 0.476
 2598.9307 0.476
 2599.0303 0.476
 2599.1299 0.476
 2599.2295 0.476
 2599.3291 0.476
 2599.4287 0.476
 2599.5283 0.476
 2599.6279 0.475
 2599.7275 0.475
 2599.8271 0.475
 2599.9268 0.475
 2600.0264 0.475
 2600.1260 0.475
 2600.2256 0.475
 2600.3252 0.475
 2600.4248 0.475
 2600.5244 0.476
 2600.6240 0.476
 2600.7236 0.476
 2600.8232 0.476
 2600.9229 0.476
 2601.0225 0.476
 2601.1221 0.476
 2601.2217 0.476
 2601.3213 0.476
 2601.4209 0.476
 2601.5205 0.476
 2601.6201 0.476
 2601.7197 0.476
 2601.8193 0.476
 2601.9189 0.476
 2602.0186 0.476
 2602.1182 0.476
 2602.2178 0.476
 2602.3174 0.476
 2602.4170 0.476
 2602.5166 0.476
 2602.6162 0.476
 2602.7158 0.476
 2602.8154 0.476
 2602.9150 0.476
 2603.0146 0.477
 2603.1143 0.477
 2603.2139 0.477
 2603.3135 0.477
 2603.4131 0.477
 2603.5127 0.477
 2603.6123 0.477
 2603.7119 0.477
 2603.8115 0.477
 2603.9111 0.477
 2604.0107 0.477
 2604.1104 0.477
 2604.2100 0.477
 2604.3096 0.477
 2604.4092 0.477
 2604.5088 0.477
 2604.6084 0.477
 2604.7080 0.477
 2604.8076 0.477
 2604.9072 0.477
 2605.0068 0.477
 2605.1064 0.477
 2605.2061 0.477
 2605.3057 0.477
 2605.4053 0.477
 2605.5049 0.477
 2605.6045 0.477
 2605.7041 0.477
 2605.8037 0.477
 2605.9033 0.477
 2606.0029 0.477
 2606.1025 0.477
 2606.2021 0.477
 2606.3018 0.477
 2606.4014 0.477
 2606.5010 0.477
 2606.6006 0.477
 2606.7002 0.477
 2606.7998 0.477
 2606.8994 0.477
 2606.9990 0.478
 2607.0986 0.478
 2607.1982 0.478
 2607.2979 0.478
 2607.3975 0.478
 2607.4971 0.478
 2607.5967 0.478
 2607.6963 0.478
 2607.7959 0.478
 2607.8955 0.478
 2607.9951 0.478
 2608.0947 0.477
 2608.1943 0.477
 2608.2939 0.477
 2608.3936 0.477
 2608.4932 0.477
 2608.5928 0.477
 2608.6924 0.477
 2608.7920 0.477
 2608.8916 0.478
 2608.9912 0.478
 2609.0908 0.478
 2609.1904 0.478
 2609.2900 0.478
 2609.3896 0.479
 2609.4893 0.479
 2609.5889 0.479
 2609.6885 0.479
 2609.7881 0.479
 2609.8877 0.479
 2609.9873 0.479
 2610.0869 0.479
 2610.1865 0.479
 2610.2861 0.479
 2610.3857 0.479
 2610.4854 0.479
 2610.5850 0.479
 2610.6846 0.479
 2610.7842 0.479
 2610.8838 0.479
 2610.9834 0.479
 2611.0830 0.479
 2611.1826 0.479
 2611.2822 0.479
 2611.3818 0.479
 2611.4814 0.479
 2611.5811 0.479
 2611.6807 0.479
 2611.7803 0.479
 2611.8799 0.480
 2611.9795 0.480
 2612.0791 0.480
 2612.1787 0.480
 2612.2783 0.480
 2612.3779 0.480
 2612.4775 0.480
 2612.5771 0.480
 2612.6768 0.480
 2612.7764 0.480
 2612.8760 0.480
 2612.9756 0.480
 2613.0752 0.480
 2613.1748 0.480
 2613.2744 0.480
 2613.3740 0.480
 2613.4736 0.480
 2613.5732 0.480
 2613.6729 0.480
 2613.7725 0.480
 2613.8721 0.480
 2613.9717 0.479
 2614.0713 0.479
 2614.1709 0.479
 2614.2705 0.479
 2614.3701 0.479
 2614.4697 0.479
 2614.5693 0.479
 2614.6689 0.480
 2614.7686 0.480
 2614.8682 0.480
 2614.9678 0.480
 2615.0674 0.480
 2615.1670 0.480
 2615.2666 0.480
 2615.3662 0.481
 2615.4658 0.481
 2615.5654 0.481
 2615.6650 0.481
 2615.7646 0.481
 2615.8643 0.481
 2615.9639 0.481
 2616.0635 0.481
 2616.1631 0.481
 2616.2627 0.481
 2616.3623 0.481
 2616.4619 0.481
 2616.5615 0.481
 2616.6611 0.481
 2616.7607 0.481
 2616.8604 0.481
 2616.9600 0.481
 2617.0596 0.481
 2617.1592 0.481
 2617.2588 0.481
 2617.3584 0.481
 2617.4580 0.481
 2617.5576 0.481
 2617.6572 0.481
 2617.7568 0.481
 2617.8564 0.481
 2617.9561 0.481
 2618.0557 0.481
 2618.1553 0.481
 2618.2549 0.481
 2618.3545 0.482
 2618.4541 0.482
 2618.5537 0.482
 2618.6533 0.482
 2618.7529 0.482
 2618.8525 0.481
 2618.9521 0.482
 2619.0518 0.482
 2619.1514 0.482
 2619.2510 0.482
 2619.3506 0.482
 2619.4502 0.482
 2619.5498 0.482
 2619.6494 0.482
 2619.7490 0.482
 2619.8486 0.482
 2619.9482 0.482
 2620.0479 0.482
 2620.1475 0.481
 2620.2471 0.481
 2620.3467 0.481
 2620.4463 0.481
 2620.5459 0.481
 2620.6455 0.481
 2620.7451 0.481
 2620.8447 0.481
 2620.9443 0.481
 2621.0439 0.482
 2621.1436 0.482
 2621.2432 0.482
 2621.3428 0.482
 2621.4424 0.482
 2621.5420 0.482
 2621.6416 0.482
 2621.7412 0.482
 2621.8408 0.482
 2621.9404 0.482
 2622.0400 0.482
 2622.1396 0.482
 2622.2393 0.482
 2622.3389 0.482
 2622.4385 0.482
 2622.5381 0.482
 2622.6377 0.482
 2622.7373 0.482
 2622.8369 0.482
 2622.9365 0.482
 2623.0361 0.482
 2623.1357 0.482
 2623.2354 0.482
 2623.3350 0.483
 2623.4346 0.483
 2623.5342 0.483
 2623.6338 0.483
 2623.7334 0.483
 2623.8330 0.483
 2623.9326 0.483
 2624.0322 0.483
 2624.1318 0.483
 2624.2314 0.483
 2624.3311 0.482
 2624.4307 0.482
 2624.5303 0.482
 2624.6299 0.482
 2624.7295 0.482
 2624.8291 0.482
 2624.9287 0.482
 2625.0283 0.483
 2625.1279 0.483
 2625.2275 0.483
 2625.3271 0.483
 2625.4268 0.483
 2625.5264 0.483
 2625.6260 0.483
 2625.7256 0.483
 2625.8252 0.483
 2625.9248 0.483
 2626.0244 0.483
 2626.1240 0.483
 2626.2236 0.483
 2626.3232 0.483
 2626.4229 0.483
 2626.5225 0.483
 2626.6221 0.483
 2626.7217 0.483
 2626.8213 0.483
 2626.9209 0.483
 2627.0205 0.483
 2627.1201 0.483
 2627.2197 0.483
 2627.3193 0.483
 2627.4189 0.483
 2627.5186 0.483
 2627.6182 0.483
 2627.7178 0.483
 2627.8174 0.483
 2627.9170 0.483
 2628.0166 0.484
 2628.1162 0.484
 2628.2158 0.484
 2628.3154 0.484
 2628.4150 0.484
 2628.5146 0.484
 2628.6143 0.484
 2628.7139 0.484
 2628.8135 0.484
 2628.9131 0.484
 2629.0127 0.484
 2629.1123 0.484
 2629.2119 0.484
 2629.3115 0.484
 2629.4111 0.484
 2629.5107 0.483
 2629.6104 0.483
 2629.7100 0.483
 2629.8096 0.483
 2629.9092 0.483
 2630.0088 0.483
 2630.1084 0.484
 2630.2080 0.484
 2630.3076 0.484
 2630.4072 0.484
 2630.5068 0.484
 2630.6064 0.484
 2630.7061 0.484
 2630.8057 0.484
 2630.9053 0.484
 2631.0049 0.485
 2631.1045 0.485
 2631.2041 0.485
 2631.3037 0.485
 2631.4033 0.485
 2631.5029 0.485
 2631.6025 0.485
 2631.7021 0.485
 2631.8018 0.485
 2631.9014 0.485
 2632.0010 0.485
 2632.1006 0.485
 2632.2002 0.485
 2632.2998 0.485
 2632.3994 0.485
 2632.4990 0.485
 2632.5986 0.485
 2632.6982 0.485
 2632.7979 0.485
 2632.8975 0.485
 2632.9971 0.485
 2633.0967 0.485
 2633.1963 0.485
 2633.2959 0.485
 2633.3955 0.485
 2633.4951 0.485
 2633.5947 0.486
 2633.6943 0.485
 2633.7939 0.485
 2633.8936 0.485
 2633.9932 0.485
 2634.0928 0.485
 2634.1924 0.485
 2634.2920 0.485
 2634.3916 0.485
 2634.4912 0.485
 2634.5908 0.485
 2634.6904 0.485
 2634.7900 0.485
 2634.8896 0.485
 2634.9893 0.485
 2635.0889 0.485
 2635.1885 0.485
 2635.2881 0.485
 2635.3877 0.485
 2635.4873 0.485
 2635.5869 0.486
 2635.6865 0.486
 2635.7861 0.486
 2635.8857 0.486
 2635.9854 0.486
 2636.0850 0.486
 2636.1846 0.486
 2636.2842 0.486
 2636.3838 0.486
 2636.4834 0.486
 2636.5830 0.486
 2636.6826 0.486
 2636.7822 0.486
 2636.8818 0.486
 2636.9814 0.486
 2637.0811 0.486
 2637.1807 0.486
 2637.2803 0.486
 2637.3799 0.486
 2637.4795 0.486
 2637.5791 0.486
 2637.6787 0.486
 2637.7783 0.486
 2637.8779 0.486
 2637.9775 0.486
 2638.0771 0.486
 2638.1768 0.486
 2638.2764 0.486
 2638.3760 0.486
 2638.4756 0.486
 2638.5752 0.486
 2638.6748 0.487
 2638.7744 0.487
 2638.8740 0.487
 2638.9736 0.487
 2639.0732 0.487
 2639.1729 0.487
 2639.2725 0.487
 2639.3721 0.487
 2639.4717 0.487
 2639.5713 0.487
 2639.6709 0.487
 2639.7705 0.486
 2639.8701 0.486
 2639.9697 0.486
 2640.0693 0.486
 2640.1689 0.486
 2640.2686 0.486
 2640.3682 0.486
 2640.4678 0.486
 2640.5674 0.486
 2640.6670 0.486
 2640.7666 0.486
 2640.8662 0.487
 2640.9658 0.487
 2641.0654 0.487
 2641.1650 0.487
 2641.2646 0.487
 2641.3643 0.487
 2641.4639 0.488
 2641.5635 0.488
 2641.6631 0.488
 2641.7627 0.488
 2641.8623 0.488
 2641.9619 0.488
 2642.0615 0.488
 2642.1611 0.488
 2642.2607 0.488
 2642.3604 0.488
 2642.4600 0.488
 2642.5596 0.488
 2642.6592 0.488
 2642.7588 0.488
 2642.8584 0.488
 2642.9580 0.488
 2643.0576 0.488
 2643.1572 0.488
 2643.2568 0.488
 2643.3564 0.488
 2643.4561 0.488
 2643.5557 0.488
 2643.6553 0.488
 2643.7549 0.488
 2643.8545 0.488
 2643.9541 0.488
 2644.0537 0.487
 2644.1533 0.487
 2644.2529 0.487
 2644.3525 0.487
 2644.4521 0.487
 2644.5518 0.487
 2644.6514 0.487
 2644.7510 0.488
 2644.8506 0.488
 2644.9502 0.488
 2645.0498 0.488
 2645.1494 0.488
 2645.2490 0.488
 2645.3486 0.488
 2645.4482 0.488
 2645.5479 0.489
 2645.6475 0.489
 2645.7471 0.489
 2645.8467 0.489
 2645.9463 0.489
 2646.0459 0.489
 2646.1455 0.489
 2646.2451 0.489
 2646.3447 0.489
 2646.4443 0.489
 2646.5439 0.489
 2646.6436 0.489
 2646.7432 0.489
 2646.8428 0.489
 2646.9424 0.489
 2647.0420 0.489
 2647.1416 0.489
 2647.2412 0.489
 2647.3408 0.489
 2647.4404 0.489
 2647.5400 0.489
 2647.6396 0.489
 2647.7393 0.489
 2647.8389 0.489
 2647.9385 0.489
 2648.0381 0.489
 2648.1377 0.489
 2648.2373 0.489
 2648.3369 0.490
 2648.4365 0.490
 2648.5361 0.490
 2648.6357 0.490
 2648.7354 0.490
 2648.8350 0.490
 2648.9346 0.490
 2649.0342 0.490
 2649.1338 0.490
 2649.2334 0.490
 2649.3330 0.490
 2649.4326 0.490
 2649.5322 0.490
 2649.6318 0.490
 2649.7314 0.490
 2649.8311 0.490
 2649.9307 0.490
 2650.0303 0.490
 2650.1299 0.490
 2650.2295 0.490
 2650.3291 0.490
 2650.4287 0.490
 2650.5283 0.490
 2650.6279 0.490
 2650.7275 0.490
 2650.8271 0.490
 2650.9268 0.490
 2651.0264 0.490
 2651.1260 0.490
 2651.2256 0.490
 2651.3252 0.490
 2651.4248 0.490
 2651.5244 0.490
 2651.6240 0.490
 2651.7236 0.490
 2651.8232 0.490
 2651.9229 0.490
 2652.0225 0.490
 2652.1221 0.490
 2652.2217 0.490
 2652.3213 0.490
 2652.4209 0.490
 2652.5205 0.490
 2652.6201 0.490
 2652.7197 0.491
 2652.8193 0.491
 2652.9189 0.491
 2653.0186 0.491
 2653.1182 0.490
 2653.2178 0.490
 2653.3174 0.490
 2653.4170 0.490
 2653.5166 0.490
 2653.6162 0.490
 2653.7158 0.490
 2653.8154 0.490
 2653.9150 0.490
 2654.0146 0.490
 2654.1143 0.490
 2654.2139 0.491
 2654.3135 0.491
 2654.4131 0.491
 2654.5127 0.491
 2654.6123 0.491
 2654.7119 0.491
 2654.8115 0.491
 2654.9111 0.491
 2655.0107 0.491
 2655.1104 0.491
 2655.2100 0.491
 2655.3096 0.491
 2655.4092 0.490
 2655.5088 0.490
 2655.6084 0.490
 2655.7080 0.490
 2655.8076 0.490
 2655.9072 0.490
 2656.0068 0.490
 2656.1064 0.491
 2656.2061 0.491
 2656.3057 0.491
 2656.4053 0.491
 2656.5049 0.491
 2656.6045 0.491
 2656.7041 0.492
 2656.8037 0.492
 2656.9033 0.492
 2657.0029 0.492
 2657.1025 0.492
 2657.2021 0.492
 2657.3018 0.492
 2657.4014 0.492
 2657.5010 0.492
 2657.6006 0.492
 2657.7002 0.492
 2657.7998 0.492
 2657.8994 0.492
 2657.9990 0.492
 2658.0986 0.492
 2658.1982 0.492
 2658.2979 0.492
 2658.3975 0.492
 2658.4971 0.492
 2658.5967 0.492
 2658.6963 0.492
 2658.7959 0.492
 2658.8955 0.492
 2658.9951 0.493
 2659.0947 0.492
 2659.1943 0.493
 2659.2939 0.493
 2659.3936 0.493
 2659.4932 0.493
 2659.5928 0.493
 2659.6924 0.493
 2659.7920 0.493
 2659.8916 0.493
 2659.9912 0.493
 2660.0908 0.493
 2660.1904 0.493
 2660.2900 0.493
 2660.3896 0.493
 2660.4893 0.492
 2660.5889 0.492
 2660.6885 0.492
 2660.7881 0.492
 2660.8877 0.492
 2660.9873 0.492
 2661.0869 0.492
 2661.1865 0.492
 2661.2861 0.492
 2661.3857 0.493
 2661.4854 0.493
 2661.5850 0.493
 2661.6846 0.493
 2661.7842 0.493
 2661.8838 0.493
 2661.9834 0.493
 2662.0830 0.493
 2662.1826 0.493
 2662.2822 0.493
 2662.3818 0.493
 2662.4814 0.493
 2662.5811 0.494
 2662.6807 0.494
 2662.7803 0.494
 2662.8799 0.494
 2662.9795 0.494
 2663.0791 0.494
 2663.1787 0.493
 2663.2783 0.493
 2663.3779 0.493
 2663.4775 0.493
 2663.5771 0.493
 2663.6768 0.493
 2663.7764 0.493
 2663.8760 0.493
 2663.9756 0.493
 2664.0752 0.493
 2664.1748 0.493
 2664.2744 0.493
 2664.3740 0.494
 2664.4736 0.494
 2664.5732 0.494
 2664.6729 0.494
 2664.7725 0.494
 2664.8721 0.494
 2664.9717 0.494
 2665.0713 0.494
 2665.1709 0.494
 2665.2705 0.494
 2665.3701 0.494
 2665.4697 0.494
 2665.5693 0.494
 2665.6689 0.494
 2665.7686 0.494
 2665.8682 0.494
 2665.9678 0.494
 2666.0674 0.494
 2666.1670 0.494
 2666.2666 0.494
 2666.3662 0.494
 2666.4658 0.494
 2666.5654 0.494
 2666.6650 0.494
 2666.7646 0.494
 2666.8643 0.493
 2666.9639 0.494
 2667.0635 0.494
 2667.1631 0.494
 2667.2627 0.494
 2667.3623 0.494
 2667.4619 0.495
 2667.5615 0.495
 2667.6611 0.495
 2667.7607 0.495
 2667.8604 0.494
 2667.9600 0.494
 2668.0596 0.494
 2668.1592 0.494
 2668.2588 0.494
 2668.3584 0.494
 2668.4580 0.494
 2668.5576 0.494
 2668.6572 0.494
 2668.7568 0.495
 2668.8564 0.495
 2668.9561 0.495
 2669.0557 0.495
 2669.1553 0.495
 2669.2549 0.495
 2669.3545 0.495
 2669.4541 0.495
 2669.5537 0.495
 2669.6533 0.495
 2669.7529 0.495
 2669.8525 0.495
 2669.9521 0.495
 2670.0518 0.495
 2670.1514 0.495
 2670.2510 0.495
 2670.3506 0.495
 2670.4502 0.496
 2670.5498 0.496
 2670.6494 0.496
 2670.7490 0.496
 2670.8486 0.496
 2670.9482 0.496
 2671.0479 0.496
 2671.1475 0.496
 2671.2471 0.496
 2671.3467 0.496
 2671.4463 0.496
 2671.5459 0.496
 2671.6455 0.496
 2671.7451 0.496
 2671.8447 0.496
 2671.9443 0.496
 2672.0439 0.496
 2672.1436 0.496
 2672.2432 0.495
 2672.3428 0.495
 2672.4424 0.495
 2672.5420 0.495
 2672.6416 0.495
 2672.7412 0.495
 2672.8408 0.495
 2672.9404 0.495
 2673.0400 0.496
 2673.1396 0.496
 2673.2393 0.496
 2673.3389 0.496
 2673.4385 0.496
 2673.5381 0.496
 2673.6377 0.496
 2673.7373 0.496
 2673.8369 0.496
 2673.9365 0.496
 2674.0361 0.496
 2674.1357 0.496
 2674.2354 0.496
 2674.3350 0.496
 2674.4346 0.496
 2674.5342 0.497
 2674.6338 0.497
 2674.7334 0.497
 2674.8330 0.497
 2674.9326 0.497
 2675.0322 0.496
 2675.1318 0.496
 2675.2314 0.496
 2675.3311 0.496
 2675.4307 0.496
 2675.5303 0.497
 2675.6299 0.497
 2675.7295 0.497
 2675.8291 0.497
 2675.9287 0.497
 2676.0283 0.497
 2676.1279 0.497
 2676.2275 0.497
 2676.3271 0.497
 2676.4268 0.497
 2676.5264 0.497
 2676.6260 0.497
 2676.7256 0.497
 2676.8252 0.497
 2676.9248 0.497
 2677.0244 0.497
 2677.1240 0.497
 2677.2236 0.497
 2677.3232 0.497
 2677.4229 0.497
 2677.5225 0.497
 2677.6221 0.497
 2677.7217 0.497
 2677.8213 0.498
 2677.9209 0.498
 2678.0205 0.498
 2678.1201 0.498
 2678.2197 0.498
 2678.3193 0.498
 2678.4189 0.498
 2678.5186 0.498
 2678.6182 0.497
 2678.7178 0.497
 2678.8174 0.497
 2678.9170 0.497
 2679.0166 0.497
 2679.1162 0.497
 2679.2158 0.497
 2679.3154 0.497
 2679.4150 0.498
 2679.5146 0.498
 2679.6143 0.498
 2679.7139 0.498
 2679.8135 0.498
 2679.9131 0.498
 2680.0127 0.498
 2680.1123 0.498
 2680.2119 0.498
 2680.3115 0.498
 2680.4111 0.498
 2680.5107 0.498
 2680.6104 0.498
 2680.7100 0.497
 2680.8096 0.497
 2680.9092 0.497
 2681.0088 0.497
 2681.1084 0.497
 2681.2080 0.497
 2681.3076 0.498
 2681.4072 0.498
 2681.5068 0.498
 2681.6064 0.498
 2681.7061 0.498
 2681.8057 0.498
 2681.9053 0.499
 2682.0049 0.499
 2682.1045 0.499
 2682.2041 0.499
 2682.3037 0.499
 2682.4033 0.499
 2682.5029 0.499
 2682.6025 0.499
 2682.7021 0.499
 2682.8018 0.499
 2682.9014 0.499
 2683.0010 0.499
 2683.1006 0.498
 2683.2002 0.498
 2683.2998 0.499
 2683.3994 0.499
 2683.4990 0.499
 2683.5986 0.499
 2683.6982 0.499
 2683.7979 0.499
 2683.8975 0.499
 2683.9971 0.499
 2684.0967 0.499
 2684.1963 0.499
 2684.2959 0.499
 2684.3955 0.499
 2684.4951 0.499
 2684.5947 0.499
 2684.6943 0.499
 2684.7939 0.499
 2684.8936 0.499
 2684.9932 0.499
 2685.0928 0.499
 2685.1924 0.499
 2685.2920 0.499
 2685.3916 0.499
 2685.4912 0.499
 2685.5908 0.499
 2685.6904 0.499
 2685.7900 0.499
 2685.8896 0.499
 2685.9893 0.499
 2686.0889 0.499
 2686.1885 0.500
 2686.2881 0.500
 2686.3877 0.500
 2686.4873 0.500
 2686.5869 0.500
 2686.6865 0.500
 2686.7861 0.500
 2686.8857 0.500
 2686.9854 0.500
 2687.0850 0.500
 2687.1846 0.500
 2687.2842 0.500
 2687.3838 0.500
 2687.4834 0.500
 2687.5830 0.500
 2687.6826 0.500
 2687.7822 0.500
 2687.8818 0.500
 2687.9814 0.500
 2688.0811 0.500
 2688.1807 0.500
 2688.2803 0.500
 2688.3799 0.500
 2688.4795 0.501
 2688.5791 0.501
 2688.6787 0.501
 2688.7783 0.501
 2688.8779 0.501
 2688.9775 0.501
 2689.0771 0.501
 2689.1768 0.501
 2689.2764 0.501
 2689.3760 0.501
 2689.4756 0.501
 2689.5752 0.501
 2689.6748 0.501
 2689.7744 0.501
 2689.8740 0.501
 2689.9736 0.501
 2690.0732 0.501
 2690.1729 0.501
 2690.2725 0.501
 2690.3721 0.501
 2690.4717 0.501
 2690.5713 0.501
 2690.6709 0.501
 2690.7705 0.501
 2690.8701 0.501
 2690.9697 0.501
 2691.0693 0.501
 2691.1689 0.501
 2691.2686 0.501
 2691.3682 0.501
 2691.4678 0.501
 2691.5674 0.501
 2691.6670 0.501
 2691.7666 0.502
 2691.8662 0.502
 2691.9658 0.502
 2692.0654 0.502
 2692.1650 0.502
 2692.2646 0.502
 2692.3643 0.502
 2692.4639 0.502
 2692.5635 0.502
 2692.6631 0.502
 2692.7627 0.502
 2692.8623 0.501
 2692.9619 0.501
 2693.0615 0.501
 2693.1611 0.501
 2693.2607 0.501
 2693.3604 0.501
 2693.4600 0.501
 2693.5596 0.501
 2693.6592 0.501
 2693.7588 0.501
 2693.8584 0.501
 2693.9580 0.502
 2694.0576 0.502
 2694.1572 0.502
 2694.2568 0.502
 2694.3564 0.502
 2694.4561 0.502
 2694.5557 0.502
 2694.6553 0.502
 2694.7549 0.502
 2694.8545 0.502
 2694.9541 0.502
 2695.0537 0.502
 2695.1533 0.502
 2695.2529 0.502
 2695.3525 0.502
 2695.4521 0.502
 2695.5518 0.502
 2695.6514 0.502
 2695.7510 0.502
 2695.8506 0.502
 2695.9502 0.502
 2696.0498 0.503
 2696.1494 0.503
 2696.2490 0.503
 2696.3486 0.503
 2696.4482 0.503
 2696.5479 0.503
 2696.6475 0.503
 2696.7471 0.503
 2696.8467 0.503
 2696.9463 0.503
 2697.0459 0.503
 2697.1455 0.503
 2697.2451 0.503
 2697.3447 0.503
 2697.4443 0.503
 2697.5439 0.503
 2697.6436 0.503
 2697.7432 0.503
 2697.8428 0.503
 2697.9424 0.503
 2698.0420 0.503
 2698.1416 0.503
 2698.2412 0.503
 2698.3408 0.504
 2698.4404 0.504
 2698.5400 0.504
 2698.6396 0.504
 2698.7393 0.504
 2698.8389 0.504
 2698.9385 0.504
 2699.0381 0.504
 2699.1377 0.504
 2699.2373 0.504
 2699.3369 0.504
 2699.4365 0.504
 2699.5361 0.504
 2699.6357 0.504
 2699.7354 0.504
 2699.8350 0.504
 2699.9346 0.504
 2700.0342 0.504
 2700.1338 0.504
 2700.2334 0.504
 2700.3330 0.504
 2700.4326 0.504
 2700.5322 0.504
 2700.6318 0.504
 2700.7314 0.503
 2700.8311 0.503
 2700.9307 0.504
 2701.0303 0.504
 2701.1299 0.504
 2701.2295 0.504
 2701.3291 0.504
 2701.4287 0.504
 2701.5283 0.504
 2701.6279 0.505
 2701.7275 0.505
 2701.8271 0.505
 2701.9268 0.505
 2702.0264 0.504
 2702.1260 0.504
 2702.2256 0.504
 2702.3252 0.504
 2702.4248 0.504
 2702.5244 0.504
 2702.6240 0.504
 2702.7236 0.504
 2702.8232 0.504
 2702.9229 0.504
 2703.0225 0.504
 2703.1221 0.505
 2703.2217 0.505
 2703.3213 0.505
 2703.4209 0.505
 2703.5205 0.505
 2703.6201 0.505
 2703.7197 0.505
 2703.8193 0.505
 2703.9189 0.505
 2704.0186 0.505
 2704.1182 0.505
 2704.2178 0.505
 2704.3174 0.505
 2704.4170 0.505
 2704.5166 0.505
 2704.6162 0.505
 2704.7158 0.505
 2704.8154 0.505
 2704.9150 0.505
 2705.0146 0.505
 2705.1143 0.504
 2705.2139 0.504
 2705.3135 0.504
 2705.4131 0.505
 2705.5127 0.505
 2705.6123 0.505
 2705.7119 0.505
 2705.8115 0.505
 2705.9111 0.505
 2706.0107 0.505
 2706.1104 0.505
 2706.2100 0.506
 2706.3096 0.506
 2706.4092 0.506
 2706.5088 0.506
 2706.6084 0.506
 2706.7080 0.506
 2706.8076 0.506
 2706.9072 0.506
 2707.0068 0.506
 2707.1064 0.505
 2707.2061 0.505
 2707.3057 0.505
 2707.4053 0.505
 2707.5049 0.505
 2707.6045 0.505
 2707.7041 0.505
 2707.8037 0.505
 2707.9033 0.505
 2708.0029 0.506
 2708.1025 0.506
 2708.2021 0.506
 2708.3018 0.506
 2708.4014 0.506
 2708.5010 0.506
 2708.6006 0.506
 2708.7002 0.506
 2708.7998 0.506
 2708.8994 0.506
 2708.9990 0.506
 2709.0986 0.506
 2709.1982 0.506
 2709.2979 0.506
 2709.3975 0.507
 2709.4971 0.507
 2709.5967 0.507
 2709.6963 0.507
 2709.7959 0.507
 2709.8955 0.507
 2709.9951 0.507
 2710.0947 0.507
 2710.1943 0.507
 2710.2939 0.507
 2710.3936 0.507
 2710.4932 0.507
 2710.5928 0.507
 2710.6924 0.507
 2710.7920 0.507
 2710.8916 0.507
 2710.9912 0.507
 2711.0908 0.507
 2711.1904 0.507
 2711.2900 0.507
 2711.3896 0.507
 2711.4893 0.507
 2711.5889 0.507
 2711.6885 0.507
 2711.7881 0.506
 2711.8877 0.506
 2711.9873 0.506
 2712.0869 0.506
 2712.1865 0.506
 2712.2861 0.506
 2712.3857 0.506
 2712.4854 0.507
 2712.5850 0.507
 2712.6846 0.507
 2712.7842 0.507
 2712.8838 0.507
 2712.9834 0.508
 2713.0830 0.508
 2713.1826 0.508
 2713.2822 0.507
 2713.3818 0.507
 2713.4814 0.507
 2713.5811 0.507
 2713.6807 0.507
 2713.7803 0.507
 2713.8799 0.507
 2713.9795 0.507
 2714.0791 0.507
 2714.1787 0.507
 2714.2783 0.507
 2714.3779 0.507
 2714.4775 0.507
 2714.5771 0.507
 2714.6768 0.507
 2714.7764 0.508
 2714.8760 0.508
 2714.9756 0.508
 2715.0752 0.508
 2715.1748 0.508
 2715.2744 0.508
 2715.3740 0.508
 2715.4736 0.508
 2715.5732 0.508
 2715.6729 0.508
 2715.7725 0.508
 2715.8721 0.508
 2715.9717 0.508
 2716.0713 0.508
 2716.1709 0.508
 2716.2705 0.508
 2716.3701 0.508
 2716.4697 0.509
 2716.5693 0.509
 2716.6689 0.509
 2716.7686 0.509
 2716.8682 0.509
 2716.9678 0.509
 2717.0674 0.509
 2717.1670 0.509
 2717.2666 0.509
 2717.3662 0.509
 2717.4658 0.509
 2717.5654 0.509
 2717.6650 0.509
 2717.7646 0.509
 2717.8643 0.509
 2717.9639 0.509
 2718.0635 0.509
 2718.1631 0.509
 2718.2627 0.509
 2718.3623 0.509
 2718.4619 0.509
 2718.5615 0.509
 2718.6611 0.509
 2718.7607 0.509
 2718.8604 0.509
 2718.9600 0.509
 2719.0596 0.509
 2719.1592 0.509
 2719.2588 0.509
 2719.3584 0.509
 2719.4580 0.510
 2719.5576 0.510
 2719.6572 0.510
 2719.7568 0.510
 2719.8564 0.509
 2719.9561 0.509
 2720.0557 0.509
 2720.1553 0.509
 2720.2549 0.509
 2720.3545 0.509
 2720.4541 0.509
 2720.5537 0.509
 2720.6533 0.509
 2720.7529 0.509
 2720.8525 0.509
 2720.9521 0.509
 2721.0518 0.509
 2721.1514 0.509
 2721.2510 0.510
 2721.3506 0.510
 2721.4502 0.510
 2721.5498 0.510
 2721.6494 0.510
 2721.7490 0.510
 2721.8486 0.510
 2721.9482 0.510
 2722.0479 0.510
 2722.1475 0.510
 2722.2471 0.510
 2722.3467 0.510
 2722.4463 0.510
 2722.5459 0.510
 2722.6455 0.510
 2722.7451 0.510
 2722.8447 0.510
 2722.9443 0.510
 2723.0439 0.510
 2723.1436 0.510
 2723.2432 0.511
 2723.3428 0.511
 2723.4424 0.511
 2723.5420 0.511
 2723.6416 0.510
 2723.7412 0.510
 2723.8408 0.510
 2723.9404 0.510
 2724.0400 0.510
 2724.1396 0.510
 2724.2393 0.510
 2724.3389 0.510
 2724.4385 0.510
 2724.5381 0.510
 2724.6377 0.510
 2724.7373 0.510
 2724.8369 0.510
 2724.9365 0.511
 2725.0361 0.511
 2725.1357 0.511
 2725.2354 0.511
 2725.3350 0.511
 2725.4346 0.511
 2725.5342 0.511
 2725.6338 0.511
 2725.7334 0.511
 2725.8330 0.511
 2725.9326 0.511
 2726.0322 0.511
 2726.1318 0.511
 2726.2314 0.511
 2726.3311 0.511
 2726.4307 0.511
 2726.5303 0.511
 2726.6299 0.511
 2726.7295 0.511
 2726.8291 0.512
 2726.9287 0.512
 2727.0283 0.511
 2727.1279 0.512
 2727.2275 0.512
 2727.3271 0.512
 2727.4268 0.512
 2727.5264 0.512
 2727.6260 0.512
 2727.7256 0.512
 2727.8252 0.512
 2727.9248 0.512
 2728.0244 0.512
 2728.1240 0.512
 2728.2236 0.512
 2728.3232 0.512
 2728.4229 0.512
 2728.5225 0.512
 2728.6221 0.512
 2728.7217 0.512
 2728.8213 0.512
 2728.9209 0.512
 2729.0205 0.512
 2729.1201 0.512
 2729.2197 0.511
 2729.3193 0.511
 2729.4189 0.511
 2729.5186 0.511
 2729.6182 0.511
 2729.7178 0.511
 2729.8174 0.511
 2729.9170 0.512
 2730.0166 0.512
 2730.1162 0.512
 2730.2158 0.512
 2730.3154 0.512
 2730.4150 0.512
 2730.5146 0.512
 2730.6143 0.512
 2730.7139 0.512
 2730.8135 0.513
 2730.9131 0.513
 2731.0127 0.513
 2731.1123 0.513
 2731.2119 0.513
 2731.3115 0.512
 2731.4111 0.512
 2731.5107 0.512
 2731.6104 0.512
 2731.7100 0.512
 2731.8096 0.512
 2731.9092 0.512
 2732.0088 0.512
 2732.1084 0.512
 2732.2080 0.512
 2732.3076 0.512
 2732.4072 0.512
 2732.5068 0.512
 2732.6064 0.513
 2732.7061 0.513
 2732.8057 0.513
 2732.9053 0.513
 2733.0049 0.513
 2733.1045 0.513
 2733.2041 0.513
 2733.3037 0.513
 2733.4033 0.513
 2733.5029 0.513
 2733.6025 0.513
 2733.7021 0.513
 2733.8018 0.512
 2733.9014 0.512
 2734.0010 0.512
 2734.1006 0.512
 2734.2002 0.512
 2734.2998 0.512
 2734.3994 0.512
 2734.4990 0.512
 2734.5986 0.513
 2734.6982 0.513
 2734.7979 0.513
 2734.8975 0.514
 2734.9971 0.514
 2735.0967 0.514
 2735.1963 0.514
 2735.2959 0.514
 2735.3955 0.514
 2735.4951 0.514
 2735.5947 0.514
 2735.6943 0.514
 2735.7939 0.514
 2735.8936 0.513
 2735.9932 0.513
 2736.0928 0.513
 2736.1924 0.513
 2736.2920 0.513
 2736.3916 0.513
 2736.4912 0.513
 2736.5908 0.513
 2736.6904 0.513
 2736.7900 0.513
 2736.8896 0.513
 2736.9893 0.514
 2737.0889 0.514
 2737.1885 0.514
 2737.2881 0.514
 2737.3877 0.514
 2737.4873 0.514
 2737.5869 0.514
 2737.6865 0.514
 2737.7861 0.514
 2737.8857 0.514
 2737.9854 0.514
 2738.0850 0.514
 2738.1846 0.514
 2738.2842 0.514
 2738.3838 0.514
 2738.4834 0.514
 2738.5830 0.514
 2738.6826 0.514
 2738.7822 0.514
 2738.8818 0.514
 2738.9814 0.514
 2739.0811 0.515
 2739.1807 0.515
 2739.2803 0.515
 2739.3799 0.515
 2739.4795 0.515
 2739.5791 0.515
 2739.6787 0.515
 2739.7783 0.515
 2739.8779 0.515
 2739.9775 0.515
 2740.0771 0.515
 2740.1768 0.515
 2740.2764 0.515
 2740.3760 0.516
 2740.4756 0.516
 2740.5752 0.516
 2740.6748 0.516
 2740.7744 0.516
 2740.8740 0.516
 2740.9736 0.516
 2741.0732 0.516
 2741.1729 0.516
 2741.2725 0.516
 2741.3721 0.516
 2741.4717 0.516
 2741.5713 0.516
 2741.6709 0.516
 2741.7705 0.516
 2741.8701 0.516
 2741.9697 0.516
 2742.0693 0.516
 2742.1689 0.516
 2742.2686 0.516
 2742.3682 0.516
 2742.4678 0.516
 2742.5674 0.515
 2742.6670 0.515
 2742.7666 0.515
 2742.8662 0.515
 2742.9658 0.515
 2743.0654 0.515
 2743.1650 0.515
 2743.2646 0.515
 2743.3643 0.515
 2743.4639 0.515
 2743.5635 0.515
 2743.6631 0.515
 2743.7627 0.516
 2743.8623 0.516
 2743.9619 0.516
 2744.0615 0.516
 2744.1611 0.516
 2744.2607 0.516
 2744.3604 0.516
 2744.4600 0.516
 2744.5596 0.516
 2744.6592 0.517
 2744.7588 0.517
 2744.8584 0.517
 2744.9580 0.517
 2745.0576 0.517
 2745.1572 0.517
 2745.2568 0.517
 2745.3564 0.517
 2745.4561 0.517
 2745.5557 0.517
 2745.6553 0.516
 2745.7549 0.516
 2745.8545 0.516
 2745.9541 0.516
 2746.0537 0.516
 2746.1533 0.516
 2746.2529 0.516
 2746.3525 0.516
 2746.4521 0.516
 2746.5518 0.516
 2746.6514 0.517
 2746.7510 0.517
 2746.8506 0.517
 2746.9502 0.517
 2747.0498 0.517
 2747.1494 0.517
 2747.2490 0.517
 2747.3486 0.517
 2747.4482 0.517
 2747.5479 0.517
 2747.6475 0.517
 2747.7471 0.517
 2747.8467 0.517
 2747.9463 0.516
 2748.0459 0.516
 2748.1455 0.516
 2748.2451 0.516
 2748.3447 0.516
 2748.4443 0.516
 2748.5439 0.516
 2748.6436 0.516
 2748.7432 0.516
 2748.8428 0.517
 2748.9424 0.517
 2749.0420 0.517
 2749.1416 0.517
 2749.2412 0.517
 2749.3408 0.518
 2749.4404 0.518
 2749.5400 0.518
 2749.6396 0.518
 2749.7393 0.518
 2749.8389 0.518
 2749.9385 0.518
 2750.0381 0.518
 2750.1377 0.518
 2750.2373 0.518
 2750.3369 0.518
 2750.4365 0.518
 2750.5361 0.518
 2750.6357 0.518
 2750.7354 0.518
 2750.8350 0.518
 2750.9346 0.518
 2751.0342 0.518
 2751.1338 0.518
 2751.2334 0.518
 2751.3330 0.518
 2751.4326 0.518
 2751.5322 0.518
 2751.6318 0.519
 2751.7314 0.519
 2751.8311 0.519
 2751.9307 0.519
 2752.0303 0.519
 2752.1299 0.519
 2752.2295 0.519
 2752.3291 0.519
 2752.4287 0.519
 2752.5283 0.519
 2752.6279 0.519
 2752.7275 0.519
 2752.8271 0.519
 2752.9268 0.519
 2753.0264 0.519
 2753.1260 0.519
 2753.2256 0.519
 2753.3252 0.519
 2753.4248 0.519
 2753.5244 0.519
 2753.6240 0.519
 2753.7236 0.519
 2753.8232 0.519
 2753.9229 0.519
 2754.0225 0.519
 2754.1221 0.519
 2754.2217 0.519
 2754.3213 0.519
 2754.4209 0.519
 2754.5205 0.519
 2754.6201 0.519
 2754.7197 0.519
 2754.8193 0.519
 2754.9189 0.519
 2755.0186 0.519
 2755.1182 0.519
 2755.2178 0.519
 2755.3174 0.519
 2755.4170 0.519
 2755.5166 0.519
 2755.6162 0.519
 2755.7158 0.520
 2755.8154 0.520
 2755.9150 0.520
 2756.0146 0.520
 2756.1143 0.520
 2756.2139 0.520
 2756.3135 0.520
 2756.4131 0.520
 2756.5127 0.520
 2756.6123 0.520
 2756.7119 0.520
 2756.8115 0.520
 2756.9111 0.520
 2757.0107 0.520
 2757.1104 0.520
 2757.2100 0.520
 2757.3096 0.520
 2757.4092 0.520
 2757.5088 0.520
 2757.6084 0.520
 2757.7080 0.520
 2757.8076 0.520
 2757.9072 0.520
 2758.0068 0.520
 2758.1064 0.519
 2758.2061 0.519
 2758.3057 0.519
 2758.4053 0.519
 2758.5049 0.519
 2758.6045 0.519
 2758.7041 0.519
 2758.8037 0.519
 2758.9033 0.519
 2759.0029 0.519
 2759.1025 0.519
 2759.2021 0.520
 2759.3018 0.520
 2759.4014 0.520
 2759.5010 0.520
 2759.6006 0.520
 2759.7002 0.520
 2759.7998 0.520
 2759.8994 0.520
 2759.9990 0.521
 2760.0986 0.521
 2760.1982 0.521
 2760.2979 0.521
 2760.3975 0.521
 2760.4971 0.521
 2760.5967 0.521
 2760.6963 0.521
 2760.7959 0.520
 2760.8955 0.520
 2760.9951 0.520
 2761.0947 0.520
 2761.1943 0.520
 2761.2939 0.520
 2761.3936 0.520
 2761.4932 0.520
 2761.5928 0.520
 2761.6924 0.521
 2761.7920 0.521
 2761.8916 0.521
 2761.9912 0.521
 2762.0908 0.521
 2762.1904 0.521
 2762.2900 0.521
 2762.3896 0.521
 2762.4893 0.521
 2762.5889 0.521
 2762.6885 0.521
 2762.7881 0.521
 2762.8877 0.521
 2762.9873 0.521
 2763.0869 0.521
 2763.1865 0.521
 2763.2861 0.521
 2763.3857 0.521
 2763.4854 0.521
 2763.5850 0.521
 2763.6846 0.521
 2763.7842 0.521
 2763.8838 0.521
 2763.9834 0.521
 2764.0830 0.521
 2764.1826 0.521
 2764.2822 0.521
 2764.3818 0.522
 2764.4814 0.522
 2764.5811 0.522
 2764.6807 0.522
 2764.7803 0.522
 2764.8799 0.522
 2764.9795 0.521
 2765.0791 0.521
 2765.1787 0.521
 2765.2783 0.522
 2765.3779 0.521
 2765.4775 0.521
 2765.5771 0.521
 2765.6768 0.521
 2765.7764 0.522
 2765.8760 0.522
 2765.9756 0.522
 2766.0752 0.522
 2766.1748 0.522
 2766.2744 0.522
 2766.3740 0.522
 2766.4736 0.522
 2766.5732 0.522
 2766.6729 0.522
 2766.7725 0.522
 2766.8721 0.522
 2766.9717 0.523
 2767.0713 0.523
 2767.1709 0.523
 2767.2705 0.523
 2767.3701 0.523
 2767.4697 0.523
 2767.5693 0.523
 2767.6689 0.523
 2767.7686 0.523
 2767.8682 0.523
 2767.9678 0.523
 2768.0674 0.523
 2768.1670 0.523
 2768.2666 0.523
 2768.3662 0.523
 2768.4658 0.523
 2768.5654 0.523
 2768.6650 0.523
 2768.7646 0.523
 2768.8643 0.523
 2768.9639 0.523
 2769.0635 0.523
 2769.1631 0.523
 2769.2627 0.523
 2769.3623 0.523
 2769.4619 0.523
 2769.5615 0.523
 2769.6611 0.523
 2769.7607 0.523
 2769.8604 0.523
 2769.9600 0.523
 2770.0596 0.523
 2770.1592 0.523
 2770.2588 0.523
 2770.3584 0.524
 2770.4580 0.524
 2770.5576 0.524
 2770.6572 0.524
 2770.7568 0.524
 2770.8564 0.524
 2770.9561 0.524
 2771.0557 0.524
 2771.1553 0.524
 2771.2549 0.524
 2771.3545 0.524
 2771.4541 0.524
 2771.5537 0.524
 2771.6533 0.524
 2771.7529 0.524
 2771.8525 0.524
 2771.9521 0.524
 2772.0518 0.524
 2772.1514 0.524
 2772.2510 0.524
 2772.3506 0.524
 2772.4502 0.524
 2772.5498 0.524
 2772.6494 0.524
 2772.7490 0.524
 2772.8486 0.524
 2772.9482 0.524
 2773.0479 0.524
 2773.1475 0.524
 2773.2471 0.524
 2773.3467 0.524
 2773.4463 0.524
 2773.5459 0.524
 2773.6455 0.524
 2773.7451 0.524
 2773.8447 0.524
 2773.9443 0.524
 2774.0439 0.524
 2774.1436 0.524
 2774.2432 0.524
 2774.3428 0.524
 2774.4424 0.524
 2774.5420 0.524
 2774.6416 0.524
 2774.7412 0.525
 2774.8408 0.525
 2774.9404 0.525
 2775.0400 0.525
 2775.1396 0.525
 2775.2393 0.525
 2775.3389 0.525
 2775.4385 0.525
 2775.5381 0.525
 2775.6377 0.525
 2775.7373 0.525
 2775.8369 0.525
 2775.9365 0.525
 2776.0361 0.525
 2776.1357 0.525
 2776.2354 0.525
 2776.3350 0.525
 2776.4346 0.525
 2776.5342 0.525
 2776.6338 0.525
 2776.7334 0.525
 2776.8330 0.525
 2776.9326 0.525
 2777.0322 0.525
 2777.1318 0.525
 2777.2314 0.525
 2777.3311 0.525
 2777.4307 0.525
 2777.5303 0.525
 2777.6299 0.525
 2777.7295 0.525
 2777.8291 0.525
 2777.9287 0.525
 2778.0283 0.525
 2778.1279 0.525
 2778.2275 0.525
 2778.3271 0.525
 2778.4268 0.525
 2778.5264 0.525
 2778.6260 0.525
 2778.7256 0.525
 2778.8252 0.525
 2778.9248 0.525
 2779.0244 0.525
 2779.1240 0.525
 2779.2236 0.526
 2779.3232 0.526
 2779.4229 0.526
 2779.5225 0.526
 2779.6221 0.526
 2779.7217 0.526
 2779.8213 0.526
 2779.9209 0.526
 2780.0205 0.526
 2780.1201 0.526
 2780.2197 0.526
 2780.3193 0.526
 2780.4189 0.526
 2780.5186 0.526
 2780.6182 0.526
 2780.7178 0.526
 2780.8174 0.526
 2780.9170 0.526
 2781.0166 0.527
 2781.1162 0.527
 2781.2158 0.527
 2781.3154 0.527
 2781.4150 0.527
 2781.5146 0.527
 2781.6143 0.527
 2781.7139 0.526
 2781.8135 0.526
 2781.9131 0.526
 2782.0127 0.526
 2782.1123 0.526
 2782.2119 0.526
 2782.3115 0.526
 2782.4111 0.526
 2782.5107 0.526
 2782.6104 0.526
 2782.7100 0.526
 2782.8096 0.526
 2782.9092 0.526
 2783.0088 0.527
 2783.1084 0.527
 2783.2080 0.527
 2783.3076 0.527
 2783.4072 0.527
 2783.5068 0.527
 2783.6064 0.527
 2783.7061 0.527
 2783.8057 0.527
 2783.9053 0.527
 2784.0049 0.527
 2784.1045 0.527
 2784.2041 0.527
 2784.3037 0.527
 2784.4033 0.527
 2784.5029 0.527
 2784.6025 0.527
 2784.7021 0.527
 2784.8018 0.527
 2784.9014 0.527
 2785.0010 0.527
 2785.1006 0.527
 2785.2002 0.527
 2785.2998 0.527
 2785.3994 0.527
 2785.4990 0.527
 2785.5986 0.528
 2785.6982 0.528
 2785.7979 0.528
 2785.8975 0.528
 2785.9971 0.528
 2786.0967 0.528
 2786.1963 0.528
 2786.2959 0.528
 2786.3955 0.528
 2786.4951 0.528
 2786.5947 0.528
 2786.6943 0.528
 2786.7939 0.528
 2786.8936 0.528
 2786.9932 0.528
 2787.0928 0.528
 2787.1924 0.528
 2787.2920 0.528
 2787.3916 0.528
 2787.4912 0.528
 2787.5908 0.528
 2787.6904 0.528
 2787.7900 0.528
 2787.8896 0.529
 2787.9893 0.529
 2788.0889 0.529
 2788.1885 0.529
 2788.2881 0.529
 2788.3877 0.529
 2788.4873 0.529
 2788.5869 0.529
 2788.6865 0.529
 2788.7861 0.529
 2788.8857 0.528
 2788.9854 0.528
 2789.0850 0.528
 2789.1846 0.528
 2789.2842 0.528
 2789.3838 0.528
 2789.4834 0.528
 2789.5830 0.528
 2789.6826 0.528
 2789.7822 0.528
 2789.8818 0.529
 2789.9814 0.529
 2790.0811 0.529
 2790.1807 0.529
 2790.2803 0.529
 2790.3799 0.529
 2790.4795 0.529
 2790.5791 0.529
 2790.6787 0.529
 2790.7783 0.529
 2790.8779 0.529
 2790.9775 0.529
 2791.0771 0.529
 2791.1768 0.529
 2791.2764 0.529
 2791.3760 0.529
 2791.4756 0.529
 2791.5752 0.529
 2791.6748 0.528
 2791.7744 0.529
 2791.8740 0.529
 2791.9736 0.529
 2792.0732 0.529
 2792.1729 0.529
 2792.2725 0.529
 2792.3721 0.529
 2792.4717 0.529
 2792.5713 0.529
 2792.6709 0.530
 2792.7705 0.530
 2792.8701 0.530
 2792.9697 0.530
 2793.0693 0.530
 2793.1689 0.530
 2793.2686 0.530
 2793.3682 0.530
 2793.4678 0.530
 2793.5674 0.530
 2793.6670 0.530
 2793.7666 0.530
 2793.8662 0.530
 2793.9658 0.530
 2794.0654 0.530
 2794.1650 0.530
 2794.2646 0.530
 2794.3643 0.530
 2794.4639 0.530
 2794.5635 0.530
 2794.6631 0.530
 2794.7627 0.530
 2794.8623 0.530
 2794.9619 0.530
 2795.0615 0.530
 2795.1611 0.530
 2795.2607 0.530
 2795.3604 0.530
 2795.4600 0.530
 2795.5596 0.531
 2795.6592 0.531
 2795.7588 0.531
 2795.8584 0.531
 2795.9580 0.531
 2796.0576 0.531
 2796.1572 0.531
 2796.2568 0.531
 2796.3564 0.531
 2796.4561 0.531
 2796.5557 0.531
 2796.6553 0.531
 2796.7549 0.531
 2796.8545 0.531
 2796.9541 0.530
 2797.0537 0.530
 2797.1533 0.530
 2797.2529 0.530
 2797.3525 0.530
 2797.4521 0.530
 2797.5518 0.530
 2797.6514 0.530
 2797.7510 0.530
 2797.8506 0.531
 2797.9502 0.531
 2798.0498 0.531
 2798.1494 0.531
 2798.2490 0.531
 2798.3486 0.531
 2798.4482 0.531
 2798.5479 0.531
 2798.6475 0.531
 2798.7471 0.531
 2798.8467 0.531
 2798.9463 0.531
 2799.0459 0.531
 2799.1455 0.531
 2799.2451 0.531
 2799.3447 0.530
 2799.4443 0.530
 2799.5439 0.530
 2799.6436 0.531
 2799.7432 0.531
 2799.8428 0.531
 2799.9424 0.531
 2800.0420 0.531
 2800.1416 0.532
 2800.2412 0.532
 2800.3408 0.532
 2800.4404 0.532
 2800.5400 0.532
 2800.6396 0.532
 2800.7393 0.532
 2800.8389 0.532
 2800.9385 0.532
 2801.0381 0.532
 2801.1377 0.532
 2801.2373 0.532
 2801.3369 0.532
 2801.4365 0.532
 2801.5361 0.532
 2801.6357 0.532
 2801.7354 0.532
 2801.8350 0.532
 2801.9346 0.532
 2802.0342 0.532
 2802.1338 0.532
 2802.2334 0.532
 2802.3330 0.532
 2802.4326 0.532
 2802.5322 0.532
 2802.6318 0.532
 2802.7314 0.532
 2802.8311 0.532
 2802.9307 0.532
 2803.0303 0.532
 2803.1299 0.532
 2803.2295 0.532
 2803.3291 0.532
 2803.4287 0.532
 2803.5283 0.532
 2803.6279 0.533
 2803.7275 0.533
 2803.8271 0.533
 2803.9268 0.533
 2804.0264 0.533
 2804.1260 0.533
 2804.2256 0.533
 2804.3252 0.533
 2804.4248 0.533
 2804.5244 0.533
 2804.6240 0.533
 2804.7236 0.533
 2804.8232 0.533
 2804.9229 0.533
 2805.0225 0.533
 2805.1221 0.534
 2805.2217 0.534
 2805.3213 0.533
 2805.4209 0.533
 2805.5205 0.533
 2805.6201 0.533
 2805.7197 0.533
 2805.8193 0.533
 2805.9189 0.533
 2806.0186 0.533
 2806.1182 0.533
 2806.2178 0.533
 2806.3174 0.533
 2806.4170 0.533
 2806.5166 0.533
 2806.6162 0.534
 2806.7158 0.534
 2806.8154 0.534
 2806.9150 0.534
 2807.0146 0.534
 2807.1143 0.534
 2807.2139 0.534
 2807.3135 0.534
 2807.4131 0.534
 2807.5127 0.534
 2807.6123 0.534
 2807.7119 0.534
 2807.8115 0.534
 2807.9111 0.534
 2808.0107 0.534
 2808.1104 0.534
 2808.2100 0.533
 2808.3096 0.533
 2808.4092 0.533
 2808.5088 0.533
 2808.6084 0.533
 2808.7080 0.534
 2808.8076 0.534
 2808.9072 0.534
 2809.0068 0.534
 2809.1064 0.534
 2809.2061 0.534
 2809.3057 0.534
 2809.4053 0.534
 2809.5049 0.534
 2809.6045 0.534
 2809.7041 0.534
 2809.8037 0.534
 2809.9033 0.535
 2810.0029 0.535
 2810.1025 0.535
 2810.2021 0.535
 2810.3018 0.535
 2810.4014 0.534
 2810.5010 0.534
 2810.6006 0.534
 2810.7002 0.534
 2810.7998 0.534
 2810.8994 0.534
 2810.9990 0.534
 2811.0986 0.534
 2811.1982 0.534
 2811.2979 0.534
 2811.3975 0.534
 2811.4971 0.534
 2811.5967 0.534
 2811.6963 0.534
 2811.7959 0.535
 2811.8955 0.535
 2811.9951 0.535
 2812.0947 0.535
 2812.1943 0.535
 2812.2939 0.535
 2812.3936 0.535
 2812.4932 0.535
 2812.5928 0.535
 2812.6924 0.535
 2812.7920 0.535
 2812.8916 0.535
 2812.9912 0.535
 2813.0908 0.535
 2813.1904 0.535
 2813.2900 0.535
 2813.3896 0.534
 2813.4893 0.534
 2813.5889 0.534
 2813.6885 0.534
 2813.7881 0.534
 2813.8877 0.534
 2813.9873 0.534
 2814.0869 0.535
 2814.1865 0.535
 2814.2861 0.535
 2814.3857 0.535
 2814.4854 0.535
 2814.5850 0.536
 2814.6846 0.536
 2814.7842 0.536
 2814.8838 0.536
 2814.9834 0.536
 2815.0830 0.536
 2815.1826 0.536
 2815.2822 0.536
 2815.3818 0.536
 2815.4814 0.536
 2815.5811 0.536
 2815.6807 0.536
 2815.7803 0.536
 2815.8799 0.536
 2815.9795 0.536
 2816.0791 0.536
 2816.1787 0.536
 2816.2783 0.536
 2816.3779 0.536
 2816.4775 0.536
 2816.5771 0.536
 2816.6768 0.536
 2816.7764 0.535
 2816.8760 0.536
 2816.9756 0.536
 2817.0752 0.536
 2817.1748 0.536
 2817.2744 0.536
 2817.3740 0.536
 2817.4736 0.536
 2817.5732 0.537
 2817.6729 0.537
 2817.7725 0.537
 2817.8721 0.537
 2817.9717 0.537
 2818.0713 0.537
 2818.1709 0.537
 2818.2705 0.537
 2818.3701 0.537
 2818.4697 0.537
 2818.5693 0.537
 2818.6689 0.537
 2818.7686 0.537
 2818.8682 0.537
 2818.9678 0.536
 2819.0674 0.536
 2819.1670 0.536
 2819.2666 0.536
 2819.3662 0.536
 2819.4658 0.536
 2819.5654 0.536
 2819.6650 0.536
 2819.7646 0.537
 2819.8643 0.537
 2819.9639 0.537
 2820.0635 0.537
 2820.1631 0.537
 2820.2627 0.537
 2820.3623 0.537
 2820.4619 0.537
 2820.5615 0.537
 2820.6611 0.537
 2820.7607 0.537
 2820.8604 0.537
 2820.9600 0.537
 2821.0596 0.537
 2821.1592 0.538
 2821.2588 0.538
 2821.3584 0.538
 2821.4580 0.538
 2821.5576 0.538
 2821.6572 0.538
 2821.7568 0.538
 2821.8564 0.538
 2821.9561 0.538
 2822.0557 0.538
 2822.1553 0.538
 2822.2549 0.537
 2822.3545 0.537
 2822.4541 0.537
 2822.5537 0.537
 2822.6533 0.537
 2822.7529 0.537
 2822.8525 0.537
 2822.9521 0.537
 2823.0518 0.537
 2823.1514 0.537
 2823.2510 0.538
 2823.3506 0.538
 2823.4502 0.538
 2823.5498 0.538
 2823.6494 0.538
 2823.7490 0.538
 2823.8486 0.538
 2823.9482 0.538
 2824.0479 0.538
 2824.1475 0.538
 2824.2471 0.538
 2824.3467 0.538
 2824.4463 0.538
 2824.5459 0.539
 2824.6455 0.539
 2824.7451 0.539
 2824.8447 0.539
 2824.9443 0.539
 2825.0439 0.539
 2825.1436 0.539
 2825.2432 0.539
 2825.3428 0.539
 2825.4424 0.539
 2825.5420 0.538
 2825.6416 0.538
 2825.7412 0.538
 2825.8408 0.538
 2825.9404 0.538
 2826.0400 0.538
 2826.1396 0.538
 2826.2393 0.538
 2826.3389 0.538
 2826.4385 0.538
 2826.5381 0.538
 2826.6377 0.538
 2826.7373 0.539
 2826.8369 0.539
 2826.9365 0.539
 2827.0361 0.539
 2827.1357 0.539
 2827.2354 0.539
 2827.3350 0.539
 2827.4346 0.539
 2827.5342 0.539
 2827.6338 0.539
 2827.7334 0.539
 2827.8330 0.539
 2827.9326 0.539
 2828.0322 0.539
 2828.1318 0.538
 2828.2314 0.538
 2828.3311 0.538
 2828.4307 0.538
 2828.5303 0.538
 2828.6299 0.538
 2828.7295 0.538
 2828.8291 0.538
 2828.9287 0.538
 2829.0283 0.539
 2829.1279 0.539
 2829.2275 0.539
 2829.3271 0.539
 2829.4268 0.539
 2829.5264 0.540
 2829.6260 0.540
 2829.7256 0.540
 2829.8252 0.540
 2829.9248 0.540
 2830.0244 0.540
 2830.1240 0.540
 2830.2236 0.540
 2830.3232 0.540
 2830.4229 0.540
 2830.5225 0.540
 2830.6221 0.540
 2830.7217 0.540
 2830.8213 0.540
 2830.9209 0.540
 2831.0205 0.540
 2831.1201 0.540
 2831.2197 0.540
 2831.3193 0.540
 2831.4189 0.540
 2831.5186 0.540
 2831.6182 0.540
 2831.7178 0.540
 2831.8174 0.540
 2831.9170 0.541
 2832.0166 0.541
 2832.1162 0.541
 2832.2158 0.541
 2832.3154 0.541
 2832.4150 0.541
 2832.5146 0.541
 2832.6143 0.541
 2832.7139 0.541
 2832.8135 0.541
 2832.9131 0.541
 2833.0127 0.541
 2833.1123 0.541
 2833.2119 0.541
 2833.3115 0.541
 2833.4111 0.541
 2833.5107 0.541
 2833.6104 0.541
 2833.7100 0.541
 2833.8096 0.541
 2833.9092 0.541
 2834.0088 0.541
 2834.1084 0.541
 2834.2080 0.541
 2834.3076 0.541
 2834.4072 0.541
 2834.5068 0.541
 2834.6064 0.541
 2834.7061 0.541
 2834.8057 0.541
 2834.9053 0.541
 2835.0049 0.541
 2835.1045 0.541
 2835.2041 0.541
 2835.3037 0.541
 2835.4033 0.541
 2835.5029 0.541
 2835.6025 0.541
 2835.7021 0.541
 2835.8018 0.541
 2835.9014 0.540
 2836.0010 0.541
 2836.1006 0.541
 2836.2002 0.541
 2836.2998 0.541
 2836.3994 0.541
 2836.4990 0.541
 2836.5986 0.541
 2836.6982 0.541
 2836.7979 0.542
 2836.8975 0.542
 2836.9971 0.542
 2837.0967 0.542
 2837.1963 0.542
 2837.2959 0.542
 2837.3955 0.542
 2837.4951 0.542
 2837.5947 0.542
 2837.6943 0.542
 2837.7939 0.542
 2837.8936 0.542
 2837.9932 0.542
 2838.0928 0.542
 2838.1924 0.542
 2838.2920 0.542
 2838.3916 0.542
 2838.4912 0.542
 2838.5908 0.542
 2838.6904 0.542
 2838.7900 0.542
 2838.8896 0.542
 2838.9893 0.542
 2839.0889 0.542
 2839.1885 0.542
 2839.2881 0.542
 2839.3877 0.542
 2839.4873 0.543
 2839.5869 0.543
 2839.6865 0.543
 2839.7861 0.543
 2839.8857 0.543
 2839.9854 0.543
 2840.0850 0.543
 2840.1846 0.543
 2840.2842 0.542
 2840.3838 0.542
 2840.4834 0.542
 2840.5830 0.542
 2840.6826 0.542
 2840.7822 0.542
 2840.8818 0.542
 2840.9814 0.542
 2841.0811 0.542
 2841.1807 0.543
 2841.2803 0.543
 2841.3799 0.543
 2841.4795 0.543
 2841.5791 0.543
 2841.6787 0.543
 2841.7783 0.543
 2841.8779 0.543
 2841.9775 0.543
 2842.0771 0.543
 2842.1768 0.543
 2842.2764 0.543
 2842.3760 0.543
 2842.4756 0.543
 2842.5752 0.543
 2842.6748 0.543
 2842.7744 0.543
 2842.8740 0.542
 2842.9736 0.542
 2843.0732 0.542
 2843.1729 0.542
 2843.2725 0.542
 2843.3721 0.542
 2843.4717 0.542
 2843.5713 0.542
 2843.6709 0.542
 2843.7705 0.542
 2843.8701 0.542
 2843.9697 0.543
 2844.0693 0.543
 2844.1689 0.543
 2844.2686 0.543
 2844.3682 0.543
 2844.4678 0.544
 2844.5674 0.544
 2844.6670 0.544
 2844.7666 0.544
 2844.8662 0.543
 2844.9658 0.543
 2845.0654 0.543
 2845.1650 0.543
 2845.2646 0.543
 2845.3643 0.543
 2845.4639 0.543
 2845.5635 0.543
 2845.6631 0.543
 2845.7627 0.544
 2845.8623 0.544
 2845.9619 0.544
 2846.0615 0.544
 2846.1611 0.544
 2846.2607 0.544
 2846.3604 0.544
 2846.4600 0.544
 2846.5596 0.544
 2846.6592 0.545
 2846.7588 0.544
 2846.8584 0.545
 2846.9580 0.545
 2847.0576 0.545
 2847.1572 0.545
 2847.2568 0.545
 2847.3564 0.545
 2847.4561 0.545
 2847.5557 0.545
 2847.6553 0.545
 2847.7549 0.545
 2847.8545 0.545
 2847.9541 0.545
 2848.0537 0.545
 2848.1533 0.545
 2848.2529 0.544
 2848.3525 0.544
 2848.4521 0.544
 2848.5518 0.544
 2848.6514 0.544
 2848.7510 0.544
 2848.8506 0.544
 2848.9502 0.544
 2849.0498 0.544
 2849.1494 0.545
 2849.2490 0.545
 2849.3486 0.545
 2849.4482 0.545
 2849.5479 0.545
 2849.6475 0.545
 2849.7471 0.545
 2849.8467 0.545
 2849.9463 0.545
 2850.0459 0.545
 2850.1455 0.545
 2850.2451 0.545
 2850.3447 0.545
 2850.4443 0.545
 2850.5439 0.545
 2850.6436 0.546
 2850.7432 0.546
 2850.8428 0.546
 2850.9424 0.546
 2851.0420 0.546
 2851.1416 0.546
 2851.2412 0.545
 2851.3408 0.545
 2851.4404 0.545
 2851.5400 0.545
 2851.6396 0.545
 2851.7393 0.545
 2851.8389 0.545
 2851.9385 0.545
 2852.0381 0.545
 2852.1377 0.545
 2852.2373 0.545
 2852.3369 0.545
 2852.4365 0.546
 2852.5361 0.546
 2852.6357 0.546
 2852.7354 0.546
 2852.8350 0.546
 2852.9346 0.546
 2853.0342 0.546
 2853.1338 0.546
 2853.2334 0.546
 2853.3330 0.546
 2853.4326 0.546
 2853.5322 0.546
 2853.6318 0.546
 2853.7314 0.546
 2853.8311 0.546
 2853.9307 0.546
 2854.0303 0.546
 2854.1299 0.546
 2854.2295 0.546
 2854.3291 0.546
 2854.4287 0.546
 2854.5283 0.546
 2854.6279 0.546
 2854.7275 0.546
 2854.8271 0.546
 2854.9268 0.547
 2855.0264 0.547
 2855.1260 0.547
 2855.2256 0.547
 2855.3252 0.547
 2855.4248 0.547
 2855.5244 0.547
 2855.6240 0.547
 2855.7236 0.547
 2855.8232 0.547
 2855.9229 0.547
 2856.0225 0.547
 2856.1221 0.547
 2856.2217 0.547
 2856.3213 0.546
 2856.4209 0.546
 2856.5205 0.546
 2856.6201 0.546
 2856.7197 0.546
 2856.8193 0.546
 2856.9189 0.546
 2857.0186 0.546
 2857.1182 0.546
 2857.2178 0.547
 2857.3174 0.547
 2857.4170 0.547
 2857.5166 0.547
 2857.6162 0.547
 2857.7158 0.547
 2857.8154 0.548
 2857.9150 0.548
 2858.0146 0.548
 2858.1143 0.548
 2858.2139 0.548
 2858.3135 0.548
 2858.4131 0.548
 2858.5127 0.548
 2858.6123 0.548
 2858.7119 0.548
 2858.8115 0.548
 2858.9111 0.548
 2859.0107 0.547
 2859.1104 0.547
 2859.2100 0.547
 2859.3096 0.547
 2859.4092 0.547
 2859.5088 0.547
 2859.6084 0.547
 2859.7080 0.547
 2859.8076 0.547
 2859.9072 0.547
 2860.0068 0.548
 2860.1064 0.548
 2860.2061 0.548
 2860.3057 0.548
 2860.4053 0.548
 2860.5049 0.548
 2860.6045 0.548
 2860.7041 0.548
 2860.8037 0.548
 2860.9033 0.548
 2861.0029 0.548
 2861.1025 0.548
 2861.2021 0.548
 2861.3018 0.548
 2861.4014 0.548
 2861.5010 0.548
 2861.6006 0.548
 2861.7002 0.548
 2861.7998 0.548
 2861.8994 0.548
 2861.9990 0.548
 2862.0986 0.548
 2862.1982 0.548
 2862.2979 0.548
 2862.3975 0.548
 2862.4971 0.548
 2862.5967 0.549
 2862.6963 0.549
 2862.7959 0.549
 2862.8955 0.549
 2862.9951 0.549
 2863.0947 0.549
 2863.1943 0.549
 2863.2939 0.549
 2863.3936 0.549
 2863.4932 0.549
 2863.5928 0.549
 2863.6924 0.549
 2863.7920 0.549
 2863.8916 0.549
 2863.9912 0.549
 2864.0908 0.549
 2864.1904 0.549
 2864.2900 0.549
 2864.3896 0.549
 2864.4893 0.550
 2864.5889 0.550
 2864.6885 0.550
 2864.7881 0.550
 2864.8877 0.550
 2864.9873 0.550
 2865.0869 0.550
 2865.1865 0.550
 2865.2861 0.550
 2865.3857 0.550
 2865.4854 0.550
 2865.5850 0.550
 2865.6846 0.550
 2865.7842 0.550
 2865.8838 0.549
 2865.9834 0.549
 2866.0830 0.549
 2866.1826 0.549
 2866.2822 0.549
 2866.3818 0.549
 2866.4814 0.549
 2866.5811 0.550
 2866.6807 0.550
 2866.7803 0.550
 2866.8799 0.550
 2866.9795 0.550
 2867.0791 0.550
 2867.1787 0.550
 2867.2783 0.550
 2867.3779 0.551
 2867.4775 0.551
 2867.5771 0.551
 2867.6768 0.551
 2867.7764 0.551
 2867.8760 0.551
 2867.9756 0.550
 2868.0752 0.550
 2868.1748 0.550
 2868.2744 0.550
 2868.3740 0.550
 2868.4736 0.550
 2868.5732 0.550
 2868.6729 0.550
 2868.7725 0.550
 2868.8721 0.550
 2868.9717 0.550
 2869.0713 0.551
 2869.1709 0.551
 2869.2705 0.551
 2869.3701 0.551
 2869.4697 0.551
 2869.5693 0.551
 2869.6689 0.551
 2869.7686 0.551
 2869.8682 0.551
 2869.9678 0.551
 2870.0674 0.551
 2870.1670 0.551
 2870.2666 0.551
 2870.3662 0.551
 2870.4658 0.551
 2870.5654 0.551
 2870.6650 0.551
 2870.7646 0.552
 2870.8643 0.552
 2870.9639 0.552
 2871.0635 0.552
 2871.1631 0.551
 2871.2627 0.551
 2871.3623 0.551
 2871.4619 0.551
 2871.5615 0.551
 2871.6611 0.551
 2871.7607 0.551
 2871.8604 0.551
 2871.9600 0.551
 2872.0596 0.551
 2872.1592 0.551
 2872.2588 0.551
 2872.3584 0.551
 2872.4580 0.551
 2872.5576 0.551
 2872.6572 0.551
 2872.7568 0.551
 2872.8564 0.552
 2872.9561 0.552
 2873.0557 0.552
 2873.1553 0.552
 2873.2549 0.552
 2873.3545 0.552
 2873.4541 0.552
 2873.5537 0.552
 2873.6533 0.552
 2873.7529 0.552
 2873.8525 0.552
 2873.9521 0.552
 2874.0518 0.552
 2874.1514 0.552
 2874.2510 0.552
 2874.3506 0.552
 2874.4502 0.552
 2874.5498 0.552
 2874.6494 0.552
 2874.7490 0.552
 2874.8486 0.552
 2874.9482 0.552
 2875.0479 0.552
 2875.1475 0.552
 2875.2471 0.552
 2875.3467 0.552
 2875.4463 0.552
 2875.5459 0.552
 2875.6455 0.552
 2875.7451 0.552
 2875.8447 0.552
 2875.9443 0.552
 2876.0439 0.552
 2876.1436 0.552
 2876.2432 0.552
 2876.3428 0.552
 2876.4424 0.553
 2876.5420 0.553
 2876.6416 0.553
 2876.7412 0.553
 2876.8408 0.553
 2876.9404 0.553
 2877.0400 0.553
 2877.1396 0.553
 2877.2393 0.553
 2877.3389 0.553
 2877.4385 0.553
 2877.5381 0.553
 2877.6377 0.553
 2877.7373 0.553
 2877.8369 0.553
 2877.9365 0.553
 2878.0361 0.553
 2878.1357 0.553
 2878.2354 0.553
 2878.3350 0.553
 2878.4346 0.553
 2878.5342 0.553
 2878.6338 0.553
 2878.7334 0.553
 2878.8330 0.554
 2878.9326 0.554
 2879.0322 0.554
 2879.1318 0.554
 2879.2314 0.554
 2879.3311 0.554
 2879.4307 0.554
 2879.5303 0.554
 2879.6299 0.554
 2879.7295 0.554
 2879.8291 0.554
 2879.9287 0.554
 2880.0283 0.554
 2880.1279 0.554
 2880.2275 0.554
 2880.3271 0.553
 2880.4268 0.553
 2880.5264 0.553
 2880.6260 0.553
 2880.7256 0.553
 2880.8252 0.553
 2880.9248 0.553
 2881.0244 0.553
 2881.1240 0.553
 2881.2236 0.554
 2881.3232 0.554
 2881.4229 0.554
 2881.5225 0.554
 2881.6221 0.554
 2881.7217 0.554
 2881.8213 0.554
 2881.9209 0.554
 2882.0205 0.554
 2882.1201 0.554
 2882.2197 0.554
 2882.3193 0.554
 2882.4189 0.554
 2882.5186 0.554
 2882.6182 0.554
 2882.7178 0.554
 2882.8174 0.554
 2882.9170 0.554
 2883.0166 0.554
 2883.1162 0.554
 2883.2158 0.554
 2883.3154 0.554
 2883.4150 0.554
 2883.5146 0.554
 2883.6143 0.554
 2883.7139 0.555
 2883.8135 0.555
 2883.9131 0.555
 2884.0127 0.555
 2884.1123 0.555
 2884.2119 0.555
 2884.3115 0.555
 2884.4111 0.555
 2884.5107 0.555
 2884.6104 0.555
 2884.7100 0.555
 2884.8096 0.555
 2884.9092 0.555
 2885.0088 0.555
 2885.1084 0.555
 2885.2080 0.555
 2885.3076 0.555
 2885.4072 0.555
 2885.5068 0.555
 2885.6064 0.555
 2885.7061 0.555
 2885.8057 0.555
 2885.9053 0.556
 2886.0049 0.555
 2886.1045 0.556
 2886.2041 0.555
 2886.3037 0.555
 2886.4033 0.555
 2886.5029 0.556
 2886.6025 0.556
 2886.7021 0.556
 2886.8018 0.556
 2886.9014 0.556
 2887.0010 0.556
 2887.1006 0.556
 2887.2002 0.556
 2887.2998 0.555
 2887.3994 0.555
 2887.4990 0.555
 2887.5986 0.555
 2887.6982 0.555
 2887.7979 0.555
 2887.8975 0.555
 2887.9971 0.555
 2888.0967 0.555
 2888.1963 0.556
 2888.2959 0.556
 2888.3955 0.556
 2888.4951 0.556
 2888.5947 0.556
 2888.6943 0.556
 2888.7939 0.556
 2888.8936 0.556
 2888.9932 0.556
 2889.0928 0.556
 2889.1924 0.556
 2889.2920 0.556
 2889.3916 0.556
 2889.4912 0.556
 2889.5908 0.556
 2889.6904 0.556
 2889.7900 0.556
 2889.8896 0.556
 2889.9893 0.556
 2890.0889 0.556
 2890.1885 0.556
 2890.2881 0.556
 2890.3877 0.556
 2890.4873 0.556
 2890.5869 0.556
 2890.6865 0.556
 2890.7861 0.556
 2890.8857 0.556
 2890.9854 0.556
 2891.0850 0.556
 2891.1846 0.556
 2891.2842 0.556
 2891.3838 0.556
 2891.4834 0.557
 2891.5830 0.557
 2891.6826 0.557
 2891.7822 0.557
 2891.8818 0.557
 2891.9814 0.557
 2892.0811 0.557
 2892.1807 0.557
 2892.2803 0.556
 2892.3799 0.556
 2892.4795 0.556
 2892.5791 0.556
 2892.6787 0.556
 2892.7783 0.556
 2892.8779 0.556
 2892.9775 0.556
 2893.0771 0.557
 2893.1768 0.557
 2893.2764 0.557
 2893.3760 0.557
 2893.4756 0.557
 2893.5752 0.557
 2893.6748 0.557
 2893.7744 0.557
 2893.8740 0.556
 2893.9736 0.556
 2894.0732 0.556
 2894.1729 0.556
 2894.2725 0.556
 2894.3721 0.556
 2894.4717 0.557
 2894.5713 0.557
 2894.6709 0.557
 2894.7705 0.557
 2894.8701 0.557
 2894.9697 0.558
 2895.0693 0.558
 2895.1689 0.558
 2895.2686 0.558
 2895.3682 0.558
 2895.4678 0.558
 2895.5674 0.558
 2895.6670 0.558
 2895.7666 0.558
 2895.8662 0.558
 2895.9658 0.558
 2896.0654 0.558
 2896.1650 0.558
 2896.2646 0.558
 2896.3643 0.558
 2896.4639 0.558
 2896.5635 0.558
 2896.6631 0.558
 2896.7627 0.558
 2896.8623 0.557
 2896.9619 0.558
 2897.0615 0.558
 2897.1611 0.558
 2897.2607 0.558
 2897.3604 0.558
 2897.4600 0.558
 2897.5596 0.559
 2897.6592 0.559
 2897.7588 0.559
 2897.8584 0.559
 2897.9580 0.559
 2898.0576 0.559
 2898.1572 0.559
 2898.2568 0.558
 2898.3564 0.558
 2898.4561 0.558
 2898.5557 0.558
 2898.6553 0.558
 2898.7549 0.558
 2898.8545 0.558
 2898.9541 0.558
 2899.0537 0.558
 2899.1533 0.558
 2899.2529 0.559
 2899.3525 0.559
 2899.4521 0.559
 2899.5518 0.559
 2899.6514 0.559
 2899.7510 0.559
 2899.8506 0.559
 2899.9502 0.559
 2900.0498 0.559
 2900.1494 0.559
 2900.2490 0.559
 2900.3486 0.559
 2900.4482 0.559
 2900.5479 0.559
 2900.6475 0.559
 2900.7471 0.559
 2900.8467 0.559
 2900.9463 0.559
 2901.0459 0.559
 2901.1455 0.559
 2901.2451 0.560
 2901.3447 0.560
 2901.4443 0.560
 2901.5439 0.560
 2901.6436 0.560
 2901.7432 0.560
 2901.8428 0.560
 2901.9424 0.560
 2902.0420 0.560
 2902.1416 0.560
 2902.2412 0.560
 2902.3408 0.560
 2902.4404 0.560
 2902.5400 0.560
 2902.6396 0.560
 2902.7393 0.560
 2902.8389 0.560
 2902.9385 0.560
 2903.0381 0.560
 2903.1377 0.560
 2903.2373 0.560
 2903.3369 0.560
 2903.4365 0.560
 2903.5361 0.560
 2903.6357 0.560
 2903.7354 0.560
 2903.8350 0.560
 2903.9346 0.560
 2904.0342 0.560
 2904.1338 0.560
 2904.2334 0.560
 2904.3330 0.560
 2904.4326 0.560
 2904.5322 0.560
 2904.6318 0.560
 2904.7314 0.560
 2904.8311 0.560
 2904.9307 0.560
 2905.0303 0.561
 2905.1299 0.561
 2905.2295 0.561
 2905.3291 0.561
 2905.4287 0.561
 2905.5283 0.561
 2905.6279 0.561
 2905.7275 0.561
 2905.8271 0.561
 2905.9268 0.561
 2906.0264 0.560
 2906.1260 0.560
 2906.2256 0.560
 2906.3252 0.560
 2906.4248 0.560
 2906.5244 0.560
 2906.6240 0.560
 2906.7236 0.560
 2906.8232 0.560
 2906.9229 0.560
 2907.0225 0.560
 2907.1221 0.561
 2907.2217 0.561
 2907.3213 0.561
 2907.4209 0.561
 2907.5205 0.561
 2907.6201 0.561
 2907.7197 0.561
 2907.8193 0.561
 2907.9189 0.561
 2908.0186 0.561
 2908.1182 0.561
 2908.2178 0.561
 2908.3174 0.561
 2908.4170 0.562
 2908.5166 0.562
 2908.6162 0.562
 2908.7158 0.562
 2908.8154 0.562
 2908.9150 0.562
 2909.0146 0.562
 2909.1143 0.561
 2909.2139 0.561
 2909.3135 0.561
 2909.4131 0.561
 2909.5127 0.561
 2909.6123 0.561
 2909.7119 0.562
 2909.8115 0.562
 2909.9111 0.562
 2910.0107 0.562
 2910.1104 0.562
 2910.2100 0.562
 2910.3096 0.562
 2910.4092 0.562
 2910.5088 0.562
 2910.6084 0.562
 2910.7080 0.562
 2910.8076 0.562
 2910.9072 0.562
 2911.0068 0.562
 2911.1064 0.562
 2911.2061 0.562
 2911.3057 0.562
 2911.4053 0.562
 2911.5049 0.562
 2911.6045 0.563
 2911.7041 0.563
 2911.8037 0.562
 2911.9033 0.562
 2912.0029 0.562
 2912.1025 0.562
 2912.2021 0.562
 2912.3018 0.562
 2912.4014 0.562
 2912.5010 0.562
 2912.6006 0.562
 2912.7002 0.562
 2912.7998 0.562
 2912.8994 0.562
 2912.9990 0.562
 2913.0986 0.562
 2913.1982 0.562
 2913.2979 0.563
 2913.3975 0.563
 2913.4971 0.563
 2913.5967 0.563
 2913.6963 0.563
 2913.7959 0.563
 2913.8955 0.563
 2913.9951 0.563
 2914.0947 0.563
 2914.1943 0.563
 2914.2939 0.563
 2914.3936 0.563
 2914.4932 0.563
 2914.5928 0.563
 2914.6924 0.563
 2914.7920 0.563
 2914.8916 0.563
 2914.9912 0.563
 2915.0908 0.563
 2915.1904 0.563
 2915.2900 0.564
 2915.3896 0.564
 2915.4893 0.564
 2915.5889 0.564
 2915.6885 0.564
 2915.7881 0.564
 2915.8877 0.564
 2915.9873 0.564
 2916.0869 0.564
 2916.1865 0.564
 2916.2861 0.564
 2916.3857 0.564
 2916.4854 0.564
 2916.5850 0.564
 2916.6846 0.564
 2916.7842 0.564
 2916.8838 0.563
 2916.9834 0.563
 2917.0830 0.563
 2917.1826 0.563
 2917.2822 0.563
 2917.3818 0.563
 2917.4814 0.563
 2917.5811 0.563
 2917.6807 0.563
 2917.7803 0.563
 2917.8799 0.563
 2917.9795 0.563
 2918.0791 0.564
 2918.1787 0.564
 2918.2783 0.564
 2918.3779 0.564
 2918.4775 0.564
 2918.5771 0.564
 2918.6768 0.564
 2918.7764 0.564
 2918.8760 0.564
 2918.9756 0.564
 2919.0752 0.565
 2919.1748 0.565
 2919.2744 0.565
 2919.3740 0.565
 2919.4736 0.565
 2919.5732 0.565
 2919.6729 0.565
 2919.7725 0.565
 2919.8721 0.565
 2919.9717 0.564
 2920.0713 0.564
 2920.1709 0.564
 2920.2705 0.564
 2920.3701 0.564
 2920.4697 0.564
 2920.5693 0.564
 2920.6689 0.565
 2920.7686 0.565
 2920.8682 0.565
 2920.9678 0.565
 2921.0674 0.565
 2921.1670 0.565
 2921.2666 0.565
 2921.3662 0.565
 2921.4658 0.565
 2921.5654 0.565
 2921.6650 0.565
 2921.7646 0.565
 2921.8643 0.565
 2921.9639 0.566
 2922.0635 0.566
 2922.1631 0.566
 2922.2627 0.566
 2922.3623 0.566
 2922.4619 0.566
 2922.5615 0.566
 2922.6611 0.566
 2922.7607 0.566
 2922.8604 0.566
 2922.9600 0.566
 2923.0596 0.566
 2923.1592 0.566
 2923.2588 0.566
 2923.3584 0.566
 2923.4580 0.566
 2923.5576 0.566
 2923.6572 0.566
 2923.7568 0.566
 2923.8564 0.566
 2923.9561 0.566
 2924.0557 0.566
 2924.1553 0.566
 2924.2549 0.566
 2924.3545 0.566
 2924.4541 0.566
 2924.5537 0.566
 2924.6533 0.566
 2924.7529 0.566
 2924.8525 0.566
 2924.9521 0.566
 2925.0518 0.566
 2925.1514 0.566
 2925.2510 0.566
 2925.3506 0.566
 2925.4502 0.566
 2925.5498 0.566
 2925.6494 0.566
 2925.7490 0.566
 2925.8486 0.566
 2925.9482 0.566
 2926.0479 0.566
 2926.1475 0.566
 2926.2471 0.566
 2926.3467 0.566
 2926.4463 0.566
 2926.5459 0.566
 2926.6455 0.566
 2926.7451 0.566
 2926.8447 0.566
 2926.9443 0.566
 2927.0439 0.566
 2927.1436 0.566
 2927.2432 0.566
 2927.3428 0.566
 2927.4424 0.566
 2927.5420 0.566
 2927.6416 0.566
 2927.7412 0.566
 2927.8408 0.566
 2927.9404 0.566
 2928.0400 0.567
 2928.1396 0.567
 2928.2393 0.567
 2928.3389 0.567
 2928.4385 0.567
 2928.5381 0.567
 2928.6377 0.567
 2928.7373 0.567
 2928.8369 0.567
 2928.9365 0.567
 2929.0361 0.567
 2929.1357 0.567
 2929.2354 0.567
 2929.3350 0.567
 2929.4346 0.567
 2929.5342 0.567
 2929.6338 0.567
 2929.7334 0.567
 2929.8330 0.567
 2929.9326 0.567
 2930.0322 0.567
 2930.1318 0.567
 2930.2314 0.568
 2930.3311 0.568
 2930.4307 0.568
 2930.5303 0.568
 2930.6299 0.568
 2930.7295 0.568
 2930.8291 0.568
 2930.9287 0.568
 2931.0283 0.568
 2931.1279 0.568
 2931.2275 0.567
 2931.3271 0.567
 2931.4268 0.567
 2931.5264 0.567
 2931.6260 0.567
 2931.7256 0.567
 2931.8252 0.567
 2931.9248 0.567
 2932.0244 0.567
 2932.1240 0.568
 2932.2236 0.568
 2932.3232 0.568
 2932.4229 0.568
 2932.5225 0.568
 2932.6221 0.568
 2932.7217 0.568
 2932.8213 0.568
 2932.9209 0.568
 2933.0205 0.568
 2933.1201 0.568
 2933.2197 0.568
 2933.3193 0.568
 2933.4189 0.568
 2933.5186 0.568
 2933.6182 0.568
 2933.7178 0.569
 2933.8174 0.569
 2933.9170 0.568
 2934.0166 0.568
 2934.1162 0.568
 2934.2158 0.568
 2934.3154 0.568
 2934.4150 0.568
 2934.5146 0.568
 2934.6143 0.568
 2934.7139 0.568
 2934.8135 0.568
 2934.9131 0.568
 2935.0127 0.568
 2935.1123 0.568
 2935.2119 0.568
 2935.3115 0.568
 2935.4111 0.568
 2935.5107 0.569
 2935.6104 0.569
 2935.7100 0.569
 2935.8096 0.569
 2935.9092 0.569
 2936.0088 0.569
 2936.1084 0.569
 2936.2080 0.569
 2936.3076 0.569
 2936.4072 0.569
 2936.5068 0.569
 2936.6064 0.569
 2936.7061 0.570
 2936.8057 0.570
 2936.9053 0.569
 2937.0049 0.569
 2937.1045 0.569
 2937.2041 0.569
 2937.3037 0.569
 2937.4033 0.569
 2937.5029 0.569
 2937.6025 0.569
 2937.7021 0.569
 2937.8018 0.569
 2937.9014 0.569
 2938.0010 0.569
 2938.1006 0.569
 2938.2002 0.569
 2938.2998 0.569
 2938.3994 0.570
 2938.4990 0.570
 2938.5986 0.570
 2938.6982 0.570
 2938.7979 0.570
 2938.8975 0.570
 2938.9971 0.570
 2939.0967 0.570
 2939.1963 0.570
 2939.2959 0.570
 2939.3955 0.570
 2939.4951 0.570
 2939.5947 0.570
 2939.6943 0.570
 2939.7939 0.570
 2939.8936 0.570
 2939.9932 0.570
 2940.0928 0.570
 2940.1924 0.570
 2940.2920 0.569
 2940.3916 0.569
 2940.4912 0.569
 2940.5908 0.569
 2940.6904 0.569
 2940.7900 0.569
 2940.8896 0.569
 2940.9893 0.570
 2941.0889 0.570
 2941.1885 0.570
 2941.2881 0.570
 2941.3877 0.570
 2941.4873 0.571
 2941.5869 0.571
 2941.6865 0.571
 2941.7861 0.570
 2941.8857 0.570
 2941.9854 0.570
 2942.0850 0.570
 2942.1846 0.570
 2942.2842 0.570
 2942.3838 0.570
 2942.4834 0.570
 2942.5830 0.570
 2942.6826 0.570
 2942.7822 0.570
 2942.8818 0.571
 2942.9814 0.571
 2943.0811 0.571
 2943.1807 0.571
 2943.2803 0.571
 2943.3799 0.571
 2943.4795 0.571
 2943.5791 0.571
 2943.6787 0.571
 2943.7783 0.571
 2943.8779 0.571
 2943.9775 0.571
 2944.0771 0.571
 2944.1768 0.571
 2944.2764 0.570
 2944.3760 0.570
 2944.4756 0.570
 2944.5752 0.570
 2944.6748 0.571
 2944.7744 0.571
 2944.8740 0.571
 2944.9736 0.571
 2945.0732 0.571
 2945.1729 0.572
 2945.2725 0.572
 2945.3721 0.572
 2945.4717 0.572
 2945.5713 0.572
 2945.6709 0.572
 2945.7705 0.571
 2945.8701 0.571
 2945.9697 0.571
 2946.0693 0.571
 2946.1689 0.571
 2946.2686 0.571
 2946.3682 0.571
 2946.4678 0.571
 2946.5674 0.571
 2946.6670 0.571
 2946.7666 0.571
 2946.8662 0.571
 2946.9658 0.571
 2947.0654 0.572
 2947.1650 0.572
 2947.2646 0.572
 2947.3643 0.572
 2947.4639 0.572
 2947.5635 0.572
 2947.6631 0.573
 2947.7627 0.573
 2947.8623 0.573
 2947.9619 0.572
 2948.0615 0.572
 2948.1611 0.572
 2948.2607 0.572
 2948.3604 0.572
 2948.4600 0.572
 2948.5596 0.572
 2948.6592 0.572
 2948.7588 0.572
 2948.8584 0.572
 2948.9580 0.572
 2949.0576 0.572
 2949.1572 0.573
 2949.2568 0.573
 2949.3564 0.573
 2949.4561 0.573
 2949.5557 0.573
 2949.6553 0.573
 2949.7549 0.573
 2949.8545 0.573
 2949.9541 0.573
 2950.0537 0.573
 2950.1533 0.573
 2950.2529 0.573
 2950.3525 0.573
 2950.4521 0.573
 2950.5518 0.573
 2950.6514 0.573
 2950.7510 0.573
 2950.8506 0.573
 2950.9502 0.573
 2951.0498 0.573
 2951.1494 0.573
 2951.2490 0.573
 2951.3486 0.573
 2951.4482 0.573
 2951.5479 0.573
 2951.6475 0.573
 2951.7471 0.573
 2951.8467 0.573
 2951.9463 0.573
 2952.0459 0.573
 2952.1455 0.573
 2952.2451 0.573
 2952.3447 0.574
 2952.4443 0.574
 2952.5439 0.574
 2952.6436 0.574
 2952.7432 0.574
 2952.8428 0.574
 2952.9424 0.574
 2953.0420 0.574
 2953.1416 0.574
 2953.2412 0.574
 2953.3408 0.574
 2953.4404 0.574
 2953.5400 0.574
 2953.6396 0.574
 2953.7393 0.574
 2953.8389 0.574
 2953.9385 0.574
 2954.0381 0.573
 2954.1377 0.573
 2954.2373 0.573
 2954.3369 0.573
 2954.4365 0.573
 2954.5361 0.574
 2954.6357 0.574
 2954.7354 0.574
 2954.8350 0.574
 2954.9346 0.575
 2955.0342 0.575
 2955.1338 0.575
 2955.2334 0.575
 2955.3330 0.574
 2955.4326 0.574
 2955.5322 0.574
 2955.6318 0.574
 2955.7314 0.574
 2955.8311 0.574
 2955.9307 0.574
 2956.0303 0.574
 2956.1299 0.574
 2956.2295 0.574
 2956.3291 0.574
 2956.4287 0.575
 2956.5283 0.575
 2956.6279 0.575
 2956.7275 0.575
 2956.8271 0.575
 2956.9268 0.575
 2957.0264 0.575
 2957.1260 0.575
 2957.2256 0.575
 2957.3252 0.575
 2957.4248 0.575
 2957.5244 0.575
 2957.6240 0.575
 2957.7236 0.575
 2957.8232 0.576
 2957.9229 0.576
 2958.0225 0.576
 2958.1221 0.576
 2958.2217 0.576
 2958.3213 0.576
 2958.4209 0.576
 2958.5205 0.576
 2958.6201 0.576
 2958.7197 0.576
 2958.8193 0.576
 2958.9189 0.576
 2959.0186 0.576
 2959.1182 0.576
 2959.2178 0.576
 2959.3174 0.576
 2959.4170 0.576
 2959.5166 0.576
 2959.6162 0.576
 2959.7158 0.576
 2959.8154 0.576
 2959.9150 0.576
 2960.0146 0.576
 2960.1143 0.576
 2960.2139 0.576
 2960.3135 0.575
 2960.4131 0.575
 2960.5127 0.575
 2960.6123 0.575
 2960.7119 0.575
 2960.8115 0.575
 2960.9111 0.575
 2961.0107 0.575
 2961.1104 0.575
 2961.2100 0.576
 2961.3096 0.576
 2961.4092 0.576
 2961.5088 0.576
 2961.6084 0.576
 2961.7080 0.576
 2961.8076 0.576
 2961.9072 0.576
 2962.0068 0.576
 2962.1064 0.577
 2962.2061 0.577
 2962.3057 0.577
 2962.4053 0.576
 2962.5049 0.576
 2962.6045 0.576
 2962.7041 0.576
 2962.8037 0.576
 2962.9033 0.576
 2963.0029 0.576
 2963.1025 0.576
 2963.2021 0.576
 2963.3018 0.576
 2963.4014 0.576
 2963.5010 0.576
 2963.6006 0.576
 2963.7002 0.576
 2963.7998 0.576
 2963.8994 0.576
 2963.9990 0.577
 2964.0986 0.577
 2964.1982 0.577
 2964.2979 0.577
 2964.3975 0.577
 2964.4971 0.577
 2964.5967 0.577
 2964.6963 0.577
 2964.7959 0.577
 2964.8955 0.577
 2964.9951 0.577
 2965.0947 0.577
 2965.1943 0.577
 2965.2939 0.577
 2965.3936 0.577
 2965.4932 0.577
 2965.5928 0.578
 2965.6924 0.578
 2965.7920 0.578
 2965.8916 0.578
 2965.9912 0.577
 2966.0908 0.577
 2966.1904 0.577
 2966.2900 0.577
 2966.3896 0.577
 2966.4893 0.577
 2966.5889 0.577
 2966.6885 0.577
 2966.7881 0.577
 2966.8877 0.577
 2966.9873 0.577
 2967.0869 0.578
 2967.1865 0.578
 2967.2861 0.578
 2967.3857 0.578
 2967.4854 0.578
 2967.5850 0.578
 2967.6846 0.578
 2967.7842 0.578
 2967.8838 0.578
 2967.9834 0.578
 2968.0830 0.578
 2968.1826 0.578
 2968.2822 0.578
 2968.3818 0.578
 2968.4814 0.578
 2968.5811 0.578
 2968.6807 0.578
 2968.7803 0.578
 2968.8799 0.578
 2968.9795 0.578
 2969.0791 0.578
 2969.1787 0.578
 2969.2783 0.578
 2969.3779 0.578
 2969.4775 0.578
 2969.5771 0.578
 2969.6768 0.578
 2969.7764 0.578
 2969.8760 0.578
 2969.9756 0.578
 2970.0752 0.578
 2970.1748 0.578
 2970.2744 0.578
 2970.3740 0.578
 2970.4736 0.578
 2970.5732 0.578
 2970.6729 0.578
 2970.7725 0.578
 2970.8721 0.578
 2970.9717 0.578
 2971.0713 0.578
 2971.1709 0.578
 2971.2705 0.579
 2971.3701 0.579
 2971.4697 0.579
 2971.5693 0.579
 2971.6689 0.579
 2971.7686 0.579
 2971.8682 0.579
 2971.9678 0.579
 2972.0674 0.579
 2972.1670 0.579
 2972.2666 0.579
 2972.3662 0.579
 2972.4658 0.579
 2972.5654 0.579
 2972.6650 0.579
 2972.7646 0.579
 2972.8643 0.579
 2972.9639 0.579
 2973.0635 0.579
 2973.1631 0.579
 2973.2627 0.579
 2973.3623 0.579
 2973.4619 0.579
 2973.5615 0.579
 2973.6611 0.579
 2973.7607 0.579
 2973.8604 0.579
 2973.9600 0.579
 2974.0596 0.579
 2974.1592 0.579
 2974.2588 0.579
 2974.3584 0.579
 2974.4580 0.579
 2974.5576 0.579
 2974.6572 0.579
 2974.7568 0.579
 2974.8564 0.579
 2974.9561 0.580
 2975.0557 0.580
 2975.1553 0.580
 2975.2549 0.580
 2975.3545 0.580
 2975.4541 0.580
 2975.5537 0.580
 2975.6533 0.580
 2975.7529 0.580
 2975.8525 0.580
 2975.9521 0.580
 2976.0518 0.580
 2976.1514 0.579
 2976.2510 0.579
 2976.3506 0.579
 2976.4502 0.579
 2976.5498 0.579
 2976.6494 0.579
 2976.7490 0.579
 2976.8486 0.579
 2976.9482 0.579
 2977.0479 0.580
 2977.1475 0.580
 2977.2471 0.580
 2977.3467 0.580
 2977.4463 0.581
 2977.5459 0.581
 2977.6455 0.581
 2977.7451 0.580
 2977.8447 0.580
 2977.9443 0.580
 2978.0439 0.580
 2978.1436 0.580
 2978.2432 0.580
 2978.3428 0.580
 2978.4424 0.580
 2978.5420 0.580
 2978.6416 0.580
 2978.7412 0.580
 2978.8408 0.580
 2978.9404 0.580
 2979.0400 0.581
 2979.1396 0.581
 2979.2393 0.581
 2979.3389 0.581
 2979.4385 0.581
 2979.5381 0.581
 2979.6377 0.581
 2979.7373 0.581
 2979.8369 0.581
 2979.9365 0.581
 2980.0361 0.581
 2980.1357 0.581
 2980.2354 0.581
 2980.3350 0.581
 2980.4346 0.580
 2980.5342 0.580
 2980.6338 0.580
 2980.7334 0.580
 2980.8330 0.580
 2980.9326 0.580
 2981.0322 0.580
 2981.1318 0.580
 2981.2314 0.580
 2981.3311 0.580
 2981.4307 0.581
 2981.5303 0.581
 2981.6299 0.581
 2981.7295 0.581
 2981.8291 0.581
 2981.9287 0.581
 2982.0283 0.582
 2982.1279 0.582
 2982.2275 0.582
 2982.3271 0.582
 2982.4268 0.582
 2982.5264 0.582
 2982.6260 0.582
 2982.7256 0.582
 2982.8252 0.582
 2982.9248 0.582
 2983.0244 0.582
 2983.1240 0.582
 2983.2236 0.582
 2983.3232 0.582
 2983.4229 0.582
 2983.5225 0.582
 2983.6221 0.582
 2983.7217 0.582
 2983.8213 0.582
 2983.9209 0.582
 2984.0205 0.582
 2984.1201 0.582
 2984.2197 0.582
 2984.3193 0.582
 2984.4189 0.582
 2984.5186 0.582
 2984.6182 0.582
 2984.7178 0.583
 2984.8174 0.583
 2984.9170 0.583
 2985.0166 0.583
 2985.1162 0.583
 2985.2158 0.582
 2985.3154 0.582
 2985.4150 0.582
 2985.5146 0.582
 2985.6143 0.582
 2985.7139 0.582
 2985.8135 0.582
 2985.9131 0.582
 2986.0127 0.582
 2986.1123 0.582
 2986.2119 0.582
 2986.3115 0.582
 2986.4111 0.582
 2986.5107 0.582
 2986.6104 0.583
 2986.7100 0.583
 2986.8096 0.583
 2986.9092 0.583
 2987.0088 0.583
 2987.1084 0.583
 2987.2080 0.583
 2987.3076 0.583
 2987.4072 0.583
 2987.5068 0.582
 2987.6064 0.582
 2987.7061 0.582
 2987.8057 0.582
 2987.9053 0.582
 2988.0049 0.582
 2988.1045 0.582
 2988.2041 0.583
 2988.3037 0.583
 2988.4033 0.583
 2988.5029 0.583
 2988.6025 0.583
 2988.7021 0.583
 2988.8018 0.583
 2988.9014 0.583
 2989.0010 0.583
 2989.1006 0.583
 2989.2002 0.583
 2989.2998 0.583
 2989.3994 0.583
 2989.4990 0.583
 2989.5986 0.583
 2989.6982 0.583
 2989.7979 0.583
 2989.8975 0.583
 2989.9971 0.583
 2990.0967 0.583
 2990.1963 0.583
 2990.2959 0.584
 2990.3955 0.584
 2990.4951 0.584
 2990.5947 0.584
 2990.6943 0.584
 2990.7939 0.583
 2990.8936 0.583
 2990.9932 0.583
 2991.0928 0.583
 2991.1924 0.583
 2991.2920 0.583
 2991.3916 0.583
 2991.4912 0.583
 2991.5908 0.583
 2991.6904 0.583
 2991.7900 0.583
 2991.8896 0.584
 2991.9893 0.584
 2992.0889 0.584
 2992.1885 0.584
 2992.2881 0.584
 2992.3877 0.584
 2992.4873 0.584
 2992.5869 0.584
 2992.6865 0.584
 2992.7861 0.584
 2992.8857 0.584
 2992.9854 0.583
 2993.0850 0.583
 2993.1846 0.583
 2993.2842 0.583
 2993.3838 0.583
 2993.4834 0.583
 2993.5830 0.584
 2993.6826 0.584
 2993.7822 0.584
 2993.8818 0.584
 2993.9814 0.584
 2994.0811 0.585
 2994.1807 0.585
 2994.2803 0.585
 2994.3799 0.585
 2994.4795 0.585
 2994.5791 0.585
 2994.6787 0.585
 2994.7783 0.585
 2994.8779 0.585
 2994.9775 0.585
 2995.0771 0.585
 2995.1768 0.585
 2995.2764 0.585
 2995.3760 0.585
 2995.4756 0.585
 2995.5752 0.585
 2995.6748 0.585
 2995.7744 0.584
 2995.8740 0.584
 2995.9736 0.584
 2996.0732 0.584
 2996.1729 0.584
 2996.2725 0.584
 2996.3721 0.585
 2996.4717 0.585
 2996.5713 0.585
 2996.6709 0.585
 2996.7705 0.585
 2996.8701 0.585
 2996.9697 0.585
 2997.0693 0.586
 2997.1689 0.586
 2997.2686 0.586
 2997.3682 0.585
 2997.4678 0.585
 2997.5674 0.585
 2997.6670 0.585
 2997.7666 0.585
 2997.8662 0.585
 2997.9658 0.585
 2998.0654 0.585
 2998.1650 0.585
 2998.2646 0.585
 2998.3643 0.585
 2998.4639 0.586
 2998.5635 0.586
 2998.6631 0.586
 2998.7627 0.586
 2998.8623 0.586
 2998.9619 0.586
 2999.0615 0.586
 2999.1611 0.586
 2999.2607 0.586
 2999.3604 0.586
 2999.4600 0.586
 2999.5596 0.586
 2999.6592 0.586
 2999.7588 0.586
 2999.8584 0.587
 2999.9580 0.587
 3000.0576 0.587
 3000.1572 0.587
 3000.2568 0.587
 3000.3564 0.587
 3000.4561 0.587
 3000.5557 0.587
 3000.6553 0.587
 3000.7549 0.587
 3000.8545 0.587
 3000.9541 0.587
 3001.0537 0.587
 3001.1533 0.587
 3001.2529 0.587
 3001.3525 0.587
 3001.4521 0.587
 3001.5518 0.587
 3001.6514 0.587
 3001.7510 0.587
 3001.8506 0.587
 3001.9502 0.587
 3002.0498 0.587
 3002.1494 0.587
 3002.2490 0.587
 3002.3486 0.587
 3002.4482 0.586
 3002.5479 0.586
 3002.6475 0.586
 3002.7471 0.586
 3002.8467 0.586
 3002.9463 0.586
 3003.0459 0.586
 3003.1455 0.586
 3003.2451 0.587
 3003.3447 0.587
 3003.4443 0.587
 3003.5439 0.587
 3003.6436 0.587
 3003.7432 0.587
 3003.8428 0.587
 3003.9424 0.587
 3004.0420 0.587
 3004.1416 0.587
 3004.2412 0.587
 3004.3408 0.588
 3004.4404 0.588
 3004.5400 0.588
 3004.6396 0.588
 3004.7393 0.588
 3004.8389 0.588
 3004.9385 0.588
 3005.0381 0.588
 3005.1377 0.588
 3005.2373 0.588
 3005.3369 0.588
 3005.4365 0.588
 3005.5361 0.588
 3005.6357 0.588
 3005.7354 0.588
 3005.8350 0.588
 3005.9346 0.588
 3006.0342 0.588
 3006.1338 0.588
 3006.2334 0.588
 3006.3330 0.588
 3006.4326 0.588
 3006.5322 0.588
 3006.6318 0.588
 3006.7314 0.588
 3006.8311 0.587
 3006.9307 0.587
 3007.0303 0.587
 3007.1299 0.587
 3007.2295 0.587
 3007.3291 0.587
 3007.4287 0.588
 3007.5283 0.588
 3007.6279 0.588
 3007.7275 0.588
 3007.8271 0.588
 3007.9268 0.588
 3008.0264 0.588
 3008.1260 0.588
 3008.2256 0.588
 3008.3252 0.588
 3008.4248 0.588
 3008.5244 0.588
 3008.6240 0.588
 3008.7236 0.588
 3008.8232 0.588
 3008.9229 0.588
 3009.0225 0.588
 3009.1221 0.588
 3009.2217 0.588
 3009.3213 0.588
 3009.4209 0.588
 3009.5205 0.588
 3009.6201 0.588
 3009.7197 0.589
 3009.8193 0.589
 3009.9189 0.589
 3010.0186 0.589
 3010.1182 0.589
 3010.2178 0.589
 3010.3174 0.589
 3010.4170 0.589
 3010.5166 0.589
 3010.6162 0.589
 3010.7158 0.589
 3010.8154 0.589
 3010.9150 0.589
 3011.0146 0.589
 3011.1143 0.589
 3011.2139 0.589
 3011.3135 0.589
 3011.4131 0.589
 3011.5127 0.589
 3011.6123 0.589
 3011.7119 0.589
 3011.8115 0.589
 3011.9111 0.589
 3012.0107 0.589
 3012.1104 0.589
 3012.2100 0.589
 3012.3096 0.589
 3012.4092 0.589
 3012.5088 0.589
 3012.6084 0.589
 3012.7080 0.589
 3012.8076 0.589
 3012.9072 0.589
 3013.0068 0.589
 3013.1064 0.589
 3013.2061 0.589
 3013.3057 0.589
 3013.4053 0.589
 3013.5049 0.590
 3013.6045 0.590
 3013.7041 0.590
 3013.8037 0.590
 3013.9033 0.590
 3014.0029 0.590
 3014.1025 0.590
 3014.2021 0.590
 3014.3018 0.590
 3014.4014 0.590
 3014.5010 0.590
 3014.6006 0.590
 3014.7002 0.590
 3014.7998 0.590
 3014.8994 0.589
 3014.9990 0.589
 3015.0986 0.589
 3015.1982 0.589
 3015.2979 0.589
 3015.3975 0.589
 3015.4971 0.589
 3015.5967 0.589
 3015.6963 0.590
 3015.7959 0.590
 3015.8955 0.590
 3015.9951 0.590
 3016.0947 0.590
 3016.1943 0.590
 3016.2939 0.590
 3016.3936 0.590
 3016.4932 0.590
 3016.5928 0.590
 3016.6924 0.590
 3016.7920 0.590
 3016.8916 0.590
 3016.9912 0.590
 3017.0908 0.590
 3017.1904 0.590
 3017.2900 0.590
 3017.3896 0.590
 3017.4893 0.590
 3017.5889 0.590
 3017.6885 0.590
 3017.7881 0.590
 3017.8877 0.590
 3017.9873 0.590
 3018.0869 0.590
 3018.1865 0.590
 3018.2861 0.591
 3018.3857 0.591
 3018.4854 0.591
 3018.5850 0.591
 3018.6846 0.591
 3018.7842 0.591
 3018.8838 0.591
 3018.9834 0.591
 3019.0830 0.591
 3019.1826 0.591
 3019.2822 0.592
 3019.3818 0.592
 3019.4814 0.592
 3019.5811 0.592
 3019.6807 0.592
 3019.7803 0.591
 3019.8799 0.591
 3019.9795 0.591
 3020.0791 0.591
 3020.1787 0.591
 3020.2783 0.591
 3020.3779 0.591
 3020.4775 0.591
 3020.5771 0.591
 3020.6768 0.592
 3020.7764 0.592
 3020.8760 0.592
 3020.9756 0.592
 3021.0752 0.592
 3021.1748 0.592
 3021.2744 0.592
 3021.3740 0.592
 3021.4736 0.592
 3021.5732 0.592
 3021.6729 0.592
 3021.7725 0.592
 3021.8721 0.592
 3021.9717 0.592
 3022.0713 0.592
 3022.1709 0.592
 3022.2705 0.592
 3022.3701 0.592
 3022.4697 0.592
 3022.5693 0.592
 3022.6689 0.593
 3022.7686 0.593
 3022.8682 0.593
 3022.9678 0.593
 3023.0674 0.593
 3023.1670 0.593
 3023.2666 0.593
 3023.3662 0.593
 3023.4658 0.593
 3023.5654 0.593
 3023.6650 0.592
 3023.7646 0.592
 3023.8643 0.592
 3023.9639 0.592
 3024.0635 0.592
 3024.1631 0.593
 3024.2627 0.593
 3024.3623 0.593
 3024.4619 0.593
 3024.5615 0.593
 3024.6611 0.593
 3024.7607 0.593
 3024.8604 0.593
 3024.9600 0.593
 3025.0596 0.593
 3025.1592 0.593
 3025.2588 0.593
 3025.3584 0.593
 3025.4580 0.593
 3025.5576 0.593
 3025.6572 0.593
 3025.7568 0.593
 3025.8564 0.593
 3025.9561 0.593
 3026.0557 0.593
 3026.1553 0.593
 3026.2549 0.593
 3026.3545 0.593
 3026.4541 0.593
 3026.5537 0.593
 3026.6533 0.593
 3026.7529 0.593
 3026.8525 0.593
 3026.9521 0.593
 3027.0518 0.593
 3027.1514 0.593
 3027.2510 0.593
 3027.3506 0.593
 3027.4502 0.593
 3027.5498 0.593
 3027.6494 0.593
 3027.7490 0.593
 3027.8486 0.593
 3027.9482 0.594
 3028.0479 0.594
 3028.1475 0.594
 3028.2471 0.594
 3028.3467 0.594
 3028.4463 0.594
 3028.5459 0.594
 3028.6455 0.594
 3028.7451 0.594
 3028.8447 0.594
 3028.9443 0.594
 3029.0439 0.594
 3029.1436 0.594
 3029.2432 0.594
 3029.3428 0.594
 3029.4424 0.594
 3029.5420 0.594
 3029.6416 0.594
 3029.7412 0.594
 3029.8408 0.594
 3029.9404 0.594
 3030.0400 0.594
 3030.1396 0.594
 3030.2393 0.594
 3030.3389 0.594
 3030.4385 0.594
 3030.5381 0.594
 3030.6377 0.594
 3030.7373 0.594
 3030.8369 0.594
 3030.9365 0.595
 3031.0361 0.595
 3031.1357 0.595
 3031.2354 0.595
 3031.3350 0.595
 3031.4346 0.595
 3031.5342 0.594
 3031.6338 0.595
 3031.7334 0.595
 3031.8330 0.595
 3031.9326 0.595
 3032.0322 0.595
 3032.1318 0.595
 3032.2314 0.595
 3032.3311 0.595
 3032.4307 0.595
 3032.5303 0.595
 3032.6299 0.595
 3032.7295 0.595
 3032.8291 0.595
 3032.9287 0.594
 3033.0283 0.594
 3033.1279 0.594
 3033.2275 0.594
 3033.3271 0.594
 3033.4268 0.594
 3033.5264 0.594
 3033.6260 0.594
 3033.7256 0.594
 3033.8252 0.594
 3033.9248 0.595
 3034.0244 0.595
 3034.1240 0.595
 3034.2236 0.595
 3034.3232 0.595
 3034.4229 0.595
 3034.5225 0.595
 3034.6221 0.596
 3034.7217 0.596
 3034.8213 0.596
 3034.9209 0.596
 3035.0205 0.596
 3035.1201 0.596
 3035.2197 0.596
 3035.3193 0.596
 3035.4189 0.596
 3035.5186 0.596
 3035.6182 0.596
 3035.7178 0.596
 3035.8174 0.596
 3035.9170 0.596
 3036.0166 0.596
 3036.1162 0.596
 3036.2158 0.595
 3036.3154 0.595
 3036.4150 0.595
 3036.5146 0.595
 3036.6143 0.595
 3036.7139 0.595
 3036.8135 0.595
 3036.9131 0.595
 3037.0127 0.595
 3037.1123 0.596
 3037.2119 0.596
 3037.3115 0.596
 3037.4111 0.596
 3037.5107 0.596
 3037.6104 0.596
 3037.7100 0.596
 3037.8096 0.597
 3037.9092 0.597
 3038.0088 0.597
 3038.1084 0.597
 3038.2080 0.597
 3038.3076 0.597
 3038.4072 0.597
 3038.5068 0.597
 3038.6064 0.597
 3038.7061 0.597
 3038.8057 0.597
 3038.9053 0.597
 3039.0049 0.597
 3039.1045 0.597
 3039.2041 0.597
 3039.3037 0.597
 3039.4033 0.597
 3039.5029 0.597
 3039.6025 0.597
 3039.7021 0.597
 3039.8018 0.597
 3039.9014 0.597
 3040.0010 0.597
 3040.1006 0.597
 3040.2002 0.597
 3040.2998 0.597
 3040.3994 0.597
 3040.4990 0.597
 3040.5986 0.597
 3040.6982 0.597
 3040.7979 0.597
 3040.8975 0.597
 3040.9971 0.597
 3041.0967 0.597
 3041.1963 0.597
 3041.2959 0.597
 3041.3955 0.597
 3041.4951 0.598
 3041.5947 0.598
 3041.6943 0.598
 3041.7939 0.598
 3041.8936 0.598
 3041.9932 0.598
 3042.0928 0.598
 3042.1924 0.598
 3042.2920 0.598
 3042.3916 0.598
 3042.4912 0.598
 3042.5908 0.598
 3042.6904 0.598
 3042.7900 0.598
 3042.8896 0.598
 3042.9893 0.598
 3043.0889 0.598
 3043.1885 0.598
 3043.2881 0.598
 3043.3877 0.598
 3043.4873 0.598
 3043.5869 0.598
 3043.6865 0.598
 3043.7861 0.599
 3043.8857 0.599
 3043.9854 0.599
 3044.0850 0.599
 3044.1846 0.599
 3044.2842 0.599
 3044.3838 0.599
 3044.4834 0.599
 3044.5830 0.599
 3044.6826 0.599
 3044.7822 0.599
 3044.8818 0.599
 3044.9814 0.599
 3045.0811 0.599
 3045.1807 0.599
 3045.2803 0.599
 3045.3799 0.599
 3045.4795 0.599
 3045.5791 0.599
 3045.6787 0.599
 3045.7783 0.599
 3045.8779 0.599
 3045.9775 0.599
 3046.0771 0.599
 3046.1768 0.599
 3046.2764 0.599
 3046.3760 0.599
 3046.4756 0.599
 3046.5752 0.599
 3046.6748 0.599
 3046.7744 0.599
 3046.8740 0.599
 3046.9736 0.599
 3047.0732 0.599
 3047.1729 0.599
 3047.2725 0.599
 3047.3721 0.599
 3047.4717 0.599
 3047.5713 0.598
 3047.6709 0.598
 3047.7705 0.598
 3047.8701 0.598
 3047.9697 0.598
 3048.0693 0.599
 3048.1689 0.599
 3048.2686 0.599
 3048.3682 0.599
 3048.4678 0.599
 3048.5674 0.599
 3048.6670 0.599
 3048.7666 0.599
 3048.8662 0.600
 3048.9658 0.600
 3049.0654 0.600
 3049.1650 0.600
 3049.2646 0.600
 3049.3643 0.600
 3049.4639 0.600
 3049.5635 0.600
 3049.6631 0.600
 3049.7627 0.600
 3049.8623 0.600
 3049.9619 0.600
 3050.0615 0.600
 3050.1611 0.600
 3050.2607 0.600
 3050.3604 0.600
 3050.4600 0.600
 3050.5596 0.600
 3050.6592 0.600
 3050.7588 0.600
 3050.8584 0.600
 3050.9580 0.600
 3051.0576 0.600
 3051.1572 0.600
 3051.2568 0.600
 3051.3564 0.600
 3051.4561 0.600
 3051.5557 0.600
 3051.6553 0.600
 3051.7549 0.600
 3051.8545 0.600
 3051.9541 0.600
 3052.0537 0.600
 3052.1533 0.600
 3052.2529 0.600
 3052.3525 0.600
 3052.4521 0.600
 3052.5518 0.600
 3052.6514 0.600
 3052.7510 0.601
 3052.8506 0.601
 3052.9502 0.601
 3053.0498 0.601
 3053.1494 0.601
 3053.2490 0.601
 3053.3486 0.601
 3053.4482 0.601
 3053.5479 0.601
 3053.6475 0.601
 3053.7471 0.601
 3053.8467 0.601
 3053.9463 0.601
 3054.0459 0.601
 3054.1455 0.601
 3054.2451 0.601
 3054.3447 0.601
 3054.4443 0.601
 3054.5439 0.601
 3054.6436 0.601
 3054.7432 0.601
 3054.8428 0.601
 3054.9424 0.601
 3055.0420 0.601
 3055.1416 0.601
 3055.2412 0.601
 3055.3408 0.601
 3055.4404 0.601
 3055.5400 0.602
 3055.6396 0.602
 3055.7393 0.602
 3055.8389 0.602
 3055.9385 0.602
 3056.0381 0.602
 3056.1377 0.602
 3056.2373 0.602
 3056.3369 0.601
 3056.4365 0.601
 3056.5361 0.601
 3056.6357 0.601
 3056.7354 0.601
 3056.8350 0.601
 3056.9346 0.601
 3057.0342 0.601
 3057.1338 0.602
 3057.2334 0.602
 3057.3330 0.602
 3057.4326 0.602
 3057.5322 0.602
 3057.6318 0.602
 3057.7314 0.602
 3057.8311 0.602
 3057.9307 0.602
 3058.0303 0.602
 3058.1299 0.603
 3058.2295 0.602
 3058.3291 0.603
 3058.4287 0.603
 3058.5283 0.603
 3058.6279 0.603
 3058.7275 0.603
 3058.8271 0.603
 3058.9268 0.603
 3059.0264 0.603
 3059.1260 0.603
 3059.2256 0.603
 3059.3252 0.603
 3059.4248 0.603
 3059.5244 0.603
 3059.6240 0.603
 3059.7236 0.603
 3059.8232 0.603
 3059.9229 0.603
 3060.0225 0.603
 3060.1221 0.603
 3060.2217 0.603
 3060.3213 0.602
 3060.4209 0.602
 3060.5205 0.602
 3060.6201 0.602
 3060.7197 0.602
 3060.8193 0.602
 3060.9189 0.602
 3061.0186 0.602
 3061.1182 0.602
 3061.2178 0.602
 3061.3174 0.603
 3061.4170 0.603
 3061.5166 0.603
 3061.6162 0.603
 3061.7158 0.603
 3061.8154 0.603
 3061.9150 0.603
 3062.0146 0.603
 3062.1143 0.603
 3062.2139 0.603
 3062.3135 0.603
 3062.4131 0.603
 3062.5127 0.604
 3062.6123 0.604
 3062.7119 0.604
 3062.8115 0.604
 3062.9111 0.604
 3063.0107 0.604
 3063.1104 0.604
 3063.2100 0.603
 3063.3096 0.603
 3063.4092 0.603
 3063.5088 0.603
 3063.6084 0.603
 3063.7080 0.603
 3063.8076 0.603
 3063.9072 0.603
 3064.0068 0.603
 3064.1064 0.604
 3064.2061 0.604
 3064.3057 0.604
 3064.4053 0.604
 3064.5049 0.604
 3064.6045 0.604
 3064.7041 0.604
 3064.8037 0.604
 3064.9033 0.604
 3065.0029 0.604
 3065.1025 0.604
 3065.2021 0.604
 3065.3018 0.604
 3065.4014 0.604
 3065.5010 0.604
 3065.6006 0.604
 3065.7002 0.604
 3065.7998 0.604
 3065.8994 0.604
 3065.9990 0.604
 3066.0986 0.604
 3066.1982 0.604
 3066.2979 0.604
 3066.3975 0.604
 3066.4971 0.604
 3066.5967 0.604
 3066.6963 0.605
 3066.7959 0.605
 3066.8955 0.605
 3066.9951 0.605
 3067.0947 0.605
 3067.1943 0.605
 3067.2939 0.605
 3067.3936 0.605
 3067.4932 0.605
 3067.5928 0.605
 3067.6924 0.605
 3067.7920 0.605
 3067.8916 0.605
 3067.9912 0.605
 3068.0908 0.605
 3068.1904 0.605
 3068.2900 0.605
 3068.3896 0.605
 3068.4893 0.605
 3068.5889 0.605
 3068.6885 0.605
 3068.7881 0.605
 3068.8877 0.605
 3068.9873 0.605
 3069.0869 0.605
 3069.1865 0.605
 3069.2861 0.605
 3069.3857 0.605
 3069.4854 0.605
 3069.5850 0.605
 3069.6846 0.606
 3069.7842 0.605
 3069.8838 0.606
 3069.9834 0.606
 3070.0830 0.605
 3070.1826 0.605
 3070.2822 0.605
 3070.3818 0.605
 3070.4814 0.605
 3070.5811 0.605
 3070.6807 0.605
 3070.7803 0.605
 3070.8799 0.605
 3070.9795 0.605
 3071.0791 0.606
 3071.1787 0.606
 3071.2783 0.606
 3071.3779 0.606
 3071.4775 0.606
 3071.5771 0.606
 3071.6768 0.606
 3071.7764 0.606
 3071.8760 0.606
 3071.9756 0.606
 3072.0752 0.606
 3072.1748 0.606
 3072.2744 0.606
 3072.3740 0.606
 3072.4736 0.606
 3072.5732 0.607
 3072.6729 0.606
 3072.7725 0.606
 3072.8721 0.606
 3072.9717 0.606
 3073.0713 0.606
 3073.1709 0.606
 3073.2705 0.606
 3073.3701 0.606
 3073.4697 0.606
 3073.5693 0.606
 3073.6689 0.606
 3073.7686 0.606
 3073.8682 0.606
 3073.9678 0.606
 3074.0674 0.607
 3074.1670 0.607
 3074.2666 0.607
 3074.3662 0.607
 3074.4658 0.607
 3074.5654 0.607
 3074.6650 0.607
 3074.7646 0.607
 3074.8643 0.607
 3074.9639 0.607
 3075.0635 0.607
 3075.1631 0.607
 3075.2627 0.607
 3075.3623 0.607
 3075.4619 0.607
 3075.5615 0.607
 3075.6611 0.607
 3075.7607 0.607
 3075.8604 0.607
 3075.9600 0.607
 3076.0596 0.607
 3076.1592 0.607
 3076.2588 0.607
 3076.3584 0.607
 3076.4580 0.607
 3076.5576 0.607
 3076.6572 0.607
 3076.7568 0.607
 3076.8564 0.607
 3076.9561 0.607
 3077.0557 0.607
 3077.1553 0.607
 3077.2549 0.607
 3077.3545 0.607
 3077.4541 0.607
 3077.5537 0.607
 3077.6533 0.607
 3077.7529 0.608
 3077.8525 0.608
 3077.9521 0.608
 3078.0518 0.608
 3078.1514 0.608
 3078.2510 0.608
 3078.3506 0.608
 3078.4502 0.608
 3078.5498 0.608
 3078.6494 0.608
 3078.7490 0.608
 3078.8486 0.608
 3078.9482 0.608
 3079.0479 0.608
 3079.1475 0.608
 3079.2471 0.608
 3079.3467 0.608
 3079.4463 0.608
 3079.5459 0.608
 3079.6455 0.608
 3079.7451 0.608
 3079.8447 0.608
 3079.9443 0.608
 3080.0439 0.608
 3080.1436 0.608
 3080.2432 0.608
 3080.3428 0.608
 3080.4424 0.608
 3080.5420 0.608
 3080.6416 0.608
 3080.7412 0.608
 3080.8408 0.608
 3080.9404 0.608
 3081.0400 0.608
 3081.1396 0.608
 3081.2393 0.608
 3081.3389 0.608
 3081.4385 0.608
 3081.5381 0.609
 3081.6377 0.609
 3081.7373 0.609
 3081.8369 0.609
 3081.9365 0.609
 3082.0361 0.609
 3082.1357 0.609
 3082.2354 0.609
 3082.3350 0.609
 3082.4346 0.609
 3082.5342 0.608
 3082.6338 0.608
 3082.7334 0.608
 3082.8330 0.608
 3082.9326 0.608
 3083.0322 0.608
 3083.1318 0.608
 3083.2314 0.609
 3083.3311 0.609
 3083.4307 0.609
 3083.5303 0.609
 3083.6299 0.609
 3083.7295 0.609
 3083.8291 0.609
 3083.9287 0.609
 3084.0283 0.609
 3084.1279 0.609
 3084.2275 0.609
 3084.3271 0.609
 3084.4268 0.609
 3084.5264 0.609
 3084.6260 0.609
 3084.7256 0.609
 3084.8252 0.609
 3084.9248 0.609
 3085.0244 0.609
 3085.1240 0.609
 3085.2236 0.609
 3085.3232 0.609
 3085.4229 0.609
 3085.5225 0.610
 3085.6221 0.610
 3085.7217 0.610
 3085.8213 0.610
 3085.9209 0.610
 3086.0205 0.610
 3086.1201 0.610
 3086.2197 0.610
 3086.3193 0.610
 3086.4189 0.610
 3086.5186 0.610
 3086.6182 0.610
 3086.7178 0.610
 3086.8174 0.610
 3086.9170 0.610
 3087.0166 0.610
 3087.1162 0.610
 3087.2158 0.610
 3087.3154 0.610
 3087.4150 0.610
 3087.5146 0.610
 3087.6143 0.610
 3087.7139 0.610
 3087.8135 0.610
 3087.9131 0.610
 3088.0127 0.610
 3088.1123 0.610
 3088.2119 0.611
 3088.3115 0.611
 3088.4111 0.611
 3088.5107 0.611
 3088.6104 0.611
 3088.7100 0.611
 3088.8096 0.611
 3088.9092 0.611
 3089.0088 0.611
 3089.1084 0.611
 3089.2080 0.611
 3089.3076 0.611
 3089.4072 0.611
 3089.5068 0.611
 3089.6064 0.611
 3089.7061 0.611
 3089.8057 0.611
 3089.9053 0.611
 3090.0049 0.611
 3090.1045 0.611
 3090.2041 0.611
 3090.3037 0.611
 3090.4033 0.611
 3090.5029 0.611
 3090.6025 0.611
 3090.7021 0.611
 3090.8018 0.611
 3090.9014 0.611
 3091.0010 0.612
 3091.1006 0.612
 3091.2002 0.612
 3091.2998 0.612
 3091.3994 0.612
 3091.4990 0.612
 3091.5986 0.612
 3091.6982 0.612
 3091.7979 0.612
 3091.8975 0.612
 3091.9971 0.612
 3092.0967 0.612
 3092.1963 0.612
 3092.2959 0.612
 3092.3955 0.612
 3092.4951 0.612
 3092.5947 0.612
 3092.6943 0.612
 3092.7939 0.612
 3092.8936 0.612
 3092.9932 0.612
 3093.0928 0.612
 3093.1924 0.612
 3093.2920 0.612
 3093.3916 0.612
 3093.4912 0.612
 3093.5908 0.612
 3093.6904 0.612
 3093.7900 0.612
 3093.8896 0.612
 3093.9893 0.612
 3094.0889 0.612
 3094.1885 0.612
 3094.2881 0.612
 3094.3877 0.612
 3094.4873 0.612
 3094.5869 0.612
 3094.6865 0.612
 3094.7861 0.612
 3094.8857 0.612
 3094.9854 0.612
 3095.0850 0.612
 3095.1846 0.612
 3095.2842 0.612
 3095.3838 0.612
 3095.4834 0.612
 3095.5830 0.613
 3095.6826 0.613
 3095.7822 0.613
 3095.8818 0.613
 3095.9814 0.613
 3096.0811 0.613
 3096.1807 0.613
 3096.2803 0.613
 3096.3799 0.613
 3096.4795 0.613
 3096.5791 0.613
 3096.6787 0.613
 3096.7783 0.613
 3096.8779 0.613
 3096.9775 0.613
 3097.0771 0.613
 3097.1768 0.613
 3097.2764 0.613
 3097.3760 0.613
 3097.4756 0.613
 3097.5752 0.612
 3097.6748 0.612
 3097.7744 0.612
 3097.8740 0.612
 3097.9736 0.612
 3098.0732 0.612
 3098.1729 0.612
 3098.2725 0.612
 3098.3721 0.612
 3098.4717 0.613
 3098.5713 0.613
 3098.6709 0.613
 3098.7705 0.613
 3098.8701 0.613
 3098.9697 0.613
 3099.0693 0.613
 3099.1689 0.613
 3099.2686 0.613
 3099.3682 0.613
 3099.4678 0.613
 3099.5674 0.613
 3099.6670 0.613
 3099.7666 0.613
 3099.8662 0.613
 3099.9658 0.613
 3100.0654 0.613
 3100.1650 0.613
 3100.2646 0.613
 3100.3643 0.613
 3100.4639 0.613
 3100.5635 0.614
 3100.6631 0.614
 3100.7627 0.614
 3100.8623 0.614
 3100.9619 0.614
 3101.0615 0.614
 3101.1611 0.614
 3101.2607 0.614
 3101.3604 0.614
 3101.4600 0.614
 3101.5596 0.614
 3101.6592 0.614
 3101.7588 0.614
 3101.8584 0.614
 3101.9580 0.614
 3102.0576 0.614
 3102.1572 0.614
 3102.2568 0.614
 3102.3564 0.614
 3102.4561 0.614
 3102.5557 0.614
 3102.6553 0.614
 3102.7549 0.614
 3102.8545 0.614
 3102.9541 0.614
 3103.0537 0.614
 3103.1533 0.614
 3103.2529 0.614
 3103.3525 0.614
 3103.4521 0.615
 3103.5518 0.615
 3103.6514 0.615
 3103.7510 0.615
 3103.8506 0.615
 3103.9502 0.615
 3104.0498 0.615
 3104.1494 0.615
 3104.2490 0.615
 3104.3486 0.615
 3104.4482 0.615
 3104.5479 0.615
 3104.6475 0.615
 3104.7471 0.615
 3104.8467 0.615
 3104.9463 0.615
 3105.0459 0.615
 3105.1455 0.615
 3105.2451 0.615
 3105.3447 0.615
 3105.4443 0.615
 3105.5439 0.615
 3105.6436 0.615
 3105.7432 0.616
 3105.8428 0.616
 3105.9424 0.616
 3106.0420 0.616
 3106.1416 0.616
 3106.2412 0.616
 3106.3408 0.616
 3106.4404 0.615
 3106.5400 0.615
 3106.6396 0.615
 3106.7393 0.615
 3106.8389 0.615
 3106.9385 0.615
 3107.0381 0.615
 3107.1377 0.615
 3107.2373 0.615
 3107.3369 0.615
 3107.4365 0.615
 3107.5361 0.615
 3107.6357 0.615
 3107.7354 0.615
 3107.8350 0.615
 3107.9346 0.616
 3108.0342 0.616
 3108.1338 0.616
 3108.2334 0.616
 3108.3330 0.616
 3108.4326 0.616
 3108.5322 0.616
 3108.6318 0.616
 3108.7314 0.616
 3108.8311 0.616
 3108.9307 0.617
 3109.0303 0.617
 3109.1299 0.617
 3109.2295 0.617
 3109.3291 0.617
 3109.4287 0.617
 3109.5283 0.617
 3109.6279 0.617
 3109.7275 0.616
 3109.8271 0.616
 3109.9268 0.616
 3110.0264 0.616
 3110.1260 0.616
 3110.2256 0.616
 3110.3252 0.616
 3110.4248 0.616
 3110.5244 0.616
 3110.6240 0.616
 3110.7236 0.617
 3110.8232 0.617
 3110.9229 0.617
 3111.0225 0.617
 3111.1221 0.617
 3111.2217 0.617
 3111.3213 0.617
 3111.4209 0.617
 3111.5205 0.617
 3111.6201 0.617
 3111.7197 0.617
 3111.8193 0.617
 3111.9189 0.617
 3112.0186 0.617
 3112.1182 0.617
 3112.2178 0.617
 3112.3174 0.617
 3112.4170 0.617
 3112.5166 0.617
 3112.6162 0.617
 3112.7158 0.617
 3112.8154 0.617
 3112.9150 0.617
 3113.0146 0.617
 3113.1143 0.617
 3113.2139 0.617
 3113.3135 0.617
 3113.4131 0.617
 3113.5127 0.617
 3113.6123 0.617
 3113.7119 0.617
 3113.8115 0.617
 3113.9111 0.617
 3114.0107 0.617
 3114.1104 0.617
 3114.2100 0.617
 3114.3096 0.617
 3114.4092 0.617
 3114.5088 0.617
 3114.6084 0.617
 3114.7080 0.618
 3114.8076 0.618
 3114.9072 0.618
 3115.0068 0.618
 3115.1064 0.618
 3115.2061 0.618
 3115.3057 0.618
 3115.4053 0.618
 3115.5049 0.618
 3115.6045 0.618
 3115.7041 0.618
 3115.8037 0.618
 3115.9033 0.618
 3116.0029 0.618
 3116.1025 0.618
 3116.2021 0.618
 3116.3018 0.618
 3116.4014 0.618
 3116.5010 0.618
 3116.6006 0.618
 3116.7002 0.618
 3116.7998 0.619
 3116.8994 0.619
 3116.9990 0.619
 3117.0986 0.619
 3117.1982 0.619
 3117.2979 0.619
 3117.3975 0.619
 3117.4971 0.619
 3117.5967 0.619
 3117.6963 0.619
 3117.7959 0.619
 3117.8955 0.619
 3117.9951 0.619
 3118.0947 0.619
 3118.1943 0.619
 3118.2939 0.619
 3118.3936 0.619
 3118.4932 0.619
 3118.5928 0.619
 3118.6924 0.619
 3118.7920 0.619
 3118.8916 0.619
 3118.9912 0.619
 3119.0908 0.619
 3119.1904 0.619
 3119.2900 0.619
 3119.3896 0.619
 3119.4893 0.619
 3119.5889 0.619
 3119.6885 0.619
 3119.7881 0.619
 3119.8877 0.619
 3119.9873 0.619
 3120.0869 0.619
 3120.1865 0.619
 3120.2861 0.619
 3120.3857 0.620
 3120.4854 0.620
 3120.5850 0.620
 3120.6846 0.620
 3120.7842 0.620
 3120.8838 0.620
 3120.9834 0.620
 3121.0830 0.620
 3121.1826 0.620
 3121.2822 0.620
 3121.3818 0.620
 3121.4814 0.620
 3121.5811 0.620
 3121.6807 0.620
 3121.7803 0.620
 3121.8799 0.620
 3121.9795 0.620
 3122.0791 0.620
 3122.1787 0.620
 3122.2783 0.620
 3122.3779 0.620
 3122.4775 0.620
 3122.5771 0.620
 3122.6768 0.620
 3122.7764 0.620
 3122.8760 0.620
 3122.9756 0.620
 3123.0752 0.620
 3123.1748 0.620
 3123.2744 0.620
 3123.3740 0.620
 3123.4736 0.620
 3123.5732 0.620
 3123.6729 0.620
 3123.7725 0.620
 3123.8721 0.620
 3123.9717 0.620
 3124.0713 0.620
 3124.1709 0.620
 3124.2705 0.620
 3124.3701 0.620
 3124.4697 0.620
 3124.5693 0.620
 3124.6689 0.620
 3124.7686 0.620
 3124.8682 0.620
 3124.9678 0.620
 3125.0674 0.621
 3125.1670 0.621
 3125.2666 0.621
 3125.3662 0.621
 3125.4658 0.621
 3125.5654 0.621
 3125.6650 0.620
 3125.7646 0.620
 3125.8643 0.620
 3125.9639 0.620
 3126.0635 0.620
 3126.1631 0.620
 3126.2627 0.620
 3126.3623 0.620
 3126.4619 0.621
 3126.5615 0.621
 3126.6611 0.621
 3126.7607 0.621
 3126.8604 0.621
 3126.9600 0.621
 3127.0596 0.621
 3127.1592 0.621
 3127.2588 0.622
 3127.3584 0.621
 3127.4580 0.621
 3127.5576 0.621
 3127.6572 0.621
 3127.7568 0.621
 3127.8564 0.621
 3127.9561 0.621
 3128.0557 0.621
 3128.1553 0.621
 3128.2549 0.621
 3128.3545 0.621
 3128.4541 0.621
 3128.5537 0.622
 3128.6533 0.622
 3128.7529 0.622
 3128.8525 0.622
 3128.9521 0.622
 3129.0518 0.622
 3129.1514 0.622
 3129.2510 0.622
 3129.3506 0.622
 3129.4502 0.622
 3129.5498 0.622
 3129.6494 0.622
 3129.7490 0.621
 3129.8486 0.621
 3129.9482 0.621
 3130.0479 0.621
 3130.1475 0.621
 3130.2471 0.621
 3130.3467 0.621
 3130.4463 0.621
 3130.5459 0.621
 3130.6455 0.622
 3130.7451 0.622
 3130.8447 0.622
 3130.9443 0.622
 3131.0439 0.622
 3131.1436 0.622
 3131.2432 0.622
 3131.3428 0.622
 3131.4424 0.622
 3131.5420 0.622
 3131.6416 0.622
 3131.7412 0.622
 3131.8408 0.622
 3131.9404 0.622
 3132.0400 0.622
 3132.1396 0.622
 3132.2393 0.623
 3132.3389 0.623
 3132.4385 0.623
 3132.5381 0.623
 3132.6377 0.623
 3132.7373 0.623
 3132.8369 0.623
 3132.9365 0.623
 3133.0361 0.623
 3133.1357 0.623
 3133.2354 0.623
 3133.3350 0.623
 3133.4346 0.623
 3133.5342 0.623
 3133.6338 0.623
 3133.7334 0.623
 3133.8330 0.623
 3133.9326 0.623
 3134.0322 0.623
 3134.1318 0.623
 3134.2314 0.623
 3134.3311 0.623
 3134.4307 0.623
 3134.5303 0.623
 3134.6299 0.624
 3134.7295 0.624
 3134.8291 0.623
 3134.9287 0.623
 3135.0283 0.623
 3135.1279 0.623
 3135.2275 0.623
 3135.3271 0.623
 3135.4268 0.623
 3135.5264 0.623
 3135.6260 0.623
 3135.7256 0.623
 3135.8252 0.623
 3135.9248 0.623
 3136.0244 0.624
 3136.1240 0.624
 3136.2236 0.624
 3136.3232 0.624
 3136.4229 0.624
 3136.5225 0.624
 3136.6221 0.624
 3136.7217 0.624
 3136.8213 0.624
 3136.9209 0.624
 3137.0205 0.624
 3137.1201 0.624
 3137.2197 0.624
 3137.3193 0.624
 3137.4189 0.624
 3137.5186 0.624
 3137.6182 0.624
 3137.7178 0.624
 3137.8174 0.624
 3137.9170 0.624
 3138.0166 0.623
 3138.1162 0.623
 3138.2158 0.623
 3138.3154 0.623
 3138.4150 0.623
 3138.5146 0.623
 3138.6143 0.623
 3138.7139 0.624
 3138.8135 0.624
 3138.9131 0.624
 3139.0127 0.624
 3139.1123 0.624
 3139.2119 0.624
 3139.3115 0.625
 3139.4111 0.624
 3139.5107 0.624
 3139.6104 0.624
 3139.7100 0.624
 3139.8096 0.624
 3139.9092 0.624
 3140.0088 0.624
 3140.1084 0.624
 3140.2080 0.624
 3140.3076 0.624
 3140.4072 0.624
 3140.5068 0.624
 3140.6064 0.624
 3140.7061 0.624
 3140.8057 0.624
 3140.9053 0.624
 3141.0049 0.624
 3141.1045 0.625
 3141.2041 0.625
 3141.3037 0.625
 3141.4033 0.625
 3141.5029 0.625
 3141.6025 0.625
 3141.7021 0.625
 3141.8018 0.625
 3141.9014 0.625
 3142.0010 0.625
 3142.1006 0.625
 3142.2002 0.625
 3142.2998 0.625
 3142.3994 0.625
 3142.4990 0.625
 3142.5986 0.625
 3142.6982 0.625
 3142.7979 0.626
 3142.8975 0.626
 3142.9971 0.626
 3143.0967 0.626
 3143.1963 0.626
 3143.2959 0.626
 3143.3955 0.626
 3143.4951 0.626
 3143.5947 0.626
 3143.6943 0.626
 3143.7939 0.626
 3143.8936 0.626
 3143.9932 0.626
 3144.0928 0.625
 3144.1924 0.625
 3144.2920 0.625
 3144.3916 0.625
 3144.4912 0.625
 3144.5908 0.625
 3144.6904 0.625
 3144.7900 0.625
 3144.8896 0.625
 3144.9893 0.626
 3145.0889 0.626
 3145.1885 0.626
 3145.2881 0.626
 3145.3877 0.626
 3145.4873 0.626
 3145.5869 0.626
 3145.6865 0.626
 3145.7861 0.626
 3145.8857 0.626
 3145.9854 0.626
 3146.0850 0.626
 3146.1846 0.626
 3146.2842 0.626
 3146.3838 0.626
 3146.4834 0.626
 3146.5830 0.626
 3146.6826 0.626
 3146.7822 0.626
 3146.8818 0.626
 3146.9814 0.626
 3147.0811 0.626
 3147.1807 0.626
 3147.2803 0.626
 3147.3799 0.626
 3147.4795 0.626
 3147.5791 0.626
 3147.6787 0.626
 3147.7783 0.626
 3147.8779 0.626
 3147.9775 0.626
 3148.0771 0.626
 3148.1768 0.626
 3148.2764 0.626
 3148.3760 0.626
 3148.4756 0.626
 3148.5752 0.626
 3148.6748 0.626
 3148.7744 0.626
 3148.8740 0.626
 3148.9736 0.626
 3149.0732 0.627
 3149.1729 0.627
 3149.2725 0.627
 3149.3721 0.627
 3149.4717 0.627
 3149.5713 0.627
 3149.6709 0.627
 3149.7705 0.627
 3149.8701 0.627
 3149.9697 0.627
 3150.0693 0.627
 3150.1689 0.627
 3150.2686 0.627
 3150.3682 0.626
 3150.4678 0.626
 3150.5674 0.626
 3150.6670 0.626
 3150.7666 0.626
 3150.8662 0.626
 3150.9658 0.626
 3151.0654 0.627
 3151.1650 0.627
 3151.2646 0.627
 3151.3643 0.627
 3151.4639 0.627
 3151.5635 0.628
 3151.6631 0.628
 3151.7627 0.628
 3151.8623 0.628
 3151.9619 0.628
 3152.0615 0.628
 3152.1611 0.628
 3152.2607 0.628
 3152.3604 0.628
 3152.4600 0.628
 3152.5596 0.628
 3152.6592 0.628
 3152.7588 0.628
 3152.8584 0.628
 3152.9580 0.628
 3153.0576 0.628
 3153.1572 0.628
 3153.2568 0.628
 3153.3564 0.628
 3153.4561 0.629
 3153.5557 0.628
 3153.6553 0.628
 3153.7549 0.628
 3153.8545 0.628
 3153.9541 0.628
 3154.0537 0.629
 3154.1533 0.629
 3154.2529 0.629
 3154.3525 0.629
 3154.4521 0.629
 3154.5518 0.629
 3154.6514 0.629
 3154.7510 0.629
 3154.8506 0.629
 3154.9502 0.629
 3155.0498 0.629
 3155.1494 0.629
 3155.2490 0.629
 3155.3486 0.629
 3155.4482 0.629
 3155.5479 0.629
 3155.6475 0.629
 3155.7471 0.628
 3155.8467 0.628
 3155.9463 0.628
 3156.0459 0.628
 3156.1455 0.628
 3156.2451 0.628
 3156.3447 0.629
 3156.4443 0.629
 3156.5439 0.629
 3156.6436 0.629
 3156.7432 0.629
 3156.8428 0.629
 3156.9424 0.629
 3157.0420 0.629
 3157.1416 0.629
 3157.2412 0.630
 3157.3408 0.630
 3157.4404 0.630
 3157.5400 0.630
 3157.6396 0.630
 3157.7393 0.630
 3157.8389 0.630
 3157.9385 0.630
 3158.0381 0.630
 3158.1377 0.630
 3158.2373 0.630
 3158.3369 0.630
 3158.4365 0.630
 3158.5361 0.630
 3158.6357 0.630
 3158.7354 0.630
 3158.8350 0.630
 3158.9346 0.630
 3159.0342 0.629
 3159.1338 0.629
 3159.2334 0.629
 3159.3330 0.629
 3159.4326 0.629
 3159.5322 0.629
 3159.6318 0.629
 3159.7314 0.629
 3159.8311 0.629
 3159.9307 0.629
 3160.0303 0.629
 3160.1299 0.629
 3160.2295 0.629
 3160.3291 0.629
 3160.4287 0.629
 3160.5283 0.629
 3160.6279 0.630
 3160.7275 0.630
 3160.8271 0.630
 3160.9268 0.630
 3161.0264 0.630
 3161.1260 0.630
 3161.2256 0.630
 3161.3252 0.630
 3161.4248 0.630
 3161.5244 0.630
 3161.6240 0.630
 3161.7236 0.630
 3161.8232 0.630
 3161.9229 0.630
 3162.0225 0.630
 3162.1221 0.631
 3162.2217 0.631
 3162.3213 0.631
 3162.4209 0.631
 3162.5205 0.631
 3162.6201 0.631
 3162.7197 0.631
 3162.8193 0.631
 3162.9189 0.631
 3163.0186 0.631
 3163.1182 0.631
 3163.2178 0.631
 3163.3174 0.631
 3163.4170 0.630
 3163.5166 0.630
 3163.6162 0.630
 3163.7158 0.630
 3163.8154 0.630
 3163.9150 0.630
 3164.0146 0.630
 3164.1143 0.630
 3164.2139 0.631
 3164.3135 0.631
 3164.4131 0.631
 3164.5127 0.631
 3164.6123 0.631
 3164.7119 0.631
 3164.8115 0.631
 3164.9111 0.631
 3165.0107 0.631
 3165.1104 0.631
 3165.2100 0.631
 3165.3096 0.631
 3165.4092 0.631
 3165.5088 0.631
 3165.6084 0.631
 3165.7080 0.631
 3165.8076 0.631
 3165.9072 0.631
 3166.0068 0.631
 3166.1064 0.631
 3166.2061 0.631
 3166.3057 0.632
 3166.4053 0.632
 3166.5049 0.632
 3166.6045 0.632
 3166.7041 0.632
 3166.8037 0.632
 3166.9033 0.632
 3167.0029 0.632
 3167.1025 0.632
 3167.2021 0.632
 3167.3018 0.632
 3167.4014 0.632
 3167.5010 0.632
 3167.6006 0.632
 3167.7002 0.632
 3167.7998 0.631
 3167.8994 0.631
 3167.9990 0.631
 3168.0986 0.632
 3168.1982 0.632
 3168.2979 0.632
 3168.3975 0.632
 3168.4971 0.632
 3168.5967 0.632
 3168.6963 0.632
 3168.7959 0.632
 3168.8955 0.632
 3168.9951 0.632
 3169.0947 0.632
 3169.1943 0.633
 3169.2939 0.633
 3169.3936 0.633
 3169.4932 0.633
 3169.5928 0.633
 3169.6924 0.633
 3169.7920 0.633
 3169.8916 0.633
 3169.9912 0.633
 3170.0908 0.633
 3170.1904 0.633
 3170.2900 0.633
 3170.3896 0.633
 3170.4893 0.633
 3170.5889 0.633
 3170.6885 0.633
 3170.7881 0.633
 3170.8877 0.633
 3170.9873 0.633
 3171.0869 0.633
 3171.1865 0.633
 3171.2861 0.633
 3171.3857 0.633
 3171.4854 0.633
 3171.5850 0.633
 3171.6846 0.633
 3171.7842 0.633
 3171.8838 0.633
 3171.9834 0.633
 3172.0830 0.633
 3172.1826 0.633
 3172.2822 0.633
 3172.3818 0.633
 3172.4814 0.633
 3172.5811 0.633
 3172.6807 0.633
 3172.7803 0.633
 3172.8799 0.633
 3172.9795 0.633
 3173.0791 0.633
 3173.1787 0.633
 3173.2783 0.633
 3173.3779 0.633
 3173.4775 0.633
 3173.5771 0.633
 3173.6768 0.633
 3173.7764 0.634
 3173.8760 0.633
 3173.9756 0.634
 3174.0752 0.634
 3174.1748 0.634
 3174.2744 0.633
 3174.3740 0.633
 3174.4736 0.633
 3174.5732 0.633
 3174.6729 0.633
 3174.7725 0.633
 3174.8721 0.633
 3174.9717 0.633
 3175.0713 0.633
 3175.1709 0.633
 3175.2705 0.633
 3175.3701 0.633
 3175.4697 0.634
 3175.5693 0.634
 3175.6689 0.634
 3175.7686 0.634
 3175.8682 0.634
 3175.9678 0.634
 3176.0674 0.634
 3176.1670 0.634
 3176.2666 0.634
 3176.3662 0.634
 3176.4658 0.634
 3176.5654 0.634
 3176.6650 0.634
 3176.7646 0.635
 3176.8643 0.635
 3176.9639 0.635
 3177.0635 0.635
 3177.1631 0.635
 3177.2627 0.635
 3177.3623 0.635
 3177.4619 0.635
 3177.5615 0.635
 3177.6611 0.635
 3177.7607 0.635
 3177.8604 0.635
 3177.9600 0.635
 3178.0596 0.635
 3178.1592 0.635
 3178.2588 0.635
 3178.3584 0.635
 3178.4580 0.635
 3178.5576 0.635
 3178.6572 0.635
 3178.7568 0.635
 3178.8564 0.635
 3178.9561 0.635
 3179.0557 0.635
 3179.1553 0.635
 3179.2549 0.635
 3179.3545 0.635
 3179.4541 0.635
 3179.5537 0.635
 3179.6533 0.635
 3179.7529 0.635
 3179.8525 0.635
 3179.9521 0.635
 3180.0518 0.635
 3180.1514 0.635
 3180.2510 0.635
 3180.3506 0.635
 3180.4502 0.635
 3180.5498 0.635
 3180.6494 0.635
 3180.7490 0.635
 3180.8486 0.635
 3180.9482 0.635
 3181.0479 0.635
 3181.1475 0.636
 3181.2471 0.636
 3181.3467 0.636
 3181.4463 0.636
 3181.5459 0.636
 3181.6455 0.636
 3181.7451 0.636
 3181.8447 0.636
 3181.9443 0.636
 3182.0439 0.636
 3182.1436 0.636
 3182.2432 0.636
 3182.3428 0.636
 3182.4424 0.636
 3182.5420 0.636
 3182.6416 0.636
 3182.7412 0.636
 3182.8408 0.636
 3182.9404 0.636
 3183.0400 0.636
 3183.1396 0.636
 3183.2393 0.636
 3183.3389 0.636
 3183.4385 0.636
 3183.5381 0.636
 3183.6377 0.636
 3183.7373 0.636
 3183.8369 0.636
 3183.9365 0.636
 3184.0361 0.636
 3184.1357 0.636
 3184.2354 0.636
 3184.3350 0.636
 3184.4346 0.636
 3184.5342 0.636
 3184.6338 0.636
 3184.7334 0.636
 3184.8330 0.636
 3184.9326 0.636
 3185.0322 0.637
 3185.1318 0.637
 3185.2314 0.637
 3185.3311 0.637
 3185.4307 0.637
 3185.5303 0.637
 3185.6299 0.637
 3185.7295 0.637
 3185.8291 0.637
 3185.9287 0.637
 3186.0283 0.637
 3186.1279 0.637
 3186.2275 0.637
 3186.3271 0.637
 3186.4268 0.637
 3186.5264 0.637
 3186.6260 0.637
 3186.7256 0.637
 3186.8252 0.637
 3186.9248 0.637
 3187.0244 0.637
 3187.1240 0.637
 3187.2236 0.637
 3187.3232 0.637
 3187.4229 0.637
 3187.5225 0.637
 3187.6221 0.637
 3187.7217 0.637
 3187.8213 0.637
 3187.9209 0.637
 3188.0205 0.637
 3188.1201 0.637
 3188.2197 0.637
 3188.3193 0.637
 3188.4189 0.638
 3188.5186 0.638
 3188.6182 0.638
 3188.7178 0.638
 3188.8174 0.638
 3188.9170 0.638
 3189.0166 0.638
 3189.1162 0.638
 3189.2158 0.638
 3189.3154 0.638
 3189.4150 0.638
 3189.5146 0.638
 3189.6143 0.638
 3189.7139 0.638
 3189.8135 0.638
 3189.9131 0.638
 3190.0127 0.638
 3190.1123 0.638
 3190.2119 0.638
 3190.3115 0.638
 3190.4111 0.638
 3190.5107 0.638
 3190.6104 0.638
 3190.7100 0.638
 3190.8096 0.638
 3190.9092 0.638
 3191.0088 0.638
 3191.1084 0.638
 3191.2080 0.638
 3191.3076 0.638
 3191.4072 0.637
 3191.5068 0.637
 3191.6064 0.637
 3191.7061 0.637
 3191.8057 0.637
 3191.9053 0.637
 3192.0049 0.637
 3192.1045 0.638
 3192.2041 0.638
 3192.3037 0.638
 3192.4033 0.638
 3192.5029 0.638
 3192.6025 0.638
 3192.7021 0.639
 3192.8018 0.638
 3192.9014 0.639
 3193.0010 0.639
 3193.1006 0.639
 3193.2002 0.639
 3193.2998 0.639
 3193.3994 0.639
 3193.4990 0.639
 3193.5986 0.639
 3193.6982 0.639
 3193.7979 0.639
 3193.8975 0.639
 3193.9971 0.639
 3194.0967 0.639
 3194.1963 0.639
 3194.2959 0.639
 3194.3955 0.639
 3194.4951 0.639
 3194.5947 0.639
 3194.6943 0.639
 3194.7939 0.639
 3194.8936 0.639
 3194.9932 0.639
 3195.0928 0.639
 3195.1924 0.639
 3195.2920 0.639
 3195.3916 0.639
 3195.4912 0.639
 3195.5908 0.639
 3195.6904 0.639
 3195.7900 0.640
 3195.8896 0.640
 3195.9893 0.640
 3196.0889 0.640
 3196.1885 0.640
 3196.2881 0.640
 3196.3877 0.640
 3196.4873 0.640
 3196.5869 0.640
 3196.6865 0.640
 3196.7861 0.640
 3196.8857 0.640
 3196.9854 0.640
 3197.0850 0.640
 3197.1846 0.639
 3197.2842 0.639
 3197.3838 0.639
 3197.4834 0.639
 3197.5830 0.639
 3197.6826 0.639
 3197.7822 0.639
 3197.8818 0.639
 3197.9814 0.640
 3198.0811 0.640
 3198.1807 0.640
 3198.2803 0.640
 3198.3799 0.640
 3198.4795 0.640
 3198.5791 0.640
 3198.6787 0.640
 3198.7783 0.640
 3198.8779 0.640
 3198.9775 0.640
 3199.0771 0.640
 3199.1768 0.640
 3199.2764 0.640
 3199.3760 0.640
 3199.4756 0.640
 3199.5752 0.640
 3199.6748 0.640
 3199.7744 0.640
 3199.8740 0.640
 3199.9736 0.640
 3200.0732 0.640
 3200.1729 0.640
 3200.2725 0.640
 3200.3721 0.640
 3200.4717 0.640
 3200.5713 0.640
 3200.6709 0.640
 3200.7705 0.640
 3200.8701 0.640
 3200.9697 0.640
 3201.0693 0.641
 3201.1689 0.641
 3201.2686 0.641
 3201.3682 0.641
 3201.4678 0.641
 3201.5674 0.641
 3201.6670 0.641
 3201.7666 0.641
 3201.8662 0.641
 3201.9658 0.641
 3202.0654 0.641
 3202.1650 0.640
 3202.2646 0.640
 3202.3643 0.640
 3202.4639 0.640
 3202.5635 0.640
 3202.6631 0.640
 3202.7627 0.640
 3202.8623 0.640
 3202.9619 0.640
 3203.0615 0.641
 3203.1611 0.641
 3203.2607 0.641
 3203.3604 0.641
 3203.4600 0.641
 3203.5596 0.641
 3203.6592 0.641
 3203.7588 0.641
 3203.8584 0.641
 3203.9580 0.642
 3204.0576 0.642
 3204.1572 0.642
 3204.2568 0.642
 3204.3564 0.642
 3204.4561 0.642
 3204.5557 0.642
 3204.6553 0.642
 3204.7549 0.642
 3204.8545 0.642
 3204.9541 0.642
 3205.0537 0.642
 3205.1533 0.642
 3205.2529 0.642
 3205.3525 0.641
 3205.4521 0.641
 3205.5518 0.641
 3205.6514 0.641
 3205.7510 0.641
 3205.8506 0.641
 3205.9502 0.641
 3206.0498 0.641
 3206.1494 0.641
 3206.2490 0.641
 3206.3486 0.641
 3206.4482 0.641
 3206.5479 0.642
 3206.6475 0.642
 3206.7471 0.642
 3206.8467 0.642
 3206.9463 0.642
 3207.0459 0.642
 3207.1455 0.642
 3207.2451 0.642
 3207.3447 0.642
 3207.4443 0.642
 3207.5439 0.642
 3207.6436 0.642
 3207.7432 0.642
 3207.8428 0.642
 3207.9424 0.643
 3208.0420 0.643
 3208.1416 0.643
 3208.2412 0.643
 3208.3408 0.643
 3208.4404 0.643
 3208.5400 0.643
 3208.6396 0.643
 3208.7393 0.643
 3208.8389 0.643
 3208.9385 0.643
 3209.0381 0.643
 3209.1377 0.643
 3209.2373 0.643
 3209.3369 0.643
 3209.4365 0.643
 3209.5361 0.643
 3209.6357 0.643
 3209.7354 0.643
 3209.8350 0.643
 3209.9346 0.643
 3210.0342 0.643
 3210.1338 0.643
 3210.2334 0.643
 3210.3330 0.643
 3210.4326 0.643
 3210.5322 0.643
 3210.6318 0.643
 3210.7314 0.643
 3210.8311 0.644
 3210.9307 0.644
 3211.0303 0.644
 3211.1299 0.644
 3211.2295 0.644
 3211.3291 0.644
 3211.4287 0.644
 3211.5283 0.644
 3211.6279 0.644
 3211.7275 0.644
 3211.8271 0.644
 3211.9268 0.644
 3212.0264 0.644
 3212.1260 0.644
 3212.2256 0.644
 3212.3252 0.644
 3212.4248 0.644
 3212.5244 0.644
 3212.6240 0.644
 3212.7236 0.644
 3212.8232 0.644
 3212.9229 0.644
 3213.0225 0.644
 3213.1221 0.644
 3213.2217 0.644
 3213.3213 0.644
 3213.4209 0.644
 3213.5205 0.644
 3213.6201 0.644
 3213.7197 0.644
 3213.8193 0.645
 3213.9189 0.644
 3214.0186 0.644
 3214.1182 0.644
 3214.2178 0.644
 3214.3174 0.644
 3214.4170 0.644
 3214.5166 0.644
 3214.6162 0.644
 3214.7158 0.644
 3214.8154 0.644
 3214.9150 0.644
 3215.0146 0.644
 3215.1143 0.644
 3215.2139 0.644
 3215.3135 0.644
 3215.4131 0.644
 3215.5127 0.644
 3215.6123 0.644
 3215.7119 0.645
 3215.8115 0.645
 3215.9111 0.645
 3216.0107 0.645
 3216.1104 0.645
 3216.2100 0.645
 3216.3096 0.645
 3216.4092 0.645
 3216.5088 0.645
 3216.6084 0.645
 3216.7080 0.645
 3216.8076 0.645
 3216.9072 0.645
 3217.0068 0.645
 3217.1064 0.645
 3217.2061 0.645
 3217.3057 0.645
 3217.4053 0.645
 3217.5049 0.645
 3217.6045 0.645
 3217.7041 0.645
 3217.8037 0.645
 3217.9033 0.645
 3218.0029 0.645
 3218.1025 0.645
 3218.2021 0.645
 3218.3018 0.645
 3218.4014 0.645
 3218.5010 0.645
 3218.6006 0.645
 3218.7002 0.645
 3218.7998 0.645
 3218.8994 0.645
 3218.9990 0.645
 3219.0986 0.645
 3219.1982 0.645
 3219.2979 0.645
 3219.3975 0.645
 3219.4971 0.645
 3219.5967 0.645
 3219.6963 0.646
 3219.7959 0.646
 3219.8955 0.646
 3219.9951 0.646
 3220.0947 0.646
 3220.1943 0.646
 3220.2939 0.646
 3220.3936 0.646
 3220.4932 0.646
 3220.5928 0.646
 3220.6924 0.646
 3220.7920 0.646
 3220.8916 0.646
 3220.9912 0.646
 3221.0908 0.646
 3221.1904 0.645
 3221.2900 0.645
 3221.3896 0.645
 3221.4893 0.645
 3221.5889 0.645
 3221.6885 0.645
 3221.7881 0.645
 3221.8877 0.645
 3221.9873 0.646
 3222.0869 0.646
 3222.1865 0.646
 3222.2861 0.646
 3222.3857 0.646
 3222.4854 0.646
 3222.5850 0.646
 3222.6846 0.646
 3222.7842 0.646
 3222.8838 0.646
 3222.9834 0.646
 3223.0830 0.646
 3223.1826 0.647
 3223.2822 0.647
 3223.3818 0.646
 3223.4814 0.646
 3223.5811 0.646
 3223.6807 0.646
 3223.7803 0.646
 3223.8799 0.646
 3223.9795 0.646
 3224.0791 0.646
 3224.1787 0.646
 3224.2783 0.647
 3224.3779 0.647
 3224.4775 0.647
 3224.5771 0.647
 3224.6768 0.647
 3224.7764 0.647
 3224.8760 0.647
 3224.9756 0.647
 3225.0752 0.647
 3225.1748 0.647
 3225.2744 0.647
 3225.3740 0.647
 3225.4736 0.647
 3225.5732 0.647
 3225.6729 0.647
 3225.7725 0.647
 3225.8721 0.647
 3225.9717 0.647
 3226.0713 0.648
 3226.1709 0.648
 3226.2705 0.648
 3226.3701 0.648
 3226.4697 0.648
 3226.5693 0.648
 3226.6689 0.648
 3226.7686 0.648
 3226.8682 0.648
 3226.9678 0.648
 3227.0674 0.648
 3227.1670 0.648
 3227.2666 0.648
 3227.3662 0.648
 3227.4658 0.648
 3227.5654 0.648
 3227.6650 0.648
 3227.7646 0.648
 3227.8643 0.648
 3227.9639 0.648
 3228.0635 0.648
 3228.1631 0.648
 3228.2627 0.648
 3228.3623 0.648
 3228.4619 0.647
 3228.5615 0.647
 3228.6611 0.647
 3228.7607 0.647
 3228.8604 0.647
 3228.9600 0.647
 3229.0596 0.647
 3229.1592 0.648
 3229.2588 0.648
 3229.3584 0.648
 3229.4580 0.648
 3229.5576 0.648
 3229.6572 0.648
 3229.7568 0.648
 3229.8564 0.648
 3229.9561 0.648
 3230.0557 0.648
 3230.1553 0.648
 3230.2549 0.648
 3230.3545 0.648
 3230.4541 0.648
 3230.5537 0.648
 3230.6533 0.648
 3230.7529 0.648
 3230.8525 0.649
 3230.9521 0.649
 3231.0518 0.649
 3231.1514 0.649
 3231.2510 0.649
 3231.3506 0.649
 3231.4502 0.649
 3231.5498 0.649
 3231.6494 0.649
 3231.7490 0.649
 3231.8486 0.649
 3231.9482 0.649
 3232.0479 0.649
 3232.1475 0.649
 3232.2471 0.649
 3232.3467 0.649
 3232.4463 0.649
 3232.5459 0.649
 3232.6455 0.649
 3232.7451 0.649
 3232.8447 0.649
 3232.9443 0.649
 3233.0439 0.649
 3233.1436 0.649
 3233.2432 0.649
 3233.3428 0.649
 3233.4424 0.649
 3233.5420 0.649
 3233.6416 0.649
 3233.7412 0.649
 3233.8408 0.650
 3233.9404 0.650
 3234.0400 0.650
 3234.1396 0.650
 3234.2393 0.650
 3234.3389 0.650
 3234.4385 0.650
 3234.5381 0.650
 3234.6377 0.650
 3234.7373 0.650
 3234.8369 0.650
 3234.9365 0.650
 3235.0361 0.650
 3235.1357 0.650
 3235.2354 0.650
 3235.3350 0.650
 3235.4346 0.650
 3235.5342 0.650
 3235.6338 0.650
 3235.7334 0.650
 3235.8330 0.650
 3235.9326 0.650
 3236.0322 0.650
 3236.1318 0.649
 3236.2314 0.649
 3236.3311 0.649
 3236.4307 0.649
 3236.5303 0.649
 3236.6299 0.649
 3236.7295 0.649
 3236.8291 0.650
 3236.9287 0.650
 3237.0283 0.650
 3237.1279 0.650
 3237.2275 0.650
 3237.3271 0.650
 3237.4268 0.650
 3237.5264 0.651
 3237.6260 0.651
 3237.7256 0.651
 3237.8252 0.651
 3237.9248 0.650
 3238.0244 0.650
 3238.1240 0.650
 3238.2236 0.650
 3238.3232 0.650
 3238.4229 0.650
 3238.5225 0.650
 3238.6221 0.650
 3238.7217 0.650
 3238.8213 0.650
 3238.9209 0.650
 3239.0205 0.650
 3239.1201 0.651
 3239.2197 0.651
 3239.3193 0.651
 3239.4189 0.651
 3239.5186 0.651
 3239.6182 0.651
 3239.7178 0.651
 3239.8174 0.651
 3239.9170 0.651
 3240.0166 0.651
 3240.1162 0.651
 3240.2158 0.651
 3240.3154 0.650
 3240.4150 0.650
 3240.5146 0.650
 3240.6143 0.650
 3240.7139 0.650
 3240.8135 0.650
 3240.9131 0.651
 3241.0127 0.651
 3241.1123 0.651
 3241.2119 0.651
 3241.3115 0.651
 3241.4111 0.651
 3241.5107 0.651
 3241.6104 0.651
 3241.7100 0.651
 3241.8096 0.651
 3241.9092 0.651
 3242.0088 0.651
 3242.1084 0.651
 3242.2080 0.651
 3242.3076 0.651
 3242.4072 0.651
 3242.5068 0.651
 3242.6064 0.651
 3242.7061 0.651
 3242.8057 0.651
 3242.9053 0.651
 3243.0049 0.651
 3243.1045 0.651
 3243.2041 0.651
 3243.3037 0.652
 3243.4033 0.652
 3243.5029 0.652
 3243.6025 0.652
 3243.7021 0.652
 3243.8018 0.652
 3243.9014 0.652
 3244.0010 0.652
 3244.1006 0.652
 3244.2002 0.652
 3244.2998 0.652
 3244.3994 0.652
 3244.4990 0.652
 3244.5986 0.652
 3244.6982 0.652
 3244.7979 0.652
 3244.8975 0.652
 3244.9971 0.652
 3245.0967 0.652
 3245.1963 0.653
 3245.2959 0.653
 3245.3955 0.653
 3245.4951 0.653
 3245.5947 0.653
 3245.6943 0.653
 3245.7939 0.653
 3245.8936 0.653
 3245.9932 0.653
 3246.0928 0.653
 3246.1924 0.653
 3246.2920 0.653
 3246.3916 0.653
 3246.4912 0.653
 3246.5908 0.653
 3246.6904 0.653
 3246.7900 0.652
 3246.8896 0.652
 3246.9893 0.652
 3247.0889 0.652
 3247.1885 0.652
 3247.2881 0.652
 3247.3877 0.653
 3247.4873 0.653
 3247.5869 0.653
 3247.6865 0.653
 3247.7861 0.653
 3247.8857 0.653
 3247.9854 0.653
 3248.0850 0.653
 3248.1846 0.653
 3248.2842 0.653
 3248.3838 0.653
 3248.4834 0.653
 3248.5830 0.654
 3248.6826 0.654
 3248.7822 0.654
 3248.8818 0.654
 3248.9814 0.654
 3249.0811 0.654
 3249.1807 0.654
 3249.2803 0.654
 3249.3799 0.654
 3249.4795 0.654
 3249.5791 0.653
 3249.6787 0.653
 3249.7783 0.653
 3249.8779 0.653
 3249.9775 0.653
 3250.0771 0.653
 3250.1768 0.653
 3250.2764 0.653
 3250.3760 0.653
 3250.4756 0.654
 3250.5752 0.654
 3250.6748 0.654
 3250.7744 0.654
 3250.8740 0.654
 3250.9736 0.654
 3251.0732 0.654
 3251.1729 0.654
 3251.2725 0.654
 3251.3721 0.654
 3251.4717 0.653
 3251.5713 0.653
 3251.6709 0.653
 3251.7705 0.653
 3251.8701 0.653
 3251.9697 0.653
 3252.0693 0.654
 3252.1689 0.654
 3252.2686 0.654
 3252.3682 0.654
 3252.4678 0.654
 3252.5674 0.654
 3252.6670 0.654
 3252.7666 0.655
 3252.8662 0.655
 3252.9658 0.655
 3253.0654 0.654
 3253.1650 0.654
 3253.2646 0.654
 3253.3643 0.654
 3253.4639 0.654
 3253.5635 0.654
 3253.6631 0.654
 3253.7627 0.654
 3253.8623 0.654
 3253.9619 0.654
 3254.0615 0.655
 3254.1611 0.655
 3254.2607 0.655
 3254.3604 0.655
 3254.4600 0.655
 3254.5596 0.655
 3254.6592 0.655
 3254.7588 0.655
 3254.8584 0.655
 3254.9580 0.655
 3255.0576 0.655
 3255.1572 0.655
 3255.2568 0.655
 3255.3564 0.655
 3255.4561 0.655
 3255.5557 0.655
 3255.6553 0.655
 3255.7549 0.655
 3255.8545 0.655
 3255.9541 0.655
 3256.0537 0.655
 3256.1533 0.655
 3256.2529 0.655
 3256.3525 0.655
 3256.4521 0.655
 3256.5518 0.655
 3256.6514 0.655
 3256.7510 0.655
 3256.8506 0.656
 3256.9502 0.656
 3257.0498 0.656
 3257.1494 0.656
 3257.2490 0.656
 3257.3486 0.656
 3257.4482 0.656
 3257.5479 0.656
 3257.6475 0.655
 3257.7471 0.655
 3257.8467 0.655
 3257.9463 0.655
 3258.0459 0.655
 3258.1455 0.655
 3258.2451 0.655
 3258.3447 0.655
 3258.4443 0.655
 3258.5439 0.656
 3258.6436 0.656
 3258.7432 0.656
 3258.8428 0.656
 3258.9424 0.656
 3259.0420 0.656
 3259.1416 0.656
 3259.2412 0.656
 3259.3408 0.656
 3259.4404 0.656
 3259.5400 0.655
 3259.6396 0.655
 3259.7393 0.655
 3259.8389 0.655
 3259.9385 0.655
 3260.0381 0.655
 3260.1377 0.656
 3260.2373 0.656
 3260.3369 0.656
 3260.4365 0.656
 3260.5361 0.656
 3260.6357 0.656
 3260.7354 0.656
 3260.8350 0.657
 3260.9346 0.657
 3261.0342 0.657
 3261.1338 0.657
 3261.2334 0.657
 3261.3330 0.657
 3261.4326 0.657
 3261.5322 0.657
 3261.6318 0.657
 3261.7314 0.657
 3261.8311 0.657
 3261.9307 0.657
 3262.0303 0.657
 3262.1299 0.657
 3262.2295 0.657
 3262.3291 0.657
 3262.4287 0.657
 3262.5283 0.657
 3262.6279 0.657
 3262.7275 0.657
 3262.8271 0.657
 3262.9268 0.657
 3263.0264 0.657
 3263.1260 0.657
 3263.2256 0.657
 3263.3252 0.657
 3263.4248 0.657
 3263.5244 0.657
 3263.6240 0.657
 3263.7236 0.657
 3263.8232 0.657
 3263.9229 0.657
 3264.0225 0.658
 3264.1221 0.658
 3264.2217 0.658
 3264.3213 0.658
 3264.4209 0.658
 3264.5205 0.658
 3264.6201 0.658
 3264.7197 0.658
 3264.8193 0.658
 3264.9189 0.658
 3265.0186 0.658
 3265.1182 0.658
 3265.2178 0.658
 3265.3174 0.658
 3265.4170 0.658
 3265.5166 0.658
 3265.6162 0.658
 3265.7158 0.658
 3265.8154 0.658
 3265.9150 0.658
 3266.0146 0.658
 3266.1143 0.658
 3266.2139 0.658
 3266.3135 0.658
 3266.4131 0.658
 3266.5127 0.658
 3266.6123 0.658
 3266.7119 0.658
 3266.8115 0.658
 3266.9111 0.658
 3267.0107 0.658
 3267.1104 0.658
 3267.2100 0.658
 3267.3096 0.658
 3267.4092 0.658
 3267.5088 0.658
 3267.6084 0.658
 3267.7080 0.658
 3267.8076 0.658
 3267.9072 0.658
 3268.0068 0.658
 3268.1064 0.658
 3268.2061 0.658
 3268.3057 0.658
 3268.4053 0.658
 3268.5049 0.658
 3268.6045 0.658
 3268.7041 0.658
 3268.8037 0.657
 3268.9033 0.657
 3269.0029 0.657
 3269.1025 0.658
 3269.2021 0.658
 3269.3018 0.658
 3269.4014 0.658
 3269.5010 0.658
 3269.6006 0.658
 3269.7002 0.658
 3269.7998 0.658
 3269.8994 0.659
 3269.9990 0.659
 3270.0986 0.659
 3270.1982 0.659
 3270.2979 0.659
 3270.3975 0.659
 3270.4971 0.659
 3270.5967 0.659
 3270.6963 0.659
 3270.7959 0.659
 3270.8955 0.659
 3270.9951 0.659
 3271.0947 0.659
 3271.1943 0.659
 3271.2939 0.659
 3271.3936 0.659
 3271.4932 0.659
 3271.5928 0.659
 3271.6924 0.659
 3271.7920 0.659
 3271.8916 0.660
 3271.9912 0.660
 3272.0908 0.660
 3272.1904 0.660
 3272.2900 0.660
 3272.3896 0.660
 3272.4893 0.660
 3272.5889 0.660
 3272.6885 0.660
 3272.7881 0.660
 3272.8877 0.660
 3272.9873 0.660
 3273.0869 0.660
 3273.1865 0.660
 3273.2861 0.660
 3273.3857 0.660
 3273.4854 0.660
 3273.5850 0.660
 3273.6846 0.660
 3273.7842 0.660
 3273.8838 0.660
 3273.9834 0.660
 3274.0830 0.660
 3274.1826 0.660
 3274.2822 0.660
 3274.3818 0.660
 3274.4814 0.660
 3274.5811 0.660
 3274.6807 0.660
 3274.7803 0.660
 3274.8799 0.660
 3274.9795 0.660
 3275.0791 0.660
 3275.1787 0.660
 3275.2783 0.660
 3275.3779 0.660
 3275.4775 0.660
 3275.5771 0.660
 3275.6768 0.661
 3275.7764 0.661
 3275.8760 0.661
 3275.9756 0.661
 3276.0752 0.661
 3276.1748 0.661
 3276.2744 0.661
 3276.3740 0.661
 3276.4736 0.661
 3276.5732 0.661
 3276.6729 0.661
 3276.7725 0.661
 3276.8721 0.660
 3276.9717 0.660
 3277.0713 0.660
 3277.1709 0.660
 3277.2705 0.660
 3277.3701 0.660
 3277.4697 0.660
 3277.5693 0.660
 3277.6689 0.661
 3277.7686 0.661
 3277.8682 0.661
 3277.9678 0.661
 3278.0674 0.661
 3278.1670 0.661
 3278.2666 0.661
 3278.3662 0.661
 3278.4658 0.661
 3278.5654 0.661
 3278.6650 0.661
 3278.7646 0.661
 3278.8643 0.661
 3278.9639 0.661
 3279.0635 0.661
 3279.1631 0.661
 3279.2627 0.661
 3279.3623 0.661
 3279.4619 0.661
 3279.5615 0.661
 3279.6611 0.661
 3279.7607 0.661
 3279.8604 0.661
 3279.9600 0.661
 3280.0596 0.661
 3280.1592 0.661
 3280.2588 0.661
 3280.3584 0.661
 3280.4580 0.662
 3280.5576 0.662
 3280.6572 0.662
 3280.7568 0.662
 3280.8564 0.662
 3280.9561 0.662
 3281.0557 0.662
 3281.1553 0.662
 3281.2549 0.661
 3281.3545 0.661
 3281.4541 0.661
 3281.5537 0.661
 3281.6533 0.661
 3281.7529 0.661
 3281.8525 0.661
 3281.9521 0.661
 3282.0518 0.662
 3282.1514 0.662
 3282.2510 0.662
 3282.3506 0.662
 3282.4502 0.662
 3282.5498 0.662
 3282.6494 0.662
 3282.7490 0.662
 3282.8486 0.662
 3282.9482 0.662
 3283.0479 0.662
 3283.1475 0.662
 3283.2471 0.662
 3283.3467 0.662
 3283.4463 0.662
 3283.5459 0.663
 3283.6455 0.663
 3283.7451 0.663
 3283.8447 0.663
 3283.9443 0.663
 3284.0439 0.663
 3284.1436 0.663
 3284.2432 0.663
 3284.3428 0.663
 3284.4424 0.663
 3284.5420 0.663
 3284.6416 0.663
 3284.7412 0.663
 3284.8408 0.663
 3284.9404 0.663
 3285.0400 0.663
 3285.1396 0.663
 3285.2393 0.662
 3285.3389 0.662
 3285.4385 0.662
 3285.5381 0.662
 3285.6377 0.662
 3285.7373 0.662
 3285.8369 0.663
 3285.9365 0.663
 3286.0361 0.663
 3286.1357 0.663
 3286.2354 0.663
 3286.3350 0.663
 3286.4346 0.663
 3286.5342 0.663
 3286.6338 0.663
 3286.7334 0.663
 3286.8330 0.663
 3286.9326 0.663
 3287.0322 0.663
 3287.1318 0.663
 3287.2314 0.663
 3287.3311 0.664
 3287.4307 0.664
 3287.5303 0.664
 3287.6299 0.664
 3287.7295 0.664
 3287.8291 0.664
 3287.9287 0.664
 3288.0283 0.664
 3288.1279 0.664
 3288.2275 0.664
 3288.3271 0.664
 3288.4268 0.664
 3288.5264 0.664
 3288.6260 0.664
 3288.7256 0.664
 3288.8252 0.664
 3288.9248 0.664
 3289.0244 0.664
 3289.1240 0.664
 3289.2236 0.664
 3289.3232 0.664
 3289.4229 0.664
 3289.5225 0.664
 3289.6221 0.664
 3289.7217 0.664
 3289.8213 0.664
 3289.9209 0.664
 3290.0205 0.664
 3290.1201 0.664
 3290.2197 0.664
 3290.3193 0.664
 3290.4189 0.664
 3290.5186 0.664
 3290.6182 0.664
 3290.7178 0.664
 3290.8174 0.664
 3290.9170 0.664
 3291.0166 0.664
 3291.1162 0.664
 3291.2158 0.664
 3291.3154 0.664
 3291.4150 0.664
 3291.5146 0.664
 3291.6143 0.664
 3291.7139 0.665
 3291.8135 0.665
 3291.9131 0.665
 3292.0127 0.665
 3292.1123 0.665
 3292.2119 0.665
 3292.3115 0.665
 3292.4111 0.665
 3292.5107 0.664
 3292.6104 0.664
 3292.7100 0.664
 3292.8096 0.664
 3292.9092 0.664
 3293.0088 0.664
 3293.1084 0.664
 3293.2080 0.664
 3293.3076 0.664
 3293.4072 0.664
 3293.5068 0.664
 3293.6064 0.665
 3293.7061 0.665
 3293.8057 0.665
 3293.9053 0.665
 3294.0049 0.665
 3294.1045 0.665
 3294.2041 0.665
 3294.3037 0.665
 3294.4033 0.665
 3294.5029 0.665
 3294.6025 0.665
 3294.7021 0.665
 3294.8018 0.665
 3294.9014 0.665
 3295.0010 0.665
 3295.1006 0.665
 3295.2002 0.665
 3295.2998 0.665
 3295.3994 0.665
 3295.4990 0.665
 3295.5986 0.665
 3295.6982 0.665
 3295.7979 0.665
 3295.8975 0.665
 3295.9971 0.665
 3296.0967 0.666
 3296.1963 0.666
 3296.2959 0.666
 3296.3955 0.666
 3296.4951 0.666
 3296.5947 0.666
 3296.6943 0.666
 3296.7939 0.666
 3296.8936 0.666
 3296.9932 0.666
 3297.0928 0.666
 3297.1924 0.666
 3297.2920 0.666
 3297.3916 0.666
 3297.4912 0.666
 3297.5908 0.666
 3297.6904 0.666
 3297.7900 0.666
 3297.8896 0.666
 3297.9893 0.666
 3298.0889 0.666
 3298.1885 0.666
 3298.2881 0.666
 3298.3877 0.666
 3298.4873 0.666
 3298.5869 0.666
 3298.6865 0.667
 3298.7861 0.667
 3298.8857 0.667
 3298.9854 0.667
 3299.0850 0.667
 3299.1846 0.667
 3299.2842 0.667
 3299.3838 0.667
 3299.4834 0.667
 3299.5830 0.667
 3299.6826 0.667
 3299.7822 0.667
 3299.8818 0.667
 3299.9814 0.667
 3300.0811 0.667
 3300.1807 0.667
 3300.2803 0.667
 3300.3799 0.667
 3300.4795 0.667
 3300.5791 0.667
 3300.6787 0.667
 3300.7783 0.667
 3300.8779 0.667
 3300.9775 0.667
 3301.0771 0.667
 3301.1768 0.667
 3301.2764 0.667
 3301.3760 0.667
 3301.4756 0.667
 3301.5752 0.667
 3301.6748 0.667
 3301.7744 0.667
 3301.8740 0.667
 3301.9736 0.666
 3302.0732 0.666
 3302.1729 0.666
 3302.2725 0.666
 3302.3721 0.666
 3302.4717 0.667
 3302.5713 0.667
 3302.6709 0.667
 3302.7705 0.667
 3302.8701 0.667
 3302.9697 0.667
 3303.0693 0.668
 3303.1689 0.668
 3303.2686 0.668
 3303.3682 0.668
 3303.4678 0.668
 3303.5674 0.668
 3303.6670 0.668
 3303.7666 0.668
 3303.8662 0.667
 3303.9658 0.667
 3304.0654 0.667
 3304.1650 0.667
 3304.2646 0.667
 3304.3643 0.667
 3304.4639 0.667
 3304.5635 0.667
 3304.6631 0.668
 3304.7627 0.668
 3304.8623 0.668
 3304.9619 0.668
 3305.0615 0.668
 3305.1611 0.668
 3305.2607 0.668
 3305.3604 0.668
 3305.4600 0.668
 3305.5596 0.668
 3305.6592 0.669
 3305.7588 0.669
 3305.8584 0.669
 3305.9580 0.669
 3306.0576 0.669
 3306.1572 0.669
 3306.2568 0.669
 3306.3564 0.669
 3306.4561 0.669
 3306.5557 0.669
 3306.6553 0.669
 3306.7549 0.669
 3306.8545 0.669
 3306.9541 0.669
 3307.0537 0.669
 3307.1533 0.669
 3307.2529 0.669
 3307.3525 0.669
 3307.4521 0.669
 3307.5518 0.669
 3307.6514 0.669
 3307.7510 0.669
 3307.8506 0.669
 3307.9502 0.669
 3308.0498 0.669
 3308.1494 0.669
 3308.2490 0.669
 3308.3486 0.669
 3308.4482 0.669
 3308.5479 0.668
 3308.6475 0.668
 3308.7471 0.668
 3308.8467 0.668
 3308.9463 0.668
 3309.0459 0.668
 3309.1455 0.668
 3309.2451 0.669
 3309.3447 0.669
 3309.4443 0.669
 3309.5439 0.669
 3309.6436 0.669
 3309.7432 0.669
 3309.8428 0.669
 3309.9424 0.669
 3310.0420 0.669
 3310.1416 0.670
 3310.2412 0.670
 3310.3408 0.670
 3310.4404 0.670
 3310.5400 0.670
 3310.6396 0.670
 3310.7393 0.670
 3310.8389 0.670
 3310.9385 0.670
 3311.0381 0.670
 3311.1377 0.670
 3311.2373 0.670
 3311.3369 0.669
 3311.4365 0.669
 3311.5361 0.669
 3311.6357 0.669
 3311.7354 0.669
 3311.8350 0.669
 3311.9346 0.669
 3312.0342 0.669
 3312.1338 0.669
 3312.2334 0.670
 3312.3330 0.670
 3312.4326 0.670
 3312.5322 0.670
 3312.6318 0.670
 3312.7314 0.670
 3312.8311 0.670
 3312.9307 0.670
 3313.0303 0.670
 3313.1299 0.670
 3313.2295 0.670
 3313.3291 0.670
 3313.4287 0.670
 3313.5283 0.670
 3313.6279 0.670
 3313.7275 0.670
 3313.8271 0.670
 3313.9268 0.670
 3314.0264 0.670
 3314.1260 0.670
 3314.2256 0.670
 3314.3252 0.671
 3314.4248 0.671
 3314.5244 0.671
 3314.6240 0.671
 3314.7236 0.671
 3314.8232 0.671
 3314.9229 0.670
 3315.0225 0.670
 3315.1221 0.670
 3315.2217 0.670
 3315.3213 0.670
 3315.4209 0.670
 3315.5205 0.670
 3315.6201 0.670
 3315.7197 0.670
 3315.8193 0.671
 3315.9189 0.671
 3316.0186 0.671
 3316.1182 0.671
 3316.2178 0.671
 3316.3174 0.671
 3316.4170 0.671
 3316.5166 0.671
 3316.6162 0.671
 3316.7158 0.671
 3316.8154 0.671
 3316.9150 0.671
 3317.0146 0.671
 3317.1143 0.671
 3317.2139 0.671
 3317.3135 0.671
 3317.4131 0.671
 3317.5127 0.671
 3317.6123 0.671
 3317.7119 0.671
 3317.8115 0.671
 3317.9111 0.671
 3318.0107 0.671
 3318.1104 0.671
 3318.2100 0.671
 3318.3096 0.671
 3318.4092 0.671
 3318.5088 0.671
 3318.6084 0.671
 3318.7080 0.671
 3318.8076 0.672
 3318.9072 0.672
 3319.0068 0.672
 3319.1064 0.672
 3319.2061 0.672
 3319.3057 0.672
 3319.4053 0.671
 3319.5049 0.671
 3319.6045 0.671
 3319.7041 0.671
 3319.8037 0.671
 3319.9033 0.671
 3320.0029 0.671
 3320.1025 0.671
 3320.2021 0.671
 3320.3018 0.672
 3320.4014 0.672
 3320.5010 0.672
 3320.6006 0.672
 3320.7002 0.672
 3320.7998 0.672
 3320.8994 0.672
 3320.9990 0.672
 3321.0986 0.672
 3321.1982 0.672
 3321.2979 0.672
 3321.3975 0.672
 3321.4971 0.671
 3321.5967 0.671
 3321.6963 0.671
 3321.7959 0.671
 3321.8955 0.671
 3321.9951 0.671
 3322.0947 0.672
 3322.1943 0.672
 3322.2939 0.672
 3322.3936 0.672
 3322.4932 0.672
 3322.5928 0.672
 3322.6924 0.673
 3322.7920 0.673
 3322.8916 0.673
 3322.9912 0.673
 3323.0908 0.673
 3323.1904 0.673
 3323.2900 0.673
 3323.3896 0.673
 3323.4893 0.673
 3323.5889 0.673
 3323.6885 0.673
 3323.7881 0.673
 3323.8877 0.673
 3323.9873 0.673
 3324.0869 0.673
 3324.1865 0.673
 3324.2861 0.673
 3324.3857 0.673
 3324.4854 0.673
 3324.5850 0.673
 3324.6846 0.674
 3324.7842 0.674
 3324.8838 0.674
 3324.9834 0.674
 3325.0830 0.674
 3325.1826 0.674
 3325.2822 0.674
 3325.3818 0.674
 3325.4814 0.674
 3325.5811 0.674
 3325.6807 0.674
 3325.7803 0.674
 3325.8799 0.673
 3325.9795 0.673
 3326.0791 0.673
 3326.1787 0.673
 3326.2783 0.673
 3326.3779 0.673
 3326.4775 0.673
 3326.5771 0.673
 3326.6768 0.673
 3326.7764 0.673
 3326.8760 0.673
 3326.9756 0.673
 3327.0752 0.674
 3327.1748 0.674
 3327.2744 0.674
 3327.3740 0.674
 3327.4736 0.674
 3327.5732 0.674
 3327.6729 0.674
 3327.7725 0.674
 3327.8721 0.674
 3327.9717 0.674
 3328.0713 0.674
 3328.1709 0.674
 3328.2705 0.674
 3328.3701 0.674
 3328.4697 0.674
 3328.5693 0.674
 3328.6689 0.674
 3328.7686 0.674
 3328.8682 0.674
 3328.9678 0.674
 3329.0674 0.674
 3329.1670 0.674
 3329.2666 0.675
 3329.3662 0.675
 3329.4658 0.675
 3329.5654 0.675
 3329.6650 0.675
 3329.7646 0.675
 3329.8643 0.675
 3329.9639 0.675
 3330.0635 0.675
 3330.1631 0.675
 3330.2627 0.675
 3330.3623 0.675
 3330.4619 0.675
 3330.5615 0.675
 3330.6611 0.675
 3330.7607 0.675
 3330.8604 0.675
 3330.9600 0.675
 3331.0596 0.675
 3331.1592 0.675
 3331.2588 0.675
 3331.3584 0.675
 3331.4580 0.675
 3331.5576 0.675
 3331.6572 0.675
 3331.7568 0.675
 3331.8564 0.675
 3331.9561 0.675
 3332.0557 0.676
 3332.1553 0.676
 3332.2549 0.676
 3332.3545 0.676
 3332.4541 0.676
 3332.5537 0.676
 3332.6533 0.676
 3332.7529 0.676
 3332.8525 0.676
 3332.9521 0.676
 3333.0518 0.676
 3333.1514 0.676
 3333.2510 0.676
 3333.3506 0.676
 3333.4502 0.676
 3333.5498 0.676
 3333.6494 0.676
 3333.7490 0.676
 3333.8486 0.676
 3333.9482 0.676
 3334.0479 0.676
 3334.1475 0.676
 3334.2471 0.675
 3334.3467 0.675
 3334.4463 0.675
 3334.5459 0.675
 3334.6455 0.675
 3334.7451 0.675
 3334.8447 0.675
 3334.9443 0.675
 3335.0439 0.675
 3335.1436 0.675
 3335.2432 0.676
 3335.3428 0.676
 3335.4424 0.676
 3335.5420 0.676
 3335.6416 0.676
 3335.7412 0.676
 3335.8408 0.676
 3335.9404 0.676
 3336.0400 0.676
 3336.1396 0.676
 3336.2393 0.676
 3336.3389 0.676
 3336.4385 0.676
 3336.5381 0.676
 3336.6377 0.675
 3336.7373 0.675
 3336.8369 0.675
 3336.9365 0.675
 3337.0361 0.676
 3337.1357 0.676
 3337.2354 0.676
 3337.3350 0.676
 3337.4346 0.676
 3337.5342 0.676
 3337.6338 0.676
 3337.7334 0.677
 3337.8330 0.677
 3337.9326 0.677
 3338.0322 0.677
 3338.1318 0.677
 3338.2314 0.677
 3338.3311 0.677
 3338.4307 0.676
 3338.5303 0.676
 3338.6299 0.676
 3338.7295 0.676
 3338.8291 0.676
 3338.9287 0.676
 3339.0283 0.676
 3339.1279 0.676
 3339.2275 0.676
 3339.3271 0.676
 3339.4268 0.677
 3339.5264 0.677
 3339.6260 0.677
 3339.7256 0.677
 3339.8252 0.677
 3339.9248 0.677
 3340.0244 0.677
 3340.1240 0.677
 3340.2236 0.677
 3340.3232 0.677
 3340.4229 0.677
 3340.5225 0.677
 3340.6221 0.677
 3340.7217 0.677
 3340.8213 0.677
 3340.9209 0.677
 3341.0205 0.678
 3341.1201 0.678
 3341.2197 0.678
 3341.3193 0.678
 3341.4189 0.678
 3341.5186 0.678
 3341.6182 0.678
 3341.7178 0.678
 3341.8174 0.678
 3341.9170 0.678
 3342.0166 0.678
 3342.1162 0.678
 3342.2158 0.678
 3342.3154 0.678
 3342.4150 0.678
 3342.5146 0.678
 3342.6143 0.678
 3342.7139 0.678
 3342.8135 0.678
 3342.9131 0.678
 3343.0127 0.678
 3343.1123 0.678
 3343.2119 0.678
 3343.3115 0.678
 3343.4111 0.678
 3343.5107 0.678
 3343.6104 0.678
 3343.7100 0.678
 3343.8096 0.678
 3343.9092 0.678
 3344.0088 0.678
 3344.1084 0.678
 3344.2080 0.678
 3344.3076 0.678
 3344.4072 0.678
 3344.5068 0.678
 3344.6064 0.678
 3344.7061 0.678
 3344.8057 0.678
 3344.9053 0.679
 3345.0049 0.679
 3345.1045 0.679
 3345.2041 0.679
 3345.3037 0.679
 3345.4033 0.679
 3345.5029 0.679
 3345.6025 0.679
 3345.7021 0.679
 3345.8018 0.679
 3345.9014 0.679
 3346.0010 0.679
 3346.1006 0.679
 3346.2002 0.679
 3346.2998 0.679
 3346.3994 0.679
 3346.4990 0.679
 3346.5986 0.679
 3346.6982 0.679
 3346.7979 0.679
 3346.8975 0.679
 3346.9971 0.679
 3347.0967 0.679
 3347.1963 0.679
 3347.2959 0.679
 3347.3955 0.680
 3347.4951 0.680
 3347.5947 0.679
 3347.6943 0.679
 3347.7939 0.679
 3347.8936 0.679
 3347.9932 0.679
 3348.0928 0.679
 3348.1924 0.679
 3348.2920 0.679
 3348.3916 0.679
 3348.4912 0.679
 3348.5908 0.679
 3348.6904 0.679
 3348.7900 0.679
 3348.8896 0.679
 3348.9893 0.679
 3349.0889 0.679
 3349.1885 0.679
 3349.2881 0.679
 3349.3877 0.679
 3349.4873 0.679
 3349.5869 0.679
 3349.6865 0.679
 3349.7861 0.680
 3349.8857 0.680
 3349.9854 0.680
 3350.0850 0.680
 3350.1846 0.680
 3350.2842 0.680
 3350.3838 0.680
 3350.4834 0.680
 3350.5830 0.680
 3350.6826 0.680
 3350.7822 0.680
 3350.8818 0.680
 3350.9814 0.680
 3351.0811 0.679
 3351.1807 0.679
 3351.2803 0.679
 3351.3799 0.679
 3351.4795 0.679
 3351.5791 0.679
 3351.6787 0.679
 3351.7783 0.680
 3351.8779 0.680
 3351.9775 0.680
 3352.0771 0.680
 3352.1768 0.680
 3352.2764 0.680
 3352.3760 0.680
 3352.4756 0.681
 3352.5752 0.681
 3352.6748 0.681
 3352.7744 0.681
 3352.8740 0.681
 3352.9736 0.681
 3353.0732 0.681
 3353.1729 0.681
 3353.2725 0.681
 3353.3721 0.681
 3353.4717 0.681
 3353.5713 0.681
 3353.6709 0.681
 3353.7705 0.681
 3353.8701 0.681
 3353.9697 0.681
 3354.0693 0.681
 3354.1689 0.681
 3354.2686 0.681
 3354.3682 0.681
 3354.4678 0.681
 3354.5674 0.681
 3354.6670 0.681
 3354.7666 0.682
 3354.8662 0.681
 3354.9658 0.681
 3355.0654 0.681
 3355.1650 0.681
 3355.2646 0.681
 3355.3643 0.681
 3355.4639 0.681
 3355.5635 0.681
 3355.6631 0.681
 3355.7627 0.681
 3355.8623 0.681
 3355.9619 0.681
 3356.0615 0.682
 3356.1611 0.682
 3356.2607 0.682
 3356.3604 0.682
 3356.4600 0.682
 3356.5596 0.682
 3356.6592 0.682
 3356.7588 0.682
 3356.8584 0.682
 3356.9580 0.682
 3357.0576 0.682
 3357.1572 0.682
 3357.2568 0.681
 3357.3564 0.681
 3357.4561 0.681
 3357.5557 0.681
 3357.6553 0.681
 3357.7549 0.681
 3357.8545 0.681
 3357.9541 0.681
 3358.0537 0.682
 3358.1533 0.682
 3358.2529 0.682
 3358.3525 0.682
 3358.4521 0.682
 3358.5518 0.682
 3358.6514 0.682
 3358.7510 0.682
 3358.8506 0.682
 3358.9502 0.682
 3359.0498 0.682
 3359.1494 0.682
 3359.2490 0.682
 3359.3486 0.682
 3359.4482 0.682
 3359.5479 0.682
 3359.6475 0.682
 3359.7471 0.682
 3359.8467 0.683
 3359.9463 0.683
 3360.0459 0.683
 3360.1455 0.683
 3360.2451 0.683
 3360.3447 0.683
 3360.4443 0.683
 3360.5439 0.683
 3360.6436 0.683
 3360.7432 0.683
 3360.8428 0.683
 3360.9424 0.683
 3361.0420 0.683
 3361.1416 0.683
 3361.2412 0.683
 3361.3408 0.683
 3361.4404 0.683
 3361.5400 0.683
 3361.6396 0.683
 3361.7393 0.683
 3361.8389 0.683
 3361.9385 0.683
 3362.0381 0.683
 3362.1377 0.683
 3362.2373 0.683
 3362.3369 0.683
 3362.4365 0.683
 3362.5361 0.683
 3362.6357 0.683
 3362.7354 0.684
 3362.8350 0.684
 3362.9346 0.684
 3363.0342 0.684
 3363.1338 0.684
 3363.2334 0.684
 3363.3330 0.684
 3363.4326 0.683
 3363.5322 0.683
 3363.6318 0.683
 3363.7314 0.683
 3363.8311 0.683
 3363.9307 0.683
 3364.0303 0.683
 3364.1299 0.683
 3364.2295 0.683
 3364.3291 0.683
 3364.4287 0.684
 3364.5283 0.684
 3364.6279 0.684
 3364.7275 0.684
 3364.8271 0.684
 3364.9268 0.684
 3365.0264 0.684
 3365.1260 0.684
 3365.2256 0.684
 3365.3252 0.684
 3365.4248 0.684
 3365.5244 0.684
 3365.6240 0.684
 3365.7236 0.684
 3365.8232 0.684
 3365.9229 0.684
 3366.0225 0.684
 3366.1221 0.683
 3366.2217 0.684
 3366.3213 0.684
 3366.4209 0.684
 3366.5205 0.684
 3366.6201 0.684
 3366.7197 0.684
 3366.8193 0.684
 3366.9189 0.685
 3367.0186 0.685
 3367.1182 0.685
 3367.2178 0.685
 3367.3174 0.685
 3367.4170 0.685
 3367.5166 0.685
 3367.6162 0.684
 3367.7158 0.684
 3367.8154 0.684
 3367.9150 0.684
 3368.0146 0.684
 3368.1143 0.684
 3368.2139 0.684
 3368.3135 0.684
 3368.4131 0.684
 3368.5127 0.684
 3368.6123 0.685
 3368.7119 0.685
 3368.8115 0.685
 3368.9111 0.685
 3369.0107 0.685
 3369.1104 0.685
 3369.2100 0.685
 3369.3096 0.685
 3369.4092 0.685
 3369.5088 0.685
 3369.6084 0.685
 3369.7080 0.685
 3369.8076 0.685
 3369.9072 0.685
 3370.0068 0.685
 3370.1064 0.685
 3370.2061 0.685
 3370.3057 0.685
 3370.4053 0.685
 3370.5049 0.685
 3370.6045 0.685
 3370.7041 0.686
 3370.8037 0.685
 3370.9033 0.686
 3371.0029 0.686
 3371.1025 0.686
 3371.2021 0.686
 3371.3018 0.686
 3371.4014 0.686
 3371.5010 0.686
 3371.6006 0.686
 3371.7002 0.686
 3371.7998 0.686
 3371.8994 0.686
 3371.9990 0.686
 3372.0986 0.686
 3372.1982 0.685
 3372.2979 0.685
 3372.3975 0.685
 3372.4971 0.685
 3372.5967 0.685
 3372.6963 0.685
 3372.7959 0.685
 3372.8955 0.685
 3372.9951 0.685
 3373.0947 0.685
 3373.1943 0.685
 3373.2939 0.686
 3373.3936 0.686
 3373.4932 0.686
 3373.5928 0.686
 3373.6924 0.686
 3373.7920 0.686
 3373.8916 0.686
 3373.9912 0.686
 3374.0908 0.686
 3374.1904 0.686
 3374.2900 0.686
 3374.3896 0.686
 3374.4893 0.686
 3374.5889 0.686
 3374.6885 0.686
 3374.7881 0.686
 3374.8877 0.686
 3374.9873 0.686
 3375.0869 0.686
 3375.1865 0.686
 3375.2861 0.686
 3375.3857 0.686
 3375.4854 0.686
 3375.5850 0.687
 3375.6846 0.687
 3375.7842 0.687
 3375.8838 0.687
 3375.9834 0.687
 3376.0830 0.687
 3376.1826 0.687
 3376.2822 0.687
 3376.3818 0.687
 3376.4814 0.687
 3376.5811 0.687
 3376.6807 0.687
 3376.7803 0.687
 3376.8799 0.687
 3376.9795 0.687
 3377.0791 0.687
 3377.1787 0.687
 3377.2783 0.687
 3377.3779 0.687
 3377.4775 0.687
 3377.5771 0.687
 3377.6768 0.687
 3377.7764 0.688
 3377.8760 0.688
 3377.9756 0.688
 3378.0752 0.688
 3378.1748 0.688
 3378.2744 0.688
 3378.3740 0.688
 3378.4736 0.688
 3378.5732 0.688
 3378.6729 0.688
 3378.7725 0.688
 3378.8721 0.688
 3378.9717 0.688
 3379.0713 0.687
 3379.1709 0.687
 3379.2705 0.687
 3379.3701 0.687
 3379.4697 0.687
 3379.5693 0.687
 3379.6689 0.687
 3379.7686 0.687
 3379.8682 0.687
 3379.9678 0.687
 3380.0674 0.687
 3380.1670 0.688
 3380.2666 0.688
 3380.3662 0.688
 3380.4658 0.688
 3380.5654 0.688
 3380.6650 0.688
 3380.7646 0.688
 3380.8643 0.688
 3380.9639 0.688
 3381.0635 0.688
 3381.1631 0.688
 3381.2627 0.688
 3381.3623 0.688
 3381.4619 0.688
 3381.5615 0.688
 3381.6611 0.688
 3381.7607 0.688
 3381.8604 0.688
 3381.9600 0.688
 3382.0596 0.688
 3382.1592 0.688
 3382.2588 0.688
 3382.3584 0.688
 3382.4580 0.688
 3382.5576 0.688
 3382.6572 0.688
 3382.7568 0.688
 3382.8564 0.688
 3382.9561 0.688
 3383.0557 0.688
 3383.1553 0.688
 3383.2549 0.688
 3383.3545 0.688
 3383.4541 0.688
 3383.5537 0.688
 3383.6533 0.689
 3383.7529 0.689
 3383.8525 0.689
 3383.9521 0.689
 3384.0518 0.689
 3384.1514 0.689
 3384.2510 0.689
 3384.3506 0.688
 3384.4502 0.688
 3384.5498 0.688
 3384.6494 0.688
 3384.7490 0.688
 3384.8486 0.688
 3384.9482 0.688
 3385.0479 0.688
 3385.1475 0.689
 3385.2471 0.689
 3385.3467 0.689
 3385.4463 0.689
 3385.5459 0.689
 3385.6455 0.689
 3385.7451 0.689
 3385.8447 0.689
 3385.9443 0.689
 3386.0439 0.689
 3386.1436 0.689
 3386.2432 0.689
 3386.3428 0.689
 3386.4424 0.689
 3386.5420 0.689
 3386.6416 0.689
 3386.7412 0.689
 3386.8408 0.689
 3386.9404 0.689
 3387.0400 0.689
 3387.1396 0.689
 3387.2393 0.690
 3387.3389 0.690
 3387.4385 0.690
 3387.5381 0.690
 3387.6377 0.690
 3387.7373 0.690
 3387.8369 0.690
 3387.9365 0.690
 3388.0361 0.689
 3388.1357 0.689
 3388.2354 0.689
 3388.3350 0.689
 3388.4346 0.689
 3388.5342 0.689
 3388.6338 0.689
 3388.7334 0.689
 3388.8330 0.690
 3388.9326 0.690
 3389.0322 0.690
 3389.1318 0.690
 3389.2314 0.690
 3389.3311 0.690
 3389.4307 0.691
 3389.5303 0.691
 3389.6299 0.690
 3389.7295 0.690
 3389.8291 0.691
 3389.9287 0.690
 3390.0283 0.691
 3390.1279 0.691
 3390.2275 0.691
 3390.3271 0.691
 3390.4268 0.691
 3390.5264 0.691
 3390.6260 0.691
 3390.7256 0.691
 3390.8252 0.691
 3390.9248 0.691
 3391.0244 0.691
 3391.1240 0.691
 3391.2236 0.691
 3391.3232 0.691
 3391.4229 0.691
 3391.5225 0.691
 3391.6221 0.691
 3391.7217 0.691
 3391.8213 0.691
 3391.9209 0.691
 3392.0205 0.690
 3392.1201 0.690
 3392.2197 0.690
 3392.3193 0.690
 3392.4189 0.690
 3392.5186 0.691
 3392.6182 0.691
 3392.7178 0.691
 3392.8174 0.691
 3392.9170 0.691
 3393.0166 0.691
 3393.1162 0.691
 3393.2158 0.691
 3393.3154 0.691
 3393.4150 0.691
 3393.5146 0.691
 3393.6143 0.691
 3393.7139 0.691
 3393.8135 0.691
 3393.9131 0.691
 3394.0127 0.691
 3394.1123 0.691
 3394.2119 0.692
 3394.3115 0.692
 3394.4111 0.692
 3394.5107 0.692
 3394.6104 0.692
 3394.7100 0.692
 3394.8096 0.692
 3394.9092 0.692
 3395.0088 0.692
 3395.1084 0.692
 3395.2080 0.692
 3395.3076 0.692
 3395.4072 0.692
 3395.5068 0.692
 3395.6064 0.692
 3395.7061 0.692
 3395.8057 0.692
 3395.9053 0.692
 3396.0049 0.692
 3396.1045 0.692
 3396.2041 0.692
 3396.3037 0.693
 3396.4033 0.693
 3396.5029 0.693
 3396.6025 0.693
 3396.7021 0.693
 3396.8018 0.693
 3396.9014 0.693
 3397.0010 0.693
 3397.1006 0.693
 3397.2002 0.693
 3397.2998 0.693
 3397.3994 0.693
 3397.4990 0.693
 3397.5986 0.692
 3397.6982 0.692
 3397.7979 0.692
 3397.8975 0.692
 3397.9971 0.692
 3398.0967 0.692
 3398.1963 0.692
 3398.2959 0.692
 3398.3955 0.692
 3398.4951 0.692
 3398.5947 0.692
 3398.6943 0.693
 3398.7939 0.693
 3398.8936 0.693
 3398.9932 0.693
 3399.0928 0.693
 3399.1924 0.693
 3399.2920 0.693
 3399.3916 0.693
 3399.4912 0.693
 3399.5908 0.693
 3399.6904 0.692
 3399.7900 0.692
 3399.8896 0.692
 3399.9893 0.692
 3400.0889 0.692
 3400.1885 0.692
 3400.2881 0.692
 3400.3877 0.692
 3400.4873 0.693
 3400.5869 0.693
 3400.6865 0.693
 3400.7861 0.693
 3400.8857 0.693
 3400.9854 0.693
 3401.0850 0.693
 3401.1846 0.693
 3401.2842 0.693
 3401.3838 0.693
 3401.4834 0.693
 3401.5830 0.693
 3401.6826 0.693
 3401.7822 0.693
 3401.8818 0.693
 3401.9814 0.693
 3402.0811 0.693
 3402.1807 0.693
 3402.2803 0.693
 3402.3799 0.693
 3402.4795 0.693
 3402.5791 0.693
 3402.6787 0.693
 3402.7783 0.693
 3402.8779 0.693
 3402.9775 0.693
 3403.0771 0.694
 3403.1768 0.694
 3403.2764 0.694
 3403.3760 0.694
 3403.4756 0.694
 3403.5752 0.694
 3403.6748 0.694
 3403.7744 0.694
 3403.8740 0.694
 3403.9736 0.694
 3404.0732 0.694
 3404.1729 0.694
 3404.2725 0.694
 3404.3721 0.694
 3404.4717 0.694
 3404.5713 0.694
 3404.6709 0.694
 3404.7705 0.694
 3404.8701 0.694
 3404.9697 0.694
 3405.0693 0.693
 3405.1689 0.693
 3405.2686 0.693
 3405.3682 0.693
 3405.4678 0.693
 3405.5674 0.694
 3405.6670 0.694
 3405.7666 0.694
 3405.8662 0.694
 3405.9658 0.695
 3406.0654 0.695
 3406.1650 0.695
 3406.2646 0.695
 3406.3643 0.695
 3406.4639 0.695
 3406.5635 0.695
 3406.6631 0.695
 3406.7627 0.694
 3406.8623 0.694
 3406.9619 0.694
 3407.0615 0.694
 3407.1611 0.694
 3407.2607 0.694
 3407.3604 0.694
 3407.4600 0.694
 3407.5596 0.695
 3407.6592 0.695
 3407.7588 0.695
 3407.8584 0.695
 3407.9580 0.695
 3408.0576 0.695
 3408.1572 0.695
 3408.2568 0.695
 3408.3564 0.695
 3408.4561 0.695
 3408.5557 0.695
 3408.6553 0.695
 3408.7549 0.695
 3408.8545 0.695
 3408.9541 0.696
 3409.0537 0.696
 3409.1533 0.696
 3409.2529 0.695
 3409.3525 0.695
 3409.4521 0.695
 3409.5518 0.695
 3409.6514 0.695
 3409.7510 0.696
 3409.8506 0.696
 3409.9502 0.696
 3410.0498 0.696
 3410.1494 0.696
 3410.2490 0.696
 3410.3486 0.696
 3410.4482 0.696
 3410.5479 0.696
 3410.6475 0.696
 3410.7471 0.696
 3410.8467 0.696
 3410.9463 0.696
 3411.0459 0.695
 3411.1455 0.695
 3411.2451 0.695
 3411.3447 0.695
 3411.4443 0.695
 3411.5439 0.695
 3411.6436 0.695
 3411.7432 0.696
 3411.8428 0.696
 3411.9424 0.696
 3412.0420 0.696
 3412.1416 0.696
 3412.2412 0.696
 3412.3408 0.697
 3412.4404 0.697
 3412.5400 0.697
 3412.6396 0.697
 3412.7393 0.697
 3412.8389 0.697
 3412.9385 0.697
 3413.0381 0.697
 3413.1377 0.697
 3413.2373 0.697
 3413.3369 0.696
 3413.4365 0.696
 3413.5361 0.696
 3413.6357 0.696
 3413.7354 0.696
 3413.8350 0.696
 3413.9346 0.696
 3414.0342 0.696
 3414.1338 0.697
 3414.2334 0.697
 3414.3330 0.697
 3414.4326 0.697
 3414.5322 0.697
 3414.6318 0.697
 3414.7314 0.697
 3414.8311 0.697
 3414.9307 0.697
 3415.0303 0.697
 3415.1299 0.697
 3415.2295 0.697
 3415.3291 0.697
 3415.4287 0.697
 3415.5283 0.697
 3415.6279 0.697
 3415.7275 0.696
 3415.8271 0.697
 3415.9268 0.697
 3416.0264 0.697
 3416.1260 0.697
 3416.2256 0.697
 3416.3252 0.697
 3416.4248 0.697
 3416.5244 0.698
 3416.6240 0.698
 3416.7236 0.698
 3416.8232 0.698
 3416.9229 0.698
 3417.0225 0.697
 3417.1221 0.697
 3417.2217 0.697
 3417.3213 0.697
 3417.4209 0.697
 3417.5205 0.697
 3417.6201 0.697
 3417.7197 0.697
 3417.8193 0.697
 3417.9189 0.697
 3418.0186 0.697
 3418.1182 0.697
 3418.2178 0.697
 3418.3174 0.698
 3418.4170 0.698
 3418.5166 0.698
 3418.6162 0.698
 3418.7158 0.698
 3418.8154 0.698
 3418.9150 0.698
 3419.0146 0.698
 3419.1143 0.698
 3419.2139 0.698
 3419.3135 0.698
 3419.4131 0.698
 3419.5127 0.698
 3419.6123 0.698
 3419.7119 0.698
 3419.8115 0.699
 3419.9111 0.699
 3420.0107 0.699
 3420.1104 0.699
 3420.2100 0.699
 3420.3096 0.699
 3420.4092 0.699
 3420.5088 0.699
 3420.6084 0.699
 3420.7080 0.699
 3420.8076 0.699
 3420.9072 0.699
 3421.0068 0.699
 3421.1064 0.699
 3421.2061 0.699
 3421.3057 0.699
 3421.4053 0.699
 3421.5049 0.699
 3421.6045 0.699
 3421.7041 0.698
 3421.8037 0.698
 3421.9033 0.698
 3422.0029 0.698
 3422.1025 0.698
 3422.2021 0.698
 3422.3018 0.698
 3422.4014 0.698
 3422.5010 0.698
 3422.6006 0.699
 3422.7002 0.699
 3422.7998 0.699
 3422.8994 0.699
 3422.9990 0.699
 3423.0986 0.699
 3423.1982 0.699
 3423.2979 0.699
 3423.3975 0.699
 3423.4971 0.699
 3423.5967 0.699
 3423.6963 0.699
 3423.7959 0.699
 3423.8955 0.699
 3423.9951 0.699
 3424.0947 0.699
 3424.1943 0.699
 3424.2939 0.700
 3424.3936 0.700
 3424.4932 0.700
 3424.5928 0.700
 3424.6924 0.700
 3424.7920 0.700
 3424.8916 0.700
 3424.9912 0.700
 3425.0908 0.700
 3425.1904 0.700
 3425.2900 0.700
 3425.3896 0.700
 3425.4893 0.700
 3425.5889 0.700
 3425.6885 0.700
 3425.7881 0.700
 3425.8877 0.700
 3425.9873 0.700
 3426.0869 0.700
 3426.1865 0.700
 3426.2861 0.700
 3426.3857 0.700
 3426.4854 0.700
 3426.5850 0.700
 3426.6846 0.700
 3426.7842 0.700
 3426.8838 0.700
 3426.9834 0.699
 3427.0830 0.699
 3427.1826 0.699
 3427.2822 0.699
 3427.3818 0.699
 3427.4814 0.700
 3427.5811 0.700
 3427.6807 0.700
 3427.7803 0.700
 3427.8799 0.700
 3427.9795 0.700
 3428.0791 0.700
 3428.1787 0.700
 3428.2783 0.701
 3428.3779 0.701
 3428.4775 0.701
 3428.5771 0.701
 3428.6768 0.701
 3428.7764 0.700
 3428.8760 0.700
 3428.9756 0.700
 3429.0752 0.700
 3429.1748 0.700
 3429.2744 0.700
 3429.3740 0.700
 3429.4736 0.700
 3429.5732 0.700
 3429.6729 0.700
 3429.7725 0.700
 3429.8721 0.700
 3429.9717 0.701
 3430.0713 0.701
 3430.1709 0.701
 3430.2705 0.701
 3430.3701 0.701
 3430.4697 0.701
 3430.5693 0.701
 3430.6689 0.701
 3430.7686 0.701
 3430.8682 0.701
 3430.9678 0.701
 3431.0674 0.701
 3431.1670 0.701
 3431.2666 0.701
 3431.3662 0.701
 3431.4658 0.701
 3431.5654 0.701
 3431.6650 0.701
 3431.7646 0.701
 3431.8643 0.702
 3431.9639 0.702
 3432.0635 0.702
 3432.1631 0.702
 3432.2627 0.702
 3432.3623 0.702
 3432.4619 0.702
 3432.5615 0.702
 3432.6611 0.702
 3432.7607 0.702
 3432.8604 0.702
 3432.9600 0.702
 3433.0596 0.702
 3433.1592 0.702
 3433.2588 0.701
 3433.3584 0.701
 3433.4580 0.701
 3433.5576 0.701
 3433.6572 0.701
 3433.7568 0.701
 3433.8564 0.701
 3433.9561 0.701
 3434.0557 0.701
 3434.1553 0.701
 3434.2549 0.701
 3434.3545 0.701
 3434.4541 0.702
 3434.5537 0.702
 3434.6533 0.702
 3434.7529 0.702
 3434.8525 0.702
 3434.9521 0.702
 3435.0518 0.702
 3435.1514 0.702
 3435.2510 0.702
 3435.3506 0.702
 3435.4502 0.702
 3435.5498 0.702
 3435.6494 0.702
 3435.7490 0.702
 3435.8486 0.702
 3435.9482 0.702
 3436.0479 0.702
 3436.1475 0.702
 3436.2471 0.702
 3436.3467 0.702
 3436.4463 0.702
 3436.5459 0.702
 3436.6455 0.703
 3436.7451 0.703
 3436.8447 0.703
 3436.9443 0.703
 3437.0439 0.703
 3437.1436 0.703
 3437.2432 0.703
 3437.3428 0.703
 3437.4424 0.703
 3437.5420 0.702
 3437.6416 0.702
 3437.7412 0.702
 3437.8408 0.702
 3437.9404 0.702
 3438.0400 0.702
 3438.1396 0.702
 3438.2393 0.702
 3438.3389 0.702
 3438.4385 0.703
 3438.5381 0.703
 3438.6377 0.703
 3438.7373 0.703
 3438.8369 0.703
 3438.9365 0.703
 3439.0361 0.703
 3439.1357 0.703
 3439.2354 0.703
 3439.3350 0.703
 3439.4346 0.703
 3439.5342 0.704
 3439.6338 0.704
 3439.7334 0.704
 3439.8330 0.703
 3439.9326 0.703
 3440.0322 0.703
 3440.1318 0.703
 3440.2314 0.703
 3440.3311 0.703
 3440.4307 0.703
 3440.5303 0.703
 3440.6299 0.703
 3440.7295 0.703
 3440.8291 0.703
 3440.9287 0.704
 3441.0283 0.704
 3441.1279 0.704
 3441.2275 0.704
 3441.3271 0.704
 3441.4268 0.704
 3441.5264 0.704
 3441.6260 0.704
 3441.7256 0.704
 3441.8252 0.704
 3441.9248 0.704
 3442.0244 0.704
 3442.1240 0.704
 3442.2236 0.704
 3442.3232 0.704
 3442.4229 0.703
 3442.5225 0.703
 3442.6221 0.704
 3442.7217 0.704
 3442.8213 0.704
 3442.9209 0.704
 3443.0205 0.704
 3443.1201 0.704
 3443.2197 0.704
 3443.3193 0.705
 3443.4189 0.705
 3443.5186 0.705
 3443.6182 0.705
 3443.7178 0.705
 3443.8174 0.705
 3443.9170 0.705
 3444.0166 0.705
 3444.1162 0.705
 3444.2158 0.705
 3444.3154 0.705
 3444.4150 0.705
 3444.5146 0.705
 3444.6143 0.705
 3444.7139 0.705
 3444.8135 0.705
 3444.9131 0.705
 3445.0127 0.705
 3445.1123 0.705
 3445.2119 0.705
 3445.3115 0.705
 3445.4111 0.705
 3445.5107 0.704
 3445.6104 0.704
 3445.7100 0.704
 3445.8096 0.704
 3445.9092 0.704
 3446.0088 0.704
 3446.1084 0.704
 3446.2080 0.704
 3446.3076 0.704
 3446.4072 0.704
 3446.5068 0.704
 3446.6064 0.704
 3446.7061 0.705
 3446.8057 0.705
 3446.9053 0.705
 3447.0049 0.705
 3447.1045 0.705
 3447.2041 0.706
 3447.3037 0.706
 3447.4033 0.706
 3447.5029 0.706
 3447.6025 0.705
 3447.7021 0.705
 3447.8018 0.705
 3447.9014 0.705
 3448.0010 0.705
 3448.1006 0.705
 3448.2002 0.705
 3448.2998 0.705
 3448.3994 0.705
 3448.4990 0.705
 3448.5986 0.705
 3448.6982 0.705
 3448.7979 0.706
 3448.8975 0.706
 3448.9971 0.706
 3449.0967 0.706
 3449.1963 0.706
 3449.2959 0.706
 3449.3955 0.706
 3449.4951 0.706
 3449.5947 0.706
 3449.6943 0.706
 3449.7939 0.706
 3449.8936 0.706
 3449.9932 0.707
 3450.0928 0.707
 3450.1924 0.707
 3450.2920 0.707
 3450.3916 0.707
 3450.4912 0.707
 3450.5908 0.707
 3450.6904 0.707
 3450.7900 0.707
 3450.8896 0.707
 3450.9893 0.707
 3451.0889 0.707
 3451.1885 0.707
 3451.2881 0.707
 3451.3877 0.707
 3451.4873 0.707
 3451.5869 0.707
 3451.6865 0.707
 3451.7861 0.707
 3451.8857 0.707
 3451.9854 0.707
 3452.0850 0.707
 3452.1846 0.707
 3452.2842 0.707
 3452.3838 0.707
 3452.4834 0.707
 3452.5830 0.707
 3452.6826 0.707
 3452.7822 0.707
 3452.8818 0.707
 3452.9814 0.707
 3453.0811 0.707
 3453.1807 0.707
 3453.2803 0.707
 3453.3799 0.707
 3453.4795 0.707
 3453.5791 0.707
 3453.6787 0.706
 3453.7783 0.706
 3453.8779 0.706
 3453.9775 0.706
 3454.0771 0.706
 3454.1768 0.706
 3454.2764 0.706
 3454.3760 0.707
 3454.4756 0.707
 3454.5752 0.707
 3454.6748 0.707
 3454.7744 0.707
 3454.8740 0.707
 3454.9736 0.707
 3455.0732 0.707
 3455.1729 0.708
 3455.2725 0.708
 3455.3721 0.708
 3455.4717 0.708
 3455.5713 0.708
 3455.6709 0.708
 3455.7705 0.708
 3455.8701 0.708
 3455.9697 0.708
 3456.0693 0.708
 3456.1689 0.708
 3456.2686 0.707
 3456.3682 0.707
 3456.4678 0.707
 3456.5674 0.707
 3456.6670 0.707
 3456.7666 0.707
 3456.8662 0.707
 3456.9658 0.707
 3457.0654 0.708
 3457.1650 0.708
 3457.2646 0.708
 3457.3643 0.708
 3457.4639 0.708
 3457.5635 0.708
 3457.6631 0.708
 3457.7627 0.708
 3457.8623 0.708
 3457.9619 0.708
 3458.0615 0.708
 3458.1611 0.708
 3458.2607 0.708
 3458.3604 0.708
 3458.4600 0.708
 3458.5596 0.708
 3458.6592 0.708
 3458.7588 0.708
 3458.8584 0.708
 3458.9580 0.708
 3459.0576 0.708
 3459.1572 0.708
 3459.2568 0.709
 3459.3564 0.709
 3459.4561 0.709
 3459.5557 0.709
 3459.6553 0.709
 3459.7549 0.709
 3459.8545 0.709
 3459.9541 0.709
 3460.0537 0.709
 3460.1533 0.709
 3460.2529 0.709
 3460.3525 0.709
 3460.4521 0.709
 3460.5518 0.709
 3460.6514 0.709
 3460.7510 0.709
 3460.8506 0.709
 3460.9502 0.709
 3461.0498 0.709
 3461.1494 0.708
 3461.2490 0.708
 3461.3486 0.708
 3461.4482 0.708
 3461.5479 0.708
 3461.6475 0.708
 3461.7471 0.708
 3461.8467 0.708
 3461.9463 0.708
 3462.0459 0.708
 3462.1455 0.708
 3462.2451 0.709
 3462.3447 0.709
 3462.4443 0.709
 3462.5439 0.709
 3462.6436 0.709
 3462.7432 0.709
 3462.8428 0.710
 3462.9424 0.710
 3463.0420 0.710
 3463.1416 0.710
 3463.2412 0.710
 3463.3408 0.710
 3463.4404 0.710
 3463.5400 0.710
 3463.6396 0.710
 3463.7393 0.710
 3463.8389 0.710
 3463.9385 0.710
 3464.0381 0.710
 3464.1377 0.710
 3464.2373 0.710
 3464.3369 0.710
 3464.4365 0.709
 3464.5361 0.709
 3464.6357 0.709
 3464.7354 0.709
 3464.8350 0.709
 3464.9346 0.709
 3465.0342 0.709
 3465.1338 0.710
 3465.2334 0.710
 3465.3330 0.710
 3465.4326 0.710
 3465.5322 0.710
 3465.6318 0.710
 3465.7314 0.710
 3465.8311 0.711
 3465.9307 0.711
 3466.0303 0.711
 3466.1299 0.711
 3466.2295 0.711
 3466.3291 0.711
 3466.4287 0.711
 3466.5283 0.711
 3466.6279 0.711
 3466.7275 0.711
 3466.8271 0.711
 3466.9268 0.710
 3467.0264 0.710
 3467.1260 0.710
 3467.2256 0.710
 3467.3252 0.710
 3467.4248 0.710
 3467.5244 0.710
 3467.6240 0.710
 3467.7236 0.710
 3467.8232 0.711
 3467.9229 0.711
 3468.0225 0.711
 3468.1221 0.711
 3468.2217 0.711
 3468.3213 0.711
 3468.4209 0.711
 3468.5205 0.711
 3468.6201 0.711
 3468.7197 0.711
 3468.8193 0.711
 3468.9189 0.711
 3469.0186 0.710
 3469.1182 0.710
 3469.2178 0.710
 3469.3174 0.710
 3469.4170 0.710
 3469.5166 0.710
 3469.6162 0.710
 3469.7158 0.710
 3469.8154 0.710
 3469.9150 0.711
 3470.0146 0.711
 3470.1143 0.711
 3470.2139 0.711
 3470.3135 0.711
 3470.4131 0.711
 3470.5127 0.711
 3470.6123 0.711
 3470.7119 0.711
 3470.8115 0.712
 3470.9111 0.712
 3471.0107 0.712
 3471.1104 0.711
 3471.2100 0.711
 3471.3096 0.711
 3471.4092 0.711
 3471.5088 0.711
 3471.6084 0.711
 3471.7080 0.711
 3471.8076 0.711
 3471.9072 0.711
 3472.0068 0.711
 3472.1064 0.711
 3472.2061 0.711
 3472.3057 0.711
 3472.4053 0.711
 3472.5049 0.712
 3472.6045 0.712
 3472.7041 0.712
 3472.8037 0.712
 3472.9033 0.712
 3473.0029 0.712
 3473.1025 0.712
 3473.2021 0.712
 3473.3018 0.712
 3473.4014 0.712
 3473.5010 0.712
 3473.6006 0.712
 3473.7002 0.712
 3473.7998 0.712
 3473.8994 0.712
 3473.9990 0.712
 3474.0986 0.712
 3474.1982 0.712
 3474.2979 0.713
 3474.3975 0.713
 3474.4971 0.713
 3474.5967 0.713
 3474.6963 0.713
 3474.7959 0.713
 3474.8955 0.713
 3474.9951 0.713
 3475.0947 0.713
 3475.1943 0.713
 3475.2939 0.713
 3475.3936 0.713
 3475.4932 0.713
 3475.5928 0.713
 3475.6924 0.713
 3475.7920 0.713
 3475.8916 0.713
 3475.9912 0.713
 3476.0908 0.713
 3476.1904 0.713
 3476.2900 0.713
 3476.3896 0.713
 3476.4893 0.713
 3476.5889 0.713
 3476.6885 0.713
 3476.7881 0.713
 3476.8877 0.713
 3476.9873 0.713
 3477.0869 0.713
 3477.1865 0.713
 3477.2861 0.713
 3477.3857 0.713
 3477.4854 0.713
 3477.5850 0.713
 3477.6846 0.713
 3477.7842 0.713
 3477.8838 0.713
 3477.9834 0.713
 3478.0830 0.713
 3478.1826 0.713
 3478.2822 0.713
 3478.3818 0.713
 3478.4814 0.713
 3478.5811 0.713
 3478.6807 0.713
 3478.7803 0.713
 3478.8799 0.713
 3478.9795 0.713
 3479.0791 0.713
 3479.1787 0.714
 3479.2783 0.713
 3479.3779 0.713
 3479.4775 0.713
 3479.5771 0.713
 3479.6768 0.713
 3479.7764 0.713
 3479.8760 0.713
 3479.9756 0.713
 3480.0752 0.713
 3480.1748 0.713
 3480.2744 0.713
 3480.3740 0.713
 3480.4736 0.713
 3480.5732 0.713
 3480.6729 0.713
 3480.7725 0.713
 3480.8721 0.714
 3480.9717 0.714
 3481.0713 0.714
 3481.1709 0.714
 3481.2705 0.714
 3481.3701 0.714
 3481.4697 0.714
 3481.5693 0.714
 3481.6689 0.714
 3481.7686 0.714
 3481.8682 0.714
 3481.9678 0.714
 3482.0674 0.714
 3482.1670 0.714
 3482.2666 0.714
 3482.3662 0.714
 3482.4658 0.714
 3482.5654 0.714
 3482.6650 0.714
 3482.7646 0.714
 3482.8643 0.715
 3482.9639 0.715
 3483.0635 0.715
 3483.1631 0.715
 3483.2627 0.715
 3483.3623 0.715
 3483.4619 0.715
 3483.5615 0.715
 3483.6611 0.715
 3483.7607 0.715
 3483.8604 0.715
 3483.9600 0.715
 3484.0596 0.715
 3484.1592 0.715
 3484.2588 0.715
 3484.3584 0.715
 3484.4580 0.715
 3484.5576 0.715
 3484.6572 0.714
 3484.7568 0.714
 3484.8564 0.714
 3484.9561 0.714
 3485.0557 0.714
 3485.1553 0.714
 3485.2549 0.714
 3485.3545 0.714
 3485.4541 0.714
 3485.5537 0.715
 3485.6533 0.715
 3485.7529 0.715
 3485.8525 0.715
 3485.9521 0.715
 3486.0518 0.715
 3486.1514 0.715
 3486.2510 0.715
 3486.3506 0.715
 3486.4502 0.715
 3486.5498 0.715
 3486.6494 0.716
 3486.7490 0.716
 3486.8486 0.716
 3486.9482 0.716
 3487.0479 0.716
 3487.1475 0.716
 3487.2471 0.716
 3487.3467 0.716
 3487.4463 0.716
 3487.5459 0.716
 3487.6455 0.716
 3487.7451 0.716
 3487.8447 0.716
 3487.9443 0.716
 3488.0439 0.716
 3488.1436 0.716
 3488.2432 0.716
 3488.3428 0.716
 3488.4424 0.716
 3488.5420 0.716
 3488.6416 0.716
 3488.7412 0.716
 3488.8408 0.716
 3488.9404 0.716
 3489.0400 0.715
 3489.1396 0.715
 3489.2393 0.715
 3489.3389 0.715
 3489.4385 0.715
 3489.5381 0.715
 3489.6377 0.716
 3489.7373 0.716
 3489.8369 0.716
 3489.9365 0.716
 3490.0361 0.716
 3490.1357 0.716
 3490.2354 0.716
 3490.3350 0.716
 3490.4346 0.716
 3490.5342 0.716
 3490.6338 0.716
 3490.7334 0.716
 3490.8330 0.716
 3490.9326 0.716
 3491.0322 0.716
 3491.1318 0.716
 3491.2314 0.716
 3491.3311 0.716
 3491.4307 0.716
 3491.5303 0.716
 3491.6299 0.716
 3491.7295 0.717
 3491.8291 0.717
 3491.9287 0.717
 3492.0283 0.717
 3492.1279 0.717
 3492.2275 0.717
 3492.3271 0.717
 3492.4268 0.717
 3492.5264 0.717
 3492.6260 0.717
 3492.7256 0.717
 3492.8252 0.717
 3492.9248 0.717
 3493.0244 0.717
 3493.1240 0.717
 3493.2236 0.717
 3493.3232 0.717
 3493.4229 0.717
 3493.5225 0.717
 3493.6221 0.717
 3493.7217 0.717
 3493.8213 0.717
 3493.9209 0.717
 3494.0205 0.717
 3494.1201 0.717
 3494.2197 0.717
 3494.3193 0.717
 3494.4189 0.717
 3494.5186 0.717
 3494.6182 0.717
 3494.7178 0.717
 3494.8174 0.717
 3494.9170 0.717
 3495.0166 0.718
 3495.1162 0.718
 3495.2158 0.718
 3495.3154 0.718
 3495.4150 0.718
 3495.5146 0.718
 3495.6143 0.718
 3495.7139 0.718
 3495.8135 0.718
 3495.9131 0.718
 3496.0127 0.718
 3496.1123 0.718
 3496.2119 0.718
 3496.3115 0.718
 3496.4111 0.718
 3496.5107 0.718
 3496.6104 0.718
 3496.7100 0.718
 3496.8096 0.718
 3496.9092 0.718
 3497.0088 0.718
 3497.1084 0.718
 3497.2080 0.718
 3497.3076 0.718
 3497.4072 0.718
 3497.5068 0.718
 3497.6064 0.718
 3497.7061 0.718
 3497.8057 0.718
 3497.9053 0.718
 3498.0049 0.719
 3498.1045 0.719
 3498.2041 0.719
 3498.3037 0.718
 3498.4033 0.718
 3498.5029 0.718
 3498.6025 0.718
 3498.7021 0.718
 3498.8018 0.719
 3498.9014 0.719
 3499.0010 0.718
 3499.1006 0.718
 3499.2002 0.718
 3499.2998 0.718
 3499.3994 0.719
 3499.4990 0.719
 3499.5986 0.719
 3499.6982 0.719
 3499.7979 0.719
 3499.8975 0.719
 3499.9971 0.719
 3500.0967 0.719
 3500.1963 0.719
 3500.2959 0.719
 3500.3955 0.719
 3500.4951 0.719
 3500.5947 0.719
 3500.6943 0.719
 3500.7939 0.719
 3500.8936 0.719
 3500.9932 0.719
 3501.0928 0.719
 3501.1924 0.719
 3501.2920 0.719
 3501.3916 0.719
 3501.4912 0.719
 3501.5908 0.719
 3501.6904 0.719
 3501.7900 0.719
 3501.8896 0.719
 3501.9893 0.719
 3502.0889 0.719
 3502.1885 0.719
 3502.2881 0.719
 3502.3877 0.718
 3502.4873 0.718
 3502.5869 0.718
 3502.6865 0.718
 3502.7861 0.718
 3502.8857 0.718
 3502.9854 0.719
 3503.0850 0.719
 3503.1846 0.719
 3503.2842 0.719
 3503.3838 0.719
 3503.4834 0.719
 3503.5830 0.719
 3503.6826 0.720
 3503.7822 0.719
 3503.8818 0.719
 3503.9814 0.719
 3504.0811 0.719
 3504.1807 0.719
 3504.2803 0.720
 3504.3799 0.720
 3504.4795 0.720
 3504.5791 0.720
 3504.6787 0.720
 3504.7783 0.720
 3504.8779 0.720
 3504.9775 0.720
 3505.0771 0.720
 3505.1768 0.720
 3505.2764 0.720
 3505.3760 0.720
 3505.4756 0.720
 3505.5752 0.720
 3505.6748 0.720
 3505.7744 0.720
 3505.8740 0.720
 3505.9736 0.720
 3506.0732 0.720
 3506.1729 0.720
 3506.2725 0.720
 3506.3721 0.721
 3506.4717 0.721
 3506.5713 0.721
 3506.6709 0.721
 3506.7705 0.721
 3506.8701 0.721
 3506.9697 0.721
 3507.0693 0.721
 3507.1689 0.721
 3507.2686 0.721
 3507.3682 0.721
 3507.4678 0.721
 3507.5674 0.721
 3507.6670 0.721
 3507.7666 0.721
 3507.8662 0.721
 3507.9658 0.721
 3508.0654 0.721
 3508.1650 0.721
 3508.2646 0.721
 3508.3643 0.721
 3508.4639 0.721
 3508.5635 0.721
 3508.6631 0.721
 3508.7627 0.721
 3508.8623 0.721
 3508.9619 0.721
 3509.0615 0.721
 3509.1611 0.721
 3509.2607 0.721
 3509.3604 0.721
 3509.4600 0.721
 3509.5596 0.721
 3509.6592 0.721
 3509.7588 0.721
 3509.8584 0.722
 3509.9580 0.722
 3510.0576 0.722
 3510.1572 0.722
 3510.2568 0.722
 3510.3564 0.722
 3510.4561 0.722
 3510.5557 0.722
 3510.6553 0.722
 3510.7549 0.722
 3510.8545 0.722
 3510.9541 0.722
 3511.0537 0.722
 3511.1533 0.722
 3511.2529 0.722
 3511.3525 0.722
 3511.4521 0.722
 3511.5518 0.722
 3511.6514 0.722
 3511.7510 0.722
 3511.8506 0.722
 3511.9502 0.722
 3512.0498 0.722
 3512.1494 0.722
 3512.2490 0.722
 3512.3486 0.722
 3512.4482 0.722
 3512.5479 0.722
 3512.6475 0.722
 3512.7471 0.722
 3512.8467 0.722
 3512.9463 0.722
 3513.0459 0.722
 3513.1455 0.722
 3513.2451 0.722
 3513.3447 0.722
 3513.4443 0.722
 3513.5439 0.722
 3513.6436 0.722
 3513.7432 0.722
 3513.8428 0.722
 3513.9424 0.722
 3514.0420 0.722
 3514.1416 0.723
 3514.2412 0.723
 3514.3408 0.723
 3514.4404 0.723
 3514.5400 0.723
 3514.6396 0.722
 3514.7393 0.722
 3514.8389 0.722
 3514.9385 0.722
 3515.0381 0.722
 3515.1377 0.722
 3515.2373 0.722
 3515.3369 0.722
 3515.4365 0.722
 3515.5361 0.722
 3515.6357 0.722
 3515.7354 0.722
 3515.8350 0.722
 3515.9346 0.722
 3516.0342 0.723
 3516.1338 0.723
 3516.2334 0.723
 3516.3330 0.723
 3516.4326 0.723
 3516.5322 0.723
 3516.6318 0.723
 3516.7314 0.723
 3516.8311 0.723
 3516.9307 0.723
 3517.0303 0.723
 3517.1299 0.723
 3517.2295 0.723
 3517.3291 0.723
 3517.4287 0.723
 3517.5283 0.723
 3517.6279 0.723
 3517.7275 0.723
 3517.8271 0.723
 3517.9268 0.723
 3518.0264 0.723
 3518.1260 0.723
 3518.2256 0.724
 3518.3252 0.724
 3518.4248 0.724
 3518.5244 0.724
 3518.6240 0.724
 3518.7236 0.724
 3518.8232 0.724
 3518.9229 0.724
 3519.0225 0.724
 3519.1221 0.724
 3519.2217 0.724
 3519.3213 0.724
 3519.4209 0.724
 3519.5205 0.724
 3519.6201 0.724
 3519.7197 0.724
 3519.8193 0.724
 3519.9189 0.724
 3520.0186 0.724
 3520.1182 0.724
 3520.2178 0.723
 3520.3174 0.723
 3520.4170 0.723
 3520.5166 0.723
 3520.6162 0.723
 3520.7158 0.723
 3520.8154 0.724
 3520.9150 0.724
 3521.0146 0.724
 3521.1143 0.724
 3521.2139 0.724
 3521.3135 0.724
 3521.4131 0.724
 3521.5127 0.724
 3521.6123 0.725
 3521.7119 0.725
 3521.8115 0.725
 3521.9111 0.725
 3522.0107 0.725
 3522.1104 0.725
 3522.2100 0.725
 3522.3096 0.725
 3522.4092 0.725
 3522.5088 0.725
 3522.6084 0.725
 3522.7080 0.725
 3522.8076 0.724
 3522.9072 0.724
 3523.0068 0.724
 3523.1064 0.724
 3523.2061 0.724
 3523.3057 0.724
 3523.4053 0.724
 3523.5049 0.724
 3523.6045 0.724
 3523.7041 0.724
 3523.8037 0.725
 3523.9033 0.725
 3524.0029 0.725
 3524.1025 0.725
 3524.2021 0.725
 3524.3018 0.725
 3524.4014 0.725
 3524.5010 0.725
 3524.6006 0.725
 3524.7002 0.725
 3524.7998 0.725
 3524.8994 0.725
 3524.9990 0.725
 3525.0986 0.724
 3525.1982 0.724
 3525.2979 0.724
 3525.3975 0.724
 3525.4971 0.725
 3525.5967 0.725
 3525.6963 0.725
 3525.7959 0.725
 3525.8955 0.725
 3525.9951 0.725
 3526.0947 0.726
 3526.1943 0.726
 3526.2939 0.726
 3526.3936 0.726
 3526.4932 0.726
 3526.5928 0.725
 3526.6924 0.725
 3526.7920 0.725
 3526.8916 0.725
 3526.9912 0.725
 3527.0908 0.725
 3527.1904 0.725
 3527.2900 0.725
 3527.3896 0.725
 3527.4893 0.725
 3527.5889 0.725
 3527.6885 0.725
 3527.7881 0.726
 3527.8877 0.726
 3527.9873 0.726
 3528.0869 0.726
 3528.1865 0.726
 3528.2861 0.726
 3528.3857 0.726
 3528.4854 0.726
 3528.5850 0.726
 3528.6846 0.726
 3528.7842 0.726
 3528.8838 0.726
 3528.9834 0.727
 3529.0830 0.727
 3529.1826 0.727
 3529.2822 0.727
 3529.3818 0.727
 3529.4814 0.727
 3529.5811 0.727
 3529.6807 0.727
 3529.7803 0.726
 3529.8799 0.726
 3529.9795 0.726
 3530.0791 0.726
 3530.1787 0.726
 3530.2783 0.726
 3530.3779 0.726
 3530.4775 0.726
 3530.5771 0.726
 3530.6768 0.726
 3530.7764 0.726
 3530.8760 0.726
 3530.9756 0.726
 3531.0752 0.727
 3531.1748 0.727
 3531.2744 0.727
 3531.3740 0.727
 3531.4736 0.727
 3531.5732 0.727
 3531.6729 0.727
 3531.7725 0.727
 3531.8721 0.727
 3531.9717 0.727
 3532.0713 0.727
 3532.1709 0.727
 3532.2705 0.727
 3532.3701 0.727
 3532.4697 0.727
 3532.5693 0.727
 3532.6689 0.727
 3532.7686 0.728
 3532.8682 0.728
 3532.9678 0.728
 3533.0674 0.728
 3533.1670 0.728
 3533.2666 0.728
 3533.3662 0.728
 3533.4658 0.728
 3533.5654 0.728
 3533.6650 0.728
 3533.7646 0.728
 3533.8643 0.728
 3533.9639 0.728
 3534.0635 0.728
 3534.1631 0.728
 3534.2627 0.728
 3534.3623 0.728
 3534.4619 0.728
 3534.5615 0.728
 3534.6611 0.727
 3534.7607 0.727
 3534.8604 0.727
 3534.9600 0.727
 3535.0596 0.727
 3535.1592 0.727
 3535.2588 0.727
 3535.3584 0.727
 3535.4580 0.727
 3535.5576 0.727
 3535.6572 0.728
 3535.7568 0.728
 3535.8564 0.728
 3535.9561 0.728
 3536.0557 0.728
 3536.1553 0.728
 3536.2549 0.728
 3536.3545 0.728
 3536.4541 0.728
 3536.5537 0.728
 3536.6533 0.728
 3536.7529 0.728
 3536.8525 0.728
 3536.9521 0.728
 3537.0518 0.728
 3537.1514 0.728
 3537.2510 0.727
 3537.3506 0.727
 3537.4502 0.727
 3537.5498 0.727
 3537.6494 0.727
 3537.7490 0.728
 3537.8486 0.728
 3537.9482 0.728
 3538.0479 0.728
 3538.1475 0.728
 3538.2471 0.728
 3538.3467 0.728
 3538.4463 0.728
 3538.5459 0.729
 3538.6455 0.729
 3538.7451 0.729
 3538.8447 0.729
 3538.9443 0.729
 3539.0439 0.729
 3539.1436 0.729
 3539.2432 0.729
 3539.3428 0.729
 3539.4424 0.729
 3539.5420 0.729
 3539.6416 0.729
 3539.7412 0.729
 3539.8408 0.729
 3539.9404 0.729
 3540.0400 0.729
 3540.1396 0.729
 3540.2393 0.729
 3540.3389 0.729
 3540.4385 0.729
 3540.5381 0.729
 3540.6377 0.729
 3540.7373 0.729
 3540.8369 0.729
 3540.9365 0.729
 3541.0361 0.729
 3541.1357 0.729
 3541.2354 0.729
 3541.3350 0.729
 3541.4346 0.729
 3541.5342 0.729
 3541.6338 0.729
 3541.7334 0.729
 3541.8330 0.729
 3541.9326 0.729
 3542.0322 0.729
 3542.1318 0.729
 3542.2314 0.730
 3542.3311 0.730
 3542.4307 0.730
 3542.5303 0.730
 3542.6299 0.730
 3542.7295 0.729
 3542.8291 0.729
 3542.9287 0.729
 3543.0283 0.729
 3543.1279 0.729
 3543.2275 0.729
 3543.3271 0.729
 3543.4268 0.729
 3543.5264 0.730
 3543.6260 0.730
 3543.7256 0.730
 3543.8252 0.730
 3543.9248 0.730
 3544.0244 0.730
 3544.1240 0.730
 3544.2236 0.730
 3544.3232 0.730
 3544.4229 0.730
 3544.5225 0.729
 3544.6221 0.729
 3544.7217 0.729
 3544.8213 0.729
 3544.9209 0.730
 3545.0205 0.730
 3545.1201 0.730
 3545.2197 0.730
 3545.3193 0.730
 3545.4189 0.730
 3545.5186 0.730
 3545.6182 0.731
 3545.7178 0.731
 3545.8174 0.731
 3545.9170 0.731
 3546.0166 0.731
 3546.1162 0.731
 3546.2158 0.731
 3546.3154 0.731
 3546.4150 0.731
 3546.5146 0.731
 3546.6143 0.731
 3546.7139 0.731
 3546.8135 0.731
 3546.9131 0.731
 3547.0127 0.731
 3547.1123 0.730
 3547.2119 0.730
 3547.3115 0.730
 3547.4111 0.730
 3547.5107 0.730
 3547.6104 0.730
 3547.7100 0.730
 3547.8096 0.730
 3547.9092 0.731
 3548.0088 0.731
 3548.1084 0.731
 3548.2080 0.731
 3548.3076 0.731
 3548.4072 0.731
 3548.5068 0.731
 3548.6064 0.731
 3548.7061 0.731
 3548.8057 0.731
 3548.9053 0.731
 3549.0049 0.731
 3549.1045 0.731
 3549.2041 0.731
 3549.3037 0.731
 3549.4033 0.731
 3549.5029 0.731
 3549.6025 0.731
 3549.7021 0.731
 3549.8018 0.731
 3549.9014 0.731
 3550.0010 0.732
 3550.1006 0.732
 3550.2002 0.732
 3550.2998 0.732
 3550.3994 0.732
 3550.4990 0.732
 3550.5986 0.732
 3550.6982 0.732
 3550.7979 0.732
 3550.8975 0.732
 3550.9971 0.732
 3551.0967 0.731
 3551.1963 0.731
 3551.2959 0.731
 3551.3955 0.731
 3551.4951 0.731
 3551.5947 0.731
 3551.6943 0.731
 3551.7939 0.731
 3551.8936 0.731
 3551.9932 0.731
 3552.0928 0.731
 3552.1924 0.731
 3552.2920 0.731
 3552.3916 0.732
 3552.4912 0.732
 3552.5908 0.732
 3552.6904 0.732
 3552.7900 0.732
 3552.8896 0.732
 3552.9893 0.732
 3553.0889 0.732
 3553.1885 0.732
 3553.2881 0.732
 3553.3877 0.733
 3553.4873 0.733
 3553.5869 0.733
 3553.6865 0.733
 3553.7861 0.733
 3553.8857 0.733
 3553.9854 0.733
 3554.0850 0.733
 3554.1846 0.733
 3554.2842 0.733
 3554.3838 0.733
 3554.4834 0.733
 3554.5830 0.733
 3554.6826 0.733
 3554.7822 0.733
 3554.8818 0.733
 3554.9814 0.733
 3555.0811 0.733
 3555.1807 0.733
 3555.2803 0.733
 3555.3799 0.733
 3555.4795 0.733
 3555.5791 0.733
 3555.6787 0.733
 3555.7783 0.733
 3555.8779 0.733
 3555.9775 0.733
 3556.0771 0.733
 3556.1768 0.733
 3556.2764 0.733
 3556.3760 0.733
 3556.4756 0.733
 3556.5752 0.733
 3556.6748 0.733
 3556.7744 0.733
 3556.8740 0.733
 3556.9736 0.733
 3557.0732 0.733
 3557.1729 0.733
 3557.2725 0.733
 3557.3721 0.733
 3557.4717 0.733
 3557.5713 0.733
 3557.6709 0.733
 3557.7705 0.733
 3557.8701 0.733
 3557.9697 0.733
 3558.0693 0.733
 3558.1689 0.733
 3558.2686 0.734
 3558.3682 0.734
 3558.4678 0.734
 3558.5674 0.734
 3558.6670 0.734
 3558.7666 0.734
 3558.8662 0.734
 3558.9658 0.734
 3559.0654 0.734
 3559.1650 0.734
 3559.2646 0.734
 3559.3643 0.733
 3559.4639 0.733
 3559.5635 0.733
 3559.6631 0.733
 3559.7627 0.733
 3559.8623 0.733
 3559.9619 0.733
 3560.0615 0.733
 3560.1611 0.733
 3560.2607 0.733
 3560.3604 0.734
 3560.4600 0.734
 3560.5596 0.734
 3560.6592 0.734
 3560.7588 0.734
 3560.8584 0.734
 3560.9580 0.734
 3561.0576 0.734
 3561.1572 0.734
 3561.2568 0.734
 3561.3564 0.734
 3561.4561 0.734
 3561.5557 0.734
 3561.6553 0.734
 3561.7549 0.734
 3561.8545 0.734
 3561.9541 0.734
 3562.0537 0.734
 3562.1533 0.734
 3562.2529 0.734
 3562.3525 0.734
 3562.4521 0.734
 3562.5518 0.734
 3562.6514 0.734
 3562.7510 0.735
 3562.8506 0.735
 3562.9502 0.735
 3563.0498 0.735
 3563.1494 0.735
 3563.2490 0.735
 3563.3486 0.735
 3563.4482 0.735
 3563.5479 0.735
 3563.6475 0.735
 3563.7471 0.735
 3563.8467 0.735
 3563.9463 0.735
 3564.0459 0.735
 3564.1455 0.735
 3564.2451 0.735
 3564.3447 0.735
 3564.4443 0.735
 3564.5439 0.735
 3564.6436 0.735
 3564.7432 0.735
 3564.8428 0.735
 3564.9424 0.735
 3565.0420 0.735
 3565.1416 0.735
 3565.2412 0.735
 3565.3408 0.735
 3565.4404 0.735
 3565.5400 0.735
 3565.6396 0.735
 3565.7393 0.735
 3565.8389 0.735
 3565.9385 0.735
 3566.0381 0.735
 3566.1377 0.735
 3566.2373 0.735
 3566.3369 0.735
 3566.4365 0.735
 3566.5361 0.735
 3566.6357 0.735
 3566.7354 0.735
 3566.8350 0.735
 3566.9346 0.736
 3567.0342 0.736
 3567.1338 0.736
 3567.2334 0.736
 3567.3330 0.736
 3567.4326 0.736
 3567.5322 0.736
 3567.6318 0.736
 3567.7314 0.736
 3567.8311 0.736
 3567.9307 0.736
 3568.0303 0.736
 3568.1299 0.736
 3568.2295 0.736
 3568.3291 0.736
 3568.4287 0.736
 3568.5283 0.736
 3568.6279 0.736
 3568.7275 0.736
 3568.8271 0.736
 3568.9268 0.736
 3569.0264 0.736
 3569.1260 0.736
 3569.2256 0.736
 3569.3252 0.736
 3569.4248 0.736
 3569.5244 0.736
 3569.6240 0.736
 3569.7236 0.736
 3569.8232 0.736
 3569.9229 0.736
 3570.0225 0.736
 3570.1221 0.736
 3570.2217 0.737
 3570.3213 0.737
 3570.4209 0.737
 3570.5205 0.737
 3570.6201 0.737
 3570.7197 0.737
 3570.8193 0.737
 3570.9189 0.737
 3571.0186 0.737
 3571.1182 0.737
 3571.2178 0.737
 3571.3174 0.737
 3571.4170 0.737
 3571.5166 0.737
 3571.6162 0.737
 3571.7158 0.737
 3571.8154 0.736
 3571.9150 0.736
 3572.0146 0.736
 3572.1143 0.736
 3572.2139 0.736
 3572.3135 0.736
 3572.4131 0.736
 3572.5127 0.736
 3572.6123 0.736
 3572.7119 0.736
 3572.8115 0.737
 3572.9111 0.737
 3573.0107 0.737
 3573.1104 0.737
 3573.2100 0.737
 3573.3096 0.737
 3573.4092 0.737
 3573.5088 0.737
 3573.6084 0.737
 3573.7080 0.737
 3573.8076 0.737
 3573.9072 0.737
 3574.0068 0.737
 3574.1064 0.737
 3574.2061 0.737
 3574.3057 0.737
 3574.4053 0.737
 3574.5049 0.737
 3574.6045 0.737
 3574.7041 0.737
 3574.8037 0.737
 3574.9033 0.737
 3575.0029 0.737
 3575.1025 0.737
 3575.2021 0.737
 3575.3018 0.737
 3575.4014 0.738
 3575.5010 0.738
 3575.6006 0.738
 3575.7002 0.738
 3575.7998 0.738
 3575.8994 0.738
 3575.9990 0.738
 3576.0986 0.738
 3576.1982 0.738
 3576.2979 0.737
 3576.3975 0.737
 3576.4971 0.737
 3576.5967 0.737
 3576.6963 0.737
 3576.7959 0.737
 3576.8955 0.737
 3576.9951 0.738
 3577.0947 0.738
 3577.1943 0.738
 3577.2939 0.738
 3577.3936 0.738
 3577.4932 0.738
 3577.5928 0.739
 3577.6924 0.739
 3577.7920 0.739
 3577.8916 0.739
 3577.9912 0.739
 3578.0908 0.739
 3578.1904 0.739
 3578.2900 0.739
 3578.3896 0.739
 3578.4893 0.739
 3578.5889 0.739
 3578.6885 0.739
 3578.7881 0.739
 3578.8877 0.738
 3578.9873 0.738
 3579.0869 0.738
 3579.1865 0.738
 3579.2861 0.738
 3579.3857 0.738
 3579.4854 0.738
 3579.5850 0.738
 3579.6846 0.738
 3579.7842 0.738
 3579.8838 0.738
 3579.9834 0.738
 3580.0830 0.738
 3580.1826 0.738
 3580.2822 0.738
 3580.3818 0.738
 3580.4814 0.738
 3580.5811 0.739
 3580.6807 0.739
 3580.7803 0.739
 3580.8799 0.739
 3580.9795 0.739
 3581.0791 0.739
 3581.1787 0.740
 3581.2783 0.740
 3581.3779 0.740
 3581.4775 0.740
 3581.5771 0.740
 3581.6768 0.740
 3581.7764 0.740
 3581.8760 0.740
 3581.9756 0.740
 3582.0752 0.739
 3582.1748 0.739
 3582.2744 0.739
 3582.3740 0.739
 3582.4736 0.739
 3582.5732 0.739
 3582.6729 0.739
 3582.7725 0.739
 3582.8721 0.739
 3582.9717 0.739
 3583.0713 0.740
 3583.1709 0.740
 3583.2705 0.740
 3583.3701 0.740
 3583.4697 0.740
 3583.5693 0.740
 3583.6689 0.740
 3583.7686 0.740
 3583.8682 0.740
 3583.9678 0.740
 3584.0674 0.740
 3584.1670 0.740
 3584.2666 0.740
 3584.3662 0.740
 3584.4658 0.740
 3584.5654 0.739
 3584.6650 0.739
 3584.7646 0.739
 3584.8643 0.739
 3584.9639 0.739
 3585.0635 0.739
 3585.1631 0.739
 3585.2627 0.739
 3585.3623 0.739
 3585.4619 0.740
 3585.5615 0.740
 3585.6611 0.740
 3585.7607 0.740
 3585.8604 0.740
 3585.9600 0.740
 3586.0596 0.740
 3586.1592 0.741
 3586.2588 0.741
 3586.3584 0.741
 3586.4580 0.741
 3586.5576 0.741
 3586.6572 0.741
 3586.7568 0.741
 3586.8564 0.741
 3586.9561 0.741
 3587.0557 0.741
 3587.1553 0.741
 3587.2549 0.741
 3587.3545 0.741
 3587.4541 0.741
 3587.5537 0.741
 3587.6533 0.741
 3587.7529 0.741
 3587.8525 0.741
 3587.9521 0.741
 3588.0518 0.741
 3588.1514 0.741
 3588.2510 0.741
 3588.3506 0.741
 3588.4502 0.741
 3588.5498 0.741
 3588.6494 0.741
 3588.7490 0.741
 3588.8486 0.741
 3588.9482 0.741
 3589.0479 0.741
 3589.1475 0.741
 3589.2471 0.741
 3589.3467 0.741
 3589.4463 0.741
 3589.5459 0.741
 3589.6455 0.741
 3589.7451 0.741
 3589.8447 0.741
 3589.9443 0.741
 3590.0439 0.741
 3590.1436 0.741
 3590.2432 0.741
 3590.3428 0.741
 3590.4424 0.741
 3590.5420 0.741
 3590.6416 0.741
 3590.7412 0.741
 3590.8408 0.741
 3590.9404 0.742
 3591.0400 0.742
 3591.1396 0.742
 3591.2393 0.742
 3591.3389 0.742
 3591.4385 0.742
 3591.5381 0.742
 3591.6377 0.742
 3591.7373 0.742
 3591.8369 0.742
 3591.9365 0.742
 3592.0361 0.742
 3592.1357 0.742
 3592.2354 0.742
 3592.3350 0.742
 3592.4346 0.742
 3592.5342 0.742
 3592.6338 0.741
 3592.7334 0.741
 3592.8330 0.741
 3592.9326 0.741
 3593.0322 0.741
 3593.1318 0.741
 3593.2314 0.742
 3593.3311 0.742
 3593.4307 0.742
 3593.5303 0.742
 3593.6299 0.742
 3593.7295 0.742
 3593.8291 0.742
 3593.9287 0.742
 3594.0283 0.742
 3594.1279 0.742
 3594.2275 0.742
 3594.3271 0.742
 3594.4268 0.742
 3594.5264 0.742
 3594.6260 0.742
 3594.7256 0.742
 3594.8252 0.742
 3594.9248 0.742
 3595.0244 0.742
 3595.1240 0.742
 3595.2236 0.743
 3595.3232 0.743
 3595.4229 0.743
 3595.5225 0.743
 3595.6221 0.743
 3595.7217 0.743
 3595.8213 0.743
 3595.9209 0.743
 3596.0205 0.742
 3596.1201 0.742
 3596.2197 0.742
 3596.3193 0.742
 3596.4189 0.742
 3596.5186 0.742
 3596.6182 0.742
 3596.7178 0.742
 3596.8174 0.742
 3596.9170 0.742
 3597.0166 0.743
 3597.1162 0.743
 3597.2158 0.743
 3597.3154 0.743
 3597.4150 0.743
 3597.5146 0.743
 3597.6143 0.743
 3597.7139 0.743
 3597.8135 0.743
 3597.9131 0.743
 3598.0127 0.743
 3598.1123 0.743
 3598.2119 0.743
 3598.3115 0.743
 3598.4111 0.743
 3598.5107 0.743
 3598.6104 0.743
 3598.7100 0.743
 3598.8096 0.743
 3598.9092 0.743
 3599.0088 0.744
 3599.1084 0.744
 3599.2080 0.743
 3599.3076 0.743
 3599.4072 0.743
 3599.5068 0.743
 3599.6064 0.743
 3599.7061 0.743
 3599.8057 0.743
 3599.9053 0.743
 3600.0049 0.743
 3600.1045 0.743
 3600.2041 0.743
 3600.3037 0.743
 3600.4033 0.743
 3600.5029 0.743
 3600.6025 0.743
 3600.7021 0.743
 3600.8018 0.743
 3600.9014 0.744
 3601.0010 0.744
 3601.1006 0.744
 3601.2002 0.744
 3601.2998 0.744
 3601.3994 0.744
 3601.4990 0.744
 3601.5986 0.744
 3601.6982 0.744
 3601.7979 0.744
 3601.8975 0.744
 3601.9971 0.744
 3602.0967 0.744
 3602.1963 0.744
 3602.2959 0.745
 3602.3955 0.745
 3602.4951 0.745
 3602.5947 0.745
 3602.6943 0.745
 3602.7939 0.745
 3602.8936 0.745
 3602.9932 0.745
 3603.0928 0.745
 3603.1924 0.744
 3603.2920 0.744
 3603.3916 0.744
 3603.4912 0.744
 3603.5908 0.744
 3603.6904 0.744
 3603.7900 0.744
 3603.8896 0.744
 3603.9893 0.744
 3604.0889 0.744
 3604.1885 0.744
 3604.2881 0.744
 3604.3877 0.745
 3604.4873 0.745
 3604.5869 0.745
 3604.6865 0.745
 3604.7861 0.745
 3604.8857 0.745
 3604.9854 0.745
 3605.0850 0.745
 3605.1846 0.745
 3605.2842 0.745
 3605.3838 0.745
 3605.4834 0.745
 3605.5830 0.745
 3605.6826 0.744
 3605.7822 0.744
 3605.8818 0.744
 3605.9814 0.744
 3606.0811 0.744
 3606.1807 0.745
 3606.2803 0.745
 3606.3799 0.745
 3606.4795 0.745
 3606.5791 0.745
 3606.6787 0.745
 3606.7783 0.745
 3606.8779 0.745
 3606.9775 0.746
 3607.0771 0.746
 3607.1768 0.746
 3607.2764 0.746
 3607.3760 0.746
 3607.4756 0.746
 3607.5752 0.746
 3607.6748 0.746
 3607.7744 0.746
 3607.8740 0.746
 3607.9736 0.746
 3608.0732 0.746
 3608.1729 0.746
 3608.2725 0.746
 3608.3721 0.746
 3608.4717 0.746
 3608.5713 0.746
 3608.6709 0.746
 3608.7705 0.746
 3608.8701 0.746
 3608.9697 0.746
 3609.0693 0.746
 3609.1689 0.746
 3609.2686 0.746
 3609.3682 0.746
 3609.4678 0.746
 3609.5674 0.746
 3609.6670 0.746
 3609.7666 0.746
 3609.8662 0.746
 3609.9658 0.746
 3610.0654 0.746
 3610.1650 0.746
 3610.2646 0.746
 3610.3643 0.746
 3610.4639 0.746
 3610.5635 0.746
 3610.6631 0.746
 3610.7627 0.747
 3610.8623 0.747
 3610.9619 0.747
 3611.0615 0.747
 3611.1611 0.747
 3611.2607 0.747
 3611.3604 0.747
 3611.4600 0.747
 3611.5596 0.747
 3611.6592 0.747
 3611.7588 0.746
 3611.8584 0.746
 3611.9580 0.746
 3612.0576 0.746
 3612.1572 0.746
 3612.2568 0.746
 3612.3564 0.746
 3612.4561 0.746
 3612.5557 0.746
 3612.6553 0.746
 3612.7549 0.746
 3612.8545 0.746
 3612.9541 0.747
 3613.0537 0.747
 3613.1533 0.747
 3613.2529 0.747
 3613.3525 0.747
 3613.4521 0.747
 3613.5518 0.747
 3613.6514 0.747
 3613.7510 0.747
 3613.8506 0.747
 3613.9502 0.747
 3614.0498 0.747
 3614.1494 0.747
 3614.2490 0.747
 3614.3486 0.747
 3614.4482 0.747
 3614.5479 0.747
 3614.6475 0.747
 3614.7471 0.747
 3614.8467 0.748
 3614.9463 0.748
 3615.0459 0.748
 3615.1455 0.748
 3615.2451 0.748
 3615.3447 0.748
 3615.4443 0.748
 3615.5439 0.748
 3615.6436 0.748
 3615.7432 0.748
 3615.8428 0.748
 3615.9424 0.748
 3616.0420 0.748
 3616.1416 0.748
 3616.2412 0.748
 3616.3408 0.748
 3616.4404 0.748
 3616.5400 0.748
 3616.6396 0.748
 3616.7393 0.748
 3616.8389 0.748
 3616.9385 0.747
 3617.0381 0.747
 3617.1377 0.747
 3617.2373 0.747
 3617.3369 0.747
 3617.4365 0.747
 3617.5361 0.747
 3617.6357 0.747
 3617.7354 0.747
 3617.8350 0.747
 3617.9346 0.747
 3618.0342 0.747
 3618.1338 0.747
 3618.2334 0.748
 3618.3330 0.748
 3618.4326 0.748
 3618.5322 0.748
 3618.6318 0.748
 3618.7314 0.748
 3618.8311 0.748
 3618.9307 0.748
 3619.0303 0.748
 3619.1299 0.749
 3619.2295 0.749
 3619.3291 0.749
 3619.4287 0.749
 3619.5283 0.749
 3619.6279 0.749
 3619.7275 0.749
 3619.8271 0.749
 3619.9268 0.749
 3620.0264 0.749
 3620.1260 0.749
 3620.2256 0.749
 3620.3252 0.749
 3620.4248 0.749
 3620.5244 0.749
 3620.6240 0.749
 3620.7236 0.749
 3620.8232 0.749
 3620.9229 0.749
 3621.0225 0.749
 3621.1221 0.749
 3621.2217 0.749
 3621.3213 0.749
 3621.4209 0.749
 3621.5205 0.749
 3621.6201 0.749
 3621.7197 0.749
 3621.8193 0.749
 3621.9189 0.749
 3622.0186 0.749
 3622.1182 0.749
 3622.2178 0.748
 3622.3174 0.748
 3622.4170 0.748
 3622.5166 0.749
 3622.6162 0.749
 3622.7158 0.749
 3622.8154 0.749
 3622.9150 0.749
 3623.0146 0.749
 3623.1143 0.749
 3623.2139 0.749
 3623.3135 0.749
 3623.4131 0.749
 3623.5127 0.749
 3623.6123 0.750
 3623.7119 0.750
 3623.8115 0.750
 3623.9111 0.750
 3624.0107 0.750
 3624.1104 0.750
 3624.2100 0.750
 3624.3096 0.750
 3624.4092 0.750
 3624.5088 0.750
 3624.6084 0.750
 3624.7080 0.750
 3624.8076 0.750
 3624.9072 0.750
 3625.0068 0.750
 3625.1064 0.750
 3625.2061 0.750
 3625.3057 0.749
 3625.4053 0.749
 3625.5049 0.749
 3625.6045 0.749
 3625.7041 0.749
 3625.8037 0.749
 3625.9033 0.749
 3626.0029 0.749
 3626.1025 0.750
 3626.2021 0.750
 3626.3018 0.750
 3626.4014 0.750
 3626.5010 0.750
 3626.6006 0.750
 3626.7002 0.750
 3626.7998 0.750
 3626.8994 0.750
 3626.9990 0.750
 3627.0986 0.750
 3627.1982 0.750
 3627.2979 0.750
 3627.3975 0.750
 3627.4971 0.750
 3627.5967 0.750
 3627.6963 0.750
 3627.7959 0.750
 3627.8955 0.750
 3627.9951 0.750
 3628.0947 0.750
 3628.1943 0.750
 3628.2939 0.750
 3628.3936 0.750
 3628.4932 0.750
 3628.5928 0.750
 3628.6924 0.751
 3628.7920 0.751
 3628.8916 0.751
 3628.9912 0.751
 3629.0908 0.751
 3629.1904 0.751
 3629.2900 0.751
 3629.3896 0.751
 3629.4893 0.751
 3629.5889 0.751
 3629.6885 0.751
 3629.7881 0.751
 3629.8877 0.751
 3629.9873 0.751
 3630.0869 0.751
 3630.1865 0.752
 3630.2861 0.752
 3630.3857 0.752
 3630.4854 0.752
 3630.5850 0.752
 3630.6846 0.752
 3630.7842 0.752
 3630.8838 0.752
 3630.9834 0.752
 3631.0830 0.752
 3631.1826 0.752
 3631.2822 0.752
 3631.3818 0.752
 3631.4814 0.752
 3631.5811 0.752
 3631.6807 0.752
 3631.7803 0.751
 3631.8799 0.751
 3631.9795 0.751
 3632.0791 0.751
 3632.1787 0.751
 3632.2783 0.751
 3632.3779 0.751
 3632.4775 0.751
 3632.5771 0.752
 3632.6768 0.752
 3632.7764 0.752
 3632.8760 0.752
 3632.9756 0.752
 3633.0752 0.752
 3633.1748 0.752
 3633.2744 0.752
 3633.3740 0.752
 3633.4736 0.752
 3633.5732 0.751
 3633.6729 0.751
 3633.7725 0.751
 3633.8721 0.751
 3633.9717 0.751
 3634.0713 0.752
 3634.1709 0.752
 3634.2705 0.752
 3634.3701 0.752
 3634.4697 0.752
 3634.5693 0.752
 3634.6689 0.752
 3634.7686 0.752
 3634.8682 0.752
 3634.9678 0.753
 3635.0674 0.753
 3635.1670 0.753
 3635.2666 0.753
 3635.3662 0.753
 3635.4658 0.753
 3635.5654 0.753
 3635.6650 0.753
 3635.7646 0.752
 3635.8643 0.752
 3635.9639 0.752
 3636.0635 0.752
 3636.1631 0.752
 3636.2627 0.752
 3636.3623 0.752
 3636.4619 0.752
 3636.5615 0.752
 3636.6611 0.752
 3636.7607 0.752
 3636.8604 0.753
 3636.9600 0.753
 3637.0596 0.753
 3637.1592 0.753
 3637.2588 0.753
 3637.3584 0.753
 3637.4580 0.753
 3637.5576 0.753
 3637.6572 0.753
 3637.7568 0.753
 3637.8564 0.753
 3637.9561 0.754
 3638.0557 0.754
 3638.1553 0.754
 3638.2549 0.754
 3638.3545 0.754
 3638.4541 0.754
 3638.5537 0.754
 3638.6533 0.754
 3638.7529 0.754
 3638.8525 0.754
 3638.9521 0.754
 3639.0518 0.754
 3639.1514 0.754
 3639.2510 0.754
 3639.3506 0.754
 3639.4502 0.754
 3639.5498 0.754
 3639.6494 0.754
 3639.7490 0.754
 3639.8486 0.754
 3639.9482 0.753
 3640.0479 0.753
 3640.1475 0.753
 3640.2471 0.753
 3640.3467 0.753
 3640.4463 0.753
 3640.5459 0.753
 3640.6455 0.753
 3640.7451 0.753
 3640.8447 0.754
 3640.9443 0.754
 3641.0439 0.754
 3641.1436 0.754
 3641.2432 0.754
 3641.3428 0.754
 3641.4424 0.754
 3641.5420 0.754
 3641.6416 0.754
 3641.7412 0.754
 3641.8408 0.754
 3641.9404 0.754
 3642.0400 0.754
 3642.1396 0.754
 3642.2393 0.754
 3642.3389 0.754
 3642.4385 0.755
 3642.5381 0.755
 3642.6377 0.755
 3642.7373 0.755
 3642.8369 0.755
 3642.9365 0.755
 3643.0361 0.754
 3643.1357 0.754
 3643.2354 0.754
 3643.3350 0.754
 3643.4346 0.754
 3643.5342 0.754
 3643.6338 0.754
 3643.7334 0.754
 3643.8330 0.754
 3643.9326 0.755
 3644.0322 0.755
 3644.1318 0.755
 3644.2314 0.755
 3644.3311 0.755
 3644.4307 0.755
 3644.5303 0.755
 3644.6299 0.754
 3644.7295 0.754
 3644.8291 0.754
 3644.9287 0.754
 3645.0283 0.754
 3645.1279 0.754
 3645.2275 0.754
 3645.3271 0.754
 3645.4268 0.754
 3645.5264 0.754
 3645.6260 0.754
 3645.7256 0.754
 3645.8252 0.755
 3645.9248 0.755
 3646.0244 0.755
 3646.1240 0.755
 3646.2236 0.755
 3646.3232 0.755
 3646.4229 0.755
 3646.5225 0.755
 3646.6221 0.755
 3646.7217 0.755
 3646.8213 0.755
 3646.9209 0.755
 3647.0205 0.755
 3647.1201 0.755
 3647.2197 0.755
 3647.3193 0.755
 3647.4189 0.755
 3647.5186 0.755
 3647.6182 0.755
 3647.7178 0.755
 3647.8174 0.755
 3647.9170 0.755
 3648.0166 0.755
 3648.1162 0.755
 3648.2158 0.755
 3648.3154 0.755
 3648.4150 0.755
 3648.5146 0.755
 3648.6143 0.755
 3648.7139 0.755
 3648.8135 0.756
 3648.9131 0.756
 3649.0127 0.756
 3649.1123 0.756
 3649.2119 0.756
 3649.3115 0.756
 3649.4111 0.756
 3649.5107 0.756
 3649.6104 0.756
 3649.7100 0.756
 3649.8096 0.756
 3649.9092 0.756
 3650.0088 0.756
 3650.1084 0.757
 3650.2080 0.757
 3650.3076 0.757
 3650.4072 0.757
 3650.5068 0.757
 3650.6064 0.757
 3650.7061 0.757
 3650.8057 0.757
 3650.9053 0.757
 3651.0049 0.757
 3651.1045 0.756
 3651.2041 0.756
 3651.3037 0.756
 3651.4033 0.756
 3651.5029 0.756
 3651.6025 0.756
 3651.7021 0.756
 3651.8018 0.756
 3651.9014 0.756
 3652.0010 0.757
 3652.1006 0.757
 3652.2002 0.757
 3652.2998 0.757
 3652.3994 0.757
 3652.4990 0.757
 3652.5986 0.757
 3652.6982 0.757
 3652.7979 0.757
 3652.8975 0.757
 3652.9971 0.757
 3653.0967 0.757
 3653.1963 0.757
 3653.2959 0.757
 3653.3955 0.757
 3653.4951 0.757
 3653.5947 0.757
 3653.6943 0.757
 3653.7939 0.757
 3653.8936 0.757
 3653.9932 0.756
 3654.0928 0.756
 3654.1924 0.756
 3654.2920 0.756
 3654.3916 0.756
 3654.4912 0.756
 3654.5908 0.756
 3654.6904 0.756
 3654.7900 0.757
 3654.8896 0.757
 3654.9893 0.757
 3655.0889 0.757
 3655.1885 0.757
 3655.2881 0.757
 3655.3877 0.757
 3655.4873 0.757
 3655.5869 0.757
 3655.6865 0.757
 3655.7861 0.757
 3655.8857 0.758
 3655.9854 0.758
 3656.0850 0.758
 3656.1846 0.758
 3656.2842 0.758
 3656.3838 0.758
 3656.4834 0.758
 3656.5830 0.758
 3656.6826 0.758
 3656.7822 0.758
 3656.8818 0.758
 3656.9814 0.758
 3657.0811 0.758
 3657.1807 0.758
 3657.2803 0.758
 3657.3799 0.758
 3657.4795 0.758
 3657.5791 0.758
 3657.6787 0.758
 3657.7783 0.758
 3657.8779 0.758
 3657.9775 0.757
 3658.0771 0.757
 3658.1768 0.757
 3658.2764 0.757
 3658.3760 0.757
 3658.4756 0.757
 3658.5752 0.757
 3658.6748 0.757
 3658.7744 0.758
 3658.8740 0.758
 3658.9736 0.758
 3659.0732 0.758
 3659.1729 0.758
 3659.2725 0.758
 3659.3721 0.758
 3659.4717 0.758
 3659.5713 0.759
 3659.6709 0.759
 3659.7705 0.759
 3659.8701 0.759
 3659.9697 0.759
 3660.0693 0.759
 3660.1689 0.759
 3660.2686 0.759
 3660.3682 0.759
 3660.4678 0.759
 3660.5674 0.759
 3660.6670 0.759
 3660.7666 0.759
 3660.8662 0.759
 3660.9658 0.759
 3661.0654 0.759
 3661.1650 0.759
 3661.2646 0.758
 3661.3643 0.758
 3661.4639 0.758
 3661.5635 0.758
 3661.6631 0.758
 3661.7627 0.758
 3661.8623 0.758
 3661.9619 0.759
 3662.0615 0.759
 3662.1611 0.759
 3662.2607 0.759
 3662.3604 0.759
 3662.4600 0.759
 3662.5596 0.759
 3662.6592 0.759
 3662.7588 0.759
 3662.8584 0.760
 3662.9580 0.760
 3663.0576 0.760
 3663.1572 0.760
 3663.2568 0.760
 3663.3564 0.759
 3663.4561 0.759
 3663.5557 0.759
 3663.6553 0.759
 3663.7549 0.759
 3663.8545 0.759
 3663.9541 0.759
 3664.0537 0.759
 3664.1533 0.759
 3664.2529 0.759
 3664.3525 0.760
 3664.4521 0.760
 3664.5518 0.760
 3664.6514 0.760
 3664.7510 0.760
 3664.8506 0.760
 3664.9502 0.760
 3665.0498 0.760
 3665.1494 0.760
 3665.2490 0.759
 3665.3486 0.759
 3665.4482 0.759
 3665.5479 0.759
 3665.6475 0.759
 3665.7471 0.759
 3665.8467 0.759
 3665.9463 0.759
 3666.0459 0.759
 3666.1455 0.760
 3666.2451 0.760
 3666.3447 0.760
 3666.4443 0.760
 3666.5439 0.760
 3666.6436 0.760
 3666.7432 0.760
 3666.8428 0.760
 3666.9424 0.760
 3667.0420 0.760
 3667.1416 0.760
 3667.2412 0.760
 3667.3408 0.760
 3667.4404 0.761
 3667.5400 0.761
 3667.6396 0.761
 3667.7393 0.761
 3667.8389 0.761
 3667.9385 0.761
 3668.0381 0.761
 3668.1377 0.761
 3668.2373 0.761
 3668.3369 0.761
 3668.4365 0.761
 3668.5361 0.761
 3668.6357 0.761
 3668.7354 0.761
 3668.8350 0.761
 3668.9346 0.761
 3669.0342 0.761
 3669.1338 0.761
 3669.2334 0.760
 3669.3330 0.760
 3669.4326 0.760
 3669.5322 0.760
 3669.6318 0.761
 3669.7314 0.761
 3669.8311 0.761
 3669.9307 0.761
 3670.0303 0.761
 3670.1299 0.761
 3670.2295 0.761
 3670.3291 0.761
 3670.4287 0.761
 3670.5283 0.761
 3670.6279 0.761
 3670.7275 0.762
 3670.8271 0.762
 3670.9268 0.762
 3671.0264 0.762
 3671.1260 0.762
 3671.2256 0.762
 3671.3252 0.762
 3671.4248 0.762
 3671.5244 0.762
 3671.6240 0.762
 3671.7236 0.762
 3671.8232 0.762
 3671.9229 0.762
 3672.0225 0.762
 3672.1221 0.762
 3672.2217 0.762
 3672.3213 0.762
 3672.4209 0.762
 3672.5205 0.761
 3672.6201 0.761
 3672.7197 0.761
 3672.8193 0.761
 3672.9189 0.761
 3673.0186 0.761
 3673.1182 0.761
 3673.2178 0.762
 3673.3174 0.762
 3673.4170 0.762
 3673.5166 0.762
 3673.6162 0.762
 3673.7158 0.762
 3673.8154 0.762
 3673.9150 0.762
 3674.0146 0.762
 3674.1143 0.762
 3674.2139 0.762
 3674.3135 0.762
 3674.4131 0.762
 3674.5127 0.762
 3674.6123 0.762
 3674.7119 0.762
 3674.8115 0.762
 3674.9111 0.762
 3675.0107 0.763
 3675.1104 0.763
 3675.2100 0.763
 3675.3096 0.763
 3675.4092 0.763
 3675.5088 0.763
 3675.6084 0.763
 3675.7080 0.763
 3675.8076 0.763
 3675.9072 0.763
 3676.0068 0.762
 3676.1064 0.762
 3676.2061 0.762
 3676.3057 0.762
 3676.4053 0.762
 3676.5049 0.762
 3676.6045 0.762
 3676.7041 0.762
 3676.8037 0.763
 3676.9033 0.763
 3677.0029 0.763
 3677.1025 0.763
 3677.2021 0.763
 3677.3018 0.763
 3677.4014 0.763
 3677.5010 0.763
 3677.6006 0.763
 3677.7002 0.763
 3677.7998 0.763
 3677.8994 0.763
 3677.9990 0.764
 3678.0986 0.764
 3678.1982 0.764
 3678.2979 0.764
 3678.3975 0.764
 3678.4971 0.764
 3678.5967 0.764
 3678.6963 0.764
 3678.7959 0.764
 3678.8955 0.764
 3678.9951 0.764
 3679.0947 0.764
 3679.1943 0.764
 3679.2939 0.764
 3679.3936 0.764
 3679.4932 0.764
 3679.5928 0.764
 3679.6924 0.764
 3679.7920 0.764
 3679.8916 0.764
 3679.9912 0.764
 3680.0908 0.764
 3680.1904 0.764
 3680.2900 0.764
 3680.3896 0.763
 3680.4893 0.763
 3680.5889 0.763
 3680.6885 0.763
 3680.7881 0.763
 3680.8877 0.763
 3680.9873 0.763
 3681.0869 0.763
 3681.1865 0.763
 3681.2861 0.763
 3681.3857 0.764
 3681.4854 0.764
 3681.5850 0.764
 3681.6846 0.764
 3681.7842 0.764
 3681.8838 0.764
 3681.9834 0.764
 3682.0830 0.764
 3682.1826 0.764
 3682.2822 0.764
 3682.3818 0.764
 3682.4814 0.765
 3682.5811 0.765
 3682.6807 0.764
 3682.7803 0.764
 3682.8799 0.764
 3682.9795 0.764
 3683.0791 0.764
 3683.1787 0.764
 3683.2783 0.764
 3683.3779 0.764
 3683.4775 0.764
 3683.5771 0.764
 3683.6768 0.764
 3683.7764 0.764
 3683.8760 0.764
 3683.9756 0.764
 3684.0752 0.764
 3684.1748 0.765
 3684.2744 0.765
 3684.3740 0.765
 3684.4736 0.765
 3684.5732 0.765
 3684.6729 0.765
 3684.7725 0.765
 3684.8721 0.765
 3684.9717 0.765
 3685.0713 0.765
 3685.1709 0.765
 3685.2705 0.765
 3685.3701 0.764
 3685.4697 0.764
 3685.5693 0.764
 3685.6689 0.764
 3685.7686 0.765
 3685.8682 0.765
 3685.9678 0.765
 3686.0674 0.765
 3686.1670 0.765
 3686.2666 0.765
 3686.3662 0.765
 3686.4658 0.765
 3686.5654 0.766
 3686.6650 0.766
 3686.7646 0.766
 3686.8643 0.766
 3686.9639 0.766
 3687.0635 0.766
 3687.1631 0.765
 3687.2627 0.765
 3687.3623 0.765
 3687.4619 0.765
 3687.5615 0.765
 3687.6611 0.765
 3687.7607 0.765
 3687.8604 0.765
 3687.9600 0.765
 3688.0596 0.765
 3688.1592 0.765
 3688.2588 0.766
 3688.3584 0.766
 3688.4580 0.766
 3688.5576 0.766
 3688.6572 0.766
 3688.7568 0.766
 3688.8564 0.766
 3688.9561 0.765
 3689.0557 0.765
 3689.1553 0.765
 3689.2549 0.765
 3689.3545 0.765
 3689.4541 0.765
 3689.5537 0.765
 3689.6533 0.765
 3689.7529 0.765
 3689.8525 0.765
 3689.9521 0.766
 3690.0518 0.766
 3690.1514 0.766
 3690.2510 0.766
 3690.3506 0.766
 3690.4502 0.766
 3690.5498 0.766
 3690.6494 0.766
 3690.7490 0.766
 3690.8486 0.766
 3690.9482 0.766
 3691.0479 0.767
 3691.1475 0.767
 3691.2471 0.767
 3691.3467 0.767
 3691.4463 0.767
 3691.5459 0.767
 3691.6455 0.766
 3691.7451 0.766
 3691.8447 0.766
 3691.9443 0.766
 3692.0439 0.766
 3692.1436 0.766
 3692.2432 0.766
 3692.3428 0.766
 3692.4424 0.766
 3692.5420 0.766
 3692.6416 0.766
 3692.7412 0.767
 3692.8408 0.767
 3692.9404 0.767
 3693.0400 0.767
 3693.1396 0.767
 3693.2393 0.767
 3693.3389 0.767
 3693.4385 0.767
 3693.5381 0.767
 3693.6377 0.767
 3693.7373 0.767
 3693.8369 0.767
 3693.9365 0.767
 3694.0361 0.767
 3694.1357 0.766
 3694.2354 0.766
 3694.3350 0.766
 3694.4346 0.766
 3694.5342 0.766
 3694.6338 0.766
 3694.7334 0.766
 3694.8330 0.766
 3694.9326 0.766
 3695.0322 0.766
 3695.1318 0.766
 3695.2314 0.767
 3695.3311 0.767
 3695.4307 0.767
 3695.5303 0.767
 3695.6299 0.767
 3695.7295 0.767
 3695.8291 0.767
 3695.9287 0.767
 3696.0283 0.767
 3696.1279 0.767
 3696.2275 0.767
 3696.3271 0.767
 3696.4268 0.767
 3696.5264 0.767
 3696.6260 0.767
 3696.7256 0.767
 3696.8252 0.767
 3696.9248 0.767
 3697.0244 0.767
 3697.1240 0.767
 3697.2236 0.767
 3697.3232 0.767
 3697.4229 0.767
 3697.5225 0.767
 3697.6221 0.767
 3697.7217 0.768
 3697.8213 0.768
 3697.9209 0.768
 3698.0205 0.768
 3698.1201 0.768
 3698.2197 0.768
 3698.3193 0.768
 3698.4189 0.768
 3698.5186 0.768
 3698.6182 0.768
 3698.7178 0.768
 3698.8174 0.768
 3698.9170 0.768
 3699.0166 0.768
 3699.1162 0.768
 3699.2158 0.768
 3699.3154 0.768
 3699.4150 0.768
 3699.5146 0.768
 3699.6143 0.769
 3699.7139 0.769
 3699.8135 0.769
 3699.9131 0.769
 3700.0127 0.769
 3700.1123 0.769
 3700.2119 0.768
 3700.3115 0.768
 3700.4111 0.768
 3700.5107 0.768
 3700.6104 0.768
 3700.7100 0.768
 3700.8096 0.768
 3700.9092 0.768
 3701.0088 0.768
 3701.1084 0.768
 3701.2080 0.768
 3701.3076 0.768
 3701.4072 0.768
 3701.5068 0.768
 3701.6064 0.768
 3701.7061 0.768
 3701.8057 0.769
 3701.9053 0.769
 3702.0049 0.769
 3702.1045 0.769
 3702.2041 0.769
 3702.3037 0.769
 3702.4033 0.769
 3702.5029 0.769
 3702.6025 0.769
 3702.7021 0.769
 3702.8018 0.769
 3702.9014 0.769
 3703.0010 0.769
 3703.1006 0.769
 3703.2002 0.770
 3703.2998 0.770
 3703.3994 0.770
 3703.4990 0.770
 3703.5986 0.770
 3703.6982 0.770
 3703.7979 0.770
 3703.8975 0.770
 3703.9971 0.770
 3704.0967 0.769
 3704.1963 0.769
 3704.2959 0.769
 3704.3955 0.769
 3704.4951 0.769
 3704.5947 0.769
 3704.6943 0.769
 3704.7939 0.769
 3704.8936 0.769
 3704.9932 0.769
 3705.0928 0.770
 3705.1924 0.770
 3705.2920 0.770
 3705.3916 0.770
 3705.4912 0.770
 3705.5908 0.770
 3705.6904 0.770
 3705.7900 0.770
 3705.8896 0.770
 3705.9893 0.771
 3706.0889 0.771
 3706.1885 0.771
 3706.2881 0.771
 3706.3877 0.771
 3706.4873 0.771
 3706.5869 0.771
 3706.6865 0.771
 3706.7861 0.771
 3706.8857 0.771
 3706.9854 0.771
 3707.0850 0.771
 3707.1846 0.771
 3707.2842 0.771
 3707.3838 0.771
 3707.4834 0.771
 3707.5830 0.771
 3707.6826 0.770
 3707.7822 0.770
 3707.8818 0.770
 3707.9814 0.770
 3708.0811 0.770
 3708.1807 0.770
 3708.2803 0.770
 3708.3799 0.770
 3708.4795 0.771
 3708.5791 0.771
 3708.6787 0.771
 3708.7783 0.771
 3708.8779 0.771
 3708.9775 0.771
 3709.0771 0.771
 3709.1768 0.771
 3709.2764 0.771
 3709.3760 0.771
 3709.4756 0.771
 3709.5752 0.771
 3709.6748 0.771
 3709.7744 0.771
 3709.8740 0.771
 3709.9736 0.771
 3710.0732 0.771
 3710.1729 0.771
 3710.2725 0.771
 3710.3721 0.771
 3710.4717 0.771
 3710.5713 0.771
 3710.6709 0.771
 3710.7705 0.771
 3710.8701 0.772
 3710.9697 0.772
 3711.0693 0.772
 3711.1689 0.772
 3711.2686 0.772
 3711.3682 0.772
 3711.4678 0.772
 3711.5674 0.772
 3711.6670 0.772
 3711.7666 0.772
 3711.8662 0.772
 3711.9658 0.772
 3712.0654 0.772
 3712.1650 0.772
 3712.2646 0.772
 3712.3643 0.772
 3712.4639 0.772
 3712.5635 0.772
 3712.6631 0.772
 3712.7627 0.772
 3712.8623 0.772
 3712.9619 0.772
 3713.0615 0.772
 3713.1611 0.772
 3713.2607 0.772
 3713.3604 0.772
 3713.4600 0.771
 3713.5596 0.771
 3713.6592 0.771
 3713.7588 0.771
 3713.8584 0.771
 3713.9580 0.771
 3714.0576 0.771
 3714.1572 0.772
 3714.2568 0.772
 3714.3564 0.772
 3714.4561 0.772
 3714.5557 0.772
 3714.6553 0.772
 3714.7549 0.772
 3714.8545 0.772
 3714.9541 0.772
 3715.0537 0.772
 3715.1533 0.773
 3715.2529 0.773
 3715.3525 0.773
 3715.4521 0.773
 3715.5518 0.773
 3715.6514 0.773
 3715.7510 0.773
 3715.8506 0.773
 3715.9502 0.773
 3716.0498 0.773
 3716.1494 0.773
 3716.2490 0.773
 3716.3486 0.773
 3716.4482 0.773
 3716.5479 0.773
 3716.6475 0.773
 3716.7471 0.773
 3716.8467 0.773
 3716.9463 0.773
 3717.0459 0.773
 3717.1455 0.773
 3717.2451 0.773
 3717.3447 0.773
 3717.4443 0.773
 3717.5439 0.773
 3717.6436 0.773
 3717.7432 0.773
 3717.8428 0.773
 3717.9424 0.773
 3718.0420 0.773
 3718.1416 0.773
 3718.2412 0.773
 3718.3408 0.773
 3718.4404 0.773
 3718.5400 0.773
 3718.6396 0.773
 3718.7393 0.773
 3718.8389 0.773
 3718.9385 0.773
 3719.0381 0.773
 3719.1377 0.773
 3719.2373 0.773
 3719.3369 0.773
 3719.4365 0.774
 3719.5361 0.774
 3719.6357 0.774
 3719.7354 0.774
 3719.8350 0.774
 3719.9346 0.774
 3720.0342 0.774
 3720.1338 0.774
 3720.2334 0.774
 3720.3330 0.774
 3720.4326 0.774
 3720.5322 0.774
 3720.6318 0.774
 3720.7314 0.774
 3720.8311 0.773
 3720.9307 0.773
 3721.0303 0.773
 3721.1299 0.773
 3721.2295 0.773
 3721.3291 0.773
 3721.4287 0.773
 3721.5283 0.773
 3721.6279 0.773
 3721.7275 0.774
 3721.8271 0.774
 3721.9268 0.774
 3722.0264 0.774
 3722.1260 0.774
 3722.2256 0.774
 3722.3252 0.774
 3722.4248 0.774
 3722.5244 0.774
 3722.6240 0.774
 3722.7236 0.774
 3722.8232 0.774
 3722.9229 0.774
 3723.0225 0.774
 3723.1221 0.774
 3723.2217 0.774
 3723.3213 0.775
 3723.4209 0.775
 3723.5205 0.775
 3723.6201 0.775
 3723.7197 0.775
 3723.8193 0.775
 3723.9189 0.775
 3724.0186 0.775
 3724.1182 0.775
 3724.2178 0.775
 3724.3174 0.775
 3724.4170 0.775
 3724.5166 0.775
 3724.6162 0.775
 3724.7158 0.775
 3724.8154 0.775
 3724.9150 0.775
 3725.0146 0.775
 3725.1143 0.775
 3725.2139 0.774
 3725.3135 0.774
 3725.4131 0.774
 3725.5127 0.774
 3725.6123 0.774
 3725.7119 0.774
 3725.8115 0.774
 3725.9111 0.775
 3726.0107 0.775
 3726.1104 0.775
 3726.2100 0.775
 3726.3096 0.775
 3726.4092 0.775
 3726.5088 0.775
 3726.6084 0.775
 3726.7080 0.775
 3726.8076 0.775
 3726.9072 0.775
 3727.0068 0.775
 3727.1064 0.775
 3727.2061 0.775
 3727.3057 0.775
 3727.4053 0.775
 3727.5049 0.775
 3727.6045 0.775
 3727.7041 0.775
 3727.8037 0.775
 3727.9033 0.775
 3728.0029 0.775
 3728.1025 0.775
 3728.2021 0.776
 3728.3018 0.776
 3728.4014 0.776
 3728.5010 0.776
 3728.6006 0.776
 3728.7002 0.776
 3728.7998 0.776
 3728.8994 0.776
 3728.9990 0.775
 3729.0986 0.775
 3729.1982 0.775
 3729.2979 0.775
 3729.3975 0.775
 3729.4971 0.775
 3729.5967 0.775
 3729.6963 0.775
 3729.7959 0.775
 3729.8955 0.775
 3729.9951 0.775
 3730.0947 0.775
 3730.1943 0.776
 3730.2939 0.776
 3730.3936 0.776
 3730.4932 0.776
 3730.5928 0.776
 3730.6924 0.776
 3730.7920 0.776
 3730.8916 0.776
 3730.9912 0.776
 3731.0908 0.776
 3731.1904 0.776
 3731.2900 0.776
 3731.3896 0.776
 3731.4893 0.776
 3731.5889 0.776
 3731.6885 0.775
 3731.7881 0.775
 3731.8877 0.775
 3731.9873 0.775
 3732.0869 0.775
 3732.1865 0.776
 3732.2861 0.776
 3732.3857 0.776
 3732.4854 0.776
 3732.5850 0.777
 3732.6846 0.777
 3732.7842 0.777
 3732.8838 0.777
 3732.9834 0.777
 3733.0830 0.777
 3733.1826 0.777
 3733.2822 0.777
 3733.3818 0.777
 3733.4814 0.776
 3733.5811 0.776
 3733.6807 0.776
 3733.7803 0.776
 3733.8799 0.776
 3733.9795 0.776
 3734.0791 0.776
 3734.1787 0.776
 3734.2783 0.776
 3734.3779 0.776
 3734.4775 0.776
 3734.5771 0.777
 3734.6768 0.777
 3734.7764 0.777
 3734.8760 0.777
 3734.9756 0.777
 3735.0752 0.777
 3735.1748 0.777
 3735.2744 0.777
 3735.3740 0.777
 3735.4736 0.777
 3735.5732 0.777
 3735.6729 0.777
 3735.7725 0.777
 3735.8721 0.777
 3735.9717 0.777
 3736.0713 0.777
 3736.1709 0.777
 3736.2705 0.777
 3736.3701 0.777
 3736.4697 0.777
 3736.5693 0.777
 3736.6689 0.777
 3736.7686 0.777
 3736.8682 0.778
 3736.9678 0.778
 3737.0674 0.778
 3737.1670 0.778
 3737.2666 0.778
 3737.3662 0.778
 3737.4658 0.778
 3737.5654 0.778
 3737.6650 0.778
 3737.7646 0.778
 3737.8643 0.778
 3737.9639 0.778
 3738.0635 0.778
 3738.1631 0.777
 3738.2627 0.777
 3738.3623 0.777
 3738.4619 0.777
 3738.5615 0.778
 3738.6611 0.778
 3738.7607 0.778
 3738.8604 0.778
 3738.9600 0.778
 3739.0596 0.778
 3739.1592 0.778
 3739.2588 0.778
 3739.3584 0.778
 3739.4580 0.778
 3739.5576 0.778
 3739.6572 0.778
 3739.7568 0.778
 3739.8564 0.778
 3739.9561 0.778
 3740.0557 0.778
 3740.1553 0.778
 3740.2549 0.778
 3740.3545 0.778
 3740.4541 0.778
 3740.5537 0.778
 3740.6533 0.778
 3740.7529 0.779
 3740.8525 0.779
 3740.9521 0.779
 3741.0518 0.779
 3741.1514 0.779
 3741.2510 0.779
 3741.3506 0.779
 3741.4502 0.779
 3741.5498 0.779
 3741.6494 0.779
 3741.7490 0.779
 3741.8486 0.779
 3741.9482 0.779
 3742.0479 0.779
 3742.1475 0.778
 3742.2471 0.778
 3742.3467 0.778
 3742.4463 0.778
 3742.5459 0.778
 3742.6455 0.778
 3742.7451 0.778
 3742.8447 0.778
 3742.9443 0.778
 3743.0439 0.779
 3743.1436 0.779
 3743.2432 0.779
 3743.3428 0.779
 3743.4424 0.779
 3743.5420 0.779
 3743.6416 0.779
 3743.7412 0.779
 3743.8408 0.780
 3743.9404 0.780
 3744.0400 0.780
 3744.1396 0.780
 3744.2393 0.780
 3744.3389 0.780
 3744.4385 0.780
 3744.5381 0.780
 3744.6377 0.780
 3744.7373 0.780
 3744.8369 0.779
 3744.9365 0.779
 3745.0361 0.779
 3745.1357 0.779
 3745.2354 0.779
 3745.3350 0.779
 3745.4346 0.779
 3745.5342 0.779
 3745.6338 0.779
 3745.7334 0.779
 3745.8330 0.780
 3745.9326 0.780
 3746.0322 0.780
 3746.1318 0.780
 3746.2314 0.780
 3746.3311 0.780
 3746.4307 0.780
 3746.5303 0.780
 3746.6299 0.780
 3746.7295 0.780
 3746.8291 0.780
 3746.9287 0.780
 3747.0283 0.780
 3747.1279 0.780
 3747.2275 0.780
 3747.3271 0.781
 3747.4268 0.781
 3747.5264 0.781
 3747.6260 0.781
 3747.7256 0.781
 3747.8252 0.781
 3747.9248 0.781
 3748.0244 0.781
 3748.1240 0.781
 3748.2236 0.781
 3748.3232 0.781
 3748.4229 0.781
 3748.5225 0.781
 3748.6221 0.781
 3748.7217 0.781
 3748.8213 0.781
 3748.9209 0.781
 3749.0205 0.781
 3749.1201 0.781
 3749.2197 0.781
 3749.3193 0.781
 3749.4189 0.781
 3749.5186 0.781
 3749.6182 0.781
 3749.7178 0.781
 3749.8174 0.781
 3749.9170 0.781
 3750.0166 0.781
 3750.1162 0.781
 3750.2158 0.781
 3750.3154 0.781
 3750.4150 0.781
 3750.5146 0.781
 3750.6143 0.781
 3750.7139 0.781
 3750.8135 0.782
 3750.9131 0.782
 3751.0127 0.782
 3751.1123 0.782
 3751.2119 0.782
 3751.3115 0.782
 3751.4111 0.782
 3751.5107 0.782
 3751.6104 0.782
 3751.7100 0.782
 3751.8096 0.781
 3751.9092 0.781
 3752.0088 0.781
 3752.1084 0.781
 3752.2080 0.781
 3752.3076 0.781
 3752.4072 0.781
 3752.5068 0.781
 3752.6064 0.781
 3752.7061 0.781
 3752.8057 0.782
 3752.9053 0.782
 3753.0049 0.782
 3753.1045 0.782
 3753.2041 0.782
 3753.3037 0.782
 3753.4033 0.782
 3753.5029 0.782
 3753.6025 0.782
 3753.7021 0.782
 3753.8018 0.782
 3753.9014 0.782
 3754.0010 0.782
 3754.1006 0.782
 3754.2002 0.782
 3754.2998 0.782
 3754.3994 0.782
 3754.4990 0.782
 3754.5986 0.782
 3754.6982 0.782
 3754.7979 0.782
 3754.8975 0.782
 3754.9971 0.782
 3755.0967 0.782
 3755.1963 0.782
 3755.2959 0.782
 3755.3955 0.782
 3755.4951 0.782
 3755.5947 0.782
 3755.6943 0.781
 3755.7939 0.781
 3755.8936 0.781
 3755.9932 0.781
 3756.0928 0.781
 3756.1924 0.781
 3756.2920 0.781
 3756.3916 0.781
 3756.4912 0.781
 3756.5908 0.781
 3756.6904 0.782
 3756.7900 0.782
 3756.8896 0.782
 3756.9893 0.782
 3757.0889 0.782
 3757.1885 0.783
 3757.2881 0.783
 3757.3877 0.783
 3757.4873 0.783
 3757.5869 0.783
 3757.6865 0.783
 3757.7861 0.783
 3757.8857 0.783
 3757.9854 0.783
 3758.0850 0.782
 3758.1846 0.782
 3758.2842 0.782
 3758.3838 0.782
 3758.4834 0.782
 3758.5830 0.782
 3758.6826 0.782
 3758.7822 0.782
 3758.8818 0.782
 3758.9814 0.782
 3759.0811 0.783
 3759.1807 0.783
 3759.2803 0.783
 3759.3799 0.783
 3759.4795 0.783
 3759.5791 0.783
 3759.6787 0.783
 3759.7783 0.783
 3759.8779 0.783
 3759.9775 0.783
 3760.0771 0.783
 3760.1768 0.783
 3760.2764 0.783
 3760.3760 0.783
 3760.4756 0.783
 3760.5752 0.783
 3760.6748 0.783
 3760.7744 0.783
 3760.8740 0.783
 3760.9736 0.783
 3761.0732 0.783
 3761.1729 0.783
 3761.2725 0.783
 3761.3721 0.784
 3761.4717 0.784
 3761.5713 0.784
 3761.6709 0.784
 3761.7705 0.784
 3761.8701 0.784
 3761.9697 0.784
 3762.0693 0.784
 3762.1689 0.784
 3762.2686 0.784
 3762.3682 0.784
 3762.4678 0.784
 3762.5674 0.784
 3762.6670 0.784
 3762.7666 0.784
 3762.8662 0.784
 3762.9658 0.783
 3763.0654 0.783
 3763.1650 0.783
 3763.2646 0.783
 3763.3643 0.783
 3763.4639 0.783
 3763.5635 0.784
 3763.6631 0.784
 3763.7627 0.784
 3763.8623 0.784
 3763.9619 0.784
 3764.0615 0.784
 3764.1611 0.784
 3764.2607 0.784
 3764.3604 0.784
 3764.4600 0.784
 3764.5596 0.784
 3764.6592 0.784
 3764.7588 0.784
 3764.8584 0.784
 3764.9580 0.784
 3765.0576 0.784
 3765.1572 0.784
 3765.2568 0.784
 3765.3564 0.784
 3765.4561 0.785
 3765.5557 0.785
 3765.6553 0.785
 3765.7549 0.785
 3765.8545 0.785
 3765.9541 0.785
 3766.0537 0.785
 3766.1533 0.785
 3766.2529 0.785
 3766.3525 0.785
 3766.4521 0.785
 3766.5518 0.785
 3766.6514 0.785
 3766.7510 0.784
 3766.8506 0.784
 3766.9502 0.784
 3767.0498 0.784
 3767.1494 0.784
 3767.2490 0.784
 3767.3486 0.784
 3767.4482 0.784
 3767.5479 0.784
 3767.6475 0.784
 3767.7471 0.785
 3767.8467 0.785
 3767.9463 0.785
 3768.0459 0.785
 3768.1455 0.785
 3768.2451 0.785
 3768.3447 0.785
 3768.4443 0.785
 3768.5439 0.785
 3768.6436 0.785
 3768.7432 0.785
 3768.8428 0.785
 3768.9424 0.785
 3769.0420 0.785
 3769.1416 0.785
 3769.2412 0.785
 3769.3408 0.785
 3769.4404 0.785
 3769.5400 0.786
 3769.6396 0.786
 3769.7393 0.786
 3769.8389 0.786
 3769.9385 0.786
 3770.0381 0.786
 3770.1377 0.786
 3770.2373 0.786
 3770.3369 0.786
 3770.4365 0.786
 3770.5361 0.786
 3770.6357 0.786
 3770.7354 0.786
 3770.8350 0.786
 3770.9346 0.786
 3771.0342 0.786
 3771.1338 0.786
 3771.2334 0.786
 3771.3330 0.786
 3771.4326 0.786
 3771.5322 0.786
 3771.6318 0.786
 3771.7314 0.786
 3771.8311 0.786
 3771.9307 0.786
 3772.0303 0.786
 3772.1299 0.786
 3772.2295 0.786
 3772.3291 0.786
 3772.4287 0.786
 3772.5283 0.786
 3772.6279 0.786
 3772.7275 0.786
 3772.8271 0.786
 3772.9268 0.786
 3773.0264 0.786
 3773.1260 0.786
 3773.2256 0.786
 3773.3252 0.786
 3773.4248 0.786
 3773.5244 0.786
 3773.6240 0.786
 3773.7236 0.786
 3773.8232 0.786
 3773.9229 0.786
 3774.0225 0.786
 3774.1221 0.786
 3774.2217 0.786
 3774.3213 0.787
 3774.4209 0.787
 3774.5205 0.787
 3774.6201 0.787
 3774.7197 0.787
 3774.8193 0.787
 3774.9189 0.787
 3775.0186 0.787
 3775.1182 0.787
 3775.2178 0.787
 3775.3174 0.787
 3775.4170 0.787
 3775.5166 0.787
 3775.6162 0.787
 3775.7158 0.787
 3775.8154 0.787
 3775.9150 0.786
 3776.0146 0.786
 3776.1143 0.786
 3776.2139 0.786
 3776.3135 0.786
 3776.4131 0.786
 3776.5127 0.786
 3776.6123 0.786
 3776.7119 0.787
 3776.8115 0.787
 3776.9111 0.787
 3777.0107 0.787
 3777.1104 0.787
 3777.2100 0.787
 3777.3096 0.787
 3777.4092 0.787
 3777.5088 0.787
 3777.6084 0.787
 3777.7080 0.787
 3777.8076 0.787
 3777.9072 0.787
 3778.0068 0.787
 3778.1064 0.787
 3778.2061 0.787
 3778.3057 0.787
 3778.4053 0.787
 3778.5049 0.788
 3778.6045 0.788
 3778.7041 0.788
 3778.8037 0.788
 3778.9033 0.788
 3779.0029 0.788
 3779.1025 0.788
 3779.2021 0.788
 3779.3018 0.788
 3779.4014 0.788
 3779.5010 0.788
 3779.6006 0.788
 3779.7002 0.788
 3779.7998 0.788
 3779.8994 0.788
 3779.9990 0.788
 3780.0986 0.788
 3780.1982 0.788
 3780.2979 0.788
 3780.3975 0.788
 3780.4971 0.788
 3780.5967 0.788
 3780.6963 0.788
 3780.7959 0.788
 3780.8955 0.788
 3780.9951 0.787
 3781.0947 0.787
 3781.1943 0.787
 3781.2939 0.787
 3781.3936 0.787
 3781.4932 0.787
 3781.5928 0.787
 3781.6924 0.788
 3781.7920 0.788
 3781.8916 0.788
 3781.9912 0.788
 3782.0908 0.788
 3782.1904 0.788
 3782.2900 0.788
 3782.3896 0.788
 3782.4893 0.789
 3782.5889 0.789
 3782.6885 0.789
 3782.7881 0.789
 3782.8877 0.789
 3782.9873 0.789
 3783.0869 0.789
 3783.1865 0.789
 3783.2861 0.789
 3783.3857 0.789
 3783.4854 0.788
 3783.5850 0.788
 3783.6846 0.788
 3783.7842 0.788
 3783.8838 0.788
 3783.9834 0.788
 3784.0830 0.788
 3784.1826 0.788
 3784.2822 0.788
 3784.3818 0.788
 3784.4814 0.788
 3784.5811 0.789
 3784.6807 0.789
 3784.7803 0.789
 3784.8799 0.789
 3784.9795 0.789
 3785.0791 0.789
 3785.1787 0.789
 3785.2783 0.789
 3785.3779 0.789
 3785.4775 0.789
 3785.5771 0.789
 3785.6768 0.789
 3785.7764 0.790
 3785.8760 0.790
 3785.9756 0.790
 3786.0752 0.790
 3786.1748 0.790
 3786.2744 0.790
 3786.3740 0.790
 3786.4736 0.790
 3786.5732 0.790
 3786.6729 0.790
 3786.7725 0.790
 3786.8721 0.790
 3786.9717 0.790
 3787.0713 0.790
 3787.1709 0.790
 3787.2705 0.790
 3787.3701 0.789
 3787.4697 0.789
 3787.5693 0.789
 3787.6689 0.789
 3787.7686 0.789
 3787.8682 0.789
 3787.9678 0.789
 3788.0674 0.789
 3788.1670 0.789
 3788.2666 0.789
 3788.3662 0.789
 3788.4658 0.790
 3788.5654 0.790
 3788.6650 0.790
 3788.7646 0.790
 3788.8643 0.790
 3788.9639 0.790
 3789.0635 0.790
 3789.1631 0.790
 3789.2627 0.790
 3789.3623 0.790
 3789.4619 0.790
 3789.5615 0.790
 3789.6611 0.790
 3789.7607 0.790
 3789.8604 0.790
 3789.9600 0.790
 3790.0596 0.790
 3790.1592 0.790
 3790.2588 0.790
 3790.3584 0.790
 3790.4580 0.790
 3790.5576 0.790
 3790.6572 0.790
 3790.7568 0.790
 3790.8564 0.790
 3790.9561 0.790
 3791.0557 0.790
 3791.1553 0.790
 3791.2549 0.790
 3791.3545 0.790
 3791.4541 0.790
 3791.5537 0.790
 3791.6533 0.790
 3791.7529 0.790
 3791.8525 0.790
 3791.9521 0.791
 3792.0518 0.791
 3792.1514 0.791
 3792.2510 0.791
 3792.3506 0.791
 3792.4502 0.791
 3792.5498 0.791
 3792.6494 0.791
 3792.7490 0.791
 3792.8486 0.791
 3792.9482 0.791
 3793.0479 0.791
 3793.1475 0.790
 3793.2471 0.790
 3793.3467 0.790
 3793.4463 0.790
 3793.5459 0.790
 3793.6455 0.790
 3793.7451 0.790
 3793.8447 0.790
 3793.9443 0.790
 3794.0439 0.790
 3794.1436 0.791
 3794.2432 0.791
 3794.3428 0.791
 3794.4424 0.791
 3794.5420 0.791
 3794.6416 0.792
 3794.7412 0.792
 3794.8408 0.792
 3794.9404 0.792
 3795.0400 0.792
 3795.1396 0.792
 3795.2393 0.792
 3795.3389 0.791
 3795.4385 0.791
 3795.5381 0.791
 3795.6377 0.791
 3795.7373 0.791
 3795.8369 0.791
 3795.9365 0.791
 3796.0361 0.792
 3796.1357 0.792
 3796.2354 0.792
 3796.3350 0.792
 3796.4346 0.792
 3796.5342 0.792
 3796.6338 0.792
 3796.7334 0.792
 3796.8330 0.792
 3796.9326 0.792
 3797.0322 0.792
 3797.1318 0.792
 3797.2314 0.792
 3797.3311 0.791
 3797.4307 0.792
 3797.5303 0.792
 3797.6299 0.792
 3797.7295 0.792
 3797.8291 0.792
 3797.9287 0.792
 3798.0283 0.792
 3798.1279 0.792
 3798.2275 0.793
 3798.3271 0.793
 3798.4268 0.793
 3798.5264 0.793
 3798.6260 0.793
 3798.7256 0.793
 3798.8252 0.793
 3798.9248 0.792
 3799.0244 0.792
 3799.1240 0.792
 3799.2236 0.792
 3799.3232 0.792
 3799.4229 0.792
 3799.5225 0.792
 3799.6221 0.792
 3799.7217 0.792
 3799.8213 0.793
 3799.9209 0.793
 3800.0205 0.793
 3800.1201 0.793
 3800.2197 0.793
 3800.3193 0.793
 3800.4189 0.793
 3800.5186 0.793
 3800.6182 0.793
 3800.7178 0.793
 3800.8174 0.793
 3800.9170 0.793
 3801.0166 0.793
 3801.1162 0.793
 3801.2158 0.793
 3801.3154 0.793
 3801.4150 0.793
 3801.5146 0.793
 3801.6143 0.793
 3801.7139 0.793
 3801.8135 0.793
 3801.9131 0.793
 3802.0127 0.794
 3802.1123 0.794
 3802.2119 0.794
 3802.3115 0.794
 3802.4111 0.794
 3802.5107 0.794
 3802.6104 0.794
 3802.7100 0.794
 3802.8096 0.794
 3802.9092 0.794
 3803.0088 0.794
 3803.1084 0.794
 3803.2080 0.794
 3803.3076 0.794
 3803.4072 0.794
 3803.5068 0.794
 3803.6064 0.794
 3803.7061 0.794
 3803.8057 0.793
 3803.9053 0.793
 3804.0049 0.793
 3804.1045 0.793
 3804.2041 0.793
 3804.3037 0.793
 3804.4033 0.793
 3804.5029 0.793
 3804.6025 0.793
 3804.7021 0.794
 3804.8018 0.794
 3804.9014 0.794
 3805.0010 0.794
 3805.1006 0.794
 3805.2002 0.794
 3805.2998 0.794
 3805.3994 0.794
 3805.4990 0.794
 3805.5986 0.794
 3805.6982 0.794
 3805.7979 0.794
 3805.8975 0.794
 3805.9971 0.794
 3806.0967 0.794
 3806.1963 0.795
 3806.2959 0.795
 3806.3955 0.795
 3806.4951 0.795
 3806.5947 0.795
 3806.6943 0.795
 3806.7939 0.795
 3806.8936 0.795
 3806.9932 0.795
 3807.0928 0.795
 3807.1924 0.795
 3807.2920 0.795
 3807.3916 0.795
 3807.4912 0.795
 3807.5908 0.795
 3807.6904 0.795
 3807.7900 0.795
 3807.8896 0.795
 3807.9893 0.795
 3808.0889 0.795
 3808.1885 0.795
 3808.2881 0.795
 3808.3877 0.795
 3808.4873 0.795
 3808.5869 0.795
 3808.6865 0.795
 3808.7861 0.795
 3808.8857 0.795
 3808.9854 0.795
 3809.0850 0.795
 3809.1846 0.795
 3809.2842 0.795
 3809.3838 0.795
 3809.4834 0.795
 3809.5830 0.795
 3809.6826 0.795
 3809.7822 0.795
 3809.8818 0.795
 3809.9814 0.795
 3810.0811 0.795
 3810.1807 0.795
 3810.2803 0.796
 3810.3799 0.796
 3810.4795 0.796
 3810.5791 0.796
 3810.6787 0.796
 3810.7783 0.796
 3810.8779 0.796
 3810.9775 0.796
 3811.0771 0.796
 3811.1768 0.796
 3811.2764 0.796
 3811.3760 0.796
 3811.4756 0.796
 3811.5752 0.796
 3811.6748 0.796
 3811.7744 0.796
 3811.8740 0.796
 3811.9736 0.795
 3812.0732 0.795
 3812.1729 0.795
 3812.2725 0.795
 3812.3721 0.795
 3812.4717 0.795
 3812.5713 0.795
 3812.6709 0.795
 3812.7705 0.795
 3812.8701 0.796
 3812.9697 0.796
 3813.0693 0.796
 3813.1689 0.796
 3813.2686 0.796
 3813.3682 0.796
 3813.4678 0.796
 3813.5674 0.796
 3813.6670 0.796
 3813.7666 0.796
 3813.8662 0.796
 3813.9658 0.796
 3814.0654 0.796
 3814.1650 0.796
 3814.2646 0.796
 3814.3643 0.796
 3814.4639 0.796
 3814.5635 0.796
 3814.6631 0.796
 3814.7627 0.796
 3814.8623 0.796
 3814.9619 0.796
 3815.0615 0.796
 3815.1611 0.796
 3815.2607 0.797
 3815.3604 0.797
 3815.4600 0.797
 3815.5596 0.797
 3815.6592 0.797
 3815.7588 0.797
 3815.8584 0.797
 3815.9580 0.797
 3816.0576 0.797
 3816.1572 0.797
 3816.2568 0.797
 3816.3564 0.797
 3816.4561 0.797
 3816.5557 0.797
 3816.6553 0.797
 3816.7549 0.797
 3816.8545 0.797
 3816.9541 0.797
 3817.0537 0.797
 3817.1533 0.797
 3817.2529 0.797
 3817.3525 0.797
 3817.4521 0.797
 3817.5518 0.797
 3817.6514 0.798
 3817.7510 0.798
 3817.8506 0.797
 3817.9502 0.797
 3818.0498 0.798
 3818.1494 0.798
 3818.2490 0.798
 3818.3486 0.798
 3818.4482 0.798
 3818.5479 0.798
 3818.6475 0.798
 3818.7471 0.798
 3818.8467 0.798
 3818.9463 0.798
 3819.0459 0.798
 3819.1455 0.798
 3819.2451 0.798
 3819.3447 0.798
 3819.4443 0.798
 3819.5439 0.798
 3819.6436 0.798
 3819.7432 0.798
 3819.8428 0.798
 3819.9424 0.798
 3820.0420 0.798
 3820.1416 0.798
 3820.2412 0.798
 3820.3408 0.798
 3820.4404 0.798
 3820.5400 0.798
 3820.6396 0.798
 3820.7393 0.797
 3820.8389 0.797
 3820.9385 0.797
 3821.0381 0.797
 3821.1377 0.797
 3821.2373 0.797
 3821.3369 0.797
 3821.4365 0.798
 3821.5361 0.798
 3821.6357 0.798
 3821.7354 0.798
 3821.8350 0.798
 3821.9346 0.798
 3822.0342 0.798
 3822.1338 0.798
 3822.2334 0.799
 3822.3330 0.798
 3822.4326 0.798
 3822.5322 0.798
 3822.6318 0.798
 3822.7314 0.798
 3822.8311 0.798
 3822.9307 0.798
 3823.0303 0.798
 3823.1299 0.798
 3823.2295 0.798
 3823.3291 0.798
 3823.4287 0.798
 3823.5283 0.798
 3823.6279 0.798
 3823.7275 0.798
 3823.8271 0.799
 3823.9268 0.799
 3824.0264 0.799
 3824.1260 0.799
 3824.2256 0.799
 3824.3252 0.799
 3824.4248 0.799
 3824.5244 0.799
 3824.6240 0.799
 3824.7236 0.799
 3824.8232 0.799
 3824.9229 0.798
 3825.0225 0.798
 3825.1221 0.798
 3825.2217 0.798
 3825.3213 0.798
 3825.4209 0.798
 3825.5205 0.798
 3825.6201 0.798
 3825.7197 0.798
 3825.8193 0.798
 3825.9189 0.799
 3826.0186 0.799
 3826.1182 0.799
 3826.2178 0.799
 3826.3174 0.799
 3826.4170 0.799
 3826.5166 0.799
 3826.6162 0.799
 3826.7158 0.799
 3826.8154 0.800
 3826.9150 0.800
 3827.0146 0.800
 3827.1143 0.800
 3827.2139 0.800
 3827.3135 0.800
 3827.4131 0.800
 3827.5127 0.799
 3827.6123 0.799
 3827.7119 0.799
 3827.8115 0.799
 3827.9111 0.799
 3828.0107 0.799
 3828.1104 0.799
 3828.2100 0.799
 3828.3096 0.799
 3828.4092 0.800
 3828.5088 0.800
 3828.6084 0.800
 3828.7080 0.800
 3828.8076 0.800
 3828.9072 0.800
 3829.0068 0.800
 3829.1064 0.800
 3829.2061 0.800
 3829.3057 0.800
 3829.4053 0.800
 3829.5049 0.800
 3829.6045 0.800
 3829.7041 0.800
 3829.8037 0.800
 3829.9033 0.800
 3830.0029 0.800
 3830.1025 0.799
 3830.2021 0.799
 3830.3018 0.799
 3830.4014 0.799
 3830.5010 0.799
 3830.6006 0.799
 3830.7002 0.799
 3830.7998 0.799
 3830.8994 0.800
 3830.9990 0.800
 3831.0986 0.800
 3831.1982 0.800
 3831.2979 0.800
 3831.3975 0.800
 3831.4971 0.800
 3831.5967 0.800
 3831.6963 0.801
 3831.7959 0.801
 3831.8955 0.801
 3831.9951 0.801
 3832.0947 0.801
 3832.1943 0.801
 3832.2939 0.801
 3832.3936 0.801
 3832.4932 0.801
 3832.5928 0.801
 3832.6924 0.801
 3832.7920 0.801
 3832.8916 0.801
 3832.9912 0.801
 3833.0908 0.801
 3833.1904 0.801
 3833.2900 0.801
 3833.3896 0.801
 3833.4893 0.801
 3833.5889 0.801
 3833.6885 0.801
 3833.7881 0.801
 3833.8877 0.801
 3833.9873 0.801
 3834.0869 0.801
 3834.1865 0.801
 3834.2861 0.801
 3834.3857 0.801
 3834.4854 0.801
 3834.5850 0.801
 3834.6846 0.801
 3834.7842 0.802
 3834.8838 0.802
 3834.9834 0.802
 3835.0830 0.802
 3835.1826 0.802
 3835.2822 0.802
 3835.3818 0.802
 3835.4814 0.802
 3835.5811 0.802
 3835.6807 0.801
 3835.7803 0.801
 3835.8799 0.801
 3835.9795 0.801
 3836.0791 0.801
 3836.1787 0.801
 3836.2783 0.801
 3836.3779 0.801
 3836.4775 0.801
 3836.5771 0.801
 3836.6768 0.801
 3836.7764 0.801
 3836.8760 0.802
 3836.9756 0.802
 3837.0752 0.802
 3837.1748 0.802
 3837.2744 0.802
 3837.3740 0.802
 3837.4736 0.802
 3837.5732 0.802
 3837.6729 0.802
 3837.7725 0.802
 3837.8721 0.802
 3837.9717 0.802
 3838.0713 0.802
 3838.1709 0.801
 3838.2705 0.801
 3838.3701 0.801
 3838.4697 0.801
 3838.5693 0.801
 3838.6689 0.801
 3838.7686 0.801
 3838.8682 0.801
 3838.9678 0.801
 3839.0674 0.801
 3839.1670 0.801
 3839.2666 0.802
 3839.3662 0.802
 3839.4658 0.802
 3839.5654 0.802
 3839.6650 0.802
 3839.7646 0.802
 3839.8643 0.802
 3839.9639 0.802
 3840.0635 0.802
 3840.1631 0.802
 3840.2627 0.802
 3840.3623 0.802
 3840.4619 0.802
 3840.5615 0.802
 3840.6611 0.802
 3840.7607 0.802
 3840.8604 0.802
 3840.9600 0.802
 3841.0596 0.802
 3841.1592 0.802
 3841.2588 0.802
 3841.3584 0.802
 3841.4580 0.802
 3841.5576 0.802
 3841.6572 0.803
 3841.7568 0.803
 3841.8564 0.803
 3841.9561 0.803
 3842.0557 0.803
 3842.1553 0.803
 3842.2549 0.803
 3842.3545 0.803
 3842.4541 0.803
 3842.5537 0.803
 3842.6533 0.803
 3842.7529 0.803
 3842.8525 0.802
 3842.9521 0.802
 3843.0518 0.802
 3843.1514 0.802
 3843.2510 0.802
 3843.3506 0.802
 3843.4502 0.802
 3843.5498 0.802
 3843.6494 0.802
 3843.7490 0.802
 3843.8486 0.802
 3843.9482 0.802
 3844.0479 0.803
 3844.1475 0.803
 3844.2471 0.803
 3844.3467 0.803
 3844.4463 0.803
 3844.5459 0.803
 3844.6455 0.803
 3844.7451 0.803
 3844.8447 0.803
 3844.9443 0.803
 3845.0439 0.803
 3845.1436 0.804
 3845.2432 0.803
 3845.3428 0.803
 3845.4424 0.803
 3845.5420 0.803
 3845.6416 0.803
 3845.7412 0.803
 3845.8408 0.803
 3845.9404 0.803
 3846.0400 0.803
 3846.1396 0.803
 3846.2393 0.803
 3846.3389 0.803
 3846.4385 0.803
 3846.5381 0.803
 3846.6377 0.804
 3846.7373 0.804
 3846.8369 0.804
 3846.9365 0.804
 3847.0361 0.804
 3847.1357 0.804
 3847.2354 0.804
 3847.3350 0.804
 3847.4346 0.804
 3847.5342 0.804
 3847.6338 0.804
 3847.7334 0.804
 3847.8330 0.803
 3847.9326 0.803
 3848.0322 0.803
 3848.1318 0.803
 3848.2314 0.803
 3848.3311 0.803
 3848.4307 0.804
 3848.5303 0.804
 3848.6299 0.804
 3848.7295 0.804
 3848.8291 0.804
 3848.9287 0.804
 3849.0283 0.804
 3849.1279 0.804
 3849.2275 0.804
 3849.3271 0.804
 3849.4268 0.805
 3849.5264 0.805
 3849.6260 0.805
 3849.7256 0.805
 3849.8252 0.805
 3849.9248 0.805
 3850.0244 0.805
 3850.1240 0.805
 3850.2236 0.805
 3850.3232 0.805
 3850.4229 0.805
 3850.5225 0.805
 3850.6221 0.805
 3850.7217 0.805
 3850.8213 0.805
 3850.9209 0.805
 3851.0205 0.805
 3851.1201 0.805
 3851.2197 0.805
 3851.3193 0.805
 3851.4189 0.805
 3851.5186 0.805
 3851.6182 0.805
 3851.7178 0.805
 3851.8174 0.805
 3851.9170 0.805
 3852.0166 0.804
 3852.1162 0.804
 3852.2158 0.804
 3852.3154 0.804
 3852.4150 0.804
 3852.5146 0.804
 3852.6143 0.804
 3852.7139 0.804
 3852.8135 0.805
 3852.9131 0.805
 3853.0127 0.805
 3853.1123 0.805
 3853.2119 0.805
 3853.3115 0.805
 3853.4111 0.805
 3853.5107 0.805
 3853.6104 0.805
 3853.7100 0.805
 3853.8096 0.805
 3853.9092 0.805
 3854.0088 0.805
 3854.1084 0.805
 3854.2080 0.805
 3854.3076 0.806
 3854.4072 0.806
 3854.5068 0.806
 3854.6064 0.806
 3854.7061 0.806
 3854.8057 0.806
 3854.9053 0.806
 3855.0049 0.806
 3855.1045 0.806
 3855.2041 0.806
 3855.3037 0.806
 3855.4033 0.806
 3855.5029 0.806
 3855.6025 0.806
 3855.7021 0.806
 3855.8018 0.806
 3855.9014 0.806
 3856.0010 0.806
 3856.1006 0.806
 3856.2002 0.806
 3856.2998 0.806
 3856.3994 0.806
 3856.4990 0.806
 3856.5986 0.806
 3856.6982 0.806
 3856.7979 0.806
 3856.8975 0.806
 3856.9971 0.806
 3857.0967 0.806
 3857.1963 0.806
 3857.2959 0.806
 3857.3955 0.806
 3857.4951 0.805
 3857.5947 0.805
 3857.6943 0.805
 3857.7939 0.805
 3857.8936 0.805
 3857.9932 0.806
 3858.0928 0.806
 3858.1924 0.806
 3858.2920 0.806
 3858.3916 0.806
 3858.4912 0.806
 3858.5908 0.806
 3858.6904 0.806
 3858.7900 0.806
 3858.8896 0.806
 3858.9893 0.806
 3859.0889 0.806
 3859.1885 0.806
 3859.2881 0.806
 3859.3877 0.806
 3859.4873 0.806
 3859.5869 0.806
 3859.6865 0.806
 3859.7861 0.806
 3859.8857 0.806
 3859.9854 0.806
 3860.0850 0.806
 3860.1846 0.806
 3860.2842 0.806
 3860.3838 0.806
 3860.4834 0.806
 3860.5830 0.806
 3860.6826 0.807
 3860.7822 0.807
 3860.8818 0.807
 3860.9814 0.807
 3861.0811 0.807
 3861.1807 0.807
 3861.2803 0.807
 3861.3799 0.807
 3861.4795 0.807
 3861.5791 0.807
 3861.6787 0.807
 3861.7783 0.807
 3861.8779 0.806
 3861.9775 0.806
 3862.0771 0.806
 3862.1768 0.806
 3862.2764 0.807
 3862.3760 0.807
 3862.4756 0.807
 3862.5752 0.807
 3862.6748 0.807
 3862.7744 0.807
 3862.8740 0.807
 3862.9736 0.807
 3863.0732 0.807
 3863.1729 0.807
 3863.2725 0.807
 3863.3721 0.807
 3863.4717 0.807
 3863.5713 0.807
 3863.6709 0.807
 3863.7705 0.807
 3863.8701 0.807
 3863.9697 0.807
 3864.0693 0.807
 3864.1689 0.807
 3864.2686 0.807
 3864.3682 0.807
 3864.4678 0.807
 3864.5674 0.808
 3864.6670 0.808
 3864.7666 0.808
 3864.8662 0.808
 3864.9658 0.808
 3865.0654 0.808
 3865.1650 0.808
 3865.2646 0.808
 3865.3643 0.808
 3865.4639 0.808
 3865.5635 0.807
 3865.6631 0.807
 3865.7627 0.807
 3865.8623 0.807
 3865.9619 0.807
 3866.0615 0.807
 3866.1611 0.807
 3866.2607 0.808
 3866.3604 0.808
 3866.4600 0.808
 3866.5596 0.808
 3866.6592 0.808
 3866.7588 0.808
 3866.8584 0.808
 3866.9580 0.808
 3867.0576 0.808
 3867.1572 0.808
 3867.2568 0.808
 3867.3564 0.808
 3867.4561 0.808
 3867.5557 0.809
 3867.6553 0.809
 3867.7549 0.809
 3867.8545 0.809
 3867.9541 0.809
 3868.0537 0.808
 3868.1533 0.808
 3868.2529 0.808
 3868.3525 0.808
 3868.4521 0.808
 3868.5518 0.808
 3868.6514 0.808
 3868.7510 0.808
 3868.8506 0.808
 3868.9502 0.808
 3869.0498 0.808
 3869.1494 0.808
 3869.2490 0.809
 3869.3486 0.809
 3869.4482 0.809
 3869.5479 0.809
 3869.6475 0.809
 3869.7471 0.809
 3869.8467 0.809
 3869.9463 0.809
 3870.0459 0.809
 3870.1455 0.809
 3870.2451 0.809
 3870.3447 0.809
 3870.4443 0.808
 3870.5439 0.808
 3870.6436 0.808
 3870.7432 0.808
 3870.8428 0.808
 3870.9424 0.808
 3871.0420 0.809
 3871.1416 0.809
 3871.2412 0.809
 3871.3408 0.809
 3871.4404 0.809
 3871.5400 0.809
 3871.6396 0.809
 3871.7393 0.809
 3871.8389 0.810
 3871.9385 0.810
 3872.0381 0.810
 3872.1377 0.810
 3872.2373 0.810
 3872.3369 0.810
 3872.4365 0.810
 3872.5361 0.810
 3872.6357 0.810
 3872.7354 0.810
 3872.8350 0.810
 3872.9346 0.810
 3873.0342 0.810
 3873.1338 0.810
 3873.2334 0.810
 3873.3330 0.810
 3873.4326 0.810
 3873.5322 0.810
 3873.6318 0.810
 3873.7314 0.810
 3873.8311 0.810
 3873.9307 0.810
 3874.0303 0.810
 3874.1299 0.810
 3874.2295 0.810
 3874.3291 0.810
 3874.4287 0.810
 3874.5283 0.810
 3874.6279 0.810
 3874.7275 0.810
 3874.8271 0.810
 3874.9268 0.810
 3875.0264 0.810
 3875.1260 0.810
 3875.2256 0.810
 3875.3252 0.810
 3875.4248 0.810
 3875.5244 0.810
 3875.6240 0.810
 3875.7236 0.810
 3875.8232 0.810
 3875.9229 0.811
 3876.0225 0.810
 3876.1221 0.810
 3876.2217 0.810
 3876.3213 0.811
 3876.4209 0.811
 3876.5205 0.811
 3876.6201 0.811
 3876.7197 0.811
 3876.8193 0.811
 3876.9189 0.811
 3877.0186 0.811
 3877.1182 0.811
 3877.2178 0.811
 3877.3174 0.811
 3877.4170 0.811
 3877.5166 0.810
 3877.6162 0.810
 3877.7158 0.811
 3877.8154 0.811
 3877.9150 0.811
 3878.0146 0.811
 3878.1143 0.811
 3878.2139 0.811
 3878.3135 0.811
 3878.4131 0.811
 3878.5127 0.811
 3878.6123 0.811
 3878.7119 0.811
 3878.8115 0.811
 3878.9111 0.811
 3879.0107 0.811
 3879.1104 0.811
 3879.2100 0.811
 3879.3096 0.811
 3879.4092 0.811
 3879.5088 0.811
 3879.6084 0.811
 3879.7080 0.811
 3879.8076 0.811
 3879.9072 0.811
 3880.0068 0.811
 3880.1064 0.812
 3880.2061 0.812
 3880.3057 0.811
 3880.4053 0.811
 3880.5049 0.811
 3880.6045 0.811
 3880.7041 0.811
 3880.8037 0.811
 3880.9033 0.811
 3881.0029 0.811
 3881.1025 0.811
 3881.2021 0.811
 3881.3018 0.811
 3881.4014 0.811
 3881.5010 0.811
 3881.6006 0.811
 3881.7002 0.812
 3881.7998 0.812
 3881.8994 0.812
 3881.9990 0.812
 3882.0986 0.812
 3882.1982 0.812
 3882.2979 0.812
 3882.3975 0.812
 3882.4971 0.812
 3882.5967 0.812
 3882.6963 0.812
 3882.7959 0.812
 3882.8955 0.812
 3882.9951 0.812
 3883.0947 0.812
 3883.1943 0.812
 3883.2939 0.812
 3883.3936 0.812
 3883.4932 0.812
 3883.5928 0.812
 3883.6924 0.812
 3883.7920 0.812
 3883.8916 0.812
 3883.9912 0.812
 3884.0908 0.812
 3884.1904 0.812
 3884.2900 0.812
 3884.3896 0.812
 3884.4893 0.812
 3884.5889 0.812
 3884.6885 0.812
 3884.7881 0.812
 3884.8877 0.812
 3884.9873 0.812
 3885.0869 0.812
 3885.1865 0.812
 3885.2861 0.812
 3885.3857 0.812
 3885.4854 0.812
 3885.5850 0.812
 3885.6846 0.812
 3885.7842 0.812
 3885.8838 0.812
 3885.9834 0.812
 3886.0830 0.812
 3886.1826 0.813
 3886.2822 0.813
 3886.3818 0.813
 3886.4814 0.813
 3886.5811 0.813
 3886.6807 0.812
 3886.7803 0.812
 3886.8799 0.812
 3886.9795 0.812
 3887.0791 0.812
 3887.1787 0.812
 3887.2783 0.812
 3887.3779 0.812
 3887.4775 0.812
 3887.5771 0.812
 3887.6768 0.812
 3887.7764 0.813
 3887.8760 0.813
 3887.9756 0.813
 3888.0752 0.813
 3888.1748 0.813
 3888.2744 0.813
 3888.3740 0.813
 3888.4736 0.813
 3888.5732 0.813
 3888.6729 0.813
 3888.7725 0.813
 3888.8721 0.813
 3888.9717 0.813
 3889.0713 0.813
 3889.1709 0.813
 3889.2705 0.813
 3889.3701 0.813
 3889.4697 0.813
 3889.5693 0.813
 3889.6689 0.813
 3889.7686 0.814
 3889.8682 0.814
 3889.9678 0.814
 3890.0674 0.814
 3890.1670 0.814
 3890.2666 0.814
 3890.3662 0.814
 3890.4658 0.814
 3890.5654 0.814
 3890.6650 0.814
 3890.7646 0.814
 3890.8643 0.814
 3890.9639 0.814
 3891.0635 0.814
 3891.1631 0.814
 3891.2627 0.814
 3891.3623 0.814
 3891.4619 0.814
 3891.5615 0.814
 3891.6611 0.814
 3891.7607 0.813
 3891.8604 0.813
 3891.9600 0.813
 3892.0596 0.813
 3892.1592 0.813
 3892.2588 0.813
 3892.3584 0.813
 3892.4580 0.813
 3892.5576 0.813
 3892.6572 0.813
 3892.7568 0.813
 3892.8564 0.814
 3892.9561 0.814
 3893.0557 0.814
 3893.1553 0.814
 3893.2549 0.814
 3893.3545 0.814
 3893.4541 0.814
 3893.5537 0.814
 3893.6533 0.814
 3893.7529 0.814
 3893.8525 0.814
 3893.9521 0.814
 3894.0518 0.814
 3894.1514 0.815
 3894.2510 0.815
 3894.3506 0.815
 3894.4502 0.815
 3894.5498 0.815
 3894.6494 0.815
 3894.7490 0.815
 3894.8486 0.815
 3894.9482 0.815
 3895.0479 0.815
 3895.1475 0.815
 3895.2471 0.815
 3895.3467 0.815
 3895.4463 0.815
 3895.5459 0.815
 3895.6455 0.815
 3895.7451 0.815
 3895.8447 0.815
 3895.9443 0.815
 3896.0439 0.815
 3896.1436 0.815
 3896.2432 0.815
 3896.3428 0.815
 3896.4424 0.815
 3896.5420 0.815
 3896.6416 0.815
 3896.7412 0.815
 3896.8408 0.815
 3896.9404 0.815
 3897.0400 0.815
 3897.1396 0.815
 3897.2393 0.815
 3897.3389 0.815
 3897.4385 0.815
 3897.5381 0.815
 3897.6377 0.815
 3897.7373 0.815
 3897.8369 0.815
 3897.9365 0.815
 3898.0361 0.815
 3898.1357 0.815
 3898.2354 0.815
 3898.3350 0.815
 3898.4346 0.815
 3898.5342 0.815
 3898.6338 0.815
 3898.7334 0.815
 3898.8330 0.816
 3898.9326 0.816
 3899.0322 0.816
 3899.1318 0.816
 3899.2314 0.816
 3899.3311 0.816
 3899.4307 0.816
 3899.5303 0.816
 3899.6299 0.816
 3899.7295 0.816
 3899.8291 0.816
 3899.9287 0.816
 3900.0283 0.816
 3900.1279 0.816
 3900.2275 0.816
 3900.3271 0.816
 3900.4268 0.816
 3900.5264 0.816
 3900.6260 0.816
 3900.7256 0.816
 3900.8252 0.816
 3900.9248 0.816
 3901.0244 0.816
 3901.1240 0.816
 3901.2236 0.816
 3901.3232 0.816
 3901.4229 0.816
 3901.5225 0.816
 3901.6221 0.816
 3901.7217 0.816
 3901.8213 0.816
 3901.9209 0.816
 3902.0205 0.816
 3902.1201 0.816
 3902.2197 0.816
 3902.3193 0.816
 3902.4189 0.816
 3902.5186 0.816
 3902.6182 0.816
 3902.7178 0.816
 3902.8174 0.816
 3902.9170 0.816
 3903.0166 0.817
 3903.1162 0.817
 3903.2158 0.817
 3903.3154 0.817
 3903.4150 0.817
 3903.5146 0.817
 3903.6143 0.817
 3903.7139 0.817
 3903.8135 0.817
 3903.9131 0.817
 3904.0127 0.817
 3904.1123 0.817
 3904.2119 0.817
 3904.3115 0.817
 3904.4111 0.817
 3904.5107 0.817
 3904.6104 0.817
 3904.7100 0.817
 3904.8096 0.817
 3904.9092 0.817
 3905.0088 0.817
 3905.1084 0.817
 3905.2080 0.817
 3905.3076 0.816
 3905.4072 0.816
 3905.5068 0.816
 3905.6064 0.816
 3905.7061 0.816
 3905.8057 0.816
 3905.9053 0.816
 3906.0049 0.816
 3906.1045 0.817
 3906.2041 0.817
 3906.3037 0.817
 3906.4033 0.817
 3906.5029 0.817
 3906.6025 0.817
 3906.7021 0.817
 3906.8018 0.817
 3906.9014 0.817
 3907.0010 0.817
 3907.1006 0.817
 3907.2002 0.817
 3907.2998 0.817
 3907.3994 0.817
 3907.4990 0.817
 3907.5986 0.817
 3907.6982 0.817
 3907.7979 0.817
 3907.8975 0.817
 3907.9971 0.818
 3908.0967 0.818
 3908.1963 0.818
 3908.2959 0.818
 3908.3955 0.818
 3908.4951 0.818
 3908.5947 0.818
 3908.6943 0.818
 3908.7939 0.818
 3908.8936 0.818
 3908.9932 0.818
 3909.0928 0.818
 3909.1924 0.818
 3909.2920 0.818
 3909.3916 0.818
 3909.4912 0.818
 3909.5908 0.818
 3909.6904 0.818
 3909.7900 0.818
 3909.8896 0.818
 3909.9893 0.818
 3910.0889 0.818
 3910.1885 0.818
 3910.2881 0.818
 3910.3877 0.818
 3910.4873 0.818
 3910.5869 0.818
 3910.6865 0.818
 3910.7861 0.818
 3910.8857 0.818
 3910.9854 0.818
 3911.0850 0.818
 3911.1846 0.818
 3911.2842 0.818
 3911.3838 0.818
 3911.4834 0.819
 3911.5830 0.819
 3911.6826 0.819
 3911.7822 0.819
 3911.8818 0.819
 3911.9814 0.819
 3912.0811 0.819
 3912.1807 0.819
 3912.2803 0.819
 3912.3799 0.819
 3912.4795 0.819
 3912.5791 0.819
 3912.6787 0.819
 3912.7783 0.819
 3912.8779 0.819
 3912.9775 0.819
 3913.0771 0.819
 3913.1768 0.819
 3913.2764 0.819
 3913.3760 0.819
 3913.4756 0.819
 3913.5752 0.819
 3913.6748 0.819
 3913.7744 0.819
 3913.8740 0.819
 3913.9736 0.819
 3914.0732 0.819
 3914.1729 0.819
 3914.2725 0.819
 3914.3721 0.819
 3914.4717 0.819
 3914.5713 0.819
 3914.6709 0.819
 3914.7705 0.819
 3914.8701 0.818
 3914.9697 0.818
 3915.0693 0.818
 3915.1689 0.818
 3915.2686 0.818
 3915.3682 0.818
 3915.4678 0.819
 3915.5674 0.819
 3915.6670 0.819
 3915.7666 0.819
 3915.8662 0.819
 3915.9658 0.819
 3916.0654 0.819
 3916.1650 0.819
 3916.2646 0.819
 3916.3643 0.820
 3916.4639 0.820
 3916.5635 0.820
 3916.6631 0.820
 3916.7627 0.820
 3916.8623 0.820
 3916.9619 0.820
 3917.0615 0.820
 3917.1611 0.820
 3917.2607 0.820
 3917.3604 0.820
 3917.4600 0.820
 3917.5596 0.819
 3917.6592 0.819
 3917.7588 0.819
 3917.8584 0.819
 3917.9580 0.819
 3918.0576 0.819
 3918.1572 0.819
 3918.2568 0.819
 3918.3564 0.819
 3918.4561 0.819
 3918.5557 0.819
 3918.6553 0.819
 3918.7549 0.820
 3918.8545 0.820
 3918.9541 0.820
 3919.0537 0.820
 3919.1533 0.820
 3919.2529 0.820
 3919.3525 0.820
 3919.4521 0.820
 3919.5518 0.821
 3919.6514 0.821
 3919.7510 0.821
 3919.8506 0.821
 3919.9502 0.821
 3920.0498 0.821
 3920.1494 0.821
 3920.2490 0.821
 3920.3486 0.821
 3920.4482 0.821
 3920.5479 0.821
 3920.6475 0.821
 3920.7471 0.821
 3920.8467 0.821
 3920.9463 0.821
 3921.0459 0.821
 3921.1455 0.821
 3921.2451 0.821
 3921.3447 0.821
 3921.4443 0.821
 3921.5439 0.821
 3921.6436 0.821
 3921.7432 0.821
 3921.8428 0.821
 3921.9424 0.821
 3922.0420 0.821
 3922.1416 0.821
 3922.2412 0.821
 3922.3408 0.821
 3922.4404 0.821
 3922.5400 0.821
 3922.6396 0.821
 3922.7393 0.821
 3922.8389 0.821
 3922.9385 0.821
 3923.0381 0.821
 3923.1377 0.821
 3923.2373 0.821
 3923.3369 0.821
 3923.4365 0.821
 3923.5361 0.821
 3923.6357 0.821
 3923.7354 0.821
 3923.8350 0.821
 3923.9346 0.821
 3924.0342 0.821
 3924.1338 0.821
 3924.2334 0.821
 3924.3330 0.821
 3924.4326 0.821
 3924.5322 0.821
 3924.6318 0.821
 3924.7314 0.821
 3924.8311 0.821
 3924.9307 0.821
 3925.0303 0.821
 3925.1299 0.821
 3925.2295 0.821
 3925.3291 0.821
 3925.4287 0.821
 3925.5283 0.822
 3925.6279 0.822
 3925.7275 0.822
 3925.8271 0.822
 3925.9268 0.822
 3926.0264 0.822
 3926.1260 0.822
 3926.2256 0.822
 3926.3252 0.822
 3926.4248 0.822
 3926.5244 0.822
 3926.6240 0.822
 3926.7236 0.822
 3926.8232 0.822
 3926.9229 0.822
 3927.0225 0.822
 3927.1221 0.822
 3927.2217 0.822
 3927.3213 0.822
 3927.4209 0.822
 3927.5205 0.822
 3927.6201 0.822
 3927.7197 0.822
 3927.8193 0.822
 3927.9189 0.822
 3928.0186 0.822
 3928.1182 0.822
 3928.2178 0.822
 3928.3174 0.822
 3928.4170 0.822
 3928.5166 0.823
 3928.6162 0.823
 3928.7158 0.823
 3928.8154 0.823
 3928.9150 0.823
 3929.0146 0.823
 3929.1143 0.823
 3929.2139 0.823
 3929.3135 0.823
 3929.4131 0.823
 3929.5127 0.823
 3929.6123 0.823
 3929.7119 0.823
 3929.8115 0.823
 3929.9111 0.823
 3930.0107 0.823
 3930.1104 0.823
 3930.2100 0.823
 3930.3096 0.823
 3930.4092 0.823
 3930.5088 0.823
 3930.6084 0.823
 3930.7080 0.823
 3930.8076 0.823
 3930.9072 0.823
 3931.0068 0.823
 3931.1064 0.823
 3931.2061 0.823
 3931.3057 0.823
 3931.4053 0.823
 3931.5049 0.823
 3931.6045 0.823
 3931.7041 0.823
 3931.8037 0.823
 3931.9033 0.823
 3932.0029 0.823
 3932.1025 0.823
 3932.2021 0.823
 3932.3018 0.823
 3932.4014 0.823
 3932.5010 0.823
 3932.6006 0.823
 3932.7002 0.823
 3932.7998 0.823
 3932.8994 0.823
 3932.9990 0.824
 3933.0986 0.824
 3933.1982 0.824
 3933.2979 0.824
 3933.3975 0.824
 3933.4971 0.824
 3933.5967 0.824
 3933.6963 0.824
 3933.7959 0.824
 3933.8955 0.824
 3933.9951 0.824
 3934.0947 0.824
 3934.1943 0.824
 3934.2939 0.824
 3934.3936 0.824
 3934.4932 0.824
 3934.5928 0.824
 3934.6924 0.824
 3934.7920 0.824
 3934.8916 0.824
 3934.9912 0.824
 3935.0908 0.824
 3935.1904 0.824
 3935.2900 0.824
 3935.3896 0.824
 3935.4893 0.824
 3935.5889 0.824
 3935.6885 0.824
 3935.7881 0.824
 3935.8877 0.824
 3935.9873 0.824
 3936.0869 0.824
 3936.1865 0.824
 3936.2861 0.824
 3936.3857 0.824
 3936.4854 0.825
 3936.5850 0.825
 3936.6846 0.825
 3936.7842 0.825
 3936.8838 0.824
 3936.9834 0.824
 3937.0830 0.824
 3937.1826 0.824
 3937.2822 0.824
 3937.3818 0.824
 3937.4814 0.824
 3937.5811 0.824
 3937.6807 0.824
 3937.7803 0.824
 3937.8799 0.824
 3937.9795 0.824
 3938.0791 0.824
 3938.1787 0.825
 3938.2783 0.825
 3938.3779 0.825
 3938.4775 0.825
 3938.5771 0.825
 3938.6768 0.825
 3938.7764 0.825
 3938.8760 0.825
 3938.9756 0.825
 3939.0752 0.825
 3939.1748 0.825
 3939.2744 0.825
 3939.3740 0.825
 3939.4736 0.825
 3939.5732 0.825
 3939.6729 0.825
 3939.7725 0.824
 3939.8721 0.824
 3939.9717 0.824
 3940.0713 0.824
 3940.1709 0.824
 3940.2705 0.824
 3940.3701 0.824
 3940.4697 0.824
 3940.5693 0.824
 3940.6689 0.824
 3940.7686 0.825
 3940.8682 0.825
 3940.9678 0.825
 3941.0674 0.825
 3941.1670 0.825
 3941.2666 0.825
 3941.3662 0.825
 3941.4658 0.825
 3941.5654 0.826
 3941.6650 0.826
 3941.7646 0.826
 3941.8643 0.826
 3941.9639 0.826
 3942.0635 0.826
 3942.1631 0.826
 3942.2627 0.826
 3942.3623 0.826
 3942.4619 0.826
 3942.5615 0.826
 3942.6611 0.826
 3942.7607 0.826
 3942.8604 0.826
 3942.9600 0.826
 3943.0596 0.826
 3943.1592 0.826
 3943.2588 0.826
 3943.3584 0.826
 3943.4580 0.826
 3943.5576 0.826
 3943.6572 0.826
 3943.7568 0.826
 3943.8564 0.826
 3943.9561 0.826
 3944.0557 0.826
 3944.1553 0.826
 3944.2549 0.826
 3944.3545 0.826
 3944.4541 0.826
 3944.5537 0.826
 3944.6533 0.826
 3944.7529 0.826
 3944.8525 0.826
 3944.9521 0.826
 3945.0518 0.826
 3945.1514 0.826
 3945.2510 0.826
 3945.3506 0.826
 3945.4502 0.826
 3945.5498 0.826
 3945.6494 0.826
 3945.7490 0.826
 3945.8486 0.827
 3945.9482 0.827
 3946.0479 0.827
 3946.1475 0.827
 3946.2471 0.827
 3946.3467 0.827
 3946.4463 0.827
 3946.5459 0.827
 3946.6455 0.827
 3946.7451 0.827
 3946.8447 0.827
 3946.9443 0.827
 3947.0439 0.827
 3947.1436 0.827
 3947.2432 0.827
 3947.3428 0.827
 3947.4424 0.827
 3947.5420 0.827
 3947.6416 0.827
 3947.7412 0.827
 3947.8408 0.827
 3947.9404 0.827
 3948.0400 0.827
 3948.1396 0.827
 3948.2393 0.827
 3948.3389 0.827
 3948.4385 0.827
 3948.5381 0.827
 3948.6377 0.827
 3948.7373 0.827
 3948.8369 0.827
 3948.9365 0.827
 3949.0361 0.827
 3949.1357 0.827
 3949.2354 0.827
 3949.3350 0.827
 3949.4346 0.827
 3949.5342 0.827
 3949.6338 0.827
 3949.7334 0.827
 3949.8330 0.827
 3949.9326 0.828
 3950.0322 0.828
 3950.1318 0.828
 3950.2314 0.828
 3950.3311 0.828
 3950.4307 0.828
 3950.5303 0.828
 3950.6299 0.828
 3950.7295 0.828
 3950.8291 0.827
 3950.9287 0.827
 3951.0283 0.827
 3951.1279 0.827
 3951.2275 0.827
 3951.3271 0.827
 3951.4268 0.827
 3951.5264 0.827
 3951.6260 0.827
 3951.7256 0.827
 3951.8252 0.827
 3951.9248 0.828
 3952.0244 0.828
 3952.1240 0.828
 3952.2236 0.828
 3952.3232 0.828
 3952.4229 0.828
 3952.5225 0.828
 3952.6221 0.828
 3952.7217 0.828
 3952.8213 0.828
 3952.9209 0.828
 3953.0205 0.828
 3953.1201 0.828
 3953.2197 0.828
 3953.3193 0.828
 3953.4189 0.828
 3953.5186 0.828
 3953.6182 0.828
 3953.7178 0.828
 3953.8174 0.829
 3953.9170 0.829
 3954.0166 0.829
 3954.1162 0.829
 3954.2158 0.829
 3954.3154 0.829
 3954.4150 0.829
 3954.5146 0.829
 3954.6143 0.829
 3954.7139 0.829
 3954.8135 0.829
 3954.9131 0.828
 3955.0127 0.828
 3955.1123 0.828
 3955.2119 0.828
 3955.3115 0.828
 3955.4111 0.828
 3955.5107 0.828
 3955.6104 0.828
 3955.7100 0.828
 3955.8096 0.828
 3955.9092 0.828
 3956.0088 0.829
 3956.1084 0.829
 3956.2080 0.829
 3956.3076 0.829
 3956.4072 0.829
 3956.5068 0.829
 3956.6064 0.829
 3956.7061 0.829
 3956.8057 0.829
 3956.9053 0.829
 3957.0049 0.829
 3957.1045 0.829
 3957.2041 0.829
 3957.3037 0.828
 3957.4033 0.829
 3957.5029 0.829
 3957.6025 0.829
 3957.7021 0.829
 3957.8018 0.829
 3957.9014 0.829
 3958.0010 0.829
 3958.1006 0.829
 3958.2002 0.829
 3958.2998 0.829
 3958.3994 0.830
 3958.4990 0.830
 3958.5986 0.830
 3958.6982 0.830
 3958.7979 0.830
 3958.8975 0.830
 3958.9971 0.830
 3959.0967 0.830
 3959.1963 0.830
 3959.2959 0.830
 3959.3955 0.830
 3959.4951 0.830
 3959.5947 0.830
 3959.6943 0.830
 3959.7939 0.830
 3959.8936 0.830
 3959.9932 0.830
 3960.0928 0.830
 3960.1924 0.830
 3960.2920 0.830
 3960.3916 0.830
 3960.4912 0.830
 3960.5908 0.830
 3960.6904 0.830
 3960.7900 0.830
 3960.8896 0.831
 3960.9893 0.831
 3961.0889 0.831
 3961.1885 0.831
 3961.2881 0.831
 3961.3877 0.830
 3961.4873 0.830
 3961.5869 0.830
 3961.6865 0.830
 3961.7861 0.830
 3961.8857 0.830
 3961.9854 0.830
 3962.0850 0.830
 3962.1846 0.830
 3962.2842 0.830
 3962.3838 0.830
 3962.4834 0.831
 3962.5830 0.831
 3962.6826 0.831
 3962.7822 0.831
 3962.8818 0.831
 3962.9814 0.831
 3963.0811 0.831
 3963.1807 0.831
 3963.2803 0.831
 3963.3799 0.831
 3963.4795 0.831
 3963.5791 0.831
 3963.6787 0.831
 3963.7783 0.831
 3963.8779 0.830
 3963.9775 0.830
 3964.0771 0.830
 3964.1768 0.830
 3964.2764 0.830
 3964.3760 0.830
 3964.4756 0.830
 3964.5752 0.830
 3964.6748 0.830
 3964.7744 0.830
 3964.8740 0.830
 3964.9736 0.830
 3965.0732 0.831
 3965.1729 0.831
 3965.2725 0.831
 3965.3721 0.831
 3965.4717 0.831
 3965.5713 0.831
 3965.6709 0.831
 3965.7705 0.831
 3965.8701 0.831
 3965.9697 0.831
 3966.0693 0.831
 3966.1689 0.831
 3966.2686 0.832
 3966.3682 0.832
 3966.4678 0.832
 3966.5674 0.832
 3966.6670 0.832
 3966.7666 0.832
 3966.8662 0.832
 3966.9658 0.832
 3967.0654 0.832
 3967.1650 0.832
 3967.2646 0.832
 3967.3643 0.832
 3967.4639 0.832
 3967.5635 0.832
 3967.6631 0.832
 3967.7627 0.832
 3967.8623 0.832
 3967.9619 0.832
 3968.0615 0.832
 3968.1611 0.832
 3968.2607 0.832
 3968.3604 0.832
 3968.4600 0.832
 3968.5596 0.832
 3968.6592 0.832
 3968.7588 0.832
 3968.8584 0.832
 3968.9580 0.832
 3969.0576 0.832
 3969.1572 0.831
 3969.2568 0.831
 3969.3564 0.831
 3969.4561 0.831
 3969.5557 0.832
 3969.6553 0.832
 3969.7549 0.832
 3969.8545 0.832
 3969.9541 0.832
 3970.0537 0.832
 3970.1533 0.832
 3970.2529 0.832
 3970.3525 0.832
 3970.4521 0.833
 3970.5518 0.833
 3970.6514 0.833
 3970.7510 0.833
 3970.8506 0.833
 3970.9502 0.833
 3971.0498 0.833
 3971.1494 0.833
 3971.2490 0.833
 3971.3486 0.833
 3971.4482 0.833
 3971.5479 0.833
 3971.6475 0.833
 3971.7471 0.833
 3971.8467 0.833
 3971.9463 0.833
 3972.0459 0.833
 3972.1455 0.833
 3972.2451 0.833
 3972.3447 0.833
 3972.4443 0.833
 3972.5439 0.833
 3972.6436 0.833
 3972.7432 0.833
 3972.8428 0.833
 3972.9424 0.833
 3973.0420 0.833
 3973.1416 0.833
 3973.2412 0.833
 3973.3408 0.833
 3973.4404 0.833
 3973.5400 0.833
 3973.6396 0.833
 3973.7393 0.833
 3973.8389 0.832
 3973.9385 0.832
 3974.0381 0.833
 3974.1377 0.833
 3974.2373 0.833
 3974.3369 0.833
 3974.4365 0.833
 3974.5361 0.833
 3974.6357 0.833
 3974.7354 0.833
 3974.8350 0.833
 3974.9346 0.833
 3975.0342 0.833
 3975.1338 0.833
 3975.2334 0.833
 3975.3330 0.833
 3975.4326 0.833
 3975.5322 0.834
 3975.6318 0.834
 3975.7314 0.834
 3975.8311 0.834
 3975.9307 0.834
 3976.0303 0.834
 3976.1299 0.834
 3976.2295 0.834
 3976.3291 0.834
 3976.4287 0.834
 3976.5283 0.834
 3976.6279 0.834
 3976.7275 0.834
 3976.8271 0.834
 3976.9268 0.834
 3977.0264 0.834
 3977.1260 0.834
 3977.2256 0.834
 3977.3252 0.834
 3977.4248 0.833
 3977.5244 0.833
 3977.6240 0.833
 3977.7236 0.833
 3977.8232 0.833
 3977.9229 0.833
 3978.0225 0.833
 3978.1221 0.833
 3978.2217 0.833
 3978.3213 0.834
 3978.4209 0.834
 3978.5205 0.834
 3978.6201 0.834
 3978.7197 0.834
 3978.8193 0.834
 3978.9189 0.834
 3979.0186 0.834
 3979.1182 0.834
 3979.2178 0.834
 3979.3174 0.835
 3979.4170 0.835
 3979.5166 0.835
 3979.6162 0.835
 3979.7158 0.835
 3979.8154 0.835
 3979.9150 0.835
 3980.0146 0.835
 3980.1143 0.835
 3980.2139 0.835
 3980.3135 0.835
 3980.4131 0.835
 3980.5127 0.835
 3980.6123 0.835
 3980.7119 0.835
 3980.8115 0.835
 3980.9111 0.835
 3981.0107 0.835
 3981.1104 0.835
 3981.2100 0.835
 3981.3096 0.835
 3981.4092 0.835
 3981.5088 0.835
 3981.6084 0.835
 3981.7080 0.835
 3981.8076 0.835
 3981.9072 0.835
 3982.0068 0.835
 3982.1064 0.835
 3982.2061 0.835
 3982.3057 0.835
 3982.4053 0.835
 3982.5049 0.835
 3982.6045 0.835
 3982.7041 0.835
 3982.8037 0.835
 3982.9033 0.835
 3983.0029 0.835
 3983.1025 0.835
 3983.2021 0.835
 3983.3018 0.835
 3983.4014 0.835
 3983.5010 0.835
 3983.6006 0.835
 3983.7002 0.835
 3983.7998 0.835
 3983.8994 0.835
 3983.9990 0.835
 3984.0986 0.835
 3984.1982 0.835
 3984.2979 0.835
 3984.3975 0.835
 3984.4971 0.835
 3984.5967 0.836
 3984.6963 0.836
 3984.7959 0.836
 3984.8955 0.836
 3984.9951 0.836
 3985.0947 0.836
 3985.1943 0.836
 3985.2939 0.836
 3985.3936 0.836
 3985.4932 0.836
 3985.5928 0.836
 3985.6924 0.836
 3985.7920 0.836
 3985.8916 0.836
 3985.9912 0.836
 3986.0908 0.836
 3986.1904 0.835
 3986.2900 0.835
 3986.3896 0.835
 3986.4893 0.835
 3986.5889 0.835
 3986.6885 0.835
 3986.7881 0.835
 3986.8877 0.835
 3986.9873 0.835
 3987.0869 0.836
 3987.1865 0.836
 3987.2861 0.836
 3987.3857 0.836
 3987.4854 0.836
 3987.5850 0.836
 3987.6846 0.836
 3987.7842 0.836
 3987.8838 0.836
 3987.9834 0.836
 3988.0830 0.836
 3988.1826 0.837
 3988.2822 0.837
 3988.3818 0.837
 3988.4814 0.837
 3988.5811 0.837
 3988.6807 0.837
 3988.7803 0.837
 3988.8799 0.837
 3988.9795 0.837
 3989.0791 0.837
 3989.1787 0.837
 3989.2783 0.837
 3989.3779 0.837
 3989.4775 0.837
 3989.5771 0.837
 3989.6768 0.836
 3989.7764 0.836
 3989.8760 0.836
 3989.9756 0.836
 3990.0752 0.836
 3990.1748 0.836
 3990.2744 0.836
 3990.3740 0.836
 3990.4736 0.837
 3990.5732 0.837
 3990.6729 0.837
 3990.7725 0.837
 3990.8721 0.837
 3990.9717 0.837
 3991.0713 0.837
 3991.1709 0.837
 3991.2705 0.837
 3991.3701 0.837
 3991.4697 0.837
 3991.5693 0.837
 3991.6689 0.837
 3991.7686 0.837
 3991.8682 0.837
 3991.9678 0.837
 3992.0674 0.837
 3992.1670 0.837
 3992.2666 0.837
 3992.3662 0.837
 3992.4658 0.837
 3992.5654 0.837
 3992.6650 0.837
 3992.7646 0.837
 3992.8643 0.837
 3992.9639 0.837
 3993.0635 0.837
 3993.1631 0.838
 3993.2627 0.838
 3993.3623 0.838
 3993.4619 0.838
 3993.5615 0.838
 3993.6611 0.838
 3993.7607 0.838
 3993.8604 0.838
 3993.9600 0.838
 3994.0596 0.838
 3994.1592 0.838
 3994.2588 0.838
 3994.3584 0.838
 3994.4580 0.838
 3994.5576 0.838
 3994.6572 0.838
 3994.7568 0.838
 3994.8564 0.838
 3994.9561 0.838
 3995.0557 0.838
 3995.1553 0.838
 3995.2549 0.838
 3995.3545 0.838
 3995.4541 0.838
 3995.5537 0.837
 3995.6533 0.837
 3995.7529 0.838
 3995.8525 0.838
 3995.9521 0.838
 3996.0518 0.838
 3996.1514 0.838
 3996.2510 0.838
 3996.3506 0.838
 3996.4502 0.839
 3996.5498 0.839
 3996.6494 0.839
 3996.7490 0.839
 3996.8486 0.839
 3996.9482 0.839
 3997.0479 0.839
 3997.1475 0.839
 3997.2471 0.838
 3997.3467 0.838
 3997.4463 0.838
 3997.5459 0.838
 3997.6455 0.838
 3997.7451 0.838
 3997.8447 0.838
 3997.9443 0.838
 3998.0439 0.838
 3998.1436 0.838
 3998.2432 0.838
 3998.3428 0.839
 3998.4424 0.839
 3998.5420 0.839
 3998.6416 0.839
 3998.7412 0.839
 3998.8408 0.839
 3998.9404 0.839
 3999.0400 0.839
 3999.1396 0.839
 3999.2393 0.839
 3999.3389 0.839
 3999.4385 0.839
 3999.5381 0.839
 3999.6377 0.838
 3999.7373 0.838
 3999.8369 0.838
 3999.9365 0.838
 4000.0361 0.838
 4000.1357 0.839
 4000.2354 0.839
 4000.3350 0.839
 4000.4346 0.839
 4000.5342 0.839
 4000.6338 0.839
 4000.7334 0.839
 4000.8330 0.839
 4000.9326 0.840
 4001.0322 0.840
 4001.1318 0.840
 4001.2314 0.840
 4001.3311 0.840
 4001.4307 0.840
 4001.5303 0.839
 4001.6299 0.839
 4001.7295 0.839
 4001.8291 0.839
 4001.9287 0.839
 4002.0283 0.839
 4002.1279 0.839
 4002.2275 0.839
 4002.3271 0.839
 4002.4268 0.839
 4002.5264 0.839
 4002.6260 0.840
 4002.7256 0.840
 4002.8252 0.840
 4002.9248 0.840
 4003.0244 0.840
 4003.1240 0.840
 4003.2236 0.840
 4003.3232 0.840
 4003.4229 0.840
 4003.5225 0.840
 4003.6221 0.840
 4003.7217 0.840
 4003.8213 0.840
 4003.9209 0.840
 4004.0205 0.840
 4004.1201 0.840
 4004.2197 0.840
 4004.3193 0.840
 4004.4189 0.840
 4004.5186 0.840
 4004.6182 0.840
 4004.7178 0.841
 4004.8174 0.841
 4004.9170 0.841
 4005.0166 0.841
 4005.1162 0.841
 4005.2158 0.841
 4005.3154 0.841
 4005.4150 0.841
 4005.5146 0.841
 4005.6143 0.841
 4005.7139 0.841
 4005.8135 0.841
 4005.9131 0.841
 4006.0127 0.841
 4006.1123 0.841
 4006.2119 0.841
 4006.3115 0.841
 4006.4111 0.841
 4006.5107 0.841
 4006.6104 0.841
 4006.7100 0.841
 4006.8096 0.841
 4006.9092 0.841
 4007.0088 0.841
 4007.1084 0.841
 4007.2080 0.841
 4007.3076 0.841
 4007.4072 0.841
 4007.5068 0.841
 4007.6064 0.841
 4007.7061 0.841
 4007.8057 0.841
 4007.9053 0.841
 4008.0049 0.841
 4008.1045 0.841
 4008.2041 0.841
 4008.3037 0.841
 4008.4033 0.841
 4008.5029 0.841
 4008.6025 0.841
 4008.7021 0.842
 4008.8018 0.842
 4008.9014 0.842
 4009.0010 0.842
 4009.1006 0.842
 4009.2002 0.842
 4009.2998 0.842
 4009.3994 0.842
 4009.4990 0.842
 4009.5986 0.842
 4009.6982 0.842
 4009.7979 0.842
 4009.8975 0.842
 4009.9971 0.842
 4010.0967 0.841
 4010.1963 0.841
 4010.2959 0.841
 4010.3955 0.841
 4010.4951 0.841
 4010.5947 0.841
 4010.6943 0.841
 4010.7939 0.841
 4010.8936 0.841
 4010.9932 0.841
 4011.0928 0.842
 4011.1924 0.842
 4011.2920 0.842
 4011.3916 0.842
 4011.4912 0.842
 4011.5908 0.842
 4011.6904 0.842
 4011.7900 0.842
 4011.8896 0.842
 4011.9893 0.842
 4012.0889 0.842
 4012.1885 0.842
 4012.2881 0.842
 4012.3877 0.842
 4012.4873 0.842
 4012.5869 0.842
 4012.6865 0.842
 4012.7861 0.842
 4012.8857 0.842
 4012.9854 0.842
 4013.0850 0.842
 4013.1846 0.842
 4013.2842 0.842
 4013.3838 0.842
 4013.4834 0.842
 4013.5830 0.841
 4013.6826 0.841
 4013.7822 0.841
 4013.8818 0.842
 4013.9814 0.842
 4014.0811 0.842
 4014.1807 0.842
 4014.2803 0.842
 4014.3799 0.842
 4014.4795 0.842
 4014.5791 0.843
 4014.6787 0.843
 4014.7783 0.843
 4014.8779 0.843
 4014.9775 0.843
 4015.0771 0.843
 4015.1768 0.843
 4015.2764 0.843
 4015.3760 0.843
 4015.4756 0.843
 4015.5752 0.843
 4015.6748 0.843
 4015.7744 0.843
 4015.8740 0.843
 4015.9736 0.843
 4016.0732 0.843
 4016.1729 0.843
 4016.2725 0.843
 4016.3721 0.843
 4016.4717 0.843
 4016.5713 0.843
 4016.6709 0.842
 4016.7705 0.842
 4016.8701 0.842
 4016.9697 0.842
 4017.0693 0.842
 4017.1689 0.842
 4017.2686 0.842
 4017.3682 0.843
 4017.4678 0.843
 4017.5674 0.843
 4017.6670 0.843
 4017.7666 0.843
 4017.8662 0.843
 4017.9658 0.843
 4018.0654 0.843
 4018.1650 0.843
 4018.2646 0.843
 4018.3643 0.843
 4018.4639 0.843
 4018.5635 0.843
 4018.6631 0.843
 4018.7627 0.843
 4018.8623 0.843
 4018.9619 0.843
 4019.0615 0.843
 4019.1611 0.844
 4019.2607 0.844
 4019.3604 0.844
 4019.4600 0.844
 4019.5596 0.844
 4019.6592 0.844
 4019.7588 0.844
 4019.8584 0.844
 4019.9580 0.844
 4020.0576 0.844
 4020.1572 0.844
 4020.2568 0.844
 4020.3564 0.844
 4020.4561 0.844
 4020.5557 0.844
 4020.6553 0.844
 4020.7549 0.844
 4020.8545 0.844
 4020.9541 0.844
 4021.0537 0.844
 4021.1533 0.844
 4021.2529 0.844
 4021.3525 0.844
 4021.4521 0.844
 4021.5518 0.843
 4021.6514 0.843
 4021.7510 0.843
 4021.8506 0.843
 4021.9502 0.844
 4022.0498 0.844
 4022.1494 0.844
 4022.2490 0.844
 4022.3486 0.844
 4022.4482 0.844
 4022.5479 0.844
 4022.6475 0.844
 4022.7471 0.844
 4022.8467 0.845
 4022.9463 0.845
 4023.0459 0.845
 4023.1455 0.845
 4023.2451 0.845
 4023.3447 0.845
 4023.4443 0.845
 4023.5439 0.845
 4023.6436 0.845
 4023.7432 0.845
 4023.8428 0.845
 4023.9424 0.845
 4024.0420 0.845
 4024.1416 0.845
 4024.2412 0.845
 4024.3408 0.845
 4024.4404 0.845
 4024.5400 0.845
 4024.6396 0.845
 4024.7393 0.845
 4024.8389 0.845
 4024.9385 0.845
 4025.0381 0.845
 4025.1377 0.845
 4025.2373 0.845
 4025.3369 0.845
 4025.4365 0.845
 4025.5361 0.845
 4025.6357 0.845
 4025.7354 0.845
 4025.8350 0.845
 4025.9346 0.845
 4026.0342 0.845
 4026.1338 0.845
 4026.2334 0.845
 4026.3330 0.845
 4026.4326 0.845
 4026.5322 0.845
 4026.6318 0.845
 4026.7314 0.845
 4026.8311 0.845
 4026.9307 0.845
 4027.0303 0.845
 4027.1299 0.845
 4027.2295 0.845
 4027.3291 0.845
 4027.4287 0.845
 4027.5283 0.845
 4027.6279 0.845
 4027.7275 0.845
 4027.8271 0.845
 4027.9268 0.845
 4028.0264 0.846
 4028.1260 0.846
 4028.2256 0.846
 4028.3252 0.846
 4028.4248 0.846
 4028.5244 0.846
 4028.6240 0.846
 4028.7236 0.846
 4028.8232 0.846
 4028.9229 0.846
 4029.0225 0.846
 4029.1221 0.846
 4029.2217 0.846
 4029.3213 0.846
 4029.4209 0.846
 4029.5205 0.846
 4029.6201 0.846
 4029.7197 0.846
 4029.8193 0.846
 4029.9189 0.846
 4030.0186 0.846
 4030.1182 0.846
 4030.2178 0.846
 4030.3174 0.846
 4030.4170 0.846
 4030.5166 0.846
 4030.6162 0.846
 4030.7158 0.846
 4030.8154 0.846
 4030.9150 0.846
 4031.0146 0.846
 4031.1143 0.846
 4031.2139 0.846
 4031.3135 0.846
 4031.4131 0.846
 4031.5127 0.846
 4031.6123 0.846
 4031.7119 0.846
 4031.8115 0.846
 4031.9111 0.846
 4032.0107 0.846
 4032.1104 0.846
 4032.2100 0.846
 4032.3096 0.847
 4032.4092 0.847
 4032.5088 0.847
 4032.6084 0.847
 4032.7080 0.847
 4032.8076 0.847
 4032.9072 0.847
 4033.0068 0.847
 4033.1064 0.847
 4033.2061 0.847
 4033.3057 0.847
 4033.4053 0.847
 4033.5049 0.847
 4033.6045 0.847
 4033.7041 0.847
 4033.8037 0.847
 4033.9033 0.847
 4034.0029 0.847
 4034.1025 0.847
 4034.2021 0.847
 4034.3018 0.847
 4034.4014 0.847
 4034.5010 0.847
 4034.6006 0.847
 4034.7002 0.847
 4034.7998 0.847
 4034.8994 0.847
 4034.9990 0.847
 4035.0986 0.847
 4035.1982 0.847
 4035.2979 0.847
 4035.3975 0.847
 4035.4971 0.847
 4035.5967 0.848
 4035.6963 0.848
 4035.7959 0.848
 4035.8955 0.848
 4035.9951 0.848
 4036.0947 0.848
 4036.1943 0.848
 4036.2939 0.848
 4036.3936 0.848
 4036.4932 0.847
 4036.5928 0.847
 4036.6924 0.847
 4036.7920 0.847
 4036.8916 0.847
 4036.9912 0.847
 4037.0908 0.847
 4037.1904 0.847
 4037.2900 0.847
 4037.3896 0.847
 4037.4893 0.847
 4037.5889 0.848
 4037.6885 0.848
 4037.7881 0.848
 4037.8877 0.848
 4037.9873 0.848
 4038.0869 0.848
 4038.1865 0.848
 4038.2861 0.847
 4038.3857 0.847
 4038.4854 0.847
 4038.5850 0.847
 4038.6846 0.847
 4038.7842 0.847
 4038.8838 0.847
 4038.9834 0.847
 4039.0830 0.847
 4039.1826 0.848
 4039.2822 0.848
 4039.3818 0.848
 4039.4814 0.848
 4039.5811 0.848
 4039.6807 0.848
 4039.7803 0.848
 4039.8799 0.848
 4039.9795 0.848
 4040.0791 0.848
 4040.1787 0.848
 4040.2783 0.848
 4040.3779 0.848
 4040.4775 0.848
 4040.5771 0.848
 4040.6768 0.848
 4040.7764 0.848
 4040.8760 0.848
 4040.9756 0.848
 4041.0752 0.848
 4041.1748 0.848
 4041.2744 0.848
 4041.3740 0.848
 4041.4736 0.848
 4041.5732 0.849
 4041.6729 0.849
 4041.7725 0.849
 4041.8721 0.849
 4041.9717 0.849
 4042.0713 0.849
 4042.1709 0.849
 4042.2705 0.849
 4042.3701 0.849
 4042.4697 0.849
 4042.5693 0.849
 4042.6689 0.849
 4042.7686 0.849
 4042.8682 0.849
 4042.9678 0.849
 4043.0674 0.849
 4043.1670 0.849
 4043.2666 0.849
 4043.3662 0.849
 4043.4658 0.849
 4043.5654 0.849
 4043.6650 0.849
 4043.7646 0.849
 4043.8643 0.849
 4043.9639 0.849
 4044.0635 0.849
 4044.1631 0.849
 4044.2627 0.849
 4044.3623 0.849
 4044.4619 0.849
 4044.5615 0.849
 4044.6611 0.849
 4044.7607 0.849
 4044.8604 0.849
 4044.9600 0.849
 4045.0596 0.849
 4045.1592 0.849
 4045.2588 0.850
 4045.3584 0.850
 4045.4580 0.850
 4045.5576 0.849
 4045.6572 0.849
 4045.7568 0.849
 4045.8564 0.849
 4045.9561 0.849
 4046.0557 0.849
 4046.1553 0.849
 4046.2549 0.849
 4046.3545 0.849
 4046.4541 0.849
 4046.5537 0.849
 4046.6533 0.849
 4046.7529 0.849
 4046.8525 0.849
 4046.9521 0.850
 4047.0518 0.850
 4047.1514 0.850
 4047.2510 0.850
 4047.3506 0.850
 4047.4502 0.850
 4047.5498 0.850
 4047.6494 0.850
 4047.7490 0.850
 4047.8486 0.850
 4047.9482 0.849
 4048.0479 0.849
 4048.1475 0.849
 4048.2471 0.849
 4048.3467 0.849
 4048.4463 0.849
 4048.5459 0.850
 4048.6455 0.850
 4048.7451 0.850
 4048.8447 0.850
 4048.9443 0.850
 4049.0439 0.850
 4049.1436 0.850
 4049.2432 0.850
 4049.3428 0.850
 4049.4424 0.850
 4049.5420 0.850
 4049.6416 0.851
 4049.7412 0.851
 4049.8408 0.851
 4049.9404 0.851
 4050.0400 0.851
 4050.1396 0.851
 4050.2393 0.851
 4050.3389 0.851
 4050.4385 0.851
 4050.5381 0.851
 4050.6377 0.851
 4050.7373 0.851
 4050.8369 0.851
 4050.9365 0.851
 4051.0361 0.851
 4051.1357 0.851
 4051.2354 0.851
 4051.3350 0.851
 4051.4346 0.851
 4051.5342 0.851
 4051.6338 0.851
 4051.7334 0.851
 4051.8330 0.851
 4051.9326 0.851
 4052.0322 0.850
 4052.1318 0.850
 4052.2314 0.850
 4052.3311 0.850
 4052.4307 0.850
 4052.5303 0.850
 4052.6299 0.850
 4052.7295 0.850
 4052.8291 0.850
 4052.9287 0.850
 4053.0283 0.850
 4053.1279 0.851
 4053.2275 0.851
 4053.3271 0.851
 4053.4268 0.851
 4053.5264 0.851
 4053.6260 0.851
 4053.7256 0.851
 4053.8252 0.851
 4053.9248 0.851
 4054.0244 0.852
 4054.1240 0.852
 4054.2236 0.852
 4054.3232 0.852
 4054.4229 0.852
 4054.5225 0.852
 4054.6221 0.852
 4054.7217 0.852
 4054.8213 0.852
 4054.9209 0.852
 4055.0205 0.852
 4055.1201 0.852
 4055.2197 0.852
 4055.3193 0.852
 4055.4189 0.852
 4055.5186 0.851
 4055.6182 0.851
 4055.7178 0.851
 4055.8174 0.851
 4055.9170 0.851
 4056.0166 0.851
 4056.1162 0.851
 4056.2158 0.852
 4056.3154 0.852
 4056.4150 0.852
 4056.5146 0.852
 4056.6143 0.852
 4056.7139 0.852
 4056.8135 0.852
 4056.9131 0.852
 4057.0127 0.852
 4057.1123 0.852
 4057.2119 0.853
 4057.3115 0.853
 4057.4111 0.853
 4057.5107 0.853
 4057.6104 0.853
 4057.7100 0.853
 4057.8096 0.853
 4057.9092 0.853
 4058.0088 0.853
 4058.1084 0.853
 4058.2080 0.853
 4058.3076 0.853
 4058.4072 0.853
 4058.5068 0.853
 4058.6064 0.853
 4058.7061 0.853
 4058.8057 0.853
 4058.9053 0.853
 4059.0049 0.853
 4059.1045 0.853
 4059.2041 0.853
 4059.3037 0.853
 4059.4033 0.853
 4059.5029 0.853
 4059.6025 0.853
 4059.7021 0.853
 4059.8018 0.853
 4059.9014 0.853
 4060.0010 0.853
 4060.1006 0.853
 4060.2002 0.853
 4060.2998 0.853
 4060.3994 0.853
 4060.4990 0.853
 4060.5986 0.853
 4060.6982 0.853
 4060.7979 0.853
 4060.8975 0.853
 4060.9971 0.853
 4061.0967 0.853
 4061.1963 0.853
 4061.2959 0.853
 4061.3955 0.853
 4061.4951 0.852
 4061.5947 0.853
 4061.6943 0.852
 4061.7939 0.852
 4061.8936 0.852
 4061.9932 0.852
 4062.0928 0.852
 4062.1924 0.852
 4062.2920 0.853
 4062.3916 0.853
 4062.4912 0.853
 4062.5908 0.853
 4062.6904 0.853
 4062.7900 0.853
 4062.8896 0.853
 4062.9893 0.853
 4063.0889 0.853
 4063.1885 0.854
 4063.2881 0.854
 4063.3877 0.854
 4063.4873 0.853
 4063.5869 0.853
 4063.6865 0.853
 4063.7861 0.853
 4063.8857 0.853
 4063.9854 0.853
 4064.0850 0.853
 4064.1846 0.853
 4064.2842 0.853
 4064.3838 0.853
 4064.4834 0.853
 4064.5830 0.854
 4064.6826 0.854
 4064.7822 0.854
 4064.8818 0.854
 4064.9814 0.854
 4065.0811 0.854
 4065.1807 0.854
 4065.2803 0.854
 4065.3799 0.854
 4065.4795 0.854
 4065.5791 0.854
 4065.6787 0.854
 4065.7783 0.854
 4065.8779 0.854
 4065.9775 0.854
 4066.0771 0.854
 4066.1768 0.854
 4066.2764 0.855
 4066.3760 0.855
 4066.4756 0.855
 4066.5752 0.855
 4066.6748 0.854
 4066.7744 0.854
 4066.8740 0.854
 4066.9736 0.854
 4067.0732 0.854
 4067.1729 0.854
 4067.2725 0.854
 4067.3721 0.854
 4067.4717 0.854
 4067.5713 0.854
 4067.6709 0.854
 4067.7705 0.854
 4067.8701 0.854
 4067.9697 0.855
 4068.0693 0.855
 4068.1689 0.855
 4068.2686 0.855
 4068.3682 0.855
 4068.4678 0.855
 4068.5674 0.855
 4068.6670 0.855
 4068.7666 0.855
 4068.8662 0.855
 4068.9658 0.855
 4069.0654 0.855
 4069.1650 0.855
 4069.2646 0.855
 4069.3643 0.855
 4069.4639 0.855
 4069.5635 0.855
 4069.6631 0.855
 4069.7627 0.855
 4069.8623 0.854
 4069.9619 0.854
 4070.0615 0.854
 4070.1611 0.854
 4070.2607 0.854
 4070.3604 0.854
 4070.4600 0.854
 4070.5596 0.855
 4070.6592 0.855
 4070.7588 0.855
 4070.8584 0.855
 4070.9580 0.855
 4071.0576 0.855
 4071.1572 0.855
 4071.2568 0.855
 4071.3564 0.855
 4071.4561 0.855
 4071.5557 0.855
 4071.6553 0.855
 4071.7549 0.855
 4071.8545 0.854
 4071.9541 0.854
 4072.0537 0.854
 4072.1533 0.854
 4072.2529 0.854
 4072.3525 0.855
 4072.4521 0.855
 4072.5518 0.855
 4072.6514 0.855
 4072.7510 0.855
 4072.8506 0.855
 4072.9502 0.856
 4073.0498 0.856
 4073.1494 0.856
 4073.2490 0.856
 4073.3486 0.856
 4073.4482 0.856
 4073.5479 0.856
 4073.6475 0.856
 4073.7471 0.856
 4073.8467 0.856
 4073.9463 0.856
 4074.0459 0.856
 4074.1455 0.855
 4074.2451 0.855
 4074.3447 0.855
 4074.4443 0.855
 4074.5439 0.855
 4074.6436 0.855
 4074.7432 0.855
 4074.8428 0.855
 4074.9424 0.855
 4075.0420 0.856
 4075.1416 0.856
 4075.2412 0.856
 4075.3408 0.856
 4075.4404 0.856
 4075.5400 0.856
 4075.6396 0.856
 4075.7393 0.856
 4075.8389 0.856
 4075.9385 0.856
 4076.0381 0.856
 4076.1377 0.856
 4076.2373 0.856
 4076.3369 0.856
 4076.4365 0.856
 4076.5361 0.856
 4076.6357 0.856
 4076.7354 0.856
 4076.8350 0.856
 4076.9346 0.856
 4077.0342 0.856
 4077.1338 0.856
 4077.2334 0.856
 4077.3330 0.856
 4077.4326 0.856
 4077.5322 0.856
 4077.6318 0.857
 4077.7314 0.857
 4077.8311 0.857
 4077.9307 0.857
 4078.0303 0.857
 4078.1299 0.857
 4078.2295 0.857
 4078.3291 0.857
 4078.4287 0.857
 4078.5283 0.857
 4078.6279 0.857
 4078.7275 0.857
 4078.8271 0.857
 4078.9268 0.857
 4079.0264 0.857
 4079.1260 0.857
 4079.2256 0.856
 4079.3252 0.856
 4079.4248 0.856
 4079.5244 0.856
 4079.6240 0.856
 4079.7236 0.856
 4079.8232 0.856
 4079.9229 0.857
 4080.0225 0.857
 4080.1221 0.857
 4080.2217 0.857
 4080.3213 0.857
 4080.4209 0.857
 4080.5205 0.857
 4080.6201 0.857
 4080.7197 0.857
 4080.8193 0.857
 4080.9189 0.857
 4081.0186 0.857
 4081.1182 0.857
 4081.2178 0.857
 4081.3174 0.857
 4081.4170 0.857
 4081.5166 0.857
 4081.6162 0.857
 4081.7158 0.857
 4081.8154 0.857
 4081.9150 0.857
 4082.0146 0.857
 4082.1143 0.857
 4082.2139 0.858
 4082.3135 0.858
 4082.4131 0.858
 4082.5127 0.858
 4082.6123 0.858
 4082.7119 0.858
 4082.8115 0.858
 4082.9111 0.858
 4083.0107 0.858
 4083.1104 0.857
 4083.2100 0.857
 4083.3096 0.857
 4083.4092 0.857
 4083.5088 0.857
 4083.6084 0.857
 4083.7080 0.857
 4083.8076 0.857
 4083.9072 0.857
 4084.0068 0.857
 4084.1064 0.857
 4084.2061 0.858
 4084.3057 0.858
 4084.4053 0.858
 4084.5049 0.858
 4084.6045 0.858
 4084.7041 0.858
 4084.8037 0.858
 4084.9033 0.858
 4085.0029 0.858
 4085.1025 0.858
 4085.2021 0.858
 4085.3018 0.858
 4085.4014 0.858
 4085.5010 0.858
 4085.6006 0.858
 4085.7002 0.858
 4085.7998 0.858
 4085.8994 0.858
 4085.9990 0.858
 4086.0986 0.858
 4086.1982 0.858
 4086.2979 0.858
 4086.3975 0.859
 4086.4971 0.859
 4086.5967 0.859
 4086.6963 0.859
 4086.7959 0.859
 4086.8955 0.859
 4086.9951 0.859
 4087.0947 0.859
 4087.1943 0.859
 4087.2939 0.859
 4087.3936 0.859
 4087.4932 0.859
 4087.5928 0.859
 4087.6924 0.859
 4087.7920 0.859
 4087.8916 0.859
 4087.9912 0.859
 4088.0908 0.859
 4088.1904 0.859
 4088.2900 0.859
 4088.3896 0.859
 4088.4893 0.859
 4088.5889 0.859
 4088.6885 0.859
 4088.7881 0.859
 4088.8877 0.859
 4088.9873 0.859
 4089.0869 0.859
 4089.1865 0.859
 4089.2861 0.859
 4089.3857 0.858
 4089.4854 0.858
 4089.5850 0.859
 4089.6846 0.859
 4089.7842 0.859
 4089.8838 0.859
 4089.9834 0.859
 4090.0830 0.859
 4090.1826 0.859
 4090.2822 0.859
 4090.3818 0.859
 4090.4814 0.860
 4090.5811 0.860
 4090.6807 0.860
 4090.7803 0.860
 4090.8799 0.860
 4090.9795 0.860
 4091.0791 0.860
 4091.1787 0.860
 4091.2783 0.860
 4091.3779 0.860
 4091.4775 0.860
 4091.5771 0.860
 4091.6768 0.860
 4091.7764 0.860
 4091.8760 0.860
 4091.9756 0.860
 4092.0752 0.860
 4092.1748 0.860
 4092.2744 0.860
 4092.3740 0.860
 4092.4736 0.859
 4092.5732 0.859
 4092.6729 0.859
 4092.7725 0.859
 4092.8721 0.859
 4092.9717 0.859
 4093.0713 0.859
 4093.1709 0.860
 4093.2705 0.860
 4093.3701 0.860
 4093.4697 0.860
 4093.5693 0.860
 4093.6689 0.860
 4093.7686 0.860
 4093.8682 0.861
 4093.9678 0.861
 4094.0674 0.861
 4094.1670 0.861
 4094.2666 0.861
 4094.3662 0.861
 4094.4658 0.861
 4094.5654 0.861
 4094.6650 0.861
 4094.7646 0.861
 4094.8643 0.861
 4094.9639 0.861
 4095.0635 0.861
 4095.1631 0.861
 4095.2627 0.861
 4095.3623 0.861
 4095.4619 0.861
 4095.5615 0.861
 4095.6611 0.861
 4095.7607 0.861
 4095.8604 0.861
 4095.9600 0.861
 4096.0596 0.861
 4096.1592 0.861
 4096.2588 0.860
 4096.3584 0.860
 4096.4580 0.860
 4096.5576 0.860
 4096.6572 0.860
 4096.7568 0.860
 4096.8564 0.861
 4096.9561 0.861
 4097.0557 0.861
 4097.1553 0.861
 4097.2549 0.861
 4097.3545 0.861
 4097.4541 0.861
 4097.5537 0.861
 4097.6533 0.861
 4097.7529 0.861
 4097.8525 0.861
 4097.9521 0.861
 4098.0518 0.861
 4098.1514 0.861
 4098.2510 0.862
 4098.3506 0.862
 4098.4502 0.861
 4098.5498 0.861
 4098.6494 0.862
 4098.7490 0.862
 4098.8486 0.862
 4098.9482 0.862
 4099.0479 0.862
 4099.1475 0.862
 4099.2471 0.862
 4099.3467 0.862
 4099.4463 0.862
 4099.5459 0.862
 4099.6455 0.862
 4099.7451 0.862
 4099.8447 0.862
 4099.9443 0.862
 4100.0439 0.862
 4100.1436 0.862
 4100.2432 0.862
 4100.3428 0.862
 4100.4424 0.862
 4100.5420 0.862
 4100.6416 0.862
 4100.7412 0.862
 4100.8408 0.862
 4100.9404 0.862
 4101.0400 0.862
 4101.1396 0.861
 4101.2393 0.861
 4101.3389 0.861
 4101.4385 0.861
 4101.5381 0.861
 4101.6377 0.861
 4101.7373 0.862
 4101.8369 0.862
 4101.9365 0.862
 4102.0361 0.862
 4102.1357 0.862
 4102.2354 0.862
 4102.3350 0.862
 4102.4346 0.862
 4102.5342 0.862
 4102.6338 0.862
 4102.7334 0.862
 4102.8330 0.863
 4102.9326 0.862
 4103.0322 0.863
 4103.1318 0.863
 4103.2314 0.863
 4103.3311 0.863
 4103.4307 0.863
 4103.5303 0.863
 4103.6299 0.863
 4103.7295 0.863
 4103.8291 0.863
 4103.9287 0.863
 4104.0283 0.863
 4104.1279 0.863
 4104.2275 0.863
 4104.3271 0.863
 4104.4268 0.863
 4104.5264 0.863
 4104.6260 0.863
 4104.7256 0.863
 4104.8252 0.863
 4104.9248 0.863
 4105.0244 0.862
 4105.1240 0.862
 4105.2236 0.862
 4105.3232 0.862
 4105.4229 0.862
 4105.5225 0.862
 4105.6221 0.863
 4105.7217 0.863
 4105.8213 0.863
 4105.9209 0.863
 4106.0205 0.863
 4106.1201 0.863
 4106.2197 0.863
 4106.3193 0.863
 4106.4189 0.863
 4106.5186 0.863
 4106.6182 0.863
 4106.7178 0.863
 4106.8174 0.863
 4106.9170 0.864
 4107.0166 0.864
 4107.1162 0.864
 4107.2158 0.864
 4107.3154 0.863
 4107.4150 0.863
 4107.5146 0.863
 4107.6143 0.863
 4107.7139 0.863
 4107.8135 0.863
 4107.9131 0.863
 4108.0127 0.863
 4108.1123 0.863
 4108.2119 0.863
 4108.3115 0.863
 4108.4111 0.863
 4108.5107 0.863
 4108.6104 0.864
 4108.7100 0.864
 4108.8096 0.864
 4108.9092 0.864
 4109.0088 0.864
 4109.1084 0.864
 4109.2080 0.864
 4109.3076 0.864
 4109.4072 0.863
 4109.5068 0.863
 4109.6064 0.863
 4109.7061 0.863
 4109.8057 0.863
 4109.9053 0.863
 4110.0049 0.863
 4110.1045 0.863
 4110.2041 0.863
 4110.3037 0.863
 4110.4033 0.864
 4110.5029 0.864
 4110.6025 0.864
 4110.7021 0.864
 4110.8018 0.864
 4110.9014 0.864
 4111.0010 0.864
 4111.1006 0.864
 4111.2002 0.864
 4111.2998 0.864
 4111.3994 0.864
 4111.4990 0.864
 4111.5986 0.864
 4111.6982 0.864
 4111.7979 0.863
 4111.8975 0.863
 4111.9971 0.863
 4112.0967 0.863
 4112.1963 0.863
 4112.2959 0.863
 4112.3955 0.863
 4112.4951 0.863
 4112.5947 0.863
 4112.6943 0.864
 4112.7939 0.864
 4112.8936 0.864
 4112.9932 0.864
 4113.0928 0.865
 4113.1924 0.865
 4113.2920 0.865
 4113.3916 0.865
 4113.4912 0.864
 4113.5908 0.864
 4113.6904 0.864
 4113.7900 0.864
 4113.8896 0.864
 4113.9893 0.864
 4114.0889 0.864
 4114.1885 0.864
 4114.2881 0.865
 4114.3877 0.865
 4114.4873 0.865
 4114.5869 0.865
 4114.6865 0.865
 4114.7861 0.865
 4114.8857 0.865
 4114.9854 0.865
 4115.0850 0.865
 4115.1846 0.865
 4115.2842 0.865
 4115.3838 0.865
 4115.4834 0.865
 4115.5830 0.865
 4115.6826 0.865
 4115.7822 0.865
 4115.8818 0.865
 4115.9814 0.865
 4116.0811 0.865
 4116.1807 0.865
 4116.2803 0.865
 4116.3799 0.865
 4116.4795 0.865
 4116.5791 0.866
 4116.6787 0.866
 4116.7783 0.866
 4116.8779 0.866
 4116.9775 0.866
 4117.0771 0.866
 4117.1768 0.866
 4117.2764 0.866
 4117.3760 0.866
 4117.4756 0.866
 4117.5752 0.866
 4117.6748 0.866
 4117.7744 0.866
 4117.8740 0.866
 4117.9736 0.866
 4118.0732 0.865
 4118.1729 0.865
 4118.2725 0.865
 4118.3721 0.865
 4118.4717 0.865
 4118.5713 0.865
 4118.6709 0.865
 4118.7705 0.866
 4118.8701 0.866
 4118.9697 0.866
 4119.0693 0.866
 4119.1689 0.866
 4119.2686 0.866
 4119.3682 0.866
 4119.4678 0.866
 4119.5674 0.866
 4119.6670 0.866
 4119.7666 0.866
 4119.8662 0.866
 4119.9658 0.866
 4120.0654 0.866
 4120.1650 0.866
 4120.2646 0.866
 4120.3643 0.866
 4120.4639 0.866
 4120.5635 0.866
 4120.6631 0.866
 4120.7627 0.866
 4120.8623 0.866
 4120.9619 0.866
 4121.0615 0.866
 4121.1611 0.866
 4121.2607 0.866
 4121.3604 0.866
 4121.4600 0.866
 4121.5596 0.866
 4121.6592 0.867
 4121.7588 0.867
 4121.8584 0.867
 4121.9580 0.867
 4122.0576 0.867
 4122.1572 0.867
 4122.2568 0.867
 4122.3564 0.867
 4122.4561 0.867
 4122.5557 0.867
 4122.6553 0.867
 4122.7549 0.867
 4122.8545 0.867
 4122.9541 0.867
 4123.0537 0.867
 4123.1533 0.867
 4123.2529 0.867
 4123.3525 0.867
 4123.4521 0.867
 4123.5518 0.867
 4123.6514 0.867
 4123.7510 0.867
 4123.8506 0.867
 4123.9502 0.867
 4124.0498 0.867
 4124.1494 0.867
 4124.2490 0.867
 4124.3486 0.867
 4124.4482 0.867
 4124.5479 0.867
 4124.6475 0.868
 4124.7471 0.868
 4124.8467 0.868
 4124.9463 0.868
 4125.0459 0.868
 4125.1455 0.867
 4125.2451 0.867
 4125.3447 0.867
 4125.4443 0.867
 4125.5439 0.867
 4125.6436 0.867
 4125.7432 0.867
 4125.8428 0.867
 4125.9424 0.867
 4126.0420 0.867
 4126.1416 0.867
 4126.2412 0.867
 4126.3408 0.868
 4126.4404 0.868
 4126.5400 0.868
 4126.6396 0.868
 4126.7393 0.868
 4126.8389 0.868
 4126.9385 0.868
 4127.0381 0.868
 4127.1377 0.868
 4127.2373 0.868
 4127.3369 0.868
 4127.4365 0.868
 4127.5361 0.868
 4127.6357 0.868
 4127.7354 0.868
 4127.8350 0.868
 4127.9346 0.868
 4128.0342 0.868
 4128.1338 0.868
 4128.2334 0.868
 4128.3330 0.868
 4128.4326 0.868
 4128.5322 0.868
 4128.6318 0.868
 4128.7314 0.868
 4128.8311 0.868
 4128.9307 0.868
 4129.0303 0.868
 4129.1299 0.868
 4129.2295 0.868
 4129.3291 0.868
 4129.4287 0.868
 4129.5283 0.868
 4129.6279 0.868
 4129.7275 0.868
 4129.8271 0.868
 4129.9268 0.868
 4130.0264 0.868
 4130.1260 0.868
 4130.2256 0.867
 4130.3252 0.867
 4130.4248 0.867
 4130.5244 0.867
 4130.6240 0.867
 4130.7236 0.868
 4130.8232 0.868
 4130.9229 0.868
 4131.0225 0.868
 4131.1221 0.868
 4131.2217 0.868
 4131.3213 0.868
 4131.4209 0.868
 4131.5205 0.868
 4131.6201 0.868
 4131.7197 0.869
 4131.8193 0.869
 4131.9189 0.869
 4132.0186 0.869
 4132.1182 0.869
 4132.2178 0.869
 4132.3174 0.869
 4132.4170 0.869
 4132.5166 0.869
 4132.6162 0.869
 4132.7158 0.869
 4132.8154 0.869
 4132.9150 0.869
 4133.0146 0.869
 4133.1143 0.869
 4133.2139 0.869
 4133.3135 0.869
 4133.4131 0.869
 4133.5127 0.869
 4133.6123 0.868
 4133.7119 0.868
 4133.8115 0.868
 4133.9111 0.868
 4134.0107 0.868
 4134.1104 0.868
 4134.2100 0.868
 4134.3096 0.868
 4134.4092 0.869
 4134.5088 0.869
 4134.6084 0.869
 4134.7080 0.869
 4134.8076 0.869
 4134.9072 0.869
 4135.0068 0.869
 4135.1064 0.869
 4135.2061 0.869
 4135.3057 0.869
 4135.4053 0.869
 4135.5049 0.869
 4135.6045 0.869
 4135.7041 0.869
 4135.8037 0.869
 4135.9033 0.869
 4136.0029 0.869
 4136.1025 0.869
 4136.2021 0.869
 4136.3018 0.869
 4136.4014 0.869
 4136.5010 0.869
 4136.6006 0.869
 4136.7002 0.870
 4136.7998 0.870
 4136.8994 0.870
 4136.9990 0.870
 4137.0986 0.870
 4137.1982 0.870
 4137.2979 0.870
 4137.3975 0.870
 4137.4971 0.870
 4137.5967 0.869
 4137.6963 0.869
 4137.7959 0.869
 4137.8955 0.869
 4137.9951 0.869
 4138.0947 0.869
 4138.1943 0.869
 4138.2939 0.869
 4138.3936 0.870
 4138.4932 0.870
 4138.5928 0.870
 4138.6924 0.870
 4138.7920 0.870
 4138.8916 0.870
 4138.9912 0.870
 4139.0908 0.870
 4139.1904 0.870
 4139.2900 0.870
 4139.3896 0.870
 4139.4893 0.870
 4139.5889 0.870
 4139.6885 0.870
 4139.7881 0.870
 4139.8877 0.870
 4139.9873 0.870
 4140.0869 0.870
 4140.1865 0.870
 4140.2861 0.870
 4140.3857 0.870
 4140.4854 0.870
 4140.5850 0.871
 4140.6846 0.871
 4140.7842 0.871
 4140.8838 0.871
 4140.9834 0.871
 4141.0830 0.871
 4141.1826 0.871
 4141.2822 0.871
 4141.3818 0.871
 4141.4814 0.871
 4141.5811 0.871
 4141.6807 0.871
 4141.7803 0.871
 4141.8799 0.870
 4141.9795 0.870
 4142.0791 0.870
 4142.1787 0.870
 4142.2783 0.870
 4142.3779 0.870
 4142.4775 0.870
 4142.5771 0.870
 4142.6768 0.870
 4142.7764 0.871
 4142.8760 0.871
 4142.9756 0.871
 4143.0752 0.871
 4143.1748 0.871
 4143.2744 0.871
 4143.3740 0.871
 4143.4736 0.871
 4143.5732 0.871
 4143.6729 0.871
 4143.7725 0.871
 4143.8721 0.871
 4143.9717 0.870
 4144.0713 0.870
 4144.1709 0.870
 4144.2705 0.870
 4144.3701 0.870
 4144.4697 0.871
 4144.5693 0.871
 4144.6689 0.871
 4144.7686 0.871
 4144.8682 0.871
 4144.9678 0.871
 4145.0674 0.871
 4145.1670 0.871
 4145.2666 0.871
 4145.3662 0.872
 4145.4658 0.872
 4145.5654 0.872
 4145.6650 0.872
 4145.7646 0.872
 4145.8643 0.872
 4145.9639 0.872
 4146.0635 0.872
 4146.1631 0.872
 4146.2627 0.872
 4146.3623 0.872
 4146.4619 0.872
 4146.5615 0.872
 4146.6611 0.872
 4146.7607 0.872
 4146.8604 0.872
 4146.9600 0.872
 4147.0596 0.872
 4147.1592 0.872
 4147.2588 0.872
 4147.3584 0.872
 4147.4580 0.872
 4147.5576 0.872
 4147.6572 0.872
 4147.7568 0.872
 4147.8564 0.872
 4147.9561 0.872
 4148.0557 0.872
 4148.1553 0.872
 4148.2549 0.872
 4148.3545 0.872
 4148.4541 0.872
 4148.5537 0.873
 4148.6533 0.873
 4148.7529 0.873
 4148.8525 0.873
 4148.9521 0.873
 4149.0518 0.873
 4149.1514 0.873
 4149.2510 0.873
 4149.3506 0.873
 4149.4502 0.873
 4149.5498 0.873
 4149.6494 0.873
 4149.7490 0.873
 4149.8486 0.873
 4149.9482 0.873
 4150.0479 0.873
 4150.1475 0.873
 4150.2471 0.873
 4150.3467 0.873
 4150.4463 0.873
 4150.5459 0.873
 4150.6455 0.873
 4150.7451 0.873
 4150.8447 0.873
 4150.9443 0.873
 4151.0439 0.873
 4151.1436 0.873
 4151.2432 0.873
 4151.3428 0.873
 4151.4424 0.873
 4151.5420 0.873
 4151.6416 0.873
 4151.7412 0.873
 4151.8408 0.872
 4151.9404 0.872
 4152.0400 0.872
 4152.1396 0.872
 4152.2393 0.872
 4152.3389 0.872
 4152.4385 0.872
 4152.5381 0.872
 4152.6377 0.873
 4152.7373 0.873
 4152.8369 0.873
 4152.9365 0.873
 4153.0361 0.873
 4153.1357 0.873
 4153.2354 0.873
 4153.3350 0.873
 4153.4346 0.873
 4153.5342 0.873
 4153.6338 0.873
 4153.7334 0.873
 4153.8330 0.873
 4153.9326 0.873
 4154.0322 0.874
 4154.1318 0.874
 4154.2314 0.874
 4154.3311 0.874
 4154.4307 0.874
 4154.5303 0.874
 4154.6299 0.874
 4154.7295 0.874
 4154.8291 0.874
 4154.9287 0.874
 4155.0283 0.873
 4155.1279 0.873
 4155.2275 0.873
 4155.3271 0.873
 4155.4268 0.873
 4155.5264 0.873
 4155.6260 0.873
 4155.7256 0.873
 4155.8252 0.873
 4155.9248 0.873
 4156.0244 0.873
 4156.1240 0.874
 4156.2236 0.874
 4156.3232 0.874
 4156.4229 0.874
 4156.5225 0.874
 4156.6221 0.874
 4156.7217 0.874
 4156.8213 0.874
 4156.9209 0.874
 4157.0205 0.874
 4157.1201 0.874
 4157.2197 0.874
 4157.3193 0.874
 4157.4189 0.874
 4157.5186 0.874
 4157.6182 0.874
 4157.7178 0.873
 4157.8174 0.873
 4157.9170 0.873
 4158.0166 0.874
 4158.1162 0.874
 4158.2158 0.874
 4158.3154 0.874
 4158.4150 0.874
 4158.5146 0.874
 4158.6143 0.874
 4158.7139 0.874
 4158.8135 0.874
 4158.9131 0.874
 4159.0127 0.874
 4159.1123 0.874
 4159.2119 0.874
 4159.3115 0.874
 4159.4111 0.874
 4159.5107 0.874
 4159.6104 0.874
 4159.7100 0.874
 4159.8096 0.874
 4159.9092 0.874
 4160.0088 0.874
 4160.1084 0.874
 4160.2080 0.874
 4160.3076 0.874
 4160.4072 0.874
 4160.5068 0.874
 4160.6064 0.874
 4160.7061 0.874
 4160.8057 0.874
 4160.9053 0.875
 4161.0049 0.875
 4161.1045 0.875
 4161.2041 0.875
 4161.3037 0.875
 4161.4033 0.875
 4161.5029 0.875
 4161.6025 0.875
 4161.7021 0.875
 4161.8018 0.874
 4161.9014 0.874
 4162.0010 0.874
 4162.1006 0.874
 4162.2002 0.874
 4162.2998 0.874
 4162.3994 0.874
 4162.4990 0.874
 4162.5986 0.875
 4162.6982 0.875
 4162.7979 0.875
 4162.8975 0.875
 4162.9971 0.875
 4163.0967 0.875
 4163.1963 0.875
 4163.2959 0.875
 4163.3955 0.875
 4163.4951 0.876
 4163.5947 0.876
 4163.6943 0.876
 4163.7939 0.876
 4163.8936 0.876
 4163.9932 0.876
 4164.0928 0.876
 4164.1924 0.876
 4164.2920 0.876
 4164.3916 0.876
 4164.4912 0.876
 4164.5908 0.876
 4164.6904 0.876
 4164.7900 0.876
 4164.8896 0.876
 4164.9893 0.876
 4165.0889 0.876
 4165.1885 0.876
 4165.2881 0.876
 4165.3877 0.876
 4165.4873 0.876
 4165.5869 0.876
 4165.6865 0.876
 4165.7861 0.876
 4165.8857 0.876
 4165.9854 0.876
 4166.0850 0.876
 4166.1846 0.876
 4166.2842 0.876
 4166.3838 0.876
 4166.4834 0.876
 4166.5830 0.876
 4166.6826 0.876
 4166.7822 0.876
 4166.8818 0.876
 4166.9814 0.877
 4167.0811 0.877
 4167.1807 0.877
 4167.2803 0.876
 4167.3799 0.876
 4167.4795 0.876
 4167.5791 0.876
 4167.6787 0.876
 4167.7783 0.876
 4167.8779 0.877
 4167.9775 0.877
 4168.0771 0.877
 4168.1768 0.877
 4168.2764 0.877
 4168.3760 0.877
 4168.4756 0.877
 4168.5752 0.877
 4168.6748 0.877
 4168.7744 0.877
 4168.8740 0.877
 4168.9736 0.877
 4169.0732 0.877
 4169.1729 0.877
 4169.2725 0.877
 4169.3721 0.877
 4169.4717 0.877
 4169.5713 0.877
 4169.6709 0.877
 4169.7705 0.877
 4169.8701 0.877
 4169.9697 0.876
 4170.0693 0.876
 4170.1689 0.876
 4170.2686 0.876
 4170.3682 0.876
 4170.4678 0.876
 4170.5674 0.876
 4170.6670 0.876
 4170.7666 0.876
 4170.8662 0.876
 4170.9658 0.877
 4171.0654 0.877
 4171.1650 0.877
 4171.2646 0.877
 4171.3643 0.877
 4171.4639 0.877
 4171.5635 0.877
 4171.6631 0.877
 4171.7627 0.877
 4171.8623 0.877
 4171.9619 0.877
 4172.0615 0.877
 4172.1611 0.877
 4172.2607 0.877
 4172.3604 0.877
 4172.4600 0.877
 4172.5596 0.877
 4172.6592 0.877
 4172.7588 0.877
 4172.8584 0.878
 4172.9580 0.878
 4173.0576 0.878
 4173.1572 0.878
 4173.2568 0.878
 4173.3564 0.878
 4173.4561 0.878
 4173.5557 0.878
 4173.6553 0.878
 4173.7549 0.878
 4173.8545 0.878
 4173.9541 0.878
 4174.0537 0.878
 4174.1533 0.878
 4174.2529 0.878
 4174.3525 0.878
 4174.4521 0.878
 4174.5518 0.878
 4174.6514 0.878
 4174.7510 0.878
 4174.8506 0.878
 4174.9502 0.877
 4175.0498 0.877
 4175.1494 0.877
 4175.2490 0.877
 4175.3486 0.877
 4175.4482 0.877
 4175.5479 0.877
 4175.6475 0.878
 4175.7471 0.878
 4175.8467 0.878
 4175.9463 0.878
 4176.0459 0.878
 4176.1455 0.878
 4176.2451 0.878
 4176.3447 0.878
 4176.4443 0.878
 4176.5439 0.878
 4176.6436 0.878
 4176.7432 0.878
 4176.8428 0.878
 4176.9424 0.878
 4177.0420 0.878
 4177.1416 0.878
 4177.2412 0.878
 4177.3408 0.879
 4177.4404 0.879
 4177.5400 0.879
 4177.6396 0.879
 4177.7393 0.879
 4177.8389 0.879
 4177.9385 0.879
 4178.0381 0.878
 4178.1377 0.878
 4178.2373 0.878
 4178.3369 0.878
 4178.4365 0.878
 4178.5361 0.878
 4178.6357 0.878
 4178.7354 0.878
 4178.8350 0.878
 4178.9346 0.878
 4179.0342 0.878
 4179.1338 0.878
 4179.2334 0.878
 4179.3330 0.878
 4179.4326 0.878
 4179.5322 0.879
 4179.6318 0.879
 4179.7314 0.879
 4179.8311 0.879
 4179.9307 0.879
 4180.0303 0.879
 4180.1299 0.879
 4180.2295 0.879
 4180.3291 0.879
 4180.4287 0.879
 4180.5283 0.879
 4180.6279 0.879
 4180.7275 0.879
 4180.8271 0.879
 4180.9268 0.879
 4181.0264 0.879
 4181.1260 0.878
 4181.2256 0.878
 4181.3252 0.878
 4181.4248 0.878
 4181.5244 0.878
 4181.6240 0.878
 4181.7236 0.878
 4181.8232 0.878
 4181.9229 0.879
 4182.0225 0.879
 4182.1221 0.879
 4182.2217 0.879
 4182.3213 0.879
 4182.4209 0.879
 4182.5205 0.879
 4182.6201 0.879
 4182.7197 0.880
 4182.8193 0.879
 4182.9189 0.879
 4183.0186 0.879
 4183.1182 0.879
 4183.2178 0.879
 4183.3174 0.879
 4183.4170 0.879
 4183.5166 0.879
 4183.6162 0.879
 4183.7158 0.879
 4183.8154 0.879
 4183.9150 0.879
 4184.0146 0.879
 4184.1143 0.879
 4184.2139 0.879
 4184.3135 0.879
 4184.4131 0.879
 4184.5127 0.879
 4184.6123 0.879
 4184.7119 0.880
 4184.8115 0.880
 4184.9111 0.880
 4185.0107 0.880
 4185.1104 0.880
 4185.2100 0.880
 4185.3096 0.880
 4185.4092 0.880
 4185.5088 0.880
 4185.6084 0.879
 4185.7080 0.879
 4185.8076 0.879
 4185.9072 0.879
 4186.0068 0.879
 4186.1064 0.879
 4186.2061 0.879
 4186.3057 0.879
 4186.4053 0.880
 4186.5049 0.880
 4186.6045 0.880
 4186.7041 0.880
 4186.8037 0.880
 4186.9033 0.880
 4187.0029 0.881
 4187.1025 0.881
 4187.2021 0.881
 4187.3018 0.880
 4187.4014 0.880
 4187.5010 0.880
 4187.6006 0.880
 4187.7002 0.880
 4187.7998 0.880
 4187.8994 0.880
 4187.9990 0.880
 4188.0986 0.880
 4188.1982 0.880
 4188.2979 0.880
 4188.3975 0.880
 4188.4971 0.880
 4188.5967 0.881
 4188.6963 0.881
 4188.7959 0.881
 4188.8955 0.881
 4188.9951 0.881
 4189.0947 0.881
 4189.1943 0.881
 4189.2939 0.881
 4189.3936 0.881
 4189.4932 0.881
 4189.5928 0.881
 4189.6924 0.881
 4189.7920 0.881
 4189.8916 0.880
 4189.9912 0.880
 4190.0908 0.880
 4190.1904 0.880
 4190.2900 0.880
 4190.3896 0.881
 4190.4893 0.881
 4190.5889 0.881
 4190.6885 0.881
 4190.7881 0.881
 4190.8877 0.881
 4190.9873 0.881
 4191.0869 0.882
 4191.1865 0.881
 4191.2861 0.881
 4191.3857 0.881
 4191.4854 0.881
 4191.5850 0.881
 4191.6846 0.881
 4191.7842 0.881
 4191.8838 0.881
 4191.9834 0.881
 4192.0830 0.881
 4192.1826 0.881
 4192.2822 0.881
 4192.3818 0.881
 4192.4814 0.881
 4192.5811 0.881
 4192.6807 0.882
 4192.7803 0.882
 4192.8799 0.882
 4192.9795 0.882
 4193.0791 0.882
 4193.1787 0.882
 4193.2783 0.882
 4193.3779 0.882
 4193.4775 0.882
 4193.5771 0.882
 4193.6768 0.882
 4193.7764 0.882
 4193.8760 0.882
 4193.9756 0.882
 4194.0752 0.881
 4194.1748 0.881
 4194.2744 0.881
 4194.3740 0.882
 4194.4736 0.882
 4194.5732 0.882
 4194.6729 0.882
 4194.7725 0.882
 4194.8721 0.883
 4194.9717 0.883
 4195.0713 0.883
 4195.1709 0.883
 4195.2705 0.883
 4195.3701 0.883
 4195.4697 0.883
 4195.5693 0.883
 4195.6689 0.883
 4195.7686 0.883
 4195.8682 0.882
 4195.9678 0.882
 4196.0674 0.882
 4196.1670 0.882
 4196.2666 0.882
 4196.3662 0.882
 4196.4658 0.882
 4196.5654 0.883
 4196.6650 0.883
 4196.7646 0.883
 4196.8643 0.883
 4196.9639 0.883
 4197.0635 0.883
 4197.1631 0.883
 4197.2627 0.883
 4197.3623 0.883
 4197.4619 0.883
 4197.5615 0.883
 4197.6611 0.882
 4197.7607 0.882
 4197.8604 0.882
 4197.9600 0.882
 4198.0596 0.882
 4198.1592 0.882
 4198.2588 0.882
 4198.3584 0.882
 4198.4580 0.883
 4198.5576 0.883
 4198.6572 0.883
 4198.7568 0.883
 4198.8564 0.883
 4198.9561 0.883
 4199.0557 0.883
 4199.1553 0.883
 4199.2549 0.883
 4199.3545 0.883
 4199.4541 0.883
 4199.5537 0.883
 4199.6533 0.883
 4199.7529 0.883
 4199.8525 0.883
 4199.9521 0.883
 4200.0518 0.883
 4200.1514 0.883
 4200.2510 0.883
 4200.3506 0.883
 4200.4502 0.883
 4200.5498 0.883
 4200.6494 0.884
 4200.7490 0.884
 4200.8486 0.884
 4200.9482 0.884
 4201.0479 0.884
 4201.1475 0.884
 4201.2471 0.884
 4201.3467 0.884
 4201.4463 0.884
 4201.5459 0.884
 4201.6455 0.884
 4201.7451 0.884
 4201.8447 0.884
 4201.9443 0.884
 4202.0439 0.884
 4202.1436 0.884
 4202.2432 0.884
 4202.3428 0.884
 4202.4424 0.884
 4202.5420 0.884
 4202.6416 0.884
 4202.7412 0.884
 4202.8408 0.884
 4202.9404 0.884
 4203.0400 0.884
 4203.1396 0.884
 4203.2393 0.884
 4203.3389 0.884
 4203.4385 0.884
 4203.5381 0.884
 4203.6377 0.884
 4203.7373 0.884
 4203.8369 0.884
 4203.9365 0.883
 4204.0361 0.883
 4204.1357 0.883
 4204.2354 0.883
 4204.3350 0.883
 4204.4346 0.883
 4204.5342 0.883
 4204.6338 0.883
 4204.7334 0.883
 4204.8330 0.883
 4204.9326 0.884
 4205.0322 0.884
 4205.1318 0.884
 4205.2314 0.884
 4205.3311 0.884
 4205.4307 0.884
 4205.5303 0.884
 4205.6299 0.884
 4205.7295 0.884
 4205.8291 0.884
 4205.9287 0.884
 4206.0283 0.884
 4206.1279 0.884
 4206.2275 0.884
 4206.3271 0.884
 4206.4268 0.884
 4206.5264 0.884
 4206.6260 0.884
 4206.7256 0.884
 4206.8252 0.884
 4206.9248 0.884
 4207.0244 0.884
 4207.1240 0.884
 4207.2236 0.884
 4207.3232 0.884
 4207.4229 0.885
 4207.5225 0.885
 4207.6221 0.885
 4207.7217 0.885
 4207.8213 0.885
 4207.9209 0.885
 4208.0205 0.885
 4208.1201 0.885
 4208.2197 0.885
 4208.3193 0.885
 4208.4189 0.885
 4208.5186 0.885
 4208.6182 0.885
 4208.7178 0.885
 4208.8174 0.885
 4208.9170 0.885
 4209.0166 0.885
 4209.1162 0.885
 4209.2158 0.884
 4209.3154 0.884
 4209.4150 0.884
 4209.5146 0.884
 4209.6143 0.884
 4209.7139 0.884
 4209.8135 0.884
 4209.9131 0.884
 4210.0127 0.885
 4210.1123 0.885
 4210.2119 0.885
 4210.3115 0.885
 4210.4111 0.885
 4210.5107 0.885
 4210.6104 0.885
 4210.7100 0.885
 4210.8096 0.885
 4210.9092 0.884
 4211.0088 0.884
 4211.1084 0.885
 4211.2080 0.885
 4211.3076 0.885
 4211.4072 0.885
 4211.5068 0.886
 4211.6064 0.886
 4211.7061 0.886
 4211.8057 0.886
 4211.9053 0.886
 4212.0049 0.886
 4212.1045 0.886
 4212.2041 0.886
 4212.3037 0.886
 4212.4033 0.886
 4212.5029 0.886
 4212.6025 0.885
 4212.7021 0.885
 4212.8018 0.885
 4212.9014 0.885
 4213.0010 0.885
 4213.1006 0.885
 4213.2002 0.885
 4213.2998 0.885
 4213.3994 0.885
 4213.4990 0.886
 4213.5986 0.886
 4213.6982 0.886
 4213.7979 0.886
 4213.8975 0.886
 4213.9971 0.886
 4214.0967 0.886
 4214.1963 0.886
 4214.2959 0.886
 4214.3955 0.886
 4214.4951 0.886
 4214.5947 0.886
 4214.6943 0.886
 4214.7939 0.886
 4214.8936 0.886
 4214.9932 0.886
 4215.0928 0.886
 4215.1924 0.886
 4215.2920 0.886
 4215.3916 0.886
 4215.4912 0.886
 4215.5908 0.886
 4215.6904 0.886
 4215.7900 0.887
 4215.8896 0.887
 4215.9893 0.887
 4216.0889 0.887
 4216.1885 0.887
 4216.2881 0.887
 4216.3877 0.887
 4216.4873 0.887
 4216.5869 0.887
 4216.6865 0.887
 4216.7861 0.887
 4216.8857 0.887
 4216.9854 0.886
 4217.0850 0.886
 4217.1846 0.886
 4217.2842 0.886
 4217.3838 0.886
 4217.4834 0.886
 4217.5830 0.886
 4217.6826 0.887
 4217.7822 0.887
 4217.8818 0.887
 4217.9814 0.887
 4218.0811 0.887
 4218.1807 0.887
 4218.2803 0.887
 4218.3799 0.887
 4218.4795 0.887
 4218.5791 0.887
 4218.6787 0.887
 4218.7783 0.887
 4218.8779 0.887
 4218.9775 0.887
 4219.0771 0.888
 4219.1768 0.888
 4219.2764 0.888
 4219.3760 0.888
 4219.4756 0.888
 4219.5752 0.888
 4219.6748 0.888
 4219.7744 0.888
 4219.8740 0.888
 4219.9736 0.888
 4220.0732 0.888
 4220.1729 0.887
 4220.2725 0.887
 4220.3721 0.887
 4220.4717 0.887
 4220.5713 0.887
 4220.6709 0.887
 4220.7705 0.887
 4220.8701 0.887
 4220.9697 0.887
 4221.0693 0.887
 4221.1689 0.888
 4221.2686 0.888
 4221.3682 0.888
 4221.4678 0.888
 4221.5674 0.888
 4221.6670 0.888
 4221.7666 0.888
 4221.8662 0.888
 4221.9658 0.888
 4222.0654 0.888
 4222.1650 0.888
 4222.2646 0.888
 4222.3643 0.888
 4222.4639 0.888
 4222.5635 0.887
 4222.6631 0.887
 4222.7627 0.887
 4222.8623 0.887
 4222.9619 0.887
 4223.0615 0.887
 4223.1611 0.887
 4223.2607 0.887
 4223.3604 0.888
 4223.4600 0.888
 4223.5596 0.888
 4223.6592 0.888
 4223.7588 0.888
 4223.8584 0.888
 4223.9580 0.888
 4224.0576 0.889
 4224.1572 0.889
 4224.2568 0.889
 4224.3564 0.889
 4224.4561 0.889
 4224.5557 0.889
 4224.6553 0.888
 4224.7549 0.888
 4224.8545 0.888
 4224.9541 0.888
 4225.0537 0.888
 4225.1533 0.888
 4225.2529 0.888
 4225.3525 0.888
 4225.4521 0.888
 4225.5518 0.888
 4225.6514 0.888
 4225.7510 0.888
 4225.8506 0.888
 4225.9502 0.889
 4226.0498 0.889
 4226.1494 0.889
 4226.2490 0.889
 4226.3486 0.889
 4226.4482 0.889
 4226.5479 0.889
 4226.6475 0.889
 4226.7471 0.889
 4226.8467 0.889
 4226.9463 0.889
 4227.0459 0.889
 4227.1455 0.889
 4227.2451 0.889
 4227.3447 0.889
 4227.4443 0.889
 4227.5439 0.888
 4227.6436 0.888
 4227.7432 0.888
 4227.8428 0.888
 4227.9424 0.888
 4228.0420 0.888
 4228.1416 0.889
 4228.2412 0.889
 4228.3408 0.889
 4228.4404 0.889
 4228.5400 0.889
 4228.6396 0.889
 4228.7393 0.889
 4228.8389 0.889
 4228.9385 0.889
 4229.0381 0.889
 4229.1377 0.889
 4229.2373 0.889
 4229.3369 0.889
 4229.4365 0.889
 4229.5361 0.889
 4229.6357 0.889
 4229.7354 0.889
 4229.8350 0.889
 4229.9346 0.889
 4230.0342 0.889
 4230.1338 0.889
 4230.2334 0.889
 4230.3330 0.889
 4230.4326 0.889
 4230.5322 0.889
 4230.6318 0.889
 4230.7314 0.889
 4230.8311 0.890
 4230.9307 0.890
 4231.0303 0.890
 4231.1299 0.890
 4231.2295 0.890
 4231.3291 0.890
 4231.4287 0.890
 4231.5283 0.890
 4231.6279 0.890
 4231.7275 0.890
 4231.8271 0.890
 4231.9268 0.890
 4232.0264 0.890
 4232.1260 0.889
 4232.2256 0.889
 4232.3252 0.889
 4232.4248 0.889
 4232.5244 0.889
 4232.6240 0.889
 4232.7236 0.889
 4232.8232 0.889
 4232.9229 0.889
 4233.0225 0.890
 4233.1221 0.890
 4233.2217 0.890
 4233.3213 0.890
 4233.4209 0.890
 4233.5205 0.890
 4233.6201 0.890
 4233.7197 0.890
 4233.8193 0.890
 4233.9189 0.890
 4234.0186 0.890
 4234.1182 0.890
 4234.2178 0.890
 4234.3174 0.890
 4234.4170 0.890
 4234.5166 0.890
 4234.6162 0.890
 4234.7158 0.891
 4234.8154 0.890
 4234.9150 0.891
 4235.0146 0.891
 4235.1143 0.891
 4235.2139 0.891
 4235.3135 0.891
 4235.4131 0.891
 4235.5127 0.891
 4235.6123 0.891
 4235.7119 0.891
 4235.8115 0.891
 4235.9111 0.891
 4236.0107 0.891
 4236.1104 0.891
 4236.2100 0.891
 4236.3096 0.891
 4236.4092 0.891
 4236.5088 0.891
 4236.6084 0.891
 4236.7080 0.891
 4236.8076 0.891
 4236.9072 0.891
 4237.0068 0.891
 4237.1064 0.891
 4237.2061 0.891
 4237.3057 0.891
 4237.4053 0.891
 4237.5049 0.891
 4237.6045 0.891
 4237.7041 0.891
 4237.8037 0.891
 4237.9033 0.891
 4238.0029 0.891
 4238.1025 0.891
 4238.2021 0.891
 4238.3018 0.891
 4238.4014 0.891
 4238.5010 0.891
 4238.6006 0.891
 4238.7002 0.891
 4238.7998 0.890
 4238.8994 0.891
 4238.9990 0.891
 4239.0986 0.891
 4239.1982 0.891
 4239.2979 0.891
 4239.3975 0.891
 4239.4971 0.891
 4239.5967 0.891
 4239.6963 0.891
 4239.7959 0.891
 4239.8955 0.891
 4239.9951 0.892
 4240.0947 0.891
 4240.1943 0.891
 4240.2939 0.891
 4240.3936 0.891
 4240.4932 0.891
 4240.5928 0.891
 4240.6924 0.891
 4240.7920 0.891
 4240.8916 0.891
 4240.9912 0.891
 4241.0908 0.891
 4241.1904 0.891
 4241.2900 0.891
 4241.3896 0.891
 4241.4893 0.891
 4241.5889 0.891
 4241.6885 0.891
 4241.7881 0.892
 4241.8877 0.892
 4241.9873 0.892
 4242.0869 0.892
 4242.1865 0.892
 4242.2861 0.892
 4242.3857 0.892
 4242.4854 0.892
 4242.5850 0.892
 4242.6846 0.892
 4242.7842 0.892
 4242.8838 0.892
 4242.9834 0.892
 4243.0830 0.892
 4243.1826 0.892
 4243.2822 0.892
 4243.3818 0.892
 4243.4814 0.892
 4243.5811 0.891
 4243.6807 0.891
 4243.7803 0.891
 4243.8799 0.891
 4243.9795 0.891
 4244.0791 0.891
 4244.1787 0.891
 4244.2783 0.892
 4244.3779 0.892
 4244.4775 0.892
 4244.5771 0.892
 4244.6768 0.892
 4244.7764 0.892
 4244.8760 0.892
 4244.9756 0.892
 4245.0752 0.892
 4245.1748 0.892
 4245.2744 0.892
 4245.3740 0.892
 4245.4736 0.892
 4245.5732 0.892
 4245.6729 0.892
 4245.7725 0.892
 4245.8721 0.892
 4245.9717 0.892
 4246.0713 0.892
 4246.1709 0.892
 4246.2705 0.893
 4246.3701 0.893
 4246.4697 0.893
 4246.5693 0.893
 4246.6689 0.893
 4246.7686 0.893
 4246.8682 0.893
 4246.9678 0.893
 4247.0674 0.893
 4247.1670 0.892
 4247.2666 0.892
 4247.3662 0.892
 4247.4658 0.892
 4247.5654 0.892
 4247.6650 0.892
 4247.7646 0.892
 4247.8643 0.892
 4247.9639 0.892
 4248.0635 0.893
 4248.1631 0.893
 4248.2627 0.893
 4248.3623 0.893
 4248.4619 0.893
 4248.5615 0.893
 4248.6611 0.893
 4248.7607 0.893
 4248.8604 0.894
 4248.9600 0.894
 4249.0596 0.894
 4249.1592 0.894
 4249.2588 0.894
 4249.3584 0.894
 4249.4580 0.894
 4249.5576 0.894
 4249.6572 0.894
 4249.7568 0.894
 4249.8564 0.894
 4249.9561 0.894
 4250.0557 0.894
 4250.1553 0.894
 4250.2549 0.894
 4250.3545 0.894
 4250.4541 0.894
 4250.5537 0.894
 4250.6533 0.894
 4250.7529 0.894
 4250.8525 0.894
 4250.9521 0.894
 4251.0518 0.894
 4251.1514 0.894
 4251.2510 0.894
 4251.3506 0.894
 4251.4502 0.894
 4251.5498 0.894
 4251.6494 0.894
 4251.7490 0.894
 4251.8486 0.894
 4251.9482 0.894
 4252.0479 0.894
 4252.1475 0.894
 4252.2471 0.894
 4252.3467 0.894
 4252.4463 0.894
 4252.5459 0.894
 4252.6455 0.894
 4252.7451 0.894
 4252.8447 0.894
 4252.9443 0.894
 4253.0439 0.894
 4253.1436 0.894
 4253.2432 0.894
 4253.3428 0.894
 4253.4424 0.894
 4253.5420 0.893
 4253.6416 0.894
 4253.7412 0.894
 4253.8408 0.894
 4253.9404 0.894
 4254.0400 0.894
 4254.1396 0.894
 4254.2393 0.894
 4254.3389 0.894
 4254.4385 0.894
 4254.5381 0.894
 4254.6377 0.894
 4254.7373 0.894
 4254.8369 0.895
 4254.9365 0.895
 4255.0361 0.895
 4255.1357 0.895
 4255.2354 0.895
 4255.3350 0.895
 4255.4346 0.895
 4255.5342 0.895
 4255.6338 0.895
 4255.7334 0.895
 4255.8330 0.895
 4255.9326 0.895
 4256.0322 0.895
 4256.1318 0.895
 4256.2314 0.895
 4256.3311 0.895
 4256.4307 0.895
 4256.5303 0.895
 4256.6299 0.895
 4256.7295 0.895
 4256.8291 0.895
 4256.9287 0.895
 4257.0283 0.895
 4257.1279 0.895
 4257.2275 0.895
 4257.3271 0.895
 4257.4268 0.895
 4257.5264 0.895
 4257.6260 0.895
 4257.7256 0.895
 4257.8252 0.895
 4257.9248 0.895
 4258.0244 0.895
 4258.1240 0.895
 4258.2236 0.895
 4258.3232 0.895
 4258.4229 0.895
 4258.5225 0.896
 4258.6221 0.896
 4258.7217 0.896
 4258.8213 0.896
 4258.9209 0.895
 4259.0205 0.895
 4259.1201 0.895
 4259.2197 0.895
 4259.3193 0.895
 4259.4189 0.895
 4259.5186 0.895
 4259.6182 0.895
 4259.7178 0.895
 4259.8174 0.895
 4259.9170 0.895
 4260.0166 0.895
 4260.1162 0.896
 4260.2158 0.896
 4260.3154 0.896
 4260.4150 0.896
 4260.5146 0.896
 4260.6143 0.896
 4260.7139 0.896
 4260.8135 0.896
 4260.9131 0.896
 4261.0127 0.896
 4261.1123 0.896
 4261.2119 0.896
 4261.3115 0.896
 4261.4111 0.896
 4261.5107 0.896
 4261.6104 0.896
 4261.7100 0.896
 4261.8096 0.896
 4261.9092 0.896
 4262.0088 0.896
 4262.1084 0.896
 4262.2080 0.896
 4262.3076 0.896
 4262.4072 0.896
 4262.5068 0.896
 4262.6064 0.896
 4262.7061 0.896
 4262.8057 0.896
 4262.9053 0.895
 4263.0049 0.895
 4263.1045 0.895
 4263.2041 0.895
 4263.3037 0.896
 4263.4033 0.896
 4263.5029 0.896
 4263.6025 0.896
 4263.7021 0.896
 4263.8018 0.896
 4263.9014 0.896
 4264.0010 0.896
 4264.1006 0.897
 4264.2002 0.897
 4264.2998 0.896
 4264.3994 0.896
 4264.4990 0.896
 4264.5986 0.896
 4264.6982 0.896
 4264.7979 0.896
 4264.8975 0.896
 4264.9971 0.896
 4265.0967 0.896
 4265.1963 0.896
 4265.2959 0.896
 4265.3955 0.896
 4265.4951 0.896
 4265.5947 0.896
 4265.6943 0.897
 4265.7939 0.897
 4265.8936 0.897
 4265.9932 0.897
 4266.0928 0.897
 4266.1924 0.897
 4266.2920 0.897
 4266.3916 0.897
 4266.4912 0.897
 4266.5908 0.897
 4266.6904 0.897
 4266.7900 0.897
 4266.8896 0.897
 4266.9893 0.897
 4267.0889 0.896
 4267.1885 0.896
 4267.2881 0.896
 4267.3877 0.896
 4267.4873 0.896
 4267.5869 0.896
 4267.6865 0.896
 4267.7861 0.896
 4267.8857 0.896
 4267.9854 0.897
 4268.0850 0.897
 4268.1846 0.897
 4268.2842 0.897
 4268.3838 0.897
 4268.4834 0.897
 4268.5830 0.897
 4268.6826 0.897
 4268.7822 0.897
 4268.8818 0.898
 4268.9814 0.898
 4269.0811 0.898
 4269.1807 0.897
 4269.2803 0.897
 4269.3799 0.897
 4269.4795 0.897
 4269.5791 0.897
 4269.6787 0.897
 4269.7783 0.897
 4269.8779 0.897
 4269.9775 0.897
 4270.0771 0.897
 4270.1768 0.897
 4270.2764 0.897
 4270.3760 0.897
 4270.4756 0.897
 4270.5752 0.897
 4270.6748 0.898
 4270.7744 0.898
 4270.8740 0.898
 4270.9736 0.898
 4271.0732 0.898
 4271.1729 0.898
 4271.2725 0.898
 4271.3721 0.898
 4271.4717 0.897
 4271.5713 0.897
 4271.6709 0.897
 4271.7705 0.897
 4271.8701 0.897
 4271.9697 0.897
 4272.0693 0.898
 4272.1689 0.898
 4272.2686 0.898
 4272.3682 0.898
 4272.4678 0.898
 4272.5674 0.898
 4272.6670 0.898
 4272.7666 0.898
 4272.8662 0.898
 4272.9658 0.898
 4273.0654 0.898
 4273.1650 0.898
 4273.2646 0.897
 4273.3643 0.897
 4273.4639 0.897
 4273.5635 0.898
 4273.6631 0.897
 4273.7627 0.898
 4273.8623 0.898
 4273.9619 0.898
 4274.0615 0.898
 4274.1611 0.898
 4274.2607 0.898
 4274.3604 0.898
 4274.4600 0.899
 4274.5596 0.899
 4274.6592 0.899
 4274.7588 0.899
 4274.8584 0.899
 4274.9580 0.899
 4275.0576 0.899
 4275.1572 0.899
 4275.2568 0.899
 4275.3564 0.899
 4275.4561 0.899
 4275.5557 0.899
 4275.6553 0.899
 4275.7549 0.899
 4275.8545 0.899
 4275.9541 0.899
 4276.0537 0.899
 4276.1533 0.899
 4276.2529 0.899
 4276.3525 0.899
 4276.4521 0.899
 4276.5518 0.899
 4276.6514 0.898
 4276.7510 0.898
 4276.8506 0.898
 4276.9502 0.898
 4277.0498 0.898
 4277.1494 0.898
 4277.2490 0.899
 4277.3486 0.899
 4277.4482 0.899
 4277.5479 0.899
 4277.6475 0.899
 4277.7471 0.899
 4277.8467 0.899
 4277.9463 0.899
 4278.0459 0.899
 4278.1455 0.899
 4278.2451 0.899
 4278.3447 0.899
 4278.4443 0.898
 4278.5439 0.898
 4278.6436 0.898
 4278.7432 0.898
 4278.8428 0.898
 4278.9424 0.898
 4279.0420 0.899
 4279.1416 0.899
 4279.2412 0.899
 4279.3408 0.899
 4279.4404 0.899
 4279.5400 0.899
 4279.6396 0.899
 4279.7393 0.899
 4279.8389 0.899
 4279.9385 0.899
 4280.0381 0.900
 4280.1377 0.900
 4280.2373 0.900
 4280.3369 0.900
 4280.4365 0.900
 4280.5361 0.900
 4280.6357 0.900
 4280.7354 0.900
 4280.8350 0.900
 4280.9346 0.900
 4281.0342 0.900
 4281.1338 0.900
 4281.2334 0.900
 4281.3330 0.900
 4281.4326 0.900
 4281.5322 0.900
 4281.6318 0.900
 4281.7314 0.900
 4281.8311 0.900
 4281.9307 0.900
 4282.0303 0.900
 4282.1299 0.900
 4282.2295 0.900
 4282.3291 0.900
 4282.4287 0.900
 4282.5283 0.900
 4282.6279 0.900
 4282.7275 0.900
 4282.8271 0.900
 4282.9268 0.900
 4283.0264 0.900
 4283.1260 0.899
 4283.2256 0.899
 4283.3252 0.899
 4283.4248 0.899
 4283.5244 0.899
 4283.6240 0.900
 4283.7236 0.900
 4283.8232 0.900
 4283.9229 0.900
 4284.0225 0.900
 4284.1221 0.900
 4284.2217 0.900
 4284.3213 0.900
 4284.4209 0.900
 4284.5205 0.900
 4284.6201 0.901
 4284.7197 0.900
 4284.8193 0.900
 4284.9189 0.900
 4285.0186 0.900
 4285.1182 0.900
 4285.2178 0.900
 4285.3174 0.900
 4285.4170 0.900
 4285.5166 0.900
 4285.6162 0.900
 4285.7158 0.900
 4285.8154 0.900
 4285.9150 0.900
 4286.0146 0.901
 4286.1143 0.901
 4286.2139 0.901
 4286.3135 0.901
 4286.4131 0.901
 4286.5127 0.901
 4286.6123 0.901
 4286.7119 0.901
 4286.8115 0.901
 4286.9111 0.900
 4287.0107 0.900
 4287.1104 0.900
 4287.2100 0.900
 4287.3096 0.900
 4287.4092 0.900
 4287.5088 0.900
 4287.6084 0.900
 4287.7080 0.900
 4287.8076 0.901
 4287.9072 0.901
 4288.0068 0.901
 4288.1064 0.901
 4288.2061 0.901
 4288.3057 0.901
 4288.4053 0.901
 4288.5049 0.901
 4288.6045 0.901
 4288.7041 0.901
 4288.8037 0.901
 4288.9033 0.901
 4289.0029 0.901
 4289.1025 0.901
 4289.2021 0.901
 4289.3018 0.901
 4289.4014 0.901
 4289.5010 0.901
 4289.6006 0.901
 4289.7002 0.901
 4289.7998 0.901
 4289.8994 0.901
 4289.9990 0.902
 4290.0986 0.902
 4290.1982 0.902
 4290.2979 0.902
 4290.3975 0.902
 4290.4971 0.902
 4290.5967 0.902
 4290.6963 0.902
 4290.7959 0.901
 4290.8955 0.901
 4290.9951 0.901
 4291.0947 0.901
 4291.1943 0.901
 4291.2939 0.901
 4291.3936 0.901
 4291.4932 0.901
 4291.5928 0.901
 4291.6924 0.901
 4291.7920 0.902
 4291.8916 0.902
 4291.9912 0.902
 4292.0908 0.902
 4292.1904 0.902
 4292.2900 0.902
 4292.3896 0.902
 4292.4893 0.902
 4292.5889 0.902
 4292.6885 0.902
 4292.7881 0.902
 4292.8877 0.902
 4292.9873 0.901
 4293.0869 0.901
 4293.1865 0.901
 4293.2861 0.901
 4293.3857 0.901
 4293.4854 0.901
 4293.5850 0.901
 4293.6846 0.901
 4293.7842 0.901
 4293.8838 0.902
 4293.9834 0.902
 4294.0830 0.902
 4294.1826 0.902
 4294.2822 0.902
 4294.3818 0.902
 4294.4814 0.902
 4294.5811 0.902
 4294.6807 0.903
 4294.7803 0.903
 4294.8799 0.903
 4294.9795 0.903
 4295.0791 0.903
 4295.1787 0.903
 4295.2783 0.903
 4295.3779 0.903
 4295.4775 0.903
 4295.5771 0.903
 4295.6768 0.903
 4295.7764 0.903
 4295.8760 0.903
 4295.9756 0.903
 4296.0752 0.903
 4296.1748 0.903
 4296.2744 0.903
 4296.3740 0.903
 4296.4736 0.903
 4296.5732 0.903
 4296.6729 0.903
 4296.7725 0.903
 4296.8721 0.902
 4296.9717 0.902
 4297.0713 0.902
 4297.1709 0.902
 4297.2705 0.902
 4297.3701 0.902
 4297.4697 0.903
 4297.5693 0.903
 4297.6689 0.903
 4297.7686 0.903
 4297.8682 0.903
 4297.9678 0.903
 4298.0674 0.903
 4298.1670 0.903
 4298.2666 0.903
 4298.3662 0.903
 4298.4658 0.903
 4298.5654 0.903
 4298.6650 0.903
 4298.7646 0.903
 4298.8643 0.903
 4298.9639 0.903
 4299.0635 0.903
 4299.1631 0.904
 4299.2627 0.904
 4299.3623 0.904
 4299.4619 0.904
 4299.5615 0.904
 4299.6611 0.904
 4299.7607 0.904
 4299.8604 0.904
 4299.9600 0.904
 4300.0596 0.904
 4300.1592 0.904
 4300.2588 0.904
 4300.3584 0.904
 4300.4580 0.904
 4300.5576 0.903
 4300.6572 0.903
 4300.7568 0.903
 4300.8564 0.903
 4300.9561 0.903
 4301.0557 0.903
 4301.1553 0.903
 4301.2549 0.903
 4301.3545 0.903
 4301.4541 0.903
 4301.5537 0.904
 4301.6533 0.904
 4301.7529 0.904
 4301.8525 0.904
 4301.9521 0.904
 4302.0518 0.904
 4302.1514 0.904
 4302.2510 0.904
 4302.3506 0.904
 4302.4502 0.904
 4302.5498 0.904
 4302.6494 0.904
 4302.7490 0.904
 4302.8486 0.904
 4302.9482 0.903
 4303.0479 0.903
 4303.1475 0.903
 4303.2471 0.903
 4303.3467 0.903
 4303.4463 0.903
 4303.5459 0.903
 4303.6455 0.903
 4303.7451 0.903
 4303.8447 0.903
 4303.9443 0.904
 4304.0439 0.904
 4304.1436 0.904
 4304.2432 0.904
 4304.3428 0.904
 4304.4424 0.904
 4304.5420 0.904
 4304.6416 0.904
 4304.7412 0.904
 4304.8408 0.904
 4304.9404 0.904
 4305.0400 0.904
 4305.1396 0.904
 4305.2393 0.904
 4305.3389 0.904
 4305.4385 0.904
 4305.5381 0.904
 4305.6377 0.904
 4305.7373 0.904
 4305.8369 0.904
 4305.9365 0.904
 4306.0361 0.904
 4306.1357 0.904
 4306.2354 0.904
 4306.3350 0.904
 4306.4346 0.904
 4306.5342 0.904
 4306.6338 0.904
 4306.7334 0.905
 4306.8330 0.905
 4306.9326 0.905
 4307.0322 0.905
 4307.1318 0.905
 4307.2314 0.905
 4307.3311 0.905
 4307.4307 0.905
 4307.5303 0.905
 4307.6299 0.905
 4307.7295 0.905
 4307.8291 0.905
 4307.9287 0.905
 4308.0283 0.905
 4308.1279 0.905
 4308.2275 0.905
 4308.3271 0.905
 4308.4268 0.905
 4308.5264 0.905
 4308.6260 0.905
 4308.7256 0.905
 4308.8252 0.905
 4308.9248 0.905
 4309.0244 0.905
 4309.1240 0.905
 4309.2236 0.905
 4309.3232 0.905
 4309.4229 0.905
 4309.5225 0.905
 4309.6221 0.905
 4309.7217 0.905
 4309.8213 0.905
 4309.9209 0.905
 4310.0205 0.905
 4310.1201 0.905
 4310.2197 0.905
 4310.3193 0.905
 4310.4189 0.906
 4310.5186 0.906
 4310.6182 0.906
 4310.7178 0.906
 4310.8174 0.906
 4310.9170 0.906
 4311.0166 0.906
 4311.1162 0.906
 4311.2158 0.906
 4311.3154 0.906
 4311.4150 0.906
 4311.5146 0.906
 4311.6143 0.906
 4311.7139 0.906
 4311.8135 0.906
 4311.9131 0.906
 4312.0127 0.906
 4312.1123 0.906
 4312.2119 0.906
 4312.3115 0.906
 4312.4111 0.906
 4312.5107 0.906
 4312.6104 0.906
 4312.7100 0.906
 4312.8096 0.906
 4312.9092 0.906
 4313.0088 0.906
 4313.1084 0.906
 4313.2080 0.906
 4313.3076 0.906
 4313.4072 0.906
 4313.5068 0.906
 4313.6064 0.906
 4313.7061 0.906
 4313.8057 0.906
 4313.9053 0.906
 4314.0049 0.906
 4314.1045 0.906
 4314.2041 0.906
 4314.3037 0.906
 4314.4033 0.906
 4314.5029 0.906
 4314.6025 0.906
 4314.7021 0.906
 4314.8018 0.906
 4314.9014 0.906
 4315.0010 0.906
 4315.1006 0.906
 4315.2002 0.906
 4315.2998 0.906
 4315.3994 0.906
 4315.4990 0.906
 4315.5986 0.907
 4315.6982 0.907
 4315.7979 0.907
 4315.8975 0.907
 4315.9971 0.907
 4316.0967 0.907
 4316.1963 0.907
 4316.2959 0.907
 4316.3955 0.907
 4316.4951 0.907
 4316.5947 0.907
 4316.6943 0.907
 4316.7939 0.907
 4316.8936 0.907
 4316.9932 0.907
 4317.0928 0.907
 4317.1924 0.907
 4317.2920 0.907
 4317.3916 0.908
 4317.4912 0.908
 4317.5908 0.908
 4317.6904 0.908
 4317.7900 0.908
 4317.8896 0.908
 4317.9893 0.908
 4318.0889 0.908
 4318.1885 0.908
 4318.2881 0.908
 4318.3877 0.908
 4318.4873 0.908
 4318.5869 0.908
 4318.6865 0.908
 4318.7861 0.908
 4318.8857 0.908
 4318.9854 0.908
 4319.0850 0.908
 4319.1846 0.908
 4319.2842 0.908
 4319.3838 0.908
 4319.4834 0.908
 4319.5830 0.908
 4319.6826 0.908
 4319.7822 0.908
 4319.8818 0.908
 4319.9814 0.908
 4320.0811 0.908
 4320.1807 0.908
 4320.2803 0.908
 4320.3799 0.908
 4320.4795 0.908
 4320.5791 0.908
 4320.6787 0.908
 4320.7783 0.908
 4320.8779 0.908
 4320.9775 0.908
 4321.0771 0.908
 4321.1768 0.908
 4321.2764 0.908
 4321.3760 0.908
 4321.4756 0.908
 4321.5752 0.908
 4321.6748 0.908
 4321.7744 0.908
 4321.8740 0.908
 4321.9736 0.908
 4322.0732 0.908
 4322.1729 0.908
 4322.2725 0.908
 4322.3721 0.908
 4322.4717 0.908
 4322.5713 0.908
 4322.6709 0.908
 4322.7705 0.908
 4322.8701 0.908
 4322.9697 0.908
 4323.0693 0.908
 4323.1689 0.908
 4323.2686 0.907
 4323.3682 0.907
 4323.4678 0.907
 4323.5674 0.907
 4323.6670 0.907
 4323.7666 0.907
 4323.8662 0.907
 4323.9658 0.907
 4324.0654 0.908
 4324.1650 0.908
 4324.2646 0.908
 4324.3643 0.908
 4324.4639 0.908
 4324.5635 0.908
 4324.6631 0.909
 4324.7627 0.909
 4324.8623 0.909
 4324.9619 0.909
 4325.0615 0.909
 4325.1611 0.909
 4325.2607 0.909
 4325.3604 0.909
 4325.4600 0.909
 4325.5596 0.909
 4325.6592 0.909
 4325.7588 0.909
 4325.8584 0.909
 4325.9580 0.909
 4326.0576 0.909
 4326.1572 0.909
 4326.2568 0.909
 4326.3564 0.909
 4326.4561 0.909
 4326.5557 0.909
 4326.6553 0.909
 4326.7549 0.909
 4326.8545 0.909
 4326.9541 0.909
 4327.0537 0.909
 4327.1533 0.909
 4327.2529 0.909
 4327.3525 0.909
 4327.4521 0.908
 4327.5518 0.908
 4327.6514 0.908
 4327.7510 0.908
 4327.8506 0.908
 4327.9502 0.908
 4328.0498 0.908
 4328.1494 0.909
 4328.2490 0.909
 4328.3486 0.909
 4328.4482 0.909
 4328.5479 0.909
 4328.6475 0.909
 4328.7471 0.909
 4328.8467 0.909
 4328.9463 0.910
 4329.0459 0.910
 4329.1455 0.910
 4329.2451 0.910
 4329.3447 0.910
 4329.4443 0.910
 4329.5439 0.910
 4329.6436 0.910
 4329.7432 0.910
 4329.8428 0.910
 4329.9424 0.910
 4330.0420 0.910
 4330.1416 0.910
 4330.2412 0.910
 4330.3408 0.910
 4330.4404 0.910
 4330.5400 0.910
 4330.6396 0.910
 4330.7393 0.910
 4330.8389 0.910
 4330.9385 0.911
 4331.0381 0.911
 4331.1377 0.911
 4331.2373 0.911
 4331.3369 0.910
 4331.4365 0.910
 4331.5361 0.910
 4331.6357 0.910
 4331.7354 0.910
 4331.8350 0.910
 4331.9346 0.910
 4332.0342 0.910
 4332.1338 0.910
 4332.2334 0.910
 4332.3330 0.910
 4332.4326 0.910
 4332.5322 0.910
 4332.6318 0.910
 4332.7314 0.910
 4332.8311 0.910
 4332.9307 0.911
 4333.0303 0.911
 4333.1299 0.911
 4333.2295 0.911
 4333.3291 0.911
 4333.4287 0.911
 4333.5283 0.911
 4333.6279 0.911
 4333.7275 0.911
 4333.8271 0.911
 4333.9268 0.910
 4334.0264 0.910
 4334.1260 0.910
 4334.2256 0.910
 4334.3252 0.910
 4334.4248 0.910
 4334.5244 0.910
 4334.6240 0.910
 4334.7236 0.910
 4334.8232 0.910
 4334.9229 0.910
 4335.0225 0.911
 4335.1221 0.911
 4335.2217 0.911
 4335.3213 0.911
 4335.4209 0.911
 4335.5205 0.911
 4335.6201 0.911
 4335.7197 0.911
 4335.8193 0.911
 4335.9189 0.911
 4336.0186 0.911
 4336.1182 0.911
 4336.2178 0.911
 4336.3174 0.911
 4336.4170 0.911
 4336.5166 0.911
 4336.6162 0.911
 4336.7158 0.911
 4336.8154 0.911
 4336.9150 0.911
 4337.0146 0.911
 4337.1143 0.911
 4337.2139 0.911
 4337.3135 0.911
 4337.4131 0.911
 4337.5127 0.911
 4337.6123 0.911
 4337.7119 0.911
 4337.8115 0.911
 4337.9111 0.911
 4338.0107 0.911
 4338.1104 0.911
 4338.2100 0.911
 4338.3096 0.911
 4338.4092 0.911
 4338.5088 0.911
 4338.6084 0.911
 4338.7080 0.912
 4338.8076 0.912
 4338.9072 0.912
 4339.0068 0.912
 4339.1064 0.912
 4339.2061 0.912
 4339.3057 0.912
 4339.4053 0.912
 4339.5049 0.912
 4339.6045 0.912
 4339.7041 0.912
 4339.8037 0.912
 4339.9033 0.912
 4340.0029 0.912
 4340.1025 0.912
 4340.2021 0.912
 4340.3018 0.911
 4340.4014 0.911
 4340.5010 0.911
 4340.6006 0.911
 4340.7002 0.911
 4340.7998 0.911
 4340.8994 0.911
 4340.9990 0.911
 4341.0986 0.912
 4341.1982 0.912
 4341.2979 0.912
 4341.3975 0.912
 4341.4971 0.912
 4341.5967 0.912
 4341.6963 0.912
 4341.7959 0.912
 4341.8955 0.912
 4341.9951 0.912
 4342.0947 0.912
 4342.1943 0.912
 4342.2939 0.912
 4342.3936 0.911
 4342.4932 0.911
 4342.5928 0.911
 4342.6924 0.911
 4342.7920 0.911
 4342.8916 0.911
 4342.9912 0.911
 4343.0908 0.912
 4343.1904 0.912
 4343.2900 0.912
 4343.3896 0.912
 4343.4893 0.912
 4343.5889 0.912
 4343.6885 0.912
 4343.7881 0.912
 4343.8877 0.912
 4343.9873 0.912
 4344.0869 0.913
 4344.1865 0.913
 4344.2861 0.913
 4344.3857 0.913
 4344.4854 0.913
 4344.5850 0.913
 4344.6846 0.913
 4344.7842 0.913
 4344.8838 0.913
 4344.9834 0.913
 4345.0830 0.912
 4345.1826 0.912
 4345.2822 0.912
 4345.3818 0.912
 4345.4814 0.912
 4345.5811 0.912
 4345.6807 0.912
 4345.7803 0.912
 4345.8799 0.913
 4345.9795 0.913
 4346.0791 0.913
 4346.1787 0.913
 4346.2783 0.913
 4346.3779 0.913
 4346.4775 0.913
 4346.5771 0.913
 4346.6768 0.913
 4346.7764 0.913
 4346.8760 0.913
 4346.9756 0.913
 4347.0752 0.912
 4347.1748 0.912
 4347.2744 0.912
 4347.3740 0.912
 4347.4736 0.912
 4347.5732 0.912
 4347.6729 0.913
 4347.7725 0.913
 4347.8721 0.913
 4347.9717 0.913
 4348.0713 0.913
 4348.1709 0.913
 4348.2705 0.913
 4348.3701 0.913
 4348.4697 0.913
 4348.5693 0.913
 4348.6689 0.913
 4348.7686 0.913
 4348.8682 0.913
 4348.9678 0.913
 4349.0674 0.913
 4349.1670 0.913
 4349.2666 0.913
 4349.3662 0.913
 4349.4658 0.912
 4349.5654 0.913
 4349.6650 0.912
 4349.7646 0.913
 4349.8643 0.913
 4349.9639 0.913
 4350.0635 0.913
 4350.1631 0.913
 4350.2627 0.914
 4350.3623 0.914
 4350.4619 0.914
 4350.5615 0.914
 4350.6611 0.914
 4350.7607 0.914
 4350.8604 0.914
 4350.9600 0.914
 4351.0596 0.914
 4351.1592 0.914
 4351.2588 0.914
 4351.3584 0.914
 4351.4580 0.913
 4351.5576 0.913
 4351.6572 0.913
 4351.7568 0.913
 4351.8564 0.913
 4351.9561 0.913
 4352.0557 0.913
 4352.1553 0.914
 4352.2549 0.914
 4352.3545 0.914
 4352.4541 0.914
 4352.5537 0.914
 4352.6533 0.914
 4352.7529 0.914
 4352.8525 0.914
 4352.9521 0.914
 4353.0518 0.914
 4353.1514 0.914
 4353.2510 0.914
 4353.3506 0.914
 4353.4502 0.914
 4353.5498 0.914
 4353.6494 0.913
 4353.7490 0.913
 4353.8486 0.913
 4353.9482 0.913
 4354.0479 0.913
 4354.1475 0.914
 4354.2471 0.914
 4354.3467 0.914
 4354.4463 0.914
 4354.5459 0.914
 4354.6455 0.914
 4354.7451 0.914
 4354.8447 0.914
 4354.9443 0.914
 4355.0439 0.914
 4355.1436 0.914
 4355.2432 0.914
 4355.3428 0.915
 4355.4424 0.915
 4355.5420 0.915
 4355.6416 0.915
 4355.7412 0.915
 4355.8408 0.915
 4355.9404 0.915
 4356.0400 0.915
 4356.1396 0.915
 4356.2393 0.915
 4356.3389 0.915
 4356.4385 0.915
 4356.5381 0.915
 4356.6377 0.915
 4356.7373 0.915
 4356.8369 0.915
 4356.9365 0.915
 4357.0361 0.915
 4357.1357 0.915
 4357.2354 0.915
 4357.3350 0.915
 4357.4346 0.915
 4357.5342 0.915
 4357.6338 0.915
 4357.7334 0.915
 4357.8330 0.915
 4357.9326 0.915
 4358.0322 0.915
 4358.1318 0.915
 4358.2314 0.915
 4358.3311 0.915
 4358.4307 0.915
 4358.5303 0.915
 4358.6299 0.915
 4358.7295 0.915
 4358.8291 0.915
 4358.9287 0.915
 4359.0283 0.915
 4359.1279 0.915
 4359.2275 0.916
 4359.3271 0.916
 4359.4268 0.916
 4359.5264 0.916
 4359.6260 0.916
 4359.7256 0.916
 4359.8252 0.916
 4359.9248 0.916
 4360.0244 0.916
 4360.1240 0.916
 4360.2236 0.916
 4360.3232 0.916
 4360.4229 0.916
 4360.5225 0.916
 4360.6221 0.916
 4360.7217 0.916
 4360.8213 0.916
 4360.9209 0.916
 4361.0205 0.916
 4361.1201 0.916
 4361.2197 0.916
 4361.3193 0.916
 4361.4189 0.916
 4361.5186 0.916
 4361.6182 0.916
 4361.7178 0.916
 4361.8174 0.916
 4361.9170 0.916
 4362.0166 0.916
 4362.1162 0.915
 4362.2158 0.915
 4362.3154 0.915
 4362.4150 0.915
 4362.5146 0.915
 4362.6143 0.915
 4362.7139 0.916
 4362.8135 0.916
 4362.9131 0.916
 4363.0127 0.916
 4363.1123 0.916
 4363.2119 0.916
 4363.3115 0.916
 4363.4111 0.916
 4363.5107 0.916
 4363.6104 0.916
 4363.7100 0.916
 4363.8096 0.916
 4363.9092 0.916
 4364.0088 0.915
 4364.1084 0.915
 4364.2080 0.915
 4364.3076 0.915
 4364.4072 0.916
 4364.5068 0.916
 4364.6064 0.916
 4364.7061 0.916
 4364.8057 0.916
 4364.9053 0.916
 4365.0049 0.916
 4365.1045 0.917
 4365.2041 0.917
 4365.3037 0.917
 4365.4033 0.917
 4365.5029 0.917
 4365.6025 0.917
 4365.7021 0.917
 4365.8018 0.917
 4365.9014 0.916
 4366.0010 0.916
 4366.1006 0.916
 4366.2002 0.916
 4366.2998 0.916
 4366.3994 0.916
 4366.4990 0.916
 4366.5986 0.916
 4366.6982 0.916
 4366.7979 0.916
 4366.8975 0.916
 4366.9971 0.917
 4367.0967 0.917
 4367.1963 0.917
 4367.2959 0.917
 4367.3955 0.917
 4367.4951 0.917
 4367.5947 0.917
 4367.6943 0.917
 4367.7939 0.917
 4367.8936 0.917
 4367.9932 0.917
 4368.0928 0.917
 4368.1924 0.917
 4368.2920 0.917
 4368.3916 0.917
 4368.4912 0.917
 4368.5908 0.917
 4368.6904 0.917
 4368.7900 0.917
 4368.8896 0.917
 4368.9893 0.917
 4369.0889 0.917
 4369.1885 0.917
 4369.2881 0.917
 4369.3877 0.917
 4369.4873 0.918
 4369.5869 0.918
 4369.6865 0.918
 4369.7861 0.918
 4369.8857 0.918
 4369.9854 0.918
 4370.0850 0.918
 4370.1846 0.918
 4370.2842 0.918
 4370.3838 0.918
 4370.4834 0.918
 4370.5830 0.918
 4370.6826 0.918
 4370.7822 0.918
 4370.8818 0.918
 4370.9814 0.918
 4371.0811 0.918
 4371.1807 0.918
 4371.2803 0.918
 4371.3799 0.918
 4371.4795 0.918
 4371.5791 0.918
 4371.6787 0.918
 4371.7783 0.917
 4371.8779 0.917
 4371.9775 0.917
 4372.0771 0.917
 4372.1768 0.917
 4372.2764 0.917
 4372.3760 0.917
 4372.4756 0.917
 4372.5752 0.918
 4372.6748 0.918
 4372.7744 0.918
 4372.8740 0.918
 4372.9736 0.918
 4373.0732 0.918
 4373.1729 0.918
 4373.2725 0.918
 4373.3721 0.918
 4373.4717 0.918
 4373.5713 0.918
 4373.6709 0.918
 4373.7705 0.918
 4373.8701 0.918
 4373.9697 0.918
 4374.0693 0.918
 4374.1689 0.918
 4374.2686 0.918
 4374.3682 0.918
 4374.4678 0.918
 4374.5674 0.918
 4374.6670 0.918
 4374.7666 0.918
 4374.8662 0.918
 4374.9658 0.918
 4375.0654 0.918
 4375.1650 0.918
 4375.2646 0.918
 4375.3643 0.918
 4375.4639 0.918
 4375.5635 0.918
 4375.6631 0.919
 4375.7627 0.919
 4375.8623 0.918
 4375.9619 0.918
 4376.0615 0.919
 4376.1611 0.919
 4376.2607 0.919
 4376.3604 0.919
 4376.4600 0.919
 4376.5596 0.919
 4376.6592 0.918
 4376.7588 0.918
 4376.8584 0.918
 4376.9580 0.918
 4377.0576 0.918
 4377.1572 0.918
 4377.2568 0.918
 4377.3564 0.918
 4377.4561 0.918
 4377.5557 0.918
 4377.6553 0.918
 4377.7549 0.918
 4377.8545 0.918
 4377.9541 0.919
 4378.0537 0.919
 4378.1533 0.919
 4378.2529 0.919
 4378.3525 0.919
 4378.4521 0.919
 4378.5518 0.919
 4378.6514 0.919
 4378.7510 0.919
 4378.8506 0.919
 4378.9502 0.919
 4379.0498 0.919
 4379.1494 0.919
 4379.2490 0.919
 4379.3486 0.919
 4379.4482 0.919
 4379.5479 0.919
 4379.6475 0.918
 4379.7471 0.918
 4379.8467 0.918
 4379.9463 0.918
 4380.0459 0.918
 4380.1455 0.918
 4380.2451 0.919
 4380.3447 0.919
 4380.4443 0.919
 4380.5439 0.919
 4380.6436 0.919
 4380.7432 0.919
 4380.8428 0.919
 4380.9424 0.919
 4381.0420 0.919
 4381.1416 0.919
 4381.2412 0.919
 4381.3408 0.919
 4381.4404 0.920
 4381.5400 0.920
 4381.6396 0.920
 4381.7393 0.920
 4381.8389 0.920
 4381.9385 0.920
 4382.0381 0.920
 4382.1377 0.920
 4382.2373 0.920
 4382.3369 0.920
 4382.4365 0.920
 4382.5361 0.920
 4382.6357 0.920
 4382.7354 0.920
 4382.8350 0.920
 4382.9346 0.920
 4383.0342 0.920
 4383.1338 0.920
 4383.2334 0.920
 4383.3330 0.920
 4383.4326 0.920
 4383.5322 0.920
 4383.6318 0.920
 4383.7314 0.920
 4383.8311 0.920
 4383.9307 0.920
 4384.0303 0.920
 4384.1299 0.920
 4384.2295 0.920
 4384.3291 0.920
 4384.4287 0.920
 4384.5283 0.920
 4384.6279 0.920
 4384.7275 0.920
 4384.8271 0.920
 4384.9268 0.919
 4385.0264 0.919
 4385.1260 0.919
 4385.2256 0.919
 4385.3252 0.919
 4385.4248 0.919
 4385.5244 0.920
 4385.6240 0.920
 4385.7236 0.920
 4385.8232 0.920
 4385.9229 0.920
 4386.0225 0.920
 4386.1221 0.920
 4386.2217 0.920
 4386.3213 0.920
 4386.4209 0.920
 4386.5205 0.920
 4386.6201 0.920
 4386.7197 0.920
 4386.8193 0.920
 4386.9189 0.920
 4387.0186 0.919
 4387.1182 0.919
 4387.2178 0.919
 4387.3174 0.919
 4387.4170 0.919
 4387.5166 0.920
 4387.6162 0.920
 4387.7158 0.920
 4387.8154 0.920
 4387.9150 0.920
 4388.0146 0.920
 4388.1143 0.921
 4388.2139 0.921
 4388.3135 0.921
 4388.4131 0.921
 4388.5127 0.921
 4388.6123 0.921
 4388.7119 0.921
 4388.8115 0.921
 4388.9111 0.921
 4389.0107 0.921
 4389.1104 0.921
 4389.2100 0.921
 4389.3096 0.921
 4389.4092 0.920
 4389.5088 0.920
 4389.6084 0.920
 4389.7080 0.920
 4389.8076 0.920
 4389.9072 0.921
 4390.0068 0.921
 4390.1064 0.921
 4390.2061 0.921
 4390.3057 0.921
 4390.4053 0.921
 4390.5049 0.921
 4390.6045 0.921
 4390.7041 0.921
 4390.8037 0.921
 4390.9033 0.921
 4391.0029 0.921
 4391.1025 0.921
 4391.2021 0.922
 4391.3018 0.922
 4391.4014 0.922
 4391.5010 0.922
 4391.6006 0.922
 4391.7002 0.922
 4391.7998 0.922
 4391.8994 0.922
 4391.9990 0.922
 4392.0986 0.922
 4392.1982 0.922
 4392.2979 0.922
 4392.3975 0.922
 4392.4971 0.922
 4392.5967 0.922
 4392.6963 0.922
 4392.7959 0.922
 4392.8955 0.922
 4392.9951 0.922
 4393.0947 0.922
 4393.1943 0.922
 4393.2939 0.922
 4393.3936 0.922
 4393.4932 0.921
 4393.5928 0.921
 4393.6924 0.921
 4393.7920 0.921
 4393.8916 0.921
 4393.9912 0.921
 4394.0908 0.921
 4394.1904 0.921
 4394.2900 0.921
 4394.3896 0.922
 4394.4893 0.922
 4394.5889 0.922
 4394.6885 0.922
 4394.7881 0.922
 4394.8877 0.922
 4394.9873 0.922
 4395.0869 0.922
 4395.1865 0.922
 4395.2861 0.922
 4395.3857 0.922
 4395.4854 0.922
 4395.5850 0.922
 4395.6846 0.922
 4395.7842 0.922
 4395.8838 0.922
 4395.9834 0.922
 4396.0830 0.921
 4396.1826 0.921
 4396.2822 0.921
 4396.3818 0.921
 4396.4814 0.921
 4396.5811 0.921
 4396.6807 0.921
 4396.7803 0.921
 4396.8799 0.921
 4396.9795 0.922
 4397.0791 0.922
 4397.1787 0.922
 4397.2783 0.922
 4397.3779 0.922
 4397.4775 0.922
 4397.5771 0.922
 4397.6768 0.922
 4397.7764 0.922
 4397.8760 0.922
 4397.9756 0.922
 4398.0752 0.922
 4398.1748 0.922
 4398.2744 0.922
 4398.3740 0.922
 4398.4736 0.922
 4398.5732 0.922
 4398.6729 0.921
 4398.7725 0.922
 4398.8721 0.922
 4398.9717 0.922
 4399.0713 0.922
 4399.1709 0.922
 4399.2705 0.922
 4399.3701 0.923
 4399.4697 0.923
 4399.5693 0.923
 4399.6689 0.923
 4399.7686 0.923
 4399.8682 0.923
 4399.9678 0.923
 4400.0674 0.923
 4400.1670 0.923
 4400.2666 0.923
 4400.3662 0.923
 4400.4658 0.923
 4400.5654 0.923
 4400.6650 0.923
 4400.7646 0.923
 4400.8643 0.923
 4400.9639 0.923
 4401.0635 0.924
 4401.1631 0.923
 4401.2627 0.923
 4401.3623 0.923
 4401.4619 0.923
 4401.5615 0.923
 4401.6611 0.923
 4401.7607 0.923
 4401.8604 0.923
 4401.9600 0.923
 4402.0596 0.923
 4402.1592 0.923
 4402.2588 0.923
 4402.3584 0.923
 4402.4580 0.923
 4402.5576 0.923
 4402.6572 0.923
 4402.7568 0.923
 4402.8564 0.923
 4402.9561 0.923
 4403.0557 0.924
 4403.1553 0.924
 4403.2549 0.924
 4403.3545 0.924
 4403.4541 0.924
 4403.5537 0.924
 4403.6533 0.924
 4403.7529 0.924
 4403.8525 0.924
 4403.9521 0.924
 4404.0518 0.924
 4404.1514 0.924
 4404.2510 0.924
 4404.3506 0.924
 4404.4502 0.924
 4404.5498 0.924
 4404.6494 0.924
 4404.7490 0.924
 4404.8486 0.924
 4404.9482 0.924
 4405.0479 0.924
 4405.1475 0.924
 4405.2471 0.924
 4405.3467 0.924
 4405.4463 0.924
 4405.5459 0.924
 4405.6455 0.924
 4405.7451 0.924
 4405.8447 0.924
 4405.9443 0.924
 4406.0439 0.924
 4406.1436 0.924
 4406.2432 0.924
 4406.3428 0.924
 4406.4424 0.924
 4406.5420 0.924
 4406.6416 0.924
 4406.7412 0.924
 4406.8408 0.924
 4406.9404 0.924
 4407.0400 0.924
 4407.1396 0.924
 4407.2393 0.924
 4407.3389 0.925
 4407.4385 0.925
 4407.5381 0.925
 4407.6377 0.925
 4407.7373 0.925
 4407.8369 0.925
 4407.9365 0.925
 4408.0361 0.925
 4408.1357 0.925
 4408.2354 0.925
 4408.3350 0.925
 4408.4346 0.925
 4408.5342 0.925
 4408.6338 0.925
 4408.7334 0.925
 4408.8330 0.925
 4408.9326 0.925
 4409.0322 0.925
 4409.1318 0.925
 4409.2314 0.925
 4409.3311 0.925
 4409.4307 0.925
 4409.5303 0.925
 4409.6299 0.925
 4409.7295 0.925
 4409.8291 0.925
 4409.9287 0.925
 4410.0283 0.925
 4410.1279 0.925
 4410.2275 0.925
 4410.3271 0.924
 4410.4268 0.924
 4410.5264 0.924
 4410.6260 0.924
 4410.7256 0.924
 4410.8252 0.924
 4410.9248 0.924
 4411.0244 0.924
 4411.1240 0.925
 4411.2236 0.925
 4411.3232 0.925
 4411.4229 0.925
 4411.5225 0.925
 4411.6221 0.925
 4411.7217 0.925
 4411.8213 0.925
 4411.9209 0.925
 4412.0205 0.925
 4412.1201 0.925
 4412.2197 0.925
 4412.3193 0.925
 4412.4189 0.925
 4412.5186 0.925
 4412.6182 0.925
 4412.7178 0.924
 4412.8174 0.924
 4412.9170 0.924
 4413.0166 0.924
 4413.1162 0.924
 4413.2158 0.924
 4413.3154 0.925
 4413.4150 0.925
 4413.5146 0.925
 4413.6143 0.925
 4413.7139 0.925
 4413.8135 0.925
 4413.9131 0.925
 4414.0127 0.925
 4414.1123 0.925
 4414.2119 0.925
 4414.3115 0.925
 4414.4111 0.925
 4414.5107 0.926
 4414.6104 0.926
 4414.7100 0.926
 4414.8096 0.926
 4414.9092 0.926
 4415.0088 0.926
 4415.1084 0.926
 4415.2080 0.926
 4415.3076 0.926
 4415.4072 0.926
 4415.5068 0.926
 4415.6064 0.926
 4415.7061 0.926
 4415.8057 0.926
 4415.9053 0.926
 4416.0049 0.926
 4416.1045 0.926
 4416.2041 0.926
 4416.3037 0.926
 4416.4033 0.926
 4416.5029 0.926
 4416.6025 0.925
 4416.7021 0.925
 4416.8018 0.925
 4416.9014 0.925
 4417.0010 0.925
 4417.1006 0.925
 4417.2002 0.925
 4417.2998 0.925
 4417.3994 0.926
 4417.4990 0.926
 4417.5986 0.926
 4417.6982 0.926
 4417.7979 0.926
 4417.8975 0.926
 4417.9971 0.926
 4418.0967 0.926
 4418.1963 0.926
 4418.2959 0.926
 4418.3955 0.926
 4418.4951 0.925
 4418.5947 0.925
 4418.6943 0.925
 4418.7939 0.925
 4418.8936 0.925
 4418.9932 0.926
 4419.0928 0.926
 4419.1924 0.926
 4419.2920 0.926
 4419.3916 0.926
 4419.4912 0.926
 4419.5908 0.926
 4419.6904 0.926
 4419.7900 0.926
 4419.8896 0.927
 4419.9893 0.927
 4420.0889 0.927
 4420.1885 0.927
 4420.2881 0.927
 4420.3877 0.927
 4420.4873 0.927
 4420.5869 0.927
 4420.6865 0.927
 4420.7861 0.927
 4420.8857 0.927
 4420.9854 0.927
 4421.0850 0.927
 4421.1846 0.927
 4421.2842 0.927
 4421.3838 0.927
 4421.4834 0.927
 4421.5830 0.927
 4421.6826 0.927
 4421.7822 0.927
 4421.8818 0.927
 4421.9814 0.927
 4422.0811 0.927
 4422.1807 0.927
 4422.2803 0.927
 4422.3799 0.927
 4422.4795 0.927
 4422.5791 0.928
 4422.6787 0.927
 4422.7783 0.927
 4422.8779 0.927
 4422.9775 0.928
 4423.0771 0.928
 4423.1768 0.928
 4423.2764 0.928
 4423.3760 0.928
 4423.4756 0.927
 4423.5752 0.927
 4423.6748 0.927
 4423.7744 0.927
 4423.8740 0.927
 4423.9736 0.927
 4424.0732 0.927
 4424.1729 0.927
 4424.2725 0.927
 4424.3721 0.927
 4424.4717 0.927
 4424.5713 0.927
 4424.6709 0.927
 4424.7705 0.927
 4424.8701 0.928
 4424.9697 0.928
 4425.0693 0.928
 4425.1689 0.928
 4425.2686 0.928
 4425.3682 0.928
 4425.4678 0.928
 4425.5674 0.928
 4425.6670 0.928
 4425.7666 0.928
 4425.8662 0.928
 4425.9658 0.928
 4426.0654 0.928
 4426.1650 0.928
 4426.2646 0.928
 4426.3643 0.928
 4426.4639 0.928
 4426.5635 0.928
 4426.6631 0.928
 4426.7627 0.928
 4426.8623 0.928
 4426.9619 0.928
 4427.0615 0.928
 4427.1611 0.928
 4427.2607 0.928
 4427.3604 0.928
 4427.4600 0.928
 4427.5596 0.928
 4427.6592 0.928
 4427.7588 0.928
 4427.8584 0.928
 4427.9580 0.928
 4428.0576 0.928
 4428.1572 0.928
 4428.2568 0.928
 4428.3564 0.928
 4428.4561 0.929
 4428.5557 0.929
 4428.6553 0.929
 4428.7549 0.929
 4428.8545 0.929
 4428.9541 0.929
 4429.0537 0.929
 4429.1533 0.929
 4429.2529 0.929
 4429.3525 0.928
 4429.4521 0.928
 4429.5518 0.928
 4429.6514 0.928
 4429.7510 0.928
 4429.8506 0.928
 4429.9502 0.928
 4430.0498 0.928
 4430.1494 0.928
 4430.2490 0.928
 4430.3486 0.928
 4430.4482 0.928
 4430.5479 0.928
 4430.6475 0.928
 4430.7471 0.928
 4430.8467 0.928
 4430.9463 0.928
 4431.0459 0.929
 4431.1455 0.929
 4431.2451 0.929
 4431.3447 0.929
 4431.4443 0.929
 4431.5439 0.929
 4431.6436 0.929
 4431.7432 0.929
 4431.8428 0.929
 4431.9424 0.929
 4432.0420 0.929
 4432.1416 0.929
 4432.2412 0.929
 4432.3408 0.929
 4432.4404 0.929
 4432.5400 0.929
 4432.6396 0.929
 4432.7393 0.929
 4432.8389 0.929
 4432.9385 0.929
 4433.0381 0.929
 4433.1377 0.929
 4433.2373 0.929
 4433.3369 0.929
 4433.4365 0.928
 4433.5361 0.928
 4433.6357 0.928
 4433.7354 0.928
 4433.8350 0.928
 4433.9346 0.928
 4434.0342 0.929
 4434.1338 0.929
 4434.2334 0.929
 4434.3330 0.929
 4434.4326 0.929
 4434.5322 0.929
 4434.6318 0.929
 4434.7314 0.929
 4434.8311 0.929
 4434.9307 0.929
 4435.0303 0.929
 4435.1299 0.929
 4435.2295 0.929
 4435.3291 0.929
 4435.4287 0.929
 4435.5283 0.929
 4435.6279 0.929
 4435.7275 0.929
 4435.8271 0.929
 4435.9268 0.929
 4436.0264 0.929
 4436.1260 0.929
 4436.2256 0.929
 4436.3252 0.929
 4436.4248 0.930
 4436.5244 0.930
 4436.6240 0.930
 4436.7236 0.930
 4436.8232 0.930
 4436.9229 0.930
 4437.0225 0.930
 4437.1221 0.930
 4437.2217 0.930
 4437.3213 0.930
 4437.4209 0.930
 4437.5205 0.929
 4437.6201 0.929
 4437.7197 0.929
 4437.8193 0.929
 4437.9189 0.929
 4438.0186 0.929
 4438.1182 0.929
 4438.2178 0.929
 4438.3174 0.930
 4438.4170 0.930
 4438.5166 0.930
 4438.6162 0.930
 4438.7158 0.930
 4438.8154 0.930
 4438.9150 0.930
 4439.0146 0.930
 4439.1143 0.930
 4439.2139 0.930
 4439.3135 0.931
 4439.4131 0.930
 4439.5127 0.930
 4439.6123 0.930
 4439.7119 0.930
 4439.8115 0.930
 4439.9111 0.930
 4440.0107 0.931
 4440.1104 0.931
 4440.2100 0.931
 4440.3096 0.931
 4440.4092 0.931
 4440.5088 0.931
 4440.6084 0.931
 4440.7080 0.931
 4440.8076 0.931
 4440.9072 0.931
 4441.0068 0.931
 4441.1064 0.931
 4441.2061 0.931
 4441.3057 0.931
 4441.4053 0.931
 4441.5049 0.931
 4441.6045 0.931
 4441.7041 0.931
 4441.8037 0.931
 4441.9033 0.931
 4442.0029 0.931
 4442.1025 0.931
 4442.2021 0.931
 4442.3018 0.931
 4442.4014 0.931
 4442.5010 0.931
 4442.6006 0.931
 4442.7002 0.931
 4442.7998 0.931
 4442.8994 0.931
 4442.9990 0.931
 4443.0986 0.931
 4443.1982 0.931
 4443.2979 0.931
 4443.3975 0.931
 4443.4971 0.931
 4443.5967 0.932
 4443.6963 0.932
 4443.7959 0.932
 4443.8955 0.931
 4443.9951 0.931
 4444.0947 0.931
 4444.1943 0.931
 4444.2939 0.931
 4444.3936 0.931
 4444.4932 0.931
 4444.5928 0.931
 4444.6924 0.931
 4444.7920 0.931
 4444.8916 0.931
 4444.9912 0.931
 4445.0908 0.931
 4445.1904 0.931
 4445.2900 0.931
 4445.3896 0.931
 4445.4893 0.931
 4445.5889 0.932
 4445.6885 0.932
 4445.7881 0.932
 4445.8877 0.932
 4445.9873 0.932
 4446.0869 0.932
 4446.1865 0.932
 4446.2861 0.932
 4446.3857 0.931
 4446.4854 0.931
 4446.5850 0.931
 4446.6846 0.931
 4446.7842 0.931
 4446.8838 0.931
 4446.9834 0.931
 4447.0830 0.931
 4447.1826 0.931
 4447.2822 0.931
 4447.3818 0.931
 4447.4814 0.932
 4447.5811 0.932
 4447.6807 0.932
 4447.7803 0.932
 4447.8799 0.932
 4447.9795 0.932
 4448.0791 0.932
 4448.1787 0.932
 4448.2783 0.932
 4448.3779 0.932
 4448.4775 0.932
 4448.5771 0.932
 4448.6768 0.932
 4448.7764 0.932
 4448.8760 0.932
 4448.9756 0.932
 4449.0752 0.932
 4449.1748 0.932
 4449.2744 0.932
 4449.3740 0.932
 4449.4736 0.932
 4449.5732 0.932
 4449.6729 0.932
 4449.7725 0.932
 4449.8721 0.932
 4449.9717 0.932
 4450.0713 0.932
 4450.1709 0.932
 4450.2705 0.932
 4450.3701 0.932
 4450.4697 0.933
 4450.5693 0.933
 4450.6689 0.933
 4450.7686 0.933
 4450.8682 0.933
 4450.9678 0.933
 4451.0674 0.933
 4451.1670 0.933
 4451.2666 0.933
 4451.3662 0.933
 4451.4658 0.933
 4451.5654 0.933
 4451.6650 0.933
 4451.7646 0.933
 4451.8643 0.933
 4451.9639 0.933
 4452.0635 0.933
 4452.1631 0.933
 4452.2627 0.933
 4452.3623 0.933
 4452.4619 0.933
 4452.5615 0.933
 4452.6611 0.933
 4452.7607 0.933
 4452.8604 0.933
 4452.9600 0.933
 4453.0596 0.933
 4453.1592 0.933
 4453.2588 0.932
 4453.3584 0.932
 4453.4580 0.932
 4453.5576 0.932
 4453.6572 0.932
 4453.7568 0.932
 4453.8564 0.932
 4453.9561 0.932
 4454.0557 0.932
 4454.1553 0.932
 4454.2549 0.932
 4454.3545 0.932
 4454.4541 0.932
 4454.5537 0.933
 4454.6533 0.933
 4454.7529 0.933
 4454.8525 0.933
 4454.9521 0.933
 4455.0518 0.933
 4455.1514 0.933
 4455.2510 0.933
 4455.3506 0.933
 4455.4502 0.933
 4455.5498 0.933
 4455.6494 0.933
 4455.7490 0.933
 4455.8486 0.933
 4455.9482 0.934
 4456.0479 0.934
 4456.1475 0.934
 4456.2471 0.934
 4456.3467 0.934
 4456.4463 0.934
 4456.5459 0.934
 4456.6455 0.934
 4456.7451 0.934
 4456.8447 0.934
 4456.9443 0.934
 4457.0439 0.934
 4457.1436 0.934
 4457.2432 0.934
 4457.3428 0.934
 4457.4424 0.934
 4457.5420 0.934
 4457.6416 0.934
 4457.7412 0.933
 4457.8408 0.933
 4457.9404 0.933
 4458.0400 0.933
 4458.1396 0.933
 4458.2393 0.933
 4458.3389 0.933
 4458.4385 0.933
 4458.5381 0.933
 4458.6377 0.933
 4458.7373 0.934
 4458.8369 0.934
 4458.9365 0.934
 4459.0361 0.934
 4459.1357 0.934
 4459.2354 0.934
 4459.3350 0.934
 4459.4346 0.934
 4459.5342 0.934
 4459.6338 0.934
 4459.7334 0.934
 4459.8330 0.934
 4459.9326 0.934
 4460.0322 0.934
 4460.1318 0.934
 4460.2314 0.934
 4460.3311 0.934
 4460.4307 0.934
 4460.5303 0.934
 4460.6299 0.934
 4460.7295 0.934
 4460.8291 0.934
 4460.9287 0.933
 4461.0283 0.933
 4461.1279 0.933
 4461.2275 0.933
 4461.3271 0.933
 4461.4268 0.933
 4461.5264 0.933
 4461.6260 0.933
 4461.7256 0.933
 4461.8252 0.933
 4461.9248 0.934
 4462.0244 0.934
 4462.1240 0.934
 4462.2236 0.934
 4462.3232 0.934
 4462.4229 0.935
 4462.5225 0.935
 4462.6221 0.934
 4462.7217 0.934
 4462.8213 0.934
 4462.9209 0.934
 4463.0205 0.934
 4463.1201 0.934
 4463.2197 0.934
 4463.3193 0.934
 4463.4189 0.934
 4463.5186 0.934
 4463.6182 0.934
 4463.7178 0.934
 4463.8174 0.934
 4463.9170 0.934
 4464.0166 0.934
 4464.1162 0.934
 4464.2158 0.935
 4464.3154 0.935
 4464.4150 0.935
 4464.5146 0.935
 4464.6143 0.935
 4464.7139 0.935
 4464.8135 0.935
 4464.9131 0.935
 4465.0127 0.935
 4465.1123 0.935
 4465.2119 0.935
 4465.3115 0.935
 4465.4111 0.935
 4465.5107 0.935
 4465.6104 0.935
 4465.7100 0.935
 4465.8096 0.935
 4465.9092 0.935
 4466.0088 0.935
 4466.1084 0.935
 4466.2080 0.935
 4466.3076 0.935
 4466.4072 0.935
 4466.5068 0.935
 4466.6064 0.934
 4466.7061 0.934
 4466.8057 0.934
 4466.9053 0.935
 4467.0049 0.935
 4467.1045 0.935
 4467.2041 0.935
 4467.3037 0.935
 4467.4033 0.935
 4467.5029 0.935
 4467.6025 0.935
 4467.7021 0.935
 4467.8018 0.935
 4467.9014 0.936
 4468.0010 0.936
 4468.1006 0.936
 4468.2002 0.936
 4468.2998 0.936
 4468.3994 0.936
 4468.4990 0.936
 4468.5986 0.936
 4468.6982 0.936
 4468.7979 0.936
 4468.8975 0.936
 4468.9971 0.936
 4469.0967 0.936
 4469.1963 0.936
 4469.2959 0.936
 4469.3955 0.936
 4469.4951 0.935
 4469.5947 0.935
 4469.6943 0.935
 4469.7939 0.935
 4469.8936 0.935
 4469.9932 0.935
 4470.0928 0.935
 4470.1924 0.935
 4470.2920 0.935
 4470.3916 0.936
 4470.4912 0.936
 4470.5908 0.936
 4470.6904 0.936
 4470.7900 0.936
 4470.8896 0.936
 4470.9893 0.936
 4471.0889 0.936
 4471.1885 0.936
 4471.2881 0.936
 4471.3877 0.936
 4471.4873 0.936
 4471.5869 0.936
 4471.6865 0.936
 4471.7861 0.936
 4471.8857 0.935
 4471.9854 0.935
 4472.0850 0.935
 4472.1846 0.935
 4472.2842 0.935
 4472.3838 0.935
 4472.4834 0.935
 4472.5830 0.936
 4472.6826 0.936
 4472.7822 0.936
 4472.8818 0.936
 4472.9814 0.936
 4473.0811 0.936
 4473.1807 0.936
 4473.2803 0.936
 4473.3799 0.936
 4473.4795 0.936
 4473.5791 0.937
 4473.6787 0.937
 4473.7783 0.937
 4473.8779 0.937
 4473.9775 0.937
 4474.0771 0.937
 4474.1768 0.937
 4474.2764 0.937
 4474.3760 0.936
 4474.4756 0.936
 4474.5752 0.936
 4474.6748 0.936
 4474.7744 0.936
 4474.8740 0.936
 4474.9736 0.936
 4475.0732 0.937
 4475.1729 0.937
 4475.2725 0.937
 4475.3721 0.937
 4475.4717 0.937
 4475.5713 0.937
 4475.6709 0.937
 4475.7705 0.937
 4475.8701 0.937
 4475.9697 0.937
 4476.0693 0.937
 4476.1689 0.937
 4476.2686 0.937
 4476.3682 0.937
 4476.4678 0.937
 4476.5674 0.937
 4476.6670 0.937
 4476.7666 0.937
 4476.8662 0.937
 4476.9658 0.937
 4477.0654 0.937
 4477.1650 0.937
 4477.2646 0.938
 4477.3643 0.938
 4477.4639 0.938
 4477.5635 0.938
 4477.6631 0.938
 4477.7627 0.938
 4477.8623 0.938
 4477.9619 0.938
 4478.0615 0.938
 4478.1611 0.938
 4478.2607 0.938
 4478.3604 0.938
 4478.4600 0.938
 4478.5596 0.938
 4478.6592 0.938
 4478.7588 0.938
 4478.8584 0.938
 4478.9580 0.938
 4479.0576 0.938
 4479.1572 0.938
 4479.2568 0.937
 4479.3564 0.937
 4479.4561 0.937
 4479.5557 0.937
 4479.6553 0.937
 4479.7549 0.937
 4479.8545 0.937
 4479.9541 0.937
 4480.0537 0.937
 4480.1533 0.938
 4480.2529 0.938
 4480.3525 0.938
 4480.4521 0.938
 4480.5518 0.938
 4480.6514 0.938
 4480.7510 0.938
 4480.8506 0.937
 4480.9502 0.937
 4481.0498 0.937
 4481.1494 0.937
 4481.2490 0.937
 4481.3486 0.937
 4481.4482 0.937
 4481.5479 0.938
 4481.6475 0.938
 4481.7471 0.938
 4481.8467 0.938
 4481.9463 0.938
 4482.0459 0.938
 4482.1455 0.938
 4482.2451 0.938
 4482.3447 0.938
 4482.4443 0.938
 4482.5439 0.938
 4482.6436 0.938
 4482.7432 0.938
 4482.8428 0.938
 4482.9424 0.938
 4483.0420 0.938
 4483.1416 0.938
 4483.2412 0.937
 4483.3408 0.937
 4483.4404 0.937
 4483.5400 0.937
 4483.6396 0.937
 4483.7393 0.937
 4483.8389 0.938
 4483.9385 0.938
 4484.0381 0.938
 4484.1377 0.938
 4484.2373 0.938
 4484.3369 0.938
 4484.4365 0.939
 4484.5361 0.939
 4484.6357 0.939
 4484.7354 0.939
 4484.8350 0.939
 4484.9346 0.939
 4485.0342 0.939
 4485.1338 0.939
 4485.2334 0.939
 4485.3330 0.939
 4485.4326 0.939
 4485.5322 0.939
 4485.6318 0.939
 4485.7314 0.939
 4485.8311 0.939
 4485.9307 0.939
 4486.0303 0.939
 4486.1299 0.938
 4486.2295 0.938
 4486.3291 0.938
 4486.4287 0.938
 4486.5283 0.938
 4486.6279 0.938
 4486.7275 0.938
 4486.8271 0.938
 4486.9268 0.939
 4487.0264 0.939
 4487.1260 0.939
 4487.2256 0.939
 4487.3252 0.939
 4487.4248 0.939
 4487.5244 0.940
 4487.6240 0.940
 4487.7236 0.940
 4487.8232 0.940
 4487.9229 0.940
 4488.0225 0.940
 4488.1221 0.940
 4488.2217 0.940
 4488.3213 0.940
 4488.4209 0.939
 4488.5205 0.939
 4488.6201 0.939
 4488.7197 0.939
 4488.8193 0.939
 4488.9189 0.939
 4489.0186 0.939
 4489.1182 0.939
 4489.2178 0.939
 4489.3174 0.939
 4489.4170 0.939
 4489.5166 0.939
 4489.6162 0.940
 4489.7158 0.940
 4489.8154 0.940
 4489.9150 0.940
 4490.0146 0.940
 4490.1143 0.940
 4490.2139 0.940
 4490.3135 0.940
 4490.4131 0.940
 4490.5127 0.940
 4490.6123 0.940
 4490.7119 0.940
 4490.8115 0.940
 4490.9111 0.940
 4491.0107 0.940
 4491.1104 0.940
 4491.2100 0.940
 4491.3096 0.940
 4491.4092 0.940
 4491.5088 0.940
 4491.6084 0.940
 4491.7080 0.940
 4491.8076 0.940
 4491.9072 0.940
 4492.0068 0.940
 4492.1064 0.940
 4492.2061 0.940
 4492.3057 0.939
 4492.4053 0.939
 4492.5049 0.939
 4492.6045 0.939
 4492.7041 0.939
 4492.8037 0.939
 4492.9033 0.939
 4493.0029 0.940
 4493.1025 0.940
 4493.2021 0.940
 4493.3018 0.940
 4493.4014 0.940
 4493.5010 0.940
 4493.6006 0.940
 4493.7002 0.940
 4493.7998 0.940
 4493.8994 0.940
 4493.9990 0.940
 4494.0986 0.940
 4494.1982 0.940
 4494.2979 0.940
 4494.3975 0.940
 4494.4971 0.940
 4494.5967 0.940
 4494.6963 0.939
 4494.7959 0.940
 4494.8955 0.940
 4494.9951 0.940
 4495.0947 0.940
 4495.1943 0.940
 4495.2939 0.940
 4495.3936 0.940
 4495.4932 0.940
 4495.5928 0.941
 4495.6924 0.941
 4495.7920 0.941
 4495.8916 0.941
 4495.9912 0.941
 4496.0908 0.941
 4496.1904 0.941
 4496.2900 0.941
 4496.3896 0.941
 4496.4893 0.940
 4496.5889 0.940
 4496.6885 0.940
 4496.7881 0.940
 4496.8877 0.940
 4496.9873 0.940
 4497.0869 0.940
 4497.1865 0.940
 4497.2861 0.940
 4497.3857 0.940
 4497.4854 0.940
 4497.5850 0.941
 4497.6846 0.941
 4497.7842 0.941
 4497.8838 0.941
 4497.9834 0.941
 4498.0830 0.941
 4498.1826 0.941
 4498.2822 0.941
 4498.3818 0.941
 4498.4814 0.941
 4498.5811 0.941
 4498.6807 0.941
 4498.7803 0.941
 4498.8799 0.941
 4498.9795 0.941
 4499.0791 0.941
 4499.1787 0.941
 4499.2783 0.941
 4499.3779 0.941
 4499.4775 0.941
 4499.5771 0.941
 4499.6768 0.941
 4499.7764 0.940
 4499.8760 0.940
 4499.9756 0.940
 4500.0752 0.940
 4500.1748 0.940
 4500.2744 0.941
 4500.3740 0.941
 4500.4736 0.941
 4500.5732 0.941
 4500.6729 0.941
 4500.7725 0.942
 4500.8721 0.942
 4500.9717 0.942
 4501.0713 0.942
 4501.1709 0.942
 4501.2705 0.942
 4501.3701 0.942
 4501.4697 0.942
 4501.5693 0.942
 4501.6689 0.942
 4501.7686 0.941
 4501.8682 0.941
 4501.9678 0.941
 4502.0674 0.941
 4502.1670 0.941
 4502.2666 0.941
 4502.3662 0.941
 4502.4658 0.941
 4502.5654 0.942
 4502.6650 0.942
 4502.7646 0.942
 4502.8643 0.942
 4502.9639 0.942
 4503.0635 0.942
 4503.1631 0.942
 4503.2627 0.942
 4503.3623 0.942
 4503.4619 0.942
 4503.5615 0.942
 4503.6611 0.942
 4503.7607 0.942
 4503.8604 0.942
 4503.9600 0.942
 4504.0596 0.942
 4504.1592 0.942
 4504.2588 0.942
 4504.3584 0.942
 4504.4580 0.942
 4504.5576 0.942
 4504.6572 0.942
 4504.7568 0.942
 4504.8564 0.942
 4504.9561 0.942
 4505.0557 0.942
 4505.1553 0.942
 4505.2549 0.942
 4505.3545 0.942
 4505.4541 0.943
 4505.5537 0.943
 4505.6533 0.943
 4505.7529 0.943
 4505.8525 0.943
 4505.9521 0.943
 4506.0518 0.942
 4506.1514 0.942
 4506.2510 0.942
 4506.3506 0.942
 4506.4502 0.942
 4506.5498 0.942
 4506.6494 0.942
 4506.7490 0.942
 4506.8486 0.942
 4506.9482 0.942
 4507.0479 0.943
 4507.1475 0.943
 4507.2471 0.943
 4507.3467 0.943
 4507.4463 0.943
 4507.5459 0.943
 4507.6455 0.942
 4507.7451 0.942
 4507.8447 0.942
 4507.9443 0.942
 4508.0439 0.942
 4508.1436 0.942
 4508.2432 0.942
 4508.3428 0.942
 4508.4424 0.943
 4508.5420 0.943
 4508.6416 0.943
 4508.7412 0.943
 4508.8408 0.943
 4508.9404 0.943
 4509.0400 0.943
 4509.1396 0.943
 4509.2393 0.943
 4509.3389 0.943
 4509.4385 0.943
 4509.5381 0.943
 4509.6377 0.943
 4509.7373 0.943
 4509.8369 0.943
 4509.9365 0.943
 4510.0361 0.943
 4510.1357 0.943
 4510.2354 0.943
 4510.3350 0.943
 4510.4346 0.943
 4510.5342 0.943
 4510.6338 0.943
 4510.7334 0.944
 4510.8330 0.944
 4510.9326 0.944
 4511.0322 0.944
 4511.1318 0.944
 4511.2314 0.944
 4511.3311 0.944
 4511.4307 0.944
 4511.5303 0.944
 4511.6299 0.944
 4511.7295 0.944
 4511.8291 0.944
 4511.9287 0.943
 4512.0283 0.943
 4512.1279 0.943
 4512.2275 0.943
 4512.3271 0.943
 4512.4268 0.943
 4512.5264 0.943
 4512.6260 0.943
 4512.7256 0.943
 4512.8252 0.943
 4512.9248 0.943
 4513.0244 0.943
 4513.1240 0.944
 4513.2236 0.944
 4513.3232 0.944
 4513.4229 0.944
 4513.5225 0.944
 4513.6221 0.944
 4513.7217 0.944
 4513.8213 0.944
 4513.9209 0.944
 4514.0205 0.944
 4514.1201 0.944
 4514.2197 0.944
 4514.3193 0.944
 4514.4189 0.944
 4514.5186 0.944
 4514.6182 0.944
 4514.7178 0.944
 4514.8174 0.944
 4514.9170 0.944
 4515.0166 0.944
 4515.1162 0.944
 4515.2158 0.945
 4515.3154 0.945
 4515.4150 0.945
 4515.5146 0.945
 4515.6143 0.944
 4515.7139 0.944
 4515.8135 0.944
 4515.9131 0.944
 4516.0127 0.944
 4516.1123 0.944
 4516.2119 0.944
 4516.3115 0.944
 4516.4111 0.944
 4516.5107 0.944
 4516.6104 0.944
 4516.7100 0.944
 4516.8096 0.944
 4516.9092 0.945
 4517.0088 0.945
 4517.1084 0.945
 4517.2080 0.945
 4517.3076 0.945
 4517.4072 0.945
 4517.5068 0.945
 4517.6064 0.945
 4517.7061 0.945
 4517.8057 0.945
 4517.9053 0.945
 4518.0049 0.945
 4518.1045 0.945
 4518.2041 0.945
 4518.3037 0.944
 4518.4033 0.944
 4518.5029 0.944
 4518.6025 0.944
 4518.7021 0.944
 4518.8018 0.944
 4518.9014 0.944
 4519.0010 0.945
 4519.1006 0.945
 4519.2002 0.945
 4519.2998 0.945
 4519.3994 0.945
 4519.4990 0.945
 4519.5986 0.945
 4519.6982 0.945
 4519.7979 0.945
 4519.8975 0.945
 4519.9971 0.945
 4520.0967 0.945
 4520.1963 0.945
 4520.2959 0.945
 4520.3955 0.945
 4520.4951 0.945
 4520.5947 0.945
 4520.6943 0.945
 4520.7939 0.945
 4520.8936 0.945
 4520.9932 0.945
 4521.0928 0.944
 4521.1924 0.944
 4521.2920 0.944
 4521.3916 0.944
 4521.4912 0.944
 4521.5908 0.944
 4521.6904 0.945
 4521.7900 0.945
 4521.8896 0.945
 4521.9893 0.945
 4522.0889 0.945
 4522.1885 0.945
 4522.2881 0.945
 4522.3877 0.945
 4522.4873 0.945
 4522.5869 0.945
 4522.6865 0.945
 4522.7861 0.945
 4522.8857 0.945
 4522.9854 0.946
 4523.0850 0.946
 4523.1846 0.946
 4523.2842 0.946
 4523.3838 0.946
 4523.4834 0.946
 4523.5830 0.946
 4523.6826 0.946
 4523.7822 0.946
 4523.8818 0.946
 4523.9814 0.946
 4524.0811 0.945
 4524.1807 0.945
 4524.2803 0.945
 4524.3799 0.945
 4524.4795 0.945
 4524.5791 0.945
 4524.6787 0.945
 4524.7783 0.945
 4524.8779 0.945
 4524.9775 0.946
 4525.0771 0.946
 4525.1768 0.946
 4525.2764 0.946
 4525.3760 0.946
 4525.4756 0.946
 4525.5752 0.946
 4525.6748 0.946
 4525.7744 0.946
 4525.8740 0.946
 4525.9736 0.946
 4526.0732 0.946
 4526.1729 0.946
 4526.2725 0.946
 4526.3721 0.946
 4526.4717 0.946
 4526.5713 0.946
 4526.6709 0.946
 4526.7705 0.946
 4526.8701 0.946
 4526.9697 0.946
 4527.0693 0.946
 4527.1689 0.946
 4527.2686 0.946
 4527.3682 0.946
 4527.4678 0.946
 4527.5674 0.946
 4527.6670 0.946
 4527.7666 0.946
 4527.8662 0.946
 4527.9658 0.946
 4528.0654 0.946
 4528.1650 0.946
 4528.2646 0.947
 4528.3643 0.947
 4528.4639 0.947
 4528.5635 0.946
 4528.6631 0.946
 4528.7627 0.946
 4528.8623 0.946
 4528.9619 0.946
 4529.0615 0.946
 4529.1611 0.946
 4529.2607 0.946
 4529.3604 0.946
 4529.4600 0.946
 4529.5596 0.946
 4529.6592 0.946
 4529.7588 0.946
 4529.8584 0.946
 4529.9580 0.946
 4530.0576 0.946
 4530.1572 0.946
 4530.2568 0.946
 4530.3564 0.946
 4530.4561 0.946
 4530.5557 0.946
 4530.6553 0.947
 4530.7549 0.947
 4530.8545 0.947
 4530.9541 0.947
 4531.0537 0.947
 4531.1533 0.947
 4531.2529 0.947
 4531.3525 0.947
 4531.4521 0.947
 4531.5518 0.947
 4531.6514 0.947
 4531.7510 0.947
 4531.8506 0.947
 4531.9502 0.947
 4532.0498 0.947
 4532.1494 0.947
 4532.2490 0.947
 4532.3486 0.947
 4532.4482 0.947
 4532.5479 0.947
 4532.6475 0.947
 4532.7471 0.947
 4532.8467 0.947
 4532.9463 0.947
 4533.0459 0.947
 4533.1455 0.947
 4533.2451 0.947
 4533.3447 0.947
 4533.4443 0.947
 4533.5439 0.947
 4533.6436 0.947
 4533.7432 0.947
 4533.8428 0.947
 4533.9424 0.946
 4534.0420 0.947
 4534.1416 0.946
 4534.2412 0.946
 4534.3408 0.947
 4534.4404 0.947
 4534.5400 0.947
 4534.6396 0.947
 4534.7393 0.947
 4534.8389 0.947
 4534.9385 0.947
 4535.0381 0.947
 4535.1377 0.948
 4535.2373 0.948
 4535.3369 0.948
 4535.4365 0.948
 4535.5361 0.948
 4535.6357 0.948
 4535.7354 0.948
 4535.8350 0.948
 4535.9346 0.948
 4536.0342 0.948
 4536.1338 0.948
 4536.2334 0.948
 4536.3330 0.948
 4536.4326 0.948
 4536.5322 0.948
 4536.6318 0.948
 4536.7314 0.948
 4536.8311 0.948
 4536.9307 0.948
 4537.0303 0.948
 4537.1299 0.948
 4537.2295 0.948
 4537.3291 0.948
 4537.4287 0.948
 4537.5283 0.948
 4537.6279 0.948
 4537.7275 0.948
 4537.8271 0.948
 4537.9268 0.948
 4538.0264 0.948
 4538.1260 0.948
 4538.2256 0.948
 4538.3252 0.948
 4538.4248 0.948
 4538.5244 0.948
 4538.6240 0.948
 4538.7236 0.948
 4538.8232 0.948
 4538.9229 0.948
 4539.0225 0.948
 4539.1221 0.949
 4539.2217 0.949
 4539.3213 0.949
 4539.4209 0.949
 4539.5205 0.949
 4539.6201 0.949
 4539.7197 0.949
 4539.8193 0.949
 4539.9189 0.949
 4540.0186 0.949
 4540.1182 0.949
 4540.2178 0.949
 4540.3174 0.949
 4540.4170 0.949
 4540.5166 0.949
 4540.6162 0.949
 4540.7158 0.949
 4540.8154 0.949
 4540.9150 0.949
 4541.0146 0.948
 4541.1143 0.948
 4541.2139 0.948
 4541.3135 0.948
 4541.4131 0.948
 4541.5127 0.948
 4541.6123 0.948
 4541.7119 0.948
 4541.8115 0.948
 4541.9111 0.948
 4542.0107 0.948
 4542.1104 0.949
 4542.2100 0.949
 4542.3096 0.949
 4542.4092 0.949
 4542.5088 0.949
 4542.6084 0.949
 4542.7080 0.949
 4542.8076 0.949
 4542.9072 0.949
 4543.0068 0.949
 4543.1064 0.949
 4543.2061 0.949
 4543.3057 0.949
 4543.4053 0.949
 4543.5049 0.949
 4543.6045 0.949
 4543.7041 0.949
 4543.8037 0.949
 4543.9033 0.949
 4544.0029 0.948
 4544.1025 0.948
 4544.2021 0.948
 4544.3018 0.948
 4544.4014 0.948
 4544.5010 0.949
 4544.6006 0.949
 4544.7002 0.949
 4544.7998 0.949
 4544.8994 0.949
 4544.9990 0.949
 4545.0986 0.949
 4545.1982 0.949
 4545.2979 0.949
 4545.3975 0.949
 4545.4971 0.949
 4545.5967 0.949
 4545.6963 0.949
 4545.7959 0.949
 4545.8955 0.949
 4545.9951 0.949
 4546.0947 0.948
 4546.1943 0.948
 4546.2939 0.948
 4546.3936 0.948
 4546.4932 0.948
 4546.5928 0.948
 4546.6924 0.948
 4546.7920 0.949
 4546.8916 0.949
 4546.9912 0.949
 4547.0908 0.949
 4547.1904 0.949
 4547.2900 0.949
 4547.3896 0.950
 4547.4893 0.950
 4547.5889 0.950
 4547.6885 0.950
 4547.7881 0.950
 4547.8877 0.950
 4547.9873 0.950
 4548.0869 0.950
 4548.1865 0.950
 4548.2861 0.950
 4548.3857 0.949
 4548.4854 0.949
 4548.5850 0.949
 4548.6846 0.949
 4548.7842 0.949
 4548.8838 0.949
 4548.9834 0.949
 4549.0830 0.949
 4549.1826 0.949
 4549.2822 0.949
 4549.3818 0.949
 4549.4814 0.950
 4549.5811 0.950
 4549.6807 0.950
 4549.7803 0.950
 4549.8799 0.950
 4549.9795 0.950
 4550.0791 0.950
 4550.1787 0.950
 4550.2783 0.950
 4550.3779 0.950
 4550.4775 0.950
 4550.5771 0.950
 4550.6768 0.950
 4550.7764 0.950
 4550.8760 0.951
 4550.9756 0.951
 4551.0752 0.951
 4551.1748 0.951
 4551.2744 0.950
 4551.3740 0.950
 4551.4736 0.950
 4551.5732 0.950
 4551.6729 0.950
 4551.7725 0.950
 4551.8721 0.950
 4551.9717 0.951
 4552.0713 0.951
 4552.1709 0.951
 4552.2705 0.951
 4552.3701 0.951
 4552.4697 0.951
 4552.5693 0.951
 4552.6689 0.951
 4552.7686 0.951
 4552.8682 0.951
 4552.9678 0.951
 4553.0674 0.951
 4553.1670 0.951
 4553.2666 0.951
 4553.3662 0.951
 4553.4658 0.951
 4553.5654 0.951
 4553.6650 0.950
 4553.7646 0.950
 4553.8643 0.950
 4553.9639 0.950
 4554.0635 0.950
 4554.1631 0.950
 4554.2627 0.950
 4554.3623 0.950
 4554.4619 0.950
 4554.5615 0.951
 4554.6611 0.951
 4554.7607 0.951
 4554.8604 0.951
 4554.9600 0.951
 4555.0596 0.951
 4555.1592 0.951
 4555.2588 0.951
 4555.3584 0.951
 4555.4580 0.951
 4555.5576 0.951
 4555.6572 0.951
 4555.7568 0.951
 4555.8564 0.951
 4555.9561 0.952
 4556.0557 0.952
 4556.1553 0.952
 4556.2549 0.952
 4556.3545 0.952
 4556.4541 0.952
 4556.5537 0.952
 4556.6533 0.952
 4556.7529 0.952
 4556.8525 0.952
 4556.9521 0.952
 4557.0518 0.952
 4557.1514 0.952
 4557.2510 0.952
 4557.3506 0.952
 4557.4502 0.952
 4557.5498 0.952
 4557.6494 0.952
 4557.7490 0.952
 4557.8486 0.952
 4557.9482 0.951
 4558.0479 0.951
 4558.1475 0.951
 4558.2471 0.951
 4558.3467 0.951
 4558.4463 0.951
 4558.5459 0.951
 4558.6455 0.951
 4558.7451 0.951
 4558.8447 0.951
 4558.9443 0.951
 4559.0439 0.951
 4559.1436 0.951
 4559.2432 0.952
 4559.3428 0.952
 4559.4424 0.952
 4559.5420 0.952
 4559.6416 0.952
 4559.7412 0.952
 4559.8408 0.952
 4559.9404 0.952
 4560.0400 0.952
 4560.1396 0.952
 4560.2393 0.952
 4560.3389 0.952
 4560.4385 0.952
 4560.5381 0.951
 4560.6377 0.951
 4560.7373 0.951
 4560.8369 0.951
 4560.9365 0.951
 4561.0361 0.951
 4561.1357 0.951
 4561.2354 0.951
 4561.3350 0.951
 4561.4346 0.951
 4561.5342 0.951
 4561.6338 0.952
 4561.7334 0.952
 4561.8330 0.952
 4561.9326 0.952
 4562.0322 0.952
 4562.1318 0.952
 4562.2314 0.952
 4562.3311 0.952
 4562.4307 0.952
 4562.5303 0.952
 4562.6299 0.953
 4562.7295 0.953
 4562.8291 0.953
 4562.9287 0.953
 4563.0283 0.953
 4563.1279 0.953
 4563.2275 0.953
 4563.3271 0.953
 4563.4268 0.953
 4563.5264 0.953
 4563.6260 0.953
 4563.7256 0.952
 4563.8252 0.952
 4563.9248 0.952
 4564.0244 0.952
 4564.1240 0.952
 4564.2236 0.952
 4564.3232 0.952
 4564.4229 0.952
 4564.5225 0.952
 4564.6221 0.952
 4564.7217 0.953
 4564.8213 0.953
 4564.9209 0.953
 4565.0205 0.953
 4565.1201 0.953
 4565.2197 0.953
 4565.3193 0.953
 4565.4189 0.953
 4565.5186 0.953
 4565.6182 0.953
 4565.7178 0.953
 4565.8174 0.953
 4565.9170 0.953
 4566.0166 0.953
 4566.1162 0.953
 4566.2158 0.953
 4566.3154 0.953
 4566.4150 0.953
 4566.5146 0.953
 4566.6143 0.953
 4566.7139 0.952
 4566.8135 0.952
 4566.9131 0.952
 4567.0127 0.952
 4567.1123 0.952
 4567.2119 0.953
 4567.3115 0.953
 4567.4111 0.953
 4567.5107 0.953
 4567.6104 0.953
 4567.7100 0.953
 4567.8096 0.953
 4567.9092 0.953
 4568.0088 0.954
 4568.1084 0.954
 4568.2080 0.954
 4568.3076 0.954
 4568.4072 0.954
 4568.5068 0.953
 4568.6064 0.953
 4568.7061 0.953
 4568.8057 0.953
 4568.9053 0.953
 4569.0049 0.953
 4569.1045 0.953
 4569.2041 0.953
 4569.3037 0.953
 4569.4033 0.953
 4569.5029 0.953
 4569.6025 0.953
 4569.7021 0.953
 4569.8018 0.953
 4569.9014 0.953
 4570.0010 0.953
 4570.1006 0.953
 4570.2002 0.954
 4570.2998 0.954
 4570.3994 0.953
 4570.4990 0.953
 4570.5986 0.953
 4570.6982 0.953
 4570.7979 0.953
 4570.8975 0.953
 4570.9971 0.953
 4571.0967 0.953
 4571.1963 0.953
 4571.2959 0.953
 4571.3955 0.953
 4571.4951 0.953
 4571.5947 0.953
 4571.6943 0.954
 4571.7939 0.954
 4571.8936 0.954
 4571.9932 0.954
 4572.0928 0.954
 4572.1924 0.954
 4572.2920 0.954
 4572.3916 0.954
 4572.4912 0.954
 4572.5908 0.954
 4572.6904 0.954
 4572.7900 0.954
 4572.8896 0.954
 4572.9893 0.954
 4573.0889 0.954
 4573.1885 0.954
 4573.2881 0.954
 4573.3877 0.955
 4573.4873 0.955
 4573.5869 0.955
 4573.6865 0.955
 4573.7861 0.955
 4573.8857 0.955
 4573.9854 0.955
 4574.0850 0.955
 4574.1846 0.955
 4574.2842 0.955
 4574.3838 0.955
 4574.4834 0.955
 4574.5830 0.955
 4574.6826 0.955
 4574.7822 0.955
 4574.8818 0.955
 4574.9814 0.955
 4575.0811 0.955
 4575.1807 0.955
 4575.2803 0.955
 4575.3799 0.955
 4575.4795 0.955
 4575.5791 0.955
 4575.6787 0.955
 4575.7783 0.955
 4575.8779 0.955
 4575.9775 0.955
 4576.0771 0.955
 4576.1768 0.955
 4576.2764 0.955
 4576.3760 0.955
 4576.4756 0.955
 4576.5752 0.955
 4576.6748 0.955
 4576.7744 0.954
 4576.8740 0.954
 4576.9736 0.954
 4577.0732 0.954
 4577.1729 0.954
 4577.2725 0.954
 4577.3721 0.954
 4577.4717 0.954
 4577.5713 0.954
 4577.6709 0.955
 4577.7705 0.955
 4577.8701 0.955
 4577.9697 0.955
 4578.0693 0.955
 4578.1689 0.955
 4578.2686 0.955
 4578.3682 0.955
 4578.4678 0.955
 4578.5674 0.955
 4578.6670 0.955
 4578.7666 0.955
 4578.8662 0.955
 4578.9658 0.955
 4579.0654 0.955
 4579.1650 0.955
 4579.2646 0.956
 4579.3643 0.956
 4579.4639 0.956
 4579.5635 0.956
 4579.6631 0.956
 4579.7627 0.956
 4579.8623 0.956
 4579.9619 0.956
 4580.0615 0.956
 4580.1611 0.956
 4580.2607 0.956
 4580.3604 0.956
 4580.4600 0.956
 4580.5596 0.956
 4580.6592 0.956
 4580.7588 0.956
 4580.8584 0.956
 4580.9580 0.956
 4581.0576 0.956
 4581.1572 0.955
 4581.2568 0.955
 4581.3564 0.955
 4581.4561 0.955
 4581.5557 0.955
 4581.6553 0.955
 4581.7549 0.955
 4581.8545 0.955
 4581.9541 0.955
 4582.0537 0.955
 4582.1533 0.955
 4582.2529 0.955
 4582.3525 0.956
 4582.4521 0.956
 4582.5518 0.956
 4582.6514 0.956
 4582.7510 0.956
 4582.8506 0.956
 4582.9502 0.956
 4583.0498 0.956
 4583.1494 0.956
 4583.2490 0.956
 4583.3486 0.956
 4583.4482 0.956
 4583.5479 0.956
 4583.6475 0.956
 4583.7471 0.956
 4583.8467 0.956
 4583.9463 0.956
 4584.0459 0.956
 4584.1455 0.956
 4584.2451 0.956
 4584.3447 0.956
 4584.4443 0.956
 4584.5439 0.956
 4584.6436 0.956
 4584.7432 0.956
 4584.8428 0.956
 4584.9424 0.956
 4585.0420 0.956
 4585.1416 0.956
 4585.2412 0.956
 4585.3408 0.956
 4585.4404 0.956
 4585.5400 0.956
 4585.6396 0.956
 4585.7393 0.956
 4585.8389 0.956
 4585.9385 0.955
 4586.0381 0.955
 4586.1377 0.955
 4586.2373 0.956
 4586.3369 0.956
 4586.4365 0.956
 4586.5361 0.956
 4586.6357 0.956
 4586.7354 0.956
 4586.8350 0.957
 4586.9346 0.957
 4587.0342 0.957
 4587.1338 0.957
 4587.2334 0.957
 4587.3330 0.957
 4587.4326 0.957
 4587.5322 0.957
 4587.6318 0.957
 4587.7314 0.957
 4587.8311 0.957
 4587.9307 0.957
 4588.0303 0.957
 4588.1299 0.957
 4588.2295 0.957
 4588.3291 0.957
 4588.4287 0.957
 4588.5283 0.957
 4588.6279 0.957
 4588.7275 0.957
 4588.8271 0.957
 4588.9268 0.957
 4589.0264 0.957
 4589.1260 0.957
 4589.2256 0.957
 4589.3252 0.957
 4589.4248 0.956
 4589.5244 0.956
 4589.6240 0.956
 4589.7236 0.956
 4589.8232 0.956
 4589.9229 0.956
 4590.0225 0.956
 4590.1221 0.956
 4590.2217 0.957
 4590.3213 0.957
 4590.4209 0.957
 4590.5205 0.957
 4590.6201 0.957
 4590.7197 0.957
 4590.8193 0.957
 4590.9189 0.957
 4591.0186 0.957
 4591.1182 0.958
 4591.2178 0.958
 4591.3174 0.958
 4591.4170 0.958
 4591.5166 0.958
 4591.6162 0.958
 4591.7158 0.958
 4591.8154 0.958
 4591.9150 0.958
 4592.0146 0.958
 4592.1143 0.958
 4592.2139 0.958
 4592.3135 0.958
 4592.4131 0.957
 4592.5127 0.957
 4592.6123 0.957
 4592.7119 0.957
 4592.8115 0.957
 4592.9111 0.957
 4593.0107 0.957
 4593.1104 0.957
 4593.2100 0.958
 4593.3096 0.958
 4593.4092 0.958
 4593.5088 0.958
 4593.6084 0.958
 4593.7080 0.958
 4593.8076 0.958
 4593.9072 0.958
 4594.0068 0.958
 4594.1064 0.958
 4594.2061 0.958
 4594.3057 0.958
 4594.4053 0.957
 4594.5049 0.957
 4594.6045 0.957
 4594.7041 0.957
 4594.8037 0.957
 4594.9033 0.957
 4595.0029 0.957
 4595.1025 0.957
 4595.2021 0.958
 4595.3018 0.958
 4595.4014 0.958
 4595.5010 0.958
 4595.6006 0.958
 4595.7002 0.958
 4595.7998 0.958
 4595.8994 0.958
 4595.9990 0.958
 4596.0986 0.958
 4596.1982 0.958
 4596.2979 0.958
 4596.3975 0.958
 4596.4971 0.958
 4596.5967 0.958
 4596.6963 0.958
 4596.7959 0.958
 4596.8955 0.958
 4596.9951 0.958
 4597.0947 0.958
 4597.1943 0.958
 4597.2939 0.958
 4597.3936 0.958
 4597.4932 0.958
 4597.5928 0.958
 4597.6924 0.958
 4597.7920 0.957
 4597.8916 0.957
 4597.9912 0.957
 4598.0908 0.957
 4598.1904 0.957
 4598.2900 0.957
 4598.3896 0.957
 4598.4893 0.958
 4598.5889 0.958
 4598.6885 0.958
 4598.7881 0.958
 4598.8877 0.958
 4598.9873 0.958
 4599.0869 0.959
 4599.1865 0.959
 4599.2861 0.959
 4599.3857 0.959
 4599.4854 0.959
 4599.5850 0.959
 4599.6846 0.959
 4599.7842 0.959
 4599.8838 0.959
 4599.9834 0.959
 4600.0830 0.959
 4600.1826 0.959
 4600.2822 0.959
 4600.3818 0.959
 4600.4814 0.959
 4600.5811 0.959
 4600.6807 0.959
 4600.7803 0.959
 4600.8799 0.959
 4600.9795 0.959
 4601.0791 0.959
 4601.1787 0.959
 4601.2783 0.959
 4601.3779 0.959
 4601.4775 0.959
 4601.5771 0.959
 4601.6768 0.959
 4601.7764 0.959
 4601.8760 0.959
 4601.9756 0.959
 4602.0752 0.959
 4602.1748 0.959
 4602.2744 0.959
 4602.3740 0.959
 4602.4736 0.959
 4602.5732 0.959
 4602.6729 0.959
 4602.7725 0.959
 4602.8721 0.959
 4602.9717 0.959
 4603.0713 0.959
 4603.1709 0.959
 4603.2705 0.959
 4603.3701 0.959
 4603.4697 0.959
 4603.5693 0.959
 4603.6689 0.959
 4603.7686 0.959
 4603.8682 0.959
 4603.9678 0.959
 4604.0674 0.959
 4604.1670 0.959
 4604.2666 0.959
 4604.3662 0.959
 4604.4658 0.959
 4604.5654 0.959
 4604.6650 0.958
 4604.7646 0.958
 4604.8643 0.958
 4604.9639 0.958
 4605.0635 0.958
 4605.1631 0.958
 4605.2627 0.958
 4605.3623 0.959
 4605.4619 0.959
 4605.5615 0.959
 4605.6611 0.959
 4605.7607 0.959
 4605.8604 0.959
 4605.9600 0.959
 4606.0596 0.959
 4606.1592 0.959
 4606.2588 0.959
 4606.3584 0.959
 4606.4580 0.959
 4606.5576 0.959
 4606.6572 0.959
 4606.7568 0.960
 4606.8564 0.960
 4606.9561 0.960
 4607.0557 0.960
 4607.1553 0.959
 4607.2549 0.959
 4607.3545 0.959
 4607.4541 0.959
 4607.5537 0.960
 4607.6533 0.959
 4607.7529 0.960
 4607.8525 0.960
 4607.9521 0.960
 4608.0518 0.960
 4608.1514 0.960
 4608.2510 0.960
 4608.3506 0.960
 4608.4502 0.960
 4608.5498 0.960
 4608.6494 0.960
 4608.7490 0.960
 4608.8486 0.960
 4608.9482 0.960
 4609.0479 0.960
 4609.1475 0.960
 4609.2471 0.960
 4609.3467 0.960
 4609.4463 0.960
 4609.5459 0.960
 4609.6455 0.960
 4609.7451 0.960
 4609.8447 0.960
 4609.9443 0.960
 4610.0439 0.960
 4610.1436 0.960
 4610.2432 0.960
 4610.3428 0.960
 4610.4424 0.960
 4610.5420 0.960
 4610.6416 0.960
 4610.7412 0.960
 4610.8408 0.961
 4610.9404 0.961
 4611.0400 0.961
 4611.1396 0.961
 4611.2393 0.960
 4611.3389 0.960
 4611.4385 0.960
 4611.5381 0.960
 4611.6377 0.960
 4611.7373 0.960
 4611.8369 0.960
 4611.9365 0.960
 4612.0361 0.960
 4612.1357 0.959
 4612.2354 0.959
 4612.3350 0.960
 4612.4346 0.960
 4612.5342 0.960
 4612.6338 0.960
 4612.7334 0.960
 4612.8330 0.960
 4612.9326 0.961
 4613.0322 0.961
 4613.1318 0.960
 4613.2314 0.960
 4613.3311 0.960
 4613.4307 0.960
 4613.5303 0.960
 4613.6299 0.960
 4613.7295 0.960
 4613.8291 0.960
 4613.9287 0.960
 4614.0283 0.960
 4614.1279 0.960
 4614.2275 0.960
 4614.3271 0.960
 4614.4268 0.960
 4614.5264 0.961
 4614.6260 0.961
 4614.7256 0.961
 4614.8252 0.961
 4614.9248 0.961
 4615.0244 0.961
 4615.1240 0.961
 4615.2236 0.961
 4615.3232 0.961
 4615.4229 0.961
 4615.5225 0.961
 4615.6221 0.961
 4615.7217 0.961
 4615.8213 0.961
 4615.9209 0.961
 4616.0205 0.961
 4616.1201 0.961
 4616.2197 0.961
 4616.3193 0.961
 4616.4189 0.960
 4616.5186 0.960
 4616.6182 0.960
 4616.7178 0.960
 4616.8174 0.960
 4616.9170 0.960
 4617.0166 0.960
 4617.1162 0.960
 4617.2158 0.960
 4617.3154 0.960
 4617.4150 0.961
 4617.5146 0.961
 4617.6143 0.961
 4617.7139 0.961
 4617.8135 0.961
 4617.9131 0.961
 4618.0127 0.961
 4618.1123 0.961
 4618.2119 0.961
 4618.3115 0.961
 4618.4111 0.961
 4618.5107 0.961
 4618.6104 0.961
 4618.7100 0.961
 4618.8096 0.961
 4618.9092 0.961
 4619.0088 0.961
 4619.1084 0.961
 4619.2080 0.961
 4619.3076 0.962
 4619.4072 0.962
 4619.5068 0.962
 4619.6064 0.962
 4619.7061 0.962
 4619.8057 0.962
 4619.9053 0.962
 4620.0049 0.962
 4620.1045 0.962
 4620.2041 0.962
 4620.3037 0.962
 4620.4033 0.962
 4620.5029 0.962
 4620.6025 0.962
 4620.7021 0.962
 4620.8018 0.962
 4620.9014 0.962
 4621.0010 0.962
 4621.1006 0.962
 4621.2002 0.962
 4621.2998 0.962
 4621.3994 0.962
 4621.4990 0.962
 4621.5986 0.962
 4621.6982 0.962
 4621.7979 0.962
 4621.8975 0.961
 4621.9971 0.961
 4622.0967 0.961
 4622.1963 0.961
 4622.2959 0.961
 4622.3955 0.961
 4622.4951 0.961
 4622.5947 0.961
 4622.6943 0.961
 4622.7939 0.962
 4622.8936 0.962
 4622.9932 0.962
 4623.0928 0.962
 4623.1924 0.962
 4623.2920 0.962
 4623.3916 0.962
 4623.4912 0.962
 4623.5908 0.962
 4623.6904 0.961
 4623.7900 0.961
 4623.8896 0.961
 4623.9893 0.961
 4624.0889 0.961
 4624.1885 0.961
 4624.2881 0.961
 4624.3877 0.961
 4624.4873 0.961
 4624.5869 0.961
 4624.6865 0.962
 4624.7861 0.962
 4624.8857 0.962
 4624.9854 0.962
 4625.0850 0.962
 4625.1846 0.962
 4625.2842 0.962
 4625.3838 0.962
 4625.4834 0.962
 4625.5830 0.962
 4625.6826 0.962
 4625.7822 0.962
 4625.8818 0.962
 4625.9814 0.962
 4626.0811 0.962
 4626.1807 0.962
 4626.2803 0.962
 4626.3799 0.962
 4626.4795 0.962
 4626.5791 0.962
 4626.6787 0.962
 4626.7783 0.962
 4626.8779 0.962
 4626.9775 0.962
 4627.0771 0.962
 4627.1768 0.962
 4627.2764 0.961
 4627.3760 0.961
 4627.4756 0.961
 4627.5752 0.961
 4627.6748 0.961
 4627.7744 0.961
 4627.8740 0.961
 4627.9736 0.962
 4628.0732 0.962
 4628.1729 0.962
 4628.2725 0.962
 4628.3721 0.962
 4628.4717 0.962
 4628.5713 0.962
 4628.6709 0.962
 4628.7705 0.962
 4628.8701 0.962
 4628.9697 0.962
 4629.0693 0.962
 4629.1689 0.962
 4629.2686 0.963
 4629.3682 0.963
 4629.4678 0.963
 4629.5674 0.963
 4629.6670 0.963
 4629.7666 0.963
 4629.8662 0.963
 4629.9658 0.963
 4630.0654 0.963
 4630.1650 0.962
 4630.2646 0.963
 4630.3643 0.962
 4630.4639 0.962
 4630.5635 0.962
 4630.6631 0.962
 4630.7627 0.962
 4630.8623 0.963
 4630.9619 0.963
 4631.0615 0.963
 4631.1611 0.963
 4631.2607 0.963
 4631.3604 0.963
 4631.4600 0.963
 4631.5596 0.963
 4631.6592 0.963
 4631.7588 0.963
 4631.8584 0.963
 4631.9580 0.963
 4632.0576 0.963
 4632.1572 0.963
 4632.2568 0.963
 4632.3564 0.962
 4632.4561 0.962
 4632.5557 0.962
 4632.6553 0.962
 4632.7549 0.962
 4632.8545 0.962
 4632.9541 0.962
 4633.0537 0.962
 4633.1533 0.962
 4633.2529 0.963
 4633.3525 0.963
 4633.4521 0.963
 4633.5518 0.963
 4633.6514 0.963
 4633.7510 0.963
 4633.8506 0.963
 4633.9502 0.963
 4634.0498 0.964
 4634.1494 0.964
 4634.2490 0.964
 4634.3486 0.964
 4634.4482 0.964
 4634.5479 0.964
 4634.6475 0.964
 4634.7471 0.964
 4634.8467 0.964
 4634.9463 0.964
 4635.0459 0.964
 4635.1455 0.964
 4635.2451 0.964
 4635.3447 0.963
 4635.4443 0.963
 4635.5439 0.963
 4635.6436 0.963
 4635.7432 0.963
 4635.8428 0.963
 4635.9424 0.963
 4636.0420 0.964
 4636.1416 0.964
 4636.2412 0.964
 4636.3408 0.964
 4636.4404 0.964
 4636.5400 0.964
 4636.6396 0.964
 4636.7393 0.964
 4636.8389 0.964
 4636.9385 0.963
 4637.0381 0.963
 4637.1377 0.963
 4637.2373 0.963
 4637.3369 0.963
 4637.4365 0.963
 4637.5361 0.963
 4637.6357 0.963
 4637.7354 0.964
 4637.8350 0.964
 4637.9346 0.964
 4638.0342 0.964
 4638.1338 0.964
 4638.2334 0.964
 4638.3330 0.964
 4638.4326 0.964
 4638.5322 0.964
 4638.6318 0.964
 4638.7314 0.964
 4638.8311 0.964
 4638.9307 0.964
 4639.0303 0.964
 4639.1299 0.964
 4639.2295 0.964
 4639.3291 0.964
 4639.4287 0.964
 4639.5283 0.964
 4639.6279 0.964
 4639.7275 0.964
 4639.8271 0.964
 4639.9268 0.964
 4640.0264 0.964
 4640.1260 0.964
 4640.2256 0.964
 4640.3252 0.964
 4640.4248 0.964
 4640.5244 0.964
 4640.6240 0.964
 4640.7236 0.964
 4640.8232 0.963
 4640.9229 0.963
 4641.0225 0.963
 4641.1221 0.963
 4641.2217 0.963
 4641.3213 0.963
 4641.4209 0.964
 4641.5205 0.964
 4641.6201 0.964
 4641.7197 0.964
 4641.8193 0.964
 4641.9189 0.964
 4642.0186 0.964
 4642.1182 0.965
 4642.2178 0.965
 4642.3174 0.965
 4642.4170 0.965
 4642.5166 0.965
 4642.6162 0.965
 4642.7158 0.965
 4642.8154 0.965
 4642.9150 0.965
 4643.0146 0.965
 4643.1143 0.965
 4643.2139 0.965
 4643.3135 0.965
 4643.4131 0.965
 4643.5127 0.965
 4643.6123 0.965
 4643.7119 0.965
 4643.8115 0.965
 4643.9111 0.965
 4644.0107 0.965
 4644.1104 0.965
 4644.2100 0.965
 4644.3096 0.965
 4644.4092 0.965
 4644.5088 0.965
 4644.6084 0.965
 4644.7080 0.965
 4644.8076 0.965
 4644.9072 0.965
 4645.0068 0.965
 4645.1064 0.965
 4645.2061 0.965
 4645.3057 0.965
 4645.4053 0.965
 4645.5049 0.965
 4645.6045 0.965
 4645.7041 0.965
 4645.8037 0.965
 4645.9033 0.965
 4646.0029 0.965
 4646.1025 0.965
 4646.2021 0.965
 4646.3018 0.965
 4646.4014 0.965
 4646.5010 0.965
 4646.6006 0.966
 4646.7002 0.965
 4646.7998 0.965
 4646.8994 0.965
 4646.9990 0.965
 4647.0986 0.965
 4647.1982 0.965
 4647.2979 0.965
 4647.3975 0.965
 4647.4971 0.965
 4647.5967 0.964
 4647.6963 0.964
 4647.7959 0.964
 4647.8955 0.964
 4647.9951 0.965
 4648.0947 0.965
 4648.1943 0.965
 4648.2939 0.965
 4648.3936 0.965
 4648.4932 0.965
 4648.5928 0.965
 4648.6924 0.965
 4648.7920 0.965
 4648.8916 0.965
 4648.9912 0.965
 4649.0908 0.966
 4649.1904 0.966
 4649.2900 0.966
 4649.3896 0.966
 4649.4893 0.966
 4649.5889 0.966
 4649.6885 0.966
 4649.7881 0.966
 4649.8877 0.966
 4649.9873 0.966
 4650.0869 0.966
 4650.1865 0.966
 4650.2861 0.966
 4650.3857 0.966
 4650.4854 0.966
 4650.5850 0.966
 4650.6846 0.966
 4650.7842 0.966
 4650.8838 0.966
 4650.9834 0.966
 4651.0830 0.966
 4651.1826 0.966
 4651.2822 0.966
 4651.3818 0.966
 4651.4814 0.966
 4651.5811 0.966
 4651.6807 0.966
 4651.7803 0.966
 4651.8799 0.967
 4651.9795 0.967
 4652.0791 0.966
 4652.1787 0.966
 4652.2783 0.966
 4652.3779 0.966
 4652.4775 0.966
 4652.5771 0.965
 4652.6768 0.965
 4652.7764 0.965
 4652.8760 0.965
 4652.9756 0.965
 4653.0752 0.965
 4653.1748 0.965
 4653.2744 0.966
 4653.3740 0.966
 4653.4736 0.966
 4653.5732 0.966
 4653.6729 0.966
 4653.7725 0.966
 4653.8721 0.966
 4653.9717 0.966
 4654.0713 0.966
 4654.1709 0.966
 4654.2705 0.966
 4654.3701 0.966
 4654.4697 0.966
 4654.5693 0.966
 4654.6689 0.966
 4654.7686 0.966
 4654.8682 0.966
 4654.9678 0.966
 4655.0674 0.966
 4655.1670 0.966
 4655.2666 0.966
 4655.3662 0.966
 4655.4658 0.966
 4655.5654 0.966
 4655.6650 0.965
 4655.7646 0.965
 4655.8643 0.965
 4655.9639 0.966
 4656.0635 0.966
 4656.1631 0.966
 4656.2627 0.966
 4656.3623 0.966
 4656.4619 0.966
 4656.5615 0.966
 4656.6611 0.966
 4656.7607 0.966
 4656.8604 0.966
 4656.9600 0.966
 4657.0596 0.966
 4657.1592 0.966
 4657.2588 0.966
 4657.3584 0.966
 4657.4580 0.966
 4657.5576 0.966
 4657.6572 0.966
 4657.7568 0.966
 4657.8564 0.966
 4657.9561 0.966
 4658.0557 0.966
 4658.1553 0.966
 4658.2549 0.966
 4658.3545 0.966
 4658.4541 0.966
 4658.5537 0.966
 4658.6533 0.967
 4658.7529 0.967
 4658.8525 0.967
 4658.9521 0.967
 4659.0518 0.967
 4659.1514 0.967
 4659.2510 0.967
 4659.3506 0.967
 4659.4502 0.967
 4659.5498 0.967
 4659.6494 0.967
 4659.7490 0.967
 4659.8486 0.967
 4659.9482 0.967
 4660.0479 0.967
 4660.1475 0.967
 4660.2471 0.967
 4660.3467 0.967
 4660.4463 0.967
 4660.5459 0.967
 4660.6455 0.967
 4660.7451 0.967
 4660.8447 0.967
 4660.9443 0.967
 4661.0439 0.967
 4661.1436 0.967
 4661.2432 0.967
 4661.3428 0.967
 4661.4424 0.967
 4661.5420 0.967
 4661.6416 0.967
 4661.7412 0.967
 4661.8408 0.967
 4661.9404 0.967
 4662.0400 0.967
 4662.1396 0.967
 4662.2393 0.968
 4662.3389 0.968
 4662.4385 0.968
 4662.5381 0.968
 4662.6377 0.968
 4662.7373 0.968
 4662.8369 0.968
 4662.9365 0.967
 4663.0361 0.967
 4663.1357 0.967
 4663.2354 0.967
 4663.3350 0.967
 4663.4346 0.967
 4663.5342 0.967
 4663.6338 0.967
 4663.7334 0.967
 4663.8330 0.967
 4663.9326 0.967
 4664.0322 0.967
 4664.1318 0.968
 4664.2314 0.968
 4664.3311 0.968
 4664.4307 0.968
 4664.5303 0.968
 4664.6299 0.968
 4664.7295 0.968
 4664.8291 0.968
 4664.9287 0.968
 4665.0283 0.968
 4665.1279 0.968
 4665.2275 0.968
 4665.3271 0.968
 4665.4268 0.968
 4665.5264 0.968
 4665.6260 0.968
 4665.7256 0.968
 4665.8252 0.968
 4665.9248 0.968
 4666.0244 0.968
 4666.1240 0.968
 4666.2236 0.968
 4666.3232 0.968
 4666.4229 0.968
 4666.5225 0.968
 4666.6221 0.968
 4666.7217 0.968
 4666.8213 0.968
 4666.9209 0.968
 4667.0205 0.968
 4667.1201 0.968
 4667.2197 0.968
 4667.3193 0.968
 4667.4189 0.968
 4667.5186 0.968
 4667.6182 0.968
 4667.7178 0.967
 4667.8174 0.967
 4667.9170 0.967
 4668.0166 0.967
 4668.1162 0.967
 4668.2158 0.967
 4668.3154 0.967
 4668.4150 0.967
 4668.5146 0.968
 4668.6143 0.968
 4668.7139 0.968
 4668.8135 0.968
 4668.9131 0.968
 4669.0127 0.968
 4669.1123 0.968
 4669.2119 0.968
 4669.3115 0.968
 4669.4111 0.968
 4669.5107 0.968
 4669.6104 0.968
 4669.7100 0.968
 4669.8096 0.969
 4669.9092 0.969
 4670.0088 0.969
 4670.1084 0.969
 4670.2080 0.969
 4670.3076 0.969
 4670.4072 0.968
 4670.5068 0.968
 4670.6064 0.968
 4670.7061 0.968
 4670.8057 0.968
 4670.9053 0.968
 4671.0049 0.968
 4671.1045 0.968
 4671.2041 0.968
 4671.3037 0.968
 4671.4033 0.968
 4671.5029 0.968
 4671.6025 0.968
 4671.7021 0.969
 4671.8018 0.969
 4671.9014 0.969
 4672.0010 0.969
 4672.1006 0.969
 4672.2002 0.969
 4672.2998 0.969
 4672.3994 0.969
 4672.4990 0.969
 4672.5986 0.969
 4672.6982 0.969
 4672.7979 0.969
 4672.8975 0.969
 4672.9971 0.969
 4673.0967 0.968
 4673.1963 0.968
 4673.2959 0.968
 4673.3955 0.968
 4673.4951 0.968
 4673.5947 0.968
 4673.6943 0.968
 4673.7939 0.968
 4673.8936 0.968
 4673.9932 0.968
 4674.0928 0.968
 4674.1924 0.968
 4674.2920 0.968
 4674.3916 0.969
 4674.4912 0.969
 4674.5908 0.969
 4674.6904 0.969
 4674.7900 0.969
 4674.8896 0.969
 4674.9893 0.969
 4675.0889 0.969
 4675.1885 0.969
 4675.2881 0.969
 4675.3877 0.969
 4675.4873 0.969
 4675.5869 0.969
 4675.6865 0.969
 4675.7861 0.969
 4675.8857 0.969
 4675.9854 0.969
 4676.0850 0.969
 4676.1846 0.969
 4676.2842 0.969
 4676.3838 0.969
 4676.4834 0.969
 4676.5830 0.969
 4676.6826 0.969
 4676.7822 0.969
 4676.8818 0.969
 4676.9814 0.969
 4677.0811 0.969
 4677.1807 0.969
 4677.2803 0.970
 4677.3799 0.970
 4677.4795 0.970
 4677.5791 0.970
 4677.6787 0.970
 4677.7783 0.970
 4677.8779 0.970
 4677.9775 0.970
 4678.0771 0.970
 4678.1768 0.970
 4678.2764 0.970
 4678.3760 0.970
 4678.4756 0.969
 4678.5752 0.969
 4678.6748 0.969
 4678.7744 0.969
 4678.8740 0.969
 4678.9736 0.969
 4679.0732 0.969
 4679.1729 0.969
 4679.2725 0.969
 4679.3721 0.969
 4679.4717 0.969
 4679.5713 0.969
 4679.6709 0.969
 4679.7705 0.970
 4679.8701 0.970
 4679.9697 0.970
 4680.0693 0.970
 4680.1689 0.970
 4680.2686 0.970
 4680.3682 0.970
 4680.4678 0.970
 4680.5674 0.970
 4680.6670 0.970
 4680.7666 0.970
 4680.8662 0.970
 4680.9658 0.970
 4681.0654 0.970
 4681.1650 0.970
 4681.2646 0.970
 4681.3643 0.970
 4681.4639 0.970
 4681.5635 0.970
 4681.6631 0.970
 4681.7627 0.970
 4681.8623 0.970
 4681.9619 0.970
 4682.0615 0.970
 4682.1611 0.970
 4682.2607 0.970
 4682.3604 0.970
 4682.4600 0.970
 4682.5596 0.970
 4682.6592 0.970
 4682.7588 0.970
 4682.8584 0.970
 4682.9580 0.969
 4683.0576 0.969
 4683.1572 0.969
 4683.2568 0.969
 4683.3564 0.969
 4683.4561 0.969
 4683.5557 0.970
 4683.6553 0.970
 4683.7549 0.970
 4683.8545 0.970
 4683.9541 0.970
 4684.0537 0.970
 4684.1533 0.970
 4684.2529 0.970
 4684.3525 0.970
 4684.4521 0.971
 4684.5518 0.970
 4684.6514 0.970
 4684.7510 0.970
 4684.8506 0.970
 4684.9502 0.970
 4685.0498 0.970
 4685.1494 0.970
 4685.2490 0.970
 4685.3486 0.970
 4685.4482 0.970
 4685.5479 0.970
 4685.6475 0.970
 4685.7471 0.970
 4685.8467 0.970
 4685.9463 0.970
 4686.0459 0.970
 4686.1455 0.970
 4686.2451 0.970
 4686.3447 0.970
 4686.4443 0.971
 4686.5439 0.971
 4686.6436 0.971
 4686.7432 0.971
 4686.8428 0.971
 4686.9424 0.971
 4687.0420 0.971
 4687.1416 0.971
 4687.2412 0.971
 4687.3408 0.971
 4687.4404 0.971
 4687.5400 0.971
 4687.6396 0.971
 4687.7393 0.971
 4687.8389 0.971
 4687.9385 0.971
 4688.0381 0.971
 4688.1377 0.971
 4688.2373 0.971
 4688.3369 0.971
 4688.4365 0.971
 4688.5361 0.971
 4688.6357 0.971
 4688.7354 0.971
 4688.8350 0.971
 4688.9346 0.971
 4689.0342 0.971
 4689.1338 0.971
 4689.2334 0.971
 4689.3330 0.971
 4689.4326 0.971
 4689.5322 0.971
 4689.6318 0.971
 4689.7314 0.970
 4689.8311 0.970
 4689.9307 0.970
 4690.0303 0.970
 4690.1299 0.970
 4690.2295 0.970
 4690.3291 0.970
 4690.4287 0.970
 4690.5283 0.970
 4690.6279 0.970
 4690.7275 0.970
 4690.8271 0.970
 4690.9268 0.971
 4691.0264 0.971
 4691.1260 0.971
 4691.2256 0.971
 4691.3252 0.971
 4691.4248 0.971
 4691.5244 0.971
 4691.6240 0.971
 4691.7236 0.971
 4691.8232 0.971
 4691.9229 0.971
 4692.0225 0.970
 4692.1221 0.970
 4692.2217 0.970
 4692.3213 0.970
 4692.4209 0.970
 4692.5205 0.970
 4692.6201 0.970
 4692.7197 0.970
 4692.8193 0.970
 4692.9189 0.970
 4693.0186 0.970
 4693.1182 0.970
 4693.2178 0.971
 4693.3174 0.971
 4693.4170 0.971
 4693.5166 0.971
 4693.6162 0.971
 4693.7158 0.971
 4693.8154 0.971
 4693.9150 0.971
 4694.0146 0.971
 4694.1143 0.971
 4694.2139 0.971
 4694.3135 0.971
 4694.4131 0.970
 4694.5127 0.970
 4694.6123 0.970
 4694.7119 0.970
 4694.8115 0.970
 4694.9111 0.970
 4695.0107 0.971
 4695.1104 0.971
 4695.2100 0.971
 4695.3096 0.971
 4695.4092 0.971
 4695.5088 0.971
 4695.6084 0.971
 4695.7080 0.971
 4695.8076 0.971
 4695.9072 0.971
 4696.0068 0.971
 4696.1064 0.971
 4696.2061 0.971
 4696.3057 0.971
 4696.4053 0.970
 4696.5049 0.970
 4696.6045 0.970
 4696.7041 0.970
 4696.8037 0.970
 4696.9033 0.970
 4697.0029 0.970
 4697.1025 0.970
 4697.2021 0.970
 4697.3018 0.970
 4697.4014 0.971
 4697.5010 0.971
 4697.6006 0.971
 4697.7002 0.971
 4697.7998 0.972
 4697.8994 0.972
 4697.9990 0.972
 4698.0986 0.972
 4698.1982 0.972
 4698.2979 0.972
 4698.3975 0.972
 4698.4971 0.972
 4698.5967 0.972
 4698.6963 0.971
 4698.7959 0.971
 4698.8955 0.971
 4698.9951 0.971
 4699.0947 0.971
 4699.1943 0.971
 4699.2939 0.971
 4699.3936 0.971
 4699.4932 0.971
 4699.5928 0.971
 4699.6924 0.971
 4699.7920 0.971
 4699.8916 0.971
 4699.9912 0.971
 4700.0908 0.972
 4700.1904 0.972
 4700.2900 0.972
 4700.3896 0.972
 4700.4893 0.972
 4700.5889 0.972
 4700.6885 0.972
 4700.7881 0.972
 4700.8877 0.972
 4700.9873 0.972
 4701.0869 0.971
 4701.1865 0.971
 4701.2861 0.971
 4701.3857 0.971
 4701.4854 0.971
 4701.5850 0.971
 4701.6846 0.971
 4701.7842 0.971
 4701.8838 0.971
 4701.9834 0.971
 4702.0830 0.971
 4702.1826 0.971
 4702.2822 0.971
 4702.3818 0.972
 4702.4814 0.972
 4702.5811 0.972
 4702.6807 0.972
 4702.7803 0.972
 4702.8799 0.972
 4702.9795 0.972
 4703.0791 0.972
 4703.1787 0.972
 4703.2783 0.972
 4703.3779 0.972
 4703.4775 0.971
 4703.5771 0.971
 4703.6768 0.971
 4703.7764 0.971
 4703.8760 0.971
 4703.9756 0.971
 4704.0752 0.971
 4704.1748 0.971
 4704.2744 0.971
 4704.3740 0.971
 4704.4736 0.972
 4704.5732 0.972
 4704.6729 0.972
 4704.7725 0.972
 4704.8721 0.972
 4704.9717 0.972
 4705.0713 0.972
 4705.1709 0.972
 4705.2705 0.972
 4705.3701 0.972
 4705.4697 0.972
 4705.5693 0.972
 4705.6689 0.972
 4705.7686 0.972
 4705.8682 0.972
 4705.9678 0.972
 4706.0674 0.972
 4706.1670 0.972
 4706.2666 0.972
 4706.3662 0.972
 4706.4658 0.972
 4706.5654 0.972
 4706.6650 0.971
 4706.7646 0.971
 4706.8643 0.971
 4706.9639 0.971
 4707.0635 0.971
 4707.1631 0.971
 4707.2627 0.971
 4707.3623 0.972
 4707.4619 0.972
 4707.5615 0.972
 4707.6611 0.972
 4707.7607 0.972
 4707.8604 0.973
 4707.9600 0.973
 4708.0596 0.973
 4708.1592 0.973
 4708.2588 0.973
 4708.3584 0.973
 4708.4580 0.972
 4708.5576 0.972
 4708.6572 0.972
 4708.7568 0.972
 4708.8564 0.972
 4708.9561 0.972
 4709.0557 0.972
 4709.1553 0.972
 4709.2549 0.972
 4709.3545 0.972
 4709.4541 0.972
 4709.5537 0.972
 4709.6533 0.973
 4709.7529 0.973
 4709.8525 0.973
 4709.9521 0.973
 4710.0518 0.973
 4710.1514 0.973
 4710.2510 0.973
 4710.3506 0.973
 4710.4502 0.973
 4710.5498 0.973
 4710.6494 0.973
 4710.7490 0.973
 4710.8486 0.973
 4710.9482 0.973
 4711.0479 0.973
 4711.1475 0.973
 4711.2471 0.973
 4711.3467 0.973
 4711.4463 0.973
 4711.5459 0.973
 4711.6455 0.973
 4711.7451 0.973
 4711.8447 0.973
 4711.9443 0.973
 4712.0439 0.972
 4712.1436 0.972
 4712.2432 0.972
 4712.3428 0.972
 4712.4424 0.972
 4712.5420 0.972
 4712.6416 0.972
 4712.7412 0.972
 4712.8408 0.972
 4712.9404 0.972
 4713.0400 0.972
 4713.1396 0.973
 4713.2393 0.973
 4713.3389 0.973
 4713.4385 0.973
 4713.5381 0.973
 4713.6377 0.973
 4713.7373 0.973
 4713.8369 0.973
 4713.9365 0.973
 4714.0361 0.973
 4714.1357 0.973
 4714.2354 0.973
 4714.3350 0.973
 4714.4346 0.973
 4714.5342 0.973
 4714.6338 0.973
 4714.7334 0.973
 4714.8330 0.973
 4714.9326 0.973
 4715.0322 0.973
 4715.1318 0.973
 4715.2314 0.973
 4715.3311 0.973
 4715.4307 0.974
 4715.5303 0.974
 4715.6299 0.974
 4715.7295 0.973
 4715.8291 0.973
 4715.9287 0.973
 4716.0283 0.973
 4716.1279 0.973
 4716.2275 0.973
 4716.3271 0.972
 4716.4268 0.972
 4716.5264 0.973
 4716.6260 0.973
 4716.7256 0.973
 4716.8252 0.973
 4716.9248 0.973
 4717.0244 0.973
 4717.1240 0.973
 4717.2236 0.973
 4717.3232 0.973
 4717.4229 0.973
 4717.5225 0.973
 4717.6221 0.973
 4717.7217 0.973
 4717.8213 0.973
 4717.9209 0.973
 4718.0205 0.973
 4718.1201 0.973
 4718.2197 0.973
 4718.3193 0.972
 4718.4189 0.972
 4718.5186 0.972
 4718.6182 0.972
 4718.7178 0.972
 4718.8174 0.972
 4718.9170 0.972
 4719.0166 0.972
 4719.1162 0.973
 4719.2158 0.973
 4719.3154 0.973
 4719.4150 0.973
 4719.5146 0.973
 4719.6143 0.973
 4719.7139 0.974
 4719.8135 0.974
 4719.9131 0.974
 4720.0127 0.974
 4720.1123 0.974
 4720.2119 0.974
 4720.3115 0.974
 4720.4111 0.974
 4720.5107 0.974
 4720.6104 0.974
 4720.7100 0.974
 4720.8096 0.974
 4720.9092 0.974
 4721.0088 0.974
 4721.1084 0.974
 4721.2080 0.974
 4721.3076 0.974
 4721.4072 0.974
 4721.5068 0.974
 4721.6064 0.974
 4721.7061 0.974
 4721.8057 0.974
 4721.9053 0.974
 4722.0049 0.974
 4722.1045 0.974
 4722.2041 0.974
 4722.3037 0.974
 4722.4033 0.974
 4722.5029 0.974
 4722.6025 0.974
 4722.7021 0.974
 4722.8018 0.974
 4722.9014 0.974
 4723.0010 0.974
 4723.1006 0.974
 4723.2002 0.974
 4723.2998 0.974
 4723.3994 0.974
 4723.4990 0.974
 4723.5986 0.974
 4723.6982 0.974
 4723.7979 0.974
 4723.8975 0.973
 4723.9971 0.973
 4724.0967 0.973
 4724.1963 0.973
 4724.2959 0.973
 4724.3955 0.973
 4724.4951 0.973
 4724.5947 0.973
 4724.6943 0.974
 4724.7939 0.974
 4724.8936 0.974
 4724.9932 0.974
 4725.0928 0.974
 4725.1924 0.974
 4725.2920 0.974
 4725.3916 0.974
 4725.4912 0.974
 4725.5908 0.974
 4725.6904 0.974
 4725.7900 0.974
 4725.8896 0.975
 4725.9893 0.975
 4726.0889 0.975
 4726.1885 0.975
 4726.2881 0.975
 4726.3877 0.975
 4726.4873 0.975
 4726.5869 0.975
 4726.6865 0.974
 4726.7861 0.974
 4726.8857 0.974
 4726.9854 0.974
 4727.0850 0.974
 4727.1846 0.974
 4727.2842 0.974
 4727.3838 0.974
 4727.4834 0.974
 4727.5830 0.975
 4727.6826 0.975
 4727.7822 0.975
 4727.8818 0.975
 4727.9814 0.975
 4728.0811 0.975
 4728.1807 0.975
 4728.2803 0.975
 4728.3799 0.975
 4728.4795 0.975
 4728.5791 0.975
 4728.6787 0.975
 4728.7783 0.975
 4728.8779 0.975
 4728.9775 0.975
 4729.0771 0.975
 4729.1768 0.975
 4729.2764 0.975
 4729.3760 0.975
 4729.4756 0.975
 4729.5752 0.975
 4729.6748 0.975
 4729.7744 0.974
 4729.8740 0.974
 4729.9736 0.974
 4730.0732 0.974
 4730.1729 0.974
 4730.2725 0.974
 4730.3721 0.974
 4730.4717 0.974
 4730.5713 0.975
 4730.6709 0.975
 4730.7705 0.975
 4730.8701 0.975
 4730.9697 0.975
 4731.0693 0.975
 4731.1689 0.975
 4731.2686 0.975
 4731.3682 0.975
 4731.4678 0.975
 4731.5674 0.975
 4731.6670 0.975
 4731.7666 0.974
 4731.8662 0.974
 4731.9658 0.974
 4732.0654 0.974
 4732.1650 0.974
 4732.2646 0.974
 4732.3643 0.974
 4732.4639 0.975
 4732.5635 0.975
 4732.6631 0.975
 4732.7627 0.975
 4732.8623 0.975
 4732.9619 0.975
 4733.0615 0.975
 4733.1611 0.976
 4733.2607 0.976
 4733.3604 0.976
 4733.4600 0.976
 4733.5596 0.976
 4733.6592 0.976
 4733.7588 0.976
 4733.8584 0.976
 4733.9580 0.975
 4734.0576 0.975
 4734.1572 0.975
 4734.2568 0.975
 4734.3564 0.975
 4734.4561 0.975
 4734.5557 0.975
 4734.6553 0.975
 4734.7549 0.975
 4734.8545 0.976
 4734.9541 0.976
 4735.0537 0.976
 4735.1533 0.976
 4735.2529 0.976
 4735.3525 0.976
 4735.4521 0.976
 4735.5518 0.976
 4735.6514 0.976
 4735.7510 0.976
 4735.8506 0.976
 4735.9502 0.976
 4736.0498 0.976
 4736.1494 0.976
 4736.2490 0.976
 4736.3486 0.976
 4736.4482 0.976
 4736.5479 0.976
 4736.6475 0.976
 4736.7471 0.976
 4736.8467 0.976
 4736.9463 0.975
 4737.0459 0.975
 4737.1455 0.975
 4737.2451 0.975
 4737.3447 0.976
 4737.4443 0.976
 4737.5439 0.976
 4737.6436 0.976
 4737.7432 0.976
 4737.8428 0.976
 4737.9424 0.976
 4738.0420 0.976
 4738.1416 0.976
 4738.2412 0.976
 4738.3408 0.976
 4738.4404 0.976
 4738.5400 0.976
 4738.6396 0.976
 4738.7393 0.976
 4738.8389 0.977
 4738.9385 0.977
 4739.0381 0.977
 4739.1377 0.977
 4739.2373 0.977
 4739.3369 0.977
 4739.4365 0.977
 4739.5361 0.977
 4739.6357 0.977
 4739.7354 0.977
 4739.8350 0.977
 4739.9346 0.977
 4740.0342 0.977
 4740.1338 0.977
 4740.2334 0.977
 4740.3330 0.977
 4740.4326 0.977
 4740.5322 0.977
 4740.6318 0.977
 4740.7314 0.977
 4740.8311 0.977
 4740.9307 0.977
 4741.0303 0.977
 4741.1299 0.977
 4741.2295 0.977
 4741.3291 0.977
 4741.4287 0.977
 4741.5283 0.977
 4741.6279 0.977
 4741.7275 0.977
 4741.8271 0.977
 4741.9268 0.977
 4742.0264 0.977
 4742.1260 0.977
 4742.2256 0.977
 4742.3252 0.977
 4742.4248 0.977
 4742.5244 0.977
 4742.6240 0.977
 4742.7236 0.977
 4742.8232 0.977
 4742.9229 0.977
 4743.0225 0.977
 4743.1221 0.977
 4743.2217 0.977
 4743.3213 0.977
 4743.4209 0.977
 4743.5205 0.977
 4743.6201 0.977
 4743.7197 0.977
 4743.8193 0.977
 4743.9189 0.977
 4744.0186 0.977
 4744.1182 0.977
 4744.2178 0.977
 4744.3174 0.977
 4744.4170 0.977
 4744.5166 0.977
 4744.6162 0.977
 4744.7158 0.977
 4744.8154 0.976
 4744.9150 0.976
 4745.0146 0.976
 4745.1143 0.976
 4745.2139 0.976
 4745.3135 0.976
 4745.4131 0.977
 4745.5127 0.977
 4745.6123 0.977
 4745.7119 0.977
 4745.8115 0.977
 4745.9111 0.977
 4746.0107 0.977
 4746.1104 0.977
 4746.2100 0.977
 4746.3096 0.977
 4746.4092 0.977
 4746.5088 0.977
 4746.6084 0.977
 4746.7080 0.977
 4746.8076 0.977
 4746.9072 0.977
 4747.0068 0.977
 4747.1064 0.977
 4747.2061 0.977
 4747.3057 0.977
 4747.4053 0.977
 4747.5049 0.977
 4747.6045 0.977
 4747.7041 0.977
 4747.8037 0.977
 4747.9033 0.978
 4748.0029 0.978
 4748.1025 0.978
 4748.2021 0.978
 4748.3018 0.978
 4748.4014 0.978
 4748.5010 0.978
 4748.6006 0.978
 4748.7002 0.978
 4748.7998 0.978
 4748.8994 0.978
 4748.9990 0.978
 4749.0986 0.978
 4749.1982 0.978
 4749.2979 0.978
 4749.3975 0.978
 4749.4971 0.978
 4749.5967 0.978
 4749.6963 0.978
 4749.7959 0.978
 4749.8955 0.978
 4749.9951 0.978
 4750.0947 0.978
 4750.1943 0.978
 4750.2939 0.978
 4750.3936 0.978
 4750.4932 0.978
 4750.5928 0.978
 4750.6924 0.978
 4750.7920 0.978
 4750.8916 0.978
 4750.9912 0.978
 4751.0908 0.978
 4751.1904 0.978
 4751.2900 0.978
 4751.3896 0.978
 4751.4893 0.978
 4751.5889 0.978
 4751.6885 0.978
 4751.7881 0.978
 4751.8877 0.978
 4751.9873 0.978
 4752.0869 0.978
 4752.1865 0.978
 4752.2861 0.978
 4752.3857 0.977
 4752.4854 0.977
 4752.5850 0.977
 4752.6846 0.978
 4752.7842 0.978
 4752.8838 0.978
 4752.9834 0.978
 4753.0830 0.978
 4753.1826 0.978
 4753.2822 0.978
 4753.3818 0.978
 4753.4814 0.978
 4753.5811 0.978
 4753.6807 0.978
 4753.7803 0.978
 4753.8799 0.978
 4753.9795 0.978
 4754.0791 0.978
 4754.1787 0.978
 4754.2783 0.978
 4754.3779 0.978
 4754.4775 0.978
 4754.5771 0.979
 4754.6768 0.979
 4754.7764 0.979
 4754.8760 0.979
 4754.9756 0.979
 4755.0752 0.979
 4755.1748 0.979
 4755.2744 0.978
 4755.3740 0.978
 4755.4736 0.978
 4755.5732 0.978
 4755.6729 0.978
 4755.7725 0.979
 4755.8721 0.979
 4755.9717 0.979
 4756.0713 0.979
 4756.1709 0.979
 4756.2705 0.979
 4756.3701 0.979
 4756.4697 0.979
 4756.5693 0.979
 4756.6689 0.979
 4756.7686 0.979
 4756.8682 0.979
 4756.9678 0.979
 4757.0674 0.978
 4757.1670 0.978
 4757.2666 0.978
 4757.3662 0.978
 4757.4658 0.978
 4757.5654 0.978
 4757.6650 0.978
 4757.7646 0.978
 4757.8643 0.978
 4757.9639 0.978
 4758.0635 0.978
 4758.1631 0.978
 4758.2627 0.978
 4758.3623 0.978
 4758.4619 0.978
 4758.5615 0.979
 4758.6611 0.979
 4758.7607 0.979
 4758.8604 0.979
 4758.9600 0.979
 4759.0596 0.979
 4759.1592 0.979
 4759.2588 0.979
 4759.3584 0.979
 4759.4580 0.979
 4759.5576 0.979
 4759.6572 0.979
 4759.7568 0.979
 4759.8564 0.979
 4759.9561 0.979
 4760.0557 0.979
 4760.1553 0.979
 4760.2549 0.979
 4760.3545 0.979
 4760.4541 0.979
 4760.5537 0.979
 4760.6533 0.979
 4760.7529 0.979
 4760.8525 0.979
 4760.9521 0.979
 4761.0518 0.979
 4761.1514 0.979
 4761.2510 0.979
 4761.3506 0.979
 4761.4502 0.979
 4761.5498 0.979
 4761.6494 0.979
 4761.7490 0.978
 4761.8486 0.978
 4761.9482 0.978
 4762.0479 0.978
 4762.1475 0.978
 4762.2471 0.978
 4762.3467 0.978
 4762.4463 0.978
 4762.5459 0.978
 4762.6455 0.978
 4762.7451 0.978
 4762.8447 0.978
 4762.9443 0.979
 4763.0439 0.979
 4763.1436 0.979
 4763.2432 0.979
 4763.3428 0.979
 4763.4424 0.979
 4763.5420 0.979
 4763.6416 0.979
 4763.7412 0.979
 4763.8408 0.979
 4763.9404 0.979
 4764.0400 0.979
 4764.1396 0.979
 4764.2393 0.979
 4764.3389 0.979
 4764.4385 0.979
 4764.5381 0.979
 4764.6377 0.979
 4764.7373 0.979
 4764.8369 0.979
 4764.9365 0.979
 4765.0361 0.979
 4765.1357 0.979
 4765.2354 0.979
 4765.3350 0.979
 4765.4346 0.979
 4765.5342 0.980
 4765.6338 0.980
 4765.7334 0.980
 4765.8330 0.980
 4765.9326 0.980
 4766.0322 0.980
 4766.1318 0.980
 4766.2314 0.980
 4766.3311 0.980
 4766.4307 0.980
 4766.5303 0.980
 4766.6299 0.980
 4766.7295 0.980
 4766.8291 0.980
 4766.9287 0.980
 4767.0283 0.980
 4767.1279 0.980
 4767.2275 0.980
 4767.3271 0.980
 4767.4268 0.980
 4767.5264 0.980
 4767.6260 0.980
 4767.7256 0.980
 4767.8252 0.980
 4767.9248 0.980
 4768.0244 0.980
 4768.1240 0.980
 4768.2236 0.980
 4768.3232 0.979
 4768.4229 0.979
 4768.5225 0.979
 4768.6221 0.979
 4768.7217 0.979
 4768.8213 0.979
 4768.9209 0.979
 4769.0205 0.980
 4769.1201 0.980
 4769.2197 0.980
 4769.3193 0.980
 4769.4189 0.980
 4769.5186 0.980
 4769.6182 0.980
 4769.7178 0.980
 4769.8174 0.980
 4769.9170 0.980
 4770.0166 0.980
 4770.1162 0.980
 4770.2158 0.980
 4770.3154 0.980
 4770.4150 0.980
 4770.5146 0.980
 4770.6143 0.980
 4770.7139 0.980
 4770.8135 0.980
 4770.9131 0.980
 4771.0127 0.980
 4771.1123 0.980
 4771.2119 0.980
 4771.3115 0.981
 4771.4111 0.981
 4771.5107 0.981
 4771.6104 0.981
 4771.7100 0.981
 4771.8096 0.981
 4771.9092 0.981
 4772.0088 0.981
 4772.1084 0.981
 4772.2080 0.981
 4772.3076 0.981
 4772.4072 0.981
 4772.5068 0.981
 4772.6064 0.981
 4772.7061 0.981
 4772.8057 0.981
 4772.9053 0.981
 4773.0049 0.981
 4773.1045 0.981
 4773.2041 0.981
 4773.3037 0.981
 4773.4033 0.981
 4773.5029 0.981
 4773.6025 0.981
 4773.7021 0.981
 4773.8018 0.981
 4773.9014 0.981
 4774.0010 0.981
 4774.1006 0.981
 4774.2002 0.981
 4774.2998 0.981
 4774.3994 0.981
 4774.4990 0.981
 4774.5986 0.981
 4774.6982 0.981
 4774.7979 0.981
 4774.8975 0.981
 4774.9971 0.981
 4775.0967 0.981
 4775.1963 0.981
 4775.2959 0.981
 4775.3955 0.981
 4775.4951 0.981
 4775.5947 0.981
 4775.6943 0.981
 4775.7939 0.981
 4775.8936 0.981
 4775.9932 0.981
 4776.0928 0.981
 4776.1924 0.981
 4776.2920 0.981
 4776.3916 0.980
 4776.4912 0.980
 4776.5908 0.980
 4776.6904 0.980
 4776.7900 0.980
 4776.8896 0.980
 4776.9893 0.980
 4777.0889 0.981
 4777.1885 0.981
 4777.2881 0.981
 4777.3877 0.981
 4777.4873 0.981
 4777.5869 0.981
 4777.6865 0.981
 4777.7861 0.981
 4777.8857 0.981
 4777.9854 0.981
 4778.0850 0.981
 4778.1846 0.981
 4778.2842 0.981
 4778.3838 0.981
 4778.4834 0.981
 4778.5830 0.981
 4778.6826 0.980
 4778.7822 0.980
 4778.8818 0.980
 4778.9814 0.980
 4779.0811 0.981
 4779.1807 0.981
 4779.2803 0.981
 4779.3799 0.981
 4779.4795 0.981
 4779.5791 0.981
 4779.6787 0.981
 4779.7783 0.981
 4779.8779 0.981
 4779.9775 0.981
 4780.0771 0.982
 4780.1768 0.982
 4780.2764 0.981
 4780.3760 0.981
 4780.4756 0.981
 4780.5752 0.981
 4780.6748 0.981
 4780.7744 0.981
 4780.8740 0.981
 4780.9736 0.981
 4781.0732 0.981
 4781.1729 0.981
 4781.2725 0.981
 4781.3721 0.981
 4781.4717 0.981
 4781.5713 0.982
 4781.6709 0.982
 4781.7705 0.982
 4781.8701 0.982
 4781.9697 0.982
 4782.0693 0.982
 4782.1689 0.982
 4782.2686 0.982
 4782.3682 0.981
 4782.4678 0.981
 4782.5674 0.981
 4782.6670 0.981
 4782.7666 0.981
 4782.8662 0.981
 4782.9658 0.981
 4783.0654 0.981
 4783.1650 0.981
 4783.2646 0.981
 4783.3643 0.981
 4783.4639 0.981
 4783.5635 0.981
 4783.6631 0.981
 4783.7627 0.982
 4783.8623 0.982
 4783.9619 0.982
 4784.0615 0.982
 4784.1611 0.982
 4784.2607 0.982
 4784.3604 0.982
 4784.4600 0.982
 4784.5596 0.982
 4784.6592 0.982
 4784.7588 0.982
 4784.8584 0.982
 4784.9580 0.982
 4785.0576 0.982
 4785.1572 0.982
 4785.2568 0.982
 4785.3564 0.982
 4785.4561 0.982
 4785.5557 0.982
 4785.6553 0.982
 4785.7549 0.982
 4785.8545 0.982
 4785.9541 0.982
 4786.0537 0.982
 4786.1533 0.981
 4786.2529 0.981
 4786.3525 0.981
 4786.4521 0.981
 4786.5518 0.982
 4786.6514 0.982
 4786.7510 0.982
 4786.8506 0.982
 4786.9502 0.982
 4787.0498 0.982
 4787.1494 0.982
 4787.2490 0.982
 4787.3486 0.983
 4787.4482 0.983
 4787.5479 0.983
 4787.6475 0.983
 4787.7471 0.983
 4787.8467 0.983
 4787.9463 0.983
 4788.0459 0.983
 4788.1455 0.983
 4788.2451 0.983
 4788.3447 0.983
 4788.4443 0.983
 4788.5439 0.983
 4788.6436 0.983
 4788.7432 0.983
 4788.8428 0.983
 4788.9424 0.983
 4789.0420 0.983
 4789.1416 0.983
 4789.2412 0.983
 4789.3408 0.983
 4789.4404 0.982
 4789.5400 0.982
 4789.6396 0.982
 4789.7393 0.982
 4789.8389 0.982
 4789.9385 0.982
 4790.0381 0.983
 4790.1377 0.983
 4790.2373 0.983
 4790.3369 0.983
 4790.4365 0.983
 4790.5361 0.983
 4790.6357 0.983
 4790.7354 0.983
 4790.8350 0.983
 4790.9346 0.983
 4791.0342 0.983
 4791.1338 0.983
 4791.2334 0.983
 4791.3330 0.983
 4791.4326 0.983
 4791.5322 0.983
 4791.6318 0.983
 4791.7314 0.983
 4791.8311 0.983
 4791.9307 0.983
 4792.0303 0.983
 4792.1299 0.983
 4792.2295 0.983
 4792.3291 0.983
 4792.4287 0.983
 4792.5283 0.982
 4792.6279 0.982
 4792.7275 0.982
 4792.8271 0.983
 4792.9268 0.983
 4793.0264 0.983
 4793.1260 0.983
 4793.2256 0.983
 4793.3252 0.983
 4793.4248 0.983
 4793.5244 0.983
 4793.6240 0.983
 4793.7236 0.983
 4793.8232 0.983
 4793.9229 0.983
 4794.0225 0.983
 4794.1221 0.983
 4794.2217 0.983
 4794.3213 0.983
 4794.4209 0.983
 4794.5205 0.983
 4794.6201 0.983
 4794.7197 0.983
 4794.8193 0.984
 4794.9189 0.984
 4795.0186 0.984
 4795.1182 0.984
 4795.2178 0.984
 4795.3174 0.983
 4795.4170 0.983
 4795.5166 0.983
 4795.6162 0.983
 4795.7158 0.983
 4795.8154 0.983
 4795.9150 0.983
 4796.0146 0.983
 4796.1143 0.983
 4796.2139 0.983
 4796.3135 0.983
 4796.4131 0.983
 4796.5127 0.983
 4796.6123 0.983
 4796.7119 0.983
 4796.8115 0.983
 4796.9111 0.984
 4797.0107 0.984
 4797.1104 0.984
 4797.2100 0.984
 4797.3096 0.984
 4797.4092 0.984
 4797.5088 0.984
 4797.6084 0.984
 4797.7080 0.984
 4797.8076 0.984
 4797.9072 0.983
 4798.0068 0.983
 4798.1064 0.983
 4798.2061 0.983
 4798.3057 0.983
 4798.4053 0.983
 4798.5049 0.983
 4798.6045 0.983
 4798.7041 0.983
 4798.8037 0.983
 4798.9033 0.984
 4799.0029 0.984
 4799.1025 0.984
 4799.2021 0.984
 4799.3018 0.984
 4799.4014 0.984
 4799.5010 0.984
 4799.6006 0.984
 4799.7002 0.984
 4799.7998 0.984
 4799.8994 0.984
 4799.9990 0.984
 4800.0986 0.984
 4800.1982 0.984
 4800.2979 0.984
 4800.3975 0.984
 4800.4971 0.984
 4800.5967 0.984
 4800.6963 0.985
 4800.7959 0.985
 4800.8955 0.985
 4800.9951 0.985
 4801.0947 0.985
 4801.1943 0.985
 4801.2939 0.985
 4801.3936 0.985
 4801.4932 0.985
 4801.5928 0.985
 4801.6924 0.985
 4801.7920 0.985
 4801.8916 0.985
 4801.9912 0.985
 4802.0908 0.984
 4802.1904 0.984
 4802.2900 0.984
 4802.3896 0.984
 4802.4893 0.984
 4802.5889 0.984
 4802.6885 0.984
 4802.7881 0.984
 4802.8877 0.984
 4802.9873 0.984
 4803.0869 0.984
 4803.1865 0.984
 4803.2861 0.985
 4803.3857 0.985
 4803.4854 0.985
 4803.5850 0.985
 4803.6846 0.985
 4803.7842 0.985
 4803.8838 0.985
 4803.9834 0.985
 4804.0830 0.985
 4804.1826 0.985
 4804.2822 0.985
 4804.3818 0.985
 4804.4814 0.985
 4804.5811 0.985
 4804.6807 0.985
 4804.7803 0.985
 4804.8799 0.985
 4804.9795 0.985
 4805.0791 0.985
 4805.1787 0.985
 4805.2783 0.985
 4805.3779 0.985
 4805.4775 0.985
 4805.5771 0.985
 4805.6768 0.985
 4805.7764 0.985
 4805.8760 0.985
 4805.9756 0.985
 4806.0752 0.985
 4806.1748 0.985
 4806.2744 0.985
 4806.3740 0.985
 4806.4736 0.985
 4806.5732 0.985
 4806.6729 0.985
 4806.7725 0.985
 4806.8721 0.985
 4806.9717 0.985
 4807.0713 0.985
 4807.1709 0.985
 4807.2705 0.985
 4807.3701 0.985
 4807.4697 0.985
 4807.5693 0.985
 4807.6689 0.985
 4807.7686 0.985
 4807.8682 0.985
 4807.9678 0.985
 4808.0674 0.985
 4808.1670 0.985
 4808.2666 0.985
 4808.3662 0.985
 4808.4658 0.985
 4808.5654 0.985
 4808.6650 0.985
 4808.7646 0.985
 4808.8643 0.985
 4808.9639 0.985
 4809.0635 0.985
 4809.1631 0.985
 4809.2627 0.985
 4809.3623 0.985
 4809.4619 0.985
 4809.5615 0.985
 4809.6611 0.985
 4809.7607 0.985
 4809.8604 0.985
 4809.9600 0.985
 4810.0596 0.985
 4810.1592 0.985
 4810.2588 0.985
 4810.3584 0.985
 4810.4580 0.985
 4810.5576 0.985
 4810.6572 0.985
 4810.7568 0.985
 4810.8564 0.986
 4810.9561 0.986
 4811.0557 0.986
 4811.1553 0.986
 4811.2549 0.986
 4811.3545 0.986
 4811.4541 0.986
 4811.5537 0.986
 4811.6533 0.986
 4811.7529 0.986
 4811.8525 0.986
 4811.9521 0.986
 4812.0518 0.986
 4812.1514 0.986
 4812.2510 0.986
 4812.3506 0.986
 4812.4502 0.986
 4812.5498 0.986
 4812.6494 0.986
 4812.7490 0.986
 4812.8486 0.986
 4812.9482 0.986
 4813.0479 0.986
 4813.1475 0.986
 4813.2471 0.985
 4813.3467 0.985
 4813.4463 0.985
 4813.5459 0.985
 4813.6455 0.985
 4813.7451 0.985
 4813.8447 0.985
 4813.9443 0.985
 4814.0439 0.985
 4814.1436 0.985
 4814.2432 0.985
 4814.3428 0.985
 4814.4424 0.985
 4814.5420 0.985
 4814.6416 0.985
 4814.7412 0.985
 4814.8408 0.985
 4814.9404 0.985
 4815.0400 0.986
 4815.1396 0.986
 4815.2393 0.986
 4815.3389 0.986
 4815.4385 0.986
 4815.5381 0.986
 4815.6377 0.986
 4815.7373 0.986
 4815.8369 0.986
 4815.9365 0.986
 4816.0361 0.986
 4816.1357 0.986
 4816.2354 0.986
 4816.3350 0.986
 4816.4346 0.986
 4816.5342 0.986
 4816.6338 0.986
 4816.7334 0.986
 4816.8330 0.986
 4816.9326 0.986
 4817.0322 0.986
 4817.1318 0.986
 4817.2314 0.986
 4817.3311 0.986
 4817.4307 0.986
 4817.5303 0.986
 4817.6299 0.986
 4817.7295 0.987
 4817.8291 0.987
 4817.9287 0.987
 4818.0283 0.987
 4818.1279 0.987
 4818.2275 0.987
 4818.3271 0.987
 4818.4268 0.987
 4818.5264 0.987
 4818.6260 0.986
 4818.7256 0.986
 4818.8252 0.986
 4818.9248 0.986
 4819.0244 0.986
 4819.1240 0.986
 4819.2236 0.986
 4819.3232 0.986
 4819.4229 0.986
 4819.5225 0.986
 4819.6221 0.986
 4819.7217 0.986
 4819.8213 0.986
 4819.9209 0.987
 4820.0205 0.987
 4820.1201 0.987
 4820.2197 0.987
 4820.3193 0.987
 4820.4189 0.987
 4820.5186 0.987
 4820.6182 0.987
 4820.7178 0.987
 4820.8174 0.987
 4820.9170 0.987
 4821.0166 0.986
 4821.1162 0.986
 4821.2158 0.986
 4821.3154 0.986
 4821.4150 0.986
 4821.5146 0.986
 4821.6143 0.986
 4821.7139 0.986
 4821.8135 0.986
 4821.9131 0.986
 4822.0127 0.986
 4822.1123 0.986
 4822.2119 0.987
 4822.3115 0.987
 4822.4111 0.987
 4822.5107 0.987
 4822.6104 0.987
 4822.7100 0.987
 4822.8096 0.987
 4822.9092 0.987
 4823.0088 0.987
 4823.1084 0.987
 4823.2080 0.987
 4823.3076 0.987
 4823.4072 0.987
 4823.5068 0.987
 4823.6064 0.987
 4823.7061 0.987
 4823.8057 0.987
 4823.9053 0.987
 4824.0049 0.987
 4824.1045 0.987
 4824.2041 0.987
 4824.3037 0.987
 4824.4033 0.987
 4824.5029 0.986
 4824.6025 0.986
 4824.7021 0.986
 4824.8018 0.987
 4824.9014 0.987
 4825.0010 0.987
 4825.1006 0.987
 4825.2002 0.987
 4825.2998 0.987
 4825.3994 0.987
 4825.4990 0.987
 4825.5986 0.987
 4825.6982 0.987
 4825.7979 0.987
 4825.8975 0.987
 4825.9971 0.987
 4826.0967 0.987
 4826.1963 0.987
 4826.2959 0.987
 4826.3955 0.987
 4826.4951 0.987
 4826.5947 0.987
 4826.6943 0.987
 4826.7939 0.987
 4826.8936 0.987
 4826.9932 0.987
 4827.0928 0.987
 4827.1924 0.987
 4827.2920 0.987
 4827.3916 0.988
 4827.4912 0.988
 4827.5908 0.988
 4827.6904 0.988
 4827.7900 0.988
 4827.8896 0.988
 4827.9893 0.988
 4828.0889 0.988
 4828.1885 0.988
 4828.2881 0.988
 4828.3877 0.988
 4828.4873 0.988
 4828.5869 0.988
 4828.6865 0.988
 4828.7861 0.988
 4828.8857 0.988
 4828.9854 0.988
 4829.0850 0.988
 4829.1846 0.988
 4829.2842 0.988
 4829.3838 0.988
 4829.4834 0.988
 4829.5830 0.988
 4829.6826 0.988
 4829.7822 0.988
 4829.8818 0.988
 4829.9814 0.988
 4830.0811 0.988
 4830.1807 0.988
 4830.2803 0.988
 4830.3799 0.988
 4830.4795 0.988
 4830.5791 0.988
 4830.6787 0.988
 4830.7783 0.987
 4830.8779 0.987
 4830.9775 0.987
 4831.0771 0.987
 4831.1768 0.987
 4831.2764 0.987
 4831.3760 0.987
 4831.4756 0.987
 4831.5752 0.987
 4831.6748 0.987
 4831.7744 0.988
 4831.8740 0.988
 4831.9736 0.988
 4832.0732 0.988
 4832.1729 0.988
 4832.2725 0.988
 4832.3721 0.988
 4832.4717 0.988
 4832.5713 0.988
 4832.6709 0.988
 4832.7705 0.988
 4832.8701 0.988
 4832.9697 0.988
 4833.0693 0.988
 4833.1689 0.988
 4833.2686 0.988
 4833.3682 0.988
 4833.4678 0.988
 4833.5674 0.988
 4833.6670 0.988
 4833.7666 0.987
 4833.8662 0.987
 4833.9658 0.987
 4834.0654 0.988
 4834.1650 0.988
 4834.2646 0.988
 4834.3643 0.988
 4834.4639 0.988
 4834.5635 0.988
 4834.6631 0.988
 4834.7627 0.988
 4834.8623 0.988
 4834.9619 0.988
 4835.0615 0.988
 4835.1611 0.989
 4835.2607 0.989
 4835.3604 0.989
 4835.4600 0.989
 4835.5596 0.989
 4835.6592 0.989
 4835.7588 0.989
 4835.8584 0.989
 4835.9580 0.989
 4836.0576 0.989
 4836.1572 0.989
 4836.2568 0.989
 4836.3564 0.989
 4836.4561 0.989
 4836.5557 0.989
 4836.6553 0.988
 4836.7549 0.988
 4836.8545 0.988
 4836.9541 0.988
 4837.0537 0.988
 4837.1533 0.988
 4837.2529 0.988
 4837.3525 0.988
 4837.4521 0.988
 4837.5518 0.988
 4837.6514 0.988
 4837.7510 0.988
 4837.8506 0.988
 4837.9502 0.988
 4838.0498 0.989
 4838.1494 0.989
 4838.2490 0.989
 4838.3486 0.989
 4838.4482 0.989
 4838.5479 0.989
 4838.6475 0.989
 4838.7471 0.989
 4838.8467 0.989
 4838.9463 0.989
 4839.0459 0.989
 4839.1455 0.989
 4839.2451 0.989
 4839.3447 0.989
 4839.4443 0.988
 4839.5439 0.988
 4839.6436 0.988
 4839.7432 0.988
 4839.8428 0.988
 4839.9424 0.988
 4840.0420 0.988
 4840.1416 0.988
 4840.2412 0.988
 4840.3408 0.988
 4840.4404 0.988
 4840.5400 0.988
 4840.6396 0.988
 4840.7393 0.988
 4840.8389 0.989
 4840.9385 0.989
 4841.0381 0.989
 4841.1377 0.989
 4841.2373 0.989
 4841.3369 0.989
 4841.4365 0.989
 4841.5361 0.989
 4841.6357 0.988
 4841.7354 0.988
 4841.8350 0.988
 4841.9346 0.988
 4842.0342 0.988
 4842.1338 0.988
 4842.2334 0.988
 4842.3330 0.988
 4842.4326 0.988
 4842.5322 0.988
 4842.6318 0.988
 4842.7314 0.989
 4842.8311 0.989
 4842.9307 0.989
 4843.0303 0.989
 4843.1299 0.989
 4843.2295 0.989
 4843.3291 0.989
 4843.4287 0.989
 4843.5283 0.989
 4843.6279 0.989
 4843.7275 0.989
 4843.8271 0.989
 4843.9268 0.989
 4844.0264 0.989
 4844.1260 0.989
 4844.2256 0.989
 4844.3252 0.989
 4844.4248 0.989
 4844.5244 0.989
 4844.6240 0.989
 4844.7236 0.989
 4844.8232 0.989
 4844.9229 0.990
 4845.0225 0.990
 4845.1221 0.990
 4845.2217 0.990
 4845.3213 0.990
 4845.4209 0.990
 4845.5205 0.990
 4845.6201 0.990
 4845.7197 0.990
 4845.8193 0.990
 4845.9189 0.990
 4846.0186 0.990
 4846.1182 0.990
 4846.2178 0.990
 4846.3174 0.990
 4846.4170 0.990
 4846.5166 0.990
 4846.6162 0.990
 4846.7158 0.990
 4846.8154 0.990
 4846.9150 0.989
 4847.0146 0.989
 4847.1143 0.989
 4847.2139 0.989
 4847.3135 0.989
 4847.4131 0.989
 4847.5127 0.989
 4847.6123 0.989
 4847.7119 0.990
 4847.8115 0.990
 4847.9111 0.990
 4848.0107 0.990
 4848.1104 0.990
 4848.2100 0.990
 4848.3096 0.990
 4848.4092 0.990
 4848.5088 0.990
 4848.6084 0.990
 4848.7080 0.990
 4848.8076 0.990
 4848.9072 0.990
 4849.0068 0.990
 4849.1064 0.990
 4849.2061 0.990
 4849.3057 0.990
 4849.4053 0.990
 4849.5049 0.989
 4849.6045 0.989
 4849.7041 0.989
 4849.8037 0.989
 4849.9033 0.989
 4850.0029 0.989
 4850.1025 0.989
 4850.2021 0.989
 4850.3018 0.989
 4850.4014 0.989
 4850.5010 0.989
 4850.6006 0.990
 4850.7002 0.990
 4850.7998 0.990
 4850.8994 0.990
 4850.9990 0.990
 4851.0986 0.990
 4851.1982 0.990
 4851.2979 0.990
 4851.3975 0.990
 4851.4971 0.990
 4851.5967 0.990
 4851.6963 0.990
 4851.7959 0.990
 4851.8955 0.990
 4851.9951 0.990
 4852.0947 0.990
 4852.1943 0.990
 4852.2939 0.990
 4852.3936 0.990
 4852.4932 0.990
 4852.5928 0.990
 4852.6924 0.991
 4852.7920 0.991
 4852.8916 0.991
 4852.9912 0.991
 4853.0908 0.991
 4853.1904 0.991
 4853.2900 0.991
 4853.3896 0.991
 4853.4893 0.991
 4853.5889 0.991
 4853.6885 0.991
 4853.7881 0.990
 4853.8877 0.990
 4853.9873 0.990
 4854.0869 0.990
 4854.1865 0.990
 4854.2861 0.990
 4854.3857 0.990
 4854.4854 0.990
 4854.5850 0.990
 4854.6846 0.990
 4854.7842 0.991
 4854.8838 0.991
 4854.9834 0.991
 4855.0830 0.991
 4855.1826 0.991
 4855.2822 0.991
 4855.3818 0.991
 4855.4814 0.991
 4855.5811 0.991
 4855.6807 0.991
 4855.7803 0.991
 4855.8799 0.991
 4855.9795 0.991
 4856.0791 0.991
 4856.1787 0.991
 4856.2783 0.990
 4856.3779 0.990
 4856.4775 0.990
 4856.5771 0.990
 4856.6768 0.990
 4856.7764 0.990
 4856.8760 0.991
 4856.9756 0.991
 4857.0752 0.991
 4857.1748 0.991
 4857.2744 0.991
 4857.3740 0.991
 4857.4736 0.991
 4857.5732 0.991
 4857.6729 0.991
 4857.7725 0.990
 4857.8721 0.990
 4857.9717 0.990
 4858.0713 0.990
 4858.1709 0.990
 4858.2705 0.990
 4858.3701 0.990
 4858.4697 0.990
 4858.5693 0.991
 4858.6689 0.991
 4858.7686 0.991
 4858.8682 0.991
 4858.9678 0.991
 4859.0674 0.991
 4859.1670 0.991
 4859.2666 0.991
 4859.3662 0.991
 4859.4658 0.991
 4859.5654 0.991
 4859.6650 0.991
 4859.7646 0.991
 4859.8643 0.991
 4859.9639 0.991
 4860.0635 0.991
 4860.1631 0.991
 4860.2627 0.991
 4860.3623 0.991
 4860.4619 0.991
 4860.5615 0.991
 4860.6611 0.991
 4860.7607 0.991
 4860.8604 0.991
 4860.9600 0.991
 4861.0596 0.991
 4861.1592 0.992
 4861.2588 0.992
 4861.3584 0.992
 4861.4580 0.992
 4861.5576 0.992
 4861.6572 0.991
 4861.7568 0.991
 4861.8564 0.991
 4861.9561 0.991
 4862.0557 0.991
 4862.1553 0.991
 4862.2549 0.991
 4862.3545 0.991
 4862.4541 0.991
 4862.5537 0.991
 4862.6533 0.991
 4862.7529 0.991
 4862.8525 0.991
 4862.9521 0.991
 4863.0518 0.992
 4863.1514 0.992
 4863.2510 0.992
 4863.3506 0.992
 4863.4502 0.992
 4863.5498 0.992
 4863.6494 0.992
 4863.7490 0.992
 4863.8486 0.992
 4863.9482 0.992
 4864.0479 0.992
 4864.1475 0.992
 4864.2471 0.992
 4864.3467 0.992
 4864.4463 0.992
 4864.5459 0.992
 4864.6455 0.992
 4864.7451 0.992
 4864.8447 0.992
 4864.9443 0.992
 4865.0439 0.992
 4865.1436 0.992
 4865.2432 0.992
 4865.3428 0.992
 4865.4424 0.992
 4865.5420 0.992
 4865.6416 0.992
 4865.7412 0.992
 4865.8408 0.992
 4865.9404 0.992
 4866.0400 0.992
 4866.1396 0.992
 4866.2393 0.992
 4866.3389 0.992
 4866.4385 0.992
 4866.5381 0.992
 4866.6377 0.992
 4866.7373 0.992
 4866.8369 0.992
 4866.9365 0.992
 4867.0361 0.992
 4867.1357 0.992
 4867.2354 0.992
 4867.3350 0.992
 4867.4346 0.992
 4867.5342 0.992
 4867.6338 0.992
 4867.7334 0.992
 4867.8330 0.992
 4867.9326 0.992
 4868.0322 0.992
 4868.1318 0.992
 4868.2314 0.992
 4868.3311 0.992
 4868.4307 0.992
 4868.5303 0.992
 4868.6299 0.992
 4868.7295 0.992
 4868.8291 0.992
 4868.9287 0.992
 4869.0283 0.992
 4869.1279 0.992
 4869.2275 0.992
 4869.3271 0.992
 4869.4268 0.992
 4869.5264 0.992
 4869.6260 0.992
 4869.7256 0.992
 4869.8252 0.992
 4869.9248 0.992
 4870.0244 0.992
 4870.1240 0.992
 4870.2236 0.992
 4870.3232 0.992
 4870.4229 0.992
 4870.5225 0.992
 4870.6221 0.992
 4870.7217 0.992
 4870.8213 0.992
 4870.9209 0.992
 4871.0205 0.992
 4871.1201 0.993
 4871.2197 0.993
 4871.3193 0.993
 4871.4189 0.993
 4871.5186 0.993
 4871.6182 0.993
 4871.7178 0.993
 4871.8174 0.993
 4871.9170 0.993
 4872.0166 0.993
 4872.1162 0.993
 4872.2158 0.993
 4872.3154 0.993
 4872.4150 0.993
 4872.5146 0.993
 4872.6143 0.993
 4872.7139 0.993
 4872.8135 0.993
 4872.9131 0.993
 4873.0127 0.993
 4873.1123 0.992
 4873.2119 0.992
 4873.3115 0.992
 4873.4111 0.992
 4873.5107 0.992
 4873.6104 0.992
 4873.7100 0.992
 4873.8096 0.992
 4873.9092 0.992
 4874.0088 0.992
 4874.1084 0.992
 4874.2080 0.992
 4874.3076 0.993
 4874.4072 0.993
 4874.5068 0.993
 4874.6064 0.993
 4874.7061 0.993
 4874.8057 0.993
 4874.9053 0.993
 4875.0049 0.993
 4875.1045 0.993
 4875.2041 0.993
 4875.3037 0.993
 4875.4033 0.993
 4875.5029 0.993
 4875.6025 0.993
 4875.7021 0.993
 4875.8018 0.993
 4875.9014 0.993
 4876.0010 0.993
 4876.1006 0.993
 4876.2002 0.993
 4876.2998 0.993
 4876.3994 0.993
 4876.4990 0.993
 4876.5986 0.993
 4876.6982 0.993
 4876.7979 0.993
 4876.8975 0.993
 4876.9971 0.993
 4877.0967 0.993
 4877.1963 0.993
 4877.2959 0.993
 4877.3955 0.993
 4877.4951 0.993
 4877.5947 0.993
 4877.6943 0.993
 4877.7939 0.993
 4877.8936 0.993
 4877.9932 0.993
 4878.0928 0.993
 4878.1924 0.993
 4878.2920 0.993
 4878.3916 0.993
 4878.4912 0.993
 4878.5908 0.993
 4878.6904 0.993
 4878.7900 0.993
 4878.8896 0.993
 4878.9893 0.993
 4879.0889 0.993
 4879.1885 0.993
 4879.2881 0.993
 4879.3877 0.993
 4879.4873 0.993
 4879.5869 0.993
 4879.6865 0.994
 4879.7861 0.993
 4879.8857 0.994
 4879.9854 0.994
 4880.0850 0.994
 4880.1846 0.994
 4880.2842 0.994
 4880.3838 0.994
 4880.4834 0.993
 4880.5830 0.993
 4880.6826 0.993
 4880.7822 0.993
 4880.8818 0.993
 4880.9814 0.993
 4881.0811 0.993
 4881.1807 0.993
 4881.2803 0.993
 4881.3799 0.993
 4881.4795 0.993
 4881.5791 0.993
 4881.6787 0.993
 4881.7783 0.993
 4881.8779 0.993
 4881.9775 0.993
 4882.0771 0.993
 4882.1768 0.993
 4882.2764 0.993
 4882.3760 0.994
 4882.4756 0.994
 4882.5752 0.994
 4882.6748 0.994
 4882.7744 0.994
 4882.8740 0.993
 4882.9736 0.993
 4883.0732 0.993
 4883.1729 0.993
 4883.2725 0.993
 4883.3721 0.993
 4883.4717 0.993
 4883.5713 0.993
 4883.6709 0.993
 4883.7705 0.994
 4883.8701 0.994
 4883.9697 0.994
 4884.0693 0.994
 4884.1689 0.994
 4884.2686 0.994
 4884.3682 0.994
 4884.4678 0.994
 4884.5674 0.994
 4884.6670 0.994
 4884.7666 0.994
 4884.8662 0.994
 4884.9658 0.994
 4885.0654 0.994
 4885.1650 0.994
 4885.2646 0.993
 4885.3643 0.993
 4885.4639 0.993
 4885.5635 0.993
 4885.6631 0.993
 4885.7627 0.993
 4885.8623 0.993
 4885.9619 0.993
 4886.0615 0.994
 4886.1611 0.994
 4886.2607 0.994
 4886.3604 0.994
 4886.4600 0.994
 4886.5596 0.994
 4886.6592 0.994
 4886.7588 0.994
 4886.8584 0.994
 4886.9580 0.994
 4887.0576 0.994
 4887.1572 0.994
 4887.2568 0.993
 4887.3564 0.993
 4887.4561 0.993
 4887.5557 0.993
 4887.6553 0.994
 4887.7549 0.994
 4887.8545 0.994
 4887.9541 0.994
 4888.0537 0.994
 4888.1533 0.994
 4888.2529 0.994
 4888.3525 0.994
 4888.4521 0.994
 4888.5518 0.994
 4888.6514 0.994
 4888.7510 0.994
 4888.8506 0.994
 4888.9502 0.994
 4889.0498 0.994
 4889.1494 0.994
 4889.2490 0.994
 4889.3486 0.994
 4889.4482 0.993
 4889.5479 0.993
 4889.6475 0.993
 4889.7471 0.993
 4889.8467 0.993
 4889.9463 0.993
 4890.0459 0.993
 4890.1455 0.993
 4890.2451 0.993
 4890.3447 0.993
 4890.4443 0.993
 4890.5439 0.993
 4890.6436 0.994
 4890.7432 0.994
 4890.8428 0.994
 4890.9424 0.994
 4891.0420 0.994
 4891.1416 0.994
 4891.2412 0.994
 4891.3408 0.994
 4891.4404 0.994
 4891.5400 0.994
 4891.6396 0.994
 4891.7393 0.994
 4891.8389 0.994
 4891.9385 0.994
 4892.0381 0.994
 4892.1377 0.994
 4892.2373 0.994
 4892.3369 0.994
 4892.4365 0.994
 4892.5361 0.994
 4892.6357 0.994
 4892.7354 0.994
 4892.8350 0.994
 4892.9346 0.993
 4893.0342 0.993
 4893.1338 0.993
 4893.2334 0.993
 4893.3330 0.993
 4893.4326 0.993
 4893.5322 0.993
 4893.6318 0.993
 4893.7314 0.994
 4893.8311 0.994
 4893.9307 0.994
 4894.0303 0.994
 4894.1299 0.994
 4894.2295 0.994
 4894.3291 0.994
 4894.4287 0.994
 4894.5283 0.994
 4894.6279 0.994
 4894.7275 0.994
 4894.8271 0.994
 4894.9268 0.994
 4895.0264 0.994
 4895.1260 0.994
 4895.2256 0.994
 4895.3252 0.994
 4895.4248 0.994
 4895.5244 0.993
 4895.6240 0.993
 4895.7236 0.993
 4895.8232 0.993
 4895.9229 0.993
 4896.0225 0.993
 4896.1221 0.993
 4896.2217 0.993
 4896.3213 0.993
 4896.4209 0.993
 4896.5205 0.993
 4896.6201 0.994
 4896.7197 0.994
 4896.8193 0.994
 4896.9189 0.994
 4897.0186 0.994
 4897.1182 0.994
 4897.2178 0.994
 4897.3174 0.994
 4897.4170 0.994
 4897.5166 0.994
 4897.6162 0.994
 4897.7158 0.994
 4897.8154 0.994
 4897.9150 0.994
 4898.0146 0.994
 4898.1143 0.994
 4898.2139 0.994
 4898.3135 0.994
 4898.4131 0.994
 4898.5127 0.994
 4898.6123 0.994
 4898.7119 0.994
 4898.8115 0.994
 4898.9111 0.994
 4899.0107 0.994
 4899.1104 0.994
 4899.2100 0.994
 4899.3096 0.994
 4899.4092 0.994
 4899.5088 0.994
 4899.6084 0.994
 4899.7080 0.994
 4899.8076 0.994
 4899.9072 0.993
 4900.0068 0.993
 4900.1064 0.993
 4900.2061 0.993
 4900.3057 0.993
 4900.4053 0.993
 4900.5049 0.993
 4900.6045 0.993
 4900.7041 0.993
 4900.8037 0.994
 4900.9033 0.994
 4901.0029 0.994
 4901.1025 0.994
 4901.2021 0.994
 4901.3018 0.994
 4901.4014 0.994
 4901.5010 0.994
 4901.6006 0.994
 4901.7002 0.994
 4901.7998 0.994
 4901.8994 0.994
 4901.9990 0.994
 4902.0986 0.994
 4902.1982 0.994
 4902.2979 0.994
 4902.3975 0.994
 4902.4971 0.994
 4902.5967 0.994
 4902.6963 0.994
 4902.7959 0.994
 4902.8955 0.994
 4902.9951 0.994
 4903.0947 0.994
 4903.1943 0.994
 4903.2939 0.994
 4903.3936 0.993
 4903.4932 0.993
 4903.5928 0.993
 4903.6924 0.993
 4903.7920 0.993
 4903.8916 0.993
 4903.9912 0.993
 4904.0908 0.994
 4904.1904 0.994
 4904.2900 0.994
 4904.3896 0.994
 4904.4893 0.994
 4904.5889 0.994
 4904.6885 0.994
 4904.7881 0.994
 4904.8877 0.994
 4904.9873 0.994
 4905.0869 0.994
 4905.1865 0.994
 4905.2861 0.994
 4905.3857 0.993
 4905.4854 0.993
 4905.5850 0.993
 4905.6846 0.993
 4905.7842 0.993
 4905.8838 0.993
 4905.9834 0.993
 4906.0830 0.994
 4906.1826 0.994
 4906.2822 0.994
 4906.3818 0.994
 4906.4814 0.994
 4906.5811 0.994
 4906.6807 0.994
 4906.7803 0.994
 4906.8799 0.994
 4906.9795 0.994
 4907.0791 0.994
 4907.1787 0.994
 4907.2783 0.994
 4907.3779 0.994
 4907.4775 0.995
 4907.5771 0.995
 4907.6768 0.995
 4907.7764 0.995
 4907.8760 0.995
 4907.9756 0.995
 4908.0752 0.995
 4908.1748 0.995
 4908.2744 0.995
 4908.3740 0.995
 4908.4736 0.995
 4908.5732 0.995
 4908.6729 0.995
 4908.7725 0.994
 4908.8721 0.994
 4908.9717 0.994
 4909.0713 0.994
 4909.1709 0.994
 4909.2705 0.994
 4909.3701 0.994
 4909.4697 0.994
 4909.5693 0.994
 4909.6689 0.994
 4909.7686 0.994
 4909.8682 0.994
 4909.9678 0.994
 4910.0674 0.994
 4910.1670 0.994
 4910.2666 0.994
 4910.3662 0.994
 4910.4658 0.994
 4910.5654 0.994
 4910.6650 0.994
 4910.7646 0.994
 4910.8643 0.994
 4910.9639 0.994
 4911.0635 0.994
 4911.1631 0.994
 4911.2627 0.994
 4911.3623 0.994
 4911.4619 0.994
 4911.5615 0.994
 4911.6611 0.994
 4911.7607 0.994
 4911.8604 0.994
 4911.9600 0.994
 4912.0596 0.994
 4912.1592 0.994
 4912.2588 0.994
 4912.3584 0.994
 4912.4580 0.995
 4912.5576 0.995
 4912.6572 0.995
 4912.7568 0.995
 4912.8564 0.995
 4912.9561 0.995
 4913.0557 0.995
 4913.1553 0.995
 4913.2549 0.995
 4913.3545 0.995
 4913.4541 0.995
 4913.5537 0.995
 4913.6533 0.995
 4913.7529 0.995
 4913.8525 0.995
 4913.9521 0.995
 4914.0518 0.995
 4914.1514 0.995
 4914.2510 0.995
 4914.3506 0.995
 4914.4502 0.995
 4914.5498 0.995
 4914.6494 0.995
 4914.7490 0.995
 4914.8486 0.995
 4914.9482 0.995
 4915.0479 0.995
 4915.1475 0.995
 4915.2471 0.995
 4915.3467 0.995
 4915.4463 0.995
 4915.5459 0.995
 4915.6455 0.995
 4915.7451 0.995
 4915.8447 0.995
 4915.9443 0.995
 4916.0439 0.995
 4916.1436 0.995
 4916.2432 0.995
 4916.3428 0.995
 4916.4424 0.994
 4916.5420 0.994
 4916.6416 0.994
 4916.7412 0.994
 4916.8408 0.994
 4916.9404 0.994
 4917.0400 0.994
 4917.1396 0.994
 4917.2393 0.994
 4917.3389 0.994
 4917.4385 0.994
 4917.5381 0.994
 4917.6377 0.994
 4917.7373 0.994
 4917.8369 0.994
 4917.9365 0.995
 4918.0361 0.995
 4918.1357 0.995
 4918.2354 0.995
 4918.3350 0.995
 4918.4346 0.995
 4918.5342 0.995
 4918.6338 0.995
 4918.7334 0.995
 4918.8330 0.995
 4918.9326 0.995
 4919.0322 0.994
 4919.1318 0.994
 4919.2314 0.994
 4919.3311 0.994
 4919.4307 0.994
 4919.5303 0.994
 4919.6299 0.994
 4919.7295 0.994
 4919.8291 0.994
 4919.9287 0.994
 4920.0283 0.994
 4920.1279 0.995
 4920.2275 0.995
 4920.3271 0.995
 4920.4268 0.995
 4920.5264 0.995
 4920.6260 0.995
 4920.7256 0.995
 4920.8252 0.995
 4920.9248 0.995
 4921.0244 0.995
 4921.1240 0.995
 4921.2236 0.995
 4921.3232 0.995
 4921.4229 0.995
 4921.5225 0.995
 4921.6221 0.995
 4921.7217 0.995
 4921.8213 0.995
 4921.9209 0.995
 4922.0205 0.995
 4922.1201 0.995
 4922.2197 0.995
 4922.3193 0.995
 4922.4189 0.995
 4922.5186 0.995
 4922.6182 0.995
 4922.7178 0.996
 4922.8174 0.996
 4922.9170 0.996
 4923.0166 0.996
 4923.1162 0.996
 4923.2158 0.996
 4923.3154 0.996
 4923.4150 0.995
 4923.5146 0.995
 4923.6143 0.995
 4923.7139 0.995
 4923.8135 0.995
 4923.9131 0.995
 4924.0127 0.995
 4924.1123 0.995
 4924.2119 0.995
 4924.3115 0.995
 4924.4111 0.995
 4924.5107 0.995
 4924.6104 0.995
 4924.7100 0.995
 4924.8096 0.995
 4924.9092 0.995
 4925.0088 0.995
 4925.1084 0.995
 4925.2080 0.995
 4925.3076 0.995
 4925.4072 0.995
 4925.5068 0.995
 4925.6064 0.995
 4925.7061 0.995
 4925.8057 0.996
 4925.9053 0.996
 4926.0049 0.996
 4926.1045 0.996
 4926.2041 0.996
 4926.3037 0.996
 4926.4033 0.996
 4926.5029 0.995
 4926.6025 0.995
 4926.7021 0.995
 4926.8018 0.995
 4926.9014 0.995
 4927.0010 0.995
 4927.1006 0.995
 4927.2002 0.995
 4927.2998 0.995
 4927.3994 0.995
 4927.4990 0.995
 4927.5986 0.995
 4927.6982 0.996
 4927.7979 0.996
 4927.8975 0.996
 4927.9971 0.996
 4928.0967 0.996
 4928.1963 0.996
 4928.2959 0.996
 4928.3955 0.996
 4928.4951 0.996
 4928.5947 0.996
 4928.6943 0.995
 4928.7939 0.995
 4928.8936 0.995
 4928.9932 0.995
 4929.0928 0.995
 4929.1924 0.995
 4929.2920 0.995
 4929.3916 0.995
 4929.4912 0.995
 4929.5908 0.995
 4929.6904 0.995
 4929.7900 0.995
 4929.8896 0.995
 4929.9893 0.995
 4930.0889 0.995
 4930.1885 0.995
 4930.2881 0.996
 4930.3877 0.995
 4930.4873 0.995
 4930.5869 0.995
 4930.6865 0.995
 4930.7861 0.996
 4930.8857 0.996
 4930.9854 0.996
 4931.0850 0.996
 4931.1846 0.996
 4931.2842 0.996
 4931.3838 0.996
 4931.4834 0.996
 4931.5830 0.996
 4931.6826 0.996
 4931.7822 0.995
 4931.8818 0.995
 4931.9814 0.995
 4932.0811 0.995
 4932.1807 0.995
 4932.2803 0.995
 4932.3799 0.995
 4932.4795 0.995
 4932.5791 0.995
 4932.6787 0.996
 4932.7783 0.996
 4932.8779 0.996
 4932.9775 0.996
 4933.0771 0.996
 4933.1768 0.996
 4933.2764 0.996
 4933.3760 0.996
 4933.4756 0.996
 4933.5752 0.996
 4933.6748 0.996
 4933.7744 0.996
 4933.8740 0.995
 4933.9736 0.995
 4934.0732 0.995
 4934.1729 0.995
 4934.2725 0.995
 4934.3721 0.995
 4934.4717 0.995
 4934.5713 0.995
 4934.6709 0.995
 4934.7705 0.995
 4934.8701 0.995
 4934.9697 0.995
 4935.0693 0.996
 4935.1689 0.996
 4935.2686 0.996
 4935.3682 0.996
 4935.4678 0.996
 4935.5674 0.996
 4935.6670 0.996
 4935.7666 0.996
 4935.8662 0.996
 4935.9658 0.996
 4936.0654 0.996
 4936.1650 0.996
 4936.2646 0.996
 4936.3643 0.995
 4936.4639 0.995
 4936.5635 0.995
 4936.6631 0.995
 4936.7627 0.995
 4936.8623 0.995
 4936.9619 0.995
 4937.0615 0.996
 4937.1611 0.996
 4937.2607 0.996
 4937.3604 0.996
 4937.4600 0.996
 4937.5596 0.996
 4937.6592 0.996
 4937.7588 0.996
 4937.8584 0.996
 4937.9580 0.996
 4938.0576 0.996
 4938.1572 0.996
 4938.2568 0.996
 4938.3564 0.996
 4938.4561 0.996
 4938.5557 0.996
 4938.6553 0.996
 4938.7549 0.997
 4938.8545 0.997
 4938.9541 0.997
 4939.0537 0.997
 4939.1533 0.997
 4939.2529 0.997
 4939.3525 0.997
 4939.4521 0.997
 4939.5518 0.997
 4939.6514 0.997
 4939.7510 0.997
 4939.8506 0.997
 4939.9502 0.997
 4940.0498 0.997
 4940.1494 0.997
 4940.2490 0.997
 4940.3486 0.997
 4940.4482 0.997
 4940.5479 0.997
 4940.6475 0.997
 4940.7471 0.997
 4940.8467 0.997
 4940.9463 0.997
 4941.0459 0.997
 4941.1455 0.997
 4941.2451 0.997
 4941.3447 0.997
 4941.4443 0.996
 4941.5439 0.996
 4941.6436 0.996
 4941.7432 0.996
 4941.8428 0.996
 4941.9424 0.996
 4942.0420 0.996
 4942.1416 0.996
 4942.2412 0.996
 4942.3408 0.996
 4942.4404 0.996
 4942.5400 0.996
 4942.6396 0.996
 4942.7393 0.997
 4942.8389 0.997
 4942.9385 0.997
 4943.0381 0.997
 4943.1377 0.997
 4943.2373 0.997
 4943.3369 0.997
 4943.4365 0.997
 4943.5361 0.997
 4943.6357 0.997
 4943.7354 0.997
 4943.8350 0.997
 4943.9346 0.997
 4944.0342 0.997
 4944.1338 0.997
 4944.2334 0.997
 4944.3330 0.997
 4944.4326 0.997
 4944.5322 0.997
 4944.6318 0.997
 4944.7314 0.997
 4944.8311 0.997
 4944.9307 0.997
 4945.0303 0.997
 4945.1299 0.997
 4945.2295 0.997
 4945.3291 0.997
 4945.4287 0.997
 4945.5283 0.997
 4945.6279 0.997
 4945.7275 0.997
 4945.8271 0.997
 4945.9268 0.996
 4946.0264 0.996
 4946.1260 0.996
 4946.2256 0.996
 4946.3252 0.996
 4946.4248 0.996
 4946.5244 0.996
 4946.6240 0.996
 4946.7236 0.997
 4946.8232 0.997
 4946.9229 0.997
 4947.0225 0.997
 4947.1221 0.997
 4947.2217 0.997
 4947.3213 0.997
 4947.4209 0.997
 4947.5205 0.997
 4947.6201 0.997
 4947.7197 0.997
 4947.8193 0.997
 4947.9189 0.997
 4948.0186 0.997
 4948.1182 0.997
 4948.2178 0.997
 4948.3174 0.997
 4948.4170 0.997
 4948.5166 0.997
 4948.6162 0.997
 4948.7158 0.997
 4948.8154 0.997
 4948.9150 0.997
 4949.0146 0.997
 4949.1143 0.997
 4949.2139 0.997
 4949.3135 0.997
 4949.4131 0.997
 4949.5127 0.997
 4949.6123 0.997
 4949.7119 0.997
 4949.8115 0.997
 4949.9111 0.997
 4950.0107 0.997
 4950.1104 0.997
 4950.2100 0.998
 4950.3096 0.997
 4950.4092 0.997
 4950.5088 0.997
 4950.6084 0.997
 4950.7080 0.997
 4950.8076 0.997
 4950.9072 0.997
 4951.0068 0.997
 4951.1064 0.997
 4951.2061 0.997
 4951.3057 0.997
 4951.4053 0.997
 4951.5049 0.997
 4951.6045 0.997
 4951.7041 0.997
 4951.8037 0.997
 4951.9033 0.997
 4952.0029 0.997
 4952.1025 0.997
 4952.2021 0.997
 4952.3018 0.997
 4952.4014 0.997
 4952.5010 0.997
 4952.6006 0.997
 4952.7002 0.997
 4952.7998 0.997
 4952.8994 0.998
 4952.9990 0.998
 4953.0986 0.998
 4953.1982 0.998
 4953.2979 0.998
 4953.3975 0.998
 4953.4971 0.998
 4953.5967 0.998
 4953.6963 0.998
 4953.7959 0.998
 4953.8955 0.998
 4953.9951 0.998
 4954.0947 0.998
 4954.1943 0.998
 4954.2939 0.998
 4954.3936 0.998
 4954.4932 0.998
 4954.5928 0.998
 4954.6924 0.998
 4954.7920 0.998
 4954.8916 0.998
 4954.9912 0.998
 4955.0908 0.998
 4955.1904 0.998
 4955.2900 0.998
 4955.3896 0.998
 4955.4893 0.998
 4955.5889 0.998
 4955.6885 0.998
 4955.7881 0.998
 4955.8877 0.998
 4955.9873 0.998
 4956.0869 0.998
 4956.1865 0.998
 4956.2861 0.998
 4956.3857 0.998
 4956.4854 0.998
 4956.5850 0.998
 4956.6846 0.998
 4956.7842 0.998
 4956.8838 0.998
 4956.9834 0.998
 4957.0830 0.997
 4957.1826 0.997
 4957.2822 0.997
 4957.3818 0.997
 4957.4814 0.997
 4957.5811 0.997
 4957.6807 0.997
 4957.7803 0.997
 4957.8799 0.997
 4957.9795 0.998
 4958.0791 0.998
 4958.1787 0.998
 4958.2783 0.998
 4958.3779 0.998
 4958.4775 0.998
 4958.5771 0.998
 4958.6768 0.998
 4958.7764 0.998
 4958.8760 0.998
 4958.9756 0.998
 4959.0752 0.998
 4959.1748 0.998
 4959.2744 0.998
 4959.3740 0.998
 4959.4736 0.999
 4959.5732 0.999
 4959.6729 0.998
 4959.7725 0.998
 4959.8721 0.998
 4959.9717 0.998
 4960.0713 0.998
 4960.1709 0.998
 4960.2705 0.998
 4960.3701 0.998
 4960.4697 0.998
 4960.5693 0.998
 4960.6689 0.998
 4960.7686 0.998
 4960.8682 0.998
 4960.9678 0.998
 4961.0674 0.998
 4961.1670 0.998
 4961.2666 0.998
 4961.3662 0.998
 4961.4658 0.998
 4961.5654 0.998
 4961.6650 0.998
 4961.7646 0.998
 4961.8643 0.998
 4961.9639 0.998
 4962.0635 0.998
 4962.1631 0.998
 4962.2627 0.999
 4962.3623 0.999
 4962.4619 0.998
 4962.5615 0.998
 4962.6611 0.998
 4962.7607 0.998
 4962.8604 0.998
 4962.9600 0.998
 4963.0596 0.998
 4963.1592 0.998
 4963.2588 0.998
 4963.3584 0.998
 4963.4580 0.998
 4963.5576 0.998
 4963.6572 0.998
 4963.7568 0.998
 4963.8564 0.999
 4963.9561 0.999
 4964.0557 0.999
 4964.1553 0.999
 4964.2549 0.999
 4964.3545 0.999
 4964.4541 0.999
 4964.5537 0.998
 4964.6533 0.998
 4964.7529 0.998
 4964.8525 0.998
 4964.9521 0.998
 4965.0518 0.998
 4965.1514 0.998
 4965.2510 0.998
 4965.3506 0.998
 4965.4502 0.998
 4965.5498 0.998
 4965.6494 0.998
 4965.7490 0.999
 4965.8486 0.999
 4965.9482 0.999
 4966.0479 0.999
 4966.1475 0.999
 4966.2471 0.999
 4966.3467 0.999
 4966.4463 0.999
 4966.5459 0.999
 4966.6455 0.999
 4966.7451 0.999
 4966.8447 0.999
 4966.9443 0.999
 4967.0439 0.999
 4967.1436 0.999
 4967.2432 0.999
 4967.3428 0.999
 4967.4424 0.999
 4967.5420 0.999
 4967.6416 0.999
 4967.7412 0.998
 4967.8408 0.998
 4967.9404 0.998
 4968.0400 0.998
 4968.1396 0.998
 4968.2393 0.998
 4968.3389 0.998
 4968.4385 0.998
 4968.5381 0.999
 4968.6377 0.999
 4968.7373 0.999
 4968.8369 0.999
 4968.9365 0.999
 4969.0361 0.999
 4969.1357 0.999
 4969.2354 0.999
 4969.3350 0.999
 4969.4346 0.999
 4969.5342 0.999
 4969.6338 0.999
 4969.7334 0.999
 4969.8330 0.999
 4969.9326 0.999
 4970.0322 0.999
 4970.1318 0.999
 4970.2314 0.999
 4970.3311 0.999
 4970.4307 0.999
 4970.5303 0.999
 4970.6299 0.999
 4970.7295 0.999
 4970.8291 0.999
 4970.9287 0.999
 4971.0283 0.999
 4971.1279 0.999
 4971.2275 0.999
 4971.3271 0.999
 4971.4268 0.999
 4971.5264 0.999
 4971.6260 0.999
 4971.7256 0.999
 4971.8252 0.999
 4971.9248 0.999
 4972.0244 0.999
 4972.1240 0.999
 4972.2236 0.999
 4972.3232 0.999
 4972.4229 0.999
 4972.5225 0.999
 4972.6221 0.999
 4972.7217 0.999
 4972.8213 1.000
 4972.9209 1.000
 4973.0205 0.999
 4973.1201 0.999
 4973.2197 0.999
 4973.3193 0.999
 4973.4189 1.000
 4973.5186 1.000
 4973.6182 1.000
 4973.7178 1.000
 4973.8174 0.999
 4973.9170 0.999
 4974.0166 0.999
 4974.1162 0.999
 4974.2158 0.999
 4974.3154 0.999
 4974.4150 0.999
 4974.5146 0.999
 4974.6143 0.999
 4974.7139 0.999
 4974.8135 0.999
 4974.9131 0.999
 4975.0127 0.999
 4975.1123 0.999
 4975.2119 0.999
 4975.3115 0.999
 4975.4111 0.999
 4975.5107 0.999
 4975.6104 1.000
 4975.7100 1.000
 4975.8096 0.999
 4975.9092 0.999
 4976.0088 0.999
 4976.1084 0.999
 4976.2080 0.999
 4976.3076 0.999
 4976.4072 0.999
 4976.5068 0.999
 4976.6064 0.999
 4976.7061 0.999
 4976.8057 0.999
 4976.9053 0.999
 4977.0049 0.999
 4977.1045 0.999
 4977.2041 0.999
 4977.3037 0.999
 4977.4033 0.999
 4977.5029 0.999
 4977.6025 0.999
 4977.7021 0.999
 4977.8018 0.999
 4977.9014 0.999
 4978.0010 1.000
 4978.1006 1.000
 4978.2002 1.000
 4978.2998 0.999
 4978.3994 1.000
 4978.4990 1.000
 4978.5986 0.999
 4978.6982 0.999
 4978.7979 0.999
 4978.8975 0.999
 4978.9971 0.999
 4979.0967 0.999
 4979.1963 0.999
 4979.2959 0.998
 4979.3955 0.998
 4979.4951 0.998
 4979.5947 0.998
 4979.6943 0.999
 4979.7939 0.999
 4979.8936 0.999
 4979.9932 0.999
 4980.0928 0.999
 4980.1924 0.999
 4980.2920 0.999
 4980.3916 0.999
 4980.4912 0.999
 4980.5908 0.999
 4980.6904 0.999
 4980.7900 0.999
 4980.8896 0.999
 4980.9893 0.999
 4981.0889 0.999
 4981.1885 0.999
 4981.2881 0.999
 4981.3877 0.999
 4981.4873 0.999
 4981.5869 0.999
 4981.6865 0.999
 4981.7861 0.999
 4981.8857 0.999
 4981.9854 0.999
 4982.0850 0.999
 4982.1846 1.000
 4982.2842 1.000
 4982.3838 1.000
 4982.4834 1.000
 4982.5830 1.000
 4982.6826 1.000
 4982.7822 1.000
 4982.8818 1.000
 4982.9814 1.000
 4983.0811 1.000
 4983.1807 1.000
 4983.2803 0.999
 4983.3799 0.999
 4983.4795 0.999
 4983.5791 0.999
 4983.6787 0.999
 4983.7783 0.999
 4983.8779 0.999
 4983.9775 0.999
 4984.0771 0.999
 4984.1768 1.000
 4984.2764 1.000
 4984.3760 1.000
 4984.4756 1.000
 4984.5752 1.000
 4984.6748 1.000
 4984.7744 1.000
 4984.8740 1.000
 4984.9736 1.000
 4985.0732 1.000
 4985.1729 1.000
 4985.2725 1.000
 4985.3721 1.000
 4985.4717 1.000
 4985.5713 1.000
 4985.6709 1.000
 4985.7705 1.000
 4985.8701 1.000
 4985.9697 1.000
 4986.0693 1.000
 4986.1689 0.999
 4986.2686 0.999
 4986.3682 0.999
 4986.4678 0.999
 4986.5674 0.999
 4986.6670 0.999
 4986.7666 0.999
 4986.8662 0.999
 4986.9658 0.999
 4987.0654 0.999
 4987.1650 0.999
 4987.2646 0.999
 4987.3643 0.999
 4987.4639 1.000
 4987.5635 1.000
 4987.6631 1.000
 4987.7627 1.000
 4987.8623 1.000
 4987.9619 1.000
 4988.0615 1.000
 4988.1611 1.000
 4988.2607 1.000
 4988.3604 1.000
 4988.4600 1.000
 4988.5596 1.000
 4988.6592 1.000
 4988.7588 1.000
 4988.8584 1.000
 4988.9580 1.000
 4989.0576 1.000
 4989.1572 1.000
 4989.2568 1.000
 4989.3564 1.000
 4989.4561 1.000
 4989.5557 1.000
 4989.6553 1.000
 4989.7549 1.000
 4989.8545 1.000
 4989.9541 1.000
 4990.0537 1.000
 4990.1533 1.000
 4990.2529 1.000
 4990.3525 1.000
 4990.4521 1.000
 4990.5518 1.000
 4990.6514 1.000
 4990.7510 1.000
 4990.8506 1.000
 4990.9502 1.000
 4991.0498 1.000
 4991.1494 1.000
 4991.2490 1.000
 4991.3486 1.000
 4991.4482 0.999
 4991.5479 0.999
 4991.6475 0.999
 4991.7471 0.999
 4991.8467 0.999
 4991.9463 0.999
 4992.0459 0.999
 4992.1455 0.999
 4992.2451 0.999
 4992.3447 0.999
 4992.4443 0.999
 4992.5439 0.999
 4992.6436 0.999
 4992.7432 0.999
 4992.8428 0.999
 4992.9424 1.000
 4993.0420 1.000
 4993.1416 1.000
 4993.2412 1.000
 4993.3408 1.000
 4993.4404 1.000
 4993.5400 0.572
 4993.6396 0.573
 4993.7393 0.573
 4993.8389 0.573
 4993.9385 0.573
 4994.0381 0.573
 4994.1377 0.573
 4994.2373 0.573
 4994.3369 0.573
 4994.4365 0.573
 4994.5361 0.573
 4994.6357 0.574
 4994.7354 0.574
 4994.8350 0.574
 4994.9346 0.574
 4995.0342 0.574
 4995.1338 0.574
 4995.2334 0.574
 4995.3330 0.574
 4995.4326 0.574
 4995.5322 0.574
 4995.6318 0.574
 4995.7314 0.574
 4995.8311 0.574
 4995.9307 0.574
 4996.0303 0.574
 4996.1299 0.574
 4996.2295 0.574
 4996.3291 0.574
 4996.4287 0.574
 4996.5283 0.573
 4996.6279 0.573
 4996.7275 0.573
 4996.8271 0.573
 4996.9268 0.573
 4997.0264 0.573
 4997.1260 0.574
 4997.2256 0.574
 4997.3252 0.574
 4997.4248 0.574
 4997.5244 0.574
