# Time  Stress
 2834.4033 0.659
 2834.5029 0.659
 2834.6025 0.659
 2834.7021 0.659
 2834.8018 0.659
 2834.9014 0.659
 2835.0010 0.659
 2835.1006 0.659
 2835.2002 0.659
 2835.2998 0.659
 2835.3994 0.659
 2835.4990 0.659
 2835.5986 0.659
 2835.6982 0.659
 2835.7979 0.659
 2835.8975 0.659
 2835.9971 0.659
 2836.0967 0.659
 2836.1963 0.659
 2836.2959 0.659
 2836.3955 0.659
 2836.4951 0.659
 2836.5947 0.659
 2836.6943 0.659
 2836.7939 0.659
 2836.8936 0.659
 2836.9932 0.660
 2837.0928 0.660
 2837.1924 0.660
 2837.2920 0.660
 2837.3916 0.660
 2837.4912 0.660
 2837.5908 0.660
 2837.6904 0.660
 2837.7900 0.660
 2837.8896 0.660
 2837.9893 0.660
 2838.0889 0.660
 2838.1885 0.660
 2838.2881 0.659
 2838.3877 0.659
 2838.4873 0.659
 2838.5869 0.659
 2838.6865 0.659
 2838.7861 0.659
 2838.8857 0.660
 2838.9854 0.660
 2839.0850 0.660
 2839.1846 0.660
 2839.2842 0.660
 2839.3838 0.660
 2839.4834 0.660
 2839.5830 0.660
 2839.6826 0.660
 2839.7822 0.659
 2839.8818 0.659
 2839.9814 0.659
 2840.0811 0.659
 2840.1807 0.659
 2840.2803 0.660
 2840.3799 0.660
 2840.4795 0.660
 2840.5791 0.660
 2840.6787 0.660
 2840.7783 0.660
 2840.8779 0.660
 2840.9775 0.660
 2841.0771 0.660
 2841.1768 0.660
 2841.2764 0.661
 2841.3760 0.661
 2841.4756 0.661
 2841.5752 0.661
 2841.6748 0.661
 2841.7744 0.661
 2841.8740 0.661
 2841.9736 0.661
 2842.0732 0.661
 2842.1729 0.661
 2842.2725 0.661
 2842.3721 0.661
 2842.4717 0.661
 2842.5713 0.661
 2842.6709 0.661
 2842.7705 0.661
 2842.8701 0.661
 2842.9697 0.661
 2843.0693 0.661
 2843.1689 0.661
 2843.2686 0.661
 2843.3682 0.661
 2843.4678 0.661
 2843.5674 0.661
 2843.6670 0.661
 2843.7666 0.661
 2843.8662 0.661
 2843.9658 0.661
 2844.0654 0.661
 2844.1650 0.660
 2844.2646 0.660
 2844.3643 0.660
 2844.4639 0.660
 2844.5635 0.660
 2844.6631 0.660
 2844.7627 0.660
 2844.8623 0.660
 2844.9619 0.660
 2845.0615 0.660
 2845.1611 0.661
 2845.2607 0.661
 2845.3604 0.661
 2845.4600 0.661
 2845.5596 0.661
 2845.6592 0.661
 2845.7588 0.661
 2845.8584 0.661
 2845.9580 0.661
 2846.0576 0.661
 2846.1572 0.661
 2846.2568 0.661
 2846.3564 0.661
 2846.4561 0.661
 2846.5557 0.661
 2846.6553 0.661
 2846.7549 0.661
 2846.8545 0.662
 2846.9541 0.662
 2847.0537 0.662
 2847.1533 0.662
 2847.2529 0.662
 2847.3525 0.662
 2847.4521 0.662
 2847.5518 0.662
 2847.6514 0.662
 2847.7510 0.662
 2847.8506 0.662
 2847.9502 0.662
 2848.0498 0.661
 2848.1494 0.661
 2848.2490 0.661
 2848.3486 0.661
 2848.4482 0.661
 2848.5479 0.661
 2848.6475 0.661
 2848.7471 0.661
 2848.8467 0.661
 2848.9463 0.662
 2849.0459 0.662
 2849.1455 0.662
 2849.2451 0.662
 2849.3447 0.662
 2849.4443 0.662
 2849.5439 0.662
 2849.6436 0.662
 2849.7432 0.662
 2849.8428 0.662
 2849.9424 0.662
 2850.0420 0.662
 2850.1416 0.662
 2850.2412 0.662
 2850.3408 0.662
 2850.4404 0.662
 2850.5400 0.662
 2850.6396 0.662
 2850.7393 0.662
 2850.8389 0.662
 2850.9385 0.662
 2851.0381 0.662
 2851.1377 0.662
 2851.2373 0.662
 2851.3369 0.662
 2851.4365 0.662
 2851.5361 0.662
 2851.6357 0.662
 2851.7354 0.663
 2851.8350 0.663
 2851.9346 0.663
 2852.0342 0.663
 2852.1338 0.663
 2852.2334 0.663
 2852.3330 0.663
 2852.4326 0.663
 2852.5322 0.663
 2852.6318 0.662
 2852.7314 0.662
 2852.8311 0.662
 2852.9307 0.662
 2853.0303 0.662
 2853.1299 0.662
 2853.2295 0.662
 2853.3291 0.662
 2853.4287 0.662
 2853.5283 0.663
 2853.6279 0.663
 2853.7275 0.663
 2853.8271 0.663
 2853.9268 0.663
 2854.0264 0.663
 2854.1260 0.663
 2854.2256 0.663
 2854.3252 0.663
 2854.4248 0.663
 2854.5244 0.663
 2854.6240 0.663
 2854.7236 0.663
 2854.8232 0.663
 2854.9229 0.663
 2855.0225 0.664
 2855.1221 0.664
 2855.2217 0.664
 2855.3213 0.664
 2855.4209 0.664
 2855.5205 0.664
 2855.6201 0.664
 2855.7197 0.664
 2855.8193 0.664
 2855.9189 0.664
 2856.0186 0.663
 2856.1182 0.663
 2856.2178 0.663
 2856.3174 0.663
 2856.4170 0.663
 2856.5166 0.663
 2856.6162 0.663
 2856.7158 0.663
 2856.8154 0.664
 2856.9150 0.664
 2857.0146 0.664
 2857.1143 0.664
 2857.2139 0.664
 2857.3135 0.664
 2857.4131 0.664
 2857.5127 0.664
 2857.6123 0.664
 2857.7119 0.664
 2857.8115 0.664
 2857.9111 0.664
 2858.0107 0.664
 2858.1104 0.664
 2858.2100 0.664
 2858.3096 0.664
 2858.4092 0.664
 2858.5088 0.664
 2858.6084 0.664
 2858.7080 0.664
 2858.8076 0.664
 2858.9072 0.664
 2859.0068 0.664
 2859.1064 0.664
 2859.2061 0.665
 2859.3057 0.665
 2859.4053 0.665
 2859.5049 0.665
 2859.6045 0.665
 2859.7041 0.665
 2859.8037 0.665
 2859.9033 0.665
 2860.0029 0.664
 2860.1025 0.664
 2860.2021 0.664
 2860.3018 0.664
 2860.4014 0.664
 2860.5010 0.664
 2860.6006 0.664
 2860.7002 0.664
 2860.7998 0.664
 2860.8994 0.664
 2860.9990 0.664
 2861.0986 0.664
 2861.1982 0.664
 2861.2979 0.664
 2861.3975 0.665
 2861.4971 0.665
 2861.5967 0.665
 2861.6963 0.665
 2861.7959 0.665
 2861.8955 0.665
 2861.9951 0.665
 2862.0947 0.665
 2862.1943 0.665
 2862.2939 0.665
 2862.3936 0.665
 2862.4932 0.665
 2862.5928 0.664
 2862.6924 0.664
 2862.7920 0.664
 2862.8916 0.664
 2862.9912 0.664
 2863.0908 0.664
 2863.1904 0.664
 2863.2900 0.664
 2863.3896 0.665
 2863.4893 0.665
 2863.5889 0.665
 2863.6885 0.665
 2863.7881 0.665
 2863.8877 0.665
 2863.9873 0.666
 2864.0869 0.666
 2864.1865 0.666
 2864.2861 0.665
 2864.3857 0.665
 2864.4854 0.665
 2864.5850 0.665
 2864.6846 0.665
 2864.7842 0.665
 2864.8838 0.665
 2864.9834 0.665
 2865.0830 0.665
 2865.1826 0.665
 2865.2822 0.666
 2865.3818 0.666
 2865.4814 0.666
 2865.5811 0.666
 2865.6807 0.666
 2865.7803 0.666
 2865.8799 0.666
 2865.9795 0.666
 2866.0791 0.666
 2866.1787 0.666
 2866.2783 0.666
 2866.3779 0.666
 2866.4775 0.666
 2866.5771 0.666
 2866.6768 0.666
 2866.7764 0.666
 2866.8760 0.666
 2866.9756 0.666
 2867.0752 0.665
 2867.1748 0.666
 2867.2744 0.666
 2867.3740 0.666
 2867.4736 0.666
 2867.5732 0.666
 2867.6729 0.666
 2867.7725 0.666
 2867.8721 0.666
 2867.9717 0.666
 2868.0713 0.666
 2868.1709 0.666
 2868.2705 0.666
 2868.3701 0.666
 2868.4697 0.666
 2868.5693 0.666
 2868.6689 0.666
 2868.7686 0.666
 2868.8682 0.666
 2868.9678 0.666
 2869.0674 0.666
 2869.1670 0.667
 2869.2666 0.667
 2869.3662 0.667
 2869.4658 0.667
 2869.5654 0.667
 2869.6650 0.667
 2869.7646 0.667
 2869.8643 0.667
 2869.9639 0.666
 2870.0635 0.666
 2870.1631 0.666
 2870.2627 0.666
 2870.3623 0.666
 2870.4619 0.666
 2870.5615 0.666
 2870.6611 0.666
 2870.7607 0.666
 2870.8604 0.666
 2870.9600 0.666
 2871.0596 0.666
 2871.1592 0.667
 2871.2588 0.667
 2871.3584 0.667
 2871.4580 0.667
 2871.5576 0.667
 2871.6572 0.667
 2871.7568 0.667
 2871.8564 0.667
 2871.9561 0.667
 2872.0557 0.667
 2872.1553 0.667
 2872.2549 0.667
 2872.3545 0.667
 2872.4541 0.667
 2872.5537 0.667
 2872.6533 0.667
 2872.7529 0.667
 2872.8525 0.667
 2872.9521 0.667
 2873.0518 0.667
 2873.1514 0.667
 2873.2510 0.667
 2873.3506 0.667
 2873.4502 0.667
 2873.5498 0.667
 2873.6494 0.667
 2873.7490 0.667
 2873.8486 0.667
 2873.9482 0.667
 2874.0479 0.667
 2874.1475 0.668
 2874.2471 0.668
 2874.3467 0.668
 2874.4463 0.668
 2874.5459 0.668
 2874.6455 0.668
 2874.7451 0.668
 2874.8447 0.668
 2874.9443 0.668
 2875.0439 0.668
 2875.1436 0.668
 2875.2432 0.668
 2875.3428 0.668
 2875.4424 0.668
 2875.5420 0.668
 2875.6416 0.668
 2875.7412 0.668
 2875.8408 0.668
 2875.9404 0.668
 2876.0400 0.668
 2876.1396 0.668
 2876.2393 0.668
 2876.3389 0.668
 2876.4385 0.668
 2876.5381 0.668
 2876.6377 0.668
 2876.7373 0.669
 2876.8369 0.669
 2876.9365 0.669
 2877.0361 0.669
 2877.1357 0.669
 2877.2354 0.669
 2877.3350 0.669
 2877.4346 0.669
 2877.5342 0.669
 2877.6338 0.669
 2877.7334 0.668
 2877.8330 0.668
 2877.9326 0.668
 2878.0322 0.668
 2878.1318 0.668
 2878.2314 0.668
 2878.3311 0.668
 2878.4307 0.668
 2878.5303 0.668
 2878.6299 0.668
 2878.7295 0.669
 2878.8291 0.669
 2878.9287 0.669
 2879.0283 0.669
 2879.1279 0.669
 2879.2275 0.669
 2879.3271 0.669
 2879.4268 0.669
 2879.5264 0.669
 2879.6260 0.669
 2879.7256 0.669
 2879.8252 0.669
 2879.9248 0.669
 2880.0244 0.669
 2880.1240 0.669
 2880.2236 0.670
 2880.3232 0.670
 2880.4229 0.670
 2880.5225 0.669
 2880.6221 0.669
 2880.7217 0.669
 2880.8213 0.669
 2880.9209 0.669
 2881.0205 0.669
 2881.1201 0.669
 2881.2197 0.669
 2881.3193 0.669
 2881.4189 0.669
 2881.5186 0.669
 2881.6182 0.669
 2881.7178 0.669
 2881.8174 0.669
 2881.9170 0.669
 2882.0166 0.669
 2882.1162 0.670
 2882.2158 0.670
 2882.3154 0.670
 2882.4150 0.670
 2882.5146 0.670
 2882.6143 0.670
 2882.7139 0.670
 2882.8135 0.670
 2882.9131 0.669
 2883.0127 0.669
 2883.1123 0.669
 2883.2119 0.669
 2883.3115 0.669
 2883.4111 0.669
 2883.5107 0.669
 2883.6104 0.669
 2883.7100 0.670
 2883.8096 0.670
 2883.9092 0.670
 2884.0088 0.670
 2884.1084 0.670
 2884.2080 0.670
 2884.3076 0.670
 2884.4072 0.670
 2884.5068 0.670
 2884.6064 0.670
 2884.7061 0.670
 2884.8057 0.670
 2884.9053 0.670
 2885.0049 0.670
 2885.1045 0.670
 2885.2041 0.670
 2885.3037 0.670
 2885.4033 0.670
 2885.5029 0.670
 2885.6025 0.670
 2885.7021 0.670
 2885.8018 0.670
 2885.9014 0.671
 2886.0010 0.671
 2886.1006 0.671
 2886.2002 0.671
 2886.2998 0.671
 2886.3994 0.671
 2886.4990 0.671
 2886.5986 0.671
 2886.6982 0.671
 2886.7979 0.671
 2886.8975 0.671
 2886.9971 0.670
 2887.0967 0.670
 2887.1963 0.670
 2887.2959 0.670
 2887.3955 0.670
 2887.4951 0.670
 2887.5947 0.670
 2887.6943 0.670
 2887.7939 0.670
 2887.8936 0.671
 2887.9932 0.671
 2888.0928 0.671
 2888.1924 0.671
 2888.2920 0.671
 2888.3916 0.671
 2888.4912 0.671
 2888.5908 0.671
 2888.6904 0.671
 2888.7900 0.671
 2888.8896 0.671
 2888.9893 0.670
 2889.0889 0.670
 2889.1885 0.670
 2889.2881 0.670
 2889.3877 0.670
 2889.4873 0.670
 2889.5869 0.670
 2889.6865 0.670
 2889.7861 0.670
 2889.8857 0.671
 2889.9854 0.671
 2890.0850 0.671
 2890.1846 0.671
 2890.2842 0.671
 2890.3838 0.671
 2890.4834 0.671
 2890.5830 0.671
 2890.6826 0.671
 2890.7822 0.671
 2890.8818 0.672
 2890.9814 0.672
 2891.0811 0.672
 2891.1807 0.672
 2891.2803 0.672
 2891.3799 0.672
 2891.4795 0.672
 2891.5791 0.672
 2891.6787 0.672
 2891.7783 0.672
 2891.8779 0.672
 2891.9775 0.672
 2892.0771 0.672
 2892.1768 0.672
 2892.2764 0.672
 2892.3760 0.672
 2892.4756 0.672
 2892.5752 0.672
 2892.6748 0.672
 2892.7744 0.671
 2892.8740 0.671
 2892.9736 0.671
 2893.0732 0.671
 2893.1729 0.671
 2893.2725 0.671
 2893.3721 0.672
 2893.4717 0.672
 2893.5713 0.672
 2893.6709 0.672
 2893.7705 0.672
 2893.8701 0.672
 2893.9697 0.672
 2894.0693 0.672
 2894.1689 0.672
 2894.2686 0.672
 2894.3682 0.672
 2894.4678 0.672
 2894.5674 0.673
 2894.6670 0.673
 2894.7666 0.673
 2894.8662 0.673
 2894.9658 0.673
 2895.0654 0.673
 2895.1650 0.673
 2895.2646 0.673
 2895.3643 0.673
 2895.4639 0.673
 2895.5635 0.673
 2895.6631 0.673
 2895.7627 0.673
 2895.8623 0.673
 2895.9619 0.673
 2896.0615 0.673
 2896.1611 0.673
 2896.2607 0.673
 2896.3604 0.673
 2896.4600 0.673
 2896.5596 0.673
 2896.6592 0.673
 2896.7588 0.673
 2896.8584 0.673
 2896.9580 0.673
 2897.0576 0.673
 2897.1572 0.672
 2897.2568 0.672
 2897.3564 0.672
 2897.4561 0.672
 2897.5557 0.673
 2897.6553 0.673
 2897.7549 0.673
 2897.8545 0.673
 2897.9541 0.673
 2898.0537 0.673
 2898.1533 0.673
 2898.2529 0.673
 2898.3525 0.673
 2898.4521 0.673
 2898.5518 0.673
 2898.6514 0.673
 2898.7510 0.673
 2898.8506 0.673
 2898.9502 0.673
 2899.0498 0.673
 2899.1494 0.673
 2899.2490 0.673
 2899.3486 0.673
 2899.4482 0.673
 2899.5479 0.673
 2899.6475 0.673
 2899.7471 0.673
 2899.8467 0.673
 2899.9463 0.673
 2900.0459 0.673
 2900.1455 0.674
 2900.2451 0.674
 2900.3447 0.674
 2900.4443 0.674
 2900.5439 0.674
 2900.6436 0.674
 2900.7432 0.674
 2900.8428 0.674
 2900.9424 0.673
 2901.0420 0.673
 2901.1416 0.673
 2901.2412 0.673
 2901.3408 0.673
 2901.4404 0.673
 2901.5400 0.673
 2901.6396 0.673
 2901.7393 0.673
 2901.8389 0.673
 2901.9385 0.674
 2902.0381 0.674
 2902.1377 0.674
 2902.2373 0.674
 2902.3369 0.674
 2902.4365 0.674
 2902.5361 0.674
 2902.6357 0.674
 2902.7354 0.674
 2902.8350 0.674
 2902.9346 0.674
 2903.0342 0.674
 2903.1338 0.673
 2903.2334 0.673
 2903.3330 0.673
 2903.4326 0.674
 2903.5322 0.674
 2903.6318 0.674
 2903.7314 0.674
 2903.8311 0.674
 2903.9307 0.674
 2904.0303 0.674
 2904.1299 0.674
 2904.2295 0.674
 2904.3291 0.674
 2904.4287 0.674
 2904.5283 0.674
 2904.6279 0.674
 2904.7275 0.674
 2904.8271 0.674
 2904.9268 0.674
 2905.0264 0.674
 2905.1260 0.674
 2905.2256 0.674
 2905.3252 0.675
 2905.4248 0.675
 2905.5244 0.675
 2905.6240 0.675
 2905.7236 0.675
 2905.8232 0.675
 2905.9229 0.675
 2906.0225 0.675
 2906.1221 0.675
 2906.2217 0.675
 2906.3213 0.675
 2906.4209 0.675
 2906.5205 0.675
 2906.6201 0.675
 2906.7197 0.675
 2906.8193 0.675
 2906.9189 0.675
 2907.0186 0.675
 2907.1182 0.675
 2907.2178 0.675
 2907.3174 0.675
 2907.4170 0.675
 2907.5166 0.675
 2907.6162 0.675
 2907.7158 0.675
 2907.8154 0.675
 2907.9150 0.675
 2908.0146 0.675
 2908.1143 0.675
 2908.2139 0.675
 2908.3135 0.675
 2908.4131 0.676
 2908.5127 0.676
 2908.6123 0.676
 2908.7119 0.676
 2908.8115 0.676
 2908.9111 0.676
 2909.0107 0.676
 2909.1104 0.676
 2909.2100 0.676
 2909.3096 0.676
 2909.4092 0.676
 2909.5088 0.676
 2909.6084 0.676
 2909.7080 0.676
 2909.8076 0.676
 2909.9072 0.676
 2910.0068 0.676
 2910.1064 0.676
 2910.2061 0.676
 2910.3057 0.676
 2910.4053 0.676
 2910.5049 0.676
 2910.6045 0.676
 2910.7041 0.676
 2910.8037 0.676
 2910.9033 0.676
 2911.0029 0.676
 2911.1025 0.676
 2911.2021 0.676
 2911.3018 0.676
 2911.4014 0.676
 2911.5010 0.676
 2911.6006 0.676
 2911.7002 0.676
 2911.7998 0.676
 2911.8994 0.676
 2911.9990 0.676
 2912.0986 0.676
 2912.1982 0.676
 2912.2979 0.676
 2912.3975 0.677
 2912.4971 0.677
 2912.5967 0.677
 2912.6963 0.677
 2912.7959 0.677
 2912.8955 0.677
 2912.9951 0.677
 2913.0947 0.677
 2913.1943 0.677
 2913.2939 0.676
 2913.3936 0.676
 2913.4932 0.676
 2913.5928 0.676
 2913.6924 0.676
 2913.7920 0.676
 2913.8916 0.676
 2913.9912 0.676
 2914.0908 0.676
 2914.1904 0.676
 2914.2900 0.677
 2914.3896 0.677
 2914.4893 0.677
 2914.5889 0.677
 2914.6885 0.677
 2914.7881 0.677
 2914.8877 0.677
 2914.9873 0.677
 2915.0869 0.677
 2915.1865 0.677
 2915.2861 0.677
 2915.3857 0.676
 2915.4854 0.676
 2915.5850 0.676
 2915.6846 0.676
 2915.7842 0.676
 2915.8838 0.676
 2915.9834 0.676
 2916.0830 0.677
 2916.1826 0.677
 2916.2822 0.677
 2916.3818 0.677
 2916.4814 0.677
 2916.5811 0.677
 2916.6807 0.677
 2916.7803 0.677
 2916.8799 0.677
 2916.9795 0.677
 2917.0791 0.677
 2917.1787 0.677
 2917.2783 0.677
 2917.3779 0.677
 2917.4775 0.677
 2917.5771 0.677
 2917.6768 0.677
 2917.7764 0.677
 2917.8760 0.677
 2917.9756 0.677
 2918.0752 0.677
 2918.1748 0.678
 2918.2744 0.678
 2918.3740 0.678
 2918.4736 0.678
 2918.5732 0.678
 2918.6729 0.678
 2918.7725 0.678
 2918.8721 0.678
 2918.9717 0.678
 2919.0713 0.678
 2919.1709 0.678
 2919.2705 0.678
 2919.3701 0.678
 2919.4697 0.678
 2919.5693 0.678
 2919.6689 0.678
 2919.7686 0.678
 2919.8682 0.678
 2919.9678 0.678
 2920.0674 0.678
 2920.1670 0.678
 2920.2666 0.678
 2920.3662 0.678
 2920.4658 0.678
 2920.5654 0.678
 2920.6650 0.678
 2920.7646 0.678
 2920.8643 0.678
 2920.9639 0.678
 2921.0635 0.678
 2921.1631 0.678
 2921.2627 0.678
 2921.3623 0.678
 2921.4619 0.678
 2921.5615 0.678
 2921.6611 0.678
 2921.7607 0.678
 2921.8604 0.678
 2921.9600 0.679
 2922.0596 0.679
 2922.1592 0.679
 2922.2588 0.679
 2922.3584 0.679
 2922.4580 0.679
 2922.5576 0.679
 2922.6572 0.679
 2922.7568 0.678
 2922.8564 0.678
 2922.9561 0.678
 2923.0557 0.678
 2923.1553 0.678
 2923.2549 0.678
 2923.3545 0.678
 2923.4541 0.678
 2923.5537 0.678
 2923.6533 0.679
 2923.7529 0.679
 2923.8525 0.679
 2923.9521 0.679
 2924.0518 0.679
 2924.1514 0.679
 2924.2510 0.679
 2924.3506 0.679
 2924.4502 0.679
 2924.5498 0.679
 2924.6494 0.679
 2924.7490 0.679
 2924.8486 0.679
 2924.9482 0.679
 2925.0479 0.680
 2925.1475 0.680
 2925.2471 0.680
 2925.3467 0.680
 2925.4463 0.679
 2925.5459 0.679
 2925.6455 0.679
 2925.7451 0.679
 2925.8447 0.679
 2925.9443 0.679
 2926.0439 0.679
 2926.1436 0.679
 2926.2432 0.679
 2926.3428 0.679
 2926.4424 0.679
 2926.5420 0.679
 2926.6416 0.680
 2926.7412 0.680
 2926.8408 0.680
 2926.9404 0.680
 2927.0400 0.680
 2927.1396 0.680
 2927.2393 0.680
 2927.3389 0.680
 2927.4385 0.680
 2927.5381 0.680
 2927.6377 0.680
 2927.7373 0.680
 2927.8369 0.680
 2927.9365 0.680
 2928.0361 0.680
 2928.1357 0.680
 2928.2354 0.680
 2928.3350 0.680
 2928.4346 0.680
 2928.5342 0.680
 2928.6338 0.680
 2928.7334 0.680
 2928.8330 0.680
 2928.9326 0.680
 2929.0322 0.680
 2929.1318 0.680
 2929.2314 0.680
 2929.3311 0.680
 2929.4307 0.680
 2929.5303 0.680
 2929.6299 0.680
 2929.7295 0.680
 2929.8291 0.681
 2929.9287 0.681
 2930.0283 0.681
 2930.1279 0.681
 2930.2275 0.681
 2930.3271 0.680
 2930.4268 0.680
 2930.5264 0.680
 2930.6260 0.680
 2930.7256 0.680
 2930.8252 0.680
 2930.9248 0.680
 2931.0244 0.680
 2931.1240 0.680
 2931.2236 0.680
 2931.3232 0.681
 2931.4229 0.681
 2931.5225 0.681
 2931.6221 0.681
 2931.7217 0.681
 2931.8213 0.681
 2931.9209 0.681
 2932.0205 0.681
 2932.1201 0.680
 2932.2197 0.680
 2932.3193 0.680
 2932.4189 0.680
 2932.5186 0.680
 2932.6182 0.680
 2932.7178 0.680
 2932.8174 0.681
 2932.9170 0.681
 2933.0166 0.681
 2933.1162 0.681
 2933.2158 0.681
 2933.3154 0.681
 2933.4150 0.681
 2933.5146 0.681
 2933.6143 0.681
 2933.7139 0.681
 2933.8135 0.681
 2933.9131 0.681
 2934.0127 0.681
 2934.1123 0.680
 2934.2119 0.680
 2934.3115 0.680
 2934.4111 0.680
 2934.5107 0.680
 2934.6104 0.680
 2934.7100 0.681
 2934.8096 0.681
 2934.9092 0.681
 2935.0088 0.681
 2935.1084 0.681
 2935.2080 0.681
 2935.3076 0.681
 2935.4072 0.682
 2935.5068 0.682
 2935.6064 0.682
 2935.7061 0.682
 2935.8057 0.682
 2935.9053 0.681
 2936.0049 0.681
 2936.1045 0.681
 2936.2041 0.681
 2936.3037 0.681
 2936.4033 0.681
 2936.5029 0.681
 2936.6025 0.681
 2936.7021 0.681
 2936.8018 0.682
 2936.9014 0.682
 2937.0010 0.682
 2937.1006 0.682
 2937.2002 0.682
 2937.2998 0.682
 2937.3994 0.682
 2937.4990 0.682
 2937.5986 0.682
 2937.6982 0.682
 2937.7979 0.682
 2937.8975 0.682
 2937.9971 0.682
 2938.0967 0.682
 2938.1963 0.682
 2938.2959 0.682
 2938.3955 0.682
 2938.4951 0.682
 2938.5947 0.682
 2938.6943 0.682
 2938.7939 0.682
 2938.8936 0.682
 2938.9932 0.682
 2939.0928 0.682
 2939.1924 0.682
 2939.2920 0.682
 2939.3916 0.682
 2939.4912 0.682
 2939.5908 0.682
 2939.6904 0.682
 2939.7900 0.682
 2939.8896 0.682
 2939.9893 0.683
 2940.0889 0.683
 2940.1885 0.683
 2940.2881 0.683
 2940.3877 0.683
 2940.4873 0.683
 2940.5869 0.683
 2940.6865 0.683
 2940.7861 0.683
 2940.8857 0.682
 2940.9854 0.682
 2941.0850 0.682
 2941.1846 0.682
 2941.2842 0.682
 2941.3838 0.682
 2941.4834 0.682
 2941.5830 0.682
 2941.6826 0.683
 2941.7822 0.683
 2941.8818 0.683
 2941.9814 0.683
 2942.0811 0.683
 2942.1807 0.683
 2942.2803 0.683
 2942.3799 0.683
 2942.4795 0.683
 2942.5791 0.683
 2942.6787 0.683
 2942.7783 0.683
 2942.8779 0.683
 2942.9775 0.683
 2943.0771 0.683
 2943.1768 0.683
 2943.2764 0.683
 2943.3760 0.684
 2943.4756 0.684
 2943.5752 0.684
 2943.6748 0.684
 2943.7744 0.684
 2943.8740 0.684
 2943.9736 0.684
 2944.0732 0.684
 2944.1729 0.684
 2944.2725 0.683
 2944.3721 0.683
 2944.4717 0.683
 2944.5713 0.683
 2944.6709 0.683
 2944.7705 0.683
 2944.8701 0.683
 2944.9697 0.683
 2945.0693 0.683
 2945.1689 0.684
 2945.2686 0.684
 2945.3682 0.684
 2945.4678 0.684
 2945.5674 0.684
 2945.6670 0.684
 2945.7666 0.684
 2945.8662 0.684
 2945.9658 0.684
 2946.0654 0.684
 2946.1650 0.684
 2946.2646 0.684
 2946.3643 0.684
 2946.4639 0.684
 2946.5635 0.684
 2946.6631 0.684
 2946.7627 0.684
 2946.8623 0.684
 2946.9619 0.683
 2947.0615 0.683
 2947.1611 0.683
 2947.2607 0.683
 2947.3604 0.683
 2947.4600 0.684
 2947.5596 0.684
 2947.6592 0.684
 2947.7588 0.684
 2947.8584 0.684
 2947.9580 0.684
 2948.0576 0.684
 2948.1572 0.685
 2948.2568 0.685
 2948.3564 0.685
 2948.4561 0.685
 2948.5557 0.684
 2948.6553 0.684
 2948.7549 0.684
 2948.8545 0.684
 2948.9541 0.684
 2949.0537 0.684
 2949.1533 0.684
 2949.2529 0.684
 2949.3525 0.685
 2949.4521 0.685
 2949.5518 0.685
 2949.6514 0.685
 2949.7510 0.685
 2949.8506 0.685
 2949.9502 0.685
 2950.0498 0.685
 2950.1494 0.685
 2950.2490 0.685
 2950.3486 0.685
 2950.4482 0.685
 2950.5479 0.685
 2950.6475 0.685
 2950.7471 0.685
 2950.8467 0.685
 2950.9463 0.685
 2951.0459 0.685
 2951.1455 0.685
 2951.2451 0.685
 2951.3447 0.685
 2951.4443 0.685
 2951.5439 0.685
 2951.6436 0.685
 2951.7432 0.686
 2951.8428 0.686
 2951.9424 0.685
 2952.0420 0.685
 2952.1416 0.685
 2952.2412 0.685
 2952.3408 0.686
 2952.4404 0.686
 2952.5400 0.686
 2952.6396 0.686
 2952.7393 0.686
 2952.8389 0.686
 2952.9385 0.686
 2953.0381 0.686
 2953.1377 0.686
 2953.2373 0.686
 2953.3369 0.686
 2953.4365 0.686
 2953.5361 0.686
 2953.6357 0.686
 2953.7354 0.686
 2953.8350 0.686
 2953.9346 0.686
 2954.0342 0.686
 2954.1338 0.686
 2954.2334 0.685
 2954.3330 0.685
 2954.4326 0.685
 2954.5322 0.685
 2954.6318 0.685
 2954.7314 0.685
 2954.8311 0.685
 2954.9307 0.685
 2955.0303 0.686
 2955.1299 0.686
 2955.2295 0.686
 2955.3291 0.686
 2955.4287 0.686
 2955.5283 0.686
 2955.6279 0.686
 2955.7275 0.686
 2955.8271 0.686
 2955.9268 0.686
 2956.0264 0.686
 2956.1260 0.686
 2956.2256 0.686
 2956.3252 0.686
 2956.4248 0.687
 2956.5244 0.687
 2956.6240 0.687
 2956.7236 0.687
 2956.8232 0.687
 2956.9229 0.687
 2957.0225 0.687
 2957.1221 0.686
 2957.2217 0.686
 2957.3213 0.686
 2957.4209 0.686
 2957.5205 0.686
 2957.6201 0.686
 2957.7197 0.686
 2957.8193 0.686
 2957.9189 0.686
 2958.0186 0.686
 2958.1182 0.687
 2958.2178 0.687
 2958.3174 0.687
 2958.4170 0.687
 2958.5166 0.687
 2958.6162 0.687
 2958.7158 0.687
 2958.8154 0.687
 2958.9150 0.687
 2959.0146 0.687
 2959.1143 0.687
 2959.2139 0.686
 2959.3135 0.686
 2959.4131 0.686
 2959.5127 0.686
 2959.6123 0.686
 2959.7119 0.686
 2959.8115 0.686
 2959.9111 0.687
 2960.0107 0.687
 2960.1104 0.687
 2960.2100 0.687
 2960.3096 0.687
 2960.4092 0.687
 2960.5088 0.687
 2960.6084 0.687
 2960.7080 0.687
 2960.8076 0.687
 2960.9072 0.687
 2961.0068 0.687
 2961.1064 0.687
 2961.2061 0.687
 2961.3057 0.687
 2961.4053 0.687
 2961.5049 0.687
 2961.6045 0.687
 2961.7041 0.687
 2961.8037 0.687
 2961.9033 0.687
 2962.0029 0.687
 2962.1025 0.687
 2962.2021 0.687
 2962.3018 0.687
 2962.4014 0.688
 2962.5010 0.688
 2962.6006 0.688
 2962.7002 0.688
 2962.7998 0.688
 2962.8994 0.688
 2962.9990 0.688
 2963.0986 0.688
 2963.1982 0.688
 2963.2979 0.687
 2963.3975 0.687
 2963.4971 0.687
 2963.5967 0.687
 2963.6963 0.687
 2963.7959 0.687
 2963.8955 0.688
 2963.9951 0.688
 2964.0947 0.688
 2964.1943 0.688
 2964.2939 0.688
 2964.3936 0.688
 2964.4932 0.688
 2964.5928 0.688
 2964.6924 0.688
 2964.7920 0.688
 2964.8916 0.688
 2964.9912 0.688
 2965.0908 0.688
 2965.1904 0.688
 2965.2900 0.688
 2965.3896 0.688
 2965.4893 0.688
 2965.5889 0.688
 2965.6885 0.688
 2965.7881 0.688
 2965.8877 0.688
 2965.9873 0.688
 2966.0869 0.688
 2966.1865 0.688
 2966.2861 0.688
 2966.3857 0.688
 2966.4854 0.689
 2966.5850 0.689
 2966.6846 0.689
 2966.7842 0.689
 2966.8838 0.689
 2966.9834 0.689
 2967.0830 0.689
 2967.1826 0.689
 2967.2822 0.688
 2967.3818 0.688
 2967.4814 0.688
 2967.5811 0.688
 2967.6807 0.688
 2967.7803 0.688
 2967.8799 0.688
 2967.9795 0.688
 2968.0791 0.688
 2968.1787 0.689
 2968.2783 0.689
 2968.3779 0.689
 2968.4775 0.689
 2968.5771 0.689
 2968.6768 0.689
 2968.7764 0.689
 2968.8760 0.689
 2968.9756 0.689
 2969.0752 0.689
 2969.1748 0.689
 2969.2744 0.689
 2969.3740 0.689
 2969.4736 0.689
 2969.5732 0.689
 2969.6729 0.689
 2969.7725 0.689
 2969.8721 0.689
 2969.9717 0.689
 2970.0713 0.689
 2970.1709 0.689
 2970.2705 0.689
 2970.3701 0.689
 2970.4697 0.689
 2970.5693 0.689
 2970.6689 0.689
 2970.7686 0.689
 2970.8682 0.689
 2970.9678 0.689
 2971.0674 0.689
 2971.1670 0.689
 2971.2666 0.690
 2971.3662 0.690
 2971.4658 0.690
 2971.5654 0.690
 2971.6650 0.690
 2971.7646 0.690
 2971.8643 0.690
 2971.9639 0.690
 2972.0635 0.690
 2972.1631 0.690
 2972.2627 0.690
 2972.3623 0.689
 2972.4619 0.689
 2972.5615 0.689
 2972.6611 0.689
 2972.7607 0.689
 2972.8604 0.689
 2972.9600 0.689
 2973.0596 0.689
 2973.1592 0.690
 2973.2588 0.690
 2973.3584 0.690
 2973.4580 0.690
 2973.5576 0.690
 2973.6572 0.690
 2973.7568 0.690
 2973.8564 0.690
 2973.9561 0.690
 2974.0557 0.690
 2974.1553 0.690
 2974.2549 0.690
 2974.3545 0.690
 2974.4541 0.690
 2974.5537 0.690
 2974.6533 0.690
 2974.7529 0.690
 2974.8525 0.690
 2974.9521 0.690
 2975.0518 0.690
 2975.1514 0.691
 2975.2510 0.691
 2975.3506 0.691
 2975.4502 0.691
 2975.5498 0.691
 2975.6494 0.691
 2975.7490 0.691
 2975.8486 0.691
 2975.9482 0.691
 2976.0479 0.691
 2976.1475 0.691
 2976.2471 0.690
 2976.3467 0.690
 2976.4463 0.690
 2976.5459 0.690
 2976.6455 0.690
 2976.7451 0.690
 2976.8447 0.690
 2976.9443 0.691
 2977.0439 0.691
 2977.1436 0.691
 2977.2432 0.691
 2977.3428 0.691
 2977.4424 0.691
 2977.5420 0.691
 2977.6416 0.691
 2977.7412 0.691
 2977.8408 0.691
 2977.9404 0.691
 2978.0400 0.691
 2978.1396 0.691
 2978.2393 0.692
 2978.3389 0.692
 2978.4385 0.692
 2978.5381 0.692
 2978.6377 0.692
 2978.7373 0.692
 2978.8369 0.692
 2978.9365 0.692
 2979.0361 0.692
 2979.1357 0.692
 2979.2354 0.691
 2979.3350 0.691
 2979.4346 0.691
 2979.5342 0.691
 2979.6338 0.691
 2979.7334 0.691
 2979.8330 0.691
 2979.9326 0.691
 2980.0322 0.691
 2980.1318 0.691
 2980.2314 0.691
 2980.3311 0.692
 2980.4307 0.692
 2980.5303 0.692
 2980.6299 0.692
 2980.7295 0.692
 2980.8291 0.692
 2980.9287 0.692
 2981.0283 0.692
 2981.1279 0.692
 2981.2275 0.692
 2981.3271 0.692
 2981.4268 0.692
 2981.5264 0.692
 2981.6260 0.692
 2981.7256 0.692
 2981.8252 0.692
 2981.9248 0.692
 2982.0244 0.692
 2982.1240 0.692
 2982.2236 0.692
 2982.3232 0.692
 2982.4229 0.692
 2982.5225 0.692
 2982.6221 0.692
 2982.7217 0.692
 2982.8213 0.692
 2982.9209 0.692
 2983.0205 0.692
 2983.1201 0.692
 2983.2197 0.692
 2983.3193 0.692
 2983.4189 0.692
 2983.5186 0.692
 2983.6182 0.692
 2983.7178 0.692
 2983.8174 0.692
 2983.9170 0.692
 2984.0166 0.692
 2984.1162 0.693
 2984.2158 0.693
 2984.3154 0.693
 2984.4150 0.693
 2984.5146 0.692
 2984.6143 0.692
 2984.7139 0.692
 2984.8135 0.692
 2984.9131 0.692
 2985.0127 0.692
 2985.1123 0.692
 2985.2119 0.692
 2985.3115 0.692
 2985.4111 0.692
 2985.5107 0.692
 2985.6104 0.693
 2985.7100 0.693
 2985.8096 0.693
 2985.9092 0.693
 2986.0088 0.693
 2986.1084 0.693
 2986.2080 0.693
 2986.3076 0.693
 2986.4072 0.693
 2986.5068 0.693
 2986.6064 0.693
 2986.7061 0.693
 2986.8057 0.693
 2986.9053 0.693
 2987.0049 0.693
 2987.1045 0.693
 2987.2041 0.693
 2987.3037 0.693
 2987.4033 0.693
 2987.5029 0.693
 2987.6025 0.693
 2987.7021 0.693
 2987.8018 0.693
 2987.9014 0.693
 2988.0010 0.693
 2988.1006 0.693
 2988.2002 0.693
 2988.2998 0.693
 2988.3994 0.693
 2988.4990 0.693
 2988.5986 0.693
 2988.6982 0.693
 2988.7979 0.693
 2988.8975 0.693
 2988.9971 0.694
 2989.0967 0.694
 2989.1963 0.694
 2989.2959 0.694
 2989.3955 0.694
 2989.4951 0.694
 2989.5947 0.694
 2989.6943 0.694
 2989.7939 0.694
 2989.8936 0.694
 2989.9932 0.694
 2990.0928 0.694
 2990.1924 0.694
 2990.2920 0.694
 2990.3916 0.694
 2990.4912 0.694
 2990.5908 0.694
 2990.6904 0.694
 2990.7900 0.694
 2990.8896 0.694
 2990.9893 0.694
 2991.0889 0.694
 2991.1885 0.694
 2991.2881 0.694
 2991.3877 0.694
 2991.4873 0.694
 2991.5869 0.694
 2991.6865 0.694
 2991.7861 0.694
 2991.8857 0.694
 2991.9854 0.694
 2992.0850 0.694
 2992.1846 0.694
 2992.2842 0.694
 2992.3838 0.695
 2992.4834 0.695
 2992.5830 0.695
 2992.6826 0.695
 2992.7822 0.695
 2992.8818 0.695
 2992.9814 0.695
 2993.0811 0.695
 2993.1807 0.694
 2993.2803 0.694
 2993.3799 0.694
 2993.4795 0.694
 2993.5791 0.694
 2993.6787 0.694
 2993.7783 0.694
 2993.8779 0.694
 2993.9775 0.694
 2994.0771 0.694
 2994.1768 0.694
 2994.2764 0.695
 2994.3760 0.695
 2994.4756 0.695
 2994.5752 0.695
 2994.6748 0.695
 2994.7744 0.695
 2994.8740 0.695
 2994.9736 0.695
 2995.0732 0.695
 2995.1729 0.695
 2995.2725 0.695
 2995.3721 0.695
 2995.4717 0.695
 2995.5713 0.695
 2995.6709 0.695
 2995.7705 0.695
 2995.8701 0.695
 2995.9697 0.695
 2996.0693 0.694
 2996.1689 0.694
 2996.2686 0.694
 2996.3682 0.694
 2996.4678 0.694
 2996.5674 0.695
 2996.6670 0.695
 2996.7666 0.695
 2996.8662 0.695
 2996.9658 0.695
 2997.0654 0.695
 2997.1650 0.695
 2997.2646 0.695
 2997.3643 0.695
 2997.4639 0.695
 2997.5635 0.695
 2997.6631 0.695
 2997.7627 0.695
 2997.8623 0.695
 2997.9619 0.695
 2998.0615 0.695
 2998.1611 0.695
 2998.2607 0.695
 2998.3604 0.695
 2998.4600 0.695
 2998.5596 0.695
 2998.6592 0.695
 2998.7588 0.695
 2998.8584 0.695
 2998.9580 0.695
 2999.0576 0.696
 2999.1572 0.696
 2999.2568 0.696
 2999.3564 0.696
 2999.4561 0.696
 2999.5557 0.696
 2999.6553 0.696
 2999.7549 0.696
 2999.8545 0.696
 2999.9541 0.696
 3000.0537 0.696
 3000.1533 0.696
 3000.2529 0.696
 3000.3525 0.696
 3000.4521 0.695
 3000.5518 0.695
 3000.6514 0.695
 3000.7510 0.695
 3000.8506 0.695
 3000.9502 0.696
 3001.0498 0.696
 3001.1494 0.696
 3001.2490 0.696
 3001.3486 0.696
 3001.4482 0.696
 3001.5479 0.696
 3001.6475 0.696
 3001.7471 0.696
 3001.8467 0.697
 3001.9463 0.697
 3002.0459 0.697
 3002.1455 0.697
 3002.2451 0.697
 3002.3447 0.697
 3002.4443 0.697
 3002.5439 0.697
 3002.6436 0.697
 3002.7432 0.697
 3002.8428 0.697
 3002.9424 0.697
 3003.0420 0.697
 3003.1416 0.696
 3003.2412 0.696
 3003.3408 0.696
 3003.4404 0.696
 3003.5400 0.696
 3003.6396 0.696
 3003.7393 0.696
 3003.8389 0.696
 3003.9385 0.697
 3004.0381 0.697
 3004.1377 0.697
 3004.2373 0.697
 3004.3369 0.697
 3004.4365 0.697
 3004.5361 0.697
 3004.6357 0.697
 3004.7354 0.697
 3004.8350 0.696
 3004.9346 0.696
 3005.0342 0.696
 3005.1338 0.696
 3005.2334 0.696
 3005.3330 0.696
 3005.4326 0.696
 3005.5322 0.696
 3005.6318 0.696
 3005.7314 0.696
 3005.8311 0.696
 3005.9307 0.697
 3006.0303 0.697
 3006.1299 0.697
 3006.2295 0.697
 3006.3291 0.697
 3006.4287 0.697
 3006.5283 0.697
 3006.6279 0.697
 3006.7275 0.697
 3006.8271 0.697
 3006.9268 0.697
 3007.0264 0.697
 3007.1260 0.698
 3007.2256 0.698
 3007.3252 0.698
 3007.4248 0.698
 3007.5244 0.698
 3007.6240 0.698
 3007.7236 0.698
 3007.8232 0.698
 3007.9229 0.698
 3008.0225 0.698
 3008.1221 0.698
 3008.2217 0.698
 3008.3213 0.698
 3008.4209 0.697
 3008.5205 0.697
 3008.6201 0.697
 3008.7197 0.697
 3008.8193 0.697
 3008.9189 0.697
 3009.0186 0.697
 3009.1182 0.697
 3009.2178 0.697
 3009.3174 0.697
 3009.4170 0.697
 3009.5166 0.697
 3009.6162 0.698
 3009.7158 0.698
 3009.8154 0.698
 3009.9150 0.698
 3010.0146 0.698
 3010.1143 0.698
 3010.2139 0.698
 3010.3135 0.698
 3010.4131 0.698
 3010.5127 0.698
 3010.6123 0.698
 3010.7119 0.699
 3010.8115 0.699
 3010.9111 0.699
 3011.0107 0.699
 3011.1104 0.699
 3011.2100 0.699
 3011.3096 0.699
 3011.4092 0.699
 3011.5088 0.699
 3011.6084 0.698
 3011.7080 0.698
 3011.8076 0.698
 3011.9072 0.698
 3012.0068 0.698
 3012.1064 0.698
 3012.2061 0.698
 3012.3057 0.698
 3012.4053 0.698
 3012.5049 0.698
 3012.6045 0.698
 3012.7041 0.699
 3012.8037 0.699
 3012.9033 0.699
 3013.0029 0.699
 3013.1025 0.699
 3013.2021 0.699
 3013.3018 0.699
 3013.4014 0.699
 3013.5010 0.699
 3013.6006 0.699
 3013.7002 0.699
 3013.7998 0.699
 3013.8994 0.699
 3013.9990 0.699
 3014.0986 0.700
 3014.1982 0.700
 3014.2979 0.700
 3014.3975 0.700
 3014.4971 0.700
 3014.5967 0.700
 3014.6963 0.699
 3014.7959 0.699
 3014.8955 0.699
 3014.9951 0.699
 3015.0947 0.699
 3015.1943 0.699
 3015.2939 0.699
 3015.3936 0.699
 3015.4932 0.699
 3015.5928 0.699
 3015.6924 0.700
 3015.7920 0.700
 3015.8916 0.700
 3015.9912 0.700
 3016.0908 0.700
 3016.1904 0.700
 3016.2900 0.700
 3016.3896 0.700
 3016.4893 0.700
 3016.5889 0.700
 3016.6885 0.700
 3016.7881 0.700
 3016.8877 0.700
 3016.9873 0.700
 3017.0869 0.700
 3017.1865 0.699
 3017.2861 0.699
 3017.3857 0.699
 3017.4854 0.699
 3017.5850 0.699
 3017.6846 0.700
 3017.7842 0.700
 3017.8838 0.700
 3017.9834 0.700
 3018.0830 0.700
 3018.1826 0.700
 3018.2822 0.700
 3018.3818 0.700
 3018.4814 0.700
 3018.5811 0.700
 3018.6807 0.700
 3018.7803 0.700
 3018.8799 0.700
 3018.9795 0.700
 3019.0791 0.700
 3019.1787 0.700
 3019.2783 0.701
 3019.3779 0.701
 3019.4775 0.701
 3019.5771 0.701
 3019.6768 0.701
 3019.7764 0.701
 3019.8760 0.701
 3019.9756 0.701
 3020.0752 0.701
 3020.1748 0.701
 3020.2744 0.701
 3020.3740 0.701
 3020.4736 0.701
 3020.5732 0.701
 3020.6729 0.701
 3020.7725 0.701
 3020.8721 0.700
 3020.9717 0.700
 3021.0713 0.700
 3021.1709 0.700
 3021.2705 0.700
 3021.3701 0.700
 3021.4697 0.700
 3021.5693 0.700
 3021.6689 0.701
 3021.7686 0.701
 3021.8682 0.701
 3021.9678 0.701
 3022.0674 0.701
 3022.1670 0.701
 3022.2666 0.701
 3022.3662 0.701
 3022.4658 0.701
 3022.5654 0.701
 3022.6650 0.701
 3022.7646 0.701
 3022.8643 0.701
 3022.9639 0.701
 3023.0635 0.701
 3023.1631 0.701
 3023.2627 0.701
 3023.3623 0.701
 3023.4619 0.701
 3023.5615 0.701
 3023.6611 0.702
 3023.7607 0.702
 3023.8604 0.702
 3023.9600 0.702
 3024.0596 0.702
 3024.1592 0.702
 3024.2588 0.701
 3024.3584 0.701
 3024.4580 0.701
 3024.5576 0.701
 3024.6572 0.701
 3024.7568 0.701
 3024.8564 0.701
 3024.9561 0.701
 3025.0557 0.701
 3025.1553 0.701
 3025.2549 0.702
 3025.3545 0.702
 3025.4541 0.702
 3025.5537 0.702
 3025.6533 0.702
 3025.7529 0.702
 3025.8525 0.702
 3025.9521 0.702
 3026.0518 0.702
 3026.1514 0.702
 3026.2510 0.702
 3026.3506 0.702
 3026.4502 0.702
 3026.5498 0.702
 3026.6494 0.702
 3026.7490 0.702
 3026.8486 0.702
 3026.9482 0.702
 3027.0479 0.702
 3027.1475 0.703
 3027.2471 0.703
 3027.3467 0.703
 3027.4463 0.703
 3027.5459 0.703
 3027.6455 0.703
 3027.7451 0.703
 3027.8447 0.703
 3027.9443 0.702
 3028.0439 0.702
 3028.1436 0.702
 3028.2432 0.702
 3028.3428 0.702
 3028.4424 0.702
 3028.5420 0.702
 3028.6416 0.702
 3028.7412 0.702
 3028.8408 0.702
 3028.9404 0.703
 3029.0400 0.703
 3029.1396 0.703
 3029.2393 0.703
 3029.3389 0.703
 3029.4385 0.703
 3029.5381 0.703
 3029.6377 0.703
 3029.7373 0.703
 3029.8369 0.703
 3029.9365 0.703
 3030.0361 0.703
 3030.1357 0.703
 3030.2354 0.703
 3030.3350 0.703
 3030.4346 0.703
 3030.5342 0.703
 3030.6338 0.703
 3030.7334 0.703
 3030.8330 0.703
 3030.9326 0.703
 3031.0322 0.703
 3031.1318 0.703
 3031.2314 0.703
 3031.3311 0.703
 3031.4307 0.703
 3031.5303 0.703
 3031.6299 0.703
 3031.7295 0.703
 3031.8291 0.703
 3031.9287 0.703
 3032.0283 0.703
 3032.1279 0.703
 3032.2275 0.703
 3032.3271 0.704
 3032.4268 0.704
 3032.5264 0.704
 3032.6260 0.704
 3032.7256 0.704
 3032.8252 0.704
 3032.9248 0.704
 3033.0244 0.704
 3033.1240 0.704
 3033.2236 0.704
 3033.3232 0.704
 3033.4229 0.704
 3033.5225 0.704
 3033.6221 0.704
 3033.7217 0.704
 3033.8213 0.704
 3033.9209 0.704
 3034.0205 0.704
 3034.1201 0.704
 3034.2197 0.704
 3034.3193 0.704
 3034.4189 0.704
 3034.5186 0.704
 3034.6182 0.704
 3034.7178 0.704
 3034.8174 0.704
 3034.9170 0.704
 3035.0166 0.704
 3035.1162 0.704
 3035.2158 0.704
 3035.3154 0.704
 3035.4150 0.704
 3035.5146 0.704
 3035.6143 0.704
 3035.7139 0.704
 3035.8135 0.704
 3035.9131 0.704
 3036.0127 0.705
 3036.1123 0.705
 3036.2119 0.705
 3036.3115 0.705
 3036.4111 0.705
 3036.5107 0.704
 3036.6104 0.704
 3036.7100 0.704
 3036.8096 0.704
 3036.9092 0.704
 3037.0088 0.704
 3037.1084 0.704
 3037.2080 0.704
 3037.3076 0.704
 3037.4072 0.704
 3037.5068 0.705
 3037.6064 0.705
 3037.7061 0.705
 3037.8057 0.705
 3037.9053 0.705
 3038.0049 0.705
 3038.1045 0.705
 3038.2041 0.705
 3038.3037 0.705
 3038.4033 0.705
 3038.5029 0.705
 3038.6025 0.704
 3038.7021 0.704
 3038.8018 0.704
 3038.9014 0.704
 3039.0010 0.704
 3039.1006 0.704
 3039.2002 0.704
 3039.2998 0.704
 3039.3994 0.705
 3039.4990 0.705
 3039.5986 0.705
 3039.6982 0.705
 3039.7979 0.705
 3039.8975 0.705
 3039.9971 0.705
 3040.0967 0.705
 3040.1963 0.705
 3040.2959 0.705
 3040.3955 0.705
 3040.4951 0.706
 3040.5947 0.706
 3040.6943 0.706
 3040.7939 0.706
 3040.8936 0.706
 3040.9932 0.706
 3041.0928 0.706
 3041.1924 0.706
 3041.2920 0.706
 3041.3916 0.706
 3041.4912 0.706
 3041.5908 0.706
 3041.6904 0.706
 3041.7900 0.706
 3041.8896 0.706
 3041.9893 0.706
 3042.0889 0.705
 3042.1885 0.705
 3042.2881 0.705
 3042.3877 0.705
 3042.4873 0.705
 3042.5869 0.705
 3042.6865 0.705
 3042.7861 0.706
 3042.8857 0.706
 3042.9854 0.706
 3043.0850 0.706
 3043.1846 0.706
 3043.2842 0.706
 3043.3838 0.706
 3043.4834 0.706
 3043.5830 0.706
 3043.6826 0.706
 3043.7822 0.706
 3043.8818 0.706
 3043.9814 0.706
 3044.0811 0.705
 3044.1807 0.705
 3044.2803 0.705
 3044.3799 0.705
 3044.4795 0.705
 3044.5791 0.706
 3044.6787 0.706
 3044.7783 0.706
 3044.8779 0.706
 3044.9775 0.706
 3045.0771 0.706
 3045.1768 0.706
 3045.2764 0.706
 3045.3760 0.706
 3045.4756 0.706
 3045.5752 0.706
 3045.6748 0.706
 3045.7744 0.706
 3045.8740 0.706
 3045.9736 0.706
 3046.0732 0.706
 3046.1729 0.706
 3046.2725 0.706
 3046.3721 0.706
 3046.4717 0.706
 3046.5713 0.706
 3046.6709 0.706
 3046.7705 0.706
 3046.8701 0.706
 3046.9697 0.707
 3047.0693 0.707
 3047.1689 0.707
 3047.2686 0.707
 3047.3682 0.707
 3047.4678 0.707
 3047.5674 0.707
 3047.6670 0.707
 3047.7666 0.707
 3047.8662 0.707
 3047.9658 0.707
 3048.0654 0.707
 3048.1650 0.707
 3048.2646 0.706
 3048.3643 0.706
 3048.4639 0.706
 3048.5635 0.706
 3048.6631 0.706
 3048.7627 0.706
 3048.8623 0.706
 3048.9619 0.706
 3049.0615 0.706
 3049.1611 0.707
 3049.2607 0.707
 3049.3604 0.707
 3049.4600 0.707
 3049.5596 0.707
 3049.6592 0.707
 3049.7588 0.707
 3049.8584 0.707
 3049.9580 0.707
 3050.0576 0.707
 3050.1572 0.707
 3050.2568 0.706
 3050.3564 0.706
 3050.4561 0.706
 3050.5557 0.706
 3050.6553 0.706
 3050.7549 0.707
 3050.8545 0.707
 3050.9541 0.707
 3051.0537 0.707
 3051.1533 0.707
 3051.2529 0.707
 3051.3525 0.707
 3051.4521 0.707
 3051.5518 0.707
 3051.6514 0.707
 3051.7510 0.708
 3051.8506 0.708
 3051.9502 0.708
 3052.0498 0.708
 3052.1494 0.708
 3052.2490 0.708
 3052.3486 0.708
 3052.4482 0.708
 3052.5479 0.708
 3052.6475 0.708
 3052.7471 0.708
 3052.8467 0.708
 3052.9463 0.708
 3053.0459 0.707
 3053.1455 0.707
 3053.2451 0.707
 3053.3447 0.707
 3053.4443 0.707
 3053.5439 0.707
 3053.6436 0.707
 3053.7432 0.707
 3053.8428 0.708
 3053.9424 0.708
 3054.0420 0.708
 3054.1416 0.708
 3054.2412 0.708
 3054.3408 0.708
 3054.4404 0.708
 3054.5400 0.708
 3054.6396 0.708
 3054.7393 0.708
 3054.8389 0.708
 3054.9385 0.708
 3055.0381 0.708
 3055.1377 0.708
 3055.2373 0.708
 3055.3369 0.708
 3055.4365 0.708
 3055.5361 0.708
 3055.6357 0.708
 3055.7354 0.708
 3055.8350 0.708
 3055.9346 0.708
 3056.0342 0.708
 3056.1338 0.708
 3056.2334 0.708
 3056.3330 0.708
 3056.4326 0.708
 3056.5322 0.708
 3056.6318 0.708
 3056.7314 0.708
 3056.8311 0.708
 3056.9307 0.708
 3057.0303 0.708
 3057.1299 0.709
 3057.2295 0.709
 3057.3291 0.709
 3057.4287 0.709
 3057.5283 0.709
 3057.6279 0.709
 3057.7275 0.709
 3057.8271 0.709
 3057.9268 0.709
 3058.0264 0.709
 3058.1260 0.709
 3058.2256 0.709
 3058.3252 0.709
 3058.4248 0.709
 3058.5244 0.708
 3058.6240 0.708
 3058.7236 0.708
 3058.8232 0.708
 3058.9229 0.708
 3059.0225 0.708
 3059.1221 0.708
 3059.2217 0.708
 3059.3213 0.708
 3059.4209 0.709
 3059.5205 0.709
 3059.6201 0.709
 3059.7197 0.709
 3059.8193 0.709
 3059.9189 0.709
 3060.0186 0.709
 3060.1182 0.709
 3060.2178 0.709
 3060.3174 0.709
 3060.4170 0.709
 3060.5166 0.709
 3060.6162 0.709
 3060.7158 0.709
 3060.8154 0.709
 3060.9150 0.709
 3061.0146 0.709
 3061.1143 0.709
 3061.2139 0.709
 3061.3135 0.709
 3061.4131 0.709
 3061.5127 0.709
 3061.6123 0.709
 3061.7119 0.710
 3061.8115 0.709
 3061.9111 0.709
 3062.0107 0.709
 3062.1104 0.709
 3062.2100 0.710
 3062.3096 0.710
 3062.4092 0.710
 3062.5088 0.710
 3062.6084 0.710
 3062.7080 0.710
 3062.8076 0.710
 3062.9072 0.710
 3063.0068 0.710
 3063.1064 0.710
 3063.2061 0.710
 3063.3057 0.710
 3063.4053 0.710
 3063.5049 0.710
 3063.6045 0.710
 3063.7041 0.710
 3063.8037 0.710
 3063.9033 0.710
 3064.0029 0.709
 3064.1025 0.709
 3064.2021 0.709
 3064.3018 0.709
 3064.4014 0.709
 3064.5010 0.710
 3064.6006 0.710
 3064.7002 0.710
 3064.7998 0.710
 3064.8994 0.710
 3064.9990 0.710
 3065.0986 0.710
 3065.1982 0.710
 3065.2979 0.710
 3065.3975 0.710
 3065.4971 0.710
 3065.5967 0.710
 3065.6963 0.710
 3065.7959 0.710
 3065.8955 0.710
 3065.9951 0.710
 3066.0947 0.710
 3066.1943 0.710
 3066.2939 0.710
 3066.3936 0.710
 3066.4932 0.710
 3066.5928 0.710
 3066.6924 0.710
 3066.7920 0.710
 3066.8916 0.711
 3066.9912 0.711
 3067.0908 0.711
 3067.1904 0.711
 3067.2900 0.711
 3067.3896 0.711
 3067.4893 0.711
 3067.5889 0.711
 3067.6885 0.711
 3067.7881 0.711
 3067.8877 0.711
 3067.9873 0.711
 3068.0869 0.711
 3068.1865 0.711
 3068.2861 0.711
 3068.3857 0.711
 3068.4854 0.711
 3068.5850 0.711
 3068.6846 0.711
 3068.7842 0.711
 3068.8838 0.711
 3068.9834 0.711
 3069.0830 0.711
 3069.1826 0.711
 3069.2822 0.712
 3069.3818 0.712
 3069.4814 0.712
 3069.5811 0.711
 3069.6807 0.711
 3069.7803 0.712
 3069.8799 0.712
 3069.9795 0.712
 3070.0791 0.712
 3070.1787 0.712
 3070.2783 0.712
 3070.3779 0.712
 3070.4775 0.712
 3070.5771 0.711
 3070.6768 0.711
 3070.7764 0.711
 3070.8760 0.711
 3070.9756 0.711
 3071.0752 0.711
 3071.1748 0.711
 3071.2744 0.712
 3071.3740 0.712
 3071.4736 0.712
 3071.5732 0.712
 3071.6729 0.712
 3071.7725 0.712
 3071.8721 0.712
 3071.9717 0.712
 3072.0713 0.712
 3072.1709 0.712
 3072.2705 0.712
 3072.3701 0.712
 3072.4697 0.712
 3072.5693 0.712
 3072.6689 0.712
 3072.7686 0.712
 3072.8682 0.712
 3072.9678 0.712
 3073.0674 0.712
 3073.1670 0.712
 3073.2666 0.712
 3073.3662 0.712
 3073.4658 0.712
 3073.5654 0.712
 3073.6650 0.712
 3073.7646 0.712
 3073.8643 0.712
 3073.9639 0.712
 3074.0635 0.712
 3074.1631 0.712
 3074.2627 0.712
 3074.3623 0.712
 3074.4619 0.712
 3074.5615 0.712
 3074.6611 0.712
 3074.7607 0.713
 3074.8604 0.713
 3074.9600 0.713
 3075.0596 0.713
 3075.1592 0.713
 3075.2588 0.713
 3075.3584 0.713
 3075.4580 0.713
 3075.5576 0.713
 3075.6572 0.713
 3075.7568 0.713
 3075.8564 0.713
 3075.9561 0.713
 3076.0557 0.713
 3076.1553 0.713
 3076.2549 0.713
 3076.3545 0.713
 3076.4541 0.713
 3076.5537 0.713
 3076.6533 0.713
 3076.7529 0.713
 3076.8525 0.713
 3076.9521 0.713
 3077.0518 0.713
 3077.1514 0.713
 3077.2510 0.713
 3077.3506 0.712
 3077.4502 0.712
 3077.5498 0.712
 3077.6494 0.712
 3077.7490 0.712
 3077.8486 0.712
 3077.9482 0.712
 3078.0479 0.712
 3078.1475 0.712
 3078.2471 0.713
 3078.3467 0.713
 3078.4463 0.713
 3078.5459 0.713
 3078.6455 0.713
 3078.7451 0.713
 3078.8447 0.713
 3078.9443 0.713
 3079.0439 0.713
 3079.1436 0.713
 3079.2432 0.714
 3079.3428 0.714
 3079.4424 0.714
 3079.5420 0.714
 3079.6416 0.714
 3079.7412 0.714
 3079.8408 0.713
 3079.9404 0.713
 3080.0400 0.713
 3080.1396 0.713
 3080.2393 0.713
 3080.3389 0.713
 3080.4385 0.713
 3080.5381 0.713
 3080.6377 0.713
 3080.7373 0.714
 3080.8369 0.714
 3080.9365 0.714
 3081.0361 0.714
 3081.1357 0.714
 3081.2354 0.714
 3081.3350 0.714
 3081.4346 0.714
 3081.5342 0.714
 3081.6338 0.714
 3081.7334 0.714
 3081.8330 0.714
 3081.9326 0.714
 3082.0322 0.714
 3082.1318 0.714
 3082.2314 0.714
 3082.3311 0.714
 3082.4307 0.714
 3082.5303 0.714
 3082.6299 0.713
 3082.7295 0.713
 3082.8291 0.713
 3082.9287 0.713
 3083.0283 0.713
 3083.1279 0.713
 3083.2275 0.713
 3083.3271 0.713
 3083.4268 0.713
 3083.5264 0.713
 3083.6260 0.714
 3083.7256 0.714
 3083.8252 0.714
 3083.9248 0.714
 3084.0244 0.714
 3084.1240 0.714
 3084.2236 0.714
 3084.3232 0.714
 3084.4229 0.714
 3084.5225 0.714
 3084.6221 0.714
 3084.7217 0.714
 3084.8213 0.714
 3084.9209 0.714
 3085.0205 0.714
 3085.1201 0.714
 3085.2197 0.714
 3085.3193 0.715
 3085.4189 0.715
 3085.5186 0.715
 3085.6182 0.715
 3085.7178 0.715
 3085.8174 0.715
 3085.9170 0.715
 3086.0166 0.715
 3086.1162 0.715
 3086.2158 0.715
 3086.3154 0.714
 3086.4150 0.714
 3086.5146 0.714
 3086.6143 0.714
 3086.7139 0.714
 3086.8135 0.714
 3086.9131 0.714
 3087.0127 0.715
 3087.1123 0.715
 3087.2119 0.715
 3087.3115 0.715
 3087.4111 0.715
 3087.5107 0.715
 3087.6104 0.715
 3087.7100 0.715
 3087.8096 0.715
 3087.9092 0.716
 3088.0088 0.716
 3088.1084 0.716
 3088.2080 0.715
 3088.3076 0.715
 3088.4072 0.715
 3088.5068 0.715
 3088.6064 0.715
 3088.7061 0.715
 3088.8057 0.715
 3088.9053 0.715
 3089.0049 0.715
 3089.1045 0.715
 3089.2041 0.715
 3089.3037 0.715
 3089.4033 0.716
 3089.5029 0.716
 3089.6025 0.716
 3089.7021 0.716
 3089.8018 0.716
 3089.9014 0.716
 3090.0010 0.716
 3090.1006 0.716
 3090.2002 0.716
 3090.2998 0.716
 3090.3994 0.716
 3090.4990 0.715
 3090.5986 0.715
 3090.6982 0.715
 3090.7979 0.715
 3090.8975 0.715
 3090.9971 0.715
 3091.0967 0.716
 3091.1963 0.716
 3091.2959 0.716
 3091.3955 0.716
 3091.4951 0.716
 3091.5947 0.716
 3091.6943 0.716
 3091.7939 0.716
 3091.8936 0.716
 3091.9932 0.716
 3092.0928 0.717
 3092.1924 0.716
 3092.2920 0.716
 3092.3916 0.716
 3092.4912 0.716
 3092.5908 0.716
 3092.6904 0.716
 3092.7900 0.716
 3092.8896 0.716
 3092.9893 0.716
 3093.0889 0.716
 3093.1885 0.716
 3093.2881 0.716
 3093.3877 0.716
 3093.4873 0.716
 3093.5869 0.717
 3093.6865 0.717
 3093.7861 0.717
 3093.8857 0.717
 3093.9854 0.717
 3094.0850 0.717
 3094.1846 0.717
 3094.2842 0.717
 3094.3838 0.717
 3094.4834 0.717
 3094.5830 0.717
 3094.6826 0.717
 3094.7822 0.717
 3094.8818 0.717
 3094.9814 0.717
 3095.0811 0.717
 3095.1807 0.717
 3095.2803 0.717
 3095.3799 0.717
 3095.4795 0.717
 3095.5791 0.717
 3095.6787 0.717
 3095.7783 0.717
 3095.8779 0.717
 3095.9775 0.717
 3096.0771 0.717
 3096.1768 0.717
 3096.2764 0.717
 3096.3760 0.717
 3096.4756 0.717
 3096.5752 0.718
 3096.6748 0.718
 3096.7744 0.717
 3096.8740 0.717
 3096.9736 0.717
 3097.0732 0.717
 3097.1729 0.717
 3097.2725 0.717
 3097.3721 0.717
 3097.4717 0.717
 3097.5713 0.717
 3097.6709 0.717
 3097.7705 0.717
 3097.8701 0.717
 3097.9697 0.718
 3098.0693 0.718
 3098.1689 0.718
 3098.2686 0.718
 3098.3682 0.718
 3098.4678 0.718
 3098.5674 0.718
 3098.6670 0.718
 3098.7666 0.718
 3098.8662 0.718
 3098.9658 0.718
 3099.0654 0.718
 3099.1650 0.718
 3099.2646 0.718
 3099.3643 0.718
 3099.4639 0.718
 3099.5635 0.718
 3099.6631 0.718
 3099.7627 0.718
 3099.8623 0.718
 3099.9619 0.718
 3100.0615 0.717
 3100.1611 0.717
 3100.2607 0.717
 3100.3604 0.717
 3100.4600 0.717
 3100.5596 0.717
 3100.6592 0.717
 3100.7588 0.717
 3100.8584 0.717
 3100.9580 0.718
 3101.0576 0.718
 3101.1572 0.718
 3101.2568 0.718
 3101.3564 0.718
 3101.4561 0.718
 3101.5557 0.718
 3101.6553 0.718
 3101.7549 0.718
 3101.8545 0.718
 3101.9541 0.718
 3102.0537 0.718
 3102.1533 0.718
 3102.2529 0.718
 3102.3525 0.718
 3102.4521 0.718
 3102.5518 0.718
 3102.6514 0.718
 3102.7510 0.718
 3102.8506 0.718
 3102.9502 0.718
 3103.0498 0.718
 3103.1494 0.718
 3103.2490 0.718
 3103.3486 0.719
 3103.4482 0.719
 3103.5479 0.719
 3103.6475 0.719
 3103.7471 0.719
 3103.8467 0.719
 3103.9463 0.719
 3104.0459 0.719
 3104.1455 0.719
 3104.2451 0.718
 3104.3447 0.718
 3104.4443 0.718
 3104.5439 0.718
 3104.6436 0.718
 3104.7432 0.718
 3104.8428 0.719
 3104.9424 0.719
 3105.0420 0.719
 3105.1416 0.719
 3105.2412 0.719
 3105.3408 0.719
 3105.4404 0.719
 3105.5400 0.719
 3105.6396 0.719
 3105.7393 0.719
 3105.8389 0.719
 3105.9385 0.719
 3106.0381 0.719
 3106.1377 0.719
 3106.2373 0.718
 3106.3369 0.718
 3106.4365 0.718
 3106.5361 0.718
 3106.6357 0.718
 3106.7354 0.719
 3106.8350 0.719
 3106.9346 0.719
 3107.0342 0.719
 3107.1338 0.719
 3107.2334 0.719
 3107.3330 0.719
 3107.4326 0.719
 3107.5322 0.719
 3107.6318 0.719
 3107.7314 0.719
 3107.8311 0.719
 3107.9307 0.719
 3108.0303 0.719
 3108.1299 0.719
 3108.2295 0.719
 3108.3291 0.719
 3108.4287 0.719
 3108.5283 0.719
 3108.6279 0.719
 3108.7275 0.719
 3108.8271 0.719
 3108.9268 0.720
 3109.0264 0.720
 3109.1260 0.720
 3109.2256 0.720
 3109.3252 0.720
 3109.4248 0.720
 3109.5244 0.720
 3109.6240 0.720
 3109.7236 0.720
 3109.8232 0.720
 3109.9229 0.720
 3110.0225 0.720
 3110.1221 0.719
 3110.2217 0.719
 3110.3213 0.719
 3110.4209 0.719
 3110.5205 0.719
 3110.6201 0.719
 3110.7197 0.719
 3110.8193 0.719
 3110.9189 0.720
 3111.0186 0.720
 3111.1182 0.720
 3111.2178 0.720
 3111.3174 0.720
 3111.4170 0.720
 3111.5166 0.720
 3111.6162 0.720
 3111.7158 0.720
 3111.8154 0.721
 3111.9150 0.721
 3112.0146 0.721
 3112.1143 0.721
 3112.2139 0.721
 3112.3135 0.721
 3112.4131 0.721
 3112.5127 0.721
 3112.6123 0.721
 3112.7119 0.721
 3112.8115 0.721
 3112.9111 0.721
 3113.0107 0.721
 3113.1104 0.721
 3113.2100 0.721
 3113.3096 0.721
 3113.4092 0.721
 3113.5088 0.721
 3113.6084 0.721
 3113.7080 0.721
 3113.8076 0.721
 3113.9072 0.720
 3114.0068 0.720
 3114.1064 0.720
 3114.2061 0.720
 3114.3057 0.720
 3114.4053 0.720
 3114.5049 0.720
 3114.6045 0.721
 3114.7041 0.721
 3114.8037 0.721
 3114.9033 0.721
 3115.0029 0.721
 3115.1025 0.721
 3115.2021 0.721
 3115.3018 0.721
 3115.4014 0.721
 3115.5010 0.721
 3115.6006 0.721
 3115.7002 0.721
 3115.7998 0.721
 3115.8994 0.721
 3115.9990 0.721
 3116.0986 0.721
 3116.1982 0.721
 3116.2979 0.721
 3116.3975 0.721
 3116.4971 0.721
 3116.5967 0.721
 3116.6963 0.721
 3116.7959 0.721
 3116.8955 0.722
 3116.9951 0.722
 3117.0947 0.722
 3117.1943 0.722
 3117.2939 0.722
 3117.3936 0.722
 3117.4932 0.721
 3117.5928 0.721
 3117.6924 0.721
 3117.7920 0.721
 3117.8916 0.721
 3117.9912 0.721
 3118.0908 0.721
 3118.1904 0.721
 3118.2900 0.721
 3118.3896 0.721
 3118.4893 0.722
 3118.5889 0.722
 3118.6885 0.722
 3118.7881 0.722
 3118.8877 0.722
 3118.9873 0.722
 3119.0869 0.722
 3119.1865 0.722
 3119.2861 0.722
 3119.3857 0.722
 3119.4854 0.722
 3119.5850 0.722
 3119.6846 0.722
 3119.7842 0.722
 3119.8838 0.722
 3119.9834 0.722
 3120.0830 0.722
 3120.1826 0.721
 3120.2822 0.721
 3120.3818 0.721
 3120.4814 0.721
 3120.5811 0.721
 3120.6807 0.722
 3120.7803 0.722
 3120.8799 0.722
 3120.9795 0.722
 3121.0791 0.722
 3121.1787 0.722
 3121.2783 0.722
 3121.3779 0.722
 3121.4775 0.723
 3121.5771 0.723
 3121.6768 0.723
 3121.7764 0.723
 3121.8760 0.723
 3121.9756 0.723
 3122.0752 0.723
 3122.1748 0.723
 3122.2744 0.723
 3122.3740 0.723
 3122.4736 0.723
 3122.5732 0.723
 3122.6729 0.722
 3122.7725 0.722
 3122.8721 0.722
 3122.9717 0.722
 3123.0713 0.722
 3123.1709 0.722
 3123.2705 0.722
 3123.3701 0.722
 3123.4697 0.722
 3123.5693 0.723
 3123.6689 0.723
 3123.7686 0.723
 3123.8682 0.723
 3123.9678 0.723
 3124.0674 0.723
 3124.1670 0.723
 3124.2666 0.723
 3124.3662 0.723
 3124.4658 0.723
 3124.5654 0.723
 3124.6650 0.723
 3124.7646 0.722
 3124.8643 0.722
 3124.9639 0.722
 3125.0635 0.722
 3125.1631 0.723
 3125.2627 0.723
 3125.3623 0.723
 3125.4619 0.723
 3125.5615 0.723
 3125.6611 0.723
 3125.7607 0.723
 3125.8604 0.723
 3125.9600 0.723
 3126.0596 0.723
 3126.1592 0.723
 3126.2588 0.723
 3126.3584 0.723
 3126.4580 0.723
 3126.5576 0.723
 3126.6572 0.723
 3126.7568 0.723
 3126.8564 0.723
 3126.9561 0.723
 3127.0557 0.723
 3127.1553 0.723
 3127.2549 0.723
 3127.3545 0.723
 3127.4541 0.723
 3127.5537 0.723
 3127.6533 0.723
 3127.7529 0.723
 3127.8525 0.723
 3127.9521 0.724
 3128.0518 0.724
 3128.1514 0.724
 3128.2510 0.724
 3128.3506 0.724
 3128.4502 0.724
 3128.5498 0.724
 3128.6494 0.724
 3128.7490 0.724
 3128.8486 0.724
 3128.9482 0.724
 3129.0479 0.724
 3129.1475 0.724
 3129.2471 0.724
 3129.3467 0.724
 3129.4463 0.723
 3129.5459 0.723
 3129.6455 0.723
 3129.7451 0.723
 3129.8447 0.724
 3129.9443 0.724
 3130.0439 0.724
 3130.1436 0.724
 3130.2432 0.724
 3130.3428 0.724
 3130.4424 0.724
 3130.5420 0.724
 3130.6416 0.724
 3130.7412 0.724
 3130.8408 0.724
 3130.9404 0.724
 3131.0400 0.724
 3131.1396 0.724
 3131.2393 0.724
 3131.3389 0.724
 3131.4385 0.724
 3131.5381 0.724
 3131.6377 0.724
 3131.7373 0.724
 3131.8369 0.724
 3131.9365 0.724
 3132.0361 0.724
 3132.1357 0.724
 3132.2354 0.725
 3132.3350 0.725
 3132.4346 0.725
 3132.5342 0.725
 3132.6338 0.725
 3132.7334 0.725
 3132.8330 0.725
 3132.9326 0.725
 3133.0322 0.725
 3133.1318 0.725
 3133.2314 0.725
 3133.3311 0.725
 3133.4307 0.724
 3133.5303 0.724
 3133.6299 0.724
 3133.7295 0.724
 3133.8291 0.724
 3133.9287 0.724
 3134.0283 0.724
 3134.1279 0.724
 3134.2275 0.724
 3134.3271 0.724
 3134.4268 0.725
 3134.5264 0.725
 3134.6260 0.725
 3134.7256 0.725
 3134.8252 0.725
 3134.9248 0.725
 3135.0244 0.725
 3135.1240 0.725
 3135.2236 0.725
 3135.3232 0.726
 3135.4229 0.726
 3135.5225 0.726
 3135.6221 0.726
 3135.7217 0.726
 3135.8213 0.726
 3135.9209 0.726
 3136.0205 0.726
 3136.1201 0.726
 3136.2197 0.726
 3136.3193 0.726
 3136.4189 0.726
 3136.5186 0.726
 3136.6182 0.726
 3136.7178 0.726
 3136.8174 0.726
 3136.9170 0.726
 3137.0166 0.726
 3137.1162 0.725
 3137.2158 0.725
 3137.3154 0.725
 3137.4150 0.725
 3137.5146 0.725
 3137.6143 0.725
 3137.7139 0.725
 3137.8135 0.725
 3137.9131 0.726
 3138.0127 0.726
 3138.1123 0.726
 3138.2119 0.726
 3138.3115 0.726
 3138.4111 0.726
 3138.5107 0.726
 3138.6104 0.726
 3138.7100 0.726
 3138.8096 0.726
 3138.9092 0.725
 3139.0088 0.725
 3139.1084 0.725
 3139.2080 0.725
 3139.3076 0.726
 3139.4072 0.726
 3139.5068 0.726
 3139.6064 0.726
 3139.7061 0.726
 3139.8057 0.726
 3139.9053 0.726
 3140.0049 0.727
 3140.1045 0.726
 3140.2041 0.726
 3140.3037 0.726
 3140.4033 0.726
 3140.5029 0.726
 3140.6025 0.726
 3140.7021 0.726
 3140.8018 0.726
 3140.9014 0.726
 3141.0010 0.726
 3141.1006 0.726
 3141.2002 0.726
 3141.2998 0.727
 3141.3994 0.727
 3141.4990 0.727
 3141.5986 0.727
 3141.6982 0.727
 3141.7979 0.727
 3141.8975 0.727
 3141.9971 0.727
 3142.0967 0.727
 3142.1963 0.726
 3142.2959 0.726
 3142.3955 0.726
 3142.4951 0.726
 3142.5947 0.726
 3142.6943 0.726
 3142.7939 0.726
 3142.8936 0.727
 3142.9932 0.727
 3143.0928 0.727
 3143.1924 0.727
 3143.2920 0.727
 3143.3916 0.727
 3143.4912 0.727
 3143.5908 0.727
 3143.6904 0.727
 3143.7900 0.727
 3143.8896 0.727
 3143.9893 0.727
 3144.0889 0.727
 3144.1885 0.727
 3144.2881 0.727
 3144.3877 0.727
 3144.4873 0.727
 3144.5869 0.727
 3144.6865 0.727
 3144.7861 0.727
 3144.8857 0.727
 3144.9854 0.727
 3145.0850 0.727
 3145.1846 0.727
 3145.2842 0.727
 3145.3838 0.727
 3145.4834 0.727
 3145.5830 0.728
 3145.6826 0.728
 3145.7822 0.728
 3145.8818 0.728
 3145.9814 0.728
 3146.0811 0.728
 3146.1807 0.728
 3146.2803 0.728
 3146.3799 0.728
 3146.4795 0.728
 3146.5791 0.728
 3146.6787 0.728
 3146.7783 0.728
 3146.8779 0.728
 3146.9775 0.728
 3147.0771 0.728
 3147.1768 0.728
 3147.2764 0.728
 3147.3760 0.728
 3147.4756 0.728
 3147.5752 0.728
 3147.6748 0.728
 3147.7744 0.728
 3147.8740 0.728
 3147.9736 0.728
 3148.0732 0.728
 3148.1729 0.728
 3148.2725 0.728
 3148.3721 0.728
 3148.4717 0.728
 3148.5713 0.728
 3148.6709 0.728
 3148.7705 0.728
 3148.8701 0.728
 3148.9697 0.728
 3149.0693 0.728
 3149.1689 0.728
 3149.2686 0.729
 3149.3682 0.729
 3149.4678 0.729
 3149.5674 0.729
 3149.6670 0.729
 3149.7666 0.729
 3149.8662 0.729
 3149.9658 0.729
 3150.0654 0.729
 3150.1650 0.728
 3150.2646 0.728
 3150.3643 0.728
 3150.4639 0.728
 3150.5635 0.728
 3150.6631 0.728
 3150.7627 0.728
 3150.8623 0.728
 3150.9619 0.728
 3151.0615 0.728
 3151.1611 0.728
 3151.2607 0.728
 3151.3604 0.729
 3151.4600 0.729
 3151.5596 0.729
 3151.6592 0.729
 3151.7588 0.729
 3151.8584 0.729
 3151.9580 0.729
 3152.0576 0.729
 3152.1572 0.729
 3152.2568 0.729
 3152.3564 0.729
 3152.4561 0.729
 3152.5557 0.729
 3152.6553 0.729
 3152.7549 0.729
 3152.8545 0.729
 3152.9541 0.729
 3153.0537 0.729
 3153.1533 0.729
 3153.2529 0.729
 3153.3525 0.729
 3153.4521 0.729
 3153.5518 0.729
 3153.6514 0.729
 3153.7510 0.729
 3153.8506 0.729
 3153.9502 0.729
 3154.0498 0.729
 3154.1494 0.730
 3154.2490 0.730
 3154.3486 0.730
 3154.4482 0.730
 3154.5479 0.730
 3154.6475 0.730
 3154.7471 0.730
 3154.8467 0.730
 3154.9463 0.730
 3155.0459 0.730
 3155.1455 0.730
 3155.2451 0.730
 3155.3447 0.730
 3155.4443 0.730
 3155.5439 0.730
 3155.6436 0.730
 3155.7432 0.730
 3155.8428 0.730
 3155.9424 0.730
 3156.0420 0.730
 3156.1416 0.730
 3156.2412 0.730
 3156.3408 0.730
 3156.4404 0.729
 3156.5400 0.729
 3156.6396 0.729
 3156.7393 0.729
 3156.8389 0.729
 3156.9385 0.729
 3157.0381 0.730
 3157.1377 0.730
 3157.2373 0.730
 3157.3369 0.730
 3157.4365 0.730
 3157.5361 0.730
 3157.6357 0.730
 3157.7354 0.730
 3157.8350 0.730
 3157.9346 0.730
 3158.0342 0.730
 3158.1338 0.730
 3158.2334 0.730
 3158.3330 0.730
 3158.4326 0.730
 3158.5322 0.730
 3158.6318 0.730
 3158.7314 0.730
 3158.8311 0.730
 3158.9307 0.730
 3159.0303 0.731
 3159.1299 0.731
 3159.2295 0.731
 3159.3291 0.731
 3159.4287 0.731
 3159.5283 0.731
 3159.6279 0.731
 3159.7275 0.730
 3159.8271 0.730
 3159.9268 0.730
 3160.0264 0.730
 3160.1260 0.730
 3160.2256 0.730
 3160.3252 0.730
 3160.4248 0.730
 3160.5244 0.730
 3160.6240 0.730
 3160.7236 0.731
 3160.8232 0.731
 3160.9229 0.731
 3161.0225 0.731
 3161.1221 0.731
 3161.2217 0.731
 3161.3213 0.731
 3161.4209 0.731
 3161.5205 0.731
 3161.6201 0.731
 3161.7197 0.731
 3161.8193 0.731
 3161.9189 0.731
 3162.0186 0.731
 3162.1182 0.731
 3162.2178 0.731
 3162.3174 0.731
 3162.4170 0.731
 3162.5166 0.731
 3162.6162 0.731
 3162.7158 0.731
 3162.8154 0.731
 3162.9150 0.731
 3163.0146 0.730
 3163.1143 0.730
 3163.2139 0.731
 3163.3135 0.731
 3163.4131 0.731
 3163.5127 0.731
 3163.6123 0.731
 3163.7119 0.731
 3163.8115 0.731
 3163.9111 0.731
 3164.0107 0.731
 3164.1104 0.731
 3164.2100 0.731
 3164.3096 0.732
 3164.4092 0.732
 3164.5088 0.732
 3164.6084 0.732
 3164.7080 0.732
 3164.8076 0.732
 3164.9072 0.732
 3165.0068 0.732
 3165.1064 0.732
 3165.2061 0.732
 3165.3057 0.732
 3165.4053 0.732
 3165.5049 0.732
 3165.6045 0.732
 3165.7041 0.732
 3165.8037 0.732
 3165.9033 0.732
 3166.0029 0.732
 3166.1025 0.732
 3166.2021 0.731
 3166.3018 0.731
 3166.4014 0.731
 3166.5010 0.731
 3166.6006 0.731
 3166.7002 0.731
 3166.7998 0.731
 3166.8994 0.731
 3166.9990 0.731
 3167.0986 0.731
 3167.1982 0.732
 3167.2979 0.732
 3167.3975 0.732
 3167.4971 0.732
 3167.5967 0.732
 3167.6963 0.732
 3167.7959 0.732
 3167.8955 0.732
 3167.9951 0.732
 3168.0947 0.733
 3168.1943 0.733
 3168.2939 0.733
 3168.3936 0.733
 3168.4932 0.733
 3168.5928 0.732
 3168.6924 0.732
 3168.7920 0.732
 3168.8916 0.732
 3168.9912 0.732
 3169.0908 0.732
 3169.1904 0.732
 3169.2900 0.732
 3169.3896 0.732
 3169.4893 0.733
 3169.5889 0.733
 3169.6885 0.733
 3169.7881 0.733
 3169.8877 0.733
 3169.9873 0.733
 3170.0869 0.733
 3170.1865 0.733
 3170.2861 0.733
 3170.3857 0.732
 3170.4854 0.732
 3170.5850 0.732
 3170.6846 0.732
 3170.7842 0.732
 3170.8838 0.732
 3170.9834 0.732
 3171.0830 0.732
 3171.1826 0.733
 3171.2822 0.733
 3171.3818 0.733
 3171.4814 0.733
 3171.5811 0.733
 3171.6807 0.733
 3171.7803 0.733
 3171.8799 0.733
 3171.9795 0.733
 3172.0791 0.733
 3172.1787 0.733
 3172.2783 0.733
 3172.3779 0.733
 3172.4775 0.733
 3172.5771 0.733
 3172.6768 0.733
 3172.7764 0.732
 3172.8760 0.732
 3172.9756 0.732
 3173.0752 0.732
 3173.1748 0.732
 3173.2744 0.732
 3173.3740 0.732
 3173.4736 0.733
 3173.5732 0.733
 3173.6729 0.733
 3173.7725 0.733
 3173.8721 0.733
 3173.9717 0.733
 3174.0713 0.733
 3174.1709 0.733
 3174.2705 0.733
 3174.3701 0.733
 3174.4697 0.733
 3174.5693 0.733
 3174.6689 0.733
 3174.7686 0.733
 3174.8682 0.733
 3174.9678 0.733
 3175.0674 0.733
 3175.1670 0.733
 3175.2666 0.733
 3175.3662 0.733
 3175.4658 0.733
 3175.5654 0.733
 3175.6650 0.733
 3175.7646 0.734
 3175.8643 0.734
 3175.9639 0.734
 3176.0635 0.734
 3176.1631 0.734
 3176.2627 0.734
 3176.3623 0.734
 3176.4619 0.734
 3176.5615 0.734
 3176.6611 0.734
 3176.7607 0.734
 3176.8604 0.734
 3176.9600 0.734
 3177.0596 0.734
 3177.1592 0.734
 3177.2588 0.734
 3177.3584 0.734
 3177.4580 0.734
 3177.5576 0.734
 3177.6572 0.734
 3177.7568 0.734
 3177.8564 0.734
 3177.9561 0.734
 3178.0557 0.734
 3178.1553 0.734
 3178.2549 0.734
 3178.3545 0.734
 3178.4541 0.734
 3178.5537 0.734
 3178.6533 0.734
 3178.7529 0.734
 3178.8525 0.734
 3178.9521 0.734
 3179.0518 0.734
 3179.1514 0.734
 3179.2510 0.735
 3179.3506 0.735
 3179.4502 0.735
 3179.5498 0.735
 3179.6494 0.735
 3179.7490 0.735
 3179.8486 0.735
 3179.9482 0.735
 3180.0479 0.734
 3180.1475 0.734
 3180.2471 0.734
 3180.3467 0.734
 3180.4463 0.734
 3180.5459 0.734
 3180.6455 0.734
 3180.7451 0.735
 3180.8447 0.735
 3180.9443 0.735
 3181.0439 0.735
 3181.1436 0.735
 3181.2432 0.735
 3181.3428 0.735
 3181.4424 0.735
 3181.5420 0.734
 3181.6416 0.734
 3181.7412 0.734
 3181.8408 0.734
 3181.9404 0.734
 3182.0400 0.734
 3182.1396 0.735
 3182.2393 0.735
 3182.3389 0.735
 3182.4385 0.735
 3182.5381 0.735
 3182.6377 0.735
 3182.7373 0.735
 3182.8369 0.735
 3182.9365 0.735
 3183.0361 0.735
 3183.1357 0.735
 3183.2354 0.735
 3183.3350 0.735
 3183.4346 0.735
 3183.5342 0.735
 3183.6338 0.735
 3183.7334 0.735
 3183.8330 0.735
 3183.9326 0.735
 3184.0322 0.735
 3184.1318 0.735
 3184.2314 0.735
 3184.3311 0.735
 3184.4307 0.736
 3184.5303 0.736
 3184.6299 0.736
 3184.7295 0.736
 3184.8291 0.736
 3184.9287 0.736
 3185.0283 0.736
 3185.1279 0.736
 3185.2275 0.736
 3185.3271 0.736
 3185.4268 0.736
 3185.5264 0.736
 3185.6260 0.736
 3185.7256 0.736
 3185.8252 0.736
 3185.9248 0.736
 3186.0244 0.736
 3186.1240 0.736
 3186.2236 0.736
 3186.3232 0.736
 3186.4229 0.736
 3186.5225 0.736
 3186.6221 0.736
 3186.7217 0.736
 3186.8213 0.736
 3186.9209 0.736
 3187.0205 0.737
 3187.1201 0.737
 3187.2197 0.737
 3187.3193 0.737
 3187.4189 0.737
 3187.5186 0.736
 3187.6182 0.736
 3187.7178 0.736
 3187.8174 0.736
 3187.9170 0.736
 3188.0166 0.736
 3188.1162 0.736
 3188.2158 0.736
 3188.3154 0.736
 3188.4150 0.736
 3188.5146 0.737
 3188.6143 0.737
 3188.7139 0.737
 3188.8135 0.737
 3188.9131 0.737
 3189.0127 0.737
 3189.1123 0.737
 3189.2119 0.736
 3189.3115 0.736
 3189.4111 0.736
 3189.5107 0.736
 3189.6104 0.736
 3189.7100 0.736
 3189.8096 0.736
 3189.9092 0.736
 3190.0088 0.736
 3190.1084 0.736
 3190.2080 0.736
 3190.3076 0.737
 3190.4072 0.737
 3190.5068 0.737
 3190.6064 0.737
 3190.7061 0.737
 3190.8057 0.737
 3190.9053 0.737
 3191.0049 0.737
 3191.1045 0.737
 3191.2041 0.737
 3191.3037 0.736
 3191.4033 0.736
 3191.5029 0.736
 3191.6025 0.736
 3191.7021 0.737
 3191.8018 0.737
 3191.9014 0.737
 3192.0010 0.737
 3192.1006 0.737
 3192.2002 0.737
 3192.2998 0.737
 3192.3994 0.738
 3192.4990 0.738
 3192.5986 0.738
 3192.6982 0.738
 3192.7979 0.738
 3192.8975 0.738
 3192.9971 0.738
 3193.0967 0.738
 3193.1963 0.738
 3193.2959 0.737
 3193.3955 0.737
 3193.4951 0.737
 3193.5947 0.737
 3193.6943 0.737
 3193.7939 0.737
 3193.8936 0.737
 3193.9932 0.737
 3194.0928 0.737
 3194.1924 0.738
 3194.2920 0.738
 3194.3916 0.738
 3194.4912 0.738
 3194.5908 0.738
 3194.6904 0.738
 3194.7900 0.738
 3194.8896 0.738
 3194.9893 0.738
 3195.0889 0.738
 3195.1885 0.737
 3195.2881 0.737
 3195.3877 0.737
 3195.4873 0.737
 3195.5869 0.737
 3195.6865 0.737
 3195.7861 0.737
 3195.8857 0.738
 3195.9854 0.738
 3196.0850 0.738
 3196.1846 0.738
 3196.2842 0.738
 3196.3838 0.738
 3196.4834 0.738
 3196.5830 0.738
 3196.6826 0.738
 3196.7822 0.738
 3196.8818 0.738
 3196.9814 0.738
 3197.0811 0.738
 3197.1807 0.738
 3197.2803 0.738
 3197.3799 0.738
 3197.4795 0.738
 3197.5791 0.739
 3197.6787 0.739
 3197.7783 0.739
 3197.8779 0.739
 3197.9775 0.739
 3198.0771 0.739
 3198.1768 0.739
 3198.2764 0.739
 3198.3760 0.739
 3198.4756 0.739
 3198.5752 0.739
 3198.6748 0.738
 3198.7744 0.738
 3198.8740 0.738
 3198.9736 0.738
 3199.0732 0.738
 3199.1729 0.738
 3199.2725 0.739
 3199.3721 0.739
 3199.4717 0.739
 3199.5713 0.739
 3199.6709 0.739
 3199.7705 0.739
 3199.8701 0.739
 3199.9697 0.739
 3200.0693 0.739
 3200.1689 0.739
 3200.2686 0.739
 3200.3682 0.739
 3200.4678 0.739
 3200.5674 0.738
 3200.6670 0.738
 3200.7666 0.738
 3200.8662 0.738
 3200.9658 0.738
 3201.0654 0.738
 3201.1650 0.738
 3201.2646 0.738
 3201.3643 0.739
 3201.4639 0.739
 3201.5635 0.739
 3201.6631 0.739
 3201.7627 0.739
 3201.8623 0.739
 3201.9619 0.739
 3202.0615 0.740
 3202.1611 0.740
 3202.2607 0.740
 3202.3604 0.740
 3202.4600 0.740
 3202.5596 0.740
 3202.6592 0.739
 3202.7588 0.739
 3202.8584 0.739
 3202.9580 0.739
 3203.0576 0.739
 3203.1572 0.739
 3203.2568 0.739
 3203.3564 0.739
 3203.4561 0.739
 3203.5557 0.739
 3203.6553 0.740
 3203.7549 0.740
 3203.8545 0.740
 3203.9541 0.740
 3204.0537 0.740
 3204.1533 0.740
 3204.2529 0.740
 3204.3525 0.740
 3204.4521 0.740
 3204.5518 0.740
 3204.6514 0.740
 3204.7510 0.740
 3204.8506 0.740
 3204.9502 0.740
 3205.0498 0.740
 3205.1494 0.740
 3205.2490 0.740
 3205.3486 0.740
 3205.4482 0.740
 3205.5479 0.740
 3205.6475 0.740
 3205.7471 0.740
 3205.8467 0.740
 3205.9463 0.740
 3206.0459 0.740
 3206.1455 0.740
 3206.2451 0.740
 3206.3447 0.740
 3206.4443 0.740
 3206.5439 0.740
 3206.6436 0.740
 3206.7432 0.740
 3206.8428 0.740
 3206.9424 0.740
 3207.0420 0.740
 3207.1416 0.741
 3207.2412 0.741
 3207.3408 0.741
 3207.4404 0.741
 3207.5400 0.740
 3207.6396 0.740
 3207.7393 0.740
 3207.8389 0.740
 3207.9385 0.740
 3208.0381 0.740
 3208.1377 0.740
 3208.2373 0.740
 3208.3369 0.740
 3208.4365 0.740
 3208.5361 0.740
 3208.6357 0.740
 3208.7354 0.741
 3208.8350 0.741
 3208.9346 0.741
 3209.0342 0.741
 3209.1338 0.741
 3209.2334 0.741
 3209.3330 0.741
 3209.4326 0.741
 3209.5322 0.741
 3209.6318 0.741
 3209.7314 0.741
 3209.8311 0.741
 3209.9307 0.741
 3210.0303 0.741
 3210.1299 0.741
 3210.2295 0.741
 3210.3291 0.741
 3210.4287 0.741
 3210.5283 0.741
 3210.6279 0.741
 3210.7275 0.741
 3210.8271 0.741
 3210.9268 0.741
 3211.0264 0.741
 3211.1260 0.741
 3211.2256 0.741
 3211.3252 0.741
 3211.4248 0.742
 3211.5244 0.742
 3211.6240 0.742
 3211.7236 0.741
 3211.8232 0.741
 3211.9229 0.741
 3212.0225 0.741
 3212.1221 0.741
 3212.2217 0.741
 3212.3213 0.741
 3212.4209 0.741
 3212.5205 0.741
 3212.6201 0.741
 3212.7197 0.741
 3212.8193 0.742
 3212.9189 0.742
 3213.0186 0.742
 3213.1182 0.742
 3213.2178 0.742
 3213.3174 0.742
 3213.4170 0.741
 3213.5166 0.741
 3213.6162 0.741
 3213.7158 0.741
 3213.8154 0.741
 3213.9150 0.741
 3214.0146 0.741
 3214.1143 0.741
 3214.2139 0.741
 3214.3135 0.741
 3214.4131 0.742
 3214.5127 0.742
 3214.6123 0.742
 3214.7119 0.742
 3214.8115 0.742
 3214.9111 0.742
 3215.0107 0.742
 3215.1104 0.742
 3215.2100 0.742
 3215.3096 0.742
 3215.4092 0.742
 3215.5088 0.742
 3215.6084 0.742
 3215.7080 0.742
 3215.8076 0.742
 3215.9072 0.742
 3216.0068 0.742
 3216.1064 0.742
 3216.2061 0.742
 3216.3057 0.742
 3216.4053 0.742
 3216.5049 0.742
 3216.6045 0.742
 3216.7041 0.742
 3216.8037 0.742
 3216.9033 0.742
 3217.0029 0.742
 3217.1025 0.742
 3217.2021 0.742
 3217.3018 0.742
 3217.4014 0.742
 3217.5010 0.742
 3217.6006 0.742
 3217.7002 0.742
 3217.7998 0.742
 3217.8994 0.743
 3217.9990 0.743
 3218.0986 0.743
 3218.1982 0.743
 3218.2979 0.743
 3218.3975 0.743
 3218.4971 0.743
 3218.5967 0.743
 3218.6963 0.743
 3218.7959 0.743
 3218.8955 0.743
 3218.9951 0.743
 3219.0947 0.743
 3219.1943 0.743
 3219.2939 0.743
 3219.3936 0.743
 3219.4932 0.743
 3219.5928 0.743
 3219.6924 0.743
 3219.7920 0.743
 3219.8916 0.743
 3219.9912 0.743
 3220.0908 0.743
 3220.1904 0.743
 3220.2900 0.743
 3220.3896 0.743
 3220.4893 0.743
 3220.5889 0.743
 3220.6885 0.743
 3220.7881 0.743
 3220.8877 0.743
 3220.9873 0.743
 3221.0869 0.743
 3221.1865 0.743
 3221.2861 0.743
 3221.3857 0.743
 3221.4854 0.743
 3221.5850 0.743
 3221.6846 0.743
 3221.7842 0.743
 3221.8838 0.743
 3221.9834 0.744
 3222.0830 0.744
 3222.1826 0.744
 3222.2822 0.744
 3222.3818 0.744
 3222.4814 0.744
 3222.5811 0.744
 3222.6807 0.744
 3222.7803 0.744
 3222.8799 0.744
 3222.9795 0.744
 3223.0791 0.744
 3223.1787 0.743
 3223.2783 0.743
 3223.3779 0.743
 3223.4775 0.743
 3223.5771 0.743
 3223.6768 0.743
 3223.7764 0.743
 3223.8760 0.743
 3223.9756 0.743
 3224.0752 0.743
 3224.1748 0.744
 3224.2744 0.744
 3224.3740 0.744
 3224.4736 0.744
 3224.5732 0.744
 3224.6729 0.744
 3224.7725 0.744
 3224.8721 0.744
 3224.9717 0.744
 3225.0713 0.744
 3225.1709 0.744
 3225.2705 0.744
 3225.3701 0.744
 3225.4697 0.744
 3225.5693 0.744
 3225.6689 0.743
 3225.7686 0.743
 3225.8682 0.743
 3225.9678 0.743
 3226.0674 0.743
 3226.1670 0.743
 3226.2666 0.743
 3226.3662 0.743
 3226.4658 0.744
 3226.5654 0.744
 3226.6650 0.744
 3226.7646 0.744
 3226.8643 0.744
 3226.9639 0.744
 3227.0635 0.744
 3227.1631 0.744
 3227.2627 0.744
 3227.3623 0.744
 3227.4619 0.744
 3227.5615 0.743
 3227.6611 0.743
 3227.7607 0.744
 3227.8604 0.744
 3227.9600 0.744
 3228.0596 0.744
 3228.1592 0.744
 3228.2588 0.744
 3228.3584 0.745
 3228.4580 0.745
 3228.5576 0.745
 3228.6572 0.745
 3228.7568 0.745
 3228.8564 0.745
 3228.9561 0.745
 3229.0557 0.745
 3229.1553 0.745
 3229.2549 0.745
 3229.3545 0.745
 3229.4541 0.745
 3229.5537 0.745
 3229.6533 0.745
 3229.7529 0.745
 3229.8525 0.745
 3229.9521 0.745
 3230.0518 0.745
 3230.1514 0.745
 3230.2510 0.745
 3230.3506 0.745
 3230.4502 0.745
 3230.5498 0.745
 3230.6494 0.745
 3230.7490 0.745
 3230.8486 0.745
 3230.9482 0.745
 3231.0479 0.745
 3231.1475 0.745
 3231.2471 0.746
 3231.3467 0.746
 3231.4463 0.746
 3231.5459 0.746
 3231.6455 0.746
 3231.7451 0.746
 3231.8447 0.746
 3231.9443 0.746
 3232.0439 0.746
 3232.1436 0.746
 3232.2432 0.746
 3232.3428 0.746
 3232.4424 0.746
 3232.5420 0.746
 3232.6416 0.745
 3232.7412 0.745
 3232.8408 0.745
 3232.9404 0.745
 3233.0400 0.745
 3233.1396 0.745
 3233.2393 0.745
 3233.3389 0.745
 3233.4385 0.746
 3233.5381 0.746
 3233.6377 0.746
 3233.7373 0.746
 3233.8369 0.746
 3233.9365 0.746
 3234.0361 0.746
 3234.1357 0.746
 3234.2354 0.746
 3234.3350 0.746
 3234.4346 0.746
 3234.5342 0.746
 3234.6338 0.745
 3234.7334 0.745
 3234.8330 0.745
 3234.9326 0.745
 3235.0322 0.745
 3235.1318 0.745
 3235.2314 0.745
 3235.3311 0.745
 3235.4307 0.746
 3235.5303 0.746
 3235.6299 0.746
 3235.7295 0.746
 3235.8291 0.746
 3235.9287 0.746
 3236.0283 0.746
 3236.1279 0.746
 3236.2275 0.746
 3236.3271 0.746
 3236.4268 0.746
 3236.5264 0.746
 3236.6260 0.746
 3236.7256 0.746
 3236.8252 0.746
 3236.9248 0.746
 3237.0244 0.746
 3237.1240 0.746
 3237.2236 0.746
 3237.3232 0.746
 3237.4229 0.746
 3237.5225 0.747
 3237.6221 0.747
 3237.7217 0.747
 3237.8213 0.746
 3237.9209 0.746
 3238.0205 0.746
 3238.1201 0.746
 3238.2197 0.746
 3238.3193 0.746
 3238.4189 0.746
 3238.5186 0.746
 3238.6182 0.746
 3238.7178 0.746
 3238.8174 0.747
 3238.9170 0.747
 3239.0166 0.747
 3239.1162 0.747
 3239.2158 0.747
 3239.3154 0.747
 3239.4150 0.747
 3239.5146 0.747
 3239.6143 0.747
 3239.7139 0.747
 3239.8135 0.747
 3239.9131 0.747
 3240.0127 0.747
 3240.1123 0.747
 3240.2119 0.747
 3240.3115 0.747
 3240.4111 0.747
 3240.5107 0.747
 3240.6104 0.747
 3240.7100 0.747
 3240.8096 0.747
 3240.9092 0.747
 3241.0088 0.747
 3241.1084 0.747
 3241.2080 0.747
 3241.3076 0.747
 3241.4072 0.747
 3241.5068 0.747
 3241.6064 0.747
 3241.7061 0.747
 3241.8057 0.747
 3241.9053 0.747
 3242.0049 0.747
 3242.1045 0.747
 3242.2041 0.747
 3242.3037 0.747
 3242.4033 0.747
 3242.5029 0.747
 3242.6025 0.747
 3242.7021 0.747
 3242.8018 0.747
 3242.9014 0.748
 3243.0010 0.748
 3243.1006 0.748
 3243.2002 0.748
 3243.2998 0.748
 3243.3994 0.748
 3243.4990 0.748
 3243.5986 0.748
 3243.6982 0.748
 3243.7979 0.748
 3243.8975 0.747
 3243.9971 0.747
 3244.0967 0.747
 3244.1963 0.747
 3244.2959 0.747
 3244.3955 0.747
 3244.4951 0.747
 3244.5947 0.748
 3244.6943 0.748
 3244.7939 0.748
 3244.8936 0.748
 3244.9932 0.748
 3245.0928 0.748
 3245.1924 0.748
 3245.2920 0.748
 3245.3916 0.748
 3245.4912 0.748
 3245.5908 0.748
 3245.6904 0.748
 3245.7900 0.748
 3245.8896 0.748
 3245.9893 0.748
 3246.0889 0.748
 3246.1885 0.748
 3246.2881 0.748
 3246.3877 0.748
 3246.4873 0.748
 3246.5869 0.748
 3246.6865 0.748
 3246.7861 0.748
 3246.8857 0.748
 3246.9854 0.748
 3247.0850 0.748
 3247.1846 0.748
 3247.2842 0.748
 3247.3838 0.748
 3247.4834 0.748
 3247.5830 0.748
 3247.6826 0.749
 3247.7822 0.749
 3247.8818 0.749
 3247.9814 0.749
 3248.0811 0.749
 3248.1807 0.749
 3248.2803 0.749
 3248.3799 0.749
 3248.4795 0.749
 3248.5791 0.748
 3248.6787 0.748
 3248.7783 0.748
 3248.8779 0.748
 3248.9775 0.748
 3249.0771 0.748
 3249.1768 0.748
 3249.2764 0.748
 3249.3760 0.748
 3249.4756 0.748
 3249.5752 0.748
 3249.6748 0.748
 3249.7744 0.748
 3249.8740 0.748
 3249.9736 0.748
 3250.0732 0.748
 3250.1729 0.749
 3250.2725 0.749
 3250.3721 0.749
 3250.4717 0.749
 3250.5713 0.749
 3250.6709 0.749
 3250.7705 0.749
 3250.8701 0.749
 3250.9697 0.748
 3251.0693 0.748
 3251.1689 0.748
 3251.2686 0.748
 3251.3682 0.748
 3251.4678 0.748
 3251.5674 0.749
 3251.6670 0.749
 3251.7666 0.749
 3251.8662 0.749
 3251.9658 0.749
 3252.0654 0.749
 3252.1650 0.749
 3252.2646 0.749
 3252.3643 0.749
 3252.4639 0.749
 3252.5635 0.749
 3252.6631 0.749
 3252.7627 0.750
 3252.8623 0.750
 3252.9619 0.750
 3253.0615 0.750
 3253.1611 0.750
 3253.2607 0.750
 3253.3604 0.750
 3253.4600 0.750
 3253.5596 0.749
 3253.6592 0.749
 3253.7588 0.749
 3253.8584 0.749
 3253.9580 0.749
 3254.0576 0.749
 3254.1572 0.749
 3254.2568 0.749
 3254.3564 0.750
 3254.4561 0.750
 3254.5557 0.750
 3254.6553 0.750
 3254.7549 0.750
 3254.8545 0.750
 3254.9541 0.750
 3255.0537 0.750
 3255.1533 0.750
 3255.2529 0.750
 3255.3525 0.750
 3255.4521 0.750
 3255.5518 0.750
 3255.6514 0.750
 3255.7510 0.750
 3255.8506 0.751
 3255.9502 0.751
 3256.0498 0.751
 3256.1494 0.751
 3256.2490 0.751
 3256.3486 0.751
 3256.4482 0.751
 3256.5479 0.751
 3256.6475 0.751
 3256.7471 0.750
 3256.8467 0.750
 3256.9463 0.750
 3257.0459 0.750
 3257.1455 0.750
 3257.2451 0.750
 3257.3447 0.750
 3257.4443 0.750
 3257.5439 0.750
 3257.6436 0.750
 3257.7432 0.751
 3257.8428 0.751
 3257.9424 0.751
 3258.0420 0.751
 3258.1416 0.751
 3258.2412 0.751
 3258.3408 0.751
 3258.4404 0.751
 3258.5400 0.751
 3258.6396 0.751
 3258.7393 0.751
 3258.8389 0.750
 3258.9385 0.750
 3259.0381 0.750
 3259.1377 0.750
 3259.2373 0.750
 3259.3369 0.750
 3259.4365 0.750
 3259.5361 0.750
 3259.6357 0.750
 3259.7354 0.751
 3259.8350 0.751
 3259.9346 0.751
 3260.0342 0.751
 3260.1338 0.751
 3260.2334 0.751
 3260.3330 0.751
 3260.4326 0.751
 3260.5322 0.751
 3260.6318 0.751
 3260.7314 0.751
 3260.8311 0.751
 3260.9307 0.750
 3261.0303 0.750
 3261.1299 0.750
 3261.2295 0.750
 3261.3291 0.751
 3261.4287 0.751
 3261.5283 0.751
 3261.6279 0.751
 3261.7275 0.751
 3261.8271 0.751
 3261.9268 0.751
 3262.0264 0.752
 3262.1260 0.752
 3262.2256 0.752
 3262.3252 0.752
 3262.4248 0.752
 3262.5244 0.752
 3262.6240 0.752
 3262.7236 0.752
 3262.8232 0.752
 3262.9229 0.752
 3263.0225 0.752
 3263.1221 0.752
 3263.2217 0.752
 3263.3213 0.752
 3263.4209 0.752
 3263.5205 0.752
 3263.6201 0.752
 3263.7197 0.752
 3263.8193 0.752
 3263.9189 0.752
 3264.0186 0.752
 3264.1182 0.752
 3264.2178 0.752
 3264.3174 0.752
 3264.4170 0.752
 3264.5166 0.752
 3264.6162 0.752
 3264.7158 0.751
 3264.8154 0.751
 3264.9150 0.751
 3265.0146 0.751
 3265.1143 0.751
 3265.2139 0.751
 3265.3135 0.751
 3265.4131 0.752
 3265.5127 0.752
 3265.6123 0.752
 3265.7119 0.752
 3265.8115 0.752
 3265.9111 0.752
 3266.0107 0.752
 3266.1104 0.752
 3266.2100 0.752
 3266.3096 0.752
 3266.4092 0.752
 3266.5088 0.752
 3266.6084 0.752
 3266.7080 0.752
 3266.8076 0.752
 3266.9072 0.752
 3267.0068 0.752
 3267.1064 0.752
 3267.2061 0.752
 3267.3057 0.752
 3267.4053 0.752
 3267.5049 0.752
 3267.6045 0.752
 3267.7041 0.752
 3267.8037 0.753
 3267.9033 0.753
 3268.0029 0.753
 3268.1025 0.753
 3268.2021 0.753
 3268.3018 0.753
 3268.4014 0.753
 3268.5010 0.753
 3268.6006 0.753
 3268.7002 0.753
 3268.7998 0.753
 3268.8994 0.753
 3268.9990 0.753
 3269.0986 0.752
 3269.1982 0.752
 3269.2979 0.752
 3269.3975 0.752
 3269.4971 0.752
 3269.5967 0.752
 3269.6963 0.752
 3269.7959 0.752
 3269.8955 0.753
 3269.9951 0.753
 3270.0947 0.753
 3270.1943 0.753
 3270.2939 0.753
 3270.3936 0.753
 3270.4932 0.753
 3270.5928 0.753
 3270.6924 0.753
 3270.7920 0.753
 3270.8916 0.753
 3270.9912 0.753
 3271.0908 0.753
 3271.1904 0.753
 3271.2900 0.753
 3271.3896 0.753
 3271.4893 0.753
 3271.5889 0.753
 3271.6885 0.753
 3271.7881 0.753
 3271.8877 0.753
 3271.9873 0.753
 3272.0869 0.753
 3272.1865 0.753
 3272.2861 0.753
 3272.3857 0.752
 3272.4854 0.753
 3272.5850 0.753
 3272.6846 0.753
 3272.7842 0.753
 3272.8838 0.753
 3272.9834 0.753
 3273.0830 0.753
 3273.1826 0.753
 3273.2822 0.753
 3273.3818 0.753
 3273.4814 0.754
 3273.5811 0.754
 3273.6807 0.754
 3273.7803 0.754
 3273.8799 0.754
 3273.9795 0.754
 3274.0791 0.754
 3274.1787 0.754
 3274.2783 0.754
 3274.3779 0.754
 3274.4775 0.754
 3274.5771 0.754
 3274.6768 0.754
 3274.7764 0.754
 3274.8760 0.754
 3274.9756 0.754
 3275.0752 0.754
 3275.1748 0.754
 3275.2744 0.754
 3275.3740 0.754
 3275.4736 0.754
 3275.5732 0.754
 3275.6729 0.754
 3275.7725 0.754
 3275.8721 0.754
 3275.9717 0.754
 3276.0713 0.754
 3276.1709 0.754
 3276.2705 0.753
 3276.3701 0.753
 3276.4697 0.753
 3276.5693 0.754
 3276.6689 0.754
 3276.7686 0.754
 3276.8682 0.754
 3276.9678 0.754
 3277.0674 0.754
 3277.1670 0.754
 3277.2666 0.754
 3277.3662 0.754
 3277.4658 0.754
 3277.5654 0.754
 3277.6650 0.754
 3277.7646 0.754
 3277.8643 0.754
 3277.9639 0.754
 3278.0635 0.754
 3278.1631 0.754
 3278.2627 0.754
 3278.3623 0.754
 3278.4619 0.754
 3278.5615 0.755
 3278.6611 0.755
 3278.7607 0.755
 3278.8604 0.755
 3278.9600 0.755
 3279.0596 0.755
 3279.1592 0.755
 3279.2588 0.755
 3279.3584 0.754
 3279.4580 0.754
 3279.5576 0.754
 3279.6572 0.754
 3279.7568 0.754
 3279.8564 0.754
 3279.9561 0.754
 3280.0557 0.754
 3280.1553 0.755
 3280.2549 0.755
 3280.3545 0.755
 3280.4541 0.755
 3280.5537 0.755
 3280.6533 0.755
 3280.7529 0.755
 3280.8525 0.755
 3280.9521 0.755
 3281.0518 0.755
 3281.1514 0.755
 3281.2510 0.755
 3281.3506 0.755
 3281.4502 0.755
 3281.5498 0.755
 3281.6494 0.755
 3281.7490 0.756
 3281.8486 0.756
 3281.9482 0.756
 3282.0479 0.756
 3282.1475 0.756
 3282.2471 0.756
 3282.3467 0.755
 3282.4463 0.755
 3282.5459 0.755
 3282.6455 0.755
 3282.7451 0.755
 3282.8447 0.755
 3282.9443 0.755
 3283.0439 0.755
 3283.1436 0.755
 3283.2432 0.755
 3283.3428 0.755
 3283.4424 0.755
 3283.5420 0.755
 3283.6416 0.756
 3283.7412 0.756
 3283.8408 0.756
 3283.9404 0.756
 3284.0400 0.756
 3284.1396 0.756
 3284.2393 0.756
 3284.3389 0.756
 3284.4385 0.756
 3284.5381 0.756
 3284.6377 0.756
 3284.7373 0.756
 3284.8369 0.756
 3284.9365 0.756
 3285.0361 0.756
 3285.1357 0.756
 3285.2354 0.756
 3285.3350 0.756
 3285.4346 0.756
 3285.5342 0.756
 3285.6338 0.756
 3285.7334 0.756
 3285.8330 0.756
 3285.9326 0.756
 3286.0322 0.756
 3286.1318 0.756
 3286.2314 0.756
 3286.3311 0.756
 3286.4307 0.756
 3286.5303 0.756
 3286.6299 0.756
 3286.7295 0.756
 3286.8291 0.756
 3286.9287 0.757
 3287.0283 0.756
 3287.1279 0.756
 3287.2275 0.756
 3287.3271 0.756
 3287.4268 0.756
 3287.5264 0.756
 3287.6260 0.756
 3287.7256 0.756
 3287.8252 0.756
 3287.9248 0.756
 3288.0244 0.756
 3288.1240 0.757
 3288.2236 0.757
 3288.3232 0.757
 3288.4229 0.757
 3288.5225 0.757
 3288.6221 0.757
 3288.7217 0.757
 3288.8213 0.757
 3288.9209 0.757
 3289.0205 0.757
 3289.1201 0.757
 3289.2197 0.757
 3289.3193 0.757
 3289.4189 0.757
 3289.5186 0.757
 3289.6182 0.757
 3289.7178 0.757
 3289.8174 0.757
 3289.9170 0.757
 3290.0166 0.757
 3290.1162 0.757
 3290.2158 0.757
 3290.3154 0.757
 3290.4150 0.757
 3290.5146 0.757
 3290.6143 0.757
 3290.7139 0.757
 3290.8135 0.757
 3290.9131 0.757
 3291.0127 0.757
 3291.1123 0.757
 3291.2119 0.757
 3291.3115 0.757
 3291.4111 0.757
 3291.5107 0.757
 3291.6104 0.757
 3291.7100 0.757
 3291.8096 0.757
 3291.9092 0.757
 3292.0088 0.758
 3292.1084 0.758
 3292.2080 0.758
 3292.3076 0.758
 3292.4072 0.758
 3292.5068 0.758
 3292.6064 0.758
 3292.7061 0.758
 3292.8057 0.758
 3292.9053 0.758
 3293.0049 0.758
 3293.1045 0.757
 3293.2041 0.757
 3293.3037 0.757
 3293.4033 0.757
 3293.5029 0.757
 3293.6025 0.757
 3293.7021 0.757
 3293.8018 0.757
 3293.9014 0.758
 3294.0010 0.758
 3294.1006 0.758
 3294.2002 0.758
 3294.2998 0.758
 3294.3994 0.758
 3294.4990 0.758
 3294.5986 0.758
 3294.6982 0.758
 3294.7979 0.758
 3294.8975 0.758
 3294.9971 0.758
 3295.0967 0.758
 3295.1963 0.758
 3295.2959 0.758
 3295.3955 0.758
 3295.4951 0.757
 3295.5947 0.757
 3295.6943 0.757
 3295.7939 0.757
 3295.8936 0.757
 3295.9932 0.757
 3296.0928 0.757
 3296.1924 0.757
 3296.2920 0.758
 3296.3916 0.758
 3296.4912 0.758
 3296.5908 0.758
 3296.6904 0.758
 3296.7900 0.758
 3296.8896 0.758
 3296.9893 0.758
 3297.0889 0.758
 3297.1885 0.758
 3297.2881 0.759
 3297.3877 0.759
 3297.4873 0.759
 3297.5869 0.759
 3297.6865 0.758
 3297.7861 0.758
 3297.8857 0.758
 3297.9854 0.758
 3298.0850 0.758
 3298.1846 0.758
 3298.2842 0.758
 3298.3838 0.758
 3298.4834 0.758
 3298.5830 0.758
 3298.6826 0.758
 3298.7822 0.758
 3298.8818 0.758
 3298.9814 0.758
 3299.0811 0.758
 3299.1807 0.758
 3299.2803 0.759
 3299.3799 0.759
 3299.4795 0.759
 3299.5791 0.759
 3299.6787 0.759
 3299.7783 0.759
 3299.8779 0.759
 3299.9775 0.759
 3300.0771 0.759
 3300.1768 0.759
 3300.2764 0.759
 3300.3760 0.759
 3300.4756 0.759
 3300.5752 0.759
 3300.6748 0.759
 3300.7744 0.759
 3300.8740 0.759
 3300.9736 0.759
 3301.0732 0.759
 3301.1729 0.759
 3301.2725 0.759
 3301.3721 0.759
 3301.4717 0.759
 3301.5713 0.758
 3301.6709 0.758
 3301.7705 0.758
 3301.8701 0.759
 3301.9697 0.759
 3302.0693 0.759
 3302.1689 0.759
 3302.2686 0.759
 3302.3682 0.759
 3302.4678 0.759
 3302.5674 0.759
 3302.6670 0.759
 3302.7666 0.759
 3302.8662 0.759
 3302.9658 0.759
 3303.0654 0.759
 3303.1650 0.759
 3303.2646 0.759
 3303.3643 0.759
 3303.4639 0.760
 3303.5635 0.760
 3303.6631 0.760
 3303.7627 0.759
 3303.8623 0.759
 3303.9619 0.759
 3304.0615 0.759
 3304.1611 0.759
 3304.2607 0.759
 3304.3604 0.759
 3304.4600 0.759
 3304.5596 0.759
 3304.6592 0.759
 3304.7588 0.759
 3304.8584 0.759
 3304.9580 0.759
 3305.0576 0.760
 3305.1572 0.760
 3305.2568 0.760
 3305.3564 0.760
 3305.4561 0.760
 3305.5557 0.760
 3305.6553 0.760
 3305.7549 0.760
 3305.8545 0.759
 3305.9541 0.759
 3306.0537 0.759
 3306.1533 0.759
 3306.2529 0.759
 3306.3525 0.759
 3306.4521 0.759
 3306.5518 0.759
 3306.6514 0.759
 3306.7510 0.759
 3306.8506 0.759
 3306.9502 0.759
 3307.0498 0.760
 3307.1494 0.760
 3307.2490 0.760
 3307.3486 0.760
 3307.4482 0.760
 3307.5479 0.760
 3307.6475 0.760
 3307.7471 0.760
 3307.8467 0.760
 3307.9463 0.760
 3308.0459 0.760
 3308.1455 0.760
 3308.2451 0.761
 3308.3447 0.761
 3308.4443 0.761
 3308.5439 0.761
 3308.6436 0.761
 3308.7432 0.761
 3308.8428 0.761
 3308.9424 0.761
 3309.0420 0.761
 3309.1416 0.761
 3309.2412 0.761
 3309.3408 0.760
 3309.4404 0.760
 3309.5400 0.760
 3309.6396 0.760
 3309.7393 0.760
 3309.8389 0.760
 3309.9385 0.760
 3310.0381 0.760
 3310.1377 0.760
 3310.2373 0.761
 3310.3369 0.761
 3310.4365 0.761
 3310.5361 0.761
 3310.6357 0.761
 3310.7354 0.761
 3310.8350 0.761
 3310.9346 0.761
 3311.0342 0.761
 3311.1338 0.761
 3311.2334 0.761
 3311.3330 0.761
 3311.4326 0.761
 3311.5322 0.761
 3311.6318 0.761
 3311.7314 0.761
 3311.8311 0.761
 3311.9307 0.761
 3312.0303 0.761
 3312.1299 0.761
 3312.2295 0.761
 3312.3291 0.761
 3312.4287 0.761
 3312.5283 0.761
 3312.6279 0.761
 3312.7275 0.761
 3312.8271 0.761
 3312.9268 0.761
 3313.0264 0.761
 3313.1260 0.762
 3313.2256 0.762
 3313.3252 0.762
 3313.4248 0.762
 3313.5244 0.762
 3313.6240 0.762
 3313.7236 0.762
 3313.8232 0.762
 3313.9229 0.762
 3314.0225 0.762
 3314.1221 0.762
 3314.2217 0.762
 3314.3213 0.762
 3314.4209 0.762
 3314.5205 0.762
 3314.6201 0.762
 3314.7197 0.762
 3314.8193 0.762
 3314.9189 0.762
 3315.0186 0.762
 3315.1182 0.762
 3315.2178 0.762
 3315.3174 0.762
 3315.4170 0.762
 3315.5166 0.762
 3315.6162 0.762
 3315.7158 0.762
 3315.8154 0.762
 3315.9150 0.762
 3316.0146 0.762
 3316.1143 0.761
 3316.2139 0.761
 3316.3135 0.761
 3316.4131 0.761
 3316.5127 0.761
 3316.6123 0.762
 3316.7119 0.762
 3316.8115 0.762
 3316.9111 0.762
 3317.0107 0.762
 3317.1104 0.762
 3317.2100 0.762
 3317.3096 0.762
 3317.4092 0.763
 3317.5088 0.763
 3317.6084 0.763
 3317.7080 0.763
 3317.8076 0.763
 3317.9072 0.763
 3318.0068 0.763
 3318.1064 0.763
 3318.2061 0.763
 3318.3057 0.763
 3318.4053 0.762
 3318.5049 0.762
 3318.6045 0.762
 3318.7041 0.762
 3318.8037 0.762
 3318.9033 0.762
 3319.0029 0.762
 3319.1025 0.762
 3319.2021 0.763
 3319.3018 0.763
 3319.4014 0.763
 3319.5010 0.763
 3319.6006 0.763
 3319.7002 0.763
 3319.7998 0.763
 3319.8994 0.763
 3319.9990 0.763
 3320.0986 0.763
 3320.1982 0.763
 3320.2979 0.763
 3320.3975 0.763
 3320.4971 0.763
 3320.5967 0.763
 3320.6963 0.763
 3320.7959 0.763
 3320.8955 0.763
 3320.9951 0.763
 3321.0947 0.763
 3321.1943 0.763
 3321.2939 0.763
 3321.3936 0.763
 3321.4932 0.763
 3321.5928 0.763
 3321.6924 0.763
 3321.7920 0.763
 3321.8916 0.763
 3321.9912 0.763
 3322.0908 0.763
 3322.1904 0.764
 3322.2900 0.764
 3322.3896 0.764
 3322.4893 0.764
 3322.5889 0.764
 3322.6885 0.764
 3322.7881 0.764
 3322.8877 0.764
 3322.9873 0.764
 3323.0869 0.764
 3323.1865 0.764
 3323.2861 0.764
 3323.3857 0.763
 3323.4854 0.763
 3323.5850 0.763
 3323.6846 0.763
 3323.7842 0.763
 3323.8838 0.763
 3323.9834 0.763
 3324.0830 0.763
 3324.1826 0.763
 3324.2822 0.763
 3324.3818 0.764
 3324.4814 0.764
 3324.5811 0.764
 3324.6807 0.764
 3324.7803 0.764
 3324.8799 0.764
 3324.9795 0.764
 3325.0791 0.764
 3325.1787 0.764
 3325.2783 0.764
 3325.3779 0.764
 3325.4775 0.764
 3325.5771 0.764
 3325.6768 0.764
 3325.7764 0.764
 3325.8760 0.764
 3325.9756 0.764
 3326.0752 0.764
 3326.1748 0.764
 3326.2744 0.764
 3326.3740 0.764
 3326.4736 0.763
 3326.5732 0.763
 3326.6729 0.763
 3326.7725 0.763
 3326.8721 0.764
 3326.9717 0.764
 3327.0713 0.764
 3327.1709 0.764
 3327.2705 0.764
 3327.3701 0.764
 3327.4697 0.764
 3327.5693 0.764
 3327.6689 0.765
 3327.7686 0.765
 3327.8682 0.765
 3327.9678 0.765
 3328.0674 0.765
 3328.1670 0.765
 3328.2666 0.764
 3328.3662 0.764
 3328.4658 0.764
 3328.5654 0.764
 3328.6650 0.764
 3328.7646 0.764
 3328.8643 0.764
 3328.9639 0.764
 3329.0635 0.764
 3329.1631 0.765
 3329.2627 0.765
 3329.3623 0.765
 3329.4619 0.765
 3329.5615 0.765
 3329.6611 0.765
 3329.7607 0.765
 3329.8604 0.765
 3329.9600 0.765
 3330.0596 0.765
 3330.1592 0.765
 3330.2588 0.765
 3330.3584 0.765
 3330.4580 0.765
 3330.5576 0.765
 3330.6572 0.765
 3330.7568 0.765
 3330.8564 0.765
 3330.9561 0.765
 3331.0557 0.764
 3331.1553 0.764
 3331.2549 0.764
 3331.3545 0.764
 3331.4541 0.764
 3331.5537 0.764
 3331.6533 0.765
 3331.7529 0.765
 3331.8525 0.765
 3331.9521 0.765
 3332.0518 0.765
 3332.1514 0.765
 3332.2510 0.765
 3332.3506 0.765
 3332.4502 0.765
 3332.5498 0.765
 3332.6494 0.765
 3332.7490 0.766
 3332.8486 0.766
 3332.9482 0.766
 3333.0479 0.766
 3333.1475 0.765
 3333.2471 0.766
 3333.3467 0.766
 3333.4463 0.766
 3333.5459 0.766
 3333.6455 0.766
 3333.7451 0.766
 3333.8447 0.766
 3333.9443 0.766
 3334.0439 0.766
 3334.1436 0.766
 3334.2432 0.766
 3334.3428 0.766
 3334.4424 0.766
 3334.5420 0.766
 3334.6416 0.766
 3334.7412 0.766
 3334.8408 0.766
 3334.9404 0.766
 3335.0400 0.766
 3335.1396 0.766
 3335.2393 0.766
 3335.3389 0.766
 3335.4385 0.766
 3335.5381 0.766
 3335.6377 0.766
 3335.7373 0.766
 3335.8369 0.766
 3335.9365 0.767
 3336.0361 0.767
 3336.1357 0.767
 3336.2354 0.767
 3336.3350 0.767
 3336.4346 0.767
 3336.5342 0.767
 3336.6338 0.767
 3336.7334 0.766
 3336.8330 0.766
 3336.9326 0.766
 3337.0322 0.766
 3337.1318 0.766
 3337.2314 0.766
 3337.3311 0.766
 3337.4307 0.766
 3337.5303 0.767
 3337.6299 0.767
 3337.7295 0.767
 3337.8291 0.767
 3337.9287 0.767
 3338.0283 0.767
 3338.1279 0.767
 3338.2275 0.766
 3338.3271 0.766
 3338.4268 0.766
 3338.5264 0.766
 3338.6260 0.766
 3338.7256 0.766
 3338.8252 0.766
 3338.9248 0.766
 3339.0244 0.766
 3339.1240 0.766
 3339.2236 0.767
 3339.3232 0.767
 3339.4229 0.767
 3339.5225 0.767
 3339.6221 0.767
 3339.7217 0.767
 3339.8213 0.767
 3339.9209 0.767
 3340.0205 0.767
 3340.1201 0.767
 3340.2197 0.767
 3340.3193 0.767
 3340.4189 0.767
 3340.5186 0.766
 3340.6182 0.766
 3340.7178 0.766
 3340.8174 0.766
 3340.9170 0.766
 3341.0166 0.766
 3341.1162 0.766
 3341.2158 0.766
 3341.3154 0.766
 3341.4150 0.766
 3341.5146 0.766
 3341.6143 0.767
 3341.7139 0.767
 3341.8135 0.767
 3341.9131 0.767
 3342.0127 0.767
 3342.1123 0.767
 3342.2119 0.767
 3342.3115 0.767
 3342.4111 0.767
 3342.5107 0.767
 3342.6104 0.767
 3342.7100 0.767
 3342.8096 0.767
 3342.9092 0.767
 3343.0088 0.767
 3343.1084 0.767
 3343.2080 0.767
 3343.3076 0.767
 3343.4072 0.767
 3343.5068 0.767
 3343.6064 0.767
 3343.7061 0.767
 3343.8057 0.768
 3343.9053 0.768
 3344.0049 0.768
 3344.1045 0.768
 3344.2041 0.768
 3344.3037 0.768
 3344.4033 0.768
 3344.5029 0.768
 3344.6025 0.768
 3344.7021 0.768
 3344.8018 0.768
 3344.9014 0.768
 3345.0010 0.768
 3345.1006 0.768
 3345.2002 0.768
 3345.2998 0.768
 3345.3994 0.768
 3345.4990 0.767
 3345.5986 0.767
 3345.6982 0.767
 3345.7979 0.767
 3345.8975 0.767
 3345.9971 0.767
 3346.0967 0.767
 3346.1963 0.767
 3346.2959 0.768
 3346.3955 0.768
 3346.4951 0.768
 3346.5947 0.768
 3346.6943 0.768
 3346.7939 0.768
 3346.8936 0.768
 3346.9932 0.768
 3347.0928 0.768
 3347.1924 0.768
 3347.2920 0.767
 3347.3916 0.767
 3347.4912 0.767
 3347.5908 0.767
 3347.6904 0.768
 3347.7900 0.768
 3347.8896 0.768
 3347.9893 0.768
 3348.0889 0.768
 3348.1885 0.768
 3348.2881 0.768
 3348.3877 0.768
 3348.4873 0.768
 3348.5869 0.769
 3348.6865 0.769
 3348.7861 0.769
 3348.8857 0.769
 3348.9854 0.769
 3349.0850 0.769
 3349.1846 0.769
 3349.2842 0.769
 3349.3838 0.769
 3349.4834 0.769
 3349.5830 0.769
 3349.6826 0.769
 3349.7822 0.769
 3349.8818 0.769
 3349.9814 0.769
 3350.0811 0.768
 3350.1807 0.768
 3350.2803 0.768
 3350.3799 0.768
 3350.4795 0.768
 3350.5791 0.768
 3350.6787 0.768
 3350.7783 0.769
 3350.8779 0.769
 3350.9775 0.769
 3351.0771 0.769
 3351.1768 0.769
 3351.2764 0.769
 3351.3760 0.769
 3351.4756 0.769
 3351.5752 0.769
 3351.6748 0.769
 3351.7744 0.769
 3351.8740 0.769
 3351.9736 0.769
 3352.0732 0.769
 3352.1729 0.769
 3352.2725 0.768
 3352.3721 0.768
 3352.4717 0.768
 3352.5713 0.768
 3352.6709 0.769
 3352.7705 0.769
 3352.8701 0.769
 3352.9697 0.769
 3353.0693 0.769
 3353.1689 0.769
 3353.2686 0.769
 3353.3682 0.769
 3353.4678 0.769
 3353.5674 0.769
 3353.6670 0.769
 3353.7666 0.770
 3353.8662 0.770
 3353.9658 0.770
 3354.0654 0.770
 3354.1650 0.770
 3354.2646 0.770
 3354.3643 0.770
 3354.4639 0.770
 3354.5635 0.770
 3354.6631 0.770
 3354.7627 0.770
 3354.8623 0.770
 3354.9619 0.770
 3355.0615 0.770
 3355.1611 0.770
 3355.2607 0.770
 3355.3604 0.770
 3355.4600 0.770
 3355.5596 0.769
 3355.6592 0.769
 3355.7588 0.769
 3355.8584 0.769
 3355.9580 0.769
 3356.0576 0.769
 3356.1572 0.769
 3356.2568 0.769
 3356.3564 0.769
 3356.4561 0.769
 3356.5557 0.770
 3356.6553 0.770
 3356.7549 0.770
 3356.8545 0.770
 3356.9541 0.770
 3357.0537 0.770
 3357.1533 0.770
 3357.2529 0.770
 3357.3525 0.770
 3357.4521 0.770
 3357.5518 0.770
 3357.6514 0.770
 3357.7510 0.770
 3357.8506 0.770
 3357.9502 0.770
 3358.0498 0.770
 3358.1494 0.770
 3358.2490 0.770
 3358.3486 0.770
 3358.4482 0.770
 3358.5479 0.770
 3358.6475 0.770
 3358.7471 0.770
 3358.8467 0.770
 3358.9463 0.770
 3359.0459 0.770
 3359.1455 0.770
 3359.2451 0.770
 3359.3447 0.771
 3359.4443 0.771
 3359.5439 0.771
 3359.6436 0.771
 3359.7432 0.771
 3359.8428 0.771
 3359.9424 0.771
 3360.0420 0.771
 3360.1416 0.771
 3360.2412 0.771
 3360.3408 0.771
 3360.4404 0.771
 3360.5400 0.771
 3360.6396 0.771
 3360.7393 0.771
 3360.8389 0.771
 3360.9385 0.771
 3361.0381 0.771
 3361.1377 0.770
 3361.2373 0.770
 3361.3369 0.770
 3361.4365 0.770
 3361.5361 0.770
 3361.6357 0.770
 3361.7354 0.771
 3361.8350 0.771
 3361.9346 0.771
 3362.0342 0.771
 3362.1338 0.771
 3362.2334 0.771
 3362.3330 0.771
 3362.4326 0.771
 3362.5322 0.771
 3362.6318 0.771
 3362.7314 0.771
 3362.8311 0.771
 3362.9307 0.771
 3363.0303 0.771
 3363.1299 0.772
 3363.2295 0.772
 3363.3291 0.772
 3363.4287 0.772
 3363.5283 0.772
 3363.6279 0.772
 3363.7275 0.772
 3363.8271 0.771
 3363.9268 0.771
 3364.0264 0.771
 3364.1260 0.771
 3364.2256 0.771
 3364.3252 0.771
 3364.4248 0.771
 3364.5244 0.771
 3364.6240 0.771
 3364.7236 0.771
 3364.8232 0.771
 3364.9229 0.771
 3365.0225 0.772
 3365.1221 0.772
 3365.2217 0.772
 3365.3213 0.772
 3365.4209 0.772
 3365.5205 0.772
 3365.6201 0.772
 3365.7197 0.772
 3365.8193 0.772
 3365.9189 0.772
 3366.0186 0.772
 3366.1182 0.772
 3366.2178 0.772
 3366.3174 0.772
 3366.4170 0.772
 3366.5166 0.772
 3366.6162 0.771
 3366.7158 0.771
 3366.8154 0.771
 3366.9150 0.771
 3367.0146 0.771
 3367.1143 0.771
 3367.2139 0.772
 3367.3135 0.772
 3367.4131 0.772
 3367.5127 0.772
 3367.6123 0.772
 3367.7119 0.772
 3367.8115 0.772
 3367.9111 0.772
 3368.0107 0.772
 3368.1104 0.772
 3368.2100 0.772
 3368.3096 0.772
 3368.4092 0.772
 3368.5088 0.773
 3368.6084 0.773
 3368.7080 0.773
 3368.8076 0.773
 3368.9072 0.773
 3369.0068 0.773
 3369.1064 0.773
 3369.2061 0.773
 3369.3057 0.773
 3369.4053 0.773
 3369.5049 0.773
 3369.6045 0.773
 3369.7041 0.773
 3369.8037 0.773
 3369.9033 0.772
 3370.0029 0.772
 3370.1025 0.772
 3370.2021 0.772
 3370.3018 0.772
 3370.4014 0.772
 3370.5010 0.772
 3370.6006 0.773
 3370.7002 0.773
 3370.7998 0.773
 3370.8994 0.773
 3370.9990 0.773
 3371.0986 0.773
 3371.1982 0.773
 3371.2979 0.773
 3371.3975 0.773
 3371.4971 0.773
 3371.5967 0.773
 3371.6963 0.772
 3371.7959 0.772
 3371.8955 0.772
 3371.9951 0.772
 3372.0947 0.772
 3372.1943 0.772
 3372.2939 0.772
 3372.3936 0.772
 3372.4932 0.773
 3372.5928 0.773
 3372.6924 0.773
 3372.7920 0.773
 3372.8916 0.773
 3372.9912 0.773
 3373.0908 0.773
 3373.1904 0.773
 3373.2900 0.773
 3373.3896 0.773
 3373.4893 0.773
 3373.5889 0.773
 3373.6885 0.773
 3373.7881 0.773
 3373.8877 0.773
 3373.9873 0.774
 3374.0869 0.774
 3374.1865 0.774
 3374.2861 0.774
 3374.3857 0.774
 3374.4854 0.774
 3374.5850 0.774
 3374.6846 0.774
 3374.7842 0.774
 3374.8838 0.774
 3374.9834 0.774
 3375.0830 0.773
 3375.1826 0.773
 3375.2822 0.773
 3375.3818 0.773
 3375.4814 0.773
 3375.5811 0.773
 3375.6807 0.773
 3375.7803 0.773
 3375.8799 0.774
 3375.9795 0.774
 3376.0791 0.774
 3376.1787 0.774
 3376.2783 0.774
 3376.3779 0.774
 3376.4775 0.774
 3376.5771 0.774
 3376.6768 0.774
 3376.7764 0.774
 3376.8760 0.774
 3376.9756 0.774
 3377.0752 0.774
 3377.1748 0.774
 3377.2744 0.774
 3377.3740 0.774
 3377.4736 0.774
 3377.5732 0.774
 3377.6729 0.774
 3377.7725 0.774
 3377.8721 0.774
 3377.9717 0.774
 3378.0713 0.774
 3378.1709 0.774
 3378.2705 0.774
 3378.3701 0.775
 3378.4697 0.775
 3378.5693 0.775
 3378.6689 0.775
 3378.7686 0.775
 3378.8682 0.775
 3378.9678 0.775
 3379.0674 0.775
 3379.1670 0.774
 3379.2666 0.774
 3379.3662 0.774
 3379.4658 0.774
 3379.5654 0.774
 3379.6650 0.774
 3379.7646 0.774
 3379.8643 0.774
 3379.9639 0.774
 3380.0635 0.774
 3380.1631 0.774
 3380.2627 0.774
 3380.3623 0.775
 3380.4619 0.775
 3380.5615 0.775
 3380.6611 0.775
 3380.7607 0.775
 3380.8604 0.775
 3380.9600 0.775
 3381.0596 0.775
 3381.1592 0.775
 3381.2588 0.775
 3381.3584 0.775
 3381.4580 0.775
 3381.5576 0.775
 3381.6572 0.775
 3381.7568 0.775
 3381.8564 0.775
 3381.9561 0.775
 3382.0557 0.775
 3382.1553 0.775
 3382.2549 0.775
 3382.3545 0.775
 3382.4541 0.775
 3382.5537 0.775
 3382.6533 0.775
 3382.7529 0.775
 3382.8525 0.775
 3382.9521 0.775
 3383.0518 0.775
 3383.1514 0.775
 3383.2510 0.776
 3383.3506 0.776
 3383.4502 0.775
 3383.5498 0.775
 3383.6494 0.775
 3383.7490 0.775
 3383.8486 0.775
 3383.9482 0.775
 3384.0479 0.775
 3384.1475 0.775
 3384.2471 0.775
 3384.3467 0.775
 3384.4463 0.775
 3384.5459 0.775
 3384.6455 0.775
 3384.7451 0.775
 3384.8447 0.775
 3384.9443 0.775
 3385.0439 0.775
 3385.1436 0.776
 3385.2432 0.776
 3385.3428 0.776
 3385.4424 0.776
 3385.5420 0.776
 3385.6416 0.776
 3385.7412 0.776
 3385.8408 0.776
 3385.9404 0.776
 3386.0400 0.776
 3386.1396 0.776
 3386.2393 0.776
 3386.3389 0.776
 3386.4385 0.776
 3386.5381 0.776
 3386.6377 0.776
 3386.7373 0.776
 3386.8369 0.775
 3386.9365 0.775
 3387.0361 0.775
 3387.1357 0.775
 3387.2354 0.775
 3387.3350 0.775
 3387.4346 0.775
 3387.5342 0.776
 3387.6338 0.776
 3387.7334 0.776
 3387.8330 0.776
 3387.9326 0.776
 3388.0322 0.776
 3388.1318 0.776
 3388.2314 0.776
 3388.3311 0.776
 3388.4307 0.776
 3388.5303 0.775
 3388.6299 0.775
 3388.7295 0.775
 3388.8291 0.775
 3388.9287 0.775
 3389.0283 0.775
 3389.1279 0.775
 3389.2275 0.776
 3389.3271 0.776
 3389.4268 0.776
 3389.5264 0.776
 3389.6260 0.776
 3389.7256 0.776
 3389.8252 0.776
 3389.9248 0.776
 3390.0244 0.776
 3390.1240 0.776
 3390.2236 0.776
 3390.3232 0.776
 3390.4229 0.776
 3390.5225 0.776
 3390.6221 0.776
 3390.7217 0.776
 3390.8213 0.776
 3390.9209 0.776
 3391.0205 0.776
 3391.1201 0.776
 3391.2197 0.776
 3391.3193 0.776
 3391.4189 0.776
 3391.5186 0.776
 3391.6182 0.776
 3391.7178 0.776
 3391.8174 0.776
 3391.9170 0.776
 3392.0166 0.776
 3392.1162 0.776
 3392.2158 0.776
 3392.3154 0.776
 3392.4150 0.776
 3392.5146 0.776
 3392.6143 0.776
 3392.7139 0.776
 3392.8135 0.776
 3392.9131 0.777
 3393.0127 0.777
 3393.1123 0.777
 3393.2119 0.777
 3393.3115 0.777
 3393.4111 0.777
 3393.5107 0.777
 3393.6104 0.777
 3393.7100 0.777
 3393.8096 0.777
 3393.9092 0.777
 3394.0088 0.777
 3394.1084 0.777
 3394.2080 0.777
 3394.3076 0.776
 3394.4072 0.776
 3394.5068 0.776
 3394.6064 0.776
 3394.7061 0.776
 3394.8057 0.777
 3394.9053 0.777
 3395.0049 0.777
 3395.1045 0.777
 3395.2041 0.777
 3395.3037 0.777
 3395.4033 0.777
 3395.5029 0.778
 3395.6025 0.778
 3395.7021 0.778
 3395.8018 0.778
 3395.9014 0.778
 3396.0010 0.778
 3396.1006 0.778
 3396.2002 0.778
 3396.2998 0.778
 3396.3994 0.778
 3396.4990 0.778
 3396.5986 0.778
 3396.6982 0.778
 3396.7979 0.778
 3396.8975 0.778
 3396.9971 0.778
 3397.0967 0.778
 3397.1963 0.778
 3397.2959 0.777
 3397.3955 0.777
 3397.4951 0.777
 3397.5947 0.777
 3397.6943 0.777
 3397.7939 0.777
 3397.8936 0.777
 3397.9932 0.777
 3398.0928 0.778
 3398.1924 0.778
 3398.2920 0.778
 3398.3916 0.778
 3398.4912 0.778
 3398.5908 0.778
 3398.6904 0.778
 3398.7900 0.778
 3398.8896 0.778
 3398.9893 0.778
 3399.0889 0.778
 3399.1885 0.778
 3399.2881 0.778
 3399.3877 0.778
 3399.4873 0.778
 3399.5869 0.778
 3399.6865 0.778
 3399.7861 0.778
 3399.8857 0.778
 3399.9854 0.778
 3400.0850 0.778
 3400.1846 0.778
 3400.2842 0.778
 3400.3838 0.779
 3400.4834 0.779
 3400.5830 0.779
 3400.6826 0.779
 3400.7822 0.779
 3400.8818 0.779
 3400.9814 0.779
 3401.0811 0.779
 3401.1807 0.779
 3401.2803 0.779
 3401.3799 0.779
 3401.4795 0.778
 3401.5791 0.778
 3401.6787 0.778
 3401.7783 0.778
 3401.8779 0.778
 3401.9775 0.778
 3402.0771 0.778
 3402.1768 0.779
 3402.2764 0.779
 3402.3760 0.779
 3402.4756 0.779
 3402.5752 0.779
 3402.6748 0.779
 3402.7744 0.779
 3402.8740 0.779
 3402.9736 0.779
 3403.0732 0.779
 3403.1729 0.779
 3403.2725 0.779
 3403.3721 0.779
 3403.4717 0.779
 3403.5713 0.779
 3403.6709 0.779
 3403.7705 0.779
 3403.8701 0.779
 3403.9697 0.779
 3404.0693 0.779
 3404.1689 0.779
 3404.2686 0.779
 3404.3682 0.779
 3404.4678 0.779
 3404.5674 0.779
 3404.6670 0.779
 3404.7666 0.779
 3404.8662 0.779
 3404.9658 0.780
 3405.0654 0.780
 3405.1650 0.780
 3405.2646 0.780
 3405.3643 0.780
 3405.4639 0.780
 3405.5635 0.780
 3405.6631 0.779
 3405.7627 0.779
 3405.8623 0.779
 3405.9619 0.779
 3406.0615 0.779
 3406.1611 0.779
 3406.2607 0.779
 3406.3604 0.779
 3406.4600 0.780
 3406.5596 0.780
 3406.6592 0.780
 3406.7588 0.780
 3406.8584 0.780
 3406.9580 0.780
 3407.0576 0.780
 3407.1572 0.780
 3407.2568 0.780
 3407.3564 0.780
 3407.4561 0.780
 3407.5557 0.780
 3407.6553 0.780
 3407.7549 0.780
 3407.8545 0.780
 3407.9541 0.780
 3408.0537 0.780
 3408.1533 0.780
 3408.2529 0.780
 3408.3525 0.780
 3408.4521 0.780
 3408.5518 0.779
 3408.6514 0.779
 3408.7510 0.779
 3408.8506 0.779
 3408.9502 0.779
 3409.0498 0.779
 3409.1494 0.780
 3409.2490 0.780
 3409.3486 0.780
 3409.4482 0.780
 3409.5479 0.780
 3409.6475 0.780
 3409.7471 0.780
 3409.8467 0.780
 3409.9463 0.780
 3410.0459 0.780
 3410.1455 0.780
 3410.2451 0.780
 3410.3447 0.780
 3410.4443 0.780
 3410.5439 0.780
 3410.6436 0.780
 3410.7432 0.780
 3410.8428 0.780
 3410.9424 0.780
 3411.0420 0.780
 3411.1416 0.780
 3411.2412 0.780
 3411.3408 0.780
 3411.4404 0.780
 3411.5400 0.780
 3411.6396 0.780
 3411.7393 0.780
 3411.8389 0.780
 3411.9385 0.780
 3412.0381 0.780
 3412.1377 0.781
 3412.2373 0.781
 3412.3369 0.781
 3412.4365 0.781
 3412.5361 0.781
 3412.6357 0.781
 3412.7354 0.781
 3412.8350 0.781
 3412.9346 0.781
 3413.0342 0.781
 3413.1338 0.781
 3413.2334 0.781
 3413.3330 0.781
 3413.4326 0.781
 3413.5322 0.781
 3413.6318 0.781
 3413.7314 0.780
 3413.8311 0.780
 3413.9307 0.780
 3414.0303 0.780
 3414.1299 0.780
 3414.2295 0.780
 3414.3291 0.780
 3414.4287 0.780
 3414.5283 0.780
 3414.6279 0.781
 3414.7275 0.781
 3414.8271 0.781
 3414.9268 0.781
 3415.0264 0.781
 3415.1260 0.781
 3415.2256 0.781
 3415.3252 0.781
 3415.4248 0.781
 3415.5244 0.781
 3415.6240 0.781
 3415.7236 0.781
 3415.8232 0.781
 3415.9229 0.781
 3416.0225 0.781
 3416.1221 0.781
 3416.2217 0.781
 3416.3213 0.781
 3416.4209 0.781
 3416.5205 0.781
 3416.6201 0.781
 3416.7197 0.781
 3416.8193 0.781
 3416.9189 0.781
 3417.0186 0.782
 3417.1182 0.782
 3417.2178 0.782
 3417.3174 0.782
 3417.4170 0.782
 3417.5166 0.782
 3417.6162 0.782
 3417.7158 0.782
 3417.8154 0.782
 3417.9150 0.782
 3418.0146 0.782
 3418.1143 0.782
 3418.2139 0.782
 3418.3135 0.782
 3418.4131 0.782
 3418.5127 0.782
 3418.6123 0.782
 3418.7119 0.782
 3418.8115 0.782
 3418.9111 0.782
 3419.0107 0.782
 3419.1104 0.781
 3419.2100 0.781
 3419.3096 0.781
 3419.4092 0.781
 3419.5088 0.781
 3419.6084 0.781
 3419.7080 0.781
 3419.8076 0.781
 3419.9072 0.782
 3420.0068 0.782
 3420.1064 0.782
 3420.2061 0.782
 3420.3057 0.782
 3420.4053 0.782
 3420.5049 0.782
 3420.6045 0.782
 3420.7041 0.782
 3420.8037 0.783
 3420.9033 0.783
 3421.0029 0.783
 3421.1025 0.783
 3421.2021 0.783
 3421.3018 0.783
 3421.4014 0.782
 3421.5010 0.782
 3421.6006 0.782
 3421.7002 0.782
 3421.7998 0.782
 3421.8994 0.782
 3421.9990 0.782
 3422.0986 0.782
 3422.1982 0.782
 3422.2979 0.782
 3422.3975 0.783
 3422.4971 0.783
 3422.5967 0.783
 3422.6963 0.783
 3422.7959 0.783
 3422.8955 0.783
 3422.9951 0.783
 3423.0947 0.783
 3423.1943 0.783
 3423.2939 0.783
 3423.3936 0.783
 3423.4932 0.783
 3423.5928 0.783
 3423.6924 0.783
 3423.7920 0.783
 3423.8916 0.783
 3423.9912 0.783
 3424.0908 0.783
 3424.1904 0.783
 3424.2900 0.783
 3424.3896 0.783
 3424.4893 0.783
 3424.5889 0.783
 3424.6885 0.783
 3424.7881 0.783
 3424.8877 0.783
 3424.9873 0.783
 3425.0869 0.783
 3425.1865 0.782
 3425.2861 0.783
 3425.3857 0.783
 3425.4854 0.783
 3425.5850 0.783
 3425.6846 0.783
 3425.7842 0.783
 3425.8838 0.783
 3425.9834 0.783
 3426.0830 0.783
 3426.1826 0.783
 3426.2822 0.783
 3426.3818 0.783
 3426.4814 0.783
 3426.5811 0.783
 3426.6807 0.784
 3426.7803 0.784
 3426.8799 0.784
 3426.9795 0.784
 3427.0791 0.784
 3427.1787 0.784
 3427.2783 0.784
 3427.3779 0.784
 3427.4775 0.784
 3427.5771 0.784
 3427.6768 0.784
 3427.7764 0.784
 3427.8760 0.784
 3427.9756 0.784
 3428.0752 0.784
 3428.1748 0.784
 3428.2744 0.784
 3428.3740 0.784
 3428.4736 0.784
 3428.5732 0.784
 3428.6729 0.784
 3428.7725 0.784
 3428.8721 0.784
 3428.9717 0.784
 3429.0713 0.784
 3429.1709 0.784
 3429.2705 0.784
 3429.3701 0.784
 3429.4697 0.784
 3429.5693 0.784
 3429.6689 0.784
 3429.7686 0.784
 3429.8682 0.784
 3429.9678 0.784
 3430.0674 0.784
 3430.1670 0.784
 3430.2666 0.784
 3430.3662 0.785
 3430.4658 0.785
 3430.5654 0.785
 3430.6650 0.784
 3430.7646 0.784
 3430.8643 0.784
 3430.9639 0.784
 3431.0635 0.784
 3431.1631 0.784
 3431.2627 0.784
 3431.3623 0.784
 3431.4619 0.784
 3431.5615 0.784
 3431.6611 0.784
 3431.7607 0.784
 3431.8604 0.784
 3431.9600 0.784
 3432.0596 0.785
 3432.1592 0.785
 3432.2588 0.785
 3432.3584 0.785
 3432.4580 0.785
 3432.5576 0.785
 3432.6572 0.785
 3432.7568 0.785
 3432.8564 0.785
 3432.9561 0.785
 3433.0557 0.785
 3433.1553 0.785
 3433.2549 0.785
 3433.3545 0.785
 3433.4541 0.785
 3433.5537 0.785
 3433.6533 0.785
 3433.7529 0.785
 3433.8525 0.785
 3433.9521 0.785
 3434.0518 0.785
 3434.1514 0.785
 3434.2510 0.785
 3434.3506 0.785
 3434.4502 0.785
 3434.5498 0.785
 3434.6494 0.785
 3434.7490 0.785
 3434.8486 0.785
 3434.9482 0.785
 3435.0479 0.785
 3435.1475 0.785
 3435.2471 0.785
 3435.3467 0.785
 3435.4463 0.786
 3435.5459 0.786
 3435.6455 0.786
 3435.7451 0.786
 3435.8447 0.785
 3435.9443 0.785
 3436.0439 0.785
 3436.1436 0.785
 3436.2432 0.785
 3436.3428 0.785
 3436.4424 0.785
 3436.5420 0.785
 3436.6416 0.785
 3436.7412 0.785
 3436.8408 0.785
 3436.9404 0.786
 3437.0400 0.786
 3437.1396 0.786
 3437.2393 0.786
 3437.3389 0.786
 3437.4385 0.786
 3437.5381 0.786
 3437.6377 0.785
 3437.7373 0.785
 3437.8369 0.785
 3437.9365 0.785
 3438.0361 0.785
 3438.1357 0.785
 3438.2354 0.785
 3438.3350 0.785
 3438.4346 0.786
 3438.5342 0.786
 3438.6338 0.786
 3438.7334 0.786
 3438.8330 0.786
 3438.9326 0.786
 3439.0322 0.786
 3439.1318 0.786
 3439.2314 0.786
 3439.3311 0.786
 3439.4307 0.786
 3439.5303 0.786
 3439.6299 0.786
 3439.7295 0.786
 3439.8291 0.786
 3439.9287 0.786
 3440.0283 0.785
 3440.1279 0.785
 3440.2275 0.785
 3440.3271 0.785
 3440.4268 0.785
 3440.5264 0.785
 3440.6260 0.785
 3440.7256 0.786
 3440.8252 0.786
 3440.9248 0.786
 3441.0244 0.786
 3441.1240 0.786
 3441.2236 0.786
 3441.3232 0.786
 3441.4229 0.786
 3441.5225 0.786
 3441.6221 0.786
 3441.7217 0.786
 3441.8213 0.786
 3441.9209 0.787
 3442.0205 0.787
 3442.1201 0.787
 3442.2197 0.787
 3442.3193 0.787
 3442.4189 0.786
 3442.5186 0.786
 3442.6182 0.786
 3442.7178 0.786
 3442.8174 0.786
 3442.9170 0.786
 3443.0166 0.786
 3443.1162 0.786
 3443.2158 0.786
 3443.3154 0.786
 3443.4150 0.787
 3443.5146 0.787
 3443.6143 0.787
 3443.7139 0.787
 3443.8135 0.787
 3443.9131 0.787
 3444.0127 0.787
 3444.1123 0.787
 3444.2119 0.787
 3444.3115 0.787
 3444.4111 0.787
 3444.5107 0.787
 3444.6104 0.787
 3444.7100 0.787
 3444.8096 0.787
 3444.9092 0.787
 3445.0088 0.787
 3445.1084 0.787
 3445.2080 0.787
 3445.3076 0.787
 3445.4072 0.787
 3445.5068 0.787
 3445.6064 0.786
 3445.7061 0.786
 3445.8057 0.786
 3445.9053 0.787
 3446.0049 0.787
 3446.1045 0.787
 3446.2041 0.787
 3446.3037 0.787
 3446.4033 0.787
 3446.5029 0.787
 3446.6025 0.787
 3446.7021 0.787
 3446.8018 0.787
 3446.9014 0.787
 3447.0010 0.787
 3447.1006 0.787
 3447.2002 0.787
 3447.2998 0.787
 3447.3994 0.787
 3447.4990 0.787
 3447.5986 0.787
 3447.6982 0.787
 3447.7979 0.788
 3447.8975 0.788
 3447.9971 0.788
 3448.0967 0.788
 3448.1963 0.788
 3448.2959 0.788
 3448.3955 0.788
 3448.4951 0.788
 3448.5947 0.788
 3448.6943 0.788
 3448.7939 0.788
 3448.8936 0.788
 3448.9932 0.788
 3449.0928 0.788
 3449.1924 0.788
 3449.2920 0.788
 3449.3916 0.788
 3449.4912 0.788
 3449.5908 0.788
 3449.6904 0.788
 3449.7900 0.788
 3449.8896 0.788
 3449.9893 0.788
 3450.0889 0.788
 3450.1885 0.788
 3450.2881 0.788
 3450.3877 0.788
 3450.4873 0.787
 3450.5869 0.788
 3450.6865 0.788
 3450.7861 0.788
 3450.8857 0.788
 3450.9854 0.788
 3451.0850 0.788
 3451.1846 0.788
 3451.2842 0.788
 3451.3838 0.788
 3451.4834 0.788
 3451.5830 0.788
 3451.6826 0.788
 3451.7822 0.788
 3451.8818 0.789
 3451.9814 0.789
 3452.0811 0.789
 3452.1807 0.789
 3452.2803 0.789
 3452.3799 0.789
 3452.4795 0.789
 3452.5791 0.789
 3452.6787 0.789
 3452.7783 0.788
 3452.8779 0.788
 3452.9775 0.788
 3453.0771 0.788
 3453.1768 0.788
 3453.2764 0.788
 3453.3760 0.788
 3453.4756 0.788
 3453.5752 0.788
 3453.6748 0.789
 3453.7744 0.789
 3453.8740 0.789
 3453.9736 0.789
 3454.0732 0.789
 3454.1729 0.789
 3454.2725 0.789
 3454.3721 0.789
 3454.4717 0.789
 3454.5713 0.789
 3454.6709 0.789
 3454.7705 0.788
 3454.8701 0.788
 3454.9697 0.788
 3455.0693 0.788
 3455.1689 0.788
 3455.2686 0.788
 3455.3682 0.788
 3455.4678 0.788
 3455.5674 0.788
 3455.6670 0.788
 3455.7666 0.789
 3455.8662 0.789
 3455.9658 0.789
 3456.0654 0.789
 3456.1650 0.789
 3456.2646 0.789
 3456.3643 0.789
 3456.4639 0.789
 3456.5635 0.789
 3456.6631 0.789
 3456.7627 0.790
 3456.8623 0.789
 3456.9619 0.790
 3457.0615 0.790
 3457.1611 0.790
 3457.2607 0.790
 3457.3604 0.790
 3457.4600 0.790
 3457.5596 0.790
 3457.6592 0.790
 3457.7588 0.789
 3457.8584 0.789
 3457.9580 0.789
 3458.0576 0.789
 3458.1572 0.789
 3458.2568 0.789
 3458.3564 0.789
 3458.4561 0.790
 3458.5557 0.790
 3458.6553 0.790
 3458.7549 0.790
 3458.8545 0.790
 3458.9541 0.790
 3459.0537 0.790
 3459.1533 0.790
 3459.2529 0.790
 3459.3525 0.790
 3459.4521 0.790
 3459.5518 0.790
 3459.6514 0.790
 3459.7510 0.790
 3459.8506 0.790
 3459.9502 0.790
 3460.0498 0.790
 3460.1494 0.790
 3460.2490 0.790
 3460.3486 0.790
 3460.4482 0.790
 3460.5479 0.790
 3460.6475 0.790
 3460.7471 0.790
 3460.8467 0.790
 3460.9463 0.790
 3461.0459 0.790
 3461.1455 0.790
 3461.2451 0.790
 3461.3447 0.790
 3461.4443 0.790
 3461.5439 0.790
 3461.6436 0.790
 3461.7432 0.790
 3461.8428 0.790
 3461.9424 0.790
 3462.0420 0.790
 3462.1416 0.790
 3462.2412 0.790
 3462.3408 0.790
 3462.4404 0.791
 3462.5400 0.791
 3462.6396 0.791
 3462.7393 0.791
 3462.8389 0.791
 3462.9385 0.791
 3463.0381 0.791
 3463.1377 0.790
 3463.2373 0.790
 3463.3369 0.790
 3463.4365 0.790
 3463.5361 0.790
 3463.6357 0.790
 3463.7354 0.790
 3463.8350 0.791
 3463.9346 0.791
 3464.0342 0.791
 3464.1338 0.791
 3464.2334 0.791
 3464.3330 0.791
 3464.4326 0.791
 3464.5322 0.791
 3464.6318 0.791
 3464.7314 0.791
 3464.8311 0.791
 3464.9307 0.791
 3465.0303 0.791
 3465.1299 0.791
 3465.2295 0.791
 3465.3291 0.792
 3465.4287 0.792
 3465.5283 0.792
 3465.6279 0.792
 3465.7275 0.792
 3465.8271 0.792
 3465.9268 0.791
 3466.0264 0.791
 3466.1260 0.791
 3466.2256 0.791
 3466.3252 0.791
 3466.4248 0.791
 3466.5244 0.791
 3466.6240 0.791
 3466.7236 0.791
 3466.8232 0.791
 3466.9229 0.791
 3467.0225 0.792
 3467.1221 0.792
 3467.2217 0.792
 3467.3213 0.792
 3467.4209 0.792
 3467.5205 0.792
 3467.6201 0.792
 3467.7197 0.792
 3467.8193 0.792
 3467.9189 0.792
 3468.0186 0.792
 3468.1182 0.791
 3468.2178 0.791
 3468.3174 0.791
 3468.4170 0.791
 3468.5166 0.791
 3468.6162 0.791
 3468.7158 0.791
 3468.8154 0.791
 3468.9150 0.791
 3469.0146 0.791
 3469.1143 0.792
 3469.2139 0.792
 3469.3135 0.792
 3469.4131 0.792
 3469.5127 0.792
 3469.6123 0.792
 3469.7119 0.792
 3469.8115 0.792
 3469.9111 0.792
 3470.0107 0.791
 3470.1104 0.791
 3470.2100 0.791
 3470.3096 0.791
 3470.4092 0.791
 3470.5088 0.791
 3470.6084 0.792
 3470.7080 0.792
 3470.8076 0.792
 3470.9072 0.792
 3471.0068 0.792
 3471.1064 0.792
 3471.2061 0.792
 3471.3057 0.792
 3471.4053 0.792
 3471.5049 0.792
 3471.6045 0.792
 3471.7041 0.792
 3471.8037 0.793
 3471.9033 0.793
 3472.0029 0.793
 3472.1025 0.793
 3472.2021 0.793
 3472.3018 0.793
 3472.4014 0.792
 3472.5010 0.792
 3472.6006 0.792
 3472.7002 0.792
 3472.7998 0.792
 3472.8994 0.792
 3472.9990 0.792
 3473.0986 0.792
 3473.1982 0.792
 3473.2979 0.793
 3473.3975 0.793
 3473.4971 0.793
 3473.5967 0.793
 3473.6963 0.793
 3473.7959 0.793
 3473.8955 0.793
 3473.9951 0.793
 3474.0947 0.793
 3474.1943 0.793
 3474.2939 0.793
 3474.3936 0.793
 3474.4932 0.793
 3474.5928 0.793
 3474.6924 0.793
 3474.7920 0.793
 3474.8916 0.793
 3474.9912 0.793
 3475.0908 0.793
 3475.1904 0.793
 3475.2900 0.793
 3475.3896 0.793
 3475.4893 0.793
 3475.5889 0.793
 3475.6885 0.793
 3475.7881 0.793
 3475.8877 0.793
 3475.9873 0.793
 3476.0869 0.793
 3476.1865 0.793
 3476.2861 0.793
 3476.3857 0.793
 3476.4854 0.793
 3476.5850 0.793
 3476.6846 0.793
 3476.7842 0.793
 3476.8838 0.793
 3476.9834 0.794
 3477.0830 0.794
 3477.1826 0.794
 3477.2822 0.794
 3477.3818 0.794
 3477.4814 0.794
 3477.5811 0.794
 3477.6807 0.794
 3477.7803 0.794
 3477.8799 0.793
 3477.9795 0.793
 3478.0791 0.793
 3478.1787 0.793
 3478.2783 0.793
 3478.3779 0.793
 3478.4775 0.793
 3478.5771 0.794
 3478.6768 0.794
 3478.7764 0.794
 3478.8760 0.794
 3478.9756 0.794
 3479.0752 0.794
 3479.1748 0.794
 3479.2744 0.794
 3479.3740 0.794
 3479.4736 0.794
 3479.5732 0.794
 3479.6729 0.794
 3479.7725 0.794
 3479.8721 0.794
 3479.9717 0.793
 3480.0713 0.793
 3480.1709 0.793
 3480.2705 0.793
 3480.3701 0.793
 3480.4697 0.793
 3480.5693 0.794
 3480.6689 0.794
 3480.7686 0.794
 3480.8682 0.794
 3480.9678 0.794
 3481.0674 0.794
 3481.1670 0.794
 3481.2666 0.794
 3481.3662 0.794
 3481.4658 0.794
 3481.5654 0.794
 3481.6650 0.794
 3481.7646 0.794
 3481.8643 0.794
 3481.9639 0.794
 3482.0635 0.794
 3482.1631 0.794
 3482.2627 0.794
 3482.3623 0.794
 3482.4619 0.794
 3482.5615 0.794
 3482.6611 0.794
 3482.7607 0.794
 3482.8604 0.794
 3482.9600 0.794
 3483.0596 0.794
 3483.1592 0.794
 3483.2588 0.794
 3483.3584 0.795
 3483.4580 0.795
 3483.5576 0.795
 3483.6572 0.795
 3483.7568 0.795
 3483.8564 0.795
 3483.9561 0.795
 3484.0557 0.795
 3484.1553 0.795
 3484.2549 0.795
 3484.3545 0.795
 3484.4541 0.795
 3484.5537 0.795
 3484.6533 0.795
 3484.7529 0.795
 3484.8525 0.794
 3484.9521 0.794
 3485.0518 0.794
 3485.1514 0.794
 3485.2510 0.794
 3485.3506 0.794
 3485.4502 0.795
 3485.5498 0.795
 3485.6494 0.795
 3485.7490 0.795
 3485.8486 0.795
 3485.9482 0.795
 3486.0479 0.795
 3486.1475 0.795
 3486.2471 0.795
 3486.3467 0.795
 3486.4463 0.795
 3486.5459 0.795
 3486.6455 0.795
 3486.7451 0.795
 3486.8447 0.794
 3486.9443 0.794
 3487.0439 0.794
 3487.1436 0.794
 3487.2432 0.795
 3487.3428 0.795
 3487.4424 0.795
 3487.5420 0.795
 3487.6416 0.795
 3487.7412 0.795
 3487.8408 0.795
 3487.9404 0.795
 3488.0400 0.796
 3488.1396 0.796
 3488.2393 0.796
 3488.3389 0.796
 3488.4385 0.796
 3488.5381 0.796
 3488.6377 0.796
 3488.7373 0.796
 3488.8369 0.796
 3488.9365 0.795
 3489.0361 0.795
 3489.1357 0.795
 3489.2354 0.795
 3489.3350 0.795
 3489.4346 0.795
 3489.5342 0.795
 3489.6338 0.795
 3489.7334 0.795
 3489.8330 0.795
 3489.9326 0.795
 3490.0322 0.795
 3490.1318 0.795
 3490.2314 0.795
 3490.3311 0.795
 3490.4307 0.795
 3490.5303 0.795
 3490.6299 0.795
 3490.7295 0.796
 3490.8291 0.796
 3490.9287 0.796
 3491.0283 0.796
 3491.1279 0.796
 3491.2275 0.796
 3491.3271 0.796
 3491.4268 0.796
 3491.5264 0.796
 3491.6260 0.796
 3491.7256 0.796
 3491.8252 0.796
 3491.9248 0.796
 3492.0244 0.796
 3492.1240 0.796
 3492.2236 0.796
 3492.3232 0.796
 3492.4229 0.796
 3492.5225 0.796
 3492.6221 0.796
 3492.7217 0.796
 3492.8213 0.796
 3492.9209 0.796
 3493.0205 0.796
 3493.1201 0.796
 3493.2197 0.796
 3493.3193 0.796
 3493.4189 0.796
 3493.5186 0.796
 3493.6182 0.796
 3493.7178 0.797
 3493.8174 0.797
 3493.9170 0.797
 3494.0166 0.797
 3494.1162 0.797
 3494.2158 0.797
 3494.3154 0.797
 3494.4150 0.797
 3494.5146 0.797
 3494.6143 0.797
 3494.7139 0.797
 3494.8135 0.796
 3494.9131 0.796
 3495.0127 0.796
 3495.1123 0.796
 3495.2119 0.796
 3495.3115 0.796
 3495.4111 0.796
 3495.5107 0.796
 3495.6104 0.797
 3495.7100 0.797
 3495.8096 0.797
 3495.9092 0.797
 3496.0088 0.797
 3496.1084 0.797
 3496.2080 0.797
 3496.3076 0.797
 3496.4072 0.797
 3496.5068 0.796
 3496.6064 0.796
 3496.7061 0.796
 3496.8057 0.796
 3496.9053 0.796
 3497.0049 0.796
 3497.1045 0.796
 3497.2041 0.797
 3497.3037 0.797
 3497.4033 0.797
 3497.5029 0.797
 3497.6025 0.797
 3497.7021 0.797
 3497.8018 0.797
 3497.9014 0.797
 3498.0010 0.797
 3498.1006 0.797
 3498.2002 0.797
 3498.2998 0.797
 3498.3994 0.797
 3498.4990 0.797
 3498.5986 0.797
 3498.6982 0.797
 3498.7979 0.797
 3498.8975 0.797
 3498.9971 0.797
 3499.0967 0.797
 3499.1963 0.797
 3499.2959 0.797
 3499.3955 0.798
 3499.4951 0.798
 3499.5947 0.798
 3499.6943 0.798
 3499.7939 0.798
 3499.8936 0.798
 3499.9932 0.798
 3500.0928 0.798
 3500.1924 0.798
 3500.2920 0.798
 3500.3916 0.797
 3500.4912 0.797
 3500.5908 0.797
 3500.6904 0.797
 3500.7900 0.797
 3500.8896 0.797
 3500.9893 0.797
 3501.0889 0.797
 3501.1885 0.797
 3501.2881 0.798
 3501.3877 0.798
 3501.4873 0.798
 3501.5869 0.798
 3501.6865 0.798
 3501.7861 0.798
 3501.8857 0.798
 3501.9854 0.798
 3502.0850 0.798
 3502.1846 0.797
 3502.2842 0.797
 3502.3838 0.797
 3502.4834 0.797
 3502.5830 0.797
 3502.6826 0.797
 3502.7822 0.797
 3502.8818 0.797
 3502.9814 0.798
 3503.0811 0.798
 3503.1807 0.798
 3503.2803 0.798
 3503.3799 0.798
 3503.4795 0.798
 3503.5791 0.798
 3503.6787 0.798
 3503.7783 0.798
 3503.8779 0.798
 3503.9775 0.798
 3504.0771 0.798
 3504.1768 0.798
 3504.2764 0.798
 3504.3760 0.798
 3504.4756 0.798
 3504.5752 0.798
 3504.6748 0.798
 3504.7744 0.798
 3504.8740 0.798
 3504.9736 0.798
 3505.0732 0.798
 3505.1729 0.798
 3505.2725 0.798
 3505.3721 0.798
 3505.4717 0.798
 3505.5713 0.799
 3505.6709 0.799
 3505.7705 0.799
 3505.8701 0.799
 3505.9697 0.799
 3506.0693 0.799
 3506.1689 0.799
 3506.2686 0.799
 3506.3682 0.799
 3506.4678 0.799
 3506.5674 0.799
 3506.6670 0.799
 3506.7666 0.799
 3506.8662 0.799
 3506.9658 0.798
 3507.0654 0.798
 3507.1650 0.798
 3507.2646 0.798
 3507.3643 0.798
 3507.4639 0.799
 3507.5635 0.799
 3507.6631 0.799
 3507.7627 0.799
 3507.8623 0.799
 3507.9619 0.799
 3508.0615 0.799
 3508.1611 0.799
 3508.2607 0.799
 3508.3604 0.799
 3508.4600 0.799
 3508.5596 0.799
 3508.6592 0.799
 3508.7588 0.798
 3508.8584 0.798
 3508.9580 0.798
 3509.0576 0.798
 3509.1572 0.798
 3509.2568 0.799
 3509.3564 0.799
 3509.4561 0.799
 3509.5557 0.799
 3509.6553 0.799
 3509.7549 0.799
 3509.8545 0.799
 3509.9541 0.799
 3510.0537 0.799
 3510.1533 0.799
 3510.2529 0.799
 3510.3525 0.799
 3510.4521 0.799
 3510.5518 0.799
 3510.6514 0.799
 3510.7510 0.799
 3510.8506 0.799
 3510.9502 0.799
 3511.0498 0.799
 3511.1494 0.799
 3511.2490 0.799
 3511.3486 0.799
 3511.4482 0.799
 3511.5479 0.799
 3511.6475 0.799
 3511.7471 0.800
 3511.8467 0.800
 3511.9463 0.800
 3512.0459 0.800
 3512.1455 0.800
 3512.2451 0.800
 3512.3447 0.800
 3512.4443 0.800
 3512.5439 0.799
 3512.6436 0.799
 3512.7432 0.799
 3512.8428 0.799
 3512.9424 0.799
 3513.0420 0.799
 3513.1416 0.800
 3513.2412 0.800
 3513.3408 0.800
 3513.4404 0.800
 3513.5400 0.800
 3513.6396 0.800
 3513.7393 0.800
 3513.8389 0.799
 3513.9385 0.799
 3514.0381 0.799
 3514.1377 0.799
 3514.2373 0.799
 3514.3369 0.799
 3514.4365 0.799
 3514.5361 0.799
 3514.6357 0.799
 3514.7354 0.800
 3514.8350 0.800
 3514.9346 0.800
 3515.0342 0.800
 3515.1338 0.800
 3515.2334 0.800
 3515.3330 0.800
 3515.4326 0.800
 3515.5322 0.800
 3515.6318 0.800
 3515.7314 0.801
 3515.8311 0.801
 3515.9307 0.801
 3516.0303 0.801
 3516.1299 0.801
 3516.2295 0.801
 3516.3291 0.801
 3516.4287 0.801
 3516.5283 0.801
 3516.6279 0.801
 3516.7275 0.801
 3516.8271 0.801
 3516.9268 0.801
 3517.0264 0.801
 3517.1260 0.801
 3517.2256 0.801
 3517.3252 0.801
 3517.4248 0.801
 3517.5244 0.801
 3517.6240 0.801
 3517.7236 0.801
 3517.8232 0.801
 3517.9229 0.801
 3518.0225 0.801
 3518.1221 0.801
 3518.2217 0.801
 3518.3213 0.800
 3518.4209 0.800
 3518.5205 0.800
 3518.6201 0.800
 3518.7197 0.800
 3518.8193 0.801
 3518.9189 0.801
 3519.0186 0.801
 3519.1182 0.801
 3519.2178 0.801
 3519.3174 0.801
 3519.4170 0.801
 3519.5166 0.801
 3519.6162 0.801
 3519.7158 0.801
 3519.8154 0.801
 3519.9150 0.801
 3520.0146 0.801
 3520.1143 0.801
 3520.2139 0.801
 3520.3135 0.801
 3520.4131 0.801
 3520.5127 0.801
 3520.6123 0.801
 3520.7119 0.801
 3520.8115 0.801
 3520.9111 0.801
 3521.0107 0.801
 3521.1104 0.801
 3521.2100 0.801
 3521.3096 0.801
 3521.4092 0.801
 3521.5088 0.801
 3521.6084 0.801
 3521.7080 0.801
 3521.8076 0.801
 3521.9072 0.801
 3522.0068 0.802
 3522.1064 0.802
 3522.2061 0.802
 3522.3057 0.802
 3522.4053 0.802
 3522.5049 0.801
 3522.6045 0.801
 3522.7041 0.801
 3522.8037 0.801
 3522.9033 0.801
 3523.0029 0.802
 3523.1025 0.802
 3523.2021 0.802
 3523.3018 0.802
 3523.4014 0.802
 3523.5010 0.802
 3523.6006 0.802
 3523.7002 0.801
 3523.7998 0.801
 3523.8994 0.801
 3523.9990 0.801
 3524.0986 0.801
 3524.1982 0.801
 3524.2979 0.801
 3524.3975 0.802
 3524.4971 0.802
 3524.5967 0.802
 3524.6963 0.802
 3524.7959 0.802
 3524.8955 0.802
 3524.9951 0.802
 3525.0947 0.802
 3525.1943 0.802
 3525.2939 0.802
 3525.3936 0.802
 3525.4932 0.802
 3525.5928 0.802
 3525.6924 0.802
 3525.7920 0.802
 3525.8916 0.802
 3525.9912 0.802
 3526.0908 0.802
 3526.1904 0.802
 3526.2900 0.802
 3526.3896 0.802
 3526.4893 0.802
 3526.5889 0.802
 3526.6885 0.802
 3526.7881 0.802
 3526.8877 0.802
 3526.9873 0.802
 3527.0869 0.802
 3527.1865 0.803
 3527.2861 0.803
 3527.3857 0.803
 3527.4854 0.803
 3527.5850 0.803
 3527.6846 0.803
 3527.7842 0.803
 3527.8838 0.803
 3527.9834 0.802
 3528.0830 0.802
 3528.1826 0.802
 3528.2822 0.802
 3528.3818 0.802
 3528.4814 0.802
 3528.5811 0.802
 3528.6807 0.802
 3528.7803 0.803
 3528.8799 0.803
 3528.9795 0.803
 3529.0791 0.803
 3529.1787 0.803
 3529.2783 0.803
 3529.3779 0.803
 3529.4775 0.803
 3529.5771 0.803
 3529.6768 0.803
 3529.7764 0.803
 3529.8760 0.803
 3529.9756 0.803
 3530.0752 0.803
 3530.1748 0.803
 3530.2744 0.803
 3530.3740 0.803
 3530.4736 0.803
 3530.5732 0.804
 3530.6729 0.804
 3530.7725 0.803
 3530.8721 0.803
 3530.9717 0.803
 3531.0713 0.803
 3531.1709 0.803
 3531.2705 0.803
 3531.3701 0.803
 3531.4697 0.803
 3531.5693 0.803
 3531.6689 0.803
 3531.7686 0.803
 3531.8682 0.803
 3531.9678 0.803
 3532.0674 0.803
 3532.1670 0.803
 3532.2666 0.803
 3532.3662 0.803
 3532.4658 0.804
 3532.5654 0.804
 3532.6650 0.804
 3532.7646 0.804
 3532.8643 0.804
 3532.9639 0.804
 3533.0635 0.804
 3533.1631 0.804
 3533.2627 0.804
 3533.3623 0.804
 3533.4619 0.803
 3533.5615 0.803
 3533.6611 0.803
 3533.7607 0.803
 3533.8604 0.803
 3533.9600 0.803
 3534.0596 0.803
 3534.1592 0.804
 3534.2588 0.804
 3534.3584 0.804
 3534.4580 0.804
 3534.5576 0.804
 3534.6572 0.804
 3534.7568 0.804
 3534.8564 0.804
 3534.9561 0.804
 3535.0557 0.804
 3535.1553 0.804
 3535.2549 0.804
 3535.3545 0.803
 3535.4541 0.803
 3535.5537 0.803
 3535.6533 0.803
 3535.7529 0.803
 3535.8525 0.803
 3535.9521 0.804
 3536.0518 0.804
 3536.1514 0.804
 3536.2510 0.804
 3536.3506 0.804
 3536.4502 0.804
 3536.5498 0.804
 3536.6494 0.804
 3536.7490 0.805
 3536.8486 0.805
 3536.9482 0.805
 3537.0479 0.805
 3537.1475 0.805
 3537.2471 0.805
 3537.3467 0.805
 3537.4463 0.805
 3537.5459 0.804
 3537.6455 0.804
 3537.7451 0.804
 3537.8447 0.804
 3537.9443 0.804
 3538.0439 0.804
 3538.1436 0.804
 3538.2432 0.804
 3538.3428 0.804
 3538.4424 0.804
 3538.5420 0.804
 3538.6416 0.804
 3538.7412 0.805
 3538.8408 0.805
 3538.9404 0.805
 3539.0400 0.805
 3539.1396 0.805
 3539.2393 0.805
 3539.3389 0.805
 3539.4385 0.805
 3539.5381 0.805
 3539.6377 0.805
 3539.7373 0.805
 3539.8369 0.805
 3539.9365 0.805
 3540.0361 0.805
 3540.1357 0.805
 3540.2354 0.804
 3540.3350 0.804
 3540.4346 0.804
 3540.5342 0.804
 3540.6338 0.804
 3540.7334 0.804
 3540.8330 0.804
 3540.9326 0.804
 3541.0322 0.804
 3541.1318 0.805
 3541.2314 0.805
 3541.3311 0.805
 3541.4307 0.805
 3541.5303 0.805
 3541.6299 0.805
 3541.7295 0.805
 3541.8291 0.805
 3541.9287 0.805
 3542.0283 0.805
 3542.1279 0.805
 3542.2275 0.805
 3542.3271 0.805
 3542.4268 0.805
 3542.5264 0.805
 3542.6260 0.805
 3542.7256 0.805
 3542.8252 0.805
 3542.9248 0.805
 3543.0244 0.805
 3543.1240 0.805
 3543.2236 0.805
 3543.3232 0.805
 3543.4229 0.805
 3543.5225 0.805
 3543.6221 0.806
 3543.7217 0.806
 3543.8213 0.806
 3543.9209 0.806
 3544.0205 0.806
 3544.1201 0.806
 3544.2197 0.806
 3544.3193 0.806
 3544.4189 0.806
 3544.5186 0.806
 3544.6182 0.806
 3544.7178 0.806
 3544.8174 0.806
 3544.9170 0.806
 3545.0166 0.806
 3545.1162 0.806
 3545.2158 0.805
 3545.3154 0.805
 3545.4150 0.805
 3545.5146 0.805
 3545.6143 0.805
 3545.7139 0.805
 3545.8135 0.805
 3545.9131 0.805
 3546.0127 0.806
 3546.1123 0.806
 3546.2119 0.806
 3546.3115 0.806
 3546.4111 0.806
 3546.5107 0.806
 3546.6104 0.806
 3546.7100 0.806
 3546.8096 0.806
 3546.9092 0.806
 3547.0088 0.806
 3547.1084 0.806
 3547.2080 0.806
 3547.3076 0.806
 3547.4072 0.806
 3547.5068 0.806
 3547.6064 0.806
 3547.7061 0.806
 3547.8057 0.805
 3547.9053 0.805
 3548.0049 0.805
 3548.1045 0.805
 3548.2041 0.806
 3548.3037 0.806
 3548.4033 0.806
 3548.5029 0.806
 3548.6025 0.806
 3548.7021 0.806
 3548.8018 0.806
 3548.9014 0.806
 3549.0010 0.806
 3549.1006 0.806
 3549.2002 0.806
 3549.2998 0.806
 3549.3994 0.806
 3549.4990 0.806
 3549.5986 0.806
 3549.6982 0.806
 3549.7979 0.806
 3549.8975 0.806
 3549.9971 0.806
 3550.0967 0.806
 3550.1963 0.806
 3550.2959 0.806
 3550.3955 0.807
 3550.4951 0.807
 3550.5947 0.807
 3550.6943 0.807
 3550.7939 0.807
 3550.8936 0.807
 3550.9932 0.807
 3551.0928 0.806
 3551.1924 0.806
 3551.2920 0.806
 3551.3916 0.806
 3551.4912 0.806
 3551.5908 0.806
 3551.6904 0.806
 3551.7900 0.806
 3551.8896 0.807
 3551.9893 0.807
 3552.0889 0.807
 3552.1885 0.807
 3552.2881 0.807
 3552.3877 0.807
 3552.4873 0.807
 3552.5869 0.807
 3552.6865 0.807
 3552.7861 0.807
 3552.8857 0.808
 3552.9854 0.808
 3553.0850 0.808
 3553.1846 0.808
 3553.2842 0.808
 3553.3838 0.808
 3553.4834 0.808
 3553.5830 0.808
 3553.6826 0.808
 3553.7822 0.808
 3553.8818 0.808
 3553.9814 0.808
 3554.0811 0.808
 3554.1807 0.808
 3554.2803 0.808
 3554.3799 0.808
 3554.4795 0.808
 3554.5791 0.808
 3554.6787 0.808
 3554.7783 0.808
 3554.8779 0.808
 3554.9775 0.808
 3555.0771 0.808
 3555.1768 0.808
 3555.2764 0.808
 3555.3760 0.808
 3555.4756 0.808
 3555.5752 0.808
 3555.6748 0.808
 3555.7744 0.808
 3555.8740 0.808
 3555.9736 0.808
 3556.0732 0.808
 3556.1729 0.808
 3556.2725 0.808
 3556.3721 0.808
 3556.4717 0.808
 3556.5713 0.808
 3556.6709 0.808
 3556.7705 0.808
 3556.8701 0.808
 3556.9697 0.808
 3557.0693 0.808
 3557.1689 0.808
 3557.2686 0.808
 3557.3682 0.808
 3557.4678 0.808
 3557.5674 0.808
 3557.6670 0.808
 3557.7666 0.808
 3557.8662 0.808
 3557.9658 0.808
 3558.0654 0.808
 3558.1650 0.808
 3558.2646 0.808
 3558.3643 0.808
 3558.4639 0.808
 3558.5635 0.809
 3558.6631 0.809
 3558.7627 0.809
 3558.8623 0.809
 3558.9619 0.809
 3559.0615 0.809
 3559.1611 0.809
 3559.2607 0.809
 3559.3604 0.809
 3559.4600 0.809
 3559.5596 0.809
 3559.6592 0.809
 3559.7588 0.809
 3559.8584 0.809
 3559.9580 0.809
 3560.0576 0.809
 3560.1572 0.809
 3560.2568 0.809
 3560.3564 0.809
 3560.4561 0.809
 3560.5557 0.809
 3560.6553 0.808
 3560.7549 0.808
 3560.8545 0.808
 3560.9541 0.808
 3561.0537 0.808
 3561.1533 0.808
 3561.2529 0.808
 3561.3525 0.809
 3561.4521 0.809
 3561.5518 0.809
 3561.6514 0.809
 3561.7510 0.809
 3561.8506 0.809
 3561.9502 0.809
 3562.0498 0.809
 3562.1494 0.809
 3562.2490 0.809
 3562.3486 0.809
 3562.4482 0.809
 3562.5479 0.809
 3562.6475 0.809
 3562.7471 0.809
 3562.8467 0.809
 3562.9463 0.809
 3563.0459 0.809
 3563.1455 0.809
 3563.2451 0.809
 3563.3447 0.809
 3563.4443 0.809
 3563.5439 0.809
 3563.6436 0.809
 3563.7432 0.809
 3563.8428 0.809
 3563.9424 0.809
 3564.0420 0.809
 3564.1416 0.810
 3564.2412 0.810
 3564.3408 0.810
 3564.4404 0.810
 3564.5400 0.810
 3564.6396 0.810
 3564.7393 0.810
 3564.8389 0.810
 3564.9385 0.810
 3565.0381 0.810
 3565.1377 0.810
 3565.2373 0.810
 3565.3369 0.810
 3565.4365 0.810
 3565.5361 0.810
 3565.6357 0.809
 3565.7354 0.809
 3565.8350 0.809
 3565.9346 0.809
 3566.0342 0.809
 3566.1338 0.809
 3566.2334 0.809
 3566.3330 0.809
 3566.4326 0.810
 3566.5322 0.810
 3566.6318 0.810
 3566.7314 0.810
 3566.8311 0.810
 3566.9307 0.810
 3567.0303 0.810
 3567.1299 0.810
 3567.2295 0.810
 3567.3291 0.810
 3567.4287 0.810
 3567.5283 0.810
 3567.6279 0.810
 3567.7275 0.810
 3567.8271 0.810
 3567.9268 0.810
 3568.0264 0.810
 3568.1260 0.810
 3568.2256 0.810
 3568.3252 0.810
 3568.4248 0.810
 3568.5244 0.810
 3568.6240 0.810
 3568.7236 0.810
 3568.8232 0.811
 3568.9229 0.811
 3569.0225 0.811
 3569.1221 0.811
 3569.2217 0.811
 3569.3213 0.811
 3569.4209 0.810
 3569.5205 0.810
 3569.6201 0.810
 3569.7197 0.810
 3569.8193 0.810
 3569.9189 0.810
 3570.0186 0.810
 3570.1182 0.810
 3570.2178 0.810
 3570.3174 0.810
 3570.4170 0.811
 3570.5166 0.811
 3570.6162 0.811
 3570.7158 0.811
 3570.8154 0.811
 3570.9150 0.811
 3571.0146 0.811
 3571.1143 0.811
 3571.2139 0.811
 3571.3135 0.811
 3571.4131 0.811
 3571.5127 0.811
 3571.6123 0.810
 3571.7119 0.810
 3571.8115 0.810
 3571.9111 0.810
 3572.0107 0.810
 3572.1104 0.810
 3572.2100 0.811
 3572.3096 0.811
 3572.4092 0.811
 3572.5088 0.811
 3572.6084 0.811
 3572.7080 0.811
 3572.8076 0.811
 3572.9072 0.811
 3573.0068 0.811
 3573.1064 0.811
 3573.2061 0.811
 3573.3057 0.811
 3573.4053 0.811
 3573.5049 0.810
 3573.6045 0.810
 3573.7041 0.811
 3573.8037 0.811
 3573.9033 0.811
 3574.0029 0.811
 3574.1025 0.811
 3574.2021 0.811
 3574.3018 0.812
 3574.4014 0.812
 3574.5010 0.812
 3574.6006 0.812
 3574.7002 0.812
 3574.7998 0.812
 3574.8994 0.812
 3574.9990 0.812
 3575.0986 0.812
 3575.1982 0.812
 3575.2979 0.812
 3575.3975 0.812
 3575.4971 0.812
 3575.5967 0.812
 3575.6963 0.812
 3575.7959 0.812
 3575.8955 0.812
 3575.9951 0.812
 3576.0947 0.812
 3576.1943 0.812
 3576.2939 0.812
 3576.3936 0.812
 3576.4932 0.812
 3576.5928 0.812
 3576.6924 0.812
 3576.7920 0.812
 3576.8916 0.812
 3576.9912 0.812
 3577.0908 0.812
 3577.1904 0.812
 3577.2900 0.812
 3577.3896 0.812
 3577.4893 0.812
 3577.5889 0.812
 3577.6885 0.812
 3577.7881 0.812
 3577.8877 0.812
 3577.9873 0.812
 3578.0869 0.812
 3578.1865 0.812
 3578.2861 0.812
 3578.3857 0.812
 3578.4854 0.812
 3578.5850 0.812
 3578.6846 0.812
 3578.7842 0.812
 3578.8838 0.812
 3578.9834 0.812
 3579.0830 0.812
 3579.1826 0.813
 3579.2822 0.813
 3579.3818 0.813
 3579.4814 0.813
 3579.5811 0.813
 3579.6807 0.813
 3579.7803 0.813
 3579.8799 0.813
 3579.9795 0.813
 3580.0791 0.813
 3580.1787 0.813
 3580.2783 0.813
 3580.3779 0.812
 3580.4775 0.812
 3580.5771 0.812
 3580.6768 0.812
 3580.7764 0.812
 3580.8760 0.812
 3580.9756 0.812
 3581.0752 0.812
 3581.1748 0.813
 3581.2744 0.813
 3581.3740 0.813
 3581.4736 0.813
 3581.5732 0.813
 3581.6729 0.813
 3581.7725 0.813
 3581.8721 0.813
 3581.9717 0.813
 3582.0713 0.813
 3582.1709 0.813
 3582.2705 0.813
 3582.3701 0.813
 3582.4697 0.813
 3582.5693 0.813
 3582.6689 0.813
 3582.7686 0.813
 3582.8682 0.813
 3582.9678 0.813
 3583.0674 0.813
 3583.1670 0.813
 3583.2666 0.813
 3583.3662 0.813
 3583.4658 0.813
 3583.5654 0.813
 3583.6650 0.813
 3583.7646 0.813
 3583.8643 0.813
 3583.9639 0.813
 3584.0635 0.813
 3584.1631 0.813
 3584.2627 0.813
 3584.3623 0.813
 3584.4619 0.813
 3584.5615 0.814
 3584.6611 0.814
 3584.7607 0.813
 3584.8604 0.813
 3584.9600 0.813
 3585.0596 0.813
 3585.1592 0.813
 3585.2588 0.813
 3585.3584 0.813
 3585.4580 0.813
 3585.5576 0.813
 3585.6572 0.813
 3585.7568 0.813
 3585.8564 0.813
 3585.9561 0.813
 3586.0557 0.813
 3586.1553 0.813
 3586.2549 0.814
 3586.3545 0.814
 3586.4541 0.814
 3586.5537 0.814
 3586.6533 0.814
 3586.7529 0.814
 3586.8525 0.813
 3586.9521 0.813
 3587.0518 0.813
 3587.1514 0.813
 3587.2510 0.813
 3587.3506 0.813
 3587.4502 0.813
 3587.5498 0.813
 3587.6494 0.814
 3587.7490 0.814
 3587.8486 0.814
 3587.9482 0.814
 3588.0479 0.814
 3588.1475 0.814
 3588.2471 0.814
 3588.3467 0.814
 3588.4463 0.814
 3588.5459 0.814
 3588.6455 0.814
 3588.7451 0.814
 3588.8447 0.814
 3588.9443 0.814
 3589.0439 0.814
 3589.1436 0.814
 3589.2432 0.814
 3589.3428 0.814
 3589.4424 0.814
 3589.5420 0.814
 3589.6416 0.814
 3589.7412 0.814
 3589.8408 0.814
 3589.9404 0.814
 3590.0400 0.814
 3590.1396 0.814
 3590.2393 0.814
 3590.3389 0.814
 3590.4385 0.815
 3590.5381 0.815
 3590.6377 0.815
 3590.7373 0.815
 3590.8369 0.815
 3590.9365 0.815
 3591.0361 0.815
 3591.1357 0.815
 3591.2354 0.815
 3591.3350 0.815
 3591.4346 0.815
 3591.5342 0.815
 3591.6338 0.815
 3591.7334 0.815
 3591.8330 0.814
 3591.9326 0.814
 3592.0322 0.814
 3592.1318 0.814
 3592.2314 0.814
 3592.3311 0.814
 3592.4307 0.814
 3592.5303 0.814
 3592.6299 0.815
 3592.7295 0.815
 3592.8291 0.815
 3592.9287 0.815
 3593.0283 0.815
 3593.1279 0.815
 3593.2275 0.815
 3593.3271 0.815
 3593.4268 0.815
 3593.5264 0.815
 3593.6260 0.815
 3593.7256 0.815
 3593.8252 0.815
 3593.9248 0.815
 3594.0244 0.815
 3594.1240 0.815
 3594.2236 0.816
 3594.3232 0.816
 3594.4229 0.816
 3594.5225 0.816
 3594.6221 0.816
 3594.7217 0.816
 3594.8213 0.815
 3594.9209 0.815
 3595.0205 0.815
 3595.1201 0.815
 3595.2197 0.815
 3595.3193 0.815
 3595.4189 0.815
 3595.5186 0.815
 3595.6182 0.815
 3595.7178 0.815
 3595.8174 0.815
 3595.9170 0.816
 3596.0166 0.816
 3596.1162 0.816
 3596.2158 0.816
 3596.3154 0.816
 3596.4150 0.816
 3596.5146 0.816
 3596.6143 0.816
 3596.7139 0.816
 3596.8135 0.816
 3596.9131 0.816
 3597.0127 0.815
 3597.1123 0.815
 3597.2119 0.815
 3597.3115 0.815
 3597.4111 0.815
 3597.5107 0.815
 3597.6104 0.815
 3597.7100 0.816
 3597.8096 0.816
 3597.9092 0.816
 3598.0088 0.816
 3598.1084 0.816
 3598.2080 0.816
 3598.3076 0.816
 3598.4072 0.816
 3598.5068 0.816
 3598.6064 0.816
 3598.7061 0.816
 3598.8057 0.816
 3598.9053 0.816
 3599.0049 0.817
 3599.1045 0.817
 3599.2041 0.817
 3599.3037 0.817
 3599.4033 0.817
 3599.5029 0.816
 3599.6025 0.816
 3599.7021 0.816
 3599.8018 0.816
 3599.9014 0.816
 3600.0010 0.816
 3600.1006 0.816
 3600.2002 0.816
 3600.2998 0.816
 3600.3994 0.816
 3600.4990 0.817
 3600.5986 0.817
 3600.6982 0.817
 3600.7979 0.817
 3600.8975 0.817
 3600.9971 0.817
 3601.0967 0.817
 3601.1963 0.817
 3601.2959 0.817
 3601.3955 0.817
 3601.4951 0.817
 3601.5947 0.817
 3601.6943 0.817
 3601.7939 0.817
 3601.8936 0.817
 3601.9932 0.817
 3602.0928 0.817
 3602.1924 0.817
 3602.2920 0.817
 3602.3916 0.817
 3602.4912 0.817
 3602.5908 0.817
 3602.6904 0.817
 3602.7900 0.817
 3602.8896 0.816
 3602.9893 0.816
 3603.0889 0.816
 3603.1885 0.816
 3603.2881 0.816
 3603.3877 0.816
 3603.4873 0.816
 3603.5869 0.816
 3603.6865 0.817
 3603.7861 0.817
 3603.8857 0.817
 3603.9854 0.817
 3604.0850 0.817
 3604.1846 0.817
 3604.2842 0.817
 3604.3838 0.817
 3604.4834 0.817
 3604.5830 0.817
 3604.6826 0.817
 3604.7822 0.817
 3604.8818 0.817
 3604.9814 0.817
 3605.0811 0.817
 3605.1807 0.817
 3605.2803 0.817
 3605.3799 0.818
 3605.4795 0.818
 3605.5791 0.818
 3605.6787 0.818
 3605.7783 0.818
 3605.8779 0.818
 3605.9775 0.818
 3606.0771 0.818
 3606.1768 0.818
 3606.2764 0.818
 3606.3760 0.818
 3606.4756 0.818
 3606.5752 0.817
 3606.6748 0.817
 3606.7744 0.817
 3606.8740 0.817
 3606.9736 0.817
 3607.0732 0.817
 3607.1729 0.817
 3607.2725 0.817
 3607.3721 0.817
 3607.4717 0.817
 3607.5713 0.817
 3607.6709 0.818
 3607.7705 0.818
 3607.8701 0.818
 3607.9697 0.818
 3608.0693 0.818
 3608.1689 0.818
 3608.2686 0.818
 3608.3682 0.818
 3608.4678 0.818
 3608.5674 0.818
 3608.6670 0.818
 3608.7666 0.817
 3608.8662 0.817
 3608.9658 0.817
 3609.0654 0.817
 3609.1650 0.817
 3609.2646 0.817
 3609.3643 0.818
 3609.4639 0.818
 3609.5635 0.818
 3609.6631 0.818
 3609.7627 0.818
 3609.8623 0.818
 3609.9619 0.818
 3610.0615 0.818
 3610.1611 0.818
 3610.2607 0.818
 3610.3604 0.818
 3610.4600 0.818
 3610.5596 0.817
 3610.6592 0.817
 3610.7588 0.817
 3610.8584 0.817
 3610.9580 0.818
 3611.0576 0.818
 3611.1572 0.818
 3611.2568 0.818
 3611.3564 0.818
 3611.4561 0.818
 3611.5557 0.818
 3611.6553 0.819
 3611.7549 0.819
 3611.8545 0.819
 3611.9541 0.819
 3612.0537 0.819
 3612.1533 0.819
 3612.2529 0.819
 3612.3525 0.819
 3612.4521 0.819
 3612.5518 0.819
 3612.6514 0.819
 3612.7510 0.819
 3612.8506 0.819
 3612.9502 0.819
 3613.0498 0.819
 3613.1494 0.818
 3613.2490 0.818
 3613.3486 0.818
 3613.4482 0.818
 3613.5479 0.818
 3613.6475 0.818
 3613.7471 0.818
 3613.8467 0.818
 3613.9463 0.818
 3614.0459 0.819
 3614.1455 0.819
 3614.2451 0.819
 3614.3447 0.819
 3614.4443 0.819
 3614.5439 0.819
 3614.6436 0.819
 3614.7432 0.819
 3614.8428 0.819
 3614.9424 0.819
 3615.0420 0.818
 3615.1416 0.818
 3615.2412 0.818
 3615.3408 0.818
 3615.4404 0.818
 3615.5400 0.818
 3615.6396 0.818
 3615.7393 0.818
 3615.8389 0.819
 3615.9385 0.819
 3616.0381 0.819
 3616.1377 0.819
 3616.2373 0.819
 3616.3369 0.819
 3616.4365 0.819
 3616.5361 0.819
 3616.6357 0.819
 3616.7354 0.819
 3616.8350 0.819
 3616.9346 0.819
 3617.0342 0.819
 3617.1338 0.819
 3617.2334 0.819
 3617.3330 0.819
 3617.4326 0.819
 3617.5322 0.819
 3617.6318 0.819
 3617.7314 0.819
 3617.8311 0.820
 3617.9307 0.820
 3618.0303 0.820
 3618.1299 0.820
 3618.2295 0.820
 3618.3291 0.820
 3618.4287 0.820
 3618.5283 0.820
 3618.6279 0.820
 3618.7275 0.820
 3618.8271 0.820
 3618.9268 0.820
 3619.0264 0.820
 3619.1260 0.820
 3619.2256 0.820
 3619.3252 0.820
 3619.4248 0.820
 3619.5244 0.820
 3619.6240 0.820
 3619.7236 0.820
 3619.8232 0.820
 3619.9229 0.820
 3620.0225 0.820
 3620.1221 0.820
 3620.2217 0.820
 3620.3213 0.820
 3620.4209 0.820
 3620.5205 0.820
 3620.6201 0.820
 3620.7197 0.820
 3620.8193 0.820
 3620.9189 0.820
 3621.0186 0.820
 3621.1182 0.819
 3621.2178 0.819
 3621.3174 0.819
 3621.4170 0.819
 3621.5166 0.819
 3621.6162 0.819
 3621.7158 0.819
 3621.8154 0.820
 3621.9150 0.820
 3622.0146 0.820
 3622.1143 0.820
 3622.2139 0.820
 3622.3135 0.820
 3622.4131 0.820
 3622.5127 0.820
 3622.6123 0.820
 3622.7119 0.820
 3622.8115 0.820
 3622.9111 0.821
 3623.0107 0.821
 3623.1104 0.820
 3623.2100 0.820
 3623.3096 0.820
 3623.4092 0.820
 3623.5088 0.820
 3623.6084 0.820
 3623.7080 0.820
 3623.8076 0.820
 3623.9072 0.820
 3624.0068 0.820
 3624.1064 0.820
 3624.2061 0.820
 3624.3057 0.820
 3624.4053 0.820
 3624.5049 0.820
 3624.6045 0.820
 3624.7041 0.820
 3624.8037 0.821
 3624.9033 0.821
 3625.0029 0.821
 3625.1025 0.821
 3625.2021 0.821
 3625.3018 0.821
 3625.4014 0.821
 3625.5010 0.821
 3625.6006 0.821
 3625.7002 0.821
 3625.7998 0.820
 3625.8994 0.820
 3625.9990 0.820
 3626.0986 0.820
 3626.1982 0.820
 3626.2979 0.820
 3626.3975 0.820
 3626.4971 0.820
 3626.5967 0.820
 3626.6963 0.821
 3626.7959 0.821
 3626.8955 0.821
 3626.9951 0.821
 3627.0947 0.821
 3627.1943 0.821
 3627.2939 0.821
 3627.3936 0.821
 3627.4932 0.821
 3627.5928 0.821
 3627.6924 0.821
 3627.7920 0.821
 3627.8916 0.821
 3627.9912 0.821
 3628.0908 0.821
 3628.1904 0.821
 3628.2900 0.821
 3628.3896 0.821
 3628.4893 0.821
 3628.5889 0.821
 3628.6885 0.821
 3628.7881 0.821
 3628.8877 0.821
 3628.9873 0.821
 3629.0869 0.822
 3629.1865 0.822
 3629.2861 0.822
 3629.3857 0.822
 3629.4854 0.822
 3629.5850 0.822
 3629.6846 0.822
 3629.7842 0.822
 3629.8838 0.822
 3629.9834 0.822
 3630.0830 0.822
 3630.1826 0.822
 3630.2822 0.822
 3630.3818 0.821
 3630.4814 0.821
 3630.5811 0.821
 3630.6807 0.821
 3630.7803 0.821
 3630.8799 0.821
 3630.9795 0.821
 3631.0791 0.821
 3631.1787 0.821
 3631.2783 0.822
 3631.3779 0.822
 3631.4775 0.822
 3631.5771 0.822
 3631.6768 0.822
 3631.7764 0.822
 3631.8760 0.822
 3631.9756 0.822
 3632.0752 0.822
 3632.1748 0.822
 3632.2744 0.822
 3632.3740 0.821
 3632.4736 0.821
 3632.5732 0.821
 3632.6729 0.821
 3632.7725 0.821
 3632.8721 0.822
 3632.9717 0.822
 3633.0713 0.822
 3633.1709 0.822
 3633.2705 0.822
 3633.3701 0.822
 3633.4697 0.822
 3633.5693 0.822
 3633.6689 0.822
 3633.7686 0.822
 3633.8682 0.822
 3633.9678 0.822
 3634.0674 0.822
 3634.1670 0.822
 3634.2666 0.822
 3634.3662 0.822
 3634.4658 0.822
 3634.5654 0.822
 3634.6650 0.822
 3634.7646 0.823
 3634.8643 0.823
 3634.9639 0.823
 3635.0635 0.823
 3635.1631 0.823
 3635.2627 0.823
 3635.3623 0.823
 3635.4619 0.823
 3635.5615 0.822
 3635.6611 0.822
 3635.7607 0.822
 3635.8604 0.822
 3635.9600 0.822
 3636.0596 0.822
 3636.1592 0.822
 3636.2588 0.822
 3636.3584 0.822
 3636.4580 0.822
 3636.5576 0.823
 3636.6572 0.823
 3636.7568 0.823
 3636.8564 0.823
 3636.9561 0.823
 3637.0557 0.823
 3637.1553 0.823
 3637.2549 0.823
 3637.3545 0.823
 3637.4541 0.823
 3637.5537 0.823
 3637.6533 0.823
 3637.7529 0.823
 3637.8525 0.823
 3637.9521 0.823
 3638.0518 0.823
 3638.1514 0.822
 3638.2510 0.822
 3638.3506 0.822
 3638.4502 0.822
 3638.5498 0.822
 3638.6494 0.823
 3638.7490 0.823
 3638.8486 0.823
 3638.9482 0.823
 3639.0479 0.823
 3639.1475 0.823
 3639.2471 0.823
 3639.3467 0.823
 3639.4463 0.823
 3639.5459 0.823
 3639.6455 0.823
 3639.7451 0.823
 3639.8447 0.823
 3639.9443 0.823
 3640.0439 0.823
 3640.1436 0.823
 3640.2432 0.823
 3640.3428 0.823
 3640.4424 0.823
 3640.5420 0.823
 3640.6416 0.823
 3640.7412 0.823
 3640.8408 0.823
 3640.9404 0.823
 3641.0400 0.823
 3641.1396 0.824
 3641.2393 0.824
 3641.3389 0.824
 3641.4385 0.824
 3641.5381 0.824
 3641.6377 0.824
 3641.7373 0.824
 3641.8369 0.824
 3641.9365 0.824
 3642.0361 0.824
 3642.1357 0.824
 3642.2354 0.824
 3642.3350 0.824
 3642.4346 0.823
 3642.5342 0.823
 3642.6338 0.823
 3642.7334 0.823
 3642.8330 0.823
 3642.9326 0.823
 3643.0322 0.823
 3643.1318 0.823
 3643.2314 0.823
 3643.3311 0.824
 3643.4307 0.824
 3643.5303 0.824
 3643.6299 0.824
 3643.7295 0.824
 3643.8291 0.824
 3643.9287 0.824
 3644.0283 0.824
 3644.1279 0.824
 3644.2275 0.824
 3644.3271 0.824
 3644.4268 0.824
 3644.5264 0.823
 3644.6260 0.823
 3644.7256 0.824
 3644.8252 0.824
 3644.9248 0.824
 3645.0244 0.824
 3645.1240 0.824
 3645.2236 0.824
 3645.3232 0.824
 3645.4229 0.824
 3645.5225 0.824
 3645.6221 0.824
 3645.7217 0.824
 3645.8213 0.824
 3645.9209 0.824
 3646.0205 0.824
 3646.1201 0.824
 3646.2197 0.824
 3646.3193 0.824
 3646.4189 0.824
 3646.5186 0.824
 3646.6182 0.824
 3646.7178 0.824
 3646.8174 0.824
 3646.9170 0.824
 3647.0166 0.824
 3647.1162 0.824
 3647.2158 0.824
 3647.3154 0.825
 3647.4150 0.825
 3647.5146 0.825
 3647.6143 0.825
 3647.7139 0.825
 3647.8135 0.825
 3647.9131 0.825
 3648.0127 0.825
 3648.1123 0.825
 3648.2119 0.825
 3648.3115 0.825
 3648.4111 0.825
 3648.5107 0.824
 3648.6104 0.824
 3648.7100 0.824
 3648.8096 0.824
 3648.9092 0.824
 3649.0088 0.824
 3649.1084 0.824
 3649.2080 0.824
 3649.3076 0.824
 3649.4072 0.825
 3649.5068 0.825
 3649.6064 0.825
 3649.7061 0.825
 3649.8057 0.825
 3649.9053 0.825
 3650.0049 0.825
 3650.1045 0.825
 3650.2041 0.825
 3650.3037 0.825
 3650.4033 0.825
 3650.5029 0.825
 3650.6025 0.825
 3650.7021 0.825
 3650.8018 0.825
 3650.9014 0.825
 3651.0010 0.825
 3651.1006 0.825
 3651.2002 0.825
 3651.2998 0.825
 3651.3994 0.825
 3651.4990 0.824
 3651.5986 0.824
 3651.6982 0.825
 3651.7979 0.824
 3651.8975 0.825
 3651.9971 0.825
 3652.0967 0.825
 3652.1963 0.825
 3652.2959 0.825
 3652.3955 0.825
 3652.4951 0.825
 3652.5947 0.825
 3652.6943 0.825
 3652.7939 0.825
 3652.8936 0.825
 3652.9932 0.825
 3653.0928 0.825
 3653.1924 0.826
 3653.2920 0.826
 3653.3916 0.826
 3653.4912 0.826
 3653.5908 0.826
 3653.6904 0.826
 3653.7900 0.826
 3653.8896 0.826
 3653.9893 0.826
 3654.0889 0.825
 3654.1885 0.825
 3654.2881 0.825
 3654.3877 0.825
 3654.4873 0.825
 3654.5869 0.825
 3654.6865 0.825
 3654.7861 0.825
 3654.8857 0.825
 3654.9854 0.825
 3655.0850 0.825
 3655.1846 0.826
 3655.2842 0.826
 3655.3838 0.826
 3655.4834 0.826
 3655.5830 0.826
 3655.6826 0.826
 3655.7822 0.826
 3655.8818 0.826
 3655.9814 0.826
 3656.0811 0.826
 3656.1807 0.825
 3656.2803 0.825
 3656.3799 0.825
 3656.4795 0.825
 3656.5791 0.825
 3656.6787 0.825
 3656.7783 0.825
 3656.8779 0.825
 3656.9775 0.826
 3657.0771 0.826
 3657.1768 0.826
 3657.2764 0.826
 3657.3760 0.826
 3657.4756 0.826
 3657.5752 0.826
 3657.6748 0.826
 3657.7744 0.826
 3657.8740 0.826
 3657.9736 0.826
 3658.0732 0.827
 3658.1729 0.827
 3658.2725 0.826
 3658.3721 0.826
 3658.4717 0.826
 3658.5713 0.826
 3658.6709 0.826
 3658.7705 0.826
 3658.8701 0.826
 3658.9697 0.826
 3659.0693 0.826
 3659.1689 0.826
 3659.2686 0.826
 3659.3682 0.826
 3659.4678 0.826
 3659.5674 0.827
 3659.6670 0.827
 3659.7666 0.827
 3659.8662 0.827
 3659.9658 0.827
 3660.0654 0.827
 3660.1650 0.827
 3660.2646 0.827
 3660.3643 0.827
 3660.4639 0.827
 3660.5635 0.827
 3660.6631 0.827
 3660.7627 0.827
 3660.8623 0.827
 3660.9619 0.827
 3661.0615 0.827
 3661.1611 0.827
 3661.2607 0.827
 3661.3604 0.827
 3661.4600 0.827
 3661.5596 0.826
 3661.6592 0.826
 3661.7588 0.826
 3661.8584 0.826
 3661.9580 0.827
 3662.0576 0.827
 3662.1572 0.827
 3662.2568 0.827
 3662.3564 0.827
 3662.4561 0.827
 3662.5557 0.827
 3662.6553 0.827
 3662.7549 0.828
 3662.8545 0.828
 3662.9541 0.828
 3663.0537 0.828
 3663.1533 0.828
 3663.2529 0.828
 3663.3525 0.828
 3663.4521 0.828
 3663.5518 0.828
 3663.6514 0.827
 3663.7510 0.827
 3663.8506 0.827
 3663.9502 0.827
 3664.0498 0.827
 3664.1494 0.827
 3664.2490 0.827
 3664.3486 0.827
 3664.4482 0.827
 3664.5479 0.827
 3664.6475 0.827
 3664.7471 0.828
 3664.8467 0.828
 3664.9463 0.828
 3665.0459 0.828
 3665.1455 0.828
 3665.2451 0.828
 3665.3447 0.828
 3665.4443 0.828
 3665.5439 0.828
 3665.6436 0.827
 3665.7432 0.827
 3665.8428 0.827
 3665.9424 0.827
 3666.0420 0.827
 3666.1416 0.827
 3666.2412 0.827
 3666.3408 0.827
 3666.4404 0.827
 3666.5400 0.828
 3666.6396 0.828
 3666.7393 0.828
 3666.8389 0.828
 3666.9385 0.828
 3667.0381 0.828
 3667.1377 0.828
 3667.2373 0.828
 3667.3369 0.828
 3667.4365 0.828
 3667.5361 0.827
 3667.6357 0.827
 3667.7354 0.827
 3667.8350 0.827
 3667.9346 0.827
 3668.0342 0.828
 3668.1338 0.828
 3668.2334 0.828
 3668.3330 0.828
 3668.4326 0.828
 3668.5322 0.828
 3668.6318 0.828
 3668.7314 0.828
 3668.8311 0.828
 3668.9307 0.828
 3669.0303 0.828
 3669.1299 0.828
 3669.2295 0.828
 3669.3291 0.828
 3669.4287 0.828
 3669.5283 0.828
 3669.6279 0.828
 3669.7275 0.828
 3669.8271 0.828
 3669.9268 0.828
 3670.0264 0.828
 3670.1260 0.829
 3670.2256 0.829
 3670.3252 0.829
 3670.4248 0.829
 3670.5244 0.829
 3670.6240 0.829
 3670.7236 0.829
 3670.8232 0.829
 3670.9229 0.829
 3671.0225 0.829
 3671.1221 0.829
 3671.2217 0.829
 3671.3213 0.828
 3671.4209 0.828
 3671.5205 0.828
 3671.6201 0.828
 3671.7197 0.828
 3671.8193 0.828
 3671.9189 0.828
 3672.0186 0.828
 3672.1182 0.828
 3672.2178 0.828
 3672.3174 0.828
 3672.4170 0.829
 3672.5166 0.829
 3672.6162 0.829
 3672.7158 0.829
 3672.8154 0.829
 3672.9150 0.829
 3673.0146 0.829
 3673.1143 0.829
 3673.2139 0.829
 3673.3135 0.829
 3673.4131 0.829
 3673.5127 0.829
 3673.6123 0.829
 3673.7119 0.829
 3673.8115 0.829
 3673.9111 0.829
 3674.0107 0.829
 3674.1104 0.829
 3674.2100 0.829
 3674.3096 0.829
 3674.4092 0.829
 3674.5088 0.829
 3674.6084 0.829
 3674.7080 0.830
 3674.8076 0.830
 3674.9072 0.830
 3675.0068 0.830
 3675.1064 0.830
 3675.2061 0.830
 3675.3057 0.830
 3675.4053 0.830
 3675.5049 0.830
 3675.6045 0.830
 3675.7041 0.830
 3675.8037 0.829
 3675.9033 0.829
 3676.0029 0.829
 3676.1025 0.829
 3676.2021 0.829
 3676.3018 0.829
 3676.4014 0.829
 3676.5010 0.830
 3676.6006 0.830
 3676.7002 0.830
 3676.7998 0.830
 3676.8994 0.830
 3676.9990 0.830
 3677.0986 0.830
 3677.1982 0.830
 3677.2979 0.830
 3677.3975 0.830
 3677.4971 0.829
 3677.5967 0.829
 3677.6963 0.829
 3677.7959 0.829
 3677.8955 0.829
 3677.9951 0.829
 3678.0947 0.829
 3678.1943 0.830
 3678.2939 0.830
 3678.3936 0.830
 3678.4932 0.830
 3678.5928 0.830
 3678.6924 0.830
 3678.7920 0.830
 3678.8916 0.830
 3678.9912 0.830
 3679.0908 0.830
 3679.1904 0.830
 3679.2900 0.830
 3679.3896 0.830
 3679.4893 0.831
 3679.5889 0.830
 3679.6885 0.831
 3679.7881 0.830
 3679.8877 0.831
 3679.9873 0.831
 3680.0869 0.831
 3680.1865 0.831
 3680.2861 0.831
 3680.3857 0.831
 3680.4854 0.831
 3680.5850 0.831
 3680.6846 0.831
 3680.7842 0.831
 3680.8838 0.831
 3680.9834 0.831
 3681.0830 0.830
 3681.1826 0.830
 3681.2822 0.830
 3681.3818 0.830
 3681.4814 0.830
 3681.5811 0.830
 3681.6807 0.830
 3681.7803 0.830
 3681.8799 0.830
 3681.9795 0.831
 3682.0791 0.831
 3682.1787 0.831
 3682.2783 0.831
 3682.3779 0.831
 3682.4775 0.831
 3682.5771 0.831
 3682.6768 0.831
 3682.7764 0.831
 3682.8760 0.831
 3682.9756 0.831
 3683.0752 0.830
 3683.1748 0.830
 3683.2744 0.830
 3683.3740 0.830
 3683.4736 0.830
 3683.5732 0.830
 3683.6729 0.830
 3683.7725 0.830
 3683.8721 0.831
 3683.9717 0.831
 3684.0713 0.831
 3684.1709 0.831
 3684.2705 0.831
 3684.3701 0.831
 3684.4697 0.831
 3684.5693 0.831
 3684.6689 0.831
 3684.7686 0.830
 3684.8682 0.830
 3684.9678 0.830
 3685.0674 0.830
 3685.1670 0.830
 3685.2666 0.830
 3685.3662 0.831
 3685.4658 0.831
 3685.5654 0.831
 3685.6650 0.831
 3685.7646 0.831
 3685.8643 0.831
 3685.9639 0.831
 3686.0635 0.831
 3686.1631 0.831
 3686.2627 0.831
 3686.3623 0.831
 3686.4619 0.831
 3686.5615 0.831
 3686.6611 0.831
 3686.7607 0.831
 3686.8604 0.831
 3686.9600 0.831
 3687.0596 0.831
 3687.1592 0.831
 3687.2588 0.831
 3687.3584 0.831
 3687.4580 0.831
 3687.5576 0.831
 3687.6572 0.831
 3687.7568 0.832
 3687.8564 0.832
 3687.9561 0.832
 3688.0557 0.832
 3688.1553 0.832
 3688.2549 0.832
 3688.3545 0.832
 3688.4541 0.832
 3688.5537 0.832
 3688.6533 0.832
 3688.7529 0.832
 3688.8525 0.832
 3688.9521 0.832
 3689.0518 0.832
 3689.1514 0.831
 3689.2510 0.831
 3689.3506 0.831
 3689.4502 0.831
 3689.5498 0.831
 3689.6494 0.831
 3689.7490 0.831
 3689.8486 0.831
 3689.9482 0.832
 3690.0479 0.832
 3690.1475 0.832
 3690.2471 0.832
 3690.3467 0.832
 3690.4463 0.832
 3690.5459 0.832
 3690.6455 0.832
 3690.7451 0.831
 3690.8447 0.831
 3690.9443 0.831
 3691.0439 0.831
 3691.1436 0.831
 3691.2432 0.832
 3691.3428 0.832
 3691.4424 0.832
 3691.5420 0.832
 3691.6416 0.832
 3691.7412 0.832
 3691.8408 0.832
 3691.9404 0.832
 3692.0400 0.832
 3692.1396 0.832
 3692.2393 0.832
 3692.3389 0.832
 3692.4385 0.832
 3692.5381 0.832
 3692.6377 0.832
 3692.7373 0.832
 3692.8369 0.832
 3692.9365 0.832
 3693.0361 0.832
 3693.1357 0.832
 3693.2354 0.832
 3693.3350 0.832
 3693.4346 0.833
 3693.5342 0.833
 3693.6338 0.833
 3693.7334 0.833
 3693.8330 0.833
 3693.9326 0.833
 3694.0322 0.833
 3694.1318 0.833
 3694.2314 0.833
 3694.3311 0.833
 3694.4307 0.833
 3694.5303 0.833
 3694.6299 0.833
 3694.7295 0.833
 3694.8291 0.833
 3694.9287 0.833
 3695.0283 0.833
 3695.1279 0.833
 3695.2275 0.833
 3695.3271 0.833
 3695.4268 0.833
 3695.5264 0.833
 3695.6260 0.833
 3695.7256 0.833
 3695.8252 0.834
 3695.9248 0.834
 3696.0244 0.834
 3696.1240 0.834
 3696.2236 0.834
 3696.3232 0.834
 3696.4229 0.834
 3696.5225 0.834
 3696.6221 0.834
 3696.7217 0.834
 3696.8213 0.834
 3696.9209 0.834
 3697.0205 0.834
 3697.1201 0.834
 3697.2197 0.834
 3697.3193 0.834
 3697.4189 0.834
 3697.5186 0.834
 3697.6182 0.833
 3697.7178 0.833
 3697.8174 0.833
 3697.9170 0.833
 3698.0166 0.833
 3698.1162 0.833
 3698.2158 0.833
 3698.3154 0.833
 3698.4150 0.834
 3698.5146 0.834
 3698.6143 0.834
 3698.7139 0.834
 3698.8135 0.834
 3698.9131 0.834
 3699.0127 0.834
 3699.1123 0.834
 3699.2119 0.834
 3699.3115 0.834
 3699.4111 0.834
 3699.5107 0.834
 3699.6104 0.834
 3699.7100 0.834
 3699.8096 0.834
 3699.9092 0.834
 3700.0088 0.834
 3700.1084 0.834
 3700.2080 0.834
 3700.3076 0.834
 3700.4072 0.834
 3700.5068 0.834
 3700.6064 0.834
 3700.7061 0.834
 3700.8057 0.834
 3700.9053 0.834
 3701.0049 0.834
 3701.1045 0.834
 3701.2041 0.834
 3701.3037 0.834
 3701.4033 0.834
 3701.5029 0.834
 3701.6025 0.834
 3701.7021 0.834
 3701.8018 0.834
 3701.9014 0.834
 3702.0010 0.834
 3702.1006 0.834
 3702.2002 0.834
 3702.2998 0.834
 3702.3994 0.834
 3702.4990 0.835
 3702.5986 0.834
 3702.6982 0.834
 3702.7979 0.835
 3702.8975 0.835
 3702.9971 0.835
 3703.0967 0.835
 3703.1963 0.835
 3703.2959 0.835
 3703.3955 0.835
 3703.4951 0.835
 3703.5947 0.835
 3703.6943 0.835
 3703.7939 0.835
 3703.8936 0.835
 3703.9932 0.835
 3704.0928 0.835
 3704.1924 0.835
 3704.2920 0.835
 3704.3916 0.835
 3704.4912 0.835
 3704.5908 0.835
 3704.6904 0.835
 3704.7900 0.835
 3704.8896 0.835
 3704.9893 0.835
 3705.0889 0.835
 3705.1885 0.835
 3705.2881 0.835
 3705.3877 0.835
 3705.4873 0.835
 3705.5869 0.835
 3705.6865 0.835
 3705.7861 0.835
 3705.8857 0.835
 3705.9854 0.835
 3706.0850 0.835
 3706.1846 0.835
 3706.2842 0.835
 3706.3838 0.835
 3706.4834 0.834
 3706.5830 0.834
 3706.6826 0.835
 3706.7822 0.835
 3706.8818 0.835
 3706.9814 0.835
 3707.0811 0.835
 3707.1807 0.835
 3707.2803 0.835
 3707.3799 0.835
 3707.4795 0.835
 3707.5791 0.835
 3707.6787 0.835
 3707.7783 0.835
 3707.8779 0.835
 3707.9775 0.835
 3708.0771 0.835
 3708.1768 0.835
 3708.2764 0.835
 3708.3760 0.835
 3708.4756 0.835
 3708.5752 0.835
 3708.6748 0.835
 3708.7744 0.835
 3708.8740 0.835
 3708.9736 0.835
 3709.0732 0.835
 3709.1729 0.835
 3709.2725 0.836
 3709.3721 0.836
 3709.4717 0.836
 3709.5713 0.836
 3709.6709 0.835
 3709.7705 0.835
 3709.8701 0.835
 3709.9697 0.835
 3710.0693 0.835
 3710.1689 0.835
 3710.2686 0.835
 3710.3682 0.835
 3710.4678 0.835
 3710.5674 0.835
 3710.6670 0.835
 3710.7666 0.835
 3710.8662 0.835
 3710.9658 0.835
 3711.0654 0.835
 3711.1650 0.835
 3711.2646 0.836
 3711.3643 0.836
 3711.4639 0.836
 3711.5635 0.836
 3711.6631 0.836
 3711.7627 0.836
 3711.8623 0.836
 3711.9619 0.836
 3712.0615 0.836
 3712.1611 0.836
 3712.2607 0.836
 3712.3604 0.836
 3712.4600 0.836
 3712.5596 0.836
 3712.6592 0.836
 3712.7588 0.835
 3712.8584 0.835
 3712.9580 0.835
 3713.0576 0.835
 3713.1572 0.835
 3713.2568 0.835
 3713.3564 0.835
 3713.4561 0.835
 3713.5557 0.836
 3713.6553 0.836
 3713.7549 0.836
 3713.8545 0.836
 3713.9541 0.836
 3714.0537 0.836
 3714.1533 0.836
 3714.2529 0.836
 3714.3525 0.836
 3714.4521 0.836
 3714.5518 0.836
 3714.6514 0.836
 3714.7510 0.836
 3714.8506 0.836
 3714.9502 0.836
 3715.0498 0.836
 3715.1494 0.836
 3715.2490 0.837
 3715.3486 0.837
 3715.4482 0.837
 3715.5479 0.837
 3715.6475 0.837
 3715.7471 0.836
 3715.8467 0.836
 3715.9463 0.836
 3716.0459 0.836
 3716.1455 0.836
 3716.2451 0.836
 3716.3447 0.836
 3716.4443 0.836
 3716.5439 0.836
 3716.6436 0.836
 3716.7432 0.837
 3716.8428 0.837
 3716.9424 0.837
 3717.0420 0.837
 3717.1416 0.837
 3717.2412 0.837
 3717.3408 0.837
 3717.4404 0.837
 3717.5400 0.837
 3717.6396 0.837
 3717.7393 0.837
 3717.8389 0.836
 3717.9385 0.836
 3718.0381 0.836
 3718.1377 0.836
 3718.2373 0.836
 3718.3369 0.836
 3718.4365 0.836
 3718.5361 0.836
 3718.6357 0.836
 3718.7354 0.836
 3718.8350 0.837
 3718.9346 0.837
 3719.0342 0.837
 3719.1338 0.837
 3719.2334 0.837
 3719.3330 0.837
 3719.4326 0.837
 3719.5322 0.837
 3719.6318 0.837
 3719.7314 0.837
 3719.8311 0.837
 3719.9307 0.837
 3720.0303 0.837
 3720.1299 0.837
 3720.2295 0.837
 3720.3291 0.837
 3720.4287 0.837
 3720.5283 0.837
 3720.6279 0.837
 3720.7275 0.837
 3720.8271 0.837
 3720.9268 0.837
 3721.0264 0.837
 3721.1260 0.837
 3721.2256 0.838
 3721.3252 0.838
 3721.4248 0.838
 3721.5244 0.838
 3721.6240 0.838
 3721.7236 0.838
 3721.8232 0.837
 3721.9229 0.837
 3722.0225 0.837
 3722.1221 0.837
 3722.2217 0.837
 3722.3213 0.837
 3722.4209 0.837
 3722.5205 0.837
 3722.6201 0.837
 3722.7197 0.837
 3722.8193 0.837
 3722.9189 0.837
 3723.0186 0.838
 3723.1182 0.838
 3723.2178 0.838
 3723.3174 0.838
 3723.4170 0.838
 3723.5166 0.838
 3723.6162 0.838
 3723.7158 0.838
 3723.8154 0.838
 3723.9150 0.838
 3724.0146 0.838
 3724.1143 0.838
 3724.2139 0.838
 3724.3135 0.838
 3724.4131 0.838
 3724.5127 0.838
 3724.6123 0.837
 3724.7119 0.837
 3724.8115 0.837
 3724.9111 0.837
 3725.0107 0.837
 3725.1104 0.837
 3725.2100 0.838
 3725.3096 0.838
 3725.4092 0.838
 3725.5088 0.838
 3725.6084 0.838
 3725.7080 0.838
 3725.8076 0.838
 3725.9072 0.838
 3726.0068 0.838
 3726.1064 0.838
 3726.2061 0.839
 3726.3057 0.839
 3726.4053 0.839
 3726.5049 0.839
 3726.6045 0.839
 3726.7041 0.839
 3726.8037 0.839
 3726.9033 0.839
 3727.0029 0.838
 3727.1025 0.838
 3727.2021 0.838
 3727.3018 0.838
 3727.4014 0.838
 3727.5010 0.838
 3727.6006 0.838
 3727.7002 0.838
 3727.7998 0.838
 3727.8994 0.838
 3727.9990 0.838
 3728.0986 0.839
 3728.1982 0.839
 3728.2979 0.839
 3728.3975 0.839
 3728.4971 0.839
 3728.5967 0.839
 3728.6963 0.839
 3728.7959 0.839
 3728.8955 0.839
 3728.9951 0.839
 3729.0947 0.839
 3729.1943 0.839
 3729.2939 0.838
 3729.3936 0.838
 3729.4932 0.838
 3729.5928 0.838
 3729.6924 0.838
 3729.7920 0.838
 3729.8916 0.838
 3729.9912 0.838
 3730.0908 0.838
 3730.1904 0.838
 3730.2900 0.839
 3730.3896 0.839
 3730.4893 0.839
 3730.5889 0.839
 3730.6885 0.839
 3730.7881 0.839
 3730.8877 0.839
 3730.9873 0.839
 3731.0869 0.839
 3731.1865 0.839
 3731.2861 0.839
 3731.3857 0.839
 3731.4854 0.839
 3731.5850 0.839
 3731.6846 0.839
 3731.7842 0.839
 3731.8838 0.839
 3731.9834 0.839
 3732.0830 0.840
 3732.1826 0.839
 3732.2822 0.840
 3732.3818 0.840
 3732.4814 0.840
 3732.5811 0.839
 3732.6807 0.839
 3732.7803 0.839
 3732.8799 0.839
 3732.9795 0.839
 3733.0791 0.839
 3733.1787 0.839
 3733.2783 0.839
 3733.3779 0.839
 3733.4775 0.839
 3733.5771 0.839
 3733.6768 0.839
 3733.7764 0.839
 3733.8760 0.840
 3733.9756 0.840
 3734.0752 0.840
 3734.1748 0.840
 3734.2744 0.840
 3734.3740 0.840
 3734.4736 0.840
 3734.5732 0.840
 3734.6729 0.840
 3734.7725 0.840
 3734.8721 0.840
 3734.9717 0.840
 3735.0713 0.840
 3735.1709 0.840
 3735.2705 0.840
 3735.3701 0.840
 3735.4697 0.840
 3735.5693 0.840
 3735.6689 0.840
 3735.7686 0.840
 3735.8682 0.840
 3735.9678 0.840
 3736.0674 0.840
 3736.1670 0.840
 3736.2666 0.840
 3736.3662 0.840
 3736.4658 0.840
 3736.5654 0.840
 3736.6650 0.840
 3736.7646 0.839
 3736.8643 0.839
 3736.9639 0.839
 3737.0635 0.840
 3737.1631 0.840
 3737.2627 0.840
 3737.3623 0.840
 3737.4619 0.840
 3737.5615 0.840
 3737.6611 0.840
 3737.7607 0.841
 3737.8604 0.841
 3737.9600 0.841
 3738.0596 0.841
 3738.1592 0.841
 3738.2588 0.841
 3738.3584 0.841
 3738.4580 0.841
 3738.5576 0.841
 3738.6572 0.841
 3738.7568 0.841
 3738.8564 0.841
 3738.9561 0.841
 3739.0557 0.841
 3739.1553 0.841
 3739.2549 0.841
 3739.3545 0.841
 3739.4541 0.841
 3739.5537 0.841
 3739.6533 0.841
 3739.7529 0.841
 3739.8525 0.840
 3739.9521 0.840
 3740.0518 0.840
 3740.1514 0.840
 3740.2510 0.840
 3740.3506 0.840
 3740.4502 0.840
 3740.5498 0.841
 3740.6494 0.841
 3740.7490 0.841
 3740.8486 0.841
 3740.9482 0.841
 3741.0479 0.841
 3741.1475 0.841
 3741.2471 0.841
 3741.3467 0.841
 3741.4463 0.841
 3741.5459 0.841
 3741.6455 0.841
 3741.7451 0.841
 3741.8447 0.841
 3741.9443 0.841
 3742.0439 0.841
 3742.1436 0.841
 3742.2432 0.841
 3742.3428 0.841
 3742.4424 0.841
 3742.5420 0.841
 3742.6416 0.841
 3742.7412 0.841
 3742.8408 0.841
 3742.9404 0.841
 3743.0400 0.841
 3743.1396 0.841
 3743.2393 0.841
 3743.3389 0.841
 3743.4385 0.842
 3743.5381 0.842
 3743.6377 0.842
 3743.7373 0.842
 3743.8369 0.842
 3743.9365 0.842
 3744.0361 0.842
 3744.1357 0.842
 3744.2354 0.841
 3744.3350 0.841
 3744.4346 0.841
 3744.5342 0.841
 3744.6338 0.841
 3744.7334 0.841
 3744.8330 0.841
 3744.9326 0.841
 3745.0322 0.841
 3745.1318 0.841
 3745.2314 0.841
 3745.3311 0.841
 3745.4307 0.841
 3745.5303 0.841
 3745.6299 0.842
 3745.7295 0.842
 3745.8291 0.842
 3745.9287 0.842
 3746.0283 0.842
 3746.1279 0.842
 3746.2275 0.842
 3746.3271 0.842
 3746.4268 0.842
 3746.5264 0.842
 3746.6260 0.842
 3746.7256 0.842
 3746.8252 0.841
 3746.9248 0.841
 3747.0244 0.841
 3747.1240 0.841
 3747.2236 0.841
 3747.3232 0.842
 3747.4229 0.842
 3747.5225 0.842
 3747.6221 0.842
 3747.7217 0.842
 3747.8213 0.842
 3747.9209 0.842
 3748.0205 0.842
 3748.1201 0.842
 3748.2197 0.842
 3748.3193 0.842
 3748.4189 0.842
 3748.5186 0.843
 3748.6182 0.843
 3748.7178 0.843
 3748.8174 0.843
 3748.9170 0.843
 3749.0166 0.843
 3749.1162 0.843
 3749.2158 0.843
 3749.3154 0.843
 3749.4150 0.843
 3749.5146 0.843
 3749.6143 0.843
 3749.7139 0.843
 3749.8135 0.842
 3749.9131 0.842
 3750.0127 0.842
 3750.1123 0.842
 3750.2119 0.842
 3750.3115 0.842
 3750.4111 0.842
 3750.5107 0.842
 3750.6104 0.842
 3750.7100 0.842
 3750.8096 0.842
 3750.9092 0.842
 3751.0088 0.843
 3751.1084 0.843
 3751.2080 0.843
 3751.3076 0.843
 3751.4072 0.843
 3751.5068 0.843
 3751.6064 0.843
 3751.7061 0.843
 3751.8057 0.843
 3751.9053 0.843
 3752.0049 0.843
 3752.1045 0.843
 3752.2041 0.843
 3752.3037 0.843
 3752.4033 0.843
 3752.5029 0.843
 3752.6025 0.843
 3752.7021 0.843
 3752.8018 0.843
 3752.9014 0.843
 3753.0010 0.843
 3753.1006 0.843
 3753.2002 0.843
 3753.2998 0.843
 3753.3994 0.843
 3753.4990 0.843
 3753.5986 0.843
 3753.6982 0.843
 3753.7979 0.843
 3753.8975 0.843
 3753.9971 0.843
 3754.0967 0.843
 3754.1963 0.843
 3754.2959 0.843
 3754.3955 0.843
 3754.4951 0.843
 3754.5947 0.843
 3754.6943 0.843
 3754.7939 0.843
 3754.8936 0.843
 3754.9932 0.844
 3755.0928 0.843
 3755.1924 0.844
 3755.2920 0.844
 3755.3916 0.844
 3755.4912 0.844
 3755.5908 0.844
 3755.6904 0.844
 3755.7900 0.844
 3755.8896 0.844
 3755.9893 0.844
 3756.0889 0.844
 3756.1885 0.844
 3756.2881 0.844
 3756.3877 0.844
 3756.4873 0.844
 3756.5869 0.844
 3756.6865 0.844
 3756.7861 0.844
 3756.8857 0.843
 3756.9854 0.843
 3757.0850 0.843
 3757.1846 0.843
 3757.2842 0.843
 3757.3838 0.843
 3757.4834 0.843
 3757.5830 0.843
 3757.6826 0.844
 3757.7822 0.844
 3757.8818 0.844
 3757.9814 0.844
 3758.0811 0.844
 3758.1807 0.844
 3758.2803 0.844
 3758.3799 0.844
 3758.4795 0.844
 3758.5791 0.843
 3758.6787 0.843
 3758.7783 0.843
 3758.8779 0.843
 3758.9775 0.844
 3759.0771 0.844
 3759.1768 0.844
 3759.2764 0.844
 3759.3760 0.844
 3759.4756 0.844
 3759.5752 0.844
 3759.6748 0.844
 3759.7744 0.844
 3759.8740 0.845
 3759.9736 0.844
 3760.0732 0.844
 3760.1729 0.844
 3760.2725 0.844
 3760.3721 0.844
 3760.4717 0.844
 3760.5713 0.844
 3760.6709 0.844
 3760.7705 0.844
 3760.8701 0.844
 3760.9697 0.844
 3761.0693 0.845
 3761.1689 0.845
 3761.2686 0.845
 3761.3682 0.845
 3761.4678 0.845
 3761.5674 0.845
 3761.6670 0.845
 3761.7666 0.845
 3761.8662 0.845
 3761.9658 0.845
 3762.0654 0.845
 3762.1650 0.845
 3762.2646 0.845
 3762.3643 0.845
 3762.4639 0.845
 3762.5635 0.845
 3762.6631 0.845
 3762.7627 0.845
 3762.8623 0.845
 3762.9619 0.845
 3763.0615 0.845
 3763.1611 0.844
 3763.2607 0.844
 3763.3604 0.844
 3763.4600 0.844
 3763.5596 0.844
 3763.6592 0.844
 3763.7588 0.844
 3763.8584 0.844
 3763.9580 0.844
 3764.0576 0.844
 3764.1572 0.845
 3764.2568 0.845
 3764.3564 0.845
 3764.4561 0.845
 3764.5557 0.845
 3764.6553 0.845
 3764.7549 0.845
 3764.8545 0.845
 3764.9541 0.845
 3765.0537 0.845
 3765.1533 0.844
 3765.2529 0.844
 3765.3525 0.844
 3765.4521 0.844
 3765.5518 0.844
 3765.6514 0.845
 3765.7510 0.845
 3765.8506 0.845
 3765.9502 0.845
 3766.0498 0.845
 3766.1494 0.845
 3766.2490 0.845
 3766.3486 0.845
 3766.4482 0.845
 3766.5479 0.845
 3766.6475 0.845
 3766.7471 0.845
 3766.8467 0.845
 3766.9463 0.845
 3767.0459 0.845
 3767.1455 0.846
 3767.2451 0.846
 3767.3447 0.846
 3767.4443 0.846
 3767.5439 0.846
 3767.6436 0.846
 3767.7432 0.846
 3767.8428 0.846
 3767.9424 0.846
 3768.0420 0.845
 3768.1416 0.845
 3768.2412 0.845
 3768.3408 0.845
 3768.4404 0.845
 3768.5400 0.845
 3768.6396 0.845
 3768.7393 0.845
 3768.8389 0.845
 3768.9385 0.846
 3769.0381 0.846
 3769.1377 0.846
 3769.2373 0.846
 3769.3369 0.846
 3769.4365 0.846
 3769.5361 0.846
 3769.6357 0.846
 3769.7354 0.846
 3769.8350 0.846
 3769.9346 0.845
 3770.0342 0.845
 3770.1338 0.845
 3770.2334 0.845
 3770.3330 0.845
 3770.4326 0.845
 3770.5322 0.845
 3770.6318 0.845
 3770.7314 0.845
 3770.8311 0.845
 3770.9307 0.845
 3771.0303 0.845
 3771.1299 0.846
 3771.2295 0.846
 3771.3291 0.846
 3771.4287 0.846
 3771.5283 0.846
 3771.6279 0.846
 3771.7275 0.846
 3771.8271 0.846
 3771.9268 0.846
 3772.0264 0.846
 3772.1260 0.846
 3772.2256 0.846
 3772.3252 0.846
 3772.4248 0.846
 3772.5244 0.846
 3772.6240 0.846
 3772.7236 0.846
 3772.8232 0.846
 3772.9229 0.846
 3773.0225 0.846
 3773.1221 0.846
 3773.2217 0.846
 3773.3213 0.846
 3773.4209 0.846
 3773.5205 0.847
 3773.6201 0.847
 3773.7197 0.847
 3773.8193 0.847
 3773.9189 0.847
 3774.0186 0.847
 3774.1182 0.847
 3774.2178 0.847
 3774.3174 0.847
 3774.4170 0.847
 3774.5166 0.847
 3774.6162 0.847
 3774.7158 0.847
 3774.8154 0.847
 3774.9150 0.847
 3775.0146 0.846
 3775.1143 0.846
 3775.2139 0.846
 3775.3135 0.846
 3775.4131 0.846
 3775.5127 0.847
 3775.6123 0.847
 3775.7119 0.847
 3775.8115 0.847
 3775.9111 0.847
 3776.0107 0.847
 3776.1104 0.847
 3776.2100 0.847
 3776.3096 0.847
 3776.4092 0.847
 3776.5088 0.847
 3776.6084 0.847
 3776.7080 0.847
 3776.8076 0.847
 3776.9072 0.847
 3777.0068 0.847
 3777.1064 0.847
 3777.2061 0.847
 3777.3057 0.847
 3777.4053 0.847
 3777.5049 0.847
 3777.6045 0.847
 3777.7041 0.847
 3777.8037 0.847
 3777.9033 0.847
 3778.0029 0.847
 3778.1025 0.847
 3778.2021 0.847
 3778.3018 0.847
 3778.4014 0.848
 3778.5010 0.848
 3778.6006 0.848
 3778.7002 0.848
 3778.7998 0.848
 3778.8994 0.848
 3778.9990 0.848
 3779.0986 0.848
 3779.1982 0.848
 3779.2979 0.848
 3779.3975 0.848
 3779.4971 0.848
 3779.5967 0.848
 3779.6963 0.848
 3779.7959 0.848
 3779.8955 0.848
 3779.9951 0.848
 3780.0947 0.848
 3780.1943 0.848
 3780.2939 0.848
 3780.3936 0.848
 3780.4932 0.848
 3780.5928 0.848
 3780.6924 0.848
 3780.7920 0.848
 3780.8916 0.848
 3780.9912 0.848
 3781.0908 0.848
 3781.1904 0.848
 3781.2900 0.848
 3781.3896 0.848
 3781.4893 0.848
 3781.5889 0.848
 3781.6885 0.848
 3781.7881 0.848
 3781.8877 0.848
 3781.9873 0.848
 3782.0869 0.849
 3782.1865 0.849
 3782.2861 0.849
 3782.3857 0.849
 3782.4854 0.849
 3782.5850 0.848
 3782.6846 0.848
 3782.7842 0.848
 3782.8838 0.848
 3782.9834 0.848
 3783.0830 0.848
 3783.1826 0.848
 3783.2822 0.848
 3783.3818 0.848
 3783.4814 0.849
 3783.5811 0.849
 3783.6807 0.849
 3783.7803 0.849
 3783.8799 0.849
 3783.9795 0.848
 3784.0791 0.848
 3784.1787 0.848
 3784.2783 0.848
 3784.3779 0.848
 3784.4775 0.848
 3784.5771 0.848
 3784.6768 0.848
 3784.7764 0.848
 3784.8760 0.849
 3784.9756 0.849
 3785.0752 0.849
 3785.1748 0.849
 3785.2744 0.849
 3785.3740 0.849
 3785.4736 0.849
 3785.5732 0.849
 3785.6729 0.849
 3785.7725 0.849
 3785.8721 0.848
 3785.9717 0.848
 3786.0713 0.848
 3786.1709 0.848
 3786.2705 0.848
 3786.3701 0.848
 3786.4697 0.848
 3786.5693 0.848
 3786.6689 0.849
 3786.7686 0.849
 3786.8682 0.849
 3786.9678 0.849
 3787.0674 0.849
 3787.1670 0.849
 3787.2666 0.849
 3787.3662 0.849
 3787.4658 0.849
 3787.5654 0.849
 3787.6650 0.848
 3787.7646 0.848
 3787.8643 0.848
 3787.9639 0.848
 3788.0635 0.848
 3788.1631 0.848
 3788.2627 0.848
 3788.3623 0.848
 3788.4619 0.848
 3788.5615 0.849
 3788.6611 0.849
 3788.7607 0.849
 3788.8604 0.849
 3788.9600 0.849
 3789.0596 0.849
 3789.1592 0.849
 3789.2588 0.849
 3789.3584 0.849
 3789.4580 0.849
 3789.5576 0.849
 3789.6572 0.849
 3789.7568 0.849
 3789.8564 0.849
 3789.9561 0.849
 3790.0557 0.849
 3790.1553 0.849
 3790.2549 0.849
 3790.3545 0.849
 3790.4541 0.849
 3790.5537 0.849
 3790.6533 0.849
 3790.7529 0.849
 3790.8525 0.849
 3790.9521 0.849
 3791.0518 0.849
 3791.1514 0.850
 3791.2510 0.850
 3791.3506 0.850
 3791.4502 0.850
 3791.5498 0.850
 3791.6494 0.850
 3791.7490 0.850
 3791.8486 0.850
 3791.9482 0.850
 3792.0479 0.850
 3792.1475 0.850
 3792.2471 0.849
 3792.3467 0.849
 3792.4463 0.849
 3792.5459 0.849
 3792.6455 0.849
 3792.7451 0.849
 3792.8447 0.849
 3792.9443 0.849
 3793.0439 0.849
 3793.1436 0.849
 3793.2432 0.850
 3793.3428 0.850
 3793.4424 0.850
 3793.5420 0.850
 3793.6416 0.850
 3793.7412 0.850
 3793.8408 0.850
 3793.9404 0.850
 3794.0400 0.850
 3794.1396 0.850
 3794.2393 0.850
 3794.3389 0.850
 3794.4385 0.850
 3794.5381 0.850
 3794.6377 0.850
 3794.7373 0.850
 3794.8369 0.850
 3794.9365 0.850
 3795.0361 0.850
 3795.1357 0.850
 3795.2354 0.850
 3795.3350 0.850
 3795.4346 0.850
 3795.5342 0.850
 3795.6338 0.850
 3795.7334 0.850
 3795.8330 0.850
 3795.9326 0.850
 3796.0322 0.850
 3796.1318 0.850
 3796.2314 0.850
 3796.3311 0.850
 3796.4307 0.851
 3796.5303 0.851
 3796.6299 0.850
 3796.7295 0.850
 3796.8291 0.850
 3796.9287 0.850
 3797.0283 0.850
 3797.1279 0.850
 3797.2275 0.850
 3797.3271 0.850
 3797.4268 0.850
 3797.5264 0.850
 3797.6260 0.850
 3797.7256 0.851
 3797.8252 0.851
 3797.9248 0.851
 3798.0244 0.851
 3798.1240 0.851
 3798.2236 0.851
 3798.3232 0.851
 3798.4229 0.851
 3798.5225 0.851
 3798.6221 0.851
 3798.7217 0.851
 3798.8213 0.851
 3798.9209 0.851
 3799.0205 0.851
 3799.1201 0.851
 3799.2197 0.851
 3799.3193 0.851
 3799.4189 0.851
 3799.5186 0.851
 3799.6182 0.851
 3799.7178 0.851
 3799.8174 0.851
 3799.9170 0.851
 3800.0166 0.851
 3800.1162 0.851
 3800.2158 0.851
 3800.3154 0.851
 3800.4150 0.851
 3800.5146 0.851
 3800.6143 0.851
 3800.7139 0.851
 3800.8135 0.851
 3800.9131 0.851
 3801.0127 0.851
 3801.1123 0.852
 3801.2119 0.852
 3801.3115 0.852
 3801.4111 0.852
 3801.5107 0.852
 3801.6104 0.852
 3801.7100 0.852
 3801.8096 0.852
 3801.9092 0.852
 3802.0088 0.852
 3802.1084 0.852
 3802.2080 0.852
 3802.3076 0.852
 3802.4072 0.852
 3802.5068 0.851
 3802.6064 0.851
 3802.7061 0.851
 3802.8057 0.851
 3802.9053 0.851
 3803.0049 0.851
 3803.1045 0.851
 3803.2041 0.851
 3803.3037 0.851
 3803.4033 0.851
 3803.5029 0.851
 3803.6025 0.851
 3803.7021 0.851
 3803.8018 0.851
 3803.9014 0.851
 3804.0010 0.851
 3804.1006 0.852
 3804.2002 0.852
 3804.2998 0.852
 3804.3994 0.852
 3804.4990 0.852
 3804.5986 0.852
 3804.6982 0.852
 3804.7979 0.852
 3804.8975 0.852
 3804.9971 0.852
 3805.0967 0.852
 3805.1963 0.852
 3805.2959 0.852
 3805.3955 0.852
 3805.4951 0.852
 3805.5947 0.852
 3805.6943 0.852
 3805.7939 0.852
 3805.8936 0.852
 3805.9932 0.852
 3806.0928 0.852
 3806.1924 0.852
 3806.2920 0.852
 3806.3916 0.852
 3806.4912 0.851
 3806.5908 0.851
 3806.6904 0.852
 3806.7900 0.852
 3806.8896 0.852
 3806.9893 0.852
 3807.0889 0.852
 3807.1885 0.852
 3807.2881 0.852
 3807.3877 0.852
 3807.4873 0.852
 3807.5869 0.852
 3807.6865 0.852
 3807.7861 0.852
 3807.8857 0.852
 3807.9854 0.853
 3808.0850 0.852
 3808.1846 0.852
 3808.2842 0.852
 3808.3838 0.852
 3808.4834 0.852
 3808.5830 0.852
 3808.6826 0.852
 3808.7822 0.852
 3808.8818 0.852
 3808.9814 0.852
 3809.0811 0.852
 3809.1807 0.852
 3809.2803 0.852
 3809.3799 0.852
 3809.4795 0.853
 3809.5791 0.853
 3809.6787 0.853
 3809.7783 0.853
 3809.8779 0.853
 3809.9775 0.853
 3810.0771 0.853
 3810.1768 0.853
 3810.2764 0.853
 3810.3760 0.853
 3810.4756 0.853
 3810.5752 0.853
 3810.6748 0.852
 3810.7744 0.852
 3810.8740 0.852
 3810.9736 0.852
 3811.0732 0.852
 3811.1729 0.852
 3811.2725 0.852
 3811.3721 0.852
 3811.4717 0.852
 3811.5713 0.852
 3811.6709 0.853
 3811.7705 0.853
 3811.8701 0.853
 3811.9697 0.853
 3812.0693 0.853
 3812.1689 0.853
 3812.2686 0.853
 3812.3682 0.853
 3812.4678 0.853
 3812.5674 0.853
 3812.6670 0.853
 3812.7666 0.853
 3812.8662 0.853
 3812.9658 0.852
 3813.0654 0.853
 3813.1650 0.853
 3813.2646 0.853
 3813.3643 0.853
 3813.4639 0.853
 3813.5635 0.853
 3813.6631 0.853
 3813.7627 0.853
 3813.8623 0.853
 3813.9619 0.853
 3814.0615 0.853
 3814.1611 0.854
 3814.2607 0.854
 3814.3604 0.854
 3814.4600 0.854
 3814.5596 0.854
 3814.6592 0.854
 3814.7588 0.854
 3814.8584 0.854
 3814.9580 0.854
 3815.0576 0.854
 3815.1572 0.854
 3815.2568 0.854
 3815.3564 0.854
 3815.4561 0.854
 3815.5557 0.854
 3815.6553 0.854
 3815.7549 0.854
 3815.8545 0.854
 3815.9541 0.854
 3816.0537 0.854
 3816.1533 0.854
 3816.2529 0.854
 3816.3525 0.854
 3816.4521 0.854
 3816.5518 0.854
 3816.6514 0.854
 3816.7510 0.854
 3816.8506 0.854
 3816.9502 0.854
 3817.0498 0.854
 3817.1494 0.854
 3817.2490 0.854
 3817.3486 0.854
 3817.4482 0.854
 3817.5479 0.854
 3817.6475 0.854
 3817.7471 0.853
 3817.8467 0.853
 3817.9463 0.853
 3818.0459 0.854
 3818.1455 0.854
 3818.2451 0.854
 3818.3447 0.854
 3818.4443 0.854
 3818.5439 0.854
 3818.6436 0.854
 3818.7432 0.854
 3818.8428 0.854
 3818.9424 0.854
 3819.0420 0.855
 3819.1416 0.855
 3819.2412 0.855
 3819.3408 0.855
 3819.4404 0.855
 3819.5400 0.855
 3819.6396 0.855
 3819.7393 0.855
 3819.8389 0.855
 3819.9385 0.855
 3820.0381 0.855
 3820.1377 0.855
 3820.2373 0.855
 3820.3369 0.855
 3820.4365 0.855
 3820.5361 0.855
 3820.6357 0.855
 3820.7354 0.855
 3820.8350 0.855
 3820.9346 0.855
 3821.0342 0.855
 3821.1338 0.855
 3821.2334 0.855
 3821.3330 0.855
 3821.4326 0.855
 3821.5322 0.855
 3821.6318 0.855
 3821.7314 0.855
 3821.8311 0.855
 3821.9307 0.855
 3822.0303 0.855
 3822.1299 0.855
 3822.2295 0.855
 3822.3291 0.854
 3822.4287 0.854
 3822.5283 0.854
 3822.6279 0.854
 3822.7275 0.854
 3822.8271 0.855
 3822.9268 0.855
 3823.0264 0.855
 3823.1260 0.855
 3823.2256 0.855
 3823.3252 0.855
 3823.4248 0.855
 3823.5244 0.855
 3823.6240 0.855
 3823.7236 0.855
 3823.8232 0.855
 3823.9229 0.854
 3824.0225 0.854
 3824.1221 0.854
 3824.2217 0.854
 3824.3213 0.854
 3824.4209 0.854
 3824.5205 0.855
 3824.6201 0.855
 3824.7197 0.855
 3824.8193 0.855
 3824.9189 0.855
 3825.0186 0.855
 3825.1182 0.855
 3825.2178 0.855
 3825.3174 0.855
 3825.4170 0.855
 3825.5166 0.855
 3825.6162 0.855
 3825.7158 0.855
 3825.8154 0.855
 3825.9150 0.856
 3826.0146 0.856
 3826.1143 0.856
 3826.2139 0.856
 3826.3135 0.856
 3826.4131 0.856
 3826.5127 0.855
 3826.6123 0.855
 3826.7119 0.855
 3826.8115 0.855
 3826.9111 0.855
 3827.0107 0.855
 3827.1104 0.855
 3827.2100 0.855
 3827.3096 0.855
 3827.4092 0.855
 3827.5088 0.855
 3827.6084 0.855
 3827.7080 0.856
 3827.8076 0.856
 3827.9072 0.856
 3828.0068 0.856
 3828.1064 0.856
 3828.2061 0.856
 3828.3057 0.856
 3828.4053 0.856
 3828.5049 0.856
 3828.6045 0.856
 3828.7041 0.856
 3828.8037 0.856
 3828.9033 0.856
 3829.0029 0.856
 3829.1025 0.856
 3829.2021 0.856
 3829.3018 0.856
 3829.4014 0.856
 3829.5010 0.856
 3829.6006 0.856
 3829.7002 0.856
 3829.7998 0.856
 3829.8994 0.856
 3829.9990 0.856
 3830.0986 0.856
 3830.1982 0.856
 3830.2979 0.856
 3830.3975 0.856
 3830.4971 0.856
 3830.5967 0.856
 3830.6963 0.856
 3830.7959 0.856
 3830.8955 0.856
 3830.9951 0.856
 3831.0947 0.856
 3831.1943 0.856
 3831.2939 0.856
 3831.3936 0.856
 3831.4932 0.856
 3831.5928 0.856
 3831.6924 0.856
 3831.7920 0.856
 3831.8916 0.857
 3831.9912 0.857
 3832.0908 0.857
 3832.1904 0.857
 3832.2900 0.857
 3832.3896 0.857
 3832.4893 0.857
 3832.5889 0.857
 3832.6885 0.857
 3832.7881 0.857
 3832.8877 0.857
 3832.9873 0.857
 3833.0869 0.857
 3833.1865 0.857
 3833.2861 0.857
 3833.3857 0.857
 3833.4854 0.857
 3833.5850 0.857
 3833.6846 0.856
 3833.7842 0.856
 3833.8838 0.856
 3833.9834 0.856
 3834.0830 0.856
 3834.1826 0.856
 3834.2822 0.856
 3834.3818 0.856
 3834.4814 0.857
 3834.5811 0.857
 3834.6807 0.857
 3834.7803 0.857
 3834.8799 0.857
 3834.9795 0.857
 3835.0791 0.857
 3835.1787 0.857
 3835.2783 0.857
 3835.3779 0.857
 3835.4775 0.857
 3835.5771 0.857
 3835.6768 0.857
 3835.7764 0.857
 3835.8760 0.857
 3835.9756 0.857
 3836.0752 0.857
 3836.1748 0.857
 3836.2744 0.857
 3836.3740 0.857
 3836.4736 0.857
 3836.5732 0.858
 3836.6729 0.858
 3836.7725 0.858
 3836.8721 0.858
 3836.9717 0.858
 3837.0713 0.858
 3837.1709 0.858
 3837.2705 0.858
 3837.3701 0.858
 3837.4697 0.857
 3837.5693 0.857
 3837.6689 0.857
 3837.7686 0.857
 3837.8682 0.857
 3837.9678 0.857
 3838.0674 0.857
 3838.1670 0.857
 3838.2666 0.857
 3838.3662 0.857
 3838.4658 0.857
 3838.5654 0.857
 3838.6650 0.858
 3838.7646 0.858
 3838.8643 0.858
 3838.9639 0.858
 3839.0635 0.858
 3839.1631 0.858
 3839.2627 0.858
 3839.3623 0.858
 3839.4619 0.858
 3839.5615 0.858
 3839.6611 0.858
 3839.7607 0.858
 3839.8604 0.858
 3839.9600 0.858
 3840.0596 0.858
 3840.1592 0.858
 3840.2588 0.858
 3840.3584 0.858
 3840.4580 0.858
 3840.5576 0.858
 3840.6572 0.858
 3840.7568 0.858
 3840.8564 0.858
 3840.9561 0.858
 3841.0557 0.858
 3841.1553 0.858
 3841.2549 0.858
 3841.3545 0.858
 3841.4541 0.858
 3841.5537 0.858
 3841.6533 0.858
 3841.7529 0.858
 3841.8525 0.859
 3841.9521 0.859
 3842.0518 0.859
 3842.1514 0.859
 3842.2510 0.859
 3842.3506 0.859
 3842.4502 0.858
 3842.5498 0.858
 3842.6494 0.858
 3842.7490 0.858
 3842.8486 0.858
 3842.9482 0.858
 3843.0479 0.858
 3843.1475 0.858
 3843.2471 0.858
 3843.3467 0.858
 3843.4463 0.858
 3843.5459 0.858
 3843.6455 0.858
 3843.7451 0.858
 3843.8447 0.859
 3843.9443 0.859
 3844.0439 0.859
 3844.1436 0.859
 3844.2432 0.859
 3844.3428 0.859
 3844.4424 0.859
 3844.5420 0.859
 3844.6416 0.859
 3844.7412 0.858
 3844.8408 0.858
 3844.9404 0.858
 3845.0400 0.858
 3845.1396 0.858
 3845.2393 0.858
 3845.3389 0.858
 3845.4385 0.858
 3845.5381 0.858
 3845.6377 0.858
 3845.7373 0.858
 3845.8369 0.859
 3845.9365 0.859
 3846.0361 0.859
 3846.1357 0.859
 3846.2354 0.859
 3846.3350 0.859
 3846.4346 0.859
 3846.5342 0.859
 3846.6338 0.859
 3846.7334 0.859
 3846.8330 0.859
 3846.9326 0.859
 3847.0322 0.859
 3847.1318 0.859
 3847.2314 0.859
 3847.3311 0.859
 3847.4307 0.859
 3847.5303 0.859
 3847.6299 0.859
 3847.7295 0.859
 3847.8291 0.859
 3847.9287 0.859
 3848.0283 0.859
 3848.1279 0.859
 3848.2275 0.859
 3848.3271 0.859
 3848.4268 0.859
 3848.5264 0.859
 3848.6260 0.859
 3848.7256 0.859
 3848.8252 0.859
 3848.9248 0.859
 3849.0244 0.859
 3849.1240 0.859
 3849.2236 0.859
 3849.3232 0.859
 3849.4229 0.859
 3849.5225 0.859
 3849.6221 0.859
 3849.7217 0.859
 3849.8213 0.859
 3849.9209 0.859
 3850.0205 0.859
 3850.1201 0.859
 3850.2197 0.859
 3850.3193 0.859
 3850.4189 0.859
 3850.5186 0.859
 3850.6182 0.859
 3850.7178 0.859
 3850.8174 0.859
 3850.9170 0.860
 3851.0166 0.860
 3851.1162 0.860
 3851.2158 0.860
 3851.3154 0.860
 3851.4150 0.860
 3851.5146 0.860
 3851.6143 0.860
 3851.7139 0.859
 3851.8135 0.859
 3851.9131 0.859
 3852.0127 0.859
 3852.1123 0.859
 3852.2119 0.859
 3852.3115 0.859
 3852.4111 0.859
 3852.5107 0.859
 3852.6104 0.860
 3852.7100 0.860
 3852.8096 0.860
 3852.9092 0.860
 3853.0088 0.860
 3853.1084 0.860
 3853.2080 0.860
 3853.3076 0.860
 3853.4072 0.860
 3853.5068 0.860
 3853.6064 0.860
 3853.7061 0.860
 3853.8057 0.860
 3853.9053 0.860
 3854.0049 0.860
 3854.1045 0.860
 3854.2041 0.860
 3854.3037 0.860
 3854.4033 0.860
 3854.5029 0.860
 3854.6025 0.860
 3854.7021 0.860
 3854.8018 0.860
 3854.9014 0.860
 3855.0010 0.861
 3855.1006 0.861
 3855.2002 0.861
 3855.2998 0.861
 3855.3994 0.861
 3855.4990 0.861
 3855.5986 0.861
 3855.6982 0.860
 3855.7979 0.860
 3855.8975 0.860
 3855.9971 0.860
 3856.0967 0.860
 3856.1963 0.860
 3856.2959 0.860
 3856.3955 0.860
 3856.4951 0.860
 3856.5947 0.860
 3856.6943 0.860
 3856.7939 0.860
 3856.8936 0.861
 3856.9932 0.861
 3857.0928 0.861
 3857.1924 0.861
 3857.2920 0.861
 3857.3916 0.861
 3857.4912 0.861
 3857.5908 0.861
 3857.6904 0.861
 3857.7900 0.861
 3857.8896 0.861
 3857.9893 0.861
 3858.0889 0.861
 3858.1885 0.861
 3858.2881 0.861
 3858.3877 0.861
 3858.4873 0.861
 3858.5869 0.861
 3858.6865 0.861
 3858.7861 0.861
 3858.8857 0.861
 3858.9854 0.861
 3859.0850 0.860
 3859.1846 0.860
 3859.2842 0.860
 3859.3838 0.860
 3859.4834 0.860
 3859.5830 0.860
 3859.6826 0.860
 3859.7822 0.861
 3859.8818 0.861
 3859.9814 0.861
 3860.0811 0.861
 3860.1807 0.861
 3860.2803 0.861
 3860.3799 0.861
 3860.4795 0.861
 3860.5791 0.861
 3860.6787 0.861
 3860.7783 0.861
 3860.8779 0.861
 3860.9775 0.861
 3861.0771 0.861
 3861.1768 0.861
 3861.2764 0.861
 3861.3760 0.861
 3861.4756 0.861
 3861.5752 0.861
 3861.6748 0.861
 3861.7744 0.861
 3861.8740 0.861
 3861.9736 0.861
 3862.0732 0.861
 3862.1729 0.861
 3862.2725 0.862
 3862.3721 0.862
 3862.4717 0.862
 3862.5713 0.862
 3862.6709 0.862
 3862.7705 0.862
 3862.8701 0.862
 3862.9697 0.862
 3863.0693 0.862
 3863.1689 0.862
 3863.2686 0.862
 3863.3682 0.862
 3863.4678 0.862
 3863.5674 0.862
 3863.6670 0.862
 3863.7666 0.862
 3863.8662 0.862
 3863.9658 0.862
 3864.0654 0.862
 3864.1650 0.861
 3864.2646 0.861
 3864.3643 0.861
 3864.4639 0.861
 3864.5635 0.861
 3864.6631 0.861
 3864.7627 0.861
 3864.8623 0.862
 3864.9619 0.862
 3865.0615 0.862
 3865.1611 0.862
 3865.2607 0.862
 3865.3604 0.862
 3865.4600 0.862
 3865.5596 0.862
 3865.6592 0.862
 3865.7588 0.862
 3865.8584 0.862
 3865.9580 0.862
 3866.0576 0.862
 3866.1572 0.862
 3866.2568 0.862
 3866.3564 0.862
 3866.4561 0.862
 3866.5557 0.862
 3866.6553 0.862
 3866.7549 0.862
 3866.8545 0.862
 3866.9541 0.863
 3867.0537 0.863
 3867.1533 0.863
 3867.2529 0.863
 3867.3525 0.863
 3867.4521 0.863
 3867.5518 0.862
 3867.6514 0.862
 3867.7510 0.862
 3867.8506 0.862
 3867.9502 0.862
 3868.0498 0.862
 3868.1494 0.862
 3868.2490 0.862
 3868.3486 0.862
 3868.4482 0.863
 3868.5479 0.863
 3868.6475 0.863
 3868.7471 0.863
 3868.8467 0.863
 3868.9463 0.863
 3869.0459 0.863
 3869.1455 0.863
 3869.2451 0.863
 3869.3447 0.863
 3869.4443 0.862
 3869.5439 0.862
 3869.6436 0.862
 3869.7432 0.862
 3869.8428 0.862
 3869.9424 0.862
 3870.0420 0.862
 3870.1416 0.862
 3870.2412 0.862
 3870.3408 0.862
 3870.4404 0.863
 3870.5400 0.863
 3870.6396 0.863
 3870.7393 0.863
 3870.8389 0.863
 3870.9385 0.863
 3871.0381 0.863
 3871.1377 0.863
 3871.2373 0.863
 3871.3369 0.863
 3871.4365 0.863
 3871.5361 0.863
 3871.6357 0.863
 3871.7354 0.863
 3871.8350 0.863
 3871.9346 0.863
 3872.0342 0.863
 3872.1338 0.863
 3872.2334 0.863
 3872.3330 0.863
 3872.4326 0.863
 3872.5322 0.863
 3872.6318 0.863
 3872.7314 0.863
 3872.8311 0.863
 3872.9307 0.863
 3873.0303 0.863
 3873.1299 0.864
 3873.2295 0.864
 3873.3291 0.864
 3873.4287 0.864
 3873.5283 0.864
 3873.6279 0.864
 3873.7275 0.864
 3873.8271 0.864
 3873.9268 0.864
 3874.0264 0.864
 3874.1260 0.864
 3874.2256 0.864
 3874.3252 0.863
 3874.4248 0.863
 3874.5244 0.863
 3874.6240 0.863
 3874.7236 0.863
 3874.8232 0.863
 3874.9229 0.863
 3875.0225 0.863
 3875.1221 0.863
 3875.2217 0.863
 3875.3213 0.863
 3875.4209 0.864
 3875.5205 0.864
 3875.6201 0.864
 3875.7197 0.864
 3875.8193 0.864
 3875.9189 0.864
 3876.0186 0.864
 3876.1182 0.864
 3876.2178 0.864
 3876.3174 0.864
 3876.4170 0.864
 3876.5166 0.864
 3876.6162 0.864
 3876.7158 0.863
 3876.8154 0.863
 3876.9150 0.863
 3877.0146 0.863
 3877.1143 0.863
 3877.2139 0.863
 3877.3135 0.864
 3877.4131 0.864
 3877.5127 0.864
 3877.6123 0.864
 3877.7119 0.864
 3877.8115 0.864
 3877.9111 0.864
 3878.0107 0.864
 3878.1104 0.864
 3878.2100 0.864
 3878.3096 0.864
 3878.4092 0.864
 3878.5088 0.864
 3878.6084 0.864
 3878.7080 0.864
 3878.8076 0.864
 3878.9072 0.864
 3879.0068 0.864
 3879.1064 0.864
 3879.2061 0.864
 3879.3057 0.864
 3879.4053 0.864
 3879.5049 0.864
 3879.6045 0.864
 3879.7041 0.864
 3879.8037 0.864
 3879.9033 0.864
 3880.0029 0.864
 3880.1025 0.864
 3880.2021 0.864
 3880.3018 0.864
 3880.4014 0.864
 3880.5010 0.865
 3880.6006 0.865
 3880.7002 0.865
 3880.7998 0.865
 3880.8994 0.865
 3880.9990 0.865
 3881.0986 0.865
 3881.1982 0.865
 3881.2979 0.865
 3881.3975 0.864
 3881.4971 0.864
 3881.5967 0.864
 3881.6963 0.864
 3881.7959 0.864
 3881.8955 0.864
 3881.9951 0.864
 3882.0947 0.864
 3882.1943 0.864
 3882.2939 0.864
 3882.3936 0.865
 3882.4932 0.865
 3882.5928 0.865
 3882.6924 0.865
 3882.7920 0.865
 3882.8916 0.865
 3882.9912 0.865
 3883.0908 0.865
 3883.1904 0.865
 3883.2900 0.865
 3883.3896 0.865
 3883.4893 0.865
 3883.5889 0.865
 3883.6885 0.865
 3883.7881 0.865
 3883.8877 0.865
 3883.9873 0.864
 3884.0869 0.864
 3884.1865 0.864
 3884.2861 0.864
 3884.3857 0.864
 3884.4854 0.864
 3884.5850 0.864
 3884.6846 0.865
 3884.7842 0.865
 3884.8838 0.865
 3884.9834 0.865
 3885.0830 0.865
 3885.1826 0.865
 3885.2822 0.865
 3885.3818 0.865
 3885.4814 0.865
 3885.5811 0.865
 3885.6807 0.865
 3885.7803 0.865
 3885.8799 0.865
 3885.9795 0.865
 3886.0791 0.865
 3886.1787 0.865
 3886.2783 0.865
 3886.3779 0.865
 3886.4775 0.865
 3886.5771 0.865
 3886.6768 0.865
 3886.7764 0.865
 3886.8760 0.865
 3886.9756 0.865
 3887.0752 0.865
 3887.1748 0.866
 3887.2744 0.865
 3887.3740 0.866
 3887.4736 0.866
 3887.5732 0.866
 3887.6729 0.866
 3887.7725 0.866
 3887.8721 0.866
 3887.9717 0.866
 3888.0713 0.866
 3888.1709 0.866
 3888.2705 0.866
 3888.3701 0.866
 3888.4697 0.866
 3888.5693 0.865
 3888.6689 0.865
 3888.7686 0.865
 3888.8682 0.865
 3888.9678 0.865
 3889.0674 0.865
 3889.1670 0.865
 3889.2666 0.865
 3889.3662 0.866
 3889.4658 0.866
 3889.5654 0.866
 3889.6650 0.866
 3889.7646 0.866
 3889.8643 0.866
 3889.9639 0.866
 3890.0635 0.866
 3890.1631 0.866
 3890.2627 0.866
 3890.3623 0.866
 3890.4619 0.866
 3890.5615 0.866
 3890.6611 0.866
 3890.7607 0.866
 3890.8604 0.866
 3890.9600 0.866
 3891.0596 0.866
 3891.1592 0.866
 3891.2588 0.866
 3891.3584 0.866
 3891.4580 0.866
 3891.5576 0.866
 3891.6572 0.866
 3891.7568 0.866
 3891.8564 0.866
 3891.9561 0.866
 3892.0557 0.867
 3892.1553 0.867
 3892.2549 0.867
 3892.3545 0.867
 3892.4541 0.867
 3892.5537 0.867
 3892.6533 0.867
 3892.7529 0.867
 3892.8525 0.867
 3892.9521 0.867
 3893.0518 0.867
 3893.1514 0.867
 3893.2510 0.867
 3893.3506 0.867
 3893.4502 0.867
 3893.5498 0.867
 3893.6494 0.867
 3893.7490 0.866
 3893.8486 0.866
 3893.9482 0.866
 3894.0479 0.866
 3894.1475 0.866
 3894.2471 0.866
 3894.3467 0.866
 3894.4463 0.866
 3894.5459 0.866
 3894.6455 0.866
 3894.7451 0.867
 3894.8447 0.867
 3894.9443 0.867
 3895.0439 0.867
 3895.1436 0.867
 3895.2432 0.867
 3895.3428 0.867
 3895.4424 0.867
 3895.5420 0.867
 3895.6416 0.867
 3895.7412 0.867
 3895.8408 0.867
 3895.9404 0.867
 3896.0400 0.867
 3896.1396 0.867
 3896.2393 0.867
 3896.3389 0.867
 3896.4385 0.867
 3896.5381 0.867
 3896.6377 0.867
 3896.7373 0.867
 3896.8369 0.866
 3896.9365 0.866
 3897.0361 0.866
 3897.1357 0.866
 3897.2354 0.866
 3897.3350 0.866
 3897.4346 0.867
 3897.5342 0.867
 3897.6338 0.867
 3897.7334 0.867
 3897.8330 0.867
 3897.9326 0.867
 3898.0322 0.867
 3898.1318 0.867
 3898.2314 0.867
 3898.3311 0.867
 3898.4307 0.867
 3898.5303 0.867
 3898.6299 0.867
 3898.7295 0.867
 3898.8291 0.867
 3898.9287 0.867
 3899.0283 0.867
 3899.1279 0.867
 3899.2275 0.867
 3899.3271 0.867
 3899.4268 0.867
 3899.5264 0.867
 3899.6260 0.867
 3899.7256 0.867
 3899.8252 0.867
 3899.9248 0.867
 3900.0244 0.868
 3900.1240 0.868
 3900.2236 0.868
 3900.3232 0.868
 3900.4229 0.868
 3900.5225 0.868
 3900.6221 0.868
 3900.7217 0.868
 3900.8213 0.868
 3900.9209 0.868
 3901.0205 0.868
 3901.1201 0.868
 3901.2197 0.868
 3901.3193 0.868
 3901.4189 0.868
 3901.5186 0.868
 3901.6182 0.868
 3901.7178 0.867
 3901.8174 0.867
 3901.9170 0.867
 3902.0166 0.867
 3902.1162 0.867
 3902.2158 0.867
 3902.3154 0.868
 3902.4150 0.868
 3902.5146 0.868
 3902.6143 0.868
 3902.7139 0.868
 3902.8135 0.868
 3902.9131 0.868
 3903.0127 0.868
 3903.1123 0.868
 3903.2119 0.868
 3903.3115 0.868
 3903.4111 0.867
 3903.5107 0.867
 3903.6104 0.867
 3903.7100 0.867
 3903.8096 0.867
 3903.9092 0.868
 3904.0088 0.868
 3904.1084 0.868
 3904.2080 0.868
 3904.3076 0.868
 3904.4072 0.868
 3904.5068 0.868
 3904.6064 0.868
 3904.7061 0.868
 3904.8057 0.868
 3904.9053 0.868
 3905.0049 0.868
 3905.1045 0.869
 3905.2041 0.869
 3905.3037 0.869
 3905.4033 0.869
 3905.5029 0.869
 3905.6025 0.869
 3905.7021 0.869
 3905.8018 0.869
 3905.9014 0.868
 3906.0010 0.868
 3906.1006 0.868
 3906.2002 0.868
 3906.2998 0.868
 3906.3994 0.868
 3906.4990 0.868
 3906.5986 0.868
 3906.6982 0.868
 3906.7979 0.868
 3906.8975 0.868
 3906.9971 0.869
 3907.0967 0.869
 3907.1963 0.869
 3907.2959 0.869
 3907.3955 0.869
 3907.4951 0.869
 3907.5947 0.869
 3907.6943 0.869
 3907.7939 0.869
 3907.8936 0.869
 3907.9932 0.869
 3908.0928 0.868
 3908.1924 0.868
 3908.2920 0.868
 3908.3916 0.868
 3908.4912 0.868
 3908.5908 0.868
 3908.6904 0.868
 3908.7900 0.868
 3908.8896 0.869
 3908.9893 0.869
 3909.0889 0.869
 3909.1885 0.869
 3909.2881 0.869
 3909.3877 0.869
 3909.4873 0.869
 3909.5869 0.869
 3909.6865 0.869
 3909.7861 0.869
 3909.8857 0.869
 3909.9854 0.869
 3910.0850 0.869
 3910.1846 0.869
 3910.2842 0.869
 3910.3838 0.869
 3910.4834 0.870
 3910.5830 0.870
 3910.6826 0.870
 3910.7822 0.870
 3910.8818 0.870
 3910.9814 0.870
 3911.0811 0.870
 3911.1807 0.870
 3911.2803 0.870
 3911.3799 0.869
 3911.4795 0.869
 3911.5791 0.869
 3911.6787 0.869
 3911.7783 0.869
 3911.8779 0.869
 3911.9775 0.869
 3912.0771 0.869
 3912.1768 0.869
 3912.2764 0.869
 3912.3760 0.869
 3912.4756 0.870
 3912.5752 0.870
 3912.6748 0.870
 3912.7744 0.870
 3912.8740 0.870
 3912.9736 0.870
 3913.0732 0.870
 3913.1729 0.870
 3913.2725 0.870
 3913.3721 0.870
 3913.4717 0.870
 3913.5713 0.870
 3913.6709 0.870
 3913.7705 0.870
 3913.8701 0.870
 3913.9697 0.870
 3914.0693 0.870
 3914.1689 0.870
 3914.2686 0.870
 3914.3682 0.870
 3914.4678 0.870
 3914.5674 0.870
 3914.6670 0.870
 3914.7666 0.870
 3914.8662 0.870
 3914.9658 0.870
 3915.0654 0.870
 3915.1650 0.870
 3915.2646 0.870
 3915.3643 0.870
 3915.4639 0.870
 3915.5635 0.870
 3915.6631 0.870
 3915.7627 0.870
 3915.8623 0.870
 3915.9619 0.870
 3916.0615 0.871
 3916.1611 0.871
 3916.2607 0.871
 3916.3604 0.871
 3916.4600 0.871
 3916.5596 0.871
 3916.6592 0.871
 3916.7588 0.871
 3916.8584 0.871
 3916.9580 0.871
 3917.0576 0.871
 3917.1572 0.871
 3917.2568 0.871
 3917.3564 0.871
 3917.4561 0.871
 3917.5557 0.871
 3917.6553 0.871
 3917.7549 0.871
 3917.8545 0.871
 3917.9541 0.871
 3918.0537 0.871
 3918.1533 0.871
 3918.2529 0.871
 3918.3525 0.871
 3918.4521 0.871
 3918.5518 0.871
 3918.6514 0.871
 3918.7510 0.870
 3918.8506 0.870
 3918.9502 0.870
 3919.0498 0.870
 3919.1494 0.870
 3919.2490 0.871
 3919.3486 0.871
 3919.4482 0.871
 3919.5479 0.871
 3919.6475 0.871
 3919.7471 0.871
 3919.8467 0.871
 3919.9463 0.871
 3920.0459 0.871
 3920.1455 0.871
 3920.2451 0.871
 3920.3447 0.871
 3920.4443 0.871
 3920.5439 0.871
 3920.6436 0.871
 3920.7432 0.871
 3920.8428 0.871
 3920.9424 0.872
 3921.0420 0.872
 3921.1416 0.872
 3921.2412 0.872
 3921.3408 0.872
 3921.4404 0.872
 3921.5400 0.872
 3921.6396 0.872
 3921.7393 0.872
 3921.8389 0.871
 3921.9385 0.871
 3922.0381 0.871
 3922.1377 0.871
 3922.2373 0.871
 3922.3369 0.871
 3922.4365 0.871
 3922.5361 0.871
 3922.6357 0.871
 3922.7354 0.871
 3922.8350 0.871
 3922.9346 0.871
 3923.0342 0.871
 3923.1338 0.871
 3923.2334 0.871
 3923.3330 0.872
 3923.4326 0.872
 3923.5322 0.872
 3923.6318 0.872
 3923.7314 0.872
 3923.8311 0.872
 3923.9307 0.872
 3924.0303 0.872
 3924.1299 0.872
 3924.2295 0.872
 3924.3291 0.872
 3924.4287 0.871
 3924.5283 0.871
 3924.6279 0.871
 3924.7275 0.871
 3924.8271 0.871
 3924.9268 0.871
 3925.0264 0.871
 3925.1260 0.871
 3925.2256 0.871
 3925.3252 0.872
 3925.4248 0.872
 3925.5244 0.872
 3925.6240 0.872
 3925.7236 0.872
 3925.8232 0.872
 3925.9229 0.872
 3926.0225 0.872
 3926.1221 0.872
 3926.2217 0.872
 3926.3213 0.872
 3926.4209 0.872
 3926.5205 0.872
 3926.6201 0.871
 3926.7197 0.871
 3926.8193 0.871
 3926.9189 0.871
 3927.0186 0.871
 3927.1182 0.872
 3927.2178 0.872
 3927.3174 0.872
 3927.4170 0.872
 3927.5166 0.872
 3927.6162 0.872
 3927.7158 0.872
 3927.8154 0.873
 3927.9150 0.873
 3928.0146 0.873
 3928.1143 0.873
 3928.2139 0.873
 3928.3135 0.872
 3928.4131 0.872
 3928.5127 0.872
 3928.6123 0.872
 3928.7119 0.872
 3928.8115 0.872
 3928.9111 0.872
 3929.0107 0.872
 3929.1104 0.872
 3929.2100 0.872
 3929.3096 0.873
 3929.4092 0.873
 3929.5088 0.873
 3929.6084 0.873
 3929.7080 0.873
 3929.8076 0.873
 3929.9072 0.873
 3930.0068 0.873
 3930.1064 0.873
 3930.2061 0.873
 3930.3057 0.873
 3930.4053 0.873
 3930.5049 0.872
 3930.6045 0.872
 3930.7041 0.872
 3930.8037 0.872
 3930.9033 0.872
 3931.0029 0.872
 3931.1025 0.872
 3931.2021 0.873
 3931.3018 0.873
 3931.4014 0.873
 3931.5010 0.873
 3931.6006 0.873
 3931.7002 0.873
 3931.7998 0.873
 3931.8994 0.873
 3931.9990 0.873
 3932.0986 0.873
 3932.1982 0.873
 3932.2979 0.873
 3932.3975 0.873
 3932.4971 0.873
 3932.5967 0.873
 3932.6963 0.873
 3932.7959 0.873
 3932.8955 0.873
 3932.9951 0.873
 3933.0947 0.873
 3933.1943 0.873
 3933.2939 0.873
 3933.3936 0.873
 3933.4932 0.874
 3933.5928 0.874
 3933.6924 0.874
 3933.7920 0.874
 3933.8916 0.874
 3933.9912 0.874
 3934.0908 0.873
 3934.1904 0.873
 3934.2900 0.873
 3934.3896 0.873
 3934.4893 0.873
 3934.5889 0.873
 3934.6885 0.873
 3934.7881 0.873
 3934.8877 0.873
 3934.9873 0.873
 3935.0869 0.874
 3935.1865 0.874
 3935.2861 0.874
 3935.3857 0.874
 3935.4854 0.874
 3935.5850 0.874
 3935.6846 0.874
 3935.7842 0.873
 3935.8838 0.873
 3935.9834 0.873
 3936.0830 0.873
 3936.1826 0.873
 3936.2822 0.873
 3936.3818 0.873
 3936.4814 0.873
 3936.5811 0.873
 3936.6807 0.873
 3936.7803 0.874
 3936.8799 0.874
 3936.9795 0.874
 3937.0791 0.874
 3937.1787 0.874
 3937.2783 0.874
 3937.3779 0.874
 3937.4775 0.873
 3937.5771 0.873
 3937.6768 0.873
 3937.7764 0.873
 3937.8760 0.874
 3937.9756 0.874
 3938.0752 0.874
 3938.1748 0.874
 3938.2744 0.874
 3938.3740 0.874
 3938.4736 0.874
 3938.5732 0.874
 3938.6729 0.874
 3938.7725 0.874
 3938.8721 0.874
 3938.9717 0.874
 3939.0713 0.875
 3939.1709 0.875
 3939.2705 0.875
 3939.3701 0.875
 3939.4697 0.875
 3939.5693 0.875
 3939.6689 0.875
 3939.7686 0.875
 3939.8682 0.874
 3939.9678 0.874
 3940.0674 0.874
 3940.1670 0.874
 3940.2666 0.874
 3940.3662 0.874
 3940.4658 0.874
 3940.5654 0.874
 3940.6650 0.874
 3940.7646 0.875
 3940.8643 0.875
 3940.9639 0.875
 3941.0635 0.875
 3941.1631 0.875
 3941.2627 0.875
 3941.3623 0.875
 3941.4619 0.875
 3941.5615 0.875
 3941.6611 0.875
 3941.7607 0.875
 3941.8604 0.875
 3941.9600 0.875
 3942.0596 0.875
 3942.1592 0.875
 3942.2588 0.874
 3942.3584 0.874
 3942.4580 0.874
 3942.5576 0.874
 3942.6572 0.874
 3942.7568 0.874
 3942.8564 0.874
 3942.9561 0.875
 3943.0557 0.875
 3943.1553 0.875
 3943.2549 0.875
 3943.3545 0.875
 3943.4541 0.875
 3943.5537 0.875
 3943.6533 0.875
 3943.7529 0.875
 3943.8525 0.875
 3943.9521 0.875
 3944.0518 0.875
 3944.1514 0.875
 3944.2510 0.875
 3944.3506 0.874
 3944.4502 0.874
 3944.5498 0.874
 3944.6494 0.874
 3944.7490 0.874
 3944.8486 0.875
 3944.9482 0.875
 3945.0479 0.875
 3945.1475 0.875
 3945.2471 0.875
 3945.3467 0.875
 3945.4463 0.875
 3945.5459 0.875
 3945.6455 0.875
 3945.7451 0.875
 3945.8447 0.875
 3945.9443 0.875
 3946.0439 0.875
 3946.1436 0.875
 3946.2432 0.875
 3946.3428 0.875
 3946.4424 0.875
 3946.5420 0.875
 3946.6416 0.875
 3946.7412 0.875
 3946.8408 0.875
 3946.9404 0.876
 3947.0400 0.876
 3947.1396 0.876
 3947.2393 0.876
 3947.3389 0.876
 3947.4385 0.876
 3947.5381 0.876
 3947.6377 0.876
 3947.7373 0.876
 3947.8369 0.875
 3947.9365 0.875
 3948.0361 0.875
 3948.1357 0.875
 3948.2354 0.875
 3948.3350 0.875
 3948.4346 0.875
 3948.5342 0.875
 3948.6338 0.875
 3948.7334 0.875
 3948.8330 0.876
 3948.9326 0.876
 3949.0322 0.876
 3949.1318 0.876
 3949.2314 0.876
 3949.3311 0.876
 3949.4307 0.876
 3949.5303 0.876
 3949.6299 0.875
 3949.7295 0.875
 3949.8291 0.875
 3949.9287 0.875
 3950.0283 0.875
 3950.1279 0.875
 3950.2275 0.875
 3950.3271 0.875
 3950.4268 0.875
 3950.5264 0.875
 3950.6260 0.876
 3950.7256 0.876
 3950.8252 0.876
 3950.9248 0.876
 3951.0244 0.876
 3951.1240 0.876
 3951.2236 0.876
 3951.3232 0.876
 3951.4229 0.876
 3951.5225 0.876
 3951.6221 0.876
 3951.7217 0.876
 3951.8213 0.876
 3951.9209 0.876
 3952.0205 0.876
 3952.1201 0.876
 3952.2197 0.876
 3952.3193 0.876
 3952.4189 0.876
 3952.5186 0.877
 3952.6182 0.877
 3952.7178 0.877
 3952.8174 0.877
 3952.9170 0.877
 3953.0166 0.877
 3953.1162 0.877
 3953.2158 0.877
 3953.3154 0.877
 3953.4150 0.876
 3953.5146 0.876
 3953.6143 0.876
 3953.7139 0.876
 3953.8135 0.876
 3953.9131 0.876
 3954.0127 0.876
 3954.1123 0.876
 3954.2119 0.876
 3954.3115 0.876
 3954.4111 0.876
 3954.5107 0.876
 3954.6104 0.876
 3954.7100 0.876
 3954.8096 0.877
 3954.9092 0.877
 3955.0088 0.877
 3955.1084 0.877
 3955.2080 0.877
 3955.3076 0.877
 3955.4072 0.877
 3955.5068 0.877
 3955.6064 0.877
 3955.7061 0.877
 3955.8057 0.877
 3955.9053 0.877
 3956.0049 0.877
 3956.1045 0.876
 3956.2041 0.876
 3956.3037 0.876
 3956.4033 0.876
 3956.5029 0.876
 3956.6025 0.876
 3956.7021 0.876
 3956.8018 0.876
 3956.9014 0.877
 3957.0010 0.877
 3957.1006 0.877
 3957.2002 0.877
 3957.2998 0.877
 3957.3994 0.877
 3957.4990 0.877
 3957.5986 0.877
 3957.6982 0.877
 3957.7979 0.877
 3957.8975 0.877
 3957.9971 0.877
 3958.0967 0.877
 3958.1963 0.877
 3958.2959 0.877
 3958.3955 0.877
 3958.4951 0.877
 3958.5947 0.877
 3958.6943 0.877
 3958.7939 0.877
 3958.8936 0.877
 3958.9932 0.877
 3959.0928 0.877
 3959.1924 0.877
 3959.2920 0.877
 3959.3916 0.877
 3959.4912 0.877
 3959.5908 0.877
 3959.6904 0.877
 3959.7900 0.877
 3959.8896 0.878
 3959.9893 0.877
 3960.0889 0.877
 3960.1885 0.877
 3960.2881 0.877
 3960.3877 0.877
 3960.4873 0.877
 3960.5869 0.877
 3960.6865 0.877
 3960.7861 0.877
 3960.8857 0.877
 3960.9854 0.877
 3961.0850 0.877
 3961.1846 0.877
 3961.2842 0.877
 3961.3838 0.877
 3961.4834 0.877
 3961.5830 0.878
 3961.6826 0.878
 3961.7822 0.878
 3961.8818 0.878
 3961.9814 0.878
 3962.0811 0.878
 3962.1807 0.878
 3962.2803 0.878
 3962.3799 0.878
 3962.4795 0.878
 3962.5791 0.878
 3962.6787 0.878
 3962.7783 0.878
 3962.8779 0.878
 3962.9775 0.878
 3963.0771 0.878
 3963.1768 0.878
 3963.2764 0.878
 3963.3760 0.878
 3963.4756 0.878
 3963.5752 0.878
 3963.6748 0.878
 3963.7744 0.878
 3963.8740 0.878
 3963.9736 0.878
 3964.0732 0.878
 3964.1729 0.879
 3964.2725 0.879
 3964.3721 0.879
 3964.4717 0.878
 3964.5713 0.878
 3964.6709 0.878
 3964.7705 0.878
 3964.8701 0.878
 3964.9697 0.878
 3965.0693 0.878
 3965.1689 0.878
 3965.2686 0.878
 3965.3682 0.878
 3965.4678 0.878
 3965.5674 0.878
 3965.6670 0.878
 3965.7666 0.878
 3965.8662 0.878
 3965.9658 0.878
 3966.0654 0.878
 3966.1650 0.878
 3966.2646 0.878
 3966.3643 0.879
 3966.4639 0.879
 3966.5635 0.879
 3966.6631 0.879
 3966.7627 0.879
 3966.8623 0.879
 3966.9619 0.879
 3967.0615 0.879
 3967.1611 0.879
 3967.2607 0.879
 3967.3604 0.879
 3967.4600 0.879
 3967.5596 0.879
 3967.6592 0.879
 3967.7588 0.879
 3967.8584 0.879
 3967.9580 0.879
 3968.0576 0.878
 3968.1572 0.878
 3968.2568 0.878
 3968.3564 0.878
 3968.4561 0.878
 3968.5557 0.878
 3968.6553 0.878
 3968.7549 0.878
 3968.8545 0.879
 3968.9541 0.879
 3969.0537 0.879
 3969.1533 0.879
 3969.2529 0.879
 3969.3525 0.879
 3969.4521 0.879
 3969.5518 0.879
 3969.6514 0.879
 3969.7510 0.879
 3969.8506 0.879
 3969.9502 0.878
 3970.0498 0.878
 3970.1494 0.878
 3970.2490 0.878
 3970.3486 0.878
 3970.4482 0.878
 3970.5479 0.878
 3970.6475 0.879
 3970.7471 0.879
 3970.8467 0.879
 3970.9463 0.879
 3971.0459 0.879
 3971.1455 0.879
 3971.2451 0.879
 3971.3447 0.879
 3971.4443 0.879
 3971.5439 0.879
 3971.6436 0.879
 3971.7432 0.879
 3971.8428 0.880
 3971.9424 0.879
 3972.0420 0.879
 3972.1416 0.879
 3972.2412 0.879
 3972.3408 0.879
 3972.4404 0.879
 3972.5400 0.879
 3972.6396 0.879
 3972.7393 0.879
 3972.8389 0.879
 3972.9385 0.879
 3973.0381 0.880
 3973.1377 0.880
 3973.2373 0.880
 3973.3369 0.880
 3973.4365 0.880
 3973.5361 0.880
 3973.6357 0.880
 3973.7354 0.880
 3973.8350 0.880
 3973.9346 0.879
 3974.0342 0.879
 3974.1338 0.879
 3974.2334 0.879
 3974.3330 0.879
 3974.4326 0.879
 3974.5322 0.879
 3974.6318 0.879
 3974.7314 0.879
 3974.8311 0.880
 3974.9307 0.880
 3975.0303 0.880
 3975.1299 0.880
 3975.2295 0.880
 3975.3291 0.880
 3975.4287 0.880
 3975.5283 0.880
 3975.6279 0.880
 3975.7275 0.880
 3975.8271 0.880
 3975.9268 0.880
 3976.0264 0.880
 3976.1260 0.880
 3976.2256 0.880
 3976.3252 0.880
 3976.4248 0.880
 3976.5244 0.879
 3976.6240 0.879
 3976.7236 0.879
 3976.8232 0.880
 3976.9229 0.880
 3977.0225 0.880
 3977.1221 0.880
 3977.2217 0.880
 3977.3213 0.880
 3977.4209 0.880
 3977.5205 0.880
 3977.6201 0.880
 3977.7197 0.880
 3977.8193 0.880
 3977.9189 0.880
 3978.0186 0.880
 3978.1182 0.880
 3978.2178 0.880
 3978.3174 0.880
 3978.4170 0.880
 3978.5166 0.880
 3978.6162 0.880
 3978.7158 0.880
 3978.8154 0.880
 3978.9150 0.880
 3979.0146 0.880
 3979.1143 0.880
 3979.2139 0.880
 3979.3135 0.881
 3979.4131 0.881
 3979.5127 0.881
 3979.6123 0.881
 3979.7119 0.881
 3979.8115 0.881
 3979.9111 0.880
 3980.0107 0.880
 3980.1104 0.880
 3980.2100 0.880
 3980.3096 0.880
 3980.4092 0.880
 3980.5088 0.880
 3980.6084 0.880
 3980.7080 0.880
 3980.8076 0.881
 3980.9072 0.881
 3981.0068 0.881
 3981.1064 0.881
 3981.2061 0.881
 3981.3057 0.881
 3981.4053 0.881
 3981.5049 0.881
 3981.6045 0.881
 3981.7041 0.881
 3981.8037 0.881
 3981.9033 0.881
 3982.0029 0.881
 3982.1025 0.881
 3982.2021 0.881
 3982.3018 0.881
 3982.4014 0.881
 3982.5010 0.881
 3982.6006 0.881
 3982.7002 0.881
 3982.7998 0.881
 3982.8994 0.880
 3982.9990 0.880
 3983.0986 0.880
 3983.1982 0.880
 3983.2979 0.880
 3983.3975 0.880
 3983.4971 0.880
 3983.5967 0.880
 3983.6963 0.880
 3983.7959 0.881
 3983.8955 0.881
 3983.9951 0.881
 3984.0947 0.881
 3984.1943 0.881
 3984.2939 0.881
 3984.3936 0.881
 3984.4932 0.881
 3984.5928 0.881
 3984.6924 0.881
 3984.7920 0.882
 3984.8916 0.882
 3984.9912 0.882
 3985.0908 0.882
 3985.1904 0.882
 3985.2900 0.882
 3985.3896 0.882
 3985.4893 0.882
 3985.5889 0.882
 3985.6885 0.882
 3985.7881 0.882
 3985.8877 0.882
 3985.9873 0.882
 3986.0869 0.882
 3986.1865 0.882
 3986.2861 0.882
 3986.3857 0.882
 3986.4854 0.882
 3986.5850 0.882
 3986.6846 0.882
 3986.7842 0.881
 3986.8838 0.881
 3986.9834 0.881
 3987.0830 0.881
 3987.1826 0.881
 3987.2822 0.882
 3987.3818 0.882
 3987.4814 0.882
 3987.5811 0.882
 3987.6807 0.882
 3987.7803 0.882
 3987.8799 0.882
 3987.9795 0.882
 3988.0791 0.882
 3988.1787 0.882
 3988.2783 0.882
 3988.3779 0.882
 3988.4775 0.882
 3988.5771 0.882
 3988.6768 0.882
 3988.7764 0.882
 3988.8760 0.882
 3988.9756 0.882
 3989.0752 0.882
 3989.1748 0.883
 3989.2744 0.883
 3989.3740 0.883
 3989.4736 0.883
 3989.5732 0.883
 3989.6729 0.883
 3989.7725 0.883
 3989.8721 0.883
 3989.9717 0.883
 3990.0713 0.883
 3990.1709 0.883
 3990.2705 0.883
 3990.3701 0.883
 3990.4697 0.882
 3990.5693 0.882
 3990.6689 0.882
 3990.7686 0.882
 3990.8682 0.882
 3990.9678 0.882
 3991.0674 0.882
 3991.1670 0.882
 3991.2666 0.882
 3991.3662 0.882
 3991.4658 0.882
 3991.5654 0.882
 3991.6650 0.883
 3991.7646 0.883
 3991.8643 0.883
 3991.9639 0.883
 3992.0635 0.883
 3992.1631 0.883
 3992.2627 0.883
 3992.3623 0.883
 3992.4619 0.883
 3992.5615 0.883
 3992.6611 0.883
 3992.7607 0.883
 3992.8604 0.883
 3992.9600 0.883
 3993.0596 0.883
 3993.1592 0.882
 3993.2588 0.882
 3993.3584 0.882
 3993.4580 0.882
 3993.5576 0.882
 3993.6572 0.882
 3993.7568 0.882
 3993.8564 0.882
 3993.9561 0.883
 3994.0557 0.883
 3994.1553 0.883
 3994.2549 0.883
 3994.3545 0.883
 3994.4541 0.883
 3994.5537 0.883
 3994.6533 0.883
 3994.7529 0.883
 3994.8525 0.882
 3994.9521 0.882
 3995.0518 0.882
 3995.1514 0.882
 3995.2510 0.882
 3995.3506 0.882
 3995.4502 0.882
 3995.5498 0.882
 3995.6494 0.882
 3995.7490 0.883
 3995.8486 0.883
 3995.9482 0.883
 3996.0479 0.883
 3996.1475 0.883
 3996.2471 0.883
 3996.3467 0.883
 3996.4463 0.883
 3996.5459 0.883
 3996.6455 0.883
 3996.7451 0.883
 3996.8447 0.883
 3996.9443 0.883
 3997.0439 0.883
 3997.1436 0.883
 3997.2432 0.883
 3997.3428 0.883
 3997.4424 0.883
 3997.5420 0.883
 3997.6416 0.883
 3997.7412 0.884
 3997.8408 0.884
 3997.9404 0.884
 3998.0400 0.884
 3998.1396 0.884
 3998.2393 0.884
 3998.3389 0.884
 3998.4385 0.884
 3998.5381 0.884
 3998.6377 0.884
 3998.7373 0.884
 3998.8369 0.884
 3998.9365 0.884
 3999.0361 0.884
 3999.1357 0.883
 3999.2354 0.883
 3999.3350 0.883
 3999.4346 0.883
 3999.5342 0.883
 3999.6338 0.883
 3999.7334 0.884
 3999.8330 0.884
 3999.9326 0.884
 4000.0322 0.884
 4000.1318 0.884
 4000.2314 0.884
 4000.3311 0.884
 4000.4307 0.884
 4000.5303 0.884
 4000.6299 0.884
 4000.7295 0.884
 4000.8291 0.884
 4000.9287 0.884
 4001.0283 0.884
 4001.1279 0.884
 4001.2275 0.884
 4001.3271 0.884
 4001.4268 0.884
 4001.5264 0.884
 4001.6260 0.884
 4001.7256 0.884
 4001.8252 0.884
 4001.9248 0.884
 4002.0244 0.884
 4002.1240 0.884
 4002.2236 0.884
 4002.3232 0.884
 4002.4229 0.884
 4002.5225 0.884
 4002.6221 0.884
 4002.7217 0.884
 4002.8213 0.884
 4002.9209 0.884
 4003.0205 0.884
 4003.1201 0.884
 4003.2197 0.885
 4003.3193 0.885
 4003.4189 0.885
 4003.5186 0.884
 4003.6182 0.884
 4003.7178 0.884
 4003.8174 0.884
 4003.9170 0.884
 4004.0166 0.884
 4004.1162 0.884
 4004.2158 0.884
 4004.3154 0.884
 4004.4150 0.884
 4004.5146 0.884
 4004.6143 0.884
 4004.7139 0.884
 4004.8135 0.884
 4004.9131 0.884
 4005.0127 0.885
 4005.1123 0.885
 4005.2119 0.885
 4005.3115 0.885
 4005.4111 0.885
 4005.5107 0.885
 4005.6104 0.885
 4005.7100 0.885
 4005.8096 0.885
 4005.9092 0.885
 4006.0088 0.885
 4006.1084 0.885
 4006.2080 0.885
 4006.3076 0.885
 4006.4072 0.885
 4006.5068 0.885
 4006.6064 0.885
 4006.7061 0.885
 4006.8057 0.885
 4006.9053 0.885
 4007.0049 0.885
 4007.1045 0.885
 4007.2041 0.885
 4007.3037 0.884
 4007.4033 0.884
 4007.5029 0.884
 4007.6025 0.884
 4007.7021 0.884
 4007.8018 0.884
 4007.9014 0.884
 4008.0010 0.884
 4008.1006 0.884
 4008.2002 0.885
 4008.2998 0.885
 4008.3994 0.885
 4008.4990 0.885
 4008.5986 0.885
 4008.6982 0.885
 4008.7979 0.885
 4008.8975 0.885
 4008.9971 0.885
 4009.0967 0.885
 4009.1963 0.885
 4009.2959 0.885
 4009.3955 0.885
 4009.4951 0.885
 4009.5947 0.885
 4009.6943 0.885
 4009.7939 0.885
 4009.8936 0.885
 4009.9932 0.885
 4010.0928 0.885
 4010.1924 0.885
 4010.2920 0.885
 4010.3916 0.885
 4010.4912 0.885
 4010.5908 0.885
 4010.6904 0.885
 4010.7900 0.885
 4010.8896 0.885
 4010.9893 0.886
 4011.0889 0.886
 4011.1885 0.886
 4011.2881 0.886
 4011.3877 0.886
 4011.4873 0.886
 4011.5869 0.886
 4011.6865 0.886
 4011.7861 0.886
 4011.8857 0.885
 4011.9854 0.885
 4012.0850 0.885
 4012.1846 0.885
 4012.2842 0.885
 4012.3838 0.885
 4012.4834 0.885
 4012.5830 0.885
 4012.6826 0.885
 4012.7822 0.886
 4012.8818 0.886
 4012.9814 0.886
 4013.0811 0.886
 4013.1807 0.886
 4013.2803 0.886
 4013.3799 0.886
 4013.4795 0.886
 4013.5791 0.886
 4013.6787 0.886
 4013.7783 0.886
 4013.8779 0.886
 4013.9775 0.886
 4014.0771 0.886
 4014.1768 0.886
 4014.2764 0.886
 4014.3760 0.886
 4014.4756 0.886
 4014.5752 0.886
 4014.6748 0.886
 4014.7744 0.886
 4014.8740 0.886
 4014.9736 0.886
 4015.0732 0.886
 4015.1729 0.886
 4015.2725 0.886
 4015.3721 0.886
 4015.4717 0.886
 4015.5713 0.886
 4015.6709 0.886
 4015.7705 0.886
 4015.8701 0.886
 4015.9697 0.885
 4016.0693 0.885
 4016.1689 0.885
 4016.2686 0.885
 4016.3682 0.885
 4016.4678 0.886
 4016.5674 0.886
 4016.6670 0.886
 4016.7666 0.886
 4016.8662 0.886
 4016.9658 0.886
 4017.0654 0.886
 4017.1650 0.886
 4017.2646 0.886
 4017.3643 0.886
 4017.4639 0.886
 4017.5635 0.886
 4017.6631 0.886
 4017.7627 0.887
 4017.8623 0.887
 4017.9619 0.887
 4018.0615 0.887
 4018.1611 0.887
 4018.2607 0.887
 4018.3604 0.887
 4018.4600 0.887
 4018.5596 0.887
 4018.6592 0.887
 4018.7588 0.887
 4018.8584 0.887
 4018.9580 0.887
 4019.0576 0.887
 4019.1572 0.887
 4019.2568 0.887
 4019.3564 0.887
 4019.4561 0.887
 4019.5557 0.887
 4019.6553 0.887
 4019.7549 0.887
 4019.8545 0.887
 4019.9541 0.887
 4020.0537 0.887
 4020.1533 0.887
 4020.2529 0.887
 4020.3525 0.887
 4020.4521 0.887
 4020.5518 0.887
 4020.6514 0.887
 4020.7510 0.887
 4020.8506 0.887
 4020.9502 0.887
 4021.0498 0.887
 4021.1494 0.887
 4021.2490 0.887
 4021.3486 0.887
 4021.4482 0.887
 4021.5479 0.887
 4021.6475 0.887
 4021.7471 0.887
 4021.8467 0.887
 4021.9463 0.887
 4022.0459 0.887
 4022.1455 0.887
 4022.2451 0.887
 4022.3447 0.888
 4022.4443 0.888
 4022.5439 0.888
 4022.6436 0.888
 4022.7432 0.887
 4022.8428 0.887
 4022.9424 0.887
 4023.0420 0.887
 4023.1416 0.887
 4023.2412 0.887
 4023.3408 0.887
 4023.4404 0.887
 4023.5400 0.887
 4023.6396 0.887
 4023.7393 0.887
 4023.8389 0.887
 4023.9385 0.888
 4024.0381 0.888
 4024.1377 0.888
 4024.2373 0.888
 4024.3369 0.888
 4024.4365 0.888
 4024.5361 0.888
 4024.6357 0.888
 4024.7354 0.888
 4024.8350 0.888
 4024.9346 0.888
 4025.0342 0.888
 4025.1338 0.888
 4025.2334 0.888
 4025.3330 0.888
 4025.4326 0.888
 4025.5322 0.888
 4025.6318 0.888
 4025.7314 0.888
 4025.8311 0.887
 4025.9307 0.887
 4026.0303 0.887
 4026.1299 0.887
 4026.2295 0.887
 4026.3291 0.887
 4026.4287 0.887
 4026.5283 0.888
 4026.6279 0.888
 4026.7275 0.888
 4026.8271 0.888
 4026.9268 0.888
 4027.0264 0.888
 4027.1260 0.888
 4027.2256 0.888
 4027.3252 0.888
 4027.4248 0.888
 4027.5244 0.888
 4027.6240 0.888
 4027.7236 0.888
 4027.8232 0.888
 4027.9229 0.888
 4028.0225 0.888
 4028.1221 0.888
 4028.2217 0.888
 4028.3213 0.888
 4028.4209 0.888
 4028.5205 0.888
 4028.6201 0.888
 4028.7197 0.888
 4028.8193 0.889
 4028.9189 0.889
 4029.0186 0.889
 4029.1182 0.889
 4029.2178 0.888
 4029.3174 0.888
 4029.4170 0.888
 4029.5166 0.888
 4029.6162 0.888
 4029.7158 0.888
 4029.8154 0.888
 4029.9150 0.888
 4030.0146 0.888
 4030.1143 0.888
 4030.2139 0.888
 4030.3135 0.888
 4030.4131 0.888
 4030.5127 0.888
 4030.6123 0.889
 4030.7119 0.889
 4030.8115 0.889
 4030.9111 0.889
 4031.0107 0.889
 4031.1104 0.889
 4031.2100 0.888
 4031.3096 0.888
 4031.4092 0.888
 4031.5088 0.888
 4031.6084 0.888
 4031.7080 0.888
 4031.8076 0.888
 4031.9072 0.888
 4032.0068 0.888
 4032.1064 0.889
 4032.2061 0.889
 4032.3057 0.889
 4032.4053 0.889
 4032.5049 0.889
 4032.6045 0.889
 4032.7041 0.889
 4032.8037 0.889
 4032.9033 0.889
 4033.0029 0.889
 4033.1025 0.889
 4033.2021 0.889
 4033.3018 0.889
 4033.4014 0.888
 4033.5010 0.888
 4033.6006 0.888
 4033.7002 0.888
 4033.7998 0.888
 4033.8994 0.888
 4033.9990 0.889
 4034.0986 0.889
 4034.1982 0.889
 4034.2979 0.889
 4034.3975 0.889
 4034.4971 0.889
 4034.5967 0.889
 4034.6963 0.889
 4034.7959 0.889
 4034.8955 0.889
 4034.9951 0.888
 4035.0947 0.888
 4035.1943 0.888
 4035.2939 0.889
 4035.3936 0.889
 4035.4932 0.889
 4035.5928 0.889
 4035.6924 0.889
 4035.7920 0.889
 4035.8916 0.889
 4035.9912 0.889
 4036.0908 0.890
 4036.1904 0.890
 4036.2900 0.890
 4036.3896 0.890
 4036.4893 0.890
 4036.5889 0.890
 4036.6885 0.890
 4036.7881 0.890
 4036.8877 0.890
 4036.9873 0.890
 4037.0869 0.890
 4037.1865 0.890
 4037.2861 0.889
 4037.3857 0.889
 4037.4854 0.889
 4037.5850 0.889
 4037.6846 0.889
 4037.7842 0.889
 4037.8838 0.889
 4037.9834 0.889
 4038.0830 0.889
 4038.1826 0.889
 4038.2822 0.889
 4038.3818 0.889
 4038.4814 0.889
 4038.5811 0.890
 4038.6807 0.890
 4038.7803 0.890
 4038.8799 0.890
 4038.9795 0.890
 4039.0791 0.890
 4039.1787 0.890
 4039.2783 0.890
 4039.3779 0.890
 4039.4775 0.890
 4039.5771 0.890
 4039.6768 0.890
 4039.7764 0.890
 4039.8760 0.890
 4039.9756 0.890
 4040.0752 0.890
 4040.1748 0.890
 4040.2744 0.890
 4040.3740 0.890
 4040.4736 0.890
 4040.5732 0.890
 4040.6729 0.890
 4040.7725 0.890
 4040.8721 0.891
 4040.9717 0.890
 4041.0713 0.890
 4041.1709 0.890
 4041.2705 0.890
 4041.3701 0.890
 4041.4697 0.890
 4041.5693 0.890
 4041.6689 0.890
 4041.7686 0.890
 4041.8682 0.890
 4041.9678 0.890
 4042.0674 0.891
 4042.1670 0.891
 4042.2666 0.891
 4042.3662 0.891
 4042.4658 0.891
 4042.5654 0.891
 4042.6650 0.891
 4042.7646 0.891
 4042.8643 0.891
 4042.9639 0.891
 4043.0635 0.891
 4043.1631 0.891
 4043.2627 0.891
 4043.3623 0.891
 4043.4619 0.890
 4043.5615 0.890
 4043.6611 0.890
 4043.7607 0.890
 4043.8604 0.890
 4043.9600 0.890
 4044.0596 0.890
 4044.1592 0.891
 4044.2588 0.891
 4044.3584 0.891
 4044.4580 0.891
 4044.5576 0.891
 4044.6572 0.891
 4044.7568 0.891
 4044.8564 0.891
 4044.9561 0.891
 4045.0557 0.891
 4045.1553 0.891
 4045.2549 0.891
 4045.3545 0.891
 4045.4541 0.891
 4045.5537 0.891
 4045.6533 0.891
 4045.7529 0.891
 4045.8525 0.891
 4045.9521 0.891
 4046.0518 0.891
 4046.1514 0.891
 4046.2510 0.891
 4046.3506 0.891
 4046.4502 0.891
 4046.5498 0.891
 4046.6494 0.891
 4046.7490 0.891
 4046.8486 0.891
 4046.9482 0.891
 4047.0479 0.891
 4047.1475 0.891
 4047.2471 0.892
 4047.3467 0.891
 4047.4463 0.891
 4047.5459 0.891
 4047.6455 0.891
 4047.7451 0.891
 4047.8447 0.891
 4047.9443 0.891
 4048.0439 0.891
 4048.1436 0.891
 4048.2432 0.891
 4048.3428 0.891
 4048.4424 0.891
 4048.5420 0.891
 4048.6416 0.891
 4048.7412 0.891
 4048.8408 0.892
 4048.9404 0.892
 4049.0400 0.892
 4049.1396 0.892
 4049.2393 0.892
 4049.3389 0.892
 4049.4385 0.892
 4049.5381 0.892
 4049.6377 0.891
 4049.7373 0.891
 4049.8369 0.891
 4049.9365 0.891
 4050.0361 0.891
 4050.1357 0.891
 4050.2354 0.891
 4050.3350 0.891
 4050.4346 0.891
 4050.5342 0.892
 4050.6338 0.892
 4050.7334 0.892
 4050.8330 0.892
 4050.9326 0.892
 4051.0322 0.892
 4051.1318 0.892
 4051.2314 0.892
 4051.3311 0.892
 4051.4307 0.892
 4051.5303 0.892
 4051.6299 0.892
 4051.7295 0.892
 4051.8291 0.892
 4051.9287 0.892
 4052.0283 0.892
 4052.1279 0.892
 4052.2275 0.892
 4052.3271 0.892
 4052.4268 0.892
 4052.5264 0.892
 4052.6260 0.892
 4052.7256 0.892
 4052.8252 0.892
 4052.9248 0.892
 4053.0244 0.892
 4053.1240 0.892
 4053.2236 0.892
 4053.3232 0.892
 4053.4229 0.892
 4053.5225 0.892
 4053.6221 0.892
 4053.7217 0.892
 4053.8213 0.892
 4053.9209 0.892
 4054.0205 0.892
 4054.1201 0.892
 4054.2197 0.892
 4054.3193 0.892
 4054.4189 0.892
 4054.5186 0.892
 4054.6182 0.892
 4054.7178 0.892
 4054.8174 0.892
 4054.9170 0.892
 4055.0166 0.892
 4055.1162 0.893
 4055.2158 0.893
 4055.3154 0.893
 4055.4150 0.893
 4055.5146 0.893
 4055.6143 0.893
 4055.7139 0.893
 4055.8135 0.893
 4055.9131 0.893
 4056.0127 0.893
 4056.1123 0.893
 4056.2119 0.893
 4056.3115 0.893
 4056.4111 0.893
 4056.5107 0.892
 4056.6104 0.892
 4056.7100 0.892
 4056.8096 0.892
 4056.9092 0.892
 4057.0088 0.892
 4057.1084 0.892
 4057.2080 0.892
 4057.3076 0.892
 4057.4072 0.892
 4057.5068 0.893
 4057.6064 0.893
 4057.7061 0.893
 4057.8057 0.893
 4057.9053 0.893
 4058.0049 0.893
 4058.1045 0.893
 4058.2041 0.893
 4058.3037 0.893
 4058.4033 0.893
 4058.5029 0.893
 4058.6025 0.893
 4058.7021 0.893
 4058.8018 0.892
 4058.9014 0.892
 4059.0010 0.892
 4059.1006 0.892
 4059.2002 0.892
 4059.2998 0.892
 4059.3994 0.893
 4059.4990 0.893
 4059.5986 0.893
 4059.6982 0.893
 4059.7979 0.893
 4059.8975 0.893
 4059.9971 0.893
 4060.0967 0.893
 4060.1963 0.893
 4060.2959 0.893
 4060.3955 0.893
 4060.4951 0.893
 4060.5947 0.892
 4060.6943 0.892
 4060.7939 0.892
 4060.8936 0.893
 4060.9932 0.893
 4061.0928 0.893
 4061.1924 0.893
 4061.2920 0.893
 4061.3916 0.893
 4061.4912 0.893
 4061.5908 0.893
 4061.6904 0.893
 4061.7900 0.893
 4061.8896 0.893
 4061.9893 0.893
 4062.0889 0.893
 4062.1885 0.893
 4062.2881 0.892
 4062.3877 0.892
 4062.4873 0.892
 4062.5869 0.893
 4062.6865 0.893
 4062.7861 0.893
 4062.8857 0.893
 4062.9854 0.893
 4063.0850 0.893
 4063.1846 0.893
 4063.2842 0.893
 4063.3838 0.893
 4063.4834 0.893
 4063.5830 0.893
 4063.6826 0.893
 4063.7822 0.893
 4063.8818 0.893
 4063.9814 0.893
 4064.0811 0.893
 4064.1807 0.893
 4064.2803 0.893
 4064.3799 0.893
 4064.4795 0.893
 4064.5791 0.893
 4064.6787 0.893
 4064.7783 0.893
 4064.8779 0.893
 4064.9775 0.893
 4065.0771 0.893
 4065.1768 0.893
 4065.2764 0.893
 4065.3760 0.893
 4065.4756 0.893
 4065.5752 0.893
 4065.6748 0.894
 4065.7744 0.894
 4065.8740 0.894
 4065.9736 0.894
 4066.0732 0.893
 4066.1729 0.893
 4066.2725 0.893
 4066.3721 0.893
 4066.4717 0.893
 4066.5713 0.893
 4066.6709 0.893
 4066.7705 0.893
 4066.8701 0.893
 4066.9697 0.893
 4067.0693 0.894
 4067.1689 0.894
 4067.2686 0.894
 4067.3682 0.894
 4067.4678 0.894
 4067.5674 0.894
 4067.6670 0.894
 4067.7666 0.894
 4067.8662 0.894
 4067.9658 0.894
 4068.0654 0.894
 4068.1650 0.894
 4068.2646 0.894
 4068.3643 0.894
 4068.4639 0.894
 4068.5635 0.894
 4068.6631 0.894
 4068.7627 0.894
 4068.8623 0.894
 4068.9619 0.894
 4069.0615 0.894
 4069.1611 0.893
 4069.2607 0.893
 4069.3604 0.893
 4069.4600 0.893
 4069.5596 0.893
 4069.6592 0.893
 4069.7588 0.894
 4069.8584 0.894
 4069.9580 0.894
 4070.0576 0.894
 4070.1572 0.894
 4070.2568 0.894
 4070.3564 0.894
 4070.4561 0.894
 4070.5557 0.894
 4070.6553 0.894
 4070.7549 0.894
 4070.8545 0.894
 4070.9541 0.894
 4071.0537 0.894
 4071.1533 0.894
 4071.2529 0.894
 4071.3525 0.894
 4071.4521 0.894
 4071.5518 0.894
 4071.6514 0.894
 4071.7510 0.894
 4071.8506 0.894
 4071.9502 0.894
 4072.0498 0.894
 4072.1494 0.894
 4072.2490 0.894
 4072.3486 0.894
 4072.4482 0.895
 4072.5479 0.894
 4072.6475 0.895
 4072.7471 0.894
 4072.8467 0.894
 4072.9463 0.894
 4073.0459 0.895
 4073.1455 0.895
 4073.2451 0.895
 4073.3447 0.895
 4073.4443 0.895
 4073.5439 0.895
 4073.6436 0.895
 4073.7432 0.895
 4073.8428 0.895
 4073.9424 0.895
 4074.0420 0.895
 4074.1416 0.895
 4074.2412 0.895
 4074.3408 0.895
 4074.4404 0.895
 4074.5400 0.895
 4074.6396 0.895
 4074.7393 0.895
 4074.8389 0.895
 4074.9385 0.895
 4075.0381 0.895
 4075.1377 0.895
 4075.2373 0.895
 4075.3369 0.895
 4075.4365 0.895
 4075.5361 0.894
 4075.6357 0.894
 4075.7354 0.894
 4075.8350 0.894
 4075.9346 0.894
 4076.0342 0.894
 4076.1338 0.894
 4076.2334 0.894
 4076.3330 0.894
 4076.4326 0.894
 4076.5322 0.894
 4076.6318 0.895
 4076.7314 0.895
 4076.8311 0.895
 4076.9307 0.895
 4077.0303 0.895
 4077.1299 0.895
 4077.2295 0.895
 4077.3291 0.895
 4077.4287 0.895
 4077.5283 0.895
 4077.6279 0.895
 4077.7275 0.895
 4077.8271 0.895
 4077.9268 0.895
 4078.0264 0.895
 4078.1260 0.895
 4078.2256 0.894
 4078.3252 0.894
 4078.4248 0.894
 4078.5244 0.894
 4078.6240 0.894
 4078.7236 0.894
 4078.8232 0.895
 4078.9229 0.895
 4079.0225 0.895
 4079.1221 0.895
 4079.2217 0.895
 4079.3213 0.895
 4079.4209 0.895
 4079.5205 0.895
 4079.6201 0.895
 4079.7197 0.895
 4079.8193 0.895
 4079.9189 0.895
 4080.0186 0.895
 4080.1182 0.895
 4080.2178 0.895
 4080.3174 0.895
 4080.4170 0.895
 4080.5166 0.895
 4080.6162 0.895
 4080.7158 0.895
 4080.8154 0.895
 4080.9150 0.895
 4081.0146 0.895
 4081.1143 0.895
 4081.2139 0.896
 4081.3135 0.896
 4081.4131 0.895
 4081.5127 0.895
 4081.6123 0.895
 4081.7119 0.895
 4081.8115 0.895
 4081.9111 0.895
 4082.0107 0.895
 4082.1104 0.895
 4082.2100 0.895
 4082.3096 0.895
 4082.4092 0.895
 4082.5088 0.895
 4082.6084 0.895
 4082.7080 0.895
 4082.8076 0.895
 4082.9072 0.895
 4083.0068 0.895
 4083.1064 0.895
 4083.2061 0.896
 4083.3057 0.896
 4083.4053 0.896
 4083.5049 0.896
 4083.6045 0.896
 4083.7041 0.896
 4083.8037 0.896
 4083.9033 0.896
 4084.0029 0.896
 4084.1025 0.896
 4084.2021 0.896
 4084.3018 0.896
 4084.4014 0.896
 4084.5010 0.896
 4084.6006 0.896
 4084.7002 0.896
 4084.7998 0.896
 4084.8994 0.896
 4084.9990 0.896
 4085.0986 0.896
 4085.1982 0.896
 4085.2979 0.896
 4085.3975 0.896
 4085.4971 0.896
 4085.5967 0.896
 4085.6963 0.896
 4085.7959 0.896
 4085.8955 0.896
 4085.9951 0.896
 4086.0947 0.895
 4086.1943 0.895
 4086.2939 0.895
 4086.3936 0.895
 4086.4932 0.895
 4086.5928 0.895
 4086.6924 0.895
 4086.7920 0.896
 4086.8916 0.896
 4086.9912 0.896
 4087.0908 0.896
 4087.1904 0.896
 4087.2900 0.896
 4087.3896 0.896
 4087.4893 0.896
 4087.5889 0.896
 4087.6885 0.895
 4087.7881 0.895
 4087.8877 0.895
 4087.9873 0.895
 4088.0869 0.895
 4088.1865 0.895
 4088.2861 0.895
 4088.3857 0.895
 4088.4854 0.895
 4088.5850 0.895
 4088.6846 0.895
 4088.7842 0.896
 4088.8838 0.896
 4088.9834 0.896
 4089.0830 0.896
 4089.1826 0.896
 4089.2822 0.896
 4089.3818 0.896
 4089.4814 0.896
 4089.5811 0.896
 4089.6807 0.896
 4089.7803 0.896
 4089.8799 0.896
 4089.9795 0.896
 4090.0791 0.895
 4090.1787 0.895
 4090.2783 0.895
 4090.3779 0.896
 4090.4775 0.896
 4090.5771 0.896
 4090.6768 0.896
 4090.7764 0.896
 4090.8760 0.896
 4090.9756 0.896
 4091.0752 0.896
 4091.1748 0.896
 4091.2744 0.896
 4091.3740 0.896
 4091.4736 0.896
 4091.5732 0.896
 4091.6729 0.896
 4091.7725 0.896
 4091.8721 0.896
 4091.9717 0.896
 4092.0713 0.896
 4092.1709 0.896
 4092.2705 0.896
 4092.3701 0.896
 4092.4697 0.897
 4092.5693 0.897
 4092.6689 0.897
 4092.7686 0.897
 4092.8682 0.897
 4092.9678 0.897
 4093.0674 0.897
 4093.1670 0.897
 4093.2666 0.897
 4093.3662 0.897
 4093.4658 0.897
 4093.5654 0.897
 4093.6650 0.897
 4093.7646 0.896
 4093.8643 0.896
 4093.9639 0.896
 4094.0635 0.896
 4094.1631 0.896
 4094.2627 0.896
 4094.3623 0.896
 4094.4619 0.896
 4094.5615 0.897
 4094.6611 0.897
 4094.7607 0.897
 4094.8604 0.897
 4094.9600 0.897
 4095.0596 0.897
 4095.1592 0.897
 4095.2588 0.897
 4095.3584 0.897
 4095.4580 0.897
 4095.5576 0.897
 4095.6572 0.897
 4095.7568 0.897
 4095.8564 0.897
 4095.9561 0.897
 4096.0557 0.897
 4096.1553 0.897
 4096.2549 0.897
 4096.3545 0.897
 4096.4541 0.897
 4096.5537 0.897
 4096.6533 0.897
 4096.7529 0.897
 4096.8525 0.897
 4096.9521 0.897
 4097.0518 0.897
 4097.1514 0.897
 4097.2510 0.897
 4097.3506 0.897
 4097.4502 0.897
 4097.5498 0.897
 4097.6494 0.897
 4097.7490 0.898
 4097.8486 0.898
 4097.9482 0.897
 4098.0479 0.897
 4098.1475 0.897
 4098.2471 0.897
 4098.3467 0.897
 4098.4463 0.897
 4098.5459 0.897
 4098.6455 0.897
 4098.7451 0.897
 4098.8447 0.897
 4098.9443 0.897
 4099.0439 0.897
 4099.1436 0.897
 4099.2432 0.897
 4099.3428 0.897
 4099.4424 0.898
 4099.5420 0.898
 4099.6416 0.898
 4099.7412 0.898
 4099.8408 0.898
 4099.9404 0.898
 4100.0400 0.897
 4100.1396 0.897
 4100.2393 0.897
 4100.3389 0.897
 4100.4385 0.897
 4100.5381 0.897
 4100.6377 0.897
 4100.7373 0.897
 4100.8369 0.897
 4100.9365 0.898
 4101.0361 0.898
 4101.1357 0.898
 4101.2354 0.898
 4101.3350 0.898
 4101.4346 0.898
 4101.5342 0.898
 4101.6338 0.898
 4101.7334 0.897
 4101.8330 0.897
 4101.9326 0.897
 4102.0322 0.897
 4102.1318 0.897
 4102.2314 0.897
 4102.3311 0.897
 4102.4307 0.897
 4102.5303 0.897
 4102.6299 0.897
 4102.7295 0.897
 4102.8291 0.897
 4102.9287 0.897
 4103.0283 0.897
 4103.1279 0.897
 4103.2275 0.897
 4103.3271 0.898
 4103.4268 0.898
 4103.5264 0.898
 4103.6260 0.898
 4103.7256 0.898
 4103.8252 0.898
 4103.9248 0.898
 4104.0244 0.898
 4104.1240 0.898
 4104.2236 0.898
 4104.3232 0.898
 4104.4229 0.898
 4104.5225 0.898
 4104.6221 0.898
 4104.7217 0.898
 4104.8213 0.898
 4104.9209 0.898
 4105.0205 0.898
 4105.1201 0.899
 4105.2197 0.899
 4105.3193 0.899
 4105.4189 0.899
 4105.5186 0.899
 4105.6182 0.899
 4105.7178 0.899
 4105.8174 0.899
 4105.9170 0.899
 4106.0166 0.898
 4106.1162 0.898
 4106.2158 0.898
 4106.3154 0.898
 4106.4150 0.898
 4106.5146 0.898
 4106.6143 0.898
 4106.7139 0.898
 4106.8135 0.898
 4106.9131 0.899
 4107.0127 0.899
 4107.1123 0.899
 4107.2119 0.899
 4107.3115 0.899
 4107.4111 0.899
 4107.5107 0.899
 4107.6104 0.899
 4107.7100 0.899
 4107.8096 0.899
 4107.9092 0.899
 4108.0088 0.899
 4108.1084 0.899
 4108.2080 0.899
 4108.3076 0.899
 4108.4072 0.899
 4108.5068 0.899
 4108.6064 0.899
 4108.7061 0.899
 4108.8057 0.899
 4108.9053 0.899
 4109.0049 0.899
 4109.1045 0.899
 4109.2041 0.899
 4109.3037 0.899
 4109.4033 0.899
 4109.5029 0.899
 4109.6025 0.898
 4109.7021 0.898
 4109.8018 0.898
 4109.9014 0.898
 4110.0010 0.899
 4110.1006 0.899
 4110.2002 0.899
 4110.2998 0.899
 4110.3994 0.899
 4110.4990 0.899
 4110.5986 0.899
 4110.6982 0.899
 4110.7979 0.899
 4110.8975 0.900
 4110.9971 0.900
 4111.0967 0.900
 4111.1963 0.900
 4111.2959 0.900
 4111.3955 0.900
 4111.4951 0.900
 4111.5947 0.900
 4111.6943 0.899
 4111.7939 0.899
 4111.8936 0.899
 4111.9932 0.899
 4112.0928 0.899
 4112.1924 0.899
 4112.2920 0.899
 4112.3916 0.899
 4112.4912 0.899
 4112.5908 0.900
 4112.6904 0.900
 4112.7900 0.900
 4112.8896 0.900
 4112.9893 0.900
 4113.0889 0.900
 4113.1885 0.900
 4113.2881 0.900
 4113.3877 0.900
 4113.4873 0.900
 4113.5869 0.900
 4113.6865 0.900
 4113.7861 0.900
 4113.8857 0.900
 4113.9854 0.900
 4114.0850 0.900
 4114.1846 0.900
 4114.2842 0.900
 4114.3838 0.900
 4114.4834 0.900
 4114.5830 0.900
 4114.6826 0.900
 4114.7822 0.900
 4114.8818 0.900
 4114.9814 0.900
 4115.0811 0.900
 4115.1807 0.900
 4115.2803 0.900
 4115.3799 0.900
 4115.4795 0.900
 4115.5791 0.900
 4115.6787 0.900
 4115.7783 0.900
 4115.8779 0.900
 4115.9775 0.900
 4116.0771 0.900
 4116.1768 0.900
 4116.2764 0.900
 4116.3760 0.899
 4116.4756 0.899
 4116.5752 0.899
 4116.6748 0.900
 4116.7744 0.900
 4116.8740 0.900
 4116.9736 0.900
 4117.0732 0.900
 4117.1729 0.900
 4117.2725 0.900
 4117.3721 0.900
 4117.4717 0.900
 4117.5713 0.900
 4117.6709 0.900
 4117.7705 0.900
 4117.8701 0.900
 4117.9697 0.900
 4118.0693 0.901
 4118.1689 0.901
 4118.2686 0.901
 4118.3682 0.901
 4118.4678 0.901
 4118.5674 0.900
 4118.6670 0.900
 4118.7666 0.900
 4118.8662 0.900
 4118.9658 0.900
 4119.0654 0.900
 4119.1650 0.900
 4119.2646 0.900
 4119.3643 0.900
 4119.4639 0.900
 4119.5635 0.901
 4119.6631 0.901
 4119.7627 0.901
 4119.8623 0.901
 4119.9619 0.901
 4120.0615 0.901
 4120.1611 0.901
 4120.2607 0.901
 4120.3604 0.901
 4120.4600 0.901
 4120.5596 0.901
 4120.6592 0.901
 4120.7588 0.901
 4120.8584 0.901
 4120.9580 0.900
 4121.0576 0.900
 4121.1572 0.900
 4121.2568 0.900
 4121.3564 0.900
 4121.4561 0.900
 4121.5557 0.901
 4121.6553 0.901
 4121.7549 0.901
 4121.8545 0.901
 4121.9541 0.901
 4122.0537 0.901
 4122.1533 0.901
 4122.2529 0.901
 4122.3525 0.901
 4122.4521 0.901
 4122.5518 0.901
 4122.6514 0.900
 4122.7510 0.900
 4122.8506 0.900
 4122.9502 0.900
 4123.0498 0.900
 4123.1494 0.901
 4123.2490 0.901
 4123.3486 0.901
 4123.4482 0.901
 4123.5479 0.901
 4123.6475 0.901
 4123.7471 0.901
 4123.8467 0.901
 4123.9463 0.901
 4124.0459 0.901
 4124.1455 0.901
 4124.2451 0.901
 4124.3447 0.901
 4124.4443 0.901
 4124.5439 0.901
 4124.6436 0.901
 4124.7432 0.901
 4124.8428 0.902
 4124.9424 0.902
 4125.0420 0.902
 4125.1416 0.901
 4125.2412 0.901
 4125.3408 0.901
 4125.4404 0.901
 4125.5400 0.901
 4125.6396 0.901
 4125.7393 0.901
 4125.8389 0.901
 4125.9385 0.901
 4126.0381 0.901
 4126.1377 0.901
 4126.2373 0.901
 4126.3369 0.902
 4126.4365 0.902
 4126.5361 0.902
 4126.6357 0.902
 4126.7354 0.902
 4126.8350 0.902
 4126.9346 0.902
 4127.0342 0.902
 4127.1338 0.902
 4127.2334 0.902
 4127.3330 0.902
 4127.4326 0.902
 4127.5322 0.902
 4127.6318 0.901
 4127.7314 0.901
 4127.8311 0.901
 4127.9307 0.901
 4128.0303 0.901
 4128.1299 0.901
 4128.2295 0.901
 4128.3291 0.901
 4128.4287 0.901
 4128.5283 0.902
 4128.6279 0.902
 4128.7275 0.902
 4128.8271 0.902
 4128.9268 0.902
 4129.0264 0.902
 4129.1260 0.902
 4129.2256 0.902
 4129.3252 0.902
 4129.4248 0.902
 4129.5244 0.902
 4129.6240 0.902
 4129.7236 0.902
 4129.8232 0.902
 4129.9229 0.902
 4130.0225 0.902
 4130.1221 0.902
 4130.2217 0.902
 4130.3213 0.902
 4130.4209 0.902
 4130.5205 0.902
 4130.6201 0.902
 4130.7197 0.902
 4130.8193 0.902
 4130.9189 0.902
 4131.0186 0.902
 4131.1182 0.902
 4131.2178 0.902
 4131.3174 0.902
 4131.4170 0.902
 4131.5166 0.902
 4131.6162 0.902
 4131.7158 0.902
 4131.8154 0.902
 4131.9150 0.902
 4132.0146 0.902
 4132.1143 0.902
 4132.2139 0.902
 4132.3135 0.902
 4132.4131 0.902
 4132.5127 0.902
 4132.6123 0.902
 4132.7119 0.902
 4132.8115 0.902
 4132.9111 0.902
 4133.0107 0.902
 4133.1104 0.902
 4133.2100 0.902
 4133.3096 0.902
 4133.4092 0.902
 4133.5088 0.903
 4133.6084 0.903
 4133.7080 0.903
 4133.8076 0.903
 4133.9072 0.903
 4134.0068 0.903
 4134.1064 0.903
 4134.2061 0.902
 4134.3057 0.902
 4134.4053 0.902
 4134.5049 0.902
 4134.6045 0.902
 4134.7041 0.902
 4134.8037 0.902
 4134.9033 0.902
 4135.0029 0.902
 4135.1025 0.902
 4135.2021 0.902
 4135.3018 0.902
 4135.4014 0.903
 4135.5010 0.903
 4135.6006 0.903
 4135.7002 0.903
 4135.7998 0.903
 4135.8994 0.903
 4135.9990 0.903
 4136.0986 0.903
 4136.1982 0.902
 4136.2979 0.902
 4136.3975 0.902
 4136.4971 0.902
 4136.5967 0.902
 4136.6963 0.902
 4136.7959 0.902
 4136.8955 0.902
 4136.9951 0.902
 4137.0947 0.903
 4137.1943 0.903
 4137.2939 0.903
 4137.3936 0.903
 4137.4932 0.903
 4137.5928 0.903
 4137.6924 0.903
 4137.7920 0.903
 4137.8916 0.903
 4137.9912 0.903
 4138.0908 0.903
 4138.1904 0.903
 4138.2900 0.903
 4138.3896 0.903
 4138.4893 0.903
 4138.5889 0.903
 4138.6885 0.903
 4138.7881 0.903
 4138.8877 0.903
 4138.9873 0.903
 4139.0869 0.903
 4139.1865 0.903
 4139.2861 0.903
 4139.3857 0.903
 4139.4854 0.903
 4139.5850 0.903
 4139.6846 0.903
 4139.7842 0.903
 4139.8838 0.903
 4139.9834 0.903
 4140.0830 0.903
 4140.1826 0.903
 4140.2822 0.903
 4140.3818 0.903
 4140.4814 0.903
 4140.5811 0.903
 4140.6807 0.904
 4140.7803 0.904
 4140.8799 0.904
 4140.9795 0.904
 4141.0791 0.904
 4141.1787 0.904
 4141.2783 0.904
 4141.3779 0.904
 4141.4775 0.904
 4141.5771 0.904
 4141.6768 0.904
 4141.7764 0.904
 4141.8760 0.904
 4141.9756 0.904
 4142.0752 0.904
 4142.1748 0.904
 4142.2744 0.904
 4142.3740 0.904
 4142.4736 0.904
 4142.5732 0.904
 4142.6729 0.904
 4142.7725 0.904
 4142.8721 0.904
 4142.9717 0.904
 4143.0713 0.904
 4143.1709 0.904
 4143.2705 0.904
 4143.3701 0.904
 4143.4697 0.904
 4143.5693 0.904
 4143.6689 0.904
 4143.7686 0.904
 4143.8682 0.904
 4143.9678 0.904
 4144.0674 0.905
 4144.1670 0.905
 4144.2666 0.904
 4144.3662 0.904
 4144.4658 0.904
 4144.5654 0.904
 4144.6650 0.904
 4144.7646 0.904
 4144.8643 0.904
 4144.9639 0.904
 4145.0635 0.904
 4145.1631 0.904
 4145.2627 0.904
 4145.3623 0.905
 4145.4619 0.905
 4145.5615 0.905
 4145.6611 0.905
 4145.7607 0.905
 4145.8604 0.905
 4145.9600 0.905
 4146.0596 0.905
 4146.1592 0.904
 4146.2588 0.904
 4146.3584 0.904
 4146.4580 0.904
 4146.5576 0.904
 4146.6572 0.904
 4146.7568 0.904
 4146.8564 0.904
 4146.9561 0.904
 4147.0557 0.904
 4147.1553 0.904
 4147.2549 0.905
 4147.3545 0.905
 4147.4541 0.905
 4147.5537 0.905
 4147.6533 0.905
 4147.7529 0.905
 4147.8525 0.905
 4147.9521 0.905
 4148.0518 0.905
 4148.1514 0.905
 4148.2510 0.905
 4148.3506 0.905
 4148.4502 0.905
 4148.5498 0.905
 4148.6494 0.905
 4148.7490 0.905
 4148.8486 0.905
 4148.9482 0.905
 4149.0479 0.905
 4149.1475 0.905
 4149.2471 0.905
 4149.3467 0.905
 4149.4463 0.905
 4149.5459 0.905
 4149.6455 0.905
 4149.7451 0.905
 4149.8447 0.905
 4149.9443 0.905
 4150.0439 0.905
 4150.1436 0.905
 4150.2432 0.905
 4150.3428 0.905
 4150.4424 0.905
 4150.5420 0.905
 4150.6416 0.905
 4150.7412 0.905
 4150.8408 0.905
 4150.9404 0.905
 4151.0400 0.905
 4151.1396 0.905
 4151.2393 0.905
 4151.3389 0.905
 4151.4385 0.905
 4151.5381 0.905
 4151.6377 0.905
 4151.7373 0.905
 4151.8369 0.905
 4151.9365 0.905
 4152.0361 0.906
 4152.1357 0.905
 4152.2354 0.905
 4152.3350 0.905
 4152.4346 0.905
 4152.5342 0.905
 4152.6338 0.905
 4152.7334 0.905
 4152.8330 0.905
 4152.9326 0.905
 4153.0322 0.905
 4153.1318 0.905
 4153.2314 0.905
 4153.3311 0.905
 4153.4307 0.905
 4153.5303 0.905
 4153.6299 0.905
 4153.7295 0.905
 4153.8291 0.906
 4153.9287 0.906
 4154.0283 0.906
 4154.1279 0.905
 4154.2275 0.905
 4154.3271 0.905
 4154.4268 0.905
 4154.5264 0.905
 4154.6260 0.905
 4154.7256 0.905
 4154.8252 0.905
 4154.9248 0.905
 4155.0244 0.905
 4155.1240 0.905
 4155.2236 0.905
 4155.3232 0.905
 4155.4229 0.905
 4155.5225 0.906
 4155.6221 0.906
 4155.7217 0.906
 4155.8213 0.906
 4155.9209 0.906
 4156.0205 0.906
 4156.1201 0.906
 4156.2197 0.906
 4156.3193 0.906
 4156.4189 0.906
 4156.5186 0.906
 4156.6182 0.905
 4156.7178 0.905
 4156.8174 0.905
 4156.9170 0.905
 4157.0166 0.905
 4157.1162 0.905
 4157.2158 0.905
 4157.3154 0.905
 4157.4150 0.905
 4157.5146 0.906
 4157.6143 0.906
 4157.7139 0.906
 4157.8135 0.906
 4157.9131 0.906
 4158.0127 0.906
 4158.1123 0.906
 4158.2119 0.906
 4158.3115 0.906
 4158.4111 0.905
 4158.5107 0.905
 4158.6104 0.905
 4158.7100 0.905
 4158.8096 0.905
 4158.9092 0.905
 4159.0088 0.905
 4159.1084 0.906
 4159.2080 0.906
 4159.3076 0.906
 4159.4072 0.906
 4159.5068 0.906
 4159.6064 0.906
 4159.7061 0.906
 4159.8057 0.906
 4159.9053 0.906
 4160.0049 0.906
 4160.1045 0.906
 4160.2041 0.906
 4160.3037 0.906
 4160.4033 0.906
 4160.5029 0.906
 4160.6025 0.906
 4160.7021 0.906
 4160.8018 0.906
 4160.9014 0.906
 4161.0010 0.906
 4161.1006 0.906
 4161.2002 0.906
 4161.2998 0.907
 4161.3994 0.907
 4161.4990 0.907
 4161.5986 0.907
 4161.6982 0.907
 4161.7979 0.907
 4161.8975 0.907
 4161.9971 0.907
 4162.0967 0.907
 4162.1963 0.907
 4162.2959 0.907
 4162.3955 0.907
 4162.4951 0.907
 4162.5947 0.907
 4162.6943 0.907
 4162.7939 0.907
 4162.8936 0.907
 4162.9932 0.907
 4163.0928 0.907
 4163.1924 0.907
 4163.2920 0.907
 4163.3916 0.907
 4163.4912 0.907
 4163.5908 0.907
 4163.6904 0.907
 4163.7900 0.907
 4163.8896 0.907
 4163.9893 0.907
 4164.0889 0.907
 4164.1885 0.907
 4164.2881 0.907
 4164.3877 0.907
 4164.4873 0.907
 4164.5869 0.906
 4164.6865 0.906
 4164.7861 0.906
 4164.8857 0.906
 4164.9854 0.906
 4165.0850 0.906
 4165.1846 0.907
 4165.2842 0.907
 4165.3838 0.907
 4165.4834 0.907
 4165.5830 0.907
 4165.6826 0.907
 4165.7822 0.907
 4165.8818 0.907
 4165.9814 0.907
 4166.0811 0.907
 4166.1807 0.907
 4166.2803 0.907
 4166.3799 0.907
 4166.4795 0.907
 4166.5791 0.907
 4166.6787 0.907
 4166.7783 0.907
 4166.8779 0.907
 4166.9775 0.907
 4167.0771 0.907
 4167.1768 0.907
 4167.2764 0.907
 4167.3760 0.907
 4167.4756 0.907
 4167.5752 0.907
 4167.6748 0.907
 4167.7744 0.908
 4167.8740 0.908
 4167.9736 0.908
 4168.0732 0.908
 4168.1729 0.908
 4168.2725 0.908
 4168.3721 0.907
 4168.4717 0.907
 4168.5713 0.907
 4168.6709 0.907
 4168.7705 0.907
 4168.8701 0.907
 4168.9697 0.907
 4169.0693 0.907
 4169.1689 0.907
 4169.2686 0.907
 4169.3682 0.907
 4169.4678 0.908
 4169.5674 0.908
 4169.6670 0.908
 4169.7666 0.908
 4169.8662 0.908
 4169.9658 0.908
 4170.0654 0.908
 4170.1650 0.908
 4170.2646 0.908
 4170.3643 0.908
 4170.4639 0.908
 4170.5635 0.908
 4170.6631 0.908
 4170.7627 0.908
 4170.8623 0.908
 4170.9619 0.907
 4171.0615 0.907
 4171.1611 0.907
 4171.2607 0.907
 4171.3604 0.907
 4171.4600 0.907
 4171.5596 0.907
 4171.6592 0.907
 4171.7588 0.907
 4171.8584 0.907
 4171.9580 0.908
 4172.0576 0.908
 4172.1572 0.908
 4172.2568 0.908
 4172.3564 0.908
 4172.4561 0.908
 4172.5557 0.908
 4172.6553 0.908
 4172.7549 0.908
 4172.8545 0.908
 4172.9541 0.908
 4173.0537 0.908
 4173.1533 0.908
 4173.2529 0.908
 4173.3525 0.908
 4173.4521 0.908
 4173.5518 0.908
 4173.6514 0.908
 4173.7510 0.909
 4173.8506 0.909
 4173.9502 0.909
 4174.0498 0.909
 4174.1494 0.909
 4174.2490 0.908
 4174.3486 0.908
 4174.4482 0.908
 4174.5479 0.908
 4174.6475 0.908
 4174.7471 0.908
 4174.8467 0.908
 4174.9463 0.908
 4175.0459 0.908
 4175.1455 0.908
 4175.2451 0.908
 4175.3447 0.908
 4175.4443 0.908
 4175.5439 0.909
 4175.6436 0.909
 4175.7432 0.909
 4175.8428 0.909
 4175.9424 0.909
 4176.0420 0.909
 4176.1416 0.908
 4176.2412 0.908
 4176.3408 0.908
 4176.4404 0.908
 4176.5400 0.908
 4176.6396 0.908
 4176.7393 0.908
 4176.8389 0.908
 4176.9385 0.908
 4177.0381 0.908
 4177.1377 0.908
 4177.2373 0.908
 4177.3369 0.908
 4177.4365 0.908
 4177.5361 0.909
 4177.6357 0.909
 4177.7354 0.909
 4177.8350 0.909
 4177.9346 0.909
 4178.0342 0.909
 4178.1338 0.909
 4178.2334 0.909
 4178.3330 0.909
 4178.4326 0.909
 4178.5322 0.909
 4178.6318 0.909
 4178.7314 0.909
 4178.8311 0.909
 4178.9307 0.909
 4179.0303 0.908
 4179.1299 0.908
 4179.2295 0.908
 4179.3291 0.908
 4179.4287 0.908
 4179.5283 0.909
 4179.6279 0.909
 4179.7275 0.909
 4179.8271 0.909
 4179.9268 0.909
 4180.0264 0.909
 4180.1260 0.909
 4180.2256 0.909
 4180.3252 0.909
 4180.4248 0.909
 4180.5244 0.909
 4180.6240 0.909
 4180.7236 0.909
 4180.8232 0.909
 4180.9229 0.909
 4181.0225 0.909
 4181.1221 0.909
 4181.2217 0.909
 4181.3213 0.909
 4181.4209 0.909
 4181.5205 0.910
 4181.6201 0.910
 4181.7197 0.910
 4181.8193 0.910
 4181.9189 0.910
 4182.0186 0.910
 4182.1182 0.910
 4182.2178 0.910
 4182.3174 0.909
 4182.4170 0.909
 4182.5166 0.909
 4182.6162 0.909
 4182.7158 0.909
 4182.8154 0.909
 4182.9150 0.909
 4183.0146 0.909
 4183.1143 0.909
 4183.2139 0.910
 4183.3135 0.910
 4183.4131 0.910
 4183.5127 0.910
 4183.6123 0.910
 4183.7119 0.910
 4183.8115 0.910
 4183.9111 0.910
 4184.0107 0.910
 4184.1104 0.909
 4184.2100 0.909
 4184.3096 0.909
 4184.4092 0.909
 4184.5088 0.909
 4184.6084 0.909
 4184.7080 0.909
 4184.8076 0.909
 4184.9072 0.909
 4185.0068 0.909
 4185.1064 0.909
 4185.2061 0.909
 4185.3057 0.909
 4185.4053 0.910
 4185.5049 0.910
 4185.6045 0.910
 4185.7041 0.910
 4185.8037 0.910
 4185.9033 0.910
 4186.0029 0.910
 4186.1025 0.910
 4186.2021 0.910
 4186.3018 0.910
 4186.4014 0.910
 4186.5010 0.910
 4186.6006 0.910
 4186.7002 0.910
 4186.7998 0.910
 4186.8994 0.911
 4186.9990 0.911
 4187.0986 0.911
 4187.1982 0.911
 4187.2979 0.911
 4187.3975 0.911
 4187.4971 0.911
 4187.5967 0.911
 4187.6963 0.911
 4187.7959 0.911
 4187.8955 0.911
 4187.9951 0.910
 4188.0947 0.910
 4188.1943 0.910
 4188.2939 0.910
 4188.3936 0.910
 4188.4932 0.910
 4188.5928 0.910
 4188.6924 0.910
 4188.7920 0.910
 4188.8916 0.910
 4188.9912 0.910
 4189.0908 0.910
 4189.1904 0.910
 4189.2900 0.911
 4189.3896 0.911
 4189.4893 0.911
 4189.5889 0.911
 4189.6885 0.911
 4189.7881 0.911
 4189.8877 0.911
 4189.9873 0.911
 4190.0869 0.911
 4190.1865 0.911
 4190.2861 0.911
 4190.3857 0.911
 4190.4854 0.911
 4190.5850 0.911
 4190.6846 0.911
 4190.7842 0.910
 4190.8838 0.910
 4190.9834 0.910
 4191.0830 0.910
 4191.1826 0.910
 4191.2822 0.910
 4191.3818 0.910
 4191.4814 0.910
 4191.5811 0.911
 4191.6807 0.911
 4191.7803 0.911
 4191.8799 0.911
 4191.9795 0.911
 4192.0791 0.911
 4192.1787 0.911
 4192.2783 0.911
 4192.3779 0.911
 4192.4775 0.911
 4192.5771 0.911
 4192.6768 0.911
 4192.7764 0.911
 4192.8760 0.911
 4192.9756 0.911
 4193.0752 0.911
 4193.1748 0.911
 4193.2744 0.912
 4193.3740 0.912
 4193.4736 0.912
 4193.5732 0.912
 4193.6729 0.912
 4193.7725 0.912
 4193.8721 0.912
 4193.9717 0.912
 4194.0713 0.912
 4194.1709 0.911
 4194.2705 0.911
 4194.3701 0.911
 4194.4697 0.911
 4194.5693 0.911
 4194.6689 0.911
 4194.7686 0.911
 4194.8682 0.911
 4194.9678 0.911
 4195.0674 0.912
 4195.1670 0.912
 4195.2666 0.912
 4195.3662 0.912
 4195.4658 0.912
 4195.5654 0.912
 4195.6650 0.912
 4195.7646 0.912
 4195.8643 0.912
 4195.9639 0.912
 4196.0635 0.911
 4196.1631 0.911
 4196.2627 0.911
 4196.3623 0.911
 4196.4619 0.911
 4196.5615 0.911
 4196.6611 0.911
 4196.7607 0.911
 4196.8604 0.912
 4196.9600 0.912
 4197.0596 0.912
 4197.1592 0.912
 4197.2588 0.912
 4197.3584 0.912
 4197.4580 0.912
 4197.5576 0.912
 4197.6572 0.912
 4197.7568 0.912
 4197.8564 0.912
 4197.9561 0.912
 4198.0557 0.912
 4198.1553 0.912
 4198.2549 0.912
 4198.3545 0.912
 4198.4541 0.912
 4198.5537 0.912
 4198.6533 0.912
 4198.7529 0.912
 4198.8525 0.912
 4198.9521 0.912
 4199.0518 0.912
 4199.1514 0.912
 4199.2510 0.912
 4199.3506 0.912
 4199.4502 0.912
 4199.5498 0.912
 4199.6494 0.912
 4199.7490 0.912
 4199.8486 0.912
 4199.9482 0.913
 4200.0479 0.913
 4200.1475 0.913
 4200.2471 0.913
 4200.3467 0.913
 4200.4463 0.913
 4200.5459 0.913
 4200.6455 0.912
 4200.7451 0.912
 4200.8447 0.912
 4200.9443 0.912
 4201.0439 0.912
 4201.1436 0.912
 4201.2432 0.912
 4201.3428 0.912
 4201.4424 0.912
 4201.5420 0.912
 4201.6416 0.912
 4201.7412 0.912
 4201.8408 0.913
 4201.9404 0.913
 4202.0400 0.913
 4202.1396 0.913
 4202.2393 0.913
 4202.3389 0.913
 4202.4385 0.913
 4202.5381 0.913
 4202.6377 0.913
 4202.7373 0.913
 4202.8369 0.913
 4202.9365 0.913
 4203.0361 0.913
 4203.1357 0.913
 4203.2354 0.913
 4203.3350 0.913
 4203.4346 0.913
 4203.5342 0.913
 4203.6338 0.912
 4203.7334 0.912
 4203.8330 0.912
 4203.9326 0.912
 4204.0322 0.912
 4204.1318 0.912
 4204.2314 0.912
 4204.3311 0.913
 4204.4307 0.913
 4204.5303 0.913
 4204.6299 0.913
 4204.7295 0.913
 4204.8291 0.913
 4204.9287 0.913
 4205.0283 0.913
 4205.1279 0.913
 4205.2275 0.913
 4205.3271 0.913
 4205.4268 0.913
 4205.5264 0.913
 4205.6260 0.913
 4205.7256 0.913
 4205.8252 0.913
 4205.9248 0.913
 4206.0244 0.913
 4206.1240 0.913
 4206.2236 0.913
 4206.3232 0.913
 4206.4229 0.913
 4206.5225 0.913
 4206.6221 0.913
 4206.7217 0.913
 4206.8213 0.913
 4206.9209 0.913
 4207.0205 0.913
 4207.1201 0.913
 4207.2197 0.913
 4207.3193 0.914
 4207.4189 0.914
 4207.5186 0.914
 4207.6182 0.914
 4207.7178 0.914
 4207.8174 0.914
 4207.9170 0.914
 4208.0166 0.914
 4208.1162 0.914
 4208.2158 0.914
 4208.3154 0.914
 4208.4150 0.914
 4208.5146 0.913
 4208.6143 0.913
 4208.7139 0.913
 4208.8135 0.913
 4208.9131 0.913
 4209.0127 0.913
 4209.1123 0.913
 4209.2119 0.913
 4209.3115 0.913
 4209.4111 0.914
 4209.5107 0.914
 4209.6104 0.914
 4209.7100 0.914
 4209.8096 0.914
 4209.9092 0.914
 4210.0088 0.914
 4210.1084 0.914
 4210.2080 0.914
 4210.3076 0.914
 4210.4072 0.914
 4210.5068 0.914
 4210.6064 0.914
 4210.7061 0.914
 4210.8057 0.914
 4210.9053 0.914
 4211.0049 0.914
 4211.1045 0.914
 4211.2041 0.914
 4211.3037 0.914
 4211.4033 0.914
 4211.5029 0.914
 4211.6025 0.914
 4211.7021 0.914
 4211.8018 0.914
 4211.9014 0.914
 4212.0010 0.914
 4212.1006 0.914
 4212.2002 0.914
 4212.2998 0.914
 4212.3994 0.914
 4212.4990 0.914
 4212.5986 0.915
 4212.6982 0.915
 4212.7979 0.915
 4212.8975 0.915
 4212.9971 0.915
 4213.0967 0.914
 4213.1963 0.914
 4213.2959 0.914
 4213.3955 0.914
 4213.4951 0.914
 4213.5947 0.914
 4213.6943 0.914
 4213.7939 0.914
 4213.8936 0.914
 4213.9932 0.914
 4214.0928 0.914
 4214.1924 0.914
 4214.2920 0.915
 4214.3916 0.915
 4214.4912 0.915
 4214.5908 0.915
 4214.6904 0.915
 4214.7900 0.915
 4214.8896 0.915
 4214.9893 0.915
 4215.0889 0.915
 4215.1885 0.915
 4215.2881 0.915
 4215.3877 0.915
 4215.4873 0.915
 4215.5869 0.915
 4215.6865 0.915
 4215.7861 0.915
 4215.8857 0.915
 4215.9854 0.915
 4216.0850 0.915
 4216.1846 0.915
 4216.2842 0.915
 4216.3838 0.915
 4216.4834 0.915
 4216.5830 0.914
 4216.6826 0.914
 4216.7822 0.914
 4216.8818 0.914
 4216.9814 0.914
 4217.0811 0.914
 4217.1807 0.914
 4217.2803 0.915
 4217.3799 0.915
 4217.4795 0.915
 4217.5791 0.915
 4217.6787 0.915
 4217.7783 0.915
 4217.8779 0.915
 4217.9775 0.915
 4218.0771 0.915
 4218.1768 0.915
 4218.2764 0.915
 4218.3760 0.915
 4218.4756 0.915
 4218.5752 0.915
 4218.6748 0.915
 4218.7744 0.915
 4218.8740 0.915
 4218.9736 0.915
 4219.0732 0.915
 4219.1729 0.915
 4219.2725 0.915
 4219.3721 0.915
 4219.4717 0.915
 4219.5713 0.915
 4219.6709 0.916
 4219.7705 0.916
 4219.8701 0.916
 4219.9697 0.916
 4220.0693 0.916
 4220.1689 0.916
 4220.2686 0.916
 4220.3682 0.916
 4220.4678 0.916
 4220.5674 0.916
 4220.6670 0.915
 4220.7666 0.915
 4220.8662 0.915
 4220.9658 0.915
 4221.0654 0.915
 4221.1650 0.915
 4221.2646 0.915
 4221.3643 0.915
 4221.4639 0.915
 4221.5635 0.915
 4221.6631 0.915
 4221.7627 0.915
 4221.8623 0.915
 4221.9619 0.915
 4222.0615 0.916
 4222.1611 0.916
 4222.2607 0.916
 4222.3604 0.916
 4222.4600 0.916
 4222.5596 0.916
 4222.6592 0.916
 4222.7588 0.916
 4222.8584 0.916
 4222.9580 0.916
 4223.0576 0.916
 4223.1572 0.916
 4223.2568 0.916
 4223.3564 0.916
 4223.4561 0.916
 4223.5557 0.916
 4223.6553 0.916
 4223.7549 0.916
 4223.8545 0.916
 4223.9541 0.916
 4224.0537 0.916
 4224.1533 0.915
 4224.2529 0.915
 4224.3525 0.915
 4224.4521 0.915
 4224.5518 0.915
 4224.6514 0.916
 4224.7510 0.916
 4224.8506 0.916
 4224.9502 0.916
 4225.0498 0.916
 4225.1494 0.916
 4225.2490 0.916
 4225.3486 0.916
 4225.4482 0.916
 4225.5479 0.916
 4225.6475 0.916
 4225.7471 0.916
 4225.8467 0.916
 4225.9463 0.916
 4226.0459 0.916
 4226.1455 0.916
 4226.2451 0.916
 4226.3447 0.916
 4226.4443 0.916
 4226.5439 0.916
 4226.6436 0.916
 4226.7432 0.916
 4226.8428 0.916
 4226.9424 0.916
 4227.0420 0.916
 4227.1416 0.916
 4227.2412 0.916
 4227.3408 0.916
 4227.4404 0.917
 4227.5400 0.917
 4227.6396 0.917
 4227.7393 0.917
 4227.8389 0.917
 4227.9385 0.917
 4228.0381 0.917
 4228.1377 0.917
 4228.2373 0.917
 4228.3369 0.917
 4228.4365 0.917
 4228.5361 0.916
 4228.6357 0.916
 4228.7354 0.916
 4228.8350 0.916
 4228.9346 0.916
 4229.0342 0.916
 4229.1338 0.916
 4229.2334 0.917
 4229.3330 0.917
 4229.4326 0.917
 4229.5322 0.917
 4229.6318 0.917
 4229.7314 0.917
 4229.8311 0.917
 4229.9307 0.917
 4230.0303 0.917
 4230.1299 0.917
 4230.2295 0.917
 4230.3291 0.917
 4230.4287 0.917
 4230.5283 0.917
 4230.6279 0.917
 4230.7275 0.917
 4230.8271 0.917
 4230.9268 0.917
 4231.0264 0.917
 4231.1260 0.917
 4231.2256 0.916
 4231.3252 0.916
 4231.4248 0.916
 4231.5244 0.916
 4231.6240 0.916
 4231.7236 0.916
 4231.8232 0.916
 4231.9229 0.916
 4232.0225 0.916
 4232.1221 0.916
 4232.2217 0.916
 4232.3213 0.916
 4232.4209 0.917
 4232.5205 0.917
 4232.6201 0.917
 4232.7197 0.917
 4232.8193 0.917
 4232.9189 0.917
 4233.0186 0.917
 4233.1182 0.917
 4233.2178 0.917
 4233.3174 0.917
 4233.4170 0.917
 4233.5166 0.917
 4233.6162 0.917
 4233.7158 0.917
 4233.8154 0.916
 4233.9150 0.916
 4234.0146 0.916
 4234.1143 0.916
 4234.2139 0.916
 4234.3135 0.916
 4234.4131 0.916
 4234.5127 0.917
 4234.6123 0.917
 4234.7119 0.917
 4234.8115 0.917
 4234.9111 0.917
 4235.0107 0.917
 4235.1104 0.917
 4235.2100 0.917
 4235.3096 0.917
 4235.4092 0.917
 4235.5088 0.916
 4235.6084 0.916
 4235.7080 0.917
 4235.8076 0.917
 4235.9072 0.917
 4236.0068 0.917
 4236.1064 0.917
 4236.2061 0.917
 4236.3057 0.917
 4236.4053 0.917
 4236.5049 0.917
 4236.6045 0.917
 4236.7041 0.917
 4236.8037 0.917
 4236.9033 0.917
 4237.0029 0.917
 4237.1025 0.917
 4237.2021 0.917
 4237.3018 0.917
 4237.4014 0.917
 4237.5010 0.917
 4237.6006 0.917
 4237.7002 0.917
 4237.7998 0.917
 4237.8994 0.917
 4237.9990 0.918
 4238.0986 0.918
 4238.1982 0.918
 4238.2979 0.918
 4238.3975 0.918
 4238.4971 0.918
 4238.5967 0.918
 4238.6963 0.918
 4238.7959 0.918
 4238.8955 0.918
 4238.9951 0.918
 4239.0947 0.918
 4239.1943 0.918
 4239.2939 0.918
 4239.3936 0.918
 4239.4932 0.917
 4239.5928 0.917
 4239.6924 0.917
 4239.7920 0.917
 4239.8916 0.917
 4239.9912 0.917
 4240.0908 0.917
 4240.1904 0.917
 4240.2900 0.918
 4240.3896 0.918
 4240.4893 0.918
 4240.5889 0.918
 4240.6885 0.918
 4240.7881 0.918
 4240.8877 0.918
 4240.9873 0.918
 4241.0869 0.918
 4241.1865 0.917
 4241.2861 0.917
 4241.3857 0.917
 4241.4854 0.917
 4241.5850 0.917
 4241.6846 0.917
 4241.7842 0.917
 4241.8838 0.917
 4241.9834 0.917
 4242.0830 0.918
 4242.1826 0.918
 4242.2822 0.918
 4242.3818 0.918
 4242.4814 0.918
 4242.5811 0.918
 4242.6807 0.918
 4242.7803 0.918
 4242.8799 0.918
 4242.9795 0.918
 4243.0791 0.918
 4243.1787 0.918
 4243.2783 0.918
 4243.3779 0.918
 4243.4775 0.918
 4243.5771 0.918
 4243.6768 0.918
 4243.7764 0.918
 4243.8760 0.918
 4243.9756 0.919
 4244.0752 0.919
 4244.1748 0.919
 4244.2744 0.919
 4244.3740 0.919
 4244.4736 0.919
 4244.5732 0.919
 4244.6729 0.919
 4244.7725 0.919
 4244.8721 0.919
 4244.9717 0.919
 4245.0713 0.919
 4245.1709 0.919
 4245.2705 0.919
 4245.3701 0.918
 4245.4697 0.918
 4245.5693 0.918
 4245.6689 0.918
 4245.7686 0.918
 4245.8682 0.918
 4245.9678 0.918
 4246.0674 0.918
 4246.1670 0.918
 4246.2666 0.918
 4246.3662 0.919
 4246.4658 0.919
 4246.5654 0.919
 4246.6650 0.919
 4246.7646 0.919
 4246.8643 0.919
 4246.9639 0.919
 4247.0635 0.918
 4247.1631 0.918
 4247.2627 0.918
 4247.3623 0.918
 4247.4619 0.918
 4247.5615 0.918
 4247.6611 0.918
 4247.7607 0.918
 4247.8604 0.918
 4247.9600 0.919
 4248.0596 0.919
 4248.1592 0.919
 4248.2588 0.919
 4248.3584 0.919
 4248.4580 0.919
 4248.5576 0.919
 4248.6572 0.919
 4248.7568 0.919
 4248.8564 0.919
 4248.9561 0.919
 4249.0557 0.919
 4249.1553 0.919
 4249.2549 0.919
 4249.3545 0.918
 4249.4541 0.918
 4249.5537 0.918
 4249.6533 0.918
 4249.7529 0.918
 4249.8525 0.918
 4249.9521 0.919
 4250.0518 0.919
 4250.1514 0.919
 4250.2510 0.919
 4250.3506 0.919
 4250.4502 0.919
 4250.5498 0.919
 4250.6494 0.920
 4250.7490 0.919
 4250.8486 0.919
 4250.9482 0.919
 4251.0479 0.919
 4251.1475 0.919
 4251.2471 0.919
 4251.3467 0.919
 4251.4463 0.919
 4251.5459 0.919
 4251.6455 0.919
 4251.7451 0.919
 4251.8447 0.920
 4251.9443 0.920
 4252.0439 0.920
 4252.1436 0.920
 4252.2432 0.920
 4252.3428 0.920
 4252.4424 0.920
 4252.5420 0.920
 4252.6416 0.920
 4252.7412 0.920
 4252.8408 0.920
 4252.9404 0.920
 4253.0400 0.920
 4253.1396 0.920
 4253.2393 0.920
 4253.3389 0.920
 4253.4385 0.920
 4253.5381 0.920
 4253.6377 0.920
 4253.7373 0.920
 4253.8369 0.919
 4253.9365 0.919
 4254.0361 0.919
 4254.1357 0.919
 4254.2354 0.919
 4254.3350 0.919
 4254.4346 0.919
 4254.5342 0.919
 4254.6338 0.919
 4254.7334 0.920
 4254.8330 0.920
 4254.9326 0.920
 4255.0322 0.920
 4255.1318 0.920
 4255.2314 0.920
 4255.3311 0.920
 4255.4307 0.920
 4255.5303 0.920
 4255.6299 0.920
 4255.7295 0.920
 4255.8291 0.920
 4255.9287 0.920
 4256.0283 0.920
 4256.1279 0.920
 4256.2275 0.920
 4256.3271 0.920
 4256.4268 0.920
 4256.5264 0.920
 4256.6260 0.920
 4256.7256 0.920
 4256.8252 0.920
 4256.9248 0.920
 4257.0244 0.920
 4257.1240 0.920
 4257.2236 0.921
 4257.3232 0.921
 4257.4229 0.920
 4257.5225 0.920
 4257.6221 0.920
 4257.7217 0.920
 4257.8213 0.921
 4257.9209 0.921
 4258.0205 0.921
 4258.1201 0.921
 4258.2197 0.921
 4258.3193 0.921
 4258.4189 0.921
 4258.5186 0.921
 4258.6182 0.921
 4258.7178 0.921
 4258.8174 0.921
 4258.9170 0.921
 4259.0166 0.921
 4259.1162 0.921
 4259.2158 0.921
 4259.3154 0.920
 4259.4150 0.920
 4259.5146 0.920
 4259.6143 0.920
 4259.7139 0.920
 4259.8135 0.920
 4259.9131 0.920
 4260.0127 0.921
 4260.1123 0.921
 4260.2119 0.921
 4260.3115 0.921
 4260.4111 0.921
 4260.5107 0.921
 4260.6104 0.921
 4260.7100 0.921
 4260.8096 0.921
 4260.9092 0.921
 4261.0088 0.921
 4261.1084 0.921
 4261.2080 0.921
 4261.3076 0.921
 4261.4072 0.921
 4261.5068 0.921
 4261.6064 0.921
 4261.7061 0.921
 4261.8057 0.921
 4261.9053 0.921
 4262.0049 0.921
 4262.1045 0.921
 4262.2041 0.921
 4262.3037 0.921
 4262.4033 0.921
 4262.5029 0.921
 4262.6025 0.921
 4262.7021 0.921
 4262.8018 0.921
 4262.9014 0.921
 4263.0010 0.922
 4263.1006 0.922
 4263.2002 0.922
 4263.2998 0.922
 4263.3994 0.922
 4263.4990 0.922
 4263.5986 0.922
 4263.6982 0.922
 4263.7979 0.922
 4263.8975 0.922
 4263.9971 0.922
 4264.0967 0.922
 4264.1963 0.921
 4264.2959 0.921
 4264.3955 0.921
 4264.4951 0.921
 4264.5947 0.921
 4264.6943 0.921
 4264.7939 0.921
 4264.8936 0.922
 4264.9932 0.922
 4265.0928 0.922
 4265.1924 0.922
 4265.2920 0.922
 4265.3916 0.922
 4265.4912 0.922
 4265.5908 0.922
 4265.6904 0.922
 4265.7900 0.922
 4265.8896 0.922
 4265.9893 0.922
 4266.0889 0.922
 4266.1885 0.921
 4266.2881 0.921
 4266.3877 0.921
 4266.4873 0.921
 4266.5869 0.921
 4266.6865 0.921
 4266.7861 0.921
 4266.8857 0.922
 4266.9854 0.922
 4267.0850 0.922
 4267.1846 0.922
 4267.2842 0.922
 4267.3838 0.922
 4267.4834 0.922
 4267.5830 0.922
 4267.6826 0.922
 4267.7822 0.922
 4267.8818 0.922
 4267.9814 0.922
 4268.0811 0.922
 4268.1807 0.923
 4268.2803 0.923
 4268.3799 0.923
 4268.4795 0.923
 4268.5791 0.923
 4268.6787 0.923
 4268.7783 0.923
 4268.8779 0.923
 4268.9775 0.923
 4269.0771 0.923
 4269.1768 0.923
 4269.2764 0.923
 4269.3760 0.923
 4269.4756 0.922
 4269.5752 0.922
 4269.6748 0.922
 4269.7744 0.922
 4269.8740 0.922
 4269.9736 0.922
 4270.0732 0.922
 4270.1729 0.923
 4270.2725 0.923
 4270.3721 0.923
 4270.4717 0.923
 4270.5713 0.923
 4270.6709 0.923
 4270.7705 0.923
 4270.8701 0.923
 4270.9697 0.923
 4271.0693 0.923
 4271.1689 0.923
 4271.2686 0.923
 4271.3682 0.922
 4271.4678 0.922
 4271.5674 0.922
 4271.6670 0.922
 4271.7666 0.922
 4271.8662 0.922
 4271.9658 0.922
 4272.0654 0.922
 4272.1650 0.923
 4272.2646 0.923
 4272.3643 0.923
 4272.4639 0.923
 4272.5635 0.923
 4272.6631 0.923
 4272.7627 0.923
 4272.8623 0.923
 4272.9619 0.923
 4273.0615 0.923
 4273.1611 0.923
 4273.2607 0.923
 4273.3604 0.923
 4273.4600 0.923
 4273.5596 0.923
 4273.6592 0.923
 4273.7588 0.923
 4273.8584 0.923
 4273.9580 0.923
 4274.0576 0.923
 4274.1572 0.923
 4274.2568 0.923
 4274.3564 0.923
 4274.4561 0.923
 4274.5557 0.923
 4274.6553 0.923
 4274.7549 0.923
 4274.8545 0.923
 4274.9541 0.923
 4275.0537 0.923
 4275.1533 0.923
 4275.2529 0.923
 4275.3525 0.924
 4275.4521 0.924
 4275.5518 0.924
 4275.6514 0.924
 4275.7510 0.924
 4275.8506 0.924
 4275.9502 0.923
 4276.0498 0.923
 4276.1494 0.923
 4276.2490 0.923
 4276.3486 0.923
 4276.4482 0.923
 4276.5479 0.923
 4276.6475 0.923
 4276.7471 0.923
 4276.8467 0.923
 4276.9463 0.923
 4277.0459 0.923
 4277.1455 0.923
 4277.2451 0.924
 4277.3447 0.924
 4277.4443 0.924
 4277.5439 0.923
 4277.6436 0.923
 4277.7432 0.923
 4277.8428 0.923
 4277.9424 0.923
 4278.0420 0.923
 4278.1416 0.923
 4278.2412 0.923
 4278.3408 0.923
 4278.4404 0.923
 4278.5400 0.923
 4278.6396 0.923
 4278.7393 0.923
 4278.8389 0.923
 4278.9385 0.923
 4279.0381 0.923
 4279.1377 0.923
 4279.2373 0.924
 4279.3369 0.924
 4279.4365 0.924
 4279.5361 0.924
 4279.6357 0.924
 4279.7354 0.924
 4279.8350 0.924
 4279.9346 0.924
 4280.0342 0.924
 4280.1338 0.924
 4280.2334 0.923
 4280.3330 0.923
 4280.4326 0.923
 4280.5322 0.923
 4280.6318 0.923
 4280.7314 0.923
 4280.8311 0.923
 4280.9307 0.923
 4281.0303 0.924
 4281.1299 0.924
 4281.2295 0.924
 4281.3291 0.924
 4281.4287 0.924
 4281.5283 0.924
 4281.6279 0.924
 4281.7275 0.924
 4281.8271 0.924
 4281.9268 0.924
 4282.0264 0.924
 4282.1260 0.924
 4282.2256 0.924
 4282.3252 0.924
 4282.4248 0.924
 4282.5244 0.923
 4282.6240 0.923
 4282.7236 0.923
 4282.8232 0.923
 4282.9229 0.924
 4283.0225 0.924
 4283.1221 0.924
 4283.2217 0.924
 4283.3213 0.924
 4283.4209 0.924
 4283.5205 0.924
 4283.6201 0.924
 4283.7197 0.924
 4283.8193 0.924
 4283.9189 0.925
 4284.0186 0.925
 4284.1182 0.925
 4284.2178 0.925
 4284.3174 0.925
 4284.4170 0.925
 4284.5166 0.925
 4284.6162 0.925
 4284.7158 0.925
 4284.8154 0.924
 4284.9150 0.924
 4285.0146 0.924
 4285.1143 0.924
 4285.2139 0.924
 4285.3135 0.924
 4285.4131 0.924
 4285.5127 0.924
 4285.6123 0.924
 4285.7119 0.924
 4285.8115 0.924
 4285.9111 0.925
 4286.0107 0.925
 4286.1104 0.925
 4286.2100 0.925
 4286.3096 0.925
 4286.4092 0.925
 4286.5088 0.925
 4286.6084 0.925
 4286.7080 0.925
 4286.8076 0.925
 4286.9072 0.925
 4287.0068 0.925
 4287.1064 0.925
 4287.2061 0.925
 4287.3057 0.925
 4287.4053 0.925
 4287.5049 0.925
 4287.6045 0.925
 4287.7041 0.925
 4287.8037 0.925
 4287.9033 0.925
 4288.0029 0.925
 4288.1025 0.925
 4288.2021 0.925
 4288.3018 0.925
 4288.4014 0.924
 4288.5010 0.924
 4288.6006 0.924
 4288.7002 0.924
 4288.7998 0.924
 4288.8994 0.924
 4288.9990 0.925
 4289.0986 0.925
 4289.1982 0.925
 4289.2979 0.925
 4289.3975 0.925
 4289.4971 0.925
 4289.5967 0.925
 4289.6963 0.925
 4289.7959 0.925
 4289.8955 0.925
 4289.9951 0.925
 4290.0947 0.925
 4290.1943 0.925
 4290.2939 0.925
 4290.3936 0.925
 4290.4932 0.925
 4290.5928 0.925
 4290.6924 0.925
 4290.7920 0.925
 4290.8916 0.925
 4290.9912 0.925
 4291.0908 0.925
 4291.1904 0.925
 4291.2900 0.925
 4291.3896 0.925
 4291.4893 0.925
 4291.5889 0.925
 4291.6885 0.925
 4291.7881 0.925
 4291.8877 0.926
 4291.9873 0.926
 4292.0869 0.926
 4292.1865 0.926
 4292.2861 0.926
 4292.3857 0.926
 4292.4854 0.926
 4292.5850 0.925
 4292.6846 0.925
 4292.7842 0.925
 4292.8838 0.925
 4292.9834 0.925
 4293.0830 0.925
 4293.1826 0.925
 4293.2822 0.925
 4293.3818 0.926
 4293.4814 0.926
 4293.5811 0.926
 4293.6807 0.926
 4293.7803 0.926
 4293.8799 0.926
 4293.9795 0.926
 4294.0791 0.926
 4294.1787 0.926
 4294.2783 0.926
 4294.3779 0.926
 4294.4775 0.926
 4294.5771 0.925
 4294.6768 0.925
 4294.7764 0.925
 4294.8760 0.925
 4294.9756 0.925
 4295.0752 0.925
 4295.1748 0.925
 4295.2744 0.925
 4295.3740 0.925
 4295.4736 0.926
 4295.5732 0.926
 4295.6729 0.926
 4295.7725 0.926
 4295.8721 0.926
 4295.9717 0.926
 4296.0713 0.926
 4296.1709 0.926
 4296.2705 0.926
 4296.3701 0.926
 4296.4697 0.926
 4296.5693 0.925
 4296.6689 0.925
 4296.7686 0.925
 4296.8682 0.925
 4296.9678 0.925
 4297.0674 0.925
 4297.1670 0.925
 4297.2666 0.926
 4297.3662 0.926
 4297.4658 0.926
 4297.5654 0.926
 4297.6650 0.926
 4297.7646 0.926
 4297.8643 0.926
 4297.9639 0.926
 4298.0635 0.926
 4298.1631 0.926
 4298.2627 0.926
 4298.3623 0.926
 4298.4619 0.926
 4298.5615 0.926
 4298.6611 0.926
 4298.7607 0.926
 4298.8604 0.926
 4298.9600 0.926
 4299.0596 0.926
 4299.1592 0.926
 4299.2588 0.926
 4299.3584 0.926
 4299.4580 0.926
 4299.5576 0.926
 4299.6572 0.926
 4299.7568 0.926
 4299.8564 0.926
 4299.9561 0.926
 4300.0557 0.926
 4300.1553 0.926
 4300.2549 0.926
 4300.3545 0.927
 4300.4541 0.927
 4300.5537 0.927
 4300.6533 0.927
 4300.7529 0.927
 4300.8525 0.927
 4300.9521 0.927
 4301.0518 0.927
 4301.1514 0.927
 4301.2510 0.927
 4301.3506 0.927
 4301.4502 0.927
 4301.5498 0.927
 4301.6494 0.927
 4301.7490 0.927
 4301.8486 0.927
 4301.9482 0.927
 4302.0479 0.927
 4302.1475 0.927
 4302.2471 0.927
 4302.3467 0.927
 4302.4463 0.927
 4302.5459 0.927
 4302.6455 0.927
 4302.7451 0.927
 4302.8447 0.927
 4302.9443 0.927
 4303.0439 0.927
 4303.1436 0.927
 4303.2432 0.927
 4303.3428 0.927
 4303.4424 0.927
 4303.5420 0.927
 4303.6416 0.927
 4303.7412 0.927
 4303.8408 0.927
 4303.9404 0.927
 4304.0400 0.927
 4304.1396 0.927
 4304.2393 0.927
 4304.3389 0.927
 4304.4385 0.927
 4304.5381 0.927
 4304.6377 0.927
 4304.7373 0.927
 4304.8369 0.927
 4304.9365 0.927
 4305.0361 0.927
 4305.1357 0.927
 4305.2354 0.927
 4305.3350 0.927
 4305.4346 0.928
 4305.5342 0.928
 4305.6338 0.928
 4305.7334 0.928
 4305.8330 0.928
 4305.9326 0.928
 4306.0322 0.927
 4306.1318 0.927
 4306.2314 0.927
 4306.3311 0.927
 4306.4307 0.927
 4306.5303 0.927
 4306.6299 0.927
 4306.7295 0.927
 4306.8291 0.927
 4306.9287 0.927
 4307.0283 0.927
 4307.1279 0.928
 4307.2275 0.928
 4307.3271 0.928
 4307.4268 0.928
 4307.5264 0.928
 4307.6260 0.928
 4307.7256 0.927
 4307.8252 0.927
 4307.9248 0.927
 4308.0244 0.927
 4308.1240 0.927
 4308.2236 0.927
 4308.3232 0.927
 4308.4229 0.927
 4308.5225 0.928
 4308.6221 0.928
 4308.7217 0.928
 4308.8213 0.928
 4308.9209 0.928
 4309.0205 0.928
 4309.1201 0.928
 4309.2197 0.928
 4309.3193 0.928
 4309.4189 0.928
 4309.5186 0.928
 4309.6182 0.928
 4309.7178 0.928
 4309.8174 0.928
 4309.9170 0.928
 4310.0166 0.928
 4310.1162 0.928
 4310.2158 0.928
 4310.3154 0.928
 4310.4150 0.928
 4310.5146 0.928
 4310.6143 0.928
 4310.7139 0.928
 4310.8135 0.928
 4310.9131 0.928
 4311.0127 0.928
 4311.1123 0.928
 4311.2119 0.928
 4311.3115 0.928
 4311.4111 0.928
 4311.5107 0.928
 4311.6104 0.928
 4311.7100 0.928
 4311.8096 0.928
 4311.9092 0.928
 4312.0088 0.928
 4312.1084 0.929
 4312.2080 0.929
 4312.3076 0.929
 4312.4072 0.929
 4312.5068 0.929
 4312.6064 0.929
 4312.7061 0.928
 4312.8057 0.928
 4312.9053 0.928
 4313.0049 0.928
 4313.1045 0.928
 4313.2041 0.928
 4313.3037 0.928
 4313.4033 0.928
 4313.5029 0.928
 4313.6025 0.928
 4313.7021 0.929
 4313.8018 0.929
 4313.9014 0.929
 4314.0010 0.929
 4314.1006 0.929
 4314.2002 0.929
 4314.2998 0.929
 4314.3994 0.929
 4314.4990 0.929
 4314.5986 0.929
 4314.6982 0.929
 4314.7979 0.929
 4314.8975 0.928
 4314.9971 0.928
 4315.0967 0.928
 4315.1963 0.928
 4315.2959 0.928
 4315.3955 0.928
 4315.4951 0.928
 4315.5947 0.928
 4315.6943 0.928
 4315.7939 0.928
 4315.8936 0.929
 4315.9932 0.929
 4316.0928 0.929
 4316.1924 0.929
 4316.2920 0.929
 4316.3916 0.929
 4316.4912 0.929
 4316.5908 0.929
 4316.6904 0.929
 4316.7900 0.929
 4316.8896 0.929
 4316.9893 0.929
 4317.0889 0.929
 4317.1885 0.929
 4317.2881 0.929
 4317.3877 0.929
 4317.4873 0.929
 4317.5869 0.929
 4317.6865 0.929
 4317.7861 0.929
 4317.8857 0.929
 4317.9854 0.928
 4318.0850 0.928
 4318.1846 0.928
 4318.2842 0.929
 4318.3838 0.929
 4318.4834 0.929
 4318.5830 0.929
 4318.6826 0.929
 4318.7822 0.929
 4318.8818 0.929
 4318.9814 0.929
 4319.0811 0.929
 4319.1807 0.929
 4319.2803 0.929
 4319.3799 0.929
 4319.4795 0.929
 4319.5791 0.929
 4319.6787 0.930
 4319.7783 0.930
 4319.8779 0.930
 4319.9775 0.930
 4320.0771 0.930
 4320.1768 0.930
 4320.2764 0.930
 4320.3760 0.930
 4320.4756 0.930
 4320.5752 0.930
 4320.6748 0.930
 4320.7744 0.930
 4320.8740 0.930
 4320.9736 0.930
 4321.0732 0.930
 4321.1729 0.930
 4321.2725 0.930
 4321.3721 0.929
 4321.4717 0.929
 4321.5713 0.929
 4321.6709 0.929
 4321.7705 0.929
 4321.8701 0.929
 4321.9697 0.929
 4322.0693 0.929
 4322.1689 0.930
 4322.2686 0.930
 4322.3682 0.930
 4322.4678 0.930
 4322.5674 0.930
 4322.6670 0.930
 4322.7666 0.930
 4322.8662 0.930
 4322.9658 0.930
 4323.0654 0.930
 4323.1650 0.930
 4323.2646 0.930
 4323.3643 0.929
 4323.4639 0.929
 4323.5635 0.929
 4323.6631 0.929
 4323.7627 0.929
 4323.8623 0.929
 4323.9619 0.929
 4324.0615 0.929
 4324.1611 0.930
 4324.2607 0.930
 4324.3604 0.930
 4324.4600 0.930
 4324.5596 0.930
 4324.6592 0.930
 4324.7588 0.930
 4324.8584 0.930
 4324.9580 0.930
 4325.0576 0.930
 4325.1572 0.930
 4325.2568 0.930
 4325.3564 0.929
 4325.4561 0.929
 4325.5557 0.929
 4325.6553 0.929
 4325.7549 0.929
 4325.8545 0.929
 4325.9541 0.929
 4326.0537 0.929
 4326.1533 0.930
 4326.2529 0.930
 4326.3525 0.930
 4326.4521 0.930
 4326.5518 0.930
 4326.6514 0.930
 4326.7510 0.930
 4326.8506 0.930
 4326.9502 0.930
 4327.0498 0.930
 4327.1494 0.930
 4327.2490 0.930
 4327.3486 0.930
 4327.4482 0.930
 4327.5479 0.930
 4327.6475 0.930
 4327.7471 0.929
 4327.8467 0.929
 4327.9463 0.930
 4328.0459 0.930
 4328.1455 0.930
 4328.2451 0.930
 4328.3447 0.930
 4328.4443 0.930
 4328.5439 0.930
 4328.6436 0.930
 4328.7432 0.930
 4328.8428 0.931
 4328.9424 0.931
 4329.0420 0.931
 4329.1416 0.931
 4329.2412 0.931
 4329.3408 0.931
 4329.4404 0.931
 4329.5400 0.931
 4329.6396 0.931
 4329.7393 0.931
 4329.8389 0.931
 4329.9385 0.931
 4330.0381 0.931
 4330.1377 0.931
 4330.2373 0.931
 4330.3369 0.931
 4330.4365 0.931
 4330.5361 0.931
 4330.6357 0.931
 4330.7354 0.931
 4330.8350 0.931
 4330.9346 0.931
 4331.0342 0.931
 4331.1338 0.931
 4331.2334 0.931
 4331.3330 0.931
 4331.4326 0.931
 4331.5322 0.930
 4331.6318 0.930
 4331.7314 0.930
 4331.8311 0.930
 4331.9307 0.930
 4332.0303 0.930
 4332.1299 0.930
 4332.2295 0.930
 4332.3291 0.931
 4332.4287 0.931
 4332.5283 0.931
 4332.6279 0.931
 4332.7275 0.931
 4332.8271 0.931
 4332.9268 0.931
 4333.0264 0.931
 4333.1260 0.931
 4333.2256 0.931
 4333.3252 0.930
 4333.4248 0.930
 4333.5244 0.930
 4333.6240 0.930
 4333.7236 0.930
 4333.8232 0.930
 4333.9229 0.930
 4334.0225 0.930
 4334.1221 0.931
 4334.2217 0.931
 4334.3213 0.931
 4334.4209 0.931
 4334.5205 0.931
 4334.6201 0.931
 4334.7197 0.931
 4334.8193 0.931
 4334.9189 0.931
 4335.0186 0.931
 4335.1182 0.931
 4335.2178 0.932
 4335.3174 0.932
 4335.4170 0.932
 4335.5166 0.932
 4335.6162 0.932
 4335.7158 0.931
 4335.8154 0.931
 4335.9150 0.931
 4336.0146 0.931
 4336.1143 0.931
 4336.2139 0.931
 4336.3135 0.931
 4336.4131 0.931
 4336.5127 0.931
 4336.6123 0.931
 4336.7119 0.932
 4336.8115 0.932
 4336.9111 0.932
 4337.0107 0.932
 4337.1104 0.932
 4337.2100 0.932
 4337.3096 0.932
 4337.4092 0.932
 4337.5088 0.932
 4337.6084 0.932
 4337.7080 0.932
 4337.8076 0.932
 4337.9072 0.932
 4338.0068 0.932
 4338.1064 0.931
 4338.2061 0.931
 4338.3057 0.931
 4338.4053 0.931
 4338.5049 0.931
 4338.6045 0.931
 4338.7041 0.931
 4338.8037 0.931
 4338.9033 0.932
 4339.0029 0.932
 4339.1025 0.932
 4339.2021 0.932
 4339.3018 0.932
 4339.4014 0.932
 4339.5010 0.932
 4339.6006 0.932
 4339.7002 0.932
 4339.7998 0.932
 4339.8994 0.932
 4339.9990 0.932
 4340.0986 0.932
 4340.1982 0.932
 4340.2979 0.932
 4340.3975 0.932
 4340.4971 0.932
 4340.5967 0.932
 4340.6963 0.932
 4340.7959 0.932
 4340.8955 0.932
 4340.9951 0.932
 4341.0947 0.933
 4341.1943 0.933
 4341.2939 0.932
 4341.3936 0.932
 4341.4932 0.932
 4341.5928 0.932
 4341.6924 0.932
 4341.7920 0.932
 4341.8916 0.932
 4341.9912 0.932
 4342.0908 0.932
 4342.1904 0.932
 4342.2900 0.932
 4342.3896 0.932
 4342.4893 0.932
 4342.5889 0.932
 4342.6885 0.932
 4342.7881 0.933
 4342.8877 0.933
 4342.9873 0.932
 4343.0869 0.932
 4343.1865 0.932
 4343.2861 0.932
 4343.3857 0.932
 4343.4854 0.932
 4343.5850 0.932
 4343.6846 0.932
 4343.7842 0.932
 4343.8838 0.932
 4343.9834 0.932
 4344.0830 0.932
 4344.1826 0.932
 4344.2822 0.932
 4344.3818 0.932
 4344.4814 0.932
 4344.5811 0.932
 4344.6807 0.932
 4344.7803 0.933
 4344.8799 0.933
 4344.9795 0.933
 4345.0791 0.933
 4345.1787 0.933
 4345.2783 0.933
 4345.3779 0.933
 4345.4775 0.933
 4345.5771 0.933
 4345.6768 0.933
 4345.7764 0.933
 4345.8760 0.933
 4345.9756 0.933
 4346.0752 0.933
 4346.1748 0.933
 4346.2744 0.933
 4346.3740 0.932
 4346.4736 0.932
 4346.5732 0.932
 4346.6729 0.932
 4346.7725 0.932
 4346.8721 0.932
 4346.9717 0.932
 4347.0713 0.932
 4347.1709 0.933
 4347.2705 0.933
 4347.3701 0.933
 4347.4697 0.933
 4347.5693 0.933
 4347.6689 0.933
 4347.7686 0.933
 4347.8682 0.933
 4347.9678 0.933
 4348.0674 0.933
 4348.1670 0.933
 4348.2666 0.933
 4348.3662 0.933
 4348.4658 0.933
 4348.5654 0.933
 4348.6650 0.933
 4348.7646 0.932
 4348.8643 0.932
 4348.9639 0.933
 4349.0635 0.933
 4349.1631 0.933
 4349.2627 0.933
 4349.3623 0.933
 4349.4619 0.933
 4349.5615 0.933
 4349.6611 0.933
 4349.7607 0.933
 4349.8604 0.933
 4349.9600 0.933
 4350.0596 0.933
 4350.1592 0.933
 4350.2588 0.933
 4350.3584 0.933
 4350.4580 0.933
 4350.5576 0.933
 4350.6572 0.933
 4350.7568 0.933
 4350.8564 0.934
 4350.9561 0.934
 4351.0557 0.934
 4351.1553 0.934
 4351.2549 0.934
 4351.3545 0.934
 4351.4541 0.934
 4351.5537 0.934
 4351.6533 0.934
 4351.7529 0.933
 4351.8525 0.933
 4351.9521 0.933
 4352.0518 0.933
 4352.1514 0.933
 4352.2510 0.933
 4352.3506 0.933
 4352.4502 0.933
 4352.5498 0.933
 4352.6494 0.933
 4352.7490 0.934
 4352.8486 0.934
 4352.9482 0.934
 4353.0479 0.934
 4353.1475 0.934
 4353.2471 0.934
 4353.3467 0.934
 4353.4463 0.934
 4353.5459 0.934
 4353.6455 0.934
 4353.7451 0.934
 4353.8447 0.934
 4353.9443 0.934
 4354.0439 0.934
 4354.1436 0.933
 4354.2432 0.933
 4354.3428 0.933
 4354.4424 0.933
 4354.5420 0.933
 4354.6416 0.933
 4354.7412 0.933
 4354.8408 0.933
 4354.9404 0.934
 4355.0400 0.934
 4355.1396 0.934
 4355.2393 0.934
 4355.3389 0.934
 4355.4385 0.934
 4355.5381 0.934
 4355.6377 0.934
 4355.7373 0.934
 4355.8369 0.934
 4355.9365 0.934
 4356.0361 0.933
 4356.1357 0.933
 4356.2354 0.933
 4356.3350 0.933
 4356.4346 0.933
 4356.5342 0.933
 4356.6338 0.933
 4356.7334 0.933
 4356.8330 0.933
 4356.9326 0.934
 4357.0322 0.934
 4357.1318 0.934
 4357.2314 0.934
 4357.3311 0.934
 4357.4307 0.934
 4357.5303 0.934
 4357.6299 0.934
 4357.7295 0.934
 4357.8291 0.934
 4357.9287 0.934
 4358.0283 0.934
 4358.1279 0.934
 4358.2275 0.934
 4358.3271 0.934
 4358.4268 0.934
 4358.5264 0.934
 4358.6260 0.934
 4358.7256 0.934
 4358.8252 0.934
 4358.9248 0.934
 4359.0244 0.934
 4359.1240 0.934
 4359.2236 0.934
 4359.3232 0.934
 4359.4229 0.934
 4359.5225 0.934
 4359.6221 0.934
 4359.7217 0.934
 4359.8213 0.934
 4359.9209 0.934
 4360.0205 0.934
 4360.1201 0.934
 4360.2197 0.934
 4360.3193 0.934
 4360.4189 0.934
 4360.5186 0.934
 4360.6182 0.934
 4360.7178 0.934
 4360.8174 0.934
 4360.9170 0.934
 4361.0166 0.934
 4361.1162 0.934
 4361.2158 0.935
 4361.3154 0.935
 4361.4150 0.935
 4361.5146 0.935
 4361.6143 0.935
 4361.7139 0.935
 4361.8135 0.935
 4361.9131 0.935
 4362.0127 0.935
 4362.1123 0.935
 4362.2119 0.935
 4362.3115 0.935
 4362.4111 0.935
 4362.5107 0.935
 4362.6104 0.935
 4362.7100 0.935
 4362.8096 0.935
 4362.9092 0.935
 4363.0088 0.935
 4363.1084 0.935
 4363.2080 0.935
 4363.3076 0.934
 4363.4072 0.934
 4363.5068 0.934
 4363.6064 0.934
 4363.7061 0.934
 4363.8057 0.935
 4363.9053 0.935
 4364.0049 0.935
 4364.1045 0.935
 4364.2041 0.935
 4364.3037 0.935
 4364.4033 0.935
 4364.5029 0.935
 4364.6025 0.935
 4364.7021 0.935
 4364.8018 0.935
 4364.9014 0.935
 4365.0010 0.935
 4365.1006 0.935
 4365.2002 0.935
 4365.2998 0.935
 4365.3994 0.935
 4365.4990 0.935
 4365.5986 0.935
 4365.6982 0.935
 4365.7979 0.935
 4365.8975 0.935
 4365.9971 0.936
 4366.0967 0.936
 4366.1963 0.936
 4366.2959 0.936
 4366.3955 0.936
 4366.4951 0.936
 4366.5947 0.936
 4366.6943 0.936
 4366.7939 0.936
 4366.8936 0.936
 4366.9932 0.936
 4367.0928 0.936
 4367.1924 0.936
 4367.2920 0.935
 4367.3916 0.935
 4367.4912 0.935
 4367.5908 0.935
 4367.6904 0.935
 4367.7900 0.935
 4367.8896 0.935
 4367.9893 0.936
 4368.0889 0.936
 4368.1885 0.936
 4368.2881 0.936
 4368.3877 0.936
 4368.4873 0.936
 4368.5869 0.936
 4368.6865 0.936
 4368.7861 0.936
 4368.8857 0.936
 4368.9854 0.936
 4369.0850 0.936
 4369.1846 0.936
 4369.2842 0.936
 4369.3838 0.935
 4369.4834 0.935
 4369.5830 0.935
 4369.6826 0.935
 4369.7822 0.935
 4369.8818 0.935
 4369.9814 0.935
 4370.0811 0.935
 4370.1807 0.935
 4370.2803 0.935
 4370.3799 0.936
 4370.4795 0.936
 4370.5791 0.936
 4370.6787 0.936
 4370.7783 0.936
 4370.8779 0.936
 4370.9775 0.936
 4371.0771 0.936
 4371.1768 0.936
 4371.2764 0.936
 4371.3760 0.936
 4371.4756 0.936
 4371.5752 0.936
 4371.6748 0.936
 4371.7744 0.936
 4371.8740 0.936
 4371.9736 0.936
 4372.0732 0.936
 4372.1729 0.936
 4372.2725 0.936
 4372.3721 0.936
 4372.4717 0.936
 4372.5713 0.936
 4372.6709 0.936
 4372.7705 0.936
 4372.8701 0.936
 4372.9697 0.936
 4373.0693 0.936
 4373.1689 0.936
 4373.2686 0.936
 4373.3682 0.936
 4373.4678 0.936
 4373.5674 0.936
 4373.6670 0.937
 4373.7666 0.937
 4373.8662 0.936
 4373.9658 0.936
 4374.0654 0.936
 4374.1650 0.936
 4374.2646 0.936
 4374.3643 0.936
 4374.4639 0.936
 4374.5635 0.936
 4374.6631 0.936
 4374.7627 0.936
 4374.8623 0.936
 4374.9619 0.936
 4375.0615 0.936
 4375.1611 0.936
 4375.2607 0.936
 4375.3604 0.937
 4375.4600 0.937
 4375.5596 0.937
 4375.6592 0.937
 4375.7588 0.937
 4375.8584 0.937
 4375.9580 0.937
 4376.0576 0.937
 4376.1572 0.937
 4376.2568 0.936
 4376.3564 0.936
 4376.4561 0.936
 4376.5557 0.936
 4376.6553 0.936
 4376.7549 0.936
 4376.8545 0.936
 4376.9541 0.936
 4377.0537 0.937
 4377.1533 0.937
 4377.2529 0.937
 4377.3525 0.937
 4377.4521 0.937
 4377.5518 0.937
 4377.6514 0.937
 4377.7510 0.937
 4377.8506 0.937
 4377.9502 0.937
 4378.0498 0.937
 4378.1494 0.937
 4378.2490 0.937
 4378.3486 0.937
 4378.4482 0.937
 4378.5479 0.937
 4378.6475 0.937
 4378.7471 0.937
 4378.8467 0.937
 4378.9463 0.937
 4379.0459 0.937
 4379.1455 0.937
 4379.2451 0.937
 4379.3447 0.937
 4379.4443 0.937
 4379.5439 0.938
 4379.6436 0.938
 4379.7432 0.937
 4379.8428 0.938
 4379.9424 0.938
 4380.0420 0.938
 4380.1416 0.937
 4380.2412 0.937
 4380.3408 0.937
 4380.4404 0.937
 4380.5400 0.937
 4380.6396 0.937
 4380.7393 0.937
 4380.8389 0.937
 4380.9385 0.937
 4381.0381 0.937
 4381.1377 0.937
 4381.2373 0.937
 4381.3369 0.938
 4381.4365 0.938
 4381.5361 0.938
 4381.6357 0.938
 4381.7354 0.938
 4381.8350 0.938
 4381.9346 0.938
 4382.0342 0.938
 4382.1338 0.938
 4382.2334 0.938
 4382.3330 0.938
 4382.4326 0.938
 4382.5322 0.938
 4382.6318 0.938
 4382.7314 0.938
 4382.8311 0.938
 4382.9307 0.938
 4383.0303 0.938
 4383.1299 0.938
 4383.2295 0.938
 4383.3291 0.938
 4383.4287 0.938
 4383.5283 0.937
 4383.6279 0.937
 4383.7275 0.937
 4383.8271 0.937
 4383.9268 0.937
 4384.0264 0.937
 4384.1260 0.937
 4384.2256 0.937
 4384.3252 0.937
 4384.4248 0.938
 4384.5244 0.938
 4384.6240 0.938
 4384.7236 0.938
 4384.8232 0.938
 4384.9229 0.938
 4385.0225 0.938
 4385.1221 0.938
 4385.2217 0.938
 4385.3213 0.938
 4385.4209 0.938
 4385.5205 0.938
 4385.6201 0.938
 4385.7197 0.938
 4385.8193 0.938
 4385.9189 0.938
 4386.0186 0.938
 4386.1182 0.938
 4386.2178 0.938
 4386.3174 0.938
 4386.4170 0.938
 4386.5166 0.938
 4386.6162 0.938
 4386.7158 0.938
 4386.8154 0.938
 4386.9150 0.938
 4387.0146 0.938
 4387.1143 0.938
 4387.2139 0.938
 4387.3135 0.938
 4387.4131 0.938
 4387.5127 0.938
 4387.6123 0.938
 4387.7119 0.938
 4387.8115 0.937
 4387.9111 0.937
 4388.0107 0.937
 4388.1104 0.938
 4388.2100 0.938
 4388.3096 0.938
 4388.4092 0.938
 4388.5088 0.938
 4388.6084 0.938
 4388.7080 0.938
 4388.8076 0.938
 4388.9072 0.938
 4389.0068 0.938
 4389.1064 0.938
 4389.2061 0.938
 4389.3057 0.939
 4389.4053 0.939
 4389.5049 0.939
 4389.6045 0.939
 4389.7041 0.939
 4389.8037 0.939
 4389.9033 0.939
 4390.0029 0.939
 4390.1025 0.939
 4390.2021 0.939
 4390.3018 0.939
 4390.4014 0.939
 4390.5010 0.939
 4390.6006 0.939
 4390.7002 0.939
 4390.7998 0.939
 4390.8994 0.939
 4390.9990 0.939
 4391.0986 0.939
 4391.1982 0.939
 4391.2979 0.939
 4391.3975 0.939
 4391.4971 0.939
 4391.5967 0.939
 4391.6963 0.939
 4391.7959 0.939
 4391.8955 0.939
 4391.9951 0.939
 4392.0947 0.939
 4392.1943 0.939
 4392.2939 0.939
 4392.3936 0.939
 4392.4932 0.939
 4392.5928 0.939
 4392.6924 0.938
 4392.7920 0.938
 4392.8916 0.939
 4392.9912 0.939
 4393.0908 0.939
 4393.1904 0.939
 4393.2900 0.939
 4393.3896 0.939
 4393.4893 0.939
 4393.5889 0.939
 4393.6885 0.939
 4393.7881 0.939
 4393.8877 0.939
 4393.9873 0.939
 4394.0869 0.939
 4394.1865 0.939
 4394.2861 0.939
 4394.3857 0.939
 4394.4854 0.939
 4394.5850 0.939
 4394.6846 0.939
 4394.7842 0.939
 4394.8838 0.939
 4394.9834 0.939
 4395.0830 0.939
 4395.1826 0.939
 4395.2822 0.939
 4395.3818 0.939
 4395.4814 0.939
 4395.5811 0.939
 4395.6807 0.939
 4395.7803 0.939
 4395.8799 0.939
 4395.9795 0.939
 4396.0791 0.939
 4396.1787 0.939
 4396.2783 0.939
 4396.3779 0.939
 4396.4775 0.939
 4396.5771 0.939
 4396.6768 0.939
 4396.7764 0.939
 4396.8760 0.939
 4396.9756 0.939
 4397.0752 0.939
 4397.1748 0.939
 4397.2744 0.939
 4397.3740 0.939
 4397.4736 0.939
 4397.5732 0.939
 4397.6729 0.939
 4397.7725 0.939
 4397.8721 0.939
 4397.9717 0.939
 4398.0713 0.940
 4398.1709 0.939
 4398.2705 0.939
 4398.3701 0.939
 4398.4697 0.939
 4398.5693 0.939
 4398.6689 0.939
 4398.7686 0.939
 4398.8682 0.939
 4398.9678 0.939
 4399.0674 0.939
 4399.1670 0.939
 4399.2666 0.939
 4399.3662 0.939
 4399.4658 0.939
 4399.5654 0.940
 4399.6650 0.940
 4399.7646 0.940
 4399.8643 0.940
 4399.9639 0.940
 4400.0635 0.940
 4400.1631 0.940
 4400.2627 0.940
 4400.3623 0.940
 4400.4619 0.940
 4400.5615 0.940
 4400.6611 0.940
 4400.7607 0.939
 4400.8604 0.939
 4400.9600 0.939
 4401.0596 0.939
 4401.1592 0.939
 4401.2588 0.939
 4401.3584 0.939
 4401.4580 0.939
 4401.5576 0.939
 4401.6572 0.939
 4401.7568 0.939
 4401.8564 0.940
 4401.9561 0.940
 4402.0557 0.940
 4402.1553 0.940
 4402.2549 0.940
 4402.3545 0.940
 4402.4541 0.940
 4402.5537 0.940
 4402.6533 0.940
 4402.7529 0.940
 4402.8525 0.940
 4402.9521 0.940
 4403.0518 0.940
 4403.1514 0.940
 4403.2510 0.940
 4403.3506 0.940
 4403.4502 0.940
 4403.5498 0.940
 4403.6494 0.940
 4403.7490 0.939
 4403.8486 0.939
 4403.9482 0.939
 4404.0479 0.939
 4404.1475 0.939
 4404.2471 0.939
 4404.3467 0.939
 4404.4463 0.940
 4404.5459 0.940
 4404.6455 0.940
 4404.7451 0.940
 4404.8447 0.940
 4404.9443 0.940
 4405.0439 0.940
 4405.1436 0.940
 4405.2432 0.940
 4405.3428 0.940
 4405.4424 0.940
 4405.5420 0.940
 4405.6416 0.940
 4405.7412 0.940
 4405.8408 0.940
 4405.9404 0.940
 4406.0400 0.940
 4406.1396 0.940
 4406.2393 0.940
 4406.3389 0.940
 4406.4385 0.940
 4406.5381 0.940
 4406.6377 0.941
 4406.7373 0.941
 4406.8369 0.941
 4406.9365 0.941
 4407.0361 0.941
 4407.1357 0.941
 4407.2354 0.941
 4407.3350 0.941
 4407.4346 0.941
 4407.5342 0.941
 4407.6338 0.941
 4407.7334 0.941
 4407.8330 0.941
 4407.9326 0.941
 4408.0322 0.941
 4408.1318 0.941
 4408.2314 0.941
 4408.3311 0.941
 4408.4307 0.941
 4408.5303 0.941
 4408.6299 0.941
 4408.7295 0.940
 4408.8291 0.940
 4408.9287 0.940
 4409.0283 0.940
 4409.1279 0.940
 4409.2275 0.940
 4409.3271 0.940
 4409.4268 0.940
 4409.5264 0.941
 4409.6260 0.941
 4409.7256 0.941
 4409.8252 0.941
 4409.9248 0.941
 4410.0244 0.941
 4410.1240 0.941
 4410.2236 0.941
 4410.3232 0.941
 4410.4229 0.941
 4410.5225 0.941
 4410.6221 0.941
 4410.7217 0.940
 4410.8213 0.940
 4410.9209 0.940
 4411.0205 0.940
 4411.1201 0.940
 4411.2197 0.940
 4411.3193 0.941
 4411.4189 0.941
 4411.5186 0.941
 4411.6182 0.941
 4411.7178 0.941
 4411.8174 0.941
 4411.9170 0.941
 4412.0166 0.941
 4412.1162 0.941
 4412.2158 0.941
 4412.3154 0.941
 4412.4150 0.940
 4412.5146 0.940
 4412.6143 0.940
 4412.7139 0.940
 4412.8135 0.940
 4412.9131 0.941
 4413.0127 0.941
 4413.1123 0.941
 4413.2119 0.941
 4413.3115 0.941
 4413.4111 0.941
 4413.5107 0.941
 4413.6104 0.941
 4413.7100 0.941
 4413.8096 0.941
 4413.9092 0.941
 4414.0088 0.941
 4414.1084 0.941
 4414.2080 0.941
 4414.3076 0.941
 4414.4072 0.941
 4414.5068 0.941
 4414.6064 0.941
 4414.7061 0.941
 4414.8057 0.941
 4414.9053 0.941
 4415.0049 0.941
 4415.1045 0.941
 4415.2041 0.942
 4415.3037 0.942
 4415.4033 0.942
 4415.5029 0.942
 4415.6025 0.942
 4415.7021 0.941
 4415.8018 0.941
 4415.9014 0.941
 4416.0010 0.941
 4416.1006 0.941
 4416.2002 0.941
 4416.2998 0.941
 4416.3994 0.941
 4416.4990 0.941
 4416.5986 0.941
 4416.6982 0.941
 4416.7979 0.941
 4416.8975 0.941
 4416.9971 0.941
 4417.0967 0.942
 4417.1963 0.942
 4417.2959 0.942
 4417.3955 0.942
 4417.4951 0.942
 4417.5947 0.942
 4417.6943 0.942
 4417.7939 0.942
 4417.8936 0.942
 4417.9932 0.942
 4418.0928 0.942
 4418.1924 0.942
 4418.2920 0.942
 4418.3916 0.942
 4418.4912 0.942
 4418.5908 0.942
 4418.6904 0.942
 4418.7900 0.942
 4418.8896 0.942
 4418.9893 0.942
 4419.0889 0.941
 4419.1885 0.941
 4419.2881 0.941
 4419.3877 0.941
 4419.4873 0.941
 4419.5869 0.942
 4419.6865 0.942
 4419.7861 0.942
 4419.8857 0.942
 4419.9854 0.942
 4420.0850 0.942
 4420.1846 0.942
 4420.2842 0.942
 4420.3838 0.942
 4420.4834 0.943
 4420.5830 0.943
 4420.6826 0.943
 4420.7822 0.943
 4420.8818 0.943
 4420.9814 0.943
 4421.0811 0.943
 4421.1807 0.943
 4421.2803 0.943
 4421.3799 0.943
 4421.4795 0.943
 4421.5791 0.943
 4421.6787 0.943
 4421.7783 0.943
 4421.8779 0.943
 4421.9775 0.943
 4422.0771 0.942
 4422.1768 0.942
 4422.2764 0.942
 4422.3760 0.942
 4422.4756 0.942
 4422.5752 0.942
 4422.6748 0.942
 4422.7744 0.942
 4422.8740 0.943
 4422.9736 0.943
 4423.0732 0.943
 4423.1729 0.943
 4423.2725 0.943
 4423.3721 0.943
 4423.4717 0.943
 4423.5713 0.943
 4423.6709 0.943
 4423.7705 0.943
 4423.8701 0.943
 4423.9697 0.942
 4424.0693 0.942
 4424.1689 0.942
 4424.2686 0.942
 4424.3682 0.942
 4424.4678 0.942
 4424.5674 0.942
 4424.6670 0.943
 4424.7666 0.943
 4424.8662 0.943
 4424.9658 0.943
 4425.0654 0.943
 4425.1650 0.943
 4425.2646 0.943
 4425.3643 0.943
 4425.4639 0.943
 4425.5635 0.943
 4425.6631 0.943
 4425.7627 0.943
 4425.8623 0.943
 4425.9619 0.943
 4426.0615 0.943
 4426.1611 0.943
 4426.2607 0.943
 4426.3604 0.943
 4426.4600 0.943
 4426.5596 0.943
 4426.6592 0.943
 4426.7588 0.943
 4426.8584 0.943
 4426.9580 0.943
 4427.0576 0.944
 4427.1572 0.944
 4427.2568 0.944
 4427.3564 0.944
 4427.4561 0.944
 4427.5557 0.944
 4427.6553 0.944
 4427.7549 0.944
 4427.8545 0.944
 4427.9541 0.944
 4428.0537 0.944
 4428.1533 0.944
 4428.2529 0.944
 4428.3525 0.944
 4428.4521 0.944
 4428.5518 0.944
 4428.6514 0.944
 4428.7510 0.944
 4428.8506 0.944
 4428.9502 0.944
 4429.0498 0.944
 4429.1494 0.943
 4429.2490 0.943
 4429.3486 0.943
 4429.4482 0.943
 4429.5479 0.943
 4429.6475 0.943
 4429.7471 0.944
 4429.8467 0.944
 4429.9463 0.944
 4430.0459 0.944
 4430.1455 0.944
 4430.2451 0.944
 4430.3447 0.944
 4430.4443 0.944
 4430.5439 0.944
 4430.6436 0.944
 4430.7432 0.944
 4430.8428 0.944
 4430.9424 0.944
 4431.0420 0.944
 4431.1416 0.943
 4431.2412 0.943
 4431.3408 0.943
 4431.4404 0.943
 4431.5400 0.943
 4431.6396 0.944
 4431.7393 0.944
 4431.8389 0.944
 4431.9385 0.944
 4432.0381 0.944
 4432.1377 0.944
 4432.2373 0.944
 4432.3369 0.944
 4432.4365 0.944
 4432.5361 0.944
 4432.6357 0.944
 4432.7354 0.944
 4432.8350 0.944
 4432.9346 0.944
 4433.0342 0.944
 4433.1338 0.943
 4433.2334 0.943
 4433.3330 0.943
 4433.4326 0.943
 4433.5322 0.943
 4433.6318 0.944
 4433.7314 0.944
 4433.8311 0.944
 4433.9307 0.944
 4434.0303 0.944
 4434.1299 0.944
 4434.2295 0.944
 4434.3291 0.944
 4434.4287 0.944
 4434.5283 0.944
 4434.6279 0.944
 4434.7275 0.944
 4434.8271 0.944
 4434.9268 0.944
 4435.0264 0.945
 4435.1260 0.945
 4435.2256 0.944
 4435.3252 0.944
 4435.4248 0.944
 4435.5244 0.944
 4435.6240 0.944
 4435.7236 0.944
 4435.8232 0.944
 4435.9229 0.944
 4436.0225 0.945
 4436.1221 0.945
 4436.2217 0.945
 4436.3213 0.945
 4436.4209 0.945
 4436.5205 0.945
 4436.6201 0.945
 4436.7197 0.944
 4436.8193 0.944
 4436.9189 0.944
 4437.0186 0.944
 4437.1182 0.944
 4437.2178 0.944
 4437.3174 0.944
 4437.4170 0.944
 4437.5166 0.944
 4437.6162 0.944
 4437.7158 0.945
 4437.8154 0.945
 4437.9150 0.945
 4438.0146 0.945
 4438.1143 0.945
 4438.2139 0.945
 4438.3135 0.945
 4438.4131 0.945
 4438.5127 0.945
 4438.6123 0.945
 4438.7119 0.945
 4438.8115 0.944
 4438.9111 0.944
 4439.0107 0.944
 4439.1104 0.944
 4439.2100 0.944
 4439.3096 0.944
 4439.4092 0.944
 4439.5088 0.944
 4439.6084 0.944
 4439.7080 0.944
 4439.8076 0.945
 4439.9072 0.945
 4440.0068 0.945
 4440.1064 0.945
 4440.2061 0.945
 4440.3057 0.945
 4440.4053 0.945
 4440.5049 0.945
 4440.6045 0.945
 4440.7041 0.945
 4440.8037 0.945
 4440.9033 0.945
 4441.0029 0.945
 4441.1025 0.945
 4441.2021 0.945
 4441.3018 0.945
 4441.4014 0.945
 4441.5010 0.945
 4441.6006 0.945
 4441.7002 0.945
 4441.7998 0.945
 4441.8994 0.945
 4441.9990 0.945
 4442.0986 0.945
 4442.1982 0.945
 4442.2979 0.945
 4442.3975 0.946
 4442.4971 0.946
 4442.5967 0.946
 4442.6963 0.945
 4442.7959 0.945
 4442.8955 0.945
 4442.9951 0.945
 4443.0947 0.945
 4443.1943 0.945
 4443.2939 0.945
 4443.3936 0.945
 4443.4932 0.945
 4443.5928 0.945
 4443.6924 0.945
 4443.7920 0.945
 4443.8916 0.945
 4443.9912 0.945
 4444.0908 0.946
 4444.1904 0.946
 4444.2900 0.946
 4444.3896 0.946
 4444.4893 0.946
 4444.5889 0.946
 4444.6885 0.946
 4444.7881 0.946
 4444.8877 0.946
 4444.9873 0.946
 4445.0869 0.945
 4445.1865 0.945
 4445.2861 0.945
 4445.3857 0.945
 4445.4854 0.945
 4445.5850 0.945
 4445.6846 0.945
 4445.7842 0.945
 4445.8838 0.945
 4445.9834 0.945
 4446.0830 0.945
 4446.1826 0.945
 4446.2822 0.945
 4446.3818 0.945
 4446.4814 0.945
 4446.5811 0.946
 4446.6807 0.946
 4446.7803 0.946
 4446.8799 0.946
 4446.9795 0.946
 4447.0791 0.946
 4447.1787 0.946
 4447.2783 0.946
 4447.3779 0.946
 4447.4775 0.946
 4447.5771 0.946
 4447.6768 0.946
 4447.7764 0.946
 4447.8760 0.946
 4447.9756 0.946
 4448.0752 0.946
 4448.1748 0.946
 4448.2744 0.946
 4448.3740 0.946
 4448.4736 0.946
 4448.5732 0.946
 4448.6729 0.946
 4448.7725 0.946
 4448.8721 0.946
 4448.9717 0.946
 4449.0713 0.946
 4449.1709 0.946
 4449.2705 0.946
 4449.3701 0.946
 4449.4697 0.945
 4449.5693 0.945
 4449.6689 0.945
 4449.7686 0.946
 4449.8682 0.946
 4449.9678 0.946
 4450.0674 0.946
 4450.1670 0.946
 4450.2666 0.946
 4450.3662 0.946
 4450.4658 0.946
 4450.5654 0.946
 4450.6650 0.946
 4450.7646 0.947
 4450.8643 0.946
 4450.9639 0.947
 4451.0635 0.947
 4451.1631 0.947
 4451.2627 0.947
 4451.3623 0.947
 4451.4619 0.947
 4451.5615 0.947
 4451.6611 0.947
 4451.7607 0.947
 4451.8604 0.947
 4451.9600 0.947
 4452.0596 0.946
 4452.1592 0.946
 4452.2588 0.946
 4452.3584 0.946
 4452.4580 0.946
 4452.5576 0.946
 4452.6572 0.946
 4452.7568 0.946
 4452.8564 0.946
 4452.9561 0.947
 4453.0557 0.947
 4453.1553 0.947
 4453.2549 0.947
 4453.3545 0.947
 4453.4541 0.947
 4453.5537 0.947
 4453.6533 0.947
 4453.7529 0.947
 4453.8525 0.947
 4453.9521 0.947
 4454.0518 0.947
 4454.1514 0.947
 4454.2510 0.947
 4454.3506 0.947
 4454.4502 0.947
 4454.5498 0.947
 4454.6494 0.947
 4454.7490 0.947
 4454.8486 0.947
 4454.9482 0.947
 4455.0479 0.947
 4455.1475 0.947
 4455.2471 0.947
 4455.3467 0.947
 4455.4463 0.947
 4455.5459 0.947
 4455.6455 0.947
 4455.7451 0.947
 4455.8447 0.947
 4455.9443 0.947
 4456.0439 0.947
 4456.1436 0.947
 4456.2432 0.947
 4456.3428 0.947
 4456.4424 0.947
 4456.5420 0.947
 4456.6416 0.947
 4456.7412 0.947
 4456.8408 0.947
 4456.9404 0.947
 4457.0400 0.946
 4457.1396 0.946
 4457.2393 0.946
 4457.3389 0.946
 4457.4385 0.946
 4457.5381 0.946
 4457.6377 0.946
 4457.7373 0.947
 4457.8369 0.947
 4457.9365 0.947
 4458.0361 0.947
 4458.1357 0.947
 4458.2354 0.947
 4458.3350 0.947
 4458.4346 0.947
 4458.5342 0.947
 4458.6338 0.947
 4458.7334 0.947
 4458.8330 0.947
 4458.9326 0.947
 4459.0322 0.947
 4459.1318 0.946
 4459.2314 0.946
 4459.3311 0.946
 4459.4307 0.946
 4459.5303 0.946
 4459.6299 0.946
 4459.7295 0.947
 4459.8291 0.947
 4459.9287 0.947
 4460.0283 0.947
 4460.1279 0.947
 4460.2275 0.947
 4460.3271 0.947
 4460.4268 0.947
 4460.5264 0.947
 4460.6260 0.947
 4460.7256 0.947
 4460.8252 0.947
 4460.9248 0.947
 4461.0244 0.947
 4461.1240 0.947
 4461.2236 0.947
 4461.3232 0.947
 4461.4229 0.947
 4461.5225 0.947
 4461.6221 0.947
 4461.7217 0.947
 4461.8213 0.947
 4461.9209 0.947
 4462.0205 0.947
 4462.1201 0.947
 4462.2197 0.947
 4462.3193 0.947
 4462.4189 0.948
 4462.5186 0.948
 4462.6182 0.948
 4462.7178 0.948
 4462.8174 0.948
 4462.9170 0.948
 4463.0166 0.948
 4463.1162 0.947
 4463.2158 0.947
 4463.3154 0.947
 4463.4150 0.947
 4463.5146 0.947
 4463.6143 0.947
 4463.7139 0.947
 4463.8135 0.947
 4463.9131 0.947
 4464.0127 0.948
 4464.1123 0.948
 4464.2119 0.948
 4464.3115 0.948
 4464.4111 0.948
 4464.5107 0.948
 4464.6104 0.948
 4464.7100 0.948
 4464.8096 0.948
 4464.9092 0.947
 4465.0088 0.947
 4465.1084 0.947
 4465.2080 0.947
 4465.3076 0.947
 4465.4072 0.947
 4465.5068 0.947
 4465.6064 0.948
 4465.7061 0.948
 4465.8057 0.948
 4465.9053 0.948
 4466.0049 0.948
 4466.1045 0.948
 4466.2041 0.948
 4466.3037 0.948
 4466.4033 0.948
 4466.5029 0.948
 4466.6025 0.948
 4466.7021 0.947
 4466.8018 0.947
 4466.9014 0.947
 4467.0010 0.947
 4467.1006 0.947
 4467.2002 0.947
 4467.2998 0.947
 4467.3994 0.947
 4467.4990 0.947
 4467.5986 0.948
 4467.6982 0.948
 4467.7979 0.948
 4467.8975 0.948
 4467.9971 0.948
 4468.0967 0.948
 4468.1963 0.948
 4468.2959 0.948
 4468.3955 0.948
 4468.4951 0.948
 4468.5947 0.948
 4468.6943 0.947
 4468.7939 0.947
 4468.8936 0.947
 4468.9932 0.947
 4469.0928 0.947
 4469.1924 0.948
 4469.2920 0.948
 4469.3916 0.948
 4469.4912 0.948
 4469.5908 0.948
 4469.6904 0.948
 4469.7900 0.948
 4469.8896 0.948
 4469.9893 0.948
 4470.0889 0.948
 4470.1885 0.949
 4470.2881 0.949
 4470.3877 0.949
 4470.4873 0.949
 4470.5869 0.949
 4470.6865 0.949
 4470.7861 0.949
 4470.8857 0.949
 4470.9854 0.949
 4471.0850 0.949
 4471.1846 0.949
 4471.2842 0.949
 4471.3838 0.949
 4471.4834 0.949
 4471.5830 0.949
 4471.6826 0.949
 4471.7822 0.949
 4471.8818 0.949
 4471.9814 0.949
 4472.0811 0.949
 4472.1807 0.949
 4472.2803 0.949
 4472.3799 0.949
 4472.4795 0.948
 4472.5791 0.948
 4472.6787 0.948
 4472.7783 0.948
 4472.8779 0.948
 4472.9775 0.948
 4473.0771 0.948
 4473.1768 0.948
 4473.2764 0.949
 4473.3760 0.949
 4473.4756 0.949
 4473.5752 0.949
 4473.6748 0.949
 4473.7744 0.949
 4473.8740 0.949
 4473.9736 0.949
 4474.0732 0.949
 4474.1729 0.948
 4474.2725 0.948
 4474.3721 0.948
 4474.4717 0.948
 4474.5713 0.948
 4474.6709 0.948
 4474.7705 0.949
 4474.8701 0.949
 4474.9697 0.949
 4475.0693 0.949
 4475.1689 0.949
 4475.2686 0.949
 4475.3682 0.949
 4475.4678 0.949
 4475.5674 0.949
 4475.6670 0.949
 4475.7666 0.949
 4475.8662 0.949
 4475.9658 0.949
 4476.0654 0.949
 4476.1650 0.949
 4476.2646 0.949
 4476.3643 0.949
 4476.4639 0.949
 4476.5635 0.949
 4476.6631 0.949
 4476.7627 0.949
 4476.8623 0.949
 4476.9619 0.949
 4477.0615 0.949
 4477.1611 0.949
 4477.2607 0.949
 4477.3604 0.949
 4477.4600 0.949
 4477.5596 0.949
 4477.6592 0.949
 4477.7588 0.949
 4477.8584 0.949
 4477.9580 0.949
 4478.0576 0.949
 4478.1572 0.949
 4478.2568 0.949
 4478.3564 0.949
 4478.4561 0.949
 4478.5557 0.949
 4478.6553 0.949
 4478.7549 0.949
 4478.8545 0.949
 4478.9541 0.950
 4479.0537 0.950
 4479.1533 0.949
 4479.2529 0.950
 4479.3525 0.950
 4479.4521 0.950
 4479.5518 0.950
 4479.6514 0.950
 4479.7510 0.950
 4479.8506 0.950
 4479.9502 0.950
 4480.0498 0.950
 4480.1494 0.950
 4480.2490 0.950
 4480.3486 0.950
 4480.4482 0.950
 4480.5479 0.950
 4480.6475 0.950
 4480.7471 0.950
 4480.8467 0.950
 4480.9463 0.950
 4481.0459 0.950
 4481.1455 0.950
 4481.2451 0.950
 4481.3447 0.950
 4481.4443 0.950
 4481.5439 0.950
 4481.6436 0.950
 4481.7432 0.950
 4481.8428 0.950
 4481.9424 0.950
 4482.0420 0.950
 4482.1416 0.949
 4482.2412 0.949
 4482.3408 0.949
 4482.4404 0.949
 4482.5400 0.949
 4482.6396 0.949
 4482.7393 0.949
 4482.8389 0.950
 4482.9385 0.950
 4483.0381 0.950
 4483.1377 0.950
 4483.2373 0.950
 4483.3369 0.950
 4483.4365 0.950
 4483.5361 0.950
 4483.6357 0.950
 4483.7354 0.949
 4483.8350 0.949
 4483.9346 0.949
 4484.0342 0.949
 4484.1338 0.949
 4484.2334 0.949
 4484.3330 0.949
 4484.4326 0.949
 4484.5322 0.950
 4484.6318 0.950
 4484.7314 0.950
 4484.8311 0.950
 4484.9307 0.950
 4485.0303 0.950
 4485.1299 0.950
 4485.2295 0.950
 4485.3291 0.950
 4485.4287 0.950
 4485.5283 0.950
 4485.6279 0.950
 4485.7275 0.950
 4485.8271 0.950
 4485.9268 0.950
 4486.0264 0.950
 4486.1260 0.950
 4486.2256 0.950
 4486.3252 0.950
 4486.4248 0.950
 4486.5244 0.950
 4486.6240 0.950
 4486.7236 0.950
 4486.8232 0.950
 4486.9229 0.951
 4487.0225 0.951
 4487.1221 0.951
 4487.2217 0.951
 4487.3213 0.951
 4487.4209 0.951
 4487.5205 0.951
 4487.6201 0.951
 4487.7197 0.950
 4487.8193 0.950
 4487.9189 0.950
 4488.0186 0.950
 4488.1182 0.950
 4488.2178 0.950
 4488.3174 0.950
 4488.4170 0.950
 4488.5166 0.950
 4488.6162 0.950
 4488.7158 0.950
 4488.8154 0.951
 4488.9150 0.951
 4489.0146 0.951
 4489.1143 0.951
 4489.2139 0.951
 4489.3135 0.951
 4489.4131 0.951
 4489.5127 0.951
 4489.6123 0.951
 4489.7119 0.950
 4489.8115 0.950
 4489.9111 0.950
 4490.0107 0.950
 4490.1104 0.950
 4490.2100 0.950
 4490.3096 0.950
 4490.4092 0.951
 4490.5088 0.951
 4490.6084 0.951
 4490.7080 0.951
 4490.8076 0.951
 4490.9072 0.951
 4491.0068 0.951
 4491.1064 0.951
 4491.2061 0.951
 4491.3057 0.951
 4491.4053 0.951
 4491.5049 0.951
 4491.6045 0.951
 4491.7041 0.951
 4491.8037 0.951
 4491.9033 0.951
 4492.0029 0.950
 4492.1025 0.950
 4492.2021 0.950
 4492.3018 0.950
 4492.4014 0.950
 4492.5010 0.950
 4492.6006 0.950
 4492.7002 0.950
 4492.7998 0.950
 4492.8994 0.950
 4492.9990 0.950
 4493.0986 0.950
 4493.1982 0.950
 4493.2979 0.950
 4493.3975 0.950
 4493.4971 0.950
 4493.5967 0.950
 4493.6963 0.950
 4493.7959 0.951
 4493.8955 0.951
 4493.9951 0.951
 4494.0947 0.951
 4494.1943 0.951
 4494.2939 0.951
 4494.3936 0.951
 4494.4932 0.951
 4494.5928 0.951
 4494.6924 0.951
 4494.7920 0.951
 4494.8916 0.951
 4494.9912 0.951
 4495.0908 0.951
 4495.1904 0.950
 4495.2900 0.950
 4495.3896 0.950
 4495.4893 0.950
 4495.5889 0.950
 4495.6885 0.950
 4495.7881 0.950
 4495.8877 0.951
 4495.9873 0.951
 4496.0869 0.951
 4496.1865 0.951
 4496.2861 0.951
 4496.3857 0.951
 4496.4854 0.951
 4496.5850 0.951
 4496.6846 0.951
 4496.7842 0.951
 4496.8838 0.951
 4496.9834 0.951
 4497.0830 0.951
 4497.1826 0.951
 4497.2822 0.951
 4497.3818 0.951
 4497.4814 0.951
 4497.5811 0.951
 4497.6807 0.951
 4497.7803 0.951
 4497.8799 0.952
 4497.9795 0.952
 4498.0791 0.952
 4498.1787 0.952
 4498.2783 0.952
 4498.3779 0.952
 4498.4775 0.952
 4498.5771 0.951
 4498.6768 0.951
 4498.7764 0.951
 4498.8760 0.951
 4498.9756 0.951
 4499.0752 0.951
 4499.1748 0.951
 4499.2744 0.951
 4499.3740 0.951
 4499.4736 0.952
 4499.5732 0.952
 4499.6729 0.952
 4499.7725 0.952
 4499.8721 0.952
 4499.9717 0.952
 4500.0713 0.952
 4500.1709 0.952
 4500.2705 0.952
 4500.3701 0.952
 4500.4697 0.952
 4500.5693 0.952
 4500.6689 0.952
 4500.7686 0.952
 4500.8682 0.952
 4500.9678 0.952
 4501.0674 0.952
 4501.1670 0.952
 4501.2666 0.952
 4501.3662 0.951
 4501.4658 0.952
 4501.5654 0.952
 4501.6650 0.952
 4501.7646 0.952
 4501.8643 0.952
 4501.9639 0.952
 4502.0635 0.952
 4502.1631 0.952
 4502.2627 0.952
 4502.3623 0.952
 4502.4619 0.952
 4502.5615 0.953
 4502.6611 0.952
 4502.7607 0.952
 4502.8604 0.952
 4502.9600 0.952
 4503.0596 0.952
 4503.1592 0.952
 4503.2588 0.952
 4503.3584 0.952
 4503.4580 0.952
 4503.5576 0.952
 4503.6572 0.952
 4503.7568 0.952
 4503.8564 0.952
 4503.9561 0.952
 4504.0557 0.952
 4504.1553 0.952
 4504.2549 0.952
 4504.3545 0.952
 4504.4541 0.952
 4504.5537 0.953
 4504.6533 0.953
 4504.7529 0.953
 4504.8525 0.953
 4504.9521 0.953
 4505.0518 0.953
 4505.1514 0.953
 4505.2510 0.953
 4505.3506 0.953
 4505.4502 0.953
 4505.5498 0.953
 4505.6494 0.953
 4505.7490 0.953
 4505.8486 0.953
 4505.9482 0.953
 4506.0479 0.953
 4506.1475 0.953
 4506.2471 0.953
 4506.3467 0.953
 4506.4463 0.953
 4506.5459 0.953
 4506.6455 0.953
 4506.7451 0.953
 4506.8447 0.953
 4506.9443 0.953
 4507.0439 0.953
 4507.1436 0.953
 4507.2432 0.953
 4507.3428 0.953
 4507.4424 0.952
 4507.5420 0.952
 4507.6416 0.952
 4507.7412 0.952
 4507.8408 0.953
 4507.9404 0.953
 4508.0400 0.953
 4508.1396 0.953
 4508.2393 0.953
 4508.3389 0.953
 4508.4385 0.953
 4508.5381 0.953
 4508.6377 0.953
 4508.7373 0.953
 4508.8369 0.953
 4508.9365 0.953
 4509.0361 0.953
 4509.1357 0.953
 4509.2354 0.953
 4509.3350 0.953
 4509.4346 0.953
 4509.5342 0.953
 4509.6338 0.953
 4509.7334 0.953
 4509.8330 0.953
 4509.9326 0.953
 4510.0322 0.953
 4510.1318 0.953
 4510.2314 0.953
 4510.3311 0.953
 4510.4307 0.953
 4510.5303 0.953
 4510.6299 0.953
 4510.7295 0.953
 4510.8291 0.953
 4510.9287 0.953
 4511.0283 0.953
 4511.1279 0.953
 4511.2275 0.953
 4511.3271 0.953
 4511.4268 0.954
 4511.5264 0.954
 4511.6260 0.954
 4511.7256 0.954
 4511.8252 0.954
 4511.9248 0.954
 4512.0244 0.954
 4512.1240 0.953
 4512.2236 0.953
 4512.3232 0.953
 4512.4229 0.953
 4512.5225 0.953
 4512.6221 0.953
 4512.7217 0.953
 4512.8213 0.953
 4512.9209 0.953
 4513.0205 0.953
 4513.1201 0.953
 4513.2197 0.953
 4513.3193 0.954
 4513.4189 0.954
 4513.5186 0.954
 4513.6182 0.953
 4513.7178 0.953
 4513.8174 0.953
 4513.9170 0.954
 4514.0166 0.954
 4514.1162 0.954
 4514.2158 0.954
 4514.3154 0.953
 4514.4150 0.954
 4514.5146 0.954
 4514.6143 0.954
 4514.7139 0.954
 4514.8135 0.954
 4514.9131 0.954
 4515.0127 0.954
 4515.1123 0.954
 4515.2119 0.954
 4515.3115 0.954
 4515.4111 0.954
 4515.5107 0.954
 4515.6104 0.954
 4515.7100 0.954
 4515.8096 0.954
 4515.9092 0.954
 4516.0088 0.954
 4516.1084 0.954
 4516.2080 0.954
 4516.3076 0.954
 4516.4072 0.954
 4516.5068 0.954
 4516.6064 0.954
 4516.7061 0.954
 4516.8057 0.954
 4516.9053 0.954
 4517.0049 0.954
 4517.1045 0.954
 4517.2041 0.954
 4517.3037 0.953
 4517.4033 0.953
 4517.5029 0.953
 4517.6025 0.953
 4517.7021 0.953
 4517.8018 0.953
 4517.9014 0.953
 4518.0010 0.953
 4518.1006 0.953
 4518.2002 0.953
 4518.2998 0.954
 4518.3994 0.954
 4518.4990 0.954
 4518.5986 0.954
 4518.6982 0.954
 4518.7979 0.954
 4518.8975 0.954
 4518.9971 0.954
 4519.0967 0.954
 4519.1963 0.954
 4519.2959 0.954
 4519.3955 0.953
 4519.4951 0.953
 4519.5947 0.953
 4519.6943 0.953
 4519.7939 0.953
 4519.8936 0.953
 4519.9932 0.953
 4520.0928 0.954
 4520.1924 0.954
 4520.2920 0.954
 4520.3916 0.954
 4520.4912 0.954
 4520.5908 0.954
 4520.6904 0.954
 4520.7900 0.954
 4520.8896 0.954
 4520.9893 0.954
 4521.0889 0.954
 4521.1885 0.954
 4521.2881 0.954
 4521.3877 0.954
 4521.4873 0.955
 4521.5869 0.955
 4521.6865 0.954
 4521.7861 0.954
 4521.8857 0.954
 4521.9854 0.954
 4522.0850 0.954
 4522.1846 0.954
 4522.2842 0.954
 4522.3838 0.954
 4522.4834 0.954
 4522.5830 0.954
 4522.6826 0.954
 4522.7822 0.954
 4522.8818 0.954
 4522.9814 0.955
 4523.0811 0.955
 4523.1807 0.955
 4523.2803 0.955
 4523.3799 0.955
 4523.4795 0.955
 4523.5791 0.955
 4523.6787 0.955
 4523.7783 0.955
 4523.8779 0.955
 4523.9775 0.955
 4524.0771 0.955
 4524.1768 0.955
 4524.2764 0.955
 4524.3760 0.955
 4524.4756 0.955
 4524.5752 0.954
 4524.6748 0.954
 4524.7744 0.954
 4524.8740 0.954
 4524.9736 0.954
 4525.0732 0.954
 4525.1729 0.954
 4525.2725 0.954
 4525.3721 0.955
 4525.4717 0.955
 4525.5713 0.955
 4525.6709 0.955
 4525.7705 0.955
 4525.8701 0.955
 4525.9697 0.955
 4526.0693 0.955
 4526.1689 0.955
 4526.2686 0.955
 4526.3682 0.955
 4526.4678 0.955
 4526.5674 0.954
 4526.6670 0.954
 4526.7666 0.954
 4526.8662 0.954
 4526.9658 0.955
 4527.0654 0.955
 4527.1650 0.955
 4527.2646 0.955
 4527.3643 0.955
 4527.4639 0.955
 4527.5635 0.955
 4527.6631 0.955
 4527.7627 0.955
 4527.8623 0.955
 4527.9619 0.955
 4528.0615 0.955
 4528.1611 0.955
 4528.2607 0.955
 4528.3604 0.955
 4528.4600 0.955
 4528.5596 0.955
 4528.6592 0.955
 4528.7588 0.955
 4528.8584 0.955
 4528.9580 0.955
 4529.0576 0.955
 4529.1572 0.955
 4529.2568 0.955
 4529.3564 0.955
 4529.4561 0.955
 4529.5557 0.955
 4529.6553 0.955
 4529.7549 0.955
 4529.8545 0.956
 4529.9541 0.956
 4530.0537 0.956
 4530.1533 0.956
 4530.2529 0.956
 4530.3525 0.956
 4530.4521 0.956
 4530.5518 0.956
 4530.6514 0.956
 4530.7510 0.956
 4530.8506 0.956
 4530.9502 0.956
 4531.0498 0.956
 4531.1494 0.956
 4531.2490 0.956
 4531.3486 0.956
 4531.4482 0.956
 4531.5479 0.956
 4531.6475 0.956
 4531.7471 0.955
 4531.8467 0.955
 4531.9463 0.955
 4532.0459 0.955
 4532.1455 0.955
 4532.2451 0.955
 4532.3447 0.955
 4532.4443 0.956
 4532.5439 0.956
 4532.6436 0.956
 4532.7432 0.956
 4532.8428 0.956
 4532.9424 0.956
 4533.0420 0.956
 4533.1416 0.956
 4533.2412 0.956
 4533.3408 0.956
 4533.4404 0.956
 4533.5400 0.955
 4533.6396 0.955
 4533.7393 0.955
 4533.8389 0.955
 4533.9385 0.955
 4534.0381 0.955
 4534.1377 0.955
 4534.2373 0.955
 4534.3369 0.955
 4534.4365 0.955
 4534.5361 0.955
 4534.6357 0.956
 4534.7354 0.956
 4534.8350 0.956
 4534.9346 0.956
 4535.0342 0.956
 4535.1338 0.956
 4535.2334 0.956
 4535.3330 0.956
 4535.4326 0.956
 4535.5322 0.956
 4535.6318 0.956
 4535.7314 0.956
 4535.8311 0.956
 4535.9307 0.956
 4536.0303 0.956
 4536.1299 0.956
 4536.2295 0.956
 4536.3291 0.956
 4536.4287 0.956
 4536.5283 0.956
 4536.6279 0.956
 4536.7275 0.956
 4536.8271 0.956
 4536.9268 0.956
 4537.0264 0.956
 4537.1260 0.956
 4537.2256 0.956
 4537.3252 0.956
 4537.4248 0.956
 4537.5244 0.956
 4537.6240 0.956
 4537.7236 0.956
 4537.8232 0.955
 4537.9229 0.955
 4538.0225 0.955
 4538.1221 0.955
 4538.2217 0.955
 4538.3213 0.955
 4538.4209 0.956
 4538.5205 0.956
 4538.6201 0.956
 4538.7197 0.956
 4538.8193 0.956
 4538.9189 0.956
 4539.0186 0.956
 4539.1182 0.956
 4539.2178 0.956
 4539.3174 0.956
 4539.4170 0.956
 4539.5166 0.956
 4539.6162 0.955
 4539.7158 0.955
 4539.8154 0.955
 4539.9150 0.955
 4540.0146 0.955
 4540.1143 0.955
 4540.2139 0.956
 4540.3135 0.956
 4540.4131 0.956
 4540.5127 0.956
 4540.6123 0.956
 4540.7119 0.956
 4540.8115 0.956
 4540.9111 0.956
 4541.0107 0.956
 4541.1104 0.956
 4541.2100 0.956
 4541.3096 0.957
 4541.4092 0.957
 4541.5088 0.957
 4541.6084 0.957
 4541.7080 0.957
 4541.8076 0.957
 4541.9072 0.957
 4542.0068 0.957
 4542.1064 0.957
 4542.2061 0.957
 4542.3057 0.957
 4542.4053 0.957
 4542.5049 0.957
 4542.6045 0.957
 4542.7041 0.956
 4542.8037 0.956
 4542.9033 0.956
 4543.0029 0.956
 4543.1025 0.956
 4543.2021 0.956
 4543.3018 0.956
 4543.4014 0.957
 4543.5010 0.957
 4543.6006 0.957
 4543.7002 0.957
 4543.7998 0.957
 4543.8994 0.957
 4543.9990 0.957
 4544.0986 0.957
 4544.1982 0.957
 4544.2979 0.957
 4544.3975 0.957
 4544.4971 0.957
 4544.5967 0.957
 4544.6963 0.957
 4544.7959 0.957
 4544.8955 0.957
 4544.9951 0.957
 4545.0947 0.957
 4545.1943 0.957
 4545.2939 0.957
 4545.3936 0.957
 4545.4932 0.956
 4545.5928 0.956
 4545.6924 0.957
 4545.7920 0.957
 4545.8916 0.957
 4545.9912 0.957
 4546.0908 0.957
 4546.1904 0.957
 4546.2900 0.957
 4546.3896 0.957
 4546.4893 0.957
 4546.5889 0.957
 4546.6885 0.957
 4546.7881 0.957
 4546.8877 0.957
 4546.9873 0.956
 4547.0869 0.956
 4547.1865 0.956
 4547.2861 0.956
 4547.3857 0.957
 4547.4854 0.957
 4547.5850 0.957
 4547.6846 0.957
 4547.7842 0.957
 4547.8838 0.957
 4547.9834 0.957
 4548.0830 0.957
 4548.1826 0.957
 4548.2822 0.957
 4548.3818 0.957
 4548.4814 0.957
 4548.5811 0.957
 4548.6807 0.957
 4548.7803 0.956
 4548.8799 0.956
 4548.9795 0.957
 4549.0791 0.957
 4549.1787 0.957
 4549.2783 0.957
 4549.3779 0.957
 4549.4775 0.957
 4549.5771 0.957
 4549.6768 0.958
 4549.7764 0.958
 4549.8760 0.958
 4549.9756 0.957
 4550.0752 0.957
 4550.1748 0.957
 4550.2744 0.957
 4550.3740 0.957
 4550.4736 0.957
 4550.5732 0.957
 4550.6729 0.957
 4550.7725 0.957
 4550.8721 0.957
 4550.9717 0.957
 4551.0713 0.957
 4551.1709 0.958
 4551.2705 0.958
 4551.3701 0.958
 4551.4697 0.958
 4551.5693 0.958
 4551.6689 0.958
 4551.7686 0.958
 4551.8682 0.958
 4551.9678 0.958
 4552.0674 0.958
 4552.1670 0.958
 4552.2666 0.958
 4552.3662 0.958
 4552.4658 0.958
 4552.5654 0.958
 4552.6650 0.958
 4552.7646 0.958
 4552.8643 0.958
 4552.9639 0.958
 4553.0635 0.958
 4553.1631 0.958
 4553.2627 0.958
 4553.3623 0.958
 4553.4619 0.958
 4553.5615 0.958
 4553.6611 0.958
 4553.7607 0.958
 4553.8604 0.959
 4553.9600 0.959
 4554.0596 0.959
 4554.1592 0.959
 4554.2588 0.959
 4554.3584 0.959
 4554.4580 0.959
 4554.5576 0.959
 4554.6572 0.959
 4554.7568 0.959
 4554.8564 0.958
 4554.9561 0.958
 4555.0557 0.958
 4555.1553 0.958
 4555.2549 0.958
 4555.3545 0.958
 4555.4541 0.958
 4555.5537 0.958
 4555.6533 0.958
 4555.7529 0.958
 4555.8525 0.958
 4555.9521 0.959
 4556.0518 0.959
 4556.1514 0.959
 4556.2510 0.959
 4556.3506 0.959
 4556.4502 0.959
 4556.5498 0.959
 4556.6494 0.959
 4556.7490 0.959
 4556.8486 0.959
 4556.9482 0.959
 4557.0479 0.959
 4557.1475 0.959
 4557.2471 0.959
 4557.3467 0.959
 4557.4463 0.959
 4557.5459 0.959
 4557.6455 0.959
 4557.7451 0.958
 4557.8447 0.958
 4557.9443 0.958
 4558.0439 0.958
 4558.1436 0.958
 4558.2432 0.958
 4558.3428 0.958
 4558.4424 0.958
 4558.5420 0.958
 4558.6416 0.958
 4558.7412 0.959
 4558.8408 0.959
 4558.9404 0.959
 4559.0400 0.959
 4559.1396 0.959
 4559.2393 0.959
 4559.3389 0.959
 4559.4385 0.959
 4559.5381 0.958
 4559.6377 0.958
 4559.7373 0.958
 4559.8369 0.958
 4559.9365 0.958
 4560.0361 0.958
 4560.1357 0.958
 4560.2354 0.959
 4560.3350 0.959
 4560.4346 0.959
 4560.5342 0.959
 4560.6338 0.959
 4560.7334 0.959
 4560.8330 0.959
 4560.9326 0.959
 4561.0322 0.959
 4561.1318 0.959
 4561.2314 0.959
 4561.3311 0.959
 4561.4307 0.959
 4561.5303 0.959
 4561.6299 0.959
 4561.7295 0.959
 4561.8291 0.959
 4561.9287 0.959
 4562.0283 0.959
 4562.1279 0.958
 4562.2275 0.958
 4562.3271 0.958
 4562.4268 0.958
 4562.5264 0.958
 4562.6260 0.958
 4562.7256 0.958
 4562.8252 0.959
 4562.9248 0.959
 4563.0244 0.959
 4563.1240 0.959
 4563.2236 0.959
 4563.3232 0.959
 4563.4229 0.959
 4563.5225 0.959
 4563.6221 0.959
 4563.7217 0.959
 4563.8213 0.959
 4563.9209 0.959
 4564.0205 0.958
 4564.1201 0.958
 4564.2197 0.958
 4564.3193 0.958
 4564.4189 0.958
 4564.5186 0.958
 4564.6182 0.959
 4564.7178 0.959
 4564.8174 0.959
 4564.9170 0.959
 4565.0166 0.959
 4565.1162 0.959
 4565.2158 0.959
 4565.3154 0.959
 4565.4150 0.959
 4565.5146 0.959
 4565.6143 0.959
 4565.7139 0.959
 4565.8135 0.959
 4565.9131 0.959
 4566.0127 0.959
 4566.1123 0.959
 4566.2119 0.959
 4566.3115 0.959
 4566.4111 0.959
 4566.5107 0.960
 4566.6104 0.960
 4566.7100 0.960
 4566.8096 0.960
 4566.9092 0.960
 4567.0088 0.960
 4567.1084 0.960
 4567.2080 0.960
 4567.3076 0.960
 4567.4072 0.960
 4567.5068 0.960
 4567.6064 0.960
 4567.7061 0.960
 4567.8057 0.960
 4567.9053 0.960
 4568.0049 0.960
 4568.1045 0.960
 4568.2041 0.960
 4568.3037 0.960
 4568.4033 0.960
 4568.5029 0.960
 4568.6025 0.960
 4568.7021 0.960
 4568.8018 0.960
 4568.9014 0.960
 4569.0010 0.960
 4569.1006 0.960
 4569.2002 0.960
 4569.2998 0.960
 4569.3994 0.960
 4569.4990 0.960
 4569.5986 0.960
 4569.6982 0.960
 4569.7979 0.960
 4569.8975 0.960
 4569.9971 0.959
 4570.0967 0.959
 4570.1963 0.959
 4570.2959 0.959
 4570.3955 0.959
 4570.4951 0.959
 4570.5947 0.959
 4570.6943 0.959
 4570.7939 0.959
 4570.8936 0.960
 4570.9932 0.960
 4571.0928 0.960
 4571.1924 0.960
 4571.2920 0.960
 4571.3916 0.960
 4571.4912 0.960
 4571.5908 0.960
 4571.6904 0.960
 4571.7900 0.960
 4571.8896 0.960
 4571.9893 0.959
 4572.0889 0.959
 4572.1885 0.959
 4572.2881 0.959
 4572.3877 0.959
 4572.4873 0.959
 4572.5869 0.959
 4572.6865 0.960
 4572.7861 0.960
 4572.8857 0.960
 4572.9854 0.960
 4573.0850 0.960
 4573.1846 0.960
 4573.2842 0.960
 4573.3838 0.960
 4573.4834 0.960
 4573.5830 0.960
 4573.6826 0.959
 4573.7822 0.959
 4573.8818 0.959
 4573.9814 0.959
 4574.0811 0.959
 4574.1807 0.959
 4574.2803 0.959
 4574.3799 0.960
 4574.4795 0.960
 4574.5791 0.960
 4574.6787 0.960
 4574.7783 0.960
 4574.8779 0.960
 4574.9775 0.960
 4575.0771 0.960
 4575.1768 0.960
 4575.2764 0.960
 4575.3760 0.960
 4575.4756 0.960
 4575.5752 0.960
 4575.6748 0.960
 4575.7744 0.960
 4575.8740 0.959
 4575.9736 0.959
 4576.0732 0.960
 4576.1729 0.960
 4576.2725 0.960
 4576.3721 0.960
 4576.4717 0.960
 4576.5713 0.960
 4576.6709 0.960
 4576.7705 0.960
 4576.8701 0.960
 4576.9697 0.961
 4577.0693 0.961
 4577.1689 0.961
 4577.2686 0.961
 4577.3682 0.960
 4577.4678 0.960
 4577.5674 0.960
 4577.6670 0.960
 4577.7666 0.960
 4577.8662 0.960
 4577.9658 0.960
 4578.0654 0.960
 4578.1650 0.960
 4578.2646 0.960
 4578.3643 0.960
 4578.4639 0.960
 4578.5635 0.960
 4578.6631 0.960
 4578.7627 0.960
 4578.8623 0.961
 4578.9619 0.961
 4579.0615 0.961
 4579.1611 0.961
 4579.2607 0.961
 4579.3604 0.961
 4579.4600 0.961
 4579.5596 0.961
 4579.6592 0.961
 4579.7588 0.961
 4579.8584 0.961
 4579.9580 0.961
 4580.0576 0.961
 4580.1572 0.961
 4580.2568 0.961
 4580.3564 0.961
 4580.4561 0.961
 4580.5557 0.961
 4580.6553 0.961
 4580.7549 0.961
 4580.8545 0.961
 4580.9541 0.961
 4581.0537 0.961
 4581.1533 0.961
 4581.2529 0.961
 4581.3525 0.961
 4581.4521 0.961
 4581.5518 0.961
 4581.6514 0.961
 4581.7510 0.961
 4581.8506 0.961
 4581.9502 0.961
 4582.0498 0.961
 4582.1494 0.961
 4582.2490 0.962
 4582.3486 0.961
 4582.4482 0.961
 4582.5479 0.961
 4582.6475 0.961
 4582.7471 0.961
 4582.8467 0.961
 4582.9463 0.961
 4583.0459 0.961
 4583.1455 0.961
 4583.2451 0.961
 4583.3447 0.961
 4583.4443 0.961
 4583.5439 0.961
 4583.6436 0.961
 4583.7432 0.961
 4583.8428 0.961
 4583.9424 0.961
 4584.0420 0.961
 4584.1416 0.961
 4584.2412 0.961
 4584.3408 0.961
 4584.4404 0.961
 4584.5400 0.961
 4584.6396 0.961
 4584.7393 0.961
 4584.8389 0.961
 4584.9385 0.961
 4585.0381 0.961
 4585.1377 0.961
 4585.2373 0.961
 4585.3369 0.961
 4585.4365 0.961
 4585.5361 0.961
 4585.6357 0.961
 4585.7354 0.961
 4585.8350 0.961
 4585.9346 0.961
 4586.0342 0.961
 4586.1338 0.961
 4586.2334 0.961
 4586.3330 0.961
 4586.4326 0.961
 4586.5322 0.962
 4586.6318 0.961
 4586.7314 0.961
 4586.8311 0.961
 4586.9307 0.961
 4587.0303 0.961
 4587.1299 0.961
 4587.2295 0.961
 4587.3291 0.961
 4587.4287 0.961
 4587.5283 0.961
 4587.6279 0.961
 4587.7275 0.961
 4587.8271 0.961
 4587.9268 0.961
 4588.0264 0.962
 4588.1260 0.962
 4588.2256 0.962
 4588.3252 0.962
 4588.4248 0.962
 4588.5244 0.962
 4588.6240 0.962
 4588.7236 0.962
 4588.8232 0.962
 4588.9229 0.962
 4589.0225 0.962
 4589.1221 0.962
 4589.2217 0.962
 4589.3213 0.962
 4589.4209 0.962
 4589.5205 0.962
 4589.6201 0.962
 4589.7197 0.962
 4589.8193 0.962
 4589.9189 0.962
 4590.0186 0.962
 4590.1182 0.962
 4590.2178 0.962
 4590.3174 0.962
 4590.4170 0.962
 4590.5166 0.962
 4590.6162 0.962
 4590.7158 0.962
 4590.8154 0.962
 4590.9150 0.962
 4591.0146 0.962
 4591.1143 0.962
 4591.2139 0.962
 4591.3135 0.962
 4591.4131 0.962
 4591.5127 0.962
 4591.6123 0.962
 4591.7119 0.962
 4591.8115 0.962
 4591.9111 0.962
 4592.0107 0.962
 4592.1104 0.962
 4592.2100 0.962
 4592.3096 0.962
 4592.4092 0.962
 4592.5088 0.962
 4592.6084 0.962
 4592.7080 0.962
 4592.8076 0.962
 4592.9072 0.962
 4593.0068 0.962
 4593.1064 0.962
 4593.2061 0.962
 4593.3057 0.962
 4593.4053 0.962
 4593.5049 0.961
 4593.6045 0.961
 4593.7041 0.962
 4593.8037 0.962
 4593.9033 0.962
 4594.0029 0.962
 4594.1025 0.962
 4594.2021 0.962
 4594.3018 0.962
 4594.4014 0.962
 4594.5010 0.962
 4594.6006 0.962
 4594.7002 0.962
 4594.7998 0.962
 4594.8994 0.962
 4594.9990 0.962
 4595.0986 0.962
 4595.1982 0.962
 4595.2979 0.962
 4595.3975 0.962
 4595.4971 0.962
 4595.5967 0.962
 4595.6963 0.961
 4595.7959 0.962
 4595.8955 0.962
 4595.9951 0.962
 4596.0947 0.962
 4596.1943 0.962
 4596.2939 0.962
 4596.3936 0.962
 4596.4932 0.962
 4596.5928 0.962
 4596.6924 0.962
 4596.7920 0.962
 4596.8916 0.963
 4596.9912 0.963
 4597.0908 0.962
 4597.1904 0.962
 4597.2900 0.962
 4597.3896 0.962
 4597.4893 0.962
 4597.5889 0.962
 4597.6885 0.962
 4597.7881 0.962
 4597.8877 0.962
 4597.9873 0.962
 4598.0869 0.962
 4598.1865 0.962
 4598.2861 0.962
 4598.3857 0.962
 4598.4854 0.962
 4598.5850 0.962
 4598.6846 0.962
 4598.7842 0.963
 4598.8838 0.963
 4598.9834 0.963
 4599.0830 0.963
 4599.1826 0.963
 4599.2822 0.963
 4599.3818 0.963
 4599.4814 0.963
 4599.5811 0.963
 4599.6807 0.963
 4599.7803 0.963
 4599.8799 0.963
 4599.9795 0.963
 4600.0791 0.963
 4600.1787 0.963
 4600.2783 0.963
 4600.3779 0.963
 4600.4775 0.963
 4600.5771 0.963
 4600.6768 0.963
 4600.7764 0.963
 4600.8760 0.963
 4600.9756 0.963
 4601.0752 0.963
 4601.1748 0.963
 4601.2744 0.963
 4601.3740 0.963
 4601.4736 0.963
 4601.5732 0.963
 4601.6729 0.963
 4601.7725 0.963
 4601.8721 0.963
 4601.9717 0.963
 4602.0713 0.963
 4602.1709 0.963
 4602.2705 0.963
 4602.3701 0.962
 4602.4697 0.962
 4602.5693 0.962
 4602.6689 0.962
 4602.7686 0.962
 4602.8682 0.962
 4602.9678 0.962
 4603.0674 0.963
 4603.1670 0.963
 4603.2666 0.963
 4603.3662 0.963
 4603.4658 0.963
 4603.5654 0.963
 4603.6650 0.963
 4603.7646 0.963
 4603.8643 0.963
 4603.9639 0.963
 4604.0635 0.963
 4604.1631 0.962
 4604.2627 0.962
 4604.3623 0.962
 4604.4619 0.962
 4604.5615 0.962
 4604.6611 0.962
 4604.7607 0.962
 4604.8604 0.963
 4604.9600 0.963
 4605.0596 0.963
 4605.1592 0.963
 4605.2588 0.963
 4605.3584 0.963
 4605.4580 0.963
 4605.5576 0.963
 4605.6572 0.963
 4605.7568 0.963
 4605.8564 0.963
 4605.9561 0.963
 4606.0557 0.963
 4606.1553 0.963
 4606.2549 0.963
 4606.3545 0.963
 4606.4541 0.963
 4606.5537 0.963
 4606.6533 0.963
 4606.7529 0.963
 4606.8525 0.963
 4606.9521 0.963
 4607.0518 0.963
 4607.1514 0.963
 4607.2510 0.963
 4607.3506 0.963
 4607.4502 0.963
 4607.5498 0.963
 4607.6494 0.963
 4607.7490 0.963
 4607.8486 0.963
 4607.9482 0.963
 4608.0479 0.963
 4608.1475 0.963
 4608.2471 0.963
 4608.3467 0.963
 4608.4463 0.963
 4608.5459 0.963
 4608.6455 0.963
 4608.7451 0.963
 4608.8447 0.963
 4608.9443 0.963
 4609.0439 0.963
 4609.1436 0.963
 4609.2432 0.963
 4609.3428 0.963
 4609.4424 0.963
 4609.5420 0.963
 4609.6416 0.963
 4609.7412 0.963
 4609.8408 0.963
 4609.9404 0.964
 4610.0400 0.964
 4610.1396 0.964
 4610.2393 0.964
 4610.3389 0.964
 4610.4385 0.964
 4610.5381 0.963
 4610.6377 0.963
 4610.7373 0.963
 4610.8369 0.963
 4610.9365 0.963
 4611.0361 0.963
 4611.1357 0.963
 4611.2354 0.963
 4611.3350 0.963
 4611.4346 0.963
 4611.5342 0.963
 4611.6338 0.963
 4611.7334 0.963
 4611.8330 0.963
 4611.9326 0.964
 4612.0322 0.964
 4612.1318 0.964
 4612.2314 0.964
 4612.3311 0.964
 4612.4307 0.964
 4612.5303 0.964
 4612.6299 0.964
 4612.7295 0.964
 4612.8291 0.964
 4612.9287 0.964
 4613.0283 0.964
 4613.1279 0.964
 4613.2275 0.964
 4613.3271 0.964
 4613.4268 0.964
 4613.5264 0.964
 4613.6260 0.964
 4613.7256 0.964
 4613.8252 0.964
 4613.9248 0.964
 4614.0244 0.963
 4614.1240 0.963
 4614.2236 0.963
 4614.3232 0.963
 4614.4229 0.963
 4614.5225 0.963
 4614.6221 0.963
 4614.7217 0.963
 4614.8213 0.963
 4614.9209 0.963
 4615.0205 0.964
 4615.1201 0.964
 4615.2197 0.964
 4615.3193 0.964
 4615.4189 0.964
 4615.5186 0.964
 4615.6182 0.964
 4615.7178 0.964
 4615.8174 0.964
 4615.9170 0.964
 4616.0166 0.964
 4616.1162 0.964
 4616.2158 0.964
 4616.3154 0.964
 4616.4150 0.964
 4616.5146 0.964
 4616.6143 0.964
 4616.7139 0.964
 4616.8135 0.964
 4616.9131 0.964
 4617.0127 0.964
 4617.1123 0.964
 4617.2119 0.964
 4617.3115 0.964
 4617.4111 0.965
 4617.5107 0.965
 4617.6104 0.964
 4617.7100 0.964
 4617.8096 0.964
 4617.9092 0.964
 4618.0088 0.964
 4618.1084 0.964
 4618.2080 0.964
 4618.3076 0.964
 4618.4072 0.964
 4618.5068 0.964
 4618.6064 0.964
 4618.7061 0.964
 4618.8057 0.964
 4618.9053 0.964
 4619.0049 0.964
 4619.1045 0.964
 4619.2041 0.965
 4619.3037 0.965
 4619.4033 0.965
 4619.5029 0.965
 4619.6025 0.965
 4619.7021 0.965
 4619.8018 0.965
 4619.9014 0.965
 4620.0010 0.965
 4620.1006 0.965
 4620.2002 0.965
 4620.2998 0.965
 4620.3994 0.965
 4620.4990 0.965
 4620.5986 0.965
 4620.6982 0.965
 4620.7979 0.964
 4620.8975 0.964
 4620.9971 0.964
 4621.0967 0.964
 4621.1963 0.964
 4621.2959 0.964
 4621.3955 0.964
 4621.4951 0.964
 4621.5947 0.965
 4621.6943 0.965
 4621.7939 0.965
 4621.8936 0.965
 4621.9932 0.965
 4622.0928 0.965
 4622.1924 0.965
 4622.2920 0.965
 4622.3916 0.965
 4622.4912 0.965
 4622.5908 0.965
 4622.6904 0.965
 4622.7900 0.965
 4622.8896 0.964
 4622.9893 0.964
 4623.0889 0.964
 4623.1885 0.964
 4623.2881 0.964
 4623.3877 0.964
 4623.4873 0.964
 4623.5869 0.965
 4623.6865 0.965
 4623.7861 0.965
 4623.8857 0.965
 4623.9854 0.965
 4624.0850 0.965
 4624.1846 0.965
 4624.2842 0.965
 4624.3838 0.965
 4624.4834 0.965
 4624.5830 0.965
 4624.6826 0.964
 4624.7822 0.964
 4624.8818 0.964
 4624.9814 0.964
 4625.0811 0.965
 4625.1807 0.965
 4625.2803 0.965
 4625.3799 0.965
 4625.4795 0.965
 4625.5791 0.965
 4625.6787 0.965
 4625.7783 0.965
 4625.8779 0.965
 4625.9775 0.965
 4626.0771 0.965
 4626.1768 0.965
 4626.2764 0.966
 4626.3760 0.966
 4626.4756 0.966
 4626.5752 0.966
 4626.6748 0.965
 4626.7744 0.965
 4626.8740 0.965
 4626.9736 0.966
 4627.0732 0.966
 4627.1729 0.966
 4627.2725 0.966
 4627.3721 0.966
 4627.4717 0.966
 4627.5713 0.966
 4627.6709 0.966
 4627.7705 0.966
 4627.8701 0.966
 4627.9697 0.966
 4628.0693 0.966
 4628.1689 0.966
 4628.2686 0.966
 4628.3682 0.965
 4628.4678 0.965
 4628.5674 0.965
 4628.6670 0.965
 4628.7666 0.965
 4628.8662 0.965
 4628.9658 0.965
 4629.0654 0.965
 4629.1650 0.965
 4629.2646 0.966
 4629.3643 0.966
 4629.4639 0.966
 4629.5635 0.966
 4629.6631 0.966
 4629.7627 0.966
 4629.8623 0.966
 4629.9619 0.966
 4630.0615 0.966
 4630.1611 0.966
 4630.2607 0.966
 4630.3604 0.966
 4630.4600 0.966
 4630.5596 0.966
 4630.6592 0.966
 4630.7588 0.966
 4630.8584 0.966
 4630.9580 0.966
 4631.0576 0.966
 4631.1572 0.966
 4631.2568 0.966
 4631.3564 0.966
 4631.4561 0.966
 4631.5557 0.966
 4631.6553 0.967
 4631.7549 0.967
 4631.8545 0.967
 4631.9541 0.967
 4632.0537 0.966
 4632.1533 0.966
 4632.2529 0.966
 4632.3525 0.966
 4632.4521 0.966
 4632.5518 0.966
 4632.6514 0.966
 4632.7510 0.966
 4632.8506 0.966
 4632.9502 0.966
 4633.0498 0.966
 4633.1494 0.966
 4633.2490 0.966
 4633.3486 0.966
 4633.4482 0.966
 4633.5479 0.966
 4633.6475 0.966
 4633.7471 0.966
 4633.8467 0.966
 4633.9463 0.967
 4634.0459 0.966
 4634.1455 0.966
 4634.2451 0.966
 4634.3447 0.966
 4634.4443 0.966
 4634.5439 0.966
 4634.6436 0.966
 4634.7432 0.966
 4634.8428 0.966
 4634.9424 0.966
 4635.0420 0.966
 4635.1416 0.966
 4635.2412 0.966
 4635.3408 0.966
 4635.4404 0.966
 4635.5400 0.966
 4635.6396 0.966
 4635.7393 0.966
 4635.8389 0.966
 4635.9385 0.966
 4636.0381 0.967
 4636.1377 0.967
 4636.2373 0.967
 4636.3369 0.967
 4636.4365 0.967
 4636.5361 0.967
 4636.6357 0.967
 4636.7354 0.967
 4636.8350 0.967
 4636.9346 0.967
 4637.0342 0.967
 4637.1338 0.967
 4637.2334 0.967
 4637.3330 0.967
 4637.4326 0.967
 4637.5322 0.967
 4637.6318 0.967
 4637.7314 0.966
 4637.8311 0.966
 4637.9307 0.966
 4638.0303 0.966
 4638.1299 0.966
 4638.2295 0.966
 4638.3291 0.966
 4638.4287 0.966
 4638.5283 0.966
 4638.6279 0.967
 4638.7275 0.967
 4638.8271 0.967
 4638.9268 0.967
 4639.0264 0.967
 4639.1260 0.967
 4639.2256 0.967
 4639.3252 0.967
 4639.4248 0.967
 4639.5244 0.967
 4639.6240 0.967
 4639.7236 0.967
 4639.8232 0.967
 4639.9229 0.966
 4640.0225 0.966
 4640.1221 0.966
 4640.2217 0.966
 4640.3213 0.966
 4640.4209 0.966
 4640.5205 0.966
 4640.6201 0.966
 4640.7197 0.967
 4640.8193 0.967
 4640.9189 0.967
 4641.0186 0.967
 4641.1182 0.967
 4641.2178 0.967
 4641.3174 0.967
 4641.4170 0.966
 4641.5166 0.966
 4641.6162 0.966
 4641.7158 0.966
 4641.8154 0.966
 4641.9150 0.966
 4642.0146 0.966
 4642.1143 0.966
 4642.2139 0.967
 4642.3135 0.967
 4642.4131 0.967
 4642.5127 0.967
 4642.6123 0.967
 4642.7119 0.967
 4642.8115 0.967
 4642.9111 0.967
 4643.0107 0.967
 4643.1104 0.967
 4643.2100 0.966
 4643.3096 0.966
 4643.4092 0.966
 4643.5088 0.966
 4643.6084 0.966
 4643.7080 0.966
 4643.8076 0.966
 4643.9072 0.967
 4644.0068 0.967
 4644.1064 0.967
 4644.2061 0.967
 4644.3057 0.967
 4644.4053 0.967
 4644.5049 0.967
 4644.6045 0.967
 4644.7041 0.967
 4644.8037 0.967
 4644.9033 0.967
 4645.0029 0.966
 4645.1025 0.966
 4645.2021 0.966
 4645.3018 0.966
 4645.4014 0.966
 4645.5010 0.967
 4645.6006 0.967
 4645.7002 0.967
 4645.7998 0.967
 4645.8994 0.967
 4645.9990 0.967
 4646.0986 0.967
 4646.1982 0.967
 4646.2979 0.967
 4646.3975 0.967
 4646.4971 0.968
 4646.5967 0.968
 4646.6963 0.968
 4646.7959 0.968
 4646.8955 0.968
 4646.9951 0.968
 4647.0947 0.968
 4647.1943 0.968
 4647.2939 0.967
 4647.3936 0.967
 4647.4932 0.967
 4647.5928 0.967
 4647.6924 0.967
 4647.7920 0.967
 4647.8916 0.967
 4647.9912 0.967
 4648.0908 0.967
 4648.1904 0.967
 4648.2900 0.967
 4648.3896 0.967
 4648.4893 0.968
 4648.5889 0.968
 4648.6885 0.968
 4648.7881 0.968
 4648.8877 0.968
 4648.9873 0.968
 4649.0869 0.968
 4649.1865 0.968
 4649.2861 0.968
 4649.3857 0.968
 4649.4854 0.968
 4649.5850 0.968
 4649.6846 0.968
 4649.7842 0.968
 4649.8838 0.968
 4649.9834 0.968
 4650.0830 0.968
 4650.1826 0.968
 4650.2822 0.968
 4650.3818 0.968
 4650.4814 0.968
 4650.5811 0.967
 4650.6807 0.967
 4650.7803 0.967
 4650.8799 0.967
 4650.9795 0.967
 4651.0791 0.967
 4651.1787 0.968
 4651.2783 0.968
 4651.3779 0.968
 4651.4775 0.968
 4651.5771 0.968
 4651.6768 0.968
 4651.7764 0.968
 4651.8760 0.968
 4651.9756 0.968
 4652.0752 0.968
 4652.1748 0.968
 4652.2744 0.968
 4652.3740 0.968
 4652.4736 0.967
 4652.5732 0.967
 4652.6729 0.967
 4652.7725 0.967
 4652.8721 0.967
 4652.9717 0.967
 4653.0713 0.967
 4653.1709 0.967
 4653.2705 0.968
 4653.3701 0.968
 4653.4697 0.968
 4653.5693 0.968
 4653.6689 0.968
 4653.7686 0.968
 4653.8682 0.968
 4653.9678 0.968
 4654.0674 0.968
 4654.1670 0.968
 4654.2666 0.967
 4654.3662 0.967
 4654.4658 0.967
 4654.5654 0.967
 4654.6650 0.967
 4654.7646 0.967
 4654.8643 0.967
 4654.9639 0.967
 4655.0635 0.967
 4655.1631 0.968
 4655.2627 0.968
 4655.3623 0.968
 4655.4619 0.968
 4655.5615 0.968
 4655.6611 0.968
 4655.7607 0.968
 4655.8604 0.968
 4655.9600 0.968
 4656.0596 0.968
 4656.1592 0.968
 4656.2588 0.968
 4656.3584 0.967
 4656.4580 0.967
 4656.5576 0.967
 4656.6572 0.967
 4656.7568 0.967
 4656.8564 0.967
 4656.9561 0.968
 4657.0557 0.968
 4657.1553 0.968
 4657.2549 0.968
 4657.3545 0.968
 4657.4541 0.968
 4657.5537 0.968
 4657.6533 0.968
 4657.7529 0.968
 4657.8525 0.968
 4657.9521 0.968
 4658.0518 0.968
 4658.1514 0.968
 4658.2510 0.968
 4658.3506 0.968
 4658.4502 0.968
 4658.5498 0.968
 4658.6494 0.968
 4658.7490 0.968
 4658.8486 0.968
 4658.9482 0.968
 4659.0479 0.968
 4659.1475 0.968
 4659.2471 0.968
 4659.3467 0.968
 4659.4463 0.968
 4659.5459 0.968
 4659.6455 0.968
 4659.7451 0.968
 4659.8447 0.969
 4659.9443 0.969
 4660.0439 0.969
 4660.1436 0.969
 4660.2432 0.969
 4660.3428 0.969
 4660.4424 0.969
 4660.5420 0.969
 4660.6416 0.969
 4660.7412 0.969
 4660.8408 0.968
 4660.9404 0.968
 4661.0400 0.968
 4661.1396 0.968
 4661.2393 0.968
 4661.3389 0.968
 4661.4385 0.968
 4661.5381 0.968
 4661.6377 0.969
 4661.7373 0.969
 4661.8369 0.969
 4661.9365 0.969
 4662.0361 0.969
 4662.1357 0.969
 4662.2354 0.969
 4662.3350 0.969
 4662.4346 0.969
 4662.5342 0.969
 4662.6338 0.968
 4662.7334 0.968
 4662.8330 0.968
 4662.9326 0.968
 4663.0322 0.968
 4663.1318 0.968
 4663.2314 0.968
 4663.3311 0.968
 4663.4307 0.969
 4663.5303 0.969
 4663.6299 0.969
 4663.7295 0.969
 4663.8291 0.969
 4663.9287 0.969
 4664.0283 0.969
 4664.1279 0.969
 4664.2275 0.969
 4664.3271 0.969
 4664.4268 0.969
 4664.5264 0.968
 4664.6260 0.968
 4664.7256 0.968
 4664.8252 0.968
 4664.9248 0.968
 4665.0244 0.968
 4665.1240 0.968
 4665.2236 0.968
 4665.3232 0.969
 4665.4229 0.969
 4665.5225 0.969
 4665.6221 0.969
 4665.7217 0.969
 4665.8213 0.969
 4665.9209 0.969
 4666.0205 0.969
 4666.1201 0.969
 4666.2197 0.969
 4666.3193 0.969
 4666.4189 0.969
 4666.5186 0.969
 4666.6182 0.969
 4666.7178 0.969
 4666.8174 0.969
 4666.9170 0.969
 4667.0166 0.969
 4667.1162 0.969
 4667.2158 0.969
 4667.3154 0.968
 4667.4150 0.968
 4667.5146 0.968
 4667.6143 0.969
 4667.7139 0.969
 4667.8135 0.969
 4667.9131 0.969
 4668.0127 0.969
 4668.1123 0.969
 4668.2119 0.969
 4668.3115 0.969
 4668.4111 0.969
 4668.5107 0.969
 4668.6104 0.969
 4668.7100 0.969
 4668.8096 0.969
 4668.9092 0.969
 4669.0088 0.969
 4669.1084 0.969
 4669.2080 0.969
 4669.3076 0.969
 4669.4072 0.969
 4669.5068 0.969
 4669.6064 0.969
 4669.7061 0.969
 4669.8057 0.969
 4669.9053 0.970
 4670.0049 0.970
 4670.1045 0.970
 4670.2041 0.970
 4670.3037 0.970
 4670.4033 0.970
 4670.5029 0.970
 4670.6025 0.970
 4670.7021 0.970
 4670.8018 0.970
 4670.9014 0.970
 4671.0010 0.970
 4671.1006 0.970
 4671.2002 0.970
 4671.2998 0.970
 4671.3994 0.970
 4671.4990 0.970
 4671.5986 0.970
 4671.6982 0.970
 4671.7979 0.970
 4671.8975 0.970
 4671.9971 0.970
 4672.0967 0.970
 4672.1963 0.970
 4672.2959 0.969
 4672.3955 0.969
 4672.4951 0.969
 4672.5947 0.969
 4672.6943 0.969
 4672.7939 0.969
 4672.8936 0.969
 4672.9932 0.969
 4673.0928 0.969
 4673.1924 0.970
 4673.2920 0.970
 4673.3916 0.970
 4673.4912 0.970
 4673.5908 0.970
 4673.6904 0.970
 4673.7900 0.970
 4673.8896 0.970
 4673.9893 0.970
 4674.0889 0.970
 4674.1885 0.970
 4674.2881 0.970
 4674.3877 0.970
 4674.4873 0.970
 4674.5869 0.969
 4674.6865 0.969
 4674.7861 0.969
 4674.8857 0.969
 4674.9854 0.969
 4675.0850 0.970
 4675.1846 0.970
 4675.2842 0.970
 4675.3838 0.970
 4675.4834 0.970
 4675.5830 0.970
 4675.6826 0.970
 4675.7822 0.970
 4675.8818 0.970
 4675.9814 0.970
 4676.0811 0.970
 4676.1807 0.970
 4676.2803 0.969
 4676.3799 0.969
 4676.4795 0.969
 4676.5791 0.969
 4676.6787 0.969
 4676.7783 0.969
 4676.8779 0.969
 4676.9775 0.970
 4677.0771 0.970
 4677.1768 0.970
 4677.2764 0.970
 4677.3760 0.970
 4677.4756 0.970
 4677.5752 0.970
 4677.6748 0.970
 4677.7744 0.970
 4677.8740 0.970
 4677.9736 0.970
 4678.0732 0.970
 4678.1729 0.970
 4678.2725 0.970
 4678.3721 0.970
 4678.4717 0.970
 4678.5713 0.970
 4678.6709 0.970
 4678.7705 0.970
 4678.8701 0.970
 4678.9697 0.970
 4679.0693 0.970
 4679.1689 0.970
 4679.2686 0.970
 4679.3682 0.970
 4679.4678 0.970
 4679.5674 0.970
 4679.6670 0.970
 4679.7666 0.970
 4679.8662 0.971
 4679.9658 0.971
 4680.0654 0.971
 4680.1650 0.971
 4680.2646 0.971
 4680.3643 0.971
 4680.4639 0.971
 4680.5635 0.971
 4680.6631 0.970
 4680.7627 0.970
 4680.8623 0.970
 4680.9619 0.970
 4681.0615 0.970
 4681.1611 0.970
 4681.2607 0.970
 4681.3604 0.970
 4681.4600 0.971
 4681.5596 0.971
 4681.6592 0.971
 4681.7588 0.971
 4681.8584 0.971
 4681.9580 0.971
 4682.0576 0.971
 4682.1572 0.971
 4682.2568 0.971
 4682.3564 0.971
 4682.4561 0.970
 4682.5557 0.970
 4682.6553 0.970
 4682.7549 0.970
 4682.8545 0.970
 4682.9541 0.970
 4683.0537 0.970
 4683.1533 0.970
 4683.2529 0.971
 4683.3525 0.971
 4683.4521 0.971
 4683.5518 0.971
 4683.6514 0.971
 4683.7510 0.971
 4683.8506 0.971
 4683.9502 0.970
 4684.0498 0.970
 4684.1494 0.970
 4684.2490 0.970
 4684.3486 0.970
 4684.4482 0.970
 4684.5479 0.970
 4684.6475 0.970
 4684.7471 0.971
 4684.8467 0.971
 4684.9463 0.971
 4685.0459 0.971
 4685.1455 0.971
 4685.2451 0.971
 4685.3447 0.971
 4685.4443 0.971
 4685.5439 0.971
 4685.6436 0.971
 4685.7432 0.971
 4685.8428 0.970
 4685.9424 0.970
 4686.0420 0.970
 4686.1416 0.970
 4686.2412 0.970
 4686.3408 0.970
 4686.4404 0.970
 4686.5400 0.971
 4686.6396 0.971
 4686.7393 0.971
 4686.8389 0.971
 4686.9385 0.971
 4687.0381 0.971
 4687.1377 0.971
 4687.2373 0.971
 4687.3369 0.971
 4687.4365 0.971
 4687.5361 0.971
 4687.6357 0.971
 4687.7354 0.971
 4687.8350 0.971
 4687.9346 0.971
 4688.0342 0.971
 4688.1338 0.971
 4688.2334 0.971
 4688.3330 0.971
 4688.4326 0.971
 4688.5322 0.971
 4688.6318 0.971
 4688.7314 0.971
 4688.8311 0.971
 4688.9307 0.971
 4689.0303 0.971
 4689.1299 0.971
 4689.2295 0.971
 4689.3291 0.971
 4689.4287 0.971
 4689.5283 0.971
 4689.6279 0.971
 4689.7275 0.971
 4689.8271 0.971
 4689.9268 0.971
 4690.0264 0.971
 4690.1260 0.971
 4690.2256 0.971
 4690.3252 0.971
 4690.4248 0.971
 4690.5244 0.970
 4690.6240 0.971
 4690.7236 0.971
 4690.8232 0.971
 4690.9229 0.971
 4691.0225 0.971
 4691.1221 0.971
 4691.2217 0.971
 4691.3213 0.971
 4691.4209 0.972
 4691.5205 0.972
 4691.6201 0.972
 4691.7197 0.972
 4691.8193 0.972
 4691.9189 0.972
 4692.0186 0.972
 4692.1182 0.972
 4692.2178 0.972
 4692.3174 0.972
 4692.4170 0.972
 4692.5166 0.972
 4692.6162 0.972
 4692.7158 0.972
 4692.8154 0.971
 4692.9150 0.971
 4693.0146 0.971
 4693.1143 0.971
 4693.2139 0.971
 4693.3135 0.971
 4693.4131 0.971
 4693.5127 0.971
 4693.6123 0.971
 4693.7119 0.972
 4693.8115 0.972
 4693.9111 0.972
 4694.0107 0.972
 4694.1104 0.972
 4694.2100 0.972
 4694.3096 0.972
 4694.4092 0.971
 4694.5088 0.971
 4694.6084 0.971
 4694.7080 0.971
 4694.8076 0.971
 4694.9072 0.971
 4695.0068 0.971
 4695.1064 0.971
 4695.2061 0.971
 4695.3057 0.972
 4695.4053 0.972
 4695.5049 0.972
 4695.6045 0.972
 4695.7041 0.972
 4695.8037 0.972
 4695.9033 0.972
 4696.0029 0.972
 4696.1025 0.972
 4696.2021 0.972
 4696.3018 0.972
 4696.4014 0.972
 4696.5010 0.972
 4696.6006 0.972
 4696.7002 0.971
 4696.7998 0.971
 4696.8994 0.971
 4696.9990 0.971
 4697.0986 0.971
 4697.1982 0.971
 4697.2979 0.971
 4697.3975 0.971
 4697.4971 0.972
 4697.5967 0.972
 4697.6963 0.972
 4697.7959 0.972
 4697.8955 0.972
 4697.9951 0.972
 4698.0947 0.972
 4698.1943 0.972
 4698.2939 0.972
 4698.3936 0.972
 4698.4932 0.971
 4698.5928 0.971
 4698.6924 0.971
 4698.7920 0.971
 4698.8916 0.971
 4698.9912 0.971
 4699.0908 0.971
 4699.1904 0.971
 4699.2900 0.972
 4699.3896 0.972
 4699.4893 0.972
 4699.5889 0.972
 4699.6885 0.972
 4699.7881 0.972
 4699.8877 0.972
 4699.9873 0.972
 4700.0869 0.972
 4700.1865 0.972
 4700.2861 0.972
 4700.3857 0.972
 4700.4854 0.972
 4700.5850 0.972
 4700.6846 0.972
 4700.7842 0.972
 4700.8838 0.972
 4700.9834 0.972
 4701.0830 0.972
 4701.1826 0.972
 4701.2822 0.972
 4701.3818 0.972
 4701.4814 0.972
 4701.5811 0.972
 4701.6807 0.972
 4701.7803 0.972
 4701.8799 0.972
 4701.9795 0.972
 4702.0791 0.972
 4702.1787 0.972
 4702.2783 0.972
 4702.3779 0.972
 4702.4775 0.972
 4702.5771 0.972
 4702.6768 0.973
 4702.7764 0.973
 4702.8760 0.973
 4702.9756 0.973
 4703.0752 0.972
 4703.1748 0.972
 4703.2744 0.972
 4703.3740 0.972
 4703.4736 0.972
 4703.5732 0.972
 4703.6729 0.972
 4703.7725 0.972
 4703.8721 0.972
 4703.9717 0.972
 4704.0713 0.972
 4704.1709 0.972
 4704.2705 0.973
 4704.3701 0.973
 4704.4697 0.973
 4704.5693 0.973
 4704.6689 0.973
 4704.7686 0.973
 4704.8682 0.973
 4704.9678 0.973
 4705.0674 0.973
 4705.1670 0.973
 4705.2666 0.973
 4705.3662 0.973
 4705.4658 0.973
 4705.5654 0.972
 4705.6650 0.972
 4705.7646 0.972
 4705.8643 0.972
 4705.9639 0.972
 4706.0635 0.972
 4706.1631 0.972
 4706.2627 0.972
 4706.3623 0.973
 4706.4619 0.973
 4706.5615 0.973
 4706.6611 0.973
 4706.7607 0.973
 4706.8604 0.973
 4706.9600 0.973
 4707.0596 0.973
 4707.1592 0.973
 4707.2588 0.973
 4707.3584 0.973
 4707.4580 0.973
 4707.5576 0.973
 4707.6572 0.973
 4707.7568 0.973
 4707.8564 0.973
 4707.9561 0.973
 4708.0557 0.973
 4708.1553 0.973
 4708.2549 0.973
 4708.3545 0.973
 4708.4541 0.973
 4708.5537 0.973
 4708.6533 0.973
 4708.7529 0.973
 4708.8525 0.973
 4708.9521 0.972
 4709.0518 0.972
 4709.1514 0.972
 4709.2510 0.972
 4709.3506 0.972
 4709.4502 0.972
 4709.5498 0.972
 4709.6494 0.972
 4709.7490 0.972
 4709.8486 0.973
 4709.9482 0.973
 4710.0479 0.973
 4710.1475 0.973
 4710.2471 0.973
 4710.3467 0.973
 4710.4463 0.973
 4710.5459 0.973
 4710.6455 0.973
 4710.7451 0.973
 4710.8447 0.973
 4710.9443 0.973
 4711.0439 0.973
 4711.1436 0.973
 4711.2432 0.973
 4711.3428 0.973
 4711.4424 0.973
 4711.5420 0.973
 4711.6416 0.973
 4711.7412 0.973
 4711.8408 0.973
 4711.9404 0.973
 4712.0400 0.973
 4712.1396 0.973
 4712.2393 0.973
 4712.3389 0.973
 4712.4385 0.973
 4712.5381 0.973
 4712.6377 0.973
 4712.7373 0.973
 4712.8369 0.973
 4712.9365 0.973
 4713.0361 0.973
 4713.1357 0.973
 4713.2354 0.973
 4713.3350 0.973
 4713.4346 0.973
 4713.5342 0.973
 4713.6338 0.972
 4713.7334 0.972
 4713.8330 0.972
 4713.9326 0.972
 4714.0322 0.972
 4714.1318 0.973
 4714.2314 0.973
 4714.3311 0.973
 4714.4307 0.973
 4714.5303 0.973
 4714.6299 0.973
 4714.7295 0.973
 4714.8291 0.973
 4714.9287 0.973
 4715.0283 0.973
 4715.1279 0.973
 4715.2275 0.973
 4715.3271 0.973
 4715.4268 0.974
 4715.5264 0.974
 4715.6260 0.974
 4715.7256 0.974
 4715.8252 0.974
 4715.9248 0.974
 4716.0244 0.974
 4716.1240 0.974
 4716.2236 0.974
 4716.3232 0.973
 4716.4229 0.973
 4716.5225 0.973
 4716.6221 0.973
 4716.7217 0.973
 4716.8213 0.973
 4716.9209 0.973
 4717.0205 0.973
 4717.1201 0.973
 4717.2197 0.973
 4717.3193 0.973
 4717.4189 0.974
 4717.5186 0.974
 4717.6182 0.974
 4717.7178 0.974
 4717.8174 0.974
 4717.9170 0.974
 4718.0166 0.974
 4718.1162 0.974
 4718.2158 0.974
 4718.3154 0.974
 4718.4150 0.974
 4718.5146 0.974
 4718.6143 0.974
 4718.7139 0.974
 4718.8135 0.974
 4718.9131 0.973
 4719.0127 0.973
 4719.1123 0.973
 4719.2119 0.973
 4719.3115 0.973
 4719.4111 0.973
 4719.5107 0.973
 4719.6104 0.973
 4719.7100 0.974
 4719.8096 0.974
 4719.9092 0.974
 4720.0088 0.974
 4720.1084 0.974
 4720.2080 0.974
 4720.3076 0.974
 4720.4072 0.974
 4720.5068 0.974
 4720.6064 0.974
 4720.7061 0.974
 4720.8057 0.974
 4720.9053 0.973
 4721.0049 0.973
 4721.1045 0.973
 4721.2041 0.973
 4721.3037 0.973
 4721.4033 0.973
 4721.5029 0.973
 4721.6025 0.973
 4721.7021 0.973
 4721.8018 0.973
 4721.9014 0.973
 4722.0010 0.974
 4722.1006 0.974
 4722.2002 0.974
 4722.2998 0.974
 4722.3994 0.974
 4722.4990 0.974
 4722.5986 0.974
 4722.6982 0.974
 4722.7979 0.974
 4722.8975 0.974
 4722.9971 0.974
 4723.0967 0.974
 4723.1963 0.973
 4723.2959 0.973
 4723.3955 0.973
 4723.4951 0.973
 4723.5947 0.973
 4723.6943 0.973
 4723.7939 0.974
 4723.8936 0.974
 4723.9932 0.974
 4724.0928 0.974
 4724.1924 0.974
 4724.2920 0.974
 4724.3916 0.974
 4724.4912 0.974
 4724.5908 0.974
 4724.6904 0.974
 4724.7900 0.974
 4724.8896 0.974
 4724.9893 0.974
 4725.0889 0.974
 4725.1885 0.974
 4725.2881 0.974
 4725.3877 0.974
 4725.4873 0.974
 4725.5869 0.974
 4725.6865 0.974
 4725.7861 0.974
 4725.8857 0.974
 4725.9854 0.974
 4726.0850 0.974
 4726.1846 0.974
 4726.2842 0.974
 4726.3838 0.974
 4726.4834 0.974
 4726.5830 0.974
 4726.6826 0.974
 4726.7822 0.974
 4726.8818 0.974
 4726.9814 0.974
 4727.0811 0.974
 4727.1807 0.974
 4727.2803 0.974
 4727.3799 0.974
 4727.4795 0.974
 4727.5791 0.974
 4727.6787 0.974
 4727.7783 0.974
 4727.8779 0.974
 4727.9775 0.974
 4728.0771 0.974
 4728.1768 0.974
 4728.2764 0.974
 4728.3760 0.974
 4728.4756 0.974
 4728.5752 0.974
 4728.6748 0.974
 4728.7744 0.974
 4728.8740 0.974
 4728.9736 0.974
 4729.0732 0.975
 4729.1729 0.975
 4729.2725 0.975
 4729.3721 0.975
 4729.4717 0.975
 4729.5713 0.975
 4729.6709 0.975
 4729.7705 0.975
 4729.8701 0.975
 4729.9697 0.975
 4730.0693 0.975
 4730.1689 0.975
 4730.2686 0.975
 4730.3682 0.975
 4730.4678 0.975
 4730.5674 0.975
 4730.6670 0.975
 4730.7666 0.975
 4730.8662 0.975
 4730.9658 0.975
 4731.0654 0.975
 4731.1650 0.975
 4731.2646 0.975
 4731.3643 0.975
 4731.4639 0.975
 4731.5635 0.975
 4731.6631 0.975
 4731.7627 0.975
 4731.8623 0.974
 4731.9619 0.974
 4732.0615 0.974
 4732.1611 0.974
 4732.2607 0.974
 4732.3604 0.974
 4732.4600 0.974
 4732.5596 0.975
 4732.6592 0.975
 4732.7588 0.975
 4732.8584 0.975
 4732.9580 0.975
 4733.0576 0.975
 4733.1572 0.975
 4733.2568 0.975
 4733.3564 0.975
 4733.4561 0.975
 4733.5557 0.974
 4733.6553 0.974
 4733.7549 0.974
 4733.8545 0.974
 4733.9541 0.974
 4734.0537 0.974
 4734.1533 0.974
 4734.2529 0.974
 4734.3525 0.974
 4734.4521 0.974
 4734.5518 0.974
 4734.6514 0.974
 4734.7510 0.975
 4734.8506 0.975
 4734.9502 0.975
 4735.0498 0.975
 4735.1494 0.975
 4735.2490 0.975
 4735.3486 0.975
 4735.4482 0.975
 4735.5479 0.975
 4735.6475 0.975
 4735.7471 0.975
 4735.8467 0.975
 4735.9463 0.975
 4736.0459 0.975
 4736.1455 0.975
 4736.2451 0.975
 4736.3447 0.975
 4736.4443 0.975
 4736.5439 0.975
 4736.6436 0.975
 4736.7432 0.975
 4736.8428 0.974
 4736.9424 0.974
 4737.0420 0.974
 4737.1416 0.974
 4737.2412 0.975
 4737.3408 0.975
 4737.4404 0.975
 4737.5400 0.975
 4737.6396 0.975
 4737.7393 0.975
 4737.8389 0.975
 4737.9385 0.975
 4738.0381 0.975
 4738.1377 0.975
 4738.2373 0.975
 4738.3369 0.975
 4738.4365 0.974
 4738.5361 0.974
 4738.6357 0.974
 4738.7354 0.974
 4738.8350 0.974
 4738.9346 0.974
 4739.0342 0.975
 4739.1338 0.975
 4739.2334 0.975
 4739.3330 0.975
 4739.4326 0.975
 4739.5322 0.975
 4739.6318 0.975
 4739.7314 0.975
 4739.8311 0.975
 4739.9307 0.975
 4740.0303 0.975
 4740.1299 0.974
 4740.2295 0.974
 4740.3291 0.974
 4740.4287 0.974
 4740.5283 0.974
 4740.6279 0.974
 4740.7275 0.974
 4740.8271 0.974
 4740.9268 0.975
 4741.0264 0.975
 4741.1260 0.975
 4741.2256 0.975
 4741.3252 0.975
 4741.4248 0.975
 4741.5244 0.975
 4741.6240 0.975
 4741.7236 0.975
 4741.8232 0.975
 4741.9229 0.975
 4742.0225 0.975
 4742.1221 0.975
 4742.2217 0.976
 4742.3213 0.976
 4742.4209 0.976
 4742.5205 0.976
 4742.6201 0.976
 4742.7197 0.976
 4742.8193 0.976
 4742.9189 0.976
 4743.0186 0.975
 4743.1182 0.975
 4743.2178 0.975
 4743.3174 0.975
 4743.4170 0.975
 4743.5166 0.975
 4743.6162 0.975
 4743.7158 0.975
 4743.8154 0.975
 4743.9150 0.976
 4744.0146 0.976
 4744.1143 0.976
 4744.2139 0.976
 4744.3135 0.976
 4744.4131 0.976
 4744.5127 0.976
 4744.6123 0.976
 4744.7119 0.976
 4744.8115 0.976
 4744.9111 0.976
 4745.0107 0.976
 4745.1104 0.976
 4745.2100 0.976
 4745.3096 0.976
 4745.4092 0.976
 4745.5088 0.976
 4745.6084 0.976
 4745.7080 0.975
 4745.8076 0.975
 4745.9072 0.975
 4746.0068 0.975
 4746.1064 0.975
 4746.2061 0.975
 4746.3057 0.975
 4746.4053 0.962
 4746.5049 0.961
 4746.6045 0.960
 4746.7041 0.960
 4746.8037 0.960
 4746.9033 0.960
 4747.0029 0.959
 4747.1025 0.959
 4747.2021 0.959
 4747.3018 0.959
 4747.4014 0.958
 4747.5010 0.958
 4747.6006 0.957
 4747.7002 0.957
 4747.7998 0.956
 4747.8994 0.956
 4747.9990 0.956
 4748.0986 0.956
 4748.1982 0.956
 4748.2979 0.956
 4748.3975 0.956
 4748.4971 0.956
 4748.5967 0.956
 4748.6963 0.956
 4748.7959 0.956
 4748.8955 0.956
 4748.9951 0.955
 4749.0947 0.955
 4749.1943 0.954
 4749.2939 0.954
 4749.3936 0.954
 4749.4932 0.955
 4749.5928 0.955
 4749.6924 0.955
 4749.7920 0.955
 4749.8916 0.955
 4749.9912 0.955
 4750.0908 0.955
 4750.1904 0.955
 4750.2900 0.955
 4750.3896 0.954
 4750.4893 0.954
 4750.5889 0.954
 4750.6885 0.954
 4750.7881 0.953
 4750.8877 0.953
 4750.9873 0.953
 4751.0869 0.953
 4751.1865 0.953
 4751.2861 0.953
 4751.3857 0.954
 4751.4854 0.954
 4751.5850 0.954
 4751.6846 0.954
 4751.7842 0.954
 4751.8838 0.954
 4751.9834 0.953
 4752.0830 0.953
 4752.1826 0.953
 4752.2822 0.953
 4752.3818 0.952
 4752.4814 0.952
 4752.5811 0.952
 4752.6807 0.952
 4752.7803 0.952
 4752.8799 0.952
 4752.9795 0.952
 4753.0791 0.952
 4753.1787 0.952
 4753.2783 0.952
 4753.3779 0.952
 4753.4775 0.952
 4753.5771 0.952
 4753.6768 0.952
 4753.7764 0.952
 4753.8760 0.952
 4753.9756 0.952
 4754.0752 0.952
 4754.1748 0.952
 4754.2744 0.952
 4754.3740 0.951
 4754.4736 0.951
 4754.5732 0.951
 4754.6729 0.951
 4754.7725 0.951
 4754.8721 0.951
 4754.9717 0.952
 4755.0713 0.952
 4755.1709 0.952
 4755.2705 0.952
 4755.3701 0.952
 4755.4697 0.951
 4755.5693 0.951
 4755.6689 0.951
 4755.7686 0.951
 4755.8682 0.951
 4755.9678 0.950
 4756.0674 0.950
 4756.1670 0.950
 4756.2666 0.950
 4756.3662 0.951
 4756.4658 0.951
 4756.5654 0.951
 4756.6650 0.951
 4756.7646 0.951
 4756.8643 0.951
 4756.9639 0.951
 4757.0635 0.951
 4757.1631 0.951
 4757.2627 0.951
 4757.3623 0.951
 4757.4619 0.951
 4757.5615 0.951
 4757.6611 0.950
 4757.7607 0.950
 4757.8604 0.950
 4757.9600 0.950
 4758.0596 0.950
 4758.1592 0.950
 4758.2588 0.950
 4758.3584 0.950
 4758.4580 0.950
 4758.5576 0.950
 4758.6572 0.950
 4758.7568 0.950
 4758.8564 0.950
 4758.9561 0.950
 4759.0557 0.950
 4759.1553 0.950
 4759.2549 0.950
 4759.3545 0.950
 4759.4541 0.950
 4759.5537 0.950
 4759.6533 0.950
 4759.7529 0.950
 4759.8525 0.950
 4759.9521 0.950
 4760.0518 0.949
 4760.1514 0.949
 4760.2510 0.949
 4760.3506 0.949
 4760.4502 0.949
 4760.5498 0.949
 4760.6494 0.949
 4760.7490 0.950
 4760.8486 0.950
 4760.9482 0.950
 4761.0479 0.950
 4761.1475 0.950
 4761.2471 0.950
 4761.3467 0.950
 4761.4463 0.950
 4761.5459 0.950
 4761.6455 0.950
 4761.7451 0.950
 4761.8447 0.950
 4761.9443 0.950
 4762.0439 0.950
 4762.1436 0.950
 4762.2432 0.949
 4762.3428 0.949
 4762.4424 0.949
 4762.5420 0.949
 4762.6416 0.949
 4762.7412 0.949
 4762.8408 0.949
 4762.9404 0.949
 4763.0400 0.949
 4763.1396 0.949
 4763.2393 0.950
 4763.3389 0.950
 4763.4385 0.950
 4763.5381 0.950
 4763.6377 0.950
 4763.7373 0.950
 4763.8369 0.950
 4763.9365 0.949
 4764.0361 0.949
 4764.1357 0.949
 4764.2354 0.949
 4764.3350 0.949
 4764.4346 0.948
 4764.5342 0.948
 4764.6338 0.948
 4764.7334 0.948
 4764.8330 0.948
 4764.9326 0.948
 4765.0322 0.949
 4765.1318 0.949
 4765.2314 0.949
 4765.3311 0.949
 4765.4307 0.949
 4765.5303 0.949
 4765.6299 0.949
 4765.7295 0.949
 4765.8291 0.949
 4765.9287 0.949
 4766.0283 0.949
 4766.1279 0.949
 4766.2275 0.949
 4766.3271 0.949
 4766.4268 0.949
 4766.5264 0.949
 4766.6260 0.948
 4766.7256 0.948
 4766.8252 0.948
 4766.9248 0.948
 4767.0244 0.948
 4767.1240 0.948
 4767.2236 0.948
 4767.3232 0.948
 4767.4229 0.948
 4767.5225 0.948
 4767.6221 0.948
 4767.7217 0.948
 4767.8213 0.949
 4767.9209 0.949
 4768.0205 0.949
 4768.1201 0.949
 4768.2197 0.949
 4768.3193 0.949
 4768.4189 0.949
 4768.5186 0.949
 4768.6182 0.949
 4768.7178 0.949
 4768.8174 0.949
 4768.9170 0.949
 4769.0166 0.949
 4769.1162 0.949
 4769.2158 0.948
 4769.3154 0.948
 4769.4150 0.948
 4769.5146 0.948
 4769.6143 0.948
 4769.7139 0.948
 4769.8135 0.948
 4769.9131 0.948
 4770.0127 0.949
 4770.1123 0.949
 4770.2119 0.949
 4770.3115 0.949
 4770.4111 0.949
 4770.5107 0.949
 4770.6104 0.949
 4770.7100 0.949
 4770.8096 0.949
 4770.9092 0.949
 4771.0088 0.949
 4771.1084 0.949
 4771.2080 0.949
 4771.3076 0.949
 4771.4072 0.949
 4771.5068 0.948
 4771.6064 0.948
 4771.7061 0.948
 4771.8057 0.948
 4771.9053 0.948
 4772.0049 0.948
 4772.1045 0.948
 4772.2041 0.948
 4772.3037 0.948
 4772.4033 0.949
 4772.5029 0.949
 4772.6025 0.949
 4772.7021 0.949
 4772.8018 0.949
 4772.9014 0.949
 4773.0010 0.949
 4773.1006 0.949
 4773.2002 0.949
 4773.2998 0.949
 4773.3994 0.949
 4773.4990 0.949
 4773.5986 0.949
 4773.6982 0.949
 4773.7979 0.949
 4773.8975 0.949
 4773.9971 0.949
 4774.0967 0.949
 4774.1963 0.949
 4774.2959 0.949
 4774.3955 0.949
 4774.4951 0.949
 4774.5947 0.949
 4774.6943 0.949
 4774.7939 0.949
 4774.8936 0.949
 4774.9932 0.949
 4775.0928 0.949
 4775.1924 0.949
 4775.2920 0.948
 4775.3916 0.948
 4775.4912 0.948
 4775.5908 0.948
 4775.6904 0.948
 4775.7900 0.948
 4775.8896 0.948
 4775.9893 0.948
 4776.0889 0.949
 4776.1885 0.949
 4776.2881 0.949
 4776.3877 0.949
 4776.4873 0.949
 4776.5869 0.949
 4776.6865 0.949
 4776.7861 0.949
 4776.8857 0.949
 4776.9854 0.949
 4777.0850 0.949
 4777.1846 0.949
 4777.2842 0.949
 4777.3838 0.949
 4777.4834 0.949
 4777.5830 0.949
 4777.6826 0.949
 4777.7822 0.948
 4777.8818 0.948
 4777.9814 0.948
 4778.0811 0.948
 4778.1807 0.948
 4778.2803 0.948
 4778.3799 0.948
 4778.4795 0.948
 4778.5791 0.949
 4778.6787 0.949
 4778.7783 0.949
 4778.8779 0.949
 4778.9775 0.949
 4779.0771 0.949
 4779.1768 0.949
 4779.2764 0.949
 4779.3760 0.949
 4779.4756 0.949
 4779.5752 0.949
 4779.6748 0.949
 4779.7744 0.949
 4779.8740 0.949
 4779.9736 0.949
 4780.0732 0.949
 4780.1729 0.949
 4780.2725 0.948
 4780.3721 0.948
 4780.4717 0.948
 4780.5713 0.948
 4780.6709 0.948
 4780.7705 0.948
 4780.8701 0.948
 4780.9697 0.948
 4781.0693 0.948
 4781.1689 0.949
 4781.2686 0.949
 4781.3682 0.949
 4781.4678 0.949
 4781.5674 0.949
 4781.6670 0.949
 4781.7666 0.949
 4781.8662 0.949
 4781.9658 0.949
 4782.0654 0.949
 4782.1650 0.949
 4782.2646 0.949
 4782.3643 0.948
 4782.4639 0.948
 4782.5635 0.948
 4782.6631 0.948
 4782.7627 0.948
 4782.8623 0.948
 4782.9619 0.948
 4783.0615 0.949
 4783.1611 0.949
 4783.2607 0.949
 4783.3604 0.949
 4783.4600 0.949
 4783.5596 0.949
 4783.6592 0.949
 4783.7588 0.949
 4783.8584 0.949
 4783.9580 0.949
 4784.0576 0.949
 4784.1572 0.949
 4784.2568 0.949
 4784.3564 0.949
 4784.4561 0.949
 4784.5557 0.949
 4784.6553 0.949
 4784.7549 0.949
 4784.8545 0.949
 4784.9541 0.949
 4785.0537 0.949
 4785.1533 0.949
 4785.2529 0.949
 4785.3525 0.948
 4785.4521 0.948
 4785.5518 0.948
 4785.6514 0.948
 4785.7510 0.948
 4785.8506 0.948
 4785.9502 0.948
 4786.0498 0.949
 4786.1494 0.949
 4786.2490 0.949
 4786.3486 0.949
 4786.4482 0.949
 4786.5479 0.949
 4786.6475 0.949
 4786.7471 0.949
 4786.8467 0.949
 4786.9463 0.949
 4787.0459 0.949
 4787.1455 0.949
 4787.2451 0.949
 4787.3447 0.949
 4787.4443 0.949
 4787.5439 0.949
 4787.6436 0.949
 4787.7432 0.949
 4787.8428 0.948
 4787.9424 0.948
 4788.0420 0.948
 4788.1416 0.948
 4788.2412 0.948
 4788.3408 0.948
 4788.4404 0.949
 4788.5400 0.949
 4788.6396 0.949
 4788.7393 0.949
 4788.8389 0.949
 4788.9385 0.949
 4789.0381 0.949
 4789.1377 0.949
 4789.2373 0.949
 4789.3369 0.949
 4789.4365 0.949
 4789.5361 0.949
 4789.6357 0.949
 4789.7354 0.949
 4789.8350 0.949
 4789.9346 0.948
 4790.0342 0.948
 4790.1338 0.948
 4790.2334 0.948
 4790.3330 0.948
 4790.4326 0.948
 4790.5322 0.948
 4790.6318 0.948
 4790.7314 0.949
 4790.8311 0.949
 4790.9307 0.949
 4791.0303 0.949
 4791.1299 0.949
 4791.2295 0.949
 4791.3291 0.949
 4791.4287 0.949
 4791.5283 0.949
 4791.6279 0.949
 4791.7275 0.948
 4791.8271 0.948
 4791.9268 0.948
 4792.0264 0.948
 4792.1260 0.948
 4792.2256 0.948
 4792.3252 0.948
 4792.4248 0.948
 4792.5244 0.949
 4792.6240 0.949
 4792.7236 0.949
 4792.8232 0.949
 4792.9229 0.949
 4793.0225 0.949
 4793.1221 0.949
 4793.2217 0.949
 4793.3213 0.949
 4793.4209 0.949
 4793.5205 0.949
 4793.6201 0.949
 4793.7197 0.949
 4793.8193 0.949
 4793.9189 0.949
 4794.0186 0.949
 4794.1182 0.949
 4794.2178 0.949
 4794.3174 0.949
 4794.4170 0.949
 4794.5166 0.949
 4794.6162 0.949
 4794.7158 0.949
 4794.8154 0.949
 4794.9150 0.949
 4795.0146 0.949
 4795.1143 0.949
 4795.2139 0.949
 4795.3135 0.950
 4795.4131 0.950
 4795.5127 0.950
 4795.6123 0.950
 4795.7119 0.950
 4795.8115 0.950
 4795.9111 0.949
 4796.0107 0.949
 4796.1104 0.949
 4796.2100 0.949
 4796.3096 0.949
 4796.4092 0.949
 4796.5088 0.949
 4796.6084 0.949
 4796.7080 0.949
 4796.8076 0.949
 4796.9072 0.949
 4797.0068 0.950
 4797.1064 0.950
 4797.2061 0.950
 4797.3057 0.950
 4797.4053 0.950
 4797.5049 0.950
 4797.6045 0.950
 4797.7041 0.950
 4797.8037 0.950
 4797.9033 0.950
 4798.0029 0.950
 4798.1025 0.950
 4798.2021 0.950
 4798.3018 0.950
 4798.4014 0.950
 4798.5010 0.950
 4798.6006 0.950
 4798.7002 0.950
 4798.7998 0.950
 4798.8994 0.949
 4798.9990 0.949
 4799.0986 0.949
 4799.1982 0.949
 4799.2979 0.949
 4799.3975 0.949
 4799.4971 0.950
 4799.5967 0.950
 4799.6963 0.950
 4799.7959 0.950
 4799.8955 0.950
 4799.9951 0.950
 4800.0947 0.950
 4800.1943 0.950
 4800.2939 0.950
 4800.3936 0.950
 4800.4932 0.950
 4800.5928 0.950
 4800.6924 0.950
 4800.7920 0.950
 4800.8916 0.950
 4800.9912 0.949
 4801.0908 0.949
 4801.1904 0.949
 4801.2900 0.949
 4801.3896 0.949
 4801.4893 0.949
 4801.5889 0.949
 4801.6885 0.949
 4801.7881 0.950
 4801.8877 0.950
 4801.9873 0.950
 4802.0869 0.950
 4802.1865 0.950
 4802.2861 0.950
 4802.3857 0.950
 4802.4854 0.950
 4802.5850 0.950
 4802.6846 0.950
 4802.7842 0.950
 4802.8838 0.950
 4802.9834 0.950
 4803.0830 0.950
 4803.1826 0.950
 4803.2822 0.950
 4803.3818 0.950
 4803.4814 0.951
 4803.5811 0.951
 4803.6807 0.951
 4803.7803 0.951
 4803.8799 0.951
 4803.9795 0.951
 4804.0791 0.951
 4804.1787 0.951
 4804.2783 0.950
 4804.3779 0.950
 4804.4775 0.950
 4804.5771 0.950
 4804.6768 0.950
 4804.7764 0.950
 4804.8760 0.950
 4804.9756 0.950
 4805.0752 0.950
 4805.1748 0.950
 4805.2744 0.950
 4805.3740 0.950
 4805.4736 0.950
 4805.5732 0.950
 4805.6729 0.950
 4805.7725 0.950
 4805.8721 0.950
 4805.9717 0.950
 4806.0713 0.950
 4806.1709 0.950
 4806.2705 0.950
 4806.3701 0.951
 4806.4697 0.951
 4806.5693 0.951
 4806.6689 0.951
 4806.7686 0.950
 4806.8682 0.950
 4806.9678 0.950
 4807.0674 0.950
 4807.1670 0.950
 4807.2666 0.950
 4807.3662 0.950
 4807.4658 0.950
 4807.5654 0.950
 4807.6650 0.950
 4807.7646 0.950
 4807.8643 0.950
 4807.9639 0.950
 4808.0635 0.950
 4808.1631 0.950
 4808.2627 0.951
 4808.3623 0.951
 4808.4619 0.951
 4808.5615 0.951
 4808.6611 0.951
 4808.7607 0.951
 4808.8604 0.951
 4808.9600 0.951
 4809.0596 0.951
 4809.1592 0.950
 4809.2588 0.950
 4809.3584 0.950
 4809.4580 0.950
 4809.5576 0.950
 4809.6572 0.950
 4809.7568 0.950
 4809.8564 0.950
 4809.9561 0.950
 4810.0557 0.951
 4810.1553 0.951
 4810.2549 0.951
 4810.3545 0.951
 4810.4541 0.951
 4810.5537 0.951
 4810.6533 0.951
 4810.7529 0.951
 4810.8525 0.951
 4810.9521 0.951
 4811.0518 0.951
 4811.1514 0.951
 4811.2510 0.951
 4811.3506 0.951
 4811.4502 0.951
 4811.5498 0.951
 4811.6494 0.951
 4811.7490 0.951
 4811.8486 0.951
 4811.9482 0.951
 4812.0479 0.951
 4812.1475 0.951
 4812.2471 0.951
 4812.3467 0.951
 4812.4463 0.951
 4812.5459 0.951
 4812.6455 0.950
 4812.7451 0.950
 4812.8447 0.950
 4812.9443 0.950
 4813.0439 0.950
 4813.1436 0.951
 4813.2432 0.951
 4813.3428 0.951
 4813.4424 0.951
 4813.5420 0.951
 4813.6416 0.951
 4813.7412 0.951
 4813.8408 0.951
 4813.9404 0.951
 4814.0400 0.951
 4814.1396 0.952
 4814.2393 0.952
 4814.3389 0.952
 4814.4385 0.952
 4814.5381 0.952
 4814.6377 0.952
 4814.7373 0.952
 4814.8369 0.952
 4814.9365 0.952
 4815.0361 0.952
 4815.1357 0.952
 4815.2354 0.952
 4815.3350 0.952
 4815.4346 0.952
 4815.5342 0.952
 4815.6338 0.952
 4815.7334 0.952
 4815.8330 0.952
 4815.9326 0.952
 4816.0322 0.952
 4816.1318 0.952
 4816.2314 0.952
 4816.3311 0.952
 4816.4307 0.952
 4816.5303 0.952
 4816.6299 0.952
 4816.7295 0.952
 4816.8291 0.952
 4816.9287 0.952
 4817.0283 0.952
 4817.1279 0.952
 4817.2275 0.952
 4817.3271 0.952
 4817.4268 0.952
 4817.5264 0.952
 4817.6260 0.952
 4817.7256 0.952
 4817.8252 0.952
 4817.9248 0.952
 4818.0244 0.951
 4818.1240 0.951
 4818.2236 0.951
 4818.3232 0.951
 4818.4229 0.951
 4818.5225 0.952
 4818.6221 0.952
 4818.7217 0.952
 4818.8213 0.952
 4818.9209 0.952
 4819.0205 0.952
 4819.1201 0.952
 4819.2197 0.952
 4819.3193 0.952
 4819.4189 0.952
 4819.5186 0.952
 4819.6182 0.952
 4819.7178 0.952
 4819.8174 0.952
 4819.9170 0.952
 4820.0166 0.952
 4820.1162 0.952
 4820.2158 0.952
 4820.3154 0.952
 4820.4150 0.952
 4820.5146 0.952
 4820.6143 0.952
 4820.7139 0.952
 4820.8135 0.952
 4820.9131 0.952
 4821.0127 0.952
 4821.1123 0.952
 4821.2119 0.952
 4821.3115 0.953
 4821.4111 0.953
 4821.5107 0.953
 4821.6104 0.953
 4821.7100 0.953
 4821.8096 0.953
 4821.9092 0.952
 4822.0088 0.952
 4822.1084 0.952
 4822.2080 0.952
 4822.3076 0.952
 4822.4072 0.952
 4822.5068 0.952
 4822.6064 0.952
 4822.7061 0.952
 4822.8057 0.952
 4822.9053 0.952
 4823.0049 0.952
 4823.1045 0.953
 4823.2041 0.953
 4823.3037 0.953
 4823.4033 0.953
 4823.5029 0.953
 4823.6025 0.953
 4823.7021 0.953
 4823.8018 0.953
 4823.9014 0.953
 4824.0010 0.953
 4824.1006 0.952
 4824.2002 0.952
 4824.2998 0.952
 4824.3994 0.952
 4824.4990 0.952
 4824.5986 0.952
 4824.6982 0.952
 4824.7979 0.952
 4824.8975 0.952
 4824.9971 0.952
 4825.0967 0.952
 4825.1963 0.953
 4825.2959 0.953
 4825.3955 0.953
 4825.4951 0.953
 4825.5947 0.953
 4825.6943 0.953
 4825.7939 0.953
 4825.8936 0.952
 4825.9932 0.952
 4826.0928 0.952
 4826.1924 0.952
 4826.2920 0.952
 4826.3916 0.952
 4826.4912 0.952
 4826.5908 0.953
 4826.6904 0.953
 4826.7900 0.953
 4826.8896 0.953
 4826.9893 0.953
 4827.0889 0.953
 4827.1885 0.953
 4827.2881 0.953
 4827.3877 0.952
 4827.4873 0.952
 4827.5869 0.952
 4827.6865 0.952
 4827.7861 0.952
 4827.8857 0.952
 4827.9854 0.952
 4828.0850 0.952
 4828.1846 0.952
 4828.2842 0.952
 4828.3838 0.953
 4828.4834 0.953
 4828.5830 0.953
 4828.6826 0.953
 4828.7822 0.953
 4828.8818 0.953
 4828.9814 0.953
 4829.0811 0.952
 4829.1807 0.952
 4829.2803 0.952
 4829.3799 0.952
 4829.4795 0.952
 4829.5791 0.952
 4829.6787 0.952
 4829.7783 0.952
 4829.8779 0.952
 4829.9775 0.952
 4830.0771 0.952
 4830.1768 0.953
 4830.2764 0.953
 4830.3760 0.953
 4830.4756 0.953
 4830.5752 0.953
 4830.6748 0.953
 4830.7744 0.953
 4830.8740 0.953
 4830.9736 0.953
 4831.0732 0.953
 4831.1729 0.953
 4831.2725 0.953
 4831.3721 0.953
 4831.4717 0.953
 4831.5713 0.953
 4831.6709 0.953
 4831.7705 0.953
 4831.8701 0.953
 4831.9697 0.953
 4832.0693 0.953
 4832.1689 0.953
 4832.2686 0.953
 4832.3682 0.953
 4832.4678 0.953
 4832.5674 0.953
 4832.6670 0.953
 4832.7666 0.953
 4832.8662 0.953
 4832.9658 0.953
 4833.0654 0.953
 4833.1650 0.953
 4833.2646 0.953
 4833.3643 0.953
 4833.4639 0.954
 4833.5635 0.954
 4833.6631 0.954
 4833.7627 0.953
 4833.8623 0.953
 4833.9619 0.953
 4834.0615 0.953
 4834.1611 0.953
 4834.2607 0.953
 4834.3604 0.953
 4834.4600 0.953
 4834.5596 0.953
 4834.6592 0.953
 4834.7588 0.953
 4834.8584 0.953
 4834.9580 0.953
 4835.0576 0.953
 4835.1572 0.953
 4835.2568 0.953
 4835.3564 0.953
 4835.4561 0.954
 4835.5557 0.954
 4835.6553 0.954
 4835.7549 0.953
 4835.8545 0.953
 4835.9541 0.953
 4836.0537 0.953
 4836.1533 0.953
 4836.2529 0.953
 4836.3525 0.953
 4836.4521 0.953
 4836.5518 0.953
 4836.6514 0.953
 4836.7510 0.953
 4836.8506 0.954
 4836.9502 0.954
 4837.0498 0.954
 4837.1494 0.954
 4837.2490 0.954
 4837.3486 0.954
 4837.4482 0.954
 4837.5479 0.954
 4837.6475 0.954
 4837.7471 0.954
 4837.8467 0.954
 4837.9463 0.954
 4838.0459 0.954
 4838.1455 0.954
 4838.2451 0.954
 4838.3447 0.954
 4838.4443 0.954
 4838.5439 0.954
 4838.6436 0.954
 4838.7432 0.954
 4838.8428 0.954
 4838.9424 0.954
 4839.0420 0.954
 4839.1416 0.954
 4839.2412 0.954
 4839.3408 0.954
 4839.4404 0.953
 4839.5400 0.953
 4839.6396 0.953
 4839.7393 0.953
 4839.8389 0.953
 4839.9385 0.953
 4840.0381 0.953
 4840.1377 0.954
 4840.2373 0.954
 4840.3369 0.954
 4840.4365 0.954
 4840.5361 0.954
 4840.6357 0.954
 4840.7354 0.954
 4840.8350 0.954
 4840.9346 0.954
 4841.0342 0.954
 4841.1338 0.954
 4841.2334 0.954
 4841.3330 0.954
 4841.4326 0.954
 4841.5322 0.954
 4841.6318 0.954
 4841.7314 0.954
 4841.8311 0.954
 4841.9307 0.954
 4842.0303 0.954
 4842.1299 0.954
 4842.2295 0.954
 4842.3291 0.954
 4842.4287 0.954
 4842.5283 0.954
 4842.6279 0.954
 4842.7275 0.954
 4842.8271 0.953
 4842.9268 0.953
 4843.0264 0.954
 4843.1260 0.953
 4843.2256 0.954
 4843.3252 0.954
 4843.4248 0.954
 4843.5244 0.954
 4843.6240 0.954
 4843.7236 0.954
 4843.8232 0.954
 4843.9229 0.954
 4844.0225 0.954
 4844.1221 0.954
 4844.2217 0.953
 4844.3213 0.953
 4844.4209 0.953
 4844.5205 0.953
 4844.6201 0.954
 4844.7197 0.954
 4844.8193 0.954
 4844.9189 0.954
 4845.0186 0.954
 4845.1182 0.954
 4845.2178 0.954
 4845.3174 0.954
 4845.4170 0.954
 4845.5166 0.954
 4845.6162 0.954
 4845.7158 0.954
 4845.8154 0.954
 4845.9150 0.954
 4846.0146 0.954
 4846.1143 0.954
 4846.2139 0.954
 4846.3135 0.954
 4846.4131 0.954
 4846.5127 0.954
 4846.6123 0.954
 4846.7119 0.954
 4846.8115 0.954
 4846.9111 0.954
 4847.0107 0.954
 4847.1104 0.954
 4847.2100 0.955
 4847.3096 0.955
 4847.4092 0.955
 4847.5088 0.955
 4847.6084 0.955
 4847.7080 0.955
 4847.8076 0.955
 4847.9072 0.954
 4848.0068 0.954
 4848.1064 0.954
 4848.2061 0.954
 4848.3057 0.954
 4848.4053 0.954
 4848.5049 0.954
 4848.6045 0.954
 4848.7041 0.954
 4848.8037 0.954
 4848.9033 0.955
 4849.0029 0.955
 4849.1025 0.955
 4849.2021 0.955
 4849.3018 0.955
 4849.4014 0.955
 4849.5010 0.955
 4849.6006 0.954
 4849.7002 0.954
 4849.7998 0.954
 4849.8994 0.954
 4849.9990 0.954
 4850.0986 0.954
 4850.1982 0.954
 4850.2979 0.954
 4850.3975 0.955
 4850.4971 0.955
 4850.5967 0.955
 4850.6963 0.955
 4850.7959 0.955
 4850.8955 0.955
 4850.9951 0.955
 4851.0947 0.955
 4851.1943 0.955
 4851.2939 0.955
 4851.3936 0.955
 4851.4932 0.955
 4851.5928 0.955
 4851.6924 0.955
 4851.7920 0.955
 4851.8916 0.955
 4851.9912 0.954
 4852.0908 0.954
 4852.1904 0.954
 4852.2900 0.954
 4852.3896 0.954
 4852.4893 0.954
 4852.5889 0.954
 4852.6885 0.955
 4852.7881 0.955
 4852.8877 0.955
 4852.9873 0.955
 4853.0869 0.955
 4853.1865 0.955
 4853.2861 0.955
 4853.3857 0.955
 4853.4854 0.955
 4853.5850 0.955
 4853.6846 0.955
 4853.7842 0.955
 4853.8838 0.955
 4853.9834 0.955
 4854.0830 0.955
 4854.1826 0.954
 4854.2822 0.954
 4854.3818 0.954
 4854.4814 0.954
 4854.5811 0.954
 4854.6807 0.954
 4854.7803 0.955
 4854.8799 0.955
 4854.9795 0.955
 4855.0791 0.955
 4855.1787 0.955
 4855.2783 0.955
 4855.3779 0.955
 4855.4775 0.955
 4855.5771 0.955
 4855.6768 0.955
 4855.7764 0.955
 4855.8760 0.955
 4855.9756 0.955
 4856.0752 0.956
 4856.1748 0.956
 4856.2744 0.956
 4856.3740 0.956
 4856.4736 0.956
 4856.5732 0.956
 4856.6729 0.956
 4856.7725 0.956
 4856.8721 0.956
 4856.9717 0.956
 4857.0713 0.956
 4857.1709 0.956
 4857.2705 0.956
 4857.3701 0.956
 4857.4697 0.956
 4857.5693 0.956
 4857.6689 0.956
 4857.7686 0.956
 4857.8682 0.956
 4857.9678 0.955
 4858.0674 0.955
 4858.1670 0.955
 4858.2666 0.955
 4858.3662 0.955
 4858.4658 0.955
 4858.5654 0.956
 4858.6650 0.956
 4858.7646 0.956
 4858.8643 0.956
 4858.9639 0.956
 4859.0635 0.956
 4859.1631 0.956
 4859.2627 0.956
 4859.3623 0.956
 4859.4619 0.956
 4859.5615 0.956
 4859.6611 0.956
 4859.7607 0.956
 4859.8604 0.956
 4859.9600 0.956
 4860.0596 0.956
 4860.1592 0.956
 4860.2588 0.956
 4860.3584 0.956
 4860.4580 0.956
 4860.5576 0.956
 4860.6572 0.956
 4860.7568 0.956
 4860.8564 0.956
 4860.9561 0.956
 4861.0557 0.956
 4861.1553 0.956
 4861.2549 0.956
 4861.3545 0.956
 4861.4541 0.956
 4861.5537 0.956
 4861.6533 0.956
 4861.7529 0.956
 4861.8525 0.956
 4861.9521 0.956
 4862.0518 0.956
 4862.1514 0.956
 4862.2510 0.956
 4862.3506 0.956
 4862.4502 0.956
 4862.5498 0.956
 4862.6494 0.956
 4862.7490 0.956
 4862.8486 0.956
 4862.9482 0.956
 4863.0479 0.956
 4863.1475 0.957
 4863.2471 0.956
 4863.3467 0.956
 4863.4463 0.956
 4863.5459 0.956
 4863.6455 0.956
 4863.7451 0.957
 4863.8447 0.957
 4863.9443 0.957
 4864.0439 0.957
 4864.1436 0.957
 4864.2432 0.957
 4864.3428 0.957
 4864.4424 0.957
 4864.5420 0.957
 4864.6416 0.957
 4864.7412 0.957
 4864.8408 0.957
 4864.9404 0.957
 4865.0400 0.957
 4865.1396 0.957
 4865.2393 0.957
 4865.3389 0.957
 4865.4385 0.957
 4865.5381 0.957
 4865.6377 0.957
 4865.7373 0.957
 4865.8369 0.957
 4865.9365 0.957
 4866.0361 0.957
 4866.1357 0.957
 4866.2354 0.957
 4866.3350 0.957
 4866.4346 0.957
 4866.5342 0.957
 4866.6338 0.957
 4866.7334 0.956
 4866.8330 0.956
 4866.9326 0.956
 4867.0322 0.956
 4867.1318 0.956
 4867.2314 0.956
 4867.3311 0.956
 4867.4307 0.957
 4867.5303 0.957
 4867.6299 0.957
 4867.7295 0.957
 4867.8291 0.957
 4867.9287 0.957
 4868.0283 0.957
 4868.1279 0.957
 4868.2275 0.957
 4868.3271 0.957
 4868.4268 0.957
 4868.5264 0.957
 4868.6260 0.957
 4868.7256 0.957
 4868.8252 0.957
 4868.9248 0.957
 4869.0244 0.957
 4869.1240 0.957
 4869.2236 0.957
 4869.3232 0.957
 4869.4229 0.957
 4869.5225 0.956
 4869.6221 0.956
 4869.7217 0.956
 4869.8213 0.956
 4869.9209 0.956
 4870.0205 0.956
 4870.1201 0.957
 4870.2197 0.957
 4870.3193 0.957
 4870.4189 0.957
 4870.5186 0.957
 4870.6182 0.957
 4870.7178 0.957
 4870.8174 0.957
 4870.9170 0.957
 4871.0166 0.957
 4871.1162 0.956
 4871.2158 0.956
 4871.3154 0.956
 4871.4150 0.956
 4871.5146 0.956
 4871.6143 0.956
 4871.7139 0.957
 4871.8135 0.957
 4871.9131 0.957
 4872.0127 0.957
 4872.1123 0.957
 4872.2119 0.957
 4872.3115 0.957
 4872.4111 0.957
 4872.5107 0.957
 4872.6104 0.957
 4872.7100 0.957
 4872.8096 0.956
 4872.9092 0.956
 4873.0088 0.956
 4873.1084 0.956
 4873.2080 0.956
 4873.3076 0.957
 4873.4072 0.957
 4873.5068 0.957
 4873.6064 0.957
 4873.7061 0.957
 4873.8057 0.957
 4873.9053 0.957
 4874.0049 0.957
 4874.1045 0.957
 4874.2041 0.957
 4874.3037 0.957
 4874.4033 0.957
 4874.5029 0.958
 4874.6025 0.958
 4874.7021 0.958
 4874.8018 0.958
 4874.9014 0.958
 4875.0010 0.958
 4875.1006 0.958
 4875.2002 0.958
 4875.2998 0.958
 4875.3994 0.958
 4875.4990 0.958
 4875.5986 0.958
 4875.6982 0.958
 4875.7979 0.958
 4875.8975 0.958
 4875.9971 0.958
 4876.0967 0.958
 4876.1963 0.958
 4876.2959 0.958
 4876.3955 0.958
 4876.4951 0.958
 4876.5947 0.958
 4876.6943 0.958
 4876.7939 0.958
 4876.8936 0.958
 4876.9932 0.958
 4877.0928 0.958
 4877.1924 0.958
 4877.2920 0.958
 4877.3916 0.958
 4877.4912 0.958
 4877.5908 0.958
 4877.6904 0.958
 4877.7900 0.958
 4877.8896 0.958
 4877.9893 0.958
 4878.0889 0.958
 4878.1885 0.958
 4878.2881 0.958
 4878.3877 0.958
 4878.4873 0.958
 4878.5869 0.958
 4878.6865 0.958
 4878.7861 0.958
 4878.8857 0.958
 4878.9854 0.958
 4879.0850 0.958
 4879.1846 0.958
 4879.2842 0.958
 4879.3838 0.958
 4879.4834 0.958
 4879.5830 0.958
 4879.6826 0.958
 4879.7822 0.958
 4879.8818 0.958
 4879.9814 0.958
 4880.0811 0.958
 4880.1807 0.958
 4880.2803 0.958
 4880.3799 0.958
 4880.4795 0.958
 4880.5791 0.958
 4880.6787 0.958
 4880.7783 0.958
 4880.8779 0.958
 4880.9775 0.959
 4881.0771 0.959
 4881.1768 0.958
 4881.2764 0.959
 4881.3760 0.959
 4881.4756 0.959
 4881.5752 0.959
 4881.6748 0.959
 4881.7744 0.959
 4881.8740 0.959
 4881.9736 0.959
 4882.0732 0.959
 4882.1729 0.959
 4882.2725 0.959
 4882.3721 0.959
 4882.4717 0.959
 4882.5713 0.959
 4882.6709 0.959
 4882.7705 0.959
 4882.8701 0.959
 4882.9697 0.959
 4883.0693 0.959
 4883.1689 0.959
 4883.2686 0.959
 4883.3682 0.959
 4883.4678 0.959
 4883.5674 0.959
 4883.6670 0.959
 4883.7666 0.959
 4883.8662 0.959
 4883.9658 0.959
 4884.0654 0.959
 4884.1650 0.959
 4884.2646 0.959
 4884.3643 0.959
 4884.4639 0.959
 4884.5635 0.959
 4884.6631 0.959
 4884.7627 0.959
 4884.8623 0.959
 4884.9619 0.959
 4885.0615 0.959
 4885.1611 0.959
 4885.2607 0.959
 4885.3604 0.959
 4885.4600 0.959
 4885.5596 0.959
 4885.6592 0.959
 4885.7588 0.959
 4885.8584 0.959
 4885.9580 0.959
 4886.0576 0.959
 4886.1572 0.959
 4886.2568 0.959
 4886.3564 0.959
 4886.4561 0.958
 4886.5557 0.958
 4886.6553 0.959
 4886.7549 0.959
 4886.8545 0.959
 4886.9541 0.959
 4887.0537 0.959
 4887.1533 0.959
 4887.2529 0.959
 4887.3525 0.959
 4887.4521 0.959
 4887.5518 0.959
 4887.6514 0.959
 4887.7510 0.959
 4887.8506 0.959
 4887.9502 0.959
 4888.0498 0.959
 4888.1494 0.959
 4888.2490 0.959
 4888.3486 0.959
 4888.4482 0.959
 4888.5479 0.959
 4888.6475 0.959
 4888.7471 0.959
 4888.8467 0.959
 4888.9463 0.959
 4889.0459 0.959
 4889.1455 0.960
 4889.2451 0.960
 4889.3447 0.960
 4889.4443 0.960
 4889.5439 0.960
 4889.6436 0.960
 4889.7432 0.960
 4889.8428 0.960
 4889.9424 0.960
 4890.0420 0.960
 4890.1416 0.960
 4890.2412 0.960
 4890.3408 0.960
 4890.4404 0.960
 4890.5400 0.960
 4890.6396 0.960
 4890.7393 0.960
 4890.8389 0.960
 4890.9385 0.960
 4891.0381 0.960
 4891.1377 0.960
 4891.2373 0.960
 4891.3369 0.960
 4891.4365 0.960
 4891.5361 0.960
 4891.6357 0.960
 4891.7354 0.960
 4891.8350 0.960
 4891.9346 0.960
 4892.0342 0.960
 4892.1338 0.960
 4892.2334 0.960
 4892.3330 0.959
 4892.4326 0.959
 4892.5322 0.959
 4892.6318 0.959
 4892.7314 0.960
 4892.8311 0.960
 4892.9307 0.960
 4893.0303 0.960
 4893.1299 0.960
 4893.2295 0.960
 4893.3291 0.960
 4893.4287 0.960
 4893.5283 0.960
 4893.6279 0.960
 4893.7275 0.960
 4893.8271 0.960
 4893.9268 0.960
 4894.0264 0.960
 4894.1260 0.960
 4894.2256 0.959
 4894.3252 0.959
 4894.4248 0.959
 4894.5244 0.959
 4894.6240 0.960
 4894.7236 0.960
 4894.8232 0.960
 4894.9229 0.960
 4895.0225 0.960
 4895.1221 0.960
 4895.2217 0.960
 4895.3213 0.960
 4895.4209 0.960
 4895.5205 0.960
 4895.6201 0.960
 4895.7197 0.960
 4895.8193 0.960
 4895.9189 0.959
 4896.0186 0.959
 4896.1182 0.959
 4896.2178 0.959
 4896.3174 0.960
 4896.4170 0.960
 4896.5166 0.960
 4896.6162 0.960
 4896.7158 0.960
 4896.8154 0.960
 4896.9150 0.960
 4897.0146 0.960
 4897.1143 0.960
 4897.2139 0.960
 4897.3135 0.961
 4897.4131 0.961
 4897.5127 0.961
 4897.6123 0.961
 4897.7119 0.961
 4897.8115 0.960
 4897.9111 0.960
 4898.0107 0.960
 4898.1104 0.960
 4898.2100 0.960
 4898.3096 0.960
 4898.4092 0.960
 4898.5088 0.960
 4898.6084 0.960
 4898.7080 0.961
 4898.8076 0.961
 4898.9072 0.961
 4899.0068 0.961
 4899.1064 0.961
 4899.2061 0.961
 4899.3057 0.961
 4899.4053 0.961
 4899.5049 0.961
 4899.6045 0.961
 4899.7041 0.961
 4899.8037 0.961
 4899.9033 0.961
 4900.0029 0.961
 4900.1025 0.961
 4900.2021 0.961
 4900.3018 0.960
 4900.4014 0.960
 4900.5010 0.960
 4900.6006 0.960
 4900.7002 0.960
 4900.7998 0.960
 4900.8994 0.960
 4900.9990 0.960
 4901.0986 0.960
 4901.1982 0.961
 4901.2979 0.961
 4901.3975 0.961
 4901.4971 0.961
 4901.5967 0.961
 4901.6963 0.961
 4901.7959 0.961
 4901.8955 0.961
 4901.9951 0.961
 4902.0947 0.961
 4902.1943 0.961
 4902.2939 0.961
 4902.3936 0.961
 4902.4932 0.961
 4902.5928 0.961
 4902.6924 0.961
 4902.7920 0.961
 4902.8916 0.961
 4902.9912 0.961
 4903.0908 0.961
 4903.1904 0.961
 4903.2900 0.961
 4903.3896 0.961
 4903.4893 0.961
 4903.5889 0.961
 4903.6885 0.961
 4903.7881 0.961
 4903.8877 0.961
 4903.9873 0.961
 4904.0869 0.961
 4904.1865 0.962
 4904.2861 0.962
 4904.3857 0.962
 4904.4854 0.962
 4904.5850 0.962
 4904.6846 0.962
 4904.7842 0.962
 4904.8838 0.962
 4904.9834 0.962
 4905.0830 0.962
 4905.1826 0.962
 4905.2822 0.962
 4905.3818 0.961
 4905.4814 0.961
 4905.5811 0.961
 4905.6807 0.961
 4905.7803 0.961
 4905.8799 0.961
 4905.9795 0.961
 4906.0791 0.961
 4906.1787 0.961
 4906.2783 0.961
 4906.3779 0.961
 4906.4775 0.961
 4906.5771 0.961
 4906.6768 0.962
 4906.7764 0.962
 4906.8760 0.962
 4906.9756 0.962
 4907.0752 0.962
 4907.1748 0.962
 4907.2744 0.962
 4907.3740 0.962
 4907.4736 0.962
 4907.5732 0.962
 4907.6729 0.962
 4907.7725 0.962
 4907.8721 0.962
 4907.9717 0.962
 4908.0713 0.962
 4908.1709 0.962
 4908.2705 0.962
 4908.3701 0.962
 4908.4697 0.962
 4908.5693 0.962
 4908.6689 0.961
 4908.7686 0.961
 4908.8682 0.961
 4908.9678 0.962
 4909.0674 0.962
 4909.1670 0.962
 4909.2666 0.962
 4909.3662 0.962
 4909.4658 0.962
 4909.5654 0.962
 4909.6650 0.962
 4909.7646 0.962
 4909.8643 0.962
 4909.9639 0.962
 4910.0635 0.962
 4910.1631 0.962
 4910.2627 0.962
 4910.3623 0.962
 4910.4619 0.962
 4910.5615 0.962
 4910.6611 0.962
 4910.7607 0.962
 4910.8604 0.962
 4910.9600 0.962
 4911.0596 0.962
 4911.1592 0.962
 4911.2588 0.962
 4911.3584 0.963
 4911.4580 0.963
 4911.5576 0.963
 4911.6572 0.963
 4911.7568 0.963
 4911.8564 0.963
 4911.9561 0.963
 4912.0557 0.963
 4912.1553 0.963
 4912.2549 0.963
 4912.3545 0.963
 4912.4541 0.963
 4912.5537 0.962
 4912.6533 0.962
 4912.7529 0.962
 4912.8525 0.962
 4912.9521 0.962
 4913.0518 0.962
 4913.1514 0.963
 4913.2510 0.963
 4913.3506 0.963
 4913.4502 0.963
 4913.5498 0.963
 4913.6494 0.963
 4913.7490 0.963
 4913.8486 0.963
 4913.9482 0.963
 4914.0479 0.963
 4914.1475 0.962
 4914.2471 0.962
 4914.3467 0.962
 4914.4463 0.962
 4914.5459 0.962
 4914.6455 0.962
 4914.7451 0.963
 4914.8447 0.963
 4914.9443 0.963
 4915.0439 0.963
 4915.1436 0.963
 4915.2432 0.963
 4915.3428 0.963
 4915.4424 0.963
 4915.5420 0.963
 4915.6416 0.963
 4915.7412 0.963
 4915.8408 0.962
 4915.9404 0.962
 4916.0400 0.962
 4916.1396 0.962
 4916.2393 0.962
 4916.3389 0.962
 4916.4385 0.963
 4916.5381 0.963
 4916.6377 0.963
 4916.7373 0.963
 4916.8369 0.963
 4916.9365 0.963
 4917.0361 0.963
 4917.1357 0.963
 4917.2354 0.963
 4917.3350 0.963
 4917.4346 0.963
 4917.5342 0.963
 4917.6338 0.963
 4917.7334 0.963
 4917.8330 0.963
 4917.9326 0.963
 4918.0322 0.963
 4918.1318 0.963
 4918.2314 0.963
 4918.3311 0.963
 4918.4307 0.963
 4918.5303 0.964
 4918.6299 0.964
 4918.7295 0.964
 4918.8291 0.964
 4918.9287 0.964
 4919.0283 0.964
 4919.1279 0.964
 4919.2275 0.964
 4919.3271 0.964
 4919.4268 0.964
 4919.5264 0.964
 4919.6260 0.964
 4919.7256 0.964
 4919.8252 0.964
 4919.9248 0.964
 4920.0244 0.963
 4920.1240 0.963
 4920.2236 0.963
 4920.3232 0.963
 4920.4229 0.963
 4920.5225 0.963
 4920.6221 0.963
 4920.7217 0.963
 4920.8213 0.963
 4920.9209 0.963
 4921.0205 0.963
 4921.1201 0.963
 4921.2197 0.963
 4921.3193 0.963
 4921.4189 0.963
 4921.5186 0.963
 4921.6182 0.964
 4921.7178 0.964
 4921.8174 0.964
 4921.9170 0.964
 4922.0166 0.964
 4922.1162 0.964
 4922.2158 0.964
 4922.3154 0.964
 4922.4150 0.964
 4922.5146 0.964
 4922.6143 0.964
 4922.7139 0.964
 4922.8135 0.964
 4922.9131 0.964
 4923.0127 0.964
 4923.1123 0.964
 4923.2119 0.964
 4923.3115 0.964
 4923.4111 0.964
 4923.5107 0.964
 4923.6104 0.964
 4923.7100 0.964
 4923.8096 0.964
 4923.9092 0.964
 4924.0088 0.964
 4924.1084 0.964
 4924.2080 0.964
 4924.3076 0.964
 4924.4072 0.964
 4924.5068 0.965
 4924.6064 0.965
 4924.7061 0.965
 4924.8057 0.965
 4924.9053 0.965
 4925.0049 0.964
 4925.1045 0.964
 4925.2041 0.964
 4925.3037 0.964
 4925.4033 0.964
 4925.5029 0.964
 4925.6025 0.964
 4925.7021 0.964
 4925.8018 0.964
 4925.9014 0.964
 4926.0010 0.964
 4926.1006 0.965
 4926.2002 0.965
 4926.2998 0.965
 4926.3994 0.965
 4926.4990 0.965
 4926.5986 0.965
 4926.6982 0.965
 4926.7979 0.964
 4926.8975 0.964
 4926.9971 0.964
 4927.0967 0.964
 4927.1963 0.964
 4927.2959 0.964
 4927.3955 0.964
 4927.4951 0.964
 4927.5947 0.964
 4927.6943 0.964
 4927.7939 0.965
 4927.8936 0.965
 4927.9932 0.965
 4928.0928 0.965
 4928.1924 0.965
 4928.2920 0.965
 4928.3916 0.965
 4928.4912 0.964
 4928.5908 0.964
 4928.6904 0.964
 4928.7900 0.964
 4928.8896 0.964
 4928.9893 0.964
 4929.0889 0.964
 4929.1885 0.964
 4929.2881 0.964
 4929.3877 0.964
 4929.4873 0.964
 4929.5869 0.964
 4929.6865 0.965
 4929.7861 0.965
 4929.8857 0.965
 4929.9854 0.965
 4930.0850 0.965
 4930.1846 0.965
 4930.2842 0.965
 4930.3838 0.965
 4930.4834 0.965
 4930.5830 0.965
 4930.6826 0.965
 4930.7822 0.965
 4930.8818 0.965
 4930.9814 0.964
 4931.0811 0.964
 4931.1807 0.964
 4931.2803 0.964
 4931.3799 0.964
 4931.4795 0.964
 4931.5791 0.965
 4931.6787 0.965
 4931.7783 0.965
 4931.8779 0.965
 4931.9775 0.965
 4932.0771 0.965
 4932.1768 0.965
 4932.2764 0.965
 4932.3760 0.965
 4932.4756 0.965
 4932.5752 0.965
 4932.6748 0.966
 4932.7744 0.966
 4932.8740 0.966
 4932.9736 0.966
 4933.0732 0.966
 4933.1729 0.966
 4933.2725 0.966
 4933.3721 0.966
 4933.4717 0.966
 4933.5713 0.965
 4933.6709 0.965
 4933.7705 0.965
 4933.8701 0.965
 4933.9697 0.965
 4934.0693 0.965
 4934.1689 0.965
 4934.2686 0.965
 4934.3682 0.965
 4934.4678 0.966
 4934.5674 0.966
 4934.6670 0.966
 4934.7666 0.966
 4934.8662 0.966
 4934.9658 0.966
 4935.0654 0.966
 4935.1650 0.966
 4935.2646 0.966
 4935.3643 0.966
 4935.4639 0.966
 4935.5635 0.966
 4935.6631 0.966
 4935.7627 0.965
 4935.8623 0.965
 4935.9619 0.965
 4936.0615 0.965
 4936.1611 0.965
 4936.2607 0.966
 4936.3604 0.966
 4936.4600 0.966
 4936.5596 0.966
 4936.6592 0.966
 4936.7588 0.966
 4936.8584 0.966
 4936.9580 0.966
 4937.0576 0.966
 4937.1572 0.966
 4937.2568 0.966
 4937.3564 0.966
 4937.4561 0.966
 4937.5557 0.966
 4937.6553 0.966
 4937.7549 0.967
 4937.8545 0.967
 4937.9541 0.967
 4938.0537 0.966
 4938.1533 0.966
 4938.2529 0.966
 4938.3525 0.966
 4938.4521 0.966
 4938.5518 0.966
 4938.6514 0.966
 4938.7510 0.966
 4938.8506 0.966
 4938.9502 0.966
 4939.0498 0.966
 4939.1494 0.966
 4939.2490 0.966
 4939.3486 0.966
 4939.4482 0.966
 4939.5479 0.967
 4939.6475 0.967
 4939.7471 0.967
 4939.8467 0.967
 4939.9463 0.967
 4940.0459 0.966
 4940.1455 0.966
 4940.2451 0.966
 4940.3447 0.966
 4940.4443 0.966
 4940.5439 0.966
 4940.6436 0.966
 4940.7432 0.966
 4940.8428 0.966
 4940.9424 0.966
 4941.0420 0.966
 4941.1416 0.966
 4941.2412 0.966
 4941.3408 0.967
 4941.4404 0.967
 4941.5400 0.967
 4941.6396 0.967
 4941.7393 0.967
 4941.8389 0.967
 4941.9385 0.967
 4942.0381 0.967
 4942.1377 0.967
 4942.2373 0.967
 4942.3369 0.966
 4942.4365 0.966
 4942.5361 0.966
 4942.6357 0.966
 4942.7354 0.966
 4942.8350 0.966
 4942.9346 0.966
 4943.0342 0.966
 4943.1338 0.966
 4943.2334 0.967
 4943.3330 0.967
 4943.4326 0.967
 4943.5322 0.967
 4943.6318 0.967
 4943.7314 0.967
 4943.8311 0.967
 4943.9307 0.967
 4944.0303 0.967
 4944.1299 0.967
 4944.2295 0.966
 4944.3291 0.966
 4944.4287 0.966
 4944.5283 0.966
 4944.6279 0.966
 4944.7275 0.967
 4944.8271 0.967
 4944.9268 0.967
 4945.0264 0.967
 4945.1260 0.967
 4945.2256 0.967
 4945.3252 0.967
 4945.4248 0.967
 4945.5244 0.967
 4945.6240 0.967
 4945.7236 0.967
 4945.8232 0.967
 4945.9229 0.967
 4946.0225 0.967
 4946.1221 0.967
 4946.2217 0.967
 4946.3213 0.967
 4946.4209 0.967
 4946.5205 0.967
 4946.6201 0.967
 4946.7197 0.967
 4946.8193 0.967
 4946.9189 0.967
 4947.0186 0.968
 4947.1182 0.968
 4947.2178 0.968
 4947.3174 0.968
 4947.4170 0.968
 4947.5166 0.967
 4947.6162 0.967
 4947.7158 0.967
 4947.8154 0.967
 4947.9150 0.967
 4948.0146 0.967
 4948.1143 0.967
 4948.2139 0.967
 4948.3135 0.967
 4948.4131 0.967
 4948.5127 0.967
 4948.6123 0.967
 4948.7119 0.968
 4948.8115 0.968
 4948.9111 0.968
 4949.0107 0.968
 4949.1104 0.968
 4949.2100 0.968
 4949.3096 0.968
 4949.4092 0.968
 4949.5088 0.968
 4949.6084 0.968
 4949.7080 0.968
 4949.8076 0.967
 4949.9072 0.967
 4950.0068 0.967
 4950.1064 0.967
 4950.2061 0.967
 4950.3057 0.967
 4950.4053 0.967
 4950.5049 0.967
 4950.6045 0.968
 4950.7041 0.968
 4950.8037 0.968
 4950.9033 0.968
 4951.0029 0.968
 4951.1025 0.968
 4951.2021 0.968
 4951.3018 0.968
 4951.4014 0.968
 4951.5010 0.968
 4951.6006 0.968
 4951.7002 0.968
 4951.7998 0.968
 4951.8994 0.968
 4951.9990 0.968
 4952.0986 0.968
 4952.1982 0.968
 4952.2979 0.968
 4952.3975 0.968
 4952.4971 0.968
 4952.5967 0.968
 4952.6963 0.968
 4952.7959 0.968
 4952.8955 0.968
 4952.9951 0.968
 4953.0947 0.968
 4953.1943 0.968
 4953.2939 0.968
 4953.3936 0.968
 4953.4932 0.968
 4953.5928 0.968
 4953.6924 0.968
 4953.7920 0.968
 4953.8916 0.968
 4953.9912 0.968
 4954.0908 0.968
 4954.1904 0.969
 4954.2900 0.969
 4954.3896 0.969
 4954.4893 0.969
 4954.5889 0.969
 4954.6885 0.969
 4954.7881 0.968
 4954.8877 0.968
 4954.9873 0.968
 4955.0869 0.968
 4955.1865 0.968
 4955.2861 0.968
 4955.3857 0.968
 4955.4854 0.968
 4955.5850 0.968
 4955.6846 0.968
 4955.7842 0.968
 4955.8838 0.968
 4955.9834 0.969
 4956.0830 0.969
 4956.1826 0.969
 4956.2822 0.969
 4956.3818 0.969
 4956.4814 0.969
 4956.5811 0.969
 4956.6807 0.969
 4956.7803 0.969
 4956.8799 0.968
 4956.9795 0.968
 4957.0791 0.968
 4957.1787 0.968
 4957.2783 0.968
 4957.3779 0.968
 4957.4775 0.968
 4957.5771 0.969
 4957.6768 0.969
 4957.7764 0.969
 4957.8760 0.969
 4957.9756 0.969
 4958.0752 0.969
 4958.1748 0.969
 4958.2744 0.969
 4958.3740 0.969
 4958.4736 0.969
 4958.5732 0.969
 4958.6729 0.969
 4958.7725 0.969
 4958.8721 0.969
 4958.9717 0.969
 4959.0713 0.969
 4959.1709 0.969
 4959.2705 0.969
 4959.3701 0.969
 4959.4697 0.969
 4959.5693 0.969
 4959.6689 0.969
 4959.7686 0.969
 4959.8682 0.969
 4959.9678 0.969
 4960.0674 0.969
 4960.1670 0.969
 4960.2666 0.969
 4960.3662 0.969
 4960.4658 0.969
 4960.5654 0.970
 4960.6650 0.969
 4960.7646 0.969
 4960.8643 0.970
 4960.9639 0.970
 4961.0635 0.970
 4961.1631 0.970
 4961.2627 0.970
 4961.3623 0.970
 4961.4619 0.970
 4961.5615 0.970
 4961.6611 0.970
 4961.7607 0.970
 4961.8604 0.970
 4961.9600 0.970
 4962.0596 0.970
 4962.1592 0.970
 4962.2588 0.970
 4962.3584 0.970
 4962.4580 0.969
 4962.5576 0.969
 4962.6572 0.969
 4962.7568 0.969
 4962.8564 0.969
 4962.9561 0.969
 4963.0557 0.969
 4963.1553 0.969
 4963.2549 0.970
 4963.3545 0.970
 4963.4541 0.970
 4963.5537 0.970
 4963.6533 0.970
 4963.7529 0.970
 4963.8525 0.970
 4963.9521 0.970
 4964.0518 0.970
 4964.1514 0.970
 4964.2510 0.970
 4964.3506 0.970
 4964.4502 0.970
 4964.5498 0.970
 4964.6494 0.970
 4964.7490 0.970
 4964.8486 0.970
 4964.9482 0.970
 4965.0479 0.969
 4965.1475 0.969
 4965.2471 0.969
 4965.3467 0.969
 4965.4463 0.969
 4965.5459 0.969
 4965.6455 0.969
 4965.7451 0.969
 4965.8447 0.969
 4965.9443 0.969
 4966.0439 0.969
 4966.1436 0.969
 4966.2432 0.970
 4966.3428 0.970
 4966.4424 0.970
 4966.5420 0.970
 4966.6416 0.970
 4966.7412 0.970
 4966.8408 0.970
 4966.9404 0.970
 4967.0400 0.970
 4967.1396 0.970
 4967.2393 0.970
 4967.3389 0.970
 4967.4385 0.970
 4967.5381 0.970
 4967.6377 0.970
 4967.7373 0.970
 4967.8369 0.970
 4967.9365 0.970
 4968.0361 0.970
 4968.1357 0.970
 4968.2354 0.970
 4968.3350 0.970
 4968.4346 0.970
 4968.5342 0.970
 4968.6338 0.970
 4968.7334 0.970
 4968.8330 0.970
 4968.9326 0.970
 4969.0322 0.970
 4969.1318 0.970
 4969.2314 0.970
 4969.3311 0.970
 4969.4307 0.970
 4969.5303 0.970
 4969.6299 0.970
 4969.7295 0.970
 4969.8291 0.970
 4969.9287 0.970
 4970.0283 0.970
 4970.1279 0.970
 4970.2275 0.970
 4970.3271 0.970
 4970.4268 0.970
 4970.5264 0.970
 4970.6260 0.970
 4970.7256 0.971
 4970.8252 0.971
 4970.9248 0.971
 4971.0244 0.971
 4971.1240 0.971
 4971.2236 0.971
 4971.3232 0.971
 4971.4229 0.971
 4971.5225 0.971
 4971.6221 0.971
 4971.7217 0.971
 4971.8213 0.971
 4971.9209 0.971
 4972.0205 0.971
 4972.1201 0.971
 4972.2197 0.971
 4972.3193 0.971
 4972.4189 0.971
 4972.5186 0.971
 4972.6182 0.971
 4972.7178 0.971
 4972.8174 0.971
 4972.9170 0.970
 4973.0166 0.970
 4973.1162 0.970
 4973.2158 0.970
 4973.3154 0.970
 4973.4150 0.970
 4973.5146 0.970
 4973.6143 0.970
 4973.7139 0.971
 4973.8135 0.971
 4973.9131 0.971
 4974.0127 0.971
 4974.1123 0.971
 4974.2119 0.971
 4974.3115 0.971
 4974.4111 0.971
 4974.5107 0.971
 4974.6104 0.971
 4974.7100 0.971
 4974.8096 0.971
 4974.9092 0.971
 4975.0088 0.971
 4975.1084 0.970
 4975.2080 0.970
 4975.3076 0.970
 4975.4072 0.970
 4975.5068 0.970
 4975.6064 0.970
 4975.7061 0.970
 4975.8057 0.970
 4975.9053 0.970
 4976.0049 0.971
 4976.1045 0.971
 4976.2041 0.971
 4976.3037 0.971
 4976.4033 0.971
 4976.5029 0.971
 4976.6025 0.971
 4976.7021 0.971
 4976.8018 0.971
 4976.9014 0.971
 4977.0010 0.971
 4977.1006 0.971
 4977.2002 0.971
 4977.2998 0.971
 4977.3994 0.971
 4977.4990 0.971
 4977.5986 0.970
 4977.6982 0.970
 4977.7979 0.970
 4977.8975 0.971
 4977.9971 0.971
 4978.0967 0.971
 4978.1963 0.971
 4978.2959 0.971
 4978.3955 0.971
 4978.4951 0.971
 4978.5947 0.971
 4978.6943 0.971
 4978.7939 0.971
 4978.8936 0.971
 4978.9932 0.972
 4979.0928 0.972
 4979.1924 0.972
 4979.2920 0.972
 4979.3916 0.972
 4979.4912 0.972
 4979.5908 0.972
 4979.6904 0.972
 4979.7900 0.972
 4979.8896 0.972
 4979.9893 0.972
 4980.0889 0.972
 4980.1885 0.972
 4980.2881 0.972
 4980.3877 0.972
 4980.4873 0.972
 4980.5869 0.972
 4980.6865 0.972
 4980.7861 0.972
 4980.8857 0.972
 4980.9854 0.972
 4981.0850 0.971
 4981.1846 0.971
 4981.2842 0.971
 4981.3838 0.971
 4981.4834 0.971
 4981.5830 0.971
 4981.6826 0.971
 4981.7822 0.971
 4981.8818 0.972
 4981.9814 0.972
 4982.0811 0.972
 4982.1807 0.972
 4982.2803 0.972
 4982.3799 0.972
 4982.4795 0.972
 4982.5791 0.972
 4982.6787 0.972
 4982.7783 0.972
 4982.8779 0.972
 4982.9775 0.972
 4983.0771 0.971
 4983.1768 0.971
 4983.2764 0.971
 4983.3760 0.971
 4983.4756 0.971
 4983.5752 0.971
 4983.6748 0.971
 4983.7744 0.971
 4983.8740 0.972
 4983.9736 0.972
 4984.0732 0.972
 4984.1729 0.972
 4984.2725 0.972
 4984.3721 0.972
 4984.4717 0.972
 4984.5713 0.972
 4984.6709 0.972
 4984.7705 0.972
 4984.8701 0.972
 4984.9697 0.972
 4985.0693 0.972
 4985.1689 0.972
 4985.2686 0.971
 4985.3682 0.971
 4985.4678 0.971
 4985.5674 0.971
 4985.6670 0.971
 4985.7666 0.972
 4985.8662 0.972
 4985.9658 0.972
 4986.0654 0.972
 4986.1650 0.972
 4986.2646 0.972
 4986.3643 0.972
 4986.4639 0.972
 4986.5635 0.972
 4986.6631 0.972
 4986.7627 0.972
 4986.8623 0.971
 4986.9619 0.971
 4987.0615 0.971
 4987.1611 0.971
 4987.2607 0.972
 4987.3604 0.972
 4987.4600 0.972
 4987.5596 0.972
 4987.6592 0.972
 4987.7588 0.972
 4987.8584 0.972
 4987.9580 0.972
 4988.0576 0.972
 4988.1572 0.972
 4988.2568 0.972
 4988.3564 0.972
 4988.4561 0.973
 4988.5557 0.973
 4988.6553 0.973
 4988.7549 0.973
 4988.8545 0.973
 4988.9541 0.973
 4989.0537 0.973
 4989.1533 0.973
 4989.2529 0.973
 4989.3525 0.973
 4989.4521 0.973
 4989.5518 0.973
 4989.6514 0.973
 4989.7510 0.973
 4989.8506 0.973
 4989.9502 0.972
 4990.0498 0.972
 4990.1494 0.972
 4990.2490 0.972
 4990.3486 0.972
 4990.4482 0.972
 4990.5479 0.973
 4990.6475 0.973
 4990.7471 0.973
 4990.8467 0.973
 4990.9463 0.973
 4991.0459 0.973
 4991.1455 0.973
 4991.2451 0.973
 4991.3447 0.973
 4991.4443 0.973
 4991.5439 0.973
 4991.6436 0.973
 4991.7432 0.973
 4991.8428 0.973
 4991.9424 0.973
 4992.0420 0.973
 4992.1416 0.973
 4992.2412 0.973
 4992.3408 0.973
 4992.4404 0.973
 4992.5400 0.973
 4992.6396 0.973
 4992.7393 0.973
 4992.8389 0.973
 4992.9385 0.973
 4993.0381 0.973
 4993.1377 0.973
 4993.2373 0.973
 4993.3369 0.973
 4993.4365 0.973
 4993.5361 0.973
 4993.6357 0.973
 4993.7354 0.973
 4993.8350 0.973
 4993.9346 0.973
 4994.0342 0.973
 4994.1338 0.973
 4994.2334 0.973
 4994.3330 0.973
 4994.4326 0.973
 4994.5322 0.973
 4994.6318 0.974
 4994.7314 0.974
 4994.8311 0.974
 4994.9307 0.974
 4995.0303 0.974
 4995.1299 0.974
 4995.2295 0.974
 4995.3291 0.974
 4995.4287 0.974
 4995.5283 0.974
 4995.6279 0.974
 4995.7275 0.974
 4995.8271 0.974
 4995.9268 0.974
 4996.0264 0.974
 4996.1260 0.974
 4996.2256 0.973
 4996.3252 0.973
 4996.4248 0.973
 4996.5244 0.973
 4996.6240 0.973
 4996.7236 0.973
 4996.8232 0.973
 4996.9229 0.973
 4997.0225 0.973
 4997.1221 0.973
 4997.2217 0.973
 4997.3213 0.974
 4997.4209 0.974
 4997.5205 0.974
 4997.6201 0.974
 4997.7197 0.974
 4997.8193 0.974
 4997.9189 0.974
 4998.0186 0.974
 4998.1182 0.974
 4998.2178 0.974
 4998.3174 0.974
 4998.4170 0.974
 4998.5166 0.974
 4998.6162 0.974
 4998.7158 0.974
 4998.8154 0.974
 4998.9150 0.974
 4999.0146 0.974
 4999.1143 0.973
 4999.2139 0.973
 4999.3135 0.973
 4999.4131 0.973
 4999.5127 0.973
 4999.6123 0.973
 4999.7119 0.973
 4999.8115 0.973
 4999.9111 0.973
 5000.0107 0.973
 5000.1104 0.974
 5000.2100 0.974
 5000.3096 0.974
 5000.4092 0.974
 5000.5088 0.974
 5000.6084 0.974
 5000.7080 0.974
 5000.8076 0.974
 5000.9072 0.974
 5001.0068 0.974
 5001.1064 0.974
 5001.2061 0.974
 5001.3057 0.974
 5001.4053 0.974
 5001.5049 0.974
 5001.6045 0.974
 5001.7041 0.974
 5001.8037 0.974
 5001.9033 0.974
 5002.0029 0.973
 5002.1025 0.973
 5002.2021 0.973
 5002.3018 0.974
 5002.4014 0.974
 5002.5010 0.974
 5002.6006 0.974
 5002.7002 0.974
 5002.7998 0.974
 5002.8994 0.974
 5002.9990 0.974
 5003.0986 0.974
 5003.1982 0.975
 5003.2979 0.975
 5003.3975 0.975
 5003.4971 0.975
 5003.5967 0.974
 5003.6963 0.974
 5003.7959 0.974
 5003.8955 0.974
 5003.9951 0.974
 5004.0947 0.974
 5004.1943 0.974
 5004.2939 0.974
 5004.3936 0.974
 5004.4932 0.974
 5004.5928 0.974
 5004.6924 0.974
 5004.7920 0.974
 5004.8916 0.974
 5004.9912 0.975
 5005.0908 0.975
 5005.1904 0.975
 5005.2900 0.975
 5005.3896 0.975
 5005.4893 0.975
 5005.5889 0.975
 5005.6885 0.975
 5005.7881 0.975
 5005.8877 0.975
 5005.9873 0.975
 5006.0869 0.975
 5006.1865 0.974
 5006.2861 0.974
 5006.3857 0.974
 5006.4854 0.974
 5006.5850 0.974
 5006.6846 0.974
 5006.7842 0.974
 5006.8838 0.975
 5006.9834 0.975
 5007.0830 0.975
 5007.1826 0.975
 5007.2822 0.975
 5007.3818 0.975
 5007.4814 0.975
 5007.5811 0.975
 5007.6807 0.975
 5007.7803 0.975
 5007.8799 0.975
 5007.9795 0.975
 5008.0791 0.975
 5008.1787 0.975
 5008.2783 0.975
 5008.3779 0.975
 5008.4775 0.975
 5008.5771 0.974
 5008.6768 0.974
 5008.7764 0.974
 5008.8760 0.974
 5008.9756 0.974
 5009.0752 0.975
 5009.1748 0.975
 5009.2744 0.975
 5009.3740 0.975
 5009.4736 0.975
 5009.5732 0.975
 5009.6729 0.975
 5009.7725 0.975
 5009.8721 0.975
 5009.9717 0.975
 5010.0713 0.975
 5010.1709 0.975
 5010.2705 0.975
 5010.3701 0.975
 5010.4697 0.975
 5010.5693 0.974
 5010.6689 0.974
 5010.7686 0.975
 5010.8682 0.975
 5010.9678 0.975
 5011.0674 0.975
 5011.1670 0.975
 5011.2666 0.975
 5011.3662 0.975
 5011.4658 0.975
 5011.5654 0.975
 5011.6650 0.975
 5011.7646 0.975
 5011.8643 0.975
 5011.9639 0.975
 5012.0635 0.975
 5012.1631 0.975
 5012.2627 0.975
 5012.3623 0.975
 5012.4619 0.975
 5012.5615 0.975
 5012.6611 0.975
 5012.7607 0.975
 5012.8604 0.975
 5012.9600 0.975
 5013.0596 0.975
 5013.1592 0.975
 5013.2588 0.975
 5013.3584 0.975
 5013.4580 0.975
 5013.5576 0.975
 5013.6572 0.975
 5013.7568 0.975
 5013.8564 0.975
 5013.9561 0.975
 5014.0557 0.975
 5014.1553 0.975
 5014.2549 0.975
 5014.3545 0.975
 5014.4541 0.975
 5014.5537 0.975
 5014.6533 0.975
 5014.7529 0.976
 5014.8525 0.976
 5014.9521 0.976
 5015.0518 0.976
 5015.1514 0.976
 5015.2510 0.976
 5015.3506 0.976
 5015.4502 0.976
 5015.5498 0.976
 5015.6494 0.976
 5015.7490 0.976
 5015.8486 0.976
 5015.9482 0.976
 5016.0479 0.975
 5016.1475 0.975
 5016.2471 0.975
 5016.3467 0.975
 5016.4463 0.975
 5016.5459 0.975
 5016.6455 0.975
 5016.7451 0.976
 5016.8447 0.976
 5016.9443 0.976
 5017.0439 0.976
 5017.1436 0.976
 5017.2432 0.976
 5017.3428 0.976
 5017.4424 0.976
 5017.5420 0.976
 5017.6416 0.976
 5017.7412 0.976
 5017.8408 0.975
 5017.9404 0.975
 5018.0400 0.975
 5018.1396 0.975
 5018.2393 0.975
 5018.3389 0.975
 5018.4385 0.975
 5018.5381 0.975
 5018.6377 0.976
 5018.7373 0.976
 5018.8369 0.976
 5018.9365 0.976
 5019.0361 0.976
 5019.1357 0.976
 5019.2354 0.976
 5019.3350 0.976
 5019.4346 0.976
 5019.5342 0.976
 5019.6338 0.976
 5019.7334 0.976
 5019.8330 0.975
 5019.9326 0.976
 5020.0322 0.976
 5020.1318 0.976
 5020.2314 0.976
 5020.3311 0.976
 5020.4307 0.976
 5020.5303 0.976
 5020.6299 0.976
 5020.7295 0.976
 5020.8291 0.976
 5020.9287 0.976
 5021.0283 0.977
 5021.1279 0.977
 5021.2275 0.977
 5021.3271 0.977
 5021.4268 0.977
 5021.5264 0.977
 5021.6260 0.977
 5021.7256 0.976
 5021.8252 0.976
 5021.9248 0.976
 5022.0244 0.976
 5022.1240 0.976
 5022.2236 0.976
 5022.3232 0.976
 5022.4229 0.976
 5022.5225 0.977
 5022.6221 0.977
 5022.7217 0.977
 5022.8213 0.977
 5022.9209 0.977
 5023.0205 0.977
 5023.1201 0.977
 5023.2197 0.976
 5023.3193 0.976
 5023.4189 0.976
 5023.5186 0.976
 5023.6182 0.976
 5023.7178 0.976
 5023.8174 0.976
 5023.9170 0.976
 5024.0166 0.977
 5024.1162 0.977
 5024.2158 0.977
 5024.3154 0.977
 5024.4150 0.977
 5024.5146 0.977
 5024.6143 0.977
 5024.7139 0.977
 5024.8135 0.977
 5024.9131 0.977
 5025.0127 0.977
 5025.1123 0.977
 5025.2119 0.977
 5025.3115 0.977
 5025.4111 0.976
 5025.5107 0.976
 5025.6104 0.976
 5025.7100 0.976
 5025.8096 0.976
 5025.9092 0.976
 5026.0088 0.976
 5026.1084 0.976
 5026.2080 0.976
 5026.3076 0.977
 5026.4072 0.977
 5026.5068 0.977
 5026.6064 0.977
 5026.7061 0.977
 5026.8057 0.977
 5026.9053 0.977
 5027.0049 0.977
 5027.1045 0.977
 5027.2041 0.977
 5027.3037 0.977
 5027.4033 0.976
 5027.5029 0.976
 5027.6025 0.976
 5027.7021 0.976
 5027.8018 0.976
 5027.9014 0.976
 5028.0010 0.977
 5028.1006 0.977
 5028.2002 0.977
 5028.2998 0.977
 5028.3994 0.977
 5028.4990 0.977
 5028.5986 0.977
 5028.6982 0.977
 5028.7979 0.977
 5028.8975 0.977
 5028.9971 0.977
 5029.0967 0.977
 5029.1963 0.977
 5029.2959 0.977
 5029.3955 0.977
 5029.4951 0.977
 5029.5947 0.977
 5029.6943 0.977
 5029.7939 0.977
 5029.8936 0.977
 5029.9932 0.977
 5030.0928 0.977
 5030.1924 0.977
 5030.2920 0.977
 5030.3916 0.977
 5030.4912 0.977
 5030.5908 0.977
 5030.6904 0.977
 5030.7900 0.977
 5030.8896 0.977
 5030.9893 0.977
 5031.0889 0.977
 5031.1885 0.977
 5031.2881 0.977
 5031.3877 0.977
 5031.4873 0.977
 5031.5869 0.977
 5031.6865 0.977
 5031.7861 0.978
 5031.8857 0.978
 5031.9854 0.978
 5032.0850 0.978
 5032.1846 0.978
 5032.2842 0.978
 5032.3838 0.978
 5032.4834 0.978
 5032.5830 0.978
 5032.6826 0.978
 5032.7822 0.978
 5032.8818 0.978
 5032.9814 0.978
 5033.0811 0.978
 5033.1807 0.978
 5033.2803 0.978
 5033.3799 0.978
 5033.4795 0.978
 5033.5791 0.978
 5033.6787 0.978
 5033.7783 0.978
 5033.8779 0.978
 5033.9775 0.978
 5034.0771 0.978
 5034.1768 0.978
 5034.2764 0.978
 5034.3760 0.978
 5034.4756 0.978
 5034.5752 0.978
 5034.6748 0.978
 5034.7744 0.978
 5034.8740 0.978
 5034.9736 0.978
 5035.0732 0.978
 5035.1729 0.978
 5035.2725 0.978
 5035.3721 0.978
 5035.4717 0.978
 5035.5713 0.978
 5035.6709 0.978
 5035.7705 0.978
 5035.8701 0.978
 5035.9697 0.978
 5036.0693 0.978
 5036.1689 0.978
 5036.2686 0.978
 5036.3682 0.978
 5036.4678 0.978
 5036.5674 0.978
 5036.6670 0.978
 5036.7666 0.978
 5036.8662 0.978
 5036.9658 0.978
 5037.0654 0.978
 5037.1650 0.978
 5037.2646 0.978
 5037.3643 0.978
 5037.4639 0.979
 5037.5635 0.979
 5037.6631 0.979
 5037.7627 0.979
 5037.8623 0.979
 5037.9619 0.979
 5038.0615 0.979
 5038.1611 0.978
 5038.2607 0.978
 5038.3604 0.978
 5038.4600 0.978
 5038.5596 0.978
 5038.6592 0.978
 5038.7588 0.978
 5038.8584 0.978
 5038.9580 0.978
 5039.0576 0.978
 5039.1572 0.979
 5039.2568 0.979
 5039.3564 0.979
 5039.4561 0.979
 5039.5557 0.979
 5039.6553 0.979
 5039.7549 0.979
 5039.8545 0.978
 5039.9541 0.978
 5040.0537 0.978
 5040.1533 0.978
 5040.2529 0.978
 5040.3525 0.978
 5040.4521 0.978
 5040.5518 0.978
 5040.6514 0.978
 5040.7510 0.978
 5040.8506 0.979
 5040.9502 0.979
 5041.0498 0.979
 5041.1494 0.979
 5041.2490 0.979
 5041.3486 0.979
 5041.4482 0.979
 5041.5479 0.979
 5041.6475 0.979
 5041.7471 0.979
 5041.8467 0.979
 5041.9463 0.979
 5042.0459 0.979
 5042.1455 0.979
 5042.2451 0.979
 5042.3447 0.979
 5042.4443 0.979
 5042.5439 0.979
 5042.6436 0.979
 5042.7432 0.979
 5042.8428 0.979
 5042.9424 0.979
 5043.0420 0.978
 5043.1416 0.978
 5043.2412 0.978
 5043.3408 0.978
 5043.4404 0.978
 5043.5400 0.978
 5043.6396 0.978
 5043.7393 0.979
 5043.8389 0.979
 5043.9385 0.979
 5044.0381 0.979
 5044.1377 0.979
 5044.2373 0.979
 5044.3369 0.979
 5044.4365 0.979
 5044.5361 0.979
 5044.6357 0.979
 5044.7354 0.979
 5044.8350 0.979
 5044.9346 0.979
 5045.0342 0.978
 5045.1338 0.978
 5045.2334 0.978
 5045.3330 0.978
 5045.4326 0.978
 5045.5322 0.979
 5045.6318 0.979
 5045.7314 0.979
 5045.8311 0.979
 5045.9307 0.979
 5046.0303 0.979
 5046.1299 0.979
 5046.2295 0.979
 5046.3291 0.979
 5046.4287 0.979
 5046.5283 0.979
 5046.6279 0.979
 5046.7275 0.979
 5046.8271 0.979
 5046.9268 0.978
 5047.0264 0.978
 5047.1260 0.979
 5047.2256 0.979
 5047.3252 0.979
 5047.4248 0.979
 5047.5244 0.979
 5047.6240 0.979
 5047.7236 0.979
 5047.8232 0.979
 5047.9229 0.979
 5048.0225 0.979
 5048.1221 0.979
 5048.2217 0.979
 5048.3213 0.979
 5048.4209 0.979
 5048.5205 0.979
 5048.6201 0.979
 5048.7197 0.979
 5048.8193 0.979
 5048.9189 0.979
 5049.0186 0.979
 5049.1182 0.979
 5049.2178 0.979
 5049.3174 0.980
 5049.4170 0.980
 5049.5166 0.980
 5049.6162 0.980
 5049.7158 0.980
 5049.8154 0.980
 5049.9150 0.980
 5050.0146 0.980
 5050.1143 0.980
 5050.2139 0.980
 5050.3135 0.980
 5050.4131 0.979
 5050.5127 0.979
 5050.6123 0.979
 5050.7119 0.979
 5050.8115 0.979
 5050.9111 0.979
 5051.0107 0.979
 5051.1104 0.979
 5051.2100 0.980
 5051.3096 0.980
 5051.4092 0.980
 5051.5088 0.980
 5051.6084 0.980
 5051.7080 0.980
 5051.8076 0.980
 5051.9072 0.980
 5052.0068 0.980
 5052.1064 0.980
 5052.2061 0.980
 5052.3057 0.980
 5052.4053 0.980
 5052.5049 0.980
 5052.6045 0.980
 5052.7041 0.980
 5052.8037 0.980
 5052.9033 0.980
 5053.0029 0.980
 5053.1025 0.980
 5053.2021 0.980
 5053.3018 0.980
 5053.4014 0.980
 5053.5010 0.980
 5053.6006 0.980
 5053.7002 0.980
 5053.7998 0.980
 5053.8994 0.980
 5053.9990 0.980
 5054.0986 0.979
 5054.1982 0.980
 5054.2979 0.980
 5054.3975 0.980
 5054.4971 0.980
 5054.5967 0.980
 5054.6963 0.980
 5054.7959 0.980
 5054.8955 0.980
 5054.9951 0.980
 5055.0947 0.980
 5055.1943 0.980
 5055.2939 0.980
 5055.3936 0.980
 5055.4932 0.980
 5055.5928 0.979
 5055.6924 0.980
 5055.7920 0.980
 5055.8916 0.980
 5055.9912 0.980
 5056.0908 0.980
 5056.1904 0.980
 5056.2900 0.980
 5056.3896 0.980
 5056.4893 0.980
 5056.5889 0.980
 5056.6885 0.980
 5056.7881 0.980
 5056.8877 0.980
 5056.9873 0.980
 5057.0869 0.980
 5057.1865 0.980
 5057.2861 0.980
 5057.3857 0.980
 5057.4854 0.980
 5057.5850 0.980
 5057.6846 0.980
 5057.7842 0.980
 5057.8838 0.981
 5057.9834 0.981
 5058.0830 0.981
 5058.1826 0.981
 5058.2822 0.981
 5058.3818 0.981
 5058.4814 0.981
 5058.5811 0.981
 5058.6807 0.981
 5058.7803 0.981
 5058.8799 0.981
 5058.9795 0.981
 5059.0791 0.980
 5059.1787 0.980
 5059.2783 0.980
 5059.3779 0.980
 5059.4775 0.980
 5059.5771 0.980
 5059.6768 0.980
 5059.7764 0.980
 5059.8760 0.980
 5059.9756 0.981
 5060.0752 0.981
 5060.1748 0.981
 5060.2744 0.981
 5060.3740 0.981
 5060.4736 0.981
 5060.5732 0.981
 5060.6729 0.981
 5060.7725 0.981
 5060.8721 0.981
 5060.9717 0.981
 5061.0713 0.981
 5061.1709 0.981
 5061.2705 0.981
 5061.3701 0.981
 5061.4697 0.981
 5061.5693 0.981
 5061.6689 0.981
 5061.7686 0.981
 5061.8682 0.981
 5061.9678 0.981
 5062.0674 0.981
 5062.1670 0.980
 5062.2666 0.980
 5062.3662 0.980
 5062.4658 0.980
 5062.5654 0.980
 5062.6650 0.980
 5062.7646 0.980
 5062.8643 0.980
 5062.9639 0.981
 5063.0635 0.981
 5063.1631 0.981
 5063.2627 0.981
 5063.3623 0.981
 5063.4619 0.981
 5063.5615 0.981
 5063.6611 0.981
 5063.7607 0.981
 5063.8604 0.981
 5063.9600 0.981
 5064.0596 0.980
 5064.1592 0.980
 5064.2588 0.980
 5064.3584 0.980
 5064.4580 0.980
 5064.5576 0.980
 5064.6572 0.981
 5064.7568 0.981
 5064.8564 0.981
 5064.9561 0.981
 5065.0557 0.981
 5065.1553 0.981
 5065.2549 0.981
 5065.3545 0.981
 5065.4541 0.981
 5065.5537 0.981
 5065.6533 0.981
 5065.7529 0.981
 5065.8525 0.980
 5065.9521 0.980
 5066.0518 0.980
 5066.1514 0.981
 5066.2510 0.981
 5066.3506 0.981
 5066.4502 0.981
 5066.5498 0.981
 5066.6494 0.981
 5066.7490 0.981
 5066.8486 0.982
 5066.9482 0.982
 5067.0479 0.982
 5067.1475 0.981
 5067.2471 0.981
 5067.3467 0.981
 5067.4463 0.981
 5067.5459 0.981
 5067.6455 0.981
 5067.7451 0.981
 5067.8447 0.981
 5067.9443 0.981
 5068.0439 0.981
 5068.1436 0.981
 5068.2432 0.981
 5068.3428 0.981
 5068.4424 0.981
 5068.5420 0.982
 5068.6416 0.982
 5068.7412 0.982
 5068.8408 0.982
 5068.9404 0.982
 5069.0400 0.982
 5069.1396 0.982
 5069.2393 0.982
 5069.3389 0.982
 5069.4385 0.981
 5069.5381 0.981
 5069.6377 0.981
 5069.7373 0.981
 5069.8369 0.981
 5069.9365 0.981
 5070.0361 0.981
 5070.1357 0.982
 5070.2354 0.982
 5070.3350 0.982
 5070.4346 0.982
 5070.5342 0.982
 5070.6338 0.982
 5070.7334 0.982
 5070.8330 0.982
 5070.9326 0.981
 5071.0322 0.981
 5071.1318 0.981
 5071.2314 0.981
 5071.3311 0.981
 5071.4307 0.981
 5071.5303 0.981
 5071.6299 0.981
 5071.7295 0.981
 5071.8291 0.982
 5071.9287 0.982
 5072.0283 0.982
 5072.1279 0.982
 5072.2275 0.982
 5072.3271 0.982
 5072.4268 0.982
 5072.5264 0.982
 5072.6260 0.982
 5072.7256 0.982
 5072.8252 0.982
 5072.9248 0.982
 5073.0244 0.982
 5073.1240 0.982
 5073.2236 0.982
 5073.3232 0.982
 5073.4229 0.982
 5073.5225 0.982
 5073.6221 0.982
 5073.7217 0.982
 5073.8213 0.982
 5073.9209 0.982
 5074.0205 0.982
 5074.1201 0.982
 5074.2197 0.982
 5074.3193 0.982
 5074.4189 0.982
 5074.5186 0.982
 5074.6182 0.982
 5074.7178 0.982
 5074.8174 0.982
 5074.9170 0.981
 5075.0166 0.981
 5075.1162 0.981
 5075.2158 0.982
 5075.3154 0.982
 5075.4150 0.982
 5075.5146 0.982
 5075.6143 0.982
 5075.7139 0.982
 5075.8135 0.982
 5075.9131 0.982
 5076.0127 0.982
 5076.1123 0.982
 5076.2119 0.982
 5076.3115 0.982
 5076.4111 0.983
 5076.5107 0.983
 5076.6104 0.983
 5076.7100 0.983
 5076.8096 0.983
 5076.9092 0.983
 5077.0088 0.983
 5077.1084 0.983
 5077.2080 0.983
 5077.3076 0.983
 5077.4072 0.983
 5077.5068 0.982
 5077.6064 0.982
 5077.7061 0.982
 5077.8057 0.982
 5077.9053 0.982
 5078.0049 0.982
 5078.1045 0.982
 5078.2041 0.982
 5078.3037 0.982
 5078.4033 0.982
 5078.5029 0.982
 5078.6025 0.983
 5078.7021 0.983
 5078.8018 0.983
 5078.9014 0.983
 5079.0010 0.983
 5079.1006 0.983
 5079.2002 0.983
 5079.2998 0.982
 5079.3994 0.982
 5079.4990 0.982
 5079.5986 0.982
 5079.6982 0.982
 5079.7979 0.982
 5079.8975 0.982
 5079.9971 0.982
 5080.0967 0.982
 5080.1963 0.982
 5080.2959 0.983
 5080.3955 0.983
 5080.4951 0.983
 5080.5947 0.983
 5080.6943 0.983
 5080.7939 0.983
 5080.8936 0.983
 5080.9932 0.983
 5081.0928 0.983
 5081.1924 0.983
 5081.2920 0.983
 5081.3916 0.983
 5081.4912 0.983
 5081.5908 0.983
 5081.6904 0.983
 5081.7900 0.983
 5081.8896 0.983
 5081.9893 0.983
 5082.0889 0.983
 5082.1885 0.983
 5082.2881 0.982
 5082.3877 0.982
 5082.4873 0.982
 5082.5869 0.982
 5082.6865 0.982
 5082.7861 0.982
 5082.8857 0.982
 5082.9854 0.982
 5083.0850 0.983
 5083.1846 0.983
 5083.2842 0.983
 5083.3838 0.983
 5083.4834 0.983
 5083.5830 0.983
 5083.6826 0.983
 5083.7822 0.983
 5083.8818 0.983
 5083.9814 0.983
 5084.0811 0.983
 5084.1807 0.983
 5084.2803 0.983
 5084.3799 0.983
 5084.4795 0.983
 5084.5791 0.983
 5084.6787 0.983
 5084.7783 0.983
 5084.8779 0.982
 5084.9775 0.982
 5085.0771 0.982
 5085.1768 0.982
 5085.2764 0.982
 5085.3760 0.982
 5085.4756 0.982
 5085.5752 0.983
 5085.6748 0.983
 5085.7744 0.983
 5085.8740 0.983
 5085.9736 0.983
 5086.0732 0.983
 5086.1729 0.983
 5086.2725 0.983
 5086.3721 0.983
 5086.4717 0.983
 5086.5713 0.983
 5086.6709 0.982
 5086.7705 0.982
 5086.8701 0.982
 5086.9697 0.982
 5087.0693 0.982
 5087.1689 0.982
 5087.2686 0.982
 5087.3682 0.983
 5087.4678 0.983
 5087.5674 0.983
 5087.6670 0.983
 5087.7666 0.983
 5087.8662 0.983
 5087.9658 0.983
 5088.0654 0.983
 5088.1650 0.983
 5088.2646 0.983
 5088.3643 0.983
 5088.4639 0.983
 5088.5635 0.983
 5088.6631 0.983
 5088.7627 0.982
 5088.8623 0.982
 5088.9619 0.982
 5089.0615 0.982
 5089.1611 0.982
 5089.2607 0.983
 5089.3604 0.983
 5089.4600 0.983
 5089.5596 0.983
 5089.6592 0.983
 5089.7588 0.983
 5089.8584 0.983
 5089.9580 0.983
 5090.0576 0.983
 5090.1572 0.983
 5090.2568 0.983
 5090.3564 0.983
 5090.4561 0.984
 5090.5557 0.984
 5090.6553 0.983
 5090.7549 0.984
 5090.8545 0.984
 5090.9541 0.984
 5091.0537 0.984
 5091.1533 0.984
 5091.2529 0.984
 5091.3525 0.984
 5091.4521 0.984
 5091.5518 0.984
 5091.6514 0.984
 5091.7510 0.984
 5091.8506 0.983
 5091.9502 0.983
 5092.0498 0.983
 5092.1494 0.983
 5092.2490 0.983
 5092.3486 0.983
 5092.4482 0.983
 5092.5479 0.983
 5092.6475 0.983
 5092.7471 0.983
 5092.8467 0.984
 5092.9463 0.984
 5093.0459 0.984
 5093.1455 0.984
 5093.2451 0.984
 5093.3447 0.984
 5093.4443 0.984
 5093.5439 0.984
 5093.6436 0.984
 5093.7432 0.984
 5093.8428 0.984
 5093.9424 0.983
 5094.0420 0.983
 5094.1416 0.983
 5094.2412 0.983
 5094.3408 0.983
 5094.4404 0.983
 5094.5400 0.983
 5094.6396 0.983
 5094.7393 0.984
 5094.8389 0.984
 5094.9385 0.984
 5095.0381 0.984
 5095.1377 0.984
 5095.2373 0.984
 5095.3369 0.984
 5095.4365 0.984
 5095.5361 0.984
 5095.6357 0.984
 5095.7354 0.984
 5095.8350 0.984
 5095.9346 0.984
 5096.0342 0.984
 5096.1338 0.984
 5096.2334 0.984
 5096.3330 0.984
 5096.4326 0.984
 5096.5322 0.984
 5096.6318 0.984
 5096.7314 0.984
 5096.8311 0.984
 5096.9307 0.984
 5097.0303 0.984
 5097.1299 0.984
 5097.2295 0.984
 5097.3291 0.984
 5097.4287 0.984
 5097.5283 0.984
 5097.6279 0.984
 5097.7275 0.983
 5097.8271 0.983
 5097.9268 0.983
 5098.0264 0.983
 5098.1260 0.983
 5098.2256 0.983
 5098.3252 0.983
 5098.4248 0.983
 5098.5244 0.984
 5098.6240 0.984
 5098.7236 0.984
 5098.8232 0.984
 5098.9229 0.984
 5099.0225 0.984
 5099.1221 0.984
 5099.2217 0.984
 5099.3213 0.984
 5099.4209 0.984
 5099.5205 0.984
 5099.6201 0.983
 5099.7197 0.983
 5099.8193 0.983
 5099.9189 0.983
 5100.0186 0.983
 5100.1182 0.983
 5100.2178 0.983
 5100.3174 0.983
 5100.4170 0.984
 5100.5166 0.984
 5100.6162 0.984
 5100.7158 0.984
 5100.8154 0.984
 5100.9150 0.984
 5101.0146 0.984
 5101.1143 0.984
 5101.2139 0.984
 5101.3135 0.984
 5101.4131 0.984
 5101.5127 0.984
 5101.6123 0.984
 5101.7119 0.984
 5101.8115 0.984
 5101.9111 0.984
 5102.0107 0.984
 5102.1104 0.984
 5102.2100 0.984
 5102.3096 0.984
 5102.4092 0.984
 5102.5088 0.984
 5102.6084 0.984
 5102.7080 0.984
 5102.8076 0.983
 5102.9072 0.983
 5103.0068 0.983
 5103.1064 0.983
 5103.2061 0.983
 5103.3057 0.984
 5103.4053 0.984
 5103.5049 0.984
 5103.6045 0.984
 5103.7041 0.984
 5103.8037 0.984
 5103.9033 0.984
 5104.0029 0.984
 5104.1025 0.984
 5104.2021 0.984
 5104.3018 0.984
 5104.4014 0.984
 5104.5010 0.984
 5104.6006 0.984
 5104.7002 0.984
 5104.7998 0.984
 5104.8994 0.984
 5104.9990 0.984
 5105.0986 0.984
 5105.1982 0.984
 5105.2979 0.984
 5105.3975 0.984
 5105.4971 0.984
 5105.5967 0.984
 5105.6963 0.984
 5105.7959 0.984
 5105.8955 0.985
 5105.9951 0.985
 5106.0947 0.985
 5106.1943 0.985
 5106.2939 0.985
 5106.3936 0.985
 5106.4932 0.985
 5106.5928 0.985
 5106.6924 0.985
 5106.7920 0.985
 5106.8916 0.985
 5106.9912 0.985
 5107.0908 0.985
 5107.1904 0.985
 5107.2900 0.985
 5107.3896 0.985
 5107.4893 0.985
 5107.5889 0.985
 5107.6885 0.984
 5107.7881 0.984
 5107.8877 0.984
 5107.9873 0.984
 5108.0869 0.984
 5108.1865 0.984
 5108.2861 0.984
 5108.3857 0.984
 5108.4854 0.984
 5108.5850 0.984
 5108.6846 0.985
 5108.7842 0.985
 5108.8838 0.985
 5108.9834 0.985
 5109.0830 0.985
 5109.1826 0.985
 5109.2822 0.985
 5109.3818 0.985
 5109.4814 0.985
 5109.5811 0.985
 5109.6807 0.984
 5109.7803 0.984
 5109.8799 0.984
 5109.9795 0.984
 5110.0791 0.984
 5110.1787 0.984
 5110.2783 0.984
 5110.3779 0.984
 5110.4775 0.984
 5110.5771 0.985
 5110.6768 0.985
 5110.7764 0.985
 5110.8760 0.985
 5110.9756 0.985
 5111.0752 0.985
 5111.1748 0.985
 5111.2744 0.985
 5111.3740 0.985
 5111.4736 0.985
 5111.5732 0.985
 5111.6729 0.985
 5111.7725 0.985
 5111.8721 0.985
 5111.9717 0.985
 5112.0713 0.985
 5112.1709 0.985
 5112.2705 0.985
 5112.3701 0.985
 5112.4697 0.985
 5112.5693 0.985
 5112.6689 0.985
 5112.7686 0.985
 5112.8682 0.985
 5112.9678 0.985
 5113.0674 0.985
 5113.1670 0.985
 5113.2666 0.985
 5113.3662 0.985
 5113.4658 0.985
 5113.5654 0.985
 5113.6650 0.985
 5113.7646 0.985
 5113.8643 0.985
 5113.9639 0.985
 5114.0635 0.985
 5114.1631 0.985
 5114.2627 0.985
 5114.3623 0.985
 5114.4619 0.986
 5114.5615 0.986
 5114.6611 0.986
 5114.7607 0.986
 5114.8604 0.985
 5114.9600 0.985
 5115.0596 0.985
 5115.1592 0.985
 5115.2588 0.985
 5115.3584 0.985
 5115.4580 0.985
 5115.5576 0.984
 5115.6572 0.985
 5115.7568 0.985
 5115.8564 0.985
 5115.9561 0.985
 5116.0557 0.985
 5116.1553 0.985
 5116.2549 0.985
 5116.3545 0.985
 5116.4541 0.985
 5116.5537 0.985
 5116.6533 0.985
 5116.7529 0.985
 5116.8525 0.985
 5116.9521 0.985
 5117.0518 0.985
 5117.1514 0.985
 5117.2510 0.985
 5117.3506 0.985
 5117.4502 0.985
 5117.5498 0.985
 5117.6494 0.985
 5117.7490 0.985
 5117.8486 0.985
 5117.9482 0.985
 5118.0479 0.985
 5118.1475 0.985
 5118.2471 0.985
 5118.3467 0.985
 5118.4463 0.985
 5118.5459 0.984
 5118.6455 0.985
 5118.7451 0.985
 5118.8447 0.985
 5118.9443 0.985
 5119.0439 0.985
 5119.1436 0.985
 5119.2432 0.985
 5119.3428 0.985
 5119.4424 0.985
 5119.5420 0.985
 5119.6416 0.985
 5119.7412 0.985
 5119.8408 0.985
 5119.9404 0.986
 5120.0400 0.986
 5120.1396 0.986
 5120.2393 0.985
 5120.3389 0.985
 5120.4385 0.985
 5120.5381 0.985
 5120.6377 0.985
 5120.7373 0.985
 5120.8369 0.985
 5120.9365 0.985
 5121.0361 0.985
 5121.1357 0.985
 5121.2354 0.985
 5121.3350 0.985
 5121.4346 0.985
 5121.5342 0.985
 5121.6338 0.985
 5121.7334 0.985
 5121.8330 0.986
 5121.9326 0.986
 5122.0322 0.986
 5122.1318 0.986
 5122.2314 0.986
 5122.3311 0.986
 5122.4307 0.986
 5122.5303 0.986
 5122.6299 0.986
 5122.7295 0.986
 5122.8291 0.986
 5122.9287 0.985
 5123.0283 0.985
 5123.1279 0.985
 5123.2275 0.985
 5123.3271 0.985
 5123.4268 0.985
 5123.5264 0.985
 5123.6260 0.985
 5123.7256 0.985
 5123.8252 0.985
 5123.9248 0.986
 5124.0244 0.986
 5124.1240 0.986
 5124.2236 0.986
 5124.3232 0.986
 5124.4229 0.986
 5124.5225 0.986
 5124.6221 0.986
 5124.7217 0.986
 5124.8213 0.986
 5124.9209 0.986
 5125.0205 0.986
 5125.1201 0.986
 5125.2197 0.986
 5125.3193 0.986
 5125.4189 0.986
 5125.5186 0.986
 5125.6182 0.985
 5125.7178 0.985
 5125.8174 0.985
 5125.9170 0.985
 5126.0166 0.985
 5126.1162 0.985
 5126.2158 0.985
 5126.3154 0.986
 5126.4150 0.986
 5126.5146 0.986
 5126.6143 0.986
 5126.7139 0.986
 5126.8135 0.986
 5126.9131 0.986
 5127.0127 0.986
 5127.1123 0.986
 5127.2119 0.986
 5127.3115 0.986
 5127.4111 0.986
 5127.5107 0.986
 5127.6104 0.986
 5127.7100 0.986
 5127.8096 0.986
 5127.9092 0.986
 5128.0088 0.985
 5128.1084 0.985
 5128.2080 0.985
 5128.3076 0.985
 5128.4072 0.985
 5128.5068 0.985
 5128.6064 0.985
 5128.7061 0.985
 5128.8057 0.985
 5128.9053 0.986
 5129.0049 0.986
 5129.1045 0.986
 5129.2041 0.986
 5129.3037 0.986
 5129.4033 0.986
 5129.5029 0.986
 5129.6025 0.986
 5129.7021 0.986
 5129.8018 0.986
 5129.9014 0.986
 5130.0010 0.986
 5130.1006 0.986
 5130.2002 0.986
 5130.2998 0.985
 5130.3994 0.985
 5130.4990 0.985
 5130.5986 0.985
 5130.6982 0.985
 5130.7979 0.986
 5130.8975 0.986
 5130.9971 0.986
 5131.0967 0.986
 5131.1963 0.986
 5131.2959 0.986
 5131.3955 0.986
 5131.4951 0.986
 5131.5947 0.986
 5131.6943 0.986
 5131.7939 0.986
 5131.8936 0.986
 5131.9932 0.986
 5132.0928 0.986
 5132.1924 0.985
 5132.2920 0.985
 5132.3916 0.985
 5132.4912 0.986
 5132.5908 0.986
 5132.6904 0.986
 5132.7900 0.986
 5132.8896 0.986
 5132.9893 0.986
 5133.0889 0.986
 5133.1885 0.986
 5133.2881 0.986
 5133.3877 0.986
 5133.4873 0.986
 5133.5869 0.986
 5133.6865 0.986
 5133.7861 0.986
 5133.8857 0.986
 5133.9854 0.986
 5134.0850 0.986
 5134.1846 0.986
 5134.2842 0.986
 5134.3838 0.986
 5134.4834 0.986
 5134.5830 0.986
 5134.6826 0.986
 5134.7822 0.986
 5134.8818 0.986
 5134.9814 0.986
 5135.0811 0.986
 5135.1807 0.986
 5135.2803 0.986
 5135.3799 0.987
 5135.4795 0.987
 5135.5791 0.987
 5135.6787 0.987
 5135.7783 0.987
 5135.8779 0.987
 5135.9775 0.986
 5136.0771 0.986
 5136.1768 0.986
 5136.2764 0.986
 5136.3760 0.986
 5136.4756 0.986
 5136.5752 0.986
 5136.6748 0.986
 5136.7744 0.986
 5136.8740 0.986
 5136.9736 0.986
 5137.0732 0.986
 5137.1729 0.987
 5137.2725 0.987
 5137.3721 0.987
 5137.4717 0.987
 5137.5713 0.987
 5137.6709 0.987
 5137.7705 0.987
 5137.8701 0.987
 5137.9697 0.987
 5138.0693 0.987
 5138.1689 0.986
 5138.2686 0.986
 5138.3682 0.986
 5138.4678 0.986
 5138.5674 0.986
 5138.6670 0.986
 5138.7666 0.986
 5138.8662 0.986
 5138.9658 0.987
 5139.0654 0.987
 5139.1650 0.987
 5139.2646 0.987
 5139.3643 0.987
 5139.4639 0.987
 5139.5635 0.987
 5139.6631 0.986
 5139.7627 0.986
 5139.8623 0.986
 5139.9619 0.986
 5140.0615 0.986
 5140.1611 0.986
 5140.2607 0.986
 5140.3604 0.986
 5140.4600 0.986
 5140.5596 0.986
 5140.6592 0.986
 5140.7588 0.987
 5140.8584 0.987
 5140.9580 0.987
 5141.0576 0.987
 5141.1572 0.987
 5141.2568 0.987
 5141.3564 0.987
 5141.4561 0.986
 5141.5557 0.986
 5141.6553 0.986
 5141.7549 0.986
 5141.8545 0.986
 5141.9541 0.986
 5142.0537 0.986
 5142.1533 0.986
 5142.2529 0.987
 5142.3525 0.987
 5142.4521 0.987
 5142.5518 0.987
 5142.6514 0.987
 5142.7510 0.987
 5142.8506 0.987
 5142.9502 0.987
 5143.0498 0.987
 5143.1494 0.986
 5143.2490 0.986
 5143.3486 0.986
 5143.4482 0.986
 5143.5479 0.986
 5143.6475 0.986
 5143.7471 0.986
 5143.8467 0.986
 5143.9463 0.987
 5144.0459 0.987
 5144.1455 0.987
 5144.2451 0.987
 5144.3447 0.987
 5144.4443 0.987
 5144.5439 0.987
 5144.6436 0.987
 5144.7432 0.986
 5144.8428 0.986
 5144.9424 0.986
 5145.0420 0.986
 5145.1416 0.986
 5145.2412 0.986
 5145.3408 0.986
 5145.4404 0.986
 5145.5400 0.986
 5145.6396 0.986
 5145.7393 0.987
 5145.8389 0.987
 5145.9385 0.987
 5146.0381 0.987
 5146.1377 0.987
 5146.2373 0.987
 5146.3369 0.987
 5146.4365 0.987
 5146.5361 0.987
 5146.6357 0.987
 5146.7354 0.987
 5146.8350 0.987
 5146.9346 0.986
 5147.0342 0.986
 5147.1338 0.986
 5147.2334 0.987
 5147.3330 0.987
 5147.4326 0.987
 5147.5322 0.987
 5147.6318 0.987
 5147.7314 0.987
 5147.8311 0.987
 5147.9307 0.987
 5148.0303 0.987
 5148.1299 0.988
 5148.2295 0.988
 5148.3291 0.988
 5148.4287 0.988
 5148.5283 0.987
 5148.6279 0.987
 5148.7275 0.987
 5148.8271 0.987
 5148.9268 0.987
 5149.0264 0.987
 5149.1260 0.987
 5149.2256 0.987
 5149.3252 0.987
 5149.4248 0.987
 5149.5244 0.987
 5149.6240 0.987
 5149.7236 0.987
 5149.8232 0.988
 5149.9229 0.988
 5150.0225 0.988
 5150.1221 0.988
 5150.2217 0.987
 5150.3213 0.987
 5150.4209 0.987
 5150.5205 0.987
 5150.6201 0.987
 5150.7197 0.987
 5150.8193 0.987
 5150.9189 0.987
 5151.0186 0.987
 5151.1182 0.987
 5151.2178 0.988
 5151.3174 0.988
 5151.4170 0.988
 5151.5166 0.988
 5151.6162 0.988
 5151.7158 0.988
 5151.8154 0.988
 5151.9150 0.988
 5152.0146 0.988
 5152.1143 0.988
 5152.2139 0.988
 5152.3135 0.987
 5152.4131 0.987
 5152.5127 0.987
 5152.6123 0.987
 5152.7119 0.987
 5152.8115 0.987
 5152.9111 0.987
 5153.0107 0.987
 5153.1104 0.987
 5153.2100 0.987
 5153.3096 0.987
 5153.4092 0.988
 5153.5088 0.988
 5153.6084 0.988
 5153.7080 0.988
 5153.8076 0.988
 5153.9072 0.988
 5154.0068 0.988
 5154.1064 0.988
 5154.2061 0.988
 5154.3057 0.988
 5154.4053 0.988
 5154.5049 0.988
 5154.6045 0.988
 5154.7041 0.988
 5154.8037 0.988
 5154.9033 0.988
 5155.0029 0.988
 5155.1025 0.988
 5155.2021 0.988
 5155.3018 0.988
 5155.4014 0.988
 5155.5010 0.988
 5155.6006 0.988
 5155.7002 0.988
 5155.7998 0.988
 5155.8994 0.988
 5155.9990 0.987
 5156.0986 0.987
 5156.1982 0.987
 5156.2979 0.987
 5156.3975 0.988
 5156.4971 0.988
 5156.5967 0.988
 5156.6963 0.988
 5156.7959 0.988
 5156.8955 0.988
 5156.9951 0.988
 5157.0947 0.988
 5157.1943 0.988
 5157.2939 0.988
 5157.3936 0.988
 5157.4932 0.988
 5157.5928 0.988
 5157.6924 0.988
 5157.7920 0.988
 5157.8916 0.988
 5157.9912 0.988
 5158.0908 0.988
 5158.1904 0.988
 5158.2900 0.988
 5158.3896 0.988
 5158.4893 0.988
 5158.5889 0.988
 5158.6885 0.988
 5158.7881 0.988
 5158.8877 0.988
 5158.9873 0.987
 5159.0869 0.987
 5159.1865 0.988
 5159.2861 0.988
 5159.3857 0.988
 5159.4854 0.988
 5159.5850 0.988
 5159.6846 0.988
 5159.7842 0.988
 5159.8838 0.988
 5159.9834 0.988
 5160.0830 0.988
 5160.1826 0.988
 5160.2822 0.989
 5160.3818 0.989
 5160.4814 0.989
 5160.5811 0.989
 5160.6807 0.989
 5160.7803 0.989
 5160.8799 0.988
 5160.9795 0.988
 5161.0791 0.988
 5161.1787 0.988
 5161.2783 0.988
 5161.3779 0.988
 5161.4775 0.988
 5161.5771 0.988
 5161.6768 0.988
 5161.7764 0.988
 5161.8760 0.988
 5161.9756 0.988
 5162.0752 0.988
 5162.1748 0.988
 5162.2744 0.988
 5162.3740 0.988
 5162.4736 0.988
 5162.5732 0.988
 5162.6729 0.988
 5162.7725 0.988
 5162.8721 0.988
 5162.9717 0.987
 5163.0713 0.987
 5163.1709 0.987
 5163.2705 0.988
 5163.3701 0.988
 5163.4697 0.988
 5163.5693 0.988
 5163.6689 0.988
 5163.7686 0.988
 5163.8682 0.988
 5163.9678 0.988
 5164.0674 0.988
 5164.1670 0.988
 5164.2666 0.988
 5164.3662 0.988
 5164.4658 0.988
 5164.5654 0.989
 5164.6650 0.989
 5164.7646 0.989
 5164.8643 0.989
 5164.9639 0.989
 5165.0635 0.989
 5165.1631 0.989
 5165.2627 0.989
 5165.3623 0.989
 5165.4619 0.989
 5165.5615 0.989
 5165.6611 0.988
 5165.7607 0.988
 5165.8604 0.988
 5165.9600 0.988
 5166.0596 0.988
 5166.1592 0.988
 5166.2588 0.988
 5166.3584 0.988
 5166.4580 0.988
 5166.5576 0.988
 5166.6572 0.988
 5166.7568 0.988
 5166.8564 0.989
 5166.9561 0.989
 5167.0557 0.989
 5167.1553 0.989
 5167.2549 0.989
 5167.3545 0.989
 5167.4541 0.989
 5167.5537 0.989
 5167.6533 0.989
 5167.7529 0.989
 5167.8525 0.989
 5167.9521 0.989
 5168.0518 0.989
 5168.1514 0.989
 5168.2510 0.989
 5168.3506 0.989
 5168.4502 0.989
 5168.5498 0.989
 5168.6494 0.988
 5168.7490 0.988
 5168.8486 0.988
 5168.9482 0.988
 5169.0479 0.988
 5169.1475 0.988
 5169.2471 0.988
 5169.3467 0.988
 5169.4463 0.988
 5169.5459 0.988
 5169.6455 0.989
 5169.7451 0.989
 5169.8447 0.989
 5169.9443 0.989
 5170.0439 0.989
 5170.1436 0.989
 5170.2432 0.989
 5170.3428 0.989
 5170.4424 0.989
 5170.5420 0.989
 5170.6416 0.989
 5170.7412 0.989
 5170.8408 0.989
 5170.9404 0.989
 5171.0400 0.989
 5171.1396 0.989
 5171.2393 0.989
 5171.3389 0.989
 5171.4385 0.989
 5171.5381 0.989
 5171.6377 0.989
 5171.7373 0.989
 5171.8369 0.989
 5171.9365 0.989
 5172.0361 0.989
 5172.1357 0.989
 5172.2354 0.989
 5172.3350 0.989
 5172.4346 0.989
 5172.5342 0.989
 5172.6338 0.988
 5172.7334 0.988
 5172.8330 0.988
 5172.9326 0.988
 5173.0322 0.988
 5173.1318 0.988
 5173.2314 0.988
 5173.3311 0.989
 5173.4307 0.989
 5173.5303 0.989
 5173.6299 0.989
 5173.7295 0.989
 5173.8291 0.989
 5173.9287 0.989
 5174.0283 0.989
 5174.1279 0.989
 5174.2275 0.989
 5174.3271 0.989
 5174.4268 0.989
 5174.5264 0.989
 5174.6260 0.989
 5174.7256 0.989
 5174.8252 0.989
 5174.9248 0.989
 5175.0244 0.989
 5175.1240 0.989
 5175.2236 0.989
 5175.3232 0.989
 5175.4229 0.989
 5175.5225 0.989
 5175.6221 0.989
 5175.7217 0.989
 5175.8213 0.989
 5175.9209 0.989
 5176.0205 0.989
 5176.1201 0.989
 5176.2197 0.989
 5176.3193 0.989
 5176.4189 0.989
 5176.5186 0.989
 5176.6182 0.990
 5176.7178 0.990
 5176.8174 0.990
 5176.9170 0.990
 5177.0166 0.990
 5177.1162 0.990
 5177.2158 0.990
 5177.3154 0.990
 5177.4150 0.990
 5177.5146 0.990
 5177.6143 0.990
 5177.7139 0.989
 5177.8135 0.989
 5177.9131 0.989
 5178.0127 0.989
 5178.1123 0.989
 5178.2119 0.989
 5178.3115 0.989
 5178.4111 0.989
 5178.5107 0.990
 5178.6104 0.990
 5178.7100 0.990
 5178.8096 0.990
 5178.9092 0.990
 5179.0088 0.990
 5179.1084 0.990
 5179.2080 0.990
 5179.3076 0.990
 5179.4072 0.990
 5179.5068 0.990
 5179.6064 0.990
 5179.7061 0.990
 5179.8057 0.990
 5179.9053 0.990
 5180.0049 0.990
 5180.1045 0.990
 5180.2041 0.990
 5180.3037 0.989
 5180.4033 0.989
 5180.5029 0.989
 5180.6025 0.989
 5180.7021 0.989
 5180.8018 0.989
 5180.9014 0.990
 5181.0010 0.990
 5181.1006 0.990
 5181.2002 0.990
 5181.2998 0.990
 5181.3994 0.990
 5181.4990 0.990
 5181.5986 0.990
 5181.6982 0.989
 5181.7979 0.989
 5181.8975 0.989
 5181.9971 0.989
 5182.0967 0.989
 5182.1963 0.989
 5182.2959 0.989
 5182.3955 0.990
 5182.4951 0.990
 5182.5947 0.990
 5182.6943 0.990
 5182.7939 0.990
 5182.8936 0.990
 5182.9932 0.990
 5183.0928 0.990
 5183.1924 0.990
 5183.2920 0.990
 5183.3916 0.990
 5183.4912 0.990
 5183.5908 0.990
 5183.6904 0.990
 5183.7900 0.990
 5183.8896 0.990
 5183.9893 0.990
 5184.0889 0.990
 5184.1885 0.990
 5184.2881 0.990
 5184.3877 0.990
 5184.4873 0.990
 5184.5869 0.990
 5184.6865 0.990
 5184.7861 0.989
 5184.8857 0.989
 5184.9854 0.989
 5185.0850 0.989
 5185.1846 0.989
 5185.2842 0.989
 5185.3838 0.990
 5185.4834 0.990
 5185.5830 0.990
 5185.6826 0.990
 5185.7822 0.990
 5185.8818 0.990
 5185.9814 0.990
 5186.0811 0.990
 5186.1807 0.990
 5186.2803 0.990
 5186.3799 0.990
 5186.4795 0.989
 5186.5791 0.989
 5186.6787 0.989
 5186.7783 0.989
 5186.8779 0.989
 5186.9775 0.989
 5187.0771 0.989
 5187.1768 0.989
 5187.2764 0.989
 5187.3760 0.989
 5187.4756 0.990
 5187.5752 0.990
 5187.6748 0.990
 5187.7744 0.990
 5187.8740 0.990
 5187.9736 0.990
 5188.0732 0.990
 5188.1729 0.990
 5188.2725 0.990
 5188.3721 0.990
 5188.4717 0.990
 5188.5713 0.990
 5188.6709 0.990
 5188.7705 0.990
 5188.8701 0.989
 5188.9697 0.989
 5189.0693 0.989
 5189.1689 0.989
 5189.2686 0.989
 5189.3682 0.990
 5189.4678 0.990
 5189.5674 0.990
 5189.6670 0.990
 5189.7666 0.990
 5189.8662 0.990
 5189.9658 0.990
 5190.0654 0.990
 5190.1650 0.990
 5190.2646 0.990
 5190.3643 0.990
 5190.4639 0.990
 5190.5635 0.990
 5190.6631 0.990
 5190.7627 0.990
 5190.8623 0.990
 5190.9619 0.990
 5191.0615 0.990
 5191.1611 0.990
 5191.2607 0.990
 5191.3604 0.990
 5191.4600 0.991
 5191.5596 0.990
 5191.6592 0.991
 5191.7588 0.991
 5191.8584 0.991
 5191.9580 0.991
 5192.0576 0.991
 5192.1572 0.991
 5192.2568 0.991
 5192.3564 0.991
 5192.4561 0.991
 5192.5557 0.991
 5192.6553 0.991
 5192.7549 0.991
 5192.8545 0.991
 5192.9541 0.991
 5193.0537 0.991
 5193.1533 0.991
 5193.2529 0.991
 5193.3525 0.991
 5193.4521 0.991
 5193.5518 0.991
 5193.6514 0.991
 5193.7510 0.990
 5193.8506 0.990
 5193.9502 0.990
 5194.0498 0.990
 5194.1494 0.990
 5194.2490 0.990
 5194.3486 0.990
 5194.4482 0.990
 5194.5479 0.990
 5194.6475 0.990
 5194.7471 0.990
 5194.8467 0.991
 5194.9463 0.991
 5195.0459 0.991
 5195.1455 0.991
 5195.2451 0.991
 5195.3447 0.991
 5195.4443 0.991
 5195.5439 0.991
 5195.6436 0.991
 5195.7432 0.991
 5195.8428 0.991
 5195.9424 0.991
 5196.0420 0.991
 5196.1416 0.991
 5196.2412 0.991
 5196.3408 0.991
 5196.4404 0.991
 5196.5400 0.991
 5196.6396 0.991
 5196.7393 0.991
 5196.8389 0.991
 5196.9385 0.991
 5197.0381 0.991
 5197.1377 0.991
 5197.2373 0.991
 5197.3369 0.991
 5197.4365 0.991
 5197.5361 0.991
 5197.6357 0.991
 5197.7354 0.991
 5197.8350 0.991
 5197.9346 0.991
 5198.0342 0.991
 5198.1338 0.991
 5198.2334 0.991
 5198.3330 0.991
 5198.4326 0.991
 5198.5322 0.990
 5198.6318 0.991
 5198.7314 0.991
 5198.8311 0.991
 5198.9307 0.991
 5199.0303 0.991
 5199.1299 0.991
 5199.2295 0.991
 5199.3291 0.991
 5199.4287 0.991
 5199.5283 0.991
 5199.6279 0.991
 5199.7275 0.991
 5199.8271 0.991
 5199.9268 0.991
 5200.0264 0.991
 5200.1260 0.990
 5200.2256 0.990
 5200.3252 0.990
 5200.4248 0.991
 5200.5244 0.991
 5200.6240 0.991
 5200.7236 0.991
 5200.8232 0.991
 5200.9229 0.991
 5201.0225 0.991
 5201.1221 0.991
 5201.2217 0.991
 5201.3213 0.991
 5201.4209 0.991
 5201.5205 0.991
 5201.6201 0.991
 5201.7197 0.992
 5201.8193 0.992
 5201.9189 0.992
 5202.0186 0.992
 5202.1182 0.992
 5202.2178 0.992
 5202.3174 0.991
 5202.4170 0.991
 5202.5166 0.991
 5202.6162 0.991
 5202.7158 0.991
 5202.8154 0.991
 5202.9150 0.991
 5203.0146 0.991
 5203.1143 0.991
 5203.2139 0.991
 5203.3135 0.991
 5203.4131 0.991
 5203.5127 0.991
 5203.6123 0.991
 5203.7119 0.991
 5203.8115 0.991
 5203.9111 0.991
 5204.0107 0.991
 5204.1104 0.991
 5204.2100 0.991
 5204.3096 0.991
 5204.4092 0.991
 5204.5088 0.992
 5204.6084 0.991
 5204.7080 0.991
 5204.8076 0.991
 5204.9072 0.991
 5205.0068 0.991
 5205.1064 0.991
 5205.2061 0.991
 5205.3057 0.991
 5205.4053 0.991
 5205.5049 0.991
 5205.6045 0.991
 5205.7041 0.991
 5205.8037 0.991
 5205.9033 0.991
 5206.0029 0.991
 5206.1025 0.992
 5206.2021 0.992
 5206.3018 0.992
 5206.4014 0.992
 5206.5010 0.992
 5206.6006 0.992
 5206.7002 0.992
 5206.7998 0.992
 5206.8994 0.992
 5206.9990 0.992
 5207.0986 0.992
 5207.1982 0.992
 5207.2979 0.992
 5207.3975 0.992
 5207.4971 0.992
 5207.5967 0.992
 5207.6963 0.992
 5207.7959 0.992
 5207.8955 0.991
 5207.9951 0.991
 5208.0947 0.991
 5208.1943 0.991
 5208.2939 0.991
 5208.3936 0.991
 5208.4932 0.991
 5208.5928 0.992
 5208.6924 0.992
 5208.7920 0.992
 5208.8916 0.992
 5208.9912 0.992
 5209.0908 0.992
 5209.1904 0.992
 5209.2900 0.992
 5209.3896 0.992
 5209.4893 0.992
 5209.5889 0.991
 5209.6885 0.991
 5209.7881 0.991
 5209.8877 0.991
 5209.9873 0.991
 5210.0869 0.991
 5210.1865 0.991
 5210.2861 0.992
 5210.3857 0.992
 5210.4854 0.992
 5210.5850 0.992
 5210.6846 0.992
 5210.7842 0.992
 5210.8838 0.992
 5210.9834 0.992
 5211.0830 0.992
 5211.1826 0.992
 5211.2822 0.992
 5211.3818 0.992
 5211.4814 0.992
 5211.5811 0.992
 5211.6807 0.992
 5211.7803 0.992
 5211.8799 0.992
 5211.9795 0.991
 5212.0791 0.991
 5212.1787 0.991
 5212.2783 0.991
 5212.3779 0.991
 5212.4775 0.991
 5212.5771 0.991
 5212.6768 0.991
 5212.7764 0.992
 5212.8760 0.992
 5212.9756 0.992
 5213.0752 0.992
 5213.1748 0.992
 5213.2744 0.992
 5213.3740 0.992
 5213.4736 0.992
 5213.5732 0.992
 5213.6729 0.992
 5213.7725 0.992
 5213.8721 0.992
 5213.9717 0.991
 5214.0713 0.991
 5214.1709 0.991
 5214.2705 0.991
 5214.3701 0.991
 5214.4697 0.992
 5214.5693 0.992
 5214.6689 0.992
 5214.7686 0.992
 5214.8682 0.992
 5214.9678 0.992
 5215.0674 0.992
 5215.1670 0.992
 5215.2666 0.992
 5215.3662 0.992
 5215.4658 0.992
 5215.5654 0.992
 5215.6650 0.992
 5215.7646 0.992
 5215.8643 0.992
 5215.9639 0.991
 5216.0635 0.991
 5216.1631 0.992
 5216.2627 0.992
 5216.3623 0.992
 5216.4619 0.992
 5216.5615 0.992
 5216.6611 0.992
 5216.7607 0.992
 5216.8604 0.992
 5216.9600 0.992
 5217.0596 0.992
 5217.1592 0.992
 5217.2588 0.992
 5217.3584 0.993
 5217.4580 0.993
 5217.5576 0.993
 5217.6572 0.993
 5217.7568 0.993
 5217.8564 0.993
 5217.9561 0.993
 5218.0557 0.992
 5218.1553 0.992
 5218.2549 0.992
 5218.3545 0.992
 5218.4541 0.992
 5218.5537 0.992
 5218.6533 0.992
 5218.7529 0.992
 5218.8525 0.992
 5218.9521 0.993
 5219.0518 0.993
 5219.1514 0.993
 5219.2510 0.993
 5219.3506 0.993
 5219.4502 0.993
 5219.5498 0.993
 5219.6494 0.993
 5219.7490 0.993
 5219.8486 0.993
 5219.9482 0.993
 5220.0479 0.993
 5220.1475 0.993
 5220.2471 0.993
 5220.3467 0.992
 5220.4463 0.992
 5220.5459 0.992
 5220.6455 0.992
 5220.7451 0.992
 5220.8447 0.992
 5220.9443 0.992
 5221.0439 0.992
 5221.1436 0.993
 5221.2432 0.993
 5221.3428 0.993
 5221.4424 0.993
 5221.5420 0.993
 5221.6416 0.993
 5221.7412 0.993
 5221.8408 0.993
 5221.9404 0.993
 5222.0400 0.993
 5222.1396 0.993
 5222.2393 0.993
 5222.3389 0.993
 5222.4385 0.993
 5222.5381 0.992
 5222.6377 0.992
 5222.7373 0.992
 5222.8369 0.992
 5222.9365 0.992
 5223.0361 0.992
 5223.1357 0.992
 5223.2354 0.992
 5223.3350 0.992
 5223.4346 0.993
 5223.5342 0.993
 5223.6338 0.993
 5223.7334 0.993
 5223.8330 0.993
 5223.9326 0.993
 5224.0322 0.993
 5224.1318 0.993
 5224.2314 0.993
 5224.3311 0.992
 5224.4307 0.992
 5224.5303 0.992
 5224.6299 0.992
 5224.7295 0.992
 5224.8291 0.992
 5224.9287 0.992
 5225.0283 0.992
 5225.1279 0.993
 5225.2275 0.993
 5225.3271 0.993
 5225.4268 0.993
 5225.5264 0.993
 5225.6260 0.993
 5225.7256 0.993
 5225.8252 0.993
 5225.9248 0.993
 5226.0244 0.993
 5226.1240 0.993
 5226.2236 0.993
 5226.3232 0.993
 5226.4229 0.993
 5226.5225 0.993
 5226.6221 0.993
 5226.7217 0.993
 5226.8213 0.993
 5226.9209 0.993
 5227.0205 0.993
 5227.1201 0.993
 5227.2197 0.992
 5227.3193 0.992
 5227.4189 0.992
 5227.5186 0.992
 5227.6182 0.993
 5227.7178 0.993
 5227.8174 0.993
 5227.9170 0.993
 5228.0166 0.993
 5228.1162 0.993
 5228.2158 0.993
 5228.3154 0.993
 5228.4150 0.993
 5228.5146 0.993
 5228.6143 0.993
 5228.7139 0.993
 5228.8135 0.994
 5228.9131 0.994
 5229.0127 0.994
 5229.1123 0.994
 5229.2119 0.993
 5229.3115 0.993
 5229.4111 0.993
 5229.5107 0.993
 5229.6104 0.993
 5229.7100 0.993
 5229.8096 0.993
 5229.9092 0.993
 5230.0088 0.993
 5230.1084 0.993
 5230.2080 0.993
 5230.3076 0.993
 5230.4072 0.994
 5230.5068 0.994
 5230.6064 0.994
 5230.7061 0.994
 5230.8057 0.994
 5230.9053 0.994
 5231.0049 0.993
 5231.1045 0.993
 5231.2041 0.993
 5231.3037 0.993
 5231.4033 0.993
 5231.5029 0.993
 5231.6025 0.993
 5231.7021 0.993
 5231.8018 0.993
 5231.9014 0.993
 5232.0010 0.994
 5232.1006 0.994
 5232.2002 0.994
 5232.2998 0.994
 5232.3994 0.994
 5232.4990 0.994
 5232.5986 0.994
 5232.6982 0.994
 5232.7979 0.994
 5232.8975 0.994
 5232.9971 0.994
 5233.0967 0.994
 5233.1963 0.993
 5233.2959 0.993
 5233.3955 0.993
 5233.4951 0.993
 5233.5947 0.993
 5233.6943 0.993
 5233.7939 0.993
 5233.8936 0.993
 5233.9932 0.993
 5234.0928 0.993
 5234.1924 0.993
 5234.2920 0.993
 5234.3916 0.993
 5234.4912 0.994
 5234.5908 0.994
 5234.6904 0.994
 5234.7900 0.994
 5234.8896 0.994
 5234.9893 0.994
 5235.0889 0.994
 5235.1885 0.993
 5235.2881 0.993
 5235.3877 0.993
 5235.4873 0.993
 5235.5869 0.993
 5235.6865 0.993
 5235.7861 0.993
 5235.8857 0.993
 5235.9854 0.993
 5236.0850 0.993
 5236.1846 0.994
 5236.2842 0.994
 5236.3838 0.994
 5236.4834 0.994
 5236.5830 0.994
 5236.6826 0.994
 5236.7822 0.994
 5236.8818 0.993
 5236.9814 0.993
 5237.0811 0.993
 5237.1807 0.993
 5237.2803 0.993
 5237.3799 0.993
 5237.4795 0.993
 5237.5791 0.993
 5237.6787 0.993
 5237.7783 0.993
 5237.8779 0.994
 5237.9775 0.994
 5238.0771 0.994
 5238.1768 0.994
 5238.2764 0.994
 5238.3760 0.994
 5238.4756 0.994
 5238.5752 0.994
 5238.6748 0.994
 5238.7744 0.993
 5238.8740 0.993
 5238.9736 0.993
 5239.0732 0.993
 5239.1729 0.993
 5239.2725 0.993
 5239.3721 0.993
 5239.4717 0.994
 5239.5713 0.994
 5239.6709 0.994
 5239.7705 0.994
 5239.8701 0.994
 5239.9697 0.994
 5240.0693 0.994
 5240.1689 0.994
 5240.2686 0.994
 5240.3682 0.994
 5240.4678 0.994
 5240.5674 0.994
 5240.6670 0.994
 5240.7666 0.994
 5240.8662 0.994
 5240.9658 0.994
 5241.0654 0.993
 5241.1650 0.993
 5241.2646 0.993
 5241.3643 0.993
 5241.4639 0.993
 5241.5635 0.993
 5241.6631 0.993
 5241.7627 0.993
 5241.8623 0.993
 5241.9619 0.994
 5242.0615 0.994
 5242.1611 0.994
 5242.2607 0.994
 5242.3604 0.994
 5242.4600 0.994
 5242.5596 0.994
 5242.6592 0.994
 5242.7588 0.994
 5242.8584 0.994
 5242.9580 0.994
 5243.0576 0.994
 5243.1572 0.994
 5243.2568 0.994
 5243.3564 0.994
 5243.4561 0.994
 5243.5557 0.994
 5243.6553 0.994
 5243.7549 0.994
 5243.8545 0.994
 5243.9541 0.994
 5244.0537 0.994
 5244.1533 0.994
 5244.2529 0.994
 5244.3525 0.993
 5244.4521 0.993
 5244.5518 0.993
 5244.6514 0.994
 5244.7510 0.994
 5244.8506 0.994
 5244.9502 0.994
 5245.0498 0.994
 5245.1494 0.994
 5245.2490 0.994
 5245.3486 0.994
 5245.4482 0.994
 5245.5479 0.994
 5245.6475 0.994
 5245.7471 0.994
 5245.8467 0.994
 5245.9463 0.994
 5246.0459 0.994
 5246.1455 0.994
 5246.2451 0.994
 5246.3447 0.994
 5246.4443 0.994
 5246.5439 0.994
 5246.6436 0.994
 5246.7432 0.994
 5246.8428 0.994
 5246.9424 0.994
 5247.0420 0.994
 5247.1416 0.994
 5247.2412 0.994
 5247.3408 0.994
 5247.4404 0.994
 5247.5400 0.994
 5247.6396 0.994
 5247.7393 0.994
 5247.8389 0.994
 5247.9385 0.994
 5248.0381 0.994
 5248.1377 0.994
 5248.2373 0.994
 5248.3369 0.994
 5248.4365 0.994
 5248.5361 0.994
 5248.6357 0.994
 5248.7354 0.993
 5248.8350 0.993
 5248.9346 0.993
 5249.0342 0.993
 5249.1338 0.993
 5249.2334 0.993
 5249.3330 0.994
 5249.4326 0.994
 5249.5322 0.994
 5249.6318 0.994
 5249.7314 0.994
 5249.8311 0.994
 5249.9307 0.994
 5250.0303 0.994
 5250.1299 0.994
 5250.2295 0.994
 5250.3291 0.994
 5250.4287 0.994
 5250.5283 0.993
 5250.6279 0.993
 5250.7275 0.993
 5250.8271 0.993
 5250.9268 0.993
 5251.0264 0.993
 5251.1260 0.993
 5251.2256 0.994
 5251.3252 0.994
 5251.4248 0.994
 5251.5244 0.994
 5251.6240 0.994
 5251.7236 0.994
 5251.8232 0.994
 5251.9229 0.994
 5252.0225 0.994
 5252.1221 0.994
 5252.2217 0.994
 5252.3213 0.994
 5252.4209 0.993
 5252.5205 0.993
 5252.6201 0.993
 5252.7197 0.994
 5252.8193 0.994
 5252.9189 0.994
 5253.0186 0.994
 5253.1182 0.994
 5253.2178 0.994
 5253.3174 0.994
 5253.4170 0.994
 5253.5166 0.994
 5253.6162 0.994
 5253.7158 0.995
 5253.8154 0.995
 5253.9150 0.995
 5254.0146 0.995
 5254.1143 0.995
 5254.2139 0.994
 5254.3135 0.994
 5254.4131 0.995
 5254.5127 0.994
 5254.6123 0.994
 5254.7119 0.994
 5254.8115 0.994
 5254.9111 0.994
 5255.0107 0.994
 5255.1104 0.994
 5255.2100 0.994
 5255.3096 0.994
 5255.4092 0.994
 5255.5088 0.994
 5255.6084 0.994
 5255.7080 0.995
 5255.8076 0.995
 5255.9072 0.995
 5256.0068 0.995
 5256.1064 0.995
 5256.2061 0.995
 5256.3057 0.995
 5256.4053 0.995
 5256.5049 0.995
 5256.6045 0.995
 5256.7041 0.995
 5256.8037 0.994
 5256.9033 0.994
 5257.0029 0.994
 5257.1025 0.994
 5257.2021 0.994
 5257.3018 0.994
 5257.4014 0.994
 5257.5010 0.995
 5257.6006 0.995
 5257.7002 0.995
 5257.7998 0.995
 5257.8994 0.995
 5257.9990 0.995
 5258.0986 0.995
 5258.1982 0.995
 5258.2979 0.995
 5258.3975 0.995
 5258.4971 0.995
 5258.5967 0.995
 5258.6963 0.995
 5258.7959 0.994
 5258.8955 0.994
 5258.9951 0.994
 5259.0947 0.994
 5259.1943 0.994
 5259.2939 0.994
 5259.3936 0.994
 5259.4932 0.994
 5259.5928 0.994
 5259.6924 0.995
 5259.7920 0.995
 5259.8916 0.995
 5259.9912 0.995
 5260.0908 0.995
 5260.1904 0.995
 5260.2900 0.995
 5260.3896 0.995
 5260.4893 0.995
 5260.5889 0.995
 5260.6885 0.995
 5260.7881 0.995
 5260.8877 0.995
 5260.9873 0.995
 5261.0869 0.995
 5261.1865 0.995
 5261.2861 0.995
 5261.3857 0.995
 5261.4854 0.994
 5261.5850 0.994
 5261.6846 0.994
 5261.7842 0.994
 5261.8838 0.994
 5261.9834 0.995
 5262.0830 0.995
 5262.1826 0.995
 5262.2822 0.995
 5262.3818 0.995
 5262.4814 0.995
 5262.5811 0.995
 5262.6807 0.995
 5262.7803 0.995
 5262.8799 0.995
 5262.9795 0.995
 5263.0791 0.995
 5263.1787 0.995
 5263.2783 0.995
 5263.3779 0.994
 5263.4775 0.994
 5263.5771 0.995
 5263.6768 0.995
 5263.7764 0.995
 5263.8760 0.995
 5263.9756 0.995
 5264.0752 0.995
 5264.1748 0.995
 5264.2744 0.995
 5264.3740 0.995
 5264.4736 0.995
 5264.5732 0.995
 5264.6729 0.995
 5264.7725 0.995
 5264.8721 0.995
 5264.9717 0.995
 5265.0713 0.994
 5265.1709 0.994
 5265.2705 0.995
 5265.3701 0.995
 5265.4697 0.995
 5265.5693 0.995
 5265.6689 0.995
 5265.7686 0.995
 5265.8682 0.995
 5265.9678 0.995
 5266.0674 0.995
 5266.1670 0.995
 5266.2666 0.995
 5266.3662 0.995
 5266.4658 0.995
 5266.5654 0.995
 5266.6650 0.995
 5266.7646 0.994
 5266.8643 0.995
 5266.9639 0.995
 5267.0635 0.995
 5267.1631 0.995
 5267.2627 0.995
 5267.3623 0.995
 5267.4619 0.995
 5267.5615 0.995
 5267.6611 0.995
 5267.7607 0.995
 5267.8604 0.995
 5267.9600 0.995
 5268.0596 0.995
 5268.1592 0.996
 5268.2588 0.996
 5268.3584 0.996
 5268.4580 0.996
 5268.5576 0.996
 5268.6572 0.996
 5268.7568 0.996
 5268.8564 0.996
 5268.9561 0.996
 5269.0557 0.995
 5269.1553 0.995
 5269.2549 0.995
 5269.3545 0.995
 5269.4541 0.995
 5269.5537 0.995
 5269.6533 0.995
 5269.7529 0.995
 5269.8525 0.995
 5269.9521 0.995
 5270.0518 0.995
 5270.1514 0.995
 5270.2510 0.996
 5270.3506 0.996
 5270.4502 0.996
 5270.5498 0.996
 5270.6494 0.996
 5270.7490 0.996
 5270.8486 0.996
 5270.9482 0.996
 5271.0479 0.996
 5271.1475 0.995
 5271.2471 0.995
 5271.3467 0.995
 5271.4463 0.995
 5271.5459 0.995
 5271.6455 0.995
 5271.7451 0.995
 5271.8447 0.995
 5271.9443 0.995
 5272.0439 0.996
 5272.1436 0.996
 5272.2432 0.996
 5272.3428 0.996
 5272.4424 0.996
 5272.5420 0.996
 5272.6416 0.996
 5272.7412 0.996
 5272.8408 0.996
 5272.9404 0.996
 5273.0400 0.996
 5273.1396 0.996
 5273.2393 0.995
 5273.3389 0.995
 5273.4385 0.995
 5273.5381 0.995
 5273.6377 0.995
 5273.7373 0.995
 5273.8369 0.995
 5273.9365 0.996
 5274.0361 0.996
 5274.1357 0.996
 5274.2354 0.996
 5274.3350 0.996
 5274.4346 0.996
 5274.5342 0.996
 5274.6338 0.996
 5274.7334 0.996
 5274.8330 0.996
 5274.9326 0.996
 5275.0322 0.996
 5275.1318 0.996
 5275.2314 0.996
 5275.3311 0.996
 5275.4307 0.996
 5275.5303 0.996
 5275.6299 0.996
 5275.7295 0.996
 5275.8291 0.996
 5275.9287 0.996
 5276.0283 0.996
 5276.1279 0.996
 5276.2275 0.996
 5276.3271 0.996
 5276.4268 0.996
 5276.5264 0.996
 5276.6260 0.996
 5276.7256 0.996
 5276.8252 0.996
 5276.9248 0.996
 5277.0244 0.996
 5277.1240 0.996
 5277.2236 0.996
 5277.3232 0.996
 5277.4229 0.996
 5277.5225 0.996
 5277.6221 0.996
 5277.7217 0.996
 5277.8213 0.996
 5277.9209 0.996
 5278.0205 0.996
 5278.1201 0.996
 5278.2197 0.995
 5278.3193 0.995
 5278.4189 0.996
 5278.5186 0.996
 5278.6182 0.996
 5278.7178 0.996
 5278.8174 0.996
 5278.9170 0.996
 5279.0166 0.996
 5279.1162 0.996
 5279.2158 0.996
 5279.3154 0.996
 5279.4150 0.996
 5279.5146 0.996
 5279.6143 0.996
 5279.7139 0.996
 5279.8135 0.996
 5279.9131 0.995
 5280.0127 0.995
 5280.1123 0.995
 5280.2119 0.995
 5280.3115 0.995
 5280.4111 0.996
 5280.5107 0.996
 5280.6104 0.996
 5280.7100 0.996
 5280.8096 0.996
 5280.9092 0.996
 5281.0088 0.996
 5281.1084 0.996
 5281.2080 0.996
 5281.3076 0.996
 5281.4072 0.996
 5281.5068 0.996
 5281.6064 0.996
 5281.7061 0.996
 5281.8057 0.996
 5281.9053 0.996
 5282.0049 0.996
 5282.1045 0.996
 5282.2041 0.996
 5282.3037 0.996
 5282.4033 0.996
 5282.5029 0.996
 5282.6025 0.996
 5282.7021 0.996
 5282.8018 0.996
 5282.9014 0.996
 5283.0010 0.996
 5283.1006 0.996
 5283.2002 0.996
 5283.2998 0.996
 5283.3994 0.997
 5283.4990 0.997
 5283.5986 0.997
 5283.6982 0.997
 5283.7979 0.997
 5283.8975 0.997
 5283.9971 0.997
 5284.0967 0.997
 5284.1963 0.997
 5284.2959 0.997
 5284.3955 0.996
 5284.4951 0.996
 5284.5947 0.996
 5284.6943 0.996
 5284.7939 0.996
 5284.8936 0.996
 5284.9932 0.996
 5285.0928 0.996
 5285.1924 0.996
 5285.2920 0.996
 5285.3916 0.997
 5285.4912 0.997
 5285.5908 0.997
 5285.6904 0.997
 5285.7900 0.997
 5285.8896 0.997
 5285.9893 0.997
 5286.0889 0.996
 5286.1885 0.996
 5286.2881 0.996
 5286.3877 0.996
 5286.4873 0.996
 5286.5869 0.996
 5286.6865 0.996
 5286.7861 0.996
 5286.8857 0.997
 5286.9854 0.997
 5287.0850 0.997
 5287.1846 0.997
 5287.2842 0.997
 5287.3838 0.997
 5287.4834 0.997
 5287.5830 0.997
 5287.6826 0.997
 5287.7822 0.997
 5287.8818 0.997
 5287.9814 0.997
 5288.0811 0.997
 5288.1807 0.997
 5288.2803 0.997
 5288.3799 0.997
 5288.4795 0.997
 5288.5791 0.997
 5288.6787 0.997
 5288.7783 0.997
 5288.8779 0.997
 5288.9775 0.997
 5289.0771 0.997
 5289.1768 0.997
 5289.2764 0.997
 5289.3760 0.997
 5289.4756 0.997
 5289.5752 0.997
 5289.6748 0.997
 5289.7744 0.997
 5289.8740 0.997
 5289.9736 0.997
 5290.0732 0.996
 5290.1729 0.996
 5290.2725 0.996
 5290.3721 0.996
 5290.4717 0.997
 5290.5713 0.997
 5290.6709 0.997
 5290.7705 0.997
 5290.8701 0.997
 5290.9697 0.997
 5291.0693 0.997
 5291.1689 0.997
 5291.2686 0.997
 5291.3682 0.997
 5291.4678 0.997
 5291.5674 0.996
 5291.6670 0.996
 5291.7666 0.996
 5291.8662 0.996
 5291.9658 0.997
 5292.0654 0.997
 5292.1650 0.997
 5292.2646 0.997
 5292.3643 0.997
 5292.4639 0.997
 5292.5635 0.997
 5292.6631 0.997
 5292.7627 0.997
 5292.8623 0.997
 5292.9619 0.997
 5293.0615 0.996
 5293.1611 0.996
 5293.2607 0.996
 5293.3604 0.996
 5293.4600 0.996
 5293.5596 0.996
 5293.6592 0.997
 5293.7588 0.997
 5293.8584 0.997
 5293.9580 0.997
 5294.0576 0.997
 5294.1572 0.997
 5294.2568 0.997
 5294.3564 0.997
 5294.4561 0.997
 5294.5557 0.997
 5294.6553 0.997
 5294.7549 0.997
 5294.8545 0.997
 5294.9541 0.997
 5295.0537 0.997
 5295.1533 0.996
 5295.2529 0.996
 5295.3525 0.996
 5295.4521 0.996
 5295.5518 0.997
 5295.6514 0.997
 5295.7510 0.997
 5295.8506 0.997
 5295.9502 0.997
 5296.0498 0.997
 5296.1494 0.997
 5296.2490 0.997
 5296.3486 0.997
 5296.4482 0.997
 5296.5479 0.997
 5296.6475 0.997
 5296.7471 0.997
 5296.8467 0.997
 5296.9463 0.997
 5297.0459 0.998
 5297.1455 0.998
 5297.2451 0.998
 5297.3447 0.998
 5297.4443 0.998
 5297.5439 0.998
 5297.6436 0.998
 5297.7432 0.998
 5297.8428 0.998
 5297.9424 0.998
 5298.0420 0.997
 5298.1416 0.997
 5298.2412 0.997
 5298.3408 0.997
 5298.4404 0.997
 5298.5400 0.997
 5298.6396 0.997
 5298.7393 0.997
 5298.8389 0.997
 5298.9385 0.998
 5299.0381 0.998
 5299.1377 0.998
 5299.2373 0.998
 5299.3369 0.998
 5299.4365 0.998
 5299.5361 0.998
 5299.6357 0.998
 5299.7354 0.998
 5299.8350 0.997
 5299.9346 0.997
 5300.0342 0.997
 5300.1338 0.997
 5300.2334 0.997
 5300.3330 0.997
 5300.4326 0.997
 5300.5322 0.997
 5300.6318 0.998
 5300.7314 0.998
 5300.8311 0.998
 5300.9307 0.998
 5301.0303 0.998
 5301.1299 0.998
 5301.2295 0.998
 5301.3291 0.998
 5301.4287 0.998
 5301.5283 0.998
 5301.6279 0.998
 5301.7275 0.998
 5301.8271 0.998
 5301.9268 0.998
 5302.0264 0.998
 5302.1260 0.997
 5302.2256 0.997
 5302.3252 0.997
 5302.4248 0.997
 5302.5244 0.997
 5302.6240 0.997
 5302.7236 0.997
 5302.8232 0.997
 5302.9229 0.997
 5303.0225 0.998
 5303.1221 0.998
 5303.2217 0.998
 5303.3213 0.998
 5303.4209 0.998
 5303.5205 0.998
 5303.6201 0.998
 5303.7197 0.998
 5303.8193 0.998
 5303.9189 0.998
 5304.0186 0.998
 5304.1182 0.998
 5304.2178 0.998
 5304.3174 0.998
 5304.4170 0.998
 5304.5166 0.998
 5304.6162 0.998
 5304.7158 0.998
 5304.8154 0.998
 5304.9150 0.998
 5305.0146 0.998
 5305.1143 0.998
 5305.2139 0.998
 5305.3135 0.998
 5305.4131 0.998
 5305.5127 0.998
 5305.6123 0.998
 5305.7119 0.998
 5305.8115 0.998
 5305.9111 0.998
 5306.0107 0.998
 5306.1104 0.998
 5306.2100 0.998
 5306.3096 0.998
 5306.4092 0.998
 5306.5088 0.998
 5306.6084 0.998
 5306.7080 0.998
 5306.8076 0.998
 5306.9072 0.998
 5307.0068 0.997
 5307.1064 0.998
 5307.2061 0.998
 5307.3057 0.998
 5307.4053 0.998
 5307.5049 0.998
 5307.6045 0.998
 5307.7041 0.998
 5307.8037 0.998
 5307.9033 0.998
 5308.0029 0.998
 5308.1025 0.998
 5308.2021 0.998
 5308.3018 0.998
 5308.4014 0.998
 5308.5010 0.998
 5308.6006 0.998
 5308.7002 0.998
 5308.7998 0.998
 5308.8994 0.998
 5308.9990 0.998
 5309.0986 0.998
 5309.1982 0.998
 5309.2979 0.998
 5309.3975 0.998
 5309.4971 0.998
 5309.5967 0.998
 5309.6963 0.998
 5309.7959 0.998
 5309.8955 0.998
 5309.9951 0.998
 5310.0947 0.999
 5310.1943 0.999
 5310.2939 0.999
 5310.3936 0.999
 5310.4932 0.999
 5310.5928 0.999
 5310.6924 0.999
 5310.7920 0.999
 5310.8916 0.998
 5310.9912 0.998
 5311.0908 0.998
 5311.1904 0.998
 5311.2900 0.998
 5311.3896 0.998
 5311.4893 0.998
 5311.5889 0.998
 5311.6885 0.998
 5311.7881 0.998
 5311.8877 0.998
 5311.9873 0.998
 5312.0869 0.999
 5312.1865 0.999
 5312.2861 0.999
 5312.3857 0.999
 5312.4854 0.999
 5312.5850 0.999
 5312.6846 0.999
 5312.7842 0.999
 5312.8838 0.998
 5312.9834 0.998
 5313.0830 0.998
 5313.1826 0.998
 5313.2822 0.998
 5313.3818 0.998
 5313.4814 0.998
 5313.5811 0.998
 5313.6807 0.998
 5313.7803 0.998
 5313.8799 0.998
 5313.9795 0.998
 5314.0791 0.999
 5314.1787 0.999
 5314.2783 0.999
 5314.3779 0.999
 5314.4775 0.999
 5314.5771 0.999
 5314.6768 0.999
 5314.7764 0.999
 5314.8760 0.998
 5314.9756 0.998
 5315.0752 0.998
 5315.1748 0.998
 5315.2744 0.998
 5315.3740 0.998
 5315.4736 0.998
 5315.5732 0.998
 5315.6729 0.998
 5315.7725 0.998
 5315.8721 0.998
 5315.9717 0.999
 5316.0713 0.999
 5316.1709 0.999
 5316.2705 0.999
 5316.3701 0.999
 5316.4697 0.999
 5316.5693 0.999
 5316.6689 0.999
 5316.7686 0.998
 5316.8682 0.998
 5316.9678 0.998
 5317.0674 0.998
 5317.1670 0.998
 5317.2666 0.998
 5317.3662 0.998
 5317.4658 0.998
 5317.5654 0.999
 5317.6650 0.999
 5317.7646 0.999
 5317.8643 0.999
 5317.9639 0.999
 5318.0635 0.999
 5318.1631 0.999
 5318.2627 0.999
 5318.3623 0.999
 5318.4619 0.999
 5318.5615 0.999
 5318.6611 0.999
 5318.7607 0.999
 5318.8604 0.999
 5318.9600 0.999
 5319.0596 0.998
 5319.1592 0.998
 5319.2588 0.998
 5319.3584 0.998
 5319.4580 0.998
 5319.5576 0.998
 5319.6572 0.999
 5319.7568 0.999
 5319.8564 0.999
 5319.9561 0.999
 5320.0557 0.999
 5320.1553 0.999
 5320.2549 0.999
 5320.3545 0.999
 5320.4541 0.999
 5320.5537 0.999
 5320.6533 0.999
 5320.7529 0.999
 5320.8525 0.999
 5320.9521 0.999
 5321.0518 0.999
 5321.1514 0.999
 5321.2510 0.998
 5321.3506 0.998
 5321.4502 0.998
 5321.5498 0.998
 5321.6494 0.999
 5321.7490 0.999
 5321.8486 0.999
 5321.9482 0.999
 5322.0479 0.999
 5322.1475 0.999
 5322.2471 0.999
 5322.3467 0.999
 5322.4463 0.999
 5322.5459 0.999
 5322.6455 0.999
 5322.7451 0.999
 5322.8447 0.999
 5322.9443 0.999
 5323.0439 0.999
 5323.1436 0.999
 5323.2432 0.999
 5323.3428 0.999
 5323.4424 0.999
 5323.5420 0.999
 5323.6416 0.999
 5323.7412 0.999
 5323.8408 0.999
 5323.9404 0.999
 5324.0400 0.999
 5324.1396 0.999
 5324.2393 0.999
 5324.3389 0.999
 5324.4385 0.999
 5324.5381 0.999
 5324.6377 0.999
 5324.7373 0.999
 5324.8369 0.999
 5324.9365 0.999
 5325.0361 0.999
 5325.1357 0.999
 5325.2354 0.999
 5325.3350 0.999
 5325.4346 0.999
 5325.5342 0.999
 5325.6338 1.000
 5325.7334 1.000
 5325.8330 1.000
 5325.9326 1.000
 5326.0322 0.999
 5326.1318 0.999
 5326.2314 0.999
 5326.3311 0.999
 5326.4307 0.999
 5326.5303 0.999
 5326.6299 0.999
 5326.7295 0.999
 5326.8291 0.999
 5326.9287 0.999
 5327.0283 0.999
 5327.1279 0.999
 5327.2275 0.999
 5327.3271 0.999
 5327.4268 0.999
 5327.5264 0.999
 5327.6260 1.000
 5327.7256 1.000
 5327.8252 1.000
 5327.9248 0.999
 5328.0244 0.999
 5328.1240 0.999
 5328.2236 0.999
 5328.3232 0.999
 5328.4229 0.999
 5328.5225 0.999
 5328.6221 0.999
 5328.7217 0.999
 5328.8213 0.999
 5328.9209 0.999
 5329.0205 0.999
 5329.1201 0.999
 5329.2197 0.999
 5329.3193 0.999
 5329.4189 1.000
 5329.5186 0.999
 5329.6182 0.999
 5329.7178 0.999
 5329.8174 1.000
 5329.9170 1.000
 5330.0166 1.000
 5330.1162 1.000
 5330.2158 1.000
 5330.3154 1.000
 5330.4150 1.000
 5330.5146 1.000
 5330.6143 1.000
 5330.7139 1.000
 5330.8135 1.000
 5330.9131 0.999
 5331.0127 0.999
 5331.1123 0.999
 5331.2119 0.999
 5331.3115 0.999
 5331.4111 0.999
 5331.5107 0.999
 5331.6104 0.999
 5331.7100 0.999
 5331.8096 1.000
 5331.9092 1.000
 5332.0088 1.000
 5332.1084 1.000
 5332.2080 1.000
 5332.3076 1.000
 5332.4072 1.000
 5332.5068 1.000
 5332.6064 1.000
 5332.7061 1.000
 5332.8057 1.000
 5332.9053 1.000
 5333.0049 1.000
 5333.1045 1.000
 5333.2041 1.000
 5333.3037 1.000
 5333.4033 1.000
 5333.5029 1.000
 5333.6025 1.000
 5333.7021 1.000
 5333.8018 1.000
 5333.9014 1.000
 5334.0010 1.000
 5334.1006 1.000
 5334.2002 1.000
 5334.2998 1.000
 5334.3994 0.554
 5334.4990 0.553
 5334.5986 0.553
 5334.6982 0.553
 5334.7979 0.553
 5334.8975 0.553
 5334.9971 0.553
 5335.0967 0.553
 5335.1963 0.553
 5335.2959 0.553
 5335.3955 0.554
 5335.4951 0.554
 5335.5947 0.554
 5335.6943 0.555
 5335.7939 0.555
 5335.8936 0.555
 5335.9932 0.555
 5336.0928 0.555
 5336.1924 0.555
 5336.2920 0.555
 5336.3916 0.555
 5336.4912 0.555
 5336.5908 0.555
 5336.6904 0.555
 5336.7900 0.555
 5336.8896 0.555
 5336.9893 0.555
 5337.0889 0.555
 5337.1885 0.555
 5337.2881 0.555
 5337.3877 0.555
 5337.4873 0.555
 5337.5869 0.555
 5337.6865 0.555
 5337.7861 0.555
 5337.8857 0.555
 5337.9854 0.555
 5338.0850 0.555
 5338.1846 0.555
 5338.2842 0.555
 5338.3838 0.556
 5338.4834 0.556
 5338.5830 0.556
 5338.6826 0.556
 5338.7822 0.556
 5338.8818 0.556
 5338.9814 0.556
 5339.0811 0.556
 5339.1807 0.556
 5339.2803 0.556
 5339.3799 0.556
 5339.4795 0.556
 5339.5791 0.556
 5339.6787 0.556
 5339.7783 0.556
 5339.8779 0.556
 5339.9775 0.556
 5340.0771 0.556
 5340.1768 0.556
 5340.2764 0.556
 5340.3760 0.556
 5340.4756 0.556
 5340.5752 0.556
 5340.6748 0.556
 5340.7744 0.556
 5340.8740 0.556
 5340.9736 0.556
 5341.0732 0.556
 5341.1729 0.556
 5341.2725 0.556
 5341.3721 0.555
 5341.4717 0.555
 5341.5713 0.555
 5341.6709 0.555
 5341.7705 0.555
 5341.8701 0.555
 5341.9697 0.555
 5342.0693 0.555
 5342.1689 0.555
 5342.2686 0.555
 5342.3682 0.555
 5342.4678 0.555
 5342.5674 0.555
 5342.6670 0.556
 5342.7666 0.556
 5342.8662 0.556
 5342.9658 0.556
 5343.0654 0.555
 5343.1650 0.555
 5343.2646 0.555
 5343.3643 0.555
 5343.4639 0.555
 5343.5635 0.555
 5343.6631 0.555
 5343.7627 0.555
 5343.8623 0.555
 5343.9619 0.555
 5344.0615 0.555
 5344.1611 0.555
 5344.2607 0.555
 5344.3604 0.555
 5344.4600 0.556
 5344.5596 0.556
 5344.6592 0.556
 5344.7588 0.556
 5344.8584 0.556
 5344.9580 0.555
 5345.0576 0.555
 5345.1572 0.555
 5345.2568 0.555
 5345.3564 0.555
 5345.4561 0.555
 5345.5557 0.555
 5345.6553 0.555
 5345.7549 0.555
 5345.8545 0.555
 5345.9541 0.555
 5346.0537 0.555
 5346.1533 0.555
 5346.2529 0.555
 5346.3525 0.555
 5346.4521 0.555
 5346.5518 0.555
 5346.6514 0.556
 5346.7510 0.555
 5346.8506 0.555
 5346.9502 0.555
 5347.0498 0.555
 5347.1494 0.555
 5347.2490 0.555
 5347.3486 0.555
 5347.4482 0.555
 5347.5479 0.555
 5347.6475 0.555
 5347.7471 0.555
 5347.8467 0.555
 5347.9463 0.555
 5348.0459 0.555
 5348.1455 0.555
 5348.2451 0.555
 5348.3447 0.555
 5348.4443 0.555
 5348.5439 0.555
 5348.6436 0.555
 5348.7432 0.555
 5348.8428 0.555
 5348.9424 0.555
 5349.0420 0.556
 5349.1416 0.556
 5349.2412 0.556
 5349.3408 0.556
 5349.4404 0.556
 5349.5400 0.555
 5349.6396 0.556
 5349.7393 0.556
 5349.8389 0.556
 5349.9385 0.556
 5350.0381 0.556
 5350.1377 0.556
 5350.2373 0.556
 5350.3369 0.555
 5350.4365 0.555
 5350.5361 0.555
 5350.6357 0.555
 5350.7354 0.555
 5350.8350 0.555
 5350.9346 0.555
 5351.0342 0.556
 5351.1338 0.556
 5351.2334 0.556
 5351.3330 0.556
 5351.4326 0.556
 5351.5322 0.556
 5351.6318 0.556
 5351.7314 0.556
 5351.8311 0.556
 5351.9307 0.556
 5352.0303 0.556
 5352.1299 0.556
 5352.2295 0.556
 5352.3291 0.556
 5352.4287 0.556
 5352.5283 0.556
 5352.6279 0.556
 5352.7275 0.555
 5352.8271 0.555
 5352.9268 0.555
 5353.0264 0.555
 5353.1260 0.555
 5353.2256 0.555
 5353.3252 0.555
 5353.4248 0.555
 5353.5244 0.555
 5353.6240 0.555
 5353.7236 0.555
 5353.8232 0.555
 5353.9229 0.555
 5354.0225 0.556
 5354.1221 0.556
 5354.2217 0.556
 5354.3213 0.556
 5354.4209 0.556
 5354.5205 0.556
 5354.6201 0.556
 5354.7197 0.556
 5354.8193 0.556
 5354.9189 0.556
 5355.0186 0.556
 5355.1182 0.556
 5355.2178 0.556
 5355.3174 0.556
 5355.4170 0.556
 5355.5166 0.556
 5355.6162 0.556
 5355.7158 0.556
 5355.8154 0.556
 5355.9150 0.555
 5356.0146 0.555
 5356.1143 0.555
 5356.2139 0.555
 5356.3135 0.555
 5356.4131 0.555
 5356.5127 0.555
 5356.6123 0.555
 5356.7119 0.555
 5356.8115 0.556
 5356.9111 0.556
 5357.0107 0.556
 5357.1104 0.556
 5357.2100 0.556
 5357.3096 0.556
 5357.4092 0.556
 5357.5088 0.556
 5357.6084 0.556
 5357.7080 0.556
 5357.8076 0.556
 5357.9072 0.556
 5358.0068 0.556
 5358.1064 0.556
 5358.2061 0.556
 5358.3057 0.556
 5358.4053 0.555
 5358.5049 0.555
 5358.6045 0.555
 5358.7041 0.555
 5358.8037 0.555
 5358.9033 0.555
 5359.0029 0.555
 5359.1025 0.555
 5359.2021 0.555
 5359.3018 0.556
 5359.4014 0.556
 5359.5010 0.556
 5359.6006 0.556
 5359.7002 0.556
 5359.7998 0.556
 5359.8994 0.556
 5359.9990 0.556
 5360.0986 0.556
 5360.1982 0.556
 5360.2979 0.556
 5360.3975 0.556
 5360.4971 0.556
 5360.5967 0.556
 5360.6963 0.556
 5360.7959 0.556
 5360.8955 0.556
 5360.9951 0.556
 5361.0947 0.556
 5361.1943 0.556
 5361.2939 0.555
 5361.3936 0.555
 5361.4932 0.555
 5361.5928 0.555
 5361.6924 0.555
 5361.7920 0.555
 5361.8916 0.555
 5361.9912 0.555
 5362.0908 0.555
 5362.1904 0.555
 5362.2900 0.556
 5362.3896 0.556
 5362.4893 0.556
 5362.5889 0.556
 5362.6885 0.556
 5362.7881 0.556
 5362.8877 0.556
 5362.9873 0.556
 5363.0869 0.556
 5363.1865 0.556
 5363.2861 0.556
 5363.3857 0.556
 5363.4854 0.556
 5363.5850 0.556
 5363.6846 0.556
 5363.7842 0.556
 5363.8838 0.556
 5363.9834 0.556
 5364.0830 0.556
 5364.1826 0.556
 5364.2822 0.556
