# Time  Volume
   2834.44     0.001
   2834.56     0.001
   2834.68     0.001
   2834.80     0.001
   2834.86     0.001
   2834.98     0.001
   2835.10     0.001
   2835.22     0.001
   2835.34     0.001
   2835.46     0.001
   2835.52     0.001
   2835.64     0.001
   2835.76     0.001
   2835.88     0.001
   2836.00     0.001
   2836.12     0.001
   2836.18     0.001
   2836.30     0.001
   2836.42     0.001
   2836.54     0.001
   2836.66     0.001
   2836.78     0.001
   2836.84     0.001
   2836.96     0.001
   2837.08     0.001
   2837.20     0.001
   2837.32     0.001
   2837.38     0.001
   2837.50     0.001
   2837.62     0.001
   2837.74     0.001
   2837.86     0.001
   2837.92     0.001
   2838.04     0.001
   2838.16     0.001
   2838.28     0.001
   2838.40     0.001
   2838.52     0.001
   2838.58     0.001
   2838.70     0.001
   2838.82     0.001
   2838.94     0.001
   2839.06     0.001
   2839.12     0.001
   2839.24     0.001
   2839.36     0.001
   2839.48     0.001
   2839.60     0.001
   2839.72     0.001
   2839.78     0.001
   2839.90     0.001
   2840.02     0.001
   2840.14     0.001
   2840.26     0.001
   2840.38     0.001
   2840.44     0.001
   2840.56     0.001
   2840.68     0.001
   2840.80     0.001
   2840.92     0.001
   2841.04     0.001
   2841.10     0.001
   2841.22     0.001
   2841.34     0.001
   2841.46     0.000
   2841.58     0.000
   2841.64     0.000
   2841.76     0.000
   2841.88     0.000
   2842.00     0.000
   2842.12     0.000
   2842.18     0.000
   2842.30     0.000
   2842.42     0.000
   2842.54     0.000
   2842.66     0.000
   2842.78     0.000
   2842.84     0.000
   2842.96     0.000
   2843.08     0.000
   2843.20     0.000
   2843.32     0.000
   2843.38     0.000
   2843.50     0.000
   2843.62     0.000
   2843.74     0.000
   2843.86     0.000
   2843.98     0.000
   2844.04     0.000
   2844.16     0.000
   2844.28     0.000
   2844.40     0.000
   2844.52     0.000
   2844.64     0.000
   2844.70     0.000
   2844.82     0.000
   2844.94     0.000
   2845.06     0.000
   2845.18     0.000
   2845.24     0.000
   2845.36     0.000
   2845.48     0.001
   2845.60     0.001
   2845.72     0.001
   2845.84     0.001
   2845.90     0.001
   2846.02     0.001
   2846.14     0.001
   2846.26     0.001
   2846.38     0.001
   2846.50     0.001
   2846.56     0.001
   2846.68     0.001
   2846.80     0.001
   2846.92     0.001
   2847.04     0.001
   2847.10     0.001
   2847.22     0.001
   2847.34     0.001
   2847.46     0.001
   2847.58     0.001
   2847.64     0.001
   2847.76     0.001
   2847.88     0.001
   2848.00     0.001
   2848.12     0.001
   2848.24     0.001
   2848.30     0.001
   2848.42     0.001
   2848.54     0.001
   2848.66     0.001
   2848.78     0.001
   2848.84     0.001
   2848.96     0.001
   2849.08     0.001
   2849.20     0.001
   2849.32     0.001
   2849.44     0.001
   2849.50     0.001
   2849.62     0.001
   2849.74     0.001
   2849.86     0.001
   2849.98     0.001
   2850.10     0.001
   2850.16     0.001
   2850.28     0.001
   2850.40     0.001
   2850.52     0.001
   2850.64     0.001
   2850.76     0.001
   2850.82     0.001
   2850.94     0.001
   2851.06     0.001
   2851.18     0.001
   2851.30     0.001
   2851.36     0.001
   2851.48     0.001
   2851.60     0.001
   2851.72     0.001
   2851.84     0.001
   2851.90     0.001
   2852.02     0.001
   2852.14     0.001
   2852.26     0.001
   2852.38     0.001
   2852.50     0.001
   2852.56     0.001
   2852.68     0.001
   2852.80     0.001
   2852.92     0.001
   2853.04     0.001
   2853.16     0.001
   2853.22     0.001
   2853.34     0.001
   2853.46     0.001
   2853.58     0.001
   2853.70     0.001
   2853.76     0.001
   2853.88     0.001
   2854.00     0.001
   2854.12     0.001
   2854.24     0.000
   2854.36     0.001
   2854.42     0.000
   2854.54     0.000
   2854.66     0.000
   2854.78     0.000
   2854.90     0.000
   2854.96     0.000
   2855.08     0.000
   2855.20     0.000
   2855.32     0.000
   2855.44     0.000
   2855.50     0.000
   2855.62     0.000
   2855.74     0.000
   2855.86     0.000
   2855.98     0.000
   2856.10     0.000
   2856.16     0.000
   2856.28     0.000
   2856.40     0.000
   2856.52     0.000
   2856.64     0.000
   2856.76     0.000
   2856.82     0.000
   2856.94     0.000
   2857.06     0.000
   2857.18     0.000
   2857.30     0.000
   2857.36     0.000
   2857.48     0.000
   2857.60     0.000
   2857.72     0.000
   2857.84     0.000
   2857.96     0.000
   2858.02     0.000
   2858.14     0.000
   2858.26     0.000
   2858.38     0.000
   2858.50     0.000
   2858.56     0.000
   2858.68     0.000
   2858.80     0.000
   2858.92     0.000
   2859.04     0.000
   2859.16     0.000
   2859.22     0.000
   2859.34     0.000
   2859.46     0.000
   2859.58     0.000
   2859.70     0.000
   2859.76     0.000
   2859.88     0.000
   2860.00     0.000
   2860.12     0.000
   2860.24     0.000
   2860.36     0.000
   2860.42     0.000
   2860.54     0.000
   2860.66     0.000
   2860.78     0.000
   2860.90     0.000
   2861.02     0.000
   2861.08     0.000
   2861.20     0.000
   2861.32     0.000
   2861.44     0.000
   2861.56     0.000
   2861.68     0.000
   2861.74     0.000
   2861.86     0.000
   2861.98     0.000
   2862.10     0.001
   2862.22     0.001
   2862.28     0.001
   2862.40     0.001
   2862.52     0.001
   2862.64     0.001
   2862.76     0.001
   2862.82     0.001
   2862.94     0.001
   2863.06     0.001
   2863.18     0.001
   2863.30     0.001
   2863.42     0.001
   2863.48     0.001
   2863.60     0.001
   2863.72     0.001
   2863.84     0.001
   2863.96     0.001
   2864.02     0.001
   2864.14     0.001
   2864.26     0.001
   2864.38     0.001
   2864.50     0.001
   2864.62     0.001
   2864.68     0.000
   2864.80     0.000
   2864.92     0.000
   2865.04     0.000
   2865.16     0.000
   2865.28     0.000
   2865.34     0.000
   2865.46     0.000
   2865.58     0.000
   2865.70     0.000
   2865.82     0.000
   2865.88     0.000
   2866.00     0.000
   2866.12     0.000
   2866.24     0.000
   2866.36     0.000
   2866.48     0.000
   2866.54     0.000
   2866.66     0.000
   2866.78     0.000
   2866.90     0.000
   2867.02     0.000
   2867.08     0.000
   2867.20     0.000
   2867.32     0.000
   2867.44     0.000
   2867.56     0.000
   2867.68     0.000
   2867.74     0.000
   2867.86     0.000
   2867.98     0.000
   2868.10     0.000
   2868.22     0.000
   2868.28     0.000
   2868.40     0.000
   2868.52     0.000
   2868.64     0.000
   2868.76     0.000
   2868.88     0.000
   2868.94     0.000
   2869.06     0.000
   2869.18     0.000
   2869.30     0.000
   2869.42     0.000
   2869.54     0.000
   2869.60     0.000
   2869.72     0.000
   2869.84     0.000
   2869.96     0.000
   2870.08     0.000
   2870.14     0.000
   2870.26     0.000
   2870.38     0.000
   2870.50     0.000
   2870.62     0.000
   2870.68     0.000
   2870.80     0.000
   2870.92     0.000
   2871.04     0.000
   2871.16     0.000
   2871.28     0.000
   2871.34     0.000
   2871.46     0.000
   2871.58     0.001
   2871.70     0.000
   2871.82     0.001
   2871.88     0.001
   2872.00     0.001
   2872.12     0.001
   2872.24     0.001
   2872.36     0.001
   2872.48     0.001
   2872.54     0.001
   2872.66     0.001
   2872.78     0.001
   2872.90     0.001
   2873.02     0.001
   2873.14     0.001
   2873.20     0.001
   2873.32     0.001
   2873.44     0.001
   2873.56     0.001
   2873.68     0.001
   2873.74     0.001
   2873.86     0.001
   2873.98     0.000
   2874.10     0.001
   2874.22     0.001
   2874.34     0.001
   2874.40     0.001
   2874.52     0.001
   2874.64     0.001
   2874.76     0.001
   2874.88     0.001
   2874.94     0.001
   2875.06     0.001
   2875.18     0.001
   2875.30     0.001
   2875.42     0.001
   2875.54     0.001
   2875.60     0.001
   2875.72     0.001
   2875.84     0.001
   2875.96     0.000
   2876.08     0.001
   2876.14     0.000
   2876.26     0.000
   2876.38     0.000
   2876.50     0.000
   2876.62     0.000
   2876.74     0.000
   2876.80     0.000
   2876.92     0.000
   2877.04     0.000
   2877.16     0.000
   2877.28     0.000
   2877.34     0.000
   2877.46     0.000
   2877.58     0.000
   2877.70     0.000
   2877.82     0.000
   2877.94     0.000
   2878.00     0.000
   2878.12     0.000
   2878.24     0.000
   2878.36     0.000
   2878.48     0.000
   2878.60     0.000
   2878.66     0.000
   2878.78     0.000
   2878.90     0.000
   2879.02     0.000
   2879.14     0.000
   2879.20     0.000
   2879.32     0.000
   2879.44     0.000
   2879.56     0.000
   2879.68     0.000
   2879.80     0.000
   2879.86     0.000
   2879.98     0.000
   2880.10     0.000
   2880.22     0.000
   2880.34     0.000
   2880.40     0.000
   2880.52     0.000
   2880.64     0.000
   2880.76     0.000
   2880.88     0.000
   2881.00     0.000
   2881.06     0.000
   2881.18     0.000
   2881.30     0.000
   2881.42     0.000
   2881.54     0.000
   2881.66     0.000
   2881.72     0.000
   2881.84     0.000
   2881.96     0.000
   2882.08     0.000
   2882.20     0.000
   2882.26     0.000
   2882.38     0.000
   2882.50     0.000
   2882.62     0.000
   2882.74     0.000
   2882.86     0.000
   2882.92     0.001
   2883.04     0.000
   2883.16     0.000
   2883.28     0.000
   2883.40     0.000
   2883.52     0.000
   2883.58     0.000
   2883.70     0.000
   2883.82     0.000
   2883.94     0.000
   2884.06     0.000
   2884.12     0.000
   2884.24     0.000
   2884.36     0.001
   2884.48     0.001
   2884.60     0.000
   2884.66     0.001
   2884.78     0.001
   2884.90     0.001
   2885.02     0.001
   2885.14     0.001
   2885.26     0.001
   2885.32     0.001
   2885.44     0.001
   2885.56     0.001
   2885.68     0.001
   2885.80     0.001
   2885.86     0.001
   2885.98     0.001
   2886.10     0.001
   2886.22     0.001
   2886.34     0.001
   2886.46     0.001
   2886.52     0.001
   2886.64     0.001
   2886.76     0.001
   2886.88     0.001
   2887.00     0.001
   2887.06     0.001
   2887.18     0.001
   2887.30     0.001
   2887.42     0.001
   2887.54     0.001
   2887.66     0.001
   2887.72     0.001
   2887.84     0.001
   2887.96     0.001
   2888.08     0.001
   2888.20     0.001
   2888.26     0.001
   2888.38     0.001
   2888.50     0.001
   2888.62     0.001
   2888.74     0.001
   2888.86     0.001
   2888.92     0.001
   2889.04     0.001
   2889.16     0.000
   2889.28     0.000
   2889.40     0.000
   2889.52     0.000
   2889.58     0.000
   2889.70     0.000
   2889.82     0.000
   2889.94     0.000
   2890.06     0.000
   2890.12     0.000
   2890.24     0.000
   2890.36     0.000
   2890.48     0.000
   2890.60     0.000
   2890.72     0.000
   2890.78     0.000
   2890.90     0.000
   2891.02     0.000
   2891.14     0.000
   2891.26     0.000
   2891.32     0.000
   2891.44     0.000
   2891.56     0.000
   2891.68     0.000
   2891.80     0.000
   2891.92     0.000
   2891.98     0.000
   2892.10     0.000
   2892.22     0.000
   2892.34     0.000
   2892.46     0.000
   2892.52     0.000
   2892.64     0.000
   2892.76     0.000
   2892.88     0.000
   2893.00     0.000
   2893.12     0.000
   2893.18     0.000
   2893.30     0.000
   2893.42     0.000
   2893.54     0.000
   2893.66     0.000
   2893.78     0.000
   2893.84     0.000
   2893.96     0.000
   2894.08     0.000
   2894.20     0.000
   2894.32     0.000
   2894.38     0.000
   2894.50     0.000
   2894.62     0.000
   2894.74     0.000
   2894.86     0.000
   2894.98     0.000
   2895.04     0.000
   2895.16     0.000
   2895.28     0.000
   2895.40     0.000
   2895.52     0.000
   2895.58     0.000
   2895.70     0.000
   2895.82     0.000
   2895.94     0.000
   2896.06     0.000
   2896.18     0.000
   2896.24     0.000
   2896.36     0.000
   2896.48     0.000
   2896.60     0.000
   2896.72     0.000
   2896.78     0.000
   2896.90     0.000
   2897.02     0.000
   2897.14     0.000
   2897.26     0.000
   2897.38     0.000
   2897.44     0.000
   2897.56     0.000
   2897.68     0.000
   2897.80     0.000
   2897.92     0.000
   2897.98     0.000
   2898.10     0.000
   2898.22     0.000
   2898.34     0.000
   2898.46     0.000
   2898.58     0.000
   2898.64     0.000
   2898.76     0.000
   2898.88     0.000
   2899.00     0.000
   2899.12     0.000
   2899.24     0.000
   2899.30     0.000
   2899.42     0.000
   2899.54     0.000
   2899.66     0.000
   2899.78     0.000
   2899.84     0.000
   2899.96     0.000
   2900.08     0.000
   2900.20     0.000
   2900.32     0.000
   2900.44     0.000
   2900.50     0.001
   2900.62     0.001
   2900.74     0.001
   2900.86     0.001
   2900.98     0.001
   2901.04     0.001
   2901.16     0.001
   2901.28     0.001
   2901.40     0.001
   2901.52     0.001
   2901.64     0.001
   2901.70     0.001
   2901.82     0.001
   2901.94     0.001
   2902.06     0.001
   2902.18     0.001
   2902.30     0.001
   2902.36     0.001
   2902.48     0.001
   2902.60     0.001
   2902.72     0.001
   2902.84     0.001
   2902.90     0.001
   2903.02     0.001
   2903.14     0.001
   2903.26     0.001
   2903.38     0.001
   2903.44     0.001
   2903.56     0.001
   2903.68     0.001
   2903.80     0.001
   2903.92     0.001
   2904.04     0.001
   2904.10     0.001
   2904.22     0.001
   2904.34     0.001
   2904.46     0.001
   2904.58     0.001
   2904.70     0.001
   2904.76     0.001
   2904.88     0.001
   2905.00     0.001
   2905.12     0.001
   2905.24     0.001
   2905.30     0.001
   2905.42     0.001
   2905.54     0.001
   2905.66     0.001
   2905.78     0.001
   2905.90     0.001
   2905.96     0.001
   2906.08     0.001
   2906.20     0.001
   2906.32     0.001
   2906.44     0.000
   2906.50     0.000
   2906.62     0.000
   2906.74     0.000
   2906.86     0.000
   2906.98     0.000
   2907.10     0.000
   2907.16     0.000
   2907.28     0.000
   2907.40     0.000
   2907.52     0.000
   2907.64     0.000
   2907.76     0.000
   2907.82     0.000
   2907.94     0.000
   2908.06     0.000
   2908.18     0.000
   2908.30     0.000
   2908.36     0.000
   2908.48     0.000
   2908.60     0.000
   2908.72     0.000
   2908.84     0.000
   2908.90     0.000
   2909.02     0.000
   2909.14     0.000
   2909.26     0.000
   2909.38     0.000
   2909.50     0.000
   2909.56     0.000
   2909.68     0.000
   2909.80     0.000
   2909.92     0.000
   2910.04     0.000
   2910.16     0.000
   2910.22     0.000
   2910.34     0.000
   2910.46     0.000
   2910.58     0.000
   2910.70     0.000
   2910.76     0.000
   2910.88     0.000
   2911.00     0.000
   2911.12     0.000
   2911.24     0.000
   2911.36     0.000
   2911.42     0.000
   2911.54     0.000
   2911.66     0.000
   2911.78     0.000
   2911.90     0.000
   2911.96     0.000
   2912.08     0.000
   2912.20     0.000
   2912.32     0.000
   2912.44     0.000
   2912.56     0.000
   2912.62     0.000
   2912.74     0.000
   2912.86     0.000
   2912.98     0.000
   2913.10     0.000
   2913.16     0.000
   2913.28     0.000
   2913.40     0.000
   2913.52     0.000
   2913.64     0.000
   2913.76     0.000
   2913.82     0.000
   2913.94     0.000
   2914.06     0.000
   2914.18     0.000
   2914.30     0.000
   2914.36     0.000
   2914.48     0.000
   2914.60     0.000
   2914.72     0.000
   2914.84     0.000
   2914.96     0.000
   2915.02     0.000
   2915.14     0.000
   2915.26     0.000
   2915.38     0.000
   2915.50     0.000
   2915.62     0.000
   2915.68     0.000
   2915.80     0.000
   2915.92     0.000
   2916.04     0.000
   2916.16     0.000
   2916.22     0.000
   2916.34     0.000
   2916.46     0.000
   2916.58     0.000
   2916.70     0.000
   2916.82     0.000
   2916.88     0.000
   2917.00     0.000
   2917.12     0.000
   2917.24     0.000
   2917.36     0.000
   2917.42     0.000
   2917.54     0.000
   2917.66     0.000
   2917.78     0.000
   2917.90     0.000
   2918.02     0.000
   2918.08     0.000
   2918.20     0.000
   2918.32     0.000
   2918.44     0.000
   2918.56     0.000
   2918.62     0.000
   2918.74     0.000
   2918.86     0.000
   2918.98     0.000
   2919.10     0.000
   2919.22     0.000
   2919.28     0.000
   2919.40     0.000
   2919.52     0.000
   2919.64     0.000
   2919.76     0.000
   2919.82     0.000
   2919.94     0.000
   2920.06     0.000
   2920.18     0.000
   2920.30     0.000
   2920.42     0.000
   2920.48     0.000
   2920.60     0.000
   2920.72     0.000
   2920.84     0.000
   2920.96     0.000
   2921.08     0.000
   2921.14     0.000
   2921.26     0.000
   2921.38     0.000
   2921.50     0.000
   2921.62     0.000
   2921.68     0.001
   2921.80     0.001
   2921.92     0.001
   2922.04     0.001
   2922.16     0.001
   2922.28     0.001
   2922.34     0.001
   2922.46     0.001
   2922.58     0.001
   2922.70     0.001
   2922.82     0.001
   2922.88     0.001
   2923.00     0.001
   2923.12     0.001
   2923.24     0.001
   2923.36     0.001
   2923.48     0.001
   2923.54     0.001
   2923.66     0.001
   2923.78     0.001
   2923.90     0.001
   2924.02     0.001
   2924.08     0.001
   2924.20     0.001
   2924.32     0.001
   2924.44     0.001
   2924.56     0.001
   2924.68     0.001
   2924.74     0.001
   2924.86     0.001
   2924.98     0.001
   2925.10     0.001
   2925.22     0.001
   2925.28     0.001
   2925.40     0.001
   2925.52     0.001
   2925.64     0.001
   2925.76     0.001
   2925.88     0.001
   2925.94     0.001
   2926.06     0.001
   2926.18     0.001
   2926.30     0.001
   2926.42     0.001
   2926.48     0.001
   2926.60     0.001
   2926.72     0.001
   2926.84     0.000
   2926.96     0.000
   2927.08     0.000
   2927.14     0.000
   2927.26     0.000
   2927.38     0.000
   2927.50     0.000
   2927.62     0.000
   2927.74     0.000
   2927.80     0.000
   2927.92     0.000
   2928.04     0.001
   2928.16     0.000
   2928.28     0.000
   2928.34     0.001
   2928.46     0.000
   2928.58     0.000
   2928.70     0.000
   2928.82     0.000
   2928.94     0.000
   2929.00     0.000
   2929.12     0.000
   2929.24     0.000
   2929.36     0.000
   2929.48     0.000
   2929.54     0.000
   2929.66     0.000
   2929.78     0.000
   2929.90     0.000
   2930.02     0.000
   2930.14     0.000
   2930.20     0.000
   2930.32     0.000
   2930.44     0.000
   2930.56     0.000
   2930.68     0.000
   2930.74     0.000
   2930.86     0.000
   2930.98     0.000
   2931.10     0.000
   2931.22     0.000
   2931.34     0.000
   2931.40     0.000
   2931.52     0.000
   2931.64     0.001
   2931.76     0.001
   2931.88     0.001
   2932.00     0.001
   2932.06     0.001
   2932.18     0.001
   2932.30     0.001
   2932.42     0.001
   2932.54     0.001
   2932.60     0.001
   2932.72     0.001
   2932.84     0.001
   2932.96     0.001
   2933.08     0.001
   2933.20     0.001
   2933.26     0.001
   2933.38     0.001
   2933.50     0.001
   2933.62     0.001
   2933.74     0.001
   2933.80     0.001
   2933.92     0.001
   2934.04     0.001
   2934.16     0.001
   2934.28     0.001
   2934.40     0.001
   2934.46     0.001
   2934.58     0.001
   2934.70     0.001
   2934.82     0.001
   2934.94     0.001
   2935.06     0.001
   2935.12     0.001
   2935.24     0.001
   2935.36     0.001
   2935.48     0.001
   2935.60     0.001
   2935.66     0.001
   2935.78     0.001
   2935.90     0.001
   2936.02     0.001
   2936.14     0.001
   2936.20     0.001
   2936.32     0.001
   2936.44     0.001
   2936.56     0.001
   2936.68     0.001
   2936.80     0.001
   2936.86     0.001
   2936.98     0.001
   2937.10     0.001
   2937.22     0.001
   2937.34     0.001
   2937.46     0.001
   2937.52     0.001
   2937.64     0.001
   2937.76     0.001
   2937.88     0.001
   2938.00     0.001
   2938.06     0.001
   2938.18     0.001
   2938.30     0.001
   2938.42     0.001
   2938.54     0.001
   2938.66     0.001
   2938.72     0.001
   2938.84     0.001
   2938.96     0.001
   2939.08     0.001
   2939.20     0.001
   2939.26     0.001
   2939.38     0.001
   2939.50     0.001
   2939.62     0.001
   2939.74     0.001
   2939.86     0.001
   2939.92     0.001
   2940.04     0.001
   2940.16     0.001
   2940.28     0.001
   2940.40     0.001
   2940.52     0.001
   2940.58     0.001
   2940.70     0.001
   2940.82     0.001
   2940.94     0.001
   2941.06     0.001
   2941.12     0.001
   2941.24     0.001
   2941.36     0.001
   2941.48     0.001
   2941.60     0.000
   2941.66     0.000
   2941.78     0.000
   2941.90     0.000
   2942.02     0.000
   2942.14     0.000
   2942.26     0.000
   2942.32     0.000
   2942.44     0.000
   2942.56     0.000
   2942.68     0.000
   2942.80     0.000
   2942.92     0.000
   2942.98     0.000
   2943.10     0.000
   2943.22     0.000
   2943.34     0.000
   2943.46     0.000
   2943.52     0.000
   2943.64     0.000
   2943.76     0.000
   2943.88     0.000
   2944.00     0.000
   2944.12     0.000
   2944.18     0.000
   2944.30     0.000
   2944.42     0.000
   2944.54     0.000
   2944.66     0.000
   2944.72     0.000
   2944.84     0.000
   2944.96     0.000
   2945.08     0.000
   2945.20     0.000
   2945.32     0.000
   2945.38     0.000
   2945.50     0.000
   2945.62     0.000
   2945.74     0.000
   2945.86     0.000
   2945.92     0.000
   2946.04     0.000
   2946.16     0.000
   2946.28     0.000
   2946.40     0.000
   2946.52     0.000
   2946.58     0.000
   2946.70     0.000
   2946.82     0.000
   2946.94     0.000
   2947.06     0.000
   2947.12     0.000
   2947.24     0.000
   2947.36     0.000
   2947.48     0.000
   2947.60     0.000
   2947.72     0.000
   2947.78     0.000
   2947.90     0.000
   2948.02     0.000
   2948.14     0.000
   2948.26     0.000
   2948.38     0.000
   2948.44     0.000
   2948.56     0.000
   2948.68     0.000
   2948.80     0.000
   2948.92     0.000
   2948.98     0.000
   2949.10     0.000
   2949.22     0.000
   2949.34     0.000
   2949.46     0.000
   2949.58     0.000
   2949.64     0.000
   2949.76     0.001
   2949.88     0.001
   2950.00     0.001
   2950.12     0.001
   2950.18     0.001
   2950.30     0.001
   2950.42     0.001
   2950.54     0.001
   2950.66     0.001
   2950.78     0.001
   2950.84     0.001
   2950.96     0.001
   2951.08     0.001
   2951.20     0.001
   2951.32     0.001
   2951.44     0.001
   2951.50     0.001
   2951.62     0.001
   2951.74     0.001
   2951.86     0.001
   2951.98     0.001
   2952.04     0.001
   2952.16     0.001
   2952.28     0.001
   2952.40     0.001
   2952.52     0.001
   2952.64     0.001
   2952.70     0.001
   2952.82     0.001
   2952.94     0.001
   2953.06     0.001
   2953.18     0.001
   2953.24     0.001
   2953.36     0.001
   2953.48     0.001
   2953.60     0.001
   2953.72     0.001
   2953.84     0.001
   2953.90     0.001
   2954.02     0.001
   2954.14     0.001
   2954.26     0.001
   2954.38     0.001
   2954.44     0.001
   2954.56     0.001
   2954.68     0.001
   2954.80     0.001
   2954.92     0.001
   2955.04     0.001
   2955.10     0.001
   2955.22     0.001
   2955.34     0.001
   2955.46     0.001
   2955.58     0.001
   2955.70     0.001
   2955.76     0.001
   2955.88     0.001
   2956.00     0.001
   2956.12     0.001
   2956.24     0.001
   2956.30     0.001
   2956.42     0.001
   2956.54     0.001
   2956.66     0.001
   2956.78     0.001
   2956.84     0.001
   2956.96     0.001
   2957.08     0.001
   2957.20     0.001
   2957.32     0.001
   2957.44     0.001
   2957.50     0.001
   2957.62     0.001
   2957.74     0.001
   2957.86     0.001
   2957.98     0.000
   2958.04     0.000
   2958.16     0.000
   2958.28     0.001
   2958.40     0.000
   2958.52     0.000
   2958.64     0.000
   2958.70     0.000
   2958.82     0.000
   2958.94     0.000
   2959.06     0.000
   2959.18     0.001
   2959.24     0.001
   2959.36     0.000
   2959.48     0.000
   2959.60     0.000
   2959.72     0.000
   2959.84     0.000
   2959.90     0.000
   2960.02     0.000
   2960.14     0.000
   2960.26     0.000
   2960.38     0.000
   2960.50     0.000
   2960.56     0.000
   2960.68     0.000
   2960.80     0.000
   2960.92     0.000
   2961.04     0.000
   2961.16     0.000
   2961.22     0.000
   2961.34     0.000
   2961.46     0.000
   2961.58     0.000
   2961.70     0.000
   2961.76     0.000
   2961.88     0.000
   2962.00     0.000
   2962.12     0.000
   2962.24     0.000
   2962.30     0.000
   2962.42     0.000
   2962.54     0.000
   2962.66     0.001
   2962.78     0.001
   2962.90     0.001
   2962.96     0.001
   2963.08     0.001
   2963.20     0.001
   2963.32     0.001
   2963.44     0.001
   2963.56     0.001
   2963.62     0.001
   2963.74     0.001
   2963.86     0.001
   2963.98     0.001
   2964.10     0.001
   2964.16     0.001
   2964.28     0.001
   2964.40     0.001
   2964.52     0.001
   2964.64     0.001
   2964.76     0.001
   2964.82     0.001
   2964.94     0.001
   2965.06     0.001
   2965.18     0.001
   2965.30     0.001
   2965.36     0.001
   2965.48     0.001
   2965.60     0.001
   2965.72     0.001
   2965.84     0.001
   2965.96     0.001
   2966.02     0.001
   2966.14     0.001
   2966.26     0.001
   2966.38     0.001
   2966.50     0.001
   2966.56     0.001
   2966.68     0.001
   2966.80     0.001
   2966.92     0.001
   2967.04     0.001
   2967.16     0.001
   2967.22     0.001
   2967.34     0.001
   2967.46     0.001
   2967.58     0.001
   2967.70     0.001
   2967.76     0.001
   2967.88     0.001
   2968.00     0.001
   2968.12     0.001
   2968.24     0.001
   2968.36     0.001
   2968.42     0.001
   2968.54     0.001
   2968.66     0.001
   2968.78     0.001
   2968.90     0.001
   2969.02     0.001
   2969.08     0.001
   2969.20     0.001
   2969.32     0.001
   2969.44     0.001
   2969.56     0.001
   2969.62     0.001
   2969.74     0.001
   2969.86     0.001
   2969.98     0.001
   2970.10     0.001
   2970.22     0.001
   2970.28     0.001
   2970.40     0.001
   2970.52     0.001
   2970.64     0.001
   2970.76     0.001
   2970.82     0.001
   2970.94     0.001
   2971.06     0.001
   2971.18     0.001
   2971.30     0.001
   2971.42     0.001
   2971.48     0.001
   2971.60     0.001
   2971.72     0.001
   2971.84     0.001
   2971.96     0.001
   2972.08     0.001
   2972.14     0.001
   2972.26     0.001
   2972.38     0.001
   2972.50     0.001
   2972.62     0.001
   2972.68     0.001
   2972.80     0.000
   2972.92     0.000
   2973.04     0.000
   2973.16     0.000
   2973.28     0.000
   2973.34     0.000
   2973.46     0.000
   2973.58     0.000
   2973.70     0.000
   2973.82     0.000
   2973.88     0.000
   2974.00     0.000
   2974.12     0.000
   2974.24     0.000
   2974.36     0.000
   2974.42     0.000
   2974.54     0.000
   2974.66     0.000
   2974.78     0.000
   2974.90     0.000
   2975.02     0.000
   2975.08     0.000
   2975.20     0.000
   2975.32     0.000
   2975.44     0.000
   2975.56     0.000
   2975.68     0.000
   2975.74     0.000
   2975.86     0.000
   2975.98     0.000
   2976.10     0.000
   2976.22     0.000
   2976.28     0.000
   2976.40     0.000
   2976.52     0.000
   2976.64     0.000
   2976.76     0.000
   2976.88     0.000
   2976.94     0.000
   2977.06     0.000
   2977.18     0.000
   2977.30     0.000
   2977.42     0.000
   2977.54     0.000
   2977.60     0.000
   2977.72     0.000
   2977.84     0.000
   2977.96     0.000
   2978.08     0.000
   2978.14     0.000
   2978.26     0.000
   2978.38     0.000
   2978.50     0.000
   2978.62     0.000
   2978.68     0.000
   2978.80     0.000
   2978.92     0.000
   2979.04     0.000
   2979.16     0.000
   2979.28     0.000
   2979.34     0.000
   2979.46     0.000
   2979.58     0.000
   2979.70     0.000
   2979.82     0.000
   2979.94     0.000
   2980.00     0.000
   2980.12     0.000
   2980.24     0.000
   2980.36     0.000
   2980.48     0.000
   2980.54     0.000
   2980.66     0.000
   2980.78     0.000
   2980.90     0.000
   2981.02     0.000
   2981.14     0.000
   2981.20     0.000
   2981.32     0.000
   2981.44     0.000
   2981.56     0.000
   2981.68     0.000
   2981.74     0.000
   2981.86     0.000
   2981.98     0.000
   2982.10     0.000
   2982.22     0.000
   2982.34     0.000
   2982.40     0.000
   2982.52     0.000
   2982.64     0.000
   2982.76     0.000
   2982.88     0.000
   2982.94     0.000
   2983.06     0.000
   2983.18     0.000
   2983.30     0.000
   2983.42     0.000
   2983.54     0.000
   2983.60     0.000
   2983.72     0.000
   2983.84     0.000
   2983.96     0.000
   2984.08     0.000
   2984.20     0.000
   2984.26     0.000
   2984.38     0.000
   2984.50     0.000
   2984.62     0.000
   2984.74     0.000
   2984.80     0.000
   2984.92     0.000
   2985.04     0.000
   2985.16     0.000
   2985.28     0.000
   2985.34     0.000
   2985.46     0.000
   2985.58     0.000
   2985.70     0.000
   2985.82     0.000
   2985.94     0.000
   2986.00     0.000
   2986.12     0.000
   2986.24     0.000
   2986.36     0.000
   2986.48     0.000
   2986.60     0.000
   2986.66     0.000
   2986.78     0.000
   2986.90     0.000
   2987.02     0.000
   2987.14     0.000
   2987.20     0.000
   2987.32     0.000
   2987.44     0.000
   2987.56     0.000
   2987.68     0.000
   2987.80     0.000
   2987.86     0.000
   2987.98     0.000
   2988.10     0.000
   2988.22     0.000
   2988.34     0.000
   2988.46     0.000
   2988.52     0.000
   2988.64     0.000
   2988.76     0.000
   2988.88     0.000
   2989.00     0.001
   2989.06     0.001
   2989.18     0.001
   2989.30     0.001
   2989.42     0.000
   2989.54     0.001
   2989.66     0.001
   2989.72     0.001
   2989.84     0.001
   2989.96     0.001
   2990.08     0.001
   2990.20     0.001
   2990.26     0.001
   2990.38     0.001
   2990.50     0.001
   2990.62     0.000
   2990.74     0.000
   2990.80     0.001
   2990.92     0.001
   2991.04     0.001
   2991.16     0.001
   2991.28     0.001
   2991.40     0.001
   2991.46     0.001
   2991.58     0.001
   2991.70     0.001
   2991.82     0.001
   2991.94     0.001
   2992.06     0.001
   2992.12     0.001
   2992.24     0.001
   2992.36     0.001
   2992.48     0.001
   2992.60     0.001
   2992.66     0.001
   2992.78     0.001
   2992.90     0.001
   2993.02     0.001
   2993.14     0.001
   2993.26     0.001
   2993.32     0.001
   2993.44     0.001
   2993.56     0.001
   2993.68     0.001
   2993.80     0.001
   2993.86     0.001
   2993.98     0.001
   2994.10     0.001
   2994.22     0.001
   2994.34     0.001
   2994.46     0.001
   2994.52     0.001
   2994.64     0.001
   2994.76     0.001
   2994.88     0.001
   2995.00     0.001
   2995.06     0.001
   2995.18     0.001
   2995.30     0.001
   2995.42     0.001
   2995.54     0.001
   2995.66     0.001
   2995.72     0.001
   2995.84     0.001
   2995.96     0.001
   2996.08     0.001
   2996.20     0.001
   2996.32     0.001
   2996.38     0.001
   2996.50     0.001
   2996.62     0.001
   2996.74     0.001
   2996.86     0.001
   2996.92     0.001
   2997.04     0.001
   2997.16     0.001
   2997.28     0.001
   2997.40     0.001
   2997.52     0.001
   2997.58     0.001
   2997.70     0.001
   2997.82     0.001
   2997.94     0.001
   2998.06     0.001
   2998.18     0.001
   2998.24     0.001
   2998.36     0.001
   2998.48     0.001
   2998.60     0.001
   2998.72     0.001
   2998.78     0.001
   2998.90     0.000
   2999.02     0.000
   2999.14     0.000
   2999.26     0.000
   2999.32     0.000
   2999.44     0.000
   2999.56     0.000
   2999.68     0.000
   2999.80     0.000
   2999.92     0.000
   2999.98     0.000
   3000.10     0.000
   3000.22     0.000
   3000.34     0.000
   3000.46     0.000
   3000.58     0.000
   3000.64     0.000
   3000.76     0.000
   3000.88     0.000
   3001.00     0.000
   3001.12     0.000
   3001.18     0.000
   3001.30     0.000
   3001.42     0.001
   3001.54     0.000
   3001.66     0.000
   3001.78     0.001
   3001.84     0.001
   3001.96     0.000
   3002.08     0.000
   3002.20     0.000
   3002.32     0.000
   3002.38     0.000
   3002.50     0.000
   3002.62     0.001
   3002.74     0.001
   3002.86     0.000
   3002.98     0.000
   3003.04     0.000
   3003.16     0.001
   3003.28     0.000
   3003.40     0.000
   3003.52     0.000
   3003.58     0.000
   3003.70     0.000
   3003.82     0.000
   3003.94     0.000
   3004.06     0.000
   3004.18     0.000
   3004.24     0.000
   3004.36     0.000
   3004.48     0.000
   3004.60     0.000
   3004.72     0.000
   3004.84     0.000
   3004.90     0.000
   3005.02     0.000
   3005.14     0.000
   3005.26     0.000
   3005.38     0.000
   3005.44     0.000
   3005.56     0.000
   3005.68     0.000
   3005.80     0.000
   3005.92     0.000
   3006.04     0.000
   3006.10     0.000
   3006.22     0.000
   3006.34     0.000
   3006.46     0.000
   3006.58     0.000
   3006.64     0.000
   3006.76     0.000
   3006.88     0.000
   3007.00     0.000
   3007.12     0.000
   3007.18     0.000
   3007.30     0.001
   3007.42     0.001
   3007.54     0.001
   3007.66     0.001
   3007.78     0.001
   3007.84     0.001
   3007.96     0.001
   3008.08     0.001
   3008.20     0.001
   3008.32     0.001
   3008.44     0.001
   3008.50     0.001
   3008.62     0.001
   3008.74     0.001
   3008.86     0.001
   3008.98     0.001
   3009.10     0.001
   3009.16     0.001
   3009.28     0.001
   3009.40     0.001
   3009.52     0.001
   3009.64     0.001
   3009.70     0.001
   3009.82     0.001
   3009.94     0.001
   3010.06     0.001
   3010.18     0.001
   3010.24     0.001
   3010.36     0.001
   3010.48     0.001
   3010.60     0.001
   3010.72     0.001
   3010.84     0.001
   3010.90     0.001
   3011.02     0.001
   3011.14     0.001
   3011.26     0.001
   3011.38     0.001
   3011.44     0.001
   3011.56     0.001
   3011.68     0.001
   3011.80     0.001
   3011.92     0.001
   3012.04     0.001
   3012.10     0.001
   3012.22     0.001
   3012.34     0.001
   3012.46     0.001
   3012.58     0.000
   3012.70     0.001
   3012.76     0.001
   3012.88     0.001
   3013.00     0.001
   3013.12     0.000
   3013.24     0.001
   3013.30     0.001
   3013.42     0.001
   3013.54     0.001
   3013.66     0.000
   3013.78     0.000
   3013.90     0.000
   3013.96     0.000
   3014.08     0.000
   3014.20     0.000
   3014.32     0.000
   3014.44     0.000
   3014.56     0.000
   3014.62     0.000
   3014.74     0.000
   3014.86     0.000
   3014.98     0.000
   3015.10     0.000
   3015.16     0.000
   3015.28     0.000
   3015.40     0.000
   3015.52     0.000
   3015.64     0.000
   3015.70     0.000
   3015.82     0.000
   3015.94     0.000
   3016.06     0.000
   3016.18     0.000
   3016.30     0.000
   3016.36     0.000
   3016.48     0.000
   3016.60     0.000
   3016.72     0.000
   3016.84     0.000
   3016.96     0.000
   3017.02     0.000
   3017.14     0.000
   3017.26     0.000
   3017.38     0.000
   3017.50     0.000
   3017.56     0.000
   3017.68     0.000
   3017.80     0.000
   3017.92     0.000
   3018.04     0.000
   3018.16     0.000
   3018.22     0.000
   3018.34     0.000
   3018.46     0.000
   3018.58     0.000
   3018.70     0.000
   3018.82     0.000
   3018.88     0.000
   3019.00     0.000
   3019.12     0.000
   3019.24     0.000
   3019.36     0.000
   3019.42     0.000
   3019.54     0.000
   3019.66     0.000
   3019.78     0.000
   3019.90     0.000
   3019.96     0.000
   3020.08     0.000
   3020.20     0.000
   3020.32     0.000
   3020.44     0.000
   3020.56     0.000
   3020.62     0.000
   3020.74     0.000
   3020.86     0.000
   3020.98     0.000
   3021.10     0.000
   3021.22     0.000
   3021.28     0.000
   3021.40     0.000
   3021.52     0.000
   3021.64     0.000
   3021.76     0.000
   3021.82     0.000
   3021.94     0.000
   3022.06     0.000
   3022.18     0.000
   3022.30     0.000
   3022.42     0.000
   3022.48     0.000
   3022.60     0.000
   3022.72     0.000
   3022.84     0.000
   3022.96     0.000
   3023.08     0.000
   3023.14     0.000
   3023.26     0.000
   3023.38     0.000
   3023.50     0.000
   3023.62     0.000
   3023.68     0.000
   3023.80     0.000
   3023.92     0.000
   3024.04     0.001
   3024.16     0.000
   3024.22     0.000
   3024.34     0.001
   3024.46     0.001
   3024.58     0.001
   3024.70     0.000
   3024.82     0.001
   3024.88     0.001
   3025.00     0.001
   3025.12     0.001
   3025.24     0.001
   3025.36     0.001
   3025.42     0.001
   3025.54     0.001
   3025.66     0.001
   3025.78     0.001
   3025.90     0.001
   3026.02     0.001
   3026.08     0.001
   3026.20     0.001
   3026.32     0.001
   3026.44     0.001
   3026.56     0.001
   3026.68     0.001
   3026.74     0.001
   3026.86     0.001
   3026.98     0.001
   3027.10     0.001
   3027.22     0.001
   3027.28     0.001
   3027.40     0.001
   3027.52     0.001
   3027.64     0.001
   3027.76     0.001
   3027.82     0.001
   3027.94     0.001
   3028.06     0.001
   3028.18     0.001
   3028.30     0.001
   3028.42     0.001
   3028.48     0.001
   3028.60     0.001
   3028.72     0.001
   3028.84     0.001
   3028.96     0.001
   3029.08     0.001
   3029.14     0.001
   3029.26     0.001
   3029.38     0.001
   3029.50     0.001
   3029.62     0.001
   3029.68     0.001
   3029.80     0.001
   3029.92     0.001
   3030.04     0.001
   3030.16     0.001
   3030.28     0.001
   3030.34     0.001
   3030.46     0.001
   3030.58     0.001
   3030.70     0.001
   3030.82     0.001
   3030.88     0.001
   3031.00     0.001
   3031.12     0.001
   3031.24     0.001
   3031.36     0.001
   3031.48     0.001
   3031.54     0.001
   3031.66     0.000
   3031.78     0.000
   3031.90     0.000
   3032.02     0.000
   3032.08     0.000
   3032.20     0.000
   3032.32     0.000
   3032.44     0.000
   3032.56     0.000
   3032.68     0.000
   3032.74     0.000
   3032.86     0.000
   3032.98     0.000
   3033.10     0.000
   3033.22     0.000
   3033.28     0.000
   3033.40     0.000
   3033.52     0.000
   3033.64     0.000
   3033.76     0.000
   3033.88     0.000
   3033.94     0.000
   3034.06     0.000
   3034.18     0.000
   3034.30     0.000
   3034.42     0.000
   3034.54     0.000
   3034.60     0.000
   3034.72     0.000
   3034.84     0.000
   3034.96     0.000
   3035.08     0.000
   3035.14     0.000
   3035.26     0.000
   3035.38     0.000
   3035.50     0.000
   3035.62     0.000
   3035.68     0.000
   3035.80     0.000
   3035.92     0.000
   3036.04     0.000
   3036.16     0.000
   3036.28     0.000
   3036.34     0.000
   3036.46     0.000
   3036.58     0.000
   3036.70     0.000
   3036.82     0.000
   3036.94     0.000
   3037.00     0.000
   3037.12     0.000
   3037.24     0.000
   3037.36     0.000
   3037.48     0.000
   3037.54     0.000
   3037.66     0.000
   3037.78     0.000
   3037.90     0.000
   3038.02     0.000
   3038.14     0.000
   3038.20     0.000
   3038.32     0.000
   3038.44     0.000
   3038.56     0.000
   3038.68     0.000
   3038.74     0.000
   3038.86     0.000
   3038.98     0.000
   3039.10     0.000
   3039.22     0.000
   3039.34     0.000
   3039.40     0.000
   3039.52     0.000
   3039.64     0.001
   3039.76     0.001
   3039.88     0.001
   3040.00     0.001
   3040.06     0.001
   3040.18     0.001
   3040.30     0.001
   3040.42     0.001
   3040.54     0.001
   3040.60     0.001
   3040.72     0.001
   3040.84     0.001
   3040.96     0.001
   3041.08     0.001
   3041.20     0.001
   3041.26     0.001
   3041.38     0.001
   3041.50     0.001
   3041.62     0.001
   3041.74     0.001
   3041.80     0.001
   3041.92     0.001
   3042.04     0.001
   3042.16     0.001
   3042.28     0.001
   3042.40     0.001
   3042.46     0.001
   3042.58     0.001
   3042.70     0.001
   3042.82     0.001
   3042.94     0.001
   3043.00     0.001
   3043.12     0.001
   3043.24     0.001
   3043.36     0.001
   3043.48     0.001
   3043.60     0.001
   3043.66     0.001
   3043.78     0.001
   3043.90     0.001
   3044.02     0.001
   3044.14     0.001
   3044.20     0.001
   3044.32     0.001
   3044.44     0.001
   3044.56     0.001
   3044.68     0.001
   3044.80     0.001
   3044.86     0.001
   3044.98     0.001
   3045.10     0.001
   3045.22     0.001
   3045.34     0.001
   3045.46     0.001
   3045.52     0.001
   3045.64     0.001
   3045.76     0.001
   3045.88     0.001
   3046.00     0.001
   3046.06     0.001
   3046.18     0.001
   3046.30     0.001
   3046.42     0.000
   3046.54     0.000
   3046.66     0.000
   3046.72     0.000
   3046.84     0.000
   3046.96     0.000
   3047.08     0.000
   3047.20     0.000
   3047.26     0.000
   3047.38     0.000
   3047.50     0.000
   3047.62     0.000
   3047.74     0.000
   3047.86     0.000
   3047.92     0.000
   3048.04     0.000
   3048.16     0.000
   3048.28     0.000
   3048.40     0.000
   3048.46     0.000
   3048.58     0.000
   3048.70     0.000
   3048.82     0.000
   3048.94     0.000
   3049.06     0.000
   3049.12     0.000
   3049.24     0.000
   3049.36     0.000
   3049.48     0.000
   3049.60     0.000
   3049.72     0.000
   3049.78     0.000
   3049.90     0.000
   3050.02     0.000
   3050.14     0.000
   3050.26     0.000
   3050.32     0.000
   3050.44     0.000
   3050.56     0.000
   3050.68     0.000
   3050.80     0.000
   3050.92     0.000
   3050.98     0.000
   3051.10     0.000
   3051.22     0.000
   3051.34     0.001
   3051.46     0.000
   3051.58     0.000
   3051.64     0.001
   3051.76     0.001
   3051.88     0.001
   3052.00     0.001
   3052.12     0.001
   3052.18     0.001
   3052.30     0.001
   3052.42     0.001
   3052.54     0.001
   3052.66     0.001
   3052.72     0.001
   3052.84     0.001
   3052.96     0.001
   3053.08     0.001
   3053.20     0.001
   3053.32     0.001
   3053.38     0.001
   3053.50     0.001
   3053.62     0.001
   3053.74     0.001
   3053.86     0.001
   3053.98     0.001
   3054.04     0.001
   3054.16     0.001
   3054.28     0.001
   3054.40     0.001
   3054.52     0.001
   3054.58     0.001
   3054.70     0.001
   3054.82     0.001
   3054.94     0.001
   3055.06     0.001
   3055.18     0.001
   3055.24     0.001
   3055.36     0.001
   3055.48     0.001
   3055.60     0.001
   3055.72     0.001
   3055.78     0.001
   3055.90     0.001
   3056.02     0.001
   3056.14     0.001
   3056.26     0.001
   3056.32     0.001
   3056.44     0.001
   3056.56     0.001
   3056.68     0.001
   3056.80     0.001
   3056.92     0.001
   3056.98     0.001
   3057.10     0.001
   3057.22     0.001
   3057.34     0.001
   3057.46     0.001
   3057.58     0.001
   3057.64     0.001
   3057.76     0.001
   3057.88     0.001
   3058.00     0.001
   3058.12     0.001
   3058.18     0.001
   3058.30     0.001
   3058.42     0.001
   3058.54     0.001
   3058.66     0.001
   3058.78     0.001
   3058.84     0.001
   3058.96     0.001
   3059.08     0.001
   3059.20     0.001
   3059.32     0.001
   3059.44     0.001
   3059.50     0.001
   3059.62     0.001
   3059.74     0.001
   3059.86     0.001
   3059.98     0.001
   3060.04     0.001
   3060.16     0.001
   3060.28     0.001
   3060.40     0.001
   3060.52     0.001
   3060.58     0.001
   3060.70     0.001
   3060.82     0.001
   3060.94     0.001
   3061.06     0.001
   3061.18     0.001
   3061.24     0.001
   3061.36     0.001
   3061.48     0.001
   3061.60     0.001
   3061.72     0.001
   3061.84     0.001
   3061.90     0.001
   3062.02     0.001
   3062.14     0.001
   3062.26     0.001
   3062.38     0.001
   3062.44     0.001
   3062.56     0.001
   3062.68     0.001
   3062.80     0.001
   3062.92     0.001
   3063.04     0.001
   3063.10     0.001
   3063.22     0.001
   3063.34     0.001
   3063.46     0.001
   3063.58     0.001
   3063.64     0.001
   3063.76     0.001
   3063.88     0.001
   3064.00     0.001
   3064.12     0.001
   3064.24     0.001
   3064.30     0.001
   3064.42     0.001
   3064.54     0.001
   3064.66     0.001
   3064.78     0.001
   3064.84     0.001
   3064.96     0.001
   3065.08     0.000
   3065.20     0.000
   3065.32     0.000
   3065.44     0.000
   3065.50     0.000
   3065.62     0.000
   3065.74     0.000
   3065.86     0.000
   3065.98     0.000
   3066.10     0.000
   3066.16     0.000
   3066.28     0.000
   3066.40     0.000
   3066.52     0.000
   3066.64     0.000
   3066.70     0.000
   3066.82     0.000
   3066.94     0.000
   3067.06     0.000
   3067.18     0.000
   3067.24     0.000
   3067.36     0.000
   3067.48     0.000
   3067.60     0.000
   3067.72     0.000
   3067.84     0.000
   3067.90     0.000
   3068.02     0.000
   3068.14     0.000
   3068.26     0.000
   3068.38     0.000
   3068.50     0.000
   3068.56     0.000
   3068.68     0.000
   3068.80     0.000
   3068.92     0.000
   3069.04     0.000
   3069.10     0.000
   3069.22     0.000
   3069.34     0.000
   3069.46     0.000
   3069.58     0.000
   3069.70     0.000
   3069.76     0.000
   3069.88     0.000
   3070.00     0.000
   3070.12     0.000
   3070.24     0.000
   3070.30     0.000
   3070.42     0.000
   3070.54     0.000
   3070.66     0.000
   3070.78     0.000
   3070.90     0.000
   3070.96     0.000
   3071.08     0.000
   3071.20     0.000
   3071.32     0.000
   3071.44     0.000
   3071.50     0.000
   3071.62     0.000
   3071.74     0.000
   3071.86     0.000
   3071.98     0.000
   3072.10     0.000
   3072.16     0.000
   3072.28     0.000
   3072.40     0.000
   3072.52     0.000
   3072.64     0.000
   3072.76     0.000
   3072.82     0.000
   3072.94     0.000
   3073.06     0.000
   3073.18     0.000
   3073.30     0.000
   3073.36     0.001
   3073.48     0.000
   3073.60     0.000
   3073.72     0.000
   3073.84     0.000
   3073.96     0.000
   3074.02     0.000
   3074.14     0.000
   3074.26     0.000
   3074.38     0.000
   3074.50     0.000
   3074.56     0.001
   3074.68     0.000
   3074.80     0.000
   3074.92     0.000
   3075.04     0.000
   3075.16     0.000
   3075.22     0.000
   3075.34     0.000
   3075.46     0.001
   3075.58     0.001
   3075.70     0.000
   3075.76     0.001
   3075.88     0.001
   3076.00     0.001
   3076.12     0.001
   3076.24     0.001
   3076.36     0.001
   3076.42     0.001
   3076.54     0.001
   3076.66     0.001
   3076.78     0.001
   3076.90     0.001
   3076.96     0.001
   3077.08     0.001
   3077.20     0.001
   3077.32     0.001
   3077.44     0.001
   3077.56     0.001
   3077.62     0.001
   3077.74     0.001
   3077.86     0.001
   3077.98     0.001
   3078.10     0.001
   3078.22     0.001
   3078.28     0.001
   3078.40     0.001
   3078.52     0.001
   3078.64     0.001
   3078.76     0.001
   3078.82     0.001
   3078.94     0.001
   3079.06     0.001
   3079.18     0.001
   3079.30     0.001
   3079.42     0.001
   3079.48     0.001
   3079.60     0.001
   3079.72     0.001
   3079.84     0.001
   3079.96     0.001
   3080.02     0.001
   3080.14     0.001
   3080.26     0.001
   3080.38     0.001
   3080.50     0.001
   3080.62     0.001
   3080.68     0.001
   3080.80     0.001
   3080.92     0.001
   3081.04     0.001
   3081.16     0.001
   3081.22     0.001
   3081.34     0.001
   3081.46     0.001
   3081.58     0.001
   3081.70     0.001
   3081.82     0.001
   3081.88     0.001
   3082.00     0.001
   3082.12     0.001
   3082.24     0.001
   3082.36     0.001
   3082.42     0.001
   3082.54     0.001
   3082.66     0.001
   3082.78     0.001
   3082.90     0.001
   3083.02     0.001
   3083.08     0.001
   3083.20     0.001
   3083.32     0.001
   3083.44     0.001
   3083.56     0.001
   3083.68     0.001
   3083.74     0.001
   3083.86     0.001
   3083.98     0.001
   3084.10     0.001
   3084.22     0.001
   3084.28     0.001
   3084.40     0.001
   3084.52     0.001
   3084.64     0.001
   3084.76     0.001
   3084.88     0.001
   3084.94     0.001
   3085.06     0.001
   3085.18     0.001
   3085.30     0.001
   3085.42     0.001
   3085.48     0.001
   3085.60     0.001
   3085.72     0.001
   3085.84     0.001
   3085.96     0.001
   3086.08     0.001
   3086.14     0.001
   3086.26     0.001
   3086.38     0.001
   3086.50     0.001
   3086.62     0.001
   3086.68     0.001
   3086.80     0.001
   3086.92     0.001
   3087.04     0.001
   3087.16     0.001
   3087.28     0.001
   3087.34     0.001
   3087.46     0.001
   3087.58     0.001
   3087.70     0.001
   3087.82     0.001
   3087.88     0.001
   3088.00     0.001
   3088.12     0.001
   3088.24     0.001
   3088.36     0.001
   3088.48     0.001
   3088.54     0.001
   3088.66     0.001
   3088.78     0.001
   3088.90     0.001
   3089.02     0.001
   3089.08     0.001
   3089.20     0.001
   3089.32     0.001
   3089.44     0.001
   3089.56     0.001
   3089.68     0.001
   3089.74     0.001
   3089.86     0.001
   3089.98     0.001
   3090.10     0.001
   3090.22     0.001
   3090.34     0.001
   3090.40     0.001
   3090.52     0.001
   3090.64     0.001
   3090.76     0.001
   3090.88     0.001
   3090.94     0.001
   3091.06     0.001
   3091.18     0.001
   3091.30     0.001
   3091.42     0.001
   3091.54     0.001
   3091.60     0.001
   3091.72     0.001
   3091.84     0.001
   3091.96     0.001
   3092.08     0.001
   3092.20     0.001
   3092.26     0.001
   3092.38     0.001
   3092.50     0.001
   3092.62     0.001
   3092.74     0.001
   3092.80     0.001
   3092.92     0.001
   3093.04     0.001
   3093.16     0.001
   3093.28     0.001
   3093.34     0.001
   3093.46     0.001
   3093.58     0.001
   3093.70     0.001
   3093.82     0.000
   3093.94     0.000
   3094.00     0.000
   3094.12     0.000
   3094.24     0.000
   3094.36     0.000
   3094.48     0.000
   3094.60     0.000
   3094.66     0.000
   3094.78     0.000
   3094.90     0.000
   3095.02     0.000
   3095.14     0.000
   3095.20     0.000
   3095.32     0.000
   3095.44     0.000
   3095.56     0.000
   3095.68     0.000
   3095.80     0.001
   3095.86     0.001
   3095.98     0.000
   3096.10     0.000
   3096.22     0.000
   3096.34     0.000
   3096.40     0.000
   3096.52     0.000
   3096.64     0.000
   3096.76     0.001
   3096.88     0.000
   3097.00     0.001
   3097.06     0.001
   3097.18     0.001
   3097.30     0.001
   3097.42     0.001
   3097.54     0.001
   3097.60     0.001
   3097.72     0.001
   3097.84     0.000
   3097.96     0.000
   3098.08     0.000
   3098.20     0.001
   3098.26     0.001
   3098.38     0.001
   3098.50     0.001
   3098.62     0.001
   3098.74     0.001
   3098.80     0.001
   3098.92     0.001
   3099.04     0.001
   3099.16     0.001
   3099.28     0.001
   3099.40     0.001
   3099.46     0.001
   3099.58     0.001
   3099.70     0.001
   3099.82     0.001
   3099.94     0.001
   3100.06     0.001
   3100.12     0.001
   3100.24     0.001
   3100.36     0.001
   3100.48     0.001
   3100.60     0.001
   3100.66     0.000
   3100.78     0.001
   3100.90     0.000
   3101.02     0.000
   3101.14     0.000
   3101.20     0.000
   3101.32     0.000
   3101.44     0.000
   3101.56     0.000
   3101.68     0.000
   3101.80     0.000
   3101.86     0.000
   3101.98     0.000
   3102.10     0.000
   3102.22     0.000
   3102.34     0.000
   3102.46     0.000
   3102.52     0.000
   3102.64     0.000
   3102.76     0.000
   3102.88     0.000
   3103.00     0.001
   3103.12     0.000
   3103.18     0.001
   3103.30     0.001
   3103.42     0.001
   3103.54     0.001
   3103.66     0.001
   3103.72     0.001
   3103.84     0.001
   3103.96     0.001
   3104.08     0.001
   3104.20     0.001
   3104.26     0.001
   3104.38     0.001
   3104.50     0.001
   3104.62     0.001
   3104.74     0.001
   3104.86     0.001
   3104.92     0.001
   3105.04     0.001
   3105.16     0.001
   3105.28     0.001
   3105.40     0.001
   3105.46     0.001
   3105.58     0.001
   3105.70     0.001
   3105.82     0.001
   3105.94     0.001
   3106.06     0.001
   3106.12     0.001
   3106.24     0.001
   3106.36     0.001
   3106.48     0.001
   3106.60     0.001
   3106.72     0.001
   3106.78     0.001
   3106.90     0.001
   3107.02     0.001
   3107.14     0.001
   3107.26     0.001
   3107.38     0.001
   3107.44     0.001
   3107.56     0.001
   3107.68     0.001
   3107.80     0.001
   3107.92     0.001
   3107.98     0.001
   3108.10     0.001
   3108.22     0.001
   3108.34     0.001
   3108.46     0.001
   3108.52     0.001
   3108.64     0.001
   3108.76     0.001
   3108.88     0.001
   3109.00     0.001
   3109.12     0.001
   3109.18     0.001
   3109.30     0.001
   3109.42     0.001
   3109.54     0.001
   3109.66     0.001
   3109.72     0.001
   3109.84     0.001
   3109.96     0.001
   3110.08     0.001
   3110.20     0.001
   3110.32     0.001
   3110.38     0.001
   3110.50     0.001
   3110.62     0.001
   3110.74     0.001
   3110.86     0.001
   3110.98     0.001
   3111.04     0.001
   3111.16     0.001
   3111.28     0.001
   3111.40     0.001
   3111.52     0.001
   3111.58     0.001
   3111.70     0.001
   3111.82     0.001
   3111.94     0.001
   3112.06     0.001
   3112.18     0.001
   3112.24     0.001
   3112.36     0.001
   3112.48     0.001
   3112.60     0.001
   3112.72     0.001
   3112.78     0.001
   3112.90     0.001
   3113.02     0.001
   3113.14     0.001
   3113.26     0.001
   3113.38     0.001
   3113.44     0.001
   3113.56     0.001
   3113.68     0.001
   3113.80     0.001
   3113.92     0.001
   3113.98     0.001
   3114.10     0.001
   3114.22     0.001
   3114.34     0.001
   3114.46     0.001
   3114.58     0.001
   3114.64     0.001
   3114.76     0.001
   3114.88     0.001
   3115.00     0.001
   3115.12     0.001
   3115.18     0.001
   3115.30     0.001
   3115.42     0.001
   3115.54     0.001
   3115.66     0.001
   3115.78     0.001
   3115.84     0.001
   3115.96     0.001
   3116.08     0.001
   3116.20     0.001
   3116.32     0.001
   3116.44     0.001
   3116.50     0.001
   3116.62     0.001
   3116.74     0.001
   3116.86     0.001
   3116.98     0.001
   3117.04     0.001
   3117.16     0.001
   3117.28     0.001
   3117.40     0.001
   3117.52     0.001
   3117.64     0.001
   3117.70     0.001
   3117.82     0.001
   3117.94     0.001
   3118.06     0.001
   3118.18     0.001
   3118.24     0.001
   3118.36     0.001
   3118.48     0.001
   3118.60     0.001
   3118.72     0.001
   3118.84     0.001
   3118.90     0.001
   3119.02     0.001
   3119.14     0.001
   3119.26     0.001
   3119.38     0.001
   3119.50     0.001
   3119.56     0.001
   3119.68     0.001
   3119.80     0.001
   3119.92     0.001
   3120.04     0.001
   3120.10     0.001
   3120.22     0.001
   3120.34     0.001
   3120.46     0.001
   3120.58     0.001
   3120.64     0.001
   3120.76     0.001
   3120.88     0.001
   3121.00     0.001
   3121.12     0.001
   3121.24     0.001
   3121.30     0.001
   3121.42     0.001
   3121.54     0.001
   3121.66     0.001
   3121.78     0.001
   3121.84     0.001
   3121.96     0.001
   3122.08     0.001
   3122.20     0.001
   3122.32     0.001
   3122.44     0.001
   3122.50     0.001
   3122.62     0.001
   3122.74     0.001
   3122.86     0.001
   3122.98     0.001
   3123.10     0.001
   3123.16     0.001
   3123.28     0.001
   3123.40     0.001
   3123.52     0.001
   3123.64     0.001
   3123.70     0.001
   3123.82     0.001
   3123.94     0.001
   3124.06     0.001
   3124.18     0.001
   3124.30     0.001
   3124.36     0.001
   3124.48     0.001
   3124.60     0.001
   3124.72     0.001
   3124.84     0.001
   3124.96     0.001
   3125.02     0.001
   3125.14     0.001
   3125.26     0.000
   3125.38     0.000
   3125.50     0.000
   3125.56     0.000
   3125.68     0.000
   3125.80     0.000
   3125.92     0.000
   3126.04     0.000
   3126.10     0.000
   3126.22     0.000
   3126.34     0.000
   3126.46     0.000
   3126.58     0.000
   3126.70     0.000
   3126.76     0.000
   3126.88     0.000
   3127.00     0.000
   3127.12     0.000
   3127.24     0.000
   3127.36     0.000
   3127.42     0.000
   3127.54     0.000
   3127.66     0.000
   3127.78     0.000
   3127.90     0.000
   3127.96     0.000
   3128.08     0.000
   3128.20     0.000
   3128.32     0.001
   3128.44     0.000
   3128.56     0.001
   3128.62     0.001
   3128.74     0.001
   3128.86     0.001
   3128.98     0.001
   3129.10     0.001
   3129.16     0.001
   3129.28     0.001
   3129.40     0.001
   3129.52     0.001
   3129.64     0.001
   3129.76     0.001
   3129.82     0.001
   3129.94     0.001
   3130.06     0.001
   3130.18     0.001
   3130.30     0.001
   3130.36     0.001
   3130.48     0.001
   3130.60     0.001
   3130.72     0.001
   3130.84     0.001
   3130.96     0.001
   3131.02     0.001
   3131.14     0.001
   3131.26     0.001
   3131.38     0.001
   3131.50     0.001
   3131.56     0.001
   3131.68     0.001
   3131.80     0.001
   3131.92     0.001
   3132.04     0.001
   3132.16     0.001
   3132.22     0.001
   3132.34     0.001
   3132.46     0.001
   3132.58     0.001
   3132.70     0.001
   3132.82     0.001
   3132.88     0.001
   3133.00     0.001
   3133.12     0.001
   3133.24     0.001
   3133.36     0.001
   3133.42     0.001
   3133.54     0.001
   3133.66     0.001
   3133.78     0.001
   3133.90     0.001
   3134.02     0.001
   3134.08     0.001
   3134.20     0.001
   3134.32     0.001
   3134.44     0.001
   3134.56     0.001
   3134.62     0.001
   3134.74     0.001
   3134.86     0.001
   3134.98     0.001
   3135.10     0.001
   3135.22     0.001
   3135.28     0.001
   3135.40     0.001
   3135.52     0.001
   3135.64     0.001
   3135.76     0.001
   3135.82     0.001
   3135.94     0.001
   3136.06     0.001
   3136.18     0.001
   3136.30     0.001
   3136.42     0.001
   3136.48     0.001
   3136.60     0.001
   3136.72     0.001
   3136.84     0.001
   3136.96     0.001
   3137.08     0.001
   3137.14     0.001
   3137.26     0.001
   3137.38     0.001
   3137.50     0.001
   3137.62     0.001
   3137.68     0.001
   3137.80     0.001
   3137.92     0.000
   3138.04     0.001
   3138.16     0.001
   3138.28     0.001
   3138.34     0.000
   3138.46     0.000
   3138.58     0.000
   3138.70     0.000
   3138.82     0.000
   3138.88     0.000
   3139.00     0.000
   3139.12     0.000
   3139.24     0.000
   3139.36     0.000
   3139.48     0.000
   3139.54     0.000
   3139.66     0.000
   3139.78     0.000
   3139.90     0.000
   3140.02     0.000
   3140.14     0.000
   3140.20     0.000
   3140.32     0.000
   3140.44     0.000
   3140.56     0.000
   3140.68     0.000
   3140.74     0.000
   3140.86     0.000
   3140.98     0.000
   3141.10     0.000
   3141.22     0.000
   3141.34     0.000
   3141.40     0.000
   3141.52     0.000
   3141.64     0.000
   3141.76     0.000
   3141.88     0.000
   3141.94     0.000
   3142.06     0.000
   3142.18     0.000
   3142.30     0.000
   3142.42     0.000
   3142.48     0.000
   3142.60     0.000
   3142.72     0.000
   3142.84     0.000
   3142.96     0.000
   3143.08     0.000
   3143.14     0.000
   3143.26     0.000
   3143.38     0.000
   3143.50     0.000
   3143.62     0.000
   3143.74     0.000
   3143.80     0.000
   3143.92     0.000
   3144.04     0.000
   3144.16     0.000
   3144.28     0.000
   3144.34     0.001
   3144.46     0.000
   3144.58     0.000
   3144.70     0.000
   3144.82     0.001
   3144.94     0.000
   3145.00     0.000
   3145.12     0.000
   3145.24     0.000
   3145.36     0.000
   3145.48     0.000
   3145.60     0.000
   3145.66     0.000
   3145.78     0.000
   3145.90     0.000
   3146.02     0.000
   3146.14     0.000
   3146.20     0.000
   3146.32     0.000
   3146.44     0.000
   3146.56     0.000
   3146.68     0.000
   3146.74     0.000
   3146.86     0.000
   3146.98     0.000
   3147.10     0.000
   3147.22     0.000
   3147.34     0.001
   3147.40     0.001
   3147.52     0.001
   3147.64     0.001
   3147.76     0.001
   3147.88     0.001
   3148.00     0.001
   3148.06     0.001
   3148.18     0.001
   3148.30     0.001
   3148.42     0.001
   3148.54     0.001
   3148.60     0.001
   3148.72     0.001
   3148.84     0.001
   3148.96     0.001
   3149.08     0.001
   3149.20     0.001
   3149.26     0.001
   3149.38     0.001
   3149.50     0.001
   3149.62     0.001
   3149.74     0.001
   3149.86     0.001
   3149.92     0.001
   3150.04     0.001
   3150.16     0.001
   3150.28     0.001
   3150.40     0.001
   3150.46     0.001
   3150.58     0.001
   3150.70     0.001
   3150.82     0.001
   3150.94     0.001
   3151.00     0.001
   3151.12     0.001
   3151.24     0.001
   3151.36     0.001
   3151.48     0.001
   3151.60     0.001
   3151.66     0.001
   3151.78     0.001
   3151.90     0.001
   3152.02     0.001
   3152.14     0.001
   3152.26     0.001
   3152.32     0.001
   3152.44     0.001
   3152.56     0.001
   3152.68     0.001
   3152.80     0.001
   3152.86     0.001
   3152.98     0.001
   3153.10     0.001
   3153.22     0.001
   3153.34     0.001
   3153.40     0.001
   3153.52     0.001
   3153.64     0.001
   3153.76     0.001
   3153.88     0.001
   3154.00     0.001
   3154.06     0.001
   3154.18     0.001
   3154.30     0.001
   3154.42     0.001
   3154.54     0.001
   3154.66     0.001
   3154.72     0.001
   3154.84     0.001
   3154.96     0.001
   3155.08     0.001
   3155.20     0.001
   3155.26     0.001
   3155.38     0.001
   3155.50     0.001
   3155.62     0.001
   3155.74     0.001
   3155.86     0.001
   3155.92     0.001
   3156.04     0.001
   3156.16     0.001
   3156.28     0.001
   3156.40     0.001
   3156.52     0.001
   3156.58     0.001
   3156.70     0.001
   3156.82     0.001
   3156.94     0.001
   3157.06     0.001
   3157.12     0.001
   3157.24     0.001
   3157.36     0.001
   3157.48     0.001
   3157.60     0.000
   3157.72     0.000
   3157.78     0.000
   3157.90     0.000
   3158.02     0.000
   3158.14     0.000
   3158.26     0.000
   3158.32     0.000
   3158.44     0.000
   3158.56     0.000
   3158.68     0.000
   3158.80     0.000
   3158.86     0.000
   3158.98     0.000
   3159.10     0.000
   3159.22     0.000
   3159.34     0.000
   3159.46     0.000
   3159.52     0.000
   3159.64     0.000
   3159.76     0.000
   3159.88     0.000
   3160.00     0.000
   3160.12     0.000
   3160.18     0.000
   3160.30     0.000
   3160.42     0.000
   3160.54     0.000
   3160.66     0.000
   3160.72     0.000
   3160.84     0.000
   3160.96     0.000
   3161.08     0.000
   3161.20     0.000
   3161.32     0.000
   3161.38     0.000
   3161.50     0.000
   3161.62     0.000
   3161.74     0.000
   3161.86     0.000
   3161.98     0.000
   3162.04     0.000
   3162.16     0.000
   3162.28     0.000
   3162.40     0.000
   3162.52     0.000
   3162.58     0.000
   3162.70     0.000
   3162.82     0.000
   3162.94     0.000
   3163.06     0.000
   3163.12     0.000
   3163.24     0.000
   3163.36     0.000
   3163.48     0.000
   3163.60     0.000
   3163.72     0.000
   3163.78     0.000
   3163.90     0.000
   3164.02     0.000
   3164.14     0.000
   3164.26     0.000
   3164.38     0.000
   3164.44     0.000
   3164.56     0.000
   3164.68     0.000
   3164.80     0.000
   3164.92     0.000
   3164.98     0.000
   3165.10     0.000
   3165.22     0.000
   3165.34     0.001
   3165.46     0.001
   3165.58     0.001
   3165.64     0.001
   3165.76     0.001
   3165.88     0.001
   3166.00     0.001
   3166.12     0.001
   3166.24     0.001
   3166.30     0.001
   3166.42     0.001
   3166.54     0.001
   3166.66     0.001
   3166.78     0.001
   3166.84     0.001
   3166.96     0.001
   3167.08     0.001
   3167.20     0.001
   3167.32     0.001
   3167.38     0.001
   3167.50     0.001
   3167.62     0.001
   3167.74     0.001
   3167.86     0.001
   3167.98     0.001
   3168.04     0.001
   3168.16     0.001
   3168.28     0.001
   3168.40     0.001
   3168.52     0.001
   3168.64     0.001
   3168.70     0.001
   3168.82     0.001
   3168.94     0.001
   3169.06     0.001
   3169.18     0.001
   3169.24     0.001
   3169.36     0.001
   3169.48     0.001
   3169.60     0.001
   3169.72     0.001
   3169.84     0.001
   3169.90     0.001
   3170.02     0.001
   3170.14     0.001
   3170.26     0.001
   3170.38     0.001
   3170.44     0.001
   3170.56     0.001
   3170.68     0.001
   3170.80     0.001
   3170.92     0.001
   3171.04     0.001
   3171.10     0.001
   3171.22     0.001
   3171.34     0.001
   3171.46     0.001
   3171.58     0.001
   3171.64     0.001
   3171.76     0.001
   3171.88     0.001
   3172.00     0.001
   3172.12     0.001
   3172.24     0.001
   3172.30     0.001
   3172.42     0.001
   3172.54     0.001
   3172.66     0.001
   3172.78     0.001
   3172.90     0.001
   3172.96     0.001
   3173.08     0.001
   3173.20     0.001
   3173.32     0.001
   3173.44     0.001
   3173.50     0.001
   3173.62     0.001
   3173.74     0.001
   3173.86     0.001
   3173.98     0.001
   3174.10     0.001
   3174.16     0.001
   3174.28     0.001
   3174.40     0.001
   3174.52     0.001
   3174.64     0.001
   3174.70     0.001
   3174.82     0.001
   3174.94     0.001
   3175.06     0.001
   3175.18     0.001
   3175.24     0.001
   3175.36     0.001
   3175.48     0.001
   3175.60     0.001
   3175.72     0.001
   3175.84     0.001
   3175.90     0.001
   3176.02     0.001
   3176.14     0.001
   3176.26     0.001
   3176.38     0.001
   3176.50     0.001
   3176.56     0.001
   3176.68     0.001
   3176.80     0.001
   3176.92     0.001
   3177.04     0.001
   3177.10     0.001
   3177.22     0.001
   3177.34     0.001
   3177.46     0.001
   3177.58     0.001
   3177.70     0.001
   3177.76     0.001
   3177.88     0.001
   3178.00     0.001
   3178.12     0.001
   3178.24     0.001
   3178.36     0.001
   3178.42     0.001
   3178.54     0.001
   3178.66     0.001
   3178.78     0.001
   3178.90     0.001
   3178.96     0.001
   3179.08     0.001
   3179.20     0.001
   3179.32     0.001
   3179.44     0.001
   3179.50     0.001
   3179.62     0.001
   3179.74     0.001
   3179.86     0.001
   3179.98     0.001
   3180.10     0.001
   3180.16     0.001
   3180.28     0.001
   3180.40     0.001
   3180.52     0.001
   3180.64     0.001
   3180.70     0.001
   3180.82     0.001
   3180.94     0.001
   3181.06     0.001
   3181.18     0.001
   3181.30     0.001
   3181.36     0.001
   3181.48     0.001
   3181.60     0.001
   3181.72     0.001
   3181.84     0.001
   3181.96     0.001
   3182.02     0.001
   3182.14     0.001
   3182.26     0.001
   3182.38     0.001
   3182.50     0.001
   3182.62     0.001
   3182.68     0.001
   3182.80     0.001
   3182.92     0.001
   3183.04     0.001
   3183.16     0.001
   3183.22     0.001
   3183.34     0.001
   3183.46     0.001
   3183.58     0.001
   3183.70     0.001
   3183.76     0.001
   3183.88     0.001
   3184.00     0.001
   3184.12     0.001
   3184.24     0.001
   3184.36     0.001
   3184.42     0.001
   3184.54     0.001
   3184.66     0.001
   3184.78     0.001
   3184.90     0.001
   3185.02     0.001
   3185.08     0.001
   3185.20     0.001
   3185.32     0.001
   3185.44     0.001
   3185.56     0.001
   3185.62     0.001
   3185.74     0.001
   3185.86     0.001
   3185.98     0.001
   3186.10     0.001
   3186.22     0.001
   3186.28     0.001
   3186.40     0.001
   3186.52     0.001
   3186.64     0.001
   3186.76     0.001
   3186.82     0.001
   3186.94     0.001
   3187.06     0.001
   3187.18     0.001
   3187.30     0.001
   3187.36     0.001
   3187.48     0.001
   3187.60     0.001
   3187.72     0.001
   3187.84     0.001
   3187.96     0.001
   3188.02     0.001
   3188.14     0.000
   3188.26     0.000
   3188.38     0.000
   3188.50     0.000
   3188.62     0.000
   3188.68     0.000
   3188.80     0.000
   3188.92     0.000
   3189.04     0.000
   3189.16     0.000
   3189.28     0.000
   3189.34     0.000
   3189.46     0.000
   3189.58     0.000
   3189.70     0.000
   3189.82     0.001
   3189.88     0.001
   3190.00     0.001
   3190.12     0.001
   3190.24     0.001
   3190.36     0.001
   3190.42     0.001
   3190.54     0.001
   3190.66     0.001
   3190.78     0.001
   3190.90     0.001
   3191.02     0.001
   3191.08     0.001
   3191.20     0.001
   3191.32     0.001
   3191.44     0.001
   3191.56     0.001
   3191.62     0.001
   3191.74     0.001
   3191.86     0.001
   3191.98     0.001
   3192.10     0.001
   3192.22     0.001
   3192.28     0.001
   3192.40     0.001
   3192.52     0.001
   3192.64     0.001
   3192.76     0.001
   3192.88     0.001
   3192.94     0.001
   3193.06     0.001
   3193.18     0.001
   3193.30     0.001
   3193.42     0.001
   3193.48     0.001
   3193.60     0.001
   3193.72     0.001
   3193.84     0.001
   3193.96     0.001
   3194.08     0.001
   3194.14     0.001
   3194.26     0.001
   3194.38     0.001
   3194.50     0.001
   3194.62     0.001
   3194.68     0.001
   3194.80     0.001
   3194.92     0.001
   3195.04     0.001
   3195.16     0.001
   3195.28     0.001
   3195.34     0.001
   3195.46     0.001
   3195.58     0.001
   3195.70     0.001
   3195.82     0.001
   3195.88     0.001
   3196.00     0.001
   3196.12     0.001
   3196.24     0.001
   3196.36     0.001
   3196.48     0.001
   3196.54     0.001
   3196.66     0.001
   3196.78     0.001
   3196.90     0.001
   3197.02     0.001
   3197.14     0.001
   3197.20     0.001
   3197.32     0.001
   3197.44     0.001
   3197.56     0.001
   3197.68     0.001
   3197.74     0.001
   3197.86     0.001
   3197.98     0.001
   3198.10     0.001
   3198.22     0.001
   3198.34     0.001
   3198.40     0.001
   3198.52     0.001
   3198.64     0.001
   3198.76     0.001
   3198.88     0.001
   3198.94     0.001
   3199.06     0.001
   3199.18     0.001
   3199.30     0.001
   3199.42     0.001
   3199.54     0.001
   3199.60     0.001
   3199.72     0.001
   3199.84     0.001
   3199.96     0.001
   3200.08     0.001
   3200.14     0.001
   3200.26     0.001
   3200.38     0.001
   3200.50     0.001
   3200.62     0.001
   3200.74     0.001
   3200.80     0.001
   3200.92     0.001
   3201.04     0.001
   3201.16     0.001
   3201.28     0.001
   3201.40     0.001
   3201.46     0.000
   3201.58     0.001
   3201.70     0.001
   3201.82     0.000
   3201.94     0.000
   3202.00     0.001
   3202.12     0.001
   3202.24     0.001
   3202.36     0.001
   3202.48     0.001
   3202.60     0.000
   3202.66     0.001
   3202.78     0.001
   3202.90     0.001
   3203.02     0.001
   3203.14     0.001
   3203.20     0.001
   3203.32     0.001
   3203.44     0.000
   3203.56     0.000
   3203.68     0.001
   3203.80     0.001
   3203.86     0.001
   3203.98     0.001
   3204.10     0.001
   3204.22     0.001
   3204.34     0.001
   3204.40     0.001
   3204.52     0.001
   3204.64     0.001
   3204.76     0.001
   3204.88     0.001
   3205.00     0.001
   3205.06     0.001
   3205.18     0.001
   3205.30     0.001
   3205.42     0.001
   3205.54     0.001
   3205.60     0.001
   3205.72     0.001
   3205.84     0.001
   3205.96     0.001
   3206.08     0.001
   3206.20     0.001
   3206.26     0.001
   3206.38     0.001
   3206.50     0.001
   3206.62     0.001
   3206.74     0.001
   3206.80     0.001
   3206.92     0.001
   3207.04     0.001
   3207.16     0.001
   3207.28     0.001
   3207.40     0.001
   3207.46     0.001
   3207.58     0.001
   3207.70     0.001
   3207.82     0.001
   3207.94     0.001
   3208.00     0.001
   3208.12     0.001
   3208.24     0.001
   3208.36     0.001
   3208.48     0.001
   3208.60     0.000
   3208.66     0.000
   3208.78     0.000
   3208.90     0.000
   3209.02     0.000
   3209.14     0.000
   3209.26     0.000
   3209.32     0.000
   3209.44     0.000
   3209.56     0.000
   3209.68     0.001
   3209.80     0.001
   3209.86     0.001
   3209.98     0.001
   3210.10     0.001
   3210.22     0.001
   3210.34     0.001
   3210.46     0.001
   3210.52     0.001
   3210.64     0.001
   3210.76     0.001
   3210.88     0.001
   3211.00     0.001
   3211.12     0.001
   3211.18     0.001
   3211.30     0.001
   3211.42     0.001
   3211.54     0.001
   3211.66     0.001
   3211.72     0.001
   3211.84     0.001
   3211.96     0.001
   3212.08     0.001
   3212.20     0.001
   3212.26     0.001
   3212.38     0.001
   3212.50     0.001
   3212.62     0.001
   3212.74     0.001
   3212.86     0.001
   3212.92     0.001
   3213.04     0.001
   3213.16     0.001
   3213.28     0.001
   3213.40     0.001
   3213.52     0.001
   3213.58     0.001
   3213.70     0.001
   3213.82     0.001
   3213.94     0.001
   3214.06     0.001
   3214.18     0.001
   3214.24     0.001
   3214.36     0.001
   3214.48     0.001
   3214.60     0.001
   3214.72     0.001
   3214.78     0.001
   3214.90     0.001
   3215.02     0.001
   3215.14     0.001
   3215.26     0.001
   3215.38     0.001
   3215.44     0.001
   3215.56     0.001
   3215.68     0.001
   3215.80     0.001
   3215.92     0.001
   3215.98     0.001
   3216.10     0.001
   3216.22     0.001
   3216.34     0.001
   3216.46     0.001
   3216.52     0.001
   3216.64     0.001
   3216.76     0.001
   3216.88     0.001
   3217.00     0.001
   3217.12     0.001
   3217.18     0.001
   3217.30     0.001
   3217.42     0.001
   3217.54     0.001
   3217.66     0.001
   3217.78     0.001
   3217.84     0.000
   3217.96     0.001
   3218.08     0.000
   3218.20     0.000
   3218.32     0.000
   3218.38     0.000
   3218.50     0.000
   3218.62     0.000
   3218.74     0.000
   3218.86     0.000
   3218.98     0.000
   3219.04     0.000
   3219.16     0.000
   3219.28     0.000
   3219.40     0.000
   3219.52     0.001
   3219.64     0.001
   3219.70     0.001
   3219.82     0.001
   3219.94     0.001
   3220.06     0.001
   3220.18     0.001
   3220.24     0.001
   3220.36     0.001
   3220.48     0.001
   3220.60     0.001
   3220.72     0.001
   3220.78     0.001
   3220.90     0.001
   3221.02     0.001
   3221.14     0.001
   3221.26     0.001
   3221.38     0.001
   3221.44     0.001
   3221.56     0.001
   3221.68     0.001
   3221.80     0.001
   3221.92     0.001
   3222.04     0.001
   3222.10     0.001
   3222.22     0.001
   3222.34     0.001
   3222.46     0.001
   3222.58     0.001
   3222.64     0.001
   3222.76     0.001
   3222.88     0.001
   3223.00     0.001
   3223.12     0.001
   3223.24     0.001
   3223.30     0.001
   3223.42     0.001
   3223.54     0.001
   3223.66     0.001
   3223.78     0.001
   3223.84     0.001
   3223.96     0.001
   3224.08     0.001
   3224.20     0.001
   3224.32     0.001
   3224.38     0.001
   3224.50     0.001
   3224.62     0.001
   3224.74     0.001
   3224.86     0.001
   3224.98     0.001
   3225.04     0.001
   3225.16     0.001
   3225.28     0.001
   3225.40     0.001
   3225.52     0.001
   3225.64     0.001
   3225.70     0.001
   3225.82     0.001
   3225.94     0.001
   3226.06     0.001
   3226.18     0.001
   3226.30     0.001
   3226.36     0.001
   3226.48     0.001
   3226.60     0.001
   3226.72     0.001
   3226.84     0.001
   3226.90     0.001
   3227.02     0.001
   3227.14     0.001
   3227.26     0.001
   3227.38     0.001
   3227.44     0.001
   3227.56     0.001
   3227.68     0.001
   3227.80     0.001
   3227.92     0.000
   3228.04     0.000
   3228.10     0.000
   3228.22     0.000
   3228.34     0.000
   3228.46     0.000
   3228.58     0.000
   3228.64     0.000
   3228.76     0.000
   3228.88     0.000
   3229.00     0.000
   3229.12     0.000
   3229.24     0.000
   3229.30     0.000
   3229.42     0.000
   3229.54     0.000
   3229.66     0.000
   3229.78     0.000
   3229.90     0.000
   3229.96     0.000
   3230.08     0.000
   3230.20     0.000
   3230.32     0.000
   3230.44     0.000
   3230.50     0.000
   3230.62     0.000
   3230.74     0.000
   3230.86     0.000
   3230.98     0.000
   3231.10     0.000
   3231.16     0.000
   3231.28     0.000
   3231.40     0.000
   3231.52     0.000
   3231.64     0.000
   3231.70     0.000
   3231.82     0.000
   3231.94     0.000
   3232.06     0.000
   3232.18     0.000
   3232.30     0.000
   3232.36     0.000
   3232.48     0.000
   3232.60     0.000
   3232.72     0.000
   3232.84     0.000
   3232.90     0.000
   3233.02     0.000
   3233.14     0.000
   3233.26     0.000
   3233.38     0.000
   3233.50     0.000
   3233.56     0.000
   3233.68     0.000
   3233.80     0.000
   3233.92     0.000
   3234.04     0.000
   3234.16     0.000
   3234.22     0.001
   3234.34     0.001
   3234.46     0.001
   3234.58     0.001
   3234.70     0.001
   3234.76     0.001
   3234.88     0.001
   3235.00     0.001
   3235.12     0.001
   3235.24     0.001
   3235.36     0.001
   3235.42     0.001
   3235.54     0.001
   3235.66     0.001
   3235.78     0.001
   3235.90     0.001
   3235.96     0.001
   3236.08     0.001
   3236.20     0.001
   3236.32     0.001
   3236.44     0.001
   3236.56     0.001
   3236.62     0.001
   3236.74     0.001
   3236.86     0.001
   3236.98     0.001
   3237.10     0.001
   3237.16     0.001
   3237.28     0.001
   3237.40     0.001
   3237.52     0.001
   3237.64     0.001
   3237.76     0.001
   3237.82     0.001
   3237.94     0.001
   3238.06     0.001
   3238.18     0.001
   3238.30     0.001
   3238.42     0.001
   3238.48     0.001
   3238.60     0.001
   3238.72     0.001
   3238.84     0.001
   3238.96     0.001
   3239.02     0.001
   3239.14     0.001
   3239.26     0.001
   3239.38     0.001
   3239.50     0.000
   3239.62     0.000
   3239.68     0.000
   3239.80     0.000
   3239.92     0.000
   3240.04     0.000
   3240.16     0.000
   3240.22     0.001
   3240.34     0.000
   3240.46     0.001
   3240.58     0.000
   3240.70     0.001
   3240.76     0.000
   3240.88     0.001
   3241.00     0.001
   3241.12     0.001
   3241.24     0.001
   3241.36     0.001
   3241.42     0.001
   3241.54     0.001
   3241.66     0.001
   3241.78     0.000
   3241.90     0.001
   3242.02     0.000
   3242.08     0.000
   3242.20     0.000
   3242.32     0.000
   3242.44     0.000
   3242.56     0.000
   3242.62     0.000
   3242.74     0.000
   3242.86     0.000
   3242.98     0.000
   3243.10     0.000
   3243.22     0.000
   3243.28     0.000
   3243.40     0.000
   3243.52     0.000
   3243.64     0.000
   3243.76     0.000
   3243.82     0.000
   3243.94     0.000
   3244.06     0.000
   3244.18     0.000
   3244.30     0.000
   3244.42     0.000
   3244.48     0.000
   3244.60     0.000
   3244.72     0.000
   3244.84     0.000
   3244.96     0.000
   3245.02     0.000
   3245.14     0.000
   3245.26     0.000
   3245.38     0.000
   3245.50     0.000
   3245.62     0.000
   3245.68     0.000
   3245.80     0.000
   3245.92     0.000
   3246.04     0.000
   3246.16     0.000
   3246.28     0.000
   3246.34     0.000
   3246.46     0.000
   3246.58     0.000
   3246.70     0.000
   3246.82     0.000
   3246.88     0.000
   3247.00     0.000
   3247.12     0.000
   3247.24     0.000
   3247.36     0.000
   3247.48     0.000
   3247.54     0.000
   3247.66     0.000
   3247.78     0.000
   3247.90     0.000
   3248.02     0.000
   3248.08     0.000
   3248.20     0.000
   3248.32     0.000
   3248.44     0.000
   3248.56     0.000
   3248.68     0.000
   3248.74     0.000
   3248.86     0.000
   3248.98     0.000
   3249.10     0.000
   3249.22     0.000
   3249.28     0.000
   3249.40     0.000
   3249.52     0.000
   3249.64     0.000
   3249.76     0.000
   3249.88     0.000
   3249.94     0.000
   3250.06     0.000
   3250.18     0.000
   3250.30     0.000
   3250.42     0.000
   3250.54     0.000
   3250.60     0.000
   3250.72     0.000
   3250.84     0.000
   3250.96     0.000
   3251.08     0.000
   3251.14     0.000
   3251.26     0.000
   3251.38     0.000
   3251.50     0.000
   3251.62     0.000
   3251.74     0.000
   3251.80     0.000
   3251.92     0.000
   3252.04     0.000
   3252.16     0.000
   3252.28     0.000
   3252.40     0.000
   3252.46     0.000
   3252.58     0.000
   3252.70     0.000
   3252.82     0.000
   3252.94     0.000
   3253.00     0.000
   3253.12     0.000
   3253.24     0.000
   3253.36     0.000
   3253.48     0.000
   3253.54     0.000
   3253.66     0.000
   3253.78     0.000
   3253.90     0.000
   3254.02     0.000
   3254.14     0.000
   3254.20     0.000
   3254.32     0.000
   3254.44     0.000
   3254.56     0.000
   3254.68     0.000
   3254.80     0.000
   3254.86     0.000
   3254.98     0.000
   3255.10     0.000
   3255.22     0.000
   3255.34     0.000
   3255.40     0.000
   3255.52     0.000
   3255.64     0.000
   3255.76     0.000
   3255.88     0.000
   3256.00     0.000
   3256.06     0.000
   3256.18     0.000
   3256.30     0.000
   3256.42     0.000
   3256.54     0.000
   3256.60     0.000
   3256.72     0.000
   3256.84     0.000
   3256.96     0.000
   3257.08     0.000
   3257.14     0.000
   3257.26     0.000
   3257.38     0.000
   3257.50     0.000
   3257.62     0.000
   3257.74     0.000
   3257.80     0.000
   3257.92     0.000
   3258.04     0.001
   3258.16     0.001
   3258.28     0.001
   3258.40     0.001
   3258.46     0.001
   3258.58     0.001
   3258.70     0.001
   3258.82     0.001
   3258.94     0.001
   3259.00     0.001
   3259.12     0.001
   3259.24     0.001
   3259.36     0.001
   3259.48     0.001
   3259.60     0.001
   3259.66     0.001
   3259.78     0.001
   3259.90     0.001
   3260.02     0.001
   3260.14     0.001
   3260.20     0.001
   3260.32     0.001
   3260.44     0.001
   3260.56     0.001
   3260.68     0.001
   3260.80     0.001
   3260.86     0.001
   3260.98     0.001
   3261.10     0.001
   3261.22     0.001
   3261.34     0.001
   3261.40     0.000
   3261.52     0.000
   3261.64     0.000
   3261.76     0.000
   3261.88     0.000
   3262.00     0.000
   3262.06     0.000
   3262.18     0.000
   3262.30     0.000
   3262.42     0.000
   3262.54     0.000
   3262.66     0.000
   3262.72     0.000
   3262.84     0.000
   3262.96     0.000
   3263.08     0.000
   3263.20     0.000
   3263.26     0.000
   3263.38     0.000
   3263.50     0.000
   3263.62     0.000
   3263.74     0.000
   3263.86     0.000
   3263.92     0.000
   3264.04     0.000
   3264.16     0.000
   3264.28     0.000
   3264.40     0.000
   3264.46     0.000
   3264.58     0.000
   3264.70     0.000
   3264.82     0.000
   3264.94     0.000
   3265.06     0.000
   3265.12     0.000
   3265.24     0.000
   3265.36     0.000
   3265.48     0.000
   3265.60     0.000
   3265.66     0.000
   3265.78     0.000
   3265.90     0.000
   3266.02     0.000
   3266.14     0.000
   3266.26     0.000
   3266.32     0.000
   3266.44     0.000
   3266.56     0.000
   3266.68     0.000
   3266.80     0.000
   3266.86     0.000
   3266.98     0.000
   3267.10     0.000
   3267.22     0.000
   3267.34     0.000
   3267.46     0.000
   3267.52     0.000
   3267.64     0.000
   3267.76     0.000
   3267.88     0.000
   3268.00     0.000
   3268.12     0.000
   3268.18     0.000
   3268.30     0.000
   3268.42     0.000
   3268.54     0.000
   3268.66     0.000
   3268.72     0.000
   3268.84     0.000
   3268.96     0.001
   3269.08     0.000
   3269.20     0.001
   3269.32     0.001
   3269.38     0.001
   3269.50     0.000
   3269.62     0.000
   3269.74     0.001
   3269.86     0.000
   3269.92     0.000
   3270.04     0.000
   3270.16     0.000
   3270.28     0.001
   3270.40     0.001
   3270.52     0.001
   3270.58     0.001
   3270.70     0.001
   3270.82     0.001
   3270.94     0.001
   3271.06     0.001
   3271.12     0.000
   3271.24     0.000
   3271.36     0.000
   3271.48     0.000
   3271.60     0.000
   3271.72     0.000
   3271.78     0.000
   3271.90     0.000
   3272.02     0.000
   3272.14     0.000
   3272.26     0.000
   3272.32     0.000
   3272.44     0.000
   3272.56     0.000
   3272.68     0.000
   3272.80     0.000
   3272.92     0.000
   3272.98     0.000
   3273.10     0.000
   3273.22     0.000
   3273.34     0.000
   3273.46     0.000
   3273.52     0.000
   3273.64     0.000
   3273.76     0.000
   3273.88     0.000
   3274.00     0.000
   3274.12     0.000
   3274.18     0.000
   3274.30     0.000
   3274.42     0.000
   3274.54     0.000
   3274.66     0.000
   3274.78     0.000
   3274.84     0.000
   3274.96     0.000
   3275.08     0.000
   3275.20     0.000
   3275.32     0.000
   3275.38     0.000
   3275.50     0.000
   3275.62     0.000
   3275.74     0.000
   3275.86     0.000
   3275.98     0.000
   3276.04     0.000
   3276.16     0.000
   3276.28     0.000
   3276.40     0.000
   3276.52     0.000
   3276.64     0.000
   3276.70     0.000
   3276.82     0.000
   3276.94     0.000
   3277.06     0.000
   3277.18     0.000
   3277.24     0.000
   3277.36     0.000
   3277.48     0.000
   3277.60     0.000
   3277.72     0.000
   3277.78     0.000
   3277.90     0.000
   3278.02     0.000
   3278.14     0.000
   3278.26     0.000
   3278.38     0.000
   3278.44     0.000
   3278.56     0.000
   3278.68     0.000
   3278.80     0.000
   3278.92     0.000
   3279.04     0.000
   3279.10     0.000
   3279.22     0.000
   3279.34     0.000
   3279.46     0.000
   3279.58     0.000
   3279.64     0.000
   3279.76     0.000
   3279.88     0.000
   3280.00     0.000
   3280.12     0.000
   3280.24     0.000
   3280.30     0.001
   3280.42     0.001
   3280.54     0.001
   3280.66     0.001
   3280.78     0.001
   3280.84     0.001
   3280.96     0.001
   3281.08     0.001
   3281.20     0.001
   3281.32     0.001
   3281.44     0.001
   3281.50     0.001
   3281.62     0.001
   3281.74     0.001
   3281.86     0.001
   3281.98     0.001
   3282.04     0.001
   3282.16     0.001
   3282.28     0.001
   3282.40     0.001
   3282.52     0.001
   3282.64     0.001
   3282.70     0.001
   3282.82     0.001
   3282.94     0.001
   3283.06     0.001
   3283.18     0.001
   3283.24     0.001
   3283.36     0.001
   3283.48     0.001
   3283.60     0.001
   3283.72     0.001
   3283.84     0.001
   3283.90     0.001
   3284.02     0.001
   3284.14     0.001
   3284.26     0.001
   3284.38     0.001
   3284.50     0.001
   3284.56     0.001
   3284.68     0.001
   3284.80     0.001
   3284.92     0.001
   3285.04     0.001
   3285.10     0.001
   3285.22     0.001
   3285.34     0.001
   3285.46     0.001
   3285.58     0.001
   3285.70     0.001
   3285.76     0.001
   3285.88     0.001
   3286.00     0.001
   3286.12     0.001
   3286.24     0.001
   3286.30     0.001
   3286.42     0.001
   3286.54     0.001
   3286.66     0.001
   3286.78     0.001
   3286.90     0.001
   3286.96     0.001
   3287.08     0.001
   3287.20     0.001
   3287.32     0.001
   3287.44     0.001
   3287.56     0.001
   3287.62     0.001
   3287.74     0.001
   3287.86     0.001
   3287.98     0.001
   3288.10     0.001
   3288.16     0.001
   3288.28     0.001
   3288.40     0.001
   3288.52     0.001
   3288.64     0.001
   3288.70     0.001
   3288.82     0.001
   3288.94     0.001
   3289.06     0.001
   3289.18     0.001
   3289.30     0.001
   3289.36     0.000
   3289.48     0.000
   3289.60     0.000
   3289.72     0.000
   3289.84     0.000
   3289.90     0.000
   3290.02     0.000
   3290.14     0.000
   3290.26     0.000
   3290.38     0.000
   3290.50     0.000
   3290.56     0.000
   3290.68     0.000
   3290.80     0.000
   3290.92     0.000
   3291.04     0.000
   3291.16     0.000
   3291.22     0.000
   3291.34     0.000
   3291.46     0.000
   3291.58     0.000
   3291.70     0.000
   3291.76     0.000
   3291.88     0.000
   3292.00     0.000
   3292.12     0.000
   3292.24     0.000
   3292.36     0.000
   3292.42     0.000
   3292.54     0.000
   3292.66     0.000
   3292.78     0.000
   3292.90     0.000
   3293.02     0.000
   3293.08     0.000
   3293.20     0.000
   3293.32     0.000
   3293.44     0.000
   3293.56     0.000
   3293.62     0.000
   3293.74     0.000
   3293.86     0.000
   3293.98     0.000
   3294.10     0.000
   3294.16     0.000
   3294.28     0.000
   3294.40     0.000
   3294.52     0.000
   3294.64     0.000
   3294.76     0.000
   3294.82     0.000
   3294.94     0.000
   3295.06     0.000
   3295.18     0.000
   3295.30     0.000
   3295.42     0.000
   3295.48     0.000
   3295.60     0.000
   3295.72     0.000
   3295.84     0.000
   3295.96     0.000
   3296.02     0.000
   3296.14     0.000
   3296.26     0.000
   3296.38     0.000
   3296.50     0.000
   3296.62     0.000
   3296.68     0.000
   3296.80     0.000
   3296.92     0.000
   3297.04     0.000
   3297.16     0.000
   3297.22     0.000
   3297.34     0.000
   3297.46     0.000
   3297.58     0.000
   3297.70     0.000
   3297.82     0.000
   3297.88     0.000
   3298.00     0.000
   3298.12     0.000
   3298.24     0.000
   3298.36     0.000
   3298.42     0.000
   3298.54     0.001
   3298.66     0.001
   3298.78     0.000
   3298.90     0.001
   3299.02     0.001
   3299.08     0.001
   3299.20     0.001
   3299.32     0.001
   3299.44     0.001
   3299.56     0.001
   3299.62     0.001
   3299.74     0.001
   3299.86     0.001
   3299.98     0.001
   3300.10     0.001
   3300.22     0.001
   3300.28     0.001
   3300.40     0.001
   3300.52     0.001
   3300.64     0.001
   3300.76     0.001
   3300.88     0.001
   3300.94     0.000
   3301.06     0.000
   3301.18     0.000
   3301.30     0.000
   3301.42     0.000
   3301.48     0.000
   3301.60     0.000
   3301.72     0.000
   3301.84     0.000
   3301.96     0.000
   3302.08     0.000
   3302.14     0.000
   3302.26     0.000
   3302.38     0.000
   3302.50     0.000
   3302.62     0.000
   3302.68     0.000
   3302.80     0.000
   3302.92     0.000
   3303.04     0.000
   3303.16     0.000
   3303.28     0.000
   3303.34     0.000
   3303.46     0.000
   3303.58     0.000
   3303.70     0.000
   3303.82     0.000
   3303.88     0.000
   3304.00     0.000
   3304.12     0.000
   3304.24     0.000
   3304.36     0.000
   3304.48     0.000
   3304.54     0.000
   3304.66     0.000
   3304.78     0.000
   3304.90     0.000
   3305.02     0.000
   3305.08     0.000
   3305.20     0.000
   3305.32     0.000
   3305.44     0.000
   3305.56     0.000
   3305.68     0.000
   3305.74     0.000
   3305.86     0.000
   3305.98     0.000
   3306.10     0.000
   3306.22     0.000
   3306.34     0.000
   3306.40     0.000
   3306.52     0.000
   3306.64     0.000
   3306.76     0.000
   3306.88     0.000
   3306.94     0.000
   3307.06     0.000
   3307.18     0.000
   3307.30     0.000
   3307.42     0.000
   3307.54     0.000
   3307.60     0.000
   3307.72     0.000
   3307.84     0.000
   3307.96     0.000
   3308.08     0.000
   3308.14     0.000
   3308.26     0.000
   3308.38     0.000
   3308.50     0.000
   3308.62     0.000
   3308.74     0.000
   3308.80     0.000
   3308.92     0.000
   3309.04     0.000
   3309.16     0.000
   3309.28     0.001
   3309.40     0.001
   3309.46     0.001
   3309.58     0.001
   3309.70     0.001
   3309.82     0.001
   3309.94     0.001
   3310.00     0.001
   3310.12     0.000
   3310.24     0.001
   3310.36     0.001
   3310.48     0.001
   3310.54     0.000
   3310.66     0.000
   3310.78     0.000
   3310.90     0.000
   3311.02     0.000
   3311.14     0.000
   3311.20     0.000
   3311.32     0.000
   3311.44     0.000
   3311.56     0.000
   3311.68     0.000
   3311.74     0.000
   3311.86     0.000
   3311.98     0.000
   3312.10     0.000
   3312.22     0.000
   3312.34     0.000
   3312.40     0.000
   3312.52     0.000
   3312.64     0.000
   3312.76     0.000
   3312.88     0.000
   3313.00     0.000
   3313.06     0.000
   3313.18     0.000
   3313.30     0.000
   3313.42     0.000
   3313.54     0.000
   3313.60     0.000
   3313.72     0.000
   3313.84     0.000
   3313.96     0.000
   3314.08     0.000
   3314.20     0.000
   3314.26     0.000
   3314.38     0.000
   3314.50     0.000
   3314.62     0.000
   3314.74     0.000
   3314.80     0.000
   3314.92     0.000
   3315.04     0.000
   3315.16     0.000
   3315.28     0.000
   3315.40     0.000
   3315.46     0.000
   3315.58     0.000
   3315.70     0.000
   3315.82     0.000
   3315.94     0.000
   3316.00     0.000
   3316.12     0.000
   3316.24     0.000
   3316.36     0.000
   3316.48     0.000
   3316.60     0.000
   3316.66     0.000
   3316.78     0.000
   3316.90     0.000
   3317.02     0.000
   3317.14     0.000
   3317.26     0.000
   3317.32     0.000
   3317.44     0.000
   3317.56     0.000
   3317.68     0.000
   3317.80     0.000
   3317.86     0.000
   3317.98     0.000
   3318.10     0.000
   3318.22     0.000
   3318.34     0.000
   3318.46     0.000
   3318.52     0.000
   3318.64     0.000
   3318.76     0.000
   3318.88     0.000
   3319.00     0.000
   3319.06     0.000
   3319.18     0.000
   3319.30     0.000
   3319.42     0.000
   3319.54     0.000
   3319.66     0.000
   3319.72     0.000
   3319.84     0.000
   3319.96     0.000
   3320.08     0.000
   3320.20     0.000
   3320.32     0.000
   3320.38     0.000
   3320.50     0.000
   3320.62     0.000
   3320.74     0.000
   3320.86     0.000
   3320.92     0.000
   3321.04     0.000
   3321.16     0.000
   3321.28     0.000
   3321.40     0.000
   3321.52     0.000
   3321.58     0.000
   3321.70     0.000
   3321.82     0.000
   3321.94     0.000
   3322.06     0.000
   3322.12     0.000
   3322.24     0.000
   3322.36     0.000
   3322.48     0.000
   3322.60     0.000
   3322.66     0.000
   3322.78     0.000
   3322.90     0.000
   3323.02     0.000
   3323.14     0.000
   3323.26     0.000
   3323.32     0.000
   3323.44     0.000
   3323.56     0.000
   3323.68     0.000
   3323.80     0.000
   3323.92     0.000
   3323.98     0.000
   3324.10     0.000
   3324.22     0.000
   3324.34     0.000
   3324.46     0.000
   3324.58     0.000
   3324.64     0.000
   3324.76     0.000
   3324.88     0.000
   3325.00     0.000
   3325.12     0.000
   3325.18     0.000
   3325.30     0.000
   3325.42     0.000
   3325.54     0.000
   3325.66     0.000
   3325.78     0.000
   3325.84     0.000
   3325.96     0.000
   3326.08     0.000
   3326.20     0.000
   3326.32     0.000
   3326.38     0.000
   3326.50     0.000
   3326.62     0.000
   3326.74     0.000
   3326.86     0.000
   3326.92     0.000
   3327.04     0.000
   3327.16     0.000
   3327.28     0.000
   3327.40     0.000
   3327.52     0.000
   3327.58     0.000
   3327.70     0.000
   3327.82     0.000
   3327.94     0.000
   3328.06     0.000
   3328.18     0.000
   3328.24     0.000
   3328.36     0.000
   3328.48     0.000
   3328.60     0.000
   3328.72     0.000
   3328.78     0.000
   3328.90     0.000
   3329.02     0.000
   3329.14     0.000
   3329.26     0.000
   3329.38     0.000
   3329.44     0.000
   3329.56     0.000
   3329.68     0.000
   3329.80     0.000
   3329.92     0.000
   3330.04     0.000
   3330.10     0.000
   3330.22     0.000
   3330.34     0.000
   3330.46     0.000
   3330.58     0.000
   3330.64     0.000
   3330.76     0.000
   3330.88     0.000
   3331.00     0.000
   3331.12     0.000
   3331.18     0.000
   3331.30     0.000
   3331.42     0.000
   3331.54     0.000
   3331.66     0.000
   3331.78     0.000
   3331.84     0.000
   3331.96     0.000
   3332.08     0.000
   3332.20     0.000
   3332.32     0.000
   3332.44     0.000
   3332.50     0.000
   3332.62     0.000
   3332.74     0.000
   3332.86     0.000
   3332.98     0.000
   3333.04     0.000
   3333.16     0.000
   3333.28     0.000
   3333.40     0.000
   3333.52     0.000
   3333.64     0.000
   3333.70     0.000
   3333.82     0.000
   3333.94     0.000
   3334.06     0.000
   3334.18     0.000
   3334.24     0.000
   3334.36     0.000
   3334.48     0.000
   3334.60     0.000
   3334.72     0.000
   3334.84     0.000
   3334.90     0.000
   3335.02     0.000
   3335.14     0.000
   3335.26     0.000
   3335.38     0.000
   3335.44     0.000
   3335.56     0.000
   3335.68     0.000
   3335.80     0.000
   3335.92     0.000
   3336.04     0.000
   3336.10     0.000
   3336.22     0.000
   3336.34     0.000
   3336.46     0.000
   3336.58     0.000
   3336.64     0.000
   3336.76     0.000
   3336.88     0.000
   3337.00     0.000
   3337.12     0.000
   3337.24     0.000
   3337.30     0.000
   3337.42     0.000
   3337.54     0.000
   3337.66     0.000
   3337.78     0.000
   3337.90     0.000
   3337.96     0.000
   3338.08     0.000
   3338.20     0.000
   3338.32     0.000
   3338.44     0.000
   3338.50     0.000
   3338.62     0.000
   3338.74     0.000
   3338.86     0.000
   3338.98     0.000
   3339.10     0.000
   3339.16     0.000
   3339.28     0.000
   3339.40     0.000
   3339.52     0.000
   3339.64     0.000
   3339.70     0.000
   3339.82     0.000
   3339.94     0.000
   3340.06     0.000
   3340.18     0.000
   3340.30     0.000
   3340.36     0.000
   3340.48     0.000
   3340.60     0.000
   3340.72     0.000
   3340.84     0.000
   3340.96     0.000
   3341.02     0.000
   3341.14     0.000
   3341.26     0.000
   3341.38     0.000
   3341.50     0.000
   3341.56     0.000
   3341.68     0.000
   3341.80     0.000
   3341.92     0.000
   3342.04     0.000
   3342.16     0.000
   3342.22     0.000
   3342.34     0.000
   3342.46     0.000
   3342.58     0.000
   3342.70     0.000
   3342.76     0.000
   3342.88     0.000
   3343.00     0.000
   3343.12     0.000
   3343.24     0.000
   3343.30     0.000
   3343.42     0.000
   3343.54     0.000
   3343.66     0.000
   3343.78     0.000
   3343.90     0.000
   3343.96     0.000
   3344.08     0.000
   3344.20     0.000
   3344.32     0.000
   3344.44     0.000
   3344.50     0.000
   3344.62     0.000
   3344.74     0.000
   3344.86     0.000
   3344.98     0.000
   3345.10     0.000
   3345.16     0.000
   3345.28     0.000
   3345.40     0.000
   3345.52     0.000
   3345.64     0.000
   3345.76     0.000
   3345.82     0.000
   3345.94     0.000
   3346.06     0.000
   3346.18     0.000
   3346.30     0.000
   3346.42     0.000
   3346.48     0.000
   3346.60     0.000
   3346.72     0.000
   3346.84     0.000
   3346.96     0.000
   3347.02     0.000
   3347.14     0.000
   3347.26     0.000
   3347.38     0.000
   3347.50     0.000
   3347.56     0.000
   3347.68     0.000
   3347.80     0.000
   3347.92     0.000
   3348.04     0.000
   3348.16     0.000
   3348.22     0.000
   3348.34     0.000
   3348.46     0.000
   3348.58     0.001
   3348.70     0.000
   3348.76     0.001
   3348.88     0.000
   3349.00     0.001
   3349.12     0.001
   3349.24     0.000
   3349.36     0.000
   3349.42     0.000
   3349.54     0.000
   3349.66     0.000
   3349.78     0.000
   3349.90     0.000
   3350.02     0.000
   3350.08     0.000
   3350.20     0.000
   3350.32     0.000
   3350.44     0.000
   3350.56     0.000
   3350.62     0.000
   3350.74     0.000
   3350.86     0.000
   3350.98     0.000
   3351.10     0.000
   3351.22     0.000
   3351.28     0.000
   3351.40     0.000
   3351.52     0.000
   3351.64     0.000
   3351.76     0.000
   3351.82     0.000
   3351.94     0.000
   3352.06     0.000
   3352.18     0.000
   3352.30     0.000
   3352.42     0.000
   3352.48     0.000
   3352.60     0.000
   3352.72     0.000
   3352.84     0.000
   3352.96     0.000
   3353.08     0.000
   3353.14     0.000
   3353.26     0.000
   3353.38     0.000
   3353.50     0.000
   3353.62     0.000
   3353.68     0.000
   3353.80     0.000
   3353.92     0.000
   3354.04     0.000
   3354.16     0.000
   3354.28     0.000
   3354.34     0.000
   3354.46     0.000
   3354.58     0.000
   3354.70     0.000
   3354.82     0.000
   3354.88     0.000
   3355.00     0.000
   3355.12     0.000
   3355.24     0.000
   3355.36     0.000
   3355.48     0.000
   3355.54     0.000
   3355.66     0.000
   3355.78     0.000
   3355.90     0.000
   3356.02     0.000
   3356.08     0.000
   3356.20     0.000
   3356.32     0.000
   3356.44     0.000
   3356.56     0.000
   3356.68     0.000
   3356.74     0.000
   3356.86     0.000
   3356.98     0.000
   3357.10     0.000
   3357.22     0.000
   3357.34     0.000
   3357.40     0.000
   3357.52     0.000
   3357.64     0.000
   3357.76     0.000
   3357.88     0.000
   3357.94     0.000
   3358.06     0.000
   3358.18     0.000
   3358.30     0.000
   3358.42     0.000
   3358.54     0.000
   3358.60     0.000
   3358.72     0.000
   3358.84     0.000
   3358.96     0.000
   3359.08     0.000
   3359.14     0.000
   3359.26     0.000
   3359.38     0.000
   3359.50     0.000
   3359.62     0.000
   3359.68     0.000
   3359.80     0.000
   3359.92     0.000
   3360.04     0.000
   3360.16     0.000
   3360.28     0.001
   3360.34     0.001
   3360.46     0.001
   3360.58     0.001
   3360.70     0.001
   3360.82     0.001
   3360.94     0.001
   3361.00     0.001
   3361.12     0.001
   3361.24     0.001
   3361.36     0.000
   3361.48     0.000
   3361.60     0.000
   3361.66     0.000
   3361.78     0.000
   3361.90     0.000
   3362.02     0.000
   3362.14     0.000
   3362.20     0.000
   3362.32     0.000
   3362.44     0.000
   3362.56     0.000
   3362.68     0.000
   3362.80     0.000
   3362.86     0.000
   3362.98     0.000
   3363.10     0.000
   3363.22     0.000
   3363.34     0.000
   3363.40     0.000
   3363.52     0.000
   3363.64     0.000
   3363.76     0.000
   3363.88     0.000
   3363.94     0.000
   3364.06     0.000
   3364.18     0.000
   3364.30     0.000
   3364.42     0.000
   3364.54     0.000
   3364.60     0.000
   3364.72     0.000
   3364.84     0.000
   3364.96     0.000
   3365.08     0.000
   3365.14     0.000
   3365.26     0.000
   3365.38     0.000
   3365.50     0.000
   3365.62     0.000
   3365.74     0.000
   3365.80     0.000
   3365.92     0.000
   3366.04     0.000
   3366.16     0.000
   3366.28     0.000
   3366.40     0.000
   3366.46     0.000
   3366.58     0.000
   3366.70     0.000
   3366.82     0.000
   3366.94     0.000
   3367.00     0.000
   3367.12     0.000
   3367.24     0.000
   3367.36     0.000
   3367.48     0.000
   3367.60     0.000
   3367.66     0.000
   3367.78     0.000
   3367.90     0.000
   3368.02     0.000
   3368.14     0.000
   3368.20     0.000
   3368.32     0.000
   3368.44     0.000
   3368.56     0.000
   3368.68     0.000
   3368.80     0.000
   3368.86     0.000
   3368.98     0.000
   3369.10     0.000
   3369.22     0.000
   3369.34     0.000
   3369.46     0.000
   3369.52     0.000
   3369.64     0.000
   3369.76     0.000
   3369.88     0.000
   3370.00     0.000
   3370.06     0.000
   3370.18     0.000
   3370.30     0.000
   3370.42     0.000
   3370.54     0.000
   3370.66     0.000
   3370.72     0.000
   3370.84     0.000
   3370.96     0.000
   3371.08     0.000
   3371.20     0.000
   3371.26     0.000
   3371.38     0.000
   3371.50     0.000
   3371.62     0.000
   3371.74     0.000
   3371.86     0.000
   3371.92     0.000
   3372.04     0.000
   3372.16     0.000
   3372.28     0.000
   3372.40     0.000
   3372.46     0.000
   3372.58     0.000
   3372.70     0.000
   3372.82     0.000
   3372.94     0.000
   3373.06     0.000
   3373.12     0.000
   3373.24     0.000
   3373.36     0.000
   3373.48     0.000
   3373.60     0.000
   3373.72     0.000
   3373.78     0.000
   3373.90     0.000
   3374.02     0.000
   3374.14     0.000
   3374.26     0.000
   3374.32     0.000
   3374.44     0.000
   3374.56     0.000
   3374.68     0.000
   3374.80     0.000
   3374.92     0.000
   3374.98     0.000
   3375.10     0.000
   3375.22     0.000
   3375.34     0.000
   3375.46     0.000
   3375.52     0.000
   3375.64     0.000
   3375.76     0.000
   3375.88     0.000
   3376.00     0.000
   3376.06     0.000
   3376.18     0.000
   3376.30     0.000
   3376.42     0.000
   3376.54     0.000
   3376.66     0.000
   3376.72     0.000
   3376.84     0.000
   3376.96     0.000
   3377.08     0.000
   3377.20     0.000
   3377.32     0.000
   3377.38     0.000
   3377.50     0.000
   3377.62     0.000
   3377.74     0.000
   3377.86     0.000
   3377.92     0.000
   3378.04     0.000
   3378.16     0.000
   3378.28     0.000
   3378.40     0.000
   3378.52     0.000
   3378.58     0.000
   3378.70     0.000
   3378.82     0.000
   3378.94     0.000
   3379.06     0.000
   3379.18     0.000
   3379.24     0.000
   3379.36     0.000
   3379.48     0.000
   3379.60     0.000
   3379.72     0.000
   3379.78     0.000
   3379.90     0.000
   3380.02     0.000
   3380.14     0.000
   3380.26     0.000
   3380.32     0.000
   3380.44     0.000
   3380.56     0.000
   3380.68     0.000
   3380.80     0.000
   3380.92     0.000
   3380.98     0.000
   3381.10     0.000
   3381.22     0.000
   3381.34     0.000
   3381.46     0.000
   3381.58     0.000
   3381.64     0.000
   3381.76     0.000
   3381.88     0.000
   3382.00     0.000
   3382.12     0.000
   3382.18     0.000
   3382.30     0.000
   3382.42     0.000
   3382.54     0.000
   3382.66     0.000
   3382.78     0.000
   3382.84     0.000
   3382.96     0.000
   3383.08     0.000
   3383.20     0.000
   3383.32     0.000
   3383.44     0.000
   3383.50     0.000
   3383.62     0.000
   3383.74     0.000
   3383.86     0.000
   3383.98     0.000
   3384.04     0.000
   3384.16     0.000
   3384.28     0.000
   3384.40     0.000
   3384.52     0.000
   3384.58     0.000
   3384.70     0.000
   3384.82     0.000
   3384.94     0.000
   3385.06     0.000
   3385.18     0.000
   3385.24     0.000
   3385.36     0.000
   3385.48     0.000
   3385.60     0.000
   3385.72     0.000
   3385.78     0.000
   3385.90     0.000
   3386.02     0.000
   3386.14     0.000
   3386.26     0.000
   3386.38     0.000
   3386.44     0.000
   3386.56     0.000
   3386.68     0.000
   3386.80     0.000
   3386.92     0.000
   3387.04     0.000
   3387.10     0.000
   3387.22     0.000
   3387.34     0.000
   3387.46     0.000
   3387.58     0.000
   3387.64     0.000
   3387.76     0.000
   3387.88     0.000
   3388.00     0.000
   3388.12     0.000
   3388.24     0.000
   3388.30     0.000
   3388.42     0.000
   3388.54     0.000
   3388.66     0.000
   3388.78     0.000
   3388.84     0.000
   3388.96     0.000
   3389.08     0.000
   3389.20     0.000
   3389.32     0.000
   3389.44     0.000
   3389.50     0.000
   3389.62     0.000
   3389.74     0.000
   3389.86     0.000
   3389.98     0.000
   3390.04     0.000
   3390.16     0.000
   3390.28     0.000
   3390.40     0.000
   3390.52     0.000
   3390.64     0.000
   3390.70     0.000
   3390.82     0.000
   3390.94     0.000
   3391.06     0.000
   3391.18     0.000
   3391.30     0.000
   3391.36     0.000
   3391.48     0.000
   3391.60     0.000
   3391.72     0.000
   3391.84     0.000
   3391.90     0.000
   3392.02     0.000
   3392.14     0.000
   3392.26     0.000
   3392.38     0.000
   3392.44     0.000
   3392.56     0.000
   3392.68     0.000
   3392.80     0.000
   3392.92     0.000
   3393.04     0.000
   3393.10     0.000
   3393.22     0.000
   3393.34     0.000
   3393.46     0.000
   3393.58     0.000
   3393.64     0.000
   3393.76     0.000
   3393.88     0.000
   3394.00     0.000
   3394.12     0.000
   3394.24     0.000
   3394.36     0.000
   3394.42     0.000
   3394.54     0.000
   3394.66     0.000
   3394.78     0.000
   3394.90     0.000
   3394.96     0.000
   3395.08     0.000
   3395.20     0.000
   3395.32     0.000
   3395.44     0.000
   3395.50     0.000
   3395.62     0.000
   3395.74     0.000
   3395.86     0.000
   3395.98     0.000
   3396.10     0.000
   3396.16     0.000
   3396.28     0.000
   3396.40     0.000
   3396.52     0.000
   3396.64     0.000
   3396.70     0.000
   3396.82     0.000
   3396.94     0.000
   3397.06     0.000
   3397.18     0.000
   3397.30     0.000
   3397.36     0.000
   3397.48     0.000
   3397.60     0.000
   3397.72     0.000
   3397.84     0.000
   3397.96     0.000
   3398.02     0.000
   3398.14     0.000
   3398.26     0.000
   3398.38     0.000
   3398.50     0.000
   3398.56     0.000
   3398.68     0.000
   3398.80     0.000
   3398.92     0.000
   3399.04     0.000
   3399.16     0.000
   3399.22     0.000
   3399.34     0.000
   3399.46     0.000
   3399.58     0.000
   3399.70     0.000
   3399.82     0.000
   3399.88     0.000
   3400.00     0.000
   3400.12     0.000
   3400.24     0.000
   3400.36     0.000
   3400.42     0.000
   3400.54     0.000
   3400.66     0.000
   3400.78     0.000
   3400.90     0.000
   3400.96     0.000
   3401.08     0.000
   3401.20     0.000
   3401.32     0.000
   3401.44     0.000
   3401.56     0.000
   3401.62     0.000
   3401.74     0.000
   3401.86     0.000
   3401.98     0.000
   3402.10     0.000
   3402.22     0.000
   3402.28     0.000
   3402.40     0.000
   3402.52     0.000
   3402.64     0.000
   3402.76     0.000
   3402.82     0.000
   3402.94     0.000
   3403.06     0.000
   3403.18     0.000
   3403.30     0.000
   3403.42     0.000
   3403.48     0.000
   3403.60     0.000
   3403.72     0.000
   3403.84     0.000
   3403.96     0.000
   3404.08     0.000
   3404.14     0.000
   3404.26     0.000
   3404.38     0.000
   3404.50     0.000
   3404.62     0.000
   3404.68     0.000
   3404.80     0.000
   3404.92     0.000
   3405.04     0.000
   3405.16     0.000
   3405.22     0.000
   3405.34     0.000
   3405.46     0.000
   3405.58     0.000
   3405.70     0.000
   3405.82     0.000
   3405.88     0.000
   3406.00     0.000
   3406.12     0.000
   3406.24     0.000
   3406.36     0.000
   3406.48     0.000
   3406.54     0.000
   3406.66     0.000
   3406.78     0.000
   3406.90     0.000
   3407.02     0.000
   3407.08     0.000
   3407.20     0.000
   3407.32     0.000
   3407.44     0.000
   3407.56     0.000
   3407.62     0.000
   3407.74     0.000
   3407.86     0.000
   3407.98     0.000
   3408.10     0.000
   3408.22     0.000
   3408.28     0.000
   3408.40     0.000
   3408.52     0.000
   3408.64     0.000
   3408.76     0.000
   3408.88     0.000
   3408.94     0.000
   3409.06     0.000
   3409.18     0.000
   3409.30     0.000
   3409.42     0.000
   3409.48     0.000
   3409.60     0.000
   3409.72     0.000
   3409.84     0.000
   3409.96     0.000
   3410.08     0.000
   3410.14     0.000
   3410.26     0.000
   3410.38     0.000
   3410.50     0.000
   3410.62     0.000
   3410.74     0.000
   3410.80     0.000
   3410.92     0.000
   3411.04     0.000
   3411.16     0.000
   3411.28     0.000
   3411.34     0.000
   3411.46     0.000
   3411.58     0.000
   3411.70     0.000
   3411.82     0.000
   3411.94     0.000
   3412.00     0.000
   3412.12     0.000
   3412.24     0.000
   3412.36     0.000
   3412.48     0.000
   3412.54     0.000
   3412.66     0.000
   3412.78     0.000
   3412.90     0.000
   3413.02     0.000
   3413.08     0.000
   3413.20     0.000
   3413.32     0.000
   3413.44     0.000
   3413.56     0.000
   3413.68     0.000
   3413.74     0.000
   3413.86     0.000
   3413.98     0.000
   3414.10     0.000
   3414.22     0.000
   3414.34     0.000
   3414.40     0.000
   3414.52     0.000
   3414.64     0.000
   3414.76     0.000
   3414.88     0.000
   3414.94     0.000
   3415.06     0.000
   3415.18     0.000
   3415.30     0.000
   3415.42     0.000
   3415.54     0.000
   3415.60     0.000
   3415.72     0.000
   3415.84     0.000
   3415.96     0.000
   3416.08     0.000
   3416.14     0.000
   3416.26     0.000
   3416.38     0.000
   3416.50     0.000
   3416.62     0.000
   3416.74     0.000
   3416.80     0.000
   3416.92     0.000
   3417.04     0.000
   3417.16     0.000
   3417.28     0.000
   3417.34     0.000
   3417.46     0.000
   3417.58     0.000
   3417.70     0.000
   3417.82     0.000
   3417.94     0.000
   3418.00     0.000
   3418.12     0.000
   3418.24     0.000
   3418.36     0.000
   3418.48     0.000
   3418.54     0.000
   3418.66     0.000
   3418.78     0.000
   3418.90     0.000
   3419.02     0.000
   3419.14     0.000
   3419.20     0.000
   3419.32     0.000
   3419.44     0.000
   3419.56     0.000
   3419.68     0.000
   3419.74     0.000
   3419.86     0.000
   3419.98     0.000
   3420.10     0.000
   3420.22     0.000
   3420.34     0.000
   3420.40     0.000
   3420.52     0.000
   3420.64     0.000
   3420.76     0.000
   3420.88     0.000
   3421.00     0.000
   3421.06     0.000
   3421.18     0.000
   3421.30     0.000
   3421.42     0.000
   3421.54     0.000
   3421.60     0.000
   3421.72     0.000
   3421.84     0.000
   3421.96     0.000
   3422.08     0.000
   3422.20     0.000
   3422.26     0.000
   3422.38     0.000
   3422.50     0.000
   3422.62     0.000
   3422.74     0.000
   3422.80     0.000
   3422.92     0.000
   3423.04     0.000
   3423.16     0.000
   3423.28     0.000
   3423.40     0.000
   3423.46     0.000
   3423.58     0.000
   3423.70     0.000
   3423.82     0.000
   3423.94     0.000
   3424.06     0.000
   3424.12     0.000
   3424.24     0.000
   3424.36     0.000
   3424.48     0.000
   3424.60     0.000
   3424.66     0.000
   3424.78     0.000
   3424.90     0.000
   3425.02     0.000
   3425.14     0.000
   3425.26     0.000
   3425.32     0.000
   3425.44     0.000
   3425.56     0.000
   3425.68     0.000
   3425.80     0.000
   3425.86     0.000
   3425.98     0.000
   3426.10     0.000
   3426.22     0.000
   3426.34     0.000
   3426.46     0.000
   3426.52     0.000
   3426.64     0.000
   3426.76     0.000
   3426.88     0.000
   3427.00     0.000
   3427.12     0.000
   3427.18     0.000
   3427.30     0.000
   3427.42     0.000
   3427.54     0.000
   3427.66     0.000
   3427.72     0.000
   3427.84     0.000
   3427.96     0.000
   3428.08     0.000
   3428.20     0.000
   3428.26     0.000
   3428.38     0.000
   3428.50     0.000
   3428.62     0.000
   3428.74     0.000
   3428.86     0.000
   3428.92     0.000
   3429.04     0.000
   3429.16     0.000
   3429.28     0.000
   3429.40     0.000
   3429.46     0.000
   3429.58     0.000
   3429.70     0.000
   3429.82     0.000
   3429.94     0.000
   3430.06     0.000
   3430.12     0.000
   3430.24     0.000
   3430.36     0.000
   3430.48     0.000
   3430.60     0.000
   3430.72     0.000
   3430.78     0.000
   3430.90     0.000
   3431.02     0.000
   3431.14     0.001
   3431.26     0.001
   3431.32     0.000
   3431.44     0.001
   3431.56     0.001
   3431.68     0.001
   3431.80     0.001
   3431.92     0.001
   3431.98     0.001
   3432.10     0.001
   3432.22     0.001
   3432.34     0.001
   3432.46     0.001
   3432.52     0.001
   3432.64     0.001
   3432.76     0.001
   3432.88     0.001
   3433.00     0.001
   3433.12     0.001
   3433.18     0.001
   3433.30     0.001
   3433.42     0.001
   3433.54     0.000
   3433.66     0.001
   3433.72     0.000
   3433.84     0.000
   3433.96     0.000
   3434.08     0.000
   3434.20     0.000
   3434.32     0.000
   3434.38     0.000
   3434.50     0.000
   3434.62     0.000
   3434.74     0.000
   3434.86     0.000
   3434.98     0.000
   3435.04     0.000
   3435.16     0.000
   3435.28     0.000
   3435.40     0.000
   3435.52     0.000
   3435.58     0.000
   3435.70     0.000
   3435.82     0.000
   3435.94     0.000
   3436.06     0.000
   3436.18     0.000
   3436.24     0.000
   3436.36     0.000
   3436.48     0.000
   3436.60     0.000
   3436.72     0.000
   3436.84     0.000
   3436.90     0.000
   3437.02     0.000
   3437.14     0.000
   3437.26     0.000
   3437.38     0.000
   3437.44     0.000
   3437.56     0.000
   3437.68     0.000
   3437.80     0.000
   3437.92     0.000
   3437.98     0.000
   3438.10     0.000
   3438.22     0.000
   3438.34     0.000
   3438.46     0.000
   3438.58     0.000
   3438.64     0.000
   3438.76     0.000
   3438.88     0.000
   3439.00     0.000
   3439.12     0.000
   3439.24     0.000
   3439.30     0.000
   3439.42     0.000
   3439.54     0.000
   3439.66     0.000
   3439.78     0.000
   3439.84     0.000
   3439.96     0.000
   3440.08     0.000
   3440.20     0.000
   3440.32     0.000
   3440.44     0.000
   3440.50     0.000
   3440.62     0.000
   3440.74     0.000
   3440.86     0.000
   3440.98     0.000
   3441.04     0.000
   3441.16     0.000
   3441.28     0.000
   3441.40     0.000
   3441.52     0.000
   3441.58     0.000
   3441.70     0.000
   3441.82     0.000
   3441.94     0.000
   3442.06     0.000
   3442.18     0.000
   3442.24     0.000
   3442.36     0.000
   3442.48     0.000
   3442.60     0.000
   3442.72     0.000
   3442.84     0.000
   3442.90     0.000
   3443.02     0.000
   3443.14     0.000
   3443.26     0.000
   3443.38     0.000
   3443.44     0.000
   3443.56     0.000
   3443.68     0.000
   3443.80     0.000
   3443.92     0.000
   3444.04     0.000
   3444.10     0.000
   3444.22     0.000
   3444.34     0.000
   3444.46     0.000
   3444.58     0.000
   3444.70     0.000
   3444.76     0.000
   3444.88     0.000
   3445.00     0.000
   3445.12     0.000
   3445.24     0.000
   3445.30     0.000
   3445.42     0.000
   3445.54     0.000
   3445.66     0.000
   3445.78     0.000
   3445.84     0.000
   3445.96     0.000
   3446.08     0.000
   3446.20     0.000
   3446.32     0.000
   3446.44     0.000
   3446.50     0.000
   3446.62     0.000
   3446.74     0.000
   3446.86     0.000
   3446.98     0.000
   3447.04     0.000
   3447.16     0.000
   3447.28     0.000
   3447.40     0.000
   3447.52     0.000
   3447.64     0.000
   3447.70     0.000
   3447.82     0.000
   3447.94     0.000
   3448.06     0.000
   3448.18     0.000
   3448.30     0.000
   3448.36     0.000
   3448.48     0.000
   3448.60     0.000
   3448.72     0.000
   3448.84     0.000
   3448.90     0.000
   3449.02     0.000
   3449.14     0.000
   3449.26     0.000
   3449.38     0.000
   3449.50     0.000
   3449.56     0.000
   3449.68     0.000
   3449.80     0.000
   3449.92     0.000
   3450.04     0.000
   3450.10     0.000
   3450.22     0.000
   3450.34     0.000
   3450.46     0.000
   3450.58     0.000
   3450.70     0.000
   3450.76     0.000
   3450.88     0.000
   3451.00     0.000
   3451.12     0.000
   3451.24     0.000
   3451.30     0.000
   3451.42     0.000
   3451.54     0.000
   3451.66     0.000
   3451.78     0.000
   3451.90     0.000
   3451.96     0.000
   3452.08     0.000
   3452.20     0.000
   3452.32     0.000
   3452.44     0.000
   3452.56     0.000
   3452.62     0.000
   3452.74     0.000
   3452.86     0.000
   3452.98     0.000
   3453.10     0.000
   3453.16     0.000
   3453.28     0.000
   3453.40     0.000
   3453.52     0.000
   3453.64     0.000
   3453.70     0.000
   3453.82     0.000
   3453.94     0.000
   3454.06     0.000
   3454.18     0.000
   3454.30     0.000
   3454.36     0.000
   3454.48     0.000
   3454.60     0.000
   3454.72     0.000
   3454.84     0.000
   3454.96     0.000
   3455.02     0.000
   3455.14     0.000
   3455.26     0.000
   3455.38     0.000
   3455.50     0.000
   3455.62     0.000
   3455.68     0.000
   3455.80     0.000
   3455.92     0.000
   3456.04     0.000
   3456.16     0.000
   3456.22     0.000
   3456.34     0.000
   3456.46     0.000
   3456.58     0.000
   3456.70     0.000
   3456.76     0.000
   3456.88     0.000
   3457.00     0.000
   3457.12     0.000
   3457.24     0.000
   3457.36     0.000
   3457.42     0.000
   3457.54     0.000
   3457.66     0.000
   3457.78     0.000
   3457.90     0.000
   3458.02     0.000
   3458.08     0.000
   3458.20     0.000
   3458.32     0.000
   3458.44     0.000
   3458.56     0.000
   3458.62     0.000
   3458.74     0.000
   3458.86     0.000
   3458.98     0.000
   3459.10     0.000
   3459.22     0.000
   3459.28     0.000
   3459.40     0.000
   3459.52     0.000
   3459.64     0.000
   3459.76     0.000
   3459.82     0.000
   3459.94     0.000
   3460.06     0.000
   3460.18     0.000
   3460.30     0.000
   3460.42     0.000
   3460.48     0.000
   3460.60     0.000
   3460.72     0.000
   3460.84     0.000
   3460.96     0.000
   3461.02     0.000
   3461.14     0.000
   3461.26     0.000
   3461.38     0.000
   3461.50     0.000
   3461.62     0.000
   3461.68     0.000
   3461.80     0.000
   3461.92     0.000
   3462.04     0.000
   3462.16     0.000
   3462.22     0.000
   3462.34     0.000
   3462.46     0.000
   3462.58     0.000
   3462.70     0.000
   3462.82     0.000
   3462.88     0.000
   3463.00     0.000
   3463.12     0.000
   3463.24     0.000
   3463.36     0.000
   3463.48     0.000
   3463.54     0.000
   3463.66     0.000
   3463.78     0.000
   3463.90     0.000
   3464.02     0.000
   3464.08     0.000
   3464.20     0.000
   3464.32     0.000
   3464.44     0.000
   3464.56     0.000
   3464.68     0.000
   3464.74     0.000
   3464.86     0.000
   3464.98     0.000
   3465.10     0.001
   3465.22     0.001
   3465.28     0.001
   3465.40     0.001
   3465.52     0.001
   3465.64     0.001
   3465.76     0.001
   3465.88     0.001
   3465.94     0.001
   3466.06     0.001
   3466.18     0.001
   3466.30     0.001
   3466.42     0.001
   3466.48     0.001
   3466.60     0.001
   3466.72     0.001
   3466.84     0.001
   3466.96     0.001
   3467.08     0.001
   3467.14     0.001
   3467.26     0.001
   3467.38     0.001
   3467.50     0.001
   3467.62     0.001
   3467.68     0.001
   3467.80     0.001
   3467.92     0.001
   3468.04     0.000
   3468.16     0.000
   3468.28     0.000
   3468.34     0.000
   3468.46     0.000
   3468.58     0.000
   3468.70     0.000
   3468.82     0.000
   3468.94     0.000
   3469.00     0.000
   3469.12     0.000
   3469.24     0.000
   3469.36     0.000
   3469.48     0.000
   3469.54     0.000
   3469.66     0.000
   3469.78     0.000
   3469.90     0.000
   3470.02     0.000
   3470.14     0.000
   3470.20     0.000
   3470.32     0.000
   3470.44     0.000
   3470.56     0.000
   3470.68     0.000
   3470.74     0.000
   3470.86     0.000
   3470.98     0.000
   3471.10     0.000
   3471.22     0.000
   3471.34     0.000
   3471.40     0.000
   3471.52     0.000
   3471.64     0.000
   3471.76     0.000
   3471.88     0.000
   3471.94     0.000
   3472.06     0.000
   3472.18     0.000
   3472.30     0.000
   3472.42     0.000
   3472.54     0.000
   3472.60     0.000
   3472.72     0.000
   3472.84     0.000
   3472.96     0.000
   3473.08     0.000
   3473.14     0.000
   3473.26     0.000
   3473.38     0.000
   3473.50     0.000
   3473.62     0.000
   3473.74     0.000
   3473.80     0.000
   3473.92     0.000
   3474.04     0.000
   3474.16     0.000
   3474.28     0.000
   3474.34     0.000
   3474.46     0.000
   3474.58     0.000
   3474.70     0.000
   3474.82     0.000
   3474.94     0.000
   3475.00     0.000
   3475.12     0.000
   3475.24     0.000
   3475.36     0.000
   3475.48     0.000
   3475.60     0.000
   3475.66     0.000
   3475.78     0.000
   3475.90     0.000
   3476.02     0.000
   3476.14     0.000
   3476.20     0.000
   3476.32     0.000
   3476.44     0.000
   3476.56     0.000
   3476.68     0.000
   3476.80     0.000
   3476.86     0.000
   3476.98     0.000
   3477.10     0.000
   3477.22     0.000
   3477.34     0.000
   3477.46     0.000
   3477.52     0.000
   3477.64     0.000
   3477.76     0.000
   3477.88     0.000
   3478.00     0.000
   3478.06     0.000
   3478.18     0.000
   3478.30     0.000
   3478.42     0.000
   3478.54     0.000
   3478.60     0.000
   3478.72     0.000
   3478.84     0.000
   3478.96     0.000
   3479.08     0.000
   3479.20     0.000
   3479.26     0.000
   3479.38     0.000
   3479.50     0.000
   3479.62     0.000
   3479.74     0.000
   3479.86     0.000
   3479.92     0.000
   3480.04     0.000
   3480.16     0.000
   3480.28     0.000
   3480.40     0.000
   3480.46     0.000
   3480.58     0.000
   3480.70     0.000
   3480.82     0.000
   3480.94     0.000
   3481.06     0.000
   3481.12     0.000
   3481.24     0.000
   3481.36     0.000
   3481.48     0.000
   3481.60     0.000
   3481.66     0.000
   3481.78     0.000
   3481.90     0.000
   3482.02     0.000
   3482.14     0.000
   3482.26     0.000
   3482.32     0.000
   3482.44     0.000
   3482.56     0.000
   3482.68     0.000
   3482.80     0.000
   3482.86     0.000
   3482.98     0.000
   3483.10     0.000
   3483.22     0.000
   3483.34     0.001
   3483.46     0.001
   3483.52     0.001
   3483.64     0.001
   3483.76     0.001
   3483.88     0.001
   3484.00     0.001
   3484.06     0.001
   3484.18     0.001
   3484.30     0.001
   3484.42     0.001
   3484.54     0.001
   3484.66     0.001
   3484.72     0.001
   3484.84     0.001
   3484.96     0.001
   3485.08     0.001
   3485.20     0.001
   3485.32     0.001
   3485.38     0.001
   3485.50     0.001
   3485.62     0.001
   3485.74     0.001
   3485.86     0.001
   3485.92     0.001
   3486.04     0.001
   3486.16     0.001
   3486.28     0.001
   3486.40     0.001
   3486.52     0.001
   3486.58     0.001
   3486.70     0.001
   3486.82     0.001
   3486.94     0.001
   3487.06     0.001
   3487.12     0.001
   3487.24     0.000
   3487.36     0.000
   3487.48     0.000
   3487.60     0.000
   3487.72     0.000
   3487.78     0.000
   3487.90     0.000
   3488.02     0.000
   3488.14     0.000
   3488.26     0.000
   3488.32     0.000
   3488.44     0.000
   3488.56     0.000
   3488.68     0.000
   3488.80     0.000
   3488.92     0.000
   3488.98     0.000
   3489.10     0.000
   3489.22     0.000
   3489.34     0.000
   3489.46     0.000
   3489.52     0.000
   3489.64     0.000
   3489.76     0.000
   3489.88     0.000
   3490.00     0.000
   3490.12     0.000
   3490.18     0.000
   3490.30     0.000
   3490.42     0.000
   3490.54     0.000
   3490.66     0.000
   3490.78     0.000
   3490.84     0.000
   3490.96     0.000
   3491.08     0.000
   3491.20     0.000
   3491.32     0.000
   3491.38     0.000
   3491.50     0.000
   3491.62     0.000
   3491.74     0.000
   3491.86     0.000
   3491.98     0.000
   3492.04     0.000
   3492.16     0.000
   3492.28     0.000
   3492.40     0.000
   3492.52     0.000
   3492.64     0.000
   3492.70     0.000
   3492.82     0.000
   3492.94     0.000
   3493.06     0.000
   3493.18     0.000
   3493.24     0.000
   3493.36     0.000
   3493.48     0.000
   3493.60     0.000
   3493.72     0.000
   3493.84     0.000
   3493.90     0.000
   3494.02     0.000
   3494.14     0.000
   3494.26     0.000
   3494.38     0.000
   3494.44     0.000
   3494.56     0.000
   3494.68     0.001
   3494.80     0.001
   3494.92     0.000
   3494.98     0.001
   3495.10     0.001
   3495.22     0.001
   3495.34     0.001
   3495.46     0.001
   3495.58     0.001
   3495.64     0.001
   3495.76     0.001
   3496.30     0.001
   3496.30     0.001
   3496.42     0.001
   3496.54     0.001
   3496.66     0.001
   3496.78     0.001
   3496.84     0.001
   3496.96     0.001
   3497.08     0.001
   3497.20     0.001
   3497.32     0.001
   3497.44     0.001
   3497.50     0.001
   3497.62     0.001
   3497.74     0.001
   3497.86     0.001
   3497.98     0.001
   3498.04     0.001
   3498.16     0.001
   3498.28     0.000
   3498.40     0.000
   3498.52     0.000
   3498.64     0.000
   3498.70     0.000
   3498.82     0.000
   3498.94     0.000
   3499.06     0.000
   3499.18     0.000
   3499.24     0.000
   3499.36     0.000
   3499.48     0.000
   3499.60     0.000
   3499.72     0.000
   3499.84     0.000
   3499.90     0.000
   3500.02     0.000
   3500.14     0.000
   3500.26     0.000
   3500.38     0.000
   3500.44     0.000
   3500.56     0.000
   3500.68     0.000
   3500.80     0.000
   3500.92     0.000
   3501.04     0.000
   3501.10     0.000
   3501.22     0.000
   3501.34     0.000
   3501.46     0.000
   3501.58     0.000
   3501.70     0.000
   3501.76     0.000
   3501.88     0.000
   3502.00     0.000
   3502.12     0.000
   3502.24     0.000
   3502.30     0.000
   3502.42     0.000
   3502.54     0.000
   3502.66     0.000
   3502.78     0.000
   3502.90     0.000
   3502.96     0.000
   3503.08     0.000
   3503.20     0.000
   3503.32     0.000
   3503.44     0.000
   3503.50     0.000
   3503.62     0.000
   3503.74     0.000
   3503.86     0.000
   3503.98     0.000
   3504.10     0.000
   3504.16     0.000
   3504.28     0.001
   3504.40     0.001
   3504.52     0.001
   3504.64     0.001
   3504.76     0.001
   3504.82     0.001
   3504.94     0.001
   3505.06     0.001
   3505.18     0.001
   3505.30     0.001
   3505.36     0.001
   3505.48     0.001
   3505.60     0.001
   3505.72     0.001
   3505.84     0.001
   3505.90     0.001
   3506.02     0.001
   3506.14     0.001
   3506.26     0.001
   3506.38     0.001
   3506.50     0.001
   3506.56     0.001
   3506.68     0.001
   3506.80     0.001
   3506.92     0.001
   3507.04     0.001
   3507.10     0.001
   3507.22     0.001
   3507.34     0.001
   3507.46     0.001
   3507.58     0.001
   3507.70     0.001
   3507.76     0.001
   3507.88     0.001
   3508.00     0.001
   3508.12     0.001
   3508.24     0.001
   3508.36     0.000
   3508.42     0.001
   3508.54     0.000
   3508.66     0.000
   3508.78     0.000
   3508.90     0.000
   3508.96     0.000
   3509.08     0.000
   3509.20     0.000
   3509.32     0.000
   3509.44     0.000
   3509.56     0.000
   3509.62     0.000
   3509.74     0.000
   3509.86     0.000
   3509.98     0.000
   3510.10     0.000
   3510.22     0.000
   3510.28     0.000
   3510.40     0.000
   3510.52     0.000
   3510.64     0.000
   3510.76     0.000
   3510.82     0.000
   3510.94     0.000
   3511.06     0.000
   3511.18     0.000
   3511.30     0.000
   3511.36     0.000
   3511.48     0.000
   3511.60     0.000
   3511.72     0.000
   3511.84     0.000
   3511.96     0.000
   3512.02     0.000
   3512.14     0.000
   3512.26     0.001
   3512.38     0.001
   3512.50     0.000
   3512.56     0.000
   3512.68     0.000
   3512.80     0.000
   3512.92     0.000
   3513.04     0.000
   3513.16     0.000
   3513.22     0.000
   3513.34     0.000
   3513.46     0.000
   3513.58     0.001
   3513.70     0.001
   3513.82     0.000
   3513.88     0.000
   3514.00     0.000
   3514.12     0.000
   3514.24     0.000
   3514.36     0.000
   3514.48     0.000
   3514.54     0.000
   3514.66     0.000
   3514.78     0.000
   3514.90     0.001
   3515.02     0.001
   3515.08     0.001
   3515.20     0.001
   3515.32     0.001
   3515.44     0.001
   3515.56     0.001
   3515.62     0.001
   3515.74     0.001
   3515.86     0.001
   3515.98     0.001
   3516.10     0.001
   3516.22     0.001
   3516.28     0.001
   3516.40     0.001
   3516.52     0.001
   3516.64     0.001
   3516.76     0.001
   3516.88     0.001
   3516.94     0.001
   3517.06     0.001
   3517.18     0.001
   3517.30     0.001
   3517.42     0.001
   3517.48     0.001
   3517.60     0.001
   3517.72     0.001
   3517.84     0.001
   3517.96     0.001
   3518.08     0.001
   3518.14     0.001
   3518.26     0.001
   3518.38     0.001
   3518.50     0.001
   3518.62     0.001
   3518.68     0.001
   3518.80     0.001
   3518.92     0.001
   3519.04     0.001
   3519.16     0.001
   3519.28     0.001
   3519.34     0.001
   3519.46     0.001
   3519.58     0.001
   3519.70     0.001
   3519.82     0.001
   3519.88     0.001
   3520.00     0.001
   3520.12     0.001
   3520.24     0.001
   3520.36     0.001
   3520.48     0.001
   3520.54     0.001
   3520.66     0.001
   3520.78     0.001
   3520.90     0.001
   3521.02     0.001
   3521.14     0.001
   3521.20     0.001
   3521.32     0.001
   3521.44     0.001
   3521.56     0.001
   3521.68     0.001
   3521.74     0.001
   3521.86     0.001
   3521.98     0.001
   3522.10     0.001
   3522.22     0.001
   3522.34     0.001
   3522.40     0.001
   3522.52     0.001
   3522.64     0.001
   3522.76     0.001
   3522.88     0.001
   3522.94     0.001
   3523.06     0.001
   3523.18     0.001
   3523.30     0.001
   3523.42     0.001
   3523.54     0.001
   3523.60     0.001
   3523.72     0.001
   3523.84     0.001
   3523.96     0.001
   3524.08     0.001
   3524.14     0.001
   3524.26     0.000
   3524.38     0.000
   3524.50     0.000
   3524.62     0.000
   3524.74     0.000
   3524.80     0.000
   3524.92     0.000
   3525.04     0.000
   3525.16     0.000
   3525.28     0.000
   3525.40     0.000
   3525.46     0.000
   3525.58     0.000
   3525.70     0.000
   3525.82     0.000
   3525.94     0.000
   3526.00     0.000
   3526.12     0.000
   3526.24     0.000
   3526.36     0.000
   3526.48     0.000
   3526.60     0.000
   3526.66     0.000
   3526.78     0.000
   3526.90     0.000
   3527.02     0.000
   3527.14     0.000
   3527.20     0.000
   3527.32     0.000
   3527.44     0.000
   3527.56     0.000
   3527.68     0.000
   3527.74     0.000
   3527.86     0.000
   3527.98     0.000
   3528.10     0.001
   3528.22     0.001
   3528.34     0.001
   3528.40     0.001
   3528.52     0.001
   3528.64     0.001
   3528.76     0.001
   3528.88     0.001
   3529.00     0.001
   3529.06     0.001
   3529.18     0.001
   3529.30     0.001
   3529.42     0.001
   3529.54     0.001
   3529.60     0.001
   3529.72     0.001
   3529.84     0.001
   3529.96     0.001
   3530.08     0.001
   3530.20     0.001
   3530.26     0.001
   3530.38     0.001
   3530.50     0.001
   3530.62     0.001
   3530.74     0.001
   3530.86     0.001
   3530.92     0.001
   3531.04     0.001
   3531.16     0.001
   3531.28     0.001
   3531.40     0.001
   3531.46     0.001
   3531.58     0.001
   3531.70     0.001
   3531.82     0.001
   3531.94     0.001
   3532.00     0.001
   3532.12     0.001
   3532.24     0.001
   3532.36     0.001
   3532.48     0.001
   3532.60     0.001
   3532.66     0.001
   3532.78     0.001
   3532.90     0.001
   3533.02     0.001
   3533.14     0.001
   3533.26     0.001
   3533.32     0.001
   3533.44     0.001
   3533.56     0.001
   3533.68     0.001
   3533.80     0.001
   3533.86     0.001
   3533.98     0.001
   3534.10     0.001
   3534.22     0.001
   3534.34     0.001
   3534.46     0.001
   3534.52     0.001
   3534.64     0.001
   3534.76     0.001
   3534.88     0.001
   3535.00     0.001
   3535.06     0.001
   3535.18     0.001
   3535.30     0.001
   3535.42     0.001
   3535.54     0.001
   3535.66     0.000
   3535.72     0.000
   3535.84     0.000
   3535.96     0.000
   3536.08     0.000
   3536.20     0.000
   3536.26     0.000
   3536.38     0.000
   3536.50     0.001
   3536.62     0.000
   3536.74     0.000
   3536.86     0.000
   3536.92     0.001
   3537.04     0.000
   3537.16     0.000
   3537.28     0.000
   3537.40     0.000
   3537.52     0.001
   3537.58     0.001
   3537.70     0.001
   3537.82     0.000
   3537.94     0.000
   3538.06     0.000
   3538.12     0.000
   3538.24     0.000
   3538.36     0.000
   3538.48     0.000
   3538.60     0.000
   3538.72     0.001
   3538.78     0.001
   3538.90     0.001
   3539.02     0.001
   3539.14     0.001
   3539.26     0.001
   3539.32     0.001
   3539.44     0.001
   3539.56     0.001
   3539.68     0.001
   3539.80     0.001
   3539.86     0.001
   3539.98     0.001
   3540.10     0.001
   3540.22     0.001
   3540.34     0.001
   3540.46     0.001
   3540.52     0.001
   3540.64     0.001
   3540.76     0.001
   3540.88     0.001
   3541.00     0.001
   3541.12     0.000
   3541.18     0.000
   3541.30     0.000
   3541.42     0.000
   3541.54     0.000
   3541.66     0.000
   3541.78     0.000
   3541.84     0.000
   3541.96     0.000
   3542.08     0.000
   3542.20     0.000
   3542.32     0.000
   3542.38     0.000
   3542.50     0.000
   3542.62     0.000
   3542.74     0.000
   3542.86     0.000
   3542.92     0.000
   3543.04     0.000
   3543.16     0.000
   3543.28     0.000
   3543.40     0.000
   3543.52     0.000
   3543.58     0.000
   3543.70     0.000
   3543.82     0.000
   3543.94     0.000
   3544.06     0.000
   3544.18     0.000
   3544.24     0.000
   3544.36     0.000
   3544.48     0.000
   3544.60     0.000
   3544.72     0.001
   3544.78     0.001
   3544.90     0.001
   3545.02     0.001
   3545.14     0.001
   3545.26     0.001
   3545.38     0.001
   3545.44     0.001
   3545.56     0.001
   3545.68     0.001
   3545.80     0.001
   3545.92     0.001
   3545.98     0.001
   3546.10     0.001
   3546.22     0.001
   3546.34     0.001
   3546.46     0.001
   3546.58     0.001
   3546.64     0.001
   3546.76     0.001
   3546.88     0.001
   3547.00     0.001
   3547.12     0.001
   3547.24     0.001
   3547.30     0.001
   3547.42     0.001
   3547.54     0.001
   3547.66     0.001
   3547.78     0.001
   3547.84     0.001
   3547.96     0.001
   3548.08     0.001
   3548.20     0.001
   3548.32     0.001
   3548.38     0.001
   3548.50     0.001
   3548.62     0.001
   3548.74     0.001
   3548.86     0.001
   3548.98     0.001
   3549.04     0.001
   3549.16     0.001
   3549.28     0.001
   3549.40     0.001
   3549.52     0.001
   3549.58     0.001
   3549.70     0.001
   3549.82     0.001
   3549.94     0.001
   3550.06     0.001
   3550.18     0.001
   3550.24     0.001
   3550.36     0.001
   3550.48     0.001
   3550.60     0.001
   3550.72     0.001
   3550.84     0.001
   3550.90     0.001
   3551.02     0.001
   3551.14     0.001
   3551.26     0.001
   3551.38     0.001
   3551.50     0.001
   3551.56     0.001
   3551.68     0.001
   3551.80     0.001
   3551.92     0.001
   3552.04     0.001
   3552.10     0.001
   3552.22     0.001
   3552.34     0.001
   3552.46     0.001
   3552.58     0.001
   3552.64     0.001
   3552.76     0.001
   3552.88     0.001
   3553.00     0.001
   3553.12     0.001
   3553.24     0.001
   3553.30     0.001
   3553.42     0.001
   3553.54     0.001
   3553.66     0.001
   3553.78     0.001
   3553.84     0.001
   3553.96     0.001
   3554.08     0.001
   3554.20     0.001
   3554.32     0.001
   3554.44     0.001
   3554.50     0.001
   3554.62     0.001
   3554.74     0.001
   3554.86     0.001
   3554.98     0.001
   3555.10     0.001
   3555.16     0.001
   3555.28     0.001
   3555.40     0.001
   3555.52     0.001
   3555.64     0.001
   3555.70     0.001
   3555.82     0.001
   3555.94     0.001
   3556.06     0.000
   3556.18     0.000
   3556.30     0.000
   3556.36     0.000
   3556.48     0.000
   3556.60     0.000
   3556.72     0.000
   3556.84     0.001
   3556.90     0.001
   3557.02     0.000
   3557.14     0.000
   3557.26     0.000
   3557.38     0.000
   3557.50     0.000
   3557.56     0.000
   3557.68     0.000
   3557.80     0.000
   3557.92     0.000
   3558.04     0.000
   3558.16     0.000
   3558.22     0.000
   3558.34     0.000
   3558.46     0.000
   3558.58     0.000
   3558.70     0.000
   3558.76     0.000
   3558.88     0.000
   3559.00     0.000
   3559.12     0.000
   3559.24     0.000
   3559.36     0.000
   3559.42     0.000
   3559.54     0.000
   3559.66     0.000
   3559.78     0.000
   3559.90     0.000
   3559.96     0.000
   3560.08     0.000
   3560.20     0.000
   3560.32     0.000
   3560.44     0.000
   3560.50     0.000
   3560.62     0.000
   3560.74     0.000
   3560.86     0.000
   3560.98     0.000
   3561.10     0.000
   3561.16     0.000
   3561.28     0.000
   3561.40     0.000
   3561.52     0.000
   3561.64     0.000
   3561.76     0.000
   3561.82     0.000
   3561.94     0.000
   3562.06     0.000
   3562.18     0.000
   3562.30     0.000
   3562.42     0.000
   3562.48     0.000
   3562.60     0.000
   3562.72     0.000
   3562.84     0.000
   3562.96     0.000
   3563.02     0.000
   3563.14     0.000
   3563.26     0.000
   3563.38     0.000
   3563.50     0.000
   3563.62     0.000
   3563.68     0.000
   3563.80     0.000
   3563.92     0.000
   3564.04     0.000
   3564.16     0.000
   3564.22     0.000
   3564.34     0.000
   3564.46     0.000
   3564.58     0.000
   3564.70     0.001
   3564.76     0.001
   3564.88     0.001
   3565.00     0.001
   3565.12     0.001
   3565.24     0.001
   3565.36     0.001
   3565.42     0.001
   3565.54     0.001
   3565.66     0.001
   3565.78     0.001
   3565.90     0.001
   3566.02     0.001
   3566.08     0.001
   3566.20     0.001
   3566.32     0.001
   3566.44     0.001
   3566.56     0.001
   3566.62     0.001
   3566.74     0.001
   3566.86     0.001
   3566.98     0.001
   3567.10     0.001
   3567.22     0.001
   3567.28     0.001
   3567.40     0.001
   3567.52     0.001
   3567.64     0.001
   3567.76     0.001
   3567.88     0.001
   3567.94     0.001
   3568.06     0.001
   3568.18     0.001
   3568.30     0.001
   3568.42     0.001
   3568.48     0.001
   3568.60     0.001
   3568.72     0.001
   3568.84     0.001
   3568.96     0.001
   3569.02     0.001
   3569.14     0.001
   3569.26     0.001
   3569.38     0.001
   3569.50     0.001
   3569.62     0.001
   3569.68     0.001
   3569.80     0.001
   3569.92     0.001
   3570.04     0.001
   3570.16     0.001
   3570.28     0.001
   3570.34     0.001
   3570.46     0.001
   3570.58     0.001
   3570.70     0.001
   3570.82     0.001
   3570.88     0.001
   3571.00     0.001
   3571.12     0.001
   3571.24     0.001
   3571.36     0.001
   3571.48     0.001
   3571.54     0.001
   3571.66     0.001
   3571.78     0.001
   3571.90     0.001
   3572.02     0.001
   3572.08     0.001
   3572.20     0.001
   3572.32     0.001
   3572.44     0.001
   3572.56     0.001
   3572.68     0.001
   3572.74     0.001
   3572.86     0.001
   3572.98     0.001
   3573.10     0.001
   3573.22     0.001
   3573.28     0.001
   3573.40     0.001
   3573.52     0.001
   3573.64     0.001
   3573.76     0.001
   3573.88     0.001
   3573.94     0.001
   3574.06     0.001
   3574.18     0.001
   3574.30     0.001
   3574.42     0.001
   3574.48     0.001
   3574.60     0.001
   3574.72     0.000
   3574.84     0.000
   3574.96     0.000
   3575.08     0.000
   3575.14     0.000
   3575.26     0.001
   3575.38     0.000
   3575.50     0.000
   3575.62     0.001
   3575.68     0.001
   3575.80     0.000
   3575.92     0.000
   3576.04     0.000
   3576.16     0.000
   3576.28     0.000
   3576.34     0.000
   3576.46     0.000
   3576.58     0.000
   3576.70     0.000
   3576.82     0.000
   3576.88     0.000
   3577.00     0.000
   3577.12     0.000
   3577.24     0.000
   3577.36     0.000
   3577.48     0.000
   3577.54     0.000
   3577.66     0.000
   3577.78     0.000
   3577.90     0.000
   3578.02     0.000
   3578.14     0.000
   3578.20     0.000
   3578.32     0.000
   3578.44     0.000
   3578.56     0.000
   3578.68     0.000
   3578.80     0.000
   3578.86     0.000
   3578.98     0.000
   3579.10     0.000
   3579.22     0.000
   3579.34     0.000
   3579.40     0.001
   3579.52     0.000
   3579.64     0.000
   3579.76     0.000
   3579.88     0.000
   3579.94     0.000
   3580.06     0.000
   3580.18     0.000
   3580.30     0.000
   3580.42     0.000
   3580.54     0.000
   3580.60     0.000
   3580.72     0.000
   3580.84     0.000
   3580.96     0.000
   3581.08     0.000
   3581.14     0.000
   3581.26     0.000
   3581.38     0.000
   3581.50     0.000
   3581.62     0.000
   3581.74     0.000
   3581.80     0.000
   3581.92     0.000
   3582.04     0.000
   3582.16     0.000
   3582.28     0.000
   3582.40     0.000
   3582.46     0.000
   3582.58     0.000
   3582.70     0.000
   3582.82     0.000
   3582.94     0.000
   3583.00     0.000
   3583.12     0.000
   3583.24     0.000
   3583.36     0.000
   3583.48     0.000
   3583.60     0.000
   3583.66     0.000
   3583.78     0.000
   3583.90     0.000
   3584.02     0.000
   3584.14     0.000
   3584.26     0.000
   3584.32     0.000
   3584.44     0.000
   3584.56     0.000
   3584.68     0.000
   3584.80     0.000
   3584.86     0.000
   3584.98     0.000
   3585.10     0.000
   3585.22     0.000
   3585.34     0.000
   3585.40     0.000
   3585.52     0.000
   3585.64     0.000
   3585.76     0.000
   3585.88     0.000
   3586.00     0.000
   3586.06     0.000
   3586.18     0.000
   3586.30     0.000
   3586.42     0.000
   3586.54     0.000
   3586.60     0.000
   3586.72     0.000
   3586.84     0.000
   3586.96     0.000
   3587.08     0.000
   3587.20     0.000
   3587.26     0.000
   3587.38     0.000
   3587.50     0.000
   3587.62     0.000
   3587.74     0.001
   3587.86     0.001
   3587.92     0.001
   3588.04     0.001
   3588.16     0.001
   3588.28     0.001
   3588.40     0.001
   3588.46     0.001
   3588.58     0.001
   3588.70     0.001
   3588.82     0.001
   3588.94     0.001
   3589.06     0.001
   3589.12     0.001
   3589.24     0.001
   3589.36     0.001
   3589.48     0.001
   3589.60     0.001
   3589.66     0.001
   3589.78     0.001
   3589.90     0.001
   3590.02     0.001
   3590.14     0.001
   3590.26     0.001
   3590.32     0.001
   3590.44     0.001
   3590.56     0.001
   3590.68     0.001
   3590.80     0.001
   3590.86     0.001
   3590.98     0.001
   3591.10     0.001
   3591.22     0.001
   3591.34     0.001
   3591.46     0.001
   3591.52     0.001
   3591.64     0.001
   3591.76     0.001
   3591.88     0.001
   3592.00     0.001
   3592.12     0.001
   3592.18     0.001
   3592.30     0.001
   3592.42     0.001
   3592.54     0.001
   3592.66     0.001
   3592.72     0.001
   3592.84     0.001
   3592.96     0.001
   3593.08     0.001
   3593.20     0.001
   3593.26     0.001
   3593.38     0.001
   3593.50     0.001
   3593.62     0.001
   3593.74     0.001
   3593.86     0.001
   3593.92     0.001
   3594.04     0.001
   3594.16     0.001
   3594.28     0.001
   3594.40     0.001
   3594.52     0.001
   3594.58     0.001
   3594.70     0.001
   3594.82     0.001
   3594.94     0.001
   3595.06     0.001
   3595.18     0.001
   3595.24     0.001
   3595.36     0.001
   3595.48     0.001
   3595.60     0.001
   3595.72     0.001
   3595.78     0.001
   3595.90     0.001
   3596.02     0.001
   3596.14     0.001
   3596.26     0.001
   3596.32     0.001
   3596.44     0.001
   3596.56     0.001
   3596.68     0.001
   3596.80     0.001
   3596.92     0.001
   3596.98     0.001
   3597.10     0.001
   3597.22     0.001
   3597.34     0.001
   3597.46     0.001
   3597.52     0.001
   3597.64     0.001
   3597.76     0.001
   3597.88     0.001
   3598.00     0.001
   3598.12     0.001
   3598.18     0.001
   3598.30     0.000
   3598.42     0.000
   3598.54     0.000
   3598.66     0.000
   3598.78     0.000
   3598.84     0.000
   3598.96     0.000
   3599.08     0.000
   3599.20     0.000
   3599.32     0.000
   3599.38     0.000
   3599.50     0.000
   3599.62     0.000
   3599.74     0.000
   3599.86     0.000
   3599.98     0.000
   3600.04     0.000
   3600.16     0.000
   3600.28     0.000
   3600.40     0.000
   3600.52     0.000
   3600.58     0.000
   3600.70     0.000
   3600.82     0.000
   3600.94     0.000
   3601.06     0.000
   3601.18     0.000
   3601.24     0.000
   3601.36     0.000
   3601.48     0.000
   3601.60     0.000
   3601.72     0.000
   3601.78     0.000
   3601.90     0.000
   3602.02     0.000
   3602.14     0.000
   3602.26     0.000
   3602.38     0.000
   3602.44     0.001
   3602.56     0.001
   3602.68     0.001
   3602.80     0.001
   3602.92     0.000
   3603.04     0.000
   3603.10     0.000
   3603.22     0.000
   3603.34     0.000
   3603.46     0.000
   3603.58     0.000
   3603.64     0.000
   3603.76     0.000
   3603.88     0.000
   3604.00     0.000
   3604.12     0.000
   3604.24     0.000
   3604.30     0.000
   3604.42     0.000
   3604.54     0.000
   3604.66     0.000
   3604.78     0.000
   3604.90     0.000
   3604.96     0.000
   3605.08     0.000
   3605.20     0.001
   3605.32     0.001
   3605.80     0.001
   3605.86     0.001
   3605.98     0.001
   3606.04     0.001
   3606.16     0.001
   3606.28     0.001
   3606.40     0.001
   3606.52     0.001
   3606.64     0.001
   3606.70     0.001
   3606.82     0.001
   3606.94     0.001
   3607.06     0.001
   3607.18     0.000
   3607.24     0.000
   3607.36     0.000
   3607.48     0.000
   3607.60     0.000
   3607.72     0.000
   3607.84     0.000
   3607.90     0.000
   3608.02     0.000
   3608.14     0.000
   3608.26     0.000
   3608.38     0.000
   3608.44     0.000
   3608.56     0.000
   3608.68     0.000
   3608.80     0.000
   3608.92     0.000
   3609.04     0.000
   3609.10     0.000
   3609.22     0.000
   3609.34     0.000
   3609.46     0.000
   3609.58     0.000
   3609.64     0.000
   3609.76     0.000
   3609.88     0.000
   3610.00     0.000
   3610.12     0.000
   3610.24     0.000
   3610.30     0.000
   3610.42     0.000
   3610.54     0.000
   3610.66     0.000
   3610.78     0.000
   3610.90     0.000
   3610.96     0.000
   3611.08     0.000
   3611.20     0.000
   3611.32     0.000
   3611.44     0.000
   3611.50     0.000
   3611.62     0.000
   3611.74     0.000
   3611.86     0.000
   3611.98     0.000
   3612.10     0.000
   3612.16     0.000
   3612.28     0.000
   3612.40     0.000
   3612.52     0.000
   3612.64     0.000
   3612.70     0.001
   3612.82     0.001
   3612.94     0.001
   3613.06     0.001
   3613.18     0.001
   3613.30     0.001
   3613.36     0.001
   3613.48     0.001
   3613.60     0.001
   3613.72     0.001
   3613.84     0.001
   3613.90     0.001
   3614.02     0.001
   3614.14     0.001
   3614.26     0.001
   3614.38     0.001
   3614.50     0.001
   3614.56     0.001
   3614.68     0.001
   3614.80     0.001
   3614.92     0.001
   3615.04     0.001
   3615.16     0.001
   3615.22     0.001
   3615.34     0.001
   3615.46     0.001
   3615.58     0.001
   3615.70     0.001
   3615.76     0.001
   3615.88     0.001
   3616.00     0.001
   3616.12     0.001
   3616.24     0.001
   3616.36     0.001
   3616.42     0.001
   3616.54     0.001
   3616.66     0.001
   3616.78     0.001
   3616.90     0.001
   3616.96     0.001
   3617.08     0.001
   3617.20     0.001
   3617.32     0.001
   3617.44     0.001
   3617.56     0.001
   3617.62     0.001
   3617.74     0.001
   3617.86     0.001
   3617.98     0.001
   3618.10     0.001
   3618.16     0.001
   3618.28     0.001
   3618.40     0.001
   3618.52     0.001
   3618.64     0.001
   3618.76     0.001
   3618.82     0.001
   3618.94     0.001
   3619.06     0.001
   3619.18     0.001
   3619.30     0.001
   3619.42     0.001
   3619.48     0.001
   3619.60     0.001
   3619.72     0.001
   3619.84     0.001
   3619.96     0.001
   3620.02     0.001
   3620.14     0.001
   3620.26     0.001
   3620.38     0.001
   3620.50     0.001
   3620.62     0.001
   3620.68     0.001
   3620.80     0.001
   3620.92     0.001
   3621.04     0.001
   3621.16     0.001
   3621.28     0.001
   3621.34     0.001
   3621.46     0.001
   3621.58     0.001
   3621.70     0.001
   3621.82     0.001
   3621.88     0.001
   3622.00     0.001
   3622.12     0.001
   3622.24     0.001
   3622.36     0.001
   3622.42     0.001
   3622.54     0.001
   3622.66     0.001
   3622.78     0.001
   3622.90     0.001
   3623.02     0.001
   3623.08     0.001
   3623.20     0.001
   3623.32     0.001
   3623.44     0.001
   3623.56     0.001
   3623.62     0.001
   3623.74     0.001
   3623.86     0.001
   3623.98     0.001
   3624.10     0.001
   3624.22     0.001
   3624.28     0.001
   3624.40     0.001
   3624.52     0.001
   3624.64     0.001
   3624.76     0.001
   3624.88     0.001
   3624.94     0.001
   3625.06     0.001
   3625.18     0.001
   3625.30     0.001
   3625.42     0.001
   3625.48     0.001
   3625.60     0.001
   3625.72     0.001
   3625.84     0.001
   3625.96     0.001
   3626.02     0.001
   3626.14     0.001
   3626.26     0.001
   3626.38     0.001
   3626.50     0.001
   3626.62     0.001
   3626.68     0.001
   3626.80     0.001
   3626.92     0.001
   3627.04     0.001
   3627.16     0.001
   3627.28     0.001
   3627.34     0.001
   3627.46     0.001
   3627.58     0.001
   3627.70     0.000
   3627.82     0.000
   3627.88     0.000
   3628.00     0.000
   3628.12     0.001
   3628.24     0.001
   3628.36     0.000
   3628.48     0.000
   3628.54     0.000
   3628.66     0.000
   3628.78     0.000
   3628.90     0.000
   3629.02     0.000
   3629.08     0.000
   3629.20     0.000
   3629.32     0.000
   3629.44     0.000
   3629.56     0.000
   3629.68     0.000
   3629.74     0.000
   3629.86     0.000
   3629.98     0.000
   3630.10     0.001
   3630.22     0.001
   3630.28     0.001
   3630.40     0.001
   3630.52     0.001
   3630.64     0.001
   3630.76     0.001
   3630.88     0.001
   3630.94     0.001
   3631.06     0.001
   3631.18     0.001
   3631.30     0.001
   3631.42     0.001
   3631.54     0.001
   3631.60     0.001
   3631.72     0.001
   3631.84     0.001
   3631.96     0.001
   3632.08     0.001
   3632.20     0.001
   3632.26     0.001
   3632.38     0.001
   3632.50     0.001
   3632.62     0.001
   3632.74     0.001
   3632.80     0.001
   3632.92     0.001
   3633.04     0.001
   3633.16     0.001
   3633.28     0.001
   3633.34     0.001
   3633.46     0.001
   3633.58     0.001
   3633.70     0.001
   3633.82     0.001
   3633.94     0.001
   3634.00     0.001
   3634.12     0.001
   3634.24     0.001
   3634.36     0.001
   3634.48     0.001
   3634.54     0.001
   3634.66     0.001
   3634.78     0.001
   3634.90     0.001
   3635.02     0.001
   3635.14     0.001
   3635.20     0.001
   3635.32     0.001
   3635.44     0.001
   3635.56     0.001
   3635.68     0.001
   3635.74     0.001
   3635.86     0.001
   3635.98     0.001
   3636.10     0.001
   3636.22     0.001
   3636.34     0.001
   3636.40     0.001
   3636.52     0.001
   3636.64     0.001
   3636.76     0.001
   3636.88     0.001
   3637.00     0.001
   3637.06     0.001
   3637.18     0.001
   3637.30     0.001
   3637.42     0.001
   3637.54     0.001
   3637.60     0.001
   3637.72     0.001
   3637.84     0.001
   3637.96     0.001
   3638.08     0.001
   3638.20     0.000
   3638.26     0.000
   3638.38     0.000
   3638.50     0.000
   3638.62     0.000
   3638.74     0.000
   3638.80     0.000
   3638.92     0.000
   3639.04     0.000
   3639.16     0.000
   3639.28     0.000
   3639.40     0.000
   3639.46     0.000
   3639.58     0.000
   3639.70     0.000
   3639.82     0.001
   3639.94     0.000
   3640.06     0.000
   3640.12     0.000
   3640.24     0.001
   3640.36     0.000
   3640.48     0.001
   3640.60     0.001
   3640.66     0.001
   3640.78     0.000
   3640.90     0.000
   3641.02     0.000
   3641.14     0.000
   3641.20     0.000
   3641.32     0.000
   3641.44     0.000
   3641.56     0.000
   3641.68     0.000
   3641.80     0.000
   3641.86     0.000
   3641.98     0.000
   3642.10     0.000
   3642.22     0.000
   3642.34     0.000
   3642.46     0.000
   3642.52     0.000
   3642.64     0.000
   3642.76     0.000
   3642.88     0.000
   3643.00     0.000
   3643.06     0.000
   3643.18     0.000
   3643.30     0.000
   3643.42     0.000
   3643.54     0.000
   3643.66     0.000
   3643.72     0.000
   3643.84     0.000
   3643.96     0.000
   3644.08     0.000
   3644.20     0.000
   3644.26     0.000
   3644.38     0.000
   3644.50     0.000
   3644.62     0.000
   3644.74     0.000
   3644.86     0.000
   3644.92     0.000
   3645.04     0.000
   3645.16     0.000
   3645.28     0.000
   3645.40     0.000
   3645.46     0.001
   3645.58     0.001
   3645.70     0.001
   3645.82     0.001
   3645.94     0.001
   3646.06     0.001
   3646.12     0.001
   3646.24     0.001
   3646.36     0.001
   3646.48     0.001
   3646.60     0.001
   3646.66     0.001
   3646.78     0.001
   3646.90     0.001
   3647.02     0.001
   3647.14     0.001
   3647.26     0.001
   3647.32     0.001
   3647.44     0.001
   3647.56     0.001
   3647.68     0.001
   3647.80     0.001
   3647.86     0.001
   3647.98     0.001
   3648.10     0.001
   3648.22     0.001
   3648.34     0.001
   3648.46     0.001
   3648.52     0.001
   3648.64     0.001
   3648.76     0.001
   3648.88     0.001
   3649.00     0.001
   3649.12     0.001
   3649.18     0.001
   3649.30     0.001
   3649.42     0.001
   3649.54     0.001
   3649.66     0.001
   3649.72     0.001
   3649.84     0.001
   3649.96     0.001
   3650.08     0.001
   3650.20     0.001
   3650.32     0.001
   3650.38     0.001
   3650.50     0.001
   3650.62     0.001
   3650.74     0.001
   3650.86     0.001
   3650.92     0.001
   3651.04     0.001
   3651.16     0.001
   3651.28     0.001
   3651.40     0.001
   3651.52     0.001
   3651.58     0.001
   3651.70     0.001
   3651.82     0.001
   3651.94     0.001
   3652.06     0.001
   3652.12     0.001
   3652.24     0.001
   3652.36     0.001
   3652.48     0.001
   3652.60     0.001
   3652.72     0.001
   3652.78     0.001
   3652.90     0.001
   3653.02     0.001
   3653.14     0.001
   3653.26     0.001
   3653.38     0.001
   3653.44     0.001
   3653.56     0.001
   3653.68     0.001
   3653.80     0.001
   3653.92     0.001
   3653.98     0.001
   3654.10     0.001
   3654.22     0.001
   3654.34     0.001
   3654.46     0.001
   3654.58     0.001
   3654.64     0.001
   3654.76     0.001
   3654.88     0.001
   3655.00     0.001
   3655.12     0.001
   3655.18     0.001
   3655.30     0.001
   3655.42     0.001
   3655.54     0.001
   3655.66     0.001
   3655.78     0.001
   3655.84     0.001
   3655.96     0.001
   3656.08     0.001
   3656.20     0.001
   3656.32     0.001
   3656.38     0.001
   3656.50     0.001
   3656.62     0.001
   3656.74     0.001
   3656.86     0.001
   3656.98     0.001
   3657.04     0.001
   3657.16     0.001
   3657.28     0.001
   3657.40     0.001
   3657.52     0.001
   3657.58     0.001
   3657.70     0.001
   3657.82     0.001
   3657.94     0.001
   3658.06     0.001
   3658.18     0.001
   3658.24     0.001
   3658.36     0.001
   3658.48     0.001
   3658.60     0.001
   3658.72     0.001
   3658.84     0.001
   3658.90     0.001
   3659.02     0.001
   3659.14     0.001
   3659.26     0.001
   3659.38     0.001
   3659.44     0.001
   3659.56     0.001
   3659.68     0.001
   3659.80     0.001
   3659.92     0.001
   3660.04     0.001
   3660.10     0.001
   3660.22     0.001
   3660.34     0.001
   3660.46     0.001
   3660.58     0.001
   3660.64     0.001
   3660.76     0.001
   3660.88     0.001
   3661.00     0.001
   3661.12     0.001
   3661.24     0.001
   3661.30     0.001
   3661.42     0.001
   3661.54     0.000
   3661.66     0.001
   3661.78     0.000
   3661.84     0.000
   3661.96     0.000
   3662.08     0.000
   3662.20     0.000
   3662.32     0.000
   3662.44     0.000
   3662.50     0.000
   3662.62     0.000
   3662.74     0.000
   3662.86     0.000
   3662.98     0.000
   3663.04     0.000
   3663.16     0.000
   3663.28     0.000
   3663.40     0.000
   3663.52     0.000
   3663.64     0.001
   3663.70     0.000
   3663.82     0.000
   3663.94     0.000
   3664.06     0.000
   3664.18     0.000
   3664.24     0.000
   3664.36     0.000
   3664.48     0.000
   3664.60     0.000
   3664.72     0.000
   3664.84     0.000
   3664.90     0.001
   3665.02     0.001
   3665.14     0.001
   3665.26     0.001
   3665.38     0.001
   3665.50     0.001
   3665.56     0.001
   3665.68     0.001
   3665.80     0.001
   3665.92     0.001
   3666.04     0.001
   3666.10     0.001
   3666.22     0.001
   3666.34     0.001
   3666.46     0.001
   3666.58     0.001
   3666.70     0.001
   3666.76     0.001
   3666.88     0.001
   3667.00     0.001
   3667.12     0.001
   3667.24     0.001
   3667.30     0.001
   3667.42     0.001
   3667.54     0.001
   3667.66     0.001
   3667.78     0.001
   3667.90     0.001
   3667.96     0.001
   3668.08     0.001
   3668.20     0.001
   3668.32     0.001
   3668.44     0.001
   3668.50     0.001
   3668.62     0.001
   3668.74     0.001
   3668.86     0.001
   3668.98     0.001
   3669.10     0.001
   3669.16     0.001
   3669.28     0.001
   3669.40     0.001
   3669.52     0.001
   3669.64     0.001
   3669.76     0.001
   3669.82     0.001
   3669.94     0.001
   3670.06     0.001
   3670.18     0.001
   3670.30     0.001
   3670.36     0.001
   3670.48     0.001
   3670.60     0.001
   3670.72     0.001
   3670.84     0.001
   3670.96     0.001
   3671.02     0.001
   3671.14     0.001
   3671.26     0.001
   3671.38     0.001
   3671.50     0.001
   3671.56     0.001
   3671.68     0.001
   3671.80     0.001
   3671.92     0.001
   3672.04     0.001
   3672.16     0.001
   3672.22     0.001
   3672.34     0.001
   3672.46     0.001
   3672.58     0.001
   3672.70     0.001
   3672.82     0.001
   3672.88     0.001
   3673.00     0.001
   3673.12     0.001
   3673.24     0.001
   3673.36     0.001
   3673.42     0.001
   3673.54     0.001
   3673.66     0.001
   3673.78     0.001
   3673.90     0.001
   3673.96     0.001
   3674.08     0.001
   3674.20     0.001
   3674.32     0.001
   3674.44     0.001
   3674.56     0.001
   3674.62     0.001
   3674.74     0.001
   3674.86     0.001
   3674.98     0.001
   3675.10     0.001
   3675.16     0.001
   3675.28     0.001
   3675.40     0.001
   3675.52     0.001
   3675.64     0.001
   3675.76     0.001
   3675.82     0.001
   3675.94     0.001
   3676.06     0.001
   3676.18     0.001
   3676.30     0.001
   3676.42     0.001
   3676.48     0.001
   3676.60     0.001
   3676.72     0.001
   3676.84     0.001
   3676.96     0.001
   3677.02     0.001
   3677.14     0.001
   3677.26     0.001
   3677.38     0.001
   3677.50     0.001
   3677.62     0.001
   3677.68     0.001
   3677.80     0.001
   3677.92     0.001
   3678.04     0.001
   3678.16     0.001
   3678.28     0.001
   3678.34     0.001
   3678.46     0.001
   3678.58     0.001
   3678.70     0.001
   3678.82     0.001
   3678.88     0.001
   3679.00     0.001
   3679.12     0.001
   3679.24     0.001
   3679.36     0.000
   3679.42     0.000
   3679.54     0.001
   3679.66     0.000
   3679.78     0.000
   3679.90     0.000
   3680.02     0.000
   3680.08     0.000
   3680.20     0.000
   3680.32     0.000
   3680.44     0.000
   3680.56     0.000
   3680.68     0.000
   3680.74     0.000
   3680.86     0.000
   3680.98     0.000
   3681.10     0.000
   3681.22     0.000
   3681.28     0.000
   3681.40     0.000
   3681.52     0.000
   3681.64     0.000
   3681.76     0.000
   3681.88     0.000
   3681.94     0.000
   3682.06     0.000
   3682.18     0.001
   3682.30     0.001
   3682.42     0.001
   3682.48     0.001
   3682.60     0.001
   3682.72     0.001
   3682.84     0.001
   3682.96     0.001
   3683.08     0.001
   3683.14     0.001
   3683.26     0.001
   3683.38     0.001
   3683.50     0.001
   3683.62     0.001
   3683.68     0.001
   3683.80     0.001
   3683.92     0.001
   3684.04     0.001
   3684.16     0.001
   3684.28     0.001
   3684.34     0.001
   3684.46     0.001
   3684.58     0.001
   3684.70     0.001
   3684.82     0.001
   3684.88     0.001
   3685.00     0.001
   3685.12     0.001
   3685.24     0.001
   3685.36     0.001
   3685.48     0.001
   3685.54     0.001
   3685.66     0.001
   3685.78     0.001
   3685.90     0.001
   3686.02     0.001
   3686.14     0.001
   3686.20     0.001
   3686.32     0.001
   3686.44     0.001
   3686.56     0.001
   3686.68     0.001
   3686.74     0.001
   3686.86     0.001
   3686.98     0.001
   3687.10     0.001
   3687.22     0.001
   3687.34     0.001
   3687.40     0.001
   3687.52     0.001
   3687.64     0.001
   3687.76     0.001
   3687.88     0.001
   3687.94     0.001
   3688.06     0.001
   3688.18     0.001
   3688.30     0.001
   3688.42     0.001
   3688.54     0.001
   3688.60     0.001
   3688.72     0.001
   3688.84     0.001
   3688.96     0.001
   3689.08     0.001
   3689.14     0.001
   3689.26     0.001
   3689.38     0.001
   3689.50     0.001
   3689.62     0.000
   3689.74     0.000
   3689.80     0.000
   3689.92     0.000
   3690.04     0.000
   3690.16     0.000
   3690.28     0.000
   3690.34     0.000
   3690.46     0.000
   3690.58     0.001
   3690.70     0.001
   3690.82     0.001
   3690.94     0.000
   3691.00     0.000
   3691.12     0.000
   3691.24     0.000
   3691.36     0.000
   3691.48     0.001
   3691.60     0.001
   3691.66     0.001
   3691.78     0.001
   3691.90     0.001
   3692.02     0.001
   3692.14     0.001
   3692.20     0.001
   3692.32     0.001
   3692.44     0.001
   3692.56     0.001
   3692.68     0.001
   3692.80     0.001
   3692.86     0.001
   3692.98     0.001
   3693.10     0.001
   3693.22     0.001
   3693.34     0.001
   3693.40     0.001
   3693.52     0.001
   3693.64     0.001
   3693.76     0.001
   3693.88     0.001
   3694.00     0.001
   3694.06     0.001
   3694.18     0.001
   3694.30     0.001
   3694.42     0.001
   3694.54     0.001
   3694.66     0.001
   3694.72     0.001
   3694.84     0.001
   3694.96     0.001
   3695.08     0.001
   3695.20     0.001
   3695.26     0.001
   3695.38     0.001
   3695.50     0.001
   3695.62     0.001
   3695.74     0.001
   3695.80     0.001
   3695.92     0.001
   3696.04     0.001
   3696.16     0.001
   3696.28     0.001
   3696.40     0.001
   3696.46     0.001
   3696.58     0.001
   3696.70     0.001
   3696.82     0.001
   3696.94     0.001
   3697.00     0.001
   3697.12     0.001
   3697.24     0.001
   3697.36     0.001
   3697.48     0.001
   3697.60     0.001
   3697.66     0.001
   3697.78     0.001
   3697.90     0.001
   3698.02     0.001
   3698.14     0.001
   3698.26     0.001
   3698.32     0.001
   3698.44     0.001
   3698.56     0.001
   3698.68     0.001
   3698.80     0.001
   3698.86     0.001
   3698.98     0.001
   3699.10     0.001
   3699.22     0.001
   3699.34     0.001
   3699.46     0.001
   3699.52     0.001
   3699.64     0.001
   3699.76     0.001
   3699.88     0.001
   3700.00     0.001
   3700.06     0.001
   3700.18     0.001
   3700.30     0.001
   3700.42     0.001
   3700.54     0.001
   3700.66     0.001
   3700.72     0.001
   3700.84     0.001
   3700.96     0.001
   3701.08     0.001
   3701.20     0.001
   3701.32     0.001
   3701.38     0.001
   3701.50     0.001
   3701.62     0.001
   3701.74     0.001
   3701.86     0.001
   3701.92     0.001
   3702.04     0.001
   3702.16     0.001
   3702.28     0.001
   3702.40     0.001
   3702.52     0.001
   3702.58     0.001
   3702.70     0.001
   3702.82     0.001
   3702.94     0.001
   3703.06     0.001
   3703.12     0.001
   3703.24     0.001
   3703.36     0.001
   3703.48     0.001
   3703.60     0.001
   3703.72     0.001
   3703.78     0.001
   3703.90     0.001
   3704.02     0.001
   3704.14     0.001
   3704.26     0.001
   3704.32     0.001
   3704.44     0.001
   3704.56     0.001
   3704.68     0.001
   3704.80     0.001
   3704.92     0.001
   3704.98     0.001
   3705.10     0.001
   3705.22     0.001
   3705.34     0.001
   3705.46     0.001
   3705.58     0.001
   3705.64     0.001
   3705.76     0.001
   3705.88     0.001
   3706.00     0.001
   3706.12     0.001
   3706.18     0.001
   3706.30     0.000
   3706.42     0.000
   3706.54     0.001
   3706.66     0.001
   3706.78     0.001
   3706.84     0.001
   3706.96     0.001
   3707.08     0.001
   3707.20     0.001
   3707.32     0.001
   3707.38     0.001
   3707.50     0.001
   3707.62     0.001
   3707.74     0.001
   3707.86     0.001
   3707.98     0.001
   3708.04     0.001
   3708.16     0.001
   3708.28     0.001
   3708.40     0.001
   3708.52     0.001
   3708.58     0.001
   3708.70     0.001
   3708.82     0.001
   3708.94     0.001
   3709.06     0.001
   3709.18     0.001
   3709.24     0.001
   3709.36     0.001
   3709.48     0.001
   3709.60     0.001
   3709.72     0.001
   3709.84     0.001
   3709.90     0.001
   3710.02     0.001
   3710.14     0.001
   3710.26     0.001
   3710.38     0.001
   3710.44     0.001
   3710.56     0.001
   3710.68     0.001
   3710.80     0.001
   3710.92     0.001
   3711.04     0.001
   3711.10     0.001
   3711.22     0.001
   3711.34     0.001
   3711.46     0.001
   3711.58     0.001
   3711.64     0.001
   3711.76     0.001
   3711.88     0.001
   3712.00     0.001
   3712.12     0.001
   3712.18     0.001
   3712.30     0.001
   3712.42     0.001
   3712.54     0.001
   3712.66     0.001
   3712.78     0.001
   3712.84     0.001
   3712.96     0.001
   3713.08     0.001
   3713.20     0.001
   3713.32     0.001
   3713.44     0.001
   3713.50     0.001
   3713.62     0.001
   3713.74     0.001
   3713.86     0.001
   3713.98     0.001
   3714.04     0.001
   3714.16     0.001
   3714.28     0.001
   3714.40     0.001
   3714.52     0.001
   3714.64     0.001
   3714.70     0.001
   3714.82     0.001
   3715.30     0.001
   3715.36     0.001
   3715.48     0.001
   3715.60     0.001
   3715.72     0.001
   3715.84     0.001
   3715.90     0.001
   3716.02     0.001
   3716.14     0.001
   3716.26     0.001
   3716.38     0.001
   3716.44     0.001
   3716.56     0.001
   3716.68     0.001
   3716.80     0.001
   3716.92     0.001
   3717.04     0.001
   3717.10     0.001
   3717.22     0.001
   3717.34     0.001
   3717.46     0.001
   3717.58     0.001
   3717.70     0.001
   3717.76     0.001
   3717.88     0.001
   3718.00     0.001
   3718.12     0.001
   3718.24     0.001
   3718.30     0.001
   3718.42     0.001
   3718.54     0.001
   3718.66     0.001
   3718.78     0.001
   3718.90     0.001
   3718.96     0.001
   3719.08     0.001
   3719.20     0.001
   3719.32     0.001
   3719.44     0.001
   3719.50     0.001
   3719.62     0.001
   3719.74     0.001
   3719.86     0.001
   3719.98     0.001
   3720.10     0.001
   3720.16     0.001
   3720.28     0.001
   3720.40     0.001
   3720.52     0.001
   3720.64     0.000
   3720.70     0.000
   3720.82     0.000
   3720.94     0.000
   3721.06     0.000
   3721.18     0.000
   3721.30     0.000
   3721.36     0.000
   3721.48     0.000
   3721.60     0.000
   3721.72     0.000
   3721.84     0.000
   3721.90     0.001
   3722.02     0.001
   3722.14     0.001
   3722.26     0.001
   3722.38     0.001
   3722.50     0.001
   3722.56     0.001
   3722.68     0.001
   3722.80     0.001
   3722.92     0.001
   3723.04     0.001
   3723.16     0.001
   3723.22     0.001
   3723.34     0.001
   3723.46     0.001
   3723.58     0.001
   3723.70     0.001
   3723.76     0.001
   3723.88     0.001
   3724.00     0.001
   3724.12     0.001
   3724.24     0.001
   3724.36     0.001
   3724.42     0.001
   3724.54     0.001
   3724.66     0.001
   3724.78     0.001
   3724.90     0.001
   3724.96     0.001
   3725.08     0.001
   3725.20     0.001
   3725.32     0.001
   3725.44     0.001
   3725.56     0.001
   3725.62     0.001
   3725.74     0.001
   3725.86     0.001
   3725.98     0.001
   3726.10     0.001
   3726.22     0.001
   3726.28     0.001
   3726.40     0.001
   3726.52     0.001
   3726.64     0.001
   3726.76     0.001
   3726.82     0.001
   3726.94     0.001
   3727.06     0.001
   3727.18     0.001
   3727.30     0.001
   3727.36     0.001
   3727.48     0.001
   3727.60     0.001
   3727.72     0.001
   3727.84     0.001
   3727.96     0.001
   3728.02     0.001
   3728.14     0.001
   3728.26     0.001
   3728.38     0.001
   3728.50     0.001
   3728.56     0.001
   3728.68     0.001
   3728.80     0.001
   3728.92     0.001
   3729.04     0.001
   3729.16     0.001
   3729.22     0.001
   3729.34     0.001
   3729.46     0.001
   3729.58     0.001
   3729.70     0.001
   3729.82     0.001
   3729.88     0.001
   3730.00     0.001
   3730.12     0.001
   3730.24     0.001
   3730.36     0.001
   3730.42     0.001
   3730.54     0.001
   3730.66     0.001
   3730.78     0.001
   3730.90     0.001
   3731.02     0.001
   3731.08     0.001
   3731.20     0.001
   3731.32     0.001
   3731.44     0.001
   3731.56     0.001
   3731.68     0.001
   3731.74     0.001
   3731.86     0.001
   3731.98     0.001
   3732.10     0.001
   3732.22     0.001
   3732.28     0.001
   3732.40     0.001
   3732.52     0.001
   3732.64     0.001
   3732.76     0.001
   3732.82     0.001
   3732.94     0.001
   3733.06     0.001
   3733.18     0.001
   3733.30     0.001
   3733.42     0.001
   3733.48     0.001
   3733.60     0.001
   3733.72     0.001
   3733.84     0.001
   3733.96     0.001
   3734.08     0.001
   3734.14     0.001
   3734.26     0.001
   3734.38     0.001
   3734.50     0.001
   3734.62     0.001
   3734.68     0.001
   3734.80     0.001
   3734.92     0.001
   3735.04     0.001
   3735.16     0.001
   3735.28     0.001
   3735.34     0.001
   3735.46     0.001
   3735.58     0.001
   3735.70     0.001
   3735.82     0.001
   3735.94     0.001
   3736.00     0.001
   3736.12     0.001
   3736.24     0.001
   3736.36     0.001
   3736.48     0.001
   3736.54     0.001
   3736.66     0.001
   3736.78     0.001
   3736.90     0.001
   3737.02     0.001
   3737.08     0.001
   3737.20     0.001
   3737.32     0.001
   3737.44     0.001
   3737.56     0.001
   3737.68     0.001
   3737.74     0.001
   3737.86     0.001
   3737.98     0.001
   3738.10     0.001
   3738.22     0.001
   3738.34     0.001
   3738.40     0.001
   3738.52     0.001
   3738.64     0.001
   3738.76     0.001
   3738.88     0.001
   3738.94     0.001
   3739.06     0.001
   3739.18     0.001
   3739.30     0.001
   3739.42     0.001
   3739.54     0.001
   3739.60     0.001
   3739.72     0.001
   3739.84     0.001
   3739.96     0.001
   3740.08     0.001
   3740.14     0.001
   3740.26     0.001
   3740.38     0.001
   3740.50     0.001
   3740.62     0.001
   3740.74     0.001
   3740.80     0.001
   3740.92     0.001
   3741.04     0.001
   3741.16     0.001
   3741.28     0.001
   3741.34     0.001
   3741.46     0.001
   3741.58     0.001
   3741.70     0.001
   3741.82     0.001
   3741.94     0.001
   3742.00     0.001
   3742.12     0.001
   3742.24     0.001
   3742.36     0.001
   3742.48     0.001
   3742.60     0.001
   3742.66     0.001
   3742.78     0.001
   3742.90     0.001
   3743.02     0.001
   3743.14     0.001
   3743.20     0.001
   3743.32     0.001
   3743.44     0.001
   3743.56     0.001
   3743.68     0.001
   3743.80     0.001
   3743.86     0.001
   3743.98     0.001
   3744.10     0.001
   3744.22     0.001
   3744.34     0.001
   3744.40     0.001
   3744.52     0.001
   3744.64     0.001
   3744.76     0.001
   3744.88     0.001
   3744.94     0.001
   3745.06     0.001
   3745.18     0.001
   3745.30     0.001
   3745.42     0.001
   3745.54     0.001
   3745.60     0.001
   3745.72     0.001
   3745.84     0.001
   3745.96     0.001
   3746.08     0.001
   3746.20     0.001
   3746.26     0.001
   3746.38     0.001
   3746.50     0.001
   3746.62     0.001
   3746.74     0.001
   3746.86     0.001
   3746.92     0.001
   3747.04     0.001
   3747.16     0.001
   3747.28     0.001
   3747.40     0.001
   3747.46     0.001
   3747.58     0.001
   3747.70     0.001
   3747.82     0.001
   3747.94     0.001
   3748.06     0.001
   3748.12     0.001
   3748.24     0.001
   3748.36     0.001
   3748.48     0.001
   3748.60     0.001
   3748.66     0.001
   3748.78     0.001
   3748.90     0.001
   3749.02     0.001
   3749.14     0.001
   3749.20     0.001
   3749.32     0.001
   3749.44     0.001
   3749.56     0.001
   3749.68     0.001
   3749.80     0.001
   3749.86     0.001
   3749.98     0.001
   3750.10     0.001
   3750.22     0.001
   3750.34     0.001
   3750.40     0.001
   3750.52     0.001
   3750.64     0.001
   3750.76     0.001
   3750.88     0.001
   3751.00     0.001
   3751.06     0.001
   3751.18     0.001
   3751.30     0.001
   3751.42     0.001
   3751.54     0.001
   3751.66     0.001
   3751.72     0.001
   3751.84     0.001
   3751.96     0.001
   3752.08     0.001
   3752.20     0.001
   3752.32     0.001
   3752.38     0.001
   3752.50     0.001
   3752.62     0.001
   3752.74     0.001
   3752.86     0.001
   3752.92     0.001
   3753.04     0.001
   3753.16     0.001
   3753.28     0.001
   3753.40     0.001
   3753.46     0.001
   3753.58     0.001
   3753.70     0.001
   3753.82     0.001
   3753.94     0.001
   3754.06     0.001
   3754.12     0.001
   3754.24     0.001
   3754.36     0.001
   3754.48     0.001
   3754.60     0.001
   3754.72     0.001
   3754.78     0.001
   3754.90     0.001
   3755.02     0.001
   3755.14     0.001
   3755.26     0.001
   3755.32     0.001
   3755.44     0.001
   3755.56     0.001
   3755.68     0.001
   3755.80     0.001
   3755.92     0.001
   3755.98     0.001
   3756.10     0.001
   3756.22     0.001
   3756.34     0.001
   3756.46     0.001
   3756.52     0.001
   3756.64     0.001
   3756.76     0.001
   3756.88     0.001
   3757.00     0.001
   3757.12     0.001
   3757.18     0.001
   3757.30     0.001
   3757.42     0.001
   3757.54     0.001
   3757.66     0.001
   3757.72     0.001
   3757.84     0.001
   3757.96     0.001
   3758.08     0.001
   3758.20     0.001
   3758.32     0.001
   3758.38     0.001
   3758.50     0.001
   3758.62     0.001
   3758.74     0.001
   3758.86     0.001
   3758.98     0.001
   3759.04     0.001
   3759.16     0.001
   3759.28     0.001
   3759.40     0.001
   3759.52     0.001
   3759.58     0.001
   3759.70     0.001
   3759.82     0.001
   3759.94     0.001
   3760.06     0.001
   3760.18     0.001
   3760.24     0.001
   3760.36     0.001
   3760.48     0.001
   3760.60     0.001
   3760.72     0.001
   3760.78     0.001
   3760.90     0.001
   3761.02     0.001
   3761.14     0.001
   3761.26     0.001
   3761.32     0.001
   3761.44     0.001
   3761.56     0.001
   3761.68     0.001
   3761.80     0.001
   3761.92     0.001
   3761.98     0.001
   3762.10     0.001
   3762.22     0.001
   3762.34     0.001
   3762.46     0.001
   3762.58     0.001
   3762.64     0.001
   3762.76     0.001
   3762.88     0.001
   3763.00     0.001
   3763.12     0.001
   3763.24     0.001
   3763.30     0.001
   3763.42     0.001
   3763.54     0.001
   3763.66     0.001
   3763.78     0.001
   3763.84     0.001
   3763.96     0.001
   3764.08     0.001
   3764.20     0.001
   3764.32     0.001
   3764.44     0.001
   3764.50     0.001
   3764.62     0.001
   3764.74     0.001
   3764.86     0.001
   3764.98     0.001
   3765.04     0.001
   3765.16     0.001
   3765.28     0.001
   3765.40     0.001
   3765.52     0.001
   3765.58     0.001
   3765.70     0.001
   3765.82     0.001
   3765.94     0.001
   3766.06     0.001
   3766.18     0.001
   3766.24     0.001
   3766.36     0.001
   3766.48     0.001
   3766.60     0.001
   3766.72     0.001
   3766.84     0.001
   3766.90     0.001
   3767.02     0.001
   3767.14     0.001
   3767.26     0.001
   3767.38     0.001
   3767.44     0.001
   3767.56     0.001
   3767.68     0.001
   3767.80     0.001
   3767.92     0.001
   3768.04     0.001
   3768.10     0.001
   3768.22     0.001
   3768.34     0.001
   3768.46     0.001
   3768.58     0.001
   3768.70     0.001
   3768.76     0.001
   3768.88     0.001
   3769.00     0.001
   3769.12     0.001
   3769.24     0.001
   3769.30     0.001
   3769.42     0.001
   3769.54     0.001
   3769.66     0.001
   3769.78     0.001
   3769.84     0.001
   3769.96     0.001
   3770.08     0.001
   3770.20     0.001
   3770.32     0.001
   3770.44     0.001
   3770.50     0.001
   3770.62     0.001
   3770.74     0.001
   3770.86     0.001
   3770.98     0.001
   3771.10     0.001
   3771.16     0.001
   3771.28     0.001
   3771.40     0.001
   3771.52     0.001
   3771.64     0.001
   3771.70     0.001
   3771.82     0.001
   3771.94     0.001
   3772.06     0.001
   3772.18     0.001
   3772.30     0.001
   3772.36     0.001
   3772.48     0.001
   3772.60     0.001
   3772.72     0.001
   3772.84     0.001
   3772.90     0.001
   3773.02     0.001
   3773.14     0.001
   3773.26     0.001
   3773.38     0.001
   3773.50     0.001
   3773.56     0.001
   3773.68     0.001
   3773.80     0.001
   3773.92     0.001
   3774.04     0.001
   3774.10     0.001
   3774.22     0.001
   3774.34     0.001
   3774.46     0.001
   3774.58     0.001
   3774.70     0.001
   3774.76     0.001
   3774.88     0.001
   3775.00     0.001
   3775.12     0.001
   3775.24     0.001
   3775.36     0.001
   3775.42     0.001
   3775.54     0.001
   3775.66     0.001
   3775.78     0.001
   3775.90     0.001
   3775.96     0.001
   3776.08     0.001
   3776.20     0.001
   3776.32     0.001
   3776.44     0.001
   3776.56     0.001
   3776.62     0.001
   3776.74     0.001
   3776.86     0.001
   3776.98     0.001
   3777.10     0.001
   3777.16     0.001
   3777.28     0.001
   3777.40     0.001
   3777.52     0.001
   3777.64     0.001
   3777.70     0.001
   3777.82     0.001
   3777.94     0.001
   3778.06     0.001
   3778.18     0.001
   3778.30     0.001
   3778.36     0.001
   3778.48     0.001
   3778.60     0.001
   3778.72     0.001
   3778.84     0.001
   3778.96     0.001
   3779.02     0.001
   3779.14     0.001
   3779.26     0.001
   3779.38     0.001
   3779.50     0.001
   3779.62     0.001
   3779.68     0.001
   3779.80     0.001
   3779.92     0.001
   3780.04     0.001
   3780.16     0.001
   3780.22     0.001
   3780.34     0.001
   3780.46     0.001
   3780.58     0.001
   3780.70     0.001
   3780.76     0.001
   3780.88     0.001
   3781.00     0.001
   3781.12     0.001
   3781.24     0.001
   3781.36     0.001
   3781.42     0.001
   3781.54     0.001
   3781.66     0.001
   3781.78     0.001
   3781.90     0.001
   3781.96     0.001
   3782.08     0.001
   3782.20     0.001
   3782.32     0.001
   3782.44     0.001
   3782.56     0.001
   3782.62     0.001
   3782.74     0.001
   3782.86     0.001
   3782.98     0.001
   3783.10     0.001
   3783.22     0.001
   3783.28     0.001
   3783.40     0.001
   3783.52     0.001
   3783.64     0.001
   3783.76     0.001
   3783.82     0.001
   3783.94     0.001
   3784.06     0.001
   3784.18     0.001
   3784.30     0.001
   3784.42     0.001
   3784.48     0.001
   3784.60     0.001
   3784.72     0.001
   3784.84     0.001
   3784.96     0.001
   3785.02     0.001
   3785.14     0.001
   3785.26     0.001
   3785.38     0.001
   3785.50     0.001
   3785.62     0.001
   3785.68     0.001
   3785.80     0.001
   3785.92     0.001
   3786.04     0.001
   3786.16     0.001
   3786.22     0.001
   3786.34     0.001
   3786.46     0.001
   3786.58     0.001
   3786.70     0.001
   3786.82     0.001
   3786.88     0.001
   3787.00     0.001
   3787.12     0.001
   3787.24     0.001
   3787.36     0.001
   3787.42     0.001
   3787.54     0.001
   3787.66     0.001
   3787.78     0.001
   3787.90     0.001
   3788.02     0.001
   3788.08     0.001
   3788.20     0.001
   3788.32     0.001
   3788.44     0.001
   3788.56     0.001
   3788.68     0.001
   3788.74     0.001
   3788.86     0.001
   3788.98     0.001
   3789.10     0.001
   3789.22     0.001
   3789.34     0.001
   3789.40     0.001
   3789.52     0.001
   3789.64     0.001
   3789.76     0.001
   3789.88     0.001
   3789.94     0.001
   3790.06     0.001
   3790.18     0.001
   3790.30     0.001
   3790.42     0.001
   3790.48     0.001
   3790.60     0.001
   3790.72     0.001
   3790.84     0.001
   3790.96     0.001
   3791.08     0.001
   3791.14     0.001
   3791.26     0.001
   3791.38     0.001
   3791.50     0.001
   3791.62     0.001
   3791.68     0.001
   3791.80     0.001
   3791.92     0.001
   3792.04     0.001
   3792.16     0.001
   3792.28     0.001
   3792.34     0.001
   3792.46     0.001
   3792.58     0.001
   3792.70     0.001
   3792.82     0.001
   3792.88     0.001
   3793.00     0.001
   3793.12     0.001
   3793.24     0.001
   3793.36     0.001
   3793.48     0.001
   3793.54     0.001
   3793.66     0.001
   3793.78     0.001
   3793.90     0.001
   3794.02     0.001
   3794.08     0.001
   3794.20     0.001
   3794.32     0.001
   3794.44     0.001
   3794.56     0.001
   3794.68     0.001
   3794.74     0.001
   3794.86     0.001
   3794.98     0.001
   3795.10     0.001
   3795.22     0.001
   3795.34     0.001
   3795.40     0.001
   3795.52     0.001
   3795.64     0.001
   3795.76     0.001
   3795.88     0.001
   3795.94     0.001
   3796.06     0.001
   3796.18     0.001
   3796.30     0.001
   3796.42     0.001
   3796.54     0.001
   3796.60     0.001
   3796.72     0.001
   3796.84     0.001
   3796.96     0.001
   3797.08     0.001
   3797.20     0.001
   3797.26     0.001
   3797.38     0.001
   3797.50     0.001
   3797.62     0.001
   3797.74     0.001
   3797.80     0.001
   3797.92     0.001
   3798.04     0.001
   3798.16     0.001
   3798.28     0.001
   3798.34     0.001
   3798.46     0.001
   3798.58     0.001
   3798.70     0.001
   3798.82     0.001
   3798.94     0.001
   3799.00     0.001
   3799.12     0.001
   3799.24     0.001
   3799.36     0.001
   3799.48     0.001
   3799.60     0.001
   3799.66     0.001
   3799.78     0.001
   3799.90     0.001
   3800.02     0.001
   3800.14     0.001
   3800.20     0.001
   3800.32     0.001
   3800.44     0.001
   3800.56     0.001
   3800.68     0.001
   3800.80     0.001
   3800.86     0.001
   3800.98     0.001
   3801.10     0.001
   3801.22     0.001
   3801.34     0.001
   3801.40     0.001
   3801.52     0.001
   3801.64     0.001
   3801.76     0.001
   3801.88     0.001
   3802.00     0.001
   3802.06     0.001
   3802.18     0.001
   3802.30     0.001
   3802.42     0.001
   3802.54     0.001
   3802.60     0.001
   3802.72     0.001
   3802.84     0.001
   3802.96     0.001
   3803.08     0.001
   3803.20     0.001
   3803.26     0.001
   3803.38     0.001
   3803.50     0.001
   3803.62     0.001
   3803.74     0.001
   3803.86     0.001
   3803.92     0.001
   3804.04     0.001
   3804.16     0.001
   3804.28     0.001
   3804.40     0.001
   3804.46     0.001
   3804.58     0.001
   3804.70     0.001
   3804.82     0.001
   3804.94     0.001
   3805.06     0.001
   3805.12     0.001
   3805.24     0.001
   3805.36     0.001
   3805.48     0.001
   3805.60     0.001
   3805.72     0.001
   3805.78     0.001
   3805.90     0.001
   3806.02     0.001
   3806.14     0.001
   3806.26     0.001
   3806.32     0.001
   3806.44     0.001
   3806.56     0.001
   3806.68     0.001
   3806.80     0.001
   3806.86     0.001
   3806.98     0.001
   3807.10     0.001
   3807.22     0.001
   3807.34     0.001
   3807.46     0.001
   3807.52     0.001
   3807.64     0.001
   3807.76     0.001
   3807.88     0.001
   3808.00     0.001
   3808.12     0.001
   3808.18     0.001
   3808.30     0.001
   3808.42     0.001
   3808.54     0.001
   3808.66     0.001
   3808.72     0.001
   3808.84     0.001
   3808.96     0.001
   3809.08     0.001
   3809.20     0.001
   3809.32     0.001
   3809.38     0.001
   3809.50     0.001
   3809.62     0.001
   3809.74     0.001
   3809.86     0.001
   3809.92     0.001
   3810.04     0.001
   3810.16     0.001
   3810.28     0.001
   3810.40     0.001
   3810.52     0.001
   3810.58     0.001
   3810.70     0.001
   3810.82     0.001
   3810.94     0.001
   3811.06     0.001
   3811.12     0.001
   3811.24     0.001
   3811.36     0.001
   3811.48     0.001
   3811.60     0.001
   3811.72     0.001
   3811.78     0.001
   3811.90     0.001
   3812.02     0.001
   3812.14     0.001
   3812.26     0.001
   3812.32     0.001
   3812.44     0.001
   3812.56     0.001
   3812.68     0.001
   3812.80     0.001
   3812.92     0.001
   3812.98     0.001
   3813.10     0.001
   3813.22     0.001
   3813.34     0.001
   3813.46     0.001
   3813.52     0.001
   3813.64     0.001
   3813.76     0.001
   3813.88     0.001
   3814.00     0.001
   3814.12     0.001
   3814.18     0.001
   3814.30     0.001
   3814.42     0.001
   3814.54     0.001
   3814.66     0.001
   3814.72     0.001
   3814.84     0.001
   3814.96     0.001
   3815.08     0.001
   3815.20     0.001
   3815.32     0.001
   3815.38     0.001
   3815.50     0.001
   3815.62     0.001
   3815.74     0.001
   3815.86     0.001
   3815.98     0.001
   3816.04     0.001
   3816.16     0.001
   3816.28     0.001
   3816.40     0.001
   3816.52     0.001
   3816.58     0.001
   3816.70     0.001
   3816.82     0.001
   3816.94     0.001
   3817.06     0.001
   3817.12     0.001
   3817.24     0.001
   3817.36     0.001
   3817.48     0.001
   3817.60     0.001
   3817.72     0.001
   3817.78     0.001
   3817.90     0.001
   3818.02     0.001
   3818.14     0.001
   3818.26     0.001
   3818.38     0.001
   3818.44     0.001
   3818.56     0.001
   3818.68     0.001
   3818.80     0.001
   3818.92     0.001
   3818.98     0.001
   3819.10     0.001
   3819.22     0.001
   3819.34     0.001
   3819.46     0.001
   3819.58     0.001
   3819.64     0.001
   3819.76     0.001
   3819.88     0.001
   3820.00     0.001
   3820.12     0.001
   3820.24     0.001
   3820.30     0.001
   3820.42     0.001
   3820.54     0.001
   3820.66     0.001
   3820.78     0.001
   3820.84     0.001
   3820.96     0.001
   3821.08     0.001
   3821.20     0.001
   3821.32     0.001
   3821.44     0.001
   3821.50     0.001
   3821.62     0.001
   3821.74     0.001
   3821.86     0.001
   3821.98     0.001
   3822.04     0.001
   3822.16     0.001
   3822.28     0.001
   3822.40     0.001
   3822.52     0.001
   3822.64     0.001
   3822.70     0.001
   3822.82     0.001
   3822.94     0.001
   3823.06     0.001
   3823.18     0.001
   3823.24     0.001
   3823.36     0.001
   3823.48     0.001
   3823.60     0.001
   3823.72     0.001
   3823.84     0.001
   3823.90     0.001
   3824.02     0.001
   3824.14     0.001
   3824.26     0.001
   3824.38     0.001
   3824.86     0.001
   3824.92     0.001
   3825.04     0.001
   3825.10     0.001
   3825.22     0.001
   3825.34     0.001
   3825.46     0.001
   3825.58     0.001
   3825.64     0.001
   3825.76     0.001
   3825.88     0.001
   3826.00     0.001
   3826.12     0.001
   3826.24     0.001
   3826.30     0.001
   3826.42     0.001
   3826.54     0.001
   3826.66     0.001
   3826.78     0.001
   3826.90     0.001
   3826.96     0.001
   3827.08     0.001
   3827.20     0.001
   3827.32     0.001
   3827.44     0.001
   3827.50     0.001
   3827.62     0.001
   3827.74     0.001
   3827.86     0.001
   3827.98     0.001
   3828.10     0.001
   3828.16     0.001
   3828.28     0.001
   3828.40     0.001
   3828.52     0.001
   3828.64     0.001
   3828.70     0.001
   3828.82     0.001
   3828.94     0.001
   3829.06     0.001
   3829.18     0.001
   3829.30     0.001
   3829.36     0.001
   3829.48     0.001
   3829.60     0.001
   3829.72     0.001
   3829.84     0.001
   3829.90     0.001
   3830.02     0.001
   3830.14     0.001
   3830.26     0.001
   3830.38     0.001
   3830.50     0.001
   3830.56     0.001
   3830.68     0.001
   3830.80     0.001
   3830.92     0.001
   3831.04     0.001
   3831.10     0.001
   3831.22     0.001
   3831.34     0.001
   3831.46     0.001
   3831.58     0.001
   3831.70     0.001
   3831.76     0.001
   3831.88     0.001
   3832.00     0.001
   3832.12     0.001
   3832.24     0.001
   3832.36     0.001
   3832.42     0.001
   3832.54     0.001
   3832.66     0.001
   3832.78     0.001
   3832.90     0.001
   3832.96     0.001
   3833.08     0.001
   3833.20     0.001
   3833.32     0.001
   3833.44     0.001
   3833.56     0.001
   3833.62     0.001
   3833.74     0.001
   3833.86     0.001
   3833.98     0.001
   3834.10     0.001
   3834.16     0.001
   3834.28     0.001
   3834.40     0.001
   3834.52     0.001
   3834.64     0.001
   3834.76     0.001
   3834.82     0.001
   3834.94     0.001
   3835.06     0.001
   3835.18     0.001
   3835.30     0.001
   3835.36     0.001
   3835.48     0.001
   3835.60     0.001
   3835.72     0.001
   3835.84     0.001
   3835.96     0.001
   3836.02     0.001
   3836.14     0.001
   3836.26     0.001
   3836.38     0.001
   3836.50     0.001
   3836.56     0.001
   3836.68     0.001
   3836.80     0.001
   3836.92     0.001
   3837.04     0.001
   3837.16     0.001
   3837.22     0.001
   3837.34     0.001
   3837.46     0.001
   3837.58     0.001
   3837.70     0.001
   3837.82     0.001
   3837.88     0.001
   3838.00     0.001
   3838.12     0.001
   3838.24     0.001
   3838.36     0.001
   3838.42     0.001
   3838.54     0.001
   3838.66     0.001
   3838.78     0.001
   3838.90     0.001
   3839.02     0.001
   3839.08     0.001
   3839.20     0.001
   3839.32     0.001
   3839.44     0.001
   3839.56     0.001
   3839.62     0.001
   3839.74     0.001
   3839.86     0.001
   3839.98     0.001
   3840.10     0.001
   3840.22     0.001
   3840.28     0.001
   3840.40     0.001
   3840.52     0.001
   3840.64     0.001
   3840.76     0.001
   3840.82     0.001
   3840.94     0.001
   3841.06     0.001
   3841.18     0.001
   3841.30     0.001
   3841.42     0.001
   3841.48     0.001
   3841.60     0.001
   3841.72     0.001
   3841.84     0.001
   3841.96     0.001
   3842.02     0.001
   3842.14     0.001
   3842.26     0.001
   3842.38     0.001
   3842.50     0.001
   3842.62     0.001
   3842.68     0.001
   3842.80     0.001
   3842.92     0.001
   3843.04     0.001
   3843.16     0.001
   3843.22     0.001
   3843.34     0.001
   3843.46     0.001
   3843.58     0.001
   3843.70     0.001
   3843.82     0.001
   3843.88     0.001
   3844.00     0.001
   3844.12     0.001
   3844.24     0.001
   3844.36     0.001
   3844.48     0.001
   3844.54     0.001
   3844.66     0.001
   3844.78     0.001
   3844.90     0.001
   3845.02     0.001
   3845.08     0.001
   3845.20     0.001
   3845.32     0.001
   3845.44     0.001
   3845.56     0.001
   3845.68     0.001
   3845.74     0.001
   3845.86     0.001
   3845.98     0.001
   3846.10     0.001
   3846.22     0.001
   3846.28     0.001
   3846.40     0.001
   3846.52     0.001
   3846.64     0.001
   3846.76     0.001
   3846.88     0.001
   3846.94     0.001
   3847.06     0.001
   3847.18     0.001
   3847.30     0.001
   3847.42     0.001
   3847.48     0.001
   3847.60     0.001
   3847.72     0.001
   3847.84     0.001
   3847.96     0.001
   3848.08     0.001
   3848.14     0.001
   3848.26     0.001
   3848.38     0.001
   3848.50     0.001
   3848.62     0.001
   3848.68     0.001
   3848.80     0.001
   3848.92     0.001
   3849.04     0.001
   3849.16     0.001
   3849.28     0.001
   3849.34     0.001
   3849.46     0.001
   3849.58     0.001
   3849.70     0.001
   3849.82     0.001
   3849.94     0.001
   3850.00     0.001
   3850.12     0.001
   3850.24     0.001
   3850.36     0.001
   3850.48     0.001
   3850.54     0.001
   3850.66     0.001
   3850.78     0.001
   3850.90     0.001
   3851.02     0.001
   3851.14     0.001
   3851.20     0.001
   3851.32     0.001
   3851.44     0.001
   3851.56     0.001
   3851.68     0.001
   3851.74     0.001
   3851.86     0.001
   3851.98     0.001
   3852.10     0.001
   3852.22     0.001
   3852.34     0.001
   3852.40     0.001
   3852.52     0.001
   3852.64     0.001
   3852.76     0.001
   3852.88     0.001
   3852.94     0.001
   3853.06     0.001
   3853.18     0.001
   3853.30     0.001
   3853.42     0.001
   3853.54     0.001
   3853.60     0.001
   3853.72     0.001
   3853.84     0.001
   3853.96     0.002
   3854.08     0.002
   3854.20     0.002
   3854.26     0.002
   3854.38     0.002
   3854.50     0.002
   3854.62     0.002
   3854.74     0.002
   3854.80     0.002
   3854.92     0.002
   3855.04     0.002
   3855.16     0.002
   3855.28     0.002
   3855.40     0.002
   3855.46     0.002
   3855.58     0.002
   3855.70     0.002
   3855.82     0.002
   3855.94     0.001
   3856.00     0.002
   3856.12     0.001
   3856.24     0.001
   3856.36     0.001
   3856.48     0.001
   3856.60     0.001
   3856.66     0.001
   3856.78     0.001
   3856.90     0.001
   3857.02     0.001
   3857.14     0.001
   3857.26     0.001
   3857.32     0.001
   3857.44     0.001
   3857.56     0.001
   3857.68     0.001
   3857.80     0.001
   3857.86     0.001
   3857.98     0.001
   3858.10     0.001
   3858.22     0.001
   3858.34     0.001
   3858.40     0.001
   3858.52     0.001
   3858.64     0.001
   3858.76     0.001
   3858.88     0.001
   3859.00     0.001
   3859.06     0.001
   3859.18     0.001
   3859.30     0.001
   3859.42     0.001
   3859.54     0.001
   3859.66     0.001
   3859.72     0.001
   3859.84     0.001
   3859.96     0.001
   3860.08     0.001
   3860.20     0.001
   3860.26     0.001
   3860.38     0.001
   3860.50     0.001
   3860.62     0.001
   3860.74     0.001
   3860.86     0.001
   3860.92     0.001
   3861.04     0.001
   3861.16     0.001
   3861.28     0.001
   3861.40     0.001
   3861.46     0.001
   3861.58     0.001
   3861.70     0.001
   3861.82     0.001
   3861.94     0.001
   3862.06     0.001
   3862.12     0.001
   3862.24     0.001
   3862.36     0.001
   3862.48     0.001
   3862.60     0.001
   3862.72     0.001
   3862.78     0.001
   3862.90     0.001
   3863.02     0.001
   3863.14     0.001
   3863.26     0.001
   3863.32     0.001
   3863.44     0.001
   3863.56     0.001
   3863.68     0.001
   3863.80     0.001
   3863.86     0.001
   3863.98     0.001
   3864.10     0.001
   3864.22     0.001
   3864.34     0.001
   3864.46     0.001
   3864.52     0.001
   3864.64     0.001
   3864.76     0.001
   3864.88     0.001
   3865.00     0.001
   3865.12     0.001
   3865.18     0.001
   3865.30     0.001
   3865.42     0.001
   3865.54     0.001
   3865.66     0.002
   3865.72     0.002
   3865.84     0.002
   3865.96     0.002
   3866.08     0.002
   3866.20     0.002
   3866.32     0.002
   3866.38     0.002
   3866.50     0.002
   3866.62     0.002
   3866.74     0.002
   3866.86     0.002
   3866.92     0.002
   3867.04     0.002
   3867.16     0.002
   3867.28     0.002
   3867.40     0.002
   3867.52     0.002
   3867.58     0.002
   3867.70     0.002
   3867.82     0.002
   3867.94     0.002
   3868.06     0.002
   3868.12     0.002
   3868.24     0.002
   3868.36     0.002
   3868.48     0.002
   3868.60     0.002
   3868.72     0.002
   3868.78     0.002
   3868.90     0.002
   3869.02     0.002
   3869.14     0.002
   3869.26     0.002
   3869.32     0.002
   3869.44     0.002
   3869.56     0.002
   3869.68     0.002
   3869.80     0.002
   3869.92     0.002
   3869.98     0.002
   3870.10     0.002
   3870.22     0.002
   3870.34     0.002
   3870.46     0.001
   3870.58     0.002
   3870.64     0.001
   3870.76     0.001
   3870.88     0.001
   3871.00     0.001
   3871.12     0.001
   3871.18     0.001
   3871.30     0.001
   3871.42     0.001
   3871.54     0.001
   3871.66     0.001
   3871.78     0.001
   3871.84     0.001
   3871.96     0.001
   3872.08     0.001
   3872.20     0.001
   3872.32     0.001
   3872.38     0.001
   3872.50     0.001
   3872.62     0.001
   3872.74     0.001
   3872.86     0.001
   3872.98     0.001
   3873.04     0.001
   3873.16     0.001
   3873.28     0.001
   3873.40     0.001
   3873.52     0.001
   3873.64     0.001
   3873.70     0.001
   3873.82     0.001
   3873.94     0.001
   3874.06     0.001
   3874.18     0.001
   3874.24     0.001
   3874.36     0.001
   3874.48     0.001
   3874.60     0.001
   3874.72     0.001
   3874.78     0.001
   3874.90     0.001
   3875.02     0.001
   3875.14     0.001
   3875.26     0.001
   3875.38     0.002
   3875.44     0.002
   3875.56     0.002
   3875.68     0.002
   3875.80     0.002
   3875.92     0.002
   3876.04     0.002
   3876.10     0.002
   3876.22     0.002
   3876.34     0.002
   3876.46     0.002
   3876.58     0.002
   3876.64     0.002
   3876.76     0.002
   3876.88     0.002
   3877.00     0.002
   3877.12     0.002
   3877.24     0.002
   3877.30     0.002
   3877.42     0.002
   3877.54     0.002
   3877.66     0.002
   3877.78     0.002
   3877.90     0.002
   3877.96     0.002
   3878.08     0.002
   3878.20     0.002
   3878.32     0.002
   3878.44     0.002
   3878.50     0.002
   3878.62     0.002
   3878.74     0.002
   3878.86     0.002
   3878.98     0.002
   3879.10     0.002
   3879.16     0.002
   3879.28     0.002
   3879.40     0.002
   3879.52     0.002
   3879.64     0.002
   3879.70     0.002
   3879.82     0.002
   3879.94     0.002
   3880.06     0.002
   3880.18     0.002
   3880.24     0.002
   3880.36     0.002
   3880.48     0.002
   3880.60     0.002
   3880.72     0.002
   3880.84     0.002
   3880.90     0.002
   3881.02     0.002
   3881.14     0.002
   3881.26     0.002
   3881.38     0.002
   3881.50     0.002
   3881.56     0.002
   3881.68     0.002
   3881.80     0.002
   3881.92     0.002
   3882.04     0.002
   3882.10     0.002
   3882.22     0.002
   3882.34     0.002
   3882.46     0.002
   3882.58     0.002
   3882.70     0.002
   3882.76     0.002
   3882.88     0.002
   3883.00     0.002
   3883.12     0.002
   3883.24     0.002
   3883.36     0.002
   3883.42     0.002
   3883.54     0.002
   3883.66     0.002
   3883.78     0.002
   3883.90     0.002
   3883.96     0.002
   3884.08     0.002
   3884.20     0.002
   3884.32     0.002
   3884.44     0.002
   3884.50     0.002
   3884.62     0.002
   3884.74     0.002
   3884.86     0.002
   3884.98     0.002
   3885.10     0.002
   3885.16     0.002
   3885.28     0.002
   3885.40     0.002
   3885.52     0.002
   3885.64     0.002
   3885.76     0.002
   3885.82     0.002
   3885.94     0.002
   3886.06     0.002
   3886.18     0.002
   3886.30     0.002
   3886.36     0.002
   3886.48     0.002
   3886.60     0.002
   3886.72     0.002
   3886.84     0.001
   3886.96     0.001
   3887.02     0.001
   3887.14     0.001
   3887.26     0.002
   3887.38     0.001
   3887.50     0.001
   3887.56     0.001
   3887.68     0.001
   3887.80     0.001
   3887.92     0.001
   3888.04     0.001
   3888.16     0.001
   3888.22     0.001
   3888.34     0.001
   3888.46     0.001
   3888.58     0.001
   3888.70     0.001
   3888.76     0.001
   3888.88     0.001
   3889.00     0.001
   3889.12     0.001
   3889.24     0.001
   3889.36     0.001
   3889.42     0.001
   3889.54     0.001
   3889.66     0.002
   3889.78     0.002
   3889.90     0.002
   3889.96     0.002
   3890.08     0.002
   3890.20     0.002
   3890.32     0.002
   3890.44     0.002
   3890.56     0.002
   3890.62     0.002
   3890.74     0.002
   3890.86     0.002
   3890.98     0.002
   3891.10     0.002
   3891.22     0.002
   3891.28     0.002
   3891.40     0.002
   3891.52     0.002
   3891.64     0.002
   3891.76     0.002
   3891.82     0.002
   3891.94     0.002
   3892.06     0.002
   3892.18     0.002
   3892.30     0.002
   3892.36     0.002
   3892.48     0.002
   3892.60     0.002
   3892.72     0.002
   3892.84     0.002
   3892.96     0.002
   3893.02     0.002
   3893.14     0.002
   3893.26     0.002
   3893.38     0.002
   3893.50     0.002
   3893.62     0.002
   3893.68     0.002
   3893.80     0.002
   3893.92     0.002
   3894.04     0.002
   3894.16     0.002
   3894.28     0.002
   3894.34     0.002
   3894.46     0.002
   3894.58     0.002
   3894.70     0.002
   3894.82     0.002
   3894.88     0.002
   3895.00     0.002
   3895.12     0.002
   3895.24     0.002
   3895.36     0.002
   3895.48     0.002
   3895.54     0.002
   3895.66     0.002
   3895.78     0.002
   3895.90     0.002
   3896.02     0.002
   3896.08     0.002
   3896.20     0.002
   3896.32     0.002
   3896.44     0.002
   3896.56     0.002
   3896.62     0.002
   3896.74     0.002
   3896.86     0.002
   3896.98     0.002
   3897.10     0.002
   3897.22     0.002
   3897.28     0.002
   3897.40     0.002
   3897.52     0.002
   3897.64     0.002
   3897.76     0.002
   3897.88     0.002
   3897.94     0.002
   3898.06     0.002
   3898.18     0.002
   3898.30     0.002
   3898.42     0.002
   3898.48     0.002
   3898.60     0.002
   3898.72     0.002
   3898.84     0.002
   3898.96     0.002
   3899.08     0.002
   3899.14     0.002
   3899.26     0.002
   3899.38     0.002
   3899.50     0.002
   3899.62     0.002
   3899.74     0.002
   3899.80     0.002
   3899.92     0.002
   3900.04     0.002
   3900.16     0.002
   3900.28     0.002
   3900.34     0.002
   3900.46     0.002
   3900.58     0.002
   3900.70     0.002
   3900.82     0.002
   3900.88     0.001
   3901.00     0.002
   3901.12     0.001
   3901.24     0.001
   3901.36     0.001
   3901.48     0.002
   3901.54     0.002
   3901.66     0.002
   3901.78     0.002
   3901.90     0.002
   3902.02     0.002
   3902.14     0.002
   3902.20     0.002
   3902.32     0.002
   3902.44     0.002
   3902.56     0.002
   3902.68     0.002
   3902.74     0.002
   3902.86     0.002
   3902.98     0.002
   3903.10     0.002
   3903.22     0.002
   3903.34     0.002
   3903.40     0.002
   3903.52     0.002
   3903.64     0.002
   3903.76     0.002
   3903.88     0.002
   3903.94     0.002
   3904.06     0.002
   3904.18     0.002
   3904.30     0.002
   3904.42     0.002
   3904.54     0.002
   3904.60     0.002
   3904.72     0.002
   3904.84     0.002
   3904.96     0.002
   3905.08     0.002
   3905.14     0.002
   3905.26     0.002
   3905.38     0.002
   3905.50     0.002
   3905.62     0.002
   3905.74     0.002
   3905.80     0.002
   3905.92     0.002
   3906.04     0.002
   3906.16     0.002
   3906.28     0.002
   3906.40     0.002
   3906.46     0.002
   3906.58     0.002
   3906.70     0.002
   3906.82     0.002
   3906.94     0.002
   3907.00     0.002
   3907.12     0.002
   3907.24     0.002
   3907.36     0.002
   3907.48     0.002
   3907.60     0.002
   3907.66     0.002
   3907.78     0.002
   3907.90     0.002
   3908.02     0.002
   3908.14     0.002
   3908.20     0.002
   3908.32     0.002
   3908.44     0.002
   3908.56     0.002
   3908.68     0.002
   3908.74     0.002
   3908.86     0.002
   3908.98     0.002
   3909.10     0.002
   3909.22     0.002
   3909.34     0.002
   3909.40     0.002
   3909.52     0.002
   3909.64     0.002
   3909.76     0.002
   3909.88     0.002
   3910.00     0.002
   3910.06     0.002
   3910.18     0.002
   3910.30     0.002
   3910.42     0.002
   3910.54     0.002
   3910.66     0.002
   3910.72     0.002
   3910.84     0.002
   3910.96     0.002
   3911.08     0.002
   3911.20     0.002
   3911.26     0.002
   3911.38     0.002
   3911.50     0.002
   3911.62     0.002
   3911.74     0.002
   3911.80     0.002
   3911.92     0.002
   3912.04     0.002
   3912.16     0.002
   3912.28     0.002
   3912.40     0.002
   3912.46     0.002
   3912.58     0.001
   3912.70     0.002
   3912.82     0.002
   3912.94     0.001
   3913.06     0.002
   3913.12     0.002
   3913.24     0.002
   3913.36     0.002
   3913.48     0.002
   3913.60     0.002
   3913.66     0.001
   3913.78     0.001
   3913.90     0.001
   3914.02     0.001
   3914.14     0.001
   3914.26     0.001
   3914.32     0.001
   3914.44     0.001
   3914.56     0.001
   3914.68     0.001
   3914.80     0.001
   3914.92     0.002
   3914.98     0.002
   3915.10     0.002
   3915.22     0.002
   3915.34     0.002
   3915.46     0.002
   3915.52     0.002
   3915.64     0.002
   3915.76     0.002
   3915.88     0.002
   3916.00     0.002
   3916.12     0.002
   3916.18     0.002
   3916.30     0.002
   3916.42     0.002
   3916.54     0.002
   3916.66     0.002
   3916.72     0.002
   3916.84     0.002
   3916.96     0.002
   3917.08     0.002
   3917.20     0.002
   3917.26     0.002
   3917.38     0.002
   3917.50     0.002
   3917.62     0.002
   3917.74     0.002
   3917.86     0.002
   3917.92     0.002
   3918.04     0.002
   3918.16     0.002
   3918.28     0.002
   3918.40     0.002
   3918.52     0.002
   3918.58     0.002
   3918.70     0.002
   3918.82     0.002
   3918.94     0.002
   3919.06     0.002
   3919.12     0.002
   3919.24     0.002
   3919.36     0.002
   3919.48     0.002
   3919.60     0.002
   3919.72     0.002
   3919.78     0.002
   3919.90     0.002
   3920.02     0.002
   3920.14     0.002
   3920.26     0.002
   3920.38     0.002
   3920.44     0.002
   3920.56     0.002
   3920.68     0.002
   3920.80     0.002
   3920.92     0.002
   3920.98     0.002
   3921.10     0.002
   3921.22     0.002
   3921.34     0.002
   3921.46     0.002
   3921.52     0.002
   3921.64     0.002
   3921.76     0.002
   3921.88     0.002
   3922.00     0.002
   3922.12     0.002
   3922.18     0.002
   3922.30     0.002
   3922.42     0.002
   3922.54     0.002
   3922.66     0.002
   3922.78     0.002
   3922.84     0.002
   3922.96     0.002
   3923.08     0.002
   3923.20     0.002
   3923.32     0.002
   3923.38     0.002
   3923.50     0.002
   3923.62     0.002
   3923.74     0.002
   3923.86     0.002
   3923.98     0.002
   3924.04     0.002
   3924.16     0.002
   3924.28     0.002
   3924.40     0.002
   3924.52     0.002
   3924.58     0.002
   3924.70     0.002
   3924.82     0.002
   3924.94     0.002
   3925.06     0.002
   3925.18     0.002
   3925.24     0.002
   3925.36     0.002
   3925.48     0.002
   3925.60     0.002
   3925.72     0.002
   3925.78     0.002
   3925.90     0.002
   3926.02     0.002
   3926.14     0.002
   3926.26     0.002
   3926.38     0.002
   3926.44     0.002
   3926.56     0.002
   3926.68     0.002
   3926.80     0.002
   3926.92     0.002
   3927.04     0.002
   3927.10     0.002
   3927.22     0.002
   3927.34     0.002
   3927.46     0.002
   3927.58     0.002
   3927.64     0.002
   3927.76     0.002
   3927.88     0.002
   3928.00     0.002
   3928.12     0.002
   3928.24     0.002
   3928.30     0.002
   3928.42     0.002
   3928.54     0.002
   3928.66     0.002
   3928.78     0.002
   3928.84     0.002
   3928.96     0.002
   3929.08     0.002
   3929.20     0.002
   3929.32     0.002
   3929.44     0.002
   3929.50     0.002
   3929.62     0.002
   3929.74     0.002
   3929.86     0.002
   3929.98     0.002
   3930.04     0.002
   3930.16     0.002
   3930.28     0.002
   3930.40     0.002
   3930.52     0.002
   3930.64     0.002
   3930.70     0.002
   3930.82     0.002
   3930.94     0.002
   3931.06     0.002
   3931.18     0.002
   3931.24     0.002
   3931.36     0.002
   3931.48     0.002
   3931.60     0.002
   3931.72     0.002
   3931.84     0.002
   3931.90     0.002
   3932.02     0.002
   3932.14     0.002
   3932.26     0.002
   3932.38     0.002
   3932.50     0.002
   3932.56     0.002
   3932.68     0.002
   3932.80     0.002
   3932.92     0.002
   3933.04     0.002
   3933.10     0.002
   3933.22     0.002
   3933.34     0.002
   3933.46     0.002
   3933.58     0.002
   3933.64     0.002
   3933.76     0.002
   3933.88     0.002
   3934.36     0.002
   3934.42     0.002
   3934.54     0.002
   3934.66     0.002
   3934.78     0.002
   3934.84     0.002
   3934.96     0.002
   3935.08     0.002
   3935.20     0.002
   3935.32     0.002
   3935.44     0.002
   3935.50     0.002
   3935.62     0.002
   3935.74     0.002
   3935.86     0.002
   3935.98     0.002
   3936.10     0.002
   3936.16     0.002
   3936.28     0.002
   3936.40     0.002
   3936.52     0.002
   3936.64     0.002
   3936.76     0.002
   3936.82     0.002
   3936.94     0.002
   3937.06     0.002
   3937.18     0.002
   3937.30     0.002
   3937.36     0.002
   3937.48     0.002
   3937.60     0.002
   3937.72     0.002
   3937.84     0.002
   3937.90     0.002
   3938.02     0.002
   3938.14     0.002
   3938.26     0.002
   3938.38     0.002
   3938.50     0.002
   3938.56     0.002
   3938.68     0.002
   3938.80     0.002
   3938.92     0.002
   3939.04     0.002
   3939.16     0.002
   3939.22     0.002
   3939.34     0.002
   3939.46     0.002
   3939.58     0.002
   3939.70     0.002
   3939.76     0.002
   3939.88     0.002
   3940.00     0.002
   3940.12     0.002
   3940.24     0.002
   3940.36     0.002
   3940.42     0.002
   3940.54     0.002
   3940.66     0.002
   3940.78     0.002
   3940.90     0.002
   3940.96     0.002
   3941.08     0.002
   3941.20     0.002
   3941.32     0.002
   3941.44     0.002
   3941.56     0.002
   3941.62     0.002
   3941.74     0.002
   3941.86     0.002
   3941.98     0.002
   3942.10     0.002
   3942.16     0.002
   3942.28     0.002
   3942.40     0.002
   3942.52     0.002
   3942.64     0.002
   3942.76     0.002
   3942.82     0.002
   3942.94     0.002
   3943.06     0.002
   3943.18     0.002
   3943.30     0.002
   3943.42     0.002
   3943.48     0.002
   3943.60     0.002
   3943.72     0.002
   3943.84     0.002
   3943.96     0.002
   3944.02     0.002
   3944.14     0.002
   3944.26     0.002
   3944.38     0.002
   3944.50     0.002
   3944.62     0.002
   3944.68     0.002
   3944.80     0.002
   3944.92     0.002
   3945.04     0.002
   3945.16     0.002
   3945.22     0.002
   3945.34     0.002
   3945.46     0.002
   3945.58     0.002
   3945.70     0.002
   3945.76     0.002
   3945.88     0.002
   3946.00     0.002
   3946.12     0.002
   3946.24     0.002
   3946.36     0.002
   3946.42     0.002
   3946.54     0.002
   3946.66     0.002
   3946.78     0.002
   3946.90     0.002
   3947.02     0.002
   3947.08     0.002
   3947.20     0.002
   3947.32     0.002
   3947.44     0.002
   3947.56     0.002
   3947.68     0.002
   3947.74     0.002
   3947.86     0.002
   3947.98     0.002
   3948.10     0.002
   3948.22     0.002
   3948.28     0.002
   3948.40     0.002
   3948.52     0.002
   3948.64     0.002
   3948.76     0.002
   3948.82     0.002
   3948.94     0.002
   3949.06     0.002
   3949.18     0.002
   3949.30     0.002
   3949.42     0.002
   3949.48     0.002
   3949.60     0.002
   3949.72     0.002
   3949.84     0.002
   3949.96     0.002
   3950.02     0.002
   3950.14     0.002
   3950.26     0.002
   3950.38     0.002
   3950.50     0.002
   3950.62     0.002
   3950.68     0.002
   3950.80     0.002
   3950.92     0.002
   3951.04     0.002
   3951.16     0.002
   3951.28     0.002
   3951.34     0.002
   3951.46     0.002
   3951.58     0.002
   3951.70     0.002
   3951.82     0.002
   3951.88     0.002
   3952.00     0.002
   3952.12     0.002
   3952.24     0.002
   3952.36     0.002
   3952.48     0.002
   3952.54     0.002
   3952.66     0.002
   3952.78     0.002
   3952.90     0.002
   3953.02     0.002
   3953.08     0.002
   3953.20     0.002
   3953.32     0.002
   3953.44     0.002
   3953.56     0.002
   3953.68     0.002
   3953.74     0.002
   3953.86     0.002
   3953.98     0.002
   3954.10     0.002
   3954.22     0.002
   3954.28     0.002
   3954.40     0.002
   3954.52     0.002
   3954.64     0.002
   3954.76     0.002
   3954.88     0.002
   3954.94     0.002
   3955.06     0.002
   3955.18     0.002
   3955.30     0.002
   3955.42     0.002
   3955.54     0.002
   3955.60     0.002
   3955.72     0.002
   3955.84     0.002
   3955.96     0.002
   3956.08     0.002
   3956.14     0.002
   3956.26     0.002
   3956.38     0.002
   3956.50     0.002
   3956.62     0.002
   3956.74     0.002
   3956.80     0.002
   3956.92     0.002
   3957.04     0.002
   3957.16     0.002
   3957.28     0.002
   3957.34     0.002
   3957.46     0.002
   3957.58     0.002
   3957.70     0.002
   3957.82     0.002
   3957.88     0.002
   3958.00     0.002
   3958.12     0.002
   3958.24     0.002
   3958.36     0.002
   3958.48     0.002
   3958.54     0.002
   3958.66     0.002
   3958.78     0.002
   3958.90     0.002
   3959.02     0.002
   3959.14     0.002
   3959.20     0.002
   3959.32     0.002
   3959.44     0.002
   3959.56     0.002
   3959.68     0.002
   3959.74     0.002
   3959.86     0.002
   3959.98     0.002
   3960.10     0.002
   3960.22     0.002
   3960.34     0.002
   3960.40     0.002
   3960.52     0.002
   3960.64     0.002
   3960.76     0.002
   3960.88     0.002
   3960.94     0.002
   3961.06     0.002
   3961.18     0.002
   3961.30     0.002
   3961.42     0.002
   3961.54     0.002
   3961.60     0.002
   3961.72     0.002
   3961.84     0.002
   3961.96     0.002
   3962.08     0.002
   3962.14     0.002
   3962.26     0.002
   3962.38     0.002
   3962.50     0.002
   3962.62     0.002
   3962.74     0.002
   3962.80     0.002
   3962.92     0.002
   3963.04     0.002
   3963.16     0.002
   3963.28     0.002
   3963.40     0.002
   3963.46     0.002
   3963.58     0.002
   3963.70     0.002
   3963.82     0.002
   3963.94     0.002
   3964.00     0.002
   3964.12     0.002
   3964.24     0.002
   3964.36     0.002
   3964.48     0.002
   3964.60     0.002
   3964.66     0.002
   3964.78     0.002
   3964.90     0.002
   3965.02     0.002
   3965.14     0.002
   3965.20     0.002
   3965.32     0.002
   3965.44     0.002
   3965.56     0.002
   3965.68     0.002
   3965.80     0.002
   3965.86     0.002
   3965.98     0.002
   3966.10     0.002
   3966.22     0.002
   3966.34     0.002
   3966.40     0.002
   3966.52     0.002
   3966.64     0.002
   3966.76     0.002
   3966.88     0.002
   3967.00     0.002
   3967.06     0.002
   3967.18     0.002
   3967.30     0.002
   3967.42     0.002
   3967.54     0.002
   3967.66     0.002
   3967.72     0.002
   3967.84     0.002
   3967.96     0.002
   3968.08     0.002
   3968.20     0.002
   3968.26     0.002
   3968.38     0.002
   3968.50     0.002
   3968.62     0.002
   3968.74     0.002
   3968.86     0.002
   3968.92     0.002
   3969.04     0.002
   3969.16     0.002
   3969.28     0.002
   3969.40     0.002
   3969.52     0.002
   3969.58     0.002
   3969.70     0.002
   3969.82     0.002
   3969.94     0.002
   3970.06     0.002
   3970.12     0.002
   3970.24     0.002
   3970.36     0.002
   3970.48     0.002
   3970.60     0.002
   3970.66     0.002
   3970.78     0.002
   3970.90     0.002
   3971.02     0.002
   3971.14     0.002
   3971.26     0.002
   3971.32     0.002
   3971.44     0.002
   3971.56     0.002
   3971.68     0.002
   3971.80     0.002
   3971.92     0.002
   3971.98     0.002
   3972.10     0.002
   3972.22     0.002
   3972.34     0.002
   3972.46     0.002
   3972.52     0.002
   3972.64     0.002
   3972.76     0.002
   3972.88     0.002
   3973.00     0.002
   3973.12     0.002
   3973.18     0.002
   3973.30     0.002
   3973.42     0.002
   3973.54     0.002
   3973.66     0.002
   3973.78     0.002
   3973.84     0.002
   3973.96     0.002
   3974.08     0.002
   3974.20     0.002
   3974.32     0.002
   3974.38     0.002
   3974.50     0.002
   3974.62     0.002
   3974.74     0.002
   3974.86     0.002
   3974.92     0.002
   3975.04     0.002
   3975.16     0.002
   3975.28     0.002
   3975.40     0.002
   3975.52     0.002
   3975.58     0.002
   3975.70     0.002
   3975.82     0.002
   3975.94     0.002
   3976.06     0.002
   3976.12     0.002
   3976.24     0.002
   3976.36     0.002
   3976.48     0.002
   3976.60     0.002
   3976.72     0.002
   3976.78     0.002
   3976.90     0.002
   3977.02     0.002
   3977.14     0.002
   3977.26     0.002
   3977.32     0.002
   3977.44     0.002
   3977.56     0.002
   3977.68     0.002
   3977.80     0.002
   3977.92     0.002
   3977.98     0.002
   3978.10     0.002
   3978.22     0.002
   3978.34     0.002
   3978.46     0.002
   3978.52     0.002
   3978.64     0.002
   3978.76     0.002
   3978.88     0.002
   3979.00     0.002
   3979.12     0.002
   3979.18     0.002
   3979.30     0.002
   3979.42     0.002
   3979.54     0.002
   3979.66     0.002
   3979.78     0.002
   3979.84     0.002
   3979.96     0.002
   3980.08     0.002
   3980.20     0.002
   3980.32     0.002
   3980.38     0.002
   3980.50     0.002
   3980.62     0.002
   3980.74     0.002
   3980.86     0.002
   3980.98     0.002
   3981.04     0.002
   3981.16     0.002
   3981.28     0.002
   3981.40     0.002
   3981.52     0.002
   3981.64     0.002
   3981.70     0.002
   3981.82     0.002
   3981.94     0.002
   3982.06     0.002
   3982.18     0.002
   3982.24     0.002
   3982.36     0.002
   3982.48     0.002
   3982.60     0.002
   3982.72     0.002
   3982.78     0.002
   3982.90     0.002
   3983.02     0.002
   3983.14     0.002
   3983.26     0.002
   3983.38     0.002
   3983.44     0.002
   3983.56     0.002
   3983.68     0.002
   3983.80     0.002
   3983.92     0.002
   3984.04     0.002
   3984.10     0.002
   3984.22     0.002
   3984.34     0.002
   3984.46     0.002
   3984.58     0.002
   3984.64     0.002
   3984.76     0.002
   3984.88     0.002
   3985.00     0.002
   3985.12     0.002
   3985.24     0.002
   3985.30     0.002
   3985.42     0.002
   3985.54     0.002
   3985.66     0.002
   3985.78     0.002
   3985.84     0.002
   3985.96     0.002
   3986.08     0.002
   3986.20     0.002
   3986.32     0.002
   3986.44     0.002
   3986.50     0.002
   3986.62     0.002
   3986.74     0.002
   3986.86     0.002
   3986.98     0.002
   3987.04     0.002
   3987.16     0.002
   3987.28     0.002
   3987.40     0.002
   3987.52     0.002
   3987.64     0.002
   3987.70     0.002
   3987.82     0.002
   3987.94     0.002
   3988.06     0.002
   3988.18     0.002
   3988.30     0.002
   3988.36     0.002
   3988.48     0.002
   3988.60     0.002
   3988.72     0.002
   3988.84     0.002
   3988.90     0.002
   3989.02     0.002
   3989.14     0.002
   3989.26     0.002
   3989.38     0.002
   3989.50     0.002
   3989.56     0.002
   3989.68     0.002
   3989.80     0.002
   3989.92     0.002
   3990.04     0.002
   3990.16     0.002
   3990.22     0.002
   3990.34     0.002
   3990.46     0.002
   3990.58     0.002
   3990.70     0.002
   3990.76     0.002
   3990.88     0.002
   3991.00     0.002
   3991.12     0.002
   3991.24     0.002
   3991.30     0.002
   3991.42     0.002
   3991.54     0.002
   3991.66     0.002
   3991.78     0.002
   3991.90     0.002
   3991.96     0.002
   3992.08     0.002
   3992.20     0.002
   3992.32     0.002
   3992.44     0.002
   3992.50     0.002
   3992.62     0.002
   3992.74     0.002
   3992.86     0.002
   3992.98     0.002
   3993.10     0.002
   3993.16     0.002
   3993.28     0.002
   3993.40     0.002
   3993.52     0.002
   3993.64     0.002
   3993.76     0.002
   3993.82     0.002
   3993.94     0.002
   3994.06     0.002
   3994.18     0.002
   3994.30     0.002
   3994.36     0.002
   3994.48     0.002
   3994.60     0.002
   3994.72     0.002
   3994.84     0.002
   3994.96     0.002
   3995.02     0.002
   3995.14     0.002
   3995.26     0.002
   3995.38     0.002
   3995.50     0.002
   3995.56     0.002
   3995.68     0.002
   3995.80     0.002
   3995.92     0.002
   3996.04     0.002
   3996.16     0.002
   3996.22     0.002
   3996.34     0.002
   3996.46     0.002
   3996.58     0.002
   3996.70     0.002
   3996.76     0.002
   3996.88     0.002
   3997.00     0.002
   3997.12     0.002
   3997.24     0.002
   3997.36     0.002
   3997.42     0.002
   3997.54     0.002
   3997.66     0.002
   3997.78     0.002
   3997.90     0.002
   3998.02     0.002
   3998.08     0.002
   3998.20     0.002
   3998.32     0.002
   3998.44     0.002
   3998.56     0.002
   3998.62     0.002
   3998.74     0.002
   3998.86     0.002
   3998.98     0.002
   3999.10     0.002
   3999.16     0.002
   3999.28     0.002
   3999.40     0.002
   3999.52     0.002
   3999.64     0.002
   3999.76     0.002
   3999.82     0.002
   3999.94     0.002
   4000.06     0.002
   4000.18     0.002
   4000.30     0.002
   4000.42     0.002
   4000.48     0.002
   4000.60     0.002
   4000.72     0.002
   4000.84     0.002
   4000.96     0.002
   4001.08     0.002
   4001.14     0.002
   4001.26     0.002
   4001.38     0.002
   4001.50     0.002
   4001.62     0.002
   4001.68     0.002
   4001.80     0.002
   4001.92     0.002
   4002.04     0.002
   4002.16     0.002
   4002.22     0.002
   4002.34     0.002
   4002.46     0.002
   4002.58     0.002
   4002.70     0.002
   4002.82     0.002
   4002.88     0.002
   4003.00     0.002
   4003.12     0.002
   4003.24     0.002
   4003.36     0.002
   4003.42     0.002
   4003.54     0.002
   4003.66     0.002
   4003.78     0.002
   4003.90     0.002
   4004.02     0.002
   4004.08     0.002
   4004.20     0.002
   4004.32     0.002
   4004.44     0.002
   4004.56     0.002
   4004.68     0.002
   4004.74     0.002
   4004.86     0.002
   4004.98     0.002
   4005.10     0.002
   4005.22     0.002
   4005.28     0.002
   4005.40     0.002
   4005.52     0.002
   4005.64     0.002
   4005.76     0.002
   4005.88     0.002
   4005.94     0.002
   4006.06     0.002
   4006.18     0.002
   4006.30     0.002
   4006.42     0.002
   4006.48     0.002
   4006.60     0.002
   4006.72     0.002
   4006.84     0.002
   4006.96     0.002
   4007.08     0.002
   4007.14     0.002
   4007.26     0.002
   4007.38     0.002
   4007.50     0.002
   4007.62     0.002
   4007.68     0.002
   4007.80     0.002
   4007.92     0.002
   4008.04     0.002
   4008.16     0.002
   4008.28     0.002
   4008.34     0.002
   4008.46     0.002
   4008.58     0.003
   4008.70     0.002
   4008.82     0.002
   4008.88     0.002
   4009.00     0.002
   4009.12     0.002
   4009.24     0.002
   4009.36     0.002
   4009.48     0.002
   4009.54     0.002
   4009.66     0.002
   4009.78     0.002
   4009.90     0.002
   4010.02     0.002
   4010.08     0.002
   4010.20     0.002
   4010.32     0.002
   4010.44     0.002
   4010.56     0.002
   4010.68     0.002
   4010.74     0.002
   4010.86     0.002
   4010.98     0.002
   4011.10     0.002
   4011.22     0.002
   4011.28     0.002
   4011.40     0.002
   4011.52     0.002
   4011.64     0.002
   4011.76     0.002
   4011.88     0.002
   4011.94     0.002
   4012.06     0.002
   4012.18     0.002
   4012.30     0.002
   4012.42     0.002
   4012.54     0.002
   4012.60     0.002
   4012.72     0.002
   4012.84     0.002
   4012.96     0.002
   4013.08     0.002
   4013.14     0.002
   4013.26     0.002
   4013.38     0.002
   4013.50     0.002
   4013.62     0.002
   4013.74     0.002
   4013.80     0.002
   4013.92     0.002
   4014.04     0.002
   4014.16     0.002
   4014.28     0.002
   4014.34     0.002
   4014.46     0.002
   4014.58     0.002
   4014.70     0.002
   4014.82     0.002
   4014.94     0.002
   4015.00     0.002
   4015.12     0.002
   4015.24     0.002
   4015.36     0.002
   4015.48     0.002
   4015.54     0.002
   4015.66     0.002
   4015.78     0.002
   4015.90     0.002
   4016.02     0.002
   4016.14     0.002
   4016.20     0.002
   4016.32     0.002
   4016.44     0.002
   4016.56     0.002
   4016.68     0.002
   4016.80     0.002
   4016.86     0.002
   4016.98     0.002
   4017.10     0.002
   4017.22     0.002
   4017.34     0.002
   4017.40     0.002
   4017.52     0.002
   4017.64     0.002
   4017.76     0.002
   4017.88     0.002
   4018.00     0.002
   4018.06     0.002
   4018.18     0.002
   4018.30     0.002
   4018.42     0.002
   4018.54     0.002
   4018.60     0.002
   4018.72     0.002
   4018.84     0.003
   4018.96     0.002
   4019.08     0.003
   4019.20     0.003
   4019.26     0.003
   4019.38     0.003
   4019.50     0.003
   4019.62     0.003
   4019.74     0.003
   4019.80     0.003
   4019.92     0.003
   4020.04     0.003
   4020.16     0.003
   4020.28     0.003
   4020.40     0.003
   4020.46     0.003
   4020.58     0.003
   4020.70     0.003
   4020.82     0.003
   4020.94     0.003
   4021.00     0.002
   4021.12     0.003
   4021.24     0.002
   4021.36     0.002
   4021.48     0.002
   4021.60     0.002
   4021.66     0.002
   4021.78     0.002
   4021.90     0.002
   4022.02     0.002
   4022.14     0.002
   4022.26     0.002
   4022.32     0.002
   4022.44     0.002
   4022.56     0.002
   4022.68     0.002
   4022.80     0.002
   4022.86     0.002
   4022.98     0.002
   4023.10     0.002
   4023.22     0.002
   4023.34     0.002
   4023.46     0.002
   4023.52     0.002
   4023.64     0.002
   4023.76     0.002
   4023.88     0.002
   4024.00     0.002
   4024.06     0.002
   4024.18     0.002
   4024.30     0.002
   4024.42     0.002
   4024.54     0.002
   4024.66     0.002
   4024.72     0.002
   4024.84     0.002
   4024.96     0.002
   4025.08     0.002
   4025.20     0.002
   4025.32     0.002
   4025.38     0.002
   4025.50     0.002
   4025.62     0.002
   4025.74     0.002
   4025.86     0.002
   4025.92     0.002
   4026.04     0.002
   4026.16     0.002
   4026.28     0.002
   4026.40     0.002
   4026.46     0.002
   4026.58     0.002
   4026.70     0.002
   4026.82     0.002
   4026.94     0.002
   4027.06     0.002
   4027.12     0.002
   4027.24     0.002
   4027.36     0.002
   4027.48     0.002
   4027.60     0.002
   4027.72     0.002
   4027.78     0.002
   4027.90     0.002
   4028.02     0.002
   4028.14     0.002
   4028.26     0.002
   4028.32     0.002
   4028.44     0.002
   4028.56     0.002
   4028.68     0.002
   4028.80     0.002
   4028.92     0.002
   4028.98     0.002
   4029.10     0.002
   4029.22     0.002
   4029.34     0.002
   4029.46     0.003
   4029.52     0.002
   4029.64     0.003
   4029.76     0.003
   4029.88     0.003
   4030.00     0.003
   4030.12     0.003
   4030.18     0.003
   4030.30     0.003
   4030.42     0.003
   4030.54     0.003
   4030.66     0.002
   4030.72     0.002
   4030.84     0.002
   4030.96     0.002
   4031.08     0.002
   4031.20     0.002
   4031.32     0.002
   4031.38     0.002
   4031.50     0.002
   4031.62     0.002
   4031.74     0.002
   4031.86     0.002
   4031.92     0.002
   4032.04     0.002
   4032.16     0.003
   4032.28     0.003
   4032.40     0.003
   4032.52     0.003
   4032.58     0.003
   4032.70     0.003
   4032.82     0.003
   4032.94     0.003
   4033.06     0.003
   4033.18     0.003
   4033.24     0.003
   4033.36     0.003
   4033.48     0.003
   4033.60     0.003
   4033.72     0.003
   4033.78     0.003
   4033.90     0.003
   4034.02     0.003
   4034.14     0.003
   4034.26     0.003
   4034.38     0.003
   4034.44     0.003
   4034.56     0.003
   4034.68     0.003
   4034.80     0.003
   4034.92     0.003
   4034.98     0.003
   4035.10     0.003
   4035.22     0.003
   4035.34     0.003
   4035.46     0.003
   4035.58     0.002
   4035.64     0.002
   4035.76     0.003
   4035.88     0.003
   4036.00     0.003
   4036.12     0.003
   4036.18     0.003
   4036.30     0.003
   4036.42     0.003
   4036.54     0.003
   4036.66     0.003
   4036.78     0.003
   4036.84     0.003
   4036.96     0.003
   4037.08     0.003
   4037.20     0.003
   4037.32     0.003
   4037.38     0.003
   4037.50     0.003
   4037.62     0.003
   4037.74     0.003
   4037.86     0.003
   4037.98     0.003
   4038.04     0.003
   4038.16     0.003
   4038.28     0.003
   4038.40     0.003
   4038.52     0.003
   4038.64     0.003
   4038.70     0.003
   4038.82     0.003
   4038.94     0.003
   4039.06     0.003
   4039.18     0.003
   4039.24     0.003
   4039.36     0.003
   4039.48     0.003
   4039.60     0.003
   4039.72     0.003
   4039.84     0.003
   4039.90     0.003
   4040.02     0.003
   4040.14     0.003
   4040.26     0.003
   4040.38     0.003
   4040.44     0.003
   4040.56     0.003
   4040.68     0.003
   4040.80     0.003
   4040.92     0.003
   4041.04     0.003
   4041.10     0.003
   4041.22     0.003
   4041.34     0.003
   4041.46     0.003
   4041.58     0.003
   4041.70     0.003
   4041.76     0.003
   4041.88     0.003
   4042.00     0.003
   4042.12     0.003
   4042.24     0.003
   4042.30     0.003
   4042.42     0.003
   4042.54     0.003
   4042.66     0.003
   4042.78     0.003
   4042.84     0.003
   4042.96     0.003
   4043.08     0.003
   4043.20     0.003
   4043.32     0.003
   4043.44     0.003
   4043.92     0.003
   4043.98     0.003
   4044.04     0.003
   4044.16     0.003
   4044.28     0.003
   4044.40     0.003
   4044.52     0.003
   4044.64     0.003
   4044.70     0.003
   4044.82     0.003
   4044.94     0.003
   4045.06     0.003
   4045.18     0.003
   4045.30     0.003
   4045.36     0.003
   4045.48     0.003
   4045.60     0.003
   4045.72     0.003
   4045.84     0.003
   4045.90     0.003
   4046.02     0.003
   4046.14     0.003
   4046.26     0.003
   4046.38     0.003
   4046.50     0.003
   4046.56     0.003
   4046.68     0.003
   4046.80     0.003
   4046.92     0.003
   4047.04     0.003
   4047.16     0.003
   4047.22     0.003
   4047.34     0.003
   4047.46     0.003
   4047.58     0.003
   4047.70     0.003
   4047.76     0.003
   4047.88     0.003
   4048.00     0.003
   4048.12     0.003
   4048.24     0.003
   4048.30     0.003
   4048.42     0.003
   4048.54     0.003
   4048.66     0.003
   4048.78     0.003
   4048.90     0.003
   4048.96     0.003
   4049.08     0.003
   4049.20     0.003
   4049.32     0.003
   4049.44     0.003
   4049.56     0.003
   4049.62     0.003
   4049.74     0.003
   4049.86     0.003
   4049.98     0.003
   4050.10     0.003
   4050.16     0.003
   4050.28     0.003
   4050.40     0.003
   4050.52     0.003
   4050.64     0.003
   4050.76     0.003
   4050.82     0.003
   4050.94     0.003
   4051.06     0.003
   4051.18     0.003
   4051.30     0.003
   4051.36     0.003
   4051.48     0.003
   4051.60     0.003
   4051.72     0.003
   4051.84     0.003
   4051.96     0.003
   4052.02     0.003
   4052.14     0.003
   4052.26     0.003
   4052.38     0.003
   4052.50     0.003
   4052.56     0.003
   4052.68     0.003
   4052.80     0.003
   4052.92     0.003
   4053.04     0.003
   4053.16     0.003
   4053.22     0.003
   4053.34     0.003
   4053.46     0.003
   4053.58     0.003
   4053.70     0.003
   4053.76     0.003
   4053.88     0.003
   4054.00     0.003
   4054.12     0.003
   4054.24     0.003
   4054.36     0.003
   4054.42     0.003
   4054.54     0.003
   4054.66     0.003
   4054.78     0.003
   4054.90     0.003
   4055.02     0.003
   4055.08     0.003
   4055.20     0.003
   4055.32     0.003
   4055.44     0.003
   4055.56     0.003
   4055.62     0.003
   4055.74     0.003
   4055.86     0.003
   4055.98     0.003
   4056.10     0.003
   4056.22     0.003
   4056.28     0.003
   4056.40     0.003
   4056.52     0.003
   4056.64     0.003
   4056.76     0.003
   4056.82     0.003
   4056.94     0.003
   4057.06     0.003
   4057.18     0.003
   4057.30     0.003
   4057.42     0.003
   4057.48     0.003
   4057.60     0.003
   4057.72     0.003
   4057.84     0.003
   4057.96     0.003
   4058.08     0.003
   4058.14     0.003
   4058.26     0.003
   4058.38     0.003
   4058.50     0.003
   4058.62     0.003
   4058.68     0.003
   4058.80     0.003
   4058.92     0.003
   4059.04     0.003
   4059.16     0.003
   4059.22     0.003
   4059.34     0.003
   4059.46     0.003
   4059.58     0.003
   4059.70     0.003
   4059.82     0.003
   4059.88     0.003
   4060.00     0.003
   4060.12     0.003
   4060.24     0.003
   4060.36     0.003
   4060.42     0.003
   4060.54     0.003
   4060.66     0.003
   4060.78     0.003
   4060.90     0.003
   4061.02     0.003
   4061.08     0.003
   4061.20     0.003
   4061.32     0.003
   4061.44     0.003
   4061.56     0.003
   4061.68     0.003
   4061.74     0.003
   4061.86     0.003
   4061.98     0.003
   4062.10     0.003
   4062.22     0.003
   4062.28     0.003
   4062.40     0.003
   4062.52     0.003
   4062.64     0.003
   4062.76     0.003
   4062.88     0.003
   4062.94     0.003
   4063.06     0.003
   4063.18     0.003
   4063.30     0.003
   4063.42     0.003
   4063.54     0.003
   4063.60     0.003
   4063.72     0.003
   4063.84     0.003
   4063.96     0.003
   4064.08     0.003
   4064.14     0.002
   4064.26     0.003
   4064.38     0.002
   4064.50     0.002
   4064.62     0.002
   4064.68     0.002
   4064.80     0.002
   4064.92     0.002
   4065.04     0.002
   4065.16     0.003
   4065.28     0.003
   4065.34     0.003
   4065.46     0.003
   4065.58     0.003
   4065.70     0.003
   4065.82     0.003
   4065.94     0.003
   4066.00     0.003
   4066.12     0.003
   4066.24     0.003
   4066.36     0.003
   4066.48     0.003
   4066.54     0.003
   4066.66     0.003
   4066.78     0.003
   4066.90     0.003
   4067.02     0.003
   4067.14     0.003
   4067.20     0.002
   4067.32     0.002
   4067.44     0.002
   4067.56     0.002
   4067.68     0.002
   4067.74     0.002
   4067.86     0.002
   4067.98     0.002
   4068.10     0.002
   4068.22     0.003
   4068.34     0.002
   4068.40     0.002
   4068.52     0.003
   4068.64     0.002
   4068.76     0.003
   4068.88     0.003
   4068.94     0.003
   4069.06     0.003
   4069.18     0.003
   4069.30     0.003
   4069.42     0.003
   4069.54     0.003
   4069.60     0.003
   4069.72     0.003
   4069.84     0.003
   4069.96     0.003
   4070.08     0.003
   4070.20     0.003
   4070.26     0.003
   4070.38     0.003
   4070.50     0.003
   4070.62     0.003
   4070.74     0.003
   4070.80     0.003
   4070.92     0.003
   4071.04     0.003
   4071.16     0.003
   4071.28     0.003
   4071.40     0.003
   4071.46     0.003
   4071.58     0.003
   4071.70     0.003
   4071.82     0.003
   4071.94     0.003
   4072.00     0.003
   4072.12     0.003
   4072.24     0.003
   4072.36     0.003
   4072.48     0.003
   4072.60     0.003
   4072.66     0.003
   4072.78     0.003
   4072.90     0.003
   4073.02     0.003
   4073.14     0.003
   4073.20     0.003
   4073.32     0.003
   4073.44     0.003
   4073.56     0.003
   4073.68     0.003
   4073.80     0.003
   4073.86     0.003
   4073.98     0.003
   4074.10     0.003
   4074.22     0.003
   4074.34     0.003
   4074.46     0.003
   4074.52     0.003
   4074.64     0.003
   4074.76     0.003
   4074.88     0.003
   4075.00     0.003
   4075.06     0.003
   4075.18     0.003
   4075.30     0.003
   4075.42     0.003
   4075.54     0.003
   4075.66     0.003
   4075.72     0.003
   4075.84     0.003
   4075.96     0.003
   4076.08     0.003
   4076.20     0.003
   4076.26     0.003
   4076.38     0.003
   4076.50     0.003
   4076.62     0.003
   4076.74     0.003
   4076.80     0.003
   4076.92     0.003
   4077.04     0.003
   4077.16     0.003
   4077.28     0.003
   4077.40     0.003
   4077.46     0.003
   4077.58     0.003
   4077.70     0.003
   4077.82     0.003
   4077.94     0.003
   4078.06     0.003
   4078.12     0.003
   4078.24     0.003
   4078.36     0.003
   4078.48     0.003
   4078.60     0.003
   4078.72     0.003
   4078.78     0.003
   4078.90     0.003
   4079.02     0.003
   4079.14     0.003
   4079.26     0.003
   4079.32     0.003
   4079.44     0.003
   4079.56     0.003
   4079.68     0.003
   4079.80     0.003
   4079.86     0.003
   4079.98     0.003
   4080.10     0.003
   4080.22     0.003
   4080.34     0.003
   4080.46     0.003
   4080.52     0.003
   4080.64     0.003
   4080.76     0.003
   4080.88     0.003
   4081.00     0.003
   4081.06     0.003
   4081.18     0.003
   4081.30     0.003
   4081.42     0.003
   4081.54     0.003
   4081.66     0.003
   4081.72     0.003
   4081.84     0.003
   4081.96     0.003
   4082.08     0.003
   4082.20     0.003
   4082.32     0.003
   4082.38     0.003
   4082.50     0.003
   4082.62     0.003
   4082.74     0.003
   4082.86     0.003
   4082.92     0.003
   4083.04     0.003
   4083.16     0.003
   4083.28     0.003
   4083.40     0.003
   4083.52     0.003
   4083.58     0.003
   4083.70     0.003
   4083.82     0.003
   4083.94     0.003
   4084.06     0.003
   4084.12     0.003
   4084.24     0.003
   4084.36     0.003
   4084.48     0.003
   4084.60     0.003
   4084.72     0.003
   4084.78     0.003
   4084.90     0.003
   4085.02     0.003
   4085.14     0.003
   4085.26     0.003
   4085.32     0.003
   4085.44     0.003
   4085.56     0.003
   4085.68     0.003
   4085.80     0.003
   4085.92     0.003
   4085.98     0.003
   4086.10     0.003
   4086.22     0.003
   4086.34     0.003
   4086.46     0.002
   4086.58     0.002
   4086.64     0.002
   4086.76     0.002
   4086.88     0.002
   4087.00     0.002
   4087.12     0.002
   4087.18     0.002
   4087.30     0.002
   4087.42     0.003
   4087.54     0.003
   4087.66     0.003
   4087.78     0.003
   4087.84     0.003
   4087.96     0.003
   4088.08     0.003
   4088.20     0.003
   4088.32     0.003
   4088.38     0.003
   4088.50     0.003
   4088.62     0.003
   4088.74     0.003
   4088.86     0.003
   4088.98     0.003
   4089.04     0.003
   4089.16     0.003
   4089.28     0.003
   4089.40     0.003
   4089.52     0.003
   4089.58     0.003
   4089.70     0.003
   4089.82     0.003
   4089.94     0.003
   4090.06     0.003
   4090.18     0.003
   4090.24     0.003
   4090.36     0.003
   4090.48     0.003
   4090.60     0.003
   4090.72     0.003
   4090.78     0.003
   4090.90     0.003
   4091.02     0.003
   4091.14     0.003
   4091.26     0.003
   4091.38     0.003
   4091.44     0.003
   4091.56     0.003
   4091.68     0.003
   4091.80     0.003
   4091.92     0.003
   4092.04     0.003
   4092.10     0.003
   4092.22     0.003
   4092.34     0.003
   4092.46     0.003
   4092.58     0.003
   4092.64     0.003
   4092.76     0.003
   4092.88     0.003
   4093.00     0.003
   4093.12     0.003
   4093.24     0.003
   4093.30     0.003
   4093.42     0.003
   4093.54     0.003
   4093.66     0.003
   4093.78     0.003
   4093.84     0.003
   4093.96     0.003
   4094.08     0.003
   4094.20     0.003
   4094.32     0.003
   4094.44     0.003
   4094.50     0.003
   4094.62     0.003
   4094.74     0.003
   4094.86     0.003
   4094.98     0.003
   4095.04     0.003
   4095.16     0.003
   4095.28     0.003
   4095.40     0.003
   4095.52     0.003
   4095.64     0.003
   4095.70     0.003
   4095.82     0.003
   4095.94     0.003
   4096.06     0.003
   4096.18     0.003
   4096.30     0.003
   4096.36     0.003
   4096.48     0.003
   4096.60     0.003
   4096.72     0.003
   4096.84     0.003
   4096.90     0.003
   4097.02     0.003
   4097.14     0.003
   4097.26     0.003
   4097.38     0.003
   4097.44     0.003
   4097.56     0.003
   4097.68     0.003
   4097.80     0.003
   4097.92     0.003
   4098.04     0.003
   4098.10     0.003
   4098.22     0.003
   4098.34     0.003
   4098.46     0.003
   4098.58     0.003
   4098.64     0.003
   4098.76     0.003
   4098.88     0.003
   4099.00     0.003
   4099.12     0.003
   4099.24     0.003
   4099.30     0.003
   4099.42     0.003
   4099.54     0.003
   4099.66     0.003
   4099.78     0.003
   4099.90     0.003
   4099.96     0.003
   4100.08     0.003
   4100.20     0.003
   4100.32     0.003
   4100.44     0.003
   4100.56     0.003
   4100.62     0.003
   4100.74     0.003
   4100.86     0.003
   4100.98     0.003
   4101.10     0.003
   4101.16     0.003
   4101.28     0.003
   4101.40     0.003
   4101.52     0.003
   4101.64     0.003
   4101.70     0.003
   4101.82     0.003
   4101.94     0.003
   4102.06     0.003
   4102.18     0.003
   4102.30     0.003
   4102.36     0.003
   4102.48     0.003
   4102.60     0.003
   4102.72     0.003
   4102.84     0.003
   4102.96     0.003
   4103.02     0.003
   4103.14     0.003
   4103.26     0.003
   4103.38     0.003
   4103.50     0.003
   4103.56     0.003
   4103.68     0.003
   4103.80     0.003
   4103.92     0.003
   4104.04     0.003
   4104.16     0.003
   4104.22     0.003
   4104.34     0.003
   4104.46     0.003
   4104.58     0.003
   4104.70     0.003
   4104.82     0.003
   4104.88     0.003
   4105.00     0.003
   4105.12     0.003
   4105.24     0.003
   4105.36     0.003
   4105.42     0.003
   4105.54     0.003
   4105.66     0.003
   4105.78     0.003
   4105.90     0.003
   4105.96     0.003
   4106.08     0.003
   4106.20     0.003
   4106.32     0.003
   4106.44     0.003
   4106.56     0.003
   4106.62     0.003
   4106.74     0.003
   4106.86     0.003
   4106.98     0.003
   4107.10     0.003
   4107.22     0.003
   4107.28     0.003
   4107.40     0.003
   4107.52     0.003
   4107.64     0.003
   4107.76     0.003
   4107.82     0.003
   4107.94     0.003
   4108.06     0.003
   4108.18     0.003
   4108.30     0.003
   4108.42     0.003
   4108.48     0.003
   4108.60     0.003
   4108.72     0.003
   4108.84     0.003
   4108.96     0.003
   4109.02     0.003
   4109.14     0.003
   4109.26     0.003
   4109.38     0.003
   4109.50     0.003
   4109.62     0.003
   4109.68     0.003
   4109.80     0.003
   4109.92     0.003
   4110.04     0.003
   4110.16     0.003
   4110.22     0.003
   4110.34     0.003
   4110.46     0.003
   4110.58     0.003
   4110.70     0.003
   4110.82     0.003
   4110.88     0.003
   4111.00     0.003
   4111.12     0.003
   4111.24     0.003
   4111.36     0.003
   4111.48     0.003
   4111.54     0.003
   4111.66     0.003
   4111.78     0.003
   4111.90     0.003
   4112.02     0.003
   4112.08     0.003
   4112.20     0.003
   4112.32     0.003
   4112.44     0.003
   4112.56     0.003
   4112.68     0.003
   4112.74     0.003
   4112.86     0.003
   4112.98     0.003
   4113.10     0.003
   4113.22     0.003
   4113.28     0.003
   4113.40     0.003
   4113.52     0.003
   4113.64     0.003
   4113.76     0.003
   4113.82     0.003
   4113.94     0.003
   4114.06     0.003
   4114.18     0.003
   4114.30     0.003
   4114.42     0.003
   4114.48     0.003
   4114.60     0.003
   4114.72     0.003
   4114.84     0.003
   4114.96     0.003
   4115.08     0.003
   4115.14     0.003
   4115.26     0.003
   4115.38     0.003
   4115.50     0.003
   4115.62     0.003
   4115.74     0.003
   4115.80     0.003
   4115.92     0.003
   4116.04     0.003
   4116.16     0.003
   4116.28     0.003
   4116.34     0.003
   4116.46     0.003
   4116.58     0.003
   4116.70     0.003
   4116.82     0.003
   4116.94     0.003
   4117.00     0.003
   4117.12     0.003
   4117.24     0.003
   4117.36     0.003
   4117.48     0.003
   4117.54     0.003
   4117.66     0.003
   4117.78     0.003
   4117.90     0.003
   4118.02     0.003
   4118.08     0.003
   4118.20     0.003
   4118.32     0.003
   4118.44     0.003
   4118.56     0.003
   4118.68     0.003
   4118.74     0.003
   4118.86     0.003
   4118.98     0.003
   4119.10     0.003
   4119.22     0.003
   4119.34     0.003
   4119.40     0.003
   4119.52     0.003
   4119.64     0.003
   4119.76     0.003
   4119.88     0.003
   4119.94     0.003
   4120.06     0.003
   4120.18     0.003
   4120.30     0.003
   4120.42     0.003
   4120.54     0.003
   4120.60     0.003
   4120.72     0.003
   4120.84     0.003
   4120.96     0.003
   4121.08     0.003
   4121.20     0.003
   4121.26     0.003
   4121.38     0.003
   4121.50     0.003
   4121.62     0.003
   4121.74     0.003
   4121.80     0.003
   4121.92     0.003
   4122.04     0.003
   4122.16     0.003
   4122.28     0.003
   4122.34     0.003
   4122.46     0.003
   4122.58     0.003
   4122.70     0.003
   4122.82     0.003
   4122.94     0.003
   4123.00     0.003
   4123.12     0.003
   4123.24     0.003
   4123.36     0.003
   4123.48     0.003
   4123.60     0.003
   4123.66     0.003
   4123.78     0.003
   4123.90     0.003
   4124.02     0.003
   4124.14     0.003
   4124.20     0.003
   4124.32     0.003
   4124.44     0.003
   4124.56     0.003
   4124.68     0.003
   4124.74     0.003
   4124.86     0.003
   4124.98     0.003
   4125.10     0.003
   4125.22     0.003
   4125.34     0.003
   4125.40     0.003
   4125.52     0.003
   4125.64     0.003
   4125.76     0.003
   4125.88     0.003
   4126.00     0.003
   4126.06     0.003
   4126.18     0.003
   4126.30     0.003
   4126.42     0.003
   4126.54     0.003
   4126.60     0.003
   4126.72     0.003
   4126.84     0.003
   4126.96     0.003
   4127.08     0.003
   4127.20     0.003
   4127.26     0.003
   4127.38     0.003
   4127.50     0.003
   4127.62     0.003
   4127.74     0.003
   4127.86     0.003
   4127.92     0.003
   4128.04     0.003
   4128.16     0.003
   4128.28     0.003
   4128.40     0.003
   4128.46     0.003
   4128.58     0.003
   4128.70     0.003
   4128.82     0.003
   4128.94     0.003
   4129.06     0.003
   4129.12     0.003
   4129.24     0.003
   4129.36     0.003
   4129.48     0.003
   4129.60     0.003
   4129.66     0.003
   4129.78     0.003
   4129.90     0.003
   4130.02     0.003
   4130.14     0.003
   4130.20     0.003
   4130.32     0.003
   4130.44     0.003
   4130.56     0.003
   4130.68     0.003
   4130.80     0.003
   4130.86     0.003
   4130.98     0.003
   4131.10     0.003
   4131.22     0.003
   4131.34     0.003
   4131.46     0.003
   4131.52     0.003
   4131.64     0.003
   4131.76     0.003
   4131.88     0.003
   4132.00     0.003
   4132.12     0.003
   4132.18     0.003
   4132.30     0.003
   4132.42     0.003
   4132.54     0.003
   4132.66     0.003
   4132.72     0.003
   4132.84     0.003
   4132.96     0.003
   4133.08     0.003
   4133.20     0.003
   4133.26     0.003
   4133.38     0.003
   4133.50     0.003
   4133.62     0.003
   4133.74     0.003
   4133.86     0.003
   4133.92     0.003
   4134.04     0.003
   4134.16     0.003
   4134.28     0.003
   4134.40     0.003
   4134.46     0.003
   4134.58     0.003
   4134.70     0.003
   4134.82     0.003
   4134.94     0.003
   4135.06     0.003
   4135.12     0.003
   4135.24     0.003
   4135.36     0.003
   4135.48     0.003
   4135.60     0.003
   4135.72     0.003
   4135.78     0.003
   4135.90     0.003
   4136.02     0.003
   4136.14     0.003
   4136.26     0.003
   4136.32     0.003
   4136.44     0.003
   4136.56     0.003
   4136.68     0.003
   4136.80     0.003
   4136.92     0.003
   4136.98     0.003
   4137.10     0.003
   4137.22     0.003
   4137.34     0.003
   4137.46     0.003
   4137.58     0.003
   4137.64     0.003
   4137.76     0.003
   4137.88     0.003
   4138.00     0.003
   4138.12     0.003
   4138.18     0.003
   4138.30     0.003
   4138.42     0.003
   4138.54     0.003
   4138.66     0.003
   4138.72     0.003
   4138.84     0.003
   4138.96     0.003
   4139.08     0.003
   4139.20     0.003
   4139.32     0.003
   4139.38     0.003
   4139.50     0.003
   4139.62     0.003
   4139.74     0.003
   4139.86     0.003
   4139.98     0.003
   4140.04     0.003
   4140.16     0.003
   4140.28     0.003
   4140.40     0.003
   4140.52     0.003
   4140.58     0.003
   4140.70     0.003
   4140.82     0.003
   4140.94     0.003
   4141.06     0.003
   4141.18     0.003
   4141.24     0.003
   4141.36     0.003
   4141.48     0.003
   4141.60     0.003
   4141.72     0.003
   4141.78     0.003
   4141.90     0.003
   4142.02     0.003
   4142.14     0.003
   4142.26     0.003
   4142.38     0.003
   4142.44     0.003
   4142.56     0.003
   4142.68     0.003
   4142.80     0.003
   4142.92     0.003
   4142.98     0.003
   4143.10     0.003
   4143.22     0.003
   4143.34     0.003
   4143.46     0.003
   4143.58     0.003
   4143.64     0.003
   4143.76     0.003
   4143.88     0.003
   4144.00     0.003
   4144.12     0.003
   4144.24     0.003
   4144.30     0.003
   4144.42     0.003
   4144.54     0.003
   4144.66     0.003
   4144.78     0.003
   4144.84     0.003
   4144.96     0.003
   4145.08     0.003
   4145.20     0.003
   4145.32     0.003
   4145.44     0.003
   4145.50     0.003
   4145.62     0.003
   4145.74     0.003
   4145.86     0.003
   4145.98     0.003
   4146.10     0.003
   4146.16     0.003
   4146.28     0.003
   4146.40     0.003
   4146.52     0.003
   4146.64     0.003
   4146.70     0.003
   4146.82     0.003
   4146.94     0.003
   4147.06     0.003
   4147.18     0.003
   4147.24     0.003
   4147.36     0.003
   4147.48     0.003
   4147.60     0.003
   4147.72     0.003
   4147.84     0.003
   4147.90     0.003
   4148.02     0.003
   4148.14     0.003
   4148.26     0.003
   4148.38     0.003
   4148.50     0.003
   4148.56     0.003
   4148.68     0.003
   4148.80     0.003
   4148.92     0.003
   4149.04     0.003
   4149.10     0.003
   4149.22     0.003
   4149.34     0.003
   4149.46     0.003
   4149.58     0.003
   4149.64     0.003
   4149.76     0.003
   4149.88     0.003
   4150.00     0.003
   4150.12     0.003
   4150.24     0.003
   4150.30     0.003
   4150.42     0.003
   4150.54     0.003
   4150.66     0.003
   4150.78     0.003
   4150.84     0.003
   4150.96     0.003
   4151.08     0.003
   4151.20     0.003
   4151.32     0.003
   4151.44     0.003
   4151.50     0.003
   4151.62     0.003
   4151.74     0.003
   4151.86     0.003
   4151.98     0.003
   4152.10     0.003
   4152.16     0.003
   4152.28     0.003
   4152.40     0.003
   4152.52     0.003
   4152.64     0.003
   4152.70     0.003
   4152.82     0.003
   4152.94     0.003
   4153.42     0.003
   4153.48     0.003
   4153.60     0.003
   4153.72     0.003
   4153.84     0.003
   4153.96     0.003
   4154.02     0.003
   4154.14     0.003
   4154.26     0.003
   4154.38     0.003
   4154.50     0.003
   4154.56     0.003
   4154.68     0.003
   4154.80     0.003
   4154.92     0.003
   4155.04     0.003
   4155.10     0.003
   4155.22     0.003
   4155.34     0.003
   4155.46     0.003
   4155.58     0.003
   4155.70     0.003
   4155.76     0.003
   4155.88     0.003
   4156.00     0.003
   4156.12     0.003
   4156.24     0.003
   4156.36     0.003
   4156.42     0.003
   4156.54     0.003
   4156.66     0.003
   4156.78     0.003
   4156.90     0.003
   4156.96     0.003
   4157.08     0.003
   4157.20     0.003
   4157.32     0.003
   4157.44     0.003
   4157.56     0.003
   4157.62     0.003
   4157.74     0.003
   4157.86     0.003
   4157.98     0.003
   4158.10     0.003
   4158.22     0.003
   4158.28     0.003
   4158.40     0.003
   4158.52     0.003
   4158.64     0.003
   4158.76     0.003
   4158.82     0.003
   4158.94     0.003
   4159.06     0.003
   4159.18     0.003
   4159.30     0.003
   4159.36     0.003
   4159.48     0.003
   4159.60     0.003
   4159.72     0.003
   4159.84     0.003
   4159.96     0.003
   4160.02     0.003
   4160.14     0.004
   4160.26     0.004
   4160.38     0.004
   4160.50     0.004
   4160.56     0.004
   4160.68     0.004
   4160.80     0.004
   4160.92     0.004
   4161.04     0.004
   4161.16     0.004
   4161.22     0.004
   4161.34     0.004
   4161.46     0.004
   4161.58     0.004
   4161.70     0.004
   4161.82     0.004
   4161.88     0.004
   4162.00     0.004
   4162.12     0.004
   4162.24     0.004
   4162.36     0.004
   4162.42     0.004
   4162.54     0.004
   4162.66     0.004
   4162.78     0.004
   4162.90     0.004
   4162.96     0.004
   4163.08     0.004
   4163.20     0.004
   4163.32     0.004
   4163.44     0.004
   4163.56     0.004
   4163.62     0.004
   4163.74     0.004
   4163.86     0.004
   4163.98     0.004
   4164.10     0.004
   4164.22     0.004
   4164.28     0.004
   4164.40     0.004
   4164.52     0.004
   4164.64     0.004
   4164.76     0.004
   4164.82     0.004
   4164.94     0.004
   4165.06     0.004
   4165.18     0.004
   4165.30     0.004
   4165.42     0.004
   4165.48     0.004
   4165.60     0.004
   4165.72     0.004
   4165.84     0.004
   4165.96     0.004
   4166.08     0.004
   4166.14     0.004
   4166.26     0.004
   4166.38     0.004
   4166.50     0.003
   4166.62     0.003
   4166.68     0.003
   4166.80     0.003
   4166.92     0.003
   4167.04     0.003
   4167.16     0.003
   4167.22     0.003
   4167.34     0.003
   4167.46     0.003
   4167.58     0.003
   4167.70     0.003
   4167.82     0.003
   4167.88     0.003
   4168.00     0.003
   4168.12     0.003
   4168.24     0.003
   4168.36     0.003
   4168.48     0.003
   4168.54     0.003
   4168.66     0.003
   4168.78     0.003
   4168.90     0.003
   4169.02     0.003
   4169.08     0.003
   4169.20     0.003
   4169.32     0.003
   4169.44     0.004
   4169.56     0.003
   4169.68     0.003
   4169.74     0.003
   4169.86     0.003
   4169.98     0.003
   4170.10     0.003
   4170.22     0.003
   4170.28     0.003
   4170.40     0.003
   4170.52     0.003
   4170.64     0.003
   4170.76     0.003
   4170.88     0.004
   4170.94     0.004
   4171.06     0.004
   4171.18     0.004
   4171.30     0.004
   4171.42     0.004
   4171.48     0.004
   4171.60     0.004
   4171.72     0.004
   4171.84     0.004
   4171.96     0.004
   4172.08     0.004
   4172.14     0.004
   4172.26     0.004
   4172.38     0.004
   4172.50     0.004
   4172.62     0.004
   4172.74     0.004
   4172.80     0.004
   4172.92     0.004
   4173.04     0.004
   4173.16     0.004
   4173.28     0.004
   4173.34     0.004
   4173.46     0.004
   4173.58     0.004
   4173.70     0.004
   4173.82     0.004
   4173.94     0.004
   4174.00     0.004
   4174.12     0.004
   4174.24     0.004
   4174.36     0.004
   4174.48     0.004
   4174.60     0.004
   4174.66     0.004
   4174.78     0.004
   4174.90     0.004
   4175.02     0.004
   4175.14     0.004
   4175.20     0.004
   4175.32     0.004
   4175.44     0.004
   4175.56     0.004
   4175.68     0.004
   4175.74     0.004
   4175.86     0.004
   4175.98     0.004
   4176.10     0.004
   4176.22     0.004
   4176.34     0.004
   4176.40     0.004
   4176.52     0.004
   4176.64     0.004
   4176.76     0.004
   4176.88     0.004
   4177.00     0.004
   4177.06     0.004
   4177.18     0.004
   4177.30     0.004
   4177.42     0.004
   4177.54     0.004
   4177.60     0.004
   4177.72     0.004
   4177.84     0.004
   4177.96     0.004
   4178.08     0.004
   4178.20     0.004
   4178.26     0.004
   4178.38     0.004
   4178.50     0.004
   4178.62     0.004
   4178.74     0.004
   4178.80     0.004
   4178.92     0.004
   4179.04     0.004
   4179.16     0.004
   4179.28     0.004
   4179.40     0.004
   4179.46     0.004
   4179.58     0.004
   4179.70     0.004
   4179.82     0.004
   4179.94     0.004
   4180.00     0.004
   4180.12     0.004
   4180.24     0.004
   4180.36     0.004
   4180.48     0.004
   4180.60     0.004
   4180.66     0.004
   4180.78     0.004
   4180.90     0.004
   4181.02     0.004
   4181.14     0.004
   4181.20     0.004
   4181.32     0.004
   4181.44     0.004
   4181.56     0.004
   4181.68     0.004
   4181.80     0.004
   4181.86     0.004
   4181.98     0.004
   4182.10     0.004
   4182.22     0.004
   4182.34     0.004
   4182.46     0.004
   4182.52     0.004
   4182.64     0.004
   4182.76     0.003
   4182.88     0.003
   4183.00     0.003
   4183.06     0.003
   4183.18     0.003
   4183.30     0.003
   4183.42     0.003
   4183.54     0.003
   4183.60     0.004
   4183.72     0.004
   4183.84     0.004
   4183.96     0.004
   4184.08     0.004
   4184.20     0.004
   4184.26     0.004
   4184.38     0.004
   4184.50     0.004
   4184.62     0.004
   4184.74     0.004
   4184.86     0.004
   4184.92     0.004
   4185.04     0.004
   4185.16     0.004
   4185.28     0.004
   4185.40     0.004
   4185.46     0.004
   4185.58     0.004
   4185.70     0.004
   4185.82     0.004
   4185.94     0.004
   4186.06     0.004
   4186.12     0.004
   4186.24     0.004
   4186.36     0.004
   4186.48     0.004
   4186.60     0.004
   4186.66     0.004
   4186.78     0.004
   4186.90     0.004
   4187.02     0.004
   4187.14     0.004
   4187.26     0.004
   4187.32     0.004
   4187.44     0.004
   4187.56     0.004
   4187.68     0.004
   4187.80     0.004
   4187.86     0.004
   4187.98     0.004
   4188.10     0.004
   4188.22     0.004
   4188.34     0.004
   4188.46     0.004
   4188.52     0.004
   4188.64     0.004
   4188.76     0.004
   4188.88     0.004
   4189.00     0.004
   4189.12     0.004
   4189.18     0.004
   4189.30     0.004
   4189.42     0.004
   4189.54     0.004
   4189.66     0.004
   4189.72     0.004
   4189.84     0.004
   4189.96     0.004
   4190.08     0.004
   4190.20     0.004
   4190.32     0.004
   4190.38     0.004
   4190.50     0.004
   4190.62     0.004
   4190.74     0.004
   4190.86     0.004
   4190.98     0.004
   4191.04     0.004
   4191.16     0.004
   4191.28     0.004
   4191.40     0.004
   4191.52     0.004
   4191.58     0.004
   4191.70     0.004
   4191.82     0.004
   4191.94     0.004
   4192.06     0.004
   4192.12     0.004
   4192.24     0.004
   4192.36     0.004
   4192.48     0.004
   4192.60     0.004
   4192.72     0.004
   4192.78     0.004
   4192.90     0.004
   4193.02     0.004
   4193.14     0.004
   4193.26     0.004
   4193.32     0.004
   4193.44     0.004
   4193.56     0.004
   4193.68     0.004
   4193.80     0.004
   4193.92     0.004
   4193.98     0.004
   4194.10     0.004
   4194.22     0.004
   4194.34     0.004
   4194.46     0.004
   4194.58     0.004
   4194.64     0.004
   4194.76     0.004
   4194.88     0.004
   4195.00     0.004
   4195.12     0.004
   4195.18     0.004
   4195.30     0.004
   4195.42     0.004
   4195.54     0.004
   4195.66     0.004
   4195.72     0.004
   4195.84     0.004
   4195.96     0.004
   4196.08     0.004
   4196.20     0.004
   4196.32     0.004
   4196.38     0.004
   4196.50     0.004
   4196.62     0.004
   4196.74     0.004
   4196.86     0.004
   4196.98     0.004
   4197.04     0.004
   4197.16     0.004
   4197.28     0.004
   4197.40     0.004
   4197.52     0.004
   4197.58     0.004
   4197.70     0.004
   4197.82     0.004
   4197.94     0.004
   4198.06     0.004
   4198.18     0.004
   4198.24     0.004
   4198.36     0.004
   4198.48     0.004
   4198.60     0.004
   4198.72     0.004
   4198.78     0.004
   4198.90     0.004
   4199.02     0.004
   4199.14     0.004
   4199.26     0.004
   4199.38     0.004
   4199.44     0.004
   4199.56     0.004
   4199.68     0.004
   4199.80     0.004
   4199.92     0.004
   4199.98     0.004
   4200.10     0.004
   4200.22     0.004
   4200.34     0.004
   4200.46     0.004
   4200.58     0.004
   4200.64     0.004
   4200.76     0.004
   4200.88     0.004
   4201.00     0.004
   4201.12     0.004
   4201.24     0.004
   4201.30     0.004
   4201.42     0.004
   4201.54     0.004
   4201.66     0.004
   4201.78     0.004
   4201.84     0.004
   4201.96     0.004
   4202.08     0.004
   4202.20     0.004
   4202.32     0.004
   4202.44     0.004
   4202.50     0.004
   4202.62     0.004
   4202.74     0.004
   4202.86     0.004
   4202.98     0.004
   4203.04     0.004
   4203.16     0.004
   4203.28     0.004
   4203.40     0.004
   4203.52     0.004
   4203.64     0.004
   4203.70     0.004
   4203.82     0.004
   4203.94     0.004
   4204.06     0.004
   4204.18     0.004
   4204.24     0.004
   4204.36     0.004
   4204.48     0.004
   4204.60     0.004
   4204.72     0.004
   4204.84     0.004
   4204.90     0.004
   4205.02     0.004
   4205.14     0.004
   4205.26     0.004
   4205.38     0.004
   4205.44     0.004
   4205.56     0.004
   4205.68     0.004
   4205.80     0.004
   4205.92     0.004
   4206.04     0.004
   4206.10     0.004
   4206.22     0.004
   4206.34     0.004
   4206.46     0.004
   4206.58     0.004
   4206.70     0.004
   4206.76     0.004
   4206.88     0.004
   4207.00     0.004
   4207.12     0.004
   4207.24     0.004
   4207.30     0.004
   4207.42     0.004
   4207.54     0.004
   4207.66     0.004
   4207.78     0.004
   4207.90     0.004
   4207.96     0.004
   4208.08     0.004
   4208.20     0.004
   4208.32     0.004
   4208.44     0.004
   4208.50     0.004
   4208.62     0.004
   4208.74     0.004
   4208.86     0.004
   4208.98     0.004
   4209.10     0.004
   4209.16     0.004
   4209.28     0.004
   4209.40     0.004
   4209.52     0.004
   4209.64     0.004
   4209.70     0.004
   4209.82     0.004
   4209.94     0.004
   4210.06     0.004
   4210.18     0.004
   4210.30     0.004
   4210.36     0.004
   4210.48     0.004
   4210.60     0.004
   4210.72     0.004
   4210.84     0.004
   4210.90     0.004
   4211.02     0.004
   4211.14     0.004
   4211.26     0.004
   4211.38     0.004
   4211.50     0.004
   4211.56     0.004
   4211.68     0.004
   4211.80     0.004
   4211.92     0.004
   4212.04     0.004
   4212.16     0.004
   4212.22     0.004
   4212.34     0.004
   4212.46     0.004
   4212.58     0.004
   4212.70     0.004
   4212.76     0.004
   4212.88     0.004
   4213.00     0.004
   4213.12     0.004
   4213.24     0.004
   4213.36     0.004
   4213.42     0.004
   4213.54     0.004
   4213.66     0.004
   4213.78     0.004
   4213.90     0.004
   4213.96     0.004
   4214.08     0.004
   4214.20     0.004
   4214.32     0.004
   4214.44     0.004
   4214.56     0.004
   4214.62     0.004
   4214.74     0.004
   4214.86     0.004
   4214.98     0.004
   4215.10     0.004
   4215.22     0.004
   4215.28     0.004
   4215.40     0.004
   4215.52     0.004
   4215.64     0.004
   4215.76     0.004
   4215.82     0.004
   4215.94     0.004
   4216.06     0.004
   4216.18     0.004
   4216.30     0.004
   4216.36     0.004
   4216.48     0.004
   4216.60     0.004
   4216.72     0.004
   4216.84     0.004
   4216.96     0.004
   4217.02     0.004
   4217.14     0.004
   4217.26     0.004
   4217.38     0.004
   4217.50     0.004
   4217.62     0.004
   4217.68     0.004
   4217.80     0.004
   4217.92     0.004
   4218.04     0.004
   4218.16     0.004
   4218.22     0.004
   4218.34     0.004
   4218.46     0.004
   4218.58     0.004
   4218.70     0.004
   4218.76     0.004
   4218.88     0.004
   4219.00     0.004
   4219.12     0.004
   4219.24     0.004
   4219.36     0.004
   4219.42     0.004
   4219.54     0.004
   4219.66     0.004
   4219.78     0.004
   4219.90     0.004
   4220.02     0.004
   4220.08     0.004
   4220.20     0.004
   4220.32     0.004
   4220.44     0.004
   4220.56     0.004
   4220.62     0.004
   4220.74     0.004
   4220.86     0.004
   4220.98     0.004
   4221.10     0.004
   4221.22     0.004
   4221.28     0.004
   4221.40     0.004
   4221.52     0.004
   4221.64     0.004
   4221.76     0.004
   4221.82     0.004
   4221.94     0.004
   4222.06     0.004
   4222.18     0.004
   4222.30     0.004
   4222.42     0.004
   4222.48     0.004
   4222.60     0.004
   4222.72     0.004
   4222.84     0.004
   4222.96     0.004
   4223.08     0.004
   4223.14     0.004
   4223.26     0.004
   4223.38     0.004
   4223.50     0.004
   4223.62     0.004
   4223.68     0.004
   4223.80     0.004
   4223.92     0.004
   4224.04     0.004
   4224.16     0.004
   4224.28     0.004
   4224.34     0.004
   4224.46     0.004
   4224.58     0.004
   4224.70     0.004
   4224.82     0.004
   4224.88     0.004
   4225.00     0.004
   4225.12     0.004
   4225.24     0.004
   4225.36     0.004
   4225.48     0.004
   4225.54     0.004
   4225.66     0.004
   4225.78     0.004
   4225.90     0.004
   4226.02     0.004
   4226.14     0.004
   4226.20     0.004
   4226.32     0.004
   4226.44     0.004
   4226.56     0.004
   4226.68     0.004
   4226.74     0.004
   4226.86     0.004
   4226.98     0.004
   4227.10     0.004
   4227.22     0.004
   4227.28     0.004
   4227.40     0.004
   4227.52     0.004
   4227.64     0.004
   4227.76     0.004
   4227.88     0.004
   4227.94     0.004
   4228.06     0.004
   4228.18     0.004
   4228.30     0.004
   4228.42     0.004
   4228.54     0.004
   4228.60     0.004
   4228.72     0.004
   4228.84     0.004
   4228.96     0.004
   4229.08     0.004
   4229.14     0.004
   4229.26     0.004
   4229.38     0.004
   4229.50     0.004
   4229.62     0.004
   4229.74     0.004
   4229.80     0.004
   4229.92     0.004
   4230.04     0.004
   4230.16     0.004
   4230.28     0.004
   4230.34     0.004
   4230.46     0.004
   4230.58     0.004
   4230.70     0.004
   4230.82     0.004
   4230.94     0.004
   4231.00     0.004
   4231.12     0.004
   4231.24     0.004
   4231.36     0.004
   4231.48     0.004
   4231.60     0.004
   4231.66     0.004
   4231.78     0.004
   4231.90     0.004
   4232.02     0.004
   4232.14     0.004
   4232.20     0.004
   4232.32     0.004
   4232.44     0.004
   4232.56     0.004
   4232.68     0.004
   4232.74     0.004
   4232.86     0.004
   4232.98     0.004
   4233.10     0.004
   4233.22     0.004
   4233.34     0.004
   4233.40     0.004
   4233.52     0.004
   4233.64     0.004
   4233.76     0.004
   4233.88     0.004
   4234.00     0.004
   4234.06     0.004
   4234.18     0.004
   4234.30     0.004
   4234.42     0.004
   4234.54     0.004
   4234.60     0.004
   4234.72     0.004
   4234.84     0.004
   4234.96     0.004
   4235.08     0.004
   4235.20     0.004
   4235.26     0.004
   4235.38     0.004
   4235.50     0.004
   4235.62     0.004
   4235.74     0.004
   4235.80     0.004
   4235.92     0.004
   4236.04     0.004
   4236.16     0.004
   4236.28     0.004
   4236.40     0.004
   4236.46     0.004
   4236.58     0.004
   4236.70     0.004
   4236.82     0.004
   4236.94     0.005
   4237.00     0.004
   4237.12     0.004
   4237.24     0.005
   4237.36     0.005
   4237.48     0.005
   4237.60     0.005
   4237.66     0.005
   4237.78     0.005
   4237.90     0.005
   4238.02     0.005
   4238.14     0.005
   4238.20     0.005
   4238.32     0.005
   4238.44     0.005
   4238.56     0.005
   4238.68     0.005
   4238.80     0.005
   4238.86     0.005
   4238.98     0.005
   4239.10     0.005
   4239.22     0.005
   4239.34     0.005
   4239.46     0.005
   4239.52     0.005
   4239.64     0.005
   4239.76     0.005
   4239.88     0.005
   4240.00     0.005
   4240.06     0.005
   4240.18     0.005
   4240.30     0.005
   4240.42     0.005
   4240.54     0.005
   4240.66     0.005
   4240.72     0.005
   4240.84     0.005
   4240.96     0.005
   4241.08     0.005
   4241.20     0.005
   4241.26     0.005
   4241.38     0.005
   4241.50     0.005
   4241.62     0.005
   4241.74     0.005
   4241.86     0.005
   4241.92     0.005
   4242.04     0.005
   4242.16     0.005
   4242.28     0.005
   4242.40     0.005
   4242.52     0.005
   4242.58     0.005
   4242.70     0.005
   4242.82     0.005
   4242.94     0.005
   4243.06     0.005
   4243.12     0.005
   4243.24     0.005
   4243.36     0.005
   4243.48     0.005
   4243.60     0.005
   4243.66     0.005
   4243.78     0.005
   4243.90     0.005
   4244.02     0.005
   4244.14     0.005
   4244.26     0.005
   4244.32     0.005
   4244.44     0.005
   4244.56     0.005
   4244.68     0.005
   4244.80     0.005
   4244.86     0.004
   4244.98     0.004
   4245.10     0.004
   4245.22     0.004
   4245.34     0.004
   4245.46     0.004
   4245.52     0.004
   4245.64     0.004
   4245.76     0.004
   4245.88     0.004
   4246.00     0.004
   4246.12     0.004
   4246.18     0.004
   4246.30     0.004
   4246.42     0.004
   4246.54     0.004
   4246.66     0.004
   4246.78     0.004
   4246.84     0.004
   4246.96     0.004
   4247.08     0.004
   4247.20     0.004
   4247.32     0.005
   4247.38     0.005
   4247.50     0.005
   4247.62     0.005
   4247.74     0.005
   4247.86     0.005
   4247.98     0.005
   4248.04     0.005
   4248.16     0.005
   4248.28     0.005
   4248.40     0.005
   4248.52     0.005
   4248.58     0.005
   4248.70     0.005
   4248.82     0.005
   4248.94     0.005
   4249.06     0.005
   4249.12     0.005
   4249.24     0.005
   4249.36     0.005
   4249.48     0.005
   4249.60     0.005
   4249.72     0.005
   4249.78     0.005
   4249.90     0.005
   4250.02     0.005
   4250.14     0.005
   4250.26     0.005
   4250.38     0.005
   4250.44     0.005
   4250.56     0.005
   4250.68     0.005
   4250.80     0.005
   4250.92     0.005
   4250.98     0.005
   4251.10     0.005
   4251.22     0.005
   4251.34     0.005
   4251.46     0.005
   4251.58     0.005
   4251.64     0.005
   4251.76     0.005
   4251.88     0.005
   4252.00     0.005
   4252.12     0.005
   4252.18     0.005
   4252.30     0.005
   4252.42     0.005
   4252.54     0.005
   4252.66     0.005
   4252.78     0.005
   4252.84     0.005
   4252.96     0.005
   4253.08     0.005
   4253.20     0.005
   4253.32     0.005
   4253.38     0.005
   4253.50     0.005
   4253.62     0.005
   4253.74     0.005
   4253.86     0.005
   4253.98     0.005
   4254.04     0.005
   4254.16     0.005
   4254.28     0.005
   4254.40     0.005
   4254.52     0.005
   4254.58     0.005
   4254.70     0.005
   4254.82     0.005
   4254.94     0.005
   4255.06     0.005
   4255.18     0.005
   4255.24     0.005
   4255.36     0.005
   4255.48     0.005
   4255.60     0.005
   4255.72     0.005
   4255.84     0.005
   4255.90     0.005
   4256.02     0.005
   4256.14     0.005
   4256.26     0.005
   4256.38     0.005
   4256.44     0.005
   4256.56     0.005
   4256.68     0.005
   4256.80     0.005
   4256.92     0.005
   4257.04     0.005
   4257.10     0.005
   4257.22     0.005
   4257.34     0.005
   4257.46     0.005
   4257.58     0.005
   4257.64     0.005
   4257.76     0.005
   4257.88     0.005
   4258.00     0.005
   4258.12     0.005
   4258.24     0.005
   4258.30     0.005
   4258.42     0.005
   4258.54     0.005
   4258.66     0.005
   4258.78     0.005
   4258.90     0.005
   4258.96     0.005
   4259.08     0.005
   4259.20     0.005
   4259.32     0.005
   4259.44     0.005
   4259.50     0.005
   4259.62     0.005
   4259.74     0.005
   4259.86     0.005
   4259.98     0.005
   4260.10     0.005
   4260.16     0.005
   4260.28     0.005
   4260.40     0.005
   4260.52     0.005
   4260.64     0.005
   4260.70     0.005
   4260.82     0.005
   4260.94     0.005
   4261.06     0.005
   4261.18     0.005
   4261.30     0.005
   4261.36     0.005
   4261.48     0.005
   4261.60     0.005
   4261.72     0.005
   4261.84     0.005
   4261.90     0.005
   4262.02     0.005
   4262.14     0.005
   4262.26     0.005
   4262.38     0.005
   4262.50     0.005
   4262.92     0.005
   4263.04     0.005
   4263.16     0.005
   4263.22     0.005
   4263.34     0.005
   4263.46     0.005
   4263.58     0.005
   4263.70     0.005
   4263.76     0.005
   4263.88     0.005
   4264.00     0.005
   4264.12     0.005
   4264.24     0.005
   4264.36     0.005
   4264.42     0.005
   4264.54     0.005
   4264.66     0.005
   4264.78     0.005
   4264.90     0.005
   4264.96     0.005
   4265.08     0.005
   4265.20     0.005
   4265.32     0.005
   4265.44     0.005
   4265.50     0.005
   4265.62     0.005
   4265.74     0.005
   4265.86     0.005
   4265.98     0.005
   4266.10     0.005
   4266.16     0.005
   4266.28     0.005
   4266.40     0.005
   4266.52     0.005
   4266.64     0.005
   4266.76     0.005
   4266.82     0.005
   4266.94     0.005
   4267.06     0.005
   4267.18     0.005
   4267.30     0.005
   4267.36     0.005
   4267.48     0.005
   4267.60     0.005
   4267.72     0.005
   4267.84     0.005
   4267.96     0.005
   4268.02     0.005
   4268.14     0.005
   4268.26     0.005
   4268.38     0.005
   4268.50     0.005
   4268.62     0.005
   4268.68     0.005
   4268.80     0.005
   4268.92     0.005
   4269.04     0.005
   4269.16     0.005
   4269.22     0.005
   4269.34     0.005
   4269.46     0.005
   4269.58     0.005
   4269.70     0.005
   4269.76     0.005
   4269.88     0.005
   4270.00     0.005
   4270.12     0.005
   4270.24     0.005
   4270.36     0.005
   4270.42     0.005
   4270.54     0.005
   4270.66     0.005
   4270.78     0.005
   4270.90     0.005
   4271.02     0.005
   4271.08     0.005
   4271.20     0.005
   4271.32     0.005
   4271.44     0.005
   4271.56     0.005
   4271.62     0.005
   4271.74     0.005
   4271.86     0.005
   4271.98     0.005
   4272.10     0.005
   4272.22     0.005
   4272.28     0.005
   4272.40     0.005
   4272.52     0.005
   4272.64     0.005
   4272.76     0.005
   4272.82     0.005
   4272.94     0.005
   4273.06     0.005
   4273.18     0.005
   4273.30     0.005
   4273.42     0.005
   4273.48     0.005
   4273.60     0.005
   4273.72     0.005
   4273.84     0.005
   4273.96     0.005
   4274.02     0.005
   4274.14     0.005
   4274.26     0.005
   4274.38     0.005
   4274.50     0.005
   4274.62     0.005
   4274.68     0.005
   4274.80     0.005
   4274.92     0.005
   4275.04     0.005
   4275.16     0.005
   4275.28     0.005
   4275.34     0.005
   4275.46     0.005
   4275.58     0.005
   4275.70     0.005
   4275.82     0.005
   4275.88     0.005
   4276.00     0.005
   4276.12     0.005
   4276.24     0.005
   4276.36     0.005
   4276.48     0.005
   4276.54     0.005
   4276.66     0.005
   4276.78     0.005
   4276.90     0.005
   4277.02     0.005
   4277.08     0.005
   4277.20     0.005
   4277.32     0.005
   4277.44     0.005
   4277.56     0.005
   4277.68     0.005
   4277.74     0.005
   4277.86     0.005
   4277.98     0.005
   4278.10     0.005
   4278.22     0.005
   4278.28     0.005
   4278.40     0.005
   4278.52     0.005
   4278.64     0.005
   4278.76     0.005
   4278.88     0.005
   4278.94     0.005
   4279.06     0.005
   4279.18     0.005
   4279.30     0.005
   4279.42     0.005
   4279.54     0.005
   4279.60     0.005
   4279.72     0.005
   4279.84     0.005
   4279.96     0.005
   4280.08     0.005
   4280.14     0.005
   4280.26     0.005
   4280.38     0.005
   4280.50     0.005
   4280.62     0.005
   4280.68     0.005
   4280.80     0.005
   4280.92     0.005
   4281.04     0.005
   4281.16     0.005
   4281.28     0.005
   4281.34     0.005
   4281.46     0.005
   4281.58     0.005
   4281.70     0.005
   4281.82     0.005
   4281.88     0.005
   4282.00     0.005
   4282.12     0.005
   4282.24     0.005
   4282.36     0.005
   4282.48     0.005
   4282.54     0.005
   4282.66     0.005
   4282.78     0.005
   4282.90     0.005
   4283.02     0.005
   4283.14     0.005
   4283.20     0.005
   4283.32     0.005
   4283.44     0.005
   4283.56     0.005
   4283.68     0.005
   4283.74     0.005
   4283.86     0.005
   4283.98     0.005
   4284.10     0.005
   4284.22     0.005
   4284.34     0.005
   4284.40     0.005
   4284.52     0.005
   4284.64     0.005
   4284.76     0.005
   4284.88     0.005
   4285.00     0.005
   4285.06     0.005
   4285.18     0.005
   4285.30     0.005
   4285.42     0.005
   4285.54     0.005
   4285.60     0.005
   4285.72     0.005
   4285.84     0.005
   4285.96     0.005
   4286.08     0.005
   4286.14     0.005
   4286.26     0.005
   4286.38     0.005
   4286.50     0.005
   4286.62     0.005
   4286.74     0.005
   4286.80     0.005
   4286.92     0.005
   4287.04     0.005
   4287.16     0.005
   4287.28     0.005
   4287.40     0.005
   4287.46     0.005
   4287.58     0.005
   4287.70     0.005
   4287.82     0.005
   4287.94     0.005
   4288.00     0.005
   4288.12     0.005
   4288.24     0.005
   4288.36     0.005
   4288.48     0.005
   4288.60     0.005
   4288.66     0.005
   4288.78     0.005
   4288.90     0.005
   4289.02     0.005
   4289.14     0.005
   4289.26     0.005
   4289.32     0.005
   4289.44     0.005
   4289.56     0.005
   4289.68     0.005
   4289.80     0.005
   4289.86     0.005
   4289.98     0.005
   4290.10     0.005
   4290.22     0.005
   4290.34     0.005
   4290.40     0.005
   4290.52     0.005
   4290.64     0.005
   4290.76     0.005
   4290.88     0.005
   4291.00     0.005
   4291.06     0.005
   4291.18     0.005
   4291.30     0.005
   4291.42     0.005
   4291.54     0.005
   4291.60     0.005
   4291.72     0.005
   4291.84     0.005
   4291.96     0.005
   4292.08     0.005
   4292.20     0.005
   4292.26     0.005
   4292.38     0.005
   4292.50     0.005
   4292.62     0.005
   4292.74     0.005
   4292.80     0.005
   4292.92     0.005
   4293.04     0.005
   4293.16     0.005
   4293.28     0.005
   4293.40     0.005
   4293.46     0.005
   4293.58     0.005
   4293.70     0.005
   4293.82     0.005
   4293.94     0.005
   4294.06     0.005
   4294.12     0.005
   4294.24     0.005
   4294.36     0.005
   4294.48     0.005
   4294.60     0.005
   4294.66     0.005
   4294.78     0.005
   4294.90     0.005
   4295.02     0.005
   4295.14     0.005
   4295.26     0.005
   4295.32     0.005
   4295.44     0.005
   4295.56     0.005
   4295.68     0.005
   4295.80     0.005
   4295.92     0.005
   4295.98     0.005
   4296.10     0.005
   4296.22     0.005
   4296.34     0.005
   4296.46     0.005
   4296.52     0.005
   4296.64     0.005
   4296.76     0.005
   4296.88     0.005
   4297.00     0.005
   4297.12     0.005
   4297.18     0.005
   4297.30     0.005
   4297.42     0.005
   4297.54     0.005
   4297.66     0.005
   4297.72     0.005
   4297.84     0.005
   4297.96     0.005
   4298.08     0.005
   4298.20     0.005
   4298.26     0.005
   4298.38     0.005
   4298.50     0.005
   4298.62     0.005
   4298.74     0.005
   4298.86     0.005
   4298.92     0.005
   4299.04     0.005
   4299.16     0.005
   4299.28     0.005
   4299.40     0.005
   4299.52     0.005
   4299.58     0.005
   4299.70     0.005
   4299.82     0.005
   4299.94     0.005
   4300.06     0.005
   4300.12     0.005
   4300.24     0.005
   4300.36     0.005
   4300.48     0.005
   4300.60     0.005
   4300.72     0.005
   4300.78     0.005
   4300.90     0.005
   4301.02     0.005
   4301.14     0.005
   4301.26     0.005
   4301.38     0.005
   4301.44     0.005
   4301.56     0.005
   4301.68     0.005
   4301.80     0.005
   4301.92     0.005
   4301.98     0.005
   4302.10     0.005
   4302.22     0.005
   4302.34     0.005
   4302.46     0.005
   4302.52     0.005
   4302.64     0.005
   4302.76     0.005
   4302.88     0.005
   4303.00     0.005
   4303.12     0.005
   4303.18     0.005
   4303.30     0.005
   4303.42     0.005
   4303.54     0.005
   4303.66     0.005
   4303.78     0.005
   4303.84     0.005
   4303.96     0.005
   4304.08     0.005
   4304.20     0.005
   4304.32     0.005
   4304.38     0.005
   4304.50     0.005
   4304.62     0.005
   4304.74     0.005
   4304.86     0.005
   4304.98     0.005
   4305.04     0.005
   4305.16     0.005
   4305.28     0.005
   4305.40     0.005
   4305.52     0.005
   4305.58     0.005
   4305.70     0.005
   4305.82     0.005
   4305.94     0.005
   4306.06     0.005
   4306.18     0.005
   4306.24     0.005
   4306.36     0.005
   4306.48     0.005
   4306.60     0.006
   4306.72     0.005
   4306.78     0.005
   4306.90     0.005
   4307.02     0.005
   4307.14     0.006
   4307.26     0.005
   4307.38     0.006
   4307.44     0.006
   4307.56     0.006
   4307.68     0.006
   4307.80     0.006
   4307.92     0.006
   4308.04     0.006
   4308.10     0.006
   4308.22     0.006
   4308.34     0.006
   4308.46     0.006
   4308.58     0.006
   4308.64     0.006
   4308.76     0.006
   4308.88     0.006
   4309.00     0.006
   4309.12     0.006
   4309.24     0.006
   4309.30     0.006
   4309.42     0.006
   4309.54     0.006
   4309.66     0.006
   4309.78     0.006
   4309.84     0.006
   4309.96     0.006
   4310.08     0.006
   4310.20     0.006
   4310.32     0.006
   4310.38     0.006
   4310.50     0.006
   4310.62     0.006
   4310.74     0.006
   4310.86     0.006
   4310.98     0.005
   4311.04     0.005
   4311.16     0.005
   4311.28     0.005
   4311.40     0.005
   4311.52     0.005
   4311.64     0.005
   4311.70     0.005
   4311.82     0.005
   4311.94     0.005
   4312.06     0.005
   4312.18     0.005
   4312.30     0.005
   4312.36     0.005
   4312.48     0.005
   4312.60     0.005
   4312.72     0.005
   4312.84     0.005
   4312.90     0.005
   4313.02     0.005
   4313.14     0.006
   4313.26     0.006
   4313.38     0.006
   4313.50     0.006
   4313.56     0.006
   4313.68     0.006
   4313.80     0.006
   4313.92     0.006
   4314.04     0.006
   4314.10     0.006
   4314.22     0.006
   4314.34     0.006
   4314.46     0.006
   4314.58     0.006
   4314.64     0.006
   4314.76     0.006
   4314.88     0.006
   4315.00     0.006
   4315.12     0.006
   4315.24     0.006
   4315.30     0.006
   4315.42     0.006
   4315.54     0.006
   4315.66     0.006
   4315.78     0.006
   4315.90     0.006
   4315.96     0.006
   4316.08     0.006
   4316.20     0.006
   4316.32     0.006
   4316.44     0.006
   4316.50     0.006
   4316.62     0.006
   4316.74     0.006
   4316.86     0.006
   4316.98     0.006
   4317.10     0.006
   4317.16     0.006
   4317.28     0.006
   4317.40     0.006
   4317.52     0.006
   4317.64     0.006
   4317.70     0.006
   4317.82     0.006
   4317.94     0.006
   4318.06     0.006
   4318.18     0.006
   4318.30     0.006
   4318.36     0.006
   4318.48     0.006
   4318.60     0.006
   4318.72     0.006
   4318.84     0.006
   4318.90     0.006
   4319.02     0.006
   4319.14     0.006
   4319.26     0.006
   4319.38     0.006
   4319.50     0.006
   4319.56     0.006
   4319.68     0.006
   4319.80     0.006
   4319.92     0.006
   4320.04     0.006
   4320.16     0.006
   4320.22     0.006
   4320.34     0.006
   4320.46     0.006
   4320.58     0.006
   4320.70     0.006
   4320.76     0.006
   4320.88     0.006
   4321.00     0.006
   4321.12     0.006
   4321.24     0.006
   4321.36     0.006
   4321.42     0.006
   4321.54     0.006
   4321.66     0.006
   4321.78     0.006
   4321.90     0.006
   4322.02     0.006
   4322.08     0.006
   4322.20     0.006
   4322.32     0.006
   4322.44     0.006
   4322.56     0.006
   4322.62     0.006
   4322.74     0.006
   4322.86     0.006
   4322.98     0.006
   4323.10     0.006
   4323.16     0.006
   4323.28     0.006
   4323.40     0.006
   4323.52     0.006
   4323.64     0.006
   4323.76     0.006
   4323.82     0.006
   4323.94     0.006
   4324.06     0.006
   4324.18     0.006
   4324.30     0.006
   4324.42     0.006
   4324.48     0.006
   4324.60     0.006
   4324.72     0.006
   4324.84     0.006
   4324.96     0.006
   4325.02     0.006
   4325.14     0.006
   4325.26     0.006
   4325.38     0.006
   4325.50     0.006
   4325.62     0.006
   4325.68     0.006
   4325.80     0.006
   4325.92     0.006
   4326.04     0.006
   4326.16     0.006
   4326.22     0.006
   4326.34     0.006
   4326.46     0.006
   4326.58     0.006
   4326.70     0.006
   4326.82     0.006
   4326.88     0.006
   4327.00     0.006
   4327.12     0.006
   4327.24     0.006
   4327.36     0.006
   4327.42     0.006
   4327.54     0.006
   4327.66     0.006
   4327.78     0.006
   4327.90     0.006
   4328.02     0.006
   4328.08     0.006
   4328.20     0.006
   4328.32     0.006
   4328.44     0.006
   4328.56     0.006
   4328.62     0.006
   4328.74     0.006
   4328.86     0.006
   4328.98     0.006
   4329.10     0.006
   4329.22     0.006
   4329.28     0.006
   4329.40     0.006
   4329.52     0.006
   4329.64     0.006
   4329.76     0.006
   4329.88     0.006
   4329.94     0.006
   4330.06     0.006
   4330.18     0.006
   4330.30     0.006
   4330.42     0.006
   4330.48     0.006
   4330.60     0.006
   4330.72     0.006
   4330.84     0.006
   4330.96     0.006
   4331.08     0.006
   4331.14     0.006
   4331.26     0.006
   4331.38     0.006
   4331.50     0.006
   4331.62     0.006
   4331.68     0.006
   4331.80     0.006
   4331.92     0.006
   4332.04     0.006
   4332.16     0.006
   4332.28     0.006
   4332.34     0.006
   4332.46     0.006
   4332.58     0.006
   4332.70     0.006
   4332.82     0.006
   4332.94     0.006
   4333.00     0.006
   4333.12     0.006
   4333.24     0.006
   4333.36     0.006
   4333.48     0.006
   4333.54     0.006
   4333.66     0.006
   4333.78     0.006
   4333.90     0.006
   4334.02     0.006
   4334.14     0.006
   4334.20     0.006
   4334.32     0.006
   4334.44     0.006
   4334.56     0.006
   4334.68     0.006
   4334.74     0.006
   4334.86     0.006
   4334.98     0.006
   4335.10     0.006
   4335.22     0.006
   4335.28     0.006
   4335.40     0.006
   4335.52     0.006
   4335.64     0.006
   4335.76     0.006
   4335.88     0.006
   4335.94     0.006
   4336.06     0.006
   4336.18     0.006
   4336.30     0.006
   4336.42     0.006
   4336.54     0.006
   4336.60     0.006
   4336.72     0.006
   4336.84     0.006
   4336.96     0.006
   4337.08     0.006
   4337.14     0.006
   4337.26     0.006
   4337.38     0.006
   4337.50     0.006
   4337.62     0.006
   4337.74     0.006
   4337.80     0.006
   4337.92     0.006
   4338.04     0.006
   4338.16     0.006
   4338.28     0.006
   4338.34     0.006
   4338.46     0.006
   4338.58     0.006
   4338.70     0.006
   4338.82     0.006
   4338.94     0.006
   4339.00     0.006
   4339.12     0.006
   4339.24     0.006
   4339.36     0.006
   4339.48     0.006
   4339.54     0.006
   4339.66     0.006
   4339.78     0.006
   4339.90     0.006
   4340.02     0.006
   4340.14     0.006
   4340.20     0.006
   4340.32     0.006
   4340.44     0.006
   4340.56     0.006
   4340.68     0.006
   4340.80     0.006
   4340.86     0.006
   4340.98     0.006
   4341.10     0.006
   4341.22     0.006
   4341.34     0.006
   4341.40     0.006
   4341.52     0.006
   4341.64     0.006
   4341.76     0.006
   4341.88     0.006
   4342.00     0.006
   4342.06     0.006
   4342.18     0.006
   4342.30     0.006
   4342.42     0.006
   4342.54     0.006
   4342.60     0.006
   4342.72     0.006
   4342.84     0.006
   4342.96     0.006
   4343.08     0.006
   4343.20     0.006
   4343.26     0.006
   4343.38     0.006
   4343.50     0.006
   4343.62     0.006
   4343.74     0.006
   4343.80     0.006
   4343.92     0.006
   4344.04     0.006
   4344.16     0.006
   4344.28     0.006
   4344.40     0.006
   4344.46     0.006
   4344.58     0.006
   4344.70     0.006
   4344.82     0.006
   4344.94     0.006
   4345.00     0.006
   4345.12     0.006
   4345.24     0.006
   4345.36     0.006
   4345.48     0.006
   4345.60     0.006
   4345.66     0.006
   4345.78     0.006
   4345.90     0.006
   4346.02     0.006
   4346.14     0.006
   4346.26     0.006
   4346.32     0.006
   4346.44     0.006
   4346.56     0.006
   4346.68     0.006
   4346.80     0.006
   4346.86     0.006
   4346.98     0.006
   4347.10     0.006
   4347.22     0.006
   4347.34     0.006
   4347.46     0.006
   4347.52     0.006
   4347.64     0.006
   4347.76     0.006
   4347.88     0.006
   4348.00     0.006
   4348.06     0.006
   4348.18     0.006
   4348.30     0.006
   4348.42     0.006
   4348.54     0.006
   4348.66     0.006
   4348.72     0.006
   4348.84     0.006
   4348.96     0.006
   4349.08     0.006
   4349.20     0.006
   4349.32     0.006
   4349.38     0.006
   4349.50     0.006
   4349.62     0.006
   4349.74     0.006
   4349.86     0.006
   4349.92     0.006
   4350.04     0.006
   4350.16     0.006
   4350.28     0.006
   4350.40     0.006
   4350.46     0.006
   4350.58     0.006
   4350.70     0.006
   4350.82     0.006
   4350.94     0.006
   4351.06     0.006
   4351.12     0.006
   4351.24     0.006
   4351.36     0.006
   4351.48     0.006
   4351.60     0.006
   4351.66     0.006
   4351.78     0.006
   4351.90     0.006
   4352.02     0.006
   4352.14     0.006
   4352.26     0.006
   4352.32     0.006
   4352.44     0.006
   4352.56     0.006
   4352.68     0.006
   4352.80     0.006
   4352.92     0.006
   4352.98     0.006
   4353.10     0.006
   4353.22     0.006
   4353.34     0.006
   4353.46     0.006
   4353.52     0.006
   4353.64     0.006
   4353.76     0.006
   4353.88     0.006
   4354.00     0.006
   4354.12     0.006
   4354.18     0.006
   4354.30     0.006
   4354.42     0.006
   4354.54     0.006
   4354.66     0.006
   4354.72     0.006
   4354.84     0.006
   4354.96     0.006
   4355.08     0.006
   4355.20     0.006
   4355.32     0.006
   4355.38     0.006
   4355.50     0.006
   4355.62     0.006
   4355.74     0.006
   4355.86     0.006
   4355.92     0.006
   4356.04     0.006
   4356.16     0.006
   4356.28     0.006
   4356.40     0.006
   4356.52     0.006
   4356.58     0.006
   4356.70     0.006
   4356.82     0.006
   4356.94     0.006
   4357.06     0.006
   4357.18     0.006
   4357.24     0.006
   4357.36     0.006
   4357.48     0.006
   4357.60     0.006
   4357.72     0.006
   4357.78     0.006
   4357.90     0.006
   4358.02     0.006
   4358.14     0.006
   4358.26     0.006
   4358.32     0.006
   4358.44     0.006
   4358.56     0.006
   4358.68     0.006
   4358.80     0.006
   4358.92     0.006
   4358.98     0.006
   4359.10     0.006
   4359.22     0.006
   4359.34     0.006
   4359.46     0.006
   4359.52     0.006
   4359.64     0.006
   4359.76     0.006
   4359.88     0.006
   4360.00     0.006
   4360.12     0.006
   4360.18     0.006
   4360.30     0.006
   4360.42     0.006
   4360.54     0.006
   4360.66     0.006
   4360.78     0.006
   4360.84     0.006
   4360.96     0.006
   4361.08     0.006
   4361.20     0.006
   4361.32     0.006
   4361.44     0.006
   4361.50     0.006
   4361.62     0.006
   4361.74     0.006
   4361.86     0.006
   4361.98     0.006
   4362.04     0.006
   4362.16     0.006
   4362.28     0.006
   4362.40     0.006
   4362.52     0.006
   4362.64     0.006
   4362.70     0.006
   4362.82     0.006
   4362.94     0.006
   4363.06     0.006
   4363.18     0.006
   4363.24     0.006
   4363.36     0.006
   4363.48     0.006
   4363.60     0.006
   4363.72     0.006
   4363.78     0.006
   4363.90     0.006
   4364.02     0.006
   4364.14     0.006
   4364.26     0.006
   4364.38     0.006
   4364.44     0.006
   4364.56     0.006
   4364.68     0.006
   4364.80     0.006
   4364.92     0.006
   4365.04     0.006
   4365.10     0.006
   4365.22     0.006
   4365.34     0.006
   4365.46     0.006
   4365.58     0.006
   4365.70     0.006
   4365.76     0.006
   4365.88     0.006
   4366.00     0.006
   4366.12     0.006
   4366.24     0.006
   4366.30     0.006
   4366.42     0.006
   4366.54     0.006
   4366.66     0.006
   4366.78     0.006
   4366.84     0.006
   4366.96     0.006
   4367.08     0.006
   4367.20     0.006
   4367.32     0.006
   4367.44     0.006
   4367.50     0.006
   4367.62     0.006
   4367.74     0.006
   4367.86     0.006
   4367.98     0.006
   4368.04     0.006
   4368.16     0.006
   4368.28     0.006
   4368.40     0.006
   4368.52     0.006
   4368.64     0.006
   4368.70     0.007
   4368.82     0.007
   4368.94     0.007
   4369.06     0.007
   4369.18     0.007
   4369.30     0.007
   4369.36     0.007
   4369.48     0.007
   4369.60     0.007
   4369.72     0.007
   4369.84     0.007
   4369.90     0.007
   4370.02     0.007
   4370.14     0.007
   4370.26     0.007
   4370.38     0.007
   4370.50     0.007
   4370.56     0.007
   4370.68     0.007
   4370.80     0.007
   4370.92     0.007
   4371.04     0.007
   4371.10     0.007
   4371.22     0.007
   4371.34     0.007
   4371.46     0.007
   4371.58     0.007
   4371.70     0.007
   4371.76     0.007
   4371.88     0.007
   4372.00     0.007
   4372.48     0.007
   4372.54     0.007
   4372.66     0.007
   4372.78     0.006
   4372.90     0.006
   4372.96     0.006
   4373.08     0.006
   4373.20     0.006
   4373.32     0.006
   4373.44     0.006
   4373.56     0.006
   4373.62     0.006
   4373.74     0.006
   4373.86     0.006
   4373.98     0.006
   4374.10     0.006
   4374.16     0.006
   4374.28     0.006
   4374.40     0.006
   4374.52     0.006
   4374.64     0.006
   4374.76     0.006
   4374.82     0.006
   4374.94     0.006
   4375.06     0.006
   4375.18     0.006
   4375.30     0.006
   4375.36     0.006
   4375.48     0.006
   4375.60     0.007
   4375.72     0.007
   4375.84     0.007
   4375.96     0.007
   4376.02     0.007
   4376.14     0.007
   4376.26     0.007
   4376.38     0.007
   4376.50     0.007
   4376.56     0.007
   4376.68     0.007
   4376.80     0.007
   4376.92     0.007
   4377.04     0.007
   4377.16     0.007
   4377.22     0.007
   4377.34     0.007
   4377.46     0.007
   4377.58     0.007
   4377.70     0.007
   4377.76     0.007
   4377.88     0.007
   4378.00     0.007
   4378.12     0.007
   4378.24     0.007
   4378.36     0.007
   4378.42     0.007
   4378.54     0.007
   4378.66     0.007
   4378.78     0.007
   4378.90     0.007
   4378.96     0.007
   4379.08     0.007
   4379.20     0.007
   4379.32     0.007
   4379.44     0.007
   4379.56     0.007
   4379.62     0.007
   4379.74     0.007
   4379.86     0.007
   4379.98     0.007
   4380.10     0.007
   4380.22     0.007
   4380.28     0.007
   4380.40     0.007
   4380.52     0.007
   4380.64     0.007
   4380.76     0.007
   4380.82     0.007
   4380.94     0.007
   4381.06     0.007
   4381.18     0.007
   4381.30     0.007
   4381.42     0.007
   4381.48     0.007
   4381.60     0.007
   4381.72     0.007
   4381.84     0.007
   4381.96     0.007
   4382.02     0.007
   4382.14     0.007
   4382.26     0.007
   4382.38     0.007
   4382.50     0.007
   4382.62     0.007
   4382.68     0.007
   4382.80     0.007
   4382.92     0.007
   4383.04     0.007
   4383.16     0.007
   4383.22     0.007
   4383.34     0.007
   4383.46     0.007
   4383.58     0.007
   4383.70     0.007
   4383.82     0.007
   4383.88     0.007
   4384.00     0.007
   4384.12     0.007
   4384.24     0.007
   4384.36     0.007
   4384.42     0.007
   4384.54     0.007
   4384.66     0.007
   4384.78     0.007
   4384.90     0.007
   4385.02     0.007
   4385.08     0.007
   4385.20     0.007
   4385.32     0.007
   4385.44     0.007
   4385.56     0.007
   4385.68     0.007
   4385.74     0.007
   4385.86     0.007
   4385.98     0.007
   4386.10     0.007
   4386.22     0.007
   4386.28     0.007
   4386.40     0.007
   4386.52     0.007
   4386.64     0.007
   4386.76     0.007
   4386.88     0.007
   4386.94     0.007
   4387.06     0.007
   4387.18     0.007
   4387.30     0.007
   4387.42     0.007
   4387.48     0.007
   4387.60     0.007
   4387.72     0.007
   4387.84     0.007
   4387.96     0.007
   4388.08     0.007
   4388.14     0.007
   4388.26     0.007
   4388.38     0.007
   4388.50     0.007
   4388.62     0.007
   4388.68     0.007
   4388.80     0.007
   4388.92     0.007
   4389.04     0.007
   4389.16     0.007
   4389.28     0.007
   4389.34     0.007
   4389.46     0.007
   4389.58     0.007
   4389.70     0.007
   4389.82     0.007
   4389.88     0.007
   4390.00     0.007
   4390.12     0.007
   4390.24     0.007
   4390.36     0.007
   4390.48     0.007
   4390.54     0.007
   4390.66     0.007
   4390.78     0.007
   4390.90     0.007
   4391.02     0.007
   4391.14     0.007
   4391.20     0.007
   4391.32     0.007
   4391.44     0.007
   4391.56     0.007
   4391.68     0.007
   4391.74     0.007
   4391.86     0.007
   4391.98     0.007
   4392.10     0.007
   4392.22     0.007
   4392.34     0.007
   4392.40     0.007
   4392.52     0.007
   4392.64     0.007
   4392.76     0.007
   4392.88     0.007
   4392.94     0.007
   4393.06     0.007
   4393.18     0.007
   4393.30     0.007
   4393.42     0.007
   4393.54     0.007
   4393.60     0.007
   4393.72     0.007
   4393.84     0.007
   4393.96     0.007
   4394.08     0.007
   4394.14     0.007
   4394.26     0.007
   4394.38     0.007
   4394.50     0.007
   4394.62     0.007
   4394.74     0.007
   4394.80     0.007
   4394.92     0.007
   4395.04     0.007
   4395.16     0.007
   4395.28     0.007
   4395.34     0.007
   4395.46     0.007
   4395.58     0.007
   4395.70     0.007
   4395.82     0.007
   4395.94     0.007
   4396.00     0.007
   4396.12     0.007
   4396.24     0.007
   4396.36     0.007
   4396.48     0.007
   4396.60     0.007
   4396.66     0.007
   4396.78     0.007
   4396.90     0.007
   4397.02     0.007
   4397.14     0.007
   4397.20     0.007
   4397.32     0.007
   4397.44     0.007
   4397.56     0.007
   4397.68     0.007
   4397.80     0.007
   4397.86     0.007
   4397.98     0.007
   4398.10     0.007
   4398.22     0.007
   4398.34     0.007
   4398.40     0.007
   4398.52     0.007
   4398.64     0.007
   4398.76     0.007
   4398.88     0.007
   4399.00     0.007
   4399.06     0.007
   4399.18     0.007
   4399.30     0.007
   4399.42     0.007
   4399.54     0.007
   4399.66     0.007
   4399.72     0.007
   4399.84     0.007
   4399.96     0.007
   4400.08     0.007
   4400.20     0.007
   4400.26     0.007
   4400.38     0.007
   4400.50     0.007
   4400.62     0.007
   4400.74     0.007
   4400.80     0.007
   4400.92     0.007
   4401.04     0.007
   4401.16     0.007
   4401.28     0.007
   4401.40     0.007
   4401.46     0.007
   4401.58     0.007
   4401.70     0.007
   4401.82     0.007
   4401.94     0.007
   4402.06     0.007
   4402.12     0.007
   4402.24     0.007
   4402.36     0.007
   4402.48     0.007
   4402.60     0.007
   4402.66     0.007
   4402.78     0.007
   4402.90     0.007
   4403.02     0.007
   4403.14     0.007
   4403.26     0.007
   4403.32     0.007
   4403.44     0.007
   4403.56     0.007
   4403.68     0.007
   4403.80     0.007
   4403.86     0.007
   4403.98     0.007
   4404.10     0.007
   4404.22     0.007
   4404.34     0.007
   4404.46     0.007
   4404.52     0.007
   4404.64     0.007
   4404.76     0.007
   4404.88     0.007
   4405.00     0.007
   4405.06     0.007
   4405.18     0.007
   4405.30     0.007
   4405.42     0.007
   4405.54     0.007
   4405.66     0.007
   4405.72     0.007
   4405.84     0.007
   4405.96     0.007
   4406.08     0.007
   4406.20     0.007
   4406.26     0.007
   4406.38     0.007
   4406.50     0.007
   4406.62     0.007
   4406.74     0.007
   4406.86     0.007
   4406.92     0.007
   4407.04     0.007
   4407.16     0.007
   4407.28     0.007
   4407.40     0.007
   4407.52     0.007
   4407.58     0.007
   4407.70     0.007
   4407.82     0.007
   4407.94     0.007
   4408.06     0.007
   4408.12     0.007
   4408.24     0.007
   4408.36     0.007
   4408.48     0.007
   4408.60     0.007
   4408.72     0.007
   4408.78     0.007
   4408.90     0.007
   4409.02     0.007
   4409.14     0.007
   4409.26     0.007
   4409.32     0.007
   4409.44     0.007
   4409.56     0.007
   4409.68     0.007
   4409.80     0.007
   4409.92     0.007
   4409.98     0.007
   4410.10     0.007
   4410.22     0.007
   4410.34     0.007
   4410.46     0.007
   4410.58     0.007
   4410.64     0.007
   4410.76     0.007
   4410.88     0.007
   4411.00     0.007
   4411.12     0.007
   4411.18     0.007
   4411.30     0.007
   4411.42     0.007
   4411.54     0.007
   4411.66     0.007
   4411.72     0.007
   4411.84     0.007
   4411.96     0.007
   4412.08     0.007
   4412.20     0.007
   4412.32     0.007
   4412.38     0.007
   4412.50     0.007
   4412.62     0.007
   4412.74     0.007
   4412.86     0.007
   4412.92     0.007
   4413.04     0.007
   4413.16     0.007
   4413.28     0.007
   4413.40     0.007
   4413.52     0.007
   4413.58     0.007
   4413.70     0.007
   4413.82     0.007
   4413.94     0.008
   4414.06     0.008
   4414.18     0.008
   4414.24     0.008
   4414.36     0.008
   4414.48     0.008
   4414.60     0.008
   4414.72     0.008
   4414.78     0.008
   4414.90     0.008
   4415.02     0.007
   4415.14     0.008
   4415.26     0.008
   4415.38     0.007
   4415.44     0.007
   4415.56     0.007
   4415.68     0.007
   4415.80     0.007
   4415.92     0.007
   4416.04     0.007
   4416.10     0.007
   4416.22     0.007
   4416.34     0.007
   4416.46     0.007
   4416.58     0.007
   4416.64     0.007
   4416.76     0.007
   4416.88     0.007
   4417.00     0.007
   4417.12     0.007
   4417.18     0.007
   4417.30     0.007
   4417.42     0.007
   4417.54     0.007
   4417.66     0.007
   4417.78     0.007
   4417.84     0.007
   4417.96     0.007
   4418.08     0.007
   4418.20     0.007
   4418.32     0.007
   4418.44     0.007
   4418.50     0.007
   4418.62     0.007
   4418.74     0.007
   4418.86     0.007
   4418.98     0.007
   4419.04     0.007
   4419.16     0.007
   4419.28     0.007
   4419.40     0.007
   4419.52     0.007
   4419.64     0.007
   4419.70     0.007
   4419.82     0.007
   4419.94     0.007
   4420.06     0.007
   4420.18     0.007
   4420.24     0.007
   4420.36     0.007
   4420.48     0.007
   4420.60     0.007
   4420.72     0.007
   4420.84     0.007
   4420.90     0.007
   4421.02     0.007
   4421.14     0.007
   4421.26     0.008
   4421.38     0.008
   4421.44     0.008
   4421.56     0.007
   4421.68     0.008
   4421.80     0.008
   4421.92     0.008
   4422.04     0.007
   4422.10     0.007
   4422.22     0.007
   4422.34     0.008
   4422.46     0.007
   4422.58     0.008
   4422.64     0.008
   4422.76     0.008
   4422.88     0.008
   4423.00     0.008
   4423.12     0.008
   4423.24     0.008
   4423.30     0.008
   4423.42     0.008
   4423.54     0.008
   4423.66     0.008
   4423.78     0.008
   4423.90     0.008
   4423.96     0.008
   4424.08     0.008
   4424.20     0.008
   4424.32     0.008
   4424.44     0.008
   4424.50     0.008
   4424.62     0.008
   4424.74     0.008
   4424.86     0.008
   4424.98     0.008
   4425.10     0.008
   4425.16     0.008
   4425.28     0.008
   4425.40     0.008
   4425.52     0.008
   4425.64     0.008
   4425.70     0.008
   4425.82     0.008
   4425.94     0.008
   4426.06     0.008
   4426.18     0.008
   4426.30     0.008
   4426.36     0.008
   4426.48     0.008
   4426.60     0.008
   4426.72     0.008
   4426.84     0.008
   4426.96     0.008
   4427.02     0.008
   4427.14     0.008
   4427.26     0.008
   4427.38     0.008
   4427.50     0.008
   4427.56     0.008
   4427.68     0.008
   4427.80     0.008
   4427.92     0.008
   4428.04     0.008
   4428.10     0.008
   4428.22     0.008
   4428.34     0.008
   4428.46     0.007
   4428.58     0.007
   4428.70     0.007
   4428.76     0.007
   4428.88     0.007
   4429.00     0.007
   4429.12     0.007
   4429.24     0.007
   4429.30     0.007
   4429.42     0.007
   4429.54     0.007
   4429.66     0.007
   4429.78     0.007
   4429.90     0.007
   4429.96     0.007
   4430.08     0.007
   4430.20     0.008
   4430.32     0.008
   4430.44     0.008
   4430.56     0.008
   4430.62     0.008
   4430.74     0.008
   4430.86     0.008
   4430.98     0.008
   4431.10     0.008
   4431.22     0.008
   4431.28     0.008
   4431.40     0.008
   4431.52     0.008
   4431.64     0.008
   4431.76     0.008
   4431.82     0.008
   4431.94     0.008
   4432.06     0.008
   4432.18     0.008
   4432.30     0.008
   4432.42     0.008
   4432.48     0.008
   4432.60     0.008
   4432.72     0.008
   4432.84     0.008
   4432.96     0.008
   4433.02     0.008
   4433.14     0.008
   4433.26     0.008
   4433.38     0.008
   4433.50     0.008
   4433.56     0.008
   4433.68     0.008
   4433.80     0.008
   4433.92     0.008
   4434.04     0.008
   4434.16     0.008
   4434.22     0.008
   4434.34     0.008
   4434.46     0.008
   4434.58     0.008
   4434.70     0.008
   4434.82     0.008
   4434.88     0.008
   4435.00     0.008
   4435.12     0.008
   4435.24     0.008
   4435.36     0.008
   4435.42     0.008
   4435.54     0.008
   4435.66     0.008
   4435.78     0.008
   4435.90     0.008
   4436.02     0.008
   4436.08     0.008
   4436.20     0.008
   4436.32     0.008
   4436.44     0.008
   4436.56     0.008
   4436.62     0.008
   4436.74     0.008
   4436.86     0.008
   4436.98     0.008
   4437.10     0.008
   4437.22     0.008
   4437.28     0.008
   4437.40     0.008
   4437.52     0.008
   4437.64     0.008
   4437.76     0.008
   4437.82     0.008
   4437.94     0.008
   4438.06     0.008
   4438.18     0.008
   4438.30     0.008
   4438.42     0.008
   4438.48     0.008
   4438.60     0.008
   4438.72     0.008
   4438.84     0.008
   4438.96     0.008
   4439.02     0.008
   4439.14     0.008
   4439.26     0.008
   4439.38     0.008
   4439.50     0.008
   4439.62     0.008
   4439.68     0.008
   4439.80     0.008
   4439.92     0.008
   4440.04     0.008
   4440.16     0.008
   4440.28     0.008
   4440.34     0.008
   4440.46     0.008
   4440.58     0.008
   4440.70     0.008
   4440.82     0.008
   4440.88     0.008
   4441.00     0.008
   4441.12     0.008
   4441.24     0.008
   4441.36     0.008
   4441.48     0.008
   4441.54     0.008
   4441.66     0.008
   4441.78     0.008
   4441.90     0.008
   4442.02     0.008
   4442.08     0.008
   4442.20     0.008
   4442.32     0.008
   4442.44     0.008
   4442.56     0.008
   4442.68     0.008
   4442.74     0.008
   4442.86     0.008
   4442.98     0.008
   4443.10     0.008
   4443.22     0.008
   4443.34     0.008
   4443.40     0.008
   4443.52     0.008
   4443.64     0.008
   4443.76     0.008
   4443.88     0.008
   4443.94     0.008
   4444.06     0.008
   4444.18     0.008
   4444.30     0.008
   4444.42     0.008
   4444.54     0.008
   4444.60     0.008
   4444.72     0.008
   4444.84     0.008
   4444.96     0.008
   4445.08     0.008
   4445.14     0.008
   4445.26     0.008
   4445.38     0.008
   4445.50     0.008
   4445.62     0.008
   4445.74     0.008
   4445.80     0.008
   4445.92     0.008
   4446.04     0.008
   4446.16     0.008
   4446.28     0.008
   4446.34     0.008
   4446.46     0.008
   4446.58     0.008
   4446.70     0.008
   4446.82     0.008
   4446.94     0.008
   4447.00     0.008
   4447.12     0.008
   4447.24     0.008
   4447.36     0.008
   4447.48     0.008
   4447.60     0.008
   4447.66     0.008
   4447.78     0.008
   4447.90     0.008
   4448.02     0.008
   4448.14     0.008
   4448.20     0.008
   4448.32     0.008
   4448.44     0.008
   4448.56     0.008
   4448.68     0.008
   4448.80     0.008
   4448.86     0.008
   4448.98     0.008
   4449.10     0.008
   4449.22     0.008
   4449.34     0.008
   4449.40     0.008
   4449.52     0.008
   4449.64     0.008
   4449.76     0.008
   4449.88     0.008
   4449.94     0.008
   4450.06     0.008
   4450.18     0.008
   4450.30     0.008
   4450.42     0.008
   4450.54     0.008
   4450.60     0.008
   4450.72     0.008
   4450.84     0.008
   4450.96     0.008
   4451.08     0.008
   4451.14     0.008
   4451.26     0.008
   4451.38     0.008
   4451.50     0.008
   4451.62     0.008
   4451.74     0.008
   4451.80     0.008
   4451.92     0.008
   4452.04     0.008
   4452.16     0.008
   4452.28     0.008
   4452.40     0.008
   4452.46     0.008
   4452.58     0.008
   4452.70     0.008
   4452.82     0.008
   4452.94     0.008
   4453.00     0.008
   4453.12     0.008
   4453.24     0.008
   4453.36     0.008
   4453.48     0.008
   4453.60     0.008
   4453.66     0.008
   4453.78     0.008
   4453.90     0.008
   4454.02     0.008
   4454.14     0.008
   4454.20     0.008
   4454.32     0.008
   4454.44     0.008
   4454.56     0.008
   4454.68     0.008
   4454.80     0.008
   4454.86     0.008
   4454.98     0.008
   4455.10     0.008
   4455.22     0.008
   4455.34     0.008
   4455.46     0.008
   4455.52     0.008
   4455.64     0.008
   4455.76     0.008
   4455.88     0.008
   4456.00     0.008
   4456.06     0.008
   4456.18     0.008
   4456.30     0.008
   4456.42     0.008
   4456.54     0.008
   4456.66     0.008
   4456.72     0.008
   4456.84     0.008
   4456.96     0.008
   4457.08     0.008
   4457.20     0.008
   4457.26     0.008
   4457.38     0.008
   4457.50     0.008
   4457.62     0.008
   4457.74     0.008
   4457.86     0.008
   4457.92     0.008
   4458.04     0.008
   4458.16     0.008
   4458.28     0.008
   4458.40     0.008
   4458.46     0.008
   4458.58     0.008
   4458.70     0.008
   4458.82     0.008
   4458.94     0.008
   4459.06     0.008
   4459.12     0.008
   4459.24     0.008
   4459.36     0.008
   4459.48     0.008
   4459.60     0.008
   4459.72     0.008
   4459.78     0.008
   4459.90     0.008
   4460.02     0.008
   4460.14     0.008
   4460.26     0.008
   4460.32     0.008
   4460.44     0.008
   4460.56     0.008
   4460.68     0.008
   4460.80     0.008
   4460.92     0.008
   4460.98     0.008
   4461.10     0.008
   4461.22     0.008
   4461.34     0.008
   4461.46     0.008
   4461.52     0.008
   4461.64     0.008
   4461.76     0.008
   4461.88     0.008
   4462.00     0.008
   4462.12     0.008
   4462.18     0.008
   4462.30     0.008
   4462.42     0.008
   4462.54     0.008
   4462.66     0.008
   4462.72     0.008
   4462.84     0.008
   4462.96     0.008
   4463.08     0.008
   4463.20     0.008
   4463.32     0.008
   4463.38     0.008
   4463.50     0.008
   4463.62     0.008
   4463.74     0.008
   4463.86     0.008
   4463.98     0.008
   4464.04     0.008
   4464.16     0.008
   4464.28     0.008
   4464.40     0.008
   4464.52     0.008
   4464.58     0.008
   4464.70     0.008
   4464.82     0.008
   4464.94     0.008
   4465.06     0.008
   4465.18     0.009
   4465.24     0.009
   4465.36     0.009
   4465.48     0.009
   4465.60     0.009
   4465.72     0.009
   4465.78     0.009
   4465.90     0.009
   4466.02     0.009
   4466.14     0.009
   4466.26     0.008
   4466.32     0.008
   4466.44     0.008
   4466.56     0.008
   4466.68     0.008
   4466.80     0.008
   4466.92     0.008
   4466.98     0.008
   4467.10     0.008
   4467.22     0.008
   4467.34     0.008
   4467.46     0.008
   4467.52     0.008
   4467.64     0.008
   4467.76     0.008
   4467.88     0.008
   4468.00     0.008
   4468.12     0.009
   4468.18     0.008
   4468.30     0.009
   4468.42     0.009
   4468.54     0.009
   4468.66     0.008
   4468.78     0.008
   4468.84     0.008
   4468.96     0.008
   4469.08     0.008
   4469.20     0.008
   4469.32     0.008
   4469.44     0.008
   4469.50     0.008
   4469.62     0.008
   4469.74     0.008
   4469.86     0.008
   4469.98     0.008
   4470.10     0.008
   4470.16     0.008
   4470.28     0.008
   4470.40     0.008
   4470.52     0.008
   4470.58     0.008
   4470.70     0.008
   4470.82     0.008
   4470.94     0.008
   4471.06     0.008
   4471.18     0.008
   4471.24     0.008
   4471.36     0.008
   4471.48     0.008
   4471.60     0.008
   4471.72     0.008
   4471.84     0.008
   4471.90     0.008
   4472.02     0.008
   4472.14     0.008
   4472.26     0.008
   4472.38     0.008
   4472.44     0.008
   4472.56     0.008
   4472.68     0.008
   4472.80     0.008
   4472.92     0.008
   4473.04     0.008
   4473.10     0.008
   4473.22     0.008
   4473.34     0.008
   4473.46     0.008
   4473.58     0.008
   4473.64     0.008
   4473.76     0.008
   4473.88     0.008
   4474.00     0.008
   4474.12     0.008
   4474.24     0.008
   4474.30     0.008
   4474.42     0.008
   4474.54     0.008
   4474.66     0.008
   4474.78     0.008
   4474.84     0.008
   4474.96     0.008
   4475.08     0.009
   4475.20     0.009
   4475.32     0.009
   4475.44     0.009
   4475.50     0.009
   4475.62     0.009
   4475.74     0.009
   4475.86     0.009
   4475.98     0.009
   4476.04     0.009
   4476.16     0.009
   4476.28     0.009
   4476.40     0.009
   4476.52     0.009
   4476.64     0.009
   4476.70     0.009
   4476.82     0.009
   4476.94     0.009
   4477.06     0.009
   4477.18     0.009
   4477.30     0.009
   4477.36     0.009
   4477.48     0.009
   4477.60     0.009
   4477.72     0.009
   4477.84     0.009
   4477.90     0.009
   4478.02     0.009
   4478.14     0.009
   4478.26     0.009
   4478.38     0.009
   4478.50     0.009
   4478.56     0.009
   4478.68     0.009
   4478.80     0.009
   4478.92     0.009
   4479.04     0.009
   4479.10     0.009
   4479.22     0.009
   4479.34     0.009
   4479.46     0.009
   4479.58     0.009
   4479.70     0.009
   4479.76     0.009
   4479.88     0.009
   4480.00     0.009
   4480.12     0.009
   4480.24     0.009
   4480.36     0.009
   4480.42     0.009
   4480.54     0.009
   4480.66     0.009
   4480.78     0.009
   4480.90     0.009
   4480.96     0.009
   4481.08     0.009
   4481.20     0.009
   4481.32     0.009
   4481.44     0.009
   4481.56     0.009
   4482.04     0.009
   4482.10     0.009
   4482.16     0.009
   4482.28     0.009
   4482.40     0.009
   4482.52     0.009
   4482.64     0.009
   4482.70     0.009
   4482.82     0.009
   4482.94     0.009
   4483.06     0.009
   4483.18     0.009
   4483.30     0.009
   4483.36     0.009
   4483.48     0.009
   4483.60     0.009
   4483.72     0.009
   4483.84     0.009
   4483.96     0.009
   4484.02     0.009
   4484.14     0.009
   4484.26     0.009
   4484.38     0.009
   4484.50     0.009
   4484.62     0.009
   4484.68     0.009
   4484.80     0.009
   4484.92     0.009
   4485.04     0.009
   4485.16     0.009
   4485.22     0.009
   4485.34     0.009
   4485.46     0.009
   4485.58     0.009
   4485.70     0.009
   4485.82     0.009
   4485.88     0.009
   4486.00     0.009
   4486.12     0.009
   4486.24     0.009
   4486.36     0.009
   4486.42     0.009
   4486.54     0.009
   4486.66     0.009
   4486.78     0.009
   4486.90     0.009
   4486.96     0.009
   4487.08     0.009
   4487.20     0.009
   4487.32     0.009
   4487.44     0.009
   4487.56     0.009
   4487.62     0.009
   4487.74     0.009
   4487.86     0.009
   4487.98     0.009
   4488.10     0.009
   4488.22     0.009
   4488.28     0.009
   4488.40     0.009
   4488.52     0.009
   4488.64     0.009
   4488.76     0.009
   4488.82     0.009
   4488.94     0.009
   4489.06     0.009
   4489.18     0.009
   4489.30     0.009
   4489.42     0.009
   4489.48     0.009
   4489.60     0.009
   4489.72     0.009
   4489.84     0.009
   4489.96     0.009
   4490.08     0.009
   4490.14     0.009
   4490.26     0.009
   4490.38     0.009
   4490.50     0.009
   4490.62     0.009
   4490.68     0.009
   4490.80     0.009
   4490.92     0.009
   4491.04     0.009
   4491.16     0.009
   4491.22     0.009
   4491.34     0.009
   4491.46     0.009
   4491.58     0.009
   4491.70     0.009
   4491.82     0.009
   4491.88     0.009
   4492.00     0.009
   4492.12     0.009
   4492.24     0.009
   4492.36     0.009
   4492.48     0.009
   4492.54     0.009
   4492.66     0.009
   4492.78     0.009
   4492.90     0.009
   4493.02     0.009
   4493.08     0.009
   4493.20     0.009
   4493.32     0.009
   4493.44     0.009
   4493.56     0.009
   4493.62     0.009
   4493.74     0.009
   4493.86     0.009
   4493.98     0.009
   4494.10     0.009
   4494.22     0.009
   4494.28     0.009
   4494.40     0.009
   4494.52     0.009
   4494.64     0.009
   4494.76     0.009
   4494.88     0.009
   4494.94     0.009
   4495.06     0.009
   4495.18     0.009
   4495.30     0.009
   4495.42     0.009
   4495.48     0.009
   4495.60     0.009
   4495.72     0.009
   4495.84     0.009
   4495.96     0.009
   4496.08     0.009
   4496.14     0.009
   4496.26     0.009
   4496.38     0.009
   4496.50     0.009
   4496.62     0.009
   4496.74     0.009
   4496.80     0.009
   4496.92     0.009
   4497.04     0.009
   4497.16     0.009
   4497.28     0.009
   4497.34     0.009
   4497.46     0.009
   4497.58     0.009
   4497.70     0.009
   4497.82     0.009
   4497.88     0.009
   4498.00     0.009
   4498.12     0.009
   4498.24     0.009
   4498.36     0.009
   4498.48     0.009
   4498.54     0.009
   4498.66     0.009
   4498.78     0.009
   4498.90     0.009
   4499.02     0.009
   4499.08     0.009
   4499.20     0.009
   4499.32     0.009
   4499.44     0.009
   4499.56     0.009
   4499.68     0.009
   4499.74     0.009
   4499.86     0.009
   4499.98     0.009
   4500.10     0.009
   4500.22     0.009
   4500.34     0.009
   4500.40     0.009
   4500.52     0.009
   4500.64     0.009
   4500.76     0.009
   4500.88     0.009
   4500.94     0.009
   4501.06     0.009
   4501.18     0.009
   4501.30     0.009
   4501.42     0.009
   4501.54     0.009
   4501.60     0.009
   4501.72     0.009
   4501.84     0.009
   4501.96     0.009
   4502.08     0.009
   4502.20     0.009
   4502.26     0.009
   4502.38     0.009
   4502.50     0.009
   4502.62     0.009
   4502.74     0.009
   4502.80     0.009
   4502.92     0.009
   4503.04     0.009
   4503.16     0.009
   4503.28     0.009
   4503.34     0.009
   4503.46     0.009
   4503.58     0.009
   4503.70     0.009
   4503.82     0.009
   4503.94     0.009
   4504.00     0.009
   4504.12     0.009
   4504.24     0.009
   4504.36     0.009
   4504.48     0.009
   4504.60     0.009
   4504.66     0.009
   4504.78     0.009
   4504.90     0.009
   4505.02     0.009
   4505.14     0.009
   4505.20     0.009
   4505.32     0.009
   4505.44     0.009
   4505.56     0.009
   4505.68     0.009
   4505.80     0.009
   4505.86     0.009
   4505.98     0.009
   4506.10     0.009
   4506.22     0.009
   4506.34     0.009
   4506.46     0.009
   4506.52     0.009
   4506.64     0.009
   4506.76     0.009
   4506.88     0.009
   4507.00     0.009
   4507.06     0.009
   4507.18     0.009
   4507.30     0.009
   4507.42     0.009
   4507.54     0.009
   4507.60     0.009
   4507.72     0.009
   4507.84     0.009
   4507.96     0.009
   4508.08     0.009
   4508.20     0.009
   4508.26     0.009
   4508.38     0.009
   4508.50     0.009
   4508.62     0.009
   4508.74     0.009
   4508.86     0.009
   4508.92     0.009
   4509.04     0.009
   4509.16     0.009
   4509.28     0.009
   4509.40     0.009
   4509.46     0.009
   4509.58     0.009
   4509.70     0.009
   4509.82     0.009
   4509.94     0.009
   4510.06     0.009
   4510.12     0.009
   4510.24     0.009
   4510.36     0.009
   4510.48     0.009
   4510.60     0.009
   4510.72     0.009
   4510.78     0.009
   4510.90     0.009
   4511.02     0.009
   4511.14     0.009
   4511.26     0.009
   4511.32     0.009
   4511.44     0.009
   4511.56     0.009
   4511.68     0.009
   4511.80     0.009
   4511.86     0.009
   4511.98     0.009
   4512.10     0.009
   4512.22     0.009
   4512.34     0.009
   4512.46     0.009
   4512.52     0.009
   4512.64     0.009
   4512.76     0.009
   4512.88     0.009
   4513.00     0.009
   4513.06     0.009
   4513.18     0.009
   4513.30     0.009
   4513.42     0.009
   4513.54     0.009
   4513.66     0.009
   4513.72     0.009
   4513.84     0.009
   4513.96     0.009
   4514.08     0.009
   4514.20     0.009
   4514.32     0.009
   4514.38     0.009
   4514.50     0.009
   4514.62     0.009
   4514.74     0.009
   4514.86     0.009
   4514.92     0.009
   4515.04     0.009
   4515.16     0.009
   4515.28     0.009
   4515.40     0.009
   4515.46     0.009
   4515.58     0.009
   4515.70     0.009
   4515.82     0.009
   4515.94     0.009
   4516.06     0.009
   4516.12     0.009
   4516.24     0.009
   4516.36     0.009
   4516.48     0.009
   4516.60     0.009
   4516.72     0.009
   4516.78     0.009
   4516.90     0.009
   4517.02     0.009
   4517.14     0.009
   4517.26     0.009
   4517.38     0.009
   4517.44     0.009
   4517.56     0.009
   4517.68     0.009
   4517.80     0.009
   4517.92     0.009
   4517.98     0.009
   4518.10     0.009
   4518.22     0.009
   4518.34     0.009
   4518.46     0.009
   4518.58     0.009
   4518.64     0.009
   4518.76     0.009
   4518.88     0.009
   4519.00     0.009
   4519.12     0.009
   4519.18     0.009
   4519.30     0.009
   4519.42     0.009
   4519.54     0.009
   4519.66     0.009
   4519.72     0.009
   4519.84     0.009
   4519.96     0.009
   4520.08     0.009
   4520.20     0.009
   4520.32     0.009
   4520.38     0.009
   4520.50     0.009
   4520.62     0.009
   4520.74     0.009
   4520.86     0.009
   4520.98     0.009
   4521.04     0.009
   4521.16     0.009
   4521.28     0.009
   4521.40     0.009
   4521.52     0.009
   4521.58     0.009
   4521.70     0.009
   4521.82     0.009
   4521.94     0.009
   4522.06     0.009
   4522.18     0.009
   4522.24     0.009
   4522.36     0.009
   4522.48     0.009
   4522.60     0.009
   4522.72     0.009
   4522.84     0.009
   4522.90     0.009
   4523.02     0.009
   4523.14     0.009
   4523.26     0.009
   4523.38     0.009
   4523.44     0.009
   4523.56     0.009
   4523.68     0.009
   4523.80     0.009
   4523.92     0.009
   4523.98     0.009
   4524.10     0.009
   4524.22     0.009
   4524.34     0.009
   4524.46     0.009
   4524.58     0.009
   4524.64     0.009
   4524.76     0.009
   4524.88     0.009
   4525.00     0.009
   4525.12     0.009
   4525.24     0.009
   4525.30     0.009
   4525.42     0.009
   4525.54     0.009
   4525.66     0.009
   4525.78     0.009
   4525.84     0.009
   4525.96     0.009
   4526.08     0.009
   4526.20     0.009
   4526.32     0.010
   4526.44     0.009
   4526.50     0.009
   4526.62     0.010
   4526.74     0.010
   4526.86     0.010
   4526.98     0.010
   4527.04     0.009
   4527.16     0.010
   4527.28     0.009
   4527.40     0.009
   4527.52     0.010
   4527.64     0.009
   4527.70     0.009
   4527.82     0.009
   4527.94     0.009
   4528.06     0.009
   4528.18     0.009
   4528.24     0.009
   4528.36     0.009
   4528.48     0.010
   4528.60     0.010
   4528.72     0.010
   4528.84     0.010
   4528.90     0.010
   4529.02     0.010
   4529.14     0.010
   4529.26     0.010
   4529.38     0.010
   4529.50     0.010
   4529.56     0.010
   4529.68     0.010
   4529.80     0.010
   4529.92     0.010
   4530.04     0.010
   4530.10     0.010
   4530.22     0.010
   4530.34     0.010
   4530.46     0.010
   4530.58     0.010
   4530.70     0.010
   4530.76     0.010
   4530.88     0.010
   4531.00     0.010
   4531.12     0.010
   4531.24     0.010
   4531.30     0.010
   4531.42     0.010
   4531.54     0.010
   4531.66     0.010
   4531.78     0.010
   4531.84     0.010
   4531.96     0.010
   4532.08     0.010
   4532.20     0.010
   4532.32     0.010
   4532.44     0.010
   4532.50     0.010
   4532.62     0.010
   4532.74     0.010
   4532.86     0.010
   4532.98     0.010
   4533.10     0.010
   4533.16     0.010
   4533.28     0.010
   4533.40     0.010
   4533.52     0.010
   4533.64     0.010
   4533.76     0.010
   4533.82     0.010
   4533.94     0.010
   4534.06     0.010
   4534.18     0.010
   4534.30     0.010
   4534.36     0.010
   4534.48     0.010
   4534.60     0.010
   4534.72     0.010
   4534.84     0.010
   4534.96     0.010
   4535.02     0.010
   4535.14     0.010
   4535.26     0.010
   4535.38     0.010
   4535.50     0.010
   4535.56     0.010
   4535.68     0.010
   4535.80     0.010
   4535.92     0.010
   4536.04     0.010
   4536.10     0.010
   4536.22     0.010
   4536.34     0.010
   4536.46     0.010
   4536.58     0.010
   4536.70     0.010
   4536.76     0.010
   4536.88     0.010
   4537.00     0.010
   4537.12     0.010
   4537.24     0.010
   4537.36     0.010
   4537.42     0.010
   4537.54     0.010
   4537.66     0.010
   4537.78     0.010
   4537.90     0.010
   4537.96     0.010
   4538.08     0.010
   4538.20     0.010
   4538.32     0.010
   4538.44     0.010
   4538.56     0.010
   4538.62     0.010
   4538.74     0.009
   4538.86     0.010
   4538.98     0.010
   4539.10     0.010
   4539.16     0.010
   4539.28     0.010
   4539.40     0.010
   4539.52     0.010
   4539.64     0.010
   4539.76     0.010
   4539.82     0.010
   4539.94     0.010
   4540.06     0.010
   4540.18     0.010
   4540.30     0.010
   4540.36     0.010
   4540.48     0.010
   4540.60     0.010
   4540.72     0.010
   4540.84     0.010
   4540.96     0.010
   4541.02     0.010
   4541.14     0.010
   4541.26     0.010
   4541.38     0.010
   4541.50     0.010
   4541.62     0.010
   4541.68     0.010
   4541.80     0.010
   4541.92     0.010
   4542.04     0.010
   4542.16     0.010
   4542.22     0.010
   4542.34     0.010
   4542.46     0.010
   4542.58     0.010
   4542.70     0.010
   4542.82     0.010
   4542.88     0.010
   4543.00     0.010
   4543.12     0.010
   4543.24     0.010
   4543.36     0.010
   4543.42     0.010
   4543.54     0.010
   4543.66     0.010
   4543.78     0.010
   4543.90     0.010
   4544.02     0.010
   4544.08     0.010
   4544.20     0.010
   4544.32     0.010
   4544.44     0.010
   4544.56     0.010
   4544.62     0.010
   4544.74     0.010
   4544.86     0.010
   4544.98     0.010
   4545.10     0.010
   4545.22     0.010
   4545.28     0.010
   4545.40     0.010
   4545.52     0.010
   4545.64     0.010
   4545.76     0.010
   4545.88     0.010
   4545.94     0.010
   4546.06     0.010
   4546.18     0.010
   4546.30     0.010
   4546.42     0.010
   4546.48     0.010
   4546.60     0.010
   4546.72     0.010
   4546.84     0.010
   4546.96     0.010
   4547.02     0.010
   4547.14     0.010
   4547.26     0.010
   4547.38     0.010
   4547.50     0.010
   4547.62     0.010
   4547.68     0.010
   4547.80     0.010
   4547.92     0.010
   4548.04     0.010
   4548.16     0.010
   4548.22     0.010
   4548.34     0.010
   4548.46     0.010
   4548.58     0.010
   4548.70     0.010
   4548.82     0.010
   4548.88     0.010
   4549.00     0.010
   4549.12     0.010
   4549.24     0.010
   4549.36     0.010
   4549.48     0.010
   4549.54     0.010
   4549.66     0.010
   4549.78     0.010
   4549.90     0.010
   4550.02     0.010
   4550.08     0.010
   4550.20     0.010
   4550.32     0.010
   4550.44     0.010
   4550.56     0.010
   4550.68     0.010
   4550.74     0.010
   4550.86     0.010
   4550.98     0.010
   4551.10     0.010
   4551.22     0.010
   4551.28     0.010
   4551.40     0.010
   4551.52     0.010
   4551.64     0.010
   4551.76     0.010
   4551.88     0.010
   4551.94     0.010
   4552.06     0.010
   4552.18     0.010
   4552.30     0.010
   4552.42     0.010
   4552.48     0.010
   4552.60     0.010
   4552.72     0.010
   4552.84     0.010
   4552.96     0.010
   4553.08     0.010
   4553.14     0.010
   4553.26     0.010
   4553.38     0.010
   4553.50     0.010
   4553.62     0.010
   4553.74     0.010
   4553.80     0.010
   4553.92     0.010
   4554.04     0.010
   4554.16     0.010
   4554.28     0.010
   4554.34     0.010
   4554.46     0.010
   4554.58     0.010
   4554.70     0.010
   4554.82     0.010
   4554.88     0.010
   4555.00     0.010
   4555.12     0.010
   4555.24     0.010
   4555.36     0.010
   4555.48     0.010
   4555.54     0.010
   4555.66     0.010
   4555.78     0.010
   4555.90     0.010
   4556.02     0.010
   4556.14     0.010
   4556.20     0.010
   4556.32     0.010
   4556.44     0.010
   4556.56     0.010
   4556.68     0.010
   4556.74     0.010
   4556.86     0.010
   4556.98     0.010
   4557.10     0.010
   4557.22     0.010
   4557.34     0.010
   4557.40     0.010
   4557.52     0.010
   4557.64     0.010
   4557.76     0.010
   4557.88     0.010
   4558.00     0.010
   4558.06     0.010
   4558.18     0.010
   4558.30     0.010
   4558.42     0.010
   4558.54     0.010
   4558.60     0.010
   4558.72     0.010
   4558.84     0.010
   4558.96     0.010
   4559.08     0.010
   4559.20     0.010
   4559.26     0.010
   4559.38     0.010
   4559.50     0.010
   4559.62     0.010
   4559.74     0.010
   4559.86     0.010
   4559.92     0.010
   4560.04     0.010
   4560.16     0.010
   4560.28     0.010
   4560.40     0.010
   4560.46     0.010
   4560.58     0.010
   4560.70     0.010
   4560.82     0.010
   4560.94     0.010
   4561.00     0.010
   4561.12     0.010
   4561.24     0.010
   4561.36     0.010
   4561.48     0.010
   4561.60     0.010
   4561.66     0.010
   4561.78     0.010
   4561.90     0.010
   4562.02     0.010
   4562.14     0.010
   4562.20     0.010
   4562.32     0.010
   4562.44     0.010
   4562.56     0.010
   4562.68     0.010
   4562.80     0.010
   4562.86     0.010
   4562.98     0.010
   4563.10     0.010
   4563.22     0.010
   4563.34     0.010
   4563.46     0.010
   4563.52     0.010
   4563.64     0.010
   4563.76     0.010
   4563.88     0.010
   4564.00     0.010
   4564.06     0.010
   4564.18     0.010
   4564.30     0.010
   4564.42     0.010
   4564.54     0.010
   4564.66     0.010
   4564.72     0.010
   4564.84     0.010
   4564.96     0.010
   4565.08     0.010
   4565.20     0.010
   4565.26     0.010
   4565.38     0.010
   4565.50     0.010
   4565.62     0.010
   4565.74     0.010
   4565.86     0.010
   4565.92     0.010
   4566.04     0.010
   4566.16     0.010
   4566.28     0.010
   4566.40     0.010
   4566.46     0.010
   4566.58     0.010
   4566.70     0.010
   4566.82     0.010
   4566.94     0.010
   4567.06     0.010
   4567.12     0.010
   4567.24     0.010
   4567.36     0.010
   4567.48     0.010
   4567.60     0.010
   4567.72     0.010
   4567.78     0.010
   4567.90     0.010
   4568.02     0.010
   4568.14     0.010
   4568.26     0.010
   4568.32     0.010
   4568.44     0.010
   4568.56     0.010
   4568.68     0.010
   4568.80     0.010
   4568.86     0.010
   4568.98     0.010
   4569.10     0.010
   4569.22     0.010
   4569.34     0.010
   4569.46     0.010
   4569.52     0.010
   4569.64     0.010
   4569.76     0.010
   4569.88     0.010
   4570.00     0.010
   4570.12     0.010
   4570.18     0.010
   4570.30     0.010
   4570.42     0.010
   4570.54     0.010
   4570.66     0.010
   4570.72     0.010
   4570.84     0.010
   4570.96     0.010
   4571.08     0.010
   4571.20     0.010
   4571.32     0.010
   4571.38     0.010
   4571.50     0.010
   4571.62     0.010
   4571.74     0.010
   4571.86     0.010
   4571.92     0.010
   4572.04     0.010
   4572.16     0.010
   4572.28     0.010
   4572.40     0.010
   4572.52     0.010
   4572.58     0.010
   4572.70     0.010
   4572.82     0.010
   4572.94     0.010
   4573.06     0.010
   4573.12     0.010
   4573.24     0.010
   4573.36     0.010
   4573.48     0.010
   4573.60     0.010
   4573.72     0.010
   4573.78     0.010
   4573.90     0.010
   4574.02     0.010
   4574.14     0.010
   4574.26     0.010
   4574.32     0.010
   4574.44     0.010
   4574.56     0.010
   4574.68     0.010
   4574.80     0.010
   4574.92     0.010
   4574.98     0.010
   4575.10     0.010
   4575.22     0.010
   4575.34     0.010
   4575.46     0.010
   4575.58     0.010
   4575.64     0.010
   4575.76     0.010
   4575.88     0.010
   4576.00     0.010
   4576.12     0.010
   4576.18     0.010
   4576.30     0.010
   4576.42     0.010
   4576.54     0.010
   4576.66     0.010
   4576.78     0.010
   4576.84     0.010
   4576.96     0.010
   4577.08     0.010
   4577.20     0.010
   4577.32     0.010
   4577.38     0.010
   4577.50     0.011
   4577.62     0.011
   4577.74     0.011
   4577.86     0.011
   4577.98     0.011
   4578.04     0.011
   4578.16     0.011
   4578.28     0.011
   4578.40     0.011
   4578.52     0.011
   4578.58     0.011
   4578.70     0.011
   4578.82     0.011
   4578.94     0.011
   4579.06     0.011
   4579.18     0.011
   4579.24     0.010
   4579.36     0.010
   4579.48     0.010
   4579.60     0.010
   4579.72     0.010
   4579.78     0.010
   4579.90     0.010
   4580.02     0.010
   4580.14     0.010
   4580.26     0.010
   4580.38     0.010
   4580.44     0.010
   4580.56     0.010
   4580.68     0.010
   4580.80     0.010
   4580.92     0.010
   4580.98     0.010
   4581.10     0.010
   4581.22     0.010
   4581.34     0.010
   4581.46     0.011
   4581.58     0.011
   4581.64     0.011
   4581.76     0.011
   4581.88     0.011
   4582.00     0.011
   4582.12     0.011
   4582.24     0.011
   4582.30     0.011
   4582.42     0.011
   4582.54     0.011
   4582.66     0.011
   4582.78     0.011
   4582.84     0.011
   4582.96     0.011
   4583.08     0.011
   4583.20     0.011
   4583.32     0.011
   4583.44     0.011
   4583.50     0.011
   4583.62     0.011
   4583.74     0.011
   4583.86     0.011
   4583.98     0.011
   4584.10     0.011
   4584.16     0.011
   4584.28     0.011
   4584.40     0.011
   4584.52     0.011
   4584.64     0.011
   4584.70     0.011
   4584.82     0.011
   4584.94     0.011
   4585.06     0.011
   4585.18     0.011
   4585.24     0.011
   4585.36     0.011
   4585.48     0.011
   4585.60     0.011
   4585.72     0.011
   4585.84     0.011
   4585.90     0.011
   4586.02     0.011
   4586.14     0.011
   4586.26     0.011
   4586.38     0.011
   4586.50     0.011
   4586.56     0.011
   4586.68     0.011
   4586.80     0.011
   4586.92     0.011
   4587.04     0.011
   4587.10     0.011
   4587.22     0.011
   4587.34     0.011
   4587.46     0.011
   4587.58     0.011
   4587.70     0.011
   4587.76     0.011
   4587.88     0.011
   4588.00     0.011
   4588.12     0.011
   4588.24     0.011
   4588.30     0.011
   4588.42     0.011
   4588.54     0.011
   4588.66     0.011
   4588.78     0.011
   4588.90     0.011
   4588.96     0.011
   4589.08     0.011
   4589.20     0.011
   4589.32     0.011
   4589.44     0.011
   4589.50     0.011
   4589.62     0.011
   4589.74     0.011
   4589.86     0.011
   4589.98     0.011
   4590.10     0.011
   4590.16     0.011
   4590.28     0.011
   4590.40     0.011
   4590.52     0.011
   4590.64     0.011
   4590.70     0.011
   4590.82     0.011
   4590.94     0.011
   4591.06     0.011
   4591.54     0.011
   4591.60     0.011
   4591.72     0.011
   4591.84     0.011
   4591.96     0.011
   4592.02     0.011
   4592.14     0.011
   4592.26     0.011
   4592.38     0.011
   4592.50     0.011
   4592.56     0.011
   4592.68     0.011
   4592.80     0.011
   4592.92     0.011
   4593.04     0.011
   4593.16     0.011
   4593.22     0.011
   4593.34     0.011
   4593.46     0.011
   4593.58     0.011
   4593.70     0.011
   4593.76     0.011
   4593.88     0.011
   4594.00     0.011
   4594.12     0.011
   4594.24     0.011
   4594.36     0.011
   4594.42     0.011
   4594.54     0.011
   4594.66     0.011
   4594.78     0.011
   4594.90     0.011
   4594.96     0.011
   4595.08     0.011
   4595.20     0.011
   4595.32     0.011
   4595.44     0.011
   4595.56     0.011
   4595.62     0.011
   4595.74     0.011
   4595.86     0.011
   4595.98     0.011
   4596.10     0.011
   4596.16     0.011
   4596.28     0.011
   4596.40     0.011
   4596.52     0.011
   4596.64     0.011
   4596.76     0.011
   4596.82     0.011
   4596.94     0.011
   4597.06     0.011
   4597.18     0.011
   4597.30     0.011
   4597.42     0.011
   4597.48     0.011
   4597.60     0.011
   4597.72     0.011
   4597.84     0.011
   4597.96     0.011
   4598.02     0.011
   4598.14     0.011
   4598.26     0.011
   4598.38     0.011
   4598.50     0.011
   4598.62     0.011
   4598.68     0.011
   4598.80     0.011
   4598.92     0.011
   4599.04     0.011
   4599.16     0.011
   4599.22     0.011
   4599.34     0.011
   4599.46     0.011
   4599.58     0.011
   4599.70     0.011
   4599.82     0.011
   4599.88     0.011
   4600.00     0.011
   4600.12     0.011
   4600.24     0.011
   4600.36     0.011
   4600.42     0.011
   4600.54     0.011
   4600.66     0.011
   4600.78     0.011
   4600.90     0.011
   4601.02     0.011
   4601.08     0.011
   4601.20     0.011
   4601.32     0.011
   4601.44     0.011
   4601.56     0.011
   4601.62     0.011
   4601.74     0.011
   4601.86     0.011
   4601.98     0.011
   4602.10     0.011
   4602.22     0.011
   4602.28     0.011
   4602.40     0.011
   4602.52     0.011
   4602.64     0.011
   4602.76     0.011
   4602.88     0.011
   4602.94     0.011
   4603.06     0.011
   4603.18     0.011
   4603.30     0.011
   4603.42     0.011
   4603.48     0.011
   4603.60     0.011
   4603.72     0.011
   4603.84     0.011
   4603.96     0.011
   4604.08     0.011
   4604.14     0.011
   4604.26     0.011
   4604.38     0.011
   4604.50     0.011
   4604.62     0.011
   4604.68     0.011
   4604.80     0.011
   4604.92     0.011
   4605.04     0.011
   4605.16     0.011
   4605.28     0.011
   4605.34     0.011
   4605.46     0.011
   4605.58     0.011
   4605.70     0.011
   4605.82     0.011
   4605.88     0.011
   4606.00     0.011
   4606.12     0.011
   4606.24     0.011
   4606.36     0.011
   4606.48     0.011
   4606.54     0.011
   4606.66     0.011
   4606.78     0.011
   4606.90     0.011
   4607.02     0.011
   4607.08     0.011
   4607.20     0.011
   4607.32     0.011
   4607.44     0.011
   4607.56     0.011
   4607.68     0.011
   4607.74     0.011
   4607.86     0.011
   4607.98     0.011
   4608.10     0.011
   4608.22     0.011
   4608.34     0.011
   4608.40     0.011
   4608.52     0.011
   4608.64     0.011
   4608.76     0.011
   4608.88     0.011
   4608.94     0.011
   4609.06     0.011
   4609.18     0.011
   4609.30     0.011
   4609.42     0.011
   4609.48     0.011
   4609.60     0.011
   4609.72     0.011
   4609.84     0.011
   4609.96     0.011
   4610.08     0.011
   4610.14     0.011
   4610.26     0.011
   4610.38     0.011
   4610.50     0.011
   4610.62     0.011
   4610.74     0.011
   4610.80     0.011
   4610.92     0.011
   4611.04     0.011
   4611.16     0.011
   4611.28     0.011
   4611.40     0.011
   4611.46     0.011
   4611.58     0.011
   4611.70     0.011
   4611.82     0.011
   4611.94     0.011
   4612.00     0.011
   4612.12     0.011
   4612.24     0.011
   4612.36     0.011
   4612.48     0.011
   4612.54     0.011
   4612.66     0.011
   4612.78     0.011
   4612.90     0.011
   4613.02     0.011
   4613.14     0.011
   4613.20     0.011
   4613.32     0.011
   4613.44     0.011
   4613.56     0.011
   4613.68     0.011
   4613.80     0.011
   4613.86     0.011
   4613.98     0.011
   4614.10     0.011
   4614.22     0.011
   4614.34     0.011
   4614.40     0.011
   4614.52     0.011
   4614.64     0.011
   4614.76     0.011
   4614.88     0.011
   4615.00     0.011
   4615.06     0.011
   4615.18     0.011
   4615.30     0.011
   4615.42     0.011
   4615.54     0.011
   4615.60     0.011
   4615.72     0.011
   4615.84     0.011
   4615.96     0.011
   4616.08     0.011
   4616.20     0.011
   4616.26     0.011
   4616.38     0.011
   4616.50     0.011
   4616.62     0.011
   4616.74     0.011
   4616.86     0.011
   4616.92     0.011
   4617.04     0.011
   4617.16     0.011
   4617.28     0.011
   4617.40     0.011
   4617.46     0.011
   4617.58     0.011
   4617.70     0.011
   4617.82     0.011
   4617.94     0.011
   4618.00     0.011
   4618.12     0.011
   4618.24     0.011
   4618.36     0.011
   4618.48     0.011
   4618.60     0.011
   4618.66     0.011
   4618.78     0.011
   4618.90     0.011
   4619.02     0.011
   4619.14     0.011
   4619.26     0.011
   4619.32     0.011
   4619.44     0.011
   4619.56     0.011
   4619.68     0.011
   4619.80     0.011
   4619.86     0.011
   4619.98     0.011
   4620.10     0.011
   4620.22     0.011
   4620.34     0.011
   4620.46     0.011
   4620.52     0.011
   4620.64     0.011
   4620.76     0.011
   4620.88     0.011
   4621.00     0.011
   4621.06     0.011
   4621.18     0.011
   4621.30     0.011
   4621.42     0.011
   4621.54     0.011
   4621.66     0.011
   4621.72     0.011
   4621.84     0.011
   4621.96     0.011
   4622.08     0.011
   4622.20     0.011
   4622.26     0.011
   4622.38     0.011
   4622.50     0.011
   4622.62     0.011
   4622.74     0.011
   4622.86     0.011
   4622.92     0.011
   4623.04     0.011
   4623.16     0.011
   4623.28     0.011
   4623.40     0.011
   4623.46     0.011
   4623.58     0.011
   4623.70     0.011
   4623.82     0.011
   4623.94     0.011
   4624.06     0.011
   4624.12     0.011
   4624.24     0.011
   4624.36     0.011
   4624.48     0.011
   4624.60     0.011
   4624.72     0.011
   4624.78     0.011
   4624.90     0.011
   4625.02     0.011
   4625.14     0.011
   4625.26     0.011
   4625.32     0.011
   4625.44     0.011
   4625.56     0.011
   4625.68     0.011
   4625.80     0.011
   4625.92     0.011
   4625.98     0.011
   4626.10     0.011
   4626.22     0.011
   4626.34     0.011
   4626.46     0.011
   4626.52     0.011
   4626.64     0.011
   4626.76     0.011
   4626.88     0.011
   4627.00     0.011
   4627.12     0.011
   4627.18     0.011
   4627.30     0.011
   4627.42     0.011
   4627.54     0.011
   4627.66     0.011
   4627.78     0.011
   4627.84     0.011
   4627.96     0.011
   4628.08     0.011
   4628.20     0.011
   4628.32     0.011
   4628.38     0.011
   4628.50     0.011
   4628.62     0.011
   4628.74     0.011
   4628.86     0.011
   4628.92     0.011
   4629.04     0.011
   4629.16     0.011
   4629.28     0.011
   4629.40     0.011
   4629.52     0.011
   4629.58     0.011
   4629.70     0.011
   4629.82     0.011
   4629.94     0.011
   4630.06     0.012
   4630.18     0.012
   4630.24     0.011
   4630.36     0.011
   4630.48     0.011
   4630.60     0.011
   4630.72     0.011
   4630.78     0.011
   4630.90     0.011
   4631.02     0.011
   4631.14     0.011
   4631.26     0.011
   4631.38     0.011
   4631.44     0.011
   4631.56     0.011
   4631.68     0.011
   4631.80     0.011
   4631.92     0.011
   4632.04     0.011
   4632.10     0.011
   4632.22     0.011
   4632.34     0.011
   4632.46     0.011
   4632.58     0.011
   4632.64     0.011
   4632.76     0.011
   4632.88     0.011
   4633.00     0.011
   4633.12     0.011
   4633.18     0.011
   4633.30     0.011
   4633.42     0.011
   4633.54     0.011
   4633.66     0.011
   4633.78     0.011
   4633.84     0.011
   4633.96     0.011
   4634.08     0.011
   4634.20     0.011
   4634.32     0.011
   4634.38     0.011
   4634.50     0.011
   4634.62     0.011
   4634.74     0.011
   4634.86     0.011
   4634.98     0.011
   4635.04     0.011
   4635.16     0.011
   4635.28     0.011
   4635.40     0.011
   4635.52     0.011
   4635.58     0.011
   4635.70     0.011
   4635.82     0.011
   4635.94     0.011
   4636.06     0.011
   4636.18     0.011
   4636.24     0.011
   4636.36     0.011
   4636.48     0.011
   4636.60     0.011
   4636.72     0.011
   4636.84     0.011
   4636.90     0.011
   4637.02     0.012
   4637.14     0.011
   4637.26     0.012
   4637.38     0.011
   4637.50     0.011
   4637.56     0.012
   4637.68     0.012
   4637.80     0.012
   4637.92     0.012
   4638.04     0.012
   4638.10     0.012
   4638.22     0.012
   4638.34     0.012
   4638.46     0.012
   4638.58     0.012
   4638.70     0.012
   4638.76     0.012
   4638.88     0.012
   4639.00     0.012
   4639.12     0.012
   4639.24     0.012
   4639.30     0.012
   4639.42     0.012
   4639.54     0.012
   4639.66     0.012
   4639.78     0.012
   4639.90     0.012
   4639.96     0.012
   4640.08     0.012
   4640.20     0.012
   4640.32     0.012
   4640.44     0.012
   4640.50     0.012
   4640.62     0.012
   4640.74     0.012
   4640.86     0.012
   4640.98     0.012
   4641.10     0.012
   4641.16     0.012
   4641.28     0.012
   4641.40     0.012
   4641.52     0.012
   4641.64     0.012
   4641.70     0.012
   4641.82     0.012
   4641.94     0.012
   4642.06     0.012
   4642.18     0.012
   4642.30     0.012
   4642.36     0.012
   4642.48     0.012
   4642.60     0.012
   4642.72     0.012
   4642.84     0.012
   4642.90     0.012
   4643.02     0.012
   4643.14     0.012
   4643.26     0.012
   4643.38     0.012
   4643.50     0.012
   4643.56     0.012
   4643.68     0.012
   4643.80     0.012
   4643.92     0.012
   4644.04     0.012
   4644.16     0.012
   4644.22     0.012
   4644.34     0.012
   4644.46     0.012
   4644.58     0.012
   4644.70     0.012
   4644.76     0.012
   4644.88     0.012
   4645.00     0.012
   4645.12     0.012
   4645.24     0.012
   4645.36     0.012
   4645.42     0.012
   4645.54     0.012
   4645.66     0.012
   4645.78     0.012
   4645.90     0.012
   4645.96     0.012
   4646.08     0.012
   4646.20     0.012
   4646.32     0.012
   4646.44     0.012
   4646.56     0.012
   4646.62     0.012
   4646.74     0.012
   4646.86     0.012
   4646.98     0.012
   4647.10     0.012
   4647.16     0.012
   4647.28     0.012
   4647.40     0.012
   4647.52     0.012
   4647.64     0.012
   4647.76     0.012
   4647.82     0.012
   4647.94     0.012
   4648.06     0.012
   4648.18     0.012
   4648.30     0.012
   4648.42     0.012
   4648.48     0.012
   4648.60     0.012
   4648.72     0.012
   4648.84     0.012
   4648.96     0.012
   4649.02     0.012
   4649.14     0.012
   4649.26     0.012
   4649.38     0.012
   4649.50     0.012
   4649.62     0.012
   4649.68     0.012
   4649.80     0.012
   4649.92     0.012
   4650.04     0.012
   4650.16     0.012
   4650.22     0.012
   4650.34     0.012
   4650.46     0.012
   4650.58     0.012
   4650.70     0.012
   4650.76     0.012
   4650.88     0.012
   4651.00     0.012
   4651.12     0.012
   4651.24     0.012
   4651.36     0.012
   4651.42     0.012
   4651.54     0.012
   4651.66     0.012
   4651.78     0.012
   4651.90     0.012
   4652.02     0.012
   4652.08     0.012
   4652.20     0.012
   4652.32     0.012
   4652.44     0.012
   4652.56     0.012
   4652.62     0.012
   4652.74     0.012
   4652.86     0.012
   4652.98     0.012
   4653.10     0.012
   4653.22     0.012
   4653.28     0.012
   4653.40     0.012
   4653.52     0.012
   4653.64     0.012
   4653.76     0.012
   4653.88     0.012
   4653.94     0.012
   4654.06     0.012
   4654.18     0.012
   4654.30     0.012
   4654.42     0.012
   4654.48     0.012
   4654.60     0.012
   4654.72     0.012
   4654.84     0.012
   4654.96     0.012
   4655.02     0.012
   4655.14     0.012
   4655.26     0.012
   4655.38     0.012
   4655.50     0.012
   4655.62     0.012
   4655.68     0.012
   4655.80     0.012
   4655.92     0.012
   4656.04     0.012
   4656.16     0.012
   4656.28     0.012
   4656.34     0.012
   4656.46     0.012
   4656.58     0.012
   4656.70     0.012
   4656.82     0.012
   4656.88     0.012
   4657.00     0.012
   4657.12     0.012
   4657.24     0.012
   4657.36     0.012
   4657.48     0.012
   4657.54     0.012
   4657.66     0.012
   4657.78     0.012
   4657.90     0.012
   4658.02     0.012
   4658.08     0.012
   4658.20     0.012
   4658.32     0.012
   4658.44     0.012
   4658.56     0.012
   4658.68     0.012
   4658.74     0.012
   4658.86     0.012
   4658.98     0.012
   4659.10     0.012
   4659.22     0.012
   4659.28     0.012
   4659.40     0.012
   4659.52     0.012
   4659.64     0.012
   4659.76     0.012
   4659.88     0.012
   4659.94     0.012
   4660.06     0.012
   4660.18     0.012
   4660.30     0.012
   4660.42     0.012
   4660.54     0.012
   4660.60     0.012
   4660.72     0.012
   4660.84     0.012
   4660.96     0.012
   4661.08     0.012
   4661.14     0.012
   4661.26     0.012
   4661.38     0.012
   4661.50     0.012
   4661.62     0.012
   4661.74     0.012
   4661.80     0.012
   4661.92     0.012
   4662.04     0.012
   4662.16     0.012
   4662.28     0.012
   4662.34     0.012
   4662.46     0.012
   4662.58     0.012
   4662.70     0.012
   4662.82     0.012
   4662.88     0.012
   4663.00     0.012
   4663.12     0.012
   4663.24     0.012
   4663.36     0.012
   4663.48     0.012
   4663.54     0.012
   4663.66     0.012
   4663.78     0.012
   4663.90     0.012
   4664.02     0.012
   4664.14     0.012
   4664.20     0.012
   4664.32     0.012
   4664.44     0.012
   4664.56     0.012
   4664.68     0.012
   4664.80     0.012
   4664.86     0.012
   4664.98     0.012
   4665.10     0.012
   4665.22     0.012
   4665.34     0.012
   4665.40     0.012
   4665.52     0.012
   4665.64     0.012
   4665.76     0.012
   4665.88     0.012
   4665.94     0.012
   4666.06     0.012
   4666.18     0.012
   4666.30     0.012
   4666.42     0.012
   4666.54     0.012
   4666.60     0.012
   4666.72     0.012
   4666.84     0.012
   4666.96     0.012
   4667.08     0.012
   4667.14     0.012
   4667.26     0.012
   4667.38     0.012
   4667.50     0.012
   4667.62     0.012
   4667.74     0.012
   4667.80     0.012
   4667.92     0.012
   4668.04     0.012
   4668.16     0.012
   4668.28     0.012
   4668.40     0.012
   4668.46     0.012
   4668.58     0.012
   4668.70     0.012
   4668.82     0.012
   4668.94     0.012
   4669.00     0.012
   4669.12     0.012
   4669.24     0.012
   4669.36     0.012
   4669.48     0.012
   4669.60     0.012
   4669.66     0.012
   4669.78     0.012
   4669.90     0.012
   4670.02     0.012
   4670.14     0.012
   4670.26     0.012
   4670.32     0.012
   4670.44     0.012
   4670.56     0.012
   4670.68     0.012
   4670.80     0.012
   4670.86     0.012
   4670.98     0.012
   4671.10     0.012
   4671.22     0.012
   4671.34     0.012
   4671.40     0.012
   4671.52     0.012
   4671.64     0.012
   4671.76     0.012
   4671.88     0.012
   4672.00     0.012
   4672.06     0.012
   4672.18     0.012
   4672.30     0.012
   4672.42     0.012
   4672.54     0.012
   4672.66     0.012
   4672.72     0.012
   4672.84     0.012
   4672.96     0.012
   4673.08     0.012
   4673.20     0.012
   4673.26     0.012
   4673.38     0.012
   4673.50     0.012
   4673.62     0.012
   4673.74     0.012
   4673.86     0.012
   4673.92     0.012
   4674.04     0.012
   4674.16     0.012
   4674.28     0.012
   4674.40     0.012
   4674.46     0.012
   4674.58     0.012
   4674.70     0.012
   4674.82     0.012
   4674.94     0.012
   4675.06     0.012
   4675.12     0.012
   4675.24     0.012
   4675.36     0.012
   4675.48     0.012
   4675.60     0.012
   4675.66     0.012
   4675.78     0.012
   4675.90     0.012
   4676.02     0.012
   4676.14     0.012
   4676.26     0.012
   4676.32     0.012
   4676.44     0.012
   4676.56     0.012
   4676.68     0.012
   4676.80     0.012
   4676.92     0.012
   4676.98     0.012
   4677.10     0.012
   4677.22     0.012
   4677.34     0.012
   4677.46     0.012
   4677.52     0.012
   4677.64     0.012
   4677.76     0.012
   4677.88     0.012
   4678.00     0.012
   4678.12     0.012
   4678.18     0.012
   4678.30     0.012
   4678.42     0.012
   4678.54     0.012
   4678.66     0.013
   4678.72     0.013
   4678.84     0.013
   4678.96     0.012
   4679.08     0.012
   4679.20     0.012
   4679.32     0.012
   4679.38     0.012
   4679.50     0.013
   4679.62     0.013
   4679.74     0.013
   4679.86     0.013
   4679.92     0.013
   4680.04     0.013
   4680.16     0.013
   4680.28     0.013
   4680.40     0.012
   4680.52     0.013
   4680.58     0.013
   4680.70     0.013
   4680.82     0.013
   4680.94     0.013
   4681.06     0.013
   4681.18     0.012
   4681.24     0.013
   4681.36     0.012
   4681.48     0.013
   4681.60     0.013
   4681.72     0.013
   4681.78     0.013
   4681.90     0.013
   4682.02     0.012
   4682.14     0.012
   4682.26     0.012
   4682.32     0.012
   4682.44     0.012
   4682.56     0.012
   4682.68     0.012
   4682.80     0.012
   4682.92     0.012
   4682.98     0.012
   4683.10     0.012
   4683.22     0.012
   4683.34     0.012
   4683.46     0.012
   4683.52     0.012
   4683.64     0.012
   4683.76     0.012
   4683.88     0.012
   4684.00     0.012
   4684.12     0.012
   4684.18     0.012
   4684.30     0.012
   4684.42     0.012
   4684.54     0.012
   4684.66     0.012
   4684.78     0.012
   4684.84     0.012
   4684.96     0.012
   4685.08     0.012
   4685.20     0.012
   4685.32     0.013
   4685.44     0.013
   4685.50     0.013
   4685.62     0.013
   4685.74     0.013
   4685.86     0.013
   4685.98     0.013
   4686.04     0.013
   4686.16     0.013
   4686.28     0.013
   4686.40     0.013
   4686.52     0.013
   4686.64     0.013
   4686.70     0.013
   4686.82     0.013
   4686.94     0.013
   4687.06     0.013
   4687.18     0.013
   4687.24     0.013
   4687.36     0.013
   4687.48     0.013
   4687.60     0.013
   4687.72     0.013
   4687.78     0.013
   4687.90     0.013
   4688.02     0.013
   4688.14     0.013
   4688.26     0.013
   4688.38     0.013
   4688.44     0.013
   4688.56     0.013
   4688.68     0.013
   4688.80     0.013
   4688.92     0.013
   4689.04     0.013
   4689.10     0.013
   4689.22     0.013
   4689.34     0.013
   4689.46     0.013
   4689.58     0.013
   4689.64     0.013
   4689.76     0.013
   4689.88     0.013
   4690.00     0.013
   4690.12     0.013
   4690.24     0.013
   4690.30     0.013
   4690.42     0.013
   4690.54     0.013
   4690.66     0.013
   4690.78     0.013
   4690.90     0.013
   4690.96     0.013
   4691.08     0.013
   4691.20     0.013
   4691.32     0.013
   4691.44     0.013
   4691.50     0.013
   4691.62     0.013
   4691.74     0.013
   4691.86     0.013
   4691.98     0.013
   4692.04     0.013
   4692.16     0.013
   4692.28     0.013
   4692.40     0.013
   4692.52     0.013
   4692.64     0.013
   4692.70     0.013
   4692.82     0.013
   4692.94     0.013
   4693.06     0.013
   4693.18     0.013
   4693.24     0.013
   4693.36     0.013
   4693.48     0.013
   4693.60     0.013
   4693.72     0.013
   4693.84     0.013
   4693.90     0.013
   4694.02     0.013
   4694.14     0.013
   4694.26     0.013
   4694.38     0.013
   4694.50     0.013
   4694.56     0.013
   4694.68     0.013
   4694.80     0.013
   4694.92     0.013
   4695.04     0.013
   4695.10     0.013
   4695.22     0.013
   4695.34     0.013
   4695.46     0.013
   4695.58     0.013
   4695.70     0.013
   4695.76     0.013
   4695.88     0.013
   4696.00     0.013
   4696.12     0.013
   4696.24     0.013
   4696.30     0.013
   4696.42     0.013
   4696.54     0.013
   4696.66     0.013
   4696.78     0.013
   4696.90     0.013
   4696.96     0.013
   4697.08     0.013
   4697.20     0.013
   4697.32     0.013
   4697.44     0.013
   4697.50     0.013
   4697.62     0.013
   4697.74     0.013
   4697.86     0.013
   4697.98     0.013
   4698.10     0.013
   4698.16     0.013
   4698.28     0.013
   4698.40     0.013
   4698.52     0.013
   4698.64     0.013
   4698.76     0.013
   4698.82     0.013
   4698.94     0.013
   4699.06     0.013
   4699.18     0.013
   4699.30     0.013
   4699.36     0.013
   4699.48     0.013
   4699.60     0.013
   4699.72     0.013
   4699.84     0.013
   4699.96     0.013
   4700.02     0.013
   4700.14     0.013
   4700.26     0.013
   4700.38     0.013
   4700.50     0.013
   4700.56     0.013
   4701.10     0.013
   4701.16     0.013
   4701.22     0.013
   4701.34     0.013
   4701.46     0.013
   4701.58     0.013
   4701.70     0.013
   4701.82     0.013
   4701.88     0.013
   4702.00     0.013
   4702.12     0.013
   4702.24     0.013
   4702.36     0.013
   4702.42     0.013
   4702.54     0.013
   4702.66     0.013
   4702.78     0.013
   4702.90     0.013
   4703.02     0.013
   4703.08     0.013
   4703.20     0.013
   4703.32     0.013
   4703.44     0.013
   4703.56     0.013
   4703.62     0.013
   4703.74     0.013
   4703.86     0.013
   4703.98     0.013
   4704.10     0.013
   4704.16     0.013
   4704.28     0.013
   4704.40     0.013
   4704.52     0.013
   4704.64     0.013
   4704.76     0.013
   4704.82     0.013
   4704.94     0.013
   4705.06     0.013
   4705.18     0.013
   4705.30     0.013
   4705.42     0.013
   4705.48     0.013
   4705.60     0.013
   4705.72     0.013
   4705.84     0.013
   4705.96     0.013
   4706.02     0.013
   4706.14     0.013
   4706.26     0.013
   4706.38     0.013
   4706.50     0.013
   4706.62     0.013
   4706.68     0.013
   4706.80     0.013
   4706.92     0.013
   4707.04     0.013
   4707.16     0.013
   4707.22     0.013
   4707.34     0.013
   4707.46     0.013
   4707.58     0.013
   4707.70     0.013
   4707.82     0.013
   4707.88     0.013
   4708.00     0.013
   4708.12     0.013
   4708.24     0.013
   4708.36     0.013
   4708.42     0.013
   4708.54     0.013
   4708.66     0.013
   4708.78     0.013
   4708.90     0.013
   4709.02     0.013
   4709.08     0.013
   4709.20     0.013
   4709.32     0.013
   4709.44     0.013
   4709.56     0.013
   4709.68     0.013
   4709.74     0.013
   4709.86     0.013
   4709.98     0.013
   4710.10     0.013
   4710.22     0.013
   4710.28     0.013
   4710.40     0.013
   4710.52     0.013
   4710.64     0.013
   4710.76     0.013
   4710.82     0.013
   4710.94     0.013
   4711.06     0.013
   4711.18     0.013
   4711.30     0.013
   4711.42     0.013
   4711.48     0.013
   4711.60     0.013
   4711.72     0.013
   4711.84     0.013
   4711.96     0.013
   4712.02     0.013
   4712.14     0.013
   4712.26     0.013
   4712.38     0.013
   4712.50     0.013
   4712.62     0.013
   4712.68     0.013
   4712.80     0.013
   4712.92     0.013
   4713.04     0.013
   4713.16     0.013
   4713.28     0.013
   4713.34     0.013
   4713.46     0.013
   4713.58     0.013
   4713.70     0.013
   4713.82     0.013
   4713.88     0.013
   4714.00     0.013
   4714.12     0.013
   4714.24     0.013
   4714.36     0.013
   4714.48     0.013
   4714.54     0.013
   4714.66     0.013
   4714.78     0.013
   4714.90     0.013
   4715.02     0.013
   4715.14     0.013
   4715.20     0.013
   4715.32     0.013
   4715.44     0.013
   4715.56     0.013
   4715.68     0.013
   4715.74     0.013
   4715.86     0.013
   4715.98     0.013
   4716.10     0.013
   4716.22     0.013
   4716.28     0.013
   4716.40     0.013
   4716.52     0.013
   4716.64     0.013
   4716.76     0.013
   4716.88     0.013
   4716.94     0.013
   4717.06     0.013
   4717.18     0.013
   4717.30     0.013
   4717.42     0.013
   4717.54     0.013
   4717.60     0.013
   4717.72     0.013
   4717.84     0.013
   4717.96     0.013
   4718.08     0.013
   4718.20     0.013
   4718.26     0.013
   4718.38     0.013
   4718.50     0.013
   4718.62     0.013
   4718.74     0.013
   4718.80     0.013
   4718.92     0.013
   4719.04     0.013
   4719.16     0.013
   4719.28     0.013
   4719.34     0.013
   4719.46     0.013
   4719.58     0.013
   4719.70     0.013
   4719.82     0.013
   4719.94     0.013
   4720.00     0.013
   4720.12     0.013
   4720.24     0.013
   4720.36     0.013
   4720.48     0.013
   4720.54     0.013
   4720.66     0.013
   4720.78     0.013
   4720.90     0.013
   4721.02     0.013
   4721.14     0.013
   4721.20     0.013
   4721.32     0.013
   4721.44     0.013
   4721.56     0.013
   4721.68     0.013
   4721.80     0.013
   4721.86     0.013
   4721.98     0.013
   4722.10     0.013
   4722.22     0.013
   4722.34     0.013
   4722.46     0.013
   4722.52     0.013
   4722.64     0.013
   4722.76     0.013
   4722.88     0.013
   4723.00     0.013
   4723.06     0.013
   4723.18     0.013
   4723.30     0.013
   4723.42     0.013
   4723.54     0.013
   4723.60     0.013
   4723.72     0.013
   4723.84     0.013
   4723.96     0.013
   4724.08     0.013
   4724.20     0.013
   4724.26     0.014
   4724.38     0.014
   4724.50     0.014
   4724.62     0.014
   4724.74     0.014
   4724.80     0.014
   4724.92     0.014
   4725.04     0.014
   4725.16     0.014
   4725.28     0.014
   4725.40     0.014
   4725.46     0.014
   4725.58     0.014
   4725.70     0.014
   4725.82     0.014
   4725.94     0.014
   4726.06     0.014
   4726.12     0.014
   4726.24     0.013
   4726.36     0.013
   4726.48     0.013
   4726.60     0.013
   4726.66     0.014
   4726.78     0.014
   4726.90     0.014
   4727.02     0.014
   4727.14     0.014
   4727.26     0.014
   4727.32     0.014
   4727.44     0.014
   4727.56     0.014
   4727.68     0.014
   4727.80     0.014
   4727.86     0.014
   4727.98     0.014
   4728.10     0.014
   4728.22     0.014
   4728.34     0.014
   4728.40     0.014
   4728.52     0.014
   4728.64     0.014
   4728.76     0.014
   4728.88     0.014
   4729.00     0.014
   4729.06     0.014
   4729.18     0.014
   4729.30     0.014
   4729.42     0.014
   4729.54     0.014
   4729.66     0.014
   4729.72     0.014
   4729.84     0.014
   4729.96     0.014
   4730.08     0.014
   4730.20     0.014
   4730.26     0.014
   4730.38     0.014
   4730.50     0.014
   4730.62     0.014
   4730.74     0.014
   4730.86     0.014
   4730.92     0.014
   4731.04     0.014
   4731.16     0.014
   4731.28     0.014
   4731.40     0.014
   4731.46     0.014
   4731.58     0.014
   4731.70     0.014
   4731.82     0.014
   4731.94     0.014
   4732.06     0.014
   4732.12     0.014
   4732.24     0.014
   4732.36     0.014
   4732.48     0.014
   4732.60     0.014
   4732.72     0.014
   4732.78     0.014
   4732.90     0.014
   4733.02     0.014
   4733.14     0.014
   4733.26     0.014
   4733.32     0.014
   4733.44     0.014
   4733.56     0.014
   4733.68     0.014
   4733.80     0.014
   4733.92     0.014
   4733.98     0.014
   4734.10     0.014
   4734.22     0.014
   4734.34     0.014
   4734.46     0.014
   4734.52     0.013
   4734.64     0.013
   4734.76     0.013
   4734.88     0.014
   4735.00     0.014
   4735.12     0.014
   4735.18     0.014
   4735.30     0.013
   4735.42     0.013
   4735.54     0.013
   4735.66     0.013
   4735.72     0.013
   4735.84     0.013
   4735.96     0.013
   4736.08     0.013
   4736.20     0.013
   4736.32     0.014
   4736.38     0.014
   4736.50     0.014
   4736.62     0.014
   4736.74     0.014
   4736.86     0.014
   4736.92     0.014
   4737.04     0.014
   4737.16     0.014
   4737.28     0.014
   4737.40     0.014
   4737.52     0.014
   4737.58     0.014
   4737.70     0.014
   4737.82     0.014
   4737.94     0.014
   4738.06     0.014
   4738.18     0.014
   4738.24     0.014
   4738.36     0.014
   4738.48     0.014
   4738.60     0.014
   4738.72     0.014
   4738.78     0.014
   4738.90     0.014
   4739.02     0.014
   4739.14     0.014
   4739.26     0.014
   4739.38     0.014
   4739.44     0.014
   4739.56     0.014
   4739.68     0.014
   4739.80     0.014
   4739.92     0.014
   4739.98     0.014
   4740.10     0.014
   4740.22     0.014
   4740.34     0.014
   4740.46     0.014
   4740.58     0.014
   4740.64     0.014
   4740.76     0.014
   4740.88     0.014
   4741.00     0.014
   4741.12     0.014
   4741.18     0.014
   4741.30     0.014
   4741.42     0.014
   4741.54     0.014
   4741.66     0.014
   4741.78     0.014
   4741.84     0.014
   4741.96     0.014
   4742.08     0.014
   4742.20     0.014
   4742.32     0.014
   4742.38     0.014
   4742.50     0.014
   4742.62     0.014
   4742.74     0.014
   4742.86     0.014
   4742.98     0.014
   4743.04     0.014
   4743.16     0.014
   4743.28     0.014
   4743.40     0.014
   4743.52     0.014
   4743.64     0.014
   4743.70     0.014
   4743.82     0.014
   4743.94     0.014
   4744.06     0.014
   4744.18     0.014
   4744.30     0.014
   4744.36     0.014
   4744.48     0.014
   4744.60     0.014
   4744.72     0.014
   4744.84     0.014
   4744.90     0.014
   4745.02     0.014
   4745.14     0.014
   4745.26     0.014
   4745.38     0.014
   4745.44     0.014
   4745.56     0.014
   4745.68     0.014
   4745.80     0.014
   4745.92     0.014
   4746.04     0.014
   4746.10     0.014
   4746.22     0.014
   4746.34     0.014
   4746.46     0.014
   4746.58     0.014
   4746.64     0.014
   4746.76     0.014
   4746.88     0.014
   4747.00     0.014
   4747.12     0.014
   4747.24     0.014
   4747.30     0.014
   4747.42     0.014
   4747.54     0.014
   4747.66     0.014
   4747.78     0.014
   4747.90     0.014
   4747.96     0.014
   4748.08     0.014
   4748.20     0.014
   4748.32     0.014
   4748.44     0.014
   4748.50     0.014
   4748.62     0.014
   4748.74     0.014
   4748.86     0.014
   4748.98     0.014
   4749.10     0.014
   4749.16     0.014
   4749.28     0.014
   4749.40     0.014
   4749.52     0.014
   4749.64     0.014
   4749.70     0.014
   4749.82     0.014
   4749.94     0.014
   4750.06     0.014
   4750.18     0.014
   4750.30     0.014
   4750.36     0.014
   4750.48     0.014
   4750.60     0.014
   4750.72     0.014
   4750.84     0.014
   4750.90     0.014
   4751.02     0.014
   4751.14     0.014
   4751.26     0.014
   4751.38     0.015
   4751.50     0.015
   4751.56     0.015
   4751.68     0.015
   4751.80     0.015
   4751.92     0.015
   4752.04     0.015
   4752.16     0.015
   4752.22     0.015
   4752.34     0.015
   4752.46     0.015
   4752.58     0.015
   4752.70     0.015
   4752.76     0.015
   4752.88     0.015
   4753.00     0.015
   4753.12     0.015
   4753.24     0.015
   4753.30     0.015
   4753.42     0.015
   4753.54     0.015
   4753.66     0.015
   4753.78     0.015
   4753.90     0.015
   4753.96     0.015
   4754.08     0.015
   4754.20     0.015
   4754.32     0.015
   4754.44     0.015
   4754.56     0.015
   4754.62     0.015
   4754.74     0.015
   4754.86     0.015
   4754.98     0.015
   4755.10     0.015
   4755.16     0.015
   4755.28     0.015
   4755.40     0.015
   4755.52     0.015
   4755.64     0.015
   4755.76     0.015
   4755.82     0.015
   4755.94     0.015
   4756.06     0.015
   4756.18     0.015
   4756.30     0.015
   4756.36     0.015
   4756.48     0.015
   4756.60     0.015
   4756.72     0.015
   4756.84     0.015
   4756.96     0.015
   4757.02     0.015
   4757.14     0.015
   4757.26     0.015
   4757.38     0.015
   4757.50     0.015
   4757.56     0.015
   4757.68     0.015
   4757.80     0.015
   4757.92     0.015
   4758.04     0.015
   4758.16     0.015
   4758.22     0.015
   4758.34     0.015
   4758.46     0.015
   4758.58     0.015
   4758.70     0.015
   4758.76     0.015
   4758.88     0.015
   4759.00     0.015
   4759.12     0.015
   4759.24     0.015
   4759.36     0.015
   4759.42     0.015
   4759.54     0.015
   4759.66     0.015
   4759.78     0.015
   4759.90     0.015
   4759.96     0.015
   4760.08     0.015
   4760.20     0.015
   4760.32     0.015
   4760.44     0.015
   4760.56     0.015
   4760.62     0.015
   4760.74     0.015
   4760.86     0.015
   4760.98     0.015
   4761.10     0.015
   4761.22     0.015
   4761.28     0.015
   4761.40     0.015
   4761.52     0.015
   4761.64     0.016
   4761.76     0.015
   4761.82     0.016
   4761.94     0.015
   4762.06     0.016
   4762.18     0.016
   4762.30     0.016
   4762.42     0.016
   4762.48     0.016
   4762.60     0.016
   4762.72     0.016
   4762.84     0.016
   4762.96     0.016
   4763.08     0.016
   4763.14     0.016
   4763.26     0.016
   4763.38     0.016
   4763.50     0.016
   4763.62     0.016
   4763.68     0.016
   4763.80     0.016
   4763.92     0.016
   4764.04     0.016
   4764.16     0.016
   4764.22     0.016
   4764.34     0.016
   4764.46     0.016
   4764.58     0.016
   4764.70     0.016
   4764.82     0.016
   4764.88     0.016
   4765.00     0.016
   4765.12     0.016
   4765.24     0.016
   4765.36     0.016
   4765.42     0.016
   4765.54     0.016
   4765.66     0.016
   4765.78     0.016
   4765.90     0.016
   4766.02     0.016
   4766.08     0.016
   4766.20     0.016
   4766.32     0.016
   4766.44     0.016
   4766.56     0.016
   4766.68     0.016
   4766.74     0.016
   4766.86     0.016
   4766.98     0.016
   4767.10     0.016
   4767.22     0.016
   4767.28     0.016
   4767.40     0.016
   4767.52     0.016
   4767.64     0.016
   4767.76     0.016
   4767.88     0.016
   4767.94     0.016
   4768.06     0.016
   4768.18     0.016
   4768.30     0.016
   4768.42     0.016
   4768.54     0.016
   4768.60     0.016
   4768.72     0.016
   4768.84     0.016
   4768.96     0.016
   4769.08     0.016
   4769.14     0.016
   4769.26     0.016
   4769.38     0.016
   4769.50     0.016
   4769.62     0.016
   4769.68     0.016
   4769.80     0.016
   4769.92     0.016
   4770.04     0.016
   4770.16     0.016
   4770.28     0.016
   4770.34     0.016
   4770.46     0.016
   4770.58     0.016
   4770.70     0.016
   4770.82     0.016
   4770.94     0.016
   4771.00     0.016
   4771.12     0.016
   4771.24     0.016
   4771.36     0.016
   4771.48     0.016
   4771.54     0.016
   4771.66     0.016
   4771.78     0.016
   4771.90     0.016
   4772.02     0.016
   4772.14     0.016
   4772.20     0.016
   4772.32     0.016
   4772.44     0.016
   4772.56     0.016
   4772.68     0.016
   4772.74     0.016
   4772.86     0.016
   4772.98     0.016
   4773.10     0.016
   4773.22     0.016
   4773.34     0.016
   4773.40     0.016
   4773.52     0.016
   4773.64     0.016
   4773.76     0.016
   4773.88     0.016
   4773.94     0.016
   4774.06     0.016
   4774.18     0.016
   4774.30     0.016
   4774.42     0.016
   4774.54     0.016
   4774.60     0.016
   4774.72     0.016
   4774.84     0.016
   4774.96     0.016
   4775.08     0.016
   4775.14     0.016
   4775.26     0.016
   4775.38     0.016
   4775.50     0.016
   4775.62     0.016
   4775.74     0.016
   4775.80     0.016
   4775.92     0.016
   4776.04     0.016
   4776.16     0.016
   4776.28     0.016
   4776.40     0.016
   4776.46     0.016
   4776.58     0.016
   4776.70     0.016
   4776.82     0.016
   4776.94     0.016
   4777.00     0.016
   4777.12     0.016
   4777.24     0.016
   4777.36     0.016
   4777.48     0.016
   4777.60     0.016
   4777.66     0.016
   4777.78     0.016
   4777.90     0.016
   4778.02     0.016
   4778.14     0.016
   4778.20     0.016
   4778.32     0.016
   4778.44     0.016
   4778.56     0.016
   4778.68     0.016
   4778.80     0.016
   4778.86     0.016
   4778.98     0.016
   4779.10     0.016
   4779.22     0.016
   4779.34     0.016
   4779.46     0.016
   4779.52     0.016
   4779.64     0.016
   4779.76     0.016
   4779.88     0.016
   4780.00     0.016
   4780.06     0.016
   4780.18     0.016
   4780.30     0.016
   4780.42     0.016
   4780.54     0.016
   4780.60     0.016
   4780.72     0.016
   4780.84     0.016
   4780.96     0.016
   4781.08     0.016
   4781.20     0.016
   4781.26     0.016
   4781.38     0.016
   4781.50     0.016
   4781.62     0.016
   4781.74     0.016
   4781.80     0.016
   4781.92     0.016
   4782.04     0.016
   4782.16     0.016
   4782.28     0.016
   4782.40     0.016
   4782.46     0.016
   4782.58     0.016
   4782.70     0.016
   4782.82     0.016
   4782.94     0.016
   4783.06     0.016
   4783.12     0.016
   4783.24     0.016
   4783.36     0.016
   4783.48     0.016
   4783.60     0.016
   4783.66     0.016
   4783.78     0.016
   4783.90     0.016
   4784.02     0.016
   4784.14     0.016
   4784.26     0.016
   4784.32     0.016
   4784.44     0.016
   4784.56     0.016
   4784.68     0.016
   4784.80     0.016
   4784.86     0.016
   4784.98     0.016
   4785.10     0.016
   4785.22     0.016
   4785.34     0.016
   4785.46     0.016
   4785.52     0.016
   4785.64     0.016
   4785.76     0.016
   4785.88     0.016
   4786.00     0.016
   4786.06     0.016
   4786.18     0.016
   4786.30     0.016
   4786.42     0.016
   4786.54     0.016
   4786.66     0.016
   4786.72     0.016
   4786.84     0.016
   4786.96     0.016
   4787.08     0.016
   4787.20     0.016
   4787.32     0.016
   4787.38     0.016
   4787.50     0.016
   4787.62     0.016
   4787.74     0.016
   4787.86     0.016
   4787.92     0.016
   4788.04     0.016
   4788.16     0.016
   4788.28     0.016
   4788.40     0.016
   4788.52     0.016
   4788.58     0.016
   4788.70     0.016
   4788.82     0.016
   4788.94     0.016
   4789.06     0.016
   4789.12     0.016
   4789.24     0.016
   4789.36     0.016
   4789.48     0.016
   4789.60     0.016
   4789.72     0.016
   4789.78     0.016
   4789.90     0.016
   4790.02     0.016
   4790.14     0.016
   4790.26     0.016
   4790.32     0.016
   4790.44     0.016
   4790.56     0.016
   4790.68     0.016
   4790.80     0.016
   4790.92     0.016
   4790.98     0.016
   4791.10     0.016
   4791.22     0.016
   4791.34     0.016
   4791.46     0.016
   4791.52     0.016
   4791.64     0.016
   4791.76     0.016
   4791.88     0.016
   4792.00     0.016
   4792.12     0.016
   4792.18     0.016
   4792.30     0.016
   4792.42     0.016
   4792.54     0.016
   4792.66     0.016
   4792.78     0.016
   4792.84     0.016
   4792.96     0.016
   4793.08     0.016
   4793.20     0.016
   4793.32     0.016
   4793.38     0.016
   4793.50     0.016
   4793.62     0.016
   4793.74     0.016
   4793.86     0.016
   4793.98     0.016
   4794.04     0.016
   4794.16     0.016
   4794.28     0.016
   4794.40     0.016
   4794.52     0.016
   4794.58     0.016
   4794.70     0.016
   4794.82     0.016
   4794.94     0.016
   4795.06     0.016
   4795.18     0.016
   4795.24     0.016
   4795.36     0.016
   4795.48     0.016
   4795.60     0.016
   4795.72     0.016
   4795.84     0.016
   4795.90     0.016
   4796.02     0.016
   4796.14     0.016
   4796.26     0.016
   4796.38     0.016
   4796.44     0.016
   4796.56     0.016
   4796.68     0.016
   4796.80     0.016
   4796.92     0.016
   4796.98     0.016
   4797.10     0.016
   4797.22     0.016
   4797.34     0.016
   4797.46     0.016
   4797.58     0.016
   4797.64     0.016
   4797.76     0.016
   4797.88     0.016
   4798.00     0.017
   4798.12     0.017
   4798.18     0.017
   4798.30     0.017
   4798.42     0.017
   4798.54     0.017
   4798.66     0.017
   4798.78     0.017
   4798.84     0.017
   4798.96     0.017
   4799.08     0.017
   4799.20     0.017
   4799.32     0.017
   4799.44     0.017
   4799.50     0.017
   4799.62     0.017
   4799.74     0.017
   4799.86     0.017
   4799.98     0.017
   4800.04     0.017
   4800.16     0.017
   4800.28     0.017
   4800.40     0.017
   4800.52     0.017
   4800.64     0.017
   4800.70     0.017
   4800.82     0.017
   4800.94     0.017
   4801.06     0.017
   4801.18     0.017
   4801.30     0.017
   4801.36     0.017
   4801.48     0.017
   4801.60     0.017
   4801.72     0.017
   4801.84     0.017
   4801.90     0.017
   4802.02     0.017
   4802.14     0.017
   4802.26     0.017
   4802.38     0.017
   4802.44     0.017
   4802.56     0.017
   4802.68     0.017
   4802.80     0.017
   4802.92     0.017
   4803.04     0.017
   4803.10     0.017
   4803.22     0.017
   4803.34     0.017
   4803.46     0.017
   4803.58     0.017
   4803.70     0.017
   4803.76     0.017
   4803.88     0.017
   4804.00     0.017
   4804.12     0.017
   4804.24     0.017
   4804.30     0.017
   4804.42     0.017
   4804.54     0.017
   4804.66     0.017
   4804.78     0.017
   4804.90     0.017
   4804.96     0.017
   4805.08     0.017
   4805.20     0.017
   4805.32     0.017
   4805.44     0.017
   4805.50     0.017
   4805.62     0.017
   4805.74     0.017
   4805.86     0.017
   4805.98     0.017
   4806.10     0.017
   4806.16     0.017
   4806.28     0.017
   4806.40     0.017
   4806.52     0.017
   4806.64     0.017
   4806.70     0.017
   4806.82     0.017
   4806.94     0.017
   4807.06     0.017
   4807.18     0.017
   4807.30     0.017
   4807.36     0.017
   4807.48     0.017
   4807.60     0.017
   4807.72     0.017
   4807.84     0.017
   4807.90     0.017
   4808.02     0.017
   4808.14     0.017
   4808.26     0.017
   4808.38     0.017
   4808.50     0.017
   4808.56     0.017
   4808.68     0.017
   4808.80     0.017
   4808.92     0.017
   4809.04     0.017
   4809.16     0.017
   4809.22     0.017
   4809.34     0.017
   4809.46     0.017
   4809.58     0.017
   4809.70     0.017
   4809.76     0.017
   4809.88     0.017
   4810.00     0.017
   4810.12     0.017
   4810.60     0.017
   4810.66     0.017
   4810.78     0.017
   4810.90     0.017
   4810.96     0.017
   4811.08     0.017
   4811.20     0.017
   4811.32     0.017
   4811.44     0.017
   4811.56     0.017
   4811.62     0.017
   4811.74     0.017
   4811.86     0.017
   4811.98     0.017
   4812.10     0.017
   4812.22     0.017
   4812.28     0.017
   4812.40     0.017
   4812.52     0.017
   4812.64     0.017
   4812.76     0.017
   4812.82     0.017
   4812.94     0.017
   4813.06     0.017
   4813.18     0.017
   4813.30     0.017
   4813.36     0.017
   4813.48     0.017
   4813.60     0.017
   4813.72     0.017
   4813.84     0.017
   4813.96     0.017
   4814.02     0.017
   4814.14     0.017
   4814.26     0.017
   4814.38     0.017
   4814.50     0.017
   4814.56     0.017
   4814.68     0.017
   4814.80     0.017
   4814.92     0.017
   4815.04     0.017
   4815.16     0.017
   4815.22     0.017
   4815.34     0.017
   4815.46     0.017
   4815.58     0.017
   4815.70     0.017
   4815.82     0.017
   4815.88     0.017
   4816.00     0.017
   4816.12     0.017
   4816.24     0.017
   4816.36     0.017
   4816.42     0.017
   4816.54     0.017
   4816.66     0.017
   4816.78     0.017
   4816.90     0.017
   4817.02     0.017
   4817.08     0.017
   4817.20     0.017
   4817.32     0.017
   4817.44     0.017
   4817.56     0.017
   4817.68     0.017
   4817.74     0.017
   4817.86     0.017
   4817.98     0.017
   4818.10     0.017
   4818.22     0.017
   4818.28     0.017
   4818.40     0.017
   4818.52     0.017
   4818.64     0.017
   4818.76     0.017
   4818.82     0.017
   4818.94     0.017
   4819.06     0.017
   4819.18     0.017
   4819.30     0.017
   4819.42     0.017
   4819.48     0.017
   4819.60     0.017
   4819.72     0.017
   4819.84     0.017
   4819.96     0.017
   4820.08     0.017
   4820.14     0.017
   4820.26     0.017
   4820.38     0.017
   4820.50     0.017
   4820.62     0.017
   4820.68     0.017
   4820.80     0.017
   4820.92     0.017
   4821.04     0.017
   4821.16     0.017
   4821.28     0.017
   4821.34     0.017
   4821.46     0.017
   4821.58     0.017
   4821.70     0.017
   4821.82     0.017
   4821.88     0.017
   4822.00     0.017
   4822.12     0.017
   4822.24     0.017
   4822.36     0.017
   4822.48     0.017
   4822.54     0.017
   4822.66     0.017
   4822.78     0.017
   4822.90     0.017
   4823.02     0.017
   4823.08     0.017
   4823.20     0.017
   4823.32     0.017
   4823.44     0.017
   4823.56     0.017
   4823.68     0.017
   4823.74     0.017
   4823.86     0.017
   4823.98     0.017
   4824.10     0.017
   4824.22     0.017
   4824.34     0.017
   4824.40     0.017
   4824.52     0.017
   4824.64     0.017
   4824.76     0.017
   4824.88     0.017
   4824.94     0.017
   4825.06     0.017
   4825.18     0.017
   4825.30     0.017
   4825.42     0.017
   4825.54     0.017
   4825.60     0.017
   4825.72     0.017
   4825.84     0.017
   4825.96     0.017
   4826.08     0.017
   4826.14     0.017
   4826.26     0.017
   4826.38     0.017
   4826.50     0.017
   4826.62     0.017
   4826.74     0.017
   4826.80     0.017
   4826.92     0.017
   4827.04     0.017
   4827.16     0.017
   4827.28     0.017
   4827.34     0.017
   4827.46     0.017
   4827.58     0.017
   4827.70     0.017
   4827.82     0.017
   4827.94     0.017
   4828.00     0.017
   4828.12     0.017
   4828.24     0.017
   4828.36     0.017
   4828.48     0.017
   4828.60     0.017
   4828.66     0.017
   4828.78     0.017
   4828.90     0.017
   4829.02     0.017
   4829.14     0.017
   4829.20     0.017
   4829.32     0.017
   4829.44     0.017
   4829.56     0.017
   4829.68     0.017
   4829.80     0.017
   4829.86     0.017
   4829.98     0.017
   4830.10     0.017
   4830.22     0.017
   4830.34     0.017
   4830.40     0.017
   4830.52     0.017
   4830.64     0.017
   4830.76     0.017
   4830.88     0.017
   4831.00     0.017
   4831.06     0.017
   4831.18     0.017
   4831.30     0.017
   4831.42     0.017
   4831.54     0.017
   4831.60     0.017
   4831.72     0.017
   4831.84     0.017
   4831.96     0.017
   4832.08     0.017
   4832.20     0.017
   4832.26     0.017
   4832.38     0.017
   4832.50     0.017
   4832.62     0.017
   4832.74     0.017
   4832.86     0.017
   4832.92     0.017
   4833.04     0.017
   4833.16     0.017
   4833.28     0.017
   4833.40     0.017
   4833.46     0.017
   4833.58     0.017
   4833.70     0.017
   4833.82     0.017
   4833.94     0.017
   4834.06     0.017
   4834.12     0.017
   4834.24     0.017
   4834.36     0.017
   4834.48     0.017
   4834.60     0.017
   4834.66     0.017
   4834.78     0.017
   4834.90     0.017
   4835.02     0.017
   4835.14     0.017
   4835.20     0.017
   4835.32     0.017
   4835.44     0.017
   4835.56     0.017
   4835.68     0.017
   4835.80     0.017
   4835.86     0.017
   4835.98     0.017
   4836.10     0.017
   4836.22     0.017
   4836.34     0.017
   4836.46     0.017
   4836.52     0.017
   4836.64     0.017
   4836.76     0.017
   4836.88     0.017
   4837.00     0.017
   4837.06     0.017
   4837.18     0.017
   4837.30     0.017
   4837.42     0.017
   4837.54     0.017
   4837.66     0.017
   4837.72     0.017
   4837.84     0.017
   4837.96     0.017
   4838.08     0.017
   4838.20     0.017
   4838.32     0.017
   4838.38     0.017
   4838.50     0.017
   4838.62     0.017
   4838.74     0.017
   4838.86     0.017
   4838.92     0.017
   4839.04     0.017
   4839.16     0.017
   4839.28     0.017
   4839.40     0.017
   4839.46     0.017
   4839.58     0.017
   4839.70     0.017
   4839.82     0.017
   4839.94     0.017
   4840.06     0.017
   4840.12     0.017
   4840.24     0.017
   4840.36     0.017
   4840.48     0.017
   4840.60     0.017
   4840.72     0.017
   4840.78     0.017
   4840.90     0.017
   4841.02     0.017
   4841.14     0.017
   4841.26     0.017
   4841.32     0.017
   4841.44     0.017
   4841.56     0.017
   4841.68     0.017
   4841.80     0.017
   4841.92     0.017
   4841.98     0.017
   4842.10     0.017
   4842.22     0.017
   4842.34     0.017
   4842.46     0.017
   4842.52     0.017
   4842.64     0.017
   4842.76     0.017
   4842.88     0.017
   4843.00     0.017
   4843.12     0.017
   4843.18     0.017
   4843.30     0.017
   4843.42     0.017
   4843.54     0.017
   4843.66     0.017
   4843.72     0.017
   4843.84     0.017
   4843.96     0.017
   4844.08     0.017
   4844.20     0.017
   4844.32     0.017
   4844.38     0.017
   4844.50     0.017
   4844.62     0.017
   4844.74     0.017
   4844.86     0.017
   4844.98     0.017
   4845.04     0.017
   4845.16     0.017
   4845.28     0.017
   4845.40     0.017
   4845.52     0.017
   4845.58     0.017
   4845.70     0.017
   4845.82     0.017
   4845.94     0.017
   4846.06     0.017
   4846.18     0.017
   4846.24     0.017
   4846.36     0.017
   4846.48     0.017
   4846.60     0.017
   4846.72     0.017
   4846.78     0.017
   4846.90     0.017
   4847.02     0.017
   4847.14     0.017
   4847.26     0.017
   4847.32     0.017
   4847.44     0.017
   4847.56     0.017
   4847.68     0.017
   4847.80     0.017
   4847.92     0.017
   4847.98     0.017
   4848.10     0.017
   4848.22     0.017
   4848.34     0.017
   4848.46     0.017
   4848.58     0.017
   4848.64     0.017
   4848.76     0.017
   4848.88     0.017
   4849.00     0.017
   4849.12     0.017
   4849.24     0.017
   4849.30     0.017
   4849.42     0.017
   4849.54     0.017
   4849.66     0.017
   4849.78     0.017
   4849.84     0.017
   4849.96     0.017
   4850.08     0.017
   4850.20     0.017
   4850.32     0.017
   4850.44     0.017
   4850.50     0.017
   4850.62     0.017
   4850.74     0.017
   4850.86     0.017
   4850.98     0.017
   4851.04     0.017
   4851.16     0.017
   4851.28     0.017
   4851.40     0.017
   4851.52     0.017
   4851.58     0.017
   4851.70     0.017
   4851.82     0.017
   4851.94     0.017
   4852.06     0.017
   4852.18     0.017
   4852.24     0.017
   4852.36     0.017
   4852.48     0.017
   4852.60     0.017
   4852.72     0.017
   4852.84     0.017
   4852.90     0.017
   4853.02     0.017
   4853.14     0.017
   4853.26     0.017
   4853.38     0.017
   4853.44     0.017
   4853.56     0.017
   4853.68     0.017
   4853.80     0.018
   4853.92     0.018
   4854.04     0.018
   4854.10     0.018
   4854.22     0.018
   4854.34     0.018
   4854.46     0.018
   4854.58     0.018
   4854.70     0.018
   4854.76     0.018
   4854.88     0.018
   4855.00     0.018
   4855.12     0.018
   4855.24     0.018
   4855.30     0.018
   4855.42     0.018
   4855.54     0.018
   4855.66     0.018
   4855.78     0.018
   4855.84     0.018
   4855.96     0.018
   4856.08     0.018
   4856.20     0.018
   4856.32     0.018
   4856.44     0.018
   4856.50     0.018
   4856.62     0.018
   4856.74     0.018
   4856.86     0.018
   4856.98     0.018
   4857.10     0.018
   4857.16     0.018
   4857.28     0.018
   4857.40     0.018
   4857.52     0.018
   4857.64     0.018
   4857.70     0.018
   4857.82     0.018
   4857.94     0.018
   4858.06     0.018
   4858.18     0.018
   4858.30     0.018
   4858.36     0.018
   4858.48     0.018
   4858.60     0.018
   4858.72     0.018
   4858.84     0.018
   4858.96     0.018
   4859.02     0.018
   4859.14     0.018
   4859.26     0.018
   4859.38     0.018
   4859.50     0.018
   4859.56     0.018
   4859.68     0.018
   4859.80     0.018
   4859.92     0.018
   4860.04     0.018
   4860.10     0.018
   4860.22     0.018
   4860.34     0.018
   4860.46     0.018
   4860.58     0.018
   4860.70     0.018
   4860.76     0.018
   4860.88     0.018
   4861.00     0.018
   4861.12     0.018
   4861.24     0.018
   4861.36     0.018
   4861.42     0.018
   4861.54     0.018
   4861.66     0.018
   4861.78     0.018
   4861.90     0.018
   4861.96     0.018
   4862.08     0.018
   4862.20     0.018
   4862.32     0.018
   4862.44     0.018
   4862.56     0.018
   4862.62     0.018
   4862.74     0.018
   4862.86     0.018
   4862.98     0.018
   4863.10     0.018
   4863.16     0.018
   4863.28     0.018
   4863.40     0.018
   4863.52     0.018
   4863.64     0.018
   4863.76     0.018
   4863.82     0.018
   4863.94     0.018
   4864.06     0.018
   4864.18     0.018
   4864.30     0.018
   4864.36     0.018
   4864.48     0.018
   4864.60     0.018
   4864.72     0.018
   4864.84     0.018
   4864.96     0.018
   4865.02     0.018
   4865.14     0.018
   4865.26     0.018
   4865.38     0.018
   4865.50     0.018
   4865.62     0.018
   4865.68     0.018
   4865.80     0.018
   4865.92     0.018
   4866.04     0.018
   4866.16     0.018
   4866.22     0.018
   4866.34     0.018
   4866.46     0.018
   4866.58     0.018
   4866.70     0.018
   4866.82     0.018
   4866.88     0.018
   4867.00     0.018
   4867.12     0.018
   4867.24     0.018
   4867.36     0.018
   4867.42     0.018
   4867.54     0.018
   4867.66     0.018
   4867.78     0.018
   4867.90     0.018
   4867.96     0.018
   4868.08     0.018
   4868.20     0.018
   4868.32     0.018
   4868.44     0.018
   4868.56     0.018
   4868.62     0.018
   4868.74     0.018
   4868.86     0.018
   4868.98     0.018
   4869.10     0.018
   4869.16     0.018
   4869.28     0.018
   4869.40     0.018
   4869.52     0.018
   4869.64     0.018
   4869.76     0.018
   4869.82     0.018
   4869.94     0.018
   4870.06     0.018
   4870.18     0.018
   4870.30     0.018
   4870.42     0.018
   4870.48     0.018
   4870.60     0.018
   4870.72     0.018
   4870.84     0.018
   4870.96     0.018
   4871.08     0.018
   4871.14     0.018
   4871.26     0.018
   4871.38     0.018
   4871.50     0.018
   4871.62     0.018
   4871.68     0.018
   4871.80     0.018
   4871.92     0.018
   4872.04     0.018
   4872.16     0.018
   4872.22     0.018
   4872.34     0.018
   4872.46     0.018
   4872.58     0.018
   4872.70     0.018
   4872.82     0.018
   4872.88     0.018
   4873.00     0.018
   4873.12     0.018
   4873.24     0.018
   4873.36     0.018
   4873.48     0.018
   4873.54     0.018
   4873.66     0.018
   4873.78     0.018
   4873.90     0.018
   4874.02     0.018
   4874.08     0.018
   4874.20     0.018
   4874.32     0.018
   4874.44     0.018
   4874.56     0.018
   4874.68     0.018
   4874.74     0.018
   4874.86     0.018
   4874.98     0.018
   4875.10     0.018
   4875.22     0.018
   4875.34     0.018
   4875.40     0.018
   4875.52     0.018
   4875.64     0.018
   4875.76     0.018
   4875.88     0.018
   4875.94     0.018
   4876.06     0.018
   4876.18     0.018
   4876.30     0.018
   4876.42     0.018
   4876.48     0.018
   4876.60     0.018
   4876.72     0.018
   4876.84     0.018
   4876.96     0.018
   4877.08     0.018
   4877.14     0.018
   4877.26     0.018
   4877.38     0.018
   4877.50     0.018
   4877.62     0.018
   4877.74     0.018
   4877.80     0.018
   4877.92     0.018
   4878.04     0.018
   4878.16     0.018
   4878.28     0.018
   4878.34     0.018
   4878.46     0.018
   4878.58     0.018
   4878.70     0.018
   4878.82     0.018
   4878.88     0.018
   4879.00     0.018
   4879.12     0.018
   4879.24     0.018
   4879.36     0.018
   4879.48     0.018
   4879.54     0.018
   4879.66     0.018
   4879.78     0.018
   4879.90     0.018
   4880.02     0.018
   4880.14     0.018
   4880.20     0.018
   4880.32     0.018
   4880.44     0.018
   4880.56     0.018
   4880.68     0.018
   4880.74     0.018
   4880.86     0.018
   4880.98     0.018
   4881.10     0.018
   4881.22     0.018
   4881.34     0.018
   4881.40     0.018
   4881.52     0.018
   4881.64     0.018
   4881.76     0.018
   4881.88     0.018
   4881.94     0.018
   4882.06     0.018
   4882.18     0.018
   4882.30     0.018
   4882.42     0.018
   4882.54     0.018
   4882.60     0.018
   4882.72     0.018
   4882.84     0.018
   4882.96     0.018
   4883.08     0.018
   4883.20     0.018
   4883.26     0.018
   4883.38     0.018
   4883.50     0.018
   4883.62     0.018
   4883.74     0.018
   4883.80     0.018
   4883.92     0.018
   4884.04     0.018
   4884.16     0.018
   4884.28     0.018
   4884.34     0.018
   4884.46     0.018
   4884.58     0.018
   4884.70     0.018
   4884.82     0.018
   4884.94     0.018
   4885.00     0.018
   4885.12     0.018
   4885.24     0.018
   4885.36     0.018
   4885.48     0.018
   4885.60     0.018
   4885.66     0.018
   4885.78     0.018
   4885.90     0.018
   4886.02     0.018
   4886.14     0.018
   4886.26     0.018
   4886.32     0.018
   4886.44     0.018
   4886.56     0.018
   4886.68     0.018
   4886.80     0.018
   4886.86     0.018
   4886.98     0.018
   4887.10     0.018
   4887.22     0.018
   4887.34     0.018
   4887.46     0.018
   4887.52     0.018
   4887.64     0.018
   4887.76     0.018
   4887.88     0.018
   4888.00     0.018
   4888.06     0.018
   4888.18     0.018
   4888.30     0.018
   4888.42     0.018
   4888.54     0.018
   4888.60     0.018
   4888.72     0.018
   4888.84     0.018
   4888.96     0.018
   4889.08     0.018
   4889.20     0.018
   4889.26     0.018
   4889.38     0.018
   4889.50     0.018
   4889.62     0.018
   4889.74     0.018
   4889.86     0.018
   4889.92     0.018
   4890.04     0.018
   4890.16     0.018
   4890.28     0.018
   4890.40     0.018
   4890.46     0.018
   4890.58     0.018
   4890.70     0.018
   4890.82     0.018
   4890.94     0.018
   4891.06     0.018
   4891.12     0.018
   4891.24     0.018
   4891.36     0.018
   4891.48     0.018
   4891.60     0.018
   4891.72     0.018
   4891.78     0.018
   4891.90     0.018
   4892.02     0.018
   4892.14     0.018
   4892.26     0.018
   4892.32     0.018
   4892.44     0.018
   4892.56     0.018
   4892.68     0.018
   4892.80     0.018
   4892.86     0.018
   4892.98     0.018
   4893.10     0.018
   4893.22     0.018
   4893.34     0.018
   4893.46     0.018
   4893.52     0.018
   4893.64     0.018
   4893.76     0.018
   4893.88     0.018
   4894.00     0.018
   4894.12     0.018
   4894.18     0.018
   4894.30     0.018
   4894.42     0.018
   4894.54     0.018
   4894.66     0.018
   4894.72     0.018
   4894.84     0.018
   4894.96     0.018
   4895.08     0.018
   4895.20     0.018
   4895.32     0.018
   4895.38     0.018
   4895.50     0.018
   4895.62     0.018
   4895.74     0.018
   4895.86     0.018
   4895.92     0.018
   4896.04     0.018
   4896.16     0.018
   4896.28     0.018
   4896.40     0.018
   4896.46     0.018
   4896.58     0.018
   4896.70     0.018
   4896.82     0.018
   4896.94     0.018
   4897.06     0.018
   4897.12     0.018
   4897.24     0.018
   4897.36     0.018
   4897.48     0.018
   4897.60     0.018
   4897.72     0.018
   4897.78     0.018
   4897.90     0.018
   4898.02     0.018
   4898.14     0.018
   4898.26     0.018
   4898.38     0.018
   4898.44     0.018
   4898.56     0.018
   4898.68     0.018
   4898.80     0.018
   4898.92     0.018
   4898.98     0.018
   4899.10     0.018
   4899.22     0.018
   4899.34     0.018
   4899.46     0.018
   4899.58     0.018
   4899.64     0.018
   4899.76     0.018
   4899.88     0.018
   4900.00     0.018
   4900.12     0.018
   4900.18     0.018
   4900.30     0.018
   4900.42     0.018
   4900.54     0.018
   4900.66     0.018
   4900.72     0.018
   4900.84     0.018
   4900.96     0.018
   4901.08     0.018
   4901.20     0.018
   4901.32     0.018
   4901.38     0.018
   4901.50     0.018
   4901.62     0.018
   4901.74     0.019
   4901.86     0.019
   4901.98     0.019
   4902.04     0.019
   4902.16     0.019
   4902.28     0.019
   4902.40     0.019
   4902.52     0.019
   4902.64     0.019
   4902.70     0.019
   4902.82     0.019
   4902.94     0.018
   4903.06     0.018
   4903.18     0.018
   4903.24     0.018
   4903.36     0.018
   4903.48     0.018
   4903.60     0.018
   4903.72     0.018
   4903.78     0.018
   4903.90     0.018
   4904.02     0.018
   4904.14     0.018
   4904.26     0.018
   4904.38     0.018
   4904.44     0.018
   4904.56     0.018
   4904.68     0.018
   4904.80     0.018
   4904.92     0.018
   4904.98     0.018
   4905.10     0.018
   4905.22     0.018
   4905.34     0.018
   4905.46     0.018
   4905.58     0.018
   4905.64     0.018
   4905.76     0.018
   4905.88     0.018
   4906.00     0.018
   4906.12     0.018
   4906.24     0.018
   4906.30     0.018
   4906.42     0.018
   4906.54     0.018
   4906.66     0.018
   4906.78     0.018
   4906.84     0.018
   4906.96     0.018
   4907.08     0.018
   4907.20     0.018
   4907.32     0.018
   4907.44     0.018
   4907.50     0.018
   4907.62     0.019
   4907.74     0.019
   4907.86     0.019
   4907.98     0.019
   4908.10     0.019
   4908.16     0.019
   4908.28     0.019
   4908.40     0.019
   4908.52     0.019
   4908.64     0.019
   4908.70     0.019
   4908.82     0.019
   4908.94     0.019
   4909.06     0.019
   4909.18     0.019
   4909.24     0.019
   4909.36     0.019
   4909.48     0.019
   4909.60     0.019
   4909.72     0.019
   4909.84     0.019
   4909.90     0.019
   4910.02     0.019
   4910.14     0.019
   4910.26     0.019
   4910.38     0.019
   4910.50     0.019
   4910.56     0.018
   4910.68     0.018
   4910.80     0.018
   4910.92     0.018
   4911.04     0.018
   4911.10     0.018
   4911.22     0.019
   4911.34     0.018
   4911.46     0.019
   4911.58     0.019
   4911.70     0.019
   4911.76     0.019
   4911.88     0.019
   4912.00     0.019
   4912.12     0.019
   4912.24     0.019
   4912.36     0.019
   4912.42     0.019
   4912.54     0.019
   4912.66     0.019
   4912.78     0.019
   4912.90     0.019
   4912.96     0.019
   4913.08     0.019
   4913.20     0.019
   4913.32     0.019
   4913.44     0.019
   4913.50     0.019
   4913.62     0.019
   4913.74     0.019
   4913.86     0.019
   4913.98     0.019
   4914.10     0.019
   4914.16     0.019
   4914.28     0.019
   4914.40     0.019
   4914.52     0.019
   4914.64     0.019
   4914.70     0.019
   4914.82     0.019
   4914.94     0.019
   4915.06     0.019
   4915.18     0.019
   4915.30     0.019
   4915.36     0.019
   4915.48     0.019
   4915.60     0.019
   4915.72     0.019
   4915.84     0.019
   4915.90     0.019
   4916.02     0.019
   4916.14     0.019
   4916.26     0.019
   4916.38     0.019
   4916.50     0.019
   4916.56     0.019
   4916.68     0.019
   4916.80     0.019
   4916.92     0.019
   4917.04     0.019
   4917.10     0.019
   4917.22     0.019
   4917.34     0.019
   4917.46     0.019
   4917.58     0.019
   4917.70     0.019
   4917.76     0.019
   4917.88     0.019
   4918.00     0.019
   4918.12     0.019
   4918.24     0.019
   4918.36     0.019
   4918.42     0.019
   4918.54     0.019
   4918.66     0.019
   4918.78     0.019
   4918.90     0.019
   4918.96     0.019
   4919.08     0.019
   4919.20     0.019
   4919.32     0.019
   4919.44     0.019
   4919.56     0.019
   4919.62     0.019
   4920.16     0.019
   4920.22     0.019
   4920.28     0.019
   4920.40     0.019
   4920.52     0.019
   4920.64     0.019
   4920.76     0.019
   4920.88     0.019
   4920.94     0.019
   4921.06     0.019
   4921.18     0.019
   4921.30     0.019
   4921.36     0.019
   4921.48     0.019
   4921.60     0.019
   4921.72     0.019
   4921.84     0.019
   4921.96     0.019
   4922.02     0.019
   4922.14     0.019
   4922.26     0.019
   4922.38     0.019
   4922.50     0.019
   4922.62     0.019
   4922.68     0.019
   4922.80     0.019
   4922.92     0.019
   4923.04     0.019
   4923.16     0.019
   4923.22     0.019
   4923.34     0.019
   4923.46     0.019
   4923.58     0.019
   4923.70     0.019
   4923.82     0.019
   4923.88     0.019
   4924.00     0.019
   4924.12     0.019
   4924.24     0.019
   4924.36     0.019
   4924.42     0.019
   4924.54     0.019
   4924.66     0.019
   4924.78     0.019
   4924.90     0.019
   4925.02     0.019
   4925.08     0.019
   4925.20     0.019
   4925.32     0.019
   4925.44     0.019
   4925.56     0.019
   4925.62     0.019
   4925.74     0.019
   4925.86     0.019
   4925.98     0.019
   4926.10     0.019
   4926.22     0.019
   4926.28     0.019
   4926.40     0.019
   4926.52     0.019
   4926.64     0.019
   4926.76     0.019
   4926.82     0.019
   4926.94     0.019
   4927.06     0.019
   4927.18     0.019
   4927.30     0.019
   4927.42     0.019
   4927.48     0.019
   4927.60     0.019
   4927.72     0.019
   4927.84     0.019
   4927.96     0.019
   4928.08     0.019
   4928.14     0.019
   4928.26     0.019
   4928.38     0.019
   4928.50     0.019
   4928.62     0.019
   4928.74     0.019
   4928.80     0.019
   4928.92     0.019
   4929.04     0.019
   4929.16     0.019
   4929.28     0.019
   4929.34     0.019
   4929.46     0.019
   4929.58     0.019
   4929.70     0.019
   4929.82     0.019
   4929.88     0.019
   4930.00     0.019
   4930.12     0.019
   4930.24     0.019
   4930.36     0.019
   4930.48     0.019
   4930.54     0.019
   4930.66     0.019
   4930.78     0.019
   4930.90     0.019
   4931.02     0.019
   4931.08     0.019
   4931.20     0.019
   4931.32     0.019
   4931.44     0.019
   4931.56     0.019
   4931.68     0.019
   4931.74     0.019
   4931.86     0.019
   4931.98     0.019
   4932.10     0.019
   4932.22     0.019
   4932.34     0.019
   4932.40     0.019
   4932.52     0.019
   4932.64     0.019
   4932.76     0.019
   4932.88     0.019
   4932.94     0.019
   4933.06     0.019
   4933.18     0.019
   4933.30     0.019
   4933.42     0.019
   4933.54     0.019
   4933.60     0.019
   4933.72     0.019
   4933.84     0.019
   4933.96     0.019
   4934.08     0.019
   4934.14     0.019
   4934.26     0.019
   4934.38     0.019
   4934.50     0.019
   4934.62     0.019
   4934.74     0.019
   4934.80     0.019
   4934.92     0.019
   4935.04     0.019
   4935.16     0.019
   4935.28     0.019
   4935.34     0.019
   4935.46     0.019
   4935.58     0.019
   4935.70     0.019
   4935.82     0.019
   4935.94     0.019
   4936.00     0.019
   4936.12     0.019
   4936.24     0.019
   4936.36     0.019
   4936.48     0.019
   4936.60     0.019
   4936.66     0.019
   4936.78     0.019
   4936.90     0.019
   4937.02     0.019
   4937.14     0.019
   4937.20     0.019
   4937.32     0.019
   4937.44     0.019
   4937.56     0.019
   4937.68     0.019
   4937.74     0.019
   4937.86     0.019
   4937.98     0.019
   4938.10     0.019
   4938.22     0.019
   4938.34     0.019
   4938.40     0.019
   4938.52     0.019
   4938.64     0.019
   4938.76     0.019
   4938.88     0.019
   4939.00     0.019
   4939.06     0.019
   4939.18     0.019
   4939.30     0.019
   4939.42     0.019
   4939.54     0.019
   4939.60     0.019
   4939.72     0.019
   4939.84     0.019
   4939.96     0.019
   4940.08     0.019
   4940.20     0.019
   4940.26     0.019
   4940.38     0.019
   4940.50     0.019
   4940.62     0.019
   4940.74     0.019
   4940.80     0.019
   4940.92     0.019
   4941.04     0.019
   4941.16     0.019
   4941.28     0.019
   4941.40     0.019
   4941.46     0.019
   4941.58     0.019
   4941.70     0.019
   4941.82     0.019
   4941.94     0.019
   4942.00     0.019
   4942.12     0.019
   4942.24     0.019
   4942.36     0.019
   4942.48     0.019
   4942.60     0.019
   4942.66     0.019
   4942.78     0.019
   4942.90     0.019
   4943.02     0.019
   4943.14     0.019
   4943.26     0.019
   4943.32     0.019
   4943.44     0.019
   4943.56     0.019
   4943.68     0.019
   4943.80     0.019
   4943.86     0.019
   4943.98     0.019
   4944.10     0.019
   4944.22     0.019
   4944.34     0.019
   4944.46     0.019
   4944.52     0.019
   4944.64     0.019
   4944.76     0.019
   4944.88     0.019
   4945.00     0.019
   4945.06     0.019
   4945.18     0.019
   4945.30     0.019
   4945.42     0.019
   4945.54     0.019
   4945.66     0.019
   4945.72     0.019
   4945.84     0.019
   4945.96     0.019
   4946.08     0.019
   4946.20     0.019
   4946.26     0.019
   4946.38     0.019
   4946.50     0.019
   4946.62     0.019
   4946.74     0.019
   4946.86     0.019
   4946.92     0.019
   4947.04     0.019
   4947.16     0.019
   4947.28     0.019
   4947.40     0.019
   4947.52     0.019
   4947.58     0.019
   4947.70     0.019
   4947.82     0.019
   4947.94     0.019
   4948.06     0.019
   4948.12     0.019
   4948.24     0.019
   4948.36     0.019
   4948.48     0.019
   4948.60     0.019
   4948.66     0.019
   4948.78     0.019
   4948.90     0.019
   4949.02     0.019
   4949.14     0.019
   4949.26     0.019
   4949.32     0.019
   4949.44     0.019
   4949.56     0.019
   4949.68     0.019
   4949.80     0.019
   4949.86     0.019
   4949.98     0.019
   4950.10     0.019
   4950.22     0.019
   4950.34     0.019
   4950.46     0.019
   4950.52     0.019
   4950.64     0.019
   4950.76     0.019
   4950.88     0.019
   4951.00     0.019
   4951.12     0.019
   4951.18     0.019
   4951.30     0.019
   4951.42     0.019
   4951.54     0.019
   4951.66     0.019
   4951.72     0.019
   4951.84     0.019
   4951.96     0.019
   4952.08     0.019
   4952.20     0.019
   4952.32     0.019
   4952.38     0.019
   4952.50     0.019
   4952.62     0.019
   4952.74     0.019
   4952.86     0.019
   4952.92     0.020
   4953.04     0.020
   4953.16     0.020
   4953.28     0.020
   4953.40     0.020
   4953.52     0.020
   4953.58     0.020
   4953.70     0.020
   4953.82     0.020
   4953.94     0.020
   4954.06     0.020
   4954.12     0.020
   4954.24     0.020
   4954.36     0.020
   4954.48     0.020
   4954.60     0.020
   4954.72     0.020
   4954.78     0.019
   4954.90     0.019
   4955.02     0.019
   4955.14     0.019
   4955.26     0.019
   4955.38     0.019
   4955.44     0.019
   4955.56     0.019
   4955.68     0.019
   4955.80     0.019
   4955.92     0.019
   4955.98     0.019
   4956.10     0.019
   4956.22     0.019
   4956.34     0.019
   4956.46     0.019
   4956.58     0.019
   4956.64     0.019
   4956.76     0.019
   4956.88     0.019
   4957.00     0.019
   4957.12     0.019
   4957.18     0.019
   4957.30     0.019
   4957.42     0.019
   4957.54     0.019
   4957.66     0.019
   4957.78     0.020
   4957.84     0.020
   4957.96     0.020
   4958.08     0.020
   4958.20     0.020
   4958.32     0.020
   4958.38     0.020
   4958.50     0.020
   4958.62     0.020
   4958.74     0.020
   4958.86     0.020
   4958.98     0.020
   4959.04     0.019
   4959.16     0.019
   4959.28     0.020
   4959.40     0.020
   4959.52     0.020
   4959.58     0.020
   4959.70     0.020
   4959.82     0.020
   4959.94     0.020
   4960.06     0.020
   4960.18     0.020
   4960.24     0.020
   4960.36     0.020
   4960.48     0.020
   4960.60     0.020
   4960.72     0.020
   4960.78     0.020
   4960.90     0.020
   4961.02     0.020
   4961.14     0.020
   4961.26     0.020
   4961.38     0.020
   4961.44     0.020
   4961.56     0.020
   4961.68     0.020
   4961.80     0.020
   4961.92     0.020
   4962.04     0.020
   4962.10     0.020
   4962.22     0.020
   4962.34     0.020
   4962.46     0.020
   4962.58     0.020
   4962.64     0.020
   4962.76     0.020
   4962.88     0.020
   4963.00     0.020
   4963.12     0.020
   4963.24     0.020
   4963.30     0.020
   4963.42     0.020
   4963.54     0.020
   4963.66     0.020
   4963.78     0.020
   4963.90     0.020
   4963.96     0.020
   4964.08     0.020
   4964.20     0.020
   4964.32     0.020
   4964.44     0.020
   4964.50     0.020
   4964.62     0.020
   4964.74     0.020
   4964.86     0.020
   4964.98     0.020
   4965.04     0.020
   4965.16     0.020
   4965.28     0.020
   4965.40     0.020
   4965.52     0.020
   4965.64     0.020
   4965.70     0.020
   4965.82     0.020
   4965.94     0.020
   4966.06     0.020
   4966.18     0.020
   4966.30     0.020
   4966.36     0.020
   4966.48     0.020
   4966.60     0.020
   4966.72     0.020
   4966.84     0.020
   4966.90     0.020
   4967.02     0.020
   4967.14     0.020
   4967.26     0.020
   4967.38     0.020
   4967.50     0.020
   4967.56     0.020
   4967.68     0.020
   4967.80     0.020
   4967.92     0.020
   4968.04     0.020
   4968.10     0.020
   4968.22     0.020
   4968.34     0.020
   4968.46     0.020
   4968.58     0.020
   4968.70     0.020
   4968.76     0.020
   4968.88     0.020
   4969.00     0.020
   4969.12     0.020
   4969.24     0.020
   4969.30     0.020
   4969.42     0.020
   4969.54     0.020
   4969.66     0.020
   4969.78     0.020
   4969.90     0.020
   4969.96     0.020
   4970.08     0.020
   4970.20     0.020
   4970.32     0.020
   4970.44     0.020
   4970.50     0.020
   4970.62     0.020
   4970.74     0.020
   4970.86     0.020
   4970.98     0.020
   4971.10     0.020
   4971.16     0.020
   4971.28     0.020
   4971.40     0.020
   4971.52     0.020
   4971.64     0.020
   4971.76     0.020
   4971.82     0.020
   4971.94     0.020
   4972.06     0.020
   4972.18     0.020
   4972.30     0.020
   4972.36     0.020
   4972.48     0.020
   4972.60     0.020
   4972.72     0.020
   4972.84     0.020
   4972.96     0.020
   4973.02     0.020
   4973.14     0.020
   4973.26     0.020
   4973.38     0.020
   4973.50     0.020
   4973.56     0.020
   4973.68     0.020
   4973.80     0.020
   4973.92     0.020
   4974.04     0.020
   4974.16     0.020
   4974.22     0.020
   4974.34     0.020
   4974.46     0.020
   4974.58     0.020
   4974.70     0.020
   4974.76     0.020
   4974.88     0.020
   4975.00     0.020
   4975.12     0.020
   4975.24     0.020
   4975.36     0.020
   4975.42     0.020
   4975.54     0.020
   4975.66     0.020
   4975.78     0.020
   4975.90     0.020
   4975.96     0.020
   4976.08     0.020
   4976.20     0.020
   4976.32     0.020
   4976.44     0.020
   4976.56     0.020
   4976.62     0.020
   4976.74     0.020
   4976.86     0.020
   4976.98     0.020
   4977.10     0.020
   4977.22     0.020
   4977.28     0.020
   4977.40     0.020
   4977.52     0.020
   4977.64     0.020
   4977.76     0.020
   4977.82     0.020
   4977.94     0.020
   4978.06     0.020
   4978.18     0.020
   4978.30     0.020
   4978.42     0.020
   4978.48     0.020
   4978.60     0.020
   4978.72     0.020
   4978.84     0.020
   4978.96     0.020
   4979.02     0.020
   4979.14     0.020
   4979.26     0.020
   4979.38     0.020
   4979.50     0.020
   4979.62     0.020
   4979.68     0.020
   4979.80     0.020
   4979.92     0.020
   4980.04     0.020
   4980.16     0.020
   4980.28     0.020
   4980.34     0.020
   4980.46     0.020
   4980.58     0.020
   4980.70     0.020
   4980.82     0.020
   4980.88     0.020
   4981.00     0.020
   4981.12     0.020
   4981.24     0.020
   4981.36     0.020
   4981.42     0.020
   4981.54     0.020
   4981.66     0.020
   4981.78     0.020
   4981.90     0.020
   4982.02     0.020
   4982.08     0.020
   4982.20     0.020
   4982.32     0.020
   4982.44     0.020
   4982.56     0.020
   4982.68     0.020
   4982.74     0.020
   4982.86     0.020
   4982.98     0.020
   4983.10     0.020
   4983.22     0.020
   4983.28     0.020
   4983.40     0.020
   4983.52     0.020
   4983.64     0.020
   4983.76     0.020
   4983.88     0.020
   4983.94     0.020
   4984.06     0.020
   4984.18     0.020
   4984.30     0.020
   4984.42     0.020
   4984.48     0.020
   4984.60     0.020
   4984.72     0.020
   4984.84     0.020
   4984.96     0.020
   4985.08     0.020
   4985.14     0.020
   4985.26     0.020
   4985.38     0.020
   4985.50     0.020
   4985.62     0.020
   4985.74     0.020
   4985.80     0.020
   4985.92     0.020
   4986.04     0.020
   4986.16     0.020
   4986.28     0.020
   4986.34     0.020
   4986.46     0.020
   4986.58     0.020
   4986.70     0.020
   4986.82     0.020
   4986.88     0.020
   4987.00     0.020
   4987.12     0.020
   4987.24     0.020
   4987.36     0.020
   4987.48     0.020
   4987.54     0.020
   4987.66     0.020
   4987.78     0.020
   4987.90     0.020
   4988.02     0.020
   4988.14     0.020
   4988.20     0.020
   4988.32     0.020
   4988.44     0.020
   4988.56     0.020
   4988.68     0.020
   4988.74     0.020
   4988.86     0.020
   4988.98     0.020
   4989.10     0.020
   4989.22     0.020
   4989.34     0.020
   4989.40     0.020
   4989.52     0.020
   4989.64     0.020
   4989.76     0.020
   4989.88     0.020
   4989.94     0.020
   4990.06     0.020
   4990.18     0.020
   4990.30     0.020
   4990.42     0.020
   4990.54     0.020
   4990.60     0.020
   4990.72     0.020
   4990.84     0.020
   4990.96     0.020
   4991.08     0.020
   4991.14     0.020
   4991.26     0.020
   4991.38     0.020
   4991.50     0.020
   4991.62     0.020
   4991.74     0.020
   4991.80     0.020
   4991.92     0.020
   4992.04     0.020
   4992.16     0.020
   4992.28     0.020
   4992.34     0.020
   4992.46     0.020
   4992.58     0.020
   4992.70     0.020
   4992.82     0.020
   4992.94     0.020
   4993.00     0.020
   4993.12     0.020
   4993.24     0.020
   4993.36     0.020
   4993.48     0.020
   4993.60     0.020
   4993.66     0.020
   4993.78     0.020
   4993.90     0.020
   4994.02     0.020
   4994.14     0.020
   4994.20     0.020
   4994.32     0.020
   4994.44     0.020
   4994.56     0.020
   4994.68     0.020
   4994.80     0.020
   4994.86     0.020
   4994.98     0.020
   4995.10     0.020
   4995.22     0.020
   4995.34     0.020
   4995.40     0.020
   4995.52     0.020
   4995.64     0.020
   4995.76     0.020
   4995.88     0.020
   4996.00     0.020
   4996.06     0.020
   4996.18     0.020
   4996.30     0.020
   4996.42     0.020
   4996.54     0.020
   4996.66     0.020
   4996.72     0.020
   4996.84     0.020
   4996.96     0.020
   4997.08     0.020
   4997.20     0.020
   4997.26     0.020
   4997.38     0.020
   4997.50     0.020
   4997.62     0.020
   4997.74     0.020
   4997.80     0.020
   4997.92     0.020
   4998.04     0.020
   4998.16     0.020
   4998.28     0.020
   4998.40     0.020
   4998.46     0.021
   4998.58     0.021
   4998.70     0.021
   4998.82     0.021
   4998.94     0.021
   4999.06     0.021
   4999.12     0.021
   4999.24     0.021
   4999.36     0.021
   4999.48     0.021
   4999.60     0.021
   4999.66     0.021
   4999.78     0.021
   4999.90     0.021
   5000.02     0.021
   5000.14     0.021
   5000.26     0.021
   5000.32     0.021
   5000.44     0.021
   5000.56     0.021
   5000.68     0.021
   5000.80     0.021
   5000.86     0.021
   5000.98     0.021
   5001.10     0.021
   5001.22     0.021
   5001.34     0.021
   5001.46     0.021
   5001.52     0.021
   5001.64     0.021
   5001.76     0.021
   5001.88     0.021
   5002.00     0.021
   5002.12     0.021
   5002.18     0.021
   5002.30     0.021
   5002.42     0.021
   5002.54     0.021
   5002.66     0.021
   5002.72     0.021
   5002.84     0.021
   5002.96     0.021
   5003.08     0.021
   5003.20     0.021
   5003.26     0.021
   5003.38     0.021
   5003.50     0.021
   5003.62     0.021
   5003.74     0.021
   5003.86     0.021
   5003.92     0.021
   5004.04     0.021
   5004.16     0.021
   5004.28     0.021
   5004.40     0.021
   5004.52     0.021
   5004.58     0.021
   5004.70     0.021
   5004.82     0.021
   5004.94     0.021
   5005.06     0.021
   5005.12     0.021
   5005.24     0.021
   5005.36     0.021
   5005.48     0.021
   5005.60     0.021
   5005.72     0.021
   5005.78     0.021
   5005.90     0.021
   5006.02     0.021
   5006.14     0.021
   5006.26     0.021
   5006.38     0.021
   5006.44     0.021
   5006.56     0.021
   5006.68     0.021
   5006.80     0.021
   5006.92     0.021
   5006.98     0.021
   5007.10     0.021
   5007.22     0.021
   5007.34     0.021
   5007.46     0.021
   5007.52     0.021
   5007.64     0.021
   5007.76     0.021
   5007.88     0.021
   5008.00     0.021
   5008.12     0.021
   5008.18     0.021
   5008.30     0.021
   5008.42     0.021
   5008.54     0.021
   5008.66     0.021
   5008.78     0.021
   5008.84     0.021
   5008.96     0.021
   5009.08     0.021
   5009.20     0.021
   5009.32     0.021
   5009.38     0.021
   5009.50     0.021
   5009.62     0.021
   5009.74     0.021
   5009.86     0.021
   5009.98     0.021
   5010.04     0.021
   5010.16     0.021
   5010.28     0.021
   5010.40     0.021
   5010.52     0.021
   5010.58     0.021
   5010.70     0.021
   5010.82     0.021
   5010.94     0.021
   5011.06     0.021
   5011.18     0.021
   5011.24     0.021
   5011.36     0.021
   5011.48     0.021
   5011.60     0.021
   5011.72     0.021
   5011.78     0.021
   5011.90     0.021
   5012.02     0.021
   5012.14     0.021
   5012.26     0.021
   5012.38     0.021
   5012.44     0.021
   5012.56     0.021
   5012.68     0.021
   5012.80     0.021
   5012.92     0.021
   5013.04     0.021
   5013.10     0.021
   5013.22     0.021
   5013.34     0.021
   5013.46     0.021
   5013.58     0.021
   5013.64     0.021
   5013.76     0.021
   5013.88     0.021
   5014.00     0.021
   5014.12     0.021
   5014.24     0.021
   5014.30     0.021
   5014.42     0.021
   5014.54     0.021
   5014.66     0.021
   5014.78     0.021
   5014.84     0.021
   5014.96     0.021
   5015.08     0.021
   5015.20     0.021
   5015.32     0.021
   5015.44     0.021
   5015.50     0.021
   5015.62     0.021
   5015.74     0.021
   5015.86     0.021
   5015.98     0.021
   5016.04     0.021
   5016.16     0.021
   5016.28     0.021
   5016.40     0.021
   5016.52     0.021
   5016.64     0.021
   5016.70     0.021
   5016.82     0.021
   5016.94     0.021
   5017.06     0.021
   5017.18     0.021
   5017.24     0.021
   5017.36     0.021
   5017.48     0.021
   5017.60     0.021
   5017.72     0.021
   5017.84     0.021
   5017.90     0.021
   5018.02     0.021
   5018.14     0.021
   5018.26     0.021
   5018.38     0.021
   5018.44     0.021
   5018.56     0.021
   5018.68     0.021
   5018.80     0.021
   5018.92     0.021
   5019.04     0.021
   5019.10     0.021
   5019.22     0.021
   5019.34     0.021
   5019.46     0.021
   5019.58     0.021
   5019.64     0.021
   5019.76     0.021
   5019.88     0.021
   5020.00     0.021
   5020.12     0.021
   5020.24     0.021
   5020.30     0.021
   5020.42     0.021
   5020.54     0.021
   5020.66     0.021
   5020.78     0.021
   5020.90     0.021
   5020.96     0.021
   5021.08     0.021
   5021.20     0.021
   5021.32     0.021
   5021.44     0.021
   5021.50     0.021
   5021.62     0.021
   5021.74     0.021
   5021.86     0.021
   5021.98     0.021
   5022.10     0.021
   5022.16     0.021
   5022.28     0.021
   5022.40     0.021
   5022.52     0.021
   5022.64     0.021
   5022.76     0.021
   5022.82     0.021
   5022.94     0.021
   5023.06     0.021
   5023.18     0.021
   5023.30     0.021
   5023.36     0.021
   5023.48     0.021
   5023.60     0.021
   5023.72     0.021
   5023.84     0.021
   5023.90     0.021
   5024.02     0.021
   5024.14     0.021
   5024.26     0.021
   5024.38     0.021
   5024.50     0.021
   5024.56     0.021
   5024.68     0.021
   5024.80     0.021
   5024.92     0.021
   5025.04     0.021
   5025.16     0.021
   5025.22     0.021
   5025.34     0.021
   5025.46     0.021
   5025.58     0.021
   5025.70     0.021
   5025.76     0.021
   5025.88     0.021
   5026.00     0.021
   5026.12     0.021
   5026.24     0.021
   5026.36     0.021
   5026.42     0.021
   5026.54     0.021
   5026.66     0.021
   5026.78     0.021
   5026.90     0.021
   5026.96     0.021
   5027.08     0.021
   5027.20     0.021
   5027.32     0.021
   5027.44     0.021
   5027.56     0.021
   5027.62     0.021
   5027.74     0.021
   5027.86     0.021
   5027.98     0.021
   5028.10     0.021
   5028.16     0.021
   5028.28     0.021
   5028.40     0.021
   5028.52     0.021
   5028.64     0.021
   5028.76     0.021
   5028.82     0.021
   5028.94     0.021
   5029.06     0.021
   5029.18     0.021
   5029.66     0.021
   5029.72     0.021
   5029.84     0.021
   5029.96     0.021
   5030.02     0.021
   5030.14     0.021
   5030.26     0.021
   5030.38     0.021
   5030.50     0.021
   5030.62     0.022
   5030.68     0.022
   5030.80     0.022
   5030.92     0.022
   5031.04     0.022
   5031.16     0.022
   5031.22     0.022
   5031.34     0.022
   5031.46     0.022
   5031.58     0.021
   5031.70     0.022
   5031.82     0.022
   5031.88     0.022
   5032.00     0.022
   5032.12     0.021
   5032.24     0.022
   5032.36     0.022
   5032.42     0.021
   5032.54     0.021
   5032.66     0.021
   5032.78     0.021
   5032.90     0.021
   5033.02     0.021
   5033.08     0.021
   5033.20     0.021
   5033.32     0.021
   5033.44     0.021
   5033.56     0.021
   5033.68     0.021
   5033.74     0.021
   5033.86     0.021
   5033.98     0.021
   5034.10     0.021
   5034.22     0.021
   5034.28     0.021
   5034.40     0.021
   5034.52     0.021
   5034.64     0.021
   5034.76     0.021
   5034.88     0.021
   5034.94     0.021
   5035.06     0.021
   5035.18     0.021
   5035.30     0.021
   5035.42     0.022
   5035.48     0.022
   5035.60     0.022
   5035.72     0.022
   5035.84     0.022
   5035.96     0.022
   5036.02     0.022
   5036.14     0.022
   5036.26     0.022
   5036.38     0.022
   5036.50     0.022
   5036.62     0.022
   5036.68     0.022
   5036.80     0.022
   5036.92     0.022
   5037.04     0.022
   5037.16     0.022
   5037.28     0.022
   5037.34     0.022
   5037.46     0.022
   5037.58     0.022
   5037.70     0.022
   5037.82     0.022
   5037.88     0.022
   5038.00     0.022
   5038.12     0.022
   5038.24     0.022
   5038.36     0.022
   5038.48     0.022
   5038.54     0.022
   5038.66     0.022
   5038.78     0.022
   5038.90     0.022
   5039.02     0.022
   5039.14     0.022
   5039.20     0.022
   5039.32     0.022
   5039.44     0.022
   5039.56     0.022
   5039.68     0.022
   5039.74     0.022
   5039.86     0.022
   5039.98     0.022
   5040.10     0.022
   5040.22     0.022
   5040.28     0.022
   5040.40     0.022
   5040.52     0.022
   5040.64     0.022
   5040.76     0.022
   5040.88     0.022
   5040.94     0.022
   5041.06     0.022
   5041.18     0.022
   5041.30     0.022
   5041.42     0.022
   5041.54     0.022
   5041.60     0.022
   5041.72     0.022
   5041.84     0.022
   5041.96     0.022
   5042.08     0.022
   5042.14     0.022
   5042.26     0.022
   5042.38     0.022
   5042.50     0.022
   5042.62     0.022
   5042.74     0.022
   5042.80     0.022
   5042.92     0.022
   5043.04     0.022
   5043.16     0.022
   5043.28     0.022
   5043.40     0.022
   5043.46     0.022
   5043.58     0.022
   5043.70     0.022
   5043.82     0.022
   5043.94     0.022
   5044.00     0.022
   5044.12     0.022
   5044.24     0.022
   5044.36     0.022
   5044.48     0.022
   5044.54     0.022
   5044.66     0.022
   5044.78     0.022
   5044.90     0.022
   5045.02     0.022
   5045.14     0.022
   5045.20     0.022
   5045.32     0.022
   5045.44     0.022
   5045.56     0.022
   5045.68     0.022
   5045.74     0.022
   5045.86     0.022
   5045.98     0.022
   5046.10     0.022
   5046.22     0.022
   5046.34     0.022
   5046.40     0.022
   5046.52     0.022
   5046.64     0.022
   5046.76     0.022
   5046.88     0.022
   5047.00     0.022
   5047.06     0.022
   5047.18     0.022
   5047.30     0.022
   5047.42     0.022
   5047.54     0.022
   5047.60     0.022
   5047.72     0.022
   5047.84     0.022
   5047.96     0.022
   5048.08     0.022
   5048.20     0.022
   5048.26     0.022
   5048.38     0.022
   5048.50     0.022
   5048.62     0.022
   5048.74     0.022
   5048.80     0.022
   5048.92     0.022
   5049.04     0.022
   5049.16     0.022
   5049.28     0.022
   5049.40     0.022
   5049.46     0.022
   5049.58     0.022
   5049.70     0.022
   5049.82     0.022
   5049.94     0.022
   5050.06     0.022
   5050.12     0.022
   5050.24     0.022
   5050.36     0.022
   5050.48     0.022
   5050.60     0.022
   5050.66     0.022
   5050.78     0.022
   5050.90     0.022
   5051.02     0.022
   5051.14     0.022
   5051.26     0.022
   5051.32     0.022
   5051.44     0.022
   5051.56     0.022
   5051.68     0.022
   5051.80     0.022
   5051.86     0.022
   5051.98     0.022
   5052.10     0.022
   5052.22     0.022
   5052.34     0.022
   5052.40     0.022
   5052.52     0.022
   5052.64     0.022
   5052.76     0.022
   5052.88     0.022
   5053.00     0.022
   5053.06     0.022
   5053.18     0.022
   5053.30     0.022
   5053.42     0.022
   5053.54     0.022
   5053.66     0.022
   5053.72     0.022
   5053.84     0.022
   5053.96     0.022
   5054.08     0.022
   5054.20     0.022
   5054.26     0.022
   5054.38     0.022
   5054.50     0.022
   5054.62     0.022
   5054.74     0.022
   5054.86     0.022
   5054.92     0.022
   5055.04     0.022
   5055.16     0.022
   5055.28     0.022
   5055.40     0.022
   5055.52     0.022
   5055.58     0.022
   5055.70     0.022
   5055.82     0.022
   5055.94     0.022
   5056.06     0.022
   5056.12     0.022
   5056.24     0.022
   5056.36     0.022
   5056.48     0.022
   5056.60     0.022
   5056.66     0.022
   5056.78     0.022
   5056.90     0.022
   5057.02     0.022
   5057.14     0.022
   5057.26     0.022
   5057.32     0.022
   5057.44     0.022
   5057.56     0.022
   5057.68     0.022
   5057.80     0.022
   5057.92     0.022
   5057.98     0.022
   5058.10     0.022
   5058.22     0.022
   5058.34     0.022
   5058.46     0.022
   5058.52     0.022
   5058.64     0.022
   5058.76     0.022
   5058.88     0.022
   5059.00     0.022
   5059.12     0.022
   5059.18     0.022
   5059.30     0.022
   5059.42     0.022
   5059.54     0.022
   5059.66     0.022
   5059.78     0.022
   5059.84     0.022
   5059.96     0.022
   5060.08     0.022
   5060.20     0.022
   5060.32     0.022
   5060.38     0.022
   5060.50     0.022
   5060.62     0.022
   5060.74     0.022
   5060.86     0.022
   5060.92     0.022
   5061.04     0.022
   5061.16     0.022
   5061.28     0.022
   5061.40     0.022
   5061.52     0.022
   5061.58     0.022
   5061.70     0.022
   5061.82     0.022
   5061.94     0.022
   5062.06     0.022
   5062.18     0.022
   5062.24     0.022
   5062.36     0.022
   5062.48     0.022
   5062.60     0.022
   5062.72     0.022
   5062.78     0.022
   5062.90     0.022
   5063.02     0.022
   5063.14     0.022
   5063.26     0.022
   5063.38     0.022
   5063.44     0.022
   5063.56     0.022
   5063.68     0.022
   5063.80     0.022
   5063.92     0.022
   5063.98     0.022
   5064.10     0.022
   5064.22     0.022
   5064.34     0.022
   5064.46     0.022
   5064.58     0.022
   5064.64     0.022
   5064.76     0.022
   5064.88     0.022
   5065.00     0.022
   5065.12     0.022
   5065.18     0.022
   5065.30     0.022
   5065.42     0.022
   5065.54     0.022
   5065.66     0.022
   5065.78     0.022
   5065.84     0.022
   5065.96     0.022
   5066.08     0.022
   5066.20     0.022
   5066.32     0.022
   5066.44     0.022
   5066.50     0.022
   5066.62     0.022
   5066.74     0.022
   5066.86     0.022
   5066.98     0.022
   5067.04     0.022
   5067.16     0.022
   5067.28     0.022
   5067.40     0.022
   5067.52     0.022
   5067.64     0.022
   5067.70     0.022
   5067.82     0.022
   5067.94     0.022
   5068.06     0.022
   5068.18     0.022
   5068.24     0.022
   5068.36     0.022
   5068.48     0.022
   5068.60     0.022
   5068.72     0.022
   5068.78     0.022
   5068.90     0.022
   5069.02     0.022
   5069.14     0.022
   5069.26     0.022
   5069.38     0.022
   5069.44     0.022
   5069.56     0.022
   5069.68     0.022
   5069.80     0.022
   5069.92     0.022
   5070.04     0.022
   5070.10     0.022
   5070.22     0.022
   5070.34     0.022
   5070.46     0.022
   5070.58     0.023
   5070.70     0.022
   5070.76     0.023
   5070.88     0.023
   5071.00     0.023
   5071.12     0.023
   5071.24     0.023
   5071.30     0.023
   5071.42     0.023
   5071.54     0.022
   5071.66     0.022
   5071.78     0.022
   5071.84     0.022
   5071.96     0.022
   5072.08     0.023
   5072.20     0.022
   5072.32     0.022
   5072.44     0.022
   5072.50     0.022
   5072.62     0.022
   5072.74     0.022
   5072.86     0.022
   5072.98     0.022
   5073.04     0.022
   5073.16     0.022
   5073.28     0.022
   5073.40     0.022
   5073.52     0.022
   5073.64     0.022
   5073.70     0.022
   5073.82     0.022
   5073.94     0.022
   5074.06     0.022
   5074.18     0.022
   5074.30     0.022
   5074.36     0.022
   5074.48     0.022
   5074.60     0.022
   5074.72     0.022
   5074.84     0.022
   5074.96     0.022
   5075.02     0.022
   5075.14     0.022
   5075.26     0.022
   5075.38     0.023
   5075.50     0.023
   5075.56     0.023
   5075.68     0.023
   5075.80     0.023
   5075.92     0.023
   5076.04     0.023
   5076.16     0.023
   5076.22     0.022
   5076.34     0.023
   5076.46     0.023
   5076.58     0.023
   5076.70     0.023
   5076.76     0.023
   5076.88     0.023
   5077.00     0.023
   5077.12     0.023
   5077.24     0.023
   5077.30     0.023
   5077.42     0.023
   5077.54     0.023
   5077.66     0.023
   5077.78     0.023
   5077.90     0.023
   5077.96     0.023
   5078.08     0.023
   5078.20     0.023
   5078.32     0.023
   5078.44     0.023
   5078.56     0.023
   5078.62     0.023
   5078.74     0.023
   5078.86     0.023
   5078.98     0.023
   5079.10     0.023
   5079.16     0.023
   5079.28     0.023
   5079.40     0.023
   5079.52     0.023
   5079.64     0.023
   5079.76     0.023
   5079.82     0.023
   5079.94     0.023
   5080.06     0.023
   5080.18     0.023
   5080.30     0.023
   5080.36     0.023
   5080.48     0.023
   5080.60     0.023
   5080.72     0.023
   5080.84     0.023
   5080.90     0.023
   5081.02     0.023
   5081.14     0.023
   5081.26     0.023
   5081.38     0.023
   5081.50     0.023
   5081.56     0.023
   5081.68     0.023
   5081.80     0.023
   5081.92     0.023
   5082.04     0.023
   5082.16     0.023
   5082.22     0.023
   5082.34     0.023
   5082.46     0.023
   5082.58     0.023
   5082.70     0.023
   5082.76     0.023
   5082.88     0.023
   5083.00     0.023
   5083.12     0.023
   5083.24     0.023
   5083.36     0.023
   5083.42     0.023
   5083.54     0.023
   5083.66     0.023
   5083.78     0.023
   5083.90     0.023
   5084.02     0.023
   5084.08     0.023
   5084.20     0.023
   5084.32     0.023
   5084.44     0.023
   5084.56     0.023
   5084.62     0.023
   5084.74     0.023
   5084.86     0.023
   5084.98     0.023
   5085.10     0.023
   5085.22     0.023
   5085.28     0.023
   5085.40     0.023
   5085.52     0.023
   5085.64     0.023
   5085.76     0.023
   5085.82     0.023
   5085.94     0.023
   5086.06     0.023
   5086.18     0.023
   5086.30     0.023
   5086.42     0.023
   5086.48     0.023
   5086.60     0.023
   5086.72     0.023
   5086.84     0.023
   5086.96     0.023
   5087.08     0.023
   5087.14     0.023
   5087.26     0.023
   5087.38     0.023
   5087.50     0.023
   5087.62     0.023
   5087.68     0.023
   5087.80     0.023
   5087.92     0.023
   5088.04     0.023
   5088.16     0.023
   5088.22     0.023
   5088.34     0.023
   5088.46     0.023
   5088.58     0.023
   5088.70     0.023
   5088.82     0.023
   5088.88     0.023
   5089.00     0.023
   5089.12     0.023
   5089.24     0.023
   5089.36     0.023
   5089.42     0.023
   5089.54     0.023
   5089.66     0.023
   5089.78     0.023
   5089.90     0.023
   5090.02     0.023
   5090.08     0.023
   5090.20     0.023
   5090.32     0.023
   5090.44     0.023
   5090.56     0.023
   5090.68     0.023
   5090.74     0.023
   5090.86     0.023
   5090.98     0.023
   5091.10     0.023
   5091.22     0.023
   5091.28     0.023
   5091.40     0.023
   5091.52     0.023
   5091.64     0.023
   5091.76     0.023
   5091.88     0.023
   5091.94     0.023
   5092.06     0.023
   5092.18     0.023
   5092.30     0.023
   5092.42     0.023
   5092.48     0.023
   5092.60     0.023
   5092.72     0.023
   5092.84     0.023
   5092.96     0.023
   5093.08     0.023
   5093.14     0.023
   5093.26     0.023
   5093.38     0.023
   5093.50     0.023
   5093.62     0.023
   5093.68     0.023
   5093.80     0.023
   5093.92     0.023
   5094.04     0.023
   5094.16     0.023
   5094.28     0.023
   5094.34     0.023
   5094.46     0.023
   5094.58     0.023
   5094.70     0.023
   5094.82     0.023
   5094.88     0.023
   5095.00     0.023
   5095.12     0.023
   5095.24     0.023
   5095.36     0.023
   5095.48     0.023
   5095.54     0.023
   5095.66     0.023
   5095.78     0.023
   5095.90     0.023
   5096.02     0.023
   5096.14     0.023
   5096.20     0.023
   5096.32     0.023
   5096.44     0.023
   5096.56     0.023
   5096.68     0.023
   5096.74     0.023
   5096.86     0.023
   5096.98     0.023
   5097.10     0.023
   5097.22     0.023
   5097.34     0.023
   5097.40     0.023
   5097.52     0.023
   5097.64     0.023
   5097.76     0.023
   5097.88     0.023
   5097.94     0.023
   5098.06     0.023
   5098.18     0.023
   5098.30     0.023
   5098.42     0.023
   5098.54     0.023
   5098.60     0.023
   5098.72     0.023
   5098.84     0.023
   5098.96     0.023
   5099.08     0.023
   5099.14     0.023
   5099.26     0.023
   5099.38     0.023
   5099.50     0.023
   5099.62     0.023
   5099.74     0.023
   5099.80     0.023
   5099.92     0.023
   5100.04     0.023
   5100.16     0.023
   5100.28     0.023
   5100.40     0.023
   5100.46     0.023
   5100.58     0.023
   5100.70     0.023
   5100.82     0.023
   5100.94     0.023
   5101.00     0.023
   5101.12     0.023
   5101.24     0.023
   5101.36     0.023
   5101.48     0.023
   5101.60     0.023
   5101.66     0.023
   5101.78     0.023
   5101.90     0.023
   5102.02     0.023
   5102.14     0.023
   5102.20     0.023
   5102.32     0.023
   5102.44     0.023
   5102.56     0.023
   5102.68     0.023
   5102.80     0.023
   5102.86     0.023
   5102.98     0.023
   5103.10     0.023
   5103.22     0.023
   5103.34     0.023
   5103.40     0.023
   5103.52     0.023
   5103.64     0.023
   5103.76     0.023
   5103.88     0.023
   5104.00     0.023
   5104.06     0.023
   5104.18     0.023
   5104.30     0.023
   5104.42     0.023
   5104.54     0.023
   5104.60     0.023
   5104.72     0.023
   5104.84     0.023
   5104.96     0.023
   5105.08     0.023
   5105.20     0.023
   5105.26     0.023
   5105.38     0.023
   5105.50     0.023
   5105.62     0.023
   5105.74     0.023
   5105.80     0.023
   5105.92     0.023
   5106.04     0.023
   5106.16     0.023
   5106.28     0.023
   5106.40     0.023
   5106.46     0.023
   5106.58     0.023
   5106.70     0.023
   5106.82     0.023
   5106.94     0.023
   5107.06     0.023
   5107.12     0.023
   5107.24     0.023
   5107.36     0.023
   5107.48     0.023
   5107.60     0.023
   5107.66     0.023
   5107.78     0.023
   5107.90     0.023
   5108.02     0.023
   5108.14     0.023
   5108.26     0.023
   5108.32     0.023
   5108.44     0.023
   5108.56     0.023
   5108.68     0.023
   5108.80     0.023
   5108.86     0.023
   5108.98     0.023
   5109.10     0.023
   5109.22     0.023
   5109.34     0.023
   5109.46     0.023
   5109.52     0.023
   5109.64     0.023
   5109.76     0.023
   5109.88     0.023
   5110.00     0.023
   5110.06     0.023
   5110.18     0.023
   5110.30     0.023
   5110.42     0.023
   5110.54     0.023
   5110.66     0.023
   5110.72     0.023
   5110.84     0.023
   5110.96     0.023
   5111.08     0.023
   5111.20     0.023
   5111.32     0.023
   5111.38     0.023
   5111.50     0.023
   5111.62     0.023
   5111.74     0.023
   5111.86     0.024
   5111.92     0.024
   5112.04     0.024
   5112.16     0.024
   5112.28     0.024
   5112.40     0.024
   5112.52     0.024
   5112.58     0.024
   5112.70     0.024
   5112.82     0.024
   5112.94     0.024
   5113.06     0.024
   5113.12     0.024
   5113.24     0.024
   5113.36     0.024
   5113.48     0.024
   5113.60     0.024
   5113.72     0.024
   5113.78     0.024
   5113.90     0.024
   5114.02     0.024
   5114.14     0.024
   5114.26     0.024
   5114.32     0.024
   5114.44     0.024
   5114.56     0.024
   5114.68     0.024
   5114.80     0.024
   5114.92     0.024
   5114.98     0.024
   5115.10     0.024
   5115.22     0.024
   5115.34     0.024
   5115.46     0.024
   5115.52     0.024
   5115.64     0.024
   5115.76     0.024
   5115.88     0.024
   5116.00     0.024
   5116.12     0.024
   5116.18     0.024
   5116.30     0.024
   5116.42     0.024
   5116.54     0.024
   5116.66     0.024
   5116.78     0.024
   5116.84     0.024
   5116.96     0.024
   5117.08     0.024
   5117.20     0.024
   5117.32     0.024
   5117.38     0.024
   5117.50     0.024
   5117.62     0.024
   5117.74     0.024
   5117.86     0.024
   5117.98     0.024
   5118.04     0.024
   5118.16     0.024
   5118.28     0.024
   5118.40     0.024
   5118.52     0.024
   5118.58     0.024
   5118.70     0.024
   5118.82     0.024
   5118.94     0.024
   5119.06     0.024
   5119.18     0.024
   5119.24     0.024
   5119.36     0.024
   5119.48     0.024
   5119.60     0.024
   5119.72     0.024
   5119.78     0.024
   5119.90     0.024
   5120.02     0.024
   5120.14     0.024
   5120.26     0.024
   5120.38     0.024
   5120.44     0.024
   5120.56     0.024
   5120.68     0.024
   5120.80     0.024
   5120.92     0.024
   5120.98     0.024
   5121.10     0.024
   5121.22     0.024
   5121.34     0.024
   5121.46     0.024
   5121.58     0.024
   5121.64     0.024
   5121.76     0.024
   5121.88     0.024
   5122.00     0.024
   5122.12     0.024
   5122.18     0.024
   5122.30     0.024
   5122.42     0.024
   5122.54     0.024
   5122.66     0.024
   5122.78     0.024
   5122.84     0.024
   5122.96     0.024
   5123.08     0.024
   5123.20     0.024
   5123.32     0.024
   5123.44     0.024
   5123.50     0.024
   5123.62     0.024
   5123.74     0.024
   5123.86     0.024
   5123.98     0.024
   5124.04     0.024
   5124.16     0.024
   5124.28     0.024
   5124.40     0.024
   5124.52     0.024
   5124.64     0.024
   5124.70     0.024
   5124.82     0.024
   5124.94     0.024
   5125.06     0.024
   5125.18     0.024
   5125.24     0.024
   5125.36     0.024
   5125.48     0.024
   5125.60     0.024
   5125.72     0.024
   5125.84     0.024
   5125.90     0.024
   5126.02     0.024
   5126.14     0.024
   5126.26     0.024
   5126.38     0.024
   5126.44     0.024
   5126.56     0.024
   5126.68     0.024
   5126.80     0.024
   5126.92     0.024
   5127.04     0.024
   5127.10     0.024
   5127.22     0.024
   5127.34     0.024
   5127.46     0.024
   5127.58     0.024
   5127.70     0.024
   5127.76     0.024
   5127.88     0.024
   5128.00     0.024
   5128.12     0.024
   5128.24     0.024
   5128.30     0.024
   5128.42     0.024
   5128.54     0.024
   5128.66     0.024
   5128.78     0.024
   5128.90     0.024
   5128.96     0.024
   5129.08     0.024
   5129.20     0.024
   5129.32     0.024
   5129.44     0.024
   5129.50     0.024
   5129.62     0.024
   5129.74     0.024
   5129.86     0.024
   5129.98     0.024
   5130.10     0.024
   5130.16     0.024
   5130.28     0.024
   5130.40     0.024
   5130.52     0.024
   5130.64     0.024
   5130.70     0.024
   5130.82     0.024
   5130.94     0.024
   5131.06     0.024
   5131.18     0.024
   5131.30     0.024
   5131.36     0.024
   5131.48     0.024
   5131.60     0.024
   5131.72     0.024
   5131.84     0.024
   5131.96     0.024
   5132.02     0.024
   5132.14     0.024
   5132.26     0.024
   5132.38     0.024
   5132.50     0.024
   5132.56     0.024
   5132.68     0.024
   5132.80     0.024
   5132.92     0.024
   5133.04     0.024
   5133.10     0.024
   5133.22     0.024
   5133.34     0.024
   5133.46     0.024
   5133.58     0.024
   5133.70     0.024
   5133.76     0.024
   5133.88     0.024
   5134.00     0.024
   5134.12     0.024
   5134.24     0.024
   5134.36     0.024
   5134.42     0.024
   5134.54     0.024
   5134.66     0.024
   5134.78     0.024
   5134.90     0.024
   5134.96     0.024
   5135.08     0.024
   5135.20     0.024
   5135.32     0.024
   5135.44     0.024
   5135.56     0.024
   5135.62     0.024
   5135.74     0.024
   5135.86     0.024
   5135.98     0.024
   5136.10     0.024
   5136.16     0.024
   5136.28     0.024
   5136.40     0.024
   5136.52     0.024
   5136.64     0.024
   5136.76     0.024
   5136.82     0.024
   5136.94     0.024
   5137.06     0.024
   5137.18     0.024
   5137.30     0.024
   5137.42     0.024
   5137.48     0.024
   5137.60     0.024
   5137.72     0.024
   5137.84     0.024
   5137.96     0.024
   5138.02     0.024
   5138.14     0.024
   5138.26     0.024
   5138.38     0.024
   5138.50     0.024
   5138.56     0.024
   5138.68     0.024
   5139.16     0.024
   5139.22     0.024
   5139.34     0.024
   5139.46     0.024
   5139.58     0.024
   5139.70     0.024
   5139.82     0.024
   5139.88     0.024
   5140.00     0.024
   5140.12     0.024
   5140.24     0.024
   5140.36     0.024
   5140.42     0.024
   5140.54     0.024
   5140.66     0.024
   5140.78     0.024
   5140.90     0.024
   5141.02     0.024
   5141.08     0.024
   5141.20     0.024
   5141.32     0.024
   5141.44     0.024
   5141.56     0.024
   5141.62     0.024
   5141.74     0.024
   5141.86     0.024
   5141.98     0.024
   5142.10     0.024
   5142.22     0.024
   5142.28     0.024
   5142.40     0.024
   5142.52     0.024
   5142.64     0.024
   5142.76     0.024
   5142.82     0.024
   5142.94     0.024
   5143.06     0.024
   5143.18     0.024
   5143.30     0.024
   5143.42     0.024
   5143.48     0.024
   5143.60     0.024
   5143.72     0.024
   5143.84     0.024
   5143.96     0.024
   5144.02     0.024
   5144.14     0.024
   5144.26     0.024
   5144.38     0.024
   5144.50     0.024
   5144.62     0.024
   5144.68     0.024
   5144.80     0.025
   5144.92     0.025
   5145.04     0.025
   5145.16     0.025
   5145.28     0.025
   5145.34     0.025
   5145.46     0.025
   5145.58     0.025
   5145.70     0.025
   5145.82     0.025
   5145.88     0.025
   5146.00     0.025
   5146.12     0.025
   5146.24     0.025
   5146.36     0.025
   5146.42     0.025
   5146.54     0.025
   5146.66     0.025
   5146.78     0.025
   5146.90     0.025
   5147.02     0.025
   5147.08     0.025
   5147.20     0.025
   5147.32     0.025
   5147.44     0.025
   5147.56     0.025
   5147.68     0.025
   5147.74     0.025
   5147.86     0.025
   5147.98     0.025
   5148.10     0.025
   5148.22     0.025
   5148.28     0.025
   5148.40     0.025
   5148.52     0.025
   5148.64     0.025
   5148.76     0.025
   5148.88     0.025
   5148.94     0.025
   5149.06     0.025
   5149.18     0.025
   5149.30     0.025
   5149.42     0.025
   5149.48     0.025
   5149.60     0.025
   5149.72     0.025
   5149.84     0.025
   5149.96     0.025
   5150.08     0.025
   5150.14     0.025
   5150.26     0.025
   5150.38     0.025
   5150.50     0.025
   5150.62     0.025
   5150.74     0.025
   5150.80     0.025
   5150.92     0.025
   5151.04     0.025
   5151.16     0.025
   5151.28     0.025
   5151.34     0.025
   5151.46     0.025
   5151.58     0.025
   5151.70     0.025
   5151.82     0.025
   5151.94     0.025
   5152.00     0.025
   5152.12     0.025
   5152.24     0.025
   5152.36     0.025
   5152.48     0.025
   5152.54     0.025
   5152.66     0.025
   5152.78     0.025
   5152.90     0.025
   5153.02     0.025
   5153.14     0.025
   5153.20     0.025
   5153.32     0.025
   5153.44     0.025
   5153.56     0.025
   5153.68     0.025
   5153.74     0.025
   5153.86     0.025
   5153.98     0.025
   5154.10     0.025
   5154.22     0.025
   5154.34     0.025
   5154.40     0.025
   5154.52     0.025
   5154.64     0.025
   5154.76     0.025
   5154.88     0.025
   5154.94     0.025
   5155.06     0.025
   5155.18     0.025
   5155.30     0.025
   5155.42     0.025
   5155.54     0.025
   5155.60     0.025
   5155.72     0.025
   5155.84     0.025
   5155.96     0.025
   5156.08     0.025
   5156.20     0.025
   5156.26     0.025
   5156.38     0.025
   5156.50     0.025
   5156.62     0.025
   5156.74     0.025
   5156.80     0.025
   5156.92     0.025
   5157.04     0.025
   5157.16     0.025
   5157.28     0.025
   5157.40     0.025
   5157.46     0.025
   5157.58     0.025
   5157.70     0.025
   5157.82     0.025
   5157.94     0.025
   5158.00     0.025
   5158.12     0.025
   5158.24     0.025
   5158.36     0.025
   5158.48     0.025
   5158.60     0.025
   5158.66     0.025
   5158.78     0.025
   5158.90     0.025
   5159.02     0.025
   5159.14     0.025
   5159.20     0.025
   5159.32     0.025
   5159.44     0.025
   5159.56     0.025
   5159.68     0.025
   5159.80     0.025
   5159.86     0.025
   5159.98     0.025
   5160.10     0.025
   5160.22     0.025
   5160.34     0.025
   5160.40     0.025
   5160.52     0.025
   5160.64     0.025
   5160.76     0.025
   5160.88     0.025
   5161.00     0.025
   5161.06     0.025
   5161.18     0.025
   5161.30     0.025
   5161.42     0.025
   5161.54     0.025
   5161.60     0.025
   5161.72     0.025
   5161.84     0.025
   5161.96     0.025
   5162.08     0.025
   5162.20     0.025
   5162.26     0.025
   5162.38     0.025
   5162.50     0.025
   5162.62     0.025
   5162.74     0.025
   5162.86     0.025
   5162.92     0.025
   5163.04     0.025
   5163.16     0.025
   5163.28     0.025
   5163.40     0.025
   5163.46     0.025
   5163.58     0.025
   5163.70     0.025
   5163.82     0.025
   5163.94     0.025
   5164.06     0.025
   5164.12     0.025
   5164.24     0.025
   5164.36     0.025
   5164.48     0.025
   5164.60     0.025
   5164.72     0.025
   5164.78     0.025
   5164.90     0.025
   5165.02     0.025
   5165.14     0.025
   5165.26     0.025
   5165.32     0.025
   5165.44     0.025
   5165.56     0.025
   5165.68     0.025
   5165.80     0.025
   5165.86     0.025
   5165.98     0.025
   5166.10     0.025
   5166.22     0.025
   5166.34     0.025
   5166.46     0.025
   5166.52     0.025
   5166.64     0.025
   5166.76     0.025
   5166.88     0.025
   5167.00     0.025
   5167.06     0.025
   5167.18     0.025
   5167.30     0.025
   5167.42     0.025
   5167.54     0.025
   5167.66     0.025
   5167.72     0.025
   5167.84     0.025
   5167.96     0.025
   5168.08     0.025
   5168.20     0.025
   5168.32     0.025
   5168.38     0.025
   5168.50     0.025
   5168.62     0.025
   5168.74     0.025
   5168.86     0.025
   5168.92     0.025
   5169.04     0.025
   5169.16     0.025
   5169.28     0.025
   5169.40     0.025
   5169.52     0.025
   5169.58     0.025
   5169.70     0.025
   5169.82     0.025
   5169.94     0.025
   5170.06     0.025
   5170.18     0.025
   5170.24     0.025
   5170.36     0.025
   5170.48     0.025
   5170.60     0.025
   5170.72     0.025
   5170.78     0.025
   5170.90     0.025
   5171.02     0.025
   5171.14     0.025
   5171.26     0.025
   5171.32     0.025
   5171.44     0.025
   5171.56     0.025
   5171.68     0.025
   5171.80     0.025
   5171.92     0.025
   5171.98     0.025
   5172.10     0.025
   5172.22     0.025
   5172.34     0.025
   5172.46     0.025
   5172.58     0.025
   5172.64     0.025
   5172.76     0.025
   5172.88     0.025
   5173.00     0.025
   5173.12     0.025
   5173.18     0.025
   5173.30     0.025
   5173.42     0.025
   5173.54     0.025
   5173.66     0.025
   5173.78     0.025
   5173.84     0.025
   5173.96     0.025
   5174.08     0.025
   5174.20     0.025
   5174.32     0.025
   5174.38     0.025
   5174.50     0.025
   5174.62     0.025
   5174.74     0.025
   5174.86     0.025
   5174.98     0.025
   5175.04     0.025
   5175.16     0.025
   5175.28     0.025
   5175.40     0.025
   5175.52     0.025
   5175.58     0.025
   5175.70     0.025
   5175.82     0.025
   5175.94     0.025
   5176.06     0.025
   5176.18     0.025
   5176.24     0.025
   5176.36     0.025
   5176.48     0.025
   5176.60     0.025
   5176.72     0.026
   5176.78     0.025
   5176.90     0.026
   5177.02     0.026
   5177.14     0.026
   5177.26     0.026
   5177.38     0.026
   5177.44     0.025
   5177.56     0.025
   5177.68     0.025
   5177.80     0.025
   5177.92     0.025
   5178.04     0.025
   5178.10     0.026
   5178.22     0.025
   5178.34     0.025
   5178.46     0.025
   5178.58     0.026
   5178.64     0.026
   5178.76     0.026
   5178.88     0.026
   5179.00     0.026
   5179.12     0.026
   5179.24     0.026
   5179.30     0.026
   5179.42     0.026
   5179.54     0.026
   5179.66     0.026
   5179.78     0.026
   5179.84     0.026
   5179.96     0.026
   5180.08     0.026
   5180.20     0.026
   5180.32     0.026
   5180.44     0.026
   5180.50     0.026
   5180.62     0.026
   5180.74     0.026
   5180.86     0.025
   5180.98     0.026
   5181.10     0.025
   5181.16     0.026
   5181.28     0.026
   5181.40     0.026
   5181.52     0.026
   5181.64     0.026
   5181.70     0.026
   5181.82     0.025
   5181.94     0.026
   5182.06     0.025
   5182.18     0.025
   5182.24     0.025
   5182.36     0.026
   5182.48     0.025
   5182.60     0.026
   5182.72     0.026
   5182.84     0.026
   5182.90     0.026
   5183.02     0.026
   5183.14     0.026
   5183.26     0.026
   5183.38     0.026
   5183.44     0.026
   5183.56     0.026
   5183.68     0.026
   5183.80     0.026
   5183.92     0.026
   5184.04     0.026
   5184.10     0.026
   5184.22     0.026
   5184.34     0.026
   5184.46     0.026
   5184.58     0.026
   5184.70     0.026
   5184.76     0.026
   5184.88     0.026
   5185.00     0.026
   5185.12     0.026
   5185.24     0.026
   5185.30     0.026
   5185.42     0.026
   5185.54     0.026
   5185.66     0.026
   5185.78     0.026
   5185.90     0.026
   5185.96     0.026
   5186.08     0.026
   5186.20     0.026
   5186.32     0.026
   5186.44     0.026
   5186.56     0.026
   5186.62     0.026
   5186.74     0.026
   5186.86     0.026
   5186.98     0.026
   5187.10     0.026
   5187.16     0.026
   5187.28     0.026
   5187.40     0.026
   5187.52     0.026
   5187.64     0.026
   5187.70     0.026
   5187.82     0.026
   5187.94     0.026
   5188.06     0.026
   5188.18     0.026
   5188.30     0.026
   5188.36     0.026
   5188.48     0.026
   5188.60     0.026
   5188.72     0.026
   5188.84     0.026
   5188.96     0.026
   5189.02     0.026
   5189.14     0.026
   5189.26     0.026
   5189.38     0.026
   5189.50     0.026
   5189.56     0.026
   5189.68     0.026
   5189.80     0.026
   5189.92     0.026
   5190.04     0.026
   5190.16     0.026
   5190.22     0.026
   5190.34     0.026
   5190.46     0.026
   5190.58     0.026
   5190.70     0.026
   5190.76     0.026
   5190.88     0.026
   5191.00     0.026
   5191.12     0.026
   5191.24     0.026
   5191.36     0.026
   5191.42     0.026
   5191.54     0.026
   5191.66     0.026
   5191.78     0.026
   5191.90     0.026
   5191.96     0.026
   5192.08     0.026
   5192.20     0.026
   5192.32     0.026
   5192.44     0.026
   5192.56     0.026
   5192.62     0.026
   5192.74     0.026
   5192.86     0.026
   5192.98     0.026
   5193.10     0.026
   5193.16     0.026
   5193.28     0.026
   5193.40     0.026
   5193.52     0.026
   5193.64     0.026
   5193.76     0.026
   5193.82     0.026
   5193.94     0.026
   5194.06     0.026
   5194.18     0.026
   5194.30     0.026
   5194.42     0.026
   5194.48     0.026
   5194.60     0.026
   5194.72     0.026
   5194.84     0.026
   5194.96     0.026
   5195.02     0.026
   5195.14     0.026
   5195.26     0.026
   5195.38     0.026
   5195.50     0.026
   5195.62     0.026
   5195.68     0.026
   5195.80     0.026
   5195.92     0.026
   5196.04     0.026
   5196.16     0.026
   5196.22     0.026
   5196.34     0.026
   5196.46     0.026
   5196.58     0.026
   5196.70     0.026
   5196.82     0.026
   5196.88     0.026
   5197.00     0.026
   5197.12     0.026
   5197.24     0.026
   5197.36     0.026
   5197.48     0.026
   5197.54     0.026
   5197.66     0.026
   5197.78     0.026
   5197.90     0.026
   5198.02     0.026
   5198.08     0.026
   5198.20     0.026
   5198.32     0.026
   5198.44     0.026
   5198.56     0.026
   5198.68     0.026
   5198.74     0.026
   5198.86     0.026
   5198.98     0.026
   5199.10     0.026
   5199.22     0.026
   5199.28     0.026
   5199.40     0.026
   5199.52     0.026
   5199.64     0.026
   5199.76     0.026
   5199.82     0.026
   5199.94     0.026
   5200.06     0.026
   5200.18     0.026
   5200.30     0.026
   5200.42     0.026
   5200.48     0.026
   5200.60     0.026
   5200.72     0.026
   5200.84     0.026
   5200.96     0.026
   5201.08     0.026
   5201.14     0.026
   5201.26     0.026
   5201.38     0.026
   5201.50     0.026
   5201.62     0.026
   5201.74     0.026
   5201.80     0.026
   5201.92     0.026
   5202.04     0.026
   5202.16     0.026
   5202.28     0.026
   5202.34     0.026
   5202.46     0.026
   5202.58     0.026
   5202.70     0.026
   5202.82     0.026
   5202.94     0.026
   5203.00     0.026
   5203.12     0.026
   5203.24     0.026
   5203.36     0.026
   5203.48     0.026
   5203.54     0.026
   5203.66     0.026
   5203.78     0.026
   5203.90     0.026
   5204.02     0.026
   5204.08     0.026
   5204.20     0.026
   5204.32     0.026
   5204.44     0.026
   5204.56     0.026
   5204.68     0.026
   5204.74     0.026
   5204.86     0.026
   5204.98     0.026
   5205.10     0.026
   5205.22     0.026
   5205.34     0.026
   5205.40     0.026
   5205.52     0.026
   5205.64     0.026
   5205.76     0.026
   5205.88     0.026
   5205.94     0.026
   5206.06     0.026
   5206.18     0.026
   5206.30     0.026
   5206.42     0.026
   5206.54     0.026
   5206.60     0.026
   5206.72     0.026
   5206.84     0.026
   5206.96     0.026
   5207.08     0.026
   5207.20     0.026
   5207.26     0.026
   5207.38     0.026
   5207.50     0.026
   5207.62     0.026
   5207.74     0.026
   5207.80     0.026
   5207.92     0.026
   5208.04     0.026
   5208.16     0.026
   5208.28     0.026
   5208.34     0.026
   5208.46     0.026
   5208.58     0.026
   5208.70     0.026
   5208.82     0.026
   5208.94     0.026
   5209.00     0.026
   5209.12     0.026
   5209.24     0.026
   5209.36     0.026
   5209.48     0.026
   5209.60     0.027
   5209.66     0.026
   5209.78     0.026
   5209.90     0.026
   5210.02     0.026
   5210.14     0.026
   5210.20     0.026
   5210.32     0.026
   5210.44     0.026
   5210.56     0.027
   5210.68     0.026
   5210.74     0.026
   5210.86     0.026
   5210.98     0.027
   5211.10     0.027
   5211.22     0.026
   5211.34     0.027
   5211.40     0.027
   5211.52     0.027
   5211.64     0.027
   5211.76     0.027
   5211.88     0.027
   5212.00     0.026
   5212.06     0.026
   5212.18     0.026
   5212.30     0.026
   5212.42     0.026
   5212.54     0.026
   5212.60     0.026
   5212.72     0.026
   5212.84     0.026
   5212.96     0.026
   5213.08     0.026
   5213.20     0.026
   5213.26     0.026
   5213.38     0.026
   5213.50     0.026
   5213.62     0.026
   5213.74     0.026
   5213.86     0.026
   5213.92     0.026
   5214.04     0.026
   5214.16     0.026
   5214.28     0.026
   5214.40     0.026
   5214.46     0.027
   5214.58     0.026
   5214.70     0.027
   5214.82     0.027
   5214.94     0.027
   5215.06     0.027
   5215.12     0.027
   5215.24     0.027
   5215.36     0.027
   5215.48     0.027
   5215.60     0.027
   5215.66     0.027
   5215.78     0.027
   5215.90     0.027
   5216.02     0.027
   5216.14     0.027
   5216.26     0.027
   5216.32     0.027
   5216.44     0.027
   5216.56     0.027
   5216.68     0.027
   5216.80     0.027
   5216.86     0.027
   5216.98     0.027
   5217.10     0.027
   5217.22     0.027
   5217.34     0.027
   5217.46     0.027
   5217.52     0.027
   5217.64     0.027
   5217.76     0.027
   5217.88     0.027
   5218.00     0.027
   5218.06     0.027
   5218.18     0.027
   5218.30     0.027
   5218.42     0.027
   5218.54     0.027
   5218.66     0.027
   5218.72     0.027
   5218.84     0.027
   5218.96     0.027
   5219.08     0.027
   5219.20     0.027
   5219.32     0.027
   5219.38     0.027
   5219.50     0.027
   5219.62     0.027
   5219.74     0.027
   5219.86     0.027
   5219.92     0.027
   5220.04     0.027
   5220.16     0.027
   5220.28     0.027
   5220.40     0.027
   5220.46     0.027
   5220.58     0.027
   5220.70     0.027
   5220.82     0.027
   5220.94     0.027
   5221.06     0.027
   5221.12     0.027
   5221.24     0.027
   5221.36     0.027
   5221.48     0.027
   5221.60     0.027
   5221.72     0.027
   5221.78     0.027
   5221.90     0.027
   5222.02     0.027
   5222.14     0.027
   5222.26     0.027
   5222.32     0.027
   5222.44     0.027
   5222.56     0.027
   5222.68     0.027
   5222.80     0.027
   5222.92     0.027
   5222.98     0.027
   5223.10     0.027
   5223.22     0.027
   5223.34     0.027
   5223.46     0.027
   5223.58     0.027
   5223.64     0.027
   5223.76     0.027
   5223.88     0.027
   5224.00     0.027
   5224.12     0.027
   5224.18     0.027
   5224.30     0.027
   5224.42     0.027
   5224.54     0.027
   5224.66     0.027
   5224.72     0.027
   5224.84     0.027
   5224.96     0.027
   5225.08     0.027
   5225.20     0.027
   5225.32     0.027
   5225.38     0.027
   5225.50     0.027
   5225.62     0.027
   5225.74     0.027
   5225.86     0.027
   5225.98     0.027
   5226.04     0.027
   5226.16     0.027
   5226.28     0.027
   5226.40     0.027
   5226.52     0.027
   5226.58     0.027
   5226.70     0.027
   5226.82     0.027
   5226.94     0.027
   5227.06     0.027
   5227.18     0.027
   5227.24     0.027
   5227.36     0.027
   5227.48     0.027
   5227.60     0.027
   5227.72     0.027
   5227.84     0.027
   5227.90     0.027
   5228.02     0.027
   5228.14     0.027
   5228.26     0.027
   5228.38     0.027
   5228.44     0.027
   5228.56     0.027
   5228.68     0.027
   5228.80     0.027
   5228.92     0.027
   5228.98     0.027
   5229.10     0.027
   5229.22     0.027
   5229.34     0.027
   5229.46     0.027
   5229.58     0.027
   5229.64     0.027
   5229.76     0.027
   5229.88     0.027
   5230.00     0.027
   5230.12     0.027
   5230.24     0.027
   5230.30     0.027
   5230.42     0.027
   5230.54     0.027
   5230.66     0.027
   5230.78     0.027
   5230.84     0.027
   5230.96     0.027
   5231.08     0.027
   5231.20     0.027
   5231.32     0.027
   5231.44     0.027
   5231.50     0.027
   5231.62     0.027
   5231.74     0.027
   5231.86     0.027
   5231.98     0.027
   5232.04     0.027
   5232.16     0.027
   5232.28     0.027
   5232.40     0.027
   5232.52     0.027
   5232.64     0.027
   5232.70     0.027
   5232.82     0.027
   5232.94     0.027
   5233.06     0.027
   5233.18     0.027
   5233.24     0.027
   5233.36     0.027
   5233.48     0.027
   5233.60     0.027
   5233.72     0.027
   5233.84     0.027
   5233.90     0.027
   5234.02     0.027
   5234.14     0.027
   5234.26     0.027
   5234.38     0.027
   5234.50     0.027
   5234.56     0.027
   5234.68     0.027
   5234.80     0.027
   5234.92     0.027
   5235.04     0.027
   5235.10     0.027
   5235.22     0.027
   5235.34     0.027
   5235.46     0.027
   5235.58     0.027
   5235.70     0.027
   5235.76     0.027
   5235.88     0.027
   5236.00     0.027
   5236.12     0.027
   5236.24     0.027
   5236.30     0.027
   5236.42     0.027
   5236.54     0.027
   5236.66     0.027
   5236.78     0.027
   5236.84     0.027
   5236.96     0.027
   5237.08     0.027
   5237.20     0.027
   5237.32     0.027
   5237.44     0.027
   5237.50     0.027
   5237.62     0.027
   5237.74     0.027
   5237.86     0.027
   5237.98     0.027
   5238.10     0.027
   5238.16     0.027
   5238.28     0.027
   5238.40     0.027
   5238.52     0.027
   5238.64     0.027
   5238.70     0.027
   5238.82     0.027
   5238.94     0.027
   5239.06     0.027
   5239.18     0.027
   5239.30     0.027
   5239.36     0.027
   5239.48     0.027
   5239.60     0.027
   5239.72     0.027
   5239.84     0.027
   5239.96     0.027
   5240.02     0.027
   5240.14     0.027
   5240.26     0.027
   5240.38     0.027
   5240.50     0.027
   5240.56     0.027
   5240.68     0.027
   5240.80     0.027
   5240.92     0.027
   5241.04     0.027
   5241.10     0.027
   5241.22     0.027
   5241.34     0.027
   5241.46     0.027
   5241.58     0.027
   5241.70     0.027
   5241.76     0.027
   5241.88     0.027
   5242.00     0.027
   5242.12     0.027
   5242.24     0.027
   5242.36     0.027
   5242.42     0.027
   5242.54     0.027
   5242.66     0.027
   5242.78     0.027
   5242.90     0.027
   5242.96     0.027
   5243.08     0.027
   5243.20     0.027
   5243.32     0.027
   5243.44     0.027
   5243.56     0.027
   5243.62     0.027
   5243.74     0.027
   5243.86     0.027
   5243.98     0.027
   5244.10     0.027
   5244.22     0.027
   5244.28     0.027
   5244.40     0.027
   5244.52     0.027
   5244.64     0.027
   5244.76     0.027
   5244.82     0.027
   5244.94     0.027
   5245.06     0.027
   5245.18     0.027
   5245.30     0.027
   5245.36     0.027
   5245.48     0.027
   5245.60     0.027
   5245.72     0.027
   5245.84     0.027
   5245.96     0.027
   5246.02     0.027
   5246.14     0.027
   5246.26     0.027
   5246.38     0.027
   5246.50     0.027
   5246.62     0.027
   5246.68     0.027
   5246.80     0.027
   5246.92     0.027
   5247.04     0.027
   5247.16     0.027
   5247.22     0.027
   5247.34     0.027
   5247.46     0.027
   5247.58     0.027
   5247.70     0.027
   5247.82     0.027
   5247.88     0.027
   5248.00     0.027
   5248.12     0.027
   5248.24     0.027
   5248.72     0.027
   5248.78     0.027
   5248.90     0.027
   5249.02     0.027
   5249.08     0.027
   5249.20     0.027
   5249.32     0.028
   5249.44     0.028
   5249.56     0.028
   5249.62     0.028
   5249.74     0.028
   5249.86     0.028
   5249.98     0.028
   5250.10     0.028
   5250.22     0.028
   5250.28     0.028
   5250.40     0.028
   5250.52     0.028
   5250.64     0.028
   5250.76     0.028
   5250.88     0.028
   5250.94     0.028
   5251.06     0.028
   5251.18     0.027
   5251.30     0.028
   5251.42     0.028
   5251.48     0.028
   5251.60     0.028
   5251.72     0.028
   5251.84     0.028
   5251.96     0.028
   5252.08     0.028
   5252.14     0.028
   5252.26     0.028
   5252.38     0.028
   5252.50     0.028
   5252.62     0.028
   5252.68     0.028
   5252.80     0.028
   5252.92     0.028
   5253.04     0.028
   5253.16     0.028
   5253.22     0.028
   5253.34     0.028
   5253.46     0.028
   5253.58     0.028
   5253.70     0.028
   5253.82     0.028
   5253.88     0.028
   5254.00     0.028
   5254.12     0.028
   5254.24     0.028
   5254.36     0.028
   5254.48     0.028
   5254.54     0.028
   5254.66     0.028
   5254.78     0.028
   5254.90     0.028
   5255.02     0.028
   5255.08     0.028
   5255.20     0.028
   5255.32     0.028
   5255.44     0.028
   5255.56     0.028
   5255.68     0.028
   5255.74     0.028
   5255.86     0.028
   5255.98     0.028
   5256.10     0.028
   5256.22     0.028
   5256.28     0.028
   5256.40     0.028
   5256.52     0.028
   5256.64     0.028
   5256.76     0.028
   5256.88     0.028
   5256.94     0.028
   5257.06     0.028
   5257.18     0.028
   5257.30     0.028
   5257.42     0.028
   5257.48     0.027
   5257.60     0.028
   5257.72     0.028
   5257.84     0.028
   5257.96     0.028
   5258.08     0.028
   5258.14     0.028
   5258.26     0.028
   5258.38     0.028
   5258.50     0.028
   5258.62     0.028
   5258.74     0.028
   5258.80     0.028
   5258.92     0.028
   5259.04     0.028
   5259.16     0.028
   5259.28     0.028
   5259.34     0.028
   5259.46     0.028
   5259.58     0.028
   5259.70     0.028
   5259.82     0.028
   5259.88     0.028
   5260.00     0.028
   5260.12     0.028
   5260.24     0.028
   5260.36     0.028
   5260.48     0.028
   5260.60     0.028
   5260.66     0.028
   5260.78     0.028
   5260.90     0.028
   5261.02     0.028
   5261.14     0.028
   5261.20     0.028
   5261.32     0.028
   5261.44     0.028
   5261.56     0.028
   5261.68     0.028
   5261.74     0.028
   5261.86     0.028
   5261.98     0.028
   5262.10     0.028
   5262.22     0.028
   5262.34     0.028
   5262.40     0.028
   5262.52     0.028
   5262.64     0.028
   5262.76     0.028
   5262.88     0.028
   5263.00     0.028
   5263.06     0.028
   5263.18     0.028
   5263.30     0.028
   5263.42     0.028
   5263.54     0.028
   5263.60     0.028
   5263.72     0.028
   5263.84     0.028
   5263.96     0.028
   5264.08     0.028
   5264.20     0.028
   5264.26     0.028
   5264.38     0.028
   5264.50     0.028
   5264.62     0.028
   5264.74     0.028
   5264.86     0.028
   5264.92     0.028
   5265.04     0.028
   5265.16     0.028
   5265.28     0.028
   5265.40     0.028
   5265.46     0.028
   5265.58     0.028
   5265.70     0.028
   5265.82     0.028
   5265.94     0.028
   5266.00     0.028
   5266.12     0.028
   5266.24     0.028
   5266.36     0.028
   5266.48     0.028
   5266.60     0.028
   5266.66     0.028
   5266.78     0.028
   5266.90     0.028
   5267.02     0.028
   5267.14     0.028
   5267.20     0.028
   5267.32     0.028
   5267.44     0.028
   5267.56     0.028
   5267.68     0.028
   5267.80     0.028
   5267.86     0.028
   5267.98     0.028
   5268.10     0.028
   5268.22     0.028
   5268.34     0.028
   5268.46     0.028
   5268.52     0.028
   5268.64     0.028
   5268.76     0.028
   5268.88     0.028
   5269.00     0.028
   5269.06     0.028
   5269.18     0.028
   5269.30     0.028
   5269.42     0.028
   5269.54     0.028
   5269.66     0.028
   5269.72     0.028
   5269.84     0.028
   5269.96     0.028
   5270.08     0.028
   5270.20     0.028
   5270.26     0.028
   5270.38     0.028
   5270.50     0.028
   5270.62     0.028
   5270.74     0.028
   5270.86     0.028
   5270.92     0.028
   5271.04     0.028
   5271.16     0.028
   5271.28     0.028
   5271.40     0.028
   5271.46     0.028
   5271.58     0.028
   5271.70     0.028
   5271.82     0.028
   5271.94     0.028
   5272.06     0.028
   5272.12     0.028
   5272.24     0.028
   5272.36     0.028
   5272.48     0.028
   5272.60     0.028
   5272.72     0.028
   5272.78     0.028
   5272.90     0.028
   5273.02     0.028
   5273.14     0.028
   5273.26     0.028
   5273.32     0.028
   5273.44     0.028
   5273.56     0.028
   5273.68     0.028
   5273.80     0.028
   5273.86     0.028
   5273.98     0.028
   5274.10     0.028
   5274.22     0.028
   5274.34     0.028
   5274.46     0.028
   5274.52     0.028
   5274.64     0.028
   5274.76     0.028
   5274.88     0.028
   5275.00     0.028
   5275.12     0.028
   5275.18     0.028
   5275.30     0.028
   5275.42     0.028
   5275.54     0.028
   5275.66     0.028
   5275.72     0.028
   5275.84     0.028
   5275.96     0.028
   5276.08     0.028
   5276.20     0.028
   5276.32     0.028
   5276.38     0.028
   5276.50     0.028
   5276.62     0.028
   5276.74     0.028
   5276.86     0.028
   5276.98     0.028
   5277.04     0.028
   5277.16     0.028
   5277.28     0.028
   5277.40     0.028
   5277.52     0.028
   5277.58     0.028
   5277.70     0.028
   5277.82     0.028
   5277.94     0.028
   5278.06     0.028
   5278.12     0.028
   5278.24     0.028
   5278.36     0.028
   5278.48     0.028
   5278.60     0.028
   5278.72     0.028
   5278.78     0.028
   5278.90     0.028
   5279.02     0.028
   5279.14     0.028
   5279.26     0.028
   5279.38     0.028
   5279.44     0.028
   5279.56     0.028
   5279.68     0.028
   5279.80     0.028
   5279.92     0.028
   5279.98     0.028
   5280.10     0.028
   5280.22     0.028
   5280.34     0.028
   5280.46     0.028
   5280.58     0.028
   5280.64     0.028
   5280.76     0.028
   5280.88     0.028
   5281.00     0.028
   5281.12     0.028
   5281.24     0.028
   5281.30     0.028
   5281.42     0.028
   5281.54     0.028
   5281.66     0.028
   5281.78     0.028
   5281.84     0.028
   5281.96     0.028
   5282.08     0.028
   5282.20     0.028
   5282.32     0.028
   5282.38     0.029
   5282.50     0.028
   5282.62     0.029
   5282.74     0.029
   5282.86     0.029
   5282.98     0.029
   5283.04     0.029
   5283.16     0.029
   5283.28     0.029
   5283.40     0.029
   5283.52     0.029
   5283.58     0.029
   5283.70     0.029
   5283.82     0.029
   5283.94     0.029
   5284.06     0.029
   5284.18     0.029
   5284.24     0.029
   5284.36     0.029
   5284.48     0.029
   5284.60     0.029
   5284.72     0.029
   5284.84     0.029
   5284.90     0.029
   5285.02     0.029
   5285.14     0.029
   5285.26     0.029
   5285.38     0.029
   5285.44     0.029
   5285.56     0.029
   5285.68     0.029
   5285.80     0.029
   5285.92     0.029
   5285.98     0.029
   5286.10     0.029
   5286.22     0.029
   5286.34     0.029
   5286.46     0.029
   5286.58     0.029
   5286.64     0.029
   5286.76     0.029
   5286.88     0.029
   5287.00     0.029
   5287.12     0.029
   5287.24     0.029
   5287.30     0.029
   5287.42     0.029
   5287.54     0.029
   5287.66     0.029
   5287.78     0.029
   5287.84     0.029
   5287.96     0.029
   5288.08     0.029
   5288.20     0.029
   5288.32     0.029
   5288.44     0.029
   5288.50     0.029
   5288.62     0.029
   5288.74     0.029
   5288.86     0.029
   5288.98     0.029
   5289.04     0.029
   5289.16     0.029
   5289.28     0.029
   5289.40     0.029
   5289.52     0.029
   5289.64     0.029
   5289.70     0.029
   5289.82     0.029
   5289.94     0.029
   5290.06     0.029
   5290.18     0.029
   5290.24     0.029
   5290.36     0.029
   5290.48     0.029
   5290.60     0.029
   5290.72     0.029
   5290.84     0.029
   5290.90     0.029
   5291.02     0.029
   5291.14     0.029
   5291.26     0.029
   5291.38     0.029
   5291.50     0.029
   5291.56     0.029
   5291.68     0.029
   5291.80     0.029
   5291.92     0.029
   5292.04     0.029
   5292.16     0.029
   5292.22     0.029
   5292.34     0.029
   5292.46     0.029
   5292.58     0.029
   5292.70     0.029
   5292.76     0.029
   5292.88     0.029
   5293.00     0.029
   5293.12     0.029
   5293.24     0.029
   5293.30     0.029
   5293.42     0.029
   5293.54     0.029
   5293.66     0.029
   5293.78     0.029
   5293.90     0.029
   5293.96     0.029
   5294.08     0.029
   5294.20     0.029
   5294.32     0.029
   5294.44     0.029
   5294.50     0.029
   5294.62     0.029
   5294.74     0.029
   5294.86     0.029
   5294.98     0.029
   5295.10     0.029
   5295.16     0.029
   5295.28     0.029
   5295.40     0.029
   5295.52     0.029
   5295.64     0.029
   5295.70     0.029
   5295.82     0.029
   5295.94     0.029
   5296.06     0.029
   5296.18     0.029
   5296.30     0.029
   5296.36     0.029
   5296.48     0.029
   5296.60     0.029
   5296.72     0.029
   5296.84     0.029
   5296.96     0.029
   5297.02     0.029
   5297.14     0.029
   5297.26     0.029
   5297.38     0.029
   5297.50     0.029
   5297.56     0.029
   5297.68     0.029
   5297.80     0.029
   5297.92     0.029
   5298.04     0.029
   5298.16     0.029
   5298.22     0.029
   5298.34     0.029
   5298.46     0.029
   5298.58     0.029
   5298.70     0.029
   5298.76     0.029
   5298.88     0.029
   5299.00     0.029
   5299.12     0.029
   5299.24     0.029
   5299.36     0.029
   5299.42     0.029
   5299.54     0.029
   5299.66     0.029
   5299.78     0.029
   5299.90     0.029
   5300.02     0.029
   5300.08     0.029
   5300.20     0.029
   5300.32     0.029
   5300.44     0.029
   5300.56     0.029
   5300.62     0.029
   5300.74     0.029
   5300.86     0.029
   5300.98     0.029
   5301.10     0.029
   5301.22     0.029
   5301.28     0.029
   5301.40     0.029
   5301.52     0.029
   5301.64     0.029
   5301.76     0.029
   5301.82     0.029
   5301.94     0.029
   5302.06     0.029
   5302.18     0.029
   5302.30     0.029
   5302.36     0.029
   5302.48     0.029
   5302.60     0.029
   5302.72     0.029
   5302.84     0.029
   5302.96     0.029
   5303.02     0.029
   5303.14     0.029
   5303.26     0.029
   5303.38     0.029
   5303.50     0.029
   5303.62     0.029
   5303.68     0.029
   5303.80     0.029
   5303.92     0.029
   5304.04     0.029
   5304.16     0.029
   5304.22     0.029
   5304.34     0.029
   5304.46     0.029
   5304.58     0.029
   5304.70     0.029
   5304.82     0.029
   5304.88     0.029
   5305.00     0.029
   5305.12     0.029
   5305.24     0.029
   5305.36     0.029
   5305.42     0.029
   5305.54     0.029
   5305.66     0.029
   5305.78     0.029
   5305.90     0.029
   5306.02     0.029
   5306.08     0.029
   5306.20     0.029
   5306.32     0.029
   5306.44     0.029
   5306.56     0.029
   5306.62     0.029
   5306.74     0.029
   5306.86     0.029
   5306.98     0.029
   5307.10     0.029
   5307.22     0.029
   5307.28     0.029
   5307.40     0.029
   5307.52     0.029
   5307.64     0.029
   5307.76     0.029
   5307.82     0.029
   5307.94     0.029
   5308.06     0.029
   5308.18     0.029
   5308.30     0.029
   5308.42     0.029
   5308.48     0.029
   5308.60     0.029
   5308.72     0.029
   5308.84     0.029
   5308.96     0.029
   5309.08     0.029
   5309.14     0.029
   5309.26     0.029
   5309.38     0.029
   5309.50     0.029
   5309.62     0.029
   5309.68     0.029
   5309.80     0.029
   5309.92     0.029
   5310.04     0.029
   5310.16     0.029
   5310.28     0.029
   5310.34     0.029
   5310.46     0.029
   5310.58     0.029
   5310.70     0.029
   5310.82     0.029
   5310.88     0.029
   5311.00     0.029
   5311.12     0.029
   5311.24     0.029
   5311.36     0.029
   5311.48     0.029
   5311.54     0.029
   5311.66     0.029
   5311.78     0.029
   5311.90     0.029
   5312.02     0.029
   5312.14     0.029
   5312.20     0.029
   5312.32     0.029
   5312.44     0.029
   5312.56     0.029
   5312.68     0.029
   5312.74     0.029
   5312.86     0.029
   5312.98     0.029
   5313.10     0.029
   5313.22     0.029
   5313.34     0.029
   5313.40     0.029
   5313.52     0.029
   5313.64     0.029
   5313.76     0.029
   5313.88     0.029
   5313.94     0.029
   5314.06     0.029
   5314.18     0.029
   5314.30     0.029
   5314.42     0.029
   5314.54     0.029
   5314.60     0.029
   5314.72     0.029
   5314.84     0.029
   5314.96     0.029
   5315.08     0.029
   5315.14     0.029
   5315.26     0.029
   5315.38     0.029
   5315.50     0.029
   5315.62     0.029
   5315.74     0.029
   5315.80     0.029
   5315.92     0.029
   5316.04     0.029
   5316.16     0.029
   5316.28     0.029
   5316.40     0.029
   5316.46     0.029
   5316.58     0.029
   5316.70     0.029
   5316.82     0.029
   5316.94     0.029
   5317.00     0.029
   5317.12     0.030
   5317.24     0.029
   5317.36     0.030
   5317.48     0.030
   5317.60     0.030
   5317.66     0.030
   5317.78     0.030
   5317.90     0.030
   5318.02     0.030
   5318.14     0.030
   5318.20     0.030
   5318.32     0.030
   5318.44     0.030
   5318.56     0.030
   5318.68     0.030
   5318.74     0.030
   5318.86     0.030
   5318.98     0.030
   5319.10     0.030
   5319.22     0.030
   5319.34     0.030
   5319.40     0.030
   5319.52     0.030
   5319.64     0.029
   5319.76     0.030
   5319.88     0.030
   5320.00     0.030
   5320.06     0.030
   5320.18     0.030
   5320.30     0.030
   5320.42     0.030
   5320.54     0.030
   5320.60     0.030
   5320.72     0.030
   5320.84     0.030
   5320.96     0.030
   5321.08     0.030
   5321.20     0.030
   5321.26     0.030
   5321.38     0.030
   5321.50     0.030
   5321.62     0.030
   5321.74     0.030
   5321.80     0.030
   5321.92     0.030
   5322.04     0.030
   5322.16     0.030
   5322.28     0.030
   5322.40     0.030
   5322.46     0.030
   5322.58     0.030
   5322.70     0.030
   5322.82     0.030
   5322.94     0.030
   5323.00     0.030
   5323.12     0.030
   5323.24     0.030
   5323.36     0.030
   5323.48     0.030
   5323.60     0.030
   5323.66     0.030
   5323.78     0.030
   5323.90     0.030
   5324.02     0.030
   5324.14     0.030
   5324.26     0.030
   5324.32     0.030
   5324.44     0.030
   5324.56     0.030
   5324.68     0.030
   5324.80     0.030
   5324.86     0.030
   5324.98     0.030
   5325.10     0.030
   5325.22     0.030
   5325.34     0.030
   5325.46     0.030
   5325.52     0.030
   5325.64     0.030
   5325.76     0.030
   5325.88     0.030
   5326.00     0.030
   5326.06     0.030
   5326.18     0.030
   5326.30     0.030
   5326.42     0.030
   5326.54     0.030
   5326.66     0.030
   5326.72     0.030
   5326.84     0.030
   5326.96     0.030
   5327.08     0.030
   5327.20     0.030
   5327.26     0.030
   5327.38     0.030
   5327.50     0.030
   5327.62     0.030
   5327.74     0.030
   5327.86     0.030
   5327.92     0.030
   5328.04     0.030
   5328.16     0.030
   5328.28     0.030
   5328.40     0.030
   5328.46     0.030
   5328.58     0.030
   5328.70     0.030
   5328.82     0.030
   5328.94     0.030
   5329.06     0.030
   5329.12     0.030
   5329.24     0.030
   5329.36     0.030
   5329.48     0.030
   5329.60     0.030
   5329.72     0.030
   5329.78     0.030
   5329.90     0.030
   5330.02     0.030
   5330.14     0.030
   5330.26     0.030
   5330.32     0.030
   5330.44     0.030
   5330.56     0.030
   5330.68     0.030
   5330.80     0.030
   5330.92     0.030
   5330.98     0.030
   5331.10     0.030
   5331.22     0.030
   5331.34     0.030
   5331.46     0.030
   5331.52     0.030
   5331.64     0.030
   5331.76     0.030
   5331.88     0.030
   5332.00     0.030
   5332.12     0.030
   5332.18     0.030
   5332.30     0.030
   5332.42     0.030
   5332.54     0.030
   5332.66     0.030
   5332.78     0.030
   5332.84     0.030
   5332.96     0.030
   5333.08     0.030
   5333.20     0.030
   5333.32     0.030
   5333.38     0.030
   5333.50     0.030
   5333.62     0.030
   5333.74     0.030
   5333.86     0.030
   5333.92     0.030
   5334.04     0.030
   5334.16     0.030
   5334.28     0.030
   5334.40     0.030
   5334.52     0.030
   5334.58     0.028
   5334.70     0.026
   5334.82     0.025
   5334.94     0.023
   5335.06     0.021
   5335.12     0.020
   5335.24     0.018
   5335.36     0.016
   5335.48     0.015
   5335.60     0.014
   5335.72     0.013
   5335.78     0.013
   5335.90     0.013
   5336.02     0.013
   5336.14     0.013
   5336.26     0.014
   5336.38     0.014
   5336.44     0.015
   5336.56     0.015
   5336.68     0.016
   5336.80     0.017
   5336.92     0.017
   5336.98     0.018
   5337.10     0.019
   5337.22     0.020
   5337.34     0.021
   5337.46     0.021
   5337.58     0.022
   5337.64     0.022
   5337.76     0.023
   5337.88     0.023
   5338.00     0.023
   5338.12     0.023
   5338.18     0.023
   5338.30     0.024
   5338.42     0.024
   5338.54     0.024
   5338.66     0.024
   5338.78     0.025
   5338.84     0.025
   5338.96     0.025
   5339.08     0.025
   5339.20     0.025
   5339.32     0.025
   5339.38     0.026
   5339.50     0.026
   5339.62     0.026
   5339.74     0.026
   5339.86     0.027
   5339.98     0.027
   5340.04     0.027
   5340.16     0.027
   5340.28     0.027
   5340.40     0.028
   5340.52     0.028
   5340.64     0.028
   5340.70     0.028
   5340.82     0.029
   5340.94     0.029
   5341.06     0.029
   5341.18     0.029
   5341.24     0.029
   5341.36     0.029
   5341.48     0.030
   5341.60     0.030
   5341.72     0.030
   5341.84     0.030
   5341.90     0.031
   5342.02     0.031
   5342.14     0.031
   5342.26     0.031
   5342.38     0.031
   5342.44     0.032
   5342.56     0.032
   5342.68     0.032
   5342.80     0.032
   5342.92     0.032
   5343.04     0.032
   5343.10     0.033
   5343.22     0.033
   5343.34     0.033
   5343.46     0.033
   5343.58     0.034
   5343.64     0.034
   5343.76     0.034
   5343.88     0.034
   5344.00     0.034
   5344.12     0.034
   5344.24     0.035
   5344.30     0.035
   5344.42     0.035
   5344.54     0.035
   5344.66     0.035
   5344.78     0.035
   5344.84     0.036
   5344.96     0.036
   5345.08     0.036
   5345.20     0.036
   5345.32     0.037
   5345.44     0.037
   5345.50     0.037
   5345.62     0.037
   5345.74     0.037
   5345.86     0.037
   5345.98     0.038
   5346.10     0.038
   5346.16     0.038
   5346.28     0.038
   5346.40     0.038
   5346.52     0.039
   5346.64     0.039
   5346.70     0.039
   5346.82     0.039
   5346.94     0.039
   5347.06     0.040
   5347.18     0.040
   5347.30     0.040
   5347.36     0.040
   5347.48     0.040
   5347.60     0.040
   5347.72     0.041
   5347.84     0.041
   5347.90     0.041
   5348.02     0.041
   5348.14     0.041
   5348.26     0.041
   5348.38     0.042
   5348.50     0.042
   5348.56     0.042
   5348.68     0.042
   5348.80     0.042
   5348.92     0.043
   5349.04     0.043
   5349.16     0.043
   5349.22     0.043
   5349.34     0.043
   5349.46     0.043
   5349.58     0.044
   5349.70     0.044
   5349.76     0.044
   5349.88     0.044
   5350.00     0.045
   5350.12     0.045
   5350.24     0.045
   5350.30     0.045
   5350.42     0.045
   5350.54     0.045
   5350.66     0.046
   5350.78     0.046
   5350.90     0.046
   5350.96     0.046
   5351.08     0.046
   5351.20     0.046
   5351.32     0.047
   5351.44     0.047
   5351.56     0.047
   5351.62     0.047
   5351.74     0.047
   5351.86     0.047
   5351.98     0.048
   5352.10     0.048
   5352.16     0.048
   5352.28     0.048
   5352.40     0.048
   5352.52     0.048
   5352.64     0.049
   5352.76     0.049
   5352.82     0.049
   5352.94     0.049
   5353.06     0.049
   5353.18     0.049
   5353.30     0.050
   5353.36     0.050
   5353.48     0.050
   5353.60     0.050
   5353.72     0.050
   5353.84     0.050
   5353.96     0.051
   5354.02     0.051
   5354.14     0.051
   5354.26     0.051
   5354.38     0.051
   5354.50     0.052
   5354.62     0.052
   5354.68     0.052
   5354.80     0.052
   5354.92     0.052
   5355.04     0.052
   5355.16     0.053
   5355.22     0.053
   5355.34     0.053
   5355.46     0.053
   5355.58     0.053
   5355.70     0.053
   5355.76     0.054
   5355.88     0.054
   5356.00     0.054
   5356.12     0.054
   5356.24     0.054
   5356.36     0.054
   5356.42     0.055
   5356.54     0.055
   5356.66     0.055
   5356.78     0.055
   5356.90     0.056
   5357.02     0.056
   5357.08     0.056
   5357.20     0.056
   5357.32     0.056
   5357.44     0.056
   5357.56     0.056
   5357.62     0.057
   5357.74     0.057
   5358.22     0.058
   5358.28     0.058
   5358.40     0.058
   5358.52     0.058
   5358.64     0.058
   5358.76     0.058
   5358.82     0.058
   5358.94     0.059
   5359.06     0.059
   5359.18     0.059
   5359.30     0.059
   5359.42     0.059
   5359.48     0.059
   5359.60     0.060
   5359.72     0.060
   5359.84     0.060
   5359.96     0.060
   5360.02     0.060
   5360.14     0.060
   5360.26     0.060
   5360.38     0.061
   5360.50     0.061
   5360.62     0.061
   5360.68     0.061
   5360.80     0.061
   5360.92     0.061
   5361.04     0.062
   5361.16     0.062
   5361.22     0.062
   5361.34     0.062
   5361.46     0.062
   5361.58     0.062
   5361.70     0.062
   5361.82     0.063
   5361.88     0.063
   5362.00     0.063
   5362.12     0.063
   5362.24     0.063
   5362.36     0.064
   5362.48     0.064
   5362.54     0.064
   5362.66     0.064
   5362.78     0.064
   5362.90     0.064
   5363.02     0.064
   5363.08     0.064
   5363.20     0.065
   5363.32     0.065
   5363.44     0.065
   5363.56     0.065
   5363.68     0.065
   5363.74     0.065
   5363.86     0.066
   5363.98     0.066
   5364.10     0.066
   5364.22     0.066
   5364.28     0.066
