# Time  Volume
   2493.74     0.034
   2494.22     0.034
   2494.76     0.034
   2495.24     0.034
   2495.78     0.034
   2496.26     0.034
   2496.80     0.034
   2497.28     0.034
   2497.76     0.034
   2498.30     0.034
   2498.78     0.034
   2499.32     0.034
   2499.80     0.034
   2500.34     0.034
   2500.82     0.034
   2501.30     0.034
   2501.84     0.034
   2502.32     0.034
   2502.86     0.034
   2503.34     0.034
   2503.88     0.034
   2504.36     0.034
   2504.90     0.034
   2505.38     0.034
   2505.92     0.034
   2506.40     0.034
   2506.94     0.034
   2507.42     0.034
   2507.90     0.033
   2508.44     0.033
   2508.92     0.033
   2509.46     0.034
   2509.94     0.034
   2510.48     0.034
   2510.96     0.033
   2511.50     0.033
   2511.98     0.033
   2512.52     0.033
   2513.00     0.033
   2513.48     0.033
   2514.02     0.033
   2514.50     0.033
   2515.04     0.033
   2515.52     0.033
   2516.06     0.033
   2516.54     0.033
   2517.08     0.033
   2517.56     0.033
   2518.04     0.033
   2518.58     0.033
   2519.06     0.033
   2519.60     0.033
   2520.08     0.033
   2520.62     0.033
   2521.10     0.033
   2521.64     0.033
   2522.12     0.033
   2522.66     0.033
   2523.14     0.033
   2523.68     0.033
   2524.16     0.033
   2524.64     0.033
   2525.18     0.033
   2525.66     0.033
   2526.20     0.033
   2526.68     0.033
   2527.22     0.033
   2527.70     0.033
   2528.18     0.033
   2528.72     0.033
   2529.20     0.033
   2529.74     0.033
   2530.22     0.033
   2530.76     0.033
   2531.24     0.033
   2531.78     0.033
   2532.26     0.033
   2532.80     0.033
   2533.28     0.033
   2533.76     0.033
   2534.30     0.033
   2534.78     0.033
   2535.32     0.033
   2535.80     0.033
   2536.34     0.033
   2536.82     0.033
   2537.36     0.033
   2537.84     0.033
   2538.32     0.033
   2538.86     0.033
   2539.40     0.033
   2539.88     0.032
   2540.36     0.032
   2540.90     0.032
   2541.38     0.032
   2541.92     0.032
   2542.40     0.032
   2542.94     0.032
   2543.42     0.032
   2543.96     0.032
   2544.44     0.032
   2544.92     0.032
   2545.46     0.032
   2545.94     0.032
   2546.48     0.032
   2546.96     0.032
   2547.50     0.032
   2547.98     0.032
   2548.52     0.032
   2549.00     0.032
   2549.54     0.032
   2550.02     0.032
   2550.50     0.032
   2551.04     0.032
   2551.52     0.032
   2552.06     0.032
   2552.54     0.032
   2553.08     0.032
   2553.56     0.032
   2554.10     0.032
   2554.58     0.032
   2555.12     0.032
   2555.60     0.032
   2556.08     0.032
   2556.62     0.032
   2557.10     0.032
   2557.64     0.032
   2558.12     0.032
   2558.66     0.032
   2559.14     0.032
   2559.68     0.032
   2560.16     0.031
   2560.64     0.032
   2561.18     0.031
   2561.66     0.031
   2562.20     0.031
   2562.68     0.031
   2563.22     0.031
   2563.70     0.031
   2564.24     0.031
   2564.72     0.031
   2565.20     0.031
   2565.74     0.031
   2566.22     0.031
   2566.76     0.031
   2567.24     0.031
   2567.78     0.031
   2568.26     0.031
   2568.80     0.031
   2569.28     0.031
   2569.82     0.031
   2570.30     0.031
   2570.78     0.031
   2571.32     0.031
   2571.80     0.031
   2572.34     0.031
   2572.82     0.031
   2573.36     0.031
   2573.84     0.031
   2574.38     0.031
   2574.86     0.031
   2575.40     0.031
   2575.88     0.031
   2576.42     0.031
   2576.90     0.031
   2577.38     0.031
   2577.92     0.031
   2578.40     0.031
   2578.94     0.031
   2579.42     0.031
   2579.96     0.031
   2580.44     0.031
   2580.98     0.031
   2581.46     0.031
   2581.94     0.031
   2582.48     0.031
   2582.96     0.031
   2583.50     0.031
   2583.98     0.031
   2584.52     0.031
   2585.00     0.031
   2585.54     0.031
   2586.02     0.031
   2586.56     0.031
   2587.04     0.031
   2587.52     0.031
   2588.06     0.031
   2588.54     0.031
   2589.08     0.031
   2589.56     0.031
   2590.10     0.031
   2590.58     0.031
   2591.06     0.031
   2591.60     0.031
   2592.08     0.031
   2592.62     0.031
   2593.10     0.031
   2593.64     0.031
   2594.12     0.031
   2594.66     0.031
   2595.14     0.031
   2595.68     0.031
   2596.16     0.031
   2596.70     0.031
   2597.18     0.031
   2597.66     0.031
   2598.20     0.031
   2598.68     0.031
   2599.22     0.031
   2599.70     0.031
   2600.24     0.031
   2600.72     0.031
   2601.26     0.031
   2601.74     0.031
   2602.28     0.031
   2602.76     0.031
   2603.30     0.031
   2603.78     0.031
   2604.26     0.031
   2604.80     0.031
   2605.28     0.031
   2605.82     0.031
   2606.30     0.031
   2606.84     0.031
   2607.32     0.031
   2607.80     0.031
   2608.34     0.031
   2608.82     0.031
   2609.36     0.031
   2609.84     0.031
   2610.38     0.031
   2610.86     0.031
   2611.40     0.031
   2611.88     0.031
   2612.42     0.031
   2612.90     0.031
   2613.44     0.031
   2613.92     0.031
   2614.40     0.031
   2614.94     0.031
   2615.42     0.031
   2615.96     0.031
   2616.44     0.031
   2616.98     0.031
   2617.46     0.031
   2617.94     0.031
   2618.48     0.031
   2618.96     0.031
   2619.50     0.031
   2619.98     0.031
   2620.52     0.031
   2621.00     0.031
   2621.54     0.031
   2622.02     0.030
   2622.56     0.030
   2623.04     0.030
   2623.58     0.030
   2624.06     0.030
   2624.54     0.030
   2625.08     0.030
   2625.56     0.030
   2626.10     0.030
   2626.58     0.030
   2627.12     0.030
   2627.60     0.030
   2628.14     0.030
   2628.62     0.030
   2629.10     0.030
   2629.64     0.030
   2630.12     0.030
   2630.66     0.030
   2631.14     0.030
   2631.68     0.030
   2632.16     0.030
   2632.70     0.030
   2633.18     0.030
   2633.72     0.030
   2634.20     0.030
   2634.68     0.030
   2635.22     0.030
   2635.70     0.030
   2636.24     0.030
   2636.72     0.030
   2637.26     0.030
   2637.74     0.030
   2638.28     0.030
   2638.76     0.030
   2639.30     0.030
   2639.78     0.030
   2640.32     0.029
   2640.80     0.029
   2641.28     0.029
   2641.82     0.029
   2642.30     0.029
   2642.84     0.029
   2643.32     0.029
   2643.86     0.029
   2644.34     0.029
   2644.82     0.029
   2645.36     0.029
   2645.84     0.029
   2646.38     0.029
   2646.86     0.029
   2647.40     0.029
   2647.88     0.029
   2648.42     0.029
   2648.90     0.029
   2649.44     0.029
   2649.92     0.029
   2650.46     0.029
   2650.94     0.029
   2651.42     0.029
   2651.96     0.029
   2652.44     0.029
   2652.98     0.029
   2653.46     0.029
   2654.00     0.029
   2654.48     0.029
   2654.96     0.028
   2655.50     0.028
   2655.98     0.028
   2656.52     0.028
   2657.00     0.028
   2657.54     0.028
   2658.02     0.028
   2658.56     0.028
   2659.04     0.028
   2659.58     0.028
   2660.06     0.028
   2660.60     0.028
   2661.08     0.028
   2661.56     0.028
   2662.10     0.028
   2662.58     0.028
   2663.12     0.028
   2663.60     0.028
   2664.14     0.028
   2664.62     0.028
   2665.16     0.028
   2665.64     0.028
   2666.18     0.028
   2666.66     0.028
   2667.20     0.028
   2667.68     0.028
   2668.16     0.028
   2668.70     0.028
   2669.18     0.028
   2669.72     0.028
   2670.20     0.028
   2670.74     0.028
   2671.22     0.028
   2671.70     0.028
   2672.24     0.028
   2672.72     0.028
   2673.26     0.028
   2673.74     0.028
   2674.28     0.028
   2674.76     0.028
   2675.30     0.028
   2675.78     0.028
   2676.32     0.028
   2676.80     0.028
   2677.34     0.028
   2677.82     0.028
   2678.30     0.028
   2678.84     0.028
   2679.32     0.028
   2679.86     0.028
   2680.34     0.028
   2680.88     0.028
   2681.36     0.028
   2681.90     0.028
   2682.38     0.028
   2682.86     0.028
   2683.40     0.028
   2683.88     0.028
   2684.42     0.028
   2684.90     0.028
   2685.44     0.028
   2685.92     0.028
   2686.46     0.028
   2686.94     0.028
   2687.48     0.028
   2687.96     0.028
   2688.50     0.028
   2688.98     0.027
   2689.46     0.028
   2690.00     0.027
   2690.48     0.027
   2691.02     0.027
   2691.50     0.027
   2691.98     0.027
   2692.52     0.027
   2693.00     0.027
   2693.54     0.027
   2694.02     0.027
   2694.56     0.027
   2695.04     0.027
   2695.58     0.027
   2696.06     0.027
   2696.60     0.027
   2697.08     0.027
   2697.62     0.027
   2698.10     0.027
   2698.58     0.027
   2699.12     0.027
   2699.60     0.027
   2700.14     0.027
   2700.62     0.027
   2701.16     0.027
   2701.64     0.027
   2702.18     0.027
   2702.66     0.027
   2703.20     0.027
   2703.68     0.027
   2704.22     0.027
   2704.70     0.027
   2705.18     0.027
   2705.72     0.027
   2706.20     0.027
   2706.74     0.027
   2707.22     0.027
   2707.76     0.027
   2708.24     0.027
   2708.72     0.027
   2709.26     0.027
   2709.74     0.027
   2710.28     0.027
   2710.76     0.027
   2711.30     0.027
   2711.78     0.027
   2712.32     0.027
   2712.80     0.027
   2713.34     0.027
   2713.82     0.027
   2714.30     0.027
   2714.84     0.027
   2715.32     0.027
   2715.86     0.027
   2716.34     0.027
   2716.88     0.027
   2717.36     0.027
   2717.90     0.027
   2718.38     0.026
   2718.86     0.026
   2719.40     0.026
   2719.88     0.026
   2720.42     0.026
   2720.90     0.026
   2721.44     0.026
   2721.92     0.027
   2722.46     0.027
   2722.94     0.026
   2723.48     0.026
   2723.96     0.026
   2724.50     0.026
   2724.98     0.027
   2725.46     0.027
   2726.00     0.026
   2726.48     0.026
   2727.02     0.026
   2727.50     0.026
   2728.04     0.026
   2728.52     0.026
   2729.06     0.026
   2729.54     0.026
   2730.08     0.026
   2730.56     0.026
   2731.04     0.026
   2731.58     0.026
   2732.06     0.026
   2732.60     0.026
   2733.08     0.026
   2733.62     0.026
   2734.10     0.026
   2734.64     0.026
   2735.12     0.026
   2735.60     0.026
   2736.14     0.026
   2736.62     0.026
   2737.16     0.026
   2737.64     0.026
   2738.18     0.026
   2738.66     0.026
   2739.20     0.026
   2739.68     0.026
   2740.22     0.026
   2740.70     0.026
   2741.18     0.026
   2741.72     0.026
   2742.20     0.026
   2742.74     0.026
   2743.22     0.025
   2743.76     0.025
   2744.24     0.026
   2744.78     0.026
   2745.26     0.026
   2745.80     0.026
   2746.28     0.026
   2746.76     0.026
   2747.30     0.026
   2747.78     0.026
   2748.32     0.026
   2748.80     0.026
   2749.34     0.026
   2749.82     0.026
   2750.36     0.026
   2750.84     0.026
   2751.38     0.026
   2751.86     0.026
   2752.34     0.026
   2752.88     0.026
   2753.36     0.026
   2753.90     0.026
   2754.38     0.026
   2754.92     0.026
   2755.40     0.025
   2755.88     0.025
   2756.42     0.025
   2756.90     0.025
   2757.44     0.025
   2757.92     0.025
   2758.46     0.025
   2758.94     0.025
   2759.48     0.025
   2759.96     0.025
   2760.50     0.025
   2760.98     0.025
   2761.52     0.025
   2762.00     0.025
   2762.48     0.025
   2763.02     0.025
   2763.50     0.025
   2764.04     0.025
   2764.52     0.025
   2765.06     0.025
   2765.54     0.025
   2766.08     0.025
   2766.56     0.025
   2767.10     0.025
   2767.58     0.025
   2768.06     0.025
   2768.60     0.025
   2769.08     0.025
   2769.62     0.025
   2770.10     0.025
   2770.64     0.025
   2771.12     0.025
   2771.66     0.025
   2772.14     0.025
   2772.62     0.025
   2773.16     0.025
   2773.64     0.025
   2774.18     0.025
   2774.66     0.025
   2775.20     0.025
   2775.68     0.025
   2776.22     0.025
   2776.70     0.025
   2777.24     0.025
   2777.72     0.025
   2778.20     0.025
   2778.74     0.025
   2779.22     0.025
   2779.76     0.025
   2780.24     0.025
   2780.78     0.025
   2781.26     0.025
   2781.80     0.025
   2782.28     0.025
   2782.76     0.025
   2783.30     0.025
   2783.78     0.025
   2784.32     0.025
   2784.80     0.025
   2785.34     0.025
   2785.82     0.025
   2786.36     0.025
   2786.84     0.025
   2787.38     0.025
   2787.86     0.025
   2788.34     0.025
   2788.88     0.025
   2789.36     0.025
   2789.90     0.025
   2790.38     0.025
   2790.92     0.025
   2791.40     0.025
   2791.94     0.025
   2792.42     0.025
   2792.96     0.025
   2793.44     0.025
   2793.98     0.025
   2794.46     0.025
   2794.94     0.025
   2795.48     0.025
   2795.96     0.025
   2796.50     0.025
   2796.98     0.025
   2797.52     0.025
   2798.00     0.025
   2798.48     0.025
   2799.02     0.025
   2799.50     0.025
   2800.04     0.025
   2800.52     0.025
   2801.06     0.025
   2801.54     0.025
   2802.08     0.026
   2802.56     0.026
   2803.10     0.026
   2803.58     0.026
   2804.12     0.026
   2804.60     0.026
   2805.08     0.026
   2805.62     0.026
   2806.10     0.026
   2806.64     0.026
   2807.12     0.026
   2807.66     0.026
   2808.14     0.026
   2808.68     0.026
   2809.16     0.026
   2809.64     0.026
   2810.18     0.025
   2810.66     0.026
   2811.20     0.025
   2811.68     0.025
   2812.22     0.025
   2812.70     0.025
   2813.24     0.025
   2813.72     0.025
   2814.26     0.025
   2814.74     0.025
   2815.28     0.025
   2815.76     0.025
   2816.24     0.025
   2816.78     0.025
   2817.26     0.025
   2817.80     0.025
   2818.28     0.025
   2818.76     0.025
   2819.30     0.025
   2819.78     0.025
   2820.32     0.025
   2820.86     0.025
   2821.34     0.025
   2821.82     0.025
   2822.36     0.025
   2822.84     0.025
   2823.38     0.025
   2823.86     0.025
   2824.40     0.025
   2824.88     0.025
   2825.36     0.025
   2825.90     0.025
   2826.38     0.025
   2826.92     0.025
   2827.40     0.025
   2827.94     0.025
   2828.42     0.025
   2828.96     0.025
   2829.44     0.025
   2829.98     0.025
   2830.46     0.025
   2831.00     0.025
   2831.48     0.025
   2831.96     0.024
   2832.50     0.024
   2832.98     0.024
   2833.52     0.024
   2834.00     0.024
   2834.54     0.024
   2835.02     0.024
   2835.50     0.024
   2836.04     0.024
   2836.52     0.024
   2837.06     0.024
   2837.54     0.024
   2838.08     0.024
   2838.56     0.024
   2839.10     0.024
   2839.58     0.024
   2840.12     0.024
   2840.60     0.024
   2841.14     0.024
   2841.62     0.024
   2842.10     0.024
   2842.64     0.024
   2843.12     0.024
   2843.66     0.024
   2844.14     0.024
   2844.68     0.024
   2845.16     0.024
   2845.64     0.024
   2846.18     0.024
   2846.66     0.024
   2847.20     0.024
   2847.68     0.024
   2848.22     0.024
   2848.70     0.024
   2849.24     0.024
   2849.72     0.024
   2850.26     0.024
   2850.74     0.024
   2851.28     0.024
   2851.76     0.024
   2852.24     0.024
   2852.78     0.024
   2853.26     0.024
   2853.80     0.024
   2854.28     0.024
   2854.82     0.024
   2855.30     0.024
   2855.84     0.024
   2856.32     0.024
   2856.86     0.024
   2857.34     0.025
   2857.88     0.025
   2858.36     0.024
   2858.84     0.025
   2859.38     0.024
   2859.86     0.024
   2860.40     0.024
   2860.88     0.024
   2861.42     0.024
   2861.90     0.025
   2862.38     0.024
   2862.92     0.024
   2863.40     0.024
   2863.94     0.024
   2864.42     0.024
   2864.96     0.024
   2865.44     0.024
   2865.98     0.024
   2866.46     0.024
   2867.00     0.024
   2867.48     0.024
   2868.02     0.024
   2868.50     0.024
   2868.98     0.024
   2869.52     0.024
   2870.00     0.024
   2870.54     0.024
   2871.02     0.024
   2871.56     0.024
   2872.04     0.024
   2872.52     0.024
   2873.06     0.024
   2873.54     0.024
   2874.08     0.024
   2874.56     0.024
   2875.10     0.024
   2875.58     0.024
   2876.12     0.024
   2876.60     0.024
   2877.14     0.024
   2877.62     0.024
   2878.16     0.024
   2878.64     0.024
   2879.12     0.024
   2879.66     0.024
   2880.14     0.024
   2880.68     0.024
   2881.16     0.024
   2881.70     0.024
   2882.18     0.024
   2882.72     0.024
   2883.20     0.024
   2883.74     0.024
   2884.22     0.024
   2884.76     0.024
   2885.24     0.024
   2885.72     0.024
   2886.26     0.024
   2886.74     0.024
   2887.28     0.024
   2887.76     0.024
   2888.30     0.024
   2888.78     0.024
   2889.26     0.024
   2889.80     0.024
   2890.28     0.024
   2890.82     0.024
   2891.30     0.024
   2891.84     0.024
   2892.32     0.024
   2892.86     0.024
   2893.34     0.024
   2893.88     0.024
   2894.36     0.024
   2894.90     0.024
   2895.38     0.024
   2895.86     0.024
   2896.40     0.024
   2896.88     0.024
   2897.42     0.024
   2897.90     0.024
   2898.44     0.024
   2898.92     0.024
   2899.46     0.024
   2899.94     0.024
   2900.42     0.024
   2900.96     0.024
   2901.44     0.024
   2901.98     0.024
   2902.46     0.024
   2903.00     0.024
   2903.48     0.024
   2904.02     0.024
   2904.50     0.024
   2905.04     0.024
   2905.52     0.024
   2906.00     0.024
   2906.54     0.024
   2907.02     0.023
   2907.56     0.023
   2908.04     0.023
   2908.58     0.023
   2909.06     0.023
   2909.54     0.023
   2910.08     0.023
   2910.56     0.023
   2911.10     0.023
   2911.58     0.023
   2912.12     0.023
   2912.60     0.023
   2913.14     0.023
   2913.62     0.023
   2914.16     0.023
   2914.64     0.023
   2915.18     0.023
   2915.66     0.023
   2916.14     0.023
   2916.68     0.023
   2917.16     0.023
   2917.70     0.023
   2918.18     0.022
   2918.72     0.022
   2919.20     0.022
   2919.74     0.022
   2920.22     0.022
   2920.76     0.022
   2921.24     0.022
   2921.72     0.022
   2922.26     0.022
   2922.74     0.022
   2923.28     0.022
   2923.76     0.022
   2924.30     0.022
   2924.78     0.022
   2925.32     0.022
   2925.80     0.022
   2926.28     0.022
   2926.82     0.022
   2927.30     0.022
   2927.84     0.022
   2928.32     0.022
   2928.86     0.022
   2929.34     0.022
   2929.88     0.022
   2930.36     0.022
   2930.90     0.022
   2931.38     0.022
   2931.86     0.022
   2932.40     0.022
   2932.88     0.022
   2933.42     0.022
   2933.90     0.022
   2934.44     0.022
   2934.92     0.022
   2935.46     0.021
   2935.94     0.022
   2936.42     0.022
   2936.96     0.022
   2937.44     0.022
   2937.98     0.021
   2938.46     0.021
   2939.00     0.021
   2939.48     0.021
   2940.02     0.021
   2940.50     0.021
   2941.04     0.021
   2941.52     0.021
   2942.06     0.021
   2942.54     0.021
   2943.02     0.021
   2943.56     0.021
   2944.04     0.021
   2944.58     0.021
   2945.06     0.021
   2945.60     0.021
   2946.08     0.021
   2946.62     0.021
   2947.10     0.021
   2947.64     0.021
   2948.12     0.021
   2948.60     0.021
   2949.14     0.021
   2949.62     0.021
   2950.16     0.021
   2950.64     0.021
   2951.18     0.021
   2951.66     0.020
   2952.14     0.020
   2952.68     0.020
   2953.16     0.020
   2953.70     0.020
   2954.18     0.020
   2954.72     0.020
   2955.20     0.020
   2955.74     0.020
   2956.22     0.020
   2956.76     0.020
   2957.24     0.020
   2957.78     0.020
   2958.26     0.020
   2958.74     0.020
   2959.28     0.020
   2959.76     0.020
   2960.30     0.020
   2960.78     0.020
   2961.32     0.020
   2961.80     0.020
   2962.34     0.020
   2962.82     0.019
   2963.30     0.019
   2963.84     0.019
   2964.32     0.019
   2964.86     0.019
   2965.34     0.019
   2965.88     0.019
   2966.36     0.019
   2966.90     0.019
   2967.38     0.019
   2967.92     0.019
   2968.40     0.019
   2968.88     0.019
   2969.42     0.019
   2969.90     0.019
   2970.44     0.019
   2970.92     0.019
   2971.46     0.019
   2971.94     0.019
   2972.42     0.019
   2972.96     0.019
   2973.44     0.019
   2973.98     0.019
   2974.46     0.019
   2975.00     0.019
   2975.48     0.019
   2976.02     0.019
   2976.50     0.019
   2977.04     0.019
   2977.52     0.019
   2978.06     0.019
   2978.54     0.019
   2979.02     0.019
   2979.56     0.019
   2980.04     0.019
   2980.58     0.019
   2981.06     0.019
   2981.60     0.019
   2982.08     0.019
   2982.62     0.019
   2983.10     0.019
   2983.64     0.019
   2984.12     0.019
   2984.66     0.019
   2985.14     0.019
   2985.62     0.019
   2986.16     0.019
   2986.64     0.019
   2987.18     0.019
   2987.66     0.019
   2988.20     0.019
   2988.68     0.019
   2989.16     0.019
   2989.70     0.019
   2990.18     0.019
   2990.72     0.019
   2991.20     0.019
   2991.74     0.019
   2992.22     0.019
   2992.76     0.019
   2993.24     0.019
   2993.78     0.019
   2994.26     0.019
   2994.80     0.019
   2995.28     0.019
   2995.76     0.019
   2996.30     0.019
   2996.78     0.019
   2997.32     0.019
   2997.80     0.019
   2998.34     0.019
   2998.82     0.019
   2999.30     0.019
   2999.84     0.019
   3000.32     0.019
   3000.86     0.019
   3001.34     0.019
   3001.88     0.019
   3002.36     0.019
   3002.90     0.019
   3003.38     0.019
   3003.92     0.019
   3004.40     0.019
   3004.94     0.019
   3005.42     0.019
   3005.90     0.019
   3006.44     0.019
   3006.92     0.019
   3007.46     0.019
   3007.94     0.019
   3008.48     0.019
   3008.96     0.019
   3009.50     0.020
   3009.98     0.020
   3010.52     0.020
   3011.00     0.020
   3011.54     0.020
   3012.02     0.020
   3012.50     0.020
   3013.04     0.020
   3013.52     0.020
   3014.06     0.020
   3014.54     0.020
   3015.08     0.020
   3015.56     0.020
   3016.04     0.020
   3016.58     0.020
   3017.06     0.020
   3017.60     0.020
   3018.08     0.020
   3018.62     0.020
   3019.10     0.020
   3019.64     0.020
   3020.12     0.020
   3020.66     0.020
   3021.14     0.020
   3021.68     0.020
   3022.16     0.020
   3022.64     0.020
   3023.18     0.020
   3023.66     0.020
   3024.20     0.020
   3024.68     0.020
   3025.22     0.020
   3025.70     0.020
   3026.18     0.020
   3026.72     0.020
   3027.20     0.020
   3027.74     0.020
   3028.22     0.020
   3028.76     0.020
   3029.24     0.020
   3029.78     0.020
   3030.26     0.020
   3030.80     0.020
   3031.28     0.020
   3031.82     0.020
   3032.30     0.020
   3032.78     0.020
   3033.32     0.020
   3033.80     0.020
   3034.34     0.020
   3034.82     0.020
   3035.36     0.020
   3035.84     0.020
   3036.32     0.020
   3036.86     0.020
   3037.34     0.020
   3037.88     0.020
   3038.36     0.020
   3038.90     0.020
   3039.38     0.020
   3039.92     0.020
   3040.40     0.020
   3040.94     0.020
   3041.42     0.020
   3041.96     0.020
   3042.44     0.020
   3042.92     0.020
   3043.46     0.020
   3043.94     0.020
   3044.48     0.020
   3044.96     0.020
   3045.50     0.020
   3045.98     0.020
   3046.52     0.020
   3047.00     0.020
   3047.54     0.020
   3048.02     0.020
   3048.56     0.020
   3049.04     0.020
   3049.52     0.020
   3050.06     0.020
   3050.54     0.020
   3051.08     0.020
   3051.56     0.020
   3052.10     0.020
   3052.58     0.020
   3053.06     0.020
   3053.60     0.020
   3054.08     0.020
   3054.62     0.020
   3055.10     0.020
   3055.64     0.020
   3056.12     0.020
   3056.66     0.020
   3057.14     0.020
   3057.68     0.020
   3058.16     0.020
   3058.70     0.020
   3059.18     0.020
   3059.66     0.020
   3060.20     0.020
   3060.68     0.020
   3061.22     0.020
   3061.70     0.020
   3062.24     0.020
   3062.72     0.020
   3063.20     0.020
   3063.74     0.020
   3064.22     0.020
   3064.76     0.020
   3065.24     0.020
   3065.78     0.020
   3066.26     0.020
   3066.80     0.020
   3067.28     0.020
   3067.82     0.020
   3068.30     0.020
   3068.84     0.020
   3069.32     0.020
   3069.80     0.020
   3070.34     0.020
   3070.82     0.020
   3071.36     0.020
   3071.84     0.020
   3072.38     0.020
   3072.86     0.020
   3073.40     0.020
   3073.88     0.020
   3074.42     0.021
   3074.90     0.021
   3075.44     0.021
   3075.92     0.021
   3076.40     0.021
   3076.94     0.021
   3077.42     0.021
   3077.96     0.021
   3078.44     0.021
   3078.98     0.021
   3079.46     0.021
   3079.94     0.021
   3080.48     0.021
   3080.96     0.021
   3081.50     0.021
   3081.98     0.021
   3082.52     0.021
   3083.00     0.021
   3083.54     0.021
   3084.02     0.021
   3084.56     0.021
   3085.04     0.021
   3085.58     0.021
   3086.06     0.021
   3086.54     0.021
   3087.08     0.021
   3087.56     0.021
   3088.10     0.021
   3088.58     0.021
   3089.12     0.021
   3089.60     0.021
   3090.08     0.021
   3090.62     0.021
   3091.10     0.021
   3091.64     0.021
   3092.12     0.021
   3092.66     0.021
   3093.14     0.021
   3093.68     0.021
   3094.16     0.021
   3094.70     0.021
   3095.18     0.021
   3095.72     0.021
   3096.20     0.021
   3096.68     0.021
   3097.22     0.021
   3097.70     0.021
   3098.24     0.021
   3098.72     0.021
   3099.26     0.021
   3099.74     0.021
   3100.22     0.021
   3100.76     0.021
   3101.30     0.021
   3101.78     0.021
   3102.32     0.020
   3102.80     0.020
   3103.28     0.020
   3103.82     0.020
   3104.30     0.020
   3104.84     0.020
   3105.32     0.020
   3105.86     0.020
   3106.34     0.020
   3106.82     0.020
   3107.36     0.020
   3107.84     0.020
   3108.38     0.020
   3108.86     0.020
   3109.40     0.021
   3109.88     0.021
   3110.42     0.020
   3110.90     0.021
   3111.44     0.021
   3111.92     0.021
   3112.40     0.021
   3112.94     0.021
   3113.42     0.021
   3113.96     0.021
   3114.44     0.021
   3114.98     0.021
   3115.46     0.021
   3116.00     0.021
   3116.48     0.021
   3116.96     0.021
   3117.50     0.021
   3117.98     0.021
   3118.52     0.021
   3119.00     0.021
   3119.54     0.021
   3120.02     0.021
   3120.56     0.021
   3121.04     0.021
   3121.58     0.021
   3122.06     0.021
   3122.60     0.021
   3123.08     0.021
   3123.56     0.021
   3124.10     0.021
   3124.64     0.021
   3125.12     0.021
   3125.60     0.021
   3126.14     0.021
   3126.62     0.021
   3127.10     0.021
   3127.64     0.021
   3128.12     0.021
   3128.66     0.021
   3129.14     0.021
   3129.68     0.021
   3130.16     0.021
   3130.70     0.021
   3131.18     0.021
   3131.72     0.021
   3132.20     0.021
   3132.68     0.021
   3133.22     0.021
   3133.70     0.021
   3134.24     0.021
   3134.72     0.021
   3135.26     0.021
   3135.74     0.021
   3136.28     0.021
   3136.76     0.021
   3137.30     0.022
   3137.78     0.022
   3138.32     0.022
   3138.80     0.022
   3139.28     0.022
   3139.82     0.022
   3140.30     0.022
   3140.84     0.022
   3141.32     0.022
   3141.86     0.022
   3142.34     0.022
   3142.88     0.022
   3143.36     0.022
   3143.84     0.022
   3144.38     0.022
   3144.86     0.022
   3145.40     0.022
   3145.88     0.022
   3146.42     0.022
   3146.90     0.022
   3147.44     0.022
   3147.92     0.022
   3148.46     0.022
   3148.94     0.022
   3149.42     0.022
   3149.96     0.022
   3150.44     0.022
   3150.98     0.022
   3151.46     0.022
   3152.00     0.022
   3152.48     0.021
   3152.96     0.021
   3153.50     0.021
   3153.98     0.021
   3154.52     0.022
   3155.00     0.022
   3155.54     0.022
   3156.02     0.022
   3156.56     0.022
   3157.04     0.022
   3157.58     0.022
   3158.06     0.022
   3158.60     0.022
   3159.08     0.022
   3159.56     0.022
   3160.10     0.022
   3160.58     0.022
   3161.12     0.022
   3161.60     0.022
   3162.14     0.022
   3162.62     0.021
   3163.16     0.021
   3163.64     0.021
   3164.18     0.021
   3164.66     0.021
   3165.20     0.021
   3165.68     0.021
   3166.16     0.021
   3166.70     0.021
   3167.18     0.021
   3167.72     0.021
   3168.20     0.021
   3168.74     0.021
   3169.22     0.021
   3169.70     0.021
   3170.24     0.021
   3170.72     0.021
   3171.26     0.021
   3171.74     0.021
   3172.28     0.021
   3172.76     0.021
   3173.30     0.021
   3173.78     0.021
   3174.32     0.021
   3174.80     0.021
   3175.34     0.021
   3175.82     0.021
   3176.30     0.021
   3176.84     0.021
   3177.32     0.021
   3177.86     0.021
   3178.34     0.021
   3178.88     0.021
   3179.36     0.020
   3179.84     0.020
   3180.38     0.020
   3180.86     0.020
   3181.40     0.020
   3181.88     0.020
   3182.42     0.020
   3182.90     0.020
   3183.44     0.020
   3183.92     0.020
   3184.46     0.020
   3184.94     0.020
   3185.48     0.020
   3185.96     0.020
   3186.44     0.019
   3186.98     0.019
   3187.46     0.019
   3188.00     0.019
   3188.48     0.019
   3189.02     0.019
   3189.50     0.019
   3189.98     0.019
   3190.52     0.019
   3191.00     0.019
   3191.54     0.019
   3192.02     0.019
   3192.56     0.019
   3193.04     0.019
   3193.58     0.019
   3194.06     0.019
   3194.60     0.019
   3195.08     0.019
   3195.62     0.019
   3196.10     0.019
   3196.64     0.019
   3197.12     0.019
   3197.60     0.019
   3198.14     0.019
   3198.62     0.019
   3199.16     0.019
   3199.64     0.019
   3200.18     0.019
   3200.66     0.019
   3201.20     0.019
   3201.68     0.019
   3202.22     0.019
   3202.70     0.019
   3203.18     0.019
   3203.72     0.019
   3204.20     0.019
   3204.74     0.019
   3205.22     0.019
   3205.76     0.019
   3206.24     0.019
   3206.72     0.019
   3207.26     0.019
   3207.80     0.019
   3208.28     0.019
   3208.76     0.019
   3209.30     0.019
   3209.78     0.019
   3210.32     0.019
   3210.80     0.019
   3211.34     0.019
   3211.82     0.019
   3212.36     0.019
   3212.84     0.019
   3213.32     0.019
   3213.86     0.019
   3214.34     0.019
   3214.88     0.019
   3215.36     0.019
   3215.90     0.019
   3216.38     0.019
   3216.86     0.019
   3217.40     0.019
   3217.88     0.019
   3218.42     0.019
   3218.90     0.019
   3219.44     0.019
   3219.92     0.019
   3220.46     0.019
   3220.94     0.019
   3221.48     0.020
   3221.96     0.019
   3222.50     0.019
   3222.98     0.019
   3223.46     0.019
   3224.00     0.019
   3224.48     0.019
   3225.02     0.019
   3225.50     0.019
   3226.04     0.019
   3226.52     0.019
   3227.06     0.019
   3227.54     0.019
   3228.08     0.019
   3228.56     0.019
   3229.10     0.019
   3229.58     0.019
   3230.06     0.019
   3230.60     0.020
   3231.08     0.020
   3231.62     0.020
   3232.10     0.020
   3232.64     0.020
   3233.12     0.020
   3233.60     0.020
   3234.14     0.020
   3234.62     0.020
   3235.16     0.020
   3235.64     0.020
   3236.18     0.020
   3236.66     0.020
   3237.20     0.020
   3237.68     0.020
   3238.22     0.020
   3238.70     0.020
   3239.24     0.020
   3239.72     0.020
   3240.20     0.020
   3240.74     0.020
   3241.22     0.020
   3241.76     0.020
   3242.24     0.020
   3242.78     0.020
   3243.26     0.020
   3243.74     0.020
   3244.28     0.020
   3244.76     0.020
   3245.30     0.020
   3245.78     0.020
   3246.32     0.020
   3246.80     0.020
   3247.34     0.020
   3247.82     0.020
   3248.36     0.020
   3248.84     0.020
   3249.38     0.020
   3249.86     0.020
   3250.34     0.020
   3250.88     0.020
   3251.36     0.020
   3251.90     0.020
   3252.38     0.020
   3252.92     0.020
   3253.40     0.020
   3253.88     0.020
   3254.42     0.020
   3254.90     0.020
   3255.44     0.020
   3255.92     0.020
   3256.46     0.020
   3256.94     0.020
   3257.48     0.019
   3257.96     0.019
   3258.50     0.019
   3258.98     0.019
   3259.52     0.019
   3260.00     0.019
   3260.48     0.019
   3261.02     0.019
   3261.50     0.019
   3262.04     0.019
   3262.52     0.019
   3263.06     0.019
   3263.54     0.019
   3264.08     0.019
   3264.56     0.019
   3265.10     0.019
   3265.58     0.019
   3266.06     0.019
   3266.60     0.019
   3267.08     0.019
   3267.62     0.019
   3268.10     0.019
   3268.64     0.019
   3269.12     0.019
   3269.66     0.019
   3270.14     0.019
   3270.62     0.019
   3271.16     0.019
   3271.64     0.019
   3272.18     0.019
   3272.66     0.019
   3273.20     0.019
   3273.68     0.019
   3274.22     0.019
   3274.70     0.019
   3275.24     0.019
   3275.72     0.019
   3276.26     0.019
   3276.74     0.019
   3277.22     0.019
   3277.76     0.019
   3278.24     0.019
   3278.78     0.019
   3279.26     0.019
   3279.80     0.019
   3280.28     0.019
   3280.76     0.019
   3281.30     0.019
   3281.78     0.019
   3282.32     0.019
   3282.80     0.019
   3283.34     0.019
   3283.82     0.019
   3284.36     0.019
   3284.84     0.019
   3285.38     0.019
   3285.86     0.019
   3286.34     0.019
   3286.88     0.019
   3287.36     0.019
   3287.90     0.019
   3288.38     0.019
   3288.92     0.019
   3289.40     0.019
   3289.94     0.019
   3290.42     0.018
   3290.96     0.018
   3291.44     0.018
   3291.98     0.018
   3292.46     0.018
   3292.94     0.018
   3293.48     0.018
   3293.96     0.018
   3294.50     0.018
   3294.98     0.018
   3295.52     0.018
   3296.00     0.018
   3296.54     0.018
   3297.02     0.018
   3297.50     0.018
   3298.04     0.018
   3298.52     0.018
   3299.06     0.018
   3299.54     0.018
   3300.08     0.018
   3300.56     0.018
   3301.10     0.018
   3301.58     0.018
   3302.12     0.018
   3302.60     0.018
   3303.08     0.018
   3303.62     0.018
   3304.10     0.018
   3304.64     0.018
   3305.12     0.018
   3305.66     0.018
   3306.14     0.018
   3306.68     0.018
   3307.16     0.018
   3307.64     0.018
   3308.18     0.018
   3308.66     0.018
   3309.20     0.018
   3309.68     0.018
   3310.22     0.018
   3310.70     0.018
   3311.24     0.018
   3311.72     0.018
   3312.26     0.018
   3312.74     0.018
   3313.22     0.018
   3313.76     0.018
   3314.24     0.018
   3314.78     0.018
   3315.26     0.018
   3315.80     0.018
   3316.28     0.018
   3316.82     0.018
   3317.30     0.018
   3317.78     0.018
   3318.32     0.018
   3318.80     0.018
   3319.34     0.019
   3319.82     0.019
   3320.36     0.019
   3320.84     0.019
   3321.38     0.019
   3321.86     0.019
   3322.40     0.019
   3322.88     0.019
   3323.36     0.019
   3323.90     0.019
   3324.38     0.019
   3324.92     0.019
   3325.40     0.019
   3325.94     0.019
   3326.42     0.019
   3326.96     0.019
   3327.44     0.019
   3327.98     0.019
   3328.46     0.019
   3329.00     0.019
   3329.48     0.019
   3329.96     0.019
   3330.50     0.019
   3330.98     0.019
   3331.52     0.018
   3332.00     0.018
   3332.54     0.018
   3333.02     0.018
   3333.50     0.018
   3334.04     0.018
   3334.52     0.018
   3335.06     0.018
   3335.54     0.018
   3336.08     0.018
   3336.56     0.018
   3337.10     0.018
   3337.58     0.018
   3338.12     0.018
   3338.60     0.018
   3339.14     0.018
   3339.62     0.018
   3340.10     0.018
   3340.64     0.018
   3341.12     0.018
   3341.66     0.018
   3342.14     0.018
   3342.68     0.018
   3343.16     0.018
   3343.64     0.017
   3344.18     0.017
   3344.66     0.017
   3345.20     0.017
   3345.68     0.017
   3346.22     0.017
   3346.70     0.017
   3347.24     0.017
   3347.72     0.017
   3348.26     0.017
   3348.74     0.017
   3349.28     0.017
   3349.76     0.017
   3350.24     0.017
   3350.78     0.017
   3351.26     0.017
   3351.80     0.017
   3352.28     0.016
   3352.82     0.016
   3353.30     0.016
   3353.84     0.016
   3354.32     0.016
   3354.86     0.016
   3355.34     0.016
   3355.88     0.016
   3356.36     0.016
   3356.84     0.016
   3357.38     0.016
   3357.86     0.016
   3358.40     0.016
   3358.88     0.016
   3359.42     0.016
   3359.90     0.016
   3360.38     0.016
   3360.92     0.016
   3361.46     0.016
   3361.94     0.016
   3362.42     0.016
   3362.96     0.016
   3363.44     0.016
   3363.98     0.016
   3364.46     0.016
   3365.00     0.016
   3365.48     0.016
   3366.02     0.016
   3366.50     0.015
   3366.98     0.016
   3367.52     0.015
   3368.00     0.015
   3368.54     0.015
   3369.02     0.015
   3369.56     0.015
   3370.04     0.015
   3370.52     0.015
   3371.06     0.015
   3371.54     0.015
   3372.08     0.015
   3372.56     0.015
   3373.10     0.015
   3373.58     0.015
   3374.12     0.015
   3374.60     0.015
   3375.14     0.015
   3375.62     0.015
   3376.16     0.015
   3376.64     0.015
   3377.12     0.015
   3377.66     0.015
   3378.20     0.015
   3378.68     0.015
   3379.16     0.015
   3379.70     0.015
   3380.18     0.015
   3380.72     0.015
   3381.20     0.015
   3381.74     0.015
   3382.22     0.015
   3382.76     0.015
   3383.24     0.015
   3383.72     0.015
   3384.26     0.015
   3384.74     0.015
   3385.28     0.015
   3385.76     0.015
   3386.30     0.015
   3386.78     0.015
   3387.26     0.015
   3387.80     0.015
   3388.28     0.014
   3388.82     0.014
   3389.30     0.014
   3389.84     0.014
   3390.32     0.014
   3390.86     0.014
   3391.34     0.014
   3391.88     0.014
   3392.36     0.014
   3392.90     0.014
   3393.38     0.014
   3393.86     0.014
   3394.40     0.014
   3394.88     0.014
   3395.42     0.014
   3395.90     0.014
   3396.44     0.014
   3396.92     0.014
   3397.40     0.014
   3397.94     0.014
   3398.42     0.014
   3398.96     0.014
   3399.44     0.014
   3399.98     0.014
   3400.46     0.014
   3401.00     0.014
   3401.48     0.014
   3402.02     0.014
   3402.50     0.014
   3403.04     0.014
   3403.52     0.014
   3404.00     0.014
   3404.54     0.014
   3405.02     0.014
   3405.56     0.013
   3406.04     0.013
   3406.58     0.013
   3407.06     0.013
   3407.54     0.014
   3408.08     0.014
   3408.56     0.014
   3409.10     0.014
   3409.58     0.014
   3410.12     0.014
   3410.60     0.014
   3411.14     0.014
   3411.62     0.014
   3412.16     0.014
   3412.64     0.014
   3413.18     0.014
   3413.66     0.014
   3414.14     0.014
   3414.68     0.014
   3415.16     0.014
   3415.70     0.014
   3416.18     0.014
   3416.72     0.014
   3417.20     0.014
   3417.74     0.014
   3418.22     0.014
   3418.76     0.014
   3419.24     0.014
   3419.78     0.014
   3420.26     0.014
   3420.74     0.014
   3421.28     0.014
   3421.76     0.014
   3422.30     0.014
   3422.78     0.014
   3423.32     0.014
   3423.80     0.014
   3424.28     0.014
   3424.82     0.014
   3425.30     0.014
   3425.84     0.014
   3426.32     0.014
   3426.86     0.014
   3427.34     0.014
   3427.88     0.014
   3428.36     0.014
   3428.90     0.014
   3429.38     0.014
   3429.92     0.014
   3430.40     0.014
   3430.88     0.014
   3431.42     0.014
   3431.90     0.014
   3432.44     0.014
   3432.92     0.014
   3433.46     0.014
   3433.94     0.014
   3434.42     0.014
   3434.96     0.014
   3435.44     0.014
   3435.98     0.014
   3436.46     0.014
   3437.00     0.014
   3437.48     0.014
   3438.02     0.014
   3438.50     0.014
   3439.04     0.014
   3439.52     0.014
   3440.06     0.014
   3440.54     0.014
   3441.02     0.014
   3441.56     0.014
   3442.04     0.014
   3442.58     0.014
   3443.06     0.014
   3443.60     0.014
   3444.08     0.014
   3444.62     0.015
   3445.10     0.015
   3445.64     0.015
   3446.12     0.015
   3446.60     0.015
   3447.14     0.015
   3447.62     0.015
   3448.16     0.015
   3448.64     0.015
   3449.18     0.015
   3449.66     0.015
   3450.20     0.015
   3450.68     0.015
   3451.16     0.015
   3451.70     0.015
   3452.18     0.015
   3452.72     0.015
   3453.20     0.015
   3453.74     0.015
   3454.22     0.015
   3454.76     0.015
   3455.24     0.015
   3455.78     0.015
   3456.26     0.015
   3456.80     0.015
   3457.28     0.015
   3457.76     0.015
   3458.30     0.015
   3458.78     0.015
   3459.32     0.015
   3459.80     0.015
   3460.34     0.015
   3460.82     0.015
   3461.30     0.015
   3461.84     0.015
   3462.32     0.015
   3462.86     0.015
   3463.34     0.015
   3463.88     0.015
   3464.36     0.015
   3464.90     0.015
   3465.38     0.015
   3465.92     0.015
   3466.40     0.015
   3466.94     0.015
   3467.42     0.014
   3467.90     0.014
   3468.44     0.014
   3468.92     0.014
   3469.46     0.014
   3469.94     0.014
   3470.48     0.014
   3470.96     0.014
   3471.44     0.014
   3471.98     0.014
   3472.46     0.014
   3473.00     0.014
   3473.48     0.014
   3474.02     0.014
   3474.50     0.014
   3475.04     0.014
   3475.52     0.014
   3476.06     0.014
   3476.54     0.014
   3477.08     0.014
   3477.56     0.014
   3478.04     0.014
   3478.58     0.014
   3479.06     0.014
   3479.60     0.014
   3480.08     0.014
   3480.62     0.014
   3481.10     0.014
   3481.64     0.014
   3482.12     0.014
   3482.66     0.015
   3483.14     0.015
   3483.62     0.015
   3484.16     0.015
   3484.64     0.015
   3485.18     0.015
   3485.66     0.015
   3486.20     0.015
   3486.68     0.015
   3487.22     0.015
   3487.70     0.015
   3488.18     0.015
   3488.72     0.014
   3489.20     0.015
   3489.74     0.014
   3490.22     0.014
   3490.76     0.014
   3491.24     0.014
   3491.78     0.014
   3492.26     0.014
   3492.80     0.014
   3493.28     0.014
   3493.76     0.014
   3494.30     0.014
   3494.78     0.014
   3495.32     0.014
   3495.80     0.014
   3496.34     0.014
   3496.82     0.014
   3497.36     0.014
   3497.84     0.014
   3498.32     0.014
   3498.86     0.014
   3499.34     0.014
   3499.88     0.014
   3500.36     0.014
   3500.90     0.014
   3501.38     0.014
   3501.92     0.014
   3502.40     0.014
   3502.94     0.014
   3503.42     0.014
   3503.96     0.014
   3504.44     0.014
   3504.98     0.014
   3505.46     0.014
   3505.94     0.014
   3506.48     0.014
   3506.96     0.014
   3507.50     0.014
   3507.98     0.014
   3508.52     0.014
   3509.00     0.014
   3509.54     0.014
   3510.02     0.014
   3510.50     0.014
   3511.04     0.014
   3511.52     0.014
   3512.06     0.014
   3512.54     0.014
   3513.08     0.014
   3513.56     0.014
   3514.10     0.014
   3514.58     0.014
   3515.06     0.014
   3515.60     0.014
   3516.08     0.014
   3516.62     0.014
   3517.10     0.014
   3517.64     0.014
   3518.12     0.014
   3518.66     0.014
   3519.14     0.014
   3519.68     0.014
   3520.16     0.014
   3520.64     0.014
   3521.18     0.014
   3521.66     0.014
   3522.20     0.014
   3522.68     0.014
   3523.22     0.014
   3523.70     0.014
   3524.24     0.014
   3524.72     0.013
   3525.20     0.013
   3525.74     0.013
   3526.22     0.013
   3526.76     0.013
   3527.24     0.013
   3527.78     0.013
   3528.26     0.013
   3528.80     0.013
   3529.28     0.013
   3529.82     0.013
   3530.30     0.013
   3530.78     0.013
   3531.32     0.013
   3531.80     0.013
   3532.34     0.013
   3532.82     0.013
   3533.36     0.013
   3533.84     0.013
   3534.38     0.013
   3534.86     0.013
   3535.34     0.013
   3535.88     0.012
   3536.36     0.013
   3536.90     0.012
   3537.38     0.012
   3537.92     0.012
   3538.40     0.012
   3538.94     0.012
   3539.42     0.012
   3539.96     0.012
   3540.44     0.012
   3540.92     0.012
   3541.46     0.012
   3541.94     0.012
   3542.48     0.012
   3542.96     0.012
   3543.50     0.012
   3543.98     0.012
   3544.52     0.012
   3545.00     0.012
   3545.54     0.012
   3546.02     0.012
   3546.56     0.012
   3547.04     0.012
   3547.52     0.012
   3548.06     0.012
   3548.54     0.011
   3549.08     0.012
   3549.56     0.011
   3550.10     0.011
   3550.58     0.011
   3551.06     0.011
   3551.60     0.011
   3552.08     0.011
   3552.62     0.011
   3553.10     0.011
   3553.64     0.011
   3554.12     0.011
   3554.66     0.011
   3555.14     0.011
   3555.68     0.011
   3556.16     0.011
   3556.70     0.011
   3557.18     0.011
   3557.66     0.011
   3558.20     0.011
   3558.68     0.011
   3559.22     0.011
   3559.70     0.011
   3560.24     0.011
   3560.72     0.011
   3561.20     0.011
   3561.74     0.011
   3562.22     0.011
   3562.76     0.011
   3563.24     0.011
   3563.78     0.011
   3564.26     0.011
   3564.80     0.011
   3565.28     0.011
   3565.82     0.011
   3566.30     0.011
   3566.84     0.011
   3567.32     0.011
   3567.80     0.011
   3568.34     0.011
   3568.82     0.011
   3569.36     0.011
   3569.84     0.011
   3570.38     0.011
   3570.86     0.011
   3571.40     0.011
   3571.88     0.011
   3572.42     0.011
   3572.90     0.011
   3573.44     0.011
   3573.92     0.011
   3574.40     0.011
   3574.94     0.011
   3575.42     0.011
   3575.96     0.011
   3576.44     0.011
   3576.98     0.011
   3577.46     0.011
   3577.94     0.011
   3578.48     0.011
   3578.96     0.011
   3579.50     0.011
   3579.98     0.011
   3580.52     0.011
   3581.00     0.011
   3581.54     0.011
   3582.02     0.011
   3582.56     0.011
   3583.04     0.011
   3583.58     0.011
   3584.06     0.011
   3584.54     0.011
   3585.08     0.011
   3585.56     0.011
   3586.10     0.011
   3586.58     0.011
   3587.12     0.011
   3587.60     0.011
   3588.08     0.011
   3588.62     0.011
   3589.10     0.011
   3589.64     0.011
   3590.12     0.011
   3590.66     0.011
   3591.14     0.011
   3591.68     0.011
   3592.16     0.011
   3592.70     0.011
   3593.18     0.011
   3593.72     0.011
   3594.20     0.011
   3594.68     0.011
   3595.22     0.011
   3595.70     0.011
   3596.24     0.011
   3596.72     0.011
   3597.26     0.011
   3597.74     0.011
   3598.22     0.011
   3598.76     0.011
   3599.24     0.011
   3599.78     0.011
   3600.32     0.011
   3600.80     0.011
   3601.28     0.011
   3601.82     0.011
   3602.30     0.012
   3602.84     0.012
   3603.32     0.012
   3603.86     0.012
   3604.34     0.012
   3604.82     0.012
   3605.36     0.012
   3605.84     0.012
   3606.38     0.012
   3606.86     0.012
   3607.40     0.012
   3607.88     0.012
   3608.42     0.012
   3608.90     0.012
   3609.44     0.012
   3609.92     0.012
   3610.46     0.012
   3610.94     0.012
   3611.42     0.012
   3611.96     0.012
   3612.44     0.012
   3612.98     0.012
   3613.46     0.012
   3614.00     0.012
   3614.48     0.012
   3614.96     0.012
   3615.50     0.012
   3615.98     0.012
   3616.52     0.012
   3617.00     0.012
   3617.54     0.012
   3618.02     0.012
   3618.56     0.012
   3619.04     0.012
   3619.58     0.012
   3620.06     0.012
   3620.60     0.012
   3621.08     0.012
   3621.56     0.012
   3622.10     0.012
   3622.58     0.012
   3623.12     0.012
   3623.60     0.012
   3624.14     0.012
   3624.62     0.012
   3625.10     0.012
   3625.64     0.012
   3626.12     0.012
   3626.66     0.011
   3627.14     0.012
   3627.68     0.011
   3628.16     0.011
   3628.70     0.011
   3629.18     0.011
   3629.72     0.011
   3630.20     0.011
   3630.74     0.011
   3631.22     0.011
   3631.76     0.011
   3632.24     0.011
   3632.72     0.011
   3633.26     0.011
   3633.74     0.011
   3634.28     0.011
   3634.76     0.011
   3635.30     0.011
   3635.78     0.011
   3636.32     0.011
   3636.80     0.011
   3637.34     0.011
   3637.82     0.011
   3638.30     0.011
   3638.84     0.011
   3639.32     0.011
   3639.86     0.011
   3640.34     0.011
   3640.88     0.011
   3641.36     0.011
   3641.84     0.011
   3642.38     0.011
   3642.86     0.011
   3643.40     0.011
   3643.88     0.011
   3644.42     0.011
   3644.90     0.011
   3645.44     0.011
   3645.92     0.011
   3646.46     0.011
   3646.94     0.011
   3647.48     0.011
   3647.96     0.010
   3648.44     0.010
   3648.98     0.011
   3649.46     0.011
   3650.00     0.010
   3650.48     0.010
   3651.02     0.010
   3651.50     0.010
   3651.98     0.010
   3652.52     0.010
   3653.00     0.010
   3653.54     0.011
   3654.02     0.010
   3654.56     0.011
   3655.04     0.011
   3655.58     0.011
   3656.06     0.011
   3656.60     0.011
   3657.08     0.011
   3657.62     0.011
   3658.10     0.011
   3658.58     0.011
   3659.12     0.011
   3659.60     0.011
   3660.14     0.011
   3660.62     0.011
   3661.16     0.011
   3661.64     0.011
   3662.12     0.011
   3662.66     0.011
   3663.20     0.011
   3663.68     0.011
   3664.22     0.011
   3664.70     0.012
   3665.18     0.012
   3665.72     0.012
   3666.20     0.012
   3666.74     0.012
   3667.22     0.012
   3667.76     0.012
   3668.24     0.012
   3668.72     0.012
   3669.26     0.012
   3669.74     0.012
   3670.28     0.012
   3670.76     0.012
   3671.30     0.012
   3671.78     0.012
   3672.32     0.012
   3672.80     0.012
   3673.34     0.012
   3673.82     0.012
   3674.30     0.012
   3674.84     0.012
   3675.32     0.012
   3675.86     0.012
   3676.34     0.012
   3676.88     0.012
   3677.36     0.012
   3677.90     0.012
   3678.38     0.012
   3678.86     0.012
   3679.40     0.012
   3679.88     0.012
   3680.42     0.012
   3680.90     0.012
   3681.44     0.012
   3681.92     0.012
   3682.46     0.012
   3682.94     0.012
   3683.48     0.012
   3683.96     0.012
   3684.44     0.012
   3684.98     0.012
   3685.46     0.012
   3686.00     0.012
   3686.48     0.012
   3687.02     0.012
   3687.50     0.012
   3688.04     0.012
   3688.52     0.012
   3689.00     0.012
   3689.54     0.012
   3690.02     0.012
   3690.56     0.012
   3691.04     0.012
   3691.58     0.012
   3692.06     0.012
   3692.60     0.012
   3693.08     0.012
   3693.62     0.012
   3694.10     0.012
   3694.64     0.012
   3695.12     0.012
   3695.60     0.012
   3696.14     0.012
   3696.62     0.012
   3697.16     0.012
   3697.64     0.012
   3698.18     0.012
   3698.66     0.012
   3699.20     0.012
   3699.68     0.012
   3700.22     0.012
   3700.70     0.012
   3701.18     0.012
   3701.72     0.012
   3702.20     0.012
   3702.74     0.012
   3703.22     0.012
   3703.76     0.012
   3704.24     0.012
   3704.72     0.012
   3705.26     0.012
   3705.74     0.012
   3706.28     0.012
   3706.76     0.012
   3707.30     0.012
   3707.78     0.012
   3708.32     0.012
   3708.80     0.012
   3709.34     0.012
   3709.82     0.012
   3710.36     0.012
   3710.84     0.012
   3711.32     0.012
   3711.86     0.012
   3712.34     0.012
   3712.88     0.012
   3713.36     0.012
   3713.90     0.012
   3714.38     0.012
   3714.92     0.012
   3715.40     0.012
   3715.88     0.012
   3716.42     0.012
   3716.90     0.012
   3717.44     0.012
   3717.92     0.012
   3718.46     0.012
   3718.94     0.012
   3719.48     0.012
   3719.96     0.012
   3720.50     0.012
   3720.98     0.012
   3721.46     0.012
   3722.00     0.012
   3722.48     0.012
   3723.02     0.013
   3723.50     0.013
   3724.04     0.013
   3724.52     0.013
   3725.06     0.013
   3725.54     0.013
   3726.08     0.013
   3726.56     0.013
   3727.10     0.013
   3727.58     0.013
   3728.06     0.013
   3728.60     0.013
   3729.08     0.013
   3729.62     0.013
   3730.10     0.013
   3730.64     0.013
   3731.12     0.013
   3731.60     0.013
   3732.14     0.013
   3732.62     0.013
   3733.16     0.013
   3733.64     0.013
   3734.18     0.013
   3734.66     0.013
   3735.20     0.014
   3735.68     0.014
   3736.22     0.014
   3736.70     0.014
   3737.24     0.014
   3737.72     0.014
   3738.20     0.014
   3738.74     0.014
   3739.22     0.014
   3739.76     0.014
   3740.24     0.014
   3740.78     0.014
   3741.26     0.014
   3741.74     0.014
   3742.28     0.014
   3742.76     0.014
   3743.30     0.014
   3743.78     0.014
   3744.32     0.014
   3744.80     0.014
   3745.34     0.014
   3745.82     0.014
   3746.36     0.014
   3746.84     0.014
   3747.38     0.014
   3747.86     0.014
   3748.34     0.014
   3748.88     0.014
   3749.36     0.014
   3749.90     0.014
   3750.38     0.014
   3750.92     0.014
   3751.40     0.014
   3751.88     0.014
   3752.42     0.014
   3752.90     0.014
   3753.44     0.014
   3753.92     0.014
   3754.46     0.014
   3754.94     0.014
   3755.48     0.014
   3755.96     0.014
   3756.50     0.014
   3756.98     0.014
   3757.52     0.014
   3758.00     0.014
   3758.54     0.014
   3759.02     0.014
   3759.50     0.014
   3760.04     0.014
   3760.52     0.013
   3761.06     0.014
   3761.54     0.014
   3762.08     0.014
   3762.56     0.014
   3763.10     0.014
   3763.58     0.014
   3764.12     0.014
   3764.60     0.014
   3765.08     0.014
   3765.62     0.013
   3766.10     0.013
   3766.64     0.014
   3767.12     0.013
   3767.66     0.014
   3768.14     0.014
   3768.68     0.013
   3769.16     0.013
   3769.64     0.013
   3770.18     0.013
   3770.66     0.013
   3771.20     0.013
   3771.68     0.013
   3772.22     0.013
   3772.70     0.013
   3773.24     0.013
   3773.72     0.013
   3774.26     0.013
   3774.74     0.013
   3775.22     0.013
   3775.76     0.013
   3776.24     0.013
   3776.78     0.013
   3777.26     0.013
   3777.80     0.013
   3778.28     0.013
   3778.76     0.013
   3779.30     0.013
   3779.78     0.013
   3780.32     0.013
   3780.80     0.013
   3781.34     0.013
   3781.82     0.013
   3782.36     0.013
   3782.84     0.013
   3783.38     0.013
   3783.86     0.013
   3784.40     0.013
   3784.88     0.013
   3785.36     0.013
   3785.90     0.013
   3786.38     0.013
   3786.92     0.013
   3787.40     0.013
   3787.94     0.013
   3788.42     0.013
   3788.96     0.013
   3789.44     0.013
   3789.98     0.013
   3790.46     0.013
   3791.00     0.013
   3791.48     0.013
   3791.96     0.013
   3792.50     0.013
   3792.98     0.013
   3793.52     0.013
   3794.00     0.013
   3794.54     0.013
   3795.02     0.013
   3795.50     0.013
   3796.04     0.013
   3796.52     0.013
   3797.06     0.013
   3797.54     0.013
   3798.08     0.013
   3798.56     0.013
   3799.10     0.013
   3799.58     0.013
   3800.12     0.013
   3800.60     0.013
   3801.14     0.013
   3801.62     0.013
   3802.10     0.013
   3802.64     0.013
   3803.12     0.013
   3803.66     0.013
   3804.14     0.013
   3804.68     0.013
   3805.16     0.013
   3805.64     0.013
   3806.18     0.012
   3806.66     0.012
   3807.20     0.012
   3807.68     0.012
   3808.22     0.012
   3808.70     0.013
   3809.24     0.013
   3809.72     0.012
   3810.26     0.012
   3810.74     0.012
   3811.28     0.012
   3811.76     0.012
   3812.24     0.012
   3812.78     0.012
   3813.26     0.012
   3813.80     0.012
   3814.28     0.012
   3814.82     0.012
   3815.30     0.012
   3815.78     0.012
   3816.32     0.012
   3816.80     0.012
   3817.34     0.012
   3817.82     0.012
   3818.36     0.012
   3818.84     0.011
   3819.38     0.011
   3819.86     0.011
   3820.40     0.011
   3820.88     0.011
   3821.42     0.011
   3821.90     0.011
   3822.38     0.011
   3822.92     0.011
   3823.40     0.011
   3823.94     0.011
   3824.42     0.011
   3824.96     0.011
   3825.44     0.011
   3825.98     0.011
   3826.46     0.011
   3827.00     0.011
   3827.48     0.011
   3827.96     0.011
   3828.50     0.011
   3828.98     0.011
   3829.52     0.011
   3830.00     0.011
   3830.54     0.011
   3831.02     0.011
   3831.56     0.011
   3832.04     0.011
   3832.52     0.011
   3833.06     0.011
   3833.54     0.011
   3834.08     0.011
   3834.56     0.011
   3835.10     0.011
   3835.58     0.011
   3836.12     0.011
   3836.60     0.011
   3837.14     0.011
   3837.62     0.011
   3838.16     0.011
   3838.64     0.011
   3839.12     0.011
   3839.66     0.011
   3840.14     0.011
   3840.68     0.011
   3841.16     0.011
   3841.70     0.011
   3842.18     0.011
   3842.66     0.011
   3843.20     0.011
   3843.68     0.011
   3844.22     0.011
   3844.70     0.011
   3845.24     0.011
   3845.72     0.011
   3846.26     0.011
   3846.74     0.011
   3847.28     0.011
   3847.76     0.011
   3848.30     0.011
   3848.78     0.010
   3849.26     0.011
   3849.80     0.011
   3850.28     0.011
   3850.82     0.011
   3851.30     0.011
   3851.84     0.011
   3852.32     0.011
   3852.86     0.011
   3853.34     0.011
   3853.88     0.011
   3854.36     0.011
   3854.84     0.010
   3855.38     0.010
   3855.86     0.010
   3856.40     0.010
   3856.88     0.010
   3857.42     0.010
   3857.90     0.010
   3858.44     0.010
   3858.92     0.010
   3859.40     0.010
   3859.94     0.010
   3860.42     0.010
   3860.96     0.010
   3861.44     0.010
   3861.98     0.010
   3862.46     0.010
   3863.00     0.010
   3863.48     0.010
   3864.02     0.010
   3864.50     0.010
   3864.98     0.010
   3865.52     0.010
   3866.00     0.010
   3866.54     0.010
   3867.02     0.010
   3867.56     0.010
   3868.04     0.010
   3868.58     0.010
   3869.06     0.010
   3869.54     0.010
   3870.08     0.010
   3870.56     0.010
   3871.10     0.010
   3871.58     0.010
   3872.12     0.010
   3872.60     0.010
   3873.14     0.010
   3873.62     0.010
   3874.16     0.010
   3874.64     0.010
   3875.12     0.010
   3875.66     0.010
   3876.14     0.010
   3876.68     0.010
   3877.16     0.010
   3877.70     0.010
   3878.18     0.010
   3878.72     0.011
   3879.20     0.011
   3879.68     0.011
   3880.22     0.011
   3880.70     0.011
   3881.24     0.011
   3881.72     0.011
   3882.26     0.011
   3882.74     0.011
   3883.28     0.011
   3883.76     0.011
   3884.30     0.011
   3884.78     0.011
   3885.32     0.011
   3885.80     0.011
   3886.28     0.011
   3886.82     0.011
   3887.30     0.011
   3887.84     0.011
   3888.32     0.011
   3888.86     0.011
   3889.34     0.011
   3889.88     0.011
   3890.36     0.011
   3890.90     0.011
   3891.38     0.011
   3891.92     0.012
   3892.40     0.012
   3892.88     0.012
   3893.42     0.012
   3893.90     0.012
   3894.44     0.012
   3894.92     0.012
   3895.46     0.012
   3895.94     0.012
   3896.42     0.012
   3896.96     0.012
   3897.44     0.012
   3897.98     0.012
   3898.46     0.012
   3899.00     0.012
   3899.48     0.012
   3900.02     0.012
   3900.50     0.012
   3901.04     0.012
   3901.52     0.012
   3902.00     0.011
   3902.54     0.011
   3903.02     0.011
   3903.56     0.011
   3904.04     0.011
   3904.58     0.011
   3905.06     0.011
   3905.54     0.011
   3906.08     0.011
   3906.56     0.011
   3907.10     0.011
   3907.58     0.011
   3908.12     0.012
   3908.60     0.012
   3909.14     0.011
   3909.62     0.012
   3910.16     0.011
   3910.64     0.011
   3911.18     0.011
   3911.66     0.011
   3912.14     0.011
   3912.68     0.011
   3913.16     0.011
   3913.70     0.011
   3914.18     0.011
   3914.72     0.011
   3915.20     0.011
   3915.74     0.011
   3916.22     0.011
   3916.76     0.011
   3917.24     0.011
   3917.78     0.011
   3918.26     0.011
   3918.74     0.011
   3919.28     0.011
   3919.76     0.011
   3920.30     0.011
   3920.78     0.011
   3921.32     0.011
   3921.80     0.011
   3922.28     0.011
   3922.82     0.011
   3923.30     0.011
   3923.84     0.011
   3924.32     0.011
   3924.86     0.011
   3925.34     0.011
   3925.88     0.011
   3926.36     0.011
   3926.90     0.010
   3927.38     0.010
   3927.92     0.010
   3928.40     0.010
   3928.88     0.010
   3929.42     0.010
   3929.90     0.011
   3930.44     0.011
   3930.92     0.011
   3931.46     0.011
   3931.94     0.010
   3932.42     0.010
   3932.96     0.010
   3933.44     0.010
   3933.98     0.010
   3934.46     0.010
   3935.00     0.010
   3935.48     0.010
   3936.02     0.010
   3936.50     0.010
   3937.04     0.010
   3937.52     0.010
   3938.06     0.010
   3938.54     0.010
   3939.02     0.010
   3939.56     0.010
   3940.04     0.010
   3940.58     0.010
   3941.06     0.010
   3941.60     0.010
   3942.08     0.010
   3942.56     0.010
   3943.10     0.010
   3943.64     0.010
   3944.12     0.010
   3944.66     0.010
   3945.14     0.010
   3945.62     0.010
   3946.16     0.010
   3946.64     0.010
   3947.18     0.010
   3947.66     0.010
   3948.20     0.010
   3948.68     0.010
   3949.16     0.010
   3949.70     0.010
   3950.18     0.010
   3950.72     0.010
   3951.20     0.010
   3951.74     0.010
   3952.22     0.010
   3952.76     0.010
   3953.24     0.010
   3953.78     0.010
   3954.26     0.010
   3954.80     0.010
   3955.28     0.010
   3955.76     0.010
   3956.30     0.010
   3956.78     0.010
   3957.32     0.010
   3957.80     0.010
   3958.34     0.010
   3958.82     0.010
   3959.30     0.010
   3959.84     0.010
   3960.32     0.010
   3960.86     0.010
   3961.34     0.010
   3961.88     0.010
   3962.36     0.010
   3962.90     0.010
   3963.38     0.010
   3963.92     0.010
   3964.40     0.010
   3964.94     0.010
   3965.42     0.010
   3965.90     0.010
   3966.44     0.010
   3966.92     0.010
   3967.46     0.010
   3967.94     0.010
   3968.48     0.010
   3968.96     0.009
   3969.44     0.009
   3969.98     0.009
   3970.46     0.009
   3971.00     0.009
   3971.48     0.009
   3972.02     0.009
   3972.50     0.009
   3973.04     0.009
   3973.52     0.009
   3974.06     0.009
   3974.54     0.009
   3975.08     0.009
   3975.56     0.009
   3976.04     0.009
   3976.58     0.009
   3977.06     0.009
   3977.60     0.009
   3978.08     0.009
   3978.62     0.009
   3979.10     0.009
   3979.64     0.009
   3980.12     0.009
   3980.66     0.009
   3981.14     0.009
   3981.68     0.009
   3982.16     0.009
   3982.64     0.009
   3983.18     0.009
   3983.66     0.009
   3984.20     0.008
   3984.68     0.009
   3985.22     0.008
   3985.70     0.008
   3986.18     0.008
   3986.72     0.008
   3987.20     0.008
   3987.74     0.008
   3988.22     0.008
   3988.76     0.008
   3989.24     0.008
   3989.78     0.008
   3990.26     0.008
   3990.80     0.008
   3991.28     0.008
   3991.82     0.008
   3992.30     0.008
   3992.78     0.008
   3993.32     0.008
   3993.80     0.008
   3994.34     0.008
   3994.82     0.008
   3995.36     0.008
   3995.84     0.008
   3996.32     0.008
   3996.86     0.007
   3997.34     0.007
   3997.88     0.007
   3998.36     0.007
   3998.90     0.007
   3999.38     0.007
   3999.92     0.007
   4000.40     0.007
   4000.94     0.007
   4001.42     0.007
   4001.96     0.007
   4002.44     0.007
   4002.92     0.007
   4003.46     0.007
   4003.94     0.007
   4004.48     0.007
   4004.96     0.007
   4005.50     0.007
   4005.98     0.007
   4006.52     0.007
   4007.00     0.007
   4007.54     0.007
   4008.02     0.007
   4008.56     0.007
   4009.04     0.007
   4009.52     0.007
   4010.06     0.006
   4010.54     0.006
   4011.08     0.006
   4011.56     0.006
   4012.10     0.006
   4012.58     0.006
   4013.06     0.006
   4013.60     0.006
   4014.08     0.006
   4014.62     0.006
   4015.10     0.006
   4015.64     0.007
   4016.12     0.007
   4016.66     0.007
   4017.14     0.006
   4017.68     0.006
   4018.16     0.006
   4018.70     0.006
   4019.18     0.006
   4019.66     0.006
   4020.20     0.006
   4020.68     0.006
   4021.22     0.006
   4021.70     0.006
   4022.24     0.006
   4022.72     0.006
   4023.20     0.006
   4023.74     0.006
   4024.22     0.006
   4024.76     0.006
   4025.24     0.006
   4025.78     0.006
   4026.26     0.006
   4026.80     0.006
   4027.28     0.006
   4027.82     0.006
   4028.30     0.006
   4028.84     0.007
   4029.32     0.006
   4029.80     0.007
   4030.34     0.007
   4030.82     0.007
   4031.36     0.007
   4031.84     0.006
   4032.38     0.007
   4032.86     0.006
   4033.34     0.006
   4033.88     0.006
   4034.36     0.006
   4034.90     0.006
   4035.38     0.006
   4035.92     0.006
   4036.40     0.006
   4036.94     0.006
   4037.42     0.006
   4037.96     0.006
   4038.44     0.006
   4038.98     0.006
   4039.46     0.006
   4039.94     0.006
   4040.48     0.006
   4040.96     0.006
   4041.50     0.006
   4041.98     0.006
   4042.52     0.006
   4043.00     0.006
   4043.54     0.006
   4044.02     0.006
   4044.56     0.006
   4045.04     0.006
   4045.52     0.006
   4046.06     0.006
   4046.54     0.006
   4047.08     0.006
   4047.56     0.006
   4048.10     0.006
   4048.58     0.006
   4049.12     0.006
   4049.60     0.006
   4050.08     0.006
   4050.62     0.006
   4051.10     0.006
   4051.64     0.006
   4052.12     0.006
   4052.66     0.006
   4053.14     0.006
   4053.68     0.006
   4054.16     0.006
   4054.70     0.006
   4055.18     0.006
   4055.66     0.006
   4056.20     0.006
   4056.68     0.006
   4057.22     0.006
   4057.70     0.006
   4058.24     0.006
   4058.72     0.006
   4059.26     0.006
   4059.74     0.006
   4060.22     0.006
   4060.76     0.006
   4061.24     0.006
   4061.78     0.005
   4062.26     0.005
   4062.80     0.005
   4063.28     0.005
   4063.82     0.005
   4064.30     0.005
   4064.84     0.005
   4065.32     0.005
   4065.86     0.005
   4066.34     0.005
   4066.82     0.005
   4067.36     0.005
   4067.84     0.005
   4068.38     0.005
   4068.86     0.005
   4069.40     0.005
   4069.88     0.005
   4070.42     0.005
   4070.90     0.005
   4071.44     0.005
   4071.92     0.005
   4072.40     0.005
   4072.94     0.005
   4073.42     0.005
   4073.96     0.005
   4074.44     0.005
   4074.98     0.005
   4075.46     0.005
   4075.94     0.005
   4076.48     0.005
   4076.96     0.005
   4077.50     0.005
   4077.98     0.005
   4078.52     0.005
   4079.00     0.005
   4079.54     0.005
   4080.02     0.005
   4080.56     0.005
   4081.04     0.005
   4081.58     0.005
   4082.06     0.005
   4082.54     0.005
   4083.08     0.005
   4083.56     0.005
   4084.10     0.005
   4084.58     0.005
   4085.12     0.005
   4085.60     0.005
   4086.08     0.005
   4086.62     0.005
   4087.10     0.005
   4087.64     0.005
   4088.12     0.005
   4088.66     0.005
   4089.14     0.005
   4089.68     0.005
   4090.16     0.004
   4090.70     0.004
   4091.18     0.004
   4091.72     0.004
   4092.20     0.004
   4092.68     0.004
   4093.22     0.004
   4093.70     0.004
   4094.24     0.004
   4094.72     0.004
   4095.26     0.004
   4095.74     0.004
   4096.22     0.004
   4096.76     0.004
   4097.24     0.004
   4097.78     0.004
   4098.26     0.004
   4098.80     0.004
   4099.28     0.004
   4099.82     0.004
   4100.30     0.004
   4100.84     0.004
   4101.32     0.004
   4101.86     0.004
   4102.34     0.004
   4102.82     0.004
   4103.36     0.004
   4103.84     0.004
   4104.38     0.004
   4104.86     0.005
   4105.40     0.005
   4105.88     0.005
   4106.42     0.005
   4106.90     0.005
   4107.44     0.005
   4107.92     0.005
   4108.46     0.005
   4108.94     0.005
   4109.42     0.005
   4109.96     0.005
   4110.44     0.005
   4110.98     0.005
   4111.46     0.005
   4112.00     0.005
   4112.48     0.005
   4112.96     0.005
   4113.50     0.005
   4113.98     0.005
   4114.52     0.005
   4115.00     0.005
   4115.54     0.005
   4116.02     0.005
   4116.56     0.005
   4117.04     0.005
   4117.58     0.005
   4118.06     0.006
   4118.60     0.005
   4119.08     0.006
   4119.56     0.006
   4120.10     0.006
   4120.58     0.006
   4121.12     0.006
   4121.60     0.006
   4122.14     0.006
   4122.62     0.006
   4123.10     0.006
   4123.64     0.006
   4124.12     0.006
   4124.66     0.006
   4125.14     0.006
   4125.68     0.006
   4126.16     0.006
   4126.70     0.006
   4127.18     0.006
   4127.72     0.006
   4128.20     0.006
   4128.74     0.006
   4129.22     0.006
   4129.70     0.006
   4130.24     0.006
   4130.72     0.006
   4131.26     0.006
   4131.74     0.006
   4132.28     0.006
   4132.76     0.006
   4133.30     0.006
   4133.78     0.006
   4134.32     0.006
   4134.80     0.006
   4135.34     0.006
   4135.82     0.006
   4136.30     0.007
   4136.84     0.007
   4137.32     0.007
   4137.86     0.007
   4138.34     0.006
   4138.88     0.007
   4139.36     0.007
   4139.84     0.006
   4140.38     0.006
   4140.86     0.007
   4141.40     0.007
   4141.88     0.007
   4142.42     0.007
   4142.90     0.006
   4143.44     0.007
   4143.92     0.007
   4144.46     0.007
   4144.94     0.007
   4145.48     0.007
   4145.96     0.007
   4146.44     0.007
   4146.98     0.007
   4147.46     0.007
   4148.00     0.007
   4148.48     0.007
   4149.02     0.007
   4149.50     0.007
   4149.98     0.007
   4150.52     0.007
   4151.00     0.007
   4151.54     0.007
   4152.02     0.007
   4152.56     0.007
   4153.04     0.007
   4153.58     0.007
   4154.06     0.007
   4154.60     0.007
   4155.08     0.007
   4155.62     0.007
   4156.10     0.007
   4156.58     0.007
   4157.12     0.007
   4157.60     0.007
   4158.14     0.007
   4158.62     0.007
   4159.16     0.007
   4159.64     0.007
   4160.12     0.007
   4160.66     0.007
   4161.14     0.007
   4161.68     0.007
   4162.22     0.007
   4162.70     0.007
   4163.18     0.006
   4163.72     0.006
   4164.20     0.006
   4164.74     0.006
   4165.22     0.006
   4165.76     0.006
   4166.24     0.006
   4166.72     0.006
   4167.26     0.006
   4167.74     0.006
   4168.28     0.006
   4168.76     0.006
   4169.30     0.006
   4169.78     0.006
   4170.32     0.006
   4170.80     0.006
   4171.34     0.006
   4171.82     0.006
   4172.36     0.006
   4172.84     0.006
   4173.32     0.005
   4173.86     0.005
   4174.34     0.005
   4174.88     0.005
   4175.36     0.005
   4175.90     0.005
   4176.38     0.005
   4176.86     0.005
   4177.40     0.005
   4177.88     0.005
   4178.42     0.005
   4178.90     0.005
   4179.44     0.005
   4179.92     0.004
   4180.46     0.004
   4180.94     0.004
   4181.48     0.004
   4181.96     0.004
   4182.50     0.004
   4182.98     0.004
   4183.46     0.004
   4184.00     0.004
   4184.48     0.004
   4185.02     0.004
   4185.50     0.004
   4186.04     0.004
   4186.52     0.004
   4187.06     0.004
   4187.54     0.004
   4188.02     0.004
   4188.56     0.004
   4189.04     0.004
   4189.58     0.004
   4190.06     0.004
   4190.60     0.004
   4191.08     0.004
   4191.62     0.004
   4192.10     0.003
   4192.64     0.003
   4193.12     0.003
   4193.60     0.003
   4194.14     0.003
   4194.62     0.003
   4195.16     0.003
   4195.64     0.003
   4196.18     0.003
   4196.66     0.003
   4197.20     0.003
   4197.68     0.003
   4198.22     0.003
   4198.70     0.003
   4199.24     0.003
   4199.72     0.003
   4200.20     0.003
   4200.74     0.003
   4201.22     0.003
   4201.76     0.003
   4202.24     0.003
   4202.78     0.003
   4203.26     0.003
   4203.74     0.003
   4204.28     0.003
   4204.76     0.003
   4205.30     0.003
   4205.78     0.003
   4206.32     0.003
   4206.80     0.003
   4207.34     0.003
   4207.82     0.003
   4208.36     0.003
   4208.84     0.003
   4209.38     0.003
   4209.86     0.003
   4210.34     0.003
   4210.88     0.003
   4211.36     0.003
   4211.90     0.003
   4212.38     0.003
   4212.92     0.003
   4213.40     0.003
   4213.88     0.003
   4214.42     0.003
   4214.90     0.003
   4215.44     0.003
   4215.92     0.003
   4216.46     0.003
   4216.94     0.003
   4217.48     0.003
   4217.96     0.003
   4218.50     0.003
   4218.98     0.003
   4219.52     0.003
   4220.00     0.003
   4220.48     0.003
   4221.02     0.003
   4221.50     0.003
   4222.04     0.003
   4222.52     0.003
   4223.06     0.003
   4223.54     0.003
   4224.02     0.003
   4224.56     0.003
   4225.10     0.003
   4225.58     0.003
   4226.06     0.003
   4226.60     0.003
   4227.08     0.003
   4227.62     0.003
   4228.10     0.003
   4228.64     0.003
   4229.12     0.003
   4229.66     0.003
   4230.14     0.003
   4230.62     0.003
   4231.16     0.003
   4231.64     0.003
   4232.18     0.003
   4232.66     0.003
   4233.20     0.003
   4233.68     0.003
   4234.22     0.003
   4234.70     0.003
   4235.24     0.003
   4235.72     0.003
   4236.20     0.003
   4236.74     0.003
   4237.22     0.003
   4237.76     0.003
   4238.24     0.003
   4238.78     0.003
   4239.26     0.003
   4239.80     0.003
   4240.28     0.003
   4240.76     0.003
   4241.30     0.003
   4241.78     0.003
   4242.32     0.003
   4242.80     0.003
   4243.34     0.003
   4243.82     0.003
   4244.36     0.003
   4244.84     0.003
   4245.38     0.003
   4245.86     0.003
   4246.34     0.003
   4246.88     0.003
   4247.36     0.003
   4247.90     0.003
   4248.38     0.003
   4248.92     0.003
   4249.40     0.002
   4249.94     0.002
   4250.42     0.002
   4250.90     0.002
   4251.44     0.002
   4251.92     0.002
   4252.46     0.002
   4252.94     0.002
   4253.48     0.002
   4253.96     0.002
   4254.50     0.002
   4254.98     0.002
   4255.52     0.002
   4256.00     0.002
   4256.54     0.002
   4257.02     0.002
   4257.50     0.002
   4258.04     0.002
   4258.52     0.002
   4259.06     0.002
   4259.54     0.002
   4260.08     0.002
   4260.56     0.002
   4261.10     0.002
   4261.58     0.002
   4262.12     0.002
   4262.60     0.002
   4263.08     0.002
   4263.62     0.002
   4264.10     0.002
   4264.64     0.002
   4265.12     0.002
   4265.66     0.002
   4266.14     0.002
   4266.62     0.002
   4267.16     0.002
   4267.64     0.002
   4268.18     0.002
   4268.66     0.002
   4269.20     0.002
   4269.68     0.002
   4270.22     0.002
   4270.70     0.002
   4271.24     0.002
   4271.72     0.002
   4272.26     0.002
   4272.74     0.002
   4273.22     0.002
   4273.76     0.002
   4274.24     0.002
   4274.78     0.002
   4275.26     0.002
   4275.80     0.002
   4276.28     0.002
   4276.82     0.002
   4277.30     0.002
   4277.78     0.002
   4278.32     0.002
   4278.80     0.002
   4279.34     0.002
   4279.82     0.002
   4280.36     0.002
   4280.84     0.002
   4281.38     0.002
   4281.86     0.002
   4282.40     0.002
   4282.88     0.002
   4283.36     0.003
   4283.90     0.003
   4284.38     0.003
   4284.92     0.003
   4285.40     0.003
   4285.94     0.003
   4286.42     0.003
   4286.96     0.003
   4287.44     0.003
   4287.98     0.003
   4288.46     0.003
   4289.00     0.003
   4289.48     0.003
   4289.96     0.003
   4290.50     0.003
   4290.98     0.004
   4291.52     0.004
   4292.00     0.004
   4292.54     0.004
   4293.02     0.004
   4293.50     0.004
   4294.04     0.004
   4294.52     0.004
   4295.06     0.004
   4295.54     0.004
   4296.08     0.004
   4296.56     0.004
   4297.10     0.004
   4297.58     0.004
   4298.12     0.004
   4298.60     0.004
   4299.14     0.004
   4299.62     0.004
   4300.10     0.004
   4300.64     0.004
   4301.12     0.004
   4301.66     0.004
   4302.14     0.004
   4302.68     0.004
   4303.16     0.004
   4303.64     0.004
   4304.18     0.004
   4304.66     0.004
   4305.20     0.004
   4305.68     0.004
   4306.22     0.004
   4306.70     0.004
   4307.24     0.004
   4307.72     0.004
   4308.26     0.004
   4308.74     0.004
   4309.28     0.004
   4309.76     0.004
   4310.24     0.004
   4310.78     0.004
   4311.26     0.004
   4311.80     0.004
   4312.28     0.004
   4312.82     0.004
   4313.30     0.004
   4313.78     0.004
   4314.32     0.004
   4314.80     0.004
   4315.34     0.004
   4315.82     0.004
   4316.36     0.004
   4316.84     0.004
   4317.38     0.004
   4317.86     0.004
   4318.40     0.004
   4318.88     0.004
   4319.42     0.004
   4319.90     0.004
   4320.38     0.004
   4320.92     0.004
   4321.40     0.004
   4321.94     0.004
   4322.42     0.004
   4322.96     0.004
   4323.44     0.004
   4323.98     0.004
   4324.46     0.004
   4325.00     0.004
   4325.48     0.004
   4326.02     0.003
   4326.50     0.003
   4326.98     0.003
   4327.52     0.003
   4328.00     0.004
   4328.54     0.004
   4329.02     0.004
   4329.56     0.004
   4330.04     0.003
   4330.52     0.003
   4331.06     0.003
   4331.54     0.003
   4332.08     0.003
   4332.56     0.003
   4333.10     0.004
   4333.58     0.004
   4334.12     0.004
   4334.60     0.004
   4335.14     0.003
   4335.62     0.003
   4336.16     0.004
   4336.64     0.004
   4337.12     0.003
   4337.66     0.003
   4338.14     0.003
   4338.68     0.003
   4339.16     0.003
   4339.70     0.003
   4340.18     0.003
   4340.72     0.003
   4341.20     0.003
   4341.68     0.003
   4342.22     0.003
   4342.70     0.003
   4343.24     0.003
   4343.72     0.003
   4344.26     0.003
   4344.74     0.003
   4345.28     0.003
   4345.76     0.003
   4346.30     0.003
   4346.78     0.003
   4347.26     0.003
   4347.80     0.003
   4348.28     0.003
   4348.82     0.003
   4349.30     0.003
   4349.84     0.003
   4350.32     0.003
   4350.86     0.003
   4351.34     0.003
   4351.88     0.003
   4352.36     0.003
   4352.90     0.003
   4353.38     0.003
   4353.86     0.003
   4354.40     0.003
   4354.88     0.003
   4355.42     0.003
   4355.90     0.003
   4356.44     0.003
   4356.92     0.003
   4357.40     0.003
   4357.94     0.003
   4358.42     0.003
   4358.96     0.003
   4359.44     0.003
   4359.98     0.003
   4360.46     0.003
   4361.00     0.003
   4361.48     0.003
   4362.02     0.003
   4362.50     0.003
   4363.04     0.003
   4363.52     0.003
   4364.00     0.003
   4364.54     0.003
   4365.02     0.002
   4365.56     0.003
   4366.04     0.003
   4366.58     0.003
   4367.06     0.003
   4367.54     0.003
   4368.08     0.003
   4368.56     0.003
   4369.10     0.003
   4369.58     0.003
   4370.12     0.003
   4370.60     0.003
   4371.14     0.003
   4371.62     0.003
   4372.16     0.003
   4372.64     0.003
   4373.18     0.003
   4373.66     0.003
   4374.14     0.003
   4374.68     0.003
   4375.16     0.003
   4375.70     0.003
   4376.18     0.003
   4376.72     0.003
   4377.20     0.003
   4377.68     0.003
   4378.22     0.003
   4378.70     0.003
   4379.24     0.003
   4379.72     0.003
   4380.26     0.003
   4380.74     0.003
   4381.28     0.003
   4381.76     0.003
   4382.30     0.003
   4382.78     0.003
   4383.32     0.003
   4383.80     0.004
   4384.28     0.004
   4384.82     0.004
   4385.30     0.004
   4385.84     0.004
   4386.32     0.004
   4386.86     0.004
   4387.34     0.004
   4387.88     0.004
   4388.36     0.004
   4388.90     0.004
   4389.38     0.004
   4389.92     0.004
   4390.40     0.004
   4390.88     0.004
   4391.42     0.004
   4391.90     0.004
   4392.44     0.004
   4392.92     0.004
   4393.46     0.004
   4393.94     0.004
   4394.42     0.004
   4394.96     0.004
   4395.44     0.004
   4395.98     0.004
   4396.46     0.004
   4397.00     0.004
   4397.48     0.004
   4398.02     0.004
   4398.50     0.004
   4399.04     0.004
   4399.52     0.004
   4400.06     0.004
   4400.54     0.004
   4401.02     0.004
   4401.56     0.004
   4402.04     0.004
   4402.58     0.004
   4403.06     0.004
   4403.60     0.004
   4404.08     0.004
   4404.56     0.004
   4405.10     0.004
   4405.58     0.004
   4406.12     0.004
   4406.60     0.004
   4407.14     0.004
   4407.62     0.004
   4408.16     0.004
   4408.64     0.004
   4409.18     0.004
   4409.66     0.004
   4410.14     0.004
   4410.68     0.004
   4411.16     0.004
   4411.70     0.004
   4412.18     0.004
   4412.72     0.004
   4413.20     0.004
   4413.74     0.004
   4414.22     0.004
   4414.76     0.004
   4415.24     0.004
   4415.78     0.004
   4416.26     0.004
   4416.74     0.004
   4417.28     0.004
   4417.76     0.004
   4418.30     0.004
   4418.78     0.004
   4419.32     0.004
   4419.80     0.004
   4420.34     0.004
   4420.82     0.004
   4421.30     0.004
   4421.84     0.004
   4422.32     0.004
   4422.86     0.004
   4423.34     0.004
   4423.88     0.004
   4424.36     0.004
   4424.90     0.004
   4425.38     0.004
   4425.92     0.004
   4426.40     0.004
   4426.88     0.004
   4427.42     0.004
   4427.90     0.004
   4428.44     0.004
   4428.92     0.004
   4429.46     0.004
   4429.94     0.004
   4430.48     0.004
   4430.96     0.004
   4431.44     0.004
   4431.98     0.004
   4432.46     0.004
   4433.00     0.004
   4433.48     0.004
   4434.02     0.004
   4434.50     0.004
   4435.04     0.004
   4435.52     0.004
   4436.06     0.004
   4436.54     0.004
   4437.02     0.004
   4437.56     0.004
   4438.04     0.004
   4438.58     0.004
   4439.06     0.004
   4439.60     0.004
   4440.08     0.004
   4440.62     0.004
   4441.10     0.004
   4441.58     0.004
   4442.12     0.004
   4442.60     0.004
   4443.14     0.004
   4443.62     0.004
   4444.16     0.004
   4444.64     0.004
   4445.18     0.004
   4445.66     0.004
   4446.20     0.004
   4446.68     0.004
   4447.16     0.004
   4447.70     0.004
   4448.18     0.004
   4448.72     0.004
   4449.20     0.004
   4449.74     0.004
   4450.22     0.004
   4450.76     0.004
   4451.24     0.004
   4451.78     0.004
   4452.26     0.004
   4452.80     0.004
   4453.28     0.004
   4453.76     0.004
   4454.30     0.004
   4454.84     0.004
   4455.32     0.004
   4455.80     0.004
   4456.34     0.004
   4456.82     0.004
   4457.30     0.004
   4457.84     0.004
   4458.32     0.004
   4458.86     0.004
   4459.34     0.004
   4459.88     0.004
   4460.36     0.004
   4460.90     0.004
   4461.38     0.004
   4461.92     0.004
   4462.40     0.004
   4462.94     0.004
   4463.42     0.004
   4463.90     0.004
   4464.44     0.004
   4464.92     0.004
   4465.46     0.004
   4465.94     0.004
   4466.48     0.004
   4466.96     0.004
   4467.50     0.004
   4467.98     0.004
   4468.46     0.004
   4469.00     0.004
   4469.48     0.004
   4470.02     0.004
   4470.50     0.004
   4471.04     0.004
   4471.52     0.004
   4472.06     0.004
   4472.54     0.004
   4473.08     0.004
   4473.56     0.004
   4474.04     0.004
   4474.58     0.004
   4475.06     0.004
   4475.60     0.004
   4476.08     0.004
   4476.62     0.004
   4477.10     0.004
   4477.64     0.004
   4478.12     0.004
   4478.66     0.004
   4479.14     0.004
   4479.68     0.003
   4480.16     0.003
   4480.64     0.003
   4481.18     0.003
   4481.66     0.003
   4482.20     0.003
   4482.68     0.003
   4483.22     0.003
   4483.70     0.003
   4484.24     0.003
   4484.72     0.003
   4485.20     0.003
   4485.74     0.003
   4486.22     0.003
   4486.76     0.003
   4487.24     0.003
   4487.78     0.003
   4488.26     0.003
   4488.80     0.003
   4489.28     0.003
   4489.82     0.003
   4490.30     0.003
   4490.78     0.003
   4491.32     0.003
   4491.80     0.003
   4492.34     0.002
   4492.82     0.002
   4493.36     0.002
   4493.84     0.002
   4494.32     0.003
   4494.86     0.002
   4495.34     0.002
   4495.88     0.003
   4496.36     0.002
   4496.90     0.002
   4497.38     0.002
   4497.92     0.003
   4498.40     0.003
   4498.94     0.003
   4499.42     0.003
   4499.96     0.003
   4500.44     0.003
   4500.92     0.003
   4501.46     0.003
   4501.94     0.003
   4502.48     0.003
   4502.96     0.003
   4503.50     0.003
   4503.98     0.003
   4504.46     0.003
   4505.00     0.003
   4505.54     0.003
   4506.02     0.003
   4506.56     0.003
   4507.04     0.003
   4507.52     0.003
   4508.06     0.003
   4508.54     0.003
   4509.08     0.003
   4509.56     0.003
   4510.10     0.003
   4510.58     0.003
   4511.06     0.003
   4511.60     0.003
   4512.08     0.003
   4512.62     0.003
   4513.10     0.003
   4513.64     0.003
   4514.12     0.003
   4514.66     0.003
   4515.14     0.003
   4515.68     0.003
   4516.16     0.002
   4516.70     0.002
   4517.18     0.002
   4517.66     0.002
   4518.20     0.002
   4518.68     0.002
   4519.22     0.002
   4519.70     0.002
   4520.24     0.002
   4520.72     0.002
   4521.20     0.002
   4521.74     0.002
   4522.22     0.002
   4522.76     0.002
   4523.24     0.002
   4523.78     0.002
   4524.26     0.002
   4524.80     0.002
   4525.28     0.002
   4525.82     0.002
   4526.30     0.002
   4526.84     0.002
   4527.32     0.002
   4527.80     0.002
   4528.34     0.002
   4528.82     0.002
   4529.36     0.002
   4529.84     0.002
   4530.38     0.002
   4530.86     0.002
   4531.34     0.002
   4531.88     0.002
   4532.36     0.002
   4532.90     0.002
   4533.38     0.002
   4533.92     0.002
   4534.40     0.002
   4534.94     0.002
   4535.42     0.002
   4535.96     0.002
   4536.44     0.002
   4536.98     0.002
   4537.46     0.002
   4537.94     0.002
   4538.48     0.002
   4538.96     0.002
   4539.50     0.001
   4539.98     0.001
   4540.52     0.001
   4541.00     0.001
   4541.54     0.001
   4542.02     0.001
   4542.56     0.002
   4543.04     0.002
   4543.58     0.001
   4544.06     0.001
   4544.54     0.001
   4545.08     0.001
   4545.56     0.001
   4546.10     0.001
   4546.58     0.001
   4547.12     0.001
   4547.60     0.001
   4548.08     0.001
   4548.62     0.001
   4549.10     0.001
   4549.64     0.001
   4550.12     0.001
   4550.66     0.001
   4551.14     0.001
   4551.68     0.001
   4552.16     0.001
   4552.70     0.001
   4553.18     0.001
   4553.72     0.001
   4554.20     0.001
   4554.68     0.001
   4555.22     0.001
   4555.70     0.001
   4556.24     0.001
   4556.72     0.001
   4557.26     0.000
   4557.74     0.000
   4558.22     0.000
   4558.76     0.000
   4559.24     0.000
   4559.78     0.000
   4560.26     0.000
   4560.80     0.000
   4561.28     0.000
   4561.82     0.000
   4562.30     0.000
   4562.84     0.000
   4563.32     0.000
   4563.86     0.000
   4564.34     0.000
   4564.82     0.000
   4565.36     0.000
   4565.84     0.000
   4566.38     0.000
   4566.86     0.000
   4567.40     0.000
   4567.88     0.000
   4568.42     0.000
   4568.90     0.000
   4569.44     0.000
   4569.92     0.000
   4570.46     0.000
   4570.94     0.000
   4571.42     0.000
   4571.96     0.000
   4572.44     0.000
   4572.98     0.000
   4573.46     0.000
   4574.00     0.000
   4574.48     0.000
   4574.96     0.001
   4575.50     0.001
   4575.98     0.001
   4576.52     0.001
   4577.00     0.001
   4577.54     0.001
   4578.02     0.001
   4578.56     0.001
   4579.04     0.001
   4579.58     0.001
   4580.06     0.001
   4580.54     0.000
   4581.08     0.000
   4581.56     0.000
   4582.10     0.000
   4582.58     0.001
   4583.12     0.001
   4583.60     0.001
   4584.14     0.001
   4584.62     0.001
   4585.10     0.001
   4585.64     0.001
   4586.12     0.001
   4586.66     0.001
   4587.14     0.001
   4587.68     0.001
   4588.16     0.001
   4588.70     0.001
   4589.18     0.001
   4589.72     0.001
   4590.20     0.001
   4590.74     0.001
   4591.22     0.001
   4591.70     0.001
   4592.24     0.001
   4592.72     0.001
   4593.26     0.001
   4593.74     0.001
   4594.28     0.001
   4594.76     0.001
   4595.24     0.001
   4595.78     0.001
   4596.26     0.001
   4596.80     0.001
   4597.28     0.001
   4597.82     0.001
   4598.30     0.001
   4598.84     0.001
   4599.32     0.001
   4599.86     0.001
   4600.34     0.001
   4600.88     0.001
   4601.36     0.001
   4601.84     0.001
   4602.38     0.001
   4602.86     0.001
   4603.40     0.001
   4603.88     0.001
   4604.42     0.001
   4604.90     0.001
   4605.44     0.001
   4605.92     0.001
   4606.46     0.001
   4606.94     0.001
   4607.48     0.001
   4607.96     0.001
   4608.44     0.001
   4608.98     0.001
   4609.46     0.001
   4610.00     0.001
   4610.48     0.001
   4611.02     0.001
   4611.50     0.001
   4611.98     0.001
   4612.52     0.001
   4613.00     0.001
   4613.54     0.002
   4614.02     0.002
   4614.56     0.002
   4615.04     0.002
   4615.58     0.002
   4616.06     0.002
   4616.60     0.002
   4617.08     0.002
   4617.56     0.002
   4618.10     0.002
   4618.58     0.002
   4619.12     0.002
   4619.60     0.002
   4620.14     0.002
   4620.62     0.002
   4621.16     0.002
   4621.64     0.002
   4622.12     0.002
   4622.66     0.002
   4623.14     0.002
   4623.68     0.002
   4624.16     0.002
   4624.70     0.002
   4625.18     0.002
   4625.72     0.002
   4626.20     0.002
   4626.74     0.002
   4627.22     0.002
   4627.76     0.002
   4628.24     0.002
   4628.72     0.002
   4629.26     0.002
   4629.74     0.002
   4630.28     0.002
   4630.76     0.002
   4631.30     0.002
   4631.78     0.002
   4632.32     0.002
   4632.80     0.002
   4633.34     0.002
   4633.82     0.002
   4634.30     0.002
   4634.84     0.002
   4635.32     0.002
   4635.86     0.002
   4636.34     0.002
   4636.88     0.002
   4637.36     0.002
   4637.90     0.002
   4638.38     0.002
   4638.86     0.002
   4639.40     0.002
   4639.88     0.002
   4640.42     0.002
   4640.90     0.002
   4641.44     0.002
   4641.92     0.002
   4642.46     0.002
   4642.94     0.002
   4643.48     0.002
   4643.96     0.002
   4644.44     0.002
   4644.98     0.002
   4645.46     0.002
   4646.00     0.002
   4646.48     0.002
   4647.02     0.002
   4647.50     0.002
   4647.98     0.002
   4648.52     0.002
   4649.00     0.002
   4649.54     0.002
   4650.02     0.002
   4650.56     0.002
   4651.04     0.002
   4651.58     0.002
   4652.06     0.002
   4652.60     0.002
   4653.08     0.002
   4653.62     0.002
   4654.10     0.002
   4654.58     0.002
   4655.12     0.002
   4655.60     0.002
   4656.14     0.002
   4656.62     0.002
   4657.16     0.002
   4657.64     0.002
   4658.18     0.002
   4658.66     0.002
   4659.14     0.002
   4659.68     0.002
   4660.16     0.002
   4660.70     0.002
   4661.18     0.002
   4661.72     0.002
   4662.20     0.002
   4662.74     0.002
   4663.22     0.002
   4663.76     0.002
   4664.24     0.002
   4664.72     0.002
   4665.26     0.002
   4665.74     0.002
   4666.28     0.002
   4666.76     0.002
   4667.30     0.002
   4667.78     0.002
   4668.32     0.002
   4668.80     0.002
   4669.34     0.002
   4669.82     0.002
   4670.36     0.002
   4670.84     0.002
   4671.32     0.002
   4671.86     0.002
   4672.34     0.002
   4672.88     0.002
   4673.36     0.002
   4673.90     0.002
   4674.38     0.002
   4674.86     0.002
   4675.40     0.002
   4675.88     0.002
   4676.42     0.002
   4676.90     0.002
   4677.44     0.002
   4677.92     0.002
   4678.46     0.002
   4678.94     0.002
   4679.48     0.002
   4679.96     0.002
   4680.50     0.002
   4680.98     0.002
   4681.46     0.002
   4682.00     0.002
   4682.48     0.002
   4683.02     0.002
   4683.50     0.002
   4684.04     0.002
   4684.52     0.002
   4685.00     0.002
   4685.54     0.002
   4686.02     0.002
   4686.56     0.002
   4687.04     0.002
   4687.58     0.002
   4688.06     0.002
   4688.60     0.001
   4689.08     0.001
   4689.62     0.001
   4690.10     0.001
   4690.64     0.001
   4691.12     0.001
   4691.60     0.001
   4692.14     0.001
   4692.62     0.001
   4693.16     0.001
   4693.64     0.001
   4694.18     0.001
   4694.66     0.001
   4695.20     0.001
   4695.68     0.001
   4696.22     0.001
   4696.70     0.001
   4697.24     0.001
   4697.72     0.001
   4698.20     0.001
   4698.74     0.001
   4699.22     0.001
   4699.76     0.001
   4700.24     0.001
   4700.78     0.001
   4701.26     0.001
   4701.74     0.001
   4702.28     0.001
   4702.76     0.001
   4703.30     0.001
   4703.78     0.001
   4704.32     0.001
   4704.80     0.001
   4705.34     0.001
   4705.82     0.001
   4706.36     0.001
   4706.84     0.001
   4707.38     0.001
   4707.86     0.001
   4708.40     0.001
   4708.88     0.001
   4709.36     0.001
   4709.90     0.001
   4710.38     0.001
   4710.92     0.001
   4711.40     0.001
   4711.88     0.001
   4712.42     0.001
   4712.90     0.001
   4713.44     0.000
   4713.92     0.000
   4714.46     0.000
   4714.94     0.000
   4715.48     0.000
   4715.96     0.000
   4716.50     0.000
   4716.98     0.000
   4717.52     0.000
   4718.00     0.000
   4718.48     0.000
   4719.02     0.000
   4719.50     0.000
   4720.04     0.000
   4720.52     0.000
   4721.06     0.000
   4721.54     0.000
   4722.08     0.000
   4722.56     0.000
   4723.04     0.000
   4723.58     0.000
   4724.12     0.000
   4724.60     0.000
   4725.08     0.000
   4725.62     0.000
   4726.10     0.000
   4726.64     0.000
   4727.12     0.000
   4727.66     0.000
   4728.14     0.000
   4728.62     0.000
   4729.16     0.000
   4729.64     0.000
   4730.18     0.000
   4730.66     0.000
   4731.20     0.000
   4731.68     0.000
   4732.22     0.000
   4732.70     0.000
   4733.24     0.000
   4733.72     0.000
   4734.26     0.000
   4734.74     0.000
   4735.22     0.000
   4735.76     0.000
   4736.24     0.000
   4736.78     0.000
   4737.26     0.000
   4737.80     0.000
   4738.28     0.000
   4738.76     0.000
   4739.30     0.000
   4739.78     0.000
   4740.32     0.000
   4740.80     0.000
   4741.34     0.000
   4741.82     0.000
   4742.36     0.000
   4742.84     0.000
   4743.38     0.000
   4743.86     0.000
   4744.40     0.000
   4744.88     0.000
   4745.36     0.000
   4745.90     0.000
   4746.38     0.000
   4746.92     0.000
   4747.40     0.000
   4747.94     0.000
   4748.42     0.000
   4748.90     0.000
   4749.44     0.000
   4749.92     0.000
   4750.46     0.000
   4750.94     0.000
   4751.48     0.001
   4751.96     0.001
   4752.50     0.001
   4752.98     0.001
   4753.52     0.001
   4754.00     0.001
   4754.54     0.001
   4755.02     0.001
   4755.50     0.001
   4756.04     0.001
   4756.52     0.001
   4757.06     0.001
   4757.54     0.001
   4758.08     0.001
   4758.56     0.001
   4759.10     0.001
   4759.58     0.001
   4760.12     0.001
   4760.60     0.001
   4761.14     0.001
   4761.62     0.001
   4762.10     0.001
   4762.64     0.001
   4763.12     0.001
   4763.66     0.001
   4764.14     0.001
   4764.68     0.001
   4765.16     0.001
   4765.64     0.001
   4766.18     0.001
   4766.66     0.001
   4767.20     0.001
   4767.68     0.001
   4768.22     0.001
   4768.70     0.001
   4769.24     0.001
   4769.72     0.001
   4770.26     0.001
   4770.74     0.002
   4771.22     0.002
   4771.76     0.002
   4772.24     0.002
   4772.78     0.002
   4773.26     0.002
   4773.80     0.002
   4774.28     0.002
   4774.82     0.002
   4775.30     0.002
   4775.78     0.002
   4776.32     0.002
   4776.80     0.002
   4777.34     0.002
   4777.82     0.002
   4778.36     0.002
   4778.84     0.002
   4779.38     0.002
   4779.86     0.002
   4780.40     0.002
   4780.88     0.002
   4781.42     0.002
   4781.90     0.002
   4782.38     0.002
   4782.92     0.002
   4783.40     0.002
   4783.94     0.002
   4784.42     0.002
   4784.96     0.002
   4785.44     0.002
   4785.92     0.002
   4786.46     0.002
   4787.00     0.002
   4787.48     0.002
   4787.96     0.003
   4788.50     0.003
   4788.98     0.003
   4789.52     0.003
   4790.00     0.002
   4790.54     0.003
   4791.02     0.003
   4791.56     0.002
   4792.04     0.003
   4792.52     0.002
   4793.06     0.002
   4793.54     0.002
   4794.08     0.002
   4794.56     0.002
   4795.10     0.002
   4795.58     0.002
   4796.12     0.002
   4796.60     0.002
   4797.14     0.002
   4797.62     0.002
   4798.16     0.002
   4798.64     0.002
   4799.12     0.002
   4799.66     0.002
   4800.14     0.002
   4800.68     0.002
   4801.16     0.002
   4801.70     0.002
   4802.18     0.002
   4802.66     0.002
   4803.20     0.002
   4803.68     0.002
   4804.22     0.002
   4804.70     0.002
   4805.24     0.002
   4805.72     0.002
   4806.26     0.002
   4806.74     0.002
   4807.28     0.002
   4807.76     0.002
   4808.24     0.002
   4808.78     0.002
   4809.26     0.002
   4809.80     0.002
   4810.28     0.002
   4810.82     0.002
   4811.30     0.002
   4811.84     0.002
   4812.32     0.002
   4812.80     0.002
   4813.34     0.002
   4813.82     0.002
   4814.36     0.002
   4814.84     0.002
   4815.38     0.002
   4815.86     0.002
   4816.40     0.002
   4816.88     0.002
   4817.42     0.002
   4817.90     0.002
   4818.38     0.002
   4818.92     0.002
   4819.40     0.002
   4819.94     0.002
   4820.42     0.002
   4820.96     0.002
   4821.44     0.002
   4821.98     0.002
   4822.46     0.002
   4823.00     0.002
   4823.48     0.003
   4824.02     0.003
   4824.50     0.003
   4824.98     0.003
   4825.52     0.003
   4826.00     0.003
   4826.54     0.003
   4827.02     0.003
   4827.56     0.003
   4828.04     0.003
   4828.52     0.003
   4829.06     0.003
   4829.54     0.003
   4830.08     0.003
   4830.56     0.003
   4831.10     0.003
   4831.58     0.003
   4832.12     0.003
   4832.60     0.003
   4833.14     0.003
   4833.62     0.003
   4834.16     0.003
   4834.64     0.003
   4835.18     0.003
   4835.66     0.003
   4836.14     0.003
   4836.68     0.004
   4837.16     0.003
   4837.70     0.004
   4838.18     0.004
   4838.72     0.004
   4839.20     0.004
   4839.68     0.004
   4840.22     0.004
   4840.70     0.004
   4841.24     0.004
   4841.72     0.004
   4842.26     0.004
   4842.74     0.004
   4843.28     0.004
   4843.76     0.004
   4844.30     0.004
   4844.78     0.004
   4845.26     0.004
   4845.80     0.004
   4846.28     0.004
   4846.82     0.004
   4847.30     0.004
   4847.84     0.004
   4848.32     0.004
   4848.86     0.004
   4849.34     0.004
   4849.88     0.004
   4850.36     0.004
   4850.90     0.004
   4851.38     0.004
   4851.86     0.004
   4852.40     0.004
   4852.88     0.004
   4853.42     0.004
   4853.90     0.004
   4854.44     0.004
   4854.92     0.004
   4855.40     0.004
   4855.94     0.004
   4856.42     0.004
   4856.96     0.004
   4857.44     0.004
   4857.98     0.004
   4858.46     0.004
   4859.00     0.004
   4859.48     0.004
   4860.02     0.004
   4860.50     0.003
   4861.04     0.003
   4861.52     0.003
   4862.00     0.003
   4862.54     0.003
   4863.02     0.003
   4863.56     0.003
   4864.04     0.003
   4864.58     0.003
   4865.06     0.003
   4865.54     0.003
   4866.08     0.003
   4866.56     0.003
   4867.10     0.003
   4867.58     0.003
   4868.12     0.003
   4868.60     0.003
   4869.14     0.003
   4869.62     0.003
   4870.16     0.003
   4870.64     0.003
   4871.18     0.003
   4871.66     0.003
   4872.14     0.003
   4872.68     0.003
   4873.16     0.003
   4873.70     0.002
   4874.18     0.002
   4874.72     0.002
   4875.20     0.003
   4875.68     0.002
   4876.22     0.002
   4876.70     0.002
   4877.24     0.002
   4877.72     0.002
   4878.26     0.002
   4878.74     0.002
   4879.28     0.002
   4879.76     0.002
   4880.30     0.002
   4880.78     0.002
   4881.32     0.002
   4881.80     0.002
   4882.28     0.002
   4882.82     0.002
   4883.30     0.002
   4883.84     0.002
   4884.32     0.002
   4884.86     0.002
   4885.34     0.002
   4885.88     0.002
   4886.36     0.002
   4886.90     0.002
   4887.38     0.002
   4887.92     0.002
   4888.40     0.002
   4888.88     0.002
   4889.42     0.002
   4889.90     0.002
   4890.44     0.002
   4890.92     0.003
   4891.46     0.003
   4891.94     0.003
   4892.42     0.003
   4892.96     0.003
   4893.44     0.003
   4893.98     0.003
   4894.46     0.003
   4895.00     0.003
   4895.48     0.003
   4896.02     0.003
   4896.50     0.003
   4897.04     0.003
   4897.52     0.003
   4898.06     0.003
   4898.54     0.003
   4899.02     0.003
   4899.56     0.003
   4900.04     0.003
   4900.58     0.003
   4901.06     0.003
   4901.60     0.003
   4902.08     0.003
   4902.56     0.003
   4903.10     0.003
   4903.58     0.003
   4904.12     0.003
   4904.60     0.003
   4905.14     0.003
   4905.62     0.003
   4906.16     0.003
   4906.64     0.003
   4907.18     0.003
   4907.66     0.003
   4908.20     0.003
   4908.68     0.003
   4909.16     0.003
   4909.70     0.003
   4910.18     0.003
   4910.72     0.003
   4911.20     0.003
   4911.74     0.003
   4912.22     0.003
   4912.76     0.003
   4913.24     0.003
   4913.78     0.003
   4914.26     0.003
   4914.80     0.003
   4915.28     0.003
   4915.76     0.003
   4916.30     0.003
   4916.78     0.003
   4917.32     0.003
   4917.80     0.003
   4918.34     0.003
   4918.82     0.003
   4919.30     0.003
   4919.84     0.003
   4920.32     0.003
   4920.86     0.003
   4921.34     0.003
   4921.88     0.003
   4922.36     0.003
   4922.90     0.003
   4923.38     0.003
   4923.92     0.003
   4924.40     0.003
   4924.94     0.003
   4925.42     0.003
   4925.90     0.002
   4926.44     0.002
   4926.92     0.002
   4927.46     0.002
   4927.94     0.002
   4928.48     0.002
   4928.96     0.002
   4929.44     0.002
   4929.98     0.002
   4930.46     0.002
   4931.00     0.002
   4931.48     0.002
   4932.02     0.002
   4932.50     0.002
   4933.04     0.002
   4933.52     0.002
   4934.06     0.002
   4934.54     0.002
   4935.08     0.002
   4935.56     0.002
   4936.04     0.002
   4936.58     0.002
   4937.06     0.002
   4937.60     0.001
   4938.08     0.001
   4938.62     0.001
   4939.10     0.001
   4939.58     0.001
   4940.12     0.001
   4940.60     0.001
   4941.14     0.001
   4941.62     0.001
   4942.16     0.001
   4942.64     0.001
   4943.18     0.001
   4943.66     0.001
   4944.20     0.001
   4944.68     0.001
   4945.22     0.001
   4945.70     0.001
   4946.18     0.001
   4946.72     0.001
   4947.20     0.001
   4947.74     0.001
   4948.22     0.001
   4948.76     0.001
   4949.24     0.001
   4949.78     0.001
   4950.26     0.001
   4950.80     0.001
   4951.28     0.001
   4951.76     0.001
   4952.30     0.001
   4952.78     0.001
   4953.32     0.001
   4953.80     0.001
   4954.34     0.001
   4954.82     0.001
   4955.36     0.001
   4955.84     0.001
   4956.32     0.001
   4956.86     0.001
   4957.34     0.001
   4957.88     0.000
   4958.36     0.000
   4958.90     0.000
   4959.38     0.000
   4959.92     0.000
   4960.40     0.000
   4960.94     0.000
   4961.42     0.000
   4961.96     0.000
   4962.44     0.000
   4962.92     0.000
   4963.46    -0.000
   4963.94     0.000
   4964.48    -0.000
   4964.96    -0.000
   4965.50    -0.000
   4965.98    -0.000
   4966.46    -0.000
   4967.00    -0.000
   4967.48    -0.000
   4968.02    -0.000
   4968.50    -0.000
   4969.04    -0.000
   4969.52    -0.000
   4970.06    -0.000
   4970.54    -0.001
   4971.08    -0.001
   4971.56    -0.001
   4972.10    -0.001
   4972.58    -0.001
   4973.06    -0.001
   4973.60    -0.001
   4974.08    -0.001
   4974.62    -0.001
   4975.10    -0.001
   4975.64    -0.001
   4976.12    -0.001
   4976.66    -0.001
   4977.14    -0.001
   4977.68    -0.001
   4978.16    -0.001
   4978.64    -0.001
   4979.18    -0.001
   4979.66    -0.001
   4980.20    -0.001
   4980.68    -0.001
   4981.22    -0.001
   4981.70    -0.001
   4982.24    -0.001
   4982.72    -0.001
   4983.20    -0.001
   4983.74    -0.001
   4984.22    -0.001
   4984.76    -0.001
   4985.24    -0.001
   4985.78    -0.001
   4986.26    -0.001
   4986.80    -0.001
   4987.28    -0.001
   4987.82    -0.001
   4988.30    -0.001
   4988.84    -0.001
   4989.32    -0.001
   4989.80    -0.001
   4990.34    -0.001
   4990.82    -0.001
   4991.36    -0.001
   4991.84    -0.001
   4992.38    -0.001
   4992.86    -0.001
   4993.34    -0.001
   4993.88    -0.002
   4994.36    -0.002
   4994.90    -0.003
   4995.38    -0.003
   4995.92    -0.004
   4996.40    -0.004
   4996.94    -0.005
   4997.42    -0.005
   4997.96    -0.006
   4998.44    -0.006
   4998.92    -0.007
   4999.46    -0.007
   4999.94    -0.008
   5000.48    -0.009
   5000.96    -0.009
   5001.50    -0.010
   5001.98    -0.010
   5002.52    -0.011
   5003.00    -0.011
   5003.48    -0.012
   5004.02    -0.012
   5004.56    -0.013
   5005.04    -0.013
   5005.52    -0.014
   5006.06    -0.014
   5006.54    -0.015
   5007.08    -0.015
   5007.56    -0.016
   5008.10    -0.016
   5008.58    -0.016
   5009.12    -0.016
   5009.60    -0.017
   5010.08    -0.017
   5010.62    -0.018
   5011.10    -0.018
   5011.64    -0.018
   5012.12    -0.018
   5012.66    -0.019
   5013.14    -0.019
   5013.68    -0.019
   5014.16    -0.019
   5014.70    -0.020
   5015.18    -0.020
   5015.66    -0.021
   5016.20    -0.021
   5016.68    -0.021
   5017.22    -0.021
   5017.70    -0.021
   5018.24    -0.021
   5018.72    -0.022
   5019.20    -0.022
   5019.74    -0.022
   5020.22    -0.022
   5020.76    -0.022
   5021.24    -0.022
   5021.78    -0.023
   5022.26    -0.023
   5022.80    -0.023
   5023.28    -0.023
