# tToFail   Slip
 -1298.349     0.000
 -1298.249     0.002
 -1298.150     0.003
 -1298.050     0.003
 -1297.950     0.002
 -1297.851     0.001
 -1297.751     0.002
 -1297.651     0.001
 -1297.552     0.002
 -1297.452     0.003
 -1297.353     0.005
 -1297.253     0.007
 -1297.154     0.010
 -1297.054     0.015
 -1296.954     0.015
 -1296.855     0.017
 -1296.755     0.016
 -1296.655     0.017
 -1296.556     0.017
 -1296.456     0.016
 -1296.357     0.015
 -1296.257     0.016
 -1296.157     0.016
 -1296.058     0.015
 -1295.958     0.012
 -1295.859     0.008
 -1295.759     0.003
 -1295.659     0.003
 -1295.560     0.002
 -1295.460     0.003
 -1295.361     0.002
 -1295.261     0.004
 -1295.161     0.005
 -1295.062     0.004
 -1294.962     0.005
 -1294.863     0.004
 -1294.763     0.003
 -1294.663     0.005
 -1294.564     0.003
 -1294.464     0.005
 -1294.364     0.003
 -1294.265     0.003
 -1294.165     0.002
 -1294.066     0.003
 -1293.966     0.003
 -1293.866     0.004
 -1293.767     0.003
 -1293.667     0.003
 -1293.568     0.002
 -1293.468     0.001
 -1293.368     0.003
 -1293.269     0.006
 -1293.169     0.009
 -1293.070     0.014
 -1292.970     0.016
 -1292.870     0.018
 -1292.771     0.018
 -1292.671     0.016
 -1292.571     0.013
 -1292.472     0.011
 -1292.372     0.003
 -1292.273     0.002
 -1292.173     0.002
 -1292.073     0.002
 -1291.974     0.003
 -1291.874     0.001
 -1291.775     0.002
 -1291.675     0.001
 -1291.575     0.002
 -1291.476     0.004
 -1291.376     0.004
 -1291.276     0.006
 -1291.177     0.007
 -1291.077     0.007
 -1290.978     0.010
 -1290.878     0.017
 -1290.779     0.018
 -1290.679     0.017
 -1290.579     0.016
 -1290.480     0.015
 -1290.380     0.014
 -1290.280     0.009
 -1290.181     0.004
 -1290.081     0.002
 -1289.982     0.003
 -1289.882     0.001
 -1289.782     0.002
 -1289.683     0.002
 -1289.583     0.002
 -1289.484     0.003
 -1289.384     0.005
 -1289.284     0.004
 -1289.185     0.005
 -1289.085     0.004
 -1288.986     0.002
 -1288.886     0.003
 -1288.786     0.002
 -1288.687     0.003
 -1288.587     0.002
 -1288.488     0.004
 -1288.388     0.005
 -1288.288     0.005
 -1288.189     0.004
 -1288.089     0.005
 -1287.989     0.006
 -1287.890     0.006
 -1287.790     0.004
 -1287.691     0.006
 -1287.591     0.006
 -1287.491     0.005
 -1287.392     0.004
 -1287.292     0.004
 -1287.193     0.002
 -1287.093     0.005
 -1286.993     0.004
 -1286.894     0.005
 -1286.794     0.006
 -1286.695     0.007
 -1286.595     0.009
 -1286.495     0.009
 -1286.396     0.013
 -1286.296     0.017
 -1286.196     0.019
 -1286.097     0.019
 -1285.997     0.018
 -1285.898     0.016
 -1285.798     0.014
 -1285.698     0.006
 -1285.599     0.002
 -1285.499     0.002
 -1285.400     0.000
 -1285.300     0.002
 -1285.200     0.002
 -1285.101     0.003
 -1285.001     0.004
 -1284.901     0.005
 -1284.802     0.008
 -1284.702     0.010
 -1284.603     0.015
 -1284.503     0.018
 -1284.404     0.018
 -1284.304     0.019
 -1284.204     0.018
 -1284.105     0.017
 -1284.005     0.014
 -1283.905     0.006
 -1283.806     0.003
 -1283.706     0.002
 -1283.607     0.003
 -1283.507     0.003
 -1283.407     0.003
 -1283.308     0.004
 -1283.208     0.006
 -1283.109     0.005
 -1283.009     0.006
 -1282.909     0.005
 -1282.810     0.006
 -1282.710     0.005
 -1282.611     0.005
 -1282.511     0.005
 -1282.411     0.006
 -1282.312     0.004
 -1282.212     0.003
 -1282.113     0.003
 -1282.013     0.002
 -1281.913     0.002
 -1281.814     0.003
 -1281.714     0.004
 -1281.614     0.005
 -1281.515     0.005
 -1281.415     0.005
 -1281.316     0.005
 -1281.216     0.006
 -1281.116     0.006
 -1281.017     0.007
 -1280.917     0.009
 -1280.818     0.007
 -1280.718     0.008
 -1280.618     0.009
 -1280.519     0.008
 -1280.419     0.007
 -1280.320     0.007
 -1280.220     0.005
 -1280.120     0.003
 -1280.021     0.003
 -1279.921     0.004
 -1279.821     0.003
 -1279.722     0.003
 -1279.622     0.004
 -1279.523     0.002
 -1279.423     0.003
 -1279.323     0.002
 -1279.224     0.004
 -1279.124     0.004
 -1279.025     0.004
 -1278.925     0.003
 -1278.825     0.004
 -1278.726     0.004
 -1278.626     0.003
 -1278.526     0.003
 -1278.427     0.003
 -1278.327     0.002
 -1278.228     0.003
 -1278.128     0.004
 -1278.029     0.006
 -1277.929     0.008
 -1277.829     0.014
 -1277.730     0.017
 -1277.630     0.018
 -1277.530     0.019
 -1277.431     0.020
 -1277.331     0.019
 -1277.232     0.018
 -1277.132     0.018
 -1277.032     0.017
 -1276.933     0.012
 -1276.833     0.005
 -1276.734     0.003
 -1276.634     0.002
 -1276.534     0.003
 -1276.435     0.003
 -1276.335     0.003
 -1276.236     0.002
 -1276.136     0.003
 -1276.036     0.002
 -1275.937     0.005
 -1275.837     0.006
 -1275.738     0.007
 -1275.638     0.013
 -1275.538     0.017
 -1275.439     0.019
 -1275.339     0.018
 -1275.239     0.016
 -1275.140     0.015
 -1275.040     0.011
 -1274.941     0.005
 -1274.841     0.004
 -1274.741     0.002
 -1274.642     0.001
 -1274.542     0.003
 -1274.443     0.003
 -1274.343     0.005
 -1274.243     0.005
 -1274.144     0.007
 -1274.044     0.008
 -1273.945     0.014
 -1273.845     0.017
 -1273.745     0.017
 -1273.646     0.017
 -1273.546     0.017
 -1273.446     0.014
 -1273.347     0.007
 -1273.247     0.002
 -1273.148     0.002
 -1273.048     0.002
 -1272.948     0.002
 -1272.849     0.005
 -1272.749     0.006
 -1272.650     0.012
 -1272.550     0.017
 -1272.450     0.018
 -1272.351     0.018
 -1272.251     0.017
 -1272.151     0.017
 -1272.052     0.018
 -1271.952     0.017
 -1271.853     0.015
 -1271.753     0.012
 -1271.654     0.005
 -1271.554     0.004
 -1271.454     0.003
 -1271.355     0.002
 -1271.255     0.002
 -1271.155     0.002
 -1271.056     0.002
 -1270.956     0.004
 -1270.857     0.004
 -1270.757     0.004
 -1270.657     0.006
 -1270.558     0.007
 -1270.458     0.011
 -1270.359     0.016
 -1270.259     0.019
 -1270.159     0.019
 -1270.060     0.020
 -1269.960     0.019
 -1269.861     0.019
 -1269.761     0.018
 -1269.661     0.017
 -1269.562     0.013
 -1269.462     0.008
 -1269.363     0.006
 -1269.263     0.003
 -1269.163     0.003
 -1269.064     0.004
 -1268.964     0.003
 -1268.864     0.004
 -1268.765     0.004
 -1268.665     0.003
 -1268.566     0.004
 -1268.466     0.005
 -1268.366     0.006
 -1268.267     0.010
 -1268.167     0.015
 -1268.068     0.019
 -1267.968     0.021
 -1267.868     0.022
 -1267.769     0.022
 -1267.669     0.020
 -1267.570     0.018
 -1267.470     0.014
 -1267.370     0.007
 -1267.271     0.005
 -1267.171     0.004
 -1267.071     0.004
 -1266.972     0.003
 -1266.872     0.003
 -1266.773     0.003
 -1266.673     0.006
 -1266.573     0.004
 -1266.474     0.005
 -1266.374     0.007
 -1266.275     0.005
 -1266.175     0.005
 -1266.075     0.006
 -1265.976     0.004
 -1265.876     0.005
 -1265.776     0.005
 -1265.677     0.006
 -1265.577     0.007
 -1265.478     0.008
 -1265.378     0.011
 -1265.279     0.017
 -1265.179     0.021
 -1265.079     0.023
 -1264.980     0.022
 -1264.880     0.021
 -1264.780     0.019
 -1264.681     0.014
 -1264.581     0.006
 -1264.482     0.004
 -1264.382     0.004
 -1264.282     0.004
 -1264.183     0.005
 -1264.083     0.006
 -1263.984     0.005
 -1263.884     0.003
 -1263.784     0.003
 -1263.685     0.006
 -1263.585     0.005
 -1263.486     0.006
 -1263.386     0.007
 -1263.286     0.007
 -1263.187     0.007
 -1263.087     0.006
 -1262.988     0.006
 -1262.888     0.006
 -1262.788     0.005
 -1262.689     0.006
 -1262.589     0.007
 -1262.489     0.007
 -1262.390     0.007
 -1262.290     0.007
 -1262.191     0.007
 -1262.091     0.004
 -1261.991     0.005
 -1261.892     0.007
 -1261.792     0.007
 -1261.693     0.007
 -1261.593     0.007
 -1261.493     0.008
 -1261.394     0.009
 -1261.294     0.007
 -1261.195     0.008
 -1261.095     0.007
 -1260.995     0.006
 -1260.896     0.005
 -1260.796     0.007
 -1260.696     0.006
 -1260.597     0.007
 -1260.497     0.007
 -1260.398     0.007
 -1260.298     0.007
 -1260.198     0.007
 -1260.099     0.007
 -1259.999     0.008
 -1259.900     0.008
 -1259.800     0.007
 -1259.700     0.007
 -1259.601     0.006
 -1259.501     0.006
 -1259.401     0.007
 -1259.302     0.008
 -1259.202     0.009
 -1259.103     0.010
 -1259.003     0.010
 -1258.904     0.010
 -1258.804     0.014
 -1258.704     0.018
 -1258.605     0.019
 -1258.505     0.019
 -1258.405     0.019
 -1258.306     0.021
 -1258.206     0.021
 -1258.107     0.022
 -1258.007     0.019
 -1257.907     0.017
 -1257.808     0.013
 -1257.708     0.007
 -1257.609     0.005
 -1257.509     0.006
 -1257.409     0.006
 -1257.310     0.007
 -1257.210     0.006
 -1257.111     0.004
 -1257.011     0.006
 -1256.911     0.006
 -1256.812     0.006
 -1256.712     0.007
 -1256.613     0.007
 -1256.513     0.009
 -1256.413     0.011
 -1256.314     0.012
 -1256.214     0.017
 -1256.114     0.019
 -1256.015     0.021
 -1255.915     0.020
 -1255.816     0.019
 -1255.716     0.018
 -1255.616     0.015
 -1255.517     0.010
 -1255.417     0.006
 -1255.318     0.005
 -1255.218     0.006
 -1255.118     0.007
 -1255.019     0.007
 -1254.919     0.006
 -1254.820     0.006
 -1254.720     0.005
 -1254.620     0.006
 -1254.521     0.006
 -1254.421     0.008
 -1254.321     0.008
 -1254.222     0.007
 -1254.122     0.007
 -1254.023     0.008
 -1253.923     0.008
 -1253.823     0.009
 -1253.724     0.006
 -1253.624     0.006
 -1253.525     0.005
 -1253.425     0.007
 -1253.325     0.006
 -1253.226     0.006
 -1253.126     0.006
 -1253.026     0.006
 -1252.927     0.007
 -1252.827     0.007
 -1252.728     0.007
 -1252.628     0.007
 -1252.529     0.009
 -1252.429     0.011
 -1252.329     0.013
 -1252.230     0.018
 -1252.130     0.020
 -1252.030     0.021
 -1251.931     0.023
 -1251.831     0.020
 -1251.732     0.021
 -1251.632     0.018
 -1251.532     0.015
 -1251.433     0.009
 -1251.333     0.007
 -1251.234     0.008
 -1251.134     0.006
 -1251.034     0.005
 -1250.935     0.006
 -1250.835     0.007
 -1250.736     0.006
 -1250.636     0.006
 -1250.536     0.007
 -1250.437     0.006
 -1250.337     0.008
 -1250.238     0.008
 -1250.138     0.009
 -1250.038     0.009
 -1249.939     0.010
 -1249.839     0.010
 -1249.739     0.009
 -1249.640     0.011
 -1249.540     0.011
 -1249.441     0.009
 -1249.341     0.009
 -1249.241     0.007
 -1249.142     0.007
 -1249.042     0.005
 -1248.943     0.006
 -1248.843     0.007
 -1248.743     0.006
 -1248.644     0.009
 -1248.544     0.010
 -1248.445     0.011
 -1248.345     0.013
 -1248.245     0.019
 -1248.146     0.021
 -1248.046     0.022
 -1247.946     0.021
 -1247.847     0.021
 -1247.747     0.020
 -1247.648     0.017
 -1247.548     0.011
 -1247.448     0.007
 -1247.349     0.005
 -1247.249     0.004
 -1247.150     0.005
 -1247.050     0.006
 -1246.950     0.008
 -1246.851     0.010
 -1246.751     0.016
 -1246.651     0.020
 -1246.552     0.020
 -1246.452     0.021
 -1246.353     0.021
 -1246.253     0.021
 -1246.154     0.021
 -1246.054     0.020
 -1245.954     0.021
 -1245.855     0.020
 -1245.755     0.019
 -1245.655     0.017
 -1245.556     0.011
 -1245.456     0.006
 -1245.357     0.005
 -1245.257     0.005
 -1245.157     0.007
 -1245.058     0.005
 -1244.958     0.007
 -1244.859     0.008
 -1244.759     0.009
 -1244.659     0.009
 -1244.560     0.010
 -1244.460     0.017
 -1244.361     0.022
 -1244.261     0.022
 -1244.161     0.023
 -1244.062     0.021
 -1243.962     0.019
 -1243.863     0.016
 -1243.763     0.006
 -1243.663     0.007
 -1243.564     0.005
 -1243.464     0.006
 -1243.364     0.007
 -1243.265     0.007
 -1243.165     0.008
 -1243.066     0.012
 -1242.966     0.017
 -1242.866     0.021
 -1242.767     0.021
 -1242.667     0.021
 -1242.568     0.022
 -1242.468     0.020
 -1242.368     0.020
 -1242.269     0.018
 -1242.169     0.012
 -1242.070     0.008
 -1241.970     0.007
 -1241.870     0.007
 -1241.771     0.007
 -1241.671     0.004
 -1241.571     0.006
 -1241.472     0.006
 -1241.372     0.005
 -1241.273     0.006
 -1241.173     0.006
 -1241.073     0.007
 -1240.974     0.006
 -1240.874     0.008
 -1240.775     0.011
 -1240.675     0.013
 -1240.575     0.019
 -1240.476     0.022
 -1240.376     0.022
 -1240.276     0.022
 -1240.177     0.021
 -1240.077     0.021
 -1239.978     0.020
 -1239.878     0.017
 -1239.779     0.011
 -1239.679     0.006
 -1239.579     0.006
 -1239.480     0.005
 -1239.380     0.006
 -1239.280     0.007
 -1239.181     0.008
 -1239.081     0.006
 -1238.982     0.007
 -1238.882     0.006
 -1238.782     0.008
 -1238.683     0.007
 -1238.583     0.010
 -1238.484     0.009
 -1238.384     0.010
 -1238.284     0.011
 -1238.185     0.013
 -1238.085     0.017
 -1237.985     0.021
 -1237.886     0.023
 -1237.786     0.022
 -1237.687     0.021
 -1237.587     0.022
 -1237.488     0.018
 -1237.388     0.013
 -1237.288     0.006
 -1237.189     0.006
 -1237.089     0.005
 -1236.989     0.005
 -1236.890     0.005
 -1236.790     0.007
 -1236.691     0.006
 -1236.591     0.007
 -1236.491     0.008
 -1236.392     0.010
 -1236.292     0.012
 -1236.193     0.018
 -1236.093     0.022
 -1235.993     0.021
 -1235.894     0.023
 -1235.794     0.022
 -1235.695     0.023
 -1235.595     0.024
 -1235.495     0.023
 -1235.396     0.021
 -1235.296     0.017
 -1235.196     0.011
 -1235.097     0.007
 -1234.997     0.008
 -1234.898     0.007
 -1234.798     0.006
 -1234.698     0.006
 -1234.599     0.007
 -1234.499     0.009
 -1234.400     0.011
 -1234.300     0.013
 -1234.200     0.018
 -1234.101     0.022
 -1234.001     0.022
 -1233.901     0.022
 -1233.802     0.022
 -1233.702     0.019
 -1233.603     0.017
 -1233.503     0.010
 -1233.404     0.007
 -1233.304     0.005
 -1233.204     0.005
 -1233.105     0.007
 -1233.005     0.009
 -1232.905     0.011
 -1232.806     0.012
 -1232.706     0.016
 -1232.607     0.020
 -1232.507     0.021
 -1232.407     0.022
 -1232.308     0.020
 -1232.208     0.020
 -1232.109     0.020
 -1232.009     0.021
 -1231.909     0.020
 -1231.810     0.022
 -1231.710     0.022
 -1231.610     0.021
 -1231.511     0.021
 -1231.411     0.020
 -1231.312     0.018
 -1231.212     0.014
 -1231.113     0.010
 -1231.013     0.006
 -1230.913     0.007
 -1230.814     0.007
 -1230.714     0.007
 -1230.614     0.008
 -1230.515     0.008
 -1230.415     0.008
 -1230.316     0.009
 -1230.216     0.009
 -1230.116     0.008
 -1230.017     0.006
 -1229.917     0.006
 -1229.818     0.006
 -1229.718     0.008
 -1229.618     0.007
 -1229.519     0.006
 -1229.419     0.006
 -1229.320     0.007
 -1229.220     0.007
 -1229.120     0.007
 -1229.021     0.007
 -1228.921     0.006
 -1228.821     0.009
 -1228.722     0.007
 -1228.622     0.009
 -1228.523     0.009
 -1228.423     0.011
 -1228.323     0.015
 -1228.224     0.019
 -1228.124     0.023
 -1228.025     0.022
 -1227.925     0.024
 -1227.825     0.022
 -1227.726     0.021
 -1227.626     0.019
 -1227.526     0.015
 -1227.427     0.009
 -1227.327     0.009
 -1227.228     0.007
 -1227.128     0.007
 -1227.029     0.007
 -1226.929     0.007
 -1226.829     0.006
 -1226.730     0.007
 -1226.630     0.006
 -1226.530     0.007
 -1226.431     0.008
 -1226.331     0.010
 -1226.232     0.009
 -1226.132     0.009
 -1226.032     0.008
 -1225.933     0.007
 -1225.833     0.007
 -1225.734     0.008
 -1225.634     0.008
 -1225.534     0.009
 -1225.435     0.010
 -1225.335     0.010
 -1225.235     0.011
 -1225.136     0.012
 -1225.036     0.013
 -1224.937     0.019
 -1224.837     0.020
 -1224.738     0.023
 -1224.638     0.024
 -1224.538     0.022
 -1224.439     0.022
 -1224.339     0.021
 -1224.239     0.016
 -1224.140     0.009
 -1224.040     0.008
 -1223.941     0.006
 -1223.841     0.007
 -1223.741     0.007
 -1223.642     0.007
 -1223.542     0.007
 -1223.443     0.007
 -1223.343     0.005
 -1223.243     0.007
 -1223.144     0.007
 -1223.044     0.008
 -1222.945     0.008
 -1222.845     0.010
 -1222.745     0.011
 -1222.646     0.013
 -1222.546     0.019
 -1222.446     0.023
 -1222.347     0.023
 -1222.247     0.024
 -1222.148     0.023
 -1222.048     0.019
 -1221.948     0.015
 -1221.849     0.008
 -1221.749     0.007
 -1221.650     0.006
 -1221.550     0.008
 -1221.450     0.009
 -1221.351     0.009
 -1221.251     0.010
 -1221.151     0.009
 -1221.052     0.009
 -1220.952     0.009
 -1220.853     0.007
 -1220.753     0.007
 -1220.654     0.006
 -1220.554     0.006
 -1220.454     0.007
 -1220.355     0.007
 -1220.255     0.008
 -1220.155     0.008
 -1220.056     0.009
 -1219.956     0.008
 -1219.857     0.009
 -1219.757     0.010
 -1219.657     0.011
 -1219.558     0.009
 -1219.458     0.008
 -1219.359     0.007
 -1219.259     0.007
 -1219.159     0.005
 -1219.060     0.006
 -1218.960     0.008
 -1218.860     0.008
 -1218.761     0.012
 -1218.661     0.016
 -1218.562     0.020
 -1218.462     0.022
 -1218.363     0.020
 -1218.263     0.022
 -1218.163     0.022
 -1218.064     0.023
 -1217.964     0.022
 -1217.864     0.021
 -1217.765     0.022
 -1217.665     0.020
 -1217.566     0.017
 -1217.466     0.011
 -1217.366     0.008
 -1217.267     0.006
 -1217.167     0.006
 -1217.068     0.007
 -1216.968     0.006
 -1216.868     0.008
 -1216.769     0.008
 -1216.669     0.009
 -1216.570     0.009
 -1216.470     0.008
 -1216.370     0.007
 -1216.271     0.006
 -1216.171     0.006
 -1216.071     0.007
 -1215.972     0.007
 -1215.872     0.011
 -1215.773     0.015
 -1215.673     0.021
 -1215.573     0.022
 -1215.474     0.023
 -1215.374     0.022
 -1215.275     0.022
 -1215.175     0.021
 -1215.075     0.019
 -1214.976     0.011
 -1214.876     0.008
 -1214.776     0.007
 -1214.677     0.008
 -1214.577     0.007
 -1214.478     0.007
 -1214.378     0.007
 -1214.279     0.007
 -1214.179     0.006
 -1214.079     0.005
 -1213.980     0.006
 -1213.880     0.008
 -1213.780     0.010
 -1213.681     0.011
 -1213.581     0.013
 -1213.482     0.018
 -1213.382     0.021
 -1213.282     0.023
 -1213.183     0.024
 -1213.083     0.023
 -1212.984     0.022
 -1212.884     0.019
 -1212.784     0.012
 -1212.685     0.010
 -1212.585     0.008
 -1212.485     0.006
 -1212.386     0.007
 -1212.286     0.006
 -1212.187     0.006
 -1212.087     0.007
 -1211.988     0.008
 -1211.888     0.011
 -1211.788     0.019
 -1211.689     0.021
 -1211.589     0.024
 -1211.489     0.023
 -1211.390     0.021
 -1211.290     0.020
 -1211.191     0.018
 -1211.091     0.011
 -1210.991     0.008
 -1210.892     0.009
 -1210.792     0.009
 -1210.693     0.007
 -1210.593     0.007
 -1210.493     0.007
 -1210.394     0.008
 -1210.294     0.010
 -1210.195     0.010
 -1210.095     0.010
 -1209.995     0.009
 -1209.896     0.008
 -1209.796     0.010
 -1209.696     0.009
 -1209.597     0.007
 -1209.497     0.005
 -1209.398     0.007
 -1209.298     0.009
 -1209.198     0.010
 -1209.099     0.011
 -1208.999     0.011
 -1208.900     0.013
 -1208.800     0.018
 -1208.700     0.021
 -1208.601     0.023
 -1208.501     0.022
 -1208.401     0.021
 -1208.302     0.020
 -1208.202     0.015
 -1208.103     0.009
 -1208.003     0.006
 -1207.904     0.007
 -1207.804     0.008
 -1207.704     0.007
 -1207.605     0.006
 -1207.505     0.006
 -1207.405     0.007
 -1207.306     0.006
 -1207.206     0.007
 -1207.107     0.008
 -1207.007     0.010
 -1206.907     0.013
 -1206.808     0.018
 -1206.708     0.022
 -1206.609     0.022
 -1206.509     0.024
 -1206.409     0.023
 -1206.310     0.022
 -1206.210     0.022
 -1206.110     0.022
 -1206.011     0.020
 -1205.911     0.017
 -1205.812     0.010
 -1205.712     0.008
 -1205.613     0.008
 -1205.513     0.007
 -1205.413     0.007
 -1205.314     0.007
 -1205.214     0.008
 -1205.114     0.008
 -1205.015     0.009
 -1204.915     0.009
 -1204.816     0.010
 -1204.716     0.011
 -1204.616     0.011
 -1204.517     0.012
 -1204.417     0.010
 -1204.318     0.011
 -1204.218     0.011
 -1204.118     0.010
 -1204.019     0.008
 -1203.919     0.007
 -1203.820     0.007
 -1203.720     0.007
 -1203.620     0.009
 -1203.521     0.008
 -1203.421     0.010
 -1203.321     0.011
 -1203.222     0.015
 -1203.122     0.019
 -1203.023     0.022
 -1202.923     0.024
 -1202.823     0.022
 -1202.724     0.021
 -1202.624     0.019
 -1202.525     0.016
 -1202.425     0.009
 -1202.325     0.008
 -1202.226     0.009
 -1202.126     0.008
 -1202.026     0.009
 -1201.927     0.009
 -1201.827     0.008
 -1201.728     0.009
 -1201.628     0.010
 -1201.529     0.011
 -1201.429     0.011
 -1201.329     0.013
 -1201.230     0.012
 -1201.130     0.013
 -1201.030     0.011
 -1200.931     0.009
 -1200.831     0.009
 -1200.732     0.008
 -1200.632     0.008
 -1200.532     0.009
 -1200.433     0.010
 -1200.333     0.009
 -1200.234     0.012
 -1200.134     0.013
 -1200.034     0.017
 -1199.935     0.022
 -1199.835     0.023
 -1199.735     0.024
 -1199.636     0.022
 -1199.536     0.022
 -1199.437     0.023
 -1199.337     0.022
 -1199.238     0.020
 -1199.138     0.018
 -1199.038     0.012
 -1198.939     0.008
 -1198.839     0.006
 -1198.739     0.007
 -1198.640     0.008
 -1198.540     0.007
 -1198.441     0.009
 -1198.341     0.011
 -1198.241     0.013
 -1198.142     0.018
 -1198.042     0.022
 -1197.943     0.023
 -1197.843     0.022
 -1197.743     0.022
 -1197.644     0.021
 -1197.544     0.020
 -1197.445     0.019
 -1197.345     0.013
 -1197.245     0.009
 -1197.146     0.006
 -1197.046     0.008
 -1196.946     0.007
 -1196.847     0.008
 -1196.747     0.007
 -1196.648     0.007
 -1196.548     0.009
 -1196.448     0.008
 -1196.349     0.007
 -1196.249     0.008
 -1196.150     0.008
 -1196.050     0.007
 -1195.950     0.009
 -1195.851     0.009
 -1195.751     0.008
 -1195.651     0.008
 -1195.552     0.008
 -1195.452     0.008
 -1195.353     0.008
 -1195.253     0.008
 -1195.154     0.009
 -1195.054     0.008
 -1194.954     0.011
 -1194.855     0.013
 -1194.755     0.016
 -1194.655     0.022
 -1194.556     0.024
 -1194.456     0.024
 -1194.357     0.024
 -1194.257     0.023
 -1194.157     0.021
 -1194.058     0.019
 -1193.958     0.015
 -1193.859     0.010
 -1193.759     0.008
 -1193.659     0.009
 -1193.560     0.008
 -1193.460     0.007
 -1193.360     0.008
 -1193.261     0.007
 -1193.161     0.008
 -1193.062     0.007
 -1192.962     0.007
 -1192.863     0.006
 -1192.763     0.007
 -1192.663     0.007
 -1192.564     0.008
 -1192.464     0.008
 -1192.364     0.009
 -1192.265     0.009
 -1192.165     0.009
 -1192.066     0.008
 -1191.966     0.008
 -1191.866     0.010
 -1191.767     0.009
 -1191.667     0.009
 -1191.568     0.009
 -1191.468     0.008
 -1191.368     0.008
 -1191.269     0.008
 -1191.169     0.008
 -1191.070     0.008
 -1190.970     0.008
 -1190.870     0.006
 -1190.771     0.008
 -1190.671     0.007
 -1190.571     0.007
 -1190.472     0.007
 -1190.372     0.007
 -1190.273     0.006
 -1190.173     0.008
 -1190.073     0.009
 -1189.974     0.012
 -1189.874     0.016
 -1189.775     0.021
 -1189.675     0.022
 -1189.575     0.021
 -1189.476     0.020
 -1189.376     0.020
 -1189.276     0.019
 -1189.177     0.015
 -1189.077     0.010
 -1188.978     0.006
 -1188.878     0.005
 -1188.779     0.007
 -1188.679     0.008
 -1188.579     0.008
 -1188.480     0.008
 -1188.380     0.011
 -1188.280     0.013
 -1188.181     0.015
 -1188.081     0.020
 -1187.982     0.021
 -1187.882     0.021
 -1187.782     0.024
 -1187.683     0.023
 -1187.583     0.022
 -1187.484     0.021
 -1187.384     0.020
 -1187.284     0.018
 -1187.185     0.011
 -1187.085     0.006
 -1186.985     0.005
 -1186.886     0.005
 -1186.786     0.006
 -1186.687     0.007
 -1186.587     0.007
 -1186.488     0.006
 -1186.388     0.007
 -1186.288     0.007
 -1186.189     0.007
 -1186.089     0.008
 -1185.989     0.008
 -1185.890     0.008
 -1185.790     0.007
 -1185.691     0.007
 -1185.591     0.006
 -1185.491     0.007
 -1185.392     0.007
 -1185.292     0.008
 -1185.193     0.010
 -1185.093     0.012
 -1184.993     0.019
 -1184.894     0.022
 -1184.794     0.024
 -1184.695     0.024
 -1184.595     0.023
 -1184.495     0.022
 -1184.396     0.022
 -1184.296     0.021
 -1184.196     0.020
 -1184.097     0.018
 -1183.997     0.015
 -1183.898     0.010
 -1183.798     0.009
 -1183.698     0.009
 -1183.599     0.008
 -1183.499     0.008
 -1183.400     0.008
 -1183.300     0.009
 -1183.200     0.010
 -1183.101     0.010
 -1183.001     0.011
 -1182.901     0.010
 -1182.802     0.010
 -1182.702     0.008
 -1182.603     0.009
 -1182.503     0.009
 -1182.404     0.008
 -1182.304     0.008
 -1182.204     0.010
 -1182.105     0.009
 -1182.005     0.010
 -1181.905     0.011
 -1181.806     0.012
 -1181.706     0.014
 -1181.607     0.019
 -1181.507     0.023
 -1181.407     0.024
 -1181.308     0.025
 -1181.208     0.025
 -1181.109     0.024
 -1181.009     0.022
 -1180.909     0.019
 -1180.810     0.015
 -1180.710     0.010
 -1180.610     0.008
 -1180.511     0.007
 -1180.411     0.008
 -1180.312     0.009
 -1180.212     0.010
 -1180.113     0.010
 -1180.013     0.015
 -1179.913     0.020
 -1179.814     0.023
 -1179.714     0.024
 -1179.614     0.024
 -1179.515     0.023
 -1179.415     0.022
 -1179.316     0.022
 -1179.216     0.019
 -1179.116     0.012
 -1179.017     0.009
 -1178.917     0.009
 -1178.818     0.009
 -1178.718     0.009
 -1178.618     0.008
 -1178.519     0.009
 -1178.419     0.009
 -1178.320     0.008
 -1178.220     0.008
 -1178.120     0.010
 -1178.021     0.011
 -1177.921     0.011
 -1177.821     0.012
 -1177.722     0.015
 -1177.622     0.020
 -1177.523     0.024
 -1177.423     0.025
 -1177.323     0.023
 -1177.224     0.022
 -1177.124     0.021
 -1177.025     0.018
 -1176.925     0.012
 -1176.825     0.009
 -1176.726     0.009
 -1176.626     0.007
 -1176.526     0.008
 -1176.427     0.008
 -1176.327     0.009
 -1176.228     0.011
 -1176.128     0.013
 -1176.029     0.016
 -1175.929     0.022
 -1175.829     0.025
 -1175.730     0.023
 -1175.630     0.026
 -1175.530     0.023
 -1175.431     0.022
 -1175.331     0.018
 -1175.232     0.011
 -1175.132     0.010
 -1175.032     0.007
 -1174.933     0.008
 -1174.833     0.009
 -1174.734     0.009
 -1174.634     0.007
 -1174.534     0.009
 -1174.435     0.008
 -1174.335     0.008
 -1174.235     0.009
 -1174.136     0.008
 -1174.036     0.008
 -1173.937     0.008
 -1173.837     0.009
 -1173.738     0.010
 -1173.638     0.009
 -1173.538     0.010
 -1173.439     0.010
 -1173.339     0.010
 -1173.239     0.010
 -1173.140     0.009
 -1173.040     0.009
 -1172.941     0.009
 -1172.841     0.009
 -1172.741     0.010
 -1172.642     0.009
 -1172.542     0.010
 -1172.443     0.011
 -1172.343     0.010
 -1172.243     0.010
 -1172.144     0.009
 -1172.044     0.009
 -1171.945     0.010
 -1171.845     0.009
 -1171.745     0.009
 -1171.646     0.010
 -1171.546     0.010
 -1171.446     0.009
 -1171.347     0.009
 -1171.247     0.009
 -1171.148     0.010
 -1171.048     0.010
 -1170.948     0.010
 -1170.849     0.009
 -1170.749     0.010
 -1170.650     0.009
 -1170.550     0.010
 -1170.450     0.008
 -1170.351     0.008
 -1170.251     0.009
 -1170.151     0.009
 -1170.052     0.010
 -1169.952     0.014
 -1169.853     0.016
 -1169.753     0.021
 -1169.654     0.023
 -1169.554     0.025
 -1169.454     0.023
 -1169.355     0.023
 -1169.255     0.020
 -1169.155     0.019
 -1169.056     0.011
 -1168.956     0.007
 -1168.857     0.007
 -1168.757     0.006
 -1168.657     0.008
 -1168.558     0.006
 -1168.458     0.008
 -1168.359     0.010
 -1168.259     0.012
 -1168.159     0.014
 -1168.060     0.018
 -1167.960     0.022
 -1167.860     0.022
 -1167.761     0.023
 -1167.661     0.022
 -1167.562     0.023
 -1167.462     0.020
 -1167.363     0.019
 -1167.263     0.015
 -1167.163     0.009
 -1167.064     0.010
 -1166.964     0.008
 -1166.864     0.009
 -1166.765     0.008
 -1166.665     0.008
 -1166.566     0.007
 -1166.466     0.007
 -1166.366     0.007
 -1166.267     0.007
 -1166.167     0.009
 -1166.068     0.010
 -1165.968     0.011
 -1165.868     0.017
 -1165.769     0.021
 -1165.669     0.022
 -1165.570     0.024
 -1165.470     0.024
 -1165.370     0.024
 -1165.271     0.021
 -1165.171     0.020
 -1165.071     0.016
 -1164.972     0.010
 -1164.872     0.009
 -1164.773     0.007
 -1164.673     0.007
 -1164.573     0.007
 -1164.474     0.007
 -1164.374     0.006
 -1164.275     0.008
 -1164.175     0.009
 -1164.075     0.008
 -1163.976     0.009
 -1163.876     0.010
 -1163.776     0.013
 -1163.677     0.013
 -1163.577     0.013
 -1163.478     0.019
 -1163.378     0.022
 -1163.279     0.023
 -1163.179     0.024
 -1163.079     0.023
 -1162.980     0.025
 -1162.880     0.025
 -1162.780     0.026
 -1162.681     0.023
 -1162.581     0.022
 -1162.482     0.018
 -1162.382     0.012
 -1162.282     0.009
 -1162.183     0.009
 -1162.083     0.009
 -1161.984     0.007
 -1161.884     0.008
 -1161.784     0.008
 -1161.685     0.006
 -1161.585     0.006
 -1161.485     0.008
 -1161.386     0.009
 -1161.286     0.007
 -1161.187     0.008
 -1161.087     0.007
 -1160.988     0.006
 -1160.888     0.009
 -1160.788     0.009
 -1160.689     0.010
 -1160.589     0.010
 -1160.489     0.010
 -1160.390     0.009
 -1160.290     0.010
 -1160.191     0.011
 -1160.091     0.012
 -1159.991     0.014
 -1159.892     0.018
 -1159.792     0.021
 -1159.693     0.024
 -1159.593     0.024
 -1159.493     0.024
 -1159.394     0.025
 -1159.294     0.023
 -1159.195     0.023
 -1159.095     0.020
 -1158.995     0.016
 -1158.896     0.009
 -1158.796     0.007
 -1158.696     0.006
 -1158.597     0.006
 -1158.497     0.008
 -1158.398     0.010
 -1158.298     0.012
 -1158.198     0.018
 -1158.099     0.021
 -1157.999     0.024
 -1157.900     0.024
 -1157.800     0.024
 -1157.700     0.024
 -1157.601     0.023
 -1157.501     0.023
 -1157.401     0.023
 -1157.302     0.024
 -1157.202     0.022
 -1157.103     0.021
 -1157.003     0.018
 -1156.904     0.010
 -1156.804     0.009
 -1156.704     0.009
 -1156.605     0.007
 -1156.505     0.008
 -1156.405     0.008
 -1156.306     0.007
 -1156.206     0.007
 -1156.107     0.008
 -1156.007     0.006
 -1155.907     0.009
 -1155.808     0.010
 -1155.708     0.011
 -1155.609     0.015
 -1155.509     0.019
 -1155.409     0.021
 -1155.310     0.021
 -1155.210     0.022
 -1155.110     0.022
 -1155.011     0.021
 -1154.911     0.021
 -1154.812     0.018
 -1154.712     0.016
 -1154.613     0.009
 -1154.513     0.006
 -1154.413     0.006
 -1154.314     0.005
 -1154.214     0.006
 -1154.114     0.009
 -1154.015     0.016
 -1153.915     0.021
 -1153.816     0.024
 -1153.716     0.024
 -1153.616     0.025
 -1153.517     0.024
 -1153.417     0.021
 -1153.318     0.021
 -1153.218     0.014
 -1153.118     0.009
 -1153.019     0.007
 -1152.919     0.007
 -1152.820     0.007
 -1152.720     0.006
 -1152.620     0.008
 -1152.521     0.006
 -1152.421     0.009
 -1152.321     0.009
 -1152.222     0.012
 -1152.122     0.014
 -1152.023     0.020
 -1151.923     0.022
 -1151.823     0.024
 -1151.724     0.023
 -1151.624     0.022
 -1151.525     0.023
 -1151.425     0.021
 -1151.325     0.020
 -1151.226     0.015
 -1151.126     0.008
 -1151.026     0.007
 -1150.927     0.006
 -1150.827     0.008
 -1150.728     0.010
 -1150.628     0.009
 -1150.529     0.009
 -1150.429     0.012
 -1150.329     0.013
 -1150.230     0.020
 -1150.130     0.022
 -1150.030     0.022
 -1149.931     0.022
 -1149.831     0.022
 -1149.732     0.023
 -1149.632     0.022
 -1149.532     0.022
 -1149.433     0.021
 -1149.333     0.021
 -1149.234     0.019
 -1149.134     0.020
 -1149.034     0.017
 -1148.935     0.011
 -1148.835     0.008
 -1148.735     0.008
 -1148.636     0.006
 -1148.536     0.006
 -1148.437     0.007
 -1148.337     0.007
 -1148.238     0.007
 -1148.138     0.007
 -1148.038     0.007
 -1147.939     0.008
 -1147.839     0.007
 -1147.739     0.007
 -1147.640     0.008
 -1147.540     0.010
 -1147.441     0.009
 -1147.341     0.008
 -1147.241     0.007
 -1147.142     0.007
 -1147.042     0.008
 -1146.943     0.009
 -1146.843     0.010
 -1146.743     0.010
 -1146.644     0.012
 -1146.544     0.013
 -1146.445     0.012
 -1146.345     0.015
 -1146.245     0.021
 -1146.146     0.023
 -1146.046     0.024
 -1145.946     0.025
 -1145.847     0.025
 -1145.747     0.023
 -1145.648     0.024
 -1145.548     0.023
 -1145.448     0.023
 -1145.349     0.021
 -1145.249     0.020
 -1145.150     0.012
 -1145.050     0.009
 -1144.950     0.007
 -1144.851     0.008
 -1144.751     0.008
 -1144.651     0.007
 -1144.552     0.008
 -1144.452     0.006
 -1144.353     0.007
 -1144.253     0.007
 -1144.154     0.006
 -1144.054     0.007
 -1143.954     0.010
 -1143.855     0.012
 -1143.755     0.019
 -1143.655     0.023
 -1143.556     0.024
 -1143.456     0.023
 -1143.357     0.024
 -1143.257     0.024
 -1143.157     0.025
 -1143.058     0.023
 -1142.958     0.022
 -1142.859     0.020
 -1142.759     0.013
 -1142.659     0.008
 -1142.560     0.009
 -1142.460     0.009
 -1142.360     0.008
 -1142.261     0.008
 -1142.161     0.008
 -1142.062     0.009
 -1141.962     0.009
 -1141.863     0.010
 -1141.763     0.010
 -1141.663     0.011
 -1141.564     0.010
 -1141.464     0.009
 -1141.364     0.008
 -1141.265     0.009
 -1141.165     0.009
 -1141.066     0.008
 -1140.966     0.009
 -1140.866     0.009
 -1140.767     0.010
 -1140.667     0.011
 -1140.568     0.010
 -1140.468     0.012
 -1140.368     0.013
 -1140.269     0.013
 -1140.169     0.014
 -1140.070     0.016
 -1139.970     0.022
 -1139.870     0.024
 -1139.771     0.025
 -1139.671     0.022
 -1139.571     0.021
 -1139.472     0.018
 -1139.372     0.010
 -1139.273     0.010
 -1139.173     0.008
 -1139.073     0.008
 -1138.974     0.008
 -1138.874     0.008
 -1138.775     0.008
 -1138.675     0.010
 -1138.575     0.011
 -1138.476     0.013
 -1138.376     0.016
 -1138.276     0.021
 -1138.177     0.024
 -1138.077     0.024
 -1137.978     0.025
 -1137.878     0.024
 -1137.779     0.022
 -1137.679     0.020
 -1137.579     0.013
 -1137.480     0.008
 -1137.380     0.008
 -1137.280     0.008
 -1137.181     0.008
 -1137.081     0.010
 -1136.982     0.010
 -1136.882     0.010
 -1136.782     0.013
 -1136.683     0.012
 -1136.583     0.012
 -1136.484     0.012
 -1136.384     0.012
 -1136.284     0.012
 -1136.185     0.010
 -1136.085     0.008
 -1135.985     0.007
 -1135.886     0.009
 -1135.786     0.008
 -1135.687     0.009
 -1135.587     0.009
 -1135.488     0.009
 -1135.388     0.008
 -1135.288     0.010
 -1135.189     0.009
 -1135.089     0.009
 -1134.989     0.008
 -1134.890     0.008
 -1134.790     0.008
 -1134.691     0.008
 -1134.591     0.008
 -1134.491     0.009
 -1134.392     0.008
 -1134.292     0.009
 -1134.193     0.011
 -1134.093     0.012
 -1133.993     0.011
 -1133.894     0.011
 -1133.794     0.010
 -1133.695     0.013
 -1133.595     0.016
 -1133.495     0.022
 -1133.396     0.024
 -1133.296     0.025
 -1133.196     0.023
 -1133.097     0.025
 -1132.997     0.024
 -1132.898     0.024
 -1132.798     0.022
 -1132.698     0.018
 -1132.599     0.012
 -1132.499     0.007
 -1132.400     0.008
 -1132.300     0.008
 -1132.200     0.007
 -1132.101     0.011
 -1132.001     0.010
 -1131.901     0.009
 -1131.802     0.010
 -1131.702     0.009
 -1131.603     0.008
 -1131.503     0.009
 -1131.404     0.009
 -1131.304     0.008
 -1131.204     0.009
 -1131.105     0.010
 -1131.005     0.012
 -1130.905     0.013
 -1130.806     0.020
 -1130.706     0.023
 -1130.607     0.024
 -1130.507     0.025
 -1130.407     0.023
 -1130.308     0.023
 -1130.208     0.021
 -1130.109     0.018
 -1130.009     0.011
 -1129.909     0.009
 -1129.810     0.007
 -1129.710     0.009
 -1129.610     0.009
 -1129.511     0.009
 -1129.411     0.010
 -1129.312     0.008
 -1129.212     0.009
 -1129.113     0.010
 -1129.013     0.008
 -1128.913     0.010
 -1128.814     0.008
 -1128.714     0.007
 -1128.614     0.009
 -1128.515     0.009
 -1128.415     0.011
 -1128.316     0.012
 -1128.216     0.011
 -1128.116     0.012
 -1128.017     0.012
 -1127.917     0.012
 -1127.818     0.012
 -1127.718     0.009
 -1127.618     0.008
 -1127.519     0.010
 -1127.419     0.010
 -1127.320     0.009
 -1127.220     0.009
 -1127.120     0.009
 -1127.021     0.009
 -1126.921     0.011
 -1126.821     0.008
 -1126.722     0.009
 -1126.622     0.009
 -1126.523     0.010
 -1126.423     0.009
 -1126.323     0.009
 -1126.224     0.010
 -1126.124     0.010
 -1126.025     0.011
 -1125.925     0.013
 -1125.825     0.018
 -1125.726     0.022
 -1125.626     0.024
 -1125.526     0.024
 -1125.427     0.025
 -1125.327     0.024
 -1125.228     0.022
 -1125.128     0.021
 -1125.029     0.018
 -1124.929     0.012
 -1124.829     0.008
 -1124.730     0.009
 -1124.630     0.009
 -1124.530     0.008
 -1124.431     0.008
 -1124.331     0.009
 -1124.232     0.011
 -1124.132     0.010
 -1124.032     0.008
 -1123.933     0.008
 -1123.833     0.009
 -1123.734     0.009
 -1123.634     0.009
 -1123.534     0.008
 -1123.435     0.008
 -1123.335     0.009
 -1123.235     0.010
 -1123.136     0.010
 -1123.036     0.011
 -1122.937     0.009
 -1122.837     0.008
 -1122.738     0.008
 -1122.638     0.008
 -1122.538     0.008
 -1122.439     0.009
 -1122.339     0.008
 -1122.239     0.009
 -1122.140     0.009
 -1122.040     0.009
 -1121.941     0.009
 -1121.841     0.009
 -1121.741     0.007
 -1121.642     0.009
 -1121.542     0.010
 -1121.443     0.009
 -1121.343     0.011
 -1121.243     0.011
 -1121.144     0.013
 -1121.044     0.015
 -1120.945     0.022
 -1120.845     0.025
 -1120.745     0.024
 -1120.646     0.023
 -1120.546     0.022
 -1120.446     0.020
 -1120.347     0.019
 -1120.247     0.011
 -1120.148     0.010
 -1120.048     0.010
 -1119.948     0.007
 -1119.849     0.009
 -1119.749     0.008
 -1119.650     0.007
 -1119.550     0.007
 -1119.450     0.009
 -1119.351     0.009
 -1119.251     0.009
 -1119.151     0.009
 -1119.052     0.009
 -1118.952     0.009
 -1118.853     0.009
 -1118.753     0.007
 -1118.654     0.007
 -1118.554     0.009
 -1118.454     0.009
 -1118.355     0.007
 -1118.255     0.007
 -1118.155     0.008
 -1118.056     0.010
 -1117.956     0.012
 -1117.857     0.020
 -1117.757     0.022
 -1117.657     0.025
 -1117.558     0.025
 -1117.458     0.024
 -1117.359     0.024
 -1117.259     0.022
 -1117.159     0.019
 -1117.060     0.013
 -1116.960     0.010
 -1116.860     0.009
 -1116.761     0.008
 -1116.661     0.009
 -1116.562     0.008
 -1116.462     0.009
 -1116.363     0.009
 -1116.263     0.009
 -1116.163     0.010
 -1116.064     0.010
 -1115.964     0.008
 -1115.864     0.008
 -1115.765     0.008
 -1115.665     0.009
 -1115.566     0.010
 -1115.466     0.010
 -1115.366     0.009
 -1115.267     0.011
 -1115.167     0.010
 -1115.068     0.011
 -1114.968     0.010
 -1114.868     0.008
 -1114.769     0.010
 -1114.669     0.009
 -1114.570     0.009
 -1114.470     0.007
 -1114.370     0.010
 -1114.271     0.009
 -1114.171     0.011
 -1114.071     0.011
 -1113.972     0.011
 -1113.872     0.012
 -1113.773     0.013
 -1113.673     0.012
 -1113.573     0.014
 -1113.474     0.017
 -1113.374     0.022
 -1113.275     0.023
 -1113.175     0.025
 -1113.075     0.025
 -1112.976     0.023
 -1112.876     0.023
 -1112.776     0.022
 -1112.677     0.021
 -1112.577     0.019
 -1112.478     0.013
 -1112.378     0.010
 -1112.279     0.008
 -1112.179     0.008
 -1112.079     0.008
 -1111.980     0.008
 -1111.880     0.008
 -1111.780     0.008
 -1111.681     0.010
 -1111.581     0.009
 -1111.482     0.010
 -1111.382     0.008
 -1111.282     0.009
 -1111.183     0.008
 -1111.083     0.008
 -1110.984     0.007
 -1110.884     0.008
 -1110.784     0.007
 -1110.685     0.007
 -1110.585     0.009
 -1110.485     0.012
 -1110.386     0.015
 -1110.286     0.021
 -1110.187     0.022
 -1110.087     0.022
 -1109.988     0.023
 -1109.888     0.021
 -1109.788     0.020
 -1109.689     0.017
 -1109.589     0.012
 -1109.489     0.008
 -1109.390     0.007
 -1109.290     0.006
 -1109.191     0.008
 -1109.091     0.007
 -1108.991     0.007
 -1108.892     0.008
 -1108.792     0.008
 -1108.693     0.008
 -1108.593     0.009
 -1108.493     0.011
 -1108.394     0.013
 -1108.294     0.018
 -1108.195     0.022
 -1108.095     0.024
 -1107.995     0.024
 -1107.896     0.023
 -1107.796     0.021
 -1107.696     0.020
 -1107.597     0.017
 -1107.497     0.013
 -1107.398     0.009
 -1107.298     0.009
 -1107.198     0.007
 -1107.099     0.005
 -1106.999     0.007
 -1106.900     0.009
 -1106.800     0.008
 -1106.700     0.008
 -1106.601     0.008
 -1106.501     0.007
 -1106.401     0.007
 -1106.302     0.008
 -1106.202     0.008
 -1106.103     0.010
 -1106.003     0.012
 -1105.904     0.015
 -1105.804     0.021
 -1105.704     0.024
 -1105.605     0.025
 -1105.505     0.026
 -1105.405     0.023
 -1105.306     0.022
 -1105.206     0.020
 -1105.107     0.013
 -1105.007     0.010
 -1104.907     0.008
 -1104.808     0.009
 -1104.708     0.009
 -1104.609     0.008
 -1104.509     0.008
 -1104.409     0.009
 -1104.310     0.008
 -1104.210     0.008
 -1104.110     0.010
 -1104.011     0.009
 -1103.911     0.007
 -1103.812     0.010
 -1103.712     0.011
 -1103.613     0.012
 -1103.513     0.011
 -1103.413     0.013
 -1103.314     0.016
 -1103.214     0.019
 -1103.114     0.023
 -1103.015     0.023
 -1102.915     0.024
 -1102.816     0.025
 -1102.716     0.024
 -1102.616     0.023
 -1102.517     0.024
 -1102.417     0.024
 -1102.318     0.023
 -1102.218     0.023
 -1102.118     0.021
 -1102.019     0.019
 -1101.919     0.012
 -1101.820     0.008
 -1101.720     0.007
 -1101.620     0.008
 -1101.521     0.008
 -1101.421     0.009
 -1101.321     0.010
 -1101.222     0.012
 -1101.122     0.011
 -1101.023     0.013
 -1100.923     0.013
 -1100.823     0.016
 -1100.724     0.021
 -1100.624     0.023
 -1100.525     0.022
 -1100.425     0.023
 -1100.325     0.023
 -1100.226     0.022
 -1100.126     0.022
 -1100.026     0.022
 -1099.927     0.018
 -1099.827     0.012
 -1099.728     0.008
 -1099.628     0.007
 -1099.529     0.008
 -1099.429     0.008
 -1099.329     0.010
 -1099.230     0.011
 -1099.130     0.016
 -1099.030     0.021
 -1098.931     0.024
 -1098.831     0.025
 -1098.732     0.025
 -1098.632     0.025
 -1098.532     0.023
 -1098.433     0.019
 -1098.333     0.013
 -1098.234     0.008
 -1098.134     0.007
 -1098.034     0.008
 -1097.935     0.009
 -1097.835     0.010
 -1097.735     0.009
 -1097.636     0.012
 -1097.536     0.014
 -1097.437     0.020
 -1097.337     0.023
 -1097.238     0.024
 -1097.138     0.024
 -1097.038     0.023
 -1096.939     0.022
 -1096.839     0.021
 -1096.739     0.021
 -1096.640     0.019
 -1096.540     0.014
 -1096.441     0.009
 -1096.341     0.005
 -1096.241     0.007
 -1096.142     0.007
 -1096.042     0.007
 -1095.943     0.008
 -1095.843     0.009
 -1095.743     0.009
 -1095.644     0.009
 -1095.544     0.010
 -1095.445     0.010
 -1095.345     0.012
 -1095.245     0.012
 -1095.146     0.014
 -1095.046     0.015
 -1094.946     0.016
 -1094.847     0.021
 -1094.747     0.024
 -1094.648     0.023
 -1094.548     0.024
 -1094.448     0.025
 -1094.349     0.023
 -1094.249     0.021
 -1094.150     0.019
 -1094.050     0.014
 -1093.950     0.009
 -1093.851     0.008
 -1093.751     0.008
 -1093.651     0.008
 -1093.552     0.010
 -1093.452     0.010
 -1093.353     0.013
 -1093.253     0.018
 -1093.154     0.022
 -1093.054     0.023
 -1092.954     0.024
 -1092.855     0.026
 -1092.755     0.025
 -1092.655     0.023
 -1092.556     0.024
 -1092.456     0.023
 -1092.357     0.020
 -1092.257     0.016
 -1092.157     0.011
 -1092.058     0.010
 -1091.958     0.010
 -1091.859     0.009
 -1091.759     0.009
 -1091.659     0.009
 -1091.560     0.010
 -1091.460     0.010
 -1091.360     0.012
 -1091.261     0.012
 -1091.161     0.013
 -1091.062     0.011
 -1090.962     0.013
 -1090.863     0.012
 -1090.763     0.011
 -1090.663     0.012
 -1090.564     0.012
 -1090.464     0.010
 -1090.364     0.008
 -1090.265     0.009
 -1090.165     0.010
 -1090.066     0.009
 -1089.966     0.010
 -1089.866     0.009
 -1089.767     0.009
 -1089.667     0.011
 -1089.568     0.011
 -1089.468     0.011
 -1089.368     0.012
 -1089.269     0.013
 -1089.169     0.015
 -1089.070     0.018
 -1088.970     0.022
 -1088.870     0.024
 -1088.771     0.022
 -1088.671     0.025
 -1088.571     0.025
 -1088.472     0.024
 -1088.372     0.023
 -1088.273     0.023
 -1088.173     0.021
 -1088.073     0.019
 -1087.974     0.013
 -1087.874     0.010
 -1087.775     0.008
 -1087.675     0.008
 -1087.575     0.009
 -1087.476     0.011
 -1087.376     0.014
 -1087.276     0.021
 -1087.177     0.024
 -1087.077     0.024
 -1086.978     0.025
 -1086.878     0.025
 -1086.779     0.024
 -1086.679     0.023
 -1086.579     0.022
 -1086.480     0.019
 -1086.380     0.014
 -1086.280     0.009
 -1086.181     0.009
 -1086.081     0.009
 -1085.982     0.008
 -1085.882     0.011
 -1085.782     0.010
 -1085.683     0.012
 -1085.583     0.011
 -1085.484     0.011
 -1085.384     0.014
 -1085.284     0.014
 -1085.185     0.015
 -1085.085     0.021
 -1084.985     0.024
 -1084.886     0.024
 -1084.786     0.025
 -1084.687     0.024
 -1084.587     0.023
 -1084.488     0.022
 -1084.388     0.020
 -1084.288     0.012
 -1084.189     0.008
 -1084.089     0.007
 -1083.989     0.007
 -1083.890     0.006
 -1083.790     0.009
 -1083.691     0.008
 -1083.591     0.010
 -1083.491     0.011
 -1083.392     0.015
 -1083.292     0.020
 -1083.193     0.022
 -1083.093     0.025
 -1082.993     0.025
 -1082.894     0.023
 -1082.794     0.022
 -1082.695     0.017
 -1082.595     0.011
 -1082.495     0.010
 -1082.396     0.007
 -1082.296     0.009
 -1082.196     0.009
 -1082.097     0.010
 -1081.997     0.009
 -1081.898     0.011
 -1081.798     0.010
 -1081.698     0.008
 -1081.599     0.008
 -1081.499     0.009
 -1081.400     0.010
 -1081.300     0.012
 -1081.200     0.012
 -1081.101     0.012
 -1081.001     0.012
 -1080.901     0.013
 -1080.802     0.016
 -1080.702     0.018
 -1080.603     0.022
 -1080.503     0.025
 -1080.404     0.025
 -1080.304     0.024
 -1080.204     0.024
 -1080.105     0.024
 -1080.005     0.025
 -1079.905     0.024
 -1079.806     0.022
 -1079.706     0.018
 -1079.607     0.012
 -1079.507     0.010
 -1079.407     0.007
 -1079.308     0.008
 -1079.208     0.009
 -1079.109     0.008
 -1079.009     0.009
 -1078.909     0.009
 -1078.810     0.010
 -1078.710     0.011
 -1078.610     0.011
 -1078.511     0.012
 -1078.411     0.012
 -1078.312     0.012
 -1078.212     0.016
 -1078.113     0.017
 -1078.013     0.023
 -1077.913     0.024
 -1077.814     0.024
 -1077.714     0.024
 -1077.614     0.021
 -1077.515     0.021
 -1077.415     0.017
 -1077.316     0.012
 -1077.216     0.010
 -1077.116     0.008
 -1077.017     0.010
 -1076.917     0.010
 -1076.818     0.011
 -1076.718     0.011
 -1076.618     0.012
 -1076.519     0.011
 -1076.419     0.010
 -1076.320     0.011
 -1076.220     0.010
 -1076.120     0.009
 -1076.021     0.010
 -1075.921     0.010
 -1075.821     0.011
 -1075.722     0.011
 -1075.622     0.010
 -1075.523     0.012
 -1075.423     0.012
 -1075.323     0.013
 -1075.224     0.013
 -1075.124     0.017
 -1075.025     0.020
 -1074.925     0.023
 -1074.825     0.025
 -1074.726     0.024
 -1074.626     0.023
 -1074.526     0.022
 -1074.427     0.017
 -1074.327     0.011
 -1074.228     0.009
 -1074.128     0.007
 -1074.029     0.007
 -1073.929     0.008
 -1073.829     0.008
 -1073.730     0.009
 -1073.630     0.009
 -1073.530     0.008
 -1073.431     0.008
 -1073.331     0.010
 -1073.232     0.009
 -1073.132     0.010
 -1073.032     0.012
 -1072.933     0.013
 -1072.833     0.014
 -1072.734     0.015
 -1072.634     0.016
 -1072.534     0.021
 -1072.435     0.024
 -1072.335     0.025
 -1072.235     0.025
 -1072.136     0.025
 -1072.036     0.024
 -1071.937     0.023
 -1071.837     0.020
 -1071.738     0.014
 -1071.638     0.010
 -1071.538     0.008
 -1071.439     0.008
 -1071.339     0.008
 -1071.239     0.007
 -1071.140     0.007
 -1071.040     0.006
 -1070.941     0.009
 -1070.841     0.008
 -1070.741     0.009
 -1070.642     0.010
 -1070.542     0.010
 -1070.443     0.011
 -1070.343     0.014
 -1070.243     0.019
 -1070.144     0.023
 -1070.044     0.024
 -1069.945     0.024
 -1069.845     0.024
 -1069.745     0.022
 -1069.646     0.021
 -1069.546     0.015
 -1069.446     0.009
 -1069.347     0.007
 -1069.247     0.009
 -1069.148     0.009
 -1069.048     0.008
 -1068.948     0.008
 -1068.849     0.010
 -1068.749     0.010
 -1068.650     0.010
 -1068.550     0.012
 -1068.450     0.013
 -1068.351     0.016
 -1068.251     0.022
 -1068.151     0.023
 -1068.052     0.024
 -1067.952     0.025
 -1067.853     0.024
 -1067.753     0.024
 -1067.654     0.025
 -1067.554     0.022
 -1067.454     0.019
 -1067.355     0.012
 -1067.255     0.009
 -1067.155     0.008
 -1067.056     0.007
 -1066.956     0.008
 -1066.857     0.008
 -1066.757     0.008
 -1066.657     0.009
 -1066.558     0.009
 -1066.458     0.011
 -1066.359     0.009
 -1066.259     0.010
 -1066.159     0.010
 -1066.060     0.010
 -1065.960     0.009
 -1065.860     0.008
 -1065.761     0.007
 -1065.661     0.009
 -1065.562     0.008
 -1065.462     0.009
 -1065.363     0.008
 -1065.263     0.012
 -1065.163     0.013
 -1065.064     0.014
 -1064.964     0.016
 -1064.864     0.021
 -1064.765     0.023
 -1064.665     0.025
 -1064.566     0.024
 -1064.466     0.024
 -1064.366     0.021
 -1064.267     0.017
 -1064.167     0.012
 -1064.068     0.010
 -1063.968     0.011
 -1063.868     0.011
 -1063.769     0.009
 -1063.669     0.009
 -1063.570     0.010
 -1063.470     0.010
 -1063.370     0.011
 -1063.271     0.012
 -1063.171     0.014
 -1063.071     0.017
 -1062.972     0.022
 -1062.872     0.025
 -1062.773     0.025
 -1062.673     0.024
 -1062.573     0.023
 -1062.474     0.024
 -1062.374     0.021
 -1062.275     0.014
 -1062.175     0.010
 -1062.075     0.009
 -1061.976     0.008
 -1061.876     0.009
 -1061.776     0.010
 -1061.677     0.008
 -1061.577     0.008
 -1061.478     0.009
 -1061.378     0.010
 -1061.279     0.010
 -1061.179     0.010
 -1061.079     0.009
 -1060.980     0.009
 -1060.880     0.010
 -1060.780     0.011
 -1060.681     0.010
 -1060.581     0.014
 -1060.482     0.016
 -1060.382     0.022
 -1060.282     0.024
 -1060.183     0.025
 -1060.083     0.022
 -1059.984     0.020
 -1059.884     0.018
 -1059.784     0.011
 -1059.685     0.009
 -1059.585     0.009
 -1059.485     0.007
 -1059.386     0.009
 -1059.286     0.009
 -1059.187     0.010
 -1059.087     0.008
 -1058.988     0.007
 -1058.888     0.008
 -1058.788     0.009
 -1058.689     0.011
 -1058.589     0.012
 -1058.489     0.012
 -1058.390     0.015
 -1058.290     0.020
 -1058.191     0.025
 -1058.091     0.027
 -1057.991     0.028
 -1057.892     0.027
 -1057.792     0.026
 -1057.693     0.027
 -1057.593     0.026
 -1057.493     0.023
 -1057.394     0.018
 -1057.294     0.013
 -1057.195     0.011
 -1057.095     0.009
 -1056.995     0.009
 -1056.896     0.012
 -1056.796     0.013
 -1056.696     0.014
 -1056.597     0.016
 -1056.497     0.023
 -1056.398     0.025
 -1056.298     0.025
 -1056.198     0.025
 -1056.099     0.024
 -1055.999     0.024
 -1055.900     0.024
 -1055.800     0.024
 -1055.700     0.024
 -1055.601     0.022
 -1055.501     0.021
 -1055.401     0.015
 -1055.302     0.010
 -1055.202     0.009
 -1055.103     0.010
 -1055.003     0.008
 -1054.904     0.008
 -1054.804     0.010
 -1054.704     0.010
 -1054.605     0.011
 -1054.505     0.011
 -1054.405     0.011
 -1054.306     0.013
 -1054.206     0.016
 -1054.107     0.023
 -1054.007     0.025
 -1053.907     0.026
 -1053.808     0.026
 -1053.708     0.028
 -1053.609     0.025
 -1053.509     0.022
 -1053.409     0.015
 -1053.310     0.009
 -1053.210     0.009
 -1053.110     0.009
 -1053.011     0.008
 -1052.911     0.009
 -1052.812     0.008
 -1052.712     0.010
 -1052.613     0.009
 -1052.513     0.009
 -1052.413     0.010
 -1052.314     0.012
 -1052.214     0.013
 -1052.114     0.013
 -1052.015     0.018
 -1051.915     0.024
 -1051.816     0.024
 -1051.716     0.026
 -1051.616     0.028
 -1051.517     0.026
 -1051.417     0.024
 -1051.318     0.020
 -1051.218     0.014
 -1051.118     0.011
 -1051.019     0.009
 -1050.919     0.010
 -1050.820     0.010
 -1050.720     0.009
 -1050.620     0.010
 -1050.521     0.010
 -1050.421     0.009
 -1050.321     0.010
 -1050.222     0.010
 -1050.122     0.010
 -1050.023     0.010
 -1049.923     0.011
 -1049.823     0.011
 -1049.724     0.011
 -1049.624     0.014
 -1049.525     0.018
 -1049.425     0.024
 -1049.325     0.025
 -1049.226     0.026
 -1049.126     0.027
 -1049.026     0.025
 -1048.927     0.027
 -1048.827     0.025
 -1048.728     0.024
 -1048.628     0.021
 -1048.529     0.014
 -1048.429     0.012
 -1048.329     0.010
 -1048.230     0.010
 -1048.130     0.010
 -1048.030     0.011
 -1047.931     0.011
 -1047.831     0.010
 -1047.732     0.011
 -1047.632     0.011
 -1047.532     0.012
 -1047.433     0.012
 -1047.333     0.010
 -1047.234     0.013
 -1047.134     0.013
 -1047.034     0.014
 -1046.935     0.013
 -1046.835     0.012
 -1046.735     0.013
 -1046.636     0.009
 -1046.536     0.012
 -1046.437     0.012
 -1046.337     0.013
 -1046.238     0.016
 -1046.138     0.016
 -1046.038     0.018
 -1045.939     0.025
 -1045.839     0.026
 -1045.739     0.025
 -1045.640     0.024
 -1045.540     0.023
 -1045.441     0.021
 -1045.341     0.014
 -1045.241     0.010
 -1045.142     0.009
 -1045.042     0.010
 -1044.943     0.009
 -1044.843     0.009
 -1044.743     0.009
 -1044.644     0.010
 -1044.544     0.010
 -1044.445     0.010
 -1044.345     0.013
 -1044.245     0.014
 -1044.146     0.017
 -1044.046     0.024
 -1043.946     0.024
 -1043.847     0.024
 -1043.747     0.024
 -1043.648     0.026
 -1043.548     0.026
 -1043.448     0.025
 -1043.349     0.025
 -1043.249     0.023
 -1043.150     0.021
 -1043.050     0.017
 -1042.950     0.011
 -1042.851     0.010
 -1042.751     0.009
 -1042.651     0.011
 -1042.552     0.009
 -1042.452     0.011
 -1042.353     0.011
 -1042.253     0.010
 -1042.154     0.010
 -1042.054     0.011
 -1041.954     0.013
 -1041.855     0.013
 -1041.755     0.016
 -1041.655     0.024
 -1041.556     0.028
 -1041.456     0.027
 -1041.357     0.027
 -1041.257     0.025
 -1041.157     0.024
 -1041.058     0.017
 -1040.958     0.012
 -1040.859     0.012
 -1040.759     0.011
 -1040.659     0.009
 -1040.560     0.010
 -1040.460     0.013
 -1040.360     0.013
 -1040.261     0.014
 -1040.161     0.014
 -1040.062     0.015
 -1039.962     0.016
 -1039.863     0.016
 -1039.763     0.021
 -1039.663     0.024
 -1039.564     0.025
 -1039.464     0.026
 -1039.364     0.027
 -1039.265     0.025
 -1039.165     0.023
 -1039.066     0.021
 -1038.966     0.019
 -1038.866     0.012
 -1038.767     0.010
 -1038.667     0.009
 -1038.568     0.009
 -1038.468     0.009
 -1038.368     0.010
 -1038.269     0.009
 -1038.169     0.013
 -1038.070     0.013
 -1037.970     0.015
 -1037.870     0.020
 -1037.771     0.024
 -1037.671     0.027
 -1037.571     0.025
 -1037.472     0.026
 -1037.372     0.026
 -1037.273     0.024
 -1037.173     0.021
 -1037.073     0.015
 -1036.974     0.011
 -1036.874     0.010
 -1036.775     0.009
 -1036.675     0.009
 -1036.575     0.008
 -1036.476     0.010
 -1036.376     0.010
 -1036.276     0.010
 -1036.177     0.012
 -1036.077     0.012
 -1035.978     0.013
 -1035.878     0.013
 -1035.779     0.012
 -1035.679     0.015
 -1035.579     0.016
 -1035.480     0.018
 -1035.380     0.018
 -1035.280     0.025
 -1035.181     0.025
 -1035.081     0.027
 -1034.982     0.026
 -1034.882     0.026
 -1034.782     0.027
 -1034.683     0.025
 -1034.583     0.024
 -1034.484     0.021
 -1034.384     0.013
 -1034.284     0.011
 -1034.185     0.009
 -1034.085     0.008
 -1033.985     0.009
 -1033.886     0.010
 -1033.786     0.010
 -1033.687     0.012
 -1033.587     0.011
 -1033.488     0.011
 -1033.388     0.012
 -1033.288     0.013
 -1033.189     0.013
 -1033.089     0.014
 -1032.989     0.013
 -1032.890     0.014
 -1032.790     0.013
 -1032.691     0.012
 -1032.591     0.011
 -1032.491     0.010
 -1032.392     0.011
 -1032.292     0.012
 -1032.193     0.011
 -1032.093     0.012
 -1031.993     0.011
 -1031.894     0.012
 -1031.794     0.012
 -1031.695     0.011
 -1031.595     0.010
 -1031.495     0.012
 -1031.396     0.010
 -1031.296     0.012
 -1031.196     0.011
 -1031.097     0.012
 -1030.997     0.012
 -1030.898     0.010
 -1030.798     0.010
 -1030.698     0.011
 -1030.599     0.011
 -1030.499     0.013
 -1030.400     0.015
 -1030.300     0.016
 -1030.200     0.020
 -1030.101     0.026
 -1030.001     0.026
 -1029.901     0.028
 -1029.802     0.026
 -1029.702     0.027
 -1029.603     0.025
 -1029.503     0.022
 -1029.404     0.017
 -1029.304     0.012
 -1029.204     0.011
 -1029.105     0.010
 -1029.005     0.011
 -1028.905     0.009
 -1028.806     0.010
 -1028.706     0.010
 -1028.607     0.011
 -1028.507     0.012
 -1028.407     0.014
 -1028.308     0.016
 -1028.208     0.019
 -1028.109     0.025
 -1028.009     0.028
 -1027.909     0.027
 -1027.810     0.027
 -1027.710     0.028
 -1027.610     0.024
 -1027.511     0.021
 -1027.411     0.014
 -1027.312     0.010
 -1027.212     0.011
 -1027.113     0.009
 -1027.013     0.010
 -1026.913     0.010
 -1026.814     0.013
 -1026.714     0.016
 -1026.614     0.024
 -1026.515     0.026
 -1026.415     0.025
 -1026.316     0.025
 -1026.216     0.024
 -1026.116     0.025
 -1026.017     0.021
 -1025.917     0.014
 -1025.818     0.012
 -1025.718     0.008
 -1025.618     0.011
 -1025.519     0.010
 -1025.419     0.010
 -1025.320     0.009
 -1025.220     0.010
 -1025.120     0.010
 -1025.021     0.010
 -1024.921     0.011
 -1024.821     0.011
 -1024.722     0.009
 -1024.622     0.010
 -1024.523     0.010
 -1024.423     0.010
 -1024.323     0.010
 -1024.224     0.011
 -1024.124     0.013
 -1024.025     0.016
 -1023.925     0.018
 -1023.825     0.023
 -1023.726     0.026
 -1023.626     0.026
 -1023.526     0.027
 -1023.427     0.025
 -1023.327     0.025
 -1023.228     0.022
 -1023.128     0.022
 -1023.029     0.018
 -1022.929     0.013
 -1022.829     0.011
 -1022.730     0.011
 -1022.630     0.011
 -1022.530     0.009
 -1022.431     0.010
 -1022.331     0.010
 -1022.232     0.011
 -1022.132     0.011
 -1022.032     0.011
 -1021.933     0.010
 -1021.833     0.012
 -1021.734     0.015
 -1021.634     0.017
 -1021.534     0.025
 -1021.435     0.028
 -1021.335     0.028
 -1021.235     0.030
 -1021.136     0.028
 -1021.036     0.026
 -1020.937     0.022
 -1020.837     0.015
 -1020.738     0.013
 -1020.638     0.011
 -1020.538     0.011
 -1020.439     0.011
 -1020.339     0.012
 -1020.239     0.012
 -1020.140     0.010
 -1020.040     0.012
 -1019.941     0.012
 -1019.841     0.012
 -1019.741     0.014
 -1019.642     0.017
 -1019.542     0.019
 -1019.443     0.025
 -1019.343     0.028
 -1019.243     0.027
 -1019.144     0.029
 -1019.044     0.028
 -1018.945     0.028
 -1018.845     0.027
 -1018.745     0.025
 -1018.646     0.024
 -1018.546     0.021
 -1018.446     0.013
 -1018.347     0.011
 -1018.247     0.011
 -1018.148     0.012
 -1018.048     0.009
 -1017.948     0.011
 -1017.849     0.011
 -1017.749     0.011
 -1017.650     0.012
 -1017.550     0.011
 -1017.450     0.010
 -1017.351     0.011
 -1017.251     0.011
 -1017.151     0.009
 -1017.052     0.009
 -1016.952     0.012
 -1016.853     0.014
 -1016.753     0.015
 -1016.654     0.019
 -1016.554     0.025
 -1016.454     0.027
 -1016.355     0.028
 -1016.255     0.028
 -1016.155     0.027
 -1016.056     0.025
 -1015.956     0.022
 -1015.857     0.015
 -1015.757     0.011
 -1015.657     0.012
 -1015.558     0.012
 -1015.458     0.012
 -1015.359     0.012
 -1015.259     0.011
 -1015.159     0.012
 -1015.060     0.012
 -1014.960     0.011
 -1014.860     0.011
 -1014.761     0.012
 -1014.661     0.011
 -1014.562     0.012
 -1014.462     0.011
 -1014.363     0.011
 -1014.263     0.012
 -1014.163     0.011
 -1014.064     0.012
 -1013.964     0.012
 -1013.864     0.012
 -1013.765     0.013
 -1013.665     0.012
 -1013.566     0.013
 -1013.466     0.013
 -1013.366     0.015
 -1013.267     0.014
 -1013.167     0.016
 -1013.068     0.018
 -1012.968     0.021
 -1012.868     0.026
 -1012.769     0.028
 -1012.669     0.030
 -1012.570     0.029
 -1012.470     0.029
 -1012.370     0.025
 -1012.271     0.022
 -1012.171     0.014
 -1012.071     0.010
 -1011.972     0.012
 -1011.872     0.013
 -1011.773     0.011
 -1011.673     0.011
 -1011.573     0.012
 -1011.474     0.013
 -1011.374     0.014
 -1011.275     0.016
 -1011.175     0.017
 -1011.075     0.018
 -1010.976     0.022
 -1010.876     0.026
 -1010.776     0.028
 -1010.677     0.027
 -1010.577     0.025
 -1010.478     0.025
 -1010.378     0.024
 -1010.279     0.022
 -1010.179     0.015
 -1010.079     0.011
 -1009.980     0.010
 -1009.880     0.011
 -1009.780     0.010
 -1009.681     0.011
 -1009.581     0.012
 -1009.482     0.012
 -1009.382     0.014
 -1009.282     0.014
 -1009.183     0.017
 -1009.083     0.022
 -1008.984     0.025
 -1008.884     0.027
 -1008.784     0.028
 -1008.685     0.028
 -1008.585     0.027
 -1008.485     0.028
 -1008.386     0.026
 -1008.286     0.022
 -1008.187     0.015
 -1008.087     0.011
 -1007.988     0.011
 -1007.888     0.009
 -1007.788     0.009
 -1007.689     0.010
 -1007.589     0.010
 -1007.489     0.010
 -1007.390     0.012
 -1007.290     0.014
 -1007.191     0.016
 -1007.091     0.018
 -1006.991     0.024
 -1006.892     0.028
 -1006.792     0.028
 -1006.693     0.028
 -1006.593     0.028
 -1006.493     0.027
 -1006.394     0.027
 -1006.294     0.024
 -1006.195     0.016
 -1006.095     0.013
 -1005.995     0.011
 -1005.896     0.011
 -1005.796     0.010
 -1005.696     0.012
 -1005.597     0.011
 -1005.497     0.011
 -1005.398     0.012
 -1005.298     0.012
 -1005.198     0.011
 -1005.099     0.012
 -1004.999     0.011
 -1004.900     0.011
 -1004.800     0.011
 -1004.700     0.011
 -1004.601     0.011
 -1004.501     0.011
 -1004.401     0.011
 -1004.302     0.012
 -1004.202     0.013
 -1004.103     0.013
 -1004.003     0.014
 -1003.904     0.015
 -1003.804     0.015
 -1003.704     0.015
 -1003.605     0.015
 -1003.505     0.015
 -1003.405     0.016
 -1003.306     0.016
 -1003.206     0.016
 -1003.107     0.016
 -1003.007     0.017
 -1002.907     0.019
 -1002.808     0.025
 -1002.708     0.028
 -1002.609     0.028
 -1002.509     0.028
 -1002.409     0.028
 -1002.310     0.026
 -1002.210     0.025
 -1002.110     0.024
 -1002.011     0.018
 -1001.911     0.012
 -1001.812     0.010
 -1001.712     0.012
 -1001.613     0.009
 -1001.513     0.011
 -1001.413     0.013
 -1001.314     0.015
 -1001.214     0.018
 -1001.114     0.025
 -1001.015     0.028
 -1000.915     0.028
 -1000.816     0.028
 -1000.716     0.027
 -1000.616     0.029
 -1000.517     0.028
 -1000.417     0.027
 -1000.318     0.025
 -1000.218     0.021
 -1000.118     0.014
 -1000.019     0.012
  -999.919     0.012
  -999.820     0.011
  -999.720     0.010
  -999.620     0.010
  -999.521     0.011
  -999.421     0.011
  -999.321     0.011
  -999.222     0.011
  -999.122     0.010
  -999.023     0.011
  -998.923     0.013
  -998.823     0.014
  -998.724     0.015
  -998.624     0.016
  -998.525     0.021
  -998.425     0.026
  -998.325     0.026
  -998.226     0.028
  -998.126     0.028
  -998.026     0.026
  -997.927     0.025
  -997.827     0.020
  -997.728     0.015
  -997.628     0.011
  -997.529     0.012
  -997.429     0.011
  -997.329     0.013
  -997.230     0.013
  -997.130     0.012
  -997.030     0.011
  -996.931     0.013
  -996.831     0.011
  -996.732     0.012
  -996.632     0.014
  -996.532     0.015
  -996.433     0.015
  -996.333     0.019
  -996.234     0.026
  -996.134     0.027
  -996.034     0.029
  -995.935     0.028
  -995.835     0.029
  -995.735     0.027
  -995.636     0.025
  -995.536     0.022
  -995.437     0.014
  -995.337     0.012
  -995.238     0.012
  -995.138     0.013
  -995.038     0.015
  -994.939     0.014
  -994.839     0.014
  -994.739     0.013
  -994.640     0.012
  -994.540     0.011
  -994.441     0.011
  -994.341     0.011
  -994.241     0.012
  -994.142     0.011
  -994.042     0.011
  -993.943     0.011
  -993.843     0.011
  -993.743     0.011
  -993.644     0.012
  -993.544     0.010
  -993.445     0.012
  -993.345     0.012
  -993.245     0.012
  -993.146     0.012
  -993.046     0.014
  -992.946     0.016
  -992.847     0.016
  -992.747     0.022
  -992.648     0.028
  -992.548     0.030
  -992.448     0.029
  -992.349     0.030
  -992.249     0.030
  -992.150     0.029
  -992.050     0.029
  -991.950     0.028
  -991.851     0.025
  -991.751     0.017
  -991.651     0.013
  -991.552     0.013
  -991.452     0.012
  -991.353     0.013
  -991.253     0.014
  -991.154     0.016
  -991.054     0.016
  -990.954     0.017
  -990.855     0.020
  -990.755     0.024
  -990.655     0.027
  -990.556     0.029
  -990.456     0.028
  -990.357     0.030
  -990.257     0.027
  -990.157     0.028
  -990.058     0.029
  -989.958     0.026
  -989.859     0.018
  -989.759     0.013
  -989.659     0.012
  -989.560     0.011
  -989.460     0.011
  -989.360     0.013
  -989.261     0.012
  -989.161     0.012
  -989.062     0.011
  -988.962     0.012
  -988.863     0.010
  -988.763     0.010
  -988.663     0.012
  -988.564     0.013
  -988.464     0.012
  -988.364     0.013
  -988.265     0.016
  -988.165     0.017
  -988.066     0.018
  -987.966     0.025
  -987.866     0.028
  -987.767     0.028
  -987.667     0.029
  -987.568     0.028
  -987.468     0.026
  -987.368     0.027
  -987.269     0.022
  -987.169     0.015
  -987.070     0.012
  -986.970     0.012
  -986.870     0.012
  -986.771     0.010
  -986.671     0.012
  -986.571     0.012
  -986.472     0.012
  -986.372     0.011
  -986.273     0.012
  -986.173     0.012
  -986.073     0.014
  -985.974     0.017
  -985.874     0.021
  -985.775     0.026
  -985.675     0.028
  -985.575     0.030
  -985.476     0.030
  -985.376     0.028
  -985.276     0.027
  -985.177     0.025
  -985.077     0.026
  -984.978     0.021
  -984.878     0.016
  -984.779     0.015
  -984.679     0.013
  -984.579     0.013
  -984.480     0.013
  -984.380     0.014
  -984.280     0.015
  -984.181     0.015
  -984.081     0.012
  -983.982     0.013
  -983.882     0.013
  -983.782     0.013
  -983.683     0.012
  -983.583     0.013
  -983.484     0.012
  -983.384     0.013
  -983.284     0.013
  -983.185     0.011
  -983.085     0.013
  -982.985     0.014
  -982.886     0.014
  -982.786     0.017
  -982.687     0.018
  -982.587     0.024
  -982.488     0.028
  -982.388     0.029
  -982.288     0.028
  -982.189     0.029
  -982.089     0.030
  -981.989     0.028
  -981.890     0.027
  -981.790     0.023
  -981.691     0.015
  -981.591     0.011
  -981.491     0.011
  -981.392     0.010
  -981.292     0.010
  -981.193     0.012
  -981.093     0.013
  -980.993     0.014
  -980.894     0.013
  -980.794     0.013
  -980.695     0.014
  -980.595     0.015
  -980.495     0.017
  -980.396     0.018
  -980.296     0.021
  -980.196     0.026
  -980.097     0.028
  -979.997     0.029
  -979.898     0.030
  -979.798     0.029
  -979.698     0.029
  -979.599     0.025
  -979.499     0.022
  -979.400     0.015
  -979.300     0.012
  -979.200     0.012
  -979.101     0.012
  -979.001     0.014
  -978.901     0.014
  -978.802     0.015
  -978.702     0.015
  -978.603     0.018
  -978.503     0.020
  -978.404     0.025
  -978.304     0.028
  -978.204     0.028
  -978.105     0.028
  -978.005     0.030
  -977.905     0.029
  -977.806     0.028
  -977.706     0.028
  -977.607     0.027
  -977.507     0.024
  -977.407     0.018
  -977.308     0.014
  -977.208     0.013
  -977.109     0.012
  -977.009     0.013
  -976.909     0.014
  -976.810     0.013
  -976.710     0.012
  -976.610     0.012
  -976.511     0.012
  -976.411     0.014
  -976.312     0.014
  -976.212     0.016
  -976.113     0.017
  -976.013     0.019
  -975.913     0.018
  -975.814     0.020
  -975.714     0.026
  -975.614     0.028
  -975.515     0.028
  -975.415     0.029
  -975.316     0.029
  -975.216     0.028
  -975.116     0.028
  -975.017     0.026
  -974.917     0.023
  -974.818     0.015
  -974.718     0.013
  -974.618     0.012
  -974.519     0.013
  -974.419     0.013
  -974.320     0.015
  -974.220     0.016
  -974.120     0.016
  -974.021     0.022
  -973.921     0.029
  -973.821     0.030
  -973.722     0.031
  -973.622     0.031
  -973.523     0.029
  -973.423     0.028
  -973.323     0.024
  -973.224     0.015
  -973.124     0.012
  -973.025     0.011
  -972.925     0.013
  -972.825     0.014
  -972.726     0.014
  -972.626     0.013
  -972.526     0.012
  -972.427     0.011
  -972.327     0.013
  -972.228     0.012
  -972.128     0.012
  -972.029     0.012
  -971.929     0.012
  -971.829     0.012
  -971.730     0.013
  -971.630     0.014
  -971.530     0.015
  -971.431     0.016
  -971.331     0.020
  -971.232     0.024
  -971.132     0.029
  -971.032     0.029
  -970.933     0.029
  -970.833     0.030
  -970.734     0.027
  -970.634     0.027
  -970.534     0.024
  -970.435     0.018
  -970.335     0.012
  -970.235     0.014
  -970.136     0.013
  -970.036     0.014
  -969.937     0.013
  -969.837     0.013
  -969.738     0.014
  -969.638     0.013
  -969.538     0.014
  -969.439     0.015
  -969.339     0.014
  -969.239     0.015
  -969.140     0.016
  -969.040     0.015
  -968.941     0.016
  -968.841     0.016
  -968.741     0.016
  -968.642     0.016
  -968.542     0.015
  -968.443     0.015
  -968.343     0.013
  -968.243     0.014
  -968.144     0.015
  -968.044     0.012
  -967.945     0.011
  -967.845     0.012
  -967.745     0.013
  -967.646     0.013
  -967.546     0.013
  -967.446     0.014
  -967.347     0.015
  -967.247     0.018
  -967.148     0.021
  -967.048     0.027
  -966.948     0.031
  -966.849     0.029
  -966.749     0.030
  -966.650     0.031
  -966.550     0.027
  -966.450     0.023
  -966.351     0.016
  -966.251     0.014
  -966.151     0.013
  -966.052     0.014
  -965.952     0.015
  -965.853     0.014
  -965.753     0.015
  -965.654     0.015
  -965.554     0.015
  -965.454     0.017
  -965.355     0.016
  -965.255     0.018
  -965.155     0.019
  -965.056     0.021
  -964.956     0.026
  -964.857     0.029
  -964.757     0.031
  -964.657     0.030
  -964.558     0.030
  -964.458     0.030
  -964.359     0.029
  -964.259     0.029
  -964.159     0.027
  -964.060     0.022
  -963.960     0.017
  -963.860     0.015
  -963.761     0.013
  -963.661     0.013
  -963.562     0.014
  -963.462     0.013
  -963.363     0.014
  -963.263     0.013
  -963.163     0.014
  -963.064     0.015
  -962.964     0.014
  -962.864     0.014
  -962.765     0.015
  -962.665     0.014
  -962.566     0.016
  -962.466     0.014
  -962.366     0.014
  -962.267     0.013
  -962.167     0.012
  -962.068     0.013
  -961.968     0.016
  -961.868     0.018
  -961.769     0.024
  -961.669     0.029
  -961.570     0.031
  -961.470     0.031
  -961.370     0.031
  -961.271     0.030
  -961.171     0.028
  -961.071     0.025
  -960.972     0.019
  -960.872     0.016
  -960.773     0.013
  -960.673     0.013
  -960.573     0.013
  -960.474     0.014
  -960.374     0.015
  -960.275     0.017
  -960.175     0.017
  -960.075     0.017
  -959.976     0.020
  -959.876     0.021
  -959.776     0.028
  -959.677     0.028
  -959.577     0.028
  -959.478     0.029
  -959.378     0.031
  -959.279     0.028
  -959.179     0.025
  -959.079     0.017
  -958.980     0.013
  -958.880     0.013
  -958.780     0.013
  -958.681     0.013
  -958.581     0.013
  -958.482     0.014
  -958.382     0.014
  -958.282     0.015
  -958.183     0.018
  -958.083     0.024
  -957.984     0.028
  -957.884     0.029
  -957.784     0.029
  -957.685     0.030
  -957.585     0.029
  -957.485     0.025
  -957.386     0.019
  -957.286     0.013
  -957.187     0.013
  -957.087     0.013
  -956.988     0.014
  -956.888     0.014
  -956.788     0.015
  -956.689     0.014
  -956.589     0.015
  -956.489     0.016
  -956.390     0.016
  -956.290     0.015
  -956.191     0.016
  -956.091     0.017
  -955.991     0.013
  -955.892     0.015
  -955.792     0.013
  -955.693     0.014
  -955.593     0.015
  -955.493     0.014
  -955.394     0.016
  -955.294     0.015
  -955.195     0.015
  -955.095     0.015
  -954.995     0.015
  -954.896     0.014
  -954.796     0.013
  -954.696     0.014
  -954.597     0.013
  -954.497     0.015
  -954.398     0.015
  -954.298     0.015
  -954.198     0.017
  -954.099     0.020
  -953.999     0.029
  -953.900     0.031
  -953.800     0.031
  -953.700     0.031
  -953.601     0.032
  -953.501     0.030
  -953.401     0.029
  -953.302     0.027
  -953.202     0.023
  -953.103     0.015
  -953.003     0.015
  -952.904     0.015
  -952.804     0.013
  -952.704     0.016
  -952.605     0.016
  -952.505     0.017
  -952.405     0.017
  -952.306     0.016
  -952.206     0.016
  -952.107     0.016
  -952.007     0.015
  -951.907     0.014
  -951.808     0.014
  -951.708     0.014
  -951.609     0.013
  -951.509     0.014
  -951.409     0.017
  -951.310     0.015
  -951.210     0.016
  -951.110     0.018
  -951.011     0.019
  -950.911     0.020
  -950.812     0.025
  -950.712     0.029
  -950.613     0.031
  -950.513     0.031
  -950.413     0.031
  -950.314     0.030
  -950.214     0.028
  -950.114     0.027
  -950.015     0.025
  -949.915     0.018
  -949.816     0.015
  -949.716     0.015
  -949.616     0.013
  -949.517     0.015
  -949.417     0.015
  -949.318     0.015
  -949.218     0.016
  -949.118     0.015
  -949.019     0.015
  -948.919     0.015
  -948.820     0.015
  -948.720     0.015
  -948.620     0.015
  -948.521     0.016
  -948.421     0.017
  -948.321     0.016
  -948.222     0.016
  -948.122     0.016
  -948.023     0.017
  -947.923     0.018
  -947.823     0.017
  -947.724     0.019
  -947.624     0.018
  -947.525     0.016
  -947.425     0.015
  -947.325     0.014
  -947.226     0.014
  -947.126     0.015
  -947.026     0.016
  -946.927     0.016
  -946.827     0.020
  -946.728     0.026
  -946.628     0.030
  -946.529     0.031
  -946.429     0.031
  -946.329     0.029
  -946.230     0.030
  -946.130     0.025
  -946.030     0.019
  -945.931     0.014
  -945.831     0.015
  -945.732     0.014
  -945.632     0.015
  -945.532     0.013
  -945.433     0.014
  -945.333     0.014
  -945.234     0.015
  -945.134     0.016
  -945.034     0.014
  -944.935     0.013
  -944.835     0.013
  -944.735     0.014
  -944.636     0.013
  -944.536     0.014
  -944.437     0.015
  -944.337     0.015
  -944.238     0.014
  -944.138     0.016
  -944.038     0.014
  -943.939     0.014
  -943.839     0.014
  -943.739     0.013
  -943.640     0.013
  -943.540     0.014
  -943.441     0.013
  -943.341     0.015
  -943.241     0.014
  -943.142     0.015
  -943.042     0.015
  -942.943     0.015
  -942.843     0.015
  -942.743     0.015
  -942.644     0.014
  -942.544     0.014
  -942.445     0.014
  -942.345     0.015
  -942.245     0.016
  -942.146     0.018
  -942.046     0.021
  -941.946     0.027
  -941.847     0.031
  -941.747     0.031
  -941.648     0.030
  -941.548     0.031
  -941.448     0.029
  -941.349     0.028
  -941.249     0.027
  -941.150     0.023
  -941.050     0.018
  -940.950     0.016
  -940.851     0.014
  -940.751     0.014
  -940.651     0.014
  -940.552     0.016
  -940.452     0.015
  -940.353     0.015
  -940.253     0.016
  -940.154     0.015
  -940.054     0.016
  -939.954     0.015
  -939.855     0.015
  -939.755     0.017
  -939.655     0.020
  -939.556     0.024
  -939.456     0.029
  -939.357     0.030
  -939.257     0.032
  -939.157     0.031
  -939.058     0.030
  -938.958     0.030
  -938.859     0.028
  -938.759     0.021
  -938.659     0.017
  -938.560     0.015
  -938.460     0.015
  -938.360     0.015
  -938.261     0.017
  -938.161     0.019
  -938.062     0.017
  -937.962     0.019
  -937.863     0.020
  -937.763     0.019
  -937.663     0.025
  -937.564     0.030
  -937.464     0.031
  -937.364     0.032
  -937.265     0.032
  -937.165     0.032
  -937.066     0.031
  -936.966     0.029
  -936.866     0.028
  -936.767     0.026
  -936.667     0.018
  -936.568     0.016
  -936.468     0.015
  -936.368     0.014
  -936.269     0.014
  -936.169     0.016
  -936.070     0.019
  -935.970     0.024
  -935.870     0.029
  -935.771     0.031
  -935.671     0.031
  -935.571     0.032
  -935.472     0.031
  -935.372     0.031
  -935.273     0.028
  -935.173     0.027
  -935.073     0.022
  -934.974     0.016
  -934.874     0.014
  -934.775     0.014
  -934.675     0.015
  -934.575     0.014
  -934.476     0.014
  -934.376     0.013
  -934.276     0.013
  -934.177     0.014
  -934.077     0.015
  -933.978     0.016
  -933.878     0.017
  -933.779     0.019
  -933.679     0.021
  -933.579     0.029
  -933.480     0.030
  -933.380     0.030
  -933.280     0.032
  -933.181     0.031
  -933.081     0.031
  -932.982     0.031
  -932.882     0.030
  -932.782     0.029
  -932.683     0.027
  -932.583     0.022
  -932.484     0.017
  -932.384     0.015
  -932.284     0.014
  -932.185     0.015
  -932.085     0.016
  -931.985     0.016
  -931.886     0.018
  -931.786     0.019
  -931.687     0.019
  -931.587     0.018
  -931.488     0.018
  -931.388     0.019
  -931.288     0.019
  -931.189     0.021
  -931.089     0.021
  -930.989     0.021
  -930.890     0.022
  -930.790     0.024
  -930.691     0.028
  -930.591     0.030
  -930.491     0.030
  -930.392     0.032
  -930.292     0.032
  -930.193     0.031
  -930.093     0.030
  -929.993     0.026
  -929.894     0.020
  -929.794     0.016
  -929.695     0.016
  -929.595     0.015
  -929.495     0.015
  -929.396     0.014
  -929.296     0.015
  -929.196     0.015
  -929.097     0.014
  -928.997     0.015
  -928.898     0.015
  -928.798     0.016
  -928.698     0.017
  -928.599     0.019
  -928.499     0.020
  -928.400     0.019
  -928.300     0.020
  -928.200     0.020
  -928.101     0.019
  -928.001     0.019
  -927.901     0.020
  -927.802     0.017
  -927.702     0.017
  -927.603     0.017
  -927.503     0.015
  -927.404     0.017
  -927.304     0.015
  -927.204     0.016
  -927.105     0.017
  -927.005     0.016
  -926.905     0.018
  -926.806     0.018
  -926.706     0.017
  -926.607     0.017
  -926.507     0.017
  -926.407     0.016
  -926.308     0.015
  -926.208     0.016
  -926.109     0.017
  -926.009     0.018
  -925.909     0.019
  -925.810     0.022
  -925.710     0.026
  -925.610     0.032
  -925.511     0.033
  -925.411     0.034
  -925.312     0.032
  -925.212     0.031
  -925.113     0.032
  -925.013     0.031
  -924.913     0.028
  -924.814     0.021
  -924.714     0.017
  -924.614     0.017
  -924.515     0.016
  -924.415     0.016
  -924.316     0.016
  -924.216     0.016
  -924.116     0.015
  -924.017     0.018
  -923.917     0.020
  -923.818     0.021
  -923.718     0.027
  -923.618     0.030
  -923.519     0.032
  -923.419     0.033
  -923.320     0.033
  -923.220     0.030
  -923.120     0.028
  -923.021     0.023
  -922.921     0.018
  -922.821     0.016
  -922.722     0.016
  -922.622     0.016
  -922.523     0.015
  -922.423     0.016
  -922.323     0.017
  -922.224     0.018
  -922.124     0.023
  -922.025     0.029
  -921.925     0.032
  -921.825     0.032
  -921.726     0.033
  -921.626     0.033
  -921.526     0.031
  -921.427     0.029
  -921.327     0.026
  -921.228     0.019
  -921.128     0.016
  -921.029     0.015
  -920.929     0.015
  -920.829     0.014
  -920.730     0.016
  -920.630     0.017
  -920.530     0.018
  -920.431     0.020
  -920.331     0.023
  -920.232     0.029
  -920.132     0.032
  -920.032     0.033
  -919.933     0.033
  -919.833     0.032
  -919.734     0.032
  -919.634     0.029
  -919.534     0.027
  -919.435     0.018
  -919.335     0.014
  -919.235     0.014
  -919.136     0.013
  -919.036     0.014
  -918.937     0.015
  -918.837     0.017
  -918.738     0.021
  -918.638     0.025
  -918.538     0.031
  -918.439     0.032
  -918.339     0.032
  -918.239     0.032
  -918.140     0.032
  -918.040     0.032
  -917.941     0.031
  -917.841     0.030
  -917.741     0.030
  -917.642     0.030
  -917.542     0.029
  -917.443     0.028
  -917.343     0.020
  -917.243     0.015
  -917.144     0.016
  -917.044     0.015
  -916.945     0.015
  -916.845     0.015
  -916.745     0.015
  -916.646     0.015
  -916.546     0.016
  -916.446     0.017
  -916.347     0.016
  -916.247     0.016
  -916.148     0.017
  -916.048     0.014
  -915.948     0.015
  -915.849     0.016
  -915.749     0.018
  -915.650     0.022
  -915.550     0.029
  -915.450     0.031
  -915.351     0.033
  -915.251     0.034
  -915.151     0.035
  -915.052     0.034
  -914.952     0.032
  -914.853     0.031
  -914.753     0.028
  -914.654     0.021
  -914.554     0.018
  -914.454     0.017
  -914.355     0.015
  -914.255     0.016
  -914.155     0.015
  -914.056     0.016
  -913.956     0.016
  -913.857     0.016
  -913.757     0.016
  -913.657     0.016
  -913.558     0.017
  -913.458     0.015
  -913.359     0.016
  -913.259     0.016
  -913.159     0.014
  -913.060     0.017
  -912.960     0.016
  -912.860     0.016
  -912.761     0.017
  -912.661     0.019
  -912.562     0.020
  -912.462     0.022
  -912.363     0.028
  -912.263     0.032
  -912.163     0.034
  -912.064     0.033
  -911.964     0.034
  -911.864     0.032
  -911.765     0.031
  -911.665     0.031
  -911.566     0.027
  -911.466     0.021
  -911.366     0.017
  -911.267     0.016
  -911.167     0.016
  -911.068     0.016
  -910.968     0.017
  -910.868     0.018
  -910.769     0.019
  -910.669     0.020
  -910.570     0.021
  -910.470     0.023
  -910.370     0.029
  -910.271     0.033
  -910.171     0.032
  -910.071     0.033
  -909.972     0.032
  -909.872     0.031
  -909.773     0.027
  -909.673     0.021
  -909.573     0.018
  -909.474     0.017
  -909.374     0.017
  -909.275     0.017
  -909.175     0.017
  -909.075     0.017
  -908.976     0.017
  -908.876     0.017
  -908.776     0.018
  -908.677     0.019
  -908.577     0.019
  -908.478     0.019
  -908.378     0.019
  -908.279     0.019
  -908.179     0.020
  -908.079     0.020
  -907.980     0.019
  -907.880     0.019
  -907.780     0.017
  -907.681     0.017
  -907.581     0.017
  -907.482     0.016
  -907.382     0.016
  -907.282     0.016
  -907.183     0.016
  -907.083     0.016
  -906.984     0.015
  -906.884     0.017
  -906.784     0.016
  -906.685     0.018
  -906.585     0.016
  -906.485     0.015
  -906.386     0.016
  -906.286     0.017
  -906.187     0.016
  -906.087     0.017
  -905.988     0.016
  -905.888     0.015
  -905.788     0.017
  -905.689     0.017
  -905.589     0.018
  -905.489     0.019
  -905.390     0.023
  -905.290     0.029
  -905.191     0.032
  -905.091     0.033
  -904.991     0.035
  -904.892     0.034
  -904.792     0.032
  -904.693     0.029
  -904.593     0.021
  -904.493     0.019
  -904.394     0.017
  -904.294     0.016
  -904.195     0.017
  -904.095     0.017
  -903.995     0.017
  -903.896     0.016
  -903.796     0.017
  -903.696     0.019
  -903.597     0.017
  -903.497     0.022
  -903.398     0.026
  -903.298     0.031
  -903.198     0.034
  -903.099     0.031
  -902.999     0.033
  -902.900     0.032
  -902.800     0.030
  -902.700     0.025
  -902.601     0.020
  -902.501     0.018
  -902.401     0.017
  -902.302     0.018
  -902.202     0.017
  -902.103     0.016
  -902.003     0.017
  -901.904     0.017
  -901.804     0.018
  -901.704     0.020
  -901.605     0.020
  -901.505     0.023
  -901.405     0.025
  -901.306     0.032
  -901.206     0.033
  -901.107     0.035
  -901.007     0.034
  -900.907     0.034
  -900.808     0.032
  -900.708     0.026
  -900.609     0.021
  -900.509     0.017
  -900.409     0.017
  -900.310     0.018
  -900.210     0.018
  -900.110     0.017
  -900.011     0.018
  -899.911     0.017
  -899.812     0.016
  -899.712     0.018
  -899.613     0.017
  -899.513     0.019
  -899.413     0.017
  -899.314     0.018
  -899.214     0.019
  -899.114     0.019
  -899.015     0.020
  -898.915     0.020
  -898.816     0.022
  -898.716     0.019
  -898.616     0.020
  -898.517     0.019
  -898.417     0.021
  -898.318     0.018
  -898.218     0.016
  -898.118     0.016
  -898.019     0.017
  -897.919     0.018
  -897.820     0.019
  -897.720     0.021
  -897.620     0.023
  -897.521     0.029
  -897.421     0.031
  -897.321     0.032
  -897.222     0.035
  -897.122     0.035
  -897.023     0.033
  -896.923     0.030
  -896.823     0.026
  -896.724     0.020
  -896.624     0.019
  -896.525     0.017
  -896.425     0.017
  -896.325     0.018
  -896.226     0.019
  -896.126     0.019
  -896.026     0.017
  -895.927     0.017
  -895.827     0.018
  -895.728     0.020
  -895.628     0.022
  -895.529     0.030
  -895.429     0.032
  -895.329     0.033
  -895.230     0.034
  -895.130     0.034
  -895.030     0.034
  -894.931     0.034
  -894.831     0.033
  -894.732     0.031
  -894.632     0.023
  -894.532     0.019
  -894.433     0.017
  -894.333     0.017
  -894.234     0.017
  -894.134     0.017
  -894.034     0.016
  -893.935     0.018
  -893.835     0.018
  -893.735     0.019
  -893.636     0.019
  -893.536     0.019
  -893.437     0.020
  -893.337     0.018
  -893.238     0.018
  -893.138     0.017
  -893.038     0.017
  -892.939     0.017
  -892.839     0.018
  -892.739     0.019
  -892.640     0.017
  -892.540     0.019
  -892.441     0.018
  -892.341     0.018
  -892.241     0.018
  -892.142     0.017
  -892.042     0.018
  -891.943     0.018
  -891.843     0.017
  -891.743     0.019
  -891.644     0.019
  -891.544     0.020
  -891.445     0.022
  -891.345     0.023
  -891.245     0.026
  -891.146     0.031
  -891.046     0.036
  -890.946     0.035
  -890.847     0.036
  -890.747     0.034
  -890.648     0.033
  -890.548     0.030
  -890.448     0.022
  -890.349     0.019
  -890.249     0.017
  -890.150     0.018
  -890.050     0.017
  -889.950     0.018
  -889.851     0.016
  -889.751     0.018
  -889.651     0.019
  -889.552     0.019
  -889.452     0.020
  -889.353     0.022
  -889.253     0.028
  -889.154     0.033
  -889.054     0.033
  -888.954     0.034
  -888.855     0.033
  -888.755     0.034
  -888.655     0.034
  -888.556     0.033
  -888.456     0.035
  -888.357     0.034
  -888.257     0.033
  -888.157     0.031
  -888.058     0.031
  -887.958     0.026
  -887.859     0.020
  -887.759     0.019
  -887.659     0.017
  -887.560     0.017
  -887.460     0.015
  -887.360     0.016
  -887.261     0.016
  -887.161     0.016
  -887.062     0.017
  -886.962     0.017
  -886.863     0.017
  -886.763     0.017
  -886.663     0.018
  -886.564     0.018
  -886.464     0.018
  -886.364     0.018
  -886.265     0.019
  -886.165     0.019
  -886.066     0.019
  -885.966     0.018
  -885.866     0.019
  -885.767     0.018
  -885.667     0.018
  -885.568     0.020
  -885.468     0.021
  -885.368     0.022
  -885.269     0.023
  -885.169     0.028
  -885.070     0.032
  -884.970     0.035
  -884.870     0.035
  -884.771     0.035
  -884.671     0.034
  -884.571     0.032
  -884.472     0.029
  -884.372     0.022
  -884.273     0.022
  -884.173     0.019
  -884.073     0.019
  -883.974     0.019
  -883.874     0.018
  -883.775     0.018
  -883.675     0.017
  -883.575     0.018
  -883.476     0.019
  -883.376     0.019
  -883.276     0.021
  -883.177     0.020
  -883.077     0.020
  -882.978     0.017
  -882.878     0.017
  -882.779     0.017
  -882.679     0.019
  -882.579     0.021
  -882.480     0.022
  -882.380     0.024
  -882.280     0.032
  -882.181     0.035
  -882.081     0.035
  -881.982     0.035
  -881.882     0.034
  -881.782     0.035
  -881.683     0.032
  -881.583     0.030
  -881.484     0.023
  -881.384     0.019
  -881.284     0.019
  -881.185     0.019
  -881.085     0.020
  -880.985     0.018
  -880.886     0.019
  -880.786     0.020
  -880.687     0.021
  -880.587     0.021
  -880.488     0.021
  -880.388     0.019
  -880.288     0.019
  -880.189     0.018
  -880.089     0.018
  -879.989     0.017
  -879.890     0.020
  -879.790     0.020
  -879.691     0.019
  -879.591     0.019
  -879.491     0.019
  -879.392     0.021
  -879.292     0.018
  -879.193     0.019
  -879.093     0.020
  -878.993     0.020
  -878.894     0.021
  -878.794     0.022
  -878.695     0.021
  -878.595     0.020
  -878.495     0.021
  -878.396     0.020
  -878.296     0.019
  -878.196     0.020
  -878.097     0.020
  -877.997     0.020
  -877.898     0.021
  -877.798     0.022
  -877.698     0.023
  -877.599     0.023
  -877.499     0.026
  -877.400     0.033
  -877.300     0.035
  -877.200     0.034
  -877.101     0.036
  -877.001     0.035
  -876.901     0.035
  -876.802     0.034
  -876.702     0.033
  -876.603     0.028
  -876.503     0.021
  -876.404     0.019
  -876.304     0.019
  -876.204     0.017
  -876.105     0.017
  -876.005     0.017
  -875.905     0.017
  -875.806     0.018
  -875.706     0.018
  -875.607     0.021
  -875.507     0.026
  -875.407     0.032
  -875.308     0.035
  -875.208     0.035
  -875.109     0.035
  -875.009     0.036
  -874.909     0.035
  -874.810     0.035
  -874.710     0.036
  -874.610     0.034
  -874.511     0.030
  -874.411     0.023
  -874.312     0.020
  -874.212     0.019
  -874.113     0.019
  -874.013     0.020
  -873.913     0.018
  -873.814     0.020
  -873.714     0.020
  -873.614     0.020
  -873.515     0.020
  -873.415     0.022
  -873.316     0.023
  -873.216     0.024
  -873.116     0.028
  -873.017     0.032
  -872.917     0.034
  -872.818     0.035
  -872.718     0.036
  -872.618     0.036
  -872.519     0.034
  -872.419     0.029
  -872.320     0.022
  -872.220     0.020
  -872.120     0.020
  -872.021     0.019
  -871.921     0.020
  -871.821     0.018
  -871.722     0.018
  -871.622     0.019
  -871.523     0.020
  -871.423     0.021
  -871.323     0.023
  -871.224     0.022
  -871.124     0.025
  -871.025     0.032
  -870.925     0.034
  -870.825     0.036
  -870.726     0.035
  -870.626     0.033
  -870.526     0.030
  -870.427     0.026
  -870.327     0.020
  -870.228     0.018
  -870.128     0.016
  -870.029     0.018
  -869.929     0.016
  -869.829     0.017
  -869.730     0.020
  -869.630     0.022
  -869.530     0.027
  -869.431     0.033
  -869.331     0.033
  -869.232     0.035
  -869.132     0.036
  -869.032     0.034
  -868.933     0.033
  -868.833     0.030
  -868.734     0.025
  -868.634     0.019
  -868.534     0.018
  -868.435     0.019
  -868.335     0.018
  -868.235     0.018
  -868.136     0.019
  -868.036     0.021
  -867.937     0.023
  -867.837     0.026
  -867.738     0.032
  -867.638     0.034
  -867.538     0.035
  -867.439     0.034
  -867.339     0.034
  -867.239     0.035
  -867.140     0.035
  -867.040     0.034
  -866.941     0.035
  -866.841     0.030
  -866.741     0.027
  -866.642     0.021
  -866.542     0.019
  -866.443     0.019
  -866.343     0.017
  -866.243     0.021
  -866.144     0.021
  -866.044     0.024
  -865.945     0.026
  -865.845     0.033
  -865.745     0.035
  -865.646     0.035
  -865.546     0.036
  -865.446     0.035
  -865.347     0.034
  -865.247     0.035
  -865.148     0.033
  -865.048     0.031
  -864.948     0.025
  -864.849     0.021
  -864.749     0.020
  -864.650     0.018
  -864.550     0.018
  -864.450     0.019
  -864.351     0.018
  -864.251     0.021
  -864.151     0.020
  -864.052     0.019
  -863.952     0.020
  -863.853     0.020
  -863.753     0.021
  -863.654     0.022
  -863.554     0.023
  -863.454     0.022
  -863.355     0.019
  -863.255     0.019
  -863.155     0.019
  -863.056     0.020
  -862.956     0.019
  -862.857     0.018
  -862.757     0.020
  -862.657     0.020
  -862.558     0.021
  -862.458     0.020
  -862.359     0.020
  -862.259     0.022
  -862.159     0.024
  -862.060     0.025
  -861.960     0.032
  -861.860     0.036
  -861.761     0.037
  -861.661     0.038
  -861.562     0.036
  -861.462     0.036
  -861.363     0.035
  -861.263     0.033
  -861.163     0.030
  -861.064     0.022
  -860.964     0.022
  -860.864     0.021
  -860.765     0.021
  -860.665     0.021
  -860.566     0.021
  -860.466     0.022
  -860.366     0.022
  -860.267     0.028
  -860.167     0.032
  -860.068     0.037
  -859.968     0.036
  -859.868     0.035
  -859.769     0.035
  -859.669     0.032
  -859.570     0.025
  -859.470     0.021
  -859.370     0.020
  -859.271     0.020
  -859.171     0.021
  -859.071     0.020
  -858.972     0.021
  -858.872     0.021
  -858.773     0.023
  -858.673     0.022
  -858.573     0.022
  -858.474     0.022
  -858.374     0.021
  -858.275     0.021
  -858.175     0.021
  -858.075     0.020
  -857.976     0.022
  -857.876     0.022
  -857.776     0.022
  -857.677     0.020
  -857.577     0.020
  -857.478     0.021
  -857.378     0.022
  -857.279     0.023
  -857.179     0.025
  -857.079     0.026
  -856.980     0.033
  -856.880     0.036
  -856.780     0.037
  -856.681     0.036
  -856.581     0.037
  -856.482     0.036
  -856.382     0.034
  -856.282     0.032
  -856.183     0.026
  -856.083     0.021
  -855.984     0.020
  -855.884     0.020
  -855.784     0.021
  -855.685     0.020
  -855.585     0.022
  -855.485     0.022
  -855.386     0.023
  -855.286     0.022
  -855.187     0.022
  -855.087     0.023
  -854.988     0.022
  -854.888     0.023
  -854.788     0.022
  -854.689     0.021
  -854.589     0.020
  -854.489     0.021
  -854.390     0.021
  -854.290     0.024
  -854.191     0.024
  -854.091     0.023
  -853.991     0.023
  -853.892     0.023
  -853.792     0.023
  -853.693     0.024
  -853.593     0.021
  -853.493     0.020
  -853.394     0.021
  -853.294     0.021
  -853.195     0.021
  -853.095     0.021
  -852.995     0.021
  -852.896     0.023
  -852.796     0.023
  -852.696     0.023
  -852.597     0.025
  -852.497     0.026
  -852.398     0.027
  -852.298     0.033
  -852.198     0.036
  -852.099     0.036
  -851.999     0.038
  -851.900     0.038
  -851.800     0.037
  -851.700     0.034
  -851.601     0.033
  -851.501     0.026
  -851.401     0.022
  -851.302     0.021
  -851.202     0.020
  -851.103     0.021
  -851.003     0.021
  -850.904     0.024
  -850.804     0.025
  -850.704     0.034
  -850.605     0.037
  -850.505     0.037
  -850.405     0.039
  -850.306     0.037
  -850.206     0.040
  -850.107     0.040
  -850.007     0.037
  -849.907     0.032
  -849.808     0.023
  -849.708     0.023
  -849.609     0.022
  -849.509     0.022
  -849.409     0.022
  -849.310     0.021
  -849.210     0.022
  -849.110     0.022
  -849.011     0.024
  -848.911     0.024
  -848.812     0.023
  -848.712     0.022
  -848.613     0.021
  -848.513     0.022
  -848.413     0.021
  -848.314     0.020
  -848.214     0.020
  -848.114     0.021
  -848.015     0.021
  -847.915     0.023
  -847.816     0.022
  -847.716     0.021
  -847.616     0.021
  -847.517     0.020
  -847.417     0.022
  -847.318     0.021
  -847.218     0.021
  -847.118     0.020
  -847.019     0.022
  -846.919     0.023
  -846.820     0.024
  -846.720     0.027
  -846.620     0.031
  -846.521     0.036
  -846.421     0.038
  -846.321     0.039
  -846.222     0.038
  -846.122     0.038
  -846.023     0.037
  -845.923     0.035
  -845.823     0.032
  -845.724     0.026
  -845.624     0.022
  -845.525     0.023
  -845.425     0.022
  -845.325     0.021
  -845.226     0.021
  -845.126     0.021
  -845.026     0.021
  -844.927     0.022
  -844.827     0.024
  -844.728     0.026
  -844.628     0.035
  -844.529     0.037
  -844.429     0.037
  -844.329     0.038
  -844.230     0.036
  -844.130     0.034
  -844.030     0.025
  -843.931     0.024
  -843.831     0.022
  -843.732     0.020
  -843.632     0.023
  -843.532     0.022
  -843.433     0.021
  -843.333     0.022
  -843.234     0.022
  -843.134     0.021
  -843.034     0.022
  -842.935     0.021
  -842.835     0.021
  -842.735     0.023
  -842.636     0.024
  -842.536     0.026
  -842.437     0.028
  -842.337     0.034
  -842.238     0.037
  -842.138     0.036
  -842.038     0.036
  -841.939     0.037
  -841.839     0.038
  -841.739     0.038
  -841.640     0.038
  -841.540     0.037
  -841.441     0.036
  -841.341     0.038
  -841.241     0.038
  -841.142     0.037
  -841.042     0.037
  -840.943     0.036
  -840.843     0.035
  -840.743     0.033
  -840.644     0.027
  -840.544     0.024
  -840.445     0.023
  -840.345     0.022
  -840.245     0.022
  -840.146     0.022
  -840.046     0.021
  -839.946     0.020
  -839.847     0.023
  -839.747     0.024
  -839.648     0.024
  -839.548     0.026
  -839.448     0.027
  -839.349     0.028
  -839.249     0.033
  -839.150     0.036
  -839.050     0.039
  -838.950     0.039
  -838.851     0.038
  -838.751     0.037
  -838.651     0.037
  -838.552     0.033
  -838.452     0.024
  -838.353     0.021
  -838.253     0.021
  -838.154     0.021
  -838.054     0.022
  -837.954     0.022
  -837.855     0.021
  -837.755     0.020
  -837.655     0.021
  -837.556     0.024
  -837.456     0.026
  -837.357     0.027
  -837.257     0.034
  -837.157     0.038
  -837.058     0.037
  -836.958     0.037
  -836.859     0.035
  -836.759     0.030
  -836.659     0.024
  -836.560     0.023
  -836.460     0.022
  -836.360     0.022
  -836.261     0.022
  -836.161     0.021
  -836.062     0.022
  -835.962     0.024
  -835.863     0.025
  -835.763     0.029
  -835.663     0.034
  -835.564     0.037
  -835.464     0.037
  -835.364     0.036
  -835.265     0.036
  -835.165     0.034
  -835.066     0.033
  -834.966     0.027
  -834.866     0.022
  -834.767     0.022
  -834.667     0.019
  -834.568     0.019
  -834.468     0.020
  -834.368     0.021
  -834.269     0.021
  -834.169     0.021
  -834.070     0.021
  -833.970     0.022
  -833.870     0.021
  -833.771     0.022
  -833.671     0.021
  -833.571     0.023
  -833.472     0.025
  -833.372     0.027
  -833.273     0.035
  -833.173     0.036
  -833.073     0.040
  -832.974     0.039
  -832.874     0.038
  -832.775     0.039
  -832.675     0.037
  -832.575     0.036
  -832.476     0.032
  -832.376     0.026
  -832.276     0.023
  -832.177     0.022
  -832.077     0.022
  -831.978     0.021
  -831.878     0.022
  -831.779     0.022
  -831.679     0.023
  -831.579     0.023
  -831.480     0.023
  -831.380     0.024
  -831.280     0.026
  -831.181     0.027
  -831.081     0.034
  -830.982     0.038
  -830.882     0.038
  -830.782     0.039
  -830.683     0.039
  -830.583     0.038
  -830.484     0.037
  -830.384     0.035
  -830.284     0.028
  -830.185     0.024
  -830.085     0.023
  -829.985     0.023
  -829.886     0.023
  -829.786     0.021
  -829.687     0.023
  -829.587     0.022
  -829.488     0.021
  -829.388     0.022
  -829.288     0.022
  -829.189     0.022
  -829.089     0.022
  -828.989     0.023
  -828.890     0.022
  -828.790     0.022
  -828.691     0.022
  -828.591     0.024
  -828.491     0.023
  -828.392     0.024
  -828.292     0.026
  -828.193     0.024
  -828.093     0.027
  -827.993     0.026
  -827.894     0.026
  -827.794     0.024
  -827.695     0.022
  -827.595     0.021
  -827.495     0.022
  -827.396     0.022
  -827.296     0.024
  -827.196     0.027
  -827.097     0.030
  -826.997     0.036
  -826.898     0.038
  -826.798     0.038
  -826.698     0.038
  -826.599     0.035
  -826.499     0.033
  -826.400     0.030
  -826.300     0.024
  -826.200     0.022
  -826.101     0.022
  -826.001     0.023
  -825.901     0.023
  -825.802     0.022
  -825.702     0.021
  -825.603     0.023
  -825.503     0.022
  -825.404     0.021
  -825.304     0.021
  -825.204     0.023
  -825.105     0.024
  -825.005     0.025
  -824.905     0.027
  -824.806     0.030
  -824.706     0.037
  -824.607     0.038
  -824.507     0.041
  -824.407     0.040
  -824.308     0.040
  -824.208     0.040
  -824.109     0.037
  -824.009     0.037
  -823.909     0.030
  -823.810     0.026
  -823.710     0.024
  -823.610     0.024
  -823.511     0.023
  -823.411     0.024
  -823.312     0.024
  -823.212     0.025
  -823.113     0.023
  -823.013     0.024
  -822.913     0.023
  -822.814     0.024
  -822.714     0.023
  -822.614     0.024
  -822.515     0.024
  -822.415     0.025
  -822.316     0.026
  -822.216     0.031
  -822.116     0.037
  -822.017     0.038
  -821.917     0.041
  -821.818     0.040
  -821.718     0.040
  -821.618     0.042
  -821.519     0.041
  -821.419     0.038
  -821.320     0.036
  -821.220     0.029
  -821.120     0.025
  -821.021     0.022
  -820.921     0.023
  -820.821     0.024
  -820.722     0.024
  -820.622     0.025
  -820.523     0.025
  -820.423     0.027
  -820.323     0.026
  -820.224     0.027
  -820.124     0.026
  -820.025     0.028
  -819.925     0.027
  -819.825     0.025
  -819.726     0.023
  -819.626     0.024
  -819.526     0.024
  -819.427     0.023
  -819.327     0.024
  -819.228     0.024
  -819.128     0.024
  -819.029     0.024
  -818.929     0.024
  -818.829     0.024
  -818.730     0.025
  -818.630     0.024
  -818.530     0.026
  -818.431     0.025
  -818.331     0.026
  -818.232     0.025
  -818.132     0.024
  -818.032     0.023
  -817.933     0.024
  -817.833     0.024
  -817.734     0.025
  -817.634     0.025
  -817.534     0.026
  -817.435     0.028
  -817.335     0.027
  -817.235     0.029
  -817.136     0.032
  -817.036     0.039
  -816.937     0.040
  -816.837     0.041
  -816.738     0.040
  -816.638     0.042
  -816.538     0.041
  -816.439     0.040
  -816.339     0.041
  -816.239     0.040
  -816.140     0.032
  -816.040     0.026
  -815.941     0.024
  -815.841     0.023
  -815.741     0.023
  -815.642     0.024
  -815.542     0.024
  -815.443     0.026
  -815.343     0.027
  -815.243     0.028
  -815.144     0.031
  -815.044     0.037
  -814.945     0.038
  -814.845     0.041
  -814.745     0.042
  -814.646     0.042
  -814.546     0.041
  -814.446     0.040
  -814.347     0.037
  -814.247     0.030
  -814.148     0.025
  -814.048     0.025
  -813.948     0.024
  -813.849     0.024
  -813.749     0.024
  -813.650     0.024
  -813.550     0.024
  -813.450     0.024
  -813.351     0.023
  -813.251     0.023
  -813.151     0.023
  -813.052     0.024
  -812.952     0.024
  -812.853     0.024
  -812.753     0.026
  -812.654     0.028
  -812.554     0.027
  -812.454     0.031
  -812.355     0.037
  -812.255     0.038
  -812.155     0.040
  -812.056     0.040
  -811.956     0.039
  -811.857     0.038
  -811.757     0.038
  -811.657     0.034
  -811.558     0.026
  -811.458     0.024
  -811.359     0.024
  -811.259     0.024
  -811.159     0.025
  -811.060     0.025
  -810.960     0.026
  -810.860     0.026
  -810.761     0.026
  -810.661     0.026
  -810.562     0.023
  -810.462     0.023
  -810.363     0.024
  -810.263     0.023
  -810.163     0.024
  -810.064     0.027
  -809.964     0.028
  -809.864     0.032
  -809.765     0.038
  -809.665     0.040
  -809.566     0.040
  -809.466     0.042
  -809.366     0.040
  -809.267     0.040
  -809.167     0.038
  -809.068     0.035
  -808.968     0.027
  -808.868     0.023
  -808.769     0.023
  -808.669     0.022
  -808.570     0.023
  -808.470     0.023
  -808.370     0.023
  -808.271     0.024
  -808.171     0.026
  -808.071     0.029
  -807.972     0.036
  -807.872     0.038
  -807.773     0.041
  -807.673     0.041
  -807.573     0.040
  -807.474     0.039
  -807.374     0.034
  -807.275     0.027
  -807.175     0.026
  -807.075     0.024
  -806.976     0.024
  -806.876     0.025
  -806.776     0.026
  -806.677     0.025
  -806.577     0.027
  -806.478     0.027
  -806.378     0.027
  -806.279     0.027
  -806.179     0.026
  -806.079     0.025
  -805.980     0.024
  -805.880     0.025
  -805.780     0.026
  -805.681     0.028
  -805.581     0.028
  -805.482     0.033
  -805.382     0.038
  -805.282     0.040
  -805.183     0.041
  -805.083     0.039
  -804.984     0.037
  -804.884     0.036
  -804.784     0.030
  -804.685     0.027
  -804.585     0.025
  -804.485     0.023
  -804.386     0.024
  -804.286     0.024
  -804.187     0.026
  -804.087     0.026
  -803.988     0.025
  -803.888     0.025
  -803.788     0.025
  -803.689     0.023
  -803.589     0.023
  -803.489     0.025
  -803.390     0.024
  -803.290     0.022
  -803.191     0.024
  -803.091     0.024
  -802.991     0.025
  -802.892     0.026
  -802.792     0.028
  -802.693     0.034
  -802.593     0.039
  -802.493     0.041
  -802.394     0.043
  -802.294     0.042
  -802.195     0.041
  -802.095     0.038
  -801.995     0.031
  -801.896     0.026
  -801.796     0.025
  -801.696     0.026
  -801.597     0.026
  -801.497     0.025
  -801.398     0.026
  -801.298     0.026
  -801.198     0.026
  -801.099     0.029
  -800.999     0.029
  -800.900     0.034
  -800.800     0.040
  -800.700     0.040
  -800.601     0.041
  -800.501     0.043
  -800.401     0.043
  -800.302     0.041
  -800.202     0.042
  -800.103     0.040
  -800.003     0.041
  -799.904     0.039
  -799.804     0.031
  -799.704     0.027
  -799.605     0.025
  -799.505     0.026
  -799.405     0.025
  -799.306     0.027
  -799.206     0.028
  -799.107     0.027
  -799.007     0.028
  -798.907     0.028
  -798.808     0.029
  -798.708     0.027
  -798.609     0.028
  -798.509     0.029
  -798.409     0.028
  -798.310     0.026
  -798.210     0.026
  -798.110     0.026
  -798.011     0.026
  -797.911     0.025
  -797.812     0.028
  -797.712     0.025
  -797.613     0.027
  -797.513     0.026
  -797.413     0.027
  -797.314     0.025
  -797.214     0.025
  -797.114     0.027
  -797.015     0.028
  -796.915     0.029
  -796.816     0.031
  -796.716     0.037
  -796.616     0.041
  -796.517     0.044
  -796.417     0.044
  -796.318     0.041
  -796.218     0.043
  -796.118     0.042
  -796.019     0.040
  -795.919     0.038
  -795.820     0.030
  -795.720     0.027
  -795.620     0.026
  -795.521     0.026
  -795.421     0.027
  -795.321     0.028
  -795.222     0.029
  -795.122     0.030
  -795.023     0.032
  -794.923     0.039
  -794.823     0.042
  -794.724     0.043
  -794.624     0.043
  -794.525     0.042
  -794.425     0.042
  -794.325     0.042
  -794.226     0.042
  -794.126     0.039
  -794.026     0.033
  -793.927     0.028
  -793.827     0.027
  -793.728     0.026
  -793.628     0.026
  -793.529     0.025
  -793.429     0.026
  -793.329     0.026
  -793.230     0.027
  -793.130     0.026
  -793.030     0.025
  -792.931     0.026
  -792.831     0.026
  -792.732     0.026
  -792.632     0.027
  -792.532     0.026
  -792.433     0.026
  -792.333     0.025
  -792.234     0.026
  -792.134     0.026
  -792.034     0.026
  -791.935     0.028
  -791.835     0.030
  -791.735     0.037
  -791.636     0.040
  -791.536     0.042
  -791.437     0.044
  -791.337     0.045
  -791.238     0.042
  -791.138     0.039
  -791.038     0.031
  -790.939     0.028
  -790.839     0.028
  -790.739     0.027
  -790.640     0.026
  -790.540     0.026
  -790.441     0.027
  -790.341     0.027
  -790.241     0.026
  -790.142     0.025
  -790.042     0.025
  -789.943     0.026
  -789.843     0.025
  -789.743     0.026
  -789.644     0.027
  -789.544     0.026
  -789.445     0.027
  -789.345     0.028
  -789.245     0.029
  -789.146     0.032
  -789.046     0.039
  -788.946     0.042
  -788.847     0.043
  -788.747     0.042
  -788.648     0.041
  -788.548     0.038
  -788.448     0.033
  -788.349     0.028
  -788.249     0.025
  -788.150     0.025
  -788.050     0.025
  -787.950     0.027
  -787.851     0.028
  -787.751     0.032
  -787.651     0.040
  -787.552     0.043
  -787.452     0.043
  -787.353     0.044
  -787.253     0.045
  -787.154     0.043
  -787.054     0.041
  -786.954     0.039
  -786.855     0.032
  -786.755     0.029
  -786.655     0.029
  -786.556     0.028
  -786.456     0.025
  -786.357     0.025
  -786.257     0.026
  -786.157     0.028
  -786.058     0.030
  -785.958     0.034
  -785.859     0.040
  -785.759     0.043
  -785.659     0.042
  -785.560     0.044
  -785.460     0.041
  -785.360     0.041
  -785.261     0.039
  -785.161     0.036
  -785.062     0.029
  -784.962     0.025
  -784.863     0.025
  -784.763     0.026
  -784.663     0.026
  -784.564     0.027
  -784.464     0.029
  -784.364     0.031
  -784.265     0.038
  -784.165     0.042
  -784.066     0.043
  -783.966     0.045
  -783.866     0.044
  -783.767     0.045
  -783.667     0.045
  -783.568     0.041
  -783.468     0.038
  -783.368     0.030
  -783.269     0.027
  -783.169     0.025
  -783.070     0.026
  -782.970     0.025
  -782.870     0.026
  -782.771     0.027
  -782.671     0.026
  -782.571     0.028
  -782.472     0.027
  -782.372     0.027
  -782.273     0.027
  -782.173     0.025
  -782.073     0.025
  -781.974     0.026
  -781.874     0.026
  -781.775     0.025
  -781.675     0.028
  -781.575     0.027
  -781.476     0.027
  -781.376     0.028
  -781.276     0.026
  -781.177     0.027
  -781.077     0.026
  -780.978     0.027
  -780.878     0.027
  -780.779     0.026
  -780.679     0.027
  -780.579     0.027
  -780.480     0.027
  -780.380     0.025
  -780.280     0.025
  -780.181     0.024
  -780.081     0.026
  -779.982     0.025
  -779.882     0.026
  -779.782     0.026
  -779.683     0.027
  -779.583     0.030
  -779.484     0.034
  -779.384     0.040
  -779.284     0.044
  -779.185     0.044
  -779.085     0.044
  -778.985     0.044
  -778.886     0.046
  -778.786     0.042
  -778.687     0.040
  -778.587     0.037
  -778.488     0.029
  -778.388     0.028
  -778.288     0.027
  -778.189     0.028
  -778.089     0.028
  -777.989     0.029
  -777.890     0.027
  -777.790     0.027
  -777.691     0.026
  -777.591     0.028
  -777.491     0.027
  -777.392     0.027
  -777.292     0.026
  -777.193     0.027
  -777.093     0.027
  -776.993     0.027
  -776.894     0.028
  -776.794     0.029
  -776.695     0.036
  -776.595     0.042
  -776.495     0.043
  -776.396     0.043
  -776.296     0.043
  -776.196     0.045
  -776.097     0.043
  -775.997     0.044
  -775.898     0.043
  -775.798     0.040
  -775.698     0.032
  -775.599     0.027
  -775.499     0.028
  -775.400     0.027
  -775.300     0.027
  -775.200     0.028
  -775.101     0.029
  -775.001     0.030
  -774.901     0.034
  -774.802     0.042
  -774.702     0.043
  -774.603     0.043
  -774.503     0.043
  -774.404     0.041
  -774.304     0.040
  -774.204     0.037
  -774.105     0.030
  -774.005     0.027
  -773.905     0.026
  -773.806     0.026
  -773.706     0.026
  -773.607     0.025
  -773.507     0.027
  -773.407     0.026
  -773.308     0.027
  -773.208     0.027
  -773.109     0.026
  -773.009     0.026
  -772.909     0.027
  -772.810     0.029
  -772.710     0.030
  -772.610     0.031
  -772.511     0.033
  -772.411     0.038
  -772.312     0.041
  -772.212     0.044
  -772.113     0.043
  -772.013     0.044
  -771.913     0.043
  -771.814     0.043
  -771.714     0.042
  -771.614     0.042
  -771.515     0.040
  -771.415     0.033
  -771.316     0.030
  -771.216     0.028
  -771.116     0.027
  -771.017     0.028
  -770.917     0.026
  -770.818     0.026
  -770.718     0.028
  -770.618     0.031
  -770.519     0.037
  -770.419     0.043
  -770.320     0.046
  -770.220     0.045
  -770.120     0.045
  -770.021     0.046
  -769.921     0.043
  -769.821     0.044
  -769.722     0.038
  -769.622     0.031
  -769.523     0.028
  -769.423     0.028
  -769.323     0.030
  -769.224     0.030
  -769.124     0.030
  -769.025     0.032
  -768.925     0.032
  -768.825     0.031
  -768.726     0.032
  -768.626     0.032
  -768.526     0.033
  -768.427     0.033
  -768.327     0.032
  -768.228     0.029
  -768.128     0.027
  -768.029     0.027
  -767.929     0.027
  -767.829     0.027
  -767.730     0.027
  -767.630     0.028
  -767.530     0.029
  -767.431     0.029
  -767.331     0.029
  -767.232     0.029
  -767.132     0.028
  -767.032     0.028
  -766.933     0.029
  -766.833     0.030
  -766.734     0.030
  -766.634     0.029
  -766.534     0.030
  -766.435     0.031
  -766.335     0.030
  -766.235     0.030
  -766.136     0.028
  -766.036     0.029
  -765.937     0.029
  -765.837     0.029
  -765.738     0.029
  -765.638     0.030
  -765.538     0.029
  -765.439     0.029
  -765.339     0.028
  -765.239     0.029
  -765.140     0.028
  -765.040     0.029
  -764.941     0.028
  -764.841     0.028
  -764.741     0.029
  -764.642     0.029
  -764.542     0.033
  -764.443     0.037
  -764.343     0.044
  -764.243     0.045
  -764.144     0.045
  -764.044     0.046
  -763.945     0.047
  -763.845     0.048
  -763.745     0.047
  -763.646     0.046
  -763.546     0.041
  -763.446     0.036
  -763.347     0.030
  -763.247     0.029
  -763.148     0.029
  -763.048     0.030
  -762.948     0.031
  -762.849     0.030
  -762.749     0.032
  -762.650     0.033
  -762.550     0.033
  -762.450     0.036
  -762.351     0.042
  -762.251     0.044
  -762.151     0.046
  -762.052     0.046
  -761.952     0.045
  -761.853     0.042
  -761.753     0.037
  -761.654     0.031
  -761.554     0.030
  -761.454     0.030
  -761.355     0.029
  -761.255     0.029
  -761.155     0.029
  -761.056     0.029
  -760.956     0.030
  -760.857     0.034
  -760.757     0.042
  -760.657     0.044
  -760.558     0.046
  -760.458     0.045
  -760.359     0.044
  -760.259     0.043
  -760.159     0.041
  -760.060     0.038
  -759.960     0.032
  -759.860     0.029
  -759.761     0.029
  -759.661     0.029
  -759.562     0.029
  -759.462     0.028
  -759.363     0.030
  -759.263     0.028
  -759.163     0.029
  -759.064     0.029
  -758.964     0.030
  -758.864     0.033
  -758.765     0.034
  -758.665     0.040
  -758.566     0.046
  -758.466     0.047
  -758.366     0.047
  -758.267     0.044
  -758.167     0.042
  -758.068     0.033
  -757.968     0.030
  -757.868     0.028
  -757.769     0.028
  -757.669     0.029
  -757.570     0.028
  -757.470     0.029
  -757.370     0.029
  -757.271     0.029
  -757.171     0.028
  -757.071     0.030
  -756.972     0.031
  -756.872     0.037
  -756.773     0.042
  -756.673     0.045
  -756.573     0.045
  -756.474     0.046
  -756.374     0.046
  -756.275     0.045
  -756.175     0.047
  -756.075     0.045
  -755.976     0.042
  -755.876     0.040
  -755.776     0.032
  -755.677     0.030
  -755.577     0.029
  -755.478     0.029
  -755.378     0.028
  -755.279     0.029
  -755.179     0.030
  -755.079     0.029
  -754.980     0.029
  -754.880     0.029
  -754.780     0.030
  -754.681     0.029
  -754.581     0.030
  -754.482     0.033
  -754.382     0.032
  -754.282     0.032
  -754.183     0.033
  -754.083     0.033
  -753.984     0.032
  -753.884     0.033
  -753.784     0.030
  -753.685     0.031
  -753.585     0.030
  -753.485     0.030
  -753.386     0.030
  -753.286     0.030
  -753.187     0.031
  -753.087     0.030
  -752.988     0.028
  -752.888     0.029
  -752.788     0.029
  -752.689     0.029
  -752.589     0.029
  -752.489     0.029
  -752.390     0.028
  -752.290     0.029
  -752.191     0.029
  -752.091     0.027
  -751.991     0.032
  -751.892     0.032
  -751.792     0.036
  -751.693     0.044
  -751.593     0.046
  -751.493     0.046
  -751.394     0.047
  -751.294     0.048
  -751.195     0.046
  -751.095     0.045
  -750.995     0.047
  -750.896     0.047
  -750.796     0.045
  -750.696     0.043
  -750.597     0.037
  -750.497     0.032
  -750.398     0.030
  -750.298     0.030
  -750.198     0.030
  -750.099     0.030
  -749.999     0.030
  -749.900     0.030
  -749.800     0.030
  -749.700     0.032
  -749.601     0.035
  -749.501     0.035
  -749.401     0.044
  -749.302     0.045
  -749.202     0.048
  -749.103     0.048
  -749.003     0.048
  -748.904     0.047
  -748.804     0.046
  -748.704     0.046
  -748.605     0.041
  -748.505     0.035
  -748.405     0.032
  -748.306     0.031
  -748.206     0.030
  -748.107     0.031
  -748.007     0.030
  -747.907     0.029
  -747.808     0.030
  -747.708     0.031
  -747.609     0.032
  -747.509     0.033
  -747.409     0.032
  -747.310     0.034
  -747.210     0.038
  -747.110     0.043
  -747.011     0.046
  -746.911     0.049
  -746.812     0.047
  -746.712     0.046
  -746.613     0.045
  -746.513     0.039
  -746.413     0.032
  -746.314     0.030
  -746.214     0.030
  -746.114     0.030
  -746.015     0.032
  -745.915     0.033
  -745.816     0.033
  -745.716     0.032
  -745.616     0.031
  -745.517     0.031
  -745.417     0.030
  -745.318     0.031
  -745.218     0.033
  -745.118     0.032
  -745.019     0.031
  -744.919     0.032
  -744.820     0.032
  -744.720     0.032
  -744.620     0.032
  -744.521     0.032
  -744.421     0.032
  -744.321     0.032
  -744.222     0.034
  -744.122     0.032
  -744.023     0.032
  -743.923     0.032
  -743.823     0.032
  -743.724     0.031
  -743.624     0.033
  -743.525     0.032
  -743.425     0.031
  -743.325     0.031
  -743.226     0.032
  -743.126     0.032
  -743.026     0.034
  -742.927     0.033
  -742.827     0.034
  -742.728     0.034
  -742.628     0.034
  -742.529     0.034
  -742.429     0.033
  -742.329     0.032
  -742.230     0.030
  -742.130     0.031
  -742.030     0.032
  -741.931     0.032
  -741.831     0.031
  -741.732     0.031
  -741.632     0.031
  -741.532     0.031
  -741.433     0.033
  -741.333     0.035
  -741.234     0.037
  -741.134     0.041
  -741.034     0.045
  -740.935     0.048
  -740.835     0.048
  -740.735     0.050
  -740.636     0.048
  -740.536     0.045
  -740.437     0.036
  -740.337     0.033
  -740.238     0.031
  -740.138     0.031
  -740.038     0.033
  -739.939     0.032
  -739.839     0.032
  -739.739     0.031
  -739.640     0.032
  -739.540     0.033
  -739.441     0.034
  -739.341     0.036
  -739.241     0.039
  -739.142     0.043
  -739.042     0.047
  -738.943     0.048
  -738.843     0.048
  -738.743     0.049
  -738.644     0.047
  -738.544     0.047
  -738.445     0.046
  -738.345     0.043
  -738.245     0.037
  -738.146     0.032
  -738.046     0.033
  -737.946     0.030
  -737.847     0.030
  -737.747     0.029
  -737.648     0.030
  -737.548     0.032
  -737.448     0.031
  -737.349     0.032
  -737.249     0.034
  -737.150     0.033
  -737.050     0.036
  -736.950     0.037
  -736.851     0.043
  -736.751     0.047
  -736.651     0.047
  -736.552     0.047
  -736.452     0.049
  -736.353     0.049
  -736.253     0.048
  -736.154     0.047
  -736.054     0.044
  -735.954     0.040
  -735.855     0.033
  -735.755     0.032
  -735.655     0.032
  -735.556     0.033
  -735.456     0.032
  -735.357     0.033
  -735.257     0.032
  -735.157     0.034
  -735.058     0.032
  -734.958     0.032
  -734.859     0.031
  -734.759     0.029
  -734.659     0.031
  -734.560     0.031
  -734.460     0.031
  -734.360     0.032
  -734.261     0.033
  -734.161     0.032
  -734.062     0.031
  -733.962     0.031
  -733.863     0.032
  -733.763     0.032
  -733.663     0.032
  -733.564     0.035
  -733.464     0.034
  -733.364     0.034
  -733.265     0.035
  -733.165     0.034
  -733.066     0.033
  -732.966     0.032
  -732.866     0.033
  -732.767     0.033
  -732.667     0.034
  -732.568     0.034
  -732.468     0.034
  -732.368     0.036
  -732.269     0.037
  -732.169     0.039
  -732.070     0.047
  -731.970     0.050
  -731.870     0.050
  -731.771     0.049
  -731.671     0.048
  -731.571     0.048
  -731.472     0.048
  -731.372     0.044
  -731.273     0.036
  -731.173     0.034
  -731.073     0.032
  -730.974     0.032
  -730.874     0.033
  -730.775     0.032
  -730.675     0.032
  -730.575     0.034
  -730.476     0.035
  -730.376     0.038
  -730.276     0.043
  -730.177     0.048
  -730.077     0.050
  -729.978     0.049
  -729.878     0.051
  -729.779     0.050
  -729.679     0.048
  -729.579     0.046
  -729.480     0.038
  -729.380     0.036
  -729.280     0.033
  -729.181     0.034
  -729.081     0.033
  -728.982     0.033
  -728.882     0.033
  -728.782     0.033
  -728.683     0.033
  -728.583     0.033
  -728.484     0.034
  -728.384     0.034
  -728.284     0.032
  -728.185     0.033
  -728.085     0.033
  -727.985     0.035
  -727.886     0.035
  -727.786     0.038
  -727.687     0.039
  -727.587     0.047
  -727.488     0.050
  -727.388     0.050
  -727.288     0.051
  -727.189     0.050
  -727.089     0.047
  -726.989     0.041
  -726.890     0.035
  -726.790     0.034
  -726.691     0.034
  -726.591     0.034
  -726.491     0.032
  -726.392     0.034
  -726.292     0.033
  -726.193     0.035
  -726.093     0.035
  -725.993     0.036
  -725.894     0.038
  -725.794     0.040
  -725.695     0.048
  -725.595     0.049
  -725.495     0.049
  -725.396     0.051
  -725.296     0.050
  -725.196     0.048
  -725.097     0.047
  -724.997     0.047
  -724.898     0.044
  -724.798     0.036
  -724.698     0.033
  -724.599     0.033
  -724.499     0.033
  -724.400     0.032
  -724.300     0.034
  -724.200     0.034
  -724.101     0.035
  -724.001     0.035
  -723.901     0.036
  -723.802     0.036
  -723.702     0.038
  -723.603     0.037
  -723.503     0.040
  -723.404     0.047
  -723.304     0.048
  -723.204     0.051
  -723.105     0.051
  -723.005     0.050
  -722.905     0.050
  -722.806     0.049
  -722.706     0.046
  -722.607     0.043
  -722.507     0.035
  -722.407     0.033
  -722.308     0.032
  -722.208     0.033
  -722.109     0.033
  -722.009     0.033
  -721.909     0.032
  -721.810     0.034
  -721.710     0.033
  -721.610     0.034
  -721.511     0.035
  -721.411     0.034
  -721.312     0.034
  -721.212     0.033
  -721.113     0.034
  -721.013     0.034
  -720.913     0.036
  -720.814     0.035
  -720.714     0.036
  -720.614     0.038
  -720.515     0.041
  -720.415     0.046
  -720.316     0.049
  -720.216     0.050
  -720.116     0.051
  -720.017     0.051
  -719.917     0.051
  -719.818     0.052
  -719.718     0.050
  -719.618     0.049
  -719.519     0.049
  -719.419     0.047
  -719.320     0.043
  -719.220     0.034
  -719.120     0.034
  -719.021     0.033
  -718.921     0.034
  -718.821     0.035
  -718.722     0.035
  -718.622     0.033
  -718.523     0.032
  -718.423     0.034
  -718.323     0.035
  -718.224     0.035
  -718.124     0.037
  -718.025     0.045
  -717.925     0.049
  -717.825     0.050
  -717.726     0.051
  -717.626     0.049
  -717.526     0.051
  -717.427     0.049
  -717.327     0.045
  -717.228     0.037
  -717.128     0.033
  -717.029     0.034
  -716.929     0.033
  -716.829     0.034
  -716.730     0.035
  -716.630     0.037
  -716.530     0.038
  -716.431     0.039
  -716.331     0.042
  -716.232     0.048
  -716.132     0.050
  -716.032     0.050
  -715.933     0.049
  -715.833     0.049
  -715.734     0.048
  -715.634     0.045
  -715.534     0.043
  -715.435     0.036
  -715.335     0.034
  -715.235     0.033
  -715.136     0.035
  -715.036     0.033
  -714.937     0.033
  -714.837     0.035
  -714.738     0.033
  -714.638     0.034
  -714.538     0.035
  -714.439     0.035
  -714.339     0.033
  -714.239     0.034
  -714.140     0.035
  -714.040     0.035
  -713.941     0.038
  -713.841     0.037
  -713.741     0.040
  -713.642     0.040
  -713.542     0.048
  -713.443     0.050
  -713.343     0.052
  -713.243     0.053
  -713.144     0.052
  -713.044     0.050
  -712.945     0.048
  -712.845     0.043
  -712.745     0.036
  -712.646     0.034
  -712.546     0.035
  -712.446     0.033
  -712.347     0.034
  -712.247     0.035
  -712.148     0.034
  -712.048     0.037
  -711.948     0.038
  -711.849     0.037
  -711.749     0.039
  -711.650     0.041
  -711.550     0.046
  -711.450     0.050
  -711.351     0.052
  -711.251     0.051
  -711.151     0.050
  -711.052     0.050
  -710.952     0.048
  -710.853     0.045
  -710.753     0.036
  -710.654     0.033
  -710.554     0.033
  -710.454     0.034
  -710.355     0.033
  -710.255     0.035
  -710.155     0.037
  -710.056     0.038
  -709.956     0.042
  -709.857     0.049
  -709.757     0.049
  -709.657     0.052
  -709.558     0.052
  -709.458     0.051
  -709.359     0.049
  -709.259     0.047
  -709.159     0.041
  -709.060     0.037
  -708.960     0.034
  -708.860     0.034
  -708.761     0.034
  -708.661     0.033
  -708.562     0.034
  -708.462     0.035
  -708.363     0.034
  -708.263     0.035
  -708.163     0.036
  -708.064     0.038
  -707.964     0.035
  -707.864     0.038
  -707.765     0.037
  -707.665     0.037
  -707.566     0.038
  -707.466     0.037
  -707.366     0.034
  -707.267     0.034
  -707.167     0.034
  -707.068     0.035
  -706.968     0.036
  -706.868     0.036
  -706.769     0.037
  -706.669     0.038
  -706.570     0.038
  -706.470     0.038
  -706.370     0.038
  -706.271     0.039
  -706.171     0.041
  -706.071     0.042
  -705.972     0.048
  -705.872     0.050
  -705.773     0.051
  -705.673     0.049
  -705.573     0.051
  -705.474     0.049
  -705.374     0.048
  -705.275     0.047
  -705.175     0.043
  -705.075     0.037
  -704.976     0.033
  -704.876     0.033
  -704.776     0.034
  -704.677     0.034
  -704.577     0.035
  -704.478     0.034
  -704.378     0.034
  -704.279     0.036
  -704.179     0.036
  -704.079     0.036
  -703.980     0.037
  -703.880     0.038
  -703.780     0.035
  -703.681     0.033
  -703.581     0.034
  -703.482     0.035
  -703.382     0.033
  -703.282     0.033
  -703.183     0.033
  -703.083     0.035
  -702.984     0.035
  -702.884     0.036
  -702.784     0.037
  -702.685     0.035
  -702.585     0.036
  -702.485     0.036
  -702.386     0.038
  -702.286     0.040
  -702.187     0.042
  -702.087     0.049
  -701.988     0.051
  -701.888     0.052
  -701.788     0.052
  -701.689     0.052
  -701.589     0.053
  -701.489     0.053
  -701.390     0.053
  -701.290     0.053
  -701.191     0.052
  -701.091     0.049
  -700.991     0.041
  -700.892     0.038
  -700.792     0.036
  -700.693     0.037
  -700.593     0.035
  -700.493     0.034
  -700.394     0.035
  -700.294     0.038
  -700.195     0.038
  -700.095     0.044
  -699.995     0.049
  -699.896     0.052
  -699.796     0.053
  -699.696     0.053
  -699.597     0.053
  -699.497     0.052
  -699.398     0.052
  -699.298     0.050
  -699.198     0.045
  -699.099     0.039
  -698.999     0.036
  -698.900     0.036
  -698.800     0.037
  -698.700     0.037
  -698.601     0.037
  -698.501     0.037
  -698.401     0.038
  -698.302     0.035
  -698.202     0.036
  -698.103     0.037
  -698.003     0.036
  -697.904     0.037
  -697.804     0.036
  -697.704     0.036
  -697.605     0.037
  -697.505     0.037
  -697.405     0.036
  -697.306     0.037
  -697.206     0.035
  -697.107     0.036
  -697.007     0.036
  -696.907     0.039
  -696.808     0.040
  -696.708     0.043
  -696.609     0.049
  -696.509     0.053
  -696.409     0.054
  -696.310     0.054
  -696.210     0.053
  -696.110     0.051
  -696.011     0.049
  -695.911     0.048
  -695.812     0.042
  -695.712     0.038
  -695.613     0.037
  -695.513     0.036
  -695.413     0.036
  -695.314     0.036
  -695.214     0.037
  -695.114     0.036
  -695.015     0.036
  -694.915     0.038
  -694.816     0.039
  -694.716     0.039
  -694.616     0.040
  -694.517     0.045
  -694.417     0.050
  -694.318     0.053
  -694.218     0.052
  -694.118     0.053
  -694.019     0.052
  -693.919     0.052
  -693.820     0.048
  -693.720     0.043
  -693.620     0.037
  -693.521     0.038
  -693.421     0.035
  -693.321     0.036
  -693.222     0.038
  -693.122     0.040
  -693.023     0.046
  -692.923     0.052
  -692.823     0.054
  -692.724     0.054
  -692.624     0.055
  -692.525     0.054
  -692.425     0.052
  -692.325     0.052
  -692.226     0.046
  -692.126     0.038
  -692.026     0.036
  -691.927     0.037
  -691.827     0.037
  -691.728     0.040
  -691.628     0.039
  -691.529     0.041
  -691.429     0.041
  -691.329     0.041
  -691.230     0.046
  -691.130     0.052
  -691.030     0.053
  -690.931     0.053
  -690.831     0.054
  -690.732     0.054
  -690.632     0.052
  -690.532     0.048
  -690.433     0.041
  -690.333     0.037
  -690.234     0.036
  -690.134     0.036
  -690.034     0.036
  -689.935     0.038
  -689.835     0.037
  -689.735     0.040
  -689.636     0.042
  -689.536     0.048
  -689.437     0.051
  -689.337     0.052
  -689.238     0.052
  -689.138     0.050
  -689.038     0.050
  -688.939     0.049
  -688.839     0.047
  -688.739     0.041
  -688.640     0.037
  -688.540     0.036
  -688.441     0.036
  -688.341     0.035
  -688.241     0.034
  -688.142     0.036
  -688.042     0.036
  -687.943     0.036
  -687.843     0.037
  -687.743     0.036
  -687.644     0.036
  -687.544     0.037
  -687.445     0.039
  -687.345     0.040
  -687.245     0.039
  -687.146     0.041
  -687.046     0.045
  -686.946     0.052
  -686.847     0.053
  -686.747     0.054
  -686.648     0.056
  -686.548     0.056
  -686.448     0.055
  -686.349     0.056
  -686.249     0.054
  -686.150     0.052
  -686.050     0.045
  -685.950     0.039
  -685.851     0.038
  -685.751     0.038
  -685.651     0.037
  -685.552     0.038
  -685.452     0.039
  -685.353     0.039
  -685.253     0.039
  -685.154     0.037
  -685.054     0.036
  -684.954     0.038
  -684.855     0.036
  -684.755     0.038
  -684.655     0.039
  -684.556     0.038
  -684.456     0.037
  -684.357     0.039
  -684.257     0.040
  -684.157     0.040
  -684.058     0.041
  -683.958     0.044
  -683.859     0.047
  -683.759     0.052
  -683.659     0.056
  -683.560     0.057
  -683.460     0.055
  -683.360     0.054
  -683.261     0.051
  -683.161     0.043
  -683.062     0.039
  -682.962     0.037
  -682.863     0.037
  -682.763     0.038
  -682.663     0.038
  -682.564     0.036
  -682.464     0.037
  -682.364     0.038
  -682.265     0.040
  -682.165     0.041
  -682.066     0.045
  -681.966     0.052
  -681.866     0.055
  -681.767     0.055
  -681.667     0.055
  -681.568     0.055
  -681.468     0.056
  -681.368     0.055
  -681.269     0.053
  -681.169     0.051
  -681.070     0.042
  -680.970     0.040
  -680.870     0.038
  -680.771     0.036
  -680.671     0.037
  -680.571     0.039
  -680.472     0.041
  -680.372     0.043
  -680.273     0.045
  -680.173     0.050
  -680.073     0.054
  -679.974     0.055
  -679.874     0.056
  -679.775     0.057
  -679.675     0.055
  -679.575     0.055
  -679.476     0.052
  -679.376     0.052
  -679.276     0.050
  -679.177     0.043
  -679.077     0.040
  -678.978     0.039
  -678.878     0.038
  -678.779     0.038
  -678.679     0.038
  -678.579     0.039
  -678.480     0.041
  -678.380     0.043
  -678.280     0.043
  -678.181     0.046
  -678.081     0.049
  -677.982     0.054
  -677.882     0.055
  -677.782     0.055
  -677.683     0.055
  -677.583     0.052
  -677.484     0.050
  -677.384     0.045
  -677.284     0.039
  -677.185     0.037
  -677.085     0.036
  -676.985     0.037
  -676.886     0.038
  -676.786     0.038
  -676.687     0.038
  -676.587     0.041
  -676.488     0.041
  -676.388     0.042
  -676.288     0.044
  -676.189     0.050
  -676.089     0.054
  -675.989     0.055
  -675.890     0.055
  -675.790     0.056
  -675.691     0.055
  -675.591     0.054
  -675.491     0.051
  -675.392     0.045
  -675.292     0.040
  -675.193     0.039
  -675.093     0.038
  -674.993     0.040
  -674.894     0.039
  -674.794     0.041
  -674.695     0.041
  -674.595     0.040
  -674.495     0.039
  -674.396     0.038
  -674.296     0.039
  -674.196     0.037
  -674.097     0.038
  -673.997     0.038
  -673.898     0.040
  -673.798     0.041
  -673.698     0.043
  -673.599     0.048
  -673.499     0.055
  -673.400     0.056
  -673.300     0.056
  -673.200     0.056
  -673.101     0.056
  -673.001     0.053
  -672.901     0.053
  -672.802     0.048
  -672.702     0.041
  -672.603     0.040
  -672.503     0.039
  -672.404     0.039
  -672.304     0.040
  -672.204     0.040
  -672.105     0.042
  -672.005     0.044
  -671.905     0.045
  -671.806     0.049
  -671.706     0.054
  -671.607     0.056
  -671.507     0.058
  -671.407     0.059
  -671.308     0.058
  -671.208     0.056
  -671.109     0.053
  -671.009     0.051
  -670.909     0.043
  -670.810     0.041
  -670.710     0.040
  -670.610     0.038
  -670.511     0.040
  -670.411     0.039
  -670.312     0.040
  -670.212     0.040
  -670.113     0.044
  -670.013     0.045
  -669.913     0.052
  -669.814     0.057
  -669.714     0.056
  -669.614     0.058
  -669.515     0.058
  -669.415     0.057
  -669.316     0.056
  -669.216     0.053
  -669.116     0.046
  -669.017     0.041
  -668.917     0.040
  -668.818     0.040
  -668.718     0.042
  -668.618     0.041
  -668.519     0.039
  -668.419     0.040
  -668.320     0.039
  -668.220     0.039
  -668.120     0.039
  -668.021     0.039
  -667.921     0.040
  -667.821     0.040
  -667.722     0.040
  -667.622     0.041
  -667.523     0.042
  -667.423     0.044
  -667.323     0.046
  -667.224     0.051
  -667.124     0.056
  -667.025     0.057
  -666.925     0.058
  -666.825     0.058
  -666.726     0.055
  -666.626     0.052
  -666.526     0.044
  -666.427     0.040
  -666.327     0.041
  -666.228     0.038
  -666.128     0.039
  -666.029     0.041
  -665.929     0.042
  -665.829     0.042
  -665.730     0.042
  -665.630     0.045
  -665.530     0.047
  -665.431     0.053
  -665.331     0.057
  -665.232     0.057
  -665.132     0.055
  -665.032     0.056
  -664.933     0.054
  -664.833     0.054
  -664.734     0.050
  -664.634     0.041
  -664.534     0.041
  -664.435     0.039
  -664.335     0.038
  -664.235     0.038
  -664.136     0.039
  -664.036     0.039
  -663.937     0.040
  -663.837     0.039
  -663.738     0.040
  -663.638     0.040
  -663.538     0.040
  -663.439     0.040
  -663.339     0.041
  -663.239     0.041
  -663.140     0.041
  -663.040     0.041
  -662.941     0.040
  -662.841     0.041
  -662.741     0.040
  -662.642     0.039
  -662.542     0.040
  -662.443     0.042
  -662.343     0.044
  -662.243     0.048
  -662.144     0.055
  -662.044     0.059
  -661.945     0.057
  -661.845     0.057
  -661.745     0.054
  -661.646     0.055
  -661.546     0.053
  -661.446     0.054
  -661.347     0.053
  -661.247     0.053
  -661.148     0.049
  -661.048     0.044
  -660.948     0.042
  -660.849     0.041
  -660.749     0.041
  -660.650     0.041
  -660.550     0.041
  -660.450     0.043
  -660.351     0.043
  -660.251     0.043
  -660.151     0.045
  -660.052     0.046
  -659.952     0.048
  -659.853     0.054
  -659.753     0.057
  -659.654     0.057
  -659.554     0.056
  -659.454     0.056
  -659.355     0.055
  -659.255     0.052
  -659.155     0.044
  -659.056     0.041
  -658.956     0.040
  -658.857     0.041
  -658.757     0.040
  -658.657     0.041
  -658.558     0.042
  -658.458     0.041
  -658.359     0.045
  -658.259     0.050
  -658.159     0.056
  -658.060     0.057
  -657.960     0.058
  -657.860     0.058
  -657.761     0.058
  -657.661     0.060
  -657.562     0.058
  -657.462     0.055
  -657.363     0.053
  -657.263     0.045
  -657.163     0.041
  -657.064     0.041
  -656.964     0.041
  -656.864     0.042
  -656.765     0.042
  -656.665     0.042
  -656.566     0.042
  -656.466     0.042
  -656.366     0.040
  -656.267     0.042
  -656.167     0.042
  -656.068     0.043
  -655.968     0.044
  -655.868     0.046
  -655.769     0.047
  -655.669     0.050
  -655.570     0.056
  -655.470     0.058
  -655.370     0.057
  -655.271     0.057
  -655.171     0.056
  -655.071     0.055
  -654.972     0.050
  -654.872     0.044
  -654.773     0.041
  -654.673     0.041
  -654.573     0.041
  -654.474     0.040
  -654.374     0.041
  -654.275     0.041
  -654.175     0.042
  -654.075     0.041
  -653.976     0.042
  -653.876     0.044
  -653.776     0.047
  -653.677     0.052
  -653.577     0.056
  -653.478     0.058
  -653.378     0.058
  -653.279     0.057
  -653.179     0.055
  -653.079     0.053
  -652.980     0.045
  -652.880     0.042
  -652.780     0.041
  -652.681     0.042
  -652.581     0.042
  -652.482     0.043
  -652.382     0.043
  -652.282     0.044
  -652.183     0.044
  -652.083     0.045
  -651.984     0.046
  -651.884     0.053
  -651.784     0.056
  -651.685     0.058
  -651.585     0.059
  -651.485     0.060
  -651.386     0.059
  -651.286     0.054
  -651.187     0.047
  -651.087     0.042
  -650.988     0.041
  -650.888     0.040
  -650.788     0.041
  -650.689     0.042
  -650.589     0.045
  -650.489     0.048
  -650.390     0.054
  -650.290     0.057
  -650.191     0.060
  -650.091     0.059
  -649.991     0.058
  -649.892     0.057
  -649.792     0.054
  -649.693     0.049
  -649.593     0.044
  -649.493     0.041
  -649.394     0.041
  -649.294     0.041
  -649.195     0.041
  -649.095     0.042
  -648.995     0.043
  -648.896     0.044
  -648.796     0.045
  -648.696     0.049
  -648.597     0.055
  -648.497     0.056
  -648.398     0.058
  -648.298     0.059
  -648.198     0.059
  -648.099     0.059
  -647.999     0.056
  -647.900     0.054
  -647.800     0.048
  -647.700     0.043
  -647.601     0.043
  -647.501     0.042
  -647.401     0.041
  -647.302     0.042
  -647.202     0.042
  -647.103     0.042
  -647.003     0.043
  -646.904     0.041
  -646.804     0.043
  -646.704     0.043
  -646.605     0.044
  -646.505     0.046
  -646.405     0.048
  -646.306     0.054
  -646.206     0.057
  -646.107     0.060
  -646.007     0.058
  -645.907     0.058
  -645.808     0.060
  -645.708     0.059
  -645.609     0.059
  -645.509     0.057
  -645.409     0.056
  -645.310     0.048
  -645.210     0.044
  -645.110     0.043
  -645.011     0.043
  -644.911     0.043
  -644.812     0.045
  -644.712     0.045
  -644.613     0.044
  -644.513     0.046
  -644.413     0.046
  -644.314     0.048
  -644.214     0.052
  -644.114     0.059
  -644.015     0.061
  -643.915     0.061
  -643.816     0.062
  -643.716     0.060
  -643.616     0.058
  -643.517     0.053
  -643.417     0.046
  -643.318     0.044
  -643.218     0.044
  -643.118     0.042
  -643.019     0.044
  -642.919     0.042
  -642.820     0.044
  -642.720     0.044
  -642.620     0.044
  -642.521     0.045
  -642.421     0.043
  -642.321     0.044
  -642.222     0.044
  -642.122     0.043
  -642.023     0.044
  -641.923     0.045
  -641.823     0.046
  -641.724     0.046
  -641.624     0.050
  -641.525     0.057
  -641.425     0.060
  -641.325     0.060
  -641.226     0.063
  -641.126     0.063
  -641.026     0.063
  -640.927     0.061
  -640.827     0.056
  -640.728     0.048
  -640.628     0.044
  -640.529     0.043
  -640.429     0.045
  -640.329     0.044
  -640.230     0.046
  -640.130     0.047
  -640.030     0.050
  -639.931     0.058
  -639.831     0.061
  -639.732     0.062
  -639.632     0.063
  -639.532     0.062
  -639.433     0.059
  -639.333     0.058
  -639.234     0.050
  -639.134     0.045
  -639.034     0.046
  -638.935     0.044
  -638.835     0.045
  -638.735     0.045
  -638.636     0.046
  -638.536     0.044
  -638.437     0.044
  -638.337     0.044
  -638.238     0.045
  -638.138     0.045
  -638.038     0.046
  -637.939     0.046
  -637.839     0.050
  -637.739     0.051
  -637.640     0.057
  -637.540     0.061
  -637.441     0.062
  -637.341     0.060
  -637.241     0.060
  -637.142     0.059
  -637.042     0.058
  -636.943     0.050
  -636.843     0.046
  -636.743     0.045
  -636.644     0.042
  -636.544     0.045
  -636.445     0.044
  -636.345     0.044
  -636.245     0.046
  -636.146     0.047
  -636.046     0.050
  -635.946     0.054
  -635.847     0.059
  -635.747     0.061
  -635.648     0.062
  -635.548     0.062
  -635.448     0.061
  -635.349     0.060
  -635.249     0.059
  -635.150     0.056
  -635.050     0.049
  -634.950     0.045
  -634.851     0.042
  -634.751     0.043
  -634.651     0.046
  -634.552     0.046
  -634.452     0.046
  -634.353     0.046
  -634.253     0.045
  -634.154     0.044
  -634.054     0.044
  -633.954     0.044
  -633.855     0.045
  -633.755     0.046
  -633.655     0.047
  -633.556     0.046
  -633.456     0.047
  -633.357     0.049
  -633.257     0.051
  -633.157     0.052
  -633.058     0.059
  -632.958     0.059
  -632.859     0.063
  -632.759     0.060
  -632.659     0.058
  -632.560     0.058
  -632.460     0.055
  -632.360     0.049
  -632.261     0.046
  -632.161     0.046
  -632.062     0.045
  -631.962     0.045
  -631.863     0.046
  -631.763     0.044
  -631.663     0.045
  -631.564     0.045
  -631.464     0.046
  -631.364     0.048
  -631.265     0.051
  -631.165     0.057
  -631.066     0.060
  -630.966     0.062
  -630.866     0.062
  -630.767     0.062
  -630.667     0.061
  -630.568     0.060
  -630.468     0.058
  -630.368     0.058
  -630.269     0.050
  -630.169     0.047
  -630.070     0.046
  -629.970     0.045
  -629.870     0.045
  -629.771     0.046
  -629.671     0.046
  -629.571     0.045
  -629.472     0.046
  -629.372     0.045
  -629.273     0.043
  -629.173     0.044
  -629.073     0.045
  -628.974     0.047
  -628.874     0.049
  -628.775     0.057
  -628.675     0.062
  -628.575     0.062
  -628.476     0.062
  -628.376     0.063
  -628.276     0.062
  -628.177     0.059
  -628.077     0.054
  -627.978     0.049
  -627.878     0.047
  -627.779     0.046
  -627.679     0.045
  -627.579     0.046
  -627.480     0.045
  -627.380     0.046
  -627.280     0.045
  -627.181     0.046
  -627.081     0.045
  -626.982     0.047
  -626.882     0.046
  -626.782     0.048
  -626.683     0.046
  -626.583     0.046
  -626.484     0.046
  -626.384     0.045
  -626.284     0.046
  -626.185     0.045
  -626.085     0.045
  -625.985     0.047
  -625.886     0.047
  -625.786     0.048
  -625.687     0.051
  -625.587     0.057
  -625.488     0.061
  -625.388     0.063
  -625.288     0.063
  -625.189     0.062
  -625.089     0.063
  -624.989     0.063
  -624.890     0.063
  -624.790     0.062
  -624.691     0.061
  -624.591     0.060
  -624.491     0.057
  -624.392     0.050
  -624.292     0.048
  -624.193     0.047
  -624.093     0.048
  -623.993     0.047
  -623.894     0.047
  -623.794     0.049
  -623.695     0.048
  -623.595     0.047
  -623.495     0.047
  -623.396     0.046
  -623.296     0.047
  -623.196     0.048
  -623.097     0.051
  -622.997     0.055
  -622.898     0.061
  -622.798     0.062
  -622.698     0.062
  -622.599     0.060
  -622.499     0.060
  -622.400     0.059
  -622.300     0.058
  -622.200     0.054
  -622.101     0.048
  -622.001     0.048
  -621.901     0.047
  -621.802     0.048
  -621.702     0.048
  -621.603     0.048
  -621.503     0.048
  -621.404     0.048
  -621.304     0.049
  -621.204     0.049
  -621.105     0.052
  -621.005     0.054
  -620.905     0.058
  -620.806     0.063
  -620.706     0.064
  -620.607     0.065
  -620.507     0.064
  -620.407     0.063
  -620.308     0.062
  -620.208     0.057
  -620.109     0.050
  -620.009     0.048
  -619.909     0.047
  -619.810     0.048
  -619.710     0.048
  -619.610     0.047
  -619.511     0.049
  -619.411     0.048
  -619.312     0.047
  -619.212     0.047
  -619.113     0.047
  -619.013     0.047
  -618.913     0.046
  -618.814     0.047
  -618.714     0.046
  -618.614     0.047
  -618.515     0.047
  -618.415     0.048
  -618.316     0.050
  -618.216     0.050
  -618.116     0.051
  -618.017     0.055
  -617.917     0.061
  -617.818     0.063
  -617.718     0.064
  -617.618     0.064
  -617.519     0.064
  -617.419     0.062
  -617.320     0.059
  -617.220     0.057
  -617.120     0.051
  -617.021     0.048
  -616.921     0.048
  -616.821     0.046
  -616.722     0.048
  -616.622     0.047
  -616.523     0.049
  -616.423     0.047
  -616.323     0.047
  -616.224     0.049
  -616.124     0.050
  -616.025     0.050
  -615.925     0.051
  -615.825     0.050
  -615.726     0.052
  -615.626     0.051
  -615.526     0.054
  -615.427     0.056
  -615.327     0.062
  -615.228     0.064
  -615.128     0.064
  -615.029     0.064
  -614.929     0.063
  -614.829     0.059
  -614.730     0.052
  -614.630     0.049
  -614.530     0.049
  -614.431     0.048
  -614.331     0.048
  -614.232     0.048
  -614.132     0.049
  -614.032     0.048
  -613.933     0.050
  -613.833     0.051
  -613.734     0.052
  -613.634     0.054
  -613.534     0.055
  -613.435     0.061
  -613.335     0.062
  -613.235     0.065
  -613.136     0.065
  -613.036     0.065
  -612.937     0.065
  -612.837     0.064
  -612.738     0.064
  -612.638     0.062
  -612.538     0.058
  -612.439     0.052
  -612.339     0.048
  -612.239     0.048
  -612.140     0.047
  -612.040     0.048
  -611.941     0.048
  -611.841     0.049
  -611.741     0.048
  -611.642     0.046
  -611.542     0.049
  -611.443     0.051
  -611.343     0.053
  -611.243     0.057
  -611.144     0.062
  -611.044     0.065
  -610.945     0.064
  -610.845     0.063
  -610.745     0.061
  -610.646     0.057
  -610.546     0.051
  -610.446     0.049
  -610.347     0.049
  -610.247     0.047
  -610.148     0.048
  -610.048     0.050
  -609.948     0.050
  -609.849     0.050
  -609.749     0.051
  -609.650     0.051
  -609.550     0.050
  -609.450     0.049
  -609.351     0.047
  -609.251     0.048
  -609.151     0.048
  -609.052     0.049
  -608.952     0.050
  -608.853     0.051
  -608.753     0.055
  -608.654     0.063
  -608.554     0.064
  -608.454     0.066
  -608.355     0.066
  -608.255     0.066
  -608.155     0.064
  -608.056     0.063
  -607.956     0.062
  -607.857     0.055
  -607.757     0.051
  -607.657     0.050
  -607.558     0.049
  -607.458     0.048
  -607.359     0.049
  -607.259     0.050
  -607.159     0.050
  -607.060     0.052
  -606.960     0.054
  -606.860     0.061
  -606.761     0.064
  -606.661     0.065
  -606.562     0.065
  -606.462     0.066
  -606.363     0.065
  -606.263     0.065
  -606.163     0.063
  -606.064     0.059
  -605.964     0.053
  -605.864     0.049
  -605.765     0.048
  -605.665     0.047
  -605.566     0.048
  -605.466     0.049
  -605.366     0.050
  -605.267     0.050
  -605.167     0.049
  -605.068     0.050
  -604.968     0.050
  -604.868     0.050
  -604.769     0.050
  -604.669     0.049
  -604.570     0.051
  -604.470     0.051
  -604.370     0.052
  -604.271     0.050
  -604.171     0.051
  -604.071     0.050
  -603.972     0.050
  -603.872     0.052
  -603.773     0.052
  -603.673     0.051
  -603.573     0.050
  -603.474     0.051
  -603.374     0.052
  -603.275     0.050
  -603.175     0.051
  -603.075     0.053
  -602.976     0.053
  -602.876     0.053
  -602.776     0.054
  -602.677     0.054
  -602.577     0.056
  -602.478     0.061
  -602.378     0.065
  -602.279     0.067
  -602.179     0.067
  -602.079     0.066
  -601.980     0.063
  -601.880     0.056
  -601.780     0.052
  -601.681     0.051
  -601.581     0.050
  -601.482     0.049
  -601.382     0.050
  -601.282     0.050
  -601.183     0.052
  -601.083     0.055
  -600.984     0.055
  -600.884     0.058
  -600.784     0.063
  -600.685     0.066
  -600.585     0.066
  -600.485     0.066
  -600.386     0.066
  -600.286     0.067
  -600.187     0.066
  -600.087     0.066
  -599.988     0.065
  -599.888     0.065
  -599.788     0.061
  -599.689     0.055
  -599.589     0.051
  -599.489     0.051
  -599.390     0.051
  -599.290     0.052
  -599.191     0.052
  -599.091     0.051
  -598.991     0.048
  -598.892     0.050
  -598.792     0.050
  -598.693     0.052
  -598.593     0.051
  -598.493     0.052
  -598.394     0.052
  -598.294     0.051
  -598.195     0.049
  -598.095     0.049
  -597.995     0.052
  -597.896     0.053
  -597.796     0.055
  -597.696     0.058
  -597.597     0.064
  -597.497     0.068
  -597.398     0.069
  -597.298     0.067
  -597.198     0.066
  -597.099     0.062
  -596.999     0.053
  -596.900     0.051
  -596.800     0.051
  -596.700     0.051
  -596.601     0.051
  -596.501     0.051
  -596.401     0.052
  -596.302     0.055
  -596.202     0.056
  -596.103     0.056
  -596.003     0.063
  -595.904     0.066
  -595.804     0.067
  -595.704     0.067
  -595.605     0.065
  -595.505     0.066
  -595.405     0.062
  -595.306     0.059
  -595.206     0.052
  -595.107     0.050
  -595.007     0.050
  -594.907     0.051
  -594.808     0.052
  -594.708     0.054
  -594.609     0.055
  -594.509     0.057
  -594.409     0.063
  -594.310     0.067
  -594.210     0.068
  -594.110     0.068
  -594.011     0.069
  -593.911     0.069
  -593.812     0.069
  -593.712     0.067
  -593.613     0.067
  -593.513     0.063
  -593.413     0.058
  -593.314     0.054
  -593.214     0.051
  -593.114     0.050
  -593.015     0.051
  -592.915     0.053
  -592.816     0.050
  -592.716     0.050
  -592.616     0.051
  -592.517     0.051
  -592.417     0.052
  -592.318     0.053
  -592.218     0.052
  -592.118     0.051
  -592.019     0.052
  -591.919     0.052
  -591.820     0.052
  -591.720     0.052
  -591.620     0.052
  -591.521     0.054
  -591.421     0.056
  -591.321     0.058
  -591.222     0.066
  -591.122     0.067
  -591.023     0.068
  -590.923     0.067
  -590.823     0.066
  -590.724     0.064
  -590.624     0.063
  -590.525     0.057
  -590.425     0.054
  -590.325     0.052
  -590.226     0.050
  -590.126     0.050
  -590.026     0.052
  -589.927     0.053
  -589.827     0.052
  -589.728     0.052
  -589.628     0.052
  -589.529     0.053
  -589.429     0.053
  -589.329     0.053
  -589.230     0.054
  -589.130     0.051
  -589.030     0.052
  -588.931     0.055
  -588.831     0.055
  -588.732     0.060
  -588.632     0.065
  -588.532     0.068
  -588.433     0.070
  -588.333     0.071
  -588.234     0.069
  -588.134     0.069
  -588.034     0.069
  -587.935     0.075
  -587.835     0.069
  -587.735     0.071
  -587.636     0.071
  -587.536     0.072
  -587.437     0.074
  -587.337     0.076
  -587.238     0.078
  -587.138     0.080
  -587.038     0.083
  -586.939     0.086
  -586.839     0.090
  -586.739     0.097
  -586.640     0.099
  -586.540     0.100
  -586.441     0.099
  -586.341     0.099
  -586.241     0.093
  -586.142     0.089
  -586.042     0.085
  -585.943     0.084
  -585.843     0.086
  -585.743     0.087
  -585.644     0.089
  -585.544     0.091
  -585.445     0.094
  -585.345     0.101
  -585.245     0.103
  -585.146     0.105
  -585.046     0.103
  -584.946     0.100
  -584.847     0.092
  -584.747     0.089
  -584.648     0.088
  -584.548     0.087
  -584.448     0.087
  -584.349     0.088
  -584.249     0.091
  -584.150     0.096
  -584.050     0.099
  -583.950     0.106
  -583.851     0.108
  -583.751     0.109
  -583.651     0.109
  -583.552     0.108
  -583.452     0.108
  -583.353     0.107
  -583.253     0.107
  -583.154     0.103
  -583.054     0.095
  -582.954     0.093
  -582.855     0.093
  -582.755     0.094
  -582.655     0.094
  -582.556     0.097
  -582.456     0.096
  -582.357     0.099
  -582.257     0.100
  -582.157     0.107
  -582.058     0.112
  -581.958     0.112
  -581.859     0.113
  -581.759     0.112
  -581.659     0.112
  -581.560     0.111
  -581.460     0.111
  -581.360     0.110
  -581.261     0.106
  -581.161     0.100
  -581.062     0.098
  -580.962     0.097
  -580.863     0.097
  -580.763     0.096
  -580.663     0.099
  -580.564     0.099
  -580.464     0.099
  -580.364     0.102
  -580.265     0.102
  -580.165     0.107
  -580.066     0.114
  -579.966     0.116
  -579.866     0.117
  -579.767     0.118
  -579.667     0.116
  -579.568     0.112
  -579.468     0.106
  -579.368     0.102
  -579.269     0.100
  -579.169     0.099
  -579.070     0.102
  -578.970     0.103
  -578.870     0.103
  -578.771     0.106
  -578.671     0.111
  -578.571     0.117
  -578.472     0.119
  -578.372     0.119
  -578.273     0.118
  -578.173     0.116
  -578.073     0.114
  -577.974     0.104
  -577.874     0.103
  -577.775     0.101
  -577.675     0.102
  -577.575     0.102
  -577.476     0.102
  -577.376     0.102
  -577.276     0.105
  -577.177     0.103
  -577.077     0.107
  -576.978     0.108
  -576.878     0.109
  -576.779     0.112
  -576.679     0.118
  -576.579     0.119
  -576.480     0.121
  -576.380     0.122
  -576.280     0.120
  -576.181     0.122
  -576.081     0.120
  -575.982     0.118
  -575.882     0.113
  -575.782     0.107
  -575.683     0.105
  -575.583     0.105
  -575.484     0.103
  -575.384     0.105
  -575.284     0.106
  -575.185     0.106
  -575.085     0.108
  -574.985     0.107
  -574.886     0.109
  -574.786     0.110
  -574.687     0.110
  -574.587     0.111
  -574.488     0.113
  -574.388     0.117
  -574.288     0.121
  -574.189     0.123
  -574.089     0.123
  -573.989     0.123
  -573.890     0.120
  -573.790     0.119
  -573.691     0.113
  -573.591     0.108
  -573.491     0.107
  -573.392     0.105
  -573.292     0.105
  -573.193     0.106
  -573.093     0.108
  -572.993     0.108
  -572.894     0.110
  -572.794     0.109
  -572.695     0.109
  -572.595     0.107
  -572.495     0.109
  -572.396     0.107
  -572.296     0.111
  -572.196     0.113
  -572.097     0.115
  -571.997     0.122
  -571.898     0.126
  -571.798     0.126
  -571.698     0.123
  -571.599     0.123
  -571.499     0.115
  -571.400     0.110
  -571.300     0.109
  -571.200     0.107
  -571.101     0.109
  -571.001     0.109
  -570.901     0.110
  -570.802     0.109
  -570.702     0.110
  -570.603     0.111
  -570.503     0.112
  -570.404     0.112
  -570.304     0.117
  -570.204     0.123
  -570.105     0.126
  -570.005     0.128
  -569.905     0.128
  -569.806     0.129
  -569.706     0.128
  -569.607     0.128
  -569.507     0.126
  -569.407     0.123
  -569.308     0.118
  -569.208     0.113
  -569.109     0.110
  -569.009     0.110
  -568.909     0.110
  -568.810     0.110
  -568.710     0.110
  -568.610     0.110
  -568.511     0.110
  -568.411     0.112
  -568.312     0.110
  -568.212     0.110
  -568.113     0.111
  -568.013     0.111
  -567.913     0.115
  -567.814     0.119
  -567.714     0.126
  -567.614     0.127
  -567.515     0.127
  -567.415     0.127
  -567.316     0.127
  -567.216     0.125
  -567.116     0.127
  -567.017     0.126
  -566.917     0.124
  -566.818     0.124
  -566.718     0.124
  -566.618     0.121
  -566.519     0.114
  -566.419     0.111
  -566.320     0.111
  -566.220     0.113
  -566.120     0.112
  -566.021     0.112
  -565.921     0.113
  -565.821     0.111
  -565.722     0.114
  -565.622     0.113
  -565.523     0.114
  -565.423     0.114
  -565.323     0.117
  -565.224     0.122
  -565.124     0.127
  -565.025     0.129
  -564.925     0.130
  -564.825     0.129
  -564.726     0.127
  -564.626     0.125
  -564.526     0.121
  -564.427     0.115
  -564.327     0.114
  -564.228     0.112
  -564.128     0.113
  -564.029     0.113
  -563.929     0.113
  -563.829     0.114
  -563.730     0.114
  -563.630     0.113
  -563.530     0.113
  -563.431     0.112
  -563.331     0.113
  -563.232     0.116
  -563.132     0.116
  -563.032     0.118
  -562.933     0.121
  -562.833     0.127
  -562.734     0.129
  -562.634     0.130
  -562.534     0.129
  -562.435     0.128
  -562.335     0.129
  -562.235     0.126
  -562.136     0.123
  -562.036     0.116
  -561.937     0.114
  -561.837     0.113
  -561.738     0.114
  -561.638     0.114
  -561.538     0.114
  -561.439     0.114
  -561.339     0.116
  -561.239     0.117
  -561.140     0.115
  -561.040     0.115
  -560.941     0.115
  -560.841     0.117
  -560.741     0.117
  -560.642     0.117
  -560.542     0.116
  -560.443     0.115
  -560.343     0.114
  -560.243     0.114
  -560.144     0.113
  -560.044     0.114
  -559.945     0.114
  -559.845     0.113
  -559.745     0.115
  -559.646     0.115
  -559.546     0.116
  -559.446     0.117
  -559.347     0.117
  -559.247     0.119
  -559.148     0.123
  -559.048     0.130
  -558.948     0.132
  -558.849     0.133
  -558.749     0.133
  -558.650     0.133
  -558.550     0.131
  -558.450     0.128
  -558.351     0.122
  -558.251     0.117
  -558.151     0.115
  -558.052     0.117
  -557.952     0.116
  -557.853     0.115
  -557.753     0.117
  -557.654     0.115
  -557.554     0.117
  -557.454     0.116
  -557.355     0.115
  -557.255     0.116
  -557.155     0.117
  -557.056     0.116
  -556.956     0.116
  -556.857     0.116
  -556.757     0.119
  -556.657     0.120
  -556.558     0.128
  -556.458     0.131
  -556.359     0.133
  -556.259     0.134
  -556.159     0.132
  -556.060     0.132
  -555.960     0.129
  -555.860     0.122
  -555.761     0.117
  -555.661     0.117
  -555.562     0.115
  -555.462     0.116
  -555.363     0.118
  -555.263     0.118
  -555.163     0.118
  -555.064     0.120
  -554.964     0.120
  -554.864     0.119
  -554.765     0.118
  -554.665     0.117
  -554.566     0.116
  -554.466     0.116
  -554.366     0.117
  -554.267     0.118
  -554.167     0.121
  -554.068     0.127
  -553.968     0.132
  -553.868     0.134
  -553.769     0.134
  -553.669     0.134
  -553.570     0.132
  -553.470     0.131
  -553.370     0.128
  -553.271     0.121
  -553.171     0.117
  -553.071     0.118
  -552.972     0.118
  -552.872     0.117
  -552.773     0.116
  -552.673     0.116
  -552.573     0.116
  -552.474     0.116
  -552.374     0.116
  -552.275     0.117
  -552.175     0.119
  -552.075     0.123
  -551.976     0.131
  -551.876     0.133
  -551.776     0.135
  -551.677     0.136
  -551.577     0.133
  -551.478     0.132
  -551.378     0.128
  -551.279     0.121
  -551.179     0.118
  -551.079     0.116
  -550.980     0.118
  -550.880     0.119
  -550.780     0.119
  -550.681     0.117
  -550.581     0.117
  -550.482     0.119
  -550.382     0.119
  -550.282     0.119
  -550.183     0.119
  -550.083     0.118
  -549.984     0.116
  -549.884     0.117
  -549.784     0.118
  -549.685     0.119
  -549.585     0.121
  -549.485     0.119
  -549.386     0.121
  -549.286     0.120
  -549.187     0.122
  -549.087     0.125
  -548.988     0.131
  -548.888     0.134
  -548.788     0.136
  -548.689     0.135
  -548.589     0.134
  -548.489     0.131
  -548.390     0.126
  -548.290     0.121
  -548.191     0.120
  -548.091     0.118
  -547.991     0.118
  -547.892     0.118
  -547.792     0.120
  -547.693     0.119
  -547.593     0.117
  -547.493     0.118
  -547.394     0.118
  -547.294     0.118
  -547.195     0.117
  -547.095     0.119
  -546.995     0.120
  -546.896     0.120
  -546.796     0.122
  -546.696     0.125
  -546.597     0.129
  -546.497     0.134
  -546.398     0.136
  -546.298     0.137
  -546.198     0.135
  -546.099     0.133
  -545.999     0.131
  -545.900     0.122
  -545.800     0.119
  -545.700     0.119
  -545.601     0.119
  -545.501     0.118
  -545.401     0.119
  -545.302     0.119
  -545.202     0.118
  -545.103     0.118
  -545.003     0.118
  -544.904     0.118
  -544.804     0.121
  -544.704     0.124
  -544.605     0.131
  -544.505     0.134
  -544.405     0.135
  -544.306     0.135
  -544.206     0.135
  -544.107     0.136
  -544.007     0.135
  -543.907     0.135
  -543.808     0.134
  -543.708     0.129
  -543.609     0.121
  -543.509     0.119
  -543.409     0.119
  -543.310     0.119
  -543.210     0.119
  -543.110     0.120
  -543.011     0.121
  -542.911     0.124
  -542.812     0.131
  -542.712     0.133
  -542.613     0.135
  -542.513     0.135
  -542.413     0.135
  -542.314     0.135
  -542.214     0.135
  -542.114     0.134
  -542.015     0.132
  -541.915     0.131
  -541.816     0.123
  -541.716     0.118
  -541.616     0.118
  -541.517     0.118
  -541.417     0.118
  -541.318     0.120
  -541.218     0.119
  -541.118     0.121
  -541.019     0.119
  -540.919     0.118
  -540.820     0.119
  -540.720     0.119
  -540.620     0.119
  -540.521     0.120
  -540.421     0.122
  -540.321     0.124
  -540.222     0.129
  -540.122     0.134
  -540.023     0.135
  -539.923     0.138
  -539.823     0.138
  -539.724     0.136
  -539.624     0.134
  -539.525     0.130
  -539.425     0.122
  -539.325     0.119
  -539.226     0.120
  -539.126     0.119
  -539.026     0.120
  -538.927     0.117
  -538.827     0.120
  -538.728     0.120
  -538.628     0.121
  -538.529     0.122
  -538.429     0.126
  -538.329     0.131
  -538.230     0.134
  -538.130     0.134
  -538.030     0.134
  -537.931     0.135
  -537.831     0.137
  -537.732     0.135
  -537.632     0.132
  -537.532     0.126
  -537.433     0.121
  -537.333     0.121
  -537.234     0.118
  -537.134     0.118
  -537.034     0.118
  -536.935     0.118
  -536.835     0.119
  -536.735     0.120
  -536.636     0.120
  -536.536     0.120
  -536.437     0.120
  -536.337     0.120
  -536.238     0.121
  -536.138     0.121
  -536.038     0.120
  -535.939     0.121
  -535.839     0.124
  -535.739     0.124
  -535.640     0.125
  -535.540     0.128
  -535.441     0.134
  -535.341     0.137
  -535.241     0.136
  -535.142     0.136
  -535.042     0.134
  -534.943     0.132
  -534.843     0.129
  -534.743     0.122
  -534.644     0.121
  -534.544     0.119
  -534.445     0.121
  -534.345     0.120
  -534.245     0.119
  -534.146     0.119
  -534.046     0.120
  -533.946     0.120
  -533.847     0.123
  -533.747     0.123
  -533.648     0.128
  -533.548     0.133
  -533.448     0.136
  -533.349     0.138
  -533.249     0.137
  -533.150     0.138
  -533.050     0.136
  -532.950     0.137
  -532.851     0.137
  -532.751     0.136
  -532.651     0.134
  -532.552     0.130
  -532.452     0.124
  -532.353     0.122
  -532.253     0.119
  -532.154     0.120
  -532.054     0.120
  -531.954     0.121
  -531.855     0.120
  -531.755     0.120
  -531.655     0.120
  -531.556     0.122
  -531.456     0.122
  -531.357     0.122
  -531.257     0.120
  -531.157     0.121
  -531.058     0.122
  -530.958     0.121
  -530.859     0.121
  -530.759     0.121
  -530.659     0.122
  -530.560     0.120
  -530.460     0.122
  -530.360     0.120
  -530.261     0.121
  -530.161     0.123
  -530.062     0.125
  -529.962     0.126
  -529.863     0.126
  -529.763     0.130
  -529.663     0.136
  -529.564     0.138
  -529.464     0.138
  -529.364     0.139
  -529.265     0.138
  -529.165     0.138
  -529.066     0.138
  -528.966     0.139
  -528.866     0.137
  -528.767     0.136
  -528.667     0.134
  -528.568     0.129
  -528.468     0.124
  -528.368     0.123
  -528.269     0.124
  -528.169     0.121
  -528.070     0.122
  -527.970     0.122
  -527.870     0.123
  -527.771     0.123
  -527.671     0.124
  -527.571     0.125
  -527.472     0.126
  -527.372     0.126
  -527.273     0.128
  -527.173     0.136
  -527.073     0.137
  -526.974     0.137
  -526.874     0.139
  -526.775     0.137
  -526.675     0.136
  -526.575     0.136
  -526.476     0.133
  -526.376     0.129
  -526.276     0.125
  -526.177     0.122
  -526.077     0.121
  -525.978     0.121
  -525.878     0.121
  -525.779     0.121
  -525.679     0.122
  -525.579     0.123
  -525.480     0.124
  -525.380     0.126
  -525.280     0.126
  -525.181     0.129
  -525.081     0.134
  -524.982     0.137
  -524.882     0.138
  -524.782     0.139
  -524.683     0.138
  -524.583     0.136
  -524.484     0.134
  -524.384     0.127
  -524.284     0.122
  -524.185     0.122
  -524.085     0.121
  -523.985     0.121
  -523.886     0.122
  -523.786     0.123
  -523.687     0.123
  -523.587     0.125
  -523.488     0.125
  -523.388     0.125
  -523.288     0.125
  -523.189     0.125
  -523.089     0.126
  -522.989     0.126
  -522.890     0.124
  -522.790     0.124
  -522.691     0.124
  -522.591     0.122
  -522.491     0.120
  -522.392     0.121
  -522.292     0.121
  -522.193     0.121
  -522.093     0.122
  -521.993     0.124
  -521.894     0.129
  -521.794     0.137
  -521.695     0.139
  -521.595     0.140
  -521.495     0.140
  -521.396     0.137
  -521.296     0.136
  -521.196     0.129
  -521.097     0.125
  -520.997     0.123
  -520.898     0.122
  -520.798     0.122
  -520.698     0.121
  -520.599     0.120
  -520.499     0.122
  -520.400     0.122
  -520.300     0.122
  -520.200     0.122
  -520.101     0.122
  -520.001     0.121
  -519.901     0.122
  -519.802     0.122
  -519.702     0.122
  -519.603     0.121
  -519.503     0.122
  -519.404     0.122
  -519.304     0.122
  -519.204     0.121
  -519.105     0.122
  -519.005     0.122
  -518.905     0.123
  -518.806     0.123
  -518.706     0.122
  -518.607     0.123
  -518.507     0.122
  -518.407     0.122
  -518.308     0.121
  -518.208     0.122
  -518.109     0.122
  -518.009     0.122
  -517.909     0.124
  -517.810     0.125
  -517.710     0.124
  -517.610     0.125
  -517.511     0.124
  -517.411     0.125
  -517.312     0.124
  -517.212     0.125
  -517.113     0.126
  -517.013     0.126
  -516.913     0.128
  -516.814     0.127
  -516.714     0.128
  -516.614     0.128
  -516.515     0.129
  -516.415     0.136
  -516.316     0.137
  -516.216     0.138
  -516.116     0.139
  -516.017     0.137
  -515.917     0.136
  -515.818     0.128
  -515.718     0.122
  -515.618     0.121
  -515.519     0.120
  -515.419     0.121
  -515.320     0.121
  -515.220     0.121
  -515.120     0.123
  -515.021     0.126
  -514.921     0.131
  -514.821     0.137
  -514.722     0.138
  -514.622     0.139
  -514.523     0.138
  -514.423     0.138
  -514.323     0.136
  -514.224     0.134
  -514.124     0.130
  -514.025     0.124
  -513.925     0.122
  -513.825     0.123
  -513.726     0.123
  -513.626     0.122
  -513.526     0.123
  -513.427     0.123
  -513.327     0.124
  -513.228     0.123
  -513.128     0.122
  -513.029     0.122
  -512.929     0.121
  -512.829     0.122
  -512.730     0.122
  -512.630     0.124
  -512.530     0.125
  -512.431     0.127
  -512.331     0.135
  -512.232     0.138
  -512.132     0.141
  -512.032     0.141
  -511.933     0.141
  -511.833     0.141
  -511.734     0.141
  -511.634     0.142
  -511.534     0.138
  -511.435     0.131
  -511.335     0.124
  -511.235     0.122
  -511.136     0.123
  -511.036     0.122
  -510.937     0.122
  -510.837     0.122
  -510.738     0.122
  -510.638     0.121
  -510.538     0.123
  -510.439     0.124
  -510.339     0.128
  -510.239     0.134
  -510.140     0.136
  -510.040     0.140
  -509.941     0.139
  -509.841     0.139
  -509.741     0.138
  -509.642     0.139
  -509.542     0.140
  -509.443     0.138
  -509.343     0.135
  -509.243     0.128
  -509.144     0.125
  -509.044     0.122
  -508.945     0.122
  -508.845     0.123
  -508.745     0.125
  -508.646     0.127
  -508.546     0.131
  -508.446     0.137
  -508.347     0.139
  -508.247     0.140
  -508.148     0.140
  -508.048     0.138
  -507.948     0.136
  -507.849     0.130
  -507.749     0.125
  -507.650     0.122
  -507.550     0.122
  -507.450     0.122
  -507.351     0.123
  -507.251     0.125
  -507.151     0.126
  -507.052     0.130
  -506.952     0.137
  -506.853     0.139
  -506.753     0.140
  -506.654     0.141
  -506.554     0.141
  -506.454     0.140
  -506.355     0.138
  -506.255     0.137
  -506.155     0.132
  -506.056     0.125
  -505.956     0.124
  -505.857     0.123
  -505.757     0.123
  -505.657     0.123
  -505.558     0.124
  -505.458     0.126
  -505.359     0.129
  -505.259     0.133
  -505.159     0.139
  -505.060     0.139
  -504.960     0.141
  -504.860     0.140
  -504.761     0.139
  -504.661     0.138
  -504.562     0.138
  -504.462     0.137
  -504.363     0.129
  -504.263     0.125
  -504.163     0.123
  -504.064     0.122
  -503.964     0.123
  -503.864     0.124
  -503.765     0.125
  -503.665     0.125
  -503.566     0.125
  -503.466     0.126
  -503.366     0.127
  -503.267     0.126
  -503.167     0.127
  -503.068     0.125
  -502.968     0.125
  -502.868     0.124
  -502.769     0.122
  -502.669     0.123
  -502.570     0.123
  -502.470     0.125
  -502.370     0.123
  -502.271     0.125
  -502.171     0.126
  -502.071     0.126
  -501.972     0.127
  -501.872     0.125
  -501.773     0.127
  -501.673     0.125
  -501.573     0.127
  -501.474     0.124
  -501.374     0.123
  -501.275     0.122
  -501.175     0.123
  -501.075     0.122
  -500.976     0.123
  -500.876     0.122
  -500.776     0.124
  -500.677     0.124
  -500.577     0.127
  -500.478     0.127
  -500.378     0.128
  -500.279     0.133
  -500.179     0.137
  -500.079     0.139
  -499.980     0.139
  -499.880     0.139
  -499.780     0.138
  -499.681     0.137
  -499.581     0.136
  -499.482     0.134
  -499.382     0.128
  -499.282     0.126
  -499.183     0.123
  -499.083     0.123
  -498.984     0.123
  -498.884     0.122
  -498.784     0.123
  -498.685     0.126
  -498.585     0.127
  -498.485     0.135
  -498.386     0.140
  -498.286     0.141
  -498.187     0.141
  -498.087     0.141
  -497.988     0.139
  -497.888     0.138
  -497.788     0.131
  -497.689     0.127
  -497.589     0.124
  -497.489     0.124
  -497.390     0.123
  -497.290     0.124
  -497.191     0.123
  -497.091     0.124
  -496.991     0.124
  -496.892     0.124
  -496.792     0.124
  -496.693     0.125
  -496.593     0.124
  -496.493     0.124
  -496.394     0.124
  -496.294     0.124
  -496.195     0.124
  -496.095     0.124
  -495.995     0.125
  -495.896     0.123
  -495.796     0.123
  -495.696     0.124
  -495.597     0.124
  -495.497     0.126
  -495.398     0.128
  -495.298     0.128
  -495.198     0.128
  -495.099     0.131
  -494.999     0.135
  -494.900     0.139
  -494.800     0.140
  -494.700     0.142
  -494.601     0.140
  -494.501     0.140
  -494.401     0.138
  -494.302     0.134
  -494.202     0.127
  -494.103     0.125
  -494.003     0.123
  -493.904     0.124
  -493.804     0.123
  -493.704     0.124
  -493.605     0.123
  -493.505     0.124
  -493.405     0.126
  -493.306     0.124
  -493.206     0.124
  -493.107     0.126
  -493.007     0.126
  -492.907     0.126
  -492.808     0.126
  -492.708     0.125
  -492.609     0.126
  -492.509     0.126
  -492.409     0.127
  -492.310     0.129
  -492.210     0.130
  -492.110     0.132
  -492.011     0.134
  -491.911     0.139
  -491.812     0.141
  -491.712     0.141
  -491.613     0.142
  -491.513     0.141
  -491.413     0.142
  -491.314     0.142
  -491.214     0.139
  -491.114     0.135
  -491.015     0.128
  -490.915     0.125
  -490.816     0.124
  -490.716     0.125
  -490.616     0.127
  -490.517     0.129
  -490.417     0.130
  -490.318     0.136
  -490.218     0.140
  -490.118     0.142
  -490.019     0.139
  -489.919     0.141
  -489.820     0.139
  -489.720     0.137
  -489.620     0.132
  -489.521     0.126
  -489.421     0.125
  -489.321     0.125
  -489.222     0.125
  -489.122     0.125
  -489.023     0.125
  -488.923     0.127
  -488.823     0.128
  -488.724     0.127
  -488.624     0.128
  -488.525     0.131
  -488.425     0.136
  -488.325     0.140
  -488.226     0.141
  -488.126     0.141
  -488.026     0.139
  -487.927     0.140
  -487.827     0.137
  -487.728     0.137
  -487.628     0.133
  -487.529     0.127
  -487.429     0.125
  -487.329     0.124
  -487.230     0.126
  -487.130     0.125
  -487.030     0.124
  -486.931     0.125
  -486.831     0.123
  -486.732     0.126
  -486.632     0.128
  -486.532     0.130
  -486.433     0.135
  -486.333     0.140
  -486.234     0.142
  -486.134     0.142
  -486.034     0.141
  -485.935     0.141
  -485.835     0.140
  -485.735     0.139
  -485.636     0.133
  -485.536     0.128
  -485.437     0.126
  -485.337     0.125
  -485.238     0.125
  -485.138     0.124
  -485.038     0.127
  -484.939     0.129
  -484.839     0.132
  -484.739     0.139
  -484.640     0.141
  -484.540     0.142
  -484.441     0.144
  -484.341     0.142
  -484.241     0.141
  -484.142     0.141
  -484.042     0.135
  -483.943     0.130
  -483.843     0.127
  -483.743     0.126
  -483.644     0.126
  -483.544     0.127
  -483.445     0.128
  -483.345     0.127
  -483.245     0.127
  -483.146     0.128
  -483.046     0.128
  -482.946     0.126
  -482.847     0.126
  -482.747     0.129
  -482.648     0.130
  -482.548     0.132
  -482.448     0.139
  -482.349     0.141
  -482.249     0.142
  -482.150     0.143
  -482.050     0.142
  -481.950     0.142
  -481.851     0.141
  -481.751     0.137
  -481.651     0.132
  -481.552     0.127
  -481.452     0.127
  -481.353     0.126
  -481.253     0.129
  -481.154     0.127
  -481.054     0.128
  -480.954     0.125
  -480.855     0.127
  -480.755     0.127
  -480.655     0.128
  -480.556     0.129
  -480.456     0.133
  -480.357     0.139
  -480.257     0.142
  -480.157     0.142
  -480.058     0.143
  -479.958     0.143
  -479.859     0.142
  -479.759     0.142
  -479.659     0.141
  -479.560     0.138
  -479.460     0.133
  -479.360     0.130
  -479.261     0.128
  -479.161     0.127
  -479.062     0.128
  -478.962     0.126
  -478.863     0.127
  -478.763     0.129
  -478.663     0.129
  -478.564     0.128
  -478.464     0.129
  -478.364     0.128
  -478.265     0.129
  -478.165     0.128
  -478.066     0.128
  -477.966     0.127
  -477.866     0.128
  -477.767     0.127
  -477.667     0.128
  -477.568     0.127
  -477.468     0.127
  -477.368     0.126
  -477.269     0.127
  -477.169     0.128
  -477.070     0.128
  -476.970     0.126
  -476.870     0.129
  -476.771     0.128
  -476.671     0.129
  -476.571     0.132
  -476.472     0.139
  -476.372     0.142
  -476.273     0.144
  -476.173     0.145
  -476.073     0.144
  -475.974     0.141
  -475.874     0.137
  -475.775     0.129
  -475.675     0.128
  -475.575     0.128
  -475.476     0.127
  -475.376     0.127
  -475.276     0.128
  -475.177     0.127
  -475.077     0.128
  -474.978     0.128
  -474.878     0.127
  -474.779     0.127
  -474.679     0.128
  -474.579     0.130
  -474.480     0.128
  -474.380     0.129
  -474.280     0.128
  -474.181     0.126
  -474.081     0.129
  -473.982     0.128
  -473.882     0.126
  -473.782     0.128
  -473.683     0.128
  -473.583     0.128
  -473.484     0.128
  -473.384     0.129
  -473.284     0.130
  -473.185     0.132
  -473.085     0.133
  -472.985     0.138
  -472.886     0.143
  -472.786     0.144
  -472.687     0.144
  -472.587     0.144
  -472.488     0.144
  -472.388     0.143
  -472.288     0.141
  -472.189     0.134
  -472.089     0.131
  -471.989     0.129
  -471.890     0.126
  -471.790     0.128
  -471.691     0.129
  -471.591     0.128
  -471.491     0.128
  -471.392     0.128
  -471.292     0.127
  -471.193     0.128
  -471.093     0.130
  -470.993     0.129
  -470.894     0.130
  -470.794     0.130
  -470.695     0.131
  -470.595     0.130
  -470.495     0.131
  -470.396     0.131
  -470.296     0.130
  -470.196     0.129
  -470.097     0.129
  -469.997     0.129
  -469.898     0.129
  -469.798     0.128
  -469.698     0.127
  -469.599     0.130
  -469.499     0.129
  -469.400     0.129
  -469.300     0.129
  -469.200     0.128
  -469.101     0.129
  -469.001     0.130
  -468.901     0.130
  -468.802     0.129
  -468.702     0.128
  -468.603     0.130
  -468.503     0.130
  -468.404     0.131
  -468.304     0.130
  -468.204     0.131
  -468.105     0.131
  -468.005     0.131
  -467.905     0.131
  -467.806     0.132
  -467.706     0.136
  -467.607     0.141
  -467.507     0.145
  -467.407     0.144
  -467.308     0.145
  -467.208     0.143
  -467.109     0.141
  -467.009     0.139
  -466.909     0.131
  -466.810     0.129
  -466.710     0.128
  -466.610     0.127
  -466.511     0.127
  -466.411     0.128
  -466.312     0.128
  -466.212     0.128
  -466.113     0.129
  -466.013     0.130
  -465.913     0.130
  -465.814     0.131
  -465.714     0.131
  -465.614     0.132
  -465.515     0.133
  -465.415     0.134
  -465.316     0.134
  -465.216     0.133
  -465.116     0.134
  -465.017     0.136
  -464.917     0.142
  -464.818     0.143
  -464.718     0.145
  -464.618     0.143
  -464.519     0.143
  -464.419     0.143
  -464.320     0.141
  -464.220     0.133
  -464.120     0.128
  -464.021     0.128
  -463.921     0.127
  -463.821     0.127
  -463.722     0.130
  -463.622     0.130
  -463.523     0.131
  -463.423     0.134
  -463.323     0.140
  -463.224     0.144
  -463.124     0.144
  -463.025     0.144
  -462.925     0.143
  -462.825     0.142
  -462.726     0.142
  -462.626     0.138
  -462.526     0.131
  -462.427     0.130
  -462.327     0.128
  -462.228     0.129
  -462.128     0.131
  -462.029     0.132
  -461.929     0.134
  -461.829     0.135
  -461.730     0.142
  -461.630     0.144
  -461.530     0.145
  -461.431     0.145
  -461.331     0.146
  -461.232     0.144
  -461.132     0.143
  -461.032     0.141
  -460.933     0.135
  -460.833     0.131
  -460.734     0.128
  -460.634     0.130
  -460.534     0.130
  -460.435     0.128
  -460.335     0.130
  -460.235     0.128
  -460.136     0.130
  -460.036     0.129
  -459.937     0.130
  -459.837     0.129
  -459.738     0.128
  -459.638     0.130
  -459.538     0.131
  -459.439     0.130
  -459.339     0.129
  -459.239     0.130
  -459.140     0.130
  -459.040     0.131
  -458.941     0.129
  -458.841     0.130
  -458.741     0.130
  -458.642     0.132
  -458.542     0.131
  -458.443     0.132
  -458.343     0.132
  -458.243     0.132
  -458.144     0.132
  -458.044     0.132
  -457.945     0.132
  -457.845     0.131
  -457.745     0.130
  -457.646     0.130
  -457.546     0.131
  -457.446     0.130
  -457.347     0.129
  -457.247     0.130
  -457.148     0.130
  -457.048     0.130
  -456.948     0.130
  -456.849     0.132
  -456.749     0.130
  -456.650     0.132
  -456.550     0.133
  -456.450     0.132
  -456.351     0.135
  -456.251     0.134
  -456.151     0.134
  -456.052     0.133
  -455.952     0.133
  -455.853     0.130
  -455.753     0.129
  -455.654     0.129
  -455.554     0.130
  -455.454     0.129
  -455.355     0.128
  -455.255     0.129
  -455.155     0.129
  -455.056     0.129
  -454.956     0.129
  -454.857     0.130
  -454.757     0.132
  -454.657     0.137
  -454.558     0.144
  -454.458     0.146
  -454.359     0.147
  -454.259     0.146
  -454.159     0.146
  -454.060     0.143
  -453.960     0.141
  -453.860     0.134
  -453.761     0.132
  -453.661     0.130
  -453.562     0.130
  -453.462     0.130
  -453.363     0.130
  -453.263     0.130
  -453.163     0.131
  -453.064     0.130
  -452.964     0.129
  -452.864     0.130
  -452.765     0.130
  -452.665     0.131
  -452.566     0.130
  -452.466     0.130
  -452.366     0.131
  -452.267     0.131
  -452.167     0.132
  -452.068     0.132
  -451.968     0.134
  -451.868     0.132
  -451.769     0.133
  -451.669     0.134
  -451.570     0.133
  -451.470     0.131
  -451.370     0.133
  -451.271     0.132
  -451.171     0.131
  -451.071     0.131
  -450.972     0.134
  -450.872     0.135
  -450.773     0.134
  -450.673     0.134
  -450.573     0.133
  -450.474     0.132
  -450.374     0.132
  -450.275     0.130
  -450.175     0.131
  -450.075     0.130
  -449.976     0.130
  -449.876     0.132
  -449.776     0.131
  -449.677     0.130
  -449.577     0.129
  -449.478     0.130
  -449.378     0.129
  -449.279     0.130
  -449.179     0.131
  -449.079     0.130
  -448.980     0.130
  -448.880     0.131
  -448.780     0.129
  -448.681     0.130
  -448.581     0.131
  -448.482     0.133
  -448.382     0.135
  -448.282     0.138
  -448.183     0.142
  -448.083     0.146
  -447.984     0.146
  -447.884     0.147
  -447.784     0.147
  -447.685     0.146
  -447.585     0.141
  -447.485     0.135
  -447.386     0.131
  -447.286     0.131
  -447.187     0.130
  -447.087     0.130
  -446.988     0.130
  -446.888     0.132
  -446.788     0.131
  -446.689     0.131
  -446.589     0.131
  -446.489     0.131
  -446.390     0.131
  -446.290     0.130
  -446.191     0.133
  -446.091     0.134
  -445.991     0.132
  -445.892     0.133
  -445.792     0.132
  -445.693     0.133
  -445.593     0.132
  -445.493     0.132
  -445.394     0.132
  -445.294     0.130
  -445.195     0.132
  -445.095     0.130
  -444.995     0.131
  -444.896     0.131
  -444.796     0.131
  -444.696     0.132
  -444.597     0.131
  -444.497     0.130
  -444.398     0.133
  -444.298     0.132
  -444.198     0.132
  -444.099     0.132
  -443.999     0.132
  -443.900     0.133
  -443.800     0.134
  -443.700     0.132
  -443.601     0.131
  -443.501     0.131
  -443.401     0.129
  -443.302     0.130
  -443.202     0.131
  -443.103     0.130
  -443.003     0.133
  -442.904     0.133
  -442.804     0.133
  -442.704     0.131
  -442.605     0.129
  -442.505     0.133
  -442.405     0.133
  -442.306     0.134
  -442.206     0.136
  -442.107     0.142
  -442.007     0.146
  -441.907     0.146
  -441.808     0.145
  -441.708     0.144
  -441.609     0.137
  -441.509     0.132
  -441.409     0.130
  -441.310     0.131
  -441.210     0.130
  -441.110     0.129
  -441.011     0.130
  -440.911     0.130
  -440.812     0.131
  -440.712     0.132
  -440.613     0.132
  -440.513     0.136
  -440.413     0.140
  -440.314     0.145
  -440.214     0.146
  -440.114     0.145
  -440.015     0.146
  -439.915     0.145
  -439.816     0.145
  -439.716     0.143
  -439.616     0.141
  -439.517     0.139
  -439.417     0.132
  -439.318     0.129
  -439.218     0.130
  -439.118     0.130
  -439.019     0.131
  -438.919     0.134
  -438.820     0.139
  -438.720     0.143
  -438.620     0.145
  -438.521     0.146
  -438.421     0.146
  -438.321     0.146
  -438.222     0.146
  -438.122     0.145
  -438.023     0.144
  -437.923     0.142
  -437.823     0.134
  -437.724     0.131
  -437.624     0.131
  -437.525     0.130
  -437.425     0.129
  -437.325     0.130
  -437.226     0.130
  -437.126     0.130
  -437.026     0.129
  -436.927     0.129
  -436.827     0.130
  -436.728     0.131
  -436.628     0.134
  -436.529     0.134
  -436.429     0.138
  -436.329     0.141
  -436.230     0.145
  -436.130     0.146
  -436.030     0.144
  -435.931     0.143
  -435.831     0.141
  -435.732     0.134
  -435.632     0.132
  -435.532     0.129
  -435.433     0.130
  -435.333     0.131
  -435.234     0.130
  -435.134     0.130
  -435.034     0.130
  -434.935     0.130
  -434.835     0.130
  -434.735     0.130
  -434.636     0.131
  -434.536     0.132
  -434.437     0.133
  -434.337     0.136
  -434.238     0.136
  -434.138     0.142
  -434.038     0.145
  -433.939     0.145
  -433.839     0.146
  -433.739     0.147
  -433.640     0.146
  -433.540     0.146
  -433.441     0.146
  -433.341     0.145
  -433.241     0.142
  -433.142     0.134
  -433.042     0.133
  -432.943     0.129
  -432.843     0.130
  -432.743     0.130
  -432.644     0.131
  -432.544     0.131
  -432.445     0.132
  -432.345     0.133
  -432.245     0.134
  -432.146     0.135
  -432.046     0.136
  -431.946     0.141
  -431.847     0.144
  -431.747     0.145
  -431.648     0.146
  -431.548     0.146
  -431.448     0.144
  -431.349     0.143
  -431.249     0.143
  -431.150     0.141
  -431.050     0.135
  -430.950     0.132
  -430.851     0.132
  -430.751     0.131
  -430.651     0.130
  -430.552     0.131
  -430.452     0.132
  -430.353     0.132
  -430.253     0.130
  -430.154     0.130
  -430.054     0.130
  -429.954     0.132
  -429.855     0.132
  -429.755     0.132
  -429.655     0.133
  -429.556     0.135
  -429.456     0.134
  -429.357     0.134
  -429.257     0.135
  -429.157     0.135
  -429.058     0.135
  -428.958     0.137
  -428.859     0.140
  -428.759     0.145
  -428.659     0.146
  -428.560     0.146
  -428.460     0.146
  -428.360     0.146
  -428.261     0.147
  -428.161     0.147
  -428.062     0.144
  -427.962     0.144
  -427.863     0.141
  -427.763     0.134
  -427.663     0.132
  -427.564     0.130
  -427.464     0.129
  -427.364     0.131
  -427.265     0.132
  -427.165     0.131
  -427.066     0.132
  -426.966     0.129
  -426.866     0.130
  -426.767     0.131
  -426.667     0.132
  -426.568     0.132
  -426.468     0.130
  -426.368     0.129
  -426.269     0.130
  -426.169     0.133
  -426.070     0.134
  -425.970     0.139
  -425.870     0.143
  -425.771     0.147
  -425.671     0.148
  -425.571     0.148
  -425.472     0.146
  -425.372     0.144
  -425.273     0.137
  -425.173     0.132
  -425.073     0.132
  -424.974     0.131
  -424.874     0.131
  -424.775     0.132
  -424.675     0.134
  -424.575     0.135
  -424.476     0.136
  -424.376     0.140
  -424.276     0.144
  -424.177     0.146
  -424.077     0.148
  -423.978     0.147
  -423.878     0.147
  -423.779     0.145
  -423.679     0.144
  -423.579     0.140
  -423.480     0.133
  -423.380     0.129
  -423.280     0.130
  -423.181     0.130
  -423.081     0.132
  -422.982     0.130
  -422.882     0.131
  -422.782     0.131
  -422.683     0.130
  -422.583     0.132
  -422.484     0.130
  -422.384     0.131
  -422.284     0.132
  -422.185     0.133
  -422.085     0.134
  -421.985     0.135
  -421.886     0.138
  -421.786     0.144
  -421.687     0.146
  -421.587     0.145
  -421.488     0.144
  -421.388     0.143
  -421.288     0.142
  -421.189     0.136
  -421.089     0.132
  -420.989     0.131
  -420.890     0.132
  -420.790     0.132
  -420.691     0.134
  -420.591     0.134
  -420.491     0.135
  -420.392     0.136
  -420.292     0.141
  -420.193     0.146
  -420.093     0.148
  -419.993     0.148
  -419.894     0.146
  -419.794     0.146
  -419.695     0.143
  -419.595     0.135
  -419.495     0.132
  -419.396     0.131
  -419.296     0.129
  -419.196     0.129
  -419.097     0.131
  -418.997     0.133
  -418.898     0.134
  -418.798     0.137
  -418.698     0.142
  -418.599     0.146
  -418.499     0.148
  -418.400     0.148
  -418.300     0.148
  -418.200     0.147
  -418.101     0.145
  -418.001     0.143
  -417.901     0.136
  -417.802     0.132
  -417.702     0.132
  -417.603     0.130
  -417.503     0.132
  -417.404     0.133
  -417.304     0.133
  -417.204     0.134
  -417.105     0.135
  -417.005     0.135
  -416.905     0.137
  -416.806     0.140
  -416.706     0.145
  -416.607     0.147
  -416.507     0.147
  -416.407     0.147
  -416.308     0.146
  -416.208     0.144
  -416.109     0.140
  -416.009     0.134
  -415.909     0.132
  -415.810     0.130
  -415.710     0.132
  -415.610     0.131
  -415.511     0.131
  -415.411     0.131
  -415.312     0.130
  -415.212     0.130
  -415.113     0.131
  -415.013     0.131
  -414.913     0.132
  -414.814     0.133
  -414.714     0.133
  -414.614     0.134
  -414.515     0.136
  -414.415     0.139
  -414.316     0.144
  -414.216     0.146
  -414.116     0.147
  -414.017     0.148
  -413.917     0.145
  -413.818     0.145
  -413.718     0.147
  -413.618     0.147
  -413.519     0.146
  -413.419     0.148
  -413.320     0.147
  -413.220     0.148
  -413.120     0.148
  -413.021     0.147
  -412.921     0.146
  -412.821     0.143
  -412.722     0.136
  -412.622     0.132
  -412.523     0.133
  -412.423     0.132
  -412.323     0.133
  -412.224     0.132
  -412.124     0.132
  -412.025     0.133
  -411.925     0.133
  -411.825     0.133
  -411.726     0.134
  -411.626     0.132
  -411.526     0.132
  -411.427     0.133
  -411.327     0.133
  -411.228     0.135
  -411.128     0.135
  -411.029     0.135
  -410.929     0.134
  -410.829     0.134
  -410.730     0.132
  -410.630     0.133
  -410.530     0.133
  -410.431     0.132
  -410.331     0.133
  -410.232     0.132
  -410.132     0.132
  -410.032     0.133
  -409.933     0.133
  -409.833     0.133
  -409.734     0.132
  -409.634     0.133
  -409.534     0.134
  -409.435     0.134
  -409.335     0.137
  -409.235     0.138
  -409.136     0.141
  -409.036     0.148
  -408.937     0.149
  -408.837     0.150
  -408.738     0.149
  -408.638     0.148
  -408.538     0.145
  -408.439     0.140
  -408.339     0.135
  -408.239     0.133
  -408.140     0.131
  -408.040     0.132
  -407.941     0.132
  -407.841     0.133
  -407.741     0.135
  -407.642     0.137
  -407.542     0.140
  -407.443     0.146
  -407.343     0.147
  -407.243     0.149
  -407.144     0.148
  -407.044     0.149
  -406.945     0.146
  -406.845     0.145
  -406.745     0.141
  -406.646     0.135
  -406.546     0.133
  -406.446     0.132
  -406.347     0.131
  -406.247     0.133
  -406.148     0.134
  -406.048     0.135
  -405.948     0.136
  -405.849     0.141
  -405.749     0.146
  -405.650     0.147
  -405.550     0.149
  -405.450     0.149
  -405.351     0.148
  -405.251     0.150
  -405.151     0.148
  -405.052     0.147
  -404.952     0.145
  -404.853     0.143
  -404.753     0.136
  -404.654     0.134
  -404.554     0.133
  -404.454     0.132
  -404.355     0.132
  -404.255     0.133
  -404.155     0.133
  -404.056     0.132
  -403.956     0.131
  -403.857     0.132
  -403.757     0.134
  -403.657     0.135
  -403.558     0.138
  -403.458     0.144
  -403.359     0.147
  -403.259     0.148
  -403.159     0.149
  -403.060     0.148
  -402.960     0.146
  -402.860     0.144
  -402.761     0.138
  -402.661     0.134
  -402.562     0.131
  -402.462     0.131
  -402.363     0.132
  -402.263     0.131
  -402.163     0.132
  -402.064     0.133
  -401.964     0.133
  -401.864     0.133
  -401.765     0.132
  -401.665     0.134
  -401.566     0.132
  -401.466     0.133
  -401.366     0.133
  -401.267     0.133
  -401.167     0.134
  -401.068     0.135
  -400.968     0.136
  -400.868     0.137
  -400.769     0.140
  -400.669     0.144
  -400.570     0.147
  -400.470     0.148
  -400.370     0.148
  -400.271     0.147
  -400.171     0.146
  -400.071     0.142
  -399.972     0.135
  -399.872     0.133
  -399.773     0.132
  -399.673     0.133
  -399.573     0.133
  -399.474     0.132
  -399.374     0.132
  -399.275     0.132
  -399.175     0.132
  -399.075     0.133
  -398.976     0.135
  -398.876     0.135
  -398.776     0.139
  -398.677     0.146
  -398.577     0.149
  -398.478     0.149
  -398.378     0.149
  -398.279     0.148
  -398.179     0.144
  -398.079     0.138
  -397.980     0.134
  -397.880     0.132
  -397.780     0.132
  -397.681     0.133
  -397.581     0.132
  -397.482     0.133
  -397.382     0.133
  -397.282     0.132
  -397.183     0.132
  -397.083     0.132
  -396.984     0.133
  -396.884     0.133
  -396.784     0.131
  -396.685     0.132
  -396.585     0.133
  -396.485     0.134
  -396.386     0.133
  -396.286     0.135
  -396.187     0.136
  -396.087     0.136
  -395.988     0.138
  -395.888     0.146
  -395.788     0.150
  -395.689     0.148
  -395.589     0.149
  -395.489     0.150
  -395.390     0.149
  -395.290     0.150
  -395.191     0.147
  -395.091     0.143
  -394.991     0.135
  -394.892     0.135
  -394.792     0.132
  -394.693     0.133
  -394.593     0.134
  -394.493     0.136
  -394.394     0.137
  -394.294     0.138
  -394.195     0.141
  -394.095     0.148
  -393.995     0.148
  -393.896     0.148
  -393.796     0.149
  -393.696     0.149
  -393.597     0.148
  -393.497     0.148
  -393.398     0.148
  -393.298     0.146
  -393.198     0.141
  -393.099     0.135
  -392.999     0.132
  -392.900     0.133
  -392.800     0.131
  -392.700     0.132
  -392.601     0.131
  -392.501     0.132
  -392.401     0.134
  -392.302     0.134
  -392.202     0.137
  -392.103     0.137
  -392.003     0.143
  -391.904     0.148
  -391.804     0.150
  -391.704     0.149
  -391.605     0.148
  -391.505     0.148
  -391.405     0.148
  -391.306     0.146
  -391.206     0.142
  -391.107     0.136
  -391.007     0.134
  -390.907     0.133
  -390.808     0.133
  -390.708     0.133
  -390.609     0.133
  -390.509     0.134
  -390.409     0.135
  -390.310     0.137
  -390.210     0.142
  -390.110     0.148
  -390.011     0.149
  -389.911     0.148
  -389.812     0.146
  -389.712     0.145
  -389.613     0.141
  -389.513     0.136
  -389.413     0.133
  -389.314     0.133
  -389.214     0.133
  -389.114     0.132
  -389.015     0.132
  -388.915     0.133
  -388.816     0.132
  -388.716     0.132
  -388.616     0.132
  -388.517     0.136
  -388.417     0.141
  -388.318     0.146
  -388.218     0.149
  -388.118     0.149
  -388.019     0.148
  -387.919     0.148
  -387.820     0.146
  -387.720     0.145
  -387.620     0.141
  -387.521     0.134
  -387.421     0.133
  -387.321     0.133
  -387.222     0.132
  -387.122     0.133
  -387.023     0.134
  -386.923     0.135
  -386.823     0.136
  -386.724     0.138
  -386.624     0.144
  -386.525     0.146
  -386.425     0.148
  -386.325     0.149
  -386.226     0.151
  -386.126     0.148
  -386.026     0.149
  -385.927     0.146
  -385.827     0.141
  -385.728     0.137
  -385.628     0.133
  -385.529     0.133
  -385.429     0.133
  -385.329     0.133
  -385.230     0.132
  -385.130     0.132
  -385.030     0.132
  -384.931     0.133
  -384.831     0.134
  -384.732     0.138
  -384.632     0.143
  -384.532     0.147
  -384.433     0.150
  -384.333     0.149
  -384.234     0.151
  -384.134     0.150
  -384.034     0.149
  -383.935     0.146
  -383.835     0.141
  -383.735     0.136
  -383.636     0.134
  -383.536     0.132
  -383.437     0.133
  -383.337     0.133
  -383.238     0.134
  -383.138     0.135
  -383.038     0.135
  -382.939     0.137
  -382.839     0.137
  -382.739     0.136
  -382.640     0.136
  -382.540     0.137
  -382.441     0.137
  -382.341     0.137
  -382.241     0.135
  -382.142     0.134
  -382.042     0.134
  -381.943     0.133
  -381.843     0.133
  -381.743     0.136
  -381.644     0.138
  -381.544     0.142
  -381.445     0.148
  -381.345     0.150
  -381.245     0.149
  -381.146     0.149
  -381.046     0.150
  -380.946     0.150
  -380.847     0.148
  -380.747     0.147
  -380.648     0.139
  -380.548     0.134
  -380.448     0.133
  -380.349     0.133
  -380.249     0.132
  -380.150     0.132
  -380.050     0.133
  -379.950     0.134
  -379.851     0.133
  -379.751     0.134
  -379.651     0.136
  -379.552     0.137
  -379.452     0.142
  -379.353     0.148
  -379.253     0.151
  -379.154     0.152
  -379.054     0.151
  -378.954     0.150
  -378.855     0.150
  -378.755     0.145
  -378.655     0.139
  -378.556     0.136
  -378.456     0.135
  -378.357     0.134
  -378.257     0.133
  -378.157     0.133
  -378.058     0.134
  -377.958     0.134
  -377.859     0.136
  -377.759     0.136
  -377.659     0.137
  -377.560     0.140
  -377.460     0.146
  -377.360     0.149
  -377.261     0.150
  -377.161     0.151
  -377.062     0.148
  -376.962     0.147
  -376.863     0.145
  -376.763     0.137
  -376.663     0.135
  -376.564     0.135
  -376.464     0.133
  -376.364     0.133
  -376.265     0.133
  -376.165     0.134
  -376.066     0.134
  -375.966     0.134
  -375.866     0.135
  -375.767     0.136
  -375.667     0.135
  -375.568     0.135
  -375.468     0.136
  -375.368     0.136
  -375.269     0.137
  -375.169     0.135
  -375.070     0.137
  -374.970     0.136
  -374.870     0.137
  -374.771     0.135
  -374.671     0.134
  -374.571     0.134
  -374.472     0.136
  -374.372     0.134
  -374.273     0.135
  -374.173     0.135
  -374.073     0.134
  -373.974     0.134
  -373.874     0.135
  -373.775     0.135
  -373.675     0.136
  -373.575     0.134
  -373.476     0.135
  -373.376     0.136
  -373.276     0.135
  -373.177     0.134
  -373.077     0.136
  -372.978     0.136
  -372.878     0.135
  -372.779     0.135
  -372.679     0.134
  -372.579     0.135
  -372.480     0.135
  -372.380     0.136
  -372.280     0.137
  -372.181     0.137
  -372.081     0.139
  -371.982     0.141
  -371.882     0.147
  -371.782     0.150
  -371.683     0.151
  -371.583     0.152
  -371.484     0.152
  -371.384     0.151
  -371.284     0.147
  -371.185     0.140
  -371.085     0.136
  -370.985     0.135
  -370.886     0.135
  -370.786     0.135
  -370.687     0.135
  -370.587     0.135
  -370.488     0.135
  -370.388     0.134
  -370.288     0.137
  -370.189     0.136
  -370.089     0.136
  -369.989     0.135
  -369.890     0.135
  -369.790     0.134
  -369.691     0.134
  -369.591     0.134
  -369.491     0.138
  -369.392     0.143
  -369.292     0.149
  -369.193     0.151
  -369.093     0.151
  -368.993     0.150
  -368.894     0.149
  -368.794     0.152
  -368.695     0.152
  -368.595     0.150
  -368.495     0.151
  -368.396     0.150
  -368.296     0.149
  -368.196     0.148
  -368.097     0.141
  -367.997     0.136
  -367.898     0.135
  -367.798     0.135
  -367.698     0.136
  -367.599     0.134
  -367.499     0.134
  -367.400     0.135
  -367.300     0.136
  -367.200     0.135
  -367.101     0.137
  -367.001     0.135
  -366.901     0.135
  -366.802     0.135
  -366.702     0.137
  -366.603     0.136
  -366.503     0.135
  -366.404     0.134
  -366.304     0.135
  -366.204     0.134
  -366.105     0.134
  -366.005     0.134
  -365.905     0.134
  -365.806     0.134
  -365.706     0.135
  -365.607     0.136
  -365.507     0.136
  -365.407     0.138
  -365.308     0.139
  -365.208     0.142
  -365.109     0.147
  -365.009     0.151
  -364.909     0.149
  -364.810     0.152
  -364.710     0.148
  -364.610     0.149
  -364.511     0.147
  -364.411     0.143
  -364.312     0.136
  -364.212     0.135
  -364.113     0.135
  -364.013     0.135
  -363.913     0.135
  -363.814     0.136
  -363.714     0.137
  -363.614     0.134
  -363.515     0.137
  -363.415     0.136
  -363.316     0.136
  -363.216     0.137
  -363.116     0.135
  -363.017     0.135
  -362.917     0.135
  -362.818     0.137
  -362.718     0.136
  -362.618     0.138
  -362.519     0.137
  -362.419     0.137
  -362.320     0.136
  -362.220     0.135
  -362.120     0.136
  -362.021     0.136
  -361.921     0.134
  -361.821     0.135
  -361.722     0.137
  -361.622     0.139
  -361.523     0.141
  -361.423     0.147
  -361.323     0.152
  -361.224     0.151
  -361.124     0.154
  -361.025     0.151
  -360.925     0.152
  -360.825     0.149
  -360.726     0.141
  -360.626     0.139
  -360.526     0.136
  -360.427     0.137
  -360.327     0.136
  -360.228     0.136
  -360.128     0.136
  -360.029     0.139
  -359.929     0.138
  -359.829     0.139
  -359.730     0.139
  -359.630     0.142
  -359.530     0.141
  -359.431     0.141
  -359.331     0.144
  -359.232     0.145
  -359.132     0.148
  -359.032     0.149
  -358.933     0.151
  -358.833     0.149
  -358.734     0.148
  -358.634     0.147
  -358.534     0.146
  -358.435     0.142
  -358.335     0.138
  -358.235     0.134
  -358.136     0.135
  -358.036     0.135
  -357.937     0.135
  -357.837     0.135
  -357.738     0.134
  -357.638     0.135
  -357.538     0.134
  -357.439     0.136
  -357.339     0.137
  -357.239     0.137
  -357.140     0.139
  -357.040     0.143
  -356.941     0.148
  -356.841     0.150
  -356.741     0.151
  -356.642     0.150
  -356.542     0.149
  -356.443     0.148
  -356.343     0.146
  -356.243     0.141
  -356.144     0.135
  -356.044     0.135
  -355.945     0.136
  -355.845     0.135
  -355.745     0.135
  -355.646     0.135
  -355.546     0.135
  -355.446     0.137
  -355.347     0.136
  -355.247     0.137
  -355.148     0.137
  -355.048     0.136
  -354.948     0.137
  -354.849     0.137
  -354.749     0.135
  -354.650     0.137
  -354.550     0.136
  -354.450     0.136
  -354.351     0.138
  -354.251     0.135
  -354.151     0.136
  -354.052     0.135
  -353.952     0.136
  -353.853     0.136
  -353.753     0.137
  -353.654     0.138
  -353.554     0.140
  -353.454     0.140
  -353.355     0.144
  -353.255     0.149
  -353.155     0.151
  -353.056     0.153
  -352.956     0.151
  -352.857     0.152
  -352.757     0.150
  -352.657     0.149
  -352.558     0.146
  -352.458     0.138
  -352.359     0.137
  -352.259     0.135
  -352.159     0.135
  -352.060     0.134
  -351.960     0.136
  -351.860     0.135
  -351.761     0.136
  -351.661     0.137
  -351.562     0.140
  -351.462     0.142
  -351.363     0.149
  -351.263     0.151
  -351.163     0.151
  -351.064     0.151
  -350.964     0.151
  -350.864     0.150
  -350.765     0.150
  -350.665     0.148
  -350.566     0.146
  -350.466     0.138
  -350.366     0.137
  -350.267     0.136
  -350.167     0.137
  -350.068     0.136
  -349.968     0.138
  -349.868     0.137
  -349.769     0.136
  -349.669     0.139
  -349.570     0.138
  -349.470     0.140
  -349.370     0.141
  -349.271     0.143
  -349.171     0.150
  -349.071     0.152
  -348.972     0.152
  -348.872     0.152
  -348.773     0.151
  -348.673     0.149
  -348.573     0.144
  -348.474     0.138
  -348.374     0.135
  -348.275     0.135
  -348.175     0.136
  -348.075     0.136
  -347.976     0.138
  -347.876     0.140
  -347.776     0.143
  -347.677     0.148
  -347.577     0.151
  -347.478     0.152
  -347.378     0.153
  -347.279     0.152
  -347.179     0.152
  -347.079     0.149
  -346.980     0.143
  -346.880     0.138
  -346.780     0.136
  -346.681     0.136
  -346.581     0.135
  -346.482     0.135
  -346.382     0.137
  -346.282     0.137
  -346.183     0.139
  -346.083     0.136
  -345.984     0.138
  -345.884     0.137
  -345.784     0.136
  -345.685     0.135
  -345.585     0.134
  -345.485     0.134
  -345.386     0.134
  -345.286     0.134
  -345.187     0.136
  -345.087     0.135
  -344.988     0.134
  -344.888     0.137
  -344.788     0.136
  -344.689     0.138
  -344.589     0.142
  -344.489     0.150
  -344.390     0.153
  -344.290     0.152
  -344.191     0.153
  -344.091     0.152
  -343.991     0.150
  -343.892     0.148
  -343.792     0.147
  -343.693     0.140
  -343.593     0.138
  -343.493     0.137
  -343.394     0.137
  -343.294     0.137
  -343.195     0.138
  -343.095     0.135
  -342.995     0.136
  -342.896     0.137
  -342.796     0.137
  -342.696     0.137
  -342.597     0.138
  -342.497     0.140
  -342.398     0.140
  -342.298     0.138
  -342.198     0.138
  -342.099     0.136
  -341.999     0.134
  -341.900     0.137
  -341.800     0.138
  -341.700     0.140
  -341.601     0.141
  -341.501     0.147
  -341.401     0.150
  -341.302     0.152
  -341.202     0.153
  -341.103     0.153
  -341.003     0.154
  -340.904     0.152
  -340.804     0.150
  -340.704     0.151
  -340.605     0.146
  -340.505     0.140
  -340.405     0.136
  -340.306     0.137
  -340.206     0.137
  -340.107     0.137
  -340.007     0.139
  -339.907     0.138
  -339.808     0.138
  -339.708     0.138
  -339.609     0.138
  -339.509     0.137
  -339.409     0.137
  -339.310     0.136
  -339.210     0.138
  -339.110     0.137
  -339.011     0.136
  -338.911     0.137
  -338.812     0.137
  -338.712     0.138
  -338.613     0.137
  -338.513     0.140
  -338.413     0.140
  -338.314     0.142
  -338.214     0.145
  -338.114     0.150
  -338.015     0.150
  -337.915     0.151
  -337.816     0.153
  -337.716     0.153
  -337.616     0.151
  -337.517     0.153
  -337.417     0.152
  -337.318     0.151
  -337.218     0.148
  -337.118     0.147
  -337.019     0.140
  -336.919     0.137
  -336.820     0.137
  -336.720     0.137
  -336.620     0.137
  -336.521     0.137
  -336.421     0.136
  -336.321     0.136
  -336.222     0.137
  -336.122     0.138
  -336.023     0.137
  -335.923     0.138
  -335.823     0.139
  -335.724     0.141
  -335.624     0.140
  -335.525     0.142
  -335.425     0.144
  -335.325     0.149
  -335.226     0.153
  -335.126     0.153
  -335.026     0.152
  -334.927     0.153
  -334.827     0.152
  -334.728     0.152
  -334.628     0.151
  -334.529     0.150
  -334.429     0.148
  -334.329     0.147
  -334.230     0.142
  -334.130     0.139
  -334.030     0.137
  -333.931     0.136
  -333.831     0.138
  -333.732     0.137
  -333.632     0.136
  -333.532     0.138
  -333.433     0.138
  -333.333     0.139
  -333.234     0.139
  -333.134     0.140
  -333.034     0.140
  -332.935     0.139
  -332.835     0.141
  -332.735     0.142
  -332.636     0.144
  -332.536     0.148
  -332.437     0.152
  -332.337     0.154
  -332.238     0.154
  -332.138     0.152
  -332.038     0.149
  -331.939     0.145
  -331.839     0.139
  -331.739     0.137
  -331.640     0.136
  -331.540     0.136
  -331.441     0.137
  -331.341     0.136
  -331.241     0.136
  -331.142     0.136
  -331.042     0.137
  -330.943     0.138
  -330.843     0.140
  -330.743     0.141
  -330.644     0.147
  -330.544     0.151
  -330.445     0.152
  -330.345     0.155
  -330.245     0.153
  -330.146     0.154
  -330.046     0.154
  -329.946     0.153
  -329.847     0.147
  -329.747     0.142
  -329.648     0.139
  -329.548     0.139
  -329.448     0.138
  -329.349     0.136
  -329.249     0.138
  -329.150     0.137
  -329.050     0.138
  -328.950     0.139
  -328.851     0.138
  -328.751     0.138
  -328.651     0.136
  -328.552     0.138
  -328.452     0.139
  -328.353     0.142
  -328.253     0.143
  -328.154     0.151
  -328.054     0.153
  -327.954     0.155
  -327.855     0.153
  -327.755     0.153
  -327.655     0.151
  -327.556     0.148
  -327.456     0.140
  -327.357     0.139
  -327.257     0.138
  -327.157     0.136
  -327.058     0.138
  -326.958     0.137
  -326.859     0.137
  -326.759     0.138
  -326.659     0.139
  -326.560     0.137
  -326.460     0.137
  -326.360     0.138
  -326.261     0.139
  -326.161     0.140
  -326.062     0.143
  -325.962     0.148
  -325.863     0.153
  -325.763     0.152
  -325.663     0.154
  -325.564     0.154
  -325.464     0.153
  -325.364     0.151
  -325.265     0.149
  -325.165     0.143
  -325.066     0.141
  -324.966     0.140
  -324.866     0.136
  -324.767     0.137
  -324.667     0.139
  -324.568     0.139
  -324.468     0.139
  -324.368     0.140
  -324.269     0.141
  -324.169     0.143
  -324.070     0.148
  -323.970     0.152
  -323.870     0.154
  -323.771     0.155
  -323.671     0.153
  -323.571     0.154
  -323.472     0.150
  -323.372     0.149
  -323.273     0.143
  -323.173     0.139
  -323.073     0.138
  -322.974     0.138
  -322.874     0.139
  -322.775     0.139
  -322.675     0.140
  -322.575     0.140
  -322.476     0.141
  -322.376     0.143
  -322.276     0.145
  -322.177     0.148
  -322.077     0.153
  -321.978     0.154
  -321.878     0.154
  -321.779     0.155
  -321.679     0.152
  -321.579     0.149
  -321.480     0.142
  -321.380     0.139
  -321.280     0.137
  -321.181     0.140
  -321.081     0.140
  -320.982     0.140
  -320.882     0.141
  -320.782     0.143
  -320.683     0.148
  -320.583     0.153
  -320.484     0.155
  -320.384     0.155
  -320.284     0.155
  -320.185     0.155
  -320.085     0.154
  -319.985     0.153
  -319.886     0.149
  -319.786     0.141
  -319.687     0.139
  -319.587     0.138
  -319.488     0.138
  -319.388     0.138
  -319.288     0.139
  -319.189     0.139
  -319.089     0.139
  -318.989     0.137
  -318.890     0.138
  -318.790     0.138
  -318.691     0.140
  -318.591     0.141
  -318.491     0.143
  -318.392     0.148
  -318.292     0.153
  -318.193     0.155
  -318.093     0.155
  -317.993     0.155
  -317.894     0.153
  -317.794     0.153
  -317.695     0.148
  -317.595     0.141
  -317.495     0.139
  -317.396     0.139
  -317.296     0.137
  -317.196     0.138
  -317.097     0.137
  -316.997     0.139
  -316.898     0.142
  -316.798     0.143
  -316.698     0.144
  -316.599     0.148
  -316.499     0.151
  -316.400     0.155
  -316.300     0.154
  -316.200     0.154
  -316.101     0.154
  -316.001     0.153
  -315.901     0.150
  -315.802     0.147
  -315.702     0.139
  -315.603     0.138
  -315.503     0.137
  -315.404     0.139
  -315.304     0.137
  -315.204     0.139
  -315.105     0.139
  -315.005     0.141
  -314.905     0.145
  -314.806     0.151
  -314.706     0.153
  -314.607     0.154
  -314.507     0.154
  -314.407     0.154
  -314.308     0.155
  -314.208     0.154
  -314.109     0.153
  -314.009     0.150
  -313.909     0.146
  -313.810     0.140
  -313.710     0.138
  -313.610     0.139
  -313.511     0.138
  -313.411     0.138
  -313.312     0.138
  -313.212     0.136
  -313.113     0.138
  -313.013     0.137
  -312.913     0.137
  -312.814     0.141
  -312.714     0.142
  -312.614     0.147
  -312.515     0.152
  -312.415     0.155
  -312.316     0.156
  -312.216     0.155
  -312.116     0.153
  -312.017     0.151
  -311.917     0.143
  -311.818     0.141
  -311.718     0.138
  -311.618     0.138
  -311.519     0.138
  -311.419     0.139
  -311.320     0.142
  -311.220     0.144
  -311.120     0.152
  -311.021     0.156
  -310.921     0.155
  -310.821     0.156
  -310.722     0.155
  -310.622     0.154
  -310.523     0.151
  -310.423     0.145
  -310.323     0.140
  -310.224     0.139
  -310.124     0.140
  -310.025     0.139
  -309.925     0.140
  -309.825     0.140
  -309.726     0.140
  -309.626     0.140
  -309.526     0.140
  -309.427     0.141
  -309.327     0.143
  -309.228     0.143
  -309.128     0.146
  -309.029     0.150
  -308.929     0.154
  -308.829     0.155
  -308.730     0.155
  -308.630     0.157
  -308.530     0.155
  -308.431     0.156
  -308.331     0.156
  -308.232     0.153
  -308.132     0.149
  -308.032     0.142
  -307.933     0.139
  -307.833     0.139
  -307.734     0.138
  -307.634     0.138
  -307.534     0.139
  -307.435     0.139
  -307.335     0.140
  -307.235     0.143
  -307.136     0.147
  -307.036     0.152
  -306.937     0.155
  -306.837     0.155
  -306.738     0.154
  -306.638     0.155
  -306.538     0.155
  -306.439     0.153
  -306.339     0.150
  -306.239     0.142
  -306.140     0.140
  -306.040     0.139
  -305.941     0.139
  -305.841     0.139
  -305.741     0.140
  -305.642     0.140
  -305.542     0.142
  -305.443     0.145
  -305.343     0.151
  -305.243     0.152
  -305.144     0.155
  -305.044     0.155
  -304.945     0.156
  -304.845     0.155
  -304.745     0.154
  -304.646     0.151
  -304.546     0.142
  -304.446     0.140
  -304.347     0.140
  -304.247     0.140
  -304.148     0.141
  -304.048     0.140
  -303.948     0.143
  -303.849     0.142
  -303.749     0.144
  -303.650     0.144
  -303.550     0.146
  -303.450     0.152
  -303.351     0.155
  -303.251     0.157
  -303.151     0.156
  -303.052     0.154
  -302.952     0.155
  -302.853     0.152
  -302.753     0.145
  -302.654     0.142
  -302.554     0.139
  -302.454     0.139
  -302.355     0.141
  -302.255     0.141
  -302.155     0.141
  -302.056     0.141
  -301.956     0.140
  -301.857     0.140
  -301.757     0.139
  -301.657     0.142
  -301.558     0.141
  -301.458     0.141
  -301.359     0.143
  -301.259     0.144
  -301.159     0.140
  -301.060     0.142
  -300.960     0.142
  -300.860     0.142
  -300.761     0.141
  -300.661     0.140
  -300.562     0.142
  -300.462     0.141
  -300.363     0.140
  -300.263     0.141
  -300.163     0.140
  -300.064     0.140
  -299.964     0.140
  -299.864     0.140
  -299.765     0.140
  -299.665     0.140
  -299.566     0.140
  -299.466     0.141
  -299.366     0.141
  -299.267     0.141
  -299.167     0.143
  -299.068     0.142
  -298.968     0.144
  -298.868     0.144
  -298.769     0.145
  -298.669     0.147
  -298.570     0.150
  -298.470     0.155
  -298.370     0.157
  -298.271     0.157
  -298.171     0.157
  -298.071     0.156
  -297.972     0.154
  -297.872     0.152
  -297.773     0.149
  -297.673     0.143
  -297.573     0.142
  -297.474     0.140
  -297.374     0.141
  -297.275     0.142
  -297.175     0.141
  -297.075     0.143
  -296.976     0.141
  -296.876     0.140
  -296.776     0.140
  -296.677     0.142
  -296.577     0.141
  -296.478     0.142
  -296.378     0.142
  -296.279     0.145
  -296.179     0.149
  -296.079     0.155
  -295.980     0.157
  -295.880     0.158
  -295.780     0.158
  -295.681     0.158
  -295.581     0.157
  -295.482     0.155
  -295.382     0.147
  -295.282     0.143
  -295.183     0.140
  -295.083     0.139
  -294.984     0.140
  -294.884     0.140
  -294.784     0.143
  -294.685     0.144
  -294.585     0.145
  -294.485     0.147
  -294.386     0.155
  -294.286     0.155
  -294.187     0.156
  -294.087     0.156
  -293.988     0.156
  -293.888     0.155
  -293.788     0.154
  -293.689     0.149
  -293.589     0.144
  -293.489     0.142
  -293.390     0.140
  -293.290     0.140
  -293.191     0.141
  -293.091     0.141
  -292.991     0.141
  -292.892     0.140
  -292.792     0.142
  -292.693     0.142
  -292.593     0.140
  -292.493     0.141
  -292.394     0.140
  -292.294     0.142
  -292.195     0.140
  -292.095     0.141
  -291.995     0.142
  -291.896     0.142
  -291.796     0.142
  -291.696     0.143
  -291.597     0.146
  -291.497     0.147
  -291.398     0.153
  -291.298     0.156
  -291.198     0.159
  -291.099     0.158
  -290.999     0.158
  -290.900     0.159
  -290.800     0.156
  -290.700     0.155
  -290.601     0.148
  -290.501     0.143
  -290.401     0.143
  -290.302     0.141
  -290.202     0.140
  -290.103     0.142
  -290.003     0.144
  -289.904     0.143
  -289.804     0.144
  -289.704     0.147
  -289.605     0.147
  -289.505     0.150
  -289.405     0.155
  -289.306     0.157
  -289.206     0.157
  -289.107     0.157
  -289.007     0.156
  -288.907     0.155
  -288.808     0.151
  -288.708     0.146
  -288.609     0.143
  -288.509     0.140
  -288.409     0.140
  -288.310     0.140
  -288.210     0.142
  -288.110     0.144
  -288.011     0.144
  -287.911     0.147
  -287.812     0.148
  -287.712     0.154
  -287.613     0.156
  -287.513     0.157
  -287.413     0.159
  -287.314     0.158
  -287.214     0.156
  -287.114     0.154
  -287.015     0.150
  -286.915     0.143
  -286.816     0.141
  -286.716     0.141
  -286.616     0.141
  -286.517     0.143
  -286.417     0.144
  -286.318     0.146
  -286.218     0.150
  -286.118     0.155
  -286.019     0.157
  -285.919     0.158
  -285.820     0.158
  -285.720     0.158
  -285.620     0.155
  -285.521     0.152
  -285.421     0.144
  -285.321     0.143
  -285.222     0.141
  -285.122     0.142
  -285.023     0.142
  -284.923     0.142
  -284.823     0.142
  -284.724     0.142
  -284.624     0.142
  -284.525     0.141
  -284.425     0.140
  -284.325     0.142
  -284.226     0.144
  -284.126     0.145
  -284.026     0.147
  -283.927     0.155
  -283.827     0.159
  -283.728     0.158
  -283.628     0.160
  -283.529     0.160
  -283.429     0.158
  -283.329     0.157
  -283.230     0.151
  -283.130     0.144
  -283.030     0.142
  -282.931     0.142
  -282.831     0.143
  -282.732     0.142
  -282.632     0.143
  -282.532     0.141
  -282.433     0.142
  -282.333     0.143
  -282.234     0.144
  -282.134     0.143
  -282.034     0.144
  -281.935     0.145
  -281.835     0.144
  -281.735     0.144
  -281.636     0.143
  -281.536     0.143
  -281.437     0.142
  -281.337     0.143
  -281.238     0.142
  -281.138     0.142
  -281.038     0.141
  -280.939     0.144
  -280.839     0.145
  -280.739     0.148
  -280.640     0.153
  -280.540     0.158
  -280.441     0.159
  -280.341     0.159
  -280.241     0.159
  -280.142     0.158
  -280.042     0.156
  -279.943     0.151
  -279.843     0.146
  -279.743     0.142
  -279.644     0.142
  -279.544     0.142
  -279.445     0.143
  -279.345     0.145
  -279.245     0.148
  -279.146     0.155
  -279.046     0.158
  -278.946     0.159
  -278.847     0.161
  -278.747     0.159
  -278.648     0.157
  -278.548     0.155
  -278.448     0.147
  -278.349     0.143
  -278.249     0.141
  -278.150     0.142
  -278.050     0.141
  -277.950     0.144
  -277.851     0.143
  -277.751     0.145
  -277.651     0.146
  -277.552     0.148
  -277.452     0.150
  -277.353     0.156
  -277.253     0.159
  -277.154     0.159
  -277.054     0.157
  -276.954     0.157
  -276.855     0.150
  -276.755     0.145
  -276.655     0.143
  -276.556     0.143
  -276.456     0.142
  -276.357     0.142
  -276.257     0.143
  -276.157     0.143
  -276.058     0.142
  -275.958     0.143
  -275.859     0.143
  -275.759     0.144
  -275.659     0.144
  -275.560     0.146
  -275.460     0.146
  -275.360     0.149
  -275.261     0.156
  -275.161     0.159
  -275.062     0.160
  -274.962     0.159
  -274.863     0.159
  -274.763     0.158
  -274.663     0.156
  -274.564     0.151
  -274.464     0.146
  -274.364     0.144
  -274.265     0.143
  -274.165     0.144
  -274.066     0.142
  -273.966     0.143
  -273.866     0.142
  -273.767     0.144
  -273.667     0.143
  -273.568     0.143
  -273.468     0.143
  -273.368     0.144
  -273.269     0.143
  -273.169     0.144
  -273.070     0.143
  -272.970     0.144
  -272.870     0.143
  -272.771     0.142
  -272.671     0.142
  -272.571     0.144
  -272.472     0.147
  -272.372     0.153
  -272.273     0.159
  -272.173     0.161
  -272.073     0.160
  -271.974     0.160
  -271.874     0.161
  -271.775     0.160
  -271.675     0.160
  -271.575     0.159
  -271.476     0.156
  -271.376     0.150
  -271.276     0.147
  -271.177     0.144
  -271.077     0.143
  -270.978     0.143
  -270.878     0.144
  -270.779     0.146
  -270.679     0.148
  -270.579     0.149
  -270.480     0.150
  -270.380     0.157
  -270.280     0.159
  -270.181     0.160
  -270.081     0.160
  -269.982     0.160
  -269.882     0.158
  -269.782     0.158
  -269.683     0.152
  -269.583     0.146
  -269.484     0.144
  -269.384     0.143
  -269.284     0.142
  -269.185     0.144
  -269.085     0.144
  -268.985     0.146
  -268.886     0.147
  -268.786     0.149
  -268.687     0.154
  -268.587     0.158
  -268.488     0.160
  -268.388     0.160
  -268.288     0.160
  -268.189     0.158
  -268.089     0.151
  -267.989     0.145
  -267.890     0.143
  -267.790     0.143
  -267.691     0.144
  -267.591     0.143
  -267.491     0.144
  -267.392     0.145
  -267.292     0.146
  -267.193     0.148
  -267.093     0.151
  -266.993     0.155
  -266.894     0.160
  -266.794     0.159
  -266.695     0.160
  -266.595     0.162
  -266.495     0.161
  -266.396     0.160
  -266.296     0.157
  -266.196     0.156
  -266.097     0.149
  -265.997     0.145
  -265.898     0.143
  -265.798     0.143
  -265.698     0.144
  -265.599     0.142
  -265.499     0.144
  -265.400     0.143
  -265.300     0.145
  -265.200     0.145
  -265.101     0.147
  -265.001     0.149
  -264.901     0.156
  -264.802     0.159
  -264.702     0.160
  -264.603     0.162
  -264.503     0.160
  -264.404     0.159
  -264.304     0.154
  -264.204     0.147
  -264.105     0.145
  -264.005     0.144
  -263.905     0.145
  -263.806     0.146
  -263.706     0.144
  -263.607     0.146
  -263.507     0.149
  -263.407     0.157
  -263.308     0.161
  -263.208     0.164
  -263.109     0.164
  -263.009     0.164
  -262.909     0.165
  -262.810     0.161
  -262.710     0.160
  -262.610     0.152
  -262.511     0.148
  -262.411     0.145
  -262.312     0.146
  -262.212     0.147
  -262.113     0.147
  -262.013     0.146
  -261.913     0.146
  -261.814     0.145
  -261.714     0.145
  -261.614     0.145
  -261.515     0.146
  -261.415     0.146
  -261.316     0.146
  -261.216     0.146
  -261.116     0.146
  -261.017     0.145
  -260.917     0.146
  -260.818     0.146
  -260.718     0.146
  -260.618     0.145
  -260.519     0.146
  -260.419     0.145
  -260.320     0.144
  -260.220     0.146
  -260.120     0.147
  -260.021     0.148
  -259.921     0.148
  -259.821     0.151
  -259.722     0.154
  -259.622     0.160
  -259.523     0.162
  -259.423     0.162
  -259.323     0.163
  -259.224     0.160
  -259.124     0.158
  -259.025     0.150
  -258.925     0.146
  -258.825     0.146
  -258.726     0.145
  -258.626     0.144
  -258.526     0.145
  -258.427     0.145
  -258.327     0.145
  -258.228     0.148
  -258.128     0.145
  -258.029     0.147
  -257.929     0.145
  -257.829     0.145
  -257.730     0.145
  -257.630     0.146
  -257.530     0.146
  -257.431     0.147
  -257.331     0.147
  -257.232     0.148
  -257.132     0.148
  -257.032     0.149
  -256.933     0.151
  -256.833     0.152
  -256.734     0.158
  -256.634     0.160
  -256.534     0.160
  -256.435     0.162
  -256.335     0.160
  -256.235     0.161
  -256.136     0.160
  -256.036     0.158
  -255.937     0.151
  -255.837     0.149
  -255.738     0.145
  -255.638     0.147
  -255.538     0.146
  -255.439     0.147
  -255.339     0.147
  -255.239     0.147
  -255.140     0.150
  -255.040     0.151
  -254.941     0.154
  -254.841     0.158
  -254.741     0.162
  -254.642     0.162
  -254.542     0.163
  -254.443     0.162
  -254.343     0.159
  -254.243     0.155
  -254.144     0.148
  -254.044     0.147
  -253.945     0.146
  -253.845     0.147
  -253.745     0.148
  -253.646     0.146
  -253.546     0.148
  -253.446     0.146
  -253.347     0.146
  -253.247     0.147
  -253.148     0.146
  -253.048     0.146
  -252.948     0.145
  -252.849     0.146
  -252.749     0.145
  -252.650     0.145
  -252.550     0.147
  -252.450     0.146
  -252.351     0.148
  -252.251     0.150
  -252.151     0.154
  -252.052     0.160
  -251.952     0.163
  -251.853     0.164
  -251.753     0.163
  -251.654     0.164
  -251.554     0.162
  -251.454     0.161
  -251.355     0.157
  -251.255     0.150
  -251.155     0.149
  -251.056     0.146
  -250.956     0.146
  -250.857     0.148
  -250.757     0.148
  -250.657     0.149
  -250.558     0.148
  -250.458     0.148
  -250.359     0.148
  -250.259     0.147
  -250.159     0.148
  -250.060     0.147
  -249.960     0.146
  -249.860     0.146
  -249.761     0.149
  -249.661     0.152
  -249.562     0.156
  -249.462     0.162
  -249.363     0.163
  -249.263     0.164
  -249.163     0.163
  -249.064     0.162
  -248.964     0.162
  -248.864     0.157
  -248.765     0.151
  -248.665     0.149
  -248.566     0.147
  -248.466     0.146
  -248.366     0.147
  -248.267     0.148
  -248.167     0.148
  -248.068     0.150
  -247.968     0.150
  -247.868     0.154
  -247.769     0.158
  -247.669     0.161
  -247.570     0.164
  -247.470     0.163
  -247.370     0.164
  -247.271     0.162
  -247.171     0.161
  -247.071     0.159
  -246.972     0.153
  -246.872     0.148
  -246.773     0.147
  -246.673     0.149
  -246.573     0.148
  -246.474     0.147
  -246.374     0.148
  -246.275     0.149
  -246.175     0.149
  -246.075     0.151
  -245.976     0.151
  -245.876     0.151
  -245.776     0.154
  -245.677     0.161
  -245.577     0.163
  -245.478     0.163
  -245.378     0.162
  -245.279     0.163
  -245.179     0.161
  -245.079     0.158
  -244.980     0.151
  -244.880     0.148
  -244.780     0.146
  -244.681     0.147
  -244.581     0.148
  -244.482     0.148
  -244.382     0.148
  -244.282     0.146
  -244.183     0.148
  -244.083     0.147
  -243.984     0.149
  -243.884     0.148
  -243.784     0.148
  -243.685     0.150
  -243.585     0.149
  -243.485     0.150
  -243.386     0.147
  -243.286     0.148
  -243.187     0.149
  -243.087     0.146
  -242.988     0.146
  -242.888     0.148
  -242.788     0.150
  -242.689     0.151
  -242.589     0.153
  -242.489     0.156
  -242.390     0.161
  -242.290     0.164
  -242.191     0.165
  -242.091     0.163
  -241.991     0.163
  -241.892     0.164
  -241.792     0.160
  -241.693     0.158
  -241.593     0.151
  -241.493     0.149
  -241.394     0.147
  -241.294     0.148
  -241.195     0.147
  -241.095     0.149
  -240.995     0.149
  -240.896     0.148
  -240.796     0.150
  -240.696     0.151
  -240.597     0.153
  -240.497     0.155
  -240.398     0.160
  -240.298     0.164
  -240.198     0.166
  -240.099     0.166
  -239.999     0.164
  -239.900     0.164
  -239.800     0.161
  -239.700     0.155
  -239.601     0.151
  -239.501     0.151
  -239.401     0.150
  -239.302     0.150
  -239.202     0.150
  -239.103     0.150
  -239.003     0.150
  -238.904     0.149
  -238.804     0.150
  -238.704     0.148
  -238.605     0.149
  -238.505     0.149
  -238.405     0.151
  -238.306     0.150
  -238.206     0.150
  -238.107     0.150
  -238.007     0.149
  -237.907     0.149
  -237.808     0.150
  -237.708     0.149
  -237.609     0.149
  -237.509     0.152
  -237.409     0.151
  -237.310     0.150
  -237.210     0.149
  -237.110     0.150
  -237.011     0.152
  -236.911     0.153
  -236.812     0.159
  -236.712     0.164
  -236.613     0.166
  -236.513     0.165
  -236.413     0.167
  -236.314     0.167
  -236.214     0.168
  -236.114     0.166
  -236.015     0.162
  -235.915     0.160
  -235.816     0.153
  -235.716     0.150
  -235.616     0.151
  -235.517     0.150
  -235.417     0.151
  -235.318     0.150
  -235.218     0.150
  -235.118     0.152
  -235.019     0.153
  -234.919     0.156
  -234.820     0.162
  -234.720     0.165
  -234.620     0.166
  -234.521     0.169
  -234.421     0.168
  -234.321     0.168
  -234.222     0.167
  -234.122     0.165
  -234.023     0.162
  -233.923     0.153
  -233.823     0.151
  -233.724     0.151
  -233.624     0.152
  -233.525     0.151
  -233.425     0.149
  -233.325     0.151
  -233.226     0.151
  -233.126     0.149
  -233.026     0.150
  -232.927     0.150
  -232.827     0.150
  -232.728     0.151
  -232.628     0.150
  -232.529     0.150
  -232.429     0.149
  -232.329     0.149
  -232.230     0.151
  -232.130     0.153
  -232.030     0.153
  -231.931     0.155
  -231.831     0.160
  -231.732     0.164
  -231.632     0.166
  -231.532     0.167
  -231.433     0.166
  -231.333     0.168
  -231.234     0.165
  -231.134     0.164
  -231.034     0.160
  -230.935     0.152
  -230.835     0.149
  -230.735     0.150
  -230.636     0.149
  -230.536     0.149
  -230.437     0.151
  -230.337     0.154
  -230.238     0.160
  -230.138     0.162
  -230.038     0.165
  -229.939     0.166
  -229.839     0.167
  -229.739     0.166
  -229.640     0.165
  -229.540     0.165
  -229.441     0.163
  -229.341     0.159
  -229.241     0.152
  -229.142     0.149
  -229.042     0.151
  -228.943     0.151
  -228.843     0.151
  -228.743     0.151
  -228.644     0.151
  -228.544     0.151
  -228.445     0.151
  -228.345     0.150
  -228.245     0.150
  -228.146     0.151
  -228.046     0.150
  -227.946     0.149
  -227.847     0.150
  -227.747     0.151
  -227.648     0.150
  -227.548     0.151
  -227.448     0.150
  -227.349     0.151
  -227.249     0.150
  -227.150     0.149
  -227.050     0.152
  -226.950     0.152
  -226.851     0.155
  -226.751     0.157
  -226.651     0.164
  -226.552     0.167
  -226.452     0.167
  -226.353     0.167
  -226.253     0.167
  -226.154     0.166
  -226.054     0.167
  -225.954     0.166
  -225.855     0.164
  -225.755     0.155
  -225.655     0.152
  -225.556     0.150
  -225.456     0.150
  -225.357     0.151
  -225.257     0.151
  -225.157     0.150
  -225.058     0.151
  -224.958     0.153
  -224.859     0.156
  -224.759     0.160
  -224.659     0.165
  -224.560     0.167
  -224.460     0.168
  -224.360     0.168
  -224.261     0.168
  -224.161     0.167
  -224.062     0.165
  -223.962     0.164
  -223.863     0.158
  -223.763     0.153
  -223.663     0.150
  -223.564     0.150
  -223.464     0.151
  -223.364     0.152
  -223.265     0.151
  -223.165     0.151
  -223.066     0.153
  -222.966     0.153
  -222.866     0.151
  -222.767     0.153
  -222.667     0.152
  -222.568     0.151
  -222.468     0.152
  -222.368     0.152
  -222.269     0.153
  -222.169     0.152
  -222.070     0.152
  -221.970     0.152
  -221.870     0.154
  -221.771     0.154
  -221.671     0.153
  -221.571     0.154
  -221.472     0.151
  -221.372     0.154
  -221.273     0.153
  -221.173     0.152
  -221.073     0.152
  -220.974     0.153
  -220.874     0.152
  -220.775     0.152
  -220.675     0.153
  -220.575     0.155
  -220.476     0.154
  -220.376     0.154
  -220.276     0.155
  -220.177     0.154
  -220.077     0.154
  -219.978     0.154
  -219.878     0.153
  -219.779     0.153
  -219.679     0.152
  -219.579     0.154
  -219.480     0.156
  -219.380     0.157
  -219.280     0.159
  -219.181     0.165
  -219.081     0.169
  -218.982     0.170
  -218.882     0.171
  -218.782     0.171
  -218.683     0.170
  -218.583     0.169
  -218.484     0.166
  -218.384     0.158
  -218.284     0.154
  -218.185     0.154
  -218.085     0.153
  -217.985     0.155
  -217.886     0.153
  -217.786     0.154
  -217.687     0.153
  -217.587     0.154
  -217.488     0.155
  -217.388     0.154
  -217.288     0.153
  -217.189     0.153
  -217.089     0.153
  -216.989     0.154
  -216.890     0.155
  -216.790     0.156
  -216.691     0.157
  -216.591     0.157
  -216.491     0.159
  -216.392     0.160
  -216.292     0.165
  -216.193     0.167
  -216.093     0.168
  -215.993     0.169
  -215.894     0.170
  -215.794     0.170
  -215.695     0.168
  -215.595     0.167
  -215.495     0.162
  -215.396     0.156
  -215.296     0.155
  -215.196     0.154
  -215.097     0.154
  -214.997     0.154
  -214.898     0.155
  -214.798     0.153
  -214.698     0.153
  -214.599     0.152
  -214.499     0.153
  -214.400     0.152
  -214.300     0.153
  -214.200     0.155
  -214.101     0.154
  -214.001     0.155
  -213.901     0.158
  -213.802     0.158
  -213.702     0.164
  -213.603     0.168
  -213.503     0.169
  -213.404     0.169
  -213.304     0.170
  -213.204     0.170
  -213.105     0.169
  -213.005     0.169
  -212.905     0.166
  -212.806     0.163
  -212.706     0.156
  -212.607     0.153
  -212.507     0.153
  -212.407     0.152
  -212.308     0.154
  -212.208     0.154
  -212.109     0.153
  -212.009     0.154
  -211.909     0.153
  -211.810     0.153
  -211.710     0.153
  -211.610     0.155
  -211.511     0.156
  -211.411     0.161
  -211.312     0.168
  -211.212     0.169
  -211.113     0.170
  -211.013     0.169
  -210.913     0.167
  -210.814     0.167
  -210.714     0.166
  -210.614     0.162
  -210.515     0.156
  -210.415     0.154
  -210.316     0.154
  -210.216     0.154
  -210.116     0.153
  -210.017     0.154
  -209.917     0.156
  -209.818     0.155
  -209.718     0.155
  -209.618     0.154
  -209.519     0.154
  -209.419     0.154
  -209.320     0.155
  -209.220     0.157
  -209.120     0.158
  -209.021     0.158
  -208.921     0.159
  -208.821     0.163
  -208.722     0.168
  -208.622     0.171
  -208.523     0.171
  -208.423     0.170
  -208.323     0.169
  -208.224     0.166
  -208.124     0.160
  -208.025     0.157
  -207.925     0.155
  -207.825     0.154
  -207.726     0.154
  -207.626     0.155
  -207.526     0.155
  -207.427     0.155
  -207.327     0.156
  -207.228     0.156
  -207.128     0.155
  -207.029     0.156
  -206.929     0.154
  -206.829     0.154
  -206.730     0.154
  -206.630     0.156
  -206.530     0.159
  -206.431     0.164
  -206.331     0.170
  -206.232     0.170
  -206.132     0.171
  -206.032     0.171
  -205.933     0.171
  -205.833     0.172
  -205.734     0.171
  -205.634     0.169
  -205.534     0.165
  -205.435     0.161
  -205.335     0.155
  -205.235     0.155
  -205.136     0.155
  -205.036     0.155
  -204.937     0.155
  -204.837     0.155
  -204.738     0.155
  -204.638     0.157
  -204.538     0.157
  -204.439     0.157
  -204.339     0.159
  -204.239     0.161
  -204.140     0.166
  -204.040     0.171
  -203.941     0.172
  -203.841     0.171
  -203.741     0.170
  -203.642     0.167
  -203.542     0.161
  -203.443     0.157
  -203.343     0.155
  -203.243     0.155
  -203.144     0.154
  -203.044     0.154
  -202.945     0.156
  -202.845     0.156
  -202.745     0.156
  -202.646     0.158
  -202.546     0.158
  -202.446     0.161
  -202.347     0.167
  -202.247     0.172
  -202.148     0.173
  -202.048     0.172
  -201.948     0.173
  -201.849     0.171
  -201.749     0.167
  -201.650     0.161
  -201.550     0.157
  -201.450     0.156
  -201.351     0.155
  -201.251     0.155
  -201.151     0.155
  -201.052     0.156
  -200.952     0.155
  -200.853     0.156
  -200.753     0.156
  -200.654     0.156
  -200.554     0.157
  -200.454     0.159
  -200.355     0.161
  -200.255     0.162
  -200.155     0.169
  -200.056     0.171
  -199.956     0.173
  -199.857     0.173
  -199.757     0.172
  -199.657     0.172
  -199.558     0.171
  -199.458     0.167
  -199.359     0.161
  -199.259     0.156
  -199.159     0.156
  -199.060     0.155
  -198.960     0.154
  -198.860     0.155
  -198.761     0.156
  -198.661     0.156
  -198.562     0.158
  -198.462     0.159
  -198.363     0.162
  -198.263     0.168
  -198.163     0.170
  -198.064     0.172
  -197.964     0.170
  -197.864     0.169
  -197.765     0.169
  -197.665     0.167
  -197.566     0.164
  -197.466     0.159
  -197.366     0.159
  -197.267     0.157
  -197.167     0.157
  -197.068     0.156
  -196.968     0.155
  -196.868     0.155
  -196.769     0.155
  -196.669     0.157
  -196.570     0.158
  -196.470     0.159
  -196.370     0.160
  -196.271     0.163
  -196.171     0.168
  -196.071     0.172
  -195.972     0.173
  -195.872     0.174
  -195.773     0.174
  -195.673     0.174
  -195.573     0.170
  -195.474     0.162
  -195.374     0.157
  -195.275     0.156
  -195.175     0.157
  -195.075     0.157
  -194.976     0.159
  -194.876     0.160
  -194.776     0.161
  -194.677     0.163
  -194.577     0.171
  -194.478     0.174
  -194.378     0.174
  -194.279     0.174
  -194.179     0.175
  -194.079     0.176
  -193.980     0.173
  -193.880     0.172
  -193.780     0.166
  -193.681     0.159
  -193.581     0.158
  -193.482     0.158
  -193.382     0.157
  -193.282     0.156
  -193.183     0.159
  -193.083     0.161
  -192.984     0.162
  -192.884     0.167
  -192.784     0.171
  -192.685     0.175
  -192.585     0.175
  -192.485     0.175
  -192.386     0.174
  -192.286     0.170
  -192.187     0.164
  -192.087     0.158
  -191.988     0.158
  -191.888     0.158
  -191.788     0.156
  -191.689     0.157
  -191.589     0.157
  -191.489     0.159
  -191.390     0.161
  -191.290     0.164
  -191.191     0.170
  -191.091     0.174
  -190.991     0.175
  -190.892     0.175
  -190.792     0.175
  -190.693     0.172
  -190.593     0.170
  -190.493     0.162
  -190.394     0.159
  -190.294     0.158
  -190.195     0.158
  -190.095     0.157
  -189.995     0.159
  -189.896     0.161
  -189.796     0.161
  -189.696     0.164
  -189.597     0.170
  -189.497     0.173
  -189.398     0.173
  -189.298     0.173
  -189.198     0.174
  -189.099     0.174
  -188.999     0.174
  -188.900     0.172
  -188.800     0.169
  -188.700     0.162
  -188.601     0.158
  -188.501     0.157
  -188.401     0.157
  -188.302     0.156
  -188.202     0.157
  -188.103     0.158
  -188.003     0.159
  -187.904     0.158
  -187.804     0.160
  -187.704     0.163
  -187.605     0.168
  -187.505     0.173
  -187.405     0.174
  -187.306     0.173
  -187.206     0.172
  -187.107     0.169
  -187.007     0.162
  -186.907     0.159
  -186.808     0.157
  -186.708     0.157
  -186.609     0.156
  -186.509     0.159
  -186.409     0.157
  -186.310     0.158
  -186.210     0.157
  -186.110     0.159
  -186.011     0.159
  -185.911     0.161
  -185.812     0.160
  -185.712     0.163
  -185.613     0.170
  -185.513     0.174
  -185.413     0.172
  -185.314     0.174
  -185.214     0.173
  -185.114     0.173
  -185.015     0.171
  -184.915     0.170
  -184.816     0.164
  -184.716     0.160
  -184.616     0.159
  -184.517     0.157
  -184.417     0.159
  -184.318     0.159
  -184.218     0.162
  -184.118     0.163
  -184.019     0.168
  -183.919     0.174
  -183.820     0.174
  -183.720     0.174
  -183.620     0.175
  -183.521     0.173
  -183.421     0.172
  -183.321     0.169
  -183.222     0.161
  -183.122     0.158
  -183.023     0.157
  -182.923     0.159
  -182.823     0.156
  -182.724     0.158
  -182.624     0.157
  -182.525     0.159
  -182.425     0.159
  -182.325     0.161
  -182.226     0.162
  -182.126     0.165
  -182.026     0.169
  -181.927     0.173
  -181.827     0.174
  -181.728     0.173
  -181.628     0.175
  -181.529     0.175
  -181.429     0.176
  -181.329     0.173
  -181.230     0.173
  -181.130     0.171
  -181.030     0.163
  -180.931     0.160
  -180.831     0.160
  -180.732     0.159
  -180.632     0.159
  -180.532     0.160
  -180.433     0.160
  -180.333     0.159
  -180.234     0.158
  -180.134     0.159
  -180.034     0.158
  -179.935     0.160
  -179.835     0.160
  -179.735     0.159
  -179.636     0.161
  -179.536     0.160
  -179.437     0.160
  -179.337     0.159
  -179.238     0.159
  -179.138     0.159
  -179.038     0.160
  -178.939     0.160
  -178.839     0.161
  -178.739     0.162
  -178.640     0.166
  -178.540     0.172
  -178.441     0.177
  -178.341     0.177
  -178.241     0.177
  -178.142     0.176
  -178.042     0.175
  -177.943     0.167
  -177.843     0.164
  -177.743     0.161
  -177.644     0.161
  -177.544     0.162
  -177.445     0.160
  -177.345     0.163
  -177.245     0.162
  -177.146     0.162
  -177.046     0.164
  -176.946     0.163
  -176.847     0.163
  -176.747     0.162
  -176.648     0.162
  -176.548     0.162
  -176.448     0.160
  -176.349     0.160
  -176.249     0.161
  -176.150     0.161
  -176.050     0.163
  -175.950     0.163
  -175.851     0.164
  -175.751     0.167
  -175.651     0.173
  -175.552     0.178
  -175.452     0.178
  -175.353     0.178
  -175.253     0.178
  -175.154     0.177
  -175.054     0.172
  -174.954     0.165
  -174.855     0.162
  -174.755     0.160
  -174.655     0.160
  -174.556     0.161
  -174.456     0.162
  -174.357     0.162
  -174.257     0.161
  -174.157     0.161
  -174.058     0.161
  -173.958     0.160
  -173.859     0.160
  -173.759     0.160
  -173.659     0.161
  -173.560     0.164
  -173.460     0.166
  -173.360     0.171
  -173.261     0.176
  -173.161     0.177
  -173.062     0.177
  -172.962     0.179
  -172.863     0.180
  -172.763     0.178
  -172.663     0.174
  -172.564     0.170
  -172.464     0.165
  -172.364     0.164
  -172.265     0.163
  -172.165     0.163
  -172.066     0.164
  -171.966     0.164
  -171.866     0.166
  -171.767     0.169
  -171.667     0.176
  -171.568     0.178
  -171.468     0.180
  -171.368     0.180
  -171.269     0.179
  -171.169     0.179
  -171.070     0.175
  -170.970     0.167
  -170.870     0.163
  -170.771     0.163
  -170.671     0.163
  -170.571     0.162
  -170.472     0.163
  -170.372     0.164
  -170.273     0.164
  -170.173     0.164
  -170.073     0.165
  -169.974     0.164
  -169.874     0.162
  -169.775     0.161
  -169.675     0.160
  -169.575     0.161
  -169.476     0.161
  -169.376     0.162
  -169.276     0.162
  -169.177     0.162
  -169.077     0.163
  -168.978     0.165
  -168.878     0.165
  -168.779     0.167
  -168.679     0.172
  -168.579     0.175
  -168.480     0.178
  -168.380     0.180
  -168.280     0.179
  -168.181     0.178
  -168.081     0.177
  -167.982     0.177
  -167.882     0.176
  -167.782     0.172
  -167.683     0.165
  -167.583     0.162
  -167.484     0.162
  -167.384     0.162
  -167.284     0.162
  -167.185     0.163
  -167.085     0.164
  -166.985     0.164
  -166.886     0.165
  -166.786     0.165
  -166.687     0.164
  -166.587     0.164
  -166.488     0.162
  -166.388     0.161
  -166.288     0.162
  -166.189     0.164
  -166.089     0.164
  -165.989     0.166
  -165.890     0.167
  -165.790     0.168
  -165.691     0.173
  -165.591     0.178
  -165.491     0.178
  -165.392     0.177
  -165.292     0.178
  -165.193     0.180
  -165.093     0.179
  -164.993     0.178
  -164.894     0.175
  -164.794     0.173
  -164.695     0.165
  -164.595     0.164
  -164.495     0.163
  -164.396     0.162
  -164.296     0.163
  -164.196     0.163
  -164.097     0.164
  -163.997     0.163
  -163.898     0.164
  -163.798     0.164
  -163.698     0.166
  -163.599     0.166
  -163.499     0.166
  -163.400     0.167
  -163.300     0.167
  -163.200     0.166
  -163.101     0.166
  -163.001     0.165
  -162.901     0.163
  -162.802     0.163
  -162.702     0.162
  -162.603     0.162
  -162.503     0.163
  -162.404     0.164
  -162.304     0.166
  -162.204     0.167
  -162.105     0.167
  -162.005     0.170
  -161.905     0.171
  -161.806     0.176
  -161.706     0.177
  -161.607     0.177
  -161.507     0.177
  -161.407     0.178
  -161.308     0.178
  -161.208     0.176
  -161.109     0.175
  -161.009     0.173
  -160.909     0.165
  -160.810     0.161
  -160.710     0.160
  -160.610     0.162
  -160.511     0.161
  -160.411     0.162
  -160.312     0.163
  -160.212     0.164
  -160.113     0.162
  -160.013     0.163
  -159.913     0.164
  -159.814     0.163
  -159.714     0.166
  -159.614     0.166
  -159.515     0.165
  -159.415     0.167
  -159.316     0.168
  -159.216     0.169
  -159.116     0.173
  -159.017     0.178
  -158.917     0.179
  -158.818     0.179
  -158.718     0.180
  -158.618     0.180
  -158.519     0.178
  -158.419     0.179
  -158.320     0.177
  -158.220     0.175
  -158.120     0.171
  -158.021     0.165
  -157.921     0.163
  -157.821     0.163
  -157.722     0.163
  -157.622     0.163
  -157.523     0.162
  -157.423     0.163
  -157.323     0.163
  -157.224     0.163
  -157.124     0.164
  -157.025     0.165
  -156.925     0.166
  -156.825     0.168
  -156.726     0.170
  -156.626     0.175
  -156.526     0.178
  -156.427     0.179
  -156.327     0.179
  -156.228     0.180
  -156.128     0.177
  -156.029     0.174
  -155.929     0.169
  -155.829     0.164
  -155.730     0.164
  -155.630     0.162
  -155.530     0.163
  -155.431     0.163
  -155.331     0.164
  -155.232     0.163
  -155.132     0.164
  -155.032     0.164
  -154.933     0.164
  -154.833     0.165
  -154.734     0.166
  -154.634     0.165
  -154.534     0.165
  -154.435     0.167
  -154.335     0.169
  -154.235     0.171
  -154.136     0.175
  -154.036     0.179
  -153.937     0.180
  -153.837     0.181
  -153.738     0.180
  -153.638     0.179
  -153.538     0.175
  -153.439     0.169
  -153.339     0.165
  -153.239     0.163
  -153.140     0.163
  -153.040     0.165
  -152.941     0.168
  -152.841     0.168
  -152.741     0.174
  -152.642     0.180
  -152.542     0.181
  -152.443     0.182
  -152.343     0.181
  -152.243     0.179
  -152.144     0.178
  -152.044     0.176
  -151.945     0.170
  -151.845     0.165
  -151.745     0.164
  -151.646     0.162
  -151.546     0.166
  -151.446     0.165
  -151.347     0.166
  -151.247     0.165
  -151.148     0.166
  -151.048     0.165
  -150.948     0.165
  -150.849     0.165
  -150.749     0.167
  -150.650     0.166
  -150.550     0.164
  -150.450     0.164
  -150.351     0.165
  -150.251     0.166
  -150.151     0.165
  -150.052     0.167
  -149.952     0.168
  -149.853     0.169
  -149.753     0.172
  -149.654     0.180
  -149.554     0.183
  -149.454     0.183
  -149.355     0.184
  -149.255     0.183
  -149.155     0.182
  -149.056     0.179
  -148.956     0.174
  -148.857     0.168
  -148.757     0.166
  -148.657     0.165
  -148.558     0.166
  -148.458     0.165
  -148.359     0.165
  -148.259     0.166
  -148.159     0.168
  -148.060     0.175
  -147.960     0.181
  -147.860     0.182
  -147.761     0.181
  -147.661     0.181
  -147.562     0.182
  -147.462     0.183
  -147.363     0.184
  -147.263     0.184
  -147.163     0.183
  -147.064     0.182
  -146.964     0.179
  -146.864     0.176
  -146.765     0.169
  -146.665     0.167
  -146.566     0.167
  -146.466     0.167
  -146.366     0.166
  -146.267     0.167
  -146.167     0.166
  -146.068     0.166
  -145.968     0.168
  -145.868     0.170
  -145.769     0.171
  -145.669     0.176
  -145.570     0.180
  -145.470     0.183
  -145.370     0.183
  -145.271     0.184
  -145.171     0.181
  -145.071     0.180
  -144.972     0.174
  -144.872     0.167
  -144.773     0.169
  -144.673     0.165
  -144.573     0.167
  -144.474     0.168
  -144.374     0.168
  -144.275     0.168
  -144.175     0.168
  -144.075     0.168
  -143.976     0.167
  -143.876     0.167
  -143.776     0.168
  -143.677     0.168
  -143.577     0.168
  -143.478     0.169
  -143.378     0.170
  -143.279     0.169
  -143.179     0.169
  -143.079     0.166
  -142.980     0.168
  -142.880     0.167
  -142.780     0.167
  -142.681     0.167
  -142.581     0.168
  -142.482     0.168
  -142.382     0.167
  -142.282     0.166
  -142.183     0.167
  -142.083     0.167
  -141.984     0.169
  -141.884     0.169
  -141.784     0.170
  -141.685     0.169
  -141.585     0.167
  -141.485     0.167
  -141.386     0.167
  -141.286     0.166
  -141.187     0.169
  -141.087     0.170
  -140.988     0.170
  -140.888     0.171
  -140.788     0.172
  -140.689     0.178
  -140.589     0.181
  -140.489     0.183
  -140.390     0.183
  -140.290     0.183
  -140.191     0.182
  -140.091     0.183
  -139.991     0.183
  -139.892     0.183
  -139.792     0.181
  -139.693     0.179
  -139.593     0.173
  -139.493     0.167
  -139.394     0.166
  -139.294     0.167
  -139.195     0.168
  -139.095     0.170
  -138.995     0.169
  -138.896     0.171
  -138.796     0.171
  -138.696     0.172
  -138.597     0.172
  -138.497     0.171
  -138.398     0.171
  -138.298     0.169
  -138.198     0.169
  -138.099     0.167
  -137.999     0.166
  -137.900     0.167
  -137.800     0.168
  -137.700     0.168
  -137.601     0.169
  -137.501     0.170
  -137.401     0.170
  -137.302     0.169
  -137.202     0.168
  -137.103     0.167
  -137.003     0.167
  -136.904     0.169
  -136.804     0.168
  -136.704     0.167
  -136.605     0.168
  -136.505     0.170
  -136.405     0.169
  -136.306     0.172
  -136.206     0.173
  -136.107     0.178
  -136.007     0.182
  -135.907     0.185
  -135.808     0.183
  -135.708     0.184
  -135.609     0.184
  -135.509     0.182
  -135.409     0.179
  -135.310     0.172
  -135.210     0.170
  -135.110     0.168
  -135.011     0.168
  -134.911     0.169
  -134.812     0.169
  -134.712     0.172
  -134.613     0.174
  -134.513     0.178
  -134.413     0.182
  -134.314     0.184
  -134.214     0.185
  -134.114     0.183
  -134.015     0.183
  -133.915     0.178
  -133.816     0.172
  -133.716     0.169
  -133.616     0.168
  -133.517     0.168
  -133.417     0.169
  -133.318     0.169
  -133.218     0.169
  -133.118     0.169
  -133.019     0.169
  -132.919     0.168
  -132.820     0.169
  -132.720     0.168
  -132.620     0.168
  -132.521     0.168
  -132.421     0.168
  -132.321     0.170
  -132.222     0.171
  -132.122     0.171
  -132.023     0.172
  -131.923     0.176
  -131.823     0.183
  -131.724     0.183
  -131.624     0.185
  -131.525     0.184
  -131.425     0.184
  -131.325     0.186
  -131.226     0.185
  -131.126     0.184
  -131.026     0.185
  -130.927     0.183
  -130.827     0.180
  -130.728     0.173
  -130.628     0.171
  -130.529     0.170
  -130.429     0.170
  -130.329     0.170
  -130.230     0.171
  -130.130     0.167
  -130.030     0.171
  -129.931     0.169
  -129.831     0.169
  -129.732     0.170
  -129.632     0.172
  -129.532     0.171
  -129.433     0.176
  -129.333     0.182
  -129.234     0.185
  -129.134     0.185
  -129.034     0.184
  -128.935     0.183
  -128.835     0.180
  -128.735     0.174
  -128.636     0.171
  -128.536     0.169
  -128.437     0.169
  -128.337     0.171
  -128.238     0.170
  -128.138     0.171
  -128.038     0.171
  -127.939     0.169
  -127.839     0.169
  -127.739     0.170
  -127.640     0.169
  -127.540     0.169
  -127.441     0.170
  -127.341     0.170
  -127.241     0.170
  -127.142     0.170
  -127.042     0.169
  -126.943     0.171
  -126.843     0.172
  -126.743     0.172
  -126.644     0.175
  -126.544     0.178
  -126.445     0.185
  -126.345     0.187
  -126.245     0.188
  -126.146     0.188
  -126.046     0.186
  -125.946     0.184
  -125.847     0.176
  -125.747     0.172
  -125.648     0.170
  -125.548     0.171
  -125.448     0.170
  -125.349     0.169
  -125.249     0.171
  -125.150     0.172
  -125.050     0.173
  -124.950     0.175
  -124.851     0.178
  -124.751     0.184
  -124.651     0.186
  -124.552     0.185
  -124.452     0.187
  -124.353     0.186
  -124.253     0.183
  -124.154     0.180
  -124.054     0.172
  -123.954     0.171
  -123.855     0.170
  -123.755     0.170
  -123.655     0.170
  -123.556     0.170
  -123.456     0.170
  -123.357     0.173
  -123.257     0.172
  -123.157     0.170
  -123.058     0.169
  -122.958     0.170
  -122.859     0.171
  -122.759     0.172
  -122.659     0.175
  -122.560     0.179
  -122.460     0.184
  -122.360     0.185
  -122.261     0.185
  -122.161     0.185
  -122.062     0.186
  -121.962     0.185
  -121.863     0.186
  -121.763     0.184
  -121.663     0.182
  -121.564     0.177
  -121.464     0.170
  -121.364     0.169
  -121.265     0.170
  -121.165     0.169
  -121.066     0.171
  -120.966     0.171
  -120.866     0.173
  -120.767     0.175
  -120.667     0.177
  -120.568     0.184
  -120.468     0.184
  -120.368     0.186
  -120.269     0.186
  -120.169     0.186
  -120.070     0.185
  -119.970     0.184
  -119.870     0.182
  -119.771     0.174
  -119.671     0.171
  -119.571     0.170
  -119.472     0.168
  -119.372     0.169
  -119.273     0.168
  -119.173     0.169
  -119.073     0.171
  -118.974     0.174
  -118.874     0.180
  -118.775     0.186
  -118.675     0.187
  -118.575     0.188
  -118.476     0.189
  -118.376     0.189
  -118.276     0.188
  -118.177     0.186
  -118.077     0.185
  -117.978     0.183
  -117.878     0.179
  -117.779     0.175
  -117.679     0.173
  -117.579     0.173
  -117.480     0.172
  -117.380     0.172
  -117.280     0.173
  -117.181     0.172
  -117.081     0.171
  -116.982     0.170
  -116.882     0.171
  -116.782     0.172
  -116.683     0.171
  -116.583     0.170
  -116.484     0.172
  -116.384     0.175
  -116.284     0.177
  -116.185     0.184
  -116.085     0.185
  -115.985     0.187
  -115.886     0.187
  -115.786     0.186
  -115.687     0.184
  -115.587     0.181
  -115.488     0.174
  -115.388     0.172
  -115.288     0.172
  -115.189     0.171
  -115.089     0.171
  -114.989     0.171
  -114.890     0.171
  -114.790     0.170
  -114.691     0.171
  -114.591     0.172
  -114.491     0.173
  -114.392     0.173
  -114.292     0.175
  -114.193     0.175
  -114.093     0.176
  -113.993     0.180
  -113.894     0.187
  -113.794     0.187
  -113.695     0.188
  -113.595     0.188
  -113.495     0.187
  -113.396     0.184
  -113.296     0.178
  -113.196     0.173
  -113.097     0.171
  -112.997     0.172
  -112.898     0.172
  -112.798     0.171
  -112.698     0.172
  -112.599     0.173
  -112.499     0.173
  -112.400     0.175
  -112.300     0.176
  -112.200     0.175
  -112.101     0.177
  -112.001     0.179
  -111.901     0.182
  -111.802     0.186
  -111.702     0.187
  -111.603     0.188
  -111.503     0.188
  -111.404     0.189
  -111.304     0.188
  -111.204     0.187
  -111.105     0.184
  -111.005     0.180
  -110.905     0.174
  -110.806     0.172
  -110.706     0.173
  -110.607     0.172
  -110.507     0.172
  -110.407     0.175
  -110.308     0.176
  -110.208     0.177
  -110.109     0.179
  -110.009     0.186
  -109.909     0.186
  -109.810     0.187
  -109.710     0.188
  -109.610     0.187
  -109.511     0.187
  -109.411     0.185
  -109.312     0.183
  -109.212     0.175
  -109.113     0.172
  -109.013     0.171
  -108.913     0.172
  -108.814     0.173
  -108.714     0.174
  -108.614     0.173
  -108.515     0.174
  -108.415     0.173
  -108.316     0.174
  -108.216     0.173
  -108.116     0.173
  -108.017     0.172
  -107.917     0.173
  -107.818     0.174
  -107.718     0.174
  -107.618     0.176
  -107.519     0.178
  -107.419     0.179
  -107.320     0.185
  -107.220     0.188
  -107.120     0.190
  -107.021     0.190
  -106.921     0.190
  -106.821     0.188
  -106.722     0.184
  -106.622     0.177
  -106.523     0.173
  -106.423     0.172
  -106.323     0.173
  -106.224     0.174
  -106.124     0.173
  -106.025     0.174
  -105.925     0.173
  -105.825     0.173
  -105.726     0.171
  -105.626     0.172
  -105.526     0.173
  -105.427     0.173
  -105.327     0.174
  -105.228     0.175
  -105.128     0.177
  -105.029     0.180
  -104.929     0.187
  -104.829     0.189
  -104.730     0.191
  -104.630     0.190
  -104.530     0.190
  -104.431     0.188
  -104.331     0.186
  -104.232     0.178
  -104.132     0.174
  -104.032     0.173
  -103.933     0.174
  -103.833     0.174
  -103.734     0.172
  -103.634     0.174
  -103.534     0.174
  -103.435     0.178
  -103.335     0.179
  -103.235     0.184
  -103.136     0.191
  -103.036     0.191
  -102.937     0.192
  -102.837     0.192
  -102.738     0.190
  -102.638     0.188
  -102.538     0.184
  -102.439     0.176
  -102.339     0.174
  -102.239     0.174
  -102.140     0.175
  -102.040     0.174
  -101.941     0.175
  -101.841     0.175
  -101.741     0.175
  -101.642     0.172
  -101.542     0.174
  -101.443     0.175
  -101.343     0.176
  -101.243     0.177
  -101.144     0.182
  -101.044     0.188
  -100.945     0.187
  -100.845     0.189
  -100.745     0.189
  -100.646     0.189
  -100.546     0.191
  -100.446     0.190
  -100.347     0.190
  -100.247     0.188
  -100.148     0.187
  -100.048     0.185
   -99.948     0.178
   -99.849     0.174
   -99.749     0.175
   -99.650     0.175
   -99.550     0.176
   -99.450     0.176
   -99.351     0.178
   -99.251     0.179
   -99.151     0.181
   -99.052     0.187
   -98.952     0.190
   -98.853     0.191
   -98.753     0.191
   -98.654     0.191
   -98.554     0.189
   -98.454     0.186
   -98.355     0.182
   -98.255     0.177
   -98.155     0.176
   -98.056     0.175
   -97.956     0.176
   -97.857     0.176
   -97.757     0.176
   -97.657     0.178
   -97.558     0.180
   -97.458     0.182
   -97.359     0.187
   -97.259     0.189
   -97.159     0.190
   -97.060     0.191
   -96.960     0.192
   -96.860     0.189
   -96.761     0.188
   -96.661     0.185
   -96.562     0.178
   -96.462     0.176
   -96.363     0.174
   -96.263     0.176
   -96.163     0.173
   -96.064     0.174
   -95.964     0.175
   -95.864     0.177
   -95.765     0.179
   -95.665     0.185
   -95.566     0.189
   -95.466     0.192
   -95.366     0.195
   -95.267     0.194
   -95.167     0.193
   -95.068     0.190
   -94.968     0.185
   -94.868     0.179
   -94.769     0.177
   -94.669     0.176
   -94.570     0.177
   -94.470     0.177
   -94.370     0.178
   -94.271     0.178
   -94.171     0.177
   -94.071     0.176
   -93.972     0.177
   -93.872     0.178
   -93.773     0.177
   -93.673     0.176
   -93.573     0.177
   -93.474     0.182
   -93.374     0.184
   -93.275     0.191
   -93.175     0.192
   -93.075     0.194
   -92.976     0.193
   -92.876     0.193
   -92.776     0.193
   -92.677     0.191
   -92.577     0.188
   -92.478     0.186
   -92.378     0.178
   -92.279     0.177
   -92.179     0.177
   -92.079     0.176
   -91.980     0.176
   -91.880     0.178
   -91.780     0.178
   -91.681     0.178
   -91.581     0.176
   -91.482     0.176
   -91.382     0.177
   -91.282     0.176
   -91.183     0.177
   -91.083     0.178
   -90.984     0.178
   -90.884     0.180
   -90.784     0.180
   -90.685     0.181
   -90.585     0.181
   -90.485     0.181
   -90.386     0.182
   -90.286     0.183
   -90.187     0.184
   -90.087     0.190
   -89.988     0.192
   -89.888     0.193
   -89.788     0.193
   -89.689     0.191
   -89.589     0.186
   -89.489     0.181
   -89.390     0.178
   -89.290     0.177
   -89.191     0.178
   -89.091     0.178
   -88.991     0.179
   -88.892     0.178
   -88.792     0.180
   -88.693     0.180
   -88.593     0.179
   -88.493     0.179
   -88.394     0.176
   -88.294     0.176
   -88.195     0.178
   -88.095     0.178
   -87.995     0.178
   -87.896     0.179
   -87.796     0.181
   -87.696     0.183
   -87.597     0.188
   -87.497     0.193
   -87.398     0.196
   -87.298     0.195
   -87.198     0.194
   -87.099     0.190
   -86.999     0.188
   -86.900     0.182
   -86.800     0.178
   -86.700     0.177
   -86.601     0.179
   -86.501     0.180
   -86.401     0.182
   -86.302     0.183
   -86.202     0.182
   -86.103     0.184
   -86.003     0.189
   -85.904     0.192
   -85.804     0.194
   -85.704     0.195
   -85.605     0.194
   -85.505     0.195
   -85.405     0.196
   -85.306     0.194
   -85.206     0.194
   -85.107     0.191
   -85.007     0.190
   -84.907     0.184
   -84.808     0.181
   -84.708     0.179
   -84.609     0.179
   -84.509     0.180
   -84.409     0.181
   -84.310     0.182
   -84.210     0.183
   -84.110     0.182
   -84.011     0.185
   -83.911     0.190
   -83.812     0.193
   -83.712     0.194
   -83.613     0.196
   -83.513     0.195
   -83.413     0.195
   -83.314     0.193
   -83.214     0.191
   -83.114     0.184
   -83.015     0.180
   -82.915     0.179
   -82.816     0.180
   -82.716     0.179
   -82.616     0.179
   -82.517     0.178
   -82.417     0.179
   -82.318     0.182
   -82.218     0.184
   -82.118     0.190
   -82.019     0.194
   -81.919     0.195
   -81.820     0.196
   -81.720     0.196
   -81.620     0.193
   -81.521     0.186
   -81.421     0.181
   -81.321     0.178
   -81.222     0.178
   -81.122     0.178
   -81.023     0.180
   -80.923     0.180
   -80.823     0.180
   -80.724     0.179
   -80.624     0.178
   -80.525     0.179
   -80.425     0.181
   -80.325     0.182
   -80.226     0.181
   -80.126     0.182
   -80.026     0.182
   -79.927     0.182
   -79.827     0.184
   -79.728     0.186
   -79.628     0.193
   -79.529     0.195
   -79.429     0.197
   -79.329     0.197
   -79.230     0.194
   -79.130     0.194
   -79.030     0.191
   -78.931     0.186
   -78.831     0.182
   -78.732     0.179
   -78.632     0.180
   -78.532     0.179
   -78.433     0.180
   -78.333     0.178
   -78.234     0.179
   -78.134     0.179
   -78.034     0.180
   -77.935     0.183
   -77.835     0.183
   -77.735     0.184
   -77.636     0.184
   -77.536     0.191
   -77.437     0.196
   -77.337     0.194
   -77.238     0.193
   -77.138     0.193
   -77.038     0.192
   -76.939     0.189
   -76.839     0.182
   -76.739     0.180
   -76.640     0.178
   -76.540     0.180
   -76.441     0.181
   -76.341     0.179
   -76.241     0.179
   -76.142     0.180
   -76.042     0.181
   -75.943     0.182
   -75.843     0.182
   -75.743     0.185
   -75.644     0.188
   -75.544     0.195
   -75.445     0.196
   -75.345     0.196
   -75.245     0.197
   -75.146     0.197
   -75.046     0.197
   -74.946     0.195
   -74.847     0.195
   -74.747     0.190
   -74.648     0.183
   -74.548     0.181
   -74.448     0.181
   -74.349     0.180
   -74.249     0.182
   -74.150     0.179
   -74.050     0.181
   -73.950     0.182
   -73.851     0.182
   -73.751     0.183
   -73.651     0.180
   -73.552     0.180
   -73.452     0.180
   -73.353     0.182
   -73.253     0.183
   -73.154     0.184
   -73.054     0.186
   -72.954     0.191
   -72.855     0.195
   -72.755     0.196
   -72.655     0.196
   -72.556     0.194
   -72.456     0.193
   -72.357     0.191
   -72.257     0.187
   -72.157     0.182
   -72.058     0.180
   -71.958     0.180
   -71.859     0.182
   -71.759     0.182
   -71.659     0.180
   -71.560     0.180
   -71.460     0.180
   -71.360     0.183
   -71.261     0.185
   -71.161     0.192
   -71.062     0.195
   -70.962     0.198
   -70.863     0.197
   -70.763     0.196
   -70.663     0.193
   -70.564     0.188
   -70.464     0.182
   -70.364     0.181
   -70.265     0.181
   -70.165     0.180
   -70.066     0.181
   -69.966     0.181
   -69.866     0.183
   -69.767     0.185
   -69.667     0.187
   -69.568     0.194
   -69.468     0.196
   -69.368     0.198
   -69.269     0.198
   -69.169     0.198
   -69.070     0.197
   -68.970     0.197
   -68.870     0.194
   -68.771     0.189
   -68.671     0.181
   -68.571     0.180
   -68.472     0.180
   -68.372     0.182
   -68.273     0.183
   -68.173     0.186
   -68.073     0.190
   -67.974     0.196
   -67.874     0.198
   -67.775     0.198
   -67.675     0.199
   -67.575     0.199
   -67.476     0.197
   -67.376     0.196
   -67.276     0.193
   -67.177     0.186
   -67.077     0.183
   -66.978     0.182
   -66.878     0.184
   -66.779     0.182
   -66.679     0.183
   -66.579     0.182
   -66.480     0.182
   -66.380     0.182
   -66.280     0.182
   -66.181     0.181
   -66.081     0.183
   -65.982     0.183
   -65.882     0.181
   -65.782     0.181
   -65.683     0.181
   -65.583     0.180
   -65.484     0.185
   -65.384     0.186
   -65.284     0.192
   -65.185     0.197
   -65.085     0.198
   -64.985     0.198
   -64.886     0.197
   -64.786     0.198
   -64.687     0.197
   -64.587     0.197
   -64.488     0.196
   -64.388     0.195
   -64.288     0.190
   -64.189     0.185
   -64.089     0.183
   -63.989     0.183
   -63.890     0.181
   -63.790     0.182
   -63.691     0.181
   -63.591     0.181
   -63.491     0.182
   -63.392     0.185
   -63.292     0.188
   -63.193     0.195
   -63.093     0.198
   -62.993     0.200
   -62.894     0.200
   -62.794     0.199
   -62.695     0.201
   -62.595     0.199
   -62.495     0.196
   -62.396     0.188
   -62.296     0.185
   -62.196     0.183
   -62.097     0.182
   -61.997     0.183
   -61.898     0.185
   -61.798     0.187
   -61.698     0.186
   -61.599     0.188
   -61.499     0.189
   -61.400     0.190
   -61.300     0.189
   -61.200     0.189
   -61.101     0.194
   -61.001     0.197
   -60.901     0.198
   -60.802     0.197
   -60.702     0.198
   -60.603     0.195
   -60.503     0.192
   -60.404     0.186
   -60.304     0.183
   -60.204     0.182
   -60.105     0.182
   -60.005     0.184
   -59.905     0.184
   -59.806     0.186
   -59.706     0.187
   -59.607     0.187
   -59.507     0.185
   -59.407     0.187
   -59.308     0.187
   -59.208     0.186
   -59.109     0.188
   -59.009     0.188
   -58.909     0.187
   -58.810     0.187
   -58.710     0.187
   -58.610     0.186
   -58.511     0.187
   -58.411     0.185
   -58.312     0.184
   -58.212     0.184
   -58.113     0.185
   -58.013     0.185
   -57.913     0.187
   -57.814     0.187
   -57.714     0.188
   -57.614     0.188
   -57.515     0.186
   -57.415     0.185
   -57.316     0.184
   -57.216     0.183
   -57.116     0.183
   -57.017     0.183
   -56.917     0.184
   -56.818     0.184
   -56.718     0.186
   -56.618     0.188
   -56.519     0.194
   -56.419     0.200
   -56.320     0.201
   -56.220     0.200
   -56.120     0.201
   -56.021     0.199
   -55.921     0.198
   -55.821     0.196
   -55.722     0.188
   -55.622     0.184
   -55.523     0.185
   -55.423     0.185
   -55.323     0.185
   -55.224     0.185
   -55.124     0.185
   -55.025     0.186
   -54.925     0.188
   -54.825     0.190
   -54.726     0.193
   -54.626     0.198
   -54.526     0.201
   -54.427     0.201
   -54.327     0.201
   -54.228     0.201
   -54.128     0.199
   -54.029     0.199
   -53.929     0.196
   -53.829     0.188
   -53.730     0.186
   -53.630     0.185
   -53.530     0.184
   -53.431     0.183
   -53.331     0.183
   -53.232     0.185
   -53.132     0.185
   -53.032     0.186
   -52.933     0.186
   -52.833     0.188
   -52.734     0.188
   -52.634     0.189
   -52.534     0.192
   -52.435     0.199
   -52.335     0.200
   -52.235     0.201
   -52.136     0.201
   -52.036     0.200
   -51.937     0.200
   -51.837     0.197
   -51.738     0.198
   -51.638     0.192
   -51.538     0.187
   -51.439     0.184
   -51.339     0.184
   -51.239     0.186
   -51.140     0.184
   -51.040     0.185
   -50.941     0.185
   -50.841     0.186
   -50.741     0.186
   -50.642     0.186
   -50.542     0.185
   -50.443     0.184
   -50.343     0.186
   -50.243     0.188
   -50.144     0.189
   -50.044     0.190
   -49.945     0.197
   -49.845     0.201
   -49.745     0.201
   -49.646     0.203
   -49.546     0.202
   -49.446     0.201
   -49.347     0.201
   -49.247     0.197
   -49.148     0.192
   -49.048     0.187
   -48.948     0.185
   -48.849     0.185
   -48.749     0.186
   -48.650     0.187
   -48.550     0.187
   -48.450     0.189
   -48.351     0.191
   -48.251     0.197
   -48.151     0.201
   -48.052     0.202
   -47.952     0.201
   -47.853     0.201
   -47.753     0.199
   -47.654     0.196
   -47.554     0.190
   -47.454     0.187
   -47.355     0.186
   -47.255     0.185
   -47.155     0.187
   -47.056     0.186
   -46.956     0.185
   -46.857     0.187
   -46.757     0.188
   -46.657     0.187
   -46.558     0.188
   -46.458     0.188
   -46.359     0.186
   -46.259     0.185
   -46.159     0.186
   -46.060     0.186
   -45.960     0.187
   -45.860     0.188
   -45.761     0.188
   -45.661     0.188
   -45.562     0.188
   -45.462     0.189
   -45.363     0.189
   -45.263     0.186
   -45.163     0.185
   -45.064     0.186
   -44.964     0.186
   -44.864     0.188
   -44.765     0.188
   -44.665     0.190
   -44.566     0.194
   -44.466     0.200
   -44.366     0.203
   -44.267     0.204
   -44.167     0.202
   -44.068     0.202
   -43.968     0.200
   -43.868     0.198
   -43.769     0.190
   -43.669     0.187
   -43.570     0.188
   -43.470     0.187
   -43.370     0.188
   -43.271     0.188
   -43.171     0.189
   -43.071     0.191
   -42.972     0.195
   -42.872     0.201
   -42.773     0.203
   -42.673     0.204
   -42.573     0.203
   -42.474     0.200
   -42.374     0.196
   -42.275     0.189
   -42.175     0.187
   -42.075     0.188
   -41.976     0.186
   -41.876     0.188
   -41.776     0.190
   -41.677     0.190
   -41.577     0.192
   -41.478     0.196
   -41.378     0.201
   -41.279     0.203
   -41.179     0.205
   -41.079     0.205
   -40.980     0.203
   -40.880     0.202
   -40.780     0.199
   -40.681     0.193
   -40.581     0.188
   -40.482     0.187
   -40.382     0.188
   -40.282     0.186
   -40.183     0.186
   -40.083     0.187
   -39.984     0.186
   -39.884     0.189
   -39.784     0.191
   -39.685     0.196
   -39.585     0.200
   -39.485     0.203
   -39.386     0.204
   -39.286     0.204
   -39.187     0.205
   -39.087     0.205
   -38.988     0.205
   -38.888     0.202
   -38.788     0.198
   -38.689     0.190
   -38.589     0.189
   -38.489     0.188
   -38.390     0.188
   -38.290     0.187
   -38.191     0.188
   -38.091     0.190
   -37.991     0.190
   -37.892     0.190
   -37.792     0.190
   -37.693     0.190
   -37.593     0.189
   -37.493     0.190
   -37.394     0.189
   -37.294     0.189
   -37.195     0.188
   -37.095     0.188
   -36.995     0.189
   -36.896     0.187
   -36.796     0.186
   -36.696     0.187
   -36.597     0.188
   -36.497     0.189
   -36.398     0.192
   -36.298     0.195
   -36.198     0.202
   -36.099     0.204
   -35.999     0.202
   -35.900     0.202
   -35.800     0.202
   -35.700     0.200
   -35.601     0.198
   -35.501     0.193
   -35.401     0.191
   -35.302     0.189
   -35.202     0.189
   -35.103     0.188
   -35.003     0.189
   -34.904     0.189
   -34.804     0.191
   -34.704     0.191
   -34.605     0.195
   -34.505     0.199
   -34.405     0.204
   -34.306     0.205
   -34.206     0.207
   -34.107     0.204
   -34.007     0.202
   -33.907     0.201
   -33.808     0.195
   -33.708     0.190
   -33.609     0.189
   -33.509     0.188
   -33.409     0.190
   -33.310     0.190
   -33.210     0.190
   -33.110     0.190
   -33.011     0.192
   -32.911     0.192
   -32.812     0.190
   -32.712     0.192
   -32.613     0.192
   -32.513     0.194
   -32.413     0.195
   -32.314     0.197
   -32.214     0.202
   -32.114     0.204
   -32.015     0.205
   -31.915     0.207
   -31.816     0.206
   -31.716     0.207
   -31.616     0.204
   -31.517     0.202
   -31.417     0.200
   -31.318     0.192
   -31.218     0.190
   -31.118     0.189
   -31.019     0.190
   -30.919     0.191
   -30.820     0.192
   -30.720     0.192
   -30.620     0.191
   -30.521     0.192
   -30.421     0.192
   -30.321     0.192
   -30.222     0.193
   -30.122     0.189
   -30.023     0.190
   -29.923     0.191
   -29.823     0.188
   -29.724     0.188
   -29.624     0.189
   -29.525     0.190
   -29.425     0.190
   -29.325     0.190
   -29.226     0.191
   -29.126     0.190
   -29.026     0.190
   -28.927     0.190
   -28.827     0.190
   -28.728     0.190
   -28.628     0.190
   -28.529     0.191
   -28.429     0.188
   -28.329     0.188
   -28.230     0.189
   -28.130     0.191
   -28.030     0.191
   -27.931     0.193
   -27.831     0.196
   -27.732     0.203
   -27.632     0.205
   -27.532     0.207
   -27.433     0.207
   -27.333     0.207
   -27.234     0.206
   -27.134     0.203
   -27.034     0.200
   -26.935     0.193
   -26.835     0.192
   -26.735     0.191
   -26.636     0.190
   -26.536     0.189
   -26.437     0.191
   -26.337     0.191
   -26.238     0.193
   -26.138     0.195
   -26.038     0.197
   -25.939     0.202
   -25.839     0.205
   -25.739     0.206
   -25.640     0.205
   -25.540     0.205
   -25.441     0.205
   -25.341     0.200
   -25.241     0.193
   -25.142     0.191
   -25.042     0.190
   -24.943     0.190
   -24.843     0.190
   -24.743     0.190
   -24.644     0.191
   -24.544     0.191
   -24.445     0.192
   -24.345     0.191
   -24.245     0.191
   -24.146     0.190
   -24.046     0.191
   -23.946     0.191
   -23.847     0.192
   -23.747     0.193
   -23.648     0.193
   -23.548     0.194
   -23.448     0.197
   -23.349     0.204
   -23.249     0.205
   -23.150     0.208
   -23.050     0.208
   -22.950     0.208
   -22.851     0.206
   -22.751     0.207
   -22.651     0.205
   -22.552     0.203
   -22.452     0.196
   -22.353     0.193
   -22.253     0.192
   -22.154     0.190
   -22.054     0.190
   -21.954     0.190
   -21.855     0.190
   -21.755     0.193
   -21.655     0.194
   -21.556     0.196
   -21.456     0.201
   -21.357     0.205
   -21.257     0.207
   -21.157     0.207
   -21.058     0.206
   -20.958     0.208
   -20.859     0.205
   -20.759     0.206
   -20.659     0.206
   -20.560     0.203
   -20.460     0.201
   -20.360     0.194
   -20.261     0.192
   -20.161     0.191
   -20.062     0.191
   -19.962     0.191
   -19.863     0.192
   -19.763     0.193
   -19.663     0.194
   -19.564     0.194
   -19.464     0.197
   -19.364     0.197
   -19.265     0.201
   -19.165     0.206
   -19.066     0.207
   -18.966     0.205
   -18.866     0.206
   -18.767     0.205
   -18.667     0.203
   -18.568     0.201
   -18.468     0.194
   -18.368     0.192
   -18.269     0.191
   -18.169     0.190
   -18.070     0.190
   -17.970     0.190
   -17.870     0.191
   -17.771     0.194
   -17.671     0.198
   -17.571     0.203
   -17.472     0.207
   -17.372     0.206
   -17.273     0.207
   -17.173     0.207
   -17.073     0.204
   -16.974     0.204
   -16.874     0.200
   -16.775     0.193
   -16.675     0.192
   -16.575     0.191
   -16.476     0.191
   -16.376     0.190
   -16.276     0.191
   -16.177     0.191
   -16.077     0.191
   -15.978     0.191
   -15.878     0.192
   -15.779     0.195
   -15.679     0.194
   -15.579     0.197
   -15.480     0.202
   -15.380     0.206
   -15.280     0.206
   -15.181     0.208
   -15.081     0.208
   -14.982     0.208
   -14.882     0.207
   -14.782     0.205
   -14.683     0.199
   -14.583     0.194
   -14.484     0.192
   -14.384     0.191
   -14.284     0.190
   -14.185     0.192
   -14.085     0.193
   -13.985     0.194
   -13.886     0.195
   -13.786     0.197
   -13.687     0.197
   -13.587     0.198
   -13.488     0.199
   -13.388     0.205
   -13.288     0.206
   -13.189     0.209
   -13.089     0.208
   -12.989     0.207
   -12.890     0.208
   -12.790     0.208
   -12.691     0.206
   -12.591     0.205
   -12.491     0.200
   -12.392     0.195
   -12.292     0.193
   -12.193     0.193
   -12.093     0.193
   -11.993     0.192
   -11.894     0.193
   -11.794     0.193
   -11.695     0.194
   -11.595     0.193
   -11.495     0.194
   -11.396     0.195
   -11.296     0.192
   -11.196     0.191
   -11.097     0.191
   -10.997     0.191
   -10.898     0.194
   -10.798     0.196
   -10.698     0.197
   -10.599     0.200
   -10.499     0.207
   -10.400     0.209
   -10.300     0.209
   -10.200     0.209
   -10.101     0.210
   -10.001     0.210
    -9.901     0.210
    -9.802     0.209
    -9.702     0.207
    -9.603     0.203
    -9.503     0.197
    -9.404     0.193
    -9.304     0.194
    -9.204     0.194
    -9.105     0.193
    -9.005     0.193
    -8.905     0.194
    -8.806     0.193
    -8.706     0.193
    -8.607     0.193
    -8.507     0.193
    -8.407     0.194
    -8.308     0.197
    -8.208     0.197
    -8.109     0.201
    -8.009     0.208
    -7.909     0.211
    -7.810     0.211
    -7.710     0.212
    -7.610     0.212
    -7.511     0.210
    -7.411     0.210
    -7.312     0.206
    -7.212     0.199
    -7.113     0.196
    -7.013     0.195
    -6.913     0.195
    -6.814     0.194
    -6.714     0.194
    -6.614     0.194
    -6.515     0.195
    -6.415     0.196
    -6.316     0.197
    -6.216     0.200
    -6.116     0.204
    -6.017     0.209
    -5.917     0.209
    -5.818     0.211
    -5.718     0.210
    -5.618     0.211
    -5.519     0.209
    -5.419     0.208
    -5.320     0.205
    -5.220     0.198
    -5.120     0.196
    -5.021     0.194
    -4.921     0.193
    -4.821     0.194
    -4.722     0.194
    -4.622     0.195
    -4.523     0.196
    -4.423     0.196
    -4.323     0.195
    -4.224     0.195
    -4.124     0.195
    -4.025     0.195
    -3.925     0.196
    -3.825     0.197
    -3.726     0.198
    -3.626     0.199
    -3.526     0.202
    -3.427     0.206
    -3.327     0.210
    -3.228     0.211
    -3.128     0.211
    -3.029     0.210
    -2.929     0.210
    -2.829     0.209
    -2.730     0.207
    -2.630     0.201
    -2.530     0.195
    -2.431     0.194
    -2.331     0.194
    -2.232     0.195
    -2.132     0.196
    -2.032     0.196
    -1.933     0.197
    -1.833     0.198
    -1.734     0.197
    -1.634     0.199
    -1.534     0.198
    -1.435     0.200
    -1.335     0.200
    -1.235     0.201
    -1.136     0.200
    -1.036     0.201
    -0.937     0.199
    -0.837     0.196
    -0.738     0.195
    -0.638     0.195
    -0.538     0.195
    -0.439     0.195
    -0.339     0.196
    -0.239     0.196
    -0.140     0.197
    -0.040     0.199
