# tToFail   Slip
 -1415.450     0.000
 -1415.350     0.001
 -1415.250     0.001
 -1415.151     0.002
 -1415.051     0.004
 -1414.951     0.006
 -1414.852     0.008
 -1414.752     0.015
 -1414.653     0.016
 -1414.553     0.017
 -1414.453     0.017
 -1414.354     0.015
 -1414.254     0.016
 -1414.155     0.015
 -1414.055     0.013
 -1413.955     0.012
 -1413.856     0.007
 -1413.756     0.003
 -1413.657     0.002
 -1413.557     0.001
 -1413.457     0.002
 -1413.358     0.001
 -1413.258     0.002
 -1413.158     0.003
 -1413.059     0.003
 -1412.959     0.005
 -1412.860     0.004
 -1412.760     0.005
 -1412.660     0.005
 -1412.561     0.005
 -1412.461     0.003
 -1412.362     0.003
 -1412.262     0.003
 -1412.162     0.003
 -1412.063     0.004
 -1411.963     0.005
 -1411.864     0.004
 -1411.764     0.005
 -1411.664     0.005
 -1411.565     0.007
 -1411.465     0.007
 -1411.365     0.005
 -1411.266     0.005
 -1411.166     0.004
 -1411.067     0.002
 -1410.967     0.002
 -1410.867     0.002
 -1410.768     0.002
 -1410.668     0.002
 -1410.569     0.003
 -1410.469     0.004
 -1410.369     0.004
 -1410.270     0.004
 -1410.170     0.004
 -1410.070     0.003
 -1409.971     0.003
 -1409.871     0.002
 -1409.772     0.003
 -1409.672     0.003
 -1409.573     0.004
 -1409.473     0.004
 -1409.373     0.004
 -1409.274     0.004
 -1409.174     0.005
 -1409.075     0.005
 -1408.975     0.005
 -1408.875     0.006
 -1408.776     0.004
 -1408.676     0.003
 -1408.576     0.003
 -1408.477     0.002
 -1408.377     0.002
 -1408.278     0.003
 -1408.178     0.002
 -1408.078     0.003
 -1407.979     0.003
 -1407.879     0.003
 -1407.780     0.002
 -1407.680     0.004
 -1407.580     0.003
 -1407.481     0.005
 -1407.381     0.005
 -1407.282     0.004
 -1407.182     0.005
 -1407.082     0.006
 -1406.983     0.006
 -1406.883     0.006
 -1406.783     0.008
 -1406.684     0.007
 -1406.584     0.006
 -1406.485     0.006
 -1406.385     0.005
 -1406.285     0.005
 -1406.186     0.004
 -1406.086     0.002
 -1405.987     0.003
 -1405.887     0.003
 -1405.787     0.004
 -1405.688     0.005
 -1405.588     0.005
 -1405.489     0.004
 -1405.389     0.003
 -1405.289     0.003
 -1405.190     0.004
 -1405.090     0.003
 -1404.990     0.003
 -1404.891     0.005
 -1404.791     0.006
 -1404.692     0.007
 -1404.592     0.006
 -1404.492     0.007
 -1404.393     0.007
 -1404.293     0.008
 -1404.194     0.008
 -1404.094     0.009
 -1403.994     0.011
 -1403.895     0.015
 -1403.795     0.016
 -1403.695     0.018
 -1403.596     0.017
 -1403.496     0.016
 -1403.397     0.015
 -1403.297     0.012
 -1403.198     0.009
 -1403.098     0.004
 -1402.998     0.003
 -1402.899     0.002
 -1402.799     0.000
 -1402.700     0.003
 -1402.600     0.004
 -1402.500     0.005
 -1402.401     0.007
 -1402.301     0.009
 -1402.201     0.016
 -1402.102     0.016
 -1402.002     0.018
 -1401.903     0.018
 -1401.803     0.018
 -1401.703     0.018
 -1401.604     0.016
 -1401.504     0.014
 -1401.405     0.011
 -1401.305     0.005
 -1401.205     0.003
 -1401.106     0.002
 -1401.006     0.003
 -1400.907     0.001
 -1400.807     0.003
 -1400.707     0.003
 -1400.608     0.002
 -1400.508     0.003
 -1400.408     0.004
 -1400.309     0.003
 -1400.209     0.001
 -1400.110     0.003
 -1400.010     0.004
 -1399.910     0.005
 -1399.811     0.006
 -1399.711     0.007
 -1399.612     0.008
 -1399.512     0.009
 -1399.412     0.013
 -1399.313     0.017
 -1399.213     0.017
 -1399.114     0.019
 -1399.014     0.019
 -1398.914     0.016
 -1398.815     0.016
 -1398.715     0.011
 -1398.615     0.005
 -1398.516     0.004
 -1398.416     0.001
 -1398.317     0.002
 -1398.217     0.002
 -1398.117     0.003
 -1398.018     0.003
 -1397.918     0.002
 -1397.819     0.002
 -1397.719     0.003
 -1397.619     0.003
 -1397.520     0.002
 -1397.420     0.005
 -1397.320     0.005
 -1397.221     0.004
 -1397.121     0.005
 -1397.022     0.003
 -1396.922     0.003
 -1396.823     0.002
 -1396.723     0.003
 -1396.623     0.003
 -1396.524     0.003
 -1396.424     0.003
 -1396.325     0.002
 -1396.225     0.002
 -1396.125     0.003
 -1396.026     0.004
 -1395.926     0.004
 -1395.826     0.004
 -1395.727     0.004
 -1395.627     0.006
 -1395.528     0.005
 -1395.428     0.006
 -1395.328     0.006
 -1395.229     0.006
 -1395.129     0.007
 -1395.030     0.007
 -1394.930     0.008
 -1394.830     0.009
 -1394.731     0.008
 -1394.631     0.009
 -1394.532     0.009
 -1394.432     0.008
 -1394.332     0.008
 -1394.233     0.007
 -1394.133     0.004
 -1394.033     0.003
 -1393.934     0.004
 -1393.834     0.002
 -1393.735     0.002
 -1393.635     0.002
 -1393.535     0.003
 -1393.436     0.002
 -1393.336     0.004
 -1393.237     0.005
 -1393.137     0.006
 -1393.037     0.006
 -1392.938     0.005
 -1392.838     0.006
 -1392.739     0.005
 -1392.639     0.005
 -1392.539     0.006
 -1392.440     0.004
 -1392.340     0.002
 -1392.240     0.004
 -1392.141     0.005
 -1392.041     0.003
 -1391.942     0.003
 -1391.842     0.003
 -1391.742     0.003
 -1391.643     0.002
 -1391.543     0.002
 -1391.444     0.002
 -1391.344     0.003
 -1391.244     0.002
 -1391.145     0.002
 -1391.045     0.003
 -1390.945     0.003
 -1390.846     0.003
 -1390.746     0.003
 -1390.647     0.003
 -1390.547     0.003
 -1390.448     0.003
 -1390.348     0.004
 -1390.248     0.004
 -1390.149     0.005
 -1390.049     0.005
 -1389.950     0.007
 -1389.850     0.007
 -1389.750     0.008
 -1389.651     0.008
 -1389.551     0.009
 -1389.451     0.014
 -1389.352     0.017
 -1389.252     0.016
 -1389.153     0.017
 -1389.053     0.016
 -1388.953     0.014
 -1388.854     0.014
 -1388.754     0.012
 -1388.655     0.005
 -1388.555     0.004
 -1388.455     0.002
 -1388.356     0.002
 -1388.256     0.002
 -1388.157     0.003
 -1388.057     0.004
 -1387.957     0.005
 -1387.858     0.007
 -1387.758     0.008
 -1387.658     0.009
 -1387.559     0.014
 -1387.459     0.016
 -1387.360     0.016
 -1387.260     0.016
 -1387.160     0.016
 -1387.061     0.016
 -1386.961     0.015
 -1386.862     0.015
 -1386.762     0.014
 -1386.662     0.015
 -1386.563     0.011
 -1386.463     0.007
 -1386.364     0.003
 -1386.264     0.002
 -1386.164     0.002
 -1386.065     0.001
 -1385.965     0.002
 -1385.865     0.002
 -1385.766     0.003
 -1385.666     0.003
 -1385.567     0.003
 -1385.467     0.003
 -1385.367     0.003
 -1385.268     0.002
 -1385.168     0.003
 -1385.069     0.003
 -1384.969     0.004
 -1384.869     0.004
 -1384.770     0.004
 -1384.670     0.002
 -1384.570     0.003
 -1384.471     0.002
 -1384.371     0.003
 -1384.272     0.003
 -1384.172     0.003
 -1384.073     0.004
 -1383.973     0.004
 -1383.873     0.003
 -1383.774     0.004
 -1383.674     0.004
 -1383.575     0.005
 -1383.475     0.005
 -1383.375     0.007
 -1383.276     0.008
 -1383.176     0.009
 -1383.076     0.011
 -1382.977     0.016
 -1382.877     0.017
 -1382.778     0.018
 -1382.678     0.018
 -1382.578     0.017
 -1382.479     0.015
 -1382.379     0.014
 -1382.280     0.007
 -1382.180     0.004
 -1382.080     0.004
 -1381.981     0.003
 -1381.881     0.004
 -1381.782     0.003
 -1381.682     0.003
 -1381.582     0.004
 -1381.483     0.004
 -1381.383     0.007
 -1381.283     0.008
 -1381.184     0.011
 -1381.084     0.014
 -1380.985     0.018
 -1380.885     0.020
 -1380.785     0.020
 -1380.686     0.018
 -1380.586     0.017
 -1380.487     0.015
 -1380.387     0.014
 -1380.287     0.008
 -1380.188     0.004
 -1380.088     0.003
 -1379.989     0.003
 -1379.889     0.004
 -1379.789     0.003
 -1379.690     0.006
 -1379.590     0.007
 -1379.490     0.008
 -1379.391     0.009
 -1379.291     0.012
 -1379.192     0.016
 -1379.092     0.018
 -1378.992     0.018
 -1378.893     0.017
 -1378.793     0.017
 -1378.694     0.017
 -1378.594     0.017
 -1378.494     0.017
 -1378.395     0.016
 -1378.295     0.012
 -1378.195     0.007
 -1378.096     0.004
 -1377.996     0.002
 -1377.897     0.002
 -1377.797     0.003
 -1377.698     0.003
 -1377.598     0.003
 -1377.498     0.003
 -1377.399     0.004
 -1377.299     0.003
 -1377.200     0.003
 -1377.100     0.003
 -1377.000     0.003
 -1376.901     0.004
 -1376.801     0.003
 -1376.701     0.003
 -1376.602     0.005
 -1376.502     0.006
 -1376.403     0.005
 -1376.303     0.005
 -1376.203     0.004
 -1376.104     0.004
 -1376.004     0.004
 -1375.905     0.004
 -1375.805     0.003
 -1375.705     0.003
 -1375.606     0.004
 -1375.506     0.004
 -1375.407     0.006
 -1375.307     0.005
 -1375.207     0.007
 -1375.108     0.005
 -1375.008     0.006
 -1374.908     0.006
 -1374.809     0.007
 -1374.709     0.006
 -1374.610     0.005
 -1374.510     0.006
 -1374.410     0.004
 -1374.311     0.004
 -1374.211     0.005
 -1374.112     0.005
 -1374.012     0.005
 -1373.912     0.005
 -1373.813     0.006
 -1373.713     0.004
 -1373.614     0.004
 -1373.514     0.005
 -1373.414     0.004
 -1373.315     0.004
 -1373.215     0.005
 -1373.115     0.005
 -1373.016     0.005
 -1372.916     0.004
 -1372.817     0.003
 -1372.717     0.002
 -1372.617     0.004
 -1372.518     0.005
 -1372.418     0.006
 -1372.319     0.006
 -1372.219     0.006
 -1372.119     0.008
 -1372.020     0.008
 -1371.920     0.009
 -1371.820     0.009
 -1371.721     0.009
 -1371.621     0.010
 -1371.522     0.010
 -1371.422     0.013
 -1371.323     0.016
 -1371.223     0.017
 -1371.123     0.017
 -1371.024     0.017
 -1370.924     0.016
 -1370.825     0.014
 -1370.725     0.011
 -1370.625     0.004
 -1370.526     0.002
 -1370.426     0.002
 -1370.326     0.004
 -1370.227     0.004
 -1370.127     0.003
 -1370.028     0.006
 -1369.928     0.005
 -1369.828     0.006
 -1369.729     0.007
 -1369.629     0.008
 -1369.530     0.008
 -1369.430     0.008
 -1369.330     0.010
 -1369.231     0.010
 -1369.131     0.012
 -1369.032     0.015
 -1368.932     0.017
 -1368.832     0.017
 -1368.733     0.018
 -1368.633     0.015
 -1368.533     0.014
 -1368.434     0.012
 -1368.334     0.008
 -1368.235     0.005
 -1368.135     0.003
 -1368.035     0.002
 -1367.936     0.003
 -1367.836     0.004
 -1367.737     0.002
 -1367.637     0.003
 -1367.537     0.003
 -1367.438     0.004
 -1367.338     0.004
 -1367.239     0.004
 -1367.139     0.005
 -1367.039     0.006
 -1366.940     0.007
 -1366.840     0.008
 -1366.740     0.008
 -1366.641     0.008
 -1366.541     0.009
 -1366.442     0.009
 -1366.342     0.013
 -1366.242     0.015
 -1366.143     0.017
 -1366.043     0.018
 -1365.944     0.017
 -1365.844     0.017
 -1365.744     0.014
 -1365.645     0.012
 -1365.545     0.007
 -1365.445     0.004
 -1365.346     0.003
 -1365.246     0.002
 -1365.147     0.003
 -1365.047     0.003
 -1364.948     0.002
 -1364.848     0.003
 -1364.748     0.004
 -1364.649     0.003
 -1364.549     0.003
 -1364.450     0.002
 -1364.350     0.003
 -1364.250     0.004
 -1364.151     0.004
 -1364.051     0.005
 -1363.951     0.005
 -1363.852     0.007
 -1363.752     0.010
 -1363.653     0.017
 -1363.553     0.018
 -1363.453     0.018
 -1363.354     0.018
 -1363.254     0.019
 -1363.155     0.018
 -1363.055     0.016
 -1362.955     0.014
 -1362.856     0.009
 -1362.756     0.003
 -1362.657     0.003
 -1362.557     0.003
 -1362.457     0.002
 -1362.358     0.004
 -1362.258     0.004
 -1362.158     0.003
 -1362.059     0.004
 -1361.959     0.003
 -1361.860     0.005
 -1361.760     0.005
 -1361.660     0.006
 -1361.561     0.005
 -1361.461     0.005
 -1361.362     0.004
 -1361.262     0.003
 -1361.162     0.004
 -1361.063     0.004
 -1360.963     0.004
 -1360.864     0.004
 -1360.764     0.005
 -1360.664     0.005
 -1360.565     0.005
 -1360.465     0.004
 -1360.365     0.005
 -1360.266     0.005
 -1360.166     0.004
 -1360.067     0.004
 -1359.967     0.005
 -1359.867     0.005
 -1359.768     0.006
 -1359.668     0.007
 -1359.569     0.007
 -1359.469     0.008
 -1359.369     0.007
 -1359.270     0.007
 -1359.170     0.007
 -1359.070     0.008
 -1358.971     0.007
 -1358.871     0.007
 -1358.772     0.008
 -1358.672     0.006
 -1358.573     0.005
 -1358.473     0.005
 -1358.373     0.005
 -1358.274     0.005
 -1358.174     0.004
 -1358.075     0.005
 -1357.975     0.005
 -1357.875     0.006
 -1357.776     0.007
 -1357.676     0.007
 -1357.576     0.006
 -1357.477     0.006
 -1357.377     0.007
 -1357.278     0.006
 -1357.178     0.006
 -1357.078     0.005
 -1356.979     0.004
 -1356.879     0.004
 -1356.780     0.003
 -1356.680     0.005
 -1356.580     0.004
 -1356.481     0.004
 -1356.381     0.004
 -1356.282     0.005
 -1356.182     0.004
 -1356.082     0.005
 -1355.983     0.006
 -1355.883     0.006
 -1355.783     0.007
 -1355.684     0.006
 -1355.584     0.006
 -1355.485     0.005
 -1355.385     0.006
 -1355.285     0.006
 -1355.186     0.005
 -1355.086     0.004
 -1354.987     0.004
 -1354.887     0.005
 -1354.787     0.004
 -1354.688     0.005
 -1354.588     0.005
 -1354.489     0.005
 -1354.389     0.003
 -1354.289     0.004
 -1354.190     0.005
 -1354.090     0.005
 -1353.990     0.005
 -1353.891     0.005
 -1353.791     0.005
 -1353.692     0.005
 -1353.592     0.004
 -1353.492     0.003
 -1353.393     0.006
 -1353.293     0.006
 -1353.194     0.006
 -1353.094     0.004
 -1352.994     0.004
 -1352.895     0.004
 -1352.795     0.006
 -1352.695     0.006
 -1352.596     0.007
 -1352.496     0.007
 -1352.397     0.007
 -1352.297     0.009
 -1352.198     0.008
 -1352.098     0.007
 -1351.998     0.006
 -1351.899     0.005
 -1351.799     0.004
 -1351.700     0.005
 -1351.600     0.006
 -1351.500     0.006
 -1351.401     0.007
 -1351.301     0.008
 -1351.201     0.005
 -1351.102     0.005
 -1351.002     0.006
 -1350.903     0.005
 -1350.803     0.005
 -1350.703     0.005
 -1350.604     0.004
 -1350.504     0.006
 -1350.405     0.005
 -1350.305     0.006
 -1350.205     0.006
 -1350.106     0.004
 -1350.006     0.005
 -1349.907     0.005
 -1349.807     0.005
 -1349.707     0.005
 -1349.608     0.006
 -1349.508     0.007
 -1349.408     0.007
 -1349.309     0.006
 -1349.209     0.006
 -1349.110     0.005
 -1349.010     0.004
 -1348.910     0.005
 -1348.811     0.005
 -1348.711     0.005
 -1348.612     0.006
 -1348.512     0.007
 -1348.412     0.009
 -1348.313     0.007
 -1348.213     0.009
 -1348.114     0.012
 -1348.014     0.015
 -1347.914     0.019
 -1347.815     0.019
 -1347.715     0.018
 -1347.615     0.018
 -1347.516     0.016
 -1347.416     0.014
 -1347.317     0.011
 -1347.217     0.006
 -1347.117     0.005
 -1347.018     0.005
 -1346.918     0.006
 -1346.819     0.005
 -1346.719     0.004
 -1346.619     0.005
 -1346.520     0.003
 -1346.420     0.004
 -1346.320     0.005
 -1346.221     0.004
 -1346.121     0.004
 -1346.022     0.003
 -1345.922     0.004
 -1345.823     0.004
 -1345.723     0.004
 -1345.623     0.003
 -1345.524     0.005
 -1345.424     0.005
 -1345.325     0.006
 -1345.225     0.007
 -1345.125     0.008
 -1345.026     0.009
 -1344.926     0.009
 -1344.826     0.012
 -1344.727     0.016
 -1344.627     0.017
 -1344.528     0.019
 -1344.428     0.020
 -1344.328     0.018
 -1344.229     0.016
 -1344.129     0.014
 -1344.030     0.007
 -1343.930     0.005
 -1343.830     0.004
 -1343.731     0.005
 -1343.631     0.004
 -1343.532     0.004
 -1343.432     0.004
 -1343.332     0.005
 -1343.233     0.005
 -1343.133     0.005
 -1343.033     0.004
 -1342.934     0.005
 -1342.834     0.007
 -1342.735     0.007
 -1342.635     0.008
 -1342.535     0.009
 -1342.436     0.010
 -1342.336     0.011
 -1342.237     0.017
 -1342.137     0.018
 -1342.037     0.018
 -1341.938     0.018
 -1341.838     0.017
 -1341.739     0.015
 -1341.639     0.012
 -1341.539     0.007
 -1341.440     0.005
 -1341.340     0.004
 -1341.240     0.005
 -1341.141     0.004
 -1341.041     0.005
 -1340.942     0.005
 -1340.842     0.005
 -1340.742     0.005
 -1340.643     0.006
 -1340.543     0.005
 -1340.444     0.005
 -1340.344     0.005
 -1340.244     0.005
 -1340.145     0.003
 -1340.045     0.004
 -1339.945     0.006
 -1339.846     0.005
 -1339.746     0.005
 -1339.647     0.005
 -1339.547     0.004
 -1339.448     0.005
 -1339.348     0.006
 -1339.248     0.007
 -1339.149     0.008
 -1339.049     0.008
 -1338.950     0.009
 -1338.850     0.009
 -1338.750     0.010
 -1338.651     0.010
 -1338.551     0.012
 -1338.451     0.016
 -1338.352     0.019
 -1338.252     0.019
 -1338.153     0.019
 -1338.053     0.019
 -1337.953     0.016
 -1337.854     0.015
 -1337.754     0.013
 -1337.655     0.009
 -1337.555     0.005
 -1337.455     0.005
 -1337.356     0.005
 -1337.256     0.004
 -1337.157     0.003
 -1337.057     0.006
 -1336.957     0.006
 -1336.858     0.005
 -1336.758     0.006
 -1336.658     0.007
 -1336.559     0.008
 -1336.459     0.009
 -1336.360     0.009
 -1336.260     0.010
 -1336.160     0.011
 -1336.061     0.016
 -1335.961     0.017
 -1335.862     0.019
 -1335.762     0.018
 -1335.662     0.019
 -1335.563     0.018
 -1335.463     0.018
 -1335.364     0.016
 -1335.264     0.014
 -1335.164     0.008
 -1335.065     0.004
 -1334.965     0.003
 -1334.865     0.004
 -1334.766     0.006
 -1334.666     0.006
 -1334.567     0.005
 -1334.467     0.005
 -1334.367     0.007
 -1334.268     0.005
 -1334.168     0.005
 -1334.069     0.005
 -1333.969     0.006
 -1333.869     0.004
 -1333.770     0.005
 -1333.670     0.005
 -1333.570     0.007
 -1333.471     0.006
 -1333.371     0.007
 -1333.272     0.005
 -1333.172     0.006
 -1333.073     0.009
 -1332.973     0.006
 -1332.873     0.007
 -1332.774     0.006
 -1332.674     0.005
 -1332.575     0.005
 -1332.475     0.004
 -1332.375     0.005
 -1332.276     0.007
 -1332.176     0.009
 -1332.076     0.009
 -1331.977     0.011
 -1331.877     0.017
 -1331.778     0.019
 -1331.678     0.020
 -1331.578     0.019
 -1331.479     0.019
 -1331.379     0.018
 -1331.280     0.017
 -1331.180     0.016
 -1331.080     0.011
 -1330.981     0.006
 -1330.881     0.006
 -1330.782     0.004
 -1330.682     0.007
 -1330.582     0.005
 -1330.483     0.006
 -1330.383     0.007
 -1330.283     0.009
 -1330.184     0.008
 -1330.084     0.013
 -1329.985     0.016
 -1329.885     0.017
 -1329.785     0.018
 -1329.686     0.019
 -1329.586     0.019
 -1329.487     0.018
 -1329.387     0.017
 -1329.287     0.016
 -1329.188     0.015
 -1329.088     0.012
 -1328.989     0.006
 -1328.889     0.004
 -1328.789     0.005
 -1328.690     0.005
 -1328.590     0.004
 -1328.490     0.005
 -1328.391     0.003
 -1328.291     0.005
 -1328.192     0.003
 -1328.092     0.003
 -1327.992     0.005
 -1327.893     0.004
 -1327.793     0.006
 -1327.694     0.007
 -1327.594     0.008
 -1327.494     0.008
 -1327.395     0.008
 -1327.295     0.010
 -1327.195     0.010
 -1327.096     0.011
 -1326.996     0.013
 -1326.897     0.017
 -1326.797     0.017
 -1326.698     0.019
 -1326.598     0.018
 -1326.498     0.017
 -1326.399     0.015
 -1326.299     0.014
 -1326.200     0.010
 -1326.100     0.006
 -1326.000     0.004
 -1325.901     0.003
 -1325.801     0.005
 -1325.701     0.006
 -1325.602     0.006
 -1325.502     0.007
 -1325.403     0.006
 -1325.303     0.008
 -1325.203     0.009
 -1325.104     0.008
 -1325.004     0.011
 -1324.905     0.011
 -1324.805     0.013
 -1324.705     0.015
 -1324.606     0.018
 -1324.506     0.019
 -1324.407     0.020
 -1324.307     0.021
 -1324.207     0.018
 -1324.108     0.019
 -1324.008     0.019
 -1323.908     0.016
 -1323.809     0.013
 -1323.709     0.007
 -1323.610     0.005
 -1323.510     0.004
 -1323.410     0.004
 -1323.311     0.005
 -1323.211     0.003
 -1323.112     0.004
 -1323.012     0.005
 -1322.912     0.005
 -1322.813     0.005
 -1322.713     0.006
 -1322.614     0.006
 -1322.514     0.006
 -1322.414     0.006
 -1322.315     0.006
 -1322.215     0.006
 -1322.115     0.005
 -1322.016     0.005
 -1321.916     0.006
 -1321.817     0.006
 -1321.717     0.004
 -1321.617     0.006
 -1321.518     0.005
 -1321.418     0.006
 -1321.319     0.006
 -1321.219     0.007
 -1321.119     0.008
 -1321.020     0.009
 -1320.920     0.009
 -1320.820     0.009
 -1320.721     0.010
 -1320.621     0.013
 -1320.522     0.015
 -1320.422     0.018
 -1320.323     0.019
 -1320.223     0.020
 -1320.123     0.019
 -1320.024     0.019
 -1319.924     0.021
 -1319.825     0.019
 -1319.725     0.019
 -1319.625     0.018
 -1319.526     0.016
 -1319.426     0.015
 -1319.326     0.008
 -1319.227     0.005
 -1319.127     0.004
 -1319.028     0.003
 -1318.928     0.004
 -1318.828     0.003
 -1318.729     0.004
 -1318.629     0.006
 -1318.530     0.006
 -1318.430     0.005
 -1318.330     0.007
 -1318.231     0.007
 -1318.131     0.007
 -1318.032     0.008
 -1317.932     0.009
 -1317.832     0.009
 -1317.733     0.010
 -1317.633     0.009
 -1317.533     0.010
 -1317.434     0.012
 -1317.334     0.012
 -1317.235     0.013
 -1317.135     0.014
 -1317.035     0.018
 -1316.936     0.019
 -1316.836     0.019
 -1316.737     0.020
 -1316.637     0.019
 -1316.537     0.018
 -1316.438     0.017
 -1316.338     0.015
 -1316.239     0.011
 -1316.139     0.006
 -1316.039     0.005
 -1315.940     0.004
 -1315.840     0.004
 -1315.740     0.005
 -1315.641     0.006
 -1315.541     0.008
 -1315.442     0.010
 -1315.342     0.011
 -1315.242     0.015
 -1315.143     0.019
 -1315.043     0.019
 -1314.944     0.019
 -1314.844     0.019
 -1314.744     0.017
 -1314.645     0.017
 -1314.545     0.013
 -1314.445     0.009
 -1314.346     0.005
 -1314.246     0.005
 -1314.147     0.003
 -1314.047     0.005
 -1313.948     0.005
 -1313.848     0.005
 -1313.748     0.004
 -1313.649     0.004
 -1313.549     0.004
 -1313.450     0.005
 -1313.350     0.005
 -1313.250     0.004
 -1313.151     0.005
 -1313.051     0.006
 -1312.951     0.006
 -1312.852     0.006
 -1312.752     0.008
 -1312.653     0.008
 -1312.553     0.009
 -1312.453     0.011
 -1312.354     0.012
 -1312.254     0.017
 -1312.155     0.021
 -1312.055     0.020
 -1311.955     0.020
 -1311.856     0.019
 -1311.756     0.020
 -1311.657     0.018
 -1311.557     0.017
 -1311.457     0.015
 -1311.358     0.013
 -1311.258     0.007
 -1311.158     0.005
 -1311.059     0.005
 -1310.959     0.005
 -1310.860     0.005
 -1310.760     0.005
 -1310.660     0.005
 -1310.561     0.005
 -1310.461     0.006
 -1310.362     0.006
 -1310.262     0.006
 -1310.162     0.007
 -1310.063     0.007
 -1309.963     0.005
 -1309.864     0.006
 -1309.764     0.006
 -1309.664     0.004
 -1309.565     0.006
 -1309.465     0.006
 -1309.365     0.008
 -1309.266     0.008
 -1309.166     0.008
 -1309.067     0.009
 -1308.967     0.010
 -1308.867     0.011
 -1308.768     0.012
 -1308.668     0.012
 -1308.569     0.017
 -1308.469     0.019
 -1308.369     0.020
 -1308.270     0.021
 -1308.170     0.020
 -1308.070     0.019
 -1307.971     0.015
 -1307.871     0.008
 -1307.772     0.005
 -1307.672     0.005
 -1307.573     0.004
 -1307.473     0.005
 -1307.373     0.005
 -1307.274     0.004
 -1307.174     0.006
 -1307.075     0.008
 -1306.975     0.009
 -1306.875     0.010
 -1306.776     0.012
 -1306.676     0.015
 -1306.576     0.019
 -1306.477     0.019
 -1306.377     0.020
 -1306.278     0.018
 -1306.178     0.019
 -1306.078     0.018
 -1305.979     0.017
 -1305.879     0.015
 -1305.780     0.013
 -1305.680     0.008
 -1305.580     0.005
 -1305.481     0.005
 -1305.381     0.005
 -1305.282     0.005
 -1305.182     0.004
 -1305.082     0.005
 -1304.983     0.006
 -1304.883     0.007
 -1304.783     0.007
 -1304.684     0.006
 -1304.584     0.006
 -1304.485     0.005
 -1304.385     0.007
 -1304.285     0.005
 -1304.186     0.006
 -1304.086     0.006
 -1303.987     0.006
 -1303.887     0.005
 -1303.787     0.006
 -1303.688     0.005
 -1303.588     0.005
 -1303.489     0.007
 -1303.389     0.007
 -1303.289     0.008
 -1303.190     0.007
 -1303.090     0.008
 -1302.990     0.009
 -1302.891     0.009
 -1302.791     0.009
 -1302.692     0.010
 -1302.592     0.010
 -1302.492     0.009
 -1302.393     0.008
 -1302.293     0.007
 -1302.194     0.006
 -1302.094     0.006
 -1301.994     0.006
 -1301.895     0.005
 -1301.795     0.006
 -1301.695     0.007
 -1301.596     0.008
 -1301.496     0.011
 -1301.397     0.015
 -1301.297     0.019
 -1301.198     0.021
 -1301.098     0.020
 -1300.998     0.020
 -1300.899     0.018
 -1300.799     0.017
 -1300.700     0.016
 -1300.600     0.012
 -1300.500     0.007
 -1300.401     0.005
 -1300.301     0.006
 -1300.201     0.005
 -1300.102     0.005
 -1300.002     0.006
 -1299.903     0.007
 -1299.803     0.009
 -1299.703     0.010
 -1299.604     0.012
 -1299.504     0.016
 -1299.405     0.019
 -1299.305     0.019
 -1299.205     0.018
 -1299.106     0.019
 -1299.006     0.019
 -1298.907     0.018
 -1298.807     0.015
 -1298.707     0.013
 -1298.608     0.008
 -1298.508     0.006
 -1298.408     0.004
 -1298.309     0.005
 -1298.209     0.005
 -1298.110     0.004
 -1298.010     0.006
 -1297.910     0.007
 -1297.811     0.007
 -1297.711     0.005
 -1297.612     0.005
 -1297.512     0.005
 -1297.412     0.005
 -1297.313     0.005
 -1297.213     0.004
 -1297.114     0.005
 -1297.014     0.006
 -1296.914     0.007
 -1296.815     0.007
 -1296.715     0.007
 -1296.615     0.009
 -1296.516     0.010
 -1296.416     0.011
 -1296.317     0.014
 -1296.217     0.019
 -1296.117     0.020
 -1296.018     0.021
 -1295.918     0.020
 -1295.819     0.022
 -1295.719     0.022
 -1295.619     0.022
 -1295.520     0.021
 -1295.420     0.018
 -1295.320     0.016
 -1295.221     0.008
 -1295.121     0.007
 -1295.022     0.005
 -1294.922     0.005
 -1294.823     0.005
 -1294.723     0.005
 -1294.623     0.006
 -1294.524     0.005
 -1294.424     0.006
 -1294.325     0.005
 -1294.225     0.005
 -1294.125     0.006
 -1294.026     0.007
 -1293.926     0.009
 -1293.826     0.010
 -1293.727     0.012
 -1293.627     0.015
 -1293.528     0.019
 -1293.428     0.022
 -1293.328     0.020
 -1293.229     0.022
 -1293.129     0.019
 -1293.030     0.019
 -1292.930     0.018
 -1292.830     0.016
 -1292.731     0.009
 -1292.631     0.006
 -1292.532     0.006
 -1292.432     0.006
 -1292.332     0.005
 -1292.233     0.006
 -1292.133     0.007
 -1292.033     0.006
 -1291.934     0.006
 -1291.834     0.005
 -1291.735     0.005
 -1291.635     0.006
 -1291.535     0.005
 -1291.436     0.006
 -1291.336     0.006
 -1291.237     0.008
 -1291.137     0.006
 -1291.037     0.005
 -1290.938     0.006
 -1290.838     0.005
 -1290.739     0.006
 -1290.639     0.006
 -1290.539     0.007
 -1290.440     0.008
 -1290.340     0.009
 -1290.240     0.007
 -1290.141     0.007
 -1290.041     0.007
 -1289.942     0.007
 -1289.842     0.007
 -1289.742     0.006
 -1289.643     0.005
 -1289.543     0.007
 -1289.444     0.008
 -1289.344     0.007
 -1289.244     0.008
 -1289.145     0.007
 -1289.045     0.009
 -1288.945     0.009
 -1288.846     0.009
 -1288.746     0.008
 -1288.647     0.007
 -1288.547     0.006
 -1288.448     0.007
 -1288.348     0.007
 -1288.248     0.008
 -1288.149     0.008
 -1288.049     0.009
 -1287.950     0.008
 -1287.850     0.008
 -1287.750     0.008
 -1287.651     0.006
 -1287.551     0.006
 -1287.451     0.006
 -1287.352     0.005
 -1287.252     0.006
 -1287.153     0.006
 -1287.053     0.006
 -1286.953     0.006
 -1286.854     0.007
 -1286.754     0.008
 -1286.655     0.008
 -1286.555     0.009
 -1286.455     0.008
 -1286.356     0.007
 -1286.256     0.008
 -1286.157     0.008
 -1286.057     0.008
 -1285.957     0.007
 -1285.858     0.006
 -1285.758     0.006
 -1285.658     0.008
 -1285.559     0.009
 -1285.459     0.010
 -1285.360     0.011
 -1285.260     0.012
 -1285.160     0.016
 -1285.061     0.020
 -1284.961     0.021
 -1284.862     0.022
 -1284.762     0.020
 -1284.662     0.018
 -1284.563     0.018
 -1284.463     0.015
 -1284.364     0.011
 -1284.264     0.008
 -1284.164     0.007
 -1284.065     0.007
 -1283.965     0.005
 -1283.865     0.007
 -1283.766     0.006
 -1283.666     0.006
 -1283.567     0.006
 -1283.467     0.007
 -1283.367     0.008
 -1283.268     0.011
 -1283.168     0.010
 -1283.069     0.012
 -1282.969     0.014
 -1282.869     0.021
 -1282.770     0.021
 -1282.670     0.021
 -1282.570     0.023
 -1282.471     0.022
 -1282.371     0.022
 -1282.272     0.022
 -1282.172     0.021
 -1282.073     0.019
 -1281.973     0.018
 -1281.873     0.011
 -1281.774     0.007
 -1281.674     0.006
 -1281.575     0.007
 -1281.475     0.007
 -1281.375     0.007
 -1281.276     0.007
 -1281.176     0.007
 -1281.076     0.006
 -1280.977     0.006
 -1280.877     0.006
 -1280.778     0.008
 -1280.678     0.007
 -1280.578     0.009
 -1280.479     0.010
 -1280.379     0.009
 -1280.280     0.010
 -1280.180     0.008
 -1280.080     0.009
 -1279.981     0.007
 -1279.881     0.008
 -1279.782     0.006
 -1279.682     0.008
 -1279.582     0.006
 -1279.483     0.006
 -1279.383     0.008
 -1279.283     0.009
 -1279.184     0.008
 -1279.084     0.009
 -1278.985     0.008
 -1278.885     0.008
 -1278.785     0.007
 -1278.686     0.007
 -1278.586     0.007
 -1278.487     0.006
 -1278.387     0.007
 -1278.287     0.006
 -1278.188     0.006
 -1278.088     0.006
 -1277.989     0.007
 -1277.889     0.007
 -1277.789     0.007
 -1277.690     0.008
 -1277.590     0.008
 -1277.490     0.009
 -1277.391     0.008
 -1277.291     0.009
 -1277.192     0.008
 -1277.092     0.008
 -1276.992     0.008
 -1276.893     0.008
 -1276.793     0.008
 -1276.694     0.009
 -1276.594     0.008
 -1276.494     0.008
 -1276.395     0.007
 -1276.295     0.006
 -1276.195     0.009
 -1276.096     0.008
 -1275.996     0.010
 -1275.897     0.008
 -1275.797     0.009
 -1275.698     0.008
 -1275.598     0.007
 -1275.498     0.006
 -1275.399     0.008
 -1275.299     0.008
 -1275.200     0.009
 -1275.100     0.008
 -1275.000     0.008
 -1274.901     0.007
 -1274.801     0.007
 -1274.701     0.006
 -1274.602     0.007
 -1274.502     0.010
 -1274.403     0.011
 -1274.303     0.012
 -1274.203     0.016
 -1274.104     0.020
 -1274.004     0.022
 -1273.905     0.024
 -1273.805     0.023
 -1273.705     0.022
 -1273.606     0.020
 -1273.506     0.016
 -1273.407     0.010
 -1273.307     0.008
 -1273.207     0.006
 -1273.108     0.007
 -1273.008     0.007
 -1272.908     0.006
 -1272.809     0.006
 -1272.709     0.007
 -1272.610     0.007
 -1272.510     0.007
 -1272.410     0.005
 -1272.311     0.007
 -1272.211     0.008
 -1272.112     0.008
 -1272.012     0.008
 -1271.912     0.007
 -1271.813     0.007
 -1271.713     0.006
 -1271.614     0.008
 -1271.514     0.009
 -1271.414     0.007
 -1271.315     0.008
 -1271.215     0.008
 -1271.115     0.009
 -1271.016     0.008
 -1270.916     0.007
 -1270.817     0.007
 -1270.717     0.007
 -1270.617     0.009
 -1270.518     0.008
 -1270.418     0.009
 -1270.319     0.009
 -1270.219     0.008
 -1270.119     0.008
 -1270.020     0.007
 -1269.920     0.007
 -1269.820     0.007
 -1269.721     0.007
 -1269.621     0.008
 -1269.522     0.010
 -1269.422     0.009
 -1269.323     0.009
 -1269.223     0.010
 -1269.123     0.011
 -1269.024     0.011
 -1268.924     0.011
 -1268.825     0.013
 -1268.725     0.011
 -1268.625     0.012
 -1268.526     0.013
 -1268.426     0.013
 -1268.326     0.012
 -1268.227     0.011
 -1268.127     0.009
 -1268.028     0.007
 -1267.928     0.008
 -1267.828     0.006
 -1267.729     0.007
 -1267.629     0.007
 -1267.530     0.007
 -1267.430     0.008
 -1267.330     0.009
 -1267.231     0.009
 -1267.131     0.009
 -1267.032     0.010
 -1266.932     0.009
 -1266.832     0.010
 -1266.733     0.010
 -1266.633     0.009
 -1266.533     0.010
 -1266.434     0.010
 -1266.334     0.008
 -1266.235     0.008
 -1266.135     0.007
 -1266.035     0.008
 -1265.936     0.009
 -1265.836     0.009
 -1265.737     0.009
 -1265.637     0.009
 -1265.537     0.010
 -1265.438     0.009
 -1265.338     0.009
 -1265.239     0.009
 -1265.139     0.009
 -1265.039     0.008
 -1264.940     0.009
 -1264.840     0.009
 -1264.740     0.009
 -1264.641     0.009
 -1264.541     0.009
 -1264.442     0.010
 -1264.342     0.009
 -1264.242     0.009
 -1264.143     0.008
 -1264.043     0.008
 -1263.944     0.008
 -1263.844     0.008
 -1263.744     0.010
 -1263.645     0.011
 -1263.545     0.011
 -1263.445     0.013
 -1263.346     0.015
 -1263.246     0.014
 -1263.147     0.018
 -1263.047     0.021
 -1262.948     0.022
 -1262.848     0.021
 -1262.748     0.022
 -1262.649     0.020
 -1262.549     0.018
 -1262.450     0.014
 -1262.350     0.008
 -1262.250     0.007
 -1262.151     0.007
 -1262.051     0.007
 -1261.951     0.007
 -1261.852     0.006
 -1261.752     0.008
 -1261.653     0.008
 -1261.553     0.008
 -1261.453     0.009
 -1261.354     0.009
 -1261.254     0.009
 -1261.155     0.008
 -1261.055     0.008
 -1260.955     0.008
 -1260.856     0.008
 -1260.756     0.007
 -1260.657     0.008
 -1260.557     0.007
 -1260.457     0.006
 -1260.358     0.008
 -1260.258     0.007
 -1260.158     0.008
 -1260.059     0.009
 -1259.959     0.009
 -1259.860     0.010
 -1259.760     0.009
 -1259.660     0.010
 -1259.561     0.010
 -1259.461     0.011
 -1259.362     0.012
 -1259.262     0.013
 -1259.162     0.013
 -1259.063     0.013
 -1258.963     0.011
 -1258.864     0.010
 -1258.764     0.011
 -1258.664     0.008
 -1258.565     0.008
 -1258.465     0.007
 -1258.365     0.007
 -1258.266     0.006
 -1258.166     0.007
 -1258.067     0.009
 -1257.967     0.008
 -1257.867     0.007
 -1257.768     0.008
 -1257.668     0.007
 -1257.569     0.007
 -1257.469     0.009
 -1257.369     0.008
 -1257.270     0.009
 -1257.170     0.010
 -1257.070     0.010
 -1256.971     0.012
 -1256.871     0.012
 -1256.772     0.011
 -1256.672     0.012
 -1256.573     0.009
 -1256.473     0.008
 -1256.373     0.008
 -1256.274     0.007
 -1256.174     0.007
 -1256.075     0.008
 -1255.975     0.009
 -1255.875     0.009
 -1255.776     0.008
 -1255.676     0.009
 -1255.576     0.011
 -1255.477     0.009
 -1255.377     0.011
 -1255.278     0.010
 -1255.178     0.010
 -1255.078     0.010
 -1254.979     0.010
 -1254.879     0.009
 -1254.780     0.008
 -1254.680     0.008
 -1254.580     0.008
 -1254.481     0.007
 -1254.381     0.008
 -1254.282     0.010
 -1254.182     0.011
 -1254.082     0.014
 -1253.983     0.016
 -1253.883     0.021
 -1253.783     0.022
 -1253.684     0.022
 -1253.584     0.023
 -1253.485     0.024
 -1253.385     0.022
 -1253.285     0.023
 -1253.186     0.021
 -1253.086     0.020
 -1252.987     0.020
 -1252.887     0.014
 -1252.787     0.009
 -1252.688     0.008
 -1252.588     0.007
 -1252.489     0.007
 -1252.389     0.009
 -1252.289     0.008
 -1252.190     0.008
 -1252.090     0.008
 -1251.990     0.008
 -1251.891     0.008
 -1251.791     0.008
 -1251.692     0.008
 -1251.592     0.006
 -1251.492     0.008
 -1251.393     0.009
 -1251.293     0.008
 -1251.194     0.009
 -1251.094     0.010
 -1250.994     0.010
 -1250.895     0.011
 -1250.795     0.011
 -1250.695     0.012
 -1250.596     0.013
 -1250.496     0.013
 -1250.397     0.012
 -1250.297     0.013
 -1250.198     0.012
 -1250.098     0.010
 -1249.998     0.010
 -1249.899     0.008
 -1249.799     0.007
 -1249.700     0.007
 -1249.600     0.009
 -1249.500     0.009
 -1249.401     0.009
 -1249.301     0.010
 -1249.201     0.009
 -1249.102     0.008
 -1249.002     0.007
 -1248.903     0.007
 -1248.803     0.009
 -1248.703     0.009
 -1248.604     0.011
 -1248.504     0.013
 -1248.405     0.011
 -1248.305     0.013
 -1248.205     0.012
 -1248.106     0.015
 -1248.006     0.020
 -1247.907     0.022
 -1247.807     0.023
 -1247.707     0.022
 -1247.608     0.022
 -1247.508     0.021
 -1247.408     0.019
 -1247.309     0.017
 -1247.209     0.013
 -1247.110     0.010
 -1247.010     0.009
 -1246.910     0.007
 -1246.811     0.009
 -1246.711     0.009
 -1246.612     0.013
 -1246.512     0.014
 -1246.412     0.020
 -1246.313     0.024
 -1246.213     0.023
 -1246.114     0.023
 -1246.014     0.022
 -1245.914     0.022
 -1245.815     0.022
 -1245.715     0.020
 -1245.615     0.018
 -1245.516     0.012
 -1245.416     0.010
 -1245.317     0.007
 -1245.217     0.009
 -1245.117     0.009
 -1245.018     0.009
 -1244.918     0.009
 -1244.819     0.009
 -1244.719     0.008
 -1244.619     0.009
 -1244.520     0.009
 -1244.420     0.011
 -1244.320     0.012
 -1244.221     0.011
 -1244.121     0.011
 -1244.022     0.010
 -1243.922     0.011
 -1243.823     0.008
 -1243.723     0.009
 -1243.623     0.009
 -1243.524     0.008
 -1243.424     0.009
 -1243.325     0.009
 -1243.225     0.009
 -1243.125     0.009
 -1243.026     0.008
 -1242.926     0.009
 -1242.826     0.009
 -1242.727     0.009
 -1242.627     0.011
 -1242.528     0.011
 -1242.428     0.013
 -1242.328     0.015
 -1242.229     0.016
 -1242.129     0.019
 -1242.030     0.022
 -1241.930     0.024
 -1241.830     0.024
 -1241.731     0.025
 -1241.631     0.023
 -1241.532     0.024
 -1241.432     0.021
 -1241.332     0.019
 -1241.233     0.013
 -1241.133     0.010
 -1241.033     0.008
 -1240.934     0.008
 -1240.834     0.008
 -1240.735     0.008
 -1240.635     0.009
 -1240.535     0.010
 -1240.436     0.010
 -1240.336     0.010
 -1240.237     0.010
 -1240.137     0.012
 -1240.037     0.012
 -1239.938     0.015
 -1239.838     0.016
 -1239.739     0.020
 -1239.639     0.023
 -1239.539     0.026
 -1239.440     0.024
 -1239.340     0.023
 -1239.240     0.021
 -1239.141     0.018
 -1239.041     0.011
 -1238.942     0.008
 -1238.842     0.007
 -1238.742     0.007
 -1238.643     0.008
 -1238.543     0.008
 -1238.444     0.009
 -1238.344     0.011
 -1238.244     0.013
 -1238.145     0.015
 -1238.045     0.018
 -1237.945     0.022
 -1237.846     0.022
 -1237.746     0.023
 -1237.647     0.022
 -1237.547     0.021
 -1237.448     0.018
 -1237.348     0.016
 -1237.248     0.011
 -1237.149     0.008
 -1237.049     0.008
 -1236.950     0.007
 -1236.850     0.007
 -1236.750     0.009
 -1236.651     0.009
 -1236.551     0.010
 -1236.451     0.010
 -1236.352     0.010
 -1236.252     0.011
 -1236.153     0.012
 -1236.053     0.013
 -1235.953     0.012
 -1235.854     0.013
 -1235.754     0.015
 -1235.655     0.014
 -1235.555     0.015
 -1235.455     0.018
 -1235.356     0.021
 -1235.256     0.023
 -1235.157     0.021
 -1235.057     0.020
 -1234.957     0.020
 -1234.858     0.018
 -1234.758     0.016
 -1234.658     0.010
 -1234.559     0.008
 -1234.459     0.009
 -1234.360     0.008
 -1234.260     0.009
 -1234.160     0.008
 -1234.061     0.009
 -1233.961     0.008
 -1233.862     0.009
 -1233.762     0.009
 -1233.662     0.010
 -1233.563     0.009
 -1233.463     0.008
 -1233.364     0.008
 -1233.264     0.009
 -1233.164     0.009
 -1233.065     0.010
 -1232.965     0.008
 -1232.865     0.009
 -1232.766     0.008
 -1232.666     0.009
 -1232.567     0.009
 -1232.467     0.012
 -1232.367     0.012
 -1232.268     0.013
 -1232.168     0.013
 -1232.069     0.014
 -1231.969     0.014
 -1231.869     0.015
 -1231.770     0.016
 -1231.670     0.017
 -1231.570     0.022
 -1231.471     0.022
 -1231.371     0.024
 -1231.272     0.025
 -1231.172     0.023
 -1231.073     0.024
 -1230.973     0.023
 -1230.873     0.022
 -1230.774     0.019
 -1230.674     0.015
 -1230.575     0.011
 -1230.475     0.011
 -1230.375     0.008
 -1230.276     0.009
 -1230.176     0.009
 -1230.076     0.011
 -1229.977     0.009
 -1229.877     0.010
 -1229.778     0.011
 -1229.678     0.009
 -1229.578     0.009
 -1229.479     0.011
 -1229.379     0.012
 -1229.280     0.013
 -1229.180     0.014
 -1229.080     0.015
 -1228.981     0.016
 -1228.881     0.019
 -1228.782     0.022
 -1228.682     0.024
 -1228.582     0.025
 -1228.483     0.024
 -1228.383     0.023
 -1228.283     0.022
 -1228.184     0.021
 -1228.084     0.017
 -1227.985     0.012
 -1227.885     0.011
 -1227.785     0.009
 -1227.686     0.010
 -1227.586     0.009
 -1227.487     0.008
 -1227.387     0.009
 -1227.287     0.010
 -1227.188     0.009
 -1227.088     0.008
 -1226.989     0.009
 -1226.889     0.009
 -1226.789     0.009
 -1226.690     0.008
 -1226.590     0.010
 -1226.490     0.012
 -1226.391     0.011
 -1226.291     0.014
 -1226.192     0.016
 -1226.092     0.020
 -1225.992     0.024
 -1225.893     0.023
 -1225.793     0.024
 -1225.694     0.024
 -1225.594     0.022
 -1225.494     0.023
 -1225.395     0.022
 -1225.295     0.021
 -1225.195     0.019
 -1225.096     0.015
 -1224.996     0.011
 -1224.897     0.009
 -1224.797     0.010
 -1224.698     0.009
 -1224.598     0.010
 -1224.498     0.010
 -1224.399     0.011
 -1224.299     0.012
 -1224.200     0.013
 -1224.100     0.013
 -1224.000     0.011
 -1223.901     0.009
 -1223.801     0.010
 -1223.701     0.010
 -1223.602     0.009
 -1223.502     0.009
 -1223.403     0.009
 -1223.303     0.010
 -1223.203     0.009
 -1223.104     0.011
 -1223.004     0.011
 -1222.905     0.011
 -1222.805     0.012
 -1222.705     0.012
 -1222.606     0.014
 -1222.506     0.014
 -1222.407     0.014
 -1222.307     0.015
 -1222.207     0.015
 -1222.108     0.016
 -1222.008     0.017
 -1221.908     0.022
 -1221.809     0.024
 -1221.709     0.024
 -1221.610     0.025
 -1221.510     0.024
 -1221.410     0.023
 -1221.311     0.020
 -1221.211     0.016
 -1221.112     0.011
 -1221.012     0.010
 -1220.912     0.009
 -1220.813     0.010
 -1220.713     0.010
 -1220.614     0.011
 -1220.514     0.011
 -1220.414     0.010
 -1220.315     0.010
 -1220.215     0.009
 -1220.115     0.010
 -1220.016     0.011
 -1219.916     0.012
 -1219.817     0.013
 -1219.717     0.014
 -1219.617     0.015
 -1219.518     0.019
 -1219.418     0.023
 -1219.319     0.025
 -1219.219     0.025
 -1219.119     0.025
 -1219.020     0.025
 -1218.920     0.025
 -1218.820     0.024
 -1218.721     0.022
 -1218.621     0.019
 -1218.522     0.011
 -1218.422     0.011
 -1218.323     0.008
 -1218.223     0.009
 -1218.123     0.010
 -1218.024     0.011
 -1217.924     0.012
 -1217.825     0.014
 -1217.725     0.014
 -1217.625     0.017
 -1217.526     0.022
 -1217.426     0.024
 -1217.326     0.025
 -1217.227     0.025
 -1217.127     0.025
 -1217.028     0.024
 -1216.928     0.024
 -1216.828     0.023
 -1216.729     0.022
 -1216.629     0.018
 -1216.530     0.013
 -1216.430     0.011
 -1216.330     0.009
 -1216.231     0.009
 -1216.131     0.010
 -1216.032     0.010
 -1215.932     0.011
 -1215.832     0.013
 -1215.733     0.015
 -1215.633     0.017
 -1215.533     0.022
 -1215.434     0.024
 -1215.334     0.024
 -1215.235     0.026
 -1215.135     0.024
 -1215.035     0.024
 -1214.936     0.023
 -1214.836     0.020
 -1214.737     0.018
 -1214.637     0.012
 -1214.537     0.010
 -1214.438     0.010
 -1214.338     0.009
 -1214.239     0.008
 -1214.139     0.010
 -1214.039     0.010
 -1213.940     0.012
 -1213.840     0.014
 -1213.740     0.014
 -1213.641     0.016
 -1213.541     0.020
 -1213.442     0.025
 -1213.342     0.025
 -1213.242     0.025
 -1213.143     0.026
 -1213.043     0.024
 -1212.944     0.023
 -1212.844     0.019
 -1212.744     0.015
 -1212.645     0.012
 -1212.545     0.010
 -1212.445     0.009
 -1212.346     0.009
 -1212.246     0.010
 -1212.147     0.010
 -1212.047     0.011
 -1211.948     0.012
 -1211.848     0.012
 -1211.748     0.013
 -1211.649     0.014
 -1211.549     0.014
 -1211.450     0.014
 -1211.350     0.014
 -1211.250     0.012
 -1211.151     0.012
 -1211.051     0.009
 -1210.951     0.008
 -1210.852     0.010
 -1210.752     0.012
 -1210.653     0.017
 -1210.553     0.022
 -1210.453     0.023
 -1210.354     0.025
 -1210.254     0.026
 -1210.155     0.025
 -1210.055     0.024
 -1209.955     0.025
 -1209.856     0.023
 -1209.756     0.022
 -1209.657     0.019
 -1209.557     0.013
 -1209.457     0.011
 -1209.358     0.010
 -1209.258     0.010
 -1209.158     0.010
 -1209.059     0.010
 -1208.959     0.012
 -1208.860     0.011
 -1208.760     0.011
 -1208.660     0.010
 -1208.561     0.012
 -1208.461     0.011
 -1208.362     0.011
 -1208.262     0.010
 -1208.162     0.011
 -1208.063     0.010
 -1207.963     0.012
 -1207.864     0.011
 -1207.764     0.013
 -1207.664     0.012
 -1207.565     0.013
 -1207.465     0.012
 -1207.365     0.012
 -1207.266     0.011
 -1207.166     0.009
 -1207.067     0.012
 -1206.967     0.012
 -1206.867     0.012
 -1206.768     0.015
 -1206.668     0.016
 -1206.569     0.019
 -1206.469     0.023
 -1206.369     0.026
 -1206.270     0.026
 -1206.170     0.025
 -1206.070     0.026
 -1205.971     0.026
 -1205.871     0.026
 -1205.772     0.026
 -1205.672     0.024
 -1205.573     0.021
 -1205.473     0.017
 -1205.373     0.014
 -1205.274     0.011
 -1205.174     0.011
 -1205.075     0.011
 -1204.975     0.011
 -1204.875     0.012
 -1204.776     0.012
 -1204.676     0.013
 -1204.576     0.013
 -1204.477     0.013
 -1204.377     0.011
 -1204.278     0.013
 -1204.178     0.011
 -1204.078     0.010
 -1203.979     0.011
 -1203.879     0.011
 -1203.780     0.011
 -1203.680     0.011
 -1203.580     0.012
 -1203.481     0.011
 -1203.381     0.011
 -1203.282     0.011
 -1203.182     0.013
 -1203.082     0.012
 -1202.983     0.012
 -1202.883     0.012
 -1202.783     0.013
 -1202.684     0.012
 -1202.584     0.012
 -1202.485     0.013
 -1202.385     0.011
 -1202.285     0.012
 -1202.186     0.012
 -1202.086     0.011
 -1201.987     0.011
 -1201.887     0.011
 -1201.787     0.012
 -1201.688     0.012
 -1201.588     0.011
 -1201.489     0.011
 -1201.389     0.011
 -1201.289     0.011
 -1201.190     0.012
 -1201.090     0.013
 -1200.990     0.013
 -1200.891     0.014
 -1200.791     0.015
 -1200.692     0.015
 -1200.592     0.014
 -1200.492     0.015
 -1200.393     0.013
 -1200.293     0.013
 -1200.194     0.013
 -1200.094     0.013
 -1199.994     0.012
 -1199.895     0.011
 -1199.795     0.012
 -1199.695     0.012
 -1199.596     0.012
 -1199.496     0.012
 -1199.397     0.012
 -1199.297     0.012
 -1199.198     0.012
 -1199.098     0.012
 -1198.998     0.012
 -1198.899     0.013
 -1198.799     0.012
 -1198.700     0.012
 -1198.600     0.012
 -1198.500     0.012
 -1198.401     0.012
 -1198.301     0.012
 -1198.201     0.011
 -1198.102     0.012
 -1198.002     0.013
 -1197.903     0.012
 -1197.803     0.013
 -1197.703     0.013
 -1197.604     0.012
 -1197.504     0.012
 -1197.405     0.011
 -1197.305     0.012
 -1197.205     0.011
 -1197.106     0.011
 -1197.006     0.012
 -1196.907     0.012
 -1196.807     0.012
 -1196.707     0.013
 -1196.608     0.012
 -1196.508     0.013
 -1196.408     0.012
 -1196.309     0.012
 -1196.209     0.012
 -1196.110     0.012
 -1196.010     0.013
 -1195.910     0.013
 -1195.811     0.013
 -1195.711     0.013
 -1195.612     0.014
 -1195.512     0.014
 -1195.412     0.012
 -1195.313     0.011
 -1195.213     0.011
 -1195.114     0.012
 -1195.014     0.013
 -1194.914     0.013
 -1194.815     0.012
 -1194.715     0.014
 -1194.615     0.011
 -1194.516     0.012
 -1194.416     0.011
 -1194.317     0.012
 -1194.217     0.012
 -1194.117     0.012
 -1194.018     0.013
 -1193.918     0.013
 -1193.819     0.013
 -1193.719     0.014
 -1193.619     0.015
 -1193.520     0.013
 -1193.420     0.011
 -1193.320     0.011
 -1193.221     0.011
 -1193.121     0.013
 -1193.022     0.016
 -1192.922     0.016
 -1192.823     0.017
 -1192.723     0.017
 -1192.623     0.021
 -1192.524     0.024
 -1192.424     0.027
 -1192.325     0.026
 -1192.225     0.028
 -1192.125     0.027
 -1192.026     0.027
 -1191.926     0.024
 -1191.826     0.023
 -1191.727     0.014
 -1191.627     0.012
 -1191.528     0.011
 -1191.428     0.011
 -1191.328     0.011
 -1191.229     0.011
 -1191.129     0.011
 -1191.030     0.010
 -1190.930     0.011
 -1190.830     0.011
 -1190.731     0.011
 -1190.631     0.011
 -1190.532     0.012
 -1190.432     0.013
 -1190.332     0.015
 -1190.233     0.015
 -1190.133     0.015
 -1190.033     0.018
 -1189.934     0.021
 -1189.834     0.024
 -1189.735     0.026
 -1189.635     0.027
 -1189.535     0.027
 -1189.436     0.027
 -1189.336     0.026
 -1189.237     0.025
 -1189.137     0.023
 -1189.037     0.017
 -1188.938     0.014
 -1188.838     0.013
 -1188.739     0.012
 -1188.639     0.011
 -1188.539     0.012
 -1188.440     0.012
 -1188.340     0.012
 -1188.240     0.013
 -1188.141     0.014
 -1188.041     0.013
 -1187.942     0.012
 -1187.842     0.011
 -1187.742     0.012
 -1187.643     0.011
 -1187.543     0.013
 -1187.444     0.012
 -1187.344     0.013
 -1187.244     0.012
 -1187.145     0.012
 -1187.045     0.013
 -1186.945     0.013
 -1186.846     0.012
 -1186.746     0.013
 -1186.647     0.012
 -1186.547     0.014
 -1186.448     0.015
 -1186.348     0.016
 -1186.248     0.016
 -1186.149     0.017
 -1186.049     0.018
 -1185.950     0.020
 -1185.850     0.024
 -1185.750     0.026
 -1185.651     0.028
 -1185.551     0.028
 -1185.451     0.027
 -1185.352     0.026
 -1185.252     0.023
 -1185.153     0.021
 -1185.053     0.014
 -1184.953     0.012
 -1184.854     0.012
 -1184.754     0.012
 -1184.655     0.013
 -1184.555     0.013
 -1184.455     0.013
 -1184.356     0.014
 -1184.256     0.014
 -1184.157     0.015
 -1184.057     0.017
 -1183.957     0.019
 -1183.858     0.023
 -1183.758     0.026
 -1183.658     0.027
 -1183.559     0.029
 -1183.459     0.029
 -1183.360     0.029
 -1183.260     0.027
 -1183.160     0.025
 -1183.061     0.024
 -1182.961     0.020
 -1182.862     0.015
 -1182.762     0.012
 -1182.662     0.013
 -1182.563     0.012
 -1182.463     0.014
 -1182.364     0.014
 -1182.264     0.014
 -1182.164     0.015
 -1182.065     0.014
 -1181.965     0.013
 -1181.865     0.014
 -1181.766     0.014
 -1181.666     0.014
 -1181.567     0.014
 -1181.467     0.014
 -1181.367     0.014
 -1181.268     0.014
 -1181.168     0.015
 -1181.069     0.016
 -1180.969     0.014
 -1180.869     0.013
 -1180.770     0.012
 -1180.670     0.012
 -1180.570     0.013
 -1180.471     0.013
 -1180.371     0.013
 -1180.272     0.014
 -1180.172     0.013
 -1180.073     0.013
 -1179.973     0.014
 -1179.873     0.016
 -1179.774     0.014
 -1179.674     0.017
 -1179.575     0.018
 -1179.475     0.017
 -1179.375     0.018
 -1179.276     0.020
 -1179.176     0.018
 -1179.076     0.021
 -1178.977     0.023
 -1178.877     0.026
 -1178.778     0.026
 -1178.678     0.026
 -1178.578     0.027
 -1178.479     0.026
 -1178.379     0.026
 -1178.280     0.025
 -1178.180     0.024
 -1178.080     0.021
 -1177.981     0.015
 -1177.881     0.011
 -1177.782     0.012
 -1177.682     0.013
 -1177.582     0.013
 -1177.483     0.014
 -1177.383     0.014
 -1177.283     0.014
 -1177.184     0.011
 -1177.084     0.013
 -1176.985     0.013
 -1176.885     0.014
 -1176.785     0.014
 -1176.686     0.014
 -1176.586     0.015
 -1176.487     0.015
 -1176.387     0.014
 -1176.287     0.013
 -1176.188     0.014
 -1176.088     0.013
 -1175.989     0.014
 -1175.889     0.015
 -1175.789     0.013
 -1175.690     0.012
 -1175.590     0.012
 -1175.490     0.013
 -1175.391     0.014
 -1175.291     0.015
 -1175.192     0.015
 -1175.092     0.016
 -1174.992     0.014
 -1174.893     0.015
 -1174.793     0.014
 -1174.694     0.013
 -1174.594     0.014
 -1174.494     0.014
 -1174.395     0.014
 -1174.295     0.014
 -1174.195     0.013
 -1174.096     0.012
 -1173.996     0.015
 -1173.897     0.013
 -1173.797     0.014
 -1173.698     0.013
 -1173.598     0.014
 -1173.498     0.013
 -1173.399     0.013
 -1173.299     0.012
 -1173.200     0.012
 -1173.100     0.013
 -1173.000     0.015
 -1172.901     0.017
 -1172.801     0.021
 -1172.701     0.026
 -1172.602     0.028
 -1172.502     0.029
 -1172.403     0.028
 -1172.303     0.028
 -1172.203     0.028
 -1172.104     0.026
 -1172.004     0.025
 -1171.905     0.019
 -1171.805     0.015
 -1171.705     0.014
 -1171.606     0.013
 -1171.506     0.015
 -1171.407     0.014
 -1171.307     0.015
 -1171.207     0.015
 -1171.108     0.016
 -1171.008     0.016
 -1170.908     0.014
 -1170.809     0.013
 -1170.709     0.014
 -1170.610     0.013
 -1170.510     0.014
 -1170.410     0.014
 -1170.311     0.015
 -1170.211     0.016
 -1170.112     0.018
 -1170.012     0.018
 -1169.912     0.021
 -1169.813     0.026
 -1169.713     0.027
 -1169.614     0.028
 -1169.514     0.027
 -1169.414     0.027
 -1169.315     0.026
 -1169.215     0.023
 -1169.115     0.022
 -1169.016     0.016
 -1168.916     0.012
 -1168.817     0.014
 -1168.717     0.012
 -1168.617     0.014
 -1168.518     0.014
 -1168.418     0.015
 -1168.319     0.017
 -1168.219     0.019
 -1168.119     0.024
 -1168.020     0.027
 -1167.920     0.028
 -1167.820     0.028
 -1167.721     0.028
 -1167.621     0.027
 -1167.522     0.026
 -1167.422     0.024
 -1167.323     0.017
 -1167.223     0.014
 -1167.123     0.012
 -1167.024     0.013
 -1166.924     0.012
 -1166.825     0.012
 -1166.725     0.013
 -1166.625     0.013
 -1166.526     0.013
 -1166.426     0.013
 -1166.326     0.015
 -1166.227     0.014
 -1166.127     0.015
 -1166.028     0.014
 -1165.928     0.014
 -1165.828     0.015
 -1165.729     0.016
 -1165.629     0.016
 -1165.530     0.015
 -1165.430     0.016
 -1165.330     0.015
 -1165.231     0.016
 -1165.131     0.016
 -1165.032     0.015
 -1164.932     0.015
 -1164.832     0.015
 -1164.733     0.015
 -1164.633     0.016
 -1164.533     0.014
 -1164.434     0.015
 -1164.334     0.013
 -1164.235     0.014
 -1164.135     0.015
 -1164.035     0.014
 -1163.936     0.015
 -1163.836     0.015
 -1163.737     0.015
 -1163.637     0.018
 -1163.537     0.018
 -1163.438     0.019
 -1163.338     0.020
 -1163.239     0.021
 -1163.139     0.023
 -1163.039     0.028
 -1162.940     0.030
 -1162.840     0.029
 -1162.740     0.027
 -1162.641     0.027
 -1162.541     0.025
 -1162.442     0.022
 -1162.342     0.018
 -1162.242     0.014
 -1162.143     0.014
 -1162.043     0.015
 -1161.944     0.015
 -1161.844     0.015
 -1161.744     0.014
 -1161.645     0.013
 -1161.545     0.014
 -1161.445     0.016
 -1161.346     0.017
 -1161.246     0.019
 -1161.147     0.022
 -1161.047     0.027
 -1160.948     0.029
 -1160.848     0.029
 -1160.748     0.029
 -1160.649     0.029
 -1160.549     0.029
 -1160.450     0.029
 -1160.350     0.028
 -1160.250     0.029
 -1160.151     0.028
 -1160.051     0.026
 -1159.951     0.025
 -1159.852     0.022
 -1159.752     0.017
 -1159.653     0.014
 -1159.553     0.014
 -1159.453     0.014
 -1159.354     0.014
 -1159.254     0.015
 -1159.155     0.015
 -1159.055     0.015
 -1158.955     0.015
 -1158.856     0.015
 -1158.756     0.015
 -1158.657     0.014
 -1158.557     0.015
 -1158.457     0.015
 -1158.358     0.014
 -1158.258     0.015
 -1158.158     0.016
 -1158.059     0.016
 -1157.959     0.017
 -1157.860     0.017
 -1157.760     0.018
 -1157.660     0.018
 -1157.561     0.020
 -1157.461     0.021
 -1157.362     0.022
 -1157.262     0.028
 -1157.162     0.028
 -1157.063     0.030
 -1156.963     0.030
 -1156.864     0.029
 -1156.764     0.026
 -1156.664     0.022
 -1156.565     0.017
 -1156.465     0.015
 -1156.365     0.015
 -1156.266     0.016
 -1156.166     0.016
 -1156.067     0.014
 -1155.967     0.015
 -1155.867     0.016
 -1155.768     0.016
 -1155.668     0.017
 -1155.569     0.016
 -1155.469     0.017
 -1155.369     0.015
 -1155.270     0.015
 -1155.170     0.015
 -1155.070     0.014
 -1154.971     0.014
 -1154.871     0.016
 -1154.772     0.015
 -1154.672     0.015
 -1154.573     0.015
 -1154.473     0.015
 -1154.373     0.015
 -1154.274     0.015
 -1154.174     0.015
 -1154.075     0.016
 -1153.975     0.016
 -1153.875     0.016
 -1153.776     0.017
 -1153.676     0.016
 -1153.576     0.014
 -1153.477     0.015
 -1153.377     0.016
 -1153.278     0.017
 -1153.178     0.017
 -1153.078     0.016
 -1152.979     0.017
 -1152.879     0.015
 -1152.780     0.015
 -1152.680     0.016
 -1152.580     0.016
 -1152.481     0.017
 -1152.381     0.018
 -1152.282     0.017
 -1152.182     0.017
 -1152.082     0.017
 -1151.983     0.017
 -1151.883     0.017
 -1151.783     0.016
 -1151.684     0.015
 -1151.584     0.016
 -1151.485     0.016
 -1151.385     0.016
 -1151.285     0.015
 -1151.186     0.016
 -1151.086     0.015
 -1150.987     0.016
 -1150.887     0.017
 -1150.787     0.016
 -1150.688     0.019
 -1150.588     0.019
 -1150.489     0.019
 -1150.389     0.021
 -1150.289     0.020
 -1150.190     0.022
 -1150.090     0.022
 -1149.990     0.028
 -1149.891     0.030
 -1149.791     0.031
 -1149.692     0.030
 -1149.592     0.029
 -1149.492     0.029
 -1149.393     0.026
 -1149.293     0.024
 -1149.194     0.018
 -1149.094     0.015
 -1148.994     0.014
 -1148.895     0.014
 -1148.795     0.013
 -1148.695     0.015
 -1148.596     0.014
 -1148.496     0.015
 -1148.397     0.015
 -1148.297     0.016
 -1148.198     0.015
 -1148.098     0.015
 -1147.998     0.016
 -1147.899     0.017
 -1147.799     0.017
 -1147.700     0.017
 -1147.600     0.017
 -1147.500     0.017
 -1147.401     0.017
 -1147.301     0.018
 -1147.201     0.017
 -1147.102     0.018
 -1147.002     0.019
 -1146.903     0.018
 -1146.803     0.019
 -1146.703     0.017
 -1146.604     0.017
 -1146.504     0.015
 -1146.405     0.016
 -1146.305     0.017
 -1146.205     0.017
 -1146.106     0.017
 -1146.006     0.017
 -1145.907     0.017
 -1145.807     0.019
 -1145.707     0.017
 -1145.608     0.015
 -1145.508     0.015
 -1145.408     0.015
 -1145.309     0.018
 -1145.209     0.016
 -1145.110     0.016
 -1145.010     0.016
 -1144.910     0.016
 -1144.811     0.017
 -1144.711     0.017
 -1144.612     0.018
 -1144.512     0.017
 -1144.412     0.015
 -1144.313     0.016
 -1144.213     0.016
 -1144.114     0.017
 -1144.014     0.016
 -1143.914     0.015
 -1143.815     0.017
 -1143.715     0.019
 -1143.615     0.019
 -1143.516     0.023
 -1143.416     0.027
 -1143.317     0.030
 -1143.217     0.030
 -1143.117     0.030
 -1143.018     0.030
 -1142.918     0.028
 -1142.819     0.026
 -1142.719     0.025
 -1142.619     0.020
 -1142.520     0.017
 -1142.420     0.016
 -1142.320     0.016
 -1142.221     0.016
 -1142.121     0.016
 -1142.022     0.015
 -1141.922     0.017
 -1141.823     0.016
 -1141.723     0.017
 -1141.623     0.017
 -1141.524     0.017
 -1141.424     0.018
 -1141.325     0.016
 -1141.225     0.016
 -1141.125     0.016
 -1141.026     0.016
 -1140.926     0.015
 -1140.826     0.014
 -1140.727     0.016
 -1140.627     0.017
 -1140.528     0.019
 -1140.428     0.019
 -1140.328     0.022
 -1140.229     0.026
 -1140.129     0.030
 -1140.030     0.030
 -1139.930     0.031
 -1139.830     0.031
 -1139.731     0.031
 -1139.631     0.031
 -1139.532     0.030
 -1139.432     0.029
 -1139.332     0.028
 -1139.233     0.024
 -1139.133     0.019
 -1139.033     0.017
 -1138.934     0.016
 -1138.834     0.016
 -1138.735     0.016
 -1138.635     0.016
 -1138.535     0.014
 -1138.436     0.016
 -1138.336     0.014
 -1138.237     0.017
 -1138.137     0.018
 -1138.037     0.018
 -1137.938     0.020
 -1137.838     0.019
 -1137.739     0.019
 -1137.639     0.018
 -1137.539     0.019
 -1137.440     0.017
 -1137.340     0.015
 -1137.240     0.015
 -1137.141     0.017
 -1137.041     0.016
 -1136.942     0.017
 -1136.842     0.017
 -1136.742     0.017
 -1136.643     0.017
 -1136.543     0.017
 -1136.444     0.018
 -1136.344     0.016
 -1136.244     0.017
 -1136.145     0.016
 -1136.045     0.018
 -1135.945     0.018
 -1135.846     0.018
 -1135.746     0.019
 -1135.647     0.019
 -1135.547     0.020
 -1135.448     0.022
 -1135.348     0.024
 -1135.248     0.029
 -1135.149     0.031
 -1135.049     0.031
 -1134.950     0.030
 -1134.850     0.029
 -1134.750     0.027
 -1134.651     0.024
 -1134.551     0.020
 -1134.451     0.018
 -1134.352     0.016
 -1134.252     0.018
 -1134.153     0.016
 -1134.053     0.018
 -1133.953     0.017
 -1133.854     0.018
 -1133.754     0.017
 -1133.655     0.016
 -1133.555     0.017
 -1133.455     0.017
 -1133.356     0.018
 -1133.256     0.019
 -1133.157     0.022
 -1133.057     0.024
 -1132.957     0.029
 -1132.858     0.031
 -1132.758     0.032
 -1132.658     0.032
 -1132.559     0.031
 -1132.459     0.031
 -1132.360     0.030
 -1132.260     0.030
 -1132.160     0.028
 -1132.061     0.027
 -1131.961     0.023
 -1131.862     0.019
 -1131.762     0.018
 -1131.662     0.017
 -1131.563     0.019
 -1131.463     0.017
 -1131.364     0.017
 -1131.264     0.017
 -1131.164     0.018
 -1131.065     0.019
 -1130.965     0.019
 -1130.865     0.020
 -1130.766     0.021
 -1130.666     0.022
 -1130.567     0.025
 -1130.467     0.029
 -1130.367     0.032
 -1130.268     0.032
 -1130.168     0.032
 -1130.069     0.033
 -1129.969     0.031
 -1129.869     0.031
 -1129.770     0.029
 -1129.670     0.027
 -1129.570     0.024
 -1129.471     0.017
 -1129.371     0.017
 -1129.272     0.017
 -1129.172     0.017
 -1129.073     0.017
 -1128.973     0.019
 -1128.873     0.019
 -1128.774     0.019
 -1128.674     0.020
 -1128.575     0.022
 -1128.475     0.023
 -1128.375     0.026
 -1128.276     0.029
 -1128.176     0.031
 -1128.076     0.033
 -1127.977     0.032
 -1127.877     0.031
 -1127.778     0.031
 -1127.678     0.029
 -1127.578     0.025
 -1127.479     0.019
 -1127.379     0.018
 -1127.280     0.018
 -1127.180     0.016
 -1127.080     0.017
 -1126.981     0.018
 -1126.881     0.018
 -1126.782     0.018
 -1126.682     0.017
 -1126.582     0.017
 -1126.483     0.017
 -1126.383     0.018
 -1126.283     0.018
 -1126.184     0.019
 -1126.084     0.021
 -1125.985     0.021
 -1125.885     0.022
 -1125.785     0.024
 -1125.686     0.025
 -1125.586     0.030
 -1125.487     0.032
 -1125.387     0.033
 -1125.287     0.032
 -1125.188     0.031
 -1125.088     0.031
 -1124.989     0.028
 -1124.889     0.026
 -1124.789     0.019
 -1124.690     0.019
 -1124.590     0.017
 -1124.490     0.017
 -1124.391     0.017
 -1124.291     0.017
 -1124.192     0.019
 -1124.092     0.018
 -1123.992     0.019
 -1123.893     0.019
 -1123.793     0.019
 -1123.694     0.018
 -1123.594     0.017
 -1123.494     0.017
 -1123.395     0.018
 -1123.295     0.019
 -1123.195     0.018
 -1123.096     0.018
 -1122.996     0.019
 -1122.897     0.019
 -1122.797     0.020
 -1122.698     0.020
 -1122.598     0.021
 -1122.498     0.020
 -1122.399     0.021
 -1122.299     0.023
 -1122.200     0.024
 -1122.100     0.024
 -1122.000     0.028
 -1121.901     0.032
 -1121.801     0.034
 -1121.701     0.034
 -1121.602     0.033
 -1121.502     0.033
 -1121.403     0.032
 -1121.303     0.029
 -1121.203     0.027
 -1121.104     0.023
 -1121.004     0.019
 -1120.905     0.017
 -1120.805     0.019
 -1120.705     0.018
 -1120.606     0.018
 -1120.506     0.019
 -1120.407     0.019
 -1120.307     0.021
 -1120.207     0.021
 -1120.108     0.024
 -1120.008     0.027
 -1119.908     0.031
 -1119.809     0.032
 -1119.709     0.032
 -1119.610     0.034
 -1119.510     0.033
 -1119.410     0.033
 -1119.311     0.032
 -1119.211     0.030
 -1119.112     0.027
 -1119.012     0.020
 -1118.912     0.018
 -1118.813     0.018
 -1118.713     0.017
 -1118.614     0.018
 -1118.514     0.019
 -1118.414     0.019
 -1118.315     0.020
 -1118.215     0.019
 -1118.115     0.020
 -1118.016     0.019
 -1117.916     0.019
 -1117.817     0.019
 -1117.717     0.019
 -1117.617     0.018
 -1117.518     0.019
 -1117.418     0.020
 -1117.319     0.022
 -1117.219     0.022
 -1117.119     0.024
 -1117.020     0.027
 -1116.920     0.032
 -1116.820     0.034
 -1116.721     0.034
 -1116.621     0.033
 -1116.522     0.034
 -1116.422     0.031
 -1116.323     0.029
 -1116.223     0.026
 -1116.123     0.020
 -1116.024     0.018
 -1115.924     0.017
 -1115.825     0.018
 -1115.725     0.018
 -1115.625     0.020
 -1115.526     0.020
 -1115.426     0.021
 -1115.326     0.021
 -1115.227     0.021
 -1115.127     0.022
 -1115.028     0.022
 -1114.928     0.022
 -1114.828     0.021
 -1114.729     0.021
 -1114.629     0.020
 -1114.530     0.019
 -1114.430     0.019
 -1114.330     0.018
 -1114.231     0.018
 -1114.131     0.019
 -1114.032     0.020
 -1113.932     0.020
 -1113.832     0.021
 -1113.733     0.022
 -1113.633     0.023
 -1113.533     0.023
 -1113.434     0.024
 -1113.334     0.024
 -1113.235     0.028
 -1113.135     0.031
 -1113.035     0.033
 -1112.936     0.034
 -1112.836     0.032
 -1112.737     0.032
 -1112.637     0.032
 -1112.537     0.031
 -1112.438     0.030
 -1112.338     0.029
 -1112.239     0.029
 -1112.139     0.024
 -1112.039     0.021
 -1111.940     0.018
 -1111.840     0.018
 -1111.740     0.020
 -1111.641     0.020
 -1111.541     0.021
 -1111.442     0.023
 -1111.342     0.024
 -1111.242     0.026
 -1111.143     0.030
 -1111.043     0.034
 -1110.944     0.035
 -1110.844     0.035
 -1110.744     0.035
 -1110.645     0.032
 -1110.545     0.031
 -1110.445     0.027
 -1110.346     0.021
 -1110.246     0.019
 -1110.147     0.019
 -1110.047     0.019
 -1109.948     0.021
 -1109.848     0.021
 -1109.748     0.021
 -1109.649     0.022
 -1109.549     0.021
 -1109.450     0.022
 -1109.350     0.022
 -1109.250     0.020
 -1109.151     0.020
 -1109.051     0.020
 -1108.951     0.020
 -1108.852     0.019
 -1108.752     0.019
 -1108.653     0.020
 -1108.553     0.020
 -1108.453     0.020
 -1108.354     0.019
 -1108.254     0.021
 -1108.155     0.021
 -1108.055     0.020
 -1107.955     0.021
 -1107.856     0.021
 -1107.756     0.021
 -1107.657     0.021
 -1107.557     0.021
 -1107.457     0.020
 -1107.358     0.020
 -1107.258     0.020
 -1107.158     0.022
 -1107.059     0.023
 -1106.959     0.023
 -1106.860     0.024
 -1106.760     0.026
 -1106.660     0.030
 -1106.561     0.033
 -1106.461     0.035
 -1106.362     0.035
 -1106.262     0.034
 -1106.162     0.032
 -1106.063     0.032
 -1105.963     0.031
 -1105.864     0.029
 -1105.764     0.023
 -1105.664     0.020
 -1105.565     0.020
 -1105.465     0.019
 -1105.365     0.020
 -1105.266     0.022
 -1105.166     0.021
 -1105.067     0.021
 -1104.967     0.020
 -1104.867     0.021
 -1104.768     0.020
 -1104.668     0.021
 -1104.569     0.022
 -1104.469     0.023
 -1104.369     0.023
 -1104.270     0.022
 -1104.170     0.023
 -1104.070     0.023
 -1103.971     0.022
 -1103.871     0.024
 -1103.772     0.025
 -1103.672     0.025
 -1103.573     0.026
 -1103.473     0.026
 -1103.373     0.028
 -1103.274     0.032
 -1103.174     0.034
 -1103.075     0.036
 -1102.975     0.034
 -1102.875     0.035
 -1102.776     0.033
 -1102.676     0.032
 -1102.576     0.029
 -1102.477     0.022
 -1102.377     0.020
 -1102.278     0.021
 -1102.178     0.020
 -1102.078     0.021
 -1101.979     0.020
 -1101.879     0.021
 -1101.780     0.022
 -1101.680     0.022
 -1101.580     0.021
 -1101.481     0.021
 -1101.381     0.021
 -1101.282     0.021
 -1101.182     0.022
 -1101.082     0.021
 -1100.983     0.022
 -1100.883     0.023
 -1100.783     0.025
 -1100.684     0.025
 -1100.584     0.026
 -1100.485     0.028
 -1100.385     0.033
 -1100.285     0.035
 -1100.186     0.035
 -1100.086     0.036
 -1099.987     0.036
 -1099.887     0.034
 -1099.787     0.032
 -1099.688     0.030
 -1099.588     0.024
 -1099.489     0.021
 -1099.389     0.020
 -1099.289     0.021
 -1099.190     0.019
 -1099.090     0.020
 -1098.990     0.021
 -1098.891     0.020
 -1098.791     0.021
 -1098.692     0.022
 -1098.592     0.022
 -1098.492     0.023
 -1098.393     0.022
 -1098.293     0.023
 -1098.194     0.022
 -1098.094     0.022
 -1097.994     0.021
 -1097.895     0.021
 -1097.795     0.020
 -1097.695     0.021
 -1097.596     0.021
 -1097.496     0.021
 -1097.397     0.022
 -1097.297     0.022
 -1097.198     0.022
 -1097.098     0.021
 -1096.998     0.020
 -1096.899     0.021
 -1096.799     0.021
 -1096.700     0.022
 -1096.600     0.023
 -1096.500     0.022
 -1096.401     0.021
 -1096.301     0.021
 -1096.201     0.022
 -1096.102     0.021
 -1096.002     0.021
 -1095.903     0.021
 -1095.803     0.022
 -1095.703     0.022
 -1095.604     0.022
 -1095.504     0.024
 -1095.405     0.024
 -1095.305     0.023
 -1095.205     0.024
 -1095.106     0.022
 -1095.006     0.022
 -1094.907     0.022
 -1094.807     0.022
 -1094.707     0.022
 -1094.608     0.022
 -1094.508     0.022
 -1094.408     0.021
 -1094.309     0.023
 -1094.209     0.022
 -1094.110     0.023
 -1094.010     0.022
 -1093.910     0.021
 -1093.811     0.021
 -1093.711     0.022
 -1093.612     0.022
 -1093.512     0.022
 -1093.412     0.023
 -1093.313     0.023
 -1093.213     0.022
 -1093.114     0.023
 -1093.014     0.022
 -1092.914     0.023
 -1092.815     0.021
 -1092.715     0.022
 -1092.615     0.023
 -1092.516     0.023
 -1092.416     0.023
 -1092.317     0.024
 -1092.217     0.025
 -1092.117     0.026
 -1092.018     0.026
 -1091.918     0.027
 -1091.819     0.028
 -1091.719     0.028
 -1091.619     0.029
 -1091.520     0.033
 -1091.420     0.036
 -1091.320     0.035
 -1091.221     0.035
 -1091.121     0.035
 -1091.022     0.034
 -1090.922     0.033
 -1090.823     0.030
 -1090.723     0.025
 -1090.623     0.021
 -1090.524     0.020
 -1090.424     0.021
 -1090.325     0.021
 -1090.225     0.020
 -1090.125     0.022
 -1090.026     0.021
 -1089.926     0.022
 -1089.826     0.022
 -1089.727     0.020
 -1089.627     0.020
 -1089.528     0.022
 -1089.428     0.023
 -1089.328     0.021
 -1089.229     0.021
 -1089.129     0.023
 -1089.030     0.023
 -1088.930     0.025
 -1088.830     0.026
 -1088.731     0.027
 -1088.631     0.029
 -1088.532     0.034
 -1088.432     0.037
 -1088.332     0.036
 -1088.233     0.036
 -1088.133     0.037
 -1088.033     0.037
 -1087.934     0.035
 -1087.834     0.034
 -1087.735     0.031
 -1087.635     0.028
 -1087.535     0.024
 -1087.436     0.023
 -1087.336     0.021
 -1087.237     0.023
 -1087.137     0.021
 -1087.037     0.020
 -1086.938     0.022
 -1086.838     0.023
 -1086.739     0.022
 -1086.639     0.022
 -1086.539     0.022
 -1086.440     0.022
 -1086.340     0.024
 -1086.240     0.024
 -1086.141     0.024
 -1086.041     0.025
 -1085.942     0.025
 -1085.842     0.025
 -1085.742     0.026
 -1085.643     0.026
 -1085.543     0.027
 -1085.444     0.027
 -1085.344     0.027
 -1085.244     0.027
 -1085.145     0.027
 -1085.045     0.027
 -1084.945     0.027
 -1084.846     0.027
 -1084.746     0.025
 -1084.647     0.025
 -1084.547     0.024
 -1084.448     0.022
 -1084.348     0.022
 -1084.248     0.023
 -1084.149     0.023
 -1084.049     0.022
 -1083.950     0.024
 -1083.850     0.023
 -1083.750     0.023
 -1083.651     0.024
 -1083.551     0.024
 -1083.451     0.023
 -1083.352     0.023
 -1083.252     0.023
 -1083.153     0.024
 -1083.053     0.024
 -1082.953     0.024
 -1082.854     0.024
 -1082.754     0.024
 -1082.655     0.024
 -1082.555     0.025
 -1082.455     0.025
 -1082.356     0.025
 -1082.256     0.024
 -1082.157     0.023
 -1082.057     0.023
 -1081.957     0.025
 -1081.858     0.024
 -1081.758     0.024
 -1081.658     0.024
 -1081.559     0.024
 -1081.459     0.026
 -1081.360     0.025
 -1081.260     0.024
 -1081.160     0.024
 -1081.061     0.024
 -1080.961     0.023
 -1080.862     0.024
 -1080.762     0.024
 -1080.662     0.023
 -1080.563     0.024
 -1080.463     0.024
 -1080.364     0.026
 -1080.264     0.027
 -1080.164     0.028
 -1080.065     0.031
 -1079.965     0.035
 -1079.865     0.039
 -1079.766     0.037
 -1079.666     0.038
 -1079.567     0.038
 -1079.467     0.038
 -1079.367     0.036
 -1079.268     0.035
 -1079.168     0.033
 -1079.069     0.028
 -1078.969     0.022
 -1078.869     0.024
 -1078.770     0.023
 -1078.670     0.024
 -1078.570     0.026
 -1078.471     0.025
 -1078.371     0.027
 -1078.272     0.027
 -1078.172     0.027
 -1078.073     0.027
 -1077.973     0.025
 -1077.873     0.024
 -1077.774     0.023
 -1077.674     0.023
 -1077.575     0.023
 -1077.475     0.024
 -1077.375     0.024
 -1077.276     0.023
 -1077.176     0.021
 -1077.076     0.023
 -1076.977     0.023
 -1076.877     0.024
 -1076.778     0.025
 -1076.678     0.023
 -1076.578     0.024
 -1076.479     0.025
 -1076.379     0.025
 -1076.280     0.024
 -1076.180     0.025
 -1076.080     0.027
 -1075.981     0.028
 -1075.881     0.027
 -1075.782     0.027
 -1075.682     0.026
 -1075.582     0.024
 -1075.483     0.025
 -1075.383     0.023
 -1075.283     0.024
 -1075.184     0.023
 -1075.084     0.023
 -1074.985     0.023
 -1074.885     0.023
 -1074.785     0.024
 -1074.686     0.025
 -1074.586     0.026
 -1074.487     0.026
 -1074.387     0.029
 -1074.287     0.031
 -1074.188     0.036
 -1074.088     0.038
 -1073.989     0.039
 -1073.889     0.039
 -1073.789     0.038
 -1073.690     0.036
 -1073.590     0.036
 -1073.490     0.034
 -1073.391     0.029
 -1073.291     0.025
 -1073.192     0.023
 -1073.092     0.025
 -1072.992     0.023
 -1072.893     0.024
 -1072.793     0.024
 -1072.694     0.024
 -1072.594     0.023
 -1072.494     0.024
 -1072.395     0.025
 -1072.295     0.024
 -1072.195     0.026
 -1072.096     0.024
 -1071.996     0.025
 -1071.897     0.025
 -1071.797     0.026
 -1071.698     0.027
 -1071.598     0.028
 -1071.498     0.029
 -1071.399     0.029
 -1071.299     0.034
 -1071.200     0.037
 -1071.100     0.038
 -1071.000     0.040
 -1070.901     0.039
 -1070.801     0.039
 -1070.701     0.038
 -1070.602     0.035
 -1070.502     0.033
 -1070.403     0.027
 -1070.303     0.024
 -1070.203     0.025
 -1070.104     0.023
 -1070.004     0.026
 -1069.905     0.024
 -1069.805     0.026
 -1069.705     0.026
 -1069.606     0.024
 -1069.506     0.024
 -1069.407     0.023
 -1069.307     0.025
 -1069.207     0.026
 -1069.108     0.026
 -1069.008     0.028
 -1068.908     0.030
 -1068.809     0.033
 -1068.709     0.037
 -1068.610     0.039
 -1068.510     0.039
 -1068.410     0.038
 -1068.311     0.038
 -1068.211     0.037
 -1068.112     0.036
 -1068.012     0.033
 -1067.912     0.027
 -1067.813     0.025
 -1067.713     0.024
 -1067.614     0.024
 -1067.514     0.025
 -1067.414     0.025
 -1067.315     0.026
 -1067.215     0.028
 -1067.115     0.028
 -1067.016     0.030
 -1066.916     0.028
 -1066.817     0.030
 -1066.717     0.030
 -1066.617     0.031
 -1066.518     0.033
 -1066.418     0.038
 -1066.319     0.039
 -1066.219     0.039
 -1066.119     0.039
 -1066.020     0.036
 -1065.920     0.034
 -1065.820     0.032
 -1065.721     0.027
 -1065.621     0.024
 -1065.522     0.024
 -1065.422     0.024
 -1065.323     0.023
 -1065.223     0.024
 -1065.123     0.026
 -1065.024     0.025
 -1064.924     0.025
 -1064.825     0.027
 -1064.725     0.028
 -1064.625     0.029
 -1064.526     0.030
 -1064.426     0.030
 -1064.326     0.032
 -1064.227     0.035
 -1064.127     0.038
 -1064.028     0.038
 -1063.928     0.039
 -1063.828     0.039
 -1063.729     0.040
 -1063.629     0.038
 -1063.530     0.034
 -1063.430     0.030
 -1063.330     0.025
 -1063.231     0.025
 -1063.131     0.024
 -1063.032     0.024
 -1062.932     0.023
 -1062.832     0.025
 -1062.733     0.024
 -1062.633     0.024
 -1062.533     0.026
 -1062.434     0.027
 -1062.334     0.028
 -1062.235     0.029
 -1062.135     0.028
 -1062.035     0.028
 -1061.936     0.028
 -1061.836     0.031
 -1061.737     0.030
 -1061.637     0.031
 -1061.537     0.032
 -1061.438     0.035
 -1061.338     0.038
 -1061.239     0.039
 -1061.139     0.040
 -1061.039     0.040
 -1060.940     0.038
 -1060.840     0.037
 -1060.740     0.036
 -1060.641     0.034
 -1060.541     0.027
 -1060.442     0.024
 -1060.342     0.023
 -1060.242     0.025
 -1060.143     0.025
 -1060.043     0.026
 -1059.944     0.025
 -1059.844     0.024
 -1059.744     0.023
 -1059.645     0.026
 -1059.545     0.027
 -1059.445     0.028
 -1059.346     0.032
 -1059.246     0.037
 -1059.147     0.039
 -1059.047     0.041
 -1058.948     0.040
 -1058.848     0.041
 -1058.748     0.040
 -1058.649     0.039
 -1058.549     0.036
 -1058.450     0.033
 -1058.350     0.028
 -1058.250     0.026
 -1058.151     0.024
 -1058.051     0.026
 -1057.951     0.026
 -1057.852     0.026
 -1057.752     0.027
 -1057.653     0.025
 -1057.553     0.027
 -1057.453     0.027
 -1057.354     0.028
 -1057.254     0.027
 -1057.155     0.026
 -1057.055     0.026
 -1056.955     0.027
 -1056.856     0.024
 -1056.756     0.026
 -1056.657     0.027
 -1056.557     0.028
 -1056.457     0.027
 -1056.358     0.027
 -1056.258     0.028
 -1056.158     0.027
 -1056.059     0.028
 -1055.959     0.028
 -1055.860     0.027
 -1055.760     0.026
 -1055.660     0.026
 -1055.561     0.025
 -1055.461     0.026
 -1055.362     0.025
 -1055.262     0.027
 -1055.162     0.026
 -1055.063     0.028
 -1054.963     0.030
 -1054.864     0.030
 -1054.764     0.031
 -1054.664     0.030
 -1054.565     0.030
 -1054.465     0.029
 -1054.365     0.028
 -1054.266     0.027
 -1054.166     0.027
 -1054.067     0.026
 -1053.967     0.028
 -1053.867     0.027
 -1053.768     0.027
 -1053.668     0.027
 -1053.569     0.027
 -1053.469     0.027
 -1053.369     0.026
 -1053.270     0.026
 -1053.170     0.026
 -1053.070     0.026
 -1052.971     0.027
 -1052.871     0.027
 -1052.772     0.027
 -1052.672     0.028
 -1052.573     0.029
 -1052.473     0.027
 -1052.373     0.028
 -1052.274     0.029
 -1052.174     0.028
 -1052.075     0.027
 -1051.975     0.027
 -1051.875     0.028
 -1051.776     0.027
 -1051.676     0.027
 -1051.576     0.028
 -1051.477     0.029
 -1051.377     0.029
 -1051.278     0.030
 -1051.178     0.031
 -1051.078     0.032
 -1050.979     0.034
 -1050.879     0.034
 -1050.780     0.038
 -1050.680     0.040
 -1050.580     0.041
 -1050.481     0.041
 -1050.381     0.040
 -1050.282     0.038
 -1050.182     0.038
 -1050.082     0.036
 -1049.983     0.030
 -1049.883     0.027
 -1049.783     0.025
 -1049.684     0.025
 -1049.584     0.025
 -1049.485     0.027
 -1049.385     0.027
 -1049.285     0.029
 -1049.186     0.031
 -1049.086     0.034
 -1048.987     0.039
 -1048.887     0.040
 -1048.787     0.041
 -1048.688     0.041
 -1048.588     0.041
 -1048.489     0.039
 -1048.389     0.036
 -1048.289     0.031
 -1048.190     0.028
 -1048.090     0.025
 -1047.990     0.025
 -1047.891     0.026
 -1047.791     0.027
 -1047.692     0.028
 -1047.592     0.027
 -1047.492     0.030
 -1047.393     0.030
 -1047.293     0.030
 -1047.194     0.032
 -1047.094     0.036
 -1046.994     0.040
 -1046.895     0.041
 -1046.795     0.043
 -1046.695     0.042
 -1046.596     0.040
 -1046.496     0.039
 -1046.397     0.036
 -1046.297     0.032
 -1046.198     0.028
 -1046.098     0.027
 -1045.998     0.026
 -1045.899     0.026
 -1045.799     0.027
 -1045.700     0.026
 -1045.600     0.025
 -1045.500     0.027
 -1045.401     0.028
 -1045.301     0.030
 -1045.201     0.031
 -1045.102     0.034
 -1045.002     0.038
 -1044.903     0.040
 -1044.803     0.041
 -1044.703     0.040
 -1044.604     0.041
 -1044.504     0.041
 -1044.405     0.039
 -1044.305     0.040
 -1044.205     0.036
 -1044.106     0.034
 -1044.006     0.029
 -1043.907     0.027
 -1043.807     0.027
 -1043.707     0.028
 -1043.608     0.030
 -1043.508     0.030
 -1043.408     0.030
 -1043.309     0.033
 -1043.209     0.032
 -1043.110     0.032
 -1043.010     0.032
 -1042.910     0.031
 -1042.811     0.032
 -1042.711     0.031
 -1042.612     0.031
 -1042.512     0.030
 -1042.412     0.030
 -1042.313     0.028
 -1042.213     0.028
 -1042.114     0.029
 -1042.014     0.027
 -1041.914     0.028
 -1041.815     0.028
 -1041.715     0.028
 -1041.615     0.027
 -1041.516     0.026
 -1041.416     0.027
 -1041.317     0.027
 -1041.217     0.028
 -1041.117     0.029
 -1041.018     0.029
 -1040.918     0.028
 -1040.819     0.028
 -1040.719     0.029
 -1040.619     0.030
 -1040.520     0.029
 -1040.420     0.029
 -1040.320     0.030
 -1040.221     0.029
 -1040.121     0.028
 -1040.022     0.029
 -1039.922     0.028
 -1039.823     0.030
 -1039.723     0.030
 -1039.623     0.032
 -1039.524     0.032
 -1039.424     0.031
 -1039.325     0.032
 -1039.225     0.032
 -1039.125     0.034
 -1039.026     0.033
 -1038.926     0.035
 -1038.826     0.037
 -1038.727     0.040
 -1038.627     0.042
 -1038.528     0.043
 -1038.428     0.043
 -1038.328     0.043
 -1038.229     0.043
 -1038.129     0.043
 -1038.030     0.042
 -1037.930     0.042
 -1037.830     0.040
 -1037.731     0.039
 -1037.631     0.034
 -1037.532     0.029
 -1037.432     0.028
 -1037.332     0.027
 -1037.233     0.029
 -1037.133     0.028
 -1037.033     0.028
 -1036.934     0.028
 -1036.834     0.027
 -1036.735     0.029
 -1036.635     0.029
 -1036.535     0.031
 -1036.436     0.034
 -1036.336     0.038
 -1036.237     0.041
 -1036.137     0.043
 -1036.037     0.043
 -1035.938     0.043
 -1035.838     0.042
 -1035.739     0.040
 -1035.639     0.038
 -1035.539     0.031
 -1035.440     0.028
 -1035.340     0.027
 -1035.240     0.028
 -1035.141     0.028
 -1035.041     0.029
 -1034.942     0.030
 -1034.842     0.029
 -1034.742     0.029
 -1034.643     0.029
 -1034.543     0.029
 -1034.444     0.029
 -1034.344     0.028
 -1034.244     0.028
 -1034.145     0.030
 -1034.045     0.030
 -1033.945     0.031
 -1033.846     0.031
 -1033.746     0.030
 -1033.647     0.029
 -1033.547     0.030
 -1033.448     0.029
 -1033.348     0.029
 -1033.248     0.031
 -1033.149     0.029
 -1033.049     0.030
 -1032.950     0.029
 -1032.850     0.031
 -1032.750     0.029
 -1032.651     0.029
 -1032.551     0.029
 -1032.451     0.030
 -1032.352     0.030
 -1032.252     0.029
 -1032.153     0.028
 -1032.053     0.029
 -1031.953     0.030
 -1031.854     0.032
 -1031.754     0.034
 -1031.655     0.035
 -1031.555     0.039
 -1031.455     0.043
 -1031.356     0.044
 -1031.256     0.045
 -1031.157     0.044
 -1031.057     0.045
 -1030.957     0.043
 -1030.858     0.043
 -1030.758     0.039
 -1030.658     0.034
 -1030.559     0.031
 -1030.459     0.029
 -1030.360     0.028
 -1030.260     0.029
 -1030.160     0.028
 -1030.061     0.029
 -1029.961     0.027
 -1029.862     0.029
 -1029.762     0.029
 -1029.662     0.029
 -1029.563     0.032
 -1029.463     0.031
 -1029.364     0.034
 -1029.264     0.035
 -1029.164     0.041
 -1029.065     0.044
 -1028.965     0.045
 -1028.865     0.044
 -1028.766     0.043
 -1028.666     0.043
 -1028.567     0.041
 -1028.467     0.041
 -1028.367     0.039
 -1028.268     0.032
 -1028.168     0.029
 -1028.069     0.028
 -1027.969     0.028
 -1027.869     0.028
 -1027.770     0.028
 -1027.670     0.031
 -1027.570     0.032
 -1027.471     0.032
 -1027.371     0.033
 -1027.272     0.033
 -1027.172     0.035
 -1027.073     0.036
 -1026.973     0.042
 -1026.873     0.043
 -1026.774     0.043
 -1026.674     0.043
 -1026.575     0.043
 -1026.475     0.042
 -1026.375     0.041
 -1026.276     0.039
 -1026.176     0.033
 -1026.076     0.030
 -1025.977     0.028
 -1025.877     0.029
 -1025.778     0.029
 -1025.678     0.029
 -1025.578     0.028
 -1025.479     0.029
 -1025.379     0.031
 -1025.280     0.032
 -1025.180     0.032
 -1025.080     0.033
 -1024.981     0.033
 -1024.881     0.035
 -1024.782     0.037
 -1024.682     0.042
 -1024.582     0.044
 -1024.483     0.044
 -1024.383     0.044
 -1024.283     0.043
 -1024.184     0.044
 -1024.084     0.042
 -1023.985     0.042
 -1023.885     0.039
 -1023.785     0.034
 -1023.686     0.032
 -1023.586     0.030
 -1023.487     0.028
 -1023.387     0.029
 -1023.287     0.030
 -1023.188     0.032
 -1023.088     0.032
 -1022.989     0.034
 -1022.889     0.035
 -1022.789     0.036
 -1022.690     0.041
 -1022.590     0.043
 -1022.490     0.044
 -1022.391     0.043
 -1022.291     0.042
 -1022.192     0.041
 -1022.092     0.038
 -1021.992     0.034
 -1021.893     0.030
 -1021.793     0.028
 -1021.694     0.029
 -1021.594     0.029
 -1021.494     0.030
 -1021.395     0.031
 -1021.295     0.029
 -1021.195     0.030
 -1021.096     0.030
 -1020.996     0.031
 -1020.897     0.031
 -1020.797     0.033
 -1020.698     0.032
 -1020.598     0.032
 -1020.498     0.032
 -1020.399     0.032
 -1020.299     0.032
 -1020.200     0.031
 -1020.100     0.031
 -1020.000     0.032
 -1019.901     0.032
 -1019.801     0.032
 -1019.701     0.032
 -1019.602     0.032
 -1019.502     0.030
 -1019.403     0.030
 -1019.303     0.033
 -1019.203     0.033
 -1019.104     0.033
 -1019.004     0.032
 -1018.905     0.030
 -1018.805     0.031
 -1018.705     0.032
 -1018.606     0.031
 -1018.506     0.032
 -1018.407     0.032
 -1018.307     0.033
 -1018.207     0.033
 -1018.108     0.034
 -1018.008     0.037
 -1017.908     0.038
 -1017.809     0.039
 -1017.709     0.043
 -1017.610     0.046
 -1017.510     0.047
 -1017.410     0.046
 -1017.311     0.046
 -1017.211     0.045
 -1017.112     0.044
 -1017.012     0.043
 -1016.912     0.040
 -1016.813     0.036
 -1016.713     0.031
 -1016.614     0.031
 -1016.514     0.030
 -1016.414     0.030
 -1016.315     0.032
 -1016.215     0.033
 -1016.115     0.031
 -1016.016     0.033
 -1015.916     0.033
 -1015.817     0.033
 -1015.717     0.033
 -1015.617     0.033
 -1015.518     0.030
 -1015.418     0.032
 -1015.319     0.031
 -1015.219     0.031
 -1015.119     0.031
 -1015.020     0.031
 -1014.920     0.031
 -1014.820     0.029
 -1014.721     0.032
 -1014.621     0.032
 -1014.522     0.032
 -1014.422     0.031
 -1014.323     0.032
 -1014.223     0.031
 -1014.123     0.032
 -1014.024     0.031
 -1013.924     0.031
 -1013.825     0.031
 -1013.725     0.031
 -1013.625     0.031
 -1013.526     0.032
 -1013.426     0.033
 -1013.326     0.032
 -1013.227     0.032
 -1013.127     0.032
 -1013.028     0.032
 -1012.928     0.032
 -1012.828     0.032
 -1012.729     0.032
 -1012.629     0.033
 -1012.530     0.032
 -1012.430     0.033
 -1012.330     0.033
 -1012.231     0.034
 -1012.131     0.033
 -1012.032     0.032
 -1011.932     0.032
 -1011.832     0.032
 -1011.733     0.032
 -1011.633     0.032
 -1011.533     0.030
 -1011.434     0.031
 -1011.334     0.031
 -1011.235     0.032
 -1011.135     0.032
 -1011.035     0.032
 -1010.936     0.034
 -1010.836     0.033
 -1010.737     0.033
 -1010.637     0.034
 -1010.537     0.036
 -1010.438     0.036
 -1010.338     0.037
 -1010.239     0.037
 -1010.139     0.037
 -1010.039     0.038
 -1009.940     0.037
 -1009.840     0.037
 -1009.740     0.037
 -1009.641     0.035
 -1009.541     0.033
 -1009.442     0.032
 -1009.342     0.031
 -1009.242     0.032
 -1009.143     0.031
 -1009.043     0.031
 -1008.944     0.032
 -1008.844     0.031
 -1008.744     0.032
 -1008.645     0.033
 -1008.545     0.034
 -1008.445     0.034
 -1008.346     0.036
 -1008.246     0.036
 -1008.147     0.037
 -1008.047     0.040
 -1007.948     0.044
 -1007.848     0.046
 -1007.748     0.046
 -1007.649     0.044
 -1007.549     0.044
 -1007.450     0.042
 -1007.350     0.042
 -1007.250     0.041
 -1007.151     0.036
 -1007.051     0.033
 -1006.951     0.030
 -1006.852     0.031
 -1006.752     0.032
 -1006.653     0.033
 -1006.553     0.034
 -1006.453     0.035
 -1006.354     0.034
 -1006.254     0.035
 -1006.155     0.036
 -1006.055     0.033
 -1005.955     0.033
 -1005.856     0.033
 -1005.756     0.033
 -1005.657     0.032
 -1005.557     0.033
 -1005.457     0.032
 -1005.358     0.032
 -1005.258     0.031
 -1005.158     0.032
 -1005.059     0.033
 -1004.959     0.033
 -1004.860     0.033
 -1004.760     0.032
 -1004.660     0.032
 -1004.561     0.034
 -1004.461     0.036
 -1004.362     0.035
 -1004.262     0.039
 -1004.162     0.041
 -1004.063     0.046
 -1003.963     0.047
 -1003.864     0.048
 -1003.764     0.048
 -1003.664     0.047
 -1003.565     0.045
 -1003.465     0.043
 -1003.365     0.041
 -1003.266     0.036
 -1003.166     0.034
 -1003.067     0.034
 -1002.967     0.035
 -1002.867     0.032
 -1002.768     0.034
 -1002.668     0.032
 -1002.569     0.033
 -1002.469     0.035
 -1002.369     0.035
 -1002.270     0.033
 -1002.170     0.033
 -1002.070     0.034
 -1001.971     0.035
 -1001.871     0.035
 -1001.772     0.036
 -1001.672     0.036
 -1001.573     0.036
 -1001.473     0.035
 -1001.373     0.035
 -1001.274     0.034
 -1001.174     0.034
 -1001.075     0.033
 -1000.975     0.033
 -1000.875     0.034
 -1000.776     0.034
 -1000.676     0.034
 -1000.576     0.035
 -1000.477     0.036
 -1000.377     0.037
 -1000.278     0.037
 -1000.178     0.036
 -1000.078     0.034
  -999.979     0.035
  -999.879     0.033
  -999.780     0.033
  -999.680     0.034
  -999.580     0.034
  -999.481     0.035
  -999.381     0.034
  -999.282     0.034
  -999.182     0.034
  -999.082     0.033
  -998.983     0.034
  -998.883     0.035
  -998.783     0.034
  -998.684     0.033
  -998.584     0.034
  -998.485     0.034
  -998.385     0.034
  -998.285     0.033
  -998.186     0.033
  -998.086     0.034
  -997.987     0.034
  -997.887     0.035
  -997.787     0.037
  -997.688     0.037
  -997.588     0.036
  -997.489     0.035
  -997.389     0.036
  -997.289     0.036
  -997.190     0.036
  -997.090     0.034
  -996.990     0.035
  -996.891     0.034
  -996.791     0.034
  -996.692     0.034
  -996.592     0.034
  -996.492     0.036
  -996.393     0.036
  -996.293     0.038
  -996.194     0.040
  -996.094     0.042
  -995.994     0.048
  -995.895     0.049
  -995.795     0.050
  -995.695     0.049
  -995.596     0.048
  -995.496     0.047
  -995.397     0.043
  -995.297     0.036
  -995.198     0.034
  -995.098     0.034
  -994.998     0.033
  -994.899     0.033
  -994.799     0.033
  -994.700     0.036
  -994.600     0.035
  -994.500     0.036
  -994.401     0.038
  -994.301     0.037
  -994.201     0.040
  -994.102     0.040
  -994.002     0.042
  -993.903     0.046
  -993.803     0.048
  -993.703     0.048
  -993.604     0.048
  -993.504     0.047
  -993.405     0.047
  -993.305     0.048
  -993.205     0.048
  -993.106     0.046
  -993.006     0.045
  -992.907     0.043
  -992.807     0.042
  -992.707     0.035
  -992.608     0.033
  -992.508     0.034
  -992.408     0.034
  -992.309     0.034
  -992.209     0.035
  -992.110     0.035
  -992.010     0.036
  -991.910     0.034
  -991.811     0.037
  -991.711     0.037
  -991.612     0.037
  -991.512     0.038
  -991.412     0.036
  -991.313     0.034
  -991.213     0.035
  -991.114     0.035
  -991.014     0.036
  -990.914     0.036
  -990.815     0.037
  -990.715     0.037
  -990.615     0.037
  -990.516     0.035
  -990.416     0.034
  -990.317     0.036
  -990.217     0.034
  -990.117     0.034
  -990.018     0.035
  -989.918     0.036
  -989.819     0.037
  -989.719     0.038
  -989.619     0.039
  -989.520     0.040
  -989.420     0.042
  -989.320     0.048
  -989.221     0.049
  -989.121     0.048
  -989.022     0.048
  -988.922     0.049
  -988.823     0.047
  -988.723     0.047
  -988.623     0.045
  -988.524     0.043
  -988.424     0.037
  -988.325     0.036
  -988.225     0.035
  -988.125     0.034
  -988.026     0.035
  -987.926     0.035
  -987.826     0.036
  -987.727     0.034
  -987.627     0.034
  -987.528     0.034
  -987.428     0.034
  -987.328     0.035
  -987.229     0.034
  -987.129     0.038
  -987.030     0.041
  -986.930     0.045
  -986.830     0.049
  -986.731     0.050
  -986.631     0.052
  -986.532     0.049
  -986.432     0.051
  -986.332     0.050
  -986.233     0.050
  -986.133     0.049
  -986.033     0.047
  -985.934     0.043
  -985.834     0.037
  -985.735     0.036
  -985.635     0.036
  -985.535     0.036
  -985.436     0.037
  -985.336     0.036
  -985.237     0.036
  -985.137     0.037
  -985.037     0.035
  -984.938     0.036
  -984.838     0.036
  -984.739     0.037
  -984.639     0.038
  -984.539     0.037
  -984.440     0.038
  -984.340     0.039
  -984.240     0.038
  -984.141     0.039
  -984.041     0.039
  -983.942     0.039
  -983.842     0.040
  -983.742     0.040
  -983.643     0.037
  -983.543     0.036
  -983.444     0.036
  -983.344     0.036
  -983.244     0.035
  -983.145     0.037
  -983.045     0.037
  -982.945     0.036
  -982.846     0.036
  -982.746     0.037
  -982.647     0.037
  -982.547     0.038
  -982.448     0.036
  -982.348     0.036
  -982.248     0.037
  -982.149     0.036
  -982.049     0.037
  -981.950     0.038
  -981.850     0.037
  -981.750     0.038
  -981.651     0.036
  -981.551     0.036
  -981.451     0.037
  -981.352     0.039
  -981.252     0.040
  -981.153     0.041
  -981.053     0.043
  -980.953     0.048
  -980.854     0.050
  -980.754     0.053
  -980.655     0.051
  -980.555     0.050
  -980.455     0.048
  -980.356     0.046
  -980.256     0.041
  -980.157     0.037
  -980.057     0.037
  -979.957     0.036
  -979.858     0.036
  -979.758     0.036
  -979.658     0.035
  -979.559     0.036
  -979.459     0.036
  -979.360     0.036
  -979.260     0.038
  -979.160     0.037
  -979.061     0.038
  -978.961     0.037
  -978.862     0.037
  -978.762     0.039
  -978.662     0.039
  -978.563     0.041
  -978.463     0.042
  -978.364     0.042
  -978.264     0.043
  -978.164     0.046
  -978.065     0.051
  -977.965     0.052
  -977.865     0.053
  -977.766     0.053
  -977.666     0.052
  -977.567     0.052
  -977.467     0.051
  -977.367     0.049
  -977.268     0.047
  -977.168     0.041
  -977.069     0.039
  -976.969     0.037
  -976.869     0.037
  -976.770     0.036
  -976.670     0.038
  -976.570     0.037
  -976.471     0.036
  -976.371     0.038
  -976.272     0.037
  -976.172     0.038
  -976.073     0.038
  -975.973     0.039
  -975.873     0.042
  -975.774     0.041
  -975.674     0.044
  -975.575     0.047
  -975.475     0.051
  -975.375     0.053
  -975.276     0.052
  -975.176     0.053
  -975.076     0.051
  -974.977     0.049
  -974.877     0.042
  -974.778     0.038
  -974.678     0.037
  -974.578     0.037
  -974.479     0.037
  -974.379     0.037
  -974.280     0.037
  -974.180     0.038
  -974.080     0.037
  -973.981     0.039
  -973.881     0.038
  -973.782     0.039
  -973.682     0.040
  -973.582     0.039
  -973.483     0.038
  -973.383     0.040
  -973.283     0.039
  -973.184     0.039
  -973.084     0.037
  -972.985     0.037
  -972.885     0.038
  -972.785     0.038
  -972.686     0.038
  -972.586     0.038
  -972.487     0.039
  -972.387     0.040
  -972.287     0.041
  -972.188     0.040
  -972.088     0.040
  -971.989     0.041
  -971.889     0.040
  -971.789     0.039
  -971.690     0.039
  -971.590     0.038
  -971.490     0.039
  -971.391     0.039
  -971.291     0.039
  -971.192     0.038
  -971.092     0.038
  -970.992     0.038
  -970.893     0.039
  -970.793     0.038
  -970.694     0.039
  -970.594     0.039
  -970.494     0.041
  -970.395     0.041
  -970.295     0.042
  -970.195     0.043
  -970.096     0.043
  -969.996     0.044
  -969.897     0.045
  -969.797     0.046
  -969.698     0.047
  -969.598     0.051
  -969.498     0.053
  -969.399     0.054
  -969.299     0.054
  -969.200     0.052
  -969.100     0.050
  -969.000     0.049
  -968.901     0.046
  -968.801     0.041
  -968.701     0.040
  -968.602     0.039
  -968.502     0.039
  -968.403     0.040
  -968.303     0.039
  -968.203     0.039
  -968.104     0.039
  -968.004     0.040
  -967.905     0.040
  -967.805     0.041
  -967.705     0.042
  -967.606     0.041
  -967.506     0.042
  -967.407     0.041
  -967.307     0.041
  -967.207     0.040
  -967.108     0.039
  -967.008     0.039
  -966.908     0.039
  -966.809     0.040
  -966.709     0.041
  -966.610     0.038
  -966.510     0.039
  -966.410     0.038
  -966.311     0.040
  -966.211     0.038
  -966.112     0.039
  -966.012     0.039
  -965.912     0.039
  -965.813     0.039
  -965.713     0.039
  -965.614     0.038
  -965.514     0.039
  -965.414     0.039
  -965.315     0.040
  -965.215     0.040
  -965.115     0.041
  -965.016     0.043
  -964.916     0.044
  -964.817     0.045
  -964.717     0.047
  -964.617     0.053
  -964.518     0.054
  -964.418     0.054
  -964.319     0.053
  -964.219     0.053
  -964.119     0.053
  -964.020     0.051
  -963.920     0.049
  -963.820     0.047
  -963.721     0.041
  -963.621     0.040
  -963.522     0.039
  -963.422     0.039
  -963.323     0.039
  -963.223     0.040
  -963.123     0.040
  -963.024     0.040
  -962.924     0.039
  -962.825     0.040
  -962.725     0.040
  -962.625     0.041
  -962.526     0.041
  -962.426     0.044
  -962.326     0.044
  -962.227     0.045
  -962.127     0.049
  -962.028     0.053
  -961.928     0.054
  -961.828     0.053
  -961.729     0.055
  -961.629     0.055
  -961.530     0.054
  -961.430     0.055
  -961.330     0.055
  -961.231     0.054
  -961.131     0.052
  -961.032     0.049
  -960.932     0.045
  -960.832     0.041
  -960.733     0.040
  -960.633     0.039
  -960.533     0.038
  -960.434     0.040
  -960.334     0.039
  -960.235     0.041
  -960.135     0.041
  -960.035     0.042
  -959.936     0.041
  -959.836     0.040
  -959.737     0.040
  -959.637     0.039
  -959.537     0.040
  -959.438     0.041
  -959.338     0.039
  -959.239     0.040
  -959.139     0.040
  -959.039     0.040
  -958.940     0.041
  -958.840     0.041
  -958.740     0.040
  -958.641     0.040
  -958.541     0.041
  -958.442     0.039
  -958.342     0.041
  -958.242     0.041
  -958.143     0.040
  -958.043     0.039
  -957.944     0.042
  -957.844     0.041
  -957.744     0.043
  -957.645     0.041
  -957.545     0.043
  -957.445     0.044
  -957.346     0.045
  -957.246     0.044
  -957.147     0.044
  -957.047     0.045
  -956.948     0.043
  -956.848     0.043
  -956.748     0.041
  -956.649     0.040
  -956.549     0.041
  -956.450     0.040
  -956.350     0.040
  -956.250     0.042
  -956.151     0.042
  -956.051     0.042
  -955.951     0.043
  -955.852     0.042
  -955.752     0.043
  -955.653     0.042
  -955.553     0.041
  -955.453     0.042
  -955.354     0.040
  -955.254     0.042
  -955.155     0.041
  -955.055     0.042
  -954.955     0.043
  -954.856     0.041
  -954.756     0.041
  -954.657     0.042
  -954.557     0.041
  -954.457     0.041
  -954.358     0.040
  -954.258     0.042
  -954.158     0.041
  -954.059     0.040
  -953.959     0.040
  -953.860     0.040
  -953.760     0.040
  -953.660     0.041
  -953.561     0.041
  -953.461     0.042
  -953.362     0.042
  -953.262     0.044
  -953.162     0.043
  -953.063     0.044
  -952.963     0.045
  -952.864     0.045
  -952.764     0.046
  -952.664     0.045
  -952.565     0.046
  -952.465     0.047
  -952.365     0.047
  -952.266     0.046
  -952.166     0.045
  -952.067     0.045
  -951.967     0.044
  -951.867     0.043
  -951.768     0.042
  -951.668     0.042
  -951.569     0.041
  -951.469     0.042
  -951.369     0.041
  -951.270     0.042
  -951.170     0.042
  -951.070     0.041
  -950.971     0.041
  -950.871     0.043
  -950.772     0.041
  -950.672     0.041
  -950.573     0.041
  -950.473     0.040
  -950.373     0.041
  -950.274     0.042
  -950.174     0.041
  -950.075     0.041
  -949.975     0.040
  -949.875     0.041
  -949.776     0.040
  -949.676     0.039
  -949.576     0.042
  -949.477     0.042
  -949.377     0.044
  -949.278     0.045
  -949.178     0.048
  -949.078     0.054
  -948.979     0.055
  -948.879     0.057
  -948.780     0.055
  -948.680     0.056
  -948.580     0.055
  -948.481     0.054
  -948.381     0.051
  -948.282     0.045
  -948.182     0.043
  -948.082     0.041
  -947.983     0.041
  -947.883     0.042
  -947.783     0.043
  -947.684     0.043
  -947.584     0.042
  -947.485     0.041
  -947.385     0.041
  -947.285     0.043
  -947.186     0.045
  -947.086     0.045
  -946.987     0.047
  -946.887     0.049
  -946.787     0.051
  -946.688     0.054
  -946.588     0.056
  -946.489     0.057
  -946.389     0.057
  -946.289     0.057
  -946.190     0.056
  -946.090     0.053
  -945.990     0.051
  -945.891     0.046
  -945.791     0.043
  -945.692     0.042
  -945.592     0.041
  -945.492     0.042
  -945.393     0.042
  -945.293     0.043
  -945.194     0.044
  -945.094     0.044
  -944.994     0.045
  -944.895     0.046
  -944.795     0.046
  -944.695     0.047
  -944.596     0.046
  -944.496     0.046
  -944.397     0.046
  -944.297     0.046
  -944.198     0.046
  -944.098     0.045
  -943.998     0.043
  -943.899     0.042
  -943.799     0.042
  -943.700     0.042
  -943.600     0.042
  -943.500     0.043
  -943.401     0.042
  -943.301     0.043
  -943.201     0.045
  -943.102     0.044
  -943.002     0.043
  -942.903     0.042
  -942.803     0.043
  -942.703     0.042
  -942.604     0.043
  -942.504     0.042
  -942.405     0.042
  -942.305     0.043
  -942.205     0.044
  -942.106     0.043
  -942.006     0.044
  -941.907     0.044
  -941.807     0.043
  -941.707     0.044
  -941.608     0.043
  -941.508     0.043
  -941.408     0.043
  -941.309     0.044
  -941.209     0.044
  -941.110     0.044
  -941.010     0.044
  -940.910     0.043
  -940.811     0.044
  -940.711     0.045
  -940.612     0.044
  -940.512     0.042
  -940.412     0.044
  -940.313     0.043
  -940.213     0.044
  -940.114     0.043
  -940.014     0.043
  -939.914     0.044
  -939.815     0.044
  -939.715     0.044
  -939.615     0.044
  -939.516     0.045
  -939.416     0.044
  -939.317     0.043
  -939.217     0.045
  -939.117     0.042
  -939.018     0.043
  -938.918     0.044
  -938.819     0.043
  -938.719     0.043
  -938.619     0.044
  -938.520     0.046
  -938.420     0.045
  -938.320     0.046
  -938.221     0.046
  -938.121     0.046
  -938.022     0.045
  -937.922     0.046
  -937.823     0.044
  -937.723     0.044
  -937.623     0.043
  -937.524     0.044
  -937.424     0.044
  -937.325     0.045
  -937.225     0.044
  -937.125     0.044
  -937.026     0.044
  -936.926     0.045
  -936.826     0.045
  -936.727     0.044
  -936.627     0.045
  -936.528     0.045
  -936.428     0.045
  -936.328     0.045
  -936.229     0.046
  -936.129     0.046
  -936.030     0.046
  -935.930     0.046
  -935.830     0.046
  -935.731     0.044
  -935.631     0.044
  -935.532     0.045
  -935.432     0.045
  -935.332     0.044
  -935.233     0.045
  -935.133     0.045
  -935.033     0.045
  -934.934     0.046
  -934.834     0.046
  -934.735     0.046
  -934.635     0.044
  -934.535     0.044
  -934.436     0.046
  -934.336     0.043
  -934.237     0.044
  -934.137     0.045
  -934.037     0.044
  -933.938     0.044
  -933.838     0.046
  -933.739     0.046
  -933.639     0.048
  -933.539     0.049
  -933.440     0.050
  -933.340     0.052
  -933.240     0.055
  -933.141     0.058
  -933.041     0.059
  -932.942     0.060
  -932.842     0.060
  -932.742     0.058
  -932.643     0.056
  -932.543     0.056
  -932.444     0.054
  -932.344     0.049
  -932.244     0.046
  -932.145     0.044
  -932.045     0.044
  -931.945     0.044
  -931.846     0.043
  -931.746     0.044
  -931.647     0.045
  -931.547     0.044
  -931.448     0.045
  -931.348     0.044
  -931.248     0.045
  -931.149     0.047
  -931.049     0.046
  -930.950     0.047
  -930.850     0.048
  -930.750     0.047
  -930.651     0.047
  -930.551     0.047
  -930.451     0.046
  -930.352     0.046
  -930.252     0.045
  -930.153     0.045
  -930.053     0.044
  -929.953     0.045
  -929.854     0.046
  -929.754     0.047
  -929.655     0.047
  -929.555     0.048
  -929.455     0.048
  -929.356     0.048
  -929.256     0.049
  -929.157     0.049
  -929.057     0.050
  -928.957     0.049
  -928.858     0.047
  -928.758     0.045
  -928.658     0.044
  -928.559     0.044
  -928.459     0.045
  -928.360     0.046
  -928.260     0.045
  -928.160     0.043
  -928.061     0.045
  -927.961     0.046
  -927.862     0.046
  -927.762     0.046
  -927.662     0.047
  -927.563     0.048
  -927.463     0.049
  -927.364     0.048
  -927.264     0.048
  -927.164     0.047
  -927.065     0.046
  -926.965     0.043
  -926.865     0.046
  -926.766     0.046
  -926.666     0.045
  -926.567     0.045
  -926.467     0.046
  -926.367     0.046
  -926.268     0.046
  -926.168     0.045
  -926.069     0.045
  -925.969     0.045
  -925.869     0.046
  -925.770     0.047
  -925.670     0.047
  -925.570     0.048
  -925.471     0.048
  -925.371     0.051
  -925.272     0.057
  -925.172     0.060
  -925.073     0.060
  -924.973     0.061
  -924.873     0.061
  -924.774     0.059
  -924.674     0.058
  -924.575     0.056
  -924.475     0.054
  -924.375     0.048
  -924.276     0.046
  -924.176     0.047
  -924.076     0.045
  -923.977     0.047
  -923.877     0.046
  -923.778     0.043
  -923.678     0.045
  -923.578     0.044
  -923.479     0.045
  -923.379     0.046
  -923.280     0.045
  -923.180     0.047
  -923.080     0.047
  -922.981     0.048
  -922.881     0.047
  -922.782     0.048
  -922.682     0.048
  -922.582     0.048
  -922.483     0.047
  -922.383     0.047
  -922.283     0.046
  -922.184     0.046
  -922.084     0.046
  -921.985     0.046
  -921.885     0.046
  -921.785     0.047
  -921.686     0.047
  -921.586     0.047
  -921.487     0.048
  -921.387     0.047
  -921.287     0.047
  -921.188     0.047
  -921.088     0.046
  -920.989     0.046
  -920.889     0.046
  -920.789     0.046
  -920.690     0.046
  -920.590     0.047
  -920.490     0.048
  -920.391     0.048
  -920.291     0.050
  -920.192     0.052
  -920.092     0.057
  -919.992     0.060
  -919.893     0.062
  -919.793     0.062
  -919.694     0.060
  -919.594     0.061
  -919.494     0.062
  -919.395     0.061
  -919.295     0.060
  -919.195     0.057
  -919.096     0.056
  -918.996     0.050
  -918.897     0.046
  -918.797     0.045
  -918.698     0.045
  -918.598     0.045
  -918.498     0.046
  -918.399     0.045
  -918.299     0.047
  -918.200     0.047
  -918.100     0.048
  -918.000     0.049
  -917.901     0.049
  -917.801     0.050
  -917.701     0.050
  -917.602     0.050
  -917.502     0.051
  -917.403     0.052
  -917.303     0.054
  -917.203     0.056
  -917.104     0.059
  -917.004     0.061
  -916.905     0.059
  -916.805     0.059
  -916.705     0.058
  -916.606     0.054
  -916.506     0.050
  -916.407     0.047
  -916.307     0.047
  -916.207     0.044
  -916.108     0.046
  -916.008     0.046
  -915.908     0.048
  -915.809     0.047
  -915.709     0.049
  -915.610     0.049
  -915.510     0.049
  -915.410     0.049
  -915.311     0.049
  -915.211     0.049
  -915.112     0.048
  -915.012     0.047
  -914.912     0.047
  -914.813     0.047
  -914.713     0.046
  -914.614     0.047
  -914.514     0.047
  -914.414     0.047
  -914.315     0.047
  -914.215     0.047
  -914.115     0.047
  -914.016     0.048
  -913.916     0.047
  -913.817     0.048
  -913.717     0.048
  -913.617     0.049
  -913.518     0.050
  -913.418     0.052
  -913.319     0.053
  -913.219     0.056
  -913.119     0.060
  -913.020     0.061
  -912.920     0.063
  -912.820     0.061
  -912.721     0.061
  -912.621     0.059
  -912.522     0.058
  -912.422     0.055
  -912.323     0.050
  -912.223     0.048
  -912.123     0.047
  -912.024     0.047
  -911.924     0.047
  -911.825     0.045
  -911.725     0.047
  -911.625     0.047
  -911.526     0.048
  -911.426     0.049
  -911.326     0.051
  -911.227     0.051
  -911.127     0.053
  -911.028     0.057
  -910.928     0.060
  -910.828     0.061
  -910.729     0.062
  -910.629     0.062
  -910.530     0.061
  -910.430     0.060
  -910.330     0.059
  -910.231     0.057
  -910.131     0.050
  -910.032     0.048
  -909.932     0.048
  -909.832     0.047
  -909.733     0.046
  -909.633     0.047
  -909.533     0.047
  -909.434     0.046
  -909.334     0.046
  -909.235     0.047
  -909.135     0.047
  -909.035     0.048
  -908.936     0.050
  -908.836     0.051
  -908.737     0.051
  -908.637     0.052
  -908.537     0.051
  -908.438     0.053
  -908.338     0.053
  -908.239     0.052
  -908.139     0.053
  -908.039     0.052
  -907.940     0.051
  -907.840     0.049
  -907.740     0.048
  -907.641     0.048
  -907.541     0.047
  -907.442     0.047
  -907.342     0.046
  -907.242     0.046
  -907.143     0.048
  -907.043     0.048
  -906.944     0.051
  -906.844     0.050
  -906.744     0.052
  -906.645     0.053
  -906.545     0.055
  -906.445     0.059
  -906.346     0.062
  -906.246     0.062
  -906.147     0.061
  -906.047     0.060
  -905.948     0.061
  -905.848     0.060
  -905.748     0.062
  -905.649     0.061
  -905.549     0.060
  -905.450     0.059
  -905.350     0.057
  -905.250     0.056
  -905.151     0.050
  -905.051     0.048
  -904.951     0.047
  -904.852     0.046
  -904.752     0.049
  -904.653     0.048
  -904.553     0.048
  -904.453     0.048
  -904.354     0.047
  -904.254     0.048
  -904.155     0.048
  -904.055     0.047
  -903.955     0.047
  -903.856     0.048
  -903.756     0.050
  -903.657     0.052
  -903.557     0.054
  -903.457     0.059
  -903.358     0.063
  -903.258     0.064
  -903.158     0.064
  -903.059     0.064
  -902.959     0.064
  -902.860     0.062
  -902.760     0.061
  -902.660     0.059
  -902.561     0.053
  -902.461     0.049
  -902.362     0.048
  -902.262     0.049
  -902.162     0.049
  -902.063     0.049
  -901.963     0.049
  -901.864     0.048
  -901.764     0.048
  -901.664     0.049
  -901.565     0.051
  -901.465     0.050
  -901.365     0.050
  -901.266     0.050
  -901.166     0.051
  -901.067     0.051
  -900.967     0.050
  -900.867     0.050
  -900.768     0.049
  -900.668     0.049
  -900.569     0.048
  -900.469     0.050
  -900.369     0.052
  -900.270     0.051
  -900.170     0.054
  -900.070     0.054
  -899.971     0.055
  -899.871     0.057
  -899.772     0.061
  -899.672     0.063
  -899.573     0.063
  -899.473     0.063
  -899.373     0.064
  -899.274     0.062
  -899.174     0.062
  -899.075     0.061
  -898.975     0.058
  -898.875     0.053
  -898.776     0.050
  -898.676     0.050
  -898.576     0.049
  -898.477     0.049
  -898.377     0.049
  -898.278     0.050
  -898.178     0.049
  -898.078     0.049
  -897.979     0.051
  -897.879     0.049
  -897.780     0.049
  -897.680     0.050
  -897.580     0.049
  -897.481     0.049
  -897.381     0.052
  -897.282     0.051
  -897.182     0.053
  -897.082     0.054
  -896.983     0.055
  -896.883     0.058
  -896.783     0.061
  -896.684     0.065
  -896.584     0.065
  -896.485     0.066
  -896.385     0.064
  -896.285     0.063
  -896.186     0.063
  -896.086     0.061
  -895.987     0.059
  -895.887     0.054
  -895.787     0.051
  -895.688     0.049
  -895.588     0.051
  -895.489     0.050
  -895.389     0.049
  -895.289     0.049
  -895.190     0.051
  -895.090     0.051
  -894.990     0.051
  -894.891     0.052
  -894.791     0.053
  -894.692     0.056
  -894.592     0.058
  -894.492     0.062
  -894.393     0.064
  -894.293     0.065
  -894.194     0.066
  -894.094     0.066
  -893.994     0.063
  -893.895     0.061
  -893.795     0.055
  -893.695     0.052
  -893.596     0.050
  -893.496     0.051
  -893.397     0.051
  -893.297     0.050
  -893.198     0.050
  -893.098     0.050
  -892.998     0.050
  -892.899     0.051
  -892.799     0.051
  -892.700     0.051
  -892.600     0.051
  -892.500     0.051
  -892.401     0.051
  -892.301     0.050
  -892.201     0.051
  -892.102     0.050
  -892.002     0.051
  -891.903     0.052
  -891.803     0.053
  -891.703     0.053
  -891.604     0.053
  -891.504     0.054
  -891.405     0.053
  -891.305     0.052
  -891.205     0.052
  -891.106     0.050
  -891.006     0.052
  -890.907     0.051
  -890.807     0.053
  -890.707     0.051
  -890.608     0.051
  -890.508     0.052
  -890.408     0.053
  -890.309     0.051
  -890.209     0.052
  -890.110     0.052
  -890.010     0.051
  -889.910     0.051
  -889.811     0.053
  -889.711     0.054
  -889.612     0.055
  -889.512     0.054
  -889.412     0.054
  -889.313     0.055
  -889.213     0.056
  -889.114     0.056
  -889.014     0.056
  -888.914     0.055
  -888.815     0.054
  -888.715     0.051
  -888.615     0.051
  -888.516     0.051
  -888.416     0.052
  -888.317     0.051
  -888.217     0.051
  -888.117     0.051
  -888.018     0.051
  -887.918     0.051
  -887.819     0.053
  -887.719     0.054
  -887.619     0.053
  -887.520     0.054
  -887.420     0.054
  -887.320     0.055
  -887.221     0.054
  -887.121     0.054
  -887.022     0.055
  -886.922     0.054
  -886.823     0.054
  -886.723     0.052
  -886.623     0.051
  -886.524     0.052
  -886.424     0.053
  -886.325     0.053
  -886.225     0.053
  -886.125     0.053
  -886.026     0.052
  -885.926     0.053
  -885.826     0.052
  -885.727     0.052
  -885.627     0.052
  -885.528     0.053
  -885.428     0.053
  -885.328     0.055
  -885.229     0.057
  -885.129     0.058
  -885.030     0.058
  -884.930     0.064
  -884.830     0.066
  -884.731     0.067
  -884.631     0.068
  -884.532     0.067
  -884.432     0.066
  -884.332     0.066
  -884.233     0.063
  -884.133     0.058
  -884.033     0.053
  -883.934     0.052
  -883.834     0.051
  -883.735     0.052
  -883.635     0.052
  -883.535     0.052
  -883.436     0.054
  -883.336     0.053
  -883.237     0.053
  -883.137     0.054
  -883.037     0.052
  -882.938     0.053
  -882.838     0.052
  -882.739     0.054
  -882.639     0.053
  -882.539     0.055
  -882.440     0.056
  -882.340     0.056
  -882.240     0.056
  -882.141     0.056
  -882.041     0.057
  -881.942     0.058
  -881.842     0.057
  -881.742     0.058
  -881.643     0.058
  -881.543     0.056
  -881.444     0.057
  -881.344     0.057
  -881.244     0.055
  -881.145     0.055
  -881.045     0.055
  -880.945     0.054
  -880.846     0.054
  -880.746     0.055
  -880.647     0.054
  -880.547     0.053
  -880.448     0.053
  -880.348     0.053
  -880.248     0.055
  -880.149     0.054
  -880.049     0.055
  -879.950     0.054
  -879.850     0.052
  -879.750     0.054
  -879.651     0.053
  -879.551     0.053
  -879.451     0.053
  -879.352     0.053
  -879.252     0.053
  -879.153     0.053
  -879.053     0.053
  -878.953     0.054
  -878.854     0.054
  -878.754     0.054
  -878.655     0.055
  -878.555     0.054
  -878.455     0.053
  -878.356     0.054
  -878.256     0.054
  -878.157     0.055
  -878.057     0.054
  -877.957     0.054
  -877.858     0.055
  -877.758     0.056
  -877.658     0.054
  -877.559     0.056
  -877.459     0.054
  -877.360     0.055
  -877.260     0.054
  -877.160     0.053
  -877.061     0.054
  -876.961     0.053
  -876.862     0.054
  -876.762     0.054
  -876.662     0.054
  -876.563     0.057
  -876.463     0.057
  -876.364     0.058
  -876.264     0.060
  -876.164     0.061
  -876.065     0.066
  -875.965     0.068
  -875.865     0.069
  -875.766     0.068
  -875.666     0.068
  -875.567     0.067
  -875.467     0.067
  -875.367     0.066
  -875.268     0.065
  -875.168     0.058
  -875.069     0.054
  -874.969     0.053
  -874.869     0.053
  -874.770     0.054
  -874.670     0.053
  -874.570     0.054
  -874.471     0.054
  -874.371     0.055
  -874.272     0.055
  -874.172     0.056
  -874.073     0.054
  -873.973     0.054
  -873.873     0.055
  -873.774     0.054
  -873.674     0.054
  -873.575     0.054
  -873.475     0.055
  -873.375     0.058
  -873.276     0.061
  -873.176     0.065
  -873.076     0.068
  -872.977     0.069
  -872.877     0.069
  -872.778     0.070
  -872.678     0.069
  -872.578     0.067
  -872.479     0.065
  -872.379     0.063
  -872.280     0.058
  -872.180     0.056
  -872.080     0.054
  -871.981     0.055
  -871.881     0.053
  -871.782     0.054
  -871.682     0.055
  -871.582     0.054
  -871.483     0.055
  -871.383     0.056
  -871.283     0.056
  -871.184     0.055
  -871.084     0.055
  -870.985     0.056
  -870.885     0.055
  -870.785     0.055
  -870.686     0.057
  -870.586     0.056
  -870.487     0.056
  -870.387     0.055
  -870.287     0.053
  -870.188     0.056
  -870.088     0.057
  -869.989     0.057
  -869.889     0.058
  -869.789     0.059
  -869.690     0.059
  -869.590     0.059
  -869.490     0.058
  -869.391     0.060
  -869.291     0.059
  -869.192     0.058
  -869.092     0.057
  -868.992     0.056
  -868.893     0.054
  -868.793     0.054
  -868.694     0.054
  -868.594     0.054
  -868.494     0.055
  -868.395     0.054
  -868.295     0.057
  -868.195     0.056
  -868.096     0.057
  -867.996     0.057
  -867.897     0.056
  -867.797     0.055
  -867.698     0.055
  -867.598     0.056
  -867.498     0.057
  -867.399     0.055
  -867.299     0.056
  -867.200     0.056
  -867.100     0.055
  -867.000     0.055
  -866.901     0.058
  -866.801     0.057
  -866.701     0.058
  -866.602     0.058
  -866.502     0.060
  -866.403     0.060
  -866.303     0.061
  -866.203     0.062
  -866.104     0.064
  -866.004     0.069
  -865.905     0.070
  -865.805     0.070
  -865.705     0.070
  -865.606     0.069
  -865.506     0.068
  -865.407     0.064
  -865.307     0.062
  -865.207     0.056
  -865.108     0.054
  -865.008     0.055
  -864.908     0.055
  -864.809     0.054
  -864.709     0.054
  -864.610     0.056
  -864.510     0.056
  -864.410     0.057
  -864.311     0.058
  -864.211     0.057
  -864.112     0.058
  -864.012     0.059
  -863.912     0.059
  -863.813     0.060
  -863.713     0.060
  -863.614     0.059
  -863.514     0.061
  -863.414     0.060
  -863.315     0.061
  -863.215     0.060
  -863.115     0.062
  -863.016     0.065
  -862.916     0.066
  -862.817     0.069
  -862.717     0.068
  -862.617     0.067
  -862.518     0.068
  -862.418     0.069
  -862.319     0.069
  -862.219     0.066
  -862.119     0.064
  -862.020     0.064
  -861.920     0.059
  -861.820     0.056
  -861.721     0.055
  -861.621     0.055
  -861.522     0.054
  -861.422     0.055
  -861.323     0.055
  -861.223     0.055
  -861.123     0.055
  -861.024     0.055
  -860.924     0.056
  -860.825     0.057
  -860.725     0.057
  -860.625     0.059
  -860.526     0.059
  -860.426     0.060
  -860.326     0.061
  -860.227     0.060
  -860.127     0.061
  -860.028     0.061
  -859.928     0.065
  -859.828     0.067
  -859.729     0.068
  -859.629     0.069
  -859.530     0.070
  -859.430     0.070
  -859.330     0.069
  -859.231     0.069
  -859.131     0.068
  -859.032     0.065
  -858.932     0.065
  -858.832     0.059
  -858.733     0.057
  -858.633     0.055
  -858.533     0.055
  -858.434     0.055
  -858.334     0.057
  -858.235     0.058
  -858.135     0.057
  -858.035     0.057
  -857.936     0.057
  -857.836     0.057
  -857.737     0.057
  -857.637     0.057
  -857.537     0.055
  -857.438     0.056
  -857.338     0.057
  -857.239     0.058
  -857.139     0.058
  -857.039     0.058
  -856.940     0.058
  -856.840     0.056
  -856.740     0.057
  -856.641     0.057
  -856.541     0.057
  -856.442     0.057
  -856.342     0.057
  -856.242     0.056
  -856.143     0.056
  -856.043     0.058
  -855.944     0.059
  -855.844     0.061
  -855.744     0.062
  -855.645     0.065
  -855.545     0.070
  -855.445     0.071
  -855.346     0.071
  -855.246     0.072
  -855.147     0.069
  -855.047     0.069
  -854.948     0.066
  -854.848     0.065
  -854.748     0.060
  -854.649     0.057
  -854.549     0.057
  -854.450     0.055
  -854.350     0.055
  -854.250     0.056
  -854.151     0.055
  -854.051     0.059
  -853.951     0.062
  -853.852     0.067
  -853.752     0.072
  -853.653     0.073
  -853.553     0.073
  -853.453     0.073
  -853.354     0.073
  -853.254     0.072
  -853.155     0.071
  -853.055     0.069
  -852.955     0.063
  -852.856     0.060
  -852.756     0.059
  -852.657     0.058
  -852.557     0.058
  -852.457     0.057
  -852.358     0.059
  -852.258     0.059
  -852.158     0.059
  -852.059     0.061
  -851.959     0.061
  -851.860     0.059
  -851.760     0.060
  -851.660     0.059
  -851.561     0.059
  -851.461     0.059
  -851.362     0.058
  -851.262     0.059
  -851.162     0.059
  -851.063     0.059
  -850.963     0.059
  -850.864     0.061
  -850.764     0.059
  -850.664     0.059
  -850.565     0.059
  -850.465     0.058
  -850.365     0.059
  -850.266     0.060
  -850.166     0.059
  -850.067     0.059
  -849.967     0.059
  -849.867     0.059
  -849.768     0.058
  -849.668     0.059
  -849.569     0.060
  -849.469     0.057
  -849.369     0.059
  -849.270     0.059
  -849.170     0.060
  -849.070     0.060
  -848.971     0.059
  -848.871     0.058
  -848.772     0.057
  -848.672     0.059
  -848.573     0.060
  -848.473     0.062
  -848.373     0.064
  -848.274     0.065
  -848.174     0.071
  -848.075     0.073
  -847.975     0.074
  -847.875     0.073
  -847.776     0.072
  -847.676     0.072
  -847.576     0.071
  -847.477     0.067
  -847.377     0.062
  -847.278     0.059
  -847.178     0.058
  -847.078     0.059
  -846.979     0.059
  -846.879     0.059
  -846.780     0.060
  -846.680     0.061
  -846.580     0.060
  -846.481     0.060
  -846.381     0.062
  -846.282     0.060
  -846.182     0.060
  -846.082     0.061
  -845.983     0.060
  -845.883     0.061
  -845.783     0.060
  -845.684     0.060
  -845.584     0.058
  -845.485     0.059
  -845.385     0.058
  -845.285     0.058
  -845.186     0.059
  -845.086     0.060
  -844.987     0.060
  -844.887     0.060
  -844.787     0.062
  -844.688     0.063
  -844.588     0.062
  -844.489     0.063
  -844.389     0.062
  -844.289     0.063
  -844.190     0.062
  -844.090     0.063
  -843.990     0.061
  -843.891     0.061
  -843.791     0.059
  -843.692     0.060
  -843.592     0.059
  -843.492     0.059
  -843.393     0.059
  -843.293     0.060
  -843.194     0.061
  -843.094     0.062
  -842.994     0.061
  -842.895     0.061
  -842.795     0.061
  -842.695     0.061
  -842.596     0.058
  -842.496     0.060
  -842.397     0.058
  -842.297     0.060
  -842.198     0.060
  -842.098     0.060
  -841.998     0.060
  -841.899     0.059
  -841.799     0.060
  -841.700     0.060
  -841.600     0.061
  -841.500     0.061
  -841.401     0.060
  -841.301     0.059
  -841.201     0.059
  -841.102     0.059
  -841.002     0.060
  -840.903     0.061
  -840.803     0.063
  -840.703     0.066
  -840.604     0.066
  -840.504     0.070
  -840.405     0.074
  -840.305     0.074
  -840.205     0.075
  -840.106     0.075
  -840.006     0.075
  -839.907     0.073
  -839.807     0.073
  -839.707     0.072
  -839.608     0.071
  -839.508     0.069
  -839.408     0.063
  -839.309     0.062
  -839.209     0.060
  -839.110     0.060
  -839.010     0.059
  -838.910     0.060
  -838.811     0.061
  -838.711     0.062
  -838.612     0.062
  -838.512     0.063
  -838.412     0.063
  -838.313     0.062
  -838.213     0.062
  -838.114     0.061
  -838.014     0.061
  -837.914     0.060
  -837.815     0.060
  -837.715     0.059
  -837.615     0.060
  -837.516     0.061
  -837.416     0.062
  -837.317     0.062
  -837.217     0.060
  -837.117     0.061
  -837.018     0.060
  -836.918     0.060
  -836.819     0.061
  -836.719     0.060
  -836.619     0.059
  -836.520     0.061
  -836.420     0.061
  -836.320     0.063
  -836.221     0.064
  -836.121     0.066
  -836.022     0.071
  -835.922     0.074
  -835.823     0.074
  -835.723     0.077
  -835.623     0.074
  -835.524     0.073
  -835.424     0.073
  -835.325     0.070
  -835.225     0.068
  -835.125     0.063
  -835.026     0.061
  -834.926     0.060
  -834.826     0.060
  -834.727     0.061
  -834.627     0.061
  -834.528     0.062
  -834.428     0.062
  -834.328     0.062
  -834.229     0.062
  -834.129     0.062
  -834.030     0.063
  -833.930     0.062
  -833.830     0.063
  -833.731     0.062
  -833.631     0.061
  -833.532     0.062
  -833.432     0.060
  -833.332     0.061
  -833.233     0.061
  -833.133     0.062
  -833.033     0.062
  -832.934     0.062
  -832.834     0.061
  -832.735     0.062
  -832.635     0.064
  -832.535     0.063
  -832.436     0.063
  -832.336     0.064
  -832.237     0.064
  -832.137     0.061
  -832.037     0.063
  -831.938     0.063
  -831.838     0.063
  -831.739     0.064
  -831.639     0.062
  -831.539     0.062
  -831.440     0.063
  -831.340     0.062
  -831.240     0.063
  -831.141     0.064
  -831.041     0.063
  -830.942     0.064
  -830.842     0.064
  -830.742     0.064
  -830.643     0.062
  -830.543     0.062
  -830.444     0.063
  -830.344     0.061
  -830.244     0.062
  -830.145     0.063
  -830.045     0.063
  -829.945     0.063
  -829.846     0.062
  -829.746     0.063
  -829.647     0.064
  -829.547     0.062
  -829.448     0.062
  -829.348     0.062
  -829.248     0.061
  -829.149     0.061
  -829.049     0.062
  -828.950     0.063
  -828.850     0.062
  -828.750     0.064
  -828.651     0.066
  -828.551     0.066
  -828.451     0.069
  -828.352     0.075
  -828.252     0.076
  -828.153     0.077
  -828.053     0.076
  -827.953     0.077
  -827.854     0.075
  -827.754     0.074
  -827.655     0.072
  -827.555     0.065
  -827.455     0.062
  -827.356     0.062
  -827.256     0.062
  -827.157     0.063
  -827.057     0.063
  -826.957     0.061
  -826.858     0.063
  -826.758     0.062
  -826.658     0.062
  -826.559     0.063
  -826.459     0.064
  -826.360     0.064
  -826.260     0.066
  -826.160     0.065
  -826.061     0.067
  -825.961     0.067
  -825.862     0.066
  -825.762     0.068
  -825.662     0.069
  -825.563     0.074
  -825.463     0.076
  -825.364     0.076
  -825.264     0.077
  -825.164     0.075
  -825.065     0.072
  -824.965     0.071
  -824.865     0.068
  -824.766     0.062
  -824.666     0.061
  -824.567     0.063
  -824.467     0.063
  -824.367     0.063
  -824.268     0.062
  -824.168     0.063
  -824.069     0.064
  -823.969     0.062
  -823.869     0.063
  -823.770     0.063
  -823.670     0.064
  -823.570     0.063
  -823.471     0.064
  -823.371     0.064
  -823.272     0.063
  -823.172     0.063
  -823.073     0.063
  -822.973     0.062
  -822.873     0.063
  -822.774     0.063
  -822.674     0.064
  -822.575     0.065
  -822.475     0.067
  -822.375     0.070
  -822.276     0.072
  -822.176     0.077
  -822.076     0.078
  -821.977     0.078
  -821.877     0.079
  -821.778     0.077
  -821.678     0.077
  -821.578     0.076
  -821.479     0.073
  -821.379     0.067
  -821.280     0.065
  -821.180     0.064
  -821.080     0.063
  -820.981     0.063
  -820.881     0.063
  -820.782     0.064
  -820.682     0.064
  -820.582     0.065
  -820.483     0.065
  -820.383     0.065
  -820.283     0.064
  -820.184     0.064
  -820.084     0.065
  -819.985     0.064
  -819.885     0.065
  -819.785     0.065
  -819.686     0.066
  -819.586     0.066
  -819.487     0.067
  -819.387     0.068
  -819.287     0.068
  -819.188     0.068
  -819.088     0.069
  -818.989     0.069
  -818.889     0.068
  -818.789     0.068
  -818.690     0.067
  -818.590     0.065
  -818.490     0.064
  -818.391     0.065
  -818.291     0.065
  -818.192     0.066
  -818.092     0.066
  -817.992     0.068
  -817.893     0.069
  -817.793     0.070
  -817.694     0.071
  -817.594     0.073
  -817.494     0.077
  -817.395     0.078
  -817.295     0.078
  -817.195     0.078
  -817.096     0.077
  -816.996     0.078
  -816.897     0.076
  -816.797     0.074
  -816.698     0.069
  -816.598     0.065
  -816.498     0.064
  -816.399     0.063
  -816.299     0.064
  -816.200     0.064
  -816.100     0.064
  -816.000     0.064
  -815.901     0.065
  -815.801     0.065
  -815.701     0.064
  -815.602     0.064
  -815.502     0.065
  -815.403     0.066
  -815.303     0.067
  -815.203     0.067
  -815.104     0.068
  -815.004     0.067
  -814.905     0.066
  -814.805     0.066
  -814.705     0.066
  -814.606     0.066
  -814.506     0.065
  -814.407     0.064
  -814.307     0.065
  -814.207     0.064
  -814.108     0.065
  -814.008     0.065
  -813.908     0.063
  -813.809     0.065
  -813.709     0.065
  -813.610     0.065
  -813.510     0.066
  -813.410     0.067
  -813.311     0.068
  -813.211     0.071
  -813.112     0.073
  -813.012     0.077
  -812.912     0.080
  -812.813     0.080
  -812.713     0.079
  -812.614     0.081
  -812.514     0.079
  -812.414     0.078
  -812.315     0.076
  -812.215     0.073
  -812.115     0.067
  -812.016     0.065
  -811.916     0.065
  -811.817     0.064
  -811.717     0.065
  -811.617     0.065
  -811.518     0.066
  -811.418     0.065
  -811.319     0.065
  -811.219     0.065
  -811.119     0.067
  -811.020     0.068
  -810.920     0.066
  -810.820     0.067
  -810.721     0.066
  -810.621     0.068
  -810.522     0.066
  -810.422     0.066
  -810.323     0.066
  -810.223     0.067
  -810.123     0.067
  -810.024     0.067
  -809.924     0.068
  -809.825     0.068
  -809.725     0.066
  -809.625     0.066
  -809.526     0.067
  -809.426     0.067
  -809.326     0.066
  -809.227     0.067
  -809.127     0.066
  -809.028     0.066
  -808.928     0.066
  -808.828     0.066
  -808.729     0.067
  -808.629     0.067
  -808.530     0.066
  -808.430     0.066
  -808.330     0.066
  -808.231     0.066
  -808.131     0.068
  -808.032     0.067
  -807.932     0.067
  -807.832     0.066
  -807.733     0.067
  -807.633     0.068
  -807.533     0.067
  -807.434     0.068
  -807.334     0.069
  -807.235     0.068
  -807.135     0.068
  -807.035     0.069
  -806.936     0.069
  -806.836     0.069
  -806.737     0.068
  -806.637     0.068
  -806.537     0.065
  -806.438     0.066
  -806.338     0.067
  -806.239     0.067
  -806.139     0.068
  -806.039     0.067
  -805.940     0.067
  -805.840     0.066
  -805.740     0.066
  -805.641     0.068
  -805.541     0.068
  -805.442     0.069
  -805.342     0.069
  -805.242     0.069
  -805.143     0.069
  -805.043     0.068
  -804.944     0.066
  -804.844     0.068
  -804.744     0.067
  -804.645     0.067
  -804.545     0.067
  -804.445     0.067
  -804.346     0.069
  -804.246     0.069
  -804.147     0.071
  -804.047     0.071
  -803.948     0.071
  -803.848     0.069
  -803.748     0.069
  -803.649     0.067
  -803.549     0.068
  -803.450     0.067
  -803.350     0.068
  -803.250     0.068
  -803.151     0.070
  -803.051     0.070
  -802.951     0.071
  -802.852     0.071
  -802.752     0.073
  -802.653     0.071
  -802.553     0.071
  -802.453     0.072
  -802.354     0.073
  -802.254     0.073
  -802.155     0.073
  -802.055     0.075
  -801.955     0.076
  -801.856     0.080
  -801.756     0.080
  -801.657     0.082
  -801.557     0.081
  -801.457     0.081
  -801.358     0.080
  -801.258     0.079
  -801.158     0.076
  -801.059     0.071
  -800.959     0.067
  -800.860     0.068
  -800.760     0.067
  -800.660     0.067
  -800.561     0.067
  -800.461     0.068
  -800.362     0.067
  -800.262     0.067
  -800.162     0.068
  -800.063     0.067
  -799.963     0.067
  -799.864     0.066
  -799.764     0.068
  -799.664     0.069
  -799.565     0.070
  -799.465     0.069
  -799.365     0.069
  -799.266     0.067
  -799.166     0.068
  -799.067     0.067
  -798.967     0.068
  -798.867     0.068
  -798.768     0.069
  -798.668     0.070
  -798.569     0.072
  -798.469     0.074
  -798.369     0.076
  -798.270     0.080
  -798.170     0.081
  -798.070     0.081
  -797.971     0.082
  -797.871     0.081
  -797.772     0.079
  -797.672     0.076
  -797.573     0.070
  -797.473     0.067
  -797.373     0.068
  -797.274     0.068
  -797.174     0.067
  -797.075     0.069
  -796.975     0.070
  -796.875     0.070
  -796.776     0.071
  -796.676     0.074
  -796.576     0.079
  -796.477     0.082
  -796.377     0.084
  -796.278     0.083
  -796.178     0.082
  -796.078     0.082
  -795.979     0.081
  -795.879     0.079
  -795.780     0.076
  -795.680     0.071
  -795.580     0.068
  -795.481     0.069
  -795.381     0.068
  -795.282     0.068
  -795.182     0.069
  -795.082     0.070
  -794.983     0.070
  -794.883     0.069
  -794.783     0.071
  -794.684     0.069
  -794.584     0.071
  -794.485     0.071
  -794.385     0.072
  -794.285     0.072
  -794.186     0.073
  -794.086     0.072
  -793.987     0.072
  -793.887     0.071
  -793.787     0.070
  -793.688     0.069
  -793.588     0.069
  -793.489     0.069
  -793.389     0.069
  -793.289     0.070
  -793.190     0.071
  -793.090     0.070
  -792.990     0.070
  -792.891     0.068
  -792.791     0.069
  -792.692     0.070
  -792.592     0.069
  -792.492     0.070
  -792.393     0.069
  -792.293     0.070
  -792.194     0.071
  -792.094     0.071
  -791.994     0.073
  -791.895     0.073
  -791.795     0.075
  -791.695     0.077
  -791.596     0.081
  -791.496     0.083
  -791.397     0.084
  -791.297     0.085
  -791.198     0.084
  -791.098     0.083
  -790.998     0.081
  -790.899     0.076
  -790.799     0.071
  -790.700     0.068
  -790.600     0.068
  -790.500     0.068
  -790.401     0.068
  -790.301     0.069
  -790.201     0.070
  -790.102     0.072
  -790.002     0.072
  -789.903     0.072
  -789.803     0.070
  -789.703     0.071
  -789.604     0.071
  -789.504     0.070
  -789.405     0.070
  -789.305     0.070
  -789.205     0.070
  -789.106     0.069
  -789.006     0.071
  -788.907     0.071
  -788.807     0.072
  -788.707     0.071
  -788.608     0.073
  -788.508     0.073
  -788.408     0.075
  -788.309     0.078
  -788.209     0.082
  -788.110     0.084
  -788.010     0.084
  -787.910     0.084
  -787.811     0.083
  -787.711     0.085
  -787.612     0.086
  -787.512     0.084
  -787.412     0.084
  -787.313     0.083
  -787.213     0.081
  -787.114     0.078
  -787.014     0.073
  -786.914     0.070
  -786.815     0.070
  -786.715     0.071
  -786.615     0.071
  -786.516     0.070
  -786.416     0.070
  -786.317     0.071
  -786.217     0.071
  -786.117     0.071
  -786.018     0.072
  -785.918     0.073
  -785.819     0.073
  -785.719     0.075
  -785.619     0.075
  -785.520     0.075
  -785.420     0.075
  -785.320     0.076
  -785.221     0.075
  -785.121     0.073
  -785.022     0.071
  -784.922     0.070
  -784.823     0.070
  -784.723     0.070
  -784.623     0.071
  -784.524     0.072
  -784.424     0.074
  -784.325     0.074
  -784.225     0.076
  -784.125     0.077
  -784.026     0.081
  -783.926     0.085
  -783.826     0.085
  -783.727     0.085
  -783.627     0.084
  -783.528     0.083
  -783.428     0.081
  -783.328     0.078
  -783.229     0.073
  -783.129     0.071
  -783.030     0.070
  -782.930     0.071
  -782.830     0.072
  -782.731     0.071
  -782.631     0.072
  -782.532     0.071
  -782.432     0.071
  -782.332     0.073
  -782.233     0.073
  -782.133     0.072
  -782.033     0.072
  -781.934     0.073
  -781.834     0.072
  -781.735     0.073
  -781.635     0.075
  -781.535     0.074
  -781.436     0.072
  -781.336     0.071
  -781.237     0.072
  -781.137     0.073
  -781.037     0.073
  -780.938     0.074
  -780.838     0.073
  -780.739     0.073
  -780.639     0.073
  -780.539     0.072
  -780.440     0.072
  -780.340     0.072
  -780.240     0.072
  -780.141     0.072
  -780.041     0.072
  -779.942     0.074
  -779.842     0.074
  -779.742     0.074
  -779.643     0.075
  -779.543     0.075
  -779.444     0.076
  -779.344     0.075
  -779.244     0.075
  -779.145     0.075
  -779.045     0.073
  -778.945     0.073
  -778.846     0.072
  -778.746     0.073
  -778.647     0.073
  -778.547     0.073
  -778.448     0.074
  -778.348     0.075
  -778.248     0.075
  -778.149     0.074
  -778.049     0.073
  -777.950     0.073
  -777.850     0.071
  -777.750     0.072
  -777.651     0.073
  -777.551     0.072
  -777.451     0.073
  -777.352     0.075
  -777.252     0.076
  -777.153     0.076
  -777.053     0.076
  -776.953     0.077
  -776.854     0.078
  -776.754     0.078
  -776.655     0.077
  -776.555     0.078
  -776.455     0.075
  -776.356     0.075
  -776.256     0.075
  -776.157     0.074
  -776.057     0.073
  -775.957     0.073
  -775.858     0.072
  -775.758     0.074
  -775.658     0.073
  -775.559     0.074
  -775.459     0.075
  -775.360     0.074
  -775.260     0.074
  -775.160     0.074
  -775.061     0.074
  -774.961     0.074
  -774.862     0.074
  -774.762     0.072
  -774.662     0.073
  -774.563     0.074
  -774.463     0.075
  -774.364     0.076
  -774.264     0.077
  -774.164     0.079
  -774.065     0.079
  -773.965     0.082
  -773.865     0.086
  -773.766     0.086
  -773.666     0.088
  -773.567     0.088
  -773.467     0.087
  -773.367     0.086
  -773.268     0.086
  -773.168     0.083
  -773.069     0.081
  -772.969     0.075
  -772.869     0.073
  -772.770     0.073
  -772.670     0.073
  -772.570     0.073
  -772.471     0.073
  -772.371     0.074
  -772.272     0.073
  -772.172     0.074
  -772.073     0.074
  -771.973     0.074
  -771.873     0.073
  -771.774     0.074
  -771.674     0.074
  -771.575     0.072
  -771.475     0.072
  -771.375     0.074
  -771.276     0.075
  -771.176     0.077
  -771.076     0.078
  -770.977     0.079
  -770.877     0.081
  -770.778     0.086
  -770.678     0.087
  -770.578     0.087
  -770.479     0.088
  -770.379     0.087
  -770.280     0.088
  -770.180     0.087
  -770.080     0.085
  -769.981     0.084
  -769.881     0.077
  -769.782     0.073
  -769.682     0.073
  -769.582     0.073
  -769.483     0.074
  -769.383     0.074
  -769.283     0.076
  -769.184     0.077
  -769.084     0.079
  -768.985     0.079
  -768.885     0.081
  -768.785     0.081
  -768.686     0.085
  -768.586     0.087
  -768.487     0.088
  -768.387     0.087
  -768.287     0.086
  -768.188     0.086
  -768.088     0.085
  -767.989     0.085
  -767.889     0.083
  -767.789     0.079
  -767.690     0.075
  -767.590     0.074
  -767.490     0.073
  -767.391     0.072
  -767.291     0.072
  -767.192     0.073
  -767.092     0.075
  -766.992     0.076
  -766.893     0.076
  -766.793     0.078
  -766.694     0.078
  -766.594     0.081
  -766.494     0.085
  -766.395     0.087
  -766.295     0.087
  -766.195     0.087
  -766.096     0.085
  -765.996     0.084
  -765.897     0.082
  -765.797     0.078
  -765.698     0.076
  -765.598     0.074
  -765.498     0.075
  -765.399     0.073
  -765.299     0.073
  -765.200     0.074
  -765.100     0.074
  -765.000     0.075
  -764.901     0.074
  -764.801     0.074
  -764.701     0.074
  -764.602     0.074
  -764.502     0.074
  -764.403     0.075
  -764.303     0.074
  -764.203     0.075
  -764.104     0.076
  -764.004     0.077
  -763.905     0.078
  -763.805     0.080
  -763.705     0.083
  -763.606     0.087
  -763.506     0.090
  -763.407     0.090
  -763.307     0.089
  -763.207     0.088
  -763.108     0.088
  -763.008     0.089
  -762.908     0.087
  -762.809     0.084
  -762.709     0.082
  -762.610     0.075
  -762.510     0.074
  -762.410     0.074
  -762.311     0.075
  -762.211     0.074
  -762.112     0.075
  -762.012     0.075
  -761.912     0.076
  -761.813     0.077
  -761.713     0.076
  -761.614     0.077
  -761.514     0.075
  -761.414     0.076
  -761.315     0.076
  -761.215     0.076
  -761.115     0.078
  -761.016     0.077
  -760.916     0.076
  -760.817     0.078
  -760.717     0.077
  -760.617     0.078
  -760.518     0.077
  -760.418     0.076
  -760.319     0.077
  -760.219     0.077
  -760.119     0.076
  -760.020     0.077
  -759.920     0.078
  -759.820     0.079
  -759.721     0.077
  -759.621     0.076
  -759.522     0.076
  -759.422     0.077
  -759.323     0.079
  -759.223     0.082
  -759.123     0.087
  -759.024     0.090
  -758.924     0.092
  -758.825     0.092
  -758.725     0.092
  -758.625     0.091
  -758.526     0.090
  -758.426     0.090
  -758.326     0.088
  -758.227     0.086
  -758.127     0.080
  -758.028     0.078
  -757.928     0.077
  -757.828     0.077
  -757.729     0.077
  -757.629     0.077
  -757.530     0.078
  -757.430     0.078
  -757.330     0.077
  -757.231     0.078
  -757.131     0.077
  -757.032     0.079
  -756.932     0.079
  -756.832     0.081
  -756.733     0.080
  -756.633     0.081
  -756.533     0.082
  -756.434     0.083
  -756.334     0.085
  -756.235     0.087
  -756.135     0.091
  -756.035     0.090
  -755.936     0.091
  -755.836     0.090
  -755.737     0.090
  -755.637     0.089
  -755.537     0.088
  -755.438     0.086
  -755.338     0.084
  -755.239     0.078
  -755.139     0.076
  -755.039     0.076
  -754.940     0.077
  -754.840     0.078
  -754.740     0.080
  -754.641     0.078
  -754.541     0.079
  -754.442     0.080
  -754.342     0.079
  -754.242     0.079
  -754.143     0.077
  -754.043     0.077
  -753.944     0.078
  -753.844     0.079
  -753.744     0.078
  -753.645     0.079
  -753.545     0.080
  -753.445     0.081
  -753.346     0.081
  -753.246     0.082
  -753.147     0.082
  -753.047     0.082
  -752.948     0.082
  -752.848     0.081
  -752.748     0.079
  -752.649     0.078
  -752.549     0.079
  -752.450     0.079
  -752.350     0.080
  -752.250     0.080
  -752.151     0.083
  -752.051     0.084
  -751.951     0.083
  -751.852     0.084
  -751.752     0.085
  -751.653     0.089
  -751.553     0.092
  -751.453     0.094
  -751.354     0.094
  -751.254     0.091
  -751.155     0.091
  -751.055     0.088
  -750.955     0.082
  -750.856     0.079
  -750.756     0.080
  -750.657     0.079
  -750.557     0.078
  -750.457     0.079
  -750.358     0.079
  -750.258     0.079
  -750.158     0.080
  -750.059     0.079
  -749.959     0.080
  -749.860     0.081
  -749.760     0.082
  -749.660     0.081
  -749.561     0.080
  -749.461     0.080
  -749.362     0.080
  -749.262     0.080
  -749.162     0.079
  -749.063     0.080
  -748.963     0.078
  -748.864     0.078
  -748.764     0.079
  -748.664     0.080
  -748.565     0.082
  -748.465     0.082
  -748.365     0.081
  -748.266     0.081
  -748.166     0.081
  -748.067     0.080
  -747.967     0.080
  -747.867     0.080
  -747.768     0.080
  -747.668     0.081
  -747.569     0.081
  -747.469     0.083
  -747.369     0.084
  -747.270     0.085
  -747.170     0.088
  -747.070     0.093
  -746.971     0.094
  -746.871     0.094
  -746.772     0.092
  -746.672     0.092
  -746.573     0.091
  -746.473     0.090
  -746.373     0.087
  -746.274     0.081
  -746.174     0.080
  -746.075     0.079
  -745.975     0.080
  -745.875     0.080
  -745.776     0.082
  -745.676     0.081
  -745.576     0.079
  -745.477     0.081
  -745.377     0.082
  -745.278     0.083
  -745.178     0.083
  -745.078     0.084
  -744.979     0.085
  -744.879     0.086
  -744.780     0.087
  -744.680     0.093
  -744.580     0.094
  -744.481     0.095
  -744.381     0.095
  -744.282     0.095
  -744.182     0.094
  -744.082     0.093
  -743.983     0.091
  -743.883     0.090
  -743.783     0.085
  -743.684     0.081
  -743.584     0.080
  -743.485     0.079
  -743.385     0.080
  -743.285     0.080
  -743.186     0.080
  -743.086     0.081
  -742.987     0.080
  -742.887     0.080
  -742.787     0.080
  -742.688     0.081
  -742.588     0.080
  -742.489     0.081
  -742.389     0.080
  -742.289     0.081
  -742.190     0.082
  -742.090     0.082
  -741.990     0.081
  -741.891     0.080
  -741.791     0.080
  -741.692     0.080
  -741.592     0.081
  -741.492     0.081
  -741.393     0.081
  -741.293     0.083
  -741.194     0.082
  -741.094     0.083
  -740.994     0.082
  -740.895     0.082
  -740.795     0.081
  -740.695     0.082
  -740.596     0.082
  -740.496     0.082
  -740.397     0.082
  -740.297     0.081
  -740.198     0.082
  -740.098     0.081
  -739.998     0.082
  -739.899     0.083
  -739.799     0.083
  -739.700     0.084
  -739.600     0.083
  -739.500     0.082
  -739.401     0.082
  -739.301     0.082
  -739.201     0.081
  -739.102     0.081
  -739.002     0.081
  -738.903     0.081
  -738.803     0.083
  -738.703     0.083
  -738.604     0.085
  -738.504     0.086
  -738.405     0.087
  -738.305     0.091
  -738.205     0.095
  -738.106     0.097
  -738.006     0.097
  -737.907     0.095
  -737.807     0.093
  -737.707     0.089
  -737.608     0.084
  -737.508     0.082
  -737.408     0.082
  -737.309     0.082
  -737.209     0.082
  -737.110     0.082
  -737.010     0.083
  -736.910     0.081
  -736.811     0.083
  -736.711     0.084
  -736.612     0.084
  -736.512     0.086
  -736.412     0.087
  -736.313     0.088
  -736.213     0.091
  -736.114     0.096
  -736.014     0.097
  -735.914     0.097
  -735.815     0.096
  -735.715     0.095
  -735.615     0.094
  -735.516     0.093
  -735.416     0.091
  -735.317     0.085
  -735.217     0.083
  -735.117     0.082
  -735.018     0.082
  -734.918     0.083
  -734.819     0.083
  -734.719     0.085
  -734.619     0.084
  -734.520     0.084
  -734.420     0.086
  -734.320     0.084
  -734.221     0.084
  -734.121     0.083
  -734.022     0.083
  -733.922     0.084
  -733.823     0.083
  -733.723     0.083
  -733.623     0.083
  -733.524     0.082
  -733.424     0.082
  -733.325     0.083
  -733.225     0.085
  -733.125     0.085
  -733.026     0.087
  -732.926     0.089
  -732.826     0.094
  -732.727     0.096
  -732.627     0.097
  -732.528     0.096
  -732.428     0.098
  -732.328     0.098
  -732.229     0.097
  -732.129     0.098
  -732.030     0.098
  -731.930     0.097
  -731.830     0.094
  -731.731     0.089
  -731.631     0.084
  -731.532     0.084
  -731.432     0.085
  -731.332     0.084
  -731.233     0.084
  -731.133     0.084
  -731.033     0.084
  -730.934     0.084
  -730.834     0.084
  -730.735     0.085
  -730.635     0.084
  -730.535     0.084
  -730.436     0.084
  -730.336     0.085
  -730.237     0.085
  -730.137     0.085
  -730.037     0.087
  -729.938     0.087
  -729.838     0.086
  -729.739     0.087
  -729.639     0.086
  -729.539     0.084
  -729.440     0.084
  -729.340     0.084
  -729.240     0.084
  -729.141     0.085
  -729.041     0.086
  -728.942     0.086
  -728.842     0.087
  -728.742     0.086
  -728.643     0.086
  -728.543     0.085
  -728.444     0.084
  -728.344     0.085
  -728.244     0.085
  -728.145     0.086
  -728.045     0.087
  -727.945     0.088
  -727.846     0.090
  -727.746     0.093
  -727.647     0.099
  -727.547     0.100
  -727.448     0.100
  -727.348     0.099
  -727.248     0.100
  -727.149     0.099
  -727.049     0.097
  -726.950     0.094
  -726.850     0.091
  -726.750     0.085
  -726.651     0.085
  -726.551     0.085
  -726.451     0.086
  -726.352     0.085
  -726.252     0.087
  -726.153     0.089
  -726.053     0.092
  -725.953     0.095
  -725.854     0.097
  -725.754     0.098
  -725.655     0.099
  -725.555     0.098
  -725.455     0.098
  -725.356     0.098
  -725.256     0.099
  -725.157     0.099
  -725.057     0.099
  -724.957     0.098
  -724.858     0.097
  -724.758     0.097
  -724.658     0.095
  -724.559     0.093
  -724.459     0.087
  -724.360     0.084
  -724.260     0.084
  -724.160     0.084
  -724.061     0.084
  -723.961     0.084
  -723.862     0.084
  -723.762     0.084
  -723.662     0.085
  -723.563     0.086
  -723.463     0.086
  -723.364     0.088
  -723.264     0.088
  -723.164     0.087
  -723.065     0.088
  -722.965     0.089
  -722.865     0.090
  -722.766     0.091
  -722.666     0.090
  -722.567     0.094
  -722.467     0.097
  -722.367     0.100
  -722.268     0.101
  -722.168     0.101
  -722.069     0.100
  -721.969     0.099
  -721.869     0.099
  -721.770     0.096
  -721.670     0.091
  -721.570     0.087
  -721.471     0.085
  -721.371     0.086
  -721.272     0.087
  -721.172     0.087
  -721.073     0.087
  -720.973     0.086
  -720.873     0.085
  -720.774     0.086
  -720.674     0.086
  -720.575     0.086
  -720.475     0.088
  -720.375     0.088
  -720.276     0.087
  -720.176     0.089
  -720.076     0.090
  -719.977     0.090
  -719.877     0.092
  -719.778     0.092
  -719.678     0.090
  -719.578     0.089
  -719.479     0.090
  -719.379     0.089
  -719.280     0.088
  -719.180     0.087
  -719.080     0.087
  -718.981     0.087
  -718.881     0.087
  -718.782     0.087
  -718.682     0.088
  -718.582     0.087
  -718.483     0.085
  -718.383     0.087
  -718.283     0.088
  -718.184     0.088
  -718.084     0.088
  -717.985     0.088
  -717.885     0.088
  -717.785     0.088
  -717.686     0.089
  -717.586     0.087
  -717.487     0.088
  -717.387     0.088
  -717.287     0.088
  -717.188     0.088
  -717.088     0.089
  -716.989     0.090
  -716.889     0.091
  -716.789     0.090
  -716.690     0.092
  -716.590     0.093
  -716.490     0.093
  -716.391     0.094
  -716.291     0.097
  -716.192     0.100
  -716.092     0.102
  -715.992     0.104
  -715.893     0.103
  -715.793     0.103
  -715.694     0.103
  -715.594     0.103
  -715.494     0.100
  -715.395     0.100
  -715.295     0.096
  -715.195     0.090
  -715.096     0.088
  -714.996     0.088
  -714.897     0.088
  -714.797     0.088
  -714.698     0.088
  -714.598     0.087
  -714.498     0.087
  -714.399     0.089
  -714.299     0.088
  -714.200     0.090
  -714.100     0.088
  -714.000     0.089
  -713.901     0.088
  -713.801     0.088
  -713.701     0.089
  -713.602     0.089
  -713.502     0.089
  -713.403     0.090
  -713.303     0.089
  -713.203     0.089
  -713.104     0.089
  -713.004     0.089
  -712.905     0.089
  -712.805     0.089
  -712.705     0.089
  -712.606     0.089
  -712.506     0.088
  -712.407     0.089
  -712.307     0.089
  -712.207     0.090
  -712.108     0.091
  -712.008     0.091
  -711.908     0.091
  -711.809     0.091
  -711.709     0.090
  -711.610     0.090
  -711.510     0.089
  -711.410     0.089
  -711.311     0.088
  -711.211     0.089
  -711.112     0.088
  -711.012     0.090
  -710.912     0.090
  -710.813     0.090
  -710.713     0.089
  -710.614     0.090
  -710.514     0.088
  -710.414     0.088
  -710.315     0.089
  -710.215     0.089
  -710.115     0.089
  -710.016     0.090
  -709.916     0.090
  -709.817     0.089
  -709.717     0.090
  -709.617     0.089
  -709.518     0.088
  -709.418     0.089
  -709.319     0.089
  -709.219     0.090
  -709.119     0.090
  -709.020     0.092
  -708.920     0.094
  -708.820     0.094
  -708.721     0.094
  -708.621     0.097
  -708.522     0.102
  -708.422     0.103
  -708.323     0.104
  -708.223     0.104
  -708.123     0.104
  -708.024     0.102
  -707.924     0.102
  -707.825     0.103
  -707.725     0.099
  -707.625     0.096
  -707.526     0.091
  -707.426     0.089
  -707.326     0.090
  -707.227     0.088
  -707.127     0.090
  -707.028     0.090
  -706.928     0.091
  -706.828     0.091
  -706.729     0.091
  -706.629     0.091
  -706.530     0.091
  -706.430     0.091
  -706.330     0.091
  -706.231     0.088
  -706.131     0.090
  -706.032     0.090
  -705.932     0.091
  -705.832     0.091
  -705.733     0.092
  -705.633     0.091
  -705.533     0.091
  -705.434     0.091
  -705.334     0.089
  -705.235     0.090
  -705.135     0.091
  -705.035     0.091
  -704.936     0.090
  -704.836     0.091
  -704.737     0.091
  -704.637     0.093
  -704.537     0.091
  -704.438     0.093
  -704.338     0.093
  -704.239     0.092
  -704.139     0.092
  -704.039     0.091
  -703.940     0.092
  -703.840     0.091
  -703.740     0.091
  -703.641     0.090
  -703.541     0.091
  -703.442     0.091
  -703.342     0.091
  -703.242     0.094
  -703.143     0.094
  -703.043     0.095
  -702.944     0.098
  -702.844     0.102
  -702.744     0.104
  -702.645     0.105
  -702.545     0.105
  -702.445     0.105
  -702.346     0.105
  -702.246     0.104
  -702.147     0.103
  -702.047     0.102
  -701.948     0.098
  -701.848     0.091
  -701.748     0.091
  -701.649     0.090
  -701.549     0.090
  -701.450     0.090
  -701.350     0.091
  -701.250     0.092
  -701.151     0.092
  -701.051     0.094
  -700.951     0.094
  -700.852     0.096
  -700.752     0.096
  -700.653     0.100
  -700.553     0.104
  -700.453     0.104
  -700.354     0.104
  -700.254     0.104
  -700.155     0.102
  -700.055     0.103
  -699.955     0.101
  -699.856     0.098
  -699.756     0.094
  -699.657     0.091
  -699.557     0.090
  -699.457     0.089
  -699.358     0.090
  -699.258     0.089
  -699.158     0.091
  -699.059     0.093
  -698.959     0.095
  -698.860     0.097
  -698.760     0.102
  -698.660     0.105
  -698.561     0.105
  -698.461     0.105
  -698.362     0.104
  -698.262     0.104
  -698.162     0.104
  -698.063     0.104
  -697.963     0.101
  -697.864     0.099
  -697.764     0.094
  -697.664     0.091
  -697.565     0.091
  -697.465     0.091
  -697.365     0.090
  -697.266     0.090
  -697.166     0.091
  -697.067     0.090
  -696.967     0.091
  -696.867     0.091
  -696.768     0.091
  -696.668     0.091
  -696.569     0.092
  -696.469     0.091
  -696.369     0.092
  -696.270     0.092
  -696.170     0.092
  -696.070     0.092
  -695.971     0.092
  -695.871     0.091
  -695.772     0.093
  -695.672     0.094
  -695.573     0.094
  -695.473     0.095
  -695.373     0.095
  -695.274     0.094
  -695.174     0.093
  -695.075     0.093
  -694.975     0.093
  -694.875     0.094
  -694.776     0.092
  -694.676     0.094
  -694.576     0.093
  -694.477     0.095
  -694.377     0.095
  -694.278     0.094
  -694.178     0.093
  -694.078     0.095
  -693.979     0.094
  -693.879     0.092
  -693.780     0.093
  -693.680     0.093
  -693.580     0.094
  -693.481     0.093
  -693.381     0.093
  -693.282     0.094
  -693.182     0.094
  -693.082     0.094
  -692.983     0.092
  -692.883     0.092
  -692.783     0.095
  -692.684     0.095
  -692.584     0.095
  -692.485     0.095
  -692.385     0.093
  -692.285     0.093
  -692.186     0.094
  -692.086     0.093
  -691.987     0.094
  -691.887     0.094
  -691.787     0.093
  -691.688     0.093
  -691.588     0.093
  -691.489     0.095
  -691.389     0.093
  -691.289     0.093
  -691.190     0.093
  -691.090     0.093
  -690.990     0.094
  -690.891     0.096
  -690.791     0.096
  -690.692     0.096
  -690.592     0.096
  -690.492     0.098
  -690.393     0.097
  -690.293     0.097
  -690.194     0.098
  -690.094     0.099
  -689.994     0.098
  -689.895     0.098
  -689.795     0.098
  -689.695     0.099
  -689.596     0.098
  -689.496     0.099
  -689.397     0.100
  -689.297     0.098
  -689.198     0.098
  -689.098     0.095
  -688.998     0.094
  -688.899     0.093
  -688.799     0.094
  -688.700     0.094
  -688.600     0.094
  -688.500     0.093
  -688.401     0.094
  -688.301     0.093
  -688.201     0.094
  -688.102     0.094
  -688.002     0.094
  -687.903     0.095
  -687.803     0.095
  -687.703     0.096
  -687.604     0.094
  -687.504     0.094
  -687.405     0.095
  -687.305     0.096
  -687.205     0.096
  -687.106     0.097
  -687.006     0.096
  -686.907     0.095
  -686.807     0.095
  -686.707     0.094
  -686.608     0.094
  -686.508     0.093
  -686.408     0.095
  -686.309     0.095
  -686.209     0.095
  -686.110     0.097
  -686.010     0.098
  -685.910     0.099
  -685.811     0.100
  -685.711     0.104
  -685.612     0.106
  -685.512     0.107
  -685.412     0.107
  -685.313     0.107
  -685.213     0.107
  -685.114     0.106
  -685.014     0.106
  -684.914     0.104
  -684.815     0.103
  -684.715     0.101
  -684.615     0.097
  -684.516     0.094
  -684.416     0.094
  -684.317     0.092
  -684.217     0.093
  -684.117     0.095
  -684.018     0.095
  -683.918     0.096
  -683.819     0.097
  -683.719     0.098
  -683.619     0.099
  -683.520     0.099
  -683.420     0.099
  -683.320     0.102
  -683.221     0.105
  -683.121     0.106
  -683.022     0.106
  -682.922     0.108
  -682.823     0.107
  -682.723     0.106
  -682.623     0.107
  -682.524     0.105
  -682.424     0.105
  -682.325     0.100
  -682.225     0.093
  -682.125     0.094
  -682.026     0.093
  -681.926     0.093
  -681.826     0.092
  -681.727     0.095
  -681.627     0.095
  -681.528     0.094
  -681.428     0.096
  -681.328     0.094
  -681.229     0.094
  -681.129     0.096
  -681.030     0.094
  -680.930     0.094
  -680.830     0.096
  -680.731     0.095
  -680.631     0.096
  -680.532     0.096
  -680.432     0.096
  -680.332     0.095
  -680.233     0.095
  -680.133     0.096
  -680.033     0.096
  -679.934     0.097
  -679.834     0.096
  -679.735     0.096
  -679.635     0.095
  -679.535     0.096
  -679.436     0.096
  -679.336     0.096
  -679.237     0.097
  -679.137     0.098
  -679.037     0.098
  -678.938     0.099
  -678.838     0.098
  -678.739     0.101
  -678.639     0.100
  -678.539     0.099
  -678.440     0.099
  -678.340     0.098
  -678.240     0.097
  -678.141     0.096
  -678.041     0.097
  -677.942     0.096
  -677.842     0.096
  -677.742     0.096
  -677.643     0.097
  -677.543     0.096
  -677.444     0.096
  -677.344     0.096
  -677.244     0.096
  -677.145     0.096
  -677.045     0.096
  -676.945     0.097
  -676.846     0.096
  -676.746     0.096
  -676.647     0.097
  -676.547     0.097
  -676.448     0.097
  -676.348     0.095
  -676.248     0.097
  -676.149     0.096
  -676.049     0.097
  -675.950     0.096
  -675.850     0.098
  -675.750     0.097
  -675.651     0.098
  -675.551     0.098
  -675.451     0.098
  -675.352     0.099
  -675.252     0.099
  -675.153     0.097
  -675.053     0.097
  -674.953     0.097
  -674.854     0.097
  -674.754     0.098
  -674.655     0.098
  -674.555     0.098
  -674.455     0.098
  -674.356     0.096
  -674.256     0.095
  -674.157     0.096
  -674.057     0.096
  -673.957     0.098
  -673.858     0.098
  -673.758     0.101
  -673.658     0.102
  -673.559     0.105
  -673.459     0.109
  -673.360     0.111
  -673.260     0.111
  -673.160     0.111
  -673.061     0.111
  -672.961     0.111
  -672.862     0.107
  -672.762     0.104
  -672.662     0.100
  -672.563     0.099
  -672.463     0.096
  -672.364     0.096
  -672.264     0.096
  -672.164     0.098
  -672.065     0.096
  -671.965     0.098
  -671.865     0.100
  -671.766     0.099
  -671.666     0.100
  -671.567     0.100
  -671.467     0.101
  -671.367     0.100
  -671.268     0.099
  -671.168     0.100
  -671.069     0.100
  -670.969     0.100
  -670.869     0.098
  -670.770     0.099
  -670.670     0.097
  -670.570     0.096
  -670.471     0.098
  -670.371     0.098
  -670.272     0.098
  -670.172     0.098
  -670.073     0.097
  -669.973     0.098
  -669.873     0.098
  -669.774     0.098
  -669.674     0.100
  -669.575     0.100
  -669.475     0.099
  -669.375     0.098
  -669.276     0.097
  -669.176     0.098
  -669.076     0.098
  -668.977     0.099
  -668.877     0.099
  -668.778     0.099
  -668.678     0.098
  -668.578     0.098
  -668.479     0.098
  -668.379     0.099
  -668.280     0.100
  -668.180     0.100
  -668.080     0.100
  -667.981     0.102
  -667.881     0.103
  -667.782     0.103
  -667.682     0.105
  -667.582     0.109
  -667.483     0.111
  -667.383     0.111
  -667.283     0.113
  -667.184     0.112
  -667.084     0.111
  -666.985     0.111
  -666.885     0.111
  -666.785     0.110
  -666.686     0.106
  -666.586     0.099
  -666.487     0.097
  -666.387     0.098
  -666.287     0.097
  -666.188     0.098
  -666.088     0.097
  -665.989     0.098
  -665.889     0.098
  -665.789     0.100
  -665.690     0.100
  -665.590     0.102
  -665.490     0.103
  -665.391     0.106
  -665.291     0.112
  -665.192     0.113
  -665.092     0.112
  -664.992     0.112
  -664.893     0.112
  -664.793     0.111
  -664.694     0.112
  -664.594     0.110
  -664.494     0.107
  -664.395     0.102
  -664.295     0.099
  -664.195     0.098
  -664.096     0.099
  -663.996     0.099
  -663.897     0.098
  -663.797     0.098
  -663.698     0.099
  -663.598     0.100
  -663.498     0.102
  -663.399     0.101
  -663.299     0.102
  -663.200     0.102
  -663.100     0.102
  -663.000     0.101
  -662.901     0.100
  -662.801     0.100
  -662.701     0.098
  -662.602     0.100
  -662.502     0.099
  -662.403     0.098
  -662.303     0.098
  -662.203     0.101
  -662.104     0.100
  -662.004     0.102
  -661.905     0.100
  -661.805     0.100
  -661.705     0.101
  -661.606     0.099
  -661.506     0.099
  -661.407     0.098
  -661.307     0.101
  -661.207     0.101
  -661.108     0.102
  -661.008     0.104
  -660.908     0.106
  -660.809     0.110
  -660.709     0.112
  -660.610     0.114
  -660.510     0.114
  -660.410     0.113
  -660.311     0.112
  -660.211     0.109
  -660.112     0.103
  -660.012     0.100
  -659.912     0.099
  -659.813     0.100
  -659.713     0.098
  -659.614     0.099
  -659.514     0.100
  -659.414     0.099
  -659.315     0.100
  -659.215     0.101
  -659.115     0.102
  -659.016     0.102
  -658.916     0.102
  -658.817     0.103
  -658.717     0.100
  -658.617     0.102
  -658.518     0.101
  -658.418     0.100
  -658.319     0.100
  -658.219     0.099
  -658.119     0.100
  -658.020     0.099
  -657.920     0.100
  -657.820     0.101
  -657.721     0.099
  -657.621     0.100
  -657.522     0.101
  -657.422     0.101
  -657.323     0.100
  -657.223     0.101
  -657.123     0.101
  -657.024     0.100
  -656.924     0.102
  -656.825     0.102
  -656.725     0.101
  -656.625     0.101
  -656.526     0.100
  -656.426     0.101
  -656.326     0.101
  -656.227     0.103
  -656.127     0.103
  -656.028     0.104
  -655.928     0.106
  -655.828     0.106
  -655.729     0.109
  -655.629     0.113
  -655.530     0.113
  -655.430     0.115
  -655.330     0.114
  -655.231     0.114
  -655.131     0.115
  -655.032     0.114
  -654.932     0.112
  -654.832     0.109
  -654.733     0.103
  -654.633     0.101
  -654.533     0.100
  -654.434     0.100
  -654.334     0.100
  -654.235     0.099
  -654.135     0.101
  -654.035     0.100
  -653.936     0.100
  -653.836     0.100
  -653.737     0.101
  -653.637     0.102
  -653.537     0.103
  -653.438     0.103
  -653.338     0.106
  -653.239     0.107
  -653.139     0.112
  -653.039     0.114
  -652.940     0.115
  -652.840     0.114
  -652.740     0.114
  -652.641     0.112
  -652.541     0.111
  -652.442     0.108
  -652.342     0.103
  -652.242     0.100
  -652.143     0.099
  -652.043     0.099
  -651.944     0.100
  -651.844     0.100
  -651.744     0.102
  -651.645     0.101
  -651.545     0.102
  -651.445     0.101
  -651.346     0.102
  -651.246     0.102
  -651.147     0.102
  -651.047     0.101
  -650.948     0.102
  -650.848     0.100
  -650.748     0.101
  -650.649     0.101
  -650.549     0.101
  -650.450     0.101
  -650.350     0.102
  -650.250     0.100
  -650.151     0.102
  -650.051     0.101
  -649.951     0.103
  -649.852     0.104
  -649.752     0.104
  -649.653     0.104
  -649.553     0.104
  -649.453     0.106
  -649.354     0.107
  -649.254     0.109
  -649.155     0.114
  -649.055     0.116
  -648.955     0.116
  -648.856     0.116
  -648.756     0.115
  -648.657     0.115
  -648.557     0.114
  -648.457     0.113
  -648.358     0.111
  -648.258     0.104
  -648.158     0.102
  -648.059     0.102
  -647.959     0.101
  -647.860     0.101
  -647.760     0.101
  -647.660     0.102
  -647.561     0.103
  -647.461     0.103
  -647.362     0.105
  -647.262     0.107
  -647.162     0.107
  -647.063     0.109
  -646.963     0.114
  -646.864     0.117
  -646.764     0.116
  -646.664     0.115
  -646.565     0.116
  -646.465     0.115
  -646.365     0.116
  -646.266     0.114
  -646.166     0.113
  -646.067     0.113
  -645.967     0.108
  -645.867     0.104
  -645.768     0.102
  -645.668     0.101
  -645.569     0.101
  -645.469     0.101
  -645.369     0.101
  -645.270     0.103
  -645.170     0.103
  -645.070     0.103
  -644.971     0.104
  -644.871     0.104
  -644.772     0.104
  -644.672     0.104
  -644.573     0.105
  -644.473     0.106
  -644.373     0.106
  -644.274     0.106
  -644.174     0.106
  -644.075     0.105
  -643.975     0.105
  -643.875     0.104
  -643.776     0.103
  -643.676     0.102
  -643.576     0.104
  -643.477     0.104
  -643.377     0.102
  -643.278     0.103
  -643.178     0.103
  -643.078     0.104
  -642.979     0.105
  -642.879     0.107
  -642.780     0.113
  -642.680     0.116
  -642.580     0.117
  -642.481     0.117
  -642.381     0.117
  -642.282     0.118
  -642.182     0.116
  -642.082     0.116
  -641.983     0.115
  -641.883     0.112
  -641.783     0.107
  -641.684     0.104
  -641.584     0.103
  -641.485     0.104
  -641.385     0.103
  -641.285     0.104
  -641.186     0.104
  -641.086     0.104
  -640.987     0.105
  -640.887     0.104
  -640.787     0.104
  -640.688     0.106
  -640.588     0.104
  -640.489     0.104
  -640.389     0.104
  -640.289     0.104
  -640.190     0.103
  -640.090     0.104
  -639.990     0.104
  -639.891     0.103
  -639.791     0.103
  -639.692     0.103
  -639.592     0.105
  -639.492     0.106
  -639.393     0.105
  -639.293     0.105
  -639.194     0.106
  -639.094     0.105
  -638.994     0.107
  -638.895     0.105
  -638.795     0.106
  -638.695     0.105
  -638.596     0.103
  -638.496     0.103
  -638.397     0.103
  -638.297     0.105
  -638.198     0.105
  -638.098     0.105
  -637.998     0.104
  -637.899     0.105
  -637.799     0.106
  -637.700     0.106
  -637.600     0.104
  -637.500     0.103
  -637.401     0.102
  -637.301     0.103
  -637.201     0.103
  -637.102     0.105
  -637.002     0.106
  -636.903     0.108
  -636.803     0.110
  -636.703     0.116
  -636.604     0.118
  -636.504     0.118
  -636.405     0.117
  -636.305     0.115
  -636.205     0.111
  -636.106     0.104
  -636.006     0.103
  -635.907     0.104
  -635.807     0.103
  -635.707     0.103
  -635.608     0.104
  -635.508     0.105
  -635.408     0.107
  -635.309     0.109
  -635.209     0.116
  -635.110     0.119
  -635.010     0.119
  -634.910     0.120
  -634.811     0.119
  -634.711     0.118
  -634.612     0.118
  -634.512     0.115
  -634.412     0.110
  -634.313     0.105
  -634.213     0.104
  -634.114     0.104
  -634.014     0.104
  -633.914     0.104
  -633.815     0.106
  -633.715     0.107
  -633.615     0.108
  -633.516     0.108
  -633.416     0.109
  -633.317     0.110
  -633.217     0.113
  -633.117     0.118
  -633.018     0.120
  -632.918     0.119
  -632.819     0.120
  -632.719     0.119
  -632.619     0.119
  -632.520     0.118
  -632.420     0.117
  -632.320     0.111
  -632.221     0.107
  -632.121     0.107
  -632.022     0.103
  -631.922     0.104
  -631.823     0.105
  -631.723     0.106
  -631.623     0.106
  -631.524     0.106
  -631.424     0.106
  -631.325     0.106
  -631.225     0.105
  -631.125     0.105
  -631.026     0.106
  -630.926     0.106
  -630.826     0.106
  -630.727     0.105
  -630.627     0.105
  -630.528     0.107
  -630.428     0.107
  -630.328     0.107
  -630.229     0.107
  -630.129     0.108
  -630.030     0.106
  -629.930     0.108
  -629.830     0.107
  -629.731     0.107
  -629.631     0.106
  -629.532     0.105
  -629.432     0.105
  -629.332     0.105
  -629.233     0.107
  -629.133     0.107
  -629.033     0.106
  -628.934     0.107
  -628.834     0.108
  -628.735     0.107
  -628.635     0.107
  -628.535     0.105
  -628.436     0.104
  -628.336     0.106
  -628.237     0.108
  -628.137     0.110
  -628.037     0.111
  -627.938     0.114
  -627.838     0.119
  -627.739     0.120
  -627.639     0.122
  -627.539     0.121
  -627.440     0.122
  -627.340     0.121
  -627.240     0.120
  -627.141     0.117
  -627.041     0.113
  -626.942     0.108
  -626.842     0.105
  -626.742     0.107
  -626.643     0.106
  -626.543     0.106
  -626.444     0.108
  -626.344     0.107
  -626.244     0.107
  -626.145     0.107
  -626.045     0.107
  -625.945     0.107
  -625.846     0.107
  -625.746     0.107
  -625.647     0.107
  -625.547     0.107
  -625.448     0.108
  -625.348     0.108
  -625.248     0.109
  -625.149     0.108
  -625.049     0.110
  -624.950     0.109
  -624.850     0.107
  -624.750     0.107
  -624.651     0.107
  -624.551     0.108
  -624.451     0.109
  -624.352     0.110
  -624.252     0.111
  -624.153     0.110
  -624.053     0.110
  -623.953     0.110
  -623.854     0.110
  -623.754     0.108
  -623.655     0.107
  -623.555     0.107
  -623.455     0.107
  -623.356     0.107
  -623.256     0.107
  -623.157     0.108
  -623.057     0.108
  -622.957     0.107
  -622.858     0.106
  -622.758     0.107
  -622.658     0.108
  -622.559     0.110
  -622.459     0.111
  -622.360     0.112
  -622.260     0.113
  -622.160     0.115
  -622.061     0.120
  -621.961     0.122
  -621.862     0.123
  -621.762     0.123
  -621.662     0.122
  -621.563     0.124
  -621.463     0.123
  -621.364     0.123
  -621.264     0.120
  -621.164     0.118
  -621.065     0.113
  -620.965     0.109
  -620.865     0.109
  -620.766     0.107
  -620.666     0.107
  -620.567     0.107
  -620.467     0.108
  -620.367     0.110
  -620.268     0.109
  -620.168     0.110
  -620.069     0.110
  -619.969     0.110
  -619.869     0.110
  -619.770     0.108
  -619.670     0.108
  -619.570     0.108
  -619.471     0.110
  -619.371     0.109
  -619.272     0.110
  -619.172     0.109
  -619.073     0.109
  -618.973     0.109
  -618.873     0.109
  -618.774     0.109
  -618.674     0.107
  -618.575     0.108
  -618.475     0.108
  -618.375     0.110
  -618.276     0.109
  -618.176     0.109
  -618.076     0.110
  -617.977     0.108
  -617.877     0.108
  -617.778     0.108
  -617.678     0.110
  -617.578     0.109
  -617.479     0.109
  -617.379     0.111
  -617.280     0.111
  -617.180     0.110
  -617.080     0.111
  -616.981     0.111
  -616.881     0.111
  -616.782     0.108
  -616.682     0.110
  -616.582     0.108
  -616.483     0.108
  -616.383     0.109
  -616.283     0.112
  -616.184     0.111
  -616.084     0.111
  -615.985     0.113
  -615.885     0.114
  -615.785     0.116
  -615.686     0.117
  -615.586     0.121
  -615.487     0.122
  -615.387     0.124
  -615.287     0.123
  -615.188     0.123
  -615.088     0.122
  -614.989     0.118
  -614.889     0.112
  -614.789     0.109
  -614.690     0.108
  -614.590     0.110
  -614.490     0.109
  -614.391     0.109
  -614.291     0.109
  -614.192     0.110
  -614.092     0.109
  -613.992     0.111
  -613.893     0.113
  -613.793     0.114
  -613.694     0.116
  -613.594     0.119
  -613.494     0.122
  -613.395     0.123
  -613.295     0.122
  -613.195     0.122
  -613.096     0.120
  -612.996     0.119
  -612.897     0.119
  -612.797     0.118
  -612.698     0.115
  -612.598     0.111
  -612.498     0.109
  -612.399     0.108
  -612.299     0.108
  -612.200     0.110
  -612.100     0.110
  -612.000     0.112
  -611.901     0.114
  -611.801     0.117
  -611.701     0.123
  -611.602     0.124
  -611.502     0.124
  -611.403     0.124
  -611.303     0.124
  -611.203     0.124
  -611.104     0.123
  -611.004     0.121
  -610.905     0.115
  -610.805     0.111
  -610.705     0.109
  -610.606     0.109
  -610.506     0.109
  -610.407     0.109
  -610.307     0.110
  -610.207     0.110
  -610.108     0.111
  -610.008     0.112
  -609.908     0.113
  -609.809     0.113
  -609.709     0.113
  -609.610     0.117
  -609.510     0.119
  -609.410     0.124
  -609.311     0.124
  -609.211     0.125
  -609.112     0.124
  -609.012     0.125
  -608.912     0.125
  -608.813     0.124
  -608.713     0.123
  -608.614     0.123
  -608.514     0.121
  -608.414     0.119
  -608.315     0.115
  -608.215     0.112
  -608.115     0.110
  -608.016     0.110
  -607.916     0.111
  -607.817     0.111
  -607.717     0.112
  -607.617     0.113
  -607.518     0.114
  -607.418     0.114
  -607.319     0.115
  -607.219     0.117
  -607.119     0.119
  -607.020     0.121
  -606.920     0.125
  -606.820     0.124
  -606.721     0.124
  -606.621     0.126
  -606.522     0.125
  -606.422     0.125
  -606.323     0.125
  -606.223     0.123
  -606.123     0.123
  -606.024     0.118
  -605.924     0.113
  -605.825     0.111
  -605.725     0.109
  -605.625     0.111
  -605.526     0.110
  -605.426     0.111
  -605.326     0.110
  -605.227     0.110
  -605.127     0.111
  -605.028     0.110
  -604.928     0.111
  -604.828     0.111
  -604.729     0.113
  -604.629     0.114
  -604.530     0.114
  -604.430     0.114
  -604.330     0.117
  -604.231     0.115
  -604.131     0.116
  -604.032     0.116
  -603.932     0.118
  -603.832     0.117
  -603.733     0.117
  -603.633     0.118
  -603.533     0.117
  -603.434     0.116
  -603.334     0.115
  -603.235     0.113
  -603.135     0.112
  -603.035     0.112
  -602.936     0.113
  -602.836     0.114
  -602.737     0.117
  -602.637     0.117
  -602.537     0.117
  -602.438     0.119
  -602.338     0.124
  -602.239     0.125
  -602.139     0.127
  -602.039     0.127
  -601.940     0.126
  -601.840     0.125
  -601.740     0.123
  -601.641     0.121
  -601.541     0.118
  -601.442     0.113
  -601.342     0.111
  -601.242     0.112
  -601.143     0.113
  -601.043     0.113
  -600.944     0.114
  -600.844     0.114
  -600.744     0.114
  -600.645     0.114
  -600.545     0.114
  -600.445     0.113
  -600.346     0.112
  -600.246     0.113
  -600.147     0.112
  -600.047     0.113
  -599.948     0.114
  -599.848     0.116
  -599.748     0.117
  -599.649     0.118
  -599.549     0.122
  -599.450     0.128
  -599.350     0.130
  -599.250     0.131
  -599.151     0.131
  -599.051     0.129
  -598.951     0.128
  -598.852     0.125
  -598.752     0.120
  -598.653     0.116
  -598.553     0.115
  -598.453     0.115
  -598.354     0.114
  -598.254     0.114
  -598.155     0.114
  -598.055     0.115
  -597.955     0.116
  -597.856     0.114
  -597.756     0.114
  -597.657     0.116
  -597.557     0.115
  -597.457     0.115
  -597.358     0.115
  -597.258     0.115
  -597.158     0.115
  -597.059     0.117
  -596.959     0.117
  -596.860     0.115
  -596.760     0.117
  -596.660     0.117
  -596.561     0.118
  -596.461     0.118
  -596.362     0.117
  -596.262     0.117
  -596.162     0.117
  -596.063     0.117
  -595.963     0.119
  -595.864     0.118
  -595.764     0.119
  -595.664     0.121
  -595.565     0.122
  -595.465     0.125
  -595.365     0.130
  -595.266     0.133
  -595.166     0.133
  -595.067     0.133
  -594.967     0.132
  -594.867     0.132
  -594.768     0.130
  -594.668     0.128
  -594.569     0.123
  -594.469     0.119
  -594.369     0.118
  -594.270     0.117
  -594.170     0.116
  -594.070     0.117
  -593.971     0.117
  -593.871     0.118
  -593.772     0.116
  -593.672     0.119
  -593.573     0.118
  -593.473     0.117
  -593.373     0.117
  -593.274     0.116
  -593.174     0.117
  -593.075     0.120
  -592.975     0.120
  -592.875     0.119
  -592.776     0.123
  -592.676     0.127
  -592.576     0.130
  -592.477     0.133
  -592.377     0.132
  -592.278     0.132
  -592.178     0.132
  -592.078     0.132
  -591.979     0.131
  -591.879     0.130
  -591.780     0.128
  -591.680     0.125
  -591.580     0.121
  -591.481     0.119
  -591.381     0.118
  -591.282     0.119
  -591.182     0.119
  -591.082     0.117
  -590.983     0.119
  -590.883     0.117
  -590.783     0.120
  -590.684     0.121
  -590.584     0.121
  -590.485     0.120
  -590.385     0.122
  -590.285     0.122
  -590.186     0.124
  -590.086     0.124
  -589.987     0.126
  -589.887     0.129
  -589.787     0.134
  -589.688     0.136
  -589.588     0.135
  -589.489     0.135
  -589.389     0.132
  -589.289     0.128
  -589.190     0.122
  -589.090     0.119
  -588.990     0.120
  -588.891     0.119
  -588.791     0.119
  -588.692     0.121
  -588.592     0.122
  -588.492     0.123
  -588.393     0.126
  -588.293     0.128
  -588.194     0.135
  -588.094     0.136
  -587.994     0.136
  -587.895     0.136
  -587.795     0.136
  -587.695     0.137
  -587.596     0.134
  -587.496     0.132
  -587.397     0.128
  -587.297     0.122
  -587.198     0.121
  -587.098     0.120
  -586.998     0.120
  -586.899     0.121
  -586.799     0.120
  -586.700     0.120
  -586.600     0.122
  -586.500     0.122
  -586.401     0.122
  -586.301     0.123
  -586.201     0.122
  -586.102     0.122
  -586.002     0.123
  -585.903     0.123
  -585.803     0.122
  -585.703     0.121
  -585.604     0.121
  -585.504     0.122
  -585.405     0.122
  -585.305     0.123
  -585.205     0.123
  -585.106     0.125
  -585.006     0.125
  -584.907     0.127
  -584.807     0.129
  -584.707     0.132
  -584.608     0.136
  -584.508     0.138
  -584.408     0.139
  -584.309     0.138
  -584.209     0.137
  -584.110     0.135
  -584.010     0.132
  -583.910     0.125
  -583.811     0.122
  -583.711     0.123
  -583.612     0.122
  -583.512     0.123
  -583.412     0.121
  -583.313     0.123
  -583.213     0.122
  -583.114     0.123
  -583.014     0.124
  -582.914     0.125
  -582.815     0.126
  -582.715     0.125
  -582.615     0.123
  -582.516     0.123
  -582.416     0.123
  -582.317     0.122
  -582.217     0.123
  -582.117     0.124
  -582.018     0.125
  -581.918     0.124
  -581.819     0.124
  -581.719     0.124
  -581.619     0.125
  -581.520     0.125
  -581.420     0.124
  -581.320     0.124
  -581.221     0.124
  -581.121     0.123
  -581.022     0.125
  -580.922     0.126
  -580.823     0.126
  -580.723     0.128
  -580.623     0.127
  -580.524     0.130
  -580.424     0.133
  -580.325     0.138
  -580.225     0.141
  -580.125     0.141
  -580.026     0.139
  -579.926     0.140
  -579.826     0.137
  -579.727     0.135
  -579.627     0.127
  -579.528     0.125
  -579.428     0.125
  -579.328     0.126
  -579.229     0.125
  -579.129     0.126
  -579.030     0.125
  -578.930     0.126
  -578.830     0.125
  -578.731     0.124
  -578.631     0.126
  -578.532     0.124
  -578.432     0.125
  -578.332     0.126
  -578.233     0.127
  -578.133     0.126
  -578.033     0.126
  -577.934     0.125
  -577.834     0.125
  -577.735     0.125
  -577.635     0.126
  -577.535     0.125
  -577.436     0.125
  -577.336     0.125
  -577.237     0.126
  -577.137     0.125
  -577.037     0.127
  -576.938     0.127
  -576.838     0.128
  -576.739     0.128
  -576.639     0.128
  -576.539     0.129
  -576.440     0.128
  -576.340     0.130
  -576.240     0.131
  -576.141     0.133
  -576.041     0.134
  -575.942     0.139
  -575.842     0.140
  -575.742     0.141
  -575.643     0.140
  -575.543     0.140
  -575.444     0.140
  -575.344     0.138
  -575.244     0.135
  -575.145     0.129
  -575.045     0.126
  -574.945     0.125
  -574.846     0.126
  -574.746     0.127
  -574.647     0.128
  -574.547     0.127
  -574.448     0.128
  -574.348     0.128
  -574.248     0.128
  -574.149     0.127
  -574.049     0.127
  -573.950     0.129
  -573.850     0.127
  -573.750     0.127
  -573.651     0.126
  -573.551     0.128
  -573.451     0.128
  -573.352     0.129
  -573.252     0.129
  -573.153     0.129
  -573.053     0.130
  -572.953     0.130
  -572.854     0.129
  -572.754     0.128
  -572.655     0.128
  -572.555     0.128
  -572.455     0.128
  -572.356     0.128
  -572.256     0.128
  -572.157     0.128
  -572.057     0.128
  -571.957     0.128
  -571.858     0.128
  -571.758     0.129
  -571.658     0.129
  -571.559     0.129
  -571.459     0.129
  -571.360     0.128
  -571.260     0.127
  -571.160     0.129
  -571.061     0.129
  -570.961     0.128
  -570.862     0.129
  -570.762     0.129
  -570.662     0.127
  -570.563     0.129
  -570.463     0.129
  -570.364     0.129
  -570.264     0.129
  -570.164     0.128
  -570.065     0.129
  -569.965     0.128
  -569.865     0.129
  -569.766     0.127
  -569.666     0.128
  -569.567     0.129
  -569.467     0.129
  -569.367     0.130
  -569.268     0.130
  -569.168     0.131
  -569.069     0.131
  -568.969     0.134
  -568.869     0.135
  -568.770     0.134
  -568.670     0.134
  -568.570     0.137
  -568.471     0.141
  -568.371     0.143
  -568.272     0.144
  -568.172     0.144
  -568.073     0.145
  -567.973     0.142
  -567.873     0.141
  -567.774     0.140
  -567.674     0.136
  -567.575     0.131
  -567.475     0.128
  -567.375     0.129
  -567.276     0.129
  -567.176     0.129
  -567.076     0.128
  -566.977     0.128
  -566.877     0.129
  -566.778     0.129
  -566.678     0.128
  -566.578     0.129
  -566.479     0.130
  -566.379     0.132
  -566.280     0.132
  -566.180     0.133
  -566.080     0.136
  -565.981     0.140
  -565.881     0.144
  -565.782     0.145
  -565.682     0.145
  -565.582     0.144
  -565.483     0.145
  -565.383     0.143
  -565.283     0.140
  -565.184     0.138
  -565.084     0.132
  -564.985     0.129
  -564.885     0.129
  -564.785     0.129
  -564.686     0.129
  -564.586     0.129
  -564.487     0.130
  -564.387     0.131
  -564.287     0.132
  -564.188     0.131
  -564.088     0.132
  -563.989     0.133
  -563.889     0.130
  -563.789     0.131
  -563.690     0.130
  -563.590     0.129
  -563.490     0.130
  -563.391     0.130
  -563.291     0.130
  -563.192     0.129
  -563.092     0.132
  -562.992     0.134
  -562.893     0.135
  -562.793     0.137
  -562.694     0.143
  -562.594     0.145
  -562.494     0.147
  -562.395     0.146
  -562.295     0.145
  -562.195     0.144
  -562.096     0.142
  -561.996     0.135
  -561.897     0.129
  -561.797     0.129
  -561.698     0.131
  -561.598     0.130
  -561.498     0.131
  -561.399     0.133
  -561.299     0.134
  -561.200     0.134
  -561.100     0.133
  -561.000     0.134
  -560.901     0.134
  -560.801     0.132
  -560.701     0.134
  -560.602     0.131
  -560.502     0.131
  -560.403     0.131
  -560.303     0.130
  -560.203     0.131
  -560.104     0.132
  -560.004     0.134
  -559.905     0.131
  -559.805     0.131
  -559.705     0.132
  -559.606     0.131
  -559.506     0.131
  -559.407     0.131
  -559.307     0.132
  -559.207     0.133
  -559.108     0.134
  -559.008     0.135
  -558.908     0.137
  -558.809     0.142
  -558.709     0.146
  -558.610     0.146
  -558.510     0.147
  -558.410     0.146
  -558.311     0.147
  -558.211     0.147
  -558.112     0.146
  -558.012     0.145
  -557.912     0.143
  -557.813     0.140
  -557.713     0.134
  -557.614     0.133
  -557.514     0.131
  -557.414     0.131
  -557.315     0.131
  -557.215     0.131
  -557.115     0.132
  -557.016     0.132
  -556.916     0.133
  -556.817     0.132
  -556.717     0.131
  -556.617     0.132
  -556.518     0.132
  -556.418     0.134
  -556.319     0.134
  -556.219     0.133
  -556.119     0.134
  -556.020     0.133
  -555.920     0.133
  -555.820     0.133
  -555.721     0.132
  -555.621     0.133
  -555.522     0.133
  -555.422     0.133
  -555.323     0.134
  -555.223     0.135
  -555.123     0.136
  -555.024     0.136
  -554.924     0.135
  -554.825     0.137
  -554.725     0.138
  -554.625     0.138
  -554.526     0.137
  -554.426     0.137
  -554.326     0.135
  -554.227     0.134
  -554.127     0.133
  -554.028     0.133
  -553.928     0.134
  -553.828     0.134
  -553.729     0.136
  -553.629     0.134
  -553.530     0.133
  -553.430     0.133
  -553.330     0.132
  -553.231     0.134
  -553.131     0.136
  -553.032     0.134
  -552.932     0.134
  -552.832     0.135
  -552.733     0.137
  -552.633     0.137
  -552.533     0.137
  -552.434     0.137
  -552.334     0.137
  -552.235     0.139
  -552.135     0.140
  -552.035     0.143
  -551.936     0.147
  -551.836     0.149
  -551.737     0.148
  -551.637     0.149
  -551.537     0.150
  -551.438     0.149
  -551.338     0.149
  -551.239     0.148
  -551.139     0.144
  -551.039     0.137
  -550.940     0.134
  -550.840     0.135
  -550.740     0.134
  -550.641     0.134
  -550.541     0.135
  -550.442     0.133
  -550.342     0.133
  -550.242     0.134
  -550.143     0.136
  -550.043     0.136
  -549.944     0.139
  -549.844     0.137
  -549.744     0.140
  -549.645     0.142
  -549.545     0.147
  -549.445     0.150
  -549.346     0.149
  -549.246     0.149
  -549.147     0.148
  -549.047     0.149
  -548.948     0.149
  -548.848     0.145
  -548.748     0.143
  -548.649     0.138
  -548.549     0.134
  -548.450     0.134
  -548.350     0.134
  -548.250     0.135
  -548.151     0.136
  -548.051     0.135
  -547.951     0.134
  -547.852     0.135
  -547.752     0.136
  -547.653     0.135
  -547.553     0.135
  -547.453     0.134
  -547.354     0.134
  -547.254     0.135
  -547.155     0.137
  -547.055     0.135
  -546.955     0.136
  -546.856     0.136
  -546.756     0.135
  -546.657     0.135
  -546.557     0.136
  -546.457     0.138
  -546.358     0.140
  -546.258     0.143
  -546.158     0.147
  -546.059     0.150
  -545.959     0.151
  -545.860     0.151
  -545.760     0.152
  -545.660     0.152
  -545.561     0.153
  -545.461     0.151
  -545.362     0.149
  -545.262     0.145
  -545.162     0.140
  -545.063     0.138
  -544.963     0.136
  -544.864     0.136
  -544.764     0.137
  -544.664     0.137
  -544.565     0.137
  -544.465     0.137
  -544.365     0.135
  -544.266     0.134
  -544.166     0.136
  -544.067     0.138
  -543.967     0.136
  -543.867     0.136
  -543.768     0.136
  -543.668     0.137
  -543.569     0.138
  -543.469     0.139
  -543.369     0.138
  -543.270     0.137
  -543.170     0.137
  -543.070     0.137
  -542.971     0.138
  -542.871     0.139
  -542.772     0.138
  -542.672     0.138
  -542.573     0.138
  -542.473     0.137
  -542.373     0.137
  -542.274     0.137
  -542.174     0.137
  -542.075     0.137
  -541.975     0.137
  -541.875     0.137
  -541.776     0.137
  -541.676     0.136
  -541.576     0.137
  -541.477     0.137
  -541.377     0.138
  -541.278     0.138
  -541.178     0.140
  -541.078     0.143
  -540.979     0.143
  -540.879     0.148
  -540.780     0.152
  -540.680     0.154
  -540.580     0.153
  -540.481     0.154
  -540.381     0.153
  -540.282     0.151
  -540.182     0.150
  -540.082     0.145
  -539.983     0.138
  -539.883     0.137
  -539.783     0.136
  -539.684     0.138
  -539.584     0.138
  -539.485     0.138
  -539.385     0.139
  -539.285     0.138
  -539.186     0.140
  -539.086     0.138
  -538.987     0.137
  -538.887     0.137
  -538.787     0.138
  -538.688     0.139
  -538.588     0.140
  -538.489     0.140
  -538.389     0.138
  -538.289     0.138
  -538.190     0.138
  -538.090     0.137
  -537.990     0.138
  -537.891     0.138
  -537.791     0.138
  -537.692     0.141
  -537.592     0.139
  -537.492     0.139
  -537.393     0.137
  -537.293     0.137
  -537.194     0.137
  -537.094     0.139
  -536.994     0.139
  -536.895     0.139
  -536.795     0.139
  -536.695     0.139
  -536.596     0.139
  -536.496     0.138
  -536.397     0.138
  -536.297     0.139
  -536.198     0.139
  -536.098     0.141
  -535.998     0.142
  -535.899     0.143
  -535.799     0.145
  -535.700     0.147
  -535.600     0.151
  -535.500     0.153
  -535.401     0.153
  -535.301     0.155
  -535.201     0.154
  -535.102     0.153
  -535.002     0.154
  -534.903     0.153
  -534.803     0.153
  -534.703     0.154
  -534.604     0.152
  -534.504     0.151
  -534.405     0.146
  -534.305     0.139
  -534.205     0.138
  -534.106     0.139
  -534.006     0.138
  -533.907     0.140
  -533.807     0.140
  -533.707     0.140
  -533.608     0.139
  -533.508     0.139
  -533.408     0.138
  -533.309     0.140
  -533.209     0.140
  -533.110     0.140
  -533.010     0.139
  -532.910     0.139
  -532.811     0.139
  -532.711     0.139
  -532.612     0.141
  -532.512     0.141
  -532.412     0.142
  -532.313     0.142
  -532.213     0.141
  -532.114     0.141
  -532.014     0.142
  -531.914     0.139
  -531.815     0.139
  -531.715     0.139
  -531.615     0.140
  -531.516     0.140
  -531.416     0.138
  -531.317     0.139
  -531.217     0.141
  -531.117     0.142
  -531.018     0.142
  -530.918     0.143
  -530.819     0.144
  -530.719     0.146
  -530.619     0.148
  -530.520     0.153
  -530.420     0.154
  -530.320     0.155
  -530.221     0.155
  -530.121     0.155
  -530.022     0.153
  -529.922     0.153
  -529.823     0.151
  -529.723     0.150
  -529.623     0.146
  -529.524     0.142
  -529.424     0.141
  -529.325     0.140
  -529.225     0.138
  -529.125     0.141
  -529.026     0.141
  -528.926     0.143
  -528.826     0.143
  -528.727     0.145
  -528.627     0.147
  -528.528     0.148
  -528.428     0.155
  -528.328     0.154
  -528.229     0.154
  -528.129     0.153
  -528.030     0.152
  -527.930     0.150
  -527.830     0.148
  -527.731     0.143
  -527.631     0.142
  -527.532     0.140
  -527.432     0.140
  -527.332     0.140
  -527.233     0.139
  -527.133     0.140
  -527.033     0.138
  -526.934     0.140
  -526.834     0.141
  -526.735     0.142
  -526.635     0.144
  -526.535     0.144
  -526.436     0.145
  -526.336     0.147
  -526.237     0.149
  -526.137     0.154
  -526.037     0.156
  -525.938     0.157
  -525.838     0.157
  -525.739     0.156
  -525.639     0.156
  -525.539     0.156
  -525.440     0.157
  -525.340     0.155
  -525.240     0.151
  -525.141     0.145
  -525.041     0.141
  -524.942     0.140
  -524.842     0.140
  -524.742     0.141
  -524.643     0.142
  -524.543     0.142
  -524.444     0.145
  -524.344     0.145
  -524.244     0.146
  -524.145     0.148
  -524.045     0.152
  -523.945     0.155
  -523.846     0.155
  -523.746     0.158
  -523.647     0.157
  -523.547     0.155
  -523.448     0.153
  -523.348     0.151
  -523.248     0.146
  -523.149     0.142
  -523.049     0.141
  -522.950     0.141
  -522.850     0.141
  -522.750     0.141
  -522.651     0.141
  -522.551     0.140
  -522.451     0.141
  -522.352     0.142
  -522.252     0.142
  -522.153     0.145
  -522.053     0.147
  -521.953     0.147
  -521.854     0.150
  -521.754     0.155
  -521.655     0.157
  -521.555     0.158
  -521.455     0.157
  -521.356     0.156
  -521.256     0.154
  -521.157     0.152
  -521.057     0.145
  -520.957     0.143
  -520.858     0.142
  -520.758     0.140
  -520.658     0.142
  -520.559     0.142
  -520.459     0.142
  -520.360     0.143
  -520.260     0.143
  -520.160     0.142
  -520.061     0.143
  -519.961     0.143
  -519.862     0.144
  -519.762     0.145
  -519.662     0.144
  -519.563     0.145
  -519.463     0.144
  -519.364     0.144
  -519.264     0.142
  -519.164     0.144
  -519.065     0.144
  -518.965     0.144
  -518.865     0.142
  -518.766     0.144
  -518.666     0.143
  -518.567     0.143
  -518.467     0.144
  -518.367     0.143
  -518.268     0.146
  -518.168     0.147
  -518.069     0.148
  -517.969     0.150
  -517.869     0.156
  -517.770     0.158
  -517.670     0.159
  -517.570     0.159
  -517.471     0.160
  -517.371     0.158
  -517.272     0.158
  -517.172     0.156
  -517.073     0.155
  -516.973     0.152
  -516.873     0.146
  -516.774     0.144
  -516.674     0.143
  -516.575     0.143
  -516.475     0.144
  -516.375     0.144
  -516.276     0.143
  -516.176     0.144
  -516.076     0.146
  -515.977     0.146
  -515.877     0.148
  -515.778     0.148
  -515.678     0.151
  -515.578     0.155
  -515.479     0.158
  -515.379     0.160
  -515.280     0.160
  -515.180     0.160
  -515.080     0.159
  -514.981     0.158
  -514.881     0.157
  -514.782     0.154
  -514.682     0.153
  -514.582     0.146
  -514.483     0.145
  -514.383     0.144
  -514.283     0.143
  -514.184     0.144
  -514.084     0.144
  -513.985     0.143
  -513.885     0.144
  -513.785     0.144
  -513.686     0.146
  -513.586     0.145
  -513.487     0.146
  -513.387     0.147
  -513.287     0.149
  -513.188     0.153
  -513.088     0.157
  -512.989     0.159
  -512.889     0.159
  -512.789     0.159
  -512.690     0.159
  -512.590     0.156
  -512.490     0.156
  -512.391     0.150
  -512.291     0.146
  -512.192     0.145
  -512.092     0.144
  -511.992     0.144
  -511.893     0.146
  -511.793     0.145
  -511.694     0.146
  -511.594     0.145
  -511.494     0.146
  -511.395     0.146
  -511.295     0.145
  -511.195     0.146
  -511.096     0.145
  -510.996     0.146
  -510.897     0.146
  -510.797     0.146
  -510.698     0.146
  -510.598     0.146
  -510.498     0.146
  -510.399     0.146
  -510.299     0.145
  -510.200     0.145
  -510.100     0.147
  -510.000     0.148
  -509.901     0.149
  -509.801     0.148
  -509.701     0.149
  -509.602     0.148
  -509.502     0.147
  -509.403     0.147
  -509.303     0.145
  -509.203     0.145
  -509.104     0.146
  -509.004     0.146
  -508.905     0.145
  -508.805     0.145
  -508.705     0.146
  -508.606     0.147
  -508.506     0.147
  -508.407     0.145
  -508.307     0.147
  -508.207     0.145
  -508.108     0.147
  -508.008     0.146
  -507.908     0.145
  -507.809     0.146
  -507.709     0.146
  -507.610     0.149
  -507.510     0.147
  -507.410     0.147
  -507.311     0.147
  -507.211     0.147
  -507.112     0.148
  -507.012     0.147
  -506.912     0.148
  -506.813     0.148
  -506.713     0.148
  -506.614     0.148
  -506.514     0.147
  -506.414     0.149
  -506.315     0.148
  -506.215     0.146
  -506.115     0.147
  -506.016     0.148
  -505.916     0.149
  -505.817     0.148
  -505.717     0.147
  -505.617     0.147
  -505.518     0.148
  -505.418     0.148
  -505.319     0.148
  -505.219     0.147
  -505.119     0.147
  -505.020     0.148
  -504.920     0.148
  -504.820     0.149
  -504.721     0.150
  -504.621     0.150
  -504.522     0.149
  -504.422     0.149
  -504.323     0.149
  -504.223     0.148
  -504.123     0.147
  -504.024     0.146
  -503.924     0.147
  -503.825     0.147
  -503.725     0.146
  -503.625     0.147
  -503.526     0.147
  -503.426     0.148
  -503.326     0.147
  -503.227     0.146
  -503.127     0.148
  -503.028     0.148
  -502.928     0.149
  -502.828     0.148
  -502.729     0.148
  -502.629     0.148
  -502.530     0.149
  -502.430     0.150
  -502.330     0.150
  -502.231     0.149
  -502.131     0.148
  -502.032     0.148
  -501.932     0.148
  -501.832     0.148
  -501.733     0.149
  -501.633     0.149
  -501.533     0.148
  -501.434     0.147
  -501.334     0.148
  -501.235     0.147
  -501.135     0.148
  -501.035     0.147
  -500.936     0.149
  -500.836     0.148
  -500.737     0.148
  -500.637     0.149
  -500.537     0.147
  -500.438     0.148
  -500.338     0.147
  -500.239     0.149
  -500.139     0.150
  -500.039     0.151
  -499.940     0.152
  -499.840     0.153
  -499.740     0.155
  -499.641     0.160
  -499.541     0.163
  -499.442     0.164
  -499.342     0.163
  -499.242     0.164
  -499.143     0.163
  -499.043     0.163
  -498.944     0.160
  -498.844     0.158
  -498.744     0.152
  -498.645     0.149
  -498.545     0.148
  -498.445     0.148
  -498.346     0.148
  -498.246     0.149
  -498.147     0.147
  -498.047     0.148
  -497.948     0.149
  -497.848     0.147
  -497.748     0.148
  -497.649     0.147
  -497.549     0.148
  -497.450     0.148
  -497.350     0.148
  -497.250     0.148
  -497.151     0.149
  -497.051     0.149
  -496.951     0.149
  -496.852     0.148
  -496.752     0.149
  -496.653     0.149
  -496.553     0.149
  -496.453     0.149
  -496.354     0.149
  -496.254     0.149
  -496.155     0.148
  -496.055     0.148
  -495.955     0.149
  -495.856     0.150
  -495.756     0.150
  -495.657     0.151
  -495.557     0.153
  -495.457     0.152
  -495.358     0.154
  -495.258     0.155
  -495.158     0.157
  -495.059     0.160
  -494.959     0.164
  -494.860     0.165
  -494.760     0.166
  -494.660     0.167
  -494.561     0.164
  -494.461     0.165
  -494.362     0.162
  -494.262     0.160
  -494.162     0.155
  -494.063     0.150
  -493.963     0.149
  -493.864     0.149
  -493.764     0.151
  -493.664     0.152
  -493.565     0.151
  -493.465     0.151
  -493.365     0.152
  -493.266     0.151
  -493.166     0.150
  -493.067     0.150
  -492.967     0.149
  -492.867     0.150
  -492.768     0.151
  -492.668     0.152
  -492.569     0.154
  -492.469     0.156
  -492.369     0.163
  -492.270     0.165
  -492.170     0.166
  -492.070     0.166
  -491.971     0.164
  -491.871     0.164
  -491.772     0.161
  -491.672     0.159
  -491.573     0.152
  -491.473     0.150
  -491.373     0.151
  -491.274     0.150
  -491.174     0.150
  -491.075     0.150
  -490.975     0.150
  -490.875     0.149
  -490.776     0.149
  -490.676     0.151
  -490.576     0.151
  -490.477     0.150
  -490.377     0.152
  -490.278     0.151
  -490.178     0.152
  -490.078     0.153
  -489.979     0.154
  -489.879     0.155
  -489.780     0.157
  -489.680     0.163
  -489.580     0.165
  -489.481     0.165
  -489.381     0.167
  -489.282     0.167
  -489.182     0.166
  -489.082     0.165
  -488.983     0.162
  -488.883     0.159
  -488.783     0.153
  -488.684     0.152
  -488.584     0.151
  -488.485     0.150
  -488.385     0.151
  -488.285     0.152
  -488.186     0.153
  -488.086     0.152
  -487.987     0.150
  -487.887     0.151
  -487.787     0.151
  -487.688     0.152
  -487.588     0.152
  -487.489     0.152
  -487.389     0.152
  -487.289     0.152
  -487.190     0.153
  -487.090     0.153
  -486.990     0.152
  -486.891     0.153
  -486.791     0.154
  -486.692     0.154
  -486.592     0.153
  -486.492     0.150
  -486.393     0.151
  -486.293     0.152
  -486.194     0.152
  -486.094     0.153
  -485.994     0.152
  -485.895     0.153
  -485.795     0.152
  -485.695     0.152
  -485.596     0.152
  -485.496     0.154
  -485.397     0.153
  -485.297     0.154
  -485.198     0.154
  -485.098     0.154
  -484.998     0.154
  -484.899     0.154
  -484.799     0.154
  -484.700     0.153
  -484.600     0.154
  -484.500     0.152
  -484.401     0.154
  -484.301     0.155
  -484.201     0.155
  -484.102     0.153
  -484.002     0.153
  -483.903     0.153
  -483.803     0.152
  -483.703     0.152
  -483.604     0.151
  -483.504     0.152
  -483.405     0.151
  -483.305     0.153
  -483.205     0.153
  -483.106     0.153
  -483.006     0.155
  -482.907     0.155
  -482.807     0.155
  -482.707     0.156
  -482.608     0.155
  -482.508     0.155
  -482.408     0.155
  -482.309     0.156
  -482.209     0.154
  -482.110     0.153
  -482.010     0.153
  -481.910     0.154
  -481.811     0.155
  -481.711     0.154
  -481.612     0.155
  -481.512     0.155
  -481.412     0.156
  -481.313     0.156
  -481.213     0.157
  -481.114     0.156
  -481.014     0.154
  -480.914     0.154
  -480.815     0.154
  -480.715     0.155
  -480.615     0.155
  -480.516     0.156
  -480.416     0.156
  -480.317     0.158
  -480.217     0.161
  -480.117     0.164
  -480.018     0.169
  -479.918     0.170
  -479.819     0.170
  -479.719     0.170
  -479.619     0.167
  -479.520     0.167
  -479.420     0.163
  -479.320     0.157
  -479.221     0.155
  -479.121     0.155
  -479.022     0.154
  -478.922     0.154
  -478.823     0.154
  -478.723     0.154
  -478.623     0.154
  -478.524     0.155
  -478.424     0.154
  -478.325     0.157
  -478.225     0.156
  -478.125     0.156
  -478.026     0.157
  -477.926     0.157
  -477.826     0.158
  -477.727     0.159
  -477.627     0.156
  -477.528     0.157
  -477.428     0.155
  -477.328     0.154
  -477.229     0.154
  -477.129     0.156
  -477.030     0.154
  -476.930     0.156
  -476.830     0.156
  -476.731     0.158
  -476.631     0.159
  -476.532     0.159
  -476.432     0.160
  -476.332     0.162
  -476.233     0.167
  -476.133     0.168
  -476.033     0.170
  -475.934     0.170
  -475.834     0.169
  -475.735     0.168
  -475.635     0.167
  -475.535     0.164
  -475.436     0.157
  -475.336     0.154
  -475.237     0.154
  -475.137     0.154
  -475.037     0.154
  -474.938     0.154
  -474.838     0.154
  -474.739     0.155
  -474.639     0.156
  -474.539     0.157
  -474.440     0.155
  -474.340     0.156
  -474.240     0.157
  -474.141     0.156
  -474.041     0.155
  -473.942     0.156
  -473.842     0.157
  -473.742     0.156
  -473.643     0.156
  -473.543     0.157
  -473.444     0.158
  -473.344     0.158
  -473.244     0.157
  -473.145     0.155
  -473.045     0.156
  -472.945     0.157
  -472.846     0.156
  -472.746     0.159
  -472.647     0.158
  -472.547     0.159
  -472.448     0.158
  -472.348     0.159
  -472.248     0.159
  -472.149     0.159
  -472.049     0.157
  -471.950     0.157
  -471.850     0.157
  -471.750     0.158
  -471.651     0.157
  -471.551     0.159
  -471.451     0.158
  -471.352     0.158
  -471.252     0.158
  -471.153     0.157
  -471.053     0.158
  -470.953     0.158
  -470.854     0.159
  -470.754     0.161
  -470.655     0.162
  -470.555     0.169
  -470.455     0.171
  -470.356     0.172
  -470.256     0.173
  -470.157     0.173
  -470.057     0.173
  -469.957     0.171
  -469.858     0.170
  -469.758     0.170
  -469.658     0.166
  -469.559     0.160
  -469.459     0.158
  -469.360     0.157
  -469.260     0.157
  -469.160     0.158
  -469.061     0.159
  -468.961     0.158
  -468.862     0.158
  -468.762     0.157
  -468.662     0.157
  -468.563     0.157
  -468.463     0.158
  -468.364     0.158
  -468.264     0.158
  -468.164     0.159
  -468.065     0.160
  -467.965     0.160
  -467.865     0.161
  -467.766     0.162
  -467.666     0.161
  -467.567     0.160
  -467.467     0.160
  -467.367     0.160
  -467.268     0.161
  -467.168     0.159
  -467.069     0.157
  -466.969     0.158
  -466.869     0.157
  -466.770     0.158
  -466.670     0.157
  -466.570     0.157
  -466.471     0.159
  -466.371     0.159
  -466.272     0.160
  -466.172     0.160
  -466.073     0.162
  -465.973     0.163
  -465.873     0.163
  -465.774     0.164
  -465.674     0.167
  -465.575     0.173
  -465.475     0.174
  -465.375     0.175
  -465.276     0.173
  -465.176     0.173
  -465.076     0.170
  -464.977     0.168
  -464.877     0.162
  -464.778     0.159
  -464.678     0.158
  -464.578     0.159
  -464.479     0.160
  -464.379     0.160
  -464.280     0.160
  -464.180     0.160
  -464.080     0.160
  -463.981     0.159
  -463.881     0.160
  -463.782     0.158
  -463.682     0.157
  -463.582     0.159
  -463.483     0.160
  -463.383     0.160
  -463.283     0.162
  -463.184     0.161
  -463.084     0.162
  -462.985     0.163
  -462.885     0.163
  -462.785     0.165
  -462.686     0.168
  -462.586     0.173
  -462.487     0.175
  -462.387     0.175
  -462.287     0.175
  -462.188     0.172
  -462.088     0.171
  -461.989     0.167
  -461.889     0.162
  -461.789     0.160
  -461.690     0.160
  -461.590     0.159
  -461.490     0.160
  -461.391     0.158
  -461.291     0.158
  -461.192     0.159
  -461.092     0.159
  -460.992     0.160
  -460.893     0.162
  -460.793     0.162
  -460.694     0.162
  -460.594     0.163
  -460.494     0.163
  -460.395     0.163
  -460.295     0.163
  -460.195     0.163
  -460.096     0.162
  -459.996     0.164
  -459.897     0.166
  -459.797     0.165
  -459.698     0.164
  -459.598     0.162
  -459.498     0.161
  -459.399     0.160
  -459.299     0.160
  -459.200     0.161
  -459.100     0.161
  -459.000     0.161
  -458.901     0.160
  -458.801     0.161
  -458.701     0.161
  -458.602     0.161
  -458.502     0.161
  -458.403     0.161
  -458.303     0.163
  -458.203     0.163
  -458.104     0.162
  -458.004     0.161
  -457.905     0.161
  -457.805     0.160
  -457.705     0.161
  -457.606     0.162
  -457.506     0.162
  -457.407     0.162
  -457.307     0.161
  -457.207     0.162
  -457.108     0.162
  -457.008     0.161
  -456.908     0.161
  -456.809     0.163
  -456.709     0.164
  -456.610     0.165
  -456.510     0.166
  -456.410     0.167
  -456.311     0.170
  -456.211     0.174
  -456.112     0.177
  -456.012     0.178
  -455.912     0.177
  -455.813     0.177
  -455.713     0.177
  -455.614     0.176
  -455.514     0.176
  -455.414     0.172
  -455.315     0.168
  -455.215     0.164
  -455.115     0.161
  -455.016     0.162
  -454.916     0.164
  -454.817     0.162
  -454.717     0.162
  -454.617     0.163
  -454.518     0.163
  -454.418     0.162
  -454.319     0.163
  -454.219     0.163
  -454.119     0.162
  -454.020     0.163
  -453.920     0.163
  -453.820     0.163
  -453.721     0.164
  -453.621     0.164
  -453.522     0.165
  -453.422     0.164
  -453.323     0.163
  -453.223     0.163
  -453.123     0.161
  -453.024     0.162
  -452.924     0.164
  -452.825     0.162
  -452.725     0.162
  -452.625     0.164
  -452.526     0.163
  -452.426     0.164
  -452.326     0.165
  -452.227     0.165
  -452.127     0.168
  -452.028     0.166
  -451.928     0.169
  -451.828     0.170
  -451.729     0.174
  -451.629     0.178
  -451.530     0.180
  -451.430     0.179
  -451.330     0.180
  -451.231     0.177
  -451.131     0.176
  -451.032     0.171
  -450.932     0.166
  -450.832     0.163
  -450.733     0.163
  -450.633     0.163
  -450.533     0.163
  -450.434     0.164
  -450.334     0.163
  -450.235     0.165
  -450.135     0.164
  -450.035     0.165
  -449.936     0.165
  -449.836     0.165
  -449.737     0.165
  -449.637     0.165
  -449.537     0.165
  -449.438     0.167
  -449.338     0.166
  -449.239     0.166
  -449.139     0.165
  -449.039     0.166
  -448.940     0.164
  -448.840     0.164
  -448.740     0.164
  -448.641     0.166
  -448.541     0.166
  -448.442     0.167
  -448.342     0.167
  -448.242     0.166
  -448.143     0.166
  -448.043     0.165
  -447.944     0.164
  -447.844     0.165
  -447.744     0.164
  -447.645     0.166
  -447.545     0.165
  -447.445     0.165
  -447.346     0.164
  -447.246     0.165
  -447.147     0.164
  -447.047     0.165
  -446.948     0.166
  -446.848     0.166
  -446.748     0.166
  -446.649     0.166
  -446.549     0.165
  -446.450     0.165
  -446.350     0.164
  -446.250     0.165
  -446.151     0.164
  -446.051     0.165
  -445.951     0.166
  -445.852     0.165
  -445.752     0.166
  -445.653     0.167
  -445.553     0.168
  -445.453     0.168
  -445.354     0.170
  -445.254     0.170
  -445.155     0.170
  -445.055     0.170
  -444.955     0.171
  -444.856     0.172
  -444.756     0.173
  -444.657     0.172
  -444.557     0.178
  -444.457     0.179
  -444.358     0.179
  -444.258     0.180
  -444.158     0.178
  -444.059     0.176
  -443.959     0.176
  -443.860     0.173
  -443.760     0.168
  -443.660     0.164
  -443.561     0.164
  -443.461     0.164
  -443.362     0.165
  -443.262     0.164
  -443.162     0.164
  -443.063     0.165
  -442.963     0.166
  -442.864     0.167
  -442.764     0.166
  -442.664     0.168
  -442.565     0.169
  -442.465     0.169
  -442.365     0.170
  -442.266     0.171
  -442.166     0.172
  -442.067     0.174
  -441.967     0.178
  -441.867     0.180
  -441.768     0.179
  -441.668     0.180
  -441.569     0.179
  -441.469     0.177
  -441.369     0.177
  -441.270     0.174
  -441.170     0.169
  -441.070     0.166
  -440.971     0.165
  -440.871     0.166
  -440.772     0.165
  -440.672     0.165
  -440.573     0.165
  -440.473     0.167
  -440.373     0.167
  -440.274     0.167
  -440.174     0.167
  -440.075     0.167
  -439.975     0.167
  -439.875     0.168
  -439.776     0.166
  -439.676     0.166
  -439.576     0.168
  -439.477     0.168
  -439.377     0.166
  -439.278     0.168
  -439.178     0.168
  -439.078     0.166
  -438.979     0.168
  -438.879     0.167
  -438.780     0.168
  -438.680     0.166
  -438.580     0.166
  -438.481     0.168
  -438.381     0.167
  -438.282     0.167
  -438.182     0.169
  -438.082     0.167
  -437.983     0.168
  -437.883     0.168
  -437.783     0.166
  -437.684     0.169
  -437.584     0.170
  -437.485     0.171
  -437.385     0.172
  -437.285     0.178
  -437.186     0.182
  -437.086     0.184
  -436.987     0.183
  -436.887     0.183
  -436.787     0.182
  -436.688     0.181
  -436.588     0.177
  -436.489     0.173
  -436.389     0.169
  -436.289     0.168
  -436.190     0.168
  -436.090     0.168
  -435.990     0.168
  -435.891     0.168
  -435.791     0.169
  -435.692     0.168
  -435.592     0.168
  -435.492     0.168
  -435.393     0.168
  -435.293     0.170
  -435.194     0.170
  -435.094     0.171
  -434.994     0.172
  -434.895     0.174
  -434.795     0.179
  -434.695     0.183
  -434.596     0.184
  -434.496     0.184
  -434.397     0.184
  -434.297     0.182
  -434.198     0.182
  -434.098     0.180
  -433.998     0.175
  -433.899     0.170
  -433.799     0.168
  -433.700     0.169
  -433.600     0.168
  -433.500     0.169
  -433.401     0.170
  -433.301     0.170
  -433.201     0.170
  -433.102     0.170
  -433.002     0.171
  -432.903     0.169
  -432.803     0.169
  -432.703     0.169
  -432.604     0.169
  -432.504     0.171
  -432.405     0.169
  -432.305     0.170
  -432.205     0.170
  -432.106     0.170
  -432.006     0.169
  -431.907     0.170
  -431.807     0.171
  -431.707     0.170
  -431.608     0.170
  -431.508     0.170
  -431.408     0.169
  -431.309     0.170
  -431.209     0.172
  -431.110     0.173
  -431.010     0.175
  -430.910     0.179
  -430.811     0.184
  -430.711     0.187
  -430.612     0.187
  -430.512     0.186
  -430.412     0.185
  -430.313     0.182
  -430.213     0.178
  -430.114     0.172
  -430.014     0.172
  -429.914     0.170
  -429.815     0.171
  -429.715     0.171
  -429.615     0.170
  -429.516     0.170
  -429.416     0.170
  -429.317     0.171
  -429.217     0.170
  -429.117     0.170
  -429.018     0.170
  -428.918     0.171
  -428.819     0.171
  -428.719     0.171
  -428.619     0.172
  -428.520     0.170
  -428.420     0.171
  -428.320     0.170
  -428.221     0.170
  -428.121     0.172
  -428.022     0.172
  -427.922     0.171
  -427.823     0.171
  -427.723     0.171
  -427.623     0.171
  -427.524     0.171
  -427.424     0.172
  -427.325     0.172
  -427.225     0.172
  -427.125     0.172
  -427.026     0.172
  -426.926     0.171
  -426.826     0.172
  -426.727     0.172
  -426.627     0.172
  -426.528     0.173
  -426.428     0.174
  -426.328     0.174
  -426.229     0.174
  -426.129     0.175
  -426.030     0.176
  -425.930     0.178
  -425.830     0.180
  -425.731     0.185
  -425.631     0.186
  -425.532     0.187
  -425.432     0.188
  -425.332     0.187
  -425.233     0.187
  -425.133     0.186
  -425.033     0.251
  -424.934     0.261
  -424.834     0.265
  -424.735     0.268
  -424.635     0.272
  -424.535     0.276
  -424.436     0.279
  -424.336     0.282
  -424.237     0.290
  -424.137     0.293
  -424.037     0.293
  -423.938     0.295
  -423.838     0.294
  -423.739     0.293
  -423.639     0.293
  -423.539     0.291
  -423.440     0.285
  -423.340     0.282
  -423.240     0.283
  -423.141     0.282
  -423.041     0.284
  -422.942     0.286
  -422.842     0.287
  -422.742     0.289
  -422.643     0.291
  -422.543     0.293
  -422.444     0.294
  -422.344     0.298
  -422.244     0.304
  -422.145     0.306
  -422.045     0.306
  -421.945     0.303
  -421.846     0.302
  -421.746     0.301
  -421.647     0.298
  -421.547     0.291
  -421.448     0.289
  -421.348     0.289
  -421.248     0.290
  -421.149     0.292
  -421.049     0.292
  -420.950     0.294
  -420.850     0.295
  -420.750     0.295
  -420.651     0.299
  -420.551     0.301
  -420.451     0.307
  -420.352     0.308
  -420.252     0.309
  -420.153     0.309
  -420.053     0.310
  -419.953     0.309
  -419.854     0.307
  -419.754     0.305
  -419.655     0.297
  -419.555     0.295
  -419.455     0.293
  -419.356     0.293
  -419.256     0.294
  -419.157     0.295
  -419.057     0.296
  -418.957     0.296
  -418.858     0.296
  -418.758     0.297
  -418.658     0.296
  -418.559     0.296
  -418.459     0.297
  -418.360     0.297
  -418.260     0.298
  -418.160     0.299
  -418.061     0.302
  -417.961     0.306
  -417.862     0.311
  -417.762     0.313
  -417.662     0.314
  -417.563     0.314
  -417.463     0.312
  -417.364     0.311
  -417.264     0.310
  -417.164     0.307
  -417.065     0.301
  -416.965     0.298
  -416.865     0.297
  -416.766     0.298
  -416.666     0.297
  -416.567     0.298
  -416.467     0.299
  -416.367     0.299
  -416.268     0.300
  -416.168     0.300
  -416.069     0.301
  -415.969     0.300
  -415.869     0.303
  -415.770     0.304
  -415.670     0.305
  -415.570     0.308
  -415.471     0.315
  -415.371     0.316
  -415.272     0.317
  -415.172     0.316
  -415.073     0.315
  -414.973     0.314
  -414.873     0.312
  -414.774     0.305
  -414.674     0.300
  -414.575     0.300
  -414.475     0.298
  -414.375     0.300
  -414.276     0.299
  -414.176     0.300
  -414.076     0.300
  -413.977     0.300
  -413.877     0.301
  -413.778     0.301
  -413.678     0.300
  -413.578     0.301
  -413.479     0.301
  -413.379     0.301
  -413.280     0.301
  -413.180     0.301
  -413.080     0.301
  -412.981     0.300
  -412.881     0.301
  -412.782     0.301
  -412.682     0.301
  -412.582     0.300
  -412.483     0.302
  -412.383     0.302
  -412.283     0.304
  -412.184     0.304
  -412.084     0.304
  -411.985     0.304
  -411.885     0.303
  -411.785     0.304
  -411.686     0.302
  -411.586     0.301
  -411.487     0.301
  -411.387     0.301
  -411.287     0.302
  -411.188     0.303
  -411.088     0.304
  -410.989     0.306
  -410.889     0.306
  -410.789     0.304
  -410.690     0.305
  -410.590     0.305
  -410.490     0.304
  -410.391     0.303
  -410.291     0.301
  -410.192     0.302
  -410.092     0.303
  -409.992     0.303
  -409.893     0.305
  -409.793     0.305
  -409.694     0.304
  -409.594     0.305
  -409.494     0.305
  -409.395     0.304
  -409.295     0.303
  -409.195     0.303
  -409.096     0.300
  -408.996     0.302
  -408.897     0.302
  -408.797     0.302
  -408.698     0.304
  -408.598     0.304
  -408.498     0.304
  -408.399     0.304
  -408.299     0.305
  -408.200     0.307
  -408.100     0.307
  -408.000     0.308
  -407.901     0.312
  -407.801     0.316
  -407.701     0.319
  -407.602     0.318
  -407.502     0.320
  -407.403     0.319
  -407.303     0.319
  -407.203     0.318
  -407.104     0.317
  -407.004     0.315
  -406.905     0.310
  -406.805     0.305
  -406.705     0.303
  -406.606     0.303
  -406.506     0.304
  -406.407     0.304
  -406.307     0.303
  -406.207     0.304
  -406.108     0.305
  -406.008     0.304
  -405.908     0.304
  -405.809     0.303
  -405.709     0.304
  -405.610     0.303
  -405.510     0.304
  -405.410     0.304
  -405.311     0.306
  -405.211     0.304
  -405.112     0.304
  -405.012     0.304
  -404.912     0.304
  -404.813     0.306
  -404.713     0.305
  -404.614     0.305
  -404.514     0.305
  -404.414     0.305
  -404.315     0.304
  -404.215     0.304
  -404.115     0.303
  -404.016     0.304
  -403.916     0.305
  -403.817     0.305
  -403.717     0.305
  -403.617     0.304
  -403.518     0.304
  -403.418     0.304
  -403.319     0.303
  -403.219     0.304
  -403.119     0.304
  -403.020     0.303
  -402.920     0.305
  -402.820     0.304
  -402.721     0.305
  -402.621     0.305
  -402.522     0.305
  -402.422     0.303
  -402.323     0.303
  -402.223     0.303
  -402.123     0.305
  -402.024     0.303
  -401.924     0.303
  -401.825     0.304
  -401.725     0.306
  -401.625     0.308
  -401.526     0.309
  -401.426     0.310
  -401.326     0.313
  -401.227     0.317
  -401.127     0.319
  -401.028     0.319
  -400.928     0.319
  -400.828     0.319
  -400.729     0.318
  -400.629     0.318
  -400.530     0.317
  -400.430     0.317
  -400.330     0.315
  -400.231     0.307
  -400.131     0.305
  -400.032     0.304
  -399.932     0.304
  -399.832     0.305
  -399.733     0.305
  -399.633     0.304
  -399.533     0.304
  -399.434     0.303
  -399.334     0.304
  -399.235     0.305
  -399.135     0.305
  -399.035     0.306
  -398.936     0.310
  -398.836     0.313
  -398.737     0.317
  -398.637     0.321
  -398.537     0.320
  -398.438     0.320
  -398.338     0.319
  -398.239     0.317
  -398.139     0.315
  -398.039     0.310
  -397.940     0.305
  -397.840     0.304
  -397.740     0.303
  -397.641     0.304
  -397.541     0.304
  -397.442     0.305
  -397.342     0.306
  -397.242     0.307
  -397.143     0.306
  -397.043     0.305
  -396.944     0.307
  -396.844     0.306
  -396.744     0.307
  -396.645     0.305
  -396.545     0.305
  -396.445     0.306
  -396.346     0.305
  -396.246     0.307
  -396.147     0.308
  -396.047     0.309
  -395.948     0.309
  -395.848     0.311
  -395.748     0.312
  -395.649     0.319
  -395.549     0.320
  -395.450     0.321
  -395.350     0.321
  -395.250     0.321
  -395.151     0.319
  -395.051     0.318
  -394.951     0.315
  -394.852     0.311
  -394.752     0.306
  -394.653     0.305
  -394.553     0.305
  -394.453     0.305
  -394.354     0.306
  -394.254     0.307
  -394.155     0.306
  -394.055     0.308
  -393.955     0.309
  -393.856     0.311
  -393.756     0.315
  -393.657     0.319
  -393.557     0.322
  -393.457     0.322
  -393.358     0.322
  -393.258     0.321
  -393.158     0.321
  -393.059     0.317
  -392.959     0.315
  -392.860     0.308
  -392.760     0.305
  -392.660     0.305
  -392.561     0.306
  -392.461     0.306
  -392.362     0.305
  -392.262     0.304
  -392.162     0.306
  -392.063     0.307
  -391.963     0.306
  -391.864     0.307
  -391.764     0.305
  -391.664     0.307
  -391.565     0.306
  -391.465     0.306
  -391.365     0.306
  -391.266     0.306
  -391.166     0.305
  -391.067     0.307
  -390.967     0.306
  -390.867     0.307
  -390.768     0.308
  -390.668     0.307
  -390.569     0.309
  -390.469     0.309
  -390.369     0.311
  -390.270     0.312
  -390.170     0.313
  -390.070     0.316
  -389.971     0.321
  -389.871     0.322
  -389.772     0.322
  -389.672     0.322
  -389.573     0.321
  -389.473     0.321
  -389.373     0.320
  -389.274     0.319
  -389.174     0.318
  -389.075     0.316
  -388.975     0.311
  -388.875     0.308
  -388.776     0.306
  -388.676     0.305
  -388.576     0.305
  -388.477     0.306
  -388.377     0.306
  -388.278     0.306
  -388.178     0.306
  -388.078     0.307
  -387.979     0.306
  -387.879     0.307
  -387.780     0.306
  -387.680     0.306
  -387.580     0.306
  -387.481     0.307
  -387.381     0.307
  -387.282     0.308
  -387.182     0.310
  -387.082     0.311
  -386.983     0.312
  -386.883     0.311
  -386.783     0.315
  -386.684     0.320
  -386.584     0.321
  -386.485     0.322
  -386.385     0.324
  -386.285     0.322
  -386.186     0.322
  -386.086     0.322
  -385.987     0.320
  -385.887     0.317
  -385.787     0.312
  -385.688     0.308
  -385.588     0.305
  -385.489     0.305
  -385.389     0.304
  -385.289     0.307
  -385.190     0.308
  -385.090     0.307
  -384.990     0.308
  -384.891     0.306
  -384.791     0.307
  -384.692     0.307
  -384.592     0.308
  -384.492     0.307
  -384.393     0.309
  -384.293     0.309
  -384.194     0.308
  -384.094     0.308
  -383.994     0.307
  -383.895     0.307
  -383.795     0.306
  -383.695     0.308
  -383.596     0.308
  -383.496     0.310
  -383.397     0.309
  -383.297     0.309
  -383.198     0.310
  -383.098     0.312
  -382.998     0.312
  -382.899     0.312
  -382.799     0.312
  -382.700     0.312
  -382.600     0.312
  -382.500     0.312
  -382.401     0.310
  -382.301     0.309
  -382.201     0.307
  -382.102     0.306
  -382.002     0.305
  -381.903     0.305
  -381.803     0.307
  -381.703     0.305
  -381.604     0.308
  -381.504     0.309
  -381.405     0.310
  -381.305     0.314
  -381.205     0.318
  -381.106     0.321
  -381.006     0.323
  -380.907     0.323
  -380.807     0.324
  -380.707     0.322
  -380.608     0.319
  -380.508     0.318
  -380.408     0.313
  -380.309     0.308
  -380.209     0.307
  -380.110     0.305
  -380.010     0.307
  -379.910     0.306
  -379.811     0.307
  -379.711     0.307
  -379.612     0.309
  -379.512     0.308
  -379.412     0.308
  -379.313     0.306
  -379.213     0.307
  -379.114     0.307
  -379.014     0.308
  -378.914     0.309
  -378.815     0.309
  -378.715     0.311
  -378.615     0.310
  -378.516     0.311
  -378.416     0.311
  -378.317     0.312
  -378.217     0.314
  -378.117     0.314
  -378.018     0.317
  -377.918     0.321
  -377.819     0.321
  -377.719     0.321
  -377.619     0.321
  -377.520     0.322
  -377.420     0.321
  -377.320     0.320
  -377.221     0.319
  -377.121     0.318
  -377.022     0.313
  -376.922     0.308
  -376.823     0.307
  -376.723     0.307
  -376.623     0.307
  -376.524     0.307
  -376.424     0.308
  -376.325     0.308
  -376.225     0.308
  -376.125     0.309
  -376.026     0.309
  -375.926     0.308
  -375.826     0.308
  -375.727     0.308
  -375.627     0.308
  -375.528     0.307
  -375.428     0.307
  -375.328     0.308
  -375.229     0.309
  -375.129     0.309
  -375.030     0.308
  -374.930     0.310
  -374.830     0.309
  -374.731     0.309
  -374.631     0.308
  -374.532     0.307
  -374.432     0.309
  -374.332     0.307
  -374.233     0.308
  -374.133     0.308
  -374.033     0.308
  -373.934     0.308
  -373.834     0.307
  -373.735     0.308
  -373.635     0.309
  -373.535     0.310
  -373.436     0.311
  -373.336     0.312
  -373.237     0.315
  -373.137     0.319
  -373.037     0.322
  -372.938     0.323
  -372.838     0.324
  -372.739     0.323
  -372.639     0.323
  -372.539     0.322
  -372.440     0.322
  -372.340     0.319
  -372.240     0.316
  -372.141     0.310
  -372.041     0.308
  -371.942     0.307
  -371.842     0.307
  -371.742     0.308
  -371.643     0.308
  -371.543     0.307
  -371.444     0.307
  -371.344     0.307
  -371.244     0.309
  -371.145     0.309
  -371.045     0.308
  -370.945     0.309
  -370.846     0.311
  -370.746     0.312
  -370.647     0.313
  -370.547     0.313
  -370.448     0.315
  -370.348     0.318
  -370.248     0.322
  -370.149     0.323
  -370.049     0.323
  -369.950     0.323
  -369.850     0.322
  -369.750     0.320
  -369.651     0.319
  -369.551     0.312
  -369.451     0.308
  -369.352     0.306
  -369.252     0.306
  -369.153     0.306
  -369.053     0.309
  -368.953     0.309
  -368.854     0.311
  -368.754     0.317
  -368.655     0.321
  -368.555     0.322
  -368.455     0.323
  -368.356     0.323
  -368.256     0.323
  -368.157     0.321
  -368.057     0.321
  -367.957     0.320
  -367.858     0.316
  -367.758     0.309
  -367.658     0.306
  -367.559     0.306
  -367.459     0.306
  -367.360     0.306
  -367.260     0.308
  -367.160     0.307
  -367.061     0.308
  -366.961     0.308
  -366.862     0.309
  -366.762     0.308
  -366.662     0.309
  -366.563     0.307
  -366.463     0.307
  -366.364     0.307
  -366.264     0.308
  -366.164     0.307
  -366.065     0.307
  -365.965     0.309
  -365.865     0.311
  -365.766     0.313
  -365.666     0.319
  -365.567     0.322
  -365.467     0.323
  -365.367     0.323
  -365.268     0.321
  -365.168     0.321
  -365.069     0.322
  -364.969     0.321
  -364.869     0.320
  -364.770     0.318
  -364.670     0.311
  -364.570     0.308
  -364.471     0.308
  -364.371     0.307
  -364.272     0.307
  -364.172     0.307
  -364.073     0.307
  -363.973     0.306
  -363.873     0.308
  -363.774     0.307
  -363.674     0.308
  -363.575     0.308
  -363.475     0.309
  -363.375     0.309
  -363.276     0.309
  -363.176     0.308
  -363.076     0.307
  -362.977     0.307
  -362.877     0.307
  -362.778     0.307
  -362.678     0.307
  -362.578     0.308
  -362.479     0.309
  -362.379     0.310
  -362.280     0.309
  -362.180     0.309
  -362.080     0.308
  -361.981     0.310
  -361.881     0.309
  -361.782     0.309
  -361.682     0.307
  -361.582     0.308
  -361.483     0.308
  -361.383     0.310
  -361.283     0.311
  -361.184     0.309
  -361.084     0.309
  -360.985     0.309
  -360.885     0.308
  -360.785     0.306
  -360.686     0.308
  -360.586     0.308
  -360.487     0.307
  -360.387     0.309
  -360.287     0.311
  -360.188     0.311
  -360.088     0.311
  -359.989     0.310
  -359.889     0.312
  -359.789     0.312
  -359.690     0.314
  -359.590     0.314
  -359.490     0.317
  -359.391     0.321
  -359.291     0.322
  -359.192     0.324
  -359.092     0.323
  -358.992     0.322
  -358.893     0.319
  -358.793     0.317
  -358.694     0.312
  -358.594     0.307
  -358.494     0.307
  -358.395     0.307
  -358.295     0.308
  -358.195     0.308
  -358.096     0.307
  -357.996     0.308
  -357.897     0.307
  -357.797     0.307
  -357.698     0.308
  -357.598     0.309
  -357.498     0.310
  -357.399     0.311
  -357.299     0.313
  -357.200     0.316
  -357.100     0.322
  -357.000     0.322
  -356.901     0.323
  -356.801     0.323
  -356.701     0.322
  -356.602     0.321
  -356.502     0.320
  -356.403     0.318
  -356.303     0.315
  -356.203     0.307
  -356.104     0.307
  -356.004     0.306
  -355.905     0.306
  -355.805     0.308
  -355.705     0.306
  -355.606     0.308
  -355.506     0.307
  -355.407     0.306
  -355.307     0.306
  -355.207     0.308
  -355.108     0.310
  -355.008     0.310
  -354.908     0.310
  -354.809     0.312
  -354.709     0.314
  -354.610     0.319
  -354.510     0.322
  -354.410     0.323
  -354.311     0.323
  -354.211     0.324
  -354.112     0.323
  -354.012     0.322
  -353.912     0.323
  -353.813     0.321
  -353.713     0.320
  -353.614     0.316
  -353.514     0.310
  -353.414     0.306
  -353.315     0.307
  -353.215     0.308
  -353.115     0.307
  -353.016     0.308
  -352.916     0.308
  -352.817     0.309
  -352.717     0.308
  -352.617     0.310
  -352.518     0.310
  -352.418     0.309
  -352.319     0.310
  -352.219     0.308
  -352.119     0.308
  -352.020     0.308
  -351.920     0.308
  -351.820     0.308
  -351.721     0.308
  -351.621     0.308
  -351.522     0.308
  -351.422     0.308
  -351.323     0.308
  -351.223     0.308
  -351.123     0.309
  -351.024     0.308
  -350.924     0.311
  -350.825     0.311
  -350.725     0.311
  -350.625     0.311
  -350.526     0.312
  -350.426     0.312
  -350.326     0.313
  -350.227     0.314
  -350.127     0.316
  -350.028     0.322
  -349.928     0.323
  -349.828     0.325
  -349.729     0.324
  -349.629     0.324
  -349.530     0.323
  -349.430     0.322
  -349.330     0.321
  -349.231     0.319
  -349.131     0.312
  -349.032     0.308
  -348.932     0.308
  -348.832     0.307
  -348.733     0.308
  -348.633     0.308
  -348.533     0.308
  -348.434     0.309
  -348.334     0.308
  -348.235     0.308
  -348.135     0.308
  -348.035     0.308
  -347.936     0.307
  -347.836     0.309
  -347.737     0.308
  -347.637     0.307
  -347.537     0.308
  -347.438     0.307
  -347.338     0.309
  -347.239     0.309
  -347.139     0.311
  -347.039     0.311
  -346.940     0.312
  -346.840     0.314
  -346.740     0.316
  -346.641     0.321
  -346.541     0.324
  -346.442     0.324
  -346.342     0.325
  -346.242     0.324
  -346.143     0.323
  -346.043     0.320
  -345.944     0.316
  -345.844     0.310
  -345.744     0.309
  -345.645     0.307
  -345.545     0.307
  -345.445     0.306
  -345.346     0.308
  -345.246     0.310
  -345.147     0.310
  -345.047     0.311
  -344.948     0.312
  -344.848     0.314
  -344.748     0.317
  -344.649     0.322
  -344.549     0.324
  -344.450     0.324
  -344.350     0.325
  -344.250     0.325
  -344.151     0.324
  -344.051     0.322
  -343.951     0.322
  -343.852     0.319
  -343.752     0.314
  -343.653     0.309
  -343.553     0.308
  -343.453     0.308
  -343.354     0.307
  -343.254     0.308
  -343.155     0.309
  -343.055     0.308
  -342.955     0.309
  -342.856     0.309
  -342.756     0.309
  -342.657     0.309
  -342.557     0.309
  -342.457     0.309
  -342.358     0.308
  -342.258     0.308
  -342.158     0.308
  -342.059     0.309
  -341.959     0.308
  -341.860     0.307
  -341.760     0.307
  -341.660     0.309
  -341.561     0.310
  -341.461     0.308
  -341.362     0.309
  -341.262     0.309
  -341.162     0.310
  -341.063     0.310
  -340.963     0.311
  -340.864     0.311
  -340.764     0.310
  -340.664     0.310
  -340.565     0.309
  -340.465     0.308
  -340.365     0.309
  -340.266     0.309
  -340.166     0.309
  -340.067     0.309
  -339.967     0.309
  -339.867     0.309
  -339.768     0.309
  -339.668     0.310
  -339.569     0.310
  -339.469     0.309
  -339.369     0.309
  -339.270     0.309
  -339.170     0.310
  -339.070     0.311
  -338.971     0.310
  -338.871     0.310
  -338.772     0.309
  -338.672     0.310
  -338.573     0.310
  -338.473     0.310
  -338.373     0.311
  -338.274     0.310
  -338.174     0.311
  -338.075     0.309
  -337.975     0.310
  -337.875     0.309
  -337.776     0.309
  -337.676     0.310
  -337.576     0.310
  -337.477     0.310
  -337.377     0.311
  -337.278     0.311
  -337.178     0.311
  -337.078     0.311
  -336.979     0.310
  -336.879     0.309
  -336.780     0.308
  -336.680     0.309
  -336.580     0.309
  -336.481     0.309
  -336.381     0.310
  -336.282     0.312
  -336.182     0.311
  -336.082     0.313
  -335.983     0.314
  -335.883     0.315
  -335.783     0.318
  -335.684     0.324
  -335.584     0.324
  -335.485     0.325
  -335.385     0.325
  -335.285     0.325
  -335.186     0.324
  -335.086     0.322
  -334.987     0.320
  -334.887     0.313
  -334.787     0.310
  -334.688     0.308
  -334.588     0.308
  -334.489     0.308
  -334.389     0.308
  -334.289     0.307
  -334.190     0.308
  -334.090     0.309
  -333.990     0.308
  -333.891     0.308
  -333.791     0.307
  -333.692     0.308
  -333.592     0.308
  -333.492     0.309
  -333.393     0.310
  -333.293     0.310
  -333.194     0.311
  -333.094     0.310
  -332.994     0.311
  -332.895     0.310
  -332.795     0.310
  -332.695     0.308
  -332.596     0.309
  -332.496     0.309
  -332.397     0.310
  -332.297     0.309
  -332.198     0.309
  -332.098     0.309
  -331.998     0.309
  -331.899     0.309
  -331.799     0.309
  -331.700     0.309
  -331.600     0.309
  -331.500     0.309
  -331.401     0.310
  -331.301     0.309
  -331.201     0.309
  -331.102     0.311
  -331.002     0.309
  -330.903     0.309
  -330.803     0.309
  -330.703     0.309
  -330.604     0.311
  -330.504     0.311
  -330.405     0.313
  -330.305     0.314
  -330.205     0.315
  -330.106     0.319
  -330.006     0.323
  -329.907     0.325
  -329.807     0.324
  -329.707     0.326
  -329.608     0.324
  -329.508     0.325
  -329.408     0.323
  -329.309     0.322
  -329.209     0.319
  -329.110     0.313
  -329.010     0.310
  -328.910     0.310
  -328.811     0.308
  -328.711     0.308
  -328.612     0.308
  -328.512     0.310
  -328.412     0.310
  -328.313     0.312
  -328.213     0.313
  -328.114     0.315
  -328.014     0.317
  -327.914     0.321
  -327.815     0.323
  -327.715     0.325
  -327.615     0.324
  -327.516     0.325
  -327.416     0.325
  -327.317     0.324
  -327.217     0.323
  -327.117     0.322
  -327.018     0.317
  -326.918     0.311
  -326.819     0.308
  -326.719     0.308
  -326.619     0.308
  -326.520     0.308
  -326.420     0.308
  -326.320     0.308
  -326.221     0.308
  -326.121     0.309
  -326.022     0.310
  -325.922     0.310
  -325.823     0.310
  -325.723     0.309
  -325.623     0.310
  -325.524     0.310
  -325.424     0.310
  -325.325     0.309
  -325.225     0.308
  -325.125     0.309
  -325.026     0.308
  -324.926     0.310
  -324.826     0.308
  -324.727     0.307
  -324.627     0.308
  -324.528     0.308
  -324.428     0.309
  -324.328     0.309
  -324.229     0.310
  -324.129     0.311
  -324.030     0.311
  -323.930     0.312
  -323.830     0.311
  -323.731     0.314
  -323.631     0.318
  -323.532     0.322
  -323.432     0.323
  -323.332     0.325
  -323.233     0.324
  -323.133     0.324
  -323.033     0.323
  -322.934     0.322
  -322.834     0.319
  -322.735     0.313
  -322.635     0.309
  -322.535     0.309
  -322.436     0.309
  -322.336     0.309
  -322.237     0.309
  -322.137     0.307
  -322.037     0.310
  -321.938     0.310
  -321.838     0.310
  -321.739     0.310
  -321.639     0.311
  -321.539     0.312
  -321.440     0.314
  -321.340     0.312
  -321.240     0.312
  -321.141     0.312
  -321.041     0.312
  -320.942     0.310
  -320.842     0.307
  -320.742     0.308
  -320.643     0.309
  -320.543     0.309
  -320.444     0.310
  -320.344     0.310
  -320.244     0.310
  -320.145     0.309
  -320.045     0.309
  -319.945     0.310
  -319.846     0.309
  -319.746     0.308
  -319.647     0.308
  -319.547     0.309
  -319.448     0.310
  -319.348     0.311
  -319.248     0.312
  -319.149     0.313
  -319.049     0.318
  -318.950     0.323
  -318.850     0.325
  -318.750     0.324
  -318.651     0.324
  -318.551     0.324
  -318.451     0.322
  -318.352     0.318
  -318.252     0.311
  -318.153     0.309
  -318.053     0.309
  -317.953     0.307
  -317.854     0.308
  -317.754     0.308
  -317.655     0.307
  -317.555     0.307
  -317.455     0.307
  -317.356     0.308
  -317.256     0.308
  -317.157     0.308
  -317.057     0.310
  -316.957     0.310
  -316.858     0.310
  -316.758     0.312
  -316.658     0.312
  -316.559     0.316
  -316.459     0.321
  -316.360     0.323
  -316.260     0.324
  -316.160     0.324
  -316.061     0.324
  -315.961     0.323
  -315.862     0.322
  -315.762     0.321
  -315.662     0.319
  -315.563     0.312
  -315.463     0.308
  -315.364     0.309
  -315.264     0.308
  -315.164     0.308
  -315.065     0.309
  -314.965     0.309
  -314.865     0.309
  -314.766     0.308
  -314.666     0.307
  -314.567     0.307
  -314.467     0.308
  -314.367     0.309
  -314.268     0.309
  -314.168     0.310
  -314.069     0.308
  -313.969     0.309
  -313.869     0.310
  -313.770     0.311
  -313.670     0.312
  -313.570     0.314
  -313.471     0.318
  -313.371     0.322
  -313.272     0.324
  -313.172     0.325
  -313.073     0.324
  -312.973     0.324
  -312.873     0.324
  -312.774     0.324
  -312.674     0.323
  -312.575     0.323
  -312.475     0.322
  -312.375     0.321
  -312.276     0.320
  -312.176     0.314
  -312.076     0.312
  -311.977     0.309
  -311.877     0.309
  -311.778     0.309
  -311.678     0.309
  -311.578     0.310
  -311.479     0.310
  -311.379     0.309
  -311.280     0.309
  -311.180     0.310
  -311.080     0.309
  -310.981     0.308
  -310.881     0.308
  -310.782     0.307
  -310.682     0.308
  -310.582     0.308
  -310.483     0.309
  -310.383     0.310
  -310.283     0.312
  -310.184     0.311
  -310.084     0.312
  -309.985     0.313
  -309.885     0.315
  -309.785     0.317
  -309.686     0.323
  -309.586     0.323
  -309.487     0.325
  -309.387     0.326
  -309.287     0.324
  -309.188     0.324
  -309.088     0.322
  -308.989     0.320
  -308.889     0.313
  -308.789     0.310
  -308.690     0.308
  -308.590     0.309
  -308.490     0.310
  -308.391     0.310
  -308.291     0.310
  -308.192     0.310
  -308.092     0.310
  -307.992     0.309
  -307.893     0.309
  -307.793     0.309
  -307.694     0.311
  -307.594     0.311
  -307.494     0.310
  -307.395     0.308
  -307.295     0.308
  -307.195     0.308
  -307.096     0.308
  -306.996     0.309
  -306.897     0.309
  -306.797     0.308
  -306.698     0.308
  -306.598     0.309
  -306.498     0.309
  -306.399     0.309
  -306.299     0.309
  -306.200     0.309
  -306.100     0.310
  -306.000     0.309
  -305.901     0.311
  -305.801     0.311
  -305.701     0.312
  -305.602     0.313
  -305.502     0.313
  -305.403     0.313
  -305.303     0.315
  -305.203     0.317
  -305.104     0.322
  -305.004     0.325
  -304.905     0.326
  -304.805     0.327
  -304.705     0.326
  -304.606     0.326
  -304.506     0.324
  -304.407     0.324
  -304.307     0.323
  -304.207     0.320
  -304.108     0.314
  -304.008     0.311
  -303.908     0.309
  -303.809     0.309
  -303.709     0.309
  -303.610     0.309
  -303.510     0.308
  -303.410     0.308
  -303.311     0.310
  -303.211     0.310
  -303.112     0.311
  -303.012     0.311
  -302.912     0.311
  -302.813     0.312
  -302.713     0.311
  -302.614     0.312
  -302.514     0.312
  -302.414     0.312
  -302.315     0.312
  -302.215     0.311
  -302.115     0.311
  -302.016     0.312
  -301.916     0.310
  -301.817     0.309
  -301.717     0.308
  -301.617     0.309
  -301.518     0.310
  -301.418     0.311
  -301.319     0.313
  -301.219     0.314
  -301.119     0.319
  -301.020     0.324
  -300.920     0.325
  -300.820     0.326
  -300.721     0.326
  -300.621     0.326
  -300.522     0.327
  -300.422     0.325
  -300.323     0.324
  -300.223     0.322
  -300.123     0.321
  -300.024     0.316
  -299.924     0.312
  -299.825     0.310
  -299.725     0.309
  -299.625     0.309
  -299.526     0.309
  -299.426     0.309
  -299.326     0.309
  -299.227     0.311
  -299.127     0.309
  -299.028     0.310
  -298.928     0.309
  -298.828     0.310
  -298.729     0.311
  -298.629     0.309
  -298.530     0.309
  -298.430     0.308
  -298.330     0.309
  -298.231     0.311
  -298.131     0.312
  -298.032     0.311
  -297.932     0.311
  -297.832     0.311
  -297.733     0.310
  -297.633     0.309
  -297.533     0.308
  -297.434     0.309
  -297.334     0.310
  -297.235     0.310
  -297.135     0.310
  -297.035     0.309
  -296.936     0.310
  -296.836     0.310
  -296.737     0.311
  -296.637     0.312
  -296.537     0.312
  -296.438     0.312
  -296.338     0.310
  -296.239     0.310
  -296.139     0.311
  -296.039     0.312
  -295.940     0.311
  -295.840     0.310
  -295.740     0.312
  -295.641     0.311
  -295.541     0.312
  -295.442     0.314
  -295.342     0.313
  -295.242     0.313
  -295.143     0.312
  -295.043     0.311
  -294.944     0.310
  -294.844     0.311
  -294.744     0.311
  -294.645     0.310
  -294.545     0.310
  -294.445     0.310
  -294.346     0.310
  -294.246     0.311
  -294.147     0.312
  -294.047     0.314
  -293.948     0.316
  -293.848     0.319
  -293.748     0.324
  -293.649     0.326
  -293.549     0.325
  -293.450     0.325
  -293.350     0.325
  -293.250     0.326
  -293.151     0.328
  -293.051     0.328
  -292.951     0.328
  -292.852     0.326
  -292.752     0.324
  -292.653     0.321
  -292.553     0.314
  -292.453     0.313
  -292.354     0.311
  -292.254     0.312
  -292.155     0.312
  -292.055     0.314
  -291.955     0.313
  -291.856     0.312
  -291.756     0.312
  -291.657     0.311
  -291.557     0.310
  -291.457     0.309
  -291.358     0.311
  -291.258     0.312
  -291.158     0.312
  -291.059     0.312
  -290.959     0.313
  -290.860     0.312
  -290.760     0.311
  -290.660     0.312
  -290.561     0.312
  -290.461     0.311
  -290.362     0.310
  -290.262     0.310
  -290.162     0.312
  -290.063     0.312
  -289.963     0.311
  -289.864     0.312
  -289.764     0.313
  -289.664     0.314
  -289.565     0.316
  -289.465     0.319
  -289.365     0.323
  -289.266     0.326
  -289.166     0.327
  -289.067     0.325
  -288.967     0.325
  -288.867     0.325
  -288.768     0.325
  -288.668     0.321
  -288.569     0.318
  -288.469     0.312
  -288.369     0.311
  -288.270     0.311
  -288.170     0.310
  -288.070     0.311
  -287.971     0.310
  -287.871     0.312
  -287.772     0.312
  -287.672     0.314
  -287.573     0.313
  -287.473     0.314
  -287.373     0.314
  -287.274     0.315
  -287.174     0.315
  -287.075     0.315
  -286.975     0.316
  -286.875     0.315
  -286.776     0.315
  -286.676     0.312
  -286.576     0.312
  -286.477     0.310
  -286.377     0.311
  -286.278     0.311
  -286.178     0.312
  -286.078     0.312
  -285.979     0.313
  -285.879     0.312
  -285.780     0.311
  -285.680     0.311
  -285.580     0.311
  -285.481     0.311
  -285.381     0.311
  -285.282     0.312
  -285.182     0.312
  -285.082     0.314
  -284.983     0.313
  -284.883     0.314
  -284.783     0.314
  -284.684     0.316
  -284.584     0.318
  -284.485     0.323
  -284.385     0.326
  -284.285     0.328
  -284.186     0.328
  -284.086     0.328
  -283.987     0.327
  -283.887     0.326
  -283.787     0.326
  -283.688     0.324
  -283.588     0.321
  -283.489     0.314
  -283.389     0.313
  -283.289     0.312
  -283.190     0.311
  -283.090     0.312
  -282.990     0.312
  -282.891     0.313
  -282.791     0.312
  -282.692     0.313
  -282.592     0.312
  -282.492     0.312
  -282.393     0.311
  -282.293     0.312
  -282.194     0.313
  -282.094     0.312
  -281.994     0.312
  -281.895     0.312
  -281.795     0.314
  -281.695     0.314
  -281.596     0.315
  -281.496     0.315
  -281.397     0.315
  -281.297     0.314
  -281.198     0.313
  -281.098     0.311
  -280.998     0.311
  -280.899     0.312
  -280.799     0.312
  -280.700     0.315
  -280.600     0.317
  -280.500     0.317
  -280.401     0.319
  -280.301     0.324
  -280.201     0.326
  -280.102     0.328
  -280.002     0.328
  -279.903     0.328
  -279.803     0.328
  -279.703     0.327
  -279.604     0.326
  -279.504     0.324
  -279.405     0.321
  -279.305     0.314
  -279.205     0.311
  -279.106     0.311
  -279.006     0.312
  -278.907     0.311
  -278.807     0.312
  -278.707     0.313
  -278.608     0.314
  -278.508     0.316
  -278.408     0.319
  -278.309     0.321
  -278.209     0.326
  -278.110     0.328
  -278.010     0.329
  -277.910     0.328
  -277.811     0.328
  -277.711     0.326
  -277.612     0.326
  -277.512     0.325
  -277.412     0.322
  -277.313     0.315
  -277.213     0.312
  -277.114     0.313
  -277.014     0.311
  -276.914     0.313
  -276.815     0.312
  -276.715     0.311
  -276.615     0.313
  -276.516     0.313
  -276.416     0.312
  -276.317     0.312
  -276.217     0.312
  -276.117     0.313
  -276.018     0.315
  -275.918     0.317
  -275.819     0.324
  -275.719     0.327
  -275.619     0.329
  -275.520     0.330
  -275.420     0.330
  -275.320     0.328
  -275.221     0.327
  -275.121     0.326
  -275.022     0.324
  -274.922     0.317
  -274.823     0.315
  -274.723     0.313
  -274.623     0.313
  -274.524     0.312
  -274.424     0.312
  -274.325     0.312
  -274.225     0.313
  -274.125     0.314
  -274.026     0.313
  -273.926     0.313
  -273.826     0.313
  -273.727     0.314
  -273.627     0.314
  -273.528     0.314
  -273.428     0.313
  -273.328     0.315
  -273.229     0.314
  -273.129     0.314
  -273.030     0.313
  -272.930     0.314
  -272.830     0.313
  -272.731     0.313
  -272.631     0.315
  -272.532     0.315
  -272.432     0.315
  -272.332     0.313
  -272.233     0.313
  -272.133     0.314
  -272.033     0.315
  -271.934     0.315
  -271.834     0.315
  -271.735     0.314
  -271.635     0.313
  -271.535     0.313
  -271.436     0.314
  -271.336     0.314
  -271.237     0.314
  -271.137     0.314
  -271.037     0.314
  -270.938     0.314
  -270.838     0.314
  -270.739     0.312
  -270.639     0.313
  -270.539     0.314
  -270.440     0.314
  -270.340     0.316
  -270.240     0.318
  -270.141     0.318
  -270.041     0.320
  -269.942     0.322
  -269.842     0.327
  -269.742     0.329
  -269.643     0.328
  -269.543     0.328
  -269.444     0.325
  -269.344     0.322
  -269.244     0.316
  -269.145     0.314
  -269.045     0.312
  -268.945     0.314
  -268.846     0.314
  -268.746     0.315
  -268.647     0.316
  -268.547     0.317
  -268.448     0.317
  -268.348     0.317
  -268.248     0.319
  -268.149     0.321
  -268.049     0.327
  -267.950     0.329
  -267.850     0.330
  -267.750     0.330
  -267.651     0.330
  -267.551     0.330
  -267.451     0.330
  -267.352     0.328
  -267.252     0.328
  -267.153     0.327
  -267.053     0.324
  -266.953     0.317
  -266.854     0.314
  -266.754     0.312
  -266.655     0.314
  -266.555     0.312
  -266.455     0.313
  -266.356     0.313
  -266.256     0.314
  -266.157     0.313
  -266.057     0.315
  -265.957     0.315
  -265.858     0.316
  -265.758     0.318
  -265.658     0.319
  -265.559     0.318
  -265.459     0.320
  -265.360     0.321
  -265.260     0.324
  -265.160     0.328
  -265.061     0.330
  -264.961     0.329
  -264.862     0.329
  -264.762     0.327
  -264.662     0.324
  -264.563     0.318
  -264.463     0.312
  -264.364     0.313
  -264.264     0.313
  -264.164     0.312
  -264.065     0.314
  -263.965     0.314
  -263.865     0.316
  -263.766     0.316
  -263.666     0.316
  -263.567     0.316
  -263.467     0.316
  -263.367     0.317
  -263.268     0.316
  -263.168     0.317
  -263.069     0.316
  -262.969     0.316
  -262.869     0.314
  -262.770     0.315
  -262.670     0.315
  -262.570     0.315
  -262.471     0.315
  -262.371     0.316
  -262.272     0.314
  -262.172     0.314
  -262.073     0.315
  -261.973     0.316
  -261.873     0.315
  -261.774     0.314
  -261.674     0.316
  -261.575     0.315
  -261.475     0.316
  -261.375     0.318
  -261.276     0.320
  -261.176     0.325
  -261.076     0.330
  -260.977     0.331
  -260.877     0.332
  -260.778     0.332
  -260.678     0.332
  -260.578     0.333
  -260.479     0.331
  -260.379     0.329
  -260.280     0.328
  -260.180     0.326
  -260.080     0.318
  -259.981     0.314
  -259.881     0.315
  -259.782     0.315
  -259.682     0.315
  -259.582     0.314
  -259.483     0.316
  -259.383     0.317
  -259.283     0.317
  -259.184     0.316
  -259.084     0.315
  -258.985     0.316
  -258.885     0.316
  -258.785     0.314
  -258.686     0.316
  -258.586     0.316
  -258.487     0.316
  -258.387     0.317
  -258.287     0.317
  -258.188     0.314
  -258.088     0.313
  -257.989     0.314
  -257.889     0.314
  -257.789     0.316
  -257.690     0.318
  -257.590     0.320
  -257.490     0.326
  -257.391     0.329
  -257.291     0.331
  -257.192     0.332
  -257.092     0.330
  -256.992     0.330
  -256.893     0.330
  -256.793     0.328
  -256.694     0.324
  -256.594     0.316
  -256.494     0.314
  -256.395     0.315
  -256.295     0.314
  -256.195     0.315
  -256.096     0.314
  -255.996     0.316
  -255.897     0.315
  -255.797     0.316
  -255.698     0.318
  -255.598     0.318
  -255.498     0.320
  -255.399     0.319
  -255.299     0.320
  -255.200     0.320
  -255.100     0.320
  -255.000     0.322
  -254.901     0.322
  -254.801     0.324
  -254.701     0.326
  -254.602     0.330
  -254.502     0.330
  -254.403     0.329
  -254.303     0.330
  -254.203     0.329
  -254.104     0.329
  -254.004     0.329
  -253.905     0.328
  -253.805     0.327
  -253.705     0.322
  -253.606     0.315
  -253.506     0.316
  -253.407     0.314
  -253.307     0.314
  -253.207     0.315
  -253.108     0.316
  -253.008     0.316
  -252.908     0.316
  -252.809     0.318
  -252.709     0.318
  -252.610     0.319
  -252.510     0.320
  -252.410     0.321
  -252.311     0.324
  -252.211     0.329
  -252.112     0.331
  -252.012     0.332
  -251.912     0.332
  -251.813     0.331
  -251.713     0.331
  -251.614     0.331
  -251.514     0.328
  -251.414     0.325
  -251.315     0.320
  -251.215     0.316
  -251.115     0.315
  -251.016     0.316
  -250.916     0.314
  -250.817     0.315
  -250.717     0.314
  -250.617     0.317
  -250.518     0.316
  -250.418     0.315
  -250.319     0.316
  -250.219     0.315
  -250.119     0.317
  -250.020     0.316
  -249.920     0.316
  -249.820     0.317
  -249.721     0.317
  -249.621     0.319
  -249.522     0.319
  -249.422     0.319
  -249.323     0.322
  -249.223     0.322
  -249.123     0.325
  -249.024     0.329
  -248.924     0.333
  -248.825     0.333
  -248.725     0.334
  -248.625     0.332
  -248.526     0.332
  -248.426     0.329
  -248.326     0.329
  -248.227     0.326
  -248.127     0.320
  -248.028     0.318
  -247.928     0.317
  -247.828     0.317
  -247.729     0.317
  -247.629     0.317
  -247.530     0.318
  -247.430     0.317
  -247.330     0.320
  -247.231     0.319
  -247.131     0.317
  -247.032     0.317
  -246.932     0.317
  -246.832     0.318
  -246.733     0.318
  -246.633     0.318
  -246.533     0.318
  -246.434     0.317
  -246.334     0.317
  -246.235     0.317
  -246.135     0.318
  -246.035     0.318
  -245.936     0.318
  -245.836     0.317
  -245.737     0.318
  -245.637     0.318
  -245.537     0.318
  -245.438     0.318
  -245.338     0.318
  -245.239     0.318
  -245.139     0.319
  -245.039     0.320
  -244.940     0.322
  -244.840     0.324
  -244.740     0.330
  -244.641     0.333
  -244.541     0.334
  -244.442     0.333
  -244.342     0.333
  -244.242     0.334
  -244.143     0.334
  -244.043     0.332
  -243.944     0.331
  -243.844     0.329
  -243.744     0.325
  -243.645     0.320
  -243.545     0.319
  -243.445     0.318
  -243.346     0.317
  -243.246     0.317
  -243.147     0.318
  -243.047     0.318
  -242.948     0.319
  -242.848     0.318
  -242.748     0.318
  -242.649     0.318
  -242.549     0.319
  -242.450     0.320
  -242.350     0.319
  -242.250     0.321
  -242.151     0.322
  -242.051     0.320
  -241.951     0.320
  -241.852     0.320
  -241.752     0.319
  -241.653     0.318
  -241.553     0.317
  -241.453     0.317
  -241.354     0.318
  -241.254     0.318
  -241.155     0.318
  -241.055     0.318
  -240.955     0.318
  -240.856     0.316
  -240.756     0.319
  -240.657     0.321
  -240.557     0.321
  -240.457     0.321
  -240.358     0.325
  -240.258     0.330
  -240.158     0.334
  -240.059     0.334
  -239.959     0.335
  -239.860     0.335
  -239.760     0.335
  -239.660     0.334
  -239.561     0.332
  -239.461     0.329
  -239.362     0.326
  -239.262     0.319
  -239.162     0.318
  -239.063     0.317
  -238.963     0.317
  -238.864     0.317
  -238.764     0.318
  -238.664     0.319
  -238.565     0.320
  -238.465     0.321
  -238.365     0.321
  -238.266     0.322
  -238.166     0.322
  -238.067     0.325
  -237.967     0.327
  -237.867     0.332
  -237.768     0.333
  -237.668     0.334
  -237.569     0.334
  -237.469     0.334
  -237.369     0.333
  -237.270     0.333
  -237.170     0.331
  -237.070     0.330
  -236.971     0.327
  -236.871     0.322
  -236.772     0.319
  -236.672     0.318
  -236.573     0.318
  -236.473     0.317
  -236.373     0.317
  -236.274     0.318
  -236.174     0.319
  -236.075     0.320
  -235.975     0.319
  -235.875     0.319
  -235.776     0.319
  -235.676     0.319
  -235.576     0.321
  -235.477     0.321
  -235.377     0.322
  -235.278     0.322
  -235.178     0.322
  -235.078     0.321
  -234.979     0.322
  -234.879     0.323
  -234.780     0.322
  -234.680     0.322
  -234.580     0.321
  -234.481     0.320
  -234.381     0.319
  -234.282     0.318
  -234.182     0.319
  -234.082     0.319
  -233.983     0.318
  -233.883     0.319
  -233.783     0.318
  -233.684     0.320
  -233.584     0.322
  -233.485     0.321
  -233.385     0.321
  -233.285     0.321
  -233.186     0.322
  -233.086     0.321
  -232.987     0.323
  -232.887     0.320
  -232.787     0.320
  -232.688     0.319
  -232.588     0.319
  -232.489     0.319
  -232.389     0.320
  -232.289     0.320
  -232.190     0.321
  -232.090     0.321
  -231.990     0.323
  -231.891     0.324
  -231.791     0.324
  -231.692     0.328
  -231.592     0.334
  -231.492     0.335
  -231.393     0.335
  -231.293     0.335
  -231.194     0.334
  -231.094     0.333
  -230.994     0.332
  -230.895     0.332
  -230.795     0.330
  -230.695     0.323
  -230.596     0.321
  -230.496     0.319
  -230.397     0.319
  -230.297     0.319
  -230.198     0.319
  -230.098     0.319
  -229.998     0.320
  -229.899     0.320
  -229.799     0.320
  -229.700     0.320
  -229.600     0.320
  -229.500     0.321
  -229.401     0.319
  -229.301     0.319
  -229.201     0.319
  -229.102     0.322
  -229.002     0.321
  -228.903     0.321
  -228.803     0.322
  -228.703     0.321
  -228.604     0.320
  -228.504     0.319
  -228.405     0.320
  -228.305     0.320
  -228.205     0.321
  -228.106     0.322
  -228.006     0.321
  -227.907     0.323
  -227.807     0.322
  -227.707     0.320
  -227.608     0.321
  -227.508     0.321
  -227.408     0.318
  -227.309     0.320
  -227.209     0.321
  -227.110     0.323
  -227.010     0.324
  -226.910     0.324
  -226.811     0.327
  -226.711     0.328
  -226.612     0.333
  -226.512     0.334
  -226.412     0.335
  -226.313     0.333
  -226.213     0.332
  -226.114     0.330
  -226.014     0.324
  -225.914     0.320
  -225.815     0.320
  -225.715     0.319
  -225.615     0.320
  -225.516     0.320
  -225.416     0.320
  -225.317     0.320
  -225.217     0.319
  -225.117     0.319
  -225.018     0.320
  -224.918     0.320
  -224.819     0.321
  -224.719     0.321
  -224.619     0.321
  -224.520     0.321
  -224.420     0.320
  -224.320     0.320
  -224.221     0.320
  -224.121     0.321
  -224.022     0.322
  -223.922     0.322
  -223.823     0.323
  -223.723     0.324
  -223.623     0.323
  -223.524     0.325
  -223.424     0.323
  -223.325     0.324
  -223.225     0.323
  -223.125     0.322
  -223.026     0.319
  -222.926     0.320
  -222.826     0.320
  -222.727     0.318
  -222.627     0.320
  -222.528     0.319
  -222.428     0.320
  -222.328     0.321
  -222.229     0.322
  -222.129     0.321
  -222.030     0.319
  -221.930     0.319
  -221.830     0.320
  -221.731     0.321
  -221.631     0.322
  -221.532     0.323
  -221.432     0.325
  -221.332     0.327
  -221.233     0.332
  -221.133     0.335
  -221.033     0.335
  -220.934     0.336
  -220.834     0.336
  -220.735     0.334
  -220.635     0.335
  -220.535     0.335
  -220.436     0.336
  -220.336     0.333
  -220.237     0.331
  -220.137     0.327
  -220.037     0.321
  -219.938     0.321
  -219.838     0.320
  -219.739     0.321
  -219.639     0.320
  -219.539     0.320
  -219.440     0.320
  -219.340     0.320
  -219.240     0.320
  -219.141     0.320
  -219.041     0.320
  -218.942     0.322
  -218.842     0.322
  -218.742     0.323
  -218.643     0.321
  -218.543     0.321
  -218.444     0.321
  -218.344     0.320
  -218.244     0.320
  -218.145     0.322
  -218.045     0.321
  -217.945     0.322
  -217.846     0.322
  -217.746     0.322
  -217.647     0.323
  -217.547     0.323
  -217.448     0.322
  -217.348     0.322
  -217.248     0.321
  -217.149     0.321
  -217.049     0.321
  -216.950     0.321
  -216.850     0.321
  -216.750     0.319
  -216.651     0.321
  -216.551     0.320
  -216.451     0.321
  -216.352     0.320
  -216.252     0.320
  -216.153     0.320
  -216.053     0.320
  -215.953     0.321
  -215.854     0.322
  -215.754     0.323
  -215.655     0.325
  -215.555     0.327
  -215.455     0.333
  -215.356     0.334
  -215.256     0.336
  -215.157     0.336
  -215.057     0.336
  -214.957     0.335
  -214.858     0.335
  -214.758     0.336
  -214.658     0.333
  -214.559     0.334
  -214.459     0.330
  -214.360     0.324
  -214.260     0.320
  -214.160     0.320
  -214.061     0.321
  -213.961     0.320
  -213.862     0.320
  -213.762     0.321
  -213.662     0.320
  -213.563     0.320
  -213.463     0.320
  -213.364     0.319
  -213.264     0.321
  -213.164     0.321
  -213.065     0.323
  -212.965     0.323
  -212.865     0.324
  -212.766     0.325
  -212.666     0.327
  -212.567     0.333
  -212.467     0.336
  -212.367     0.337
  -212.268     0.337
  -212.168     0.338
  -212.069     0.337
  -211.969     0.335
  -211.869     0.333
  -211.770     0.329
  -211.670     0.324
  -211.570     0.322
  -211.471     0.321
  -211.371     0.320
  -211.272     0.321
  -211.172     0.321
  -211.073     0.320
  -210.973     0.321
  -210.873     0.321
  -210.774     0.322
  -210.674     0.321
  -210.575     0.323
  -210.475     0.323
  -210.375     0.324
  -210.276     0.325
  -210.176     0.323
  -210.076     0.324
  -209.977     0.324
  -209.877     0.324
  -209.778     0.323
  -209.678     0.324
  -209.578     0.322
  -209.479     0.323
  -209.379     0.321
  -209.280     0.322
  -209.180     0.322
  -209.080     0.322
  -208.981     0.322
  -208.881     0.324
  -208.782     0.324
  -208.682     0.325
  -208.582     0.325
  -208.483     0.326
  -208.383     0.326
  -208.283     0.326
  -208.184     0.329
  -208.084     0.333
  -207.985     0.336
  -207.885     0.337
  -207.785     0.337
  -207.686     0.339
  -207.586     0.336
  -207.487     0.338
  -207.387     0.337
  -207.287     0.336
  -207.188     0.335
  -207.088     0.332
  -206.989     0.327
  -206.889     0.323
  -206.789     0.323
  -206.690     0.322
  -206.590     0.323
  -206.490     0.323
  -206.391     0.322
  -206.291     0.322
  -206.192     0.323
  -206.092     0.322
  -205.992     0.322
  -205.893     0.321
  -205.793     0.322
  -205.694     0.323
  -205.594     0.323
  -205.494     0.324
  -205.395     0.324
  -205.295     0.325
  -205.195     0.324
  -205.096     0.324
  -204.996     0.325
  -204.897     0.325
  -204.797     0.323
  -204.698     0.323
  -204.598     0.322
  -204.498     0.324
  -204.399     0.323
  -204.299     0.324
  -204.200     0.323
  -204.100     0.322
  -204.000     0.323
  -203.901     0.322
  -203.801     0.322
  -203.701     0.322
  -203.602     0.322
  -203.502     0.322
  -203.403     0.324
  -203.303     0.325
  -203.203     0.326
  -203.104     0.329
  -203.004     0.331
  -202.905     0.335
  -202.805     0.337
  -202.705     0.337
  -202.606     0.337
  -202.506     0.336
  -202.407     0.336
  -202.307     0.335
  -202.207     0.333
  -202.108     0.329
  -202.008     0.323
  -201.908     0.322
  -201.809     0.322
  -201.709     0.323
  -201.610     0.323
  -201.510     0.321
  -201.410     0.321
  -201.311     0.322
  -201.211     0.322
  -201.112     0.321
  -201.012     0.323
  -200.912     0.323
  -200.813     0.322
  -200.713     0.321
  -200.614     0.321
  -200.514     0.322
  -200.414     0.323
  -200.315     0.325
  -200.215     0.324
  -200.115     0.324
  -200.016     0.326
  -199.916     0.327
  -199.817     0.327
  -199.717     0.329
  -199.617     0.330
  -199.518     0.335
  -199.418     0.334
  -199.319     0.337
  -199.219     0.337
  -199.119     0.339
  -199.020     0.339
  -198.920     0.336
  -198.820     0.336
  -198.721     0.336
  -198.621     0.330
  -198.522     0.324
  -198.422     0.322
  -198.323     0.321
  -198.223     0.322
  -198.123     0.322
  -198.024     0.323
  -197.924     0.322
  -197.825     0.323
  -197.725     0.322
  -197.625     0.325
  -197.526     0.325
  -197.426     0.326
  -197.326     0.327
  -197.227     0.331
  -197.127     0.335
  -197.028     0.338
  -196.928     0.338
  -196.828     0.337
  -196.729     0.338
  -196.629     0.339
  -196.530     0.337
  -196.430     0.338
  -196.330     0.337
  -196.231     0.337
  -196.131     0.337
  -196.032     0.337
  -195.932     0.333
  -195.832     0.332
  -195.733     0.326
  -195.633     0.323
  -195.533     0.322
  -195.434     0.322
  -195.334     0.322
  -195.235     0.325
  -195.135     0.324
  -195.035     0.326
  -194.936     0.328
  -194.836     0.330
  -194.737     0.336
  -194.637     0.338
  -194.537     0.338
  -194.438     0.337
  -194.338     0.337
  -194.239     0.338
  -194.139     0.338
  -194.039     0.338
  -193.940     0.338
  -193.840     0.339
  -193.740     0.338
  -193.641     0.336
  -193.541     0.334
  -193.442     0.327
  -193.342     0.324
  -193.242     0.325
  -193.143     0.324
  -193.043     0.323
  -192.944     0.324
  -192.844     0.323
  -192.744     0.324
  -192.645     0.325
  -192.545     0.325
  -192.445     0.327
  -192.346     0.328
  -192.246     0.329
  -192.147     0.327
  -192.047     0.328
  -191.948     0.328
  -191.848     0.329
  -191.748     0.329
  -191.649     0.328
  -191.549     0.328
  -191.450     0.325
  -191.350     0.324
  -191.250     0.323
  -191.151     0.323
  -191.051     0.324
  -190.951     0.324
  -190.852     0.324
  -190.752     0.324
  -190.653     0.324
  -190.553     0.326
  -190.453     0.326
  -190.354     0.326
  -190.254     0.325
  -190.155     0.324
  -190.055     0.325
  -189.955     0.325
  -189.856     0.325
  -189.756     0.326
  -189.657     0.326
  -189.557     0.326
  -189.457     0.325
  -189.358     0.325
  -189.258     0.325
  -189.158     0.325
  -189.059     0.327
  -188.959     0.325
  -188.860     0.326
  -188.760     0.327
  -188.660     0.328
  -188.561     0.326
  -188.461     0.325
  -188.362     0.325
  -188.262     0.326
  -188.162     0.326
  -188.063     0.327
  -187.963     0.327
  -187.864     0.328
  -187.764     0.328
  -187.664     0.330
  -187.565     0.331
  -187.465     0.334
  -187.365     0.339
  -187.266     0.340
  -187.166     0.340
  -187.067     0.340
  -186.967     0.338
  -186.867     0.337
  -186.768     0.334
  -186.668     0.327
  -186.569     0.326
  -186.469     0.325
  -186.369     0.327
  -186.270     0.326
  -186.170     0.326
  -186.070     0.326
  -185.971     0.326
  -185.871     0.326
  -185.772     0.327
  -185.672     0.326
  -185.573     0.326
  -185.473     0.327
  -185.373     0.327
  -185.274     0.327
  -185.174     0.328
  -185.075     0.329
  -184.975     0.327
  -184.875     0.328
  -184.776     0.325
  -184.676     0.327
  -184.576     0.326
  -184.477     0.326
  -184.377     0.327
  -184.278     0.328
  -184.178     0.328
  -184.078     0.327
  -183.979     0.328
  -183.879     0.327
  -183.780     0.328
  -183.680     0.328
  -183.580     0.329
  -183.481     0.329
  -183.381     0.328
  -183.282     0.326
  -183.182     0.326
  -183.082     0.327
  -182.983     0.327
  -182.883     0.327
  -182.783     0.327
  -182.684     0.326
  -182.584     0.326
  -182.485     0.327
  -182.385     0.327
  -182.285     0.326
  -182.186     0.327
  -182.086     0.325
  -181.987     0.327
  -181.887     0.327
  -181.787     0.327
  -181.688     0.326
  -181.588     0.327
  -181.489     0.327
  -181.389     0.327
  -181.289     0.327
  -181.190     0.328
  -181.090     0.326
  -180.990     0.327
  -180.891     0.326
  -180.791     0.327
  -180.692     0.327
  -180.592     0.327
  -180.492     0.327
  -180.393     0.328
  -180.293     0.328
  -180.194     0.328
  -180.094     0.328
  -179.994     0.327
  -179.895     0.326
  -179.795     0.327
  -179.695     0.327
  -179.596     0.326
  -179.496     0.328
  -179.397     0.327
  -179.297     0.326
  -179.198     0.327
  -179.098     0.328
  -178.998     0.328
  -178.899     0.329
  -178.799     0.330
  -178.700     0.329
  -178.600     0.330
  -178.500     0.331
  -178.401     0.331
  -178.301     0.331
  -178.201     0.333
  -178.102     0.332
  -178.002     0.334
  -177.903     0.335
  -177.803     0.339
  -177.703     0.342
  -177.604     0.343
  -177.504     0.342
  -177.405     0.340
  -177.305     0.338
  -177.205     0.334
  -177.106     0.329
  -177.006     0.327
  -176.907     0.327
  -176.807     0.327
  -176.707     0.328
  -176.608     0.327
  -176.508     0.327
  -176.408     0.327
  -176.309     0.329
  -176.209     0.327
  -176.110     0.328
  -176.010     0.330
  -175.910     0.332
  -175.811     0.333
  -175.711     0.336
  -175.612     0.341
  -175.512     0.341
  -175.412     0.342
  -175.313     0.342
  -175.213     0.341
  -175.114     0.341
  -175.014     0.338
  -174.914     0.332
  -174.815     0.327
  -174.715     0.328
  -174.615     0.326
  -174.516     0.328
  -174.416     0.328
  -174.317     0.327
  -174.217     0.326
  -174.117     0.328
  -174.018     0.328
  -173.918     0.329
  -173.819     0.328
  -173.719     0.327
  -173.619     0.327
  -173.520     0.327
  -173.420     0.328
  -173.320     0.327
  -173.221     0.328
  -173.121     0.329
  -173.022     0.331
  -172.922     0.332
  -172.823     0.334
  -172.723     0.339
  -172.623     0.343
  -172.524     0.342
  -172.424     0.343
  -172.325     0.342
  -172.225     0.341
  -172.125     0.339
  -172.026     0.335
  -171.926     0.330
  -171.826     0.327
  -171.727     0.327
  -171.627     0.328
  -171.528     0.329
  -171.428     0.330
  -171.328     0.330
  -171.229     0.330
  -171.129     0.332
  -171.030     0.332
  -170.930     0.332
  -170.830     0.332
  -170.731     0.333
  -170.631     0.335
  -170.532     0.334
  -170.432     0.337
  -170.332     0.339
  -170.233     0.342
  -170.133     0.342
  -170.033     0.340
  -169.934     0.339
  -169.834     0.339
  -169.735     0.338
  -169.635     0.335
  -169.535     0.328
  -169.436     0.327
  -169.336     0.326
  -169.237     0.326
  -169.137     0.327
  -169.037     0.326
  -168.938     0.327
  -168.838     0.326
  -168.739     0.327
  -168.639     0.328
  -168.539     0.328
  -168.440     0.328
  -168.340     0.330
  -168.240     0.330
  -168.141     0.331
  -168.041     0.331
  -167.942     0.332
  -167.842     0.332
  -167.742     0.332
  -167.643     0.332
  -167.543     0.333
  -167.444     0.334
  -167.344     0.334
  -167.244     0.335
  -167.145     0.336
  -167.045     0.337
  -166.945     0.339
  -166.846     0.342
  -166.746     0.343
  -166.647     0.343
  -166.547     0.343
  -166.448     0.341
  -166.348     0.340
  -166.248     0.339
  -166.149     0.335
  -166.049     0.329
  -165.950     0.328
  -165.850     0.328
  -165.750     0.328
  -165.651     0.329
  -165.551     0.330
  -165.451     0.330
  -165.352     0.329
  -165.252     0.329
  -165.153     0.329
  -165.053     0.328
  -164.953     0.328
  -164.854     0.330
  -164.754     0.327
  -164.655     0.328
  -164.555     0.329
  -164.455     0.331
  -164.356     0.333
  -164.256     0.335
  -164.157     0.340
  -164.057     0.343
  -163.957     0.345
  -163.858     0.343
  -163.758     0.343
  -163.658     0.343
  -163.559     0.342
  -163.459     0.342
  -163.360     0.341
  -163.260     0.340
  -163.160     0.334
  -163.061     0.331
  -162.961     0.329
  -162.862     0.330
  -162.762     0.328
  -162.662     0.328
  -162.563     0.329
  -162.463     0.329
  -162.364     0.330
  -162.264     0.330
  -162.164     0.330
  -162.065     0.331
  -161.965     0.329
  -161.865     0.329
  -161.766     0.329
  -161.666     0.330
  -161.567     0.332
  -161.467     0.335
  -161.367     0.338
  -161.268     0.344
  -161.168     0.346
  -161.069     0.346
  -160.969     0.346
  -160.869     0.345
  -160.770     0.345
  -160.670     0.344
  -160.570     0.342
  -160.471     0.338
  -160.371     0.333
  -160.272     0.331
  -160.172     0.330
  -160.073     0.332
  -159.973     0.331
  -159.873     0.331
  -159.774     0.331
  -159.674     0.331
  -159.575     0.332
  -159.475     0.334
  -159.375     0.335
  -159.276     0.335
  -159.176     0.336
  -159.076     0.337
  -158.977     0.339
  -158.877     0.341
  -158.778     0.345
  -158.678     0.346
  -158.578     0.344
  -158.479     0.344
  -158.379     0.345
  -158.280     0.344
  -158.180     0.343
  -158.080     0.338
  -157.981     0.332
  -157.881     0.331
  -157.782     0.331
  -157.682     0.329
  -157.582     0.331
  -157.483     0.331
  -157.383     0.330
  -157.283     0.331
  -157.184     0.330
  -157.084     0.330
  -156.985     0.330
  -156.885     0.330
  -156.785     0.330
  -156.686     0.331
  -156.586     0.331
  -156.487     0.330
  -156.387     0.331
  -156.287     0.333
  -156.188     0.332
  -156.088     0.330
  -155.989     0.331
  -155.889     0.332
  -155.789     0.333
  -155.690     0.334
  -155.590     0.334
  -155.490     0.335
  -155.391     0.336
  -155.291     0.338
  -155.192     0.343
  -155.092     0.346
  -154.992     0.348
  -154.893     0.346
  -154.793     0.346
  -154.694     0.345
  -154.594     0.340
  -154.494     0.336
  -154.395     0.331
  -154.295     0.331
  -154.195     0.332
  -154.096     0.332
  -153.996     0.333
  -153.897     0.332
  -153.797     0.333
  -153.698     0.334
  -153.598     0.333
  -153.498     0.333
  -153.399     0.334
  -153.299     0.335
  -153.200     0.334
  -153.100     0.332
  -153.000     0.333
  -152.901     0.332
  -152.801     0.334
  -152.701     0.333
  -152.602     0.332
  -152.502     0.332
  -152.403     0.333
  -152.303     0.333
  -152.203     0.334
  -152.104     0.332
  -152.004     0.333
  -151.905     0.333
  -151.805     0.335
  -151.705     0.332
  -151.606     0.333
  -151.506     0.333
  -151.407     0.333
  -151.307     0.333
  -151.207     0.334
  -151.108     0.334
  -151.008     0.333
  -150.908     0.332
  -150.809     0.334
  -150.709     0.334
  -150.610     0.334
  -150.510     0.333
  -150.410     0.333
  -150.311     0.334
  -150.211     0.335
  -150.112     0.334
  -150.012     0.334
  -149.912     0.335
  -149.813     0.334
  -149.713     0.334
  -149.614     0.334
  -149.514     0.335
  -149.414     0.335
  -149.315     0.335
  -149.215     0.335
  -149.115     0.335
  -149.016     0.334
  -148.916     0.333
  -148.817     0.335
  -148.717     0.333
  -148.617     0.334
  -148.518     0.332
  -148.418     0.333
  -148.319     0.334
  -148.219     0.335
  -148.119     0.336
  -148.020     0.336
  -147.920     0.340
  -147.820     0.344
  -147.721     0.346
  -147.621     0.347
  -147.522     0.347
  -147.422     0.348
  -147.323     0.348
  -147.223     0.346
  -147.123     0.345
  -147.024     0.343
  -146.924     0.339
  -146.825     0.334
  -146.725     0.333
  -146.625     0.332
  -146.526     0.333
  -146.426     0.333
  -146.326     0.334
  -146.227     0.334
  -146.127     0.334
  -146.028     0.333
  -145.928     0.334
  -145.828     0.334
  -145.729     0.334
  -145.629     0.335
  -145.530     0.335
  -145.430     0.335
  -145.330     0.334
  -145.231     0.334
  -145.131     0.333
  -145.032     0.335
  -144.932     0.336
  -144.832     0.335
  -144.733     0.334
  -144.633     0.334
  -144.533     0.335
  -144.434     0.335
  -144.334     0.334
  -144.235     0.334
  -144.135     0.334
  -144.035     0.335
  -143.936     0.336
  -143.836     0.336
  -143.737     0.336
  -143.637     0.334
  -143.537     0.334
  -143.438     0.335
  -143.338     0.335
  -143.239     0.334
  -143.139     0.336
  -143.039     0.334
  -142.940     0.337
  -142.840     0.338
  -142.740     0.339
  -142.641     0.340
  -142.541     0.341
  -142.442     0.347
  -142.342     0.348
  -142.242     0.350
  -142.143     0.350
  -142.043     0.349
  -141.944     0.348
  -141.844     0.346
  -141.744     0.344
  -141.645     0.341
  -141.545     0.335
  -141.445     0.335
  -141.346     0.336
  -141.246     0.335
  -141.147     0.335
  -141.047     0.334
  -140.948     0.336
  -140.848     0.335
  -140.748     0.337
  -140.649     0.336
  -140.549     0.336
  -140.450     0.335
  -140.350     0.335
  -140.250     0.336
  -140.151     0.337
  -140.051     0.340
  -139.951     0.342
  -139.852     0.347
  -139.752     0.349
  -139.653     0.351
  -139.553     0.351
  -139.453     0.351
  -139.354     0.352
  -139.254     0.350
  -139.155     0.348
  -139.055     0.347
  -138.955     0.345
  -138.856     0.340
  -138.756     0.337
  -138.657     0.336
  -138.557     0.336
  -138.457     0.337
  -138.358     0.335
  -138.258     0.336
  -138.158     0.337
  -138.059     0.338
  -137.959     0.337
  -137.860     0.337
  -137.760     0.337
  -137.660     0.336
  -137.561     0.337
  -137.461     0.337
  -137.362     0.338
  -137.262     0.340
  -137.162     0.340
  -137.063     0.341
  -136.963     0.342
  -136.864     0.342
  -136.764     0.339
  -136.664     0.337
  -136.565     0.336
  -136.465     0.335
  -136.365     0.335
  -136.266     0.335
  -136.166     0.335
  -136.067     0.335
  -135.967     0.336
  -135.867     0.336
  -135.768     0.336
  -135.668     0.335
  -135.569     0.336
  -135.469     0.336
  -135.369     0.338
  -135.270     0.338
  -135.170     0.340
  -135.070     0.342
  -134.971     0.344
  -134.871     0.349
  -134.772     0.350
  -134.672     0.350
  -134.573     0.351
  -134.473     0.350
  -134.373     0.348
  -134.274     0.346
  -134.174     0.342
  -134.075     0.337
  -133.975     0.335
  -133.875     0.336
  -133.776     0.335
  -133.676     0.335
  -133.576     0.335
  -133.477     0.338
  -133.377     0.338
  -133.278     0.339
  -133.178     0.340
  -133.078     0.341
  -132.979     0.342
  -132.879     0.348
  -132.780     0.350
  -132.680     0.351
  -132.580     0.352
  -132.481     0.351
  -132.381     0.351
  -132.282     0.349
  -132.182     0.346
  -132.082     0.339
  -131.983     0.337
  -131.883     0.337
  -131.783     0.336
  -131.684     0.336
  -131.584     0.336
  -131.485     0.338
  -131.385     0.340
  -131.285     0.340
  -131.186     0.340
  -131.086     0.341
  -130.987     0.342
  -130.887     0.341
  -130.787     0.344
  -130.688     0.345
  -130.588     0.347
  -130.489     0.351
  -130.389     0.349
  -130.289     0.350
  -130.190     0.351
  -130.090     0.350
  -129.990     0.350
  -129.891     0.349
  -129.791     0.348
  -129.692     0.346
  -129.592     0.342
  -129.492     0.337
  -129.393     0.336
  -129.293     0.337
  -129.194     0.337
  -129.094     0.337
  -128.994     0.337
  -128.895     0.337
  -128.795     0.338
  -128.695     0.340
  -128.596     0.338
  -128.496     0.340
  -128.397     0.339
  -128.297     0.341
  -128.198     0.341
  -128.098     0.340
  -127.998     0.340
  -127.899     0.339
  -127.799     0.342
  -127.700     0.342
  -127.600     0.340
  -127.500     0.341
  -127.401     0.338
  -127.301     0.338
  -127.201     0.339
  -127.102     0.338
  -127.002     0.340
  -126.903     0.340
  -126.803     0.343
  -126.703     0.343
  -126.604     0.344
  -126.504     0.346
  -126.405     0.351
  -126.305     0.353
  -126.205     0.354
  -126.106     0.352
  -126.006     0.354
  -125.907     0.354
  -125.807     0.354
  -125.707     0.351
  -125.608     0.350
  -125.508     0.346
  -125.408     0.341
  -125.309     0.339
  -125.209     0.338
  -125.110     0.338
  -125.010     0.339
  -124.910     0.339
  -124.811     0.340
  -124.711     0.341
  -124.612     0.341
  -124.512     0.342
  -124.412     0.343
  -124.313     0.342
  -124.213     0.344
  -124.114     0.343
  -124.014     0.342
  -123.914     0.341
  -123.815     0.341
  -123.715     0.339
  -123.615     0.339
  -123.516     0.339
  -123.416     0.339
  -123.317     0.340
  -123.217     0.339
  -123.117     0.339
  -123.018     0.340
  -122.918     0.340
  -122.819     0.341
  -122.719     0.341
  -122.619     0.340
  -122.520     0.340
  -122.420     0.340
  -122.320     0.341
  -122.221     0.341
  -122.121     0.340
  -122.022     0.339
  -121.922     0.340
  -121.823     0.342
  -121.723     0.342
  -121.623     0.342
  -121.524     0.341
  -121.424     0.341
  -121.325     0.341
  -121.225     0.340
  -121.125     0.341
  -121.026     0.341
  -120.926     0.340
  -120.826     0.340
  -120.727     0.341
  -120.627     0.341
  -120.528     0.342
  -120.428     0.341
  -120.328     0.343
  -120.229     0.342
  -120.129     0.342
  -120.030     0.342
  -119.930     0.340
  -119.830     0.341
  -119.731     0.340
  -119.631     0.341
  -119.532     0.340
  -119.432     0.341
  -119.332     0.341
  -119.233     0.341
  -119.133     0.343
  -119.033     0.343
  -118.934     0.344
  -118.834     0.345
  -118.735     0.345
  -118.635     0.347
  -118.535     0.346
  -118.436     0.347
  -118.336     0.348
  -118.237     0.351
  -118.137     0.354
  -118.037     0.355
  -117.938     0.356
  -117.838     0.355
  -117.739     0.354
  -117.639     0.352
  -117.539     0.351
  -117.440     0.348
  -117.340     0.342
  -117.240     0.342
  -117.141     0.341
  -117.041     0.341
  -116.942     0.341
  -116.842     0.341
  -116.742     0.342
  -116.643     0.342
  -116.543     0.341
  -116.444     0.342
  -116.344     0.342
  -116.244     0.343
  -116.145     0.342
  -116.045     0.341
  -115.945     0.341
  -115.846     0.340
  -115.746     0.343
  -115.647     0.344
  -115.547     0.345
  -115.448     0.345
  -115.348     0.345
  -115.248     0.348
  -115.149     0.349
  -115.049     0.356
  -114.950     0.356
  -114.850     0.357
  -114.750     0.357
  -114.651     0.355
  -114.551     0.353
  -114.451     0.348
  -114.352     0.343
  -114.252     0.341
  -114.153     0.343
  -114.053     0.342
  -113.953     0.343
  -113.854     0.342
  -113.754     0.344
  -113.655     0.344
  -113.555     0.344
  -113.455     0.346
  -113.356     0.345
  -113.256     0.344
  -113.157     0.344
  -113.057     0.342
  -112.957     0.341
  -112.858     0.342
  -112.758     0.343
  -112.658     0.346
  -112.559     0.348
  -112.459     0.351
  -112.360     0.355
  -112.260     0.357
  -112.160     0.357
  -112.061     0.357
  -111.961     0.356
  -111.862     0.355
  -111.762     0.352
  -111.662     0.352
  -111.563     0.346
  -111.463     0.343
  -111.364     0.343
  -111.264     0.343
  -111.164     0.342
  -111.065     0.342
  -110.965     0.341
  -110.865     0.342
  -110.766     0.342
  -110.666     0.342
  -110.567     0.342
  -110.467     0.343
  -110.367     0.344
  -110.268     0.343
  -110.168     0.345
  -110.069     0.344
  -109.969     0.345
  -109.869     0.344
  -109.770     0.343
  -109.670     0.343
  -109.570     0.345
  -109.471     0.344
  -109.371     0.346
  -109.272     0.349
  -109.172     0.350
  -109.073     0.353
  -108.973     0.357
  -108.873     0.358
  -108.774     0.359
  -108.674     0.358
  -108.575     0.359
  -108.475     0.357
  -108.375     0.357
  -108.276     0.355
  -108.176     0.352
  -108.076     0.345
  -107.977     0.345
  -107.877     0.344
  -107.778     0.343
  -107.678     0.345
  -107.578     0.344
  -107.479     0.345
  -107.379     0.345
  -107.280     0.345
  -107.180     0.346
  -107.080     0.347
  -106.981     0.348
  -106.881     0.348
  -106.782     0.349
  -106.682     0.350
  -106.582     0.350
  -106.483     0.351
  -106.383     0.353
  -106.283     0.356
  -106.184     0.358
  -106.084     0.358
  -105.985     0.358
  -105.885     0.358
  -105.785     0.359
  -105.686     0.358
  -105.586     0.358
  -105.487     0.356
  -105.387     0.356
  -105.287     0.355
  -105.188     0.350
  -105.088     0.346
  -104.989     0.345
  -104.889     0.344
  -104.789     0.344
  -104.690     0.346
  -104.590     0.346
  -104.490     0.346
  -104.391     0.346
  -104.291     0.345
  -104.192     0.345
  -104.092     0.345
  -103.992     0.346
  -103.893     0.346
  -103.793     0.345
  -103.694     0.346
  -103.594     0.345
  -103.494     0.345
  -103.395     0.346
  -103.295     0.347
  -103.195     0.347
  -103.096     0.347
  -102.996     0.347
  -102.897     0.348
  -102.797     0.348
  -102.698     0.348
  -102.598     0.349
  -102.498     0.350
  -102.399     0.349
  -102.299     0.350
  -102.200     0.350
  -102.100     0.350
  -102.000     0.349
  -101.901     0.350
  -101.801     0.349
  -101.701     0.348
  -101.602     0.347
  -101.502     0.346
  -101.403     0.349
  -101.303     0.349
  -101.203     0.349
  -101.104     0.351
  -101.004     0.351
  -100.905     0.353
  -100.805     0.354
  -100.705     0.356
  -100.606     0.360
  -100.506     0.361
  -100.407     0.359
  -100.307     0.362
  -100.207     0.360
  -100.108     0.359
  -100.008     0.358
   -99.908     0.355
   -99.809     0.351
   -99.709     0.347
   -99.610     0.346
   -99.510     0.346
   -99.410     0.345
   -99.311     0.347
   -99.211     0.347
   -99.112     0.347
   -99.012     0.348
   -98.912     0.349
   -98.813     0.351
   -98.713     0.351
   -98.614     0.355
   -98.514     0.359
   -98.414     0.360
   -98.315     0.361
   -98.215     0.361
   -98.115     0.363
   -98.016     0.363
   -97.916     0.362
   -97.817     0.360
   -97.717     0.358
   -97.617     0.356
   -97.518     0.349
   -97.418     0.347
   -97.319     0.347
   -97.219     0.346
   -97.119     0.348
   -97.020     0.347
   -96.920     0.347
   -96.820     0.347
   -96.721     0.348
   -96.621     0.348
   -96.522     0.348
   -96.422     0.348
   -96.323     0.348
   -96.223     0.348
   -96.123     0.349
   -96.024     0.349
   -95.924     0.349
   -95.825     0.349
   -95.725     0.350
   -95.625     0.349
   -95.526     0.349
   -95.426     0.351
   -95.326     0.349
   -95.227     0.349
   -95.127     0.349
   -95.028     0.348
   -94.928     0.350
   -94.828     0.350
   -94.729     0.351
   -94.629     0.351
   -94.530     0.351
   -94.430     0.351
   -94.330     0.350
   -94.231     0.349
   -94.131     0.350
   -94.032     0.351
   -93.932     0.351
   -93.832     0.352
   -93.733     0.352
   -93.633     0.351
   -93.533     0.352
   -93.434     0.351
   -93.334     0.350
   -93.235     0.348
   -93.135     0.350
   -93.035     0.351
   -92.936     0.351
   -92.836     0.351
   -92.737     0.351
   -92.637     0.352
   -92.537     0.352
   -92.438     0.352
   -92.338     0.351
   -92.239     0.351
   -92.139     0.351
   -92.039     0.350
   -91.940     0.349
   -91.840     0.350
   -91.740     0.351
   -91.641     0.351
   -91.541     0.350
   -91.442     0.350
   -91.342     0.350
   -91.242     0.351
   -91.143     0.351
   -91.043     0.352
   -90.944     0.352
   -90.844     0.351
   -90.744     0.350
   -90.645     0.350
   -90.545     0.349
   -90.445     0.351
   -90.346     0.350
   -90.246     0.353
   -90.147     0.354
   -90.047     0.354
   -89.948     0.356
   -89.848     0.359
   -89.748     0.363
   -89.649     0.365
   -89.549     0.365
   -89.450     0.365
   -89.350     0.364
   -89.250     0.364
   -89.151     0.365
   -89.051     0.365
   -88.951     0.363
   -88.852     0.361
   -88.752     0.358
   -88.653     0.352
   -88.553     0.350
   -88.453     0.351
   -88.354     0.350
   -88.254     0.350
   -88.155     0.351
   -88.055     0.352
   -87.955     0.353
   -87.856     0.354
   -87.756     0.354
   -87.657     0.354
   -87.557     0.353
   -87.457     0.355
   -87.358     0.355
   -87.258     0.355
   -87.158     0.353
   -87.059     0.352
   -86.959     0.351
   -86.860     0.351
   -86.760     0.353
   -86.660     0.351
   -86.561     0.351
   -86.461     0.351
   -86.362     0.351
   -86.262     0.350
   -86.162     0.352
   -86.063     0.351
   -85.963     0.351
   -85.864     0.352
   -85.764     0.353
   -85.664     0.354
   -85.565     0.354
   -85.465     0.355
   -85.365     0.356
   -85.266     0.356
   -85.166     0.356
   -85.067     0.356
   -84.967     0.355
   -84.867     0.353
   -84.768     0.352
   -84.668     0.352
   -84.569     0.351
   -84.469     0.352
   -84.369     0.352
   -84.270     0.352
   -84.170     0.351
   -84.070     0.353
   -83.971     0.351
   -83.871     0.352
   -83.772     0.352
   -83.672     0.353
   -83.573     0.353
   -83.473     0.353
   -83.373     0.355
   -83.274     0.355
   -83.174     0.357
   -83.075     0.359
   -82.975     0.363
   -82.875     0.366
   -82.776     0.366
   -82.676     0.366
   -82.576     0.368
   -82.477     0.366
   -82.377     0.365
   -82.278     0.365
   -82.178     0.364
   -82.078     0.362
   -81.979     0.355
   -81.879     0.354
   -81.780     0.352
   -81.680     0.353
   -81.580     0.352
   -81.481     0.354
   -81.381     0.354
   -81.282     0.355
   -81.182     0.357
   -81.082     0.357
   -80.983     0.357
   -80.883     0.359
   -80.783     0.361
   -80.684     0.365
   -80.584     0.366
   -80.485     0.368
   -80.385     0.367
   -80.285     0.367
   -80.186     0.367
   -80.086     0.366
   -79.987     0.365
   -79.887     0.362
   -79.787     0.357
   -79.688     0.354
   -79.588     0.352
   -79.489     0.353
   -79.389     0.353
   -79.289     0.353
   -79.190     0.354
   -79.090     0.353
   -78.990     0.354
   -78.891     0.354
   -78.791     0.354
   -78.692     0.356
   -78.592     0.355
   -78.492     0.355
   -78.393     0.354
   -78.293     0.356
   -78.194     0.356
   -78.094     0.356
   -77.994     0.355
   -77.895     0.355
   -77.795     0.354
   -77.695     0.355
   -77.596     0.356
   -77.496     0.356
   -77.397     0.355
   -77.297     0.354
   -77.198     0.354
   -77.098     0.354
   -76.998     0.354
   -76.899     0.353
   -76.799     0.355
   -76.700     0.355
   -76.600     0.356
   -76.500     0.356
   -76.401     0.356
   -76.301     0.356
   -76.201     0.358
   -76.102     0.358
   -76.002     0.359
   -75.903     0.359
   -75.803     0.361
   -75.703     0.364
   -75.604     0.368
   -75.504     0.368
   -75.405     0.369
   -75.305     0.369
   -75.205     0.368
   -75.106     0.369
   -75.006     0.367
   -74.907     0.367
   -74.807     0.365
   -74.707     0.362
   -74.608     0.359
   -74.508     0.355
   -74.408     0.357
   -74.309     0.356
   -74.209     0.355
   -74.110     0.355
   -74.010     0.356
   -73.910     0.357
   -73.811     0.358
   -73.711     0.359
   -73.612     0.360
   -73.512     0.361
   -73.412     0.363
   -73.313     0.368
   -73.213     0.370
   -73.114     0.370
   -73.014     0.370
   -72.914     0.370
   -72.815     0.369
   -72.715     0.367
   -72.615     0.364
   -72.516     0.359
   -72.416     0.356
   -72.317     0.356
   -72.217     0.356
   -72.117     0.355
   -72.018     0.355
   -71.918     0.355
   -71.819     0.357
   -71.719     0.357
   -71.619     0.357
   -71.520     0.359
   -71.420     0.360
   -71.320     0.362
   -71.221     0.364
   -71.121     0.368
   -71.022     0.371
   -70.922     0.371
   -70.823     0.372
   -70.723     0.371
   -70.623     0.370
   -70.524     0.369
   -70.424     0.367
   -70.325     0.359
   -70.225     0.356
   -70.125     0.355
   -70.026     0.355
   -69.926     0.356
   -69.826     0.359
   -69.727     0.361
   -69.627     0.363
   -69.528     0.368
   -69.428     0.370
   -69.328     0.371
   -69.229     0.372
   -69.129     0.371
   -69.030     0.369
   -68.930     0.368
   -68.830     0.368
   -68.731     0.364
   -68.631     0.359
   -68.532     0.357
   -68.432     0.357
   -68.332     0.358
   -68.233     0.357
   -68.133     0.357
   -68.033     0.358
   -67.934     0.357
   -67.834     0.358
   -67.735     0.358
   -67.635     0.357
   -67.535     0.357
   -67.436     0.358
   -67.336     0.358
   -67.237     0.358
   -67.137     0.359
   -67.037     0.360
   -66.938     0.360
   -66.838     0.358
   -66.739     0.360
   -66.639     0.359
   -66.539     0.359
   -66.440     0.360
   -66.340     0.359
   -66.240     0.359
   -66.141     0.360
   -66.041     0.358
   -65.942     0.358
   -65.842     0.357
   -65.742     0.359
   -65.643     0.363
   -65.543     0.366
   -65.444     0.371
   -65.344     0.374
   -65.244     0.377
   -65.145     0.374
   -65.045     0.374
   -64.945     0.373
   -64.846     0.372
   -64.746     0.369
   -64.647     0.366
   -64.547     0.362
   -64.448     0.360
   -64.348     0.360
   -64.248     0.359
   -64.149     0.358
   -64.049     0.359
   -63.950     0.359
   -63.850     0.360
   -63.750     0.361
   -63.651     0.361
   -63.551     0.361
   -63.451     0.362
   -63.352     0.362
   -63.252     0.362
   -63.153     0.361
   -63.053     0.361
   -62.953     0.360
   -62.854     0.360
   -62.754     0.360
   -62.655     0.359
   -62.555     0.362
   -62.455     0.362
   -62.356     0.363
   -62.256     0.364
   -62.157     0.366
   -62.057     0.366
   -61.957     0.368
   -61.858     0.372
   -61.758     0.375
   -61.658     0.375
   -61.559     0.376
   -61.459     0.377
   -61.360     0.375
   -61.260     0.373
   -61.160     0.369
   -61.061     0.363
   -60.961     0.360
   -60.862     0.361
   -60.762     0.361
   -60.662     0.361
   -60.563     0.361
   -60.463     0.361
   -60.364     0.361
   -60.264     0.362
   -60.164     0.362
   -60.065     0.364
   -59.965     0.364
   -59.865     0.363
   -59.766     0.362
   -59.666     0.362
   -59.567     0.361
   -59.467     0.362
   -59.367     0.362
   -59.268     0.362
   -59.168     0.361
   -59.069     0.363
   -58.969     0.361
   -58.869     0.363
   -58.770     0.363
   -58.670     0.364
   -58.570     0.364
   -58.471     0.365
   -58.371     0.368
   -58.272     0.370
   -58.172     0.375
   -58.073     0.376
   -57.973     0.376
   -57.873     0.376
   -57.774     0.375
   -57.674     0.374
   -57.575     0.371
   -57.475     0.368
   -57.375     0.364
   -57.276     0.361
   -57.176     0.361
   -57.076     0.361
   -56.977     0.361
   -56.877     0.364
   -56.778     0.365
   -56.678     0.366
   -56.578     0.369
   -56.479     0.373
   -56.379     0.376
   -56.280     0.376
   -56.180     0.377
   -56.080     0.376
   -55.981     0.375
   -55.881     0.373
   -55.782     0.370
   -55.682     0.365
   -55.582     0.363
   -55.483     0.363
   -55.383     0.362
   -55.283     0.362
   -55.184     0.362
   -55.084     0.362
   -54.985     0.362
   -54.885     0.363
   -54.785     0.364
   -54.686     0.365
   -54.586     0.365
   -54.487     0.366
   -54.387     0.367
   -54.287     0.367
   -54.188     0.370
   -54.088     0.374
   -53.989     0.376
   -53.889     0.380
   -53.789     0.378
   -53.690     0.376
   -53.590     0.376
   -53.490     0.372
   -53.391     0.368
   -53.291     0.364
   -53.192     0.363
   -53.092     0.364
   -52.992     0.363
   -52.893     0.363
   -52.793     0.362
   -52.694     0.362
   -52.594     0.360
   -52.494     0.364
   -52.395     0.363
   -52.295     0.365
   -52.195     0.366
   -52.096     0.366
   -51.996     0.369
   -51.897     0.369
   -51.797     0.375
   -51.698     0.377
   -51.598     0.378
   -51.498     0.378
   -51.399     0.379
   -51.299     0.379
   -51.200     0.379
   -51.100     0.378
   -51.000     0.377
   -50.901     0.374
   -50.801     0.373
   -50.701     0.367
   -50.602     0.364
   -50.502     0.363
   -50.403     0.363
   -50.303     0.363
   -50.203     0.363
   -50.104     0.365
   -50.004     0.365
   -49.905     0.365
   -49.805     0.366
   -49.705     0.367
   -49.606     0.367
   -49.506     0.368
   -49.407     0.366
   -49.307     0.365
   -49.207     0.364
   -49.108     0.364
   -49.008     0.365
   -48.908     0.365
   -48.809     0.367
   -48.709     0.367
   -48.610     0.369
   -48.510     0.370
   -48.410     0.377
   -48.311     0.381
   -48.211     0.381
   -48.112     0.380
   -48.012     0.379
   -47.912     0.379
   -47.813     0.377
   -47.713     0.374
   -47.614     0.368
   -47.514     0.366
   -47.414     0.366
   -47.315     0.366
   -47.215     0.365
   -47.115     0.365
   -47.016     0.365
   -46.916     0.366
   -46.817     0.367
   -46.717     0.368
   -46.617     0.369
   -46.518     0.369
   -46.418     0.369
   -46.319     0.369
   -46.219     0.370
   -46.119     0.370
   -46.020     0.371
   -45.920     0.370
   -45.820     0.372
   -45.721     0.372
   -45.621     0.371
   -45.522     0.368
   -45.422     0.369
   -45.323     0.366
   -45.223     0.367
   -45.123     0.368
   -45.024     0.367
   -44.924     0.367
   -44.825     0.367
   -44.725     0.367
   -44.625     0.367
   -44.526     0.367
   -44.426     0.369
   -44.326     0.369
   -44.227     0.370
   -44.127     0.370
   -44.028     0.370
   -43.928     0.371
   -43.828     0.369
   -43.729     0.370
   -43.629     0.368
   -43.530     0.366
   -43.430     0.366
   -43.330     0.367
   -43.231     0.368
   -43.131     0.369
   -43.032     0.369
   -42.932     0.369
   -42.832     0.369
   -42.733     0.368
   -42.633     0.368
   -42.533     0.367
   -42.434     0.367
   -42.334     0.369
   -42.235     0.369
   -42.135     0.370
   -42.035     0.370
   -41.936     0.369
   -41.836     0.369
   -41.737     0.368
   -41.637     0.369
   -41.537     0.369
   -41.438     0.368
   -41.338     0.368
   -41.239     0.370
   -41.139     0.370
   -41.039     0.373
   -40.940     0.374
   -40.840     0.377
   -40.740     0.381
   -40.641     0.383
   -40.541     0.384
   -40.442     0.384
   -40.342     0.384
   -40.242     0.384
   -40.143     0.382
   -40.043     0.379
   -39.944     0.373
   -39.844     0.370
   -39.744     0.369
   -39.645     0.369
   -39.545     0.369
   -39.445     0.370
   -39.346     0.370
   -39.246     0.370
   -39.147     0.369
   -39.047     0.369
   -38.948     0.370
   -38.848     0.369
   -38.748     0.370
   -38.649     0.370
   -38.549     0.370
   -38.450     0.372
   -38.350     0.373
   -38.250     0.374
   -38.151     0.375
   -38.051     0.378
   -37.951     0.380
   -37.852     0.383
   -37.752     0.383
   -37.653     0.383
   -37.553     0.382
   -37.453     0.383
   -37.354     0.381
   -37.254     0.383
   -37.155     0.382
   -37.055     0.383
   -36.955     0.382
   -36.856     0.382
   -36.756     0.383
   -36.657     0.383
   -36.557     0.382
   -36.457     0.381
   -36.358     0.381
   -36.258     0.379
   -36.158     0.377
   -36.059     0.372
   -35.959     0.369
   -35.860     0.369
   -35.760     0.369
   -35.660     0.370
   -35.561     0.370
   -35.461     0.369
   -35.362     0.370
   -35.262     0.369
   -35.162     0.370
   -35.063     0.371
   -34.963     0.370
   -34.864     0.372
   -34.764     0.370
   -34.664     0.371
   -34.565     0.370
   -34.465     0.370
   -34.365     0.372
   -34.266     0.373
   -34.166     0.374
   -34.067     0.373
   -33.967     0.374
   -33.867     0.373
   -33.768     0.373
   -33.668     0.372
   -33.569     0.372
   -33.469     0.371
   -33.369     0.371
   -33.270     0.372
   -33.170     0.372
   -33.070     0.373
   -32.971     0.374
   -32.871     0.373
   -32.772     0.372
   -32.672     0.373
   -32.573     0.372
   -32.473     0.372
   -32.373     0.372
   -32.274     0.373
   -32.174     0.373
   -32.075     0.372
   -31.975     0.371
   -31.875     0.372
   -31.776     0.372
   -31.676     0.373
   -31.576     0.373
   -31.477     0.372
   -31.377     0.374
   -31.278     0.374
   -31.178     0.374
   -31.078     0.376
   -30.979     0.374
   -30.879     0.374
   -30.780     0.373
   -30.680     0.373
   -30.580     0.373
   -30.481     0.373
   -30.381     0.373
   -30.282     0.373
   -30.182     0.372
   -30.082     0.374
   -29.983     0.372
   -29.883     0.374
   -29.783     0.375
   -29.684     0.376
   -29.584     0.377
   -29.485     0.379
   -29.385     0.384
   -29.285     0.386
   -29.186     0.387
   -29.086     0.386
   -28.987     0.387
   -28.887     0.388
   -28.787     0.387
   -28.688     0.386
   -28.588     0.386
   -28.489     0.385
   -28.389     0.383
   -28.289     0.380
   -28.190     0.375
   -28.090     0.374
   -27.990     0.373
   -27.891     0.374
   -27.791     0.374
   -27.692     0.375
   -27.592     0.377
   -27.492     0.378
   -27.393     0.381
   -27.293     0.385
   -27.194     0.387
   -27.094     0.387
   -26.994     0.387
   -26.895     0.387
   -26.795     0.387
   -26.695     0.388
   -26.596     0.386
   -26.496     0.385
   -26.397     0.382
   -26.297     0.377
   -26.198     0.373
   -26.098     0.372
   -25.998     0.374
   -25.899     0.373
   -25.799     0.373
   -25.700     0.373
   -25.600     0.375
   -25.500     0.375
   -25.401     0.375
   -25.301     0.376
   -25.201     0.375
   -25.102     0.375
   -25.002     0.373
   -24.903     0.374
   -24.803     0.376
   -24.703     0.376
   -24.604     0.377
   -24.504     0.378
   -24.405     0.377
   -24.305     0.378
   -24.205     0.378
   -24.106     0.379
   -24.006     0.379
   -23.907     0.378
   -23.807     0.377
   -23.707     0.376
   -23.608     0.375
   -23.508     0.376
   -23.408     0.375
   -23.309     0.376
   -23.209     0.376
   -23.110     0.376
   -23.010     0.376
   -22.910     0.377
   -22.811     0.377
   -22.711     0.376
   -22.612     0.378
   -22.512     0.377
   -22.412     0.378
   -22.313     0.378
   -22.213     0.380
   -22.114     0.378
   -22.014     0.380
   -21.914     0.381
   -21.815     0.380
   -21.715     0.380
   -21.615     0.381
   -21.516     0.380
   -21.416     0.378
   -21.317     0.379
   -21.217     0.377
   -21.117     0.377
   -21.018     0.378
   -20.918     0.378
   -20.819     0.377
   -20.719     0.379
   -20.619     0.379
   -20.520     0.379
   -20.420     0.380
   -20.320     0.380
   -20.221     0.379
   -20.121     0.377
   -20.022     0.378
   -19.922     0.377
   -19.823     0.379
   -19.723     0.379
   -19.623     0.381
   -19.524     0.380
   -19.424     0.381
   -19.325     0.385
   -19.225     0.389
   -19.125     0.392
   -19.026     0.392
   -18.926     0.392
   -18.826     0.392
   -18.727     0.390
   -18.627     0.389
   -18.528     0.386
   -18.428     0.379
   -18.328     0.379
   -18.229     0.378
   -18.129     0.377
   -18.030     0.379
   -17.930     0.381
   -17.830     0.383
   -17.731     0.386
   -17.631     0.390
   -17.532     0.392
   -17.432     0.393
   -17.332     0.392
   -17.233     0.392
   -17.133     0.391
   -17.033     0.392
   -16.934     0.390
   -16.834     0.388
   -16.735     0.386
   -16.635     0.379
   -16.535     0.378
   -16.436     0.377
   -16.336     0.378
   -16.237     0.378
   -16.137     0.380
   -16.037     0.377
   -15.938     0.379
   -15.838     0.379
   -15.739     0.380
   -15.639     0.380
   -15.539     0.380
   -15.440     0.380
   -15.340     0.379
   -15.240     0.379
   -15.141     0.381
   -15.041     0.381
   -14.942     0.380
   -14.842     0.379
   -14.742     0.380
   -14.643     0.379
   -14.543     0.380
   -14.444     0.381
   -14.344     0.381
   -14.244     0.381
   -14.145     0.382
   -14.045     0.382
   -13.945     0.383
   -13.846     0.382
   -13.746     0.384
   -13.647     0.387
   -13.547     0.391
   -13.448     0.395
   -13.348     0.395
   -13.248     0.395
   -13.149     0.395
   -13.049     0.393
   -12.950     0.392
   -12.850     0.390
   -12.750     0.384
   -12.651     0.380
   -12.551     0.380
   -12.451     0.379
   -12.352     0.381
   -12.252     0.380
   -12.153     0.380
   -12.053     0.381
   -11.953     0.381
   -11.854     0.381
   -11.754     0.381
   -11.655     0.380
   -11.555     0.381
   -11.455     0.381
   -11.356     0.380
   -11.256     0.380
   -11.157     0.381
   -11.057     0.383
   -10.957     0.385
   -10.858     0.386
   -10.758     0.391
   -10.658     0.395
   -10.559     0.396
   -10.459     0.395
   -10.360     0.394
   -10.260     0.394
   -10.160     0.395
   -10.061     0.393
    -9.961     0.393
    -9.862     0.393
    -9.762     0.391
    -9.662     0.389
    -9.563     0.384
    -9.463     0.382
    -9.364     0.380
    -9.264     0.382
    -9.164     0.383
    -9.065     0.383
    -8.965     0.385
    -8.865     0.386
    -8.766     0.390
    -8.666     0.395
    -8.567     0.396
    -8.467     0.397
    -8.367     0.397
    -8.268     0.396
    -8.168     0.395
    -8.069     0.394
    -7.969     0.391
    -7.869     0.385
    -7.770     0.383
    -7.670     0.383
    -7.570     0.383
    -7.471     0.383
    -7.371     0.383
    -7.272     0.383
    -7.172     0.383
    -7.073     0.383
    -6.973     0.383
    -6.873     0.384
    -6.774     0.384
    -6.674     0.385
    -6.575     0.385
    -6.475     0.384
    -6.375     0.385
    -6.276     0.383
    -6.176     0.384
    -6.076     0.385
    -5.977     0.384
    -5.877     0.385
    -5.778     0.385
    -5.678     0.386
    -5.578     0.384
    -5.479     0.383
    -5.379     0.384
    -5.280     0.385
    -5.180     0.385
    -5.080     0.386
    -4.981     0.387
    -4.881     0.389
    -4.782     0.388
    -4.682     0.389
    -4.582     0.387
    -4.483     0.386
    -4.383     0.383
    -4.283     0.383
    -4.184     0.382
    -4.084     0.383
    -3.985     0.385
    -3.885     0.384
    -3.785     0.386
    -3.686     0.386
    -3.586     0.388
    -3.487     0.387
    -3.387     0.390
    -3.287     0.393
    -3.188     0.399
    -3.088     0.400
    -2.989     0.401
    -2.889     0.401
    -2.789     0.400
    -2.690     0.400
    -2.590     0.397
    -2.490     0.396
    -2.391     0.393
    -2.291     0.387
    -2.192     0.386
    -2.092     0.386
    -1.992     0.387
    -1.893     0.386
    -1.793     0.386
    -1.694     0.386
    -1.594     0.387
    -1.494     0.387
    -1.395     0.386
    -1.295     0.385
    -1.195     0.386
    -1.096     0.385
    -0.996     0.386
    -0.897     0.388
    -0.797     0.388
    -0.698     0.388
    -0.598     0.387
    -0.498     0.388
    -0.399     0.387
    -0.299     0.386
    -0.200     0.385
    -0.100     0.386
    -0.000     0.389
