# tToFail   Slip
  -102.670     0.000
  -102.670     0.000
  -102.570     0.000
  -102.570     0.000
  -102.570     0.000
  -102.570     0.000
  -102.470     0.003
  -102.470     0.003
  -102.470     0.003
  -102.470     0.003
  -102.470     0.003
  -102.470     0.003
  -102.370     0.007
  -102.370     0.007
  -102.370     0.007
  -102.370     0.007
  -102.370     0.007
  -102.270     0.017
  -102.270     0.018
  -102.270     0.018
  -102.270     0.018
  -102.170     0.021
  -102.170     0.021
  -102.170     0.021
  -102.170     0.021
  -102.170     0.021
  -102.170     0.021
  -102.070     0.021
  -102.070     0.021
  -102.070     0.021
  -102.070     0.021
  -101.970     0.018
  -101.970     0.018
  -101.970     0.018
  -101.970     0.018
  -101.970     0.018
  -101.970     0.018
  -101.870     0.007
  -101.870     0.007
  -101.870     0.007
  -101.870     0.007
  -101.870     0.007
  -101.769     0.003
  -101.769     0.003
  -101.769     0.003
  -101.769     0.003
  -101.670     0.001
  -101.670     0.001
  -101.670     0.001
  -101.670     0.001
  -101.670     0.001
  -101.670     0.001
  -101.570     0.002
  -101.570     0.002
  -101.570     0.002
  -101.570     0.002
  -101.470     0.002
  -101.470     0.002
  -101.470     0.002
  -101.470     0.002
  -101.470     0.002
  -101.470     0.002
  -101.370     0.001
  -101.370     0.001
  -101.370     0.001
  -101.370     0.001
  -101.269     0.002
  -101.269     0.002
  -101.269     0.002
  -101.269     0.002
  -101.269     0.002
  -101.170     0.002
  -101.170     0.002
  -101.170     0.002
  -101.170     0.002
  -101.170     0.002
  -101.170     0.002
  -101.070     0.003
  -101.070     0.003
  -101.070     0.003
  -101.070     0.003
  -100.970     0.005
  -100.970     0.005
  -100.970     0.005
  -100.970     0.005
  -100.970     0.005
  -100.970     0.005
  -100.870     0.011
  -100.870     0.011
  -100.870     0.011
  -100.870     0.011
  -100.870     0.011
  -100.770     0.019
  -100.770     0.019
  -100.770     0.019
  -100.770     0.019
  -100.670     0.019
  -100.670     0.019
  -100.670     0.020
  -100.670     0.020
  -100.670     0.020
  -100.670     0.020
  -100.570     0.020
  -100.570     0.020
  -100.570     0.020
  -100.570     0.020
  -100.470     0.018
  -100.470     0.018
  -100.470     0.018
  -100.470     0.018
  -100.470     0.018
  -100.470     0.018
  -100.370     0.013
  -100.370     0.013
  -100.370     0.013
  -100.370     0.013
  -100.270     0.003
  -100.270     0.003
  -100.270     0.003
  -100.270     0.003
  -100.270     0.003
  -100.170     0.003
  -100.170     0.003
  -100.170     0.003
  -100.170     0.003
  -100.170     0.003
  -100.170     0.003
  -100.070     0.002
  -100.070     0.002
  -100.070     0.002
  -100.070     0.002
   -99.969     0.001
   -99.969     0.001
   -99.969     0.001
   -99.969     0.001
   -99.969     0.001
   -99.969     0.001
   -99.870     0.002
   -99.870     0.001
   -99.870     0.001
   -99.870     0.001
   -99.870     0.002
   -99.770     0.003
   -99.770     0.003
   -99.770     0.003
   -99.770     0.003
   -99.670     0.007
   -99.670     0.007
   -99.670     0.007
   -99.670     0.007
   -99.670     0.007
   -99.670     0.007
   -99.570     0.018
   -99.570     0.018
   -99.570     0.018
   -99.570     0.018
   -99.469     0.021
   -99.469     0.021
   -99.469     0.021
   -99.469     0.021
   -99.469     0.021
   -99.469     0.021
   -99.370     0.019
   -99.370     0.019
   -99.370     0.019
   -99.370     0.019
   -99.370     0.019
   -99.270     0.012
   -99.270     0.012
   -99.270     0.012
   -99.270     0.012
   -99.170     0.003
   -99.170     0.003
   -99.170     0.002
   -99.170     0.002
   -99.170     0.002
   -99.170     0.002
   -99.070     0.002
   -99.070     0.002
   -99.070     0.002
   -99.070     0.002
   -98.969     0.001
   -98.969     0.001
   -98.969     0.001
   -98.969     0.001
   -98.969     0.001
   -98.969     0.001
   -98.870     0.005
   -98.870     0.005
   -98.870     0.005
   -98.870     0.005
   -98.770     0.009
   -98.770     0.009
   -98.770     0.009
   -98.770     0.009
   -98.770     0.009
   -98.670     0.020
   -98.670     0.020
   -98.670     0.020
   -98.670     0.020
   -98.670     0.020
   -98.670     0.020
   -98.570     0.021
   -98.570     0.021
   -98.570     0.021
   -98.570     0.021
   -98.470     0.021
   -98.470     0.021
   -98.470     0.021
   -98.470     0.021
   -98.470     0.021
   -98.470     0.021
   -98.370     0.021
   -98.370     0.021
   -98.370     0.021
   -98.370     0.021
   -98.370     0.021
   -98.270     0.018
   -98.270     0.018
   -98.270     0.018
   -98.270     0.018
   -98.170     0.014
   -98.170     0.014
   -98.170     0.014
   -98.170     0.014
   -98.170     0.014
   -98.170     0.013
   -98.070     0.004
   -98.070     0.004
   -98.070     0.004
   -98.070     0.004
   -98.070     0.003
   -97.970     0.003
   -97.970     0.003
   -97.970     0.003
   -97.970     0.003
   -97.970     0.003
   -97.870     0.002
   -97.870     0.002
   -97.870     0.002
   -97.870     0.002
   -97.870     0.002
   -97.770     0.003
   -97.770     0.002
   -97.770     0.002
   -97.770     0.002
   -97.770     0.002
   -97.670     0.005
   -97.670     0.005
   -97.670     0.005
   -97.670     0.005
   -97.670     0.005
   -97.570     0.008
   -97.570     0.008
   -97.570     0.008
   -97.570     0.008
   -97.570     0.008
   -97.470     0.017
   -97.470     0.017
   -97.470     0.018
   -97.470     0.018
   -97.470     0.018
   -97.370     0.021
   -97.370     0.022
   -97.370     0.022
   -97.370     0.022
   -97.370     0.022
   -97.270     0.023
   -97.270     0.023
   -97.270     0.023
   -97.270     0.023
   -97.270     0.023
   -97.169     0.019
   -97.169     0.019
   -97.169     0.019
   -97.169     0.019
   -97.169     0.019
   -97.070     0.009
   -97.070     0.009
   -97.070     0.009
   -97.070     0.009
   -97.070     0.009
   -96.970     0.003
   -96.970     0.003
   -96.970     0.002
   -96.970     0.002
   -96.970     0.002
   -96.870     0.002
   -96.870     0.002
   -96.870     0.002
   -96.870     0.002
   -96.870     0.002
   -96.770     0.004
   -96.770     0.004
   -96.770     0.004
   -96.770     0.004
   -96.770     0.004
   -96.669     0.009
   -96.669     0.009
   -96.669     0.009
   -96.669     0.009
   -96.669     0.009
   -96.570     0.019
   -96.570     0.019
   -96.570     0.019
   -96.570     0.019
   -96.570     0.019
   -96.470     0.022
   -96.470     0.022
   -96.470     0.022
   -96.470     0.022
   -96.470     0.022
   -96.370     0.022
   -96.370     0.022
   -96.370     0.022
   -96.370     0.022
   -96.370     0.022
   -96.270     0.018
   -96.270     0.019
   -96.270     0.019
   -96.270     0.018
   -96.270     0.018
   -96.170     0.012
   -96.170     0.012
   -96.170     0.012
   -96.170     0.012
   -96.170     0.012
   -96.070     0.002
   -96.070     0.002
   -96.070     0.002
   -96.070     0.002
   -96.070     0.002
   -95.970     0.002
   -95.970     0.002
   -95.970     0.002
   -95.970     0.002
   -95.970     0.002
   -95.870     0.002
   -95.870     0.002
   -95.870     0.002
   -95.870     0.002
   -95.870     0.002
   -95.770     0.005
   -95.770     0.005
   -95.770     0.005
   -95.770     0.005
   -95.770     0.005
   -95.670     0.009
   -95.670     0.009
   -95.670     0.009
   -95.670     0.009
   -95.670     0.009
   -95.570     0.018
   -95.570     0.019
   -95.570     0.019
   -95.570     0.019
   -95.570     0.019
   -95.470     0.022
   -95.470     0.022
   -95.470     0.022
   -95.470     0.022
   -95.470     0.022
   -95.369     0.021
   -95.369     0.021
   -95.369     0.021
   -95.369     0.021
   -95.369     0.021
   -95.270     0.021
   -95.270     0.021
   -95.270     0.021
   -95.270     0.021
   -95.270     0.021
   -95.170     0.020
   -95.170     0.020
   -95.170     0.020
   -95.170     0.020
   -95.170     0.020
   -95.070     0.013
   -95.070     0.013
   -95.070     0.013
   -95.070     0.013
   -95.070     0.013
   -94.970     0.003
   -94.970     0.003
   -94.970     0.003
   -94.970     0.003
   -94.970     0.003
   -94.869     0.001
   -94.869     0.001
   -94.869     0.001
   -94.869     0.001
   -94.869     0.000
   -94.770     0.002
   -94.770     0.002
   -94.770     0.002
   -94.770     0.002
   -94.770     0.002
   -94.670     0.001
   -94.670     0.001
   -94.670     0.001
   -94.670     0.001
   -94.670     0.001
   -94.570     0.003
   -94.570     0.003
   -94.570     0.003
   -94.570     0.003
   -94.570     0.003
   -94.470     0.002
   -94.470     0.002
   -94.470     0.002
   -94.470     0.002
   -94.470     0.002
   -94.370     0.001
   -94.370     0.001
   -94.370     0.001
   -94.370     0.001
   -94.370     0.001
   -94.270     0.001
   -94.270     0.001
   -94.270     0.001
   -94.270     0.001
   -94.270     0.001
   -94.170     0.002
   -94.170     0.002
   -94.170     0.002
   -94.170     0.002
   -94.170     0.002
   -94.070     0.003
   -94.070     0.003
   -94.070     0.003
   -94.070     0.003
   -94.070     0.003
   -93.970     0.005
   -93.970     0.005
   -93.970     0.005
   -93.970     0.005
   -93.970     0.005
   -93.870     0.009
   -93.870     0.009
   -93.870     0.009
   -93.870     0.009
   -93.870     0.009
   -93.770     0.020
   -93.770     0.020
   -93.770     0.020
   -93.770     0.020
   -93.770     0.020
   -93.670     0.021
   -93.670     0.021
   -93.670     0.021
   -93.670     0.021
   -93.670     0.021
   -93.569     0.021
   -93.569     0.021
   -93.569     0.021
   -93.569     0.021
   -93.569     0.021
   -93.470     0.020
   -93.470     0.020
   -93.470     0.020
   -93.470     0.020
   -93.470     0.020
   -93.370     0.013
   -93.370     0.013
   -93.370     0.013
   -93.370     0.013
   -93.370     0.013
   -93.270     0.003
   -93.270     0.003
   -93.270     0.003
   -93.270     0.003
   -93.270     0.003
   -93.170     0.003
   -93.170     0.003
   -93.170     0.003
   -93.170     0.003
   -93.170     0.002
   -93.069     0.009
   -93.069     0.009
   -93.069     0.009
   -93.069     0.009
   -93.069     0.009
   -92.970     0.018
   -92.970     0.018
   -92.970     0.018
   -92.970     0.018
   -92.970     0.018
   -92.870     0.021
   -92.870     0.021
   -92.870     0.022
   -92.870     0.022
   -92.870     0.022
   -92.770     0.020
   -92.770     0.020
   -92.770     0.020
   -92.770     0.020
   -92.770     0.020
   -92.670     0.013
   -92.670     0.013
   -92.670     0.013
   -92.670     0.013
   -92.670     0.013
   -92.569     0.003
   -92.569     0.003
   -92.569     0.003
   -92.569     0.003
   -92.569     0.003
   -92.470     0.002
   -92.470     0.002
   -92.470     0.002
   -92.470     0.002
   -92.470     0.002
   -92.370     0.002
   -92.370     0.002
   -92.370     0.002
   -92.370     0.002
   -92.370     0.002
   -92.270     0.003
   -92.270     0.003
   -92.270     0.003
   -92.270     0.003
   -92.270     0.003
   -92.170     0.007
   -92.170     0.007
   -92.170     0.007
   -92.170     0.007
   -92.170     0.007
   -92.070     0.014
   -92.070     0.014
   -92.070     0.014
   -92.070     0.014
   -92.070     0.014
   -91.970     0.020
   -91.970     0.020
   -91.970     0.020
   -91.970     0.020
   -91.970     0.020
   -91.870     0.022
   -91.870     0.022
   -91.870     0.022
   -91.870     0.022
   -91.870     0.022
   -91.770     0.022
   -91.770     0.022
   -91.770     0.022
   -91.770     0.022
   -91.770     0.022
   -91.670     0.021
   -91.670     0.021
   -91.670     0.021
   -91.670     0.021
   -91.670     0.021
   -91.570     0.018
   -91.570     0.018
   -91.570     0.018
   -91.570     0.018
   -91.570     0.018
   -91.470     0.012
   -91.470     0.012
   -91.470     0.012
   -91.470     0.012
   -91.470     0.012
   -91.370     0.004
   -91.370     0.004
   -91.370     0.004
   -91.370     0.004
   -91.370     0.004
   -91.270     0.004
   -91.270     0.004
   -91.270     0.004
   -91.270     0.004
   -91.270     0.004
   -91.170     0.009
   -91.170     0.009
   -91.170     0.009
   -91.170     0.009
   -91.170     0.009
   -91.070     0.017
   -91.070     0.017
   -91.070     0.017
   -91.070     0.017
   -91.070     0.017
   -90.970     0.020
   -90.970     0.020
   -90.970     0.020
   -90.970     0.020
   -90.970     0.020
   -90.870     0.018
   -90.870     0.018
   -90.870     0.018
   -90.870     0.018
   -90.870     0.018
   -90.770     0.017
   -90.770     0.017
   -90.770     0.017
   -90.770     0.017
   -90.770     0.017
   -90.670     0.013
   -90.670     0.013
   -90.670     0.013
   -90.670     0.013
   -90.670     0.013
   -90.570     0.005
   -90.570     0.005
   -90.570     0.005
   -90.570     0.005
   -90.570     0.005
   -90.470     0.004
   -90.470     0.004
   -90.470     0.004
   -90.470     0.004
   -90.470     0.004
   -90.370     0.004
   -90.370     0.004
   -90.370     0.004
   -90.370     0.004
   -90.370     0.004
   -90.270     0.005
   -90.270     0.005
   -90.270     0.005
   -90.270     0.005
   -90.270     0.005
   -90.170     0.006
   -90.170     0.006
   -90.170     0.006
   -90.170     0.006
   -90.170     0.006
   -90.070     0.009
   -90.070     0.009
   -90.070     0.009
   -90.070     0.009
   -90.070     0.009
   -89.970     0.014
   -89.970     0.014
   -89.970     0.014
   -89.970     0.014
   -89.970     0.014
   -89.870     0.019
   -89.870     0.019
   -89.870     0.019
   -89.870     0.019
   -89.870     0.019
   -89.770     0.020
   -89.770     0.020
   -89.770     0.020
   -89.770     0.020
   -89.770     0.020
   -89.670     0.018
   -89.670     0.018
   -89.670     0.018
   -89.670     0.018
   -89.670     0.018
   -89.570     0.011
   -89.570     0.011
   -89.570     0.011
   -89.570     0.011
   -89.570     0.011
   -89.470     0.003
   -89.470     0.003
   -89.470     0.003
   -89.470     0.003
   -89.470     0.003
   -89.370     0.001
   -89.370     0.001
   -89.370     0.001
   -89.370     0.001
   -89.370     0.001
   -89.270     0.002
   -89.270     0.002
   -89.270     0.002
   -89.270     0.002
   -89.270     0.002
   -89.170     0.003
   -89.170     0.003
   -89.170     0.003
   -89.170     0.003
   -89.170     0.003
   -89.070     0.005
   -89.070     0.005
   -89.070     0.005
   -89.070     0.005
   -89.070     0.005
   -88.970     0.009
   -88.970     0.009
   -88.970     0.009
   -88.970     0.009
   -88.970     0.009
   -88.870     0.016
   -88.870     0.016
   -88.870     0.016
   -88.870     0.016
   -88.870     0.016
   -88.770     0.019
   -88.770     0.019
   -88.770     0.019
   -88.770     0.019
   -88.770     0.019
   -88.670     0.021
   -88.670     0.021
   -88.670     0.021
   -88.670     0.021
   -88.670     0.021
   -88.570     0.021
   -88.570     0.021
   -88.570     0.021
   -88.570     0.021
   -88.570     0.021
   -88.470     0.019
   -88.470     0.019
   -88.470     0.019
   -88.470     0.019
   -88.470     0.019
   -88.370     0.011
   -88.370     0.011
   -88.370     0.011
   -88.370     0.011
   -88.370     0.011
   -88.270     0.002
   -88.270     0.002
   -88.270     0.002
   -88.270     0.002
   -88.270     0.002
   -88.170     0.001
   -88.170     0.001
   -88.170     0.001
   -88.170     0.001
   -88.170     0.001
   -88.070     0.002
   -88.070     0.002
   -88.070     0.002
   -88.070     0.002
   -88.070     0.002
   -87.970     0.006
   -87.970     0.006
   -87.970     0.006
   -87.970     0.006
   -87.970     0.006
   -87.870     0.014
   -87.870     0.014
   -87.870     0.014
   -87.870     0.014
   -87.870     0.014
   -87.770     0.020
   -87.770     0.020
   -87.770     0.020
   -87.770     0.020
   -87.770     0.020
   -87.670     0.020
   -87.670     0.020
   -87.670     0.020
   -87.670     0.020
   -87.670     0.020
   -87.570     0.019
   -87.570     0.019
   -87.570     0.019
   -87.570     0.019
   -87.570     0.019
   -87.470     0.015
   -87.470     0.015
   -87.470     0.015
   -87.470     0.015
   -87.470     0.015
   -87.370     0.008
   -87.370     0.008
   -87.370     0.008
   -87.370     0.008
   -87.370     0.008
   -87.270     0.001
   -87.270     0.001
   -87.270     0.001
   -87.270     0.001
   -87.270     0.001
   -87.170     0.002
   -87.170     0.002
   -87.170     0.002
   -87.170     0.002
   -87.170     0.002
   -87.070     0.004
   -87.070     0.004
   -87.070     0.004
   -87.070     0.004
   -87.070     0.004
   -86.970     0.007
   -86.970     0.007
   -86.970     0.007
   -86.970     0.007
   -86.970     0.007
   -86.870     0.014
   -86.870     0.014
   -86.870     0.014
   -86.870     0.014
   -86.870     0.014
   -86.770     0.020
   -86.770     0.020
   -86.770     0.020
   -86.770     0.020
   -86.770     0.020
   -86.670     0.020
   -86.670     0.020
   -86.670     0.020
   -86.670     0.020
   -86.670     0.020
   -86.570     0.015
   -86.570     0.015
   -86.570     0.015
   -86.570     0.015
   -86.570     0.015
   -86.470     0.007
   -86.470     0.007
   -86.470     0.007
   -86.470     0.007
   -86.470     0.007
   -86.370     0.003
   -86.370     0.003
   -86.370     0.003
   -86.370     0.003
   -86.370     0.003
   -86.270     0.002
   -86.270     0.002
   -86.270     0.002
   -86.270     0.002
   -86.270     0.002
   -86.170     0.001
   -86.170     0.001
   -86.170     0.001
   -86.170     0.001
   -86.170     0.001
   -86.070     0.003
   -86.070     0.003
   -86.070     0.003
   -86.070     0.003
   -86.070     0.003
   -85.970     0.004
   -85.970     0.004
   -85.970     0.004
   -85.970     0.004
   -85.970     0.004
   -85.870     0.004
   -85.870     0.004
   -85.870     0.004
   -85.870     0.004
   -85.870     0.004
   -85.770     0.003
   -85.770     0.003
   -85.770     0.003
   -85.770     0.003
   -85.770     0.003
   -85.670     0.003
   -85.670     0.003
   -85.670     0.003
   -85.670     0.003
   -85.670     0.003
   -85.570     0.003
   -85.570     0.003
   -85.570     0.003
   -85.570     0.003
   -85.570     0.003
   -85.470     0.003
   -85.470     0.003
   -85.470     0.003
   -85.470     0.003
   -85.470     0.003
   -85.370     0.005
   -85.370     0.005
   -85.370     0.005
   -85.370     0.005
   -85.370     0.005
   -85.270     0.008
   -85.270     0.008
   -85.270     0.008
   -85.270     0.008
   -85.270     0.008
   -85.170     0.015
   -85.170     0.015
   -85.170     0.016
   -85.170     0.016
   -85.170     0.016
   -85.070     0.021
   -85.070     0.021
   -85.070     0.021
   -85.070     0.021
   -85.070     0.021
   -84.970     0.022
   -84.970     0.022
   -84.970     0.022
   -84.970     0.022
   -84.970     0.022
   -84.870     0.023
   -84.870     0.023
   -84.870     0.023
   -84.870     0.023
   -84.870     0.023
   -84.770     0.017
   -84.770     0.017
   -84.770     0.017
   -84.770     0.017
   -84.770     0.017
   -84.670     0.008
   -84.670     0.007
   -84.670     0.007
   -84.670     0.007
   -84.670     0.007
   -84.570     0.004
   -84.570     0.004
   -84.570     0.004
   -84.570     0.004
   -84.570     0.004
   -84.470     0.006
   -84.470     0.006
   -84.470     0.006
   -84.470     0.006
   -84.470     0.006
   -84.370     0.011
   -84.370     0.011
   -84.370     0.011
   -84.370     0.011
   -84.370     0.011
   -84.270     0.017
   -84.270     0.017
   -84.270     0.017
   -84.270     0.017
   -84.270     0.017
   -84.170     0.021
   -84.170     0.021
   -84.170     0.021
   -84.170     0.021
   -84.170     0.021
   -84.070     0.023
   -84.070     0.023
   -84.070     0.023
   -84.070     0.023
   -84.070     0.023
   -83.970     0.022
   -83.970     0.022
   -83.970     0.022
   -83.970     0.022
   -83.970     0.022
   -83.870     0.019
   -83.870     0.019
   -83.870     0.019
   -83.870     0.019
   -83.870     0.019
   -83.770     0.010
   -83.770     0.010
   -83.770     0.010
   -83.770     0.010
   -83.770     0.010
   -83.670     0.004
   -83.670     0.004
   -83.670     0.004
   -83.670     0.003
   -83.670     0.003
   -83.570     0.003
   -83.570     0.003
   -83.570     0.003
   -83.570     0.003
   -83.570     0.003
   -83.470     0.005
   -83.470     0.005
   -83.470     0.005
   -83.470     0.005
   -83.470     0.005
   -83.370     0.007
   -83.370     0.007
   -83.370     0.007
   -83.370     0.007
   -83.370     0.007
   -83.270     0.014
   -83.270     0.014
   -83.270     0.014
   -83.270     0.014
   -83.270     0.014
   -83.170     0.021
   -83.170     0.021
   -83.170     0.021
   -83.170     0.021
   -83.170     0.021
   -83.070     0.023
   -83.070     0.023
   -83.070     0.023
   -83.070     0.023
   -83.070     0.023
   -82.970     0.023
   -82.970     0.023
   -82.970     0.023
   -82.970     0.023
   -82.970     0.023
   -82.870     0.021
   -82.870     0.021
   -82.870     0.021
   -82.870     0.021
   -82.870     0.021
   -82.770     0.012
   -82.770     0.012
   -82.770     0.012
   -82.770     0.012
   -82.770     0.012
   -82.670     0.004
   -82.670     0.004
   -82.670     0.004
   -82.670     0.004
   -82.670     0.004
   -82.570     0.002
   -82.570     0.002
   -82.570     0.002
   -82.570     0.002
   -82.570     0.002
   -82.470     0.005
   -82.470     0.005
   -82.470     0.005
   -82.470     0.005
   -82.470     0.005
   -82.370     0.013
   -82.370     0.013
   -82.370     0.013
   -82.370     0.013
   -82.370     0.013
   -82.270     0.019
   -82.270     0.019
   -82.270     0.019
   -82.270     0.020
   -82.270     0.020
   -82.170     0.021
   -82.170     0.021
   -82.170     0.021
   -82.170     0.021
   -82.170     0.021
   -82.070     0.020
   -82.070     0.020
   -82.070     0.020
   -82.070     0.020
   -82.070     0.020
   -81.970     0.019
   -81.970     0.019
   -81.970     0.019
   -81.970     0.019
   -81.970     0.019
   -81.870     0.017
   -81.870     0.017
   -81.870     0.017
   -81.870     0.017
   -81.870     0.017
   -81.770     0.010
   -81.770     0.010
   -81.770     0.010
   -81.770     0.010
   -81.770     0.010
   -81.670     0.004
   -81.670     0.004
   -81.670     0.004
   -81.670     0.004
   -81.670     0.004
   -81.570     0.005
   -81.570     0.004
   -81.570     0.004
   -81.570     0.004
   -81.570     0.004
   -81.470     0.012
   -81.470     0.012
   -81.470     0.012
   -81.470     0.012
   -81.470     0.012
   -81.370     0.019
   -81.370     0.019
   -81.370     0.019
   -81.370     0.019
   -81.370     0.019
   -81.270     0.022
   -81.270     0.022
   -81.270     0.022
   -81.270     0.022
   -81.270     0.022
   -81.170     0.021
   -81.170     0.021
   -81.170     0.021
   -81.170     0.021
   -81.170     0.021
   -81.070     0.019
   -81.070     0.019
   -81.070     0.019
   -81.070     0.019
   -81.070     0.019
   -80.970     0.011
   -80.970     0.011
   -80.970     0.011
   -80.970     0.011
   -80.970     0.011
   -80.870     0.004
   -80.870     0.004
   -80.870     0.004
   -80.870     0.004
   -80.870     0.003
   -80.770     0.002
   -80.770     0.002
   -80.770     0.002
   -80.770     0.002
   -80.770     0.002
   -80.670     0.004
   -80.670     0.004
   -80.670     0.004
   -80.670     0.004
   -80.670     0.004
   -80.570     0.007
   -80.570     0.007
   -80.570     0.007
   -80.570     0.007
   -80.570     0.007
   -80.470     0.015
   -80.470     0.015
   -80.470     0.015
   -80.470     0.015
   -80.470     0.015
   -80.370     0.020
   -80.370     0.020
   -80.370     0.020
   -80.370     0.020
   -80.370     0.021
   -80.270     0.021
   -80.270     0.021
   -80.270     0.021
   -80.270     0.021
   -80.270     0.021
   -80.170     0.022
   -80.170     0.022
   -80.170     0.022
   -80.170     0.022
   -80.170     0.022
   -80.070     0.021
   -80.070     0.021
   -80.070     0.021
   -80.070     0.021
   -80.070     0.021
   -79.970     0.019
   -79.970     0.019
   -79.970     0.019
   -79.970     0.019
   -79.970     0.019
   -79.870     0.017
   -79.870     0.017
   -79.870     0.017
   -79.870     0.017
   -79.870     0.017
   -79.770     0.009
   -79.770     0.009
   -79.770     0.009
   -79.770     0.009
   -79.770     0.009
   -79.670     0.004
   -79.670     0.004
   -79.670     0.004
   -79.670     0.004
   -79.670     0.004
   -79.570     0.002
   -79.570     0.002
   -79.570     0.002
   -79.570     0.002
   -79.570     0.002
   -79.470     0.006
   -79.470     0.006
   -79.470     0.006
   -79.470     0.006
   -79.470     0.006
   -79.370     0.014
   -79.370     0.014
   -79.370     0.014
   -79.370     0.014
   -79.370     0.014
   -79.270     0.020
   -79.270     0.021
   -79.270     0.021
   -79.270     0.021
   -79.270     0.021
   -79.170     0.022
   -79.170     0.022
   -79.170     0.022
   -79.170     0.022
   -79.170     0.022
   -79.070     0.021
   -79.070     0.021
   -79.070     0.021
   -79.070     0.021
   -79.070     0.021
   -78.970     0.017
   -78.970     0.017
   -78.970     0.017
   -78.970     0.017
   -78.970     0.017
   -78.870     0.007
   -78.870     0.007
   -78.870     0.007
   -78.870     0.007
   -78.870     0.007
   -78.770     0.003
   -78.770     0.003
   -78.770     0.003
   -78.770     0.003
   -78.770     0.003
   -78.670     0.003
   -78.670     0.003
   -78.670     0.003
   -78.670     0.003
   -78.670     0.003
   -78.570     0.004
   -78.570     0.004
   -78.570     0.004
   -78.570     0.004
   -78.570     0.004
   -78.470     0.005
   -78.470     0.005
   -78.470     0.005
   -78.470     0.005
   -78.470     0.005
   -78.370     0.008
   -78.370     0.008
   -78.370     0.008
   -78.370     0.008
   -78.370     0.008
   -78.270     0.017
   -78.270     0.017
   -78.270     0.017
   -78.270     0.017
   -78.270     0.017
   -78.170     0.020
   -78.170     0.020
   -78.170     0.020
   -78.170     0.020
   -78.170     0.020
   -78.070     0.021
   -78.070     0.021
   -78.070     0.021
   -78.070     0.021
   -78.070     0.021
   -77.970     0.018
   -77.970     0.018
   -77.970     0.018
   -77.970     0.018
   -77.970     0.018
   -77.870     0.008
   -77.870     0.008
   -77.870     0.008
   -77.870     0.008
   -77.870     0.008
   -77.770     0.004
   -77.770     0.004
   -77.770     0.004
   -77.770     0.004
   -77.770     0.004
   -77.670     0.002
   -77.670     0.002
   -77.670     0.002
   -77.670     0.002
   -77.670     0.002
   -77.570     0.004
   -77.570     0.004
   -77.570     0.004
   -77.570     0.004
   -77.570     0.004
   -77.470     0.009
   -77.470     0.009
   -77.470     0.009
   -77.470     0.009
   -77.470     0.009
   -77.370     0.018
   -77.370     0.018
   -77.370     0.018
   -77.370     0.018
   -77.370     0.018
   -77.270     0.021
   -77.270     0.021
   -77.270     0.021
   -77.270     0.021
   -77.270     0.021
   -77.170     0.022
   -77.170     0.022
   -77.170     0.022
   -77.170     0.022
   -77.170     0.022
   -77.070     0.023
   -77.070     0.023
   -77.070     0.023
   -77.070     0.023
   -77.070     0.023
   -76.970     0.021
   -76.970     0.021
   -76.970     0.021
   -76.970     0.021
   -76.970     0.021
   -76.870     0.017
   -76.870     0.017
   -76.870     0.017
   -76.870     0.017
   -76.870     0.017
   -76.770     0.008
   -76.770     0.008
   -76.770     0.008
   -76.770     0.008
   -76.770     0.008
   -76.670     0.003
   -76.670     0.003
   -76.670     0.003
   -76.670     0.003
   -76.670     0.003
   -76.570     0.003
   -76.570     0.003
   -76.570     0.003
   -76.570     0.003
   -76.570     0.003
   -76.470     0.004
   -76.470     0.004
   -76.470     0.004
   -76.470     0.004
   -76.470     0.004
   -76.370     0.003
   -76.370     0.003
   -76.370     0.003
   -76.370     0.003
   -76.370     0.003
   -76.269     0.003
   -76.269     0.003
   -76.269     0.003
   -76.269     0.003
   -76.269     0.003
   -76.170     0.003
   -76.170     0.003
   -76.170     0.003
   -76.170     0.003
   -76.170     0.003
   -76.070     0.002
   -76.070     0.002
   -76.070     0.002
   -76.070     0.002
   -76.070     0.002
   -75.970     0.006
   -75.970     0.006
   -75.970     0.006
   -75.970     0.006
   -75.970     0.006
   -75.870     0.009
   -75.870     0.009
   -75.870     0.009
   -75.870     0.009
   -75.870     0.009
   -75.769     0.020
   -75.769     0.020
   -75.769     0.020
   -75.769     0.020
   -75.769     0.021
   -75.670     0.022
   -75.670     0.022
   -75.670     0.022
   -75.670     0.022
   -75.670     0.022
   -75.570     0.022
   -75.570     0.022
   -75.570     0.022
   -75.570     0.022
   -75.570     0.022
   -75.470     0.019
   -75.470     0.019
   -75.470     0.019
   -75.470     0.019
   -75.470     0.019
   -75.370     0.010
   -75.370     0.010
   -75.370     0.010
   -75.370     0.010
   -75.370     0.010
   -75.270     0.005
   -75.270     0.005
   -75.270     0.005
   -75.270     0.005
   -75.270     0.005
   -75.170     0.005
   -75.170     0.005
   -75.170     0.005
   -75.170     0.005
   -75.170     0.005
   -75.070     0.004
   -75.070     0.004
   -75.070     0.004
   -75.070     0.004
   -75.070     0.004
   -74.970     0.007
   -74.970     0.007
   -74.970     0.007
   -74.970     0.007
   -74.970     0.007
   -74.870     0.008
   -74.870     0.008
   -74.870     0.008
   -74.870     0.008
   -74.870     0.008
   -74.770     0.014
   -74.770     0.014
   -74.770     0.014
   -74.770     0.014
   -74.770     0.014
   -74.670     0.022
   -74.670     0.022
   -74.670     0.022
   -74.670     0.022
   -74.670     0.022
   -74.570     0.023
   -74.570     0.023
   -74.570     0.023
   -74.570     0.024
   -74.570     0.024
   -74.469     0.024
   -74.469     0.024
   -74.469     0.024
   -74.469     0.024
   -74.469     0.024
   -74.370     0.023
   -74.370     0.023
   -74.370     0.023
   -74.370     0.023
   -74.370     0.023
   -74.270     0.024
   -74.270     0.024
   -74.270     0.024
   -74.270     0.024
   -74.270     0.024
   -74.170     0.020
   -74.170     0.020
   -74.170     0.020
   -74.170     0.020
   -74.170     0.020
   -74.070     0.010
   -74.070     0.010
   -74.070     0.010
   -74.070     0.010
   -74.070     0.010
   -73.969     0.005
   -73.969     0.005
   -73.969     0.005
   -73.969     0.005
   -73.969     0.005
   -73.870     0.004
   -73.870     0.004
   -73.870     0.004
   -73.870     0.004
   -73.870     0.004
   -73.770     0.006
   -73.770     0.006
   -73.770     0.006
   -73.770     0.006
   -73.770     0.006
   -73.670     0.009
   -73.670     0.009
   -73.670     0.009
   -73.670     0.009
   -73.670     0.009
   -73.570     0.020
   -73.570     0.020
   -73.570     0.020
   -73.570     0.020
   -73.570     0.020
   -73.469     0.024
   -73.469     0.024
   -73.469     0.024
   -73.469     0.024
   -73.469     0.024
   -73.370     0.023
   -73.370     0.023
   -73.370     0.023
   -73.370     0.023
   -73.370     0.023
   -73.270     0.019
   -73.270     0.019
   -73.270     0.019
   -73.270     0.019
   -73.270     0.019
   -73.170     0.008
   -73.170     0.008
   -73.170     0.007
   -73.170     0.007
   -73.170     0.007
   -73.070     0.005
   -73.070     0.005
   -73.070     0.005
   -73.070     0.005
   -73.070     0.005
   -72.970     0.005
   -72.970     0.005
   -72.970     0.005
   -72.970     0.005
   -72.970     0.005
   -72.870     0.006
   -72.870     0.006
   -72.870     0.006
   -72.870     0.006
   -72.870     0.006
   -72.770     0.007
   -72.770     0.007
   -72.770     0.007
   -72.770     0.007
   -72.770     0.007
   -72.670     0.012
   -72.670     0.012
   -72.670     0.012
   -72.670     0.012
   -72.670     0.012
   -72.570     0.021
   -72.570     0.021
   -72.570     0.021
   -72.570     0.021
   -72.570     0.021
   -72.470     0.024
   -72.470     0.024
   -72.470     0.024
   -72.470     0.024
   -72.470     0.024
   -72.370     0.022
   -72.370     0.022
   -72.370     0.023
   -72.370     0.023
   -72.370     0.023
   -72.270     0.016
   -72.270     0.016
   -72.270     0.015
   -72.270     0.015
   -72.270     0.015
   -72.170     0.005
   -72.170     0.005
   -72.170     0.005
   -72.170     0.005
   -72.170     0.005
   -72.070     0.005
   -72.070     0.005
   -72.070     0.005
   -72.070     0.005
   -72.070     0.005
   -71.970     0.004
   -71.970     0.004
   -71.970     0.004
   -71.970     0.004
   -71.970     0.004
   -71.870     0.006
   -71.870     0.006
   -71.870     0.006
   -71.870     0.006
   -71.870     0.006
   -71.770     0.011
   -71.770     0.011
   -71.770     0.011
   -71.770     0.011
   -71.770     0.011
   -71.669     0.022
   -71.669     0.023
   -71.669     0.023
   -71.669     0.023
   -71.669     0.023
   -71.570     0.023
   -71.570     0.024
   -71.570     0.024
   -71.570     0.024
   -71.570     0.024
   -71.470     0.023
   -71.470     0.023
   -71.470     0.023
   -71.470     0.023
   -71.470     0.023
   -71.370     0.018
   -71.370     0.018
   -71.370     0.018
   -71.370     0.018
   -71.370     0.018
   -71.270     0.006
   -71.270     0.006
   -71.270     0.005
   -71.270     0.005
   -71.270     0.005
   -71.169     0.006
   -71.169     0.006
   -71.169     0.006
   -71.169     0.006
   -71.169     0.006
   -71.070     0.004
   -71.070     0.005
   -71.070     0.005
   -71.070     0.005
   -71.070     0.005
   -70.970     0.004
   -70.970     0.004
   -70.970     0.004
   -70.970     0.004
   -70.970     0.004
   -70.870     0.004
   -70.870     0.004
   -70.870     0.004
   -70.870     0.004
   -70.870     0.004
   -70.770     0.005
   -70.770     0.005
   -70.770     0.005
   -70.770     0.005
   -70.770     0.005
   -70.670     0.006
   -70.670     0.006
   -70.670     0.006
   -70.670     0.006
   -70.670     0.006
   -70.570     0.006
   -70.570     0.006
   -70.570     0.005
   -70.570     0.005
   -70.570     0.005
   -70.470     0.005
   -70.470     0.005
   -70.470     0.005
   -70.470     0.005
   -70.470     0.005
   -70.370     0.005
   -70.370     0.005
   -70.370     0.005
   -70.370     0.005
   -70.370     0.005
   -70.270     0.004
   -70.270     0.004
   -70.270     0.004
   -70.270     0.004
   -70.270     0.004
   -70.170     0.008
   -70.170     0.008
   -70.170     0.008
   -70.170     0.008
   -70.170     0.008
   -70.070     0.018
   -70.070     0.018
   -70.070     0.018
   -70.070     0.018
   -70.070     0.018
   -69.970     0.023
   -69.970     0.023
   -69.970     0.023
   -69.970     0.023
   -69.970     0.023
   -69.869     0.023
   -69.869     0.023
   -69.869     0.023
   -69.869     0.023
   -69.869     0.023
   -69.770     0.017
   -69.770     0.017
   -69.770     0.017
   -69.770     0.016
   -69.770     0.016
   -69.670     0.006
   -69.670     0.005
   -69.670     0.005
   -69.670     0.005
   -69.670     0.005
   -69.570     0.005
   -69.570     0.005
   -69.570     0.005
   -69.570     0.005
   -69.570     0.005
   -69.470     0.004
   -69.470     0.004
   -69.470     0.004
   -69.470     0.004
   -69.470     0.004
   -69.369     0.005
   -69.369     0.005
   -69.369     0.005
   -69.369     0.005
   -69.369     0.005
   -69.270     0.007
   -69.270     0.007
   -69.270     0.007
   -69.270     0.007
   -69.270     0.007
   -69.170     0.007
   -69.170     0.007
   -69.170     0.007
   -69.170     0.007
   -69.170     0.007
   -69.070     0.009
   -69.070     0.009
   -69.070     0.009
   -69.070     0.009
   -69.070     0.009
   -68.970     0.014
   -68.970     0.014
   -68.970     0.014
   -68.970     0.014
   -68.970     0.014
   -68.870     0.022
   -68.870     0.023
   -68.870     0.023
   -68.870     0.023
   -68.870     0.023
   -68.770     0.023
   -68.770     0.023
   -68.770     0.023
   -68.770     0.023
   -68.770     0.023
   -68.670     0.023
   -68.670     0.023
   -68.670     0.023
   -68.670     0.023
   -68.670     0.023
   -68.570     0.023
   -68.570     0.023
   -68.570     0.023
   -68.570     0.023
   -68.570     0.023
   -68.470     0.023
   -68.470     0.023
   -68.470     0.023
   -68.470     0.023
   -68.470     0.023
   -68.370     0.021
   -68.370     0.021
   -68.370     0.021
   -68.370     0.021
   -68.370     0.021
   -68.270     0.018
   -68.270     0.018
   -68.270     0.018
   -68.270     0.018
   -68.270     0.018
   -68.170     0.009
   -68.170     0.009
   -68.170     0.009
   -68.170     0.009
   -68.170     0.009
   -68.069     0.005
   -68.069     0.005
   -68.069     0.005
   -68.069     0.005
   -68.069     0.005
   -67.970     0.005
   -67.970     0.005
   -67.970     0.005
   -67.970     0.005
   -67.970     0.005
   -67.870     0.006
   -67.870     0.006
   -67.870     0.006
   -67.870     0.006
   -67.870     0.006
   -67.770     0.007
   -67.770     0.007
   -67.770     0.007
   -67.770     0.007
   -67.770     0.007
   -67.670     0.011
   -67.670     0.011
   -67.670     0.011
   -67.670     0.011
   -67.670     0.011
   -67.569     0.016
   -67.569     0.016
   -67.569     0.016
   -67.569     0.016
   -67.569     0.016
   -67.470     0.023
   -67.470     0.023
   -67.470     0.023
   -67.470     0.023
   -67.470     0.023
   -67.370     0.025
   -67.370     0.025
   -67.370     0.025
   -67.370     0.025
   -67.370     0.025
   -67.270     0.025
   -67.270     0.025
   -67.270     0.025
   -67.270     0.025
   -67.270     0.025
   -67.170     0.023
   -67.170     0.023
   -67.170     0.023
   -67.170     0.023
   -67.170     0.023
   -67.069     0.017
   -67.069     0.017
   -67.069     0.017
   -67.069     0.017
   -67.069     0.017
   -66.970     0.007
   -66.970     0.007
   -66.970     0.007
   -66.970     0.007
   -66.970     0.007
   -66.870     0.006
   -66.870     0.006
   -66.870     0.006
   -66.870     0.006
   -66.870     0.006
   -66.770     0.006
   -66.770     0.006
   -66.770     0.006
   -66.770     0.006
   -66.770     0.006
   -66.670     0.005
   -66.670     0.005
   -66.670     0.005
   -66.670     0.005
   -66.670     0.005
   -66.570     0.005
   -66.570     0.005
   -66.570     0.005
   -66.570     0.005
   -66.570     0.005
   -66.470     0.005
   -66.470     0.005
   -66.470     0.005
   -66.470     0.005
   -66.470     0.005
   -66.370     0.009
   -66.370     0.009
   -66.370     0.009
   -66.370     0.009
   -66.370     0.009
   -66.270     0.014
   -66.270     0.014
   -66.270     0.014
   -66.270     0.014
   -66.270     0.014
   -66.170     0.022
   -66.170     0.022
   -66.170     0.022
   -66.170     0.022
   -66.170     0.022
   -66.070     0.024
   -66.070     0.024
   -66.070     0.024
   -66.070     0.024
   -66.070     0.024
   -65.970     0.021
   -65.970     0.021
   -65.970     0.021
   -65.970     0.021
   -65.970     0.021
   -65.870     0.013
   -65.870     0.013
   -65.870     0.013
   -65.870     0.013
   -65.870     0.013
   -65.770     0.006
   -65.770     0.006
   -65.770     0.006
   -65.770     0.006
   -65.770     0.006
   -65.670     0.006
   -65.670     0.006
   -65.670     0.006
   -65.670     0.006
   -65.670     0.006
   -65.570     0.006
   -65.570     0.006
   -65.570     0.006
   -65.570     0.006
   -65.570     0.006
   -65.470     0.005
   -65.470     0.005
   -65.470     0.005
   -65.470     0.005
   -65.470     0.005
   -65.370     0.007
   -65.370     0.007
   -65.370     0.007
   -65.370     0.007
   -65.370     0.007
   -65.270     0.008
   -65.270     0.008
   -65.270     0.008
   -65.270     0.008
   -65.270     0.008
   -65.170     0.010
   -65.170     0.010
   -65.170     0.010
   -65.170     0.010
   -65.170     0.010
   -65.070     0.012
   -65.070     0.012
   -65.070     0.012
   -65.070     0.012
   -65.070     0.012
   -64.970     0.019
   -64.970     0.019
   -64.970     0.019
   -64.970     0.019
   -64.970     0.019
   -64.870     0.023
   -64.870     0.024
   -64.870     0.024
   -64.870     0.024
   -64.870     0.024
   -64.770     0.022
   -64.770     0.022
   -64.770     0.022
   -64.770     0.022
   -64.770     0.022
   -64.670     0.017
   -64.670     0.017
   -64.670     0.017
   -64.670     0.017
   -64.670     0.016
   -64.570     0.008
   -64.570     0.008
   -64.570     0.008
   -64.570     0.008
   -64.570     0.008
   -64.470     0.007
   -64.470     0.007
   -64.470     0.006
   -64.470     0.006
   -64.470     0.006
   -64.370     0.008
   -64.370     0.008
   -64.370     0.008
   -64.370     0.008
   -64.370     0.008
   -64.270     0.013
   -64.270     0.013
   -64.270     0.013
   -64.270     0.013
   -64.270     0.013
   -64.170     0.022
   -64.170     0.022
   -64.170     0.022
   -64.170     0.022
   -64.170     0.022
   -64.070     0.024
   -64.070     0.025
   -64.070     0.025
   -64.070     0.025
   -64.070     0.025
   -63.970     0.025
   -63.970     0.025
   -63.970     0.025
   -63.970     0.025
   -63.970     0.025
   -63.870     0.020
   -63.870     0.020
   -63.870     0.020
   -63.870     0.020
   -63.870     0.020
   -63.770     0.013
   -63.770     0.013
   -63.770     0.013
   -63.770     0.013
   -63.770     0.013
   -63.670     0.007
   -63.670     0.007
   -63.670     0.006
   -63.670     0.006
   -63.670     0.006
   -63.570     0.006
   -63.570     0.006
   -63.570     0.006
   -63.570     0.006
   -63.570     0.006
   -63.470     0.005
   -63.470     0.005
   -63.470     0.005
   -63.470     0.005
   -63.470     0.005
   -63.370     0.006
   -63.370     0.006
   -63.370     0.006
   -63.370     0.006
   -63.370     0.006
   -63.270     0.007
   -63.270     0.007
   -63.270     0.007
   -63.270     0.007
   -63.270     0.007
   -63.170     0.010
   -63.170     0.010
   -63.170     0.010
   -63.170     0.010
   -63.170     0.010
   -63.070     0.016
   -63.070     0.016
   -63.070     0.016
   -63.070     0.016
   -63.070     0.016
   -62.970     0.022
   -62.970     0.022
   -62.970     0.022
   -62.970     0.023
   -62.970     0.023
   -62.870     0.024
   -62.870     0.024
   -62.870     0.024
   -62.870     0.024
   -62.870     0.024
   -62.770     0.021
   -62.770     0.021
   -62.770     0.021
   -62.770     0.021
   -62.770     0.021
   -62.670     0.015
   -62.670     0.015
   -62.670     0.015
   -62.670     0.015
   -62.670     0.015
   -62.570     0.008
   -62.570     0.008
   -62.570     0.008
   -62.570     0.008
   -62.570     0.008
   -62.470     0.007
   -62.470     0.007
   -62.470     0.007
   -62.470     0.007
   -62.470     0.007
   -62.370     0.007
   -62.370     0.007
   -62.370     0.007
   -62.370     0.007
   -62.370     0.007
   -62.270     0.006
   -62.270     0.006
   -62.270     0.006
   -62.270     0.006
   -62.270     0.006
   -62.170     0.007
   -62.170     0.007
   -62.170     0.007
   -62.170     0.007
   -62.170     0.007
   -62.070     0.009
   -62.070     0.009
   -62.070     0.009
   -62.070     0.009
   -62.070     0.009
   -61.970     0.011
   -61.970     0.011
   -61.970     0.011
   -61.970     0.011
   -61.970     0.011
   -61.870     0.015
   -61.870     0.015
   -61.870     0.015
   -61.870     0.015
   -61.870     0.015
   -61.770     0.021
   -61.770     0.021
   -61.770     0.021
   -61.770     0.021
   -61.770     0.022
   -61.670     0.024
   -61.670     0.025
   -61.670     0.025
   -61.670     0.025
   -61.670     0.025
   -61.570     0.024
   -61.570     0.024
   -61.570     0.024
   -61.570     0.024
   -61.570     0.024
   -61.470     0.024
   -61.470     0.024
   -61.470     0.024
   -61.470     0.024
   -61.470     0.024
   -61.370     0.022
   -61.370     0.022
   -61.370     0.022
   -61.370     0.022
   -61.370     0.022
   -61.270     0.018
   -61.270     0.018
   -61.270     0.018
   -61.270     0.018
   -61.270     0.018
   -61.170     0.011
   -61.170     0.011
   -61.170     0.011
   -61.170     0.011
   -61.170     0.011
   -61.070     0.006
   -61.070     0.006
   -61.070     0.006
   -61.070     0.006
   -61.070     0.006
   -60.970     0.006
   -60.970     0.006
   -60.970     0.006
   -60.970     0.006
   -60.970     0.006
   -60.870     0.007
   -60.870     0.007
   -60.870     0.007
   -60.870     0.007
   -60.870     0.007
   -60.770     0.010
   -60.770     0.010
   -60.770     0.010
   -60.770     0.010
   -60.770     0.010
   -60.670     0.018
   -60.670     0.018
   -60.670     0.018
   -60.670     0.018
   -60.670     0.018
   -60.570     0.024
   -60.570     0.024
   -60.570     0.024
   -60.570     0.024
   -60.570     0.024
   -60.470     0.025
   -60.470     0.025
   -60.470     0.025
   -60.470     0.025
   -60.470     0.025
   -60.370     0.026
   -60.370     0.026
   -60.370     0.026
   -60.370     0.026
   -60.370     0.026
   -60.270     0.025
   -60.270     0.025
   -60.270     0.025
   -60.270     0.025
   -60.270     0.025
   -60.170     0.022
   -60.170     0.022
   -60.170     0.022
   -60.170     0.022
   -60.170     0.022
   -60.070     0.014
   -60.070     0.014
   -60.070     0.014
   -60.070     0.014
   -60.070     0.014
   -59.970     0.008
   -59.970     0.008
   -59.970     0.008
   -59.970     0.008
   -59.970     0.008
   -59.870     0.006
   -59.870     0.006
   -59.870     0.006
   -59.870     0.006
   -59.870     0.006
   -59.770     0.006
   -59.770     0.006
   -59.770     0.006
   -59.770     0.006
   -59.770     0.006
   -59.670     0.007
   -59.670     0.007
   -59.670     0.007
   -59.670     0.007
   -59.670     0.007
   -59.570     0.007
   -59.570     0.007
   -59.570     0.007
   -59.570     0.007
   -59.570     0.007
   -59.470     0.007
   -59.470     0.007
   -59.470     0.007
   -59.470     0.007
   -59.470     0.007
   -59.470     0.007
   -59.370     0.007
   -59.370     0.007
   -59.370     0.007
   -59.370     0.007
   -59.270     0.010
   -59.270     0.010
   -59.270     0.010
   -59.270     0.010
   -59.270     0.010
   -59.170     0.016
   -59.170     0.016
   -59.170     0.016
   -59.170     0.016
   -59.170     0.016
   -59.170     0.016
   -59.070     0.022
   -59.070     0.022
   -59.070     0.022
   -59.070     0.023
   -58.970     0.026
   -58.970     0.026
   -58.970     0.026
   -58.970     0.026
   -58.970     0.026
   -58.970     0.026
   -58.870     0.027
   -58.870     0.027
   -58.870     0.027
   -58.870     0.027
   -58.770     0.027
   -58.770     0.027
   -58.770     0.027
   -58.770     0.027
   -58.770     0.027
   -58.670     0.025
   -58.670     0.025
   -58.670     0.025
   -58.670     0.025
   -58.670     0.025
   -58.670     0.025
   -58.570     0.018
   -58.570     0.018
   -58.570     0.018
   -58.570     0.018
   -58.470     0.010
   -58.470     0.010
   -58.470     0.010
   -58.470     0.010
   -58.470     0.010
   -58.470     0.010
   -58.370     0.007
   -58.370     0.007
   -58.370     0.007
   -58.370     0.007
   -58.370     0.007
   -58.270     0.006
   -58.270     0.006
   -58.270     0.006
   -58.270     0.006
   -58.170     0.007
   -58.170     0.007
   -58.170     0.007
   -58.170     0.007
   -58.170     0.007
   -58.170     0.007
   -58.070     0.008
   -58.070     0.008
   -58.070     0.008
   -58.070     0.008
   -57.970     0.011
   -57.970     0.011
   -57.970     0.011
   -57.970     0.011
   -57.970     0.011
   -57.970     0.011
   -57.870     0.019
   -57.870     0.019
   -57.870     0.019
   -57.870     0.019
   -57.870     0.019
   -57.770     0.024
   -57.770     0.025
   -57.770     0.025
   -57.770     0.025
   -57.670     0.026
   -57.670     0.026
   -57.670     0.026
   -57.670     0.026
   -57.670     0.026
   -57.670     0.026
   -57.570     0.026
   -57.570     0.026
   -57.570     0.026
   -57.570     0.026
   -57.470     0.025
   -57.470     0.025
   -57.470     0.025
   -57.470     0.025
   -57.470     0.025
   -57.470     0.025
   -57.370     0.019
   -57.370     0.019
   -57.370     0.019
   -57.370     0.019
   -57.370     0.019
   -57.270     0.011
   -57.270     0.011
   -57.270     0.011
   -57.270     0.011
   -57.170     0.009
   -57.170     0.009
   -57.170     0.009
   -57.170     0.009
   -57.170     0.009
   -57.170     0.009
   -57.070     0.008
   -57.070     0.008
   -57.070     0.008
   -57.070     0.008
   -56.970     0.007
   -56.970     0.007
   -56.970     0.007
   -56.970     0.007
   -56.970     0.007
   -56.970     0.007
   -56.870     0.008
   -56.870     0.008
   -56.870     0.008
   -56.870     0.008
   -56.770     0.013
   -56.770     0.013
   -56.770     0.013
   -56.770     0.013
   -56.770     0.013
   -56.670     0.021
   -56.670     0.021
   -56.670     0.021
   -56.670     0.021
   -56.670     0.021
   -56.670     0.021
   -56.570     0.026
   -56.570     0.026
   -56.570     0.027
   -56.570     0.027
   -56.470     0.026
   -56.470     0.026
   -56.470     0.026
   -56.470     0.026
   -56.470     0.026
   -56.470     0.026
   -56.370     0.019
   -56.370     0.019
   -56.370     0.019
   -56.370     0.019
   -56.270     0.010
   -56.270     0.010
   -56.270     0.010
   -56.270     0.010
   -56.270     0.010
   -56.170     0.009
   -56.170     0.008
   -56.170     0.008
   -56.170     0.008
   -56.170     0.008
   -56.170     0.008
   -56.070     0.013
   -56.070     0.013
   -56.070     0.013
   -56.070     0.013
   -55.970     0.020
   -55.970     0.020
   -55.970     0.021
   -55.970     0.021
   -55.970     0.021
   -55.970     0.021
   -55.870     0.025
   -55.870     0.025
   -55.870     0.025
   -55.870     0.025
   -55.870     0.025
   -55.770     0.026
   -55.770     0.026
   -55.770     0.026
   -55.770     0.026
   -55.670     0.025
   -55.670     0.025
   -55.670     0.025
   -55.670     0.025
   -55.670     0.025
   -55.670     0.025
   -55.570     0.022
   -55.570     0.022
   -55.570     0.022
   -55.570     0.022
   -55.470     0.015
   -55.470     0.015
   -55.470     0.015
   -55.470     0.015
   -55.470     0.015
   -55.470     0.015
   -55.370     0.009
   -55.370     0.009
   -55.370     0.009
   -55.370     0.009
   -55.370     0.009
   -55.270     0.007
   -55.270     0.007
   -55.270     0.007
   -55.270     0.007
   -55.170     0.008
   -55.170     0.008
   -55.170     0.008
   -55.170     0.008
   -55.170     0.008
   -55.170     0.008
   -55.070     0.009
   -55.070     0.008
   -55.070     0.009
   -55.070     0.009
   -54.970     0.008
   -54.970     0.008
   -54.970     0.008
   -54.970     0.008
   -54.970     0.008
   -54.970     0.008
   -54.870     0.009
   -54.870     0.009
   -54.870     0.009
   -54.870     0.009
   -54.870     0.009
   -54.770     0.013
   -54.770     0.013
   -54.770     0.013
   -54.770     0.014
   -54.670     0.022
   -54.670     0.022
   -54.670     0.022
   -54.670     0.022
   -54.670     0.022
   -54.670     0.022
   -54.570     0.026
   -54.570     0.026
   -54.570     0.026
   -54.570     0.026
   -54.470     0.026
   -54.470     0.026
   -54.470     0.026
   -54.470     0.026
   -54.470     0.026
   -54.470     0.026
   -54.370     0.025
   -54.370     0.025
   -54.370     0.025
   -54.370     0.025
   -54.370     0.025
   -54.270     0.023
   -54.270     0.023
   -54.270     0.023
   -54.270     0.023
   -54.170     0.015
   -54.170     0.015
   -54.170     0.015
   -54.170     0.015
   -54.170     0.015
   -54.170     0.015
   -54.070     0.010
   -54.070     0.010
   -54.070     0.010
   -54.070     0.009
   -53.970     0.009
   -53.970     0.008
   -53.970     0.008
   -53.970     0.008
   -53.970     0.008
   -53.970     0.008
   -53.870     0.009
   -53.870     0.009
   -53.870     0.009
   -53.870     0.009
   -53.770     0.008
   -53.770     0.008
   -53.770     0.008
   -53.770     0.008
   -53.770     0.008
   -53.670     0.008
   -53.670     0.008
   -53.670     0.008
   -53.670     0.008
   -53.670     0.008
   -53.670     0.008
   -53.570     0.011
   -53.570     0.011
   -53.570     0.011
   -53.570     0.011
   -53.470     0.019
   -53.470     0.019
   -53.470     0.019
   -53.470     0.019
   -53.470     0.019
   -53.470     0.019
   -53.370     0.025
   -53.370     0.026
   -53.370     0.026
   -53.370     0.026
   -53.370     0.026
   -53.270     0.027
   -53.270     0.027
   -53.270     0.027
   -53.270     0.027
   -53.170     0.024
   -53.170     0.024
   -53.170     0.024
   -53.170     0.024
   -53.170     0.024
   -53.170     0.024
   -53.070     0.017
   -53.070     0.017
   -53.070     0.017
   -53.070     0.017
   -52.970     0.010
   -52.970     0.010
   -52.970     0.010
   -52.970     0.010
   -52.970     0.010
   -52.970     0.010
   -52.870     0.009
   -52.870     0.009
   -52.870     0.009
   -52.870     0.009
   -52.870     0.009
   -52.770     0.012
   -52.770     0.012
   -52.770     0.012
   -52.770     0.012
   -52.670     0.021
   -52.670     0.021
   -52.670     0.021
   -52.670     0.021
   -52.670     0.021
   -52.670     0.021
   -52.570     0.026
   -52.570     0.026
   -52.570     0.026
   -52.570     0.026
   -52.470     0.027
   -52.470     0.027
   -52.470     0.027
   -52.470     0.027
   -52.470     0.027
   -52.470     0.027
   -52.370     0.028
   -52.370     0.028
   -52.370     0.028
   -52.370     0.028
   -52.270     0.028
   -52.270     0.028
   -52.270     0.028
   -52.270     0.028
   -52.270     0.028
   -52.170     0.026
   -52.170     0.026
   -52.170     0.026
   -52.170     0.026
   -52.170     0.026
   -52.170     0.026
   -52.070     0.017
   -52.070     0.017
   -52.070     0.017
   -52.070     0.017
   -51.970     0.010
   -51.970     0.010
   -51.970     0.010
   -51.970     0.010
   -51.970     0.010
   -51.970     0.010
   -51.870     0.008
   -51.870     0.008
   -51.870     0.008
   -51.870     0.008
   -51.870     0.008
   -51.770     0.010
   -51.770     0.010
   -51.770     0.010
   -51.770     0.010
   -51.670     0.012
   -51.670     0.012
   -51.670     0.012
   -51.670     0.012
   -51.670     0.012
   -51.670     0.012
   -51.570     0.022
   -51.570     0.022
   -51.570     0.022
   -51.570     0.022
   -51.470     0.026
   -51.470     0.026
   -51.470     0.026
   -51.470     0.027
   -51.470     0.027
   -51.470     0.027
   -51.370     0.027
   -51.370     0.027
   -51.370     0.027
   -51.370     0.027
   -51.370     0.027
   -51.270     0.023
   -51.270     0.023
   -51.270     0.023
   -51.270     0.023
   -51.170     0.013
   -51.170     0.013
   -51.170     0.013
   -51.170     0.013
   -51.170     0.013
   -51.170     0.013
   -51.070     0.009
   -51.070     0.009
   -51.070     0.009
   -51.070     0.009
   -50.970     0.010
   -50.970     0.010
   -50.970     0.010
   -50.970     0.010
   -50.970     0.010
   -50.970     0.010
   -50.870     0.010
   -50.870     0.010
   -50.870     0.010
   -50.870     0.010
   -50.870     0.010
   -50.769     0.011
   -50.769     0.011
   -50.769     0.011
   -50.769     0.011
   -50.670     0.012
   -50.670     0.012
   -50.670     0.012
   -50.670     0.012
   -50.670     0.012
   -50.670     0.012
   -50.570     0.013
   -50.570     0.013
   -50.570     0.013
   -50.570     0.013
   -50.470     0.019
   -50.470     0.019
   -50.470     0.019
   -50.470     0.020
   -50.470     0.020
   -50.470     0.020
   -50.370     0.027
   -50.370     0.027
   -50.370     0.027
   -50.370     0.027
   -50.370     0.027
   -50.269     0.028
   -50.269     0.028
   -50.269     0.028
   -50.269     0.028
   -50.170     0.026
   -50.170     0.026
   -50.170     0.026
   -50.170     0.026
   -50.170     0.026
   -50.170     0.025
   -50.070     0.020
   -50.070     0.020
   -50.070     0.020
   -50.070     0.020
   -49.970     0.011
   -49.970     0.011
   -49.970     0.011
   -49.970     0.011
   -49.970     0.011
   -49.970     0.011
   -49.870     0.010
   -49.870     0.009
   -49.870     0.009
   -49.870     0.009
   -49.870     0.009
   -49.770     0.010
   -49.770     0.010
   -49.770     0.010
   -49.770     0.010
   -49.670     0.009
   -49.670     0.009
   -49.670     0.009
   -49.670     0.009
   -49.670     0.009
   -49.670     0.009
   -49.570     0.009
   -49.570     0.009
   -49.570     0.009
   -49.570     0.009
   -49.470     0.009
   -49.470     0.009
   -49.470     0.009
   -49.470     0.009
   -49.470     0.009
   -49.470     0.009
   -49.370     0.009
   -49.370     0.009
   -49.370     0.009
   -49.370     0.009
   -49.270     0.011
   -49.270     0.011
   -49.270     0.011
   -49.270     0.011
   -49.270     0.011
   -49.170     0.016
   -49.170     0.016
   -49.170     0.016
   -49.170     0.016
   -49.170     0.016
   -49.170     0.016
   -49.070     0.025
   -49.070     0.025
   -49.070     0.025
   -49.070     0.025
   -48.969     0.028
   -48.969     0.028
   -48.969     0.028
   -48.969     0.028
   -48.969     0.028
   -48.969     0.028
   -48.870     0.027
   -48.870     0.027
   -48.870     0.027
   -48.870     0.027
   -48.870     0.027
   -48.770     0.026
   -48.770     0.026
   -48.770     0.026
   -48.770     0.026
   -48.670     0.024
   -48.670     0.024
   -48.670     0.024
   -48.670     0.024
   -48.670     0.024
   -48.670     0.024
   -48.570     0.013
   -48.570     0.013
   -48.570     0.013
   -48.570     0.013
   -48.469     0.009
   -48.469     0.009
   -48.469     0.009
   -48.469     0.009
   -48.469     0.009
   -48.469     0.009
   -48.370     0.011
   -48.370     0.011
   -48.370     0.011
   -48.370     0.011
   -48.370     0.011
   -48.270     0.014
   -48.270     0.014
   -48.270     0.014
   -48.270     0.014
   -48.170     0.024
   -48.170     0.024
   -48.170     0.024
   -48.170     0.024
   -48.170     0.024
   -48.170     0.024
   -48.070     0.028
   -48.070     0.028
   -48.070     0.028
   -48.070     0.028
   -47.969     0.027
   -47.969     0.027
   -47.969     0.027
   -47.969     0.027
   -47.969     0.027
   -47.969     0.027
   -47.870     0.027
   -47.870     0.027
   -47.870     0.027
   -47.870     0.027
   -47.870     0.027
   -47.770     0.022
   -47.770     0.022
   -47.770     0.022
   -47.770     0.022
   -47.670     0.011
   -47.670     0.011
   -47.670     0.011
   -47.670     0.011
   -47.670     0.011
   -47.670     0.011
   -47.570     0.010
   -47.570     0.010
   -47.570     0.010
   -47.570     0.010
   -47.470     0.010
   -47.470     0.010
   -47.470     0.010
   -47.470     0.010
   -47.470     0.010
   -47.470     0.010
   -47.370     0.011
   -47.370     0.011
   -47.370     0.011
   -47.370     0.011
   -47.370     0.011
   -47.270     0.013
   -47.270     0.013
   -47.270     0.013
   -47.270     0.013
   -47.170     0.015
   -47.170     0.015
   -47.170     0.015
   -47.170     0.015
   -47.170     0.015
   -47.170     0.015
   -47.070     0.020
   -47.070     0.020
   -47.070     0.020
   -47.070     0.020
   -46.970     0.026
   -46.970     0.026
   -46.970     0.026
   -46.970     0.026
   -46.970     0.026
   -46.970     0.026
   -46.870     0.028
   -46.870     0.028
   -46.870     0.028
   -46.870     0.028
   -46.770     0.028
   -46.770     0.028
   -46.770     0.028
   -46.770     0.028
   -46.770     0.028
   -46.670     0.027
   -46.670     0.027
   -46.670     0.027
   -46.670     0.027
   -46.670     0.027
   -46.670     0.027
   -46.570     0.022
   -46.570     0.022
   -46.570     0.022
   -46.570     0.022
   -46.470     0.010
   -46.470     0.010
   -46.470     0.010
   -46.470     0.010
   -46.470     0.010
   -46.470     0.010
   -46.370     0.010
   -46.370     0.010
   -46.370     0.009
   -46.370     0.009
   -46.270     0.010
   -46.270     0.010
   -46.270     0.010
   -46.270     0.010
   -46.270     0.010
   -46.169     0.010
   -46.169     0.010
   -46.169     0.010
   -46.169     0.010
   -46.169     0.010
   -46.169     0.010
   -46.070     0.009
   -46.070     0.009
   -46.070     0.009
   -46.070     0.009
   -45.970     0.011
   -45.970     0.011
   -45.970     0.011
   -45.970     0.010
   -45.970     0.010
   -45.970     0.010
   -45.870     0.011
   -45.870     0.011
   -45.870     0.011
   -45.870     0.011
   -45.870     0.011
   -45.770     0.013
   -45.770     0.013
   -45.770     0.013
   -45.770     0.013
   -45.669     0.022
   -45.669     0.022
   -45.669     0.022
   -45.669     0.022
   -45.669     0.022
   -45.669     0.022
   -45.570     0.028
   -45.570     0.028
   -45.570     0.028
   -45.570     0.028
   -45.470     0.027
   -45.470     0.027
   -45.470     0.027
   -45.470     0.027
   -45.470     0.027
   -45.470     0.027
   -45.370     0.022
   -45.370     0.022
   -45.370     0.022
   -45.370     0.022
   -45.370     0.022
   -45.270     0.011
   -45.270     0.011
   -45.270     0.011
   -45.270     0.011
   -45.170     0.009
   -45.170     0.009
   -45.170     0.009
   -45.170     0.009
   -45.170     0.009
   -45.170     0.009
   -45.070     0.011
   -45.070     0.011
   -45.070     0.011
   -45.070     0.011
   -44.970     0.012
   -44.970     0.012
   -44.970     0.012
   -44.970     0.012
   -44.970     0.012
   -44.970     0.012
   -44.870     0.016
   -44.870     0.016
   -44.870     0.016
   -44.870     0.016
   -44.870     0.016
   -44.770     0.024
   -44.770     0.024
   -44.770     0.024
   -44.770     0.024
   -44.670     0.029
   -44.670     0.029
   -44.670     0.029
   -44.670     0.030
   -44.670     0.030
   -44.670     0.030
   -44.570     0.027
   -44.570     0.027
   -44.570     0.027
   -44.570     0.027
   -44.470     0.023
   -44.470     0.023
   -44.470     0.023
   -44.470     0.023
   -44.470     0.023
   -44.470     0.023
   -44.369     0.013
   -44.369     0.013
   -44.369     0.013
   -44.369     0.013
   -44.270     0.010
   -44.270     0.010
   -44.270     0.010
   -44.270     0.010
   -44.270     0.010
   -44.170     0.010
   -44.170     0.010
   -44.170     0.010
   -44.170     0.010
   -44.170     0.010
   -44.170     0.010
   -44.070     0.012
   -44.070     0.012
   -44.070     0.012
   -44.070     0.012
   -43.970     0.016
   -43.970     0.016
   -43.970     0.016
   -43.970     0.016
   -43.970     0.016
   -43.970     0.016
   -43.869     0.026
   -43.869     0.026
   -43.869     0.026
   -43.869     0.026
   -43.770     0.029
   -43.770     0.029
   -43.770     0.029
   -43.770     0.029
   -43.770     0.029
   -43.670     0.030
   -43.670     0.030
   -43.670     0.030
   -43.670     0.030
   -43.670     0.030
   -43.670     0.030
   -43.570     0.027
   -43.570     0.027
   -43.570     0.027
   -43.570     0.027
   -43.470     0.021
   -43.470     0.021
   -43.470     0.021
   -43.470     0.021
   -43.470     0.021
   -43.470     0.021
   -43.370     0.011
   -43.370     0.011
   -43.370     0.011
   -43.370     0.011
   -43.370     0.011
   -43.270     0.009
   -43.270     0.009
   -43.270     0.009
   -43.270     0.009
   -43.170     0.011
   -43.170     0.011
   -43.170     0.011
   -43.170     0.011
   -43.170     0.011
   -43.170     0.011
   -43.070     0.016
   -43.070     0.016
   -43.070     0.016
   -43.070     0.016
   -42.970     0.025
   -42.970     0.025
   -42.970     0.025
   -42.970     0.025
   -42.970     0.025
   -42.970     0.025
   -42.870     0.029
   -42.870     0.029
   -42.870     0.029
   -42.870     0.029
   -42.870     0.029
   -42.770     0.028
   -42.770     0.028
   -42.770     0.028
   -42.770     0.028
   -42.670     0.024
   -42.670     0.024
   -42.670     0.024
   -42.670     0.024
   -42.670     0.024
   -42.670     0.024
   -42.569     0.013
   -42.569     0.013
   -42.569     0.013
   -42.569     0.013
   -42.470     0.010
   -42.470     0.010
   -42.470     0.010
   -42.470     0.010
   -42.470     0.010
   -42.470     0.010
   -42.370     0.011
   -42.370     0.011
   -42.370     0.011
   -42.370     0.011
   -42.370     0.011
   -42.270     0.011
   -42.270     0.011
   -42.270     0.011
   -42.270     0.011
   -42.170     0.012
   -42.170     0.012
   -42.170     0.012
   -42.170     0.012
   -42.170     0.012
   -42.170     0.012
   -42.069     0.015
   -42.069     0.015
   -42.069     0.015
   -42.069     0.015
   -41.970     0.021
   -41.970     0.021
   -41.970     0.021
   -41.970     0.021
   -41.970     0.021
   -41.970     0.021
   -41.870     0.028
   -41.870     0.028
   -41.870     0.028
   -41.870     0.028
   -41.870     0.028
   -41.770     0.029
   -41.770     0.029
   -41.770     0.029
   -41.770     0.029
   -41.670     0.028
   -41.670     0.028
   -41.670     0.028
   -41.670     0.028
   -41.670     0.028
   -41.670     0.028
   -41.569     0.023
   -41.569     0.023
   -41.569     0.023
   -41.569     0.023
   -41.470     0.012
   -41.470     0.012
   -41.470     0.012
   -41.470     0.012
   -41.470     0.012
   -41.470     0.012
   -41.370     0.010
   -41.370     0.010
   -41.370     0.010
   -41.370     0.010
   -41.270     0.012
   -41.270     0.012
   -41.270     0.012
   -41.270     0.012
   -41.270     0.012
   -41.170     0.013
   -41.170     0.013
   -41.170     0.013
   -41.170     0.013
   -41.170     0.013
   -41.170     0.013
   -41.070     0.016
   -41.070     0.016
   -41.070     0.016
   -41.070     0.016
   -40.970     0.024
   -40.970     0.024
   -40.970     0.024
   -40.970     0.024
   -40.970     0.024
   -40.970     0.024
   -40.870     0.029
   -40.870     0.029
   -40.870     0.029
   -40.870     0.029
   -40.870     0.029
   -40.770     0.028
   -40.770     0.028
   -40.770     0.028
   -40.770     0.028
   -40.670     0.026
   -40.670     0.026
   -40.670     0.026
   -40.670     0.026
   -40.670     0.026
   -40.670     0.026
   -40.570     0.017
   -40.570     0.017
   -40.570     0.017
   -40.570     0.017
   -40.470     0.010
   -40.470     0.010
   -40.470     0.010
   -40.470     0.010
   -40.470     0.010
   -40.470     0.010
   -40.370     0.010
   -40.370     0.010
   -40.370     0.010
   -40.370     0.010
   -40.370     0.010
   -40.270     0.011
   -40.270     0.011
   -40.270     0.011
   -40.270     0.011
   -40.170     0.014
   -40.170     0.014
   -40.170     0.014
   -40.170     0.014
   -40.170     0.014
   -40.170     0.014
   -40.070     0.020
   -40.070     0.020
   -40.070     0.020
   -40.070     0.020
   -39.970     0.028
   -39.970     0.028
   -39.970     0.028
   -39.970     0.028
   -39.970     0.028
   -39.970     0.028
   -39.870     0.028
   -39.870     0.028
   -39.870     0.028
   -39.870     0.028
   -39.870     0.028
   -39.770     0.024
   -39.770     0.024
   -39.770     0.024
   -39.770     0.024
   -39.670     0.016
   -39.670     0.016
   -39.670     0.016
   -39.670     0.016
   -39.670     0.016
   -39.670     0.016
   -39.570     0.011
   -39.570     0.011
   -39.570     0.011
   -39.570     0.011
   -39.470     0.011
   -39.470     0.011
   -39.470     0.011
   -39.470     0.011
   -39.470     0.011
   -39.470     0.011
   -39.370     0.014
   -39.370     0.014
   -39.370     0.014
   -39.370     0.014
   -39.370     0.014
   -39.270     0.019
   -39.270     0.019
   -39.270     0.019
   -39.270     0.019
   -39.170     0.027
   -39.170     0.027
   -39.170     0.028
   -39.170     0.028
   -39.170     0.028
   -39.170     0.028
   -39.070     0.031
   -39.070     0.031
   -39.070     0.031
   -39.070     0.031
   -38.970     0.031
   -38.970     0.031
   -38.970     0.031
   -38.970     0.031
   -38.970     0.031
   -38.970     0.031
   -38.870     0.026
   -38.870     0.026
   -38.870     0.026
   -38.870     0.026
   -38.770     0.016
   -38.770     0.016
   -38.770     0.016
   -38.770     0.016
   -38.770     0.016
   -38.670     0.011
   -38.670     0.011
   -38.670     0.011
   -38.670     0.011
   -38.670     0.010
   -38.670     0.010
   -38.570     0.011
   -38.570     0.011
   -38.570     0.011
   -38.570     0.011
   -38.470     0.012
   -38.470     0.012
   -38.470     0.012
   -38.470     0.012
   -38.470     0.012
   -38.470     0.012
   -38.370     0.012
   -38.370     0.012
   -38.370     0.012
   -38.370     0.012
   -38.370     0.012
   -38.270     0.013
   -38.270     0.013
   -38.270     0.013
   -38.270     0.013
   -38.170     0.015
   -38.170     0.015
   -38.170     0.015
   -38.170     0.015
   -38.170     0.015
   -38.170     0.015
   -38.070     0.021
   -38.070     0.021
   -38.070     0.021
   -38.070     0.021
   -37.970     0.029
   -37.970     0.029
   -37.970     0.029
   -37.970     0.029
   -37.970     0.029
   -37.970     0.029
   -37.870     0.030
   -37.870     0.030
   -37.870     0.030
   -37.870     0.030
   -37.770     0.029
   -37.770     0.029
   -37.770     0.029
   -37.770     0.029
   -37.770     0.029
   -37.670     0.026
   -37.670     0.026
   -37.670     0.026
   -37.670     0.026
   -37.670     0.026
   -37.670     0.026
   -37.570     0.018
   -37.570     0.018
   -37.570     0.018
   -37.570     0.018
   -37.470     0.011
   -37.470     0.011
   -37.470     0.011
   -37.470     0.011
   -37.470     0.011
   -37.470     0.011
   -37.370     0.011
   -37.370     0.011
   -37.370     0.011
   -37.370     0.011
   -37.370     0.011
   -37.270     0.013
   -37.270     0.013
   -37.270     0.013
   -37.270     0.013
   -37.170     0.014
   -37.170     0.014
   -37.170     0.014
   -37.170     0.014
   -37.170     0.014
   -37.170     0.014
   -37.070     0.015
   -37.070     0.015
   -37.070     0.016
   -37.070     0.016
   -36.970     0.019
   -36.970     0.019
   -36.970     0.019
   -36.970     0.019
   -36.970     0.019
   -36.970     0.019
   -36.870     0.024
   -36.870     0.024
   -36.870     0.024
   -36.870     0.024
   -36.870     0.024
   -36.770     0.030
   -36.770     0.030
   -36.770     0.030
   -36.770     0.030
   -36.670     0.031
   -36.670     0.031
   -36.670     0.031
   -36.670     0.031
   -36.670     0.031
   -36.670     0.031
   -36.570     0.031
   -36.570     0.031
   -36.570     0.031
   -36.570     0.031
   -36.470     0.030
   -36.470     0.030
   -36.470     0.030
   -36.470     0.030
   -36.470     0.030
   -36.470     0.030
   -36.370     0.028
   -36.370     0.028
   -36.370     0.028
   -36.370     0.028
   -36.270     0.022
   -36.270     0.022
   -36.270     0.022
   -36.270     0.022
   -36.270     0.022
   -36.170     0.014
   -36.170     0.014
   -36.170     0.014
   -36.170     0.014
   -36.170     0.014
   -36.170     0.014
   -36.070     0.012
   -36.070     0.012
   -36.070     0.012
   -36.070     0.012
   -35.970     0.015
   -35.970     0.015
   -35.970     0.015
   -35.970     0.015
   -35.970     0.015
   -35.970     0.015
   -35.870     0.022
   -35.870     0.022
   -35.870     0.022
   -35.870     0.022
   -35.870     0.022
   -35.770     0.029
   -35.770     0.029
   -35.770     0.030
   -35.770     0.030
   -35.670     0.031
   -35.670     0.031
   -35.670     0.031
   -35.670     0.031
   -35.670     0.031
   -35.670     0.031
   -35.570     0.031
   -35.570     0.031
   -35.570     0.031
   -35.570     0.031
   -35.470     0.028
   -35.470     0.028
   -35.470     0.028
   -35.470     0.028
   -35.470     0.028
   -35.470     0.028
   -35.370     0.021
   -35.370     0.021
   -35.370     0.021
   -35.370     0.021
   -35.370     0.021
   -35.270     0.015
   -35.270     0.015
   -35.270     0.015
   -35.270     0.014
   -35.170     0.013
   -35.170     0.013
   -35.170     0.013
   -35.170     0.013
   -35.170     0.013
   -35.170     0.013
   -35.070     0.016
   -35.070     0.016
   -35.070     0.016
   -35.070     0.016
   -34.970     0.023
   -34.970     0.023
   -34.970     0.023
   -34.970     0.023
   -34.970     0.023
   -34.970     0.023
   -34.870     0.030
   -34.870     0.031
   -34.870     0.031
   -34.870     0.031
   -34.770     0.033
   -34.770     0.033
   -34.770     0.033
   -34.770     0.033
   -34.770     0.033
   -34.670     0.033
   -34.670     0.033
   -34.670     0.033
   -34.670     0.033
   -34.670     0.033
   -34.670     0.033
   -34.570     0.032
   -34.570     0.032
   -34.570     0.032
   -34.570     0.032
   -34.470     0.028
   -34.470     0.028
   -34.470     0.028
   -34.470     0.028
   -34.470     0.028
   -34.470     0.028
   -34.370     0.020
   -34.370     0.020
   -34.370     0.020
   -34.370     0.020
   -34.370     0.020
   -34.270     0.013
   -34.270     0.013
   -34.270     0.013
   -34.270     0.013
   -34.170     0.013
   -34.170     0.013
   -34.170     0.013
   -34.170     0.013
   -34.170     0.013
   -34.170     0.013
   -34.070     0.015
   -34.070     0.015
   -34.070     0.015
   -34.070     0.015
   -33.970     0.017
   -33.970     0.017
   -33.970     0.017
   -33.970     0.017
   -33.970     0.017
   -33.970     0.017
   -33.870     0.020
   -33.870     0.020
   -33.870     0.020
   -33.870     0.020
   -33.770     0.026
   -33.770     0.026
   -33.770     0.026
   -33.770     0.026
   -33.770     0.026
   -33.670     0.031
   -33.670     0.031
   -33.670     0.031
   -33.670     0.031
   -33.670     0.031
   -33.670     0.031
   -33.570     0.032
   -33.570     0.032
   -33.570     0.032
   -33.570     0.032
   -33.470     0.032
   -33.470     0.032
   -33.470     0.032
   -33.470     0.032
   -33.470     0.032
   -33.470     0.032
   -33.370     0.029
   -33.370     0.029
   -33.370     0.029
   -33.370     0.029
   -33.370     0.029
   -33.270     0.021
   -33.270     0.021
   -33.270     0.021
   -33.270     0.021
   -33.170     0.014
   -33.170     0.014
   -33.170     0.014
   -33.170     0.014
   -33.170     0.014
   -33.170     0.014
   -33.070     0.012
   -33.070     0.012
   -33.070     0.012
   -33.070     0.012
   -32.970     0.013
   -32.970     0.013
   -32.970     0.013
   -32.970     0.013
   -32.970     0.013
   -32.970     0.013
   -32.870     0.014
   -32.870     0.014
   -32.870     0.014
   -32.870     0.014
   -32.870     0.014
   -32.770     0.020
   -32.770     0.020
   -32.770     0.020
   -32.770     0.020
   -32.670     0.027
   -32.670     0.027
   -32.670     0.027
   -32.670     0.028
   -32.670     0.028
   -32.670     0.028
   -32.570     0.031
   -32.570     0.031
   -32.570     0.031
   -32.570     0.031
   -32.470     0.032
   -32.470     0.032
   -32.470     0.032
   -32.470     0.032
   -32.470     0.032
   -32.470     0.032
   -32.370     0.031
   -32.370     0.031
   -32.370     0.031
   -32.370     0.031
   -32.270     0.024
   -32.270     0.024
   -32.270     0.024
   -32.270     0.024
   -32.270     0.024
   -32.170     0.016
   -32.170     0.016
   -32.170     0.016
   -32.170     0.016
   -32.170     0.016
   -32.170     0.016
   -32.070     0.013
   -32.070     0.013
   -32.070     0.013
   -32.070     0.013
   -31.970     0.014
   -31.970     0.014
   -31.970     0.014
   -31.970     0.014
   -31.970     0.014
   -31.970     0.014
   -31.870     0.017
   -31.870     0.017
   -31.870     0.017
   -31.870     0.017
   -31.770     0.026
   -31.770     0.026
   -31.770     0.026
   -31.770     0.026
   -31.770     0.026
   -31.670     0.031
   -31.670     0.031
   -31.670     0.031
   -31.670     0.031
   -31.670     0.031
   -31.670     0.031
   -31.570     0.030
   -31.570     0.030
   -31.570     0.030
   -31.570     0.030
   -31.470     0.028
   -31.470     0.028
   -31.470     0.028
   -31.470     0.028
   -31.470     0.028
   -31.470     0.028
   -31.370     0.020
   -31.370     0.020
   -31.370     0.020
   -31.370     0.020
   -31.370     0.020
   -31.270     0.014
   -31.270     0.014
   -31.270     0.014
   -31.270     0.014
   -31.170     0.014
   -31.170     0.014
   -31.170     0.014
   -31.170     0.014
   -31.170     0.014
   -31.170     0.014
   -31.070     0.017
   -31.070     0.017
   -31.070     0.017
   -31.070     0.017
   -30.970     0.018
   -30.970     0.018
   -30.970     0.018
   -30.970     0.018
   -30.970     0.018
   -30.970     0.018
   -30.870     0.020
   -30.870     0.020
   -30.870     0.020
   -30.870     0.020
   -30.870     0.020
   -30.770     0.028
   -30.770     0.028
   -30.770     0.028
   -30.770     0.029
   -30.670     0.033
   -30.670     0.033
   -30.670     0.033
   -30.670     0.034
   -30.670     0.034
   -30.670     0.034
   -30.570     0.033
   -30.570     0.033
   -30.570     0.033
   -30.570     0.033
   -30.470     0.030
   -30.470     0.030
   -30.470     0.030
   -30.470     0.030
   -30.470     0.030
   -30.470     0.030
   -30.370     0.020
   -30.370     0.020
   -30.370     0.020
   -30.370     0.020
   -30.370     0.020
   -30.270     0.014
   -30.270     0.014
   -30.270     0.014
   -30.270     0.014
   -30.170     0.013
   -30.170     0.013
   -30.170     0.013
   -30.170     0.013
   -30.170     0.013
   -30.170     0.013
   -30.070     0.014
   -30.070     0.014
   -30.070     0.014
   -30.070     0.014
   -29.970     0.016
   -29.970     0.016
   -29.970     0.016
   -29.970     0.016
   -29.970     0.016
   -29.970     0.016
   -29.870     0.019
   -29.870     0.019
   -29.870     0.019
   -29.870     0.019
   -29.870     0.019
   -29.770     0.027
   -29.770     0.027
   -29.770     0.027
   -29.770     0.027
   -29.670     0.032
   -29.670     0.032
   -29.670     0.032
   -29.670     0.032
   -29.670     0.032
   -29.670     0.032
   -29.570     0.032
   -29.570     0.032
   -29.570     0.032
   -29.570     0.032
   -29.470     0.026
   -29.470     0.026
   -29.470     0.026
   -29.470     0.026
   -29.470     0.026
   -29.470     0.026
   -29.370     0.019
   -29.370     0.019
   -29.370     0.019
   -29.370     0.019
   -29.270     0.015
   -29.270     0.015
   -29.270     0.015
   -29.270     0.015
   -29.270     0.015
   -29.170     0.015
   -29.170     0.015
   -29.170     0.015
   -29.170     0.015
   -29.170     0.015
   -29.170     0.015
   -29.070     0.015
   -29.070     0.015
   -29.070     0.015
   -29.070     0.015
   -28.970     0.015
   -28.970     0.015
   -28.970     0.015
   -28.970     0.015
   -28.970     0.015
   -28.970     0.015
   -28.870     0.014
   -28.870     0.014
   -28.870     0.014
   -28.870     0.014
   -28.770     0.015
   -28.770     0.015
   -28.770     0.014
   -28.770     0.014
   -28.770     0.014
   -28.670     0.017
   -28.670     0.017
   -28.670     0.017
   -28.670     0.017
   -28.670     0.017
   -28.670     0.017
   -28.570     0.024
   -28.570     0.024
   -28.570     0.024
   -28.570     0.024
   -28.470     0.031
   -28.470     0.031
   -28.470     0.031
   -28.470     0.031
   -28.470     0.032
   -28.470     0.032
   -28.370     0.034
   -28.370     0.034
   -28.370     0.034
   -28.370     0.034
   -28.370     0.034
   -28.270     0.035
   -28.270     0.035
   -28.270     0.035
   -28.270     0.035
   -28.170     0.034
   -28.170     0.034
   -28.170     0.034
   -28.170     0.034
   -28.170     0.034
   -28.170     0.034
   -28.070     0.033
   -28.070     0.033
   -28.070     0.033
   -28.070     0.033
   -27.970     0.029
   -27.970     0.029
   -27.970     0.029
   -27.970     0.029
   -27.970     0.029
   -27.970     0.029
   -27.870     0.020
   -27.870     0.020
   -27.870     0.019
   -27.870     0.019
   -27.870     0.019
   -27.770     0.016
   -27.770     0.016
   -27.770     0.016
   -27.770     0.016
   -27.670     0.016
   -27.670     0.016
   -27.670     0.016
   -27.670     0.016
   -27.670     0.016
   -27.670     0.016
   -27.570     0.015
   -27.570     0.015
   -27.570     0.015
   -27.570     0.015
   -27.470     0.015
   -27.470     0.015
   -27.470     0.015
   -27.470     0.015
   -27.470     0.015
   -27.470     0.015
   -27.370     0.018
   -27.370     0.018
   -27.370     0.018
   -27.370     0.018
   -27.370     0.018
   -27.270     0.025
   -27.270     0.025
   -27.270     0.025
   -27.270     0.025
   -27.170     0.033
   -27.170     0.033
   -27.170     0.033
   -27.170     0.033
   -27.170     0.033
   -27.170     0.033
   -27.070     0.035
   -27.070     0.035
   -27.070     0.036
   -27.070     0.036
   -26.970     0.035
   -26.970     0.035
   -26.970     0.035
   -26.970     0.035
   -26.970     0.035
   -26.970     0.035
   -26.870     0.033
   -26.870     0.033
   -26.870     0.033
   -26.870     0.033
   -26.870     0.033
   -26.770     0.025
   -26.770     0.025
   -26.770     0.025
   -26.770     0.025
   -26.670     0.018
   -26.670     0.018
   -26.670     0.018
   -26.670     0.018
   -26.670     0.018
   -26.670     0.018
   -26.570     0.017
   -26.570     0.017
   -26.570     0.017
   -26.570     0.017
   -26.470     0.019
   -26.470     0.019
   -26.470     0.019
   -26.470     0.019
   -26.470     0.019
   -26.470     0.019
   -26.370     0.026
   -26.370     0.026
   -26.370     0.026
   -26.370     0.026
   -26.270     0.034
   -26.270     0.035
   -26.270     0.035
   -26.270     0.035
   -26.270     0.035
   -26.170     0.036
   -26.170     0.036
   -26.170     0.036
   -26.170     0.036
   -26.170     0.036
   -26.170     0.036
   -26.070     0.035
   -26.070     0.035
   -26.070     0.035
   -26.070     0.035
   -25.970     0.034
   -25.970     0.034
   -25.970     0.034
   -25.970     0.034
   -25.970     0.034
   -25.970     0.034
   -25.870     0.028
   -25.870     0.028
   -25.870     0.028
   -25.870     0.028
   -25.870     0.028
   -25.770     0.019
   -25.770     0.019
   -25.770     0.019
   -25.770     0.019
   -25.670     0.017
   -25.670     0.017
   -25.670     0.017
   -25.670     0.017
   -25.670     0.017
   -25.670     0.017
   -25.570     0.018
   -25.570     0.018
   -25.570     0.018
   -25.570     0.018
   -25.470     0.021
   -25.470     0.021
   -25.470     0.021
   -25.470     0.021
   -25.470     0.021
   -25.470     0.021
   -25.370     0.030
   -25.370     0.030
   -25.370     0.030
   -25.370     0.030
   -25.370     0.030
   -25.269     0.035
   -25.269     0.035
   -25.269     0.035
   -25.269     0.035
   -25.170     0.036
   -25.170     0.036
   -25.170     0.036
   -25.170     0.036
   -25.170     0.036
   -25.170     0.036
   -25.070     0.036
   -25.070     0.036
   -25.070     0.036
   -25.070     0.036
   -24.970     0.034
   -24.970     0.034
   -24.970     0.034
   -24.970     0.034
   -24.970     0.034
   -24.970     0.034
   -24.870     0.028
   -24.870     0.028
   -24.870     0.028
   -24.870     0.028
   -24.870     0.028
   -24.769     0.019
   -24.769     0.019
   -24.769     0.019
   -24.769     0.019
   -24.670     0.017
   -24.670     0.017
   -24.670     0.017
   -24.670     0.017
   -24.670     0.017
   -24.670     0.017
   -24.570     0.017
   -24.570     0.017
   -24.570     0.017
   -24.570     0.017
   -24.470     0.019
   -24.470     0.019
   -24.470     0.019
   -24.470     0.019
   -24.470     0.019
   -24.470     0.019
   -24.370     0.024
   -24.370     0.024
   -24.370     0.024
   -24.370     0.024
   -24.270     0.033
   -24.270     0.033
   -24.270     0.033
   -24.270     0.033
   -24.270     0.033
   -24.170     0.036
   -24.170     0.036
   -24.170     0.036
   -24.170     0.036
   -24.170     0.036
   -24.170     0.036
   -24.070     0.036
   -24.070     0.036
   -24.070     0.036
   -24.070     0.036
   -23.970     0.036
   -23.970     0.036
   -23.970     0.036
   -23.970     0.036
   -23.970     0.036
   -23.970     0.036
   -23.870     0.035
   -23.870     0.035
   -23.870     0.035
   -23.870     0.035
   -23.870     0.035
   -23.770     0.034
   -23.770     0.034
   -23.770     0.034
   -23.770     0.034
   -23.670     0.028
   -23.670     0.028
   -23.670     0.028
   -23.670     0.028
   -23.670     0.028
   -23.670     0.028
   -23.570     0.020
   -23.570     0.020
   -23.570     0.020
   -23.570     0.020
   -23.469     0.017
   -23.469     0.017
   -23.469     0.017
   -23.469     0.017
   -23.469     0.017
   -23.469     0.017
   -23.370     0.017
   -23.370     0.017
   -23.370     0.017
   -23.370     0.017
   -23.370     0.017
   -23.270     0.018
   -23.270     0.018
   -23.270     0.018
   -23.270     0.018
   -23.170     0.019
   -23.170     0.019
   -23.170     0.019
   -23.170     0.019
   -23.170     0.019
   -23.170     0.019
   -23.070     0.019
   -23.070     0.019
   -23.070     0.019
   -23.070     0.019
   -22.969     0.026
   -22.969     0.026
   -22.969     0.026
   -22.969     0.026
   -22.969     0.026
   -22.969     0.026
   -22.870     0.034
   -22.870     0.034
   -22.870     0.034
   -22.870     0.034
   -22.870     0.035
   -22.770     0.037
   -22.770     0.037
   -22.770     0.037
   -22.770     0.037
   -22.670     0.035
   -22.670     0.035
   -22.670     0.035
   -22.670     0.035
   -22.670     0.035
   -22.670     0.035
   -22.570     0.029
   -22.570     0.029
   -22.570     0.029
   -22.570     0.029
   -22.469     0.017
   -22.469     0.017
   -22.469     0.017
   -22.469     0.017
   -22.469     0.017
   -22.469     0.017
   -22.370     0.017
   -22.370     0.017
   -22.370     0.017
   -22.370     0.017
   -22.370     0.017
   -22.270     0.023
   -22.270     0.023
   -22.270     0.023
   -22.270     0.023
   -22.170     0.037
   -22.170     0.037
   -22.170     0.037
   -22.170     0.037
   -22.170     0.037
   -22.170     0.037
   -22.070     0.037
   -22.070     0.037
   -22.070     0.037
   -22.070     0.037
   -21.970     0.034
   -21.970     0.034
   -21.970     0.034
   -21.970     0.034
   -21.970     0.034
   -21.970     0.034
   -21.870     0.024
   -21.870     0.024
   -21.870     0.024
   -21.870     0.024
   -21.870     0.024
   -21.770     0.017
   -21.770     0.017
   -21.770     0.017
   -21.770     0.017
   -21.670     0.016
   -21.670     0.016
   -21.670     0.016
   -21.670     0.016
   -21.670     0.016
   -21.670     0.016
   -21.570     0.018
   -21.570     0.018
   -21.570     0.018
   -21.570     0.018
   -21.470     0.019
   -21.470     0.019
   -21.470     0.019
   -21.470     0.019
   -21.470     0.019
   -21.470     0.019
   -21.370     0.025
   -21.370     0.025
   -21.370     0.025
   -21.370     0.025
   -21.270     0.034
   -21.270     0.034
   -21.270     0.034
   -21.270     0.034
   -21.270     0.034
   -21.170     0.037
   -21.170     0.037
   -21.170     0.037
   -21.170     0.037
   -21.170     0.037
   -21.170     0.037
   -21.070     0.035
   -21.070     0.035
   -21.070     0.035
   -21.070     0.035
   -20.970     0.032
   -20.970     0.032
   -20.970     0.032
   -20.970     0.032
   -20.970     0.032
   -20.970     0.032
   -20.870     0.021
   -20.870     0.021
   -20.870     0.021
   -20.870     0.021
   -20.870     0.021
   -20.770     0.017
   -20.770     0.017
   -20.770     0.017
   -20.770     0.017
   -20.669     0.020
   -20.669     0.020
   -20.669     0.020
   -20.669     0.020
   -20.669     0.020
   -20.669     0.020
   -20.570     0.027
   -20.570     0.027
   -20.570     0.027
   -20.570     0.027
   -20.470     0.037
   -20.470     0.037
   -20.470     0.037
   -20.470     0.037
   -20.470     0.037
   -20.470     0.037
   -20.370     0.038
   -20.370     0.038
   -20.370     0.038
   -20.370     0.038
   -20.370     0.038
   -20.270     0.039
   -20.270     0.039
   -20.270     0.039
   -20.270     0.039
   -20.270     0.039
   -20.169     0.036
   -20.169     0.036
   -20.169     0.036
   -20.169     0.036
   -20.169     0.036
   -20.070     0.033
   -20.070     0.033
   -20.070     0.033
   -20.070     0.033
   -19.970     0.021
   -19.970     0.021
   -19.970     0.021
   -19.970     0.021
   -19.970     0.021
   -19.970     0.021
   -19.870     0.019
   -19.870     0.019
   -19.870     0.019
   -19.870     0.019
   -19.870     0.019
   -19.770     0.021
   -19.770     0.021
   -19.770     0.021
   -19.770     0.021
   -19.770     0.021
   -19.670     0.022
   -19.670     0.022
   -19.670     0.022
   -19.670     0.022
   -19.670     0.022
   -19.570     0.022
   -19.570     0.022
   -19.570     0.022
   -19.570     0.022
   -19.570     0.022
   -19.470     0.022
   -19.470     0.022
   -19.470     0.022
   -19.470     0.022
   -19.470     0.022
   -19.370     0.022
   -19.370     0.022
   -19.370     0.022
   -19.370     0.022
   -19.370     0.022
   -19.270     0.020
   -19.270     0.019
   -19.270     0.019
   -19.270     0.019
   -19.270     0.019
   -19.170     0.020
   -19.170     0.020
   -19.170     0.020
   -19.170     0.020
   -19.170     0.020
   -19.070     0.020
   -19.070     0.020
   -19.070     0.020
   -19.070     0.020
   -19.070     0.020
   -18.970     0.025
   -18.970     0.025
   -18.970     0.025
   -18.970     0.025
   -18.970     0.025
   -18.869     0.035
   -18.869     0.035
   -18.869     0.035
   -18.869     0.035
   -18.869     0.035
   -18.770     0.037
   -18.770     0.037
   -18.770     0.037
   -18.770     0.037
   -18.770     0.037
   -18.670     0.038
   -18.670     0.038
   -18.670     0.038
   -18.670     0.038
   -18.670     0.038
   -18.570     0.036
   -18.570     0.036
   -18.570     0.036
   -18.570     0.036
   -18.570     0.036
   -18.470     0.029
   -18.470     0.029
   -18.470     0.029
   -18.470     0.029
   -18.470     0.029
   -18.369     0.020
   -18.369     0.020
   -18.369     0.020
   -18.369     0.020
   -18.369     0.020
   -18.270     0.021
   -18.270     0.021
   -18.270     0.021
   -18.270     0.021
   -18.270     0.021
   -18.170     0.020
   -18.170     0.020
   -18.170     0.020
   -18.170     0.020
   -18.170     0.020
   -18.070     0.021
   -18.070     0.021
   -18.070     0.021
   -18.070     0.021
   -18.070     0.021
   -17.970     0.023
   -17.970     0.023
   -17.970     0.023
   -17.970     0.023
   -17.970     0.023
   -17.870     0.024
   -17.870     0.024
   -17.870     0.024
   -17.870     0.024
   -17.870     0.024
   -17.770     0.028
   -17.770     0.028
   -17.770     0.028
   -17.770     0.028
   -17.770     0.028
   -17.670     0.036
   -17.670     0.036
   -17.670     0.036
   -17.670     0.036
   -17.670     0.036
   -17.570     0.039
   -17.570     0.039
   -17.570     0.039
   -17.570     0.039
   -17.570     0.039
   -17.470     0.040
   -17.470     0.040
   -17.470     0.040
   -17.470     0.040
   -17.470     0.040
   -17.370     0.038
   -17.370     0.038
   -17.370     0.038
   -17.370     0.038
   -17.370     0.038
   -17.270     0.033
   -17.270     0.033
   -17.270     0.033
   -17.270     0.033
   -17.270     0.033
   -17.170     0.024
   -17.170     0.024
   -17.170     0.024
   -17.170     0.024
   -17.170     0.024
   -17.069     0.020
   -17.069     0.020
   -17.069     0.020
   -17.069     0.019
   -17.069     0.019
   -16.970     0.021
   -16.970     0.021
   -16.970     0.021
   -16.970     0.021
   -16.970     0.021
   -16.870     0.026
   -16.870     0.026
   -16.870     0.026
   -16.870     0.027
   -16.870     0.027
   -16.770     0.037
   -16.770     0.037
   -16.770     0.037
   -16.770     0.037
   -16.770     0.037
   -16.670     0.039
   -16.670     0.039
   -16.670     0.039
   -16.670     0.039
   -16.670     0.039
   -16.569     0.039
   -16.569     0.039
   -16.569     0.039
   -16.569     0.039
   -16.569     0.039
   -16.470     0.037
   -16.470     0.037
   -16.470     0.037
   -16.470     0.037
   -16.470     0.037
   -16.370     0.031
   -16.370     0.031
   -16.370     0.031
   -16.370     0.031
   -16.370     0.031
   -16.270     0.022
   -16.270     0.022
   -16.270     0.022
   -16.270     0.022
   -16.270     0.022
   -16.170     0.020
   -16.170     0.020
   -16.170     0.020
   -16.170     0.020
   -16.170     0.020
   -16.069     0.023
   -16.069     0.023
   -16.069     0.023
   -16.069     0.023
   -16.069     0.023
   -15.970     0.029
   -15.970     0.029
   -15.970     0.029
   -15.970     0.029
   -15.970     0.029
   -15.870     0.037
   -15.870     0.037
   -15.870     0.037
   -15.870     0.037
   -15.870     0.037
   -15.770     0.040
   -15.770     0.040
   -15.770     0.040
   -15.770     0.040
   -15.770     0.040
   -15.670     0.041
   -15.670     0.041
   -15.670     0.041
   -15.670     0.041
   -15.670     0.041
   -15.570     0.037
   -15.570     0.037
   -15.570     0.037
   -15.570     0.037
   -15.570     0.037
   -15.470     0.031
   -15.470     0.031
   -15.470     0.031
   -15.470     0.031
   -15.470     0.031
   -15.370     0.023
   -15.370     0.023
   -15.370     0.023
   -15.370     0.023
   -15.370     0.023
   -15.270     0.021
   -15.270     0.021
   -15.270     0.021
   -15.270     0.021
   -15.270     0.021
   -15.170     0.023
   -15.170     0.023
   -15.170     0.023
   -15.170     0.023
   -15.170     0.023
   -15.070     0.029
   -15.070     0.029
   -15.070     0.029
   -15.070     0.029
   -15.070     0.029
   -14.970     0.038
   -14.970     0.038
   -14.970     0.038
   -14.970     0.038
   -14.970     0.038
   -14.870     0.041
   -14.870     0.041
   -14.870     0.041
   -14.870     0.041
   -14.870     0.041
   -14.770     0.038
   -14.770     0.038
   -14.770     0.038
   -14.770     0.038
   -14.770     0.038
   -14.670     0.032
   -14.670     0.032
   -14.670     0.032
   -14.670     0.032
   -14.670     0.032
   -14.570     0.023
   -14.570     0.023
   -14.570     0.023
   -14.570     0.023
   -14.570     0.023
   -14.470     0.021
   -14.470     0.021
   -14.470     0.021
   -14.470     0.021
   -14.470     0.021
   -14.370     0.022
   -14.370     0.022
   -14.370     0.022
   -14.370     0.022
   -14.370     0.022
   -14.270     0.023
   -14.270     0.023
   -14.270     0.023
   -14.270     0.023
   -14.270     0.023
   -14.170     0.026
   -14.170     0.026
   -14.170     0.026
   -14.170     0.026
   -14.170     0.026
   -14.070     0.031
   -14.070     0.031
   -14.070     0.031
   -14.070     0.031
   -14.070     0.031
   -13.970     0.039
   -13.970     0.039
   -13.970     0.039
   -13.970     0.039
   -13.970     0.039
   -13.870     0.039
   -13.870     0.039
   -13.870     0.040
   -13.870     0.040
   -13.870     0.040
   -13.770     0.038
   -13.770     0.038
   -13.770     0.038
   -13.770     0.038
   -13.770     0.038
   -13.670     0.034
   -13.670     0.034
   -13.670     0.034
   -13.670     0.034
   -13.670     0.034
   -13.570     0.025
   -13.570     0.025
   -13.570     0.025
   -13.570     0.025
   -13.570     0.025
   -13.470     0.023
   -13.470     0.023
   -13.470     0.023
   -13.470     0.023
   -13.470     0.023
   -13.370     0.024
   -13.370     0.024
   -13.370     0.024
   -13.370     0.024
   -13.370     0.024
   -13.270     0.024
   -13.270     0.024
   -13.270     0.024
   -13.270     0.024
   -13.270     0.024
   -13.170     0.024
   -13.170     0.024
   -13.170     0.024
   -13.170     0.024
   -13.170     0.024
   -13.070     0.026
   -13.070     0.026
   -13.070     0.026
   -13.070     0.026
   -13.070     0.026
   -12.970     0.032
   -12.970     0.032
   -12.970     0.032
   -12.970     0.032
   -12.970     0.032
   -12.870     0.042
   -12.870     0.042
   -12.870     0.042
   -12.870     0.042
   -12.870     0.042
   -12.770     0.044
   -12.770     0.044
   -12.770     0.044
   -12.770     0.044
   -12.770     0.044
   -12.670     0.044
   -12.670     0.044
   -12.670     0.044
   -12.670     0.044
   -12.670     0.044
   -12.570     0.039
   -12.570     0.039
   -12.570     0.039
   -12.570     0.039
   -12.570     0.039
   -12.470     0.030
   -12.470     0.030
   -12.470     0.030
   -12.470     0.030
   -12.470     0.030
   -12.370     0.025
   -12.370     0.025
   -12.370     0.025
   -12.370     0.025
   -12.370     0.025
   -12.270     0.025
   -12.270     0.025
   -12.270     0.025
   -12.270     0.025
   -12.270     0.025
   -12.170     0.025
   -12.170     0.025
   -12.170     0.025
   -12.170     0.025
   -12.170     0.025
   -12.070     0.025
   -12.070     0.025
   -12.070     0.025
   -12.070     0.025
   -12.070     0.025
   -11.970     0.025
   -11.970     0.025
   -11.970     0.025
   -11.970     0.025
   -11.970     0.025
   -11.870     0.029
   -11.870     0.029
   -11.870     0.029
   -11.870     0.029
   -11.870     0.029
   -11.770     0.036
   -11.770     0.036
   -11.770     0.036
   -11.770     0.036
   -11.770     0.037
   -11.670     0.043
   -11.670     0.043
   -11.670     0.043
   -11.670     0.043
   -11.670     0.043
   -11.570     0.043
   -11.570     0.043
   -11.570     0.043
   -11.570     0.043
   -11.570     0.043
   -11.470     0.044
   -11.470     0.044
   -11.470     0.044
   -11.470     0.044
   -11.470     0.044
   -11.370     0.044
   -11.370     0.044
   -11.370     0.044
   -11.370     0.044
   -11.370     0.044
   -11.270     0.045
   -11.270     0.045
   -11.270     0.045
   -11.270     0.045
   -11.270     0.045
   -11.170     0.043
   -11.170     0.043
   -11.170     0.043
   -11.170     0.043
   -11.170     0.043
   -11.070     0.035
   -11.070     0.035
   -11.070     0.035
   -11.070     0.035
   -11.070     0.035
   -10.970     0.026
   -10.970     0.026
   -10.970     0.026
   -10.970     0.026
   -10.970     0.026
   -10.870     0.025
   -10.870     0.025
   -10.870     0.025
   -10.870     0.025
   -10.870     0.025
   -10.770     0.027
   -10.770     0.027
   -10.770     0.027
   -10.770     0.027
   -10.770     0.027
   -10.670     0.031
   -10.670     0.031
   -10.670     0.031
   -10.670     0.031
   -10.670     0.031
   -10.570     0.040
   -10.570     0.040
   -10.570     0.040
   -10.570     0.040
   -10.570     0.040
   -10.470     0.044
   -10.470     0.044
   -10.470     0.044
   -10.470     0.044
   -10.470     0.044
   -10.370     0.042
   -10.370     0.042
   -10.370     0.042
   -10.370     0.042
   -10.370     0.042
   -10.270     0.036
   -10.270     0.036
   -10.270     0.036
   -10.270     0.036
   -10.270     0.036
   -10.170     0.029
   -10.170     0.029
   -10.170     0.029
   -10.170     0.029
   -10.170     0.029
   -10.070     0.027
   -10.070     0.027
   -10.070     0.026
   -10.070     0.026
   -10.070     0.026
    -9.970     0.027
    -9.970     0.027
    -9.970     0.027
    -9.970     0.027
    -9.970     0.027
    -9.870     0.028
    -9.870     0.028
    -9.870     0.028
    -9.870     0.028
    -9.870     0.028
    -9.770     0.032
    -9.770     0.032
    -9.770     0.032
    -9.770     0.032
    -9.770     0.032
    -9.670     0.040
    -9.670     0.040
    -9.670     0.040
    -9.670     0.040
    -9.670     0.040
    -9.570     0.046
    -9.570     0.046
    -9.570     0.046
    -9.570     0.046
    -9.570     0.046
    -9.470     0.045
    -9.470     0.045
    -9.470     0.045
    -9.470     0.045
    -9.470     0.045
    -9.370     0.042
    -9.370     0.042
    -9.370     0.042
    -9.370     0.042
    -9.370     0.042
    -9.270     0.035
    -9.270     0.035
    -9.270     0.035
    -9.270     0.035
    -9.270     0.035
    -9.170     0.029
    -9.170     0.029
    -9.170     0.029
    -9.170     0.029
    -9.170     0.029
    -9.070     0.028
    -9.070     0.028
    -9.070     0.028
    -9.070     0.028
    -9.070     0.028
    -8.970     0.029
    -8.970     0.029
    -8.970     0.029
    -8.970     0.029
    -8.970     0.029
    -8.870     0.031
    -8.870     0.031
    -8.870     0.031
    -8.870     0.031
    -8.870     0.031
    -8.770     0.034
    -8.770     0.034
    -8.770     0.034
    -8.770     0.034
    -8.770     0.034
    -8.670     0.042
    -8.670     0.042
    -8.670     0.042
    -8.670     0.042
    -8.670     0.042
    -8.570     0.046
    -8.570     0.046
    -8.570     0.046
    -8.570     0.046
    -8.570     0.046
    -8.470     0.046
    -8.470     0.046
    -8.470     0.046
    -8.470     0.046
    -8.470     0.046
    -8.370     0.041
    -8.370     0.041
    -8.370     0.041
    -8.370     0.041
    -8.370     0.041
    -8.270     0.032
    -8.270     0.032
    -8.270     0.032
    -8.270     0.032
    -8.270     0.032
    -8.170     0.028
    -8.170     0.028
    -8.170     0.028
    -8.170     0.028
    -8.170     0.028
    -8.070     0.031
    -8.070     0.031
    -8.070     0.031
    -8.070     0.031
    -8.070     0.031
    -7.970     0.039
    -7.970     0.039
    -7.970     0.039
    -7.970     0.039
    -7.970     0.039
    -7.870     0.046
    -7.870     0.046
    -7.870     0.046
    -7.870     0.046
    -7.870     0.046
    -7.770     0.048
    -7.770     0.048
    -7.770     0.048
    -7.770     0.048
    -7.770     0.048
    -7.670     0.043
    -7.670     0.043
    -7.670     0.043
    -7.670     0.043
    -7.670     0.043
    -7.570     0.034
    -7.570     0.034
    -7.570     0.034
    -7.570     0.034
    -7.570     0.034
    -7.470     0.030
    -7.470     0.030
    -7.470     0.030
    -7.470     0.030
    -7.470     0.030
    -7.370     0.031
    -7.370     0.031
    -7.370     0.031
    -7.370     0.031
    -7.370     0.031
    -7.270     0.033
    -7.270     0.033
    -7.270     0.033
    -7.270     0.033
    -7.270     0.033
    -7.170     0.034
    -7.170     0.034
    -7.170     0.034
    -7.170     0.034
    -7.170     0.034
    -7.070     0.036
    -7.070     0.036
    -7.070     0.036
    -7.070     0.036
    -7.070     0.036
    -6.970     0.042
    -6.970     0.042
    -6.970     0.042
    -6.970     0.042
    -6.970     0.042
    -6.870     0.047
    -6.870     0.047
    -6.870     0.047
    -6.870     0.047
    -6.870     0.047
    -6.770     0.049
    -6.770     0.049
    -6.770     0.049
    -6.770     0.049
    -6.770     0.049
    -6.670     0.048
    -6.670     0.048
    -6.670     0.048
    -6.670     0.048
    -6.670     0.048
    -6.570     0.045
    -6.570     0.045
    -6.570     0.045
    -6.570     0.045
    -6.570     0.045
    -6.470     0.037
    -6.470     0.036
    -6.470     0.036
    -6.470     0.036
    -6.470     0.036
    -6.370     0.031
    -6.370     0.031
    -6.370     0.031
    -6.370     0.031
    -6.370     0.031
    -6.270     0.031
    -6.270     0.031
    -6.270     0.031
    -6.270     0.031
    -6.270     0.031
    -6.170     0.032
    -6.170     0.032
    -6.170     0.032
    -6.170     0.032
    -6.170     0.032
    -6.070     0.035
    -6.070     0.035
    -6.070     0.035
    -6.070     0.035
    -6.070     0.035
    -5.970     0.042
    -5.970     0.042
    -5.970     0.042
    -5.970     0.042
    -5.970     0.042
    -5.870     0.048
    -5.870     0.048
    -5.870     0.048
    -5.870     0.048
    -5.870     0.048
    -5.770     0.049
    -5.770     0.049
    -5.770     0.049
    -5.770     0.049
    -5.770     0.049
    -5.670     0.046
    -5.670     0.046
    -5.670     0.046
    -5.670     0.046
    -5.670     0.046
    -5.570     0.039
    -5.570     0.039
    -5.570     0.039
    -5.570     0.039
    -5.570     0.039
    -5.470     0.033
    -5.470     0.033
    -5.470     0.033
    -5.470     0.032
    -5.470     0.032
    -5.370     0.031
    -5.370     0.031
    -5.370     0.031
    -5.370     0.031
    -5.370     0.031
    -5.270     0.032
    -5.270     0.032
    -5.270     0.032
    -5.270     0.032
    -5.270     0.032
    -5.170     0.034
    -5.170     0.034
    -5.170     0.034
    -5.170     0.034
    -5.170     0.034
    -5.070     0.041
    -5.070     0.041
    -5.070     0.041
    -5.070     0.041
    -5.070     0.041
    -4.970     0.049
    -4.970     0.049
    -4.970     0.049
    -4.970     0.049
    -4.970     0.049
    -4.870     0.051
    -4.870     0.051
    -4.870     0.051
    -4.870     0.051
    -4.870     0.051
    -4.770     0.052
    -4.770     0.052
    -4.770     0.052
    -4.770     0.052
    -4.770     0.052
    -4.670     0.051
    -4.670     0.051
    -4.670     0.051
    -4.670     0.051
    -4.670     0.051
    -4.570     0.050
    -4.570     0.050
    -4.570     0.050
    -4.570     0.050
    -4.570     0.050
    -4.470     0.043
    -4.470     0.043
    -4.470     0.043
    -4.470     0.043
    -4.470     0.043
    -4.370     0.036
    -4.370     0.036
    -4.370     0.036
    -4.370     0.036
    -4.370     0.036
    -4.270     0.034
    -4.270     0.034
    -4.270     0.034
    -4.270     0.034
    -4.270     0.034
    -4.170     0.035
    -4.170     0.035
    -4.170     0.035
    -4.170     0.035
    -4.170     0.035
    -4.070     0.035
    -4.070     0.035
    -4.070     0.035
    -4.070     0.035
    -4.070     0.035
    -3.970     0.039
    -3.970     0.039
    -3.970     0.039
    -3.970     0.039
    -3.970     0.039
    -3.870     0.046
    -3.870     0.046
    -3.870     0.046
    -3.870     0.046
    -3.870     0.046
    -3.770     0.052
    -3.770     0.052
    -3.770     0.052
    -3.770     0.052
    -3.770     0.052
    -3.670     0.053
    -3.670     0.053
    -3.670     0.053
    -3.670     0.053
    -3.670     0.053
    -3.570     0.052
    -3.570     0.052
    -3.570     0.052
    -3.570     0.052
    -3.570     0.052
    -3.470     0.048
    -3.470     0.048
    -3.470     0.048
    -3.470     0.048
    -3.470     0.048
    -3.370     0.039
    -3.370     0.039
    -3.370     0.039
    -3.370     0.039
    -3.370     0.039
    -3.270     0.036
    -3.270     0.036
    -3.270     0.036
    -3.270     0.036
    -3.270     0.035
    -3.170     0.039
    -3.170     0.039
    -3.170     0.039
    -3.170     0.039
    -3.170     0.039
    -3.070     0.049
    -3.070     0.049
    -3.070     0.049
    -3.070     0.049
    -3.070     0.049
    -2.970     0.055
    -2.970     0.055
    -2.970     0.055
    -2.970     0.055
    -2.970     0.055
    -2.870     0.056
    -2.870     0.056
    -2.870     0.056
    -2.870     0.056
    -2.870     0.056
    -2.770     0.056
    -2.770     0.056
    -2.770     0.056
    -2.770     0.056
    -2.770     0.056
    -2.670     0.055
    -2.670     0.055
    -2.670     0.055
    -2.670     0.055
    -2.670     0.055
    -2.570     0.052
    -2.570     0.052
    -2.570     0.052
    -2.570     0.052
    -2.570     0.052
    -2.470     0.042
    -2.470     0.042
    -2.470     0.042
    -2.470     0.042
    -2.470     0.042
    -2.370     0.038
    -2.370     0.038
    -2.370     0.038
    -2.370     0.038
    -2.370     0.038
    -2.270     0.039
    -2.270     0.039
    -2.270     0.039
    -2.270     0.039
    -2.270     0.039
    -2.170     0.041
    -2.170     0.041
    -2.170     0.041
    -2.170     0.041
    -2.170     0.041
    -2.070     0.043
    -2.070     0.043
    -2.070     0.043
    -2.070     0.043
    -2.070     0.043
    -1.970     0.046
    -1.970     0.046
    -1.970     0.046
    -1.970     0.046
    -1.970     0.046
    -1.870     0.053
    -1.870     0.053
    -1.870     0.053
    -1.870     0.053
    -1.870     0.053
    -1.770     0.058
    -1.770     0.058
    -1.770     0.058
    -1.770     0.058
    -1.770     0.058
    -1.670     0.059
    -1.670     0.059
    -1.670     0.059
    -1.670     0.059
    -1.670     0.059
    -1.570     0.060
    -1.570     0.060
    -1.570     0.060
    -1.570     0.060
    -1.570     0.060
    -1.470     0.060
    -1.470     0.060
    -1.470     0.060
    -1.470     0.060
    -1.470     0.060
    -1.370     0.060
    -1.370     0.060
    -1.370     0.060
    -1.370     0.060
    -1.370     0.060
    -1.270     0.057
    -1.270     0.057
    -1.270     0.057
    -1.270     0.057
    -1.270     0.057
    -1.170     0.048
    -1.170     0.048
    -1.170     0.048
    -1.170     0.048
    -1.170     0.048
    -1.070     0.044
    -1.070     0.044
    -1.070     0.044
    -1.070     0.044
    -1.070     0.044
    -0.970     0.044
    -0.970     0.044
    -0.970     0.044
    -0.970     0.044
    -0.970     0.044
    -0.870     0.047
    -0.870     0.047
    -0.870     0.047
    -0.870     0.047
    -0.870     0.047
    -0.770     0.049
    -0.770     0.049
    -0.770     0.049
    -0.770     0.049
    -0.770     0.049
    -0.670     0.054
    -0.670     0.054
    -0.670     0.054
    -0.670     0.054
    -0.670     0.054
    -0.570     0.061
    -0.570     0.061
    -0.570     0.061
    -0.570     0.061
    -0.570     0.062
    -0.470     0.065
    -0.470     0.065
    -0.470     0.065
    -0.470     0.065
    -0.470     0.065
    -0.370     0.065
    -0.370     0.065
    -0.370     0.065
    -0.370     0.065
    -0.370     0.065
    -0.270     0.063
    -0.270     0.063
    -0.270     0.063
    -0.270     0.064
    -0.270     0.064
    -0.170     0.058
    -0.170     0.058
    -0.170     0.058
    -0.170     0.058
    -0.170     0.058
    -0.070     0.052
    -0.070     0.052
    -0.070     0.052
    -0.070     0.052
    -0.070     0.052
