# tToFail   Slip
  -881.577     0.000
  -881.478     0.001
  -881.378     0.003
  -881.278     0.003
  -881.179     0.007
  -881.079     0.007
  -880.980     0.013
  -880.880     0.016
  -880.780     0.017
  -880.681     0.016
  -880.581     0.017
  -880.481     0.018
  -880.382     0.016
  -880.282     0.015
  -880.183     0.016
  -880.083     0.014
  -879.983     0.011
  -879.884     0.007
  -879.784     0.004
  -879.685     0.002
  -879.585     0.002
  -879.485     0.003
  -879.386     0.003
  -879.286     0.003
  -879.187     0.004
  -879.087     0.003
  -878.987     0.004
  -878.888     0.002
  -878.788     0.004
  -878.689     0.004
  -878.589     0.006
  -878.489     0.006
  -878.390     0.005
  -878.290     0.004
  -878.190     0.005
  -878.091     0.006
  -877.991     0.003
  -877.892     0.002
  -877.792     0.005
  -877.692     0.003
  -877.593     0.005
  -877.493     0.005
  -877.394     0.006
  -877.294     0.006
  -877.194     0.005
  -877.095     0.005
  -876.995     0.005
  -876.895     0.003
  -876.796     0.003
  -876.696     0.004
  -876.597     0.007
  -876.497     0.006
  -876.398     0.005
  -876.298     0.004
  -876.198     0.004
  -876.099     0.003
  -875.999     0.003
  -875.900     0.002
  -875.800     0.004
  -875.700     0.004
  -875.601     0.006
  -875.501     0.007
  -875.401     0.011
  -875.302     0.012
  -875.202     0.015
  -875.103     0.016
  -875.003     0.017
  -874.903     0.018
  -874.804     0.017
  -874.704     0.017
  -874.605     0.017
  -874.505     0.015
  -874.405     0.012
  -874.306     0.005
  -874.206     0.002
  -874.106     0.002
  -874.007     0.002
  -873.907     0.004
  -873.808     0.001
  -873.708     0.002
  -873.608     0.003
  -873.509     0.003
  -873.409     0.005
  -873.310     0.007
  -873.210     0.008
  -873.110     0.014
  -873.011     0.017
  -872.911     0.018
  -872.812     0.018
  -872.712     0.018
  -872.612     0.017
  -872.513     0.016
  -872.413     0.015
  -872.314     0.014
  -872.214     0.007
  -872.114     0.002
  -872.015     0.002
  -871.915     0.004
  -871.815     0.003
  -871.716     0.003
  -871.616     0.004
  -871.517     0.003
  -871.417     0.003
  -871.317     0.003
  -871.218     0.002
  -871.118     0.003
  -871.019     0.002
  -870.919     0.005
  -870.819     0.003
  -870.720     0.005
  -870.620     0.007
  -870.520     0.010
  -870.421     0.016
  -870.321     0.018
  -870.222     0.020
  -870.122     0.019
  -870.023     0.018
  -869.923     0.017
  -869.823     0.016
  -869.724     0.014
  -869.624     0.010
  -869.525     0.005
  -869.425     0.003
  -869.325     0.002
  -869.226     0.004
  -869.126     0.005
  -869.026     0.004
  -868.927     0.005
  -868.827     0.004
  -868.728     0.003
  -868.628     0.003
  -868.528     0.005
  -868.429     0.007
  -868.329     0.009
  -868.230     0.013
  -868.130     0.018
  -868.030     0.018
  -867.931     0.019
  -867.831     0.018
  -867.731     0.015
  -867.632     0.014
  -867.532     0.012
  -867.433     0.008
  -867.333     0.004
  -867.233     0.003
  -867.134     0.002
  -867.034     0.002
  -866.935     0.003
  -866.835     0.003
  -866.735     0.002
  -866.636     0.003
  -866.536     0.002
  -866.437     0.004
  -866.337     0.004
  -866.237     0.004
  -866.138     0.003
  -866.038     0.005
  -865.939     0.005
  -865.839     0.009
  -865.739     0.012
  -865.640     0.016
  -865.540     0.017
  -865.440     0.018
  -865.341     0.019
  -865.241     0.017
  -865.142     0.016
  -865.042     0.015
  -864.942     0.013
  -864.843     0.007
  -864.743     0.004
  -864.644     0.005
  -864.544     0.003
  -864.444     0.002
  -864.345     0.003
  -864.245     0.003
  -864.145     0.004
  -864.046     0.007
  -863.946     0.008
  -863.847     0.009
  -863.747     0.009
  -863.648     0.010
  -863.548     0.010
  -863.448     0.016
  -863.349     0.016
  -863.249     0.017
  -863.150     0.016
  -863.050     0.017
  -862.950     0.012
  -862.851     0.013
  -862.751     0.007
  -862.651     0.003
  -862.552     0.003
  -862.452     0.002
  -862.353     0.002
  -862.253     0.000
  -862.153     0.002
  -862.054     0.003
  -861.954     0.001
  -861.855     0.002
  -861.755     0.004
  -861.655     0.004
  -861.556     0.004
  -861.456     0.004
  -861.356     0.003
  -861.257     0.003
  -861.157     0.005
  -861.058     0.003
  -860.958     0.004
  -860.858     0.006
  -860.759     0.007
  -860.659     0.007
  -860.560     0.008
  -860.460     0.009
  -860.360     0.011
  -860.261     0.015
  -860.161     0.017
  -860.062     0.020
  -859.962     0.017
  -859.862     0.018
  -859.763     0.015
  -859.663     0.013
  -859.564     0.009
  -859.464     0.005
  -859.364     0.004
  -859.265     0.002
  -859.165     0.003
  -859.065     0.005
  -858.966     0.003
  -858.866     0.005
  -858.767     0.007
  -858.667     0.011
  -858.567     0.013
  -858.468     0.017
  -858.368     0.017
  -858.269     0.019
  -858.169     0.019
  -858.069     0.017
  -857.970     0.017
  -857.870     0.016
  -857.770     0.013
  -857.671     0.011
  -857.571     0.005
  -857.472     0.005
  -857.372     0.003
  -857.273     0.003
  -857.173     0.004
  -857.073     0.005
  -856.974     0.006
  -856.874     0.007
  -856.775     0.007
  -856.675     0.010
  -856.575     0.018
  -856.476     0.018
  -856.376     0.020
  -856.276     0.019
  -856.177     0.020
  -856.077     0.018
  -855.978     0.015
  -855.878     0.012
  -855.778     0.005
  -855.679     0.003
  -855.579     0.003
  -855.480     0.002
  -855.380     0.002
  -855.280     0.003
  -855.181     0.002
  -855.081     0.002
  -854.981     0.002
  -854.882     0.004
  -854.782     0.004
  -854.683     0.005
  -854.583     0.002
  -854.483     0.005
  -854.384     0.007
  -854.284     0.004
  -854.185     0.004
  -854.085     0.003
  -853.985     0.005
  -853.886     0.002
  -853.786     0.004
  -853.687     0.005
  -853.587     0.004
  -853.487     0.006
  -853.388     0.006
  -853.288     0.004
  -853.189     0.003
  -853.089     0.003
  -852.989     0.004
  -852.890     0.003
  -852.790     0.003
  -852.690     0.004
  -852.591     0.005
  -852.491     0.005
  -852.392     0.003
  -852.292     0.004
  -852.192     0.003
  -852.093     0.003
  -851.993     0.006
  -851.894     0.004
  -851.794     0.006
  -851.694     0.006
  -851.595     0.007
  -851.495     0.007
  -851.395     0.006
  -851.296     0.008
  -851.196     0.008
  -851.097     0.008
  -850.997     0.008
  -850.898     0.005
  -850.798     0.002
  -850.698     0.004
  -850.599     0.004
  -850.499     0.005
  -850.400     0.007
  -850.300     0.008
  -850.200     0.009
  -850.101     0.013
  -850.001     0.017
  -849.901     0.018
  -849.802     0.019
  -849.702     0.018
  -849.603     0.018
  -849.503     0.014
  -849.403     0.010
  -849.304     0.005
  -849.204     0.002
  -849.105     0.003
  -849.005     0.005
  -848.905     0.005
  -848.806     0.003
  -848.706     0.005
  -848.606     0.006
  -848.507     0.004
  -848.407     0.004
  -848.308     0.005
  -848.208     0.004
  -848.108     0.003
  -848.009     0.005
  -847.909     0.007
  -847.810     0.007
  -847.710     0.006
  -847.610     0.007
  -847.511     0.007
  -847.411     0.007
  -847.312     0.006
  -847.212     0.006
  -847.112     0.007
  -847.013     0.004
  -846.913     0.005
  -846.814     0.005
  -846.714     0.006
  -846.614     0.006
  -846.515     0.005
  -846.415     0.004
  -846.315     0.004
  -846.216     0.005
  -846.116     0.004
  -846.017     0.006
  -845.917     0.007
  -845.817     0.008
  -845.718     0.009
  -845.618     0.009
  -845.519     0.010
  -845.419     0.010
  -845.319     0.012
  -845.220     0.015
  -845.120     0.018
  -845.020     0.018
  -844.921     0.018
  -844.821     0.016
  -844.722     0.015
  -844.622     0.012
  -844.523     0.007
  -844.423     0.005
  -844.323     0.004
  -844.224     0.004
  -844.124     0.003
  -844.025     0.005
  -843.925     0.003
  -843.825     0.003
  -843.726     0.006
  -843.626     0.006
  -843.526     0.004
  -843.427     0.006
  -843.327     0.004
  -843.228     0.003
  -843.128     0.005
  -843.028     0.004
  -842.929     0.006
  -842.829     0.008
  -842.730     0.012
  -842.630     0.017
  -842.530     0.020
  -842.431     0.019
  -842.331     0.019
  -842.231     0.019
  -842.132     0.017
  -842.032     0.015
  -841.933     0.010
  -841.833     0.004
  -841.733     0.005
  -841.634     0.005
  -841.534     0.005
  -841.435     0.003
  -841.335     0.006
  -841.235     0.006
  -841.136     0.008
  -841.036     0.010
  -840.937     0.012
  -840.837     0.017
  -840.737     0.019
  -840.638     0.018
  -840.538     0.020
  -840.439     0.019
  -840.339     0.014
  -840.239     0.011
  -840.140     0.006
  -840.040     0.002
  -839.940     0.003
  -839.841     0.003
  -839.741     0.004
  -839.642     0.005
  -839.542     0.007
  -839.442     0.007
  -839.343     0.005
  -839.243     0.006
  -839.144     0.004
  -839.044     0.004
  -838.944     0.003
  -838.845     0.004
  -838.745     0.001
  -838.645     0.005
  -838.546     0.002
  -838.446     0.004
  -838.347     0.005
  -838.247     0.004
  -838.148     0.005
  -838.048     0.005
  -837.948     0.007
  -837.849     0.009
  -837.749     0.013
  -837.650     0.018
  -837.550     0.019
  -837.450     0.020
  -837.351     0.020
  -837.251     0.019
  -837.151     0.017
  -837.052     0.016
  -836.952     0.015
  -836.853     0.009
  -836.753     0.004
  -836.653     0.005
  -836.554     0.005
  -836.454     0.004
  -836.355     0.002
  -836.255     0.004
  -836.155     0.004
  -836.056     0.007
  -835.956     0.007
  -835.856     0.009
  -835.757     0.012
  -835.657     0.015
  -835.558     0.016
  -835.458     0.018
  -835.358     0.018
  -835.259     0.019
  -835.159     0.016
  -835.060     0.014
  -834.960     0.011
  -834.860     0.007
  -834.761     0.004
  -834.661     0.004
  -834.562     0.005
  -834.462     0.006
  -834.362     0.004
  -834.263     0.004
  -834.163     0.003
  -834.064     0.004
  -833.964     0.004
  -833.864     0.006
  -833.765     0.007
  -833.665     0.006
  -833.565     0.005
  -833.466     0.004
  -833.366     0.005
  -833.267     0.005
  -833.167     0.004
  -833.067     0.003
  -832.968     0.006
  -832.868     0.006
  -832.769     0.005
  -832.669     0.005
  -832.569     0.005
  -832.470     0.006
  -832.370     0.004
  -832.270     0.004
  -832.171     0.006
  -832.071     0.006
  -831.972     0.004
  -831.872     0.004
  -831.773     0.005
  -831.673     0.004
  -831.573     0.004
  -831.474     0.005
  -831.374     0.005
  -831.275     0.003
  -831.175     0.005
  -831.075     0.005
  -830.976     0.006
  -830.876     0.006
  -830.776     0.005
  -830.677     0.006
  -830.577     0.005
  -830.478     0.003
  -830.378     0.005
  -830.278     0.002
  -830.179     0.004
  -830.079     0.004
  -829.980     0.006
  -829.880     0.005
  -829.780     0.007
  -829.681     0.012
  -829.581     0.012
  -829.481     0.017
  -829.382     0.018
  -829.282     0.020
  -829.183     0.021
  -829.083     0.019
  -828.983     0.019
  -828.884     0.019
  -828.784     0.015
  -828.685     0.008
  -828.585     0.005
  -828.485     0.004
  -828.386     0.004
  -828.286     0.004
  -828.187     0.004
  -828.087     0.006
  -827.987     0.005
  -827.888     0.005
  -827.788     0.005
  -827.689     0.004
  -827.589     0.004
  -827.489     0.005
  -827.390     0.005
  -827.290     0.006
  -827.190     0.007
  -827.091     0.008
  -826.991     0.007
  -826.892     0.008
  -826.792     0.009
  -826.692     0.008
  -826.593     0.008
  -826.493     0.008
  -826.394     0.006
  -826.294     0.006
  -826.194     0.004
  -826.095     0.005
  -825.995     0.004
  -825.895     0.004
  -825.796     0.006
  -825.696     0.005
  -825.597     0.007
  -825.497     0.009
  -825.398     0.010
  -825.298     0.011
  -825.198     0.015
  -825.099     0.019
  -824.999     0.021
  -824.900     0.018
  -824.800     0.019
  -824.700     0.017
  -824.601     0.017
  -824.501     0.013
  -824.401     0.007
  -824.302     0.002
  -824.202     0.004
  -824.103     0.003
  -824.003     0.005
  -823.903     0.008
  -823.804     0.008
  -823.704     0.010
  -823.605     0.015
  -823.505     0.019
  -823.405     0.019
  -823.306     0.018
  -823.206     0.017
  -823.106     0.017
  -823.007     0.014
  -822.907     0.013
  -822.808     0.011
  -822.708     0.006
  -822.608     0.004
  -822.509     0.004
  -822.409     0.004
  -822.310     0.004
  -822.210     0.005
  -822.110     0.003
  -822.011     0.005
  -821.911     0.006
  -821.812     0.005
  -821.712     0.006
  -821.612     0.008
  -821.513     0.008
  -821.413     0.007
  -821.314     0.005
  -821.214     0.006
  -821.114     0.003
  -821.015     0.004
  -820.915     0.005
  -820.815     0.006
  -820.716     0.006
  -820.616     0.008
  -820.517     0.007
  -820.417     0.010
  -820.317     0.010
  -820.218     0.015
  -820.118     0.018
  -820.019     0.018
  -819.919     0.018
  -819.819     0.018
  -819.720     0.020
  -819.620     0.018
  -819.520     0.017
  -819.421     0.014
  -819.321     0.012
  -819.222     0.009
  -819.122     0.005
  -819.023     0.004
  -818.923     0.003
  -818.823     0.005
  -818.724     0.004
  -818.624     0.005
  -818.525     0.004
  -818.425     0.005
  -818.325     0.005
  -818.226     0.004
  -818.126     0.006
  -818.026     0.007
  -817.927     0.007
  -817.827     0.008
  -817.728     0.007
  -817.628     0.007
  -817.528     0.008
  -817.429     0.006
  -817.329     0.004
  -817.230     0.006
  -817.130     0.005
  -817.030     0.005
  -816.931     0.006
  -816.831     0.007
  -816.731     0.008
  -816.632     0.006
  -816.532     0.005
  -816.433     0.007
  -816.333     0.006
  -816.233     0.007
  -816.134     0.007
  -816.034     0.006
  -815.935     0.007
  -815.835     0.007
  -815.735     0.006
  -815.636     0.005
  -815.536     0.005
  -815.437     0.006
  -815.337     0.006
  -815.237     0.007
  -815.138     0.004
  -815.038     0.007
  -814.939     0.007
  -814.839     0.005
  -814.739     0.006
  -814.640     0.007
  -814.540     0.007
  -814.440     0.005
  -814.341     0.006
  -814.241     0.006
  -814.142     0.006
  -814.042     0.007
  -813.942     0.008
  -813.843     0.007
  -813.743     0.007
  -813.644     0.006
  -813.544     0.004
  -813.444     0.005
  -813.345     0.006
  -813.245     0.008
  -813.145     0.010
  -813.046     0.012
  -812.946     0.015
  -812.847     0.019
  -812.747     0.020
  -812.648     0.019
  -812.548     0.020
  -812.448     0.018
  -812.349     0.019
  -812.249     0.017
  -812.150     0.017
  -812.050     0.013
  -811.950     0.007
  -811.851     0.006
  -811.751     0.005
  -811.651     0.006
  -811.552     0.006
  -811.452     0.006
  -811.353     0.006
  -811.253     0.005
  -811.153     0.005
  -811.054     0.004
  -810.954     0.004
  -810.855     0.005
  -810.755     0.004
  -810.655     0.005
  -810.556     0.006
  -810.456     0.005
  -810.356     0.005
  -810.257     0.005
  -810.157     0.005
  -810.058     0.006
  -809.958     0.006
  -809.858     0.007
  -809.759     0.007
  -809.659     0.007
  -809.560     0.008
  -809.460     0.008
  -809.360     0.008
  -809.261     0.007
  -809.161     0.006
  -809.062     0.006
  -808.962     0.006
  -808.862     0.006
  -808.763     0.006
  -808.663     0.007
  -808.564     0.007
  -808.464     0.005
  -808.364     0.005
  -808.265     0.004
  -808.165     0.006
  -808.065     0.006
  -807.966     0.006
  -807.866     0.008
  -807.767     0.009
  -807.667     0.011
  -807.567     0.016
  -807.468     0.018
  -807.368     0.020
  -807.269     0.019
  -807.169     0.020
  -807.069     0.021
  -806.970     0.018
  -806.870     0.018
  -806.770     0.015
  -806.671     0.014
  -806.571     0.008
  -806.472     0.008
  -806.372     0.003
  -806.273     0.006
  -806.173     0.006
  -806.073     0.004
  -805.974     0.005
  -805.874     0.005
  -805.775     0.006
  -805.675     0.008
  -805.575     0.009
  -805.476     0.008
  -805.376     0.008
  -805.276     0.010
  -805.177     0.012
  -805.077     0.013
  -804.978     0.018
  -804.878     0.018
  -804.778     0.019
  -804.679     0.019
  -804.579     0.018
  -804.480     0.017
  -804.380     0.019
  -804.280     0.017
  -804.181     0.017
  -804.081     0.015
  -803.981     0.010
  -803.882     0.005
  -803.782     0.005
  -803.683     0.006
  -803.583     0.005
  -803.483     0.006
  -803.384     0.006
  -803.284     0.010
  -803.185     0.011
  -803.085     0.016
  -802.985     0.018
  -802.886     0.021
  -802.786     0.020
  -802.687     0.018
  -802.587     0.015
  -802.487     0.010
  -802.388     0.007
  -802.288     0.007
  -802.189     0.006
  -802.089     0.004
  -801.989     0.006
  -801.890     0.005
  -801.790     0.005
  -801.690     0.008
  -801.591     0.005
  -801.491     0.004
  -801.392     0.004
  -801.292     0.003
  -801.192     0.006
  -801.093     0.005
  -800.993     0.007
  -800.894     0.006
  -800.794     0.006
  -800.694     0.005
  -800.595     0.006
  -800.495     0.008
  -800.395     0.010
  -800.296     0.012
  -800.196     0.017
  -800.097     0.020
  -799.997     0.020
  -799.898     0.019
  -799.798     0.020
  -799.698     0.019
  -799.599     0.016
  -799.499     0.015
  -799.400     0.008
  -799.300     0.006
  -799.200     0.006
  -799.101     0.005
  -799.001     0.006
  -798.901     0.006
  -798.802     0.007
  -798.702     0.008
  -798.603     0.009
  -798.503     0.010
  -798.403     0.011
  -798.304     0.011
  -798.204     0.014
  -798.105     0.019
  -798.005     0.020
  -797.905     0.021
  -797.806     0.021
  -797.706     0.018
  -797.606     0.019
  -797.507     0.019
  -797.407     0.019
  -797.308     0.017
  -797.208     0.014
  -797.108     0.008
  -797.009     0.007
  -796.909     0.006
  -796.810     0.006
  -796.710     0.007
  -796.610     0.007
  -796.511     0.007
  -796.411     0.008
  -796.312     0.008
  -796.212     0.009
  -796.112     0.009
  -796.013     0.009
  -795.913     0.010
  -795.814     0.010
  -795.714     0.011
  -795.614     0.010
  -795.515     0.012
  -795.415     0.010
  -795.315     0.011
  -795.216     0.009
  -795.116     0.007
  -795.017     0.006
  -794.917     0.006
  -794.817     0.007
  -794.718     0.005
  -794.618     0.007
  -794.519     0.006
  -794.419     0.007
  -794.319     0.007
  -794.220     0.006
  -794.120     0.006
  -794.020     0.006
  -793.921     0.006
  -793.821     0.006
  -793.722     0.007
  -793.622     0.007
  -793.523     0.007
  -793.423     0.007
  -793.323     0.005
  -793.224     0.006
  -793.124     0.006
  -793.025     0.007
  -792.925     0.008
  -792.825     0.009
  -792.726     0.013
  -792.626     0.018
  -792.526     0.020
  -792.427     0.022
  -792.327     0.023
  -792.228     0.021
  -792.128     0.017
  -792.028     0.014
  -791.929     0.008
  -791.829     0.006
  -791.730     0.006
  -791.630     0.006
  -791.530     0.005
  -791.431     0.006
  -791.331     0.005
  -791.231     0.005
  -791.132     0.006
  -791.032     0.006
  -790.933     0.005
  -790.833     0.005
  -790.733     0.005
  -790.634     0.006
  -790.534     0.006
  -790.435     0.006
  -790.335     0.007
  -790.235     0.006
  -790.136     0.006
  -790.036     0.006
  -789.937     0.006
  -789.837     0.006
  -789.737     0.008
  -789.638     0.010
  -789.538     0.013
  -789.439     0.019
  -789.339     0.020
  -789.239     0.020
  -789.140     0.020
  -789.040     0.019
  -788.940     0.020
  -788.841     0.015
  -788.741     0.013
  -788.642     0.009
  -788.542     0.008
  -788.442     0.006
  -788.343     0.006
  -788.243     0.008
  -788.144     0.006
  -788.044     0.008
  -787.944     0.008
  -787.845     0.007
  -787.745     0.006
  -787.645     0.006
  -787.546     0.005
  -787.446     0.006
  -787.347     0.006
  -787.247     0.007
  -787.148     0.007
  -787.048     0.008
  -786.948     0.008
  -786.849     0.010
  -786.749     0.009
  -786.650     0.009
  -786.550     0.010
  -786.450     0.011
  -786.351     0.012
  -786.251     0.013
  -786.151     0.019
  -786.052     0.020
  -785.952     0.022
  -785.853     0.020
  -785.753     0.020
  -785.653     0.019
  -785.554     0.016
  -785.454     0.010
  -785.355     0.007
  -785.255     0.006
  -785.155     0.006
  -785.056     0.005
  -784.956     0.007
  -784.856     0.006
  -784.757     0.006
  -784.657     0.007
  -784.558     0.007
  -784.458     0.006
  -784.358     0.009
  -784.259     0.010
  -784.159     0.011
  -784.060     0.013
  -783.960     0.014
  -783.860     0.021
  -783.761     0.023
  -783.661     0.020
  -783.562     0.022
  -783.462     0.020
  -783.362     0.019
  -783.263     0.019
  -783.163     0.016
  -783.064     0.016
  -782.964     0.008
  -782.864     0.006
  -782.765     0.007
  -782.665     0.007
  -782.565     0.006
  -782.466     0.005
  -782.366     0.007
  -782.267     0.008
  -782.167     0.005
  -782.067     0.006
  -781.968     0.006
  -781.868     0.006
  -781.769     0.006
  -781.669     0.007
  -781.569     0.006
  -781.470     0.006
  -781.370     0.006
  -781.270     0.007
  -781.171     0.007
  -781.071     0.007
  -780.972     0.007
  -780.872     0.010
  -780.773     0.007
  -780.673     0.010
  -780.573     0.011
  -780.474     0.011
  -780.374     0.011
  -780.275     0.009
  -780.175     0.007
  -780.075     0.006
  -779.976     0.006
  -779.876     0.007
  -779.776     0.009
  -779.677     0.006
  -779.577     0.006
  -779.478     0.008
  -779.378     0.006
  -779.278     0.006
  -779.179     0.007
  -779.079     0.008
  -778.980     0.007
  -778.880     0.007
  -778.780     0.007
  -778.681     0.007
  -778.581     0.008
  -778.481     0.010
  -778.382     0.011
  -778.282     0.013
  -778.183     0.015
  -778.083     0.018
  -777.983     0.021
  -777.884     0.021
  -777.784     0.022
  -777.685     0.021
  -777.585     0.020
  -777.485     0.019
  -777.386     0.017
  -777.286     0.012
  -777.187     0.007
  -777.087     0.006
  -776.987     0.006
  -776.888     0.004
  -776.788     0.006
  -776.689     0.005
  -776.589     0.005
  -776.489     0.006
  -776.390     0.005
  -776.290     0.007
  -776.190     0.006
  -776.091     0.007
  -775.991     0.007
  -775.892     0.008
  -775.792     0.009
  -775.692     0.007
  -775.593     0.009
  -775.493     0.009
  -775.394     0.009
  -775.294     0.009
  -775.194     0.009
  -775.095     0.007
  -774.995     0.009
  -774.895     0.007
  -774.796     0.009
  -774.696     0.007
  -774.597     0.006
  -774.497     0.006
  -774.398     0.006
  -774.298     0.007
  -774.198     0.008
  -774.099     0.006
  -773.999     0.007
  -773.900     0.006
  -773.800     0.006
  -773.700     0.007
  -773.601     0.008
  -773.501     0.008
  -773.401     0.007
  -773.302     0.010
  -773.202     0.009
  -773.103     0.010
  -773.003     0.010
  -772.903     0.012
  -772.804     0.011
  -772.704     0.010
  -772.605     0.011
  -772.505     0.012
  -772.405     0.011
  -772.306     0.012
  -772.206     0.013
  -772.106     0.013
  -772.007     0.016
  -771.907     0.019
  -771.808     0.020
  -771.708     0.019
  -771.608     0.019
  -771.509     0.021
  -771.409     0.021
  -771.310     0.020
  -771.210     0.018
  -771.110     0.015
  -771.011     0.010
  -770.911     0.008
  -770.812     0.004
  -770.712     0.005
  -770.612     0.005
  -770.513     0.006
  -770.413     0.005
  -770.314     0.006
  -770.214     0.005
  -770.114     0.009
  -770.015     0.008
  -769.915     0.009
  -769.815     0.009
  -769.716     0.010
  -769.616     0.010
  -769.517     0.011
  -769.417     0.014
  -769.317     0.015
  -769.218     0.018
  -769.118     0.020
  -769.019     0.021
  -768.919     0.021
  -768.819     0.022
  -768.720     0.021
  -768.620     0.021
  -768.520     0.018
  -768.421     0.016
  -768.321     0.010
  -768.222     0.009
  -768.122     0.007
  -768.023     0.005
  -767.923     0.005
  -767.823     0.006
  -767.724     0.008
  -767.624     0.008
  -767.525     0.010
  -767.425     0.012
  -767.325     0.013
  -767.226     0.018
  -767.126     0.020
  -767.026     0.021
  -766.927     0.021
  -766.827     0.021
  -766.728     0.021
  -766.628     0.021
  -766.528     0.019
  -766.429     0.015
  -766.329     0.010
  -766.230     0.009
  -766.130     0.008
  -766.030     0.006
  -765.931     0.005
  -765.831     0.007
  -765.731     0.008
  -765.632     0.006
  -765.532     0.007
  -765.433     0.008
  -765.333     0.007
  -765.233     0.008
  -765.134     0.011
  -765.034     0.012
  -764.935     0.012
  -764.835     0.014
  -764.735     0.016
  -764.636     0.020
  -764.536     0.022
  -764.437     0.022
  -764.337     0.023
  -764.237     0.023
  -764.138     0.021
  -764.038     0.019
  -763.939     0.016
  -763.839     0.010
  -763.739     0.008
  -763.640     0.006
  -763.540     0.007
  -763.440     0.006
  -763.341     0.006
  -763.241     0.008
  -763.142     0.007
  -763.042     0.006
  -762.942     0.007
  -762.843     0.007
  -762.743     0.007
  -762.644     0.008
  -762.544     0.008
  -762.444     0.008
  -762.345     0.007
  -762.245     0.007
  -762.145     0.008
  -762.046     0.007
  -761.946     0.008
  -761.847     0.009
  -761.747     0.009
  -761.648     0.008
  -761.548     0.006
  -761.448     0.007
  -761.349     0.007
  -761.249     0.009
  -761.150     0.008
  -761.050     0.011
  -760.950     0.012
  -760.851     0.017
  -760.751     0.021
  -760.651     0.022
  -760.552     0.024
  -760.452     0.023
  -760.353     0.021
  -760.253     0.021
  -760.153     0.019
  -760.054     0.015
  -759.954     0.010
  -759.855     0.008
  -759.755     0.008
  -759.655     0.008
  -759.556     0.009
  -759.456     0.010
  -759.356     0.010
  -759.257     0.012
  -759.157     0.014
  -759.058     0.016
  -758.958     0.020
  -758.858     0.021
  -758.759     0.021
  -758.659     0.023
  -758.560     0.022
  -758.460     0.024
  -758.360     0.025
  -758.261     0.023
  -758.161     0.021
  -758.062     0.019
  -757.962     0.015
  -757.862     0.009
  -757.763     0.006
  -757.663     0.006
  -757.564     0.007
  -757.464     0.008
  -757.364     0.008
  -757.265     0.010
  -757.165     0.011
  -757.065     0.016
  -756.966     0.021
  -756.866     0.022
  -756.767     0.021
  -756.667     0.022
  -756.567     0.022
  -756.468     0.022
  -756.368     0.021
  -756.269     0.021
  -756.169     0.021
  -756.069     0.020
  -755.970     0.020
  -755.870     0.017
  -755.770     0.011
  -755.671     0.009
  -755.571     0.007
  -755.472     0.007
  -755.372     0.008
  -755.273     0.007
  -755.173     0.009
  -755.073     0.007
  -754.974     0.007
  -754.874     0.009
  -754.775     0.008
  -754.675     0.008
  -754.575     0.007
  -754.476     0.008
  -754.376     0.009
  -754.276     0.007
  -754.177     0.008
  -754.077     0.007
  -753.978     0.008
  -753.878     0.008
  -753.778     0.010
  -753.679     0.010
  -753.579     0.012
  -753.480     0.015
  -753.380     0.017
  -753.280     0.021
  -753.181     0.024
  -753.081     0.025
  -752.981     0.025
  -752.882     0.023
  -752.782     0.024
  -752.683     0.023
  -752.583     0.023
  -752.483     0.020
  -752.384     0.019
  -752.284     0.013
  -752.185     0.010
  -752.085     0.007
  -751.985     0.009
  -751.886     0.006
  -751.786     0.009
  -751.687     0.010
  -751.587     0.013
  -751.487     0.014
  -751.388     0.020
  -751.288     0.021
  -751.189     0.025
  -751.089     0.023
  -750.989     0.024
  -750.890     0.022
  -750.790     0.021
  -750.690     0.019
  -750.591     0.015
  -750.491     0.011
  -750.392     0.009
  -750.292     0.008
  -750.192     0.007
  -750.093     0.008
  -749.993     0.009
  -749.894     0.009
  -749.794     0.009
  -749.694     0.008
  -749.595     0.009
  -749.495     0.009
  -749.395     0.008
  -749.296     0.009
  -749.196     0.007
  -749.097     0.010
  -748.997     0.010
  -748.898     0.010
  -748.798     0.011
  -748.698     0.012
  -748.599     0.013
  -748.499     0.017
  -748.400     0.022
  -748.300     0.023
  -748.200     0.023
  -748.101     0.021
  -748.001     0.022
  -747.901     0.021
  -747.802     0.021
  -747.702     0.020
  -747.603     0.015
  -747.503     0.011
  -747.403     0.008
  -747.304     0.007
  -747.204     0.007
  -747.105     0.009
  -747.005     0.007
  -746.905     0.007
  -746.806     0.009
  -746.706     0.008
  -746.606     0.008
  -746.507     0.008
  -746.407     0.009
  -746.308     0.009
  -746.208     0.009
  -746.108     0.009
  -746.009     0.009
  -745.909     0.010
  -745.810     0.009
  -745.710     0.008
  -745.610     0.009
  -745.511     0.008
  -745.411     0.008
  -745.312     0.010
  -745.212     0.008
  -745.112     0.011
  -745.013     0.010
  -744.913     0.010
  -744.814     0.010
  -744.714     0.010
  -744.614     0.010
  -744.515     0.008
  -744.415     0.008
  -744.315     0.011
  -744.216     0.011
  -744.116     0.012
  -744.017     0.012
  -743.917     0.010
  -743.817     0.009
  -743.718     0.009
  -743.618     0.010
  -743.519     0.010
  -743.419     0.009
  -743.319     0.008
  -743.220     0.010
  -743.120     0.009
  -743.020     0.009
  -742.921     0.010
  -742.821     0.011
  -742.722     0.013
  -742.622     0.010
  -742.523     0.011
  -742.423     0.012
  -742.323     0.010
  -742.224     0.011
  -742.124     0.010
  -742.025     0.009
  -741.925     0.009
  -741.825     0.010
  -741.726     0.009
  -741.626     0.010
  -741.526     0.010
  -741.427     0.010
  -741.327     0.009
  -741.228     0.010
  -741.128     0.009
  -741.028     0.008
  -740.929     0.008
  -740.829     0.010
  -740.730     0.011
  -740.630     0.009
  -740.530     0.012
  -740.431     0.011
  -740.331     0.014
  -740.231     0.011
  -740.132     0.014
  -740.032     0.014
  -739.933     0.015
  -739.833     0.016
  -739.733     0.017
  -739.634     0.022
  -739.534     0.024
  -739.435     0.026
  -739.335     0.026
  -739.235     0.025
  -739.136     0.024
  -739.036     0.023
  -738.937     0.024
  -738.837     0.021
  -738.737     0.020
  -738.638     0.014
  -738.538     0.012
  -738.439     0.011
  -738.339     0.010
  -738.239     0.011
  -738.140     0.010
  -738.040     0.010
  -737.940     0.010
  -737.841     0.010
  -737.741     0.010
  -737.642     0.011
  -737.542     0.011
  -737.442     0.011
  -737.343     0.011
  -737.243     0.012
  -737.144     0.013
  -737.044     0.014
  -736.944     0.014
  -736.845     0.013
  -736.745     0.012
  -736.645     0.014
  -736.546     0.013
  -736.446     0.012
  -736.347     0.010
  -736.247     0.012
  -736.148     0.010
  -736.048     0.010
  -735.948     0.010
  -735.849     0.011
  -735.749     0.012
  -735.650     0.009
  -735.550     0.011
  -735.450     0.010
  -735.351     0.012
  -735.251     0.012
  -735.151     0.012
  -735.052     0.014
  -734.952     0.013
  -734.853     0.015
  -734.753     0.015
  -734.653     0.015
  -734.554     0.014
  -734.454     0.014
  -734.355     0.012
  -734.255     0.010
  -734.155     0.011
  -734.056     0.012
  -733.956     0.010
  -733.856     0.012
  -733.757     0.011
  -733.657     0.010
  -733.558     0.011
  -733.458     0.011
  -733.358     0.012
  -733.259     0.013
  -733.159     0.012
  -733.060     0.015
  -732.960     0.015
  -732.860     0.016
  -732.761     0.018
  -732.661     0.024
  -732.562     0.024
  -732.462     0.025
  -732.362     0.025
  -732.263     0.023
  -732.163     0.021
  -732.064     0.022
  -731.964     0.016
  -731.864     0.014
  -731.765     0.011
  -731.665     0.011
  -731.565     0.010
  -731.466     0.011
  -731.366     0.010
  -731.267     0.011
  -731.167     0.011
  -731.067     0.011
  -730.968     0.014
  -730.868     0.017
  -730.769     0.019
  -730.669     0.023
  -730.569     0.025
  -730.470     0.025
  -730.370     0.026
  -730.270     0.026
  -730.171     0.024
  -730.071     0.022
  -729.972     0.019
  -729.872     0.013
  -729.773     0.011
  -729.673     0.010
  -729.573     0.011
  -729.474     0.011
  -729.374     0.011
  -729.275     0.011
  -729.175     0.010
  -729.075     0.013
  -728.976     0.012
  -728.876     0.011
  -728.776     0.011
  -728.677     0.012
  -728.577     0.012
  -728.478     0.013
  -728.378     0.014
  -728.278     0.015
  -728.179     0.015
  -728.079     0.016
  -727.980     0.015
  -727.880     0.015
  -727.780     0.017
  -727.681     0.017
  -727.581     0.019
  -727.481     0.023
  -727.382     0.026
  -727.282     0.027
  -727.183     0.026
  -727.083     0.025
  -726.983     0.026
  -726.884     0.025
  -726.784     0.023
  -726.685     0.023
  -726.585     0.018
  -726.485     0.012
  -726.386     0.010
  -726.286     0.011
  -726.187     0.010
  -726.087     0.012
  -725.987     0.011
  -725.888     0.011
  -725.788     0.012
  -725.689     0.011
  -725.589     0.012
  -725.489     0.011
  -725.390     0.013
  -725.290     0.012
  -725.190     0.012
  -725.091     0.009
  -724.991     0.011
  -724.892     0.013
  -724.792     0.014
  -724.692     0.015
  -724.593     0.015
  -724.493     0.019
  -724.394     0.023
  -724.294     0.025
  -724.194     0.026
  -724.095     0.027
  -723.995     0.027
  -723.895     0.026
  -723.796     0.024
  -723.696     0.022
  -723.597     0.019
  -723.497     0.014
  -723.398     0.011
  -723.298     0.010
  -723.198     0.011
  -723.099     0.009
  -722.999     0.011
  -722.900     0.010
  -722.800     0.013
  -722.700     0.012
  -722.601     0.012
  -722.501     0.010
  -722.401     0.012
  -722.302     0.012
  -722.202     0.012
  -722.103     0.012
  -722.003     0.012
  -721.903     0.014
  -721.804     0.012
  -721.704     0.012
  -721.605     0.013
  -721.505     0.013
  -721.405     0.012
  -721.306     0.013
  -721.206     0.011
  -721.106     0.013
  -721.007     0.013
  -720.907     0.014
  -720.808     0.012
  -720.708     0.012
  -720.608     0.013
  -720.509     0.012
  -720.409     0.012
  -720.310     0.013
  -720.210     0.012
  -720.110     0.011
  -720.011     0.014
  -719.911     0.012
  -719.812     0.012
  -719.712     0.012
  -719.612     0.014
  -719.513     0.014
  -719.413     0.013
  -719.314     0.014
  -719.214     0.013
  -719.114     0.012
  -719.015     0.012
  -718.915     0.012
  -718.815     0.013
  -718.716     0.013
  -718.616     0.012
  -718.517     0.014
  -718.417     0.013
  -718.317     0.013
  -718.218     0.013
  -718.118     0.012
  -718.019     0.012
  -717.919     0.012
  -717.819     0.013
  -717.720     0.013
  -717.620     0.014
  -717.520     0.013
  -717.421     0.012
  -717.321     0.012
  -717.222     0.012
  -717.122     0.013
  -717.023     0.012
  -716.923     0.013
  -716.823     0.013
  -716.724     0.012
  -716.624     0.012
  -716.525     0.012
  -716.425     0.012
  -716.325     0.013
  -716.226     0.014
  -716.126     0.012
  -716.026     0.013
  -715.927     0.012
  -715.827     0.013
  -715.728     0.013
  -715.628     0.014
  -715.528     0.013
  -715.429     0.014
  -715.329     0.013
  -715.230     0.013
  -715.130     0.013
  -715.030     0.013
  -714.931     0.012
  -714.831     0.013
  -714.731     0.013
  -714.632     0.013
  -714.532     0.013
  -714.433     0.013
  -714.333     0.013
  -714.233     0.013
  -714.134     0.013
  -714.034     0.012
  -713.935     0.013
  -713.835     0.011
  -713.735     0.012
  -713.636     0.012
  -713.536     0.012
  -713.437     0.013
  -713.337     0.014
  -713.237     0.014
  -713.138     0.013
  -713.038     0.015
  -712.939     0.015
  -712.839     0.013
  -712.739     0.013
  -712.640     0.014
  -712.540     0.013
  -712.440     0.014
  -712.341     0.012
  -712.241     0.013
  -712.142     0.015
  -712.042     0.013
  -711.942     0.014
  -711.843     0.014
  -711.743     0.015
  -711.644     0.016
  -711.544     0.016
  -711.444     0.016
  -711.345     0.016
  -711.245     0.016
  -711.145     0.016
  -711.046     0.017
  -710.946     0.017
  -710.847     0.017
  -710.747     0.017
  -710.648     0.016
  -710.548     0.012
  -710.448     0.013
  -710.349     0.013
  -710.249     0.012
  -710.150     0.012
  -710.050     0.014
  -709.950     0.012
  -709.851     0.014
  -709.751     0.014
  -709.651     0.013
  -709.552     0.015
  -709.452     0.016
  -709.353     0.018
  -709.253     0.020
  -709.153     0.025
  -709.054     0.028
  -708.954     0.028
  -708.855     0.026
  -708.755     0.025
  -708.655     0.022
  -708.556     0.018
  -708.456     0.014
  -708.356     0.013
  -708.257     0.013
  -708.157     0.012
  -708.058     0.013
  -707.958     0.012
  -707.858     0.012
  -707.759     0.013
  -707.659     0.013
  -707.560     0.014
  -707.460     0.017
  -707.360     0.017
  -707.261     0.018
  -707.161     0.019
  -707.062     0.024
  -706.962     0.027
  -706.862     0.027
  -706.763     0.026
  -706.663     0.027
  -706.564     0.026
  -706.464     0.024
  -706.364     0.024
  -706.265     0.021
  -706.165     0.016
  -706.065     0.012
  -705.966     0.012
  -705.866     0.013
  -705.767     0.013
  -705.667     0.011
  -705.567     0.012
  -705.468     0.013
  -705.368     0.014
  -705.269     0.013
  -705.169     0.015
  -705.069     0.014
  -704.970     0.015
  -704.870     0.015
  -704.770     0.014
  -704.671     0.015
  -704.571     0.012
  -704.472     0.013
  -704.372     0.012
  -704.273     0.011
  -704.173     0.012
  -704.073     0.011
  -703.974     0.011
  -703.874     0.012
  -703.775     0.014
  -703.675     0.013
  -703.575     0.014
  -703.476     0.015
  -703.376     0.016
  -703.276     0.015
  -703.177     0.015
  -703.077     0.014
  -702.978     0.016
  -702.878     0.015
  -702.778     0.013
  -702.679     0.013
  -702.579     0.014
  -702.480     0.013
  -702.380     0.012
  -702.280     0.014
  -702.181     0.016
  -702.081     0.014
  -701.981     0.015
  -701.882     0.016
  -701.782     0.015
  -701.683     0.015
  -701.583     0.014
  -701.483     0.014
  -701.384     0.014
  -701.284     0.012
  -701.185     0.014
  -701.085     0.015
  -700.985     0.017
  -700.886     0.017
  -700.786     0.019
  -700.687     0.025
  -700.587     0.027
  -700.487     0.028
  -700.388     0.029
  -700.288     0.027
  -700.189     0.029
  -700.089     0.026
  -699.989     0.025
  -699.890     0.024
  -699.790     0.022
  -699.690     0.017
  -699.591     0.014
  -699.491     0.014
  -699.392     0.014
  -699.292     0.013
  -699.192     0.013
  -699.093     0.014
  -698.993     0.014
  -698.894     0.013
  -698.794     0.013
  -698.694     0.015
  -698.595     0.015
  -698.495     0.014
  -698.395     0.013
  -698.296     0.014
  -698.196     0.013
  -698.097     0.013
  -697.997     0.014
  -697.898     0.014
  -697.798     0.014
  -697.698     0.013
  -697.599     0.012
  -697.499     0.014
  -697.400     0.014
  -697.300     0.014
  -697.200     0.015
  -697.101     0.016
  -697.001     0.015
  -696.901     0.013
  -696.802     0.013
  -696.702     0.014
  -696.603     0.014
  -696.503     0.014
  -696.403     0.013
  -696.304     0.014
  -696.204     0.014
  -696.105     0.014
  -696.005     0.015
  -695.905     0.015
  -695.806     0.016
  -695.706     0.016
  -695.606     0.017
  -695.507     0.017
  -695.407     0.017
  -695.308     0.014
  -695.208     0.015
  -695.108     0.013
  -695.009     0.013
  -694.909     0.014
  -694.810     0.014
  -694.710     0.014
  -694.610     0.016
  -694.511     0.016
  -694.411     0.016
  -694.312     0.018
  -694.212     0.017
  -694.112     0.017
  -694.013     0.017
  -693.913     0.016
  -693.814     0.015
  -693.714     0.015
  -693.614     0.013
  -693.515     0.014
  -693.415     0.015
  -693.315     0.014
  -693.216     0.014
  -693.116     0.015
  -693.017     0.013
  -692.917     0.013
  -692.817     0.014
  -692.718     0.014
  -692.618     0.014
  -692.519     0.013
  -692.419     0.016
  -692.319     0.017
  -692.220     0.015
  -692.120     0.016
  -692.020     0.017
  -691.921     0.016
  -691.821     0.014
  -691.722     0.014
  -691.622     0.014
  -691.523     0.014
  -691.423     0.015
  -691.323     0.015
  -691.224     0.016
  -691.124     0.017
  -691.025     0.017
  -690.925     0.019
  -690.825     0.021
  -690.726     0.026
  -690.626     0.028
  -690.526     0.027
  -690.427     0.028
  -690.327     0.028
  -690.228     0.029
  -690.128     0.026
  -690.028     0.024
  -689.929     0.021
  -689.829     0.016
  -689.730     0.015
  -689.630     0.015
  -689.530     0.014
  -689.431     0.014
  -689.331     0.015
  -689.231     0.016
  -689.132     0.014
  -689.032     0.015
  -688.933     0.015
  -688.833     0.014
  -688.733     0.015
  -688.634     0.015
  -688.534     0.015
  -688.435     0.014
  -688.335     0.014
  -688.235     0.015
  -688.136     0.016
  -688.036     0.016
  -687.937     0.016
  -687.837     0.016
  -687.737     0.017
  -687.638     0.014
  -687.538     0.014
  -687.439     0.014
  -687.339     0.014
  -687.239     0.015
  -687.140     0.014
  -687.040     0.014
  -686.940     0.015
  -686.841     0.015
  -686.741     0.017
  -686.642     0.016
  -686.542     0.015
  -686.442     0.015
  -686.343     0.016
  -686.243     0.016
  -686.144     0.016
  -686.044     0.017
  -685.944     0.017
  -685.845     0.016
  -685.745     0.017
  -685.645     0.017
  -685.546     0.015
  -685.446     0.016
  -685.347     0.014
  -685.247     0.016
  -685.148     0.016
  -685.048     0.017
  -684.948     0.014
  -684.849     0.015
  -684.749     0.017
  -684.650     0.016
  -684.550     0.015
  -684.450     0.013
  -684.351     0.015
  -684.251     0.014
  -684.151     0.014
  -684.052     0.015
  -683.952     0.015
  -683.853     0.016
  -683.753     0.014
  -683.653     0.016
  -683.554     0.016
  -683.454     0.015
  -683.355     0.016
  -683.255     0.015
  -683.155     0.014
  -683.056     0.014
  -682.956     0.014
  -682.856     0.015
  -682.757     0.015
  -682.657     0.016
  -682.558     0.015
  -682.458     0.016
  -682.358     0.015
  -682.259     0.014
  -682.159     0.014
  -682.060     0.015
  -681.960     0.014
  -681.860     0.016
  -681.761     0.016
  -681.661     0.016
  -681.562     0.015
  -681.462     0.016
  -681.362     0.017
  -681.263     0.016
  -681.163     0.016
  -681.064     0.013
  -680.964     0.016
  -680.864     0.015
  -680.765     0.016
  -680.665     0.016
  -680.565     0.016
  -680.466     0.015
  -680.366     0.016
  -680.267     0.014
  -680.167     0.015
  -680.067     0.015
  -679.968     0.015
  -679.868     0.014
  -679.769     0.016
  -679.669     0.014
  -679.569     0.015
  -679.470     0.016
  -679.370     0.014
  -679.270     0.015
  -679.171     0.017
  -679.071     0.016
  -678.972     0.017
  -678.872     0.016
  -678.773     0.015
  -678.673     0.015
  -678.573     0.014
  -678.474     0.015
  -678.374     0.015
  -678.275     0.015
  -678.175     0.015
  -678.075     0.015
  -677.976     0.017
  -677.876     0.016
  -677.776     0.016
  -677.677     0.019
  -677.577     0.018
  -677.478     0.017
  -677.378     0.018
  -677.278     0.017
  -677.179     0.018
  -677.079     0.017
  -676.980     0.016
  -676.880     0.014
  -676.780     0.016
  -676.681     0.016
  -676.581     0.015
  -676.481     0.015
  -676.382     0.015
  -676.282     0.016
  -676.183     0.015
  -676.083     0.017
  -675.983     0.016
  -675.884     0.015
  -675.784     0.016
  -675.685     0.016
  -675.585     0.016
  -675.485     0.019
  -675.386     0.018
  -675.286     0.019
  -675.187     0.018
  -675.087     0.018
  -674.987     0.018
  -674.888     0.017
  -674.788     0.014
  -674.689     0.014
  -674.589     0.015
  -674.489     0.014
  -674.390     0.015
  -674.290     0.014
  -674.190     0.017
  -674.091     0.017
  -673.991     0.017
  -673.892     0.018
  -673.792     0.018
  -673.692     0.020
  -673.593     0.018
  -673.493     0.021
  -673.394     0.021
  -673.294     0.022
  -673.194     0.026
  -673.095     0.029
  -672.995     0.028
  -672.895     0.027
  -672.796     0.026
  -672.696     0.023
  -672.597     0.019
  -672.497     0.015
  -672.398     0.013
  -672.298     0.014
  -672.198     0.015
  -672.099     0.014
  -671.999     0.015
  -671.900     0.015
  -671.800     0.014
  -671.700     0.014
  -671.601     0.013
  -671.501     0.017
  -671.401     0.016
  -671.302     0.016
  -671.202     0.017
  -671.103     0.018
  -671.003     0.019
  -670.903     0.018
  -670.804     0.018
  -670.704     0.018
  -670.605     0.018
  -670.505     0.018
  -670.405     0.019
  -670.306     0.017
  -670.206     0.017
  -670.106     0.017
  -670.007     0.017
  -669.907     0.017
  -669.808     0.015
  -669.708     0.014
  -669.608     0.014
  -669.509     0.016
  -669.409     0.016
  -669.310     0.016
  -669.210     0.015
  -669.110     0.016
  -669.011     0.015
  -668.911     0.017
  -668.812     0.016
  -668.712     0.016
  -668.612     0.016
  -668.513     0.017
  -668.413     0.016
  -668.314     0.015
  -668.214     0.016
  -668.114     0.016
  -668.015     0.016
  -667.915     0.017
  -667.815     0.015
  -667.716     0.016
  -667.616     0.016
  -667.517     0.015
  -667.417     0.015
  -667.317     0.017
  -667.218     0.016
  -667.118     0.017
  -667.019     0.018
  -666.919     0.019
  -666.819     0.020
  -666.720     0.020
  -666.620     0.020
  -666.520     0.020
  -666.421     0.021
  -666.321     0.020
  -666.222     0.021
  -666.122     0.018
  -666.023     0.016
  -665.923     0.017
  -665.823     0.015
  -665.724     0.015
  -665.624     0.015
  -665.525     0.016
  -665.425     0.014
  -665.325     0.014
  -665.226     0.014
  -665.126     0.015
  -665.026     0.015
  -664.927     0.015
  -664.827     0.016
  -664.728     0.019
  -664.628     0.020
  -664.528     0.024
  -664.429     0.027
  -664.329     0.029
  -664.230     0.029
  -664.130     0.030
  -664.030     0.028
  -663.931     0.026
  -663.831     0.023
  -663.731     0.018
  -663.632     0.016
  -663.532     0.014
  -663.433     0.015
  -663.333     0.016
  -663.233     0.017
  -663.134     0.017
  -663.034     0.017
  -662.935     0.017
  -662.835     0.018
  -662.735     0.021
  -662.636     0.023
  -662.536     0.026
  -662.437     0.029
  -662.337     0.029
  -662.237     0.030
  -662.138     0.029
  -662.038     0.030
  -661.939     0.030
  -661.839     0.029
  -661.739     0.028
  -661.640     0.026
  -661.540     0.023
  -661.440     0.019
  -661.341     0.016
  -661.241     0.015
  -661.142     0.016
  -661.042     0.017
  -660.942     0.018
  -660.843     0.019
  -660.743     0.019
  -660.644     0.020
  -660.544     0.020
  -660.444     0.020
  -660.345     0.019
  -660.245     0.020
  -660.145     0.017
  -660.046     0.017
  -659.946     0.016
  -659.847     0.016
  -659.747     0.016
  -659.648     0.016
  -659.548     0.017
  -659.448     0.016
  -659.349     0.017
  -659.249     0.018
  -659.150     0.018
  -659.050     0.015
  -658.950     0.016
  -658.851     0.019
  -658.751     0.018
  -658.651     0.018
  -658.552     0.019
  -658.452     0.017
  -658.353     0.017
  -658.253     0.016
  -658.153     0.017
  -658.054     0.016
  -657.954     0.017
  -657.855     0.018
  -657.755     0.017
  -657.655     0.017
  -657.556     0.016
  -657.456     0.015
  -657.356     0.016
  -657.257     0.016
  -657.157     0.018
  -657.058     0.021
  -656.958     0.023
  -656.858     0.026
  -656.759     0.028
  -656.659     0.029
  -656.560     0.027
  -656.460     0.029
  -656.360     0.028
  -656.261     0.028
  -656.161     0.027
  -656.062     0.026
  -655.962     0.023
  -655.862     0.017
  -655.763     0.017
  -655.663     0.014
  -655.564     0.015
  -655.464     0.015
  -655.364     0.016
  -655.265     0.015
  -655.165     0.018
  -655.065     0.017
  -654.966     0.019
  -654.866     0.018
  -654.767     0.021
  -654.667     0.023
  -654.567     0.027
  -654.468     0.029
  -654.368     0.028
  -654.269     0.028
  -654.169     0.028
  -654.069     0.028
  -653.970     0.030
  -653.870     0.028
  -653.770     0.029
  -653.671     0.028
  -653.571     0.027
  -653.472     0.025
  -653.372     0.021
  -653.273     0.015
  -653.173     0.017
  -653.073     0.016
  -652.974     0.015
  -652.874     0.015
  -652.775     0.016
  -652.675     0.017
  -652.575     0.017
  -652.476     0.017
  -652.376     0.018
  -652.276     0.019
  -652.177     0.020
  -652.077     0.021
  -651.978     0.020
  -651.878     0.021
  -651.778     0.020
  -651.679     0.018
  -651.579     0.016
  -651.480     0.016
  -651.380     0.016
  -651.280     0.015
  -651.181     0.016
  -651.081     0.016
  -650.981     0.017
  -650.882     0.017
  -650.782     0.016
  -650.683     0.016
  -650.583     0.017
  -650.483     0.018
  -650.384     0.017
  -650.284     0.017
  -650.185     0.018
  -650.085     0.018
  -649.985     0.017
  -649.886     0.017
  -649.786     0.016
  -649.687     0.018
  -649.587     0.017
  -649.487     0.020
  -649.388     0.020
  -649.288     0.019
  -649.189     0.019
  -649.089     0.019
  -648.989     0.019
  -648.890     0.016
  -648.790     0.014
  -648.690     0.017
  -648.591     0.015
  -648.491     0.017
  -648.392     0.017
  -648.292     0.017
  -648.192     0.017
  -648.093     0.016
  -647.993     0.017
  -647.894     0.017
  -647.794     0.016
  -647.694     0.015
  -647.595     0.017
  -647.495     0.017
  -647.395     0.019
  -647.296     0.021
  -647.196     0.020
  -647.097     0.019
  -646.997     0.022
  -646.898     0.022
  -646.798     0.022
  -646.698     0.025
  -646.599     0.030
  -646.499     0.031
  -646.400     0.030
  -646.300     0.029
  -646.200     0.027
  -646.101     0.027
  -646.001     0.023
  -645.901     0.016
  -645.802     0.017
  -645.702     0.015
  -645.603     0.016
  -645.503     0.017
  -645.403     0.016
  -645.304     0.019
  -645.204     0.018
  -645.105     0.018
  -645.005     0.020
  -644.905     0.019
  -644.806     0.021
  -644.706     0.021
  -644.606     0.022
  -644.507     0.023
  -644.407     0.029
  -644.308     0.031
  -644.208     0.031
  -644.108     0.030
  -644.009     0.029
  -643.909     0.028
  -643.810     0.027
  -643.710     0.026
  -643.610     0.025
  -643.511     0.022
  -643.411     0.018
  -643.312     0.018
  -643.212     0.017
  -643.112     0.017
  -643.013     0.016
  -642.913     0.018
  -642.814     0.016
  -642.714     0.016
  -642.614     0.016
  -642.515     0.017
  -642.415     0.018
  -642.315     0.017
  -642.216     0.020
  -642.116     0.020
  -642.017     0.019
  -641.917     0.021
  -641.817     0.020
  -641.718     0.020
  -641.618     0.020
  -641.519     0.019
  -641.419     0.018
  -641.319     0.018
  -641.220     0.017
  -641.120     0.015
  -641.020     0.015
  -640.921     0.016
  -640.821     0.016
  -640.722     0.016
  -640.622     0.018
  -640.523     0.019
  -640.423     0.019
  -640.323     0.020
  -640.224     0.023
  -640.124     0.028
  -640.025     0.030
  -639.925     0.030
  -639.825     0.031
  -639.726     0.031
  -639.626     0.029
  -639.526     0.028
  -639.427     0.026
  -639.327     0.024
  -639.228     0.018
  -639.128     0.016
  -639.028     0.014
  -638.929     0.016
  -638.829     0.017
  -638.730     0.018
  -638.630     0.018
  -638.530     0.018
  -638.431     0.019
  -638.331     0.020
  -638.231     0.019
  -638.132     0.020
  -638.032     0.020
  -637.933     0.021
  -637.833     0.026
  -637.733     0.030
  -637.634     0.030
  -637.534     0.030
  -637.435     0.030
  -637.335     0.028
  -637.235     0.028
  -637.136     0.026
  -637.036     0.024
  -636.937     0.018
  -636.837     0.017
  -636.737     0.015
  -636.638     0.017
  -636.538     0.018
  -636.439     0.018
  -636.339     0.018
  -636.239     0.017
  -636.140     0.017
  -636.040     0.018
  -635.940     0.018
  -635.841     0.019
  -635.741     0.019
  -635.642     0.019
  -635.542     0.019
  -635.442     0.018
  -635.343     0.019
  -635.243     0.017
  -635.144     0.017
  -635.044     0.018
  -634.944     0.018
  -634.845     0.018
  -634.745     0.017
  -634.645     0.018
  -634.546     0.017
  -634.446     0.019
  -634.347     0.018
  -634.247     0.019
  -634.148     0.021
  -634.048     0.019
  -633.948     0.018
  -633.849     0.018
  -633.749     0.019
  -633.650     0.018
  -633.550     0.018
  -633.450     0.018
  -633.351     0.018
  -633.251     0.018
  -633.151     0.021
  -633.052     0.019
  -632.952     0.020
  -632.853     0.019
  -632.753     0.018
  -632.653     0.019
  -632.554     0.019
  -632.454     0.019
  -632.355     0.019
  -632.255     0.018
  -632.155     0.019
  -632.056     0.018
  -631.956     0.018
  -631.856     0.019
  -631.757     0.019
  -631.657     0.019
  -631.558     0.020
  -631.458     0.020
  -631.358     0.021
  -631.259     0.019
  -631.159     0.019
  -631.060     0.018
  -630.960     0.018
  -630.860     0.019
  -630.761     0.018
  -630.661     0.017
  -630.562     0.019
  -630.462     0.018
  -630.362     0.021
  -630.263     0.020
  -630.163     0.021
  -630.064     0.023
  -629.964     0.022
  -629.864     0.023
  -629.765     0.025
  -629.665     0.029
  -629.565     0.032
  -629.466     0.032
  -629.366     0.031
  -629.267     0.031
  -629.167     0.029
  -629.067     0.028
  -628.968     0.028
  -628.868     0.022
  -628.769     0.020
  -628.669     0.018
  -628.569     0.017
  -628.470     0.018
  -628.370     0.017
  -628.270     0.018
  -628.171     0.019
  -628.071     0.016
  -627.972     0.017
  -627.872     0.019
  -627.773     0.019
  -627.673     0.021
  -627.573     0.022
  -627.474     0.022
  -627.374     0.024
  -627.275     0.025
  -627.175     0.027
  -627.075     0.031
  -626.976     0.030
  -626.876     0.031
  -626.776     0.031
  -626.677     0.031
  -626.577     0.030
  -626.478     0.028
  -626.378     0.027
  -626.278     0.025
  -626.179     0.020
  -626.079     0.019
  -625.980     0.019
  -625.880     0.018
  -625.780     0.018
  -625.681     0.019
  -625.581     0.018
  -625.481     0.018
  -625.382     0.019
  -625.282     0.019
  -625.183     0.020
  -625.083     0.017
  -624.983     0.018
  -624.884     0.019
  -624.784     0.020
  -624.685     0.020
  -624.585     0.022
  -624.485     0.021
  -624.386     0.021
  -624.286     0.022
  -624.187     0.021
  -624.087     0.020
  -623.987     0.018
  -623.888     0.018
  -623.788     0.017
  -623.689     0.018
  -623.589     0.019
  -623.489     0.018
  -623.390     0.018
  -623.290     0.019
  -623.190     0.019
  -623.091     0.018
  -622.991     0.018
  -622.892     0.019
  -622.792     0.018
  -622.692     0.019
  -622.593     0.019
  -622.493     0.020
  -622.394     0.020
  -622.294     0.022
  -622.194     0.023
  -622.095     0.024
  -621.995     0.024
  -621.895     0.023
  -621.796     0.024
  -621.696     0.022
  -621.597     0.022
  -621.497     0.021
  -621.398     0.020
  -621.298     0.018
  -621.198     0.018
  -621.099     0.017
  -620.999     0.017
  -620.900     0.016
  -620.800     0.018
  -620.700     0.018
  -620.601     0.019
  -620.501     0.019
  -620.401     0.017
  -620.302     0.018
  -620.202     0.019
  -620.103     0.019
  -620.003     0.021
  -619.903     0.024
  -619.804     0.029
  -619.704     0.032
  -619.605     0.033
  -619.505     0.032
  -619.405     0.033
  -619.306     0.032
  -619.206     0.032
  -619.106     0.031
  -619.007     0.028
  -618.907     0.025
  -618.808     0.021
  -618.708     0.018
  -618.608     0.018
  -618.509     0.018
  -618.409     0.018
  -618.310     0.016
  -618.210     0.016
  -618.110     0.018
  -618.011     0.019
  -617.911     0.022
  -617.812     0.023
  -617.712     0.028
  -617.612     0.032
  -617.513     0.032
  -617.413     0.034
  -617.314     0.032
  -617.214     0.032
  -617.114     0.030
  -617.015     0.029
  -616.915     0.028
  -616.815     0.025
  -616.716     0.020
  -616.616     0.019
  -616.517     0.018
  -616.417     0.018
  -616.317     0.019
  -616.218     0.019
  -616.118     0.019
  -616.019     0.018
  -615.919     0.020
  -615.819     0.019
  -615.720     0.018
  -615.620     0.018
  -615.520     0.018
  -615.421     0.019
  -615.321     0.019
  -615.222     0.021
  -615.122     0.023
  -615.023     0.022
  -614.923     0.023
  -614.823     0.023
  -614.724     0.022
  -614.624     0.023
  -614.525     0.021
  -614.425     0.020
  -614.325     0.018
  -614.226     0.018
  -614.126     0.019
  -614.026     0.018
  -613.927     0.019
  -613.827     0.019
  -613.728     0.020
  -613.628     0.020
  -613.528     0.020
  -613.429     0.021
  -613.329     0.022
  -613.230     0.023
  -613.130     0.023
  -613.030     0.026
  -612.931     0.031
  -612.831     0.032
  -612.731     0.034
  -612.632     0.032
  -612.532     0.031
  -612.433     0.029
  -612.333     0.028
  -612.233     0.026
  -612.134     0.020
  -612.034     0.019
  -611.935     0.019
  -611.835     0.018
  -611.735     0.019
  -611.636     0.018
  -611.536     0.019
  -611.437     0.019
  -611.337     0.017
  -611.237     0.020
  -611.138     0.019
  -611.038     0.020
  -610.939     0.021
  -610.839     0.021
  -610.739     0.021
  -610.640     0.021
  -610.540     0.022
  -610.440     0.021
  -610.341     0.021
  -610.241     0.020
  -610.142     0.019
  -610.042     0.020
  -609.942     0.019
  -609.843     0.019
  -609.743     0.019
  -609.644     0.019
  -609.544     0.019
  -609.444     0.018
  -609.345     0.020
  -609.245     0.020
  -609.145     0.019
  -609.046     0.017
  -608.946     0.019
  -608.847     0.020
  -608.747     0.022
  -608.648     0.023
  -608.548     0.025
  -608.448     0.030
  -608.349     0.033
  -608.249     0.034
  -608.150     0.033
  -608.050     0.034
  -607.950     0.033
  -607.851     0.032
  -607.751     0.031
  -607.651     0.028
  -607.552     0.021
  -607.452     0.018
  -607.353     0.019
  -607.253     0.020
  -607.153     0.019
  -607.054     0.019
  -606.954     0.019
  -606.855     0.020
  -606.755     0.021
  -606.655     0.019
  -606.556     0.018
  -606.456     0.019
  -606.356     0.019
  -606.257     0.020
  -606.157     0.020
  -606.058     0.021
  -605.958     0.020
  -605.858     0.022
  -605.759     0.021
  -605.659     0.022
  -605.560     0.021
  -605.460     0.018
  -605.360     0.020
  -605.261     0.020
  -605.161     0.019
  -605.062     0.020
  -604.962     0.019
  -604.862     0.019
  -604.763     0.019
  -604.663     0.020
  -604.564     0.022
  -604.464     0.022
  -604.364     0.023
  -604.265     0.024
  -604.165     0.025
  -604.065     0.026
  -603.966     0.026
  -603.866     0.028
  -603.767     0.031
  -603.667     0.033
  -603.567     0.034
  -603.468     0.033
  -603.368     0.030
  -603.269     0.026
  -603.169     0.020
  -603.069     0.019
  -602.970     0.018
  -602.870     0.019
  -602.770     0.018
  -602.671     0.020
  -602.571     0.019
  -602.472     0.020
  -602.372     0.019
  -602.273     0.021
  -602.173     0.019
  -602.073     0.019
  -601.974     0.020
  -601.874     0.019
  -601.775     0.018
  -601.675     0.020
  -601.575     0.020
  -601.476     0.020
  -601.376     0.021
  -601.276     0.021
  -601.177     0.022
  -601.077     0.024
  -600.978     0.023
  -600.878     0.024
  -600.778     0.022
  -600.679     0.022
  -600.579     0.020
  -600.480     0.020
  -600.380     0.021
  -600.280     0.020
  -600.181     0.021
  -600.081     0.020
  -599.981     0.020
  -599.882     0.021
  -599.782     0.021
  -599.683     0.023
  -599.583     0.022
  -599.483     0.023
  -599.384     0.024
  -599.284     0.023
  -599.185     0.024
  -599.085     0.022
  -598.985     0.023
  -598.886     0.023
  -598.786     0.023
  -598.687     0.022
  -598.587     0.021
  -598.487     0.021
  -598.388     0.020
  -598.288     0.021
  -598.189     0.022
  -598.089     0.021
  -597.989     0.021
  -597.890     0.021
  -597.790     0.021
  -597.690     0.020
  -597.591     0.020
  -597.491     0.021
  -597.392     0.019
  -597.292     0.021
  -597.192     0.022
  -597.093     0.021
  -596.993     0.023
  -596.894     0.022
  -596.794     0.021
  -596.694     0.020
  -596.595     0.020
  -596.495     0.018
  -596.395     0.020
  -596.296     0.021
  -596.196     0.020
  -596.097     0.021
  -595.997     0.021
  -595.898     0.022
  -595.798     0.021
  -595.698     0.022
  -595.599     0.021
  -595.499     0.021
  -595.400     0.020
  -595.300     0.021
  -595.200     0.020
  -595.101     0.020
  -595.001     0.021
  -594.901     0.021
  -594.802     0.021
  -594.702     0.022
  -594.603     0.022
  -594.503     0.021
  -594.403     0.020
  -594.304     0.021
  -594.204     0.020
  -594.105     0.020
  -594.005     0.020
  -593.905     0.021
  -593.806     0.020
  -593.706     0.021
  -593.606     0.021
  -593.507     0.020
  -593.407     0.020
  -593.308     0.019
  -593.208     0.019
  -593.108     0.022
  -593.009     0.023
  -592.909     0.024
  -592.810     0.026
  -592.710     0.027
  -592.610     0.031
  -592.511     0.034
  -592.411     0.036
  -592.312     0.035
  -592.212     0.034
  -592.112     0.032
  -592.013     0.031
  -591.913     0.029
  -591.814     0.026
  -591.714     0.022
  -591.614     0.022
  -591.515     0.021
  -591.415     0.020
  -591.315     0.020
  -591.216     0.021
  -591.116     0.020
  -591.017     0.022
  -590.917     0.023
  -590.817     0.023
  -590.718     0.021
  -590.618     0.023
  -590.519     0.021
  -590.419     0.022
  -590.319     0.021
  -590.220     0.020
  -590.120     0.021
  -590.020     0.021
  -589.921     0.021
  -589.821     0.020
  -589.722     0.022
  -589.622     0.021
  -589.523     0.022
  -589.423     0.023
  -589.323     0.021
  -589.224     0.022
  -589.124     0.022
  -589.025     0.022
  -588.925     0.021
  -588.825     0.020
  -588.726     0.023
  -588.626     0.022
  -588.526     0.020
  -588.427     0.022
  -588.327     0.021
  -588.228     0.021
  -588.128     0.024
  -588.028     0.022
  -587.929     0.021
  -587.829     0.023
  -587.730     0.023
  -587.630     0.024
  -587.530     0.024
  -587.431     0.025
  -587.331     0.025
  -587.231     0.025
  -587.132     0.022
  -587.032     0.021
  -586.933     0.021
  -586.833     0.022
  -586.733     0.022
  -586.634     0.020
  -586.534     0.022
  -586.435     0.023
  -586.335     0.023
  -586.235     0.024
  -586.136     0.024
  -586.036     0.023
  -585.937     0.025
  -585.837     0.022
  -585.737     0.022
  -585.638     0.020
  -585.538     0.021
  -585.439     0.021
  -585.339     0.022
  -585.239     0.022
  -585.140     0.024
  -585.040     0.026
  -584.940     0.027
  -584.841     0.031
  -584.741     0.033
  -584.642     0.033
  -584.542     0.033
  -584.442     0.034
  -584.343     0.034
  -584.243     0.035
  -584.144     0.033
  -584.044     0.032
  -583.944     0.030
  -583.845     0.028
  -583.745     0.025
  -583.645     0.022
  -583.546     0.021
  -583.446     0.022
  -583.347     0.021
  -583.247     0.022
  -583.148     0.022
  -583.048     0.020
  -582.948     0.020
  -582.849     0.022
  -582.749     0.024
  -582.650     0.022
  -582.550     0.022
  -582.450     0.024
  -582.351     0.022
  -582.251     0.024
  -582.151     0.024
  -582.052     0.024
  -581.952     0.024
  -581.853     0.023
  -581.753     0.023
  -581.653     0.025
  -581.554     0.025
  -581.454     0.025
  -581.355     0.022
  -581.255     0.022
  -581.155     0.022
  -581.056     0.021
  -580.956     0.022
  -580.856     0.022
  -580.757     0.021
  -580.657     0.024
  -580.558     0.023
  -580.458     0.023
  -580.358     0.021
  -580.259     0.023
  -580.159     0.022
  -580.060     0.023
  -579.960     0.023
  -579.860     0.023
  -579.761     0.023
  -579.661     0.022
  -579.562     0.024
  -579.462     0.023
  -579.362     0.024
  -579.263     0.026
  -579.163     0.025
  -579.064     0.027
  -578.964     0.028
  -578.864     0.029
  -578.765     0.033
  -578.665     0.034
  -578.565     0.034
  -578.466     0.034
  -578.366     0.035
  -578.267     0.034
  -578.167     0.031
  -578.067     0.029
  -577.968     0.026
  -577.868     0.022
  -577.769     0.021
  -577.669     0.022
  -577.569     0.023
  -577.470     0.022
  -577.370     0.022
  -577.270     0.022
  -577.171     0.023
  -577.071     0.022
  -576.972     0.023
  -576.872     0.023
  -576.773     0.024
  -576.673     0.025
  -576.573     0.026
  -576.474     0.027
  -576.374     0.027
  -576.275     0.027
  -576.175     0.030
  -576.075     0.030
  -575.976     0.035
  -575.876     0.035
  -575.776     0.037
  -575.677     0.038
  -575.577     0.035
  -575.478     0.036
  -575.378     0.034
  -575.278     0.034
  -575.179     0.031
  -575.079     0.026
  -574.980     0.024
  -574.880     0.023
  -574.780     0.022
  -574.681     0.023
  -574.581     0.023
  -574.481     0.023
  -574.382     0.023
  -574.282     0.023
  -574.183     0.023
  -574.083     0.023
  -573.983     0.023
  -573.884     0.023
  -573.784     0.022
  -573.685     0.024
  -573.585     0.022
  -573.485     0.024
  -573.386     0.024
  -573.286     0.023
  -573.187     0.022
  -573.087     0.023
  -572.987     0.025
  -572.888     0.027
  -572.788     0.027
  -572.689     0.030
  -572.589     0.033
  -572.489     0.036
  -572.390     0.037
  -572.290     0.038
  -572.190     0.037
  -572.091     0.038
  -571.991     0.037
  -571.892     0.036
  -571.792     0.034
  -571.692     0.028
  -571.593     0.024
  -571.493     0.022
  -571.394     0.022
  -571.294     0.024
  -571.194     0.023
  -571.095     0.023
  -570.995     0.025
  -570.895     0.026
  -570.796     0.026
  -570.696     0.027
  -570.597     0.028
  -570.497     0.027
  -570.398     0.024
  -570.298     0.023
  -570.198     0.023
  -570.099     0.023
  -569.999     0.022
  -569.900     0.023
  -569.800     0.024
  -569.700     0.026
  -569.601     0.025
  -569.501     0.023
  -569.401     0.023
  -569.302     0.024
  -569.202     0.023
  -569.103     0.025
  -569.003     0.024
  -568.903     0.024
  -568.804     0.024
  -568.704     0.023
  -568.605     0.023
  -568.505     0.026
  -568.405     0.023
  -568.306     0.025
  -568.206     0.024
  -568.106     0.025
  -568.007     0.024
  -567.907     0.024
  -567.808     0.023
  -567.708     0.024
  -567.608     0.025
  -567.509     0.025
  -567.409     0.025
  -567.310     0.026
  -567.210     0.025
  -567.110     0.026
  -567.011     0.026
  -566.911     0.024
  -566.812     0.023
  -566.712     0.025
  -566.612     0.026
  -566.513     0.025
  -566.413     0.024
  -566.314     0.025
  -566.214     0.024
  -566.114     0.024
  -566.015     0.024
  -565.915     0.024
  -565.815     0.026
  -565.716     0.026
  -565.616     0.024
  -565.517     0.025
  -565.417     0.024
  -565.317     0.024
  -565.218     0.025
  -565.118     0.024
  -565.019     0.025
  -564.919     0.025
  -564.819     0.025
  -564.720     0.025
  -564.620     0.027
  -564.520     0.025
  -564.421     0.025
  -564.321     0.023
  -564.222     0.024
  -564.122     0.024
  -564.023     0.024
  -563.923     0.024
  -563.823     0.025
  -563.724     0.024
  -563.624     0.025
  -563.525     0.028
  -563.425     0.028
  -563.325     0.027
  -563.226     0.027
  -563.126     0.027
  -563.026     0.025
  -562.927     0.024
  -562.827     0.025
  -562.728     0.024
  -562.628     0.024
  -562.528     0.023
  -562.429     0.024
  -562.329     0.025
  -562.230     0.025
  -562.130     0.025
  -562.030     0.026
  -561.931     0.027
  -561.831     0.026
  -561.731     0.026
  -561.632     0.025
  -561.532     0.025
  -561.433     0.024
  -561.333     0.025
  -561.233     0.024
  -561.134     0.025
  -561.034     0.024
  -560.935     0.025
  -560.835     0.025
  -560.735     0.024
  -560.636     0.025
  -560.536     0.024
  -560.437     0.024
  -560.337     0.026
  -560.237     0.024
  -560.138     0.026
  -560.038     0.025
  -559.939     0.024
  -559.839     0.024
  -559.739     0.024
  -559.640     0.024
  -559.540     0.025
  -559.440     0.025
  -559.341     0.026
  -559.241     0.026
  -559.142     0.026
  -559.042     0.029
  -558.942     0.029
  -558.843     0.031
  -558.743     0.036
  -558.644     0.037
  -558.544     0.038
  -558.444     0.036
  -558.345     0.037
  -558.245     0.036
  -558.145     0.037
  -558.046     0.037
  -557.946     0.037
  -557.847     0.037
  -557.747     0.037
  -557.648     0.035
  -557.548     0.035
  -557.448     0.033
  -557.349     0.027
  -557.249     0.024
  -557.150     0.024
  -557.050     0.025
  -556.950     0.023
  -556.851     0.023
  -556.751     0.024
  -556.651     0.023
  -556.552     0.023
  -556.452     0.025
  -556.353     0.025
  -556.253     0.026
  -556.153     0.026
  -556.054     0.027
  -555.954     0.028
  -555.855     0.029
  -555.755     0.030
  -555.655     0.029
  -555.556     0.030
  -555.456     0.029
  -555.356     0.030
  -555.257     0.029
  -555.157     0.031
  -555.058     0.029
  -554.958     0.030
  -554.858     0.028
  -554.759     0.028
  -554.659     0.026
  -554.560     0.023
  -554.460     0.024
  -554.360     0.023
  -554.261     0.024
  -554.161     0.025
  -554.062     0.025
  -553.962     0.026
  -553.862     0.026
  -553.763     0.024
  -553.663     0.025
  -553.564     0.025
  -553.464     0.024
  -553.364     0.025
  -553.265     0.025
  -553.165     0.026
  -553.065     0.026
  -552.966     0.025
  -552.866     0.025
  -552.767     0.025
  -552.667     0.027
  -552.567     0.028
  -552.468     0.028
  -552.368     0.030
  -552.269     0.029
  -552.169     0.029
  -552.069     0.031
  -551.970     0.031
  -551.870     0.031
  -551.770     0.035
  -551.671     0.037
  -551.571     0.039
  -551.472     0.039
  -551.372     0.039
  -551.273     0.036
  -551.173     0.036
  -551.073     0.031
  -550.974     0.026
  -550.874     0.025
  -550.775     0.024
  -550.675     0.026
  -550.575     0.025
  -550.476     0.026
  -550.376     0.025
  -550.276     0.026
  -550.177     0.026
  -550.077     0.028
  -549.978     0.030
  -549.878     0.031
  -549.778     0.031
  -549.679     0.032
  -549.579     0.037
  -549.480     0.038
  -549.380     0.039
  -549.280     0.038
  -549.181     0.039
  -549.081     0.037
  -548.981     0.037
  -548.882     0.034
  -548.782     0.030
  -548.683     0.027
  -548.583     0.025
  -548.483     0.025
  -548.384     0.024
  -548.284     0.024
  -548.185     0.025
  -548.085     0.027
  -547.985     0.026
  -547.886     0.026
  -547.786     0.025
  -547.687     0.027
  -547.587     0.026
  -547.487     0.027
  -547.388     0.026
  -547.288     0.026
  -547.189     0.027
  -547.089     0.028
  -546.989     0.029
  -546.890     0.029
  -546.790     0.029
  -546.690     0.029
  -546.591     0.030
  -546.491     0.028
  -546.392     0.028
  -546.292     0.026
  -546.192     0.025
  -546.093     0.024
  -545.993     0.026
  -545.894     0.026
  -545.794     0.026
  -545.694     0.028
  -545.595     0.026
  -545.495     0.026
  -545.395     0.026
  -545.296     0.027
  -545.196     0.027
  -545.097     0.028
  -544.997     0.026
  -544.898     0.027
  -544.798     0.027
  -544.698     0.026
  -544.599     0.025
  -544.499     0.028
  -544.400     0.028
  -544.300     0.030
  -544.200     0.032
  -544.101     0.037
  -544.001     0.038
  -543.901     0.040
  -543.802     0.041
  -543.702     0.041
  -543.603     0.038
  -543.503     0.036
  -543.403     0.030
  -543.304     0.029
  -543.204     0.027
  -543.105     0.026
  -543.005     0.028
  -542.905     0.027
  -542.806     0.027
  -542.706     0.029
  -542.606     0.026
  -542.507     0.027
  -542.407     0.028
  -542.308     0.029
  -542.208     0.029
  -542.108     0.028
  -542.009     0.031
  -541.909     0.030
  -541.810     0.031
  -541.710     0.030
  -541.610     0.029
  -541.511     0.030
  -541.411     0.029
  -541.312     0.028
  -541.212     0.027
  -541.112     0.026
  -541.013     0.026
  -540.913     0.027
  -540.814     0.029
  -540.714     0.028
  -540.614     0.029
  -540.515     0.028
  -540.415     0.028
  -540.315     0.029
  -540.216     0.030
  -540.116     0.028
  -540.017     0.027
  -539.917     0.027
  -539.817     0.027
  -539.718     0.026
  -539.618     0.027
  -539.519     0.028
  -539.419     0.027
  -539.319     0.027
  -539.220     0.027
  -539.120     0.027
  -539.020     0.027
  -538.921     0.029
  -538.821     0.029
  -538.722     0.028
  -538.622     0.028
  -538.523     0.028
  -538.423     0.028
  -538.323     0.027
  -538.224     0.026
  -538.124     0.028
  -538.025     0.028
  -537.925     0.028
  -537.825     0.030
  -537.726     0.032
  -537.626     0.034
  -537.526     0.038
  -537.427     0.041
  -537.327     0.041
  -537.228     0.042
  -537.128     0.041
  -537.028     0.041
  -536.929     0.042
  -536.829     0.041
  -536.730     0.039
  -536.630     0.036
  -536.530     0.030
  -536.431     0.028
  -536.331     0.029
  -536.231     0.029
  -536.132     0.028
  -536.032     0.029
  -535.933     0.028
  -535.833     0.028
  -535.733     0.029
  -535.634     0.028
  -535.534     0.029
  -535.435     0.030
  -535.335     0.027
  -535.235     0.027
  -535.136     0.028
  -535.036     0.029
  -534.937     0.030
  -534.837     0.030
  -534.737     0.028
  -534.638     0.029
  -534.538     0.029
  -534.439     0.028
  -534.339     0.028
  -534.239     0.030
  -534.140     0.029
  -534.040     0.029
  -533.940     0.029
  -533.841     0.032
  -533.741     0.032
  -533.642     0.034
  -533.542     0.039
  -533.442     0.040
  -533.343     0.042
  -533.243     0.042
  -533.144     0.041
  -533.044     0.039
  -532.944     0.038
  -532.845     0.036
  -532.745     0.031
  -532.645     0.027
  -532.546     0.026
  -532.446     0.026
  -532.347     0.027
  -532.247     0.027
  -532.148     0.026
  -532.048     0.027
  -531.948     0.029
  -531.849     0.029
  -531.749     0.031
  -531.650     0.032
  -531.550     0.037
  -531.450     0.040
  -531.351     0.041
  -531.251     0.042
  -531.151     0.042
  -531.052     0.041
  -530.952     0.041
  -530.853     0.039
  -530.753     0.035
  -530.653     0.032
  -530.554     0.028
  -530.454     0.028
  -530.355     0.027
  -530.255     0.028
  -530.155     0.027
  -530.056     0.029
  -529.956     0.029
  -529.856     0.031
  -529.757     0.029
  -529.657     0.032
  -529.558     0.031
  -529.458     0.029
  -529.358     0.030
  -529.259     0.028
  -529.159     0.029
  -529.060     0.028
  -528.960     0.027
  -528.860     0.029
  -528.761     0.028
  -528.661     0.027
  -528.562     0.028
  -528.462     0.028
  -528.362     0.030
  -528.263     0.030
  -528.163     0.031
  -528.064     0.032
  -527.964     0.034
  -527.864     0.040
  -527.765     0.041
  -527.665     0.042
  -527.565     0.042
  -527.466     0.041
  -527.366     0.040
  -527.267     0.040
  -527.167     0.040
  -527.067     0.037
  -526.968     0.032
  -526.868     0.029
  -526.769     0.029
  -526.669     0.028
  -526.569     0.028
  -526.470     0.030
  -526.370     0.028
  -526.270     0.027
  -526.171     0.029
  -526.071     0.030
  -525.972     0.030
  -525.872     0.031
  -525.773     0.032
  -525.673     0.033
  -525.573     0.035
  -525.474     0.040
  -525.374     0.041
  -525.275     0.043
  -525.175     0.043
  -525.075     0.041
  -524.976     0.042
  -524.876     0.043
  -524.776     0.041
  -524.677     0.041
  -524.577     0.040
  -524.478     0.039
  -524.378     0.037
  -524.278     0.030
  -524.179     0.029
  -524.079     0.028
  -523.980     0.029
  -523.880     0.028
  -523.780     0.028
  -523.681     0.029
  -523.581     0.030
  -523.481     0.030
  -523.382     0.031
  -523.282     0.031
  -523.183     0.030
  -523.083     0.028
  -522.983     0.029
  -522.884     0.029
  -522.784     0.029
  -522.685     0.030
  -522.585     0.032
  -522.485     0.032
  -522.386     0.033
  -522.286     0.034
  -522.187     0.033
  -522.087     0.035
  -521.987     0.038
  -521.888     0.041
  -521.788     0.041
  -521.689     0.043
  -521.589     0.044
  -521.489     0.044
  -521.390     0.041
  -521.290     0.041
  -521.190     0.038
  -521.091     0.033
  -520.991     0.031
  -520.892     0.029
  -520.792     0.029
  -520.692     0.028
  -520.593     0.029
  -520.493     0.030
  -520.394     0.029
  -520.294     0.028
  -520.194     0.030
  -520.095     0.028
  -519.995     0.030
  -519.895     0.030
  -519.796     0.030
  -519.696     0.030
  -519.597     0.030
  -519.497     0.031
  -519.398     0.030
  -519.298     0.031
  -519.198     0.028
  -519.099     0.030
  -518.999     0.031
  -518.900     0.028
  -518.800     0.029
  -518.700     0.029
  -518.601     0.030
  -518.501     0.029
  -518.401     0.029
  -518.302     0.030
  -518.202     0.030
  -518.103     0.031
  -518.003     0.033
  -517.903     0.033
  -517.804     0.033
  -517.704     0.034
  -517.605     0.038
  -517.505     0.043
  -517.405     0.042
  -517.306     0.045
  -517.206     0.041
  -517.106     0.043
  -517.007     0.043
  -516.907     0.043
  -516.808     0.042
  -516.708     0.041
  -516.608     0.039
  -516.509     0.036
  -516.409     0.031
  -516.310     0.029
  -516.210     0.029
  -516.110     0.028
  -516.011     0.029
  -515.911     0.030
  -515.812     0.030
  -515.712     0.031
  -515.612     0.031
  -515.513     0.031
  -515.413     0.030
  -515.314     0.029
  -515.214     0.031
  -515.114     0.030
  -515.015     0.032
  -514.915     0.031
  -514.815     0.033
  -514.716     0.032
  -514.616     0.034
  -514.517     0.035
  -514.417     0.038
  -514.317     0.042
  -514.218     0.044
  -514.118     0.044
  -514.019     0.042
  -513.919     0.044
  -513.819     0.043
  -513.720     0.041
  -513.620     0.040
  -513.520     0.039
  -513.421     0.037
  -513.321     0.031
  -513.222     0.030
  -513.122     0.030
  -513.023     0.030
  -512.923     0.032
  -512.823     0.033
  -512.724     0.033
  -512.624     0.034
  -512.525     0.038
  -512.425     0.043
  -512.325     0.044
  -512.226     0.043
  -512.126     0.042
  -512.026     0.040
  -511.927     0.039
  -511.827     0.036
  -511.728     0.031
  -511.628     0.029
  -511.528     0.029
  -511.429     0.031
  -511.329     0.030
  -511.230     0.032
  -511.130     0.033
  -511.030     0.032
  -510.931     0.034
  -510.831     0.032
  -510.731     0.034
  -510.632     0.035
  -510.532     0.033
  -510.433     0.032
  -510.333     0.032
  -510.233     0.031
  -510.134     0.031
  -510.034     0.032
  -509.935     0.032
  -509.835     0.033
  -509.735     0.033
  -509.636     0.034
  -509.536     0.033
  -509.437     0.032
  -509.337     0.031
  -509.237     0.031
  -509.138     0.031
  -509.038     0.031
  -508.939     0.031
  -508.839     0.029
  -508.739     0.030
  -508.640     0.031
  -508.540     0.035
  -508.440     0.036
  -508.341     0.044
  -508.241     0.045
  -508.142     0.045
  -508.042     0.045
  -507.942     0.045
  -507.843     0.045
  -507.743     0.044
  -507.644     0.042
  -507.544     0.041
  -507.444     0.034
  -507.345     0.031
  -507.245     0.030
  -507.145     0.030
  -507.046     0.030
  -506.946     0.032
  -506.847     0.034
  -506.747     0.035
  -506.648     0.035
  -506.548     0.035
  -506.448     0.036
  -506.349     0.038
  -506.249     0.043
  -506.150     0.044
  -506.050     0.046
  -505.950     0.044
  -505.851     0.044
  -505.751     0.042
  -505.651     0.040
  -505.552     0.039
  -505.452     0.034
  -505.353     0.029
  -505.253     0.030
  -505.153     0.029
  -505.054     0.031
  -504.954     0.030
  -504.855     0.032
  -504.755     0.031
  -504.655     0.032
  -504.556     0.032
  -504.456     0.032
  -504.356     0.032
  -504.257     0.031
  -504.157     0.032
  -504.058     0.031
  -503.958     0.032
  -503.858     0.034
  -503.759     0.032
  -503.659     0.032
  -503.560     0.032
  -503.460     0.032
  -503.360     0.032
  -503.261     0.032
  -503.161     0.034
  -503.062     0.034
  -502.962     0.036
  -502.862     0.039
  -502.763     0.044
  -502.663     0.045
  -502.564     0.046
  -502.464     0.046
  -502.364     0.046
  -502.265     0.046
  -502.165     0.044
  -502.065     0.044
  -501.966     0.042
  -501.866     0.037
  -501.767     0.033
  -501.667     0.033
  -501.567     0.031
  -501.468     0.033
  -501.368     0.032
  -501.269     0.032
  -501.169     0.032
  -501.069     0.032
  -500.970     0.033
  -500.870     0.032
  -500.770     0.032
  -500.671     0.031
  -500.571     0.033
  -500.472     0.032
  -500.372     0.033
  -500.273     0.033
  -500.173     0.032
  -500.073     0.034
  -499.974     0.034
  -499.874     0.034
  -499.775     0.033
  -499.675     0.032
  -499.575     0.032
  -499.476     0.032
  -499.376     0.033
  -499.276     0.034
  -499.177     0.036
  -499.077     0.038
  -498.978     0.041
  -498.878     0.045
  -498.778     0.048
  -498.679     0.047
  -498.579     0.047
  -498.480     0.046
  -498.380     0.045
  -498.280     0.042
  -498.181     0.039
  -498.081     0.034
  -497.981     0.033
  -497.882     0.033
  -497.782     0.033
  -497.683     0.034
  -497.583     0.033
  -497.483     0.034
  -497.384     0.032
  -497.284     0.032
  -497.185     0.033
  -497.085     0.033
  -496.985     0.034
  -496.886     0.035
  -496.786     0.034
  -496.687     0.035
  -496.587     0.034
  -496.487     0.034
  -496.388     0.034
  -496.288     0.034
  -496.189     0.035
  -496.089     0.033
  -495.989     0.033
  -495.890     0.034
  -495.790     0.035
  -495.690     0.035
  -495.591     0.033
  -495.491     0.033
  -495.392     0.034
  -495.292     0.035
  -495.192     0.035
  -495.093     0.035
  -494.993     0.034
  -494.894     0.035
  -494.794     0.036
  -494.694     0.035
  -494.595     0.037
  -494.495     0.035
  -494.395     0.036
  -494.296     0.036
  -494.196     0.035
  -494.097     0.035
  -493.997     0.034
  -493.898     0.034
  -493.798     0.033
  -493.698     0.035
  -493.599     0.034
  -493.499     0.036
  -493.400     0.036
  -493.300     0.036
  -493.200     0.036
  -493.101     0.034
  -493.001     0.033
  -492.901     0.033
  -492.802     0.033
  -492.702     0.035
  -492.603     0.034
  -492.503     0.034
  -492.403     0.035
  -492.304     0.036
  -492.204     0.035
  -492.105     0.036
  -492.005     0.035
  -491.905     0.033
  -491.806     0.035
  -491.706     0.035
  -491.606     0.034
  -491.507     0.036
  -491.407     0.036
  -491.308     0.034
  -491.208     0.033
  -491.108     0.033
  -491.009     0.033
  -490.909     0.035
  -490.810     0.034
  -490.710     0.036
  -490.610     0.035
  -490.511     0.035
  -490.411     0.034
  -490.312     0.035
  -490.212     0.034
  -490.112     0.034
  -490.013     0.034
  -489.913     0.035
  -489.814     0.035
  -489.714     0.036
  -489.614     0.037
  -489.515     0.040
  -489.415     0.043
  -489.315     0.047
  -489.216     0.048
  -489.116     0.048
  -489.017     0.047
  -488.917     0.049
  -488.817     0.049
  -488.718     0.048
  -488.618     0.046
  -488.519     0.043
  -488.419     0.040
  -488.319     0.035
  -488.220     0.034
  -488.120     0.035
  -488.020     0.033
  -487.921     0.034
  -487.821     0.035
  -487.722     0.034
  -487.622     0.034
  -487.523     0.035
  -487.423     0.036
  -487.323     0.037
  -487.224     0.038
  -487.124     0.038
  -487.025     0.039
  -486.925     0.039
  -486.825     0.040
  -486.726     0.042
  -486.626     0.045
  -486.526     0.046
  -486.427     0.048
  -486.327     0.047
  -486.228     0.047
  -486.128     0.045
  -486.028     0.044
  -485.929     0.041
  -485.829     0.035
  -485.730     0.034
  -485.630     0.035
  -485.530     0.033
  -485.431     0.033
  -485.331     0.033
  -485.231     0.034
  -485.132     0.033
  -485.032     0.034
  -484.933     0.034
  -484.833     0.035
  -484.733     0.037
  -484.634     0.037
  -484.534     0.036
  -484.435     0.038
  -484.335     0.037
  -484.235     0.039
  -484.136     0.037
  -484.036     0.038
  -483.937     0.039
  -483.837     0.038
  -483.737     0.038
  -483.638     0.037
  -483.538     0.037
  -483.439     0.036
  -483.339     0.036
  -483.239     0.035
  -483.140     0.034
  -483.040     0.035
  -482.940     0.037
  -482.841     0.036
  -482.741     0.036
  -482.642     0.036
  -482.542     0.035
  -482.442     0.036
  -482.343     0.036
  -482.243     0.038
  -482.144     0.037
  -482.044     0.038
  -481.944     0.038
  -481.845     0.036
  -481.745     0.037
  -481.645     0.037
  -481.546     0.036
  -481.446     0.036
  -481.347     0.035
  -481.247     0.035
  -481.148     0.035
  -481.048     0.036
  -480.948     0.034
  -480.849     0.035
  -480.749     0.035
  -480.650     0.036
  -480.550     0.037
  -480.450     0.037
  -480.351     0.036
  -480.251     0.037
  -480.151     0.037
  -480.052     0.038
  -479.952     0.037
  -479.853     0.037
  -479.753     0.036
  -479.653     0.036
  -479.554     0.037
  -479.454     0.036
  -479.355     0.036
  -479.255     0.036
  -479.155     0.036
  -479.056     0.037
  -478.956     0.037
  -478.856     0.036
  -478.757     0.038
  -478.657     0.037
  -478.558     0.037
  -478.458     0.036
  -478.358     0.037
  -478.259     0.036
  -478.159     0.036
  -478.060     0.038
  -477.960     0.038
  -477.860     0.037
  -477.761     0.038
  -477.661     0.041
  -477.562     0.045
  -477.462     0.048
  -477.362     0.050
  -477.263     0.051
  -477.163     0.051
  -477.064     0.050
  -476.964     0.047
  -476.864     0.047
  -476.765     0.044
  -476.665     0.037
  -476.565     0.035
  -476.466     0.036
  -476.366     0.034
  -476.267     0.035
  -476.167     0.036
  -476.067     0.038
  -475.968     0.037
  -475.868     0.038
  -475.769     0.039
  -475.669     0.040
  -475.569     0.043
  -475.470     0.047
  -475.370     0.050
  -475.270     0.048
  -475.171     0.050
  -475.071     0.049
  -474.972     0.049
  -474.872     0.046
  -474.773     0.046
  -474.673     0.044
  -474.573     0.040
  -474.474     0.035
  -474.374     0.036
  -474.275     0.035
  -474.175     0.036
  -474.075     0.036
  -473.976     0.037
  -473.876     0.037
  -473.776     0.036
  -473.677     0.037
  -473.577     0.038
  -473.478     0.037
  -473.378     0.038
  -473.278     0.037
  -473.179     0.038
  -473.079     0.037
  -472.980     0.038
  -472.880     0.037
  -472.780     0.039
  -472.681     0.037
  -472.581     0.038
  -472.481     0.039
  -472.382     0.038
  -472.282     0.037
  -472.183     0.039
  -472.083     0.038
  -471.983     0.039
  -471.884     0.038
  -471.784     0.038
  -471.685     0.038
  -471.585     0.037
  -471.485     0.039
  -471.386     0.038
  -471.286     0.039
  -471.187     0.036
  -471.087     0.038
  -470.987     0.038
  -470.888     0.038
  -470.788     0.039
  -470.689     0.040
  -470.589     0.038
  -470.489     0.039
  -470.390     0.039
  -470.290     0.038
  -470.190     0.039
  -470.091     0.038
  -469.991     0.039
  -469.892     0.040
  -469.792     0.040
  -469.692     0.040
  -469.593     0.039
  -469.493     0.037
  -469.394     0.038
  -469.294     0.039
  -469.194     0.036
  -469.095     0.037
  -468.995     0.040
  -468.895     0.041
  -468.796     0.041
  -468.696     0.039
  -468.597     0.038
  -468.497     0.039
  -468.398     0.038
  -468.298     0.038
  -468.198     0.038
  -468.099     0.040
  -467.999     0.040
  -467.900     0.042
  -467.800     0.042
  -467.700     0.041
  -467.601     0.042
  -467.501     0.041
  -467.401     0.039
  -467.302     0.038
  -467.202     0.037
  -467.103     0.041
  -467.003     0.038
  -466.903     0.040
  -466.804     0.041
  -466.704     0.044
  -466.605     0.045
  -466.505     0.050
  -466.405     0.051
  -466.306     0.051
  -466.206     0.052
  -466.106     0.050
  -466.007     0.048
  -465.907     0.043
  -465.808     0.039
  -465.708     0.039
  -465.608     0.040
  -465.509     0.039
  -465.409     0.041
  -465.310     0.041
  -465.210     0.040
  -465.110     0.039
  -465.011     0.039
  -464.911     0.039
  -464.812     0.039
  -464.712     0.039
  -464.612     0.039
  -464.513     0.040
  -464.413     0.039
  -464.314     0.040
  -464.214     0.040
  -464.114     0.042
  -464.015     0.043
  -463.915     0.044
  -463.815     0.045
  -463.716     0.046
  -463.616     0.045
  -463.517     0.045
  -463.417     0.047
  -463.317     0.051
  -463.218     0.052
  -463.118     0.051
  -463.019     0.054
  -462.919     0.052
  -462.819     0.052
  -462.720     0.050
  -462.620     0.048
  -462.520     0.042
  -462.421     0.039
  -462.321     0.037
  -462.222     0.038
  -462.122     0.039
  -462.023     0.039
  -461.923     0.037
  -461.823     0.041
  -461.724     0.042
  -461.624     0.041
  -461.525     0.043
  -461.425     0.046
  -461.325     0.048
  -461.226     0.052
  -461.126     0.053
  -461.026     0.053
  -460.927     0.054
  -460.827     0.053
  -460.728     0.054
  -460.628     0.051
  -460.528     0.049
  -460.429     0.043
  -460.329     0.042
  -460.230     0.041
  -460.130     0.041
  -460.030     0.041
  -459.931     0.042
  -459.831     0.042
  -459.731     0.043
  -459.632     0.042
  -459.532     0.042
  -459.433     0.043
  -459.333     0.041
  -459.233     0.043
  -459.134     0.040
  -459.034     0.041
  -458.935     0.040
  -458.835     0.041
  -458.735     0.042
  -458.636     0.041
  -458.536     0.042
  -458.437     0.042
  -458.337     0.044
  -458.237     0.043
  -458.138     0.043
  -458.038     0.042
  -457.939     0.042
  -457.839     0.043
  -457.739     0.042
  -457.640     0.042
  -457.540     0.042
  -457.440     0.041
  -457.341     0.043
  -457.241     0.043
  -457.142     0.044
  -457.042     0.043
  -456.942     0.044
  -456.843     0.044
  -456.743     0.042
  -456.644     0.042
  -456.544     0.042
  -456.444     0.042
  -456.345     0.041
  -456.245     0.044
  -456.145     0.045
  -456.046     0.045
  -455.946     0.045
  -455.847     0.046
  -455.747     0.047
  -455.648     0.046
  -455.548     0.048
  -455.448     0.047
  -455.349     0.045
  -455.249     0.047
  -455.150     0.047
  -455.050     0.047
  -454.950     0.045
  -454.851     0.046
  -454.751     0.044
  -454.651     0.040
  -454.552     0.044
  -454.452     0.043
  -454.353     0.045
  -454.253     0.045
  -454.153     0.045
  -454.054     0.045
  -453.954     0.046
  -453.855     0.045
  -453.755     0.045
  -453.655     0.043
  -453.556     0.043
  -453.456     0.042
  -453.356     0.043
  -453.257     0.044
  -453.157     0.043
  -453.058     0.042
  -452.958     0.042
  -452.858     0.045
  -452.759     0.044
  -452.659     0.045
  -452.560     0.045
  -452.460     0.047
  -452.360     0.051
  -452.261     0.055
  -452.161     0.058
  -452.062     0.060
  -451.962     0.057
  -451.862     0.056
  -451.763     0.054
  -451.663     0.049
  -451.564     0.044
  -451.464     0.042
  -451.364     0.042
  -451.265     0.042
  -451.165     0.044
  -451.065     0.045
  -450.966     0.046
  -450.866     0.046
  -450.767     0.045
  -450.667     0.044
  -450.567     0.044
  -450.468     0.045
  -450.368     0.046
  -450.269     0.044
  -450.169     0.045
  -450.069     0.044
  -449.970     0.043
  -449.870     0.043
  -449.770     0.046
  -449.671     0.045
  -449.571     0.044
  -449.472     0.044
  -449.372     0.044
  -449.273     0.043
  -449.173     0.045
  -449.073     0.045
  -448.974     0.044
  -448.874     0.043
  -448.775     0.045
  -448.675     0.044
  -448.575     0.045
  -448.476     0.045
  -448.376     0.046
  -448.276     0.046
  -448.177     0.047
  -448.077     0.046
  -447.978     0.047
  -447.878     0.045
  -447.778     0.046
  -447.679     0.045
  -447.579     0.044
  -447.480     0.045
  -447.380     0.045
  -447.280     0.047
  -447.181     0.047
  -447.081     0.048
  -446.981     0.048
  -446.882     0.050
  -446.782     0.050
  -446.683     0.048
  -446.583     0.045
  -446.483     0.044
  -446.384     0.043
  -446.284     0.044
  -446.185     0.046
  -446.085     0.046
  -445.985     0.048
  -445.886     0.052
  -445.786     0.056
  -445.687     0.058
  -445.587     0.060
  -445.487     0.059
  -445.388     0.058
  -445.288     0.056
  -445.189     0.056
  -445.089     0.050
  -444.989     0.047
  -444.890     0.046
  -444.790     0.045
  -444.690     0.045
  -444.591     0.044
  -444.491     0.046
  -444.392     0.046
  -444.292     0.046
  -444.192     0.047
  -444.093     0.045
  -443.993     0.046
  -443.894     0.045
  -443.794     0.044
  -443.694     0.046
  -443.595     0.045
  -443.495     0.049
  -443.395     0.052
  -443.296     0.052
  -443.196     0.058
  -443.097     0.059
  -442.997     0.059
  -442.898     0.058
  -442.798     0.058
  -442.698     0.059
  -442.599     0.056
  -442.499     0.057
  -442.400     0.054
  -442.300     0.053
  -442.200     0.047
  -442.101     0.045
  -442.001     0.045
  -441.901     0.045
  -441.802     0.046
  -441.702     0.045
  -441.603     0.046
  -441.503     0.046
  -441.403     0.048
  -441.304     0.047
  -441.204     0.046
  -441.105     0.047
  -441.005     0.047
  -440.905     0.048
  -440.806     0.047
  -440.706     0.047
  -440.606     0.047
  -440.507     0.046
  -440.407     0.046
  -440.308     0.047
  -440.208     0.048
  -440.108     0.046
  -440.009     0.047
  -439.909     0.048
  -439.810     0.047
  -439.710     0.047
  -439.610     0.048
  -439.511     0.048
  -439.411     0.047
  -439.312     0.048
  -439.212     0.047
  -439.112     0.049
  -439.013     0.049
  -438.913     0.050
  -438.814     0.049
  -438.714     0.047
  -438.614     0.050
  -438.515     0.048
  -438.415     0.049
  -438.315     0.048
  -438.216     0.049
  -438.116     0.048
  -438.017     0.049
  -437.917     0.049
  -437.817     0.048
  -437.718     0.048
  -437.618     0.050
  -437.519     0.049
  -437.419     0.050
  -437.319     0.050
  -437.220     0.050
  -437.120     0.050
  -437.020     0.049
  -436.921     0.049
  -436.821     0.048
  -436.722     0.047
  -436.622     0.046
  -436.523     0.050
  -436.423     0.050
  -436.323     0.053
  -436.224     0.053
  -436.124     0.056
  -436.025     0.060
  -435.925     0.062
  -435.825     0.061
  -435.726     0.062
  -435.626     0.062
  -435.526     0.061
  -435.427     0.060
  -435.327     0.059
  -435.228     0.057
  -435.128     0.055
  -435.028     0.049
  -434.929     0.048
  -434.829     0.049
  -434.730     0.048
  -434.630     0.048
  -434.530     0.046
  -434.431     0.047
  -434.331     0.048
  -434.231     0.048
  -434.132     0.050
  -434.032     0.050
  -433.933     0.050
  -433.833     0.052
  -433.733     0.052
  -433.634     0.051
  -433.534     0.051
  -433.435     0.051
  -433.335     0.049
  -433.235     0.047
  -433.136     0.049
  -433.036     0.049
  -432.937     0.048
  -432.837     0.049
  -432.737     0.049
  -432.638     0.048
  -432.538     0.050
  -432.439     0.050
  -432.339     0.051
  -432.239     0.052
  -432.140     0.051
  -432.040     0.052
  -431.940     0.052
  -431.841     0.054
  -431.741     0.054
  -431.642     0.054
  -431.542     0.055
  -431.442     0.060
  -431.343     0.060
  -431.243     0.062
  -431.144     0.062
  -431.044     0.063
  -430.944     0.060
  -430.845     0.060
  -430.745     0.060
  -430.645     0.056
  -430.546     0.050
  -430.446     0.049
  -430.347     0.049
  -430.247     0.049
  -430.148     0.048
  -430.048     0.048
  -429.948     0.050
  -429.849     0.050
  -429.749     0.052
  -429.650     0.053
  -429.550     0.053
  -429.450     0.054
  -429.351     0.057
  -429.251     0.062
  -429.151     0.064
  -429.052     0.062
  -428.952     0.063
  -428.853     0.063
  -428.753     0.062
  -428.653     0.062
  -428.554     0.062
  -428.454     0.060
  -428.355     0.058
  -428.255     0.057
  -428.155     0.053
  -428.056     0.050
  -427.956     0.049
  -427.856     0.050
  -427.757     0.049
  -427.657     0.049
  -427.558     0.049
  -427.458     0.046
  -427.358     0.048
  -427.259     0.052
  -427.159     0.052
  -427.060     0.057
  -426.960     0.061
  -426.860     0.062
  -426.761     0.064
  -426.661     0.064
  -426.562     0.064
  -426.462     0.063
  -426.362     0.060
  -426.263     0.058
  -426.163     0.051
  -426.064     0.050
  -425.964     0.049
  -425.864     0.050
  -425.765     0.049
  -425.665     0.052
  -425.565     0.050
  -425.466     0.051
  -425.366     0.051
  -425.267     0.051
  -425.167     0.052
  -425.067     0.049
  -424.968     0.049
  -424.868     0.051
  -424.769     0.051
  -424.669     0.053
  -424.569     0.053
  -424.470     0.052
  -424.370     0.053
  -424.270     0.053
  -424.171     0.050
  -424.071     0.050
  -423.972     0.050
  -423.872     0.050
  -423.773     0.050
  -423.673     0.052
  -423.573     0.054
  -423.474     0.054
  -423.374     0.053
  -423.275     0.054
  -423.175     0.055
  -423.075     0.053
  -422.976     0.055
  -422.876     0.056
  -422.776     0.057
  -422.677     0.059
  -422.577     0.065
  -422.478     0.065
  -422.378     0.065
  -422.278     0.065
  -422.179     0.065
  -422.079     0.064
  -421.980     0.063
  -421.880     0.062
  -421.780     0.060
  -421.681     0.053
  -421.581     0.049
  -421.481     0.050
  -421.382     0.050
  -421.282     0.051
  -421.183     0.051
  -421.083     0.053
  -420.983     0.052
  -420.884     0.052
  -420.784     0.051
  -420.685     0.052
  -420.585     0.052
  -420.485     0.052
  -420.386     0.053
  -420.286     0.052
  -420.187     0.053
  -420.087     0.053
  -419.987     0.052
  -419.888     0.052
  -419.788     0.051
  -419.689     0.050
  -419.589     0.051
  -419.489     0.053
  -419.390     0.052
  -419.290     0.053
  -419.190     0.056
  -419.091     0.058
  -418.991     0.061
  -418.892     0.065
  -418.792     0.066
  -418.692     0.065
  -418.593     0.065
  -418.493     0.065
  -418.394     0.063
  -418.294     0.060
  -418.194     0.059
  -418.095     0.053
  -417.995     0.053
  -417.895     0.052
  -417.796     0.052
  -417.696     0.051
  -417.597     0.051
  -417.497     0.052
  -417.398     0.053
  -417.298     0.053
  -417.198     0.054
  -417.099     0.054
  -416.999     0.055
  -416.900     0.055
  -416.800     0.055
  -416.700     0.055
  -416.601     0.055
  -416.501     0.054
  -416.401     0.053
  -416.302     0.054
  -416.202     0.054
  -416.103     0.051
  -416.003     0.053
  -415.903     0.053
  -415.804     0.054
  -415.704     0.054
  -415.605     0.057
  -415.505     0.062
  -415.405     0.066
  -415.306     0.067
  -415.206     0.067
  -415.106     0.067
  -415.007     0.066
  -414.907     0.065
  -414.808     0.063
  -414.708     0.063
  -414.608     0.059
  -414.509     0.054
  -414.409     0.054
  -414.310     0.054
  -414.210     0.053
  -414.110     0.054
  -414.011     0.053
  -413.911     0.053
  -413.812     0.053
  -413.712     0.053
  -413.612     0.053
  -413.513     0.055
  -413.413     0.054
  -413.314     0.053
  -413.214     0.054
  -413.114     0.053
  -413.015     0.053
  -412.915     0.052
  -412.815     0.054
  -412.716     0.055
  -412.616     0.056
  -412.517     0.058
  -412.417     0.058
  -412.317     0.058
  -412.218     0.059
  -412.118     0.058
  -412.019     0.058
  -411.919     0.060
  -411.819     0.059
  -411.720     0.057
  -411.620     0.057
  -411.520     0.056
  -411.421     0.056
  -411.321     0.055
  -411.222     0.054
  -411.122     0.054
  -411.023     0.052
  -410.923     0.054
  -410.823     0.055
  -410.724     0.055
  -410.624     0.056
  -410.525     0.057
  -410.425     0.059
  -410.325     0.059
  -410.226     0.059
  -410.126     0.061
  -410.026     0.066
  -409.927     0.066
  -409.827     0.066
  -409.728     0.066
  -409.628     0.064
  -409.528     0.063
  -409.429     0.060
  -409.329     0.054
  -409.230     0.055
  -409.130     0.054
  -409.030     0.052
  -408.931     0.053
  -408.831     0.054
  -408.731     0.054
  -408.632     0.055
  -408.532     0.054
  -408.433     0.054
  -408.333     0.054
  -408.233     0.054
  -408.134     0.054
  -408.034     0.054
  -407.935     0.053
  -407.835     0.054
  -407.735     0.055
  -407.636     0.055
  -407.536     0.058
  -407.437     0.061
  -407.337     0.061
  -407.237     0.067
  -407.138     0.068
  -407.038     0.067
  -406.939     0.065
  -406.839     0.065
  -406.739     0.064
  -406.640     0.060
  -406.540     0.058
  -406.440     0.055
  -406.341     0.054
  -406.241     0.054
  -406.142     0.055
  -406.042     0.053
  -405.942     0.054
  -405.843     0.055
  -405.743     0.056
  -405.644     0.057
  -405.544     0.057
  -405.444     0.057
  -405.345     0.058
  -405.245     0.058
  -405.145     0.059
  -405.046     0.059
  -404.946     0.059
  -404.847     0.058
  -404.747     0.059
  -404.648     0.058
  -404.548     0.058
  -404.448     0.054
  -404.349     0.053
  -404.249     0.055
  -404.150     0.054
  -404.050     0.056
  -403.950     0.059
  -403.851     0.062
  -403.751     0.065
  -403.651     0.068
  -403.552     0.068
  -403.452     0.067
  -403.353     0.068
  -403.253     0.066
  -403.153     0.064
  -403.054     0.063
  -402.954     0.060
  -402.855     0.055
  -402.755     0.054
  -402.655     0.055
  -402.556     0.056
  -402.456     0.057
  -402.356     0.057
  -402.257     0.058
  -402.157     0.059
  -402.058     0.061
  -401.958     0.060
  -401.858     0.060
  -401.759     0.065
  -401.659     0.066
  -401.560     0.066
  -401.460     0.067
  -401.360     0.067
  -401.261     0.066
  -401.161     0.064
  -401.062     0.061
  -400.962     0.057
  -400.862     0.055
  -400.763     0.054
  -400.663     0.055
  -400.564     0.053
  -400.464     0.056
  -400.364     0.056
  -400.265     0.057
  -400.165     0.056
  -400.065     0.057
  -399.966     0.057
  -399.866     0.055
  -399.767     0.055
  -399.667     0.056
  -399.567     0.057
  -399.468     0.057
  -399.368     0.057
  -399.269     0.056
  -399.169     0.056
  -399.069     0.057
  -398.970     0.055
  -398.870     0.056
  -398.770     0.056
  -398.671     0.057
  -398.571     0.056
  -398.472     0.057
  -398.372     0.056
  -398.273     0.055
  -398.173     0.055
  -398.073     0.057
  -397.974     0.056
  -397.874     0.055
  -397.775     0.056
  -397.675     0.058
  -397.575     0.057
  -397.476     0.060
  -397.376     0.060
  -397.276     0.060
  -397.177     0.061
  -397.077     0.063
  -396.978     0.067
  -396.878     0.070
  -396.778     0.068
  -396.679     0.070
  -396.579     0.070
  -396.480     0.069
  -396.380     0.067
  -396.280     0.065
  -396.181     0.062
  -396.081     0.057
  -395.981     0.054
  -395.882     0.054
  -395.782     0.055
  -395.683     0.055
  -395.583     0.057
  -395.483     0.058
  -395.384     0.057
  -395.284     0.057
  -395.185     0.056
  -395.085     0.056
  -394.985     0.058
  -394.886     0.055
  -394.786     0.056
  -394.687     0.058
  -394.587     0.057
  -394.487     0.057
  -394.388     0.057
  -394.288     0.057
  -394.189     0.058
  -394.089     0.056
  -393.989     0.055
  -393.890     0.055
  -393.790     0.057
  -393.690     0.055
  -393.591     0.059
  -393.491     0.059
  -393.392     0.062
  -393.292     0.067
  -393.192     0.069
  -393.093     0.070
  -392.993     0.071
  -392.894     0.070
  -392.794     0.069
  -392.694     0.067
  -392.595     0.065
  -392.495     0.061
  -392.395     0.057
  -392.296     0.058
  -392.196     0.056
  -392.097     0.057
  -391.997     0.053
  -391.898     0.056
  -391.798     0.056
  -391.698     0.055
  -391.599     0.058
  -391.499     0.058
  -391.400     0.062
  -391.300     0.067
  -391.200     0.068
  -391.101     0.070
  -391.001     0.069
  -390.901     0.069
  -390.802     0.067
  -390.702     0.063
  -390.603     0.056
  -390.503     0.057
  -390.403     0.055
  -390.304     0.057
  -390.204     0.056
  -390.105     0.055
  -390.005     0.058
  -389.905     0.057
  -389.806     0.056
  -389.706     0.057
  -389.606     0.058
  -389.507     0.059
  -389.407     0.057
  -389.308     0.058
  -389.208     0.056
  -389.108     0.057
  -389.009     0.058
  -388.909     0.059
  -388.810     0.060
  -388.710     0.061
  -388.610     0.061
  -388.511     0.062
  -388.411     0.061
  -388.312     0.064
  -388.212     0.068
  -388.112     0.069
  -388.013     0.072
  -387.913     0.072
  -387.814     0.070
  -387.714     0.069
  -387.614     0.066
  -387.515     0.060
  -387.415     0.056
  -387.315     0.056
  -387.216     0.056
  -387.116     0.058
  -387.017     0.056
  -386.917     0.056
  -386.817     0.057
  -386.718     0.058
  -386.618     0.058
  -386.519     0.058
  -386.419     0.057
  -386.319     0.057
  -386.220     0.060
  -386.120     0.058
  -386.020     0.059
  -385.921     0.059
  -385.821     0.057
  -385.722     0.060
  -385.622     0.058
  -385.523     0.060
  -385.423     0.059
  -385.323     0.058
  -385.224     0.058
  -385.124     0.057
  -385.025     0.058
  -384.925     0.059
  -384.825     0.060
  -384.726     0.059
  -384.626     0.060
  -384.526     0.059
  -384.427     0.062
  -384.327     0.059
  -384.228     0.062
  -384.128     0.060
  -384.028     0.060
  -383.929     0.058
  -383.829     0.059
  -383.730     0.058
  -383.630     0.057
  -383.530     0.058
  -383.431     0.059
  -383.331     0.059
  -383.231     0.059
  -383.132     0.059
  -383.032     0.059
  -382.933     0.060
  -382.833     0.059
  -382.733     0.060
  -382.634     0.059
  -382.534     0.059
  -382.435     0.060
  -382.335     0.058
  -382.235     0.058
  -382.136     0.058
  -382.036     0.058
  -381.937     0.059
  -381.837     0.059
  -381.737     0.060
  -381.638     0.059
  -381.538     0.059
  -381.439     0.059
  -381.339     0.059
  -381.239     0.060
  -381.140     0.060
  -381.040     0.058
  -380.940     0.059
  -380.841     0.058
  -380.741     0.060
  -380.642     0.060
  -380.542     0.059
  -380.442     0.060
  -380.343     0.060
  -380.243     0.061
  -380.144     0.061
  -380.044     0.061
  -379.944     0.061
  -379.845     0.060
  -379.745     0.059
  -379.645     0.059
  -379.546     0.059
  -379.446     0.058
  -379.347     0.060
  -379.247     0.061
  -379.148     0.060
  -379.048     0.059
  -378.948     0.060
  -378.849     0.060
  -378.749     0.061
  -378.650     0.059
  -378.550     0.058
  -378.450     0.058
  -378.351     0.058
  -378.251     0.060
  -378.151     0.061
  -378.052     0.060
  -377.952     0.061
  -377.853     0.064
  -377.753     0.065
  -377.653     0.068
  -377.554     0.070
  -377.454     0.071
  -377.355     0.072
  -377.255     0.073
  -377.155     0.073
  -377.056     0.071
  -376.956     0.070
  -376.856     0.068
  -376.757     0.066
  -376.657     0.059
  -376.558     0.058
  -376.458     0.057
  -376.358     0.057
  -376.259     0.056
  -376.159     0.058
  -376.060     0.059
  -375.960     0.060
  -375.860     0.061
  -375.761     0.061
  -375.661     0.064
  -375.562     0.064
  -375.462     0.067
  -375.362     0.069
  -375.263     0.073
  -375.163     0.071
  -375.064     0.073
  -374.964     0.072
  -374.864     0.070
  -374.765     0.069
  -374.665     0.070
  -374.565     0.064
  -374.466     0.058
  -374.366     0.057
  -374.267     0.058
  -374.167     0.059
  -374.067     0.059
  -373.968     0.059
  -373.868     0.059
  -373.769     0.060
  -373.669     0.062
  -373.569     0.061
  -373.470     0.063
  -373.370     0.063
  -373.270     0.065
  -373.171     0.067
  -373.071     0.068
  -372.972     0.073
  -372.872     0.072
  -372.773     0.071
  -372.673     0.072
  -372.573     0.071
  -372.474     0.073
  -372.374     0.072
  -372.275     0.072
  -372.175     0.073
  -372.075     0.073
  -371.976     0.072
  -371.876     0.069
  -371.776     0.070
  -371.677     0.066
  -371.577     0.061
  -371.478     0.059
  -371.378     0.059
  -371.278     0.059
  -371.179     0.062
  -371.079     0.060
  -370.980     0.063
  -370.880     0.064
  -370.780     0.067
  -370.681     0.073
  -370.581     0.073
  -370.481     0.076
  -370.382     0.074
  -370.282     0.072
  -370.183     0.072
  -370.083     0.071
  -369.983     0.068
  -369.884     0.061
  -369.784     0.060
  -369.685     0.061
  -369.585     0.060
  -369.485     0.060
  -369.386     0.061
  -369.286     0.063
  -369.187     0.063
  -369.087     0.065
  -368.987     0.068
  -368.888     0.072
  -368.788     0.074
  -368.689     0.075
  -368.589     0.073
  -368.489     0.074
  -368.390     0.072
  -368.290     0.070
  -368.190     0.064
  -368.091     0.059
  -367.991     0.060
  -367.892     0.060
  -367.792     0.059
  -367.692     0.060
  -367.593     0.060
  -367.493     0.060
  -367.394     0.059
  -367.294     0.060
  -367.194     0.061
  -367.095     0.064
  -366.995     0.066
  -366.895     0.070
  -366.796     0.074
  -366.696     0.074
  -366.597     0.075
  -366.497     0.074
  -366.398     0.075
  -366.298     0.072
  -366.198     0.071
  -366.099     0.070
  -365.999     0.068
  -365.900     0.060
  -365.800     0.060
  -365.700     0.061
  -365.601     0.060
  -365.501     0.058
  -365.401     0.059
  -365.302     0.060
  -365.202     0.061
  -365.103     0.062
  -365.003     0.062
  -364.903     0.064
  -364.804     0.065
  -364.704     0.064
  -364.605     0.066
  -364.505     0.068
  -364.405     0.074
  -364.306     0.076
  -364.206     0.075
  -364.106     0.075
  -364.007     0.075
  -363.907     0.074
  -363.808     0.072
  -363.708     0.068
  -363.608     0.063
  -363.509     0.060
  -363.409     0.061
  -363.310     0.062
  -363.210     0.059
  -363.110     0.060
  -363.011     0.061
  -362.911     0.061
  -362.812     0.063
  -362.712     0.061
  -362.612     0.064
  -362.513     0.065
  -362.413     0.064
  -362.314     0.064
  -362.214     0.064
  -362.114     0.066
  -362.015     0.066
  -361.915     0.067
  -361.815     0.067
  -361.716     0.068
  -361.616     0.074
  -361.517     0.075
  -361.417     0.075
  -361.317     0.076
  -361.218     0.075
  -361.118     0.073
  -361.019     0.069
  -360.919     0.063
  -360.819     0.061
  -360.720     0.061
  -360.620     0.063
  -360.520     0.060
  -360.421     0.061
  -360.321     0.062
  -360.222     0.061
  -360.122     0.061
  -360.023     0.060
  -359.923     0.062
  -359.823     0.062
  -359.724     0.062
  -359.624     0.062
  -359.525     0.061
  -359.425     0.062
  -359.325     0.062
  -359.226     0.062
  -359.126     0.063
  -359.026     0.064
  -358.927     0.065
  -358.827     0.065
  -358.728     0.066
  -358.628     0.065
  -358.528     0.065
  -358.429     0.067
  -358.329     0.067
  -358.230     0.068
  -358.130     0.069
  -358.030     0.073
  -357.931     0.075
  -357.831     0.075
  -357.731     0.076
  -357.632     0.075
  -357.532     0.072
  -357.433     0.071
  -357.333     0.070
  -357.233     0.066
  -357.134     0.062
  -357.034     0.061
  -356.935     0.062
  -356.835     0.064
  -356.735     0.064
  -356.636     0.063
  -356.536     0.064
  -356.437     0.063
  -356.337     0.062
  -356.237     0.064
  -356.138     0.062
  -356.038     0.063
  -355.939     0.062
  -355.839     0.062
  -355.739     0.064
  -355.640     0.063
  -355.540     0.065
  -355.440     0.065
  -355.341     0.065
  -355.241     0.066
  -355.142     0.066
  -355.042     0.067
  -354.942     0.067
  -354.843     0.066
  -354.743     0.066
  -354.644     0.063
  -354.544     0.062
  -354.444     0.062
  -354.345     0.062
  -354.245     0.061
  -354.145     0.063
  -354.046     0.063
  -353.946     0.064
  -353.847     0.064
  -353.747     0.065
  -353.648     0.064
  -353.548     0.064
  -353.448     0.065
  -353.349     0.065
  -353.249     0.065
  -353.150     0.065
  -353.050     0.063
  -352.950     0.063
  -352.851     0.061
  -352.751     0.064
  -352.651     0.063
  -352.552     0.067
  -352.452     0.066
  -352.353     0.068
  -352.253     0.069
  -352.153     0.073
  -352.054     0.076
  -351.954     0.077
  -351.855     0.077
  -351.755     0.075
  -351.655     0.074
  -351.556     0.075
  -351.456     0.071
  -351.356     0.064
  -351.257     0.065
  -351.157     0.064
  -351.058     0.064
  -350.958     0.065
  -350.858     0.064
  -350.759     0.064
  -350.659     0.063
  -350.560     0.063
  -350.460     0.065
  -350.360     0.065
  -350.261     0.062
  -350.161     0.063
  -350.062     0.065
  -349.962     0.063
  -349.862     0.063
  -349.763     0.063
  -349.663     0.063
  -349.564     0.064
  -349.464     0.064
  -349.364     0.065
  -349.265     0.064
  -349.165     0.065
  -349.065     0.066
  -348.966     0.066
  -348.866     0.067
  -348.767     0.065
  -348.667     0.067
  -348.567     0.067
  -348.468     0.066
  -348.368     0.066
  -348.269     0.065
  -348.169     0.064
  -348.069     0.062
  -347.970     0.062
  -347.870     0.064
  -347.770     0.063
  -347.671     0.064
  -347.571     0.064
  -347.472     0.064
  -347.372     0.064
  -347.273     0.064
  -347.173     0.065
  -347.073     0.064
  -346.974     0.064
  -346.874     0.064
  -346.775     0.064
  -346.675     0.065
  -346.575     0.064
  -346.476     0.064
  -346.376     0.064
  -346.276     0.065
  -346.177     0.064
  -346.077     0.064
  -345.978     0.065
  -345.878     0.064
  -345.778     0.065
  -345.679     0.063
  -345.579     0.065
  -345.480     0.064
  -345.380     0.066
  -345.280     0.063
  -345.181     0.064
  -345.081     0.065
  -344.981     0.066
  -344.882     0.067
  -344.782     0.066
  -344.683     0.067
  -344.583     0.067
  -344.483     0.066
  -344.384     0.066
  -344.284     0.064
  -344.185     0.065
  -344.085     0.067
  -343.985     0.066
  -343.886     0.064
  -343.786     0.065
  -343.687     0.065
  -343.587     0.066
  -343.487     0.066
  -343.388     0.066
  -343.288     0.066
  -343.189     0.067
  -343.089     0.066
  -342.989     0.067
  -342.890     0.068
  -342.790     0.068
  -342.690     0.067
  -342.591     0.067
  -342.491     0.066
  -342.392     0.066
  -342.292     0.066
  -342.192     0.066
  -342.093     0.065
  -341.993     0.066
  -341.894     0.066
  -341.794     0.066
  -341.694     0.065
  -341.595     0.067
  -341.495     0.066
  -341.395     0.066
  -341.296     0.066
  -341.196     0.065
  -341.097     0.066
  -340.997     0.066
  -340.898     0.066
  -340.798     0.068
  -340.698     0.068
  -340.599     0.067
  -340.499     0.070
  -340.400     0.066
  -340.300     0.069
  -340.200     0.067
  -340.101     0.065
  -340.001     0.066
  -339.901     0.066
  -339.802     0.069
  -339.702     0.068
  -339.603     0.070
  -339.503     0.072
  -339.403     0.075
  -339.304     0.075
  -339.204     0.076
  -339.105     0.077
  -339.005     0.078
  -338.905     0.076
  -338.806     0.076
  -338.706     0.074
  -338.606     0.072
  -338.507     0.068
  -338.407     0.065
  -338.308     0.065
  -338.208     0.064
  -338.108     0.064
  -338.009     0.067
  -337.909     0.066
  -337.810     0.064
  -337.710     0.065
  -337.610     0.065
  -337.511     0.068
  -337.411     0.067
  -337.312     0.066
  -337.212     0.066
  -337.112     0.069
  -337.013     0.066
  -336.913     0.065
  -336.814     0.066
  -336.714     0.067
  -336.614     0.066
  -336.515     0.066
  -336.415     0.067
  -336.315     0.068
  -336.216     0.066
  -336.116     0.068
  -336.017     0.067
  -335.917     0.069
  -335.817     0.068
  -335.718     0.066
  -335.618     0.066
  -335.519     0.065
  -335.419     0.065
  -335.319     0.066
  -335.220     0.070
  -335.120     0.069
  -335.020     0.073
  -334.921     0.076
  -334.821     0.078
  -334.722     0.079
  -334.622     0.079
  -334.523     0.079
  -334.423     0.077
  -334.323     0.072
  -334.224     0.066
  -334.124     0.064
  -334.025     0.065
  -333.925     0.066
  -333.825     0.065
  -333.726     0.066
  -333.626     0.068
  -333.526     0.068
  -333.427     0.068
  -333.327     0.068
  -333.228     0.067
  -333.128     0.067
  -333.028     0.067
  -332.929     0.070
  -332.829     0.068
  -332.730     0.067
  -332.630     0.066
  -332.530     0.067
  -332.431     0.066
  -332.331     0.067
  -332.231     0.067
  -332.132     0.067
  -332.032     0.068
  -331.933     0.066
  -331.833     0.067
  -331.733     0.070
  -331.634     0.069
  -331.534     0.068
  -331.435     0.067
  -331.335     0.066
  -331.235     0.069
  -331.136     0.069
  -331.036     0.069
  -330.937     0.070
  -330.837     0.073
  -330.737     0.073
  -330.638     0.077
  -330.538     0.078
  -330.439     0.080
  -330.339     0.081
  -330.239     0.082
  -330.140     0.080
  -330.040     0.080
  -329.940     0.076
  -329.841     0.074
  -329.741     0.070
  -329.642     0.068
  -329.542     0.067
  -329.442     0.068
  -329.343     0.067
  -329.243     0.069
  -329.144     0.068
  -329.044     0.069
  -328.944     0.070
  -328.845     0.069
  -328.745     0.069
  -328.645     0.067
  -328.546     0.067
  -328.446     0.067
  -328.347     0.069
  -328.247     0.068
  -328.148     0.068
  -328.048     0.071
  -327.948     0.070
  -327.849     0.073
  -327.749     0.077
  -327.650     0.079
  -327.550     0.081
  -327.450     0.081
  -327.351     0.080
  -327.251     0.081
  -327.151     0.080
  -327.052     0.080
  -326.952     0.077
  -326.853     0.071
  -326.753     0.068
  -326.653     0.066
  -326.554     0.067
  -326.454     0.066
  -326.355     0.067
  -326.255     0.067
  -326.155     0.068
  -326.056     0.067
  -325.956     0.068
  -325.856     0.068
  -325.757     0.069
  -325.657     0.069
  -325.558     0.071
  -325.458     0.072
  -325.358     0.073
  -325.259     0.076
  -325.159     0.080
  -325.060     0.082
  -324.960     0.082
  -324.860     0.082
  -324.761     0.081
  -324.661     0.079
  -324.562     0.078
  -324.462     0.071
  -324.362     0.069
  -324.263     0.069
  -324.163     0.069
  -324.064     0.070
  -323.964     0.067
  -323.864     0.068
  -323.765     0.070
  -323.665     0.067
  -323.565     0.069
  -323.466     0.071
  -323.366     0.069
  -323.267     0.068
  -323.167     0.068
  -323.067     0.068
  -322.968     0.069
  -322.868     0.069
  -322.769     0.069
  -322.669     0.069
  -322.569     0.070
  -322.470     0.068
  -322.370     0.067
  -322.270     0.069
  -322.171     0.068
  -322.071     0.069
  -321.972     0.069
  -321.872     0.069
  -321.773     0.069
  -321.673     0.069
  -321.573     0.069
  -321.474     0.069
  -321.374     0.069
  -321.275     0.070
  -321.175     0.069
  -321.075     0.070
  -320.976     0.069
  -320.876     0.070
  -320.776     0.070
  -320.677     0.070
  -320.577     0.069
  -320.478     0.068
  -320.378     0.069
  -320.278     0.071
  -320.179     0.072
  -320.079     0.072
  -319.980     0.075
  -319.880     0.076
  -319.780     0.080
  -319.681     0.083
  -319.581     0.083
  -319.481     0.082
  -319.382     0.083
  -319.282     0.084
  -319.183     0.083
  -319.083     0.081
  -318.983     0.081
  -318.884     0.079
  -318.784     0.072
  -318.685     0.071
  -318.585     0.070
  -318.485     0.070
  -318.386     0.070
  -318.286     0.069
  -318.187     0.070
  -318.087     0.068
  -317.987     0.070
  -317.888     0.069
  -317.788     0.069
  -317.689     0.069
  -317.589     0.069
  -317.489     0.070
  -317.390     0.070
  -317.290     0.072
  -317.190     0.072
  -317.091     0.074
  -316.991     0.075
  -316.892     0.077
  -316.792     0.079
  -316.692     0.083
  -316.593     0.083
  -316.493     0.081
  -316.394     0.080
  -316.294     0.078
  -316.194     0.075
  -316.095     0.072
  -315.995     0.070
  -315.895     0.068
  -315.796     0.071
  -315.696     0.069
  -315.597     0.071
  -315.497     0.072
  -315.398     0.073
  -315.298     0.071
  -315.198     0.073
  -315.099     0.071
  -314.999     0.072
  -314.900     0.071
  -314.800     0.073
  -314.700     0.074
  -314.601     0.074
  -314.501     0.074
  -314.401     0.074
  -314.302     0.072
  -314.202     0.073
  -314.103     0.071
  -314.003     0.071
  -313.903     0.071
  -313.804     0.070
  -313.704     0.072
  -313.605     0.072
  -313.505     0.072
  -313.405     0.072
  -313.306     0.073
  -313.206     0.070
  -313.106     0.069
  -313.007     0.070
  -312.907     0.069
  -312.808     0.071
  -312.708     0.070
  -312.608     0.072
  -312.509     0.070
  -312.409     0.072
  -312.310     0.072
  -312.210     0.071
  -312.110     0.072
  -312.011     0.070
  -311.911     0.072
  -311.812     0.071
  -311.712     0.073
  -311.612     0.073
  -311.513     0.074
  -311.413     0.072
  -311.314     0.071
  -311.214     0.073
  -311.114     0.072
  -311.015     0.072
  -310.915     0.071
  -310.815     0.072
  -310.716     0.070
  -310.616     0.071
  -310.517     0.071
  -310.417     0.071
  -310.317     0.072
  -310.218     0.072
  -310.118     0.071
  -310.019     0.072
  -309.919     0.071
  -309.819     0.070
  -309.720     0.071
  -309.620     0.071
  -309.520     0.072
  -309.421     0.070
  -309.321     0.074
  -309.222     0.077
  -309.122     0.078
  -309.023     0.079
  -308.923     0.083
  -308.823     0.086
  -308.724     0.086
  -308.624     0.086
  -308.525     0.084
  -308.425     0.083
  -308.325     0.081
  -308.226     0.079
  -308.126     0.075
  -308.026     0.073
  -307.927     0.071
  -307.827     0.072
  -307.728     0.073
  -307.628     0.074
  -307.528     0.071
  -307.429     0.073
  -307.329     0.072
  -307.230     0.070
  -307.130     0.073
  -307.030     0.073
  -306.931     0.073
  -306.831     0.072
  -306.731     0.073
  -306.632     0.074
  -306.532     0.075
  -306.433     0.076
  -306.333     0.076
  -306.233     0.074
  -306.134     0.077
  -306.034     0.074
  -305.935     0.075
  -305.835     0.074
  -305.735     0.071
  -305.636     0.073
  -305.536     0.073
  -305.437     0.072
  -305.337     0.072
  -305.237     0.073
  -305.138     0.075
  -305.038     0.077
  -304.939     0.076
  -304.839     0.077
  -304.739     0.077
  -304.640     0.077
  -304.540     0.079
  -304.440     0.081
  -304.341     0.085
  -304.241     0.085
  -304.142     0.084
  -304.042     0.085
  -303.942     0.085
  -303.843     0.083
  -303.743     0.079
  -303.644     0.073
  -303.544     0.070
  -303.444     0.071
  -303.345     0.070
  -303.245     0.071
  -303.145     0.069
  -303.046     0.071
  -302.946     0.071
  -302.847     0.073
  -302.747     0.072
  -302.648     0.072
  -302.548     0.074
  -302.448     0.075
  -302.349     0.076
  -302.249     0.077
  -302.150     0.082
  -302.050     0.085
  -301.950     0.085
  -301.851     0.086
  -301.751     0.085
  -301.651     0.084
  -301.552     0.082
  -301.452     0.084
  -301.353     0.081
  -301.253     0.078
  -301.153     0.073
  -301.054     0.070
  -300.954     0.072
  -300.855     0.071
  -300.755     0.072
  -300.655     0.072
  -300.556     0.073
  -300.456     0.074
  -300.356     0.076
  -300.257     0.077
  -300.157     0.078
  -300.058     0.083
  -299.958     0.084
  -299.858     0.086
  -299.759     0.086
  -299.659     0.085
  -299.560     0.084
  -299.460     0.083
  -299.360     0.080
  -299.261     0.074
  -299.161     0.072
  -299.062     0.071
  -298.962     0.072
  -298.862     0.070
  -298.763     0.072
  -298.663     0.074
  -298.564     0.074
  -298.464     0.076
  -298.364     0.076
  -298.265     0.077
  -298.165     0.079
  -298.065     0.083
  -297.966     0.085
  -297.866     0.086
  -297.767     0.086
  -297.667     0.086
  -297.567     0.087
  -297.468     0.086
  -297.368     0.088
  -297.269     0.086
  -297.169     0.084
  -297.069     0.085
  -296.970     0.083
  -296.870     0.082
  -296.770     0.077
  -296.671     0.075
  -296.571     0.073
  -296.472     0.073
  -296.372     0.073
  -296.273     0.073
  -296.173     0.075
  -296.073     0.075
  -295.974     0.074
  -295.874     0.074
  -295.775     0.074
  -295.675     0.073
  -295.575     0.074
  -295.476     0.074
  -295.376     0.074
  -295.276     0.073
  -295.177     0.073
  -295.077     0.074
  -294.978     0.074
  -294.878     0.076
  -294.778     0.076
  -294.679     0.074
  -294.579     0.075
  -294.480     0.075
  -294.380     0.075
  -294.280     0.074
  -294.181     0.074
  -294.081     0.074
  -293.981     0.075
  -293.882     0.074
  -293.782     0.074
  -293.683     0.075
  -293.583     0.075
  -293.483     0.077
  -293.384     0.075
  -293.284     0.075
  -293.185     0.074
  -293.085     0.076
  -292.985     0.078
  -292.886     0.078
  -292.786     0.078
  -292.687     0.080
  -292.587     0.078
  -292.487     0.076
  -292.388     0.075
  -292.288     0.075
  -292.189     0.073
  -292.089     0.074
  -291.989     0.075
  -291.890     0.076
  -291.790     0.077
  -291.690     0.078
  -291.591     0.079
  -291.491     0.081
  -291.392     0.087
  -291.292     0.089
  -291.192     0.089
  -291.093     0.088
  -290.993     0.088
  -290.894     0.087
  -290.794     0.086
  -290.694     0.083
  -290.595     0.076
  -290.495     0.075
  -290.395     0.074
  -290.296     0.075
  -290.196     0.075
  -290.097     0.074
  -289.997     0.077
  -289.898     0.076
  -289.798     0.075
  -289.698     0.076
  -289.599     0.074
  -289.499     0.075
  -289.400     0.075
  -289.300     0.076
  -289.200     0.077
  -289.101     0.077
  -289.001     0.077
  -288.901     0.075
  -288.802     0.076
  -288.702     0.078
  -288.603     0.077
  -288.503     0.078
  -288.403     0.077
  -288.304     0.077
  -288.204     0.074
  -288.105     0.076
  -288.005     0.078
  -287.905     0.076
  -287.806     0.077
  -287.706     0.076
  -287.606     0.077
  -287.507     0.078
  -287.407     0.077
  -287.308     0.077
  -287.208     0.076
  -287.108     0.075
  -287.009     0.077
  -286.909     0.077
  -286.810     0.077
  -286.710     0.079
  -286.610     0.080
  -286.511     0.080
  -286.411     0.081
  -286.312     0.085
  -286.212     0.086
  -286.112     0.090
  -286.013     0.089
  -285.913     0.090
  -285.814     0.088
  -285.714     0.086
  -285.614     0.084
  -285.515     0.078
  -285.415     0.076
  -285.315     0.074
  -285.216     0.076
  -285.116     0.076
  -285.017     0.074
  -284.917     0.075
  -284.817     0.076
  -284.718     0.075
  -284.618     0.076
  -284.519     0.076
  -284.419     0.076
  -284.319     0.078
  -284.220     0.077
  -284.120     0.077
  -284.020     0.077
  -283.921     0.075
  -283.821     0.078
  -283.722     0.078
  -283.622     0.076
  -283.523     0.077
  -283.423     0.077
  -283.323     0.076
  -283.224     0.075
  -283.124     0.076
  -283.025     0.075
  -282.925     0.076
  -282.825     0.077
  -282.726     0.077
  -282.626     0.078
  -282.526     0.079
  -282.427     0.079
  -282.327     0.079
  -282.228     0.079
  -282.128     0.082
  -282.028     0.082
  -281.929     0.086
  -281.829     0.089
  -281.730     0.089
  -281.630     0.089
  -281.530     0.090
  -281.431     0.090
  -281.331     0.090
  -281.231     0.089
  -281.132     0.087
  -281.032     0.084
  -280.933     0.082
  -280.833     0.078
  -280.733     0.076
  -280.634     0.077
  -280.534     0.076
  -280.435     0.076
  -280.335     0.078
  -280.235     0.078
  -280.136     0.076
  -280.036     0.076
  -279.937     0.077
  -279.837     0.076
  -279.737     0.077
  -279.638     0.078
  -279.538     0.080
  -279.439     0.079
  -279.339     0.077
  -279.239     0.076
  -279.140     0.078
  -279.040     0.079
  -278.940     0.079
  -278.841     0.081
  -278.741     0.081
  -278.642     0.080
  -278.542     0.082
  -278.442     0.080
  -278.343     0.078
  -278.243     0.076
  -278.144     0.077
  -278.044     0.078
  -277.944     0.077
  -277.845     0.078
  -277.745     0.079
  -277.645     0.078
  -277.546     0.081
  -277.446     0.079
  -277.347     0.079
  -277.247     0.079
  -277.148     0.077
  -277.048     0.076
  -276.948     0.078
  -276.849     0.077
  -276.749     0.077
  -276.650     0.077
  -276.550     0.077
  -276.450     0.080
  -276.351     0.079
  -276.251     0.077
  -276.151     0.079
  -276.052     0.080
  -275.952     0.080
  -275.853     0.079
  -275.753     0.078
  -275.653     0.080
  -275.554     0.080
  -275.454     0.079
  -275.355     0.078
  -275.255     0.078
  -275.155     0.079
  -275.056     0.081
  -274.956     0.079
  -274.856     0.079
  -274.757     0.081
  -274.657     0.078
  -274.558     0.077
  -274.458     0.077
  -274.358     0.080
  -274.259     0.080
  -274.159     0.080
  -274.060     0.081
  -273.960     0.083
  -273.860     0.084
  -273.761     0.090
  -273.661     0.092
  -273.562     0.092
  -273.462     0.090
  -273.362     0.091
  -273.263     0.092
  -273.163     0.091
  -273.064     0.091
  -272.964     0.088
  -272.864     0.089
  -272.765     0.085
  -272.665     0.081
  -272.565     0.080
  -272.466     0.077
  -272.366     0.077
  -272.267     0.080
  -272.167     0.078
  -272.067     0.078
  -271.968     0.077
  -271.868     0.077
  -271.769     0.078
  -271.669     0.079
  -271.569     0.080
  -271.470     0.084
  -271.370     0.083
  -271.270     0.087
  -271.171     0.089
  -271.071     0.092
  -270.972     0.093
  -270.872     0.093
  -270.773     0.093
  -270.673     0.091
  -270.573     0.089
  -270.474     0.084
  -270.374     0.080
  -270.275     0.078
  -270.175     0.080
  -270.075     0.079
  -269.976     0.079
  -269.876     0.081
  -269.776     0.081
  -269.677     0.080
  -269.577     0.078
  -269.478     0.079
  -269.378     0.079
  -269.278     0.079
  -269.179     0.080
  -269.079     0.082
  -268.980     0.081
  -268.880     0.083
  -268.780     0.081
  -268.681     0.084
  -268.581     0.086
  -268.481     0.086
  -268.382     0.088
  -268.282     0.092
  -268.183     0.093
  -268.083     0.094
  -267.983     0.092
  -267.884     0.091
  -267.784     0.089
  -267.685     0.086
  -267.585     0.081
  -267.485     0.079
  -267.386     0.079
  -267.286     0.079
  -267.187     0.080
  -267.087     0.078
  -266.987     0.078
  -266.888     0.080
  -266.788     0.080
  -266.689     0.079
  -266.589     0.080
  -266.489     0.081
  -266.390     0.083
  -266.290     0.083
  -266.190     0.083
  -266.091     0.083
  -265.991     0.083
  -265.892     0.083
  -265.792     0.083
  -265.692     0.082
  -265.593     0.081
  -265.493     0.079
  -265.394     0.079
  -265.294     0.080
  -265.194     0.079
  -265.095     0.078
  -264.995     0.079
  -264.895     0.080
  -264.796     0.079
  -264.696     0.080
  -264.597     0.081
  -264.497     0.083
  -264.398     0.083
  -264.298     0.083
  -264.198     0.085
  -264.099     0.089
  -263.999     0.092
  -263.900     0.093
  -263.800     0.095
  -263.700     0.095
  -263.601     0.095
  -263.501     0.094
  -263.401     0.092
  -263.302     0.089
  -263.202     0.086
  -263.103     0.080
  -263.003     0.080
  -262.903     0.080
  -262.804     0.079
  -262.704     0.079
  -262.605     0.079
  -262.505     0.082
  -262.405     0.082
  -262.306     0.083
  -262.206     0.084
  -262.106     0.084
  -262.007     0.085
  -261.907     0.084
  -261.808     0.082
  -261.708     0.084
  -261.608     0.085
  -261.509     0.085
  -261.409     0.086
  -261.310     0.085
  -261.210     0.084
  -261.110     0.085
  -261.011     0.084
  -260.911     0.085
  -260.812     0.082
  -260.712     0.081
  -260.612     0.081
  -260.513     0.081
  -260.413     0.081
  -260.314     0.083
  -260.214     0.080
  -260.114     0.080
  -260.015     0.081
  -259.915     0.080
  -259.815     0.081
  -259.716     0.083
  -259.616     0.087
  -259.517     0.087
  -259.417     0.086
  -259.317     0.094
  -259.218     0.096
  -259.118     0.096
  -259.019     0.097
  -258.919     0.097
  -258.819     0.096
  -258.720     0.093
  -258.620     0.092
  -258.520     0.087
  -258.421     0.085
  -258.321     0.083
  -258.222     0.082
  -258.122     0.082
  -258.023     0.083
  -257.923     0.082
  -257.823     0.083
  -257.724     0.083
  -257.624     0.085
  -257.525     0.086
  -257.425     0.089
  -257.325     0.093
  -257.226     0.094
  -257.126     0.096
  -257.026     0.096
  -256.927     0.096
  -256.827     0.097
  -256.728     0.094
  -256.628     0.092
  -256.528     0.088
  -256.429     0.083
  -256.329     0.080
  -256.230     0.082
  -256.130     0.082
  -256.030     0.081
  -255.931     0.080
  -255.831     0.083
  -255.731     0.084
  -255.632     0.083
  -255.532     0.082
  -255.433     0.084
  -255.333     0.084
  -255.233     0.084
  -255.134     0.084
  -255.034     0.083
  -254.935     0.083
  -254.835     0.083
  -254.735     0.084
  -254.636     0.083
  -254.536     0.083
  -254.437     0.082
  -254.337     0.083
  -254.237     0.084
  -254.138     0.084
  -254.038     0.083
  -253.939     0.084
  -253.839     0.084
  -253.739     0.083
  -253.640     0.082
  -253.540     0.083
  -253.440     0.081
  -253.341     0.084
  -253.241     0.084
  -253.142     0.085
  -253.042     0.082
  -252.942     0.083
  -252.843     0.084
  -252.743     0.084
  -252.644     0.086
  -252.544     0.087
  -252.444     0.086
  -252.345     0.088
  -252.245     0.088
  -252.145     0.090
  -252.046     0.095
  -251.946     0.097
  -251.847     0.097
  -251.747     0.099
  -251.648     0.097
  -251.548     0.096
  -251.448     0.097
  -251.349     0.096
  -251.249     0.094
  -251.150     0.091
  -251.050     0.083
  -250.950     0.082
  -250.851     0.082
  -250.751     0.083
  -250.651     0.084
  -250.552     0.082
  -250.452     0.084
  -250.353     0.084
  -250.253     0.086
  -250.153     0.084
  -250.054     0.084
  -249.954     0.084
  -249.855     0.084
  -249.755     0.085
  -249.655     0.085
  -249.556     0.086
  -249.456     0.087
  -249.356     0.090
  -249.257     0.090
  -249.157     0.090
  -249.058     0.094
  -248.958     0.097
  -248.858     0.096
  -248.759     0.097
  -248.659     0.095
  -248.560     0.095
  -248.460     0.093
  -248.360     0.090
  -248.261     0.086
  -248.161     0.084
  -248.062     0.082
  -247.962     0.083
  -247.862     0.083
  -247.763     0.084
  -247.663     0.083
  -247.564     0.085
  -247.464     0.085
  -247.364     0.088
  -247.265     0.089
  -247.165     0.091
  -247.065     0.096
  -246.966     0.096
  -246.866     0.096
  -246.767     0.098
  -246.667     0.097
  -246.567     0.096
  -246.468     0.096
  -246.368     0.093
  -246.269     0.091
  -246.169     0.085
  -246.069     0.082
  -245.970     0.083
  -245.870     0.083
  -245.770     0.083
  -245.671     0.082
  -245.571     0.083
  -245.472     0.083
  -245.372     0.086
  -245.273     0.086
  -245.173     0.089
  -245.073     0.091
  -244.974     0.095
  -244.874     0.097
  -244.775     0.098
  -244.675     0.098
  -244.575     0.099
  -244.476     0.097
  -244.376     0.098
  -244.276     0.096
  -244.177     0.094
  -244.077     0.089
  -243.978     0.085
  -243.878     0.085
  -243.778     0.085
  -243.679     0.084
  -243.579     0.084
  -243.480     0.085
  -243.380     0.087
  -243.280     0.088
  -243.181     0.086
  -243.081     0.087
  -242.981     0.088
  -242.882     0.087
  -242.782     0.085
  -242.683     0.085
  -242.583     0.084
  -242.483     0.087
  -242.384     0.088
  -242.284     0.088
  -242.185     0.089
  -242.085     0.090
  -241.985     0.089
  -241.886     0.090
  -241.786     0.090
  -241.687     0.091
  -241.587     0.094
  -241.487     0.100
  -241.388     0.101
  -241.288     0.101
  -241.189     0.101
  -241.089     0.100
  -240.989     0.098
  -240.890     0.099
  -240.790     0.094
  -240.690     0.089
  -240.591     0.086
  -240.491     0.087
  -240.392     0.088
  -240.292     0.087
  -240.192     0.086
  -240.093     0.087
  -239.993     0.086
  -239.894     0.087
  -239.794     0.088
  -239.694     0.088
  -239.595     0.090
  -239.495     0.092
  -239.395     0.091
  -239.296     0.094
  -239.196     0.096
  -239.097     0.102
  -238.997     0.103
  -238.898     0.103
  -238.798     0.103
  -238.698     0.102
  -238.599     0.099
  -238.499     0.099
  -238.400     0.098
  -238.300     0.098
  -238.200     0.092
  -238.101     0.089
  -238.001     0.087
  -237.901     0.087
  -237.802     0.088
  -237.702     0.089
  -237.603     0.090
  -237.503     0.091
  -237.403     0.094
  -237.304     0.097
  -237.204     0.102
  -237.105     0.101
  -237.005     0.103
  -236.905     0.103
  -236.806     0.103
  -236.706     0.103
  -236.606     0.103
  -236.507     0.101
  -236.407     0.100
  -236.308     0.101
  -236.208     0.096
  -236.108     0.093
  -236.009     0.089
  -235.909     0.087
  -235.810     0.088
  -235.710     0.090
  -235.610     0.089
  -235.511     0.090
  -235.411     0.091
  -235.312     0.092
  -235.212     0.095
  -235.112     0.092
  -235.013     0.094
  -234.913     0.097
  -234.814     0.102
  -234.714     0.104
  -234.614     0.106
  -234.515     0.103
  -234.415     0.103
  -234.315     0.104
  -234.216     0.101
  -234.116     0.096
  -234.017     0.090
  -233.917     0.089
  -233.817     0.089
  -233.718     0.090
  -233.618     0.090
  -233.519     0.091
  -233.419     0.091
  -233.319     0.090
  -233.220     0.091
  -233.120     0.090
  -233.020     0.090
  -232.921     0.090
  -232.821     0.091
  -232.722     0.090
  -232.622     0.091
  -232.523     0.092
  -232.423     0.092
  -232.323     0.093
  -232.224     0.090
  -232.124     0.090
  -232.025     0.090
  -231.925     0.092
  -231.825     0.092
  -231.726     0.093
  -231.626     0.092
  -231.526     0.092
  -231.427     0.091
  -231.327     0.091
  -231.228     0.092
  -231.128     0.091
  -231.028     0.091
  -230.929     0.090
  -230.829     0.091
  -230.730     0.091
  -230.630     0.093
  -230.530     0.096
  -230.431     0.096
  -230.331     0.097
  -230.231     0.102
  -230.132     0.104
  -230.032     0.106
  -229.933     0.106
  -229.833     0.105
  -229.733     0.104
  -229.634     0.103
  -229.534     0.105
  -229.435     0.101
  -229.335     0.098
  -229.235     0.093
  -229.136     0.091
  -229.036     0.091
  -228.937     0.091
  -228.837     0.090
  -228.737     0.091
  -228.638     0.092
  -228.538     0.092
  -228.439     0.091
  -228.339     0.091
  -228.239     0.091
  -228.140     0.092
  -228.040     0.093
  -227.940     0.094
  -227.841     0.094
  -227.741     0.094
  -227.642     0.095
  -227.542     0.096
  -227.442     0.095
  -227.343     0.096
  -227.243     0.097
  -227.144     0.099
  -227.044     0.103
  -226.944     0.105
  -226.845     0.106
  -226.745     0.106
  -226.645     0.104
  -226.546     0.103
  -226.446     0.101
  -226.347     0.100
  -226.247     0.094
  -226.148     0.093
  -226.048     0.093
  -225.948     0.093
  -225.849     0.092
  -225.749     0.093
  -225.650     0.092
  -225.550     0.092
  -225.450     0.093
  -225.351     0.093
  -225.251     0.094
  -225.151     0.095
  -225.052     0.093
  -224.952     0.095
  -224.853     0.094
  -224.753     0.093
  -224.653     0.094
  -224.554     0.094
  -224.454     0.094
  -224.355     0.093
  -224.255     0.096
  -224.155     0.095
  -224.056     0.098
  -223.956     0.096
  -223.856     0.098
  -223.757     0.099
  -223.657     0.099
  -223.558     0.103
  -223.458     0.104
  -223.358     0.106
  -223.259     0.107
  -223.159     0.107
  -223.060     0.109
  -222.960     0.107
  -222.860     0.107
  -222.761     0.103
  -222.661     0.104
  -222.562     0.098
  -222.462     0.096
  -222.362     0.094
  -222.263     0.092
  -222.163     0.095
  -222.064     0.095
  -221.964     0.095
  -221.864     0.095
  -221.765     0.095
  -221.665     0.096
  -221.565     0.095
  -221.466     0.093
  -221.366     0.094
  -221.267     0.094
  -221.167     0.095
  -221.067     0.096
  -220.968     0.095
  -220.868     0.094
  -220.769     0.095
  -220.669     0.095
  -220.569     0.094
  -220.470     0.094
  -220.370     0.094
  -220.270     0.094
  -220.171     0.096
  -220.071     0.094
  -219.972     0.097
  -219.872     0.098
  -219.773     0.100
  -219.673     0.100
  -219.573     0.103
  -219.474     0.107
  -219.374     0.109
  -219.275     0.109
  -219.175     0.109
  -219.075     0.108
  -218.976     0.106
  -218.876     0.108
  -218.776     0.107
  -218.677     0.107
  -218.577     0.107
  -218.478     0.105
  -218.378     0.105
  -218.278     0.106
  -218.179     0.104
  -218.079     0.100
  -217.980     0.096
  -217.880     0.096
  -217.780     0.096
  -217.681     0.096
  -217.581     0.096
  -217.481     0.096
  -217.382     0.096
  -217.282     0.099
  -217.183     0.101
  -217.083     0.103
  -216.983     0.108
  -216.884     0.108
  -216.784     0.109
  -216.685     0.110
  -216.585     0.111
  -216.485     0.110
  -216.386     0.109
  -216.286     0.107
  -216.187     0.102
  -216.087     0.096
  -215.987     0.094
  -215.888     0.094
  -215.788     0.094
  -215.689     0.096
  -215.589     0.096
  -215.489     0.097
  -215.390     0.095
  -215.290     0.096
  -215.190     0.097
  -215.091     0.095
  -214.991     0.096
  -214.892     0.096
  -214.792     0.098
  -214.692     0.100
  -214.593     0.099
  -214.493     0.098
  -214.394     0.100
  -214.294     0.103
  -214.194     0.104
  -214.095     0.110
  -213.995     0.113
  -213.895     0.110
  -213.796     0.111
  -213.696     0.110
  -213.597     0.108
  -213.497     0.106
  -213.398     0.099
  -213.298     0.099
  -213.198     0.096
  -213.099     0.096
  -212.999     0.096
  -212.900     0.098
  -212.800     0.100
  -212.700     0.099
  -212.601     0.100
  -212.501     0.100
  -212.401     0.100
  -212.302     0.101
  -212.202     0.100
  -212.103     0.100
  -212.003     0.101
  -211.903     0.102
  -211.804     0.100
  -211.704     0.099
  -211.605     0.098
  -211.505     0.097
  -211.405     0.096
  -211.306     0.098
  -211.206     0.097
  -211.106     0.097
  -211.007     0.098
  -210.907     0.097
  -210.808     0.099
  -210.708     0.098
  -210.608     0.098
  -210.509     0.099
  -210.409     0.097
  -210.310     0.098
  -210.210     0.098
  -210.110     0.099
  -210.011     0.101
  -209.911     0.100
  -209.812     0.101
  -209.712     0.102
  -209.612     0.102
  -209.513     0.099
  -209.413     0.099
  -209.314     0.099
  -209.214     0.099
  -209.114     0.098
  -209.015     0.097
  -208.915     0.099
  -208.815     0.100
  -208.716     0.103
  -208.616     0.103
  -208.517     0.108
  -208.417     0.113
  -208.317     0.112
  -208.218     0.114
  -208.118     0.114
  -208.019     0.114
  -207.919     0.112
  -207.819     0.110
  -207.720     0.103
  -207.620     0.099
  -207.520     0.098
  -207.421     0.098
  -207.321     0.097
  -207.222     0.099
  -207.122     0.099
  -207.023     0.101
  -206.923     0.101
  -206.823     0.102
  -206.724     0.101
  -206.624     0.100
  -206.525     0.101
  -206.425     0.100
  -206.325     0.101
  -206.226     0.099
  -206.126     0.099
  -206.026     0.100
  -205.927     0.099
  -205.827     0.099
  -205.728     0.101
  -205.628     0.103
  -205.528     0.101
  -205.429     0.104
  -205.329     0.102
  -205.230     0.103
  -205.130     0.103
  -205.030     0.102
  -204.931     0.100
  -204.831     0.100
  -204.731     0.102
  -204.632     0.100
  -204.532     0.101
  -204.433     0.099
  -204.333     0.100
  -204.233     0.099
  -204.134     0.101
  -204.034     0.102
  -203.935     0.100
  -203.835     0.100
  -203.735     0.102
  -203.636     0.100
  -203.536     0.103
  -203.437     0.101
  -203.337     0.104
  -203.237     0.103
  -203.138     0.104
  -203.038     0.104
  -202.939     0.103
  -202.839     0.103
  -202.739     0.101
  -202.640     0.098
  -202.540     0.100
  -202.440     0.100
  -202.341     0.102
  -202.241     0.100
  -202.142     0.102
  -202.042     0.101
  -201.942     0.101
  -201.843     0.100
  -201.743     0.101
  -201.644     0.102
  -201.544     0.102
  -201.444     0.102
  -201.345     0.100
  -201.245     0.100
  -201.145     0.102
  -201.046     0.102
  -200.946     0.101
  -200.847     0.102
  -200.747     0.103
  -200.648     0.104
  -200.548     0.105
  -200.448     0.105
  -200.349     0.105
  -200.249     0.104
  -200.150     0.102
  -200.050     0.104
  -199.950     0.101
  -199.851     0.099
  -199.751     0.100
  -199.651     0.099
  -199.552     0.102
  -199.452     0.103
  -199.353     0.101
  -199.253     0.101
  -199.153     0.100
  -199.054     0.103
  -198.954     0.101
  -198.855     0.103
  -198.755     0.102
  -198.655     0.102
  -198.556     0.100
  -198.456     0.102
  -198.356     0.102
  -198.257     0.102
  -198.157     0.103
  -198.058     0.101
  -197.958     0.101
  -197.858     0.102
  -197.759     0.102
  -197.659     0.104
  -197.560     0.103
  -197.460     0.103
  -197.360     0.103
  -197.261     0.103
  -197.161     0.103
  -197.062     0.102
  -196.962     0.102
  -196.862     0.102
  -196.763     0.102
  -196.663     0.102
  -196.564     0.101
  -196.464     0.103
  -196.364     0.104
  -196.265     0.106
  -196.165     0.105
  -196.065     0.106
  -195.966     0.109
  -195.866     0.116
  -195.767     0.117
  -195.667     0.118
  -195.567     0.118
  -195.468     0.116
  -195.368     0.115
  -195.269     0.111
  -195.169     0.105
  -195.069     0.103
  -194.970     0.101
  -194.870     0.102
  -194.770     0.102
  -194.671     0.105
  -194.571     0.104
  -194.472     0.106
  -194.372     0.106
  -194.273     0.105
  -194.173     0.104
  -194.073     0.103
  -193.974     0.100
  -193.874     0.103
  -193.775     0.102
  -193.675     0.102
  -193.575     0.102
  -193.476     0.102
  -193.376     0.105
  -193.276     0.106
  -193.177     0.107
  -193.077     0.113
  -192.978     0.117
  -192.878     0.117
  -192.778     0.118
  -192.679     0.118
  -192.579     0.115
  -192.480     0.115
  -192.380     0.110
  -192.280     0.104
  -192.181     0.102
  -192.081     0.101
  -191.981     0.103
  -191.882     0.101
  -191.782     0.103
  -191.683     0.102
  -191.583     0.104
  -191.483     0.104
  -191.384     0.106
  -191.284     0.106
  -191.185     0.108
  -191.085     0.108
  -190.985     0.110
  -190.886     0.115
  -190.786     0.116
  -190.687     0.117
  -190.587     0.117
  -190.487     0.118
  -190.388     0.116
  -190.288     0.116
  -190.189     0.113
  -190.089     0.109
  -189.989     0.104
  -189.890     0.102
  -189.790     0.102
  -189.690     0.102
  -189.591     0.103
  -189.491     0.106
  -189.392     0.107
  -189.292     0.111
  -189.192     0.112
  -189.093     0.117
  -188.993     0.116
  -188.894     0.116
  -188.794     0.116
  -188.694     0.116
  -188.595     0.114
  -188.495     0.111
  -188.395     0.107
  -188.296     0.105
  -188.196     0.100
  -188.097     0.100
  -187.997     0.103
  -187.898     0.104
  -187.798     0.104
  -187.698     0.104
  -187.599     0.106
  -187.499     0.108
  -187.400     0.112
  -187.300     0.117
  -187.200     0.117
  -187.101     0.118
  -187.001     0.119
  -186.901     0.116
  -186.802     0.115
  -186.702     0.114
  -186.603     0.109
  -186.503     0.105
  -186.403     0.104
  -186.304     0.103
  -186.204     0.104
  -186.105     0.104
  -186.005     0.103
  -185.905     0.104
  -185.806     0.106
  -185.706     0.107
  -185.606     0.107
  -185.507     0.104
  -185.407     0.106
  -185.308     0.106
  -185.208     0.104
  -185.108     0.105
  -185.009     0.105
  -184.909     0.106
  -184.810     0.103
  -184.710     0.104
  -184.610     0.105
  -184.511     0.106
  -184.411     0.106
  -184.312     0.108
  -184.212     0.110
  -184.112     0.109
  -184.013     0.109
  -183.913     0.111
  -183.814     0.111
  -183.714     0.115
  -183.614     0.119
  -183.515     0.121
  -183.415     0.123
  -183.315     0.121
  -183.216     0.117
  -183.116     0.119
  -183.017     0.116
  -182.917     0.113
  -182.817     0.108
  -182.718     0.107
  -182.618     0.106
  -182.519     0.105
  -182.419     0.106
  -182.319     0.106
  -182.220     0.107
  -182.120     0.105
  -182.020     0.107
  -181.921     0.107
  -181.821     0.105
  -181.722     0.106
  -181.622     0.106
  -181.523     0.105
  -181.423     0.107
  -181.323     0.106
  -181.224     0.106
  -181.124     0.106
  -181.025     0.105
  -180.925     0.105
  -180.825     0.107
  -180.726     0.106
  -180.626     0.108
  -180.526     0.107
  -180.427     0.107
  -180.327     0.107
  -180.228     0.109
  -180.128     0.109
  -180.028     0.108
  -179.929     0.108
  -179.829     0.107
  -179.730     0.107
  -179.630     0.107
  -179.530     0.106
  -179.431     0.105
  -179.331     0.107
  -179.231     0.108
  -179.132     0.108
  -179.032     0.111
  -178.933     0.112
  -178.833     0.111
  -178.733     0.115
  -178.634     0.117
  -178.534     0.119
  -178.435     0.120
  -178.335     0.120
  -178.235     0.121
  -178.136     0.119
  -178.036     0.118
  -177.937     0.119
  -177.837     0.117
  -177.737     0.118
  -177.638     0.114
  -177.538     0.110
  -177.439     0.107
  -177.339     0.108
  -177.239     0.107
  -177.140     0.106
  -177.040     0.105
  -176.940     0.106
  -176.841     0.104
  -176.741     0.106
  -176.642     0.106
  -176.542     0.107
  -176.442     0.105
  -176.343     0.106
  -176.243     0.106
  -176.144     0.106
  -176.044     0.107
  -175.944     0.109
  -175.845     0.108
  -175.745     0.108
  -175.645     0.111
  -175.546     0.107
  -175.446     0.109
  -175.347     0.107
  -175.247     0.106
  -175.148     0.107
  -175.048     0.107
  -174.948     0.107
  -174.849     0.106
  -174.749     0.107
  -174.650     0.108
  -174.550     0.107
  -174.450     0.108
  -174.351     0.110
  -174.251     0.110
  -174.151     0.111
  -174.052     0.114
  -173.952     0.115
  -173.853     0.120
  -173.753     0.123
  -173.653     0.122
  -173.554     0.121
  -173.454     0.121
  -173.355     0.122
  -173.255     0.118
  -173.155     0.116
  -173.056     0.111
  -172.956     0.108
  -172.856     0.107
  -172.757     0.107
  -172.657     0.108
  -172.558     0.106
  -172.458     0.107
  -172.358     0.108
  -172.259     0.108
  -172.159     0.107
  -172.060     0.107
  -171.960     0.108
  -171.860     0.107
  -171.761     0.108
  -171.661     0.107
  -171.562     0.108
  -171.462     0.108
  -171.362     0.109
  -171.263     0.109
  -171.163     0.109
  -171.064     0.110
  -170.964     0.111
  -170.864     0.110
  -170.765     0.109
  -170.665     0.110
  -170.565     0.110
  -170.466     0.109
  -170.366     0.108
  -170.267     0.109
  -170.167     0.111
  -170.067     0.112
  -169.968     0.112
  -169.868     0.113
  -169.769     0.112
  -169.669     0.114
  -169.569     0.112
  -169.470     0.113
  -169.370     0.113
  -169.270     0.113
  -169.171     0.112
  -169.071     0.109
  -168.972     0.109
  -168.872     0.109
  -168.773     0.109
  -168.673     0.109
  -168.573     0.109
  -168.474     0.107
  -168.374     0.108
  -168.275     0.109
  -168.175     0.109
  -168.075     0.111
  -167.976     0.110
  -167.876     0.110
  -167.776     0.111
  -167.677     0.107
  -167.577     0.108
  -167.478     0.108
  -167.378     0.113
  -167.278     0.113
  -167.179     0.114
  -167.079     0.117
  -166.980     0.121
  -166.880     0.124
  -166.780     0.121
  -166.681     0.123
  -166.581     0.121
  -166.481     0.119
  -166.382     0.117
  -166.282     0.111
  -166.183     0.110
  -166.083     0.108
  -165.983     0.108
  -165.884     0.109
  -165.784     0.111
  -165.685     0.109
  -165.585     0.109
  -165.485     0.108
  -165.386     0.109
  -165.286     0.107
  -165.187     0.109
  -165.087     0.109
  -164.987     0.110
  -164.888     0.110
  -164.788     0.110
  -164.689     0.112
  -164.589     0.112
  -164.489     0.112
  -164.390     0.112
  -164.290     0.112
  -164.190     0.112
  -164.091     0.112
  -163.991     0.112
  -163.892     0.111
  -163.792     0.109
  -163.692     0.109
  -163.593     0.111
  -163.493     0.110
  -163.394     0.111
  -163.294     0.111
  -163.194     0.112
  -163.095     0.111
  -162.995     0.112
  -162.895     0.113
  -162.796     0.112
  -162.696     0.112
  -162.597     0.112
  -162.497     0.113
  -162.398     0.110
  -162.298     0.109
  -162.198     0.110
  -162.099     0.109
  -161.999     0.110
  -161.900     0.109
  -161.800     0.110
  -161.700     0.110
  -161.601     0.111
  -161.501     0.110
  -161.401     0.111
  -161.302     0.111
  -161.202     0.111
  -161.103     0.110
  -161.003     0.110
  -160.903     0.110
  -160.804     0.110
  -160.704     0.109
  -160.605     0.111
  -160.505     0.111
  -160.405     0.111
  -160.306     0.112
  -160.206     0.113
  -160.106     0.112
  -160.007     0.114
  -159.907     0.113
  -159.808     0.114
  -159.708     0.114
  -159.608     0.114
  -159.509     0.113
  -159.409     0.112
  -159.310     0.111
  -159.210     0.111
  -159.110     0.110
  -159.011     0.113
  -158.911     0.111
  -158.812     0.112
  -158.712     0.113
  -158.612     0.110
  -158.513     0.110
  -158.413     0.110
  -158.314     0.111
  -158.214     0.111
  -158.114     0.112
  -158.015     0.111
  -157.915     0.110
  -157.815     0.112
  -157.716     0.111
  -157.616     0.112
  -157.517     0.111
  -157.417     0.110
  -157.317     0.114
  -157.218     0.112
  -157.118     0.113
  -157.019     0.112
  -156.919     0.111
  -156.819     0.111
  -156.720     0.110
  -156.620     0.111
  -156.520     0.113
  -156.421     0.113
  -156.321     0.112
  -156.222     0.113
  -156.122     0.115
  -156.023     0.115
  -155.923     0.116
  -155.823     0.114
  -155.724     0.112
  -155.624     0.112
  -155.525     0.112
  -155.425     0.111
  -155.325     0.110
  -155.226     0.111
  -155.126     0.113
  -155.026     0.113
  -154.927     0.115
  -154.827     0.116
  -154.728     0.117
  -154.628     0.119
  -154.528     0.122
  -154.429     0.125
  -154.329     0.125
  -154.230     0.124
  -154.130     0.128
  -154.030     0.125
  -153.931     0.125
  -153.831     0.126
  -153.731     0.126
  -153.632     0.125
  -153.532     0.124
  -153.433     0.121
  -153.333     0.116
  -153.233     0.114
  -153.134     0.112
  -153.034     0.112
  -152.935     0.112
  -152.835     0.112
  -152.735     0.113
  -152.636     0.111
  -152.536     0.113
  -152.437     0.112
  -152.337     0.113
  -152.237     0.113
  -152.138     0.114
  -152.038     0.116
  -151.939     0.114
  -151.839     0.113
  -151.739     0.115
  -151.640     0.114
  -151.540     0.112
  -151.440     0.114
  -151.341     0.112
  -151.241     0.114
  -151.142     0.112
  -151.042     0.114
  -150.942     0.113
  -150.843     0.114
  -150.743     0.113
  -150.644     0.112
  -150.544     0.112
  -150.444     0.112
  -150.345     0.113
  -150.245     0.115
  -150.145     0.114
  -150.046     0.114
  -149.946     0.114
  -149.847     0.113
  -149.747     0.112
  -149.648     0.113
  -149.548     0.114
  -149.448     0.113
  -149.349     0.113
  -149.249     0.111
  -149.150     0.113
  -149.050     0.111
  -148.950     0.113
  -148.851     0.113
  -148.751     0.115
  -148.651     0.117
  -148.552     0.121
  -148.452     0.126
  -148.353     0.128
  -148.253     0.129
  -148.153     0.128
  -148.054     0.128
  -147.954     0.127
  -147.855     0.126
  -147.755     0.120
  -147.655     0.114
  -147.556     0.114
  -147.456     0.113
  -147.356     0.112
  -147.257     0.114
  -147.157     0.113
  -147.058     0.113
  -146.958     0.113
  -146.858     0.114
  -146.759     0.113
  -146.659     0.115
  -146.560     0.116
  -146.460     0.119
  -146.360     0.121
  -146.261     0.125
  -146.161     0.127
  -146.062     0.128
  -145.962     0.127
  -145.862     0.124
  -145.763     0.116
  -145.663     0.113
  -145.564     0.113
  -145.464     0.114
  -145.364     0.114
  -145.265     0.115
  -145.165     0.113
  -145.065     0.114
  -144.966     0.115
  -144.866     0.114
  -144.767     0.114
  -144.667     0.115
  -144.567     0.116
  -144.468     0.116
  -144.368     0.115
  -144.269     0.117
  -144.169     0.115
  -144.069     0.115
  -143.970     0.114
  -143.870     0.114
  -143.770     0.114
  -143.671     0.114
  -143.571     0.114
  -143.472     0.114
  -143.372     0.115
  -143.273     0.115
  -143.173     0.114
  -143.073     0.115
  -142.974     0.113
  -142.874     0.114
  -142.775     0.114
  -142.675     0.114
  -142.575     0.117
  -142.476     0.118
  -142.376     0.122
  -142.276     0.128
  -142.177     0.131
  -142.077     0.129
  -141.978     0.129
  -141.878     0.127
  -141.778     0.129
  -141.679     0.121
  -141.579     0.118
  -141.480     0.115
  -141.380     0.115
  -141.280     0.116
  -141.181     0.115
  -141.081     0.114
  -140.981     0.115
  -140.882     0.114
  -140.782     0.114
  -140.683     0.114
  -140.583     0.116
  -140.483     0.117
  -140.384     0.119
  -140.284     0.120
  -140.185     0.126
  -140.085     0.128
  -139.985     0.127
  -139.886     0.127
  -139.786     0.129
  -139.687     0.129
  -139.587     0.128
  -139.487     0.129
  -139.388     0.126
  -139.288     0.125
  -139.189     0.125
  -139.089     0.120
  -138.989     0.117
  -138.890     0.114
  -138.790     0.113
  -138.690     0.115
  -138.591     0.114
  -138.491     0.114
  -138.392     0.114
  -138.292     0.114
  -138.192     0.114
  -138.093     0.116
  -137.993     0.117
  -137.894     0.117
  -137.794     0.117
  -137.694     0.118
  -137.595     0.118
  -137.495     0.120
  -137.395     0.123
  -137.296     0.128
  -137.196     0.128
  -137.097     0.129
  -136.997     0.129
  -136.898     0.130
  -136.798     0.129
  -136.698     0.127
  -136.599     0.124
  -136.499     0.121
  -136.400     0.116
  -136.300     0.116
  -136.200     0.114
  -136.101     0.113
  -136.001     0.114
  -135.901     0.113
  -135.802     0.115
  -135.702     0.118
  -135.603     0.119
  -135.503     0.122
  -135.403     0.124
  -135.304     0.128
  -135.204     0.129
  -135.105     0.129
  -135.005     0.129
  -134.905     0.128
  -134.806     0.127
  -134.706     0.128
  -134.606     0.127
  -134.507     0.124
  -134.407     0.121
  -134.308     0.117
  -134.208     0.116
  -134.108     0.115
  -134.009     0.115
  -133.909     0.117
  -133.810     0.117
  -133.710     0.118
  -133.610     0.116
  -133.511     0.117
  -133.411     0.115
  -133.312     0.116
  -133.212     0.117
  -133.112     0.118
  -133.013     0.120
  -132.913     0.120
  -132.814     0.125
  -132.714     0.130
  -132.614     0.133
  -132.515     0.134
  -132.415     0.134
  -132.315     0.131
  -132.216     0.129
  -132.116     0.125
  -132.017     0.120
  -131.917     0.118
  -131.817     0.119
  -131.718     0.117
  -131.618     0.118
  -131.519     0.117
  -131.419     0.116
  -131.319     0.117
  -131.220     0.118
  -131.120     0.118
  -131.020     0.118
  -130.921     0.118
  -130.821     0.117
  -130.722     0.118
  -130.622     0.120
  -130.523     0.119
  -130.423     0.117
  -130.323     0.118
  -130.224     0.119
  -130.124     0.120
  -130.025     0.121
  -129.925     0.124
  -129.825     0.123
  -129.726     0.126
  -129.626     0.132
  -129.526     0.132
  -129.427     0.130
  -129.327     0.131
  -129.228     0.130
  -129.128     0.129
  -129.028     0.124
  -128.929     0.119
  -128.829     0.117
  -128.730     0.118
  -128.630     0.119
  -128.530     0.118
  -128.431     0.120
  -128.331     0.120
  -128.231     0.123
  -128.132     0.125
  -128.032     0.132
  -127.933     0.133
  -127.833     0.132
  -127.733     0.132
  -127.634     0.131
  -127.534     0.130
  -127.435     0.128
  -127.335     0.127
  -127.235     0.120
  -127.136     0.119
  -127.036     0.115
  -126.937     0.118
  -126.837     0.118
  -126.737     0.119
  -126.638     0.120
  -126.538     0.124
  -126.439     0.129
  -126.339     0.133
  -126.239     0.134
  -126.140     0.134
  -126.040     0.132
  -125.940     0.132
  -125.841     0.132
  -125.741     0.128
  -125.642     0.127
  -125.542     0.121
  -125.442     0.119
  -125.343     0.117
  -125.243     0.117
  -125.144     0.117
  -125.044     0.118
  -124.944     0.119
  -124.845     0.118
  -124.745     0.118
  -124.645     0.119
  -124.546     0.119
  -124.446     0.121
  -124.347     0.121
  -124.247     0.121
  -124.148     0.121
  -124.048     0.123
  -123.948     0.124
  -123.849     0.124
  -123.749     0.124
  -123.650     0.124
  -123.550     0.127
  -123.450     0.131
  -123.351     0.133
  -123.251     0.134
  -123.151     0.132
  -123.052     0.133
  -122.952     0.130
  -122.853     0.125
  -122.753     0.121
  -122.653     0.118
  -122.554     0.117
  -122.454     0.119
  -122.355     0.119
  -122.255     0.119
  -122.155     0.119
  -122.056     0.120
  -121.956     0.120
  -121.856     0.122
  -121.757     0.122
  -121.657     0.122
  -121.558     0.123
  -121.458     0.124
  -121.358     0.124
  -121.259     0.123
  -121.159     0.124
  -121.060     0.128
  -120.960     0.133
  -120.860     0.134
  -120.761     0.133
  -120.661     0.133
  -120.562     0.132
  -120.462     0.134
  -120.362     0.131
  -120.263     0.134
  -120.163     0.134
  -120.064     0.131
  -119.964     0.129
  -119.864     0.124
  -119.765     0.120
  -119.665     0.119
  -119.565     0.120
  -119.466     0.120
  -119.366     0.120
  -119.267     0.120
  -119.167     0.120
  -119.067     0.120
  -118.968     0.120
  -118.868     0.121
  -118.769     0.120
  -118.669     0.120
  -118.569     0.118
  -118.470     0.117
  -118.370     0.120
  -118.270     0.121
  -118.171     0.122
  -118.071     0.123
  -117.972     0.123
  -117.872     0.126
  -117.773     0.130
  -117.673     0.133
  -117.573     0.134
  -117.474     0.135
  -117.374     0.133
  -117.275     0.132
  -117.175     0.133
  -117.075     0.132
  -116.976     0.130
  -116.876     0.125
  -116.776     0.121
  -116.677     0.120
  -116.577     0.120
  -116.478     0.121
  -116.378     0.121
  -116.278     0.120
  -116.179     0.120
  -116.079     0.120
  -115.980     0.121
  -115.880     0.122
  -115.780     0.122
  -115.681     0.121
  -115.581     0.123
  -115.481     0.123
  -115.382     0.122
  -115.282     0.123
  -115.183     0.122
  -115.083     0.122
  -114.983     0.121
  -114.884     0.122
  -114.784     0.123
  -114.685     0.123
  -114.585     0.123
  -114.485     0.121
  -114.386     0.121
  -114.286     0.121
  -114.187     0.122
  -114.087     0.122
  -113.987     0.124
  -113.888     0.124
  -113.788     0.125
  -113.689     0.127
  -113.589     0.128
  -113.489     0.127
  -113.390     0.132
  -113.290     0.136
  -113.190     0.134
  -113.091     0.135
  -112.991     0.135
  -112.892     0.135
  -112.792     0.132
  -112.692     0.130
  -112.593     0.124
  -112.493     0.122
  -112.394     0.120
  -112.294     0.120
  -112.194     0.122
  -112.095     0.122
  -111.995     0.121
  -111.895     0.121
  -111.796     0.121
  -111.696     0.122
  -111.597     0.124
  -111.497     0.123
  -111.398     0.124
  -111.298     0.123
  -111.198     0.123
  -111.099     0.122
  -110.999     0.123
  -110.900     0.122
  -110.800     0.122
  -110.700     0.122
  -110.601     0.121
  -110.501     0.122
  -110.401     0.125
  -110.302     0.125
  -110.202     0.126
  -110.103     0.127
  -110.003     0.130
  -109.903     0.134
  -109.804     0.137
  -109.704     0.135
  -109.605     0.138
  -109.505     0.138
  -109.405     0.135
  -109.306     0.133
  -109.206     0.127
  -109.106     0.122
  -109.007     0.122
  -108.907     0.123
  -108.808     0.123
  -108.708     0.121
  -108.608     0.122
  -108.509     0.123
  -108.409     0.122
  -108.310     0.120
  -108.210     0.122
  -108.110     0.123
  -108.011     0.123
  -107.911     0.125
  -107.812     0.126
  -107.712     0.128
  -107.612     0.130
  -107.513     0.131
  -107.413     0.135
  -107.314     0.137
  -107.214     0.138
  -107.114     0.138
  -107.015     0.134
  -106.915     0.131
  -106.815     0.126
  -106.716     0.122
  -106.616     0.122
  -106.517     0.121
  -106.417     0.123
  -106.317     0.124
  -106.218     0.124
  -106.118     0.124
  -106.019     0.125
  -105.919     0.124
  -105.819     0.123
  -105.720     0.123
  -105.620     0.124
  -105.520     0.124
  -105.421     0.125
  -105.321     0.126
  -105.222     0.125
  -105.122     0.125
  -105.023     0.125
  -104.923     0.126
  -104.823     0.126
  -104.724     0.126
  -104.624     0.124
  -104.525     0.124
  -104.425     0.122
  -104.325     0.125
  -104.226     0.124
  -104.126     0.126
  -104.026     0.125
  -103.927     0.129
  -103.827     0.128
  -103.728     0.129
  -103.628     0.129
  -103.528     0.132
  -103.429     0.137
  -103.329     0.138
  -103.230     0.139
  -103.130     0.140
  -103.030     0.136
  -102.931     0.136
  -102.831     0.135
  -102.731     0.128
  -102.632     0.124
  -102.532     0.124
  -102.433     0.124
  -102.333     0.124
  -102.233     0.123
  -102.134     0.122
  -102.034     0.125
  -101.935     0.125
  -101.835     0.127
  -101.735     0.127
  -101.636     0.129
  -101.536     0.135
  -101.437     0.136
  -101.337     0.137
  -101.237     0.138
  -101.138     0.139
  -101.038     0.137
  -100.939     0.137
  -100.839     0.134
  -100.739     0.128
  -100.640     0.124
  -100.540     0.123
  -100.440     0.124
  -100.341     0.122
  -100.241     0.123
  -100.142     0.125
  -100.042     0.124
   -99.942     0.125
   -99.843     0.126
   -99.743     0.127
   -99.644     0.126
   -99.544     0.129
   -99.444     0.130
   -99.345     0.132
   -99.245     0.137
   -99.145     0.138
   -99.046     0.140
   -98.946     0.140
   -98.847     0.138
   -98.747     0.137
   -98.648     0.139
   -98.548     0.136
   -98.448     0.136
   -98.349     0.136
   -98.249     0.134
   -98.150     0.130
   -98.050     0.127
   -97.950     0.123
   -97.851     0.124
   -97.751     0.125
   -97.651     0.126
   -97.552     0.126
   -97.452     0.127
   -97.353     0.125
   -97.253     0.127
   -97.153     0.125
   -97.054     0.124
   -96.954     0.124
   -96.855     0.126
   -96.755     0.125
   -96.655     0.126
   -96.556     0.126
   -96.456     0.127
   -96.356     0.131
   -96.257     0.133
   -96.157     0.135
   -96.058     0.138
   -95.958     0.140
   -95.858     0.140
   -95.759     0.141
   -95.659     0.140
   -95.560     0.139
   -95.460     0.139
   -95.360     0.138
   -95.261     0.138
   -95.161     0.136
   -95.062     0.136
   -94.962     0.132
   -94.862     0.127
   -94.763     0.125
   -94.663     0.126
   -94.564     0.128
   -94.464     0.128
   -94.364     0.126
   -94.265     0.126
   -94.165     0.124
   -94.065     0.125
   -93.966     0.126
   -93.866     0.125
   -93.767     0.127
   -93.667     0.126
   -93.567     0.127
   -93.468     0.127
   -93.368     0.125
   -93.269     0.125
   -93.169     0.125
   -93.069     0.126
   -92.970     0.126
   -92.870     0.125
   -92.770     0.128
   -92.671     0.126
   -92.571     0.128
   -92.472     0.129
   -92.372     0.132
   -92.273     0.134
   -92.173     0.141
   -92.073     0.143
   -91.974     0.142
   -91.874     0.142
   -91.775     0.137
   -91.675     0.139
   -91.575     0.134
   -91.476     0.130
   -91.376     0.128
   -91.276     0.128
   -91.177     0.128
   -91.077     0.129
   -90.978     0.128
   -90.878     0.129
   -90.778     0.126
   -90.679     0.128
   -90.579     0.128
   -90.480     0.125
   -90.380     0.126
   -90.280     0.127
   -90.181     0.125
   -90.081     0.126
   -89.981     0.128
   -89.882     0.127
   -89.782     0.128
   -89.683     0.129
   -89.583     0.129
   -89.483     0.129
   -89.384     0.129
   -89.284     0.131
   -89.185     0.130
   -89.085     0.130
   -88.985     0.131
   -88.886     0.130
   -88.786     0.130
   -88.687     0.126
   -88.587     0.127
   -88.487     0.129
   -88.388     0.129
   -88.288     0.128
   -88.189     0.128
   -88.089     0.127
   -87.989     0.129
   -87.890     0.130
   -87.790     0.128
   -87.690     0.129
   -87.591     0.128
   -87.491     0.127
   -87.392     0.130
   -87.292     0.128
   -87.192     0.129
   -87.093     0.127
   -86.993     0.128
   -86.894     0.128
   -86.794     0.127
   -86.694     0.128
   -86.595     0.129
   -86.495     0.129
   -86.395     0.130
   -86.296     0.132
   -86.196     0.133
   -86.097     0.132
   -85.997     0.134
   -85.898     0.137
   -85.798     0.143
   -85.698     0.145
   -85.599     0.145
   -85.499     0.144
   -85.400     0.143
   -85.300     0.143
   -85.200     0.141
   -85.101     0.140
   -85.001     0.139
   -84.901     0.132
   -84.802     0.131
   -84.702     0.131
   -84.603     0.128
   -84.503     0.129
   -84.403     0.130
   -84.304     0.129
   -84.204     0.131
   -84.105     0.131
   -84.005     0.132
   -83.905     0.133
   -83.806     0.132
   -83.706     0.129
   -83.606     0.131
   -83.507     0.130
   -83.407     0.130
   -83.308     0.128
   -83.208     0.130
   -83.108     0.131
   -83.009     0.131
   -82.909     0.132
   -82.810     0.133
   -82.710     0.132
   -82.610     0.133
   -82.511     0.133
   -82.411     0.132
   -82.312     0.130
   -82.212     0.129
   -82.112     0.131
   -82.013     0.131
   -81.913     0.130
   -81.814     0.130
   -81.714     0.129
   -81.614     0.130
   -81.515     0.130
   -81.415     0.131
   -81.315     0.129
   -81.216     0.129
   -81.116     0.130
   -81.017     0.130
   -80.917     0.131
   -80.817     0.133
   -80.718     0.130
   -80.618     0.132
   -80.519     0.129
   -80.419     0.129
   -80.319     0.130
   -80.220     0.132
   -80.120     0.134
   -80.020     0.133
   -79.921     0.134
   -79.821     0.133
   -79.722     0.133
   -79.622     0.137
   -79.523     0.135
   -79.423     0.135
   -79.323     0.135
   -79.224     0.139
   -79.124     0.142
   -79.025     0.144
   -78.925     0.146
   -78.825     0.146
   -78.726     0.145
   -78.626     0.143
   -78.526     0.140
   -78.427     0.133
   -78.327     0.131
   -78.228     0.128
   -78.128     0.131
   -78.028     0.131
   -77.929     0.130
   -77.829     0.130
   -77.730     0.130
   -77.630     0.132
   -77.530     0.132
   -77.431     0.132
   -77.331     0.132
   -77.231     0.133
   -77.132     0.133
   -77.032     0.136
   -76.933     0.134
   -76.833     0.134
   -76.733     0.136
   -76.634     0.135
   -76.534     0.134
   -76.435     0.134
   -76.335     0.134
   -76.235     0.134
   -76.136     0.131
   -76.036     0.131
   -75.937     0.131
   -75.837     0.131
   -75.737     0.133
   -75.638     0.133
   -75.538     0.134
   -75.439     0.135
   -75.339     0.137
   -75.239     0.142
   -75.140     0.145
   -75.040     0.145
   -74.940     0.145
   -74.841     0.145
   -74.741     0.145
   -74.642     0.142
   -74.542     0.143
   -74.442     0.140
   -74.343     0.133
   -74.243     0.132
   -74.144     0.129
   -74.044     0.130
   -73.944     0.129
   -73.845     0.128
   -73.745     0.130
   -73.645     0.129
   -73.546     0.130
   -73.446     0.133
   -73.347     0.132
   -73.247     0.134
   -73.148     0.133
   -73.048     0.132
   -72.948     0.134
   -72.849     0.135
   -72.749     0.135
   -72.650     0.135
   -72.550     0.136
   -72.450     0.134
   -72.351     0.134
   -72.251     0.133
   -72.151     0.130
   -72.052     0.132
   -71.952     0.132
   -71.853     0.131
   -71.753     0.131
   -71.653     0.132
   -71.554     0.133
   -71.454     0.135
   -71.355     0.133
   -71.255     0.134
   -71.155     0.135
   -71.056     0.134
   -70.956     0.136
   -70.856     0.133
   -70.757     0.135
   -70.657     0.133
   -70.558     0.133
   -70.458     0.131
   -70.358     0.134
   -70.259     0.134
   -70.159     0.134
   -70.060     0.135
   -69.960     0.134
   -69.860     0.132
   -69.761     0.131
   -69.661     0.132
   -69.562     0.134
   -69.462     0.133
   -69.362     0.134
   -69.263     0.135
   -69.163     0.136
   -69.064     0.138
   -68.964     0.138
   -68.864     0.138
   -68.765     0.143
   -68.665     0.147
   -68.565     0.146
   -68.466     0.147
   -68.366     0.146
   -68.267     0.145
   -68.167     0.143
   -68.067     0.142
   -67.968     0.136
   -67.868     0.133
   -67.769     0.134
   -67.669     0.133
   -67.569     0.133
   -67.470     0.133
   -67.370     0.135
   -67.270     0.134
   -67.171     0.136
   -67.071     0.133
   -66.972     0.133
   -66.872     0.134
   -66.773     0.135
   -66.673     0.136
   -66.573     0.134
   -66.474     0.136
   -66.374     0.134
   -66.275     0.135
   -66.175     0.134
   -66.075     0.133
   -65.976     0.132
   -65.876     0.134
   -65.776     0.134
   -65.677     0.135
   -65.577     0.133
   -65.478     0.135
   -65.378     0.138
   -65.278     0.138
   -65.179     0.141
   -65.079     0.142
   -64.980     0.147
   -64.880     0.147
   -64.780     0.149
   -64.681     0.149
   -64.581     0.150
   -64.481     0.150
   -64.382     0.148
   -64.282     0.147
   -64.183     0.141
   -64.083     0.136
   -63.983     0.135
   -63.884     0.134
   -63.784     0.136
   -63.685     0.136
   -63.585     0.135
   -63.485     0.134
   -63.386     0.134
   -63.286     0.135
   -63.187     0.135
   -63.087     0.135
   -62.987     0.135
   -62.888     0.134
   -62.788     0.135
   -62.689     0.135
   -62.589     0.135
   -62.489     0.135
   -62.390     0.136
   -62.290     0.136
   -62.190     0.136
   -62.091     0.134
   -61.991     0.134
   -61.892     0.137
   -61.792     0.135
   -61.692     0.136
   -61.593     0.136
   -61.493     0.136
   -61.394     0.136
   -61.294     0.138
   -61.194     0.137
   -61.095     0.140
   -60.995     0.141
   -60.895     0.143
   -60.796     0.149
   -60.696     0.150
   -60.597     0.150
   -60.497     0.152
   -60.398     0.151
   -60.298     0.150
   -60.198     0.149
   -60.099     0.146
   -59.999     0.140
   -59.900     0.137
   -59.800     0.136
   -59.700     0.136
   -59.601     0.136
   -59.501     0.137
   -59.401     0.135
   -59.302     0.138
   -59.202     0.137
   -59.103     0.137
   -59.003     0.137
   -58.903     0.134
   -58.804     0.136
   -58.704     0.136
   -58.605     0.136
   -58.505     0.138
   -58.405     0.137
   -58.306     0.136
   -58.206     0.136
   -58.106     0.135
   -58.007     0.136
   -57.907     0.136
   -57.808     0.135
   -57.708     0.136
   -57.608     0.136
   -57.509     0.137
   -57.409     0.139
   -57.310     0.142
   -57.210     0.143
   -57.110     0.148
   -57.011     0.148
   -56.911     0.148
   -56.812     0.149
   -56.712     0.149
   -56.612     0.150
   -56.513     0.149
   -56.413     0.147
   -56.314     0.149
   -56.214     0.146
   -56.114     0.147
   -56.015     0.144
   -55.915     0.136
   -55.815     0.135
   -55.716     0.134
   -55.616     0.135
   -55.517     0.136
   -55.417     0.136
   -55.317     0.138
   -55.218     0.137
   -55.118     0.140
   -55.019     0.138
   -54.919     0.139
   -54.819     0.143
   -54.720     0.147
   -54.620     0.151
   -54.520     0.149
   -54.421     0.149
   -54.321     0.149
   -54.222     0.149
   -54.122     0.150
   -54.023     0.146
   -53.923     0.145
   -53.823     0.141
   -53.724     0.137
   -53.624     0.137
   -53.525     0.137
   -53.425     0.135
   -53.325     0.136
   -53.226     0.136
   -53.126     0.136
   -53.026     0.135
   -52.927     0.138
   -52.827     0.138
   -52.728     0.138
   -52.628     0.142
   -52.528     0.146
   -52.429     0.151
   -52.329     0.151
   -52.230     0.151
   -52.130     0.151
   -52.030     0.151
   -51.931     0.153
   -51.831     0.150
   -51.731     0.149
   -51.632     0.149
   -51.532     0.144
   -51.433     0.139
   -51.333     0.137
   -51.233     0.137
   -51.134     0.138
   -51.034     0.138
   -50.935     0.138
   -50.835     0.137
   -50.735     0.139
   -50.636     0.139
   -50.536     0.138
   -50.437     0.137
   -50.337     0.138
   -50.237     0.138
   -50.138     0.137
   -50.038     0.139
   -49.939     0.140
   -49.839     0.138
   -49.739     0.139
   -49.640     0.138
   -49.540     0.140
   -49.440     0.139
   -49.341     0.138
   -49.241     0.138
   -49.142     0.138
   -49.042     0.138
   -48.942     0.140
   -48.843     0.140
   -48.743     0.141
   -48.644     0.142
   -48.544     0.141
   -48.444     0.143
   -48.345     0.144
   -48.245     0.145
   -48.145     0.146
   -48.046     0.149
   -47.946     0.151
   -47.847     0.151
   -47.747     0.151
   -47.648     0.149
   -47.548     0.150
   -47.448     0.149
   -47.349     0.147
   -47.249     0.143
   -47.150     0.139
   -47.050     0.137
   -46.950     0.138
   -46.851     0.138
   -46.751     0.138
   -46.651     0.139
   -46.552     0.139
   -46.452     0.138
   -46.353     0.138
   -46.253     0.141
   -46.153     0.140
   -46.054     0.141
   -45.954     0.140
   -45.855     0.140
   -45.755     0.140
   -45.655     0.137
   -45.556     0.139
   -45.456     0.140
   -45.356     0.140
   -45.257     0.139
   -45.157     0.140
   -45.058     0.139
   -44.958     0.142
   -44.858     0.141
   -44.759     0.141
   -44.659     0.142
   -44.560     0.142
   -44.460     0.142
   -44.360     0.140
   -44.261     0.141
   -44.161     0.140
   -44.062     0.139
   -43.962     0.139
   -43.862     0.138
   -43.763     0.137
   -43.663     0.140
   -43.564     0.142
   -43.464     0.141
   -43.364     0.143
   -43.265     0.143
   -43.165     0.144
   -43.065     0.145
   -42.966     0.146
   -42.866     0.146
   -42.767     0.148
   -42.667     0.153
   -42.567     0.154
   -42.468     0.155
   -42.368     0.156
   -42.269     0.153
   -42.169     0.153
   -42.069     0.152
   -41.970     0.150
   -41.870     0.148
   -41.770     0.142
   -41.671     0.140
   -41.571     0.139
   -41.472     0.139
   -41.372     0.141
   -41.273     0.141
   -41.173     0.141
   -41.073     0.143
   -40.974     0.143
   -40.874     0.144
   -40.775     0.141
   -40.675     0.143
   -40.575     0.144
   -40.476     0.143
   -40.376     0.140
   -40.276     0.140
   -40.177     0.142
   -40.077     0.142
   -39.978     0.144
   -39.878     0.146
   -39.778     0.147
   -39.679     0.153
   -39.579     0.156
   -39.480     0.157
   -39.380     0.156
   -39.280     0.155
   -39.181     0.156
   -39.081     0.156
   -38.981     0.159
   -38.882     0.158
   -38.782     0.158
   -38.683     0.155
   -38.583     0.151
   -38.483     0.146
   -38.384     0.142
   -38.284     0.142
   -38.185     0.142
   -38.085     0.142
   -37.985     0.144
   -37.886     0.141
   -37.786     0.143
   -37.687     0.141
   -37.587     0.141
   -37.487     0.142
   -37.388     0.143
   -37.288     0.143
   -37.189     0.144
   -37.089     0.142
   -36.989     0.143
   -36.890     0.144
   -36.790     0.141
   -36.690     0.141
   -36.591     0.141
   -36.491     0.143
   -36.392     0.143
   -36.292     0.144
   -36.192     0.145
   -36.093     0.151
   -35.993     0.157
   -35.894     0.155
   -35.794     0.159
   -35.694     0.157
   -35.595     0.156
   -35.495     0.157
   -35.395     0.154
   -35.296     0.155
   -35.196     0.151
   -35.097     0.145
   -34.997     0.142
   -34.898     0.140
   -34.798     0.142
   -34.698     0.141
   -34.599     0.143
   -34.499     0.144
   -34.400     0.143
   -34.300     0.145
   -34.200     0.147
   -34.101     0.150
   -34.001     0.155
   -33.901     0.158
   -33.802     0.158
   -33.702     0.160
   -33.603     0.157
   -33.503     0.159
   -33.403     0.156
   -33.304     0.155
   -33.204     0.152
   -33.105     0.147
   -33.005     0.144
   -32.905     0.143
   -32.806     0.143
   -32.706     0.142
   -32.606     0.143
   -32.507     0.143
   -32.407     0.144
   -32.308     0.145
   -32.208     0.145
   -32.108     0.146
   -32.009     0.146
   -31.909     0.147
   -31.810     0.150
   -31.710     0.154
   -31.610     0.157
   -31.511     0.158
   -31.411     0.159
   -31.312     0.158
   -31.212     0.158
   -31.112     0.158
   -31.013     0.156
   -30.913     0.154
   -30.814     0.149
   -30.714     0.145
   -30.614     0.144
   -30.515     0.145
   -30.415     0.144
   -30.315     0.146
   -30.216     0.144
   -30.116     0.147
   -30.017     0.146
   -29.917     0.145
   -29.817     0.148
   -29.718     0.148
   -29.618     0.147
   -29.519     0.146
   -29.419     0.144
   -29.319     0.145
   -29.220     0.144
   -29.120     0.145
   -29.020     0.146
   -28.921     0.146
   -28.821     0.146
   -28.722     0.145
   -28.622     0.146
   -28.523     0.146
   -28.423     0.146
   -28.323     0.144
   -28.224     0.146
   -28.124     0.146
   -28.025     0.147
   -27.925     0.148
   -27.825     0.149
   -27.726     0.150
   -27.626     0.150
   -27.526     0.150
   -27.427     0.150
   -27.327     0.153
   -27.228     0.156
   -27.128     0.159
   -27.028     0.159
   -26.929     0.160
   -26.829     0.159
   -26.730     0.159
   -26.630     0.158
   -26.530     0.157
   -26.431     0.155
   -26.331     0.150
   -26.231     0.148
   -26.132     0.146
   -26.032     0.146
   -25.933     0.144
   -25.833     0.145
   -25.733     0.146
   -25.634     0.147
   -25.534     0.146
   -25.435     0.146
   -25.335     0.146
   -25.235     0.146
   -25.136     0.145
   -25.036     0.145
   -24.937     0.147
   -24.837     0.146
   -24.737     0.148
   -24.638     0.148
   -24.538     0.148
   -24.439     0.148
   -24.339     0.150
   -24.239     0.149
   -24.140     0.149
   -24.040     0.150
   -23.940     0.150
   -23.841     0.150
   -23.741     0.151
   -23.642     0.148
   -23.542     0.148
   -23.442     0.147
   -23.343     0.145
   -23.243     0.148
   -23.144     0.147
   -23.044     0.149
   -22.944     0.152
   -22.845     0.152
   -22.745     0.158
   -22.645     0.161
   -22.546     0.162
   -22.446     0.161
   -22.347     0.160
   -22.247     0.162
   -22.148     0.160
   -22.048     0.157
   -21.948     0.157
   -21.849     0.149
   -21.749     0.147
   -21.650     0.146
   -21.550     0.144
   -21.450     0.147
   -21.351     0.147
   -21.251     0.148
   -21.151     0.150
   -21.052     0.149
   -20.952     0.151
   -20.853     0.151
   -20.753     0.152
   -20.653     0.153
   -20.554     0.153
   -20.454     0.157
   -20.355     0.160
   -20.255     0.160
   -20.155     0.163
   -20.056     0.160
   -19.956     0.159
   -19.856     0.157
   -19.757     0.158
   -19.657     0.155
   -19.558     0.150
   -19.458     0.146
   -19.358     0.145
   -19.259     0.145
   -19.159     0.145
   -19.060     0.147
   -18.960     0.146
   -18.860     0.148
   -18.761     0.148
   -18.661     0.150
   -18.562     0.151
   -18.462     0.152
   -18.362     0.155
   -18.263     0.159
   -18.163     0.161
   -18.064     0.162
   -17.964     0.159
   -17.864     0.160
   -17.765     0.161
   -17.665     0.161
   -17.565     0.160
   -17.466     0.158
   -17.366     0.159
   -17.267     0.158
   -17.167     0.156
   -17.067     0.150
   -16.968     0.146
   -16.868     0.145
   -16.769     0.146
   -16.669     0.147
   -16.569     0.147
   -16.470     0.148
   -16.370     0.149
   -16.270     0.148
   -16.171     0.150
   -16.071     0.150
   -15.972     0.149
   -15.872     0.148
   -15.773     0.148
   -15.673     0.151
   -15.573     0.148
   -15.474     0.147
   -15.374     0.147
   -15.275     0.147
   -15.175     0.149
   -15.075     0.148
   -14.976     0.148
   -14.876     0.150
   -14.776     0.151
   -14.677     0.150
   -14.577     0.152
   -14.478     0.151
   -14.378     0.153
   -14.278     0.154
   -14.179     0.154
   -14.079     0.155
   -13.980     0.153
   -13.880     0.154
   -13.780     0.154
   -13.681     0.154
   -13.581     0.153
   -13.481     0.152
   -13.382     0.152
   -13.282     0.151
   -13.183     0.151
   -13.083     0.150
   -12.983     0.150
   -12.884     0.150
   -12.784     0.150
   -12.685     0.150
   -12.585     0.149
   -12.485     0.150
   -12.386     0.149
   -12.286     0.151
   -12.187     0.148
   -12.087     0.148
   -11.987     0.148
   -11.888     0.150
   -11.788     0.150
   -11.689     0.150
   -11.589     0.151
   -11.489     0.150
   -11.390     0.151
   -11.290     0.148
   -11.190     0.149
   -11.091     0.150
   -10.991     0.152
   -10.892     0.152
   -10.792     0.155
   -10.692     0.158
   -10.593     0.162
   -10.493     0.163
   -10.394     0.165
   -10.294     0.164
   -10.194     0.164
   -10.095     0.166
    -9.995     0.164
    -9.895     0.164
    -9.796     0.165
    -9.696     0.165
    -9.597     0.164
    -9.497     0.163
    -9.398     0.162
    -9.298     0.160
    -9.198     0.154
    -9.099     0.151
    -8.999     0.150
    -8.900     0.150
    -8.800     0.149
    -8.700     0.150
    -8.601     0.150
    -8.501     0.149
    -8.401     0.149
    -8.302     0.151
    -8.202     0.151
    -8.103     0.153
    -8.003     0.154
    -7.903     0.155
    -7.804     0.155
    -7.704     0.156
    -7.605     0.153
    -7.505     0.155
    -7.405     0.155
    -7.306     0.155
    -7.206     0.154
    -7.106     0.153
    -7.007     0.153
    -6.907     0.151
    -6.808     0.150
    -6.708     0.149
    -6.608     0.149
    -6.509     0.149
    -6.409     0.149
    -6.310     0.149
    -6.210     0.153
    -6.110     0.154
    -6.011     0.154
    -5.911     0.156
    -5.812     0.153
    -5.712     0.154
    -5.612     0.154
    -5.513     0.155
    -5.413     0.153
    -5.314     0.151
    -5.214     0.151
    -5.114     0.150
    -5.015     0.150
    -4.915     0.153
    -4.815     0.150
    -4.716     0.152
    -4.616     0.152
    -4.517     0.150
    -4.417     0.151
    -4.317     0.152
    -4.218     0.156
    -4.118     0.156
    -4.019     0.157
    -3.919     0.163
    -3.819     0.166
    -3.720     0.165
    -3.620     0.166
    -3.520     0.165
    -3.421     0.166
    -3.321     0.166
    -3.222     0.167
    -3.122     0.164
    -3.023     0.162
    -2.923     0.161
    -2.823     0.157
    -2.724     0.153
    -2.624     0.151
    -2.525     0.153
    -2.425     0.150
    -2.325     0.153
    -2.226     0.153
    -2.126     0.154
    -2.026     0.155
    -1.927     0.155
    -1.827     0.154
    -1.728     0.153
    -1.628     0.152
    -1.528     0.152
    -1.429     0.150
    -1.329     0.152
    -1.230     0.152
    -1.130     0.152
    -1.030     0.152
    -0.931     0.155
    -0.831     0.153
    -0.731     0.155
    -0.632     0.155
    -0.532     0.154
    -0.433     0.155
    -0.333     0.156
    -0.233     0.155
    -0.134     0.155
    -0.034     0.153
