# tToFail   Slip
 -2353.961     0.000
 -2353.862     0.002
 -2353.762     0.002
 -2353.662     0.004
 -2353.563     0.006
 -2353.463     0.007
 -2353.364     0.007
 -2353.264     0.007
 -2353.164     0.010
 -2353.065     0.010
 -2352.965     0.011
 -2352.866     0.018
 -2352.766     0.021
 -2352.666     0.023
 -2352.567     0.023
 -2352.467     0.024
 -2352.368     0.023
 -2352.268     0.020
 -2352.168     0.019
 -2352.069     0.014
 -2351.969     0.004
 -2351.869     0.003
 -2351.770     0.002
 -2351.670     0.001
 -2351.571     0.000
 -2351.471     0.001
 -2351.371     0.005
 -2351.272     0.006
 -2351.172     0.007
 -2351.073     0.010
 -2350.973     0.010
 -2350.873     0.015
 -2350.774     0.020
 -2350.674     0.021
 -2350.575     0.022
 -2350.475     0.021
 -2350.375     0.023
 -2350.276     0.022
 -2350.176     0.021
 -2350.076     0.019
 -2349.977     0.012
 -2349.877     0.006
 -2349.778     0.001
 -2349.678     0.001
 -2349.578     0.003
 -2349.479     0.003
 -2349.379     0.004
 -2349.280     0.001
 -2349.180     0.002
 -2349.080     0.004
 -2348.981     0.006
 -2348.881     0.007
 -2348.782     0.008
 -2348.682     0.012
 -2348.582     0.014
 -2348.483     0.018
 -2348.383     0.021
 -2348.284     0.021
 -2348.184     0.022
 -2348.084     0.022
 -2347.985     0.022
 -2347.885     0.021
 -2347.785     0.018
 -2347.686     0.016
 -2347.586     0.007
 -2347.487     0.002
 -2347.387     0.002
 -2347.287     0.001
 -2347.188     0.001
 -2347.088     0.003
 -2346.989     0.002
 -2346.889     0.003
 -2346.789     0.004
 -2346.690     0.006
 -2346.590     0.007
 -2346.491     0.008
 -2346.391     0.008
 -2346.291     0.011
 -2346.192     0.013
 -2346.092     0.019
 -2345.993     0.022
 -2345.893     0.023
 -2345.793     0.023
 -2345.694     0.024
 -2345.594     0.023
 -2345.494     0.023
 -2345.395     0.022
 -2345.295     0.021
 -2345.196     0.018
 -2345.096     0.016
 -2344.996     0.007
 -2344.897     0.004
 -2344.797     0.002
 -2344.698     0.002
 -2344.598     0.002
 -2344.498     0.003
 -2344.399     0.004
 -2344.299     0.005
 -2344.200     0.005
 -2344.100     0.003
 -2344.000     0.005
 -2343.901     0.006
 -2343.801     0.006
 -2343.701     0.004
 -2343.602     0.005
 -2343.502     0.005
 -2343.403     0.004
 -2343.303     0.002
 -2343.203     0.004
 -2343.104     0.003
 -2343.004     0.003
 -2342.905     0.003
 -2342.805     0.003
 -2342.705     0.003
 -2342.606     0.004
 -2342.506     0.004
 -2342.407     0.004
 -2342.307     0.004
 -2342.207     0.002
 -2342.108     0.003
 -2342.008     0.005
 -2341.909     0.006
 -2341.809     0.005
 -2341.709     0.005
 -2341.610     0.005
 -2341.510     0.008
 -2341.410     0.007
 -2341.311     0.007
 -2341.211     0.006
 -2341.112     0.006
 -2341.012     0.006
 -2340.912     0.003
 -2340.813     0.004
 -2340.713     0.006
 -2340.614     0.008
 -2340.514     0.007
 -2340.414     0.004
 -2340.315     0.005
 -2340.215     0.005
 -2340.116     0.004
 -2340.016     0.004
 -2339.916     0.003
 -2339.817     0.004
 -2339.717     0.004
 -2339.618     0.004
 -2339.518     0.004
 -2339.418     0.004
 -2339.319     0.004
 -2339.219     0.004
 -2339.119     0.005
 -2339.020     0.004
 -2338.920     0.005
 -2338.821     0.005
 -2338.721     0.004
 -2338.621     0.004
 -2338.522     0.003
 -2338.422     0.004
 -2338.323     0.005
 -2338.223     0.003
 -2338.123     0.003
 -2338.024     0.004
 -2337.924     0.002
 -2337.825     0.003
 -2337.725     0.004
 -2337.625     0.005
 -2337.526     0.008
 -2337.426     0.010
 -2337.326     0.015
 -2337.227     0.019
 -2337.127     0.023
 -2337.028     0.025
 -2336.928     0.024
 -2336.828     0.023
 -2336.729     0.023
 -2336.629     0.020
 -2336.530     0.014
 -2336.430     0.007
 -2336.330     0.004
 -2336.231     0.003
 -2336.131     0.002
 -2336.032     0.002
 -2335.932     0.003
 -2335.832     0.004
 -2335.733     0.004
 -2335.633     0.004
 -2335.534     0.006
 -2335.434     0.006
 -2335.334     0.007
 -2335.235     0.008
 -2335.135     0.010
 -2335.035     0.012
 -2334.936     0.015
 -2334.836     0.020
 -2334.737     0.023
 -2334.637     0.023
 -2334.537     0.022
 -2334.438     0.023
 -2334.338     0.022
 -2334.239     0.020
 -2334.139     0.018
 -2334.039     0.014
 -2333.940     0.007
 -2333.840     0.003
 -2333.741     0.001
 -2333.641     0.001
 -2333.541     0.002
 -2333.442     0.002
 -2333.342     0.002
 -2333.243     0.001
 -2333.143     0.001
 -2333.043     0.003
 -2332.944     0.003
 -2332.844     0.005
 -2332.744     0.006
 -2332.645     0.006
 -2332.545     0.007
 -2332.446     0.006
 -2332.346     0.007
 -2332.246     0.009
 -2332.147     0.008
 -2332.047     0.008
 -2331.948     0.007
 -2331.848     0.003
 -2331.748     0.003
 -2331.649     0.003
 -2331.549     0.003
 -2331.450     0.002
 -2331.350     0.003
 -2331.250     0.006
 -2331.151     0.006
 -2331.051     0.006
 -2330.951     0.008
 -2330.852     0.007
 -2330.752     0.009
 -2330.653     0.009
 -2330.553     0.010
 -2330.453     0.012
 -2330.354     0.014
 -2330.254     0.021
 -2330.155     0.022
 -2330.055     0.022
 -2329.955     0.024
 -2329.856     0.023
 -2329.756     0.021
 -2329.657     0.018
 -2329.557     0.009
 -2329.457     0.004
 -2329.358     0.002
 -2329.258     0.002
 -2329.159     0.002
 -2329.059     0.002
 -2328.959     0.004
 -2328.860     0.003
 -2328.760     0.003
 -2328.660     0.004
 -2328.561     0.003
 -2328.461     0.003
 -2328.362     0.002
 -2328.262     0.003
 -2328.162     0.004
 -2328.063     0.002
 -2327.963     0.003
 -2327.864     0.004
 -2327.764     0.006
 -2327.664     0.004
 -2327.565     0.008
 -2327.465     0.007
 -2327.366     0.009
 -2327.266     0.011
 -2327.166     0.014
 -2327.067     0.018
 -2326.967     0.021
 -2326.868     0.023
 -2326.768     0.023
 -2326.668     0.023
 -2326.569     0.023
 -2326.469     0.023
 -2326.369     0.019
 -2326.270     0.018
 -2326.170     0.014
 -2326.071     0.006
 -2325.971     0.002
 -2325.871     0.002
 -2325.772     0.001
 -2325.672     0.005
 -2325.573     0.005
 -2325.473     0.002
 -2325.373     0.005
 -2325.274     0.005
 -2325.174     0.003
 -2325.075     0.002
 -2324.975     0.002
 -2324.875     0.005
 -2324.776     0.002
 -2324.676     0.002
 -2324.576     0.004
 -2324.477     0.005
 -2324.377     0.007
 -2324.278     0.007
 -2324.178     0.009
 -2324.078     0.010
 -2323.979     0.012
 -2323.879     0.021
 -2323.780     0.022
 -2323.680     0.023
 -2323.580     0.024
 -2323.481     0.024
 -2323.381     0.024
 -2323.282     0.023
 -2323.182     0.022
 -2323.082     0.020
 -2322.983     0.015
 -2322.883     0.007
 -2322.784     0.004
 -2322.684     0.004
 -2322.584     0.003
 -2322.485     0.003
 -2322.385     0.003
 -2322.285     0.005
 -2322.186     0.002
 -2322.086     0.003
 -2321.987     0.001
 -2321.887     0.002
 -2321.787     0.003
 -2321.688     0.003
 -2321.588     0.002
 -2321.489     0.003
 -2321.389     0.002
 -2321.289     0.003
 -2321.190     0.005
 -2321.090     0.005
 -2320.991     0.008
 -2320.891     0.006
 -2320.791     0.008
 -2320.692     0.009
 -2320.592     0.008
 -2320.493     0.008
 -2320.393     0.007
 -2320.293     0.007
 -2320.194     0.006
 -2320.094     0.002
 -2319.994     0.002
 -2319.895     0.003
 -2319.795     0.002
 -2319.696     0.004
 -2319.596     0.003
 -2319.496     0.005
 -2319.397     0.004
 -2319.297     0.004
 -2319.198     0.004
 -2319.098     0.003
 -2318.998     0.003
 -2318.899     0.004
 -2318.799     0.004
 -2318.700     0.005
 -2318.600     0.004
 -2318.500     0.004
 -2318.401     0.005
 -2318.301     0.005
 -2318.201     0.003
 -2318.102     0.003
 -2318.002     0.005
 -2317.903     0.007
 -2317.803     0.008
 -2317.703     0.010
 -2317.604     0.010
 -2317.504     0.012
 -2317.405     0.016
 -2317.305     0.021
 -2317.205     0.024
 -2317.106     0.023
 -2317.006     0.025
 -2316.907     0.024
 -2316.807     0.023
 -2316.707     0.021
 -2316.608     0.020
 -2316.508     0.017
 -2316.409     0.011
 -2316.309     0.004
 -2316.209     0.004
 -2316.110     0.003
 -2316.010     0.003
 -2315.910     0.003
 -2315.811     0.003
 -2315.711     0.003
 -2315.612     0.003
 -2315.512     0.004
 -2315.412     0.004
 -2315.313     0.002
 -2315.213     0.003
 -2315.114     0.005
 -2315.014     0.004
 -2314.914     0.004
 -2314.815     0.006
 -2314.715     0.005
 -2314.616     0.008
 -2314.516     0.007
 -2314.416     0.008
 -2314.317     0.008
 -2314.217     0.006
 -2314.118     0.006
 -2314.018     0.003
 -2313.918     0.004
 -2313.819     0.003
 -2313.719     0.002
 -2313.619     0.003
 -2313.520     0.003
 -2313.420     0.004
 -2313.321     0.005
 -2313.221     0.003
 -2313.121     0.004
 -2313.022     0.005
 -2312.922     0.003
 -2312.823     0.005
 -2312.723     0.006
 -2312.623     0.008
 -2312.524     0.007
 -2312.424     0.008
 -2312.325     0.007
 -2312.225     0.008
 -2312.125     0.008
 -2312.026     0.008
 -2311.926     0.009
 -2311.826     0.009
 -2311.727     0.008
 -2311.627     0.008
 -2311.528     0.006
 -2311.428     0.004
 -2311.328     0.003
 -2311.229     0.003
 -2311.129     0.003
 -2311.030     0.001
 -2310.930     0.003
 -2310.830     0.001
 -2310.731     0.003
 -2310.631     0.003
 -2310.532     0.004
 -2310.432     0.006
 -2310.332     0.008
 -2310.233     0.009
 -2310.133     0.011
 -2310.034     0.016
 -2309.934     0.019
 -2309.834     0.022
 -2309.735     0.024
 -2309.635     0.022
 -2309.535     0.018
 -2309.436     0.016
 -2309.336     0.007
 -2309.237     0.004
 -2309.137     0.001
 -2309.037     0.002
 -2308.938     0.002
 -2308.838     0.002
 -2308.739     0.002
 -2308.639     0.003
 -2308.539     0.005
 -2308.440     0.008
 -2308.340     0.009
 -2308.241     0.009
 -2308.141     0.012
 -2308.041     0.018
 -2307.942     0.021
 -2307.842     0.022
 -2307.743     0.023
 -2307.643     0.023
 -2307.543     0.023
 -2307.444     0.022
 -2307.344     0.022
 -2307.244     0.021
 -2307.145     0.019
 -2307.045     0.017
 -2306.946     0.011
 -2306.846     0.005
 -2306.746     0.002
 -2306.647     0.001
 -2306.547     0.000
 -2306.448     0.002
 -2306.348     0.003
 -2306.248     0.003
 -2306.149     0.004
 -2306.049     0.004
 -2305.950     0.003
 -2305.850     0.004
 -2305.750     0.003
 -2305.651     0.003
 -2305.551     0.003
 -2305.451     0.003
 -2305.352     0.003
 -2305.252     0.004
 -2305.153     0.005
 -2305.053     0.004
 -2304.953     0.003
 -2304.854     0.003
 -2304.754     0.002
 -2304.655     0.004
 -2304.555     0.005
 -2304.455     0.005
 -2304.356     0.005
 -2304.256     0.006
 -2304.157     0.005
 -2304.057     0.003
 -2303.957     0.005
 -2303.858     0.002
 -2303.758     0.005
 -2303.659     0.004
 -2303.559     0.005
 -2303.459     0.006
 -2303.360     0.008
 -2303.260     0.010
 -2303.160     0.011
 -2303.061     0.013
 -2302.961     0.018
 -2302.862     0.022
 -2302.762     0.025
 -2302.662     0.024
 -2302.563     0.023
 -2302.463     0.023
 -2302.364     0.021
 -2302.264     0.018
 -2302.164     0.012
 -2302.065     0.007
 -2301.965     0.001
 -2301.866     0.002
 -2301.766     0.001
 -2301.666     0.001
 -2301.567     0.004
 -2301.467     0.003
 -2301.368     0.004
 -2301.268     0.003
 -2301.168     0.004
 -2301.069     0.005
 -2300.969     0.004
 -2300.869     0.004
 -2300.770     0.001
 -2300.670     0.003
 -2300.571     0.002
 -2300.471     0.005
 -2300.371     0.004
 -2300.272     0.004
 -2300.172     0.002
 -2300.073     0.002
 -2299.973     0.005
 -2299.873     0.006
 -2299.774     0.008
 -2299.674     0.009
 -2299.575     0.012
 -2299.475     0.017
 -2299.375     0.022
 -2299.276     0.023
 -2299.176     0.023
 -2299.076     0.022
 -2298.977     0.020
 -2298.877     0.016
 -2298.778     0.010
 -2298.678     0.005
 -2298.578     0.002
 -2298.479     0.004
 -2298.379     0.004
 -2298.280     0.003
 -2298.180     0.004
 -2298.080     0.004
 -2297.981     0.002
 -2297.881     0.004
 -2297.782     0.004
 -2297.682     0.004
 -2297.582     0.005
 -2297.483     0.006
 -2297.383     0.004
 -2297.284     0.003
 -2297.184     0.002
 -2297.084     0.002
 -2296.985     0.001
 -2296.885     0.001
 -2296.785     0.003
 -2296.686     0.004
 -2296.586     0.005
 -2296.487     0.006
 -2296.387     0.010
 -2296.287     0.013
 -2296.188     0.019
 -2296.088     0.022
 -2295.989     0.025
 -2295.889     0.026
 -2295.789     0.027
 -2295.690     0.026
 -2295.590     0.023
 -2295.491     0.023
 -2295.391     0.018
 -2295.291     0.012
 -2295.192     0.006
 -2295.092     0.004
 -2294.993     0.003
 -2294.893     0.004
 -2294.793     0.003
 -2294.694     0.004
 -2294.594     0.002
 -2294.494     0.003
 -2294.395     0.004
 -2294.295     0.003
 -2294.196     0.005
 -2294.096     0.006
 -2293.996     0.007
 -2293.897     0.006
 -2293.797     0.006
 -2293.698     0.004
 -2293.598     0.004
 -2293.498     0.004
 -2293.399     0.004
 -2293.299     0.004
 -2293.200     0.004
 -2293.100     0.004
 -2293.000     0.003
 -2292.901     0.003
 -2292.801     0.003
 -2292.701     0.004
 -2292.602     0.005
 -2292.502     0.006
 -2292.403     0.007
 -2292.303     0.007
 -2292.203     0.010
 -2292.104     0.010
 -2292.004     0.010
 -2291.905     0.009
 -2291.805     0.010
 -2291.705     0.010
 -2291.606     0.011
 -2291.506     0.011
 -2291.407     0.009
 -2291.307     0.010
 -2291.207     0.011
 -2291.108     0.009
 -2291.008     0.006
 -2290.909     0.003
 -2290.809     0.002
 -2290.709     0.004
 -2290.610     0.002
 -2290.510     0.003
 -2290.410     0.002
 -2290.311     0.003
 -2290.211     0.004
 -2290.112     0.004
 -2290.012     0.006
 -2289.912     0.003
 -2289.813     0.006
 -2289.713     0.003
 -2289.614     0.003
 -2289.514     0.002
 -2289.414     0.002
 -2289.315     0.003
 -2289.215     0.003
 -2289.116     0.003
 -2289.016     0.003
 -2288.916     0.004
 -2288.817     0.002
 -2288.717     0.004
 -2288.618     0.004
 -2288.518     0.004
 -2288.418     0.003
 -2288.319     0.003
 -2288.219     0.003
 -2288.119     0.004
 -2288.020     0.003
 -2287.920     0.005
 -2287.821     0.005
 -2287.721     0.006
 -2287.621     0.008
 -2287.522     0.007
 -2287.422     0.008
 -2287.323     0.009
 -2287.223     0.010
 -2287.123     0.011
 -2287.024     0.011
 -2286.924     0.013
 -2286.825     0.018
 -2286.725     0.020
 -2286.625     0.021
 -2286.526     0.022
 -2286.426     0.022
 -2286.326     0.021
 -2286.227     0.022
 -2286.127     0.020
 -2286.028     0.020
 -2285.928     0.017
 -2285.828     0.011
 -2285.729     0.004
 -2285.629     0.003
 -2285.530     0.001
 -2285.430     0.003
 -2285.330     0.003
 -2285.231     0.002
 -2285.131     0.003
 -2285.032     0.004
 -2284.932     0.004
 -2284.832     0.004
 -2284.733     0.005
 -2284.633     0.005
 -2284.534     0.004
 -2284.434     0.003
 -2284.334     0.004
 -2284.235     0.003
 -2284.135     0.003
 -2284.035     0.003
 -2283.936     0.003
 -2283.836     0.002
 -2283.737     0.002
 -2283.637     0.004
 -2283.537     0.004
 -2283.438     0.002
 -2283.338     0.002
 -2283.239     0.003
 -2283.139     0.004
 -2283.039     0.006
 -2282.940     0.007
 -2282.840     0.009
 -2282.741     0.010
 -2282.641     0.014
 -2282.541     0.020
 -2282.442     0.021
 -2282.342     0.023
 -2282.243     0.024
 -2282.143     0.023
 -2282.043     0.022
 -2281.944     0.018
 -2281.844     0.014
 -2281.744     0.008
 -2281.645     0.004
 -2281.545     0.003
 -2281.446     0.002
 -2281.346     0.003
 -2281.246     0.002
 -2281.147     0.002
 -2281.047     0.003
 -2280.948     0.003
 -2280.848     0.003
 -2280.748     0.003
 -2280.649     0.003
 -2280.549     0.004
 -2280.450     0.005
 -2280.350     0.005
 -2280.250     0.005
 -2280.151     0.004
 -2280.051     0.003
 -2279.951     0.003
 -2279.852     0.003
 -2279.752     0.004
 -2279.653     0.007
 -2279.553     0.006
 -2279.453     0.008
 -2279.354     0.007
 -2279.254     0.009
 -2279.155     0.011
 -2279.055     0.014
 -2278.955     0.020
 -2278.856     0.022
 -2278.756     0.022
 -2278.657     0.023
 -2278.557     0.024
 -2278.457     0.019
 -2278.358     0.019
 -2278.258     0.019
 -2278.159     0.018
 -2278.059     0.015
 -2277.959     0.009
 -2277.860     0.004
 -2277.760     0.003
 -2277.660     0.002
 -2277.561     0.002
 -2277.461     0.002
 -2277.362     0.000
 -2277.262     0.002
 -2277.162     0.003
 -2277.063     0.000
 -2276.963     0.002
 -2276.864     0.004
 -2276.764     0.003
 -2276.664     0.004
 -2276.565     0.004
 -2276.465     0.002
 -2276.366     0.002
 -2276.266     0.003
 -2276.166     0.004
 -2276.067     0.003
 -2275.967     0.003
 -2275.868     0.005
 -2275.768     0.003
 -2275.668     0.003
 -2275.569     0.004
 -2275.469     0.002
 -2275.369     0.002
 -2275.270     0.004
 -2275.170     0.004
 -2275.071     0.005
 -2274.971     0.005
 -2274.871     0.005
 -2274.772     0.004
 -2274.672     0.004
 -2274.573     0.005
 -2274.473     0.006
 -2274.373     0.005
 -2274.274     0.004
 -2274.174     0.004
 -2274.075     0.003
 -2273.975     0.004
 -2273.875     0.003
 -2273.776     0.004
 -2273.676     0.003
 -2273.576     0.004
 -2273.477     0.004
 -2273.377     0.004
 -2273.278     0.004
 -2273.178     0.003
 -2273.078     0.003
 -2272.979     0.002
 -2272.879     0.005
 -2272.780     0.005
 -2272.680     0.005
 -2272.580     0.006
 -2272.481     0.008
 -2272.381     0.008
 -2272.282     0.007
 -2272.182     0.007
 -2272.082     0.007
 -2271.983     0.006
 -2271.883     0.004
 -2271.784     0.001
 -2271.684     0.004
 -2271.584     0.002
 -2271.485     0.003
 -2271.385     0.001
 -2271.285     0.002
 -2271.186     0.003
 -2271.086     0.003
 -2270.987     0.006
 -2270.887     0.007
 -2270.787     0.006
 -2270.688     0.007
 -2270.588     0.009
 -2270.489     0.011
 -2270.389     0.013
 -2270.289     0.017
 -2270.190     0.020
 -2270.090     0.021
 -2269.991     0.024
 -2269.891     0.021
 -2269.791     0.022
 -2269.692     0.022
 -2269.592     0.023
 -2269.493     0.022
 -2269.393     0.020
 -2269.293     0.017
 -2269.194     0.012
 -2269.094     0.005
 -2268.994     0.003
 -2268.895     0.002
 -2268.795     0.000
 -2268.696     0.002
 -2268.596     0.001
 -2268.496     0.003
 -2268.397     0.003
 -2268.297     0.005
 -2268.198     0.004
 -2268.098     0.004
 -2267.998     0.004
 -2267.899     0.005
 -2267.799     0.005
 -2267.700     0.003
 -2267.600     0.004
 -2267.500     0.003
 -2267.401     0.003
 -2267.301     0.003
 -2267.201     0.006
 -2267.102     0.006
 -2267.002     0.009
 -2266.903     0.008
 -2266.803     0.008
 -2266.703     0.008
 -2266.604     0.010
 -2266.504     0.012
 -2266.405     0.014
 -2266.305     0.019
 -2266.205     0.021
 -2266.106     0.022
 -2266.006     0.024
 -2265.907     0.021
 -2265.807     0.021
 -2265.707     0.019
 -2265.608     0.013
 -2265.508     0.006
 -2265.409     0.002
 -2265.309     0.001
 -2265.209     0.003
 -2265.110     0.003
 -2265.010     0.003
 -2264.910     0.004
 -2264.811     0.003
 -2264.711     0.000
 -2264.612     0.003
 -2264.512     0.002
 -2264.412     0.003
 -2264.313     0.005
 -2264.213     0.002
 -2264.114     0.003
 -2264.014     0.004
 -2263.914     0.005
 -2263.815     0.007
 -2263.715     0.008
 -2263.616     0.008
 -2263.516     0.006
 -2263.416     0.004
 -2263.317     0.004
 -2263.217     0.005
 -2263.118     0.003
 -2263.018     0.004
 -2262.918     0.006
 -2262.819     0.007
 -2262.719     0.012
 -2262.619     0.017
 -2262.520     0.021
 -2262.420     0.024
 -2262.321     0.024
 -2262.221     0.024
 -2262.121     0.021
 -2262.022     0.021
 -2261.922     0.018
 -2261.823     0.017
 -2261.723     0.015
 -2261.623     0.009
 -2261.524     0.002
 -2261.424     0.003
 -2261.325     0.004
 -2261.225     0.002
 -2261.125     0.003
 -2261.026     0.004
 -2260.926     0.005
 -2260.826     0.006
 -2260.727     0.009
 -2260.627     0.012
 -2260.528     0.018
 -2260.428     0.023
 -2260.328     0.025
 -2260.229     0.024
 -2260.129     0.024
 -2260.030     0.022
 -2259.930     0.021
 -2259.830     0.018
 -2259.731     0.012
 -2259.631     0.004
 -2259.532     0.002
 -2259.432     0.004
 -2259.332     0.004
 -2259.233     0.003
 -2259.133     0.004
 -2259.034     0.004
 -2258.934     0.003
 -2258.834     0.003
 -2258.735     0.002
 -2258.635     0.003
 -2258.535     0.004
 -2258.436     0.004
 -2258.336     0.005
 -2258.237     0.003
 -2258.137     0.002
 -2258.037     0.001
 -2257.938     0.003
 -2257.838     0.004
 -2257.739     0.006
 -2257.639     0.009
 -2257.539     0.011
 -2257.440     0.016
 -2257.340     0.021
 -2257.241     0.022
 -2257.141     0.024
 -2257.041     0.024
 -2256.942     0.023
 -2256.842     0.021
 -2256.743     0.017
 -2256.643     0.012
 -2256.543     0.006
 -2256.444     0.003
 -2256.344     0.002
 -2256.244     0.003
 -2256.145     0.003
 -2256.045     0.001
 -2255.946     0.002
 -2255.846     0.003
 -2255.746     0.003
 -2255.647     0.002
 -2255.547     0.003
 -2255.448     0.004
 -2255.348     0.003
 -2255.248     0.003
 -2255.149     0.004
 -2255.049     0.005
 -2254.950     0.005
 -2254.850     0.004
 -2254.750     0.005
 -2254.651     0.006
 -2254.551     0.005
 -2254.451     0.004
 -2254.352     0.003
 -2254.252     0.003
 -2254.153     0.003
 -2254.053     0.005
 -2253.953     0.006
 -2253.854     0.006
 -2253.754     0.007
 -2253.655     0.011
 -2253.555     0.014
 -2253.455     0.022
 -2253.356     0.024
 -2253.256     0.024
 -2253.157     0.022
 -2253.057     0.021
 -2252.957     0.021
 -2252.858     0.020
 -2252.758     0.018
 -2252.659     0.010
 -2252.559     0.005
 -2252.459     0.002
 -2252.360     0.003
 -2252.260     0.002
 -2252.160     0.001
 -2252.061     0.002
 -2251.961     0.004
 -2251.862     0.002
 -2251.762     0.004
 -2251.662     0.003
 -2251.563     0.003
 -2251.463     0.005
 -2251.364     0.002
 -2251.264     0.003
 -2251.164     0.005
 -2251.065     0.006
 -2250.965     0.006
 -2250.866     0.005
 -2250.766     0.006
 -2250.666     0.006
 -2250.567     0.008
 -2250.467     0.009
 -2250.368     0.009
 -2250.268     0.011
 -2250.168     0.010
 -2250.069     0.012
 -2249.969     0.010
 -2249.869     0.011
 -2249.770     0.010
 -2249.670     0.011
 -2249.571     0.013
 -2249.471     0.013
 -2249.371     0.011
 -2249.272     0.010
 -2249.172     0.009
 -2249.073     0.005
 -2248.973     0.004
 -2248.873     0.002
 -2248.774     0.003
 -2248.674     0.002
 -2248.575     0.002
 -2248.475     0.004
 -2248.375     0.003
 -2248.276     0.005
 -2248.176     0.005
 -2248.076     0.004
 -2247.977     0.002
 -2247.877     0.003
 -2247.778     0.002
 -2247.678     0.000
 -2247.578     0.004
 -2247.479     0.002
 -2247.379     0.004
 -2247.280     0.004
 -2247.180     0.004
 -2247.080     0.005
 -2246.981     0.005
 -2246.881     0.006
 -2246.782     0.005
 -2246.682     0.006
 -2246.582     0.006
 -2246.483     0.004
 -2246.383     0.004
 -2246.284     0.003
 -2246.184     0.004
 -2246.084     0.006
 -2245.985     0.005
 -2245.885     0.006
 -2245.785     0.003
 -2245.686     0.006
 -2245.586     0.005
 -2245.487     0.007
 -2245.387     0.005
 -2245.287     0.003
 -2245.188     0.003
 -2245.088     0.004
 -2244.989     0.003
 -2244.889     0.002
 -2244.789     0.003
 -2244.690     0.002
 -2244.590     0.002
 -2244.491     0.002
 -2244.391     0.005
 -2244.291     0.006
 -2244.192     0.008
 -2244.092     0.013
 -2243.993     0.019
 -2243.893     0.024
 -2243.793     0.024
 -2243.694     0.025
 -2243.594     0.025
 -2243.494     0.026
 -2243.395     0.025
 -2243.295     0.021
 -2243.196     0.019
 -2243.096     0.015
 -2242.996     0.009
 -2242.897     0.004
 -2242.797     0.004
 -2242.698     0.004
 -2242.598     0.003
 -2242.498     0.004
 -2242.399     0.003
 -2242.299     0.004
 -2242.200     0.004
 -2242.100     0.005
 -2242.000     0.006
 -2241.901     0.005
 -2241.801     0.005
 -2241.701     0.006
 -2241.602     0.006
 -2241.502     0.005
 -2241.403     0.004
 -2241.303     0.003
 -2241.203     0.002
 -2241.104     0.001
 -2241.004     0.002
 -2240.905     0.004
 -2240.805     0.004
 -2240.705     0.004
 -2240.606     0.001
 -2240.506     0.004
 -2240.407     0.002
 -2240.307     0.004
 -2240.207     0.004
 -2240.108     0.007
 -2240.008     0.008
 -2239.909     0.011
 -2239.809     0.018
 -2239.709     0.021
 -2239.610     0.025
 -2239.510     0.025
 -2239.410     0.025
 -2239.311     0.024
 -2239.211     0.024
 -2239.112     0.024
 -2239.012     0.021
 -2238.912     0.021
 -2238.813     0.019
 -2238.713     0.013
 -2238.614     0.008
 -2238.514     0.004
 -2238.414     0.005
 -2238.315     0.002
 -2238.215     0.003
 -2238.116     0.005
 -2238.016     0.007
 -2237.916     0.006
 -2237.817     0.006
 -2237.717     0.007
 -2237.618     0.006
 -2237.518     0.008
 -2237.418     0.008
 -2237.319     0.006
 -2237.219     0.005
 -2237.119     0.003
 -2237.020     0.003
 -2236.920     0.003
 -2236.821     0.006
 -2236.721     0.007
 -2236.621     0.011
 -2236.522     0.015
 -2236.422     0.021
 -2236.323     0.024
 -2236.223     0.026
 -2236.123     0.026
 -2236.024     0.025
 -2235.924     0.023
 -2235.825     0.023
 -2235.725     0.019
 -2235.625     0.013
 -2235.526     0.006
 -2235.426     0.005
 -2235.326     0.003
 -2235.227     0.003
 -2235.127     0.002
 -2235.028     0.004
 -2234.928     0.004
 -2234.828     0.006
 -2234.729     0.005
 -2234.629     0.005
 -2234.530     0.006
 -2234.430     0.010
 -2234.330     0.010
 -2234.231     0.009
 -2234.131     0.010
 -2234.032     0.010
 -2233.932     0.009
 -2233.832     0.007
 -2233.733     0.005
 -2233.633     0.002
 -2233.534     0.001
 -2233.434     0.002
 -2233.334     0.002
 -2233.235     0.004
 -2233.135     0.006
 -2233.035     0.006
 -2232.936     0.007
 -2232.836     0.011
 -2232.737     0.017
 -2232.637     0.021
 -2232.537     0.022
 -2232.438     0.022
 -2232.338     0.023
 -2232.239     0.021
 -2232.139     0.020
 -2232.039     0.018
 -2231.940     0.017
 -2231.840     0.010
 -2231.741     0.004
 -2231.641     0.003
 -2231.541     0.003
 -2231.442     0.002
 -2231.342     0.001
 -2231.243     0.003
 -2231.143     0.004
 -2231.043     0.006
 -2230.944     0.008
 -2230.844     0.012
 -2230.744     0.015
 -2230.645     0.021
 -2230.545     0.023
 -2230.446     0.024
 -2230.346     0.022
 -2230.246     0.023
 -2230.147     0.023
 -2230.047     0.022
 -2229.948     0.020
 -2229.848     0.018
 -2229.748     0.014
 -2229.649     0.006
 -2229.549     0.004
 -2229.450     0.002
 -2229.350     0.002
 -2229.250     0.002
 -2229.151     0.004
 -2229.051     0.004
 -2228.951     0.006
 -2228.852     0.006
 -2228.752     0.006
 -2228.653     0.008
 -2228.553     0.009
 -2228.453     0.009
 -2228.354     0.009
 -2228.254     0.008
 -2228.155     0.011
 -2228.055     0.010
 -2227.955     0.011
 -2227.856     0.009
 -2227.756     0.011
 -2227.657     0.007
 -2227.557     0.007
 -2227.457     0.004
 -2227.358     0.002
 -2227.258     0.003
 -2227.159     0.002
 -2227.059     0.003
 -2226.959     0.002
 -2226.860     0.004
 -2226.760     0.005
 -2226.660     0.007
 -2226.561     0.007
 -2226.461     0.007
 -2226.362     0.006
 -2226.262     0.005
 -2226.162     0.003
 -2226.063     0.003
 -2225.963     0.002
 -2225.864     0.003
 -2225.764     0.002
 -2225.664     0.003
 -2225.565     0.004
 -2225.465     0.003
 -2225.366     0.004
 -2225.266     0.005
 -2225.166     0.006
 -2225.067     0.008
 -2224.967     0.010
 -2224.868     0.012
 -2224.768     0.017
 -2224.668     0.021
 -2224.569     0.024
 -2224.469     0.025
 -2224.369     0.023
 -2224.270     0.024
 -2224.170     0.021
 -2224.071     0.019
 -2223.971     0.015
 -2223.871     0.007
 -2223.772     0.005
 -2223.672     0.004
 -2223.573     0.003
 -2223.473     0.004
 -2223.373     0.004
 -2223.274     0.005
 -2223.174     0.006
 -2223.075     0.006
 -2222.975     0.006
 -2222.875     0.008
 -2222.776     0.009
 -2222.676     0.010
 -2222.576     0.011
 -2222.477     0.012
 -2222.377     0.014
 -2222.278     0.019
 -2222.178     0.023
 -2222.078     0.024
 -2221.979     0.026
 -2221.879     0.024
 -2221.780     0.023
 -2221.680     0.022
 -2221.580     0.021
 -2221.481     0.017
 -2221.381     0.014
 -2221.282     0.007
 -2221.182     0.004
 -2221.082     0.004
 -2220.983     0.005
 -2220.883     0.004
 -2220.784     0.004
 -2220.684     0.004
 -2220.584     0.005
 -2220.485     0.004
 -2220.385     0.004
 -2220.285     0.003
 -2220.186     0.004
 -2220.086     0.004
 -2219.987     0.002
 -2219.887     0.004
 -2219.787     0.006
 -2219.688     0.008
 -2219.588     0.007
 -2219.489     0.006
 -2219.389     0.006
 -2219.289     0.006
 -2219.190     0.005
 -2219.090     0.003
 -2218.991     0.004
 -2218.891     0.004
 -2218.791     0.003
 -2218.692     0.003
 -2218.592     0.002
 -2218.493     0.004
 -2218.393     0.003
 -2218.293     0.003
 -2218.194     0.004
 -2218.094     0.003
 -2217.994     0.005
 -2217.895     0.005
 -2217.795     0.004
 -2217.696     0.004
 -2217.596     0.003
 -2217.496     0.003
 -2217.397     0.005
 -2217.297     0.005
 -2217.198     0.004
 -2217.098     0.004
 -2216.998     0.004
 -2216.899     0.003
 -2216.799     0.002
 -2216.700     0.004
 -2216.600     0.005
 -2216.500     0.005
 -2216.401     0.006
 -2216.301     0.007
 -2216.201     0.005
 -2216.102     0.005
 -2216.002     0.006
 -2215.903     0.004
 -2215.803     0.004
 -2215.703     0.005
 -2215.604     0.004
 -2215.504     0.004
 -2215.405     0.004
 -2215.305     0.006
 -2215.205     0.005
 -2215.106     0.008
 -2215.006     0.009
 -2214.907     0.010
 -2214.807     0.011
 -2214.707     0.013
 -2214.608     0.020
 -2214.508     0.022
 -2214.409     0.023
 -2214.309     0.024
 -2214.209     0.023
 -2214.110     0.022
 -2214.010     0.020
 -2213.910     0.018
 -2213.811     0.015
 -2213.711     0.008
 -2213.612     0.003
 -2213.512     0.003
 -2213.412     0.002
 -2213.313     0.005
 -2213.213     0.004
 -2213.114     0.007
 -2213.014     0.009
 -2212.914     0.010
 -2212.815     0.016
 -2212.715     0.020
 -2212.616     0.023
 -2212.516     0.023
 -2212.416     0.024
 -2212.317     0.022
 -2212.217     0.023
 -2212.118     0.021
 -2212.018     0.019
 -2211.918     0.013
 -2211.819     0.006
 -2211.719     0.003
 -2211.619     0.003
 -2211.520     0.001
 -2211.420     0.003
 -2211.321     0.001
 -2211.221     0.004
 -2211.121     0.004
 -2211.022     0.006
 -2210.922     0.008
 -2210.823     0.011
 -2210.723     0.016
 -2210.623     0.020
 -2210.524     0.021
 -2210.424     0.023
 -2210.325     0.023
 -2210.225     0.024
 -2210.125     0.023
 -2210.026     0.024
 -2209.926     0.024
 -2209.826     0.024
 -2209.727     0.022
 -2209.627     0.020
 -2209.528     0.018
 -2209.428     0.010
 -2209.328     0.006
 -2209.229     0.002
 -2209.129     0.001
 -2209.030     0.003
 -2208.930     0.003
 -2208.830     0.002
 -2208.731     0.001
 -2208.631     0.004
 -2208.532     0.003
 -2208.432     0.004
 -2208.332     0.006
 -2208.233     0.007
 -2208.133     0.010
 -2208.034     0.012
 -2207.934     0.020
 -2207.834     0.024
 -2207.735     0.025
 -2207.635     0.025
 -2207.535     0.024
 -2207.436     0.026
 -2207.336     0.025
 -2207.237     0.024
 -2207.137     0.022
 -2207.037     0.019
 -2206.938     0.016
 -2206.838     0.007
 -2206.739     0.005
 -2206.639     0.005
 -2206.539     0.003
 -2206.440     0.004
 -2206.340     0.004
 -2206.241     0.007
 -2206.141     0.006
 -2206.041     0.008
 -2205.942     0.009
 -2205.842     0.010
 -2205.743     0.013
 -2205.643     0.016
 -2205.543     0.021
 -2205.444     0.023
 -2205.344     0.023
 -2205.244     0.023
 -2205.145     0.020
 -2205.045     0.017
 -2204.946     0.013
 -2204.846     0.005
 -2204.746     0.001
 -2204.647     0.002
 -2204.547     0.003
 -2204.448     0.003
 -2204.348     0.003
 -2204.248     0.004
 -2204.149     0.003
 -2204.049     0.004
 -2203.950     0.003
 -2203.850     0.003
 -2203.750     0.004
 -2203.651     0.004
 -2203.551     0.004
 -2203.451     0.004
 -2203.352     0.003
 -2203.252     0.005
 -2203.153     0.005
 -2203.053     0.005
 -2202.953     0.003
 -2202.854     0.003
 -2202.754     0.005
 -2202.655     0.005
 -2202.555     0.008
 -2202.455     0.009
 -2202.356     0.010
 -2202.256     0.011
 -2202.157     0.014
 -2202.057     0.022
 -2201.957     0.025
 -2201.858     0.025
 -2201.758     0.025
 -2201.659     0.026
 -2201.559     0.026
 -2201.459     0.026
 -2201.360     0.026
 -2201.260     0.023
 -2201.160     0.019
 -2201.061     0.014
 -2200.961     0.007
 -2200.862     0.005
 -2200.762     0.005
 -2200.662     0.003
 -2200.563     0.004
 -2200.463     0.005
 -2200.364     0.005
 -2200.264     0.006
 -2200.164     0.007
 -2200.065     0.009
 -2199.965     0.011
 -2199.866     0.014
 -2199.766     0.022
 -2199.666     0.023
 -2199.567     0.024
 -2199.467     0.024
 -2199.368     0.025
 -2199.268     0.021
 -2199.168     0.021
 -2199.069     0.019
 -2198.969     0.014
 -2198.869     0.007
 -2198.770     0.004
 -2198.670     0.003
 -2198.571     0.003
 -2198.471     0.003
 -2198.371     0.005
 -2198.272     0.004
 -2198.172     0.005
 -2198.073     0.002
 -2197.973     0.002
 -2197.873     0.003
 -2197.774     0.004
 -2197.674     0.002
 -2197.575     0.004
 -2197.475     0.003
 -2197.375     0.004
 -2197.276     0.004
 -2197.176     0.005
 -2197.076     0.004
 -2196.977     0.004
 -2196.877     0.006
 -2196.778     0.006
 -2196.678     0.005
 -2196.578     0.006
 -2196.479     0.005
 -2196.379     0.006
 -2196.280     0.005
 -2196.180     0.003
 -2196.080     0.004
 -2195.981     0.004
 -2195.881     0.004
 -2195.782     0.004
 -2195.682     0.004
 -2195.582     0.003
 -2195.483     0.003
 -2195.383     0.003
 -2195.284     0.004
 -2195.184     0.008
 -2195.084     0.008
 -2194.985     0.010
 -2194.885     0.017
 -2194.785     0.022
 -2194.686     0.024
 -2194.586     0.026
 -2194.487     0.026
 -2194.387     0.024
 -2194.287     0.025
 -2194.188     0.023
 -2194.088     0.021
 -2193.989     0.018
 -2193.889     0.009
 -2193.789     0.004
 -2193.690     0.004
 -2193.590     0.004
 -2193.491     0.005
 -2193.391     0.005
 -2193.291     0.004
 -2193.192     0.004
 -2193.092     0.006
 -2192.993     0.006
 -2192.893     0.007
 -2192.793     0.006
 -2192.694     0.006
 -2192.594     0.006
 -2192.494     0.005
 -2192.395     0.002
 -2192.295     0.002
 -2192.196     0.004
 -2192.096     0.005
 -2191.996     0.006
 -2191.897     0.005
 -2191.797     0.007
 -2191.698     0.007
 -2191.598     0.006
 -2191.498     0.008
 -2191.399     0.007
 -2191.299     0.008
 -2191.200     0.008
 -2191.100     0.007
 -2191.000     0.005
 -2190.901     0.006
 -2190.801     0.003
 -2190.701     0.002
 -2190.602     0.006
 -2190.502     0.006
 -2190.403     0.008
 -2190.303     0.006
 -2190.203     0.008
 -2190.104     0.008
 -2190.004     0.007
 -2189.905     0.007
 -2189.805     0.008
 -2189.705     0.009
 -2189.606     0.008
 -2189.506     0.009
 -2189.407     0.010
 -2189.307     0.008
 -2189.207     0.009
 -2189.108     0.010
 -2189.008     0.008
 -2188.909     0.006
 -2188.809     0.004
 -2188.709     0.003
 -2188.610     0.003
 -2188.510     0.004
 -2188.410     0.004
 -2188.311     0.004
 -2188.211     0.004
 -2188.112     0.002
 -2188.012     0.005
 -2187.912     0.003
 -2187.813     0.003
 -2187.713     0.004
 -2187.614     0.006
 -2187.514     0.006
 -2187.414     0.006
 -2187.315     0.006
 -2187.215     0.006
 -2187.116     0.007
 -2187.016     0.007
 -2186.916     0.006
 -2186.817     0.005
 -2186.717     0.005
 -2186.618     0.004
 -2186.518     0.003
 -2186.418     0.003
 -2186.319     0.002
 -2186.219     0.002
 -2186.119     0.004
 -2186.020     0.002
 -2185.920     0.002
 -2185.821     0.003
 -2185.721     0.006
 -2185.621     0.008
 -2185.522     0.007
 -2185.422     0.011
 -2185.323     0.014
 -2185.223     0.017
 -2185.123     0.021
 -2185.024     0.024
 -2184.924     0.023
 -2184.825     0.025
 -2184.725     0.025
 -2184.625     0.023
 -2184.526     0.021
 -2184.426     0.017
 -2184.326     0.012
 -2184.227     0.006
 -2184.127     0.003
 -2184.028     0.003
 -2183.928     0.003
 -2183.828     0.002
 -2183.729     0.005
 -2183.629     0.005
 -2183.530     0.005
 -2183.430     0.006
 -2183.330     0.008
 -2183.231     0.009
 -2183.131     0.008
 -2183.032     0.007
 -2182.932     0.003
 -2182.832     0.004
 -2182.733     0.003
 -2182.633     0.003
 -2182.534     0.003
 -2182.434     0.005
 -2182.334     0.004
 -2182.235     0.004
 -2182.135     0.004
 -2182.035     0.005
 -2181.936     0.005
 -2181.836     0.005
 -2181.737     0.004
 -2181.637     0.005
 -2181.537     0.003
 -2181.438     0.003
 -2181.338     0.004
 -2181.239     0.004
 -2181.139     0.005
 -2181.039     0.005
 -2180.940     0.003
 -2180.840     0.005
 -2180.741     0.004
 -2180.641     0.003
 -2180.541     0.003
 -2180.442     0.005
 -2180.342     0.007
 -2180.243     0.006
 -2180.143     0.007
 -2180.043     0.008
 -2179.944     0.009
 -2179.844     0.012
 -2179.744     0.014
 -2179.645     0.021
 -2179.545     0.023
 -2179.446     0.025
 -2179.346     0.025
 -2179.246     0.022
 -2179.147     0.022
 -2179.047     0.022
 -2178.948     0.018
 -2178.848     0.014
 -2178.748     0.007
 -2178.649     0.003
 -2178.549     0.002
 -2178.450     0.002
 -2178.350     0.000
 -2178.250     0.002
 -2178.151     0.004
 -2178.051     0.004
 -2177.951     0.005
 -2177.852     0.007
 -2177.752     0.007
 -2177.653     0.010
 -2177.553     0.013
 -2177.453     0.020
 -2177.354     0.022
 -2177.254     0.022
 -2177.155     0.021
 -2177.055     0.023
 -2176.955     0.022
 -2176.856     0.021
 -2176.756     0.021
 -2176.657     0.020
 -2176.557     0.019
 -2176.457     0.015
 -2176.358     0.009
 -2176.258     0.004
 -2176.159     0.003
 -2176.059     0.003
 -2175.959     0.003
 -2175.860     0.002
 -2175.760     0.001
 -2175.660     0.002
 -2175.561     0.004
 -2175.461     0.003
 -2175.362     0.006
 -2175.262     0.010
 -2175.162     0.011
 -2175.063     0.021
 -2174.963     0.025
 -2174.864     0.025
 -2174.764     0.027
 -2174.664     0.024
 -2174.565     0.022
 -2174.465     0.019
 -2174.366     0.016
 -2174.266     0.009
 -2174.166     0.005
 -2174.067     0.006
 -2173.967     0.003
 -2173.868     0.003
 -2173.768     0.002
 -2173.668     0.004
 -2173.569     0.004
 -2173.469     0.004
 -2173.369     0.003
 -2173.270     0.003
 -2173.170     0.004
 -2173.071     0.004
 -2172.971     0.004
 -2172.871     0.005
 -2172.772     0.008
 -2172.672     0.008
 -2172.573     0.008
 -2172.473     0.009
 -2172.373     0.008
 -2172.274     0.005
 -2172.174     0.004
 -2172.075     0.003
 -2171.975     0.002
 -2171.875     0.003
 -2171.776     0.004
 -2171.676     0.004
 -2171.576     0.006
 -2171.477     0.006
 -2171.377     0.007
 -2171.278     0.008
 -2171.178     0.010
 -2171.078     0.010
 -2170.979     0.014
 -2170.879     0.020
 -2170.780     0.024
 -2170.680     0.023
 -2170.580     0.022
 -2170.481     0.022
 -2170.381     0.022
 -2170.282     0.021
 -2170.182     0.019
 -2170.082     0.017
 -2169.983     0.014
 -2169.883     0.008
 -2169.784     0.004
 -2169.684     0.003
 -2169.584     0.003
 -2169.485     0.003
 -2169.385     0.002
 -2169.285     0.002
 -2169.186     0.003
 -2169.086     0.004
 -2168.987     0.006
 -2168.887     0.006
 -2168.787     0.006
 -2168.688     0.005
 -2168.588     0.007
 -2168.489     0.008
 -2168.389     0.010
 -2168.289     0.010
 -2168.190     0.009
 -2168.090     0.008
 -2167.991     0.007
 -2167.891     0.008
 -2167.791     0.004
 -2167.692     0.002
 -2167.592     0.002
 -2167.493     0.002
 -2167.393     0.003
 -2167.293     0.003
 -2167.194     0.006
 -2167.094     0.005
 -2166.994     0.006
 -2166.895     0.007
 -2166.795     0.008
 -2166.696     0.008
 -2166.596     0.007
 -2166.496     0.009
 -2166.397     0.009
 -2166.297     0.009
 -2166.198     0.010
 -2166.098     0.009
 -2165.998     0.009
 -2165.899     0.008
 -2165.799     0.005
 -2165.700     0.003
 -2165.600     0.003
 -2165.500     0.003
 -2165.401     0.002
 -2165.301     0.003
 -2165.201     0.005
 -2165.102     0.005
 -2165.002     0.005
 -2164.903     0.006
 -2164.803     0.006
 -2164.703     0.007
 -2164.604     0.007
 -2164.504     0.008
 -2164.405     0.008
 -2164.305     0.007
 -2164.205     0.010
 -2164.106     0.009
 -2164.006     0.010
 -2163.907     0.008
 -2163.807     0.007
 -2163.707     0.005
 -2163.608     0.004
 -2163.508     0.003
 -2163.409     0.005
 -2163.309     0.003
 -2163.209     0.003
 -2163.110     0.005
 -2163.010     0.005
 -2162.910     0.006
 -2162.811     0.005
 -2162.711     0.006
 -2162.612     0.006
 -2162.512     0.006
 -2162.412     0.005
 -2162.313     0.004
 -2162.213     0.004
 -2162.114     0.004
 -2162.014     0.004
 -2161.914     0.004
 -2161.815     0.005
 -2161.715     0.003
 -2161.616     0.005
 -2161.516     0.004
 -2161.416     0.005
 -2161.317     0.005
 -2161.217     0.006
 -2161.118     0.006
 -2161.018     0.005
 -2160.918     0.007
 -2160.819     0.010
 -2160.719     0.009
 -2160.619     0.008
 -2160.520     0.010
 -2160.420     0.010
 -2160.321     0.012
 -2160.221     0.012
 -2160.121     0.013
 -2160.022     0.012
 -2159.922     0.014
 -2159.823     0.014
 -2159.723     0.015
 -2159.623     0.020
 -2159.524     0.023
 -2159.424     0.023
 -2159.325     0.024
 -2159.225     0.022
 -2159.125     0.022
 -2159.026     0.020
 -2158.926     0.019
 -2158.826     0.019
 -2158.727     0.016
 -2158.627     0.007
 -2158.528     0.005
 -2158.428     0.003
 -2158.328     0.003
 -2158.229     0.004
 -2158.129     0.005
 -2158.030     0.005
 -2157.930     0.008
 -2157.830     0.009
 -2157.731     0.008
 -2157.631     0.008
 -2157.532     0.008
 -2157.432     0.008
 -2157.332     0.009
 -2157.233     0.007
 -2157.133     0.007
 -2157.034     0.006
 -2156.934     0.006
 -2156.834     0.005
 -2156.735     0.004
 -2156.635     0.003
 -2156.535     0.005
 -2156.436     0.005
 -2156.336     0.004
 -2156.237     0.004
 -2156.137     0.006
 -2156.037     0.007
 -2155.938     0.006
 -2155.838     0.008
 -2155.739     0.008
 -2155.639     0.009
 -2155.539     0.010
 -2155.440     0.009
 -2155.340     0.008
 -2155.241     0.006
 -2155.141     0.003
 -2155.041     0.003
 -2154.942     0.005
 -2154.842     0.003
 -2154.743     0.004
 -2154.643     0.006
 -2154.543     0.008
 -2154.444     0.008
 -2154.344     0.008
 -2154.244     0.009
 -2154.145     0.009
 -2154.045     0.009
 -2153.946     0.009
 -2153.846     0.009
 -2153.746     0.009
 -2153.647     0.010
 -2153.547     0.008
 -2153.448     0.005
 -2153.348     0.005
 -2153.248     0.004
 -2153.149     0.003
 -2153.049     0.005
 -2152.950     0.004
 -2152.850     0.004
 -2152.750     0.005
 -2152.651     0.004
 -2152.551     0.003
 -2152.451     0.004
 -2152.352     0.004
 -2152.252     0.005
 -2152.153     0.003
 -2152.053     0.003
 -2151.953     0.004
 -2151.854     0.006
 -2151.754     0.006
 -2151.655     0.008
 -2151.555     0.008
 -2151.455     0.010
 -2151.356     0.011
 -2151.256     0.013
 -2151.157     0.018
 -2151.057     0.021
 -2150.957     0.024
 -2150.858     0.023
 -2150.758     0.025
 -2150.659     0.024
 -2150.559     0.024
 -2150.459     0.027
 -2150.360     0.025
 -2150.260     0.023
 -2150.160     0.017
 -2150.061     0.013
 -2149.961     0.006
 -2149.862     0.005
 -2149.762     0.002
 -2149.662     0.004
 -2149.563     0.003
 -2149.463     0.003
 -2149.364     0.002
 -2149.264     0.005
 -2149.164     0.005
 -2149.065     0.006
 -2148.965     0.006
 -2148.866     0.006
 -2148.766     0.006
 -2148.666     0.005
 -2148.567     0.004
 -2148.467     0.006
 -2148.368     0.006
 -2148.268     0.004
 -2148.168     0.005
 -2148.069     0.005
 -2147.969     0.005
 -2147.869     0.006
 -2147.770     0.006
 -2147.670     0.006
 -2147.571     0.007
 -2147.471     0.007
 -2147.371     0.007
 -2147.272     0.005
 -2147.172     0.004
 -2147.073     0.005
 -2146.973     0.005
 -2146.873     0.007
 -2146.774     0.007
 -2146.674     0.005
 -2146.575     0.005
 -2146.475     0.004
 -2146.375     0.005
 -2146.276     0.005
 -2146.176     0.004
 -2146.076     0.005
 -2145.977     0.006
 -2145.877     0.005
 -2145.778     0.006
 -2145.678     0.006
 -2145.578     0.007
 -2145.479     0.006
 -2145.379     0.005
 -2145.280     0.004
 -2145.180     0.005
 -2145.080     0.004
 -2144.981     0.006
 -2144.881     0.005
 -2144.782     0.004
 -2144.682     0.005
 -2144.582     0.005
 -2144.483     0.005
 -2144.383     0.009
 -2144.284     0.010
 -2144.184     0.009
 -2144.084     0.012
 -2143.985     0.012
 -2143.885     0.015
 -2143.785     0.020
 -2143.686     0.022
 -2143.586     0.025
 -2143.487     0.025
 -2143.387     0.025
 -2143.287     0.023
 -2143.188     0.022
 -2143.088     0.019
 -2142.989     0.014
 -2142.889     0.007
 -2142.789     0.003
 -2142.690     0.003
 -2142.590     0.004
 -2142.491     0.003
 -2142.391     0.004
 -2142.291     0.005
 -2142.192     0.005
 -2142.092     0.005
 -2141.993     0.006
 -2141.893     0.005
 -2141.793     0.004
 -2141.694     0.005
 -2141.594     0.005
 -2141.494     0.006
 -2141.395     0.005
 -2141.295     0.005
 -2141.196     0.006
 -2141.096     0.007
 -2140.996     0.007
 -2140.897     0.006
 -2140.797     0.006
 -2140.698     0.007
 -2140.598     0.005
 -2140.498     0.006
 -2140.399     0.007
 -2140.299     0.006
 -2140.200     0.007
 -2140.100     0.005
 -2140.000     0.004
 -2139.901     0.006
 -2139.801     0.006
 -2139.701     0.006
 -2139.602     0.007
 -2139.502     0.008
 -2139.403     0.008
 -2139.303     0.009
 -2139.203     0.010
 -2139.104     0.010
 -2139.004     0.011
 -2138.905     0.013
 -2138.805     0.014
 -2138.705     0.015
 -2138.606     0.018
 -2138.506     0.023
 -2138.407     0.025
 -2138.307     0.025
 -2138.207     0.026
 -2138.108     0.024
 -2138.008     0.025
 -2137.909     0.024
 -2137.809     0.025
 -2137.709     0.022
 -2137.610     0.021
 -2137.510     0.015
 -2137.410     0.006
 -2137.311     0.002
 -2137.211     0.003
 -2137.112     0.003
 -2137.012     0.005
 -2136.912     0.004
 -2136.813     0.005
 -2136.713     0.005
 -2136.614     0.005
 -2136.514     0.006
 -2136.414     0.007
 -2136.315     0.006
 -2136.215     0.006
 -2136.116     0.007
 -2136.016     0.007
 -2135.916     0.008
 -2135.817     0.007
 -2135.717     0.007
 -2135.618     0.005
 -2135.518     0.004
 -2135.418     0.006
 -2135.319     0.004
 -2135.219     0.003
 -2135.119     0.006
 -2135.020     0.008
 -2134.920     0.009
 -2134.821     0.011
 -2134.721     0.015
 -2134.621     0.022
 -2134.522     0.026
 -2134.422     0.025
 -2134.323     0.027
 -2134.223     0.025
 -2134.123     0.024
 -2134.024     0.020
 -2133.924     0.012
 -2133.825     0.006
 -2133.725     0.005
 -2133.625     0.004
 -2133.526     0.004
 -2133.426     0.004
 -2133.326     0.002
 -2133.227     0.004
 -2133.127     0.007
 -2133.028     0.008
 -2132.928     0.010
 -2132.828     0.013
 -2132.729     0.018
 -2132.629     0.023
 -2132.530     0.025
 -2132.430     0.026
 -2132.330     0.023
 -2132.231     0.023
 -2132.131     0.020
 -2132.032     0.014
 -2131.932     0.006
 -2131.832     0.004
 -2131.733     0.004
 -2131.633     0.003
 -2131.534     0.004
 -2131.434     0.005
 -2131.334     0.005
 -2131.235     0.006
 -2131.135     0.007
 -2131.035     0.007
 -2130.936     0.007
 -2130.836     0.007
 -2130.737     0.007
 -2130.637     0.006
 -2130.537     0.005
 -2130.438     0.005
 -2130.338     0.004
 -2130.239     0.004
 -2130.139     0.005
 -2130.039     0.006
 -2129.940     0.006
 -2129.840     0.005
 -2129.741     0.006
 -2129.641     0.004
 -2129.541     0.005
 -2129.442     0.004
 -2129.342     0.005
 -2129.243     0.007
 -2129.143     0.009
 -2129.043     0.011
 -2128.944     0.012
 -2128.844     0.017
 -2128.744     0.024
 -2128.645     0.024
 -2128.545     0.025
 -2128.446     0.025
 -2128.346     0.025
 -2128.246     0.025
 -2128.147     0.025
 -2128.047     0.021
 -2127.948     0.020
 -2127.848     0.017
 -2127.748     0.009
 -2127.649     0.005
 -2127.549     0.004
 -2127.450     0.004
 -2127.350     0.005
 -2127.250     0.005
 -2127.151     0.004
 -2127.051     0.005
 -2126.951     0.006
 -2126.852     0.005
 -2126.752     0.004
 -2126.653     0.004
 -2126.553     0.005
 -2126.453     0.003
 -2126.354     0.005
 -2126.254     0.007
 -2126.155     0.008
 -2126.055     0.010
 -2125.955     0.011
 -2125.856     0.013
 -2125.756     0.021
 -2125.657     0.024
 -2125.557     0.025
 -2125.457     0.027
 -2125.358     0.026
 -2125.258     0.027
 -2125.159     0.025
 -2125.059     0.021
 -2124.959     0.018
 -2124.860     0.009
 -2124.760     0.007
 -2124.660     0.004
 -2124.561     0.005
 -2124.461     0.006
 -2124.362     0.005
 -2124.262     0.005
 -2124.162     0.004
 -2124.063     0.006
 -2123.963     0.005
 -2123.864     0.004
 -2123.764     0.005
 -2123.664     0.007
 -2123.565     0.009
 -2123.465     0.010
 -2123.366     0.013
 -2123.266     0.020
 -2123.166     0.024
 -2123.067     0.026
 -2122.967     0.028
 -2122.868     0.028
 -2122.768     0.028
 -2122.668     0.028
 -2122.569     0.027
 -2122.469     0.026
 -2122.369     0.026
 -2122.270     0.025
 -2122.170     0.023
 -2122.071     0.019
 -2121.971     0.013
 -2121.871     0.007
 -2121.772     0.005
 -2121.672     0.005
 -2121.573     0.004
 -2121.473     0.006
 -2121.373     0.005
 -2121.274     0.007
 -2121.174     0.005
 -2121.075     0.004
 -2120.975     0.005
 -2120.875     0.005
 -2120.776     0.005
 -2120.676     0.006
 -2120.576     0.006
 -2120.477     0.006
 -2120.377     0.006
 -2120.278     0.004
 -2120.178     0.005
 -2120.078     0.006
 -2119.979     0.008
 -2119.879     0.008
 -2119.780     0.008
 -2119.680     0.008
 -2119.580     0.010
 -2119.481     0.011
 -2119.381     0.013
 -2119.282     0.014
 -2119.182     0.014
 -2119.082     0.017
 -2118.983     0.023
 -2118.883     0.025
 -2118.784     0.025
 -2118.684     0.023
 -2118.584     0.023
 -2118.485     0.022
 -2118.385     0.020
 -2118.285     0.016
 -2118.186     0.010
 -2118.086     0.006
 -2117.987     0.006
 -2117.887     0.002
 -2117.787     0.004
 -2117.688     0.006
 -2117.588     0.008
 -2117.489     0.008
 -2117.389     0.009
 -2117.289     0.011
 -2117.190     0.013
 -2117.090     0.015
 -2116.991     0.019
 -2116.891     0.023
 -2116.791     0.025
 -2116.692     0.025
 -2116.592     0.024
 -2116.493     0.023
 -2116.393     0.024
 -2116.293     0.020
 -2116.194     0.019
 -2116.094     0.015
 -2115.994     0.008
 -2115.895     0.003
 -2115.795     0.004
 -2115.696     0.002
 -2115.596     0.002
 -2115.496     0.005
 -2115.397     0.006
 -2115.297     0.006
 -2115.198     0.007
 -2115.098     0.006
 -2114.998     0.005
 -2114.899     0.003
 -2114.799     0.003
 -2114.700     0.004
 -2114.600     0.003
 -2114.500     0.005
 -2114.401     0.008
 -2114.301     0.009
 -2114.201     0.011
 -2114.102     0.013
 -2114.002     0.022
 -2113.903     0.024
 -2113.803     0.027
 -2113.703     0.028
 -2113.604     0.028
 -2113.504     0.026
 -2113.405     0.026
 -2113.305     0.025
 -2113.205     0.022
 -2113.106     0.022
 -2113.006     0.019
 -2112.907     0.011
 -2112.807     0.005
 -2112.707     0.005
 -2112.608     0.005
 -2112.508     0.005
 -2112.409     0.007
 -2112.309     0.009
 -2112.209     0.010
 -2112.110     0.011
 -2112.010     0.012
 -2111.910     0.015
 -2111.811     0.022
 -2111.711     0.025
 -2111.612     0.026
 -2111.512     0.027
 -2111.412     0.025
 -2111.313     0.026
 -2111.213     0.025
 -2111.114     0.026
 -2111.014     0.023
 -2110.914     0.021
 -2110.815     0.019
 -2110.715     0.011
 -2110.616     0.005
 -2110.516     0.005
 -2110.416     0.003
 -2110.317     0.004
 -2110.217     0.006
 -2110.118     0.006
 -2110.018     0.007
 -2109.918     0.008
 -2109.819     0.008
 -2109.719     0.008
 -2109.619     0.005
 -2109.520     0.005
 -2109.420     0.006
 -2109.321     0.007
 -2109.221     0.006
 -2109.121     0.006
 -2109.022     0.006
 -2108.922     0.005
 -2108.823     0.006
 -2108.723     0.006
 -2108.623     0.005
 -2108.524     0.007
 -2108.424     0.008
 -2108.325     0.009
 -2108.225     0.011
 -2108.125     0.013
 -2108.026     0.019
 -2107.926     0.026
 -2107.826     0.027
 -2107.727     0.027
 -2107.627     0.027
 -2107.528     0.025
 -2107.428     0.024
 -2107.328     0.024
 -2107.229     0.022
 -2107.129     0.021
 -2107.030     0.016
 -2106.930     0.007
 -2106.830     0.006
 -2106.731     0.005
 -2106.631     0.004
 -2106.532     0.004
 -2106.432     0.006
 -2106.332     0.005
 -2106.233     0.007
 -2106.133     0.007
 -2106.034     0.008
 -2105.934     0.009
 -2105.834     0.009
 -2105.735     0.009
 -2105.635     0.010
 -2105.535     0.009
 -2105.436     0.009
 -2105.336     0.009
 -2105.237     0.010
 -2105.137     0.010
 -2105.037     0.008
 -2104.938     0.006
 -2104.838     0.006
 -2104.739     0.005
 -2104.639     0.004
 -2104.539     0.005
 -2104.440     0.006
 -2104.340     0.004
 -2104.241     0.005
 -2104.141     0.005
 -2104.041     0.006
 -2103.942     0.008
 -2103.842     0.009
 -2103.743     0.009
 -2103.643     0.011
 -2103.543     0.012
 -2103.444     0.012
 -2103.344     0.013
 -2103.244     0.014
 -2103.145     0.019
 -2103.045     0.024
 -2102.946     0.024
 -2102.846     0.028
 -2102.746     0.026
 -2102.647     0.025
 -2102.547     0.027
 -2102.448     0.027
 -2102.348     0.027
 -2102.248     0.026
 -2102.149     0.023
 -2102.049     0.021
 -2101.950     0.019
 -2101.850     0.007
 -2101.750     0.005
 -2101.651     0.005
 -2101.551     0.003
 -2101.451     0.004
 -2101.352     0.004
 -2101.252     0.004
 -2101.153     0.004
 -2101.053     0.006
 -2100.953     0.006
 -2100.854     0.005
 -2100.754     0.006
 -2100.655     0.005
 -2100.555     0.006
 -2100.455     0.006
 -2100.356     0.006
 -2100.256     0.005
 -2100.157     0.006
 -2100.057     0.007
 -2099.957     0.008
 -2099.858     0.009
 -2099.758     0.010
 -2099.659     0.010
 -2099.559     0.010
 -2099.459     0.010
 -2099.360     0.009
 -2099.260     0.009
 -2099.160     0.006
 -2099.061     0.006
 -2098.961     0.006
 -2098.862     0.006
 -2098.762     0.006
 -2098.662     0.008
 -2098.563     0.006
 -2098.463     0.006
 -2098.364     0.006
 -2098.264     0.007
 -2098.164     0.007
 -2098.065     0.004
 -2097.965     0.006
 -2097.866     0.007
 -2097.766     0.007
 -2097.666     0.008
 -2097.567     0.008
 -2097.467     0.007
 -2097.368     0.007
 -2097.268     0.006
 -2097.168     0.004
 -2097.069     0.007
 -2096.969     0.009
 -2096.869     0.008
 -2096.770     0.010
 -2096.670     0.012
 -2096.571     0.015
 -2096.471     0.017
 -2096.371     0.023
 -2096.272     0.026
 -2096.172     0.026
 -2096.073     0.027
 -2095.973     0.026
 -2095.873     0.025
 -2095.774     0.026
 -2095.674     0.022
 -2095.575     0.018
 -2095.475     0.009
 -2095.375     0.006
 -2095.276     0.004
 -2095.176     0.005
 -2095.076     0.003
 -2094.977     0.004
 -2094.877     0.005
 -2094.778     0.007
 -2094.678     0.010
 -2094.578     0.012
 -2094.479     0.018
 -2094.379     0.023
 -2094.280     0.026
 -2094.180     0.026
 -2094.080     0.029
 -2093.981     0.026
 -2093.881     0.026
 -2093.782     0.024
 -2093.682     0.023
 -2093.582     0.021
 -2093.483     0.015
 -2093.383     0.007
 -2093.284     0.005
 -2093.184     0.005
 -2093.084     0.005
 -2092.985     0.004
 -2092.885     0.006
 -2092.785     0.007
 -2092.686     0.005
 -2092.586     0.005
 -2092.487     0.004
 -2092.387     0.006
 -2092.287     0.006
 -2092.188     0.006
 -2092.088     0.009
 -2091.989     0.006
 -2091.889     0.008
 -2091.789     0.009
 -2091.690     0.009
 -2091.590     0.010
 -2091.491     0.010
 -2091.391     0.011
 -2091.291     0.011
 -2091.192     0.011
 -2091.092     0.011
 -2090.993     0.011
 -2090.893     0.010
 -2090.793     0.008
 -2090.694     0.004
 -2090.594     0.006
 -2090.494     0.006
 -2090.395     0.005
 -2090.295     0.006
 -2090.196     0.009
 -2090.096     0.009
 -2089.996     0.009
 -2089.897     0.010
 -2089.797     0.013
 -2089.698     0.011
 -2089.598     0.012
 -2089.498     0.012
 -2089.399     0.011
 -2089.299     0.011
 -2089.200     0.009
 -2089.100     0.007
 -2089.000     0.004
 -2088.901     0.004
 -2088.801     0.003
 -2088.701     0.006
 -2088.602     0.007
 -2088.502     0.007
 -2088.403     0.007
 -2088.303     0.009
 -2088.203     0.009
 -2088.104     0.010
 -2088.004     0.011
 -2087.905     0.010
 -2087.805     0.011
 -2087.705     0.011
 -2087.606     0.010
 -2087.506     0.010
 -2087.407     0.008
 -2087.307     0.007
 -2087.207     0.006
 -2087.108     0.007
 -2087.008     0.006
 -2086.909     0.006
 -2086.809     0.007
 -2086.709     0.007
 -2086.610     0.006
 -2086.510     0.005
 -2086.410     0.005
 -2086.311     0.004
 -2086.211     0.006
 -2086.112     0.004
 -2086.012     0.006
 -2085.912     0.005
 -2085.813     0.007
 -2085.713     0.007
 -2085.614     0.010
 -2085.514     0.010
 -2085.414     0.010
 -2085.315     0.012
 -2085.215     0.013
 -2085.116     0.013
 -2085.016     0.016
 -2084.916     0.021
 -2084.817     0.024
 -2084.717     0.026
 -2084.618     0.026
 -2084.518     0.026
 -2084.418     0.023
 -2084.319     0.022
 -2084.219     0.020
 -2084.119     0.016
 -2084.020     0.008
 -2083.920     0.005
 -2083.821     0.005
 -2083.721     0.006
 -2083.621     0.005
 -2083.522     0.006
 -2083.422     0.005
 -2083.323     0.004
 -2083.223     0.004
 -2083.123     0.005
 -2083.024     0.006
 -2082.924     0.006
 -2082.825     0.009
 -2082.725     0.010
 -2082.625     0.012
 -2082.526     0.017
 -2082.426     0.025
 -2082.326     0.026
 -2082.227     0.028
 -2082.127     0.026
 -2082.028     0.025
 -2081.928     0.021
 -2081.828     0.016
 -2081.729     0.008
 -2081.629     0.007
 -2081.530     0.003
 -2081.430     0.005
 -2081.330     0.005
 -2081.231     0.006
 -2081.131     0.006
 -2081.032     0.006
 -2080.932     0.006
 -2080.832     0.009
 -2080.733     0.008
 -2080.633     0.010
 -2080.534     0.010
 -2080.434     0.013
 -2080.334     0.012
 -2080.235     0.013
 -2080.135     0.015
 -2080.035     0.016
 -2079.936     0.021
 -2079.836     0.023
 -2079.737     0.026
 -2079.637     0.028
 -2079.537     0.027
 -2079.438     0.027
 -2079.338     0.025
 -2079.239     0.023
 -2079.139     0.021
 -2079.039     0.013
 -2078.940     0.007
 -2078.840     0.005
 -2078.741     0.005
 -2078.641     0.004
 -2078.541     0.005
 -2078.442     0.006
 -2078.342     0.005
 -2078.243     0.005
 -2078.143     0.006
 -2078.043     0.006
 -2077.944     0.008
 -2077.844     0.007
 -2077.744     0.007
 -2077.645     0.007
 -2077.545     0.006
 -2077.446     0.006
 -2077.346     0.006
 -2077.246     0.007
 -2077.147     0.007
 -2077.047     0.007
 -2076.948     0.007
 -2076.848     0.007
 -2076.748     0.006
 -2076.649     0.007
 -2076.549     0.005
 -2076.450     0.006
 -2076.350     0.009
 -2076.250     0.010
 -2076.151     0.011
 -2076.051     0.012
 -2075.951     0.015
 -2075.852     0.016
 -2075.752     0.024
 -2075.653     0.026
 -2075.553     0.027
 -2075.453     0.029
 -2075.354     0.028
 -2075.254     0.026
 -2075.155     0.024
 -2075.055     0.020
 -2074.955     0.010
 -2074.856     0.006
 -2074.756     0.004
 -2074.657     0.006
 -2074.557     0.006
 -2074.457     0.006
 -2074.358     0.003
 -2074.258     0.005
 -2074.159     0.006
 -2074.059     0.006
 -2073.959     0.006
 -2073.860     0.004
 -2073.760     0.005
 -2073.660     0.007
 -2073.561     0.005
 -2073.461     0.006
 -2073.362     0.007
 -2073.262     0.009
 -2073.162     0.009
 -2073.063     0.011
 -2072.963     0.013
 -2072.864     0.017
 -2072.764     0.024
 -2072.664     0.027
 -2072.565     0.029
 -2072.465     0.029
 -2072.366     0.028
 -2072.266     0.028
 -2072.166     0.026
 -2072.067     0.025
 -2071.967     0.021
 -2071.868     0.018
 -2071.768     0.009
 -2071.668     0.008
 -2071.569     0.007
 -2071.469     0.006
 -2071.369     0.005
 -2071.270     0.005
 -2071.170     0.006
 -2071.071     0.007
 -2070.971     0.008
 -2070.871     0.010
 -2070.772     0.010
 -2070.672     0.012
 -2070.573     0.013
 -2070.473     0.013
 -2070.373     0.014
 -2070.274     0.018
 -2070.174     0.022
 -2070.075     0.026
 -2069.975     0.027
 -2069.875     0.026
 -2069.776     0.025
 -2069.676     0.025
 -2069.576     0.023
 -2069.477     0.023
 -2069.377     0.020
 -2069.278     0.019
 -2069.178     0.011
 -2069.078     0.007
 -2068.979     0.004
 -2068.879     0.005
 -2068.780     0.005
 -2068.680     0.005
 -2068.580     0.004
 -2068.481     0.006
 -2068.381     0.005
 -2068.282     0.005
 -2068.182     0.005
 -2068.082     0.006
 -2067.983     0.007
 -2067.883     0.008
 -2067.784     0.007
 -2067.684     0.007
 -2067.584     0.008
 -2067.485     0.009
 -2067.385     0.011
 -2067.285     0.012
 -2067.186     0.012
 -2067.086     0.012
 -2066.987     0.013
 -2066.887     0.014
 -2066.787     0.017
 -2066.688     0.023
 -2066.588     0.026
 -2066.489     0.026
 -2066.389     0.029
 -2066.289     0.029
 -2066.190     0.029
 -2066.090     0.028
 -2065.991     0.025
 -2065.891     0.021
 -2065.791     0.013
 -2065.692     0.009
 -2065.592     0.006
 -2065.493     0.005
 -2065.393     0.006
 -2065.293     0.006
 -2065.194     0.006
 -2065.094     0.006
 -2064.994     0.006
 -2064.895     0.006
 -2064.795     0.008
 -2064.696     0.008
 -2064.596     0.009
 -2064.496     0.010
 -2064.397     0.010
 -2064.297     0.008
 -2064.198     0.008
 -2064.098     0.006
 -2063.998     0.007
 -2063.899     0.006
 -2063.799     0.006
 -2063.700     0.005
 -2063.600     0.005
 -2063.500     0.005
 -2063.401     0.007
 -2063.301     0.008
 -2063.201     0.010
 -2063.102     0.011
 -2063.002     0.014
 -2062.903     0.017
 -2062.803     0.024
 -2062.703     0.027
 -2062.604     0.028
 -2062.504     0.027
 -2062.405     0.026
 -2062.305     0.025
 -2062.205     0.024
 -2062.106     0.021
 -2062.006     0.015
 -2061.907     0.008
 -2061.807     0.006
 -2061.707     0.005
 -2061.608     0.005
 -2061.508     0.006
 -2061.409     0.004
 -2061.309     0.007
 -2061.209     0.007
 -2061.110     0.007
 -2061.010     0.007
 -2060.910     0.009
 -2060.811     0.010
 -2060.711     0.011
 -2060.612     0.013
 -2060.512     0.013
 -2060.412     0.014
 -2060.313     0.014
 -2060.213     0.015
 -2060.114     0.015
 -2060.014     0.016
 -2059.914     0.023
 -2059.815     0.025
 -2059.715     0.026
 -2059.616     0.026
 -2059.516     0.027
 -2059.416     0.027
 -2059.317     0.025
 -2059.217     0.026
 -2059.118     0.024
 -2059.018     0.020
 -2058.918     0.014
 -2058.819     0.006
 -2058.719     0.006
 -2058.619     0.006
 -2058.520     0.005
 -2058.420     0.006
 -2058.321     0.005
 -2058.221     0.006
 -2058.121     0.008
 -2058.022     0.006
 -2057.922     0.007
 -2057.823     0.007
 -2057.723     0.008
 -2057.623     0.006
 -2057.524     0.006
 -2057.424     0.007
 -2057.325     0.008
 -2057.225     0.007
 -2057.125     0.006
 -2057.026     0.008
 -2056.926     0.007
 -2056.826     0.008
 -2056.727     0.010
 -2056.627     0.012
 -2056.528     0.011
 -2056.428     0.013
 -2056.328     0.014
 -2056.229     0.016
 -2056.129     0.023
 -2056.030     0.028
 -2055.930     0.028
 -2055.830     0.031
 -2055.731     0.030
 -2055.631     0.030
 -2055.532     0.028
 -2055.432     0.025
 -2055.332     0.019
 -2055.233     0.011
 -2055.133     0.006
 -2055.034     0.008
 -2054.934     0.007
 -2054.834     0.005
 -2054.735     0.008
 -2054.635     0.010
 -2054.535     0.012
 -2054.436     0.014
 -2054.336     0.015
 -2054.237     0.020
 -2054.137     0.028
 -2054.037     0.029
 -2053.938     0.031
 -2053.838     0.030
 -2053.739     0.030
 -2053.639     0.027
 -2053.539     0.029
 -2053.440     0.026
 -2053.340     0.027
 -2053.241     0.027
 -2053.141     0.024
 -2053.041     0.021
 -2052.942     0.012
 -2052.842     0.008
 -2052.743     0.007
 -2052.643     0.007
 -2052.543     0.005
 -2052.444     0.005
 -2052.344     0.006
 -2052.244     0.006
 -2052.145     0.005
 -2052.045     0.005
 -2051.946     0.006
 -2051.846     0.006
 -2051.746     0.006
 -2051.647     0.006
 -2051.547     0.007
 -2051.448     0.007
 -2051.348     0.007
 -2051.248     0.007
 -2051.149     0.007
 -2051.049     0.008
 -2050.950     0.008
 -2050.850     0.008
 -2050.750     0.007
 -2050.651     0.006
 -2050.551     0.005
 -2050.451     0.007
 -2050.352     0.008
 -2050.252     0.011
 -2050.153     0.009
 -2050.053     0.012
 -2049.953     0.015
 -2049.854     0.020
 -2049.754     0.027
 -2049.655     0.029
 -2049.555     0.030
 -2049.455     0.029
 -2049.356     0.027
 -2049.256     0.025
 -2049.157     0.024
 -2049.057     0.015
 -2048.957     0.011
 -2048.858     0.008
 -2048.758     0.008
 -2048.659     0.007
 -2048.559     0.008
 -2048.459     0.008
 -2048.360     0.006
 -2048.260     0.006
 -2048.160     0.006
 -2048.061     0.007
 -2047.961     0.006
 -2047.862     0.008
 -2047.762     0.010
 -2047.662     0.010
 -2047.563     0.010
 -2047.463     0.009
 -2047.364     0.009
 -2047.264     0.009
 -2047.164     0.010
 -2047.065     0.009
 -2046.965     0.006
 -2046.866     0.007
 -2046.766     0.008
 -2046.666     0.008
 -2046.567     0.007
 -2046.467     0.006
 -2046.368     0.006
 -2046.268     0.007
 -2046.168     0.007
 -2046.069     0.009
 -2045.969     0.009
 -2045.869     0.007
 -2045.770     0.007
 -2045.670     0.006
 -2045.571     0.007
 -2045.471     0.007
 -2045.371     0.007
 -2045.272     0.010
 -2045.172     0.008
 -2045.073     0.007
 -2044.973     0.007
 -2044.873     0.008
 -2044.774     0.008
 -2044.674     0.009
 -2044.575     0.008
 -2044.475     0.007
 -2044.375     0.008
 -2044.276     0.007
 -2044.176     0.008
 -2044.076     0.008
 -2043.977     0.009
 -2043.877     0.010
 -2043.778     0.010
 -2043.678     0.010
 -2043.578     0.011
 -2043.479     0.011
 -2043.379     0.012
 -2043.280     0.011
 -2043.180     0.010
 -2043.080     0.012
 -2042.981     0.012
 -2042.881     0.011
 -2042.782     0.009
 -2042.682     0.010
 -2042.582     0.007
 -2042.483     0.005
 -2042.383     0.008
 -2042.284     0.010
 -2042.184     0.013
 -2042.084     0.014
 -2041.985     0.017
 -2041.885     0.022
 -2041.785     0.026
 -2041.686     0.029
 -2041.586     0.028
 -2041.487     0.029
 -2041.387     0.028
 -2041.287     0.026
 -2041.188     0.026
 -2041.088     0.020
 -2040.989     0.012
 -2040.889     0.008
 -2040.789     0.006
 -2040.690     0.006
 -2040.590     0.005
 -2040.491     0.006
 -2040.391     0.007
 -2040.291     0.007
 -2040.192     0.007
 -2040.092     0.007
 -2039.993     0.009
 -2039.893     0.009
 -2039.793     0.008
 -2039.694     0.008
 -2039.594     0.008
 -2039.494     0.009
 -2039.395     0.008
 -2039.295     0.006
 -2039.196     0.007
 -2039.096     0.009
 -2038.996     0.010
 -2038.897     0.011
 -2038.797     0.014
 -2038.698     0.018
 -2038.598     0.022
 -2038.498     0.027
 -2038.399     0.030
 -2038.299     0.029
 -2038.200     0.028
 -2038.100     0.027
 -2038.000     0.023
 -2037.901     0.017
 -2037.801     0.011
 -2037.701     0.009
 -2037.602     0.008
 -2037.502     0.006
 -2037.403     0.006
 -2037.303     0.007
 -2037.203     0.006
 -2037.104     0.007
 -2037.004     0.008
 -2036.905     0.008
 -2036.805     0.009
 -2036.705     0.010
 -2036.606     0.009
 -2036.506     0.012
 -2036.407     0.013
 -2036.307     0.013
 -2036.207     0.017
 -2036.108     0.021
 -2036.008     0.026
 -2035.909     0.029
 -2035.809     0.030
 -2035.709     0.030
 -2035.610     0.029
 -2035.510     0.025
 -2035.410     0.020
 -2035.311     0.010
 -2035.211     0.008
 -2035.112     0.005
 -2035.012     0.005
 -2034.912     0.007
 -2034.813     0.009
 -2034.713     0.009
 -2034.614     0.008
 -2034.514     0.008
 -2034.414     0.008
 -2034.315     0.009
 -2034.215     0.005
 -2034.116     0.007
 -2034.016     0.007
 -2033.916     0.007
 -2033.817     0.006
 -2033.717     0.008
 -2033.618     0.006
 -2033.518     0.008
 -2033.418     0.007
 -2033.319     0.009
 -2033.219     0.008
 -2033.119     0.009
 -2033.020     0.009
 -2032.920     0.009
 -2032.821     0.010
 -2032.721     0.009
 -2032.621     0.008
 -2032.522     0.006
 -2032.422     0.005
 -2032.323     0.007
 -2032.223     0.008
 -2032.123     0.008
 -2032.024     0.008
 -2031.924     0.011
 -2031.825     0.012
 -2031.725     0.012
 -2031.625     0.012
 -2031.526     0.016
 -2031.426     0.023
 -2031.326     0.028
 -2031.227     0.028
 -2031.127     0.030
 -2031.028     0.029
 -2030.928     0.029
 -2030.828     0.028
 -2030.729     0.023
 -2030.629     0.020
 -2030.530     0.014
 -2030.430     0.009
 -2030.330     0.006
 -2030.231     0.006
 -2030.131     0.006
 -2030.032     0.006
 -2029.932     0.006
 -2029.832     0.006
 -2029.733     0.006
 -2029.633     0.006
 -2029.534     0.007
 -2029.434     0.008
 -2029.334     0.009
 -2029.235     0.009
 -2029.135     0.010
 -2029.035     0.010
 -2028.936     0.009
 -2028.836     0.009
 -2028.737     0.008
 -2028.637     0.007
 -2028.537     0.007
 -2028.438     0.007
 -2028.338     0.008
 -2028.239     0.009
 -2028.139     0.010
 -2028.039     0.009
 -2027.940     0.008
 -2027.840     0.009
 -2027.741     0.010
 -2027.641     0.010
 -2027.541     0.010
 -2027.442     0.010
 -2027.342     0.010
 -2027.243     0.008
 -2027.143     0.009
 -2027.043     0.011
 -2026.944     0.011
 -2026.844     0.011
 -2026.744     0.011
 -2026.645     0.012
 -2026.545     0.012
 -2026.446     0.010
 -2026.346     0.008
 -2026.246     0.008
 -2026.147     0.009
 -2026.047     0.008
 -2025.948     0.007
 -2025.848     0.009
 -2025.748     0.012
 -2025.649     0.012
 -2025.549     0.014
 -2025.450     0.019
 -2025.350     0.025
 -2025.250     0.028
 -2025.151     0.030
 -2025.051     0.030
 -2024.951     0.029
 -2024.852     0.028
 -2024.752     0.026
 -2024.653     0.027
 -2024.553     0.026
 -2024.453     0.021
 -2024.354     0.013
 -2024.254     0.006
 -2024.155     0.006
 -2024.055     0.005
 -2023.955     0.005
 -2023.856     0.007
 -2023.756     0.006
 -2023.657     0.005
 -2023.557     0.006
 -2023.457     0.005
 -2023.358     0.006
 -2023.258     0.007
 -2023.159     0.006
 -2023.059     0.006
 -2022.959     0.007
 -2022.860     0.007
 -2022.760     0.007
 -2022.660     0.008
 -2022.561     0.009
 -2022.461     0.008
 -2022.362     0.007
 -2022.262     0.008
 -2022.162     0.007
 -2022.063     0.009
 -2021.963     0.008
 -2021.864     0.008
 -2021.764     0.006
 -2021.664     0.007
 -2021.565     0.007
 -2021.465     0.009
 -2021.366     0.011
 -2021.266     0.012
 -2021.166     0.014
 -2021.067     0.017
 -2020.967     0.020
 -2020.868     0.027
 -2020.768     0.030
 -2020.668     0.030
 -2020.569     0.032
 -2020.469     0.031
 -2020.369     0.030
 -2020.270     0.028
 -2020.170     0.028
 -2020.071     0.026
 -2019.971     0.020
 -2019.871     0.012
 -2019.772     0.008
 -2019.672     0.007
 -2019.573     0.008
 -2019.473     0.008
 -2019.373     0.007
 -2019.274     0.007
 -2019.174     0.006
 -2019.075     0.007
 -2018.975     0.006
 -2018.875     0.009
 -2018.776     0.010
 -2018.676     0.012
 -2018.576     0.016
 -2018.477     0.025
 -2018.377     0.028
 -2018.278     0.029
 -2018.178     0.029
 -2018.078     0.029
 -2017.979     0.029
 -2017.879     0.031
 -2017.780     0.029
 -2017.680     0.029
 -2017.580     0.029
 -2017.481     0.028
 -2017.381     0.025
 -2017.282     0.022
 -2017.182     0.013
 -2017.082     0.010
 -2016.983     0.008
 -2016.883     0.007
 -2016.784     0.006
 -2016.684     0.007
 -2016.584     0.007
 -2016.485     0.008
 -2016.385     0.007
 -2016.285     0.006
 -2016.186     0.007
 -2016.086     0.008
 -2015.987     0.010
 -2015.887     0.010
 -2015.787     0.011
 -2015.688     0.013
 -2015.588     0.013
 -2015.489     0.015
 -2015.389     0.017
 -2015.289     0.017
 -2015.190     0.020
 -2015.090     0.027
 -2014.991     0.030
 -2014.891     0.029
 -2014.791     0.029
 -2014.692     0.031
 -2014.592     0.031
 -2014.493     0.031
 -2014.393     0.030
 -2014.293     0.030
 -2014.194     0.025
 -2014.094     0.019
 -2013.994     0.010
 -2013.895     0.007
 -2013.795     0.006
 -2013.696     0.005
 -2013.596     0.007
 -2013.496     0.008
 -2013.397     0.006
 -2013.297     0.008
 -2013.198     0.008
 -2013.098     0.008
 -2012.998     0.010
 -2012.899     0.011
 -2012.799     0.011
 -2012.700     0.012
 -2012.600     0.013
 -2012.500     0.012
 -2012.401     0.012
 -2012.301     0.012
 -2012.201     0.012
 -2012.102     0.014
 -2012.002     0.014
 -2011.903     0.011
 -2011.803     0.010
 -2011.703     0.009
 -2011.604     0.007
 -2011.504     0.008
 -2011.405     0.007
 -2011.305     0.008
 -2011.205     0.008
 -2011.106     0.010
 -2011.006     0.010
 -2010.907     0.008
 -2010.807     0.010
 -2010.707     0.010
 -2010.608     0.009
 -2010.508     0.009
 -2010.409     0.009
 -2010.309     0.009
 -2010.209     0.008
 -2010.110     0.008
 -2010.010     0.009
 -2009.910     0.009
 -2009.811     0.012
 -2009.711     0.013
 -2009.612     0.013
 -2009.512     0.013
 -2009.412     0.013
 -2009.313     0.015
 -2009.213     0.018
 -2009.114     0.024
 -2009.014     0.029
 -2008.914     0.029
 -2008.815     0.031
 -2008.715     0.032
 -2008.615     0.031
 -2008.516     0.030
 -2008.416     0.028
 -2008.317     0.025
 -2008.217     0.019
 -2008.118     0.011
 -2008.018     0.009
 -2007.918     0.007
 -2007.819     0.008
 -2007.719     0.008
 -2007.619     0.007
 -2007.520     0.007
 -2007.420     0.009
 -2007.321     0.010
 -2007.221     0.010
 -2007.121     0.013
 -2007.022     0.012
 -2006.922     0.015
 -2006.823     0.015
 -2006.723     0.022
 -2006.623     0.026
 -2006.524     0.030
 -2006.424     0.030
 -2006.325     0.030
 -2006.225     0.030
 -2006.125     0.030
 -2006.026     0.028
 -2005.926     0.024
 -2005.826     0.021
 -2005.727     0.011
 -2005.627     0.007
 -2005.528     0.006
 -2005.428     0.007
 -2005.328     0.007
 -2005.229     0.009
 -2005.129     0.008
 -2005.030     0.008
 -2004.930     0.009
 -2004.830     0.009
 -2004.731     0.010
 -2004.631     0.009
 -2004.532     0.008
 -2004.432     0.008
 -2004.332     0.008
 -2004.233     0.009
 -2004.133     0.011
 -2004.034     0.011
 -2003.934     0.011
 -2003.834     0.011
 -2003.735     0.011
 -2003.635     0.009
 -2003.535     0.008
 -2003.436     0.008
 -2003.336     0.009
 -2003.237     0.010
 -2003.137     0.012
 -2003.037     0.012
 -2002.938     0.012
 -2002.838     0.014
 -2002.739     0.016
 -2002.639     0.015
 -2002.539     0.016
 -2002.440     0.017
 -2002.340     0.018
 -2002.240     0.019
 -2002.141     0.025
 -2002.041     0.027
 -2001.942     0.029
 -2001.842     0.028
 -2001.743     0.030
 -2001.643     0.028
 -2001.543     0.028
 -2001.444     0.027
 -2001.344     0.023
 -2001.244     0.016
 -2001.145     0.008
 -2001.045     0.006
 -2000.946     0.005
 -2000.846     0.006
 -2000.746     0.007
 -2000.647     0.007
 -2000.547     0.007
 -2000.448     0.008
 -2000.348     0.007
 -2000.248     0.007
 -2000.149     0.006
 -2000.049     0.007
 -1999.950     0.008
 -1999.850     0.008
 -1999.750     0.010
 -1999.651     0.011
 -1999.551     0.011
 -1999.451     0.013
 -1999.352     0.014
 -1999.252     0.016
 -1999.153     0.019
 -1999.053     0.026
 -1998.953     0.029
 -1998.854     0.030
 -1998.754     0.029
 -1998.655     0.030
 -1998.555     0.029
 -1998.455     0.029
 -1998.356     0.026
 -1998.256     0.025
 -1998.157     0.020
 -1998.057     0.012
 -1997.957     0.008
 -1997.858     0.006
 -1997.758     0.006
 -1997.659     0.006
 -1997.559     0.005
 -1997.459     0.006
 -1997.360     0.007
 -1997.260     0.011
 -1997.160     0.014
 -1997.061     0.016
 -1996.961     0.026
 -1996.862     0.029
 -1996.762     0.030
 -1996.662     0.030
 -1996.563     0.031
 -1996.463     0.030
 -1996.364     0.030
 -1996.264     0.030
 -1996.164     0.030
 -1996.065     0.030
 -1995.965     0.032
 -1995.865     0.030
 -1995.766     0.026
 -1995.666     0.023
 -1995.567     0.018
 -1995.467     0.010
 -1995.368     0.008
 -1995.268     0.007
 -1995.168     0.006
 -1995.069     0.007
 -1994.969     0.007
 -1994.869     0.008
 -1994.770     0.009
 -1994.670     0.010
 -1994.571     0.009
 -1994.471     0.011
 -1994.371     0.014
 -1994.272     0.016
 -1994.172     0.018
 -1994.073     0.027
 -1993.973     0.030
 -1993.873     0.031
 -1993.774     0.031
 -1993.674     0.031
 -1993.575     0.029
 -1993.475     0.025
 -1993.375     0.022
 -1993.276     0.015
 -1993.176     0.008
 -1993.076     0.009
 -1992.977     0.007
 -1992.877     0.010
 -1992.778     0.008
 -1992.678     0.009
 -1992.578     0.009
 -1992.479     0.010
 -1992.379     0.009
 -1992.280     0.008
 -1992.180     0.008
 -1992.080     0.008
 -1991.981     0.007
 -1991.881     0.008
 -1991.782     0.009
 -1991.682     0.010
 -1991.582     0.010
 -1991.483     0.009
 -1991.383     0.010
 -1991.284     0.010
 -1991.184     0.009
 -1991.084     0.009
 -1990.985     0.008
 -1990.885     0.009
 -1990.785     0.011
 -1990.686     0.009
 -1990.586     0.010
 -1990.487     0.010
 -1990.387     0.010
 -1990.287     0.011
 -1990.188     0.011
 -1990.088     0.011
 -1989.989     0.010
 -1989.889     0.011
 -1989.789     0.010
 -1989.690     0.009
 -1989.590     0.010
 -1989.490     0.009
 -1989.391     0.010
 -1989.291     0.009
 -1989.192     0.010
 -1989.092     0.012
 -1988.993     0.012
 -1988.893     0.015
 -1988.793     0.016
 -1988.694     0.020
 -1988.594     0.026
 -1988.494     0.030
 -1988.395     0.031
 -1988.295     0.033
 -1988.196     0.033
 -1988.096     0.031
 -1987.996     0.029
 -1987.897     0.025
 -1987.797     0.015
 -1987.698     0.011
 -1987.598     0.009
 -1987.498     0.008
 -1987.399     0.008
 -1987.299     0.010
 -1987.200     0.010
 -1987.100     0.010
 -1987.000     0.010
 -1986.901     0.010
 -1986.801     0.009
 -1986.701     0.009
 -1986.602     0.007
 -1986.502     0.007
 -1986.403     0.008
 -1986.303     0.008
 -1986.203     0.009
 -1986.104     0.011
 -1986.004     0.012
 -1985.905     0.011
 -1985.805     0.014
 -1985.705     0.015
 -1985.606     0.016
 -1985.506     0.018
 -1985.407     0.019
 -1985.307     0.025
 -1985.207     0.029
 -1985.108     0.030
 -1985.008     0.030
 -1984.909     0.031
 -1984.809     0.031
 -1984.709     0.029
 -1984.610     0.028
 -1984.510     0.025
 -1984.410     0.021
 -1984.311     0.011
 -1984.211     0.008
 -1984.112     0.007
 -1984.012     0.008
 -1983.912     0.006
 -1983.813     0.007
 -1983.713     0.008
 -1983.614     0.008
 -1983.514     0.010
 -1983.414     0.009
 -1983.315     0.008
 -1983.215     0.007
 -1983.115     0.008
 -1983.016     0.009
 -1982.916     0.008
 -1982.817     0.008
 -1982.717     0.008
 -1982.618     0.009
 -1982.518     0.010
 -1982.418     0.010
 -1982.319     0.012
 -1982.219     0.013
 -1982.119     0.010
 -1982.020     0.010
 -1981.920     0.011
 -1981.821     0.010
 -1981.721     0.009
 -1981.621     0.009
 -1981.522     0.009
 -1981.422     0.008
 -1981.323     0.009
 -1981.223     0.010
 -1981.123     0.010
 -1981.024     0.011
 -1980.924     0.013
 -1980.825     0.015
 -1980.725     0.017
 -1980.625     0.024
 -1980.526     0.029
 -1980.426     0.031
 -1980.326     0.032
 -1980.227     0.033
 -1980.127     0.033
 -1980.028     0.030
 -1979.928     0.030
 -1979.828     0.028
 -1979.729     0.025
 -1979.629     0.023
 -1979.530     0.013
 -1979.430     0.010
 -1979.330     0.011
 -1979.231     0.009
 -1979.131     0.009
 -1979.032     0.011
 -1978.932     0.011
 -1978.832     0.008
 -1978.733     0.010
 -1978.633     0.009
 -1978.534     0.009
 -1978.434     0.011
 -1978.334     0.010
 -1978.235     0.011
 -1978.135     0.011
 -1978.035     0.010
 -1977.936     0.011
 -1977.836     0.010
 -1977.737     0.009
 -1977.637     0.010
 -1977.537     0.010
 -1977.438     0.014
 -1977.338     0.013
 -1977.239     0.014
 -1977.139     0.016
 -1977.039     0.016
 -1976.940     0.019
 -1976.840     0.025
 -1976.740     0.026
 -1976.641     0.030
 -1976.541     0.030
 -1976.442     0.029
 -1976.342     0.024
 -1976.243     0.022
 -1976.143     0.016
 -1976.043     0.009
 -1975.944     0.009
 -1975.844     0.007
 -1975.744     0.008
 -1975.645     0.009
 -1975.545     0.008
 -1975.446     0.008
 -1975.346     0.008
 -1975.246     0.008
 -1975.147     0.009
 -1975.047     0.007
 -1974.948     0.008
 -1974.848     0.008
 -1974.748     0.010
 -1974.649     0.010
 -1974.549     0.008
 -1974.450     0.010
 -1974.350     0.008
 -1974.250     0.008
 -1974.151     0.009
 -1974.051     0.008
 -1973.951     0.009
 -1973.852     0.008
 -1973.752     0.011
 -1973.653     0.011
 -1973.553     0.012
 -1973.453     0.015
 -1973.354     0.016
 -1973.254     0.018
 -1973.155     0.023
 -1973.055     0.029
 -1972.955     0.030
 -1972.856     0.032
 -1972.756     0.031
 -1972.657     0.029
 -1972.557     0.031
 -1972.457     0.029
 -1972.358     0.027
 -1972.258     0.022
 -1972.159     0.012
 -1972.059     0.009
 -1971.959     0.009
 -1971.860     0.007
 -1971.760     0.007
 -1971.660     0.009
 -1971.561     0.007
 -1971.461     0.008
 -1971.362     0.010
 -1971.262     0.010
 -1971.162     0.013
 -1971.063     0.016
 -1970.963     0.016
 -1970.864     0.019
 -1970.764     0.026
 -1970.664     0.031
 -1970.565     0.031
 -1970.465     0.031
 -1970.365     0.031
 -1970.266     0.029
 -1970.166     0.027
 -1970.067     0.024
 -1969.967     0.019
 -1969.868     0.012
 -1969.768     0.009
 -1969.668     0.006
 -1969.569     0.009
 -1969.469     0.008
 -1969.369     0.010
 -1969.270     0.010
 -1969.170     0.010
 -1969.071     0.011
 -1968.971     0.008
 -1968.871     0.009
 -1968.772     0.009
 -1968.672     0.009
 -1968.573     0.011
 -1968.473     0.011
 -1968.373     0.011
 -1968.274     0.011
 -1968.174     0.011
 -1968.075     0.014
 -1967.975     0.013
 -1967.875     0.015
 -1967.776     0.013
 -1967.676     0.011
 -1967.576     0.010
 -1967.477     0.007
 -1967.377     0.009
 -1967.278     0.008
 -1967.178     0.009
 -1967.078     0.009
 -1966.979     0.009
 -1966.879     0.009
 -1966.780     0.010
 -1966.680     0.009
 -1966.580     0.009
 -1966.481     0.008
 -1966.381     0.009
 -1966.282     0.011
 -1966.182     0.013
 -1966.082     0.014
 -1965.983     0.014
 -1965.883     0.017
 -1965.784     0.019
 -1965.684     0.027
 -1965.584     0.030
 -1965.485     0.032
 -1965.385     0.032
 -1965.285     0.031
 -1965.186     0.032
 -1965.086     0.031
 -1964.987     0.030
 -1964.887     0.029
 -1964.787     0.027
 -1964.688     0.024
 -1964.588     0.014
 -1964.489     0.011
 -1964.389     0.010
 -1964.289     0.009
 -1964.190     0.009
 -1964.090     0.008
 -1963.990     0.009
 -1963.891     0.009
 -1963.791     0.011
 -1963.692     0.011
 -1963.592     0.013
 -1963.493     0.017
 -1963.393     0.020
 -1963.293     0.029
 -1963.194     0.032
 -1963.094     0.033
 -1962.994     0.033
 -1962.895     0.032
 -1962.795     0.031
 -1962.696     0.027
 -1962.596     0.022
 -1962.496     0.012
 -1962.397     0.009
 -1962.297     0.008
 -1962.198     0.008
 -1962.098     0.008
 -1961.998     0.007
 -1961.899     0.008
 -1961.799     0.010
 -1961.700     0.011
 -1961.600     0.011
 -1961.500     0.013
 -1961.401     0.014
 -1961.301     0.014
 -1961.201     0.015
 -1961.102     0.017
 -1961.002     0.023
 -1960.903     0.028
 -1960.803     0.032
 -1960.703     0.033
 -1960.604     0.031
 -1960.504     0.032
 -1960.405     0.031
 -1960.305     0.030
 -1960.205     0.028
 -1960.106     0.022
 -1960.006     0.014
 -1959.907     0.010
 -1959.807     0.009
 -1959.707     0.008
 -1959.608     0.008
 -1959.508     0.007
 -1959.409     0.008
 -1959.309     0.008
 -1959.209     0.010
 -1959.110     0.010
 -1959.010     0.012
 -1958.910     0.012
 -1958.811     0.015
 -1958.711     0.017
 -1958.612     0.019
 -1958.512     0.026
 -1958.412     0.029
 -1958.313     0.031
 -1958.213     0.032
 -1958.114     0.030
 -1958.014     0.030
 -1957.914     0.024
 -1957.815     0.018
 -1957.715     0.011
 -1957.615     0.008
 -1957.516     0.009
 -1957.416     0.010
 -1957.317     0.010
 -1957.217     0.008
 -1957.118     0.010
 -1957.018     0.010
 -1956.918     0.010
 -1956.819     0.010
 -1956.719     0.011
 -1956.619     0.010
 -1956.520     0.011
 -1956.420     0.010
 -1956.321     0.010
 -1956.221     0.010
 -1956.121     0.011
 -1956.022     0.013
 -1955.922     0.013
 -1955.823     0.014
 -1955.723     0.017
 -1955.623     0.018
 -1955.524     0.017
 -1955.424     0.019
 -1955.325     0.021
 -1955.225     0.027
 -1955.125     0.033
 -1955.026     0.034
 -1954.926     0.033
 -1954.826     0.033
 -1954.727     0.033
 -1954.627     0.032
 -1954.528     0.030
 -1954.428     0.026
 -1954.328     0.018
 -1954.229     0.012
 -1954.129     0.009
 -1954.030     0.009
 -1953.930     0.010
 -1953.830     0.011
 -1953.731     0.011
 -1953.631     0.011
 -1953.532     0.011
 -1953.432     0.011
 -1953.332     0.013
 -1953.233     0.015
 -1953.133     0.014
 -1953.034     0.014
 -1952.934     0.011
 -1952.834     0.011
 -1952.735     0.010
 -1952.635     0.011
 -1952.535     0.012
 -1952.436     0.013
 -1952.336     0.012
 -1952.237     0.013
 -1952.137     0.013
 -1952.037     0.014
 -1951.938     0.015
 -1951.838     0.016
 -1951.739     0.016
 -1951.639     0.015
 -1951.539     0.013
 -1951.440     0.013
 -1951.340     0.012
 -1951.240     0.013
 -1951.141     0.010
 -1951.041     0.012
 -1950.942     0.011
 -1950.842     0.012
 -1950.743     0.011
 -1950.643     0.012
 -1950.543     0.011
 -1950.444     0.010
 -1950.344     0.012
 -1950.244     0.012
 -1950.145     0.011
 -1950.045     0.011
 -1949.946     0.010
 -1949.846     0.010
 -1949.746     0.011
 -1949.647     0.012
 -1949.547     0.011
 -1949.448     0.011
 -1949.348     0.012
 -1949.248     0.012
 -1949.149     0.012
 -1949.049     0.012
 -1948.950     0.012
 -1948.850     0.013
 -1948.750     0.013
 -1948.651     0.012
 -1948.551     0.010
 -1948.451     0.011
 -1948.352     0.013
 -1948.252     0.010
 -1948.153     0.014
 -1948.053     0.011
 -1947.953     0.012
 -1947.854     0.011
 -1947.754     0.011
 -1947.655     0.012
 -1947.555     0.010
 -1947.455     0.011
 -1947.356     0.010
 -1947.256     0.011
 -1947.157     0.009
 -1947.057     0.012
 -1946.957     0.012
 -1946.858     0.013
 -1946.758     0.014
 -1946.659     0.015
 -1946.559     0.018
 -1946.459     0.020
 -1946.360     0.023
 -1946.260     0.030
 -1946.160     0.031
 -1946.061     0.033
 -1945.961     0.034
 -1945.862     0.032
 -1945.762     0.033
 -1945.662     0.033
 -1945.563     0.032
 -1945.463     0.029
 -1945.364     0.026
 -1945.264     0.019
 -1945.164     0.012
 -1945.065     0.011
 -1944.965     0.010
 -1944.865     0.009
 -1944.766     0.012
 -1944.666     0.010
 -1944.567     0.011
 -1944.467     0.011
 -1944.368     0.011
 -1944.268     0.011
 -1944.168     0.012
 -1944.069     0.012
 -1943.969     0.013
 -1943.869     0.013
 -1943.770     0.014
 -1943.670     0.012
 -1943.571     0.012
 -1943.471     0.010
 -1943.371     0.010
 -1943.272     0.010
 -1943.172     0.010
 -1943.073     0.012
 -1942.973     0.012
 -1942.873     0.013
 -1942.774     0.015
 -1942.674     0.013
 -1942.575     0.014
 -1942.475     0.013
 -1942.375     0.015
 -1942.276     0.012
 -1942.176     0.010
 -1942.076     0.011
 -1941.977     0.011
 -1941.877     0.012
 -1941.778     0.012
 -1941.678     0.014
 -1941.578     0.015
 -1941.479     0.017
 -1941.379     0.020
 -1941.280     0.027
 -1941.180     0.030
 -1941.080     0.033
 -1940.981     0.034
 -1940.881     0.033
 -1940.782     0.031
 -1940.682     0.030
 -1940.582     0.029
 -1940.483     0.023
 -1940.383     0.015
 -1940.284     0.010
 -1940.184     0.010
 -1940.084     0.008
 -1939.985     0.007
 -1939.885     0.008
 -1939.785     0.010
 -1939.686     0.010
 -1939.586     0.011
 -1939.487     0.013
 -1939.387     0.015
 -1939.287     0.018
 -1939.188     0.020
 -1939.088     0.028
 -1938.989     0.031
 -1938.889     0.033
 -1938.789     0.033
 -1938.690     0.033
 -1938.590     0.032
 -1938.490     0.028
 -1938.391     0.027
 -1938.291     0.019
 -1938.192     0.012
 -1938.092     0.011
 -1937.993     0.011
 -1937.893     0.010
 -1937.793     0.011
 -1937.694     0.012
 -1937.594     0.012
 -1937.494     0.013
 -1937.395     0.013
 -1937.295     0.013
 -1937.196     0.013
 -1937.096     0.011
 -1936.996     0.011
 -1936.897     0.011
 -1936.797     0.010
 -1936.698     0.011
 -1936.598     0.011
 -1936.498     0.012
 -1936.399     0.013
 -1936.299     0.012
 -1936.200     0.014
 -1936.100     0.011
 -1936.000     0.012
 -1935.901     0.012
 -1935.801     0.013
 -1935.701     0.012
 -1935.602     0.012
 -1935.502     0.013
 -1935.403     0.014
 -1935.303     0.013
 -1935.203     0.011
 -1935.104     0.012
 -1935.004     0.012
 -1934.905     0.013
 -1934.805     0.012
 -1934.705     0.012
 -1934.606     0.011
 -1934.506     0.013
 -1934.407     0.012
 -1934.307     0.015
 -1934.207     0.014
 -1934.108     0.013
 -1934.008     0.012
 -1933.909     0.011
 -1933.809     0.010
 -1933.709     0.009
 -1933.610     0.012
 -1933.510     0.013
 -1933.410     0.015
 -1933.311     0.018
 -1933.211     0.021
 -1933.112     0.025
 -1933.012     0.031
 -1932.912     0.031
 -1932.813     0.032
 -1932.713     0.033
 -1932.614     0.030
 -1932.514     0.029
 -1932.414     0.025
 -1932.315     0.022
 -1932.215     0.015
 -1932.115     0.011
 -1932.016     0.010
 -1931.916     0.012
 -1931.817     0.011
 -1931.717     0.012
 -1931.618     0.012
 -1931.518     0.010
 -1931.418     0.011
 -1931.319     0.011
 -1931.219     0.011
 -1931.119     0.012
 -1931.020     0.014
 -1930.920     0.014
 -1930.821     0.015
 -1930.721     0.015
 -1930.621     0.015
 -1930.522     0.014
 -1930.422     0.012
 -1930.323     0.011
 -1930.223     0.011
 -1930.123     0.011
 -1930.024     0.011
 -1929.924     0.011
 -1929.825     0.010
 -1929.725     0.013
 -1929.625     0.014
 -1929.526     0.012
 -1929.426     0.014
 -1929.326     0.016
 -1929.227     0.014
 -1929.127     0.013
 -1929.028     0.012
 -1928.928     0.012
 -1928.828     0.010
 -1928.729     0.011
 -1928.629     0.011
 -1928.530     0.013
 -1928.430     0.014
 -1928.330     0.017
 -1928.231     0.020
 -1928.131     0.020
 -1928.032     0.027
 -1927.932     0.031
 -1927.832     0.033
 -1927.733     0.032
 -1927.633     0.033
 -1927.534     0.031
 -1927.434     0.030
 -1927.334     0.027
 -1927.235     0.022
 -1927.135     0.015
 -1927.035     0.011
 -1926.936     0.010
 -1926.836     0.010
 -1926.737     0.011
 -1926.637     0.011
 -1926.537     0.010
 -1926.438     0.010
 -1926.338     0.010
 -1926.239     0.011
 -1926.139     0.011
 -1926.039     0.014
 -1925.940     0.013
 -1925.840     0.015
 -1925.740     0.017
 -1925.641     0.023
 -1925.541     0.030
 -1925.442     0.032
 -1925.342     0.033
 -1925.243     0.032
 -1925.143     0.032
 -1925.043     0.031
 -1924.944     0.029
 -1924.844     0.025
 -1924.744     0.017
 -1924.645     0.012
 -1924.545     0.010
 -1924.446     0.011
 -1924.346     0.011
 -1924.246     0.011
 -1924.147     0.010
 -1924.047     0.011
 -1923.948     0.011
 -1923.848     0.011
 -1923.748     0.010
 -1923.649     0.013
 -1923.549     0.012
 -1923.450     0.011
 -1923.350     0.011
 -1923.250     0.012
 -1923.151     0.012
 -1923.051     0.010
 -1922.951     0.011
 -1922.852     0.011
 -1922.752     0.015
 -1922.653     0.016
 -1922.553     0.017
 -1922.453     0.022
 -1922.354     0.026
 -1922.254     0.033
 -1922.155     0.034
 -1922.055     0.034
 -1921.955     0.034
 -1921.856     0.033
 -1921.756     0.032
 -1921.657     0.032
 -1921.557     0.029
 -1921.457     0.025
 -1921.358     0.019
 -1921.258     0.014
 -1921.159     0.013
 -1921.059     0.012
 -1920.959     0.010
 -1920.860     0.010
 -1920.760     0.009
 -1920.660     0.012
 -1920.561     0.014
 -1920.461     0.016
 -1920.362     0.018
 -1920.262     0.020
 -1920.162     0.025
 -1920.063     0.029
 -1919.963     0.032
 -1919.864     0.031
 -1919.764     0.032
 -1919.664     0.031
 -1919.565     0.030
 -1919.465     0.030
 -1919.365     0.030
 -1919.266     0.030
 -1919.166     0.027
 -1919.067     0.026
 -1918.967     0.022
 -1918.868     0.014
 -1918.768     0.010
 -1918.668     0.012
 -1918.569     0.012
 -1918.469     0.011
 -1918.369     0.011
 -1918.270     0.013
 -1918.170     0.014
 -1918.071     0.015
 -1917.971     0.013
 -1917.871     0.016
 -1917.772     0.016
 -1917.672     0.014
 -1917.573     0.015
 -1917.473     0.015
 -1917.373     0.016
 -1917.274     0.015
 -1917.174     0.014
 -1917.075     0.013
 -1916.975     0.010
 -1916.875     0.012
 -1916.776     0.011
 -1916.676     0.010
 -1916.576     0.013
 -1916.477     0.013
 -1916.377     0.012
 -1916.278     0.012
 -1916.178     0.012
 -1916.078     0.012
 -1915.979     0.012
 -1915.879     0.012
 -1915.780     0.013
 -1915.680     0.013
 -1915.580     0.012
 -1915.481     0.012
 -1915.381     0.013
 -1915.282     0.012
 -1915.182     0.012
 -1915.082     0.014
 -1914.983     0.014
 -1914.883     0.014
 -1914.784     0.014
 -1914.684     0.012
 -1914.584     0.012
 -1914.485     0.012
 -1914.385     0.013
 -1914.285     0.012
 -1914.186     0.013
 -1914.086     0.014
 -1913.987     0.013
 -1913.887     0.012
 -1913.787     0.013
 -1913.688     0.013
 -1913.588     0.014
 -1913.489     0.015
 -1913.389     0.017
 -1913.289     0.019
 -1913.190     0.020
 -1913.090     0.022
 -1912.990     0.028
 -1912.891     0.031
 -1912.791     0.033
 -1912.692     0.033
 -1912.592     0.033
 -1912.493     0.031
 -1912.393     0.030
 -1912.293     0.028
 -1912.194     0.019
 -1912.094     0.015
 -1911.994     0.012
 -1911.895     0.012
 -1911.795     0.013
 -1911.696     0.014
 -1911.596     0.013
 -1911.496     0.014
 -1911.397     0.011
 -1911.297     0.013
 -1911.198     0.013
 -1911.098     0.013
 -1910.998     0.012
 -1910.899     0.014
 -1910.799     0.013
 -1910.700     0.014
 -1910.600     0.014
 -1910.500     0.015
 -1910.401     0.013
 -1910.301     0.013
 -1910.201     0.015
 -1910.102     0.014
 -1910.002     0.016
 -1909.903     0.016
 -1909.803     0.016
 -1909.703     0.018
 -1909.604     0.017
 -1909.504     0.019
 -1909.405     0.019
 -1909.305     0.018
 -1909.205     0.016
 -1909.106     0.016
 -1909.006     0.014
 -1908.907     0.013
 -1908.807     0.013
 -1908.707     0.013
 -1908.608     0.013
 -1908.508     0.014
 -1908.409     0.014
 -1908.309     0.013
 -1908.209     0.014
 -1908.110     0.012
 -1908.010     0.015
 -1907.910     0.013
 -1907.811     0.014
 -1907.711     0.015
 -1907.612     0.014
 -1907.512     0.015
 -1907.412     0.012
 -1907.313     0.013
 -1907.213     0.012
 -1907.114     0.013
 -1907.014     0.015
 -1906.914     0.012
 -1906.815     0.012
 -1906.715     0.013
 -1906.615     0.013
 -1906.516     0.014
 -1906.416     0.014
 -1906.317     0.013
 -1906.217     0.013
 -1906.118     0.013
 -1906.018     0.013
 -1905.918     0.012
 -1905.819     0.012
 -1905.719     0.012
 -1905.619     0.014
 -1905.520     0.016
 -1905.420     0.020
 -1905.321     0.022
 -1905.221     0.031
 -1905.121     0.032
 -1905.022     0.033
 -1904.922     0.034
 -1904.823     0.034
 -1904.723     0.034
 -1904.623     0.035
 -1904.524     0.033
 -1904.424     0.032
 -1904.325     0.028
 -1904.225     0.023
 -1904.125     0.016
 -1904.026     0.011
 -1903.926     0.012
 -1903.826     0.011
 -1903.727     0.011
 -1903.627     0.011
 -1903.528     0.012
 -1903.428     0.015
 -1903.328     0.016
 -1903.229     0.018
 -1903.129     0.022
 -1903.030     0.028
 -1902.930     0.031
 -1902.830     0.033
 -1902.731     0.032
 -1902.631     0.033
 -1902.532     0.033
 -1902.432     0.032
 -1902.332     0.030
 -1902.233     0.026
 -1902.133     0.017
 -1902.034     0.013
 -1901.934     0.012
 -1901.834     0.011
 -1901.735     0.010
 -1901.635     0.011
 -1901.535     0.013
 -1901.436     0.014
 -1901.336     0.015
 -1901.237     0.013
 -1901.137     0.015
 -1901.037     0.014
 -1900.938     0.012
 -1900.838     0.012
 -1900.739     0.013
 -1900.639     0.013
 -1900.539     0.015
 -1900.440     0.016
 -1900.340     0.019
 -1900.240     0.022
 -1900.141     0.028
 -1900.041     0.030
 -1899.942     0.030
 -1899.842     0.030
 -1899.743     0.031
 -1899.643     0.032
 -1899.543     0.033
 -1899.444     0.033
 -1899.344     0.033
 -1899.244     0.032
 -1899.145     0.031
 -1899.045     0.029
 -1898.946     0.030
 -1898.846     0.026
 -1898.746     0.024
 -1898.647     0.015
 -1898.547     0.011
 -1898.448     0.012
 -1898.348     0.008
 -1898.248     0.011
 -1898.149     0.012
 -1898.049     0.012
 -1897.950     0.013
 -1897.850     0.013
 -1897.750     0.016
 -1897.651     0.017
 -1897.551     0.019
 -1897.451     0.021
 -1897.352     0.022
 -1897.252     0.028
 -1897.153     0.032
 -1897.053     0.033
 -1896.953     0.033
 -1896.854     0.032
 -1896.754     0.032
 -1896.655     0.033
 -1896.555     0.032
 -1896.455     0.031
 -1896.356     0.030
 -1896.256     0.029
 -1896.157     0.028
 -1896.057     0.026
 -1895.957     0.024
 -1895.858     0.017
 -1895.758     0.014
 -1895.659     0.012
 -1895.559     0.012
 -1895.459     0.011
 -1895.360     0.012
 -1895.260     0.011
 -1895.160     0.012
 -1895.061     0.013
 -1894.961     0.012
 -1894.862     0.014
 -1894.762     0.015
 -1894.662     0.016
 -1894.563     0.015
 -1894.463     0.016
 -1894.364     0.018
 -1894.264     0.017
 -1894.164     0.018
 -1894.065     0.016
 -1893.965     0.015
 -1893.865     0.013
 -1893.766     0.014
 -1893.666     0.013
 -1893.567     0.013
 -1893.467     0.013
 -1893.368     0.014
 -1893.268     0.015
 -1893.168     0.013
 -1893.069     0.011
 -1892.969     0.015
 -1892.869     0.016
 -1892.770     0.019
 -1892.670     0.021
 -1892.571     0.027
 -1892.471     0.033
 -1892.371     0.034
 -1892.272     0.035
 -1892.172     0.033
 -1892.073     0.033
 -1891.973     0.033
 -1891.873     0.030
 -1891.774     0.027
 -1891.674     0.018
 -1891.575     0.015
 -1891.475     0.012
 -1891.375     0.013
 -1891.276     0.012
 -1891.176     0.013
 -1891.076     0.014
 -1890.977     0.015
 -1890.877     0.015
 -1890.778     0.016
 -1890.678     0.017
 -1890.578     0.018
 -1890.479     0.017
 -1890.379     0.015
 -1890.280     0.014
 -1890.180     0.015
 -1890.080     0.014
 -1889.981     0.012
 -1889.881     0.015
 -1889.782     0.014
 -1889.682     0.015
 -1889.582     0.014
 -1889.483     0.015
 -1889.383     0.016
 -1889.284     0.016
 -1889.184     0.017
 -1889.084     0.018
 -1888.985     0.018
 -1888.885     0.019
 -1888.785     0.020
 -1888.686     0.021
 -1888.586     0.023
 -1888.487     0.025
 -1888.387     0.030
 -1888.287     0.034
 -1888.188     0.034
 -1888.088     0.035
 -1887.989     0.032
 -1887.889     0.031
 -1887.789     0.029
 -1887.690     0.023
 -1887.590     0.016
 -1887.490     0.014
 -1887.391     0.011
 -1887.291     0.012
 -1887.192     0.013
 -1887.092     0.014
 -1886.993     0.014
 -1886.893     0.012
 -1886.793     0.013
 -1886.694     0.014
 -1886.594     0.015
 -1886.494     0.015
 -1886.395     0.015
 -1886.295     0.018
 -1886.196     0.017
 -1886.096     0.018
 -1885.996     0.017
 -1885.897     0.017
 -1885.797     0.015
 -1885.698     0.015
 -1885.598     0.013
 -1885.498     0.012
 -1885.399     0.014
 -1885.299     0.012
 -1885.200     0.014
 -1885.100     0.014
 -1885.000     0.014
 -1884.901     0.015
 -1884.801     0.015
 -1884.701     0.014
 -1884.602     0.013
 -1884.502     0.015
 -1884.403     0.012
 -1884.303     0.014
 -1884.203     0.014
 -1884.104     0.014
 -1884.004     0.013
 -1883.905     0.014
 -1883.805     0.014
 -1883.705     0.015
 -1883.606     0.016
 -1883.506     0.019
 -1883.407     0.019
 -1883.307     0.021
 -1883.207     0.023
 -1883.108     0.030
 -1883.008     0.034
 -1882.909     0.034
 -1882.809     0.035
 -1882.709     0.033
 -1882.610     0.034
 -1882.510     0.033
 -1882.410     0.032
 -1882.311     0.032
 -1882.211     0.031
 -1882.112     0.026
 -1882.012     0.018
 -1881.912     0.014
 -1881.813     0.014
 -1881.713     0.012
 -1881.614     0.013
 -1881.514     0.013
 -1881.414     0.013
 -1881.315     0.015
 -1881.215     0.015
 -1881.115     0.013
 -1881.016     0.014
 -1880.916     0.013
 -1880.817     0.012
 -1880.717     0.013
 -1880.618     0.013
 -1880.518     0.016
 -1880.418     0.017
 -1880.319     0.019
 -1880.219     0.022
 -1880.119     0.028
 -1880.020     0.032
 -1879.920     0.033
 -1879.821     0.034
 -1879.721     0.033
 -1879.621     0.034
 -1879.522     0.035
 -1879.422     0.034
 -1879.323     0.034
 -1879.223     0.032
 -1879.123     0.032
 -1879.024     0.031
 -1878.924     0.030
 -1878.825     0.024
 -1878.725     0.016
 -1878.625     0.012
 -1878.526     0.011
 -1878.426     0.014
 -1878.326     0.014
 -1878.227     0.013
 -1878.127     0.014
 -1878.028     0.016
 -1877.928     0.016
 -1877.828     0.014
 -1877.729     0.013
 -1877.629     0.014
 -1877.530     0.015
 -1877.430     0.014
 -1877.330     0.014
 -1877.231     0.013
 -1877.131     0.013
 -1877.032     0.014
 -1876.932     0.014
 -1876.832     0.014
 -1876.733     0.013
 -1876.633     0.014
 -1876.534     0.013
 -1876.434     0.014
 -1876.334     0.014
 -1876.235     0.015
 -1876.135     0.015
 -1876.035     0.014
 -1875.936     0.015
 -1875.836     0.017
 -1875.737     0.017
 -1875.637     0.018
 -1875.537     0.018
 -1875.438     0.019
 -1875.338     0.021
 -1875.239     0.023
 -1875.139     0.024
 -1875.039     0.025
 -1874.940     0.031
 -1874.840     0.035
 -1874.740     0.036
 -1874.641     0.036
 -1874.541     0.035
 -1874.442     0.035
 -1874.342     0.035
 -1874.243     0.033
 -1874.143     0.030
 -1874.043     0.027
 -1873.944     0.019
 -1873.844     0.015
 -1873.744     0.013
 -1873.645     0.014
 -1873.545     0.015
 -1873.446     0.015
 -1873.346     0.015
 -1873.246     0.016
 -1873.147     0.016
 -1873.047     0.014
 -1872.948     0.012
 -1872.848     0.012
 -1872.748     0.012
 -1872.649     0.012
 -1872.549     0.012
 -1872.450     0.014
 -1872.350     0.014
 -1872.250     0.016
 -1872.151     0.017
 -1872.051     0.019
 -1871.951     0.018
 -1871.852     0.020
 -1871.752     0.018
 -1871.653     0.017
 -1871.553     0.014
 -1871.453     0.014
 -1871.354     0.013
 -1871.254     0.015
 -1871.155     0.013
 -1871.055     0.015
 -1870.955     0.015
 -1870.856     0.015
 -1870.756     0.015
 -1870.657     0.016
 -1870.557     0.017
 -1870.457     0.013
 -1870.358     0.014
 -1870.258     0.014
 -1870.159     0.013
 -1870.059     0.014
 -1869.959     0.016
 -1869.860     0.017
 -1869.760     0.016
 -1869.660     0.014
 -1869.561     0.014
 -1869.461     0.013
 -1869.362     0.014
 -1869.262     0.015
 -1869.162     0.015
 -1869.063     0.015
 -1868.963     0.014
 -1868.864     0.014
 -1868.764     0.014
 -1868.664     0.016
 -1868.565     0.017
 -1868.465     0.016
 -1868.365     0.017
 -1868.266     0.016
 -1868.166     0.016
 -1868.067     0.016
 -1867.967     0.016
 -1867.868     0.015
 -1867.768     0.015
 -1867.668     0.014
 -1867.569     0.015
 -1867.469     0.017
 -1867.369     0.019
 -1867.270     0.022
 -1867.170     0.024
 -1867.071     0.030
 -1866.971     0.033
 -1866.871     0.035
 -1866.772     0.034
 -1866.672     0.032
 -1866.573     0.032
 -1866.473     0.030
 -1866.373     0.026
 -1866.274     0.016
 -1866.174     0.015
 -1866.075     0.014
 -1865.975     0.014
 -1865.875     0.015
 -1865.776     0.016
 -1865.676     0.018
 -1865.576     0.019
 -1865.477     0.018
 -1865.377     0.017
 -1865.278     0.017
 -1865.178     0.016
 -1865.078     0.016
 -1864.979     0.013
 -1864.879     0.015
 -1864.780     0.014
 -1864.680     0.015
 -1864.580     0.013
 -1864.481     0.014
 -1864.381     0.015
 -1864.282     0.014
 -1864.182     0.013
 -1864.082     0.015
 -1863.983     0.014
 -1863.883     0.014
 -1863.784     0.013
 -1863.684     0.013
 -1863.584     0.016
 -1863.485     0.018
 -1863.385     0.020
 -1863.285     0.021
 -1863.186     0.027
 -1863.086     0.033
 -1862.987     0.034
 -1862.887     0.035
 -1862.787     0.035
 -1862.688     0.035
 -1862.588     0.034
 -1862.489     0.031
 -1862.389     0.029
 -1862.289     0.023
 -1862.190     0.015
 -1862.090     0.013
 -1861.990     0.013
 -1861.891     0.013
 -1861.791     0.013
 -1861.692     0.014
 -1861.592     0.017
 -1861.493     0.019
 -1861.393     0.020
 -1861.293     0.024
 -1861.194     0.030
 -1861.094     0.032
 -1860.994     0.033
 -1860.895     0.033
 -1860.795     0.034
 -1860.696     0.035
 -1860.596     0.035
 -1860.496     0.035
 -1860.397     0.035
 -1860.297     0.032
 -1860.198     0.030
 -1860.098     0.027
 -1859.998     0.019
 -1859.899     0.016
 -1859.799     0.014
 -1859.700     0.013
 -1859.600     0.014
 -1859.500     0.015
 -1859.401     0.014
 -1859.301     0.015
 -1859.201     0.015
 -1859.102     0.016
 -1859.002     0.015
 -1858.903     0.016
 -1858.803     0.016
 -1858.703     0.015
 -1858.604     0.014
 -1858.504     0.015
 -1858.405     0.015
 -1858.305     0.015
 -1858.205     0.016
 -1858.106     0.015
 -1858.006     0.015
 -1857.907     0.016
 -1857.807     0.015
 -1857.707     0.016
 -1857.608     0.016
 -1857.508     0.017
 -1857.409     0.017
 -1857.309     0.019
 -1857.209     0.019
 -1857.110     0.019
 -1857.010     0.016
 -1856.910     0.016
 -1856.811     0.017
 -1856.711     0.017
 -1856.612     0.016
 -1856.512     0.018
 -1856.412     0.017
 -1856.313     0.016
 -1856.213     0.016
 -1856.114     0.016
 -1856.014     0.016
 -1855.914     0.016
 -1855.815     0.017
 -1855.715     0.017
 -1855.615     0.019
 -1855.516     0.021
 -1855.416     0.023
 -1855.317     0.023
 -1855.217     0.026
 -1855.118     0.033
 -1855.018     0.036
 -1854.918     0.037
 -1854.819     0.036
 -1854.719     0.036
 -1854.619     0.034
 -1854.520     0.034
 -1854.420     0.032
 -1854.321     0.029
 -1854.221     0.020
 -1854.121     0.016
 -1854.022     0.014
 -1853.922     0.014
 -1853.823     0.014
 -1853.723     0.014
 -1853.623     0.015
 -1853.524     0.015
 -1853.424     0.015
 -1853.325     0.017
 -1853.225     0.017
 -1853.125     0.018
 -1853.026     0.018
 -1852.926     0.016
 -1852.826     0.016
 -1852.727     0.014
 -1852.627     0.017
 -1852.528     0.018
 -1852.428     0.018
 -1852.328     0.018
 -1852.229     0.019
 -1852.129     0.020
 -1852.030     0.021
 -1851.930     0.022
 -1851.830     0.024
 -1851.731     0.028
 -1851.631     0.033
 -1851.532     0.036
 -1851.432     0.036
 -1851.332     0.038
 -1851.233     0.037
 -1851.133     0.036
 -1851.034     0.034
 -1850.934     0.029
 -1850.834     0.021
 -1850.735     0.016
 -1850.635     0.014
 -1850.535     0.015
 -1850.436     0.015
 -1850.336     0.015
 -1850.237     0.015
 -1850.137     0.015
 -1850.037     0.017
 -1849.938     0.018
 -1849.838     0.018
 -1849.739     0.020
 -1849.639     0.019
 -1849.539     0.019
 -1849.440     0.017
 -1849.340     0.017
 -1849.240     0.016
 -1849.141     0.016
 -1849.041     0.017
 -1848.942     0.016
 -1848.842     0.015
 -1848.743     0.015
 -1848.643     0.016
 -1848.543     0.018
 -1848.444     0.020
 -1848.344     0.021
 -1848.244     0.023
 -1848.145     0.028
 -1848.045     0.034
 -1847.946     0.037
 -1847.846     0.037
 -1847.746     0.036
 -1847.647     0.036
 -1847.547     0.033
 -1847.448     0.030
 -1847.348     0.022
 -1847.248     0.018
 -1847.149     0.016
 -1847.049     0.014
 -1846.950     0.015
 -1846.850     0.015
 -1846.750     0.017
 -1846.651     0.015
 -1846.551     0.015
 -1846.451     0.014
 -1846.352     0.016
 -1846.252     0.018
 -1846.153     0.016
 -1846.053     0.016
 -1845.953     0.017
 -1845.854     0.015
 -1845.754     0.016
 -1845.655     0.017
 -1845.555     0.017
 -1845.455     0.016
 -1845.356     0.016
 -1845.256     0.018
 -1845.157     0.019
 -1845.057     0.021
 -1844.957     0.020
 -1844.858     0.020
 -1844.758     0.020
 -1844.659     0.020
 -1844.559     0.021
 -1844.459     0.019
 -1844.360     0.018
 -1844.260     0.017
 -1844.160     0.015
 -1844.061     0.015
 -1843.961     0.017
 -1843.862     0.017
 -1843.762     0.016
 -1843.662     0.015
 -1843.563     0.017
 -1843.463     0.018
 -1843.364     0.018
 -1843.264     0.020
 -1843.164     0.022
 -1843.065     0.025
 -1842.965     0.027
 -1842.865     0.035
 -1842.766     0.036
 -1842.666     0.036
 -1842.567     0.038
 -1842.467     0.036
 -1842.368     0.035
 -1842.268     0.033
 -1842.168     0.030
 -1842.069     0.025
 -1841.969     0.018
 -1841.869     0.016
 -1841.770     0.016
 -1841.670     0.016
 -1841.571     0.015
 -1841.471     0.015
 -1841.371     0.016
 -1841.272     0.015
 -1841.172     0.015
 -1841.073     0.016
 -1840.973     0.017
 -1840.873     0.017
 -1840.774     0.020
 -1840.674     0.021
 -1840.575     0.021
 -1840.475     0.021
 -1840.375     0.022
 -1840.276     0.024
 -1840.176     0.022
 -1840.076     0.023
 -1839.977     0.022
 -1839.877     0.022
 -1839.778     0.022
 -1839.678     0.024
 -1839.578     0.023
 -1839.479     0.023
 -1839.379     0.024
 -1839.280     0.023
 -1839.180     0.022
 -1839.080     0.023
 -1838.981     0.022
 -1838.881     0.022
 -1838.782     0.021
 -1838.682     0.020
 -1838.582     0.018
 -1838.483     0.017
 -1838.383     0.017
 -1838.284     0.015
 -1838.184     0.016
 -1838.084     0.016
 -1837.985     0.015
 -1837.885     0.017
 -1837.785     0.015
 -1837.686     0.016
 -1837.586     0.017
 -1837.487     0.016
 -1837.387     0.016
 -1837.287     0.017
 -1837.188     0.017
 -1837.088     0.018
 -1836.989     0.020
 -1836.889     0.021
 -1836.789     0.022
 -1836.690     0.024
 -1836.590     0.026
 -1836.490     0.032
 -1836.391     0.034
 -1836.291     0.035
 -1836.192     0.036
 -1836.092     0.036
 -1835.993     0.037
 -1835.893     0.036
 -1835.793     0.036
 -1835.694     0.036
 -1835.594     0.033
 -1835.494     0.034
 -1835.395     0.032
 -1835.295     0.029
 -1835.196     0.021
 -1835.096     0.016
 -1834.996     0.015
 -1834.897     0.015
 -1834.797     0.015
 -1834.698     0.015
 -1834.598     0.015
 -1834.498     0.016
 -1834.399     0.016
 -1834.299     0.018
 -1834.200     0.019
 -1834.100     0.018
 -1834.000     0.021
 -1833.901     0.019
 -1833.801     0.021
 -1833.701     0.023
 -1833.602     0.025
 -1833.502     0.024
 -1833.403     0.028
 -1833.303     0.031
 -1833.203     0.035
 -1833.104     0.037
 -1833.004     0.039
 -1832.905     0.036
 -1832.805     0.035
 -1832.705     0.032
 -1832.606     0.027
 -1832.506     0.020
 -1832.407     0.016
 -1832.307     0.014
 -1832.207     0.015
 -1832.108     0.018
 -1832.008     0.018
 -1831.909     0.019
 -1831.809     0.023
 -1831.709     0.027
 -1831.610     0.032
 -1831.510     0.037
 -1831.410     0.036
 -1831.311     0.037
 -1831.211     0.037
 -1831.112     0.035
 -1831.012     0.035
 -1830.912     0.033
 -1830.813     0.031
 -1830.713     0.026
 -1830.614     0.019
 -1830.514     0.015
 -1830.414     0.017
 -1830.315     0.015
 -1830.215     0.015
 -1830.115     0.017
 -1830.016     0.017
 -1829.916     0.016
 -1829.817     0.015
 -1829.717     0.017
 -1829.618     0.019
 -1829.518     0.021
 -1829.418     0.022
 -1829.319     0.025
 -1829.219     0.027
 -1829.119     0.030
 -1829.020     0.035
 -1828.920     0.036
 -1828.821     0.038
 -1828.721     0.036
 -1828.621     0.036
 -1828.522     0.036
 -1828.422     0.037
 -1828.323     0.035
 -1828.223     0.033
 -1828.123     0.029
 -1828.024     0.022
 -1827.924     0.017
 -1827.825     0.017
 -1827.725     0.017
 -1827.625     0.018
 -1827.526     0.018
 -1827.426     0.018
 -1827.326     0.017
 -1827.227     0.017
 -1827.127     0.018
 -1827.028     0.018
 -1826.928     0.018
 -1826.828     0.017
 -1826.729     0.016
 -1826.629     0.017
 -1826.530     0.017
 -1826.430     0.017
 -1826.330     0.018
 -1826.231     0.019
 -1826.131     0.018
 -1826.032     0.019
 -1825.932     0.020
 -1825.832     0.019
 -1825.733     0.019
 -1825.633     0.018
 -1825.534     0.019
 -1825.434     0.019
 -1825.334     0.019
 -1825.235     0.018
 -1825.135     0.018
 -1825.035     0.016
 -1824.936     0.019
 -1824.836     0.017
 -1824.737     0.019
 -1824.637     0.019
 -1824.537     0.018
 -1824.438     0.019
 -1824.338     0.018
 -1824.239     0.018
 -1824.139     0.018
 -1824.039     0.017
 -1823.940     0.016
 -1823.840     0.017
 -1823.740     0.019
 -1823.641     0.018
 -1823.541     0.021
 -1823.442     0.020
 -1823.342     0.022
 -1823.243     0.023
 -1823.143     0.023
 -1823.043     0.023
 -1822.944     0.023
 -1822.844     0.022
 -1822.744     0.022
 -1822.645     0.021
 -1822.545     0.021
 -1822.446     0.021
 -1822.346     0.019
 -1822.246     0.018
 -1822.147     0.018
 -1822.047     0.017
 -1821.948     0.015
 -1821.848     0.017
 -1821.748     0.020
 -1821.649     0.021
 -1821.549     0.022
 -1821.450     0.023
 -1821.350     0.027
 -1821.250     0.031
 -1821.151     0.034
 -1821.051     0.036
 -1820.951     0.037
 -1820.852     0.037
 -1820.752     0.036
 -1820.653     0.037
 -1820.553     0.034
 -1820.453     0.032
 -1820.354     0.029
 -1820.254     0.024
 -1820.155     0.019
 -1820.055     0.017
 -1819.955     0.015
 -1819.856     0.016
 -1819.756     0.017
 -1819.657     0.017
 -1819.557     0.018
 -1819.457     0.017
 -1819.358     0.016
 -1819.258     0.017
 -1819.159     0.015
 -1819.059     0.016
 -1818.959     0.017
 -1818.860     0.018
 -1818.760     0.017
 -1818.660     0.017
 -1818.561     0.018
 -1818.461     0.020
 -1818.362     0.017
 -1818.262     0.017
 -1818.162     0.018
 -1818.063     0.017
 -1817.963     0.017
 -1817.864     0.019
 -1817.764     0.017
 -1817.664     0.018
 -1817.565     0.016
 -1817.465     0.017
 -1817.365     0.018
 -1817.266     0.018
 -1817.166     0.018
 -1817.067     0.018
 -1816.967     0.018
 -1816.868     0.019
 -1816.768     0.020
 -1816.668     0.020
 -1816.569     0.022
 -1816.469     0.021
 -1816.369     0.022
 -1816.270     0.022
 -1816.170     0.022
 -1816.071     0.023
 -1815.971     0.024
 -1815.871     0.025
 -1815.772     0.025
 -1815.672     0.027
 -1815.573     0.025
 -1815.473     0.024
 -1815.373     0.024
 -1815.274     0.021
 -1815.174     0.021
 -1815.075     0.019
 -1814.975     0.019
 -1814.875     0.018
 -1814.776     0.019
 -1814.676     0.020
 -1814.576     0.018
 -1814.477     0.019
 -1814.377     0.019
 -1814.278     0.017
 -1814.178     0.016
 -1814.078     0.017
 -1813.979     0.017
 -1813.879     0.017
 -1813.780     0.017
 -1813.680     0.017
 -1813.580     0.019
 -1813.481     0.019
 -1813.381     0.020
 -1813.282     0.022
 -1813.182     0.024
 -1813.082     0.025
 -1812.983     0.028
 -1812.883     0.033
 -1812.784     0.037
 -1812.684     0.036
 -1812.584     0.036
 -1812.485     0.037
 -1812.385     0.035
 -1812.285     0.037
 -1812.186     0.035
 -1812.086     0.035
 -1811.987     0.036
 -1811.887     0.033
 -1811.787     0.032
 -1811.688     0.029
 -1811.588     0.022
 -1811.489     0.017
 -1811.389     0.017
 -1811.289     0.015
 -1811.190     0.015
 -1811.090     0.017
 -1810.990     0.016
 -1810.891     0.018
 -1810.791     0.018
 -1810.692     0.019
 -1810.592     0.020
 -1810.493     0.022
 -1810.393     0.022
 -1810.293     0.020
 -1810.194     0.022
 -1810.094     0.021
 -1809.994     0.021
 -1809.895     0.019
 -1809.795     0.018
 -1809.696     0.018
 -1809.596     0.017
 -1809.496     0.017
 -1809.397     0.017
 -1809.297     0.018
 -1809.198     0.019
 -1809.098     0.018
 -1808.998     0.019
 -1808.899     0.019
 -1808.799     0.019
 -1808.700     0.018
 -1808.600     0.018
 -1808.500     0.019
 -1808.401     0.018
 -1808.301     0.017
 -1808.201     0.018
 -1808.102     0.018
 -1808.002     0.018
 -1807.903     0.018
 -1807.803     0.018
 -1807.703     0.019
 -1807.604     0.018
 -1807.504     0.021
 -1807.405     0.020
 -1807.305     0.020
 -1807.205     0.020
 -1807.106     0.019
 -1807.006     0.019
 -1806.907     0.019
 -1806.807     0.019
 -1806.707     0.017
 -1806.608     0.018
 -1806.508     0.018
 -1806.409     0.018
 -1806.309     0.019
 -1806.209     0.021
 -1806.110     0.021
 -1806.010     0.021
 -1805.910     0.022
 -1805.811     0.023
 -1805.711     0.026
 -1805.612     0.026
 -1805.512     0.027
 -1805.412     0.027
 -1805.313     0.027
 -1805.213     0.028
 -1805.114     0.032
 -1805.014     0.035
 -1804.914     0.036
 -1804.815     0.036
 -1804.715     0.036
 -1804.615     0.038
 -1804.516     0.037
 -1804.416     0.034
 -1804.317     0.034
 -1804.217     0.029
 -1804.118     0.021
 -1804.018     0.016
 -1803.918     0.016
 -1803.819     0.016
 -1803.719     0.016
 -1803.619     0.019
 -1803.520     0.019
 -1803.420     0.020
 -1803.321     0.022
 -1803.221     0.023
 -1803.121     0.023
 -1803.022     0.025
 -1802.922     0.029
 -1802.823     0.035
 -1802.723     0.036
 -1802.623     0.036
 -1802.524     0.037
 -1802.424     0.037
 -1802.325     0.035
 -1802.225     0.031
 -1802.125     0.028
 -1802.026     0.019
 -1801.926     0.018
 -1801.826     0.015
 -1801.727     0.017
 -1801.627     0.016
 -1801.528     0.017
 -1801.428     0.015
 -1801.328     0.017
 -1801.229     0.017
 -1801.129     0.019
 -1801.030     0.022
 -1800.930     0.023
 -1800.830     0.026
 -1800.731     0.032
 -1800.631     0.036
 -1800.532     0.038
 -1800.432     0.038
 -1800.332     0.038
 -1800.233     0.039
 -1800.133     0.037
 -1800.034     0.036
 -1799.934     0.035
 -1799.834     0.032
 -1799.735     0.026
 -1799.635     0.020
 -1799.535     0.016
 -1799.436     0.018
 -1799.336     0.017
 -1799.237     0.017
 -1799.137     0.018
 -1799.037     0.017
 -1798.938     0.019
 -1798.838     0.019
 -1798.739     0.019
 -1798.639     0.019
 -1798.539     0.019
 -1798.440     0.019
 -1798.340     0.018
 -1798.240     0.019
 -1798.141     0.021
 -1798.041     0.021
 -1797.942     0.019
 -1797.842     0.021
 -1797.743     0.021
 -1797.643     0.020
 -1797.543     0.019
 -1797.444     0.020
 -1797.344     0.019
 -1797.244     0.019
 -1797.145     0.020
 -1797.045     0.019
 -1796.946     0.020
 -1796.846     0.020
 -1796.746     0.020
 -1796.647     0.021
 -1796.547     0.021
 -1796.448     0.021
 -1796.348     0.021
 -1796.248     0.021
 -1796.149     0.021
 -1796.049     0.020
 -1795.950     0.019
 -1795.850     0.018
 -1795.750     0.019
 -1795.651     0.021
 -1795.551     0.021
 -1795.451     0.019
 -1795.352     0.020
 -1795.252     0.021
 -1795.153     0.020
 -1795.053     0.021
 -1794.953     0.019
 -1794.854     0.018
 -1794.754     0.018
 -1794.655     0.020
 -1794.555     0.020
 -1794.455     0.019
 -1794.356     0.019
 -1794.256     0.020
 -1794.157     0.020
 -1794.057     0.020
 -1793.957     0.020
 -1793.858     0.022
 -1793.758     0.021
 -1793.659     0.020
 -1793.559     0.021
 -1793.459     0.021
 -1793.360     0.019
 -1793.260     0.019
 -1793.160     0.019
 -1793.061     0.021
 -1792.961     0.018
 -1792.862     0.019
 -1792.762     0.018
 -1792.662     0.020
 -1792.563     0.021
 -1792.463     0.021
 -1792.364     0.021
 -1792.264     0.021
 -1792.164     0.022
 -1792.065     0.021
 -1791.965     0.022
 -1791.865     0.022
 -1791.766     0.022
 -1791.666     0.020
 -1791.567     0.018
 -1791.467     0.019
 -1791.368     0.021
 -1791.268     0.020
 -1791.168     0.024
 -1791.069     0.026
 -1790.969     0.030
 -1790.869     0.036
 -1790.770     0.038
 -1790.670     0.037
 -1790.571     0.037
 -1790.471     0.037
 -1790.371     0.038
 -1790.272     0.038
 -1790.172     0.037
 -1790.073     0.036
 -1789.973     0.035
 -1789.873     0.033
 -1789.774     0.028
 -1789.674     0.021
 -1789.575     0.017
 -1789.475     0.018
 -1789.375     0.017
 -1789.276     0.018
 -1789.176     0.018
 -1789.076     0.019
 -1788.977     0.019
 -1788.877     0.019
 -1788.778     0.020
 -1788.678     0.018
 -1788.578     0.019
 -1788.479     0.018
 -1788.379     0.020
 -1788.280     0.020
 -1788.180     0.019
 -1788.080     0.019
 -1787.981     0.020
 -1787.881     0.021
 -1787.782     0.021
 -1787.682     0.023
 -1787.582     0.024
 -1787.483     0.023
 -1787.383     0.023
 -1787.284     0.022
 -1787.184     0.022
 -1787.084     0.024
 -1786.985     0.023
 -1786.885     0.023
 -1786.785     0.024
 -1786.686     0.022
 -1786.586     0.020
 -1786.487     0.019
 -1786.387     0.018
 -1786.287     0.018
 -1786.188     0.019
 -1786.088     0.020
 -1785.989     0.022
 -1785.889     0.022
 -1785.789     0.023
 -1785.690     0.024
 -1785.590     0.027
 -1785.490     0.029
 -1785.391     0.034
 -1785.291     0.036
 -1785.192     0.038
 -1785.092     0.036
 -1784.993     0.036
 -1784.893     0.035
 -1784.793     0.034
 -1784.694     0.034
 -1784.594     0.031
 -1784.494     0.027
 -1784.395     0.021
 -1784.295     0.019
 -1784.196     0.017
 -1784.096     0.016
 -1783.996     0.018
 -1783.897     0.018
 -1783.797     0.019
 -1783.698     0.018
 -1783.598     0.017
 -1783.498     0.017
 -1783.399     0.018
 -1783.299     0.018
 -1783.200     0.019
 -1783.100     0.019
 -1783.000     0.021
 -1782.901     0.021
 -1782.801     0.022
 -1782.701     0.020
 -1782.602     0.020
 -1782.502     0.021
 -1782.403     0.023
 -1782.303     0.023
 -1782.203     0.025
 -1782.104     0.025
 -1782.004     0.028
 -1781.905     0.030
 -1781.805     0.036
 -1781.705     0.037
 -1781.606     0.037
 -1781.506     0.038
 -1781.407     0.039
 -1781.307     0.039
 -1781.207     0.041
 -1781.108     0.037
 -1781.008     0.037
 -1780.909     0.035
 -1780.809     0.030
 -1780.709     0.022
 -1780.610     0.020
 -1780.510     0.017
 -1780.410     0.018
 -1780.311     0.018
 -1780.211     0.019
 -1780.112     0.019
 -1780.012     0.019
 -1779.912     0.019
 -1779.813     0.021
 -1779.713     0.023
 -1779.614     0.025
 -1779.514     0.028
 -1779.414     0.033
 -1779.315     0.039
 -1779.215     0.040
 -1779.115     0.041
 -1779.016     0.040
 -1778.916     0.039
 -1778.817     0.038
 -1778.717     0.038
 -1778.618     0.036
 -1778.518     0.034
 -1778.418     0.030
 -1778.319     0.022
 -1778.219     0.019
 -1778.119     0.018
 -1778.020     0.018
 -1777.920     0.019
 -1777.821     0.018
 -1777.721     0.018
 -1777.621     0.018
 -1777.522     0.018
 -1777.422     0.017
 -1777.323     0.020
 -1777.223     0.021
 -1777.123     0.023
 -1777.024     0.023
 -1776.924     0.025
 -1776.825     0.026
 -1776.725     0.027
 -1776.625     0.031
 -1776.526     0.035
 -1776.426     0.040
 -1776.326     0.039
 -1776.227     0.037
 -1776.127     0.039
 -1776.028     0.037
 -1775.928     0.035
 -1775.828     0.033
 -1775.729     0.030
 -1775.629     0.024
 -1775.530     0.020
 -1775.430     0.019
 -1775.330     0.018
 -1775.231     0.019
 -1775.131     0.018
 -1775.032     0.019
 -1774.932     0.022
 -1774.832     0.024
 -1774.733     0.026
 -1774.633     0.029
 -1774.534     0.032
 -1774.434     0.037
 -1774.334     0.038
 -1774.235     0.040
 -1774.135     0.039
 -1774.035     0.039
 -1773.936     0.037
 -1773.836     0.036
 -1773.737     0.032
 -1773.637     0.027
 -1773.537     0.020
 -1773.438     0.018
 -1773.338     0.017
 -1773.239     0.017
 -1773.139     0.019
 -1773.039     0.021
 -1772.940     0.022
 -1772.840     0.022
 -1772.740     0.021
 -1772.641     0.023
 -1772.541     0.022
 -1772.442     0.022
 -1772.342     0.024
 -1772.243     0.023
 -1772.143     0.022
 -1772.043     0.020
 -1771.944     0.019
 -1771.844     0.018
 -1771.744     0.019
 -1771.645     0.019
 -1771.545     0.018
 -1771.446     0.019
 -1771.346     0.020
 -1771.246     0.020
 -1771.147     0.024
 -1771.047     0.026
 -1770.948     0.031
 -1770.848     0.037
 -1770.748     0.041
 -1770.649     0.043
 -1770.549     0.043
 -1770.450     0.041
 -1770.350     0.040
 -1770.250     0.039
 -1770.151     0.037
 -1770.051     0.033
 -1769.951     0.025
 -1769.852     0.020
 -1769.752     0.019
 -1769.653     0.020
 -1769.553     0.019
 -1769.453     0.021
 -1769.354     0.020
 -1769.254     0.020
 -1769.155     0.020
 -1769.055     0.019
 -1768.955     0.020
 -1768.856     0.020
 -1768.756     0.019
 -1768.657     0.019
 -1768.557     0.020
 -1768.457     0.021
 -1768.358     0.021
 -1768.258     0.023
 -1768.159     0.020
 -1768.059     0.020
 -1767.959     0.019
 -1767.860     0.019
 -1767.760     0.020
 -1767.660     0.022
 -1767.561     0.024
 -1767.461     0.028
 -1767.362     0.031
 -1767.262     0.038
 -1767.162     0.040
 -1767.063     0.042
 -1766.963     0.041
 -1766.864     0.041
 -1766.764     0.040
 -1766.664     0.040
 -1766.565     0.039
 -1766.465     0.039
 -1766.365     0.036
 -1766.266     0.032
 -1766.166     0.025
 -1766.067     0.022
 -1765.967     0.019
 -1765.868     0.021
 -1765.768     0.020
 -1765.668     0.019
 -1765.569     0.019
 -1765.469     0.018
 -1765.369     0.020
 -1765.270     0.024
 -1765.170     0.026
 -1765.071     0.028
 -1764.971     0.033
 -1764.871     0.039
 -1764.772     0.043
 -1764.672     0.041
 -1764.573     0.042
 -1764.473     0.041
 -1764.373     0.041
 -1764.274     0.040
 -1764.174     0.035
 -1764.075     0.032
 -1763.975     0.023
 -1763.875     0.021
 -1763.776     0.020
 -1763.676     0.018
 -1763.576     0.020
 -1763.477     0.021
 -1763.377     0.020
 -1763.278     0.021
 -1763.178     0.020
 -1763.078     0.021
 -1762.979     0.020
 -1762.879     0.020
 -1762.780     0.021
 -1762.680     0.022
 -1762.580     0.023
 -1762.481     0.022
 -1762.381     0.022
 -1762.282     0.022
 -1762.182     0.021
 -1762.082     0.019
 -1761.983     0.022
 -1761.883     0.021
 -1761.784     0.021
 -1761.684     0.021
 -1761.584     0.021
 -1761.485     0.019
 -1761.385     0.021
 -1761.285     0.022
 -1761.186     0.022
 -1761.086     0.024
 -1760.987     0.023
 -1760.887     0.024
 -1760.787     0.025
 -1760.688     0.025
 -1760.588     0.025
 -1760.489     0.024
 -1760.389     0.024
 -1760.289     0.023
 -1760.190     0.023
 -1760.090     0.022
 -1759.990     0.021
 -1759.891     0.021
 -1759.791     0.021
 -1759.692     0.021
 -1759.592     0.020
 -1759.493     0.020
 -1759.393     0.021
 -1759.293     0.021
 -1759.194     0.024
 -1759.094     0.023
 -1758.994     0.023
 -1758.895     0.022
 -1758.795     0.022
 -1758.696     0.021
 -1758.596     0.021
 -1758.496     0.019
 -1758.397     0.021
 -1758.297     0.021
 -1758.198     0.022
 -1758.098     0.025
 -1757.998     0.025
 -1757.899     0.026
 -1757.799     0.028
 -1757.700     0.033
 -1757.600     0.038
 -1757.500     0.040
 -1757.401     0.042
 -1757.301     0.040
 -1757.201     0.040
 -1757.102     0.039
 -1757.002     0.039
 -1756.903     0.037
 -1756.803     0.035
 -1756.703     0.030
 -1756.604     0.023
 -1756.504     0.020
 -1756.405     0.021
 -1756.305     0.019
 -1756.205     0.019
 -1756.106     0.019
 -1756.006     0.023
 -1755.907     0.023
 -1755.807     0.024
 -1755.707     0.026
 -1755.608     0.028
 -1755.508     0.031
 -1755.409     0.037
 -1755.309     0.039
 -1755.209     0.039
 -1755.110     0.042
 -1755.010     0.043
 -1754.910     0.040
 -1754.811     0.038
 -1754.711     0.037
 -1754.612     0.031
 -1754.512     0.025
 -1754.412     0.020
 -1754.313     0.018
 -1754.213     0.018
 -1754.114     0.019
 -1754.014     0.018
 -1753.914     0.020
 -1753.815     0.022
 -1753.715     0.023
 -1753.615     0.024
 -1753.516     0.028
 -1753.416     0.029
 -1753.317     0.038
 -1753.217     0.040
 -1753.118     0.043
 -1753.018     0.043
 -1752.918     0.043
 -1752.819     0.041
 -1752.719     0.042
 -1752.619     0.040
 -1752.520     0.041
 -1752.420     0.037
 -1752.321     0.033
 -1752.221     0.024
 -1752.121     0.022
 -1752.022     0.021
 -1751.922     0.020
 -1751.823     0.020
 -1751.723     0.019
 -1751.623     0.021
 -1751.524     0.021
 -1751.424     0.021
 -1751.325     0.021
 -1751.225     0.020
 -1751.125     0.020
 -1751.026     0.022
 -1750.926     0.023
 -1750.826     0.025
 -1750.727     0.027
 -1750.627     0.028
 -1750.528     0.034
 -1750.428     0.041
 -1750.328     0.043
 -1750.229     0.043
 -1750.129     0.043
 -1750.030     0.043
 -1749.930     0.043
 -1749.830     0.041
 -1749.731     0.038
 -1749.631     0.037
 -1749.532     0.032
 -1749.432     0.025
 -1749.332     0.022
 -1749.233     0.020
 -1749.133     0.021
 -1749.034     0.022
 -1748.934     0.024
 -1748.834     0.025
 -1748.735     0.024
 -1748.635     0.023
 -1748.535     0.023
 -1748.436     0.023
 -1748.336     0.023
 -1748.237     0.023
 -1748.137     0.023
 -1748.037     0.022
 -1747.938     0.022
 -1747.838     0.024
 -1747.739     0.022
 -1747.639     0.022
 -1747.539     0.022
 -1747.440     0.021
 -1747.340     0.022
 -1747.240     0.022
 -1747.141     0.023
 -1747.041     0.023
 -1746.942     0.023
 -1746.842     0.022
 -1746.743     0.023
 -1746.643     0.023
 -1746.543     0.020
 -1746.444     0.024
 -1746.344     0.023
 -1746.244     0.023
 -1746.145     0.022
 -1746.045     0.023
 -1745.946     0.022
 -1745.846     0.025
 -1745.746     0.024
 -1745.647     0.026
 -1745.547     0.026
 -1745.448     0.027
 -1745.348     0.029
 -1745.248     0.029
 -1745.149     0.028
 -1745.049     0.031
 -1744.950     0.029
 -1744.850     0.030
 -1744.750     0.030
 -1744.651     0.030
 -1744.551     0.029
 -1744.451     0.028
 -1744.352     0.028
 -1744.252     0.026
 -1744.153     0.025
 -1744.053     0.023
 -1743.953     0.021
 -1743.854     0.022
 -1743.754     0.022
 -1743.655     0.024
 -1743.555     0.026
 -1743.455     0.025
 -1743.356     0.025
 -1743.256     0.025
 -1743.157     0.023
 -1743.057     0.023
 -1742.957     0.022
 -1742.858     0.022
 -1742.758     0.022
 -1742.659     0.023
 -1742.559     0.022
 -1742.459     0.022
 -1742.360     0.023
 -1742.260     0.024
 -1742.160     0.024
 -1742.061     0.025
 -1741.961     0.027
 -1741.862     0.026
 -1741.762     0.028
 -1741.662     0.025
 -1741.563     0.023
 -1741.463     0.024
 -1741.364     0.023
 -1741.264     0.022
 -1741.164     0.022
 -1741.065     0.023
 -1740.965     0.021
 -1740.865     0.021
 -1740.766     0.022
 -1740.666     0.021
 -1740.567     0.021
 -1740.467     0.023
 -1740.368     0.024
 -1740.268     0.023
 -1740.168     0.023
 -1740.069     0.022
 -1739.969     0.019
 -1739.869     0.022
 -1739.770     0.022
 -1739.670     0.023
 -1739.571     0.026
 -1739.471     0.026
 -1739.371     0.029
 -1739.272     0.030
 -1739.172     0.037
 -1739.073     0.041
 -1738.973     0.041
 -1738.873     0.041
 -1738.774     0.041
 -1738.674     0.042
 -1738.575     0.040
 -1738.475     0.039
 -1738.375     0.038
 -1738.276     0.034
 -1738.176     0.030
 -1738.076     0.023
 -1737.977     0.021
 -1737.877     0.022
 -1737.778     0.019
 -1737.678     0.019
 -1737.578     0.020
 -1737.479     0.019
 -1737.379     0.021
 -1737.280     0.021
 -1737.180     0.024
 -1737.080     0.024
 -1736.981     0.027
 -1736.881     0.026
 -1736.782     0.028
 -1736.682     0.027
 -1736.582     0.026
 -1736.483     0.026
 -1736.383     0.025
 -1736.284     0.023
 -1736.184     0.023
 -1736.084     0.023
 -1735.985     0.022
 -1735.885     0.023
 -1735.785     0.022
 -1735.686     0.023
 -1735.586     0.022
 -1735.487     0.021
 -1735.387     0.023
 -1735.287     0.022
 -1735.188     0.022
 -1735.088     0.022
 -1734.989     0.022
 -1734.889     0.023
 -1734.789     0.023
 -1734.690     0.025
 -1734.590     0.024
 -1734.490     0.024
 -1734.391     0.024
 -1734.291     0.024
 -1734.192     0.024
 -1734.092     0.023
 -1733.993     0.023
 -1733.893     0.023
 -1733.793     0.024
 -1733.694     0.023
 -1733.594     0.023
 -1733.494     0.023
 -1733.395     0.025
 -1733.295     0.023
 -1733.196     0.024
 -1733.096     0.024
 -1732.996     0.023
 -1732.897     0.023
 -1732.797     0.023
 -1732.698     0.025
 -1732.598     0.027
 -1732.498     0.029
 -1732.399     0.031
 -1732.299     0.038
 -1732.200     0.042
 -1732.100     0.044
 -1732.000     0.043
 -1731.901     0.043
 -1731.801     0.043
 -1731.701     0.042
 -1731.602     0.042
 -1731.502     0.043
 -1731.403     0.039
 -1731.303     0.037
 -1731.203     0.035
 -1731.104     0.027
 -1731.004     0.025
 -1730.905     0.022
 -1730.805     0.023
 -1730.705     0.022
 -1730.606     0.023
 -1730.506     0.021
 -1730.407     0.022
 -1730.307     0.022
 -1730.207     0.022
 -1730.108     0.022
 -1730.008     0.025
 -1729.909     0.024
 -1729.809     0.025
 -1729.709     0.024
 -1729.610     0.024
 -1729.510     0.025
 -1729.410     0.022
 -1729.311     0.022
 -1729.211     0.022
 -1729.112     0.022
 -1729.012     0.024
 -1728.912     0.025
 -1728.813     0.026
 -1728.713     0.027
 -1728.614     0.026
 -1728.514     0.028
 -1728.414     0.028
 -1728.315     0.032
 -1728.215     0.038
 -1728.115     0.042
 -1728.016     0.043
 -1727.916     0.044
 -1727.817     0.042
 -1727.717     0.042
 -1727.618     0.041
 -1727.518     0.037
 -1727.418     0.031
 -1727.319     0.024
 -1727.219     0.023
 -1727.119     0.022
 -1727.020     0.022
 -1726.920     0.021
 -1726.821     0.023
 -1726.721     0.023
 -1726.621     0.022
 -1726.522     0.021
 -1726.422     0.023
 -1726.323     0.024
 -1726.223     0.026
 -1726.123     0.028
 -1726.024     0.028
 -1725.924     0.028
 -1725.825     0.029
 -1725.725     0.031
 -1725.625     0.033
 -1725.526     0.038
 -1725.426     0.040
 -1725.326     0.041
 -1725.227     0.043
 -1725.127     0.042
 -1725.028     0.041
 -1724.928     0.041
 -1724.828     0.039
 -1724.729     0.036
 -1724.629     0.028
 -1724.530     0.025
 -1724.430     0.023
 -1724.330     0.022
 -1724.231     0.023
 -1724.131     0.022
 -1724.032     0.022
 -1723.932     0.021
 -1723.832     0.022
 -1723.733     0.023
 -1723.633     0.023
 -1723.534     0.022
 -1723.434     0.022
 -1723.334     0.023
 -1723.235     0.023
 -1723.135     0.024
 -1723.035     0.025
 -1722.936     0.024
 -1722.836     0.025
 -1722.737     0.024
 -1722.637     0.024
 -1722.537     0.024
 -1722.438     0.023
 -1722.338     0.024
 -1722.239     0.022
 -1722.139     0.023
 -1722.039     0.023
 -1721.940     0.024
 -1721.840     0.023
 -1721.740     0.024
 -1721.641     0.024
 -1721.541     0.026
 -1721.442     0.029
 -1721.342     0.031
 -1721.243     0.036
 -1721.143     0.041
 -1721.043     0.043
 -1720.944     0.045
 -1720.844     0.044
 -1720.744     0.045
 -1720.645     0.045
 -1720.545     0.044
 -1720.446     0.043
 -1720.346     0.039
 -1720.246     0.035
 -1720.147     0.028
 -1720.047     0.024
 -1719.948     0.024
 -1719.848     0.024
 -1719.748     0.024
 -1719.649     0.024
 -1719.549     0.023
 -1719.450     0.022
 -1719.350     0.026
 -1719.250     0.025
 -1719.151     0.027
 -1719.051     0.029
 -1718.951     0.029
 -1718.852     0.031
 -1718.752     0.034
 -1718.653     0.040
 -1718.553     0.042
 -1718.453     0.043
 -1718.354     0.044
 -1718.254     0.043
 -1718.155     0.043
 -1718.055     0.041
 -1717.955     0.042
 -1717.856     0.039
 -1717.756     0.039
 -1717.657     0.035
 -1717.557     0.029
 -1717.457     0.024
 -1717.358     0.023
 -1717.258     0.022
 -1717.159     0.024
 -1717.059     0.023
 -1716.959     0.022
 -1716.860     0.023
 -1716.760     0.024
 -1716.660     0.024
 -1716.561     0.025
 -1716.461     0.025
 -1716.362     0.026
 -1716.262     0.027
 -1716.162     0.028
 -1716.063     0.026
 -1715.963     0.024
 -1715.864     0.025
 -1715.764     0.023
 -1715.664     0.022
 -1715.565     0.025
 -1715.465     0.023
 -1715.365     0.025
 -1715.266     0.026
 -1715.166     0.022
 -1715.067     0.025
 -1714.967     0.024
 -1714.868     0.024
 -1714.768     0.023
 -1714.668     0.024
 -1714.569     0.023
 -1714.469     0.025
 -1714.369     0.029
 -1714.270     0.030
 -1714.170     0.029
 -1714.071     0.032
 -1713.971     0.032
 -1713.871     0.036
 -1713.772     0.042
 -1713.672     0.044
 -1713.573     0.045
 -1713.473     0.045
 -1713.373     0.043
 -1713.274     0.041
 -1713.174     0.038
 -1713.075     0.035
 -1712.975     0.027
 -1712.875     0.023
 -1712.776     0.022
 -1712.676     0.022
 -1712.576     0.021
 -1712.477     0.021
 -1712.377     0.023
 -1712.278     0.023
 -1712.178     0.026
 -1712.078     0.027
 -1711.979     0.028
 -1711.879     0.029
 -1711.780     0.032
 -1711.680     0.036
 -1711.580     0.042
 -1711.481     0.043
 -1711.381     0.044
 -1711.282     0.042
 -1711.182     0.044
 -1711.082     0.042
 -1710.983     0.043
 -1710.883     0.042
 -1710.784     0.041
 -1710.684     0.038
 -1710.584     0.037
 -1710.485     0.028
 -1710.385     0.025
 -1710.285     0.024
 -1710.186     0.023
 -1710.086     0.023
 -1709.987     0.023
 -1709.887     0.023
 -1709.787     0.024
 -1709.688     0.022
 -1709.588     0.023
 -1709.489     0.023
 -1709.389     0.024
 -1709.289     0.023
 -1709.190     0.024
 -1709.090     0.024
 -1708.990     0.024
 -1708.891     0.026
 -1708.791     0.026
 -1708.692     0.025
 -1708.592     0.026
 -1708.493     0.024
 -1708.393     0.023
 -1708.293     0.024
 -1708.194     0.027
 -1708.094     0.024
 -1707.994     0.026
 -1707.895     0.025
 -1707.795     0.025
 -1707.696     0.027
 -1707.596     0.025
 -1707.496     0.024
 -1707.397     0.026
 -1707.297     0.024
 -1707.198     0.025
 -1707.098     0.025
 -1706.998     0.027
 -1706.899     0.028
 -1706.799     0.028
 -1706.700     0.028
 -1706.600     0.028
 -1706.500     0.029
 -1706.401     0.029
 -1706.301     0.029
 -1706.201     0.029
 -1706.102     0.031
 -1706.002     0.031
 -1705.903     0.028
 -1705.803     0.028
 -1705.703     0.027
 -1705.604     0.027
 -1705.504     0.026
 -1705.405     0.026
 -1705.305     0.024
 -1705.205     0.026
 -1705.106     0.025
 -1705.006     0.025
 -1704.907     0.026
 -1704.807     0.026
 -1704.707     0.030
 -1704.608     0.031
 -1704.508     0.032
 -1704.409     0.035
 -1704.309     0.039
 -1704.209     0.044
 -1704.110     0.045
 -1704.010     0.046
 -1703.910     0.048
 -1703.811     0.047
 -1703.711     0.044
 -1703.612     0.044
 -1703.512     0.040
 -1703.412     0.035
 -1703.313     0.028
 -1703.213     0.025
 -1703.114     0.025
 -1703.014     0.024
 -1702.914     0.026
 -1702.815     0.026
 -1702.715     0.026
 -1702.615     0.026
 -1702.516     0.024
 -1702.416     0.025
 -1702.317     0.025
 -1702.217     0.025
 -1702.118     0.028
 -1702.018     0.028
 -1701.918     0.028
 -1701.819     0.028
 -1701.719     0.029
 -1701.619     0.027
 -1701.520     0.028
 -1701.420     0.027
 -1701.321     0.025
 -1701.221     0.024
 -1701.121     0.025
 -1701.022     0.026
 -1700.922     0.024
 -1700.823     0.025
 -1700.723     0.025
 -1700.623     0.025
 -1700.524     0.026
 -1700.424     0.028
 -1700.325     0.028
 -1700.225     0.029
 -1700.125     0.030
 -1700.026     0.030
 -1699.926     0.029
 -1699.826     0.030
 -1699.727     0.030
 -1699.627     0.029
 -1699.528     0.028
 -1699.428     0.029
 -1699.328     0.025
 -1699.229     0.024
 -1699.129     0.026
 -1699.030     0.027
 -1698.930     0.025
 -1698.830     0.025
 -1698.731     0.025
 -1698.631     0.026
 -1698.532     0.024
 -1698.432     0.024
 -1698.332     0.024
 -1698.233     0.025
 -1698.133     0.027
 -1698.034     0.027
 -1697.934     0.028
 -1697.834     0.029
 -1697.735     0.030
 -1697.635     0.031
 -1697.535     0.031
 -1697.436     0.033
 -1697.336     0.032
 -1697.237     0.032
 -1697.137     0.033
 -1697.037     0.034
 -1696.938     0.033
 -1696.838     0.034
 -1696.739     0.031
 -1696.639     0.030
 -1696.539     0.029
 -1696.440     0.026
 -1696.340     0.024
 -1696.240     0.025
 -1696.141     0.026
 -1696.041     0.025
 -1695.942     0.024
 -1695.842     0.025
 -1695.743     0.025
 -1695.643     0.027
 -1695.543     0.027
 -1695.444     0.030
 -1695.344     0.033
 -1695.244     0.033
 -1695.145     0.036
 -1695.045     0.040
 -1694.946     0.043
 -1694.846     0.045
 -1694.746     0.045
 -1694.647     0.045
 -1694.547     0.042
 -1694.448     0.040
 -1694.348     0.037
 -1694.248     0.031
 -1694.149     0.026
 -1694.049     0.024
 -1693.950     0.025
 -1693.850     0.025
 -1693.750     0.026
 -1693.651     0.028
 -1693.551     0.030
 -1693.451     0.033
 -1693.352     0.033
 -1693.252     0.035
 -1693.153     0.041
 -1693.053     0.044
 -1692.953     0.045
 -1692.854     0.043
 -1692.754     0.044
 -1692.655     0.043
 -1692.555     0.042
 -1692.455     0.039
 -1692.356     0.036
 -1692.256     0.028
 -1692.157     0.026
 -1692.057     0.025
 -1691.957     0.025
 -1691.858     0.024
 -1691.758     0.025
 -1691.659     0.024
 -1691.559     0.026
 -1691.459     0.024
 -1691.360     0.023
 -1691.260     0.025
 -1691.160     0.027
 -1691.061     0.030
 -1690.961     0.031
 -1690.862     0.034
 -1690.762     0.038
 -1690.662     0.043
 -1690.563     0.044
 -1690.463     0.042
 -1690.364     0.043
 -1690.264     0.042
 -1690.164     0.041
 -1690.065     0.040
 -1689.965     0.034
 -1689.865     0.028
 -1689.766     0.026
 -1689.666     0.026
 -1689.567     0.026
 -1689.467     0.026
 -1689.368     0.026
 -1689.268     0.025
 -1689.168     0.027
 -1689.069     0.027
 -1688.969     0.026
 -1688.869     0.027
 -1688.770     0.027
 -1688.670     0.026
 -1688.571     0.027
 -1688.471     0.027
 -1688.371     0.027
 -1688.272     0.026
 -1688.172     0.027
 -1688.073     0.028
 -1687.973     0.027
 -1687.873     0.029
 -1687.774     0.027
 -1687.674     0.027
 -1687.575     0.027
 -1687.475     0.026
 -1687.375     0.025
 -1687.276     0.028
 -1687.176     0.030
 -1687.076     0.032
 -1686.977     0.033
 -1686.877     0.035
 -1686.778     0.038
 -1686.678     0.043
 -1686.578     0.045
 -1686.479     0.046
 -1686.379     0.046
 -1686.280     0.046
 -1686.180     0.045
 -1686.080     0.043
 -1685.981     0.040
 -1685.881     0.038
 -1685.782     0.029
 -1685.682     0.026
 -1685.582     0.026
 -1685.483     0.025
 -1685.383     0.024
 -1685.284     0.026
 -1685.184     0.027
 -1685.084     0.026
 -1684.985     0.029
 -1684.885     0.027
 -1684.785     0.027
 -1684.686     0.029
 -1684.586     0.028
 -1684.487     0.030
 -1684.387     0.028
 -1684.287     0.028
 -1684.188     0.027
 -1684.088     0.026
 -1683.989     0.026
 -1683.889     0.027
 -1683.789     0.027
 -1683.690     0.028
 -1683.590     0.028
 -1683.490     0.029
 -1683.391     0.028
 -1683.291     0.029
 -1683.192     0.028
 -1683.092     0.026
 -1682.993     0.025
 -1682.893     0.025
 -1682.793     0.027
 -1682.694     0.027
 -1682.594     0.027
 -1682.494     0.026
 -1682.395     0.026
 -1682.295     0.028
 -1682.196     0.029
 -1682.096     0.029
 -1681.996     0.028
 -1681.897     0.029
 -1681.797     0.029
 -1681.698     0.029
 -1681.598     0.029
 -1681.498     0.030
 -1681.399     0.029
 -1681.299     0.027
 -1681.200     0.027
 -1681.100     0.028
 -1681.000     0.028
 -1680.901     0.028
 -1680.801     0.028
 -1680.701     0.028
 -1680.602     0.027
 -1680.502     0.028
 -1680.403     0.028
 -1680.303     0.025
 -1680.203     0.027
 -1680.104     0.027
 -1680.004     0.030
 -1679.905     0.030
 -1679.805     0.031
 -1679.705     0.033
 -1679.606     0.034
 -1679.506     0.037
 -1679.407     0.041
 -1679.307     0.045
 -1679.207     0.046
 -1679.108     0.046
 -1679.008     0.046
 -1678.909     0.046
 -1678.809     0.047
 -1678.709     0.044
 -1678.610     0.043
 -1678.510     0.039
 -1678.410     0.031
 -1678.311     0.027
 -1678.211     0.025
 -1678.112     0.025
 -1678.012     0.025
 -1677.912     0.027
 -1677.813     0.028
 -1677.713     0.028
 -1677.614     0.028
 -1677.514     0.029
 -1677.414     0.028
 -1677.315     0.029
 -1677.215     0.029
 -1677.115     0.030
 -1677.016     0.030
 -1676.916     0.029
 -1676.817     0.029
 -1676.717     0.028
 -1676.618     0.028
 -1676.518     0.029
 -1676.418     0.027
 -1676.319     0.027
 -1676.219     0.028
 -1676.119     0.027
 -1676.020     0.028
 -1675.920     0.028
 -1675.821     0.028
 -1675.721     0.025
 -1675.621     0.026
 -1675.522     0.029
 -1675.422     0.031
 -1675.323     0.033
 -1675.223     0.037
 -1675.123     0.045
 -1675.024     0.046
 -1674.924     0.047
 -1674.825     0.046
 -1674.725     0.046
 -1674.625     0.045
 -1674.526     0.041
 -1674.426     0.039
 -1674.326     0.030
 -1674.227     0.027
 -1674.127     0.027
 -1674.028     0.027
 -1673.928     0.027
 -1673.828     0.029
 -1673.729     0.030
 -1673.629     0.030
 -1673.530     0.030
 -1673.430     0.031
 -1673.330     0.031
 -1673.231     0.029
 -1673.131     0.028
 -1673.032     0.027
 -1672.932     0.027
 -1672.832     0.029
 -1672.733     0.027
 -1672.633     0.028
 -1672.534     0.027
 -1672.434     0.029
 -1672.334     0.030
 -1672.235     0.032
 -1672.135     0.035
 -1672.035     0.036
 -1671.936     0.041
 -1671.836     0.044
 -1671.737     0.046
 -1671.637     0.048
 -1671.537     0.045
 -1671.438     0.043
 -1671.338     0.040
 -1671.239     0.037
 -1671.139     0.031
 -1671.039     0.029
 -1670.940     0.026
 -1670.840     0.027
 -1670.740     0.026
 -1670.641     0.026
 -1670.541     0.028
 -1670.442     0.029
 -1670.342     0.029
 -1670.243     0.029
 -1670.143     0.029
 -1670.043     0.029
 -1669.944     0.029
 -1669.844     0.029
 -1669.744     0.029
 -1669.645     0.028
 -1669.545     0.026
 -1669.446     0.028
 -1669.346     0.028
 -1669.246     0.027
 -1669.147     0.027
 -1669.047     0.028
 -1668.948     0.028
 -1668.848     0.028
 -1668.748     0.028
 -1668.649     0.028
 -1668.549     0.029
 -1668.450     0.032
 -1668.350     0.032
 -1668.250     0.032
 -1668.151     0.033
 -1668.051     0.034
 -1667.951     0.034
 -1667.852     0.035
 -1667.752     0.038
 -1667.653     0.043
 -1667.553     0.046
 -1667.453     0.045
 -1667.354     0.045
 -1667.254     0.045
 -1667.155     0.044
 -1667.055     0.046
 -1666.955     0.044
 -1666.856     0.042
 -1666.756     0.042
 -1666.657     0.039
 -1666.557     0.032
 -1666.457     0.026
 -1666.358     0.028
 -1666.258     0.027
 -1666.159     0.026
 -1666.059     0.028
 -1665.959     0.027
 -1665.860     0.026
 -1665.760     0.026
 -1665.660     0.028
 -1665.561     0.026
 -1665.461     0.026
 -1665.362     0.028
 -1665.262     0.030
 -1665.162     0.033
 -1665.063     0.035
 -1664.963     0.039
 -1664.864     0.046
 -1664.764     0.048
 -1664.664     0.047
 -1664.565     0.047
 -1664.465     0.049
 -1664.365     0.049
 -1664.266     0.047
 -1664.166     0.044
 -1664.067     0.043
 -1663.967     0.040
 -1663.868     0.032
 -1663.768     0.029
 -1663.668     0.027
 -1663.569     0.027
 -1663.469     0.029
 -1663.369     0.028
 -1663.270     0.027
 -1663.170     0.026
 -1663.071     0.027
 -1662.971     0.027
 -1662.871     0.028
 -1662.772     0.029
 -1662.672     0.029
 -1662.573     0.032
 -1662.473     0.033
 -1662.373     0.034
 -1662.274     0.037
 -1662.174     0.040
 -1662.075     0.045
 -1661.975     0.048
 -1661.875     0.049
 -1661.776     0.047
 -1661.676     0.049
 -1661.576     0.050
 -1661.477     0.051
 -1661.377     0.048
 -1661.278     0.045
 -1661.178     0.043
 -1661.078     0.037
 -1660.979     0.031
 -1660.879     0.026
 -1660.780     0.028
 -1660.680     0.029
 -1660.580     0.029
 -1660.481     0.032
 -1660.381     0.033
 -1660.282     0.034
 -1660.182     0.035
 -1660.082     0.037
 -1659.983     0.044
 -1659.883     0.047
 -1659.784     0.047
 -1659.684     0.049
 -1659.584     0.046
 -1659.485     0.043
 -1659.385     0.043
 -1659.285     0.038
 -1659.186     0.032
 -1659.086     0.027
 -1658.987     0.027
 -1658.887     0.026
 -1658.787     0.027
 -1658.688     0.028
 -1658.588     0.030
 -1658.489     0.031
 -1658.389     0.033
 -1658.289     0.034
 -1658.190     0.035
 -1658.090     0.039
 -1657.990     0.043
 -1657.891     0.046
 -1657.791     0.048
 -1657.692     0.047
 -1657.592     0.048
 -1657.493     0.047
 -1657.393     0.045
 -1657.293     0.043
 -1657.194     0.038
 -1657.094     0.031
 -1656.994     0.028
 -1656.895     0.028
 -1656.795     0.029
 -1656.696     0.029
 -1656.596     0.027
 -1656.496     0.031
 -1656.397     0.031
 -1656.297     0.031
 -1656.198     0.029
 -1656.098     0.030
 -1655.998     0.031
 -1655.899     0.032
 -1655.799     0.030
 -1655.700     0.029
 -1655.600     0.030
 -1655.500     0.031
 -1655.401     0.031
 -1655.301     0.031
 -1655.201     0.031
 -1655.102     0.031
 -1655.002     0.029
 -1654.903     0.029
 -1654.803     0.029
 -1654.703     0.031
 -1654.604     0.031
 -1654.504     0.031
 -1654.405     0.033
 -1654.305     0.034
 -1654.205     0.037
 -1654.106     0.043
 -1654.006     0.049
 -1653.907     0.049
 -1653.807     0.049
 -1653.707     0.050
 -1653.608     0.049
 -1653.508     0.049
 -1653.409     0.048
 -1653.309     0.045
 -1653.209     0.041
 -1653.110     0.034
 -1653.010     0.031
 -1652.910     0.030
 -1652.811     0.029
 -1652.711     0.029
 -1652.612     0.029
 -1652.512     0.029
 -1652.412     0.029
 -1652.313     0.030
 -1652.213     0.031
 -1652.114     0.030
 -1652.014     0.029
 -1651.914     0.029
 -1651.815     0.029
 -1651.715     0.029
 -1651.615     0.031
 -1651.516     0.031
 -1651.416     0.030
 -1651.317     0.029
 -1651.217     0.030
 -1651.118     0.028
 -1651.018     0.029
 -1650.918     0.030
 -1650.819     0.030
 -1650.719     0.030
 -1650.619     0.030
 -1650.520     0.030
 -1650.420     0.031
 -1650.321     0.030
 -1650.221     0.032
 -1650.121     0.033
 -1650.022     0.032
 -1649.922     0.031
 -1649.823     0.032
 -1649.723     0.031
 -1649.623     0.029
 -1649.524     0.030
 -1649.424     0.031
 -1649.325     0.030
 -1649.225     0.030
 -1649.125     0.030
 -1649.026     0.029
 -1648.926     0.031
 -1648.826     0.030
 -1648.727     0.032
 -1648.627     0.032
 -1648.528     0.033
 -1648.428     0.032
 -1648.328     0.031
 -1648.229     0.031
 -1648.129     0.030
 -1648.030     0.030
 -1647.930     0.028
 -1647.830     0.029
 -1647.731     0.030
 -1647.631     0.032
 -1647.532     0.034
 -1647.432     0.033
 -1647.332     0.034
 -1647.233     0.034
 -1647.133     0.033
 -1647.034     0.033
 -1646.934     0.033
 -1646.834     0.032
 -1646.735     0.031
 -1646.635     0.031
 -1646.535     0.029
 -1646.436     0.029
 -1646.336     0.030
 -1646.237     0.031
 -1646.137     0.032
 -1646.037     0.033
 -1645.938     0.034
 -1645.838     0.035
 -1645.739     0.037
 -1645.639     0.036
 -1645.539     0.037
 -1645.440     0.039
 -1645.340     0.044
 -1645.240     0.049
 -1645.141     0.048
 -1645.041     0.049
 -1644.942     0.049
 -1644.842     0.047
 -1644.743     0.046
 -1644.643     0.044
 -1644.543     0.040
 -1644.444     0.032
 -1644.344     0.029
 -1644.244     0.028
 -1644.145     0.028
 -1644.045     0.028
 -1643.946     0.031
 -1643.846     0.030
 -1643.746     0.032
 -1643.647     0.030
 -1643.547     0.031
 -1643.448     0.029
 -1643.348     0.029
 -1643.248     0.030
 -1643.149     0.031
 -1643.049     0.032
 -1642.950     0.033
 -1642.850     0.036
 -1642.750     0.036
 -1642.651     0.038
 -1642.551     0.040
 -1642.451     0.046
 -1642.352     0.048
 -1642.252     0.050
 -1642.153     0.048
 -1642.053     0.049
 -1641.953     0.050
 -1641.854     0.049
 -1641.754     0.046
 -1641.655     0.045
 -1641.555     0.042
 -1641.455     0.033
 -1641.356     0.031
 -1641.256     0.029
 -1641.157     0.030
 -1641.057     0.029
 -1640.957     0.029
 -1640.858     0.028
 -1640.758     0.030
 -1640.659     0.029
 -1640.559     0.029
 -1640.459     0.029
 -1640.360     0.031
 -1640.260     0.030
 -1640.160     0.029
 -1640.061     0.030
 -1639.961     0.032
 -1639.862     0.033
 -1639.762     0.034
 -1639.662     0.035
 -1639.563     0.038
 -1639.463     0.042
 -1639.364     0.048
 -1639.264     0.051
 -1639.164     0.049
 -1639.065     0.048
 -1638.965     0.050
 -1638.865     0.049
 -1638.766     0.051
 -1638.666     0.050
 -1638.567     0.048
 -1638.467     0.046
 -1638.368     0.041
 -1638.268     0.033
 -1638.168     0.030
 -1638.069     0.028
 -1637.969     0.030
 -1637.869     0.029
 -1637.770     0.028
 -1637.670     0.030
 -1637.571     0.028
 -1637.471     0.029
 -1637.371     0.030
 -1637.272     0.032
 -1637.172     0.031
 -1637.073     0.033
 -1636.973     0.035
 -1636.873     0.034
 -1636.774     0.037
 -1636.674     0.036
 -1636.575     0.037
 -1636.475     0.039
 -1636.375     0.044
 -1636.276     0.049
 -1636.176     0.051
 -1636.076     0.049
 -1635.977     0.050
 -1635.877     0.047
 -1635.778     0.049
 -1635.678     0.046
 -1635.578     0.045
 -1635.479     0.045
 -1635.379     0.039
 -1635.280     0.031
 -1635.180     0.030
 -1635.080     0.029
 -1634.981     0.029
 -1634.881     0.029
 -1634.782     0.031
 -1634.682     0.031
 -1634.582     0.031
 -1634.483     0.032
 -1634.383     0.033
 -1634.284     0.030
 -1634.184     0.030
 -1634.084     0.030
 -1633.985     0.030
 -1633.885     0.030
 -1633.785     0.031
 -1633.686     0.033
 -1633.586     0.035
 -1633.487     0.035
 -1633.387     0.037
 -1633.287     0.039
 -1633.188     0.039
 -1633.088     0.046
 -1632.989     0.050
 -1632.889     0.050
 -1632.789     0.052
 -1632.690     0.050
 -1632.590     0.052
 -1632.490     0.049
 -1632.391     0.047
 -1632.291     0.046
 -1632.192     0.044
 -1632.092     0.037
 -1631.993     0.032
 -1631.893     0.031
 -1631.793     0.031
 -1631.694     0.030
 -1631.594     0.029
 -1631.494     0.031
 -1631.395     0.032
 -1631.295     0.033
 -1631.196     0.037
 -1631.096     0.037
 -1630.996     0.037
 -1630.897     0.038
 -1630.797     0.038
 -1630.698     0.041
 -1630.598     0.045
 -1630.498     0.049
 -1630.399     0.050
 -1630.299     0.049
 -1630.200     0.050
 -1630.100     0.050
 -1630.000     0.047
 -1629.901     0.045
 -1629.801     0.042
 -1629.701     0.033
 -1629.602     0.029
 -1629.502     0.028
 -1629.403     0.028
 -1629.303     0.031
 -1629.203     0.030
 -1629.104     0.030
 -1629.004     0.031
 -1628.905     0.032
 -1628.805     0.031
 -1628.705     0.033
 -1628.606     0.033
 -1628.506     0.032
 -1628.407     0.033
 -1628.307     0.033
 -1628.207     0.033
 -1628.108     0.032
 -1628.008     0.034
 -1627.909     0.031
 -1627.809     0.030
 -1627.709     0.033
 -1627.610     0.034
 -1627.510     0.035
 -1627.410     0.033
 -1627.311     0.034
 -1627.211     0.035
 -1627.112     0.034
 -1627.012     0.035
 -1626.912     0.036
 -1626.813     0.035
 -1626.713     0.034
 -1626.614     0.034
 -1626.514     0.034
 -1626.414     0.032
 -1626.315     0.032
 -1626.215     0.032
 -1626.115     0.033
 -1626.016     0.031
 -1625.916     0.031
 -1625.817     0.033
 -1625.717     0.033
 -1625.618     0.034
 -1625.518     0.032
 -1625.418     0.032
 -1625.319     0.033
 -1625.219     0.031
 -1625.119     0.032
 -1625.020     0.032
 -1624.920     0.031
 -1624.821     0.033
 -1624.721     0.034
 -1624.621     0.035
 -1624.522     0.034
 -1624.422     0.032
 -1624.323     0.032
 -1624.223     0.033
 -1624.123     0.034
 -1624.024     0.034
 -1623.924     0.034
 -1623.825     0.034
 -1623.725     0.033
 -1623.625     0.032
 -1623.526     0.033
 -1623.426     0.033
 -1623.326     0.032
 -1623.227     0.032
 -1623.127     0.032
 -1623.028     0.032
 -1622.928     0.032
 -1622.828     0.033
 -1622.729     0.032
 -1622.629     0.032
 -1622.530     0.033
 -1622.430     0.033
 -1622.330     0.033
 -1622.231     0.033
 -1622.131     0.034
 -1622.032     0.034
 -1621.932     0.036
 -1621.832     0.037
 -1621.733     0.039
 -1621.633     0.041
 -1621.534     0.041
 -1621.434     0.042
 -1621.334     0.048
 -1621.235     0.050
 -1621.135     0.051
 -1621.035     0.050
 -1620.936     0.051
 -1620.836     0.050
 -1620.737     0.051
 -1620.637     0.049
 -1620.537     0.048
 -1620.438     0.045
 -1620.338     0.043
 -1620.239     0.036
 -1620.139     0.033
 -1620.039     0.031
 -1619.940     0.031
 -1619.840     0.031
 -1619.740     0.031
 -1619.641     0.030
 -1619.541     0.031
 -1619.442     0.031
 -1619.342     0.031
 -1619.243     0.031
 -1619.143     0.035
 -1619.043     0.033
 -1618.944     0.036
 -1618.844     0.036
 -1618.744     0.038
 -1618.645     0.038
 -1618.545     0.038
 -1618.446     0.040
 -1618.346     0.044
 -1618.246     0.049
 -1618.147     0.051
 -1618.047     0.051
 -1617.948     0.050
 -1617.848     0.047
 -1617.748     0.048
 -1617.649     0.047
 -1617.549     0.048
 -1617.450     0.046
 -1617.350     0.042
 -1617.250     0.034
 -1617.151     0.031
 -1617.051     0.030
 -1616.951     0.032
 -1616.852     0.031
 -1616.752     0.032
 -1616.653     0.030
 -1616.553     0.032
 -1616.453     0.031
 -1616.354     0.031
 -1616.254     0.031
 -1616.155     0.032
 -1616.055     0.033
 -1615.955     0.032
 -1615.856     0.034
 -1615.756     0.035
 -1615.657     0.037
 -1615.557     0.037
 -1615.457     0.041
 -1615.358     0.041
 -1615.258     0.047
 -1615.159     0.052
 -1615.059     0.052
 -1614.959     0.052
 -1614.860     0.052
 -1614.760     0.052
 -1614.660     0.053
 -1614.561     0.050
 -1614.461     0.048
 -1614.362     0.043
 -1614.262     0.036
 -1614.162     0.032
 -1614.063     0.032
 -1613.963     0.031
 -1613.864     0.032
 -1613.764     0.032
 -1613.664     0.032
 -1613.565     0.033
 -1613.465     0.033
 -1613.365     0.035
 -1613.266     0.036
 -1613.166     0.036
 -1613.067     0.034
 -1612.967     0.033
 -1612.868     0.035
 -1612.768     0.035
 -1612.668     0.035
 -1612.569     0.036
 -1612.469     0.033
 -1612.369     0.032
 -1612.270     0.032
 -1612.170     0.034
 -1612.071     0.034
 -1611.971     0.035
 -1611.871     0.033
 -1611.772     0.032
 -1611.672     0.033
 -1611.573     0.033
 -1611.473     0.035
 -1611.373     0.035
 -1611.274     0.035
 -1611.174     0.038
 -1611.075     0.039
 -1610.975     0.039
 -1610.875     0.038
 -1610.776     0.037
 -1610.676     0.037
 -1610.576     0.035
 -1610.477     0.033
 -1610.377     0.032
 -1610.278     0.033
 -1610.178     0.035
 -1610.078     0.036
 -1609.979     0.037
 -1609.879     0.039
 -1609.780     0.043
 -1609.680     0.049
 -1609.580     0.052
 -1609.481     0.054
 -1609.381     0.053
 -1609.282     0.053
 -1609.182     0.053
 -1609.082     0.054
 -1608.983     0.051
 -1608.883     0.051
 -1608.784     0.050
 -1608.684     0.048
 -1608.584     0.044
 -1608.485     0.037
 -1608.385     0.034
 -1608.285     0.033
 -1608.186     0.032
 -1608.086     0.033
 -1607.987     0.032
 -1607.887     0.034
 -1607.787     0.034
 -1607.688     0.035
 -1607.588     0.036
 -1607.489     0.036
 -1607.389     0.035
 -1607.289     0.036
 -1607.190     0.038
 -1607.090     0.037
 -1606.990     0.036
 -1606.891     0.035
 -1606.791     0.033
 -1606.692     0.033
 -1606.592     0.033
 -1606.493     0.032
 -1606.393     0.034
 -1606.293     0.036
 -1606.194     0.035
 -1606.094     0.035
 -1605.994     0.037
 -1605.895     0.038
 -1605.795     0.038
 -1605.696     0.035
 -1605.596     0.037
 -1605.496     0.036
 -1605.397     0.038
 -1605.297     0.037
 -1605.198     0.036
 -1605.098     0.034
 -1604.998     0.034
 -1604.899     0.034
 -1604.799     0.033
 -1604.700     0.033
 -1604.600     0.033
 -1604.500     0.035
 -1604.401     0.036
 -1604.301     0.038
 -1604.201     0.041
 -1604.102     0.043
 -1604.002     0.048
 -1603.903     0.052
 -1603.803     0.053
 -1603.703     0.054
 -1603.604     0.053
 -1603.504     0.051
 -1603.405     0.049
 -1603.305     0.047
 -1603.205     0.039
 -1603.106     0.035
 -1603.006     0.033
 -1602.907     0.034
 -1602.807     0.034
 -1602.707     0.034
 -1602.608     0.034
 -1602.508     0.031
 -1602.409     0.033
 -1602.309     0.033
 -1602.209     0.034
 -1602.110     0.034
 -1602.010     0.037
 -1601.910     0.036
 -1601.811     0.037
 -1601.711     0.039
 -1601.612     0.040
 -1601.512     0.042
 -1601.412     0.047
 -1601.313     0.051
 -1601.213     0.052
 -1601.114     0.053
 -1601.014     0.054
 -1600.914     0.052
 -1600.815     0.051
 -1600.715     0.048
 -1600.615     0.044
 -1600.516     0.037
 -1600.416     0.033
 -1600.317     0.033
 -1600.217     0.032
 -1600.118     0.033
 -1600.018     0.033
 -1599.918     0.033
 -1599.819     0.036
 -1599.719     0.035
 -1599.619     0.034
 -1599.520     0.036
 -1599.420     0.037
 -1599.321     0.038
 -1599.221     0.037
 -1599.121     0.039
 -1599.022     0.039
 -1598.922     0.042
 -1598.823     0.043
 -1598.723     0.040
 -1598.623     0.040
 -1598.524     0.039
 -1598.424     0.039
 -1598.325     0.036
 -1598.225     0.035
 -1598.125     0.034
 -1598.026     0.035
 -1597.926     0.035
 -1597.826     0.035
 -1597.727     0.034
 -1597.627     0.035
 -1597.528     0.035
 -1597.428     0.037
 -1597.328     0.035
 -1597.229     0.035
 -1597.129     0.037
 -1597.030     0.036
 -1596.930     0.037
 -1596.830     0.036
 -1596.731     0.036
 -1596.631     0.034
 -1596.532     0.035
 -1596.432     0.035
 -1596.332     0.036
 -1596.233     0.034
 -1596.133     0.034
 -1596.034     0.033
 -1595.934     0.033
 -1595.834     0.036
 -1595.735     0.037
 -1595.635     0.038
 -1595.535     0.042
 -1595.436     0.044
 -1595.336     0.050
 -1595.237     0.053
 -1595.137     0.054
 -1595.037     0.055
 -1594.938     0.056
 -1594.838     0.055
 -1594.739     0.053
 -1594.639     0.051
 -1594.539     0.047
 -1594.440     0.039
 -1594.340     0.034
 -1594.240     0.033
 -1594.141     0.034
 -1594.041     0.033
 -1593.942     0.035
 -1593.842     0.034
 -1593.743     0.035
 -1593.643     0.034
 -1593.543     0.034
 -1593.444     0.035
 -1593.344     0.035
 -1593.244     0.035
 -1593.145     0.036
 -1593.045     0.035
 -1592.946     0.036
 -1592.846     0.037
 -1592.746     0.037
 -1592.647     0.037
 -1592.547     0.037
 -1592.448     0.037
 -1592.348     0.037
 -1592.248     0.036
 -1592.149     0.036
 -1592.049     0.035
 -1591.950     0.037
 -1591.850     0.037
 -1591.750     0.038
 -1591.651     0.037
 -1591.551     0.038
 -1591.451     0.037
 -1591.352     0.036
 -1591.252     0.035
 -1591.153     0.037
 -1591.053     0.036
 -1590.953     0.039
 -1590.854     0.038
 -1590.754     0.038
 -1590.655     0.038
 -1590.555     0.037
 -1590.455     0.037
 -1590.356     0.037
 -1590.256     0.036
 -1590.157     0.036
 -1590.057     0.036
 -1589.957     0.036
 -1589.858     0.036
 -1589.758     0.035
 -1589.659     0.037
 -1589.559     0.036
 -1589.459     0.036
 -1589.360     0.037
 -1589.260     0.038
 -1589.160     0.040
 -1589.061     0.040
 -1588.961     0.041
 -1588.862     0.041
 -1588.762     0.043
 -1588.662     0.041
 -1588.563     0.042
 -1588.463     0.043
 -1588.364     0.046
 -1588.264     0.048
 -1588.164     0.050
 -1588.065     0.053
 -1587.965     0.054
 -1587.865     0.051
 -1587.766     0.054
 -1587.666     0.053
 -1587.567     0.053
 -1587.467     0.053
 -1587.368     0.052
 -1587.268     0.051
 -1587.168     0.049
 -1587.069     0.045
 -1586.969     0.036
 -1586.869     0.034
 -1586.770     0.033
 -1586.670     0.032
 -1586.571     0.033
 -1586.471     0.036
 -1586.371     0.038
 -1586.272     0.040
 -1586.172     0.045
 -1586.073     0.050
 -1585.973     0.053
 -1585.873     0.054
 -1585.774     0.055
 -1585.674     0.054
 -1585.575     0.055
 -1585.475     0.052
 -1585.375     0.049
 -1585.276     0.042
 -1585.176     0.036
 -1585.076     0.035
 -1584.977     0.033
 -1584.877     0.035
 -1584.778     0.035
 -1584.678     0.038
 -1584.578     0.038
 -1584.479     0.038
 -1584.379     0.040
 -1584.280     0.041
 -1584.180     0.041
 -1584.080     0.041
 -1583.981     0.040
 -1583.881     0.040
 -1583.782     0.039
 -1583.682     0.037
 -1583.582     0.035
 -1583.483     0.036
 -1583.383     0.037
 -1583.284     0.036
 -1583.184     0.036
 -1583.084     0.034
 -1582.985     0.036
 -1582.885     0.037
 -1582.785     0.037
 -1582.686     0.037
 -1582.586     0.036
 -1582.487     0.036
 -1582.387     0.036
 -1582.287     0.037
 -1582.188     0.038
 -1582.088     0.037
 -1581.989     0.038
 -1581.889     0.039
 -1581.789     0.040
 -1581.690     0.039
 -1581.590     0.036
 -1581.490     0.037
 -1581.391     0.035
 -1581.291     0.037
 -1581.192     0.034
 -1581.092     0.035
 -1580.993     0.035
 -1580.893     0.037
 -1580.793     0.037
 -1580.694     0.039
 -1580.594     0.038
 -1580.494     0.038
 -1580.395     0.037
 -1580.295     0.036
 -1580.196     0.037
 -1580.096     0.035
 -1579.996     0.036
 -1579.897     0.036
 -1579.797     0.035
 -1579.698     0.037
 -1579.598     0.037
 -1579.498     0.036
 -1579.399     0.036
 -1579.299     0.036
 -1579.200     0.036
 -1579.100     0.036
 -1579.000     0.038
 -1578.901     0.036
 -1578.801     0.037
 -1578.701     0.038
 -1578.602     0.036
 -1578.502     0.037
 -1578.403     0.037
 -1578.303     0.036
 -1578.203     0.037
 -1578.104     0.041
 -1578.004     0.043
 -1577.905     0.045
 -1577.805     0.051
 -1577.705     0.055
 -1577.606     0.056
 -1577.506     0.058
 -1577.407     0.058
 -1577.307     0.057
 -1577.207     0.057
 -1577.108     0.055
 -1577.008     0.053
 -1576.909     0.047
 -1576.809     0.040
 -1576.709     0.035
 -1576.610     0.035
 -1576.510     0.035
 -1576.410     0.037
 -1576.311     0.036
 -1576.211     0.036
 -1576.112     0.035
 -1576.012     0.035
 -1575.912     0.034
 -1575.813     0.035
 -1575.713     0.036
 -1575.614     0.037
 -1575.514     0.037
 -1575.414     0.039
 -1575.315     0.041
 -1575.215     0.040
 -1575.115     0.040
 -1575.016     0.040
 -1574.916     0.041
 -1574.817     0.040
 -1574.717     0.038
 -1574.618     0.039
 -1574.518     0.037
 -1574.418     0.034
 -1574.319     0.037
 -1574.219     0.036
 -1574.119     0.035
 -1574.020     0.036
 -1573.920     0.038
 -1573.821     0.036
 -1573.721     0.036
 -1573.621     0.036
 -1573.522     0.038
 -1573.422     0.038
 -1573.323     0.040
 -1573.223     0.039
 -1573.123     0.040
 -1573.024     0.039
 -1572.924     0.037
 -1572.825     0.037
 -1572.725     0.037
 -1572.625     0.037
 -1572.526     0.035
 -1572.426     0.036
 -1572.326     0.037
 -1572.227     0.036
 -1572.127     0.036
 -1572.028     0.038
 -1571.928     0.039
 -1571.828     0.042
 -1571.729     0.049
 -1571.629     0.054
 -1571.530     0.058
 -1571.430     0.057
 -1571.330     0.058
 -1571.231     0.060
 -1571.131     0.057
 -1571.032     0.056
 -1570.932     0.056
 -1570.832     0.056
 -1570.733     0.053
 -1570.633     0.049
 -1570.534     0.041
 -1570.434     0.038
 -1570.334     0.037
 -1570.235     0.036
 -1570.135     0.035
 -1570.035     0.037
 -1569.936     0.039
 -1569.836     0.042
 -1569.737     0.044
 -1569.637     0.048
 -1569.537     0.051
 -1569.438     0.055
 -1569.338     0.057
 -1569.239     0.056
 -1569.139     0.055
 -1569.039     0.055
 -1568.940     0.054
 -1568.840     0.052
 -1568.740     0.050
 -1568.641     0.043
 -1568.541     0.038
 -1568.442     0.035
 -1568.342     0.035
 -1568.243     0.036
 -1568.143     0.037
 -1568.043     0.037
 -1567.944     0.037
 -1567.844     0.037
 -1567.744     0.038
 -1567.645     0.038
 -1567.545     0.039
 -1567.446     0.038
 -1567.346     0.037
 -1567.246     0.040
 -1567.147     0.037
 -1567.047     0.038
 -1566.948     0.037
 -1566.848     0.040
 -1566.748     0.041
 -1566.649     0.042
 -1566.549     0.043
 -1566.450     0.045
 -1566.350     0.044
 -1566.250     0.046
 -1566.151     0.049
 -1566.051     0.054
 -1565.951     0.056
 -1565.852     0.058
 -1565.752     0.058
 -1565.653     0.055
 -1565.553     0.054
 -1565.453     0.052
 -1565.354     0.049
 -1565.254     0.041
 -1565.155     0.039
 -1565.055     0.036
 -1564.955     0.035
 -1564.856     0.037
 -1564.756     0.039
 -1564.657     0.040
 -1564.557     0.042
 -1564.457     0.040
 -1564.358     0.043
 -1564.258     0.045
 -1564.159     0.050
 -1564.059     0.054
 -1563.959     0.058
 -1563.860     0.058
 -1563.760     0.056
 -1563.660     0.055
 -1563.561     0.055
 -1563.461     0.054
 -1563.362     0.050
 -1563.262     0.045
 -1563.162     0.038
 -1563.063     0.038
 -1562.963     0.037
 -1562.864     0.037
 -1562.764     0.038
 -1562.664     0.039
 -1562.565     0.039
 -1562.465     0.039
 -1562.365     0.041
 -1562.266     0.041
 -1562.166     0.039
 -1562.067     0.040
 -1561.967     0.039
 -1561.868     0.040
 -1561.768     0.039
 -1561.668     0.039
 -1561.569     0.038
 -1561.469     0.038
 -1561.369     0.038
 -1561.270     0.040
 -1561.170     0.039
 -1561.071     0.037
 -1560.971     0.038
 -1560.871     0.038
 -1560.772     0.039
 -1560.672     0.040
 -1560.573     0.039
 -1560.473     0.038
 -1560.373     0.040
 -1560.274     0.041
 -1560.174     0.041
 -1560.075     0.042
 -1559.975     0.040
 -1559.875     0.039
 -1559.776     0.039
 -1559.676     0.040
 -1559.576     0.038
 -1559.477     0.038
 -1559.377     0.039
 -1559.278     0.040
 -1559.178     0.038
 -1559.078     0.039
 -1558.979     0.041
 -1558.879     0.043
 -1558.780     0.044
 -1558.680     0.045
 -1558.580     0.048
 -1558.481     0.050
 -1558.381     0.058
 -1558.282     0.062
 -1558.182     0.060
 -1558.082     0.062
 -1557.983     0.059
 -1557.883     0.060
 -1557.784     0.060
 -1557.684     0.059
 -1557.584     0.059
 -1557.485     0.056
 -1557.385     0.055
 -1557.285     0.052
 -1557.186     0.044
 -1557.086     0.041
 -1556.987     0.040
 -1556.887     0.040
 -1556.787     0.040
 -1556.688     0.037
 -1556.588     0.038
 -1556.489     0.039
 -1556.389     0.038
 -1556.289     0.038
 -1556.190     0.039
 -1556.090     0.038
 -1555.990     0.039
 -1555.891     0.041
 -1555.791     0.042
 -1555.692     0.043
 -1555.592     0.044
 -1555.493     0.044
 -1555.393     0.046
 -1555.293     0.047
 -1555.194     0.048
 -1555.094     0.056
 -1554.994     0.058
 -1554.895     0.058
 -1554.795     0.056
 -1554.696     0.058
 -1554.596     0.057
 -1554.496     0.056
 -1554.397     0.056
 -1554.297     0.057
 -1554.198     0.056
 -1554.098     0.055
 -1553.998     0.052
 -1553.899     0.048
 -1553.799     0.041
 -1553.700     0.038
 -1553.600     0.038
 -1553.500     0.037
 -1553.401     0.038
 -1553.301     0.038
 -1553.201     0.038
 -1553.102     0.039
 -1553.002     0.039
 -1552.903     0.040
 -1552.803     0.040
 -1552.703     0.040
 -1552.604     0.039
 -1552.504     0.039
 -1552.405     0.040
 -1552.305     0.040
 -1552.205     0.040
 -1552.106     0.040
 -1552.006     0.040
 -1551.907     0.038
 -1551.807     0.039
 -1551.707     0.039
 -1551.608     0.039
 -1551.508     0.041
 -1551.409     0.043
 -1551.309     0.045
 -1551.209     0.045
 -1551.110     0.046
 -1551.010     0.047
 -1550.910     0.049
 -1550.811     0.055
 -1550.711     0.058
 -1550.612     0.058
 -1550.512     0.059
 -1550.412     0.058
 -1550.313     0.059
 -1550.213     0.059
 -1550.114     0.058
 -1550.014     0.056
 -1549.914     0.055
 -1549.815     0.051
 -1549.715     0.043
 -1549.615     0.041
 -1549.516     0.037
 -1549.416     0.038
 -1549.317     0.040
 -1549.217     0.041
 -1549.118     0.040
 -1549.018     0.042
 -1548.918     0.040
 -1548.819     0.042
 -1548.719     0.042
 -1548.619     0.042
 -1548.520     0.039
 -1548.420     0.036
 -1548.321     0.039
 -1548.221     0.040
 -1548.121     0.040
 -1548.022     0.042
 -1547.922     0.042
 -1547.823     0.044
 -1547.723     0.044
 -1547.623     0.047
 -1547.524     0.049
 -1547.424     0.056
 -1547.325     0.056
 -1547.225     0.057
 -1547.125     0.057
 -1547.026     0.055
 -1546.926     0.055
 -1546.826     0.054
 -1546.727     0.051
 -1546.627     0.046
 -1546.528     0.039
 -1546.428     0.039
 -1546.328     0.039
 -1546.229     0.037
 -1546.129     0.038
 -1546.030     0.039
 -1545.930     0.039
 -1545.830     0.040
 -1545.731     0.039
 -1545.631     0.040
 -1545.532     0.041
 -1545.432     0.040
 -1545.332     0.043
 -1545.233     0.045
 -1545.133     0.042
 -1545.034     0.045
 -1544.934     0.046
 -1544.834     0.047
 -1544.735     0.049
 -1544.635     0.048
 -1544.535     0.047
 -1544.436     0.046
 -1544.336     0.046
 -1544.237     0.044
 -1544.137     0.040
 -1544.037     0.038
 -1543.938     0.038
 -1543.838     0.038
 -1543.739     0.036
 -1543.639     0.038
 -1543.539     0.037
 -1543.440     0.041
 -1543.340     0.041
 -1543.240     0.043
 -1543.141     0.044
 -1543.041     0.045
 -1542.942     0.049
 -1542.842     0.056
 -1542.743     0.059
 -1542.643     0.059
 -1542.543     0.058
 -1542.444     0.059
 -1542.344     0.058
 -1542.244     0.056
 -1542.145     0.055
 -1542.045     0.053
 -1541.946     0.050
 -1541.846     0.044
 -1541.746     0.040
 -1541.647     0.037
 -1541.547     0.039
 -1541.448     0.040
 -1541.348     0.040
 -1541.248     0.040
 -1541.149     0.040
 -1541.049     0.039
 -1540.950     0.040
 -1540.850     0.040
 -1540.750     0.042
 -1540.651     0.043
 -1540.551     0.046
 -1540.451     0.046
 -1540.352     0.045
 -1540.252     0.045
 -1540.153     0.044
 -1540.053     0.044
 -1539.953     0.045
 -1539.854     0.046
 -1539.754     0.046
 -1539.655     0.047
 -1539.555     0.047
 -1539.455     0.046
 -1539.356     0.044
 -1539.256     0.044
 -1539.157     0.040
 -1539.057     0.040
 -1538.957     0.038
 -1538.858     0.038
 -1538.758     0.038
 -1538.659     0.040
 -1538.559     0.041
 -1538.459     0.043
 -1538.360     0.043
 -1538.260     0.043
 -1538.160     0.044
 -1538.061     0.043
 -1537.961     0.042
 -1537.862     0.041
 -1537.762     0.041
 -1537.662     0.040
 -1537.563     0.041
 -1537.463     0.039
 -1537.364     0.042
 -1537.264     0.042
 -1537.164     0.044
 -1537.065     0.045
 -1536.965     0.046
 -1536.865     0.048
 -1536.766     0.052
 -1536.666     0.057
 -1536.567     0.060
 -1536.467     0.059
 -1536.368     0.059
 -1536.268     0.058
 -1536.168     0.059
 -1536.069     0.056
 -1535.969     0.057
 -1535.869     0.053
 -1535.770     0.046
 -1535.670     0.042
 -1535.571     0.041
 -1535.471     0.039
 -1535.371     0.038
 -1535.272     0.041
 -1535.172     0.040
 -1535.073     0.039
 -1534.973     0.040
 -1534.873     0.041
 -1534.774     0.040
 -1534.674     0.041
 -1534.575     0.042
 -1534.475     0.042
 -1534.375     0.040
 -1534.276     0.041
 -1534.176     0.039
 -1534.076     0.042
 -1533.977     0.044
 -1533.877     0.044
 -1533.778     0.046
 -1533.678     0.047
 -1533.578     0.049
 -1533.479     0.054
 -1533.379     0.057
 -1533.280     0.059
 -1533.180     0.060
 -1533.080     0.058
 -1532.981     0.059
 -1532.881     0.058
 -1532.782     0.057
 -1532.682     0.056
 -1532.582     0.056
 -1532.483     0.056
 -1532.383     0.056
 -1532.284     0.053
 -1532.184     0.053
 -1532.084     0.047
 -1531.985     0.042
 -1531.885     0.039
 -1531.785     0.039
 -1531.686     0.039
 -1531.586     0.038
 -1531.487     0.041
 -1531.387     0.044
 -1531.287     0.046
 -1531.188     0.047
 -1531.088     0.055
 -1530.989     0.058
 -1530.889     0.058
 -1530.789     0.058
 -1530.690     0.057
 -1530.590     0.059
 -1530.490     0.058
 -1530.391     0.055
 -1530.291     0.055
 -1530.192     0.053
 -1530.092     0.051
 -1529.993     0.046
 -1529.893     0.042
 -1529.793     0.039
 -1529.694     0.041
 -1529.594     0.038
 -1529.494     0.040
 -1529.395     0.039
 -1529.295     0.039
 -1529.196     0.040
 -1529.096     0.041
 -1528.996     0.044
 -1528.897     0.046
 -1528.797     0.048
 -1528.698     0.055
 -1528.598     0.060
 -1528.498     0.062
 -1528.399     0.062
 -1528.299     0.064
 -1528.200     0.061
 -1528.100     0.061
 -1528.000     0.059
 -1527.901     0.057
 -1527.801     0.055
 -1527.701     0.047
 -1527.602     0.043
 -1527.502     0.042
 -1527.403     0.041
 -1527.303     0.041
 -1527.203     0.042
 -1527.104     0.042
 -1527.004     0.042
 -1526.905     0.042
 -1526.805     0.041
 -1526.705     0.041
 -1526.606     0.040
 -1526.506     0.039
 -1526.407     0.043
 -1526.307     0.042
 -1526.207     0.040
 -1526.108     0.041
 -1526.008     0.042
 -1525.909     0.041
 -1525.809     0.042
 -1525.709     0.043
 -1525.610     0.043
 -1525.510     0.045
 -1525.410     0.046
 -1525.311     0.047
 -1525.211     0.048
 -1525.112     0.049
 -1525.012     0.052
 -1524.912     0.057
 -1524.813     0.062
 -1524.713     0.061
 -1524.614     0.062
 -1524.514     0.062
 -1524.414     0.061
 -1524.315     0.059
 -1524.215     0.057
 -1524.115     0.052
 -1524.016     0.046
 -1523.916     0.042
 -1523.817     0.040
 -1523.717     0.041
 -1523.618     0.041
 -1523.518     0.042
 -1523.418     0.043
 -1523.319     0.045
 -1523.219     0.046
 -1523.119     0.046
 -1523.020     0.046
 -1522.920     0.045
 -1522.821     0.047
 -1522.721     0.045
 -1522.621     0.046
 -1522.522     0.044
 -1522.422     0.043
 -1522.323     0.041
 -1522.223     0.041
 -1522.123     0.041
 -1522.024     0.039
 -1521.924     0.040
 -1521.825     0.039
 -1521.725     0.040
 -1521.625     0.042
 -1521.526     0.042
 -1521.426     0.044
 -1521.326     0.047
 -1521.227     0.050
 -1521.127     0.057
 -1521.028     0.060
 -1520.928     0.062
 -1520.828     0.061
 -1520.729     0.060
 -1520.629     0.059
 -1520.530     0.055
 -1520.430     0.050
 -1520.330     0.041
 -1520.231     0.040
 -1520.131     0.041
 -1520.032     0.041
 -1519.932     0.044
 -1519.832     0.046
 -1519.733     0.045
 -1519.633     0.047
 -1519.534     0.048
 -1519.434     0.051
 -1519.334     0.057
 -1519.235     0.063
 -1519.135     0.063
 -1519.035     0.063
 -1518.936     0.062
 -1518.836     0.063
 -1518.737     0.060
 -1518.637     0.058
 -1518.537     0.051
 -1518.438     0.043
 -1518.338     0.042
 -1518.239     0.041
 -1518.139     0.041
 -1518.039     0.042
 -1517.940     0.042
 -1517.840     0.042
 -1517.740     0.041
 -1517.641     0.040
 -1517.541     0.041
 -1517.442     0.042
 -1517.342     0.043
 -1517.243     0.043
 -1517.143     0.044
 -1517.043     0.044
 -1516.944     0.046
 -1516.844     0.046
 -1516.744     0.046
 -1516.645     0.047
 -1516.545     0.047
 -1516.446     0.047
 -1516.346     0.047
 -1516.246     0.047
 -1516.147     0.047
 -1516.047     0.047
 -1515.948     0.047
 -1515.848     0.047
 -1515.748     0.047
 -1515.649     0.043
 -1515.549     0.041
 -1515.450     0.040
 -1515.350     0.043
 -1515.250     0.045
 -1515.151     0.047
 -1515.051     0.049
 -1514.951     0.053
 -1514.852     0.059
 -1514.752     0.061
 -1514.653     0.062
 -1514.553     0.063
 -1514.453     0.063
 -1514.354     0.063
 -1514.254     0.061
 -1514.155     0.060
 -1514.055     0.058
 -1513.955     0.054
 -1513.856     0.046
 -1513.756     0.043
 -1513.657     0.040
 -1513.557     0.040
 -1513.457     0.042
 -1513.358     0.041
 -1513.258     0.042
 -1513.159     0.042
 -1513.059     0.041
 -1512.959     0.042
 -1512.860     0.042
 -1512.760     0.040
 -1512.660     0.042
 -1512.561     0.043
 -1512.461     0.044
 -1512.362     0.045
 -1512.262     0.044
 -1512.162     0.045
 -1512.063     0.045
 -1511.963     0.045
 -1511.864     0.045
 -1511.764     0.044
 -1511.664     0.043
 -1511.565     0.043
 -1511.465     0.045
 -1511.365     0.044
 -1511.266     0.046
 -1511.166     0.044
 -1511.067     0.044
 -1510.967     0.044
 -1510.868     0.044
 -1510.768     0.043
 -1510.668     0.042
 -1510.569     0.042
 -1510.469     0.044
 -1510.369     0.044
 -1510.270     0.045
 -1510.170     0.043
 -1510.071     0.044
 -1509.971     0.044
 -1509.871     0.044
 -1509.772     0.043
 -1509.672     0.043
 -1509.573     0.044
 -1509.473     0.045
 -1509.373     0.046
 -1509.274     0.047
 -1509.174     0.048
 -1509.075     0.050
 -1508.975     0.052
 -1508.875     0.057
 -1508.776     0.061
 -1508.676     0.064
 -1508.576     0.064
 -1508.477     0.062
 -1508.377     0.060
 -1508.278     0.059
 -1508.178     0.053
 -1508.078     0.045
 -1507.979     0.042
 -1507.879     0.042
 -1507.780     0.041
 -1507.680     0.040
 -1507.580     0.041
 -1507.481     0.045
 -1507.381     0.046
 -1507.282     0.048
 -1507.182     0.050
 -1507.082     0.055
 -1506.983     0.060
 -1506.883     0.062
 -1506.784     0.062
 -1506.684     0.061
 -1506.584     0.063
 -1506.485     0.062
 -1506.385     0.064
 -1506.285     0.061
 -1506.186     0.060
 -1506.086     0.060
 -1505.987     0.058
 -1505.887     0.052
 -1505.787     0.045
 -1505.688     0.043
 -1505.588     0.042
 -1505.489     0.042
 -1505.389     0.042
 -1505.289     0.042
 -1505.190     0.044
 -1505.090     0.044
 -1504.990     0.043
 -1504.891     0.042
 -1504.791     0.043
 -1504.692     0.042
 -1504.592     0.044
 -1504.493     0.044
 -1504.393     0.043
 -1504.293     0.044
 -1504.194     0.043
 -1504.094     0.046
 -1503.994     0.046
 -1503.895     0.047
 -1503.795     0.045
 -1503.696     0.048
 -1503.596     0.048
 -1503.496     0.048
 -1503.397     0.048
 -1503.297     0.047
 -1503.198     0.046
 -1503.098     0.045
 -1502.998     0.045
 -1502.899     0.043
 -1502.799     0.043
 -1502.700     0.044
 -1502.600     0.045
 -1502.500     0.047
 -1502.401     0.048
 -1502.301     0.046
 -1502.201     0.049
 -1502.102     0.048
 -1502.002     0.051
 -1501.903     0.052
 -1501.803     0.053
 -1501.703     0.060
 -1501.604     0.063
 -1501.504     0.064
 -1501.405     0.063
 -1501.305     0.063
 -1501.205     0.062
 -1501.106     0.062
 -1501.006     0.061
 -1500.907     0.058
 -1500.807     0.056
 -1500.707     0.047
 -1500.608     0.043
 -1500.508     0.043
 -1500.409     0.044
 -1500.309     0.044
 -1500.209     0.044
 -1500.110     0.044
 -1500.010     0.044
 -1499.910     0.044
 -1499.811     0.043
 -1499.711     0.043
 -1499.612     0.044
 -1499.512     0.046
 -1499.412     0.045
 -1499.313     0.046
 -1499.213     0.045
 -1499.114     0.044
 -1499.014     0.045
 -1498.914     0.045
 -1498.815     0.045
 -1498.715     0.045
 -1498.615     0.045
 -1498.516     0.043
 -1498.416     0.045
 -1498.317     0.046
 -1498.217     0.046
 -1498.118     0.046
 -1498.018     0.045
 -1497.918     0.045
 -1497.819     0.044
 -1497.719     0.043
 -1497.619     0.043
 -1497.520     0.045
 -1497.420     0.046
 -1497.321     0.046
 -1497.221     0.047
 -1497.121     0.048
 -1497.022     0.048
 -1496.922     0.048
 -1496.823     0.050
 -1496.723     0.052
 -1496.623     0.054
 -1496.524     0.058
 -1496.424     0.062
 -1496.325     0.064
 -1496.225     0.066
 -1496.125     0.065
 -1496.026     0.064
 -1495.926     0.060
 -1495.826     0.057
 -1495.727     0.048
 -1495.627     0.045
 -1495.528     0.044
 -1495.428     0.043
 -1495.328     0.044
 -1495.229     0.045
 -1495.129     0.046
 -1495.030     0.047
 -1494.930     0.048
 -1494.830     0.050
 -1494.731     0.052
 -1494.631     0.061
 -1494.532     0.063
 -1494.432     0.065
 -1494.332     0.066
 -1494.233     0.065
 -1494.133     0.063
 -1494.034     0.063
 -1493.934     0.062
 -1493.834     0.059
 -1493.735     0.053
 -1493.635     0.047
 -1493.535     0.044
 -1493.436     0.044
 -1493.336     0.043
 -1493.237     0.044
 -1493.137     0.045
 -1493.037     0.044
 -1492.938     0.044
 -1492.838     0.044
 -1492.739     0.043
 -1492.639     0.044
 -1492.539     0.044
 -1492.440     0.044
 -1492.340     0.043
 -1492.240     0.043
 -1492.141     0.045
 -1492.041     0.045
 -1491.942     0.046
 -1491.842     0.045
 -1491.743     0.045
 -1491.643     0.046
 -1491.543     0.046
 -1491.444     0.045
 -1491.344     0.045
 -1491.244     0.045
 -1491.145     0.046
 -1491.045     0.045
 -1490.946     0.047
 -1490.846     0.047
 -1490.746     0.049
 -1490.647     0.048
 -1490.547     0.046
 -1490.448     0.047
 -1490.348     0.045
 -1490.248     0.044
 -1490.149     0.043
 -1490.049     0.044
 -1489.950     0.044
 -1489.850     0.047
 -1489.750     0.048
 -1489.651     0.048
 -1489.551     0.049
 -1489.451     0.049
 -1489.352     0.049
 -1489.252     0.051
 -1489.153     0.053
 -1489.053     0.053
 -1488.953     0.052
 -1488.854     0.052
 -1488.754     0.051
 -1488.655     0.050
 -1488.555     0.050
 -1488.455     0.048
 -1488.356     0.046
 -1488.256     0.046
 -1488.157     0.044
 -1488.057     0.045
 -1487.957     0.046
 -1487.858     0.045
 -1487.758     0.046
 -1487.659     0.046
 -1487.559     0.046
 -1487.459     0.045
 -1487.360     0.047
 -1487.260     0.047
 -1487.160     0.049
 -1487.061     0.048
 -1486.961     0.046
 -1486.862     0.044
 -1486.762     0.047
 -1486.662     0.047
 -1486.563     0.050
 -1486.463     0.052
 -1486.364     0.054
 -1486.264     0.054
 -1486.164     0.059
 -1486.065     0.062
 -1485.965     0.065
 -1485.865     0.067
 -1485.766     0.067
 -1485.666     0.067
 -1485.567     0.067
 -1485.467     0.066
 -1485.368     0.066
 -1485.268     0.061
 -1485.168     0.055
 -1485.069     0.048
 -1484.969     0.045
 -1484.869     0.043
 -1484.770     0.041
 -1484.670     0.044
 -1484.571     0.045
 -1484.471     0.046
 -1484.371     0.047
 -1484.272     0.047
 -1484.172     0.048
 -1484.073     0.046
 -1483.973     0.045
 -1483.873     0.044
 -1483.774     0.044
 -1483.674     0.046
 -1483.575     0.046
 -1483.475     0.047
 -1483.375     0.048
 -1483.276     0.047
 -1483.176     0.049
 -1483.076     0.048
 -1482.977     0.047
 -1482.877     0.048
 -1482.778     0.046
 -1482.678     0.045
 -1482.578     0.048
 -1482.479     0.046
 -1482.379     0.045
 -1482.280     0.048
 -1482.180     0.049
 -1482.080     0.052
 -1481.981     0.055
 -1481.881     0.061
 -1481.782     0.064
 -1481.682     0.067
 -1481.582     0.067
 -1481.483     0.066
 -1481.383     0.066
 -1481.284     0.064
 -1481.184     0.063
 -1481.084     0.061
 -1480.985     0.053
 -1480.885     0.048
 -1480.785     0.046
 -1480.686     0.045
 -1480.586     0.044
 -1480.487     0.045
 -1480.387     0.046
 -1480.287     0.046
 -1480.188     0.046
 -1480.088     0.046
 -1479.989     0.045
 -1479.889     0.045
 -1479.789     0.046
 -1479.690     0.047
 -1479.590     0.049
 -1479.490     0.049
 -1479.391     0.048
 -1479.291     0.051
 -1479.192     0.051
 -1479.092     0.051
 -1478.993     0.053
 -1478.893     0.055
 -1478.793     0.058
 -1478.694     0.064
 -1478.594     0.066
 -1478.494     0.066
 -1478.395     0.066
 -1478.295     0.066
 -1478.196     0.065
 -1478.096     0.065
 -1477.996     0.063
 -1477.897     0.060
 -1477.797     0.055
 -1477.698     0.047
 -1477.598     0.044
 -1477.498     0.045
 -1477.399     0.045
 -1477.299     0.045
 -1477.200     0.046
 -1477.100     0.047
 -1477.000     0.046
 -1476.901     0.047
 -1476.801     0.044
 -1476.701     0.045
 -1476.602     0.044
 -1476.502     0.045
 -1476.403     0.045
 -1476.303     0.047
 -1476.203     0.047
 -1476.104     0.047
 -1476.004     0.049
 -1475.905     0.050
 -1475.805     0.050
 -1475.705     0.049
 -1475.606     0.049
 -1475.506     0.050
 -1475.407     0.050
 -1475.307     0.049
 -1475.207     0.048
 -1475.108     0.047
 -1475.008     0.046
 -1474.909     0.045
 -1474.809     0.045
 -1474.709     0.046
 -1474.610     0.048
 -1474.510     0.048
 -1474.410     0.049
 -1474.311     0.049
 -1474.211     0.050
 -1474.112     0.052
 -1474.012     0.052
 -1473.912     0.052
 -1473.813     0.054
 -1473.713     0.057
 -1473.614     0.058
 -1473.514     0.064
 -1473.414     0.067
 -1473.315     0.066
 -1473.215     0.066
 -1473.115     0.067
 -1473.016     0.064
 -1472.916     0.063
 -1472.817     0.058
 -1472.717     0.049
 -1472.618     0.046
 -1472.518     0.046
 -1472.418     0.044
 -1472.319     0.045
 -1472.219     0.047
 -1472.119     0.047
 -1472.020     0.050
 -1471.920     0.051
 -1471.821     0.052
 -1471.721     0.053
 -1471.621     0.057
 -1471.522     0.061
 -1471.422     0.064
 -1471.323     0.065
 -1471.223     0.065
 -1471.123     0.067
 -1471.024     0.067
 -1470.924     0.065
 -1470.825     0.064
 -1470.725     0.063
 -1470.625     0.058
 -1470.526     0.050
 -1470.426     0.047
 -1470.326     0.045
 -1470.227     0.046
 -1470.127     0.046
 -1470.028     0.045
 -1469.928     0.048
 -1469.828     0.048
 -1469.729     0.048
 -1469.629     0.048
 -1469.530     0.050
 -1469.430     0.049
 -1469.330     0.048
 -1469.231     0.046
 -1469.131     0.047
 -1469.032     0.046
 -1468.932     0.046
 -1468.832     0.046
 -1468.733     0.048
 -1468.633     0.046
 -1468.534     0.048
 -1468.434     0.046
 -1468.334     0.048
 -1468.235     0.047
 -1468.135     0.049
 -1468.035     0.048
 -1467.936     0.050
 -1467.836     0.048
 -1467.737     0.048
 -1467.637     0.049
 -1467.537     0.046
 -1467.438     0.049
 -1467.338     0.048
 -1467.239     0.050
 -1467.139     0.051
 -1467.039     0.053
 -1466.940     0.055
 -1466.840     0.060
 -1466.740     0.065
 -1466.641     0.066
 -1466.541     0.067
 -1466.442     0.069
 -1466.342     0.068
 -1466.243     0.068
 -1466.143     0.067
 -1466.043     0.063
 -1465.944     0.059
 -1465.844     0.049
 -1465.744     0.046
 -1465.645     0.048
 -1465.545     0.046
 -1465.446     0.045
 -1465.346     0.045
 -1465.246     0.046
 -1465.147     0.047
 -1465.047     0.047
 -1464.948     0.047
 -1464.848     0.049
 -1464.748     0.049
 -1464.649     0.049
 -1464.549     0.047
 -1464.450     0.048
 -1464.350     0.048
 -1464.250     0.049
 -1464.151     0.051
 -1464.051     0.052
 -1463.951     0.054
 -1463.852     0.057
 -1463.752     0.064
 -1463.653     0.067
 -1463.553     0.070
 -1463.453     0.070
 -1463.354     0.067
 -1463.254     0.067
 -1463.155     0.065
 -1463.055     0.060
 -1462.955     0.052
 -1462.856     0.047
 -1462.756     0.047
 -1462.657     0.046
 -1462.557     0.046
 -1462.457     0.047
 -1462.358     0.049
 -1462.258     0.049
 -1462.159     0.051
 -1462.059     0.054
 -1461.959     0.056
 -1461.860     0.059
 -1461.760     0.065
 -1461.660     0.067
 -1461.561     0.068
 -1461.461     0.069
 -1461.362     0.067
 -1461.262     0.067
 -1461.162     0.066
 -1461.063     0.062
 -1460.963     0.061
 -1460.864     0.052
 -1460.764     0.047
 -1460.664     0.046
 -1460.565     0.047
 -1460.465     0.047
 -1460.365     0.048
 -1460.266     0.047
 -1460.166     0.048
 -1460.067     0.048
 -1459.967     0.046
 -1459.868     0.049
 -1459.768     0.049
 -1459.668     0.051
 -1459.569     0.053
 -1459.469     0.057
 -1459.369     0.061
 -1459.270     0.067
 -1459.170     0.068
 -1459.071     0.069
 -1458.971     0.069
 -1458.871     0.068
 -1458.772     0.067
 -1458.672     0.064
 -1458.573     0.062
 -1458.473     0.059
 -1458.373     0.050
 -1458.274     0.047
 -1458.174     0.048
 -1458.075     0.048
 -1457.975     0.047
 -1457.875     0.048
 -1457.776     0.048
 -1457.676     0.049
 -1457.576     0.053
 -1457.477     0.053
 -1457.377     0.052
 -1457.278     0.055
 -1457.178     0.055
 -1457.078     0.059
 -1456.979     0.063
 -1456.879     0.068
 -1456.780     0.068
 -1456.680     0.069
 -1456.580     0.068
 -1456.481     0.066
 -1456.381     0.066
 -1456.282     0.063
 -1456.182     0.060
 -1456.082     0.051
 -1455.983     0.047
 -1455.883     0.046
 -1455.784     0.047
 -1455.684     0.046
 -1455.584     0.048
 -1455.485     0.048
 -1455.385     0.048
 -1455.285     0.047
 -1455.186     0.047
 -1455.086     0.048
 -1454.987     0.049
 -1454.887     0.050
 -1454.787     0.051
 -1454.688     0.050
 -1454.588     0.050
 -1454.489     0.049
 -1454.389     0.049
 -1454.289     0.048
 -1454.190     0.050
 -1454.090     0.049
 -1453.990     0.049
 -1453.891     0.050
 -1453.791     0.049
 -1453.692     0.050
 -1453.592     0.050
 -1453.493     0.049
 -1453.393     0.049
 -1453.293     0.047
 -1453.194     0.049
 -1453.094     0.047
 -1452.994     0.047
 -1452.895     0.050
 -1452.795     0.050
 -1452.696     0.050
 -1452.596     0.051
 -1452.496     0.050
 -1452.397     0.052
 -1452.297     0.053
 -1452.198     0.054
 -1452.098     0.055
 -1451.998     0.057
 -1451.899     0.060
 -1451.799     0.066
 -1451.700     0.069
 -1451.600     0.070
 -1451.500     0.069
 -1451.401     0.069
 -1451.301     0.069
 -1451.201     0.069
 -1451.102     0.069
 -1451.002     0.069
 -1450.903     0.069
 -1450.803     0.068
 -1450.703     0.067
 -1450.604     0.066
 -1450.504     0.061
 -1450.405     0.055
 -1450.305     0.050
 -1450.205     0.049
 -1450.106     0.049
 -1450.006     0.051
 -1449.907     0.052
 -1449.807     0.054
 -1449.707     0.057
 -1449.608     0.063
 -1449.508     0.069
 -1449.409     0.070
 -1449.309     0.071
 -1449.209     0.071
 -1449.110     0.069
 -1449.010     0.069
 -1448.910     0.067
 -1448.811     0.064
 -1448.711     0.059
 -1448.612     0.052
 -1448.512     0.049
 -1448.412     0.050
 -1448.313     0.049
 -1448.213     0.049
 -1448.114     0.050
 -1448.014     0.050
 -1447.914     0.051
 -1447.815     0.052
 -1447.715     0.051
 -1447.615     0.052
 -1447.516     0.050
 -1447.416     0.049
 -1447.317     0.050
 -1447.217     0.050
 -1447.118     0.050
 -1447.018     0.050
 -1446.918     0.051
 -1446.819     0.049
 -1446.719     0.049
 -1446.619     0.049
 -1446.520     0.049
 -1446.420     0.050
 -1446.321     0.050
 -1446.221     0.053
 -1446.121     0.053
 -1446.022     0.055
 -1445.922     0.056
 -1445.823     0.058
 -1445.723     0.059
 -1445.623     0.060
 -1445.524     0.068
 -1445.424     0.070
 -1445.325     0.069
 -1445.225     0.071
 -1445.125     0.071
 -1445.026     0.071
 -1444.926     0.071
 -1444.826     0.068
 -1444.727     0.067
 -1444.627     0.063
 -1444.528     0.053
 -1444.428     0.050
 -1444.328     0.049
 -1444.229     0.049
 -1444.129     0.049
 -1444.030     0.047
 -1443.930     0.048
 -1443.830     0.049
 -1443.731     0.049
 -1443.631     0.049
 -1443.532     0.049
 -1443.432     0.048
 -1443.332     0.047
 -1443.233     0.049
 -1443.133     0.051
 -1443.034     0.053
 -1442.934     0.055
 -1442.834     0.056
 -1442.735     0.059
 -1442.635     0.067
 -1442.535     0.070
 -1442.436     0.072
 -1442.336     0.073
 -1442.237     0.071
 -1442.137     0.069
 -1442.037     0.065
 -1441.938     0.062
 -1441.838     0.053
 -1441.739     0.050
 -1441.639     0.051
 -1441.539     0.050
 -1441.440     0.051
 -1441.340     0.051
 -1441.240     0.053
 -1441.141     0.052
 -1441.041     0.051
 -1440.942     0.051
 -1440.842     0.050
 -1440.743     0.050
 -1440.643     0.049
 -1440.543     0.050
 -1440.444     0.050
 -1440.344     0.051
 -1440.244     0.050
 -1440.145     0.051
 -1440.045     0.051
 -1439.946     0.050
 -1439.846     0.050
 -1439.746     0.052
 -1439.647     0.051
 -1439.547     0.052
 -1439.448     0.052
 -1439.348     0.052
 -1439.248     0.052
 -1439.149     0.052
 -1439.049     0.053
 -1438.950     0.053
 -1438.850     0.053
 -1438.750     0.051
 -1438.651     0.049
 -1438.551     0.050
 -1438.451     0.051
 -1438.352     0.052
 -1438.252     0.053
 -1438.153     0.053
 -1438.053     0.054
 -1437.953     0.054
 -1437.854     0.053
 -1437.754     0.053
 -1437.655     0.052
 -1437.555     0.050
 -1437.455     0.050
 -1437.356     0.050
 -1437.256     0.052
 -1437.157     0.052
 -1437.057     0.053
 -1436.957     0.053
 -1436.858     0.054
 -1436.758     0.056
 -1436.659     0.053
 -1436.559     0.050
 -1436.459     0.050
 -1436.360     0.048
 -1436.260     0.050
 -1436.160     0.051
 -1436.061     0.052
 -1435.961     0.052
 -1435.862     0.053
 -1435.762     0.053
 -1435.662     0.055
 -1435.563     0.057
 -1435.463     0.058
 -1435.364     0.059
 -1435.264     0.060
 -1435.164     0.065
 -1435.065     0.069
 -1434.965     0.070
 -1434.865     0.071
 -1434.766     0.070
 -1434.666     0.069
 -1434.567     0.068
 -1434.467     0.066
 -1434.368     0.063
 -1434.268     0.056
 -1434.168     0.050
 -1434.069     0.049
 -1433.969     0.050
 -1433.869     0.049
 -1433.770     0.050
 -1433.670     0.050
 -1433.571     0.052
 -1433.471     0.050
 -1433.371     0.050
 -1433.272     0.050
 -1433.172     0.053
 -1433.073     0.055
 -1432.973     0.054
 -1432.873     0.057
 -1432.774     0.056
 -1432.674     0.058
 -1432.575     0.064
 -1432.475     0.069
 -1432.375     0.071
 -1432.276     0.072
 -1432.176     0.071
 -1432.076     0.070
 -1431.977     0.071
 -1431.877     0.067
 -1431.778     0.067
 -1431.678     0.062
 -1431.578     0.055
 -1431.479     0.051
 -1431.379     0.050
 -1431.280     0.050
 -1431.180     0.051
 -1431.080     0.051
 -1430.981     0.051
 -1430.881     0.053
 -1430.782     0.052
 -1430.682     0.051
 -1430.582     0.052
 -1430.483     0.052
 -1430.383     0.051
 -1430.284     0.050
 -1430.184     0.050
 -1430.084     0.050
 -1429.985     0.048
 -1429.885     0.050
 -1429.785     0.053
 -1429.686     0.054
 -1429.586     0.056
 -1429.487     0.059
 -1429.387     0.063
 -1429.287     0.069
 -1429.188     0.071
 -1429.088     0.072
 -1428.989     0.074
 -1428.889     0.072
 -1428.789     0.070
 -1428.690     0.071
 -1428.590     0.069
 -1428.490     0.069
 -1428.391     0.066
 -1428.291     0.058
 -1428.192     0.055
 -1428.092     0.051
 -1427.993     0.051
 -1427.893     0.051
 -1427.793     0.051
 -1427.694     0.051
 -1427.594     0.051
 -1427.494     0.051
 -1427.395     0.051
 -1427.295     0.052
 -1427.196     0.051
 -1427.096     0.052
 -1426.996     0.051
 -1426.897     0.052
 -1426.797     0.053
 -1426.698     0.053
 -1426.598     0.052
 -1426.498     0.053
 -1426.399     0.052
 -1426.299     0.053
 -1426.200     0.053
 -1426.100     0.054
 -1426.000     0.052
 -1425.901     0.053
 -1425.801     0.054
 -1425.701     0.053
 -1425.602     0.053
 -1425.502     0.054
 -1425.403     0.053
 -1425.303     0.053
 -1425.203     0.054
 -1425.104     0.054
 -1425.004     0.053
 -1424.905     0.053
 -1424.805     0.052
 -1424.705     0.050
 -1424.606     0.052
 -1424.506     0.052
 -1424.407     0.053
 -1424.307     0.054
 -1424.207     0.056
 -1424.108     0.056
 -1424.008     0.056
 -1423.909     0.055
 -1423.809     0.054
 -1423.709     0.054
 -1423.610     0.056
 -1423.510     0.055
 -1423.410     0.051
 -1423.311     0.053
 -1423.211     0.052
 -1423.112     0.052
 -1423.012     0.053
 -1422.912     0.054
 -1422.813     0.054
 -1422.713     0.055
 -1422.614     0.056
 -1422.514     0.057
 -1422.414     0.057
 -1422.315     0.057
 -1422.215     0.054
 -1422.115     0.053
 -1422.016     0.053
 -1421.916     0.053
 -1421.817     0.053
 -1421.717     0.053
 -1421.618     0.053
 -1421.518     0.055
 -1421.418     0.056
 -1421.319     0.056
 -1421.219     0.054
 -1421.119     0.056
 -1421.020     0.056
 -1420.920     0.056
 -1420.821     0.055
 -1420.721     0.053
 -1420.621     0.052
 -1420.522     0.053
 -1420.422     0.053
 -1420.323     0.054
 -1420.223     0.055
 -1420.123     0.057
 -1420.024     0.058
 -1419.924     0.060
 -1419.825     0.063
 -1419.725     0.068
 -1419.625     0.072
 -1419.526     0.072
 -1419.426     0.073
 -1419.326     0.073
 -1419.227     0.071
 -1419.127     0.071
 -1419.028     0.070
 -1418.928     0.068
 -1418.828     0.067
 -1418.729     0.060
 -1418.629     0.054
 -1418.530     0.052
 -1418.430     0.051
 -1418.330     0.052
 -1418.231     0.053
 -1418.131     0.053
 -1418.032     0.053
 -1417.932     0.053
 -1417.832     0.052
 -1417.733     0.054
 -1417.633     0.055
 -1417.534     0.054
 -1417.434     0.055
 -1417.334     0.055
 -1417.235     0.056
 -1417.135     0.058
 -1417.035     0.055
 -1416.936     0.056
 -1416.836     0.055
 -1416.737     0.055
 -1416.637     0.054
 -1416.537     0.054
 -1416.438     0.053
 -1416.338     0.055
 -1416.239     0.053
 -1416.139     0.056
 -1416.039     0.055
 -1415.940     0.054
 -1415.840     0.053
 -1415.740     0.053
 -1415.641     0.054
 -1415.541     0.054
 -1415.442     0.055
 -1415.342     0.055
 -1415.243     0.056
 -1415.143     0.056
 -1415.043     0.052
 -1414.944     0.054
 -1414.844     0.053
 -1414.744     0.055
 -1414.645     0.056
 -1414.545     0.057
 -1414.446     0.057
 -1414.346     0.057
 -1414.246     0.056
 -1414.147     0.056
 -1414.047     0.055
 -1413.948     0.055
 -1413.848     0.053
 -1413.748     0.052
 -1413.649     0.053
 -1413.549     0.054
 -1413.450     0.055
 -1413.350     0.053
 -1413.250     0.052
 -1413.151     0.053
 -1413.051     0.056
 -1412.951     0.055
 -1412.852     0.054
 -1412.752     0.056
 -1412.653     0.054
 -1412.553     0.055
 -1412.453     0.054
 -1412.354     0.053
 -1412.254     0.053
 -1412.155     0.055
 -1412.055     0.053
 -1411.955     0.056
 -1411.856     0.055
 -1411.756     0.057
 -1411.657     0.058
 -1411.557     0.057
 -1411.457     0.058
 -1411.358     0.057
 -1411.258     0.057
 -1411.159     0.055
 -1411.059     0.054
 -1410.959     0.053
 -1410.860     0.055
 -1410.760     0.055
 -1410.660     0.055
 -1410.561     0.056
 -1410.461     0.055
 -1410.362     0.056
 -1410.262     0.057
 -1410.162     0.056
 -1410.063     0.055
 -1409.963     0.055
 -1409.864     0.053
 -1409.764     0.055
 -1409.664     0.054
 -1409.565     0.054
 -1409.465     0.055
 -1409.365     0.054
 -1409.266     0.055
 -1409.166     0.055
 -1409.067     0.055
 -1408.967     0.056
 -1408.868     0.054
 -1408.768     0.057
 -1408.668     0.057
 -1408.569     0.056
 -1408.469     0.056
 -1408.369     0.056
 -1408.270     0.055
 -1408.170     0.055
 -1408.071     0.054
 -1407.971     0.054
 -1407.871     0.053
 -1407.772     0.054
 -1407.672     0.054
 -1407.573     0.057
 -1407.473     0.057
 -1407.373     0.056
 -1407.274     0.057
 -1407.174     0.055
 -1407.075     0.056
 -1406.975     0.057
 -1406.875     0.054
 -1406.776     0.054
 -1406.676     0.056
 -1406.576     0.057
 -1406.477     0.056
 -1406.377     0.057
 -1406.278     0.057
 -1406.178     0.059
 -1406.078     0.059
 -1405.979     0.061
 -1405.879     0.062
 -1405.780     0.063
 -1405.680     0.063
 -1405.580     0.062
 -1405.481     0.064
 -1405.381     0.070
 -1405.282     0.072
 -1405.182     0.073
 -1405.082     0.072
 -1404.983     0.069
 -1404.883     0.066
 -1404.784     0.060
 -1404.684     0.053
 -1404.584     0.054
 -1404.485     0.055
 -1404.385     0.055
 -1404.285     0.055
 -1404.186     0.053
 -1404.086     0.053
 -1403.987     0.055
 -1403.887     0.056
 -1403.787     0.057
 -1403.688     0.055
 -1403.588     0.057
 -1403.489     0.057
 -1403.389     0.055
 -1403.289     0.057
 -1403.190     0.057
 -1403.090     0.056
 -1402.990     0.055
 -1402.891     0.056
 -1402.791     0.057
 -1402.692     0.059
 -1402.592     0.060
 -1402.493     0.060
 -1402.393     0.061
 -1402.293     0.062
 -1402.194     0.062
 -1402.094     0.061
 -1401.994     0.060
 -1401.895     0.061
 -1401.795     0.060
 -1401.696     0.062
 -1401.596     0.059
 -1401.496     0.059
 -1401.397     0.061
 -1401.297     0.060
 -1401.198     0.059
 -1401.098     0.056
 -1400.998     0.055
 -1400.899     0.055
 -1400.799     0.055
 -1400.700     0.056
 -1400.600     0.057
 -1400.500     0.055
 -1400.401     0.055
 -1400.301     0.055
 -1400.201     0.055
 -1400.102     0.055
 -1400.002     0.055
 -1399.903     0.055
 -1399.803     0.053
 -1399.703     0.056
 -1399.604     0.055
 -1399.504     0.055
 -1399.405     0.055
 -1399.305     0.057
 -1399.205     0.057
 -1399.106     0.058
 -1399.006     0.057
 -1398.907     0.057
 -1398.807     0.057
 -1398.707     0.056
 -1398.608     0.056
 -1398.508     0.056
 -1398.409     0.056
 -1398.309     0.056
 -1398.209     0.057
 -1398.110     0.058
 -1398.010     0.058
 -1397.910     0.056
 -1397.811     0.057
 -1397.711     0.057
 -1397.612     0.056
 -1397.512     0.056
 -1397.412     0.055
 -1397.313     0.057
 -1397.213     0.057
 -1397.114     0.057
 -1397.014     0.057
 -1396.914     0.056
 -1396.815     0.056
 -1396.715     0.054
 -1396.615     0.054
 -1396.516     0.056
 -1396.416     0.059
 -1396.317     0.059
 -1396.217     0.058
 -1396.118     0.059
 -1396.018     0.060
 -1395.918     0.059
 -1395.819     0.062
 -1395.719     0.061
 -1395.619     0.061
 -1395.520     0.062
 -1395.420     0.064
 -1395.321     0.064
 -1395.221     0.061
 -1395.121     0.061
 -1395.022     0.061
 -1394.922     0.061
 -1394.823     0.058
 -1394.723     0.056
 -1394.623     0.055
 -1394.524     0.055
 -1394.424     0.055
 -1394.325     0.055
 -1394.225     0.055
 -1394.125     0.057
 -1394.026     0.057
 -1393.926     0.057
 -1393.826     0.057
 -1393.727     0.057
 -1393.627     0.059
 -1393.528     0.055
 -1393.428     0.056
 -1393.328     0.055
 -1393.229     0.056
 -1393.129     0.057
 -1393.030     0.058
 -1392.930     0.056
 -1392.830     0.056
 -1392.731     0.056
 -1392.631     0.056
 -1392.532     0.056
 -1392.432     0.058
 -1392.332     0.059
 -1392.233     0.060
 -1392.133     0.061
 -1392.034     0.062
 -1391.934     0.062
 -1391.834     0.064
 -1391.735     0.070
 -1391.635     0.074
 -1391.535     0.075
 -1391.436     0.074
 -1391.336     0.073
 -1391.237     0.073
 -1391.137     0.069
 -1391.037     0.063
 -1390.938     0.056
 -1390.838     0.055
 -1390.739     0.054
 -1390.639     0.055
 -1390.539     0.056
 -1390.440     0.055
 -1390.340     0.054
 -1390.240     0.054
 -1390.141     0.055
 -1390.041     0.056
 -1389.942     0.055
 -1389.842     0.055
 -1389.743     0.056
 -1389.643     0.056
 -1389.543     0.057
 -1389.444     0.059
 -1389.344     0.060
 -1389.244     0.063
 -1389.145     0.065
 -1389.045     0.071
 -1388.946     0.074
 -1388.846     0.076
 -1388.746     0.076
 -1388.647     0.077
 -1388.547     0.074
 -1388.448     0.068
 -1388.348     0.064
 -1388.248     0.057
 -1388.149     0.054
 -1388.049     0.054
 -1387.950     0.054
 -1387.850     0.054
 -1387.750     0.055
 -1387.651     0.057
 -1387.551     0.058
 -1387.451     0.058
 -1387.352     0.059
 -1387.252     0.063
 -1387.153     0.065
 -1387.053     0.073
 -1386.953     0.074
 -1386.854     0.075
 -1386.754     0.074
 -1386.655     0.075
 -1386.555     0.075
 -1386.455     0.074
 -1386.356     0.070
 -1386.256     0.069
 -1386.157     0.060
 -1386.057     0.057
 -1385.957     0.056
 -1385.858     0.055
 -1385.758     0.057
 -1385.659     0.054
 -1385.559     0.054
 -1385.459     0.054
 -1385.360     0.055
 -1385.260     0.059
 -1385.160     0.060
 -1385.061     0.061
 -1384.961     0.061
 -1384.862     0.065
 -1384.762     0.071
 -1384.662     0.074
 -1384.563     0.077
 -1384.463     0.076
 -1384.364     0.075
 -1384.264     0.075
 -1384.164     0.075
 -1384.065     0.074
 -1383.965     0.070
 -1383.865     0.067
 -1383.766     0.060
 -1383.666     0.056
 -1383.567     0.054
 -1383.467     0.054
 -1383.368     0.056
 -1383.268     0.055
 -1383.168     0.056
 -1383.069     0.058
 -1382.969     0.059
 -1382.869     0.060
 -1382.770     0.062
 -1382.670     0.063
 -1382.571     0.062
 -1382.471     0.063
 -1382.371     0.067
 -1382.272     0.072
 -1382.172     0.075
 -1382.073     0.075
 -1381.973     0.075
 -1381.873     0.074
 -1381.774     0.072
 -1381.674     0.069
 -1381.575     0.067
 -1381.475     0.059
 -1381.375     0.058
 -1381.276     0.056
 -1381.176     0.055
 -1381.076     0.055
 -1380.977     0.055
 -1380.877     0.056
 -1380.778     0.057
 -1380.678     0.058
 -1380.578     0.060
 -1380.479     0.061
 -1380.379     0.063
 -1380.280     0.065
 -1380.180     0.071
 -1380.080     0.075
 -1379.981     0.079
 -1379.881     0.076
 -1379.782     0.076
 -1379.682     0.078
 -1379.582     0.077
 -1379.483     0.076
 -1379.383     0.075
 -1379.284     0.075
 -1379.184     0.070
 -1379.084     0.066
 -1378.985     0.060
 -1378.885     0.056
 -1378.785     0.056
 -1378.686     0.055
 -1378.586     0.056
 -1378.487     0.059
 -1378.387     0.059
 -1378.287     0.059
 -1378.188     0.060
 -1378.088     0.061
 -1377.989     0.064
 -1377.889     0.064
 -1377.789     0.066
 -1377.690     0.070
 -1377.590     0.076
 -1377.490     0.078
 -1377.391     0.078
 -1377.291     0.079
 -1377.192     0.080
 -1377.092     0.079
 -1376.993     0.078
 -1376.893     0.074
 -1376.793     0.071
 -1376.694     0.063
 -1376.594     0.056
 -1376.494     0.057
 -1376.395     0.057
 -1376.295     0.058
 -1376.196     0.060
 -1376.096     0.058
 -1375.996     0.060
 -1375.897     0.061
 -1375.797     0.063
 -1375.698     0.064
 -1375.598     0.066
 -1375.498     0.068
 -1375.399     0.072
 -1375.299     0.077
 -1375.200     0.078
 -1375.100     0.077
 -1375.000     0.076
 -1374.901     0.074
 -1374.801     0.070
 -1374.701     0.066
 -1374.602     0.058
 -1374.502     0.058
 -1374.403     0.055
 -1374.303     0.057
 -1374.203     0.058
 -1374.104     0.057
 -1374.004     0.059
 -1373.905     0.057
 -1373.805     0.058
 -1373.705     0.057
 -1373.606     0.058
 -1373.506     0.058
 -1373.407     0.059
 -1373.307     0.060
 -1373.207     0.063
 -1373.108     0.062
 -1373.008     0.064
 -1372.909     0.062
 -1372.809     0.064
 -1372.709     0.064
 -1372.610     0.066
 -1372.510     0.069
 -1372.410     0.073
 -1372.311     0.077
 -1372.211     0.078
 -1372.112     0.079
 -1372.012     0.079
 -1371.912     0.079
 -1371.813     0.079
 -1371.713     0.078
 -1371.614     0.076
 -1371.514     0.076
 -1371.414     0.073
 -1371.315     0.070
 -1371.215     0.063
 -1371.115     0.059
 -1371.016     0.057
 -1370.916     0.056
 -1370.817     0.058
 -1370.717     0.059
 -1370.618     0.059
 -1370.518     0.057
 -1370.418     0.059
 -1370.319     0.058
 -1370.219     0.060
 -1370.119     0.058
 -1370.020     0.058
 -1369.920     0.060
 -1369.821     0.059
 -1369.721     0.061
 -1369.621     0.060
 -1369.522     0.059
 -1369.422     0.060
 -1369.323     0.061
 -1369.223     0.060
 -1369.123     0.058
 -1369.024     0.058
 -1368.924     0.059
 -1368.825     0.060
 -1368.725     0.061
 -1368.625     0.065
 -1368.526     0.065
 -1368.426     0.070
 -1368.326     0.077
 -1368.227     0.078
 -1368.127     0.080
 -1368.028     0.081
 -1367.928     0.080
 -1367.828     0.081
 -1367.729     0.078
 -1367.629     0.077
 -1367.530     0.075
 -1367.430     0.071
 -1367.330     0.062
 -1367.231     0.062
 -1367.131     0.059
 -1367.032     0.058
 -1366.932     0.058
 -1366.832     0.058
 -1366.733     0.057
 -1366.633     0.060
 -1366.534     0.061
 -1366.434     0.063
 -1366.334     0.064
 -1366.235     0.065
 -1366.135     0.071
 -1366.035     0.078
 -1365.936     0.081
 -1365.836     0.080
 -1365.737     0.081
 -1365.637     0.080
 -1365.537     0.079
 -1365.438     0.080
 -1365.338     0.077
 -1365.239     0.074
 -1365.139     0.070
 -1365.039     0.062
 -1364.940     0.060
 -1364.840     0.059
 -1364.740     0.060
 -1364.641     0.060
 -1364.541     0.061
 -1364.442     0.061
 -1364.342     0.062
 -1364.243     0.062
 -1364.143     0.061
 -1364.043     0.059
 -1363.944     0.060
 -1363.844     0.059
 -1363.744     0.060
 -1363.645     0.061
 -1363.545     0.060
 -1363.446     0.063
 -1363.346     0.063
 -1363.246     0.063
 -1363.147     0.062
 -1363.047     0.063
 -1362.948     0.062
 -1362.848     0.062
 -1362.748     0.063
 -1362.649     0.061
 -1362.549     0.061
 -1362.450     0.061
 -1362.350     0.062
 -1362.250     0.060
 -1362.151     0.061
 -1362.051     0.059
 -1361.951     0.061
 -1361.852     0.061
 -1361.752     0.062
 -1361.653     0.061
 -1361.553     0.061
 -1361.453     0.062
 -1361.354     0.061
 -1361.254     0.061
 -1361.155     0.059
 -1361.055     0.060
 -1360.955     0.060
 -1360.856     0.061
 -1360.756     0.060
 -1360.657     0.061
 -1360.557     0.061
 -1360.457     0.062
 -1360.358     0.060
 -1360.258     0.060
 -1360.159     0.062
 -1360.059     0.062
 -1359.959     0.061
 -1359.860     0.061
 -1359.760     0.061
 -1359.660     0.060
 -1359.561     0.061
 -1359.461     0.060
 -1359.362     0.061
 -1359.262     0.062
 -1359.162     0.065
 -1359.063     0.064
 -1358.963     0.064
 -1358.864     0.067
 -1358.764     0.068
 -1358.664     0.070
 -1358.565     0.076
 -1358.465     0.080
 -1358.365     0.082
 -1358.266     0.081
 -1358.166     0.080
 -1358.067     0.079
 -1357.967     0.078
 -1357.868     0.074
 -1357.768     0.068
 -1357.668     0.061
 -1357.569     0.058
 -1357.469     0.059
 -1357.369     0.061
 -1357.270     0.060
 -1357.170     0.062
 -1357.071     0.062
 -1356.971     0.061
 -1356.871     0.060
 -1356.772     0.060
 -1356.672     0.060
 -1356.573     0.060
 -1356.473     0.061
 -1356.373     0.063
 -1356.274     0.063
 -1356.174     0.064
 -1356.075     0.064
 -1355.975     0.065
 -1355.875     0.066
 -1355.776     0.064
 -1355.676     0.064
 -1355.576     0.065
 -1355.477     0.062
 -1355.377     0.062
 -1355.278     0.060
 -1355.178     0.060
 -1355.078     0.061
 -1354.979     0.061
 -1354.879     0.060
 -1354.780     0.060
 -1354.680     0.060
 -1354.580     0.062
 -1354.481     0.061
 -1354.381     0.064
 -1354.282     0.065
 -1354.182     0.067
 -1354.082     0.068
 -1353.983     0.067
 -1353.883     0.071
 -1353.784     0.076
 -1353.684     0.079
 -1353.584     0.081
 -1353.485     0.080
 -1353.385     0.082
 -1353.285     0.079
 -1353.186     0.078
 -1353.086     0.073
 -1352.987     0.065
 -1352.887     0.060
 -1352.787     0.061
 -1352.688     0.059
 -1352.588     0.061
 -1352.489     0.059
 -1352.389     0.060
 -1352.289     0.060
 -1352.190     0.062
 -1352.090     0.063
 -1351.990     0.064
 -1351.891     0.065
 -1351.791     0.065
 -1351.692     0.065
 -1351.592     0.066
 -1351.493     0.066
 -1351.393     0.064
 -1351.293     0.065
 -1351.194     0.065
 -1351.094     0.062
 -1350.994     0.061
 -1350.895     0.060
 -1350.795     0.061
 -1350.696     0.061
 -1350.596     0.062
 -1350.496     0.063
 -1350.397     0.066
 -1350.297     0.065
 -1350.198     0.069
 -1350.098     0.073
 -1349.998     0.078
 -1349.899     0.080
 -1349.799     0.080
 -1349.700     0.081
 -1349.600     0.080
 -1349.500     0.077
 -1349.401     0.074
 -1349.301     0.065
 -1349.201     0.061
 -1349.102     0.060
 -1349.002     0.060
 -1348.903     0.061
 -1348.803     0.063
 -1348.703     0.065
 -1348.604     0.064
 -1348.504     0.066
 -1348.405     0.066
 -1348.305     0.068
 -1348.205     0.068
 -1348.106     0.072
 -1348.006     0.079
 -1347.907     0.081
 -1347.807     0.083
 -1347.707     0.079
 -1347.608     0.080
 -1347.508     0.077
 -1347.409     0.072
 -1347.309     0.064
 -1347.209     0.060
 -1347.110     0.059
 -1347.010     0.060
 -1346.910     0.061
 -1346.811     0.062
 -1346.711     0.063
 -1346.612     0.064
 -1346.512     0.065
 -1346.412     0.067
 -1346.313     0.068
 -1346.213     0.070
 -1346.114     0.075
 -1346.014     0.080
 -1345.914     0.083
 -1345.815     0.084
 -1345.715     0.081
 -1345.615     0.081
 -1345.516     0.080
 -1345.416     0.079
 -1345.317     0.076
 -1345.217     0.072
 -1345.118     0.066
 -1345.018     0.062
 -1344.918     0.062
 -1344.819     0.061
 -1344.719     0.061
 -1344.619     0.063
 -1344.520     0.061
 -1344.420     0.061
 -1344.321     0.062
 -1344.221     0.062
 -1344.121     0.062
 -1344.022     0.063
 -1343.922     0.064
 -1343.823     0.064
 -1343.723     0.063
 -1343.623     0.064
 -1343.524     0.064
 -1343.424     0.065
 -1343.325     0.063
 -1343.225     0.062
 -1343.125     0.061
 -1343.026     0.063
 -1342.926     0.064
 -1342.826     0.067
 -1342.727     0.070
 -1342.627     0.074
 -1342.528     0.081
 -1342.428     0.084
 -1342.328     0.085
 -1342.229     0.083
 -1342.129     0.084
 -1342.030     0.084
 -1341.930     0.084
 -1341.830     0.081
 -1341.731     0.078
 -1341.631     0.073
 -1341.532     0.065
 -1341.432     0.062
 -1341.332     0.062
 -1341.233     0.061
 -1341.133     0.062
 -1341.034     0.061
 -1340.934     0.060
 -1340.834     0.063
 -1340.735     0.064
 -1340.635     0.066
 -1340.535     0.066
 -1340.436     0.067
 -1340.336     0.068
 -1340.237     0.069
 -1340.137     0.070
 -1340.037     0.072
 -1339.938     0.075
 -1339.838     0.080
 -1339.739     0.082
 -1339.639     0.081
 -1339.539     0.082
 -1339.440     0.082
 -1339.340     0.082
 -1339.240     0.079
 -1339.141     0.077
 -1339.041     0.076
 -1338.942     0.070
 -1338.842     0.064
 -1338.743     0.060
 -1338.643     0.061
 -1338.543     0.059
 -1338.444     0.060
 -1338.344     0.063
 -1338.244     0.063
 -1338.145     0.063
 -1338.045     0.064
 -1337.946     0.066
 -1337.846     0.066
 -1337.746     0.067
 -1337.647     0.067
 -1337.547     0.068
 -1337.448     0.069
 -1337.348     0.069
 -1337.248     0.070
 -1337.149     0.069
 -1337.049     0.068
 -1336.950     0.069
 -1336.850     0.067
 -1336.750     0.066
 -1336.651     0.064
 -1336.551     0.062
 -1336.451     0.063
 -1336.352     0.062
 -1336.252     0.061
 -1336.153     0.063
 -1336.053     0.063
 -1335.953     0.062
 -1335.854     0.064
 -1335.754     0.064
 -1335.655     0.065
 -1335.555     0.067
 -1335.455     0.069
 -1335.356     0.071
 -1335.256     0.077
 -1335.157     0.082
 -1335.057     0.084
 -1334.957     0.085
 -1334.858     0.082
 -1334.758     0.080
 -1334.659     0.079
 -1334.559     0.076
 -1334.459     0.067
 -1334.360     0.063
 -1334.260     0.064
 -1334.160     0.063
 -1334.061     0.064
 -1333.961     0.065
 -1333.862     0.066
 -1333.762     0.068
 -1333.662     0.069
 -1333.563     0.070
 -1333.463     0.070
 -1333.364     0.071
 -1333.264     0.073
 -1333.164     0.075
 -1333.065     0.081
 -1332.965     0.084
 -1332.865     0.084
 -1332.766     0.084
 -1332.666     0.082
 -1332.567     0.081
 -1332.467     0.076
 -1332.368     0.068
 -1332.268     0.063
 -1332.168     0.062
 -1332.069     0.063
 -1331.969     0.061
 -1331.869     0.063
 -1331.770     0.062
 -1331.670     0.063
 -1331.571     0.064
 -1331.471     0.065
 -1331.371     0.066
 -1331.272     0.069
 -1331.172     0.071
 -1331.073     0.076
 -1330.973     0.080
 -1330.873     0.083
 -1330.774     0.083
 -1330.674     0.083
 -1330.575     0.082
 -1330.475     0.083
 -1330.375     0.084
 -1330.276     0.083
 -1330.176     0.083
 -1330.076     0.080
 -1329.977     0.079
 -1329.877     0.075
 -1329.778     0.067
 -1329.678     0.065
 -1329.578     0.064
 -1329.479     0.063
 -1329.379     0.064
 -1329.280     0.063
 -1329.180     0.064
 -1329.080     0.063
 -1328.981     0.064
 -1328.881     0.064
 -1328.782     0.062
 -1328.682     0.063
 -1328.582     0.065
 -1328.483     0.067
 -1328.383     0.068
 -1328.284     0.071
 -1328.184     0.072
 -1328.084     0.072
 -1327.985     0.076
 -1327.885     0.080
 -1327.785     0.084
 -1327.686     0.085
 -1327.586     0.084
 -1327.487     0.085
 -1327.387     0.083
 -1327.287     0.081
 -1327.188     0.081
 -1327.088     0.079
 -1326.989     0.073
 -1326.889     0.067
 -1326.789     0.063
 -1326.690     0.062
 -1326.590     0.062
 -1326.490     0.063
 -1326.391     0.064
 -1326.291     0.062
 -1326.192     0.064
 -1326.092     0.066
 -1325.993     0.068
 -1325.893     0.070
 -1325.793     0.070
 -1325.694     0.077
 -1325.594     0.081
 -1325.494     0.085
 -1325.395     0.086
 -1325.295     0.086
 -1325.196     0.084
 -1325.096     0.082
 -1324.996     0.081
 -1324.897     0.079
 -1324.797     0.071
 -1324.698     0.067
 -1324.598     0.065
 -1324.498     0.065
 -1324.399     0.064
 -1324.299     0.064
 -1324.200     0.066
 -1324.100     0.067
 -1324.000     0.069
 -1323.901     0.068
 -1323.801     0.069
 -1323.701     0.071
 -1323.602     0.073
 -1323.502     0.073
 -1323.403     0.076
 -1323.303     0.081
 -1323.203     0.084
 -1323.104     0.085
 -1323.004     0.085
 -1322.905     0.085
 -1322.805     0.083
 -1322.705     0.082
 -1322.606     0.079
 -1322.506     0.074
 -1322.407     0.065
 -1322.307     0.065
 -1322.207     0.064
 -1322.108     0.065
 -1322.008     0.064
 -1321.909     0.065
 -1321.809     0.065
 -1321.709     0.065
 -1321.610     0.066
 -1321.510     0.065
 -1321.410     0.063
 -1321.311     0.065
 -1321.211     0.065
 -1321.112     0.067
 -1321.012     0.068
 -1320.912     0.070
 -1320.813     0.075
 -1320.713     0.078
 -1320.614     0.083
 -1320.514     0.084
 -1320.414     0.086
 -1320.315     0.086
 -1320.215     0.083
 -1320.115     0.083
 -1320.016     0.083
 -1319.916     0.077
 -1319.817     0.071
 -1319.717     0.066
 -1319.618     0.064
 -1319.518     0.064
 -1319.418     0.065
 -1319.319     0.065
 -1319.219     0.067
 -1319.119     0.068
 -1319.020     0.068
 -1318.920     0.068
 -1318.821     0.068
 -1318.721     0.069
 -1318.621     0.067
 -1318.522     0.069
 -1318.422     0.068
 -1318.323     0.065
 -1318.223     0.065
 -1318.123     0.065
 -1318.024     0.067
 -1317.924     0.068
 -1317.825     0.069
 -1317.725     0.071
 -1317.625     0.071
 -1317.526     0.073
 -1317.426     0.075
 -1317.326     0.080
 -1317.227     0.085
 -1317.127     0.086
 -1317.028     0.085
 -1316.928     0.087
 -1316.828     0.087
 -1316.729     0.088
 -1316.629     0.086
 -1316.530     0.085
 -1316.430     0.081
 -1316.330     0.078
 -1316.231     0.070
 -1316.131     0.068
 -1316.032     0.066
 -1315.932     0.065
 -1315.832     0.066
 -1315.733     0.064
 -1315.633     0.065
 -1315.534     0.066
 -1315.434     0.068
 -1315.334     0.067
 -1315.235     0.067
 -1315.135     0.066
 -1315.035     0.065
 -1314.936     0.067
 -1314.836     0.067
 -1314.737     0.067
 -1314.637     0.068
 -1314.537     0.068
 -1314.438     0.068
 -1314.338     0.069
 -1314.239     0.068
 -1314.139     0.070
 -1314.039     0.070
 -1313.940     0.070
 -1313.840     0.071
 -1313.740     0.071
 -1313.641     0.072
 -1313.541     0.070
 -1313.442     0.071
 -1313.342     0.069
 -1313.243     0.068
 -1313.143     0.068
 -1313.043     0.067
 -1312.944     0.068
 -1312.844     0.069
 -1312.744     0.069
 -1312.645     0.069
 -1312.545     0.068
 -1312.446     0.067
 -1312.346     0.067
 -1312.246     0.067
 -1312.147     0.066
 -1312.047     0.067
 -1311.948     0.069
 -1311.848     0.069
 -1311.748     0.069
 -1311.649     0.066
 -1311.549     0.066
 -1311.450     0.069
 -1311.350     0.072
 -1311.250     0.074
 -1311.151     0.083
 -1311.051     0.087
 -1310.951     0.088
 -1310.852     0.088
 -1310.752     0.090
 -1310.653     0.089
 -1310.553     0.089
 -1310.453     0.090
 -1310.354     0.088
 -1310.254     0.086
 -1310.155     0.080
 -1310.055     0.071
 -1309.955     0.069
 -1309.856     0.066
 -1309.756     0.067
 -1309.657     0.066
 -1309.557     0.068
 -1309.457     0.067
 -1309.358     0.069
 -1309.258     0.070
 -1309.159     0.070
 -1309.059     0.071
 -1308.959     0.072
 -1308.860     0.074
 -1308.760     0.074
 -1308.660     0.076
 -1308.561     0.082
 -1308.461     0.085
 -1308.362     0.086
 -1308.262     0.087
 -1308.162     0.086
 -1308.063     0.086
 -1307.963     0.084
 -1307.864     0.078
 -1307.764     0.073
 -1307.664     0.068
 -1307.565     0.067
 -1307.465     0.067
 -1307.365     0.067
 -1307.266     0.066
 -1307.166     0.067
 -1307.067     0.067
 -1306.967     0.068
 -1306.868     0.070
 -1306.768     0.069
 -1306.668     0.069
 -1306.569     0.068
 -1306.469     0.068
 -1306.369     0.066
 -1306.270     0.067
 -1306.170     0.070
 -1306.071     0.069
 -1305.971     0.069
 -1305.871     0.069
 -1305.772     0.070
 -1305.672     0.069
 -1305.573     0.069
 -1305.473     0.070
 -1305.373     0.069
 -1305.274     0.069
 -1305.174     0.070
 -1305.075     0.071
 -1304.975     0.070
 -1304.875     0.070
 -1304.776     0.069
 -1304.676     0.069
 -1304.576     0.070
 -1304.477     0.069
 -1304.377     0.071
 -1304.278     0.069
 -1304.178     0.070
 -1304.078     0.071
 -1303.979     0.069
 -1303.879     0.071
 -1303.780     0.070
 -1303.680     0.071
 -1303.580     0.071
 -1303.481     0.070
 -1303.381     0.072
 -1303.282     0.070
 -1303.182     0.070
 -1303.082     0.069
 -1302.983     0.070
 -1302.883     0.070
 -1302.784     0.071
 -1302.684     0.071
 -1302.584     0.068
 -1302.485     0.069
 -1302.385     0.070
 -1302.285     0.068
 -1302.186     0.070
 -1302.086     0.070
 -1301.987     0.070
 -1301.887     0.071
 -1301.787     0.069
 -1301.688     0.069
 -1301.588     0.067
 -1301.489     0.068
 -1301.389     0.068
 -1301.289     0.071
 -1301.190     0.073
 -1301.090     0.075
 -1300.990     0.078
 -1300.891     0.085
 -1300.791     0.088
 -1300.692     0.089
 -1300.592     0.090
 -1300.493     0.087
 -1300.393     0.085
 -1300.293     0.082
 -1300.194     0.077
 -1300.094     0.070
 -1299.994     0.068
 -1299.895     0.068
 -1299.795     0.069
 -1299.696     0.069
 -1299.596     0.068
 -1299.496     0.069
 -1299.397     0.068
 -1299.297     0.068
 -1299.198     0.069
 -1299.098     0.069
 -1298.998     0.070
 -1298.899     0.067
 -1298.799     0.067
 -1298.700     0.067
 -1298.600     0.071
 -1298.500     0.075
 -1298.401     0.078
 -1298.301     0.085
 -1298.201     0.088
 -1298.102     0.089
 -1298.002     0.088
 -1297.903     0.089
 -1297.803     0.088
 -1297.703     0.088
 -1297.604     0.087
 -1297.504     0.086
 -1297.405     0.080
 -1297.305     0.074
 -1297.205     0.069
 -1297.106     0.067
 -1297.006     0.067
 -1296.907     0.066
 -1296.807     0.068
 -1296.707     0.068
 -1296.608     0.067
 -1296.508     0.068
 -1296.409     0.069
 -1296.309     0.069
 -1296.209     0.068
 -1296.110     0.071
 -1296.010     0.071
 -1295.910     0.072
 -1295.811     0.070
 -1295.711     0.070
 -1295.612     0.070
 -1295.512     0.070
 -1295.412     0.069
 -1295.313     0.069
 -1295.213     0.069
 -1295.114     0.070
 -1295.014     0.071
 -1294.914     0.071
 -1294.815     0.071
 -1294.715     0.070
 -1294.615     0.071
 -1294.516     0.069
 -1294.416     0.070
 -1294.317     0.070
 -1294.217     0.070
 -1294.118     0.069
 -1294.018     0.069
 -1293.918     0.070
 -1293.819     0.070
 -1293.719     0.073
 -1293.619     0.071
 -1293.520     0.072
 -1293.420     0.072
 -1293.321     0.071
 -1293.221     0.074
 -1293.121     0.075
 -1293.022     0.077
 -1292.922     0.077
 -1292.823     0.080
 -1292.723     0.080
 -1292.623     0.083
 -1292.524     0.088
 -1292.424     0.089
 -1292.325     0.089
 -1292.225     0.089
 -1292.125     0.090
 -1292.026     0.089
 -1291.926     0.088
 -1291.826     0.088
 -1291.727     0.085
 -1291.627     0.081
 -1291.528     0.074
 -1291.428     0.069
 -1291.328     0.068
 -1291.229     0.068
 -1291.129     0.069
 -1291.030     0.069
 -1290.930     0.069
 -1290.830     0.067
 -1290.731     0.069
 -1290.631     0.070
 -1290.532     0.070
 -1290.432     0.071
 -1290.332     0.071
 -1290.233     0.072
 -1290.133     0.074
 -1290.034     0.074
 -1289.934     0.077
 -1289.834     0.078
 -1289.735     0.079
 -1289.635     0.085
 -1289.535     0.089
 -1289.436     0.090
 -1289.336     0.090
 -1289.237     0.089
 -1289.137     0.089
 -1289.037     0.089
 -1288.938     0.088
 -1288.838     0.085
 -1288.739     0.082
 -1288.639     0.076
 -1288.539     0.071
 -1288.440     0.070
 -1288.340     0.067
 -1288.240     0.069
 -1288.141     0.068
 -1288.041     0.069
 -1287.942     0.071
 -1287.842     0.073
 -1287.743     0.075
 -1287.643     0.077
 -1287.543     0.077
 -1287.444     0.076
 -1287.344     0.078
 -1287.244     0.079
 -1287.145     0.085
 -1287.045     0.088
 -1286.946     0.089
 -1286.846     0.089
 -1286.746     0.087
 -1286.647     0.085
 -1286.547     0.085
 -1286.448     0.082
 -1286.348     0.075
 -1286.248     0.071
 -1286.149     0.068
 -1286.049     0.069
 -1285.950     0.069
 -1285.850     0.072
 -1285.750     0.072
 -1285.651     0.071
 -1285.551     0.071
 -1285.451     0.069
 -1285.352     0.070
 -1285.252     0.070
 -1285.153     0.071
 -1285.053     0.073
 -1284.953     0.073
 -1284.854     0.072
 -1284.754     0.073
 -1284.655     0.071
 -1284.555     0.071
 -1284.455     0.070
 -1284.356     0.071
 -1284.256     0.072
 -1284.157     0.071
 -1284.057     0.071
 -1283.957     0.070
 -1283.858     0.071
 -1283.758     0.074
 -1283.659     0.075
 -1283.559     0.074
 -1283.459     0.077
 -1283.360     0.076
 -1283.260     0.076
 -1283.160     0.078
 -1283.061     0.077
 -1282.961     0.077
 -1282.862     0.078
 -1282.762     0.079
 -1282.662     0.081
 -1282.563     0.082
 -1282.463     0.088
 -1282.364     0.091
 -1282.264     0.091
 -1282.164     0.088
 -1282.065     0.086
 -1281.965     0.083
 -1281.865     0.078
 -1281.766     0.071
 -1281.666     0.070
 -1281.567     0.070
 -1281.467     0.069
 -1281.368     0.070
 -1281.268     0.071
 -1281.168     0.070
 -1281.069     0.073
 -1280.969     0.074
 -1280.869     0.075
 -1280.770     0.075
 -1280.670     0.074
 -1280.571     0.074
 -1280.471     0.076
 -1280.371     0.076
 -1280.272     0.075
 -1280.172     0.074
 -1280.073     0.072
 -1279.973     0.070
 -1279.873     0.071
 -1279.774     0.071
 -1279.674     0.073
 -1279.575     0.071
 -1279.475     0.071
 -1279.375     0.070
 -1279.276     0.072
 -1279.176     0.070
 -1279.076     0.070
 -1278.977     0.070
 -1278.877     0.070
 -1278.778     0.073
 -1278.678     0.072
 -1278.578     0.071
 -1278.479     0.072
 -1278.379     0.075
 -1278.280     0.078
 -1278.180     0.079
 -1278.080     0.086
 -1277.981     0.090
 -1277.881     0.090
 -1277.782     0.092
 -1277.682     0.091
 -1277.582     0.090
 -1277.483     0.090
 -1277.383     0.090
 -1277.284     0.086
 -1277.184     0.085
 -1277.084     0.077
 -1276.985     0.073
 -1276.885     0.071
 -1276.785     0.070
 -1276.686     0.071
 -1276.586     0.071
 -1276.487     0.071
 -1276.387     0.071
 -1276.287     0.073
 -1276.188     0.074
 -1276.088     0.073
 -1275.989     0.074
 -1275.889     0.073
 -1275.789     0.073
 -1275.690     0.074
 -1275.590     0.072
 -1275.490     0.070
 -1275.391     0.072
 -1275.291     0.071
 -1275.192     0.071
 -1275.092     0.073
 -1274.993     0.074
 -1274.893     0.076
 -1274.793     0.078
 -1274.694     0.078
 -1274.594     0.083
 -1274.494     0.089
 -1274.395     0.092
 -1274.295     0.092
 -1274.196     0.092
 -1274.096     0.093
 -1273.996     0.090
 -1273.897     0.087
 -1273.797     0.084
 -1273.698     0.076
 -1273.598     0.072
 -1273.498     0.071
 -1273.399     0.071
 -1273.299     0.073
 -1273.200     0.072
 -1273.100     0.073
 -1273.000     0.075
 -1272.901     0.077
 -1272.801     0.079
 -1272.701     0.081
 -1272.602     0.086
 -1272.502     0.091
 -1272.403     0.094
 -1272.303     0.091
 -1272.203     0.090
 -1272.104     0.089
 -1272.004     0.090
 -1271.905     0.088
 -1271.805     0.085
 -1271.705     0.078
 -1271.606     0.072
 -1271.506     0.073
 -1271.407     0.072
 -1271.307     0.073
 -1271.207     0.073
 -1271.108     0.072
 -1271.008     0.072
 -1270.909     0.072
 -1270.809     0.071
 -1270.709     0.072
 -1270.610     0.073
 -1270.510     0.073
 -1270.410     0.072
 -1270.311     0.074
 -1270.211     0.074
 -1270.112     0.076
 -1270.012     0.077
 -1269.912     0.080
 -1269.813     0.083
 -1269.713     0.086
 -1269.614     0.090
 -1269.514     0.093
 -1269.414     0.092
 -1269.315     0.092
 -1269.215     0.091
 -1269.115     0.090
 -1269.016     0.088
 -1268.916     0.086
 -1268.817     0.083
 -1268.717     0.076
 -1268.618     0.074
 -1268.518     0.073
 -1268.418     0.073
 -1268.319     0.073
 -1268.219     0.073
 -1268.119     0.074
 -1268.020     0.073
 -1267.920     0.073
 -1267.821     0.073
 -1267.721     0.074
 -1267.621     0.074
 -1267.522     0.076
 -1267.422     0.075
 -1267.323     0.075
 -1267.223     0.074
 -1267.123     0.073
 -1267.024     0.072
 -1266.924     0.071
 -1266.825     0.073
 -1266.725     0.073
 -1266.625     0.075
 -1266.526     0.076
 -1266.426     0.079
 -1266.326     0.082
 -1266.227     0.085
 -1266.127     0.091
 -1266.028     0.094
 -1265.928     0.095
 -1265.828     0.096
 -1265.729     0.095
 -1265.629     0.093
 -1265.530     0.088
 -1265.430     0.080
 -1265.330     0.076
 -1265.231     0.072
 -1265.131     0.073
 -1265.032     0.072
 -1264.932     0.073
 -1264.832     0.075
 -1264.733     0.075
 -1264.633     0.077
 -1264.534     0.078
 -1264.434     0.080
 -1264.334     0.085
 -1264.235     0.092
 -1264.135     0.094
 -1264.035     0.094
 -1263.936     0.094
 -1263.836     0.093
 -1263.737     0.090
 -1263.637     0.088
 -1263.537     0.082
 -1263.438     0.074
 -1263.338     0.073
 -1263.239     0.071
 -1263.139     0.070
 -1263.039     0.073
 -1262.940     0.075
 -1262.840     0.077
 -1262.740     0.081
 -1262.641     0.084
 -1262.541     0.090
 -1262.442     0.094
 -1262.342     0.093
 -1262.243     0.093
 -1262.143     0.094
 -1262.043     0.093
 -1261.944     0.093
 -1261.844     0.093
 -1261.744     0.093
 -1261.645     0.092
 -1261.545     0.093
 -1261.446     0.092
 -1261.346     0.090
 -1261.246     0.086
 -1261.147     0.082
 -1261.047     0.074
 -1260.948     0.074
 -1260.848     0.072
 -1260.748     0.073
 -1260.649     0.075
 -1260.549     0.073
 -1260.450     0.072
 -1260.350     0.074
 -1260.250     0.074
 -1260.151     0.074
 -1260.051     0.075
 -1259.951     0.077
 -1259.852     0.075
 -1259.752     0.078
 -1259.653     0.077
 -1259.553     0.079
 -1259.453     0.078
 -1259.354     0.077
 -1259.254     0.078
 -1259.155     0.077
 -1259.055     0.078
 -1258.955     0.077
 -1258.856     0.075
 -1258.756     0.076
 -1258.657     0.078
 -1258.557     0.076
 -1258.457     0.076
 -1258.358     0.077
 -1258.258     0.075
 -1258.159     0.076
 -1258.059     0.077
 -1257.959     0.078
 -1257.860     0.079
 -1257.760     0.078
 -1257.660     0.075
 -1257.561     0.076
 -1257.461     0.076
 -1257.362     0.075
 -1257.262     0.075
 -1257.162     0.077
 -1257.063     0.078
 -1256.963     0.078
 -1256.864     0.079
 -1256.764     0.079
 -1256.664     0.079
 -1256.565     0.078
 -1256.465     0.078
 -1256.365     0.078
 -1256.266     0.077
 -1256.166     0.075
 -1256.067     0.075
 -1255.967     0.075
 -1255.868     0.076
 -1255.768     0.075
 -1255.668     0.076
 -1255.569     0.075
 -1255.469     0.076
 -1255.369     0.077
 -1255.270     0.079
 -1255.170     0.080
 -1255.071     0.082
 -1254.971     0.083
 -1254.871     0.084
 -1254.772     0.091
 -1254.672     0.095
 -1254.573     0.097
 -1254.473     0.096
 -1254.373     0.096
 -1254.274     0.093
 -1254.174     0.094
 -1254.075     0.092
 -1253.975     0.089
 -1253.875     0.082
 -1253.776     0.077
 -1253.676     0.075
 -1253.576     0.075
 -1253.477     0.077
 -1253.377     0.078
 -1253.278     0.076
 -1253.178     0.076
 -1253.078     0.077
 -1252.979     0.076
 -1252.879     0.074
 -1252.780     0.077
 -1252.680     0.077
 -1252.580     0.077
 -1252.481     0.078
 -1252.381     0.081
 -1252.282     0.077
 -1252.182     0.077
 -1252.082     0.077
 -1251.983     0.076
 -1251.883     0.077
 -1251.784     0.076
 -1251.684     0.075
 -1251.584     0.074
 -1251.485     0.077
 -1251.385     0.076
 -1251.285     0.075
 -1251.186     0.075
 -1251.086     0.077
 -1250.987     0.077
 -1250.887     0.077
 -1250.787     0.076
 -1250.688     0.078
 -1250.588     0.078
 -1250.489     0.079
 -1250.389     0.077
 -1250.289     0.076
 -1250.190     0.077
 -1250.090     0.077
 -1249.990     0.079
 -1249.891     0.080
 -1249.791     0.081
 -1249.692     0.082
 -1249.592     0.083
 -1249.493     0.084
 -1249.393     0.084
 -1249.293     0.084
 -1249.194     0.082
 -1249.094     0.084
 -1248.994     0.083
 -1248.895     0.083
 -1248.795     0.084
 -1248.696     0.084
 -1248.596     0.082
 -1248.496     0.083
 -1248.397     0.083
 -1248.297     0.082
 -1248.198     0.079
 -1248.098     0.076
 -1247.998     0.078
 -1247.899     0.077
 -1247.799     0.076
 -1247.700     0.075
 -1247.600     0.076
 -1247.500     0.078
 -1247.401     0.077
 -1247.301     0.078
 -1247.201     0.080
 -1247.102     0.082
 -1247.002     0.086
 -1246.903     0.092
 -1246.803     0.096
 -1246.703     0.097
 -1246.604     0.097
 -1246.504     0.097
 -1246.405     0.097
 -1246.305     0.095
 -1246.205     0.093
 -1246.106     0.086
 -1246.006     0.080
 -1245.907     0.076
 -1245.807     0.077
 -1245.707     0.077
 -1245.608     0.076
 -1245.508     0.077
 -1245.409     0.074
 -1245.309     0.076
 -1245.209     0.077
 -1245.110     0.077
 -1245.010     0.076
 -1244.910     0.077
 -1244.811     0.077
 -1244.711     0.077
 -1244.612     0.077
 -1244.512     0.079
 -1244.412     0.080
 -1244.313     0.081
 -1244.213     0.081
 -1244.114     0.080
 -1244.014     0.079
 -1243.914     0.079
 -1243.815     0.079
 -1243.715     0.079
 -1243.615     0.078
 -1243.516     0.079
 -1243.416     0.078
 -1243.317     0.080
 -1243.217     0.078
 -1243.118     0.081
 -1243.018     0.080
 -1242.918     0.078
 -1242.819     0.078
 -1242.719     0.079
 -1242.619     0.078
 -1242.520     0.080
 -1242.420     0.079
 -1242.321     0.081
 -1242.221     0.082
 -1242.121     0.081
 -1242.022     0.081
 -1241.922     0.080
 -1241.823     0.079
 -1241.723     0.078
 -1241.623     0.078
 -1241.524     0.078
 -1241.424     0.076
 -1241.325     0.079
 -1241.225     0.080
 -1241.125     0.080
 -1241.026     0.080
 -1240.926     0.080
 -1240.826     0.079
 -1240.727     0.080
 -1240.627     0.080
 -1240.528     0.080
 -1240.428     0.080
 -1240.328     0.079
 -1240.229     0.079
 -1240.129     0.080
 -1240.030     0.080
 -1239.930     0.079
 -1239.830     0.079
 -1239.731     0.080
 -1239.631     0.079
 -1239.532     0.078
 -1239.432     0.079
 -1239.332     0.080
 -1239.233     0.080
 -1239.133     0.080
 -1239.034     0.079
 -1238.934     0.080
 -1238.834     0.080
 -1238.735     0.080
 -1238.635     0.080
 -1238.535     0.080
 -1238.436     0.081
 -1238.336     0.079
 -1238.237     0.078
 -1238.137     0.079
 -1238.037     0.081
 -1237.938     0.081
 -1237.838     0.083
 -1237.739     0.083
 -1237.639     0.084
 -1237.539     0.087
 -1237.440     0.095
 -1237.340     0.098
 -1237.240     0.099
 -1237.141     0.100
 -1237.041     0.097
 -1236.942     0.097
 -1236.842     0.095
 -1236.743     0.092
 -1236.643     0.089
 -1236.543     0.082
 -1236.444     0.078
 -1236.344     0.077
 -1236.244     0.077
 -1236.145     0.079
 -1236.045     0.079
 -1235.946     0.079
 -1235.846     0.080
 -1235.746     0.081
 -1235.647     0.081
 -1235.547     0.082
 -1235.448     0.083
 -1235.348     0.081
 -1235.248     0.081
 -1235.149     0.080
 -1235.049     0.078
 -1234.950     0.078
 -1234.850     0.080
 -1234.750     0.080
 -1234.651     0.080
 -1234.551     0.079
 -1234.451     0.078
 -1234.352     0.079
 -1234.252     0.078
 -1234.153     0.080
 -1234.053     0.078
 -1233.953     0.079
 -1233.854     0.078
 -1233.754     0.079
 -1233.655     0.078
 -1233.555     0.081
 -1233.455     0.084
 -1233.356     0.084
 -1233.256     0.087
 -1233.157     0.090
 -1233.057     0.095
 -1232.957     0.098
 -1232.858     0.099
 -1232.758     0.098
 -1232.659     0.098
 -1232.559     0.097
 -1232.459     0.095
 -1232.360     0.096
 -1232.260     0.094
 -1232.160     0.092
 -1232.061     0.092
 -1231.961     0.084
 -1231.862     0.082
 -1231.762     0.081
 -1231.662     0.079
 -1231.563     0.079
 -1231.463     0.079
 -1231.364     0.078
 -1231.264     0.081
 -1231.164     0.080
 -1231.065     0.079
 -1230.965     0.079
 -1230.865     0.079
 -1230.766     0.079
 -1230.666     0.079
 -1230.567     0.080
 -1230.467     0.078
 -1230.368     0.079
 -1230.268     0.080
 -1230.168     0.080
 -1230.069     0.079
 -1229.969     0.079
 -1229.869     0.080
 -1229.770     0.079
 -1229.670     0.080
 -1229.571     0.079
 -1229.471     0.081
 -1229.371     0.080
 -1229.272     0.081
 -1229.172     0.079
 -1229.073     0.081
 -1228.973     0.080
 -1228.873     0.081
 -1228.774     0.082
 -1228.674     0.082
 -1228.575     0.079
 -1228.475     0.079
 -1228.375     0.079
 -1228.276     0.079
 -1228.176     0.079
 -1228.076     0.082
 -1227.977     0.083
 -1227.877     0.087
 -1227.778     0.091
 -1227.678     0.096
 -1227.578     0.099
 -1227.479     0.100
 -1227.379     0.100
 -1227.280     0.099
 -1227.180     0.099
 -1227.080     0.097
 -1226.981     0.096
 -1226.881     0.095
 -1226.782     0.090
 -1226.682     0.083
 -1226.582     0.081
 -1226.483     0.080
 -1226.383     0.079
 -1226.284     0.080
 -1226.184     0.080
 -1226.084     0.081
 -1225.985     0.079
 -1225.885     0.081
 -1225.785     0.082
 -1225.686     0.081
 -1225.586     0.081
 -1225.487     0.081
 -1225.387     0.080
 -1225.287     0.081
 -1225.188     0.083
 -1225.088     0.081
 -1224.989     0.080
 -1224.889     0.082
 -1224.789     0.083
 -1224.690     0.082
 -1224.590     0.083
 -1224.490     0.083
 -1224.391     0.084
 -1224.291     0.084
 -1224.192     0.086
 -1224.092     0.086
 -1223.993     0.085
 -1223.893     0.084
 -1223.793     0.084
 -1223.694     0.084
 -1223.594     0.082
 -1223.494     0.083
 -1223.395     0.079
 -1223.295     0.079
 -1223.196     0.079
 -1223.096     0.078
 -1222.996     0.080
 -1222.897     0.082
 -1222.797     0.080
 -1222.698     0.079
 -1222.598     0.080
 -1222.498     0.082
 -1222.399     0.083
 -1222.299     0.083
 -1222.200     0.084
 -1222.100     0.085
 -1222.000     0.089
 -1221.901     0.090
 -1221.801     0.093
 -1221.701     0.098
 -1221.602     0.099
 -1221.502     0.101
 -1221.403     0.099
 -1221.303     0.098
 -1221.203     0.095
 -1221.104     0.094
 -1221.004     0.088
 -1220.905     0.082
 -1220.805     0.080
 -1220.705     0.079
 -1220.606     0.080
 -1220.506     0.080
 -1220.407     0.079
 -1220.307     0.079
 -1220.207     0.078
 -1220.108     0.080
 -1220.008     0.081
 -1219.909     0.083
 -1219.809     0.082
 -1219.709     0.084
 -1219.610     0.087
 -1219.510     0.092
 -1219.410     0.096
 -1219.311     0.100
 -1219.211     0.101
 -1219.112     0.100
 -1219.012     0.099
 -1218.912     0.098
 -1218.813     0.096
 -1218.713     0.094
 -1218.614     0.084
 -1218.514     0.082
 -1218.414     0.080
 -1218.315     0.080
 -1218.215     0.080
 -1218.115     0.078
 -1218.016     0.081
 -1217.916     0.084
 -1217.817     0.085
 -1217.717     0.087
 -1217.618     0.094
 -1217.518     0.100
 -1217.418     0.102
 -1217.319     0.103
 -1217.219     0.101
 -1217.119     0.101
 -1217.020     0.097
 -1216.920     0.093
 -1216.821     0.085
 -1216.721     0.082
 -1216.621     0.081
 -1216.522     0.082
 -1216.422     0.083
 -1216.323     0.082
 -1216.223     0.083
 -1216.123     0.086
 -1216.024     0.087
 -1215.924     0.087
 -1215.825     0.088
 -1215.725     0.086
 -1215.625     0.087
 -1215.526     0.084
 -1215.426     0.085
 -1215.326     0.082
 -1215.227     0.081
 -1215.127     0.081
 -1215.028     0.082
 -1214.928     0.082
 -1214.828     0.082
 -1214.729     0.083
 -1214.629     0.084
 -1214.530     0.083
 -1214.430     0.082
 -1214.330     0.080
 -1214.231     0.081
 -1214.131     0.081
 -1214.032     0.081
 -1213.932     0.081
 -1213.832     0.083
 -1213.733     0.084
 -1213.633     0.085
 -1213.534     0.086
 -1213.434     0.087
 -1213.334     0.092
 -1213.235     0.099
 -1213.135     0.102
 -1213.035     0.103
 -1212.936     0.104
 -1212.836     0.104
 -1212.737     0.104
 -1212.637     0.103
 -1212.537     0.103
 -1212.438     0.100
 -1212.338     0.099
 -1212.239     0.097
 -1212.139     0.089
 -1212.039     0.084
 -1211.940     0.083
 -1211.840     0.081
 -1211.740     0.081
 -1211.641     0.081
 -1211.541     0.081
 -1211.442     0.082
 -1211.342     0.081
 -1211.243     0.082
 -1211.143     0.082
 -1211.043     0.082
 -1210.944     0.085
 -1210.844     0.084
 -1210.744     0.087
 -1210.645     0.088
 -1210.545     0.088
 -1210.446     0.089
 -1210.346     0.093
 -1210.246     0.097
 -1210.147     0.100
 -1210.047     0.102
 -1209.948     0.102
 -1209.848     0.103
 -1209.748     0.103
 -1209.649     0.103
 -1209.549     0.102
 -1209.450     0.100
 -1209.350     0.097
 -1209.250     0.094
 -1209.151     0.083
 -1209.051     0.081
 -1208.951     0.082
 -1208.852     0.081
 -1208.752     0.082
 -1208.653     0.083
 -1208.553     0.082
 -1208.453     0.082
 -1208.354     0.082
 -1208.254     0.083
 -1208.155     0.084
 -1208.055     0.084
 -1207.955     0.086
 -1207.856     0.086
 -1207.756     0.087
 -1207.657     0.086
 -1207.557     0.087
 -1207.457     0.087
 -1207.358     0.087
 -1207.258     0.085
 -1207.159     0.082
 -1207.059     0.083
 -1206.959     0.082
 -1206.860     0.083
 -1206.760     0.085
 -1206.660     0.085
 -1206.561     0.087
 -1206.461     0.087
 -1206.362     0.088
 -1206.262     0.088
 -1206.162     0.086
 -1206.063     0.088
 -1205.963     0.088
 -1205.864     0.087
 -1205.764     0.088
 -1205.664     0.087
 -1205.565     0.086
 -1205.465     0.086
 -1205.365     0.085
 -1205.266     0.083
 -1205.166     0.083
 -1205.067     0.084
 -1204.967     0.084
 -1204.868     0.086
 -1204.768     0.089
 -1204.668     0.089
 -1204.569     0.094
 -1204.469     0.100
 -1204.369     0.101
 -1204.270     0.103
 -1204.170     0.103
 -1204.071     0.101
 -1203.971     0.098
 -1203.871     0.093
 -1203.772     0.084
 -1203.672     0.080
 -1203.573     0.081
 -1203.473     0.081
 -1203.373     0.081
 -1203.274     0.083
 -1203.174     0.081
 -1203.075     0.082
 -1202.975     0.082
 -1202.875     0.084
 -1202.776     0.086
 -1202.676     0.086
 -1202.576     0.089
 -1202.477     0.091
 -1202.377     0.093
 -1202.278     0.100
 -1202.178     0.104
 -1202.078     0.104
 -1201.979     0.104
 -1201.879     0.102
 -1201.780     0.100
 -1201.680     0.096
 -1201.580     0.090
 -1201.481     0.084
 -1201.381     0.081
 -1201.282     0.081
 -1201.182     0.082
 -1201.082     0.082
 -1200.983     0.081
 -1200.883     0.083
 -1200.784     0.085
 -1200.684     0.086
 -1200.584     0.088
 -1200.485     0.089
 -1200.385     0.092
 -1200.285     0.098
 -1200.186     0.101
 -1200.086     0.105
 -1199.987     0.105
 -1199.887     0.104
 -1199.787     0.101
 -1199.688     0.099
 -1199.588     0.097
 -1199.489     0.088
 -1199.389     0.084
 -1199.289     0.082
 -1199.190     0.082
 -1199.090     0.082
 -1198.990     0.085
 -1198.891     0.084
 -1198.791     0.086
 -1198.692     0.087
 -1198.592     0.088
 -1198.493     0.088
 -1198.393     0.089
 -1198.293     0.088
 -1198.194     0.088
 -1198.094     0.088
 -1197.994     0.088
 -1197.895     0.088
 -1197.795     0.086
 -1197.696     0.086
 -1197.596     0.083
 -1197.496     0.085
 -1197.397     0.084
 -1197.297     0.083
 -1197.198     0.083
 -1197.098     0.082
 -1196.998     0.086
 -1196.899     0.085
 -1196.799     0.086
 -1196.700     0.088
 -1196.600     0.085
 -1196.500     0.087
 -1196.401     0.085
 -1196.301     0.086
 -1196.201     0.086
 -1196.102     0.084
 -1196.002     0.084
 -1195.903     0.087
 -1195.803     0.086
 -1195.703     0.086
 -1195.604     0.086
 -1195.504     0.087
 -1195.405     0.088
 -1195.305     0.089
 -1195.205     0.088
 -1195.106     0.086
 -1195.006     0.086
 -1194.907     0.085
 -1194.807     0.085
 -1194.707     0.086
 -1194.608     0.088
 -1194.508     0.087
 -1194.409     0.088
 -1194.309     0.087
 -1194.209     0.085
 -1194.110     0.084
 -1194.010     0.086
 -1193.910     0.087
 -1193.811     0.089
 -1193.711     0.090
 -1193.612     0.092
 -1193.512     0.093
 -1193.412     0.100
 -1193.313     0.103
 -1193.213     0.105
 -1193.114     0.104
 -1193.014     0.102
 -1192.914     0.101
 -1192.815     0.100
 -1192.715     0.095
 -1192.615     0.087
 -1192.516     0.084
 -1192.416     0.085
 -1192.317     0.085
 -1192.217     0.084
 -1192.118     0.084
 -1192.018     0.087
 -1191.918     0.087
 -1191.819     0.088
 -1191.719     0.087
 -1191.619     0.087
 -1191.520     0.087
 -1191.420     0.086
 -1191.321     0.085
 -1191.221     0.085
 -1191.121     0.086
 -1191.022     0.085
 -1190.922     0.086
 -1190.823     0.088
 -1190.723     0.088
 -1190.623     0.087
 -1190.524     0.088
 -1190.424     0.088
 -1190.325     0.087
 -1190.225     0.087
 -1190.125     0.086
 -1190.026     0.086
 -1189.926     0.085
 -1189.826     0.085
 -1189.727     0.086
 -1189.627     0.086
 -1189.528     0.087
 -1189.428     0.089
 -1189.328     0.089
 -1189.229     0.091
 -1189.129     0.093
 -1189.030     0.095
 -1188.930     0.099
 -1188.830     0.104
 -1188.731     0.108
 -1188.631     0.106
 -1188.532     0.107
 -1188.432     0.107
 -1188.332     0.106
 -1188.233     0.102
 -1188.133     0.096
 -1188.034     0.088
 -1187.934     0.084
 -1187.834     0.083
 -1187.735     0.085
 -1187.635     0.086
 -1187.535     0.086
 -1187.436     0.088
 -1187.336     0.087
 -1187.237     0.089
 -1187.137     0.090
 -1187.037     0.087
 -1186.938     0.087
 -1186.838     0.086
 -1186.739     0.084
 -1186.639     0.084
 -1186.539     0.085
 -1186.440     0.084
 -1186.340     0.087
 -1186.240     0.087
 -1186.141     0.087
 -1186.041     0.089
 -1185.942     0.090
 -1185.842     0.093
 -1185.743     0.095
 -1185.643     0.102
 -1185.543     0.104
 -1185.444     0.105
 -1185.344     0.106
 -1185.244     0.104
 -1185.145     0.104
 -1185.045     0.103
 -1184.946     0.102
 -1184.846     0.101
 -1184.746     0.100
 -1184.647     0.097
 -1184.547     0.089
 -1184.448     0.086
 -1184.348     0.085
 -1184.248     0.083
 -1184.149     0.085
 -1184.049     0.085
 -1183.950     0.086
 -1183.850     0.087
 -1183.750     0.087
 -1183.651     0.087
 -1183.551     0.088
 -1183.451     0.089
 -1183.352     0.089
 -1183.252     0.090
 -1183.153     0.090
 -1183.053     0.089
 -1182.953     0.087
 -1182.854     0.085
 -1182.754     0.086
 -1182.655     0.088
 -1182.555     0.088
 -1182.455     0.089
 -1182.356     0.089
 -1182.256     0.089
 -1182.157     0.090
 -1182.057     0.088
 -1181.957     0.088
 -1181.858     0.089
 -1181.758     0.087
 -1181.659     0.086
 -1181.559     0.087
 -1181.459     0.087
 -1181.360     0.087
 -1181.260     0.089
 -1181.160     0.088
 -1181.061     0.087
 -1180.961     0.087
 -1180.862     0.086
 -1180.762     0.089
 -1180.662     0.088
 -1180.563     0.088
 -1180.463     0.088
 -1180.364     0.088
 -1180.264     0.089
 -1180.164     0.090
 -1180.065     0.091
 -1179.965     0.090
 -1179.865     0.089
 -1179.766     0.090
 -1179.666     0.089
 -1179.567     0.088
 -1179.467     0.088
 -1179.368     0.088
 -1179.268     0.089
 -1179.168     0.090
 -1179.069     0.090
 -1178.969     0.090
 -1178.869     0.091
 -1178.770     0.090
 -1178.670     0.091
 -1178.571     0.091
 -1178.471     0.091
 -1178.371     0.091
 -1178.272     0.091
 -1178.172     0.090
 -1178.073     0.088
 -1177.973     0.087
 -1177.873     0.087
 -1177.774     0.087
 -1177.674     0.088
 -1177.575     0.088
 -1177.475     0.089
 -1177.375     0.089
 -1177.276     0.089
 -1177.176     0.091
 -1177.076     0.092
 -1176.977     0.092
 -1176.877     0.092
 -1176.778     0.092
 -1176.678     0.093
 -1176.578     0.094
 -1176.479     0.093
 -1176.379     0.093
 -1176.280     0.094
 -1176.180     0.091
 -1176.080     0.090
 -1175.981     0.088
 -1175.881     0.089
 -1175.782     0.089
 -1175.682     0.087
 -1175.582     0.087
 -1175.483     0.090
 -1175.383     0.090
 -1175.284     0.092
 -1175.184     0.095
 -1175.084     0.095
 -1174.985     0.097
 -1174.885     0.102
 -1174.785     0.106
 -1174.686     0.107
 -1174.586     0.107
 -1174.487     0.106
 -1174.387     0.104
 -1174.287     0.101
 -1174.188     0.099
 -1174.088     0.091
 -1173.989     0.088
 -1173.889     0.087
 -1173.789     0.086
 -1173.690     0.087
 -1173.590     0.087
 -1173.490     0.086
 -1173.391     0.088
 -1173.291     0.087
 -1173.192     0.088
 -1173.092     0.088
 -1172.993     0.088
 -1172.893     0.089
 -1172.793     0.090
 -1172.694     0.094
 -1172.594     0.096
 -1172.494     0.101
 -1172.395     0.108
 -1172.295     0.109
 -1172.196     0.109
 -1172.096     0.110
 -1171.996     0.110
 -1171.897     0.109
 -1171.797     0.106
 -1171.698     0.104
 -1171.598     0.099
 -1171.498     0.092
 -1171.399     0.089
 -1171.299     0.088
 -1171.200     0.089
 -1171.100     0.090
 -1171.000     0.091
 -1170.901     0.089
 -1170.801     0.089
 -1170.701     0.090
 -1170.602     0.089
 -1170.502     0.088
 -1170.403     0.088
 -1170.303     0.089
 -1170.203     0.091
 -1170.104     0.091
 -1170.004     0.094
 -1169.905     0.096
 -1169.805     0.099
 -1169.705     0.106
 -1169.606     0.108
 -1169.506     0.108
 -1169.407     0.108
 -1169.307     0.109
 -1169.207     0.109
 -1169.108     0.105
 -1169.008     0.102
 -1168.909     0.093
 -1168.809     0.089
 -1168.709     0.088
 -1168.610     0.087
 -1168.510     0.087
 -1168.410     0.087
 -1168.311     0.088
 -1168.211     0.088
 -1168.112     0.092
 -1168.012     0.095
 -1167.912     0.095
 -1167.813     0.102
 -1167.713     0.107
 -1167.614     0.109
 -1167.514     0.110
 -1167.414     0.108
 -1167.315     0.110
 -1167.215     0.109
 -1167.115     0.107
 -1167.016     0.107
 -1166.916     0.103
 -1166.817     0.097
 -1166.717     0.090
 -1166.618     0.088
 -1166.518     0.088
 -1166.418     0.089
 -1166.319     0.087
 -1166.219     0.089
 -1166.119     0.088
 -1166.020     0.089
 -1165.920     0.090
 -1165.821     0.091
 -1165.721     0.089
 -1165.621     0.088
 -1165.522     0.089
 -1165.422     0.091
 -1165.323     0.088
 -1165.223     0.091
 -1165.123     0.092
 -1165.024     0.093
 -1164.924     0.094
 -1164.825     0.095
 -1164.725     0.098
 -1164.625     0.101
 -1164.526     0.104
 -1164.426     0.107
 -1164.326     0.107
 -1164.227     0.108
 -1164.127     0.109
 -1164.028     0.108
 -1163.928     0.108
 -1163.828     0.108
 -1163.729     0.105
 -1163.629     0.102
 -1163.530     0.098
 -1163.430     0.093
 -1163.330     0.089
 -1163.231     0.088
 -1163.131     0.090
 -1163.032     0.091
 -1162.932     0.091
 -1162.832     0.091
 -1162.733     0.091
 -1162.633     0.091
 -1162.534     0.091
 -1162.434     0.092
 -1162.334     0.092
 -1162.235     0.092
 -1162.135     0.091
 -1162.035     0.090
 -1161.936     0.090
 -1161.836     0.090
 -1161.737     0.089
 -1161.637     0.089
 -1161.537     0.090
 -1161.438     0.092
 -1161.338     0.094
 -1161.239     0.095
 -1161.139     0.097
 -1161.039     0.097
 -1160.940     0.101
 -1160.840     0.109
 -1160.740     0.110
 -1160.641     0.111
 -1160.541     0.110
 -1160.442     0.111
 -1160.342     0.108
 -1160.243     0.108
 -1160.143     0.105
 -1160.043     0.097
 -1159.944     0.092
 -1159.844     0.091
 -1159.744     0.089
 -1159.645     0.091
 -1159.545     0.090
 -1159.446     0.092
 -1159.346     0.094
 -1159.246     0.095
 -1159.147     0.095
 -1159.047     0.095
 -1158.948     0.093
 -1158.848     0.092
 -1158.748     0.091
 -1158.649     0.090
 -1158.549     0.090
 -1158.450     0.091
 -1158.350     0.092
 -1158.250     0.091
 -1158.151     0.093
 -1158.051     0.094
 -1157.951     0.097
 -1157.852     0.096
 -1157.752     0.101
 -1157.653     0.105
 -1157.553     0.110
 -1157.453     0.112
 -1157.354     0.112
 -1157.254     0.112
 -1157.155     0.110
 -1157.055     0.108
 -1156.955     0.109
 -1156.856     0.106
 -1156.756     0.102
 -1156.657     0.095
 -1156.557     0.092
 -1156.457     0.090
 -1156.358     0.090
 -1156.258     0.092
 -1156.159     0.091
 -1156.059     0.092
 -1155.959     0.093
 -1155.860     0.092
 -1155.760     0.094
 -1155.660     0.094
 -1155.561     0.095
 -1155.461     0.095
 -1155.362     0.096
 -1155.262     0.093
 -1155.162     0.093
 -1155.063     0.091
 -1154.963     0.091
 -1154.864     0.092
 -1154.764     0.091
 -1154.664     0.093
 -1154.565     0.094
 -1154.465     0.096
 -1154.365     0.098
 -1154.266     0.099
 -1154.166     0.102
 -1154.067     0.108
 -1153.967     0.110
 -1153.868     0.111
 -1153.768     0.111
 -1153.668     0.113
 -1153.569     0.110
 -1153.469     0.107
 -1153.369     0.102
 -1153.270     0.095
 -1153.170     0.092
 -1153.071     0.091
 -1152.971     0.090
 -1152.871     0.091
 -1152.772     0.090
 -1152.672     0.090
 -1152.573     0.092
 -1152.473     0.092
 -1152.373     0.091
 -1152.274     0.093
 -1152.174     0.092
 -1152.075     0.093
 -1151.975     0.093
 -1151.875     0.093
 -1151.776     0.092
 -1151.676     0.092
 -1151.576     0.092
 -1151.477     0.091
 -1151.377     0.091
 -1151.278     0.093
 -1151.178     0.094
 -1151.078     0.095
 -1150.979     0.096
 -1150.879     0.096
 -1150.780     0.098
 -1150.680     0.100
 -1150.580     0.108
 -1150.481     0.112
 -1150.381     0.114
 -1150.282     0.116
 -1150.182     0.115
 -1150.082     0.114
 -1149.983     0.112
 -1149.883     0.112
 -1149.784     0.108
 -1149.684     0.103
 -1149.584     0.096
 -1149.485     0.093
 -1149.385     0.093
 -1149.285     0.091
 -1149.186     0.091
 -1149.086     0.093
 -1148.987     0.095
 -1148.887     0.097
 -1148.787     0.099
 -1148.688     0.100
 -1148.588     0.101
 -1148.489     0.107
 -1148.389     0.112
 -1148.289     0.115
 -1148.190     0.115
 -1148.090     0.114
 -1147.990     0.114
 -1147.891     0.112
 -1147.791     0.112
 -1147.692     0.107
 -1147.592     0.100
 -1147.493     0.095
 -1147.393     0.094
 -1147.293     0.093
 -1147.194     0.092
 -1147.094     0.092
 -1146.994     0.092
 -1146.895     0.091
 -1146.795     0.093
 -1146.696     0.095
 -1146.596     0.097
 -1146.496     0.100
 -1146.397     0.106
 -1146.297     0.110
 -1146.198     0.113
 -1146.098     0.113
 -1145.998     0.114
 -1145.899     0.114
 -1145.799     0.113
 -1145.700     0.113
 -1145.600     0.112
 -1145.500     0.110
 -1145.401     0.106
 -1145.301     0.102
 -1145.201     0.093
 -1145.102     0.092
 -1145.002     0.092
 -1144.903     0.092
 -1144.803     0.093
 -1144.703     0.094
 -1144.604     0.095
 -1144.504     0.094
 -1144.405     0.094
 -1144.305     0.095
 -1144.205     0.094
 -1144.106     0.095
 -1144.006     0.093
 -1143.907     0.093
 -1143.807     0.094
 -1143.707     0.094
 -1143.608     0.094
 -1143.508     0.094
 -1143.409     0.094
 -1143.309     0.096
 -1143.209     0.097
 -1143.110     0.097
 -1143.010     0.097
 -1142.910     0.096
 -1142.811     0.097
 -1142.711     0.097
 -1142.612     0.098
 -1142.512     0.098
 -1142.412     0.097
 -1142.313     0.096
 -1142.213     0.096
 -1142.114     0.096
 -1142.014     0.095
 -1141.914     0.093
 -1141.815     0.094
 -1141.715     0.093
 -1141.615     0.095
 -1141.516     0.093
 -1141.416     0.095
 -1141.317     0.095
 -1141.217     0.094
 -1141.118     0.094
 -1141.018     0.094
 -1140.918     0.094
 -1140.819     0.095
 -1140.719     0.096
 -1140.619     0.097
 -1140.520     0.097
 -1140.420     0.097
 -1140.321     0.099
 -1140.221     0.098
 -1140.121     0.100
 -1140.022     0.100
 -1139.922     0.102
 -1139.823     0.105
 -1139.723     0.109
 -1139.623     0.113
 -1139.524     0.115
 -1139.424     0.116
 -1139.325     0.118
 -1139.225     0.117
 -1139.125     0.116
 -1139.026     0.114
 -1138.926     0.115
 -1138.826     0.113
 -1138.727     0.109
 -1138.627     0.104
 -1138.528     0.097
 -1138.428     0.095
 -1138.328     0.093
 -1138.229     0.094
 -1138.129     0.095
 -1138.030     0.097
 -1137.930     0.098
 -1137.830     0.100
 -1137.731     0.103
 -1137.631     0.108
 -1137.532     0.115
 -1137.432     0.115
 -1137.332     0.115
 -1137.233     0.117
 -1137.133     0.116
 -1137.034     0.115
 -1136.934     0.115
 -1136.834     0.113
 -1136.735     0.112
 -1136.635     0.111
 -1136.535     0.104
 -1136.436     0.096
 -1136.336     0.094
 -1136.237     0.095
 -1136.137     0.095
 -1136.037     0.095
 -1135.938     0.095
 -1135.838     0.093
 -1135.739     0.094
 -1135.639     0.095
 -1135.539     0.095
 -1135.440     0.094
 -1135.340     0.096
 -1135.240     0.094
 -1135.141     0.096
 -1135.041     0.096
 -1134.942     0.094
 -1134.842     0.093
 -1134.743     0.095
 -1134.643     0.096
 -1134.543     0.096
 -1134.444     0.097
 -1134.344     0.099
 -1134.244     0.100
 -1134.145     0.101
 -1134.045     0.101
 -1133.946     0.105
 -1133.846     0.107
 -1133.746     0.112
 -1133.647     0.116
 -1133.547     0.116
 -1133.448     0.115
 -1133.348     0.112
 -1133.248     0.112
 -1133.149     0.109
 -1133.049     0.103
 -1132.950     0.096
 -1132.850     0.095
 -1132.750     0.095
 -1132.651     0.093
 -1132.551     0.094
 -1132.451     0.094
 -1132.352     0.095
 -1132.252     0.096
 -1132.153     0.095
 -1132.053     0.095
 -1131.953     0.098
 -1131.854     0.097
 -1131.754     0.097
 -1131.655     0.098
 -1131.555     0.100
 -1131.455     0.099
 -1131.356     0.100
 -1131.256     0.102
 -1131.157     0.101
 -1131.057     0.101
 -1130.957     0.101
 -1130.858     0.099
 -1130.758     0.100
 -1130.659     0.098
 -1130.559     0.097
 -1130.459     0.097
 -1130.360     0.096
 -1130.260     0.096
 -1130.160     0.097
 -1130.061     0.096
 -1129.961     0.096
 -1129.862     0.096
 -1129.762     0.098
 -1129.662     0.097
 -1129.563     0.098
 -1129.463     0.098
 -1129.364     0.097
 -1129.264     0.097
 -1129.164     0.097
 -1129.065     0.096
 -1128.965     0.096
 -1128.865     0.097
 -1128.766     0.097
 -1128.666     0.096
 -1128.567     0.096
 -1128.467     0.097
 -1128.368     0.095
 -1128.268     0.097
 -1128.168     0.098
 -1128.069     0.101
 -1127.969     0.102
 -1127.869     0.105
 -1127.770     0.110
 -1127.670     0.116
 -1127.571     0.117
 -1127.471     0.118
 -1127.371     0.118
 -1127.272     0.118
 -1127.172     0.119
 -1127.073     0.118
 -1126.973     0.117
 -1126.873     0.116
 -1126.774     0.114
 -1126.674     0.110
 -1126.575     0.102
 -1126.475     0.096
 -1126.375     0.099
 -1126.276     0.098
 -1126.176     0.097
 -1126.076     0.097
 -1125.977     0.099
 -1125.877     0.099
 -1125.778     0.100
 -1125.678     0.100
 -1125.578     0.099
 -1125.479     0.098
 -1125.379     0.097
 -1125.280     0.096
 -1125.180     0.097
 -1125.080     0.097
 -1124.981     0.097
 -1124.881     0.098
 -1124.782     0.098
 -1124.682     0.098
 -1124.582     0.097
 -1124.483     0.098
 -1124.383     0.098
 -1124.284     0.097
 -1124.184     0.097
 -1124.084     0.098
 -1123.985     0.099
 -1123.885     0.099
 -1123.785     0.098
 -1123.686     0.097
 -1123.586     0.100
 -1123.487     0.099
 -1123.387     0.100
 -1123.287     0.101
 -1123.188     0.104
 -1123.088     0.107
 -1122.989     0.110
 -1122.889     0.115
 -1122.789     0.118
 -1122.690     0.120
 -1122.590     0.118
 -1122.490     0.117
 -1122.391     0.116
 -1122.291     0.115
 -1122.192     0.112
 -1122.092     0.109
 -1121.993     0.101
 -1121.893     0.101
 -1121.793     0.098
 -1121.694     0.099
 -1121.594     0.098
 -1121.494     0.099
 -1121.395     0.097
 -1121.295     0.097
 -1121.196     0.098
 -1121.096     0.098
 -1120.996     0.099
 -1120.897     0.100
 -1120.797     0.100
 -1120.698     0.104
 -1120.598     0.105
 -1120.498     0.114
 -1120.399     0.118
 -1120.299     0.120
 -1120.200     0.121
 -1120.100     0.120
 -1120.000     0.119
 -1119.901     0.117
 -1119.801     0.113
 -1119.701     0.105
 -1119.602     0.100
 -1119.502     0.098
 -1119.403     0.098
 -1119.303     0.098
 -1119.203     0.097
 -1119.104     0.097
 -1119.004     0.099
 -1118.905     0.097
 -1118.805     0.097
 -1118.705     0.097
 -1118.606     0.098
 -1118.506     0.099
 -1118.407     0.099
 -1118.307     0.100
 -1118.207     0.102
 -1118.108     0.101
 -1118.008     0.103
 -1117.909     0.105
 -1117.809     0.106
 -1117.709     0.107
 -1117.610     0.106
 -1117.510     0.108
 -1117.410     0.114
 -1117.311     0.117
 -1117.211     0.119
 -1117.112     0.120
 -1117.012     0.119
 -1116.912     0.119
 -1116.813     0.116
 -1116.713     0.113
 -1116.614     0.109
 -1116.514     0.101
 -1116.414     0.099
 -1116.315     0.098
 -1116.215     0.098
 -1116.115     0.098
 -1116.016     0.098
 -1115.916     0.098
 -1115.817     0.098
 -1115.717     0.098
 -1115.618     0.099
 -1115.518     0.102
 -1115.418     0.104
 -1115.319     0.105
 -1115.219     0.108
 -1115.119     0.114
 -1115.020     0.119
 -1114.920     0.120
 -1114.821     0.120
 -1114.721     0.120
 -1114.621     0.120
 -1114.522     0.117
 -1114.422     0.115
 -1114.323     0.114
 -1114.223     0.112
 -1114.123     0.104
 -1114.024     0.100
 -1113.924     0.099
 -1113.825     0.100
 -1113.725     0.099
 -1113.625     0.100
 -1113.526     0.099
 -1113.426     0.099
 -1113.326     0.100
 -1113.227     0.098
 -1113.127     0.100
 -1113.028     0.100
 -1112.928     0.101
 -1112.828     0.100
 -1112.729     0.098
 -1112.629     0.100
 -1112.530     0.101
 -1112.430     0.100
 -1112.330     0.100
 -1112.231     0.100
 -1112.131     0.098
 -1112.032     0.099
 -1111.932     0.100
 -1111.832     0.101
 -1111.733     0.102
 -1111.633     0.103
 -1111.534     0.106
 -1111.434     0.106
 -1111.334     0.109
 -1111.235     0.111
 -1111.135     0.116
 -1111.035     0.119
 -1110.936     0.120
 -1110.836     0.119
 -1110.737     0.118
 -1110.637     0.120
 -1110.537     0.119
 -1110.438     0.118
 -1110.338     0.116
 -1110.239     0.114
 -1110.139     0.111
 -1110.039     0.102
 -1109.940     0.098
 -1109.840     0.098
 -1109.740     0.098
 -1109.641     0.099
 -1109.541     0.100
 -1109.442     0.102
 -1109.342     0.102
 -1109.243     0.103
 -1109.143     0.104
 -1109.043     0.103
 -1108.944     0.103
 -1108.844     0.102
 -1108.744     0.101
 -1108.645     0.101
 -1108.545     0.099
 -1108.446     0.099
 -1108.346     0.099
 -1108.246     0.102
 -1108.147     0.104
 -1108.047     0.104
 -1107.948     0.105
 -1107.848     0.105
 -1107.748     0.108
 -1107.649     0.108
 -1107.549     0.110
 -1107.450     0.117
 -1107.350     0.120
 -1107.250     0.119
 -1107.151     0.120
 -1107.051     0.120
 -1106.951     0.120
 -1106.852     0.117
 -1106.752     0.116
 -1106.653     0.113
 -1106.553     0.108
 -1106.453     0.102
 -1106.354     0.100
 -1106.254     0.100
 -1106.155     0.100
 -1106.055     0.099
 -1105.955     0.099
 -1105.856     0.098
 -1105.756     0.100
 -1105.657     0.098
 -1105.557     0.099
 -1105.457     0.100
 -1105.358     0.098
 -1105.258     0.101
 -1105.159     0.105
 -1105.059     0.106
 -1104.959     0.112
 -1104.860     0.118
 -1104.760     0.121
 -1104.660     0.122
 -1104.561     0.123
 -1104.461     0.122
 -1104.362     0.121
 -1104.262     0.121
 -1104.162     0.120
 -1104.063     0.118
 -1103.963     0.115
 -1103.864     0.110
 -1103.764     0.103
 -1103.664     0.102
 -1103.565     0.101
 -1103.465     0.099
 -1103.365     0.100
 -1103.266     0.102
 -1103.166     0.103
 -1103.067     0.103
 -1102.967     0.102
 -1102.868     0.102
 -1102.768     0.103
 -1102.668     0.104
 -1102.569     0.104
 -1102.469     0.103
 -1102.369     0.103
 -1102.270     0.101
 -1102.170     0.101
 -1102.071     0.103
 -1101.971     0.104
 -1101.871     0.105
 -1101.772     0.106
 -1101.672     0.106
 -1101.573     0.108
 -1101.473     0.108
 -1101.373     0.110
 -1101.274     0.111
 -1101.174     0.114
 -1101.075     0.120
 -1100.975     0.122
 -1100.875     0.122
 -1100.776     0.124
 -1100.676     0.121
 -1100.576     0.122
 -1100.477     0.120
 -1100.377     0.118
 -1100.278     0.112
 -1100.178     0.105
 -1100.078     0.103
 -1099.979     0.100
 -1099.879     0.102
 -1099.780     0.101
 -1099.680     0.101
 -1099.580     0.102
 -1099.481     0.102
 -1099.381     0.103
 -1099.282     0.104
 -1099.182     0.103
 -1099.082     0.103
 -1098.983     0.102
 -1098.883     0.102
 -1098.784     0.104
 -1098.684     0.104
 -1098.584     0.104
 -1098.485     0.104
 -1098.385     0.105
 -1098.285     0.104
 -1098.186     0.104
 -1098.086     0.104
 -1097.987     0.103
 -1097.887     0.103
 -1097.787     0.105
 -1097.688     0.105
 -1097.588     0.105
 -1097.489     0.105
 -1097.389     0.106
 -1097.289     0.106
 -1097.190     0.106
 -1097.090     0.104
 -1096.990     0.103
 -1096.891     0.104
 -1096.791     0.105
 -1096.692     0.103
 -1096.592     0.103
 -1096.493     0.104
 -1096.393     0.105
 -1096.293     0.105
 -1096.194     0.108
 -1096.094     0.108
 -1095.994     0.106
 -1095.895     0.106
 -1095.795     0.106
 -1095.696     0.105
 -1095.596     0.103
 -1095.496     0.103
 -1095.397     0.103
 -1095.297     0.106
 -1095.198     0.106
 -1095.098     0.106
 -1094.998     0.106
 -1094.899     0.105
 -1094.799     0.105
 -1094.700     0.107
 -1094.600     0.107
 -1094.500     0.108
 -1094.401     0.108
 -1094.301     0.108
 -1094.201     0.107
 -1094.102     0.107
 -1094.002     0.104
 -1093.903     0.105
 -1093.803     0.106
 -1093.703     0.106
 -1093.604     0.104
 -1093.504     0.103
 -1093.405     0.101
 -1093.305     0.102
 -1093.205     0.103
 -1093.106     0.103
 -1093.006     0.103
 -1092.907     0.104
 -1092.807     0.102
 -1092.707     0.103
 -1092.608     0.106
 -1092.508     0.108
 -1092.409     0.107
 -1092.309     0.107
 -1092.209     0.110
 -1092.110     0.110
 -1092.010     0.112
 -1091.910     0.116
 -1091.811     0.120
 -1091.711     0.123
 -1091.612     0.125
 -1091.512     0.124
 -1091.412     0.123
 -1091.313     0.121
 -1091.213     0.119
 -1091.114     0.112
 -1091.014     0.107
 -1090.914     0.105
 -1090.815     0.103
 -1090.715     0.103
 -1090.615     0.103
 -1090.516     0.103
 -1090.416     0.105
 -1090.317     0.106
 -1090.217     0.107
 -1090.118     0.109
 -1090.018     0.110
 -1089.918     0.109
 -1089.819     0.114
 -1089.719     0.119
 -1089.619     0.123
 -1089.520     0.123
 -1089.420     0.123
 -1089.321     0.122
 -1089.221     0.120
 -1089.121     0.118
 -1089.022     0.112
 -1088.922     0.105
 -1088.823     0.103
 -1088.723     0.103
 -1088.623     0.104
 -1088.524     0.104
 -1088.424     0.102
 -1088.325     0.106
 -1088.225     0.107
 -1088.125     0.109
 -1088.026     0.111
 -1087.926     0.114
 -1087.826     0.121
 -1087.727     0.123
 -1087.627     0.123
 -1087.528     0.125
 -1087.428     0.124
 -1087.328     0.124
 -1087.229     0.122
 -1087.129     0.118
 -1087.030     0.112
 -1086.930     0.104
 -1086.830     0.103
 -1086.731     0.103
 -1086.631     0.102
 -1086.532     0.103
 -1086.432     0.103
 -1086.332     0.103
 -1086.233     0.102
 -1086.133     0.104
 -1086.034     0.105
 -1085.934     0.106
 -1085.834     0.108
 -1085.735     0.106
 -1085.635     0.108
 -1085.535     0.107
 -1085.436     0.107
 -1085.336     0.106
 -1085.237     0.105
 -1085.137     0.104
 -1085.037     0.102
 -1084.938     0.105
 -1084.838     0.106
 -1084.739     0.106
 -1084.639     0.107
 -1084.539     0.108
 -1084.440     0.108
 -1084.340     0.108
 -1084.240     0.108
 -1084.141     0.106
 -1084.041     0.105
 -1083.942     0.106
 -1083.842     0.103
 -1083.743     0.106
 -1083.643     0.106
 -1083.543     0.104
 -1083.444     0.105
 -1083.344     0.105
 -1083.244     0.104
 -1083.145     0.105
 -1083.045     0.105
 -1082.946     0.108
 -1082.846     0.106
 -1082.746     0.106
 -1082.647     0.108
 -1082.547     0.109
 -1082.448     0.110
 -1082.348     0.110
 -1082.248     0.112
 -1082.149     0.112
 -1082.049     0.113
 -1081.950     0.116
 -1081.850     0.119
 -1081.750     0.124
 -1081.651     0.126
 -1081.551     0.125
 -1081.451     0.124
 -1081.352     0.125
 -1081.252     0.127
 -1081.153     0.127
 -1081.053     0.128
 -1080.953     0.127
 -1080.854     0.125
 -1080.754     0.125
 -1080.655     0.118
 -1080.555     0.110
 -1080.455     0.105
 -1080.356     0.106
 -1080.256     0.106
 -1080.157     0.105
 -1080.057     0.106
 -1079.957     0.107
 -1079.858     0.106
 -1079.758     0.106
 -1079.659     0.106
 -1079.559     0.107
 -1079.459     0.106
 -1079.360     0.108
 -1079.260     0.107
 -1079.160     0.107
 -1079.061     0.107
 -1078.961     0.106
 -1078.862     0.108
 -1078.762     0.109
 -1078.662     0.109
 -1078.563     0.109
 -1078.463     0.109
 -1078.364     0.111
 -1078.264     0.111
 -1078.164     0.110
 -1078.065     0.110
 -1077.965     0.112
 -1077.865     0.111
 -1077.766     0.109
 -1077.666     0.107
 -1077.567     0.107
 -1077.467     0.105
 -1077.368     0.106
 -1077.268     0.108
 -1077.168     0.108
 -1077.069     0.111
 -1076.969     0.109
 -1076.869     0.107
 -1076.770     0.108
 -1076.670     0.106
 -1076.571     0.106
 -1076.471     0.108
 -1076.371     0.108
 -1076.272     0.107
 -1076.172     0.108
 -1076.073     0.107
 -1075.973     0.107
 -1075.873     0.108
 -1075.774     0.110
 -1075.674     0.109
 -1075.575     0.110
 -1075.475     0.110
 -1075.375     0.110
 -1075.276     0.108
 -1075.176     0.108
 -1075.076     0.107
 -1074.977     0.107
 -1074.877     0.108
 -1074.778     0.109
 -1074.678     0.109
 -1074.578     0.108
 -1074.479     0.108
 -1074.379     0.109
 -1074.280     0.108
 -1074.180     0.107
 -1074.080     0.107
 -1073.981     0.107
 -1073.881     0.107
 -1073.782     0.107
 -1073.682     0.110
 -1073.582     0.113
 -1073.483     0.116
 -1073.383     0.120
 -1073.284     0.125
 -1073.184     0.127
 -1073.084     0.127
 -1072.985     0.126
 -1072.885     0.126
 -1072.785     0.125
 -1072.686     0.121
 -1072.586     0.118
 -1072.487     0.109
 -1072.387     0.106
 -1072.287     0.106
 -1072.188     0.107
 -1072.088     0.105
 -1071.989     0.108
 -1071.889     0.107
 -1071.789     0.109
 -1071.690     0.108
 -1071.590     0.106
 -1071.490     0.105
 -1071.391     0.106
 -1071.291     0.106
 -1071.192     0.108
 -1071.092     0.106
 -1070.993     0.106
 -1070.893     0.106
 -1070.793     0.108
 -1070.694     0.109
 -1070.594     0.107
 -1070.494     0.108
 -1070.395     0.107
 -1070.295     0.109
 -1070.196     0.109
 -1070.096     0.110
 -1069.996     0.111
 -1069.897     0.112
 -1069.797     0.113
 -1069.698     0.116
 -1069.598     0.116
 -1069.498     0.116
 -1069.399     0.119
 -1069.299     0.123
 -1069.200     0.128
 -1069.100     0.127
 -1069.000     0.127
 -1068.901     0.125
 -1068.801     0.123
 -1068.701     0.120
 -1068.602     0.115
 -1068.502     0.108
 -1068.403     0.109
 -1068.303     0.108
 -1068.203     0.111
 -1068.104     0.110
 -1068.004     0.109
 -1067.905     0.108
 -1067.805     0.107
 -1067.705     0.108
 -1067.606     0.108
 -1067.506     0.109
 -1067.407     0.109
 -1067.307     0.110
 -1067.207     0.110
 -1067.108     0.110
 -1067.008     0.110
 -1066.909     0.111
 -1066.809     0.110
 -1066.709     0.109
 -1066.610     0.107
 -1066.510     0.109
 -1066.410     0.108
 -1066.311     0.108
 -1066.211     0.110
 -1066.112     0.111
 -1066.012     0.113
 -1065.912     0.113
 -1065.813     0.115
 -1065.713     0.116
 -1065.614     0.118
 -1065.514     0.122
 -1065.414     0.127
 -1065.315     0.127
 -1065.215     0.128
 -1065.115     0.128
 -1065.016     0.128
 -1064.916     0.128
 -1064.817     0.128
 -1064.717     0.126
 -1064.618     0.122
 -1064.518     0.119
 -1064.418     0.112
 -1064.319     0.109
 -1064.219     0.108
 -1064.119     0.109
 -1064.020     0.109
 -1063.920     0.108
 -1063.821     0.107
 -1063.721     0.107
 -1063.621     0.109
 -1063.522     0.111
 -1063.422     0.112
 -1063.323     0.114
 -1063.223     0.118
 -1063.123     0.124
 -1063.024     0.126
 -1062.924     0.128
 -1062.825     0.128
 -1062.725     0.128
 -1062.625     0.129
 -1062.526     0.127
 -1062.426     0.128
 -1062.326     0.126
 -1062.227     0.123
 -1062.127     0.117
 -1062.028     0.110
 -1061.928     0.107
 -1061.828     0.108
 -1061.729     0.107
 -1061.629     0.107
 -1061.530     0.106
 -1061.430     0.107
 -1061.330     0.110
 -1061.231     0.114
 -1061.131     0.114
 -1061.032     0.117
 -1060.932     0.124
 -1060.832     0.127
 -1060.733     0.128
 -1060.633     0.127
 -1060.534     0.128
 -1060.434     0.127
 -1060.334     0.124
 -1060.235     0.123
 -1060.135     0.116
 -1060.035     0.110
 -1059.936     0.109
 -1059.836     0.107
 -1059.737     0.107
 -1059.637     0.107
 -1059.537     0.110
 -1059.438     0.111
 -1059.338     0.110
 -1059.239     0.110
 -1059.139     0.111
 -1059.039     0.111
 -1058.940     0.110
 -1058.840     0.110
 -1058.740     0.110
 -1058.641     0.111
 -1058.541     0.110
 -1058.442     0.113
 -1058.342     0.113
 -1058.243     0.114
 -1058.143     0.113
 -1058.043     0.111
 -1057.944     0.110
 -1057.844     0.110
 -1057.744     0.110
 -1057.645     0.111
 -1057.545     0.112
 -1057.446     0.113
 -1057.346     0.113
 -1057.246     0.115
 -1057.147     0.115
 -1057.047     0.117
 -1056.948     0.116
 -1056.848     0.118
 -1056.748     0.117
 -1056.649     0.115
 -1056.549     0.116
 -1056.450     0.112
 -1056.350     0.109
 -1056.250     0.109
 -1056.151     0.108
 -1056.051     0.108
 -1055.951     0.111
 -1055.852     0.111
 -1055.752     0.110
 -1055.653     0.110
 -1055.553     0.110
 -1055.453     0.110
 -1055.354     0.111
 -1055.254     0.110
 -1055.155     0.111
 -1055.055     0.111
 -1054.955     0.115
 -1054.856     0.117
 -1054.756     0.122
 -1054.657     0.126
 -1054.557     0.130
 -1054.457     0.130
 -1054.358     0.130
 -1054.258     0.128
 -1054.159     0.127
 -1054.059     0.126
 -1053.959     0.126
 -1053.860     0.122
 -1053.760     0.121
 -1053.660     0.113
 -1053.561     0.112
 -1053.461     0.111
 -1053.362     0.111
 -1053.262     0.111
 -1053.162     0.109
 -1053.063     0.110
 -1052.963     0.110
 -1052.864     0.109
 -1052.764     0.110
 -1052.664     0.110
 -1052.565     0.112
 -1052.465     0.113
 -1052.365     0.113
 -1052.266     0.113
 -1052.166     0.113
 -1052.067     0.112
 -1051.967     0.111
 -1051.868     0.112
 -1051.768     0.112
 -1051.668     0.110
 -1051.569     0.112
 -1051.469     0.111
 -1051.369     0.113
 -1051.270     0.114
 -1051.170     0.114
 -1051.071     0.117
 -1050.971     0.120
 -1050.871     0.126
 -1050.772     0.129
 -1050.672     0.130
 -1050.573     0.132
 -1050.473     0.132
 -1050.373     0.130
 -1050.274     0.131
 -1050.174     0.128
 -1050.075     0.126
 -1049.975     0.122
 -1049.875     0.115
 -1049.776     0.112
 -1049.676     0.110
 -1049.576     0.111
 -1049.477     0.111
 -1049.377     0.111
 -1049.278     0.114
 -1049.178     0.115
 -1049.078     0.116
 -1048.979     0.117
 -1048.879     0.118
 -1048.780     0.118
 -1048.680     0.122
 -1048.580     0.127
 -1048.481     0.131
 -1048.381     0.130
 -1048.282     0.131
 -1048.182     0.131
 -1048.082     0.131
 -1047.983     0.130
 -1047.883     0.129
 -1047.784     0.125
 -1047.684     0.123
 -1047.584     0.116
 -1047.485     0.113
 -1047.385     0.112
 -1047.285     0.110
 -1047.186     0.109
 -1047.086     0.110
 -1046.987     0.111
 -1046.887     0.112
 -1046.787     0.111
 -1046.688     0.114
 -1046.588     0.115
 -1046.489     0.114
 -1046.389     0.115
 -1046.289     0.115
 -1046.190     0.116
 -1046.090     0.117
 -1045.990     0.117
 -1045.891     0.117
 -1045.791     0.118
 -1045.692     0.118
 -1045.592     0.118
 -1045.493     0.119
 -1045.393     0.118
 -1045.293     0.117
 -1045.194     0.115
 -1045.094     0.114
 -1044.994     0.112
 -1044.895     0.113
 -1044.795     0.113
 -1044.696     0.113
 -1044.596     0.113
 -1044.496     0.113
 -1044.397     0.114
 -1044.297     0.113
 -1044.198     0.112
 -1044.098     0.113
 -1043.998     0.112
 -1043.899     0.115
 -1043.799     0.114
 -1043.700     0.114
 -1043.600     0.113
 -1043.500     0.113
 -1043.401     0.112
 -1043.301     0.112
 -1043.201     0.115
 -1043.102     0.115
 -1043.002     0.115
 -1042.903     0.116
 -1042.803     0.119
 -1042.703     0.118
 -1042.604     0.121
 -1042.504     0.120
 -1042.405     0.122
 -1042.305     0.126
 -1042.205     0.131
 -1042.106     0.132
 -1042.006     0.133
 -1041.907     0.134
 -1041.807     0.132
 -1041.707     0.131
 -1041.608     0.127
 -1041.508     0.125
 -1041.409     0.116
 -1041.309     0.112
 -1041.209     0.113
 -1041.110     0.112
 -1041.010     0.112
 -1040.910     0.111
 -1040.811     0.112
 -1040.711     0.113
 -1040.612     0.116
 -1040.512     0.118
 -1040.412     0.119
 -1040.313     0.120
 -1040.213     0.125
 -1040.114     0.128
 -1040.014     0.132
 -1039.914     0.132
 -1039.815     0.132
 -1039.715     0.132
 -1039.615     0.132
 -1039.516     0.132
 -1039.416     0.129
 -1039.317     0.128
 -1039.217     0.125
 -1039.118     0.116
 -1039.018     0.112
 -1038.918     0.112
 -1038.819     0.112
 -1038.719     0.110
 -1038.619     0.113
 -1038.520     0.113
 -1038.420     0.115
 -1038.321     0.116
 -1038.221     0.116
 -1038.121     0.118
 -1038.022     0.121
 -1037.922     0.122
 -1037.823     0.126
 -1037.723     0.130
 -1037.623     0.131
 -1037.524     0.133
 -1037.424     0.133
 -1037.325     0.131
 -1037.225     0.130
 -1037.125     0.129
 -1037.026     0.129
 -1036.926     0.127
 -1036.826     0.124
 -1036.727     0.116
 -1036.627     0.114
 -1036.528     0.114
 -1036.428     0.114
 -1036.328     0.115
 -1036.229     0.114
 -1036.129     0.114
 -1036.030     0.114
 -1035.930     0.114
 -1035.830     0.113
 -1035.731     0.116
 -1035.631     0.117
 -1035.532     0.117
 -1035.432     0.116
 -1035.332     0.120
 -1035.233     0.121
 -1035.133     0.121
 -1035.034     0.122
 -1034.934     0.122
 -1034.834     0.122
 -1034.735     0.121
 -1034.635     0.121
 -1034.535     0.121
 -1034.436     0.121
 -1034.336     0.120
 -1034.237     0.118
 -1034.137     0.115
 -1034.037     0.114
 -1033.938     0.114
 -1033.838     0.114
 -1033.739     0.114
 -1033.639     0.116
 -1033.539     0.118
 -1033.440     0.120
 -1033.340     0.122
 -1033.240     0.122
 -1033.141     0.123
 -1033.041     0.126
 -1032.942     0.132
 -1032.842     0.134
 -1032.743     0.133
 -1032.643     0.133
 -1032.543     0.135
 -1032.444     0.134
 -1032.344     0.135
 -1032.244     0.135
 -1032.145     0.135
 -1032.045     0.134
 -1031.946     0.130
 -1031.846     0.123
 -1031.746     0.115
 -1031.647     0.113
 -1031.547     0.113
 -1031.448     0.114
 -1031.348     0.113
 -1031.248     0.114
 -1031.149     0.114
 -1031.049     0.116
 -1030.950     0.117
 -1030.850     0.118
 -1030.750     0.118
 -1030.651     0.116
 -1030.551     0.118
 -1030.451     0.117
 -1030.352     0.116
 -1030.252     0.115
 -1030.153     0.115
 -1030.053     0.116
 -1029.953     0.118
 -1029.854     0.117
 -1029.754     0.120
 -1029.655     0.118
 -1029.555     0.118
 -1029.455     0.119
 -1029.356     0.118
 -1029.256     0.115
 -1029.157     0.116
 -1029.057     0.116
 -1028.957     0.115
 -1028.858     0.115
 -1028.758     0.116
 -1028.659     0.118
 -1028.559     0.117
 -1028.459     0.119
 -1028.360     0.121
 -1028.260     0.122
 -1028.160     0.122
 -1028.061     0.122
 -1027.961     0.125
 -1027.862     0.130
 -1027.762     0.132
 -1027.662     0.133
 -1027.563     0.133
 -1027.463     0.135
 -1027.364     0.135
 -1027.264     0.136
 -1027.164     0.136
 -1027.065     0.137
 -1026.965     0.135
 -1026.865     0.135
 -1026.766     0.133
 -1026.666     0.131
 -1026.567     0.125
 -1026.467     0.117
 -1026.368     0.116
 -1026.268     0.115
 -1026.168     0.113
 -1026.069     0.115
 -1025.969     0.115
 -1025.869     0.116
 -1025.770     0.115
 -1025.670     0.117
 -1025.571     0.116
 -1025.471     0.117
 -1025.371     0.117
 -1025.272     0.117
 -1025.172     0.116
 -1025.073     0.116
 -1024.973     0.117
 -1024.873     0.116
 -1024.774     0.116
 -1024.674     0.116
 -1024.575     0.116
 -1024.475     0.118
 -1024.375     0.119
 -1024.276     0.120
 -1024.176     0.121
 -1024.076     0.122
 -1023.977     0.124
 -1023.877     0.124
 -1023.778     0.127
 -1023.678     0.133
 -1023.578     0.137
 -1023.479     0.136
 -1023.379     0.136
 -1023.280     0.136
 -1023.180     0.134
 -1023.080     0.133
 -1022.981     0.133
 -1022.881     0.128
 -1022.782     0.122
 -1022.682     0.119
 -1022.582     0.118
 -1022.483     0.116
 -1022.383     0.117
 -1022.284     0.119
 -1022.184     0.118
 -1022.084     0.120
 -1021.985     0.119
 -1021.885     0.119
 -1021.785     0.117
 -1021.686     0.117
 -1021.586     0.117
 -1021.487     0.117
 -1021.387     0.119
 -1021.287     0.118
 -1021.188     0.120
 -1021.088     0.118
 -1020.989     0.118
 -1020.889     0.116
 -1020.789     0.117
 -1020.690     0.114
 -1020.590     0.117
 -1020.490     0.118
 -1020.391     0.120
 -1020.291     0.122
 -1020.192     0.122
 -1020.092     0.122
 -1019.993     0.125
 -1019.893     0.124
 -1019.793     0.126
 -1019.694     0.132
 -1019.594     0.135
 -1019.494     0.136
 -1019.395     0.136
 -1019.295     0.138
 -1019.196     0.137
 -1019.096     0.134
 -1018.996     0.133
 -1018.897     0.130
 -1018.797     0.124
 -1018.698     0.120
 -1018.598     0.118
 -1018.498     0.118
 -1018.399     0.117
 -1018.299     0.118
 -1018.200     0.120
 -1018.100     0.119
 -1018.000     0.119
 -1017.901     0.116
 -1017.801     0.119
 -1017.701     0.119
 -1017.602     0.118
 -1017.502     0.117
 -1017.403     0.118
 -1017.303     0.117
 -1017.203     0.118
 -1017.104     0.119
 -1017.004     0.120
 -1016.905     0.120
 -1016.805     0.120
 -1016.705     0.120
 -1016.606     0.118
 -1016.506     0.120
 -1016.407     0.120
 -1016.307     0.119
 -1016.207     0.118
 -1016.108     0.117
 -1016.008     0.119
 -1015.909     0.119
 -1015.809     0.118
 -1015.709     0.118
 -1015.610     0.119
 -1015.510     0.118
 -1015.410     0.120
 -1015.311     0.119
 -1015.211     0.119
 -1015.112     0.118
 -1015.012     0.118
 -1014.912     0.117
 -1014.813     0.119
 -1014.713     0.118
 -1014.614     0.120
 -1014.514     0.123
 -1014.414     0.123
 -1014.315     0.124
 -1014.215     0.127
 -1014.115     0.134
 -1014.016     0.136
 -1013.916     0.137
 -1013.817     0.138
 -1013.717     0.137
 -1013.618     0.137
 -1013.518     0.136
 -1013.418     0.136
 -1013.319     0.133
 -1013.219     0.130
 -1013.119     0.125
 -1013.020     0.122
 -1012.920     0.119
 -1012.821     0.119
 -1012.721     0.119
 -1012.621     0.119
 -1012.522     0.120
 -1012.422     0.119
 -1012.323     0.118
 -1012.223     0.119
 -1012.123     0.121
 -1012.024     0.122
 -1011.924     0.124
 -1011.825     0.126
 -1011.725     0.127
 -1011.625     0.135
 -1011.526     0.138
 -1011.426     0.137
 -1011.326     0.138
 -1011.227     0.139
 -1011.127     0.137
 -1011.028     0.135
 -1010.928     0.132
 -1010.828     0.126
 -1010.729     0.120
 -1010.629     0.119
 -1010.530     0.118
 -1010.430     0.119
 -1010.330     0.117
 -1010.231     0.119
 -1010.131     0.116
 -1010.032     0.119
 -1009.932     0.119
 -1009.832     0.118
 -1009.733     0.121
 -1009.633     0.122
 -1009.534     0.124
 -1009.434     0.126
 -1009.334     0.128
 -1009.235     0.134
 -1009.135     0.139
 -1009.035     0.139
 -1008.936     0.142
 -1008.836     0.141
 -1008.737     0.139
 -1008.637     0.138
 -1008.537     0.135
 -1008.438     0.127
 -1008.338     0.121
 -1008.239     0.121
 -1008.139     0.121
 -1008.039     0.120
 -1007.940     0.119
 -1007.840     0.119
 -1007.740     0.119
 -1007.641     0.119
 -1007.541     0.118
 -1007.442     0.119
 -1007.342     0.119
 -1007.243     0.120
 -1007.143     0.121
 -1007.043     0.124
 -1006.944     0.126
 -1006.844     0.130
 -1006.744     0.136
 -1006.645     0.139
 -1006.545     0.139
 -1006.446     0.139
 -1006.346     0.141
 -1006.246     0.140
 -1006.147     0.139
 -1006.047     0.139
 -1005.948     0.138
 -1005.848     0.133
 -1005.748     0.128
 -1005.649     0.123
 -1005.549     0.120
 -1005.450     0.121
 -1005.350     0.119
 -1005.250     0.119
 -1005.151     0.120
 -1005.051     0.120
 -1004.951     0.122
 -1004.852     0.124
 -1004.752     0.126
 -1004.653     0.128
 -1004.553     0.130
 -1004.453     0.135
 -1004.354     0.140
 -1004.254     0.141
 -1004.155     0.142
 -1004.055     0.142
 -1003.955     0.139
 -1003.856     0.139
 -1003.756     0.137
 -1003.657     0.130
 -1003.557     0.125
 -1003.457     0.121
 -1003.358     0.120
 -1003.258     0.119
 -1003.159     0.120
 -1003.059     0.121
 -1002.959     0.122
 -1002.860     0.124
 -1002.760     0.126
 -1002.660     0.127
 -1002.561     0.129
 -1002.461     0.135
 -1002.362     0.139
 -1002.262     0.140
 -1002.162     0.139
 -1002.063     0.140
 -1001.963     0.139
 -1001.864     0.139
 -1001.764     0.137
 -1001.664     0.136
 -1001.565     0.133
 -1001.465     0.129
 -1001.365     0.122
 -1001.266     0.121
 -1001.166     0.120
 -1001.067     0.121
 -1000.967     0.121
 -1000.868     0.120
 -1000.768     0.121
 -1000.668     0.120
 -1000.569     0.121
 -1000.469     0.121
 -1000.369     0.125
 -1000.270     0.125
 -1000.170     0.129
 -1000.071     0.133
  -999.971     0.139
  -999.871     0.141
  -999.772     0.141
  -999.672     0.142
  -999.573     0.143
  -999.473     0.140
  -999.373     0.141
  -999.274     0.139
  -999.174     0.135
  -999.075     0.129
  -998.975     0.124
  -998.875     0.121
  -998.776     0.124
  -998.676     0.122
  -998.576     0.122
  -998.477     0.122
  -998.377     0.121
  -998.278     0.123
  -998.178     0.122
  -998.078     0.122
  -997.979     0.123
  -997.879     0.123
  -997.780     0.122
  -997.680     0.124
  -997.580     0.123
  -997.481     0.124
  -997.381     0.123
  -997.282     0.125
  -997.182     0.124
  -997.082     0.123
  -996.983     0.123
  -996.883     0.124
  -996.784     0.123
  -996.684     0.123
  -996.584     0.124
  -996.485     0.124
  -996.385     0.124
  -996.285     0.124
  -996.186     0.126
  -996.086     0.127
  -995.987     0.127
  -995.887     0.127
  -995.787     0.127
  -995.688     0.127
  -995.588     0.124
  -995.489     0.126
  -995.389     0.123
  -995.289     0.123
  -995.190     0.124
  -995.090     0.123
  -994.990     0.122
  -994.891     0.124
  -994.791     0.127
  -994.692     0.129
  -994.592     0.129
  -994.493     0.129
  -994.393     0.131
  -994.293     0.134
  -994.194     0.140
  -994.094     0.143
  -993.994     0.142
  -993.895     0.143
  -993.795     0.143
  -993.696     0.142
  -993.596     0.142
  -993.496     0.141
  -993.397     0.140
  -993.297     0.136
  -993.198     0.129
  -993.098     0.124
  -992.998     0.124
  -992.899     0.122
  -992.799     0.122
  -992.700     0.122
  -992.600     0.122
  -992.500     0.122
  -992.401     0.123
  -992.301     0.123
  -992.201     0.125
  -992.102     0.124
  -992.002     0.123
  -991.903     0.123
  -991.803     0.124
  -991.703     0.124
  -991.604     0.125
  -991.504     0.124
  -991.405     0.125
  -991.305     0.125
  -991.205     0.123
  -991.106     0.124
  -991.006     0.124
  -990.907     0.124
  -990.807     0.125
  -990.707     0.125
  -990.608     0.124
  -990.508     0.125
  -990.409     0.123
  -990.309     0.124
  -990.209     0.124
  -990.110     0.126
  -990.010     0.127
  -989.910     0.128
  -989.811     0.129
  -989.711     0.131
  -989.612     0.135
  -989.512     0.142
  -989.412     0.145
  -989.313     0.144
  -989.213     0.145
  -989.114     0.145
  -989.014     0.145
  -988.914     0.143
  -988.815     0.141
  -988.715     0.137
  -988.615     0.131
  -988.516     0.126
  -988.416     0.125
  -988.317     0.123
  -988.217     0.124
  -988.118     0.124
  -988.018     0.123
  -987.918     0.124
  -987.819     0.124
  -987.719     0.127
  -987.619     0.127
  -987.520     0.130
  -987.420     0.132
  -987.321     0.133
  -987.221     0.138
  -987.121     0.142
  -987.022     0.142
  -986.922     0.143
  -986.823     0.145
  -986.723     0.144
  -986.623     0.143
  -986.524     0.141
  -986.424     0.137
  -986.325     0.136
  -986.225     0.131
  -986.125     0.123
  -986.026     0.124
  -985.926     0.123
  -985.826     0.124
  -985.727     0.123
  -985.627     0.124
  -985.528     0.123
  -985.428     0.125
  -985.328     0.123
  -985.229     0.123
  -985.129     0.125
  -985.030     0.126
  -984.930     0.126
  -984.830     0.126
  -984.731     0.126
  -984.631     0.125
  -984.532     0.124
  -984.432     0.128
  -984.332     0.128
  -984.233     0.127
  -984.133     0.130
  -984.034     0.130
  -983.934     0.132
  -983.834     0.134
  -983.735     0.140
  -983.635     0.143
  -983.535     0.144
  -983.436     0.144
  -983.336     0.143
  -983.237     0.143
  -983.137     0.143
  -983.037     0.143
  -982.938     0.141
  -982.838     0.137
  -982.739     0.131
  -982.639     0.127
  -982.539     0.124
  -982.440     0.125
  -982.340     0.126
  -982.240     0.128
  -982.141     0.128
  -982.041     0.128
  -981.942     0.128
  -981.842     0.128
  -981.743     0.129
  -981.643     0.130
  -981.543     0.127
  -981.444     0.126
  -981.344     0.126
  -981.244     0.125
  -981.145     0.124
  -981.045     0.126
  -980.946     0.125
  -980.846     0.128
  -980.746     0.129
  -980.647     0.131
  -980.547     0.132
  -980.448     0.133
  -980.348     0.134
  -980.248     0.139
  -980.149     0.143
  -980.049     0.144
  -979.950     0.146
  -979.850     0.146
  -979.750     0.145
  -979.651     0.146
  -979.551     0.145
  -979.451     0.141
  -979.352     0.141
  -979.252     0.138
  -979.153     0.134
  -979.053     0.126
  -978.953     0.125
  -978.854     0.123
  -978.754     0.124
  -978.655     0.125
  -978.555     0.126
  -978.455     0.128
  -978.356     0.129
  -978.256     0.129
  -978.157     0.130
  -978.057     0.131
  -977.957     0.132
  -977.858     0.132
  -977.758     0.132
  -977.659     0.132
  -977.559     0.131
  -977.459     0.130
  -977.360     0.127
  -977.260     0.126
  -977.160     0.126
  -977.061     0.125
  -976.961     0.125
  -976.862     0.126
  -976.762     0.127
  -976.662     0.130
  -976.563     0.133
  -976.463     0.138
  -976.364     0.143
  -976.264     0.144
  -976.164     0.145
  -976.065     0.145
  -975.965     0.146
  -975.865     0.146
  -975.766     0.144
  -975.666     0.144
  -975.567     0.143
  -975.467     0.141
  -975.368     0.137
  -975.268     0.130
  -975.168     0.127
  -975.069     0.126
  -974.969     0.127
  -974.869     0.127
  -974.770     0.128
  -974.670     0.127
  -974.571     0.127
  -974.471     0.126
  -974.371     0.127
  -974.272     0.128
  -974.172     0.129
  -974.073     0.129
  -973.973     0.127
  -973.873     0.127
  -973.774     0.126
  -973.674     0.128
  -973.575     0.128
  -973.475     0.128
  -973.375     0.129
  -973.276     0.127
  -973.176     0.125
  -973.076     0.127
  -972.977     0.128
  -972.877     0.130
  -972.778     0.130
  -972.678     0.132
  -972.578     0.134
  -972.479     0.136
  -972.379     0.142
  -972.280     0.147
  -972.180     0.147
  -972.080     0.148
  -971.981     0.147
  -971.881     0.148
  -971.782     0.147
  -971.682     0.145
  -971.582     0.145
  -971.483     0.145
  -971.383     0.144
  -971.284     0.143
  -971.184     0.139
  -971.084     0.132
  -970.985     0.128
  -970.885     0.128
  -970.785     0.127
  -970.686     0.127
  -970.586     0.129
  -970.487     0.129
  -970.387     0.129
  -970.287     0.131
  -970.188     0.130
  -970.088     0.130
  -969.989     0.129
  -969.889     0.128
  -969.789     0.127
  -969.690     0.129
  -969.590     0.129
  -969.490     0.131
  -969.391     0.132
  -969.291     0.134
  -969.192     0.133
  -969.092     0.134
  -968.993     0.133
  -968.893     0.132
  -968.793     0.132
  -968.694     0.132
  -968.594     0.130
  -968.494     0.129
  -968.395     0.130
  -968.295     0.128
  -968.196     0.129
  -968.096     0.129
  -967.996     0.128
  -967.897     0.129
  -967.797     0.131
  -967.698     0.131
  -967.598     0.131
  -967.498     0.132
  -967.399     0.131
  -967.299     0.130
  -967.200     0.130
  -967.100     0.130
  -967.000     0.128
  -966.901     0.129
  -966.801     0.130
  -966.701     0.131
  -966.602     0.130
  -966.502     0.130
  -966.403     0.131
  -966.303     0.129
  -966.203     0.131
  -966.104     0.131
  -966.004     0.132
  -965.905     0.129
  -965.805     0.130
  -965.705     0.129
  -965.606     0.130
  -965.506     0.129
  -965.407     0.130
  -965.307     0.132
  -965.207     0.133
  -965.108     0.133
  -965.008     0.134
  -964.909     0.135
  -964.809     0.136
  -964.709     0.139
  -964.610     0.141
  -964.510     0.147
  -964.410     0.149
  -964.311     0.149
  -964.211     0.149
  -964.112     0.149
  -964.012     0.149
  -963.912     0.148
  -963.813     0.149
  -963.713     0.147
  -963.614     0.145
  -963.514     0.145
  -963.414     0.141
  -963.315     0.132
  -963.215     0.129
  -963.115     0.129
  -963.016     0.129
  -962.916     0.129
  -962.817     0.129
  -962.717     0.127
  -962.618     0.130
  -962.518     0.132
  -962.418     0.133
  -962.319     0.135
  -962.219     0.137
  -962.119     0.140
  -962.020     0.144
  -961.920     0.147
  -961.821     0.149
  -961.721     0.150
  -961.621     0.150
  -961.522     0.148
  -961.422     0.146
  -961.323     0.143
  -961.223     0.139
  -961.123     0.133
  -961.024     0.129
  -960.924     0.128
  -960.825     0.129
  -960.725     0.130
  -960.625     0.129
  -960.526     0.129
  -960.426     0.130
  -960.326     0.131
  -960.227     0.132
  -960.127     0.132
  -960.028     0.133
  -959.928     0.132
  -959.828     0.131
  -959.729     0.130
  -959.629     0.131
  -959.530     0.129
  -959.430     0.129
  -959.330     0.129
  -959.231     0.129
  -959.131     0.129
  -959.032     0.130
  -958.932     0.131
  -958.832     0.133
  -958.733     0.134
  -958.633     0.134
  -958.534     0.137
  -958.434     0.141
  -958.334     0.150
  -958.235     0.151
  -958.135     0.152
  -958.035     0.152
  -957.936     0.152
  -957.836     0.151
  -957.737     0.151
  -957.637     0.149
  -957.537     0.146
  -957.438     0.140
  -957.338     0.131
  -957.239     0.130
  -957.139     0.130
  -957.039     0.129
  -956.940     0.132
  -956.840     0.131
  -956.740     0.132
  -956.641     0.133
  -956.541     0.132
  -956.442     0.132
  -956.342     0.131
  -956.243     0.130
  -956.143     0.131
  -956.043     0.130
  -955.944     0.133
  -955.844     0.132
  -955.744     0.131
  -955.645     0.131
  -955.545     0.131
  -955.446     0.134
  -955.346     0.133
  -955.246     0.135
  -955.147     0.136
  -955.047     0.139
  -954.948     0.141
  -954.848     0.146
  -954.748     0.150
  -954.649     0.151
  -954.549     0.152
  -954.450     0.152
  -954.350     0.150
  -954.250     0.147
  -954.151     0.145
  -954.051     0.136
  -953.951     0.131
  -953.852     0.132
  -953.752     0.131
  -953.653     0.131
  -953.553     0.131
  -953.453     0.130
  -953.354     0.129
  -953.254     0.133
  -953.155     0.133
  -953.055     0.133
  -952.955     0.133
  -952.856     0.133
  -952.756     0.134
  -952.657     0.132
  -952.557     0.132
  -952.457     0.132
  -952.358     0.132
  -952.258     0.132
  -952.159     0.133
  -952.059     0.133
  -951.959     0.134
  -951.860     0.133
  -951.760     0.135
  -951.660     0.135
  -951.561     0.135
  -951.461     0.138
  -951.362     0.139
  -951.262     0.141
  -951.162     0.142
  -951.063     0.144
  -950.963     0.148
  -950.864     0.152
  -950.764     0.152
  -950.664     0.152
  -950.565     0.152
  -950.465     0.151
  -950.365     0.151
  -950.266     0.149
  -950.166     0.148
  -950.067     0.144
  -949.967     0.137
  -949.868     0.133
  -949.768     0.133
  -949.668     0.132
  -949.569     0.133
  -949.469     0.132
  -949.369     0.131
  -949.270     0.131
  -949.170     0.134
  -949.071     0.133
  -948.971     0.133
  -948.871     0.133
  -948.772     0.133
  -948.672     0.133
  -948.573     0.135
  -948.473     0.133
  -948.373     0.134
  -948.274     0.133
  -948.174     0.133
  -948.075     0.133
  -947.975     0.132
  -947.875     0.133
  -947.776     0.134
  -947.676     0.134
  -947.576     0.134
  -947.477     0.133
  -947.377     0.133
  -947.278     0.134
  -947.178     0.135
  -947.078     0.134
  -946.979     0.134
  -946.879     0.134
  -946.780     0.135
  -946.680     0.135
  -946.580     0.134
  -946.481     0.135
  -946.381     0.135
  -946.282     0.135
  -946.182     0.135
  -946.082     0.137
  -945.983     0.135
  -945.883     0.136
  -945.784     0.135
  -945.684     0.135
  -945.584     0.135
  -945.485     0.136
  -945.385     0.136
  -945.285     0.136
  -945.186     0.136
  -945.086     0.135
  -944.987     0.133
  -944.887     0.136
  -944.787     0.135
  -944.688     0.135
  -944.588     0.138
  -944.489     0.137
  -944.389     0.137
  -944.289     0.139
  -944.190     0.139
  -944.090     0.139
  -943.990     0.138
  -943.891     0.139
  -943.791     0.138
  -943.692     0.139
  -943.592     0.137
  -943.493     0.137
  -943.393     0.137
  -943.293     0.134
  -943.194     0.136
  -943.094     0.136
  -942.994     0.134
  -942.895     0.137
  -942.795     0.136
  -942.696     0.135
  -942.596     0.134
  -942.496     0.136
  -942.397     0.136
  -942.297     0.136
  -942.198     0.137
  -942.098     0.137
  -941.998     0.137
  -941.899     0.139
  -941.799     0.139
  -941.700     0.138
  -941.600     0.140
  -941.500     0.137
  -941.401     0.135
  -941.301     0.136
  -941.201     0.135
  -941.102     0.136
  -941.002     0.135
  -940.903     0.136
  -940.803     0.137
  -940.703     0.138
  -940.604     0.135
  -940.504     0.136
  -940.405     0.135
  -940.305     0.136
  -940.205     0.138
  -940.106     0.138
  -940.006     0.140
  -939.907     0.142
  -939.807     0.147
  -939.707     0.154
  -939.608     0.154
  -939.508     0.156
  -939.409     0.157
  -939.309     0.156
  -939.209     0.155
  -939.110     0.152
  -939.010     0.149
  -938.910     0.142
  -938.811     0.137
  -938.711     0.137
  -938.612     0.136
  -938.512     0.135
  -938.412     0.136
  -938.313     0.135
  -938.213     0.135
  -938.114     0.135
  -938.014     0.136
  -937.914     0.134
  -937.815     0.135
  -937.715     0.135
  -937.615     0.135
  -937.516     0.138
  -937.416     0.139
  -937.317     0.141
  -937.217     0.144
  -937.118     0.149
  -937.018     0.153
  -936.918     0.154
  -936.819     0.154
  -936.719     0.154
  -936.619     0.154
  -936.520     0.153
  -936.420     0.151
  -936.321     0.148
  -936.221     0.142
  -936.121     0.137
  -936.022     0.136
  -935.922     0.135
  -935.823     0.137
  -935.723     0.137
  -935.623     0.136
  -935.524     0.138
  -935.424     0.136
  -935.325     0.136
  -935.225     0.136
  -935.125     0.137
  -935.026     0.137
  -934.926     0.138
  -934.826     0.139
  -934.727     0.138
  -934.627     0.138
  -934.528     0.138
  -934.428     0.140
  -934.328     0.138
  -934.229     0.137
  -934.129     0.137
  -934.030     0.137
  -933.930     0.138
  -933.830     0.138
  -933.731     0.136
  -933.631     0.138
  -933.532     0.138
  -933.432     0.139
  -933.332     0.140
  -933.233     0.142
  -933.133     0.142
  -933.034     0.142
  -932.934     0.141
  -932.834     0.141
  -932.735     0.140
  -932.635     0.138
  -932.535     0.137
  -932.436     0.137
  -932.336     0.137
  -932.237     0.138
  -932.137     0.137
  -932.037     0.137
  -931.938     0.136
  -931.838     0.138
  -931.739     0.138
  -931.639     0.138
  -931.539     0.136
  -931.440     0.139
  -931.340     0.139
  -931.240     0.138
  -931.141     0.137
  -931.041     0.139
  -930.942     0.139
  -930.842     0.139
  -930.743     0.140
  -930.643     0.141
  -930.543     0.140
  -930.444     0.143
  -930.344     0.141
  -930.244     0.141
  -930.145     0.139
  -930.045     0.138
  -929.946     0.138
  -929.846     0.136
  -929.746     0.139
  -929.647     0.142
  -929.547     0.143
  -929.448     0.147
  -929.348     0.153
  -929.248     0.157
  -929.149     0.158
  -929.049     0.158
  -928.950     0.157
  -928.850     0.156
  -928.750     0.156
  -928.651     0.153
  -928.551     0.149
  -928.451     0.143
  -928.352     0.138
  -928.252     0.139
  -928.153     0.139
  -928.053     0.140
  -927.953     0.143
  -927.854     0.145
  -927.754     0.151
  -927.655     0.155
  -927.555     0.157
  -927.455     0.156
  -927.356     0.155
  -927.256     0.156
  -927.157     0.155
  -927.057     0.151
  -926.957     0.149
  -926.858     0.140
  -926.758     0.138
  -926.659     0.136
  -926.559     0.135
  -926.459     0.135
  -926.360     0.137
  -926.260     0.134
  -926.160     0.136
  -926.061     0.138
  -925.961     0.138
  -925.862     0.138
  -925.762     0.139
  -925.662     0.140
  -925.563     0.143
  -925.463     0.143
  -925.364     0.143
  -925.264     0.145
  -925.164     0.146
  -925.065     0.148
  -924.965     0.153
  -924.865     0.157
  -924.766     0.158
  -924.666     0.159
  -924.567     0.159
  -924.467     0.157
  -924.368     0.156
  -924.268     0.155
  -924.168     0.152
  -924.069     0.148
  -923.969     0.141
  -923.869     0.140
  -923.770     0.140
  -923.670     0.140
  -923.571     0.139
  -923.471     0.138
  -923.371     0.139
  -923.272     0.139
  -923.172     0.142
  -923.073     0.142
  -922.973     0.143
  -922.873     0.146
  -922.774     0.147
  -922.674     0.151
  -922.575     0.157
  -922.475     0.158
  -922.375     0.160
  -922.276     0.160
  -922.176     0.160
  -922.076     0.157
  -921.977     0.154
  -921.877     0.147
  -921.778     0.142
  -921.678     0.139
  -921.578     0.139
  -921.479     0.138
  -921.379     0.140
  -921.280     0.142
  -921.180     0.141
  -921.080     0.142
  -920.981     0.143
  -920.881     0.142
  -920.782     0.141
  -920.682     0.141
  -920.582     0.141
  -920.483     0.139
  -920.383     0.140
  -920.284     0.139
  -920.184     0.139
  -920.084     0.140
  -919.985     0.141
  -919.885     0.143
  -919.785     0.142
  -919.686     0.140
  -919.586     0.141
  -919.487     0.139
  -919.387     0.140
  -919.287     0.140
  -919.188     0.139
  -919.088     0.140
  -918.989     0.141
  -918.889     0.143
  -918.789     0.143
  -918.690     0.145
  -918.590     0.145
  -918.490     0.147
  -918.391     0.150
  -918.291     0.156
  -918.192     0.160
  -918.092     0.159
  -917.993     0.158
  -917.893     0.158
  -917.793     0.157
  -917.694     0.154
  -917.594     0.152
  -917.494     0.145
  -917.395     0.142
  -917.295     0.141
  -917.196     0.140
  -917.096     0.139
  -916.996     0.139
  -916.897     0.140
  -916.797     0.142
  -916.698     0.142
  -916.598     0.143
  -916.498     0.146
  -916.399     0.149
  -916.299     0.151
  -916.200     0.157
  -916.100     0.158
  -916.000     0.158
  -915.901     0.160
  -915.801     0.160
  -915.701     0.160
  -915.602     0.160
  -915.502     0.158
  -915.403     0.153
  -915.303     0.148
  -915.203     0.143
  -915.104     0.140
  -915.004     0.141
  -914.905     0.140
  -914.805     0.142
  -914.705     0.140
  -914.606     0.141
  -914.506     0.140
  -914.407     0.140
  -914.307     0.140
  -914.207     0.140
  -914.108     0.139
  -914.008     0.141
  -913.909     0.143
  -913.809     0.145
  -913.709     0.147
  -913.610     0.149
  -913.510     0.149
  -913.410     0.150
  -913.311     0.153
  -913.211     0.158
  -913.112     0.157
  -913.012     0.160
  -912.912     0.159
  -912.813     0.159
  -912.713     0.159
  -912.614     0.157
  -912.514     0.155
  -912.414     0.153
  -912.315     0.146
  -912.215     0.141
  -912.115     0.141
  -912.016     0.140
  -911.916     0.140
  -911.817     0.141
  -911.717     0.142
  -911.618     0.143
  -911.518     0.142
  -911.418     0.140
  -911.319     0.143
  -911.219     0.142
  -911.119     0.141
  -911.020     0.144
  -910.920     0.141
  -910.821     0.142
  -910.721     0.143
  -910.621     0.141
  -910.522     0.143
  -910.422     0.140
  -910.323     0.143
  -910.223     0.143
  -910.123     0.143
  -910.024     0.142
  -909.924     0.143
  -909.825     0.143
  -909.725     0.142
  -909.625     0.142
  -909.526     0.142
  -909.426     0.142
  -909.326     0.143
  -909.227     0.143
  -909.127     0.142
  -909.028     0.142
  -908.928     0.142
  -908.828     0.144
  -908.729     0.146
  -908.629     0.145
  -908.530     0.148
  -908.430     0.149
  -908.330     0.152
  -908.231     0.157
  -908.131     0.161
  -908.032     0.162
  -907.932     0.163
  -907.832     0.164
  -907.733     0.162
  -907.633     0.163
  -907.534     0.162
  -907.434     0.160
  -907.334     0.158
  -907.235     0.154
  -907.135     0.147
  -907.035     0.144
  -906.936     0.143
  -906.836     0.143
  -906.737     0.142
  -906.637     0.143
  -906.537     0.144
  -906.438     0.142
  -906.338     0.144
  -906.239     0.145
  -906.139     0.145
  -906.039     0.144
  -905.940     0.144
  -905.840     0.144
  -905.740     0.146
  -905.641     0.146
  -905.541     0.146
  -905.442     0.147
  -905.342     0.147
  -905.243     0.145
  -905.143     0.145
  -905.043     0.144
  -904.944     0.144
  -904.844     0.144
  -904.744     0.142
  -904.645     0.142
  -904.545     0.144
  -904.446     0.144
  -904.346     0.144
  -904.246     0.144
  -904.147     0.145
  -904.047     0.142
  -903.948     0.143
  -903.848     0.144
  -903.748     0.144
  -903.649     0.145
  -903.549     0.144
  -903.450     0.143
  -903.350     0.143
  -903.250     0.145
  -903.151     0.145
  -903.051     0.144
  -902.951     0.146
  -902.852     0.147
  -902.752     0.149
  -902.653     0.151
  -902.553     0.155
  -902.453     0.162
  -902.354     0.164
  -902.254     0.165
  -902.155     0.163
  -902.055     0.164
  -901.955     0.162
  -901.856     0.161
  -901.756     0.154
  -901.657     0.147
  -901.557     0.145
  -901.457     0.145
  -901.358     0.144
  -901.258     0.144
  -901.159     0.144
  -901.059     0.144
  -900.959     0.143
  -900.860     0.143
  -900.760     0.144
  -900.660     0.144
  -900.561     0.147
  -900.461     0.147
  -900.362     0.148
  -900.262     0.147
  -900.162     0.146
  -900.063     0.147
  -899.963     0.146
  -899.864     0.145
  -899.764     0.147
  -899.664     0.146
  -899.565     0.144
  -899.465     0.144
  -899.365     0.147
  -899.266     0.150
  -899.166     0.151
  -899.067     0.153
  -898.967     0.158
  -898.868     0.161
  -898.768     0.165
  -898.668     0.165
  -898.569     0.165
  -898.469     0.162
  -898.369     0.162
  -898.270     0.161
  -898.170     0.157
  -898.071     0.152
  -897.971     0.146
  -897.871     0.146
  -897.772     0.145
  -897.672     0.142
  -897.573     0.143
  -897.473     0.144
  -897.373     0.145
  -897.274     0.145
  -897.174     0.146
  -897.075     0.146
  -896.975     0.147
  -896.875     0.146
  -896.776     0.146
  -896.676     0.147
  -896.576     0.147
  -896.477     0.146
  -896.377     0.147
  -896.278     0.145
  -896.178     0.146
  -896.078     0.146
  -895.979     0.147
  -895.879     0.148
  -895.780     0.146
  -895.680     0.144
  -895.580     0.145
  -895.481     0.145
  -895.381     0.147
  -895.282     0.145
  -895.182     0.147
  -895.082     0.148
  -894.983     0.150
  -894.883     0.150
  -894.784     0.152
  -894.684     0.154
  -894.584     0.157
  -894.485     0.165
  -894.385     0.167
  -894.285     0.167
  -894.186     0.166
  -894.086     0.165
  -893.987     0.164
  -893.887     0.163
  -893.787     0.158
  -893.688     0.153
  -893.588     0.149
  -893.489     0.147
  -893.389     0.145
  -893.289     0.146
  -893.190     0.148
  -893.090     0.147
  -892.990     0.147
  -892.891     0.148
  -892.791     0.147
  -892.692     0.148
  -892.592     0.147
  -892.493     0.149
  -892.393     0.150
  -892.293     0.148
  -892.194     0.149
  -892.094     0.148
  -891.994     0.148
  -891.895     0.148
  -891.795     0.148
  -891.696     0.147
  -891.596     0.147
  -891.496     0.147
  -891.397     0.147
  -891.297     0.148
  -891.198     0.148
  -891.098     0.150
  -890.998     0.151
  -890.899     0.150
  -890.799     0.153
  -890.700     0.154
  -890.600     0.155
  -890.500     0.157
  -890.401     0.159
  -890.301     0.164
  -890.201     0.165
  -890.102     0.168
  -890.002     0.165
  -889.903     0.165
  -889.803     0.164
  -889.703     0.162
  -889.604     0.160
  -889.504     0.156
  -889.405     0.150
  -889.305     0.147
  -889.205     0.147
  -889.106     0.146
  -889.006     0.146
  -888.907     0.146
  -888.807     0.147
  -888.707     0.148
  -888.608     0.149
  -888.508     0.148
  -888.409     0.147
  -888.309     0.148
  -888.209     0.148
  -888.110     0.149
  -888.010     0.149
  -887.910     0.149
  -887.811     0.151
  -887.711     0.151
  -887.612     0.152
  -887.512     0.154
  -887.412     0.155
  -887.313     0.157
  -887.213     0.163
  -887.114     0.166
  -887.014     0.168
  -886.914     0.166
  -886.815     0.164
  -886.715     0.161
  -886.615     0.156
  -886.516     0.150
  -886.416     0.149
  -886.317     0.147
  -886.217     0.147
  -886.118     0.148
  -886.018     0.149
  -885.918     0.150
  -885.819     0.148
  -885.719     0.147
  -885.619     0.146
  -885.520     0.146
  -885.420     0.147
  -885.321     0.147
  -885.221     0.149
  -885.121     0.151
  -885.022     0.152
  -884.922     0.154
  -884.823     0.157
  -884.723     0.161
  -884.623     0.166
  -884.524     0.169
  -884.424     0.170
  -884.325     0.169
  -884.225     0.169
  -884.125     0.167
  -884.026     0.163
  -883.926     0.154
  -883.826     0.150
  -883.727     0.149
  -883.627     0.148
  -883.528     0.147
  -883.428     0.148
  -883.328     0.148
  -883.229     0.149
  -883.129     0.149
  -883.030     0.149
  -882.930     0.149
  -882.830     0.149
  -882.731     0.148
  -882.631     0.151
  -882.532     0.151
  -882.432     0.154
  -882.332     0.153
  -882.233     0.155
  -882.133     0.155
  -882.034     0.155
  -881.934     0.155
  -881.834     0.157
  -881.735     0.158
  -881.635     0.160
  -881.535     0.165
  -881.436     0.169
  -881.336     0.168
  -881.237     0.167
  -881.137     0.168
  -881.037     0.165
  -880.938     0.165
  -880.838     0.163
  -880.739     0.157
  -880.639     0.151
  -880.539     0.150
  -880.440     0.149
  -880.340     0.149
  -880.240     0.150
  -880.141     0.148
  -880.041     0.150
  -879.942     0.151
  -879.842     0.153
  -879.743     0.155
  -879.643     0.155
  -879.543     0.154
  -879.444     0.155
  -879.344     0.155
  -879.244     0.157
  -879.145     0.157
  -879.045     0.155
  -878.946     0.156
  -878.846     0.153
  -878.746     0.153
  -878.647     0.152
  -878.547     0.151
  -878.448     0.149
  -878.348     0.149
  -878.248     0.151
  -878.149     0.150
  -878.049     0.151
  -877.950     0.151
  -877.850     0.152
  -877.750     0.153
  -877.651     0.154
  -877.551     0.155
  -877.451     0.155
  -877.352     0.155
  -877.252     0.156
  -877.153     0.155
  -877.053     0.154
  -876.953     0.154
  -876.854     0.154
  -876.754     0.151
  -876.655     0.149
  -876.555     0.149
  -876.455     0.150
  -876.356     0.150
  -876.256     0.150
  -876.157     0.150
  -876.057     0.151
  -875.957     0.154
  -875.858     0.154
  -875.758     0.158
  -875.659     0.158
  -875.559     0.160
  -875.459     0.166
  -875.360     0.168
  -875.260     0.169
  -875.160     0.171
  -875.061     0.170
  -874.961     0.171
  -874.862     0.168
  -874.762     0.167
  -874.662     0.162
  -874.563     0.154
  -874.463     0.150
  -874.364     0.150
  -874.264     0.149
  -874.164     0.148
  -874.065     0.149
  -873.965     0.150
  -873.865     0.150
  -873.766     0.151
  -873.666     0.150
  -873.567     0.150
  -873.467     0.153
  -873.368     0.155
  -873.268     0.156
  -873.168     0.156
  -873.069     0.160
  -872.969     0.166
  -872.869     0.169
  -872.770     0.172
  -872.670     0.172
  -872.571     0.171
  -872.471     0.169
  -872.371     0.169
  -872.272     0.168
  -872.172     0.165
  -872.073     0.161
  -871.973     0.154
  -871.873     0.152
  -871.774     0.151
  -871.674     0.150
  -871.575     0.152
  -871.475     0.150
  -871.375     0.151
  -871.276     0.151
  -871.176     0.151
  -871.076     0.153
  -870.977     0.154
  -870.877     0.154
  -870.778     0.154
  -870.678     0.155
  -870.578     0.155
  -870.479     0.154
  -870.379     0.152
  -870.280     0.153
  -870.180     0.152
  -870.080     0.152
  -869.981     0.152
  -869.881     0.152
  -869.782     0.152
  -869.682     0.152
  -869.582     0.153
  -869.483     0.151
  -869.383     0.153
  -869.284     0.151
  -869.184     0.151
  -869.084     0.153
  -868.985     0.154
  -868.885     0.155
  -868.785     0.155
  -868.686     0.156
  -868.586     0.156
  -868.487     0.158
  -868.387     0.159
  -868.287     0.160
  -868.188     0.162
  -868.088     0.169
  -867.989     0.171
  -867.889     0.173
  -867.789     0.174
  -867.690     0.174
  -867.590     0.174
  -867.490     0.170
  -867.391     0.168
  -867.291     0.163
  -867.192     0.155
  -867.092     0.152
  -866.993     0.153
  -866.893     0.153
  -866.793     0.153
  -866.694     0.154
  -866.594     0.153
  -866.494     0.154
  -866.395     0.154
  -866.295     0.154
  -866.196     0.153
  -866.096     0.155
  -865.996     0.154
  -865.897     0.155
  -865.797     0.154
  -865.698     0.154
  -865.598     0.155
  -865.498     0.152
  -865.399     0.155
  -865.299     0.155
  -865.200     0.157
  -865.100     0.158
  -865.000     0.160
  -864.901     0.161
  -864.801     0.164
  -864.701     0.170
  -864.602     0.170
  -864.502     0.174
  -864.403     0.174
  -864.303     0.173
  -864.203     0.170
  -864.104     0.166
  -864.004     0.162
  -863.905     0.157
  -863.805     0.154
  -863.705     0.153
  -863.606     0.151
  -863.506     0.153
  -863.407     0.151
  -863.307     0.151
  -863.207     0.152
  -863.108     0.154
  -863.008     0.155
  -862.909     0.155
  -862.809     0.158
  -862.709     0.158
  -862.610     0.158
  -862.510     0.161
  -862.410     0.161
  -862.311     0.162
  -862.211     0.162
  -862.112     0.164
  -862.012     0.167
  -861.912     0.170
  -861.813     0.171
  -861.713     0.174
  -861.614     0.172
  -861.514     0.172
  -861.414     0.169
  -861.315     0.168
  -861.215     0.163
  -861.115     0.155
  -861.016     0.153
  -860.916     0.153
  -860.817     0.153
  -860.717     0.152
  -860.618     0.152
  -860.518     0.154
  -860.418     0.153
  -860.319     0.155
  -860.219     0.155
  -860.119     0.154
  -860.020     0.155
  -859.920     0.156
  -859.821     0.158
  -859.721     0.158
  -859.621     0.160
  -859.522     0.160
  -859.422     0.161
  -859.323     0.160
  -859.223     0.160
  -859.123     0.159
  -859.024     0.159
  -858.924     0.157
  -858.825     0.157
  -858.725     0.156
  -858.625     0.156
  -858.526     0.154
  -858.426     0.156
  -858.326     0.156
  -858.227     0.157
  -858.127     0.158
  -858.028     0.157
  -857.928     0.156
  -857.828     0.156
  -857.729     0.153
  -857.629     0.155
  -857.530     0.156
  -857.430     0.157
  -857.330     0.158
  -857.231     0.159
  -857.131     0.160
  -857.032     0.160
  -856.932     0.160
  -856.832     0.160
  -856.733     0.160
  -856.633     0.159
  -856.534     0.161
  -856.434     0.159
  -856.334     0.157
  -856.235     0.156
  -856.135     0.155
  -856.035     0.155
  -855.936     0.154
  -855.836     0.155
  -855.737     0.159
  -855.637     0.160
  -855.537     0.163
  -855.438     0.165
  -855.338     0.170
  -855.239     0.174
  -855.139     0.175
  -855.039     0.173
  -854.940     0.175
  -854.840     0.173
  -854.740     0.172
  -854.641     0.170
  -854.541     0.169
  -854.442     0.163
  -854.342     0.156
  -854.243     0.155
  -854.143     0.154
  -854.043     0.152
  -853.944     0.154
  -853.844     0.154
  -853.744     0.156
  -853.645     0.156
  -853.545     0.157
  -853.446     0.156
  -853.346     0.157
  -853.246     0.157
  -853.147     0.156
  -853.047     0.157
  -852.948     0.157
  -852.848     0.158
  -852.748     0.157
  -852.649     0.158
  -852.549     0.156
  -852.450     0.156
  -852.350     0.156
  -852.250     0.157
  -852.151     0.157
  -852.051     0.159
  -851.951     0.161
  -851.852     0.161
  -851.752     0.162
  -851.653     0.164
  -851.553     0.165
  -851.453     0.167
  -851.354     0.172
  -851.254     0.177
  -851.155     0.178
  -851.055     0.177
  -850.955     0.174
  -850.856     0.174
  -850.756     0.171
  -850.657     0.167
  -850.557     0.160
  -850.457     0.157
  -850.358     0.156
  -850.258     0.156
  -850.159     0.156
  -850.059     0.156
  -849.959     0.156
  -849.860     0.156
  -849.760     0.156
  -849.660     0.156
  -849.561     0.157
  -849.461     0.158
  -849.362     0.158
  -849.262     0.157
  -849.162     0.157
  -849.063     0.158
  -848.963     0.158
  -848.864     0.159
  -848.764     0.159
  -848.664     0.159
  -848.565     0.159
  -848.465     0.157
  -848.365     0.159
  -848.266     0.158
  -848.166     0.158
  -848.067     0.158
  -847.967     0.158
  -847.868     0.160
  -847.768     0.158
  -847.668     0.158
  -847.569     0.159
  -847.469     0.159
  -847.369     0.160
  -847.270     0.160
  -847.170     0.161
  -847.071     0.162
  -846.971     0.161
  -846.871     0.163
  -846.772     0.161
  -846.672     0.161
  -846.573     0.159
  -846.473     0.158
  -846.373     0.158
  -846.274     0.158
  -846.174     0.159
  -846.075     0.159
  -845.975     0.160
  -845.875     0.158
  -845.776     0.158
  -845.676     0.158
  -845.576     0.159
  -845.477     0.159
  -845.377     0.158
  -845.278     0.158
  -845.178     0.159
  -845.078     0.159
  -844.979     0.159
  -844.879     0.161
  -844.780     0.162
  -844.680     0.161
  -844.580     0.163
  -844.481     0.163
  -844.381     0.164
  -844.282     0.164
  -844.182     0.163
  -844.082     0.163
  -843.983     0.162
  -843.883     0.163
  -843.784     0.162
  -843.684     0.159
  -843.584     0.159
  -843.485     0.159
  -843.385     0.160
  -843.285     0.159
  -843.186     0.159
  -843.086     0.160
  -842.987     0.160
  -842.887     0.161
  -842.787     0.159
  -842.688     0.159
  -842.588     0.160
  -842.489     0.159
  -842.389     0.159
  -842.289     0.160
  -842.190     0.161
  -842.090     0.161
  -841.990     0.161
  -841.891     0.163
  -841.791     0.162
  -841.692     0.166
  -841.592     0.165
  -841.493     0.167
  -841.393     0.166
  -841.293     0.167
  -841.194     0.173
  -841.094     0.177
  -840.994     0.177
  -840.895     0.179
  -840.795     0.178
  -840.696     0.178
  -840.596     0.176
  -840.496     0.174
  -840.397     0.167
  -840.297     0.161
  -840.198     0.157
  -840.098     0.158
  -839.998     0.158
  -839.899     0.158
  -839.799     0.159
  -839.700     0.161
  -839.600     0.161
  -839.500     0.161
  -839.401     0.159
  -839.301     0.158
  -839.201     0.160
  -839.102     0.160
  -839.002     0.160
  -838.903     0.160
  -838.803     0.159
  -838.703     0.159
  -838.604     0.160
  -838.504     0.161
  -838.405     0.161
  -838.305     0.161
  -838.205     0.161
  -838.106     0.160
  -838.006     0.160
  -837.907     0.162
  -837.807     0.163
  -837.707     0.164
  -837.608     0.163
  -837.508     0.164
  -837.409     0.164
  -837.309     0.165
  -837.209     0.163
  -837.110     0.163
  -837.010     0.160
  -836.910     0.162
  -836.811     0.161
  -836.711     0.161
  -836.612     0.160
  -836.512     0.162
  -836.412     0.162
  -836.313     0.165
  -836.213     0.164
  -836.114     0.169
  -836.014     0.175
  -835.914     0.179
  -835.815     0.180
  -835.715     0.181
  -835.615     0.182
  -835.516     0.181
  -835.416     0.180
  -835.317     0.180
  -835.217     0.178
  -835.118     0.178
  -835.018     0.175
  -834.918     0.171
  -834.819     0.165
  -834.719     0.162
  -834.619     0.160
  -834.520     0.160
  -834.420     0.162
  -834.321     0.162
  -834.221     0.165
  -834.121     0.165
  -834.022     0.164
  -833.922     0.165
  -833.823     0.166
  -833.723     0.166
  -833.623     0.166
  -833.524     0.164
  -833.424     0.163
  -833.325     0.162
  -833.225     0.160
  -833.125     0.161
  -833.026     0.162
  -832.926     0.160
  -832.826     0.162
  -832.727     0.161
  -832.627     0.162
  -832.528     0.163
  -832.428     0.161
  -832.328     0.161
  -832.229     0.162
  -832.129     0.162
  -832.030     0.163
  -831.930     0.163
  -831.830     0.163
  -831.731     0.161
  -831.631     0.162
  -831.532     0.163
  -831.432     0.164
  -831.332     0.165
  -831.233     0.169
  -831.133     0.172
  -831.034     0.178
  -830.934     0.182
  -830.834     0.181
  -830.735     0.181
  -830.635     0.179
  -830.535     0.177
  -830.436     0.177
  -830.336     0.171
  -830.237     0.163
  -830.137     0.161
  -830.037     0.160
  -829.938     0.162
  -829.838     0.162
  -829.739     0.162
  -829.639     0.162
  -829.539     0.162
  -829.440     0.163
  -829.340     0.165
  -829.240     0.167
  -829.141     0.167
  -829.041     0.168
  -828.942     0.170
  -828.842     0.173
  -828.743     0.180
  -828.643     0.181
  -828.543     0.182
  -828.444     0.183
  -828.344     0.182
  -828.244     0.183
  -828.145     0.179
  -828.045     0.176
  -827.946     0.168
  -827.846     0.165
  -827.746     0.161
  -827.647     0.161
  -827.547     0.162
  -827.448     0.164
  -827.348     0.165
  -827.248     0.164
  -827.149     0.166
  -827.049     0.167
  -826.950     0.167
  -826.850     0.168
  -826.750     0.167
  -826.651     0.170
  -826.551     0.171
  -826.451     0.171
  -826.352     0.171
  -826.252     0.176
  -826.153     0.181
  -826.053     0.182
  -825.953     0.183
  -825.854     0.181
  -825.754     0.182
  -825.655     0.181
  -825.555     0.178
  -825.455     0.175
  -825.356     0.169
  -825.256     0.163
  -825.157     0.164
  -825.057     0.163
  -824.957     0.162
  -824.858     0.162
  -824.758     0.164
  -824.659     0.164
  -824.559     0.165
  -824.459     0.165
  -824.360     0.165
  -824.260     0.167
  -824.160     0.167
  -824.061     0.167
  -823.961     0.166
  -823.862     0.167
  -823.762     0.166
  -823.662     0.165
  -823.563     0.165
  -823.463     0.166
  -823.364     0.165
  -823.264     0.165
  -823.164     0.164
  -823.065     0.165
  -822.965     0.166
  -822.865     0.166
  -822.766     0.167
  -822.666     0.167
  -822.567     0.165
  -822.467     0.166
  -822.368     0.166
  -822.268     0.167
  -822.168     0.166
  -822.069     0.166
  -821.969     0.166
  -821.869     0.166
  -821.770     0.166
  -821.670     0.165
  -821.571     0.166
  -821.471     0.165
  -821.371     0.165
  -821.272     0.167
  -821.172     0.165
  -821.073     0.166
  -820.973     0.166
  -820.873     0.166
  -820.774     0.165
  -820.674     0.166
  -820.575     0.167
  -820.475     0.166
  -820.375     0.167
  -820.276     0.166
  -820.176     0.166
  -820.076     0.165
  -819.977     0.165
  -819.877     0.168
  -819.778     0.167
  -819.678     0.169
  -819.578     0.170
  -819.479     0.170
  -819.379     0.171
  -819.280     0.170
  -819.180     0.172
  -819.080     0.170
  -818.981     0.171
  -818.881     0.170
  -818.782     0.169
  -818.682     0.168
  -818.582     0.167
  -818.483     0.165
  -818.383     0.167
  -818.284     0.166
  -818.184     0.167
  -818.084     0.167
  -817.985     0.164
  -817.885     0.166
  -817.785     0.167
  -817.686     0.167
  -817.586     0.167
  -817.487     0.168
  -817.387     0.168
  -817.287     0.167
  -817.188     0.168
  -817.088     0.168
  -816.989     0.168
  -816.889     0.168
  -816.789     0.168
  -816.690     0.168
  -816.590     0.167
  -816.490     0.169
  -816.391     0.168
  -816.291     0.166
  -816.192     0.167
  -816.092     0.166
  -815.993     0.167
  -815.893     0.167
  -815.793     0.167
  -815.694     0.170
  -815.594     0.170
  -815.494     0.171
  -815.395     0.172
  -815.295     0.170
  -815.196     0.170
  -815.096     0.168
  -814.996     0.167
  -814.897     0.168
  -814.797     0.167
  -814.698     0.169
  -814.598     0.167
  -814.498     0.168
  -814.399     0.166
  -814.299     0.167
  -814.200     0.169
  -814.100     0.170
  -814.000     0.171
  -813.901     0.171
  -813.801     0.172
  -813.701     0.175
  -813.602     0.175
  -813.502     0.178
  -813.403     0.182
  -813.303     0.184
  -813.203     0.186
  -813.104     0.186
  -813.004     0.187
  -812.905     0.184
  -812.805     0.182
  -812.705     0.182
  -812.606     0.174
  -812.506     0.168
  -812.407     0.165
  -812.307     0.165
  -812.207     0.165
  -812.108     0.164
  -812.008     0.167
  -811.909     0.167
  -811.809     0.167
  -811.709     0.167
  -811.610     0.167
  -811.510     0.169
  -811.410     0.167
  -811.311     0.166
  -811.211     0.166
  -811.112     0.167
  -811.012     0.168
  -810.912     0.165
  -810.813     0.168
  -810.713     0.167
  -810.614     0.168
  -810.514     0.168
  -810.414     0.168
  -810.315     0.168
  -810.215     0.169
  -810.115     0.169
  -810.016     0.173
  -809.916     0.173
  -809.817     0.176
  -809.717     0.179
  -809.618     0.184
  -809.518     0.188
  -809.418     0.188
  -809.319     0.188
  -809.219     0.188
  -809.119     0.190
  -809.020     0.188
  -808.920     0.183
  -808.821     0.180
  -808.721     0.171
  -808.621     0.170
  -808.522     0.167
  -808.422     0.168
  -808.323     0.166
  -808.223     0.169
  -808.123     0.168
  -808.024     0.170
  -807.924     0.171
  -807.825     0.175
  -807.725     0.179
  -807.625     0.185
  -807.526     0.186
  -807.426     0.187
  -807.326     0.185
  -807.227     0.184
  -807.127     0.183
  -807.028     0.182
  -806.928     0.174
  -806.828     0.170
  -806.729     0.166
  -806.629     0.166
  -806.530     0.166
  -806.430     0.168
  -806.330     0.169
  -806.231     0.170
  -806.131     0.174
  -806.032     0.174
  -805.932     0.179
  -805.832     0.184
  -805.733     0.188
  -805.633     0.189
  -805.534     0.188
  -805.434     0.186
  -805.334     0.185
  -805.235     0.178
  -805.135     0.170
  -805.035     0.167
  -804.936     0.166
  -804.836     0.167
  -804.737     0.165
  -804.637     0.167
  -804.537     0.171
  -804.438     0.174
  -804.338     0.175
  -804.239     0.182
  -804.139     0.187
  -804.039     0.188
  -803.940     0.188
  -803.840     0.188
  -803.740     0.188
  -803.641     0.189
  -803.541     0.189
  -803.442     0.188
  -803.342     0.185
  -803.243     0.182
  -803.143     0.174
  -803.043     0.169
  -802.944     0.167
  -802.844     0.169
  -802.744     0.169
  -802.645     0.170
  -802.545     0.171
  -802.446     0.170
  -802.346     0.171
  -802.246     0.170
  -802.147     0.169
  -802.047     0.169
  -801.948     0.170
  -801.848     0.170
  -801.748     0.171
  -801.649     0.170
  -801.549     0.169
  -801.450     0.171
  -801.350     0.170
  -801.250     0.173
  -801.151     0.173
  -801.051     0.172
  -800.951     0.172
  -800.852     0.171
  -800.752     0.169
  -800.653     0.171
  -800.553     0.170
  -800.453     0.171
  -800.354     0.171
  -800.254     0.175
  -800.155     0.174
  -800.055     0.177
  -799.955     0.177
  -799.856     0.182
  -799.756     0.187
  -799.657     0.189
  -799.557     0.190
  -799.457     0.188
  -799.358     0.191
  -799.258     0.191
  -799.159     0.189
  -799.059     0.188
  -798.959     0.186
  -798.860     0.185
  -798.760     0.180
  -798.660     0.171
  -798.561     0.170
  -798.461     0.169
  -798.362     0.170
  -798.262     0.171
  -798.162     0.172
  -798.063     0.171
  -797.963     0.172
  -797.864     0.174
  -797.764     0.175
  -797.664     0.176
  -797.565     0.178
  -797.465     0.180
  -797.365     0.183
  -797.266     0.188
  -797.166     0.191
  -797.067     0.192
  -796.967     0.193
  -796.868     0.192
  -796.768     0.190
  -796.668     0.188
  -796.569     0.182
  -796.469     0.174
  -796.369     0.169
  -796.270     0.170
  -796.170     0.169
  -796.071     0.170
  -795.971     0.172
  -795.871     0.170
  -795.772     0.171
  -795.672     0.171
  -795.573     0.170
  -795.473     0.171
  -795.373     0.171
  -795.274     0.171
  -795.174     0.172
  -795.075     0.173
  -794.975     0.173
  -794.875     0.173
  -794.776     0.174
  -794.676     0.174
  -794.576     0.172
  -794.477     0.171
  -794.377     0.172
  -794.278     0.171
  -794.178     0.171
  -794.078     0.173
  -793.979     0.174
  -793.879     0.177
  -793.780     0.175
  -793.680     0.177
  -793.580     0.180
  -793.481     0.179
  -793.381     0.186
  -793.282     0.189
  -793.182     0.192
  -793.082     0.191
  -792.983     0.193
  -792.883     0.193
  -792.784     0.192
  -792.684     0.190
  -792.584     0.188
  -792.485     0.184
  -792.385     0.176
  -792.285     0.172
  -792.186     0.170
  -792.086     0.171
  -791.987     0.171
  -791.887     0.171
  -791.787     0.170
  -791.688     0.173
  -791.588     0.173
  -791.489     0.174
  -791.389     0.174
  -791.289     0.175
  -791.190     0.177
  -791.090     0.177
  -790.990     0.178
  -790.891     0.179
  -790.791     0.181
  -790.692     0.183
  -790.592     0.189
  -790.493     0.190
  -790.393     0.190
  -790.293     0.191
  -790.194     0.192
  -790.094     0.192
  -789.994     0.190
  -789.895     0.187
  -789.795     0.185
  -789.696     0.181
  -789.596     0.175
  -789.496     0.171
  -789.397     0.172
  -789.297     0.174
  -789.198     0.173
  -789.098     0.172
  -788.998     0.172
  -788.899     0.174
  -788.799     0.172
  -788.700     0.172
  -788.600     0.172
  -788.500     0.173
  -788.401     0.173
  -788.301     0.176
  -788.201     0.176
  -788.102     0.174
  -788.002     0.176
  -787.903     0.177
  -787.803     0.176
  -787.703     0.180
  -787.604     0.180
  -787.504     0.181
  -787.405     0.184
  -787.305     0.189
  -787.205     0.193
  -787.106     0.192
  -787.006     0.192
  -786.907     0.192
  -786.807     0.190
  -786.707     0.189
  -786.608     0.185
  -786.508     0.177
  -786.409     0.174
  -786.309     0.171
  -786.209     0.172
  -786.110     0.174
  -786.010     0.173
  -785.910     0.174
  -785.811     0.174
  -785.711     0.174
  -785.612     0.174
  -785.512     0.174
  -785.412     0.174
  -785.313     0.174
  -785.213     0.176
  -785.114     0.179
  -785.014     0.179
  -784.914     0.183
  -784.815     0.184
  -784.715     0.190
  -784.615     0.194
  -784.516     0.195
  -784.416     0.195
  -784.317     0.195
  -784.217     0.193
  -784.118     0.191
  -784.018     0.188
  -783.918     0.178
  -783.819     0.178
  -783.719     0.174
  -783.619     0.175
  -783.520     0.173
  -783.420     0.172
  -783.321     0.173
  -783.221     0.174
  -783.121     0.178
  -783.022     0.180
  -782.922     0.180
  -782.823     0.182
  -782.723     0.190
  -782.623     0.192
  -782.524     0.194
  -782.424     0.195
  -782.325     0.196
  -782.225     0.194
  -782.125     0.193
  -782.026     0.191
  -781.926     0.189
  -781.826     0.181
  -781.727     0.176
  -781.627     0.173
  -781.528     0.175
  -781.428     0.173
  -781.328     0.174
  -781.229     0.176
  -781.129     0.178
  -781.030     0.178
  -780.930     0.179
  -780.830     0.179
  -780.731     0.178
  -780.631     0.178
  -780.532     0.176
  -780.432     0.175
  -780.332     0.174
  -780.233     0.175
  -780.133     0.175
  -780.034     0.176
  -779.934     0.178
  -779.834     0.178
  -779.735     0.178
  -779.635     0.180
  -779.535     0.181
  -779.436     0.183
  -779.336     0.188
  -779.237     0.193
  -779.137     0.196
  -779.037     0.196
  -778.938     0.197
  -778.838     0.195
  -778.739     0.193
  -778.639     0.189
  -778.539     0.184
  -778.440     0.176
  -778.340     0.176
  -778.240     0.174
  -778.141     0.175
  -778.041     0.174
  -777.942     0.173
  -777.842     0.175
  -777.743     0.176
  -777.643     0.179
  -777.543     0.180
  -777.444     0.182
  -777.344     0.184
  -777.244     0.189
  -777.145     0.194
  -777.045     0.194
  -776.946     0.196
  -776.846     0.195
  -776.746     0.196
  -776.647     0.194
  -776.547     0.192
  -776.448     0.190
  -776.348     0.186
  -776.248     0.179
  -776.149     0.175
  -776.049     0.174
  -775.950     0.175
  -775.850     0.177
  -775.750     0.176
  -775.651     0.175
  -775.551     0.176
  -775.451     0.177
  -775.352     0.175
  -775.252     0.176
  -775.153     0.179
  -775.053     0.180
  -774.953     0.181
  -774.854     0.182
  -774.754     0.183
  -774.655     0.185
  -774.555     0.187
  -774.455     0.191
  -774.356     0.195
  -774.256     0.197
  -774.157     0.197
  -774.057     0.196
  -773.957     0.196
  -773.858     0.196
  -773.758     0.195
  -773.659     0.193
  -773.559     0.191
  -773.459     0.188
  -773.360     0.180
  -773.260     0.176
  -773.160     0.175
  -773.061     0.176
  -772.961     0.176
  -772.862     0.177
  -772.762     0.177
  -772.662     0.173
  -772.563     0.177
  -772.463     0.179
  -772.364     0.181
  -772.264     0.184
  -772.164     0.189
  -772.065     0.194
  -771.965     0.197
  -771.865     0.197
  -771.766     0.197
  -771.666     0.196
  -771.567     0.195
  -771.467     0.194
  -771.368     0.192
  -771.268     0.187
  -771.168     0.180
  -771.069     0.179
  -770.969     0.178
  -770.869     0.178
  -770.770     0.177
  -770.670     0.178
  -770.571     0.178
  -770.471     0.178
  -770.371     0.178
  -770.272     0.180
  -770.172     0.179
  -770.073     0.180
  -769.973     0.180
  -769.873     0.179
  -769.774     0.178
  -769.674     0.179
  -769.575     0.180
  -769.475     0.181
  -769.375     0.182
  -769.276     0.183
  -769.176     0.183
  -769.076     0.182
  -768.977     0.182
  -768.877     0.181
  -768.778     0.180
  -768.678     0.180
  -768.578     0.179
  -768.479     0.179
  -768.379     0.181
  -768.280     0.179
  -768.180     0.180
  -768.080     0.180
  -767.981     0.178
  -767.881     0.179
  -767.782     0.178
  -767.682     0.178
  -767.582     0.180
  -767.483     0.180
  -767.383     0.182
  -767.284     0.182
  -767.184     0.181
  -767.084     0.182
  -766.985     0.182
  -766.885     0.181
  -766.785     0.183
  -766.686     0.182
  -766.586     0.180
  -766.487     0.181
  -766.387     0.181
  -766.287     0.181
  -766.188     0.181
  -766.088     0.178
  -765.989     0.178
  -765.889     0.179
  -765.789     0.181
  -765.690     0.185
  -765.590     0.187
  -765.490     0.191
  -765.391     0.198
  -765.291     0.199
  -765.192     0.201
  -765.092     0.199
  -764.993     0.196
  -764.893     0.191
  -764.793     0.183
  -764.694     0.179
  -764.594     0.178
  -764.494     0.177
  -764.395     0.179
  -764.295     0.181
  -764.196     0.184
  -764.096     0.188
  -763.996     0.195
  -763.897     0.198
  -763.797     0.198
  -763.698     0.199
  -763.598     0.199
  -763.498     0.200
  -763.399     0.200
  -763.299     0.198
  -763.200     0.198
  -763.100     0.200
  -763.000     0.199
  -762.901     0.198
  -762.801     0.195
  -762.701     0.192
  -762.602     0.184
  -762.502     0.181
  -762.403     0.179
  -762.303     0.178
  -762.203     0.179
  -762.104     0.179
  -762.004     0.179
  -761.905     0.180
  -761.805     0.181
  -761.705     0.182
  -761.606     0.182
  -761.506     0.183
  -761.407     0.183
  -761.307     0.184
  -761.207     0.184
  -761.108     0.185
  -761.008     0.185
  -760.909     0.184
  -760.809     0.182
  -760.709     0.181
  -760.610     0.181
  -760.510     0.180
  -760.410     0.181
  -760.311     0.180
  -760.211     0.178
  -760.112     0.177
  -760.012     0.179
  -759.912     0.179
  -759.813     0.182
  -759.713     0.182
  -759.614     0.182
  -759.514     0.184
  -759.414     0.187
  -759.315     0.186
  -759.215     0.189
  -759.115     0.191
  -759.016     0.197
  -758.916     0.201
  -758.817     0.201
  -758.717     0.200
  -758.618     0.198
  -758.518     0.200
  -758.418     0.197
  -758.319     0.196
  -758.219     0.191
  -758.119     0.184
  -758.020     0.181
  -757.920     0.181
  -757.821     0.180
  -757.721     0.183
  -757.621     0.182
  -757.522     0.180
  -757.422     0.180
  -757.323     0.180
  -757.223     0.180
  -757.123     0.180
  -757.024     0.181
  -756.924     0.184
  -756.825     0.185
  -756.725     0.188
  -756.625     0.191
  -756.526     0.198
  -756.426     0.201
  -756.326     0.202
  -756.227     0.202
  -756.127     0.202
  -756.028     0.199
  -755.928     0.197
  -755.828     0.194
  -755.729     0.186
  -755.629     0.183
  -755.530     0.181
  -755.430     0.182
  -755.330     0.181
  -755.231     0.181
  -755.131     0.181
  -755.032     0.182
  -754.932     0.183
  -754.832     0.185
  -754.733     0.184
  -754.633     0.184
  -754.534     0.185
  -754.434     0.184
  -754.334     0.185
  -754.235     0.185
  -754.135     0.186
  -754.035     0.187
  -753.936     0.189
  -753.836     0.190
  -753.737     0.189
  -753.637     0.190
  -753.537     0.190
  -753.438     0.192
  -753.338     0.194
  -753.239     0.199
  -753.139     0.201
  -753.039     0.202
  -752.940     0.201
  -752.840     0.201
  -752.740     0.202
  -752.641     0.201
  -752.541     0.201
  -752.442     0.199
  -752.342     0.198
  -752.243     0.197
  -752.143     0.196
  -752.043     0.187
  -751.944     0.183
  -751.844     0.181
  -751.744     0.182
  -751.645     0.181
  -751.545     0.181
  -751.446     0.183
  -751.346     0.182
  -751.246     0.184
  -751.147     0.186
  -751.047     0.185
  -750.948     0.188
  -750.848     0.189
  -750.748     0.191
  -750.649     0.194
  -750.549     0.201
  -750.450     0.202
  -750.350     0.202
  -750.250     0.204
  -750.151     0.205
  -750.051     0.204
  -749.951     0.202
  -749.852     0.201
  -749.752     0.199
  -749.653     0.194
  -749.553     0.187
  -749.453     0.184
  -749.354     0.184
  -749.254     0.184
  -749.155     0.185
  -749.055     0.184
  -748.955     0.184
  -748.856     0.183
  -748.756     0.184
  -748.657     0.183
  -748.557     0.183
  -748.457     0.183
  -748.358     0.182
  -748.258     0.183
  -748.159     0.185
  -748.059     0.187
  -747.959     0.188
  -747.860     0.190
  -747.760     0.192
  -747.660     0.197
  -747.561     0.202
  -747.461     0.205
  -747.362     0.204
  -747.262     0.205
  -747.162     0.204
  -747.063     0.202
  -746.963     0.201
  -746.864     0.198
  -746.764     0.194
  -746.664     0.189
  -746.565     0.186
  -746.465     0.184
  -746.365     0.184
  -746.266     0.185
  -746.166     0.184
  -746.067     0.185
  -745.967     0.184
  -745.868     0.184
  -745.768     0.184
  -745.668     0.184
  -745.569     0.185
  -745.469     0.186
  -745.369     0.187
  -745.270     0.188
  -745.170     0.188
  -745.071     0.191
  -744.971     0.188
  -744.871     0.189
  -744.772     0.188
  -744.672     0.188
  -744.573     0.186
  -744.473     0.185
  -744.373     0.186
  -744.274     0.185
  -744.174     0.186
  -744.075     0.185
  -743.975     0.185
  -743.875     0.187
  -743.776     0.188
  -743.676     0.190
  -743.576     0.191
  -743.477     0.192
  -743.377     0.195
  -743.278     0.203
  -743.178     0.205
  -743.078     0.206
  -742.979     0.207
  -742.879     0.206
  -742.780     0.204
  -742.680     0.202
  -742.580     0.199
  -742.481     0.191
  -742.381     0.186
  -742.282     0.186
  -742.182     0.185
  -742.082     0.186
  -741.983     0.186
  -741.883     0.187
  -741.784     0.188
  -741.684     0.190
  -741.584     0.193
  -741.485     0.193
  -741.385     0.194
  -741.285     0.199
  -741.186     0.201
  -741.086     0.206
  -740.987     0.206
  -740.887     0.205
  -740.787     0.204
  -740.688     0.203
  -740.588     0.199
  -740.489     0.196
  -740.389     0.191
  -740.289     0.185
  -740.190     0.186
  -740.090     0.185
  -739.990     0.186
  -739.891     0.185
  -739.791     0.185
  -739.692     0.186
  -739.592     0.186
  -739.493     0.188
  -739.393     0.188
  -739.293     0.189
  -739.194     0.188
  -739.094     0.188
  -738.994     0.187
  -738.895     0.187
  -738.795     0.187
  -738.696     0.187
  -738.596     0.187
  -738.496     0.186
  -738.397     0.188
  -738.297     0.187
  -738.198     0.188
  -738.098     0.188
  -737.998     0.189
  -737.899     0.189
  -737.799     0.185
  -737.700     0.187
  -737.600     0.188
  -737.500     0.187
  -737.401     0.189
  -737.301     0.189
  -737.201     0.189
  -737.102     0.190
  -737.002     0.190
  -736.903     0.190
  -736.803     0.188
  -736.703     0.187
  -736.604     0.187
  -736.504     0.189
  -736.405     0.189
  -736.305     0.190
  -736.205     0.191
  -736.106     0.193
  -736.006     0.191
  -735.907     0.193
  -735.807     0.194
  -735.707     0.195
  -735.608     0.194
  -735.508     0.193
  -735.409     0.191
  -735.309     0.191
  -735.209     0.191
  -735.110     0.191
  -735.010     0.187
  -734.910     0.188
  -734.811     0.188
  -734.711     0.188
  -734.612     0.188
  -734.512     0.189
  -734.412     0.190
  -734.313     0.190
  -734.213     0.190
  -734.114     0.190
  -734.014     0.192
  -733.914     0.191
  -733.815     0.188
  -733.715     0.188
  -733.615     0.188
  -733.516     0.188
  -733.416     0.189
  -733.317     0.187
  -733.217     0.187
  -733.118     0.186
  -733.018     0.187
  -732.918     0.187
  -732.819     0.187
  -732.719     0.189
  -732.619     0.191
  -732.520     0.191
  -732.420     0.191
  -732.321     0.193
  -732.221     0.192
  -732.121     0.194
  -732.022     0.194
  -731.922     0.196
  -731.823     0.200
  -731.723     0.205
  -731.623     0.207
  -731.524     0.209
  -731.424     0.209
  -731.325     0.210
  -731.225     0.210
  -731.125     0.208
  -731.026     0.205
  -730.926     0.204
  -730.826     0.198
  -730.727     0.192
  -730.627     0.190
  -730.528     0.189
  -730.428     0.188
  -730.328     0.189
  -730.229     0.191
  -730.129     0.190
  -730.030     0.190
  -729.930     0.188
  -729.830     0.189
  -729.731     0.190
  -729.631     0.190
  -729.532     0.191
  -729.432     0.192
  -729.332     0.193
  -729.233     0.194
  -729.133     0.196
  -729.034     0.194
  -728.934     0.195
  -728.834     0.194
  -728.735     0.193
  -728.635     0.194
  -728.535     0.192
  -728.436     0.191
  -728.336     0.191
  -728.237     0.189
  -728.137     0.189
  -728.037     0.190
  -727.938     0.191
  -727.838     0.191
  -727.739     0.190
  -727.639     0.189
  -727.539     0.190
  -727.440     0.190
  -727.340     0.190
  -727.240     0.192
  -727.141     0.191
  -727.041     0.191
  -726.942     0.191
  -726.842     0.190
  -726.743     0.191
  -726.643     0.189
  -726.543     0.190
  -726.444     0.192
  -726.344     0.192
  -726.244     0.192
  -726.145     0.193
  -726.045     0.191
  -725.946     0.193
  -725.846     0.193
  -725.746     0.192
  -725.647     0.192
  -725.547     0.191
  -725.448     0.191
  -725.348     0.191
  -725.248     0.191
  -725.149     0.192
  -725.049     0.191
  -724.950     0.190
  -724.850     0.191
  -724.750     0.192
  -724.651     0.192
  -724.551     0.192
  -724.451     0.194
  -724.352     0.194
  -724.252     0.193
  -724.153     0.194
  -724.053     0.193
  -723.953     0.194
  -723.854     0.192
  -723.754     0.191
  -723.655     0.191
  -723.555     0.191
  -723.455     0.191
  -723.356     0.191
  -723.256     0.193
  -723.157     0.192
  -723.057     0.193
  -722.957     0.194
  -722.858     0.193
  -722.758     0.194
  -722.659     0.193
  -722.559     0.193
  -722.459     0.193
  -722.360     0.192
  -722.260     0.191
  -722.160     0.192
  -722.061     0.193
  -721.961     0.192
  -721.862     0.192
  -721.762     0.192
  -721.662     0.195
  -721.563     0.195
  -721.463     0.194
  -721.364     0.192
  -721.264     0.192
  -721.164     0.193
  -721.065     0.193
  -720.965     0.195
  -720.865     0.194
  -720.766     0.194
  -720.666     0.193
  -720.567     0.195
  -720.467     0.193
  -720.368     0.195
  -720.268     0.196
  -720.168     0.193
  -720.069     0.194
  -719.969     0.192
  -719.869     0.193
  -719.770     0.193
  -719.670     0.193
  -719.571     0.194
  -719.471     0.194
  -719.371     0.197
  -719.272     0.198
  -719.172     0.200
  -719.073     0.204
  -718.973     0.210
  -718.873     0.212
  -718.774     0.212
  -718.674     0.213
  -718.575     0.212
  -718.475     0.211
  -718.375     0.212
  -718.276     0.213
  -718.176     0.210
  -718.076     0.207
  -717.977     0.203
  -717.877     0.195
  -717.778     0.194
  -717.678     0.192
  -717.578     0.193
  -717.479     0.193
  -717.379     0.192
  -717.280     0.192
  -717.180     0.193
  -717.080     0.191
  -716.981     0.192
  -716.881     0.193
  -716.782     0.195
  -716.682     0.195
  -716.582     0.196
  -716.483     0.197
  -716.383     0.200
  -716.284     0.205
  -716.184     0.209
  -716.084     0.212
  -715.985     0.211
  -715.885     0.211
  -715.785     0.212
  -715.686     0.207
  -715.586     0.206
  -715.487     0.201
  -715.387     0.196
  -715.287     0.193
  -715.188     0.192
  -715.088     0.192
  -714.989     0.193
  -714.889     0.194
  -714.789     0.194
  -714.690     0.193
  -714.590     0.195
  -714.490     0.192
  -714.391     0.193
  -714.291     0.194
  -714.192     0.195
  -714.092     0.196
  -713.993     0.198
  -713.893     0.197
  -713.793     0.196
  -713.694     0.197
  -713.594     0.198
  -713.494     0.197
  -713.395     0.198
  -713.295     0.196
  -713.196     0.196
  -713.096     0.196
  -712.996     0.196
  -712.897     0.197
  -712.797     0.195
  -712.698     0.195
  -712.598     0.195
  -712.498     0.197
  -712.399     0.196
  -712.299     0.197
  -712.200     0.198
  -712.100     0.197
  -712.000     0.199
  -711.901     0.199
  -711.801     0.201
  -711.701     0.198
  -711.602     0.199
  -711.502     0.196
  -711.403     0.196
  -711.303     0.195
  -711.203     0.194
  -711.104     0.194
  -711.004     0.195
  -710.905     0.195
  -710.805     0.193
  -710.705     0.195
  -710.606     0.193
  -710.506     0.195
  -710.407     0.196
  -710.307     0.197
  -710.207     0.197
  -710.108     0.198
  -710.008     0.196
  -709.909     0.197
  -709.809     0.196
  -709.709     0.196
  -709.610     0.196
  -709.510     0.196
  -709.410     0.194
  -709.311     0.196
  -709.211     0.197
  -709.112     0.198
  -709.012     0.199
  -708.912     0.199
  -708.813     0.200
  -708.713     0.201
  -708.614     0.200
  -708.514     0.200
  -708.414     0.201
  -708.315     0.201
  -708.215     0.201
  -708.115     0.200
  -708.016     0.198
  -707.916     0.199
  -707.817     0.198
  -707.717     0.198
  -707.618     0.196
  -707.518     0.195
  -707.418     0.195
  -707.319     0.195
  -707.219     0.196
  -707.119     0.196
  -707.020     0.195
  -706.920     0.196
  -706.821     0.198
  -706.721     0.198
  -706.621     0.199
  -706.522     0.200
  -706.422     0.200
  -706.323     0.199
  -706.223     0.199
  -706.123     0.199
  -706.024     0.196
  -705.924     0.197
  -705.825     0.197
  -705.725     0.198
  -705.625     0.200
  -705.526     0.199
  -705.426     0.199
  -705.326     0.199
  -705.227     0.199
  -705.127     0.199
  -705.028     0.196
  -704.928     0.197
  -704.828     0.196
  -704.729     0.196
  -704.629     0.197
  -704.530     0.200
  -704.430     0.204
  -704.330     0.207
  -704.231     0.213
  -704.131     0.215
  -704.032     0.215
  -703.932     0.216
  -703.832     0.214
  -703.733     0.215
  -703.633     0.214
  -703.534     0.211
  -703.434     0.208
  -703.334     0.201
  -703.235     0.197
  -703.135     0.196
  -703.035     0.196
  -702.936     0.196
  -702.836     0.196
  -702.737     0.196
  -702.637     0.196
  -702.537     0.197
  -702.438     0.198
  -702.338     0.198
  -702.239     0.198
  -702.139     0.198
  -702.039     0.198
  -701.940     0.199
  -701.840     0.199
  -701.740     0.197
  -701.641     0.198
  -701.541     0.198
  -701.442     0.199
  -701.342     0.200
  -701.243     0.201
  -701.143     0.201
  -701.043     0.201
  -700.944     0.200
  -700.844     0.200
  -700.744     0.200
  -700.645     0.200
  -700.545     0.199
  -700.446     0.200
  -700.346     0.198
  -700.246     0.200
  -700.147     0.200
  -700.047     0.199
  -699.948     0.200
  -699.848     0.200
  -699.748     0.199
  -699.649     0.199
  -699.549     0.198
  -699.450     0.197
  -699.350     0.198
  -699.250     0.200
  -699.151     0.201
  -699.051     0.204
  -698.951     0.204
  -698.852     0.209
  -698.752     0.215
  -698.653     0.219
  -698.553     0.219
  -698.453     0.218
  -698.354     0.216
  -698.254     0.213
  -698.155     0.211
  -698.055     0.206
  -697.955     0.202
  -697.856     0.200
  -697.756     0.200
  -697.657     0.199
  -697.557     0.198
  -697.457     0.200
  -697.358     0.197
  -697.258     0.200
  -697.159     0.199
  -697.059     0.200
  -696.959     0.201
  -696.860     0.199
  -696.760     0.200
  -696.660     0.200
  -696.561     0.199
  -696.461     0.200
  -696.362     0.200
  -696.262     0.200
  -696.162     0.199
  -696.063     0.201
  -695.963     0.201
  -695.864     0.199
  -695.764     0.201
  -695.664     0.200
  -695.565     0.202
  -695.465     0.201
  -695.365     0.202
  -695.266     0.202
  -695.166     0.201
  -695.067     0.202
  -694.967     0.203
  -694.868     0.203
  -694.768     0.203
  -694.668     0.201
  -694.569     0.201
  -694.469     0.199
  -694.369     0.201
  -694.270     0.201
  -694.170     0.203
  -694.071     0.206
  -693.971     0.206
  -693.871     0.208
  -693.772     0.208
  -693.672     0.210
  -693.573     0.216
  -693.473     0.219
  -693.373     0.218
  -693.274     0.219
  -693.174     0.219
  -693.075     0.219
  -692.975     0.217
  -692.875     0.217
  -692.776     0.214
  -692.676     0.213
  -692.576     0.207
  -692.477     0.201
  -692.377     0.199
  -692.278     0.198
  -692.178     0.200
  -692.078     0.199
  -691.979     0.200
  -691.879     0.201
  -691.780     0.201
  -691.680     0.201
  -691.580     0.202
  -691.481     0.201
  -691.381     0.202
  -691.282     0.200
  -691.182     0.202
  -691.082     0.202
  -690.983     0.204
  -690.883     0.206
  -690.784     0.209
  -690.684     0.216
  -690.584     0.221
  -690.485     0.220
  -690.385     0.222
  -690.285     0.220
  -690.186     0.221
  -690.086     0.217
  -689.987     0.212
  -689.887     0.207
  -689.787     0.203
  -689.688     0.200
  -689.588     0.201
  -689.489     0.201
  -689.389     0.202
  -689.289     0.203
  -689.190     0.204
  -689.090     0.204
  -688.990     0.203
  -688.891     0.203
  -688.791     0.201
  -688.692     0.203
  -688.592     0.203
  -688.493     0.204
  -688.393     0.202
  -688.293     0.201
  -688.194     0.202
  -688.094     0.203
  -687.994     0.206
  -687.895     0.205
  -687.795     0.205
  -687.696     0.208
  -687.596     0.210
  -687.496     0.210
  -687.397     0.213
  -687.297     0.217
  -687.198     0.221
  -687.098     0.221
  -686.998     0.223
  -686.899     0.221
  -686.799     0.221
  -686.700     0.221
  -686.600     0.217
  -686.500     0.214
  -686.401     0.206
  -686.301     0.203
  -686.201     0.201
  -686.102     0.199
  -686.002     0.202
  -685.903     0.203
  -685.803     0.204
  -685.703     0.206
  -685.604     0.207
  -685.504     0.206
  -685.405     0.208
  -685.305     0.208
  -685.205     0.206
  -685.106     0.204
  -685.006     0.203
  -684.907     0.203
  -684.807     0.201
  -684.707     0.202
  -684.608     0.201
  -684.508     0.201
  -684.409     0.202
  -684.309     0.202
  -684.209     0.202
  -684.110     0.202
  -684.010     0.202
  -683.910     0.203
  -683.811     0.203
  -683.711     0.204
  -683.612     0.206
  -683.512     0.207
  -683.412     0.207
  -683.313     0.207
  -683.213     0.208
  -683.114     0.208
  -683.014     0.207
  -682.914     0.206
  -682.815     0.206
  -682.715     0.203
  -682.615     0.202
  -682.516     0.202
  -682.416     0.203
  -682.317     0.202
  -682.217     0.202
  -682.118     0.202
  -682.018     0.203
  -681.918     0.204
  -681.819     0.204
  -681.719     0.205
  -681.619     0.206
  -681.520     0.207
  -681.420     0.209
  -681.321     0.208
  -681.221     0.209
  -681.121     0.212
  -681.022     0.214
  -680.922     0.220
  -680.823     0.222
  -680.723     0.223
  -680.623     0.223
  -680.524     0.222
  -680.424     0.221
  -680.325     0.221
  -680.225     0.218
  -680.125     0.213
  -680.026     0.207
  -679.926     0.204
  -679.826     0.203
  -679.727     0.202
  -679.627     0.205
  -679.528     0.205
  -679.428     0.206
  -679.328     0.208
  -679.229     0.208
  -679.129     0.209
  -679.030     0.212
  -678.930     0.214
  -678.830     0.220
  -678.731     0.222
  -678.631     0.221
  -678.532     0.225
  -678.432     0.225
  -678.332     0.225
  -678.233     0.224
  -678.133     0.222
  -678.034     0.222
  -677.934     0.220
  -677.834     0.216
  -677.735     0.208
  -677.635     0.205
  -677.535     0.204
  -677.436     0.204
  -677.336     0.204
  -677.237     0.206
  -677.137     0.203
  -677.037     0.203
  -676.938     0.205
  -676.838     0.205
  -676.739     0.204
  -676.639     0.204
  -676.539     0.203
  -676.440     0.205
  -676.340     0.207
  -676.240     0.211
  -676.141     0.213
  -676.041     0.218
  -675.942     0.223
  -675.842     0.224
  -675.743     0.225
  -675.643     0.225
  -675.543     0.223
  -675.444     0.224
  -675.344     0.222
  -675.244     0.219
  -675.145     0.214
  -675.045     0.206
  -674.946     0.205
  -674.846     0.205
  -674.746     0.204
  -674.647     0.204
  -674.547     0.205
  -674.448     0.205
  -674.348     0.205
  -674.248     0.206
  -674.149     0.206
  -674.049     0.208
  -673.950     0.208
  -673.850     0.210
  -673.750     0.211
  -673.651     0.211
  -673.551     0.213
  -673.451     0.217
  -673.352     0.222
  -673.252     0.223
  -673.153     0.226
  -673.053     0.225
  -672.953     0.226
  -672.854     0.227
  -672.754     0.226
  -672.655     0.223
  -672.555     0.221
  -672.455     0.216
  -672.356     0.209
  -672.256     0.206
  -672.157     0.205
  -672.057     0.205
  -671.957     0.204
  -671.858     0.204
  -671.758     0.204
  -671.659     0.206
  -671.559     0.206
  -671.459     0.208
  -671.360     0.209
  -671.260     0.212
  -671.160     0.214
  -671.061     0.217
  -670.961     0.223
  -670.862     0.226
  -670.762     0.227
  -670.662     0.227
  -670.563     0.228
  -670.463     0.226
  -670.364     0.226
  -670.264     0.221
  -670.164     0.215
  -670.065     0.210
  -669.965     0.207
  -669.865     0.205
  -669.766     0.205
  -669.666     0.205
  -669.567     0.206
  -669.467     0.207
  -669.368     0.207
  -669.268     0.210
  -669.168     0.211
  -669.069     0.212
  -668.969     0.214
  -668.869     0.216
  -668.770     0.222
  -668.670     0.226
  -668.571     0.228
  -668.471     0.228
  -668.371     0.228
  -668.272     0.226
  -668.172     0.224
  -668.073     0.222
  -667.973     0.218
  -667.873     0.208
  -667.774     0.207
  -667.674     0.207
  -667.575     0.206
  -667.475     0.206
  -667.375     0.206
  -667.276     0.207
  -667.176     0.208
  -667.076     0.208
  -666.977     0.208
  -666.877     0.210
  -666.778     0.209
  -666.678     0.209
  -666.578     0.207
  -666.479     0.208
  -666.379     0.207
  -666.280     0.206
  -666.180     0.207
  -666.080     0.209
  -665.981     0.211
  -665.881     0.213
  -665.782     0.214
  -665.682     0.217
  -665.582     0.225
  -665.483     0.228
  -665.383     0.231
  -665.284     0.229
  -665.184     0.229
  -665.084     0.228
  -664.985     0.227
  -664.885     0.227
  -664.785     0.226
  -664.686     0.222
  -664.586     0.215
  -664.487     0.209
  -664.387     0.209
  -664.287     0.209
  -664.188     0.208
  -664.088     0.208
  -663.989     0.207
  -663.889     0.210
  -663.789     0.210
  -663.690     0.209
  -663.590     0.210
  -663.490     0.210
  -663.391     0.209
  -663.291     0.209
  -663.192     0.208
  -663.092     0.209
  -662.993     0.210
  -662.893     0.209
  -662.793     0.209
  -662.694     0.208
  -662.594     0.208
  -662.494     0.210
  -662.395     0.211
  -662.295     0.212
  -662.196     0.213
  -662.096     0.216
  -661.996     0.220
  -661.897     0.227
  -661.797     0.231
  -661.698     0.231
  -661.598     0.229
  -661.498     0.229
  -661.399     0.226
  -661.299     0.220
  -661.200     0.213
  -661.100     0.210
  -661.000     0.210
  -660.901     0.211
  -660.801     0.211
  -660.701     0.212
  -660.602     0.210
  -660.502     0.210
  -660.403     0.211
  -660.303     0.209
  -660.203     0.211
  -660.104     0.210
  -660.004     0.209
  -659.905     0.210
  -659.805     0.212
  -659.705     0.210
  -659.606     0.210
  -659.506     0.209
  -659.407     0.209
  -659.307     0.210
  -659.207     0.213
  -659.108     0.214
  -659.008     0.216
  -658.909     0.217
  -658.809     0.218
  -658.709     0.222
  -658.610     0.228
  -658.510     0.228
  -658.410     0.229
  -658.311     0.229
  -658.211     0.230
  -658.112     0.228
  -658.012     0.228
  -657.912     0.225
  -657.813     0.222
  -657.713     0.217
  -657.614     0.211
  -657.514     0.210
  -657.414     0.209
  -657.315     0.208
  -657.215     0.208
  -657.115     0.209
  -657.016     0.211
  -656.916     0.210
  -656.817     0.210
  -656.717     0.212
  -656.618     0.212
  -656.518     0.214
  -656.418     0.215
  -656.319     0.216
  -656.219     0.218
  -656.119     0.219
  -656.020     0.220
  -655.920     0.224
  -655.821     0.229
  -655.721     0.228
  -655.621     0.229
  -655.522     0.232
  -655.422     0.229
  -655.323     0.229
  -655.223     0.226
  -655.123     0.222
  -655.024     0.217
  -654.924     0.212
  -654.825     0.209
  -654.725     0.208
  -654.625     0.210
  -654.526     0.211
  -654.426     0.212
  -654.326     0.215
  -654.227     0.215
  -654.127     0.215
  -654.028     0.216
  -653.928     0.216
  -653.828     0.216
  -653.729     0.215
  -653.629     0.214
  -653.530     0.213
  -653.430     0.213
  -653.330     0.211
  -653.231     0.209
  -653.131     0.210
  -653.032     0.211
  -652.932     0.212
  -652.832     0.212
  -652.733     0.211
  -652.633     0.211
  -652.534     0.211
  -652.434     0.213
  -652.334     0.215
  -652.235     0.217
  -652.135     0.216
  -652.035     0.216
  -651.936     0.217
  -651.836     0.216
  -651.737     0.216
  -651.637     0.217
  -651.537     0.215
  -651.438     0.216
  -651.338     0.216
  -651.239     0.212
  -651.139     0.212
  -651.039     0.212
  -650.940     0.212
  -650.840     0.213
  -650.740     0.214
  -650.641     0.216
  -650.541     0.214
  -650.442     0.216
  -650.342     0.214
  -650.243     0.214
  -650.143     0.213
  -650.043     0.211
  -649.944     0.213
  -649.844     0.211
  -649.744     0.213
  -649.645     0.212
  -649.545     0.212
  -649.446     0.212
  -649.346     0.212
  -649.246     0.213
  -649.147     0.213
  -649.047     0.215
  -648.948     0.216
  -648.848     0.217
  -648.748     0.218
  -648.649     0.219
  -648.549     0.218
  -648.450     0.220
  -648.350     0.221
  -648.250     0.225
  -648.151     0.230
  -648.051     0.232
  -647.951     0.232
  -647.852     0.233
  -647.752     0.232
  -647.653     0.233
  -647.553     0.232
  -647.453     0.231
  -647.354     0.229
  -647.254     0.227
  -647.155     0.225
  -647.055     0.215
  -646.955     0.212
  -646.856     0.211
  -646.756     0.212
  -646.657     0.214
  -646.557     0.214
  -646.457     0.217
  -646.358     0.218
  -646.258     0.222
  -646.159     0.228
  -646.059     0.230
  -645.959     0.231
  -645.860     0.232
  -645.760     0.233
  -645.660     0.232
  -645.561     0.231
  -645.461     0.231
  -645.362     0.228
  -645.262     0.227
  -645.162     0.225
  -645.063     0.220
  -644.963     0.213
  -644.864     0.211
  -644.764     0.212
  -644.664     0.211
  -644.565     0.213
  -644.465     0.214
  -644.365     0.215
  -644.266     0.214
  -644.166     0.214
  -644.067     0.215
  -643.967     0.214
  -643.868     0.215
  -643.768     0.214
  -643.668     0.213
  -643.569     0.214
  -643.469     0.212
  -643.369     0.212
  -643.270     0.214
  -643.170     0.217
  -643.071     0.218
  -642.971     0.221
  -642.871     0.224
  -642.772     0.232
  -642.672     0.233
  -642.573     0.235
  -642.473     0.233
  -642.373     0.232
  -642.274     0.230
  -642.174     0.227
  -642.075     0.221
  -641.975     0.216
  -641.875     0.214
  -641.776     0.213
  -641.676     0.214
  -641.576     0.214
  -641.477     0.215
  -641.377     0.216
  -641.278     0.215
  -641.178     0.215
  -641.078     0.214
  -640.979     0.214
  -640.879     0.215
  -640.780     0.216
  -640.680     0.216
  -640.580     0.218
  -640.481     0.219
  -640.381     0.218
  -640.282     0.219
  -640.182     0.220
  -640.082     0.219
  -639.983     0.216
  -639.883     0.217
  -639.784     0.218
  -639.684     0.218
  -639.584     0.218
  -639.485     0.219
  -639.385     0.217
  -639.285     0.217
  -639.186     0.216
  -639.086     0.217
  -638.987     0.216
  -638.887     0.217
  -638.787     0.216
  -638.688     0.216
  -638.588     0.217
  -638.489     0.215
  -638.389     0.214
  -638.289     0.216
  -638.190     0.215
  -638.090     0.216
  -637.990     0.217
  -637.891     0.216
  -637.791     0.215
  -637.692     0.216
  -637.592     0.218
  -637.493     0.217
  -637.393     0.218
  -637.293     0.217
  -637.194     0.217
  -637.094     0.218
  -636.994     0.218
  -636.895     0.218
  -636.795     0.219
  -636.696     0.220
  -636.596     0.221
  -636.496     0.222
  -636.397     0.220
  -636.297     0.222
  -636.198     0.221
  -636.098     0.219
  -635.998     0.217
  -635.899     0.217
  -635.799     0.216
  -635.700     0.216
  -635.600     0.217
  -635.500     0.219
  -635.401     0.220
  -635.301     0.219
  -635.201     0.219
  -635.102     0.219
  -635.002     0.218
  -634.903     0.217
  -634.803     0.217
  -634.703     0.216
  -634.604     0.216
  -634.504     0.216
  -634.405     0.216
  -634.305     0.217
  -634.205     0.218
  -634.106     0.218
  -634.006     0.218
  -633.907     0.217
  -633.807     0.218
  -633.707     0.218
  -633.608     0.219
  -633.508     0.220
  -633.409     0.222
  -633.309     0.219
  -633.209     0.219
  -633.110     0.220
  -633.010     0.218
  -632.910     0.218
  -632.811     0.217
  -632.711     0.217
  -632.612     0.217
  -632.512     0.219
  -632.412     0.218
  -632.313     0.218
  -632.213     0.218
  -632.114     0.218
  -632.014     0.219
  -631.914     0.219
  -631.815     0.220
  -631.715     0.220
  -631.615     0.222
  -631.516     0.222
  -631.416     0.223
  -631.317     0.224
  -631.217     0.225
  -631.118     0.224
  -631.018     0.227
  -630.918     0.226
  -630.819     0.227
  -630.719     0.226
  -630.619     0.228
  -630.520     0.228
  -630.420     0.229
  -630.321     0.232
  -630.221     0.235
  -630.121     0.236
  -630.022     0.237
  -629.922     0.237
  -629.823     0.237
  -629.723     0.235
  -629.623     0.233
  -629.524     0.232
  -629.424     0.228
  -629.325     0.221
  -629.225     0.218
  -629.125     0.217
  -629.026     0.216
  -628.926     0.217
  -628.826     0.217
  -628.727     0.219
  -628.627     0.219
  -628.528     0.220
  -628.428     0.220
  -628.328     0.221
  -628.229     0.219
  -628.129     0.219
  -628.030     0.218
  -627.930     0.218
  -627.830     0.217
  -627.731     0.219
  -627.631     0.218
  -627.532     0.220
  -627.432     0.221
  -627.332     0.222
  -627.233     0.222
  -627.133     0.221
  -627.034     0.222
  -626.934     0.222
  -626.834     0.221
  -626.735     0.221
  -626.635     0.219
  -626.535     0.220
  -626.436     0.220
  -626.336     0.219
  -626.237     0.219
  -626.137     0.220
  -626.037     0.219
  -625.938     0.220
  -625.838     0.221
  -625.739     0.221
  -625.639     0.222
  -625.539     0.224
  -625.440     0.224
  -625.340     0.225
  -625.240     0.227
  -625.141     0.226
  -625.041     0.225
  -624.942     0.226
  -624.842     0.226
  -624.743     0.225
  -624.643     0.224
  -624.543     0.223
  -624.444     0.222
  -624.344     0.220
  -624.244     0.219
  -624.145     0.220
  -624.045     0.218
  -623.946     0.218
  -623.846     0.220
  -623.746     0.220
  -623.647     0.221
  -623.547     0.221
  -623.448     0.224
  -623.348     0.224
  -623.248     0.223
  -623.149     0.224
  -623.049     0.224
  -622.950     0.224
  -622.850     0.224
  -622.750     0.225
  -622.651     0.223
  -622.551     0.223
  -622.451     0.223
  -622.352     0.222
  -622.252     0.221
  -622.153     0.221
  -622.053     0.220
  -621.953     0.221
  -621.854     0.220
  -621.754     0.222
  -621.655     0.221
  -621.555     0.221
  -621.455     0.221
  -621.356     0.222
  -621.256     0.221
  -621.157     0.221
  -621.057     0.221
  -620.957     0.221
  -620.858     0.220
  -620.758     0.222
  -620.659     0.221
  -620.559     0.221
  -620.459     0.221
  -620.360     0.222
  -620.260     0.222
  -620.160     0.222
  -620.061     0.222
  -619.961     0.221
  -619.862     0.219
  -619.762     0.221
  -619.662     0.221
  -619.563     0.222
  -619.463     0.224
  -619.364     0.225
  -619.264     0.227
  -619.164     0.228
  -619.065     0.233
  -618.965     0.239
  -618.865     0.240
  -618.766     0.241
  -618.666     0.239
  -618.567     0.240
  -618.467     0.241
  -618.368     0.240
  -618.268     0.240
  -618.168     0.238
  -618.069     0.238
  -617.969     0.234
  -617.869     0.227
  -617.770     0.224
  -617.670     0.221
  -617.571     0.221
  -617.471     0.223
  -617.371     0.224
  -617.272     0.226
  -617.172     0.227
  -617.073     0.227
  -616.973     0.228
  -616.873     0.229
  -616.774     0.229
  -616.674     0.227
  -616.575     0.228
  -616.475     0.229
  -616.375     0.229
  -616.276     0.228
  -616.176     0.228
  -616.076     0.229
  -615.977     0.229
  -615.877     0.230
  -615.778     0.228
  -615.678     0.231
  -615.578     0.232
  -615.479     0.231
  -615.379     0.231
  -615.280     0.235
  -615.180     0.234
  -615.080     0.235
  -614.981     0.236
  -614.881     0.237
  -614.782     0.238
  -614.682     0.237
  -614.582     0.237
  -614.483     0.236
  -614.383     0.237
  -614.284     0.235
  -614.184     0.233
  -614.084     0.231
  -613.985     0.230
  -613.885     0.229
  -613.785     0.231
  -613.686     0.232
  -613.586     0.234
  -613.487     0.236
  -613.387     0.237
  -613.287     0.236
  -613.188     0.239
  -613.088     0.240
  -612.989     0.242
  -612.889     0.246
  -612.789     0.248
  -612.690     0.249
  -612.590     0.249
  -612.490     0.247
  -612.391     0.249
  -612.291     0.246
  -612.192     0.244
  -612.092     0.241
  -611.993     0.235
  -611.893     0.230
  -611.793     0.230
  -611.694     0.231
  -611.594     0.232
  -611.494     0.234
  -611.395     0.236
  -611.295     0.235
  -611.196     0.234
  -611.096     0.233
  -610.996     0.233
  -610.897     0.232
  -610.797     0.234
  -610.698     0.235
  -610.598     0.234
  -610.498     0.235
  -610.399     0.236
  -610.299     0.235
  -610.200     0.234
  -610.100     0.236
  -610.000     0.236
  -609.901     0.234
  -609.801     0.235
  -609.701     0.236
  -609.602     0.235
  -609.502     0.238
  -609.403     0.237
  -609.303     0.240
  -609.203     0.241
  -609.104     0.241
  -609.004     0.243
  -608.905     0.248
  -608.805     0.254
  -608.705     0.255
  -608.606     0.256
  -608.506     0.254
  -608.407     0.254
  -608.307     0.254
  -608.207     0.253
  -608.108     0.249
  -608.008     0.242
  -607.909     0.239
  -607.809     0.235
  -607.709     0.237
  -607.610     0.236
  -607.510     0.238
  -607.410     0.239
  -607.311     0.242
  -607.211     0.241
  -607.112     0.243
  -607.012     0.242
  -606.912     0.243
  -606.813     0.243
  -606.713     0.244
  -606.614     0.246
  -606.514     0.244
  -606.414     0.243
  -606.315     0.241
  -606.215     0.241
  -606.115     0.238
  -606.016     0.239
  -605.916     0.239
  -605.817     0.238
  -605.717     0.239
  -605.618     0.239
  -605.518     0.239
  -605.418     0.238
  -605.319     0.240
  -605.219     0.239
  -605.119     0.241
  -605.020     0.240
  -604.920     0.240
  -604.821     0.241
  -604.721     0.241
  -604.621     0.241
  -604.522     0.241
  -604.422     0.241
  -604.323     0.240
  -604.223     0.241
  -604.123     0.243
  -604.024     0.244
  -603.924     0.245
  -603.825     0.247
  -603.725     0.250
  -603.625     0.256
  -603.526     0.257
  -603.426     0.260
  -603.326     0.260
  -603.227     0.261
  -603.127     0.261
  -603.028     0.259
  -602.928     0.261
  -602.828     0.260
  -602.729     0.257
  -602.629     0.255
  -602.530     0.247
  -602.430     0.242
  -602.330     0.241
  -602.231     0.241
  -602.131     0.242
  -602.032     0.240
  -601.932     0.241
  -601.832     0.241
  -601.733     0.243
  -601.633     0.242
  -601.534     0.242
  -601.434     0.241
  -601.334     0.243
  -601.235     0.242
  -601.135     0.242
  -601.035     0.242
  -600.936     0.242
  -600.836     0.244
  -600.737     0.246
  -600.637     0.246
  -600.537     0.246
  -600.438     0.247
  -600.338     0.245
  -600.239     0.247
  -600.139     0.244
  -600.039     0.245
  -599.940     0.245
  -599.840     0.243
  -599.740     0.244
  -599.641     0.245
  -599.541     0.244
  -599.442     0.246
  -599.342     0.246
  -599.243     0.247
  -599.143     0.245
  -599.043     0.245
  -598.944     0.244
  -598.844     0.245
  -598.744     0.246
  -598.645     0.247
  -598.545     0.248
  -598.446     0.250
  -598.346     0.252
  -598.246     0.254
  -598.147     0.255
  -598.047     0.261
  -597.948     0.265
  -597.848     0.265
  -597.748     0.263
  -597.649     0.261
  -597.549     0.259
  -597.450     0.255
  -597.350     0.248
  -597.250     0.245
  -597.151     0.245
  -597.051     0.245
  -596.951     0.245
  -596.852     0.245
  -596.752     0.247
  -596.653     0.245
  -596.553     0.247
  -596.453     0.248
  -596.354     0.246
  -596.254     0.246
  -596.155     0.245
  -596.055     0.246
  -595.955     0.248
  -595.856     0.248
  -595.756     0.248
  -595.657     0.247
  -595.557     0.247
  -595.457     0.245
  -595.358     0.245
  -595.258     0.246
  -595.159     0.244
  -595.059     0.244
  -594.959     0.246
  -594.860     0.246
  -594.760     0.246
  -594.660     0.244
  -594.561     0.247
  -594.461     0.246
  -594.362     0.248
  -594.262     0.248
  -594.162     0.247
  -594.063     0.248
  -593.963     0.247
  -593.864     0.247
  -593.764     0.246
  -593.664     0.248
  -593.565     0.250
  -593.465     0.249
  -593.365     0.249
  -593.266     0.250
  -593.166     0.251
  -593.067     0.251
  -592.967     0.253
  -592.868     0.253
  -592.768     0.252
  -592.668     0.251
  -592.569     0.252
  -592.469     0.251
  -592.369     0.249
  -592.270     0.250
  -592.170     0.249
  -592.071     0.248
  -591.971     0.248
  -591.871     0.249
  -591.772     0.250
  -591.672     0.253
  -591.573     0.257
  -591.473     0.262
  -591.373     0.267
  -591.274     0.266
  -591.174     0.266
  -591.075     0.265
  -590.975     0.265
  -590.875     0.263
  -590.776     0.260
  -590.676     0.254
  -590.576     0.249
  -590.477     0.250
  -590.377     0.249
  -590.278     0.249
  -590.178     0.249
  -590.078     0.251
  -589.979     0.251
  -589.879     0.251
  -589.780     0.251
  -589.680     0.252
  -589.580     0.250
  -589.481     0.250
  -589.381     0.250
  -589.282     0.249
  -589.182     0.248
  -589.082     0.248
  -588.983     0.249
  -588.883     0.250
  -588.784     0.251
  -588.684     0.253
  -588.584     0.253
  -588.485     0.255
  -588.385     0.256
  -588.285     0.259
  -588.186     0.264
  -588.086     0.267
  -587.987     0.269
  -587.887     0.269
  -587.787     0.266
  -587.688     0.267
  -587.588     0.265
  -587.489     0.262
  -587.389     0.256
  -587.289     0.251
  -587.190     0.248
  -587.090     0.250
  -586.990     0.250
  -586.891     0.250
  -586.791     0.251
  -586.692     0.251
  -586.592     0.251
  -586.493     0.250
  -586.393     0.250
  -586.293     0.251
  -586.194     0.250
  -586.094     0.251
  -585.994     0.251
  -585.895     0.251
  -585.795     0.252
  -585.696     0.253
  -585.596     0.257
  -585.496     0.257
  -585.397     0.260
  -585.297     0.266
  -585.198     0.271
  -585.098     0.270
  -584.998     0.270
  -584.899     0.269
  -584.799     0.267
  -584.700     0.264
  -584.600     0.257
  -584.500     0.253
  -584.401     0.250
  -584.301     0.250
  -584.201     0.249
  -584.102     0.251
  -584.002     0.252
  -583.903     0.254
  -583.803     0.255
  -583.703     0.256
  -583.604     0.257
  -583.504     0.259
  -583.405     0.262
  -583.305     0.267
  -583.205     0.269
  -583.106     0.270
  -583.006     0.270
  -582.907     0.269
  -582.807     0.270
  -582.707     0.267
  -582.608     0.264
  -582.508     0.262
  -582.409     0.256
  -582.309     0.253
  -582.209     0.252
  -582.110     0.251
  -582.010     0.251
  -581.910     0.253
  -581.811     0.252
  -581.711     0.250
  -581.612     0.252
  -581.512     0.255
  -581.412     0.255
  -581.313     0.255
  -581.213     0.254
  -581.114     0.256
  -581.014     0.257
  -580.914     0.254
  -580.815     0.256
  -580.715     0.257
  -580.615     0.257
  -580.516     0.254
  -580.416     0.252
  -580.317     0.252
  -580.217     0.253
  -580.118     0.254
  -580.018     0.254
  -579.918     0.255
  -579.819     0.254
  -579.719     0.254
  -579.619     0.254
  -579.520     0.253
  -579.420     0.254
  -579.321     0.255
  -579.221     0.253
  -579.121     0.254
  -579.022     0.254
  -578.922     0.254
  -578.823     0.254
  -578.723     0.254
  -578.623     0.254
  -578.524     0.254
  -578.424     0.255
  -578.325     0.254
  -578.225     0.253
  -578.125     0.253
  -578.026     0.252
  -577.926     0.254
  -577.826     0.256
  -577.727     0.258
  -577.627     0.258
  -577.528     0.259
  -577.428     0.260
  -577.328     0.262
  -577.229     0.264
  -577.129     0.269
  -577.030     0.272
  -576.930     0.271
  -576.830     0.272
  -576.731     0.270
  -576.631     0.272
  -576.532     0.271
  -576.432     0.271
  -576.332     0.269
  -576.233     0.268
  -576.133     0.270
  -576.034     0.267
  -575.934     0.264
  -575.834     0.258
  -575.735     0.253
  -575.635     0.255
  -575.535     0.256
  -575.436     0.254
  -575.336     0.253
  -575.237     0.253
  -575.137     0.254
  -575.037     0.253
  -574.938     0.255
  -574.838     0.256
  -574.739     0.255
  -574.639     0.257
  -574.539     0.257
  -574.440     0.256
  -574.340     0.257
  -574.240     0.256
  -574.141     0.254
  -574.041     0.255
  -573.942     0.255
  -573.842     0.258
  -573.743     0.256
  -573.643     0.255
  -573.543     0.256
  -573.444     0.257
  -573.344     0.255
  -573.244     0.256
  -573.145     0.256
  -573.045     0.255
  -572.946     0.253
  -572.846     0.256
  -572.746     0.259
  -572.647     0.263
  -572.547     0.270
  -572.448     0.275
  -572.348     0.275
  -572.248     0.277
  -572.149     0.273
  -572.049     0.272
  -571.950     0.268
  -571.850     0.261
  -571.750     0.257
  -571.651     0.256
  -571.551     0.256
  -571.451     0.257
  -571.352     0.255
  -571.252     0.255
  -571.153     0.255
  -571.053     0.256
  -570.953     0.256
  -570.854     0.258
  -570.754     0.259
  -570.655     0.260
  -570.555     0.261
  -570.455     0.262
  -570.356     0.262
  -570.256     0.263
  -570.157     0.264
  -570.057     0.266
  -569.957     0.269
  -569.858     0.272
  -569.758     0.276
  -569.659     0.276
  -569.559     0.274
  -569.459     0.274
  -569.360     0.273
  -569.260     0.271
  -569.160     0.269
  -569.061     0.265
  -568.961     0.259
  -568.862     0.258
  -568.762     0.257
  -568.662     0.256
  -568.563     0.257
  -568.463     0.255
  -568.364     0.256
  -568.264     0.257
  -568.164     0.256
  -568.065     0.256
  -567.965     0.259
  -567.865     0.257
  -567.766     0.258
  -567.666     0.259
  -567.567     0.259
  -567.467     0.258
  -567.368     0.258
  -567.268     0.257
  -567.168     0.257
  -567.069     0.256
  -566.969     0.256
  -566.869     0.258
  -566.770     0.259
  -566.670     0.260
  -566.571     0.261
  -566.471     0.262
  -566.371     0.265
  -566.272     0.267
  -566.172     0.275
  -566.073     0.277
  -565.973     0.280
  -565.873     0.277
  -565.774     0.275
  -565.674     0.273
  -565.575     0.267
  -565.475     0.259
  -565.375     0.258
  -565.276     0.257
  -565.176     0.255
  -565.076     0.257
  -564.977     0.257
  -564.877     0.258
  -564.778     0.260
  -564.678     0.263
  -564.578     0.264
  -564.479     0.269
  -564.379     0.274
  -564.280     0.275
  -564.180     0.277
  -564.080     0.277
  -563.981     0.276
  -563.881     0.272
  -563.782     0.269
  -563.682     0.263
  -563.582     0.258
  -563.483     0.256
  -563.383     0.256
  -563.284     0.257
  -563.184     0.256
  -563.084     0.256
  -562.985     0.257
  -562.885     0.259
  -562.785     0.258
  -562.686     0.260
  -562.586     0.261
  -562.487     0.260
  -562.387     0.261
  -562.287     0.261
  -562.188     0.261
  -562.088     0.262
  -561.989     0.260
  -561.889     0.259
  -561.789     0.256
  -561.690     0.257
  -561.590     0.258
  -561.490     0.260
  -561.391     0.262
  -561.291     0.260
  -561.192     0.263
  -561.092     0.265
  -560.993     0.265
  -560.893     0.267
  -560.793     0.271
  -560.694     0.277
  -560.594     0.279
  -560.494     0.280
  -560.395     0.279
  -560.295     0.278
  -560.196     0.277
  -560.096     0.274
  -559.996     0.268
  -559.897     0.262
  -559.797     0.259
  -559.698     0.258
  -559.598     0.260
  -559.498     0.260
  -559.399     0.262
  -559.299     0.262
  -559.200     0.265
  -559.100     0.263
  -559.000     0.262
  -558.901     0.261
  -558.801     0.259
  -558.701     0.259
  -558.602     0.259
  -558.502     0.257
  -558.403     0.259
  -558.303     0.259
  -558.203     0.260
  -558.104     0.262
  -558.004     0.264
  -557.905     0.265
  -557.805     0.266
  -557.705     0.269
  -557.606     0.273
  -557.506     0.278
  -557.407     0.278
  -557.307     0.277
  -557.207     0.276
  -557.108     0.276
  -557.008     0.274
  -556.909     0.274
  -556.809     0.270
  -556.709     0.264
  -556.610     0.260
  -556.510     0.259
  -556.410     0.258
  -556.311     0.258
  -556.211     0.258
  -556.112     0.261
  -556.012     0.262
  -555.912     0.264
  -555.813     0.266
  -555.713     0.270
  -555.614     0.276
  -555.514     0.277
  -555.414     0.279
  -555.315     0.279
  -555.215     0.279
  -555.115     0.278
  -555.016     0.276
  -554.916     0.274
  -554.817     0.270
  -554.717     0.262
  -554.618     0.259
  -554.518     0.258
  -554.418     0.259
  -554.319     0.259
  -554.219     0.260
  -554.119     0.259
  -554.020     0.260
  -553.920     0.260
  -553.821     0.261
  -553.721     0.264
  -553.621     0.266
  -553.522     0.267
  -553.422     0.267
  -553.323     0.268
  -553.223     0.273
  -553.123     0.278
  -553.024     0.279
  -552.924     0.279
  -552.825     0.280
  -552.725     0.279
  -552.625     0.280
  -552.526     0.278
  -552.426     0.277
  -552.326     0.276
  -552.227     0.272
  -552.127     0.266
  -552.028     0.261
  -551.928     0.260
  -551.828     0.259
  -551.729     0.260
  -551.629     0.260
  -551.530     0.260
  -551.430     0.262
  -551.330     0.263
  -551.231     0.262
  -551.131     0.264
  -551.032     0.262
  -550.932     0.264
  -550.832     0.263
  -550.733     0.263
  -550.633     0.263
  -550.534     0.262
  -550.434     0.262
  -550.334     0.262
  -550.235     0.262
  -550.135     0.263
  -550.035     0.263
  -549.936     0.262
  -549.836     0.261
  -549.737     0.262
  -549.637     0.264
  -549.537     0.261
  -549.438     0.262
  -549.338     0.264
  -549.239     0.265
  -549.139     0.265
  -549.039     0.266
  -548.940     0.266
  -548.840     0.268
  -548.740     0.268
  -548.641     0.269
  -548.541     0.268
  -548.442     0.268
  -548.342     0.267
  -548.243     0.265
  -548.143     0.263
  -548.043     0.262
  -547.944     0.263
  -547.844     0.262
  -547.744     0.263
  -547.645     0.265
  -547.545     0.265
  -547.446     0.264
  -547.346     0.261
  -547.246     0.261
  -547.147     0.263
  -547.047     0.263
  -546.948     0.262
  -546.848     0.261
  -546.748     0.262
  -546.649     0.262
  -546.549     0.264
  -546.450     0.266
  -546.350     0.269
  -546.250     0.271
  -546.151     0.276
  -546.051     0.279
  -545.951     0.281
  -545.852     0.282
  -545.752     0.282
  -545.653     0.281
  -545.553     0.281
  -545.453     0.280
  -545.354     0.280
  -545.254     0.280
  -545.155     0.278
  -545.055     0.277
  -544.955     0.273
  -544.856     0.264
  -544.756     0.263
  -544.657     0.263
  -544.557     0.262
  -544.457     0.261
  -544.358     0.262
  -544.258     0.264
  -544.159     0.266
  -544.059     0.266
  -543.959     0.267
  -543.860     0.269
  -543.760     0.269
  -543.660     0.271
  -543.561     0.276
  -543.461     0.282
  -543.362     0.281
  -543.262     0.281
  -543.162     0.280
  -543.063     0.281
  -542.963     0.281
  -542.864     0.279
  -542.764     0.277
  -542.664     0.275
  -542.565     0.275
  -542.465     0.272
  -542.365     0.267
  -542.266     0.262
  -542.166     0.261
  -542.067     0.262
  -541.967     0.262
  -541.868     0.263
  -541.768     0.265
  -541.668     0.267
  -541.569     0.267
  -541.469     0.268
  -541.369     0.269
  -541.270     0.270
  -541.170     0.270
  -541.071     0.276
  -540.971     0.279
  -540.871     0.282
  -540.772     0.282
  -540.672     0.281
  -540.573     0.282
  -540.473     0.278
  -540.373     0.277
  -540.274     0.273
  -540.174     0.266
  -540.075     0.262
  -539.975     0.262
  -539.875     0.262
  -539.776     0.263
  -539.676     0.262
  -539.576     0.262
  -539.477     0.263
  -539.377     0.262
  -539.278     0.264
  -539.178     0.262
  -539.078     0.266
  -538.979     0.266
  -538.879     0.268
  -538.780     0.270
  -538.680     0.272
  -538.580     0.279
  -538.481     0.283
  -538.381     0.285
  -538.282     0.283
  -538.182     0.283
  -538.082     0.282
  -537.983     0.279
  -537.883     0.276
  -537.784     0.272
  -537.684     0.266
  -537.584     0.264
  -537.485     0.263
  -537.385     0.265
  -537.285     0.266
  -537.186     0.266
  -537.086     0.267
  -536.987     0.267
  -536.887     0.267
  -536.787     0.267
  -536.688     0.267
  -536.588     0.270
  -536.489     0.270
  -536.389     0.270
  -536.289     0.269
  -536.190     0.269
  -536.090     0.267
  -535.990     0.265
  -535.891     0.264
  -535.791     0.264
  -535.692     0.265
  -535.592     0.267
  -535.493     0.266
  -535.393     0.266
  -535.293     0.266
  -535.194     0.267
  -535.094     0.268
  -534.994     0.265
  -534.895     0.267
  -534.795     0.267
  -534.696     0.267
  -534.596     0.266
  -534.496     0.267
  -534.397     0.267
  -534.297     0.269
  -534.198     0.272
  -534.098     0.272
  -533.998     0.273
  -533.899     0.274
  -533.799     0.277
  -533.700     0.280
  -533.600     0.283
  -533.500     0.285
  -533.401     0.285
  -533.301     0.284
  -533.201     0.284
  -533.102     0.285
  -533.002     0.284
  -532.903     0.283
  -532.803     0.283
  -532.703     0.282
  -532.604     0.279
  -532.504     0.277
  -532.405     0.274
  -532.305     0.268
  -532.205     0.264
  -532.106     0.263
  -532.006     0.263
  -531.907     0.264
  -531.807     0.264
  -531.707     0.265
  -531.608     0.265
  -531.508     0.266
  -531.409     0.265
  -531.309     0.266
  -531.209     0.267
  -531.110     0.266
  -531.010     0.267
  -530.910     0.269
  -530.811     0.268
  -530.711     0.270
  -530.612     0.269
  -530.512     0.270
  -530.412     0.269
  -530.313     0.268
  -530.213     0.267
  -530.114     0.268
  -530.014     0.266
  -529.914     0.265
  -529.815     0.267
  -529.715     0.271
  -529.615     0.271
  -529.516     0.274
  -529.416     0.277
  -529.317     0.284
  -529.217     0.285
  -529.118     0.288
  -529.018     0.288
  -528.918     0.288
  -528.819     0.289
  -528.719     0.286
  -528.619     0.285
  -528.520     0.283
  -528.420     0.279
  -528.321     0.273
  -528.221     0.269
  -528.121     0.268
  -528.022     0.267
  -527.922     0.267
  -527.823     0.267
  -527.723     0.266
  -527.623     0.268
  -527.524     0.267
  -527.424     0.265
  -527.325     0.267
  -527.225     0.266
  -527.125     0.267
  -527.026     0.269
  -526.926     0.268
  -526.826     0.272
  -526.727     0.271
  -526.627     0.270
  -526.528     0.270
  -526.428     0.270
  -526.328     0.269
  -526.229     0.267
  -526.129     0.268
  -526.030     0.267
  -525.930     0.267
  -525.830     0.268
  -525.731     0.266
  -525.631     0.269
  -525.532     0.268
  -525.432     0.268
  -525.332     0.270
  -525.233     0.269
  -525.133     0.269
  -525.034     0.270
  -524.934     0.268
  -524.834     0.266
  -524.735     0.266
  -524.635     0.267
  -524.535     0.266
  -524.436     0.268
  -524.336     0.269
  -524.237     0.269
  -524.137     0.270
  -524.037     0.271
  -523.938     0.272
  -523.838     0.274
  -523.739     0.276
  -523.639     0.277
  -523.539     0.282
  -523.440     0.286
  -523.340     0.287
  -523.240     0.287
  -523.141     0.285
  -523.041     0.284
  -522.942     0.280
  -522.842     0.273
  -522.743     0.269
  -522.643     0.268
  -522.543     0.265
  -522.444     0.266
  -522.344     0.266
  -522.244     0.266
  -522.145     0.268
  -522.045     0.268
  -521.946     0.271
  -521.846     0.273
  -521.746     0.274
  -521.647     0.275
  -521.547     0.279
  -521.448     0.285
  -521.348     0.287
  -521.248     0.288
  -521.149     0.287
  -521.049     0.287
  -520.950     0.286
  -520.850     0.284
  -520.750     0.280
  -520.651     0.270
  -520.551     0.267
  -520.451     0.265
  -520.352     0.266
  -520.252     0.267
  -520.153     0.265
  -520.053     0.267
  -519.953     0.270
  -519.854     0.271
  -519.754     0.273
  -519.655     0.276
  -519.555     0.283
  -519.455     0.286
  -519.356     0.289
  -519.256     0.287
  -519.157     0.286
  -519.057     0.285
  -518.957     0.284
  -518.858     0.280
  -518.758     0.274
  -518.659     0.270
  -518.559     0.267
  -518.459     0.267
  -518.360     0.267
  -518.260     0.267
  -518.160     0.268
  -518.061     0.269
  -517.961     0.269
  -517.862     0.268
  -517.762     0.271
  -517.662     0.272
  -517.563     0.272
  -517.463     0.273
  -517.364     0.273
  -517.264     0.271
  -517.164     0.272
  -517.065     0.276
  -516.965     0.276
  -516.865     0.277
  -516.766     0.279
  -516.666     0.281
  -516.567     0.286
  -516.467     0.285
  -516.368     0.287
  -516.268     0.289
  -516.168     0.289
  -516.069     0.289
  -515.969     0.287
  -515.869     0.286
  -515.770     0.285
  -515.670     0.282
  -515.571     0.278
  -515.471     0.270
  -515.371     0.268
  -515.272     0.266
  -515.172     0.268
  -515.073     0.267
  -514.973     0.266
  -514.873     0.267
  -514.774     0.270
  -514.674     0.270
  -514.575     0.272
  -514.475     0.275
  -514.375     0.277
  -514.276     0.283
  -514.176     0.287
  -514.076     0.291
  -513.977     0.291
  -513.877     0.290
  -513.778     0.292
  -513.678     0.292
  -513.578     0.291
  -513.479     0.290
  -513.379     0.289
  -513.280     0.287
  -513.180     0.286
  -513.080     0.281
  -512.981     0.274
  -512.881     0.272
  -512.782     0.270
  -512.682     0.270
  -512.582     0.271
  -512.483     0.271
  -512.383     0.273
  -512.284     0.270
  -512.184     0.270
  -512.084     0.270
  -511.985     0.271
  -511.885     0.271
  -511.785     0.270
  -511.686     0.270
  -511.586     0.270
  -511.487     0.270
  -511.387     0.269
  -511.287     0.269
  -511.188     0.272
  -511.088     0.270
  -510.989     0.269
  -510.889     0.271
  -510.789     0.272
  -510.690     0.273
  -510.590     0.275
  -510.490     0.277
  -510.391     0.282
  -510.291     0.289
  -510.192     0.292
  -510.092     0.292
  -509.993     0.292
  -509.893     0.291
  -509.793     0.288
  -509.694     0.285
  -509.594     0.282
  -509.494     0.273
  -509.395     0.271
  -509.295     0.270
  -509.196     0.270
  -509.096     0.270
  -508.996     0.270
  -508.897     0.272
  -508.797     0.273
  -508.698     0.274
  -508.598     0.277
  -508.498     0.280
  -508.399     0.285
  -508.299     0.288
  -508.200     0.291
  -508.100     0.290
  -508.000     0.291
  -507.901     0.291
  -507.801     0.290
  -507.701     0.287
  -507.602     0.287
  -507.502     0.284
  -507.403     0.277
  -507.303     0.273
  -507.203     0.271
  -507.104     0.271
  -507.004     0.271
  -506.905     0.272
  -506.805     0.271
  -506.705     0.271
  -506.606     0.271
  -506.506     0.271
  -506.407     0.272
  -506.307     0.270
  -506.207     0.269
  -506.108     0.271
  -506.008     0.273
  -505.909     0.274
  -505.809     0.275
  -505.709     0.275
  -505.610     0.278
  -505.510     0.278
  -505.410     0.279
  -505.311     0.280
  -505.211     0.285
  -505.112     0.289
  -505.012     0.290
  -504.912     0.290
  -504.813     0.292
  -504.713     0.291
  -504.614     0.292
  -504.514     0.291
  -504.414     0.292
  -504.315     0.291
  -504.215     0.291
  -504.115     0.289
  -504.016     0.286
  -503.916     0.284
  -503.817     0.279
  -503.717     0.273
  -503.618     0.269
  -503.518     0.270
  -503.418     0.270
  -503.319     0.269
  -503.219     0.270
  -503.119     0.271
  -503.020     0.271
  -502.920     0.271
  -502.821     0.271
  -502.721     0.272
  -502.621     0.273
  -502.522     0.273
  -502.422     0.273
  -502.323     0.276
  -502.223     0.277
  -502.123     0.280
  -502.024     0.284
  -501.924     0.289
  -501.825     0.292
  -501.725     0.293
  -501.625     0.294
  -501.526     0.294
  -501.426     0.292
  -501.326     0.292
  -501.227     0.288
  -501.127     0.277
  -501.028     0.273
  -500.928     0.270
  -500.828     0.271
  -500.729     0.271
  -500.629     0.272
  -500.530     0.272
  -500.430     0.274
  -500.330     0.275
  -500.231     0.275
  -500.131     0.277
  -500.032     0.277
  -499.932     0.278
  -499.832     0.278
  -499.733     0.278
  -499.633     0.278
  -499.534     0.280
  -499.434     0.280
  -499.334     0.279
  -499.235     0.279
  -499.135     0.278
  -499.035     0.276
  -498.936     0.275
  -498.836     0.272
  -498.737     0.272
  -498.637     0.271
  -498.537     0.271
  -498.438     0.272
  -498.338     0.273
  -498.239     0.272
  -498.139     0.273
  -498.039     0.275
  -497.940     0.273
  -497.840     0.275
  -497.740     0.274
  -497.641     0.273
  -497.541     0.274
  -497.442     0.275
  -497.342     0.274
  -497.243     0.277
  -497.143     0.278
  -497.043     0.278
  -496.944     0.278
  -496.844     0.277
  -496.744     0.277
  -496.645     0.279
  -496.545     0.276
  -496.446     0.276
  -496.346     0.276
  -496.246     0.276
  -496.147     0.277
  -496.047     0.275
  -495.948     0.275
  -495.848     0.274
  -495.748     0.275
  -495.649     0.273
  -495.549     0.274
  -495.450     0.273
  -495.350     0.273
  -495.250     0.275
  -495.151     0.274
  -495.051     0.274
  -494.951     0.275
  -494.852     0.274
  -494.752     0.274
  -494.653     0.273
  -494.553     0.273
  -494.453     0.275
  -494.354     0.274
  -494.254     0.276
  -494.155     0.275
  -494.055     0.276
  -493.955     0.275
  -493.856     0.274
  -493.756     0.274
  -493.657     0.273
  -493.557     0.274
  -493.457     0.275
  -493.358     0.274
  -493.258     0.275
  -493.159     0.275
  -493.059     0.278
  -492.959     0.278
  -492.860     0.279
  -492.760     0.279
  -492.660     0.280
  -492.561     0.281
  -492.461     0.283
  -492.362     0.286
  -492.262     0.290
  -492.162     0.293
  -492.063     0.296
  -491.963     0.295
  -491.864     0.294
  -491.764     0.294
  -491.664     0.295
  -491.565     0.292
  -491.465     0.291
  -491.365     0.287
  -491.266     0.279
  -491.166     0.275
  -491.067     0.273
  -490.967     0.274
  -490.868     0.275
  -490.768     0.275
  -490.668     0.274
  -490.569     0.274
  -490.469     0.273
  -490.369     0.275
  -490.270     0.276
  -490.170     0.275
  -490.071     0.276
  -489.971     0.276
  -489.871     0.275
  -489.772     0.275
  -489.672     0.273
  -489.573     0.276
  -489.473     0.275
  -489.373     0.277
  -489.274     0.279
  -489.174     0.280
  -489.075     0.281
  -488.975     0.283
  -488.875     0.286
  -488.776     0.291
  -488.676     0.294
  -488.576     0.294
  -488.477     0.290
  -488.377     0.292
  -488.278     0.290
  -488.178     0.287
  -488.078     0.284
  -487.979     0.276
  -487.879     0.275
  -487.780     0.273
  -487.680     0.275
  -487.580     0.275
  -487.481     0.273
  -487.381     0.276
  -487.282     0.275
  -487.182     0.275
  -487.082     0.274
  -486.983     0.275
  -486.883     0.274
  -486.784     0.274
  -486.684     0.274
  -486.584     0.275
  -486.485     0.274
  -486.385     0.275
  -486.285     0.275
  -486.186     0.276
  -486.086     0.276
  -485.987     0.277
  -485.887     0.278
  -485.787     0.276
  -485.688     0.277
  -485.588     0.277
  -485.489     0.277
  -485.389     0.278
  -485.289     0.276
  -485.190     0.277
  -485.090     0.277
  -484.990     0.275
  -484.891     0.277
  -484.791     0.276
  -484.692     0.277
  -484.592     0.275
  -484.493     0.277
  -484.393     0.277
  -484.293     0.276
  -484.194     0.275
  -484.094     0.277
  -483.994     0.277
  -483.895     0.277
  -483.795     0.278
  -483.696     0.279
  -483.596     0.281
  -483.496     0.280
  -483.397     0.282
  -483.297     0.282
  -483.198     0.285
  -483.098     0.290
  -482.998     0.294
  -482.899     0.297
  -482.799     0.297
  -482.700     0.298
  -482.600     0.296
  -482.500     0.295
  -482.401     0.293
  -482.301     0.287
  -482.201     0.280
  -482.102     0.277
  -482.002     0.277
  -481.903     0.277
  -481.803     0.276
  -481.703     0.275
  -481.604     0.276
  -481.504     0.277
  -481.405     0.277
  -481.305     0.277
  -481.205     0.279
  -481.106     0.277
  -481.006     0.277
  -480.907     0.278
  -480.807     0.278
  -480.707     0.278
  -480.608     0.276
  -480.508     0.277
  -480.409     0.276
  -480.309     0.278
  -480.209     0.276
  -480.110     0.276
  -480.010     0.277
  -479.910     0.276
  -479.811     0.276
  -479.711     0.277
  -479.612     0.277
  -479.512     0.277
  -479.412     0.278
  -479.313     0.277
  -479.213     0.278
  -479.114     0.277
  -479.014     0.278
  -478.914     0.278
  -478.815     0.277
  -478.715     0.277
  -478.615     0.276
  -478.516     0.278
  -478.416     0.278
  -478.317     0.279
  -478.217     0.281
  -478.118     0.282
  -478.018     0.280
  -477.918     0.281
  -477.819     0.280
  -477.719     0.278
  -477.619     0.277
  -477.520     0.279
  -477.420     0.277
  -477.321     0.280
  -477.221     0.281
  -477.121     0.280
  -477.022     0.279
  -476.922     0.279
  -476.823     0.277
  -476.723     0.277
  -476.623     0.279
  -476.524     0.279
  -476.424     0.281
  -476.325     0.281
  -476.225     0.282
  -476.125     0.280
  -476.026     0.281
  -475.926     0.282
  -475.826     0.280
  -475.727     0.279
  -475.627     0.278
  -475.528     0.277
  -475.428     0.278
  -475.328     0.277
  -475.229     0.278
  -475.129     0.279
  -475.030     0.281
  -474.930     0.282
  -474.830     0.287
  -474.731     0.290
  -474.631     0.295
  -474.532     0.298
  -474.432     0.298
  -474.332     0.298
  -474.233     0.298
  -474.133     0.297
  -474.034     0.291
  -473.934     0.288
  -473.834     0.279
  -473.735     0.278
  -473.635     0.277
  -473.535     0.276
  -473.436     0.277
  -473.336     0.276
  -473.237     0.279
  -473.137     0.278
  -473.037     0.279
  -472.938     0.279
  -472.838     0.279
  -472.739     0.280
  -472.639     0.278
  -472.539     0.278
  -472.440     0.277
  -472.340     0.278
  -472.240     0.278
  -472.141     0.279
  -472.041     0.279
  -471.942     0.279
  -471.842     0.280
  -471.743     0.278
  -471.643     0.279
  -471.543     0.277
  -471.444     0.280
  -471.344     0.282
  -471.244     0.285
  -471.145     0.291
  -471.045     0.298
  -470.946     0.300
  -470.846     0.301
  -470.746     0.299
  -470.647     0.301
  -470.547     0.298
  -470.448     0.295
  -470.348     0.291
  -470.248     0.283
  -470.149     0.280
  -470.049     0.279
  -469.950     0.277
  -469.850     0.279
  -469.750     0.280
  -469.651     0.282
  -469.551     0.282
  -469.451     0.285
  -469.352     0.284
  -469.252     0.288
  -469.153     0.293
  -469.053     0.297
  -468.953     0.300
  -468.854     0.298
  -468.754     0.297
  -468.655     0.294
  -468.555     0.292
  -468.455     0.287
  -468.356     0.280
  -468.256     0.279
  -468.157     0.278
  -468.057     0.279
  -467.957     0.279
  -467.858     0.278
  -467.758     0.278
  -467.659     0.278
  -467.559     0.280
  -467.459     0.280
  -467.360     0.279
  -467.260     0.280
  -467.160     0.281
  -467.061     0.281
  -466.961     0.280
  -466.862     0.280
  -466.762     0.280
  -466.662     0.280
  -466.563     0.280
  -466.463     0.281
  -466.364     0.283
  -466.264     0.285
  -466.164     0.286
  -466.065     0.288
  -465.965     0.289
  -465.865     0.293
  -465.766     0.300
  -465.666     0.300
  -465.567     0.299
  -465.467     0.301
  -465.368     0.302
  -465.268     0.300
  -465.168     0.298
  -465.069     0.297
  -464.969     0.293
  -464.869     0.285
  -464.770     0.279
  -464.670     0.279
  -464.571     0.277
  -464.471     0.278
  -464.371     0.280
  -464.272     0.282
  -464.172     0.281
  -464.073     0.281
  -463.973     0.282
  -463.873     0.284
  -463.774     0.284
  -463.674     0.285
  -463.575     0.289
  -463.475     0.288
  -463.375     0.295
  -463.276     0.299
  -463.176     0.299
  -463.076     0.299
  -462.977     0.299
  -462.877     0.297
  -462.778     0.295
  -462.678     0.287
  -462.578     0.278
  -462.479     0.277
  -462.379     0.278
  -462.280     0.277
  -462.180     0.279
  -462.080     0.280
  -461.981     0.284
  -461.881     0.288
  -461.782     0.294
  -461.682     0.299
  -461.582     0.298
  -461.483     0.299
  -461.383     0.300
  -461.284     0.300
  -461.184     0.297
  -461.084     0.294
  -460.985     0.294
  -460.885     0.292
  -460.785     0.285
  -460.686     0.281
  -460.586     0.280
  -460.487     0.279
  -460.387     0.280
  -460.287     0.280
  -460.188     0.279
  -460.088     0.282
  -459.989     0.281
  -459.889     0.283
  -459.789     0.283
  -459.690     0.286
  -459.590     0.285
  -459.490     0.287
  -459.391     0.289
  -459.291     0.291
  -459.192     0.297
  -459.092     0.299
  -458.993     0.302
  -458.893     0.302
  -458.793     0.303
  -458.694     0.301
  -458.594     0.299
  -458.494     0.298
  -458.395     0.294
  -458.295     0.286
  -458.196     0.282
  -458.096     0.280
  -457.996     0.279
  -457.897     0.280
  -457.797     0.282
  -457.698     0.283
  -457.598     0.284
  -457.498     0.287
  -457.399     0.288
  -457.299     0.289
  -457.200     0.292
  -457.100     0.298
  -457.000     0.301
  -456.901     0.302
  -456.801     0.302
  -456.701     0.302
  -456.602     0.300
  -456.502     0.301
  -456.403     0.298
  -456.303     0.297
  -456.203     0.293
  -456.104     0.286
  -456.004     0.282
  -455.905     0.281
  -455.805     0.282
  -455.705     0.281
  -455.606     0.280
  -455.506     0.280
  -455.407     0.281
  -455.307     0.281
  -455.207     0.282
  -455.108     0.281
  -455.008     0.280
  -454.909     0.281
  -454.809     0.284
  -454.709     0.286
  -454.610     0.288
  -454.510     0.289
  -454.410     0.292
  -454.311     0.301
  -454.211     0.303
  -454.112     0.303
  -454.012     0.304
  -453.912     0.304
  -453.813     0.304
  -453.713     0.302
  -453.614     0.302
  -453.514     0.301
  -453.414     0.299
  -453.315     0.294
  -453.215     0.286
  -453.115     0.282
  -453.016     0.282
  -452.916     0.281
  -452.817     0.281
  -452.717     0.281
  -452.618     0.280
  -452.518     0.282
  -452.418     0.282
  -452.319     0.284
  -452.219     0.285
  -452.119     0.286
  -452.020     0.289
  -451.920     0.291
  -451.821     0.297
  -451.721     0.302
  -451.621     0.306
  -451.522     0.306
  -451.422     0.307
  -451.323     0.307
  -451.223     0.306
  -451.123     0.305
  -451.024     0.302
  -450.924     0.300
  -450.825     0.295
  -450.725     0.286
  -450.625     0.284
  -450.526     0.284
  -450.426     0.283
  -450.326     0.284
  -450.227     0.283
  -450.127     0.283
  -450.028     0.284
  -449.928     0.284
  -449.828     0.283
  -449.729     0.284
  -449.629     0.285
  -449.530     0.284
  -449.430     0.284
  -449.330     0.284
  -449.231     0.284
  -449.131     0.285
  -449.032     0.284
  -448.932     0.284
  -448.832     0.283
  -448.733     0.282
  -448.633     0.283
  -448.534     0.284
  -448.434     0.286
  -448.334     0.287
  -448.235     0.288
  -448.135     0.292
  -448.035     0.299
  -447.936     0.303
  -447.836     0.306
  -447.737     0.306
  -447.637     0.306
  -447.537     0.305
  -447.438     0.302
  -447.338     0.302
  -447.239     0.302
  -447.139     0.300
  -447.039     0.299
  -446.940     0.293
  -446.840     0.287
  -446.740     0.285
  -446.641     0.284
  -446.541     0.284
  -446.442     0.284
  -446.342     0.285
  -446.243     0.284
  -446.143     0.284
  -446.043     0.285
  -445.944     0.285
  -445.844     0.287
  -445.744     0.287
  -445.645     0.289
  -445.545     0.291
  -445.446     0.293
  -445.346     0.299
  -445.246     0.304
  -445.147     0.306
  -445.047     0.306
  -444.948     0.305
  -444.848     0.303
  -444.748     0.303
  -444.649     0.302
  -444.549     0.299
  -444.450     0.291
  -444.350     0.285
  -444.250     0.284
  -444.151     0.285
  -444.051     0.285
  -443.951     0.286
  -443.852     0.285
  -443.752     0.285
  -443.653     0.286
  -443.553     0.285
  -443.453     0.285
  -443.354     0.284
  -443.254     0.284
  -443.155     0.285
  -443.055     0.284
  -442.955     0.284
  -442.856     0.285
  -442.756     0.285
  -442.657     0.287
  -442.557     0.289
  -442.457     0.290
  -442.358     0.291
  -442.258     0.295
  -442.159     0.301
  -442.059     0.306
  -441.959     0.308
  -441.860     0.307
  -441.760     0.307
  -441.660     0.303
  -441.561     0.303
  -441.461     0.300
  -441.362     0.292
  -441.262     0.287
  -441.162     0.284
  -441.063     0.285
  -440.963     0.287
  -440.864     0.288
  -440.764     0.291
  -440.664     0.293
  -440.565     0.296
  -440.465     0.302
  -440.365     0.307
  -440.266     0.307
  -440.166     0.307
  -440.067     0.307
  -439.967     0.306
  -439.868     0.306
  -439.768     0.307
  -439.668     0.304
  -439.569     0.301
  -439.469     0.296
  -439.369     0.289
  -439.270     0.286
  -439.170     0.283
  -439.071     0.284
  -438.971     0.285
  -438.871     0.287
  -438.772     0.288
  -438.672     0.287
  -438.573     0.286
  -438.473     0.285
  -438.373     0.286
  -438.274     0.286
  -438.174     0.288
  -438.075     0.291
  -437.975     0.295
  -437.875     0.302
  -437.776     0.308
  -437.676     0.307
  -437.576     0.309
  -437.477     0.309
  -437.377     0.310
  -437.278     0.309
  -437.178     0.307
  -437.078     0.303
  -436.979     0.299
  -436.879     0.292
  -436.780     0.288
  -436.680     0.288
  -436.580     0.286
  -436.481     0.284
  -436.381     0.286
  -436.282     0.286
  -436.182     0.287
  -436.082     0.288
  -435.983     0.289
  -435.883     0.290
  -435.784     0.291
  -435.684     0.293
  -435.584     0.295
  -435.485     0.301
  -435.385     0.308
  -435.285     0.307
  -435.186     0.305
  -435.086     0.304
  -434.987     0.302
  -434.887     0.302
  -434.787     0.299
  -434.688     0.290
  -434.588     0.287
  -434.489     0.283
  -434.389     0.284
  -434.289     0.284
  -434.190     0.285
  -434.090     0.285
  -433.990     0.287
  -433.891     0.287
  -433.791     0.288
  -433.692     0.286
  -433.592     0.288
  -433.493     0.289
  -433.393     0.291
  -433.293     0.291
  -433.194     0.293
  -433.094     0.292
  -432.994     0.296
  -432.895     0.297
  -432.795     0.304
  -432.696     0.308
  -432.596     0.309
  -432.496     0.310
  -432.397     0.311
  -432.297     0.310
  -432.198     0.311
  -432.098     0.310
  -431.998     0.307
  -431.899     0.302
  -431.799     0.291
  -431.700     0.289
  -431.600     0.288
  -431.500     0.287
  -431.401     0.288
  -431.301     0.288
  -431.201     0.290
  -431.102     0.291
  -431.002     0.290
  -430.903     0.291
  -430.803     0.289
  -430.703     0.288
  -430.604     0.287
  -430.504     0.288
  -430.405     0.289
  -430.305     0.290
  -430.205     0.290
  -430.106     0.289
  -430.006     0.289
  -429.907     0.289
  -429.807     0.287
  -429.707     0.289
  -429.608     0.290
  -429.508     0.290
  -429.409     0.292
  -429.309     0.292
  -429.209     0.296
  -429.110     0.300
  -429.010     0.307
  -428.910     0.309
  -428.811     0.311
  -428.711     0.311
  -428.612     0.311
  -428.512     0.310
  -428.412     0.309
  -428.313     0.307
  -428.213     0.304
  -428.114     0.298
  -428.014     0.290
  -427.914     0.288
  -427.815     0.289
  -427.715     0.289
  -427.615     0.289
  -427.516     0.289
  -427.416     0.288
  -427.317     0.290
  -427.217     0.289
  -427.118     0.290
  -427.018     0.292
  -426.918     0.293
  -426.819     0.291
  -426.719     0.291
  -426.619     0.290
  -426.520     0.289
  -426.420     0.288
  -426.321     0.290
  -426.221     0.291
  -426.121     0.294
  -426.022     0.293
  -425.922     0.293
  -425.823     0.292
  -425.723     0.292
  -425.623     0.289
  -425.524     0.290
  -425.424     0.289
  -425.325     0.289
  -425.225     0.289
  -425.125     0.291
  -425.026     0.291
  -424.926     0.290
  -424.826     0.289
  -424.727     0.288
  -424.627     0.292
  -424.528     0.292
  -424.428     0.294
  -424.328     0.295
  -424.229     0.296
  -424.129     0.302
  -424.030     0.309
  -423.930     0.311
  -423.830     0.312
  -423.731     0.314
  -423.631     0.312
  -423.532     0.310
  -423.432     0.309
  -423.332     0.306
  -423.233     0.300
  -423.133     0.294
  -423.034     0.290
  -422.934     0.289
  -422.834     0.290
  -422.735     0.290
  -422.635     0.290
  -422.535     0.291
  -422.436     0.290
  -422.336     0.291
  -422.237     0.291
  -422.137     0.293
  -422.037     0.294
  -421.938     0.295
  -421.838     0.296
  -421.739     0.297
  -421.639     0.297
  -421.539     0.296
  -421.440     0.296
  -421.340     0.296
  -421.240     0.296
  -421.141     0.293
  -421.041     0.292
  -420.942     0.291
  -420.842     0.291
  -420.743     0.289
  -420.643     0.292
  -420.543     0.295
  -420.444     0.296
  -420.344     0.298
  -420.244     0.302
  -420.145     0.309
  -420.045     0.312
  -419.946     0.313
  -419.846     0.312
  -419.746     0.311
  -419.647     0.311
  -419.547     0.311
  -419.448     0.309
  -419.348     0.307
  -419.248     0.302
  -419.149     0.293
  -419.049     0.291
  -418.950     0.291
  -418.850     0.290
  -418.750     0.292
  -418.651     0.291
  -418.551     0.291
  -418.451     0.291
  -418.352     0.292
  -418.252     0.293
  -418.153     0.291
  -418.053     0.290
  -417.953     0.290
  -417.854     0.292
  -417.754     0.294
  -417.655     0.296
  -417.555     0.297
  -417.455     0.298
  -417.356     0.304
  -417.256     0.310
  -417.157     0.313
  -417.057     0.312
  -416.957     0.311
  -416.858     0.309
  -416.758     0.310
  -416.659     0.308
  -416.559     0.308
  -416.459     0.306
  -416.360     0.303
  -416.260     0.295
  -416.160     0.291
  -416.061     0.291
  -415.961     0.291
  -415.862     0.290
  -415.762     0.292
  -415.662     0.293
  -415.563     0.293
  -415.463     0.293
  -415.364     0.293
  -415.264     0.293
  -415.164     0.293
  -415.065     0.295
  -414.965     0.292
  -414.865     0.292
  -414.766     0.292
  -414.666     0.293
  -414.567     0.295
  -414.467     0.294
  -414.368     0.295
  -414.268     0.294
  -414.168     0.293
  -414.069     0.292
  -413.969     0.293
  -413.869     0.293
  -413.770     0.293
  -413.670     0.293
  -413.571     0.293
  -413.471     0.294
  -413.371     0.294
  -413.272     0.295
  -413.172     0.296
  -413.073     0.296
  -412.973     0.296
  -412.873     0.295
  -412.774     0.296
  -412.674     0.293
  -412.575     0.294
  -412.475     0.295
  -412.375     0.293
  -412.276     0.294
  -412.176     0.295
  -412.076     0.293
  -411.977     0.293
  -411.877     0.293
  -411.778     0.293
  -411.678     0.295
  -411.578     0.295
  -411.479     0.295
  -411.379     0.296
  -411.280     0.296
  -411.180     0.296
  -411.080     0.296
  -410.981     0.295
  -410.881     0.294
  -410.782     0.292
  -410.682     0.292
  -410.582     0.293
  -410.483     0.292
  -410.383     0.295
  -410.284     0.294
  -410.184     0.296
  -410.084     0.296
  -409.985     0.296
  -409.885     0.298
  -409.785     0.299
  -409.686     0.301
  -409.586     0.305
  -409.487     0.310
  -409.387     0.314
  -409.287     0.315
  -409.188     0.316
  -409.088     0.315
  -408.989     0.314
  -408.889     0.313
  -408.789     0.310
  -408.690     0.303
  -408.590     0.295
  -408.490     0.292
  -408.391     0.293
  -408.291     0.293
  -408.192     0.293
  -408.092     0.293
  -407.993     0.294
  -407.893     0.294
  -407.793     0.293
  -407.694     0.293
  -407.594     0.294
  -407.494     0.295
  -407.395     0.294
  -407.295     0.295
  -407.196     0.297
  -407.096     0.296
  -406.996     0.299
  -406.897     0.300
  -406.797     0.301
  -406.698     0.304
  -406.598     0.309
  -406.498     0.313
  -406.399     0.313
  -406.299     0.314
  -406.200     0.312
  -406.100     0.310
  -406.000     0.310
  -405.901     0.309
  -405.801     0.307
  -405.701     0.303
  -405.602     0.296
  -405.502     0.294
  -405.403     0.292
  -405.303     0.292
  -405.203     0.295
  -405.104     0.295
  -405.004     0.295
  -404.905     0.296
  -404.805     0.295
  -404.705     0.298
  -404.606     0.299
  -404.506     0.301
  -404.407     0.303
  -404.307     0.311
  -404.207     0.315
  -404.108     0.317
  -404.008     0.315
  -403.909     0.314
  -403.809     0.313
  -403.709     0.310
  -403.610     0.307
  -403.510     0.297
  -403.410     0.295
  -403.311     0.293
  -403.211     0.293
  -403.112     0.291
  -403.012     0.293
  -402.912     0.294
  -402.813     0.296
  -402.713     0.298
  -402.614     0.301
  -402.514     0.307
  -402.414     0.312
  -402.315     0.316
  -402.215     0.316
  -402.115     0.317
  -402.016     0.318
  -401.916     0.317
  -401.817     0.316
  -401.717     0.312
  -401.618     0.310
  -401.518     0.303
  -401.418     0.297
  -401.319     0.295
  -401.219     0.294
  -401.119     0.294
  -401.020     0.295
  -400.920     0.296
  -400.821     0.295
  -400.721     0.296
  -400.621     0.295
  -400.522     0.297
  -400.422     0.297
  -400.323     0.298
  -400.223     0.297
  -400.123     0.298
  -400.024     0.297
  -399.924     0.296
  -399.825     0.294
  -399.725     0.295
  -399.625     0.295
  -399.526     0.294
  -399.426     0.295
  -399.326     0.299
  -399.227     0.297
  -399.127     0.300
  -399.028     0.304
  -398.928     0.308
  -398.828     0.316
  -398.729     0.317
  -398.629     0.318
  -398.530     0.317
  -398.430     0.315
  -398.330     0.317
  -398.231     0.315
  -398.131     0.314
  -398.032     0.312
  -397.932     0.303
  -397.832     0.297
  -397.733     0.296
  -397.633     0.297
  -397.534     0.295
  -397.434     0.295
  -397.334     0.297
  -397.235     0.297
  -397.135     0.298
  -397.035     0.297
  -396.936     0.296
  -396.836     0.297
  -396.737     0.297
  -396.637     0.298
  -396.537     0.300
  -396.438     0.299
  -396.338     0.298
  -396.239     0.299
  -396.139     0.299
  -396.039     0.299
  -395.940     0.299
  -395.840     0.298
  -395.740     0.298
  -395.641     0.298
  -395.541     0.297
  -395.442     0.298
  -395.342     0.297
  -395.243     0.298
  -395.143     0.297
  -395.043     0.296
  -394.944     0.298
  -394.844     0.299
  -394.744     0.302
  -394.645     0.301
  -394.545     0.301
  -394.446     0.301
  -394.346     0.303
  -394.246     0.305
  -394.147     0.305
  -394.047     0.306
  -393.948     0.311
  -393.848     0.315
  -393.748     0.318
  -393.649     0.317
  -393.549     0.317
  -393.450     0.318
  -393.350     0.316
  -393.250     0.316
  -393.151     0.316
  -393.051     0.315
  -392.951     0.315
  -392.852     0.313
  -392.752     0.311
  -392.653     0.307
  -392.553     0.300
  -392.453     0.296
  -392.354     0.297
  -392.254     0.300
  -392.155     0.301
  -392.055     0.302
  -391.955     0.303
  -391.856     0.305
  -391.756     0.312
  -391.657     0.316
  -391.557     0.318
  -391.457     0.319
  -391.358     0.317
  -391.258     0.317
  -391.159     0.314
  -391.059     0.314
  -390.959     0.310
  -390.860     0.300
  -390.760     0.296
  -390.660     0.298
  -390.561     0.296
  -390.461     0.297
  -390.362     0.298
  -390.262     0.299
  -390.162     0.297
  -390.063     0.298
  -389.963     0.298
  -389.864     0.299
  -389.764     0.298
  -389.664     0.298
  -389.565     0.299
  -389.465     0.299
  -389.365     0.298
  -389.266     0.300
  -389.166     0.300
  -389.067     0.301
  -388.967     0.303
  -388.868     0.302
  -388.768     0.303
  -388.668     0.305
  -388.569     0.304
  -388.469     0.305
  -388.369     0.307
  -388.270     0.307
  -388.170     0.308
  -388.071     0.309
  -387.971     0.314
  -387.871     0.317
  -387.772     0.320
  -387.672     0.321
  -387.573     0.320
  -387.473     0.318
  -387.373     0.319
  -387.274     0.318
  -387.174     0.317
  -387.075     0.313
  -386.975     0.304
  -386.875     0.298
  -386.776     0.299
  -386.676     0.300
  -386.576     0.299
  -386.477     0.299
  -386.377     0.300
  -386.278     0.297
  -386.178     0.298
  -386.078     0.300
  -385.979     0.301
  -385.879     0.301
  -385.780     0.301
  -385.680     0.300
  -385.580     0.302
  -385.481     0.300
  -385.381     0.300
  -385.282     0.300
  -385.182     0.302
  -385.082     0.303
  -384.983     0.302
  -384.883     0.303
  -384.784     0.303
  -384.684     0.304
  -384.584     0.302
  -384.485     0.301
  -384.385     0.301
  -384.285     0.300
  -384.186     0.303
  -384.086     0.303
  -383.987     0.302
  -383.887     0.303
  -383.787     0.300
  -383.688     0.300
  -383.588     0.300
  -383.489     0.301
  -383.389     0.302
  -383.289     0.303
  -383.190     0.302
  -383.090     0.302
  -382.990     0.304
  -382.891     0.303
  -382.791     0.304
  -382.692     0.303
  -382.592     0.302
  -382.493     0.300
  -382.393     0.303
  -382.293     0.300
  -382.194     0.302
  -382.094     0.301
  -381.994     0.302
  -381.895     0.303
  -381.795     0.303
  -381.696     0.303
  -381.596     0.305
  -381.496     0.305
  -381.397     0.304
  -381.297     0.303
  -381.198     0.303
  -381.098     0.301
  -380.998     0.302
  -380.899     0.302
  -380.799     0.302
  -380.700     0.302
  -380.600     0.304
  -380.500     0.303
  -380.401     0.305
  -380.301     0.305
  -380.201     0.307
  -380.102     0.308
  -380.002     0.308
  -379.903     0.310
  -379.803     0.312
  -379.703     0.315
  -379.604     0.319
  -379.504     0.321
  -379.405     0.320
  -379.305     0.322
  -379.205     0.321
  -379.106     0.320
  -379.006     0.319
  -378.907     0.319
  -378.807     0.316
  -378.707     0.316
  -378.608     0.310
  -378.508     0.304
  -378.409     0.302
  -378.309     0.298
  -378.209     0.300
  -378.110     0.300
  -378.010     0.301
  -377.910     0.301
  -377.811     0.303
  -377.711     0.301
  -377.612     0.303
  -377.512     0.304
  -377.412     0.304
  -377.313     0.304
  -377.213     0.307
  -377.114     0.308
  -377.014     0.309
  -376.914     0.314
  -376.815     0.322
  -376.715     0.322
  -376.615     0.323
  -376.516     0.324
  -376.416     0.323
  -376.317     0.322
  -376.217     0.321
  -376.118     0.318
  -376.018     0.309
  -375.918     0.302
  -375.819     0.303
  -375.719     0.302
  -375.619     0.301
  -375.520     0.301
  -375.420     0.301
  -375.321     0.302
  -375.221     0.302
  -375.121     0.303
  -375.022     0.302
  -374.922     0.303
  -374.823     0.303
  -374.723     0.302
  -374.623     0.303
  -374.524     0.305
  -374.424     0.304
  -374.325     0.307
  -374.225     0.307
  -374.125     0.307
  -374.026     0.309
  -373.926     0.310
  -373.826     0.314
  -373.727     0.322
  -373.627     0.325
  -373.528     0.325
  -373.428     0.325
  -373.328     0.325
  -373.229     0.323
  -373.129     0.322
  -373.030     0.322
  -372.930     0.320
  -372.830     0.317
  -372.731     0.307
  -372.631     0.305
  -372.532     0.303
  -372.432     0.304
  -372.332     0.301
  -372.233     0.303
  -372.133     0.304
  -372.034     0.304
  -371.934     0.304
  -371.834     0.305
  -371.735     0.306
  -371.635     0.307
  -371.535     0.306
  -371.436     0.307
  -371.336     0.308
  -371.237     0.306
  -371.137     0.307
  -371.037     0.307
  -370.938     0.305
  -370.838     0.306
  -370.739     0.306
  -370.639     0.305
  -370.539     0.306
  -370.440     0.306
  -370.340     0.306
  -370.240     0.306
  -370.141     0.307
  -370.041     0.306
  -369.942     0.307
  -369.842     0.306
  -369.743     0.306
  -369.643     0.307
  -369.543     0.308
  -369.444     0.308
  -369.344     0.311
  -369.244     0.312
  -369.145     0.315
  -369.045     0.321
  -368.946     0.326
  -368.846     0.327
  -368.746     0.327
  -368.647     0.326
  -368.547     0.324
  -368.448     0.325
  -368.348     0.322
  -368.248     0.319
  -368.149     0.311
  -368.049     0.307
  -367.950     0.307
  -367.850     0.305
  -367.750     0.306
  -367.651     0.305
  -367.551     0.304
  -367.451     0.306
  -367.352     0.307
  -367.252     0.308
  -367.153     0.307
  -367.053     0.307
  -366.953     0.307
  -366.854     0.308
  -366.754     0.306
  -366.655     0.306
  -366.555     0.307
  -366.455     0.308
  -366.356     0.308
  -366.256     0.309
  -366.157     0.311
  -366.057     0.311
  -365.957     0.314
  -365.858     0.315
  -365.758     0.320
  -365.659     0.326
  -365.559     0.329
  -365.459     0.328
  -365.360     0.327
  -365.260     0.329
  -365.160     0.328
  -365.061     0.327
  -364.961     0.325
  -364.862     0.322
  -364.762     0.319
  -364.662     0.311
  -364.563     0.309
  -364.463     0.306
  -364.364     0.305
  -364.264     0.307
  -364.164     0.305
  -364.065     0.306
  -363.965     0.307
  -363.865     0.309
  -363.766     0.311
  -363.666     0.313
  -363.567     0.313
  -363.467     0.315
  -363.368     0.319
  -363.268     0.327
  -363.168     0.328
  -363.069     0.328
  -362.969     0.331
  -362.869     0.329
  -362.770     0.329
  -362.670     0.330
  -362.571     0.328
  -362.471     0.325
  -362.371     0.324
  -362.272     0.316
  -362.172     0.309
  -362.073     0.307
  -361.973     0.306
  -361.873     0.308
  -361.774     0.306
  -361.674     0.305
  -361.575     0.306
  -361.475     0.306
  -361.375     0.308
  -361.276     0.311
  -361.176     0.311
  -361.076     0.317
  -360.977     0.322
  -360.877     0.326
  -360.778     0.329
  -360.678     0.329
  -360.578     0.328
  -360.479     0.328
  -360.379     0.328
  -360.280     0.330
  -360.180     0.328
  -360.080     0.328
  -359.981     0.327
  -359.881     0.325
  -359.782     0.325
  -359.682     0.322
  -359.582     0.318
  -359.483     0.310
  -359.383     0.308
  -359.284     0.309
  -359.184     0.309
  -359.084     0.308
  -358.985     0.307
  -358.885     0.307
  -358.785     0.310
  -358.686     0.311
  -358.586     0.310
  -358.487     0.311
  -358.387     0.311
  -358.287     0.311
  -358.188     0.310
  -358.088     0.309
  -357.989     0.308
  -357.889     0.309
  -357.789     0.312
  -357.690     0.312
  -357.590     0.313
  -357.490     0.314
  -357.391     0.316
  -357.291     0.317
  -357.192     0.324
  -357.092     0.329
  -356.993     0.331
  -356.893     0.332
  -356.793     0.331
  -356.694     0.331
  -356.594     0.329
  -356.494     0.327
  -356.395     0.324
  -356.295     0.319
  -356.196     0.311
  -356.096     0.309
  -355.996     0.309
  -355.897     0.308
  -355.797     0.309
  -355.698     0.310
  -355.598     0.310
  -355.498     0.312
  -355.399     0.313
  -355.299     0.314
  -355.200     0.314
  -355.100     0.313
  -355.000     0.314
  -354.901     0.312
  -354.801     0.311
  -354.701     0.311
  -354.602     0.311
  -354.502     0.310
  -354.403     0.312
  -354.303     0.314
  -354.203     0.315
  -354.104     0.316
  -354.004     0.316
  -353.905     0.316
  -353.805     0.316
  -353.705     0.318
  -353.606     0.318
  -353.506     0.317
  -353.407     0.317
  -353.307     0.318
  -353.207     0.320
  -353.108     0.318
  -353.008     0.320
  -352.909     0.321
  -352.809     0.321
  -352.709     0.325
  -352.610     0.330
  -352.510     0.331
  -352.410     0.332
  -352.311     0.331
  -352.211     0.331
  -352.112     0.329
  -352.012     0.326
  -351.912     0.320
  -351.813     0.313
  -351.713     0.310
  -351.614     0.309
  -351.514     0.310
  -351.414     0.308
  -351.315     0.309
  -351.215     0.311
  -351.115     0.311
  -351.016     0.313
  -350.916     0.313
  -350.817     0.314
  -350.717     0.315
  -350.618     0.314
  -350.518     0.314
  -350.418     0.312
  -350.319     0.312
  -350.219     0.313
  -350.119     0.313
  -350.020     0.314
  -349.920     0.314
  -349.821     0.313
  -349.721     0.312
  -349.621     0.314
  -349.522     0.313
  -349.422     0.314
  -349.323     0.315
  -349.223     0.315
  -349.123     0.316
  -349.024     0.314
  -348.924     0.313
  -348.825     0.313
  -348.725     0.313
  -348.625     0.313
  -348.526     0.313
  -348.426     0.312
  -348.326     0.314
  -348.227     0.314
  -348.127     0.317
  -348.028     0.316
  -347.928     0.318
  -347.828     0.318
  -347.729     0.318
  -347.629     0.319
  -347.530     0.320
  -347.430     0.319
  -347.330     0.319
  -347.231     0.318
  -347.131     0.319
  -347.032     0.317
  -346.932     0.315
  -346.832     0.314
  -346.733     0.314
  -346.633     0.314
  -346.534     0.315
  -346.434     0.313
  -346.334     0.313
  -346.235     0.313
  -346.135     0.314
  -346.035     0.314
  -345.936     0.315
  -345.836     0.314
  -345.737     0.315
  -345.637     0.314
  -345.537     0.313
  -345.438     0.313
  -345.338     0.315
  -345.239     0.315
  -345.139     0.315
  -345.039     0.316
  -344.940     0.317
  -344.840     0.318
  -344.740     0.317
  -344.641     0.320
  -344.541     0.319
  -344.442     0.322
  -344.342     0.326
  -344.243     0.331
  -344.143     0.335
  -344.043     0.335
  -343.944     0.337
  -343.844     0.336
  -343.744     0.337
  -343.645     0.335
  -343.545     0.333
  -343.446     0.331
  -343.346     0.327
  -343.246     0.318
  -343.147     0.315
  -343.047     0.314
  -342.948     0.315
  -342.848     0.313
  -342.748     0.314
  -342.649     0.315
  -342.549     0.316
  -342.450     0.314
  -342.350     0.315
  -342.250     0.315
  -342.151     0.316
  -342.051     0.317
  -341.951     0.316
  -341.852     0.316
  -341.752     0.317
  -341.653     0.317
  -341.553     0.316
  -341.453     0.318
  -341.354     0.316
  -341.254     0.318
  -341.155     0.318
  -341.055     0.317
  -340.955     0.319
  -340.856     0.317
  -340.756     0.317
  -340.657     0.317
  -340.557     0.316
  -340.457     0.316
  -340.358     0.316
  -340.258     0.314
  -340.159     0.316
  -340.059     0.317
  -339.959     0.319
  -339.860     0.320
  -339.760     0.322
  -339.660     0.328
  -339.561     0.334
  -339.461     0.338
  -339.362     0.338
  -339.262     0.339
  -339.162     0.337
  -339.063     0.337
  -338.963     0.336
  -338.864     0.336
  -338.764     0.336
  -338.664     0.335
  -338.565     0.332
  -338.465     0.327
  -338.365     0.320
  -338.266     0.317
  -338.166     0.316
  -338.067     0.316
  -337.967     0.318
  -337.868     0.317
  -337.768     0.316
  -337.668     0.316
  -337.569     0.316
  -337.469     0.318
  -337.369     0.317
  -337.270     0.316
  -337.170     0.315
  -337.071     0.317
  -336.971     0.318
  -336.871     0.320
  -336.772     0.323
  -336.672     0.329
  -336.573     0.335
  -336.473     0.338
  -336.373     0.338
  -336.274     0.339
  -336.174     0.340
  -336.075     0.339
  -335.975     0.334
  -335.875     0.333
  -335.776     0.326
  -335.676     0.319
  -335.576     0.316
  -335.477     0.317
  -335.377     0.316
  -335.278     0.314
  -335.178     0.315
  -335.078     0.317
  -334.979     0.318
  -334.879     0.318
  -334.780     0.319
  -334.680     0.320
  -334.580     0.320
  -334.481     0.320
  -334.381     0.321
  -334.282     0.321
  -334.182     0.323
  -334.082     0.325
  -333.983     0.325
  -333.883     0.324
  -333.784     0.326
  -333.684     0.326
  -333.584     0.328
  -333.485     0.327
  -333.385     0.327
  -333.285     0.328
  -333.186     0.328
  -333.086     0.327
  -332.987     0.328
  -332.887     0.327
  -332.787     0.325
  -332.688     0.323
  -332.588     0.320
  -332.489     0.317
  -332.389     0.316
  -332.289     0.317
  -332.190     0.318
  -332.090     0.317
  -331.990     0.318
  -331.891     0.318
  -331.791     0.319
  -331.692     0.321
  -331.592     0.324
  -331.493     0.326
  -331.393     0.330
  -331.293     0.336
  -331.194     0.339
  -331.094     0.341
  -330.994     0.341
  -330.895     0.340
  -330.795     0.341
  -330.696     0.339
  -330.596     0.335
  -330.496     0.332
  -330.397     0.323
  -330.297     0.319
  -330.198     0.320
  -330.098     0.316
  -329.998     0.319
  -329.899     0.320
  -329.799     0.320
  -329.700     0.322
  -329.600     0.321
  -329.500     0.321
  -329.401     0.320
  -329.301     0.320
  -329.201     0.320
  -329.102     0.321
  -329.002     0.322
  -328.903     0.321
  -328.803     0.319
  -328.703     0.322
  -328.604     0.320
  -328.504     0.321
  -328.405     0.321
  -328.305     0.321
  -328.205     0.320
  -328.106     0.321
  -328.006     0.323
  -327.907     0.323
  -327.807     0.325
  -327.707     0.324
  -327.608     0.327
  -327.508     0.327
  -327.409     0.328
  -327.309     0.327
  -327.209     0.327
  -327.110     0.327
  -327.010     0.327
  -326.910     0.324
  -326.811     0.323
  -326.711     0.321
  -326.612     0.323
  -326.512     0.322
  -326.412     0.323
  -326.313     0.323
  -326.213     0.324
  -326.114     0.322
  -326.014     0.323
  -325.914     0.323
  -325.815     0.323
  -325.715     0.323
  -325.615     0.324
  -325.516     0.321
  -325.416     0.323
  -325.317     0.326
  -325.217     0.326
  -325.118     0.327
  -325.018     0.327
  -324.918     0.327
  -324.819     0.328
  -324.719     0.328
  -324.619     0.329
  -324.520     0.330
  -324.420     0.333
  -324.321     0.339
  -324.221     0.341
  -324.121     0.342
  -324.022     0.343
  -323.922     0.343
  -323.823     0.343
  -323.723     0.342
  -323.623     0.342
  -323.524     0.341
  -323.424     0.340
  -323.325     0.339
  -323.225     0.335
  -323.125     0.329
  -323.026     0.324
  -322.926     0.322
  -322.826     0.322
  -322.727     0.321
  -322.627     0.321
  -322.528     0.323
  -322.428     0.324
  -322.328     0.326
  -322.229     0.326
  -322.129     0.327
  -322.030     0.327
  -321.930     0.326
  -321.830     0.326
  -321.731     0.326
  -321.631     0.324
  -321.532     0.322
  -321.432     0.322
  -321.332     0.324
  -321.233     0.325
  -321.133     0.326
  -321.034     0.328
  -320.934     0.327
  -320.834     0.330
  -320.735     0.332
  -320.635     0.334
  -320.535     0.340
  -320.436     0.343
  -320.336     0.343
  -320.237     0.344
  -320.137     0.344
  -320.037     0.342
  -319.938     0.342
  -319.838     0.341
  -319.739     0.338
  -319.639     0.334
  -319.539     0.326
  -319.440     0.325
  -319.340     0.323
  -319.240     0.324
  -319.141     0.322
  -319.041     0.325
  -318.942     0.325
  -318.842     0.324
  -318.743     0.325
  -318.643     0.324
  -318.543     0.324
  -318.444     0.324
  -318.344     0.324
  -318.244     0.325
  -318.145     0.328
  -318.045     0.330
  -317.946     0.332
  -317.846     0.333
  -317.746     0.341
  -317.647     0.346
  -317.547     0.345
  -317.448     0.345
  -317.348     0.345
  -317.248     0.344
  -317.149     0.344
  -317.049     0.342
  -316.950     0.340
  -316.850     0.335
  -316.750     0.327
  -316.651     0.325
  -316.551     0.325
  -316.451     0.325
  -316.352     0.326
  -316.252     0.327
  -316.153     0.328
  -316.053     0.331
  -315.953     0.332
  -315.854     0.336
  -315.754     0.344
  -315.655     0.344
  -315.555     0.347
  -315.455     0.347
  -315.356     0.347
  -315.256     0.346
  -315.157     0.344
  -315.057     0.342
  -314.957     0.339
  -314.858     0.331
  -314.758     0.326
  -314.659     0.325
  -314.559     0.324
  -314.459     0.324
  -314.360     0.325
  -314.260     0.325
  -314.160     0.327
  -314.061     0.327
  -313.961     0.327
  -313.862     0.325
  -313.762     0.327
  -313.662     0.327
  -313.563     0.326
  -313.463     0.327
  -313.364     0.328
  -313.264     0.329
  -313.164     0.329
  -313.065     0.329
  -312.965     0.330
  -312.865     0.331
  -312.766     0.333
  -312.666     0.333
  -312.567     0.332
  -312.467     0.332
  -312.368     0.332
  -312.268     0.333
  -312.168     0.332
  -312.069     0.332
  -311.969     0.332
  -311.869     0.330
  -311.770     0.329
  -311.670     0.327
  -311.571     0.326
  -311.471     0.327
  -311.371     0.326
  -311.272     0.328
  -311.172     0.329
  -311.073     0.330
  -310.973     0.330
  -310.873     0.332
  -310.774     0.334
  -310.674     0.337
  -310.575     0.342
  -310.475     0.347
  -310.375     0.349
  -310.276     0.348
  -310.176     0.348
  -310.076     0.350
  -309.977     0.350
  -309.877     0.348
  -309.778     0.349
  -309.678     0.349
  -309.578     0.346
  -309.479     0.343
  -309.379     0.339
  -309.280     0.330
  -309.180     0.328
  -309.080     0.327
  -308.981     0.329
  -308.881     0.329
  -308.782     0.329
  -308.682     0.328
  -308.582     0.329
  -308.483     0.330
  -308.383     0.331
  -308.284     0.331
  -308.184     0.331
  -308.084     0.332
  -307.985     0.330
  -307.885     0.331
  -307.785     0.329
  -307.686     0.329
  -307.586     0.328
  -307.487     0.331
  -307.387     0.332
  -307.287     0.332
  -307.188     0.331
  -307.088     0.333
  -306.989     0.335
  -306.889     0.334
  -306.789     0.336
  -306.690     0.336
  -306.590     0.336
  -306.490     0.336
  -306.391     0.337
  -306.291     0.336
  -306.192     0.335
  -306.092     0.334
  -305.993     0.334
  -305.893     0.334
  -305.793     0.331
  -305.694     0.331
  -305.594     0.331
  -305.494     0.328
  -305.395     0.329
  -305.295     0.329
  -305.196     0.331
  -305.096     0.331
  -304.996     0.331
  -304.897     0.330
  -304.797     0.330
  -304.698     0.330
  -304.598     0.330
  -304.498     0.330
  -304.399     0.330
  -304.299     0.330
  -304.200     0.333
  -304.100     0.334
  -304.000     0.335
  -303.901     0.336
  -303.801     0.339
  -303.701     0.348
  -303.602     0.350
  -303.502     0.353
  -303.403     0.350
  -303.303     0.350
  -303.203     0.350
  -303.104     0.349
  -303.004     0.347
  -302.905     0.345
  -302.805     0.338
  -302.705     0.331
  -302.606     0.330
  -302.506     0.330
  -302.407     0.330
  -302.307     0.332
  -302.207     0.331
  -302.108     0.332
  -302.008     0.333
  -301.909     0.333
  -301.809     0.335
  -301.709     0.336
  -301.610     0.335
  -301.510     0.335
  -301.410     0.334
  -301.311     0.334
  -301.211     0.333
  -301.112     0.334
  -301.012     0.333
  -300.912     0.333
  -300.813     0.334
  -300.713     0.335
  -300.614     0.336
  -300.514     0.337
  -300.414     0.338
  -300.315     0.341
  -300.215     0.347
  -300.115     0.351
  -300.016     0.353
  -299.916     0.354
  -299.817     0.355
  -299.717     0.354
  -299.618     0.353
  -299.518     0.352
  -299.418     0.348
  -299.319     0.343
  -299.219     0.334
  -299.119     0.330
  -299.020     0.331
  -298.920     0.331
  -298.821     0.331
  -298.721     0.333
  -298.621     0.335
  -298.522     0.333
  -298.422     0.332
  -298.323     0.334
  -298.223     0.333
  -298.123     0.333
  -298.024     0.332
  -297.924     0.334
  -297.825     0.335
  -297.725     0.336
  -297.625     0.338
  -297.526     0.339
  -297.426     0.341
  -297.326     0.347
  -297.227     0.352
  -297.127     0.353
  -297.028     0.356
  -296.928     0.355
  -296.828     0.355
  -296.729     0.354
  -296.629     0.352
  -296.530     0.349
  -296.430     0.341
  -296.330     0.335
  -296.231     0.334
  -296.131     0.333
  -296.032     0.332
  -295.932     0.333
  -295.832     0.333
  -295.733     0.336
  -295.633     0.338
  -295.534     0.338
  -295.434     0.340
  -295.334     0.341
  -295.235     0.341
  -295.135     0.342
  -295.035     0.346
  -294.936     0.351
  -294.836     0.353
  -294.737     0.353
  -294.637     0.354
  -294.537     0.353
  -294.438     0.352
  -294.338     0.351
  -294.239     0.350
  -294.139     0.348
  -294.039     0.342
  -293.940     0.335
  -293.840     0.333
  -293.740     0.333
  -293.641     0.333
  -293.541     0.334
  -293.442     0.335
  -293.342     0.336
  -293.243     0.336
  -293.143     0.338
  -293.043     0.338
  -292.944     0.337
  -292.844     0.336
  -292.744     0.335
  -292.645     0.336
  -292.545     0.335
  -292.446     0.336
  -292.346     0.336
  -292.246     0.335
  -292.147     0.334
  -292.047     0.333
  -291.948     0.335
  -291.848     0.336
  -291.748     0.337
  -291.649     0.339
  -291.549     0.340
  -291.450     0.340
  -291.350     0.340
  -291.250     0.342
  -291.151     0.341
  -291.051     0.342
  -290.951     0.344
  -290.852     0.345
  -290.752     0.350
  -290.653     0.354
  -290.553     0.356
  -290.453     0.354
  -290.354     0.355
  -290.254     0.354
  -290.155     0.355
  -290.055     0.355
  -289.955     0.355
  -289.856     0.354
  -289.756     0.352
  -289.657     0.350
  -289.557     0.348
  -289.457     0.339
  -289.358     0.337
  -289.258     0.336
  -289.159     0.335
  -289.059     0.335
  -288.959     0.336
  -288.860     0.337
  -288.760     0.336
  -288.660     0.336
  -288.561     0.338
  -288.461     0.337
  -288.362     0.337
  -288.262     0.337
  -288.162     0.337
  -288.063     0.337
  -287.963     0.337
  -287.864     0.338
  -287.764     0.336
  -287.664     0.337
  -287.565     0.336
  -287.465     0.336
  -287.365     0.337
  -287.266     0.339
  -287.166     0.337
  -287.067     0.338
  -286.967     0.337
  -286.868     0.339
  -286.768     0.338
  -286.668     0.337
  -286.569     0.339
  -286.469     0.340
  -286.369     0.342
  -286.270     0.343
  -286.170     0.344
  -286.071     0.344
  -285.971     0.343
  -285.871     0.343
  -285.772     0.345
  -285.672     0.345
  -285.573     0.348
  -285.473     0.355
  -285.373     0.358
  -285.274     0.358
  -285.174     0.358
  -285.075     0.357
  -284.975     0.356
  -284.875     0.354
  -284.776     0.352
  -284.676     0.348
  -284.576     0.341
  -284.477     0.337
  -284.377     0.337
  -284.278     0.337
  -284.178     0.337
  -284.078     0.337
  -283.979     0.337
  -283.879     0.336
  -283.780     0.339
  -283.680     0.338
  -283.580     0.338
  -283.481     0.337
  -283.381     0.338
  -283.282     0.339
  -283.182     0.340
  -283.082     0.339
  -282.983     0.340
  -282.883     0.337
  -282.784     0.339
  -282.684     0.338
  -282.584     0.339
  -282.485     0.340
  -282.385     0.342
  -282.285     0.342
  -282.186     0.344
  -282.086     0.347
  -281.987     0.351
  -281.887     0.358
  -281.787     0.360
  -281.688     0.361
  -281.588     0.358
  -281.489     0.356
  -281.389     0.356
  -281.289     0.355
  -281.190     0.354
  -281.090     0.350
  -280.990     0.344
  -280.891     0.341
  -280.791     0.340
  -280.692     0.340
  -280.592     0.339
  -280.493     0.340
  -280.393     0.340
  -280.293     0.338
  -280.194     0.340
  -280.094     0.341
  -279.994     0.342
  -279.895     0.341
  -279.795     0.341
  -279.696     0.342
  -279.596     0.343
  -279.496     0.345
  -279.397     0.346
  -279.297     0.346
  -279.198     0.347
  -279.098     0.347
  -278.998     0.351
  -278.899     0.357
  -278.799     0.360
  -278.700     0.362
  -278.600     0.362
  -278.500     0.362
  -278.401     0.361
  -278.301     0.361
  -278.201     0.358
  -278.102     0.352
  -278.002     0.345
  -277.903     0.341
  -277.803     0.338
  -277.703     0.338
  -277.604     0.341
  -277.504     0.340
  -277.405     0.343
  -277.305     0.342
  -277.205     0.343
  -277.106     0.341
  -277.006     0.342
  -276.907     0.342
  -276.807     0.341
  -276.707     0.340
  -276.608     0.340
  -276.508     0.341
  -276.409     0.341
  -276.309     0.341
  -276.209     0.342
  -276.110     0.343
  -276.010     0.344
  -275.910     0.345
  -275.811     0.347
  -275.711     0.349
  -275.612     0.352
  -275.512     0.359
  -275.412     0.362
  -275.313     0.361
  -275.213     0.361
  -275.114     0.361
  -275.014     0.361
  -274.914     0.360
  -274.815     0.361
  -274.715     0.361
  -274.615     0.361
  -274.516     0.360
  -274.416     0.358
  -274.317     0.356
  -274.217     0.354
  -274.118     0.345
  -274.018     0.342
  -273.918     0.341
  -273.819     0.341
  -273.719     0.340
  -273.619     0.341
  -273.520     0.343
  -273.420     0.344
  -273.321     0.345
  -273.221     0.346
  -273.121     0.347
  -273.022     0.350
  -272.922     0.351
  -272.823     0.358
  -272.723     0.361
  -272.623     0.363
  -272.524     0.363
  -272.424     0.362
  -272.325     0.361
  -272.225     0.362
  -272.125     0.363
  -272.026     0.361
  -271.926     0.357
  -271.826     0.354
  -271.727     0.345
  -271.627     0.342
  -271.528     0.341
  -271.428     0.341
  -271.328     0.342
  -271.229     0.342
  -271.129     0.342
  -271.030     0.343
  -270.930     0.341
  -270.830     0.343
  -270.731     0.344
  -270.631     0.343
  -270.532     0.344
  -270.432     0.344
  -270.332     0.343
  -270.233     0.343
  -270.133     0.343
  -270.034     0.344
  -269.934     0.343
  -269.834     0.343
  -269.735     0.346
  -269.635     0.346
  -269.535     0.348
  -269.436     0.350
  -269.336     0.352
  -269.237     0.356
  -269.137     0.362
  -269.037     0.364
  -268.938     0.364
  -268.838     0.366
  -268.739     0.366
  -268.639     0.365
  -268.539     0.364
  -268.440     0.363
  -268.340     0.360
  -268.240     0.356
  -268.141     0.348
  -268.041     0.344
  -267.942     0.342
  -267.842     0.343
  -267.743     0.343
  -267.643     0.344
  -267.543     0.343
  -267.444     0.343
  -267.344     0.343
  -267.244     0.344
  -267.145     0.344
  -267.045     0.345
  -266.946     0.347
  -266.846     0.346
  -266.746     0.346
  -266.647     0.348
  -266.547     0.347
  -266.448     0.348
  -266.348     0.347
  -266.248     0.348
  -266.149     0.346
  -266.049     0.345
  -265.950     0.346
  -265.850     0.345
  -265.750     0.344
  -265.651     0.344
  -265.551     0.345
  -265.451     0.345
  -265.352     0.347
  -265.252     0.346
  -265.153     0.346
  -265.053     0.346
  -264.953     0.346
  -264.854     0.346
  -264.754     0.346
  -264.655     0.347
  -264.555     0.346
  -264.455     0.348
  -264.356     0.348
  -264.256     0.348
  -264.157     0.346
  -264.057     0.346
  -263.957     0.348
  -263.858     0.349
  -263.758     0.349
  -263.659     0.348
  -263.559     0.347
  -263.459     0.346
  -263.360     0.347
  -263.260     0.348
  -263.160     0.348
  -263.061     0.348
  -262.961     0.348
  -262.862     0.349
  -262.762     0.348
  -262.662     0.348
  -262.563     0.347
  -262.463     0.347
  -262.364     0.347
  -262.264     0.346
  -262.164     0.345
  -262.065     0.346
  -261.965     0.347
  -261.865     0.348
  -261.766     0.346
  -261.666     0.349
  -261.567     0.348
  -261.467     0.349
  -261.368     0.348
  -261.268     0.346
  -261.168     0.348
  -261.069     0.347
  -260.969     0.349
  -260.869     0.350
  -260.770     0.351
  -260.670     0.349
  -260.571     0.350
  -260.471     0.348
  -260.371     0.348
  -260.272     0.347
  -260.172     0.348
  -260.073     0.348
  -259.973     0.347
  -259.873     0.348
  -259.774     0.348
  -259.674     0.347
  -259.575     0.349
  -259.475     0.350
  -259.375     0.352
  -259.276     0.353
  -259.176     0.355
  -259.076     0.357
  -258.977     0.363
  -258.877     0.366
  -258.778     0.366
  -258.678     0.368
  -258.578     0.369
  -258.479     0.368
  -258.379     0.368
  -258.280     0.367
  -258.180     0.366
  -258.080     0.363
  -257.981     0.359
  -257.881     0.350
  -257.782     0.348
  -257.682     0.348
  -257.582     0.348
  -257.483     0.346
  -257.383     0.346
  -257.284     0.348
  -257.184     0.350
  -257.084     0.348
  -256.985     0.349
  -256.885     0.350
  -256.785     0.350
  -256.686     0.353
  -256.586     0.354
  -256.487     0.360
  -256.387     0.366
  -256.287     0.369
  -256.188     0.370
  -256.088     0.371
  -255.989     0.371
  -255.889     0.370
  -255.789     0.366
  -255.690     0.363
  -255.590     0.360
  -255.490     0.352
  -255.391     0.350
  -255.291     0.348
  -255.192     0.349
  -255.092     0.348
  -254.993     0.349
  -254.893     0.348
  -254.793     0.349
  -254.694     0.348
  -254.594     0.349
  -254.494     0.351
  -254.395     0.352
  -254.295     0.353
  -254.196     0.352
  -254.096     0.352
  -253.996     0.351
  -253.897     0.348
  -253.797     0.349
  -253.698     0.350
  -253.598     0.348
  -253.498     0.349
  -253.399     0.352
  -253.299     0.349
  -253.200     0.350
  -253.100     0.352
  -253.000     0.353
  -252.901     0.353
  -252.801     0.354
  -252.701     0.355
  -252.602     0.355
  -252.502     0.355
  -252.403     0.354
  -252.303     0.355
  -252.203     0.355
  -252.104     0.354
  -252.004     0.352
  -251.905     0.350
  -251.805     0.352
  -251.705     0.351
  -251.606     0.352
  -251.506     0.354
  -251.407     0.354
  -251.307     0.354
  -251.207     0.354
  -251.108     0.353
  -251.008     0.351
  -250.909     0.351
  -250.809     0.350
  -250.709     0.352
  -250.610     0.353
  -250.510     0.353
  -250.410     0.355
  -250.311     0.356
  -250.211     0.356
  -250.112     0.357
  -250.012     0.358
  -249.912     0.361
  -249.813     0.366
  -249.713     0.369
  -249.614     0.372
  -249.514     0.373
  -249.414     0.372
  -249.315     0.372
  -249.215     0.370
  -249.115     0.366
  -249.016     0.361
  -248.916     0.353
  -248.817     0.352
  -248.717     0.350
  -248.618     0.350
  -248.518     0.351
  -248.418     0.350
  -248.319     0.350
  -248.219     0.350
  -248.119     0.351
  -248.020     0.351
  -247.920     0.352
  -247.821     0.353
  -247.721     0.352
  -247.621     0.352
  -247.522     0.352
  -247.422     0.352
  -247.323     0.352
  -247.223     0.351
  -247.123     0.353
  -247.024     0.352
  -246.924     0.353
  -246.825     0.352
  -246.725     0.353
  -246.625     0.352
  -246.526     0.353
  -246.426     0.353
  -246.326     0.355
  -246.227     0.356
  -246.127     0.357
  -246.028     0.358
  -245.928     0.359
  -245.828     0.360
  -245.729     0.361
  -245.629     0.367
  -245.530     0.372
  -245.430     0.373
  -245.330     0.373
  -245.231     0.372
  -245.131     0.372
  -245.032     0.370
  -244.932     0.369
  -244.832     0.365
  -244.733     0.358
  -244.633     0.354
  -244.534     0.353
  -244.434     0.352
  -244.334     0.353
  -244.235     0.354
  -244.135     0.354
  -244.035     0.354
  -243.936     0.355
  -243.836     0.355
  -243.737     0.355
  -243.637     0.354
  -243.537     0.355
  -243.438     0.355
  -243.338     0.355
  -243.239     0.354
  -243.139     0.355
  -243.039     0.354
  -242.940     0.354
  -242.840     0.355
  -242.740     0.354
  -242.641     0.354
  -242.541     0.355
  -242.442     0.357
  -242.342     0.357
  -242.243     0.357
  -242.143     0.357
  -242.043     0.355
  -241.944     0.354
  -241.844     0.352
  -241.744     0.354
  -241.645     0.355
  -241.545     0.355
  -241.446     0.356
  -241.346     0.358
  -241.246     0.359
  -241.147     0.363
  -241.047     0.369
  -240.948     0.374
  -240.848     0.375
  -240.748     0.376
  -240.649     0.376
  -240.549     0.375
  -240.450     0.373
  -240.350     0.372
  -240.250     0.367
  -240.151     0.359
  -240.051     0.354
  -239.951     0.354
  -239.852     0.354
  -239.752     0.354
  -239.653     0.355
  -239.553     0.355
  -239.453     0.356
  -239.354     0.355
  -239.254     0.356
  -239.155     0.356
  -239.055     0.354
  -238.955     0.355
  -238.856     0.354
  -238.756     0.355
  -238.657     0.356
  -238.557     0.357
  -238.457     0.357
  -238.358     0.358
  -238.258     0.360
  -238.159     0.360
  -238.059     0.360
  -237.959     0.360
  -237.860     0.360
  -237.760     0.359
  -237.660     0.356
  -237.561     0.357
  -237.461     0.356
  -237.362     0.357
  -237.262     0.356
  -237.162     0.356
  -237.063     0.355
  -236.963     0.354
  -236.864     0.358
  -236.764     0.359
  -236.664     0.359
  -236.565     0.361
  -236.465     0.364
  -236.365     0.367
  -236.266     0.374
  -236.166     0.375
  -236.067     0.375
  -235.967     0.377
  -235.868     0.376
  -235.768     0.375
  -235.668     0.375
  -235.569     0.374
  -235.469     0.372
  -235.369     0.367
  -235.270     0.358
  -235.170     0.356
  -235.071     0.353
  -234.971     0.356
  -234.871     0.356
  -234.772     0.355
  -234.672     0.354
  -234.573     0.355
  -234.473     0.356
  -234.373     0.357
  -234.274     0.356
  -234.174     0.356
  -234.075     0.357
  -233.975     0.358
  -233.875     0.358
  -233.776     0.361
  -233.676     0.362
  -233.576     0.361
  -233.477     0.359
  -233.377     0.358
  -233.278     0.357
  -233.178     0.358
  -233.078     0.357
  -232.979     0.358
  -232.879     0.358
  -232.780     0.358
  -232.680     0.358
  -232.580     0.358
  -232.481     0.357
  -232.381     0.357
  -232.282     0.357
  -232.182     0.357
  -232.082     0.358
  -231.983     0.358
  -231.883     0.358
  -231.784     0.360
  -231.684     0.360
  -231.584     0.360
  -231.485     0.361
  -231.385     0.361
  -231.285     0.361
  -231.186     0.362
  -231.086     0.361
  -230.987     0.362
  -230.887     0.360
  -230.787     0.360
  -230.688     0.358
  -230.588     0.357
  -230.489     0.357
  -230.389     0.357
  -230.289     0.358
  -230.190     0.358
  -230.090     0.359
  -229.990     0.357
  -229.891     0.360
  -229.791     0.358
  -229.692     0.360
  -229.592     0.360
  -229.493     0.359
  -229.393     0.359
  -229.293     0.358
  -229.194     0.360
  -229.094     0.359
  -228.994     0.360
  -228.895     0.359
  -228.795     0.358
  -228.696     0.360
  -228.596     0.362
  -228.496     0.362
  -228.397     0.363
  -228.297     0.366
  -228.198     0.374
  -228.098     0.379
  -227.998     0.380
  -227.899     0.382
  -227.799     0.381
  -227.700     0.379
  -227.600     0.376
  -227.500     0.374
  -227.401     0.364
  -227.301     0.360
  -227.201     0.357
  -227.102     0.359
  -227.002     0.360
  -226.903     0.361
  -226.803     0.363
  -226.703     0.366
  -226.604     0.367
  -226.504     0.376
  -226.405     0.380
  -226.305     0.381
  -226.205     0.380
  -226.106     0.381
  -226.006     0.380
  -225.907     0.380
  -225.807     0.379
  -225.707     0.378
  -225.608     0.377
  -225.508     0.375
  -225.409     0.368
  -225.309     0.363
  -225.209     0.361
  -225.110     0.360
  -225.010     0.360
  -224.910     0.359
  -224.811     0.360
  -224.711     0.360
  -224.612     0.362
  -224.512     0.359
  -224.412     0.359
  -224.313     0.360
  -224.213     0.361
  -224.114     0.361
  -224.014     0.363
  -223.914     0.361
  -223.815     0.363
  -223.715     0.361
  -223.615     0.362
  -223.516     0.362
  -223.416     0.361
  -223.317     0.361
  -223.217     0.360
  -223.118     0.363
  -223.018     0.362
  -222.918     0.361
  -222.819     0.362
  -222.719     0.361
  -222.619     0.361
  -222.520     0.363
  -222.420     0.365
  -222.321     0.365
  -222.221     0.368
  -222.121     0.370
  -222.022     0.372
  -221.922     0.376
  -221.823     0.381
  -221.723     0.382
  -221.623     0.383
  -221.524     0.384
  -221.424     0.383
  -221.325     0.380
  -221.225     0.378
  -221.125     0.375
  -221.026     0.366
  -220.926     0.362
  -220.826     0.361
  -220.727     0.361
  -220.627     0.360
  -220.528     0.361
  -220.428     0.359
  -220.328     0.362
  -220.229     0.362
  -220.129     0.363
  -220.030     0.365
  -219.930     0.368
  -219.830     0.368
  -219.731     0.372
  -219.631     0.381
  -219.532     0.382
  -219.432     0.384
  -219.332     0.385
  -219.233     0.385
  -219.133     0.385
  -219.034     0.384
  -218.934     0.381
  -218.834     0.379
  -218.735     0.373
  -218.635     0.366
  -218.535     0.361
  -218.436     0.362
  -218.336     0.361
  -218.237     0.361
  -218.137     0.362
  -218.037     0.361
  -217.938     0.362
  -217.838     0.362
  -217.739     0.364
  -217.639     0.363
  -217.539     0.362
  -217.440     0.363
  -217.340     0.364
  -217.240     0.365
  -217.141     0.364
  -217.041     0.363
  -216.942     0.364
  -216.842     0.363
  -216.743     0.363
  -216.643     0.364
  -216.543     0.366
  -216.444     0.366
  -216.344     0.366
  -216.244     0.367
  -216.145     0.366
  -216.045     0.368
  -215.946     0.367
  -215.846     0.368
  -215.746     0.366
  -215.647     0.366
  -215.547     0.364
  -215.448     0.363
  -215.348     0.365
  -215.248     0.364
  -215.149     0.364
  -215.049     0.365
  -214.950     0.364
  -214.850     0.365
  -214.750     0.367
  -214.651     0.365
  -214.551     0.364
  -214.451     0.365
  -214.352     0.366
  -214.252     0.365
  -214.153     0.364
  -214.053     0.365
  -213.953     0.366
  -213.854     0.366
  -213.754     0.366
  -213.655     0.365
  -213.555     0.366
  -213.455     0.366
  -213.356     0.366
  -213.256     0.366
  -213.157     0.367
  -213.057     0.365
  -212.957     0.366
  -212.858     0.367
  -212.758     0.366
  -212.659     0.365
  -212.559     0.366
  -212.459     0.366
  -212.360     0.365
  -212.260     0.364
  -212.160     0.365
  -212.061     0.366
  -211.961     0.366
  -211.862     0.368
  -211.762     0.369
  -211.662     0.368
  -211.563     0.369
  -211.463     0.371
  -211.364     0.371
  -211.264     0.371
  -211.164     0.372
  -211.065     0.375
  -210.965     0.381
  -210.865     0.385
  -210.766     0.386
  -210.666     0.386
  -210.567     0.387
  -210.467     0.385
  -210.368     0.385
  -210.268     0.382
  -210.168     0.381
  -210.069     0.374
  -209.969     0.367
  -209.869     0.365
  -209.770     0.365
  -209.670     0.364
  -209.571     0.365
  -209.471     0.366
  -209.371     0.365
  -209.272     0.366
  -209.172     0.366
  -209.073     0.366
  -208.973     0.366
  -208.873     0.366
  -208.774     0.365
  -208.674     0.367
  -208.575     0.367
  -208.475     0.367
  -208.375     0.367
  -208.276     0.367
  -208.176     0.368
  -208.076     0.367
  -207.977     0.368
  -207.877     0.370
  -207.778     0.369
  -207.678     0.368
  -207.578     0.369
  -207.479     0.367
  -207.379     0.367
  -207.280     0.369
  -207.180     0.366
  -207.080     0.369
  -206.981     0.369
  -206.881     0.369
  -206.782     0.369
  -206.682     0.369
  -206.582     0.370
  -206.483     0.371
  -206.383     0.371
  -206.284     0.369
  -206.184     0.368
  -206.084     0.368
  -205.985     0.369
  -205.885     0.370
  -205.785     0.370
  -205.686     0.372
  -205.586     0.372
  -205.487     0.374
  -205.387     0.373
  -205.287     0.372
  -205.188     0.371
  -205.088     0.370
  -204.989     0.367
  -204.889     0.367
  -204.789     0.367
  -204.690     0.368
  -204.590     0.368
  -204.490     0.369
  -204.391     0.369
  -204.291     0.369
  -204.192     0.370
  -204.092     0.371
  -203.993     0.370
  -203.893     0.367
  -203.793     0.370
  -203.694     0.369
  -203.594     0.369
  -203.494     0.367
  -203.395     0.368
  -203.295     0.369
  -203.196     0.370
  -203.096     0.371
  -202.996     0.373
  -202.897     0.373
  -202.797     0.375
  -202.698     0.375
  -202.598     0.374
  -202.498     0.376
  -202.399     0.378
  -202.299     0.383
  -202.200     0.386
  -202.100     0.389
  -202.000     0.389
  -201.901     0.389
  -201.801     0.387
  -201.701     0.385
  -201.602     0.383
  -201.502     0.380
  -201.403     0.371
  -201.303     0.370
  -201.203     0.367
  -201.104     0.367
  -201.004     0.367
  -200.905     0.368
  -200.805     0.368
  -200.705     0.369
  -200.606     0.369
  -200.506     0.370
  -200.407     0.371
  -200.307     0.373
  -200.207     0.375
  -200.108     0.376
  -200.008     0.377
  -199.909     0.383
  -199.809     0.387
  -199.709     0.390
  -199.610     0.391
  -199.510     0.390
  -199.410     0.391
  -199.311     0.390
  -199.211     0.386
  -199.112     0.382
  -199.012     0.375
  -198.912     0.370
  -198.813     0.369
  -198.713     0.368
  -198.614     0.368
  -198.514     0.368
  -198.414     0.369
  -198.315     0.370
  -198.215     0.370
  -198.115     0.370
  -198.016     0.370
  -197.916     0.370
  -197.817     0.372
  -197.717     0.371
  -197.618     0.372
  -197.518     0.372
  -197.418     0.371
  -197.319     0.372
  -197.219     0.371
  -197.119     0.372
  -197.020     0.372
  -196.920     0.372
  -196.821     0.371
  -196.721     0.371
  -196.621     0.372
  -196.522     0.372
  -196.422     0.371
  -196.323     0.372
  -196.223     0.371
  -196.123     0.373
  -196.024     0.373
  -195.924     0.373
  -195.825     0.373
  -195.725     0.372
  -195.625     0.372
  -195.526     0.373
  -195.426     0.375
  -195.326     0.377
  -195.227     0.378
  -195.127     0.382
  -195.028     0.388
  -194.928     0.394
  -194.828     0.393
  -194.729     0.395
  -194.629     0.394
  -194.530     0.391
  -194.430     0.391
  -194.330     0.383
  -194.231     0.375
  -194.131     0.373
  -194.032     0.372
  -193.932     0.371
  -193.832     0.371
  -193.733     0.371
  -193.633     0.373
  -193.534     0.372
  -193.434     0.373
  -193.334     0.375
  -193.235     0.374
  -193.135     0.375
  -193.035     0.373
  -192.936     0.375
  -192.836     0.374
  -192.737     0.373
  -192.637     0.372
  -192.537     0.370
  -192.438     0.371
  -192.338     0.372
  -192.239     0.371
  -192.139     0.372
  -192.039     0.373
  -191.940     0.375
  -191.840     0.377
  -191.740     0.379
  -191.641     0.380
  -191.541     0.383
  -191.442     0.390
  -191.342     0.393
  -191.243     0.392
  -191.143     0.393
  -191.043     0.394
  -190.944     0.394
  -190.844     0.394
  -190.744     0.393
  -190.645     0.392
  -190.545     0.393
  -190.446     0.390
  -190.346     0.387
  -190.246     0.382
  -190.147     0.375
  -190.047     0.372
  -189.948     0.373
  -189.848     0.372
  -189.748     0.372
  -189.649     0.371
  -189.549     0.371
  -189.450     0.372
  -189.350     0.372
  -189.250     0.373
  -189.151     0.373
  -189.051     0.375
  -188.951     0.375
  -188.852     0.377
  -188.752     0.379
  -188.653     0.380
  -188.553     0.387
  -188.453     0.392
  -188.354     0.394
  -188.254     0.394
  -188.155     0.395
  -188.055     0.394
  -187.955     0.392
  -187.856     0.389
  -187.756     0.384
  -187.657     0.376
  -187.557     0.373
  -187.457     0.372
  -187.358     0.372
  -187.258     0.373
  -187.159     0.371
  -187.059     0.372
  -186.959     0.373
  -186.860     0.374
  -186.760     0.375
  -186.660     0.376
  -186.561     0.376
  -186.461     0.375
  -186.362     0.376
  -186.262     0.376
  -186.162     0.376
  -186.063     0.376
  -185.963     0.376
  -185.864     0.375
  -185.764     0.375
  -185.664     0.376
  -185.565     0.376
  -185.465     0.378
  -185.365     0.376
  -185.266     0.377
  -185.166     0.376
  -185.067     0.378
  -184.967     0.376
  -184.868     0.375
  -184.768     0.375
  -184.668     0.374
  -184.569     0.375
  -184.469     0.376
  -184.369     0.378
  -184.270     0.380
  -184.170     0.380
  -184.071     0.379
  -183.971     0.379
  -183.871     0.384
  -183.772     0.385
  -183.672     0.391
  -183.573     0.396
  -183.473     0.397
  -183.373     0.397
  -183.274     0.398
  -183.174     0.397
  -183.075     0.397
  -182.975     0.398
  -182.875     0.394
  -182.776     0.392
  -182.676     0.388
  -182.576     0.378
  -182.477     0.376
  -182.377     0.376
  -182.278     0.377
  -182.178     0.376
  -182.078     0.377
  -181.979     0.377
  -181.879     0.377
  -181.780     0.375
  -181.680     0.376
  -181.580     0.377
  -181.481     0.377
  -181.381     0.376
  -181.282     0.377
  -181.182     0.376
  -181.082     0.377
  -180.983     0.377
  -180.883     0.380
  -180.784     0.379
  -180.684     0.380
  -180.584     0.380
  -180.485     0.379
  -180.385     0.378
  -180.285     0.380
  -180.186     0.379
  -180.086     0.377
  -179.987     0.377
  -179.887     0.378
  -179.787     0.379
  -179.688     0.380
  -179.588     0.380
  -179.489     0.381
  -179.389     0.381
  -179.289     0.380
  -179.190     0.379
  -179.090     0.379
  -178.990     0.378
  -178.891     0.378
  -178.791     0.379
  -178.692     0.378
  -178.592     0.378
  -178.493     0.378
  -178.393     0.378
  -178.293     0.379
  -178.194     0.381
  -178.094     0.381
  -177.994     0.382
  -177.895     0.382
  -177.795     0.385
  -177.696     0.390
  -177.596     0.396
  -177.496     0.397
  -177.397     0.400
  -177.297     0.398
  -177.198     0.400
  -177.098     0.399
  -176.998     0.398
  -176.899     0.398
  -176.799     0.394
  -176.700     0.392
  -176.600     0.381
  -176.500     0.377
  -176.401     0.377
  -176.301     0.378
  -176.201     0.379
  -176.102     0.380
  -176.002     0.384
  -175.903     0.388
  -175.803     0.394
  -175.703     0.398
  -175.604     0.398
  -175.504     0.399
  -175.405     0.398
  -175.305     0.397
  -175.205     0.397
  -175.106     0.393
  -175.006     0.392
  -174.907     0.382
  -174.807     0.379
  -174.707     0.377
  -174.608     0.376
  -174.508     0.378
  -174.409     0.379
  -174.309     0.382
  -174.209     0.382
  -174.110     0.384
  -174.010     0.385
  -173.910     0.388
  -173.811     0.394
  -173.711     0.399
  -173.612     0.399
  -173.512     0.400
  -173.412     0.399
  -173.313     0.399
  -173.213     0.399
  -173.114     0.398
  -173.014     0.396
  -172.914     0.393
  -172.815     0.391
  -172.715     0.383
  -172.615     0.378
  -172.516     0.378
  -172.416     0.378
  -172.317     0.378
  -172.217     0.378
  -172.118     0.378
  -172.018     0.380
  -171.918     0.378
  -171.819     0.381
  -171.719     0.380
  -171.619     0.380
  -171.520     0.381
  -171.420     0.380
  -171.321     0.380
  -171.221     0.381
  -171.121     0.381
  -171.022     0.381
  -170.922     0.380
  -170.823     0.382
  -170.723     0.381
  -170.623     0.382
  -170.524     0.380
  -170.424     0.380
  -170.325     0.381
  -170.225     0.383
  -170.125     0.384
  -170.026     0.384
  -169.926     0.386
  -169.826     0.385
  -169.727     0.384
  -169.627     0.387
  -169.528     0.385
  -169.428     0.385
  -169.328     0.386
  -169.229     0.385
  -169.129     0.383
  -169.030     0.382
  -168.930     0.381
  -168.830     0.381
  -168.731     0.381
  -168.631     0.382
  -168.532     0.384
  -168.432     0.383
  -168.332     0.385
  -168.233     0.383
  -168.133     0.383
  -168.034     0.381
  -167.934     0.381
  -167.834     0.381
  -167.735     0.382
  -167.635     0.385
  -167.535     0.386
  -167.436     0.387
  -167.336     0.387
  -167.237     0.388
  -167.137     0.391
  -167.037     0.396
  -166.938     0.400
  -166.838     0.403
  -166.739     0.403
  -166.639     0.403
  -166.539     0.402
  -166.440     0.399
  -166.340     0.398
  -166.240     0.393
  -166.141     0.384
  -166.041     0.383
  -165.942     0.381
  -165.842     0.381
  -165.743     0.381
  -165.643     0.382
  -165.543     0.382
  -165.444     0.382
  -165.344     0.383
  -165.244     0.382
  -165.145     0.382
  -165.045     0.382
  -164.946     0.383
  -164.846     0.382
  -164.746     0.384
  -164.647     0.387
  -164.547     0.387
  -164.448     0.389
  -164.348     0.390
  -164.248     0.396
  -164.149     0.402
  -164.049     0.403
  -163.950     0.404
  -163.850     0.404
  -163.750     0.403
  -163.651     0.403
  -163.551     0.402
  -163.451     0.397
  -163.352     0.394
  -163.252     0.387
  -163.153     0.384
  -163.053     0.383
  -162.953     0.383
  -162.854     0.383
  -162.754     0.382
  -162.655     0.384
  -162.555     0.383
  -162.455     0.383
  -162.356     0.383
  -162.256     0.384
  -162.157     0.383
  -162.057     0.384
  -161.957     0.385
  -161.858     0.384
  -161.758     0.386
  -161.659     0.385
  -161.559     0.384
  -161.459     0.384
  -161.360     0.385
  -161.260     0.385
  -161.160     0.383
  -161.061     0.384
  -160.961     0.385
  -160.862     0.386
  -160.762     0.387
  -160.662     0.388
  -160.563     0.389
  -160.463     0.392
  -160.364     0.392
  -160.264     0.401
  -160.164     0.404
  -160.065     0.404
  -159.965     0.405
  -159.865     0.406
  -159.766     0.404
  -159.666     0.404
  -159.567     0.403
  -159.467     0.400
  -159.368     0.395
  -159.268     0.387
  -159.168     0.384
  -159.069     0.384
  -158.969     0.383
  -158.869     0.385
  -158.770     0.383
  -158.670     0.384
  -158.571     0.386
  -158.471     0.387
  -158.371     0.388
  -158.272     0.389
  -158.172     0.390
  -158.073     0.390
  -157.973     0.393
  -157.873     0.395
  -157.774     0.400
  -157.674     0.404
  -157.575     0.406
  -157.475     0.404
  -157.375     0.405
  -157.276     0.404
  -157.176     0.404
  -157.076     0.402
  -156.977     0.400
  -156.877     0.396
  -156.778     0.386
  -156.678     0.385
  -156.578     0.383
  -156.479     0.384
  -156.379     0.384
  -156.280     0.384
  -156.180     0.383
  -156.080     0.385
  -155.981     0.386
  -155.881     0.387
  -155.782     0.389
  -155.682     0.390
  -155.582     0.393
  -155.483     0.399
  -155.383     0.405
  -155.284     0.406
  -155.184     0.407
  -155.084     0.408
  -154.985     0.408
  -154.885     0.407
  -154.785     0.406
  -154.686     0.404
  -154.586     0.400
  -154.487     0.392
  -154.387     0.387
  -154.287     0.387
  -154.188     0.385
  -154.088     0.384
  -153.989     0.386
  -153.889     0.387
  -153.789     0.387
  -153.690     0.386
  -153.590     0.387
  -153.490     0.386
  -153.391     0.387
  -153.291     0.386
  -153.192     0.387
  -153.092     0.388
  -152.993     0.387
  -152.893     0.388
  -152.793     0.388
  -152.694     0.390
  -152.594     0.390
  -152.494     0.392
  -152.395     0.393
  -152.295     0.392
  -152.196     0.390
  -152.096     0.389
  -151.996     0.389
  -151.897     0.387
  -151.797     0.387
  -151.698     0.387
  -151.598     0.388
  -151.498     0.388
  -151.399     0.390
  -151.299     0.388
  -151.200     0.389
  -151.100     0.387
  -151.000     0.388
  -150.901     0.389
  -150.801     0.388
  -150.701     0.390
  -150.602     0.391
  -150.502     0.392
  -150.403     0.392
  -150.303     0.391
  -150.203     0.392
  -150.104     0.394
  -150.004     0.392
  -149.905     0.391
  -149.805     0.390
  -149.705     0.388
  -149.606     0.387
  -149.506     0.387
  -149.407     0.389
  -149.307     0.391
  -149.207     0.393
  -149.108     0.393
  -149.008     0.396
  -148.909     0.400
  -148.809     0.404
  -148.709     0.409
  -148.610     0.409
  -148.510     0.410
  -148.410     0.408
  -148.311     0.405
  -148.211     0.401
  -148.112     0.394
  -148.012     0.390
  -147.912     0.388
  -147.813     0.389
  -147.713     0.388
  -147.614     0.388
  -147.514     0.387
  -147.414     0.389
  -147.315     0.389
  -147.215     0.390
  -147.115     0.390
  -147.016     0.391
  -146.916     0.391
  -146.817     0.392
  -146.717     0.392
  -146.618     0.392
  -146.518     0.392
  -146.418     0.392
  -146.319     0.392
  -146.219     0.389
  -146.119     0.388
  -146.020     0.388
  -145.920     0.389
  -145.821     0.391
  -145.721     0.391
  -145.621     0.394
  -145.522     0.397
  -145.422     0.398
  -145.323     0.404
  -145.223     0.408
  -145.123     0.410
  -145.024     0.411
  -144.924     0.410
  -144.825     0.410
  -144.725     0.408
  -144.625     0.407
  -144.526     0.407
  -144.426     0.405
  -144.326     0.401
  -144.227     0.394
  -144.127     0.390
  -144.028     0.390
  -143.928     0.389
  -143.828     0.390
  -143.729     0.391
  -143.629     0.391
  -143.530     0.390
  -143.430     0.390
  -143.330     0.389
  -143.231     0.390
  -143.131     0.390
  -143.032     0.391
  -142.932     0.393
  -142.832     0.393
  -142.733     0.393
  -142.633     0.394
  -142.534     0.395
  -142.434     0.395
  -142.334     0.395
  -142.235     0.395
  -142.135     0.396
  -142.035     0.396
  -141.936     0.396
  -141.836     0.396
  -141.737     0.394
  -141.637     0.392
  -141.537     0.390
  -141.438     0.390
  -141.338     0.392
  -141.239     0.391
  -141.139     0.392
  -141.039     0.392
  -140.940     0.393
  -140.840     0.392
  -140.740     0.393
  -140.641     0.392
  -140.541     0.392
  -140.442     0.393
  -140.342     0.393
  -140.243     0.393
  -140.143     0.394
  -140.043     0.393
  -139.944     0.392
  -139.844     0.393
  -139.744     0.393
  -139.645     0.393
  -139.545     0.393
  -139.446     0.394
  -139.346     0.394
  -139.246     0.395
  -139.147     0.396
  -139.047     0.396
  -138.948     0.395
  -138.848     0.394
  -138.748     0.393
  -138.649     0.392
  -138.549     0.393
  -138.450     0.393
  -138.350     0.392
  -138.250     0.392
  -138.151     0.394
  -138.051     0.395
  -137.951     0.395
  -137.852     0.395
  -137.752     0.394
  -137.653     0.394
  -137.553     0.394
  -137.453     0.393
  -137.354     0.394
  -137.254     0.392
  -137.155     0.392
  -137.055     0.393
  -136.955     0.393
  -136.856     0.394
  -136.756     0.394
  -136.657     0.394
  -136.557     0.396
  -136.457     0.397
  -136.358     0.397
  -136.258     0.398
  -136.159     0.399
  -136.059     0.400
  -135.959     0.400
  -135.860     0.401
  -135.760     0.404
  -135.660     0.407
  -135.561     0.412
  -135.461     0.414
  -135.362     0.414
  -135.262     0.414
  -135.162     0.413
  -135.063     0.412
  -134.963     0.409
  -134.864     0.408
  -134.764     0.401
  -134.664     0.394
  -134.565     0.393
  -134.465     0.393
  -134.365     0.393
  -134.266     0.393
  -134.166     0.393
  -134.067     0.393
  -133.967     0.394
  -133.868     0.394
  -133.768     0.396
  -133.668     0.396
  -133.569     0.398
  -133.469     0.396
  -133.369     0.396
  -133.270     0.394
  -133.170     0.394
  -133.071     0.393
  -132.971     0.395
  -132.871     0.397
  -132.772     0.396
  -132.672     0.396
  -132.573     0.396
  -132.473     0.395
  -132.373     0.394
  -132.274     0.394
  -132.174     0.394
  -132.075     0.395
  -131.975     0.394
  -131.875     0.395
  -131.776     0.395
  -131.676     0.396
  -131.576     0.395
  -131.477     0.395
  -131.377     0.395
  -131.278     0.396
  -131.178     0.396
  -131.078     0.396
  -130.979     0.397
  -130.879     0.397
  -130.780     0.396
  -130.680     0.396
  -130.580     0.396
  -130.481     0.396
  -130.381     0.395
  -130.282     0.396
  -130.182     0.395
  -130.082     0.395
  -129.983     0.396
  -129.883     0.397
  -129.784     0.399
  -129.684     0.400
  -129.584     0.404
  -129.485     0.405
  -129.385     0.412
  -129.285     0.414
  -129.186     0.417
  -129.086     0.418
  -128.987     0.418
  -128.887     0.418
  -128.787     0.418
  -128.688     0.415
  -128.588     0.414
  -128.489     0.412
  -128.389     0.405
  -128.289     0.399
  -128.190     0.397
  -128.090     0.397
  -127.990     0.396
  -127.891     0.397
  -127.791     0.397
  -127.692     0.398
  -127.592     0.398
  -127.493     0.399
  -127.393     0.401
  -127.293     0.400
  -127.194     0.401
  -127.094     0.401
  -126.994     0.402
  -126.895     0.401
  -126.795     0.401
  -126.696     0.400
  -126.596     0.398
  -126.496     0.397
  -126.397     0.395
  -126.297     0.395
  -126.198     0.396
  -126.098     0.397
  -125.998     0.399
  -125.899     0.400
  -125.799     0.402
  -125.700     0.405
  -125.600     0.410
  -125.500     0.415
  -125.401     0.417
  -125.301     0.417
  -125.201     0.416
  -125.102     0.417
  -125.002     0.416
  -124.903     0.414
  -124.803     0.411
  -124.703     0.408
  -124.604     0.400
  -124.504     0.398
  -124.405     0.396
  -124.305     0.396
  -124.205     0.397
  -124.106     0.396
  -124.006     0.396
  -123.907     0.397
  -123.807     0.399
  -123.707     0.400
  -123.608     0.401
  -123.508     0.402
  -123.409     0.404
  -123.309     0.405
  -123.209     0.406
  -123.110     0.411
  -123.010     0.416
  -122.910     0.419
  -122.811     0.418
  -122.711     0.418
  -122.612     0.417
  -122.512     0.416
  -122.412     0.415
  -122.313     0.413
  -122.213     0.408
  -122.114     0.402
  -122.014     0.397
  -121.914     0.396
  -121.815     0.397
  -121.715     0.397
  -121.615     0.398
  -121.516     0.398
  -121.416     0.399
  -121.317     0.399
  -121.217     0.399
  -121.118     0.400
  -121.018     0.399
  -120.918     0.397
  -120.819     0.400
  -120.719     0.398
  -120.619     0.400
  -120.520     0.400
  -120.420     0.402
  -120.321     0.402
  -120.221     0.404
  -120.121     0.403
  -120.022     0.405
  -119.922     0.406
  -119.823     0.407
  -119.723     0.409
  -119.623     0.415
  -119.524     0.418
  -119.424     0.419
  -119.325     0.419
  -119.225     0.421
  -119.125     0.420
  -119.026     0.419
  -118.926     0.418
  -118.826     0.416
  -118.727     0.416
  -118.627     0.413
  -118.528     0.406
  -118.428     0.401
  -118.328     0.397
  -118.229     0.398
  -118.129     0.398
  -118.030     0.398
  -117.930     0.398
  -117.830     0.398
  -117.731     0.399
  -117.631     0.399
  -117.532     0.399
  -117.432     0.400
  -117.332     0.399
  -117.233     0.399
  -117.133     0.401
  -117.034     0.402
  -116.934     0.402
  -116.834     0.404
  -116.735     0.404
  -116.635     0.403
  -116.535     0.401
  -116.436     0.402
  -116.336     0.400
  -116.237     0.401
  -116.137     0.401
  -116.037     0.401
  -115.938     0.402
  -115.838     0.402
  -115.739     0.402
  -115.639     0.402
  -115.539     0.401
  -115.440     0.402
  -115.340     0.402
  -115.240     0.402
  -115.141     0.402
  -115.041     0.402
  -114.942     0.403
  -114.842     0.403
  -114.743     0.405
  -114.643     0.406
  -114.543     0.406
  -114.444     0.410
  -114.344     0.413
  -114.244     0.420
  -114.145     0.424
  -114.045     0.424
  -113.946     0.425
  -113.846     0.423
  -113.746     0.424
  -113.647     0.422
  -113.547     0.420
  -113.448     0.415
  -113.348     0.406
  -113.248     0.402
  -113.149     0.401
  -113.049     0.402
  -112.950     0.401
  -112.850     0.402
  -112.750     0.402
  -112.651     0.400
  -112.551     0.400
  -112.451     0.401
  -112.352     0.403
  -112.252     0.403
  -112.153     0.404
  -112.053     0.405
  -111.953     0.408
  -111.854     0.414
  -111.754     0.420
  -111.655     0.421
  -111.555     0.423
  -111.455     0.424
  -111.356     0.423
  -111.256     0.422
  -111.157     0.421
  -111.057     0.419
  -110.957     0.416
  -110.858     0.407
  -110.758     0.403
  -110.659     0.401
  -110.559     0.402
  -110.459     0.401
  -110.360     0.402
  -110.260     0.405
  -110.160     0.404
  -110.061     0.405
  -109.961     0.406
  -109.862     0.407
  -109.762     0.408
  -109.662     0.411
  -109.563     0.413
  -109.463     0.419
  -109.364     0.422
  -109.264     0.423
  -109.164     0.423
  -109.065     0.424
  -108.965     0.422
  -108.865     0.420
  -108.766     0.418
  -108.666     0.410
  -108.567     0.402
  -108.467     0.401
  -108.368     0.402
  -108.268     0.403
  -108.168     0.404
  -108.069     0.405
  -107.969     0.404
  -107.869     0.403
  -107.770     0.404
  -107.670     0.402
  -107.571     0.403
  -107.471     0.404
  -107.371     0.404
  -107.272     0.407
  -107.172     0.406
  -107.073     0.407
  -106.973     0.407
  -106.873     0.406
  -106.774     0.406
  -106.674     0.408
  -106.575     0.405
  -106.475     0.404
  -106.375     0.404
  -106.276     0.405
  -106.176     0.404
  -106.076     0.404
  -105.977     0.403
  -105.877     0.405
  -105.778     0.405
  -105.678     0.405
  -105.578     0.406
  -105.479     0.406
  -105.379     0.407
  -105.280     0.406
  -105.180     0.405
  -105.080     0.405
  -104.981     0.404
  -104.881     0.405
  -104.782     0.405
  -104.682     0.406
  -104.582     0.406
  -104.483     0.405
  -104.383     0.406
  -104.284     0.406
  -104.184     0.406
  -104.084     0.406
  -103.985     0.405
  -103.885     0.406
  -103.785     0.405
  -103.686     0.405
  -103.586     0.406
  -103.487     0.405
  -103.387     0.404
  -103.287     0.405
  -103.188     0.406
  -103.088     0.407
  -102.989     0.410
  -102.889     0.411
  -102.789     0.413
  -102.690     0.416
  -102.590     0.423
  -102.490     0.427
  -102.391     0.428
  -102.291     0.428
  -102.192     0.428
  -102.092     0.427
  -101.993     0.424
  -101.893     0.422
  -101.793     0.420
  -101.694     0.413
  -101.594     0.409
  -101.494     0.407
  -101.395     0.407
  -101.295     0.407
  -101.196     0.406
  -101.096     0.407
  -100.996     0.407
  -100.897     0.407
  -100.797     0.406
  -100.698     0.407
  -100.598     0.408
  -100.498     0.410
  -100.399     0.412
  -100.299     0.414
  -100.200     0.420
  -100.100     0.426
  -100.000     0.427
   -99.901     0.428
   -99.801     0.429
   -99.701     0.427
   -99.602     0.427
   -99.502     0.424
   -99.403     0.422
   -99.303     0.418
   -99.203     0.412
   -99.104     0.409
   -99.004     0.410
   -98.905     0.406
   -98.805     0.407
   -98.705     0.408
   -98.606     0.408
   -98.506     0.408
   -98.407     0.409
   -98.307     0.409
   -98.207     0.409
   -98.108     0.409
   -98.008     0.409
   -97.909     0.408
   -97.809     0.407
   -97.709     0.407
   -97.610     0.408
   -97.510     0.407
   -97.410     0.408
   -97.311     0.409
   -97.211     0.410
   -97.112     0.410
   -97.012     0.411
   -96.912     0.411
   -96.813     0.411
   -96.713     0.410
   -96.614     0.409
   -96.514     0.409
   -96.414     0.409
   -96.315     0.408
   -96.215     0.408
   -96.115     0.410
   -96.016     0.411
   -95.916     0.413
   -95.817     0.415
   -95.717     0.416
   -95.618     0.419
   -95.518     0.424
   -95.418     0.429
   -95.319     0.429
   -95.219     0.429
   -95.119     0.430
   -95.020     0.431
   -94.920     0.429
   -94.821     0.428
   -94.721     0.428
   -94.621     0.426
   -94.522     0.422
   -94.422     0.415
   -94.323     0.410
   -94.223     0.408
   -94.123     0.407
   -94.024     0.407
   -93.924     0.406
   -93.825     0.408
   -93.725     0.408
   -93.625     0.410
   -93.526     0.411
   -93.426     0.412
   -93.326     0.415
   -93.227     0.416
   -93.127     0.423
   -93.028     0.427
   -92.928     0.430
   -92.828     0.431
   -92.729     0.429
   -92.629     0.428
   -92.530     0.426
   -92.430     0.421
   -92.330     0.415
   -92.231     0.410
   -92.131     0.409
   -92.032     0.409
   -91.932     0.409
   -91.832     0.409
   -91.733     0.411
   -91.633     0.411
   -91.534     0.412
   -91.434     0.412
   -91.334     0.414
   -91.235     0.414
   -91.135     0.414
   -91.035     0.414
   -90.936     0.413
   -90.836     0.412
   -90.737     0.409
   -90.637     0.410
   -90.537     0.410
   -90.438     0.410
   -90.338     0.410
   -90.239     0.409
   -90.139     0.410
   -90.039     0.411
   -89.940     0.412
   -89.840     0.412
   -89.740     0.414
   -89.641     0.414
   -89.541     0.414
   -89.442     0.415
   -89.342     0.415
   -89.243     0.415
   -89.143     0.415
   -89.043     0.416
   -88.944     0.415
   -88.844     0.415
   -88.744     0.416
   -88.645     0.415
   -88.545     0.413
   -88.446     0.413
   -88.346     0.412
   -88.246     0.412
   -88.147     0.411
   -88.047     0.412
   -87.948     0.413
   -87.848     0.411
   -87.748     0.411
   -87.649     0.412
   -87.549     0.414
   -87.450     0.415
   -87.350     0.414
   -87.250     0.415
   -87.151     0.415
   -87.051     0.416
   -86.951     0.415
   -86.852     0.415
   -86.752     0.415
   -86.653     0.415
   -86.553     0.412
   -86.453     0.412
   -86.354     0.412
   -86.254     0.412
   -86.155     0.411
   -86.055     0.411
   -85.955     0.411
   -85.856     0.411
   -85.756     0.413
   -85.657     0.414
   -85.557     0.416
   -85.457     0.418
   -85.358     0.421
   -85.258     0.429
   -85.159     0.431
   -85.059     0.432
   -84.959     0.433
   -84.860     0.432
   -84.760     0.431
   -84.660     0.428
   -84.561     0.424
   -84.461     0.417
   -84.362     0.414
   -84.262     0.414
   -84.162     0.411
   -84.063     0.413
   -83.963     0.414
   -83.864     0.415
   -83.764     0.415
   -83.664     0.417
   -83.565     0.418
   -83.465     0.419
   -83.365     0.421
   -83.266     0.423
   -83.166     0.431
   -83.067     0.433
   -82.967     0.433
   -82.868     0.434
   -82.768     0.433
   -82.668     0.433
   -82.569     0.431
   -82.469     0.427
   -82.369     0.422
   -82.270     0.414
   -82.170     0.412
   -82.071     0.412
   -81.971     0.413
   -81.871     0.415
   -81.772     0.417
   -81.672     0.418
   -81.573     0.421
   -81.473     0.427
   -81.373     0.432
   -81.274     0.434
   -81.174     0.434
   -81.075     0.434
   -80.975     0.433
   -80.875     0.432
   -80.776     0.429
   -80.676     0.424
   -80.576     0.417
   -80.477     0.413
   -80.377     0.412
   -80.278     0.411
   -80.178     0.411
   -80.078     0.413
   -79.979     0.412
   -79.879     0.413
   -79.780     0.413
   -79.680     0.414
   -79.580     0.414
   -79.481     0.414
   -79.381     0.415
   -79.282     0.415
   -79.182     0.417
   -79.082     0.417
   -78.983     0.417
   -78.883     0.416
   -78.784     0.415
   -78.684     0.415
   -78.584     0.416
   -78.485     0.418
   -78.385     0.418
   -78.285     0.418
   -78.186     0.421
   -78.086     0.419
   -77.987     0.418
   -77.887     0.418
   -77.787     0.419
   -77.688     0.418
   -77.588     0.418
   -77.489     0.416
   -77.389     0.416
   -77.289     0.417
   -77.190     0.419
   -77.090     0.421
   -76.990     0.422
   -76.891     0.425
   -76.791     0.425
   -76.692     0.433
   -76.592     0.436
   -76.493     0.438
   -76.393     0.438
   -76.293     0.437
   -76.194     0.437
   -76.094     0.436
   -75.994     0.433
   -75.895     0.430
   -75.795     0.422
   -75.696     0.417
   -75.596     0.415
   -75.496     0.416
   -75.397     0.416
   -75.297     0.415
   -75.198     0.417
   -75.098     0.417
   -74.998     0.418
   -74.899     0.418
   -74.799     0.417
   -74.700     0.418
   -74.600     0.416
   -74.500     0.418
   -74.401     0.418
   -74.301     0.418
   -74.201     0.420
   -74.102     0.417
   -74.002     0.418
   -73.903     0.418
   -73.803     0.418
   -73.703     0.420
   -73.604     0.420
   -73.504     0.420
   -73.405     0.421
   -73.305     0.423
   -73.205     0.424
   -73.106     0.426
   -73.006     0.431
   -72.907     0.436
   -72.807     0.439
   -72.707     0.441
   -72.608     0.439
   -72.508     0.437
   -72.409     0.435
   -72.309     0.431
   -72.209     0.424
   -72.110     0.419
   -72.010     0.417
   -71.910     0.418
   -71.811     0.417
   -71.711     0.419
   -71.612     0.420
   -71.512     0.419
   -71.412     0.419
   -71.313     0.420
   -71.213     0.421
   -71.114     0.419
   -71.014     0.418
   -70.914     0.418
   -70.815     0.420
   -70.715     0.420
   -70.615     0.422
   -70.516     0.421
   -70.416     0.421
   -70.317     0.421
   -70.217     0.420
   -70.118     0.419
   -70.018     0.420
   -69.918     0.420
   -69.819     0.420
   -69.719     0.421
   -69.619     0.422
   -69.520     0.422
   -69.420     0.421
   -69.321     0.421
   -69.221     0.421
   -69.121     0.422
   -69.022     0.421
   -68.922     0.418
   -68.823     0.418
   -68.723     0.418
   -68.623     0.420
   -68.524     0.423
   -68.424     0.422
   -68.325     0.424
   -68.225     0.425
   -68.125     0.428
   -68.026     0.436
   -67.926     0.439
   -67.826     0.440
   -67.727     0.440
   -67.627     0.440
   -67.528     0.439
   -67.428     0.437
   -67.328     0.436
   -67.229     0.432
   -67.129     0.427
   -67.030     0.422
   -66.930     0.419
   -66.830     0.418
   -66.731     0.419
   -66.631     0.419
   -66.532     0.420
   -66.432     0.422
   -66.332     0.423
   -66.233     0.425
   -66.133     0.428
   -66.034     0.428
   -65.934     0.432
   -65.834     0.438
   -65.735     0.440
   -65.635     0.441
   -65.535     0.441
   -65.436     0.439
   -65.336     0.437
   -65.237     0.435
   -65.137     0.430
   -65.037     0.423
   -64.938     0.421
   -64.838     0.419
   -64.739     0.420
   -64.639     0.419
   -64.539     0.419
   -64.440     0.419
   -64.340     0.419
   -64.240     0.420
   -64.141     0.421
   -64.041     0.421
   -63.942     0.420
   -63.842     0.420
   -63.743     0.421
   -63.643     0.422
   -63.543     0.423
   -63.444     0.426
   -63.344     0.428
   -63.244     0.431
   -63.145     0.439
   -63.045     0.440
   -62.946     0.442
   -62.846     0.443
   -62.746     0.441
   -62.647     0.443
   -62.547     0.440
   -62.448     0.440
   -62.348     0.438
   -62.248     0.436
   -62.149     0.431
   -62.049     0.425
   -61.950     0.423
   -61.850     0.421
   -61.750     0.421
   -61.651     0.421
   -61.551     0.422
   -61.451     0.423
   -61.352     0.424
   -61.252     0.425
   -61.153     0.428
   -61.053     0.429
   -60.953     0.433
   -60.854     0.438
   -60.754     0.440
   -60.655     0.443
   -60.555     0.443
   -60.455     0.443
   -60.356     0.443
   -60.256     0.442
   -60.157     0.441
   -60.057     0.440
   -59.957     0.439
   -59.858     0.435
   -59.758     0.431
   -59.659     0.424
   -59.559     0.422
   -59.459     0.422
   -59.360     0.421
   -59.260     0.422
   -59.160     0.423
   -59.061     0.426
   -58.961     0.427
   -58.862     0.427
   -58.762     0.427
   -58.662     0.427
   -58.563     0.427
   -58.463     0.424
   -58.364     0.423
   -58.264     0.423
   -58.164     0.422
   -58.065     0.422
   -57.965     0.424
   -57.865     0.424
   -57.766     0.424
   -57.666     0.426
   -57.567     0.426
   -57.467     0.427
   -57.368     0.427
   -57.268     0.427
   -57.168     0.426
   -57.069     0.425
   -56.969     0.424
   -56.869     0.425
   -56.770     0.425
   -56.670     0.427
   -56.571     0.425
   -56.471     0.427
   -56.371     0.429
   -56.272     0.429
   -56.172     0.428
   -56.073     0.427
   -55.973     0.426
   -55.873     0.426
   -55.774     0.426
   -55.674     0.424
   -55.575     0.425
   -55.475     0.426
   -55.375     0.429
   -55.276     0.429
   -55.176     0.430
   -55.076     0.431
   -54.977     0.431
   -54.877     0.429
   -54.778     0.430
   -54.678     0.427
   -54.578     0.427
   -54.479     0.427
   -54.379     0.427
   -54.280     0.426
   -54.180     0.426
   -54.080     0.427
   -53.981     0.426
   -53.881     0.427
   -53.782     0.426
   -53.682     0.425
   -53.582     0.426
   -53.483     0.425
   -53.383     0.426
   -53.284     0.426
   -53.184     0.424
   -53.084     0.427
   -52.985     0.427
   -52.885     0.431
   -52.785     0.431
   -52.686     0.432
   -52.586     0.438
   -52.487     0.443
   -52.387     0.447
   -52.287     0.446
   -52.188     0.447
   -52.088     0.445
   -51.989     0.444
   -51.889     0.443
   -51.789     0.439
   -51.690     0.432
   -51.590     0.426
   -51.490     0.425
   -51.391     0.427
   -51.291     0.426
   -51.192     0.425
   -51.092     0.427
   -50.993     0.427
   -50.893     0.427
   -50.793     0.429
   -50.694     0.428
   -50.594     0.429
   -50.494     0.430
   -50.395     0.431
   -50.295     0.430
   -50.196     0.430
   -50.096     0.428
   -49.996     0.430
   -49.897     0.430
   -49.797     0.431
   -49.698     0.429
   -49.598     0.429
   -49.498     0.431
   -49.399     0.431
   -49.299     0.428
   -49.200     0.430
   -49.100     0.430
   -49.000     0.431
   -48.901     0.432
   -48.801     0.432
   -48.701     0.432
   -48.602     0.432
   -48.502     0.430
   -48.403     0.430
   -48.303     0.430
   -48.203     0.431
   -48.104     0.428
   -48.004     0.429
   -47.905     0.430
   -47.805     0.429
   -47.705     0.428
   -47.606     0.429
   -47.506     0.429
   -47.407     0.429
   -47.307     0.431
   -47.207     0.431
   -47.108     0.432
   -47.008     0.431
   -46.909     0.431
   -46.809     0.430
   -46.709     0.430
   -46.610     0.429
   -46.510     0.430
   -46.410     0.431
   -46.311     0.432
   -46.211     0.433
   -46.112     0.431
   -46.012     0.433
   -45.912     0.431
   -45.813     0.431
   -45.713     0.429
   -45.614     0.428
   -45.514     0.430
   -45.414     0.428
   -45.315     0.430
   -45.215     0.431
   -45.115     0.430
   -45.016     0.431
   -44.916     0.432
   -44.817     0.434
   -44.717     0.433
   -44.618     0.433
   -44.518     0.433
   -44.418     0.433
   -44.319     0.434
   -44.219     0.433
   -44.119     0.432
   -44.020     0.430
   -43.920     0.431
   -43.821     0.432
   -43.721     0.431
   -43.621     0.431
   -43.522     0.429
   -43.422     0.431
   -43.323     0.430
   -43.223     0.431
   -43.123     0.431
   -43.024     0.430
   -42.924     0.432
   -42.825     0.433
   -42.725     0.434
   -42.625     0.435
   -42.526     0.437
   -42.426     0.442
   -42.326     0.448
   -42.227     0.450
   -42.127     0.452
   -42.028     0.451
   -41.928     0.452
   -41.828     0.452
   -41.729     0.449
   -41.629     0.445
   -41.530     0.439
   -41.430     0.432
   -41.330     0.431
   -41.231     0.432
   -41.131     0.432
   -41.032     0.432
   -40.932     0.431
   -40.832     0.431
   -40.733     0.430
   -40.633     0.432
   -40.534     0.433
   -40.434     0.435
   -40.334     0.434
   -40.235     0.437
   -40.135     0.439
   -40.035     0.438
   -39.936     0.440
   -39.836     0.442
   -39.737     0.445
   -39.637     0.450
   -39.537     0.451
   -39.438     0.449
   -39.338     0.450
   -39.239     0.449
   -39.139     0.449
   -39.039     0.450
   -38.940     0.448
   -38.840     0.449
   -38.740     0.448
   -38.641     0.446
   -38.541     0.442
   -38.442     0.436
   -38.342     0.432
   -38.243     0.432
   -38.143     0.432
   -38.043     0.433
   -37.944     0.431
   -37.844     0.431
   -37.744     0.432
   -37.645     0.433
   -37.545     0.435
   -37.446     0.436
   -37.346     0.438
   -37.246     0.439
   -37.147     0.439
   -37.047     0.439
   -36.948     0.440
   -36.848     0.439
   -36.748     0.439
   -36.649     0.437
   -36.549     0.435
   -36.450     0.435
   -36.350     0.433
   -36.250     0.432
   -36.151     0.432
   -36.051     0.434
   -35.951     0.434
   -35.852     0.435
   -35.752     0.436
   -35.653     0.435
   -35.553     0.434
   -35.453     0.435
   -35.354     0.436
   -35.254     0.434
   -35.155     0.435
   -35.055     0.438
   -34.955     0.436
   -34.856     0.437
   -34.756     0.438
   -34.657     0.439
   -34.557     0.440
   -34.457     0.439
   -34.358     0.438
   -34.258     0.435
   -34.159     0.435
   -34.059     0.433
   -33.959     0.435
   -33.860     0.435
   -33.760     0.435
   -33.660     0.437
   -33.561     0.436
   -33.461     0.437
   -33.362     0.435
   -33.262     0.437
   -33.162     0.434
   -33.063     0.434
   -32.963     0.437
   -32.864     0.438
   -32.764     0.441
   -32.664     0.443
   -32.565     0.451
   -32.465     0.454
   -32.365     0.455
   -32.266     0.455
   -32.166     0.455
   -32.067     0.456
   -31.967     0.455
   -31.868     0.455
   -31.768     0.454
   -31.668     0.450
   -31.569     0.447
   -31.469     0.438
   -31.369     0.436
   -31.270     0.435
   -31.170     0.435
   -31.071     0.437
   -30.971     0.436
   -30.871     0.438
   -30.772     0.438
   -30.672     0.438
   -30.573     0.441
   -30.473     0.440
   -30.373     0.441
   -30.274     0.441
   -30.174     0.440
   -30.075     0.438
   -29.975     0.438
   -29.875     0.437
   -29.776     0.436
   -29.676     0.438
   -29.576     0.438
   -29.477     0.437
   -29.377     0.438
   -29.278     0.437
   -29.178     0.436
   -29.078     0.437
   -28.979     0.442
   -28.879     0.445
   -28.780     0.451
   -28.680     0.455
   -28.580     0.456
   -28.481     0.456
   -28.381     0.455
   -28.282     0.455
   -28.182     0.454
   -28.082     0.451
   -27.983     0.450
   -27.883     0.446
   -27.784     0.438
   -27.684     0.438
   -27.584     0.436
   -27.485     0.437
   -27.385     0.438
   -27.285     0.437
   -27.186     0.439
   -27.086     0.439
   -26.987     0.438
   -26.887     0.438
   -26.787     0.439
   -26.688     0.438
   -26.588     0.439
   -26.489     0.439
   -26.389     0.439
   -26.289     0.440
   -26.190     0.440
   -26.090     0.440
   -25.990     0.437
   -25.891     0.439
   -25.791     0.441
   -25.692     0.440
   -25.592     0.441
   -25.493     0.441
   -25.393     0.441
   -25.293     0.443
   -25.194     0.445
   -25.094     0.446
   -24.994     0.447
   -24.895     0.447
   -24.795     0.448
   -24.696     0.448
   -24.596     0.449
   -24.496     0.449
   -24.397     0.449
   -24.297     0.446
   -24.198     0.447
   -24.098     0.446
   -23.998     0.446
   -23.899     0.443
   -23.799     0.442
   -23.700     0.439
   -23.600     0.438
   -23.500     0.438
   -23.401     0.439
   -23.301     0.439
   -23.201     0.441
   -23.102     0.440
   -23.002     0.441
   -22.903     0.440
   -22.803     0.441
   -22.703     0.439
   -22.604     0.439
   -22.504     0.441
   -22.405     0.440
   -22.305     0.442
   -22.205     0.441
   -22.106     0.441
   -22.006     0.440
   -21.907     0.441
   -21.807     0.441
   -21.707     0.442
   -21.608     0.442
   -21.508     0.441
   -21.409     0.443
   -21.309     0.444
   -21.209     0.444
   -21.110     0.443
   -21.010     0.443
   -20.910     0.442
   -20.811     0.442
   -20.711     0.443
   -20.612     0.444
   -20.512     0.446
   -20.412     0.449
   -20.313     0.453
   -20.213     0.459
   -20.114     0.461
   -20.014     0.462
   -19.914     0.463
   -19.815     0.462
   -19.715     0.461
   -19.615     0.459
   -19.516     0.457
   -19.416     0.453
   -19.317     0.445
   -19.217     0.443
   -19.118     0.441
   -19.018     0.443
   -18.918     0.442
   -18.819     0.443
   -18.719     0.443
   -18.619     0.443
   -18.520     0.443
   -18.420     0.445
   -18.321     0.445
   -18.221     0.446
   -18.121     0.446
   -18.022     0.447
   -17.922     0.449
   -17.823     0.449
   -17.723     0.449
   -17.623     0.449
   -17.524     0.450
   -17.424     0.450
   -17.325     0.452
   -17.225     0.452
   -17.125     0.451
   -17.026     0.451
   -16.926     0.452
   -16.826     0.451
   -16.727     0.450
   -16.627     0.449
   -16.528     0.448
   -16.428     0.445
   -16.328     0.443
   -16.229     0.443
   -16.129     0.443
   -16.030     0.442
   -15.930     0.444
   -15.830     0.443
   -15.731     0.443
   -15.631     0.443
   -15.532     0.443
   -15.432     0.443
   -15.332     0.443
   -15.233     0.444
   -15.133     0.442
   -15.034     0.442
   -14.934     0.442
   -14.834     0.443
   -14.735     0.444
   -14.635     0.445
   -14.535     0.448
   -14.436     0.450
   -14.336     0.454
   -14.237     0.461
   -14.137     0.464
   -14.037     0.463
   -13.938     0.464
   -13.838     0.463
   -13.739     0.463
   -13.639     0.463
   -13.539     0.460
   -13.440     0.458
   -13.340     0.455
   -13.240     0.447
   -13.141     0.445
   -13.041     0.444
   -12.942     0.445
   -12.842     0.444
   -12.743     0.445
   -12.643     0.444
   -12.543     0.444
   -12.444     0.445
   -12.344     0.444
   -12.244     0.445
   -12.145     0.444
   -12.045     0.446
   -11.946     0.446
   -11.846     0.444
   -11.746     0.445
   -11.647     0.445
   -11.547     0.446
   -11.448     0.447
   -11.348     0.448
   -11.248     0.449
   -11.149     0.450
   -11.049     0.450
   -10.950     0.451
   -10.850     0.452
   -10.750     0.454
   -10.651     0.455
   -10.551     0.456
   -10.451     0.461
   -10.352     0.464
   -10.252     0.465
   -10.153     0.464
   -10.053     0.465
    -9.953     0.465
    -9.854     0.465
    -9.754     0.463
    -9.655     0.462
    -9.555     0.459
    -9.455     0.455
    -9.356     0.448
    -9.256     0.446
    -9.157     0.445
    -9.057     0.445
    -8.957     0.446
    -8.858     0.447
    -8.758     0.448
    -8.659     0.447
    -8.559     0.448
    -8.459     0.449
    -8.360     0.449
    -8.260     0.449
    -8.160     0.450
    -8.061     0.450
    -7.961     0.452
    -7.862     0.453
    -7.762     0.453
    -7.662     0.453
    -7.563     0.453
    -7.463     0.452
    -7.364     0.453
    -7.264     0.452
    -7.164     0.449
    -7.065     0.448
    -6.965     0.447
    -6.865     0.449
    -6.766     0.447
    -6.666     0.448
    -6.567     0.448
    -6.467     0.447
    -6.368     0.449
    -6.268     0.449
    -6.168     0.448
    -6.069     0.448
    -5.969     0.448
    -5.869     0.450
    -5.770     0.450
    -5.670     0.451
    -5.571     0.450
    -5.471     0.449
    -5.371     0.452
    -5.272     0.452
    -5.172     0.453
    -5.073     0.453
    -4.973     0.455
    -4.873     0.456
    -4.774     0.455
    -4.674     0.456
    -4.575     0.454
    -4.475     0.452
    -4.375     0.450
    -4.276     0.448
    -4.176     0.448
    -4.076     0.450
    -3.977     0.449
    -3.877     0.449
    -3.778     0.451
    -3.678     0.450
    -3.578     0.449
    -3.479     0.448
    -3.379     0.450
    -3.280     0.452
    -3.180     0.453
    -3.080     0.455
    -2.981     0.454
    -2.881     0.455
    -2.782     0.454
    -2.682     0.456
    -2.582     0.456
    -2.483     0.455
    -2.383     0.456
    -2.284     0.455
    -2.184     0.454
    -2.084     0.454
    -1.985     0.452
    -1.885     0.450
    -1.785     0.448
    -1.686     0.450
    -1.586     0.449
    -1.487     0.449
    -1.387     0.450
    -1.287     0.449
    -1.188     0.450
    -1.088     0.451
    -0.989     0.451
    -0.889     0.453
    -0.789     0.455
    -0.690     0.457
    -0.590     0.459
    -0.490     0.464
    -0.391     0.468
    -0.291     0.468
    -0.192     0.468
    -0.092     0.468
